bootstrap_iteration,sampled_query_count,evaluated_positive_query_draws,precision_at_5_gain,recall_at_5_gain,ndcg_at_5_gain,precision_at_10_gain,recall_at_10_gain,ndcg_at_10_gain
1,2748,2317,0.009840310746655154,0.00037799452338947807,0.010682121259290429,0.004229607250755286,0.0008335632203098659,0.006650996540247453
2,2748,2315,0.015550755939524834,0.002629153311288017,0.013789483070948167,0.005356371490280776,0.0009020201404504643,0.007699324385338446
3,2748,2281,0.010697062691801838,0.001090464247119854,0.009365652301247024,0.00420868040333187,0.00024596051209750105,0.005656948440750887
4,2748,2341,0.0158052114480991,0.002559156686881769,0.013169999976985692,0.006663818880820161,0.0011367792510088204,0.00800231230553372
5,2748,2317,0.012084592145015102,0.0018284086914844974,0.011288528517264711,0.00414328873543375,0.00020354366090703059,0.006383872084239267
6,2748,2317,0.018385843763487265,0.004246994930049142,0.015247905596399557,0.006042296072507551,0.0012919258560627894,0.008115187011287786
7,2748,2296,0.013588850174216023,0.0020713061501517792,0.01219958180063705,0.005052264808362367,1.1521687876807791e-05,0.007138018049815893
8,2748,2309,0.011606756171502811,0.0014623157013123566,0.011197392082241802,0.004157644001732349,-0.0006137624025744791,0.006442568867089506
9,2748,2338,0.013259195893926429,0.0016557575093107972,0.01338285150921392,0.005389221556886226,0.00010607428345472006,0.008193913423008962
10,2748,2280,0.009298245614035085,0.0011664269885138033,0.0076463649330457475,0.005964912280701752,0.0007538841035899347,0.006208737463115366
11,2748,2316,0.016062176165803105,0.00235665415805912,0.015420763543483805,0.006735751295336785,0.0007845654507044494,0.009392024292008807
12,2748,2301,0.018861364624076483,0.00402024449929129,0.014493851824693732,0.0059539330725771385,0.000667675736648077,0.007258133661424497
13,2748,2294,0.01412380122057541,0.0023691708294319813,0.011939616686900922,0.0060592850915431535,0.0007999015647713926,0.007343805836664575
14,2748,2320,0.012844827586206893,0.002411257507168524,0.011033313914273903,0.005258620689655171,0.0006665350116186329,0.006865769150345277
15,2748,2288,0.012937062937062937,0.0023198431559922927,0.011904545781182259,0.005550699300699299,0.0007136795597841566,0.007305521594961854
16,2748,2299,0.011483253588516745,0.0017330219624310842,0.009684394565396085,0.005002174858634187,0.0006391749888034292,0.0062406998625606155
17,2748,2313,0.012364894076956331,0.00137409804136301,0.012453833599949185,0.005490704712494594,0.00014194893113127083,0.007894221777063382
18,2748,2317,0.012688821752265857,0.0019781506020114656,0.011908914078050456,0.004747518342684503,-6.963638089631252e-05,0.00705413415596054
19,2748,2345,0.013049040511727075,0.0014374556091259266,0.013162011027847554,0.0074200426439232385,0.0008092572265570463,0.00942885871040197
20,2748,2326,0.014445399828030952,0.002348332167291568,0.012028394050186469,0.00460017196904557,-0.00025444867793999033,0.006281933842672988
21,2748,2299,0.014615050021748583,0.0024988154903679404,0.013634706032149205,0.006568073075250106,0.0010885486120242828,0.008595064225358296
22,2748,2319,0.012419146183699869,0.00195840140585691,0.010332909671679314,0.005260888313928414,0.00048765441826713676,0.00625226809526109
23,2748,2287,0.013467424573677306,0.002160201758104197,0.012162157230654908,0.004022737210319194,-4.435269274714658e-05,0.006474459986957404
24,2748,2285,0.015054704595185991,0.0025930902975989044,0.014210477676773798,0.0056455142231947465,0.000791149888620112,0.008226199714550209
25,2748,2317,0.016141562365127315,0.002928692916441756,0.012899962809158368,0.0059991368148467825,0.0011863110843215287,0.007565511336742557
26,2748,2307,0.015951452102297353,0.0031598683517890997,0.013611164603279604,0.005851755526657994,-0.00011739115526498802,0.007681112672063625
27,2748,2311,0.01401990480311553,0.0021138028130647593,0.0138757189195591,0.005106014712245779,0.0004265889729782003,0.007878118233559734
28,2748,2302,0.0104257167680278,0.001099647787555523,0.009664502645847832,0.004039965247610771,-0.00029840456691444963,0.005681768811451532
29,2748,2301,0.014341590612777053,0.002996736822194811,0.011610003933755901,0.007779226423294218,0.0010799819380684155,0.008225597200766635
30,2748,2333,0.009858551221603083,0.001241939240856634,0.00802665311765333,0.003129018431204456,-0.00037243671770378716,0.004188520467744268
31,2748,2294,0.01229293809938971,0.0021066851895291928,0.011418871660387079,0.003923278116826502,-0.00011091918548875149,0.006264097626123887
32,2748,2315,0.013650107991360688,0.001688121308337345,0.01097551524821303,0.0063066954643628504,0.0006422689314428837,0.007124761278320245
33,2748,2291,0.013705805325185507,0.002316751744126458,0.01278402241340968,0.0027498908773461355,-0.0005885701131357817,0.005644247299225977
34,2748,2274,0.011697449428320138,0.0015209875770681423,0.010021130208304944,0.005848724714160069,-0.00024300450688328148,0.006887495883963332
35,2748,2319,0.011297973264338075,0.0009623597512523278,0.010343278166175144,0.004269081500646829,-0.0005875150516271056,0.006123008538491769
36,2748,2281,0.013853572994300742,0.0018054776753417552,0.013364574672948801,0.005743095133713282,0.00017424470828515838,0.008202696716188127
37,2748,2308,0.0169844020797227,0.004114550785078959,0.014982441472191962,0.004679376083188907,-0.0004223280961365,0.007538220259571139
38,2748,2288,0.012062937062937061,0.001614857046071069,0.012495987487992731,0.0049825174825174805,0.0004924214584145428,0.007749002745553018
39,2748,2335,0.012505353319057812,0.0013342153005753447,0.01058450905240583,0.003982869379014987,-0.0004602086399006615,0.005673607398812324
40,2748,2372,0.015008431703204045,0.0026850068075974206,0.014313313048293742,0.006492411467116354,0.00014629447381902272,0.00891102418120112
41,2748,2312,0.015484429065743944,0.00357113506271703,0.014107990186884252,0.004325259515570932,-9.371568159766377e-05,0.007055594374174872
42,2748,2279,0.01720052654673102,0.002723990999731874,0.01717609357959928,0.005002193944712591,-0.0006242025910820234,0.008940765435112087
43,2748,2306,0.014050303555941019,0.001654848221082281,0.011680840602889729,0.004206418039895922,6.023229402014248e-05,0.005780798054906267
44,2748,2297,0.014714845450587722,0.0022776798390850275,0.012803751956599321,0.004658249891162384,-0.00012567379238055107,0.006775214909029999
45,2748,2321,0.012753123653597584,0.002202300043052689,0.011896364184615498,0.0037052994398965944,9.274196909147796e-05,0.006229096671373616
46,2748,2313,0.013921314310419366,0.002756137525335561,0.01125201803515941,0.0054474708171206206,0.0005598700564340246,0.006501448534915425
47,2748,2328,0.013659793814432988,0.0022534499187899576,0.01151688945682572,0.007774914089347077,0.0015786473575503143,0.008548122830192788
48,2748,2304,0.015711805555555552,0.0026240005579013168,0.015464231226808255,0.00581597222222222,0.0003624711163917719,0.008881459380873953
49,2748,2287,0.010756449497157846,0.0014751188783078877,0.010987882240078019,0.002229995627459553,-0.0009624861994782095,0.005072926333822806
50,2748,2283,0.011213315812527373,0.0009507945783741125,0.011668778478591891,0.0025843188786684175,-0.0008051087011164134,0.005655697415205662
51,2748,2301,0.01581920903954802,0.002178924414869112,0.014149475214886777,0.009561060408518033,0.001809351328835501,0.010696293483303023
52,2748,2286,0.01417322834645669,0.003225165810948109,0.011657048203795333,0.0034558180227471542,8.34312724212499e-06,0.005417137955337505
53,2748,2319,0.010694264769297109,0.001108162522517552,0.00951933234833486,0.003880983182406208,-0.00044929136779195894,0.0054149864215370025
54,2748,2335,0.015160599571734473,0.0026066941705717188,0.01400612339183158,0.005396145610278371,0.0004577146042133572,0.00795816181887007
55,2748,2299,0.013745106568073073,0.002569066220307043,0.012834864729211996,0.006089604175728575,0.0011167552412448558,0.008165247310719605
56,2748,2283,0.014279456855015329,0.00195817583789165,0.013492458794605939,0.007183530442400349,0.0006285428507546203,0.00912676733658891
57,2748,2284,0.01357267950963222,0.002047695588981117,0.013255248264524748,0.00507880910683012,-0.00034514601872170296,0.007636693838991691
58,2748,2289,0.014591524683267798,0.0029619288212812504,0.013238890167415123,0.005723023154215813,0.000825035879103653,0.007834496104081157
59,2748,2292,0.011169284467713784,0.0022248368487517165,0.010214172077685017,0.004101221640488654,0.00038945835392644167,0.005944025163333999
60,2748,2336,0.013698630136986299,0.0028096997885036974,0.013388010159620784,0.005222602739726025,0.00036268496669250876,0.00794747315910832
61,2748,2295,0.014291938997821347,0.0023836169105643174,0.013590310905858797,0.006840958605664486,0.0012561649117573406,0.008919826405828463
62,2748,2313,0.01357544314742758,0.0020601756339116,0.011208409748634266,0.00436662343277129,-0.00034399349136120266,0.005682069041581501
63,2748,2288,0.012849650349650346,0.0022889132895318074,0.011073432962308657,0.003977272727272726,7.823583768325505e-05,0.006026685682200805
64,2748,2291,0.015975556525534697,0.002267418110171435,0.0148803977342345,0.007420340462680051,0.0012811322184016485,0.009721123145807857
65,2748,2305,0.009370932754880691,0.0011040577295561127,0.009052327549520608,0.0033405639913232084,-0.0010856859501286614,0.005145641662246512
66,2748,2306,0.01127493495229835,0.0022971596410938508,0.010467014728524847,0.004076322636600171,0.0005928168303633109,0.006064812038258506
67,2748,2326,0.008254514187446257,0.00034849680657332956,0.00811261033668919,0.003396388650042991,-0.00022046593739221058,0.005246882920700517
68,2748,2320,0.010603448275862067,0.0009183499635195631,0.012281706591928544,0.00422413793103448,-0.00029140906895760353,0.007530855654998622
69,2748,2304,0.01475694444444444,0.002874980703815358,0.012174766230643244,0.004079861111111109,-0.0007307325382105319,0.005808642168281746
70,2748,2279,0.010355419043440103,0.0014417391446179108,0.007718054220707831,0.004300131636682753,-0.00031329360747377275,0.004622902982524534
71,2748,2290,0.010043668122270739,0.0007009842055319334,0.0077418717774395155,0.004366812227074234,-7.350412399025382e-05,0.004936857057263384
72,2748,2318,0.013718723037100946,0.0022144864088614997,0.011452551111706948,0.005176876617773942,0.0005733224185629108,0.006444674217914793
73,2748,2322,0.012919896640826871,0.002029921602966822,0.01205583243350452,0.005081826012058568,0.00035922242412561145,0.0071837846459660935
74,2748,2292,0.018237347294938915,0.003310089267735916,0.015774533286479063,0.0044502617801047105,-0.00030474648101776967,0.00716162491359607
75,2748,2280,0.012543859649122805,0.001706298673694402,0.011694381493843727,0.005614035087719296,0.0007956656724568584,0.007527697344777912
76,2748,2308,0.013171577123050258,0.001549312806909745,0.012777242599627547,0.005069324090121315,0.00037858064022064283,0.007639793240659154
77,2748,2288,0.011538461538461536,0.001454084664252944,0.013303999918677754,0.0052010489510489494,8.467208930052287e-05,0.008446912507022097
78,2748,2321,0.013270142180094785,0.0021737266927079244,0.012425555123185756,0.004437742352434292,-4.309757195476696e-05,0.006808369831812563
79,2748,2349,0.01549595572584078,0.00234006807810987,0.01428293898803093,0.0075776926351638985,0.0013275022270007406,0.009401131223985486
80,2748,2292,0.01657940663176265,0.002854085429904759,0.015533875787598173,0.0061082024432809745,0.0006661375105720729,0.008946519706332826
81,2748,2327,0.015728405672539747,0.0027505273401614103,0.01508945241780528,0.00799312419424151,0.002052292200253533,0.01023853643197894
82,2748,2329,0.020266208673250317,0.004120564201712257,0.018238625818404706,0.008115070845856588,0.0018827173804290165,0.010840890136437437
83,2748,2302,0.01294526498696785,0.0025826052758961115,0.010375046593123749,0.003953084274543873,0.0007352967364609367,0.0054579676355220996
84,2748,2322,0.014814814814814812,0.0026876025265104467,0.01452647343921259,0.004952627045650299,0.0006133808623424592,0.00825332762846666
85,2748,2306,0.01561144839549002,0.0025573373260907553,0.014811750639053893,0.004726799653078923,0.00038700877159457983,0.007766825424992797
86,2748,2288,0.016346153846153844,0.002557437012006942,0.01422185033563529,0.00839160839160839,0.00215855159826197,0.009637341579195052
87,2748,2304,0.012413194444444442,0.0011749034880864867,0.012750919471817062,0.005121527777777775,-0.0003101096599113812,0.0077447050839137095
88,2748,2294,0.014734088927637314,0.002409978379115696,0.01564436874402986,0.0034001743679163013,-0.0008691215931507928,0.0076204927771518546
89,2748,2337,0.01300813008130081,0.002019799503561758,0.011042150507369104,0.0060333761232349145,0.00038166692766187783,0.007202209327344031
90,2748,2319,0.016300129366106076,0.0034534949115474518,0.014978516018998472,0.006511427339370416,0.0020341300842187985,0.00894315910325327
91,2748,2289,0.014416775884665793,0.0026660504707853054,0.012557564795131424,0.0036260375709916983,-5.2239826642162896e-05,0.005984872611107365
92,2748,2318,0.011993097497842966,0.001803719682249506,0.010586764145233659,0.006341673856773079,0.0013571704943196527,0.007398359087256871
93,2748,2312,0.008823529411764702,0.00023865818304322504,0.01031253348383069,0.004325259515570933,0.00016906450460843,0.00688290713995612
94,2748,2296,0.009146341463414632,0.000502629268715083,0.01080113904635671,0.00513937282229965,-1.8372983911259568e-05,0.007779184014867791
95,2748,2308,0.014124783362218368,0.001040784966625536,0.012589942166376655,0.008275563258232234,0.0015720212059953758,0.009204542674416574
96,2748,2315,0.01641468682505399,0.003197531651079151,0.013604726333720844,0.004967602591792655,0.000253560166745947,0.006708924458838056
97,2748,2273,0.012846458424988999,0.002058488232541086,0.011464413094370098,0.002287725472943245,-0.001177340694162637,0.004989579541753524
98,2748,2296,0.010452961672473865,0.001295933506617034,0.010552581173948004,0.0025696864111498237,-0.0011204008200757325,0.005457183852678996
99,2748,2311,0.013673734314149717,0.0022426497715936733,0.011078550011338319,0.0051925573344872335,0.0005282233398466637,0.006391278236797607
100,2748,2301,0.013906996957844413,0.0021169633247978214,0.013657483612856111,0.0061277705345501934,0.0008133044836479237,0.00864491932162603
101,2748,2291,0.013967699694456565,0.0024887318210513893,0.012379951640557023,0.005194238323876035,0.0006061153332895696,0.007165915673434427
102,2748,2309,0.012819402338674749,0.0018105203410388288,0.011359063708122435,0.0029016890428757024,-0.0005678429488392483,0.005283692372168471
103,2748,2314,0.013483146067415727,0.002511727116305059,0.01190880346800262,0.004796888504753671,0.0003383056993581644,0.006492337591691691
104,2748,2246,0.016117542297417627,0.003530515489089682,0.01383455416916747,0.00543187889581478,0.00010977957242206494,0.00736709206994946
105,2748,2290,0.01545851528384279,0.002528502321875822,0.013637219651285804,0.0034934497816593866,-0.0006910210146404898,0.006176658796016145
106,2748,2311,0.012548680225010815,0.002286813429131598,0.011744072617945819,0.003721332756382517,0.00010232181499538089,0.006243617232867595
107,2748,2279,0.015884159719175072,0.002464735236376331,0.015147741210893153,0.005616498464238699,0.0009826716458526147,0.00863972797767576
108,2748,2302,0.011902693310165071,0.0011481679654664376,0.010996426161062613,0.0009122502172024309,-0.0019809789524242037,0.003921258113819969
109,2748,2298,0.01644908616187989,0.003483024096260097,0.013854461191817635,0.004482158398607484,0.0002965266157338975,0.006784535758314548
110,2748,2296,0.013153310104529614,0.001980899777890716,0.011904637693041538,0.00553135888501742,0.0006782385107601766,0.007166778475506404
111,2748,2281,0.010083296799649274,0.000903632475985474,0.008889437834586922,0.0036387549320473457,-0.0005430039761937955,0.005069977953782187
112,2748,2333,0.013030432918988425,0.002140540203580391,0.012846278616247863,0.005015002143163307,0.0003394345402640697,0.007621786296204301
113,2748,2254,0.015705412599822534,0.0026293094493600334,0.011820419075802634,0.0070984915705412585,0.0014978758398758564,0.007402389935985372
114,2748,2322,0.01300602928509905,0.0016578968582260931,0.013652936695095175,0.004134366925064597,-0.0001908099827863978,0.007443728232014787
115,2748,2273,0.014430268367795863,0.002392850465032483,0.01216149844589788,0.005411350637923448,0.0003345519318836895,0.0068809222409639765
116,2748,2292,0.014572425828970328,0.0017249227082980702,0.01345566699536287,0.0052792321116928425,-0.00041703685937029424,0.00764981777486341
117,2748,2257,0.00841825431989366,0.0008074273994077982,0.007959519318163388,0.004829419583517942,0.0004386313120536477,0.005834162162011428
118,2748,2262,0.013616268788682577,0.0025744840012724094,0.009376526543170607,0.0057913351016799265,0.0015587314336454605,0.0058834403104220286
119,2748,2322,0.0099052540913006,0.0008197848569902472,0.009481379375580936,0.005211024978466837,0.00011325137573836259,0.006499603281869494
120,2748,2316,0.019689119170984454,0.003315107075028462,0.019157235276883247,0.00854922279792746,0.0013365312837722075,0.011885920415586844
121,2748,2323,0.012053379250968572,0.0016229136116044038,0.009765859357280127,0.003400774860094704,-0.0007343103509524808,0.004695567052448018
122,2748,2305,0.009284164859002167,0.0016317276085261751,0.00790011156424348,0.00494577006507592,0.00041346293808809393,0.005556957955617838
123,2748,2302,0.012771503040834055,0.0021346293112385027,0.012979837601820312,0.0046481320590790595,8.116198113150457e-07,0.007571576101802092
124,2748,2276,0.010369068541300524,0.001899163699353119,0.007916849673857236,0.0042179261862917376,-0.00044699000043071273,0.004756942625731157
125,2748,2299,0.012179208351457152,0.0014984103791379324,0.010413581746411073,0.003218790778599389,-0.0009372631831216539,0.005137366328882662
126,2748,2327,0.013407821229050277,0.0025250310952571026,0.01167688329681182,0.005457670820799311,0.0008591627766882765,0.007261157176983486
127,2748,2305,0.018915401301518437,0.0037245572336010065,0.015478784154840712,0.0053362255965292826,-0.00011161738328956584,0.007375318114988124
128,2748,2319,0.013109098749460972,0.0019551296740779383,0.011513387371367359,0.005562742561448899,0.0006979728210532635,0.0071076019910146886
129,2748,2299,0.013310134841235315,0.0018002767196879134,0.009728552548549303,0.006698564593301433,0.0009389466447495101,0.006527548993269669
130,2748,2277,0.015371102327624064,0.0027451917121671648,0.013827300018231965,0.005270092226613963,0.000822396039843638,0.007683474291691314
131,2748,2331,0.014414414414414411,0.0028800416118532645,0.012801234843690707,0.0058344058344058335,0.0012673770018721481,0.007732414006284774
132,2748,2289,0.01223241590214067,0.0014405415811218115,0.012509415864769249,0.005155089558759282,0.00047837191652868856,0.0077716274047409046
133,2748,2293,0.013170518970780636,0.0017445247203142853,0.013320077347382527,0.005015263846489313,0.000382145545743818,0.007794642930164619
134,2748,2273,0.010998680158380991,0.0020242459247449616,0.010787496200509042,0.0035635723713154403,0.0006899965286641055,0.0061043535997220575
135,2748,2262,0.017418213969938104,0.0029611601820052945,0.016173523340103357,0.005526083112290007,-0.00018897089284761794,0.008414923480148459
136,2748,2315,0.013304535637149026,0.0011850459375710462,0.010972952221414941,0.00526997840172786,0.0003406009929332547,0.006357234270225566
137,2748,2325,0.017548387096774188,0.003419700955038637,0.015809169364151908,0.005892473118279568,7.695039202536832e-05,0.008621422911736643
138,2748,2317,0.013638325420802759,0.0021814598954130408,0.010499680732513122,0.0037116961588260656,-0.0009217900839164797,0.004996641157068732
139,2748,2302,0.012771503040834053,0.0023532304543607187,0.01246658702348398,0.0035186794092093823,0.00014382931813396236,0.006327935742647928
140,2748,2295,0.012461873638344225,0.002129149463606944,0.010741332383378524,0.00540305010893246,0.00011123249386632085,0.006731867926112462
141,2748,2313,0.01141374837872892,0.0011055752577679482,0.011237273305970621,0.005015131863380889,0.0007292073607206148,0.006977808511732587
142,2748,2279,0.012198332602018426,0.001271676079893112,0.010877525364428604,0.005835892935498023,0.000799525343572062,0.007222448074405465
143,2748,2303,0.010247503256621795,0.0016022981144227612,0.01009150495366111,0.003951367781155014,-8.206992062789628e-05,0.006097309220250309
144,2748,2328,0.010910652920962197,0.0011871554087357736,0.010562021145176266,0.004037800687285221,-0.0009310515044043983,0.006335014283356663
145,2748,2265,0.007064017660044147,-0.0005016335278729754,0.007435741854820525,0.0032229580573951413,-0.0007935849397491668,0.004771453287774177
146,2748,2314,0.012964563526361276,0.002061870427571164,0.01191393300934397,0.004883318928262746,0.00040578477440135507,0.0070051045364854445
147,2748,2292,0.014136125654450257,0.0015332180161754042,0.0122256962580461,0.0053664921465968575,-1.2182641288625513e-05,0.006993481081369192
148,2748,2278,0.012291483757682175,0.0025116409857641048,0.010060949159607152,0.004521510096575943,0.00011328890560009081,0.005869412015441092
149,2748,2315,0.016587473002159823,0.0027704612064807467,0.01443785233775702,0.007429805615550754,0.001340651131471749,0.008999964565167572
150,2748,2295,0.013071895424836598,0.002016380165677325,0.013625366770653659,0.005141612200435728,7.639435537238229e-05,0.008298432236739905
151,2748,2295,0.013071895424836598,0.002619198246325705,0.012426230743614949,0.006143790849673201,0.0004066518678792169,0.008368886508007099
152,2748,2314,0.017977528089887635,0.003932170043896817,0.015181175873188615,0.005790838375108036,0.0006981822210926861,0.007885292889407891
153,2748,2313,0.015564202334630347,0.0027246919920372805,0.015199683721199592,0.008646779074794636,0.00143678979431803,0.01089511493679445
154,2748,2326,0.010232158211521923,0.0006540477989871774,0.010206673170966952,0.005889939810834048,0.0004585386018299704,0.0074209773116986
155,2748,2284,0.011821366024518387,0.002367101638494622,0.010520374369007969,0.004246935201401049,0.0002750392616771623,0.005926184843535211
156,2748,2307,0.008235804074555698,0.000354832217259417,0.007181010282157892,0.0038578240138708265,0.00027772289825206024,0.004797565341934703
157,2748,2299,0.010613310134841231,0.0013669745812525617,0.008417134607029558,0.0025228360156589807,-0.0004993991260753452,0.0038084889866923624
158,2748,2317,0.015019421665947344,0.0021842676802995204,0.014885082528280635,0.004790677600345273,0.00017584112273787798,0.008039730185428815
159,2748,2334,0.01910882604970008,0.003416628706724503,0.016007826736874176,0.0056983718937446415,0.0008594789727928916,0.008034657041765163
160,2748,2278,0.011062335381913958,0.001410636906126416,0.010114009372444107,0.0042581211589113235,9.35174302799283e-05,0.006026256371068944
161,2748,2294,0.012118570183086309,0.002006328368347585,0.009889419516061274,0.004577157802964253,-3.8918871113048675e-05,0.005615772065993301
162,2748,2315,0.01399568034557235,0.002304161804226268,0.01234887705287987,0.005010799136069112,0.0006136436733107262,0.0069686102312905415
163,2748,2274,0.015303430079155671,0.002827868356527176,0.01295876699984037,0.006112576956904131,0.0010163801496954887,0.007501431234722783
164,2748,2289,0.011096548711227606,0.0010889243424207931,0.008322799982497032,0.004412407164700741,0.00023358164156237108,0.005009799644026142
165,2748,2327,0.012204555221314996,0.0018082874872654326,0.010255074122571506,0.00537172324881822,0.0006569666561355052,0.006375734271541196
166,2748,2336,0.011815068493150683,0.0019432594704851586,0.010849311018001365,0.005565068493150684,0.0007617625102509226,0.007144732853738966
167,2748,2303,0.015458098132870166,0.002388248880640735,0.014614490216501238,0.004429005644811114,-0.00040805298488628223,0.007502465758610675
168,2748,2276,0.01370826010544815,0.0018610876441289372,0.01388165393517453,0.004745166959578205,-6.857398098074627e-05,0.007827468524029923
169,2748,2295,0.01742919389978213,0.0024545485761102584,0.01602249279324538,0.00679738562091503,0.00045624333852454184,0.00942009649047248
170,2748,2309,0.009094846253789516,0.0009772488759244604,0.009323211501084441,0.003551320918146382,-9.219539617357399e-05,0.005691624011104546
171,2748,2315,0.015377969762419005,0.0028829823465026977,0.014397062345748843,0.005615550755939523,0.001314356136307203,0.00825631260601489
172,2748,2284,0.01243432574430823,0.0019562315870471,0.009826997841878366,0.00604203152364273,0.0005906020089742205,0.006504696488543722
173,2748,2324,0.014027538726333905,0.0023067653176345937,0.012476639109039529,0.006368330464716005,0.0010387219475567284,0.007787319590914699
174,2748,2353,0.015554611134721629,0.0023834771825303885,0.013761804373345912,0.006417339566510835,0.0002560463264890746,0.00832011170453347
175,2748,2328,0.012113402061855667,0.002374298898055463,0.011259528343552013,0.004768041237113401,0.0003827775677604915,0.006624491174212099
176,2748,2327,0.014954877524709923,0.0025444166169813188,0.013155907886738238,0.005801461108723676,0.0017507748551454472,0.007807381966548128
177,2748,2274,0.010466138962181177,0.0011619240406884352,0.009942885071621136,0.005233069481090587,0.0008683210239770405,0.006712862559189467
178,2748,2300,0.016173913043478257,0.003052257408588136,0.014396855151515248,0.00526086956521739,0.000870857783316408,0.007883609368506314
179,2748,2307,0.01404421326397919,0.003082311857115135,0.012192513270683148,0.00637191157347204,0.0012015313245594312,0.007776910188009023
180,2748,2329,0.012709317303563759,0.0007895626895414897,0.012302469350710462,0.005410047230571058,-0.00012574009626740128,0.0075598922148049814
181,2748,2309,0.014984841922910348,0.0028843795280102964,0.01477180015825331,0.008878302295365957,0.0024686867061389562,0.010980761812688037
182,2748,2300,0.015826086956521736,0.0018799621222023275,0.013417046525024304,0.005956521739130433,0.0001073921953286061,0.007544244618228099
183,2748,2269,0.016218598501542527,0.0020966702560352235,0.015150838563538684,0.007007492287351253,0.0005784412086479444,0.009305027056927258
184,2748,2309,0.012819402338674749,0.002479252101397479,0.012610757404646525,0.0037245560848852294,-0.00034291199953913944,0.006566516577732199
185,2748,2308,0.012131715771230497,0.0026739520412730937,0.009693704188623009,0.004376083188908143,0.0009851343757231405,0.005542002258836819
186,2748,2294,0.014210985178727112,0.0027552921318566344,0.012725475232032948,0.005884917175239754,0.00021708496053467882,0.007813224580352917
187,2748,2277,0.008256477821695212,0.0006577933944220087,0.006004428735045894,0.004128238910847604,-0.0002453971909974755,0.00428372143679613
188,2748,2320,0.013448275862068962,0.0019724008007741232,0.011539321617941314,0.006422413793103446,0.0007863675213483447,0.007482123536493574
189,2748,2313,0.016083009079118027,0.0024076663912167744,0.015364451112834812,0.006052745352356245,0.00020479175446961776,0.008813992404321317
190,2748,2283,0.013140604467805517,0.0019126979555106297,0.012212126619252254,0.006307490144546647,0.0010194963566679401,0.008073936900701259
191,2748,2336,0.018921232876712324,0.0030270060936080216,0.016392308293563515,0.005136986301369862,-0.0001399407493138944,0.007946179795031792
192,2748,2281,0.011924594476106968,0.001757833756162489,0.010709335927281129,0.004778605874616394,-0.00029884708945899016,0.006455093012109457
193,2748,2318,0.014581535806729936,0.0019596044723302055,0.01347430683559946,0.005133735979292491,0.0007768338044636381,0.007554388957668379
194,2748,2302,0.01303214596003475,0.002193497873607021,0.011440702513447955,0.006298870547350127,0.00021510982982805727,0.007704322696850981
195,2748,2318,0.016393442622950814,0.003131128913599527,0.014225802001080609,0.005867126833477134,0.0007604875951130474,0.008061814666695198
196,2748,2286,0.010061242344706909,0.0015645847693547665,0.010767508554909842,0.0027559055118110214,0.0004554007342320404,0.005831824801694078
197,2748,2328,0.013487972508591062,0.0022269268980568187,0.010526650065465246,0.00592783505154639,0.00018974874721046904,0.006414428962900552
198,2748,2329,0.014083297552597681,0.0027137790198739566,0.01354040836796572,0.005882352941176469,0.0005006747560953531,0.008249889273351945
199,2748,2296,0.01454703832752613,0.002937774537436876,0.012719250999633568,0.004834494773519161,0.000590201335781436,0.006887164268225057
200,2748,2309,0.014724989172802076,0.002311951291811042,0.012782361326375967,0.005716760502381982,0.00014269419334026268,0.007478158394542121
201,2748,2337,0.00949935815147625,0.001099560584934536,0.008729164454846993,0.004150620453572956,-6.687003860870498e-05,0.005670236928390663
202,2748,2331,0.009695409695409694,0.0010460318054728872,0.00984836837180624,0.003775203775203773,-0.0007813810303494413,0.005862728411188727
203,2748,2319,0.015610176800344974,0.003041894201399429,0.011357391227563754,0.008236308753773175,0.0019238736805025712,0.00802884671051152
204,2748,2306,0.017259323503902857,0.0026961845754723823,0.016024220804887444,0.005897658282740674,0.0002960465740096249,0.008869472437223165
205,2748,2281,0.014555019728189386,0.002611857413322055,0.01293546549014061,0.004866286716352476,0.0005092166039592943,0.007058278245961927
206,2748,2328,0.0134020618556701,0.0020195242966734492,0.014022384295537689,0.005412371134020616,0.00033206779684826594,0.008542916941861333
207,2748,2292,0.01195462478184991,0.0017784792234690216,0.012042649510465093,0.0035776614310645705,-0.00019095448008693444,0.00650302541042171
208,2748,2334,0.012082262210796911,0.002060935049310664,0.011351491802259786,0.004241645244215936,-8.211241944581668e-05,0.006381199307255737
209,2748,2312,0.015397923875432524,0.0021055017916209273,0.01447967458852616,0.007742214532871969,0.0006515810660488162,0.009727363483586438
210,2748,2294,0.012728857890148208,0.001990600958725723,0.01193763698996763,0.0025719267654751503,-0.0006644969243389942,0.005374749986510003
211,2748,2278,0.01676909569798068,0.0031688486453579413,0.014512877225360701,0.005311676909569797,0.0010439762616355104,0.007582015901791973
212,2748,2308,0.015164644714038125,0.0029352590404514074,0.012757508788955138,0.004896013864818022,0.0003613909572277378,0.006734294067099726
213,2748,2314,0.01270527225583405,0.002465150438461958,0.011788838605062064,0.004580812445980984,0.0007974115128922618,0.006774677116638724
214,2748,2289,0.01424202708606378,0.001811078649655785,0.013210963355032329,0.006203582350371339,0.0004196790622321883,0.008280062849845221
215,2748,2295,0.018039215686274503,0.003285923020492555,0.014363659766842637,0.008366013071895422,0.001425854204717184,0.009133803505634112
216,2748,2319,0.012505390254420006,0.001874345778507345,0.011761953283468319,0.005433376455368692,0.0002143007225364727,0.007339749117862538
217,2748,2260,0.013805309734513273,0.0029649642682116734,0.010275670455006687,0.005796460176991148,0.0011780314920444156,0.006299621259044005
218,2748,2301,0.015645371577574965,0.0027279678919683893,0.013367459866873764,0.006040851803563665,0.00030632282856363387,0.007804570879946266
219,2748,2331,0.012955812955812952,0.0018011936424261361,0.012827194558464865,0.005748605748605746,0.0006951177619564577,0.008122977116257115
220,2748,2285,0.014967177242888397,0.0027565106544950877,0.015290500552910135,0.0056455142231947465,0.0009677088415916237,0.00902737514553649
221,2748,2317,0.014156236512731978,0.0025232615780246335,0.013084744768929464,0.005049633146309881,0.0007671172122437735,0.007526546183540559
222,2748,2310,0.011861471861471858,0.0018993525737136892,0.011993866542335661,0.0038095238095238082,-0.00022353404543951563,0.006874107515558727
223,2748,2300,0.012347826086956518,0.002062400341756193,0.01113568457632669,0.002782608695652172,-0.00043247324965794363,0.005068498021250103
224,2748,2276,0.011950790861159927,0.0019244608810167969,0.01145755628057948,0.006151142355008785,0.0007634636153048328,0.007905036029434247
225,2748,2310,0.01333333333333333,0.0014356304332452463,0.014031674223389135,0.004891774891774889,-0.0007284212402284406,0.008235553163190393
226,2748,2289,0.013892529488859759,0.0019196812062286794,0.013406299204795876,0.003931847968545215,-0.0008457148820698913,0.00700849833779108
227,2748,2283,0.013140604467805517,0.002105652332126855,0.011149511524946958,0.003766973280770913,5.0694062675208705e-05,0.005469620124501483
228,2748,2321,0.013097802671262383,0.001863093133061213,0.012633612441392673,0.004308487720809994,0.0006220058426276589,0.007096203452720078
229,2748,2305,0.013709327548806938,0.0022061388575412536,0.014325444093283289,0.004859002169197395,-3.475591682072183e-05,0.008206992024605819
230,2748,2285,0.014529540481400436,0.0025754995893678087,0.01267770074498392,0.005864332603938728,0.00047952723424979864,0.007478429350004017
231,2748,2263,0.01634997790543526,0.002936120065358998,0.01493850975367492,0.005788775961113562,0.0007032231392926115,0.00838078200551212
232,2748,2299,0.014789038712483686,0.0016882975574041836,0.01401968526120675,0.005219660722053064,0.0002623977695276039,0.007666502653466925
233,2748,2303,0.014850195397307857,0.0024219893435969563,0.012845002062197085,0.004732957012592269,0.000554635842357139,0.006758878718037713
234,2748,2301,0.01616688396349413,0.0023158145309070672,0.013029808162155767,0.006996957844415469,0.0012628604430354998,0.008095865198395445
235,2748,2319,0.01190168175937904,0.002225339744156206,0.009898122524474516,0.005519620526088829,0.0013190517196085439,0.006375327853819974
236,2748,2314,0.015038893690579083,0.002138070542433797,0.014144316175142219,0.005056179775280897,0.0006446729336520322,0.007685109284393159
237,2748,2289,0.011533420707732632,0.0017864247114964904,0.010953240677620164,0.0012669287898645683,-0.0010603637258227055,0.004338765231392301
238,2748,2322,0.018690783807062874,0.0031251824575905416,0.018115440823523864,0.007105943152454777,0.0005358630443492647,0.01052461750653408
239,2748,2284,0.011996497373029772,0.0023538984662227857,0.009635066487840294,0.005385288966725041,0.0002657221785016171,0.006091950493263258
240,2748,2316,0.015889464594127805,0.0029607686099146742,0.013062663884207201,0.0066493955094991345,0.001216646249849941,0.008045282016923122
241,2748,2289,0.015290519877675837,0.001910398191375433,0.014464795046454534,0.007994757536041938,0.0014915403214287924,0.009952104217785628
242,2748,2298,0.01331592689295039,0.0026790598589368085,0.012257219939018543,0.005961705831157527,0.0016765347323824912,0.00787060573692701
243,2748,2281,0.01508110477860587,0.00240446007255523,0.013778504108389131,0.005918456817185443,0.0006468346732898657,0.008093917795805936
244,2748,2302,0.015725456125108596,0.002984740272617037,0.013477045461444093,0.006472632493483925,0.0008658146538344261,0.008006559578474813
245,2748,2291,0.0075949367088607575,0.00035625039097591816,0.0051127510978950085,0.00445220427760803,-0.0003736291514112431,0.004224562437674868
246,2748,2326,0.01496130696474634,0.002283660957944666,0.014752898453978171,0.002364574376612208,-6.193869714213067e-05,0.006533511313043018
247,2748,2309,0.011866608921611085,0.002764469662996155,0.011525897713913517,0.0045041143352100455,0.0003695713453831002,0.006951565590548478
248,2748,2305,0.01657266811279826,0.0029189392016424217,0.013510669569375643,0.008459869848156179,0.001718434886817702,0.009163131861284585
249,2748,2305,0.016659436008676785,0.002380196767025367,0.013939078049514607,0.00776572668112798,0.0012397342786922057,0.008969478104321877
250,2748,2317,0.013293051359516613,0.0014171883065796642,0.013648639469690168,0.005092792403970649,-0.000531251964771681,0.008037854850558595
251,2748,2328,0.013144329896907215,0.0025032523125000047,0.009249179643707276,0.0036512027491408918,-0.00034912170791764213,0.004281419569343128
252,2748,2289,0.01677588466579292,0.003616412329309043,0.014213235031857606,0.005548274355613803,0.0016180539036503932,0.007584079922224598
253,2748,2319,0.013885295385942211,0.002250192413380257,0.012813959515881997,0.005433376455368691,0.0010039049447544285,0.007879004500810024
254,2748,2308,0.015597920277296357,0.002717370413904627,0.013822020619885966,0.0038128249566724416,0.0002799996343276229,0.0066117571504420505
255,2748,2290,0.014323144104803488,0.0026273143164644384,0.014414325369532521,0.0020087336244541468,-0.0010236251610970493,0.00617256412972569
256,2748,2322,0.0119724375538329,0.0014057470328944692,0.01058403510801956,0.005641688199827732,0.00024260397273933134,0.006927722253951576
257,2748,2308,0.01239168110918544,0.0015883955099469595,0.01024060296875594,0.003986135181975735,-0.00043146841396408557,0.005423749621647319
258,2748,2316,0.011226252158894643,0.0018374107073287837,0.010987901956949096,0.0036701208981001713,0.0006935442877190049,0.0061248671636451564
259,2748,2317,0.014760466119982734,0.0021450663892235923,0.012869572893790341,0.005783340526542942,-0.0009299495475602155,0.007526480462562063
260,2748,2281,0.011398509425690484,0.0013305878527893325,0.010513265246285335,0.005743095133713281,0.0007490568908898539,0.007044607002424558
261,2748,2287,0.01303017052907739,0.00198501147732437,0.012296952663029222,0.0054656755574989035,0.0007253578457996766,0.007830311254773759
262,2748,2292,0.013787085514834204,0.0019886963758258386,0.011353618737143058,0.004188481675392668,-0.0008097814314565302,0.005759400612360014
263,2748,2274,0.016446789797713277,0.0030897304875146542,0.015977409212993378,0.003825857519788916,-0.0005274631024696831,0.007647611042293324
264,2748,2306,0.01101474414570685,0.0011342882226731815,0.010509104365810743,0.003165654813529921,-0.0003777373158758897,0.005382431454829862
265,2748,2302,0.014596003475238921,0.0022259956577706658,0.01185499569496919,0.005516941789748042,-0.0005702123710586568,0.006546682271627803
266,2748,2310,0.013333333333333332,0.002393904449888813,0.012809636266856257,0.004199134199134197,-6.396324609466187e-05,0.006833818578481205
267,2748,2300,0.011826086956521738,0.0017443904230688143,0.009826841568466665,0.0055217391304347805,0.0006297605687280504,0.006355443277643776
268,2748,2279,0.014216761737604208,0.0021632062451455766,0.014503990111579967,0.0045634050021939425,0.00012108361046950565,0.00796301274446725
269,2748,2277,0.012384716732542817,0.0017383223506066377,0.012771704144698805,0.005006587615283265,0.00047114346681217527,0.007736053182082137
270,2748,2308,0.014124783362218368,0.002458887650059229,0.014007685737615532,0.006152512998266896,0.0006200689651848405,0.008902713601709062
271,2748,2311,0.01401990480311553,0.0021482947595123925,0.013175922060804948,0.004673301601038509,-0.0003622781997249613,0.00722140529738633
272,2748,2293,0.013868294810292192,0.002163959924228452,0.012630671624400248,0.006628870475359789,0.001030409040433457,0.008285888303374591
273,2748,2310,0.012380952380952378,0.0012772500505042795,0.010764664542926624,0.005974025974025971,-3.9368323772282185e-05,0.006885120020690464
274,2748,2339,0.01333903377511757,0.0023642118311710003,0.011048356171532237,0.006028217186831977,0.0013398835035707726,0.006984089956494337
275,2748,2302,0.017810599478714155,0.0033813037699137716,0.014947148358119748,0.004952215464813204,0.00045366117772337454,0.007222266529462106
276,2748,2340,0.017094017094017092,0.003275145906895896,0.014136607867460882,0.004273504273504271,-0.00034178772749712073,0.006620489102317176
277,2748,2342,0.01417591801878736,0.0024314827909679483,0.012840847416754193,0.005849701110162252,0.0008339270841042022,0.007719100748468679
278,2748,2302,0.00981754995655951,0.0012550530291415435,0.008409550670233001,0.00408340573414422,-0.0004849799536870407,0.005088171936022258
279,2748,2315,0.010712742980561553,0.00135501895395654,0.010224249394806125,0.00423326133909287,-6.089294955269878e-05,0.006124516536155181
280,2748,2275,0.014417582417582417,0.0018061139505922681,0.013859010750623669,0.005714285714285712,0.0003297762237383684,0.008091492114950102
281,2748,2306,0.012489158716392017,0.0013363877435834737,0.012807573344440442,0.0028620988725065032,-0.0006231452835930254,0.006361835767905211
282,2748,2307,0.01309059384482011,0.002473868711755255,0.013375808728091557,0.004161248374512351,-0.00038699800490479136,0.007385097696456554
283,2748,2312,0.01487889273356401,0.0026823520292837714,0.012627476593336085,0.005060553633217992,0.0004033602971078763,0.006890224024947193
284,2748,2297,0.011754462342185456,0.002123763116272114,0.011183026808196047,0.003178058336961252,-0.00026215294856192967,0.00572281242012105
285,2748,2328,0.015635738831615117,0.0023087233055927984,0.01410251421093791,0.006701030927835049,0.000712636430789175,0.008681448624804423
286,2748,2340,0.011880341880341878,0.0018206697651631514,0.01002008174362365,0.004658119658119656,0.0008709054077203034,0.005779797587934234
287,2748,2331,0.011239811239811236,0.0016754031509515187,0.01009189102000058,0.004118404118404116,-0.000582657452587938,0.005924143392625856
288,2748,2335,0.01541755888650963,0.002443847189425711,0.015429929087298719,0.004967880085653103,-8.617580237342361e-06,0.008501875824327215
289,2748,2269,0.012780960775672099,0.0020622733977745077,0.011653033422887756,0.0045835169678272334,0.00015767464309667016,0.006509180854809976
290,2748,2322,0.01782945736434108,0.002837276235879598,0.017128031198106176,0.00697674418604651,0.0015348649007856294,0.01006890758746556
291,2748,2294,0.012205754141238008,0.0014042078086686789,0.011405910408980332,0.0060592850915431535,-0.00013165102883671006,0.007623484427925932
292,2748,2303,0.012679114198871036,0.001443171214741076,0.01261286292329275,0.006122448979591835,0.00016496218151239184,0.008319273156145852
293,2748,2307,0.014217598612917208,0.0018842903074703361,0.011940303226832706,0.00403120936280884,-0.0005167644830248723,0.005917786557986693
294,2748,2297,0.013234653896386589,0.0025893269073877204,0.01089669448020138,0.005441880713974748,0.0007763639085358453,0.006698089145785508
295,2748,2308,0.013518197573656842,0.0026058887747028984,0.01298359167426508,0.0025563258232235682,-0.001014256081880469,0.005861533996962637
296,2748,2314,0.014088159031979254,0.0024389144759098037,0.01406233342564415,0.003630077787381156,-0.0008757459500298636,0.007024519491047813
297,2748,2312,0.014792387543252591,0.002658433846623779,0.015735480344363742,0.00640138408304498,0.001525262284527382,0.00987353822263347
298,2748,2299,0.010874293170943888,0.0015616964071015326,0.00991117189019844,0.00643758155719878,0.0009914311650346971,0.007611931876039688
299,2748,2325,0.014107526881720426,0.001300923757138461,0.014221490451880833,0.0048172043010752666,9.29306874531987e-05,0.00794666434215827
300,2748,2270,0.012334801762114534,0.0013947684550754181,0.011157554478866643,0.0050660792951541835,0.00024822366751131174,0.006698236433622542
301,2748,2268,0.012874779541446207,0.002088940450916846,0.010615945994343344,0.0043209876543209855,-0.0007183309112767173,0.0055979336197735105
302,2748,2336,0.014297945205479449,0.0018891939209351358,0.012785133718782255,0.0067636986301369845,0.00023920278321202135,0.008247749830342195
303,2748,2333,0.010458636948135445,0.0009167912793896634,0.009863972678481669,0.005657951135876553,0.0006030276424030088,0.006970878463460834
304,2748,2311,0.013760276936391168,0.002516784605041793,0.011328518033944038,0.00437040242319342,0.0006407970272194973,0.0060093934128802205
305,2748,2264,0.011484098939929325,0.002008625638632807,0.010751138340339368,0.005167844522968196,-0.00010297798423528863,0.0068247281058221145
306,2748,2307,0.015691374078890333,0.002767304247767938,0.013610697980992802,0.0070654529692240975,0.0018092381428015819,0.00855305589554231
307,2748,2309,0.013512343005630138,0.001788183739938375,0.012560245556186435,0.007362494586401038,0.0010575675759008515,0.008886196901098525
308,2748,2300,0.013391304347826084,0.0014774250412687856,0.011101731712937624,0.004826086956521737,-8.144991132998516e-05,0.006077733257982033
309,2748,2249,0.010582481102712316,0.0012765180626592189,0.010889945512060137,0.003468208092485547,-0.00032268703011262387,0.006036388374164685
310,2748,2292,0.014048865619546247,0.002113848864997323,0.013756078893363331,0.0033595113438045355,-0.0004811761711028551,0.006693109157500474
311,2748,2264,0.013692579505300352,0.0019822548251748873,0.013768566451656436,0.005697879858657242,0.0009563886262432577,0.008190631418065234
312,2748,2277,0.01045234958278436,0.0013947241976212134,0.010626384078688766,0.003249890206411944,-0.0005343968303300268,0.005888015770971665
313,2748,2316,0.013039723661485318,0.0016810637835445396,0.012088191151450291,0.00513816925734024,0.000178518200824401,0.007020841848289626
314,2748,2294,0.013775065387968612,0.0022918194763950836,0.012018100437744527,0.005623365300784654,0.0010172491819470679,0.007238426834410677
315,2748,2298,0.011140121845082677,0.0012309076478153687,0.013176254447090691,0.004395126196692775,0.00031840685974846505,0.008183815884514023
316,2748,2325,0.015053763440860209,0.002879395422253331,0.015456796937229523,0.0039569892473118266,-3.4081437350479245e-05,0.00792498237532602
317,2748,2290,0.013449781659388645,0.002180937334247583,0.013173123647084584,0.002882096069868994,-0.0008519003619578745,0.006284375226387636
318,2748,2312,0.013927335640138403,0.002218000798191517,0.012185924384260971,0.004671280276816608,0.00021119415617928803,0.006631683423500615
319,2748,2306,0.01205550737207285,0.0016236510852193884,0.0107887012757146,0.006244579358196008,0.0002865335473307129,0.007428130051224392
320,2748,2305,0.013882863340563989,0.0018215681718896247,0.012534618248420698,0.005726681127982644,-4.116240663182179e-05,0.007483157129564999
321,2748,2290,0.011266375545851526,0.0011251543412089792,0.010066861986758689,0.0034061135371179028,-0.0007145323783745668,0.005236146472061423
322,2748,2313,0.01383484651967142,0.0025069401602735783,0.011445273194412058,0.004755728491137048,9.918812363302464e-07,0.005988678054057502
323,2748,2331,0.01158301158301158,0.0011875757230974471,0.010982942115307875,0.006263406263406261,0.0005774729947793726,0.007844283326409041
324,2748,2291,0.010475774770842423,0.0005929617163582928,0.009935040482941101,0.005368834570056742,0.000826413632670871,0.006815263677716904
325,2748,2304,0.011545138888888886,0.0021119176625445054,0.011546651727944245,0.002994791666666665,-0.00035200985967258455,0.005965797058016745
326,2748,2313,0.01262429744920017,0.0016064494201807004,0.009645815619522782,0.0052745352356247275,2.9189360794627574e-05,0.005848395384526725
327,2748,2288,0.016258741258741254,0.0033867645141081645,0.013343278127181127,0.0062937062937062915,0.0007620299554257937,0.007666929574310335
328,2748,2295,0.014466230936819171,0.002740433254594139,0.011748197370037954,0.004967320261437906,0.0003176046197519262,0.006433080852970322
329,2748,2290,0.00986899563318777,0.0012696052858911257,0.009361221792801232,0.005676855895196505,0.0007697778829327981,0.006758868265555002
330,2748,2291,0.014840680925360101,0.0026780465175433887,0.013619897050762568,0.007158446093408991,0.0017398517016815808,0.009155800991806398
331,2748,2327,0.01031370863773098,0.0010335348091844757,0.00973157619963344,0.0036957455951869343,7.110299669091982e-05,0.00559667901941393
332,2748,2325,0.012387096774193546,0.0016877354439621532,0.010570367430907255,0.006795698924731182,0.0014355099174899303,0.007540952049334062
333,2748,2307,0.01543129605548331,0.002478288379852143,0.015264488927358244,0.005504984828781966,0.0005907290418792712,0.008743904736944181
334,2748,2309,0.017323516673884796,0.0028652466111244875,0.01797376419287164,0.0055435253356431345,0.0002760889146066143,0.009846584209523295
335,2748,2300,0.01078260869565217,0.0016163120336145792,0.011337617903256316,0.004565217391304346,2.1493909935742805e-05,0.007052189256339525
336,2748,2338,0.013686911890504702,0.0021021360271087338,0.010509754625004713,0.005945252352437979,0.00053389395901617,0.0065561886660509975
337,2748,2308,0.013258232235701904,0.001530835611725481,0.012816810939153905,0.006629116117850951,0.0012982858195322061,0.008615161408679389
338,2748,2302,0.013379669852302342,0.0019207751216148558,0.013491829042009986,0.004430929626411813,5.872051707417201e-05,0.007445710158353438
339,2748,2317,0.012688821752265857,0.0014898466824456414,0.01056092849962456,0.00582649978420371,0.0009248140424763206,0.006901606242417623
340,2748,2289,0.015290519877675835,0.002503153403424397,0.014569965305163305,0.006815203145478373,0.0008999815351118035,0.009322620294235919
341,2748,2304,0.012413194444444442,0.0020448846079012,0.011088091791740412,0.002951388888888887,-0.0004799262526066139,0.00506397761804859
342,2748,2303,0.011115935735996525,0.0013617804867956697,0.011516579103015779,0.003300043421623967,-0.0008518267298978582,0.006241872821402835
343,2748,2269,0.013574261789334506,0.0018197019120657783,0.013700891512105379,0.0043190832966064335,0.00029763490368727813,0.00758204491422694
344,2748,2290,0.015021834061135367,0.001328649435477612,0.012734932323022129,0.006244541484716155,0.0003147027343128029,0.007703936752784279
345,2748,2288,0.014597902097902094,0.002609877982816029,0.013624808136098144,0.004108391608391607,0.0002731595351291002,0.006814333463810774
346,2748,2301,0.0160799652325076,0.002681949096756267,0.015387070942362425,0.00712733594089526,0.000847482863977984,0.009619019721401428
347,2748,2330,0.011330472103004289,0.0015417133041513665,0.010208866437061238,0.004721030042918454,-0.00032165179061704465,0.0063777620802960245
348,2748,2303,0.012331741207121143,0.001745163415402357,0.01171902236760313,0.004168475900998696,9.548052298279492e-05,0.006704285227679479
349,2748,2331,0.012097812097812096,0.0021118660346553576,0.012392366576841899,0.0022737022737022725,-5.753929938853383e-06,0.0057133048524221795
350,2748,2294,0.01368788142981691,0.0019530786259605523,0.012273514243056186,0.004141238012205752,5.9453039344033045e-05,0.006395473888375834
351,2748,2323,0.01670253981919931,0.00287759925402403,0.014551088569282096,0.00718897976754197,0.0013358787934386544,0.008933871767787146
352,2748,2313,0.01625594466061392,0.0031015030533459937,0.01240130081799598,0.00609597924773022,0.0016263854198296432,0.006957948571957401
353,2748,2300,0.015304347826086952,0.002690416018127995,0.012988144228523088,0.005695652173913042,0.0009023795392912883,0.007439585292648788
354,2748,2330,0.012703862660944204,0.001962945015544644,0.01021540287275963,0.005708154506437766,0.00048325616535615227,0.006273817924640639
355,2748,2293,0.011600523331879631,0.0018721494735957943,0.011374336373934882,0.003052769297863059,-0.0006306621797199694,0.005709448118211987
356,2748,2350,0.01685106382978723,0.0028990976364548448,0.01660374906796373,0.00557446808510638,1.7264256378175948e-05,0.009183752779360708
357,2748,2304,0.013194444444444441,0.0019094793189531345,0.01228563679274779,0.004600694444444442,-1.329141407170334e-05,0.0069102440595983795
358,2748,2266,0.013327449249779343,0.0023110914407653174,0.012389920032384096,0.004810238305383934,-0.00019625265665838216,0.007076739278301633
359,2748,2325,0.014451612903225804,0.0028313814980531577,0.01516605455036653,0.003956989247311826,-0.0002484253041884848,0.007890949884616435
360,2748,2305,0.009110629067245116,0.0009472496956253967,0.007999999226446343,0.005509761388286332,0.0003765716176966255,0.006302802164296888
361,2748,2333,0.014316330904414917,0.002338451446155131,0.013823847662171363,0.00505786540934419,0.00032217666395868564,0.007888324688726729
362,2748,2338,0.014029084687767318,0.001108718153936982,0.012478646382987863,0.007656116338751067,0.001113722920811787,0.008767045082612581
363,2748,2327,0.011602922217447353,0.0018490302293411643,0.009913818573571683,0.0065749892565535,0.001374785504319473,0.007214737299123098
364,2748,2353,0.01070973225669358,0.001219478655085075,0.009998448806803851,0.003612409689757754,-0.00037482067765148077,0.005648115193859635
365,2748,2287,0.0119807608220376,0.001469757396928395,0.01094130653425947,0.006471359860078704,0.0006283049677354398,0.007805949818680854
366,2748,2281,0.017448487505480052,0.004126617985014445,0.01443327918822586,0.007189829022358614,0.0019575914560892157,0.008665161588695429
367,2748,2307,0.013263979193758123,0.0015895797700534895,0.012090834808001123,0.00485478977026441,-0.0008082250802748547,0.00694468648361006
368,2748,2284,0.015586690017513132,0.002176702773029098,0.015606539705853534,0.0064798598949211885,0.0005114219867556056,0.009341529531143535
369,2748,2309,0.015244694673018618,0.002529847092433294,0.014222612638889437,0.005456907752273709,0.0005248700534317292,0.008117170533987864
370,2748,2308,0.014471403812824952,0.0026044887977984483,0.013359556504118353,0.004159445407279028,-0.0002920235841182501,0.006750043659065511
371,2748,2258,0.014437555358724532,0.002288240806391595,0.012837675717631204,0.00478299379982285,0.0005307127532017637,0.006888968414981971
372,2748,2282,0.01560035056967572,0.002772039386416126,0.014589516088807935,0.006354075372480278,0.001169062067525531,0.008842609620576643
373,2748,2300,0.01669565217391304,0.002913111568362468,0.014209984792647167,0.0055217391304347805,0.0006539686533573693,0.007648464128667014
374,2748,2298,0.018624891209747606,0.003492726579906917,0.01649751926284168,0.006744995648389902,0.001030025729873591,0.009157126186012967
375,2748,2320,0.008534482758620688,0.0011387364863963256,0.00580378325271043,0.003448275862068963,5.3661585185969757e-05,0.003582670226928993
376,2748,2288,0.011538461538461536,0.0011126005386485483,0.012897049752496583,0.003583916083916082,-0.00045376209288224505,0.007138052148036019
377,2748,2322,0.014384151593453916,0.003186080912936343,0.013385251551747461,0.006373815676141255,0.0012579449414632962,0.008472160462281008
378,2748,2331,0.01381381381381381,0.002024626105947374,0.013223217214928333,0.004418704418704416,0.0005593854421451779,0.007191273511119404
379,2748,2331,0.012012012012012008,0.0016552301023107837,0.010254353343946088,0.00609180609180609,0.0015026636946173593,0.0069946337527269226
380,2748,2303,0.011984368215371253,0.0013737985569044395,0.012902292719611633,0.006252713851498044,0.00047271343205382315,0.008783422964974835
381,2748,2285,0.015842450765864328,0.0028109178323987207,0.012610840876592882,0.004682713347921224,1.5497310966668518e-06,0.006365845637171309
382,2748,2297,0.017849368741837176,0.003399659146280179,0.018696769837926043,0.008315193730953416,0.002165207658062196,0.01211871682458797
383,2748,2303,0.012071211463308723,0.0011571794613753886,0.011889526122671504,0.006122448979591835,4.226724123971823e-05,0.008249544802101593
384,2748,2305,0.01917570498915401,0.004489504554660499,0.016380998380299445,0.003904555314533621,0.0009008937141013279,0.006878794392888171
385,2748,2312,0.013754325259515567,0.0020954926875355463,0.013781373133120695,0.007309688581314876,0.0015983348986383927,0.009511308041052526
386,2748,2306,0.012922810060711186,0.0016960437170299052,0.012343979013375058,0.00542064180398959,0.00035217975328383173,0.007690192236258099
387,2748,2313,0.012019022913964545,0.0013349857657742018,0.01116594030509477,0.0022913964548205777,-0.000842596720753502,0.004938460506868068
388,2748,2304,0.01710069444444444,0.0033861563465004255,0.01474069418573579,0.0067274305555555525,0.0012198454471611035,0.008698905916192956
389,2748,2300,0.013043478260869565,0.0018863679159408064,0.010447679812757469,0.00443478260869565,-0.00031804606202592145,0.005517380343556128
390,2748,2295,0.008976034858387797,0.0009080561863405222,0.009145558186922241,0.003267973856209148,-0.0011536732557385005,0.005406595443799951
391,2748,2295,0.013943355119825704,0.0026210829920953497,0.011025172389491293,0.008540305010893244,0.0026764834392420324,0.008687566234467432
392,2748,2309,0.011693373754872236,0.0011050746026823783,0.01128437702001124,0.0038111736682546527,-0.0004211923869273463,0.006121293137395291
393,2748,2311,0.01618347035915188,0.0029888755784368923,0.013011599432693787,0.0048031155344006905,0.00012400478420879994,0.006354550926135467
394,2748,2327,0.014954877524709923,0.0026877643177045767,0.013765337439143823,0.005844434894714222,0.0010518890846919705,0.008097529371671332
395,2748,2330,0.012961373390557938,0.0023219133142001547,0.010777969857860614,0.004978540772532187,0.0004239291715802055,0.006205630911718245
396,2748,2315,0.012354211663066952,0.0019411761181004413,0.011957427890364901,0.0036285097192224618,-0.0006676488030394284,0.0063957687189743935
397,2748,2330,0.013218884120171671,0.0024827761115964967,0.01087861274961847,0.004463519313304719,0.0001842839065538764,0.0059078594451664745
398,2748,2324,0.011359724612736656,0.001634145133101894,0.0092112113281121,0.0043029259896729755,0.0002392464995355208,0.005357750929005503
399,2748,2288,0.01442307692307692,0.0018220217812659637,0.013056375431479158,0.006075174825174823,-0.00023842720208889443,0.007965873776904218
400,2748,2317,0.013983599482088905,0.002399964193211422,0.012855410547336181,0.001985325852395337,-0.0013222241331531325,0.005105477522158175
401,2748,2308,0.01403812824956672,0.0025138777563979134,0.012528993979337355,0.0038561525129982657,0.0002520438299469589,0.00608399330367024
402,2748,2282,0.017265556529360206,0.003065215977941881,0.015710838609245506,0.004820333041191936,9.830985060406381e-05,0.007935043276039461
403,2748,2306,0.014570685169124022,0.002236826169621506,0.014860893330967797,0.007632263660017344,0.0012141947442551365,0.010145917879455919
404,2748,2304,0.017708333333333333,0.0032366416716994068,0.016394643116815565,0.004513888888888888,0.0005688277511304784,0.007877403719057338
405,2748,2282,0.016914986853637157,0.0029131264951360726,0.015542878108900166,0.008019281332164766,0.0015894279731658956,0.010231244218217346
406,2748,2319,0.010090556274256143,0.001334193926860934,0.008483822825508792,0.0028460543337645522,-0.0004771770564937564,0.004351958967637658
407,2748,2301,0.017731421121251627,0.0031767628967373203,0.015484913781267512,0.00643198609300304,0.000907921856034795,0.00852927454955166
408,2748,2290,0.01414847161572052,0.002220931533788682,0.012142164955735339,0.003930131004366811,-0.0006249960883445676,0.006042715245708755
409,2748,2321,0.013270142180094785,0.002730752791029301,0.01089111938584744,0.003662214562688494,0.0005607299205455818,0.0053161565637864505
410,2748,2292,0.012739965095986036,0.0018605383610552555,0.012365662819688006,0.005191972076788828,-0.0003014445865159925,0.0075566165568217315
411,2748,2320,0.014137931034482755,0.0027281187035425344,0.012659590654827416,0.0051724137931034465,0.0013507595666814843,0.007155001762761555
412,2748,2267,0.013145125716806351,0.002838211980032126,0.011613221611396515,0.006352007057785617,0.0014022310061800776,0.007835238826666405
413,2748,2286,0.01181102362204724,0.0018068016491595473,0.011202847233368111,0.005074365704286962,0.00030065369735192567,0.006977023429100021
414,2748,2321,0.012322274881516585,0.001684551877529573,0.010456690933118195,0.004782421370099093,0.0003017482208791984,0.006097158507522052
415,2748,2309,0.011000433087916843,0.0015795813774249884,0.010476669843978458,0.005760069294066693,0.0011814176965853085,0.007356645553965829
416,2748,2280,0.01640350877192982,0.003693410570800871,0.015414258676837449,0.004166666666666665,-0.0008251164432994775,0.007468566535386341
417,2748,2336,0.009160958904109586,0.0006351198163139959,0.009407431115356598,0.003253424657534245,0.00047929755314907575,0.0055457682505690685
418,2748,2317,0.014069917997410442,0.0017459580390688002,0.014084362273399001,0.007423392317652135,0.0015184895339897218,0.009719038560519491
419,2748,2314,0.012618841832324975,0.0017675432969605825,0.0112833184953649,0.003197925669835781,-0.0003074188832954466,0.005410042508400725
420,2748,2268,0.014373897707231038,0.002812360123675446,0.012528782550143449,0.004717813051146383,0.00030730422320888985,0.006604032042271988
421,2748,2301,0.016775315080399825,0.002604290164428396,0.012468694818605745,0.004432855280312906,0.00032777100387092336,0.005680532955086157
422,2748,2319,0.01310909874946097,0.002181329226779392,0.014872788924292802,0.003061664510564897,-0.000469493766714638,0.00763884476819494
423,2748,2312,0.013408304498269893,0.0026870355582987726,0.012533876631485337,0.005666089965397921,0.0005562753574389641,0.007754590658242125
424,2748,2342,0.013236549957301448,0.0017624338296366778,0.013320898259483174,0.004397950469684029,-0.0004253233087873086,0.00744915384784602
425,2748,2308,0.014124783362218368,0.0025867810029052657,0.009891588960427303,0.006282495667244365,0.00044975878389674116,0.00610206999085776
426,2748,2302,0.011120764552562987,0.001819302196593186,0.010144005214396453,0.004300608166811466,-1.4443522642017245e-05,0.006078163542573723
427,2748,2275,0.016527472527472525,0.002246442671521318,0.01659190267960359,0.006241758241758239,0.00014790479971517142,0.00973084792881092
428,2748,2315,0.013650107991360688,0.0019657788881373467,0.013287247735813402,0.00587473002159827,0.0008433515987115829,0.008298612225553389
429,2748,2286,0.012335958005249342,0.0017902083962099689,0.012146911573590824,0.006474190726159228,0.0006047281623412677,0.008453184548350971
430,2748,2298,0.01731940818102698,0.0023586031072486305,0.01495402903719731,0.00578764142732811,0.00042518609923771546,0.007974508563490358
431,2748,2296,0.013240418118466895,0.00157818258368539,0.011675969711455637,0.005618466898954701,0.00036641477115153577,0.007150289675454335
432,2748,2329,0.013138686131386858,0.0024216910776349698,0.010963692095367007,0.0063546586517818785,0.0005525689377504707,0.007144205578931925
433,2748,2318,0.016479723899913715,0.003004589335593182,0.015760201302762185,0.00629853321829163,0.0018033792139994756,0.009288074499163197
434,2748,2298,0.011749347258485636,0.001643057374192132,0.010130930547830614,0.0035683202785030442,-0.0007012247805291749,0.00519396298902918
435,2748,2302,0.015899218071242397,0.0028782193966136196,0.012886865316448705,0.0038662033014769744,-0.000573978434521022,0.005853324651398968
436,2748,2338,0.01231822070145423,0.001560704095558203,0.011342528028414718,0.004319931565440546,-0.0008227217989479093,0.006479975714777089
437,2748,2306,0.013963573287077185,0.002697029167792532,0.011695979113953007,0.0061578490893321736,0.0011618009653926052,0.007186255220871624
438,2748,2292,0.011867364746945896,0.0011949665450828421,0.010226114863557968,0.003926701570680626,2.0572496425390486e-05,0.0056346071155045935
439,2748,2283,0.015418309242225137,0.0024819774179423116,0.012509275490200705,0.008103372755146734,0.001544996371636962,0.008781184169713609
440,2748,2332,0.012092624356775298,0.001314623492003537,0.012416367680159229,0.006732418524871353,0.0009301341046367302,0.00883735105995307
441,2748,2320,0.0096551724137931,0.0019634943603501574,0.00909122253112864,0.004525862068965516,0.0003238183770946253,0.005952676365988051
442,2748,2312,0.016003460207612452,0.003030301007747772,0.012943788243747003,0.007482698961937714,0.0009990429786631686,0.008215765797968318
443,2748,2303,0.01102909248805905,0.0007614746641175956,0.011960800229907252,0.0035171515414676485,-0.00017725644817123088,0.006789351284590484
444,2748,2305,0.01570498915401301,0.0026002871302510796,0.015174328578292949,0.004338394793926246,0.00031869480247564616,0.007664811451264399
445,2748,2287,0.012418014866637513,0.001691132946380408,0.010747888264273508,0.006646261477918669,0.0010285428005630684,0.007528187150346668
446,2748,2300,0.011913043478260867,0.0018381995555489291,0.010522681699962847,0.003304347826086955,-0.00011388535244935487,0.005170871780679069
447,2748,2284,0.01103327495621716,0.0015872995525041582,0.010254970382645771,0.0037653239929947443,-0.0005988614820192193,0.005712796778222363
448,2748,2309,0.016630576006929403,0.003615436027774747,0.014104822229684129,0.006106539627544389,0.000990431581321657,0.008025679163761032
449,2748,2292,0.014921465968586383,0.002338490716785788,0.011768642298525147,0.007809773123909247,0.001601297763314817,0.008244093356151928
450,2748,2315,0.016760259179265657,0.002884057715733379,0.015211874560791712,0.005529157667386607,0.0002762647221941975,0.008235553315715372
451,2748,2312,0.010726643598615915,0.000454423218892939,0.01084817753183644,0.0034602076124567458,-0.000842982436285764,0.006073387842427618
452,2748,2315,0.015896328293736498,0.0025609556889836477,0.013653609644996042,0.005874730021598271,0.0011492486778973418,0.007843813623281707
453,2748,2302,0.015812337098175495,0.0029695921256970635,0.014256362200041664,0.0038662033014769744,0.00010837823068730766,0.006648418570022977
454,2748,2307,0.011963589076723015,0.0015285669308031911,0.010438406183450162,0.007845687039445166,0.001767381712552214,0.008564311700942248
455,2748,2286,0.015223097112860889,0.002308155457229763,0.01347462507314658,0.004855643044619422,0.0003786912168775387,0.0071673317198332675
456,2748,2298,0.010095735422106178,0.0016434790239969184,0.008356521902120682,0.0023498694516971264,-0.00030679482476010677,0.004061509476287374
457,2748,2299,0.0119182253153545,0.0013863510735516848,0.011861750225585298,0.004393214441061328,2.5549892658507207e-07,0.007017311110054248
458,2748,2285,0.012866520787746166,0.0018442528937920668,0.010133055466757038,0.006958424507658641,0.0007045740500546508,0.007334037014362774
459,2748,2281,0.012362998684787373,0.001785639577733516,0.009983051912333224,0.00539237176676896,8.353512320400031e-06,0.006309436175397141
460,2748,2279,0.014743308468626587,0.002466696229132683,0.014704185587849533,0.004344010530934618,-0.0006026520392723374,0.0076605743871066955
461,2748,2291,0.011523352247926666,0.0020225879828847807,0.009310269355741236,0.0019642077695329534,-0.001165568032896006,0.0037346453303372844
462,2748,2300,0.017130434782608693,0.003086323293140725,0.013721582879373164,0.003913043478260868,-0.0002097049619199761,0.005952226946126755
463,2748,2300,0.014521739130434778,0.0017640534198951226,0.012984265530738939,0.005869565217391303,0.00028351639333560333,0.0078360873036561
464,2748,2317,0.013206732844195077,0.0015909836652429094,0.01059676219515082,0.003280103582218384,-0.0012508699866375687,0.0047253513869775
465,2748,2257,0.013557820115197163,0.0017975844751459958,0.012968192703519068,0.004164820558263179,0.00014560636038084127,0.007046705574869621
466,2748,2284,0.015936952714535896,0.002610758850122034,0.013041122369456799,0.00678633975481611,0.0009198653801183986,0.00793341927625552
467,2748,2310,0.011688311688311685,0.0018547123713456822,0.011333501955964461,0.0037662337662337643,-0.0003119149676862473,0.006185647551132726
468,2748,2323,0.01153680585449849,0.001323209695727397,0.009934144947989753,0.005811450710288418,-0.0005500392364546249,0.0065927995169446545
469,2748,2280,0.011491228070175436,0.0014496045219875378,0.011250729617632294,0.0048684210526315766,-0.0005633614871604243,0.007022658269274809
470,2748,2318,0.013891285591026743,0.0025195061962286877,0.01347031047240466,0.005953408110440033,0.0015166247135437424,0.008416258985783073
471,2748,2289,0.013280908693752726,0.0022792125974685426,0.011275458628711104,0.0038444735692442092,-0.0008679669919624083,0.0056283596257386895
472,2748,2260,0.014424778761061944,0.002014346386640367,0.012598024927773717,0.006725663716814156,0.0013152421754597657,0.008166017480109837
473,2748,2333,0.018259751393056144,0.0033527923014252366,0.01603671960097838,0.004843549078439776,0.0003912657026867122,0.0077521864775689595
474,2748,2292,0.011256544502617798,0.0015624464820366507,0.008780642678305006,0.006064572425828968,0.0002731505106011543,0.006286976896816583
475,2748,2295,0.01211328976034858,0.0019319748950077172,0.010417425551880811,0.003834422657952068,3.975216665008905e-06,0.005553255141978057
476,2748,2332,0.013121783876500856,0.002613572565845418,0.012539287707331625,0.0028730703259005133,-9.481523650638866e-05,0.006000741743031918
477,2748,2273,0.014870215574131103,0.0021038364837566333,0.013573835233817718,0.0037835459744830595,-0.0011064670971104706,0.006474561980412668
478,2748,2321,0.012580784144765185,0.0012695531933083883,0.012187641118820902,0.005687203791469192,4.6523334929740485e-05,0.007860540577910493
479,2748,2345,0.015948827292110872,0.002720380529550775,0.013092558309443985,0.004648187633262258,0.0004209657008028597,0.006643422753313698
480,2748,2282,0.013321647677475894,0.0022900743478644825,0.011901009257976191,0.006266432953549517,0.0006271355356852871,0.007864633587967525
481,2748,2299,0.012440191387559807,0.0019362258393989663,0.012026408728236425,0.0057851239669421475,0.0002443200179493706,0.0076908956646610715
482,2748,2309,0.013598960588999565,0.002682087608386969,0.012711416055819835,0.003984408834993502,9.216203934967057e-05,0.006578394803493936
483,2748,2268,0.014197530864197526,0.0026821848885734364,0.013821317510464993,0.005820105820105818,0.0010595835962778784,0.008349926737047295
484,2748,2291,0.018681798341335657,0.003260400334471478,0.017851002098845502,0.005630728939327803,0.00034897778828001525,0.009513505305904571
485,2748,2315,0.012354211663066952,0.0016212429737683604,0.01182955487207682,0.005529157667386607,0.000161431144831215,0.007561990458095566
486,2748,2302,0.012597741094700257,0.0014331404091013494,0.01146984824266372,0.004387489139878365,-7.82079886813931e-05,0.006581322119965005
487,2748,2324,0.011359724612736658,0.0020232018507075496,0.009226240805604996,0.0038296041308089478,0.00013925338807893437,0.005047757654270552
488,2748,2338,0.017450812660393496,0.003078856081403146,0.014751402656863439,0.00607356715141146,0.00042676196176237943,0.007991505796981132
489,2748,2294,0.018221447253705315,0.0034947376480528457,0.015515013226275357,0.005361813426329554,2.6633562305359733e-05,0.007863559299169192
490,2748,2298,0.01383812010443864,0.0018044298518428749,0.013237153911600403,0.0040905134899912945,-0.0005228064546408096,0.006879250370693492
491,2748,2296,0.012282229965156792,0.0019034520197903115,0.01124202746282501,0.0047909407665505215,0.0014255530314844559,0.006620995227389142
492,2748,2299,0.009830361026533273,0.001414717379406771,0.00807386293000643,0.0031752936059156133,-0.0005136610524719792,0.0043673428454484445
493,2748,2336,0.01626712328767123,0.00276835693039951,0.015205019202834185,0.004965753424657532,0.00016569051866251468,0.007802360080725877
494,2748,2308,0.014298093587521661,0.0027502043752911463,0.01280833353000769,0.0051993067590987855,0.0005754574069501567,0.00716166921507923
495,2748,2291,0.01230903535573985,0.0014076004347790393,0.011978222016615686,0.005194238323876035,-0.00019900365288513458,0.00745435517974726
496,2748,2266,0.013327449249779345,0.0025456102993869465,0.011988540341592012,0.0031332744924977914,-0.0009034863433546218,0.005554603266196523
497,2748,2279,0.015094339622641506,0.0026879167812917898,0.012163990219476738,0.00662571303203159,0.0012211932076191493,0.007648295218891977
498,2748,2316,0.01407599309153713,0.0021558490718416785,0.014911912289303894,0.004533678756476683,-0.00010875589766155403,0.00827040860803473
499,2748,2326,0.012209802235597592,0.0023262020580445673,0.012970771680852498,0.0031814273430782435,-0.0002736256034548225,0.006716689737226983
500,2748,2293,0.012996075010902745,0.0015015263198414049,0.01073568660015427,0.005625817706061925,9.220193959469679e-05,0.006624180709556723
501,2748,2329,0.013653928724774576,0.00174175579751217,0.01272172510891933,0.005367110347788749,0.0008846766100155074,0.007789352357622441
502,2748,2274,0.01627088830255057,0.0026597870201003158,0.015081502558436417,0.007343887423043094,0.0014007005445245096,0.00965870008488241
503,2748,2330,0.012618025751072957,0.002013935110967175,0.01102182316247703,0.007939914163090126,0.0017664428830067613,0.008602371276488788
504,2748,2302,0.0155516941789748,0.002737297889729272,0.011725012968986552,0.004908774978279754,3.0303664671948416e-05,0.00569983088547084
505,2748,2282,0.012532865907099034,0.002389183613078946,0.00930217745516739,0.003637160385626642,-0.000823552447416697,0.004625105059962505
506,2748,2279,0.014567792891619129,0.0025654640776489016,0.014096400692914311,0.0032031592803861324,-0.001004665069060451,0.006551554125262826
507,2748,2284,0.013485113835376528,0.0017471886123339461,0.01272498028407765,0.004378283712784587,6.475667178206199e-05,0.006933677996324086
508,2748,2280,0.011140350877192978,0.0019737607908476363,0.009075220037002915,0.0025877192982456127,-0.00037460965394817575,0.004153101168330569
509,2748,2294,0.01325196163905841,0.0015719288775032977,0.013708446217049943,0.007628596338273754,0.0010424851299817104,0.009672173887893747
510,2748,2346,0.015515771526001702,0.003004155554400993,0.014013347846897903,0.005754475703324805,0.0006377631881699771,0.008030168616147726
511,2748,2317,0.016141562365127315,0.002701376901216864,0.01417814472069104,0.005869659041864477,0.00047521143978644285,0.007954893466901322
512,2748,2280,0.014824561403508768,0.001949514183543575,0.012503874538753337,0.005350877192982454,-3.1430150393281706e-05,0.007093407425888842
513,2748,2325,0.016430107526881715,0.0029861043024045956,0.014744474273444982,0.005978494623655912,0.0003406737859303177,0.008342454872934139
514,2748,2318,0.012079378774805864,0.0017045668813883837,0.011432810190267508,0.005910267471958583,0.00035797820406089433,0.007633584802641763
515,2748,2299,0.015311004784688994,0.0021614449669222565,0.015613473831055626,0.0060026098303610255,-8.598700213570005e-05,0.009368805244398402
516,2748,2285,0.016017505470459516,0.00264396498223604,0.014604665217615189,0.004945295404814002,-0.00037484264342764657,0.007422535680593796
517,2748,2284,0.013485113835376528,0.0020699165351901797,0.011734838656175516,0.001488616462346758,-0.001659632395030733,0.004334370357759371
518,2748,2308,0.010831889081455803,0.0008723426213731883,0.009020467639266384,0.003986135181975735,-0.0008118305808066028,0.005231682486107244
519,2748,2310,0.012467532467532464,0.0019775156293539743,0.012081176991203691,0.004978354978354977,4.824306893813803e-05,0.007173429675262092
520,2748,2273,0.01223053233611966,0.0014313384050145131,0.011917396003270556,0.0065112186537615475,0.0010153121361344158,0.008409342747263949
521,2748,2334,0.016623821765209938,0.00261000748251736,0.014086145486106596,0.006898029134532988,0.0013003792183504136,0.008529635286834295
522,2748,2294,0.01412380122057541,0.002538396004113853,0.012705812420551967,0.0035309503051438517,-0.0009137461420995605,0.005982196055537914
523,2748,2254,0.014818101153504876,0.002271259209204962,0.01601796322849634,0.002972493345164151,-0.0005893071067776664,0.007595412881489632
524,2748,2268,0.012698412698412695,0.002477407770462751,0.012236600209484793,0.00458553791887125,0.0006774929863937231,0.006981422300154129
525,2748,2284,0.013747810858143604,0.0018845128228549637,0.011899111157266088,0.006348511383537651,0.000996953245406108,0.007910018341770927
526,2748,2312,0.013927335640138403,0.0016674540711446746,0.011332175084774564,0.004325259515570931,-0.0009154246204792982,0.005625327688911527
527,2748,2287,0.01582859641451683,0.002293061074318983,0.014938003564864476,0.0059903804110188,0.000728624668622855,0.008745571321832714
528,2748,2259,0.017352810978308982,0.003073711052424639,0.016133781867111733,0.005135015493581228,-0.00031092577081911284,0.008188512648730722
529,2748,2308,0.015944540727902946,0.002725422018889907,0.014604276023477147,0.0068890814558058905,0.0017088986746536913,0.009057015443013646
530,2748,2287,0.00918233493659816,0.0004908591240955804,0.008151393330784455,0.00459116746829908,-0.00030369414014689026,0.005508664186544019
531,2748,2333,0.01054436348049721,0.0012505415405916283,0.011338239114252822,0.0044149164166309455,-0.00022389099349935817,0.0073358949604336076
532,2748,2300,0.012782608695652172,0.0019040799227813667,0.010819524667241303,0.0029999999999999983,0.00019992356817779674,0.004992233036770271
533,2748,2274,0.013456464379947228,0.0029369703376324963,0.013354076197534034,0.004837291116974493,0.0012009399493368089,0.007627299272232755
534,2748,2291,0.01658664338716717,0.0037911318464920484,0.012858783564776204,0.0053688345700567425,0.0011384630236736092,0.006674594198971771
535,2748,2310,0.015670995670995665,0.0027285632287053674,0.014934459691020977,0.007056277056277054,0.0016812559826863845,0.009540957983784619
536,2748,2296,0.012979094076655049,0.0018685988739285478,0.010968867188874526,0.004094076655052264,-0.00041601468745492803,0.005764357614368054
537,2748,2316,0.015457685664939547,0.00314170031407518,0.014427215410664725,0.003842832469775473,0.00033000658270999114,0.007020299396665518
538,2748,2299,0.012788168769030009,0.0026590680372870603,0.01191032218873031,0.0036537625054371453,-1.5502239103419235e-05,0.006294413689027793
539,2748,2340,0.012307692307692304,0.002049359490702574,0.010360413867199856,0.003290598290598288,-0.0005526469643950215,0.0050269310803793075
540,2748,2305,0.016052060737527112,0.0031094904645075933,0.016060270998786635,0.005986984815618219,0.0005603707683661187,0.009368425613834866
541,2748,2286,0.01233595800524934,0.002074887350479217,0.010874164320986715,0.004986876640419946,-0.0002451567456324798,0.006714525335540721
542,2748,2326,0.015907136715391224,0.0030598435256437143,0.014539726710929445,0.0057179707652622504,0.00098612579200233,0.008175971719191329
543,2748,2303,0.018150238818931828,0.0036130245252032757,0.014964619353965375,0.008771168041684756,0.0019086336950059454,0.009799972041207793
544,2748,2322,0.014987080103359168,0.0025385744665378444,0.012499787229513207,0.006330749354005166,0.0016177315643983682,0.007621851526206087
545,2748,2327,0.01194671250537172,0.0024591130602526104,0.011234818967874788,0.005156854318865489,0.0008668851313168775,0.007208090160495315
546,2748,2320,0.017586206896551722,0.00343653362257633,0.0139277276165793,0.0059482758620689625,0.0010241338004796279,0.007260480422103165
547,2748,2322,0.01688199827734711,0.0029056224308226897,0.015945518911371477,0.00697674418604651,0.0011650000999651573,0.0096529604353216
548,2748,2321,0.015596725549332183,0.0024398841686536182,0.013746335132353337,0.006850495476087891,0.0010415741380546005,0.008496308742742735
549,2748,2275,0.01371428571428571,0.0025853193772870523,0.011893825885616525,0.006637362637362636,0.002055512377050664,0.008041219158632762
550,2748,2294,0.016041848299912814,0.002441395896907467,0.014352894892263468,0.006277244986922404,0.0004891007158131746,0.008354731082848831
551,2748,2309,0.01671719359029883,0.002704247713857136,0.014040807041054109,0.005976613252490253,0.00013597198073174799,0.007801935306082627
552,2748,2306,0.00980052038161318,0.0017962645335266138,0.009005611245672245,0.004032957502168255,0.00043639061943360764,0.005491686810533517
553,2748,2346,0.013469735720375103,0.001999455424353003,0.012245726943252065,0.00456095481670929,0.00037463709627128715,0.0068344756167648965
554,2748,2335,0.01481798715203426,0.002809847965110957,0.013725924271455045,0.0037687366167023528,-0.0010222226697036909,0.006734973264287073
555,2748,2330,0.014163090128755362,0.0029610740718350936,0.01238200032679036,0.00429184549356223,9.170673262354441e-05,0.006508418043725107
556,2748,2300,0.012695652173913042,0.0017850548885297497,0.01130825192729291,0.006086956521739129,2.482561451472197e-05,0.0073784774736063985
557,2748,2309,0.009441316587267214,0.0012446635201953978,0.008549808877580042,0.003551320918146381,-0.0007222610140053991,0.00505927901214347
558,2748,2302,0.013640312771503037,0.0023705254031709845,0.011016686225062999,0.003214596003475237,-0.0009854447895654237,0.004903031694748208
559,2748,2285,0.010153172866520786,0.0007742518407865089,0.009229882522250519,0.005120350109409187,-0.0005840445311969093,0.006049796182368195
560,2748,2298,0.01218450826805918,0.0015907572630161865,0.010867768930191616,0.004699738903394254,0.00023742849689716442,0.006324290757916506
561,2748,2282,0.014986853637160381,0.0023889275053477817,0.012620960870921018,0.005828220858895704,6.685204652576016e-05,0.007121382040839781
562,2748,2297,0.01166739225076186,0.0021157781676442644,0.010543036200875667,0.0034828036569438383,0.00041656030225513185,0.005566301211231933
563,2748,2340,0.01572649572649572,0.002801110063906896,0.013697316606486773,0.005683760683760681,0.0006726146777305167,0.007627476656697575
564,2748,2322,0.013436692506459947,0.0018666457277883583,0.01239358227422199,0.004866494401378121,0.0005385127184414745,0.007100709910392968
565,2748,2305,0.010585683297180041,0.0016546940489133015,0.008544358496091897,0.0032104121475054212,0.0003634113325615637,0.004297113241991711
566,2748,2317,0.016055243849805778,0.0029339636202680534,0.012690999304163342,0.005912818299525246,0.0003659083077262064,0.0071217523124581135
567,2748,2296,0.013240418118466895,0.0017098503882859168,0.01229836692927036,0.004442508710801392,-4.312590721078557e-05,0.006709203933971207
568,2748,2306,0.011882046834345183,0.0019337105557929702,0.012038485853093051,0.003946227233304421,-0.0004762386049595654,0.006802058952160025
569,2748,2294,0.013426329555361811,0.001762684246253393,0.012956525591269365,0.004054054054054052,-8.244999631537917e-05,0.006804166437627946
570,2748,2317,0.01217091066033664,0.0015488930596885648,0.011383357583456368,0.006344410876132929,0.0007096602289782092,0.007894460019085869
571,2748,2303,0.012158054711246197,0.0020796814099647743,0.00977069838084734,0.0052105948762483706,0.0008340557081316535,0.006046694321612618
572,2748,2299,0.013571117877337972,0.0013607256746300165,0.012126092389485376,0.006089604175728576,0.00019137819466575497,0.007616025178930411
573,2748,2318,0.010957722174288176,0.0014141279700960955,0.01053312210843653,0.0033649698015530615,-0.000781207994001704,0.005531619820140437
574,2748,2310,0.016796536796536796,0.0028952597899742985,0.01553617979731562,0.005324675324675322,0.0002314115219780053,0.008284019149167371
575,2748,2322,0.013608957795004303,0.002253811094535082,0.013166839480648219,0.0044358311800172245,0.0008455270135209585,0.007465758190013528
576,2748,2328,0.012886597938144327,0.0013096463941835188,0.011148948707615909,0.00438144329896907,0.00030816060160710894,0.006116821936338036
577,2748,2273,0.01152661680598328,0.0026705604933051235,0.010815520012250206,0.0025516937967443886,0.00012801217998658084,0.004867248396202779
578,2748,2309,0.011953226504980508,0.001557903232136443,0.012640733732406349,0.0060199220441749645,0.0008535178097217779,0.00842799511671524
579,2748,2287,0.012068211630957584,0.0012053424693829915,0.011123553368364859,0.0037603847835592464,-0.00045109837862525364,0.006025631276032228
580,2748,2276,0.012390158172231984,0.0017330911192101625,0.01080870896638011,0.002108963093145868,-0.0008509342261273728,0.004298087028987881
581,2748,2270,0.016299559471365636,0.0022198386969451227,0.014501982668066056,0.005594713656387663,0.0003883179633072089,0.007896958385144906
582,2748,2292,0.014746945898778358,0.0024649023614132545,0.013614576671362845,0.005061082024432808,0.0003702939590262826,0.007586317747392596
583,2748,2294,0.016129032258064516,0.003193185880121973,0.014340417955908792,0.0036181342632955523,-0.0005482295805836314,0.0063216486766635195
584,2748,2277,0.013087395696091346,0.002079408679558784,0.011766600760699585,0.00623627580149319,0.0005242770546949619,0.007795631637966969
585,2748,2327,0.016415986248388477,0.0029523744675375684,0.014583621523295558,0.005629565964761494,0.0009671689710142852,0.007969715507771301
586,2748,2302,0.011728931364031275,0.001502657894680833,0.012218522564586269,0.0048218940052128555,0.00021793784372879917,0.007548605255765455
587,2748,2306,0.015264527320034688,0.0026551153473456843,0.013182341258251792,0.003946227233304423,0.00046723406675455893,0.0064133199784187295
588,2748,2329,0.013739802490339199,0.0021985336631853295,0.013143648221599545,0.005066552168312579,0.0012640904504411272,0.007643247818603756
589,2748,2285,0.015229759299781178,0.0020592584108747223,0.014151215958321065,0.00297592997811816,-0.0009060444162151099,0.006177401215345819
590,2748,2308,0.015424610051993064,0.0029718074662055246,0.014750680952449179,0.004289428076256497,-0.00014939240506041816,0.007541515228669406
591,2748,2285,0.010765864332603934,0.0016232449009301643,0.010390413628552931,0.004770240700218817,0.0002852256537070635,0.006689209996341671
592,2748,2298,0.012010443864229763,0.0021379705728536056,0.013527694364396459,0.0034377719756309806,-0.0008503111178852664,0.007326936859723565
593,2748,2286,0.01259842519685039,0.002064333000427724,0.009854678559500238,0.004811898512685912,-5.985773182441989e-05,0.005559064238888292
594,2748,2342,0.010076857386848844,0.0007736391663252534,0.009240502323919037,0.0033304867634500407,-0.00032740523711378424,0.005212268757644258
595,2748,2310,0.01991341991341991,0.004471337501885525,0.016979832276403574,0.006147186147186145,0.0009716532342891704,0.00862524199383937
596,2748,2310,0.01532467532467532,0.002986320386783708,0.012883262653171244,0.0047186147186147175,0.0003918828929204242,0.006627027796877629
597,2748,2292,0.013438045375218147,0.002112667015488249,0.012443935496079313,0.0034031413612565426,-0.00038744659590472536,0.00616035845608245
598,2748,2292,0.010820244328097728,0.0013409483279350955,0.010480614060836946,0.003708551483420592,8.87409337985814e-05,0.0059423573546032215
599,2748,2298,0.012532637075718011,0.0008319856466984123,0.00994182178777185,0.0040469973890339414,-0.0007083075999791695,0.005233691158673428
600,2748,2313,0.015131863380890615,0.0022735998931938824,0.012773349276768965,0.005058365758754862,-0.00027384007150417234,0.006888375343783409
601,2748,2328,0.013831615120274912,0.0014548780706616026,0.011839953289542744,0.0036941580756013736,-0.0004241787110025139,0.0057085022491523444
602,2748,2265,0.014216335540838848,0.002620959527710683,0.013745411344079712,0.0025607064017660022,-0.0002383261076973971,0.0060127573606998455
603,2748,2302,0.015030408340573412,0.0020506740933833073,0.0145786621311958,0.006776715899218069,0.0007355902425427924,0.009266573646903793
604,2748,2325,0.01608602150537634,0.0030950788918378503,0.013259024925803994,0.00468817204301075,0.0004944569748961661,0.0066587432706009895
605,2748,2299,0.01531100478468899,0.0025359714665485495,0.013888025074280089,0.005567638103523268,-0.000327860670652577,0.00792258141866918
606,2748,2306,0.00980052038161318,0.0013911410707185506,0.010472040622297845,0.003989592367736338,5.515450048332561e-05,0.006512302088638286
607,2748,2300,0.011652173913043476,0.0017624959733686905,0.00993114794542236,0.003999999999999998,-5.788613257764045e-05,0.005415908102000168
608,2748,2309,0.014032048505846682,0.0027171684248271993,0.011653689060512083,0.005197055002165436,0.00014439321210579618,0.00665773349858213
609,2748,2300,0.01034782608695652,0.00113097386115232,0.009291390052256567,0.00343478260869565,-0.0007728606236113902,0.005146335984267909
610,2748,2279,0.015620886353663885,0.002651380760109156,0.01325020704728777,0.006143045195261078,0.0005262612181583004,0.007566577010388373
611,2748,2283,0.012439772229522555,0.0013012450250541358,0.011377495962563985,0.0037669732807709137,0.00025683022492388057,0.005936127513495087
612,2748,2267,0.014292015880017644,0.0019653218788549614,0.011518521776005585,0.007454786060873397,0.0013173872057926188,0.008024563639733402
613,2748,2302,0.015204170286707208,0.002422380126284924,0.01156549735485566,0.005430060816681145,0.0007528526968782758,0.006271748866265675
614,2748,2313,0.011500216169476867,0.0017306292438681566,0.008990564792465473,0.003199308257674014,-0.0008305525441066251,0.004472646365120902
615,2748,2296,0.018031358885017418,0.0037154802358493654,0.01606785150813159,0.006576655052264806,0.0004732369439651824,0.00901327462431415
616,2748,2277,0.011682037768994288,0.0018806500139342676,0.009326337144391404,0.0049187527448397,-0.00016819836717946128,0.005716142537720522
617,2748,2318,0.016134598792062117,0.003121650871677439,0.012881162204236947,0.00526315789473684,0.0003068785852038528,0.006644104427089519
618,2748,2321,0.013442481688927184,0.002233996698876565,0.01178779561805546,0.004437742352434292,-0.00013769371572532656,0.006475545466880117
619,2748,2264,0.011307420494699644,0.002029735017576851,0.010298338232534673,0.004372791519434627,0.00041092221637265296,0.006181792557044089
620,2748,2309,0.013252490255521868,0.001984711077190475,0.011467742877943048,0.0053702901689042844,0.0003180737116324014,0.006886659585809099
621,2748,2325,0.012387096774193545,0.002072662657481971,0.00965805704379523,0.006279569892473117,0.0006128027552494143,0.006697523723116134
622,2748,2300,0.009478260869565215,0.0011355499665057617,0.00884244635321956,0.00017391304347825904,-0.0019481065680500207,0.0028156399053588166
623,2748,2316,0.010880829015544038,0.0009001539129471699,0.010651745608093323,0.0027633851468048345,-0.0011263237837690636,0.005312559211276423
624,2748,2316,0.013903281519861825,0.0021300793980626492,0.012791779679831954,0.004835924006908461,2.1412210354607235e-05,0.007181698196863637
625,2748,2315,0.010885529157667384,0.0019566668372889935,0.01074668658171185,0.0038444924406047503,0.0011428871449922417,0.006243409722241287
626,2748,2315,0.014514038876889847,0.00249470884175863,0.013234519999094408,0.006177105831533476,0.0012873650476221187,0.008213483967924772
627,2748,2323,0.014550150667240636,0.0022153052241850268,0.012903327233146425,0.005122686181661642,-3.1800710253472064e-05,0.00709738054327885
628,2748,2318,0.010267471958584984,0.000151175324964112,0.009506890374521015,0.006557377049180326,0.00013590020106121767,0.007489152455744723
629,2748,2327,0.01254834550923936,0.0018354980313752304,0.010864138253429328,0.00515685431886549,-0.00014774524135059843,0.006566364238801794
630,2748,2315,0.013045356371490279,0.0012912379564679573,0.012577369730917127,0.002937365010799134,-0.0007562019309080616,0.006003147334032538
631,2748,2330,0.012360515021459224,0.0021263862246919123,0.01386639297789303,0.0036480686695278953,-0.0003026428646536632,0.007605117027467773
632,2748,2293,0.01552551242913214,0.00276436725658081,0.014713472283494641,0.005974705625817704,0.0002847699242829255,0.008741543441758802
633,2748,2310,0.01636363636363636,0.0036888943454652435,0.014196019267010524,0.005930735930735929,0.0010965461072029014,0.007955146044042271
634,2748,2280,0.01596491228070175,0.0028913445442993236,0.014319235203969409,0.005921052631578945,0.00021303754670218785,0.008132560744802432
635,2748,2318,0.014926660914581533,0.0027724216355899996,0.01296115125491149,0.005694564279551335,0.0006236988997638864,0.007425941757188111
636,2748,2294,0.011944202266782908,0.0021060544803253142,0.009907418003259946,0.003879686137750652,0.00012255530795071934,0.0054123088018785456
637,2748,2313,0.010376134889753563,0.0016043071141138884,0.011533157026077857,0.00639861651534803,0.0005669212757955222,0.008627520638852493
638,2748,2304,0.012673611111111108,0.0018199978211474116,0.01244320896804324,0.004991319444444442,-0.00019814286801872596,0.007512744219135264
639,2748,2292,0.013438045375218147,0.002574232274864791,0.011225109822119031,0.005628272251308898,0.0008634637550589773,0.006803394236972911
640,2748,2315,0.01624190064794816,0.0022210430189794593,0.014062616767247186,0.0057451403887688966,0.00026187716550323437,0.007856934200752352
641,2748,2280,0.012368421052631577,0.002671102268484196,0.009454588227927864,0.001315789473684209,-0.0015849865633537782,0.0029674702705088747
642,2748,2300,0.013913043478260867,0.0019882751972763826,0.012941130708378275,0.003478260869565215,-0.0006071057388432373,0.006325242466465362
643,2748,2307,0.015604681404421323,0.0031130677451332665,0.013965869995705699,0.005765062852188988,0.0022466341351853256,0.007952165162655575
644,2748,2339,0.0125694741342454,0.0018992739937799593,0.01145731865380487,0.005643437366395894,0.0011828381437443203,0.007293514842875064
645,2748,2278,0.012993854258121157,0.0016728372287435711,0.01102696628106918,0.006892010535557505,0.0012169654598720421,0.007845462001125635
646,2748,2318,0.01699741156169111,0.003061789973291968,0.013254707986659493,0.0065142364106988765,0.0012906593104262043,0.0075104053403052505
647,2748,2291,0.014578786556089041,0.003317098956276315,0.013325939920410835,0.005630728939327802,0.0010796074353117903,0.007781604764106907
648,2748,2269,0.012604671661524899,0.0022806671016688085,0.010785433729337818,0.0026884089907448197,-0.000595943926623023,0.004735183640409824
649,2748,2301,0.01425467188179052,0.0022195996240057594,0.013138312019797658,0.004302477183833114,-0.0004911459841813948,0.006727059843114517
650,2748,2253,0.013581890812250329,0.00271192115642797,0.013700441317034358,0.00594762538837106,0.0014050258969795421,0.008586008801069548
651,2748,2294,0.01586748038360941,0.0030292143722920146,0.014574393769090983,0.0055361813426329535,0.00047412429147810096,0.008009755926176327
652,2748,2316,0.011744386873920551,0.0015053690160009515,0.011739955686124388,0.002892918825561311,-0.0006532002860401811,0.005985975033891953
653,2748,2266,0.013945278022947923,0.002693187643961328,0.013316086286551523,0.005339805825242717,0.00019540618075893342,0.007768237809558551
654,2748,2323,0.014808437365475675,0.002684819407514985,0.011762405141740866,0.005251829530779162,-0.00023210652351138245,0.006401017353810449
655,2748,2302,0.017028670721112072,0.0030471637798827763,0.014050336685778889,0.006168549087749781,0.0005888186941546091,0.00783852694145702
656,2748,2303,0.012852800694745979,0.0015485296224648883,0.014268922158174348,0.004081632653061222,-0.0007614240891583445,0.007918815931894899
657,2748,2298,0.009138381201044384,0.0013851257879472696,0.007222347609008981,0.005047867711053088,0.0004362508245721042,0.005270461770066144
658,2748,2300,0.012347826086956521,0.00229967920201878,0.010474556173257741,0.0026521739130434766,-6.40147412816793e-05,0.00472330321848829
659,2748,2311,0.009173517957594112,0.0004979438436228934,0.008744314904165733,0.004630030289917783,-0.0007033227942784856,0.006025330903623652
660,2748,2345,0.012110874200426435,0.0014473498768463038,0.01242611536626747,0.005756929637526651,0.0004951870844156314,0.00827650037641206
661,2748,2333,0.008144020574367763,0.0006822704591743517,0.00711604992192995,0.0053579082726103715,0.00029945491792454973,0.005743729660721545
662,2748,2295,0.017254901960784313,0.0030376172613334343,0.01544565914164341,0.006492374727668843,0.001225825050463353,0.008871321545719266
663,2748,2291,0.01187254474028808,0.0016807231850240023,0.011359824682764842,0.0044958533391532066,0.0003462729084996054,0.006789670556464018
664,2748,2307,0.01309059384482011,0.002347976746534414,0.011073176280082062,0.0061118335500650175,0.0010277165770967715,0.007165767060486596
665,2748,2300,0.015391304347826087,0.002011859791999545,0.014418883539595511,0.0054782608695652145,1.0740009913932863e-05,0.008300199465234004
666,2748,2330,0.012703862660944204,0.002174097145713173,0.013641426717612508,0.007124463519313303,0.0011704881970386355,0.009833256078215695
667,2748,2277,0.016864295125164686,0.0030044621429704973,0.01585844508800679,0.005270092226613963,0.001335467906465593,0.008485589855067616
668,2748,2328,0.014862542955326458,0.0022276934899645297,0.013913572090392966,0.003994845360824741,-0.00076042762330277,0.00689941611481698
669,2748,2309,0.014118666089216109,0.0023542631296213754,0.012058977059372283,0.004677349501948894,0.0006982210721233417,0.006551074450747775
670,2748,2273,0.01355037395512538,0.0021433255221300156,0.014082700472660649,0.003915530136383633,0.0003517942913876002,0.007412216944811994
671,2748,2283,0.00963644327639071,0.0007426317012479795,0.008264708364356277,0.003985983355234339,-0.0005194544421419857,0.005105927292046324
672,2748,2256,0.010460992907801416,0.000820614132707185,0.011274949859953084,0.003945035460992906,-0.00039522063991886426,0.006657939478974478
673,2748,2302,0.00990443092962641,0.0012002012861227315,0.009131349631721353,0.0023457862728062536,-0.0004867114212469895,0.004445091179193298
674,2748,2273,0.012934447866256046,0.0018070135332077675,0.011466543075141023,0.004663440387153539,-0.0004912867177542545,0.006545997440195169
675,2748,2328,0.016838487972508587,0.002750688029373422,0.016410031430180296,0.005498281786941578,0.00025569891471804307,0.009020959976432092
676,2748,2330,0.015021459227467808,0.0025967466727957853,0.01302498569353723,0.0036051502145922724,-0.0005623584605894001,0.005961620677242963
677,2748,2300,0.013826086956521736,0.0022386523423257357,0.012697568750483402,0.005086956521739128,0.0002110469218684648,0.007249711471755416
678,2748,2329,0.012795191069128378,0.002151569535248783,0.011672955885458204,0.0051953628166595085,0.00027420011201975566,0.00705089086836163
679,2748,2297,0.016107966913365256,0.0031736425715462825,0.014446373754717341,0.007096212451023072,0.0014771942590714195,0.008968103972110043
680,2748,2294,0.014646904969485609,0.0023798950332733697,0.013623750784434032,0.0055361813426329535,0.00021463706873180182,0.007748745953495764
681,2748,2298,0.009747606614447343,0.0015905371837952236,0.009395486611364932,0.004482158398607482,-0.000179179324726369,0.0062499772552357296
682,2748,2321,0.011374407582938385,0.0013860522531252315,0.009773411114403305,0.003360620422231795,-0.000464283465257424,0.005053600933219765
683,2748,2280,0.012192982456140346,0.0019756164790680555,0.011863781169161612,0.005789473684210524,0.0003911272141539609,0.007744075302975776
684,2748,2327,0.010915341641598622,0.001327163144557369,0.007198413174274309,0.0023205844434894696,-0.0007195814522129182,0.0028137241763328625
685,2748,2305,0.013882863340563989,0.0020435841665445453,0.012366191978838386,0.004338394793926246,-0.0001951587807297223,0.006579225922135198
686,2748,2299,0.014267072640278381,0.0031224606615178263,0.011376568273856653,0.0041757285776424504,0.000321141058788086,0.0055309555921785195
687,2748,2307,0.011183355006501947,0.0015195751874570308,0.010999723417117444,0.004898136107498915,0.0008231350879736113,0.007172353171755523
688,2748,2294,0.013775065387968612,0.002285520359141959,0.011985029017109848,0.004141238012205752,0.0002552990104843744,0.006330943521951417
689,2748,2312,0.012543252595155705,0.001423402303103938,0.010398370790662864,0.00315743944636678,-0.0016269363331583649,0.0047286628701130986
690,2748,2298,0.015230635335073975,0.0020694198408506862,0.014217854158961372,0.0039599651871192335,-0.0004948027893978256,0.006901449129156152
691,2748,2321,0.011719086600603184,0.0016383049288376942,0.012328310178877646,0.005170185264971993,0.00035757825424841296,0.007877736083257779
692,2748,2296,0.011324041811846689,0.001871341755679163,0.011544527643965756,0.006620209059233447,0.0008604900572332307,0.00849480983121079
693,2748,2323,0.013430908308222125,0.0023775554511533624,0.013702561241056722,0.005208781747739989,0.0002532717075458602,0.008274763849707404
694,2748,2329,0.01382567625590382,0.002548388108624588,0.012145866868028652,0.005624731644482608,0.00018308280396174914,0.007373528639930503
695,2748,2304,0.017447916666666664,0.0035806364540121437,0.013646979798036972,0.005078124999999998,0.0006552551151477095,0.006748524572787041
696,2748,2313,0.010722006052745347,0.0019006967466220414,0.010082407997881916,0.005317769130998701,0.0010063957247034433,0.006769036895732338
697,2748,2271,0.0162043152796125,0.0025609473173101483,0.014488754966834846,0.005063848524878905,-0.0002820111456426555,0.007459938679157366
698,2748,2286,0.013035870516185474,0.002061907704740695,0.012278412380067171,0.005905511811023619,0.00029124192912146995,0.007795452398840997
699,2748,2297,0.010883761427949496,0.0017449213299414305,0.00956781292532862,0.004527644754026989,0.0006102516919321671,0.005864944727136646
700,2748,2314,0.014261019878997404,0.002273209561905208,0.01218166798622416,0.0064390665514260995,0.0015927950050634303,0.007676369644654781
701,2748,2307,0.009969657563935844,0.0014876677049068011,0.008604987901775276,0.003641092327698307,-0.00035610497462115406,0.004892643665965716
702,2748,2341,0.00991029474583511,0.0014567497214666668,0.008694969195383427,0.004314395557454077,-0.0002440961665223811,0.005397775534306428
703,2748,2324,0.011445783132530118,0.0014933520930580386,0.009616871981315554,0.0018072289156626487,-0.001603825928463506,0.00381947089180468
704,2748,2283,0.01620674551029347,0.0034386516708490556,0.01472323641210869,0.007314936487078404,0.0015927193760788413,0.009409872758132877
705,2748,2299,0.01365811222270552,0.0021707821499084333,0.013482870474745069,0.004741191822531533,0.0004125538741636636,0.007674001788772784
706,2748,2307,0.012657130472475072,0.0014107653677398128,0.010999874653384633,0.0035543996532293003,-0.00014332357726087113,0.005407753918107393
707,2748,2330,0.009184549356223174,0.0007992799956021764,0.009107216982006873,0.002317596566523604,-0.0013022397371709618,0.004708648555568918
708,2748,2262,0.011494252873563216,0.0011918970113668356,0.010345490508840306,0.004155614500442085,6.766049052260219e-05,0.005821284558639332
709,2748,2278,0.017822651448639155,0.0024936585096230006,0.01633842765276854,0.006057945566286214,0.0008514585864126662,0.00896676147677008
710,2748,2297,0.00975185023944275,0.0011756420819804467,0.00921303428778343,0.0032651284283848484,-0.0010194159282000648,0.005048462819462268
711,2748,2267,0.017468019408910452,0.003497800199785057,0.0154211315423652,0.006660785178650196,0.0005053375167981116,0.008922677447101549
712,2748,2280,0.0143859649122807,0.002515112776472442,0.01445085587422198,0.00526315789473684,0.0008928828397450504,0.00835953933547712
713,2748,2312,0.012889273356401382,0.002050678433072022,0.013898582649833624,0.0031574394463667796,-0.0005528419453774687,0.006887443914249827
714,2748,2307,0.012830515821413088,0.0017041623172655265,0.011679173669647372,0.003641092327698308,-0.0009971621411192055,0.005918241041000301
715,2748,2292,0.01579406631762652,0.0034278322554838025,0.015336999638315155,0.004842931937172774,0.0011704213965058443,0.008145880307773256
716,2748,2309,0.011000433087916843,0.0015870624798257225,0.010283798392612252,0.003551320918146382,-0.0005049220867904492,0.0055707326988508185
717,2748,2282,0.014460999123575808,0.0022150387071528067,0.013689427359860161,0.005214723926380367,0.0006162872220800045,0.007919099596365269
718,2748,2342,0.012980358667805291,0.0018229808048285502,0.011173249215119346,0.006789069171648163,0.0013859428700601342,0.007659392296973305
719,2748,2295,0.01437908496732026,0.0024658841428167816,0.011419019003262074,0.0053594771241830055,0.0005994668613950978,0.006337033614922283
720,2748,2315,0.015723542116630667,0.0026516524818533597,0.014879316899112259,0.006004319654427643,0.0003054959001482458,0.008730374170601189
721,2748,2307,0.011009969657563934,0.0018476103935911063,0.010361439801095428,0.002817511920242738,-0.0006180426798470663,0.005259264827591451
722,2748,2309,0.010827197921177995,0.0020345099254572034,0.010107452989008236,0.003031615417929838,-0.0004359661714293863,0.005411957854681621
723,2748,2338,0.013173652694610776,0.0017672269861518477,0.012785783858584233,0.003550042771599656,-0.00029770392092814594,0.00636903433716547
724,2748,2300,0.011999999999999995,0.0022736024618248366,0.01046044411609151,0.0040434782608695635,0.0011172926265801823,0.005867428739562439
725,2748,2314,0.013137424373379426,0.0028046071557343917,0.01045038498667156,0.003673292999135694,-0.00018238863982039834,0.005140553344254745
726,2748,2322,0.014814814814814812,0.0022432150199269015,0.014050172849699328,0.006761412575366062,0.0013325149272263553,0.008985092681388866
727,2748,2289,0.013193534294451722,0.0020892891412847637,0.012903598448307737,0.004106596767147224,-0.00016990220029554194,0.007014502035468801
728,2748,2292,0.014659685863874342,0.0023283569294144007,0.011888819522246984,0.004363001745200696,6.980004816493178e-05,0.005853028284313871
729,2748,2312,0.012716262975778544,0.0013237425191304868,0.013335653156072828,0.004844290657439444,1.2409229675709286e-05,0.007774958486635929
730,2748,2293,0.01142607937200174,0.001135035409023711,0.010817010476921058,0.005843872655909287,0.0004377088893461032,0.007570606644893873
731,2748,2302,0.014161598609904428,0.0016504817616260275,0.013670757259347114,0.006255430060816679,0.0004410314970148461,0.008480914996696235
732,2748,2293,0.011513301351940687,0.0018159868267133615,0.00889979283018845,0.003924989097252506,-0.00015810488852834167,0.004882829866789674
733,2748,2299,0.01278816876903001,0.0022048765614724607,0.01416245062939546,0.0034797738147020426,-7.01781635153632e-05,0.007445870131503093
734,2748,2326,0.017884780739466893,0.0031353337072508856,0.016900243528183412,0.007179707652622526,0.001689512318511399,0.010203355626885636
735,2748,2273,0.01240651121865376,0.001934499020586959,0.012933075503905623,0.005983282006159258,0.0008234774235109828,0.008600349874601673
736,2748,2300,0.009652173913043474,0.0005256235567438285,0.009736897690562527,0.004652173913043477,0.0008069141018935952,0.006723224606977601
737,2748,2302,0.016159860990443087,0.0015234932144861893,0.01465281415448422,0.005821025195482187,-0.0007169399993783583,0.0081015623395829
738,2748,2272,0.012588028169014082,0.0020968078977864355,0.011518608334398574,0.004357394366197181,0.0003226946244602498,0.006445630513924966
739,2748,2325,0.013935483870967741,0.0026174379528472683,0.013109884390206925,0.0034408602150537617,-0.0006613339196963482,0.006332984595795362
740,2748,2279,0.010179903466432645,0.0014205096711351793,0.010247094607606916,0.005397103992979375,9.512050687261967e-05,0.007175631414716361
741,2748,2304,0.011371527777777774,0.001062039906437207,0.010865324715432435,0.0046440972222222205,-0.0004425461677349596,0.006747696565811003
742,2748,2300,0.00852173913043478,-0.00013447705122302653,0.010044428744911944,0.003565217391304346,7.303844456253766e-05,0.006160909469573999
743,2748,2309,0.011260285838025116,0.0011176799731835406,0.011432267489228388,0.005283672585534862,0.000622156025220948,0.007512089269158242
744,2748,2305,0.013796095444685463,0.002705131936636678,0.012216335334699362,0.0047722342733188695,0.00043794176118432235,0.006780102876441148
745,2748,2298,0.010966057441253263,0.001576437313406959,0.010753643041844157,0.005047867711053088,-5.4843705040262754e-05,0.007030910270223025
746,2748,2291,0.013531209079004798,0.0024257277268831257,0.01197252922459201,0.004321257092972499,-0.00013323396312750558,0.006380900315822911
747,2748,2313,0.01331603977518374,0.001406053697862394,0.012296876392799479,0.003285776048421961,-0.00040786427043434356,0.005858302386278448
748,2748,2290,0.01467248908296943,0.002411381598957305,0.013883171253621075,0.00524017467248908,0.00040863713468324047,0.007798639497066548
749,2748,2337,0.01172443303380402,0.001960501791632963,0.010884053683695306,0.003252032520325202,-0.00010431680359502037,0.005634827988813663
750,2748,2312,0.013148788927335637,0.0018326959835384784,0.011675715937602294,0.00588235294117647,0.0011278202097453184,0.007411071337476908
751,2748,2299,0.013397129186602866,0.00244299614117351,0.014997125072455805,0.004436711613745104,0.0005254232515989357,0.008527225578365627
752,2748,2269,0.013486117232260906,0.0019318010377109287,0.010724479767834137,0.004892022917584838,0.0002769124833696165,0.00578999343426553
753,2748,2315,0.010280777537796972,0.0009300941002458674,0.009971416332331404,0.002591792656587471,-0.0004654310828866974,0.004894854751394823
754,2748,2323,0.011967283684890227,0.001719558953314205,0.010999685558716646,0.0059836418424451115,0.0008332538375590674,0.007405615791623284
755,2748,2311,0.01505841627001298,0.0026186805298564187,0.012150085582487142,0.006101254868022499,0.0009548892645460238,0.0071873987419211055
756,2748,2290,0.01694323144104803,0.003924710260770172,0.015443322335153385,0.0063755458515283815,0.0014279731975177965,0.00901029910515173
757,2748,2257,0.014178112538768273,0.0023870000578177972,0.011778330507904475,0.003411608329641115,-0.0007627484064453151,0.005520929413547364
758,2748,2296,0.015418118466898952,0.002351214355706244,0.013662531853067986,0.005705574912891984,7.438742248810027e-05,0.0077782441090138
759,2748,2299,0.013919095258808174,0.0022645958073103218,0.012126473823634739,0.004349717268377553,-3.419278046615084e-05,0.006230511679257764
760,2748,2293,0.01578717836894897,0.0029287896009632794,0.014285210178847554,0.004491931966855645,0.0011564869924415406,0.007239120910694571
761,2748,2300,0.01069565217391304,0.001314894618116951,0.010616030702384425,0.004391304347826085,-0.0005645902849138277,0.006615449296659456
762,2748,2287,0.015916047223436813,0.0022302993967612712,0.014055101835000108,0.006209007433318756,0.0007867264328080286,0.008178862642202717
763,2748,2280,0.012543859649122805,0.0019653478522068807,0.012877819280768223,0.0048684210526315766,-0.00011739677220018452,0.007574619614733983
764,2748,2313,0.014699524427150883,0.0023321912549846757,0.013450626154897512,0.002896670990056202,-0.0005855596782447437,0.005930123881444622
765,2748,2296,0.013327526132404179,0.002066789542263325,0.013821146486669282,0.005836236933797907,0.00035348962179172116,0.008738845350225517
766,2748,2313,0.014007782101167312,0.0022902460187087977,0.014285886939718374,0.004669260700389103,-0.00018685951022095852,0.007991614395907998
767,2748,2310,0.011688311688311685,0.001937397737861632,0.009200086535785678,0.003549783549783548,-0.00013747865090762266,0.004796549801671536
768,2748,2321,0.015079707022834982,0.002917860446832691,0.013699964965523068,0.0031882809133993955,-0.00015562842018548292,0.006323784408648428
769,2748,2335,0.013361884368308348,0.0019330066790426011,0.011506288289860743,0.004282655246252674,3.7915166405969806e-05,0.005911947915730974
770,2748,2306,0.010234171725932347,0.0012153678419946662,0.009906260671797775,0.0031222896790980025,-0.00016012907005321397,0.005436823092797077
771,2748,2339,0.01008978195810175,0.001573970520312244,0.008460335591356602,0.0041898247114151325,2.3563938174655125e-05,0.005195434464087347
772,2748,2304,0.015451388888888886,0.0025072831110449197,0.015321612212224167,0.006684027777777776,0.0009020269326770482,0.009423781269291066
773,2748,2318,0.012855910267471954,0.001863854797328768,0.012483681728029902,0.005435720448662638,0.0008647799282398485,0.007635350436592347
774,2748,2289,0.01371778069025775,0.0018502775657390413,0.014070232230918217,0.005460899956312799,0.0013259655305623782,0.008702215756402903
775,2748,2299,0.014789038712483686,0.0022611394199833017,0.014931598845888263,0.004784688995215309,0.00017808878335622444,0.008121289210529507
776,2748,2303,0.013808076422058183,0.0024964396192642744,0.013907761783211294,0.0042553191489361685,0.00019693947682500047,0.00762308569875344
777,2748,2310,0.013679653679653677,0.0023672447901641773,0.01239534872231373,0.0045021645021645,-3.4237692067881814e-05,0.006739453898855155
778,2748,2305,0.009978308026030365,0.0011472771765648896,0.0094751004132854,0.0034707158351409964,-0.00023195275348104056,0.005304029762067755
779,2748,2301,0.01755758365927857,0.0028772238591316347,0.016551898747084962,0.0055193394176445,0.0002370034901815562,0.008637082909081361
780,2748,2311,0.016702726092600602,0.0033343120686503197,0.01414414344504011,0.005538727823453049,0.0007496733038211523,0.007409464317627324
781,2748,2288,0.013199300699300696,0.0016639021846401596,0.01278701564319187,0.004108391608391607,-0.0003026719558323162,0.0069604129587892355
782,2748,2330,0.014935622317596563,0.0026076173236915827,0.013625136832527515,0.004849785407725319,0.00032276606642087335,0.007335732438544981
783,2748,2351,0.010548702679710758,0.0010392149950568838,0.010348472313289902,0.005274351339855378,0.0002236575057536339,0.0069021549615856355
784,2748,2298,0.013577023498694513,0.0024756251491949784,0.012434715203373123,0.00517841601392515,0.0007264321695026527,0.007391185318421759
785,2748,2312,0.016695501730103805,0.0030743349222514716,0.013947777409906032,0.00774221453287197,0.0019248211052027605,0.009006884030592358
786,2748,2304,0.013888888888888886,0.002362751537069937,0.011474645272178867,0.007899305555555554,0.0012483222821575545,0.008460921612955093
787,2748,2315,0.015291576673866087,0.0023453373315074646,0.01597941618399768,0.0034989200863930862,-4.011099817594297e-05,0.0077423085006665055
788,2748,2316,0.011139896373056991,0.00133500977465386,0.01094645874617924,0.004533678756476683,0.0006923747463052495,0.006734008023925098
789,2748,2300,0.013304347826086953,0.0014965240215821915,0.014069812705121984,0.005565217391304346,0.0005168723644744359,0.008870130759527844
790,2748,2322,0.013695090439276482,0.0017649321187835263,0.012711204451744548,0.005943152454780359,0.0007828399550752476,0.008055083941425808
791,2748,2295,0.010631808278867099,0.0011720290020491764,0.010607148352514063,0.002832244008714595,-0.00035746682184375144,0.005553341794942897
792,2748,2330,0.011158798283261799,0.0012780186544017991,0.010403711651056156,0.0032188841201716725,-0.0005356295828684992,0.005350954577165379
793,2748,2305,0.012754880694143163,0.0016414709837987488,0.012615701198277483,0.004902386117136657,0.0002632661316932142,0.007530619038635209
794,2748,2318,0.01069887834339948,0.0015008916292914532,0.01013497377248788,0.003925798101811905,0.00011564565638727202,0.00586679578051718
795,2748,2297,0.014192424902046145,0.0023532491022308297,0.012142733620965553,0.003918154114061818,3.995357394165366e-05,0.006073119316972129
796,2748,2296,0.011149825783972124,0.0018735043508953146,0.010636977399538082,0.0032665505226480815,0.00014619648203466757,0.0056843488831483146
797,2748,2325,0.015569892473118274,0.002764379543005511,0.014150910033651253,0.00572043010752688,0.0009037729380958223,0.008131188848245968
798,2748,2299,0.012614180078294908,0.0017476949536013816,0.01085482795900595,0.0077424967377120475,0.000680023098226657,0.008356989124608284
799,2748,2289,0.016513761467889902,0.0028819267485214687,0.013778520539049464,0.007033639143730884,0.0015413108096974046,0.008371952795496624
800,2748,2323,0.011450710288420145,0.0008720245830083782,0.012164091122758128,0.004821351700387428,0.00021612700365913456,0.007420141982618299
801,2748,2325,0.01290322580645161,0.002366372514162153,0.01250645587689655,0.004946236559139784,0.0004703467393758863,0.007439729023802522
802,2748,2331,0.011840411840411838,0.001980864671384081,0.00979073686071585,0.0039039039039039016,-0.00025958912629914016,0.005300016649788792
803,2748,2326,0.013499570077386067,0.002125644578973624,0.011779482801853742,0.004772141014617366,3.541545054706297e-05,0.006665138320767026
804,2748,2293,0.014478848669864803,0.0018377804259983588,0.013779248672309403,0.008155255124291319,0.0009427630173806606,0.009781585506628762
805,2748,2314,0.011668107173725148,0.0016649602695788229,0.0107204291973916,0.004278305963699222,0.0007016939454225974,0.006314251625337109
806,2748,2314,0.01685393258426966,0.002912660687432969,0.015321469816518399,0.005574762316335347,-0.000321492567162333,0.008173640815155219
807,2748,2312,0.010813148788927333,0.0008480711196713905,0.01107101033044244,0.003719723183391001,-0.0011432502236437456,0.006225617146573157
808,2748,2290,0.010043668122270739,0.0011188132001949131,0.008760705731692887,0.004017467248908295,-1.743492163430048e-05,0.005359928528689099
809,2748,2338,0.019503849443969202,0.0036317808177242054,0.015584022256040225,0.008041060735671512,0.001709109897233845,0.009178527633398091
810,2748,2270,0.016387665198237884,0.002846634208887483,0.014050672778215213,0.006299559471365636,0.0004655310009104301,0.008021941367520224
811,2748,2326,0.01229578675838349,0.0015805818246755754,0.011910178243797016,0.0037403267411865847,-0.00015412095775321338,0.006317395053736526
812,2748,2268,0.013227513227513225,0.0020015598332638806,0.012828443893045898,0.007231040564373896,0.0008302669259070798,0.009056056112344555
813,2748,2334,0.014995715509854323,0.002345329222114834,0.012469983657729763,0.00484147386461011,0.0007569279119363338,0.006580644165577914
814,2748,2308,0.018110918544194103,0.003654600722934935,0.01722532452317859,0.005285961871750431,-0.0001238585263645438,0.00879960306102806
815,2748,2294,0.015605928509154314,0.0026017535362908447,0.01621656970650202,0.0047951176983435035,0.0006983342965253817,0.008814422883539263
816,2748,2292,0.015095986038394413,0.0021992665667326895,0.013547364064836694,0.0066317626527050595,0.00030517989190557754,0.008281525078325148
817,2748,2271,0.012417437252311753,0.002263711403800049,0.011448565489347928,0.004491413474240421,0.00019153920302184723,0.006559132811343464
818,2748,2315,0.013909287257019433,0.002011243161577703,0.010325939164103232,0.004751619870410366,7.762420653880785e-05,0.005374375063786636
819,2748,2336,0.01652397260273972,0.0029799100700297516,0.014270618812802815,0.004965753424657533,0.0009946396944779242,0.007303932328362887
820,2748,2295,0.012723311546840957,0.0024910385220278863,0.01353193571822259,0.0034858387799564248,-0.0003242491923110196,0.007273841554401694
821,2748,2328,0.013917525773195872,0.0022670459720943665,0.012493516501369664,0.00279209621993127,-0.0002849198994370908,0.005449161591162594
822,2748,2307,0.0153446033810143,0.0028832464138496485,0.0127419878341766,0.004204594711746856,0.00029170194143609765,0.006040096590854385
823,2748,2302,0.011381407471763682,0.0017802773403068212,0.010567002901977466,0.0051259774109470016,0.00022687860287970587,0.006877024806534319
824,2748,2295,0.014466230936819171,0.00207550867505397,0.012151823772359937,0.005054466230936817,-0.0001295287959157739,0.006523893946679236
825,2748,2292,0.012478184991273993,0.0015987868909957484,0.011820040512854369,0.005366492146596857,0.000893034397800508,0.007399042768954877
826,2748,2274,0.018645558487247138,0.003684607633121327,0.01564688048213051,0.0058927000879507455,0.0009951429944042127,0.008197103704208801
827,2748,2343,0.014255228339735379,0.00267116150267718,0.011419963912681368,0.00542040119504908,0.0006113008568724219,0.006460734758353711
828,2748,2336,0.01198630136986301,0.0016026209775755293,0.0094902665036973,0.0035530821917808208,-0.0007656144561220063,0.004772884807207271
829,2748,2321,0.011115898319689786,0.001311948808528733,0.011462256355282458,0.005084015510555793,0.0006957656043524957,0.007508541486297914
830,2748,2309,0.011433521004763966,0.0015343582677339125,0.009888161963980043,0.002122130792550886,-0.0012398309656552978,0.004186681024563273
831,2748,2293,0.016048844308765808,0.002966026827432609,0.016457110044385756,0.006410815525512427,0.0007257805473748149,0.009903424783461406
832,2748,2281,0.015431828145550195,0.003157395091255819,0.01471748417799345,0.006619903551074088,0.0008895746585546627,0.009106202997673285
833,2748,2318,0.013459879206212248,0.002613617362681642,0.01171666947685637,0.005651423641069886,0.0006209659409652742,0.007111306165140236
834,2748,2273,0.014782226132864054,0.0031646464232861376,0.012434472084965011,0.003211614606247249,-0.00017805425772732326,0.005409073843147534
835,2748,2307,0.016298222800173384,0.002741160995409904,0.016021183204707752,0.006458604247941047,0.0005899396938650413,0.009515229467527937
836,2748,2268,0.007760141093474424,3.609542958954589e-05,0.0070388212490479244,0.003262786596119927,-0.0013993663103358167,0.004284970260681315
837,2748,2329,0.011507084585659078,0.001277285936975381,0.010124607027210176,0.005023615285530269,0.0001705330597562158,0.006322594104966152
838,2748,2294,0.01360069747166521,0.002111652353782801,0.013074075059345398,0.007279860505666955,0.0018658425226635031,0.00919159950445292
839,2748,2296,0.011672473867595814,0.0014257034858638647,0.010646004382066776,0.005444250871080137,0.0005691625220541725,0.0070622521451607885
840,2748,2315,0.01546436285097192,0.002950192401254783,0.014548693575007975,0.004924406047516197,5.151555169683524e-05,0.007846035350255095
841,2748,2320,0.013793103448275857,0.0018003625473897468,0.014153664332794478,0.002974137931034481,-0.0006769356032901738,0.006844808009193485
842,2748,2289,0.016339012669287896,0.0028143244563693993,0.012278567111943195,0.006116207951070335,0.001408233396027362,0.006761489318208893
843,2748,2277,0.01387790953008344,0.002124483856377704,0.013816947507343481,0.005884936319718926,0.00034032873003747815,0.008513097501202792
844,2748,2334,0.011482433590402737,0.0012559956284617724,0.012927079402824705,0.004927163667523563,-9.211488183527885e-05,0.008103331118712403
845,2748,2311,0.010817827780181737,0.0012715369045805485,0.010307882567389936,0.006360882734746861,0.000524700047329986,0.0076586830466814195
846,2748,2279,0.013426941641070639,0.0028636180271824417,0.01118363773534377,0.006362439666520402,0.0016266725870177502,0.00747159681829304
847,2748,2291,0.013793103448275858,0.0020229193623656203,0.013185980925833073,0.005761676123963331,0.0006129660303783438,0.008078394021421126
848,2748,2303,0.01441597915762049,0.002240489111766353,0.013583751838470255,0.007251411202778982,0.0009817788854205565,0.009168395754932297
849,2748,2313,0.012797233030696064,0.0020040849664378925,0.012802498128529002,0.004712494595763076,-7.156835292167302e-05,0.007353964451772242
850,2748,2259,0.011686586985391764,0.0008821291491772922,0.0120607961201098,0.006551571491810533,0.00056574429892938,0.008580810817332578
851,2748,2286,0.013560804899387574,0.0016591886184435238,0.012875850863297985,0.005424321959755028,0.0006579652722814794,0.007715660881706492
852,2748,2315,0.011663066954643626,0.00153782766318804,0.011853104369555069,0.004319654427645785,-0.0003815885051258105,0.007096804386301481
853,2748,2308,0.013864818024263429,0.001758263213345258,0.011792143696060119,0.005719237435008664,0.0012397822103367723,0.007116733918645858
854,2748,2339,0.01111586147926464,0.0008551388606348229,0.009930028050590272,0.004831124412141939,4.064210749774341e-05,0.00616753651798834
855,2748,2330,0.015536480686695274,0.0032413120736263196,0.013791376481141959,0.004721030042918454,0.0004277730719305855,0.007181902414385782
856,2748,2302,0.014248479582971325,0.0023110678061331173,0.012411252292144976,0.00408340573414422,-0.0005400366027365585,0.0061788816754880065
857,2748,2285,0.011991247264770237,0.0016317801888007645,0.011269785970147952,0.004901531728665206,0.0005939296318829758,0.006816421583097641
858,2748,2297,0.014714845450587722,0.002404053117134354,0.013029377970182577,0.005485415759686546,0.0008914067363281361,0.007392245038821278
859,2748,2302,0.013205907906168546,0.0017041767215157557,0.01217242668085665,0.0048218940052128555,0.000771124931761897,0.006880976311869742
860,2748,2338,0.013943541488451665,0.002444623084240972,0.01181626127981607,0.005089820359281435,-0.00016951536742158387,0.006775170230574231
861,2748,2292,0.017713787085514833,0.00287708041750533,0.016016692820460317,0.0038394415357766113,-0.0007044289595828492,0.00719317725490816
862,2748,2316,0.016148531951640756,0.0028362660889993323,0.013172825908868346,0.00639032815198618,0.0002388508547314731,0.007733228049432902
863,2748,2322,0.010680447889750214,0.0019092733045393592,0.011134710654906023,0.003057708871662359,-0.00012265676120595505,0.005963396074540945
864,2748,2328,0.013058419243986251,0.0025025193556546584,0.010972894932853286,0.0049828178694158055,0.00016172459470350533,0.006313752590870961
865,2748,2286,0.01574803149606299,0.0033577431960464606,0.014680185449537109,0.004155730533683288,-0.00016635215239873942,0.007332330051821165
866,2748,2337,0.017201540436456993,0.0032729596294834616,0.016710931620158433,0.00479246897732135,-0.00022339845130966762,0.008475544694941637
867,2748,2287,0.014866637516397024,0.0030493869390964957,0.012714863091721942,0.003585483165719281,-0.00025973672390621806,0.00578039414234712
868,2748,2281,0.01350284962735642,0.0021399292189476686,0.011372927529653234,0.006093818500657604,0.0011362332159103384,0.007180487215054878
869,2748,2328,0.011512027491408932,0.0016499006120323887,0.011551068874923269,0.004982817869415806,0.0002547597011542411,0.007221839585362438
870,2748,2302,0.011989574283231967,0.0009118252681498551,0.010546655442944088,0.0036055603822762795,-0.0006091835346298236,0.005550487305385922
871,2748,2310,0.012554112554112552,0.0015727700386455883,0.011072660044692848,0.004242424242424239,-8.827435869348129e-05,0.006126259353164913
872,2748,2339,0.017956391620350575,0.003555973021310722,0.015858947666620285,0.006840530141085932,0.0015878459530245526,0.009046845727737871
873,2748,2302,0.013292788879235445,0.002394118922962489,0.012268145005407903,0.005734144222415289,0.0014000566913088175,0.0076594383598213404
874,2748,2290,0.013187772925764188,0.0016244119137217834,0.013151056650742397,0.0044541484716157185,9.872345627925324e-05,0.007188598741866586
875,2748,2298,0.0154917319408181,0.0027265381095680015,0.014118316622007755,0.0038294168842471703,-0.0008606912405416403,0.006762785720909443
876,2748,2339,0.011457887986318936,0.001237403581048136,0.009278143083685403,0.0064985036340316354,0.0001652982555992712,0.006838587568157705
877,2748,2316,0.01632124352331606,0.0032612877881279885,0.015374244987180426,0.005224525043177891,0.0007847402580738674,0.008390063885503556
878,2748,2322,0.014470284237726096,0.0027313386428926708,0.012631997801429455,0.007235142118863048,0.001160295455338365,0.008430665495742371
879,2748,2286,0.013823272090988624,0.0025504660752763007,0.012424519745754547,0.004418197725284337,-0.0006967519812600551,0.0067013276409234185
880,2748,2304,0.012065972222222218,0.0015251615666433574,0.012071036663836148,0.004296874999999998,0.0002758876450866469,0.006873123143861923
881,2748,2300,0.011130434782608693,0.0011463445637064477,0.012553274264300498,0.004260869565217389,-0.0003949143779107796,0.007478998880014578
882,2748,2293,0.016833842128216307,0.003215912805195056,0.014620222721113723,0.006628870475359788,0.0003423246457842927,0.008450183714482942
883,2748,2328,0.012800687285223366,0.0016988499286222153,0.012597463762772954,0.005670103092783503,0.0005757399894179485,0.008042021059934876
884,2748,2297,0.014366565084893337,0.0020185181609953602,0.013923279660824362,0.006051371353939921,0.0005983689254119745,0.008529997403513862
885,2748,2289,0.016601135867190905,0.002725273524502564,0.0153662975427407,0.004892966360856267,-0.00032764299878361463,0.007975777087109642
886,2748,2317,0.013897280966767367,0.0022624274222695657,0.012145695014095336,0.004488562796719895,0.00018715829900560062,0.006716548675659103
887,2748,2303,0.01441597915762049,0.001799013221434928,0.013875860247843127,0.0037342596613113305,-0.0005770925849059987,0.006802635484945989
888,2748,2299,0.013136146150500214,0.001287228128233591,0.011036194426677177,0.004610700304480207,-0.00012713188198972417,0.006329600254182836
889,2748,2278,0.014574187884108865,0.0020369183110200595,0.01368636985002642,0.006804214223002632,0.0007077699585487194,0.008747172887994882
890,2748,2299,0.013919095258808172,0.0013692316963684692,0.013197620605419862,0.0059591126576772485,0.0003484750618146898,0.008060907474796613
891,2748,2316,0.013816925734024177,0.0019001766146250064,0.011568957181132447,0.0035837651122625196,-0.0007353283064117764,0.005494223470055315
892,2748,2285,0.013304157549234133,0.0022218366411667382,0.013332917440602303,0.006083150984682711,0.00027587423451421524,0.00864777086850129
893,2748,2314,0.011322385479688847,0.0008440765895611884,0.012256753201896332,0.004364736387208295,-0.00030401797979646696,0.0073072803180788265
894,2748,2295,0.013420479302832241,0.0018811354782244329,0.012611303581044012,0.003485838779956425,-0.0007068606115907004,0.006154254473696491
895,2748,2302,0.014161598609904428,0.0021182305787401756,0.012168115223277088,0.0056472632493483905,0.0012174045855608878,0.007373208611793083
896,2748,2290,0.008908296943231437,0.001195822970432708,0.008904211845619915,0.0031004366812227057,-0.0004371101045781682,0.005259065790721391
897,2748,2286,0.01259842519685039,0.0021610847146882315,0.010445412128992207,0.005205599300087487,0.000978850069723664,0.00630592057343866
898,2748,2301,0.0126032159930465,0.0014083521117768723,0.012490642116454257,0.00230334637114298,-0.000789291011035474,0.005444937407382393
899,2748,2297,0.012973443622115801,0.0026457259012607525,0.011633350159736756,0.005354810622551152,0.0012719566800933125,0.006991395353114286
900,2748,2303,0.0150238818931828,0.002244801356324316,0.014357349043835017,0.004646113764654796,-0.00015698854265390968,0.007656341249683772
901,2748,2328,0.012285223367697592,0.001779659997750021,0.010593951691314699,0.006486254295532645,0.0006965397843893579,0.007283438238126337
902,2748,2263,0.017145382235969946,0.0024557952348694062,0.016730026755833512,0.006628369421122402,0.0007139068126965328,0.009747712543193515
903,2748,2274,0.01838170624450308,0.004181781952639642,0.016575782991351925,0.0065083553210202255,0.0016157843398614917,0.009191830004330572
904,2748,2313,0.010894941634241243,0.0017934807085879649,0.01146810250441751,0.004928664072632942,0.00025404266498181436,0.007469985094845478
905,2748,2326,0.013155631986242474,0.0020459529263941786,0.010940828014986819,0.005588993981083403,0.0005163658420535268,0.00682391973278672
906,2748,2312,0.01756055363321799,0.0029489392627622384,0.016558904088381673,0.006747404844290655,0.0008833881912405019,0.009678566580476384
907,2748,2308,0.010745233968804158,0.0008269565993649108,0.010017220097917114,0.0030762564991334476,-0.0015088203960977162,0.005063495687241325
908,2748,2304,0.013802083333333333,0.0020698140580708534,0.010610197681781916,0.007291666666666665,0.0022204032745090216,0.007377556860122992
909,2748,2300,0.015130434782608695,0.0028828163489546133,0.01365003604586886,0.006130434782608693,1.0003726454126659e-05,0.008206489757478279
910,2748,2282,0.018229623137598596,0.0031524689503572424,0.016773532887645555,0.009333917616126204,0.0023235559126432467,0.011252253784772345
911,2748,2346,0.013299232736572887,0.0021691732456043705,0.012320167663529434,0.0046462063086103985,0.0008580992042475376,0.006834559528251995
912,2748,2279,0.011057481351469941,0.0021255077902955746,0.01072955745693385,0.0026327336551118887,-0.000293556616156966,0.005457782935619142
913,2748,2290,0.013537117903930126,0.0021360384725008126,0.012809853381787539,0.004890829694323143,-8.08901557250641e-05,0.007313755640226774
914,2748,2288,0.009877622377622373,0.0015853594179439667,0.008429802938295558,0.004152097902097899,-0.0004792083185590728,0.005272095548341723
915,2748,2272,0.015228873239436617,0.0023743519982290695,0.012459736270824208,0.004797535211267604,0.00043053628992813204,0.006605351305783493
916,2748,2322,0.01283376399655469,0.0020056805355068057,0.010963071828002557,0.0042204995693367765,0.0003846941283396956,0.005834921934645917
917,2748,2321,0.011374407582938385,0.0018809457625253876,0.008385206814929241,0.004308487720809993,-0.0007421990565817271,0.004723065688545364
918,2748,2318,0.01138912855910267,0.0018042969402105495,0.009385713736433633,0.0034943917169974097,-0.0003805414597605368,0.004870938618762259
919,2748,2292,0.01239092495636998,0.002165319266407101,0.011341967407750892,0.004188481675392668,0.00023870063551419588,0.006151035179570956
920,2748,2319,0.012677878395860282,0.0024250701981485953,0.010393995118846915,0.003665373005605862,0.0001960810342127349,0.005133325380618541
921,2748,2287,0.015741145605596845,0.0024030161168286063,0.013607544020035679,0.008570179274158284,0.0015264364395433082,0.00959517325902021
922,2748,2311,0.014539160536564255,0.002898237932348164,0.013316772058382914,0.004846386845521417,0.0006869337980979021,0.007381736716090304
923,2748,2292,0.011169284467713784,0.0014834400632706593,0.009752941276542353,0.00545375218150087,-0.0005602451504171994,0.006643889483462077
924,2748,2316,0.013471502590673574,0.002371739200244433,0.010949841932326084,0.0063471502590673546,0.0009821911432073142,0.007261685481126655
925,2748,2302,0.014422241529105125,0.0018868207468941888,0.015138575731676174,0.0046481320590790595,-0.00030008577712265004,0.008317108030822216
926,2748,2320,0.011206896551724134,0.0015934261722763,0.010981057119642895,0.0037068965517241363,-0.0008435050522455286,0.006015340211558585
927,2748,2335,0.01576017130620985,0.0034914897013268633,0.013844253792044268,0.005867237687366165,0.0008032810736708605,0.007967863656646623
928,2748,2296,0.014721254355400693,0.0019152187599244838,0.013450497444344123,0.007142857142857141,0.0004944014960188681,0.008905636401363217
929,2748,2285,0.012166301969365422,0.0022554507517118226,0.010452078553572526,0.0034135667396061253,9.142100620779279e-05,0.005295743583189441
930,2748,2316,0.012607944732297063,0.0019517191395430132,0.011721900380979816,0.005397236614853193,0.0013536322167307477,0.007323783406957123
931,2748,2314,0.01754537597234226,0.0032642940665893153,0.01681128475289678,0.005617977528089886,0.0009424419458994005,0.009204776120762426
932,2748,2292,0.014048865619546243,0.0020719147166715695,0.01300507170873658,0.004013961605584641,-0.0004138775655744027,0.006637574248621616
933,2748,2304,0.015190972222222219,0.0030576948766060227,0.014163777062824737,0.005295138888888887,0.0008805666955333891,0.007879904821452234
934,2748,2286,0.013473315835520557,0.0023982129942593236,0.012948156519138032,0.004593175853018371,0.0005970126215807735,0.007333219281099654
935,2748,2320,0.016206896551724137,0.002774158151159738,0.013114296393923546,0.00586206896551724,0.000739057430613676,0.007409854508746905
936,2748,2282,0.015337423312883429,0.0025651280347713597,0.014446821657528303,0.006573181419807184,0.001701975151032405,0.009086928847772971
937,2748,2293,0.014478848669864803,0.002505690090463633,0.012438161133031637,0.006672481465329261,0.0007690003396946794,0.007966782155157604
938,2748,2267,0.013145125716806347,0.0025243258542374547,0.01079039649337792,0.00467578297309219,0.0006635883448559989,0.006167477507694353
939,2748,2289,0.016251638269986893,0.0029194721842565707,0.013401610040980935,0.005242463958060286,0.0008812241739081642,0.006991449007194126
940,2748,2284,0.01436077057793345,0.003210889319699598,0.012572500229881217,0.00529772329246935,0.0007619352427936354,0.007128830605398661
941,2748,2297,0.012102742707879841,0.0018950773564886233,0.011765440643841581,0.003918154114061818,-0.00018867560802969104,0.006514586640637824
942,2748,2299,0.012353197042192255,0.0018700222634000158,0.010316669268142745,0.0021748586341887757,-0.0009195438907050903,0.004337632354339663
943,2748,2307,0.01335067186822713,0.0028647199772605008,0.011928613962587232,0.006155179887299521,0.0012469921684324318,0.007561572685641424
944,2748,2299,0.01357111787733797,0.001788638791470244,0.012259586470540592,0.003871248368856023,-0.000981515677528184,0.006281349674654783
945,2748,2286,0.011111111111111108,0.002110355710592249,0.009612917218679589,0.005030621172353453,-9.955554667076458e-05,0.006268591087066571
946,2748,2324,0.011531841652323576,0.0014563245679950745,0.011365673609721964,0.0032702237521514614,-0.0003629118372887836,0.005983487029315754
947,2748,2325,0.013763440860215052,0.0018927836422760614,0.012592408616758538,0.006107526881720428,0.0010403888835268595,0.007928531634142972
948,2748,2324,0.011876075731497416,0.0012701774561599056,0.011214556235669393,0.00546471600688468,7.507699929098835e-05,0.007200414308286737
949,2748,2267,0.011733568592853988,0.001195743875550207,0.011698297615428248,0.003881782090868988,0.00032367608771398225,0.006711170955949998
950,2748,2344,0.015358361774744022,0.003022573698801424,0.013934156022892778,0.004138225255972694,0.000196823254892804,0.006898016076219233
951,2748,2322,0.014556416881998276,0.002393526309292046,0.012156048042549562,0.007838070628768302,0.0008657765232788474,0.008557731444070307
952,2748,2293,0.012647187091146966,0.0019660143650007582,0.011434369633996784,0.004840819886611424,0.0008153173549840975,0.006777826885621408
953,2748,2268,0.013403880070546733,0.0016864207857012292,0.012487268701291859,0.004982363315696647,0.00027552410115485617,0.0072317785146864665
954,2748,2335,0.014561027837259098,0.0021930604205106187,0.012908324034971339,0.003725910064239827,0.000254133419900863,0.006120277795401557
955,2748,2309,0.013339107838891293,0.0019005478794433608,0.012316287673150458,0.003291468168038109,-0.0008733728739796541,0.005874407729789574
956,2748,2296,0.014721254355400696,0.0027822764147323728,0.012176622862642053,0.004878048780487803,-0.00012335459061831513,0.006384601238724247
957,2748,2305,0.012321041214750538,0.0009903698398805267,0.012821442576671765,0.005162689804772232,-6.99470529718841e-05,0.007799767716049527
958,2748,2273,0.015926088869335674,0.003041965910908632,0.014361419378505135,0.004839419269687636,-0.0005393440162809692,0.007294572765994947
959,2748,2304,0.015017361111111108,0.0029417860238718663,0.01515305195841446,0.0044270833333333315,0.000488337749902678,0.007921393286414584
960,2748,2318,0.012424503882657463,0.0012603628804286988,0.011939478351691225,0.00621225194132873,0.00019150948441917545,0.008064586598192975
961,2748,2293,0.016223288268643693,0.003119946343930665,0.013734916450191807,0.005843872655909287,0.0006581895609243877,0.007756064828751297
962,2748,2277,0.015546772068511199,0.0025162726322353014,0.013403645047128604,0.005928853754940709,2.546100551187043e-06,0.007659536198852568
963,2748,2259,0.01584772023019035,0.002832789866465465,0.013884007732595944,0.003895528995130586,-0.0005591825140754403,0.00650383795772191
964,2748,2337,0.013607188703465977,0.0031656844500847774,0.010956462284874811,0.005691056910569104,0.0017946049867808853,0.00676122353698277
965,2748,2325,0.015053763440860216,0.0023004532683645116,0.014736768623916865,0.0043010752688172026,-0.00042405356927149775,0.007538166986617505
966,2748,2293,0.01421718273004797,0.0025838652484940724,0.011456682150479696,0.005451373746184037,0.0011250866566440288,0.0066524258091522626
967,2748,2267,0.014733127481252753,0.0026336266363246,0.011730911974604767,0.005205116894574325,0.0007605350003883331,0.00649988517942832
968,2748,2318,0.015185504745470228,0.0026380141891721117,0.01207881493820763,0.006988783433994821,0.0019128187179840678,0.0077979002341452604
969,2748,2273,0.014606247250329956,0.00305021336965384,0.012646622147301747,0.0037395512538495367,-0.0008526215740423288,0.005952390589636421
970,2748,2343,0.012889457959880493,0.0026486393276689622,0.01164340964353611,0.004780196329492102,0.0002949762744402587,0.006863115685141247
971,2748,2304,0.013194444444444441,0.0027981050298640548,0.01180412583175339,0.0050781249999999984,0.000835375255633873,0.0069542257711577475
972,2748,2334,0.010282776349614393,0.0005041938865507101,0.009982586870745313,0.003084832904884317,-0.001971893023764801,0.005263598141657078
973,2748,2317,0.01536469572723349,0.0021358213683612373,0.012791026710090874,0.005869659041864478,0.0007044677927971747,0.007114468272201085
974,2748,2290,0.014061135371179034,0.0022759988948753314,0.013413284914092575,0.0052838427947598235,0.0014229060728043015,0.007889144265453287
975,2748,2288,0.01241258741258741,0.0014686699636968347,0.01261391346595263,0.0029720279720279706,-0.00041380922541029417,0.0062934830665021075
976,2748,2326,0.011177987962166808,0.002451913998037987,0.010258937451213682,0.004944110060189163,4.977201852595076e-05,0.006499403777689898
977,2748,2327,0.01366566394499355,0.002591061316329393,0.012718965826151327,0.00627417275461968,0.0004574573182679284,0.008173390462326
978,2748,2302,0.010773240660295395,0.0016040209280785498,0.009339575741815287,0.0034317984361424835,-0.0005078137477748285,0.005030578249607533
979,2748,2287,0.014254481853957147,0.001928340939165303,0.010961410557906667,0.0044162658504591145,5.318010998289635e-05,0.005555456071298712
980,2748,2307,0.01335067186822713,0.002448187443329997,0.011139918087773306,0.006805374945817077,0.0012738083559134198,0.007650638757983525
981,2748,2326,0.014015477214101459,0.0017984830872517957,0.013946789671770762,0.007824591573516766,0.0011772825104603888,0.009997968354788748
982,2748,2333,0.011058722674667808,0.0013306106562931664,0.010514625951685924,0.005872267466780967,0.0008400856787008405,0.007406833873991431
983,2748,2342,0.015371477369769425,0.0032227504301127825,0.013414147397592528,0.008198121263877027,0.002313137581083167,0.009325229335131064
984,2748,2293,0.0136938508504143,0.0023333064460877863,0.01213920924877467,0.006105538595726122,0.0013146354553558702,0.007830098741138861
985,2748,2258,0.014968999114260403,0.0027080416508721726,0.013911687379312207,0.006155890168290519,0.00013738929413659238,0.008426730994120715
986,2748,2295,0.013943355119825704,0.001924790072051981,0.012546864923075362,0.0043137254901960765,-0.0006767874897403323,0.006559261488203237
987,2748,2313,0.012883700821444011,0.0022351738020385988,0.013452450633835735,0.00449632511889321,-3.9609359142009206e-06,0.0076954100663934166
988,2748,2298,0.01331592689295039,0.001776560557069776,0.011297481781211286,0.00496083550913838,0.0007613960815116149,0.00646815697712263
989,2748,2274,0.01653474054529463,0.0026047261768164876,0.015150287034834859,0.004969217238346524,-9.32675702308397e-05,0.007722113823991609
990,2748,2303,0.017716022579244463,0.0030530980493333948,0.01566603740278097,0.00568823273990447,0.00011292487051546411,0.008263313873561629
991,2748,2317,0.014242555028053515,0.0017854941009413292,0.012184702046153214,0.0066465256797583055,0.00026806027983743754,0.007857259496221163
992,2748,2298,0.01705831157528285,0.0026010233924264464,0.016610670477805862,0.007049608355091382,0.0005816101113248559,0.009867001330379802
993,2748,2321,0.011977595863851788,0.0017218389353497942,0.011244356761193291,0.003576044808272295,0.00033779279724940127,0.005925869225888314
994,2748,2289,0.01240716470074268,0.0017798029473689166,0.011748740279751474,0.006072520751419831,0.0012064196968861614,0.007848346813187506
995,2748,2305,0.010932754880694142,0.0011764940060252015,0.00943738345822166,0.006637744034707156,0.000492732779247513,0.007309505676004629
996,2748,2235,0.013243847874720355,0.0015948455205671323,0.014513037070006937,0.0040268456375838904,-0.0009915378201835984,0.008008050835245386
997,2748,2302,0.013727193744569937,0.002223762486741842,0.012952261621419315,0.006081668114682883,0.000936669671935619,0.008198454157160199
998,2748,2290,0.009519650655021833,0.0013199382672763502,0.009000431550928684,0.004847161572052399,0.0007484627198101579,0.006364554224811257
999,2748,2280,0.018070175438596486,0.0032885509857032915,0.017282765117026987,0.005877192982456138,0.0012780951554504235,0.00934287968843898
1000,2748,2310,0.012813852813852812,0.001975400392481542,0.012386247049072388,0.0045021645021645,0.00023448621153814047,0.006971083536457178
1001,2748,2278,0.0151009657594381,0.002561261067329037,0.011950064111690263,0.008121158911325721,0.0014336994745958894,0.008498207637207458
1002,2748,2275,0.010989010989010986,0.0021098524544870124,0.008123384748870968,0.0039999999999999975,0.0002836988959917572,0.0045693243548927025
1003,2748,2323,0.0141196728368489,0.002227015993913488,0.013254941793176126,0.006155832974601806,0.0010671057187228862,0.008224252464303678
1004,2748,2312,0.010121107266435982,0.0008155828317495322,0.009085763716113587,0.004282006920415223,0.00014685725638078576,0.005748760971346051
1005,2748,2268,0.015608465608465604,0.002229026255671068,0.013570655416601393,0.006878306878306876,0.00021406713171681884,0.008625781531038408
1006,2748,2315,0.016155507559395245,0.0031334686223790684,0.014519745283059597,0.005701943844492439,0.001041785009617591,0.00825487895682213
1007,2748,2296,0.010975609756097557,0.0009393144527804595,0.010303314458554473,0.004224738675958187,-0.000946492311843301,0.005993096375862499
1008,2748,2316,0.013644214162348876,0.0018886195207485673,0.011750281283210722,0.005829015544041449,0.0006650137779728652,0.00729408629478609
1009,2748,2308,0.012564991334488731,0.002224127523690752,0.009566911633320217,0.004809358752166376,0.0003325415874729123,0.005489733254033982
1010,2748,2317,0.01873111782477341,0.0031755255461072907,0.016387460070064048,0.005394907207596027,0.00017633913877654168,0.007917632358224314
1011,2748,2302,0.01511728931364031,0.0028534178328560203,0.014715776409556968,0.008644656820156384,0.0012459677336618263,0.010658377431188552
1012,2748,2280,0.013859649122807014,0.0017286448052201673,0.012470096694314944,0.00570175438596491,0.00037576466630745865,0.007461913190484812
1013,2748,2276,0.010544815465729346,0.001611010780367119,0.009795646758454893,0.0060193321616871685,0.0004239751623298609,0.007196286081809407
1014,2748,2321,0.010943558810857386,0.0012952961521911853,0.00930990257430106,0.004265402843601894,-2.2299767848406888e-05,0.005575704181882188
1015,2748,2290,0.015109170305676854,0.0021180930162530134,0.01424147760290352,0.004017467248908295,7.565291197214322e-05,0.0069764755864723214
1016,2748,2292,0.016753926701570675,0.003173542709032883,0.012669419314373105,0.0069808027923211145,0.0011847204681142206,0.007495162768499597
1017,2748,2304,0.015104166666666665,0.00314624810119013,0.012272824899118224,0.004730902777777777,0.0002570172670844973,0.006279069232120191
1018,2748,2282,0.014373356704645044,0.0022300135052453025,0.012559606233774853,0.0041630148992112155,-0.00046486065360342224,0.006386459772643867
1019,2748,2309,0.011866608921611083,0.0012771781261165017,0.010821055353411846,0.006842789086184495,0.0006561964908254074,0.008197604454673131
1020,2748,2251,0.011017325633051975,0.0013036543720193517,0.011142222496842127,0.00435362061306086,-4.904399431047996e-05,0.006840971232685735
1021,2748,2290,0.01213973799126637,0.0018489444691916737,0.012169174172932562,0.0041921397379912646,0.0004792734173321886,0.007083175514132366
1022,2748,2305,0.01596529284164859,0.0023607369778654726,0.012784688154984871,0.0053362255965292826,-3.01397817563703e-05,0.0067097290374116755
1023,2748,2353,0.010794730131746703,0.0014389650563452739,0.010955239281076626,0.0055673608159795985,0.00022449559650367467,0.007625940354869092
1024,2748,2301,0.01112559756627553,0.0019309136615524515,0.010562620365944271,0.006475445458496304,0.0012461809959025533,0.007907934352581322
1025,2748,2307,0.01335067186822713,0.0024667423407144238,0.011614385919986862,0.004898136107498913,0.0005115506623762293,0.006520408445541702
1026,2748,2301,0.015297696653628855,0.002379460606055036,0.011725103188715436,0.005997392438070401,0.0006332805387772343,0.0065676334961209774
1027,2748,2297,0.010709621245102306,0.0009844879281548334,0.009580033803124641,0.004005224205485414,-0.0002458007512030631,0.005661709671857401
1028,2748,2294,0.013600697471665212,0.002519559741527806,0.010904537973751982,0.004577157802964252,-0.0006058881738634699,0.0059397799746737714
1029,2748,2317,0.014328873543375049,0.002691096366311364,0.012080824697211577,0.004747518342684504,-0.00016450507252168417,0.006319420158665508
1030,2748,2311,0.017135439203807872,0.0032133118850404805,0.01578543941319822,0.004673301601038509,0.00013410949887438005,0.007928394487214474
1031,2748,2330,0.012961373390557935,0.002064849496849481,0.012391250210894496,0.005021459227467808,-0.00023596339879021423,0.0074247622417945
1032,2748,2332,0.009262435677530014,0.000774731588183824,0.009047752176580605,0.003987993138936532,-0.00035310851283056147,0.005746029357847787
1033,2748,2321,0.013011632916846184,0.001850299546840683,0.012180059381882179,0.004480827229642393,-0.0005767449730943284,0.006679906725617461
1034,2748,2278,0.014047410008779626,0.0021687431228430455,0.014533796964766045,0.004214223002633887,-9.602441596110619e-05,0.0077294727380497275
1035,2748,2324,0.015576592082616175,0.002600748535136735,0.01441982023014159,0.006884681583476763,0.0009075053575099074,0.008997865481460253
1036,2748,2307,0.01569137407889033,0.0029848214529082854,0.013920327147930029,0.005374945817078455,0.00028507355857962976,0.007684753580143582
1037,2748,2360,0.013983050847457624,0.0013275115889739711,0.012774049506623033,0.0046186440677966085,-0.000669022040023588,0.006698168432123393
1038,2748,2306,0.013529921942758021,0.0019438822478746044,0.012528001755957282,0.0037727666955767545,-0.0006618414014722731,0.006225582003652341
1039,2748,2261,0.010880141530296327,0.0020543129951300413,0.010578135764485843,0.004024767801857583,0.00046307399793335655,0.0062798487531274955
1040,2748,2265,0.013245033112582778,0.0019424896431122112,0.013799656200467974,0.005783664459161147,0.0005753757165562334,0.008671864681540341
1041,2748,2310,0.014718614718614716,0.002259631908395525,0.01363726309053678,0.005194805194805192,-0.00011290021139032742,0.007584406454738302
1042,2748,2291,0.013705805325185505,0.0027067477838040458,0.010952050056742562,0.003666521169794848,-0.0004324625004259798,0.005160281628122741
1043,2748,2286,0.01784776902887139,0.003234702558205919,0.01534847134042528,0.00564304461942257,0.0005111161895621891,0.007864203055622208
1044,2748,2302,0.0104257167680278,0.001332238124248142,0.009939717422285674,0.004257167680278018,-2.8050467406568535e-05,0.006260880803915619
1045,2748,2288,0.012325174825174822,0.0019502622596040994,0.012381730175147506,0.005769230769230767,0.00083875342894355,0.00799051642286343
1046,2748,2301,0.014689265536723162,0.0025287017070439186,0.012078370720542604,0.005736636245110819,0.00040314224930386254,0.006964219586736477
1047,2748,2279,0.01369021500658183,0.0019611617124672756,0.012699551465436837,0.00535322509872751,0.0008457669809699004,0.007373465179062377
1048,2748,2343,0.010670081092616301,0.001527648298195846,0.010165587667909343,0.003841229193341868,0.00023134563164759693,0.005723151288346029
1049,2748,2270,0.012775330396475769,0.002176476605279596,0.013530222010171629,0.0033039647577092495,0.00021244980187167347,0.007125627006594463
1050,2748,2304,0.015711805555555552,0.0029650634843988314,0.014624745033237926,0.006293402777777776,0.0013138835111060304,0.008796997698540723
1051,2748,2254,0.018101153504880212,0.0036363095352446606,0.018316882470766946,0.005412599822537709,0.00041467253822048786,0.009610127507598069
1052,2748,2340,0.013504273504273502,0.001597880089281061,0.011899568745152005,0.005811965811965809,0.00015543658135767346,0.0075092365466334484
1053,2748,2320,0.01758620689655172,0.00238377096990706,0.014664954273198584,0.008189655172413792,0.0015062840956175864,0.009412256333211952
1054,2748,2299,0.010961287516311435,0.0021016112218899302,0.009880943759489003,0.004697694649847759,0.0006838044382678903,0.006044339142848962
1055,2748,2326,0.013069647463456574,0.0018026228706592843,0.012660130233251134,0.0029664660361134972,-0.0008045658668438187,0.00589866527269633
1056,2748,2306,0.013963573287077185,0.00210511455220036,0.011628696511403965,0.00529054640069384,0.0008618879620667183,0.006561434877989177
1057,2748,2294,0.01447253705318221,0.0021734662116143404,0.012338202456297265,0.006233653007846554,0.00034879110548481526,0.007754494554155223
1058,2748,2281,0.009732573432704951,0.001157024141790972,0.009349155880852894,0.004515563349408153,-7.988691288505028e-05,0.006134853077308027
1059,2748,2307,0.011183355006501947,0.0008528197262545819,0.01137226518857292,0.0019939315127871678,-0.0006888040475742986,0.005218706611006483
1060,2748,2292,0.016230366492146594,0.0028876034041296467,0.013986351959972575,0.0052792321116928425,0.0005796608435471033,0.0072807947454721945
1061,2748,2300,0.01078260869565217,0.0014082941970553682,0.009862703725362505,0.00443478260869565,0.0003505516220028298,0.005998055904661613
1062,2748,2302,0.017028670721112072,0.003028345280635137,0.015299342968969964,0.006168549087749781,0.0006874693332146708,0.008558858056269667
1063,2748,2301,0.013820078226857883,0.002334023992071059,0.01112180172774945,0.003215993046501519,-0.0008071988465798696,0.004871627237495372
1064,2748,2296,0.01106271777003484,0.001495196082236692,0.010149895710284053,0.006097560975609753,0.0007264728035195206,0.007318627748205478
1065,2748,2287,0.014604285089637075,0.0019470689408941327,0.014233052267036075,0.006777437691298642,0.0012746774261167887,0.009151122260501512
1066,2748,2304,0.013802083333333333,0.002123077122571546,0.012234289336907447,0.0036892361111111097,0.0007345357418971333,0.00626350320588369
1067,2748,2321,0.012494614390348985,0.0017417536028069426,0.010116106666899126,0.006764325721671691,0.0007575109933500567,0.0072477057139441895
1068,2748,2332,0.011835334476843908,0.0018041755412717018,0.011401065074858496,0.005102915951972555,0.0004907622538508638,0.007163116114829976
1069,2748,2324,0.01600688468158348,0.0023689338249080023,0.014685707398235959,0.00537865748709122,0.0005125238795937029,0.008095650152123482
1070,2748,2297,0.013582934262080973,0.0024610914172574377,0.012438562312152977,0.005572485851110143,0.0008681623985426132,0.0076508938784413975
1071,2748,2318,0.013977566867989642,0.0014539628107495418,0.01236918096959144,0.006255392579810178,0.0008912110662403116,0.007910265041885923
1072,2748,2267,0.013145125716806351,0.0021292236821029856,0.014045292610641448,0.005690339655932949,0.0012832938370088906,0.008747430305113353
1073,2748,2333,0.012087441063009,0.0022170572550184436,0.009503786955522859,0.004286326618088297,-0.0003233531337446242,0.005291760844472371
1074,2748,2285,0.01715536105032822,0.0032204331170219915,0.015698961934299076,0.00660831509846827,0.0018510202097189428,0.00920558871996457
1075,2748,2276,0.012565905096660807,0.0017955482933532095,0.010330171120644327,0.003163444639718803,-0.0006555607325458369,0.0049993919197084315
1076,2748,2308,0.010571923743500862,0.001110309923709691,0.012302899874691244,0.005242634315424608,0.0003347384316377315,0.008357582825269638
1077,2748,2306,0.012836079791847352,0.0018403278091909893,0.01022120779657175,0.004813529921942756,-0.0009599871063289123,0.005747318818497807
1078,2748,2294,0.014036617262423709,0.0023361799419050443,0.012901554536911011,0.005318221447253703,2.5264326510852885e-05,0.007530621176015807
1079,2748,2259,0.0131916777335104,0.002182325091732309,0.010577150398704055,0.006640106241699865,0.0006389686389424761,0.007131815446205612
1080,2748,2306,0.015871639202081525,0.003047483825800746,0.016220870255528853,0.0054640069384215085,0.0005684784198749162,0.009024345915196932
1081,2748,2306,0.011101474414570683,0.0009436600496403309,0.010729477416054067,0.0037727666955767554,-0.00016757568423865743,0.006147675777073573
1082,2748,2268,0.016225749559082892,0.0032769937029475706,0.014256383080012786,0.00458553791887125,0.0009441072070982822,0.007224195318575384
1083,2748,2310,0.01333333333333333,0.002121582237245513,0.013077395802468297,0.004415584415584414,0.0008635297532055233,0.007319557161856649
1084,2748,2310,0.01584415584415584,0.0027035289339474825,0.013610861731164487,0.007229437229437228,0.0012978532113202313,0.008719776493377221
1085,2748,2311,0.012721765469493721,0.0015402558118350308,0.011622565604433917,0.0037646040675032434,-0.00015532809651290288,0.0058416686235721075
1086,2748,2320,0.011896551724137928,0.0017266153311301699,0.013084509043501601,0.005387931034482757,0.00026472996189774614,0.008208145597647354
1087,2748,2335,0.011563169164882226,0.0017534572995146819,0.008175929249107518,0.005567451820128478,0.0002401521543519478,0.005394977517901406
1088,2748,2325,0.014795698924731178,0.0022974111706912785,0.012031899320358908,0.007139784946236557,0.001398869070479462,0.007914776687791131
1089,2748,2285,0.01645514223194748,0.0026455243701853704,0.015077488179827276,0.005076586433260392,0.0002971921151706143,0.007810382275872658
1090,2748,2285,0.01706783369803063,0.003071421700360502,0.01659632420007675,0.006608315098468269,0.0008546125733943161,0.00980391472897848
1091,2748,2296,0.01646341463414634,0.0027137051009791325,0.014679945967934632,0.007012195121951217,0.0010120554006151025,0.009120767794172646
1092,2748,2271,0.014619110523998233,0.0023606619951881424,0.013525944842314421,0.0063848524878907945,0.0007953880101739617,0.008418757661799097
1093,2748,2303,0.013026487190620927,0.0020260781064187503,0.011344491173799445,0.005427702996092051,0.00034257777671414715,0.006895729964335153
1094,2748,2330,0.012360515021459226,0.0016011740324573037,0.011295797004324473,0.003304721030042916,-0.0007135591452677525,0.0056494665569375305
1095,2748,2272,0.015052816901408446,0.002619628379628153,0.014573777067088201,0.003080985915492956,-0.000640193883825805,0.006783392088113559
1096,2748,2303,0.012679114198871032,0.0017575797314789239,0.011790090882643572,0.006165870603560572,0.0005733685275755882,0.007672532808651459
1097,2748,2301,0.01182094741416775,0.0016811626128405656,0.011284278142710191,0.003302911777488047,-0.0007720975309752685,0.005772524498138957
1098,2748,2327,0.0080790717662226,0.0007603651150087474,0.009056285105598147,0.0036527718091963887,-0.00036226371160055294,0.005921860450198897
1099,2748,2330,0.014248927038626607,0.001847025878906021,0.012733410954954404,0.007768240343347637,0.0012251667051662181,0.008789633555699084
1100,2748,2319,0.013799051315222076,0.0019568422802131126,0.013378618079030765,0.006511427339370416,0.0009953631842382349,0.008789157529568494
1101,2748,2306,0.01127493495229835,0.0014814106171225226,0.012103658507319792,0.00464006938421509,0.00031110765361873534,0.007584711231460336
1102,2748,2351,0.014632071458953634,0.0024392008042658456,0.015206678679148706,0.004593789876648233,0.0007693542687400244,0.0081076915470825
1103,2748,2299,0.01887777294475859,0.003806224238639531,0.01733361869668275,0.004610700304480206,0.0008698968220554764,0.008114267762337424
1104,2748,2314,0.014606741573033707,0.0017636817307615498,0.013712805577830221,0.0035868625756266185,-0.0007591684418776504,0.0066700928042593725
1105,2748,2307,0.012483745123537057,0.0022090906322723273,0.012178281854336037,0.0031209362808842633,-0.00036919180681933643,0.00608327733578989
1106,2748,2288,0.010926573426573423,0.0004459060353364189,0.010474550621392553,0.004807692307692305,-0.0009771282523445284,0.006590340578542436
1107,2748,2290,0.01694323144104803,0.0028419652246233535,0.014954633149142195,0.00799126637554585,0.0017682860730194071,0.009911124979622815
1108,2748,2336,0.01155821917808219,0.0012932154703506607,0.011582691125496996,0.005094178082191779,-0.0005004032080456267,0.007443409742199464
1109,2748,2290,0.012139737991266374,0.001508023063385297,0.011106833606336016,0.007248908296943229,0.0010464376277757115,0.008139568843538184
1110,2748,2343,0.011950490823730259,0.002002878723886032,0.01082538122698037,0.003115663679043959,0.0001058089387886481,0.00538825538323526
1111,2748,2293,0.015351068469254247,0.002049175794889875,0.01538860696524279,0.007544701264718708,0.000927094484530451,0.010302235110395517
1112,2748,2284,0.01401050788091068,0.0024833351545013663,0.011410008072753575,0.004115586690017511,8.008847139812393e-05,0.005567400520644953
1113,2748,2313,0.015304798962386507,0.002391725346416548,0.014991808226150045,0.008430609597924769,0.0008318850799087021,0.01048756547077899
1114,2748,2321,0.012063765618267984,0.0018046983383288606,0.009979970767008555,0.005471779405428692,0.00038407929325168206,0.006382309303730439
1115,2748,2342,0.012553373185311696,0.0019461085297999238,0.01098787248537358,0.005977796754910331,0.0005931904449785542,0.007229465625605126
1116,2748,2300,0.011565217391304346,0.0017874324796192693,0.009350737574251873,0.0063913043478260835,0.0010706064763494208,0.00691508059364477
1117,2748,2284,0.016287215411558663,0.002919519845493964,0.014073945836449985,0.003940455341506128,-0.0009840539506392413,0.006461811278850995
1118,2748,2306,0.013443191673894185,0.0023920052010575924,0.014044822780100089,0.003902862098872505,-0.00014552814264197505,0.0075856171398783504
1119,2748,2341,0.01272960273387441,0.0016377634709500582,0.011521543534644721,0.007219137120888505,0.0012339075530760735,0.008545051543605381
1120,2748,2324,0.013855421686746984,0.0015333092137451681,0.012447967513257207,0.005292598967297761,0.0005526131097469902,0.007286077648164786
1121,2748,2287,0.016090948841276778,0.0028323522712098456,0.014175433455960052,0.006908613904678616,0.0007299735612096271,0.00861275431999128
1122,2748,2307,0.019419159081057645,0.0034547374000912,0.017346486300872405,0.008062418725617682,0.0016644211057239154,0.010545336438342453
1123,2748,2306,0.01231569817866435,0.0013572053420898259,0.01121266532443712,0.0038161318300086703,-0.00039195143146235334,0.005942426572422884
1124,2748,2314,0.013915298184961102,0.002706861359823599,0.011490665369138831,0.005142610198789972,0.0005996254115731931,0.006570257171251364
1125,2748,2304,0.012934027777777773,0.0018426435553936086,0.012692612790223398,0.006249999999999998,0.0005477388637012026,0.008366054136728638
1126,2748,2294,0.01246730601569311,0.001982005769768072,0.011931817294456309,0.003923278116826502,8.213620879956943e-05,0.006510331520769421
1127,2748,2308,0.012738301559792024,0.0019206315066316161,0.01169468002562646,0.008232235701906409,0.0016307873795225374,0.009149365523134941
1128,2748,2326,0.015219260533104038,0.0026387131129108864,0.01450783379411724,0.006706792777300083,0.0010367853182910577,0.009394183490882634
1129,2748,2283,0.012702584318878666,0.002101123631521804,0.011470662241643252,0.004643013578624614,-4.118320209025264e-05,0.006451340257634097
1130,2748,2292,0.015095986038394413,0.002383116558772529,0.012843319802322947,0.00488656195462478,-0.00010628169732016462,0.006914315373609101
1131,2748,2319,0.010435532557136695,0.0012623204978058384,0.0098243012052336,0.0046140577835273805,-4.24879799523648e-05,0.006223615404603813
1132,2748,2334,0.01628106255355612,0.002344276270040653,0.01570907027808237,0.006298200514138816,0.0004988876335488147,0.00904151401396866
1133,2748,2327,0.013665663944993552,0.00214494090545028,0.01336999567933902,0.006746884400515684,0.0004543767880235063,0.008863060000627527
1134,2748,2320,0.011465517241379309,0.0012586408273240737,0.009540880688062983,0.006249999999999998,0.0011058311201467114,0.006820757479590248
1135,2748,2345,0.016375266524520253,0.0032885969521360037,0.013814724749467999,0.003155650319829423,-0.0002894045545443394,0.00569776277474284
1136,2748,2305,0.008763557483731017,0.0018967421996743824,0.007237163717276446,0.005422993492407807,0.001569739556330982,0.005899678207628784
1137,2748,2330,0.010557939914163088,0.001325090251135094,0.009235856774390068,0.004120171673819742,0.0004033138908924338,0.005569652397647234
1138,2748,2323,0.01300043047783039,0.0014217453651772273,0.012286702339970796,0.0037451571244080913,-0.0003891516758043122,0.006211861162620549
1139,2748,2334,0.008054841473864606,0.00040273985493792237,0.007240041805534652,0.006469580119965722,0.0013086698538558616,0.006746465873677618
1140,2748,2317,0.015451014242555024,0.002423262832278373,0.015027933482788866,0.006171773845489856,0.0006103996711747861,0.009011863713252452
1141,2748,2311,0.012808308091735176,0.0017220732951787588,0.011533747973047652,0.0035915188230203356,9.261338250834333e-05,0.006131104028733248
1142,2748,2306,0.012315698178664352,0.00246757661779299,0.011487302486190199,0.002862098872506503,-0.00015389933976794147,0.005461536131020459
1143,2748,2283,0.015067893123083658,0.003094174752438742,0.014692808980663082,0.0038983793254489685,0.0005645272391668374,0.007294171576196801
1144,2748,2307,0.016384915474642388,0.002555542517862618,0.013936828802362864,0.004551365409622885,0.00012222525477889335,0.006852828084033876
1145,2748,2305,0.014229934924078086,0.0029518472242170786,0.013128009217564214,0.0033405639913232084,-0.00029947321945762755,0.00610910465983835
1146,2748,2263,0.013256738842244804,0.0021733163721841518,0.013295844013776174,0.005567830313742817,0.0005482100115938489,0.008245957561827041
1147,2748,2287,0.010144293834717969,0.0011313465086760465,0.007388137439562678,0.0038915609969392196,-0.00038954646962566854,0.0041847761831594246
1148,2748,2287,0.01093135111499781,0.0009861931323845126,0.010470243256178883,0.004678618277219063,-0.00010473145069734319,0.006572059368155315
1149,2748,2314,0.008815903197925665,0.00013037076441404277,0.008281363072442559,0.0031547104580812424,-0.0011544327350849928,0.00471398574125983
1150,2748,2300,0.01069565217391304,0.0019883116394200035,0.008194601487453929,0.002217391304347824,-0.0006327638930299277,0.0034586156974094158
1151,2748,2316,0.01485319516407599,0.002762009803170885,0.012353889099668409,0.006347150259067355,0.0014669266387230702,0.007458452489589029
1152,2748,2324,0.019018932874354556,0.003928111197213551,0.015737500470673634,0.007831325301204818,0.0022174425374267555,0.009449301834636001
1153,2748,2302,0.010773240660295393,0.000997973665888586,0.009892866783943395,0.005082536924413551,0.00014054994579587192,0.006727489376861072
1154,2748,2315,0.014859611231101508,0.002637091037631823,0.0125654736245346,0.006306695464362849,0.0007423926071791761,0.007767238206105223
1155,2748,2279,0.013075910487055723,0.002179429161430149,0.012045318189692187,0.005089951733216321,0.00034374331599608784,0.007300321828016808
1156,2748,2328,0.013487972508591062,0.0020425259447889553,0.011402522985930722,0.004166666666666665,-0.000590219885882519,0.005800559902031249
1157,2748,2328,0.01460481099656357,0.0018290319521150687,0.01322714989894941,0.005841924398625427,0.0010166024223149596,0.007826632277114854
1158,2748,2298,0.010617928633594426,0.0015642335215696834,0.009098719297651776,0.004438642297650129,0.00046685265116794245,0.005713019832876965
1159,2748,2289,0.01511577107907383,0.0032025117410450646,0.013768337188161575,0.005460899956312798,0.0003989409689786549,0.007719322773948529
1160,2748,2315,0.014168466522678185,0.002301945423104592,0.013655799566717808,0.004578833693304534,-0.00038369703018181767,0.007491700965117838
1161,2748,2309,0.01368557817236899,0.0027154280091587126,0.011756925172402602,0.004200952793417062,0.0009236656422256754,0.006136555065367954
1162,2748,2302,0.01624674196350999,0.003051110995367213,0.014522238190183511,0.005473501303214594,0.0008249200294739548,0.0077454434876155125
1163,2748,2305,0.011626898047722338,0.0021288838441313575,0.009185851053730295,0.004859002169197395,0.0006857560179095657,0.005531422459851007
1164,2748,2314,0.012791702679343127,0.0016835900511583393,0.013032320080794043,0.005877268798617111,0.00098195387697545,0.008314381189777583
1165,2748,2280,0.015438596491228066,0.002908655189097852,0.013590735393022298,0.006403508771929822,0.0009078391155343118,0.00804001107151181
1166,2748,2313,0.013402507565931688,0.002268524685362601,0.012617888542747547,0.005015131863380888,-0.000544784835158423,0.007269406808020105
1167,2748,2308,0.016204506065857882,0.002959072158006749,0.013131751550146387,0.004766031195840553,9.572107186737666e-05,0.0066066932547639194
1168,2748,2320,0.014051724137931033,0.00258121678532959,0.012798795863593445,0.005215517241379308,0.0008068088515062222,0.007341513874140371
1169,2748,2335,0.015074946466809416,0.0029868998029556567,0.014106710794259394,0.005438972162740897,0.00027102548500120845,0.008138518293546447
1170,2748,2295,0.012287581699346403,0.0014716412605861207,0.012226035179841508,0.007886710239651413,0.001398644691327951,0.009433338703774868
1171,2748,2272,0.01311619718309859,0.001617131415890728,0.012087045444123642,0.00607394366197183,0.0005771454996826676,0.007805311727647599
1172,2748,2303,0.011723838471558834,0.0009492882436005348,0.010991363343873439,0.005297438124185843,-0.00012259391993828836,0.007112647301236487
1173,2748,2278,0.0151009657594381,0.0026795728606555393,0.01442559722091707,0.005750658472344159,0.000458850514109671,0.008372014313469199
1174,2748,2289,0.014941022280471818,0.0024837727431805743,0.014310533171348788,0.00476190476190476,-0.0004629971955057326,0.0077953460022391905
1175,2748,2329,0.012881064834692998,0.001679211883334573,0.010963188707136725,0.00541004723057106,0.0007159172826587314,0.006721693349783706
1176,2748,2295,0.014291938997821347,0.003262115629775723,0.01161668604801429,0.005969498910675379,0.0016224757294192962,0.006992483521048694
1177,2748,2287,0.009794490599038037,0.0007517364140893326,0.008563455313265949,0.002973327503279404,-0.0006148796634459327,0.004469293498082239
1178,2748,2320,0.013965517241379307,0.0024777771879295,0.012383378260343348,0.005862068965517239,0.0005640747738851062,0.007720420180549151
1179,2748,2350,0.014978723404255314,0.002516441073427962,0.01173569257411733,0.007957446808510635,0.0016883528403372765,0.0083146763873834
1180,2748,2289,0.011620795107033637,0.0011933310285063385,0.010193846381088568,0.005373525557011793,0.00016423680896133025,0.006684764904509153
1181,2748,2329,0.009617861743237437,0.0006039776726598251,0.00976253757438762,0.0033920137398024885,-0.0003018311435536183,0.005591678593055836
1182,2748,2291,0.017634220864251416,0.003452537384748906,0.01560229316340901,0.003797468354430378,-0.0006347122294571251,0.006804475963404585
1183,2748,2310,0.012900432900432898,0.002571150197807852,0.01174303345580105,0.004978354978354976,0.001065785956503972,0.006924354807108755
1184,2748,2295,0.011154684095860564,0.0014781368026190909,0.009572801827068963,0.003050108932461872,-0.0010735051345136513,0.0046913597215377904
1185,2748,2320,0.016810344827586202,0.003085013790934099,0.01507447927758376,0.006982758620689652,0.001713325605147333,0.009053228199634965
1186,2748,2322,0.012316968130921617,0.0018349520773729225,0.010142330784711892,0.005512489233419463,0.00022150473120837802,0.006364503832034238
1187,2748,2289,0.012319790301441674,0.001608417875567895,0.010865905242501268,0.006640454346876363,0.0003491875423779953,0.007598026341344087
1188,2748,2283,0.010600087604029782,0.0016396188006200932,0.009087226991512778,0.00521243977222952,0.0013424381622747226,0.0061778585392627955
1189,2748,2319,0.01233290211297973,0.0016303590215199367,0.011952304409982045,0.0037516170763260016,-0.00024315152409931735,0.006359598434547559
1190,2748,2279,0.015620886353663885,0.0020192798094194205,0.015316976039401778,0.005397103992979375,-0.0001834957668241791,0.008485050266994936
1191,2748,2285,0.015317286652078772,0.0022427337946020146,0.011627450882824419,0.0071772428884026235,0.0002151583864578376,0.007399998973507278
1192,2748,2323,0.014464055101162285,0.0025883277604855613,0.013487097666553049,0.005725355144210071,0.00031867744356299597,0.008025096310635546
1193,2748,2334,0.010025706940874032,0.0007227445221761754,0.007555123914228039,0.0047557840616966555,0.0003460612738722029,0.004946337726892225
1194,2748,2339,0.013253527148353995,0.002420073977872087,0.013413091066259574,0.004873877725523726,0.00037047679952371623,0.007742793956563989
1195,2748,2330,0.011759656652360513,0.0018589536008298574,0.01049614047180677,0.004592274678111586,0.00033122993856765046,0.0062133298852775545
1196,2748,2312,0.013754325259515567,0.002161189123492508,0.013839148624336379,0.004714532871972317,0.00011390990288380759,0.007742415032879023
1197,2748,2282,0.018580192813321645,0.003221477866386747,0.01660491189620431,0.007318141980718666,0.00065557102258728,0.009578420674476453
1198,2748,2291,0.014666084679179394,0.0025518055228876207,0.01160608443405512,0.006678306416412045,0.0009971474011458367,0.007393320709715354
1199,2748,2325,0.013591397849462363,0.001569143167787587,0.011842822108182452,0.004774193548387094,0.0003431389182273288,0.006572267747725066
1200,2748,2274,0.009938434476693049,0.0012711415142635661,0.008635287440679653,0.004661389621811783,0.0005864671749994891,0.005939288183676469
1201,2748,2294,0.013339145597210111,0.0026332895396586407,0.012975641939610557,0.0031386224934612022,-0.00029718375520934,0.006344659477873911
1202,2748,2328,0.012972508591065291,0.0019356534123263567,0.01245766407690696,0.00786082474226804,0.0017652613440732943,0.009228215273806833
1203,2748,2273,0.013374395072591286,0.0024037820149004196,0.01100758548944358,0.004531456225252969,-7.261361798891444e-05,0.005684039197685408
1204,2748,2305,0.013101952277657265,0.0018721694503436074,0.010032612030497344,0.005726681127982644,0.0012015900155843077,0.006282041268048073
1205,2748,2301,0.01720990873533246,0.0028684604454551083,0.015296512312385211,0.007257714037375053,0.0010515078283285426,0.009304611910889386
1206,2748,2296,0.011672473867595814,0.0017565365074841991,0.011086955273463492,0.004442508710801392,0.00016969046939372445,0.0065861862806824495
1207,2748,2291,0.014054997817546917,0.0028559247359048103,0.013282000787112383,0.004015713662156262,0.0001982638331523766,0.006902120169924798
1208,2748,2325,0.013247311827956989,0.002238305582576216,0.012918115671757867,0.004860215053763438,0.00041981346889193163,0.0074775692548097895
1209,2748,2300,0.01269565217391304,0.0021871260053763935,0.012086837773524695,0.003913043478260868,-0.0006494510140152138,0.006561634715943893
1210,2748,2303,0.011550151975683888,0.0017870666595797614,0.011454359829008892,0.005731654363873207,0.0006743383415485135,0.007618106334706003
1211,2748,2311,0.017048896581566417,0.0030758560705262663,0.01594305716472714,0.006317611423626133,0.0006384451995294645,0.009206843169057554
1212,2748,2296,0.010975609756097557,0.001067805653301767,0.010387264198758763,0.004573170731707315,0.00021806736338958582,0.006301223710430389
1213,2748,2301,0.014776184267709686,0.002260191699510296,0.013536259155616839,0.004041720990873532,-0.0002721131354018119,0.006857230032795504
1214,2748,2336,0.013698630136986299,0.002392929180973164,0.013495876806998229,0.005693493150684929,5.564304954982678e-05,0.00835488983203197
1215,2748,2272,0.011707746478873238,0.0014714991183218465,0.01247875362061365,0.005765845070422533,0.0008735040125615816,0.008393134473581724
1216,2748,2305,0.015271149674620385,0.0020102136722107092,0.014056385831096216,0.006290672451193057,-0.0002080296893304168,0.008388636679917537
1217,2748,2306,0.012055507372072848,0.0017115549879697736,0.011330411649218131,0.0036860364267129212,-0.00045295096186289416,0.005957274770786056
1218,2748,2290,0.01816593886462882,0.003535044157614772,0.015809020627284634,0.004978165938864626,0.0003407840977569522,0.007749131511074921
1219,2748,2333,0.015002143163309037,0.0024440894586273106,0.013308690285244985,0.005272181740248605,-0.0006289526747165466,0.007468795757984708
1220,2748,2290,0.013187772925764188,0.0018110495513333647,0.01261971287003088,0.005676855895196505,0.0013670773309890074,0.008029255802027992
1221,2748,2307,0.015691374078890333,0.0022783595437229705,0.016194624741181586,0.007195491980927609,0.0011250083630565337,0.010418523824893234
1222,2748,2300,0.010086956521739127,0.0006337158262267964,0.0085790671352439,0.003956521739130432,-0.0004743374386167056,0.005062507067703803
1223,2748,2312,0.013321799307958475,0.0021669961209813352,0.012351588881930099,0.004325259515570933,-6.076642410758101e-05,0.006800938517585021
1224,2748,2303,0.01580547112462006,0.002416886878523773,0.01249191152635865,0.005775075987841943,0.00040896395715913416,0.006954178536394745
1225,2748,2322,0.01300602928509905,0.0019676115163380727,0.012797020486189052,0.005254091300602927,0.0007505964679617848,0.007834248450985477
1226,2748,2302,0.010512597741094698,0.0008485470260566132,0.011553406408941312,0.006472632493483925,0.0008046325878162927,0.00883278616971044
1227,2748,2304,0.015104166666666662,0.0022897736394193588,0.012906665779174566,0.006857638888888887,0.0005077460252301179,0.008027321036251114
1228,2748,2290,0.010829694323144103,0.001701404788011845,0.010212398419535935,0.0011790393013100418,-0.001825707547137924,0.004028801948756664
1229,2748,2289,0.010659676714722583,0.0011986723341371858,0.009672170809652563,0.0031891655744866734,-0.0004994787663761647,0.004999970126775312
1230,2748,2314,0.015211754537597232,0.002792101672304278,0.01331751351077716,0.004926534140017284,0.000129046500619653,0.006950294482343822
1231,2748,2301,0.011386353759235114,0.0017529621342807916,0.009116377205677881,0.0033463711429813107,0.00013410335837174927,0.004602741613624978
1232,2748,2270,0.014977973568281936,0.0024290571965780443,0.01432740905272051,0.00740088105726872,0.0018434203676323145,0.009505021616197581
1233,2748,2305,0.012234273318872016,0.0019669230279070354,0.011204705062753251,0.0026030368763557466,-0.0008267280351649412,0.005208061362209254
1234,2748,2310,0.01186147186147186,0.0014003820600986042,0.00911465940971764,0.005281385281385279,0.0006204109409367902,0.00581440703982201
1235,2748,2297,0.011144971702220285,0.0011109729249979034,0.011391382799668993,0.005354810622551152,0.001060187428616208,0.0076477224638915355
1236,2748,2317,0.015537332757876565,0.003138162184272804,0.012386710229452104,0.006603366422097538,0.0012520665435429602,0.0075369353719757694
1237,2748,2340,0.011025641025641023,0.001231525816406643,0.007843991712466277,0.005213675213675212,0.0003653180785201057,0.004941805253458807
1238,2748,2315,0.010194384449244058,0.0014492589976109753,0.009833445186084644,0.004578833693304534,0.0005443572796068341,0.0063819678854255095
1239,2748,2314,0.01503889369057908,0.0020611433047711494,0.01445770621320916,0.006136560069144335,5.576967199909831e-05,0.008674477433573293
1240,2748,2331,0.01527241527241527,0.002485965974880494,0.01326724660845969,0.004247104247104245,0.00011055270286399137,0.006499494327669346
1241,2748,2312,0.01306228373702422,0.0027161445413419333,0.012154723053501444,0.004628027681660898,-0.00022130459891376615,0.006845091344637894
1242,2748,2304,0.013281249999999998,0.0012669158885202517,0.01303181637162535,0.004947916666666665,2.752475906474685e-06,0.007545620757462147
1243,2748,2270,0.014273127753303961,0.0025579019736132152,0.013219806618967114,0.00581497797356828,0.0004975034252493466,0.007871993292089735
1244,2748,2277,0.011242863416776458,0.0011493773112686055,0.010301487433571371,0.007026789635485285,0.0012162341828368716,0.00805945142884809
1245,2748,2274,0.013808267370272643,0.001802136906147164,0.0122823660889867,0.004441512752858399,2.153703052696441e-05,0.00651817414146657
1246,2748,2289,0.011882918304936652,0.0009148607093237619,0.01150300116044297,0.005810397553516818,0.0006555773836383526,0.007564861469185144
1247,2748,2314,0.01002592912705272,0.0012430312938416241,0.008611469766021779,0.0026361279170267916,-0.0007309716502041668,0.004186929254383461
1248,2748,2319,0.01397153945666235,0.0020232732215163377,0.01476570224281913,0.006856403622250968,0.0016708064313824284,0.009559343313919874
1249,2748,2317,0.014069917997410442,0.002183151708077323,0.01306740397517459,0.0046611998273629685,0.0007914876666613108,0.0071526071332539
1250,2748,2327,0.013321873657069185,0.0029021845485960496,0.01322911352210629,0.004082509669101847,0.0005426164885672539,0.0072650929947526005
1251,2748,2305,0.013535791757049888,0.0018670690525824476,0.012089541450724056,0.005856832971800431,5.3720656292332194e-05,0.00745068828539594
1252,2748,2307,0.013524057217165148,0.002497183035630983,0.012774379887934178,0.004681404421326397,-2.4976094761602e-05,0.0070514463194715216
1253,2748,2324,0.017728055077452662,0.003229467593789569,0.0162000483173858,0.005421686746987949,0.000666205766663825,0.00856060807579322
1254,2748,2323,0.013689195006457164,0.0020808194780419383,0.012983072981010634,0.0037021093413689187,-0.00016688901794222828,0.0065918720246992924
1255,2748,2319,0.014230271668822765,0.0024841199304557506,0.011412772646655207,0.004743423889607588,0.0003153542928866654,0.0059561705206092165
1256,2748,2311,0.015231501514495885,0.0028900791928876002,0.010810697327037712,0.004543487667676329,-9.948364163676944e-05,0.00530474760602257
1257,2748,2329,0.009703735508802058,0.0006811997402070383,0.009844392442612353,0.0024044654358093584,-0.0002628703245894648,0.004929272380502243
1258,2748,2307,0.01560468140442132,0.002612721568274433,0.014355418067341275,0.005114867793671434,0.0004817503810878731,0.007684939434534301
1259,2748,2277,0.012911725955204211,0.0017976180267546193,0.011699645245884693,0.0026350461133069812,0.0001722672232367091,0.0053419696985443806
1260,2748,2317,0.011998273629693567,0.0013767927178471996,0.010808937210290135,0.005610703495899869,0.0007890262087816184,0.007065041807637308
1261,2748,2316,0.017012089810017266,0.002987402556675327,0.016933473222698524,0.003886010362694299,0.00014269683050627764,0.008086173389884729
1262,2748,2313,0.013748378728923474,0.001570049779642707,0.014149814084076765,0.004582792909641156,0.00011236702462667927,0.007877167171646106
1263,2748,2290,0.010567685589519649,0.0018215567225254377,0.009371336274803783,0.0034934497816593874,1.65417139033483e-05,0.005222594243769765
1264,2748,2301,0.013211647109952191,0.002012058271080431,0.012008187661758386,0.005693176879617555,0.0006888775425909139,0.007502731797592178
1265,2748,2286,0.010411198600174974,0.0014243372155182264,0.00889334848327641,0.003980752405949255,-3.6315673998366544e-06,0.005164694309632198
1266,2748,2290,0.01519650655021834,0.0024742950959080385,0.013565192234561279,0.006550218340611352,0.0005194237737464869,0.00848997115008674
1267,2748,2269,0.017276333186425737,0.003124115017199917,0.015563658027812581,0.005641251652710442,0.000939284705283621,0.00824397766475928
1268,2748,2273,0.013550373955125383,0.001735685497217561,0.012735399639858388,0.005455345358556971,4.1055693793872e-05,0.007609138896839897
1269,2748,2295,0.013071895424836598,0.00210781289062666,0.01073498178011268,0.004662309368191719,0.0005464420288329626,0.006009566293913652
1270,2748,2301,0.014950021729682742,0.0020192101087002793,0.014784613376247797,0.00586701434159061,0.0007856710497177032,0.00871740046205298
1271,2748,2289,0.012931411096548707,0.002303792130251444,0.012186636461966755,0.004019222367846219,-0.0003934582655580174,0.006532635418348945
1272,2748,2323,0.012914334911752041,0.0022527535862249372,0.012482921173467481,0.006284976323719326,0.0011919655399812092,0.008372917431179077
1273,2748,2298,0.014795474325500432,0.002811661047655262,0.013594189344554052,0.006570931244560485,0.0012088446215607362,0.008647608864127911
1274,2748,2312,0.012456747404844287,0.0017518415573905331,0.011387243537700037,0.0032006920415224896,-0.0005770353540495761,0.005739817064371785
1275,2748,2304,0.011892361111111107,0.0009657161068142042,0.010799594129921755,0.005381944444444443,0.0003843972711909918,0.006875841449811865
1276,2748,2314,0.014174589455488327,0.0019519856469231683,0.01315507194566487,0.0049697493517718225,0.0002646934303925738,0.007429542452684535
1277,2748,2237,0.010013410818059898,0.0009181271668543108,0.008218975610229513,0.006660706303084486,0.0005245525379614217,0.00685772315697506
1278,2748,2310,0.015411255411255405,0.0023651939862244426,0.01386400304091588,0.006796536796536794,0.00045670353113066233,0.008687129054452373
1279,2748,2298,0.01775456919060052,0.00362893191370607,0.01677739270575917,0.00857267188859878,0.0018620331703861027,0.011058125218935415
1280,2748,2313,0.011067877215737135,0.0009742003062907418,0.01099175020095974,0.00488543017725897,0.0006048142946909666,0.007153863836720983
1281,2748,2296,0.016724738675958185,0.003177703162763543,0.016070348819338606,0.0046167247386759555,0.0006567554741189988,0.008214833234169968
1282,2748,2308,0.015164644714038125,0.0028317047891829325,0.013943168915060259,0.00433275563258232,-7.982497234778024e-05,0.007055523857956114
1283,2748,2260,0.011858407079646017,0.0014270884433212625,0.012335840987787183,0.005442477876106193,0.0006162162765008287,0.007951226586507733
1284,2748,2297,0.018720069656073132,0.0034322398550482905,0.016184958942132278,0.005441880713974748,-0.00011474534398847975,0.007965635351312155
1285,2748,2290,0.015895196506550215,0.002086273440863838,0.014731278864321897,0.007292576419213972,0.00056523655984294,0.009362955939958506
1286,2748,2333,0.012601800257179593,0.0016814158365159781,0.01280245522894705,0.004157736819545647,-0.0007535385347590376,0.006940285485122113
1287,2748,2298,0.014186248912097474,0.002293054769092343,0.01223096349835952,0.007441253263707569,0.0014670608472911518,0.008665217473661804
1288,2748,2321,0.009909521757862989,0.0011348776028764621,0.008914153921885621,0.004308487720809994,0.0003307314437029945,0.005754318030605684
1289,2748,2313,0.010894941634241243,0.0017961487503190122,0.011791956225625533,0.0015564202334630334,-0.0008528694825827019,0.005310146734703112
1290,2748,2328,0.012886597938144327,0.001718739756750866,0.011575865393063451,0.004295532646048108,-0.0006559083146804164,0.006250311259947172
1291,2748,2324,0.01454388984509466,0.0025860447611049907,0.011871940424002568,0.004862306368330462,7.029708224852935e-05,0.00620188526390578
1292,2748,2312,0.014013840830449823,0.0024135444028555533,0.012390532418449717,0.004455017301038059,-0.0003755744859204248,0.006329129641221339
1293,2748,2319,0.01836998706338939,0.0038700817693055655,0.016117488582016833,0.00763260025873221,0.0012169466429473833,0.009620326443297753
1294,2748,2282,0.014022787028921995,0.002710217149474103,0.010926067610133611,0.006573181419807185,0.0009678379714490692,0.00704571996519748
1295,2748,2301,0.013385484571925246,0.0014389621551571358,0.012754808657768324,0.00664928292046936,0.000324498069013172,0.008469958427921798
1296,2748,2305,0.011019522776572664,0.0009179689973442248,0.010267257715774997,0.0033839479392624707,-0.0005571815570918007,0.005507797523301628
1297,2748,2279,0.012022817025010965,0.0017181334072602723,0.010364141832443979,0.00535322509872751,0.000744094914358717,0.0066197598296193145
1298,2748,2340,0.011880341880341877,0.0013138330325318907,0.0109589470403793,0.00504273504273504,-4.7027944447828025e-05,0.006892409360678662
1299,2748,2321,0.010857389056441185,0.001478600021283529,0.010186417396414814,0.004868591124515294,9.740025107957882e-05,0.006598476592098911
1300,2748,2310,0.014718614718614716,0.0017775819122723808,0.011052978369906041,0.006450216450216448,0.0010250344687649496,0.0068022300540279915
1301,2748,2305,0.017266811279826464,0.003341496751243611,0.015523310688993142,0.005162689804772232,0.0002892158155708744,0.00813661402398804
1302,2748,2308,0.014124783362218368,0.002127289107875159,0.014784886807701831,0.005285961871750431,0.0002911401874074446,0.00877291807666622
1303,2748,2317,0.011566681053085883,0.0013596171869749707,0.008944861000985337,0.003107466551575311,-0.0006890485364854474,0.0043342625197192374
1304,2748,2300,0.015043478260869563,0.002818336907376879,0.01314791310481611,0.007217391304347824,0.0010601172415701026,0.008587560209186298
1305,2748,2323,0.01188118811881188,0.0013726137624138148,0.010663916429288572,0.004692208351269907,3.4451336802334466e-06,0.0061074541431517596
1306,2748,2302,0.013292788879235443,0.0018239820732027174,0.012650861990264446,0.004170286707211119,-5.580454869544618e-05,0.006817127044931546
1307,2748,2277,0.014141414141414139,0.0027369584768153397,0.013554288529602858,0.0068511198945981535,0.001611720809492107,0.009205738105935201
1308,2748,2324,0.01299483648881239,0.002672158837879898,0.012075330197603405,0.00533562822719449,0.000991813298618436,0.007410697168106571
1309,2748,2316,0.012953367875647666,0.00200605363518639,0.010859869920841798,0.00630397236614853,0.0008443569872655381,0.007202008460343205
1310,2748,2254,0.01348713398402839,0.0014659457522203725,0.012731800566739412,0.005190771960958294,0.0005626678917593702,0.007540124092963934
1311,2748,2290,0.010917030567685587,0.001122425426401892,0.010165596370029664,0.0038427947598253264,-9.232665560153757e-06,0.005837224515913849
1312,2748,2299,0.013484123531970418,0.0019421555842739073,0.011719794867914931,0.005437146585471943,0.0010547247741526876,0.006994604414805332
1313,2748,2300,0.014695652173913039,0.002445094161478705,0.01385293737154837,0.007130434782608694,0.002045132722414034,0.009203938829317665
1314,2748,2288,0.013986013986013984,0.0022766829818782444,0.011327848772983602,0.00734265734265734,0.0015928359157637323,0.007919460453797956
1315,2748,2294,0.013687881429816912,0.002124839161524139,0.01301863147682584,0.006364428945074104,0.0002600998615209879,0.008297696495533973
1316,2748,2312,0.011851211072664358,0.001787592274191604,0.010411035907020843,0.004065743944636676,0.0001426553867052194,0.005729544098330207
1317,2748,2307,0.015171218032076286,0.0028964795166584755,0.013739013232425015,0.005938448201127003,0.00037792546402115265,0.008135761010585947
1318,2748,2297,0.012276882890727033,0.0021959965880489897,0.011072826142238888,0.003395733565520241,-0.0004308203596808032,0.005502974662713717
1319,2748,2303,0.012244897959183671,0.002329295796334248,0.010520365505931852,0.006730351715154144,0.001052608644633201,0.007735873544946845
1320,2748,2309,0.012906019922044171,0.0017350273350575053,0.013406174600686811,0.003551320918146382,-0.0006635485799827592,0.006841090289106759
1321,2748,2284,0.010332749562171626,0.0013704051466731802,0.008597540999701624,0.0060420315236427305,0.0009069440705181747,0.006381673637511002
1322,2748,2259,0.01381142098273572,0.002621788370824089,0.012288463141987125,0.005356352368304557,0.0009705343385383588,0.007170432436003773
1323,2748,2296,0.015069686411149823,0.002631071856071862,0.013738121652348848,0.006576655052264806,0.000511032102022014,0.008594290487842429
1324,2748,2316,0.012780656303972364,0.0013572862980096784,0.012168699163008168,0.004404145077720205,-0.00028762530383516825,0.006801516179467754
1325,2748,2330,0.015193133047210297,0.002276471896239839,0.015285594570388247,0.009270386266094418,0.002487139565440626,0.011592280538405964
1326,2748,2248,0.01165480427046263,0.0014791351518137169,0.011387741289375124,0.003959074733096084,0.0001950956676069849,0.0065404235690164495
1327,2748,2312,0.01167820069204152,0.0012646680112672597,0.010977191223810592,0.0015570934256055348,-0.0011550503219725878,0.004549209741519515
1328,2748,2289,0.01572739187418086,0.0035168338837685536,0.014600887429975219,0.005067715159458277,0.0008637087252541035,0.007937970742274316
1329,2748,2303,0.012939643942683453,0.0018975204813472763,0.011132975698583401,0.005601389491966998,0.0005050054054833346,0.006993180088169521
1330,2748,2314,0.015125324114088153,0.002266290013189452,0.015603459669456213,0.004580812445980983,0.00019120284101579633,0.008214009978763323
1331,2748,2310,0.009696969696969697,0.0012563677055206029,0.007763400421092029,0.003939393939393938,0.0002556335018197012,0.004584441665662016
1332,2748,2293,0.01325774095071958,0.0018902474259732526,0.011432025977976684,0.003532490187527255,-0.0008310632224597575,0.005562099361486439
1333,2748,2299,0.014789038712483686,0.0025310325170596194,0.01328512111402907,0.004523705959112656,0.00035100432756444587,0.006967259171767564
1334,2748,2278,0.01352063213345039,0.0019061168331606436,0.014482255696726532,0.005970149253731341,0.0006597365381939003,0.009102926891838786
1335,2748,2319,0.01569642087106511,0.002512611108937387,0.015005226093973856,0.005519620526088829,0.00039175042015125223,0.008386008015457129
1336,2748,2287,0.011368605159597723,0.002071469021804434,0.011372396877605091,0.004809794490599036,0.0011942806409237828,0.007189398676082623
1337,2748,2273,0.013374395072591286,0.001885284576080215,0.01438277844317183,0.00655521337439507,0.0006026173456118267,0.009630873921271047
1338,2748,2318,0.010785159620362379,0.0007935535053202173,0.009174275675989683,0.004227782571182051,-0.0011455859023340124,0.005305183198519766
1339,2748,2314,0.015643906655142606,0.002950306460736328,0.015426582676120851,0.004494382022471908,0.0002893532163661914,0.008067269618879856
1340,2748,2303,0.014937038645245329,0.002405452037256636,0.013700325247113556,0.006469821971341726,0.0008949706259720703,0.008571858335908969
1341,2748,2300,0.011130434782608693,0.0019312637170451387,0.010088967875798455,0.005652173913043477,0.001059944940680029,0.007028790910230897
1342,2748,2315,0.015377969762419005,0.0027331836621732083,0.014639891702399694,0.005745140388768896,0.0010712972895159394,0.008493401430522917
1343,2748,2341,0.010764630499786413,0.0010106592218839274,0.009489422254105416,0.0030328919265271235,-0.0005646291464234456,0.004841802826626026
1344,2748,2327,0.013321873657069185,0.0026220324353150477,0.011296803359810953,0.0057155135367425855,0.0010747113239505007,0.006953900043466692
1345,2748,2307,0.013610749891634154,0.002623851598117694,0.01174689826733529,0.003164282618118768,-0.00037948584056262004,0.005476230557210908
1346,2748,2311,0.008221549112938119,0.0004022951285490879,0.006238183524683889,0.005235828645607959,-0.00031595063655120536,0.005150279422783391
1347,2748,2315,0.014168466522678185,0.0022993910573527237,0.012177082621131534,0.00423326133909287,0.00023310200755959003,0.006186916257480341
1348,2748,2319,0.014661492022423455,0.002893503460308147,0.013657123671502295,0.00590771884432945,0.0008751419034837603,0.008250839585756427
1349,2748,2351,0.013356018715440234,0.0016952512136339144,0.013517416495458063,0.005997447894512971,0.0005157291869693499,0.008574004040954517
1350,2748,2347,0.016446527481891775,0.003302513168133448,0.01621131976223989,0.006987643800596504,0.002067697571232674,0.010058199682670682
1351,2748,2289,0.014853647881170814,0.0028114250456680923,0.015749250466905763,0.007514198339886411,0.0006836733907146269,0.010451162637081231
1352,2748,2312,0.012456747404844287,0.0018189660935003533,0.011839736949126172,0.004498269896193769,5.737624488769018e-05,0.0068881858366190716
1353,2748,2305,0.013015184381778738,0.0020548222174803436,0.013134693872186359,0.00459869848156182,0.0004151590917906805,0.007532484831457357
1354,2748,2296,0.014111498257839717,0.002139444327451566,0.011947150415298285,0.004660278745644598,0.00044616607291874614,0.006468985935845887
1355,2748,2313,0.0119325551232166,0.00155035091647479,0.009495985556549296,0.0038045827929096394,-4.6774314527072535e-05,0.004912129815030337
1356,2748,2301,0.015036940460669272,0.0022542237279364764,0.014308938263483074,0.003954802259887004,0.000142057205988824,0.007034369076765485
1357,2748,2303,0.015979157620495007,0.0027448892981330473,0.013424579069989222,0.004559270516717323,0.0005593394826310902,0.006647918033517421
1358,2748,2311,0.010817827780181737,0.0017492800409754932,0.00915338768519979,0.00424058848983124,0.0003281186988900955,0.005410484146931513
1359,2748,2312,0.01038062283737024,0.001444429125636027,0.010393695057580307,0.003114186851211071,-0.0003129618310544284,0.005526803257746719
1360,2748,2315,0.012267818574514037,0.002230487566487201,0.012665173117264464,0.004751619870410366,-0.00021469827474729022,0.007657927200372922
1361,2748,2324,0.01514629948364888,0.0034744038364124406,0.012630000615339431,0.003313253012048191,-0.0005339435839873778,0.005365906760199917
1362,2748,2306,0.013790112749349518,0.0014553479819537037,0.014316741819183557,0.004423243712055505,-0.0005955803862053831,0.007816437409056179
1363,2748,2290,0.007947598253275108,0.0007633461529492645,0.006456712218240041,0.004410480349344976,-0.0005115256605513214,0.004647061249661451
1364,2748,2274,0.013280562884784517,0.0018987766950844258,0.011926782663680462,0.004617414248021106,0.00047691019505478833,0.0066619365208855025
1365,2748,2286,0.013210848643919507,0.0013416610260905768,0.012041928527999561,0.0056430446194225695,0.00035636982397157846,0.007580516545278623
1366,2748,2342,0.013236549957301448,0.002578264241306636,0.011429807348477098,0.0036720751494449164,-0.000369372436604959,0.005869171854768435
1367,2748,2306,0.013616652211621852,0.0023708522951282982,0.012275861333350941,0.005767562879444924,0.0008456738072864411,0.0075034744300774715
1368,2748,2259,0.015050907481186362,0.0025838758161814703,0.01327329854185697,0.0064630367419212026,0.0009595008601489098,0.008329233938412978
1369,2748,2317,0.01363832542080276,0.0015010429980950842,0.01294844536516983,0.0055675442382391,0.00021087018926726694,0.007878723355739766
1370,2748,2275,0.014329670329670327,0.0028076389218965395,0.01347321313514964,0.004571428571428569,0.00023424384790041608,0.007172543392504623
1371,2748,2328,0.011683848797250857,0.0015149583495190624,0.010100754760592804,0.0043814432989690705,-0.0002261403875928192,0.005708136148333254
1372,2748,2290,0.01283842794759825,0.0017346584888586686,0.011957070578426994,0.003668122270742356,-9.546962517626998e-05,0.006100775290296832
1373,2748,2327,0.014009454232917917,0.0028154645732218066,0.011697143430057538,0.004984959174903307,-5.467189609193057e-05,0.006558693752835515
1374,2748,2283,0.012527376259307926,0.0018360894076928618,0.01165294296019142,0.004029785370127024,0.00011951554288670405,0.006326854457773779
1375,2748,2287,0.01093135111499781,0.001826044087474176,0.0088072843425998,0.004984696108438999,0.00019149006238755486,0.005787971617807417
1376,2748,2288,0.01678321678321678,0.002924282906228827,0.015732175538393213,0.004064685314685312,-1.0804021731523865e-05,0.00759710614467487
1377,2748,2299,0.008960417572857761,0.0007478873522820556,0.007689055446728927,0.003914745541539798,-0.00035215580076010264,0.0050534063517977245
1378,2748,2335,0.01490364025695931,0.002839396958719932,0.013523219498894297,0.005310492505353317,0.00110985897006426,0.007650379818291992
1379,2748,2305,0.014577006507592189,0.0023077983970420705,0.011104294275137637,0.005986984815618219,0.0006751772324577168,0.00664108486436702
1380,2748,2314,0.01305099394987035,0.0017778164627194192,0.012119074573611707,0.004710458081244596,-5.4433175995931064e-05,0.006777535348413277
1381,2748,2291,0.010388476647752071,0.0011686684031501939,0.010342612007533263,0.005019642077695328,0.0006759684451818073,0.0068365983686506145
1382,2748,2289,0.012057667103538661,0.0009781508715669333,0.011449244823783821,0.0034512887723896876,-0.0008007428910394965,0.005892768913488298
1383,2748,2309,0.014032048505846682,0.0023808543064113177,0.013085432464302766,0.0055435253356431345,0.0003064157267705536,0.007843211121113027
1384,2748,2325,0.01926881720430107,0.004054439813820069,0.0195216009908005,0.005720430107526879,0.0004784501831108651,0.01033967936108639
1385,2748,2243,0.015336602764155145,0.002859032529576128,0.013984057815593563,0.005171645118145339,2.5443760733249303e-05,0.007704447723394583
1386,2748,2288,0.012150349650349647,0.0009385365083512521,0.012284735039470272,0.00332167832167832,-8.28244845732485e-05,0.006601654555576873
1387,2748,2289,0.011882918304936652,0.0017194474521916013,0.009525189237391048,0.006509392747924857,0.00044218797807188273,0.006849095580698735
1388,2748,2273,0.013990321161460623,0.0022332115577365537,0.012709813915988747,0.006247250329960402,0.000663959795518561,0.007930549343724533
1389,2748,2313,0.010894941634241243,0.0012643720924433448,0.008825490593312392,0.005490704712494594,0.00019393790525127516,0.006080084450651607
1390,2748,2282,0.015337423312883436,0.0029637926451895344,0.013711463439374523,0.0046888694127957915,0.0005119944569573207,0.007291001230558194
1391,2748,2330,0.016566523605150207,0.0028695759892088126,0.014343871614666185,0.005064377682403431,0.0003563832778834572,0.007308881151530675
1392,2748,2301,0.01138635375923511,0.0018890382504406773,0.01079488471361462,0.004693611473272489,0.00031346571123218547,0.0067213018320193855
1393,2748,2305,0.014750542299349238,0.002210491584123251,0.012338712727345906,0.004164859002169195,-0.00031145839258127773,0.005933530630328049
1394,2748,2339,0.016759298845660534,0.0030434783386595627,0.014173175034891725,0.008080376229157755,0.0009361855023554827,0.009110519790627708
1395,2748,2275,0.007999999999999998,0.000952017635756347,0.007499040162467358,0.002725274725274724,-0.0007055597263460213,0.0045309324661569885
1396,2748,2318,0.016566005176876616,0.002720569612369736,0.015679607226183893,0.006255392579810178,0.0004466920342056807,0.009138822765938283
1397,2748,2275,0.012307692307692304,0.0013487839481830122,0.011135602115121527,0.00668131868131868,0.0014371236869327906,0.007999983962996629
1398,2748,2294,0.014210985178727112,0.002569012517528849,0.012541794891253443,0.0064952048823016546,0.00142787470254239,0.007952877791739098
1399,2748,2293,0.014391626689925859,0.002319622757608193,0.014254621133715428,0.005102485826428258,-0.00027140656811121375,0.00821562380500717
1400,2748,2288,0.013898601398601395,0.001523165575373877,0.013233099486995305,0.004851398601398599,-0.00028856135494304734,0.007374594761042732
1401,2748,2297,0.011928602525032648,0.0025062971127337683,0.011420208046887974,0.003961689159773616,0.0007752915550592457,0.006473398310499356
1402,2748,2301,0.013733159495871358,0.0026605073489393565,0.013101669251839915,0.003954802259887003,8.30692263279405e-05,0.006815679741651509
1403,2748,2320,0.015517241379310341,0.0026945638859271243,0.013791479735336374,0.006379310344827583,0.0007184599451581896,0.008247909239099505
1404,2748,2312,0.010726643598615915,0.001469745708836213,0.011512256112315288,0.004022491349480967,-0.00018920370980825794,0.007060374777571148
1405,2748,2305,0.014490238611713661,0.0028634246493196994,0.013482676650264782,0.006594360086767894,0.001084288967346858,0.008696813676183838
1406,2748,2319,0.01017680034497628,0.0012751273773976546,0.01042720764971365,0.004570935748167312,0.00019376333368042388,0.006865687518772844
1407,2748,2294,0.012554489973844809,0.0014589604459083092,0.012082133014351718,0.0057977332170880535,0.0010606350677056558,0.00783329423636436
1408,2748,2302,0.012423979148566461,0.0019444606974431812,0.011182419191202699,0.0035621198957428305,0.0003404392710314846,0.005890262109813524
1409,2748,2291,0.013182016586643384,0.00149245118553706,0.01270782841781109,0.0034046268005237866,-0.0007662130966249251,0.006250832881001445
1410,2748,2305,0.01041214750542299,0.0011240060340181942,0.010773638931574733,0.0026030368763557466,-0.0012201905990041773,0.005381826158005418
1411,2748,2308,0.013951473136915074,0.0017358922354169214,0.012501300590562554,0.004419410745233967,0.0002504453046601233,0.006535627331407634
1412,2748,2300,0.011999999999999997,0.0015680706496343615,0.01169327642520187,0.005217391304347824,-0.00028193574750191066,0.007290457012671752
1413,2748,2302,0.014422241529105121,0.0024131619404206563,0.014521600243959733,0.004039965247610771,-0.000496190374682137,0.007580169809120308
1414,2748,2340,0.014188034188034186,0.0028414340238437762,0.012065469225892024,0.0051282051282051265,0.0003257457616624957,0.006882260050187845
1415,2748,2298,0.014186248912097474,0.002720411124395818,0.011067485718769681,0.00548302872062663,0.0006381440189916163,0.006398648360152985
1416,2748,2312,0.011851211072664358,0.001036718191243871,0.008182000866941897,0.005060553633217991,-1.093469437378209e-05,0.0050224147787454425
1417,2748,2334,0.012682090831191086,0.002648482056038461,0.010887238121931864,0.005998286203941728,0.0005364521501665712,0.0071159435150061085
1418,2748,2330,0.011416309012875533,0.0016506504910117378,0.009713858005896435,0.006094420600858365,4.283900901168177e-06,0.006756258493046497
1419,2748,2313,0.013402507565931688,0.0025373353654937606,0.011510479947940588,0.0052745352356247275,0.0014155371537577651,0.006717133644559424
1420,2748,2321,0.013097802671262383,0.002786838993173296,0.011164925773237029,0.0053425247738043925,0.0008770812633698616,0.006788484492051673
1421,2748,2275,0.010725274725274722,0.0013665144057518417,0.010527622204054073,0.0035164835164835143,-0.0004284676918578256,0.0057419794535184705
1422,2748,2303,0.01563178462874511,0.0029502044313887902,0.014400283574099785,0.0069474598349978265,0.0009135468093657127,0.009052688556676224
1423,2748,2293,0.016484954208460526,0.0033916353731367754,0.014350428369405758,0.005102485826428257,0.00015384298533171377,0.007394576495012636
1424,2748,2289,0.01703800786369593,0.0029371139344025726,0.015179056545398141,0.003582350371341195,-0.0009113845234536901,0.0066380596775571935
1425,2748,2307,0.011876896402254006,0.0012463184352152162,0.012357129982241897,0.00485478977026441,0.0008680500624081646,0.007782823437760879
1426,2748,2297,0.013582934262080971,0.002579703075502003,0.011669469258671374,0.007488027862429253,0.0017693288038777603,0.008488526463530913
1427,2748,2309,0.009701169337375484,0.0010923851703044543,0.008761752426784222,0.004114335210047638,-0.0007877692960149853,0.005571696589253413
1428,2748,2280,0.012982456140350875,0.002587578358663249,0.010634270005902446,0.006710526315789471,0.0010727124275102427,0.007315270156529263
1429,2748,2303,0.015458098132870166,0.0025347637104474624,0.012986375179095445,0.006860616587060354,0.0010645659820897734,0.008058589529668099
1430,2748,2299,0.01452805567638103,0.0025789678448086806,0.013078464406642407,0.005437146585471943,0.0005753948242906603,0.007601866919140443
1431,2748,2274,0.01231310466138962,0.002183974394291785,0.010640090884962868,0.0028583992963940176,-3.947363255099861e-05,0.004925463520149565
1432,2748,2317,0.01631419939577039,0.0025957048191294317,0.017275825820807132,0.004704359085023735,0.00017273898063800195,0.009232439698149205
1433,2748,2296,0.01376306620209059,0.002355303511943832,0.01292826252026907,0.006402439024390242,0.001698993242849751,0.008385581682124292
1434,2748,2299,0.013310134841235317,0.002270634721647089,0.010246519556461546,0.006524575902566331,0.000628237150874591,0.006811128386643163
1435,2748,2276,0.01291739894551845,0.0016403057453467835,0.010882471513355524,0.0028998242530755692,-0.0011951345051075934,0.0048152160592222415
1436,2748,2317,0.011221406991799738,0.001083554888854957,0.010811393444771831,0.005222270176952955,0.0008188017219323494,0.007030547313340806
1437,2748,2298,0.016362053959965185,0.002394363798020368,0.015374764907713938,0.004569190600522192,-0.0006983497295379617,0.007805782685360907
1438,2748,2304,0.015017361111111108,0.0020817503359107665,0.014116823069326616,0.0034722222222222207,-0.0007818397909959249,0.0065758528309136964
1439,2748,2280,0.008421052631578944,0.001100646234653357,0.007294285304635908,0.0014035087719298234,-0.0013350194934055799,0.0030136527025659238
1440,2748,2309,0.015937635339974013,0.002537906030832828,0.014993342120303755,0.00415764400173235,-0.0005449437050471516,0.007189051453797032
1441,2748,2312,0.012543252595155705,0.00206410831414325,0.010575831798896639,0.004757785467128026,-0.00017957527586471818,0.006283441391784798
1442,2748,2311,0.01133708351363046,0.0026713078046010563,0.00999244808423153,0.0023366508005192538,-0.0005227195717711619,0.004324879843310889
1443,2748,2315,0.010194384449244058,0.0009079813652661091,0.010331903038198365,0.005399568034557234,0.0008258584102840586,0.007315464877223474
1444,2748,2271,0.011889035667106999,0.0018620031742753124,0.011406775198926359,0.004887714663143988,8.856933792954467e-05,0.007104203181339979
1445,2748,2294,0.013949433304272011,0.001482946019947098,0.012717420696601688,0.006233653007846555,0.0008026878558685442,0.00789223098730524
1446,2748,2289,0.01511577107907383,0.0020434516133275155,0.013710829784623858,0.006116207951070333,0.0006350041527894319,0.008110613350321448
1447,2748,2308,0.01239168110918544,0.001917452864178559,0.0108354679422339,0.0052426343154246095,0.0007861290613910521,0.00660311144877723
1448,2748,2279,0.015357612988152695,0.0026124079580380523,0.013415223426549501,0.0035980693286529163,-0.0007454476702595991,0.00606207977970232
1449,2748,2287,0.013642326191517269,0.0020945778212864232,0.013968781800854263,0.004547442063839088,2.7619279735207252e-05,0.00782098696376336
1450,2748,2311,0.009000432713111205,0.0015674830301085608,0.007024662240839301,0.001774123755949804,-0.0008123328179600258,0.0031328459794889257
1451,2748,2291,0.012309035355739848,0.0018562244280049731,0.010200928966832756,0.00593627237014404,0.0006875656904795996,0.006671948062267196
1452,2748,2311,0.013154478580700991,0.0021193794672267493,0.012149165869399148,0.005884898312418864,0.000508531506517749,0.007667139311633185
1453,2748,2315,0.011317494600431962,0.0008336388241422497,0.012266500754143655,0.005053995680345571,0.0007769227926997946,0.007812788939453577
1454,2748,2303,0.017281806339557098,0.0035294031103476143,0.016576727357224392,0.003951367781155014,0.00025153385551514757,0.007759346872656297
1455,2748,2292,0.014921465968586385,0.0029695752303133165,0.014067634955584342,0.006500872600349038,0.0016632633152048948,0.008739599229130668
1456,2748,2315,0.01174946004319654,0.0016494842664358613,0.010838350114518456,0.004578833693304534,0.00010426747330569864,0.006630869091442764
1457,2748,2313,0.011759619541720707,0.0021080522144155283,0.008751265794489144,0.005620406398616513,0.0007684020050730152,0.0057102993375891115
1458,2748,2319,0.010090556274256143,0.0009830482814548564,0.009299137088250139,0.004570935748167311,0.00035746653221075623,0.005943690574111385
1459,2748,2306,0.015871639202081525,0.0029578373808370573,0.013819477660367152,0.0037294015611448387,-0.0007053101085571732,0.006415879396172253
1460,2748,2335,0.012591006423982866,0.001649689475020362,0.011960667530750656,0.003340471092077086,-0.00022565004493331123,0.0059549403615227915
1461,2748,2286,0.010936132983377075,0.000754729430300633,0.010065568877617833,0.003937007874015746,-0.0005437902334580347,0.005818135215232524
1462,2748,2296,0.014285714285714282,0.002503535128815886,0.012655995101387211,0.0059233449477351895,0.0006101072760951855,0.007574954831507083
1463,2748,2331,0.013384813384813383,0.0017782354124297832,0.011941269541482452,0.004332904332904331,0.00017027912286035943,0.006537384235384315
1464,2748,2331,0.012526812526812524,0.0017620689143311393,0.012207875801359869,0.006177606177606176,0.0005971814935775329,0.008172467620845145
1465,2748,2310,0.017489177489177485,0.004031302059340701,0.01529549070337092,0.006320346320346318,0.0010776210228575218,0.008595377086264807
1466,2748,2311,0.01176979662483773,0.001659931390276734,0.011034007291879425,0.0031155344006923396,-0.0005894702445857374,0.0055134859412098135
1467,2748,2324,0.012048192771084336,0.0018941172843957264,0.01137673562759134,0.004044750430292597,0.0001945343705644616,0.006473300896621696
1468,2748,2308,0.018890814558058924,0.004141237465459687,0.01663425527267692,0.006889081455805891,0.0019819412115795734,0.00936094273966201
1469,2748,2298,0.011401218450826802,0.0011179143842921977,0.009703791639999718,0.005265448215839858,-0.00032989135684614987,0.006439089853530331
1470,2748,2285,0.012253829321663016,0.0013426611867104288,0.011108662112477779,0.005251641137855578,0.0007427143357468629,0.0069063673891337
1471,2748,2266,0.011209179170344216,0.0006381824431084071,0.010043468948743042,0.006134157105030889,-0.00014144266035491526,0.007276939244650521
1472,2748,2322,0.01102497846683893,0.001916112841867553,0.01154602305328972,0.0027131782945736416,-0.000473697684002528,0.005818548170383993
1473,2748,2274,0.013720316622691289,0.0022921578413440612,0.014366890019261877,0.0036059806508355304,3.170162402361603e-05,0.007401207050362263
1474,2748,2301,0.01295089091699261,0.0023206112166083022,0.012816158003336188,0.002955236853541937,-0.0008976437324918471,0.006154860174096265
1475,2748,2316,0.01658031088082901,0.0034244611219155733,0.014806420775070479,0.007253886010362693,0.0013599738081831675,0.009270835563486683
1476,2748,2324,0.011187607573149738,0.0018171698415199832,0.009047853572292028,0.0027108433734939737,-0.00010808400416107023,0.004161082944057382
1477,2748,2298,0.013577023498694512,0.0020547708271613035,0.011253650086092741,0.005352480417754567,0.0004380667471003571,0.006557996351970154
1478,2748,2312,0.014532871972318336,0.0023346695184455753,0.013509963928574403,0.00709342560553633,0.0009417336426122745,0.008916869558327252
1479,2748,2268,0.013580246913580243,0.0026914897729927363,0.010764360660666963,0.00529100529100529,0.0008724477768444183,0.006210466369298797
1480,2748,2313,0.01478599221789883,0.002626717780905723,0.01389409456028544,0.004236921746649372,0.0003704898929980924,0.007143598167609175
1481,2748,2315,0.013218142548596108,0.0016480447667662202,0.013259977817923584,0.0059611231101511855,0.0005790201075397338,0.008529662614081225
1482,2748,2285,0.012516411378555796,0.001342746031662232,0.01279096730101379,0.005295404814004374,0.0006049664919594638,0.007975908320249244
1483,2748,2309,0.012126461671719357,0.0018206644504702308,0.010115046176505238,0.0038544824599393655,4.7876346530569065e-05,0.005331580117015848
1484,2748,2295,0.014204793028322438,0.0026477492815768482,0.012012760588358635,0.006884531590413941,0.0008168057003149534,0.007888365960945918
1485,2748,2336,0.011729452054794517,0.001779405389799184,0.009835936943927117,0.006121575342465752,0.0006940429745776123,0.006846372288693827
1486,2748,2273,0.017861856577210733,0.0038835831675012983,0.015214024071239693,0.0057193136823581155,0.0008646526805627282,0.008108352461306553
1487,2748,2290,0.014759825327510915,0.0023613351029639915,0.01489285829860984,0.004017467248908295,-0.00040982122391498805,0.007598935101819315
1488,2748,2318,0.013028472821397755,0.00222198425158335,0.01423026267148521,0.0043572044866264,-0.0005018266826410671,0.008031619857231524
1489,2748,2292,0.01684118673647469,0.0026691402156145115,0.014528644415976682,0.006369982547993018,0.000175689191378389,0.008207305623262112
1490,2748,2289,0.013018785495849712,0.0025087864729131243,0.010982008969521279,0.004368719965050237,-0.00030257157274163316,0.006025353071038397
1491,2748,2321,0.008186126669538987,0.0006440381270460241,0.009448376183739456,0.0035760448082722946,-0.00043580584592188223,0.006274559162125881
1492,2748,2287,0.011106252732837777,0.001406959603762173,0.009147419633082602,0.004940970703979009,0.00028637598372812317,0.0059020095460475385
1493,2748,2308,0.012218370883882146,0.0008832929497021399,0.011628351534392506,0.007625649913344885,0.0006862816934170555,0.008976525318929868
1494,2748,2319,0.012074169900819316,0.002306226915435843,0.010894883084979623,0.004139715394566621,0.00019416446753097648,0.006120496181026907
1495,2748,2307,0.016384915474642388,0.002255278031914281,0.01528835861283827,0.004941482444733419,0.000573799802572612,0.00790570597819885
1496,2748,2310,0.012987012987012984,0.002744844640875089,0.012695955159822851,0.003636363636363635,-0.0006244224923471221,0.006447113974945648
1497,2748,2295,0.014814814814814812,0.0022151240927051783,0.013113003161775775,0.005185185185185183,0.0001436325552312987,0.007279720332182021
1498,2748,2317,0.015019421665947344,0.0024257518772165644,0.012929362885767582,0.006171773845489855,0.0009554826318816254,0.007743601336949341
1499,2748,2315,0.012354211663066952,0.0022043611621013538,0.011892285323551471,0.00466522678185745,0.0004879706175783964,0.007067411822855045
1500,2748,2316,0.01606217616580311,0.0026475253652650343,0.0133629137465599,0.006260794473229704,0.0016568578034798255,0.00781585721634989
1501,2748,2336,0.011301369863013696,0.001436576226207353,0.01057864749667498,0.003638698630136985,-0.0005830540156173527,0.00577217756217155
1502,2748,2341,0.010935497650576675,0.0015310432874232878,0.011434103341528815,0.005937633489961553,0.0011770579336683427,0.008193527446150052
1503,2748,2243,0.009540793580026748,0.0008092453912809335,0.011249149736257446,0.004057066428889878,-0.0002488727299692326,0.0070727002824482734
1504,2748,2340,0.01145299145299145,0.001693574363244349,0.012249145611069972,0.004017094017094015,-0.0002647229947169408,0.007165719644937802
1505,2748,2327,0.013235926085088091,0.0020278546735352167,0.011185468533116003,0.0036957455951869343,-0.00018653655667339166,0.0055489884853270315
1506,2748,2306,0.01075455333911535,0.0014914104331727603,0.009097867314968996,0.004379878577623589,0.0001525237594711156,0.005570534111398922
1507,2748,2350,0.01676595744680851,0.0027440777326425297,0.016279742091160954,0.007234042553191486,0.0007245654526987408,0.010003783703478274
1508,2748,2309,0.011346903421394541,0.0014978348368955292,0.010472844852043785,0.005240363793850149,0.0002986510379306792,0.006766529827126155
1509,2748,2290,0.013362445414847159,0.002584949266700088,0.01054119702985618,0.0058515283842794745,0.0008637831425368633,0.006693591457099318
1510,2748,2355,0.012993630573248404,0.0027642744937214055,0.011574810730149428,0.005180467091295115,0.0004979573573820746,0.0068553876567908545
1511,2748,2302,0.01407471763683753,0.001878076527008312,0.015030359844390682,0.005256298870547347,0.0005665216835459247,0.008828782816016553
1512,2748,2296,0.01376306620209059,0.0027996543105858686,0.011986483946904224,0.004703832752613238,0.00045369717060354293,0.006538593478980649
1513,2748,2292,0.01727748691099476,0.0032765795665884185,0.0162398401912952,0.005235602094240836,0.000444392825351116,0.008432175166613931
1514,2748,2337,0.013093709884467262,0.002167639018725649,0.012061723430404705,0.004706889174154898,0.001070272897038123,0.006997712517520223
1515,2748,2275,0.01793406593406593,0.0036313393010133153,0.01600871609181519,0.005890109890109888,0.0010804821066286822,0.008584366211120542
1516,2748,2336,0.015582191780821915,0.0028337349381782964,0.014872199790053737,0.00530821917808219,0.00022701689238842712,0.00807221678820098
1517,2748,2290,0.01519650655021834,0.0030910246023191684,0.014585700156657097,0.0064192139737991255,0.0011789759712528922,0.008982284441582668
1518,2748,2317,0.016918429003021145,0.0027655511176649266,0.016681726418405433,0.005049633146309881,0.0005010269543688198,0.008675453161708209
1519,2748,2323,0.014894532931554022,0.0024074924016102934,0.013659321501109966,0.004520017219113213,3.670453786224744e-05,0.007001185438013307
1520,2748,2288,0.012237762237762234,0.0021359832773737686,0.01143202587694318,0.003103146853146851,-0.0010204576048318374,0.005503468768135786
1521,2748,2317,0.012602503236944323,0.0016136067796332979,0.010843251716122042,0.0037980146741476025,0.00028858805736525897,0.005725744666886921
1522,2748,2321,0.021370099095217577,0.003868468100731013,0.0182525643613674,0.006161137440758292,0.0007418242675415823,0.009027383985480798
1523,2748,2322,0.010335917312661496,0.0004299105171346838,0.011335918135380462,0.00697674418604651,0.0011928560326480676,0.008897671031774211
1524,2748,2305,0.014924078091106288,0.0028277050558966725,0.01164620790081584,0.004685466377440345,-0.0004743641106246287,0.005874257191265758
1525,2748,2285,0.015667396061269143,0.002461356319121733,0.01592221080028321,0.008008752735229758,0.0017573348558212547,0.01071633160142946
1526,2748,2308,0.011958405545927208,0.0015962074903399554,0.012459566812094211,0.005329289428076253,-0.0003462667685054003,0.007957522477979697
1527,2748,2299,0.012962157459765113,0.00282401794995017,0.01331417112061506,0.0037407568508046967,0.00019627118116205804,0.007087090620274363
1528,2748,2292,0.015357766143106452,0.0023110440946693834,0.013043872392596642,0.006239092495636996,0.0003137780710254146,0.00782649760400451
1529,2748,2281,0.010521701008329677,0.0012759005165798077,0.008155016594466262,0.0037702761946514663,6.795053465316773e-06,0.004728784768383403
1530,2748,2286,0.015223097112860889,0.0030262962343585676,0.012742450218520739,0.004199475065616795,-0.00016028366685305666,0.006148069162916818
1531,2748,2285,0.012691466083150981,0.0015993930700905477,0.011190837007930382,0.004376367614879648,0.00021799768487385996,0.006099867710167944
1532,2748,2307,0.014564369310793236,0.0021329464982149282,0.012989261251303182,0.006111833550065017,0.0006891242137724417,0.00801933245999156
1533,2748,2300,0.014695652173913042,0.0024751061601809665,0.012200898692864906,0.004956521739130432,0.0002253533428619398,0.006560287363629303
1534,2748,2319,0.01448900388098318,0.00217546879623391,0.011681864623098698,0.005088400172488139,2.5488343880281815e-05,0.006484517236882797
1535,2748,2318,0.013977566867989642,0.00195565225898124,0.013643152419944387,0.004831751509922345,-0.0002379542411004719,0.007632043598020194
1536,2748,2292,0.013787085514834202,0.0029479500443834435,0.011807535525621742,0.004581151832460732,0.000683827194783537,0.006324059889496353
1537,2748,2302,0.015986099044309292,0.0027398179351269345,0.014179858594653484,0.006776715899218069,0.0013104029813055126,0.008675820048656632
1538,2748,2352,0.012414965986394556,0.00171783436070595,0.013182269769766415,0.003911564625850339,-0.00021489781656633687,0.0074204372452950085
1539,2748,2302,0.012858384013900952,0.0024120750324582952,0.011533849656492795,0.002519548218940051,-0.0002966335480797442,0.005125780647214472
1540,2748,2310,0.013506493506493505,0.0020515265721514206,0.012320785278258495,0.006493506493506491,0.000720442916659597,0.008273128930639289
1541,2748,2313,0.014353653264159097,0.0022526399461457094,0.011551343746772988,0.005361003026372674,0.0006833205595714592,0.0066205366467615755
1542,2748,2284,0.014448336252189138,0.0026081414784255943,0.011900406469610823,0.004816112084063046,0.00040059685427765515,0.0062893608434965685
1543,2748,2287,0.01652820288587669,0.0032258858350172133,0.014998898574083977,0.004766069086139044,0.000874295713884696,0.007749742775343186
1544,2748,2309,0.01004763967085318,0.0008461704552874136,0.01038753970678161,0.0037245560848852307,-5.7692848833376115e-05,0.006063669333619231
1545,2748,2306,0.013443191673894185,0.002190320288925983,0.01315353813918843,0.004726799653078923,-0.00020386111747060858,0.007429288416826288
1546,2748,2305,0.012754880694143163,0.0017501968310404455,0.010609245247561436,0.00494577006507592,0.0007707529597333045,0.006076818505157382
1547,2748,2279,0.012900394910048263,0.0019819331306438264,0.0115071076664001,0.0034225537516454564,-0.0002969469676235843,0.005687690313603621
1548,2748,2306,0.015524718126626189,0.002483394989871377,0.014995758393643404,0.005507372072853424,0.0005042786745220645,0.008539018618420368
1549,2748,2307,0.01569137407889033,0.0031974751154509582,0.015530430078734843,0.005504984828781966,0.0014143626630186968,0.008804330167112162
1550,2748,2291,0.013880401571366214,0.002128371635609088,0.013253222870031214,0.004539502400698382,0.0002683161750150964,0.0073653324487013
1551,2748,2301,0.013211647109952191,0.0015190487614320002,0.010255341300518885,0.006605823554976096,0.0006629613145884774,0.006757050769671594
1552,2748,2333,0.012773253321903126,0.0018569902298638202,0.010325358916171626,0.003900557222460349,-0.0005876656297696004,0.005288235887524824
1553,2748,2315,0.011749460043196542,0.0015664920570765935,0.011134960160708897,0.00587473002159827,0.0015078715440397434,0.007484682267578884
1554,2748,2331,0.016130416130416127,0.003334136326005364,0.014018532751818398,0.0047190047190047175,-0.00037935743904824403,0.006999855988831633
1555,2748,2307,0.013003901170351103,0.00199666638025731,0.011255032783397949,0.005028175119202425,0.0007601246323590432,0.0068162594019079556
1556,2748,2306,0.012402428447528185,0.0019682119253605496,0.010197811346013608,0.00503035559410234,-0.0006300581190780585,0.006013333998203398
1557,2748,2297,0.013931214627775357,0.002301453102953082,0.011448091531155169,0.005093600348280364,0.0006471801101049312,0.00640103624476035
1558,2748,2322,0.014814814814814812,0.002284684179605324,0.013241921772556934,0.007708871662360032,0.0015507263883902487,0.009162268574387764
1559,2748,2340,0.013760683760683757,0.001158313550220146,0.012958303672050885,0.006111111111111108,0.0006001724252573856,0.008178475032963551
1560,2748,2294,0.018918918918918916,0.003493225742943645,0.017459837940446938,0.006800348735832604,0.0013619277658769209,0.009824376237964247
1561,2748,2334,0.011910882604970004,0.000625450410693466,0.012433061209455346,0.0046272493573264765,-0.0002119496212955034,0.007464572668115214
1562,2748,2308,0.009792027729636046,0.0011577403271721776,0.008520085159014508,0.003422876949740033,0.00012069209296403109,0.004867808672837595
1563,2748,2318,0.013891285591026743,0.002473565373910141,0.01277671072212695,0.004141501294219153,8.665802206914904e-06,0.006614932423799525
1564,2748,2306,0.014050303555941019,0.002159154328530667,0.014818530650910168,0.004900260190806589,0.0004256887695489885,0.008478456493922959
1565,2748,2302,0.011294526498696783,0.0012295260094197149,0.009501959264047326,0.00408340573414422,-0.00024891423231009606,0.005450627199433889
1566,2748,2322,0.008440999138673555,0.00028776759949369045,0.007943452981772249,0.004177433247200687,0.0008839010888190789,0.00560837259670049
1567,2748,2327,0.015126772668672106,0.0023965096101822734,0.013025763632405181,0.006317146540610226,0.0011659742697561336,0.00791437370123617
1568,2748,2345,0.010746268656716415,0.00194213355806064,0.008594804608887003,0.006737739872068229,0.0014194159563918128,0.006889849241457574
1569,2748,2306,0.014657415437987853,0.002569730650828512,0.012294043940461769,0.004596704249783171,0.0005237949950001469,0.006425916568147258
1570,2748,2295,0.012810457516339866,0.0021786267097101586,0.010647374826642774,0.005795206971677558,0.0010405606978449958,0.006876111070565488
1571,2748,2283,0.012877792378449406,0.0020668790361137437,0.013035374249652945,0.005124835742444151,0.0006634214735952567,0.007798632255971887
1572,2748,2327,0.013321873657069187,0.002398090628165305,0.01078773932474888,0.003523850451224752,7.59936300003524e-05,0.005123384874644874
1573,2748,2324,0.012908777969018929,0.002279363464312609,0.011103320041994201,0.005808950086058517,0.0009776278226534213,0.007082888352230414
1574,2748,2281,0.01341516878562034,0.0024638127984320402,0.010900065734872514,0.004866286716352475,0.0011318483223196308,0.006289855882446785
1575,2748,2296,0.012543554006968638,0.0019154283007294436,0.01063515900628981,0.0057926829268292665,0.0004298211960264495,0.006913997244783145
1576,2748,2334,0.010539845758354753,0.0011248912497841953,0.009563479388500832,0.004370179948586117,-0.00015411552235419996,0.005947426518577803
1577,2748,2307,0.013263979193758125,0.0022477406839651716,0.011849559220290002,0.008105765062852188,0.0015054777970538477,0.00924616699689132
1578,2748,2350,0.011659574468085103,0.001806851751210421,0.012185046150560977,0.004510638297872338,0.0006626792656339183,0.00737342087329547
1579,2748,2307,0.014130905938448199,0.0020893467844418576,0.012863709562210912,0.005765062852188989,0.00043951035628434637,0.007584493604314061
1580,2748,2315,0.014859611231101508,0.0029186532184727167,0.012878862524336118,0.006306695464362849,-0.00027983754795896977,0.007902893104314877
1581,2748,2300,0.015478260869565216,0.002230174388663066,0.012925165263290857,0.006695652173913041,0.0010200908334857786,0.007797890496377216
1582,2748,2322,0.015762273901808784,0.0021868142933713893,0.015337541275750297,0.005900086132644269,0.0006682361131338014,0.008964372139053621
1583,2748,2313,0.015650670125378293,0.0029647362961888707,0.013577067665010784,0.005317769130998701,0.00022199052155109472,0.0073150552659990336
1584,2748,2339,0.01154339461308251,0.0015407812872511866,0.012524716968362328,0.004403591278324067,0.0008974836205572628,0.007538588612928009
1585,2748,2318,0.013028472821397755,0.0024352203839386123,0.011595088532754096,0.0030629853321829143,-0.0008530270789159033,0.005437915229103124
1586,2748,2305,0.015444685466377438,0.002963411093977531,0.013642684314694,0.003991323210412146,-0.0006127855572980587,0.006686036278784629
1587,2748,2299,0.017050891692040014,0.003096765450434251,0.015216527780104204,0.0036972596781209197,-9.310310147066198e-05,0.006985579697690183
1588,2748,2293,0.01098996947230702,0.0011583564706818372,0.010029553576044077,0.004186655037069339,0.0002956468647596935,0.005945565227741151
1589,2748,2318,0.014581535806729938,0.002477913964456762,0.011508389068196562,0.006255392579810179,0.0005228566946733878,0.00698613122788427
1590,2748,2297,0.018284719198955152,0.0033928071213761243,0.01615150846488949,0.0070526774053112735,0.0019082183560244575,0.009251140294521797
1591,2748,2283,0.00954883924660534,0.0011347244447370327,0.010680186128649124,0.0049496276828734104,-0.00040241123162221965,0.007324798827869689
1592,2748,2307,0.010576506285218895,0.0019060558250441793,0.011023646306062748,0.003987863025574337,0.00025805770961568654,0.006588197883455863
1593,2748,2273,0.012230532336119662,0.0018792051385780825,0.009603126050448324,0.006335239771227449,-6.989772192072032e-05,0.006571402266790902
1594,2748,2299,0.013919095258808174,0.0026081229886875433,0.011510931221534447,0.0035232709873858183,-0.0006293114298090464,0.005284659136271316
1595,2748,2276,0.015992970123022844,0.0034818290869643572,0.01315582724969059,0.0038224956063268875,-0.0002327890482012115,0.0059007894976315384
1596,2748,2297,0.011754462342185456,0.0011591784857979488,0.011343911664557735,0.004440574662603394,2.5531886988869533e-05,0.006746118072892452
1597,2748,2303,0.011376465479808943,0.0008921835722996241,0.010549054165187598,0.005775075987841944,0.0005578363138781927,0.00713471438868401
1598,2748,2308,0.014471403812824952,0.0024117160339349073,0.014028006990706375,0.0041161178509532045,-0.00040241767245660263,0.007123755991610225
1599,2748,2256,0.010992907801418435,0.0015518443829598432,0.010647706175812777,0.004787234042553191,0.00012584576279278241,0.006700391275193448
1600,2748,2312,0.011851211072664358,0.0016334551933059318,0.012523844437811401,0.0036332179930795828,-0.0009214073193727539,0.006729953395395034
1601,2748,2319,0.01802501078050884,0.003077690250628639,0.014715984929877796,0.0071582578697714505,0.000818582058143547,0.008422897947267187
1602,2748,2336,0.015068493150684927,0.0026163719354375227,0.013904371333105745,0.005821917808219176,0.0006588942841597119,0.008198460574850177
1603,2748,2316,0.014421416234887734,0.002952809415908564,0.013235476078249242,0.004360967184801379,0.00016688938539251766,0.006911357057935523
1604,2748,2339,0.012056434373663953,0.0019954367541638244,0.011465698288119006,0.0034630183839247527,-0.00046287601388180356,0.005957994092929104
1605,2748,2286,0.012335958005249342,0.0019302972766873905,0.01142661073141529,0.0022747156605424294,-0.000803571462305958,0.005153568805814888
1606,2748,2300,0.013217391304347823,0.002062712048480483,0.011877535924464997,0.0013043478260869553,-0.0014263187881687794,0.004196555996426765
1607,2748,2313,0.011586683960224813,0.0018974189386914888,0.010127472833003085,0.004280155642023343,-0.00032304115301635933,0.005946768155288116
1608,2748,2302,0.012945264986967853,0.0021047969053842614,0.013607934705735444,0.004517810599478712,0.0008381287668879355,0.007926477272387322
1609,2748,2291,0.015364469663902222,0.002337407482437378,0.014007149024021096,0.0058489742470536855,-0.00011189055208146124,0.008056477908289722
1610,2748,2291,0.014491488432998686,0.0024849382877374896,0.013203896930907033,0.00471409864687909,0.0003095114535975557,0.007077806788918811
1611,2748,2300,0.012608695652173912,0.0013506939278678555,0.010650138399860697,0.003652173913043476,-0.00011278540628221666,0.0053880703734242395
1612,2748,2323,0.017391304347826084,0.004085580506153609,0.013419895098812256,0.003960396039603959,0.00014549348242249828,0.005610227192730633
1613,2748,2299,0.011309264897781642,0.0014945692896767852,0.010201824223805552,0.004088734232274901,0.0003293178631297957,0.005954001783420466
1614,2748,2330,0.01356223175965665,0.0022081554876501167,0.012238049094982767,0.005922746781115877,0.0009233423741479325,0.007606830594414985
1615,2748,2303,0.014242292661745546,0.0027078109920509325,0.01211011299521315,0.003864524533217541,-0.00017742515700241732,0.0057684846181615965
1616,2748,2296,0.0102787456445993,0.001280681924210899,0.008332802079995715,0.0024390243902439003,-0.0006148774462332957,0.003681360356409085
1617,2748,2326,0.011263972484952707,0.0015202723676104367,0.010352041473803801,0.0039552880481513305,-0.0005510328832704235,0.005934784644789394
1618,2748,2323,0.011106328024106755,0.0014463837014549049,0.00969373687171227,0.002841153680585448,-0.0002766517701064266,0.004858631225296093
1619,2748,2343,0.015450277422108404,0.0033004550234272787,0.01390094932833286,0.00516431924882629,0.0011115324307542024,0.007596900866603517
1620,2748,2317,0.013293051359516613,0.0023258157871379652,0.012106348641339417,0.0027190332326283975,-0.0003636888957037136,0.005524368517958311
1621,2748,2294,0.01290322580645161,0.001878861395017217,0.012710052130229032,0.004010462074978202,-0.0007133840377096381,0.006922953900652124
1622,2748,2314,0.014779602420051854,0.00227349512346468,0.014194044631228628,0.004364736387208296,0.0003649268491351449,0.007381327120220776
1623,2748,2266,0.010591350397175637,0.0012470881576913452,0.011171216240643277,0.0031774051191526902,-0.0004924594965580824,0.006109424705030757
1624,2748,2302,0.01650738488271068,0.002463401679758656,0.014723841658386548,0.006429192006950476,0.0009466703029994731,0.00852768036116489
1625,2748,2292,0.011867364746945896,0.0015125292447236622,0.011203252379976006,0.004013961605584641,-0.00049736829408165,0.006217911842296032
1626,2748,2334,0.011825192802056553,0.0013212702937696983,0.010960438845759963,0.005869751499571549,0.0005803391363758605,0.007394828908202223
1627,2748,2323,0.014550150667240632,0.002812390848286275,0.01439869733342085,0.006414119672836846,0.0009622064760296629,0.009048476224024595
1628,2748,2302,0.013119026933101645,0.0016078482914159155,0.014538853112209293,0.006038227628149433,0.0009315110949843888,0.009449204521487403
1629,2748,2330,0.01639484978540772,0.0030052375835410653,0.014482908710504894,0.005579399141630899,0.0009003110811937573,0.007853313910895752
1630,2748,2309,0.013945430922477261,0.0026269322285729776,0.013334224651019116,0.004807275877003029,-0.00026050609420924525,0.007398151842923654
1631,2748,2285,0.01295404814004376,0.001676103400035703,0.011086910392785228,0.007221006564551419,0.0005610935137089231,0.007966842982283794
1632,2748,2271,0.01250550418317921,0.0014923547016759656,0.011216489267511268,0.006340819022457066,0.0011009027023291677,0.007697108778303945
1633,2748,2312,0.015311418685121104,0.002305039236062032,0.014544219483692281,0.0035467128027681636,-0.0005310041738146784,0.0068395530628057154
1634,2748,2308,0.012478336221837085,0.0018502414800196762,0.012477486950049889,0.0035095320623916796,-0.00035547844952912703,0.006631228906638265
1635,2748,2290,0.013973799126637553,0.0012278699752802417,0.012732004944354877,0.004847161572052399,-0.0007599642923147077,0.0070035903718246775
1636,2748,2292,0.010907504363001742,0.001765781350526012,0.010093470062159673,0.004624781849912738,0.0001985501277052784,0.006221461959302086
1637,2748,2305,0.013449023861171364,0.002813676852628914,0.01133715360026558,0.0053362255965292826,0.0013002785308300767,0.0066701554021493395
1638,2748,2306,0.013356461405030351,0.0017300064271229933,0.013185917228364505,0.006157849089332174,0.0013651972171892831,0.008653341063831095
1639,2748,2300,0.013217391304347823,0.001934208443768637,0.012282553705655046,0.003347826086956519,-0.00032740319386201166,0.006134170586228514
1640,2748,2301,0.010430247718383308,0.0010780763819170389,0.009962100626439784,0.0041286397218600595,0.00015742877298670281,0.006061952336062855
1641,2748,2338,0.013686911890504702,0.0026789215845770924,0.012915493517789098,0.006586826347305386,0.0006963798357195285,0.00853996832528533
1642,2748,2355,0.01095541401273885,0.0007790822653240811,0.009465220389574345,0.005520169851380041,0.0001600010592186668,0.006479480062013827
1643,2748,2336,0.009589041095890408,0.00023978570371084376,0.009824126494702651,0.005008561643835615,-0.00047022249921008913,0.006650382931744397
1644,2748,2290,0.010480349344978164,0.0009395222659052963,0.010150241319691904,0.004061135371179037,-0.0005124264572111964,0.005937940790080151
1645,2748,2278,0.015276558384547844,0.003250075303371868,0.013939589816070899,0.0037752414398595233,0.00020297303051827444,0.006630096651761106
1646,2748,2304,0.01302083333333333,0.001392690134093263,0.013558815142840174,0.00503472222222222,-0.00011513347494234914,0.00814623349922629
1647,2748,2306,0.014830875975715519,0.0021860063797309167,0.013942963612665355,0.004900260190806589,0.0004180730859897865,0.00771626720883631
1648,2748,2289,0.014853647881170811,0.002543410478061336,0.012882879528838057,0.002970729576234161,-0.0008996888516335594,0.005556357743542403
1649,2748,2325,0.013935483870967737,0.0020855796773363335,0.011773810381635873,0.004215053763440859,-0.0003832167722804832,0.005881776079582459
1650,2748,2331,0.014671814671814666,0.0031370113508583882,0.011275633848467399,0.0049764049764049745,0.00023209681930838684,0.005859521978924628
1651,2748,2248,0.01379003558718861,0.0022569292633973256,0.012558099401799172,0.004581850533807826,0.00020128790199436017,0.006875263248334368
1652,2748,2318,0.01328731665228645,0.002305678924187431,0.012322721282922677,0.004400345125107849,1.2636889150021235e-05,0.00676292873652623
1653,2748,2245,0.014164810690423161,0.0026334701953841673,0.013818595799906514,0.0057461024498886406,0.0005713368523422534,0.008294943324129597
1654,2748,2281,0.011573871109162645,0.0014391476199277274,0.010106728275453858,0.003068829460762822,-0.0011393427145606877,0.00492142250350978
1655,2748,2321,0.013787160706591983,0.002044229184966283,0.013337650344210847,0.006031882809133992,0.0007543790820336489,0.00843281211939172
1656,2748,2313,0.014440121054907043,0.0025772973396049072,0.012760096695032285,0.006268914829226112,0.0008487516013551422,0.007916055956313365
1657,2748,2299,0.013310134841235315,0.0014769514052841899,0.014042704688511983,0.0040887342322749,-0.0009247106666762731,0.007542459819945513
1658,2748,2299,0.012875163114397561,0.0018689121208046572,0.012937992092563144,0.005741626794258371,0.0008574437639314484,0.007980842047172277
1659,2748,2304,0.013454861111111108,0.002038975624808041,0.014524044236800081,0.00347222222222222,-0.0007991430261121801,0.007458449198308881
1660,2748,2261,0.01565678903140203,0.0030798185139564245,0.014323870316339075,0.007032286598850064,0.0014790920090905254,0.009122609966531716
1661,2748,2282,0.013672217353198944,0.0021196527376368826,0.011535854488420651,0.0039000876424189292,-0.0003335745062738727,0.00583909594112077
1662,2748,2317,0.012516184721622785,0.0016808193398089755,0.011276888712803242,0.004056970220112212,0.0007460828610560525,0.006169392498117928
1663,2748,2308,0.011871750433275563,0.0024509640564828314,0.009401932359475429,0.004766031195840553,0.0007161585699047942,0.005583617325216163
1664,2748,2312,0.016003460207612452,0.0024205021507656063,0.015130555592422792,0.004325259515570932,-0.000361071692338787,0.007432178001826866
1665,2748,2325,0.01290322580645161,0.0023229513309569465,0.010842770018288672,0.003655913978494623,1.4312405863735337e-05,0.005575615361485276
1666,2748,2298,0.012880765883376846,0.0011174362139770558,0.01298179300424034,0.004786771105308962,-0.0010525147240942312,0.007543601935024267
1667,2748,2305,0.015097613882863339,0.0023195969767473195,0.01461905689125702,0.004859002169197395,4.279084220269989e-05,0.007979100520279732
1668,2748,2306,0.01058109280138768,0.0012750874207031887,0.00999982266625711,0.004119687771032088,-3.400857314838891e-06,0.005972113141975756
1669,2748,2313,0.011413748378728921,0.0012932519047480833,0.012274499830898969,0.004453091223519237,-0.0002795429128461034,0.007497179951510363
1670,2748,2309,0.011000433087916843,0.000938844201124129,0.010978097517391438,0.0045041143352100455,7.014512102980231e-05,0.006758025422799088
1671,2748,2327,0.013407821229050276,0.0021249012952939805,0.010919363874051404,0.0033949290932531137,-0.0007820282677745086,0.0049079332606115815
1672,2748,2281,0.01613327487943884,0.002807480657360635,0.01682676429135874,0.006707584392810169,0.0008833713889830091,0.010431033789815303
1673,2748,2307,0.015171218032076283,0.0022135512800342985,0.014363727719051419,0.005938448201127003,0.0008429516418528059,0.008495557016120536
1674,2748,2279,0.012373848179025886,0.0019077504999962937,0.009507830868420547,0.004519526107942078,0.0005224327919696846,0.005212501206850213
1675,2748,2322,0.01386735572782084,0.0017415840280502319,0.013460256034168398,0.006503014642549524,0.0004941420223940526,0.008955827200130594
1676,2748,2303,0.016152844116369948,0.002990790927648408,0.01314718256846843,0.007077724706904036,0.0008338845469727507,0.008272341547828462
1677,2748,2301,0.013124728378965665,0.0016688178443070123,0.01241591683551296,0.004476314645806168,-0.00015536032399719786,0.006834182294112356
1678,2748,2334,0.010454155955441299,0.001448311228335523,0.010031720246267832,0.00278491859468723,-0.0008205744051524058,0.0051634273822792
1679,2748,2298,0.011314186248912094,0.001583273533861236,0.011129979553565447,0.005091383812010442,0.001144932415707309,0.007189040506749006
1680,2748,2300,0.013652173913043474,0.0018463072429799935,0.011189802941204826,0.004608695652173911,-0.0004941510842821295,0.005799389922440423
1681,2748,2263,0.015289438798055676,0.002696873540000305,0.014785295935834638,0.004242156429518337,-0.0006915278839255654,0.007635391989988082
1682,2748,2324,0.013941480206540444,0.001795637281286301,0.013180803551359036,0.004561101549053354,-6.018358927295314e-05,0.007136365129313099
1683,2748,2274,0.010114335971855758,0.001485154737476379,0.00926837880956722,0.0035620052770448524,0.00022006924310683654,0.005438733035571352
1684,2748,2288,0.014510489510489506,0.0024412654432791636,0.013234393737728771,0.006424825174825173,0.0014613403615866447,0.00821417820700797
1685,2748,2290,0.014323144104803492,0.0021539205305072264,0.015134655509713185,0.004061135371179038,0.00014828722691250564,0.008073939891717155
1686,2748,2290,0.01152838427947598,0.0017174314239630736,0.010362085156406875,0.005196506550218339,0.0007113696778748195,0.006683577529839409
1687,2748,2319,0.011556705476498489,0.0014517705771775527,0.010442706384300676,0.006252695127210002,0.00025031119307718463,0.007434083052656738
1688,2748,2312,0.015311418685121104,0.0030339217481396646,0.013519818370748714,0.006617647058823528,0.0010440855457128186,0.008449339251065889
1689,2748,2298,0.014447345517841596,0.0018713892698911914,0.013532782359120981,0.006005221932114881,0.0006175766977792613,0.008200547838201245
1690,2748,2298,0.017058311575282852,0.003492666455552115,0.013823702417220324,0.005265448215839858,-5.0396307259289846e-05,0.0070370434806732015
1691,2748,2302,0.01450912250217202,0.0019858048682417587,0.013448168286416918,0.00412684622067767,0.00015083125333100188,0.006882868040028483
1692,2748,2309,0.017063663923776527,0.003643334622136257,0.014684405419914656,0.005846686877436116,0.0008592941893987033,0.007847604759027028
1693,2748,2299,0.02044367116137451,0.00393327292991002,0.017881078741935827,0.0070900391474554144,0.0004431830865456187,0.009729905862436924
1694,2748,2304,0.01145833333333333,0.0005452653656402561,0.010709373801528553,0.005295138888888887,-0.0002338499175258015,0.00695993203948738
1695,2748,2329,0.010304851867754398,0.0009565888636341533,0.009792214030360999,0.004465435809360238,0.0006174112017269494,0.006131587858222662
1696,2748,2275,0.013274725274725271,0.001491273432523744,0.011302140227634547,0.005362637362637361,-0.00038169523627381555,0.006813324666089799
1697,2748,2334,0.014738646101113964,0.002817640783316209,0.013041229970629854,0.006255355612682088,0.001098015741086382,0.00794532156904433
1698,2748,2263,0.012372956252761818,0.0017687230037660504,0.011467542343636247,0.004330534688466634,7.136304081798579e-05,0.006332976457710014
1699,2748,2303,0.011289622231871469,0.0020566020801625323,0.010679549434604788,0.0060356057316543615,0.0012029229704428638,0.007541044041099493
1700,2748,2305,0.008156182212581343,-0.00012451420530111508,0.008961467246562884,0.003731019522776572,-0.000502529444240599,0.005887813934543633
1701,2748,2303,0.01372123317412071,0.0025835360958214528,0.01224646600875364,0.004515848892748586,0.0001426779939213651,0.006578185664876713
1702,2748,2264,0.015017667844522966,0.0023200364218739934,0.012537740911256937,0.006227915194346288,0.0006936919672552425,0.007566156183479071
1703,2748,2299,0.005654632448890819,-0.0005179430016764055,0.006920878024044446,0.0026533275337103073,-0.0010134757031297077,0.004493553174071043
1704,2748,2307,0.01638491547464239,0.00332147233793069,0.01505674335957718,0.0056783701777199805,0.000990631880210909,0.008473173886490791
1705,2748,2275,0.012219780219780216,0.0021094422550999884,0.010051831788324585,0.004527472527472524,3.43168231272797e-05,0.005690996325517107
1706,2748,2339,0.01701581872595126,0.003625120260626967,0.014324168450719965,0.006028217186831977,0.0007540986090917746,0.007902490528842033
1707,2748,2311,0.01047165729121592,0.001614020342532103,0.00989891472103758,0.004716572912159237,0.0003489989167785196,0.0064077210012762125
1708,2748,2340,0.012735042735042732,0.0014315892923411331,0.011960802269133652,0.0053846153846153835,0.0002678056208214853,0.007465893667864281
1709,2748,2302,0.013900955690703735,0.0019678072946944705,0.01250235453558953,0.005864465682015636,0.00018243489528056863,0.007550247469309617
1710,2748,2316,0.013471502590673574,0.002689589264662001,0.013085942941570002,0.0063039723661485305,0.0005924087032397068,0.008467528282728258
1711,2748,2308,0.011438474870017328,0.0010727414629720002,0.01019424306952495,0.0035528596187175024,-0.0008570534929363444,0.005223576392319718
1712,2748,2285,0.016017505470459516,0.0025977993852131023,0.01370231532041607,0.0062144420131291,0.000865705808694218,0.00792624147226685
1713,2748,2296,0.014808362369337975,0.0026114859019939775,0.012240584608472061,0.00592334494773519,0.001058941168260244,0.007318347131794626
1714,2748,2308,0.014471403812824952,0.0028164757112852687,0.01182609181936283,0.006975736568457537,0.0009583847632424229,0.007918202635466248
1715,2748,2328,0.010824742268041235,0.0011572078628083247,0.009520533395695587,0.0061426116838487945,0.00030431704371654326,0.006970909101989552
1716,2748,2301,0.01216862233811386,0.0017149465708185554,0.011161696410240774,0.003737505432420685,-4.3732453513330785e-06,0.006001027658027227
1717,2748,2294,0.01342632955536181,0.0024411341819007924,0.012509322821865475,0.005187445510026153,0.00035010531879424217,0.00741704430526334
1718,2748,2313,0.012624297449200171,0.0025815221700038935,0.009201850546913347,0.0035451794206658002,0.000686674824920272,0.004493580307876294
1719,2748,2289,0.012057667103538661,0.0014906033315378734,0.011854843680178313,0.004587155963302751,6.540156633804353e-05,0.007031256653997827
1720,2748,2328,0.012027491408934705,0.0018111957449721803,0.010808492827156704,0.0049398625429553245,0.0006033137856043894,0.006578312139758307
1721,2748,2278,0.014486391571553988,0.0025493431618471055,0.012929868031536926,0.004258121158911324,4.356170183735721e-05,0.00651199636583647
1722,2748,2331,0.011411411411411408,0.0021535764039449425,0.009736210770567213,0.003517803517803516,-0.0005136231263268018,0.005220426779552619
1723,2748,2316,0.012089810017271156,0.0018582132760866907,0.010678708636594177,0.004447322970639032,-9.756123621660335e-05,0.006006590724923851
1724,2748,2334,0.012082262210796911,0.001843848288450951,0.010991690816692998,0.006169665809768635,0.0009157936960863677,0.007568133298541865
1725,2748,2315,0.014686825053995677,0.0022204130180137837,0.014676710625440948,0.005788336933045355,0.0008952653777687136,0.00882379789823966
1726,2748,2305,0.01587852494577006,0.002547109343252088,0.014548130712982887,0.006334056399132319,1.4682029157328891e-05,0.008665616182875552
1727,2748,2318,0.011906816220880067,0.0019916172605250844,0.012832531525887743,0.004098360655737703,0.0003999515076993928,0.007438207866016866
1728,2748,2297,0.01367000435350457,0.001944407604882686,0.013321256312015771,0.00126251632564214,-0.001692690663513702,0.005137479798305655
1729,2748,2302,0.01450912250217202,0.0026250212059031456,0.011968352650192467,0.006211989574283231,0.0011129864070555985,0.007500929324274858
1730,2748,2304,0.01744791666666666,0.003135301820874177,0.015654394505924176,0.0062934027777777745,0.0009299150853702995,0.008748577826713934
1731,2748,2330,0.013304721030042915,0.002013615359282869,0.012059457183232567,0.0024034334763948484,-0.00109894260393021,0.0052117951289368004
1732,2748,2309,0.009961022087483756,0.0014421532915542348,0.00960852953781806,0.004850584668687741,-2.863315644334664e-05,0.006313196914497531
1733,2748,2282,0.01060473269062226,0.001688523646418831,0.009213888041116497,0.0046888694127957915,-8.325744305079148e-05,0.005881571457943501
1734,2748,2293,0.014566070649803748,0.0019787037750293806,0.014154443280476893,0.006192760575665065,0.0011999600656739152,0.008782278382867336
1735,2748,2315,0.008034557235421165,0.0002990300395589634,0.007665707882799856,0.0021166306695464348,-0.0007589945481560837,0.0038858755404330625
1736,2748,2297,0.012712233347845013,0.002432129630877606,0.013608339802923537,0.004745319982585979,0.0008238219388613782,0.00806704372877209
1737,2748,2286,0.013823272090988622,0.001885763736838776,0.012125495604556774,0.004768153980752404,-0.0008326950189624327,0.0065969928188641105
1738,2748,2327,0.012032660077352812,0.0011204926641092841,0.011839568725369252,0.00627417275461968,0.0002739160246151862,0.00832340095755482
1739,2748,2303,0.010768562744246634,0.0014080618555237145,0.009478388341955338,0.00460269214068606,0.0005346209739884864,0.006132792019767102
1740,2748,2306,0.010407632263660014,0.0010297259179694721,0.008389507049939689,0.005550737207285341,9.249112735781195e-05,0.006057386288562142
1741,2748,2316,0.014421416234887734,0.0025524525531353186,0.012739059391086069,0.00544041450777202,0.00141583602007104,0.007385448772637585
1742,2748,2309,0.015244694673018621,0.0030621394204744835,0.013389077509537104,0.004590731918579469,0.0004953464369246291,0.006950976859497836
1743,2748,2293,0.014304404709986913,0.0020250674015646684,0.013036372002908329,0.0055385957261229815,0.0003482188001653536,0.007698932738083844
1744,2748,2290,0.01152838427947598,0.002316341214219526,0.010061709171430462,0.0022270742358078584,-0.0005894136026941026,0.004488585594118146
1745,2748,2258,0.011514614703277233,0.0011870799514908646,0.011889704361074723,0.00407440212577502,-0.0005293014536918788,0.006771905306647791
1746,2748,2330,0.009957081545064375,0.0013105565593428065,0.007642317264368444,0.003948497854077251,-0.000573416968529651,0.004433977594293633
1747,2748,2301,0.01373315949587136,0.0020057174828743613,0.012352854504484952,0.0055193394176445,0.00024217456996247235,0.007308420410571003
1748,2748,2302,0.008948740225890527,0.0006843324098571905,0.007307181101534772,0.002085143353605559,-0.0008412562345020071,0.0033883714881389783
1749,2748,2322,0.012230835486649438,0.001486751286160088,0.010986994152840846,0.005770887166236001,0.0006633770594249318,0.007227384276648273
1750,2748,2295,0.014814814814814812,0.002172086124967284,0.011812384974653764,0.005185185185185183,-0.0004364157273712475,0.006307520099957954
1751,2748,2282,0.012883435582822083,0.002458292395363473,0.012220467275035951,0.004250657318141979,0.0004982913820423911,0.006533061891979864
1752,2748,2258,0.01514614703277236,0.0026860339055559245,0.013448054093069902,0.0047829937998228505,0.00022951890979150814,0.007029548019977802
1753,2748,2313,0.01452658884565499,0.003021698065448374,0.012518891077183979,0.006571552096843924,0.0005511397728584021,0.00787683469353295
1754,2748,2275,0.014593406593406591,0.002773953763357914,0.012661806808652094,0.007604395604395603,0.001336356438740659,0.008695720858910376
1755,2748,2310,0.012900432900432897,0.0024734809399371764,0.012358122350844795,0.003896103896103894,0.0002918643525156647,0.006408500436725445
1756,2748,2272,0.01566901408450704,0.002937256911405127,0.015444855484447701,0.00453345070422535,4.586482702856537e-05,0.008036839131997453
1757,2748,2277,0.015019762845849797,0.0024055358401540963,0.016061875905912425,0.003645147123407991,-7.742974055445437e-05,0.008112490608983515
1758,2748,2311,0.014106447425356985,0.002821853837220279,0.012096255302352293,0.002855906533967977,-0.0007722145549301183,0.005286152170427704
1759,2748,2330,0.011244635193133045,0.0014266413686532418,0.01006200764433691,0.0027038626609442048,-0.0007806553746281621,0.0047359272276455405
1760,2748,2292,0.013176265270506105,0.002305724787364137,0.012790570696421802,0.006719022687609073,0.0017882431641643177,0.008935128353285181
1761,2748,2291,0.01527717154081187,0.00267731117887976,0.013669662015119226,0.00445220427760803,7.087221043737294e-06,0.007030987920692155
1762,2748,2327,0.018220885259991403,0.00281279005704555,0.016892645218314534,0.006446067898581863,0.0008441063503157793,0.00933475621921777
1763,2748,2292,0.011256544502617798,0.0013484989294485486,0.010175637555612085,0.002661431064572424,-0.0010912517480955424,0.0048732876846755155
1764,2748,2332,0.010377358490566035,0.0016523497053421866,0.010208897940974558,0.003473413379073755,-0.00025655153254088226,0.005699332932253324
1765,2748,2255,0.013037694013303767,0.002342945717673695,0.009772015509428628,0.003059866962305985,-0.0007651980161514296,0.004167539373986138
1766,2748,2322,0.013350559862187767,0.002029601679093912,0.011848883165026405,0.004737295434969852,0.00014206850445831247,0.0066779275626962925
1767,2748,2278,0.013257243195785775,0.001824895330280752,0.012053626098921718,0.00346795434591747,-0.000280583022288912,0.005947026634342933
1768,2748,2320,0.01318965517241379,0.0010670850956080486,0.013368365817952158,0.006637931034482757,0.0004450364432012172,0.009101641172116813
1769,2748,2310,0.016363636363636358,0.00331552826809202,0.013816495589950484,0.009090909090909087,0.0022418912791968165,0.009810220637984046
1770,2748,2275,0.013010989010989009,0.0019067831819391968,0.011237314709879027,0.004395604395604394,0.0004278142632747068,0.0060507274086182535
1771,2748,2276,0.012829525483304039,0.002180691703367256,0.010939649163645598,0.004789103690685411,0.0005306774474303643,0.006326427325459535
1772,2748,2299,0.014876033057851235,0.0021682716914640586,0.01416981434978729,0.00613310134841235,-0.00014495916700324582,0.008416729429633887
1773,2748,2306,0.01309627059843885,0.0020768391621656516,0.011306725295185891,0.0045967042497831725,0.0006697580143440747,0.0061316788682356195
1774,2748,2308,0.013691507798960134,0.002218754234964664,0.013793106264462517,0.005242634315424608,7.171136495470204e-07,0.008235384069851956
1775,2748,2282,0.012883435582822084,0.0016876555214686325,0.01285835149500862,0.004601226993865029,-3.5452341236736295e-05,0.007298138458226584
1776,2748,2287,0.013992129427197198,0.0022654429670628854,0.011195716697167691,0.006077831219938782,0.000650011749591059,0.0069837369571279576
1777,2748,2301,0.012342459800086919,0.00272292947432389,0.010989952334821607,0.0026944806605823527,-0.0005164879511515184,0.0052166870747169265
1778,2748,2278,0.014398595258999117,0.0023651879304129792,0.012076432281635177,0.004126426690079015,0.00017728502666299295,0.006052368461501041
1779,2748,2309,0.011953226504980508,0.0015906265313755,0.010154767786420979,0.004720658293633605,-0.00012947655498532975,0.005956649117659122
1780,2748,2283,0.01550591327201051,0.0023978168122068587,0.014689683548925723,0.006176084099868592,0.0005730746680132422,0.00860122937631894
1781,2748,2294,0.010374891020052308,0.001724604636364997,0.00946278329565217,0.0025719267654751503,-0.0007367209425188295,0.004475451526158273
1782,2748,2298,0.011401218450826804,0.0010632849738477091,0.010850862776878628,0.006483899042645776,0.0003877409603498553,0.007958543178262072
1783,2748,2326,0.012381771281169388,0.001982453684741718,0.01061239075714653,0.005546001719690454,0.0005866644939879354,0.006645341309644078
1784,2748,2312,0.011245674740484426,0.0015234898326995999,0.010524216275597112,0.004584775086505189,0.0001407929984964746,0.0063705494667445385
1785,2748,2312,0.0129757785467128,0.002181161386677315,0.010734348082544556,0.003979238754325258,-0.00022334871367480052,0.005495861715675354
1786,2748,2309,0.01333910783889129,0.0020456102945236023,0.012735348259544027,0.004027717626678215,0.0009716981751855781,0.0066697986108142145
1787,2748,2281,0.014028934677772904,0.0018021753934790569,0.012231645143842314,0.0032441911442349825,-0.0004964901798430524,0.005766972422997567
1788,2748,2279,0.013426941641070642,0.002789829490149758,0.012092676356739706,0.0045634050021939425,0.0005418623313424433,0.006666385089171385
1789,2748,2328,0.012371134020618553,0.0019387258552268022,0.012241825157674075,0.004553264604810994,0.0008959021772907878,0.007069244779202599
1790,2748,2280,0.014824561403508768,0.0025359638916276723,0.01163923611170094,0.006578947368421051,0.0002787110435281584,0.007338017216442571
1791,2748,2317,0.01709106603366422,0.0031631099397702047,0.014771148516519386,0.005179110919292186,0.001228426525715842,0.007699503627800396
1792,2748,2317,0.010271903323262837,0.001651176263609974,0.008708651727825523,0.005222270176952954,-0.00021669102624148674,0.006081004341502555
1793,2748,2276,0.012390158172231984,0.0016969044764980575,0.012406882950246707,0.002328646748681896,-0.0012477022122555615,0.005731205253947891
1794,2748,2276,0.012565905096660805,0.002245709459998506,0.011627623956449973,0.005448154657293495,0.0006615719611998645,0.007290329333726901
1795,2748,2311,0.01462570315880571,0.0019852275304046946,0.013526604829351441,0.0032453483340545205,-0.00018341190147553774,0.006227837088250006
1796,2748,2283,0.013053000438020145,0.0021961384163112106,0.013097181803424932,0.006044678055190536,0.0015255414920246093,0.008503140997267244
1797,2748,2334,0.011825192802056553,0.0016534750640215183,0.011122616968173455,0.00329905741216795,0.0004815284784658814,0.00577909517822836
1798,2748,2300,0.016347826086956518,0.0030217843595788836,0.015062412101599835,0.006565217391304346,0.00022455950061001085,0.009031863129110706
1799,2748,2313,0.010549070471249455,0.0011512904935430984,0.010206042444669201,0.004928664072632942,-8.341020877564967e-05,0.006927070038599139
1800,2748,2318,0.011475409836065572,0.0010259536209534898,0.011687298163609196,0.007204486626402069,0.0005456173628190897,0.008891221809390122
1801,2748,2307,0.013437364542696138,0.0025748661846502078,0.013686337832228359,0.006935413957520588,0.001445630738270824,0.009426098126257092
1802,2748,2279,0.012900394910048263,0.0023694667874983102,0.012861365726853606,0.0038174637999122403,0.00019843246435644933,0.006864269190850066
1803,2748,2309,0.016457340840190553,0.003093949220592492,0.014641483714971659,0.005586834127327846,0.0010514221909357318,0.008030867953690343
1804,2748,2306,0.01205550737207285,0.002082982483700605,0.010847796605453725,0.005117085862966174,0.0008749493478736555,0.006597983361353641
1805,2748,2294,0.01255448997384481,0.0018319107648082273,0.01105948625596361,0.005100261551874453,0.0007958435572661038,0.006674106550461903
1806,2748,2284,0.01155866900175131,0.0018763324149177116,0.010851367685673047,0.003852889667250436,-0.0006756431106475589,0.005890554403801317
1807,2748,2287,0.013554875382597286,0.0023115133183309704,0.012829385543542654,0.0037166593790992552,-0.0006854695399800821,0.006415788792322652
1808,2748,2317,0.012688821752265858,0.0014261300214293395,0.012294624752857588,0.0034958998705222244,-0.0007399764240691638,0.006375077332261958
1809,2748,2304,0.010416666666666664,0.0017065898005713582,0.00835771164804278,0.0044270833333333315,0.0005432347490812502,0.00525083612750859
1810,2748,2275,0.012571428571428568,0.0021150747436167057,0.012703431109533998,0.004219780219780218,-0.0004879480862796026,0.007082291772457152
1811,2748,2303,0.01016066000868432,0.0008821038064092992,0.009946676356723439,0.0009118541033434634,-0.0022326057105343526,0.0036858776201360017
1812,2748,2296,0.014895470383275256,0.0025792908070152976,0.012400502538574535,0.006533101045296166,0.0015829649314389516,0.007897156813704443
1813,2748,2327,0.013751611516974642,0.0019460966297347956,0.014505237081498484,0.0033949290932531137,-0.001089271024149357,0.007260488623210991
1814,2748,2323,0.010331467929401632,0.0004780669330722349,0.009575409578957583,0.0023245802841153664,-0.001301463361593818,0.004569028857290767
1815,2748,2299,0.015224010439321442,0.0028006014356260346,0.013407984089474993,0.003958242714223573,4.0732579007437105e-05,0.0063256997328301565
1816,2748,2319,0.013454075032341525,0.0023222863427284747,0.01275323329098651,0.0033635187580853794,-0.0006604916100772516,0.00624381113339413
1817,2748,2315,0.013563714902807774,0.0021027259861861034,0.013256983666009251,0.005183585313174943,0.0005925501760541619,0.007809864444317605
1818,2748,2293,0.014304404709986916,0.003205574753677557,0.012310013681747112,0.003358046227649365,-0.000495705787370094,0.005729675183934929
1819,2748,2323,0.011536805854498492,0.002003374581615171,0.010770901689125003,0.0033577270770555304,-0.00015749145100645319,0.0056693664687342445
1820,2748,2301,0.011038678835289,0.0013638117474956636,0.011268697186586301,0.0029986962190352005,-0.0009617147759885922,0.0058874070983520954
1821,2748,2332,0.01903945111492281,0.004067281272376947,0.017119783233631673,0.007804459691252142,0.0015621858961889148,0.010371688987505364
1822,2748,2278,0.012291483757682175,0.0018428356622401977,0.012003561278097334,0.004433713784021069,0.0004977921553130304,0.006961772423109634
1823,2748,2308,0.012305025996533794,0.0012263708715114622,0.01085050668107408,0.0029896013864818003,-0.0003505525925069233,0.005360974348084007
1824,2748,2275,0.013274725274725271,0.002602474869870716,0.012110075236181548,0.005406593406593404,0.0009690226741333091,0.007219861402665909
1825,2748,2302,0.010773240660295391,0.0012530520997041386,0.009470600876765439,0.002649869678540398,-0.00043708489655423853,0.004529805518476644
1826,2748,2330,0.014763948497854073,0.002783504208013744,0.010825971588374523,0.006180257510729611,0.0008884167882568676,0.006454192004125495
1827,2748,2299,0.015397999130056543,0.0027687491995098006,0.013491177795661776,0.004132231404958675,0.0006867414152710688,0.006633079519025742
1828,2748,2302,0.014682884448305816,0.0023052322283502,0.01428475654222231,0.006472632493483924,0.0007889960957457524,0.009068774418640627
1829,2748,2288,0.012762237762237758,0.0019563380207786225,0.011247354235923638,0.0038024475524475504,-0.0005932330513376461,0.005887198822637017
1830,2748,2281,0.011135466900482241,0.0014698286761841493,0.012500223439805128,0.004252520824199911,-0.0008152514263832237,0.007347427790351793
1831,2748,2313,0.01357544314742758,0.002020774505412769,0.011437773432330663,0.006095979247730219,0.00011442258436913091,0.007200189738306203
1832,2748,2272,0.013820422535211263,0.0025799543160733227,0.011284835064800998,0.00413732394366197,-0.00026013722383451155,0.0057387534695997715
1833,2748,2321,0.012666953899181385,0.0017176635046061322,0.012812781213226649,0.005945713054717792,0.0007996571876813508,0.00850247962353197
1834,2748,2277,0.014668423364075533,0.002618918201816105,0.012999446705512056,0.0070707070707070685,0.00205275703156737,0.008632443361951724
1835,2748,2298,0.013402959094865097,0.0020616434001059095,0.0121677625534711,0.004743255004351608,-0.00010294730602725839,0.006641649247248597
1836,2748,2286,0.01154855643044619,0.0016243478507617936,0.011299353028227365,0.003674540682414697,0.0001062335818251295,0.006420682502756491
1837,2748,2298,0.013315926892950388,0.0017656999790512558,0.013690077436861793,0.004177545691906003,0.00033041356586750384,0.007581078022536802
1838,2748,2352,0.011139455782312922,0.00179213614128894,0.010401152295379624,0.005272108843537413,0.0003287328274096808,0.0068223928313654635
1839,2748,2298,0.013577023498694513,0.002081254645402492,0.011498933402818639,0.006570931244560485,0.0003348265603271809,0.007616396817224517
1840,2748,2286,0.013735783027121607,0.0018510173390646643,0.012901314742830345,0.005818022747156603,-0.0005812745809428308,0.007872603023918378
1841,2748,2296,0.01454703832752613,0.0022139191412427267,0.015047678041591841,0.0044860627177700325,-0.00022841619060139575,0.008041844631524533
1842,2748,2343,0.015108834827144682,0.002745167697158979,0.014916661427406365,0.004908237302603498,0.0002896584926608987,0.00816795537766098
1843,2748,2282,0.012971078001752847,0.002228052902802456,0.011827321815316172,0.006397896581945659,0.0015263722191283767,0.008140054950078692
1844,2748,2346,0.012361466325660696,0.001998267375052207,0.011716006634590364,0.006734867860187551,0.0004949203794287158,0.008259512636620695
1845,2748,2297,0.008794079233783194,0.0012590868188035894,0.008725924687353597,0.003831084022638222,5.434016186129055e-06,0.005609544345964594
1846,2748,2328,0.01675257731958762,0.002917233270941027,0.013639368516779628,0.006357388316151201,0.0002710431024268672,0.007825290090503664
1847,2748,2285,0.010328227571115971,0.001183499990425087,0.011204892923761723,0.0033698030634573294,0.00020215828873800074,0.006318211375184243
1848,2748,2279,0.013163668275559454,0.0015938357881500728,0.01207949563700632,0.004782799473453267,-0.0004125719542346135,0.006945435991996111
1849,2748,2276,0.013356766256590507,0.0030239163961458307,0.012851957483543095,0.0050966608084358515,0.00027965034537909674,0.007643122263609736
1850,2748,2299,0.015571987820791647,0.0029166729194150635,0.01412213209859929,0.005872118312309697,0.000728651696714684,0.0081254115260073
1851,2748,2287,0.011630957586357672,0.0007709576496129994,0.010870152373335936,0.004503716659379097,-0.0005448218768069563,0.006488392911861781
1852,2748,2284,0.014973730297723288,0.0019120833681327343,0.01411989008555447,0.006260945709281959,8.520066841907409e-05,0.008507995185170087
1853,2748,2316,0.014939550949913642,0.002525187264841381,0.01389714245649842,0.007253886010362693,0.0012566150078917797,0.009235008063033808
1854,2748,2294,0.017262423714036614,0.003206779225058151,0.012265257289028936,0.007105492589363556,0.0011183029012539582,0.007080429898593468
1855,2748,2295,0.01350762527233115,0.0013228347310023426,0.013175345437643352,0.008148148148148146,0.00149700123718305,0.009916188991878152
1856,2748,2340,0.013589743589743585,0.0023630713894199234,0.012192053583972106,0.004658119658119656,0.0007389576353713907,0.006838607933121442
1857,2748,2288,0.011538461538461534,0.0014804236872150009,0.010367322384352307,0.004283216783216781,-0.00047927259211324856,0.006012291865544353
1858,2748,2293,0.013432184910597467,0.002294681205919459,0.011146132384102765,0.003924989097252505,0.0001919520127149172,0.005442785027062761
1859,2748,2346,0.015771526001705026,0.0027397755557139053,0.01571721398418612,0.004475703324808182,0.0004814466178114272,0.008116840351850275
1860,2748,2324,0.013683304647160065,0.0018408353322096,0.01278855645424247,0.004518072289156625,-0.0006792128866225107,0.007005602308672769
1861,2748,2317,0.013552006905481223,0.0022040064567472742,0.013321884759019787,0.0025895554596460932,-0.0007648547513570349,0.006198284630967076
1862,2748,2298,0.01322889469103568,0.0022177227938129152,0.012218088788399622,0.007876414273281111,0.0015176661841747098,0.009208607609794162
1863,2748,2285,0.0149671772428884,0.0027611621073271664,0.015234096222476578,0.006695842450765863,0.0009838076648755255,0.00955718327114452
1864,2748,2320,0.011034482758620687,0.002053570438864711,0.011368253670047039,0.004094827586206895,0.0003254070725218222,0.0066782054908213675
1865,2748,2271,0.01761338617349185,0.0033879574719679864,0.01494066152616985,0.008410391897842357,0.0012500197631855599,0.009710962001658158
1866,2748,2307,0.019245773732119633,0.0040029503677343455,0.01766688903761704,0.007022106631989595,0.0011895443627947002,0.009954086404805008
1867,2748,2317,0.012343547690979713,0.0016367440820587741,0.010870774159728239,0.003452740612861457,-0.000743764758024815,0.0052849589077322255
1868,2748,2317,0.012947777298230467,0.0024665496862590467,0.010719569576133096,0.003582218385843762,-0.000430325144843459,0.005302987023023399
1869,2748,2276,0.013708260105448154,0.0024179963935335074,0.010859721887838375,0.006063268892794373,0.0006022692207006775,0.006880534747656468
1870,2748,2282,0.013409290096406658,0.0022007778436569465,0.012987710309500921,0.0038124452234881657,0.00022529569641767505,0.0066693693965788016
1871,2748,2283,0.014279456855015329,0.002576852095084559,0.012626053035396125,0.002540516863775732,-0.00036565666832875845,0.005227307550710408
1872,2748,2293,0.015612734409071084,0.0031785074004073402,0.015403800775607863,0.0036633231574356726,-0.00035077833255273556,0.00745125427921357
1873,2748,2332,0.019125214408233275,0.0037600975485800334,0.01627119652049937,0.0072041166380789,0.001075786303640626,0.009360871207242556
1874,2748,2295,0.013769063180827882,0.0027056280575735153,0.010255331839750892,0.006143790849673201,0.0014278061752264896,0.006481916146013181
1875,2748,2315,0.01399568034557235,0.0019177525121273425,0.013170564899007338,0.0049676025917926555,0.0005418798641925079,0.007561434602524471
1876,2748,2306,0.011535125758889849,0.0013129298194282772,0.010933584226198912,0.0036426712922810038,-0.00035107712595617847,0.0059706626733815145
1877,2748,2311,0.012115967113803545,0.0014659515151893242,0.009506964358000941,0.0033318909562959735,-0.0007035486032117262,0.004553147762854645
1878,2748,2306,0.013703382480485686,0.002268856322760195,0.01333735989584837,0.0032523850823937546,3.301738398268865e-05,0.006471505980373366
1879,2748,2271,0.014002642007926022,0.0019007883695645199,0.011356281921407243,0.006737120211360632,0.0009189154978941998,0.007598068437794246
1880,2748,2339,0.012997007268063273,0.002051999173479365,0.01123978189420478,0.002864471996579733,-0.0004593479272402239,0.004952456657002198
1881,2748,2323,0.015411106328024102,0.002094243774261402,0.01350142684367008,0.005983641842445112,0.0006680231055649554,0.007745664508345155
1882,2748,2316,0.014680483592400685,0.0019479306008018914,0.01438590509008954,0.0037132987910189967,-0.001020992884440807,0.0068981800075039275
1883,2748,2271,0.01638044914134742,0.0028508361306064807,0.015744650801200234,0.006693086745926902,0.0008803917788952487,0.00942212740521399
1884,2748,2271,0.010479964773227652,0.0015507611859543824,0.009722109435256003,0.004095112285336854,-0.00027547305230035115,0.005885105883574612
1885,2748,2280,0.012105263157894734,0.0017095692595319853,0.010327059886234469,0.002938596491228068,-0.0006672810312497551,0.004917350789434744
1886,2748,2316,0.01563039723661485,0.002188662234479991,0.014218123208764958,0.0063471502590673546,0.0002825263804855435,0.00830271654608266
1887,2748,2301,0.013124728378965661,0.001987502857591785,0.012333339442882044,0.0043024771838331135,-0.00022005087968057804,0.006700767713133991
1888,2748,2327,0.01366566394499355,0.0026961398461275987,0.013778529441360043,0.0033949290932531137,7.625247041696446e-05,0.006765378500187495
1889,2748,2334,0.013453299057412164,0.0021541971854415268,0.011991317470652062,0.002913453299057411,-2.2647804574309248e-05,0.005336214018684427
1890,2748,2289,0.008912188728702489,0.0010718403895453395,0.009706162304961956,0.0023154215814766253,-0.0005373302803289083,0.005282537341452891
1891,2748,2291,0.013094718463553031,0.0016980784876394538,0.01158479953532559,0.005106940200785681,0.00011545178939891099,0.006864757222800946
1892,2748,2292,0.011692844677137867,0.0010656290010021888,0.011279963720111686,0.005104712041884815,0.0005217348118961827,0.0070499186974121355
1893,2748,2265,0.01898454746136865,0.003536912931984388,0.018390353182272993,0.009183222958057392,0.0016742976256082032,0.012201318639035858
1894,2748,2302,0.013987836663770632,0.0025827261146730094,0.01260145903344809,0.00460469157254561,0.0007686442566803002,0.00675083005596082
1895,2748,2288,0.013898601398601397,0.0020362956234276906,0.012819523694350334,0.0048513986013986,0.00015731617718668582,0.007353079572368191
1896,2748,2300,0.011217391304347823,0.0016317127185469938,0.009038248860370066,0.003999999999999998,0.0003290274984267121,0.00511066839742455
1897,2748,2298,0.013489991296779805,0.00214113011273625,0.012075104113401295,0.005047867711053089,0.0008164560211026992,0.007036460271754489
1898,2748,2305,0.01587852494577006,0.00224220430117121,0.013257962488912898,0.00724511930585683,0.0007862553097866009,0.008164676249945074
1899,2748,2291,0.013880401571366212,0.0019534735153565875,0.011641156664473205,0.00593627237014404,0.0005060766009111027,0.0070565669574377135
1900,2748,2331,0.013556413556413554,0.0020790714747018534,0.013246288539186565,0.005148005148005146,0.0006051126735843026,0.007802490071772047
1901,2748,2308,0.0097053726169844,0.0006330565018255729,0.011025647326529862,0.0036395147313691488,-0.00018695514317498995,0.00658413635262866
1902,2748,2336,0.009931506849315066,0.0016428650168900964,0.009587307676900067,0.004494863013698628,-8.866165591614865e-05,0.0061639688879074755
1903,2748,2313,0.012624297449200171,0.0018212979490316956,0.01086885052589036,0.004193687851275398,-5.25792669689491e-05,0.0058916204296710194
1904,2748,2323,0.0141196728368489,0.0019606959550861397,0.013519190563874434,0.005380972879896683,-0.00014837609060937198,0.007940430325414588
1905,2748,2335,0.012847965738758026,0.0020188026323541396,0.01179733631316336,0.005182012847965736,0.0003249592273862703,0.007176600203693215
1906,2748,2283,0.008497590889180898,0.0007569702403112733,0.009077040480679211,0.005300043802014892,0.0011811551237016547,0.00712204615536096
1907,2748,2305,0.012581344902386113,0.0019969392249729505,0.010617014310764665,0.006203904555314533,0.001147057691174559,0.007151727848493313
1908,2748,2292,0.015008726003490397,0.003085582468943106,0.013023987163145071,0.006195462478184991,0.0016454536378279188,0.007935312220264093
1909,2748,2322,0.01283376399655469,0.0014021916933414187,0.011058598255351427,0.0065891472868217045,0.0011438081413885867,0.007555386104782611
1910,2748,2278,0.015276558384547844,0.0029161781378746715,0.013456721289989482,0.004126426690079015,-0.0004442959245614907,0.006667078570543881
1911,2748,2294,0.01281604184829991,0.0023922148506397905,0.010696416908514679,0.004228421970357452,-7.698183636784129e-05,0.0058552743473322625
1912,2748,2298,0.008355091383812008,0.0008064334640880111,0.006962163691515509,0.0034812880765883367,-0.0006238928119692962,0.004346532940319935
1913,2748,2300,0.00878260869565217,0.001369149741631924,0.007208710956890575,0.00343478260869565,-0.0009984968785714512,0.004231289332908994
1914,2748,2302,0.00990443092962641,0.001019273407315177,0.010495370015948443,0.003084274543874889,4.0548400440468035e-05,0.0056903677621414255
1915,2748,2320,0.015775862068965515,0.0029355901776817427,0.015235942504635976,0.003534482758620688,0.000311251629334408,0.007272917079601403
1916,2748,2276,0.017574692442882248,0.0035745180904671473,0.017543412732389532,0.0065465729349736355,0.0012996979878718254,0.01009012997593441
1917,2748,2310,0.015670995670995665,0.002532767296378578,0.01387019864684243,0.004935064935064933,-0.0002026685384038731,0.007262298555770927
1918,2748,2326,0.015563198624247633,0.0023959937145473682,0.013189479101784874,0.004385210662080824,-0.0006882102388499838,0.006331568305385213
1919,2748,2282,0.015863277826468007,0.002882922096752953,0.013706926441734804,0.005696757230499561,0.00041888144094825986,0.007422667046212138
1920,2748,2314,0.012100259291270524,0.0013111680394981135,0.011529057883936968,0.006395851339671563,-0.00014898861749274158,0.007980052101624589
1921,2748,2292,0.014136125654450257,0.0021231816333410064,0.011862344202961608,0.003621291448516578,6.25461801473875e-05,0.005464698265152031
1922,2748,2306,0.009627059843885512,0.001693454135442025,0.008762523248633785,0.00316565481352992,-0.00020183775235789366,0.004895634536249814
1923,2748,2295,0.013769063180827882,0.002203250463433476,0.014082146330497591,0.005795206971677558,0.000862664619314316,0.00877788781490497
1924,2748,2278,0.012379280070237047,0.0013932515805348017,0.012695178390201093,0.004609306409130815,-0.0002693852266470567,0.007341400114834216
1925,2748,2309,0.013598960588999563,0.002087587190573923,0.014288008054833835,0.004807275877003029,0.0007118741729313104,0.008155297627402205
1926,2748,2339,0.012483967507481828,0.001970063357860772,0.012870909999755976,0.005771697306541255,0.0014331257024838518,0.008415902966543539
1927,2748,2343,0.015620998719590266,0.002758328818040651,0.014461643392552508,0.004822876653862568,-4.16451564136305e-05,0.007466446936651176
1928,2748,2302,0.010078192875760207,0.0007586577497170073,0.00794175384576735,0.004474370112945263,-0.0008745938828741119,0.0050281283760642975
1929,2748,2275,0.016175824175824173,0.0037156543609350987,0.013967358965928314,0.005274725274725272,0.0009920904831434835,0.007315807862638606
1930,2748,2318,0.011302847282139775,0.0016095133675830763,0.008531812866882598,0.0033218291630716123,-0.00036799189648769313,0.004250570899769095
1931,2748,2312,0.012456747404844287,0.0019197673345938827,0.011977319562216947,0.00583910034602076,2.0964256438185443e-05,0.00785801296388162
1932,2748,2289,0.013106159895150718,0.002169679809599632,0.012512295071445838,0.005242463958060287,-7.034034125926909e-05,0.007623918392583721
1933,2748,2293,0.010902747492368074,0.0019042546647346941,0.009509955050378814,0.0029655473179241152,1.598836784851668e-05,0.004817667511475412
1934,2748,2298,0.015752828546562223,0.0032467631570081337,0.016035553959514316,0.00517841601392515,0.0010540014176136517,0.008834034961442817
1935,2748,2297,0.014366565084893337,0.002436330557892379,0.012101866009467017,0.005528950805398344,0.0006737832531058461,0.007130657170664216
1936,2748,2313,0.010635538261997403,0.00041072752343557293,0.009567882224953042,0.0054474708171206206,-0.00012584461207475108,0.006433823330631254
1937,2748,2315,0.015550755939524838,0.002795849665521356,0.014463586740684016,0.005701943844492438,0.0005748393733186544,0.008321466848352223
1938,2748,2290,0.014323144104803488,0.002420272023991634,0.013167455285332018,0.004279475982532749,0.000278098680145482,0.007002962179625885
1939,2748,2286,0.011023622047244089,0.0011422443945365956,0.008158792375527652,0.0016622922134733144,-0.0010980603567380116,0.0028917104435913802
1940,2748,2338,0.01599657827202737,0.002408618315541041,0.013343472188578058,0.004833190761334472,0.00011042116704418338,0.006719456857205913
1941,2748,2329,0.01279519106912838,0.0019467669465111418,0.01137045287301123,0.0035637612709317284,-8.1647240689095e-05,0.0056271049023000515
1942,2748,2293,0.014566070649803748,0.0024803111787979138,0.014177451676710076,0.002965547317924115,-0.0001837668184136427,0.006565785242342973
1943,2748,2289,0.014329401485364787,0.00234104804879092,0.013655132238189562,0.006247269550021841,0.00031886634581608086,0.008429418458826159
1944,2748,2319,0.016300129366106076,0.0028543427835556793,0.01360736961800736,0.005821474773609313,6.640740490462701e-05,0.007406741419619386
1945,2748,2328,0.01417525773195876,0.0019856321050182053,0.013434422850602592,0.005455326460481097,-0.00019633873550309422,0.007968495166453418
1946,2748,2301,0.013993915688830941,0.0019281397957560853,0.012404218716074677,0.006171229900043457,0.0002969055466029339,0.007749887247290921
1947,2748,2314,0.015125324114088156,0.0031127635681509995,0.014339387262781339,0.004667242869490058,0.0007594156584606875,0.007557153457314278
1948,2748,2283,0.014367060884800699,0.002350987402988329,0.013326553622667364,0.005519053876478316,0.0001886882744136627,0.007816204531593334
1949,2748,2326,0.014445399828030952,0.00268020003350743,0.013131181838740734,0.004944110060189164,-9.857882994639944e-05,0.007236329636268223
1950,2748,2298,0.015665796344647515,0.002107940530451158,0.016554184536635107,0.00600522193211488,0.0003275896619879204,0.009815571722037923
1951,2748,2303,0.010768562744246634,0.0017000112444178579,0.009585884913154994,0.006079027355623097,0.0008399821387483897,0.00702292255517432
1952,2748,2315,0.012872570194384444,0.001574930183186782,0.011026387584278482,0.006652267818574512,0.0008606241651914102,0.007637200834005374
1953,2748,2297,0.012363952982150627,0.0016436989613923645,0.009784624674674322,0.004658249891162384,1.6197387109614157e-05,0.005511871074781771
1954,2748,2310,0.010303030303030302,0.001090264968604417,0.009120851477354416,0.004805194805194804,-0.0005094597784607451,0.0059795484153456315
1955,2748,2300,0.01460869565217391,0.0029738069537645403,0.013664376794728761,0.004826086956521737,0.0014973228502607855,0.0076094660129257365
1956,2748,2284,0.014185639229422063,0.002461920040347076,0.012913722482269534,0.005035026269702275,0.00026421245441697535,0.0072754496232158485
1957,2748,2285,0.013566739606126912,0.0018633655708220045,0.012190217582088658,0.004332603938730852,0.00011947383947095104,0.006678799896051455
1958,2748,2301,0.01442850934376358,0.0027461123129807717,0.013620000701202718,0.004041720990873531,-0.00033392989606870937,0.0069551741076655715
1959,2748,2315,0.013390928725701941,0.0021656157315025105,0.0128493042983169,0.004146868250539955,-0.000258097075976787,0.006908109024738725
1960,2748,2275,0.010637362637362636,0.0012504386058146367,0.01115213114761246,0.003208791208791207,-0.0004519939083035847,0.0061378843549879086
1961,2748,2282,0.013146362839614371,0.0021459664937784353,0.011722239112888912,0.004206836108676597,-0.0005408286191744012,0.0062619830106320435
1962,2748,2278,0.013257243195785773,0.0019963129769602593,0.012595717054734269,0.005706760316066722,0.00043978529426777545,0.007918327998916851
1963,2748,2312,0.01228373702422145,0.0018785384560468345,0.011096645700887153,0.005406574394463666,0.001014211303655944,0.007068226887766312
1964,2748,2284,0.016199649737302976,0.0034476985807539136,0.015085722115186148,0.006523642732049035,0.001648787948638943,0.00903104394069643
1965,2748,2326,0.014015477214101459,0.0018282585839913522,0.011773325709412023,0.00705073086844368,0.0007116796206372909,0.008038366442879629
1966,2748,2346,0.013469735720375103,0.001751137730702881,0.012353181464760714,0.00579710144927536,0.0007699895440247172,0.00756815894402095
1967,2748,2326,0.01212381771281169,0.0018218651798967062,0.010049107650778868,0.004385210662080824,-0.00033746682851251096,0.0055019286659789045
1968,2748,2308,0.014818024263431538,0.0025525455239379306,0.014676591508299608,0.007192374350086653,0.0012838954229297396,0.009788386482859113
1969,2748,2295,0.010283224400871456,0.0015527008581098175,0.00988694522887123,0.0037908496732026124,-0.0003156648535833593,0.005810643981508811
1970,2748,2274,0.01328056288478452,0.002261659223623914,0.011935297563318953,0.006068601583113455,0.0007656804727976026,0.007618937579297487
1971,2748,2272,0.010915492957746476,0.0009253734023340015,0.010051349893141779,0.003829225352112674,-0.00044808268459712767,0.005618205615108311
1972,2748,2308,0.01577123050259965,0.0026095833514278867,0.016252582560746846,0.005112651646447137,-0.00013124063546131424,0.008940928199540735
1973,2748,2326,0.013671539122957864,0.0026311030081199735,0.011469514553245042,0.004471195184866722,0.0002627000486911019,0.006196208771071512
1974,2748,2336,0.016780821917808213,0.0025584339047848214,0.015512577565468645,0.006035958904109587,0.0004039967162278146,0.008866462766079084
1975,2748,2297,0.012625163256421415,0.0018844418783667178,0.011924065879671833,0.004309969525467999,-0.00039767147584116665,0.006568483722944176
1976,2748,2330,0.011244635193133042,0.0016880319911231152,0.01221976912338484,0.005922746781115879,0.0016451536928410522,0.008528023436449537
1977,2748,2300,0.011913043478260867,0.0017797330350680911,0.010754083268006226,0.00343478260869565,-0.0007894261538629141,0.005471084672548641
1978,2748,2298,0.016710182767624017,0.002805183176373989,0.01523917050693242,0.006092254134029588,5.0910164047133325e-05,0.008606929645263309
1979,2748,2286,0.012423447069116359,0.002028524423396323,0.011587745548988589,0.0053805774278215205,0.0003862724569699022,0.0071626398098145
1980,2748,2314,0.012618841832324977,0.0017476430675859352,0.012107548755713888,0.002420051858254104,-0.00029198499836994104,0.005604194839602926
1981,2748,2300,0.017217391304347823,0.003292189836688414,0.015280673364013514,0.0016521739130434762,-0.0010642213534373312,0.0054024252553847045
1982,2748,2298,0.013751087902523931,0.0018750644255018825,0.012912768069475049,0.004482158398607484,0.0003259327268073462,0.007085502727825871
1983,2748,2334,0.012939160239931446,0.0018689708836415978,0.010661313872721935,0.00394173093401885,-0.0006385711360487703,0.005560046466584986
1984,2748,2308,0.014471403812824952,0.0019617632300971202,0.013198801943793465,0.005112651646447139,0.0003321450919055201,0.007476739573632273
1985,2748,2293,0.013781072830353245,0.0020121417035253684,0.013195494995381906,0.0057566506759703425,0.0005447199314349929,0.008153643014353215
1986,2748,2305,0.014490238611713661,0.0029083575593719436,0.013185702197750828,0.004555314533622557,0.000255130951018189,0.007021150561419705
1987,2748,2296,0.013153310104529614,0.002346085517229387,0.012886763426312894,0.006402439024390241,0.0008566030372718584,0.008666602758780945
1988,2748,2317,0.011911955114372031,0.0018885293744130012,0.009408453237154852,0.007034958998705221,0.00145842576584583,0.007235835704142399
1989,2748,2275,0.013098901098901095,0.0020028810199788924,0.011830281230484829,0.005186813186813184,0.0003965164432599065,0.00705397930170152
1990,2748,2345,0.012452025586353943,0.0016512606364420773,0.01308101610478171,0.005884861407249465,0.00015710955065922704,0.008623163872254699
1991,2748,2329,0.015199656504937738,0.0020658096144903324,0.014350221407390852,0.0033061399742378692,-0.0007454499838557037,0.006734715524233012
1992,2748,2291,0.009340899170667829,0.0009425625626083886,0.009830894045172022,0.0020515058926233068,-0.0006385658462212348,0.004965228861481476
1993,2748,2330,0.011845493562231758,0.00134782274047778,0.010377443060792434,0.005665236051502144,0.0011733430313576902,0.006981526842105581
1994,2748,2283,0.014016644765659218,0.0024024147086388697,0.011741846125365519,0.006088480070083222,0.0014531215524567701,0.007322365995772078
1995,2748,2309,0.010740580337808574,0.0010959439759884548,0.010758254236980508,0.0037245560848852294,5.774047343913973e-05,0.006284598118161737
1996,2748,2306,0.014917606244579355,0.003066314096187379,0.014413712600234715,0.004379878577623588,0.00026559459784321224,0.007463152976051416
1997,2748,2324,0.01514629948364888,0.002903944842546621,0.012837503080223123,0.004432013769363165,-4.751429063640539e-05,0.0065394810696574384
1998,2748,2312,0.016003460207612452,0.0028423137688089813,0.014709565132074913,0.005233564013840828,0.0005985564757254791,0.00792420621263103
1999,2748,2302,0.010773240660295393,0.0015054164285174274,0.009959046280515105,0.0037793223284100764,-0.0006564326377956366,0.005694482024604483
2000,2748,2293,0.014653292629742692,0.0025665993880553176,0.011871494588012512,0.005407762756214564,0.0007304941006790075,0.006634050442618728
2001,2748,2325,0.011182795698924728,0.0014539383478339271,0.010106763847338671,0.006666666666666664,0.0015871822210116841,0.007650574656673345
2002,2748,2289,0.01511577107907383,0.002961819385592801,0.012410630005289679,0.0034949759720401905,0.00040120288439025306,0.005536973484491736
2003,2748,2293,0.01194941125163541,0.00187171666760047,0.010212989365258307,0.0028783253379851704,-0.0008984170166120699,0.004699673127854483
2004,2748,2303,0.013894919669995655,0.002630944366106587,0.012925131810603492,0.003951367781155014,0.0001793342136381671,0.0066904587422413645
2005,2748,2266,0.011209179170344216,0.000767211481041887,0.010085778852432805,0.004457193292144746,-2.1171033097983536e-05,0.006265031412397086
2006,2748,2309,0.011346903421394538,0.0018468521824615254,0.008513593408600043,0.004850584668687742,0.0008658676731501933,0.005361069053954774
2007,2748,2301,0.012342459800086917,0.002082017192820033,0.011283878867426931,0.004215558452846587,6.326474652952224e-05,0.006320905457734657
2008,2748,2278,0.014398595258999121,0.0016914437157669884,0.01468021109925165,0.005575065847234414,-6.224446115176656e-05,0.008742898562305033
2009,2748,2328,0.014261168384879723,0.002810981871412255,0.01296246318476584,0.005713058419243983,0.0009375127847812386,0.0077386217242770205
2010,2748,2319,0.017593790426908146,0.004107437348294481,0.01544938245927814,0.0056921086675291045,0.0008839850297597069,0.008163634100992814
2011,2748,2267,0.013409792677547416,0.0020229342238916445,0.011314200220116125,0.0029113365681517405,-0.0003798195798989604,0.005147437868359562
2012,2748,2279,0.013075910487055725,0.001983432923413264,0.01159653181090901,0.004914436156208861,0.00052358039747127,0.006837301509744436
2013,2748,2331,0.01407121407121407,0.00262808600570318,0.011663676786389686,0.004804804804804803,0.0001524726323168226,0.006199513297564553
2014,2748,2288,0.012062937062937061,0.0013151719869618148,0.01006877816516106,0.005419580419580417,0.00014862942595096867,0.006525113138201613
2015,2748,2285,0.014179431072210062,0.0018224717785889656,0.012745285084859953,0.006126914660831507,0.0014570166327469863,0.008143623662270174
2016,2748,2293,0.013344962930658523,0.0016721829581059335,0.01337775167873741,0.005058874836458785,-0.00016981684915947038,0.007793046830654049
2017,2748,2279,0.016586222027204913,0.003032044057111642,0.015589195703501167,0.005879771829749889,-2.120402426617781e-05,0.008764543889110441
2018,2748,2282,0.017265556529360206,0.00327023762206022,0.015955861753719762,0.00780017528483786,0.0018470585585139182,0.010142183107519676
2019,2748,2274,0.013808267370272643,0.0018248737410621232,0.013867702935727626,0.003342128408091467,-0.0006667780380879259,0.006725910550461834
2020,2748,2302,0.013553431798436141,0.0024286142706821975,0.012100190505500997,0.005821025195482188,0.0006212435495721715,0.007506265286526174
2021,2748,2324,0.01721170395869191,0.002839669482645689,0.015482287539056987,0.005895008605851977,0.000345463175660167,0.008635588230386742
2022,2748,2303,0.014589665653495438,0.0024558672008535044,0.013364981762972983,0.00399478940512375,-0.00032860491398826883,0.006670109942026179
2023,2748,2290,0.008995633187772923,0.0016713727952583218,0.00856549298720152,0.004235807860262007,0.00035909742253927837,0.005659578245618555
2024,2748,2305,0.018741865509761382,0.003057584977226059,0.016571310600674568,0.007201735357917568,0.0014665484592418687,0.009595188852506617
2025,2748,2309,0.008921611087050668,0.0014403712482618633,0.009941417926074303,0.005110437418796014,0.0003185421924992603,0.00730281602681787
2026,2748,2320,0.015603448275862065,0.0031115391546359585,0.015327819867313134,0.006724137931034481,0.0010708002377945612,0.009276069646718595
2027,2748,2320,0.014568965517241378,0.0019238933026916585,0.013887348928437106,0.006422413793103446,0.0006178497709691261,0.008638072465788137
2028,2748,2305,0.014750542299349238,0.0024764471094587902,0.015012115196153674,0.006203904555314532,0.0010022100541375012,0.009298991076145617
2029,2748,2318,0.011993097497842968,0.0014048250625343264,0.011709256092118628,0.00526315789473684,-0.0001561384071105969,0.00756442934830167
2030,2748,2330,0.01339055793991416,0.0019038292268490347,0.012186843726441665,0.005965665236051499,0.0007256161277721547,0.007790286438587858
2031,2748,2313,0.015045395590142667,0.0022547121460399274,0.01241107987172241,0.006830955469087764,0.0007093552111294476,0.007992752241755796
2032,2748,2309,0.013339107838891293,0.002613392382016129,0.011036696128593279,0.006149848419229101,9.77506213114542e-05,0.007070224261934998
2033,2748,2315,0.011317494600431964,0.0020161279682650484,0.011366236676789009,0.004622030237580991,0.0006731912618189003,0.006942830792815302
2034,2748,2336,0.015582191780821915,0.003259371442713799,0.011812677747450274,0.004409246575342464,0.0007536565181217155,0.005587746619486989
2035,2748,2311,0.01159671138035482,0.0012738890851330322,0.011474954494336909,0.0032020770229337927,-0.00015635329967209722,0.005974352434198429
2036,2748,2284,0.011208406304728543,0.0010882700311877858,0.011399281364281949,0.0032837127845884396,0.00013567225734162187,0.006119686559760736
2037,2748,2294,0.01281604184829991,0.0013912862368659481,0.01279160362376696,0.006713164777680905,0.0008734746870114926,0.00893627903986268
2038,2748,2336,0.016952054794520544,0.0034917426078393573,0.014763968342888352,0.005993150684931505,0.0003351991087585737,0.008093573319271498
2039,2748,2328,0.010996563573883159,0.001967632679269587,0.010525343014136462,0.005025773195876286,0.0010474714881820348,0.006864022012851148
2040,2748,2340,0.01521367521367521,0.0024095307008933802,0.013268949349494517,0.006623931623931622,0.000802009593464288,0.008082357049658229
2041,2748,2289,0.013106159895150718,0.0017242920645330524,0.012036624559915653,0.005198776758409783,-0.00011703348500223593,0.007231204707979139
2042,2748,2338,0.015483319076133442,0.002250805667919114,0.012827847301284105,0.005346449957228398,-7.115142751998066e-05,0.0068589200245727545
2043,2748,2306,0.014397224631396355,0.002862792968133759,0.014738656151581712,0.004726799653078922,0.0002435769641110078,0.008268710093360982
2044,2748,2322,0.017398794142980185,0.003152399409897798,0.016328698295867937,0.005124892334194657,0.0006204318356414622,0.008426873029446483
2045,2748,2313,0.010030263726761779,0.0008166377494909227,0.008283036295620853,0.003069606571552095,-0.001210187161976617,0.004426745534710097
2046,2748,2300,0.016260869565217387,0.003347434376615907,0.01491866333395098,0.00534782608695652,0.00013683201346030956,0.008141060224373792
2047,2748,2295,0.012287581699346403,0.0016404861622541077,0.012544095149026302,0.004139433551198255,0.00030134340310687056,0.007008103349576961
2048,2748,2316,0.013557858376511224,0.002438617508833609,0.012519463866826664,0.004101899827288426,-0.00021812530490979091,0.006624963821340533
2049,2748,2323,0.01515281962978906,0.002736547103543528,0.013813664481087189,0.004433921653034866,0.0007667503229627925,0.007230734471501619
2050,2748,2291,0.008991706678306413,0.0006506422235118758,0.008379365528221763,0.0003055434308162358,-0.0020025082871968102,0.0027620609700637687
2051,2748,2299,0.013745106568073071,0.002656177988517228,0.011869752724666623,0.0026098303610265308,-0.001587612425609538,0.005168530082339789
2052,2748,2358,0.014503816793893124,0.0026127484301667328,0.013701436835472819,0.004240882103477521,-0.0001667339247503605,0.0070360532223833205
2053,2748,2310,0.010735930735930732,0.0009849743250169788,0.010413831254247751,0.006017316017316015,0.0011083503432856917,0.007649836980201073
2054,2748,2333,0.01123017573939134,0.0017459444214755289,0.010517762039232827,0.0054864980711530195,0.0005931696572812834,0.007005656722693247
2055,2748,2289,0.012669287898645694,0.0016985090440240062,0.010835614979072162,0.004587155963302751,-0.0006585647794613397,0.0060834193082689916
2056,2748,2333,0.012858979854264893,0.0011273929408326655,0.0103438080828637,0.006258036862408913,0.00032621362566267613,0.006975976370474458
2057,2748,2278,0.015188762071992974,0.00248455799587561,0.013056881270896657,0.003994732221246706,3.2320858218442644e-05,0.006319940483584309
2058,2748,2327,0.013837559088955734,0.002041369080563036,0.013772277214212144,0.005973356252685859,0.00024781436883881654,0.008467743332630085
2059,2748,2282,0.011481156879929883,0.001254258677855826,0.009406754552351857,0.006836108676599471,0.00040118711302005773,0.007133129905668891
2060,2748,2320,0.010172413793103446,0.001345007624521905,0.00819177472670733,0.0057327586206896534,0.00018825000197181363,0.0061706063261079925
2061,2748,2300,0.015739130434782603,0.0029320948270109355,0.014248146014463198,0.006478260869565216,0.0011351413342211816,0.008667169476672685
2062,2748,2310,0.0103030303030303,0.0011896423357376552,0.010288809340378954,0.00554112554112554,8.890396520592198e-05,0.007177122229324639
2063,2748,2288,0.014597902097902094,0.002516527770108092,0.013142015988675124,0.006774475524475522,0.001421048744936387,0.008361906124794838
2064,2748,2306,0.015004336513443189,0.0021940570644644465,0.012296514937565128,0.005550737207285341,0.0006471920526737984,0.006896239462308804
2065,2748,2306,0.013876843018213353,0.0020179495220960133,0.012648451116117728,0.006808326105810925,0.001500496983885375,0.00867416477755692
2066,2748,2281,0.015957913195966678,0.0033615807847775956,0.013629575678407916,0.006400701446733886,0.0008919417612152891,0.008066187291018975
2067,2748,2309,0.014118666089216109,0.0021001388391962287,0.013710588173739423,0.006929406669553918,0.0009058948677302049,0.009173966401942768
2068,2748,2303,0.016673903603994785,0.0032927131895193608,0.015031271888675634,0.005340859748154578,0.00057427882660406,0.008042638357651238
2069,2748,2260,0.013274336283185837,0.0023925603256409068,0.015072874431595485,0.004380530973451325,-0.00019561489194865276,0.008512187946706308
2070,2748,2295,0.016557734204793024,0.003402526752467652,0.014953377635712212,0.004531590413943353,0.000982036938048235,0.007264198354970157
2071,2748,2286,0.015485564304461939,0.0031263227420732565,0.012567224889589394,0.006561679790026244,0.0015060292599666828,0.007688696121026325
2072,2748,2315,0.018056155507559395,0.0038138064309585027,0.016525478076832748,0.006133909287257018,0.0013310073745254971,0.008963066302993688
2073,2748,2293,0.01308329699084169,0.0016977364779765336,0.01217846794638251,0.004404709986916701,2.7605769343896685e-05,0.006758887121027617
2074,2748,2317,0.013810962451445833,0.001945566201292017,0.011853288449228477,0.007034958998705221,0.0009904798950631439,0.008084311793999143
2075,2748,2296,0.01489547038327526,0.0024535360628401646,0.013662078247952769,0.004834494773519162,-0.00012644310317660196,0.007282384636336996
2076,2748,2328,0.01572164948453608,0.0031436414177668033,0.01133563767415063,0.008161512027491408,0.0025774898246358354,0.008089481232931883
2077,2748,2295,0.015424836601307185,0.002541724866813481,0.014428683171436921,0.006013071895424835,0.0006060575679898182,0.008561202735836881
2078,2748,2274,0.010114335971855758,0.0010607616395087213,0.009209976002713251,0.00281442392260334,-0.0011829396454503649,0.0049013224138777815
2079,2748,2300,0.01243478260869565,0.0019029426364218682,0.012154894482046888,0.007869565217391301,0.001702842577054559,0.009408625591867127
2080,2748,2299,0.012614180078294908,0.0023101561151688452,0.01192789396918898,0.0016093953892996934,-0.0007426802077359011,0.004806577761172384
2081,2748,2322,0.015245478036175706,0.0025420615234552093,0.014855495181002832,0.006029285099052538,0.0006636831241154771,0.008744327867507182
2082,2748,2304,0.015624999999999993,0.00246240853790504,0.015430414369599958,0.0027777777777777757,-0.0005117378942632153,0.006964040455389786
2083,2748,2325,0.015483870967741932,0.0032731968378760545,0.012262944040356601,0.004774193548387094,0.0005957920742268374,0.0062910699778656355
2084,2748,2304,0.015364583333333329,0.0031825834293817633,0.013547826865558594,0.0039930555555555535,4.759604357679428e-05,0.006553045706247335
2085,2748,2324,0.010240963855421682,0.0015147595075922734,0.008106777531647597,0.0043029259896729755,-0.0004604930962562614,0.0049684291706262144
2086,2748,2310,0.01835497835497835,0.0034175724054226597,0.016107672861318603,0.004978354978354977,0.00113739073640107,0.007825403128471941
2087,2748,2289,0.01223241590214067,0.0017480272133643805,0.010868689834434519,0.002708606378331147,-0.000435155904572471,0.004978529631311078
2088,2748,2320,0.016293103448275857,0.0033462154773865106,0.013875777378833831,0.005474137931034481,0.001453329066770059,0.007411679556500597
2089,2748,2280,0.012105263157894734,0.0020508201767335354,0.009508452977791841,0.0036403508771929802,-0.0001810570092048698,0.004876673363245658
2090,2748,2284,0.01602451838879159,0.0032092210908047417,0.014846359230103988,0.0026269702276707513,-0.0007672130273480031,0.006108017005016691
2091,2748,2314,0.012013828867761448,0.0008157286555348503,0.009101952618395425,0.006395851339671562,0.0001355060509590185,0.006537773530815994
2092,2748,2310,0.013506493506493503,0.002184377775278968,0.013345994492292172,0.006883116883116881,0.0019310842656793993,0.009073541980228876
2093,2748,2319,0.012936610608020696,0.0021458746497521443,0.012092355645082683,0.005821474773609313,-0.00011108421419767495,0.007663964578766162
2094,2748,2307,0.014130905938448199,0.0023933850127734434,0.013055089333312671,0.005461638491547463,0.0005882957174265417,0.007787857826283108
2095,2748,2286,0.013210848643919507,0.001963258839950065,0.011070681747585671,0.004199475065616796,9.806432473369961e-05,0.005642983255736211
2096,2748,2314,0.013742437337942951,0.002498255239618913,0.013985449589543182,0.003716508210890231,-0.0005032803920618712,0.007131413794603404
2097,2748,2328,0.014776632302405494,0.002743897774600948,0.014420570855662685,0.004510309278350514,6.77127784567859e-05,0.007747840595750637
2098,2748,2295,0.013507625272331151,0.0020244186280844413,0.012621205276979098,0.00540305010893246,0.0005774762821595783,0.007664660010558253
2099,2748,2318,0.012079378774805864,0.002082808199004794,0.011299164093610698,0.005133735979292492,0.0010019853644115415,0.006970184826594228
2100,2748,2245,0.011403118040089085,0.001729384839397306,0.011512305321025429,0.0038752783964365236,-0.000255775796643172,0.006481483272472685
2101,2748,2306,0.011361665221162182,0.0017530265453701698,0.010659347960357515,0.002341717259323502,-0.0007561604535726555,0.004788028622656284
2102,2748,2296,0.011672473867595817,0.0019609139151026043,0.00988595152461629,0.0039198606271776985,-0.00019290602058316705,0.005536852322440867
2103,2748,2295,0.014640522875816991,0.0024113730949113263,0.013744706069885537,0.006623093681917209,0.001621156313674466,0.008955961334405512
2104,2748,2305,0.01483731019522776,0.0021441878226557635,0.013046794932746408,0.00459869848156182,0.00019582806807229552,0.006659767991755413
2105,2748,2303,0.011202778983933995,0.0012675808041881019,0.011989317938816253,0.00399478940512375,-0.0006269770287422584,0.007079876657595122
2106,2748,2311,0.01133708351363046,0.0010959054107790762,0.01268409846724005,0.002077022933794892,-0.0008357140147721927,0.005998332513975573
2107,2748,2274,0.015831134564643797,0.0027708541959140685,0.014866224539374142,0.0062005277044854855,0.0004758082152593551,0.008735668486668175
2108,2748,2282,0.00823838737949167,0.00011140285579499914,0.0076662730348307775,0.003111305872042067,-0.0007785709593217506,0.004559910664703191
2109,2748,2307,0.012657130472475072,0.0013683449649718451,0.012051059741700391,0.003511053315994796,-0.0005549650113630983,0.006155810985452949
2110,2748,2280,0.010438596491228067,0.0020514855934934905,0.008446439632258648,0.0034649122807017523,0.0002857084101036762,0.004551914898028626
2111,2748,2268,0.014109347442680773,0.002397355986956277,0.012740778551325278,0.004629629629629628,0.000473237826115117,0.006802186495407773
2112,2748,2327,0.014954877524709925,0.0028531604058307605,0.014158770934525947,0.006188225182638589,0.0006995510873937704,0.008698144937317423
2113,2748,2321,0.014045669969840583,0.0024464709207098726,0.013426316041909334,0.002757432141318396,-0.0006804478665337621,0.0061075515339624594
2114,2748,2315,0.013304535637149027,0.0018831207098159491,0.011144783473041394,0.005485961123110149,0.00024241646198295438,0.006692921067481365
2115,2748,2274,0.014599824098504835,0.0030718983116052993,0.012813277007181847,0.005672823218997359,0.001125606084061888,0.007570048816556674
2116,2748,2298,0.00870322019147084,-5.778926382251484e-06,0.00793166875295534,0.0038729329852045234,-0.001144663436060696,0.005245507559738932
2117,2748,2265,0.01139072847682119,0.0016607282587152218,0.009603305951839164,0.0044591611479028685,-0.00023857221753898606,0.0056688576561783255
2118,2748,2331,0.012269412269412267,0.001775024024649861,0.010399484327216303,0.005705705705705704,0.0014018000649215752,0.006718246427862594
2119,2748,2297,0.015150195907705699,0.0028814587558767465,0.0139078345563269,0.005050065302568566,0.00043959794914355554,0.007691436974306552
2120,2748,2310,0.015670995670995665,0.0027861043778134543,0.014135825418683844,0.005194805194805192,-0.00018086248703053876,0.0077382029843616135
2121,2748,2295,0.01455337690631808,0.0018870608286751188,0.014363705327477064,0.004793028322440085,-3.053906523707243e-06,0.007981097155177624
2122,2748,2282,0.016476774758983345,0.002321103805284497,0.01565174062325757,0.005740578439964942,0.0008046253094680719,0.008734315925390524
2123,2748,2303,0.008336951801997393,0.0008995720024457493,0.008017892637626417,0.0024316109422492386,-0.0012730307222673972,0.004183961252732372
2124,2748,2298,0.01540469973890339,0.0022028267917300753,0.013479884721442799,0.006266318537859005,0.0006059066851895611,0.008006051027444705
2125,2748,2286,0.01259842519685039,0.0019850968411339867,0.012436789189629618,0.004855643044619421,0.0010609901115764299,0.007352150792297024
2126,2748,2298,0.0144473455178416,0.0020572636573085315,0.014228115619457063,0.00578764142732811,0.00047909620294638754,0.00866313975523783
2127,2748,2278,0.01281826163301141,0.002098709034198325,0.011656917263917368,0.004697102721685688,0.0004765041832668727,0.006630147467349259
2128,2748,2291,0.011523352247926668,0.002146452573369761,0.010459549671255555,0.002444347446529897,-0.000803599050131035,0.00486661110375429
2129,2748,2319,0.01190168175937904,0.001771996981897637,0.010827415333945788,0.007546356188012071,0.0010139073295706643,0.00843024381352636
2130,2748,2313,0.014958927799394723,0.0022109506943187966,0.01447563191723922,0.0054042369217466475,0.00028105901003525914,0.008226579701826732
2131,2748,2324,0.008433734939759033,0.0011122155561726348,0.007966048988296932,0.0013769363166953514,-0.0010744710665194154,0.003443791591629603
2132,2748,2258,0.015854738706820193,0.0020718255643473794,0.015490172666592873,0.005004428697962798,-1.3301737266077077e-05,0.008283725873891187
2133,2748,2310,0.011255411255411253,0.0018211196395298017,0.0091810645040128,0.003766233766233765,-0.00017705950688162654,0.004872435204814272
2134,2748,2320,0.012844827586206892,0.0018780011091141051,0.01095031431535615,0.006206896551724136,0.0012688105394442714,0.007206903584146895
2135,2748,2318,0.016393442622950817,0.0030202872569093666,0.013674793971780197,0.007118205349439168,0.0014186928298141875,0.008443649213799236
2136,2748,2296,0.011759581881533098,0.0015231527211991243,0.009425321101698816,0.003527874564459928,-2.9130259644810186e-05,0.004879100600212736
2137,2748,2314,0.011322385479688847,0.0007401535400597622,0.010035966555434737,0.006828003457216938,0.0014691735098048106,0.007611984469741607
2138,2748,2304,0.014843749999999996,0.001998493102581775,0.012944357068554785,0.0059461805555555535,-0.000341667482843829,0.007969155242533268
2139,2748,2340,0.012905982905982905,0.002390182557676683,0.01072257423454304,0.004786324786324784,0.0001859962416458908,0.006186048813392545
2140,2748,2312,0.012197231833910032,0.001980221456525689,0.010368384796742914,0.004628027681660898,0.0009952436219555804,0.00607338302303961
2141,2748,2305,0.014143167028199564,0.002085421385391162,0.012150154905267658,0.006681127982646417,0.000211746681458568,0.007940052993487812
2142,2748,2328,0.012199312714776629,0.0012604298859756752,0.011909706286494879,0.004252577319587627,-0.00026375363627766714,0.006755715989575845
2143,2748,2279,0.012022817025010965,0.0015963843821009825,0.013211571003084135,0.005879771829749888,0.0006990990617105217,0.008818224695063364
2144,2748,2286,0.014348206474190725,0.001947579428047177,0.015168608662732366,0.004461942257217846,-0.0001826661354404033,0.008083652253656308
2145,2748,2275,0.01248351648351648,0.001216940304645155,0.01229520997418606,0.00369230769230769,-0.0002719049000185707,0.0065531754979843045
2146,2748,2277,0.012384716732542815,0.001293549767586978,0.011032339607674519,0.007114624505928852,0.0011082984777367742,0.008072631869032856
2147,2748,2339,0.013424540401881142,0.0020469667602992314,0.012294919492939243,0.0028644719965797323,-0.0013378555508883172,0.005611890415675422
2148,2748,2279,0.012461605967529614,0.0021440395371541817,0.010813938442378284,0.0039052215884159695,-0.0005706824027538842,0.005590257074997337
2149,2748,2308,0.01603119584055459,0.0026737303739133153,0.015015737140208218,0.007712305025996531,0.001438902825545717,0.00975831645536853
2150,2748,2279,0.011935059236507237,0.0020273680018577053,0.010144465411580945,0.00245721807810443,-0.00059982859829991,0.004519883342151199
2151,2748,2250,0.011911111111111107,0.0012080551342870977,0.012275428643077648,0.005733333333333331,0.0002680479435581487,0.007894110949188493
2152,2748,2266,0.013857016769638126,0.002063874639096964,0.013282421249546896,0.006531332744924975,0.0010665883304230557,0.008595036528642375
2153,2748,2289,0.012581913499344689,0.0023135977259274108,0.010877828526950248,0.0024901703800786347,-0.0011588516934788705,0.004757232263720197
2154,2748,2297,0.013147583804962993,0.0020465231405280607,0.011388848468422997,0.005267740531127555,0.000527562660453079,0.006749003451992287
2155,2748,2286,0.015835520559930007,0.0035024525246030273,0.013506729047230399,0.005555555555555554,0.0005455756443262646,0.007363887002035406
2156,2748,2322,0.01903531438415159,0.003510183754198781,0.016840634418969127,0.004478897502153314,0.0007062082065305583,0.007782588849804545
2157,2748,2327,0.013923506660936825,0.0021612959265491297,0.011245031388729931,0.005543618392780402,-0.0004418417572453794,0.0065862642706268825
2158,2748,2298,0.009834638816362052,0.0009404199703679281,0.009028150846067753,0.0020887728459530013,-0.0010278547765372296,0.004217717800499794
2159,2748,2306,0.018473547267996528,0.0031434037229895193,0.018337539386042535,0.008586296617519511,0.0012052085458735678,0.011810747950653754
2160,2748,2319,0.01733505821474773,0.002818419428709813,0.015329575007184836,0.006813281586890899,0.0009357557634988304,0.008804445182767942
2161,2748,2290,0.008733624454148468,0.00032544689247677127,0.008319318530953638,0.002096069868995631,-0.0013097607410506825,0.004117573303433553
2162,2748,2323,0.010245372363323286,0.00024155999867138997,0.010568570550159098,0.005596211795092551,0.00033701901301891405,0.007486400396255828
2163,2748,2285,0.015404814004376365,0.003324322917619153,0.013327360903619164,0.004989059080962799,0.0007489783260879964,0.007071620383068276
2164,2748,2306,0.014223764093668689,0.0020220329844431078,0.015032867778351389,0.007892454466608845,0.0013097547260570168,0.0106553431359601
2165,2748,2298,0.01157528285465622,0.0013852415169092998,0.010525516504395052,0.0006092254134029571,-0.0025759295410963663,0.0034966656491663716
2166,2748,2310,0.018181818181818174,0.0032335887080544037,0.017005213154837117,0.0045021645021645,0.0003327345652903232,0.008229229648139061
2167,2748,2316,0.012176165803108803,0.002391478119557814,0.012310723701054073,0.003842832469775473,0.00048674866180726693,0.006800073471510596
2168,2748,2258,0.016386182462356062,0.0028025645570141783,0.014373095690815825,0.006598759964570414,0.0011311508653737033,0.00872311044104556
2169,2748,2340,0.011025641025641023,0.0016706698828896547,0.009907734621717767,0.004273504273504272,0.0005992469220938704,0.005908066721070882
2170,2748,2308,0.011958405545927208,0.002292292432866073,0.009524980485238642,0.002599653379549392,-0.0009364854190829894,0.003987537303483298
2171,2748,2275,0.014593406593406591,0.00237545685427382,0.014352753145575103,0.0056263736263736245,0.00034469419575469727,0.008584233946218304
2172,2748,2320,0.013534482758620686,0.0011964365766948698,0.01235047023794449,0.00775862068965517,0.0005334696565513968,0.009032070525341876
2173,2748,2313,0.013488975356679636,0.0026340712874211884,0.01124008913745717,0.006528318201469952,0.0017278087677008315,0.007605288508601934
2174,2748,2319,0.010780508840017246,0.002055500999991697,0.010501066714681491,0.0037516170763260007,-3.5620450990572084e-05,0.005916721632577296
2175,2748,2299,0.013136146150500213,0.0023663251169991086,0.011955312261177714,0.0035232709873858183,-0.00030544340848411765,0.005740040097108679
2176,2748,2300,0.011999999999999997,0.0009351136053753435,0.011760011746988227,0.00443478260869565,0.00023942191565730876,0.006634013992141489
2177,2748,2310,0.010822510822510819,0.0017541178044285608,0.010890760089938417,0.004112554112554111,-0.00021717958122982148,0.006569951225287728
2178,2748,2287,0.007783121993878441,0.0008948864628171467,0.007017248290305777,0.005728027984258852,0.0009544713449536513,0.006274008270460582
2179,2748,2330,0.010557939914163088,0.001257842899512043,0.009546089319906458,0.00746781115879828,0.0013734551662212989,0.008153832157332484
2180,2748,2287,0.010144293834717969,0.0007951077305589738,0.008703011990431856,0.003585483165719281,-0.0009346459028684535,0.004815957736079775
2181,2748,2281,0.01762384918895221,0.003130921336283492,0.014876222985899495,0.005085488820692676,-6.045272020367062e-05,0.00740153204916442
2182,2748,2307,0.013263979193758125,0.0019689264778693497,0.01232857825464152,0.006328565236237535,0.001102687345208067,0.008079198365134795
2183,2748,2313,0.013748378728923474,0.002431712968009686,0.012577603255079547,0.0035884133160397733,5.509655658494616e-06,0.0062525752733453
2184,2748,2317,0.013206732844195077,0.0015150349829638513,0.013611748556635809,0.0034095813552006892,-0.0007999072519996213,0.006972957520968988
2185,2748,2281,0.014555019728189386,0.0027415815703613917,0.014563890102845006,0.007189829022358611,0.0011887282645887958,0.009874772027399028
2186,2748,2335,0.01267665952890792,0.0018657093452891075,0.01219152508088448,0.006638115631691647,0.002054601931784295,0.008622033243561004
2187,2748,2309,0.01221307925508878,0.001943583102812333,0.010665753417302474,0.004200952793417062,6.42109854985649e-05,0.006037184151613771
2188,2748,2294,0.010985178727114207,0.001763523340850783,0.010394751928070628,0.004969485614646903,0.00037542373444597013,0.006730760883967824
2189,2748,2313,0.01772589710332901,0.0028120991563655552,0.01605518761982169,0.007565931690445306,0.0010841572995842152,0.00981205903092493
2190,2748,2305,0.009978308026030365,0.0009724067887720872,0.008341956288450515,0.004989154013015182,-0.00015211386266143797,0.005629264155206037
2191,2748,2258,0.01231178033658104,0.0018296243728943744,0.011483763215349262,0.0023029229406554452,-0.0013549496855162632,0.004940335423805479
2192,2748,2296,0.011149825783972124,0.0021853963103029097,0.009781604295578093,0.004834494773519161,0.0009455326334913476,0.006091282924173771
2193,2748,2326,0.012725709372312979,0.0014546929647927637,0.011313122854026787,0.0034393809114359394,-0.0011417113576538411,0.005425715914959524
2194,2748,2311,0.015404586758978794,0.0027153762825087905,0.014946856628066628,0.004067503245348332,-0.0002813104191878597,0.007465939084838046
2195,2748,2324,0.012306368330464713,0.0022734775339241066,0.011363669298027087,0.0043889845094664355,-0.0003274309633307323,0.006435404922275539
2196,2748,2281,0.011047786058746163,0.001376286643498321,0.011371074072716106,0.006926786497150371,0.001311667477994698,0.008850866727067547
2197,2748,2283,0.012089356110381073,0.0012667484034026822,0.011344621416524404,0.004905825667980725,5.958257899201483e-07,0.0068314584641967265
2198,2748,2256,0.014450354609929076,0.0026295988327809756,0.011225986591038802,0.006826241134751771,0.0006563339943510476,0.00727051539207534
2199,2748,2321,0.014735028005170181,0.0015914165503108876,0.014415324414925035,0.005601034037052992,1.999315085362912e-05,0.008381061581187003
2200,2748,2312,0.012456747404844289,0.002130435995352464,0.010833735809224709,0.006358131487889272,0.0016499522300209082,0.00749471896182815
2201,2748,2304,0.013454861111111108,0.002629122637543682,0.01229436271522074,0.004991319444444443,0.0003527120231318389,0.007095055777157851
2202,2748,2309,0.01593763533997401,0.002644538224823026,0.013016443892389297,0.004807275877003029,-0.0002960175296443507,0.006370571722961912
2203,2748,2293,0.014478848669864807,0.0031116700437269257,0.012869071512572204,0.004840819886611424,1.4247626493797808e-05,0.007062711686471561
2204,2748,2298,0.012271540469973887,0.0014821252589418948,0.012067703071210276,0.004482158398607483,0.00028364234438926485,0.007089482329832123
2205,2748,2294,0.013862249346120313,0.002944011921381412,0.01258068898745337,0.004184829991281602,0.0005580583376523147,0.006662836551468797
2206,2748,2328,0.0134020618556701,0.002416115778963207,0.010159118527798452,0.0049398625429553245,0.0007175598761160204,0.005754950940614226
2207,2748,2316,0.013039723661485316,0.0014630192751139358,0.010752114847683314,0.0053108808290155424,0.0001191366284197721,0.006424321126457573
2208,2748,2291,0.012134439109559142,0.002532736965777721,0.010908474536036437,0.00323003055434308,0.0003420070293162494,0.005410523769402439
2209,2748,2311,0.016270012981393335,0.003222056865277157,0.013256505600940995,0.006014712245781046,0.0013243354448153801,0.007657116514595331
2210,2748,2313,0.015391266753134455,0.0030163629190747554,0.014279726994223947,0.008171206225680933,0.002659564772007329,0.00993996717873937
2211,2748,2341,0.011448099102947458,0.0012165635028885584,0.011619589275141264,0.0038017941050832956,-0.0002589503019483722,0.0066051133096537516
2212,2748,2328,0.014003436426116836,0.0020539763479234282,0.01574617447151541,0.004553264604810995,-3.9573338233154763e-05,0.008779407454402737
2213,2748,2323,0.013603099440378817,0.0025264192019529767,0.012483102291752542,0.004003443822643132,0.00023632364160928687,0.006460763308427913
2214,2748,2285,0.009628008752735227,0.0008315578620930489,0.00830660824718839,0.0038074398249452936,-0.0004904095020676029,0.004963117381843569
2215,2748,2296,0.011672473867595814,0.0012521997047338933,0.009613467009649726,0.004790940766550521,-0.000260125743247265,0.005847004956241712
2216,2748,2339,0.010773834972210343,0.001382063482885413,0.009325719788561481,0.004018811457887984,-0.0004922128565459083,0.005555707434031639
2217,2748,2299,0.014702044367116134,0.0025444157711159523,0.014332912216924265,0.0055241409308394935,0.0007858434762555243,0.008349367854022216
2218,2748,2327,0.01082939406961753,0.0014416231253332127,0.01104621565716324,0.004598195100988395,-0.0009201057077075403,0.00686399440973869
2219,2748,2289,0.014504150283966797,0.0020887854866498625,0.014067440599493724,0.006072520751419831,0.0005982456139733038,0.008560155925053868
2220,2748,2298,0.014273281114012184,0.0025686654519353996,0.014462652522998814,0.004960835509138379,7.97780245843476e-06,0.008302123670968744
2221,2748,2302,0.01303214596003475,0.0014093797841580658,0.012319273043217612,0.0032145960034752363,-0.0014831552316254722,0.0059185861149636315
2222,2748,2310,0.01532467532467532,0.0025275290205657424,0.013732686426127697,0.006493506493506492,0.0012047537645121216,0.008521995344611783
2223,2748,2311,0.01488533102553007,0.002654413222141061,0.01302198927844967,0.003634790134141063,-0.0007827241777223323,0.006112503407574116
2224,2748,2331,0.012097812097812096,0.0017605195052376845,0.011575308793276548,0.0027027027027027016,-0.0009964329697763998,0.005637387930047828
2225,2748,2317,0.01536469572723349,0.0023459378385034496,0.013926074646036572,0.0056970220112214035,0.00010511781687112276,0.0078037011482162315
2226,2748,2297,0.01227688289072703,0.0017582586042765786,0.012113462481484507,0.003003918154114059,-0.0007890966055760633,0.006050926103929859
2227,2748,2287,0.012505465675557496,0.0025147163662685734,0.01164769198091876,0.0044162658504591145,0.00017123332826672673,0.006717286317388351
2228,2748,2277,0.01598594642072903,0.0028461377390534446,0.013981925159457727,0.007334211682037767,0.00188232341567751,0.00889000211030005
2229,2748,2277,0.014931927975406233,0.0025936895364162054,0.011096319381674411,0.005577514273166446,0.00027008967727917095,0.005989844238334168
2230,2748,2303,0.01693443334780721,0.0030559654363561005,0.01590287341429809,0.0030395136778115484,-0.0007417805445563643,0.006802131547446055
2231,2748,2316,0.013816925734024177,0.0021430151929565902,0.013760973222087258,0.005699481865284972,0.00013264953435824196,0.008505331543333855
2232,2748,2302,0.01190269331016507,0.001537124625560602,0.010667647138474859,0.005907906168549085,0.0008042865203998584,0.007028034474011493
2233,2748,2284,0.011383537653239927,0.0019302870835942525,0.011297329348140055,0.0037215411558668985,6.438072059979087e-05,0.006458450349394263
2234,2748,2335,0.012847965738758025,0.0021336172958367197,0.01267648749844753,0.004111349036402568,9.115216191215103e-05,0.0070605588992333984
2235,2748,2298,0.013228894691035682,0.0012067222512648988,0.012650774153956126,0.006179286335944297,-0.00023015001122988072,0.008144599871428272
2236,2748,2296,0.011324041811846687,0.0011801446255304264,0.008936772579918881,0.004094076655052263,0.00015549793200642163,0.0049706468560175325
2237,2748,2296,0.015069686411149823,0.0024438793572415757,0.014914477775996282,0.0078397212543554,0.0019445274941768719,0.010413415746437497
2238,2748,2286,0.011636045494313208,0.0008612658604037524,0.013514793075453814,0.004899387576552929,-0.00027511254261828574,0.00837979572660056
2239,2748,2339,0.011970927746900381,0.0020670771519693556,0.011838724111245166,0.004617357845233002,0.00019937240363326073,0.006889974700037604
2240,2748,2311,0.015231501514495885,0.002485804237089485,0.013281383523723402,0.004110774556469059,0.00016891506080470733,0.006542460928663917
2241,2748,2345,0.015351812366737737,0.0031543786728834323,0.013985781329122251,0.003923240938166309,0.0004681582099693084,0.0068165198163156835
2242,2748,2279,0.014918824045634048,0.002032661929339234,0.012669980314873585,0.004519526107942077,-0.0005266974251774246,0.00639055339264267
2243,2748,2288,0.013199300699300696,0.00277194766785298,0.012029190775153064,0.004851398601398599,0.0004777080848539234,0.006747349023693626
2244,2748,2313,0.01521833117163856,0.00273933239681624,0.01205368424111874,0.005058365758754862,0.00118307220394695,0.006409270220081602
2245,2748,2272,0.014700704225352109,0.0028902844286290857,0.013742614455638043,0.0051056338028169,0.0007390078280467879,0.007708800200642151
2246,2748,2283,0.016031537450722732,0.002475664059784539,0.015027931422481175,0.005300043802014891,0.0003445179954192359,0.007935527371965135
2247,2748,2307,0.009969657563935844,0.0013055634413200999,0.008799941398156723,0.0030342436064152555,-4.7974253891012216e-05,0.004593437457047515
2248,2748,2342,0.017506404782237403,0.002764693224214119,0.015763026523807348,0.00879590093936806,0.0018530110885382216,0.010570986817946685
2249,2748,2299,0.011918225315354499,0.0013651178432524888,0.011460516941104924,0.004393214441061329,0.000147517150925445,0.006714532530484195
2250,2748,2300,0.014695652173913042,0.0028997147241429455,0.012762964986798417,0.004913043478260867,-7.528886479426037e-05,0.006868860356057552
2251,2748,2334,0.013453299057412164,0.0021563724148417345,0.011494205815108613,0.0060411311053984555,0.0006395508395017308,0.007398273620770874
2252,2748,2320,0.016206896551724137,0.002986053321720769,0.01839441607028955,0.0068534482758620665,0.001321096688142093,0.011411991933654428
2253,2748,2321,0.010168031021111587,0.0014904694382031007,0.01057883951386786,0.0027143472641102955,-0.0006675373245564507,0.005616485187908683
2254,2748,2297,0.01062255115367871,0.0009627845482248043,0.012449983346502342,0.004353504571179798,0.0004209478939085661,0.007942785432330065
2255,2748,2300,0.015478260869565216,0.0027085939120995,0.01382731974878329,0.006086956521739128,0.00044875701230465105,0.008307642118103968
2256,2748,2299,0.009134406263592864,0.0013939644844884805,0.008490843866141778,0.006002609830361024,0.00014362845983000892,0.0067369212496190675
2257,2748,2340,0.01162393162393162,0.001642307620075691,0.009063144750126534,0.005470085470085468,0.0006839334993635958,0.006155711195329585
2258,2748,2292,0.007504363001745199,0.00014583935231831912,0.007370799535837126,0.002923211169284466,-0.00023950867158581863,0.004426405293697394
2259,2748,2269,0.01454385191714411,0.0024129501343075894,0.014080833444267958,0.005685323931247243,0.00030311137268672806,0.00841235487291181
2260,2748,2312,0.0157439446366782,0.002953297251700875,0.013903890531783345,0.0038494809688581293,-0.0002625772948514763,0.006579087318025595
2261,2748,2251,0.013327410039982227,0.0030540868821771158,0.012629075378994981,0.004353620613060861,0.0007072003623492234,0.006812414222478851
2262,2748,2303,0.009118541033434647,0.0006246472277404918,0.009513861898289398,0.002388189318280502,-0.0011109363436524356,0.004923301541467106
2263,2748,2303,0.013373860182370816,0.00144963720846329,0.012938077865289261,0.006035605731654362,0.0012116828322087342,0.008211325529433265
2264,2748,2266,0.01597528684907325,0.002790261571661361,0.014927682581117012,0.0058693733451014975,-9.759313740902232e-05,0.008507070829809124
2265,2748,2285,0.012078774617067831,0.0020892303246169888,0.011300857825674865,0.002056892778993434,-0.0016554530115827834,0.005031883148244658
2266,2748,2306,0.01049436253252385,0.00144791402511636,0.008334782045281342,0.005897658282740675,0.000568232055282155,0.006224979816543752
2267,2748,2346,0.018925831202046033,0.003934641030722623,0.015121726028319127,0.004731457800511507,-0.0003819221720249619,0.006725153601104635
2268,2748,2279,0.013075910487055723,0.0018045653539439277,0.012715553226894777,0.003992979376919699,-0.00013734951131436874,0.006678898750552884
2269,2748,2313,0.016342412451361865,0.0029091211693722733,0.016282497290250116,0.007263294422827494,0.0015888389209329028,0.010209043574569388
2270,2748,2267,0.011292456991618877,0.0022485876743667268,0.00975216754401468,0.004146449051610055,0.0002786649734033474,0.005581501011926989
2271,2748,2296,0.011933797909407663,0.0017534171042635797,0.011745985950841024,0.0035714285714285696,-3.684293163810605e-05,0.006440176371782349
2272,2748,2279,0.010443176831943832,0.0012231959043082178,0.011358103118644202,0.004124616059675294,-0.0005117536479193531,0.006857959381903338
2273,2748,2281,0.012626041209995614,0.0011300550606377555,0.011190682907650861,0.005830775975449363,0.00022568548112309014,0.007299164268965403
2274,2748,2301,0.016775315080399825,0.0031768434620457722,0.014932337311321922,0.005649717514124292,0.0006921199130217129,0.008046877380458
2275,2748,2298,0.012793733681462137,0.0016154866804173349,0.011326737624667104,0.004221061792863357,2.4656958466798207e-05,0.0061519402655673084
2276,2748,2308,0.01334488734835355,0.0014726438397376339,0.01349976755695627,0.0045493934142114365,-0.00026176539868338347,0.007643072906754675
2277,2748,2327,0.014353244520842282,0.0018894692745538648,0.016221717453896386,0.003738719381177479,-0.0013401381018408578,0.008452958591653428
2278,2748,2276,0.013708260105448154,0.00226295108444791,0.012001094074634037,0.0030755711775043914,3.835585570009804e-06,0.005477159854869943
2279,2748,2289,0.009960681520314544,0.0009612183727761602,0.009690109108079863,0.003363914373088683,0.00011818120338348956,0.005634845741099643
2280,2748,2319,0.01310909874946097,0.001985970565783052,0.011812827160347986,0.003363518758085379,-0.0008581426787057284,0.0057854124338689306
2281,2748,2304,0.014062499999999997,0.0023223518419078926,0.013321936706050903,0.005598958333333331,0.00044922820428795,0.008137058320756584
2282,2748,2290,0.013886462882096065,0.002158824738345673,0.01307629739111649,0.005676855895196505,0.0005532802138049004,0.007947879317179066
2283,2748,2293,0.012385521151330132,0.002241377221037234,0.011379856268957551,0.00492804186655037,0.00016636076474562915,0.0067837177837296505
2284,2748,2316,0.015371329879101897,0.002930603530628801,0.014023129306451578,0.006347150259067355,0.0008465134705425861,0.008595187639957402
2285,2748,2285,0.018380743982494525,0.0035164481061090596,0.017508155265955998,0.0059956236323851185,0.001510656545309093,0.00958369914252412
2286,2748,2292,0.011256544502617798,0.002225941152347392,0.009546235048863738,0.0030541012216404873,9.304751583427356e-05,0.0048371400054439346
2287,2748,2286,0.015048118985126856,0.0025857110214354963,0.01230496315132355,0.004811898512685912,0.00023249577172509465,0.006525692931862381
2288,2748,2315,0.011144708423326129,0.0012974122768504436,0.01069221557157995,0.004319654427645785,-0.00031478026219479725,0.006345251661973568
2289,2748,2311,0.013241021202942446,0.0019590875150981937,0.011913255657595772,0.0051925573344872335,0.0005117073312539846,0.0070374066150998985
2290,2748,2289,0.011882918304936648,0.0017467983547734274,0.009971388724202243,0.004761904761904761,-0.0005614167966430268,0.00595486990548617
2291,2748,2270,0.01383259911894273,0.0028381736133281303,0.01193865991300794,0.004889867841409689,0.0006184111857898329,0.006523652462799895
2292,2748,2320,0.013275862068965512,0.0018677485662304694,0.013174220909729376,0.006206896551724136,0.0006016700717422081,0.008513171541436196
2293,2748,2282,0.012620508326029794,0.002237956782189223,0.011864065785679187,0.004513584574934266,0.0008747659497644171,0.00678597299659192
2294,2748,2313,0.014958927799394723,0.002571431814153116,0.01476233831059368,0.003501945525291827,-0.00029075627463198646,0.007225377623411428
2295,2748,2320,0.012586206896551723,0.0016112966717687514,0.011721937216039122,0.003965517241379309,-0.0007993314387134617,0.006340722543679988
2296,2748,2299,0.01722488038277512,0.002657108603723396,0.017487910648740116,0.008351457155284904,0.001511480795639296,0.011506937354269232
2297,2748,2294,0.010200523103748907,0.0014649865866612352,0.008713014470934909,0.002920662598081952,-0.0003649046927082449,0.00457980220371702
2298,2748,2280,0.014561403508771924,0.0032638047386836164,0.0151107179342374,0.0031578947368421035,-0.00014245136367757268,0.007277524685041838
2299,2748,2294,0.010810810810810808,0.0014667125037942483,0.010457010206394439,0.004010462074978202,0.0004328217762936519,0.006238960153013957
2300,2748,2322,0.01180017226528854,0.0010442914155095935,0.01218948676985827,0.005038759689922479,-3.7747438641192922e-06,0.007717253539492862
2301,2748,2322,0.010163652024117138,0.0018012797175981097,0.009163308376230472,0.0016365202411714025,-0.00042677822853079135,0.0038139850044655553
2302,2748,2300,0.0128695652173913,0.002384382493372061,0.011419162016344155,0.005652173913043475,6.294507934014081e-05,0.007250620565289015
2303,2748,2291,0.014578786556089041,0.0023669729731944276,0.01467558783778519,0.0048013967699694435,0.0005164888682106476,0.008161038102627409
2304,2748,2306,0.012575888985255851,0.0018891773667268693,0.009756795465193889,0.004423243712055505,0.0005374520707976311,0.005246216005831545
2305,2748,2319,0.013109098749460972,0.002140805883077392,0.01121763100345822,0.00720137990513152,0.001334386182926206,0.007994219470006265
2306,2748,2321,0.019819043515725977,0.004341462284196461,0.0163700827838184,0.006376561826798792,0.0011514508545344279,0.008424910761970553
2307,2748,2282,0.013672217353198946,0.0018734158108823175,0.012066909127734705,0.006178790534618754,0.0008801150946961086,0.007654766037561547
2308,2748,2259,0.014785303231518367,0.002467547631235371,0.013225168930413674,0.005843293492695881,0.0005575501953160585,0.007858316035254467
2309,2748,2276,0.011775043936731103,0.0011556124235191252,0.011285971210077083,0.004261862917398943,-0.0005410104533941462,0.0063299528018069765
2310,2748,2301,0.013124728378965663,0.001887586408652671,0.010407440724954718,0.004823989569752279,-0.000331698058282492,0.005812867407779262
2311,2748,2321,0.014907367514002583,0.0030599802892494546,0.013036684863265995,0.005127100387763894,0.0007019352952676818,0.0070381770314170205
2312,2748,2326,0.010060189165950126,0.0017715308896192267,0.0071889124166212735,0.003826311263972483,0.0003303251253202937,0.004213963970761693
2313,2748,2288,0.013811188811188809,0.001847119074017945,0.010342205092514305,0.003933566433566431,-0.00011613136652790146,0.004757405671901444
2314,2748,2325,0.012387096774193548,0.0018336405561052496,0.01120290315537576,0.005333333333333331,0.0006457162671452415,0.007019926857478257
2315,2748,2309,0.011866608921611085,0.0010842056712314242,0.010215601868324438,0.004200952793417062,-0.00039726302965340584,0.005806904635369557
2316,2748,2288,0.009615384615384612,0.0008233883880203043,0.009150748634547927,0.0031031468531468515,-0.0009457605769139318,0.005050396755835479
2317,2748,2299,0.010787298825576335,0.0020564168867794335,0.009226893998578954,0.007046541974771638,0.0015424339773195057,0.007519172542217882
2318,2748,2320,0.011637931034482756,0.0015965260918818064,0.010803626967639125,0.0059051724137931015,0.0008551825316687378,0.007420711776204585
2319,2748,2287,0.013379973764757322,0.0022259377021135998,0.011672459262330412,0.005859204197638826,0.0007638954738178455,0.007387907138477429
2320,2748,2248,0.014857651245551598,0.002215658486868821,0.01527671217303299,0.005471530249110319,0.0010225314930038915,0.008974319196212279
2321,2748,2315,0.016933045356371485,0.0034399591713627047,0.01624592818354828,0.004449244060475159,0.00047798014777844603,0.008034761644827037
2322,2748,2313,0.014613056636402935,0.002355704375270682,0.011826167044439513,0.005966277561608299,0.0012308415903686005,0.007075287183032486
2323,2748,2356,0.01264855687606112,0.0020731974246323763,0.010185005975646423,0.005432937181663835,9.94866644099111e-05,0.006082902099237523
2324,2748,2333,0.010030004286326614,0.0006398223299395094,0.009628125054161503,0.003300471495927988,-0.00030610467807313765,0.005317540701958509
2325,2748,2277,0.017566974088713216,0.002766833689537601,0.01647292204465819,0.0060166886253842766,0.00044087273827227256,0.008941147823176888
2326,2748,2293,0.010379415612734406,0.0016812837709534627,0.010162893118857104,0.0022677714784125583,-0.00033245494974682766,0.0050193362911955895
2327,2748,2332,0.009777015437392794,0.001354635721982111,0.011165300337580019,0.002744425385934818,-0.00042680810272897337,0.0061695386694997825
2328,2748,2302,0.011381407471763682,0.001995256579478852,0.012026413694311483,0.004778453518679407,0.0006942767643666951,0.007609869568249722
2329,2748,2299,0.010265332753371029,0.0015649372446542643,0.010305475779038616,0.004697694649847757,-4.7819651526483606e-05,0.006916394776514122
2330,2748,2312,0.013667820069204148,0.002125264117272159,0.01255346273840882,0.006920415224913492,0.001188973780548777,0.00839942407136373
2331,2748,2262,0.012378426171529617,0.0018006853820699532,0.011566442941212328,0.004686118479221925,-0.00029672758655240636,0.006665110974949842
2332,2748,2300,0.013565217391304344,0.0024055562500674282,0.012844945807888225,0.0035217391304347818,9.294486978135093e-06,0.006309209533096616
2333,2748,2317,0.013552006905481221,0.002771276365048098,0.011514171820103659,0.006517047906776002,0.0009723167925393637,0.007753244782425043
2334,2748,2332,0.012864493996569465,0.0023570870799154878,0.009530245274292897,0.0038593481989708384,-0.0002224905244574117,0.004579899299830122
2335,2748,2303,0.013287016934433345,0.0014842726190449982,0.011215602979550442,0.004559270516717323,-0.00010967636865719758,0.006141079547446882
2336,2748,2304,0.016406249999999997,0.0032549507453029968,0.015144043190508109,0.004600694444444443,-0.0001284649071242569,0.007553297543625005
2337,2748,2296,0.014634146341463412,0.002360179839169834,0.012440396093365827,0.004878048780487803,0.000277700950892041,0.006594135545487387
2338,2748,2309,0.012299696838458204,0.0018580830275971435,0.011503135965584877,0.0035946297098310943,0.00024222465199515584,0.005867738975962997
2339,2748,2323,0.01635815755488592,0.0029690682413915544,0.013454867757549714,0.004864399483426603,0.0005757253096635004,0.006784430987625681
2340,2748,2310,0.01359307359307359,0.002105156507185659,0.013820080908823558,0.004805194805194803,-0.0002008917912323563,0.007954991859439825
2341,2748,2282,0.01200701139351446,0.0018492059552992586,0.011207132814202336,0.0046888694127957915,0.0008883728525502394,0.006622529529753769
2342,2748,2276,0.013005272407732861,0.0017353340769621108,0.01245985766745909,0.004701230228471001,0.00016103235667908714,0.00701101034338002
2343,2748,2293,0.012298299171391186,0.0020117836467951596,0.010434745127233455,0.006105538595726122,0.0008728467529424827,0.007061363189570473
2344,2748,2305,0.014924078091106288,0.0030665685031712226,0.013479722162122915,0.005509761388286332,0.0005584524998569585,0.007830599815357137
2345,2748,2278,0.011764705882352938,0.0019973114847017847,0.010506583339786442,0.004433713784021069,-5.894095118080796e-05,0.006090409256282485
2346,2748,2312,0.013235294117647057,0.002872016756463497,0.009514581614575982,0.004757785467128026,0.0009794512300725427,0.005214121875169984
2347,2748,2282,0.01560035056967572,0.002970470991956724,0.012968795725757995,0.007011393514460997,0.0011718936040250251,0.00821768490098688
2348,2748,2317,0.01631419939577039,0.0036531671900551684,0.0155870872823389,0.005912818299525246,0.00036634182792307695,0.008948778914329113
2349,2748,2320,0.016034482758620686,0.0030665212121702454,0.013205064307984305,0.0072413793103448245,0.0014296998767412386,0.008392785304610519
2350,2748,2312,0.010207612456747402,0.0008224534248824699,0.008741107293919212,0.004455017301038059,0.000487268037963655,0.005440840083150903
2351,2748,2284,0.009369527145359016,0.00046013949829408637,0.00996034302764552,0.00411558669001751,-0.0006888685443270431,0.006081673029935115
2352,2748,2299,0.015484993475424095,0.002227752717235275,0.013153346439894647,0.005741626794258371,0.00036202394580077505,0.0073451685567284325
2353,2748,2269,0.015601586602027321,0.0025464694612768158,0.014837559887076135,0.006654914059056851,0.0008433469815792578,0.009122982583855865
2354,2748,2303,0.010768562744246634,0.0016967301205467512,0.009032852077018904,0.004819800260529741,0.00040003317955645455,0.005809103544007969
2355,2748,2272,0.014876760563380277,0.0023438235068076693,0.013520449109981337,0.006161971830985914,0.0011378044097472432,0.008283104486354506
2356,2748,2298,0.01427328111401218,0.0023870242934665854,0.014380733185262283,0.0034812880765883363,-0.0011185939543997027,0.007108332430870558
2357,2748,2302,0.010599478714161595,0.001876961603396088,0.011408320480760884,0.005169417897480449,0.0004778994198444323,0.007652734119679542
2358,2748,2301,0.017818339852238158,0.0044746437245547594,0.01465101403753303,0.006562364189482832,0.0013887577364071586,0.008289429971965079
2359,2748,2318,0.013977566867989642,0.002519441596862733,0.014301286655752334,0.0034081104400345104,-0.0002507247854707166,0.00723838363698892
2360,2748,2315,0.013477321814254858,0.0015263438922836652,0.012844082611557324,0.006349892008639307,0.0011469019904453532,0.00839232453680273
2361,2748,2304,0.014322916666666666,0.002439711753151487,0.01228453412583112,0.0068142361111111095,0.0015041912160093191,0.008126408530338873
2362,2748,2319,0.011297973264338073,0.0017102125438893151,0.009777419693295668,0.004527813712807242,0.00017796381346061655,0.005825351376578055
2363,2748,2332,0.016723842195540305,0.0028000037592406392,0.013977134649592032,0.0035591766723842184,-0.0003830817322337516,0.006136286192540021
2364,2748,2301,0.01573229030856149,0.0029678780249441845,0.014335838314204891,0.006605823554976096,0.0016200142585004135,0.008918359438160424
2365,2748,2287,0.009707039790118055,0.0009264526648256592,0.009163215531814865,0.0023611718408395256,-0.0006963585199849652,0.004715829867049846
2366,2748,2322,0.012058570198105079,0.002048337370991858,0.010801502465746047,0.005641688199827734,0.0005965185276519041,0.00715444964120521
2367,2748,2312,0.012370242214532867,0.0015899687088021704,0.011872634161158425,0.004152249134948095,0.0002514301076623538,0.006530291627958862
2368,2748,2281,0.011047786058746161,0.0012277770315854137,0.010836424768685966,0.00420868040333187,-0.00026838433881304607,0.0063410371959340414
2369,2748,2308,0.011525129982668974,0.001830199050386331,0.009679450757871588,0.0027729636048526847,-0.00020915961946569973,0.004503198255146184
2370,2748,2325,0.011784946236559138,0.0016530080941163832,0.011351974964377384,0.00529032258064516,9.486772605395143e-05,0.007355154941852857
2371,2748,2308,0.012218370883882147,0.0016797555318934351,0.011543639230796788,0.0043760831889081446,-0.00039536245220150293,0.006535280056515689
2372,2748,2294,0.01351351351351351,0.0029680303268935773,0.0125280875205723,0.006233653007846554,0.0009426626831273235,0.008102126270791472
2373,2748,2325,0.009978494623655913,0.0013333011439322121,0.008707725632759403,0.004602150537634407,0.00036170146732464374,0.005726421605280026
2374,2748,2290,0.012314410480349341,0.002272550314646327,0.012265500175171118,0.004585152838427946,0.000524121825967567,0.0070143482636327095
2375,2748,2292,0.014572425828970328,0.0028050895768429755,0.01260203505296276,0.008856893542757416,0.0023679372944505005,0.009550132611499802
2376,2748,2294,0.012031386224934609,0.0009512291720565432,0.01110584740509708,0.006582388840453355,0.001149292697509539,0.007984116175530158
2377,2748,2320,0.013534482758620686,0.0015304446281622364,0.011500157500162282,0.005775862068965515,-0.0004263313918557502,0.006957579634000995
2378,2748,2291,0.016062854648625054,0.0028782781163469947,0.014073396447612038,0.005630728939327802,0.0008448683516738146,0.0079800284058783
2379,2748,2285,0.015404814004376365,0.0022807445365141113,0.013898936446945407,0.007002188183807438,0.0005942718177500991,0.008766717658770934
2380,2748,2296,0.010888501742160276,0.001652645605419754,0.008647192570486297,0.002961672473867594,-0.0016147045774786868,0.004131729014985896
2381,2748,2278,0.013257243195785773,0.0020240720393167534,0.01100599346503751,0.0048726953467954325,0.0006266378284173992,0.006216238507515304
2382,2748,2314,0.011927398444252375,0.0015830079618412523,0.00917430316613071,0.0043215211754537575,7.357965404207569e-06,0.005160179472105212
2383,2748,2277,0.0150197628458498,0.0028310079724424234,0.012813482431452685,0.006587615283267455,0.0009619301194004353,0.007891945769278383
2384,2748,2311,0.013587191691908262,0.0028399494469015297,0.010521031858650769,0.004110774556469059,0.0004561196297354316,0.005225903564767665
2385,2748,2298,0.013489991296779805,0.0020525527440556145,0.011676561300953943,0.005961705831157527,0.0011199662951954634,0.00739174043798552
2386,2748,2301,0.01295089091699261,0.001371761466946708,0.013360335487475072,0.0017383746197305505,-0.001261006659818564,0.005453102417589491
2387,2748,2308,0.01577123050259965,0.0023590748324182503,0.014667359816509974,0.0045493934142114365,-0.00028847265994486217,0.007434991754638715
2388,2748,2301,0.014950021729682742,0.0033509966920529212,0.012274320458723174,0.005041286397218598,8.038010149743978e-05,0.006720341107533209
2389,2748,2327,0.017361409540180485,0.0036115923435080565,0.015408513015968935,0.005199828104856035,0.0005382346516878287,0.007868590580512478
2390,2748,2337,0.017372700042789898,0.0036958395759054056,0.015782180212363276,0.005477107402652971,-9.160635860021714e-05,0.00845378454908254
2391,2748,2290,0.01615720524017467,0.002886552051039035,0.014499924768117142,0.005371179039301307,-0.0002685904497272438,0.007755362206278816
2392,2748,2322,0.011283376399655468,0.0024196173820473462,0.010621673670473411,0.003617571059431523,-0.00030102553134380344,0.005888014763070512
2393,2748,2280,0.012543859649122805,0.0021399083064075897,0.009906418869859731,0.00570175438596491,0.00023997087647734862,0.00619283291979453
2394,2748,2331,0.009523809523809521,0.001794837612652731,0.009061205842792788,0.006649506649506647,0.0012659998778746086,0.007630519180669639
2395,2748,2298,0.01601392515230635,0.0024114436210408052,0.014150923068792193,0.0041340295909486485,-0.00031178782358203325,0.006737292966598381
2396,2748,2290,0.015021834061135367,0.002571775709608436,0.014887873200944509,0.007554585152838425,0.0017783284887922751,0.009994543917341486
2397,2748,2315,0.017796976241900644,0.003009965930480912,0.015044518981207311,0.004492440604751619,-0.00010130740546744988,0.00701169512035234
2398,2748,2297,0.01541140618197649,0.0029356131859504544,0.01455505487339922,0.005964301262516324,0.0013309776784638711,0.008694251243889133
2399,2748,2300,0.015217391304347823,0.002660505312158359,0.014416033811079913,0.005608695652173911,0.0007476975399936202,0.008247189482293736
2400,2748,2328,0.013230240549828175,0.001984112950038118,0.011959286840925766,0.004510309278350514,0.00014234356718675068,0.006572249736359567
2401,2748,2290,0.013100436681222705,0.002119689987807044,0.012165883306849064,0.004890829694323143,0.00020348733540697777,0.007116432907750486
2402,2748,2309,0.013858813339107835,0.002276991982934686,0.01305366344547015,0.004763967085318318,0.00034681461457193986,0.007425556200705393
2403,2748,2312,0.01548442906574394,0.002524633180377767,0.013951337906813499,0.006704152249134947,0.0014430480325663677,0.008630141593385243
2404,2748,2298,0.01053089643167972,0.0017096826559150112,0.010440987091347317,0.0019582245430809376,-0.0007574140083739922,0.004766962899868632
2405,2748,2286,0.016535433070866138,0.002454315874099991,0.015202190164511683,0.005161854768153978,-0.00018858628137072788,0.008080539050879017
2406,2748,2314,0.011235955056179771,0.001254257325372075,0.010197958457527438,0.004883318928262747,0.00037615551515813607,0.00641088897199404
2407,2748,2317,0.015192058696590413,0.0025664130444711516,0.015185646036272695,0.005740181268882172,0.0010809765289279572,0.00893361119965815
2408,2748,2302,0.01198957428323197,0.0019426985877657383,0.010674697933906706,0.005603822762814941,0.00027277675316085965,0.0069200076786892165
2409,2748,2286,0.015135608048993873,0.0031049606424696564,0.012852075189972835,0.005074365704286962,0.001189588701407793,0.006878617060519901
2410,2748,2280,0.01464912280701754,0.0019471655674087862,0.012680859192441732,0.005789473684210524,0.0007920706166257828,0.007450430012012811
2411,2748,2303,0.014850195397307857,0.002646993455138617,0.01432198907790808,0.0059921841076856245,0.0006936657382565895,0.008661694733163952
2412,2748,2308,0.013691507798960136,0.0018679729509798587,0.015029242988112413,0.005849220103986133,0.00021715898945340523,0.009281403203592055
2413,2748,2305,0.013882863340563989,0.002037580663096076,0.013829677676995491,0.006160520607375269,0.0010603909460243143,0.008699559301709407
2414,2748,2269,0.012340237990304096,0.0022252586528792827,0.010958700560827943,0.004495372410753634,0.00014864487005845166,0.006187427148772792
2415,2748,2296,0.0102787456445993,0.0012848950072188847,0.011678558006484702,0.0021777003484320535,-0.00038566387118465616,0.006019799808227168
2416,2748,2295,0.013507625272331151,0.0027755346678177448,0.010594392499008183,0.0043572984749455325,0.0004460511624479442,0.005607528620006548
2417,2748,2320,0.01439655172413793,0.002636437934065737,0.013028784971598702,0.005818965517241377,0.0009055403666535421,0.008062392461881951
2418,2748,2318,0.015962036238136322,0.003265972125298908,0.01514070131922997,0.006427955133735978,0.001040983508860275,0.009095852635247514
2419,2748,2309,0.014551754006063228,0.0028394469298842844,0.013151054786073275,0.0064097011693373725,0.0013466170667250515,0.008413624190416653
2420,2748,2335,0.016359743040685222,0.0023410078966273765,0.015682845390932697,0.00659528907922912,0.0013042275824475323,0.009253224949100618
2421,2748,2260,0.0195575221238938,0.004369519092989896,0.01684023625427864,0.0066814159292035375,0.0008767279263923507,0.009026544800613365
2422,2748,2351,0.014206720544449167,0.0023307570081384566,0.013390233781749746,0.0071458953636750295,0.0014883829074530384,0.008979671276351709
2423,2748,2292,0.014659685863874342,0.0028861963861267297,0.011735366582986816,0.0044066317626527025,6.46631243815499e-05,0.00594507688677352
2424,2748,2303,0.010508033000434215,0.000975098001185833,0.010753906724369955,0.004081632653061223,0.0003590464878460241,0.006453059914373065
2425,2748,2295,0.015424836601307185,0.002505823539622004,0.014173818718043792,0.0019607843137254884,-0.0008120593893113234,0.005433240334277481
2426,2748,2274,0.011433597185576074,0.0019137967823035411,0.00943691790663873,0.002374670184696568,-0.0009356811737842364,0.00405504162944779
2427,2748,2255,0.01490022172949002,0.00196513649504281,0.014274128981220532,0.007716186252771616,0.0008477205838977992,0.009838829266807429
2428,2748,2323,0.014205768402927246,0.0027840063907732804,0.01222468587014254,0.00434782608695652,-0.00012063739715223394,0.0063703234454950955
2429,2748,2313,0.012970168612191956,0.0019646831369725757,0.011639423927417444,0.00544747081712062,0.00038696420936755834,0.007149793653135832
2430,2748,2302,0.0104257167680278,0.00046855718903529076,0.010636855611494944,0.0055603822762814925,0.000491037094042724,0.0074928865285448145
2431,2748,2316,0.016666666666666663,0.0027802315138291313,0.015633471118328794,0.004404145077720205,-8.858310723241918e-05,0.00775196420816749
2432,2748,2301,0.014167753150803996,0.0028818532236153573,0.013266085948928625,0.00265102129508909,-0.0008825900896450901,0.005868117443928626
2433,2748,2317,0.012516184721622785,0.0014862982790788347,0.011533635505460056,0.005653862753560637,0.00019080395785573185,0.007470109488259143
2434,2748,2310,0.01255411255411255,0.0026472317484852446,0.011383267718855611,0.00515151515151515,0.0006700439897588734,0.006876286570506722
2435,2748,2301,0.013211647109952191,0.002213274468703107,0.012136365713939726,0.003998261625380268,-0.0004138678055276896,0.006374967229020458
2436,2748,2303,0.010508033000434215,0.0011218899894732451,0.011387018681203403,0.002561875814155448,-0.0009093230744619263,0.005783680428047738
2437,2748,2313,0.014699524427150886,0.003171665310272888,0.010740386205965515,0.003934284479031559,-0.00025304835277051703,0.004819322178291117
2438,2748,2294,0.01351351351351351,0.0025943053280368476,0.011975874449392906,0.004751525719267653,0.0002747709143982415,0.006679510584730537
2439,2748,2253,0.010830004438526405,0.0017550879558949587,0.009874747549168415,0.004971149578339989,0.0008180762760551666,0.0064026990668959284
2440,2748,2293,0.011687745311818574,0.0009116525897267583,0.011546866112949014,0.004273877017008284,0.0003093537992550862,0.006785072068283564
2441,2748,2315,0.011490280777537797,0.0019484571697989401,0.008712575340244149,0.005615550755939523,0.0002565839081960804,0.005783764720398465
2442,2748,2320,0.017068965517241377,0.0035740899078723163,0.013748916818255807,0.0030172413793103435,-0.0005815523430713305,0.005199091767783635
2443,2748,2314,0.013137424373379426,0.001301745619030926,0.013466753920399489,0.005574762316335348,0.0010717519252193867,0.008297622872134298
2444,2748,2329,0.010562473164448258,0.0018429412684132385,0.00893285585892171,0.003950193215972518,-8.963270602097626e-05,0.005209027415205092
2445,2748,2307,0.016471608149111396,0.0029308955886241865,0.014613865676723537,0.003294321629822277,-0.00038283991836086316,0.006316995105548184
2446,2748,2284,0.01567425569176882,0.0023604793740269747,0.013177674902691604,0.007005253940455339,0.0017301649923539917,0.008212559700314755
2447,2748,2290,0.010480349344978162,0.0016872985828822263,0.00921120967426225,0.00449781659388646,0.0004456391289083638,0.005710153721721898
2448,2748,2319,0.01664510564898663,0.0022832031652554076,0.014710285514458932,0.005692108667529105,8.459420671204938e-05,0.008034952157253403
2449,2748,2314,0.009939498703543645,0.001507067565744019,0.008256873374322305,0.005790838375108037,0.000362875220143722,0.006335538409610847
2450,2748,2274,0.01565523306948109,0.0026392893549998754,0.014864557586604299,0.007519788918205803,0.0015797177236469434,0.009754109455999145
2451,2748,2320,0.017068965517241377,0.0026222933750275263,0.01635158228537717,0.007155172413793101,0.0011469446231110278,0.009912153366822633
2452,2748,2317,0.013206732844195077,0.0021421196991849413,0.01187549523005178,0.005438066465256795,0.0003281247456538069,0.007209006390413613
2453,2748,2292,0.012652705061082022,0.0018605593986778155,0.012397166354671038,0.005279232111692843,0.0005523093126103225,0.007543969513818829
2454,2748,2317,0.016832110487699607,0.002874329775789792,0.015025919473517283,0.00656020716443677,0.0013392874143366813,0.008696580564459001
2455,2748,2284,0.013922942206654989,0.0024766139285164446,0.011730232679963351,0.006260945709281959,0.00012848054350880864,0.007346042345458446
2456,2748,2339,0.009918768704574603,0.0014470359153651068,0.009558533464728179,0.0026079521162890103,-0.0007216423475230873,0.004881321757723109
2457,2748,2286,0.013473315835520555,0.0017704021421453568,0.013826577449879952,0.0033245844269466297,-2.8627077387022482e-05,0.00693129478158682
2458,2748,2302,0.014769765421372717,0.0030243646851915245,0.013078462602547131,0.004517810599478712,0.00019369572291803478,0.006733002740726439
2459,2748,2294,0.01630340017436791,0.0036114019723519535,0.015138879977017256,0.0060592850915431535,0.0013593141447647433,0.008797733080750662
2460,2748,2299,0.012440191387559807,0.0014430812505777744,0.010779934746144339,0.005002174858634187,-0.00035425681171604714,0.00644022180028691
2461,2748,2307,0.011703511053315994,0.0016737748048303329,0.010155546020871296,0.00637191157347204,0.0008034678834458954,0.007346493957822369
2462,2748,2322,0.013350559862187765,0.0018594443546729954,0.009763433353758351,0.005684754521963821,0.00036089149444058506,0.005925604144218627
2463,2748,2316,0.013039723661485316,0.0015708685629644587,0.011560155255423941,0.004792746113989636,-0.00026757556756802235,0.006600509692156254
2464,2748,2317,0.015451014242555027,0.0026504228390446544,0.012929759107384723,0.0061717738454898545,0.0005431075867456612,0.007413736624063717
2465,2748,2281,0.015957913195966678,0.0025079938459220954,0.015128288805733506,0.00420868040333187,-9.747837866920041e-05,0.007485620530340262
2466,2748,2306,0.011968777103209016,0.001679663866934974,0.00957483774268644,0.005333911535125757,0.0003926951839386263,0.0060057985882135834
2467,2748,2310,0.014199134199134196,0.0029240353854679017,0.012780950806480321,0.005367965367965366,0.0005054596377635856,0.007328130710763444
2468,2748,2298,0.012184508268059177,0.001309513784715433,0.01222681220195876,0.004612706701479546,0.0003152312285723563,0.007133470255806319
2469,2748,2297,0.00949063996517196,0.0006829063177581186,0.009266031434119677,0.003178058336961252,-0.0008835516865329038,0.005200387533061949
2470,2748,2292,0.012041884816753924,0.0018471037113036923,0.010062721392322688,0.005148342059336822,-0.00025996511815655954,0.006153615460355375
2471,2748,2296,0.012108013937282227,0.0024372924820857543,0.008658108340730775,0.0056620209059233435,0.00018506657500411976,0.0056597565026335235
2472,2748,2283,0.012176960140166445,0.0011322292340635437,0.01148073895068146,0.004862023653088039,-0.0005383968989456404,0.006754842207463273
2473,2748,2349,0.012771392081736907,0.0015330551272419645,0.013532425731963794,0.002937420178799488,-0.0008709017290586169,0.006813357315082786
2474,2748,2296,0.013066202090592331,0.0018527939732482675,0.0112625118430504,0.005444250871080138,0.0010104142128944471,0.00683108230741584
2475,2748,2292,0.009947643979057591,0.0011787861502951453,0.011196266813346881,0.005410122164048864,0.000311941550794365,0.00791057617438961
2476,2748,2286,0.013648293963254591,0.0013442437064421268,0.013403445567240891,0.006824146981627294,0.00022659108185352927,0.008952129724297748
2477,2748,2307,0.015517988729952316,0.0025661367113849693,0.013684735992624632,0.005071521456436929,0.00022632586119628872,0.007082798526132973
2478,2748,2282,0.010955302366345308,0.0013253337767089599,0.010267666369951998,0.00359333917616126,-1.013241975876672e-05,0.005698787221142928
2479,2748,2324,0.015662650602409636,0.0019452159097151924,0.015111114732016095,0.00533562822719449,0.0005622351664824605,0.008333546287814077
2480,2748,2306,0.015351257588898522,0.0022173060872868362,0.013738267939069201,0.0037727666955767554,5.52386272934949e-05,0.0064166811758347994
2481,2748,2287,0.019588981198076078,0.003566385645680213,0.016442892259420545,0.003804110188019237,-0.0004413444163057732,0.006689616380082998
2482,2748,2282,0.01419807186678352,0.002406599266890051,0.01305276657013169,0.006266432953549516,0.00137449051044171,0.00804592523315304
2483,2748,2291,0.013705805325185508,0.002379873209122039,0.013297379990989072,0.004233958969882145,-0.000300595693071747,0.007012716546265404
2484,2748,2332,0.01166380789022298,0.0012638260496465013,0.009994450609421876,0.00334476843910806,-0.0005974990801214068,0.004994699285091999
2485,2748,2280,0.01719298245614035,0.003067241835907179,0.017304141935433642,0.004210526315789471,-0.00018396640921071976,0.008374042124255037
2486,2748,2280,0.014824561403508768,0.0021675753434965113,0.013854774449089377,0.005263157894736839,-0.0001994520165280743,0.007823436360014565
2487,2748,2290,0.012401746724890826,0.0021059566131190885,0.010778618215675337,0.004017467248908296,0.00023876101179892548,0.0057612471084320235
2488,2748,2292,0.013787085514834202,0.0025879555506547565,0.012589623292293732,0.0040139616055846405,-0.0005484417967893296,0.0065090130678635534
2489,2748,2297,0.01750108837614279,0.0033927341034957507,0.014602749743932098,0.005485415759686546,0.0013446933144541217,0.007364598053343183
2490,2748,2331,0.009352209352209349,0.0008365862856230807,0.008836339418815906,0.004290004290004289,4.4501657556137646e-05,0.005692262932724637
2491,2748,2316,0.011485319516407595,0.0013985878140655326,0.010255864226702941,0.005785837651122623,0.0004653340230893337,0.0069824744552025725
2492,2748,2320,0.01362068965517241,0.001754491127232731,0.012106286544039203,0.005086206896551722,0.0004630226487000945,0.006870329705154217
2493,2748,2308,0.01317157712305026,0.0016083009020946499,0.01165902184668924,0.0067157712305025985,0.0009619548937498248,0.007787250075452867
2494,2748,2297,0.014714845450587722,0.00224022198823459,0.014085940455205762,0.005006530256856768,0.000746387338783966,0.00784342057974434
2495,2748,2308,0.0097053726169844,0.001096950145324491,0.007888420297643969,0.004636048526863082,0.00031504222523942273,0.005186463631483564
2496,2748,2313,0.0119325551232166,0.0016953517897645358,0.011754493834889562,0.003977518374405532,-0.0004986823998416633,0.006577998345009524
2497,2748,2320,0.015775862068965515,0.003185882893852859,0.015428853632323093,0.004698275862068963,0.0007006624469413208,0.008171572845504571
2498,2748,2287,0.013729777000437251,0.0024004445793666864,0.012434132902403396,0.004897245299519019,2.29338498787594e-05,0.0069729123355285316
2499,2748,2338,0.014970059880239518,0.0024713591527434774,0.012826282169207573,0.005089820359281435,-2.1814602189144146e-05,0.006991768504333195
2500,2748,2334,0.015081405312767776,0.0025904843787985013,0.014533391824954115,0.0060411311053984555,0.0016529530709272942,0.008683818387409972
2501,2748,2322,0.01093884582256675,0.001527891962206658,0.009862911282950018,0.003057708871662359,-2.303819960122395e-05,0.00500150063568206
2502,2748,2296,0.013850174216027872,0.0023686399307903715,0.012460354697249985,0.0044860627177700325,0.000428273919736141,0.006599014457764538
2503,2748,2328,0.01254295532646048,0.002438562516544609,0.011641166939868273,0.003393470790378005,0.00037346680552708143,0.006014751552604025
2504,2748,2295,0.013071895424836598,0.002518220591458021,0.01279467579636236,0.004618736383442263,-0.0002080289288453687,0.007329437031920894
2505,2748,2307,0.013437364542696138,0.0021074501588311577,0.013033594704778172,0.005418292154312958,0.000429095019425878,0.00788959202772135
2506,2748,2281,0.013590530469092501,0.001709998410394753,0.011233586903250515,0.0032441911442349825,-0.0016225367783209196,0.005115446325330627
2507,2748,2318,0.011906816220880067,0.0016105242582914658,0.010036932818474412,0.005780845556514235,0.001321390894825737,0.0067548554557723545
2508,2748,2316,0.014507772020725385,0.002876408241187028,0.01388613506333496,0.0032815198618307414,0.00016754996479830743,0.0066054384128907484
2509,2748,2303,0.01563178462874511,0.0026305767699535266,0.013968655456933139,0.004646113764654796,9.523950427127974e-05,0.007374338136958104
2510,2748,2319,0.01707632600258732,0.002917761626051851,0.016449389999621453,0.004959034066407933,-0.00017034736266949898,0.008554475396167879
2511,2748,2308,0.010571923743500862,0.0014514538592864926,0.009145419948515577,0.004029462738301558,0.0005496433322909206,0.005376884230724971
2512,2748,2319,0.012591634325140143,0.0024300855213280747,0.012739017680120071,0.004355325571366967,9.625647021200549e-05,0.007199638141720335
2513,2748,2276,0.014938488576449908,0.0024340664111776747,0.013793565603111756,0.004701230228471,-7.138544470503375e-05,0.007337622237296251
2514,2748,2293,0.014478848669864802,0.0025436535267698086,0.014312833737325498,0.005189707806367202,0.00025320377214714534,0.008103515488975678
2515,2748,2284,0.012697022767075303,0.0017401539363309654,0.011429423279267995,0.003152364273204902,-0.001046308944989941,0.005537762766262424
2516,2748,2275,0.01169230769230769,0.0014396191351832791,0.00973004771448037,0.005714285714285712,0.0006264524985802623,0.006505471668177113
2517,2748,2318,0.01345987920621225,0.0023708817828692755,0.012706822531624314,0.003753235547886107,-0.0008148592231511062,0.006572188952829095
2518,2748,2335,0.015074946466809416,0.002182559180967636,0.015374919352476925,0.007451820128479655,0.00098387140572372,0.010228375828098444
2519,2748,2285,0.013216630196936538,0.0020941402410056655,0.01190598947019948,0.005908096280087525,0.00036997796247768426,0.0074951406264976055
2520,2748,2294,0.011159546643417608,0.0014853335087255093,0.0101155740458892,0.005100261551874453,0.0001072285633090916,0.006599198283475348
2521,2748,2310,0.012380952380952378,0.0020064011146626085,0.012218094491773744,0.006363636363636361,0.0010651280391226518,0.008637823618766059
2522,2748,2296,0.014372822299651564,0.0030425064158496507,0.014671394961011795,0.0023083623693379773,-0.00035514217227631265,0.0064180962016625554
2523,2748,2290,0.013711790393013098,0.0018763672969423033,0.014432867456336882,0.005283842794759824,-0.000138726278576036,0.00860820665071612
2524,2748,2325,0.015139784946236554,0.00196211340193792,0.013990448555997698,0.005591397849462364,-0.00021127374130429195,0.007984317826969114
2525,2748,2306,0.012922810060711186,0.0015949858208889087,0.01293610666961263,0.00290546400693842,-0.0014949110451167532,0.00629771612744312
2526,2748,2262,0.012024756852343057,0.001546397986867323,0.011026624689956216,0.0043324491600353655,5.447310428972458e-05,0.006368615042769905
2527,2748,2298,0.01540469973890339,0.00264642145366578,0.01477916254276541,0.0048302872062663165,0.0008067639803328382,0.008109184131286494
2528,2748,2313,0.012883700821444008,0.0017096005852254427,0.013537566185829061,0.003847816688283613,-4.9454064371487156e-05,0.007338414414815905
2529,2748,2287,0.016965456930476602,0.0030705944871426073,0.016746116555340928,0.006864888500218625,0.000873944700738653,0.010086853200332124
2530,2748,2299,0.016180948238364502,0.0036583850571392865,0.014924230773478599,0.006481078729882556,0.0013953812551575563,0.008945193764599775
2531,2748,2358,0.013740458015267172,0.0019513163944580641,0.01162206401253687,0.005428329092451228,0.00010213061561272808,0.006805440189375602
2532,2748,2301,0.015210777922642329,0.002571287296746172,0.013688456651550588,0.00643198609300304,0.0008661886755738607,0.008381734312253449
2533,2748,2295,0.015424836601307185,0.0021501450459059024,0.014406370779752575,0.005925925925925925,0.0006641979267826021,0.00846607520855419
2534,2748,2316,0.014680483592400685,0.002164921779605258,0.013772988639767867,0.006217616580310879,0.0007217696724387045,0.008508952771870665
2535,2748,2273,0.013902331720193574,0.0027287344293049284,0.012110063699931999,0.004311482622085348,-0.0002523745264492153,0.006356981713570342
2536,2748,2313,0.012797233030696064,0.001543640068013461,0.010640186312046652,0.006268914829226112,0.001092203219226645,0.007058785144502612
2537,2748,2299,0.013310134841235317,0.0018871493633819297,0.013275933083553636,0.006089604175728574,0.0006553353796655482,0.00833559005599448
2538,2748,2275,0.01661538461538461,0.003005903357478184,0.01535027353217948,0.0057142857142857125,0.0007507370491519213,0.0084219737723897
2539,2748,2288,0.015559440559440557,0.0026450448267906616,0.013845495855817966,0.004632867132867131,1.1336491748749286e-05,0.007152106969721985
2540,2748,2286,0.015923009623797023,0.0028171646576612094,0.013301827440487338,0.008223972003499561,0.0018103546752484545,0.00900858466635946
2541,2748,2307,0.011009969657563934,0.001410051283607727,0.009243934285124053,0.004074555700043345,0.00025573140861042304,0.005295000208588774
2542,2748,2278,0.013345039508340645,0.0016216019124977658,0.013166200056003444,0.006496927129060578,0.0005319078696307337,0.008679879322196417
2543,2748,2327,0.015040825096691015,0.0025444987354388987,0.013603851799591404,0.005930382466695313,0.0008146064881462104,0.008161275958770423
2544,2748,2296,0.015069686411149823,0.0028881615779880413,0.012104566674519365,0.003789198606271775,-0.00024058018734158414,0.005549540516141244
2545,2748,2302,0.012076455256298867,0.0016724375577859547,0.010691844162142292,0.00408340573414422,-0.0003027643911576653,0.005745423543779864
2546,2748,2303,0.012679114198871036,0.0013181493072698305,0.012670051532274868,0.0032566217976552304,-0.0010034783409577535,0.006334460098983023
2547,2748,2270,0.013215859030837001,0.0023300655512806284,0.012351567169658394,0.006035242290748897,0.0006651001922190808,0.007819846723675415
2548,2748,2301,0.010951760104302474,0.0012038066816979357,0.011078057501318524,0.004172099087353322,8.2324234630613e-05,0.006615575824698706
2549,2748,2283,0.012176960140166443,0.0016301836797485783,0.011097934392965674,0.002584318878668417,-0.0006282654467717646,0.005060675517597436
2550,2748,2329,0.012966938600257619,0.0019405483441771094,0.01158877768203779,0.005023615285530269,-0.00039899770331666126,0.006748953938443783
2551,2748,2319,0.015523932729624835,0.002619271867407848,0.015209959656247605,0.005174644243208278,0.0006259158162292269,0.00839822548571285
2552,2748,2298,0.011923411662315054,0.002118341799432597,0.010667913639378053,0.004482158398607483,0.0007676361557372781,0.006321505208274308
2553,2748,2317,0.010789814415192056,0.0013793516362487599,0.008460956348262322,0.004488562796719895,4.5634087840942864e-05,0.005042937794313025
2554,2748,2309,0.014638371589432654,0.002987412495644315,0.01334691035753655,0.007102641836292765,0.001065495481484054,0.008873088716866368
2555,2748,2298,0.01662315056570931,0.002735397226688534,0.014929376256110453,0.0034812880765883363,-0.00104635003486609,0.00652402659731121
2556,2748,2275,0.012571428571428568,0.001741588370599577,0.01184524176016013,0.003252747252747251,-0.0005588502474088385,0.005889096217240052
2557,2748,2306,0.013876843018213353,0.0017524160787172416,0.012876268029295306,0.0057241977450130065,0.0007192035920672329,0.007786651726059883
2558,2748,2310,0.014025974025974022,0.0019794254152448666,0.013571775364146364,0.005757575757575756,0.0007111746384469926,0.008127618422708207
2559,2748,2311,0.015923842492427516,0.002487880011594493,0.01249588549821236,0.008524448290783209,0.0020807985777887097,0.00876613872808872
2560,2748,2291,0.016150152771715404,0.0030998054633663004,0.015037928156860461,0.007333042339589696,0.0019239443392681215,0.009529845169032089
2561,2748,2254,0.011535048802129546,0.0015730366831466322,0.010333152975208757,0.0049689440993788804,0.00018232482514670854,0.0064478452075785835
2562,2748,2277,0.013702239789196309,0.0016783125502290424,0.014215034446055787,0.005445761967501095,0.000858807169299616,0.008642643153414904
2563,2748,2306,0.01734605377276669,0.0033260434970923134,0.014711670015484386,0.003729401561144838,-0.00047666863873948093,0.0063888525425779465
2564,2748,2299,0.016093953892996952,0.0027159226756064904,0.01433924334770267,0.0055241409308394935,-0.00023147043947643339,0.007965820576831838
2565,2748,2312,0.0129757785467128,0.002018051098734454,0.012807289037821041,0.003979238754325258,0.0003798838993416603,0.006855216931940423
2566,2748,2277,0.014141414141414137,0.0015942157316955101,0.014862807091764511,0.004699165568730785,7.777443274186165e-06,0.008332690624521267
2567,2748,2279,0.011584028082492318,0.0016558684210280217,0.012735614425849947,0.0054409828872312395,0.0009567140727093317,0.008336379349249957
2568,2748,2297,0.013234653896386587,0.0019346589758507122,0.013248329434833976,0.005877231171092728,0.0003364916927824431,0.008442818915921422
2569,2748,2303,0.01563178462874511,0.0025457158377148546,0.014067646165234603,0.0070343030829353,0.0017370137740043584,0.008820469641425745
2570,2748,2286,0.009536307961504809,0.0005418708248570618,0.00929898883228138,0.0023622047244094475,-0.00038555195375189575,0.004600372960294281
2571,2748,2327,0.015040825096691012,0.0029691872086181127,0.012976456394420145,0.005371723248818218,0.00043311807464789607,0.007230944583828169
2572,2748,2322,0.010508182601205856,0.001541268279878799,0.009674380736791914,0.004177433247200687,0.0005638533425015745,0.005708059610158598
2573,2748,2305,0.01622559652928416,0.002448052030549675,0.014062229429747913,0.005813449023861169,0.0013857385068897108,0.007844017307630693
2574,2748,2271,0.011889035667106999,0.0017687000955260695,0.011764460007204032,0.005416116248348742,0.0003044887374474016,0.007721891682940566
2575,2748,2325,0.012731182795698922,0.0012098945227529236,0.010720926313097335,0.005892473118279568,0.00046437771974805107,0.006896849994790893
2576,2748,2321,0.012839293408013786,0.0018818667181503147,0.010987055771195242,0.006247307195174492,0.0006309282952100414,0.007257372398823312
2577,2748,2273,0.012670479542454902,0.001919936701276519,0.01458206118668393,0.0029036515618125805,-0.0007262897701096304,0.007340278271346283
2578,2748,2310,0.014978354978354976,0.0027548983687933027,0.012936580092150063,0.0076190476190476164,0.0016380629916914018,0.008779845478217842
2579,2748,2329,0.014770287677114639,0.002626458081705258,0.01370741904538649,0.0035637612709317292,-0.00032964061603786625,0.006391994771123538
2580,2748,2331,0.016387816387816383,0.0027576158911144302,0.014666484088263052,0.005148005148005146,-5.183052994128417e-05,0.007746519838981703
2581,2748,2291,0.013880401571366214,0.0024070811102846544,0.011605282897628326,0.006154517677869924,0.0006307956863723999,0.0071367385095321215
2582,2748,2328,0.014432989690721647,0.002769816896591347,0.013086048903007215,0.004853951890034363,-3.7143161493593915e-05,0.007270512017174418
2583,2748,2299,0.012092214006089601,0.0014285376095565482,0.010839091867439872,0.004262722923010002,4.568716392777918e-05,0.006131820542798068
2584,2748,2290,0.016419213973799123,0.0031332247754205737,0.014439869929489153,0.006724890829694321,0.0007188695154179862,0.008590288193187625
2585,2748,2320,0.013103448275862066,0.0017884014829885895,0.01264026519218806,0.005689655172413792,0.0002323488833533812,0.007886348117555415
2586,2748,2279,0.019131197893813075,0.00375680861629518,0.016089669094988844,0.006537955243527861,0.0010162691805808643,0.008647204445654751
2587,2748,2308,0.012998266897746963,0.00184792576131088,0.014150862695021922,0.007625649913344885,0.0020051071944322133,0.010417995397056932
2588,2748,2298,0.013925152306353347,0.0016669312390047934,0.012707850193508818,0.005787641427328108,0.0004069183421798793,0.0077684429646779594
2589,2748,2313,0.011154345006485083,0.002200009342797766,0.009333606311380188,0.0028102031993082555,-0.0004507934088813268,0.0044567257300115355
2590,2748,2312,0.017820069204152245,0.003093670973991361,0.016262873312322706,0.006877162629757783,0.001267987144643708,0.009526366618111548
2591,2748,2311,0.014712245781047163,0.0024576569241562167,0.013106058227509574,0.007096495023799219,0.0010501207459256022,0.008703416571201206
2592,2748,2314,0.011668107173725148,0.0018565093094717925,0.010235525268365143,0.005834053586862573,0.0007248346368431123,0.006905946454953582
2593,2748,2265,0.011743929359823397,0.0007594662685304149,0.009794130584605262,0.007019867549668872,0.0005041143653830369,0.007502779492404837
2594,2748,2313,0.01573713791612624,0.002192182359481265,0.015496944010612291,0.008517077388672717,0.0014220859858303095,0.010859545425706081
2595,2748,2286,0.012685914260717407,0.0019690165177316354,0.012584747763294293,0.004811898512685913,-0.0003709834070406168,0.007282960243848827
2596,2748,2317,0.015451014242555024,0.002865816016051709,0.013547735048018521,0.003970651704790676,-0.0005352873453268339,0.006563141090113784
2597,2748,2296,0.013588850174216025,0.0013342961605932505,0.012326300980943857,0.004442508710801391,-0.0006807068107750851,0.006649536065422193
2598,2748,2300,0.011652173913043474,0.0016979826784727186,0.010618580989696718,0.005043478260869563,0.0008196441420405554,0.006659696241383055
2599,2748,2290,0.013362445414847159,0.0021277766472910095,0.013383301572252194,0.0033187772925764177,7.922872221226873e-05,0.006793433339497714
2600,2748,2302,0.0156385751520417,0.0023808268885843324,0.013552342865761466,0.004213727193744568,-0.00017127722389403494,0.006605150218299886
2601,2748,2297,0.013234653896386587,0.0025189915751527544,0.01069513319453295,0.002655637788419677,-0.0005706931097294749,0.004513147687850791
2602,2748,2359,0.011699872827469263,0.0019164863923629685,0.009176567929866321,0.005002119542178888,0.0006946859058521327,0.005701553368546867
2603,2748,2312,0.01167820069204152,0.0015795618585877943,0.007703322510781284,0.0035899653979238736,-0.000483536418873112,0.003662751578855791
2604,2748,2311,0.01505841627001298,0.0032251390337889505,0.013054268221874655,0.0030289917784508853,0.00030849639978528106,0.005679572971242745
2605,2748,2306,0.013703382480485686,0.002420542468080129,0.012457440270998585,0.00529054640069384,0.0006226570319332799,0.007144943319870476
2606,2748,2344,0.01168941979522184,0.0014636467512613544,0.01097745105137776,0.003114334470989759,-0.00035787743467844476,0.00552475000727185
2607,2748,2332,0.010463121783876497,0.0007463069852432142,0.010806518887790047,0.004845626072041163,-8.734992425042847e-06,0.007111413312730643
2608,2748,2321,0.01361482119775958,0.0021073157507606,0.014162588227958666,0.005945713054717792,0.0005509614352810241,0.009065504441721078
2609,2748,2258,0.011691762621789191,0.002081473406752789,0.010172281244333371,0.005048715677590786,0.0008397654448039937,0.006258130026973611
2610,2748,2286,0.01618547681539807,0.0034137225267667783,0.013601851352140367,0.0059930008748906366,0.001829817744649509,0.007802090618829071
2611,2748,2295,0.015163398692810453,0.002693207869672283,0.013903412180875102,0.004880174291938995,0.00026991063198164773,0.007557293024289002
2612,2748,2282,0.015337423312883436,0.002157271852974099,0.016191241568527543,0.004469763365468885,-0.00044915533266165925,0.008460006086929392
2613,2748,2299,0.010613310134841233,0.0012978240653941863,0.008920332746012486,0.0037407568508046954,-0.0005124213617899273,0.0048942890378435334
2614,2748,2288,0.0104020979020979,0.0012458045095456217,0.009872205836851599,0.004895104895104893,0.0006011485296758277,0.006541418795840861
2615,2748,2328,0.01417525773195876,0.0017808922420625714,0.013065474400672671,0.004510309278350514,-0.0001640413519571297,0.00700692904262547
2616,2748,2328,0.013316151202749139,0.0023108456966463944,0.01214433853250678,0.004682130584192438,-4.098418603388479e-05,0.00688003698019696
2617,2748,2304,0.015190972222222219,0.002285128431563016,0.013410333102064319,0.00525173611111111,0.00023959892114699228,0.007354884634452043
2618,2748,2323,0.012828239345673694,0.0019659478542506954,0.012375084935445913,0.0058975462763667654,0.0003276050159191396,0.008042290379389793
2619,2748,2293,0.011687745311818576,0.0011401545861862506,0.01004171964267002,0.004491931966855645,-0.00011577129377958711,0.00577502820243913
2620,2748,2318,0.013028472821397753,0.0017524634085286633,0.0118791026542685,0.00621225194132873,0.0002556630448463397,0.007646935663625506
2621,2748,2318,0.01622088006902502,0.0035797366889006726,0.014278488466940452,0.005823986194995683,0.0006535384928467687,0.007966105339793656
2622,2748,2291,0.014054997817546917,0.0019354645542893885,0.01104280126500139,0.005761676123963333,0.0009250433906088664,0.006700084884565122
2623,2748,2327,0.010571551353674257,0.001827978206513137,0.010094833896879719,0.006145251396648042,0.0006465979072442341,0.007351241044531275
2624,2748,2312,0.012629757785467126,0.0021268495146600707,0.011161838272393138,0.005493079584775085,0.0002749425364815566,0.007018621359080854
2625,2748,2319,0.01267787839586028,0.0019065313349862837,0.011418850816790109,0.004312203536006898,0.00018710959018469774,0.006227662057197042
2626,2748,2311,0.011077455646906098,0.0011601973409200033,0.01019121306045988,0.0038511466897446973,-0.0005886313259401115,0.005708088249871198
2627,2748,2292,0.01396160558464223,0.0020834083773748164,0.013707522709639776,0.006369982547993017,0.0001420626178158506,0.008589558257243795
2628,2748,2311,0.01618347035915188,0.002985666022486373,0.014621877385019563,0.006187797490263953,0.0008353751437998063,0.008388961295056509
2629,2748,2284,0.013222416812609454,0.0019065487551763749,0.011100430165708261,0.0033274956217162854,8.140226778138038e-05,0.005334621533129504
2630,2748,2256,0.014095744680851063,0.0019484733971992425,0.013529057643157419,0.005673758865248225,0.0004795231687185315,0.008128400421421498
2631,2748,2296,0.017595818815331007,0.0034883939703947873,0.015665827167043025,0.006925087108013935,0.002462334295246218,0.009325021899857783
2632,2748,2320,0.016637931034482755,0.002907182272810467,0.013870494846002375,0.007543103448275861,0.0016857720430279975,0.008761961152786006
2633,2748,2319,0.01500646830530401,0.0021891688531414377,0.01243621859831811,0.002112979732643379,-0.0012280555746467918,0.004839255691826908
2634,2748,2270,0.013744493392070482,0.0025023320832282606,0.013085451506511142,0.00647577092511013,0.0011093238965632136,0.008743040774744129
2635,2748,2323,0.013947481704692205,0.002409739591123478,0.013705751434614173,0.003960396039603959,-0.0004948765842472688,0.0072978607398023814
2636,2748,2331,0.014671814671814666,0.002426970471348153,0.012840025948672567,0.005705705705705703,0.0012243353665379996,0.007534703283946919
2637,2748,2309,0.013165872672152445,0.0018601598910495216,0.011993418927006887,0.004677349501948893,-0.0006107346690994365,0.0066825901022115565
2638,2748,2291,0.01527717154081187,0.0022908422143324177,0.013273587461860827,0.006023570493234393,0.0005889972218400388,0.007964260293405046
2639,2748,2309,0.015677782589865737,0.0030353855050331037,0.014003473199090403,0.005326981377219573,-0.0001284974538244551,0.007600608352497901
2640,2748,2283,0.015856329391151988,0.003348335966688285,0.013171031297464126,0.005869469995619796,0.0009044769671869894,0.0074288208854357335
2641,2748,2291,0.01632474901789611,0.002951616736786058,0.01404572695465843,0.006241815800960278,0.00043735142291385925,0.008010197540265645
2642,2748,2294,0.013949433304272011,0.0019675594560039328,0.011908171215876341,0.004184829991281603,-0.00033791447441446456,0.005994012312514548
2643,2748,2348,0.012180579216354341,0.0016579228665700625,0.011868062212932464,0.005792163543441225,0.0011047526096148051,0.007759199839181802
2644,2748,2290,0.016681222707423577,0.003294314481234325,0.01368306186638535,0.0035807860262008716,0.00016323959031902587,0.005899313093548625
2645,2748,2304,0.013020833333333329,0.0009087490581353773,0.012127781654754465,0.00329861111111111,-0.0005334671111594503,0.0060181544406149486
2646,2748,2314,0.012100259291270524,0.001749654916861502,0.012875235430404242,0.006222990492653412,0.0008723547707881339,0.008864739730508333
2647,2748,2333,0.012858979854264893,0.0023822880366558235,0.00996049199525882,0.002700385769395626,-7.056650046657006e-05,0.004339956593277108
2648,2748,2294,0.012118570183086307,0.0013778066682383768,0.01253002649759834,0.003705318221447252,-0.0005158989534579941,0.006960284892816944
2649,2748,2278,0.010359964881474976,0.001031402086871948,0.009749238659790811,0.004214223002633887,-0.0002880920171718915,0.00593498720113919
2650,2748,2290,0.012489082969432313,0.0018273783518900344,0.01136873690597326,0.003973799126637554,-0.000413825243596436,0.005906247624944069
2651,2748,2285,0.013741794310722097,0.0015665546927433158,0.01279265278727972,0.006958424507658641,0.000521033175802618,0.00875211566709869
2652,2748,2281,0.013678211310828583,0.002623332520088594,0.012147127991812438,0.004647084612012274,-0.00040232020333565675,0.006668980421432287
2653,2748,2312,0.013235294117647057,0.002406014771436222,0.013510657226703117,0.003589965397923874,0.0004056559755212423,0.007025974595055801
2654,2748,2304,0.014149305555555554,0.002251431307942754,0.011665358640494101,0.0041232638888888855,4.482014921534842e-05,0.005887912946281739
2655,2748,2321,0.013959500215424383,0.0020174604646752497,0.011183145983310577,0.00870314519603619,0.001797680061918514,0.00882550305782595
2656,2748,2271,0.013210039630118887,0.002246112975555835,0.010808805817708027,0.004931748128577718,0.000497054629335457,0.0061948822513591805
2657,2748,2272,0.014348591549295773,0.002840016250895454,0.012504566399680625,0.004225352112676055,0.00026481296352206027,0.006417921899472734
2658,2748,2281,0.01490574309513371,0.0019427033819469349,0.013367587052890026,0.003989478298991669,-0.0004248101929979213,0.006599206055710146
2659,2748,2312,0.017906574394463665,0.0023035929898697675,0.01603998428624094,0.008953287197231832,0.0015918092821182047,0.010791814114410493
2660,2748,2296,0.011933797909407663,0.0018093555505552677,0.011265503942459305,0.005226480836236932,-0.0002955930595629602,0.0071851505635150284
2661,2748,2306,0.012749349522983518,0.0020069348107452254,0.013319443443211143,0.00503035559410234,0.0005043641087810809,0.008040935636574906
2662,2748,2286,0.017235345581802272,0.002536747682911682,0.015668503692679487,0.006780402449693786,0.0011137997320805504,0.009372957478044864
2663,2748,2306,0.011448395490026016,0.0010608907262579584,0.01119394030927665,0.00316565481352992,-0.0007951233547430397,0.005764423351133762
2664,2748,2326,0.014445399828030952,0.0020463224303764785,0.013538336995691846,0.005202063628546859,0.00021320470349994592,0.0076796134468546115
2665,2748,2295,0.013943355119825704,0.002360180018954678,0.012617223545961679,0.004488017429193897,0.0002840812655691428,0.006719919959924896
2666,2748,2260,0.01221238938053097,0.0014550389666815084,0.010198799430363729,0.004115044247787609,-0.0008097710566202426,0.005440068299506355
2667,2748,2355,0.013503184713375794,0.002730652632906814,0.014689339952288875,0.00492569002123142,0.0006302376583061262,0.008532080387722308
2668,2748,2286,0.009798775153105859,0.0009814555211365874,0.009788300253096696,0.005774278215223095,0.0017041634901863543,0.007306654817315557
2669,2748,2297,0.017849368741837176,0.003780172895154838,0.015855320768904637,0.00583369612538093,0.0012745350326367204,0.008371717169017098
2670,2748,2332,0.01732418524871355,0.003116334865352807,0.016402959944234217,0.005531732418524869,0.0002271549108634687,0.008776487888839427
2671,2748,2302,0.010338835794960899,0.0013373232172250486,0.009880802299583772,0.00204170286707211,-0.0005944590630373846,0.004590179197464938
2672,2748,2307,0.011703511053315992,0.0026454286225639097,0.01006090917948707,0.003814477676636323,0.00017135774112718744,0.005506885322999111
2673,2748,2308,0.011351819757365683,0.002066528671521055,0.011142429581750454,0.0035961871750433247,0.00014179127630746782,0.006056116435075295
2674,2748,2300,0.011739130434782606,0.0013470644674523548,0.012640668153561845,0.0059999999999999975,0.00014502640602792705,0.008680362352065244
2675,2748,2315,0.011663066954643626,0.0020549828670156983,0.010496266328909837,0.0047948164146868226,0.000933670617477707,0.006446810940965938
2676,2748,2314,0.017458945548833187,0.003212222925368668,0.014667032376769024,0.008254105445116679,0.0023312446806306505,0.009636453268023822
2677,2748,2285,0.010415754923413562,0.0011008722440105628,0.009510401452028012,0.0035010940919037183,-0.0004311663778587323,0.0052699057550794305
2678,2748,2307,0.015604681404421323,0.0028345806323180384,0.015414906021309292,0.003944516688339833,-0.00023810068503893363,0.007475017702578608
2679,2748,2305,0.013188720173535787,0.0021121842169522934,0.010364604947520896,0.0053362255965292826,0.0007683717176207971,0.006300950596891979
2680,2748,2319,0.012850366537300558,0.0013643778842093864,0.013618052458957244,0.005605864596808968,0.0008230501416871864,0.00856223742192332
2681,2748,2307,0.011790203727784998,0.0015351267908785,0.009902790443806304,0.0017771998266146493,-0.0009362556937188947,0.0037928084412081403
2682,2748,2316,0.011658031088082898,0.0016638447351206905,0.009954997817292002,0.0029792746113989623,-0.0005070246349878463,0.004878884196064367
2683,2748,2324,0.016265060240963854,0.0031980910246751327,0.014710114099768917,0.005550774526678139,0.00021520128517395483,0.008114783102319506
2684,2748,2291,0.011785246617197728,0.0014309641277188536,0.011272060585540948,0.005325185508511564,-0.0001604203200023582,0.007152355109237821
2685,2748,2287,0.011543506777437687,0.0013254621293943307,0.011813379537390402,0.005115872321818975,-0.0007898608560683328,0.007374037043688585
2686,2748,2286,0.015485564304461939,0.002185104800755385,0.01414884975698913,0.004549431321084862,-0.0002927386424896554,0.007375975258269812
2687,2748,2310,0.014458874458874456,0.002583564698678499,0.012435143949758162,0.003636363636363634,-0.00015824606096730126,0.005844263821495318
2688,2748,2291,0.016412047140986465,0.0024814252555496728,0.01503941101243768,0.006678306416412045,0.0018353514765256417,0.008935762810119789
2689,2748,2285,0.015229759299781178,0.003005200537568092,0.013441600407956264,0.004507658643326038,0.0005492453666635731,0.007007306495378574
2690,2748,2351,0.017864738409187578,0.0031631414774862918,0.017720281977223883,0.005444491705657166,0.00028987413623413045,0.00939172806679581
2691,2748,2301,0.015210777922642327,0.0027812969886494613,0.013342063098440606,0.00677966101694915,0.0011275261545643318,0.008436653582308317
2692,2748,2311,0.018087408048463864,0.0033115472385033267,0.017500492103709395,0.007399394201644307,0.0012801522121446078,0.010657457885847979
2693,2748,2311,0.0133275638251839,0.0013525618817379187,0.013622783160096302,0.00579835569017741,0.00046228634272858326,0.008505493315782008
2694,2748,2301,0.014341590612777051,0.0021565834027094063,0.01328967174397866,0.004693611473272488,-0.0003095972567538438,0.007179160704364948
2695,2748,2289,0.01424202708606378,0.002112636379723349,0.013259984245631412,0.005373525557011793,0.0006830654453494991,0.0076930325806348916
2696,2748,2307,0.013350671868227132,0.0024473565345858607,0.013066297011632946,0.004638058084091893,0.0005741131092063222,0.007533698552304283
2697,2748,2331,0.012269412269412264,0.0017043940380201037,0.01040355132837764,0.004204204204204203,0.00018193900239156456,0.005774458438267242
2698,2748,2270,0.0092511013215859,0.0007333654036287719,0.009189066166259125,0.005462555066079293,0.0009098522039429121,0.006966410013464795
2699,2748,2289,0.013018785495849713,0.0014654490202355194,0.012251176409819667,0.004587155963302749,-0.00021304879236866547,0.0068998523254474925
2700,2748,2319,0.016300129366106076,0.002532628859879702,0.017172603197899226,0.006209573091849933,0.000855927654870997,0.009856286197173176
2701,2748,2287,0.012330564057717533,0.0020775385325762265,0.010975048169511992,0.003629208570179273,0.0005599726837154112,0.005713780356933409
2702,2748,2317,0.014501510574018125,0.0022284065901501853,0.012828081064439514,0.0037980146741476025,-0.0005164509310123796,0.0062418857425486675
2703,2748,2284,0.010683012259194392,0.001283982762123016,0.008042572326638723,0.005429071803852887,0.0005304781235812224,0.005491337819690873
2704,2748,2316,0.015371329879101897,0.0025677276967088687,0.014855789292242478,0.005785837651122623,0.0009240607529359804,0.008617692393546685
2705,2748,2317,0.012084592145015102,0.002300916802512229,0.009646559890273819,0.0026327147173068615,-0.0006359535502031804,0.00401373411360031
2706,2748,2275,0.01213186813186813,0.0018104104443480453,0.011985800026264787,0.003824175824175822,-0.00026739743818452843,0.006557272774655371
2707,2748,2300,0.014695652173913042,0.0024687976544031528,0.014253242454020359,0.00643478260869565,0.0007596468877218542,0.00900924040249846
2708,2748,2273,0.010734711834579847,0.001350333226020339,0.010335418070008894,0.006467223933128023,0.0009753454278414662,0.007814605812406025
2709,2748,2330,0.01339055793991416,0.0020287762618639974,0.013678908036228985,0.004978540772532188,0.0004714031680605121,0.007963621924273554
2710,2748,2292,0.015008726003490397,0.0027021926397160136,0.015071090498643578,0.005017452006980801,0.0005700555218442004,0.008268874072256899
2711,2748,2307,0.014911140008669263,0.0023452005441173406,0.01333564182987188,0.005981794538361506,0.0003068087389554921,0.00792681674431328
2712,2748,2281,0.011661551950898727,0.0018556868704579618,0.009297805459675854,0.005173169662428757,0.00019341381179814037,0.005907138880794805
2713,2748,2306,0.013963573287077185,0.0023479970702852977,0.012034694324120509,0.005247181266261923,7.687851479538865e-05,0.0069190166259595854
2714,2748,2279,0.014918824045634048,0.002616578241744093,0.014187537599908526,0.0050899517332163215,0.0005719670450433303,0.007886270465568418
2715,2748,2287,0.015303891560996936,0.002063426031098785,0.01432162730823335,0.005859204197638826,0.0003146165453881214,0.008274315312189817
2716,2748,2298,0.01322889469103568,0.002435810429434992,0.012014569730167879,0.0048738033072236705,0.0004752709251255076,0.007031875378073285
2717,2748,2298,0.012010443864229763,0.0018822922433201028,0.010205341401953463,0.0046997389033942545,-0.0005702054878811752,0.005932230730133366
2718,2748,2308,0.01013864818024263,0.0008605858068323591,0.007510869279379951,0.005762564991334487,0.0008448700988891136,0.005437316901214196
2719,2748,2321,0.015769065058164583,0.003095563101877729,0.013282817952968278,0.006247307195174493,0.0009056270384790456,0.007819357373094521
2720,2748,2312,0.015224913494809684,0.0029368933791824215,0.013731540393218448,0.004455017301038059,0.00044532126204033885,0.006880612975838203
2721,2748,2278,0.015539947322212463,0.0025795822604329746,0.014465399191167537,0.006716417910447759,0.0016059795127140839,0.00899057890056951
2722,2748,2305,0.013275488069414313,0.0018965535300676415,0.011097328489202718,0.0033839479392624716,-0.0003143292069734166,0.005105268677879564
2723,2748,2340,0.011965811965811963,0.0019183824838651462,0.00932831763894303,0.004273504273504272,1.5343649685663254e-05,0.005180065790363511
2724,2748,2290,0.013537117903930126,0.001666736076988314,0.012887516889063434,0.003668122270742356,-0.0008704824815526094,0.0065580673017876095
2725,2748,2304,0.01267361111111111,0.0020209116773473985,0.011070467178428887,0.005468749999999998,0.001635787925777592,0.006919885957364494
2726,2748,2317,0.015451014242555024,0.002216743602122543,0.014034890770015412,0.005869659041864477,9.802652051969045e-05,0.00812073475042292
2727,2748,2309,0.017236899090515373,0.0029485226753208096,0.015564671383150227,0.00502381983542659,-9.684626183368977e-05,0.008040501881898218
2728,2748,2320,0.016465517241379304,0.002689158968450204,0.013924520357948111,0.005775862068965515,0.0008217884300230076,0.007671106101254624
2729,2748,2320,0.013879310344827584,0.0028401945337054044,0.014318410259634816,0.0046120689655172395,0.000799352106349721,0.008017263924663048
2730,2748,2328,0.012800687285223364,0.0025378240316522634,0.009413551482295578,0.005412371134020616,0.0006090820359398976,0.005793921520904139
2731,2748,2341,0.014780008543357537,0.002922520569182788,0.013085852758534371,0.00640751815463477,0.0014420220015391794,0.008157022134712564
2732,2748,2311,0.014192990047598438,0.0021911499557947215,0.012045484028222498,0.004543487667676329,0.0005048075425260207,0.006409625570415563
2733,2748,2270,0.013744493392070482,0.0028281217702307787,0.013257084165433556,0.004140969162995593,-0.0002040417549340034,0.007093522499082041
2734,2748,2307,0.013350671868227132,0.0025492462234604192,0.01046311569949461,0.004898136107498915,0.0005752953403799504,0.005947516619442276
2735,2748,2259,0.0148738379814077,0.0027860152859142647,0.012489275643594677,0.0025232403718459476,-0.0007799002868796008,0.004988578918340092
2736,2748,2279,0.012022817025010965,0.0012355830318191744,0.013092902459244927,0.003334795963141727,-0.0011019046800562083,0.006841737172307713
2737,2748,2307,0.011790203727785,0.0019267275159608823,0.009657371261407513,0.006285218899003033,0.0006795109167082161,0.006889148998396998
2738,2748,2293,0.016833842128216307,0.002961067408967572,0.01676339088780682,0.0035761011774967273,0.0002932342437358289,0.0077559118002504274
2739,2748,2307,0.01473775465973125,0.0022318779642510984,0.01401627016029906,0.005504984828781966,0.0005771678995223107,0.008182960861616725
2740,2748,2303,0.015371254884932696,0.0030149013355192907,0.013601008158693932,0.00447242726877985,0.0002010027687123542,0.00691641138299835
2741,2748,2282,0.011919368974583695,0.0015000692417307076,0.011453986312428133,0.004557405784399647,8.650806680278145e-05,0.006728888828356572
2742,2748,2267,0.01243934715483017,0.002364751736974741,0.011820172793260844,0.004764005293339213,0.0006443171393355743,0.006961487877228879
2743,2748,2315,0.012872570194384444,0.0025530072612410274,0.012843424591081181,0.00444924406047516,-7.91895310684743e-05,0.007405405264295408
2744,2748,2329,0.01305281236582224,0.0018215297751704189,0.011314464361277456,0.0035208243881494185,-0.0005874062699202689,0.005452207966580851
2745,2748,2317,0.010789814415192056,0.0014829038455209124,0.009600337179260498,0.005135951661631418,0.0009667610938701343,0.006476967360891965
2746,2748,2259,0.013545816733067725,0.0023866302830694865,0.012833535609403243,0.005489154493138555,0.000287839099086833,0.0077719187456923265
2747,2748,2299,0.013397129186602868,0.0015737038176477098,0.013364708110241163,0.008220965637233577,0.0009992825277708398,0.01020392342414676
2748,2748,2325,0.010924731182795697,0.0012968448215578353,0.009048728743667708,0.0038279569892473095,-0.00047908966974884984,0.0051707790237347515
2749,2748,2311,0.014366075292081348,0.002299570068188328,0.011949245512582281,0.0049762007788835974,0.0007551303281818424,0.0064787288751499954
2750,2748,2284,0.011033274956217158,0.0002754223836021702,0.010678289274413007,0.005166374781085812,-0.0006944490345753764,0.007022884248905123
2751,2748,2320,0.013103448275862068,0.0021853096271320037,0.011721102865200098,0.004137931034482756,0.0003725191902854904,0.006301983324368293
2752,2748,2302,0.009035621198957426,0.0006543741542967991,0.009007060034813724,0.005864465682015636,0.0009398200402536773,0.00691532930032142
2753,2748,2294,0.01325196163905841,0.002098791702461867,0.014082958461115857,0.004664341761115953,0.00020735149572894337,0.008164752528344385
2754,2748,2341,0.01290046988466467,0.0018919593293985318,0.01154257762834132,0.0054677488252883365,0.0004966512794123377,0.007198351711538017
2755,2748,2328,0.017268041237113396,0.004251675514581212,0.01625921156940324,0.004553264604810995,0.0006311208833284153,0.008108343144859448
2756,2748,2292,0.014310645724258289,0.0019487090931417643,0.011529748249580868,0.005671902268760905,0.0010805939226817103,0.00680350790671574
2757,2748,2283,0.016031537450722732,0.002999504671767203,0.014322266101652175,0.005781865965834427,0.0008330926175397791,0.008093601794845647
2758,2748,2331,0.01158301158301158,0.0017457926970763094,0.011445198328149412,0.0028743028743028727,-0.0009314065345866335,0.005686683335864454
2759,2748,2315,0.015377969762419005,0.0021637246756769854,0.01584643981135474,0.005788336933045355,0.00030142442507336784,0.009210771674025052
2760,2748,2308,0.013951473136915074,0.0021942303444208162,0.013737498091244662,0.0036828422876949716,0.00017099980999818918,0.007035812681937049
2761,2748,2304,0.013888888888888886,0.0021977424563333734,0.013174856635148915,0.004470486111111109,-9.371820591705301e-05,0.007335828019718668
2762,2748,2341,0.008628791114908156,0.0008416102680309541,0.00881776338056411,0.004912430585219989,0.0007597789010417571,0.006452466878351084
2763,2748,2325,0.016430107526881715,0.0025068448183614865,0.014367911916445023,0.006709677419354836,0.0008093792439620634,0.008590285802224094
2764,2748,2307,0.011356740355439963,0.0022430978603713526,0.010441332204295918,0.004291287386215863,0.00032325828925837185,0.006221002028425119
2765,2748,2339,0.01701581872595126,0.0030557712209858916,0.01703516722127658,0.008251389482684907,0.0017101684491084028,0.01115154706775067
2766,2748,2287,0.00883253170091823,0.0011521587201634741,0.009478837278590719,0.0030607783121993862,0.00010625723583663703,0.005530332910821351
2767,2748,2300,0.015652173913043473,0.0023786683036766715,0.013302205669001244,0.006043478260869563,0.00028110472513278196,0.0077495144444297915
2768,2748,2323,0.013947481704692205,0.001541095259743611,0.013327515651126606,0.00507963839862247,-0.00011506958114429685,0.007672192732889096
2769,2748,2288,0.014510489510489506,0.002574203622096099,0.013093707024707097,0.004589160839160837,0.0010428429195917534,0.006904970141328285
2770,2748,2298,0.013664055700609221,0.0017101623845383314,0.01356954467343164,0.005961705831157527,0.0010100583104176084,0.00848665100888141
2771,2748,2311,0.012808308091735178,0.0014326017310714832,0.011443551506997175,0.006966681090437038,0.0013159387092172591,0.008107777759444119
2772,2748,2323,0.016788635385277657,0.0027708625187721856,0.015905137550652627,0.008308222126560481,0.0017541555441743363,0.010677520256460411
2773,2748,2326,0.012897678417884778,0.002066962727196557,0.012246424183280495,0.004170249355116077,2.4928780911225688e-06,0.006754624450954198
2774,2748,2331,0.01098241098241098,0.0015567093227215254,0.011274034296976258,0.005190905190905188,0.00038239997973289877,0.007384362432579712
2775,2748,2305,0.01249457700650759,0.001839802034520317,0.011898083385500592,0.002776572668112796,-0.0006606263497313168,0.005664395572953158
2776,2748,2316,0.01563039723661485,0.0026872479478650796,0.012813810838410529,0.007469775474956819,0.0011668645243208301,0.008439603121504354
2777,2748,2318,0.014322691975841241,0.0023558719088932587,0.013522423694962472,0.005996548748921482,0.0004715354267663645,0.008112654602058109
2778,2748,2294,0.01586748038360941,0.003273513239680892,0.014489530593848526,0.006931124673060155,0.0013878882047667484,0.009074802164266382
2779,2748,2300,0.009826086956521736,0.0012334478438095849,0.010016182081969128,0.005086956521739129,0.0015248804933921764,0.007087311271277412
2780,2748,2300,0.01460869565217391,0.0025804543863765183,0.011651541660797893,0.006086956521739129,0.001247415719515102,0.0071542699723701605
2781,2748,2279,0.01623519087318999,0.002761049295974612,0.014069115305947535,0.008117595436594995,0.0011750702804480865,0.009409363623994131
2782,2748,2311,0.01488533102553007,0.003574658948268621,0.013713222664412621,0.006101254868022499,0.0011514653078007664,0.00846949371946393
2783,2748,2298,0.009921671018276762,0.000942813034065977,0.009174513247795954,0.002306353350739772,-0.0006927854126958376,0.004369679645302893
2784,2748,2300,0.013130434782608693,0.0014290564986672314,0.014002388969137603,0.006565217391304346,0.0004987198299189279,0.009395918197872053
2785,2748,2305,0.015010845986984813,0.0031466912153252443,0.010862046584027374,0.0032971800433839464,-0.0008287973432972253,0.004414927535042753
2786,2748,2291,0.013094718463553031,0.0018850508599801959,0.011374239620248628,0.005194238323876035,-7.303009056822346e-05,0.006708260366311422
2787,2748,2305,0.009370932754880691,0.0004926101640562833,0.009134428255245687,0.005162689804772232,0.00030682203569426763,0.006436933199241886
2788,2748,2296,0.017073170731707315,0.0028378152945154203,0.015139592551961433,0.006141114982578396,0.0005616874469883016,0.008527575813483294
2789,2748,2289,0.013630406290956748,0.002694709060405471,0.01411582757845691,0.005024027959807774,2.9645055262734067e-05,0.008157498111903506
2790,2748,2325,0.013161290322580642,0.0015681895003226498,0.013576173536360989,0.005978494623655912,0.0008361116496884844,0.008625009165013292
2791,2748,2341,0.011618966253737716,0.0010505404964187921,0.011370971178926931,0.00508329773601025,-7.78355537250951e-05,0.007412318844649172
2792,2748,2346,0.0092924126172208,0.0011137848571975354,0.009906480557141823,0.0046462063086103985,-0.00016216981184207535,0.006770710563017317
2793,2748,2275,0.016791208791208788,0.0031698069304040427,0.01599788159799299,0.004395604395604394,0.00013828292701349913,0.00787484373398634
2794,2748,2254,0.012333629103815438,0.0019100868649785285,0.011242518517579512,0.005944986690328303,-0.00017986740395051337,0.007436847842751587
2795,2748,2282,0.014285714285714284,0.0023786904001587774,0.013739197040838298,0.004557405784399647,0.00034850556129214626,0.007450156135631649
2796,2748,2276,0.014762741652021088,0.0022169813954462337,0.013404252472206885,0.005667838312829524,0.0012800213201444948,0.007774355094799877
2797,2748,2301,0.016601477618426768,0.0028629985093398163,0.013754935076842298,0.007040417209908734,0.0013609938049651926,0.008399590629202073
2798,2748,2288,0.012325174825174822,0.0013464549178609487,0.012265755019281458,0.00533216783216783,-5.85823680996758e-05,0.007735201773603279
2799,2748,2279,0.011584028082492318,0.0012210426164043955,0.009408786393970425,0.0058358929354980224,2.1138661924709004e-05,0.006418962133305478
2800,2748,2274,0.01723834652594547,0.003546101582736665,0.01656013128664698,0.007783641160949866,0.0013935574349081899,0.010460197196907646
2801,2748,2284,0.01453590192644483,0.0024799969389012037,0.014497893993250514,0.005691768826619962,0.0008382573345549414,0.00878014048947191
2802,2748,2302,0.011815812337098174,0.0015949892906676271,0.008951292225100107,0.005082536924413551,0.000888589760042761,0.005526041546428414
2803,2748,2275,0.012571428571428568,0.0022450163386842554,0.010538059841607574,0.0026813186813186792,-0.0012472104597465563,0.004546884251803799
2804,2748,2295,0.01315904139433551,0.001909793314621156,0.010901506283307843,0.0034422657952069696,-0.0005077516775515655,0.005162465564937782
2805,2748,2305,0.013188720173535787,0.0018141503250898247,0.01198631246453329,0.005596529284164859,0.0004057578263990351,0.007495043936470341
2806,2748,2310,0.012813852813852812,0.0019168669983712886,0.010556701913103959,0.004805194805194803,0.00032440078834974526,0.005929667435089992
2807,2748,2284,0.010945709281961468,0.0013238992703343108,0.010006639663974881,0.0018826619964973717,-0.0015545638324065802,0.004195412875171909
2808,2748,2292,0.013438045375218147,0.0019348270816720936,0.013519622066213216,0.002966841186736473,-0.0007663509576089886,0.006521533335582924
2809,2748,2298,0.012880765883376846,0.0014190875429155483,0.0113694104776114,0.0030026109660574395,-0.001497098110332481,0.005192718683534733
2810,2748,2309,0.0148116067561715,0.002462609418534286,0.013700116786194004,0.0032914681680381096,-0.00017883966861638253,0.006409983910372495
2811,2748,2294,0.01455972101133391,0.0024234132790458707,0.013465326840493466,0.0037489102005231027,-0.00017100840864974525,0.006671899416402049
2812,2748,2317,0.013724643936124294,0.0024020344658082717,0.011208028072686987,0.004661199827362967,0.00036919560440157193,0.005994737989746339
2813,2748,2300,0.01095652173913043,0.0015181416583037058,0.009921701711715006,0.003565217391304346,-0.0002997219706469488,0.005403653270859965
2814,2748,2320,0.010948275862068962,0.0010417765550194105,0.00956237969796883,0.005344827586206894,-3.090899854827834e-05,0.006409684444970486
2815,2748,2322,0.01507321274763135,0.0023764683938579285,0.011897591890824668,0.004263565891472866,6.161854094207846e-05,0.005808349825329982
2816,2748,2280,0.013245614035087717,0.0022202039206852316,0.013158523394574611,0.004210526315789472,7.250034808142938e-05,0.007195243327119683
2817,2748,2333,0.011744534933561934,0.0015227409982510088,0.010580950332339538,0.0054864980711530195,0.0004445339562600975,0.006941316775138467
2818,2748,2313,0.01599654128837008,0.002610342724689483,0.015165908032983726,0.005361003026372674,0.0004203726810206892,0.008433949872672052
2819,2748,2333,0.015087869695670806,0.00322791875567078,0.013487680264938174,0.00304329189884269,-0.00011647675627134558,0.006063800175349932
2820,2748,2317,0.010099266292619764,0.0008556346885890258,0.007652868265494039,0.0037980146741476025,-0.00044957920675921535,0.004516112365554145
2821,2748,2283,0.014191852825229957,0.0014576058587712165,0.012849053535177127,0.0055628558913710015,0.00021929505121116958,0.007714085892764376
2822,2748,2324,0.013339070567986229,0.0024079330578035975,0.012692683355385977,0.006712564543889844,0.0014907678986638168,0.008678791684474932
2823,2748,2281,0.013415168785620338,0.0024411867777033116,0.012235805480114206,0.003112669881630862,-0.0006533800755501906,0.005642128870194597
2824,2748,2268,0.01622574955908289,0.0027003250295859625,0.015010270013706117,0.0063492063492063475,0.0006869004162502724,0.008795607399137116
2825,2748,2306,0.010667823070251515,0.0015738849021260542,0.00903730311605596,0.003902862098872505,0.00021721866234553276,0.005292262732000366
2826,2748,2323,0.013172621609987082,0.0021236002645339327,0.012484651802608802,0.0061558329746018055,0.0004164566079393963,0.008100527857348265
2827,2748,2308,0.012218370883882147,0.001473016032099112,0.010856206272052265,0.004376083188908143,-0.0008208968159649849,0.006182226984159128
2828,2748,2292,0.01221640488656195,0.0014718700329216458,0.012300207414078735,0.0037958115183246055,-0.0009514217356471653,0.006760576324320065
2829,2748,2302,0.016072980017376188,0.0031751255255276457,0.013080897034393637,0.008036490008688096,0.002288121404541443,0.008934219344497434
2830,2748,2310,0.015151515151515148,0.0021702622656567553,0.013552964880555922,0.005324675324675322,0.0005322376883850767,0.0074762398159070745
2831,2748,2289,0.008824814329401484,0.0007157120788600692,0.009767245208712468,0.0040629095674967215,0.00022840245554423,0.006263769513748523
2832,2748,2290,0.015283842794759823,0.0028522000614058015,0.013274036521058135,0.004061135371179038,-8.594373818116599e-05,0.006451649428994138
2833,2748,2312,0.012543252595155707,0.0022811637512625224,0.012127551251175192,0.0073961937716262955,0.0022260060269944128,0.00913906534083882
2834,2748,2296,0.01141114982578397,0.0021856220027417924,0.009333159306914836,0.0028310104529616705,-0.0008747385494158285,0.004440545385385136
2835,2748,2300,0.013043478260869563,0.0017690879778059863,0.01306040982711189,0.004782608695652172,0.0005550400988910457,0.007721109833151904
2836,2748,2331,0.013299013299013295,0.002366467570656156,0.011203184745388315,0.0057915057915057895,0.0008224724306736756,0.00694316601633566
2837,2748,2313,0.01616947686986597,0.0029153540401129175,0.01445610448898454,0.0076523994811932535,0.0008674121504642239,0.009408249183423019
2838,2748,2298,0.01209747606614447,0.0022733907357981357,0.009581318819089118,0.0061357702349869436,0.0008476480990611823,0.006652923149352633
2839,2748,2329,0.011163589523400599,0.001480104640062858,0.008569451301326903,0.0067410905968226685,0.0007906494520973699,0.006765733894356824
2840,2748,2332,0.0160377358490566,0.003381349849119999,0.01459518302292854,0.0035591766723842176,-0.000426859572227168,0.006596738644841873
2841,2748,2332,0.014665523156089188,0.0018625725274460604,0.015172503640135,0.0062607204116638055,0.000677139310246327,0.00941117368241786
2842,2748,2277,0.014756258234519102,0.002255917181517894,0.01215856730526422,0.005797101449275361,0.000790357927543163,0.007078368086741045
2843,2748,2317,0.01217091066033664,0.0017366661828131912,0.011260106394094962,0.0022011221406991782,-0.0012828069452720308,0.004758482138402234
2844,2748,2313,0.012278426286208385,0.0023774959932101815,0.01095781068980449,0.004798962386511023,0.00030962774128650655,0.006466093203860308
2845,2748,2323,0.01773568661213947,0.0030177422720269425,0.017145441911188043,0.005682307361170898,0.0005390610899491459,0.00916460731285502
2846,2748,2322,0.010335917312661496,0.0009370989759680898,0.010606813019865487,0.002067183462532298,-0.0006936625438779612,0.004982583607994676
2847,2748,2282,0.013321647677475896,0.0017186790883236967,0.011876440311891034,0.004338299737072741,-0.0004907458277585232,0.00645673246957826
2848,2748,2328,0.011597938144329892,0.0017961282975990475,0.009856641303956953,0.0027061855670103075,-0.001070277458899329,0.004502173859296959
2849,2748,2324,0.012134251290877793,0.0017380420800617294,0.010466805159994397,0.0046041308089500846,-0.0001465287623385998,0.005993465591012595
2850,2748,2310,0.013160173160173158,0.0016192597437321788,0.011458906546167904,0.0033333333333333305,-4.8187764767037016e-05,0.005700402895993259
2851,2748,2285,0.0161925601750547,0.002935856508115625,0.015270093619162354,0.006914660831509844,0.0016777453720597973,0.00938278953520515
2852,2748,2315,0.015377969762419005,0.0029429235266533148,0.014781236294959282,0.005745140388768896,-7.676299798393357e-05,0.008602144343447107
2853,2748,2358,0.010771840542832907,0.001474913083640485,0.010855136480901603,0.0032654792196776914,-0.0009347814010604831,0.005808542332675246
2854,2748,2295,0.017603485838779954,0.003157166271001223,0.013391907370776123,0.00915032679738562,0.0023095099229072037,0.00928667165236773
2855,2748,2289,0.01703800786369593,0.00316079267755349,0.015784798989514445,0.005810397553516817,0.0008955168026736151,0.008712166006918933
2856,2748,2291,0.011436054124836312,0.0007457076303617006,0.010535282522151282,0.004626800523788737,-0.0005481291235857461,0.006462260419338987
2857,2748,2317,0.011998273629693567,0.0012850074312095513,0.012725408979181313,0.004704359085023735,-0.00020600681045256037,0.007729927851264948
2858,2748,2300,0.015391304347826084,0.0029023378438865098,0.014208577330640364,0.0055652173913043465,0.0008216557066402021,0.008253853569195183
2859,2748,2310,0.016017316017316013,0.002148849239627848,0.01592914389782389,0.0066666666666666645,0.00023432746980911947,0.009823483468359921
2860,2748,2287,0.012068211630957584,0.0021020387598242028,0.010016745470902696,0.0059466550065588085,0.0007370119801810052,0.006773516799868431
2861,2748,2286,0.012773403324584424,0.0012205769923531447,0.013231811874297717,0.004811898512685913,0.00023187953348169328,0.007773871211520264
2862,2748,2318,0.0177739430543572,0.00335249892308599,0.014691319924195683,0.0044434857635893,0.0001230398242556099,0.006776651081675203
2863,2748,2307,0.014824447334200255,0.002345037349865816,0.01312309797840248,0.005418292154312959,0.0006985784479198935,0.007517109518875174
2864,2748,2318,0.009922346850733389,0.001294175437597988,0.008481485967692683,0.004400345125107849,0.00045272654441862745,0.005594387258011261
2865,2748,2300,0.013913043478260867,0.0025672576949530034,0.013678546286651926,0.0065217391304347805,0.0009234052797358317,0.00895660857269254
2866,2748,2299,0.015311004784688994,0.002817202339758976,0.013000307744262245,0.004567203131796432,-0.00016465185028747265,0.006560774042578324
2867,2748,2313,0.012019022913964544,0.001337486489490865,0.010659972006035582,0.005058365758754862,0.00016512108268813678,0.006555250354419089
2868,2748,2281,0.01385357299430074,0.002858819609463526,0.010729241226606805,0.0042963612450679515,0.0005568102741526965,0.005444072382693927
2869,2748,2311,0.012808308091735178,0.0015103160130626677,0.011819683127978847,0.004543487667676328,-0.00011664356317576985,0.006596465929152264
2870,2748,2285,0.01260393873085339,0.0018219713143895848,0.01062253528426331,0.004551422319474835,1.235681969994446e-07,0.00609095282126802
2871,2748,2316,0.009499136442141622,0.001177055507640526,0.007191659068689971,0.0039723661485319495,-0.0002625623260845248,0.004260655484296023
2872,2748,2271,0.011536767943637161,0.0016482428615840375,0.009745174071127337,0.005284015852047554,1.9889756503638954e-06,0.006237058882762921
2873,2748,2295,0.01185185185185185,0.0006219920271614914,0.013030008430150173,0.004618736383442263,-0.00024564774981395907,0.007722246378788447
2874,2748,2283,0.015418309242225137,0.0028919036811786065,0.012016575578304106,0.003635567236092859,0.0006098129399823706,0.005194792868208641
2875,2748,2319,0.009228115567054761,0.0014930074334942053,0.00901329747466823,0.004657179818887449,0.0004381366925560056,0.006110672211655826
2876,2748,2290,0.01283842794759825,0.0016599847773315962,0.01059197134414303,0.00410480349344978,-0.0004125383237264532,0.005416343578670056
2877,2748,2298,0.012097476066144471,0.0016923376052129181,0.011944505043454434,0.005265448215839858,0.00046398525052796527,0.0074950062216930504
2878,2748,2317,0.014242555028053515,0.0026229509568922514,0.013018310051319022,0.006905481225722916,0.0012141560518218822,0.00856395598973645
2879,2748,2315,0.014600431965442763,0.0019395569393920774,0.013033988267761183,0.005529157667386607,0.0005756620327167337,0.007486831349446311
2880,2748,2317,0.011911955114372031,0.0018959551548767529,0.011732996456212688,0.005265429434613723,-0.00018520160545195668,0.007453868328308681
2881,2748,2324,0.012048192771084335,0.0017620505663627957,0.012258541153214921,0.004432013769363165,0.00023340912557178825,0.007032676085497403
2882,2748,2314,0.011235955056179771,0.0014792178956328135,0.010025699715725913,0.002592912705272255,-0.0010553118210492743,0.004552385149105088
2883,2748,2310,0.0148051948051948,0.0025601259733083956,0.01307279886545357,0.005367965367965366,0.00038623475904199067,0.0073311966131969
2884,2748,2303,0.011723838471558834,0.0009309612372907472,0.013714579325830908,0.004559270516717323,-0.0003647942012010394,0.008234106382432972
2885,2748,2309,0.015591165006496316,0.003149990014893119,0.014223131419370306,0.005413598960588998,0.0009819735125244685,0.007970340889673806
2886,2748,2302,0.015986099044309292,0.0018958141679638228,0.016096619951236544,0.005560382276281492,-6.3895916574061924e-06,0.008973381168441784
2887,2748,2286,0.014610673665791772,0.0028769064221026235,0.013479289267024297,0.005074365704286962,0.0002638500426727664,0.007341288666516626
2888,2748,2305,0.009457700650759215,0.001139899405157817,0.009271600059775531,0.0043817787418655085,0.00039640709705506655,0.006177081141499629
2889,2748,2316,0.009671848013816924,0.0011550499968891986,0.009505745763698475,0.003151986183074264,-8.304936750580646e-05,0.0054117568655693985
2890,2748,2319,0.017593790426908146,0.0033636924728617655,0.014696255155065304,0.005993962915049588,0.0008582319692066118,0.00805722236376602
2891,2748,2336,0.016181506849315068,0.0031737880282672764,0.013798480522541515,0.004794520547945204,0.0007644945791749157,0.006940176619489342
2892,2748,2330,0.01562231759656652,0.003088908436361072,0.014506328351006523,0.0035193133047210284,-0.00041823861635007837,0.006920907774110506
2893,2748,2307,0.012917208495882097,0.002360117332390634,0.013317104658094558,0.006762028608582572,0.0009900157150459145,0.009293005661631026
2894,2748,2285,0.011728665207877461,0.0017955016233076198,0.010494220576144646,0.005251641137855577,0.0007683927737690911,0.006807234635761221
2895,2748,2266,0.01606354810238305,0.0023053101560222165,0.014418608472151142,0.00551632833186231,0.00039493646241359117,0.007703685136895468
2896,2748,2297,0.009838920330866346,0.0011204750780054041,0.0077809280451279494,0.0037004788855028283,-0.0006135353660465568,0.004477007533600337
2897,2748,2318,0.014063848144952543,0.0023369306827445905,0.012112575534389608,0.004616048317515098,7.399739681502557e-05,0.006531357488631171
2898,2748,2288,0.013024475524475521,0.0022164621318296945,0.01180531600280119,0.0030157342657342635,-0.0002529863257021127,0.005612631566023532
2899,2748,2313,0.013316039775183744,0.0030590825685466944,0.01220490680600069,0.004150453955901424,0.0005862577756517935,0.006502069610985673
2900,2748,2299,0.013049151805132664,0.002059158907665403,0.013204819804054871,0.004610700304480207,0.00012736449674032935,0.007680603404021108
2901,2748,2322,0.011197243755383288,0.0012805614683084712,0.009706265158449365,0.0037898363479758807,-0.00038740860947189114,0.005308244190659634
2902,2748,2308,0.014904679376083186,0.0015212232671305964,0.013945828158991043,0.0047227036395147285,-0.0006933585724188939,0.007282395479028589
2903,2748,2337,0.01394950791613179,0.0020969287673833947,0.012949348701013844,0.005691056910569103,8.827320884709125e-05,0.007789804260067703
2904,2748,2320,0.011465517241379309,0.0011134330592785992,0.011083743502454179,0.004224137931034481,2.0589011456412925e-05,0.006292032319729411
2905,2748,2300,0.01260869565217391,0.0023720430994271288,0.011070900657042712,0.005782608695652171,0.0009471310492513925,0.006977599485429122
2906,2748,2284,0.011733800350262696,0.0016794012340174338,0.01082808164039052,0.005516637478108579,0.0004944399564925203,0.007086385690936004
2907,2748,2319,0.01699008193186718,0.002656897933789151,0.014731899357216098,0.004700301854247519,3.4881372473204786e-05,0.007345062620729677
2908,2748,2298,0.014012184508268057,0.0025489739399138763,0.013245565940655919,0.00404699738903394,-0.00027429728713968535,0.006878987616934712
2909,2748,2287,0.01128115435067774,0.0009278760408454127,0.010180523400264286,0.00529077393965894,3.085810597694262e-05,0.0066489829615248575
2910,2748,2321,0.013787160706591983,0.002666030933614035,0.012940555157217192,0.0061180525635501914,0.0005676969597060575,0.008289535117339509
2911,2748,2289,0.014766273481869811,0.002261554675688395,0.01568460654404078,0.0063783311489733485,0.0012922128888776699,0.009760500960306753
2912,2748,2298,0.013664055700609221,0.0025186209133570858,0.012365684916296296,0.0069625761531766734,0.0014477334571209432,0.008403615522136195
2913,2748,2284,0.01409807355516637,0.003192165593134365,0.01282407304159391,0.004115586690017511,0.00047610682009335397,0.0066761543307556495
2914,2748,2293,0.013519406890536411,0.001965623564260737,0.012467857137556672,0.005407762756214564,0.0004385863659523806,0.007497227682794235
2915,2748,2284,0.016637478108581433,0.003180087305774993,0.015168280510552207,0.005604203152364272,0.0005189946784324929,0.008237078583268394
2916,2748,2296,0.014808362369337975,0.002510088068996314,0.014395684497930918,0.005836236933797908,0.001116289767853136,0.008704146086588049
2917,2748,2307,0.012657130472475074,0.0021875483531806905,0.009202136197692811,0.0047680970957954035,0.00013811490270212534,0.005129928568293899
2918,2748,2336,0.014297945205479449,0.003199238753832242,0.013472104260003871,0.004109589041095888,7.196491673987854e-05,0.006768539852617646
2919,2748,2287,0.01442938347179711,0.002611680045123011,0.012394698853531618,0.0074333187581985104,0.001017734855467601,0.008530331742012285
2920,2748,2332,0.01552315608919382,0.0023434118280325038,0.015252842441348623,0.006346483704974269,0.0005912313914925133,0.009258336231724635
2921,2748,2298,0.01436031331592689,0.00158495364452947,0.014131268192865715,0.004308093994778065,-0.0005634727709633099,0.0075041240068024866
2922,2748,2287,0.015041539134236987,0.0023676275293607824,0.01497028074415671,0.003935286401399211,-0.0002869951221559776,0.007299848815375995
2923,2748,2292,0.010558464223385687,0.0006269222919353777,0.009410942580987585,0.0030104712041884793,-0.0009256361536909715,0.0047878536005337485
2924,2748,2311,0.01531804413673734,0.003057357212349711,0.012780355277038934,0.007485936823885763,0.0009247650927500405,0.008461962253363804
2925,2748,2300,0.013999999999999995,0.0019325326581108692,0.013249529054937483,0.005217391304347823,0.0001928772655512372,0.007641601463860783
2926,2748,2293,0.011862189271696466,0.002457792193308425,0.009864112614903092,0.0037069341474051444,0.00032362334505969115,0.005063955337738041
2927,2748,2317,0.010703495899870519,0.0015055281119290104,0.010825783101469968,0.00289167026327147,-9.964348826157872e-05,0.005560699836855503
2928,2748,2326,0.012037833190025791,0.001312772938021954,0.010395013676044696,0.00399828030954428,-0.0001153354747826661,0.0056643366990205835
2929,2748,2287,0.016353301268036725,0.0028407714219547226,0.014960352360495751,0.006296458242238738,0.0015522267782727532,0.008963736398708075
2930,2748,2307,0.014390983961855222,0.002677081443645175,0.013269868642574283,0.005678370177719981,0.0010734707734088077,0.007980075610821884
2931,2748,2315,0.010626349892008636,0.0013917480975936176,0.010723364788680767,0.0028509719222462185,-0.0006746593363089475,0.005754303568922444
2932,2748,2307,0.01569137407889033,0.0023518197918893915,0.013436471806429711,0.00849588209796272,0.0013185312004284672,0.009533335607588268
2933,2748,2299,0.014876033057851238,0.0027943095954218056,0.013705006607999804,0.004828186167899084,0.00017146159755762448,0.007233526293931147
2934,2748,2333,0.014659237033861976,0.0025171950932362107,0.013894738278939552,0.0036433776253750523,-0.00039499646613335544,0.006922287079538828
2935,2748,2313,0.012019022913964547,0.0016436042826273145,0.011305518953851684,0.00691742325983571,0.0003984761055028961,0.008370265932292174
2936,2748,2294,0.01490845684394071,0.0025426105073089096,0.015150006900110072,0.007105492589363554,0.0012208454486068911,0.009863245492063879
2937,2748,2299,0.013223140495867765,0.0027797213070256243,0.013154165271968174,0.004784688995215309,0.00016815698734369487,0.007649730405376378
2938,2748,2282,0.015249780893952668,0.002720212200484872,0.012503732731086783,0.0020157756354075356,-0.0014914452955923183,0.0044545896338945784
2939,2748,2296,0.011411149825783968,0.0013070520140852121,0.00979757895983675,0.0030923344947735173,-0.0007353251209812322,0.004738378427567725
2940,2748,2287,0.01407958023611718,0.0026924947609288283,0.012910917397418618,0.003585483165719281,-0.0003366978121086274,0.006439460308376493
2941,2748,2306,0.008152645273200344,0.000943838618528489,0.007926152556991,0.0035125758889852543,-0.0009958223230108756,0.005084946311210969
2942,2748,2257,0.010988037217545411,0.0004924495933769914,0.010925309439797025,0.0033673017279574635,-0.0006914708360575058,0.005895239407347596
2943,2748,2313,0.010376134889753563,0.001677174429705536,0.008653843211293153,0.0027237354085603094,-0.0006430058110215866,0.004193127605128674
2944,2748,2287,0.0119807608220376,0.0018751401931354824,0.011409371295787394,0.004503716659379096,-9.807098658842389e-05,0.006853695362886384
2945,2748,2292,0.013612565445026174,0.0020332652676695443,0.01040757618101117,0.0033595113438045355,-0.00010421128341612959,0.004721556216545414
2946,2748,2327,0.01357971637301246,0.002015358235117465,0.012265149862030316,0.005801461108723676,-4.370153425066513e-05,0.007610590865695856
2947,2748,2290,0.013362445414847157,0.002097939018118545,0.01222357522457394,0.003668122270742356,4.45628503888892e-05,0.006152101297596676
2948,2748,2313,0.011240812797233027,0.001249477310771145,0.009769074672578945,0.005101599654128835,0.0010737268894501638,0.006490337170692098
2949,2748,2295,0.009934640522875814,0.0009690402541631114,0.00792572354485068,0.004444444444444443,-0.0001630811791729234,0.005037698442713178
2950,2748,2331,0.01278421278421278,0.0017422235952423697,0.010905785644928008,0.004804804804804803,0.0002615189742576276,0.006294598433552466
2951,2748,2328,0.011769759450171818,0.001088223318959616,0.0121462225333225,0.0034793814432989676,-0.00022993828639633826,0.0066251085458882315
2952,2748,2320,0.01336206896551724,0.002458227926240448,0.011648524314119718,0.0057327586206896534,0.001003579846796837,0.007263480449523404
2953,2748,2287,0.01303017052907739,0.0021791530970985576,0.012834261573916851,0.004066462614779184,-0.0008963277014353185,0.006847962557333276
2954,2748,2329,0.008329755259768137,0.0004855960838960223,0.008081913891235304,0.003649635036496349,-0.00025958277382589974,0.005152327688634307
2955,2748,2341,0.008885091841093547,0.000708764551087586,0.009738698256742208,0.00350277659120034,-0.0002991750194898963,0.00592388843841443
2956,2748,2294,0.016826503923278113,0.003214223149063693,0.014014255183071549,0.005884917175239754,0.002108710588232918,0.007625532530429536
2957,2748,2278,0.013959613696224756,0.002000288727599289,0.012916215853637418,0.005706760316066724,-0.0006190127021744975,0.007729208827580579
2958,2748,2330,0.018626609442060082,0.0042044605809429085,0.014457936905610837,0.00746781115879828,0.0012635319921870565,0.008406767116104547
2959,2748,2313,0.015218331171638563,0.003034952660481756,0.011808104040013211,0.005490704712494594,0.0007440981465001263,0.0064116280706117265
2960,2748,2279,0.010443176831943832,0.0012376184108734418,0.007957283994323652,0.005660377358490564,0.0012060829776209822,0.005766172336155056
2961,2748,2321,0.01430417923308918,0.003203735354908441,0.012826926688682412,0.002585092632485996,-0.0011686649112341004,0.0054988597790242046
2962,2748,2292,0.013787085514834204,0.0019369941019142987,0.01243465127275084,0.006937172774869107,0.0005203573312172649,0.008351014834489502
2963,2748,2281,0.014555019728189386,0.0024495868938707306,0.013409943097133843,0.0046032441911442335,-0.0006296807641841656,0.007015490238992835
2964,2748,2311,0.012375594980527907,0.0013745946098419645,0.01224105511654582,0.004586758978797056,0.0005375382300911545,0.007170367927339997
2965,2748,2311,0.011423626135871914,0.0010748730486484985,0.011968449436368453,0.006577239290350495,0.0011056092924254174,0.008856524905039674
2966,2748,2317,0.01743634009495036,0.00341276638251289,0.016478450566650222,0.006085455330168319,0.001080095611375529,0.009164361432575856
2967,2748,2321,0.01757862990090478,0.003598885772768127,0.016507898908138273,0.006936665230504092,0.0008324506573393432,0.009785805475729744
2968,2748,2285,0.014179431072210062,0.0023708155752499927,0.014956219932163792,0.006039387308533915,0.0007888699074373351,0.009277450667666628
2969,2748,2284,0.012959719789842377,0.0020495209567075725,0.01205891052541289,0.004728546409807354,0.0002909434044579864,0.0068739624654437035
2970,2748,2267,0.01667401852668725,0.0032998319256688138,0.015348903376522137,0.0052933392148213475,0.0005153661396588039,0.008348254733826777
2971,2748,2289,0.01389252948885976,0.001661493814867576,0.01140815922053635,0.008387942332896458,0.0015463752411815383,0.00866848359107271
2972,2748,2291,0.013443910955914443,0.001999426656134943,0.011857695186817072,0.003273679615888257,-0.0004501057375540601,0.00552979737520674
2973,2748,2279,0.014041246160596748,0.0024592447801283644,0.01295309376403319,0.005748135146994293,0.00043249339303665264,0.0077337227050493
2974,2748,2271,0.011360634081902245,0.001653952567245544,0.011350781518874418,0.003963011889035665,-0.00015199622180645943,0.006588227791495596
2975,2748,2296,0.010888501742160278,0.0017091958191762424,0.009774124451773314,0.003527874564459928,-0.0005335401117948129,0.005287626806052421
2976,2748,2267,0.011380679311865899,0.0012125895945321735,0.01029448972416702,0.0019850022055580047,-0.001689329447941859,0.004251564769476449
2977,2748,2295,0.01708061002178649,0.003383569704865308,0.016509023502366944,0.006230936819172111,0.0010781815990125068,0.009420789809499367
2978,2748,2301,0.014689265536723159,0.0027849167988322925,0.013610676727559544,0.00425901781833985,0.00027077373681434037,0.007146475748329701
2979,2748,2306,0.014310494362532523,0.002579951238626458,0.012316743716573006,0.0032523850823937537,0.0002084598265498006,0.0056474314594994
2980,2748,2320,0.01793103448275862,0.003602986390363392,0.016503995974413817,0.005603448275862067,0.0014838247957446413,0.008698160476204609
2981,2748,2295,0.016470588235294115,0.0024248983115677048,0.015111735927460875,0.0047930283224400854,4.249338091201526e-05,0.00784447692045929
2982,2748,2320,0.01551724137931034,0.0019095660075233295,0.013831037012462993,0.0055603448275862045,-1.5779984214578668e-05,0.007805763879396034
2983,2748,2291,0.007682234831951111,0.00011511993179633357,0.007828793303553919,0.005761676123963333,0.0010579547256221742,0.006664932225138774
2984,2748,2315,0.013477321814254857,0.0021421831294486456,0.01095263203723926,0.007688984881209501,0.001660328815569872,0.007999758564468874
2985,2748,2268,0.013139329805996467,0.0017648491374161043,0.012373463042425401,0.005643738977072308,5.653775686954616e-06,0.007526433116362943
2986,2748,2326,0.011693895098882199,0.0012993796036696122,0.009739647544267082,0.0055889939810834025,0.00027012137300691703,0.0064005661318583245
2987,2748,2291,0.013531209079004798,0.0024944066548516887,0.012239078988642705,0.005499781754692272,0.0013357192719802087,0.007580381638439106
2988,2748,2279,0.015708644142167615,0.0027140608096928435,0.014890534207827726,0.006274681878016672,0.0008481454412007589,0.008849348037443314
2989,2748,2316,0.012435233160621758,0.001518621427951416,0.01288357400467722,0.004145077720207253,-0.0003408856822443366,0.007095264089394184
2990,2748,2292,0.013787085514834202,0.002163255704244553,0.01215417569267108,0.004275741710296683,-0.00037404481135105917,0.006511122057323083
2991,2748,2312,0.01626297577854671,0.003686156154392342,0.0149651905683567,0.005622837370242213,0.0008237711315669989,0.008263320063298276
2992,2748,2296,0.01263066202090592,0.0012825259343203334,0.011361627822970986,0.00675087108013937,0.0010047476067465875,0.007899798569261079
2993,2748,2301,0.012777053455019555,0.0020386707487940114,0.012207610786581452,0.0034767492394611015,-0.0003245091449589581,0.0063398607703675875
2994,2748,2328,0.010137457044673536,0.0018222596619452043,0.007817694601377703,0.005627147766323021,0.000892644250210805,0.005726241088055861
2995,2748,2301,0.014515428074750106,0.0019517654327293739,0.012546730803089585,0.004737070838765752,-0.000341080844285135,0.006756276564640273
2996,2748,2280,0.014561403508771924,0.0023422288197815816,0.014149100425149136,0.004956140350877191,0.0003634267931389706,0.007927372769346056
2997,2748,2308,0.016204506065857882,0.003078528214288464,0.015619071547217856,0.0045493934142114365,0.0005585769605603734,0.008114671388008395
2998,2748,2307,0.008149111400086692,0.0002593714582686535,0.008632203811019748,0.0022973558734286936,-0.001513869186218717,0.004541244285788782
2999,2748,2298,0.016536118363794605,0.0027822697129216943,0.013900586175634798,0.004960835509138379,3.997304179477737e-05,0.006950183558349432
3000,2748,2316,0.008117443868739204,0.00032205147565048033,0.007865696445705233,0.0029792746113989623,6.202756518245847e-05,0.004649112647782432
3001,2748,2277,0.013702239789196307,0.0022545674718950867,0.012713424089018563,0.004655248133509001,8.026811784551955e-05,0.00704902887705383
3002,2748,2323,0.009728798966853205,0.0013171911475613669,0.008801908234158681,0.004606112785191561,0.0004934946332975363,0.005936170715924487
3003,2748,2301,0.014254671881790524,0.0026585021036532393,0.013251710338870057,0.005302042590178181,0.0009067090952524316,0.0075975065817961915
3004,2748,2284,0.009194395796847632,0.0011267611448794311,0.008569088703052338,0.005910683012259193,0.0011158521006353716,0.006942085312746068
3005,2748,2299,0.01739886907351022,0.003057991710966607,0.013986197636564918,0.006959547629404087,0.0001922493030474638,0.008069561177006777
3006,2748,2300,0.009130434782608693,0.0008067209117864936,0.008448385946563629,0.006391304347826085,0.0012909884166310294,0.007080937730317586
3007,2748,2326,0.01392949269131556,0.002268302643064069,0.012384160879876968,0.005245055889939809,3.475381657944637e-05,0.007011669071818088
3008,2748,2287,0.011805859204197636,0.0019856039562758995,0.012577322878521811,0.004328815041539132,0.00027701794203165565,0.007564849060223408
3009,2748,2317,0.014156236512731978,0.0023203045578042564,0.012822361136578841,0.007034958998705219,0.0008035713449343539,0.008474200266722774
3010,2748,2309,0.010394110004330876,0.0016309888037116405,0.010107009314904335,0.0034647033347769574,0.00042400899225248826,0.005815014230341903
3011,2748,2302,0.013205907906168548,0.002207571853102831,0.011711199613366363,0.004170286707211118,0.000744582504810613,0.006209082442021811
3012,2748,2287,0.014954088325317005,0.002728200547476774,0.012941954716328231,0.006209007433318757,0.001460785985772387,0.007894118623473565
3013,2748,2311,0.01531804413673734,0.002421716384970058,0.014040321949087801,0.00592816962353959,0.0002791420135896961,0.008127185845174573
3014,2748,2327,0.015126772668672107,0.0020862077358558364,0.011794070939748342,0.005973356252685859,0.0005245595899348567,0.006604395829269209
3015,2748,2321,0.010168031021111586,0.0005282540154859396,0.009873352994707443,0.006290392072382591,0.00048169843217377693,0.007657210187080292
3016,2748,2299,0.013919095258808176,0.0026751897994458096,0.012126576649186264,0.007046541974771638,0.0011842175113041002,0.008468332696463519
3017,2748,2282,0.012971078001752845,0.0010643170306384802,0.013227244638328398,0.005652936021034179,0.0006624218508173377,0.00846566472592234
3018,2748,2271,0.014090708938793479,0.00256864462702688,0.012864257334870798,0.004579480405107881,-0.0003139281849006729,0.007008002758043658
3019,2748,2297,0.012451023073574225,0.001327956654639069,0.010345933604553452,0.004745319982585979,-0.00013444933908780428,0.00601146407212415
3020,2748,2314,0.014261019878997408,0.0022194580129624654,0.012258466085761126,0.0031547104580812433,-0.000906466920103796,0.005513799875782005
3021,2748,2313,0.010289667099005617,0.0012138973414730658,0.009410237634006616,0.003156074362300041,-0.0006170826842788322,0.004942244512307815
3022,2748,2282,0.013672217353198946,0.002265415625471477,0.014063235299415736,0.0036809815950920224,-0.0005777491772474544,0.007367369162655264
3023,2748,2305,0.015097613882863339,0.002263487861003838,0.014627948258957066,0.005813449023861169,0.00029224985870319065,0.00860389951615684
3024,2748,2283,0.012702584318878666,0.0021382844632896036,0.010456936836053678,0.004730617608409986,0.0001457761905162659,0.006048696991705522
3025,2748,2302,0.012337098175499562,0.0010009804517193688,0.010306327502775237,0.006385751520417026,0.0011960056616661097,0.007025955113874195
3026,2748,2305,0.013101952277657264,0.002246275189993783,0.0142323614867093,0.006420824295010844,0.0013483469796239955,0.009642583629291662
3027,2748,2347,0.012782275244993606,0.001766801053832546,0.012007822151017667,0.00353642948444823,-0.00022708222932359059,0.006087457994346796
3028,2748,2295,0.012549019607843135,0.0019362324488385423,0.010607620275687046,0.005577342047930281,-0.00021311039637991383,0.006752577307846019
3029,2748,2283,0.01471747700394218,0.002668270382722218,0.012292410664621235,0.0070521243977222925,0.0010150249789566668,0.008067555259136753
3030,2748,2321,0.015338216286083582,0.002814268697556292,0.014380552454975602,0.005687203791469192,0.0012401960227474767,0.008388600352203358
3031,2748,2340,0.014017094017094016,0.0019123647323319908,0.013315506386851304,0.0074786324786324755,0.0010359705735300676,0.009372322153015962
3032,2748,2305,0.01353579175704989,0.002363417190907415,0.01234014011677983,0.0038177874186550963,-0.00040847896619242,0.006366669062715859
3033,2748,2329,0.011077715757835978,0.0010096489934981606,0.012605016865405695,0.0030914555603263187,-8.136075866805661e-05,0.006764818583006714
3034,2748,2296,0.010975609756097557,0.0012512911706936316,0.0116329350719122,0.004965156794425085,-0.0001814601154209545,0.007605239550288941
3035,2748,2319,0.01095299698145752,0.00046446614673487194,0.01154289382107478,0.0025442000862440695,-0.0006891828649361351,0.005771635457233261
3036,2748,2277,0.012736056214317082,0.0015793152610934125,0.010886345430748425,0.004303908651734738,-0.00019051461215310162,0.005983460652568609
3037,2748,2300,0.009739130434782604,0.0015602008315702353,0.009702070628696064,0.0028260869565217375,-0.00019565394351284604,0.005180968139096743
3038,2748,2314,0.014866032843560929,0.0030019707026479356,0.013792445787917213,0.004580812445980984,-0.0001316219874664823,0.007216455120396432
3039,2748,2301,0.009213385484571924,0.0009118539422283489,0.009027523079655346,0.004389395914819641,-0.0002623506854166374,0.006150998536341149
3040,2748,2272,0.01452464788732394,0.002561410920256745,0.012457528619927846,0.0070862676056338,0.0019093993533650573,0.008272920127603901
3041,2748,2291,0.013356612832824091,0.0021128490998938033,0.013616343507565706,0.004888694893059797,0.000609263082840151,0.007735941572449657
3042,2748,2304,0.01553819444444444,0.0021100941305072446,0.015289254343901755,0.005121527777777775,0.0004135334496489886,0.008480042434506412
3043,2748,2312,0.009861591695501725,0.001170771939242115,0.008673201293037475,0.004065743944636676,0.00029190429825403687,0.005316397024761917
3044,2748,2280,0.013947368421052628,0.002523928020802045,0.012429546645546593,0.005657894736842103,0.0006331512673632802,0.007516027850024385
3045,2748,2294,0.01342632955536181,0.002109432379636723,0.010989057723282581,0.005361813426329553,0.00023750235389614384,0.006425429931595831
3046,2748,2318,0.014322691975841238,0.002719594047234966,0.01430109466928942,0.00526315789473684,0.0010350827269415557,0.008387553732901502
3047,2748,2280,0.013947368421052628,0.00238386716805594,0.01330171913389537,0.0034210526315789453,-9.331708061547923e-05,0.0066021223284778675
3048,2748,2305,0.010151843817787417,0.0008919513873382734,0.009295057659653282,0.004859002169197393,-0.0006760507554951678,0.0062978815028553285
3049,2748,2275,0.013010989010989009,0.002158325826219292,0.012322808599964982,0.005494505494505492,-0.0002151366789604601,0.0074691507046749
3050,2748,2338,0.01539777587681779,0.002828247332181197,0.013753310551291306,0.005731394354148843,0.000940959307707466,0.007865298313124837
3051,2748,2279,0.014480035103115399,0.0031293683425800065,0.011803007269043556,0.005133830627468186,0.0009620404526821037,0.006395687320504971
3052,2748,2306,0.010667823070251515,0.001575734708201108,0.009643543771809237,0.003989592367736338,0.00010416735484232391,0.0057204440443938895
3053,2748,2307,0.01543129605548331,0.0020430013614155633,0.013461381623789152,0.005851755526657996,-0.0001673334507708182,0.007661664771130955
3054,2748,2299,0.011048281861678987,0.0014234222709711608,0.00951856596337825,0.005698129621574596,0.0007121989421141365,0.006535912207731913
3055,2748,2263,0.011312417145382234,0.0015832257401856866,0.010295937441187808,0.004374723817940784,-0.0005690666698694031,0.006106087096536953
3056,2748,2286,0.016185476815398073,0.00299904779384952,0.013284744952927419,0.004111986001749779,-0.00038379902193103597,0.006179365340534744
3057,2748,2278,0.015013169446883226,0.0027882515638316166,0.014180523586047504,0.002546093064091306,-0.001389195888892452,0.005982561428117797
3058,2748,2283,0.01515549715286903,0.0027292612341328214,0.014497978360473144,0.006176084099868592,0.0013093070791478775,0.00878897393339439
3059,2748,2279,0.014129003949100482,0.002535048811894254,0.013695441131458999,0.004563405002193943,0.0004179262249816578,0.007513973806983141
3060,2748,2329,0.012709317303563759,0.001628737641217281,0.011254133548604512,0.005753542292829539,0.0008154272713628466,0.007243800815480128
3061,2748,2300,0.016086956521739127,0.002986436812273776,0.013979344365462939,0.006826086956521737,0.0012885123572582973,0.008627603586046244
3062,2748,2292,0.015183246073298426,0.002481894118718017,0.013549524592006064,0.00488656195462478,-0.00034438221831790527,0.007269252558079342
3063,2748,2292,0.010820244328097728,0.0011598101810387693,0.01021932101406318,0.008158813263525303,0.0015665360840192613,0.008865695238576193
3064,2748,2300,0.014956521739130431,0.002970154600974351,0.012630742521463144,0.006391304347826084,0.0005103233678754804,0.007884795877510247
3065,2748,2294,0.01752397558849171,0.002794768518633676,0.016559334590232653,0.008326068003487355,0.0011980992478644462,0.010726640109920887
3066,2748,2305,0.013796095444685463,0.0025411585604741766,0.012393841617112359,0.006941431670281994,0.0018503953933991589,0.008320815160907599
3067,2748,2320,0.020603448275862066,0.004790291680717233,0.017837245548627565,0.00672413793103448,0.001246423483071175,0.009475438356756034
3068,2748,2280,0.014561403508771924,0.0021027832964143622,0.01488405432585412,0.005482456140350875,0.00037263734700619157,0.008689254595992091
3069,2748,2288,0.009615384615384614,0.0017411112514771105,0.009064071426050254,0.003846153846153845,0.00033962708162331277,0.005491860144878915
3070,2748,2321,0.013270142180094783,0.001865983676574367,0.011622506755153118,0.005084015510555793,0.0005148902876774225,0.006834098198506428
3071,2748,2308,0.012911611785095317,0.001679018397893803,0.011107624751218983,0.0028596187175043307,-0.0002501320553387719,0.004996345019515319
3072,2748,2311,0.009000432713111205,0.0013755223802485725,0.008881206307422061,0.00424058848983124,0.00026255134768419033,0.00595115821171849
3073,2748,2311,0.013500649069666807,0.0015384988027518716,0.014618104881621914,0.006880138468195584,0.000396441433624121,0.009850152931514321
3074,2748,2335,0.01336188436830835,0.0012312521875200984,0.01031412347084331,0.00685224839400428,0.00036046394269344695,0.007067624756786349
3075,2748,2325,0.013935483870967737,0.0022364574765179348,0.012266374839164705,0.004946236559139784,0.00021913347005011444,0.006833668641037223
3076,2748,2324,0.012134251290877793,0.0020565082014744676,0.0109022730957325,0.0028829604130808937,-0.0003298704617728663,0.005144035484891613
3077,2748,2317,0.010703495899870519,0.0007596832804458326,0.010437407048109951,0.004963314630988344,-0.00010190130440414544,0.006805573850943997
3078,2748,2319,0.01569642087106511,0.002741609190291242,0.014677287646095284,0.005002156101768001,0.0005778914906142443,0.007899647817301923
3079,2748,2327,0.013837559088955733,0.0015643825542432691,0.013364232831647217,0.005414697034808764,-4.108426798155131e-05,0.007977345165814642
3080,2748,2328,0.015807560137457044,0.0032967654203551865,0.012861130455280785,0.00592783505154639,0.0009835914655841724,0.0073188820529799135
3081,2748,2333,0.01268752678954136,0.0017067256297701634,0.011507454973532331,0.005143591941705956,-0.0005282987412310723,0.006654855449427991
3082,2748,2294,0.015431560592850911,0.002483276795182805,0.014024355290208429,0.004184829991281602,3.467559440384603e-05,0.006896684076876142
3083,2748,2319,0.01586890901250539,0.002679209216446037,0.015237239599686946,0.008150064683053038,0.0015243811889031973,0.010401839661298715
3084,2748,2323,0.012569952647438655,0.00201253732053485,0.01043662373973546,0.005467068445975031,0.0005248751629805774,0.006516134118186927
3085,2748,2271,0.013474240422721266,0.0021369694691906974,0.013020570012409813,0.005019815059445176,8.809155219455073e-05,0.007538893960444689
3086,2748,2296,0.012108013937282227,0.00208213086377203,0.01130078044770111,0.0025696864111498245,-0.0006200219615433509,0.005273965409600549
3087,2748,2278,0.016505706760316066,0.00242429362393554,0.01530089342521314,0.006979806848112378,0.00035482406644799766,0.00918029759702328
3088,2748,2328,0.014862542955326458,0.0027291486387654787,0.014593778829224063,0.0049828178694158055,-0.0003676421822395019,0.007968718505254047
3089,2748,2315,0.012354211663066952,0.0011536990992597298,0.010386427762272997,0.004276457883369328,0.0006032710014066087,0.005735301903150117
3090,2748,2307,0.016558300823580403,0.0023253353516699414,0.015670393905454088,0.006068487212830514,0.0006936235678911178,0.008904611646456981
3091,2748,2282,0.010429447852760733,0.0014544673480268108,0.009384603016332396,0.006222611744084135,0.0004676805565798733,0.007179404933406415
3092,2748,2313,0.01521833117163856,0.0025304218374439533,0.014445034376259895,0.004885430177258968,0.0003175170683844994,0.007725067396223814
3093,2748,2284,0.013134851138353764,0.0024527562975087177,0.010625594628980549,0.005122591943957967,0.0010023158432308494,0.006319597720389866
3094,2748,2306,0.013183000867302687,0.0015433474593799334,0.013202642292704049,0.002948829141370336,-0.00045073787614072816,0.006492672612223092
3095,2748,2298,0.010356832027850304,0.0017218422561177686,0.008670837482390248,0.003698868581375108,-0.0002570649750195089,0.004892569352991845
3096,2748,2282,0.012182296231375985,0.0018607905539587502,0.011123391660684217,0.006441717791411041,0.0006760176307194215,0.00795712886795108
3097,2748,2301,0.013820078226857884,0.0019228351021713236,0.01305368804079436,0.0023468057366362433,-0.0009019633575423988,0.005552861346524633
3098,2748,2298,0.01157528285465622,0.0017456520871308799,0.012529685110609779,0.005091383812010442,0.0013220957886330268,0.008113413086784397
3099,2748,2287,0.015216440752076952,0.0021463244784202646,0.015221404189522727,0.0041976388281591585,-0.00046126650195380377,0.007829378149776578
3100,2748,2294,0.016129032258064512,0.003083944914950853,0.016107234991279525,0.006538796861377504,0.0013345982149611294,0.009768026053954496
3101,2748,2322,0.013522825150732123,0.002982191466545481,0.012256508973753282,0.004177433247200687,0.0005055909871826663,0.006310268154532845
3102,2748,2335,0.013790149892933617,0.002216061342751509,0.013426339262473868,0.005353319057815844,0.0002784494682626919,0.008027987674503132
3103,2748,2259,0.015493581230633017,0.0026992987969982844,0.012503900424182177,0.006817175741478529,0.001178797969417578,0.007811426794580918
3104,2748,2257,0.01187416925121843,0.0019434297685948679,0.01068951383135855,0.003367301727957464,-0.00031634194223985345,0.005616319399892275
3105,2748,2289,0.014329401485364787,0.0023646179463361968,0.012763528677932082,0.004106596767147224,-0.00017260984416508186,0.006437267668797224
3106,2748,2298,0.01218450826805918,0.0019100389753373835,0.011219779051613291,0.007223672758920798,0.0013297374017542912,0.008391360593316266
3107,2748,2284,0.013397548161120838,0.001809101384378599,0.01310107125238504,0.005297723292469351,0.0006287032292432201,0.007858894981752835
3108,2748,2270,0.012422907488986782,0.0019173515490162928,0.010394011712173811,0.004757709251101319,0.0004677069129205554,0.0061531474483447635
3109,2748,2313,0.013488975356679634,0.002220467164484747,0.012564819997072848,0.004020752269779505,-0.00015199957407367363,0.006557642304088821
3110,2748,2292,0.01570680628272251,0.0029580052931810607,0.01489071261024971,0.005541012216404883,5.448701461698255e-05,0.008477480652488713
3111,2748,2280,0.02017543859649123,0.0038411309551533916,0.01730325495918623,0.007061403508771927,0.0010406520831300588,0.009359793571531346
3112,2748,2296,0.01498257839721254,0.002752592892009484,0.011390971688945744,0.004878048780487803,4.166995012841713e-05,0.005986108512696234
3113,2748,2303,0.01432913590968302,0.003048672371718111,0.013155571689622295,0.005557967867998262,0.0012480003067319467,0.0077758732101197705
3114,2748,2305,0.011887201735357913,0.001406237638279569,0.009620719240818565,0.0036876355748373087,-0.0003248621264406093,0.005021053164390132
3115,2748,2299,0.01052631578947368,0.001001646684197776,0.008178934221108715,0.004349717268377554,-5.0514328878620874e-05,0.004955456938755023
3116,2748,2265,0.016423841059602644,0.0037630968399540022,0.013812265571286876,0.00781456953642384,0.0013368417908462874,0.009034372023262486
3117,2748,2327,0.0162440911044263,0.003035408449316001,0.014075693879560567,0.006789858186506229,0.0013199626500697435,0.008667860991290906
3118,2748,2300,0.011739130434782606,0.0015509248495727693,0.010394147180789093,0.004217391304347824,-0.00017300345829934088,0.005855456986438653
3119,2748,2314,0.013310285220397577,0.0018816095791152818,0.012567598068668012,0.005963699222126186,0.0005253210056174111,0.007923466795640145
3120,2748,2349,0.010727969348659001,0.0008766882865692712,0.010812714181958156,0.007535121328224774,0.0008191578168473754,0.008767522194375583
3121,2748,2333,0.012858979854264893,0.002366955420425696,0.011288907840015199,0.005100728675525073,0.0006717712542321008,0.006558732067655283
3122,2748,2278,0.013959613696224756,0.0014343836562826838,0.014178155996894893,0.006145741878841086,0.0007411003198231115,0.008689557899490604
3123,2748,2303,0.014937038645245329,0.0029836821714849045,0.01369428520952244,0.004819800260529741,0.001352684531445424,0.007563353356919195
3124,2748,2320,0.015775862068965515,0.0026800447435932433,0.014026184684191092,0.004525862068965515,0.00034559736829508557,0.006969191030437762
3125,2748,2280,0.01552631578947368,0.0024904031557222307,0.013452826843157831,0.005964912280701753,0.0006790695676355024,0.007706977101863374
3126,2748,2311,0.014366075292081346,0.0015241165761206027,0.01427693294748847,0.00480311553440069,-0.0001189344144104818,0.007930037415229227
3127,2748,2296,0.008972125435540067,0.0006671764297880877,0.007112950095280581,0.0026567944250871062,-0.0007649157312978725,0.0036498845773170413
3128,2748,2327,0.008766652342071336,0.0005675619372638925,0.010269801647577284,0.004684142672969487,0.0002798167420290233,0.007253493714444513
3129,2748,2327,0.01590030081650193,0.0025476145277176744,0.015555828010498377,0.005285775676837128,0.0001745227185713207,0.008536363488214946
3130,2748,2328,0.00945017182130584,0.0011450090125776783,0.009659745384864393,0.004510309278350514,6.033395625942118e-05,0.0064665179912717224
3131,2748,2303,0.012331741207121143,0.0017991198632449075,0.012275546699277853,0.005905340859748152,0.0008926415426288488,0.008023860587197685
3132,2748,2317,0.013120414328873542,0.0014776734234667685,0.013160314895015306,0.005049633146309881,0.0003036187931629827,0.00782245556465639
3133,2748,2300,0.008086956521739129,0.0005514217987698345,0.008051433801952992,0.005739130434782606,0.000584926729445402,0.0067844142364388805
3134,2748,2309,0.012559549588566477,0.0022998842359629166,0.010539911177976901,0.0024686011260285825,-0.0009110629363424565,0.004374740547300424
3135,2748,2279,0.012637121544537076,0.0020577762804197897,0.011716863449368103,0.006143045195261078,0.0010201030324418633,0.007861485216905231
3136,2748,2326,0.011865864144453996,0.0011572870631781158,0.010141722199672947,0.005245055889939809,0.0002703506780178786,0.006448978369911942
3137,2748,2307,0.01144343302990897,0.0016712435678394898,0.01022889376721285,0.005895101863892499,0.000671433487505234,0.00710991949809839
3138,2748,2295,0.011503267973856205,0.0010425399365443738,0.007150371571642899,0.004967320261437906,7.751295086050458e-06,0.004558464885190555
3139,2748,2285,0.014617067833698026,0.0016757792987990687,0.01311344591275609,0.003588621444201311,-0.0001744968032706112,0.0062050852401623014
3140,2748,2315,0.015377969762419005,0.0025689456844951316,0.014542375368784456,0.006004319654427643,0.0006112837666478169,0.008495848082500817
3141,2748,2282,0.014986853637160381,0.0031424407061835377,0.012976418004722635,0.003461875547765117,0.00021782426901284177,0.006017734647959539
3142,2748,2301,0.01538461538461538,0.003090614680133427,0.012923036276655649,0.0034767492394611028,0.00024430092006072707,0.005764397358500413
3143,2748,2284,0.015586690017513132,0.0023639178171238682,0.01268150038608326,0.005516637478108579,0.00035384580973744944,0.006786943770414763
3144,2748,2307,0.016124837451235368,0.0029803800863507936,0.014240956407581822,0.00637191157347204,0.0006981494558390271,0.00834616661053275
3145,2748,2271,0.013914575077058563,0.0021312237110450356,0.012161801920421503,0.006120651695288417,0.0003193764607001589,0.007524721476353651
3146,2748,2308,0.014731369150779893,0.002222963083647165,0.01293958253682201,0.006022530329289426,0.0002697042108375631,0.007745844751431477
3147,2748,2299,0.01591996520226185,0.0026333098828188743,0.014488866432882108,0.007177033492822965,0.001346782122755512,0.009318821629748059
3148,2748,2288,0.013461538461538457,0.001727781154519144,0.012618358497281462,0.004720279720279719,-0.00017290553228167978,0.007023190055672131
3149,2748,2330,0.012188841201716734,0.0010125501611558006,0.011007257919079716,0.004763948497854074,-0.0005109533208190203,0.006626913082230108
3150,2748,2322,0.014211886304909558,0.002021477933598546,0.013333994778789472,0.004608096468561583,1.799939571450141e-05,0.007202233516094715
3151,2748,2323,0.013000430477830388,0.002289560986764904,0.012215069763080118,0.00447696943607404,0.0005130650756585127,0.006789488530309991
3152,2748,2295,0.01403050108932462,0.0023045621509420466,0.012570008356041528,0.006535947712418299,0.0007020156438356611,0.008193542768562217
3153,2748,2285,0.015317286652078769,0.002771631381539711,0.015502192009080405,0.006170678336980304,0.000236634031377501,0.009437205619509524
3154,2748,2336,0.016267123287671232,0.003354191245302937,0.012409844294936481,0.006421232876712326,0.0015507358478439102,0.007039308232191725
3155,2748,2313,0.013488975356679634,0.0023043475478778047,0.012913639101302336,0.002680501513186337,-3.203214410234786e-05,0.005944486649438519
3156,2748,2310,0.015844155844155838,0.0022464649676316836,0.01255631262128837,0.005974025974025971,0.0008580231167294663,0.007097111526075373
3157,2748,2309,0.014032048505846682,0.0024537943923808826,0.014383206428490466,0.005500216543958421,-0.00018027505097109435,0.008457342789153891
3158,2748,2292,0.01195462478184991,0.0018588218367021846,0.012417037923184094,0.004101221640488655,-0.00013571376505690087,0.006801406105989031
3159,2748,2277,0.013087395696091346,0.0023926428777035634,0.011369890788716508,0.003601229688186208,-0.00030152765478960204,0.0056214038148945334
3160,2748,2292,0.013001745200698078,0.0021596854543839746,0.012562680298937739,0.004624781849912739,0.0002615178043694836,0.00724157115559393
3161,2748,2298,0.013489991296779805,0.00200288057941352,0.01239063552237304,0.0063098346388163595,4.93146993186601e-05,0.007941240361377732
3162,2748,2302,0.013987836663770629,0.002420078053084669,0.013281796078978395,0.005430060816681144,0.00013997119602802678,0.007861119821790824
3163,2748,2325,0.016172043010752684,0.0027369307324846925,0.013960182871316246,0.006279569892473116,0.0011096000527281256,0.008155547992673016
3164,2748,2286,0.011461067366579173,0.001711826831553978,0.011175427049216324,0.003280839895013121,-0.0009747925924313806,0.005972494744762609
3165,2748,2313,0.016515348032857754,0.00285721614822441,0.014550272677347894,0.005750108084738432,0.0007300084772119275,0.007912504573242643
3166,2748,2307,0.009969657563935844,0.0011237683606691103,0.009301000296494033,0.00424794104898136,-0.001063323247414145,0.005857714539707032
3167,2748,2355,0.010700636942675156,0.001697542000954716,0.008578439830978075,0.0030573248407643294,-0.00035376374795139276,0.004245333832209939
3168,2748,2328,0.013487972508591062,0.002648357959575459,0.012100454208753164,0.0034364261168384857,-4.7719933978214404e-05,0.005782294096362985
3169,2748,2280,0.012631578947368417,0.0020275591269525,0.010572078136584014,0.005657894736842103,1.2827529813415473e-05,0.006700720668709377
3170,2748,2305,0.013796095444685462,0.0018169199249724452,0.011965040965070131,0.004468546637744032,0.00026147599628703155,0.006540440059261302
3171,2748,2335,0.01413276231263383,0.00292340375246782,0.01164078987557444,0.006766595289079226,0.001956931750370391,0.007658868886312758
3172,2748,2315,0.012267818574514035,0.002292946402641213,0.011425214785151992,0.0022030237580993512,-0.0008402012005594451,0.004859504519887063
3173,2748,2305,0.012754880694143165,0.0021279944976012603,0.012580968603132202,0.003340563991323209,-0.0003092200059571656,0.006385317739240453
3174,2748,2298,0.01044386422976501,0.0014513470003990423,0.00855958429486478,0.003437771975630982,-0.0002738852761819587,0.004702704221340747
3175,2748,2309,0.015677782589865737,0.002619094802406185,0.015018210778069972,0.005153746210480726,2.6329008872147688e-05,0.008137688987765991
3176,2748,2323,0.015066724063710712,0.0018581944994676928,0.013046554903337242,0.005380972879896684,0.00023455216309957894,0.007173283884074034
3177,2748,2283,0.0152431011826544,0.002999128977796462,0.015494592073983186,0.005168637757336836,0.0008905941807881877,0.008675297237211867
3178,2748,2313,0.017725897103329006,0.002631085340821968,0.01705790693738157,0.006052745352356246,0.0005490828839542308,0.009481061835392539
3179,2748,2295,0.015163398692810456,0.00278993975545986,0.014258138930475166,0.003965141612200433,-0.0005185004328678358,0.006988457180511719
3180,2748,2290,0.014061135371179034,0.003004487660268894,0.013281134685531092,0.006200873362445412,0.0013950043596693922,0.008293122527015206
3181,2748,2266,0.01429832303618711,0.0022268185470917267,0.014213980889863967,0.006090026478375991,7.104725222624643e-05,0.008703113882849174
3182,2748,2297,0.014279494993469742,0.002494394413549506,0.014043556071251458,0.0037004788855028274,-6.70546287714955e-05,0.006969467976908257
3183,2748,2250,0.012977777777777776,0.0027167938045423914,0.011866601474165206,0.007066666666666665,0.0016964015659653724,0.0085733372302564
3184,2748,2305,0.014924078091106288,0.001814584866971271,0.014182662402147569,0.00707158351409978,0.0013687372793984769,0.009226761403705075
3185,2748,2338,0.014627887082976899,0.0017729005821156482,0.012919941283169686,0.004704875962360991,-0.000522068942833361,0.006975660293124857
3186,2748,2255,0.012860310421286028,0.002344990297845911,0.011724658702543925,0.005365853658536584,0.0005050596565576704,0.007052262457780825
3187,2748,2330,0.010214592274678108,0.0011881142068801938,0.009273497114478417,0.0011158798283261789,-0.0021676077390870236,0.0033053614136672057
3188,2748,2302,0.010251954821894001,0.000782807107807186,0.010876543795118593,0.006559513466550824,0.0012235672206597928,0.008516562038940285
3189,2748,2289,0.011708169506334644,0.001824005104664535,0.00945011095246076,0.0067715159458278705,0.001843437790303625,0.007119851016492732
3190,2748,2321,0.01637225333907798,0.00263098737327191,0.014741362351843935,0.006118052563550192,0.0004740895465085044,0.008355981759485962
3191,2748,2301,0.01329856584093872,0.002080051249038528,0.01056031923164757,0.004085180356366795,-8.632526412120233e-06,0.005357121532102339
3192,2748,2285,0.014091903719912471,0.0017453343317129601,0.01422106182160039,0.006783369803063455,0.0008587099210532441,0.009394600547703712
3193,2748,2297,0.015063125816282105,0.0029737977725870467,0.011837346320197752,0.004397039616891596,0.00014677474197789106,0.005742223682831209
3194,2748,2296,0.013327526132404179,0.002928519285125226,0.010741404601668326,0.0043554006968641095,0.00034206712402156905,0.005677717390919754
3195,2748,2298,0.01053089643167972,0.0012225931686466,0.010835707178308082,0.005308964316797213,0.00043169912101135996,0.007354189872303407
3196,2748,2316,0.012348877374784108,0.0011860759821252745,0.012109228730280914,0.005483592400690844,0.0008253633768202777,0.007723375040175295
3197,2748,2314,0.011408815903197924,0.002000642911416877,0.010997893912417778,0.004580812445980983,6.161093737462538e-06,0.006650863724969136
3198,2748,2307,0.013003901170351103,0.0020445164982446106,0.012795787028982,0.006285218899003032,0.0010960728288537047,0.00870555925979815
3199,2748,2292,0.015532286212914482,0.002393913863478135,0.012599018686504104,0.005933682373472948,0.000151572464669261,0.007112885844307007
3200,2748,2302,0.015812337098175495,0.0028209989593156177,0.015828119060718786,0.006038227628149432,0.0012531574348850576,0.00930395948000489
3201,2748,2308,0.012131715771230499,0.0019407287905955722,0.00877072986295285,0.004202772963604851,0.00047867655884217467,0.004856478465295483
3202,2748,2314,0.016767502160760582,0.0028364030463230282,0.014986213231164353,0.004710458081244596,-0.0008229098603731807,0.007567955446826533
3203,2748,2309,0.013858813339107837,0.0016845614989181024,0.012056634377473131,0.006366392377652662,0.0005726101316533827,0.007642670452563944
3204,2748,2296,0.016376306620209058,0.0031697376945039797,0.013552736611933437,0.006533101045296165,0.0014080253881866614,0.008154572085344869
3205,2748,2341,0.010935497650576675,0.0014343556918435833,0.009570131647566265,0.004271678769756513,0.0006162017189327207,0.005636711424524083
3206,2748,2279,0.01105748135146994,0.0010206411595851954,0.011686358984574057,0.004256252742430889,-0.0005178035325385382,0.007105322380208408
3207,2748,2308,0.013431542461005197,0.0024780379981359088,0.01409764402075739,0.006282495667244365,0.0009401555335735335,0.009133221435623024
3208,2748,2290,0.013799126637554582,0.002487217145212667,0.012089834696014035,0.0037991266375545832,-0.0005709361381603403,0.006087182923638516
3209,2748,2325,0.014193548387096772,0.0027960693673743475,0.011733827071867441,0.0048172043010752666,0.00021274188040523086,0.006355351413248469
3210,2748,2316,0.012694300518134713,0.0023224417583336114,0.012034114149280937,0.005094991364421414,0.0003390589255858243,0.007203634739004185
3211,2748,2325,0.015741935483870963,0.0022846851812016065,0.014255917028344129,0.006451612903225804,0.0009734223097876494,0.008465929119387561
3212,2748,2288,0.012325174825174824,0.0024156380974265012,0.010408535806674037,0.004501748251748251,-0.0001628347538865906,0.00576209987614859
3213,2748,2319,0.01604139715394566,0.0030378126182176676,0.015418022918645368,0.004872789995687795,0.000317906989354143,0.008118783004774451
3214,2748,2294,0.016303400174367915,0.003473474131038025,0.014784014761359848,0.0062772449869224044,0.0008697642163003721,0.00862892345558216
3215,2748,2274,0.015303430079155668,0.0018900129835676934,0.015130062671733256,0.004661389621811783,-0.00024656062351578024,0.007915248751078607
3216,2748,2357,0.012388629613915993,0.002026866376613036,0.010126345236717776,0.0040305473058973255,-0.00016923534583083804,0.0052761531005351804
3217,2748,2311,0.013154478580700993,0.0019287243991495872,0.01222148838115618,0.005106014712245779,0.00013579112853848602,0.007421809963194258
3218,2748,2288,0.011800699300699298,0.001979711802374543,0.00905682072261425,0.005244755244755243,0.00033903052570336635,0.00581649390861757
3219,2748,2347,0.012526629740093734,0.001737456530689215,0.01137851893305988,0.0057946314443971005,0.0007218485616453305,0.007338558144134634
3220,2748,2324,0.014974182444061958,0.002018539775153345,0.014859988873740872,0.004044750430292596,-0.000814928780600903,0.007518302158156548
3221,2748,2295,0.014117647058823526,0.002557392524059905,0.01379747180548058,0.007189542483660128,0.0017659455750428056,0.009431643682332546
3222,2748,2282,0.013146362839614371,0.0018874178018481072,0.01376803207471852,0.005477651183172654,0.0007499030467167854,0.008476424207883021
3223,2748,2306,0.012142237640936684,0.0009873681567935466,0.010201868614404586,0.004596704249783172,-0.0002450670093624681,0.005887523283422549
3224,2748,2300,0.013652173913043476,0.003043804813383927,0.011539988919774374,0.006043478260869563,0.0007903800248690299,0.0072860238139688125
3225,2748,2310,0.012380952380952376,0.00164158770901178,0.010184453160019384,0.004718614718614717,0.00014380958170245466,0.005876687473586869
3226,2748,2305,0.015444685466377438,0.0026989369515784062,0.013641192125798243,0.004642082429501083,7.4446769311817795e-06,0.007006458323427274
3227,2748,2293,0.014827736589620581,0.0026465434329978935,0.011764857415881418,0.0018752725686873076,-0.0007256183737463339,0.004031024228221946
3228,2748,2286,0.015923009623797023,0.0023903849892970407,0.014990610507167532,0.005468066491688537,0.0003668623928817719,0.008247187602830748
3229,2748,2303,0.015631784628745114,0.0027635626737564523,0.01337268079555386,0.0052105948762483706,-0.00046593757964418577,0.007148263602417709
3230,2748,2331,0.01407121407121407,0.0024481791286758013,0.012880996925579759,0.005148005148005146,0.0006151905034045452,0.0073162994384565775
3231,2748,2304,0.012326388888888885,0.0020054746974273157,0.01213751583192996,0.0032986111111111094,-0.0001905613294593219,0.006222329144690096
3232,2748,2329,0.014770287677114639,0.0025087106106326047,0.014621406144271184,0.005538857878917988,0.0006431636002454435,0.00836938840455968
3233,2748,2278,0.01641791044776119,0.002478885039450205,0.014063579232796214,0.00443371378402107,-0.00038154955687936317,0.006755566315739093
3234,2748,2288,0.01232517482517482,0.0018913452844769808,0.011055738444994313,0.004763986013986012,0.00047677291827835595,0.006550653031784747
3235,2748,2284,0.015411558669001749,0.003366824508397057,0.013272042784117158,0.005647985989492117,0.000708497500581451,0.007308908660319706
3236,2748,2301,0.013559322033898301,0.0021187119304945635,0.011477268356254927,0.004867448935245543,0.00041653066372777757,0.006593473534296982
3237,2748,2286,0.016447944006999123,0.002855597081388439,0.014008254831446996,0.006299212598425195,0.0009482577596172942,0.00810155598405386
3238,2748,2314,0.012878133102852199,0.00243824519644244,0.010407223423768368,0.005012964563526359,0.0004862859314356289,0.005930767714652259
3239,2748,2308,0.012564991334488731,0.0017443072044571154,0.01139463297216026,0.002599653379549392,-0.0008022491717955075,0.005068386804391248
3240,2748,2318,0.012251941328731662,0.0014978209378943323,0.010125929096874611,0.005910267471958583,0.00011562236356582492,0.006671142307995307
3241,2748,2306,0.012402428447528183,0.0016426052012736125,0.011245283937933757,0.004336513443191673,-0.00011447515494191775,0.0064495523989968545
3242,2748,2332,0.009262435677530014,0.0007624651506101565,0.007746265003501449,0.002101200686106345,-0.0010035638117692456,0.0037142799929202426
3243,2748,2304,0.011545138888888886,0.0015202046255900512,0.009237539946066166,0.0046440972222222205,-0.0005817409577154862,0.005509309695932043
3244,2748,2276,0.015289982425307555,0.0026414266802784084,0.014443373217534358,0.005536028119507907,0.0008069255090219642,0.008330058843063606
3245,2748,2304,0.016319444444444442,0.0031457065670866743,0.014154039737643074,0.006163194444444442,0.0006520735909011066,0.008029145109551486
3246,2748,2335,0.013961456102783723,0.002433199846007283,0.01139870894979226,0.00565310492505353,0.0002669587080690899,0.006805858621509177
3247,2748,2279,0.014831066257130316,0.002334367559188729,0.014411942913993501,0.0059675296182536185,0.00010891930766982793,0.008678893554774294
3248,2748,2290,0.015283842794759823,0.0026557827487100633,0.01612729048948086,0.0035371179039301293,-0.0008508946873352237,0.008086383648590205
3249,2748,2281,0.011486190267426566,0.0012979648546874842,0.010726341174038851,0.005436212187636998,0.0003127102199919397,0.007185951827887626
3250,2748,2302,0.012684622067767156,0.0024962673318623734,0.011666473854143603,0.006081668114682881,0.0012705339119788237,0.007731159948246655
3251,2748,2281,0.014555019728189386,0.002391181834582983,0.012904799233502741,0.006137658921525645,0.0005237237977232032,0.007901916920099618
3252,2748,2299,0.01774684645498042,0.0035400879655671643,0.014746945290634438,0.0063940843845150044,0.0006069212173348536,0.008119375985147859
3253,2748,2322,0.011455641688199826,0.0021821306181831783,0.009428410916803852,0.0035314384151593436,-0.0009014380332834046,0.004842661411541655
3254,2748,2302,0.013553431798436141,0.0028941027668921387,0.012888447907327103,0.005951346655082536,0.0008322852408071958,0.008170674241516204
3255,2748,2296,0.011759581881533098,0.0012790690871590225,0.011413870631258044,0.006228222996515677,0.0008535844000166056,0.008029622876883816
3256,2748,2258,0.011514614703277233,0.0024008213151298914,0.00909350122567369,0.0029229406554472964,-0.00018674170956936505,0.004324054211815687
3257,2748,2296,0.01681184668989547,0.0033509437306668446,0.013852247852640111,0.006968641114982577,0.00046140388342335616,0.008289130642580763
3258,2748,2302,0.008253692441355341,0.001113769463860288,0.007136614443845583,0.0033014769765421347,0.00013244966878801027,0.0043875170535047
3259,2748,2304,0.014930555555555551,0.002937330356259273,0.013974682123926703,0.005295138888888887,0.0011629871733733043,0.00782907326154122
3260,2748,2314,0.015298184961106305,0.002698704185834866,0.011706525138114229,0.006093344857389799,0.0002933195849675272,0.006660051479210545
3261,2748,2271,0.012681638044914132,0.002166746115903369,0.012346267384394045,0.0021576398062527506,-0.0004727429260028325,0.005377257201797952
3262,2748,2338,0.011548331907613342,0.0018017988691614068,0.012872914627212179,0.0036355859709153106,-0.0006366059704440555,0.007194497363383216
3263,2748,2293,0.01439162668992586,0.002274423388632385,0.014768161108655049,0.004361098996947229,-5.888121271527657e-05,0.007974174468382986
3264,2748,2324,0.011876075731497418,0.0023066433643221178,0.011278997386199351,0.0061531841652323555,0.0014500789612473387,0.007822051446199952
3265,2748,2306,0.018386816999132694,0.003830711141977621,0.01671199518374499,0.008412836079791845,0.0018081777576879799,0.010689436353510015
3266,2748,2298,0.015926892950391642,0.0023152225851626024,0.01439662497827147,0.005091383812010441,-0.0002855711929646404,0.007659607991482384
3267,2748,2266,0.012974404236540157,0.0015961301146814619,0.010331477241573836,0.003751103265666371,-6.58566079866209e-05,0.004979005858083778
3268,2748,2315,0.01727861771058315,0.003538777469094891,0.015079324809344975,0.0072570194384449236,0.0005547929673071088,0.009283099442752312
3269,2748,2321,0.01430417923308918,0.002648015787876573,0.010638516755371695,0.0030159414045669956,-0.0007463832563527724,0.004245925139692909
3270,2748,2310,0.015930735930735927,0.0026612278856107028,0.016327986364255292,0.0045021645021644996,-0.0005046099122155449,0.008556050746432328
3271,2748,2271,0.009599295464553058,0.0011136764954705978,0.009426713432934638,0.003302509907529721,-0.00019616844390750958,0.005425835777683894
3272,2748,2311,0.009173517957594112,0.001330215623779751,0.009083804269191295,0.002077022933794893,-0.001296865071086344,0.004547150349550232
3273,2748,2317,0.01234354769097971,0.001926377704922069,0.01146193074918374,0.004315925766076822,0.00013498160779058983,0.006597433514959833
3274,2748,2336,0.014897260273972602,0.0020866792913297053,0.014766412103062435,0.006592465753424656,0.0011000669143884164,0.009305815188811918
3275,2748,2285,0.013829321663019692,0.002297577431485059,0.012796850799031386,0.003369803063457329,0.00012248231872971296,0.006064787867389227
3276,2748,2332,0.011749571183533444,0.002059447311519258,0.011783543263758607,0.003301886792452828,-0.00038795731764478436,0.006075896278166491
3277,2748,2301,0.014167753150803996,0.002263604497832535,0.01306172222228433,0.007388092133854843,0.001659497781532525,0.009165724435262897
3278,2748,2305,0.012494577006507588,0.0017158387325140801,0.011194141460938075,0.0044251626898047704,0.0006292210763747095,0.006422765486722817
3279,2748,2336,0.017037671232876708,0.0032718713658362176,0.01612564411762112,0.005565068493150683,0.0003374667290931944,0.008795220865857649
3280,2748,2267,0.01243934715483017,0.0019689591552554788,0.009707674294913397,0.004852227613586235,0.00013039847021255804,0.005505862861215823
3281,2748,2269,0.013838695460555309,0.0021881123177878623,0.010946644222625136,0.004627589246364036,3.605826658936512e-05,0.005896369099490231
3282,2748,2279,0.015357612988152695,0.0024954285534838647,0.014771647450864026,0.006976744186046509,0.000595572578864526,0.009424705358658815
3283,2748,2297,0.015498476273400084,0.0026478958893661193,0.013563367951696013,0.00518067043970396,0.0007960943192131308,0.00733068496603371
3284,2748,2288,0.013024475524475523,0.0019479538077553905,0.010685734418811148,0.005944055944055941,0.0001755039416891322,0.006821586585742039
3285,2748,2303,0.011463308727746414,0.0016861665354066617,0.010893406481662949,0.003213200173686494,-0.0007536322666968796,0.005694522697044757
3286,2748,2293,0.015089402529437416,0.0024612869392936832,0.014818290963677472,0.0034016572176188377,-0.001042693264879805,0.0068501098815135384
3287,2748,2311,0.011856339247079182,0.0016523640496572177,0.010142403980063825,0.0045002163565556015,-0.0002762764290228553,0.00580850044743165
3288,2748,2323,0.018338355574687902,0.004447056324297899,0.01663596029799813,0.005768402927249244,0.0014171694597365527,0.008649307952482733
3289,2748,2319,0.016213885295385935,0.003136461460213123,0.014806709264624756,0.004398447606727036,0.0005378043706101027,0.007272591573385521
3290,2748,2313,0.01504539559014267,0.0022849322328969265,0.01469056240288431,0.006614785992217896,0.0007743484123094277,0.00921926829181582
3291,2748,2290,0.010829694323144104,0.0011700656516378633,0.011000386869592784,0.005895196506550216,0.00014809257638614577,0.00782631859300373
3292,2748,2285,0.015754923413566733,0.0025650013154971804,0.014933326343744287,0.008577680525164109,0.0015667823198768313,0.01047684658314016
3293,2748,2302,0.01668114682884448,0.0028829575010982044,0.015640810321231376,0.006342311033883578,0.001257234032065597,0.009104019800652135
3294,2748,2289,0.013368283093053733,0.002571124703424513,0.011757397286104657,0.0020096111839231086,-0.0007111419862956843,0.004509049635259503
3295,2748,2282,0.015425065731814193,0.0022041754367382997,0.015653236689192156,0.005521472392638034,-0.00018538468729005256,0.008960678396534074
3296,2748,2314,0.014866032843560929,0.0022270070533423466,0.013554208433600144,0.007087294727744164,0.0011524834931192572,0.008932741112251636
3297,2748,2322,0.014211886304909558,0.0018513180165087844,0.012556507788301263,0.004952627045650298,0.0005830705862063306,0.006998829670816695
3298,2748,2305,0.015791757049891535,0.00379147439862418,0.014629440348512284,0.0053796095444685445,0.0008893866734148939,0.008098805084115443
3299,2748,2297,0.011406181976491072,0.001200718898124623,0.009255577382013718,0.005137135393992162,-5.85122500550992e-06,0.005737104450421295
3300,2748,2296,0.018728222996515675,0.0031526489123763625,0.017296282444637028,0.007099303135888499,0.0005623850236306975,0.01005912743608002
3301,2748,2312,0.017733564013840828,0.0032628100002439256,0.015739924956283947,0.004368512110726641,-0.0005907603805044232,0.007392444740401518
3302,2748,2330,0.011931330472103003,0.001225996630016797,0.01106741201236042,0.005450643776824033,0.0007104122685225498,0.007171622895398782
3303,2748,2362,0.013209144792548684,0.0019758449799953163,0.012387925744534229,0.005461473327688398,0.0003297290258477635,0.007582384065066739
3304,2748,2293,0.01142607937200174,0.001563418054783978,0.010829020120355786,0.004971652856519841,0.00030176118096638917,0.006808013196580198
3305,2748,2316,0.012003454231433503,0.00204416883751187,0.00983503507532986,0.0037996545768566484,1.8008290697624373e-05,0.005158889238309871
3306,2748,2270,0.012863436123348016,0.0019272835975205444,0.011325708375508187,0.004757709251101319,0.00014689809648587272,0.006466690584451782
3307,2748,2270,0.015154185022026428,0.002698312134320697,0.012880043095601259,0.005770925110132157,0.0003211118223036196,0.007530255809170761
3308,2748,2288,0.015209790209790209,0.001996524154715448,0.014861015973947367,0.005769230769230767,0.0007287222519562859,0.008720918565718532
3309,2748,2300,0.017739130434782608,0.0028531639997025023,0.01666845731213081,0.008086956521739129,0.0019545408431018937,0.010529378736359183
3310,2748,2331,0.01364221364221364,0.002671023972268087,0.011161156577349276,0.0032604032604032587,-0.00022734785159292582,0.004995198434308408
3311,2748,2341,0.01264416915847928,0.0025783386917552125,0.010954339907771008,0.0030756087142246886,-0.0013130725505236629,0.005137132645620834
3312,2748,2292,0.016841186736474688,0.0030489134499047245,0.013278179424784889,0.005366492146596856,0.0005096882297358474,0.006660498399148754
3313,2748,2281,0.012275317843051291,0.0013873465133883935,0.01050669800913308,0.003200350723366942,-0.00090015236892646,0.0051167618787739825
3314,2748,2293,0.014304404709986913,0.002444462831514588,0.01311504928597699,0.0052769297863061474,0.0006067096995973591,0.007657151994148757
3315,2748,2308,0.010051993067590985,0.0008301222205863326,0.009352116174981811,0.0034662045060658564,-0.000470437449977784,0.005110782443999864
3316,2748,2293,0.015612734409071084,0.002616967842929652,0.01532133981283956,0.003968600087221978,0.000121149626256811,0.007571837889726739
3317,2748,2260,0.013716814159292032,0.001410426168566281,0.01267162385718726,0.005884955752212388,1.7341982607462084e-05,0.0078466468014285
3318,2748,2282,0.013234005258545132,0.001364418114727262,0.01238342592192093,0.0054776511831726524,0.00047307746004765115,0.0074856577413779215
3319,2748,2284,0.013835376532399295,0.002553963195269958,0.013157339359335118,0.002714535901926443,-6.246203935580869e-05,0.0059412932695575614
3320,2748,2334,0.013967437874892885,0.0023245367705364804,0.012625521061054005,0.005741216795201369,0.0008775828112793723,0.007558303061504859
3321,2748,2343,0.017328211694408874,0.0032718222151027414,0.017216397424734863,0.005676483141271871,0.0005670318401425497,0.009389423455084837
3322,2748,2291,0.010999563509384547,0.0013476680208185452,0.009535194916546719,0.004103011785246615,-0.00094805383957808,0.005446014697390723
3323,2748,2309,0.011953226504980506,0.0022361840332105636,0.011687372353164662,0.0038544824599393655,0.00012433472140568186,0.006603708939276125
3324,2748,2276,0.014235500878734618,0.0024066818106050153,0.012323844004120107,0.005536028119507906,4.8081297298228756e-05,0.007226722891541595
3325,2748,2328,0.011855670103092781,0.0016218668914380402,0.01082239015427028,0.005068728522336767,0.0008087688858631234,0.006812481129353971
3326,2748,2300,0.012521739130434778,0.0017036265849971043,0.013539580168812076,0.006478260869565216,0.0011690612011781723,0.00948350848048889
3327,2748,2272,0.014084507042253518,0.001955015563017636,0.014300533614940865,0.005061619718309858,-0.00018404559745558514,0.008109602591914452
3328,2748,2316,0.013989637305699479,0.001781752565146491,0.01346027630911362,0.004792746113989635,8.079027743936383e-05,0.007802617382461136
3329,2748,2322,0.011283376399655468,0.0011840035219302335,0.010025717178898167,0.005297157622739016,0.00020670078846951977,0.006529497918324694
3330,2748,2320,0.014741379310344825,0.002387210389076049,0.014284928516934406,0.005129310344827584,0.00018715521584508363,0.00796166364641166
3331,2748,2283,0.015418309242225137,0.0026705171766291265,0.014427564535538409,0.005738063950941741,0.0005468216035676203,0.008307323707181754
3332,2748,2300,0.011565217391304346,0.00087991210563115,0.010208395519690674,0.003956521739130433,-0.0003154140563554703,0.005762239033175306
3333,2748,2329,0.014340918849291538,0.002935512781169864,0.01347568412846619,0.006826964362387288,0.0015019499573385806,0.008892346811574593
3334,2748,2276,0.011247803163444637,0.0015075639684855213,0.009605290288292184,0.002855887521968364,-0.0002714573962549031,0.004548805849805947
3335,2748,2279,0.01140851250548486,0.0011448480376637785,0.010859960549383525,0.004651162790697672,-0.0004280657047150955,0.006560247431577578
3336,2748,2321,0.013614821197759584,0.0024605074407082392,0.013745383625517367,0.0045669969840585935,0.0002778083489868641,0.007570576003375098
3337,2748,2295,0.017952069716775598,0.003257828657818957,0.015264042630405447,0.007015250544662307,0.0012296969988922271,0.008760184202724806
3338,2748,2288,0.016783216783216783,0.0030832752925867386,0.014659762362721296,0.005550699300699299,0.0006350757006089577,0.007837272815759093
3339,2748,2308,0.014211438474870016,0.0026063139477839965,0.01208071454167442,0.0071057192374350065,0.0008451837315445935,0.008058482085206476
3340,2748,2310,0.014545454545454544,0.002010069603900085,0.013825434617210834,0.006103896103896101,0.0006463053016721742,0.00849603698867286
3341,2748,2311,0.013673734314149717,0.002346900405677986,0.012686279686547118,0.006577239290350495,0.0008638569834991444,0.008388831897795249
3342,2748,2321,0.014390348987505382,0.0023893634866128236,0.012043844733328276,0.004179233089185694,9.27770939279156e-05,0.006044377383695197
3343,2748,2316,0.014939550949913642,0.002077858695771683,0.014917097060477143,0.005829015544041449,0.0004137692964201369,0.008801209211688808
3344,2748,2324,0.012478485370051633,0.0016459198468563743,0.011495676105322334,0.006884681583476762,0.0004019384705392949,0.008183158380746557
3345,2748,2357,0.013576580398812045,0.002953734717367566,0.012969406728607804,0.0047518031395842155,0.0006612271517069486,0.007360057882446107
3346,2748,2350,0.008936170212765954,0.0015411805457380655,0.008282728761184788,0.004468085106382976,0.0005856695500967963,0.005676710911903399
3347,2748,2286,0.009536307961504809,0.001247811110754852,0.008786538002196585,0.0015748031496062979,-0.001054574675465937,0.003745318904404054
3348,2748,2294,0.013339145597210111,0.002268568150976895,0.011781559542820149,0.004751525719267653,-2.0320658770822115e-06,0.006748442246703904
3349,2748,2319,0.01673134971970677,0.002796606409896502,0.01508278760098788,0.0036222509702457935,-0.0001856860641215519,0.006789665184723427
3350,2748,2280,0.012982456140350875,0.0018383707889314896,0.011117850440858234,0.005263157894736839,-3.9422940340775294e-05,0.006615668843957024
3351,2748,2301,0.011734028683181222,0.0024793137432173136,0.010840475001344553,0.0026944806605823535,-0.0006358763226257593,0.005211839926490672
3352,2748,2288,0.014073426573426568,0.0018422133083107295,0.012965501258625065,0.004589160839160836,-0.0003929461941189511,0.0070299221459725145
3353,2748,2335,0.015674518201284793,0.002894634408816586,0.014526496873929795,0.005524625267665951,0.0007613154185650852,0.008181406055901811
3354,2748,2294,0.015257192676547512,0.0029876378525148066,0.014031005606720702,0.004969485614646903,0.00021727891152713793,0.007614260470726373
3355,2748,2288,0.013024475524475521,0.002070030146566967,0.009994619560273057,0.004851398601398599,0.00023936711726518396,0.005619816533003649
3356,2748,2289,0.011183923110528612,0.0010127256522276147,0.010696080232617275,0.0045434687636522475,-0.0001519629606718372,0.006405291712009295
3357,2748,2298,0.01209747606614447,0.0006381842655572141,0.01235815944993215,0.004308093994778065,-0.00024091490984299145,0.00713879469903898
3358,2748,2303,0.015023881893182803,0.0026687160834563332,0.01323833635882214,0.006600086843247936,0.0014059264462099722,0.00843141515936079
3359,2748,2291,0.016412047140986465,0.0032054634058142524,0.016346242689097745,0.006023570493234393,0.0009248762417411067,0.009552724570479669
3360,2748,2320,0.011465517241379309,0.0020191695858839363,0.007951802422856081,0.003965517241379309,0.0003604511387454576,0.004087394910690512
3361,2748,2297,0.01236395298215063,0.0018139520908704468,0.012118138290024384,0.005964301262516322,0.0012674372854630527,0.008167597529640943
3362,2748,2325,0.013505376344086018,0.0015066889549528663,0.012329406505278596,0.008516129032258062,0.0012446125912509692,0.009612021469764372
3363,2748,2338,0.014029084687767318,0.002595465883057362,0.011858343375417137,0.005645851154833189,0.0008652220115457428,0.006986537305605443
3364,2748,2312,0.009602076124567472,0.000986851518264127,0.009483444968306973,0.003806228373702421,0.0002557453588644985,0.005723552283068837
3365,2748,2286,0.014610673665791772,0.0029392760245589545,0.013059028441242248,0.007567804024496935,0.0008357228994502874,0.008974058497475238
3366,2748,2331,0.017074217074217073,0.002485499939703188,0.015788500044681655,0.00905190905190905,0.0017771812686169356,0.010773711357157661
3367,2748,2311,0.014539160536564255,0.0022315860447815255,0.014383269571873827,0.007442665512765035,0.0009528804913551221,0.009929954372676556
3368,2748,2321,0.01456268849633778,0.002651720120723136,0.013760284260815018,0.006204222317966392,0.0013312451833118039,0.00861582323828309
3369,2748,2317,0.015968925334484244,0.002988351627045541,0.01469968910183938,0.005265429434613723,0.000352008053064013,0.00804764841031931
3370,2748,2285,0.011903719912472644,0.0018601756066090557,0.011333439894724493,0.004376367614879648,-0.0003131924654769814,0.0065073962859632135
3371,2748,2322,0.018432385874246338,0.003016974638176112,0.016461236408901927,0.005124892334194658,-0.00041803752169897705,0.008180579169451651
3372,2748,2284,0.012346760070052537,0.0018337608173399588,0.012337453335938628,0.005954465849387038,0.000491395604187532,0.008103510187568816
3373,2748,2341,0.012473302007689018,0.0020220654050718493,0.011273782010549753,0.0059803502776591185,0.0016927261234895013,0.007487715812157392
3374,2748,2300,0.013130434782608693,0.0017657472237572742,0.011610991330945824,0.003826086956521738,-4.407689788142534e-05,0.00583936814680782
3375,2748,2321,0.014821197759586381,0.0025487155767708477,0.012397593302314042,0.0033606204222317955,-0.0004078299267545253,0.005430538907224066
3376,2748,2317,0.014415192058696586,0.0026766439077435494,0.013744032732434297,0.004790677600345272,0.0005645956828138753,0.00759256187404048
3377,2748,2303,0.014502822405557964,0.0029661679922200718,0.012679595802465214,0.005427702996092052,0.0005385979601085388,0.007252475062094204
3378,2748,2314,0.012791702679343127,0.002150717499901193,0.01053534019194845,0.002679343128781329,-0.00032225801918341643,0.004550984923168271
3379,2748,2312,0.015311418685121104,0.002668593172830735,0.015758272815455422,0.005493079584775084,0.0003500571501903075,0.009117285571056122
3380,2748,2305,0.01605206073752711,0.0027055813668495693,0.015559092205172785,0.007158351409978307,0.0008255282877318281,0.009935930349102465
3381,2748,2320,0.013706896551724137,0.0009688719993821161,0.01187367616244774,0.005172413793103446,0.0005496373669370986,0.006893001662777603
3382,2748,2296,0.014721254355400696,0.0025397117585010823,0.012878879544752257,0.005836236933797907,0.0007310194452905515,0.007556587428854906
3383,2748,2308,0.011958405545927206,0.0020442273899017194,0.010731136581062707,0.0019064124783362201,-0.0012870069855114535,0.004274955004146207
3384,2748,2309,0.015244694673018618,0.002711710571607975,0.013735665909245319,0.006193157210913814,6.286557204778077e-05,0.008140970578348308
3385,2748,2295,0.014204793028322435,0.0024048976999683416,0.013253260282110354,0.004618736383442263,0.0001463853803756112,0.007197046144138318
3386,2748,2299,0.011048281861678989,0.0016271045811427616,0.010248945087059962,0.005219660722053065,0.00047734050853496737,0.006666051885202461
3387,2748,2293,0.014478848669864803,0.0014075174206295063,0.01447256000681141,0.005931094635848231,0.0008799396228326359,0.008825278716560522
3388,2748,2286,0.012685914260717407,0.0017316200347737222,0.011900318612714705,0.005249343832020996,0.0007818108583024037,0.007212026886992743
3389,2748,2310,0.013939393939393934,0.0017054400279614633,0.012743685765095226,0.004199134199134196,-0.0006008688957040937,0.006648697271047387
3390,2748,2304,0.015364583333333329,0.002366882428555464,0.01201076123068069,0.004947916666666665,1.7271223684253924e-05,0.006136207081201248
3391,2748,2284,0.010070052539404548,0.0011246912331231095,0.010876079531065556,0.003371278458844132,-0.000393043567737795,0.006040824291602624
3392,2748,2316,0.014507772020725385,0.0026110572906285897,0.013626315471996588,0.006088082901554402,0.0006034983612777439,0.008350126312832528
3393,2748,2313,0.01383484651967142,0.0022212409656099962,0.013234129141246345,0.005101599654128835,0.0009270304465440158,0.007671538717005172
3394,2748,2312,0.010726643598615915,0.0015657665356072262,0.010166791517520158,0.003503460207612455,-0.000445861589139041,0.005638292341496042
3395,2748,2299,0.01052631578947368,0.0013822351339028893,0.009639656523781594,0.0024793388429752046,-0.0010437961998539835,0.004717839205741169
3396,2748,2303,0.011897524967433779,0.0017634549837275157,0.011448372689583033,0.0028658271819366025,3.443444406905409e-05,0.005677149091418046
3397,2748,2279,0.011584028082492318,0.0008489890422906615,0.011531547396954639,0.0031592803861342673,-0.0012129053034074559,0.005986125030106227
3398,2748,2305,0.011193058568329717,0.00041354344719834394,0.009291529345104618,0.004989154013015183,-0.0004937970187086882,0.005834677243704454
3399,2748,2286,0.010236220472440941,0.0014588567578615167,0.009723201425346426,0.0036307961504811886,0.0001671355776337076,0.005710654147706047
3400,2748,2278,0.006409130816505703,-0.00020136551467814706,0.007153892044023202,0.0035118525021949057,-7.182061514591257e-05,0.005326839086041536
3401,2748,2313,0.014094249891915258,0.0027092998259310077,0.01316688367940427,0.007047124945957629,0.0010236842239988843,0.008881829204838175
3402,2748,2329,0.010648346930012877,0.0016872335308474415,0.010326315810290742,0.004551309574924858,3.544405938963011e-05,0.006523549230524216
3403,2748,2272,0.011619718309859155,0.001752731183658084,0.012384096623691455,0.00334507042253521,-0.0006688900056535758,0.006644920962988858
3404,2748,2283,0.015856329391151988,0.003466315035486269,0.013032395071484872,0.005650459921156371,0.0006781119815506787,0.007282252575434987
3405,2748,2297,0.010274270787984326,0.0017625823724262317,0.008747753654725021,0.005572485851110142,0.001100226380956528,0.006157333189945289
3406,2748,2339,0.017443351859769127,0.002630392257234869,0.015338992785038637,0.006797776827704145,0.0005107133639990993,0.00898848307967009
3407,2748,2326,0.010834049871023214,0.0018258134894382884,0.010421616687424395,0.003138435081685294,-0.0004325823139405827,0.005543645074010324
3408,2748,2296,0.012717770034843201,0.0023085530039981686,0.01039732236004829,0.00553135888501742,0.0008734087056076944,0.00643559897429045
3409,2748,2305,0.01405639913232104,0.0022905890073326354,0.011898823357340054,0.004511930585683295,-4.0801444063520104e-05,0.006272358864108354
3410,2748,2321,0.013011632916846184,0.002412500960296482,0.011135687628204901,0.005514864282636793,0.0006712166097199052,0.006888934763140465
3411,2748,2310,0.013419913419913417,0.0022168095180473673,0.011356624110093961,0.003376623376623375,-0.0006821729943626685,0.005373823276809897
3412,2748,2311,0.01488533102553007,0.0016835297335117667,0.012753572321899227,0.00480311553440069,-5.4114584337897755e-05,0.006805846508335008
3413,2748,2278,0.012554872695346792,0.0019472582472835685,0.011786035758091132,0.004697102721685688,-0.00014019390053498308,0.006752283224133958
3414,2748,2289,0.014853647881170814,0.002568182632075208,0.01418851660275767,0.0050240279598077735,0.0009317497020059331,0.007978605119806517
3415,2748,2321,0.01680310211115898,0.003737748332923498,0.014478661946347272,0.0033606204222317946,0.00011465973369553884,0.006170384505842613
3416,2748,2312,0.012110726643598612,0.0022494634529359485,0.011739477477582798,0.0050173010380622825,0.0006683470660108349,0.007266619188384064
3417,2748,2317,0.014069917997410442,0.0019292584041531182,0.011192976726343307,0.0048338368580060406,-0.00017444584595260353,0.006193422604416645
3418,2748,2326,0.01229578675838349,0.002175667339347439,0.011687424385976466,0.004686156491831468,-1.2183335338713894e-06,0.006808207957136398
3419,2748,2277,0.010715854194115061,0.0015564052757239383,0.010012959447475728,0.0031181379007465945,-0.00048163607047105013,0.005290602596546945
3420,2748,2282,0.015249780893952672,0.0027583336951966875,0.013461009834630045,0.0065293602103418035,0.00041121258950459736,0.008242608599671509
3421,2748,2300,0.009391304347826085,0.0011874747206633298,0.008407941451480784,0.0049999999999999975,0.0003871723166772001,0.006139698109667446
3422,2748,2291,0.012483631601920557,0.0022733686003192006,0.012478589150296376,0.005325185508511565,0.0009253404668415877,0.007902073078167541
3423,2748,2300,0.014521739130434778,0.002138992752815527,0.012766126410442282,0.004913043478260867,0.0008239995831302439,0.007060222401201053
3424,2748,2281,0.01218763700131521,0.0018643644093212421,0.01014548229715734,0.005085488820692677,0.0001719197445085907,0.006254504758966795
3425,2748,2321,0.010426540284360188,0.0012606988562712722,0.010106920824905826,0.004954760878931492,-0.0006467968891765835,0.006752755675042305
3426,2748,2304,0.01206597222222222,0.0012220360299241182,0.011236117940846207,0.005251736111111109,-9.039135744420989e-05,0.0070488039689702315
3427,2748,2267,0.014027348919276574,0.0019752371343277355,0.013855952690968803,0.004322893692104101,0.0003214495353425936,0.007464265634177817
3428,2748,2306,0.014483954900260188,0.0022937535897708796,0.012340569928890842,0.0069817866435385924,0.0016915373197451413,0.008153314845861568
3429,2748,2295,0.0171677559912854,0.0031316237058842647,0.015617573226764566,0.00810457516339869,0.0010137974939688833,0.010115634369801351
3430,2748,2310,0.011168831168831167,0.0014624485854070636,0.010308548185411178,0.004805194805194803,6.763467099604773e-05,0.006659739402429177
3431,2748,2312,0.011591695501730101,0.0015717494541206795,0.01092541289810798,0.003719723183391001,0.00024999465094345524,0.006051539417322331
3432,2748,2305,0.011626898047722338,0.0014349164620440285,0.010886118816042806,0.0041214750542299325,-0.0006490762710065018,0.00636714167405076
3433,2748,2288,0.015996503496503493,0.0028430797136786744,0.01369442980723811,0.005594405594405593,0.0004761942335931744,0.007511878230828038
3434,2748,2328,0.015206185567010306,0.0024697681521184166,0.012085414828010727,0.004853951890034363,0.00043840220790982836,0.006213888926108673
3435,2748,2315,0.01399568034557235,0.0023138217799177313,0.013769064302542003,0.0028941684665226763,-0.000530657638946349,0.0064321522134393955
3436,2748,2289,0.014504150283966793,0.0018267388868935285,0.012049503709067558,0.002271734381826123,-0.0009845759523587749,0.004741807899059787
3437,2748,2292,0.012390924956369979,0.0017053438447445946,0.009429675668252362,0.002486910994764396,-0.0013321414260279948,0.0038362199581774333
3438,2748,2311,0.012808308091735178,0.001888562257482424,0.010828948091804085,0.005062743401125052,0.0005577551127788918,0.006381835236422784
3439,2748,2312,0.01513840830449827,0.0028268272457295063,0.012396760308966054,0.004022491349480966,-0.0005079094689071172,0.0058963418250107
3440,2748,2300,0.011130434782608693,0.0015600679884516713,0.010235051508434505,0.004739130434782607,-0.0005555771532731318,0.006390057475062857
3441,2748,2315,0.01399568034557235,0.0017618792350572684,0.011513981446630349,0.005442764578833691,0.00011346944341506948,0.006673088936151262
3442,2748,2307,0.014651061985262242,0.0027528453359700463,0.014486803275698864,0.004117902037277849,0.0006850636001753983,0.007368681476720392
3443,2748,2342,0.011955593509820665,0.0015550647085685201,0.011134015487937797,0.006575576430401364,0.00035904834136750457,0.007807894826708639
3444,2748,2298,0.01714534377719756,0.003038395249212568,0.015765057809773473,0.006657963446475194,0.0011093985357890127,0.009221403792206043
3445,2748,2322,0.014728682170542634,0.0016466795768419293,0.013602942293062156,0.007105943152454777,0.0010542319577277498,0.008838874953502666
3446,2748,2328,0.016237113402061853,0.0032643326599246813,0.014398333978117671,0.005970790378006871,0.0011752832289092638,0.008088833862954654
3447,2748,2279,0.014743308468626586,0.0019565824413469686,0.014584668689634003,0.004870557261956997,6.205739558723396e-05,0.007864291714476373
3448,2748,2333,0.011573081868838403,0.0014933948537880267,0.01124101452206597,0.006043720531504499,0.00131983402939002,0.007723252721999168
3449,2748,2306,0.009973980919340847,0.001083172335067924,0.00888748100088312,0.004206418039895922,-7.69988609132745e-05,0.0057148020246407935
3450,2748,2297,0.010709621245102306,0.0005378679224356131,0.009921485968278786,0.004135829342620808,-0.0002624563489510366,0.006077688130015555
3451,2748,2285,0.011903719912472644,0.0005347906487384897,0.011204857808603237,0.004945295404814003,-0.00045015793402020284,0.006898657130905063
3452,2748,2315,0.01546436285097192,0.0029455098528737723,0.01401849758990346,0.0057451403887688966,0.0010211687043254409,0.008004612297720624
3453,2748,2332,0.013722126929674096,0.0023237705984811502,0.014030616449065232,0.00471698113207547,0.00023411181722346043,0.007888821101328401
3454,2748,2307,0.013524057217165148,0.002349937047756621,0.012096241399433156,0.004464672735153876,-0.00041403251442587104,0.006533684871218947
3455,2748,2301,0.013646240764884831,0.002184171800743041,0.013982315135876163,0.004867448935245543,-0.00024358962887384647,0.008078795947109453
3456,2748,2297,0.01384414453635176,0.002383632265148645,0.012707277867203066,0.004745319982585979,0.0006196172787604732,0.007259641724797668
3457,2748,2306,0.013269731136166519,0.00245312046424384,0.011515683843890985,0.004509973980919338,0.000236049764436545,0.006210743776144322
3458,2748,2312,0.014619377162629756,0.0022300910550094866,0.015063564397065047,0.00514705882352941,0.0009218532417576071,0.008598370474678357
3459,2748,2322,0.014900947459086992,0.002106252640507195,0.014350978569737317,0.004263565891472866,-0.000362342705918817,0.007207964858661203
3460,2748,2285,0.014617067833698026,0.0026931173600602183,0.012584979994045354,0.005076586433260391,0.00024072458103256204,0.006835337437915032
3461,2748,2325,0.012559139784946232,0.0016558146351884633,0.011975611050242859,0.0035698924731182775,-0.0007272861172944742,0.006109064212329983
3462,2748,2284,0.01891418563922942,0.0036232104585937177,0.016729235032288958,0.005385288966725042,0.00044103745571549184,0.00837355606447635
3463,2748,2306,0.012402428447528185,0.0015305821977517856,0.011689465139407565,0.005507372072853424,0.00015953082533171103,0.007494877426329087
3464,2748,2289,0.01389252948885976,0.0027277326721250696,0.011829718609287757,0.00441240716470074,0.00015645130938652123,0.0063056994985544144
3465,2748,2299,0.00965637233579817,0.0008354377638135198,0.00929875956196155,0.007003044802087862,0.0013260410963420197,0.00786623099641588
3466,2748,2275,0.012835164835164831,0.001771065586424272,0.009550639898472416,0.006549450549450548,0.0014143318250718594,0.006467693790942628
3467,2748,2280,0.01245614035087719,0.0017745577613670863,0.011234816632024195,0.005657894736842103,0.0003832737103203849,0.007347885394679949
3468,2748,2280,0.012456140350877191,0.00212971892249274,0.011918874125799277,0.004298245614035087,-0.0003063255131897697,0.006747335709756472
3469,2748,2279,0.015006581834137774,0.002806922285307873,0.014426115398228273,0.004300131636682754,-2.2760540389809324e-06,0.007491408822985777
3470,2748,2272,0.015228873239436617,0.0023903409915596125,0.014633644898803417,0.005853873239436619,0.000852133790536612,0.008514234858982714
3471,2748,2307,0.012917208495882095,0.0019747669852133963,0.010407251617483316,0.0038578240138708256,-0.0011737940692850826,0.0052711548066667994
3472,2748,2322,0.011800172265288542,0.0020695186183549027,0.011228204218879531,0.0023686477174849245,-0.0009455795977728687,0.005195071614237142
3473,2748,2306,0.01561144839549002,0.0026704052747735137,0.013823030941943999,0.006331309627059842,0.0004468079118185888,0.008208394196498886
3474,2748,2332,0.019125214408233275,0.003941441994297266,0.017745676139294907,0.007375643224699827,0.0017339400398103792,0.010374344339485506
3475,2748,2327,0.013321873657069185,0.0020195487141598015,0.011181657980632885,0.004211431027073483,0.000250608718500715,0.005864534322689107
3476,2748,2314,0.008815903197925665,0.0003378193338797898,0.008266579825541171,0.00427830596369922,-0.00024246527108766157,0.005585902337688797
3477,2748,2296,0.014111498257839717,0.0017074192937041046,0.012663245888996867,0.004703832752613239,3.291911033740992e-05,0.006996336819793188
3478,2748,2320,0.011465517241379309,0.0017139527136286938,0.01225277168327204,0.0037068965517241355,-0.0004687389296789807,0.006592845449784027
3479,2748,2324,0.012306368330464713,0.0023286406206706697,0.010039687201606192,0.003227194492254732,-0.00016511804664501084,0.004813467184920307
3480,2748,2311,0.012808308091735178,0.001965962881320776,0.01072732590919493,0.0027693639117265237,-0.0002101858314698059,0.004710740741857342
3481,2748,2298,0.009660574412532635,0.001409293089745459,0.008474753683387862,0.0032637075718015642,-0.000776587534982164,0.004552747254969635
3482,2748,2314,0.010976663785652546,0.0011555013683914074,0.009625256043461526,0.0025064822817631787,-0.0011141152129480367,0.00441027840168177
3483,2748,2270,0.009691629955947134,0.001276550978925847,0.00956141948842477,0.004096916299559469,0.000162086047177134,0.005990016539517088
3484,2748,2288,0.011625874125874123,0.0007287018413900449,0.011471519186931744,0.003977272727272725,3.548826957348333e-05,0.006264714753527684
3485,2748,2288,0.01442307692307692,0.0020429510371383908,0.012280832010210322,0.004152097902097899,0.00012220021190743682,0.006179159610098423
3486,2748,2265,0.01236203090507726,0.0011478367075223256,0.011126908370145959,0.00596026490066225,-0.00011550862549192527,0.0075937083435230444
3487,2748,2293,0.013344962930658523,0.002204794754641251,0.012291368558302998,0.0036633231574356726,0.00042650860992006213,0.006143416589734023
3488,2748,2315,0.010539956803455722,0.0011194886694054955,0.010571617883303677,0.006177105831533475,0.0013334748029169622,0.007918971456662855
3489,2748,2289,0.014941022280471818,0.0029394842943774235,0.014794778271244346,0.003189165574486674,-0.0005088251560735318,0.007079271158250206
3490,2748,2322,0.01619293712316968,0.0032789061957612955,0.014134977591465396,0.0045219638242894045,0.0003538959799764181,0.00705148072414861
3491,2748,2271,0.013562307353588725,0.0027639374066160886,0.013505388394542954,0.004535446939674151,0.0002085826614988658,0.007442368297177219
3492,2748,2340,0.016495726495726493,0.0025823889668380572,0.01544311229272171,0.004358974358974357,0.00027644136343769074,0.007478327413634589
3493,2748,2322,0.015503875968992244,0.002579014047918434,0.01409096206043357,0.007364341085271315,0.0007343991000317403,0.009230454988301903
3494,2748,2300,0.014956521739130431,0.002324422321386867,0.012496315933952505,0.005086956521739129,-0.0005550312309565508,0.006605764774607505
3495,2748,2325,0.013849462365591396,0.001912802161097275,0.012524704956807815,0.004946236559139784,0.00028691043784785295,0.007091556546179242
3496,2748,2263,0.014228899690676092,0.001800242754407175,0.013018589125844726,0.00539107379584622,0.0005613507544546114,0.007453564793230894
3497,2748,2279,0.01579640193067134,0.0034304320589632056,0.014521800471201362,0.007985958753839402,0.0018563156042879813,0.009621860524036388
3498,2748,2324,0.015834767641996556,0.0031720738161427077,0.014271569710121066,0.008648881239242682,0.002241022202896176,0.010013071843403904
3499,2748,2303,0.011550151975683888,0.001735533120798236,0.010700504220577469,0.0032132001736864947,-0.0003653742547558951,0.005540600203465662
3500,2748,2341,0.010593763348996152,0.00131441441223122,0.009797007157618842,0.00508329773601025,0.0001865192817071432,0.006399706399957919
3501,2748,2301,0.009561060408518033,0.0015180720318427015,0.008948376883458387,0.0036505867014341577,-0.00016066890277869814,0.00526619303862231
3502,2748,2315,0.014254859611231099,0.0024059630208927932,0.011439137430536817,0.005961123110151186,0.0007389153833175066,0.007054437419105266
3503,2748,2374,0.015080033698399322,0.0028088913999702206,0.014055248603126869,0.005770850884582981,4.5504697336347666e-05,0.008214242482617451
3504,2748,2293,0.010204971652856516,0.0021166665931224285,0.007516341719233548,0.00532054077627562,0.0008106471583538536,0.00513073991587908
3505,2748,2292,0.012827225130890048,0.0015348062951846173,0.013113805963793428,0.005410122164048864,0.0006537055028519235,0.008172621948025803
3506,2748,2302,0.017376194613379664,0.0028870372098446693,0.015864095007191055,0.006689834926151169,0.0010301391976402254,0.009456269854783456
3507,2748,2292,0.01221640488656195,0.001447694531447727,0.012333219532893845,0.0035776614310645705,-0.00100333281055151,0.006373909013313046
3508,2748,2272,0.014084507042253518,0.0022000041182692522,0.012499616053177138,0.003477112676056336,-0.0007008321789928802,0.005738283560328994
3509,2748,2327,0.010571551353674257,0.0011599126634296768,0.00943664195542555,0.004426299957026212,-0.0005665682555977177,0.005913412714676405
3510,2748,2285,0.016892778993435446,0.0033067259358397975,0.013095010662276644,0.003894967177242886,-0.0003346300277043546,0.005706324571028511
3511,2748,2334,0.015509854327335043,0.0027684741903678473,0.014115541598720985,0.007369323050556982,0.0014371807113982894,0.009215558010740563
3512,2748,2284,0.012521891418563918,0.001937545490251922,0.01110517885314164,0.0032837127845884396,0.00010533700124373763,0.005451747634187001
3513,2748,2259,0.014077025232403714,0.002111916312008226,0.013541508812681383,0.0038069942452412554,-0.00013380012773795327,0.006773558033314121
3514,2748,2313,0.014007782101167314,0.0024903861454039842,0.012774795721203719,0.00678772157371379,0.0011469992610778944,0.008524110539150672
3515,2748,2286,0.01364829396325459,0.0021266028216948576,0.012166833894146033,0.004243219597550305,0.0002529303500739714,0.006322216411195809
3516,2748,2255,0.013481152993348114,0.002101610861297129,0.012856218650895163,0.00456762749445676,-0.0003625600359621261,0.007159711440878777
3517,2748,2272,0.011619718309859152,0.0015187505699922113,0.011920507527762025,0.004269366197183096,-0.0006232844887057716,0.0070667467007865335
3518,2748,2293,0.011949411251635409,0.0015924594261269088,0.01014099652737369,0.006192760575665065,0.0006757205576533471,0.007054318200769199
3519,2748,2302,0.017897480451781054,0.003412284456696747,0.013342620730234346,0.007080799304952212,0.001146311003750863,0.0076842454317783875
3520,2748,2317,0.014933103150625807,0.0016417392418604333,0.015700662734184946,0.005006473888649113,0.0008469770268990886,0.008679279949753305
3521,2748,2315,0.014341252699784013,0.002927651505443208,0.013318396952914216,0.0044060475161987024,0.0005700622715321195,0.0070098071053929
3522,2748,2308,0.012738301559792024,0.0017257012635561821,0.013450854262674483,0.005329289428076253,0.0003488575608835034,0.008271615952285065
3523,2748,2303,0.015197568389057744,0.0024178675209501235,0.013675376310370559,0.005254016500217106,4.713552887707009e-05,0.0075449813200806105
3524,2748,2298,0.012967798085291556,0.0011971566585257025,0.01089915905005814,0.004177545691906003,-0.0005155020301009757,0.005669257065583549
3525,2748,2292,0.01657940663176265,0.0028345019912396755,0.014586870904290856,0.004668411867364746,0.0002587727795858615,0.007276725152189527
3526,2748,2321,0.01568289530374838,0.0026530243953869566,0.01389342249379929,0.006505816458423091,0.0007096481699490185,0.00854188621197663
3527,2748,2295,0.011067538126361652,0.0011952418980303746,0.011881391109970432,0.004531590413943353,0.0002463745644527934,0.007362780165683835
3528,2748,2310,0.011601731601731599,0.0014392075543964813,0.010558736275760405,0.004978354978354976,-0.0002949615964161082,0.006438159217967483
3529,2748,2296,0.015679442508710797,0.002998846813465476,0.014600433489254239,0.005270034843205573,0.0005677690273100393,0.008071760321882268
3530,2748,2297,0.015063125816282105,0.0030781300887090125,0.012120432543205923,0.0021332172398781006,-0.0003841815545783177,0.004439035211501514
3531,2748,2293,0.01500218054949847,0.0022949423470222077,0.01317515559457815,0.005974705625817704,7.658920239200448e-05,0.0077011618795275695
3532,2748,2327,0.010141813493768798,0.0015072699429233092,0.012044817571732636,0.0023635582294800166,-0.0002819728376045916,0.006249855680884318
3533,2748,2311,0.015404586758978794,0.002347952167666985,0.016181975486628763,0.005452185201211594,0.0004978319539830353,0.00920999033654491
3534,2748,2312,0.014013840830449823,0.0022918511802409915,0.01177355208522483,0.0034169550173010366,0.00024744721493211635,0.005421667317231307
3535,2748,2332,0.013293310463121781,0.002328756107689123,0.0111176443615754,0.005617495711835332,9.317198612160276e-06,0.006762187474217017
3536,2748,2325,0.011182795698924728,0.0021471142565765828,0.011347155548051118,0.0009462365591397837,-0.0006792499665953769,0.004700207875430155
3537,2748,2299,0.01278816876903001,0.0018467612629412184,0.012882851802235385,0.007090039147455413,0.0015747951824079726,0.009262937169568808
3538,2748,2317,0.014501510574018125,0.002145549734735556,0.012495828212298646,0.0038411739318083716,-0.0006982718775366618,0.005944803240648517
3539,2748,2293,0.01177496729175752,0.0014535491858307626,0.012047769249837307,0.004840819886611425,0.00016963501173078283,0.007337742552093413
3540,2748,2307,0.01404421326397919,0.0023255829337019336,0.01186736229390607,0.0065019505851755515,0.0009205271719206478,0.007675618936331433
3541,2748,2311,0.011250540891389006,0.0016365014606366341,0.00976593952399574,0.003418433578537428,-0.00019184767328527845,0.0051259483621210866
3542,2748,2305,0.012060737527114963,0.0010647370736506726,0.011871154880584328,0.003731019522776571,-0.0004625070465560161,0.00642377071514062
3543,2748,2299,0.014702044367116134,0.0019137403760788746,0.014247159406084687,0.006002609830361025,0.00032161164032391224,0.0087745826937864
3544,2748,2306,0.011014744145706848,0.0013228553756816383,0.010534328981174033,0.004553339115351256,-7.256582255554175e-05,0.0065561579144135995
3545,2748,2270,0.013480176211453742,0.00143767598556022,0.013925510339845576,0.004096916299559469,-0.00031095910980791306,0.007430800803023157
3546,2748,2295,0.011677559912854029,0.001050462566587488,0.012785651801821889,0.005359477124183004,0.00012616275715823184,0.008337538070848673
3547,2748,2287,0.012855268911237425,0.0023154459212398892,0.010222637421103213,0.004066462614779186,0.0002596904906788469,0.005330175641597161
3548,2748,2286,0.013473315835520557,0.0026953663078017388,0.012845377943982267,0.006255468066491687,0.0010188480300824863,0.008352294444824087
3549,2748,2303,0.013287016934433344,0.0020511125415798174,0.012680891787388024,0.004732957012592269,0.00012000034734010908,0.007044114095275865
3550,2748,2301,0.015123859191655797,0.0024009302965275455,0.013091876941597257,0.004823989569752279,0.0002362712041141176,0.0069289903619155335
3551,2748,2282,0.016213847502191056,0.002193617895308362,0.013925520414547124,0.004557405784399648,-9.155278287794401e-05,0.006685067738770919
3552,2748,2313,0.014613056636402938,0.0025882877435548066,0.012598553515971915,0.004150453955901424,8.784215733517163e-05,0.006137807273116137
3553,2748,2307,0.014997832683138273,0.002976239244552889,0.0140386439168338,0.0033376679670567818,2.6967515711699776e-05,0.006578867662318265
3554,2748,2342,0.01502988898377455,0.0027690387903181067,0.012730322901869694,0.005807002561912892,0.0011147156450308263,0.0073790202168268265
3555,2748,2289,0.013018785495849715,0.001977864375079568,0.012849487909716682,0.006465705548274354,0.0013302748106196775,0.00867669999283082
3556,2748,2327,0.014954877524709925,0.002153006663899504,0.013125486815374393,0.004641168886978942,0.0002630807715428033,0.006978900374911219
3557,2748,2286,0.01487314085739282,0.0024138917488151705,0.01321215203735016,0.0035870516185476796,-0.0004938377941762131,0.006043266615483856
3558,2748,2287,0.016265850459116743,0.003007272132614988,0.014050314557809787,0.0030170529077393946,-0.00025136323829624233,0.005875114235072027
3559,2748,2295,0.017254901960784313,0.003411500294348481,0.014754188220888545,0.00549019607843137,0.0008427463307369968,0.007676789252763476
3560,2748,2314,0.015730337078651683,0.0027587992818092232,0.01341497406993134,0.007044079515989627,0.0009048306289622462,0.008490691902473606
3561,2748,2313,0.013143104193687848,0.0023314169966321963,0.010680475232412166,0.005058365758754862,-0.0003073847576973192,0.006057686428344146
3562,2748,2317,0.014069917997410442,0.0020302332901991236,0.01191078083372734,0.004920155373327577,2.5292889161198677e-05,0.006459082810169492
3563,2748,2281,0.012362998684787371,0.0019960228906690824,0.011310728770693902,0.006049978079789564,0.0007895327068587679,0.007682329595443674
3564,2748,2277,0.01185770750988142,0.0016182309207001609,0.010947339282491739,0.003425559947299076,-0.0005324288212376063,0.005582389799086295
3565,2748,2273,0.01319841619005719,0.0018975221154488178,0.011333111378487195,0.0074351077870655514,0.0011177699363283528,0.008191123796097762
3566,2748,2313,0.014007782101167312,0.0022278205474221186,0.011678532528459188,0.004496325118893211,-0.00040760586062260986,0.006055078992233517
3567,2748,2277,0.01212121212121212,0.0016264797794675416,0.011892520310884466,0.0033816425120772927,-0.0002337249026927983,0.006212155127613063
3568,2748,2289,0.014329401485364787,0.002304977660839985,0.011873948463769473,0.006334643949322845,0.00046987399721640634,0.007349515588622368
3569,2748,2311,0.013154478580700991,0.0017511515386022197,0.011590002823872628,0.005884898312418864,0.0005181965574600761,0.007253535415561216
3570,2748,2318,0.011389128559102672,0.0015794720070738792,0.00929037017863265,0.005220017256255391,0.00020352345276739687,0.005934397209605262
3571,2748,2310,0.011428571428571425,0.0014122697906137453,0.011742230426428975,0.00437229437229437,0.00023271195204833167,0.007197197614183834
3572,2748,2342,0.013236549957301448,0.0015955159847545117,0.012161309677432114,0.004867634500426984,0.0005192348045967948,0.006997407525708683
3573,2748,2323,0.01472234179939733,0.0025982508630552695,0.012748414577401862,0.0058114507102884185,0.0006937246873979732,0.007669999974657874
3574,2748,2327,0.012806188225182638,0.00215220625087011,0.011078174876201234,0.0060593038246669504,0.0010855141904625894,0.007221695022254349
3575,2748,2289,0.012145041502839663,0.0014203229330955716,0.012678246769521857,0.005067715159458276,0.0001377263356828831,0.007828024500775866
3576,2748,2288,0.009877622377622375,0.0013641432371410312,0.008621001561027707,0.005769230769230767,0.0004597424384176361,0.006563841331233366
3577,2748,2284,0.016374781085814357,0.0030060848060974154,0.014343984175417318,0.004816112084063046,-0.00023446115050519464,0.0072897841417674854
3578,2748,2309,0.013339107838891293,0.002184800302310397,0.01146084045065718,0.004850584668687742,-8.415862786856788e-05,0.00650706940606987
3579,2748,2293,0.017357174007849974,0.0034612840313367676,0.017796795733704313,0.0037069341474051444,0.0003694820286622614,0.008512364008139935
3580,2748,2289,0.0127566622979467,0.0016137276841641337,0.012763200685723107,0.0054172127566622956,0.0005744838537656969,0.007949433180792376
3581,2748,2288,0.015821678321678318,0.0028172511048596355,0.012266182886408157,0.003758741258741258,-0.000656673364665091,0.0054394910470465735
3582,2748,2284,0.013485113835376528,0.0022879968185563863,0.013229490494431295,0.00455341506129597,0.00011198850368065762,0.007388038884231729
3583,2748,2266,0.01315092674315975,0.0028070903968715035,0.010752572702116455,0.005075022065313326,0.0004521247303531336,0.006382933809359715
3584,2748,2319,0.014230271668822765,0.002114724356629831,0.012576383035069211,0.0048296679603277255,-7.082993215701802e-05,0.006835504842866366
3585,2748,2317,0.01337936987483815,0.0012980027673760123,0.011552959304728298,0.004747518342684504,-7.999310259180448e-05,0.006514266111239205
3586,2748,2310,0.012987012987012984,0.0018092427550712728,0.011200272193422844,0.006017316017316015,0.0005685845333078645,0.007299529179612385
3587,2748,2297,0.015672616456247273,0.0022647375153085083,0.013169307539065948,0.004614714845450585,-9.741969047598586e-05,0.006597626212948749
3588,2748,2322,0.012489233419465975,0.0013780490543132214,0.01131014050904142,0.004435831180017225,0.0002194488560313555,0.006323848771132817
3589,2748,2329,0.017174753112923997,0.00345768728059752,0.013664980789619256,0.00562473164448261,0.0002903398316975907,0.00703463943300661
3590,2748,2283,0.01568112133158125,0.002440843524522896,0.012657424509047947,0.005343845816907576,0.00044406395884669835,0.006537744866353105
3591,2748,2316,0.01796200345423143,0.0033450113548175353,0.016344415833414044,0.008117443868739204,0.0009188545055385043,0.010449772915719748
3592,2748,2304,0.014322916666666664,0.00206566524857382,0.013641573774616342,0.004687499999999997,-0.00012767815696984423,0.00749886571744308
3593,2748,2307,0.013177286519289119,0.002304506852855855,0.013212965504585368,0.005721716514954484,0.0007398918428905917,0.008263982297546765
3594,2748,2304,0.01770833333333333,0.003280195719578929,0.01574507021118832,0.0070312499999999984,0.0017822267321336526,0.009419236752355498
3595,2748,2275,0.015648351648351645,0.0018410433794894285,0.014142817093637305,0.0049230769230769215,-3.7706756747717375e-05,0.007355314254457376
3596,2748,2279,0.014216761737604208,0.0023051499208220343,0.01211922859592289,0.0050899517332163215,0.0008122147383030074,0.006962852851029705
3597,2748,2303,0.009986973512809376,0.0005117109669268019,0.009392693466612104,0.005036908380373424,0.0003729998430844397,0.006516405045094422
3598,2748,2313,0.01573713791612624,0.002660323838528721,0.012445200771411612,0.005793341980112406,0.0001947521670793625,0.007135486566430714
3599,2748,2297,0.015150195907705699,0.0029980688750420657,0.0143579105297663,0.005093600348280364,0.0007701636836531218,0.00776671603135305
3600,2748,2290,0.013886462882096067,0.003380236841449461,0.010085029880546461,0.003755458515283841,-0.0003661971374451295,0.0045416950618011745
3601,2748,2303,0.013200173686495871,0.0024447065378287425,0.011494773643336807,0.004950065132435951,0.0006447267756384402,0.006630004722650009
3602,2748,2301,0.01651455888744024,0.0031024849549579903,0.0149529672493169,0.005084745762711862,0.0005703887446359756,0.007810954492960601
3603,2748,2311,0.01635655560363479,0.003477576094983408,0.013660803358972979,0.004370402423193421,0.0007672344572659114,0.006619637244378583
3604,2748,2302,0.01138140747176368,0.0011813186939575813,0.011516655052398968,0.004039965247610771,-0.00030896936137663725,0.006668723751609006
3605,2748,2288,0.013636363636363632,0.0017832594985236223,0.011886136005796424,0.006031468531468529,0.00016092983233232546,0.007437906677984486
3606,2748,2312,0.016003460207612452,0.003079760449633199,0.013976273189928404,0.0051038062283737,-0.00010835383205960523,0.007379397356598156
3607,2748,2317,0.013983599482088905,0.002379304758053565,0.013300463862313096,0.003495899870522226,-0.000619418969073982,0.006320624138713979
3608,2748,2347,0.013890072432893053,0.002364773946833204,0.011658490494102941,0.006050276949296973,0.0014024332987387545,0.0073599791427322175
3609,2748,2304,0.015451388888888886,0.00341033724535522,0.013465558935115297,0.004687499999999998,0.00039568818731985125,0.007022612536330041
3610,2748,2245,0.013184855233853003,0.0020801771116281584,0.013148333677798054,0.004899777282850778,0.0008730550059297066,0.007806740431227109
3611,2748,2281,0.015256466462078035,0.0026816761547681558,0.012049047454301336,0.005392371766768959,0.0009556407086482105,0.00642106442081941
3612,2748,2309,0.014118666089216109,0.0023772544826325902,0.01460021945882589,0.006539627544391509,0.000419616187258806,0.009522845442896354
3613,2748,2327,0.010055865921787706,0.0013652233894203417,0.010127154729820764,0.004899011602922216,0.0006224799846563223,0.006629861552021264
3614,2748,2298,0.0175805047867711,0.002901062133930662,0.015985763727622473,0.007006092254134027,0.000965037341287616,0.009448962544795334
3615,2748,2337,0.014805305947796318,0.0028706773176931113,0.013956239315808073,0.006718014548566536,0.00105056915547542,0.008849575577485344
3616,2748,2328,0.013487972508591062,0.001290457314457215,0.012929679288699088,0.0055412371134020595,-0.00014418842687697597,0.0077208590826141985
3617,2748,2303,0.012505427702996088,0.00216034458787461,0.010691495869452308,0.003213200173686494,-0.00017879841749291863,0.005043268559125833
3618,2748,2299,0.014789038712483686,0.0024096402174974834,0.013386799153897145,0.005393649412788167,0.0006007521611942243,0.007483730675940232
3619,2748,2308,0.011351819757365683,0.0019146670809385385,0.009295768610803928,0.003336221837088387,-4.1272717742802855e-05,0.004764469226455584
3620,2748,2330,0.008669527896995707,0.0011461291485909296,0.00851379408028496,0.003133047210300428,-0.00027665697658660636,0.004916792611506084
3621,2748,2291,0.014229594063727627,0.0038279844369614523,0.010966334821218164,0.005019642077695328,0.0007659114149100398,0.006064232210950454
3622,2748,2308,0.014471403812824952,0.00173064501365129,0.014111934482270425,0.005892547660311956,0.0004589886349009758,0.008735664530101791
3623,2748,2296,0.015418118466898952,0.0026659761535890187,0.013711464883064241,0.003919860627177698,-0.0010204129258259296,0.006573982199149594
3624,2748,2310,0.013419913419913417,0.002605461191552926,0.012228946666787525,0.005151515151515149,0.00033054101082152006,0.007083729763752755
3625,2748,2277,0.013087395696091346,0.0015786345338630026,0.011578331760987574,0.005357927097057531,0.0003903603039334323,0.007039585730558789
3626,2748,2267,0.013056903396559327,0.002688702241489167,0.00992436642344947,0.005910895456550505,0.0007308614567777513,0.006242527444233232
3627,2748,2303,0.013981762917933129,0.0026856047879484485,0.013238461407701614,0.005688232739904471,0.0007998915837694056,0.00806263252756542
3628,2748,2309,0.010827197921177995,0.000935253908637458,0.010149601452172462,0.005889995669120829,0.000456519134080129,0.007182117609358895
3629,2748,2313,0.013488975356679636,0.0025640372213619287,0.012412359339649424,0.006744487678339816,0.0018753781975405295,0.008388665856272194
3630,2748,2325,0.014709677419354836,0.0033119825015988915,0.014292805660378266,0.005419354838709675,0.0011209225090616677,0.008183497691402164
3631,2748,2283,0.012352168199737185,0.0017003321394313228,0.010764637806669985,0.0037231712658782282,-0.0005205768969177569,0.0056940245390312335
3632,2748,2318,0.007937877480586709,0.0006122601186618085,0.008917194167990921,0.004400345125107849,-0.0002755442940840051,0.006514111126925834
3633,2748,2312,0.013321799307958477,0.002031208170027128,0.012583864889390716,0.0034169550173010366,-0.0008108739153798716,0.00613370522767187
3634,2748,2312,0.01721453287197232,0.003294962678642633,0.013677346426110518,0.005666089965397921,0.0007936652603820395,0.007167013160779275
3635,2748,2302,0.01138140747176368,0.0014414119223034243,0.009717931998003974,0.004865334491746306,0.00015156155236866338,0.006035164285956553
3636,2748,2308,0.01239168110918544,0.0018744657314407095,0.011119408530461157,0.004636048526863083,0.0002903443552179491,0.006408246389242237
3637,2748,2294,0.010374891020052308,0.0017053063580192431,0.007992532074438388,0.0033565823888404515,-0.0005768028017594469,0.0042163904851612016
3638,2748,2298,0.013054830287206262,0.0015289981904854809,0.011631776486328045,0.005700609225413401,0.000295044865724562,0.007294405357101793
3639,2748,2316,0.013039723661485316,0.001775960060480661,0.011754355381702464,0.006865284974093262,0.0009789164528171026,0.008108541764483971
3640,2748,2311,0.012115967113803547,0.0013527092003563672,0.010905270509993011,0.0031588057118130657,-0.0009541081770473802,0.005398121576934969
3641,2748,2311,0.016270012981393335,0.0026649387974889875,0.016104180204660624,0.0056685417568152294,0.0007735331485910353,0.00885129699924894
3642,2748,2284,0.01506129597197898,0.001925940104656164,0.013779004803325782,0.007267950963222415,0.00041230172920468514,0.008930740176158069
3643,2748,2282,0.009903593339176158,0.0006682331943240148,0.010776386122335429,0.004031551270815073,-0.00012614326859326254,0.006708927150881414
3644,2748,2295,0.012984749455337688,0.0015254274422397546,0.01122771788699558,0.003834422657952068,-0.0008157164842837355,0.005543716118728292
3645,2748,2293,0.010989969472307019,0.0013385536756018227,0.012077694544338564,0.0043174880069777564,0.0006482759856984629,0.00761865594887193
3646,2748,2284,0.011996497373029769,0.0018182802156766738,0.011524840561728141,0.00626094570928196,0.0012470390400170113,0.00804070420700483
3647,2748,2284,0.015411558669001749,0.002985359894832943,0.012703437680555842,0.005035026269702275,0.0006533619110540162,0.00670755240458997
3648,2748,2330,0.012360515021459224,0.0019293500932985094,0.010156800747322035,0.003433476394849784,-0.0007554720815721471,0.004962253586531898
3649,2748,2300,0.012869565217391302,0.0019961671224147806,0.009873892148619235,0.004608695652173911,-1.863157000899567e-05,0.005374480166342197
3650,2748,2298,0.009660574412532635,0.0013258403491101277,0.008687513945860582,0.0032201914708442103,0.00028621989769230574,0.005000338653444527
3651,2748,2314,0.011408815903197924,0.001573336683116992,0.01221932989172228,0.004148660328435608,0.0005959714204107939,0.007222194754410719
3652,2748,2311,0.01133708351363046,0.001266642756887084,0.010423847073254932,0.0033751622674167013,-0.0005652170923267306,0.005566348863101207
3653,2748,2314,0.0128781331028522,0.00130905898971071,0.011108462133471796,0.003284356093344855,-0.001337626218777118,0.005243533666313823
3654,2748,2299,0.013571117877337968,0.002363237482861678,0.011563334449356373,0.0023053501522401023,-0.0009927639177422154,0.004635080278580084
3655,2748,2318,0.008714408973252801,0.00027165145409569353,0.008655833597333951,0.0028472821397756668,-0.0007453444185600781,0.004814857891625429
3656,2748,2299,0.015745976511526746,0.0027120163006567406,0.014919307418113757,0.005089169204001738,0.0008863099497226645,0.008136879872465865
3657,2748,2267,0.011380679311865897,0.0014850321225160319,0.011915557133110101,0.005249228054697836,0.0004561079016269313,0.007658046363451785
3658,2748,2292,0.014048865619546247,0.00229279940082536,0.011780416795783307,0.00545375218150087,0.0005629645608206202,0.0068374511953567555
3659,2748,2302,0.011033883579496086,0.0015378317479530761,0.009882995396362549,0.004908774978279755,1.3334702636501877e-05,0.006086524744918149
3660,2748,2298,0.011314186248912094,0.002063072433912262,0.009695133139605768,0.004438642297650129,-0.0003188136645481342,0.005746406673059742
3661,2748,2318,0.010698878343399481,0.0016778556514055445,0.011328804185705097,0.005694564279551335,0.0011636359720895262,0.007809851735206026
3662,2748,2327,0.012118607649333904,0.0018280546709584606,0.010247272720364603,0.004598195100988395,-0.00024103937237434164,0.005921644882111872
3663,2748,2330,0.01484978540772532,0.002569363702673636,0.013411861034825678,0.003648068669527895,-2.803005581417023e-06,0.006421167627891436
3664,2748,2273,0.014694236691597008,0.0023820279983598927,0.012596359089983633,0.004047514298284204,-3.6001667418782265e-05,0.00610841333393403
3665,2748,2283,0.01673236968900569,0.0029087793166989603,0.014357824025396593,0.004905825667980725,0.00021358563595186034,0.0071310952834593945
3666,2748,2313,0.014180717682663204,0.0016371888086234216,0.0135689470403099,0.006182447038478164,0.000357776661889086,0.008330999249056616
3667,2748,2279,0.015533128565160155,0.0026116164328307883,0.014257976884014806,0.009039052215884157,0.0022823760587489983,0.010499906666960926
3668,2748,2292,0.011256544502617798,0.0017348491113232131,0.009725401173817443,0.00532286212914485,2.198607534340852e-05,0.006358578012487975
3669,2748,2304,0.012586805555555552,0.0015128507802384212,0.010733559483465065,0.004947916666666665,9.690734426636104e-05,0.00637234611397622
3670,2748,2294,0.01246730601569311,0.0017979714154276855,0.012038591189623216,0.005623365300784653,1.5860288922672005e-05,0.007549463379574896
3671,2748,2305,0.01249457700650759,0.0016996813644040922,0.012130628145663501,0.0029934924078091085,-0.00042059939211355106,0.005935839102736584
3672,2748,2280,0.01157894736842105,0.0024553797729574313,0.008533931191408566,0.004692982456140349,0.0009978842475114233,0.005043045393347174
3673,2748,2327,0.011087236785560804,0.0012223331691999454,0.00942450732267422,0.00537172324881822,2.341966262101734e-06,0.006377276560763785
3674,2748,2302,0.0157254561251086,0.0030217727443418198,0.01349093494758732,0.006776715899218069,0.0004999676762316214,0.008251599375916666
3675,2748,2323,0.01437795953508394,0.0016706572410047367,0.01405426464118654,0.006457167455876021,0.0002710694479366662,0.009025492513977369
3676,2748,2325,0.011096774193548384,0.001729966919590346,0.00815192528716766,0.004258064516129029,-0.00036457297643039625,0.0047578295960352375
3677,2748,2331,0.011668811668811665,0.0014814380873851033,0.010763039490722808,0.004504504504504503,-6.261622906923118e-05,0.006490837986167893
3678,2748,2326,0.014187446259673256,0.0027036388385251937,0.013954625805935164,0.005588993981083403,0.0008797433828643234,0.008228347428542759
3679,2748,2316,0.012176165803108806,0.0020814251579027248,0.010682167178667958,0.0028497409326424853,-0.0009620075055592919,0.005077908700356442
3680,2748,2321,0.011977595863851786,0.0017306603922427068,0.010599521613184516,0.005428694528220592,0.00022725393977035573,0.006838795225732452
3681,2748,2303,0.014850195397307857,0.002835360552870953,0.011609749842491123,0.005254016500217107,0.0005526303212185185,0.006187697475036409
3682,2748,2294,0.013077593722755012,0.0023704196881096885,0.012328992220053264,0.005100261551874452,0.00015239108997742326,0.0072865360293698596
3683,2748,2274,0.015831134564643797,0.0026857475329135987,0.01558642658922433,0.006640281442392259,0.0007511937324543203,0.009487943214344206
3684,2748,2306,0.01283607979184735,0.0026324172097824798,0.010678277488002269,0.004726799653078923,0.0006703966356615514,0.006047719300170792
3685,2748,2259,0.014785303231518367,0.002500495844044278,0.012587435978609677,0.0036299247454625915,-4.788142946304245e-05,0.005943573072483137
3686,2748,2291,0.015364469663902222,0.0026654502224820313,0.015060921615797845,0.00646006110868616,0.0007000871956379107,0.008985393603516589
3687,2748,2299,0.013919095258808174,0.0022048556078905885,0.015826371519243165,0.0060461070030448,0.0013185201181508273,0.009993374044114755
3688,2748,2286,0.013910761154855641,0.0025414018288838548,0.014187317893195982,0.004768153980752404,0.0009688496733018017,0.008193585872941455
3689,2748,2305,0.015271149674620385,0.0027344093461687748,0.01348841946520521,0.005509761388286331,0.00046895165016042463,0.007508034046659259
3690,2748,2296,0.01062717770034843,0.0020383248584216764,0.009870850936746353,0.003789198606271775,0.00019485626551526088,0.005786735509420821
3691,2748,2347,0.012441414571793775,0.0016169807996301094,0.011784666782974755,0.004899872177247549,5.4624910970242705e-05,0.007046219999382061
3692,2748,2346,0.013895993179880646,0.00211032109097448,0.012346544467822813,0.005797101449275361,0.0007220641390709222,0.007538217234957252
3693,2748,2305,0.01796095444685466,0.0037790440533641907,0.015993007417981542,0.0066811279826464185,0.000876736402247133,0.009210160513515453
3694,2748,2340,0.015641025641025638,0.0026211268169616564,0.01479838965152338,0.004999999999999998,6.103393233812217e-05,0.007848032880565852
3695,2748,2324,0.015404475043029256,0.003332421776623703,0.014201428867034755,0.0045611015490533546,4.425343304071672e-05,0.007387495478212244
3696,2748,2286,0.012423447069116359,0.0015518859650967508,0.011805202855703117,0.003980752405949255,-0.00017224860291184443,0.006481164492132276
3697,2748,2298,0.01270670147954743,0.002433181838427776,0.009640139461245447,0.005265448215839858,0.00042110085339768557,0.005677660245249785
3698,2748,2274,0.01433597185576077,0.0020636372587724363,0.013471904154457738,0.006200527704485486,0.00013272167790690783,0.008362567082514576
3699,2748,2305,0.01414316702819956,0.0020605450136770755,0.013728726397284795,0.006594360086767894,0.0006696109394463168,0.00886788918107275
3700,2748,2296,0.012717770034843203,0.0014961272443575252,0.013153179393722209,0.004529616724738674,-0.000346406622208935,0.007551362159526454
3701,2748,2291,0.013443910955914446,0.0022375976507902962,0.012995774783728396,0.0042339589698821446,-0.00010561623112797005,0.007071813559439321
3702,2748,2306,0.013616652211621854,0.0020680259470575962,0.012894595032093689,0.006721595836947093,0.0011724815819231028,0.00870967041528455
3703,2748,2305,0.012928416485900212,0.0017449891912265302,0.012001567590465381,0.0032537960954446836,-0.00046092958206890794,0.005854536581289402
3704,2748,2310,0.014545454545454544,0.0022453057192831937,0.012923923006280237,0.006017316017316015,0.00045558743953627855,0.007913470559579394
3705,2748,2290,0.017117903930131,0.003785755031353343,0.014670929831338216,0.0045851528384279455,0.0004646784039946248,0.006874924007376403
3706,2748,2333,0.011058722674667808,0.0015025390377817066,0.009802439089827095,0.006043720531504498,0.0009135442447045092,0.007038330170548784
3707,2748,2314,0.010717372515125322,0.001489634787614657,0.012274355767191483,0.0020743301642178026,-0.0012227617101958955,0.006035879614464268
3708,2748,2312,0.01358131487889273,0.002530792795508788,0.011587768937230677,0.004671280276816608,5.6908134163579685e-05,0.006457469063994221
3709,2748,2297,0.012451023073574223,0.002038499698821197,0.012309043949543812,0.003961689159773616,-0.00040696381754949304,0.006822203001895726
3710,2748,2308,0.01282495667244367,0.0017305736586024686,0.013151982209146528,0.003942807625649911,-0.0010152120919484223,0.007170114191598176
3711,2748,2325,0.015139784946236554,0.001960034436185267,0.014474515971242965,0.006924731182795696,0.0007699881842212071,0.009178431814211033
3712,2748,2288,0.012499999999999997,0.002089162591800244,0.011969202067004444,0.004807692307692306,0.00022462526384303295,0.007149826158620218
3713,2748,2349,0.014644529587058319,0.0019196978422283805,0.01416754549189288,0.004044274159216685,-0.0005748377450042884,0.0071061321411377
3714,2748,2309,0.012559549588566478,0.0018238780146290529,0.011344801184334936,0.005500216543958421,0.0008143554687820162,0.007209838952144184
3715,2748,2280,0.013421052631578945,0.0018050386492296316,0.010674693324545079,0.0046491228070175425,-2.0414569701991607e-05,0.005630482598543049
3716,2748,2297,0.010100130605137134,0.0015230384849382111,0.008019759445604232,0.0025250326512842817,-0.0005962531625889283,0.003956031348309732
3717,2748,2317,0.016745791972378073,0.002890441353113486,0.014448133083759803,0.0063012516184721605,0.0006407552079857113,0.00828606994152461
3718,2748,2300,0.012086956521739129,0.0011353745800451983,0.011399511661107758,0.006826086956521737,0.0005102143832765696,0.00821448100025313
3719,2748,2318,0.012855910267471954,0.002582925911079369,0.012646893696668372,0.0030629853321829134,-0.00048617258497266606,0.006213175023686385
3720,2748,2305,0.01605206073752711,0.0026930474162257284,0.01586321023626548,0.004815618221258132,0.0004322114384793557,0.008456390775214888
3721,2748,2308,0.017331022530329285,0.003294080672552988,0.01638458949077189,0.004159445407279027,-0.00023449812895068921,0.007898064230896886
3722,2748,2291,0.010475774770842423,0.001351641028413062,0.009939434453235373,0.00541248363160192,0.0005577811659769954,0.00691274581931584
3723,2748,2320,0.013275862068965515,0.0019028807613406388,0.011921080636022346,0.0057327586206896534,0.0005625567471136769,0.007462957409722492
3724,2748,2281,0.010258658483121436,0.0009327166595265047,0.009979125653589391,0.006137658921525645,0.0009318032558747487,0.00733192482160183
3725,2748,2321,0.01430417923308918,0.001976409463326344,0.01236635567483568,0.006204222317966392,0.0009504400617592242,0.007640931887715053
3726,2748,2287,0.014604285089637075,0.0025012690156864924,0.011949885717292733,0.004066462614779186,-0.00018082850019099063,0.0058296337774830275
3727,2748,2338,0.015312232677502138,0.002695136634105461,0.014933521801625231,0.005303678357570571,0.0001332940629094915,0.00853601587862246
3728,2748,2332,0.013207547169811318,0.001850330836875941,0.011152158056109026,0.005360205831903944,0.00021757887129826862,0.0066155838285312666
3729,2748,2296,0.013414634146341461,0.002256989476201117,0.011683850116908494,0.004878048780487803,0.00036732438521120374,0.006810129626978289
3730,2748,2318,0.011906816220880067,0.0021121124427651264,0.012106797262955885,0.004616048317515098,0.0011029458833852351,0.007486693993011401
3731,2748,2308,0.013778162911611783,0.0019107795870024849,0.011701932910878173,0.004029462738301557,-0.0006752330204689535,0.005860914857790011
3732,2748,2275,0.0167032967032967,0.003333006155058252,0.01521044941707833,0.005494505494505493,0.0006002737598480464,0.008209988134177284
3733,2748,2274,0.015039577836411605,0.0026083153099521485,0.012872468466810947,0.0055408970976253274,0.00019862715981826528,0.007490566209604429
3734,2748,2325,0.01212903225806451,0.00148710518225298,0.0125432468411484,0.0043440860215053735,-0.00016698740090722087,0.007209065302809157
3735,2748,2296,0.011672473867595817,0.001409571101720055,0.01186112993767724,0.0038763066202090572,-0.0006665140829698879,0.006502200060517248
3736,2748,2321,0.014131839724256781,0.002756935586374414,0.013383694884339417,0.0022404136148211954,-0.0010580453970983111,0.005600507570462254
3737,2748,2300,0.012347826086956518,0.0021647200082498476,0.011175880620217614,0.00343478260869565,-0.00040727759645822466,0.005663848910356349
3738,2748,2283,0.01795882610600087,0.0032564557087597654,0.015871143076686595,0.00494962768287341,0.0002803888749342701,0.007852041423173943
3739,2748,2264,0.012544169611307419,0.002229533516672661,0.011472255522035625,0.004240282685512365,-0.0007252093962171019,0.006290534687280409
3740,2748,2298,0.011749347258485636,0.0012992231009216423,0.011020781338788255,0.00548302872062663,0.0007240938850512197,0.007029945289723707
3741,2748,2361,0.013384159254553153,0.00200989933337122,0.012111164960857223,0.0049978822532825064,0.0003655897720877209,0.007083528800374235
3742,2748,2296,0.01454703832752613,0.0026447652365345457,0.013313736837425373,0.006097560975609755,0.0014771474405611345,0.008134220379307704
3743,2748,2282,0.014811568799298859,0.0029368899479924973,0.013222184596050861,0.0031113058720420674,-0.00018362524781832956,0.005877662967046386
3744,2748,2290,0.012314410480349341,0.0019658208942432984,0.011159082683516328,0.0035371179039301293,-0.0008065868530372297,0.005812226037669337
3745,2748,2280,0.012894736842105261,0.001714467188144606,0.011683843130587951,0.004166666666666664,-0.00026663552161210717,0.006162113722532361
3746,2748,2333,0.016888126875267893,0.0025385184579167185,0.014528546034014815,0.007672524646378052,0.0017715719699299968,0.009101827795908615
3747,2748,2297,0.014018284719198953,0.0018517623153694411,0.012364137750014896,0.0072703526338702635,0.0015950849850275826,0.008406202652613876
3748,2748,2310,0.012467532467532464,0.002169977363699609,0.01116985778818393,0.00554112554112554,0.00047769482631041855,0.007161149543115381
3749,2748,2337,0.012751390671801451,0.0018722786344765013,0.010078424229802879,0.0038938810440735964,-0.00036044922326989264,0.004985522342492035
3750,2748,2319,0.01647261750754635,0.002492120224096909,0.013841220617537462,0.005605864596808966,0.0003984570560339889,0.0073308832183599975
3751,2748,2296,0.011759581881533098,0.0018284781723911946,0.011326175803650924,0.002700348432055748,6.402829899225991e-05,0.005337062888832395
3752,2748,2306,0.011101474414570683,0.001958958623014496,0.009559099436997518,0.005984388551604507,0.0017814752690578264,0.006887404214842482
3753,2748,2302,0.0104257167680278,0.0016283198084580607,0.0085062211181937,0.0029539530842745423,-0.0007013711052008541,0.004291037100348345
3754,2748,2303,0.015718627876682587,0.002804480951986693,0.01384544283065501,0.007164567954841508,0.0016108241640913447,0.00876399283887161
3755,2748,2297,0.011057901610796688,0.0012463135459277743,0.010560611708976124,0.0036569438397910294,0.0003196859473199584,0.005803999661986766
3756,2748,2304,0.014409722222222218,0.0024071776484992195,0.01149790340653795,0.006206597222222219,0.0009278859265807633,0.007271157712538962
3757,2748,2328,0.012714776632302404,0.0024842582749067155,0.01131483851132095,0.0061426116838487945,0.0012124964169015551,0.007558723806731201
3758,2748,2334,0.013024850042844899,0.0024095275621477995,0.011050568126204145,0.0018851756640959711,-0.0005948897559428399,0.004434529754554554
3759,2748,2300,0.012086956521739125,0.0013986570324557544,0.01062125599121321,0.004391304347826083,-0.0009159366265758657,0.006025437804216729
3760,2748,2319,0.01060802069857697,0.0008711043958363599,0.011095975187652252,0.005433376455368693,0.0006654815051142414,0.00776455902735958
3761,2748,2259,0.01080123948649845,0.0015302004088688377,0.01053279903157024,0.0016821602478972976,-0.0009912224217650178,0.004580835702679339
3762,2748,2304,0.01597222222222222,0.0022343984479047253,0.013056830047355993,0.005295138888888887,0.00031093362207613935,0.006862300433756322
3763,2748,2321,0.014821197759586381,0.0026191732901129795,0.014497356641166371,0.003920723825937095,-0.0008003245131602101,0.007192096615927164
3764,2748,2292,0.015968586387434553,0.0021860523783482472,0.015478422414980672,0.004188481675392669,3.13463687804641e-05,0.007556283993612805
3765,2748,2335,0.012847965738758026,0.0011871180794702117,0.010934878849112555,0.006895074946466807,0.00045887797295154263,0.00766127633307428
3766,2748,2319,0.01630012936610608,0.003175835848899778,0.013968218800738704,0.004269081500646829,-0.0005388665089371483,0.006555125838343103
3767,2748,2332,0.011578044596912519,0.0017575652819634953,0.00837298649180786,0.0038593481989708384,-8.296069852590759e-05,0.0043551725811265185
3768,2748,2289,0.01625163826998689,0.002351008276593995,0.013124341981216191,0.004892966360856267,-0.0003418097585785973,0.006635532392351378
3769,2748,2323,0.010331467929401632,0.0014440385024114288,0.009897748627399597,0.004175634954799826,-0.0003275370972150517,0.006090608610182604
3770,2748,2316,0.012003454231433503,0.0017895776193611614,0.0116472052617572,0.004058721934369601,-0.00013435716662322128,0.00653442715073355
3771,2748,2316,0.013298791018998269,0.002012048216952072,0.012731428604331529,0.0053108808290155424,0.0004109563836333457,0.007632473973393973
3772,2748,2284,0.012872154115586686,0.0014007953158449117,0.013285732635043393,0.002495621716287213,-0.001109430900667721,0.006240820781733452
3773,2748,2315,0.014859611231101508,0.0027228713221177305,0.01423610430495529,0.002980561555075592,-0.0013948200916496713,0.006468147774510295
3774,2748,2328,0.010481099656357384,0.0011874309314385276,0.009252109338482174,0.004037800687285221,0.00035521665101922426,0.00562699542899838
3775,2748,2306,0.012575888985255853,0.0014582697620860207,0.011578589614347231,0.006504770164787509,0.0014356179773813882,0.008036744489703429
3776,2748,2302,0.012597741094700257,0.0014695128935059338,0.011632060457808709,0.0019548218940052113,-0.0012066530411907873,0.004662615351416469
3777,2748,2333,0.014659237033861978,0.0016364327791716447,0.01406110973525031,0.0038576939562794663,-0.0008400158005149579,0.006877258197425235
3778,2748,2308,0.014818024263431541,0.0024190163087741048,0.013640174870231999,0.008145580589254763,0.0013328492452647721,0.009755005442570035
3779,2748,2318,0.013718723037100944,0.0019840509260997635,0.013164839997684233,0.005133735979292491,-7.024064488787885e-05,0.007563876122181869
3780,2748,2296,0.013153310104529614,0.002001459954237054,0.013084093034247735,0.0027003484320557475,-0.0002123626921653641,0.006164964412495326
3781,2748,2291,0.011523352247926668,0.001841629243915624,0.0095850298273435,0.0056743780008729795,0.0014357777075647516,0.006594761773891574
3782,2748,2317,0.009149762624082862,0.0008522537139282378,0.007529005807114568,0.005049633146309881,0.0003732539882901434,0.005458829720623067
3783,2748,2278,0.013257243195785775,0.0023048161580893367,0.012520489644195706,0.0047848990342405605,0.00039752987180191314,0.007152668722305225
3784,2748,2299,0.01722488038277512,0.002918663255946825,0.01753132317363351,0.005567638103523268,-0.0003041947092578516,0.009592842153971095
3785,2748,2300,0.009826086956521736,0.0006122572380415273,0.008976099428477678,0.0024347826086956507,-0.0009634513691010165,0.0044231337484092895
3786,2748,2323,0.014636246233318984,0.0029955759902164656,0.013672783654670964,0.0043908738699956935,4.3598018908690875e-05,0.007043713103962441
3787,2748,2319,0.016213885295385935,0.0027348417496307485,0.01366428754259355,0.006166451056489865,0.0013312929465649507,0.007933871273642666
3788,2748,2291,0.008991706678306413,0.00033178708099406166,0.008843704599678174,0.004626800523788737,-0.00036602549078880355,0.006067731377032797
3789,2748,2294,0.01578029642545771,0.0032844411099386675,0.012464220123764061,0.008020924149956405,0.002123123085046886,0.008562333676582129
3790,2748,2287,0.011368605159597723,0.001466183648889493,0.010206603381752792,0.0031919545255793603,-0.0004948730741561549,0.005083196621040691
3791,2748,2330,0.014077253218884115,0.0019178624052625009,0.012966424346780707,0.006609442060085835,0.00049310187047491,0.008479225808203584
3792,2748,2303,0.012592270950933562,0.0017374013883058508,0.011694749406321585,0.0051671732522796335,0.000368835272822732,0.007068104301096432
3793,2748,2292,0.010296684118673644,0.000977253003794985,0.00871113051397002,0.0038830715532286193,0.00046854291666862617,0.004971326355883755
3794,2748,2308,0.014731369150779893,0.002939882488847833,0.014531120693407583,0.0060658578856152496,0.001077672417074722,0.008899356698623469
3795,2748,2295,0.017254901960784313,0.0030522232513676343,0.014643101679242194,0.0057080610021786465,0.0006025774177421821,0.007738744833393764
3796,2748,2299,0.01531100478468899,0.002976777468807479,0.013089224650640595,0.006263592866463678,0.000870219589251199,0.007772422009575838
3797,2748,2315,0.012440604751619868,0.001737736331217597,0.012310006864368506,0.005485961123110149,0.0008250010887907814,0.007739221626656982
3798,2748,2316,0.010794473229706386,0.0013506218582312198,0.011145997064422812,0.006131260794473228,0.0014566818851617569,0.008249869716566435
3799,2748,2326,0.01711092003439381,0.0030215426179420585,0.015429958015262243,0.0073946689595872726,0.0016647175632853325,0.009566187009574529
3800,2748,2295,0.011764705882352938,0.00152739589416608,0.00994847040782924,0.004705882352941174,0.00011744305527001486,0.0059298871141092125
3801,2748,2316,0.015025906735751294,0.0021741172340153827,0.013708013652286608,0.005958549222797925,0.0005099376835347295,0.00809127587419126
3802,2748,2285,0.016367614879649887,0.002289074276488988,0.015620655480143325,0.005426695842450763,-0.00021655188634211195,0.008536282582779619
3803,2748,2319,0.01103924105217766,0.0021608309954228274,0.009712174842996524,0.004441569642087104,0.0002579276256661933,0.005758610037499885
3804,2748,2339,0.01154339461308251,0.0009387532337218981,0.012234693854968729,0.005215904232578022,1.729218149052338e-07,0.00792969131974083
3805,2748,2299,0.010178338408003477,0.0008509559630271475,0.008143790560591571,0.004132231404958676,-0.0007727509557428554,0.004725192627481537
3806,2748,2329,0.01021897810218978,0.0014249881268155321,0.008147328892606909,0.004250751395448687,0.00014083716637485434,0.005066266700145123
3807,2748,2295,0.014989106753812632,0.002670516286577559,0.011538881646447346,0.005838779956427012,-7.001601079225324e-05,0.006539088387103951
3808,2748,2279,0.012373848179025886,0.0018579323080554096,0.01103600904639542,0.0036419482229047818,-0.0005087624367028794,0.0056435948651894895
3809,2748,2295,0.010021786492374724,0.001002226715777,0.009162714312738589,0.005620915032679736,0.0006181126868653007,0.00682771826946151
3810,2748,2296,0.012282229965156792,0.0015839446059953098,0.011749249805394112,0.0049216027874564435,-6.446643044073578e-05,0.007022165668972357
3811,2748,2325,0.011784946236559136,0.002124118198169726,0.010998921131616166,0.005462365591397848,0.00024839916464321665,0.007142917703992554
3812,2748,2289,0.009785932721712534,0.0009807224843029051,0.009968605434699202,0.004630843162953253,-0.0004487225220266731,0.006633384088391809
3813,2748,2309,0.01177999133824166,0.0013773340247898245,0.010280637382881447,0.004850584668687742,0.00016971049415066315,0.006352637027746288
3814,2748,2349,0.011409110259684968,0.001447988609249369,0.011482342881672833,0.005193699446573008,0.00040158355320255875,0.0073589946088386815
3815,2748,2270,0.01330396475770925,0.0015744656510964287,0.01234852027251656,0.00515418502202643,0.00014566253343324011,0.007203223764190204
3816,2748,2294,0.01264167393199651,0.0015717963276611073,0.011199892001342802,0.004620749782040102,0.0002807055026612527,0.006307122363981143
3817,2748,2284,0.01497373029772329,0.002792687105333382,0.014572834711373123,0.005691768826619963,0.0010453952980385352,0.008583037595053989
3818,2748,2299,0.014876033057851235,0.002339744294576027,0.013629725350516611,0.005263157894736839,6.271059127678556e-05,0.007556576008654427
3819,2748,2306,0.012489158716392019,0.0012963857519329989,0.011145333335709186,0.004293148308759755,-0.00022243760028972182,0.0062372662286438495
3820,2748,2275,0.014505494505494503,0.002097653286591612,0.014060035802633777,0.00413186813186813,0.00016825652158801593,0.0072798176888591365
3821,2748,2272,0.013820422535211263,0.0023279954362499483,0.013703983424849695,0.006117957746478871,0.0002646938644988887,0.00875196869783538
3822,2748,2306,0.014570685169124022,0.002156356097474696,0.013066360594416918,0.0049869904596704226,0.0004696671362750498,0.00718009304037209
3823,2748,2280,0.012894736842105261,0.0021791213204278266,0.012560590983141983,0.004429824561403506,0.00031964016752167995,0.007126052482721127
3824,2748,2273,0.013990321161460621,0.0029372032259335997,0.013377103280338795,0.006731192256929166,0.0015163399548547849,0.008858291315215597
3825,2748,2316,0.01252158894645941,0.0012720361626710288,0.012844422534888322,0.005872193436960274,0.00042913484441573413,0.008455507383402847
3826,2748,2314,0.012359550561797751,0.0012072184364382722,0.011919670468484952,0.006006914433880724,0.0005454624038521472,0.007967402714945981
3827,2748,2296,0.012282229965156792,0.00179079304762717,0.012174719837437517,0.003963414634146339,0.00013202017322412282,0.006768533624412221
3828,2748,2318,0.011993097497842966,0.0014647768655569903,0.011527628941843893,0.006471095772217427,0.00012820257360661056,0.008098540655967846
3829,2748,2298,0.011401218450826804,0.001318204794804217,0.010537851054724502,0.0047867711053089625,0.0005954319720007274,0.006598990530409713
3830,2748,2344,0.015443686006825934,0.002835951672467113,0.015190843590128454,0.005460750853242319,0.0005193444329616846,0.008845151410603973
3831,2748,2311,0.01566421462570316,0.003221974227515218,0.015470800621626417,0.0059714409346603185,0.0010986508791671493,0.009205881429694559
3832,2748,2293,0.01657217618839947,0.0025467899415006507,0.016583700404851045,0.007108591365023985,0.0008637755051792341,0.010300251531045882
3833,2748,2308,0.014904679376083186,0.0027418898346858443,0.014296732072240597,0.0036828422876949724,-0.0004297834480378163,0.006841360119475958
3834,2748,2266,0.01288614298323036,0.0017800748537787831,0.013558309312754988,0.0037069726390114716,0.0002472915244253909,0.007226225373858906
3835,2748,2330,0.013648068669527896,0.0016297274511647708,0.012012165637441133,0.006523605150214591,0.0005871443505982063,0.007945247647350044
3836,2748,2339,0.01274048738777255,0.0013780043549374552,0.009790133374363144,0.002650705429670798,-0.0006316353285451715,0.004188540132809051
3837,2748,2324,0.015232358003442336,0.0019964339647779664,0.013407936814859984,0.005679862306368328,0.0007786695676499317,0.0076967535118124064
3838,2748,2300,0.015565217391304346,0.0027160246495760306,0.014206434196895577,0.006478260869565216,0.0006822855374881392,0.008553108225664323
3839,2748,2317,0.012602503236944321,0.0018591237664103031,0.012921554200407243,0.005955977557186015,0.0009774996396047272,0.008468125657178211
3840,2748,2341,0.01290046988466467,0.0019694807655900306,0.011060917635689142,0.005681332763776163,0.0007437464321850483,0.006904551626022231
3841,2748,2316,0.008894645941278064,0.0019111772842401987,0.008932914011344988,0.00328151986183074,-0.0002272230217040372,0.005320717458373015
3842,2748,2295,0.012636165577342047,0.0024662313773808585,0.01096128893873899,0.0057952069716775585,0.0005628872182674806,0.007106815616197299
3843,2748,2295,0.01821350762527233,0.0033758914859720627,0.015934843539265737,0.005098039215686273,0.0003520540269259276,0.007780423187787671
3844,2748,2293,0.012036633231574353,0.0015303739381576612,0.011017782024531114,0.0036197121674661995,-0.00041696947996432127,0.005606402702609495
3845,2748,2278,0.013257243195785775,0.0019410032816245463,0.01059236475183202,0.00575065847234416,0.000137974045529876,0.006591373173974993
3846,2748,2344,0.012969283276450508,0.0017651191613909994,0.011901964421539391,0.005503412969283274,0.00037202511885687866,0.007167820050382014
3847,2748,2319,0.009400603708495037,0.000976766915995947,0.008770613496778306,0.0035791289348857253,0.00011614887492465613,0.005395016555481848
3848,2748,2308,0.012131715771230499,0.00164761064214034,0.012634380095940508,0.0016897746967071041,-0.0011078711152471832,0.005333309840861595
3849,2748,2314,0.016767502160760582,0.003625754207619456,0.016070261644108158,0.005574762316335348,0.00037746124922339306,0.008885586033176473
3850,2748,2308,0.014471403812824952,0.0024613848209592997,0.013855483526932746,0.003032928942807624,-0.0004964931632366346,0.006434084122089191
3851,2748,2321,0.015338216286083582,0.002284077250199011,0.01301729132981908,0.009220163722533387,0.0022611621096932277,0.009901812767966768
3852,2748,2290,0.007860262008733623,0.0007305348988691485,0.00805051637178366,0.004148471615720522,-8.395131511016006e-07,0.0058981799971789565
3853,2748,2296,0.012804878048780484,0.0018230615562400837,0.011544946601346969,0.005749128919860625,0.0006924263114044891,0.007430677719189741
3854,2748,2293,0.009245529873528127,0.0013356139085944992,0.009017813168127237,0.0033144352376798937,-0.0006603292458975005,0.005314940876449844
3855,2748,2269,0.008638166593212867,0.00032922094708039053,0.008361333295327504,0.002291758483913616,-0.0012246095304213923,0.004131134064999587
3856,2748,2272,0.01355633802816901,0.0020903958111036748,0.011952776782617146,0.004401408450704223,6.775803329644236e-05,0.0063398993026467275
3857,2748,2317,0.01242986620630125,0.001842165260762302,0.011440724783271431,0.0034527406128614566,6.435702579718488e-05,0.005727557845163697
3858,2748,2306,0.016218560277536858,0.0029746895803736545,0.013954017248113713,0.005897658282740674,-8.720052875801007e-05,0.007826831132982168
3859,2748,2317,0.014587829089339659,0.002137333216376455,0.013927771104823364,0.0036253776435045296,-0.0005392233404539903,0.006942774815720787
3860,2748,2302,0.011555169417897478,0.0021958929499574197,0.01064228874337487,0.0020417028670721097,-0.00013387124302646295,0.004679925514202771
3861,2748,2319,0.01535144458818456,0.003461314825363816,0.012815710964287684,0.003751617076326,0.0001908069109865355,0.00585613234029492
3862,2748,2302,0.011207645525629886,0.0013502079136639635,0.009223571872442575,0.005777584708948739,0.00034017552188983475,0.006245568497752669
3863,2748,2315,0.011663066954643626,0.0013950251991686014,0.009719521719608463,0.005010799136069112,0.0009634320328883363,0.005960375283839451
3864,2748,2310,0.013593073593073591,0.002133192786950593,0.009098441127187879,0.004675324675324674,-0.0003942745359803356,0.004661808986296001
3865,2748,2306,0.01656548135299219,0.003961404751255747,0.015627971198943994,0.004206418039895921,0.00037005605099713654,0.007577812844149728
3866,2748,2269,0.011899515204936092,0.0017764842372381452,0.010439081471033462,0.00524460114587924,-0.0001573256011917581,0.006534733918206696
3867,2748,2289,0.013543031891655741,0.002434562571513486,0.013431584158858588,0.005941459152468325,0.0009549214901868664,0.008552569814154642
3868,2748,2286,0.012773403324584423,0.0019252117314052504,0.011951019989192084,0.003018372703412072,-0.0008795625249855533,0.005685801818798198
3869,2748,2335,0.012762312633832974,0.0019664741549533992,0.011479581737918795,0.007665952890792287,0.0012522878992905669,0.008734278975331043
3870,2748,2305,0.011540130151843816,0.0013437616168666907,0.01025814673645933,0.003340563991323208,-0.0002862459006970377,0.005256940888636813
3871,2748,2303,0.013894919669995655,0.002051898667682972,0.012419359690516787,0.005297438124185843,0.0012441090645365761,0.007336408396323122
3872,2748,2319,0.013454075032341525,0.002571742330905272,0.01264408152360396,0.004182837429926691,0.0004924330766675382,0.00681612101610576
3873,2748,2287,0.009707039790118055,0.0013699420567035553,0.00993674436764597,0.0022737210319195436,-0.001261204285526823,0.004908342180415075
3874,2748,2283,0.01585632939115199,0.002468745901909269,0.013881619332198796,0.005913272010512482,0.0005734504186397833,0.008015071573718717
3875,2748,2280,0.008684210526315787,0.0007680820762775977,0.008873614686204269,0.002456140350877191,-0.0019540512054212994,0.004842500909636619
3876,2748,2311,0.016616183470359147,0.0026067065357693407,0.01532960589061174,0.005841627001298138,-0.00020950984040647027,0.00835436901814554
3877,2748,2304,0.01458333333333333,0.001207581638387926,0.014476219019050933,0.00698784722222222,0.0006488490072719394,0.009297159720781855
3878,2748,2294,0.01229293809938971,0.002513940397639494,0.01149807277872596,0.0032693984306887518,-0.0003149053333040583,0.00581871880617087
3879,2748,2326,0.011693895098882199,0.0015268470831037008,0.0096252284788223,0.00455717970765262,0.0006820248678053378,0.005715439274594012
3880,2748,2304,0.015017361111111108,0.0031197875562406305,0.01198581176835387,0.0037760416666666654,0.0005607665570967926,0.005579807408990143
3881,2748,2285,0.016892778993435446,0.00349513285970319,0.015050338483285524,0.005514223194748357,0.0008568549793781965,0.008031426105652387
3882,2748,2302,0.011381407471763682,0.0021583116976627652,0.009782407249647166,0.003996524761077322,0.0006421044395433372,0.005466430032810232
3883,2748,2327,0.014267296948861193,0.0023720854768013253,0.013689899935016245,0.004125483455092392,0.00043788847987443884,0.007213090912221036
3884,2748,2289,0.012581913499344689,0.002039820482267583,0.009854209858091479,0.00620358235037134,0.0009776089322143435,0.00666412479012533
3885,2748,2329,0.011936453413482179,0.0014465084490785315,0.011153094946795632,0.0048089308716187185,0.0006427678183198676,0.006719072573915012
3886,2748,2307,0.010836584308625918,0.0013171363209484356,0.010382217662841796,0.00225400953619419,-0.0006813456198293457,0.004943770065318434
3887,2748,2358,0.016115351993214587,0.0025781116710357184,0.014968833616214016,0.0066581849024597095,0.0009924733848230955,0.008852042630753135
3888,2748,2315,0.013390928725701941,0.00180213061398303,0.01302349189047514,0.00526997840172786,0.0006534315993301823,0.007735638083363167
3889,2748,2288,0.011101398601398598,0.0015808666986508553,0.012858080484916275,0.004720279720279719,-0.00019794441896398842,0.008147649393228294
3890,2748,2292,0.015968586387434553,0.002892083233213322,0.01633031906647557,0.007417102966841185,0.0005897458636266813,0.01051062714015116
3891,2748,2321,0.011977595863851784,0.0015136876263980316,0.012018402884864833,0.005127100387763893,0.00030309177234208646,0.007373576930512007
3892,2748,2311,0.01488533102553007,0.0027480152921372193,0.01394654102004302,0.005538727823453049,0.0005916531189352031,0.00804725147012691
3893,2748,2328,0.011512027491408932,0.001860014992836349,0.010259524104416452,0.004768041237113401,0.0011991603129398675,0.0065331794540466155
3894,2748,2294,0.010549258936355707,0.0005169179204889699,0.010624001153696097,0.0040976460331299015,-0.0001807802013632138,0.0063696844985741165
3895,2748,2299,0.01043932144410613,0.0019955357076630246,0.008732315509218597,0.0024793388429752046,-0.0008473252119625232,0.004019004945825918
3896,2748,2323,0.01386138613861386,0.0016915519246499544,0.011381613594772381,0.00520878174773999,0.00029444804167830154,0.006376804440709298
3897,2748,2286,0.01601049868766404,0.002403302561199019,0.014788501122779856,0.00743657042869641,0.001428400795506788,0.009581406862682528
3898,2748,2276,0.013356766256590508,0.002140360965531451,0.011462897091393953,0.0033391915641476254,0.0002745660719295447,0.005229672072165059
3899,2748,2280,0.010175438596491226,0.0013870142402442908,0.008803410160881573,0.003289473684210525,-0.00024478148568072986,0.004929594234699425
3900,2748,2298,0.008355091383812007,0.0006359732453425755,0.006626243392305567,0.004786771105308962,-0.0002976247021119394,0.005022602323861155
3901,2748,2307,0.012050281751192021,0.0009941473323853021,0.011832428485064553,0.005288253142609447,-1.53815173761184e-05,0.007551097348094294
3902,2748,2327,0.01538461538461538,0.0032338377694254273,0.013287005458327965,0.0052428018908465815,0.0009116988577778806,0.007175249823181254
3903,2748,2306,0.014137033824804855,0.0027163635861258404,0.010646668224356226,0.005073720728534257,0.0003653262742510817,0.005819239274450207
3904,2748,2340,0.013504273504273502,0.001829679163578978,0.012984646202643344,0.005213675213675212,0.0004605821557445553,0.0076251646876594695
3905,2748,2306,0.012922810060711184,0.0022676053571833252,0.010395146424726385,0.005897658282740674,0.000747225615412402,0.006633780977252556
3906,2748,2294,0.01238012205754141,0.0015149401205161537,0.011374471980062487,0.005187445510026153,0.00024415188851864507,0.00708163990584587
3907,2748,2281,0.013678211310828579,0.002467613783413424,0.013307707430858974,0.00416483998246383,-0.00018059141086086247,0.00731341507437185
3908,2748,2293,0.012211077191452244,0.001570246087389508,0.0112043180228551,0.005451373746184037,-0.0001924055083667026,0.007063119157093385
3909,2748,2312,0.01107266435986159,0.0017424075282048129,0.010002192356668363,0.004022491349480967,-0.0002371194704870042,0.005657894479082444
3910,2748,2286,0.01259842519685039,0.002415582688925903,0.01160722808439607,0.004199475065616795,0.00034553948444419994,0.006359201518538804
3911,2748,2301,0.012603215993046498,0.0019219714625255916,0.010865011974684397,0.005302042590178181,0.0005341964120873705,0.006651205701809761
3912,2748,2339,0.015989739204788366,0.003033024529528821,0.013152077992033726,0.007781103035485249,0.0012489278491823175,0.008675068892151826
3913,2748,2286,0.015835520559930004,0.0025825086862961808,0.013526659219823423,0.006605424321959753,0.0007381633679888372,0.008109134309620531
3914,2748,2313,0.015218331171638563,0.002649259600975042,0.014260186883975953,0.00665801988759187,0.0006618718212428955,0.008880809791038965
3915,2748,2290,0.015895196506550215,0.002730679301905839,0.014602856135471463,0.006855895196506549,0.00181478138329852,0.008950642817491281
3916,2748,2273,0.013814342278926525,0.0014932110393157873,0.01241309094327556,0.0042234931808183005,-0.00029041245283458497,0.006503363102674504
3917,2748,2315,0.011922246220302373,0.0012115161507622067,0.010103088211441609,0.004751619870410365,-0.0007922538765670231,0.005899154632834392
3918,2748,2331,0.013728013728013721,0.0020870264768374307,0.012290848028099918,0.004847704847704847,0.0007895800758758161,0.00697155424713105
3919,2748,2337,0.012580231065468545,0.001817830539910894,0.012250924744313399,0.0056910569105691035,0.0005306435818046387,0.007819467664918513
3920,2748,2286,0.010761154855643043,0.0012419452281700113,0.011827105938487075,0.007130358705161853,0.0016230682877498414,0.009244458248067244
3921,2748,2293,0.011862189271696466,0.0015815451171512594,0.01092008185074528,0.004753597906672479,0.00034614085460922344,0.006569617157932435
3922,2748,2295,0.011416122004357293,0.001175228974029724,0.011775488258438058,0.003834422657952067,-0.0010644907643598367,0.006635209593217459
3923,2748,2325,0.01410752688172043,0.0014256936492600453,0.014869748974416425,0.005247311827956987,-0.00015410299869348794,0.008779753014797546
3924,2748,2261,0.015922158337019012,0.0031567731015471447,0.014232355284592189,0.006766917293233082,0.0007621042911572414,0.008742359521902245
3925,2748,2303,0.01250542770299609,0.0020074412042653646,0.01169763026334417,0.0022579244463742927,-0.0011868307410396663,0.005128764254862332
3926,2748,2315,0.014686825053995677,0.0026349177248084776,0.013856698020324005,0.003930885529157665,-0.0009448644101653571,0.006980589771713091
3927,2748,2295,0.012374727668845313,0.0016716404941424976,0.013402190782555907,0.00492374727668845,-0.0004584351637127448,0.008340135272319998
3928,2748,2300,0.013826086956521736,0.002304744010032293,0.012731569832683672,0.005695652173913041,0.00032218817795215643,0.007656314666724508
3929,2748,2341,0.013156770610850063,0.002153281761352658,0.011569289515545776,0.005126014523707814,0.00022221746868736006,0.006887559032422773
3930,2748,2309,0.01550454742312689,0.003071897883311722,0.013560756454358143,0.004460805543525333,0.00014234437197653668,0.006729859224417756
3931,2748,2316,0.01709844559585492,0.003116881988632911,0.015184261064724805,0.004835924006908461,-0.00035515385677814174,0.0076213100759800045
3932,2748,2273,0.013990321161460623,0.0017349389933918541,0.011986348530409799,0.0075670919489661224,0.000902477216339707,0.008357656678497704
3933,2748,2281,0.012538360368259532,0.0016159217317502713,0.011353202497950132,0.0046032441911442335,3.968952611310739e-05,0.00653538857920458
3934,2748,2299,0.012179208351457152,0.0019440548778706856,0.011510036657593037,0.0012614180078294897,-0.0013224082319213835,0.0043853226806687545
3935,2748,2285,0.014179431072210062,0.0018140767297037854,0.014039925446212303,0.005120350109409188,3.0291709595024926e-05,0.008185542668087464
3936,2748,2279,0.01711276875822729,0.0027253826417118943,0.013675977932121205,0.006406318560772267,0.0007399911394057006,0.007716264323158554
3937,2748,2274,0.015743183817062443,0.0030796505132991143,0.01287755658792017,0.004529463500439751,0.0006067439645371643,0.006488389640505917
3938,2748,2313,0.014094249891915258,0.0024272476732005656,0.013133004813899833,0.006701253782965844,0.000545033600052217,0.00866721273777566
3939,2748,2316,0.010708117443868737,0.0014998002986443687,0.00986563438701287,0.004965457685664938,-0.00040330239585260153,0.006508634614400244
3940,2748,2315,0.011231101511879046,0.0007676890981552644,0.011810869083828729,0.0034125269978401707,-0.001228356060492354,0.006236970110977499
3941,2748,2311,0.013414106447425356,0.0015054332193144022,0.012404935249138624,0.0035482475118996087,-0.00027635421553489264,0.006068731531677652
3942,2748,2310,0.014978354978354976,0.0027468499886091485,0.01550044258314739,0.006320346320346318,0.000488935709349669,0.009506428861484267
3943,2748,2288,0.009440559440559437,0.00031847014895438106,0.008840521701313194,0.004458041958041955,-3.188217047868985e-05,0.005866963729486985
3944,2748,2302,0.011120764552562987,0.0010380315324776453,0.010323682364317554,0.005299739357080798,0.0004600184550271377,0.006779678100730593
3945,2748,2310,0.01212121212121212,0.0019695971436059882,0.010607175543208046,0.004848484848484847,0.00012663291524731042,0.006366500910080708
3946,2748,2294,0.010287707061900608,0.0015429872129320548,0.009316733821310713,0.0035745422842197016,-0.0005961635278812984,0.005120878451836239
3947,2748,2265,0.010860927152317878,0.0014892949337855994,0.011057522027438387,0.0062693156732891815,0.001113446390121652,0.00804778599289468
3948,2748,2287,0.011630957586357672,0.002062480341864627,0.010569478567815246,0.002798425885439439,-0.0004325548064761163,0.005129339179139645
3949,2748,2317,0.013293051359516615,0.0017271042046439905,0.01226593088319167,0.005740181268882173,0.000122881182649593,0.00752558136916368
3950,2748,2293,0.013257740950719578,0.0020013163048951,0.012755025587141151,0.005364151766245093,-0.00015315469648172949,0.007701685893543114
3951,2748,2274,0.012576956904133683,0.002185508624125992,0.0107138061550925,0.004881266490765169,0.0005980951505861611,0.006338063066447462
3952,2748,2312,0.009256055363321795,0.0010388929084466888,0.009508054464398619,0.0064878892733564,0.0012570523646859388,0.007865896063791079
3953,2748,2315,0.014514038876889847,0.0025571328508293056,0.01151205250274427,0.005745140388768896,0.0013284801574255775,0.006834828492929122
3954,2748,2324,0.00938037865748709,0.0014812510371291505,0.008686628308633053,0.0038296041308089478,0.0003088050296824706,0.005362444592176404
3955,2748,2324,0.015748709122203094,0.002898988524952754,0.01433214268923595,0.005507745266781409,0.0004941589026140805,0.00774589337771727
3956,2748,2311,0.015231501514495885,0.002851620968909814,0.01389557089902581,0.007139766334919945,0.00047892463991069955,0.00903649549138433
3957,2748,2301,0.015732290308561492,0.0031137367359173602,0.013648266126545511,0.004997827031725335,-0.0004747076421569013,0.007210264086571828
3958,2748,2315,0.013218142548596108,0.001663762980598886,0.012357018161817909,0.00526997840172786,0.0009461609468996696,0.007350680171140899
3959,2748,2311,0.01401990480311553,0.002844940497027662,0.011616952684034012,0.0033751622674167013,-0.00011320003694516419,0.005292221695251019
3960,2748,2342,0.014432109308283514,0.0018421346192394033,0.01381117316434203,0.005636208368915455,0.0011832850111203723,0.008155120695361224
3961,2748,2354,0.013933729821580287,0.0026120703867788665,0.012331250070810025,0.0035683942225998287,-4.798722797943394e-05,0.0060830186884123635
3962,2748,2311,0.013154478580700991,0.001952637130328264,0.013575530841862124,0.005798355690177411,0.0008198650583020991,0.008647398877034885
3963,2748,2273,0.012934447866256048,0.002133828769377801,0.011855644327988699,0.003651561812582488,-0.0003176239085904746,0.006152465819008849
3964,2748,2324,0.012478485370051634,0.002084529010950806,0.0121966164107511,0.003915662650602407,-9.752408667364752e-05,0.006773223927323807
3965,2748,2309,0.011000433087916843,0.0009090358831037375,0.011982881117266145,0.0038544824599393655,-0.000593501219076668,0.007098991873241249
3966,2748,2313,0.010894941634241241,0.0012587361043447079,0.010027499452509423,0.005879809770860352,0.0011135692455708328,0.007166560626310753
3967,2748,2326,0.014187446259673256,0.002733280863540103,0.013079867019958447,0.004987102321582113,-0.00017894258582407764,0.007371349557368379
3968,2748,2292,0.016055846422338566,0.002754975791617171,0.012931938920418344,0.005148342059336822,-0.0004666797533886212,0.006607702260286092
3969,2748,2300,0.01478260869565217,0.0023841812631417254,0.012618297235662893,0.0055217391304347805,0.0008514481773256305,0.007159966021679686
3970,2748,2310,0.011428571428571429,0.002003777459204992,0.010122000702390384,0.004761904761904761,0.0004479451335942305,0.006093416107857358
3971,2748,2335,0.013361884368308348,0.0020793677965039,0.01199565562823262,0.004411134903640255,0.0005824322287523762,0.006402270222071839
3972,2748,2311,0.013587191691908264,0.002357966527203833,0.011930171047452792,0.00367806144526179,-0.0001265128515837475,0.005700493465374452
3973,2748,2306,0.014050303555941019,0.00266420934195905,0.012645642205583708,0.004119687771032088,0.0004731748135909156,0.006648175548291782
3974,2748,2308,0.009185441941074521,0.00029532903889797153,0.00933264759170675,0.005155979202772961,0.0003807133682008478,0.0067173936794802415
3975,2748,2301,0.013820078226857886,0.002118804060362087,0.013024832689349257,0.004432855280312906,-0.00017961320335254736,0.007153069392664391
3976,2748,2321,0.014648858250753983,0.0022235376129581728,0.013678313244636553,0.0035329599310641945,-0.0007103262482478876,0.00655676173676544
3977,2748,2309,0.014984841922910348,0.0023804869189246584,0.012433497577322079,0.004200952793417062,-4.633423197400509e-05,0.0061011270273757315
3978,2748,2313,0.012883700821444011,0.00244054655537337,0.011612625891278918,0.00557717250324254,0.0008711110941224587,0.007330930095465804
3979,2748,2322,0.01472868217054263,0.002216324162244151,0.013158304536346787,0.005555555555555553,0.0006634182937846834,0.007478386049063242
3980,2748,2315,0.014168466522678181,0.0031051850231190656,0.012893162398913511,0.005917926565874729,0.0010105841395697335,0.008009021334832804
3981,2748,2306,0.01578490893321769,0.0027243092124444993,0.014154362006822553,0.005984388551604507,-0.0001302843458403194,0.008271496342001503
3982,2748,2274,0.011609498680738782,0.0012381723258691325,0.011006214112749936,0.003913808267370271,-0.00017925742010195485,0.006231344135021987
3983,2748,2309,0.010567345171069723,0.0010033760052359788,0.009776660793513633,0.00372455608488523,-0.0007894385396524349,0.005467385354682575
3984,2748,2280,0.014473684210526312,0.0016239606219376676,0.013439439564801245,0.0026754385964912254,-0.0009699973494421914,0.005726754274850586
3985,2748,2284,0.010332749562171626,0.0010054488761598198,0.011134701387104136,0.0036339754816112056,-0.00012886689653563257,0.006500409408112317
3986,2748,2290,0.011179039301310041,0.0018615312086903701,0.011603936824270793,0.0035371179039301293,-0.00025539081404928906,0.006496868651878
3987,2748,2320,0.015172413793103447,0.0033527783657592344,0.013886115643342448,0.005991379310344825,0.0007291593296952724,0.008284770606294664
3988,2748,2258,0.014703277236492469,0.0023363543134919617,0.014033886777745596,0.004207263064658988,-0.0006064316991156362,0.007319766809289005
3989,2748,2302,0.012771503040834053,0.0019030053077860193,0.013323612488336871,0.00569070373588184,0.00043488875919504285,0.00859532076673044
3990,2748,2275,0.013978021978021974,0.002449317873848117,0.011333972307766104,0.0047472527472527445,0.0004935162950799258,0.006105434261919776
3991,2748,2295,0.012723311546840955,0.0017706625661526164,0.013512160249465402,0.004575163398692809,0.00014069431212593268,0.007966832702695098
3992,2748,2275,0.012835164835164831,0.0021423500363405745,0.01372060536751661,0.0072527472527472514,0.001394472693015277,0.009840262555329741
3993,2748,2315,0.013822894168466519,0.0025393365403896958,0.01376822178268789,0.0038444924406047494,-0.00026527978135760453,0.00706844466979226
3994,2748,2291,0.019118288956787424,0.003904082027268559,0.01690733253258196,0.006503710170231339,0.0013521414764636089,0.009192821165283497
3995,2748,2252,0.01047957371225577,0.0014211385691452819,0.009749599865797742,0.0025754884547069252,-0.0012999275781264467,0.004723539325166119
3996,2748,2320,0.011896551724137928,0.0014145364022431128,0.01024809044579549,0.0062931034482758596,0.0003872725484366537,0.007298303426571082
3997,2748,2287,0.012767818102317443,0.0020963644887645374,0.010986745244165532,0.005509400961958896,0.0007512823686196787,0.006880486487662716
3998,2748,2338,0.015141146278870827,0.0021570785779116346,0.01487309376363305,0.005859709153122325,0.00018846242056978156,0.008706691584435268
3999,2748,2280,0.011578947368421048,0.0016545684661383225,0.01231013312067592,0.004912280701754384,0.00011272464761337912,0.00764611286888914
4000,2748,2286,0.016710411198600172,0.0027328044241340713,0.01744771503281425,0.006736657917760277,0.0003824115857078654,0.010548851635834128
4001,2748,2305,0.011887201735357915,0.002041469129932405,0.010632797202782925,0.004164859002169195,0.00026382458484297956,0.006033423772878836
4002,2748,2331,0.015100815100815096,0.002123712760365079,0.013276822880914913,0.004847704847704846,0.0006160931288758657,0.006914202493135946
4003,2748,2278,0.011589113257243192,0.0021894406136900276,0.009834732910968782,0.005838454784899031,0.0003129952044302691,0.006740719565834647
4004,2748,2331,0.015100815100815096,0.0028950337307185998,0.013146756879853064,0.00433290433290433,0.00034494362963587627,0.006581758260181837
4005,2748,2300,0.012521739130434778,0.0021278661007898547,0.01074960856053883,0.004999999999999998,0.0002775816834895064,0.006329823750663366
4006,2748,2320,0.011551724137931034,0.0011175171728753331,0.011605527974128102,0.007198275862068962,0.0010935237010331158,0.008892177448171442
4007,2748,2338,0.01248930710008554,0.0017887626527056256,0.012162497287573822,0.004875962360992299,0.000219085404021441,0.007212021069022529
4008,2748,2304,0.01362847222222222,0.0008329641573044741,0.013070272620045516,0.007595486111111108,0.00011413439150946775,0.009271105140023975
4009,2748,2312,0.01496539792387543,0.002049242632154896,0.013136057180361982,0.006228373702422144,0.00020475257563889654,0.00802246563303164
4010,2748,2285,0.010765864332603936,0.0014415057358723982,0.00962666754379238,0.004638949671772428,0.00040518919087796564,0.0060945329474063475
4011,2748,2277,0.018445322793148877,0.00430458056414566,0.014242570692331384,0.004699165568730785,0.0006206248941681657,0.0064486589127515075
4012,2748,2285,0.012603938730853387,0.001333497163344782,0.012757899694745863,0.003676148796498904,-0.000618976603013826,0.006851452278869412
4013,2748,2320,0.015344827586206894,0.0018320868986247312,0.016027297539178788,0.004784482758620688,-0.0002381675823963916,0.008710659258080178
4014,2748,2288,0.013461538461538459,0.002104127915240945,0.012357229330507214,0.006249999999999999,0.0008721326961022423,0.007971025179392103
4015,2748,2305,0.009197396963123642,0.0012213284184335864,0.008685993945017106,0.002776572668112797,-0.00037699727379769085,0.004666935445275714
4016,2748,2290,0.013275109170305674,0.002192736368746716,0.011914854700716994,0.006288209606986898,0.0005655760224023749,0.007727152070578201
4017,2748,2288,0.015909090909090904,0.002917643639273208,0.013485078390074123,0.0048513986013986,0.0002148451252043394,0.006949850573449857
4018,2748,2315,0.014168466522678181,0.0018200732456932294,0.013157890378879693,0.006263498920086391,0.000664087039941904,0.008327213008903524
4019,2748,2301,0.01538461538461538,0.0032495706765790213,0.012794508142179006,0.0043024771838331135,0.0005800104034734281,0.00642249587477115
4020,2748,2305,0.013969631236442511,0.002464436999163039,0.011801301380250222,0.002776572668112796,-0.0004807758256017956,0.005074631182715032
4021,2748,2329,0.013138686131386858,0.001244836883160513,0.011376279594810516,0.0038643194504078982,-0.0012674087672437783,0.00569882929654306
4022,2748,2296,0.013675958188153309,0.0026026566851925594,0.012107864476726743,0.005444250871080138,0.0014488551440541566,0.007147173106464289
4023,2748,2347,0.012867490413293565,0.0008968400751550417,0.011055071000111903,0.004260758414997868,-0.0007165434946516903,0.005938029516320026
4024,2748,2322,0.013178294573643409,0.001422285367756629,0.014083853463929812,0.006072351421188628,0.0010302735177466459,0.009119872941835064
4025,2748,2296,0.013240418118466895,0.001665046341120824,0.012246596536724445,0.004398954703832751,-0.0003404498937310816,0.006590998103922523
4026,2748,2316,0.011917098445595853,0.000777920024861177,0.010641703747500583,0.006951640759930913,0.0005585842179203669,0.0077997665742575925
4027,2748,2314,0.015125324114088156,0.0025576292772496235,0.013757791804912154,0.006222990492653412,0.000557949839761099,0.00830187119785335
4028,2748,2294,0.013862249346120313,0.002451728585436319,0.013639616898468342,0.005231037489102004,-0.0005362114751648633,0.007946443783970306
4029,2748,2297,0.013931214627775357,0.0027357823820138585,0.011050913963339588,0.005441880713974747,0.0005233031523065848,0.006291291645785915
4030,2748,2294,0.01455972101133391,0.0028555972326890417,0.013220574454261393,0.006800348735832605,0.0014113130458940722,0.00848217839090357
4031,2748,2285,0.012166301969365424,0.0010678011715540981,0.01233177389762684,0.003413566739606125,-0.0007377803862942196,0.006369337978744215
4032,2748,2267,0.013056903396559327,0.0014844346069024408,0.012888353103962172,0.005646228495809438,0.00021338567884697794,0.008015025364086392
4033,2748,2278,0.011150131694468829,0.001360909064164531,0.009660909959697052,0.004126426690079015,0.0002652217888091917,0.0055847909233021084
4034,2748,2299,0.016093953892996955,0.00328412642822913,0.015426499847565807,0.003088299260548063,-0.0002853339917137418,0.007003481621462318
4035,2748,2335,0.014475374732334047,0.0014989661928242277,0.014095052479374778,0.005610278372591004,0.00017251371545401624,0.008323701089274204
4036,2748,2274,0.012840809146877744,0.0019880025864752143,0.011788175784099818,0.0034300791556728214,-0.0005151022896040686,0.006041047357556511
4037,2748,2318,0.014926660914581533,0.003104729184265495,0.014171748805630323,0.0038395168248490062,0.0006477290872780004,0.007025621210905004
4038,2748,2332,0.01355060034305317,0.00178560193465005,0.013263915570870874,0.005531732418524869,0.00024371958964121272,0.0080565093107386
4039,2748,2295,0.011241830065359473,0.0013857862712409982,0.00962136268104725,0.005620915032679736,-3.4714550338510864e-06,0.006467090684714769
4040,2748,2302,0.013119026933101649,0.0017656804583202153,0.012069390084923649,0.0025195482189400505,-0.0003569047169702905,0.005297707064524169
4041,2748,2302,0.017463075586446563,0.003579751035668738,0.014063170260829868,0.006472632493483925,0.0008196179779252902,0.007967029818160526
4042,2748,2291,0.01379310344827586,0.0019312614226152575,0.011803153186234566,0.005630728939327802,7.826315246299196e-05,0.006983422991255834
4043,2748,2305,0.014056399132321037,0.001474368687449367,0.01269513878378154,0.00707158351409978,0.00016645953042462858,0.008370884635565538
4044,2748,2304,0.013715277777777774,0.002518134509241673,0.012369394195083977,0.0024739583333333315,-0.0008157222378046192,0.005270937846437256
4045,2748,2316,0.013557858376511222,0.0023954078512410633,0.011890419413631254,0.004706390328151984,0.0007030278111339091,0.0065900060793070295
4046,2748,2294,0.01246730601569311,0.0018181221541753887,0.010398613134826998,0.0033565823888404515,-0.0011523775168212915,0.005152990001559753
4047,2748,2255,0.012150776053215073,0.0014784134027836654,0.010851803916004679,0.005277161862527714,-0.0007303419262438989,0.006703304036613869
4048,2748,2293,0.011862189271696466,0.001487305929653594,0.011104785684173552,0.00532054077627562,-0.00035137587876357,0.006953404452636486
4049,2748,2288,0.013548951048951046,0.00246767959470119,0.01155360481364061,0.004020979020979019,0.00047442187599679815,0.005882835886494615
4050,2748,2329,0.01451266638042078,0.0020772262790303394,0.01346693415256471,0.005710605410047229,0.00037182270159960405,0.007859009550531844
4051,2748,2277,0.01317523056653491,0.0025994904845272177,0.012351523328469189,0.00522617479139218,-0.00021860936726228027,0.007511180701927999
4052,2748,2334,0.015252784918594685,0.0028857647108151588,0.01555782059732978,0.006083976006855183,0.00047219321309900576,0.009332308147809209
4053,2748,2318,0.014840379637618632,0.00243361136103064,0.012762038194876528,0.007549611734253665,0.0015550622282928298,0.008644026286158148
4054,2748,2288,0.012587412587412585,0.0021939584161017084,0.010135531088951804,0.003190559440559438,-0.0007201342771049621,0.004670128335750917
4055,2748,2295,0.017254901960784313,0.0026152222430912346,0.017153553768241965,0.006971677559912852,0.0010782129403577052,0.010261109358551694
4056,2748,2323,0.012656048213517,0.0022373709774845094,0.010954908738172191,0.0049074472664657745,-0.00010529717680908704,0.006493905027688871
4057,2748,2275,0.013978021978021974,0.0021582778681459927,0.014298866720379631,0.005186813186813185,0.0003201075017045197,0.008279321758027852
4058,2748,2278,0.013345039508340647,0.0020120628861090123,0.012668924908808414,0.004609306409130815,0.00040217257199341787,0.007195981527189583
4059,2748,2325,0.010236559139784943,0.0011070295139374148,0.00802744335970121,0.004301075268817202,0.00014973194947820519,0.0051120382969141965
4060,2748,2332,0.012950257289879929,0.002323257488889399,0.011597220812894202,0.0017152658662092613,-0.0007918236869772096,0.004442861152388257
4061,2748,2304,0.01362847222222222,0.0021161164974474824,0.011506387543947286,0.004991319444444443,0.0008550022092760293,0.006546237957240755
4062,2748,2311,0.01246213760276936,0.002226599180313606,0.011607620274489083,0.004759844223279964,0.0006411526845943794,0.006993723284420202
4063,2748,2308,0.012911611785095317,0.0015056595961443096,0.01197361512571512,0.0041161178509532045,-9.162553110894868e-05,0.006430737330579041
4064,2748,2308,0.013518197573656843,0.0022277583021541336,0.011782199285858741,0.005459272097053724,0.0003529619563891382,0.006922283350906452
4065,2748,2306,0.015524718126626192,0.0026993070697582814,0.014418526280980266,0.006331309627059842,0.0014352964058047884,0.008685188309957573
4066,2748,2281,0.013678211310828583,0.0019185324127755702,0.014318135443041715,0.004427882507672071,-0.00021306240026767572,0.007990669737400403
4067,2748,2305,0.009978308026030365,0.0004991395506747478,0.010015124461719049,0.0038177874186550954,-0.00038618349763699125,0.005960526483053331
4068,2748,2302,0.013900955690703732,0.0024493746241031566,0.011532331832157473,0.005603822762814941,0.0009435891431191843,0.006929184570298149
4069,2748,2292,0.013787085514834204,0.0025973353656384463,0.012318928386480993,0.0044066317626527025,-0.00045951787332733547,0.006494709709919762
4070,2748,2303,0.017889709075119407,0.0034144062157552796,0.015565799080333814,0.005514546244029525,0.0006299347304067044,0.007981429737211467
4071,2748,2339,0.01231295425395468,0.002041646833873434,0.011141350293499995,0.005600684053014107,0.000789383506112372,0.007384196741053848
4072,2748,2309,0.012386314421827629,0.002021071871723229,0.009961953728396838,0.0046340407102641815,0.0007651099228479825,0.0056361840732826385
4073,2748,2340,0.013418803418803416,0.0015548686780305788,0.011023950216142287,0.005769230769230768,0.0005969754526202517,0.0070662859283988
4074,2748,2271,0.01294583883751651,0.00211154403663182,0.01097525975107362,0.004799647732276528,0.0004110791314928707,0.006125919586465985
4075,2748,2312,0.012802768166089964,0.001917741845218633,0.010483437445650499,0.0035034602076124545,-0.00011754615329227213,0.005011810958462478
4076,2748,2334,0.01388174807197943,0.0024643024598592924,0.011681950344319826,0.00497000856898029,0.00016743810330965166,0.00636436856617795
4077,2748,2339,0.012911500641299695,0.002042189915011702,0.009947991042570242,0.004061564771269771,0.00015009370690184992,0.005080394428222994
4078,2748,2324,0.012048192771084335,0.0011718315522733995,0.011291713876748542,0.006153184165232356,0.000877655531076232,0.007739679964855756
4079,2748,2307,0.01404421326397919,0.002032526167560728,0.01439716689121586,0.005071521456436929,0.00047054222647881564,0.008267551632876402
4080,2748,2327,0.01478298238074774,0.0026173416117121237,0.01259130535889803,0.0032230339492909307,-0.00011580067645975209,0.005501539034679816
4081,2748,2311,0.01289485071397663,0.0017816624463327436,0.011884661086891344,0.003461704889658155,-0.0005327298129014478,0.0057863834437901
4082,2748,2294,0.01211857018308631,0.0015656887718911445,0.010732247623523776,0.004141238012205751,-0.0004995810806550756,0.005969677671676295
4083,2748,2305,0.011019522776572664,0.0010305055329633672,0.010959677628845052,0.004815618221258132,0.000587384861880394,0.007058199644120272
4084,2748,2316,0.013644214162348876,0.002016193941848361,0.014296168138455759,0.003065630397236613,-0.0008354046153365082,0.006933715848293353
4085,2748,2313,0.010549070471249457,0.0016285386627605217,0.008694934994605068,0.003458711629917854,-0.0005924023593166826,0.004695050282844554
4086,2748,2290,0.015021834061135367,0.0026683305004323583,0.013818687491222111,0.00541484716157205,0.0008541020016528485,0.007702057749063268
4087,2748,2339,0.015305686190679776,0.0023874746831996935,0.012278426983529045,0.005557930739632319,-0.00027101700325829996,0.006833273594311366
4088,2748,2294,0.01272885789014821,0.0018827339430188797,0.01151307251181916,0.004446381865736702,-0.0005012002900648577,0.006492632878049985
4089,2748,2306,0.014050303555941019,0.0019087678717565817,0.013008127552186948,0.0035125758889852543,-0.000777216146486466,0.006435440336207391
4090,2748,2330,0.01433476394849785,0.002602628899252294,0.012645376493493685,0.0063519313304721,0.0013479531483871826,0.007896826750255326
4091,2748,2309,0.01351234300563014,0.0022297828397376484,0.01167866294218879,0.00415764400173235,-0.0004939000901309009,0.005897211502038804
4092,2748,2305,0.014229934924078086,0.0027807045496036796,0.014432752041258386,0.003991323210412145,-4.638639829493966e-06,0.007578152063827193
4093,2748,2273,0.010118785745710512,0.0009653903520544692,0.009690271157408186,0.007303123625164978,0.0007127806171955168,0.008242858616854202
4094,2748,2299,0.012179208351457152,0.0018790987432984255,0.009201729009361732,0.005480643758155717,0.0005583797321820642,0.005920046458623668
4095,2748,2305,0.015791757049891535,0.0029996508010756663,0.012733870149392047,0.0047288503253796075,0.0003074927510769477,0.006391709205400308
4096,2748,2292,0.013525305410122162,0.0019423803756678266,0.011873248280908045,0.004275741710296682,-0.00043755839255902495,0.006226309960542888
4097,2748,2324,0.011962134251290875,0.0013379363861705585,0.011663308218611189,0.004432013769363165,-0.00015906397558982253,0.006786669888345053
4098,2748,2310,0.016017316017316013,0.0031284915557250807,0.014058662120069624,0.0023809523809523786,-0.0010313851972342976,0.005578212403710998
4099,2748,2286,0.01496062992125984,0.0022821193790007158,0.01471236986276062,0.0059930008748906366,0.0003543241547583925,0.008795341580823051
4100,2748,2301,0.016340721425467185,0.0029737113820733204,0.01481993461723923,0.005736636245110818,0.0009944129951599565,0.008170433900948751
4101,2748,2279,0.01439227731461167,0.0024420240955734178,0.013597993324728774,0.0078104431768319426,0.0014384205796082327,0.009631187138866794
4102,2748,2308,0.013691507798960136,0.0020916053170817314,0.014528860904706209,0.003942807625649912,5.545159600211756e-05,0.007708121662561403
4103,2748,2287,0.010843900306077826,0.001667797116493997,0.010825252829229606,0.004459991254919106,0.0006349164002200801,0.006706361989008553
4104,2748,2293,0.014129960750109024,0.0022214952409957984,0.013210127049289732,0.0059747056258177035,0.000608735983413482,0.008197627305106465
4105,2748,2297,0.014976055724858507,0.0020952393166779795,0.013155183866429124,0.005180670439703959,0.0007125905654292421,0.007214524423632301
4106,2748,2319,0.011987925830099177,0.0017713345480812584,0.011568885633172986,0.003406640793445449,-0.0006365040549107336,0.005976449014736755
4107,2748,2281,0.012976764576939937,0.0021502775277819296,0.012999706260530442,0.004471722928540112,-0.00010697024402875532,0.007340111832833768
4108,2748,2363,0.014980956411341511,0.0018870701222207236,0.014455789458543266,0.004485823106220904,-0.00019674869397709604,0.007525529970569226
4109,2748,2308,0.014991334488734832,0.0020486500234109905,0.012654299925898642,0.006585788561525127,0.00014203008311774556,0.007875623730363665
4110,2748,2293,0.012472743131269073,0.0012999425228591769,0.010035362617532358,0.0027038813781072807,-0.0009427162527827446,0.004473044950767649
4111,2748,2297,0.01036134087940792,0.0015963001485245038,0.006788875984865932,0.00300391815411406,-0.0005381491116280411,0.0031735530166289183
4112,2748,2321,0.012408444635932785,0.0020238525532492698,0.010929741118797038,0.004610081861266694,0.00022248056180639445,0.006321566633728931
4113,2748,2279,0.013426941641070642,0.0018294724729582348,0.013179207450393282,0.0036858271171566455,-0.0005820135478074442,0.00679443886726222
4114,2748,2324,0.010499139414802062,0.0005470864007152923,0.009810885578802515,0.006884681583476761,0.00031884013236741594,0.0077686842962284945
4115,2748,2293,0.015089402529437416,0.0029444652201218212,0.014148282535856774,0.005974705625817704,0.001245164146779333,0.008572046650942853
4116,2748,2326,0.014273430782459153,0.0024375111863220314,0.01239762289604163,0.006577815993121236,6.664834966010273e-06,0.007842819998335205
4117,2748,2318,0.012165660051768763,0.002037823242664215,0.01228678714294614,0.004788610871440895,0.0005394597364978921,0.007443630919394967
4118,2748,2309,0.012559549588566477,0.0016344657016935562,0.011849721620777545,0.005153746210480726,-5.98779146222058e-05,0.007138623117066478
4119,2748,2306,0.014483954900260188,0.001890466057298836,0.012593257993992597,0.004206418039895921,-0.0004956708380544425,0.006349815766397961
4120,2748,2314,0.013483146067415727,0.0020817573107334195,0.012382047681536695,0.0041918755401901455,0.00025493799213637637,0.006623655713773068
4121,2748,2337,0.011296534017971755,0.0013537439984271048,0.01162196327937077,0.0037227214377406914,-0.0007431218909723872,0.006434990898097178
4122,2748,2327,0.012204555221314995,0.0021511628273101773,0.009716473900461937,0.004512247529007303,1.0350368369224266e-05,0.005559971420485166
4123,2748,2277,0.013614404918752742,0.0020832348600552013,0.013088967659255253,0.004040404040404039,-0.0006250478747044173,0.006852494957158921
4124,2748,2321,0.013787160706591983,0.0016382159510352052,0.011459571069061371,0.004610081861266694,-0.0001696488519424953,0.0063081842215938376
4125,2748,2299,0.01287516311439756,0.0021274395737260333,0.011640816716607636,0.005915615484993474,0.0012308138273055456,0.00738367672616139
4126,2748,2281,0.014116615519508982,0.0023780854192116192,0.015548929764142384,0.004690925032880313,-0.0002622508813652732,0.00881005166832326
4127,2748,2304,0.015451388888888886,0.0028876181119898807,0.015019037019704702,0.004730902777777776,0.00019971431553962384,0.008105948290004508
4128,2748,2300,0.016347826086956518,0.0031468206004119227,0.014958091213246733,0.006521739130434781,0.0006799154319927296,0.008770066128645114
4129,2748,2275,0.015736263736263734,0.0029131040174093696,0.01427606883868272,0.00624175824175824,0.0006535430039280233,0.008319367586637032
4130,2748,2334,0.016195372750642673,0.0027146870441670306,0.013872793562697173,0.006598114824335902,0.00029390350201322345,0.008284342632834025
4131,2748,2309,0.015937635339974013,0.0030735826737436265,0.01424034653756193,0.004590731918579469,0.00034994128888768004,0.007272361995486633
4132,2748,2303,0.012071211463308723,0.0016523030034749685,0.010541046014537116,0.0038211029092488033,0.00018797391275750524,0.005659381902075519
4133,2748,2298,0.013054830287206262,0.0017913310842543667,0.012914088826656915,0.005047867711053089,-0.00011124104566320076,0.007565478505471409
4134,2748,2326,0.011951848667239893,0.001700462990201574,0.010849951926580418,0.005503009458297504,0.000640377144065188,0.007106605741477836
4135,2748,2297,0.009577710056595556,0.0006964291769569443,0.008497665882936187,0.00474531998258598,4.748313688987696e-05,0.005963161610092964
4136,2748,2272,0.013820422535211263,0.0019614777595074405,0.013441850185231473,0.004313380281690139,0.00021045524889140417,0.007310284579918897
4137,2748,2294,0.013949433304272011,0.00244814195055986,0.013478845741057675,0.006756756756756755,0.0008626404393745077,0.009030328870293959
4138,2748,2304,0.016493055555555552,0.00319161203273768,0.016336286708022084,0.005121527777777777,0.0003612749096616906,0.008731190408156312
4139,2748,2295,0.015686274509803914,0.002496043198896753,0.015549910592888743,0.0071459694989106735,0.0013521675386585022,0.009974521967182843
4140,2748,2318,0.013805004314063845,0.0017376214086753145,0.012520206378642122,0.005392579810181188,0.00027954997981112186,0.007338284469327038
4141,2748,2305,0.013796095444685462,0.0026083775364420777,0.011895117365398755,0.006724511930585682,0.0020703535297856724,0.007909702717339736
4142,2748,2292,0.012827225130890048,0.0015111144136408239,0.013517551780541431,0.0026178010471204173,-0.0009213064078535983,0.006553502702413543
4143,2748,2302,0.01346655082536924,0.0015632050569796235,0.011913455244104303,0.003214596003475237,-0.0008507931368270303,0.005396648681082677
4144,2748,2302,0.01468288444830582,0.0020740895346539777,0.012526758416069993,0.005386620330147696,0.0006406851409888834,0.0070252684047657716
4145,2748,2319,0.01397153945666235,0.0026690575509525213,0.01273097774714041,0.0051315222078482095,0.0003235807308759787,0.007325043692074452
4146,2748,2307,0.012223667100130035,0.0019137638716392057,0.010604627564865054,0.005158214130905937,0.0003292654706701224,0.006451703494398828
4147,2748,2288,0.010839160839160839,0.0016503311911963909,0.009190658678384348,0.006206293706293705,0.000670528245859813,0.006908293835956133
4148,2748,2294,0.010113339145597209,0.0005437403079334514,0.008708164305851585,0.0037053182214472516,-0.00036764896751347324,0.005090210457799293
4149,2748,2342,0.013834329632792481,0.002990289366775528,0.010819699285643011,0.006233988044406488,0.0013697310686335968,0.006702353838421685
4150,2748,2334,0.01542416452442159,0.00287160805536674,0.012800581280862453,0.005526992287917735,-0.0004583674771542652,0.007060978721049015
4151,2748,2307,0.012830515821413086,0.002548577795781115,0.011257999973577414,0.005288253142609447,0.00033513178306777855,0.0069605084356830025
4152,2748,2286,0.013823272090988624,0.002745106911107152,0.013404429733786728,0.005555555555555554,0.00116195561549836,0.00804811284006605
4153,2748,2296,0.010017421602787454,0.0015936627461662011,0.009220005468080541,0.005008710801393727,0.0008133874432379846,0.006279937512026803
4154,2748,2259,0.012837538733953073,0.0022267743649674013,0.010608119230833416,0.005799026117751215,0.0005068038255661976,0.006638086127525759
4155,2748,2278,0.01501316944688323,0.0030198870211038723,0.013110946172046094,0.0068042142230026305,0.0014068457696426917,0.008307607428914905
4156,2748,2298,0.014534377719756306,0.0025540955539891186,0.013222714531486825,0.007006092254134027,0.0008625920054332243,0.008882634193064681
4157,2748,2317,0.014415192058696586,0.0022103310220501038,0.011974784913367066,0.006085455330168319,2.4783687246008674e-05,0.007187493982867804
4158,2748,2323,0.012914334911752041,0.0013391018520385203,0.012730922674587617,0.004218682737839,-0.0006937283631923811,0.007100526475101003
4159,2748,2309,0.012992637505413596,0.0018105400495707297,0.012678642952886366,0.0046340407102641815,0.00014300729548775566,0.007271112977000558
4160,2748,2301,0.014602346805736634,0.0022616381325896834,0.012500160293045723,0.00621468926553672,0.0007793461874377582,0.007632064858428807
4161,2748,2305,0.013796095444685462,0.0024811314374414764,0.013674401863584413,0.005379609544468545,0.000598572496476631,0.0081781046879308
4162,2748,2306,0.013790112749349518,0.002510433085900979,0.011488249912062827,0.004813529921942756,0.00015699029583738194,0.006238978931265259
4163,2748,2318,0.01630716134598792,0.0029505508261069217,0.01579256366728083,0.004400345125107849,0.00011936743286526618,0.00807514816048164
4164,2748,2295,0.016209150326797383,0.002743060915092519,0.015113311364112087,0.00540305010893246,0.00027150912337268085,0.008262023825105288
4165,2748,2299,0.012353197042192253,0.001695356461139534,0.012419190438102915,0.005350152240104392,0.0015362650048840497,0.007844389963903669
4166,2748,2316,0.014335060449050084,0.0022912602273969444,0.014955202728916706,0.0033246977547495673,-0.0001345387885729383,0.007504431681173571
4167,2748,2306,0.014483954900260188,0.00279937959730364,0.01226048714028681,0.0039028620988725035,-0.00010429611702700596,0.005808196911004844
4168,2748,2318,0.012079378774805864,0.001837817263061146,0.011228339444313234,0.00707506471095772,0.0015415951375286985,0.008488334002861407
4169,2748,2300,0.015999999999999997,0.0028706260491650325,0.015148196919064494,0.004608695652173911,-0.00039731125134786095,0.007670330327729104
4170,2748,2295,0.011416122004357297,0.0016405910995629688,0.011224941191632575,0.0043572984749455325,-9.430099945174783e-05,0.006656943429031393
4171,2748,2330,0.012875536480686692,0.0010352144512947492,0.01136850442466586,0.008154506437768237,0.0016454597573515224,0.008999450146441844
4172,2748,2291,0.011436054124836314,0.001554397086623606,0.009239600173877668,0.003753819292885202,-0.00019775323645571382,0.0048031129359390025
4173,2748,2319,0.01233290211297973,0.001376013220294842,0.011295650443151183,0.003449762828805517,-0.0004683491734217699,0.005805493690458931
4174,2748,2310,0.009610389610389609,0.0017074747770446943,0.009426993463439712,0.0038095238095238082,0.0007613151482807354,0.005864527538619086
4175,2748,2311,0.011596711380354821,0.001976069914136558,0.008812201506906186,0.0037213327563825173,6.850950382297003e-05,0.004466007830656569
4176,2748,2291,0.013618507202095153,0.001937161111483405,0.012590159043759503,0.006416412047140984,0.001278101734930814,0.008222216617513144
4177,2748,2276,0.014499121265377854,0.0021439668195646776,0.011983210807629386,0.004920913884007028,0.00027305200210765143,0.006618143233514573
4178,2748,2319,0.01716257007330746,0.0038380204169579505,0.013904031048057328,0.006640793445450623,0.0011619651573466167,0.007855097031374705
4179,2748,2296,0.014459930313588849,0.002802488880009024,0.011677749183022562,0.004573170731707315,0.0001546551694403312,0.006107745464159386
4180,2748,2330,0.013476394849785404,0.001808339622293005,0.012245830111461976,0.005193133047210298,0.0001821926655891215,0.007178650649842114
4181,2748,2269,0.01454385191714411,0.002139841280997094,0.013887217044841933,0.0040987219039224304,-0.0007237566312311615,0.00705834516853259
4182,2748,2291,0.014404190309908334,0.0025097802257148397,0.014225105724219629,0.002444347446529897,-0.0008447008383428784,0.006201614490516259
4183,2748,2321,0.009651012494614386,0.0012372181757712675,0.006076327635447685,0.0070659198621283925,0.0008521947127239206,0.005836871028970857
4184,2748,2253,0.012782956058588545,0.0016407616876354175,0.012385741912860243,0.004438526409232133,4.096982057961263e-05,0.007016926071919766
4185,2748,2291,0.013443910955914443,0.001987876324482201,0.012699781805063554,0.004364906154517676,-0.0002747205103934962,0.0069004418371501446
4186,2748,2294,0.011159546643417608,0.0011774883702076857,0.011831932411381047,0.004620749782040103,-0.0003636244726187175,0.0073567770662621625
4187,2748,2333,0.01080154307758251,0.0007624377466379043,0.011296450300867724,0.0027861123017573924,-0.00109783496491861,0.005832684164316152
4188,2748,2307,0.010663198959687904,0.0013935935135731675,0.011260397691366596,0.0037711313394018188,-0.000201405204435441,0.006416280339059554
4189,2748,2299,0.012788168769030009,0.0018555246145793498,0.01294583907469027,0.004915180513266636,-0.0003187061637516493,0.007735291343296192
4190,2748,2275,0.01459340659340659,0.0020821179923709134,0.013323400376887588,0.006813186813186811,0.0011620958909525003,0.008599456180262928
4191,2748,2298,0.0103568320278503,0.0012509604559338865,0.010181073694083678,0.005134899912967797,0.0007296562103200738,0.00707191721839012
4192,2748,2322,0.01395348837209302,0.002615227154762925,0.01372406829180925,0.0027993109388458207,-0.0007341618318766519,0.0062480703356495824
4193,2748,2334,0.014138817480719788,0.0021363081058354914,0.013112707829241545,0.005012853470437016,0.00015370387350315684,0.007390727259916641
4194,2748,2310,0.01385281385281385,0.002046409129775584,0.012972574815123693,0.0029437229437229416,-0.000850083833036278,0.005964392941880975
4195,2748,2321,0.011202068074105984,0.0015656395161950493,0.010648172690870842,0.005428694528220592,0.0001536575870472818,0.007093948422627163
4196,2748,2314,0.013569576490924802,0.00197396458841824,0.010341141743854405,0.005963699222126187,0.00034154307435019476,0.006525625319746781
4197,2748,2295,0.012287581699346403,0.0018502458225962046,0.01237781103485832,0.004052287581699345,-0.0006473057628337222,0.006877012704605076
4198,2748,2275,0.01406593406593406,0.001908053525568072,0.013070128362230158,0.008263736263736261,0.001779093885130524,0.009610518027094558
4199,2748,2271,0.010920299427564947,0.0008636270426319968,0.008397243502222856,0.00568031704095112,-0.0007324755865714166,0.006094231597877209
4200,2748,2263,0.012284577993813519,0.0016116344672930604,0.012614979683457013,0.0030048608042421545,0.00025942325126912205,0.00636310924636951
4201,2748,2310,0.0148051948051948,0.0025620319371321507,0.011237452406017772,0.006277056277056275,0.0008588936000022357,0.006860118218971055
4202,2748,2291,0.01632474901789611,0.002520815978885678,0.014340094920499478,0.004932343954604973,0.00012028199046304776,0.007311191850452297
4203,2748,2294,0.012990409764603309,0.0022189760764152167,0.012167576929435832,0.006538796861377505,0.001099092172271391,0.008234796631876281
4204,2748,2304,0.013541666666666665,0.0024783779136014414,0.010345798380767256,0.005685763888888886,0.0008440542119787383,0.006243070735848457
4205,2748,2287,0.012592916484477476,0.0015677191596889036,0.011497252706062847,0.0050721469173589835,0.0004543439012108154,0.00703633251023172
4206,2748,2299,0.01722488038277512,0.002723407611415664,0.015489593899190838,0.006481078729882556,0.0009770346617145617,0.008992490594468638
4207,2748,2319,0.011297973264338075,0.0013293259546785414,0.010769573128762446,0.005605864596808968,-3.168417930745038e-05,0.007284658198424353
4208,2748,2266,0.012268314210061778,0.001435292867883111,0.01091458484395474,0.0035304501323918784,2.0873310284084787e-05,0.005412970530844417
4209,2748,2334,0.016623821765209934,0.002625879506850088,0.014897472024322416,0.007455012853470436,0.0016932450022252837,0.009352792600752415
4210,2748,2307,0.013784135240572168,0.0023300177809042304,0.011911604717003444,0.005461638491547462,0.0004818088980679203,0.007082906206813697
4211,2748,2295,0.012549019607843137,0.0018639873235852147,0.010554745013103486,0.003834422657952068,-0.0008124972142984673,0.005257941964196243
4212,2748,2277,0.01212121212121212,0.00225053816053563,0.01245192147298196,0.005138339920948615,0.0005623864352981094,0.007820887940445628
4213,2748,2300,0.01069565217391304,0.0014325302737761586,0.012706231095608252,0.002217391304347824,-0.0002803710590338677,0.006529701553533864
4214,2748,2298,0.01436031331592689,0.0023798633311956844,0.01394205626358031,0.005787641427328109,-0.0002717184170691735,0.008351523465663717
4215,2748,2285,0.014792122538293215,0.0028640967632179463,0.011827139885484674,0.002844638949671771,-0.000267638913314165,0.00490953322697935
4216,2748,2297,0.014279494993469739,0.002653575129354742,0.012836875284906017,0.004614714845450585,-0.00046471861452508347,0.0068128284222880855
4217,2748,2287,0.01722780935723655,0.0031575477552148457,0.014150930431651828,0.005378224748578923,0.0010398959996578056,0.007319483947630866
4218,2748,2303,0.009031697785497176,0.000955827400976954,0.00792725700715526,0.0027355623100303937,-0.0005531828633166904,0.004263038678871752
4219,2748,2290,0.012314410480349343,0.002416591402573964,0.01231588013269324,0.0034497816593886442,-0.0007779352761636987,0.006362438722800546
4220,2748,2323,0.01300043047783039,0.001915308524250104,0.011304917053342377,0.005337925096857509,-8.31529358189815e-05,0.006860219971699012
4221,2748,2287,0.014079580236117183,0.0022401970781721044,0.012772290385266357,0.00284215128989943,-0.0018921095648907905,0.005631077726265404
4222,2748,2304,0.01067708333333333,0.0015239219442346966,0.01094091792084381,0.0039930555555555535,3.809069403389256e-05,0.006327242575291797
4223,2748,2348,0.01635434412265758,0.003214490841314239,0.014155546996673367,0.0042589437819420765,0.0001968323019248161,0.006742416674204656
4224,2748,2332,0.013893653516295021,0.002651644339989271,0.010867882542791868,0.004030874785591765,-0.0004051264166328449,0.005388837050234249
4225,2748,2308,0.01629116117850953,0.0027363008120351107,0.015006020629008325,0.006932409012131714,0.00039970684101799635,0.009108321589299112
4226,2748,2315,0.01399568034557235,0.002238836720796108,0.013019222607965113,0.00505399568034557,-6.293008550012102e-05,0.007522766375297594
4227,2748,2285,0.014617067833698026,0.002763522989047797,0.010559962342651276,0.003632385120350108,0.00016773180373057535,0.0045477139769631416
4228,2748,2281,0.013415168785620338,0.0020805293556583762,0.01134335960502981,0.007058307759754491,0.0009587983389759648,0.007913897882640115
4229,2748,2304,0.013107638888888887,0.0018757668863389207,0.011131502647666526,0.006119791666666665,0.0006608243376714687,0.0072575445316247055
4230,2748,2321,0.012580784144765184,0.0019169641656060145,0.010638675404965211,0.002929771650150794,-0.0007684997802120706,0.004596611160961891
4231,2748,2301,0.01755758365927857,0.002574983958898424,0.01674978246120672,0.0067362016514558865,0.0005595136277072034,0.009821493642265495
4232,2748,2310,0.015497835497835493,0.00227616011952846,0.01291576082085382,0.005064935064935063,0.00013510730915454927,0.00685205716778918
4233,2748,2326,0.014445399828030952,0.002590103236616448,0.012750386287255404,0.0039552880481513305,0.00013469026726205683,0.0063984387363630515
4234,2748,2285,0.01321663019693654,0.0020731830861258557,0.013198263648093494,0.004332603938730851,-2.4620663442131085e-05,0.007366939988786851
4235,2748,2312,0.012110726643598612,0.0015877925317444143,0.010908012270100232,0.004628027681660898,-0.0003396440011636772,0.006429666446615328
4236,2748,2340,0.014957264957264954,0.0024643724128577526,0.013125890138066452,0.006709401709401708,0.0008061817596188403,0.008323097239577594
4237,2748,2311,0.016529640848117692,0.0027228583109428065,0.015174657679691481,0.00536564257897014,-0.00010568313225434497,0.008202900752638449
4238,2748,2278,0.012554872695346792,0.0015579381028184033,0.011626464656084459,0.005136084284460051,0.0008916002862962756,0.007040499107166228
4239,2748,2328,0.011855670103092781,0.001313889822691159,0.01029749339236278,0.005111683848797249,-0.00022297407153908528,0.0063746968469487065
4240,2748,2314,0.012445980985306825,0.002017369646057079,0.01063400274097659,0.004796888504753671,0.0006441662831944779,0.006189712470295869
4241,2748,2312,0.016522491349480965,0.002867342837337847,0.014948644967305738,0.004584775086505188,0.00041031760219366076,0.007410596193572336
4242,2748,2309,0.012732784755305326,0.0017925023218054819,0.013083033680210425,0.004287570376786487,0.00034490714462907975,0.007281104134061664
4243,2748,2304,0.015538194444444443,0.003229142996847255,0.01338849054524772,0.0028645833333333314,-0.0009870804356862987,0.005421794681514641
4244,2748,2294,0.01708805579773321,0.0026950051171885725,0.01593435707669547,0.005231037489102003,0.00041795389005251085,0.008454318466336925
4245,2748,2301,0.01147327249022164,0.00046085534976001016,0.011373615526380122,0.0061277705345501934,-0.0003189153786081141,0.007837909622918903
4246,2748,2297,0.013931214627775357,0.0017349155274621552,0.012265029888885268,0.0037004788855028274,-0.0002456626124919677,0.005926463797131274
4247,2748,2312,0.019723183391003457,0.003797013969678063,0.01671821081353562,0.00705017301038062,0.0014168006871596289,0.009332459704066431
4248,2748,2303,0.015371254884932692,0.0019543505973227374,0.012962638236305897,0.005905340859748152,0.0006212073540511563,0.007368208855068266
4249,2748,2318,0.01630716134598792,0.0032053809952187545,0.015281477605292637,0.004831751509922345,0.0007573961329499048,0.007915954841163898
4250,2748,2267,0.01314512571680635,0.00265688586911895,0.011408595952415983,0.0043228936921041,0.0003306032179457352,0.006231915161643331
4251,2748,2333,0.013030432918988423,0.0024921149440684837,0.011616728138868477,0.0026575225032147427,-0.0008262899350136875,0.005310269211579675
4252,2748,2315,0.016501079913606907,0.0025475182873037905,0.01520357429020794,0.005831533477321812,6.122041851724334e-05,0.008344744307330648
4253,2748,2318,0.014840379637618632,0.0017072216755008149,0.014071661777226501,0.006902502157031922,0.0009489708886259267,0.008964775809795909
4254,2748,2301,0.010517166449369838,0.0013765611992133811,0.00997341397568565,0.006258148631029985,0.0014086850260126983,0.007657995875547878
4255,2748,2293,0.012821631051024854,0.001060438077129385,0.013450753043033881,0.0067160924552987335,0.0007080208370889776,0.009300134014567958
4256,2748,2323,0.01773568661213947,0.003438746415622529,0.014452833700442178,0.006715454154111062,0.0018011050139338325,0.008261646180249074
4257,2748,2290,0.013100436681222705,0.0018956633663463947,0.013119173519877831,0.005545851528384277,0.000816894739510358,0.008142180817697959
4258,2748,2329,0.009446114212108198,0.0007768016296931232,0.010360044115558513,0.0035208243881494185,-0.0003857216580636118,0.006201934930172811
4259,2748,2323,0.016185966422729226,0.0025584463825527675,0.014809007635166873,0.005165733964700815,0.00044974929660590346,0.007999646505549957
4260,2748,2328,0.014261168384879723,0.002308292036050182,0.013495594935262327,0.0035652920962199286,-0.0003376919096388162,0.006409310443365746
4261,2748,2324,0.012564543889845091,0.0016820694674988211,0.010042757790072738,0.0037435456110154887,-2.642867402678947e-05,0.004938392724474702
4262,2748,2312,0.0129757785467128,0.0026380936623479393,0.010763754918919921,0.002941176470588234,-0.0006466271581745181,0.004998392383753207
4263,2748,2300,0.01460869565217391,0.002316055878941601,0.011564771960211767,0.0051304347826086946,-8.33421399630146e-05,0.006047058991769838
4264,2748,2292,0.01308900523560209,0.0030761592988937233,0.012893763602889045,0.004581151832460732,0.0011062837457667086,0.007311362593606395
4265,2748,2287,0.0119807608220376,0.0016611568215432132,0.011604831261158577,0.005684302579798861,0.0006320734985576211,0.007727499905885445
4266,2748,2310,0.013160173160173157,0.0024692827428373625,0.01182091179733328,0.006103896103896101,0.0009607105224634132,0.007621895651555423
4267,2748,2307,0.01109666233203294,0.0017853954723328403,0.011286157386372859,0.0026007802340702194,-0.001007911770480463,0.00557718828297986
4268,2748,2282,0.017791411042944783,0.003208894059832447,0.015214302752341218,0.0069237510955302345,0.0009642911431938986,0.008648472198773674
4269,2748,2318,0.01604831751509922,0.0026062058019755423,0.014373851449055546,0.00789473684210526,0.0017813021621997424,0.00957623852123748
4270,2748,2304,0.015190972222222219,0.0027603661717088574,0.013838247697508538,0.0042100694444444425,6.660714558951505e-05,0.006950957661024233
4271,2748,2293,0.0136938508504143,0.0019564381877804193,0.012687246526205238,0.005102485826428257,1.789223665582109e-05,0.007164777550982093
4272,2748,2290,0.012925764192139736,0.002035585407065653,0.012868297956651455,0.002532751091703055,-0.0009326174458885615,0.005926887682677341
4273,2748,2317,0.01217091066033664,0.0012186711975785693,0.010966759735142677,0.006214933103150624,0.0010098697650350026,0.007369381692782513
4274,2748,2262,0.012732095490716177,0.0014332037188240557,0.011127695323259142,0.0054818744473916865,0.00025820891235681846,0.006852140929770027
4275,2748,2305,0.00971800433839479,0.0016377333918531135,0.010026495006379251,0.00477223427331887,0.0006730222851251097,0.006862011125793637
4276,2748,2284,0.012609457092819614,0.001813166442559993,0.010641212551655855,0.004290718038528894,4.335325933401213e-05,0.005810783744960139
4277,2748,2262,0.012466843501326255,0.0013101827002944568,0.011069435681216674,0.0046419098143236056,-0.0002415798233981613,0.006466894300263984
4278,2748,2343,0.013060179257362354,0.0015602789700250024,0.01200359677777791,0.00337174562526675,-0.0002799012166739975,0.005818370503078297
4279,2748,2310,0.012207792207792204,0.0020714751477046186,0.011974354885527795,0.004025974025974025,-0.00034049426467993053,0.006705673285000808
4280,2748,2308,0.008058925476603118,0.00038099897690261887,0.006288298765970957,0.004289428076256497,-0.00046026972931476295,0.004488771299598302
4281,2748,2281,0.012626041209995612,0.001667862967503798,0.011002474905746903,0.006049978079789564,0.00019392729191510674,0.007462156417191529
4282,2748,2303,0.012331741207121143,0.0013710530693541788,0.012661511309884101,0.005644811115935734,-0.000248097452198571,0.008033546446408382
4283,2748,2345,0.013304904051172703,0.0016288245408128087,0.012082218422154074,0.006353944562899784,0.000337151841734819,0.007955958229301402
4284,2748,2303,0.01432913590968302,0.0024535429920558263,0.013139726139814444,0.0038645245332175403,0.0003741237499391636,0.006412301469313291
4285,2748,2295,0.01054466230936819,0.0013051294086304985,0.010637405387410972,0.005751633986928102,0.0012387242151060346,0.007701011657068858
4286,2748,2261,0.01176470588235294,0.0011407150492265391,0.012573703587983922,0.0057054400707651455,-2.458301600200996e-05,0.008349471916132176
4287,2748,2308,0.01438474870017331,0.002723384501257963,0.012529267563304948,0.004506065857885613,0.000555429832674329,0.006823789273290853
4288,2748,2312,0.015224913494809684,0.002632192549426462,0.01384440685211295,0.005925605536332178,0.0008850677388648836,0.008186730238286487
4289,2748,2282,0.013234005258545132,0.0015576322661313008,0.011377572194109576,0.004907975460122698,9.013411289969998e-05,0.006601196832087403
4290,2748,2291,0.011348756001745959,0.001130710953027942,0.009538657077458405,0.006809253601047576,0.0006094527301189754,0.0073487432145234784
4291,2748,2341,0.011789833404527977,0.0016219914203715862,0.011535820514530414,0.0038017941050832965,0.00010077455699129664,0.006464000741655099
4292,2748,2299,0.014441061331013479,0.0025739884601006127,0.014765731970577416,0.005350152240104392,0.00016464646483547085,0.008623986500571813
4293,2748,2311,0.012894850713976629,0.0016175820215524365,0.012445452894612106,0.00424058848983124,-0.0007569641330914587,0.0067526349953497015
4294,2748,2286,0.012773403324584423,0.0014811243230045648,0.013271711796214338,0.004024496937882762,-0.0007698275922667664,0.007136371249828797
4295,2748,2310,0.010735930735930734,0.0014244835748469268,0.011250261225622693,0.0024242424242424225,-0.000561507588464146,0.0055736288358018814
4296,2748,2297,0.015672616456247276,0.0029478353113722875,0.01427968967368326,0.007575097953852849,0.001333388690750081,0.009596507102485354
4297,2748,2296,0.014285714285714282,0.0023153423911817968,0.013557963684863547,0.0037020905923344917,9.567655555218944e-05,0.0067169364545397155
4298,2748,2323,0.01222557038312527,0.0015499644677642063,0.011383302728980431,0.0033577270770555295,-0.0005627360013560319,0.005670024445993078
4299,2748,2311,0.011856339247079182,0.0016149029719143562,0.011910906045070292,0.003937689311986152,-0.00045238987936713367,0.006689545932970192
4300,2748,2302,0.010512597741094695,0.0018775150115044059,0.011276919851233186,0.004691572545612509,0.0007261168606869974,0.00719375677302816
4301,2748,2315,0.013131749460043193,0.0019363726649180629,0.01226599795122401,0.005140388768898486,0.0006418321754717418,0.007189714423664455
4302,2748,2355,0.013673036093418257,0.0016153496721097622,0.012819090344205735,0.004076433121019107,-0.0002543629896660372,0.006658870888650786
4303,2748,2289,0.01555264307557885,0.0027333741462802386,0.01312650345580394,0.007339449541284402,0.0010106699906117,0.008553579359346251
4304,2748,2312,0.013062283737024219,0.0015604154418806437,0.011717154352955197,0.006055363321799306,0.00020338255281245271,0.007440866942046347
4305,2748,2316,0.014939550949913642,0.0028451455027780946,0.011921452912631908,0.006044905008635576,0.0002929051847531891,0.007062818691562633
4306,2748,2317,0.009495036685369008,0.0011090783651314172,0.007479069315875377,0.0032369443245576154,-0.0008395394399172771,0.004099368014745313
4307,2748,2282,0.012795793163891322,0.0027683703860241628,0.011351468824359449,0.004907975460122698,0.0007099329139285888,0.006663128056241311
4308,2748,2292,0.013089005235602092,0.0021532583454214544,0.011816125967230418,0.003272251308900522,-0.00038532705882822845,0.005750895171082494
4309,2748,2331,0.010467610467610465,0.001474052537924632,0.009013254933196338,0.005619905619905618,0.00011089043964435115,0.00648374080583402
4310,2748,2303,0.009552757273122011,0.001311120824951018,0.007795852940526566,0.0042987407729049056,-2.9006174847446014e-05,0.004948910717364879
4311,2748,2300,0.01843478260869565,0.0037737502707149897,0.014605236741202296,0.007347826086956519,0.0017754511755443477,0.008554554205116782
4312,2748,2322,0.00887166236003445,0.00035565667705976316,0.008940736698869479,0.0035314384151593436,-0.0006562661358155267,0.005419692407954615
4313,2748,2289,0.014504150283966793,0.0021845875495200362,0.013391928564834569,0.0037570991699432043,-0.00023504564987906216,0.006520856251613381
4314,2748,2290,0.009344978165938862,0.001134481698526067,0.010238386965525939,0.005109170305676854,0.001055104184884701,0.007352437787595146
4315,2748,2292,0.014223385689354273,0.0022898487916951068,0.012737946740027484,0.005366492146596857,0.0007520749763155198,0.00729557245104336
4316,2748,2313,0.011759619541720705,0.0019259270211422037,0.011678142588082422,0.002031993082576738,-0.00014880219241352727,0.005329358306575945
4317,2748,2288,0.016258741258741254,0.0025796802715712516,0.01333270816040276,0.007430069930069928,0.0009431294526318349,0.008389493267785458
4318,2748,2299,0.01357111787733797,0.001911059546395892,0.013673727916315442,0.0053066550674206155,-0.00045571222942339656,0.007982120621348147
4319,2748,2335,0.01875802997858672,0.0036338457557504355,0.01728873688725124,0.006852248394004281,0.0010433444011063327,0.009728133375499961
4320,2748,2359,0.014158541754980923,0.0026428356321481863,0.011667727953180947,0.0055108096651123335,0.0006691546271417322,0.006809262971008711
4321,2748,2309,0.012646167171935901,0.001280226959870221,0.011591740244615538,0.004634040710264181,-0.0010362431813889434,0.006704672017558426
4322,2748,2313,0.009684392563769992,0.0010682934629182678,0.009787229164225664,0.006571552096843923,0.000971383945549513,0.007760531863295348
4323,2748,2307,0.010836584308625918,0.001677501298463421,0.010103162748363348,0.0052015604681404405,0.0003006142440369991,0.00666563178119816
4324,2748,2297,0.013147583804962991,0.0018115586369750621,0.012060522928638406,0.00583369612538093,9.652215550002495e-05,0.007741398049101171
4325,2748,2315,0.012958963282937361,0.002176320041759889,0.01068115885004956,0.006306695464362849,0.0005123073563508787,0.007175717487833365
4326,2748,2264,0.01625441696113074,0.0024380373354601337,0.016087742378074955,0.005521201413427559,0.00011554260059624391,0.008920877890522321
4327,2748,2266,0.014210061782877311,0.0024017977691851043,0.01264526787156927,0.007016769638128859,0.0011701757353300682,0.008471565345463308
4328,2748,2326,0.014359415305245052,0.0030142901664014453,0.014458316246213977,0.004170249355116077,0.001004200948796316,0.00788084812154668
4329,2748,2311,0.014192990047598442,0.002158747376837843,0.01267904134058911,0.002163565556036346,-0.0012959362629094229,0.005138372187452921
4330,2748,2327,0.01246239793725827,0.0014600009445016513,0.012127934753381819,0.004555221314997849,9.60330798202207e-05,0.007081514707748455
4331,2748,2263,0.011577551922227128,0.0010809126826185906,0.010529804642480512,0.007335395492708791,0.001277879756989806,0.008084806487132693
4332,2748,2344,0.012030716723549486,0.0020445312834105767,0.010905590403835156,0.0063139931740614315,0.001027228953885175,0.007532211018440491
4333,2748,2307,0.01404421326397919,0.002439483863678698,0.01341456730196462,0.005071521456436929,-2.218814992956847e-05,0.007614130736017282
4334,2748,2312,0.014705882352941173,0.002343387173068623,0.014389849510976329,0.005103806228373701,8.746037548140456e-05,0.008152637103030451
4335,2748,2308,0.010311958405545923,0.0011381855823738816,0.008814370967457517,0.0055892547660311934,-0.00011764025739015543,0.006234317845929163
4336,2748,2315,0.01563714902807775,0.0023622853783469046,0.016219721017176753,0.005788336933045354,0.0006757868214811529,0.009422098572883328
4337,2748,2316,0.013730569948186527,0.0027369980385216833,0.012145217350186284,0.003324697754749566,-4.64937437236279e-05,0.005840385871598395
4338,2748,2326,0.015563198624247631,0.0025945857405681775,0.01514330358852353,0.006147893379191744,0.00014345042020348194,0.008961237166670777
4339,2748,2323,0.014722341799397326,0.0028616540676703176,0.013441883362332357,0.003960396039603959,0.0005438466096500069,0.006569086111148089
4340,2748,2299,0.014615050021748583,0.0029969103741584427,0.012985786852947429,0.0033927794693344913,0.0006753593564626049,0.006205439269178888
4341,2748,2300,0.009999999999999997,0.0012062772309856453,0.007832033966769665,0.0014782608695652155,-0.002123998428651571,0.0030327738119332722
4342,2748,2337,0.013264869490800168,0.001542422704389644,0.013274026596541595,0.00397946084724005,8.228077911923105e-05,0.006882894083696391
4343,2748,2277,0.013350900307422043,0.0016808283382875337,0.011923847267140346,0.005401844532279312,-0.00017415929923206966,0.007115048446556678
4344,2748,2317,0.01286145878290893,0.0016413539572463598,0.012725884267234998,0.006991799741044452,0.0018236875939486056,0.009029133694883432
4345,2748,2257,0.013557820115197163,0.0035241774475904793,0.012100698633943455,0.0058484714222419125,0.0010456532369278414,0.007697201601496341
4346,2748,2343,0.012035851472471186,0.001993726147373161,0.011524968432287681,0.006017925736235594,0.0008287742043440525,0.007818139273616825
4347,2748,2277,0.012911725955204211,0.001889746435807583,0.011062098431199409,0.004435660957400086,-0.00020535962862590416,0.00603645065059017
4348,2748,2290,0.013973799126637555,0.00203537471478582,0.012634055305456507,0.005502183406113535,0.00037635102736702794,0.007527245707417537
4349,2748,2266,0.01500441306266549,0.0027894151712667616,0.012600572817049084,0.005251544571932919,0.0012095082369210875,0.007134033093677589
4350,2748,2299,0.014963027403218787,0.003441239879573295,0.013605033158543651,0.0018268812527185714,-0.0009619342690153723,0.0053313743970746395
4351,2748,2295,0.014204793028322438,0.001707339511463107,0.013171973195653783,0.0043137254901960765,-0.0007761302673814485,0.006925413700990849
4352,2748,2271,0.017437252311756933,0.0026840376637207912,0.014192353383019966,0.00726552179656539,0.0009603241135949999,0.008525285576222908
4353,2748,2306,0.012922810060711186,0.0017598009718475733,0.011658148608753804,0.004423243712055505,-0.0007843562121632135,0.006494637802030569
4354,2748,2332,0.01320754716981132,0.001302471855808075,0.014825219686445224,0.005831903945111489,0.0005034346180358372,0.00954947259975881
4355,2748,2300,0.013478260869565214,0.002407576069371439,0.01193627616247188,0.00343478260869565,0.00011323444696388931,0.005757365336861236
4356,2748,2264,0.012279151943462897,0.002174066756081841,0.010018981397295816,0.004284452296819786,1.5016739651738374e-05,0.005493197813658091
4357,2748,2279,0.012549363756033346,0.0021091386363662323,0.012660401676168397,0.005177709521720052,0.0009812580166111888,0.007820155790757946
4358,2748,2283,0.012352168199737185,0.0017328993654782418,0.0096566368904418,0.004204993429697765,0.0002185995080863192,0.00527781709737111
4359,2748,2298,0.017232375979112268,0.003211201862916939,0.0147710490381702,0.006744995648389902,0.0009230969190963633,0.008481300315977273
4360,2748,2314,0.015730337078651683,0.003111651377192437,0.014295022801613098,0.0074330164217804645,0.002082821713555784,0.009227415327402996
4361,2748,2332,0.014065180102915948,0.0017332341781274348,0.013097206097439865,0.0062178387650085746,0.0005103424636806296,0.008249010566385207
4362,2748,2281,0.014818062253397627,0.003155902115373541,0.011924968515789704,0.0053046909250328775,0.0004533589371456471,0.006442050746893085
4363,2748,2322,0.014987080103359172,0.0027105297616564655,0.013749495663400231,0.005943152454780359,0.0008517837898879498,0.008245598464662707
4364,2748,2314,0.0128781331028522,0.0014695654759510955,0.012884946603201409,0.00319792566983578,-0.0006877640604787354,0.006522174561340159
4365,2748,2316,0.014594127806563035,0.0025446215174515356,0.013411662998241446,0.004231433506044903,-6.479398166232856e-05,0.00694300997632541
4366,2748,2313,0.01452658884565499,0.0028862871675387324,0.01350031143619646,0.005793341980112406,0.0012173299645730565,0.007912134184226408
4367,2748,2306,0.011882046834345183,0.0011649996913710699,0.012009257992217099,0.005333911535125756,0.0002657297306174563,0.0076426227246473915
4368,2748,2300,0.01460869565217391,0.002613441019621518,0.015081944748456136,0.0055217391304347805,0.0009301478042572392,0.00881556405002078
4369,2748,2295,0.00941176470588235,0.0006716548867559618,0.010998382379042056,0.005533769063180826,0.0009169227083956389,0.008021488767396789
4370,2748,2330,0.012274678111587979,0.0013937516638585182,0.013461376690021119,0.003690987124463518,-0.0008733687417753375,0.007186788594170511
4371,2748,2301,0.01182094741416775,0.0020199227525565357,0.010784804063169638,0.003433289873967839,-0.00020161770207560579,0.005637260127778063
4372,2748,2308,0.014904679376083186,0.003478990610767205,0.013906972039859472,0.0022963604852686294,-0.00039519327400787423,0.00592785700461546
4373,2748,2302,0.006950477845351865,0.0004651936454711786,0.006001552713210824,0.0065595134665508235,0.0012191228028476135,0.006279613495602439
4374,2748,2260,0.013982300884955749,0.002261595133835968,0.013068757907870614,0.0032300884955752196,-0.0002529411062879086,0.00629123398826719
4375,2748,2302,0.01294526498696785,0.0009931249129696991,0.012148555019712395,0.006429192006950475,0.0007528562671000213,0.008287793609905666
4376,2748,2297,0.010535481062255114,0.0011761277452870824,0.009732614995661595,0.004048759251197211,8.412981198480373e-05,0.00582425246623916
4377,2748,2284,0.009019264448336249,0.0015930815661487003,0.0074358963443018865,0.003940455341506128,-0.00037308981437155365,0.004777121848362881
4378,2748,2268,0.016490299823633155,0.003378848538026033,0.016353557573954916,0.0044091710758377405,0.00015279893475047415,0.008314258593556527
4379,2748,2306,0.015698178664353853,0.0025531117257147243,0.01323193116601548,0.0042497831743278395,0.00036024847161697537,0.006224044882304802
4380,2748,2293,0.013432184910597469,0.002247923820118143,0.012049307904861814,0.0045355429568251174,-0.0004923773190717256,0.006720623940880083
4381,2748,2325,0.012387096774193546,0.001841403425178302,0.012299201135518833,0.005247311827956987,0.0009835977144147915,0.007621349079650704
4382,2748,2344,0.01646757679180887,0.002473088789284402,0.012886560136888428,0.004564846416382251,-0.0004479393486675249,0.00608995870767387
4383,2748,2280,0.014999999999999998,0.0028249984456234943,0.013093206186602717,0.003991228070175438,-0.00018075867212236457,0.006266588876151342
4384,2748,2292,0.015008726003490397,0.0028409623545381096,0.013385623771792072,0.0033595113438045355,-0.00015969769804238004,0.00610242484286271
4385,2748,2323,0.010675850193715019,0.0007724732185485462,0.01078929487630945,0.004003443822643131,-0.00042482817185276165,0.006547265534489096
4386,2748,2299,0.016615919965202258,0.002582723860325097,0.015489955764446728,0.004741191822531534,-0.00012049892180126688,0.00796703731461772
4387,2748,2298,0.016100957354221058,0.002820804318237495,0.014327210034477662,0.004743255004351608,0.0003233048862563181,0.0074286797226835385
4388,2748,2304,0.015624999999999997,0.0025134579845326652,0.015333443068887544,0.00542534722222222,0.0007481060578444041,0.008596854885834008
4389,2748,2340,0.0094017094017094,0.0017974988464457744,0.008634022083811768,0.003034188034188032,-6.355536573077808e-06,0.004814605031906244
4390,2748,2335,0.01481798715203426,0.0023703430713721183,0.012080617350094662,0.004539614561027835,-0.000723453210494565,0.005917464424131927
4391,2748,2317,0.01769529564091497,0.003979763848201047,0.0140137511116141,0.004618040569702198,0.0006825778671973577,0.006558485149551614
4392,2748,2303,0.015023881893182803,0.0026571450787717726,0.015531820583665376,0.004906643508467216,0.001163580196854259,0.008631755636411474
4393,2748,2302,0.014856646394439612,0.0028534987029071018,0.014363525028566075,0.004344048653344915,-7.444768958270963e-05,0.007621744196778097
4394,2748,2248,0.014501779359430603,0.002499529981542522,0.014198981612335487,0.003380782918149464,-0.0012837372590937433,0.006760978577393764
4395,2748,2322,0.012833763996554691,0.001694433393967854,0.011219036410958656,0.004521963824289403,-0.00019866107583949073,0.00616028887579021
4396,2748,2278,0.012642669007901664,0.0021147866484790686,0.012712096758646898,0.004345917471466196,-0.000915171004335117,0.007253537246496949
4397,2748,2317,0.012775140267587396,0.0018202472898553434,0.013286122778251763,0.004747518342684503,-0.00022702744112652472,0.00785573125982731
4398,2748,2280,0.018157894736842102,0.003203449891755039,0.016952614905062866,0.0050877192982456115,0.0002812072829767399,0.008395066612470864
4399,2748,2318,0.012338222605694562,0.00288712160824691,0.011976104473332696,0.006298533218291628,0.0019537826901992643,0.008259581781914962
4400,2748,2264,0.012279151943462893,0.0009808762375598688,0.009513358493797829,0.004461130742049469,-0.0003590710622784673,0.005315476923833969
4401,2748,2337,0.013863928112965336,0.002281651956235429,0.012541151709008064,0.0035515618314077868,-0.0004388475649007943,0.0061370358468797745
4402,2748,2293,0.01578717836894897,0.0023448800664457093,0.014965301719380155,0.004230266027038812,0.0009551806977857291,0.007485431926564981
4403,2748,2284,0.012259194395796844,0.002395375734942595,0.010214908628953209,0.005472854640980734,0.0011222194636809994,0.006447149733683
4404,2748,2315,0.008466522678185743,0.0009727855003728831,0.0069222221064813814,0.003369330453563713,-0.000774509206952342,0.004078121972939335
4405,2748,2301,0.010691003911342891,0.0011268856602168478,0.009164607157992978,0.005432420686657973,0.0003890511385424203,0.006366332584245805
4406,2748,2304,0.018663194444444444,0.0039741938857598726,0.01656535332481705,0.0057291666666666645,0.0008744335312104542,0.008557523851234332
4407,2748,2302,0.01294526498696785,0.0023684409689327156,0.01060189015402283,0.005125977410947001,0.0008344641532456525,0.006357672438069086
4408,2748,2313,0.015564202334630347,0.002950634722312942,0.011388416156841651,0.0073929961089494135,0.0016092487467734924,0.007567531458063862
4409,2748,2275,0.013274725274725273,0.0020766486636602743,0.011974164551913413,0.006637362637362634,0.0011993905366959406,0.008185611761227113
4410,2748,2271,0.010832232496697488,0.0005782601419726699,0.010311506340164442,0.0017613386173491834,-0.0016008622458109957,0.004400773596452205
4411,2748,2295,0.015337690631808277,0.0031377941650348224,0.014146673633788598,0.0061873638344226555,0.0008969766315336872,0.00846500336497669
4412,2748,2310,0.01047619047619047,0.0014866526233785152,0.010658677044083202,0.003636363636363634,-0.00012780007409102427,0.006289151581234181
4413,2748,2300,0.014695652173913042,0.002497772355736745,0.014065128085839401,0.0040434782608695635,0.000580331914831312,0.007180350910131222
4414,2748,2315,0.013909287257019436,0.0022415136255287045,0.014510008958058356,0.005183585313174944,0.0008606149737296625,0.008731007427719146
4415,2748,2306,0.015264527320034688,0.0024858647034536837,0.013533662572753876,0.005507372072853424,-0.00020955923387742234,0.007671526711240555
4416,2748,2300,0.015217391304347823,0.0024596891981065413,0.013841314414150848,0.004913043478260868,0.0008580548021186756,0.007586931198516686
4417,2748,2310,0.011341991341991339,0.0008242611969003155,0.009829617852721514,0.004069264069264068,-0.00035596071853246335,0.0054464154057832555
4418,2748,2321,0.014476518741921584,0.0023738860367556944,0.013246996748736148,0.006419646704006892,0.0007306016146328475,0.00828305817422509
4419,2748,2271,0.012241303390576835,0.001928749386832222,0.010209413993702668,0.006781153676794363,0.0013023788871797497,0.007369810363038826
4420,2748,2261,0.010172490048651036,0.0010835515330398066,0.00962686870633363,0.0021671826625386977,-0.0002719430899689311,0.004634017469833989
4421,2748,2281,0.01245067952652345,0.0012158723870226188,0.010606985356199194,0.003989478298991668,-0.00021438054044941695,0.005639126080069776
4422,2748,2299,0.011657242279251846,0.0012526695836638376,0.012085566231979017,0.005263157894736839,0.00018411936559981998,0.007601357111375914
4423,2748,2300,0.015739130434782603,0.002897998739794088,0.0134055223965719,0.005869565217391302,0.00012035330422424534,0.00754357355555695
4424,2748,2304,0.013454861111111108,0.002116653641456947,0.01318755429002386,0.0034722222222222203,0.00012605325498827452,0.006780319751154046
4425,2748,2309,0.0169770463404071,0.0029302602144679925,0.015981561465711815,0.0074491121697704615,0.001578080739175362,0.00997258430563859
4426,2748,2282,0.015512708150744957,0.0022951775311562364,0.0158808903324486,0.006310254163014897,0.0005711953843524926,0.00960258268295309
4427,2748,2322,0.021102497846683888,0.003857468836788128,0.017935612209683566,0.006029285099052538,0.0006786231692402304,0.008931328201532656
4428,2748,2294,0.01316477768090671,0.002035179889051495,0.011360490254116461,0.004882301656495203,1.0087977802518599e-05,0.006392217303337185
4429,2748,2325,0.014365591397849459,0.00196764803536416,0.013251780115419939,0.003268817204301074,-0.0009132545547401443,0.006089307604578349
4430,2748,2329,0.01571489909832546,0.003196010079148571,0.013796775445810344,0.007170459424645769,0.001395390836608508,0.008680860226548537
4431,2748,2265,0.012626931567328914,0.001632292017387582,0.01354320101743038,0.004194260485651213,0.0002547273431198825,0.0077358857940887675
4432,2748,2263,0.011665930181175429,0.001152414580667782,0.01199222923130994,0.0035351303579319463,-0.0013154630923624098,0.006465099010853102
4433,2748,2320,0.01405172413793103,0.0025198075231188614,0.014701157935209007,0.008103448275862069,0.0016951798436304134,0.010555180442926127
4434,2748,2313,0.016083009079118027,0.003378580336813653,0.015559815269329348,0.004453091223519237,-0.00011159329824618225,0.008029874977473182
4435,2748,2311,0.01575075724794461,0.0025991159955925437,0.014061866610568078,0.006101254868022499,0.0004820145983524339,0.008131703576932776
4436,2748,2309,0.01611087050671286,0.0020409514104201163,0.014140590583906506,0.005370290168904287,0.0009556263933413033,0.007796176409197915
4437,2748,2298,0.01662315056570931,0.003403889635326427,0.013664129308164926,0.0025239338555265427,-0.0004439962475643121,0.005149477908177751
4438,2748,2308,0.016551126516464468,0.0034124089661285834,0.016175712850358827,0.004939341421143845,0.0007387390334443744,0.00869608025028461
4439,2748,2289,0.015640017474879857,0.002267514989088783,0.01496423339570281,0.006203582350371339,-0.00010725819173694426,0.0087794141427666
4440,2748,2321,0.010685049547608785,0.0015583541309830125,0.008090923870501917,0.005730288668677292,0.0009756560810381824,0.005892349475562407
4441,2748,2306,0.014310494362532523,0.00260867288459677,0.013363001651778556,0.004293148308759755,0.0009332221007409547,0.0070300848743189
4442,2748,2270,0.012775330396475769,0.0022434286583583995,0.012028053086308391,0.0038325991189427293,-2.7021735099467108e-05,0.0063973133638742935
4443,2748,2279,0.012549363756033346,0.0021115101818097053,0.011873446669715864,0.00254497586660816,-0.0009570378263086377,0.005419283714617301
4444,2748,2272,0.01514084507042253,0.002198014782331656,0.015004987144740531,0.004841549295774646,7.071720422268666e-05,0.008320102929167145
4445,2748,2260,0.012035398230088494,0.001837751393072251,0.010249538471622984,0.004601769911504423,0.00033524735292626536,0.006098347227625335
4446,2748,2301,0.01182094741416775,0.001719888603399853,0.01163507315870463,0.003607127335940894,-0.0006347848798758103,0.006311135993094829
4447,2748,2282,0.014548641542506568,0.0024228032457227567,0.011543188703099968,0.004163014899211216,0.00016483806583804248,0.005511434939257455
4448,2748,2312,0.013062283737024219,0.0019459786256811283,0.012457327692920581,0.004325259515570933,-0.0002906830565977068,0.006887568962473581
4449,2748,2324,0.01454388984509466,0.0029755867781589567,0.013360282482328354,0.0034423407917383805,7.685412241006457e-05,0.0064665216331139174
4450,2748,2312,0.015224913494809684,0.002759516278807822,0.013561374858073806,0.005536332179930794,0.0005506412958793269,0.007625804569591571
4451,2748,2299,0.01435406698564593,0.001674882539563364,0.012552135408399312,0.007612005219660719,0.00043254995074713153,0.008716654929558318
4452,2748,2333,0.014316330904414913,0.0028715387264351857,0.01174232958079072,0.0032147449635662215,0.00031149031194388504,0.005260062270868857
4453,2748,2324,0.011445783132530118,0.0011471206933681148,0.011049310741758906,0.005120481927710841,0.0008500473749782618,0.007054796113484362
4454,2748,2303,0.012418584455058617,0.0015273064723957549,0.011078949918641084,0.005905340859748154,0.0008514683246432387,0.007239997701317836
4455,2748,2280,0.013684210526315788,0.0020742214684097604,0.012283227059918264,0.004692982456140349,0.00017186504184448488,0.006715186072709237
4456,2748,2317,0.01510574018126888,0.0028261986932318663,0.013846481149702897,0.006430729391454465,0.000854224166289333,0.008442333621521813
4457,2748,2286,0.014348206474190722,0.0021997856254325123,0.012769813736021584,0.005468066491688538,0.0008817658660376645,0.0075355064719506
4458,2748,2305,0.015357917570498914,0.0027387932929057003,0.013338083963919441,0.005639913232104119,0.00029773442095106206,0.007422149381764169
4459,2748,2271,0.018317921620431526,0.0032253722531513547,0.014566714925385693,0.00797005724350506,0.0009947041890032999,0.009002156651537637
4460,2748,2284,0.01436077057793345,0.0021132153951662082,0.011528883857131309,0.004597197898423816,-0.00026591937050771765,0.005910047304482804
4461,2748,2319,0.01328158689090125,0.0019366126094674048,0.010858960323532998,0.0069426476929711056,0.0016681990706399774,0.0077436869793728455
4462,2748,2286,0.01128608923884514,0.001578691561581612,0.009875359030614287,0.00511811023622047,0.0005603096014229837,0.0065037223514982055
4463,2748,2295,0.017777777777777778,0.0036705436477068565,0.015167566853811439,0.005577342047930282,0.0009388543072960914,0.007905684541583654
4464,2748,2312,0.012283737024221449,0.0013068405149161957,0.010665975593011783,0.004887543252595153,0.0005314087748735525,0.006330836444271125
4465,2748,2316,0.010449050086355783,0.0010344456342026053,0.010491991301695444,0.005181347150259066,-8.868270926418516e-05,0.007173517180924319
4466,2748,2294,0.009503051438535307,0.0010264598383407147,0.009550386537003871,0.006102877070619004,0.001973752557076435,0.007672772778467018
4467,2748,2300,0.013043478260869563,0.002343451882758986,0.011547223627256246,0.00326086956521739,0.000631287617458378,0.005528227770818553
4468,2748,2329,0.010905968226706739,0.001595524944426907,0.011109786441526097,0.005495920996135679,0.0008276272445336617,0.0076421028604710855
4469,2748,2280,0.010877192982456136,0.0012473364082822855,0.011314115975835856,0.0038596491228070164,-0.000607988555532373,0.00641112833047137
4470,2748,2304,0.012152777777777776,0.0014601968343777327,0.011115010188478804,0.003255208333333331,-0.0009851647927207135,0.005421203918024665
4471,2748,2321,0.012925463162429984,0.00216280373134324,0.011283223511574436,0.006333476949590692,0.0011925675665873424,0.007580233200800482
4472,2748,2297,0.008097518502394423,0.001044063768683853,0.008659708205927387,0.0020026121027427062,-0.00117368424360643,0.0046027329487568335
4473,2748,2298,0.011749347258485636,0.002234797478344609,0.010269359359486061,4.351610095735315e-05,-0.0009635222051708285,0.0029273086607143777
4474,2748,2292,0.014746945898778358,0.0023315420652274656,0.01518823775651168,0.0069808027923211145,0.0012666579302360419,0.0099524001445974
4475,2748,2286,0.016972878390201222,0.0033990733395633035,0.014442506333725506,0.003762029746281713,0.00028746059740615624,0.006349190822162358
4476,2748,2343,0.014255228339735379,0.0020138588519843094,0.011880996862407569,0.006530089628681175,0.0011981170608384576,0.007638455000680473
4477,2748,2308,0.011611785095320622,0.0011712793040182007,0.013661421763771353,0.0041161178509532045,0.0005947857138356507,0.00798159739245754
4478,2748,2306,0.018647007805724196,0.0032249265845643673,0.016901882622732217,0.005550737207285342,0.0007887738478713091,0.00871210978552737
4479,2748,2311,0.01133708351363046,0.0018184200087032318,0.009567144058010544,0.003807875378623971,-0.0007112248423423032,0.005292309480477124
4480,2748,2320,0.010172413793103446,0.0013381898093036489,0.01039997362518367,0.0032758620689655156,-0.0004572936477760305,0.005919697186161436
4481,2748,2315,0.014686825053995677,0.0028040917269373813,0.013399090553698834,0.00488120950323974,0.0006394327648935315,0.007295471725684941
4482,2748,2284,0.014273204903677755,0.0019400723028674665,0.013483209013064153,0.004816112084063046,-1.3169451532134189e-06,0.007406625842459467
4483,2748,2277,0.011330698287220024,0.0015779730409415818,0.011112731285607969,0.004128238910847604,-0.0008210672309313861,0.006469235688130344
4484,2748,2281,0.01332748794388426,0.0020846796384381932,0.012144403501287811,0.0033318719859710636,-0.0005620854864206903,0.005909166571165087
4485,2748,2289,0.014504150283966797,0.0023183187802187644,0.015012161295431516,0.0055045871559633005,0.0005734360072478095,0.008802810409028864
4486,2748,2326,0.012467755803955285,0.0022508106364497777,0.011010094639595895,0.004514187446259672,0.00026985227351394647,0.006161107742459557
4487,2748,2321,0.014218009478672985,0.0025139298097541806,0.01330456290127469,0.004308487720809994,0.0005640638707826615,0.00686825153611537
4488,2748,2314,0.014520311149524626,0.0019223078358569057,0.013257998559790379,0.004840103716508209,0.0003029222220365878,0.00720821858478669
4489,2748,2289,0.014941022280471818,0.0023471168145320397,0.012257470065161466,0.0063783311489733485,0.0011547943052223402,0.0073506398235785465
4490,2748,2314,0.016162489196197057,0.003294218049482136,0.013620456588393604,0.0039757994814174575,0.0004654332852639214,0.006352680869768606
4491,2748,2311,0.015404586758978794,0.0024123236416916383,0.014994585468334725,0.00579835569017741,0.0005513797098915077,0.008794415288324258
4492,2748,2316,0.014421416234887734,0.0024497201263083443,0.012647110888556095,0.005742659758203797,0.0001223860158712838,0.007386653826186234
4493,2748,2275,0.01327472527472527,0.002087059565235243,0.013798901942630632,0.004307692307692306,-1.3603130595800406e-05,0.007455873404974289
4494,2748,2295,0.011328976034858385,0.0017046258949187474,0.010103716948482975,0.0033986928104575145,-0.0007025455253755383,0.005380229106777048
4495,2748,2318,0.010181190681622085,0.001242386854512498,0.009482477684071601,0.002329594477998273,-0.0014193561103286532,0.004525071135801692
4496,2748,2337,0.015917843388960205,0.0025686985052951286,0.011788191377466199,0.004535729567821991,-0.0002196392332969649,0.005657423000680579
4497,2748,2310,0.01281385281385281,0.002216804965784785,0.010500879863016442,0.00424242424242424,-0.0005198245398954497,0.005595422757510913
4498,2748,2291,0.01527717154081187,0.0028429341786008664,0.013387531163115208,0.005892623308598864,0.0016626569394167477,0.007958099497924392
4499,2748,2293,0.010292193632795462,0.0016804186791040036,0.01004928898284593,0.0028347143480156986,-0.00039785246031781725,0.005141674455839626
4500,2748,2322,0.012833763996554691,0.002309638185624754,0.013812922311643966,0.005167958656330747,0.0005531883547624969,0.008219867669467768
4501,2748,2303,0.011723838471558834,0.001974176006392697,0.010777229532249437,0.004732957012592269,-4.6439837044132846e-05,0.006496897044517072
4502,2748,2288,0.013111888111888109,0.002580520118802241,0.01060131510433265,0.003758741258741257,-5.525491302658192e-05,0.005138388311533697
4503,2748,2282,0.01419807186678352,0.0014474608382947748,0.014541597142101379,0.00464504820333041,-0.0006136960118545828,0.007901976716317616
4504,2748,2335,0.015246252676659527,0.0027857513278945994,0.01435428105432905,0.007152034261241968,0.0014867529856378153,0.009314092149986828
4505,2748,2299,0.0122662026968247,0.0020178461516569255,0.012375842083020979,0.005002174858634185,0.0006100863581627389,0.007697570950366676
4506,2748,2301,0.01329856584093872,0.0019310948914879834,0.010864436951725868,0.004910908300738808,6.409414068366895e-05,0.006127236015520981
4507,2748,2285,0.012603938730853389,0.0014082490517083488,0.011989149782615238,0.005864332603938729,0.0011995229634652685,0.007888197707488874
4508,2748,2311,0.01601038511466897,0.002713166615686012,0.013639528092303595,0.005841627001298138,0.0012179725433214574,0.007922794362739037
4509,2748,2342,0.011101622544833472,0.0013882814440291308,0.010281972475505304,0.005892399658411611,0.0004893177155422159,0.007194278055035755
4510,2748,2297,0.014018284719198953,0.001881223308206513,0.012819921023015273,0.0028297779712668685,-0.0005410144050195914,0.0057819622850615515
4511,2748,2326,0.015391229578675837,0.003227982772439777,0.012574512200188803,0.00520206362854686,0.0004557302579393118,0.0066737437614588745
4512,2748,2276,0.01362038664323374,0.0019160305404130166,0.011878915266762097,0.003998242530755711,-0.00017423921481500102,0.006062439064378977
4513,2748,2322,0.014298018949181738,0.0021788892618118437,0.01207764045106823,0.0043066322136089555,2.068891094150968e-05,0.006070887809727136
4514,2748,2303,0.014155449413808073,0.0023951438168060453,0.013028451058648142,0.004081632653061222,0.0003800896308952856,0.006607394777805392
4515,2748,2278,0.014837576821773484,0.0021448047848859294,0.01270887645264054,0.005531167690956977,0.00016769586433350834,0.007153329048290303
4516,2748,2297,0.01750108837614279,0.00335519830294616,0.016086342478263394,0.002612102742707878,-0.00047966510911744023,0.006130280552186837
4517,2748,2292,0.016055846422338566,0.0038206219968212954,0.014022367367730897,0.005322862129144849,0.0001437209638064014,0.0076906569828096814
4518,2748,2256,0.017198581560283685,0.002789872477603118,0.01601203098185282,0.003280141843971629,-0.000931757220491136,0.006921738089260956
4519,2748,2323,0.016099870856650877,0.0032652612095237167,0.0145326290644959,0.003960396039603959,0.00021977364358116157,0.00695658851435559
4520,2748,2333,0.014744963566223743,0.002143951886792564,0.012650592472951397,0.0072867552507501045,0.0007375373689001714,0.008328149814512324
4521,2748,2308,0.01239168110918544,0.0021665979796018104,0.011037902043462909,0.004506065857885614,0.000197834916815088,0.006417058595941329
4522,2748,2300,0.013652173913043478,0.0026474705216188265,0.013006834787478406,0.0045217391304347805,-2.3315383548688543e-06,0.006999840535693367
4523,2748,2323,0.016616444253120963,0.002556244379809239,0.014527504123947085,0.006844597503228582,0.0006254071441256385,0.008639396328812993
4524,2748,2299,0.012092214006089601,0.0017442179747032356,0.010407348489599986,0.0037407568508046954,-0.00036534017815717534,0.005400042458379898
4525,2748,2300,0.013913043478260868,0.001902794968226337,0.011356376340964591,0.005217391304347823,-0.0003389943991201243,0.0062788303877279825
4526,2748,2328,0.0172680412371134,0.003651832078073699,0.01389757596006095,0.005841924398625427,0.00044926411432531744,0.007362817334871738
4527,2748,2309,0.016110870506712862,0.00390168466845536,0.013762720717658956,0.0059333044608055425,0.0014850504311588572,0.007797049919483711
4528,2748,2314,0.01590319792566983,0.002588512389269876,0.013394572999749237,0.004710458081244596,-1.4973824847938193e-05,0.0067291557333825245
4529,2748,2269,0.013662406346408106,0.0020939130084384624,0.012543139967001082,0.004054649625385631,-6.588986791105424e-05,0.006482407293933002
4530,2748,2317,0.01286145878290893,0.00229501939075847,0.01030339984458145,0.0021579628830384104,-0.0010484059519059777,0.00392255756873405
4531,2748,2325,0.01410752688172043,0.0021387039289025326,0.011360660394013537,0.00529032258064516,0.0006949961973163261,0.006398007048764452
4532,2748,2280,0.015614035087719295,0.0019499511926556888,0.013866203373438782,0.0043859649122807,-0.0005750483214341039,0.006750300857332809
4533,2748,2292,0.018760907504363,0.004015617122104183,0.016153852159601807,0.004624781849912739,0.0009133260726510917,0.007476586222964506
4534,2748,2320,0.010775862068965514,0.0013810857245758826,0.006972898035990342,0.00422413793103448,-0.00041257034187316375,0.003919697510372491
4535,2748,2289,0.013805155089558757,0.001994789040330145,0.012357020239079789,0.0027522935779816494,-0.0009685824671489761,0.005329458602811693
4536,2748,2339,0.013339033775117567,0.0020448557955802913,0.012561916165667063,0.0062847370671227,0.0013641429986557543,0.008259115468664587
4537,2748,2287,0.01329252295583734,0.0021221063782483913,0.010821030752215605,0.0017927415828596397,-0.0008067304750489802,0.003951709129128116
4538,2748,2304,0.015451388888888886,0.0028753262119428336,0.014523246028364063,0.006553819444444443,0.0006502713789381863,0.008939151514757207
4539,2748,2318,0.011820534943917166,0.001628694787699349,0.012537784943043648,0.007247627264883519,0.001891811792263201,0.009410852724881348
4540,2748,2326,0.015993121238177123,0.0026899952317304895,0.01425973449894164,0.005975924333619947,0.000831807112388637,0.008268025389729745
4541,2748,2284,0.01549912434325744,0.002229475031400298,0.013676789572461094,0.00455341506129597,-5.852527818525654e-05,0.006985667795188228
4542,2748,2300,0.015217391304347823,0.0026730475565831407,0.013849686997506865,0.004826086956521737,0.00035880649033353894,0.007221780011653232
4543,2748,2287,0.010319195452557934,0.0009540892002229047,0.01216577493252087,0.005203323130738957,9.234918104135127e-05,0.008272417096490231
4544,2748,2318,0.012942191544434855,0.0018521268210275497,0.012843029904625457,0.005867126833477132,0.00046399169730402515,0.00817096370976248
4545,2748,2301,0.010430247718383308,0.0007467841083544709,0.010843806930155955,0.0036940460669274205,-0.0009667124181821118,0.006186037518570298
4546,2748,2297,0.015498476273400084,0.0024193092122948142,0.01552994734200872,0.0028297779712668685,-0.00030539977144122647,0.00691741558232386
4547,2748,2258,0.014614703277236492,0.0018749999465289594,0.013024459379554357,0.004340124003542957,0.00015080921372652984,0.006616730187833593
4548,2748,2333,0.015516502357479636,0.0020953184141039136,0.0153681574822443,0.004072010287183881,-0.00033126727217617586,0.007531468311742412
4549,2748,2352,0.009608843537414964,0.0009035754552127594,0.00849582657882685,0.005059523809523807,0.00038102789395717677,0.006036924584969629
4550,2748,2311,0.008394634357421028,0.0007853855843555022,0.008454008354533051,0.003634790134141062,3.917365061267667e-05,0.005380843378930206
4551,2748,2323,0.01842445114076625,0.0036472593197272537,0.01616469271658519,0.007059836418424448,0.0011101863530406917,0.009296211503300143
4552,2748,2298,0.01540469973890339,0.0026812621750985748,0.013340805270079394,0.005961705831157526,0.00033798774792949475,0.007772130852050187
4553,2748,2317,0.01536469572723349,0.0025608079700128977,0.016402107528853644,0.004963314630988346,0.0002460704060420204,0.009200788799999022
4554,2748,2275,0.016791208791208788,0.0028308256606026745,0.014794618239821393,0.005230769230769229,0.00020547823348605415,0.007636408962134885
4555,2748,2269,0.009960334949316876,0.0014172005594702828,0.009755187709157993,0.00392243278977523,-0.0006957710595266454,0.005761333069962632
4556,2748,2317,0.015709969788519632,0.0018372736707243428,0.015654088617282628,0.00530858869227449,-0.0005714021335759522,0.008639547649317687
4557,2748,2296,0.011672473867595814,0.0019968000562887037,0.010929088968991911,0.00553135888501742,0.0005713111473108889,0.006969061909717474
4558,2748,2304,0.014062499999999997,0.0021164323252057596,0.013295744597117055,0.004774305555555554,0.000385281340143966,0.0074103022977468225
4559,2748,2267,0.01632112924569916,0.0033978282900643027,0.014125578891819307,0.005469783855315393,0.0003818769601425438,0.0076163667902696556
4560,2748,2268,0.013403880070546735,0.002575376510931888,0.013112003621711428,0.0037037037037037017,-0.0003756333835390451,0.00669732270214561
4561,2748,2324,0.01282271944922547,0.001993198657821177,0.010648920112747758,0.0032271944922547323,-0.0001926915637335206,0.004980037162690268
4562,2748,2271,0.015852047556142664,0.0025834889229652074,0.01627330174820563,0.00827829150154117,0.0015575733765591964,0.011201597991919464
4563,2748,2312,0.016176470588235292,0.0025898992733121265,0.013520868065191104,0.006271626297577852,0.0009087047400759396,0.0077777639841675305
4564,2748,2270,0.012599118942731273,0.002590060298732864,0.010420854858050685,0.0044493392070484574,0.000698937392041117,0.006060409538115722
4565,2748,2313,0.009684392563769992,0.0015299644201453302,0.009336070046130579,0.0033722438391699068,-0.00020184219329447603,0.005341531923527396
4566,2748,2339,0.01504916631038905,0.002994938106710418,0.013099209089608828,0.003676784950833689,-0.00016773150830674883,0.006219482536716099
4567,2748,2305,0.01683297180043384,0.0037821871737016475,0.014759631970617791,0.0044251626898047704,0.0010000784844637377,0.0071917492176022
4568,2748,2272,0.013116197183098588,0.0025084175879366982,0.010465229766274595,0.004049295774647885,-0.00024226286300606736,0.005473172945323334
4569,2748,2300,0.017304347826086953,0.0033146687569742626,0.016127130632270625,0.005956521739130433,0.0010687564379601219,0.009029181596137003
4570,2748,2325,0.014623655913978488,0.002352094055107141,0.01335028568092306,0.00361290322580645,-0.00044557255583568204,0.006509455244256739
4571,2748,2341,0.021102093122597178,0.003412417165070643,0.018721757409848345,0.008457923964117896,0.0015531382289596801,0.010864814744202294
4572,2748,2306,0.016392020815264523,0.002500015895266609,0.01672026347496863,0.00490026019080659,0.00011525171496001541,0.008863997463620306
4573,2748,2322,0.014556416881998276,0.0023031928275138785,0.014020711658693237,0.004435831180017224,0.00023965665790827523,0.00744820112957391
4574,2748,2294,0.010113339145597207,0.0007328054089307043,0.010080793319378367,0.004141238012205752,0.00024172803810137132,0.006110344308188651
4575,2748,2290,0.010567685589519649,0.0011922548321949395,0.009781516088407109,0.00541484716157205,-0.00014198189640623855,0.006707703320748459
4576,2748,2319,0.016300129366106076,0.0033152942614337933,0.013981072092156504,0.005390254420008623,0.000614645500299063,0.007594300557729821
4577,2748,2328,0.011512027491408934,0.0015480967601415585,0.010279321719342796,0.004252577319587626,-0.00060627905684154,0.0058069104216771075
4578,2748,2330,0.01321888412017167,0.0020207756649484906,0.01113124492318414,0.003133047210300427,-0.0007577765878411615,0.004975886051418196
4579,2748,2316,0.011139896373056991,0.00184489577416854,0.010166651543854018,0.0056563039723661465,0.0005010636944454527,0.0068898650780935275
4580,2748,2288,0.010576923076923076,0.0015892975791378578,0.008904164587149004,0.003758741258741256,-1.0742917473199994e-05,0.005025784660312881
4581,2748,2323,0.014550150667240636,0.002887637077157376,0.011102581887246393,0.006026689625484285,0.00036755482092138255,0.006748871646049148
4582,2748,2321,0.013097802671262383,0.0020360876044436416,0.012424582771290008,0.0049547608789314935,0.00030137863052823036,0.007342586802745882
4583,2748,2317,0.012257229175658175,0.0015011799715918392,0.012271597951863562,0.005222270176952954,0.0004824381995142671,0.007485289173251589
4584,2748,2312,0.012456747404844287,0.0019022372221339145,0.01095470972336682,0.004714532871972316,0.00017863444857065824,0.006527663973805961
4585,2748,2330,0.016652360515021454,0.0035061053459945436,0.014899953761328398,0.00394849785407725,-0.00015181917763666314,0.006932295743194978
4586,2748,2315,0.013650107991360688,0.0019492351548167622,0.013443815523201308,0.006047516198704102,0.0015100691989185237,0.008533348196080023
4587,2748,2294,0.011595466434176107,0.0021524107956733198,0.010213204277864932,0.004925893635571054,0.000682143927907906,0.006422408258131769
4588,2748,2302,0.015986099044309296,0.0023880133103184034,0.013450890833739364,0.0036055603822762786,-0.0005869893850403583,0.006021734100467974
4589,2748,2288,0.011276223776223771,0.001503303283537524,0.009853313446219638,0.0034090909090909076,-0.0010829042514811057,0.005218096247262108
4590,2748,2298,0.017406440382941684,0.0026892484619997015,0.01584879118455857,0.005831157528285463,-4.090219269596995e-05,0.008628027268243436
4591,2748,2306,0.01352992194275802,0.0018817096707053954,0.013976652767216121,0.006157849089332175,0.0008823435179066533,0.008925714496121822
4592,2748,2310,0.014285714285714282,0.002489102094869139,0.012445368356594978,0.0045887445887445874,0.00031762994924833417,0.0065341010520336305
4593,2748,2313,0.013661910938175528,0.0022719900928927367,0.011023588194117636,0.004755728491137049,0.00025688641522449965,0.005868057989170799
4594,2748,2294,0.014995640802092411,0.0027164597388722525,0.014258927492542173,0.004707933740191803,0.0006894689881897863,0.007713079046492856
4595,2748,2282,0.013935144609991231,0.0018525556227419165,0.013265276889452622,0.0069237510955302345,0.0008060547214342116,0.008959281438642892
4596,2748,2331,0.012355212355212352,0.001438452289334763,0.01339765205945961,0.006435006435006433,0.0007442367136689687,0.00916305512441041
4597,2748,2315,0.0126133909287257,0.0016135258144741572,0.010401706138439753,0.0044060475161987024,-0.00015242146646059343,0.005760283412572988
4598,2748,2327,0.01590030081650193,0.003199554840890644,0.01437352909457684,0.005543618392780402,0.0001070857799565902,0.007942397184440274
4599,2748,2289,0.012581913499344689,0.0010884432887313933,0.012794776008459395,0.004368719965050238,-0.00028520681557213644,0.007093482916517235
4600,2748,2285,0.017768052516411375,0.003108465099878945,0.014138481362222077,0.005864332603938729,0.000379599070954267,0.007346916686624154
4601,2748,2310,0.015497835497835493,0.0028821762683108165,0.013890710216541894,0.005541125541125539,0.0006314316237540207,0.007812658051618768
4602,2748,2275,0.015120879120879118,0.0031488418543713665,0.013144948800753542,0.0048791208791208775,0.0008190432581801847,0.006849441839422601
4603,2748,2289,0.01240716470074268,0.0015726642744784882,0.011235132766825808,0.004325032765399736,0.00018191858516376826,0.006241754539021866
4604,2748,2323,0.013344812742143776,0.0017454814945415753,0.011251770696433218,0.005596211795092551,0.0007760401335340374,0.006941058576522455
4605,2748,2294,0.014821272885789012,0.0031258625154586433,0.013031937054268309,0.005884917175239754,0.0005245739305668416,0.007612530477749115
4606,2748,2319,0.015955153083225527,0.002886269564755298,0.015087343361908407,0.005605864596808967,0.0007323384436426507,0.008558054877153123
4607,2748,2296,0.015853658536585363,0.0029128443069109753,0.013708734822151318,0.004486062717770033,0.0004238562668277015,0.00689934073982133
4608,2748,2325,0.012043010752688169,0.0015298859455911624,0.00991640994424675,0.005333333333333331,-0.0005658691533364512,0.006106312869836744
4609,2748,2266,0.01023830538393645,0.0015912960403524632,0.008130138469247117,0.005516328331862311,0.00030928347092279846,0.005809929924660317
4610,2748,2320,0.009396551724137928,0.0007203334150997623,0.009242721359956846,0.0037068965517241355,-0.0006308755999087976,0.005776842998270798
4611,2748,2320,0.014655172413793103,0.002391769038737281,0.012693426872051185,0.004525862068965516,-0.00031127815961400833,0.006507074822499143
4612,2748,2308,0.014731369150779893,0.0027961267784186905,0.012253105648702831,0.005069324090121315,0.0005575449744696819,0.006748638594365323
4613,2748,2275,0.013098901098901095,0.0019593487922960127,0.010742132698454858,0.005186813186813186,0.0003154808949498868,0.006246489959039133
4614,2748,2314,0.013569576490924802,0.002224096049118891,0.012727683282296225,0.005056179775280897,6.903757291354558e-05,0.007413117976133898
4615,2748,2306,0.01613183000867302,0.0032110699884954816,0.014090541997283414,0.004423243712055505,-0.00031051402816606477,0.007006751458215555
4616,2748,2319,0.010435532557136694,0.0014209202432058446,0.00957546898610389,0.004441569642087105,0.0002430874200321297,0.005952444856752879
4617,2748,2300,0.013652173913043474,0.001620160825049938,0.013586810307926684,0.004565217391304346,9.699884927502846e-05,0.007645312994696863
4618,2748,2336,0.013698630136986299,0.002811451883128965,0.011489756508292715,0.004452054794520546,0.0006070486732851309,0.006141768913369458
4619,2748,2301,0.012255541069100389,0.001979902900754362,0.011395268840153312,0.006388526727509777,0.00036250069798690534,0.007858161322114247
4620,2748,2300,0.013043478260869565,0.001397796440213406,0.013076561556227863,0.005913043478260867,0.0003634778852386266,0.008329384231158556
4621,2748,2287,0.01163095758635767,0.00121038740852395,0.009828330660812339,0.004940970703979011,0.0001260576491224003,0.0060640874138535
4622,2748,2326,0.014789337919174545,0.0021779481827956105,0.014285506101214056,0.005631986242476352,4.002103557217724e-05,0.008222904095445533
4623,2748,2292,0.01483420593368237,0.0028922265084513916,0.012276764725615003,0.0065881326352530524,0.0007313397826320213,0.007771990854928671
4624,2748,2305,0.013882863340563989,0.002262388343285947,0.011637697771064756,0.005249457700650757,0.0005012641494437891,0.006687405703424996
4625,2748,2304,0.010069444444444443,0.00140606405878653,0.009026657215810327,0.0036458333333333312,-0.0004228964604827874,0.005317714683913283
4626,2748,2314,0.013656006914433878,0.0019405363144730057,0.012581277044138217,0.0064390665514260995,0.0004443618769629553,0.00826162437274339
4627,2748,2277,0.013526570048309176,0.002649538235896903,0.011892655276071536,0.0038647342995169064,-2.4241591688053083e-05,0.005858957330463613
4628,2748,2314,0.015038893690579083,0.0025368546082325263,0.014016823153480068,0.0068712186689714756,0.0017116744702961872,0.00896006204941995
4629,2748,2308,0.017764298093587517,0.003289286698657087,0.01493859038781817,0.006889081455805891,0.0017980879215538797,0.00867373310119995
4630,2748,2289,0.011271297509829617,0.0014654302291638634,0.0117688165275261,0.005504587155963301,0.0005176882715215233,0.0077689462625014465
4631,2748,2312,0.014186851211072663,0.0021875337025167477,0.012972941543246444,0.003719723183391002,-9.160120578470745e-05,0.00633834587735014
4632,2748,2321,0.007927617406290388,0.0005741364297579473,0.00793239010798773,0.0022404136148211963,-0.0010857762808014022,0.004400992363529907
4633,2748,2304,0.010937499999999998,0.0012225152463934289,0.00959771457780025,0.005772569444444442,0.0004955362602941755,0.006759988785067318
4634,2748,2267,0.014909572121746798,0.0027822312887443986,0.013237042263398401,0.00463167181296868,-0.00021784737819698872,0.00697210702481192
4635,2748,2318,0.014754098360655736,0.0026767707356985305,0.011087109921241173,0.005435720448662639,0.000724665863839902,0.006210659184297016
4636,2748,2268,0.014814814814814812,0.002403703193215542,0.014301006944356537,0.005555555555555554,0.0009752443035716909,0.008335303175480358
4637,2748,2337,0.012237911852802737,0.002213228998148989,0.011503062247313353,0.0023534445870774484,-0.001204829606017785,0.004990228380608436
4638,2748,2280,0.007719298245614033,0.0005073670559170142,0.007436194914697495,0.0029385964912280686,-0.0011741930827313626,0.004537619082864406
4639,2748,2310,0.011688311688311685,0.0016174998704292843,0.008811408348490986,0.0045454545454545435,-3.40314985024294e-05,0.005110757509600973
4640,2748,2308,0.011785095320623915,0.0012399402299151743,0.011229547236317151,0.004636048526863083,0.0003295804145762181,0.006606401030036827
4641,2748,2312,0.012283737024221449,0.002042365483128104,0.009344408711854078,0.003935986159169549,0.0004563156555395371,0.004903520364952023
4642,2748,2296,0.013327526132404179,0.0019665120535080245,0.012531140938146107,0.004006968641114981,-0.00016642493263001814,0.006495569340981935
4643,2748,2289,0.013630406290956746,0.0024532010263074197,0.010870062250925953,0.005111402359108779,0.0006008858903490137,0.006234618053939932
4644,2748,2290,0.013187772925764188,0.002129486451436992,0.012282731983507041,0.003406113537117901,-0.0005720700763235657,0.006169103170486556
4645,2748,2305,0.013275488069414313,0.002424107994003216,0.011425678505122097,0.006247288503253794,0.000946932576090133,0.007417869458153486
4646,2748,2328,0.01451890034364261,0.002757143151428846,0.012163736235334906,0.0049828178694158055,0.00017196767950868066,0.006625943582280138
4647,2748,2277,0.01273605621431708,0.0015702070706480695,0.012381782880968197,0.0048748353096179165,0.0003431154179262798,0.0073451870229269195
4648,2748,2313,0.01357544314742758,0.0022539773133758876,0.013981542469377498,0.003026372676178121,-0.0009555395510334062,0.006897526870435334
4649,2748,2337,0.012922550278134357,0.001685394187573711,0.011643511212145158,0.006118955926401368,0.0009220418454030032,0.007600848301599335
4650,2748,2261,0.013268465280849179,0.0018528095875571518,0.012084943955716403,0.005174701459531179,-3.453603796147987e-05,0.00709826311903207
4651,2748,2252,0.01687388987566607,0.003475395498422725,0.01444823052440393,0.005950266429840141,0.0008381398328901943,0.00801092886503578
4652,2748,2302,0.014335360556038224,0.0030504388761668742,0.012049217201084865,0.006211989574283231,0.0019371120197880657,0.007551668854193896
4653,2748,2310,0.015238095238095233,0.002382457418536008,0.013833013109740184,0.006753246753246751,4.5883424908880854e-05,0.008770842046700469
4654,2748,2302,0.01407471763683753,0.001952900750846107,0.01357559107947171,0.0047350130321459575,0.0004960832762943827,0.007661667767654983
4655,2748,2269,0.01410312913177611,0.001980152764634778,0.013170104551311115,0.006698986337593652,0.0006591987347877585,0.00852036209503421
4656,2748,2253,0.015090989791389259,0.0029662006447118846,0.014793936746268778,0.006613404349755878,0.0003096122428926254,0.009168284939538363
4657,2748,2310,0.016796536796536796,0.0030190525518954104,0.016292495036891716,0.00424242424242424,0.0005160110660632413,0.00801250096738565
4658,2748,2275,0.015384615384615382,0.0024822780041598488,0.01314729622847227,0.004571428571428569,0.0004278596009881524,0.006817844733833019
4659,2748,2299,0.0120922140060896,0.0018836733262210634,0.011549527568632366,0.005828621139625922,0.0007228133938150269,0.007680545587885555
4660,2748,2289,0.012319790301441674,0.0021926638478870835,0.011495838931567411,0.00384447356924421,-0.00036154269535908993,0.00617407696706104
4661,2748,2312,0.01505190311418685,0.003689605986418531,0.015231889516960894,0.005925605536332178,0.0009328229886286912,0.009221865881104052
4662,2748,2328,0.01460481099656357,0.0028222175001591005,0.014172075355654614,0.005240549828178692,0.0006868261748050335,0.007946870683849276
4663,2748,2301,0.013472403302911775,0.0023287948867434715,0.013662737069982755,0.005258583224684917,0.00013377499184899697,0.008129453004861462
4664,2748,2279,0.01149627029398859,0.001314731228753979,0.011637975036996904,0.006230802983764806,-0.0007200075729979964,0.008112992027043204
4665,2748,2349,0.015410813111962532,0.0025715794626025744,0.013816906136212358,0.004086845466155809,-0.0004356147893019123,0.006736050236586739
4666,2748,2293,0.011513301351940685,0.001638723437560758,0.011339081717498202,0.003488879197557782,-0.00034596124651361794,0.006224165338669398
4667,2748,2293,0.013257740950719578,0.002468067411842205,0.012711751156191336,0.0045355429568251174,3.1571772196159995e-05,0.007195164250950634
4668,2748,2300,0.01434782608695652,0.0024381132237071713,0.012828861973470438,0.006304347826086954,0.0010681015421295304,0.008082428746207581
4669,2748,2322,0.012833763996554691,0.0017252683051669653,0.011413420435724277,0.006675279931093883,0.0007592329006081355,0.007937449793989632
4670,2748,2344,0.010580204778156995,0.0006602517502466678,0.010576769063286327,0.005887372013651874,-4.082911163387225e-05,0.007463749611399643
4671,2748,2317,0.013465688390159686,0.0015951363986300001,0.013706442054947775,0.003970651704790676,2.0362669368228874e-05,0.007446960044941634
4672,2748,2321,0.013442481688927185,0.0023543125344902324,0.011288820081062835,0.005601034037052992,0.001174654491651249,0.007031660318098248
4673,2748,2273,0.012846458424988999,0.0019010580804712824,0.012472124332868992,0.004179498460184775,3.0342031377947646e-06,0.006670372187077214
4674,2748,2293,0.01255996511120802,0.001963613295054538,0.011999074154372336,0.0040994330571303954,-5.407098465941673e-05,0.006630102146887854
4675,2748,2302,0.01615986099044309,0.0028679751286780865,0.015336284595101706,0.006125108601216332,0.0012341910205485394,0.008890612881405508
4676,2748,2304,0.015017361111111108,0.00321000197442582,0.012878164094631127,0.008159722222222221,0.002051496398319855,0.009193386188846943
4677,2748,2309,0.013772195755738412,0.0021512953708425256,0.01271582530878936,0.006972715461238629,0.0007283640455142706,0.008620439077613307
4678,2748,2297,0.014627775359164125,0.00284795245124721,0.013131934808235848,0.005137135393992163,0.0009340451766292567,0.007420593172159617
4679,2748,2308,0.012218370883882147,0.0017880052043428376,0.009786467954160256,0.006022530329289426,0.0005766768270246939,0.00654162478184785
4680,2748,2322,0.016106804478897497,0.0032440912354447346,0.01449262054430383,0.0033161068044788963,-0.0001172217375567436,0.006352337012286215
4681,2748,2283,0.0152431011826544,0.0025807271558992745,0.013732488449750866,0.006876916338151553,0.0008200908243715032,0.008723855418696826
4682,2748,2291,0.014316892186817979,0.002223536720165724,0.015156472397525584,0.004059362723701439,-0.00017146388748839328,0.007937294806420135
4683,2748,2324,0.015834767641996553,0.0030409422498639885,0.014403710015810766,0.0064113597246127346,0.0009813342610056298,0.008643757417821295
4684,2748,2308,0.012045060658578853,0.001951939036336102,0.010935787613093242,0.004029462738301558,0.00010103097426385006,0.00600798115548835
4685,2748,2299,0.010091344062635926,0.0016145655157483395,0.008901683193375736,0.0033927794693344913,0.0001809954517478087,0.004837744855696091
4686,2748,2289,0.013018785495849713,0.0022196707999432596,0.012317214703925218,0.004150283966797726,-0.00023074087991977523,0.006637400737532327
4687,2748,2263,0.01290322580645161,0.0015191638322505376,0.010627174763115815,0.00472823685373398,-0.00012939689293624493,0.005855862670763571
4688,2748,2282,0.014373356704645047,0.0018528674340841968,0.013609246785593188,0.004995617879053459,0.0003634880196965336,0.007722036062730789
4689,2748,2304,0.014409722222222218,0.0020912373309850568,0.014215052216416505,0.005164930555555554,0.0004510510963209432,0.008176857437303627
4690,2748,2303,0.011810681719496308,0.0011313431464329252,0.012212786264941369,0.005340859748154578,6.134539002357755e-05,0.007835543024814847
4691,2748,2324,0.011617900172117036,0.002058057636167908,0.010280877068488186,0.0028399311531841632,-0.0008908724811780284,0.004994529552480012
4692,2748,2294,0.01665213600697471,0.00255580804629633,0.014821528128592555,0.007890148212728855,0.0017534421960815041,0.009679653296112475
4693,2748,2291,0.011959842863378433,0.0019139909807628338,0.011902291732797813,0.0028808380619816656,-3.491881004846071e-05,0.006021485176461282
4694,2748,2306,0.015177797051170856,0.002330685905594237,0.014272366966263633,0.005464006938421508,0.00037976638075093417,0.008205772352661787
4695,2748,2326,0.01332760103181427,0.001762216310998447,0.013349300223276902,0.0038693035253654327,-0.00030177596380163757,0.0070140006158635766
4696,2748,2308,0.014298093587521661,0.0024213705043301874,0.012223166370795879,0.004592720970537259,-0.00016896125229203603,0.006345091212898521
4697,2748,2327,0.01598624838848302,0.0030541226027483675,0.013808039256282262,0.004211431027073483,-6.38154777197915e-05,0.006534079722147352
4698,2748,2295,0.016819172113289756,0.0027166714240763265,0.01566394893756605,0.006405228758169933,0.0011281139215850468,0.009158392220320707
4699,2748,2242,0.012578055307760926,0.00163412238688211,0.013608248605561306,0.004237288135593218,0.00016437566706998952,0.007821839536745274
4700,2748,2302,0.014682884448305816,0.0027103729680638075,0.013385335564430336,0.00716768027801911,0.0013353219122968021,0.008934136455458068
4701,2748,2321,0.010943558810857386,0.0012107159919292055,0.0106718156495437,0.005644118914261092,0.001087803354699996,0.007414809119976938
4702,2748,2300,0.016173913043478257,0.0037016668732391977,0.015445447356491875,0.004999999999999998,0.0004300547201684126,0.008251155096249341
4703,2748,2272,0.016461267605633798,0.002452456028636043,0.015999730126386166,0.004885563380281689,0.0003719042839811928,0.008273011240542852
4704,2748,2327,0.013923506660936825,0.001550239293493806,0.013439594135599902,0.008250966910184784,0.0014963644835463384,0.010001748223117252
4705,2748,2283,0.01480508103372755,0.0026634724822095415,0.014432480173406904,0.0029347349978098972,-0.0002545849023160516,0.0063747798685288735
4706,2748,2268,0.015520282186948849,0.002505629096236127,0.014667416471713945,0.004982363315696647,-0.0001261940646953941,0.007881060631909752
4707,2748,2293,0.011949411251635409,0.0021520460048712513,0.009971959338406325,0.0027474923680767534,-0.0008287042219592442,0.004569928819949356
4708,2748,2292,0.014659685863874342,0.0022203843592263754,0.013555562974957297,0.005148342059336822,0.00042461351517207217,0.007492805664027935
4709,2748,2295,0.01620915032679738,0.0026116721464600184,0.013855278605346908,0.00549019607843137,-2.4568759032148003e-05,0.00734779606751154
4710,2748,2316,0.015025906735751294,0.0030038233283746617,0.013125074772533333,0.005915371329879101,0.0008370192566834268,0.007755244395284238
4711,2748,2309,0.012386314421827626,0.0016209468026717121,0.01170242612927119,0.0023386747509744465,-0.0012360474953950972,0.005281906377507126
4712,2748,2316,0.014421416234887734,0.0026072790560580693,0.014595545422757084,0.0026338514680483566,-0.00018174830864608208,0.006709632296658203
4713,2748,2326,0.016509028374892515,0.002757675390160247,0.015584809722253264,0.004256233877901977,3.960172952430065e-05,0.007644656649714868
4714,2748,2317,0.015623651273198097,0.0029823329415038023,0.014375532570824202,0.005222270176952954,0.00023310847452007134,0.00791375707497009
4715,2748,2321,0.011632916846186985,0.0015688658204766792,0.011231001078805637,0.004782421370099093,-0.00010944489680651926,0.006728184818704096
4716,2748,2325,0.01333333333333333,0.0018997258214147692,0.012105522132959083,0.004172043010752686,-0.000802574025641889,0.00650785559201344
4717,2748,2326,0.014187446259673256,0.002922174560102538,0.013885147133282313,0.005975924333619946,0.0010720925214267388,0.008601904797482336
4718,2748,2294,0.01264167393199651,0.0024198591176327945,0.010849621125050753,0.004664341761115953,0.00028145323571006445,0.006342085444365219
4719,2748,2313,0.012451361867704276,0.00225837594739717,0.01169552841187023,0.006052745352356245,0.0013297469190856183,0.007806800021077326
4720,2748,2323,0.013689195006457164,0.002430695873152747,0.012654809683791188,0.005467068445975031,0.000916966790225123,0.007622227314585146
4721,2748,2291,0.015189873417721518,0.002663493867942342,0.013769984564355237,0.006983849847228283,0.0016416428155707403,0.008876303747479044
4722,2748,2287,0.012767818102317445,0.00224156228875523,0.012301148106910033,0.004459991254919106,-1.579430317270099e-05,0.006976964147768324
4723,2748,2321,0.011719086600603187,0.0018963272513898633,0.009658220544650554,0.005471779405428693,0.0006542834001659909,0.006273208160499966
4724,2748,2304,0.01397569444444444,0.0017109673187104492,0.011925928593849056,0.005208333333333331,0.0006037301735006355,0.0068885810267590225
4725,2748,2304,0.014930555555555551,0.002640599259976414,0.011775896614047883,0.0059461805555555535,0.0008963769756169609,0.006843625960009673
4726,2748,2313,0.014007782101167312,0.0021180495412738616,0.012004296799227557,0.004193687851275397,-0.00034912055418076423,0.006121181071807806
4727,2748,2283,0.011388523872098114,0.002324006345365773,0.009757954961648064,0.004730617608409985,8.502054518349105e-05,0.006015240635781888
4728,2748,2298,0.015056570931244557,0.0018188670496802975,0.013862871839859807,0.004569190600522192,-0.000662655245058162,0.007137841179608916
4729,2748,2326,0.01625107480653482,0.0029903245968848965,0.01366349263937179,0.006534823731728287,0.0012467870621845172,0.008059478852647054
4730,2748,2325,0.012387096774193545,0.0014796836097748407,0.012272082624681154,0.005806451612903224,-0.00016842029497734254,0.0078911935124334
4731,2748,2292,0.013263525305410119,0.0023869251880310185,0.010486426338112542,0.004842931937172773,-0.00015968587309587155,0.005834292079381035
4732,2748,2324,0.016179001721170393,0.002962546902191512,0.0151920346519197,0.009466437177280547,0.0024629713011703456,0.011312031695816707
4733,2748,2328,0.012542955326460476,0.0015394924143110264,0.01129084064850419,0.0054982817869415794,-2.857534884873421e-06,0.00723476750722659
4734,2748,2309,0.015244694673018621,0.0022782241904938517,0.015195994000667333,0.0018189692507579016,-0.0007073204256983855,0.006145334564657805
4735,2748,2330,0.01381974248927038,0.0028120996220699812,0.013314487738703591,0.005622317596566522,0.0014721295922174307,0.008092737804430795
4736,2748,2296,0.015069686411149823,0.0024030762449895903,0.012331028309588139,0.0059233449477351895,-3.107908463574848e-05,0.007154686610935459
4737,2748,2262,0.015384615384615384,0.0023298289752213554,0.014872722130950875,0.004730327144120246,-0.00020321078668281207,0.007868164545381515
4738,2748,2263,0.013787008395934598,0.0016047545262126914,0.012882622653902151,0.005258506407423772,0.0008363999208639748,0.007447282979355468
4739,2748,2278,0.012642669007901668,0.0022326365185702216,0.011561079239499446,0.006935908691834941,0.0010626217228736014,0.008356316476712483
4740,2748,2322,0.013436692506459945,0.00182136829553634,0.012998940219530665,0.005813953488372091,0.0003399896967756983,0.00822432205541487
4741,2748,2321,0.014131839724256785,0.0025742324604664684,0.011331547005678061,0.004265402843601894,-0.00028046993949935086,0.005485552997770085
4742,2748,2301,0.013646240764884831,0.0022780171223132383,0.012539791729176655,0.001607996523250759,-0.0010870025571661198,0.004804736957183661
4743,2748,2318,0.009836065573770491,0.0012334843569513098,0.010803402042283018,0.0023295944779982724,-0.0005707656096975953,0.005527070870711537
4744,2748,2333,0.012344620660094296,0.0018768401730264183,0.010908004066027818,0.004672096013716243,-0.000810253924955538,0.0062558731871088435
4745,2748,2312,0.011937716262975774,0.0017289119372284722,0.011366408066276295,0.005493079584775085,0.00046570576694101494,0.007247384105774425
4746,2748,2315,0.013045356371490279,0.002013363275938082,0.011003938945999128,0.006306695464362849,0.0013503187860161236,0.007382213051809157
4747,2748,2298,0.00992167101827676,0.0011502360917872143,0.009462027391607754,0.0040905134899912945,0.00010677012435920716,0.005837843387219102
4748,2748,2250,0.013866666666666664,0.0018247743742016145,0.013352757249116677,0.005244444444444443,0.0011255305146796251,0.007861188413053182
4749,2748,2305,0.01683297180043384,0.0030229517447940353,0.01606802399065943,0.005596529284164857,0.000862159260355754,0.00880050455462654
4750,2748,2327,0.013407821229050276,0.0028522247922478077,0.013454219777115,0.006188225182638589,0.0014590081306675737,0.008788780603455648
4751,2748,2279,0.01395348837209302,0.0018426028417654096,0.013952233441845817,0.006186924089512942,-0.00025802862966231013,0.008638843401352826
4752,2748,2305,0.011366594360086767,0.0019541491333157877,0.010943299024638345,0.003253796095444684,0.0001384464707656331,0.005813080548242296
4753,2748,2303,0.012765957446808507,0.0014655268086275763,0.01131766423274755,0.005992184107685625,0.0004036152741421298,0.007440134083054316
4754,2748,2269,0.011282503305420888,0.0006671723051243204,0.010860160318008955,0.0038783605112384296,6.881571796431158e-05,0.00616763872541863
4755,2748,2305,0.013015184381778738,0.0020808686103326772,0.01119034641352848,0.006898047722342731,0.0018584582175610355,0.007967495302379453
4756,2748,2314,0.013396715643906652,0.002121617595303408,0.012137171329440609,0.004840103716508209,0.0005432202498797441,0.007091647055114611
4757,2748,2329,0.01477028767711464,0.0021760017128174074,0.013992550170880556,0.005710605410047229,0.00013313309127933117,0.008161975565880126
4758,2748,2307,0.014217598612917205,0.0021032725918202514,0.012709379419745547,0.004464672735153877,-0.0007542389060549638,0.006782094202650047
4759,2748,2270,0.013480176211453742,0.0022016736769206544,0.012552537866924916,0.004273127753303963,-3.382880208714743e-05,0.006733615146279963
4760,2748,2288,0.012937062937062935,0.0012470364318365782,0.01305325416016673,0.004283216783216782,-0.00015099637396577556,0.007105524720298629
4761,2748,2297,0.008968219416630384,0.0008483143945316667,0.008085324621286135,0.002220287331301696,-0.0009983538644881024,0.004019737186167985
4762,2748,2296,0.011585365853658535,0.001066809549412215,0.01158616416207453,0.004137630662020904,-0.00024485966300168155,0.006793296606770787
4763,2748,2351,0.012165036154827731,0.0014213463961162067,0.011910338301197995,0.004125903870693321,6.54133673385783e-05,0.006530988118126089
4764,2748,2319,0.01267787839586028,0.0020036834366471074,0.010720758457318345,0.004269081500646829,-0.0002585044939083086,0.005946670299970339
4765,2748,2273,0.013814342278926525,0.0021042296249394,0.012924463760958523,0.006379234491860975,0.000520847670028274,0.008211640711977672
4766,2748,2291,0.010999563509384547,0.0014722628527561463,0.009806012145465053,0.0038411174159755546,-0.00033577778801052103,0.005643099976769859
4767,2748,2308,0.014384748700173306,0.002487591227961041,0.015866237628392517,0.004159445407279027,-0.0004914676308374401,0.00852883627342846
4768,2748,2288,0.013811188811188809,0.0027455676974338207,0.01347955796593725,0.005944055944055941,0.00045498398464936644,0.008389445207319001
4769,2748,2280,0.011842105263157892,0.0014107331206043782,0.012588902717506983,0.0033771929824561384,-6.258371694696697e-05,0.006669734520056442
4770,2748,2305,0.01587852494577006,0.0031663705233810715,0.014397521470336037,0.005422993492407807,0.000741801620349521,0.008030217067992979
4771,2748,2316,0.012780656303972364,0.0018438500722840327,0.01349916691375156,0.00474956822107081,0.0003821432700717774,0.00795870865021802
4772,2748,2317,0.012343547690979713,0.0024997319110833453,0.011014470928570271,0.0037980146741476025,0.0001824383395942107,0.005733528953402899
4773,2748,2323,0.015066724063710716,0.002700720999705685,0.013721533259801903,0.006026689625484286,0.000973824504673516,0.0081111207316992
4774,2748,2294,0.010723626852659108,0.0017879861356531602,0.00982791239883708,0.005013077593722754,0.0008031676948018335,0.006540971131991785
4775,2748,2285,0.015142231947483585,0.002136208388481464,0.013187740673609583,0.0037199124726477,-0.00047381044993408816,0.006299568144610833
4776,2748,2289,0.010135430318916554,0.0013557512744446034,0.009096761742575189,0.0039755351681957166,-0.00020132146663921145,0.005491367547248909
4777,2748,2292,0.007155322862129143,-0.00037185824232757584,0.007075420436626085,0.002268760907504362,-0.0008355399210938993,0.003941866622640379
4778,2748,2318,0.014408973252804137,0.002706959741318717,0.013162940899974206,0.005004314063848142,0.00018361932424660026,0.007389596280921176
4779,2748,2252,0.01447602131438721,0.002198265765175839,0.013122149037849855,0.005817051509769092,0.00041201165184992137,0.007947841484809986
4780,2748,2298,0.014621409921671016,0.001988102937962827,0.013458457838509493,0.007049608355091382,0.0008602184511860347,0.008887082386531958
4781,2748,2311,0.016010385114668974,0.0024371162311352013,0.014541169327968983,0.0056685417568152294,0.0001309287075369771,0.008077118002771172
4782,2748,2316,0.009930915371329877,0.0005851762139923295,0.009441391643348434,0.004317789291882554,-0.00020618243396212815,0.006116896070330335
4783,2748,2341,0.014352840666381886,0.002437309453134591,0.01331759619762505,0.004100811618966252,-0.0002901718302495222,0.0068448683816188976
4784,2748,2290,0.010305676855895195,0.0010391446567951312,0.01043586337040786,0.0043231441048034915,-0.0006618902178511209,0.006614348158818973
4785,2748,2276,0.012653778558875216,0.0019138736574608017,0.011059751925973447,0.0038664323374340936,0.00013045818968704818,0.005849381705541111
4786,2748,2304,0.014843749999999998,0.0019861629951542347,0.012685386880808627,0.00403645833333333,0.00033906601295027525,0.00614989502778647
4787,2748,2334,0.01388174807197943,0.0017981949244801846,0.013109246441458633,0.0044558697514995695,-0.0002447301806769832,0.007180770303695169
4788,2748,2297,0.014627775359164125,0.0023603294341695657,0.012118617517042444,0.004919460165433172,0.0009210936490890956,0.006574463491361037
4789,2748,2273,0.015398152221733392,0.002752350878590196,0.014844702690842829,0.005895292564892211,0.00030368856775952037,0.008726110943320533
4790,2748,2320,0.013706896551724135,0.002502413023682506,0.011716616953750448,0.006551724137931033,0.0008607444384497888,0.007602424128848057
4791,2748,2297,0.010970831519373093,0.0021186623109439727,0.01196937229552488,0.003831084022638222,-0.0005740007660325669,0.00711084829002855
4792,2748,2280,0.015614035087719295,0.0026755536135576546,0.014334664887226524,0.00526315789473684,0.000573868321269777,0.00801077658406256
4793,2748,2323,0.011622901420576837,0.0012767494621769046,0.010151356560777102,0.005768402927249244,0.00029997515798670457,0.00679751445792523
4794,2748,2307,0.01473775465973125,0.0026770624294396726,0.012526916198717439,0.005028175119202425,-0.00019415605374602897,0.006949006092047512
4795,2748,2332,0.013036020583190394,0.0012717810359835933,0.012981317316064639,0.00471698113207547,8.604555018962469e-05,0.007355769934633478
4796,2748,2296,0.012717770034843204,0.0019029515759519703,0.011452482962819066,0.003353658536585364,-0.00034779952297700305,0.005588654426801966
4797,2748,2291,0.01187254474028808,0.00146696203153843,0.00863142520756284,0.00497599301615015,0.0007155559918448879,0.005312745894978263
4798,2748,2315,0.014082073434125267,0.002494152869365048,0.011563068194416534,0.0035421166306695445,0.00018380224376275981,0.005376973887446307
4799,2748,2316,0.013557858376511222,0.0024161751839480274,0.013787323843653575,0.0060017271157167505,0.00110624718756333,0.008777059523921257
4800,2748,2343,0.013913785744771657,0.0019446269704230198,0.011367002894066603,0.0045241143832693105,0.0001853407045654755,0.005882427604240321
4801,2748,2310,0.013506493506493503,0.0023718337266173603,0.01162960167277839,0.005064935064935063,0.0006708755947790713,0.006720408177709641
4802,2748,2341,0.0166595472020504,0.0027292160093148987,0.016346733938112597,0.004784280222127293,0.0003378710541335137,0.008450729259302887
4803,2748,2314,0.013050993949870353,0.0015626123179989374,0.013493376524612827,0.005229040622299048,0.00031719908405165246,0.008243030317005413
4804,2748,2276,0.011950790861159926,0.001998008172054996,0.012520980973293747,0.006414762741652019,0.000745154985134635,0.008843969152913899
4805,2748,2303,0.014850195397307857,0.0021992405023525076,0.01386728973002689,0.004950065132435951,0.0012165430854168442,0.007698351642113172
4806,2748,2260,0.011504424778761058,0.0018924604508298555,0.011664081528505238,0.004778761061946901,-3.616405996725779e-05,0.007293463033258926
4807,2748,2280,0.011754385964912278,0.001521116019214974,0.010169037312339688,0.004429824561403506,0.00011501535526938193,0.005917696893484666
4808,2748,2324,0.012220309810671254,0.002051828296683183,0.010732560569265522,0.005507745266781409,0.00041908938148975167,0.007071575408929592
4809,2748,2295,0.014291938997821347,0.0016979818358679297,0.01237808486951386,0.007320261437908494,0.0007121897733259804,0.008433357960345793
4810,2748,2316,0.01640759930915371,0.0032229526967342986,0.013237622643109466,0.003626943005181345,-0.00033489606148559553,0.005746111972566575
4811,2748,2315,0.010453563714902804,0.001336422522441151,0.009834840692153457,0.0047948164146868226,0.00010432316552421954,0.006427465666257146
4812,2748,2283,0.014805081033727546,0.0027535907891100986,0.015333059049911595,0.005650459921156372,0.0008960277520908938,0.009021679594090603
4813,2748,2278,0.013871817383669882,0.0014960276459157764,0.012090868827026745,0.005487269534679542,0.00021299664541300778,0.007150730673239973
4814,2748,2251,0.01226121723678365,0.0018802234144408834,0.012992135037647625,0.0035984007107952003,-0.0005893565906280857,0.007072885223529996
4815,2748,2296,0.01576655052264808,0.002995780758559662,0.015358050511156572,0.006010452961672472,0.001075215035486624,0.009202608795399879
4816,2748,2291,0.010650371017023132,0.001838893755253068,0.009344957818620136,0.004539502400698382,0.00030702888226644175,0.00573839559102801
4817,2748,2308,0.009792027729636046,0.0014299466662219306,0.009443882916820506,0.005242634315424608,7.312618701965626e-05,0.006570152556283567
4818,2748,2278,0.015364354697102718,0.0029554642211501083,0.013806974651202373,0.005443371378402105,0.0008009407893592442,0.0077012214990781706
4819,2748,2314,0.018236819360414862,0.0032080106027593783,0.015824594245328966,0.006309420916162487,0.0003122290827409508,0.008516824974161426
4820,2748,2315,0.010799136069114468,0.0012197863239862055,0.010700643872400774,0.004881209503239738,-0.0003833892262769087,0.006874271066520242
4821,2748,2303,0.015197568389057748,0.001955120932787372,0.014217590597327828,0.005036908380373423,-0.00031152464500402066,0.00783130178556704
4822,2748,2347,0.01167447805709416,0.0015235150072342885,0.010067579017784704,0.006433745206646781,0.0007077250707340625,0.007233910185065944
4823,2748,2305,0.014490238611713661,0.0022400559997995282,0.012494079650119744,0.006073752711496744,0.0005303334108152109,0.0076967356555119526
4824,2748,2301,0.012342459800086915,0.0011477261620131802,0.012942974830105201,0.004650152107779223,0.0002506050485640915,0.0079643835640073
4825,2748,2318,0.013632441760138048,0.002225438615670901,0.011852676509280898,0.00703192407247627,0.001300447494673047,0.008170033078205173
4826,2748,2311,0.009865858935525744,0.0015596637780834184,0.011232810441747149,0.00437040242319342,-0.00021533623995658143,0.007242748570248156
4827,2748,2312,0.010121107266435982,0.0012404922113944611,0.010189891324990992,0.005060553633217991,0.0001715525201406131,0.006962720238821814
4828,2748,2326,0.00980223559759243,0.0011356751961201876,0.007654334626159885,0.002450558899398107,-0.0009358953812687829,0.0034953065767302774
4829,2748,2262,0.014854111405835542,0.00238367704426098,0.013060399009651204,0.007559681697612729,0.0015809383569438454,0.009161749690106342
4830,2748,2317,0.011135088476478202,0.001439730421027888,0.010782212419513368,0.0037116961588260656,-0.0009535940613812709,0.005956193926870851
4831,2748,2338,0.015483319076133446,0.0025673987061978552,0.015216759875619178,0.0044910179640718535,-0.000645565459145566,0.007890071377200703
4832,2748,2299,0.012440191387559807,0.0026600358034674413,0.00883896227026361,0.0023053501522401023,-0.0009014541614207344,0.0033563030896114703
4833,2748,2279,0.013426941641070642,0.0018637198935594484,0.011258562242489464,0.006186924089512942,0.0002371192204579758,0.007280850990485378
4834,2748,2259,0.012837538733953073,0.0014789423961002514,0.012126286051677105,0.005843293492695881,0.0001925556209482281,0.007638081350858306
4835,2748,2315,0.015809935205183583,0.0033342081710614787,0.013543895083391431,0.005831533477321813,0.0009769198002110566,0.007549763627288146
4836,2748,2308,0.014818024263431538,0.0026724443615227167,0.015080833727201646,0.005112651646447137,0.00010504264203263294,0.008584075506503547
4837,2748,2308,0.013951473136915075,0.002358033411120162,0.013319908591414624,0.0037261698440207956,0.000286157228398174,0.006772037882119971
4838,2748,2314,0.012013828867761448,0.0013427861502725103,0.013504521319170059,0.005056179775280896,-0.0006354100636576952,0.008291838978401314
4839,2748,2324,0.015662650602409636,0.0032128142161221,0.014317060890101645,0.005378657487091221,0.0010207493822558102,0.007855121425926074
4840,2748,2319,0.014316515739542901,0.0024680926371261082,0.013459623279696352,0.006468305304010347,0.0006338941215374471,0.008675836599542394
4841,2748,2330,0.015278969957081542,0.0025819300089462757,0.013320303845225,0.004420600858369096,0.0004630536489484874,0.006865924284590204
4842,2748,2279,0.012022817025010965,0.0011387607368965236,0.010617653817997334,0.004300131636682755,-0.0002459718934700802,0.0060017267608089946
4843,2748,2283,0.011476127901883485,0.0017743748354776497,0.010632553310746539,0.003679369250985543,9.592819899293019e-05,0.005689073472052568
4844,2748,2309,0.013685578172368987,0.002281555272289409,0.011759222585795053,0.005240363793850149,0.0005724348991230159,0.006751859740060628
4845,2748,2321,0.011805256355019384,0.0015375137034812421,0.01287067874908587,0.003446790176647995,-0.000775574168825059,0.0070708239735906425
4846,2748,2280,0.013245614035087715,0.001511594796581037,0.012652791623965192,0.0043859649122807,0.000111184090690889,0.006975045126496969
4847,2748,2305,0.01284164859002169,0.0021176166370483816,0.011495596107571816,0.005943600867678957,6.76578957809534e-05,0.007353414896772588
4848,2748,2293,0.0129088530309638,0.001719259378458317,0.012987386560679968,0.007064980375054512,0.0014981105450206742,0.009380474528190052
4849,2748,2311,0.013067935958459538,0.0015585061206858134,0.013660675602547624,0.007312851579402853,0.0011848654968566246,0.009791552600163542
4850,2748,2317,0.014933103150625807,0.0022023615520682933,0.016286249963494218,0.005394907207596028,0.0009304199743310589,0.009488681626280374
4851,2748,2330,0.016480686695278968,0.0028662457720863167,0.015533499918890244,0.005879828326180255,0.0009675939185288761,0.008842218636206297
4852,2748,2294,0.014036617262423712,0.002219039348481443,0.011970719514761854,0.008064516129032254,0.0011998130922663511,0.008876609567553448
4853,2748,2316,0.010103626943005178,0.0006197857608459315,0.010144946103970405,0.0039291882556131245,-0.00012511763530101885,0.005994995485958367
4854,2748,2303,0.012505427702996091,0.0013445935183816057,0.009650738493505855,0.005471124620060787,-7.145233701390874e-05,0.005833223870560963
4855,2748,2328,0.01692439862542955,0.0031988315975585934,0.015960771251671873,0.005412371134020617,0.0007719067384950187,0.008428733388856977
4856,2748,2292,0.013089005235602092,0.002448736197215653,0.011672091732821743,0.005017452006980801,0.00038577631898430626,0.00690794845015076
4857,2748,2314,0.016421780466724285,0.0028505275390881928,0.016245361026041114,0.00553154710458081,2.1121344424833262e-05,0.009099292401889657
4858,2748,2299,0.01365811222270552,0.0019530710644279283,0.012814414787402946,0.005567638103523268,0.0004572085260282541,0.0077566362895719575
4859,2748,2278,0.01676909569798068,0.0028547919353582923,0.013505795404602255,0.005794556628621596,0.0007431116123575811,0.007202816096693516
4860,2748,2294,0.009415867480383608,0.0009270087704068715,0.009337862181332666,0.004054054054054052,0.0008657696788986007,0.006023647353102323
4861,2748,2325,0.012387096774193546,0.001171919929161423,0.010220101984312915,0.004731182795698923,-3.0945071786268305e-05,0.005893021837268146
4862,2748,2320,0.010603448275862067,0.0009587515432288665,0.008920181234276948,0.005646551724137929,0.00034176066868711873,0.006333656882579902
4863,2748,2294,0.018134263295553614,0.0033873328584521018,0.01684794199429726,0.0070183086312118545,0.0012845808910848387,0.009922063905386053
4864,2748,2315,0.012008639308855288,0.001712368499000428,0.011132159136208809,0.004060475161987039,-0.0002174275222362458,0.006029719999050392
4865,2748,2314,0.012100259291270525,0.0011675720801044348,0.013237209599829105,0.0031114952463267057,-0.0006661973996750322,0.006753492616329019
4866,2748,2275,0.01459340659340659,0.002476856548120138,0.012928172614553271,0.00558241758241758,0.0008082594802551503,0.007486071097223146
4867,2748,2289,0.013805155089558757,0.001921300764202915,0.011739775951506234,0.004062909567496721,-0.0006853717499240404,0.005946461241683726
4868,2748,2309,0.015764400173235164,0.002463932486764251,0.013872960282863608,0.005803378085751406,-0.00034515123299316277,0.007731890502302397
4869,2748,2292,0.014746945898778358,0.002614534257228073,0.013158989457291473,0.004537521815008724,0.00030893906312605375,0.0067743624996014235
4870,2748,2302,0.013119026933101649,0.002080083162772313,0.01219346225439712,0.007167680278019112,0.0016847227493086555,0.008685918846464207
4871,2748,2295,0.015076252723311544,0.0017378427501157968,0.013461419409662998,0.0075381263616557705,5.662449531570045e-05,0.008905148635124703
4872,2748,2319,0.01655886157826649,0.0028335794906124904,0.014390141770815471,0.0050452781371280704,0.00012889478702258987,0.007450926397604622
4873,2748,2283,0.01550591327201051,0.003561315750849136,0.014242994799648271,0.00459921156373193,0.0007323002208979533,0.0073765846565310034
4874,2748,2353,0.010454738631534208,0.0009155281700582411,0.009280470562610044,0.004164895877603058,0.00023571029084972517,0.005619766353652968
4875,2748,2303,0.013547546678245762,0.0021418686594913226,0.01082666265904079,0.005514546244029525,0.0015290127686170875,0.006486590724460535
4876,2748,2336,0.014640410958904105,0.002593247453073379,0.01310531900170959,0.0055222602739726,0.0002553435233140111,0.007609501965477529
4877,2748,2333,0.012430347192456061,0.001227246630765386,0.013457123284613577,0.006215173596228031,0.0012264910110775433,0.00920842774550121
4878,2748,2319,0.009141871496334626,0.00142447109285117,0.009132392263949797,0.0037516170763260007,8.674351829844613e-05,0.005684431836761504
4879,2748,2310,0.013679653679653677,0.001934989464456744,0.012522069177215147,0.005064935064935063,0.00015692306998770284,0.007224913961650285
4880,2748,2293,0.015961622328826863,0.003025413140660073,0.013780313492661147,0.005451373746184037,0.0004398239132417128,0.0075101441571332386
4881,2748,2314,0.013050993949870351,0.0026230097298971977,0.011368507675296508,0.0036732929991356933,-8.416472314439589e-05,0.005649568127056743
4882,2748,2257,0.015861763402747003,0.002694676226764466,0.014786274880973805,0.006468763845813024,0.0009618185026809807,0.008999825286649861
4883,2748,2339,0.014023086789226164,0.002649656649587536,0.013969514948731741,0.005728943993159468,0.0008662135289660435,0.008391271839291453
4884,2748,2291,0.013705805325185505,0.002614332152395646,0.014784166952631832,0.004801396769969444,-0.00011733759523647489,0.008391093120368169
4885,2748,2324,0.015576592082616178,0.002636149663222504,0.01430309504532686,0.006282271944922545,0.00027124182773593337,0.00863084935214028
4886,2748,2284,0.018213660245183887,0.0033404517858951527,0.016633326630966432,0.004422066549912432,-0.0006168731971304228,0.007776808830122928
4887,2748,2267,0.014556682840758709,0.0026270210143917337,0.01269436886092037,0.005469783855315394,0.0006769944388393728,0.007119742296964644
4888,2748,2285,0.011903719912472644,0.0014855376210932492,0.010288939522921665,0.006126914660831508,0.0008851335785079738,0.007137221889405446
4889,2748,2303,0.016326530612244896,0.002790998108240891,0.014732458210846252,0.0056013894919669975,0.0009704126691741428,0.008066624663965268
4890,2748,2332,0.01595197255574614,0.002680130993788058,0.013630252835872646,0.004416809605488849,-9.204804615393211e-05,0.006766651659655345
4891,2748,2325,0.012301075268817201,0.001770944428511172,0.011039908563871362,0.004086021505376343,-0.0008822998000099918,0.006101935307586466
4892,2748,2323,0.013947481704692205,0.0024040025471283614,0.012655001669042263,0.005510116229014205,0.0011340168984851845,0.00760115022501699
4893,2748,2331,0.014500214500214496,0.0026894682209310542,0.012740933579577594,0.005105105105105103,-0.00033744948206307243,0.007105736226340582
4894,2748,2259,0.013014608233731736,0.002174632049779999,0.012504457751798771,0.005046480743691897,0.0003228037659656845,0.007521380060352056
4895,2748,2302,0.012423979148566461,0.0018430392211960423,0.010574348514212613,0.0037793223284100764,-0.0004966861474252983,0.005327136499317308
4896,2748,2318,0.010871440897325278,0.0013948394748287808,0.00975123926535729,0.0042277825711820516,-0.0007720983216453239,0.005904321658627397
4897,2748,2332,0.01355060034305317,0.002135734115711687,0.013151186068282488,0.005445969125214407,0.0008428315289502206,0.007971873665189597
4898,2748,2311,0.013414106447425354,0.0022023564202502573,0.01330409508368132,0.003937689311986151,0.0001680258176379968,0.00692543520689454
4899,2748,2339,0.014450619923044035,0.0031068573480264507,0.012384676815153964,0.005002137665669088,0.0005065403906837997,0.006867274176980203
4900,2748,2310,0.01385281385281385,0.002190541978718654,0.01263550350531421,0.006233766233766232,0.0004792313689419068,0.00805368459761429
4901,2748,2294,0.015518744551002613,0.002757168575591475,0.013129941527478138,0.0069747166521360055,0.0012940292630811772,0.008350034797671982
4902,2748,2303,0.014329135909683016,0.0026361970152442554,0.013706098519057889,0.005601389491966998,0.0006943774366973114,0.008326326610110898
4903,2748,2273,0.012494500659920806,0.001394425278922362,0.01081359771460672,0.00633523977122745,0.00033185486091078496,0.007347432724024289
4904,2748,2279,0.011759543659499778,0.0018798725723689759,0.012260278303197572,0.005484861781483104,0.0007481599176080451,0.007840626226902162
4905,2748,2270,0.013215859030837001,0.0028475850246816705,0.011977260091216992,0.004537444933920704,0.00042728412707801884,0.006820159453092415
4906,2748,2281,0.01639631740464708,0.002809555466322233,0.015773854481898573,0.006970626918018411,0.0013962054839579644,0.00976345427984088
4907,2748,2319,0.011384217335058212,0.0009836929770710085,0.010474727043910904,0.005217766278568346,2.209817183733106e-05,0.006740621198658741
4908,2748,2280,0.014298245614035086,0.0026517997583749165,0.012830899393994958,0.008333333333333331,0.0026363436556831265,0.009501447161045977
4909,2748,2281,0.012801402893467775,0.001918920342531357,0.012059405936608305,0.0055238930293730806,0.00048764454752070664,0.007458445231932478
4910,2748,2295,0.012810457516339866,0.001518042682985843,0.010871569344085659,0.00605664488017429,0.0006053139322133818,0.007310588356047608
4911,2748,2299,0.014006089604175724,0.0020066385804219933,0.012609910734447359,0.004784688995215309,4.70015509486626e-05,0.00692768255692336
4912,2748,2313,0.01504539559014267,0.0027807802230145552,0.013687898908358666,0.005620406398616514,0.0005853336146387248,0.007749162755205688
4913,2748,2328,0.010824742268041235,0.0007470441084938606,0.010588364337980907,0.0055412371134020595,1.4102837385002253e-05,0.007387183139025988
4914,2748,2310,0.01411255411255411,0.002379613792802669,0.01193192121685753,0.004199134199134197,0.00011245110995682096,0.006059919286963713
4915,2748,2326,0.013757523645743763,0.0022520615728591474,0.012943297100663352,0.002923473774720549,-0.0004264099106006078,0.006107865180457289
4916,2748,2305,0.01370932754880694,0.0014493147644370388,0.013048450716477655,0.0038611713665943586,-0.0004113386992697621,0.006673379344855858
4917,2748,2289,0.015989515072083876,0.0031083583504424614,0.012706265746255182,0.0049366535605067695,0.001100101947815144,0.006385775321271151
4918,2748,2285,0.016367614879649887,0.002766011502857279,0.01553992225739693,0.005164113785557985,-3.362655416712573e-05,0.00818208872822583
4919,2748,2311,0.015837299870186065,0.002611482200014182,0.014132367294772076,0.0040242319342276055,-0.00032957968670553037,0.006711583781794992
4920,2748,2319,0.01319534282018111,0.0015022842979943295,0.011886817756755264,0.0028891763691246213,-0.001299262432602297,0.0055821708564758096
4921,2748,2298,0.015056570931244557,0.0030157339654348,0.013230987675693365,0.0055265448215839836,0.0005478629142720281,0.00755752926320841
4922,2748,2286,0.012335958005249338,0.0015434038486714075,0.010832526743188005,0.004155730533683288,-4.4469097804409154e-05,0.006126800668135623
4923,2748,2288,0.009790209790209786,0.0011601001499885841,0.008294378367873211,0.0031905594405594383,-0.0011430952128110748,0.00439210938072798
4924,2748,2305,0.016572668112798263,0.0029829099462940164,0.015529789929808002,0.005075921908893707,0.0004013445406695228,0.008034959587757724
4925,2748,2313,0.014094249891915258,0.00197307128268514,0.011106520087179864,0.005750108084738434,0.0006075730256833205,0.006632664196182568
4926,2748,2304,0.01458333333333333,0.0023123413957939648,0.014823654574203142,0.0055121527777777755,0.0010647098639993443,0.008746919785370916
4927,2748,2298,0.011923411662315054,0.0013382869225374004,0.011592710731130943,0.003350739773716273,-0.0012028266701101398,0.005985334832397985
4928,2748,2312,0.0129757785467128,0.0021560637754985505,0.012776066283702137,0.0041522491349480955,0.0001897898978068419,0.006956494239838002
4929,2748,2278,0.014486391571553988,0.0019316838887270987,0.012903895928162826,0.006365232660228268,0.0007109369507286024,0.008011250608391616
4930,2748,2304,0.01223958333333333,0.0018722649210476052,0.010874005354625854,0.0051649305555555546,0.0015180411179286943,0.006778309154505636
4931,2748,2294,0.014385353095030508,0.002630511815568138,0.01307557388641931,0.006408020924149954,0.0012365912885494716,0.008355637244191293
4932,2748,2290,0.010917030567685587,0.0012576527619065831,0.010830481574343348,0.005720524017467248,0.001033467031372035,0.007530203743473862
4933,2748,2320,0.0146551724137931,0.0021521381651151044,0.012752429925256893,0.004568965517241378,3.134858381921554e-05,0.006663397671479939
4934,2748,2319,0.01492022423458387,0.0019686275368089095,0.01481493533969514,0.006511427339370416,0.0007339167890942563,0.009372070808723253
4935,2748,2308,0.014644714038128248,0.0025987384524480462,0.012318934843538633,0.005069324090121315,0.000939868328588776,0.0068496825648894635
4936,2748,2287,0.014866637516397024,0.0031463424949621584,0.011852024841330142,0.005859204197638826,0.00026862163495756653,0.007056747475936865
4937,2748,2336,0.01292808219178082,0.0020836013613964345,0.011702905252219835,0.003809931506849313,-0.00032608305562610015,0.005927310873995148
4938,2748,2305,0.011887201735357913,0.0015393172192432196,0.010539988536251108,0.005813449023861169,0.0006418602226081154,0.007055693554556353
4939,2748,2296,0.011933797909407663,0.00193062367083544,0.01079794280586547,0.002308362369337977,-0.0009072389077088354,0.004892348060464738
4940,2748,2274,0.0189094107299912,0.0037098405874325057,0.016624715631341346,0.0049252418645558465,0.0006254748403753125,0.007866750475903647
4941,2748,2320,0.011896551724137928,0.0019475624846965575,0.012271236359183804,0.0034051724137931015,-0.00038707013249404237,0.006467626694199411
4942,2748,2327,0.015470562956596472,0.0025026139141705005,0.01455116367058486,0.005629565964761494,0.000492874813227867,0.00836403791867479
4943,2748,2306,0.016825672159583693,0.003123261171986387,0.014232896482656203,0.004943625325238506,0.000993244144777279,0.007076086222795265
4944,2748,2294,0.01351351351351351,0.0017150797336275034,0.013417777657841027,0.005754141238012204,0.00025313683073846147,0.008449095623966344
4945,2748,2301,0.011907866145154277,0.0012860964604448383,0.01071827674342967,0.0046936114732724875,0.00040339107284033306,0.0063717764435622
4946,2748,2301,0.012516297262059972,0.0015576445307550072,0.013081184240230337,0.0035636679704476298,-0.00032512327256568587,0.006898410561654782
4947,2748,2281,0.011573871109162645,0.0015281395250618492,0.011458448267889755,0.004953967558088555,0.00043379946714773836,0.007083391386302226
4948,2748,2301,0.0151238591916558,0.0025728127995854463,0.013927104817024537,0.006996957844415469,0.0012147224795422407,0.00895530879325464
4949,2748,2308,0.01360485268630849,0.002583523672491196,0.013041608721959976,0.0034662045060658564,-0.0006487984188242151,0.0064284689026634315
4950,2748,2290,0.013449781659388644,0.00241895591162188,0.012172454217409605,0.005414847161572051,0.001428660029127746,0.007514130911225515
4951,2748,2298,0.011488250652741514,0.001290611878219449,0.01067923108967829,0.003959965187119232,-0.00048715436939386354,0.006198049247660699
4952,2748,2319,0.01147046140577835,0.0015742055871421409,0.010856288316569531,0.005519620526088831,0.00042001006684866415,0.007148128140602565
4953,2748,2286,0.015398075240594923,0.0024593258046741355,0.013362902214351362,0.004111986001749779,-0.00021991231196600392,0.0064129893728108655
4954,2748,2321,0.012666953899181384,0.0014644412360654416,0.011696991599897278,0.005945713054717793,0.00014302686920188265,0.007552921545271252
4955,2748,2293,0.016833842128216307,0.0036709169965077715,0.015141053281776255,0.004491931966855645,0.00036883608047577827,0.007582874790234528
4956,2748,2340,0.014017094017094016,0.00242591884353448,0.012762111108613921,0.003290598290598289,-0.00080350343166831,0.005907044911148463
4957,2748,2302,0.009470026064291917,0.0014785746922493302,0.009737229449547444,0.001172893136403126,-0.0009685108940707967,0.004061286745161884
4958,2748,2302,0.013292788879235445,0.0019563737913473925,0.013057530916159472,0.004474370112945263,-0.0001138153307519983,0.0074770414908358574
4959,2748,2314,0.013742437337942953,0.0021800111696102984,0.01369819030792445,0.005963699222126187,0.0004895617340965694,0.008520756899069401
4960,2748,2267,0.014027348919276574,0.0023087491682665154,0.011793842563810388,0.004719894133215702,0.0004409087916825847,0.006415282704201132
4961,2748,2308,0.014731369150779893,0.002569370531415853,0.013938197711978597,0.004766031195840553,0.00013969570767916872,0.007547336841920076
4962,2748,2249,0.014406402845709201,0.002894425959346018,0.011877917893301403,0.0037794575366829684,-0.0004969196024069322,0.005716856736639398
4963,2748,2275,0.013538461538461534,0.0020864813366019376,0.012441004702877255,0.004307692307692306,0.0002568763353242424,0.006650078950592108
4964,2748,2306,0.015437987857762356,0.002781782288477682,0.012402911117114206,0.005680832610581091,0.00027640881907474733,0.006965989504210139
4965,2748,2323,0.01325871717606543,0.0019594646761002775,0.011626801210913012,0.0062419285406801524,0.0005213537392016583,0.00748429480248771
4966,2748,2280,0.014473684210526312,0.0020092660737260322,0.012603637226767371,0.005175438596491225,-0.0001131254593974346,0.007101469564035442
4967,2748,2310,0.014458874458874456,0.002692909124654782,0.013119347816770977,0.005454545454545453,0.0011256595503483415,0.007583136331441984
4968,2748,2285,0.01172866520787746,0.0017164351758428976,0.012134246075265144,0.0014442013129102825,-0.0012434083829056914,0.00522716839602815
4969,2748,2303,0.01163699522362136,0.0012643341122115378,0.009882767390229774,0.004950065132435951,0.0008740744697477989,0.00626718621102197
4970,2748,2312,0.012629757785467126,0.002293271617863533,0.01250351714739595,0.0032871972318339084,-0.0004892535780054086,0.006414485045168869
4971,2748,2313,0.010462602680501509,0.00123265254361285,0.008321985102408539,0.004712494595763076,-0.000254333846625182,0.005220696199640015
4972,2748,2269,0.013486117232260906,0.0016038082442093348,0.011605087870207198,0.004230938739532832,-0.0005921608655322981,0.0061094801019442625
4973,2748,2312,0.012716262975778544,0.0016800352915970326,0.011052613413292917,0.005017301038062282,0.0002422233046703467,0.006598050948736635
4974,2748,2333,0.014230604372053146,0.0027087664777613995,0.012414996808045815,0.004329189884269179,-0.00010925125174697974,0.0062909946311193975
4975,2748,2298,0.012445604873803305,0.0013181453245462932,0.012177364881680896,0.005134899912967796,6.492746981809323e-05,0.007438664219009057
4976,2748,2293,0.012559965111208021,0.0024867232030043665,0.011954554680102324,0.004099433057130395,0.0002661212748540968,0.006617790335245736
4977,2748,2303,0.015631784628745114,0.002985926511794543,0.013954412936114947,0.006773773339122881,0.0020718369812083733,0.008756987779150772
4978,2748,2307,0.012830515821413086,0.001471778969352892,0.012326741349326133,0.003034243606415256,-0.001623834266738724,0.005899850699454149
4979,2748,2293,0.008983863933711292,0.0015428616012515418,0.006525400174822822,0.0019624945486262525,-0.0013581611707649648,0.002752449618112681
4980,2748,2303,0.013894919669995657,0.0022368028790728275,0.012872299983076018,0.005731654363873207,0.0004998578159810883,0.0077268185341833415
4981,2748,2317,0.013293051359516613,0.002340413249964354,0.011526408057791801,0.0048769961156668075,-0.00018029625303747743,0.00660159745412437
4982,2748,2312,0.014186851211072663,0.00242964338822723,0.012823118627910409,0.003762975778546712,-0.0004991253100850552,0.006446235190741894
4983,2748,2298,0.010269799825935594,0.0015681475038284989,0.009596777495317935,0.0035683202785030442,0.00040001781994570624,0.005502245574099362
4984,2748,2317,0.01804056970220112,0.003481376557084978,0.015826134029543294,0.004704359085023735,0.0008570278078901465,0.007727415933791501
4985,2748,2292,0.00933682373472949,0.0007609768903686656,0.008142998721752063,0.0030104712041884793,-0.0006325305541163853,0.004510586924176903
4986,2748,2292,0.013350785340314133,0.0023334183949732415,0.012771543971227416,0.004232111692844675,0.0003306156512095332,0.006934425144395718
4987,2748,2315,0.015723542116630667,0.0026646803287780074,0.011881023976619033,0.006393088552915765,0.0007224528229866128,0.006933277034457543
4988,2748,2330,0.00987124463519313,0.0014668788786906116,0.009804334111113016,0.003690987124463517,2.2300745325681706e-05,0.005728934440512172
4989,2748,2335,0.01241970021413276,0.0023468999630044673,0.010304650335716337,0.004282655246252675,0.00048348610308049855,0.005866751278677697
4990,2748,2318,0.010008628127696288,0.0010659436353586194,0.009641503228871758,0.005565142364106986,0.0003577173610746549,0.0070383728573579505
4991,2748,2327,0.013751611516974642,0.0021439526647775427,0.01243419173090686,0.005973356252685861,0.0014109444231876526,0.007683136058075183
4992,2748,2264,0.014929328621908123,0.00269242750534795,0.013998140822155126,0.003533568904593638,0.00032715360741881886,0.006874184552017437
4993,2748,2303,0.010594876248371686,0.0012076473802348933,0.00999706801162989,0.006817194963091617,0.0012527833653212881,0.007877556980497719
4994,2748,2324,0.013253012048192767,0.00202225500266989,0.01382463337340311,0.0052065404475043,-0.00017510246448035056,0.008308103789734256
4995,2748,2346,0.013810741687979536,0.0017727536964489395,0.012439171483401436,0.004688832054560953,0.0007266574633830442,0.006686763978960418
4996,2748,2300,0.01460869565217391,0.002596661023055447,0.011934441271704897,0.0050434782608695635,9.113409816409372e-06,0.006497030081122699
4997,2748,2305,0.013796095444685463,0.00220221572525242,0.012888409038263557,0.005683297180043382,0.0004941329806592541,0.007728215910091318
4998,2748,2279,0.011847301448003507,0.0020939299150180123,0.011094843531138942,0.002983764809126808,-0.00016672055909207833,0.005387606346840336
4999,2748,2275,0.015120879120879118,0.0027189714603039314,0.013553486652727233,0.004483516483516481,-9.618076250202413e-05,0.006845257760477118
5000,2748,2305,0.014577006507592185,0.0022410008203452656,0.013115143635389447,0.00563991323210412,-1.5644751889657575e-05,0.007653750413455847
