bootstrap_iteration,sampled_query_count,evaluated_positive_query_draws,precision_at_5_gain,recall_at_5_gain,ndcg_at_5_gain,precision_at_10_gain,recall_at_10_gain,ndcg_at_10_gain
1,2748,2292,0.01413612565445026,0.008873971460296268,0.011473340790127254,-0.0013089005235602093,0.0031130560828398143,0.0012988002430959946
2,2748,2289,0.006815203145478375,0.00701214894655851,0.0025791714463138096,-0.006072520751419835,0.0015983845883789142,-0.0053707544395600135
3,2748,2261,0.005395842547545334,0.00342676259040272,-0.0019395797026284134,-0.004024767801857586,0.0008047926257291608,-0.007091099796329642
4,2748,2318,0.015099223468507334,0.011250360268190412,0.010745648299181811,-0.0015099223468507338,0.003523644411363676,0.0006930746374122484
5,2748,2295,0.005141612200435729,0.006742339686118083,0.002402510791720805,-0.006274509803921569,0.0009377443736386031,-0.005044681602543315
6,2748,2284,0.013047285464098073,0.01212471682304402,0.011311905679414003,0.0005253940455341496,0.007989420111903331,0.003990096601468749
7,2748,2273,0.007039155301363837,0.007206955335386321,0.00615716373321544,-0.0031236251649802015,0.002082987983750166,-0.0005082115390795338
8,2748,2282,0.007887817703768623,0.00727215326922908,0.003991966854293094,-0.006704645048203331,0.002922626661686824,-0.004801970929335019
9,2748,2318,0.008541846419327004,0.009334409744089278,0.005570048122621405,-0.0016824849007765325,0.0039026382997597595,-0.0005546639188375357
10,2748,2261,0.008757187085360458,0.009395466528620156,0.006468048103818788,-0.004643962848297214,0.0028370015269286466,-0.0025946912494648955
11,2748,2299,0.007046541974771641,0.006109631676966047,0.005771584127997692,-0.004958677685950413,0.0006533814633678346,-0.0026425551945704986
12,2748,2279,0.004300131636682755,0.009477446343260112,0.0016100640697060257,-0.005748135146994297,0.0018462728615076568,-0.005199602794727065
13,2748,2272,0.010123239436619719,0.008724027418420514,0.007177868213275471,-0.005149647887323945,0.0049269740735922,-0.0023625360886763876
14,2748,2295,0.007494553376906318,0.008686734520737266,0.007002512741027099,-0.0023529411764705893,0.0037257219040110015,0.0006217461390914195
15,2748,2273,0.009238891333040036,0.0052333091649135145,0.004410390323893034,-0.004927408710954686,0.0034097990640679803,-0.0036520157339820104
16,2748,2272,0.006690140845070424,0.00864186319816036,0.0049855095261998016,-0.005985915492957748,0.002078854282023716,-0.00320761079257618
17,2748,2290,0.0053275109170305675,0.0095643594698268,0.003340278072159545,-0.004934497816593887,0.0026488119495019923,-0.0031081877770920514
18,2748,2289,0.00707732634338139,0.005890484566882005,0.005902599062853034,-0.004062909567496724,0.002239945446167204,-0.0016282123272623726
19,2748,2318,0.002415875754961174,0.006591776145670363,0.0008056519939800157,-0.0071613459879206216,-0.0002757273266487975,-0.005574008883124368
20,2748,2292,0.005584642233856892,0.00955890922380984,0.003142463969504385,-0.005279232111692843,-0.0011863978176283169,-0.005013799040360078
21,2748,2270,0.00616740088105727,0.006354387384160895,0.004112841957813003,-0.004229074889867841,0.003953082257266083,-0.0016308615087280256
22,2748,2298,0.006527415143603132,0.007564813326643442,0.006224582612375204,-0.006483899042645779,0.001262188943455585,-0.0027575175858777267
23,2748,2251,0.008796090626388272,0.008515095179458237,0.004735013438289126,-0.0020435362061306077,0.0034960382432617522,-0.001731172218007141
24,2748,2259,0.0067286409915892,0.007302782436472971,0.0020384296656333015,-0.0043824701195219135,0.0028206828735811767,-0.0039012419344913677
25,2748,2293,0.00941997383340602,0.010498901243481315,0.005830344418617847,-0.004012211077191454,0.004323830644665643,-0.002365536556874826
26,2748,2283,0.0126149802890933,0.013458569568582057,0.010037574845698756,-0.0017958826106000887,0.0036144797720491437,0.0008028471143531163
27,2748,2287,0.00139921294271972,0.006418680176577123,-0.0011348240412353521,-0.006077831219938784,0.002910634436313525,-0.005896153169375447
28,2748,2274,0.012137203166226913,0.009098622772528311,0.01082511496895832,-0.0023306948109058927,-0.0006259655528019408,0.0007291562325342733
29,2748,2280,0.009912280701754386,0.007732823274899598,0.003078727376663162,-0.005526315789473682,-8.135475713266801e-05,-0.006713955072633108
30,2748,2313,0.009511456982274102,0.0069927398291783245,0.004589746438360467,-0.005447470817120623,0.0019396320466724675,-0.004828247617334454
31,2748,2272,0.01091549295774648,0.008848166615450464,0.00784390827313853,-0.0018926056338028157,0.00013781725090701658,-0.0006097264297197766
32,2748,2286,0.010673665791776027,0.010475996014062844,0.006394505545413882,-0.0021434820647419067,0.0026390668197075694,-0.001663377448949253
33,2748,2262,0.006454465075154731,0.0047736648403318765,0.003230549171392942,-0.0021220159151193645,0.0006843394181853378,-0.0022915805606916907
34,2748,2249,0.011916407292129836,0.009742586129125052,0.0068672532744210694,-0.001911960871498444,0.0012903699550904212,-0.0018955402301900923
35,2748,2290,0.0062882096069869,0.004161234373854875,0.004916592599228479,-0.004104803493449781,0.005326726710512169,-0.0017231285818707612
36,2748,2257,0.007000443066016837,0.007803856682653117,0.0021237818623734256,-0.0025254762959681003,0.001180585375831233,-0.003350025699979683
37,2748,2279,0.011584028082492322,0.011941547529705141,0.009581124940599265,-0.00596752961825362,0.0025741891716449024,-0.0021082977205975286
38,2748,2261,0.01238390092879257,0.012558034139944175,0.010365780966926337,-0.0025210084033613447,0.0027396364471876716,0.00038550684523581475
39,2748,2308,0.010918544194107453,0.011190498999894567,0.008171129522552613,-0.004549393414211439,0.0019150352857315053,-0.002247186010609868
40,2748,2336,0.010787671232876711,0.0111123094514885,0.00855467905958512,-0.007619863013698629,0.00026939103706361407,-0.0039021898990598824
41,2748,2277,0.010101010101010102,0.009263473336581908,0.008133236880330116,-0.004084321475625824,0.006455586745605781,-0.0005481950488960547
42,2748,2256,0.007003546099290781,0.006819863397957613,0.006073243197905455,-0.004964539007092199,0.0015109076458161277,-0.002456035451098797
43,2748,2280,0.011140350877192982,0.008654548620734039,0.0072836011286992195,-0.0008771929824561419,0.005637314488348731,0.00043861172961131954
44,2748,2274,0.008179419525065963,0.009151391105590543,0.006867524119197504,-0.002154793315743184,0.0024604138010873356,-0.0004545611275377103
45,2748,2298,0.010269799825935597,0.007881203277232664,0.007814034554394543,-0.005352480417754568,0.0012533462731795471,-0.002557343047526085
46,2748,2294,0.011595466434176112,0.008061482218173812,0.009222438703907224,-0.00039232781168265093,0.002294110701968712,0.0014061937643554683
47,2748,2301,0.008691873098652759,0.011926693234158892,0.007367523109119269,-0.004085180356366798,0.003982038349271468,-0.0006704759907119554
48,2748,2272,0.009154929577464789,0.008147590474698242,0.00772151158229461,-0.002948943661971831,0.005424841340744097,0.0006781800813860306
49,2748,2265,0.01121412803532009,0.0077667370170388965,0.007181651825098821,-0.002163355408388522,0.0027704327260661015,-0.001109594832481659
50,2748,2256,0.0032801418439716316,0.005661931494400658,0.002058129972152834,-0.006914893617021277,0.0010920775498769692,-0.0047252402543974895
51,2748,2272,0.006161971830985916,0.005540891632937986,0.0030795218652412016,-0.003961267605633803,0.0025402165829269733,-0.0031160500179828327
52,2748,2255,0.006829268292682926,0.007433862444816552,0.0033926248149121984,-0.005853658536585366,0.003737518590353252,-0.004520603026450136
53,2748,2283,0.004818221638195357,0.009192979735906244,0.003995699555778262,-0.006482698204117388,0.00021679697499167778,-0.003371545758270232
54,2748,2311,0.004673301601038512,0.007088176882611566,-0.0003451570213380475,-0.006057983556901775,-0.0006437432697359209,-0.0071412264183494745
55,2748,2263,0.004684047724259835,0.007122106391856095,0.002268836864175157,-0.0036676977463543973,0.0018404577184652376,-0.002953844490788976
56,2748,2257,0.008861320336730172,0.007208567353447421,0.006043624953082734,-0.005671245015507311,-0.0002202248194374595,-0.004067249921202849
57,2748,2253,0.010563692853972479,0.0051454230784448935,0.007187848852903007,-0.005725699067909453,-0.0010778400554042717,-0.0035784908964327563
58,2748,2259,0.012749003984063745,0.009121723806894395,0.010998271334135896,-0.0036741921204072603,0.0018415587649463184,-0.000298537701293538
59,2748,2275,0.0074725274725274725,0.009929537820183548,0.006634407238190397,-0.004263736263736264,0.005329378919084823,-0.0006941727012673937
60,2748,2309,0.007362494586401042,0.007285746892866576,0.0035885471316036695,-0.00519705500216544,0.0026426042306557877,-0.003873998014677773
61,2748,2267,0.005116894574327306,0.005444082340890773,0.0027840732927938835,-0.003617115130127923,0.002492837585503729,-0.002849412924103992
62,2748,2285,0.008665207877461705,0.006072631541737025,0.0028292360832892285,-0.0007439824945295402,0.00248683620028734,-0.0030770678548082265
63,2748,2253,0.010563692853972479,0.009114755740311842,0.009276027202007483,-0.0030625832223701733,1.8677348731687273e-05,-0.000393531846223569
64,2748,2268,0.014726631393298063,0.01121572411472373,0.00989820573055914,-0.001940035273368606,0.0034538056177822987,-0.00092148209523016
65,2748,2281,0.00508548882069268,0.007827151698812849,0.0032258263471797418,-0.005217010083296799,0.0047549719838119375,-0.0026841258200975358
66,2748,2278,0.00781387181738367,0.006224686766540319,0.0024815012678394044,-0.005662862159789288,0.001077572893790271,-0.00591191481580216
67,2748,2296,0.007404181184668989,0.009192485355149271,0.0040855233584301785,-0.005836236933797911,0.0014612121895876862,-0.003840997194834758
68,2748,2298,0.009138381201044389,0.006674774864495032,0.007585698744744306,-0.00047867711053089607,0.0018566301308633442,0.0010947534443450867
69,2748,2283,0.010600087604029787,0.008365760934217953,0.007229438231679125,-0.001445466491458607,0.0009280955687583615,-0.0009965018085078628
70,2748,2253,0.01047492232578784,0.007084968684851861,0.007675320811092491,0.00044385264092321327,0.0068407804582789715,0.002040558734308787
71,2748,2265,0.0052980132450331134,0.007349834040663279,0.004561968525053545,-0.00467991169977925,0.002391794729560461,-0.001813166790700639
72,2748,2290,0.010305676855895196,0.011852773611889116,0.006740422245623214,-0.002576419213973799,0.0016805594573175288,-0.0019882867313221423
73,2748,2300,0.010434782608695653,0.010361578331962358,0.007709264342290182,-0.0022608695652173915,0.0039673516094502126,-0.00048352504033560975
74,2748,2268,0.004761904761904763,0.005869252131048886,0.0022396825310615075,-0.0050705467372134045,0.0032390771154165543,-0.0035608966855630374
75,2748,2255,0.004257206208425723,0.007036640326680006,0.0036445651451733427,-0.0015964523281596454,0.0010808105232141222,-0.00012465983553176056
76,2748,2283,0.009110819097678495,0.008717294362661863,0.005251417304326097,-0.006132282084975909,0.0013454221956573334,-0.004703662616725595
77,2748,2262,0.011229000884173296,0.011653916775688156,0.007621234855632461,-0.004774535809018567,-0.0006088044886048945,-0.003610889757425861
78,2748,2287,0.008307826847398338,0.009255987265740772,0.005747859172308512,-0.0036292085701792745,0.003950446571766865,-0.0013712623628946937
79,2748,2321,0.010943558810857389,0.008093593235675205,0.006781206762376362,-0.0003877638948729005,0.005327475006275172,0.0002573183730049696
80,2748,2270,0.01013215859030837,0.00797534439716683,0.007425724537879656,-0.00277533039647577,0.0019854798923276064,-0.0009455517241591751
81,2748,2297,0.010535481062255114,0.009427114505091894,0.007190937057727949,-0.0026556377884196783,0.002206520607060516,-0.001820324414576419
82,2748,2292,0.008726003490401396,0.009318826285343229,0.008392531194879243,-0.0015270506108202451,0.004027444214897173,0.0017544087291406461
83,2748,2282,0.005609114811568799,0.007995877536625881,0.007464251073739563,-0.004206836108676598,0.0038133504552838697,0.00018630113365090771
84,2748,2297,0.007226817588158468,0.006518076788436317,0.004340661367456422,-0.004788855028297781,0.0005350817588809308,-0.004222824211028119
85,2748,2284,0.009982486865148863,0.006462912637478922,0.005513382515254768,-0.002583187390542906,0.003711594315120792,-0.0017903108857170334
86,2748,2262,0.0034482758620689663,0.00819479343385164,0.0036288654322053347,-0.00778072502210433,0.0019318660144218341,-0.00393663628381577
87,2748,2281,0.005611573871109163,0.008071579832427917,0.0018896105850072383,-0.004033318719859711,0.0017682495147894688,-0.004408131646627067
88,2748,2263,0.009898365002209458,0.009960304725159047,0.006860568716053755,-0.0038444542642509945,0.0008839535389123728,-0.002162948968786763
89,2748,2315,0.010539956803455723,0.010009119844927545,0.006845941389261304,-0.002980561555075593,0.001982857859177539,-0.0018081321952568795
90,2748,2297,0.009490639965171965,0.01091320185850174,0.006477788425931454,-0.0022202873313016975,0.002806929034108772,-0.0011309177149003598
91,2748,2267,0.005734450816056462,0.008358889208086868,0.005282317339741568,-0.005822673136303486,0.002991948614497097,-0.002088261037223639
92,2748,2294,0.006800348735832607,0.00742098125270636,0.001151956573225164,-0.005013077593722755,0.0013894610554533076,-0.005258249434379061
93,2748,2290,0.0020087336244541485,0.0033480138503328917,-0.002158592614802302,-0.006244541484716157,-2.4959090236818593e-05,-0.007164222773304886
94,2748,2274,0.011697449428320142,0.006902090435523797,0.007989630550368526,-0.0034300791556728235,0.0025345794358916205,-0.0012507759714640303
95,2748,2284,0.006129597197898425,0.005689784976315654,0.0021824152116715024,-0.0047723292469352,0.0008383281167623758,-0.004622932756095537
96,2748,2283,0.007971966710468683,0.009794947606408675,0.008261671804522287,-0.005562855891371002,0.00039521058143743336,-0.002026740847327145
97,2748,2243,0.01560410164957646,0.013671269671903668,0.012118717454031492,-0.0013374944271065537,0.004633300894840864,0.001742218561551051
98,2748,2275,0.011428571428571429,0.005023852780861718,0.005943772717946939,-0.00378021978021978,-0.00045729160379468886,-0.0036107554052938395
99,2748,2288,0.00743006993006993,0.006683678207798268,0.003684472189822451,-0.0011363636363636365,0.001850928095175485,-0.001593876468018153
100,2748,2269,0.005376817981489645,0.006457018089649003,0.002684356880662909,-0.004098721903922434,0.0011046687628894535,-0.003936149257554977
101,2748,2260,0.004867256637168142,0.004910849173615739,0.0024897867341943498,-0.004380530973451328,0.0048099683354994455,-0.0021915561789244064
102,2748,2284,0.004115586690017513,0.007696079150167957,0.0035402970314779474,-0.007355516637478109,-0.0016556034565619268,-0.004562923167985179
103,2748,2290,0.011353711790393014,0.008867624310889295,0.00877519678847445,-0.00593886462882096,-2.7016092147881597e-05,-0.0032708786161784534
104,2748,2222,0.011971197119711972,0.010726090296008118,0.007452240563290728,-0.0012151215121512144,0.006683285497571552,-2.250216360722238e-05
105,2748,2263,0.009368095448519666,0.007189335258687835,0.004991192887601107,-0.005125939019001326,0.0006007071410705861,-0.004142421535166281
106,2748,2285,0.008665207877461709,0.012311886216306375,0.005338653030962764,-0.0009628008752735235,0.007856618593587357,0.00016713045628923137
107,2748,2261,0.006015037593984963,0.008634280414620886,0.0016581938616715777,-0.000530738611233968,0.0038325963123617235,-0.0020407429469271217
108,2748,2278,0.00842844600526778,0.008630980979187406,0.008494546985129326,-0.005443371378402108,-0.001357363148411077,-0.0020097037878429
109,2748,2269,0.009343323049801674,0.010015074802110134,0.0021029149139563273,-0.0014984574702512133,0.002702485757632706,-0.004215229387314203
110,2748,2261,0.006191950464396286,0.007535192992804558,0.0045937497509410796,-0.0024767801857585145,0.001876473555759612,-0.0017621423506679554
111,2748,2251,0.007463349622390049,0.0072962798187272285,0.00530979159611941,-0.0032430031097290092,0.00263107078571452,-0.0016967191123123647
112,2748,2305,0.007722342733188721,0.005441477788519851,0.0059026044434539165,-0.005422993492407809,-0.0014719578184233266,-0.0035345235481719656
113,2748,2224,0.012320143884892085,0.007507488246736952,0.009073890489573605,-0.0039568345323741,0.00018088865185388037,-0.001651325812784411
114,2748,2304,0.006250000000000001,0.006154099389055738,0.00490621606770329,-0.00043402777777777596,0.0028572132496654263,0.00012634150237035105
115,2748,2248,0.01094306049822064,0.00847136789788963,0.006085831474530331,-0.0012455516014234867,0.00446480074412872,-0.0012525986038666804
116,2748,2262,0.011052166224580018,0.007395981013433848,0.007244013793400096,-0.004155614500442086,0.003572273436624532,-0.0018656446661443845
117,2748,2236,0.006440071556350626,0.005123964913458963,0.004704722258173213,-0.004874776386404294,0.0015502134346317038,-0.002616481347734102
118,2748,2231,0.00968175705961452,0.007277044609274392,0.004637166375245696,-0.0033168982519049756,0.004526704874710365,-0.0028526022099376047
119,2748,2295,0.006884531590413944,0.007727965767442066,0.004158242475371295,-0.0059259259259259265,0.00025160229649024015,-0.005058212403977421
120,2748,2292,0.00968586387434555,0.00818360203241461,0.006613820787802128,-0.005671902268760907,-0.0009550183678517685,-0.0038527710488722726
121,2748,2298,0.0051348999129677995,0.006337009921986019,0.000851923945400571,-0.005308964316797216,0.0002493835589696331,-0.005604034203531116
122,2748,2281,0.006225339763261728,0.008894076036447497,0.003873843977550392,-0.00526085050416484,0.0026691038609183257,-0.003408582341961339
123,2748,2284,0.0063922942206654995,0.0057232883217507025,0.0012891930479759805,-0.004728546409807357,0.002175982547741198,-0.005809147139725645
124,2748,2237,0.011175681716584712,0.008330911721185085,0.006796103258538778,-0.001117568171658471,0.003878852571730199,-0.000826413441055398
125,2748,2275,0.010197802197802199,0.006661380592429635,0.003566704834706733,-0.0027692307692307704,0.003130846654967212,-0.004040092706934325
126,2748,2295,0.0065359477124183,0.004097219401543551,0.0013716978041078739,-0.004923747276688454,0.002919757485420904,-0.005436434375486294
127,2748,2284,0.011733800350262698,0.010722377648633137,0.008012630318002228,-0.004334500875656743,0.0016665165223887321,-0.0022102472111345424
128,2748,2285,0.0032385120350109406,0.005678906425256232,0.0019350793761869864,-0.006126914660831512,0.0028186339697902317,-0.0043831853516889474
129,2748,2275,0.007736263736263737,0.00612294111217199,0.005436680184000565,-0.0038681318681318684,0.0010772556134664927,-0.00213666498747298
130,2748,2250,0.005244444444444445,0.007179276578018103,0.004188830413586158,-0.005111111111111112,0.005095816569876772,-0.0019485835125522292
131,2748,2311,0.011596711380354823,0.012708904378972236,0.009154014177390323,-0.0023799221116399816,0.004552095550935958,0.0006649856199901555
132,2748,2260,0.011238938053097346,0.008287769783464764,0.008187889887182137,-0.000973451327433629,0.0045120484672625015,0.00030747402241946
133,2748,2267,0.008116453462726068,0.008686280729216182,0.007960328391568766,-0.006307895897662109,0.0020509068168376265,-0.0018840123891420263
134,2748,2250,0.0057777777777777775,0.007336652261211217,0.009338543062665466,-0.0057777777777777775,0.00599043041340437,0.0010520555893523127
135,2748,2240,0.006785714285714286,0.006716766394536457,0.0028217498150989585,-0.004062499999999999,0.0008436677057637282,-0.003785518481754177
136,2748,2284,0.008056042031523642,0.0070717079834722125,0.005100421590817092,-0.005122591943957968,0.0022944077142843314,-0.0032688894050721144
137,2748,2302,0.009730668983492615,0.01015294862179713,0.009882755656930024,-0.004561251086012163,0.0028515134265295517,0.0007342581786855439
138,2748,2287,0.011630957586357673,0.007755854996450579,0.007932832331918861,-0.0021862702229995625,-0.000990016890433725,-0.0014070919743128802
139,2748,2271,0.009070893879348306,0.007302937306869336,0.0062392311599087594,-0.007089387934830472,-0.0016881256422106492,-0.004724045620298062
140,2748,2259,0.008676405489154495,0.010381520437976074,0.005551280224473643,-0.00013280212483399726,0.004800226082704378,0.00030323223327080796
141,2748,2281,0.004384042086804034,0.007213942684781905,0.002229671494518993,-0.0031126698816308623,0.005063967999678684,-0.00158605473760005
142,2748,2254,0.010559006211180125,0.009354722347220769,0.0059579529980541505,-0.0029281277728482697,0.004607933775323034,-0.0020430310925836615
143,2748,2269,0.006610841780520054,0.006009261532223433,0.0032186593677831147,-0.005288673424416041,-0.00031228934239225565,-0.004984287865182095
144,2748,2295,0.010021786492374727,0.006669368265381657,0.004992109506304747,-0.004880174291938997,0.0008388401978796521,-0.00384692491268939
145,2748,2241,0.006961178045515394,0.0028134375024238788,0.0004182538787059426,-0.006157965194109772,0.00022513835396640631,-0.007140468356201457
146,2748,2284,0.008143607705779333,0.010172760234799053,0.006053999856730789,-0.003064798598949211,0.0083349064017349,-0.000111209549450333
147,2748,2274,0.010290237467018471,0.005713285836384403,0.004369548740535286,-0.002110817941952507,0.0019120773189568749,-0.0030538240138426563
148,2748,2263,0.011224038886433937,0.009000837462664385,0.00697840223932715,-0.0011489173663278844,0.004047407110757326,-0.00046993543612724043
149,2748,2289,0.011533420707732634,0.007558407755683853,0.007918638888929222,-0.004325032765399737,0.0029189813862733984,-0.0013850701399588687
150,2748,2259,0.009119079238601151,0.007363183970111441,0.006999219282092082,-0.004161133244798583,0.0013317602555871389,-0.001981503576033804
151,2748,2270,0.00986784140969163,0.007394577932570519,0.007514353679987548,-0.004229074889867842,0.004873122123214573,-0.000864671072966879
152,2748,2286,0.007611548556430445,0.00978354076071254,0.006514529655845567,-0.002799650043744532,0.002208946726560005,-0.0008357036639016078
153,2748,2279,0.009565598946906539,0.008504585626374872,0.009382595942715332,-0.0024572180781044324,0.00426984649937178,0.0018333658965833414
154,2748,2303,0.010073816760746852,0.008119240816752344,0.004614370024678348,-0.002084237950499349,0.0013461578320301535,-0.0029742678578828195
155,2748,2255,0.011618625277161865,0.007658926005178436,0.007631536614606217,-0.005410199556541021,0.00266749157003849,-0.003107302625726325
156,2748,2286,0.006474190726159231,0.004331303844056861,0.0029720969324657843,-0.003499562554680666,0.0015144869223888224,-0.003069758647509091
157,2748,2277,0.0038647342995169085,0.007324941827766933,0.002799835980082171,-0.006587615283267456,0.0003949351023093192,-0.00443850626771486
158,2748,2289,0.010310179117518567,0.008627567263314904,0.009362505820904934,-0.0027959807776321544,0.002262487269267015,0.0006008716898373047
159,2748,2310,0.00883116883116883,0.009377147155262463,0.004760531211130201,-0.008008658008658008,0.0002419091158339206,-0.006036090972727646
160,2748,2252,0.006216696269982237,0.0074133257216267385,0.0038482992820578696,-0.0023534635879218484,0.001143018783210812,-0.0021690656626196046
161,2748,2272,0.006866197183098591,0.005308179289147028,0.0037882089746045437,-0.007262323943661972,0.0009222986746724724,-0.005313818008453444
162,2748,2295,0.006100217864923747,0.005653762034045816,0.0035731795291125746,-0.00383442265795207,0.0029034833810843972,-0.0026428306571632657
163,2748,2245,0.012650334075723831,0.008745370487932003,0.009869621318989972,-0.0025389755011135853,0.002581045133757855,0.00037041913953521935
164,2748,2262,0.010521662245800176,0.008248779501325852,0.0073417904765238785,-0.0018125552608311236,0.002443676890992668,-0.0007259998242823418
165,2748,2309,0.011087050671286272,0.009865965244674252,0.008227463653389324,-0.005326981377219576,0.0021630059687715412,-0.0023387248486215224
166,2748,2311,0.009433145824318477,0.005159770824405359,0.00559668883941635,-0.0035482475118996104,0.0064267005838192426,-0.0011823474141785034
167,2748,2283,0.012089356110381078,0.01008711391581893,0.008110883111665855,0.00043802014892685046,0.0051848021081818026,0.0007019521599371158
168,2748,2249,0.01120497999110716,0.006748255779346857,0.005465027624366525,-0.004446420631391729,0.0007844053617901419,-0.004294726120803226
169,2748,2281,0.012801402893467775,0.0056696382458108815,0.008082281494702854,-0.002367382726874178,0.003703525942586843,-0.0005752577770925374
170,2748,2279,0.007108380868802106,0.005587836122707722,0.007978751825054526,-0.0023255813953488367,0.002433566456760971,0.0013724492328079554
171,2748,2282,0.007800175284837864,0.007551347754812297,0.002857709895243178,-0.002410166520595969,0.003915720117992928,-0.0020961276822625717
172,2748,2261,0.010349402919062362,0.009015801396412806,0.00899847930307605,-0.006988058381247236,-0.00028489080585898625,-0.003256079319409076
173,2748,2289,0.010135430318916557,0.006718549771041941,0.006501479968692615,-0.0032765399737876805,0.0010354933333553838,-0.0023732882317748383
174,2748,2327,0.011001289213579717,0.007845402114131823,0.008421326259314315,-0.004383326171035669,0.001868633392529559,-0.0012863447296739452
175,2748,2303,0.004429005644811116,0.006594451761121887,0.0024680753736152083,-0.0036908380373425966,0.0035093646525005866,-0.0023218878185435566
176,2748,2294,0.008369659982563208,0.007968730918622411,0.005561246386113593,-0.004664341761115955,0.0008952965693531133,-0.0030971601408123638
177,2748,2256,0.010106382978723407,0.009156254899641442,0.0075883748613414905,-0.0035017730496453904,0.002824748995320368,-0.0014222425781547743
178,2748,2275,0.012659340659340658,0.011049757924885889,0.01077296580512617,-0.0015384615384615395,0.00243090475325165,0.001460274704446117
179,2748,2289,0.01127129750982962,0.00991704814831167,0.00727453766256629,-0.003669724770642202,0.002951153935131217,-0.001501274329423278
180,2748,2303,0.011897524967433784,0.005186300681476252,0.006375413218930727,-0.0016934433347807203,0.0021720628028362473,-0.0016529705267644581
181,2748,2279,0.009565598946906539,0.009834273343026615,0.008408253437832537,-0.0061869240895129456,0.0008601810449246394,-0.001975659229711362
182,2748,2275,0.011604395604395603,0.00947993202919452,0.009980957059223408,-0.004175824175824176,0.0051028112057586155,-9.774791857617129e-05
183,2748,2243,-0.000802496656263931,0.0038747962059148327,-0.0007897254623710756,-0.005171645118145341,0.0006289773066262957,-0.004326790825793777
184,2748,2271,0.009863496257155439,0.008570057092854863,0.005970584547435944,-0.0021576398062527523,0.004860431093756535,-0.0008713809367400568
185,2748,2283,0.013140604467805518,0.0075511202092903565,0.010239854346133188,-0.0035917652212001773,-0.0020700718772656695,-0.001398097572442776
186,2748,2268,0.00617283950617284,0.008576913661176825,0.004373605555533949,-0.003527336860670194,0.0027853032791577436,-0.0017948202473876704
187,2748,2254,0.00709849157054126,0.006527541810192458,0.002474982931060673,-0.0007098491570541258,0.004007798551213939,-0.0018426740632900337
188,2748,2302,0.011468288444830582,0.011303540069040668,0.010581970632237207,-0.005169417897480451,0.0009083687258669888,-0.0009283784796050897
189,2748,2292,0.012652705061082025,0.010316662609315205,0.008897205643133555,0.0027923211169284465,0.006277459782199311,0.0031151188891901647
190,2748,2249,0.003468208092485549,0.004848556760078953,-0.00044820700193663743,-0.006491774121831926,0.0029840263969144435,-0.006237505836556653
191,2748,2305,0.00859002169197397,0.008128966033437664,0.006197320661240753,-0.0029501084598698483,0.003161500631789569,-0.001043567597644528
192,2748,2250,0.011733333333333333,0.01101841382894575,0.008183454956381698,-0.0033777777777777777,0.004155325213195886,-0.0011562132361899436
193,2748,2295,0.011503267973856209,0.009452098424212277,0.008181555652822609,-0.0029629629629629646,0.003116364360826991,-0.0012108194011939252
194,2748,2280,0.0075438596491228084,0.011088184017008548,0.007472846612514175,-0.005482456140350876,0.0005904192807854778,-0.0023428691097314804
195,2748,2289,0.002359108781127129,0.007888876456075668,-0.0005523980102721871,-0.004456094364351246,0.0037173040606085423,-0.004773428497810899
196,2748,2269,0.007933010136624064,0.008132190031231577,0.003127467860299317,-0.008197443807844868,0.0003769824016769148,-0.006641917540954924
197,2748,2301,0.010256410256410256,0.010138890616198517,0.008131242003252404,-0.0011299435028248586,0.0066543838885931355,0.002151834223606729
198,2748,2304,0.009635416666666667,0.008147907241053437,0.008146707145842237,-0.00529513888888889,0.0002659586774184152,-0.001909802764390385
199,2748,2270,0.0051982378854625545,0.00944675878378681,0.0038370824541075765,-0.0032599118942731272,0.0048449875012237156,-0.0011955807719343837
200,2748,2286,0.012773403324584428,0.009236789976853755,0.007601817935826065,-0.003980752405949257,0.0035853268840236297,-0.0024767719326449114
201,2748,2320,0.012241379310344828,0.007198536182672198,0.009180337878774003,-0.004224137931034485,0.00023742449069242373,-0.001598120422659555
202,2748,2311,0.008481176979662485,0.006960122193632582,0.006235674753832496,-0.006317611423626137,-0.0011743812689282128,-0.004219839833007494
203,2748,2285,0.011728665207877461,0.011819210478754673,0.00874958873728094,-0.0027133479212253834,0.0049653461280268875,0.00015256823905615544
204,2748,2275,0.010285714285714285,0.010098746523674549,0.009813959696311228,-0.003824175824175823,0.0031338087254694507,0.00016585419978831222
205,2748,2251,0.007196801421590404,0.007846905272446301,0.008482730133167618,-0.0017769880053309637,0.004834615157044134,0.0023098047147794227
206,2748,2308,0.008838821490467937,0.006769749851635444,0.0035705537585603705,-0.0038128249566724446,0.0002956230121869837,-0.004501076632031979
207,2748,2266,0.006707855251544572,0.0064837543535125495,0.00445114178198902,-0.006663724624889675,0.0009600194035122377,-0.004146781972187353
208,2748,2315,0.007343412526997842,0.006451639000670276,0.004357919226128093,-0.003585313174946003,0.005210016142332572,-0.001879143411316153
209,2748,2289,0.009174311926605505,0.006754819292686986,0.004449894442274484,-0.005679335954565312,-0.0006117292250335085,-0.005413453476987423
210,2748,2265,0.0030905077262693157,0.004471058956251595,0.001095518365918636,-0.007461368653421633,-8.143539223919942e-05,-0.005426111854872679
211,2748,2265,0.007858719646799116,0.008125235269561189,0.003591161936178189,-0.003222958057395145,0.006260484066905726,-0.0020814361663431696
212,2748,2284,0.01042031523642732,0.010505770532549514,0.00847405184754165,-0.003152364273204904,0.0011892701891988208,-0.0005053775244488952
213,2748,2289,0.009523809523809525,0.00901061903613189,0.005775478543593899,-0.003101791175185671,0.003569293371802946,-0.0016710772370509565
214,2748,2262,0.010875331564986738,0.008677145640848183,0.008423066672195618,-0.0031830238726790454,0.0029168328314893976,-0.0002707392245426892
215,2748,2269,0.009607756721022476,0.008220788304328184,0.006837844234347305,-0.0037461436756280313,0.0031663369219428177,-0.0017163967132863055
216,2748,2295,0.01028322440087146,0.005617188751091476,0.004473302867625631,0.0008278867102396514,0.006608637490767714,-0.0004607836924546414
217,2748,2231,0.01165396683101748,0.010147320468887699,0.0041476764700270966,-0.0020618556701030924,0.006113846096709126,-0.0028671648463022698
218,2748,2276,0.007381370826010544,0.007447931397681201,0.0039914988904011395,-0.004349736379613358,0.001685588660556325,-0.0027953683205230746
219,2748,2309,0.012559549588566478,0.009201953909253317,0.010924228584955543,-0.002555218709398008,0.00433322334128522,0.0009571668026305566
220,2748,2259,0.01142098273572377,0.009367896356895037,0.011201343831007493,-0.005267817618415228,-0.0010638053056499512,-0.0007854704301501386
221,2748,2288,0.009702797202797202,0.007640050746214807,0.007543884282906644,-0.0034527972027972044,0.0018360585404547747,-0.001212659179805914
222,2748,2288,0.011451048951048952,0.011954692422401955,0.009460157267129283,-0.00319055944055944,0.004392865728079715,0.00040685004949159604
223,2748,2270,0.008105726872246699,0.006697330949993927,0.003685248071224463,-0.005550660792951542,-0.0013025407551961396,-0.004936693390092249
224,2748,2258,0.010628875110717449,0.009614947920205051,0.009999751436900694,-0.003144375553587245,0.003540710246724618,0.0007328642223931024
225,2748,2281,0.015168785620341952,0.006492217182460223,0.009752140354122467,-0.0014467338886453311,0.00524656361225038,-9.800915074817485e-05
226,2748,2266,0.00794351279788173,0.008037577217641553,0.005813112893141755,-0.001853486319505737,0.00278827154072519,-0.0003224946301069206
227,2748,2258,0.012134632418069086,0.009982199137817364,0.009588258943164556,-0.0020372010628875122,0.0036019247397656136,0.00024433308820549153
228,2748,2293,0.006192760575665068,0.007334358608036053,0.0032508503519918966,-0.00396860008722198,-0.0007234307914189795,-0.003884201349504779
229,2748,2281,0.008329679964927663,0.00571896181827093,0.0019516548822903004,-0.0032880315651030254,0.005317516015262739,-0.004233348773608378
230,2748,2257,0.008152414709791759,0.006500050207069876,0.005776387321029239,-0.004519273371732388,0.003394359109746633,-0.0018382064412891378
231,2748,2233,0.006269592476489029,0.007193701777247148,0.0008523322928777993,-0.0065830721003134795,0.0013393089199941594,-0.00697098716622189
232,2748,2276,0.007557117750439369,0.0062579153732170555,0.0056019958886958186,-0.005272407732864676,7.425338804788889e-05,-0.003065242356748179
233,2748,2277,0.012472551602986388,0.008802196441254857,0.010303151536195784,-0.004128238910847604,-0.0011042910175673984,-0.0012561385904153132
234,2748,2261,0.006899601946041574,0.00714474247745138,0.004162479550051481,-0.006899601946041575,-0.0007628726423038698,-0.005478307837473558
235,2748,2290,0.007947598253275111,0.005246256024921693,0.0022119002050885466,-0.003231441048034934,0.003119294248988308,-0.004073933128661958
236,2748,2282,0.008238387379491672,0.008824006960554166,0.005032406703305285,-0.0009202453987730052,0.0058200074956980385,-0.00013830989757830734
237,2748,2261,0.009022556390977444,0.004629264281055441,0.006125575733886425,-0.0019460415745245483,0.0026265488059024436,-0.0010085362428387257
238,2748,2296,0.010452961672473868,0.011334775695476612,0.009360731803677077,-0.004268292682926829,0.0031446489920833216,-0.0009128106336685329
239,2748,2250,0.005333333333333333,0.006687325776162818,0.0045354903860990795,-0.004266666666666666,-0.00044086179733758937,-0.002923305250493435
240,2748,2280,0.008421052631578947,0.006394723687469366,0.0037012254560103612,-0.001578947368421053,0.004247089350329507,-0.0021585745995490527
241,2748,2268,0.011022927689594356,0.009071914967704976,0.00940739780344793,-0.0034832451499118176,0.00523292584965975,0.0005254233345611483
242,2748,2266,0.0077669902912621365,0.006915038056812114,0.004992899067399322,-0.004280670785525154,0.001401437651826344,-0.0028229995955065374
243,2748,2257,0.004430660168365087,0.010033822124733856,0.003363024736641198,-0.005892778023925565,0.004692640057559908,-0.002537400570458574
244,2748,2266,0.007149161518093557,0.00834557849435295,0.007130067764747898,-0.005781112091791702,0.0026191516769857523,-0.001442452286138588
245,2748,2266,0.010326566637246248,0.0076293298239094,0.006351681567361142,-0.0028243601059135047,0.003634744214539628,-0.0015925403413065897
246,2748,2305,0.00581344902386117,0.008999455751838215,0.003951643234050425,-0.0049457700650759225,0.004058120758053321,-0.0030043746135795498
247,2748,2281,0.005962297238053486,0.008002206900982488,0.002724883421128102,-0.008110477860587462,-0.0003967217051392617,-0.006913437368326768
248,2748,2280,0.004385964912280702,0.007975016447765755,0.0014416221455974992,-0.002675438596491229,0.006033095169030333,-0.0019591270721616887
249,2748,2282,0.011042944785276074,0.00978807376765669,0.007283073173795709,-0.0031113058720420674,0.00423270991085137,-0.001049104493722564
250,2748,2294,0.009154315605928508,0.00833738489464523,0.0038385078698633074,-0.0037489102005231045,0.002312691729241526,-0.003706926642058793
251,2748,2302,0.01103388357949609,0.009299445551946854,0.01117443040029463,0.0003909643788010421,0.00556939076139228,0.004080573497987035
252,2748,2264,0.008215547703180212,0.006651734132333196,0.0035977499730901782,-0.0036660777385159006,0.006174077625970603,-0.003071094898456097
253,2748,2293,0.0056694286960314,0.003919705725074306,0.0015289422279602756,-0.005407762756214566,0.003729866912108825,-0.004613492900740673
254,2748,2282,0.014636283961437334,0.011436491011924801,0.012635957201322375,-0.0047765118317265555,0.0003466645135006447,-0.0006749893465318517
255,2748,2258,0.004871567759078831,0.005470998510291548,-0.00038894553139165716,-0.003985828166519044,0.002651883150353501,-0.005135547863447172
256,2748,2291,0.006372762985595811,0.008816583889289251,0.006342569131024259,-0.004015713662156263,0.003918804384793705,-0.000278067551792796
257,2748,2281,0.00762823323103902,0.008822883246778625,0.00556042730362856,-0.005085488820692678,0.0026446794948346754,-0.002791334504798807
258,2748,2282,0.006134969325153375,0.005932762114130614,0.0010313909233272526,-0.0014460999123575814,0.0029235546647432727,-0.0024699170778727866
259,2748,2296,0.008013937282229967,0.00668800684780265,0.0053272761393799205,-0.0037456445993031356,0.002908026780828094,-0.0020414348627276102
260,2748,2261,0.0086687306501548,0.008559660150144232,0.005476030365929772,-0.004732419283502875,0.002976454458288214,-0.0027541355870646465
261,2748,2261,0.008314904909332153,0.00716553783075629,0.005045294587189443,-0.00429013710747457,0.002566064209585707,-0.0031476049888723295
262,2748,2267,0.0051168945743273065,0.006435931433248705,0.004293283948523111,-0.005822673136303485,-0.0009856355875702155,-0.0038693842800109
263,2748,2245,0.006770601336302895,0.009647738245317616,0.005759983902629933,-0.003830734966592428,0.0017809376137341792,-0.0017842637195524505
264,2748,2290,0.006550218340611355,0.010114957241468861,0.005902511741956772,-0.0029257641921397386,0.0026365411814097527,-0.0011287729851899263
265,2748,2282,0.012532865907099035,0.010132745931289747,0.010754179907676607,-0.0043382997370727434,-0.0028119956380785356,-0.001135320525617418
266,2748,2288,0.008304195804195804,0.005865868148413704,0.0064585348142011416,-0.0026223776223776234,0.00260217334495802,-0.0007392623811002004
267,2748,2273,0.004927408710954687,0.00949471170998743,0.0033901208289937334,-0.0036515618125824902,0.004855004945574186,-0.0014833415304807852
268,2748,2253,0.008877052818464272,0.006205809197656187,0.00503214544759497,-0.004394141145139815,0.00043992673013266504,-0.003270796501186028
269,2748,2261,0.010880141530296329,0.00958827006378361,0.009601679924726953,-0.0024767801857585145,0.0027351742989323163,0.0007920653400353997
270,2748,2281,0.010872424375274003,0.009470868769230575,0.007825994278314319,-0.0032441911442349846,0.0011182859262201612,-0.001959636156938082
271,2748,2281,0.007102148180622533,0.006817319889547728,0.0052522960596529025,-0.0067075843928101715,-0.0008933302158338445,-0.003933103079379133
272,2748,2266,0.011915269196822596,0.010049726682027185,0.009782928461004004,-0.00472197705207414,0.003994162786771354,-0.0010495245287627378
273,2748,2285,0.007527352297592997,0.0049656972107438935,0.004660411896263413,-0.0063894967177242894,-0.0018870804899882693,-0.004867700037188867
274,2748,2304,0.0031249999999999997,0.006551083947568357,0.0018876134207008416,-0.00646701388888889,-0.0005263143627327879,-0.004740562767165344
275,2748,2282,0.009553023663453111,0.009029178326025357,0.0056485607929393925,-0.003593339176161262,0.004669606427062596,-0.002057686664387357
276,2748,2314,0.011754537597234226,0.010846142619504343,0.005404815725230798,-0.002420051858254104,0.005678027393106522,-0.0026544160155376564
277,2748,2317,0.004747518342684506,0.0064702046870981755,0.0011256248597649441,-0.0006905481225722915,0.0041847755069862585,-0.0018897358284091959
278,2748,2279,0.008161474330846862,0.006035871374145545,0.004799945223052871,-0.00416849495392716,0.004867989241729447,-0.0020247846019246997
279,2748,2293,0.010815525512429133,0.009518885511675696,0.010290113787012882,-0.003532490187527257,0.0019556764961658844,0.000551418668940263
280,2748,2246,0.008815672306322353,0.006371463829233544,0.00826934538859035,-0.00427426536064114,0.0013582044442191727,-0.0009404501366356861
281,2748,2283,0.009548839246605342,0.006915490429646286,0.007284331716604979,-0.003416557161629436,-0.0008712213763577454,-0.0016386011652914413
282,2748,2286,0.010411198600174977,0.009503107294073897,0.007274604644771537,-0.00389326334208224,0.00434463505269998,-0.0007597689183243314
283,2748,2277,0.010628019323671498,0.009934296648028307,0.006628976862866442,-0.002986385595081247,0.0013429287720996901,-0.002390459776888981
284,2748,2276,0.006590509666080844,0.0062022997770509675,0.0029015199803536307,-0.004130052724077328,0.003907802336986008,-0.002752424495651901
285,2748,2308,0.010051993067590989,0.006891797190423952,0.004658778638722981,-0.002902946273830157,0.0022839124875852716,-0.0028203150181059238
286,2748,2318,0.0037963761863675587,0.0073014010839529695,0.0032167647742868573,-0.004055220017256256,0.004026713949561119,-0.0017059434641578761
287,2748,2306,0.011882046834345189,0.007820663502824088,0.010035020923954412,-0.0039028620988725065,0.0009405654249524958,-0.0006486405373501458
288,2748,2309,0.010913815504547423,0.009098660725974829,0.009003288802525888,-0.000909484625378952,0.0025215272187591167,0.001575410644880842
289,2748,2247,0.008633733867378729,0.006401877189015416,0.00665910728314552,-0.006942590120160215,0.000743010189251953,-0.00307024349350687
290,2748,2300,0.005391304347826089,0.005434951221569771,0.00395522260077547,-0.005478260869565216,0.0012590652144140358,-0.0025610261822227643
291,2748,2274,0.008003518029903253,0.0050409493273373554,0.0018223987299356753,-0.003957783641160951,0.0024643571487901607,-0.005297755517032045
292,2748,2269,0.007227853680035258,0.007774953834294528,0.0027851630872691275,-0.0037020713970912305,0.005184186629728049,-0.0030556597900167587
293,2748,2279,0.007547169811320756,0.009667124809065281,0.007005150387553638,-0.003334795963141729,0.0032344121481684765,-0.0006145922696138043
294,2748,2264,0.0074204946996466415,0.009456155200179775,0.00622932811002077,-0.005035335689045937,0.0023577986537497682,-0.0022916796889560624
295,2748,2283,0.006833114323258869,0.006302006079764787,0.005838229767287703,-0.003547963206307491,0.0030559147270695177,-0.0006841207932668821
296,2748,2288,0.0075174825174825185,0.006596084109888578,0.002372287357200394,-0.004632867132867134,0.0018445315367125676,-0.005497822926657012
297,2748,2275,0.007208791208791208,0.009781667879975463,0.007588538523569451,-0.004923076923076924,0.004641350791291156,-0.0004231909050482826
298,2748,2273,0.008446986361636604,0.010084578723442938,0.008323257567922493,-0.005367355917289925,0.0030650808584480375,-0.0008627778502855395
299,2748,2293,0.00680331443523768,0.00979687302664072,0.00586576622818484,-0.006977758395115569,4.863673100822601e-05,-0.003642679286525404
300,2748,2248,0.007562277580071174,0.006940148704420311,0.005239821437796947,-0.003870106761565836,0.003046554009094105,-0.0023832633849151953
301,2748,2243,0.01132411948283549,0.009316590278068207,0.008324653557069323,-0.0033883192153366017,0.0031046579310053902,-0.0012393971114261608
302,2748,2313,0.0038910505836575867,0.004932075035774021,0.0016956776037912453,-0.004928664072632943,0.0005544109191170094,-0.003947891886322898
303,2748,2308,0.008405545927209705,0.007526627354920518,0.006443737686472605,-0.00038994800693240825,0.003833446859873566,0.0009613158471114726
304,2748,2282,0.006485539000876423,0.005284148419220699,0.0018618964058159273,-0.0061787905346187555,0.0002702304019350513,-0.006275474948105664
305,2748,2250,0.010311111111111113,0.00909681247050289,0.007847153973516097,-0.0032444444444444456,0.004443107506297193,7.070093387304827e-05
306,2748,2289,0.013717780690257754,0.009312306572290822,0.009541007829548089,-0.0007426823940585415,0.003332647717364148,0.0004461681353247698
307,2748,2281,0.011398509425690487,0.011980878594848714,0.008920933728396389,-0.002455063568610259,0.002885483921762075,-0.0003956318855257061
308,2748,2273,0.011614606247250333,0.008260151487725114,0.007791223168729755,-0.0020237571491421038,0.0013807364864934172,-0.0013560509492069515
309,2748,2231,0.010847153742716272,0.006823079455478761,0.008088747791751038,-0.004168534289556251,-0.00021472370960542674,-0.0021287413044863515
310,2748,2266,0.004766107678729039,0.004846072085967573,0.0008648792405092491,-0.004104148278905562,0.000482437412894428,-0.004671523368670274
311,2748,2242,0.010347903657448709,0.012559574993371715,0.007455006143851438,-0.00472792149866191,0.0030966480187291693,-0.0025713739173383503
312,2748,2253,0.009587217043941412,0.008444340529165886,0.0045217322500536615,-0.006435863293386595,0.0017504876073139786,-0.005016323022647427
313,2748,2298,0.009486510008703219,0.008289842164725779,0.006902128252776505,-0.0037423846823324627,0.002603265497540172,-0.0012324997059882622
314,2748,2267,0.009792677547419497,0.00902147346933748,0.003963236750300241,-0.005205116894574329,0.002818504512292893,-0.004423581565305998
315,2748,2274,0.006772207563764292,0.004754169254235327,0.004922591020555855,-0.0057167985927880395,0.0005044408616904702,-0.003415577306246703
316,2748,2294,0.011159546643417608,0.007905933817220023,0.008636936583081458,-0.004838709677419356,0.0011043776230459743,-0.0020516575881352433
317,2748,2267,0.008381120423467137,0.004237863137599478,0.006380586339945604,-0.004102337891486545,0.0006392319845132758,-0.0024326656232389232
318,2748,2284,0.012521891418563923,0.013559049916612536,0.01027456542710938,-0.004903677758318739,0.00040382723977938607,-0.001611022136877108
319,2748,2285,0.00989059080962801,0.010836237111802002,0.009189705256907816,-0.00547045951859956,0.0016818410022550257,-0.001673091960562417
320,2748,2285,0.007877461706783372,0.007756167560642838,0.0035565049164322754,-0.0038949671772428884,0.005619032660072595,-0.0028228202535662463
321,2748,2263,0.004772425983208132,0.006851190063116102,0.0007943220740837411,-0.0057445868316394165,0.0028938281777798145,-0.0049359405695508654
322,2748,2288,0.0118006993006993,0.006731703340813295,0.007273331756197534,-0.0019667832167832165,0.002053926119586246,-0.00131390977859689
323,2748,2306,0.00849956634865568,0.006022217318613613,0.0049319633228172965,-0.006504770164787511,-0.0001116892888235483,-0.005381381779419226
324,2748,2258,0.005668733392382642,0.008953740260577691,0.003615852694708579,-0.005048715677590788,0.0009140686525041069,-0.0034223250819346474
325,2748,2278,0.009043020193151887,0.008437607407231752,0.005761627243319687,-0.0028533801580333637,0.0016166487862199358,-0.002218549310489714
326,2748,2287,0.011718408395277657,0.00614962184328771,0.005646284114261749,-0.0026235242675994763,0.0029234502155333205,-0.002501754151806866
327,2748,2264,0.0107773851590106,0.009660653553542807,0.0062519555212207645,-0.0041519434628975276,0.0031589166069686094,-0.003105122898922222
328,2748,2269,0.009872190392243279,0.008973072017627785,0.004907543912830573,-0.00035257822829440344,0.0035252222555899756,-0.001830274238420122
329,2748,2257,0.006380150642445725,0.006134022895125094,0.003758266119656691,-0.00509525919361985,-0.000623344319478106,-0.004407388644280742
330,2748,2251,0.009240337627721014,0.006730562044694234,0.006545302018752531,-0.0007996446023989328,0.00489558371522576,0.00043290984724048706
331,2748,2306,0.00997398091934085,0.00871172342835672,0.006949102497202544,-0.005637467476149177,-0.0006079068390207815,-0.0035471577354095943
332,2748,2296,0.010104529616724738,0.0071216456515590994,0.006364864952815794,-0.0024825783972125424,-0.0008853990030444946,-0.0026905049615473325
333,2748,2280,0.009649122807017544,0.010011939802064456,0.007973140486259191,-0.0025000000000000005,0.005370755235571674,0.0013667108662696497
334,2748,2291,0.009253601047577477,0.00447078068548423,0.004910190654931487,-0.006896551724137931,-0.00130966730895932,-0.005271718522993717
335,2748,2275,0.008087912087912088,0.0073685515494775105,0.00817432019757164,-0.0033406593406593407,0.0032280704434503216,0.0007886351318681145
336,2748,2308,0.013518197573656845,0.010932337916429865,0.010595360489783283,-0.002599653379549394,0.0035746622404765403,0.00040168053446894546
337,2748,2282,0.007361963190184051,0.0066754008086545415,0.0048087659307296665,-0.006529360210341805,0.002145404632938023,-0.00443275364807081
338,2748,2274,0.00633245382585752,0.010042860083361247,0.004636778443724048,-0.007167985927880389,0.0017083096408670954,-0.004590901106308855
339,2748,2290,0.013275109170305676,0.008255289513984965,0.010868529397277102,-0.0026200873362445427,0.0012191315199628478,0.0001925578599112103
340,2748,2259,0.006728640991589198,0.0071884526521344095,0.0037647724542294496,-0.002965914121292607,0.004649997494212416,-0.0012887738972938187
341,2748,2281,0.010258658483121439,0.008007230316260223,0.0058368369502223676,-0.004822446295484437,-0.0004648301721398645,-0.004390786338630664
342,2748,2274,0.008355321020228672,0.007920058522261488,0.007043004296543297,-0.0020228671943711535,0.0063269675118255335,0.00067794127380118
343,2748,2243,0.009184128399465002,0.006405537327574401,0.007856247287682134,-0.002585822559072672,0.004930567947405611,0.0008083809024753173
344,2748,2263,0.009279717189571365,0.008011161537643656,0.0041924560794458976,-0.0068935041979673005,-0.00023193401209466332,-0.0064946046535052735
345,2748,2266,0.010326566637246248,0.0073152016519408974,0.0076151761717106236,-0.004148278905560457,0.0024909651250214723,-0.001641972042094093
346,2748,2275,0.013274725274725275,0.00859957379259069,0.008986141970076477,-0.002197802197802197,0.0035809286225081923,-0.0005709192036693671
347,2748,2307,0.011616818378846988,0.008115135051005836,0.009646496566440102,-0.0029042045947117474,0.002248599590356481,-0.00016962877723669635
348,2748,2276,0.0051845342706502645,0.00605677311515202,0.0013273093120468762,-0.004173989455184534,0.0021482494505312474,-0.004173138611537886
349,2748,2306,0.007285342584562014,0.009338283729100892,0.005786218799037963,-0.0020815264527320044,0.005350506861704796,-8.057079311565916e-05
350,2748,2271,0.009247027741083224,0.00912234388033841,0.004300297115141367,-0.0030823425803610744,0.0025908579351542277,-0.0033936918379801964
351,2748,2297,0.01323465389638659,0.011344195539583731,0.010428006516390774,-0.00017414018284719234,0.003112591259533832,0.0017845178523577818
352,2748,2288,0.013111888111888112,0.012358635473671914,0.008125163721888316,-0.002097902097902098,0.006521333250112283,-0.0008812221212558993
353,2748,2271,0.007573756054601499,0.0087230629854955,0.003397286282573804,-0.004623513870541613,0.0013066291743036647,-0.004726935647296763
354,2748,2301,0.013993915688830945,0.009256394517582828,0.0092418989941192,-0.0034332898739678403,0.0013851222551451126,-0.002142655910647832
355,2748,2277,0.004830917874396135,0.005384973962797142,0.0017328292859180184,-0.00562143170838823,0.0006997911454992154,-0.0052760999667401795
356,2748,2326,0.01049011177987962,0.00982703574028897,0.008098510807734004,-0.004299226139294927,0.00033556907931711513,-0.002303496388287877
357,2748,2284,0.009281961471103328,0.005957906235358176,0.004997428205430057,-0.001882661996497373,0.0020549140248459718,-0.0018686382597654433
358,2748,2228,0.011579892280071814,0.008686147075294345,0.008345070498776728,-0.0021992818671454223,0.0037696119309361094,-0.0003815201181366761
359,2748,2295,0.007407407407407408,0.007830173797622018,0.006665270583326709,-0.0031372549019607846,0.0032396102675209346,-6.080003986784008e-05
360,2748,2278,0.009306409130816507,0.00817081148954844,0.0038677948015249032,-0.0019315188762072007,0.0028721432227288173,-0.0028913550773204877
361,2748,2309,0.007882200086617584,0.007394147519538553,0.005739197140083807,-0.003637938501515807,0.004227238343316988,-0.0004704686060637788
362,2748,2313,0.010116731517509726,0.011028549088588205,0.009342952259631014,-0.0037613488975356693,0.00019100901420906764,-0.0010925212346811063
363,2748,2303,0.005123751628310899,0.008584033946636887,0.0019472023438561067,-0.0036474164133738596,0.003862971217610095,-0.0030520727277140855
364,2748,2329,0.00781451266638042,0.005665168990535382,0.0039063746364048114,-0.0036496350364963502,-0.000112014758554955,-0.004082160108167605
365,2748,2271,0.007661822985468959,0.005995117779668598,0.004441351336167741,-0.0046675473359753415,0.004145729219177352,-0.002737096032820753
366,2748,2248,0.010587188612099643,0.011537567151555086,0.00815442809854847,0.00044483985765124553,0.007163706923858393,0.0023527883533119606
367,2748,2280,0.009999999999999998,0.0062886385523337335,0.0061115930455982685,-0.0039035087719298247,0.002315132219624858,-0.0021887646420072847
368,2748,2257,0.008949933540097476,0.006492886638157393,0.006297566255225426,-0.00044306601683650874,0.0035998417426821847,0.00040113775428668355
369,2748,2282,0.012620508326029801,0.011114357560377531,0.009849708417769177,-0.0010078878177037691,0.0050106383832303715,0.0016981827911227976
370,2748,2276,0.003339191564147628,0.009043506725025647,0.004655019345431255,-0.0047891036906854145,0.0031623349908526366,-0.0014126590388022547
371,2748,2231,0.007978484984311968,0.0059664233888711725,0.004876306390565241,-0.005378753922008069,0.0008844125939218681,-0.003824492129541789
372,2748,2260,0.005309734513274338,0.006401139054295761,0.006138306791692448,-0.004513274336283186,0.001403459722339532,-0.001249936786968476
373,2748,2269,0.00996033494931688,0.008161335565184861,0.00723225726318733,-0.0018069634200088155,0.0039813390416833854,6.573741029082616e-05
374,2748,2271,0.014442976662263319,0.009553861722048322,0.0131916681706952,0.00044033465433729633,0.006409740605092392,0.004607156169971239
375,2748,2292,0.008289703315881327,0.008842953234693019,0.007736533421553089,0.0007417102966841191,0.006497379707227346,0.0034959191036939273
376,2748,2258,0.00788308237378211,0.007549597896370977,0.006436185452856454,-0.003011514614703278,0.004545405923843057,-0.0006089227745911136
377,2748,2292,0.009860383944153579,0.007128462694609768,0.00693776868979913,-0.0021378708551483424,0.004065748059922921,-0.0005206721428754513
378,2748,2302,0.011294526498696786,0.007716781056356932,0.008678645901411118,-0.0029105125977410954,0.00651382413335585,0.0010510826331872193
379,2748,2306,0.005810928013876844,0.006866436127238552,0.002977489351208657,-0.003469210754553339,0.005518867409460758,-0.00202891455410213
380,2748,2285,0.011028446389496719,0.008861957467965134,0.007662846620396418,-0.0011816192560175048,0.0032277324538837714,-3.102152271468744e-05
381,2748,2259,0.01540504648074369,0.011092968469524674,0.011912653353560631,-0.002877379371403276,0.0026609173795301,0.0005434643489751539
382,2748,2272,0.008626760563380282,0.007402776043752283,0.007237905047195013,-0.003125,0.0062841194383237075,0.0007742646966602069
383,2748,2284,0.005516637478108582,0.003940911933194373,0.0019927764121255086,-0.004465849387040282,0.002742663736323183,-0.003920961577228821
384,2748,2282,0.012094653812445224,0.010350622468280345,0.008525438522262833,-0.0051709027169149855,0.0021257652115049593,-0.002112796880086536
385,2748,2291,0.010475774770842427,0.009456200814585175,0.007165352899706459,-0.001964207769532956,0.005657920679808265,-0.00017541395923039544
386,2748,2280,0.010438596491228068,0.006330865051354579,0.008935170698924317,-0.005789473684210526,0.001554455339304627,-0.00200652290768844
387,2748,2288,0.007342657342657344,0.006103455975428826,0.004544470077432242,-0.004064685314685316,0.0013885554032875196,-0.003223144489624139
388,2748,2280,0.006666666666666666,0.007098143372937593,0.0043753401722326,-0.005043859649122807,0.003800696434014971,-0.002415227572677029
389,2748,2287,0.007345867949278532,0.009331697916748502,0.00246852634310133,-0.005728027984258853,-0.0013601879316410767,-0.005945486585549499
390,2748,2277,0.010891523935002194,0.009592250230940185,0.006833970567364949,-0.006851119894598154,0.00046994667352041165,-0.004566035484563474
391,2748,2265,0.012980132450331125,0.008282003079268284,0.008568130155830113,-0.004724061810154524,0.004911416803365174,-0.0014220411412023154
392,2748,2282,0.008939526730937774,0.009607672577189301,0.00711893409056153,-0.0075810692375109555,-0.0006965701153430092,-0.004182914780371522
393,2748,2283,0.008935611038107753,0.007313136177054957,0.004619370274478547,-0.004029785370127026,0.004356684066764661,-0.0023674567420223186
394,2748,2296,0.00818815331010453,0.00681237471223795,0.00480258384020551,-0.0030923344947735207,0.003919171865275061,-0.0016689913399149658
395,2748,2310,0.009956709956709957,0.010654263714890507,0.009320406053693053,-0.002987012987012988,0.006921555552180325,0.0016198023242911426
396,2748,2287,0.00795802361171841,0.004425993402607127,0.004412080300623443,-0.0012680367293397467,0.0038279895965809495,-0.0005025463575529345
397,2748,2309,0.011433521004763967,0.008903933433741481,0.007214809669733733,-0.0021654395842356,0.004479795569658596,-0.00123882221075245
398,2748,2292,0.006893542757417103,0.005130640231645423,0.003823518699674478,-0.004973821989528797,-0.0007673372567587527,-0.004528059551936887
399,2748,2256,0.004787234042553192,0.005288104009366901,0.002333508761613472,-0.006471631205673759,0.00019516961767370686,-0.005620670304608348
400,2748,2278,0.009306409130816503,0.009251180511527592,0.006480406774458212,-0.0035557506584723434,0.0045679370104940425,-0.0012000552154748571
401,2748,2287,0.0069086139046786186,0.01039057970164702,0.0056050600692116904,-0.0035854831657192825,0.004059407802287741,-0.0007631811146754841
402,2748,2262,0.00548187444739169,0.007985802887880528,0.001427794065516746,-0.004420866489832007,-0.001469786739451564,-0.005493130148032796
403,2748,2272,0.011795774647887324,0.008137844459332277,0.008524523453846574,-0.0028609154929577474,0.002861306062492497,-0.0008777925517037618
404,2748,2274,0.010642040457343885,0.009203973267544015,0.006837994202631761,-0.006640281442392261,0.0020638176277899467,-0.003629921595960706
405,2748,2261,0.007695709862892525,0.007909986478100308,0.008365961679883288,-0.004024767801857584,0.002711807812615878,0.0005303011240903141
406,2748,2304,0.004079861111111112,0.006973353078231829,0.001647627939620765,-0.006857638888888889,-6.52441500570186e-05,-0.0059305260207653905
407,2748,2273,0.008271007479102506,0.005679957989959393,0.005649771364797299,-0.0037395512538495367,0.002741826331696331,-0.0014699318947460835
408,2748,2264,0.009805653710247348,0.00853141275389045,0.004099978854802597,-0.0027385159010600703,0.0022285081637470994,-0.0031824563333900475
409,2748,2289,0.011882918304936657,0.012171331612555137,0.007805490932386606,4.368719965050239e-05,0.006100420993688763,0.001043067021102023
410,2748,2272,0.009595070422535212,0.008975916403979513,0.005956063220676647,-0.0017605633802816917,0.006905728389261346,-0.00022732347274136564
411,2748,2296,0.004965156794425087,0.00904177554311218,0.0030359765138537275,-0.0031358885017421616,0.003726094942666686,-0.0014719031707441906
412,2748,2243,0.009629959875167187,0.007693002834274721,0.005133485572266617,-0.003967900133749444,0.004276084373653629,-0.0026987692226154913
413,2748,2257,0.007443509082853346,0.006519529695308645,0.002542443870617587,-0.004430660168365086,0.0013485236140659013,-0.005341834568673279
414,2748,2290,0.005414847161572052,0.005214117220509003,0.003185718191265896,-0.00497816593886463,-0.00013727720730994565,-0.003691679550657524
415,2748,2291,0.005761676123963336,0.00643027979197175,0.0011028726042437544,-0.0024443474465299,0.0006450294364767516,-0.004089866132635686
416,2748,2253,0.012960497114957833,0.008816216828736092,0.008048401185322348,-0.004039059032401242,0.002087375185059378,-0.00229795989612127
417,2748,2313,0.004755728491137051,0.006968377477168835,0.0023306944539997756,-0.004928664072632945,0.003664498670997594,-0.0032311307562481483
418,2748,2289,0.007514198339886415,0.006422483211666415,0.004700413247921992,-0.0016164263870685897,0.004147824065239802,-0.0002685457986066247
419,2748,2292,0.008900523560209423,0.007599777191901182,0.006476825696835614,-0.005584642233856894,-0.0009443648595676272,-0.003609707755402981
420,2748,2242,0.0068688670829616435,0.007095891026949837,0.004217683220880626,-0.002140945584299732,0.0033365174427000747,-0.0011480917816193924
421,2748,2278,0.00913081650570676,0.010718658700144703,0.008332143958226658,-0.0032484635645302906,0.0030658345816929797,-0.00019457207337846146
422,2748,2288,0.012762237762237763,0.0061710570748149595,0.007070564632479424,-0.005638111888111887,-0.0018441713623438664,-0.005086097837345515
423,2748,2277,0.0103645147123408,0.00749961339123768,0.006342902331302782,-0.0014053579270970583,0.005644661448661463,0.00019426028779614713
424,2748,2320,0.01103448275862069,0.007773900570797666,0.00939359987482026,-0.0007327586206896545,0.004120682752557679,0.002023959005454129
425,2748,2281,0.01323980710214818,0.008889786625614014,0.009822242964629205,-0.002981148619026743,0.00406748027082036,-0.00025586761058120306
426,2748,2276,0.008787346221441126,0.006782686452140966,0.00353247254554535,-0.0035149384885764514,0.0006390341148853263,-0.003425769125578534
427,2748,2252,0.011545293072824158,0.00800431023176768,0.00771477126847593,-0.0030639431616341036,-0.00022429363959607822,-0.0020225861719537744
428,2748,2283,0.009986859395532196,0.00879963838216725,0.005769896994992345,-0.0015330705212439775,0.002765939060258661,-0.001349870707560294
429,2748,2257,0.00868409392999557,0.007012853109490647,0.005172818455431977,-0.005006645990252546,0.002846522233293471,-0.0030673652543691003
430,2748,2280,0.0078070175438596495,0.009154671763958209,0.004276398157310628,-0.00399122807017544,0.0025057087499073165,-0.003398411923738433
431,2748,2267,0.011116012351124834,0.010026295148617756,0.00856841185498675,-0.001940891045434494,0.0034060157685974887,0.00011368336826030513
432,2748,2296,0.006097560975609756,0.0080493436340284,0.004783317916826666,-0.004006968641114982,0.004598455861093841,-0.0010507626797069476
433,2748,2296,0.013588850174216028,0.009271871817527656,0.009116572498791647,-0.0018292682926829274,0.0065958338101828,-2.890368417355345e-05
434,2748,2270,0.007665198237885462,0.007083374002310488,0.0043961983046971725,-0.008942731277533039,0.001921558007921887,-0.0054604285154618674
435,2748,2268,0.010141093474426809,0.00841961408094239,0.00766557622186285,-0.004497354497354497,0.0030490309794884963,-0.0017153910953855306
436,2748,2317,0.005179110919292188,0.006133624622499552,0.004676642124759772,-0.005179110919292189,0.0006288715050788251,-0.002177406668162286
437,2748,2280,0.006929824561403508,0.0058635503924130625,0.006166285673178902,-0.00337719298245614,0.00278792502675317,-0.0005479505990394768
438,2748,2276,0.011159929701230227,0.008449749837597513,0.007549856859870426,-0.0030316344463971884,0.0017141038999357364,-0.0018874354385767132
439,2748,2257,0.010899424014178113,0.00934087020753344,0.007935549496205868,-0.00203810367744794,0.006900174180977738,0.0007682857848591339
440,2748,2313,0.012364894076956333,0.008829334447239016,0.008515159333773652,-0.001210549070471249,0.004100318697858513,0.00072722830708932
441,2748,2299,0.009917355371900827,0.009611240975897814,0.0062571654126739144,-0.005437146585471946,0.0024757388341393395,-0.003348400271686138
442,2748,2281,0.006137658921525648,0.006798547934343332,0.002111342028177624,-0.004734765453748356,-0.002870343104177627,-0.005881194944764363
443,2748,2279,0.010004387889425185,0.006164431340504786,0.0061543407750136855,-0.006581834137779728,0.0021856492345665424,-0.004226827283300463
444,2748,2280,0.007631578947368421,0.006779898076600379,0.005644287471399074,-0.004385964912280702,0.0023975789161546192,-0.002137823113254737
445,2748,2258,0.0038086802480070867,0.004291761751003254,0.002278788863754984,-0.008813108945969884,-0.0014484391747604205,-0.006231099022643584
446,2748,2273,0.005631324241091068,0.009644306061562606,0.006427882519975893,-0.00453145622525297,0.004304777902380147,-0.00034516722792449694
447,2748,2258,0.009654561558901684,0.009644535082169087,0.010006369731808877,-0.0006200177147918515,0.004646576323363456,0.002966903540467717
448,2748,2286,0.010498687664041993,0.01160239010497067,0.012052305163355679,-0.003105861767279091,0.004718075863456512,0.0025216863342485854
449,2748,2273,0.011350637923449187,0.00953066444681466,0.008614437161719375,4.399472063352509e-05,0.005246346487883654,0.0014108849664007778
450,2748,2283,0.005343845816907578,0.0067153660776003085,0.004098342215850186,-0.002978537012702584,0.0036012765865298026,-0.0006938356097561348
451,2748,2284,0.007530647985989492,0.007969380503360442,0.005777584194860947,-0.007924693520140106,-0.0017466702488296085,-0.004432878085271398
452,2748,2292,0.00968586387434555,0.005666645837837731,0.005058781294780375,-0.0015270506108202454,0.004866007498537544,-0.0011102922820046864
453,2748,2282,0.007887817703768623,0.0078507896383306,0.00534575168008864,0.00017528483786152514,0.006963583419641659,0.001528713674533385
454,2748,2281,0.01052170100832968,0.00663172645403534,0.005114081137263685,-0.0010960105217010096,0.004535134831663638,-0.0012394803389660992
455,2748,2267,0.011027790030877812,0.007350480132761524,0.008772086907909132,-0.0010145566828407586,0.004977256669553459,0.0014094543021022394
456,2748,2263,0.010340256296950949,0.01221172527749046,0.010493851968789743,-0.0031816173221387543,0.0028967397579834162,0.0007275782387587977
457,2748,2274,0.009234828496042216,0.005625461274480417,0.006005654919164514,-0.004309586631486368,0.003089122357731993,-0.002100682984988412
458,2748,2264,0.005918727915194346,0.008030618632064135,0.0032674265438890804,0.0010159010600706703,0.0071521166124553165,0.0011013175744636452
459,2748,2253,0.008166888592987129,0.009702829501622469,0.0076981638967217195,-0.0040834442964935635,0.003310108796648655,-0.00033218154091922285
460,2748,2245,0.010066815144766147,0.008214186653926077,0.007761671134305485,-0.0035634743875278406,0.0004142854682088055,-0.0016772529144054218
461,2748,2258,0.009123117803365811,0.005898622991989828,0.002914402981614675,-0.0030115146147032777,0.002050684239565974,-0.003911178992628502
462,2748,2270,0.010572687224669603,0.008902351985325399,0.008114879256573263,-0.00026431718061673996,0.0044814976177316645,0.0014035819528933685
463,2748,2280,0.011578947368421052,0.008087979589974939,0.010441367166170317,-0.002719298245614035,0.0023743625173140645,0.001088254652678779
464,2748,2299,0.009047411918225315,0.00966308725198935,0.004937273615093567,-0.003088299260548065,0.003964355776919518,-0.0018764334558616373
465,2748,2227,0.0058374494836102376,0.005546203658704306,0.001470395490023848,-0.002649303996407725,0.0021071756038113254,-0.003572269795089364
466,2748,2241,0.011601963409192326,0.010008732948649094,0.007743398687202373,-0.0014725568942436415,0.004417133462334626,-0.00026791041854228465
467,2748,2285,0.010853391684901533,0.0077375233556790475,0.006178347411531735,-0.003063457330415754,0.005192012172562625,-0.0021898408737327088
468,2748,2290,0.008646288209606987,0.008001775274947257,0.005317211737462636,-0.0048034934497816605,0.0013945156829632225,-0.003468437136719605
469,2748,2264,0.0107773851590106,0.007086123167786924,0.009762330605182678,-0.0035777385159010584,0.002531144569556795,0.00010481856396790246
470,2748,2295,0.007058823529411764,0.005778389754580567,0.003944538835300717,-0.0027015250544662308,0.000851025954797506,-0.0020781756429679677
471,2748,2261,0.007784166298098187,0.008079677044662309,0.007093117425258812,-0.008005307386112338,0.0005798495059670674,-0.003897202396571752
472,2748,2245,0.014253897550111359,0.01231743354911931,0.008934827684921823,-0.0014253897550111356,0.0038247592642315885,-0.0006743993943630975
473,2748,2300,0.0029565217391304337,0.005636241200196643,0.0012879954865967916,-0.004304347826086957,0.0025391047121507467,-0.0030386599901568736
474,2748,2267,0.005999117776797532,0.00646787201738843,0.0012297758133546523,-0.005072783414203794,2.3239970106311948e-05,-0.006179708676200515
475,2748,2257,0.0015064244572441296,0.004597316237669065,-0.0017035349048932704,-0.004076207354895879,0.0011851622721954765,-0.005166435083309722
476,2748,2300,0.005217391304347827,0.006406646501780717,0.0015287949706843202,-0.006086956521739132,0.001121521327750823,-0.005153917827196952
477,2748,2250,0.005066666666666667,0.008696359356416196,0.006797058952699033,-0.004977777777777778,0.0005482149495468824,-0.0008298483218089465
478,2748,2300,0.008434782608695651,0.00985692810796271,0.007572611831849211,-0.005521739130434782,0.0014158209945187197,-0.002148668199468121
479,2748,2318,0.013977566867989646,0.010766827158909892,0.009176169925479987,-0.0016824849007765323,0.004759680227353459,0.00018091273846919482
480,2748,2244,0.007932263814616754,0.008941043011499032,0.006058213638616028,-0.00606060606060606,-0.00036569724037715563,-0.003182411531552983
481,2748,2270,0.0147136563876652,0.01061255748586132,0.013148408851925503,-0.0009251101321585901,0.004880522374951887,0.002937601636412436
482,2748,2273,0.012406511218653762,0.011820831867112283,0.007339346973392864,-0.006027276726792785,0.003403563652846958,-0.004083381602323727
483,2748,2257,0.006734603455914932,0.006865409391564049,0.003551176516573358,-0.006291537439078423,0.002667665010785929,-0.005102974096005639
484,2748,2265,0.011037527593818985,0.008017487912726617,0.005596842940660153,-0.004900662251655629,0.0006608383779745576,-0.0047520766907197315
485,2748,2286,0.008311461067366578,0.005091865989926191,0.004005826048669468,-0.00039370078740157426,0.002237413915148883,-0.0012935305380184497
486,2748,2280,0.00982456140350877,0.010584716762909056,0.009002038380959901,-0.0043421052631578945,0.001986218108087768,-0.000276223819181493
487,2748,2294,0.011682650392327812,0.01009698380014618,0.011336823820210812,-0.002702702702702704,0.0037804471309475928,0.002127835875867423
488,2748,2307,0.010663198959687908,0.008077570663215529,0.007988382666843331,-0.001820546163849156,0.001284739374385202,0.00010762607181712218
489,2748,2272,0.005897887323943663,0.006823701259351088,0.005314713019243698,-0.006954225352112675,0.0007362141042211144,-0.003076961940774785
490,2748,2277,0.013350900307422047,0.008418874557251073,0.008511644496006044,-0.002108036890645587,0.002682121443994317,-0.001270587470410059
491,2748,2267,0.011116012351124834,0.008562399787950594,0.0059661227384229755,-0.0037053374503749443,0.004013356521025701,-0.002298727483334354
492,2748,2275,0.010285714285714287,0.009009555012660752,0.007376483559965974,-0.0015824175824175823,0.004626297978495644,0.00013631163489945483
493,2748,2313,0.008041504539559015,0.0069043576091130515,0.006078069554789285,-0.0077821011673151735,0.0002708883876596295,-0.004095146380785844
494,2748,2281,0.010609381850065762,0.011326032832730657,0.005628486673874347,-0.001096010521701009,0.007184231738088362,-0.0006977472307598212
495,2748,2262,0.010786914235190096,0.009880951270025785,0.008642751677007923,-0.004420866489832007,0.0031746564993976774,-0.0010150886667883597
496,2748,2231,0.010309278350515465,0.008656526203724174,0.008287197264185439,-0.002779022859704168,0.002564254697252892,-0.00038000732709693056
497,2748,2253,0.01287172658677319,0.012155618317707596,0.010718977261422498,-0.003950288504216601,0.0027273115629278125,-0.00020412330767081955
498,2748,2294,0.003312990409764604,0.004279733122207582,0.0014678772638284888,-0.0027462946817785523,0.001325998838944581,-0.002547742373182181
499,2748,2303,0.008163265306122448,0.008276217818137116,0.005710730430374176,-0.0021710811984368217,0.0017811634469472298,-0.0012558706439933106
500,2748,2266,0.0073256840247131515,0.008328930185331094,0.0077832256662097,-0.00556045895851721,0.001149359467222988,-0.0012789480890687851
501,2748,2301,0.01051716644936984,0.006176649782043278,0.00653101910268897,-0.0015645371577574967,0.0007906148053445423,-0.0016560264673769326
502,2748,2247,0.012461059190031152,0.009816220397952673,0.009549560585913603,-0.0018246550956831354,0.0056493691189378244,0.0015456314400235306
503,2748,2299,0.0053936494127881695,0.009979459493409757,0.00416790028325978,-0.006916050456720314,0.004379959694554554,-0.003911673496214533
504,2748,2271,0.005019815059445178,0.0018846002630407844,0.002057855480649447,-0.006825187142228093,-0.001132486706048563,-0.00584636510411517
505,2748,2257,0.00717766947275144,0.0066520461915088825,0.0033750137461990982,-0.005848471422241913,0.003479013349096746,-0.004301354125531729
506,2748,2258,0.012046058458813111,0.0065515711614909395,0.006508149047240986,-0.0027900797165633312,0.0011680600678874152,-0.0025471720462142493
507,2748,2259,0.012129260734838424,0.00879230327487824,0.008401646676010243,-0.0028773793714032755,0.0022036973091274616,-0.00020833847905270294
508,2748,2262,0.009460654288240495,0.011777631737342297,0.0067980041502077836,-0.005083996463306808,0.0037913721902438267,-0.0021704873515407956
509,2748,2275,0.008703296703296703,0.007451174594798243,0.0070805762468496534,-0.0010109890109890117,0.003590927518672776,0.0010630643119478897
510,2748,2309,0.010134257254222609,0.011389475743075101,0.009055105217727817,-0.00498051104374188,0.002364073813242684,-0.0010797063509279431
511,2748,2282,0.010254163014899212,0.007745933143021167,0.006633540008452455,-0.0024539877300613503,0.0029427225527237687,-0.0016201432829434338
512,2748,2251,0.011283873833851621,0.009430744169662345,0.007882642453620931,0.0003109729009329188,0.004997622495353851,0.000995820871011761
513,2748,2303,0.0060790273556231,0.009194345449562944,0.0017793120073232825,-0.005427702996092055,0.005766495804116844,-0.0040087465028940256
514,2748,2288,0.01153846153846154,0.0074920551102120375,0.009743957024622734,-0.006512237762237762,0.0013772856150621113,-0.002207950655053937
515,2748,2276,0.007908611599297014,0.009317116624814532,0.004936452152933076,-0.005096660808435852,0.002686357547052978,-0.00310683998065193
516,2748,2264,0.0045936395759717304,0.0065892988275937404,0.0013231336997890208,-0.005432862190812721,0.0026007114748139467,-0.005060885466049112
517,2748,2259,0.006285967242142542,0.010028369728269121,0.005034070796842865,-0.002567507746790615,0.0018996739523700257,-0.0007352584617773394
518,2748,2293,0.010466637592673354,0.0072729575292027745,0.007063764744912204,-0.0026602703881378116,0.0009151776537381,-0.0013240076314802122
519,2748,2278,0.011150131694468832,0.00853658087817655,0.008231750152355088,-0.0026338893766461816,0.0011907725857624404,-0.0009368663803716454
520,2748,2247,0.00498442367601246,0.006248733349198813,0.00228935845290622,-0.002536715620827771,0.0015717398926393656,-0.0025419068613070526
521,2748,2302,0.0070373588184187656,0.008275190314749332,0.0032846301192720863,-0.002823631624674197,0.005040155479985008,-0.002710852170398551
522,2748,2273,0.006335239771227453,0.00939679573431766,0.0050738661026101615,-0.0063792344918609765,0.0010913208013488527,-0.0036737924543532668
523,2748,2234,0.008057296329453895,0.006590787465760708,0.007863920982724858,-0.004655326768128917,0.0032475864346045726,-0.0006955484371757074
524,2748,2243,0.008292465448060634,0.006375515190595601,0.005853522385493543,-0.003299152920196165,0.004685162142076946,-0.0003986793650167746
525,2748,2262,0.012466843501326262,0.010142290194862935,0.00918157853634622,-0.0007515473032714413,0.006354044279282958,0.001196177763297071
526,2748,2284,0.009719789842381785,0.006723144781275681,0.0029476537514743803,-0.0033712784588441334,-0.00012080312101482867,-0.004839163784491444
527,2748,2269,0.009167033935654476,0.007464474161843625,0.007056066396823596,-0.004803878360511238,-0.001264331938507958,-0.002727611004263379
528,2748,2235,0.012617449664429532,0.006582303367702764,0.009718379178845505,-0.004384787472035793,0.0007992222911635651,-0.001539047796046301
529,2748,2289,0.007514198339886415,0.0060431551124073635,0.005386670750556825,-0.0020096111839231112,0.0016416263469585025,-0.0010359785943454267
530,2748,2264,0.003975265017667844,0.005963080603844828,0.0008569733736018346,-0.006757950530035337,-0.0014163362414046467,-0.0059264387496227025
531,2748,2305,0.011019522776572668,0.007948599163217615,0.009569549488040131,-0.0021258134490238613,0.0036637185211998635,0.001154692268716029
532,2748,2279,0.006318560772268538,0.004911846132467893,0.004598180173193964,-0.0008775778850372974,0.002781872062325824,-8.792586818935836e-05
533,2748,2252,0.008703374777975134,0.007643892287093632,0.0060982913192953086,-0.0031083481349911193,0.003301128035070272,-0.0016882783104977775
534,2748,2262,0.005039787798408489,0.007287723278640093,-0.00022559811430116692,-0.0017683465959328027,0.0037031707980269652,-0.004620314818161278
535,2748,2279,0.006932865291794649,0.007747075575091064,0.006465755824786795,-0.004563405002193945,0.0025297858281276503,-0.0009758502331728381
536,2748,2275,0.004835164835164834,0.006513027225508468,0.0014190499031994362,-0.003912087912087911,0.002504547828826528,-0.004126128226606456
537,2748,2289,0.015115771079073833,0.01087693443145713,0.010091710639469958,-0.0035386631716906943,0.0040372293859311575,-0.0014207005232813195
538,2748,2276,0.008347978910369067,0.006724030685027333,0.0030082018210090553,-0.005184534270650262,0.0016017495570461201,-0.0052769459722982765
539,2748,2314,0.014952463267070006,0.010458001305922917,0.011370824444470424,-0.004580812445980986,0.0018101586713907577,-0.0016768490650357975
540,2748,2286,0.011723534558180228,0.008844637506298806,0.007464427742591826,-0.0021434820647419084,0.0015652296795443063,-0.0012267285982672982
541,2748,2264,0.01263250883392226,0.011634658065951495,0.013062126220279463,-0.005653710247349822,0.00029531060374570574,5.07478614570382e-05
542,2748,2301,0.011994784876140807,0.00831961209447515,0.0098418601345267,1.9299835282488598e-19,0.004242135025711278,0.001962527450693596
543,2748,2270,0.014096916299559472,0.008381615029996556,0.009161650461614353,-0.0007048458149779734,0.0036565595029314207,0.00027519476813767297
544,2748,2297,0.006791467131040488,0.00601833851903007,0.0014692915315226375,-0.005137135393992164,0.00034836543537271504,-0.00573905333467571
545,2748,2290,0.006200873362445416,0.008337597115722439,0.004092748549603134,-0.0027510917030567684,0.0032595870605043164,-0.0015019020640489695
546,2748,2277,0.003952569169960474,0.007284503229399862,0.002406392823925027,-0.005226174791392184,0.002882506307068888,-0.0032640955772018417
547,2748,2290,0.009344978165938867,0.007858811986453983,0.00706908747114575,-0.006200873362445415,-0.0004649063079947107,-0.004058074400301659
548,2748,2293,0.00793720017444396,0.007056257054029998,0.0034034371744472622,-0.006890536415176625,0.0003134805537729639,-0.006412364644881938
549,2748,2251,0.005330964015992892,0.00795604470627042,0.002742586682909703,-0.003109729009329186,0.004251980802108288,-0.002056708088631743
550,2748,2263,0.008661069376933275,0.007458498742444886,0.005862234842170946,-0.0023862129916040658,0.002343901765164933,-0.0014314282139703822
551,2748,2281,0.011749232792634809,0.006228549088395008,0.007031453554058436,-0.0019289785181937752,0.003360266438643712,-0.0010881425114361615
552,2748,2284,0.008231173380035027,0.005724300312236489,0.0029816041936169603,-0.005297723292469351,0.0026603883688145354,-0.004964019028190991
553,2748,2316,0.00846286701208981,0.012203336065621932,0.00487316618236238,-0.0033678756476683935,0.005558251637599084,-0.0018073364519121823
554,2748,2305,0.00911062906724512,0.009495129064636846,0.006951924348974545,-0.004859002169197397,0.0040979549086202155,-0.0022583924033135667
555,2748,2306,0.008065915004336514,0.008282909790962181,0.005053356978729102,-0.000780572419774502,0.006710729761588725,0.0003340830262506452
556,2748,2271,0.009423161602818142,0.007333323166945675,0.0049918300081952475,-0.0012329370321444305,0.0029989708281358348,-0.0012821341382376304
557,2748,2286,0.009011373578302713,0.010074185146367954,0.008558721314832542,-0.005643044619422572,0.004145354030275703,-0.0012053501701997837
558,2748,2276,0.005184534270650264,0.007196921320180101,0.0061147266752883565,-0.0038664323374340954,0.0037857110106128498,-0.00021080725026279527
559,2748,2259,0.0063745019920318745,0.007836732408781811,0.0033961894912420063,-0.004471004869411244,0.0012286231439039533,-0.00370711479880124
560,2748,2276,0.00922671353251318,0.011031855151225517,0.006888190884570295,-0.007425307557117751,0.0005126580852433398,-0.0041227416363976005
561,2748,2260,0.010353982300884955,0.013606262310930865,0.008286237108406216,-0.0019026548672566367,0.0028434778449836847,-0.00014796176885161294
562,2748,2266,0.006619593998234775,0.00624493907607159,0.005588814764315852,-0.0024713150926743152,0.004001676089799576,0.00012623331174491562
563,2748,2307,0.007628955353272649,0.008471312073621451,0.0053195487779694834,-0.0034243606415257912,0.005193976954111063,-0.0011003223603280954
564,2748,2291,0.00314273243125273,0.005394910775106465,0.0008153178026353403,-0.0038847664775207343,0.0028830596693501876,-0.0033727301474310665
565,2748,2276,0.00984182776801406,0.005936400323949159,0.006016862516779235,-0.0014499121265377855,0.005139705382784471,-0.0005467146860489783
566,2748,2293,0.008198866114260796,0.007504385798212942,0.004183181685615912,-0.004448320976886175,0.002622943140630099,-0.0037831181505776613
567,2748,2261,0.00645731977001327,0.005095479070852076,0.006341742736378856,-0.0053958425475453325,-0.0016912719563960327,-0.0027247200244680586
568,2748,2279,0.007459412022817025,0.00930119618889152,0.007435878574124835,-0.008205353225098726,0.0007434410195965123,-0.0035642400431217043
569,2748,2266,0.012533097969991172,0.012082415552291802,0.009725910680884004,-0.001809355692850839,0.0025918829565825773,-1.2941932209133129e-05
570,2748,2291,0.009951986032300304,0.008278217593472475,0.007469957291844923,-0.002138804015713662,0.002584612750088672,-0.0001689983858762044
571,2748,2278,0.008340649692712906,0.007642169408464684,0.0043228822454932135,-0.003160667251975417,0.0024405736853839234,-0.002399249294374137
572,2748,2272,0.010387323943661972,0.0065493570389108715,0.005703261651945952,-0.004929577464788733,0.002263302631320466,-0.004249144389194723
573,2748,2288,0.005332167832167833,0.009053478820705408,0.005124698408765643,-0.003627622377622378,0.002442863578127504,-0.0008022184024338181
574,2748,2289,0.007601572739187418,0.006845466202996201,0.004079241034730553,-0.008519003931847966,0.0006626394995120432,-0.006013698408118059
575,2748,2301,0.009213385484571927,0.007037563639431231,0.006498899672850769,-0.005432420686657975,0.001970223151574468,-0.0033067009177141886
576,2748,2301,0.007822685788787483,0.005670508742629929,0.005448915372915546,-0.005128205128205127,-0.0011099728621543248,-0.0039751119288758355
577,2748,2239,0.0080393032603841,0.00579340243615856,0.004965142920522551,-0.0032603841000446625,0.0034849308293851246,-0.002010207885739084
578,2748,2286,0.00516185476815398,0.00402139516255782,0.0016030471064699269,-0.0038932633420822407,0.0025353787324726563,-0.003726378295578789
579,2748,2263,0.008042421564295181,0.006510154053675364,0.003566855432484965,-0.003004860804242156,0.0016027012876021637,-0.004029529413847784
580,2748,2251,0.01083962683251888,0.009829122231260685,0.008489212634364765,-0.0016437139049311415,0.004219156964357882,-3.41797235418375e-05
581,2748,2250,0.004711111111111112,0.0070117490033632665,0.0023651215353777686,-0.0021333333333333334,0.0036629466853909,-0.0010342868817105279
582,2748,2262,0.007692307692307692,0.006502020513749711,0.0030168154072547837,-0.0036251105216622455,0.0011929683292247963,-0.004367605627824197
583,2748,2261,0.008934099955771784,0.005035850219362031,0.004558942953652811,-0.003494029190623618,0.004235986003623942,-0.002995676024210717
584,2748,2255,0.00984478935698448,0.00886513863790807,0.007680807128228785,-0.003813747228381374,0.0036408517943517,-0.00108864471895705
585,2748,2302,0.013032145960034752,0.011733771276674073,0.008465032042370561,-0.001998262380538662,0.004977523368750202,-0.00033862675377084806
586,2748,2275,0.009758241758241758,0.007334607384789704,0.005348980948188332,-0.007076923076923078,-0.0019186840608422138,-0.006253412689820582
587,2748,2281,0.004910127137220518,0.005759724913718828,0.004208253363282706,-0.0037702761946514685,0.0070360689294439345,-0.00041983661602670505
588,2748,2308,0.006152512998266898,0.006249120014253208,0.003540484979191952,-0.0009532062391681126,0.006146673834673572,-2.765305451852517e-06
589,2748,2251,0.008973789426921367,0.008141505656762147,0.005468575543591982,-0.004975566414926699,0.0011032331728629233,-0.0033178682862283026
590,2748,2283,0.011300919842312747,0.008709767216552498,0.008912845259995424,-0.0029785370127025845,0.005399400305954743,0.0004087307852131588
591,2748,2261,0.007784166298098187,0.009219953742172495,0.007244131510133634,-0.004511278195488721,-0.00020222901675618515,-0.0020803159822406353
592,2748,2275,0.006769230769230769,0.007426620176598858,0.0032050869388871566,-0.003472527472527472,0.002946770361098555,-0.0026124063103115337
593,2748,2262,0.00627763041556145,0.005637788386129811,0.003060787878464259,-0.004376657824933686,0.0008910472233543509,-0.004079980944679987
594,2748,2314,0.007346585998271392,0.005492656298953285,0.004669716332083285,-0.0035436473638720827,-0.0014940647106155506,-0.0026963771509127066
595,2748,2283,0.01305300043802015,0.013183844241436168,0.009361835144892012,-0.0013140604467805515,0.007509137735137743,0.001393477370315731
596,2748,2286,0.008398950131233597,0.009644653462893742,0.006594335665184374,-0.003674540682414699,0.0015915371010761362,-0.0013055822872181666
597,2748,2265,0.009977924944812363,0.007998199183682202,0.007311532377293614,-0.0003973509933774835,0.0016286036476824868,0.0001703138749392771
598,2748,2269,0.008461877479065669,0.008993405862534491,0.008264536709385676,-0.004363155575143234,-0.0005226210451098024,-0.0009219822696279662
599,2748,2274,0.007739665787159188,0.005000395423976646,0.006784492697026838,-0.004045734388742304,0.0005668141030540835,-0.001394021178109129
600,2748,2278,0.010184372256365233,0.008086567135587518,0.006340313482724257,-0.0016681299385425815,0.004570262592088052,-1.7876082192683692e-05
601,2748,2302,0.00851433536055604,0.00892013058173569,0.006224669879656774,-0.008470894874022588,-0.0023211388063109403,-0.005489205764744521
602,2748,2235,0.0017897091722595083,0.0073227177923947204,0.0009632436696285053,-0.005324384787472037,0.0033878263273120278,-0.0036390137465255714
603,2748,2280,0.0078070175438596495,0.008823347302610236,0.005487369029828045,-0.005131578947368421,0.0005108286261985916,-0.0033604456543527704
604,2748,2302,0.006516072980017377,0.007494130709814773,0.0044783986478513565,-0.005647263249348391,0.004019228265541151,-0.0032040231180123415
605,2748,2261,0.007607253427686864,0.005352752899525493,0.0015789560117054078,-0.0015922158337019017,0.005485428177099907,-0.0023861333392275123
606,2748,2273,0.007391113066432029,0.0068399419672458646,0.005223240764478951,-0.004399472063352399,0.0026809565943888857,-0.0027233451915316463
607,2748,2269,0.00881445570736007,0.004640510986793161,0.003974955808797549,-0.00255619215513442,0.0014457675162332956,-0.0031306844110494682
608,2748,2286,0.011111111111111113,0.009995381559406458,0.0056719390857008145,-0.0030621172353455816,0.005960328299426508,-0.001966887919191646
609,2748,2288,0.007954545454545454,0.005473596431592214,0.002621833052148891,-0.004851398601398602,0.002012049000629381,-0.004872508422194157
610,2748,2257,0.006114311032343819,0.008893768236230365,0.0033737391914400888,-0.005316792202038105,0.004570497664118361,-0.0034672526433721386
611,2748,2262,0.007780725022104333,0.008242030642955213,0.00465174779847495,-0.002608311229000883,0.00598826744081452,-0.0013071593197192897
612,2748,2248,0.01298932384341637,0.009400035083439893,0.010381694609052732,-0.006672597864768683,0.0018311623066674713,-0.002066167014675893
613,2748,2275,0.01010989010989011,0.010460939008796672,0.008098026257435699,-0.0033406593406593416,0.0027620335228326983,-0.001080368423892079
614,2748,2286,0.006911636045494314,0.009770263821820828,0.003253096023487417,-0.0036307961504811917,0.00279721852669379,-0.002822600121384601
615,2748,2268,0.007231040564373897,0.009375231995106623,0.0065381544708717106,-0.005379188712522047,-0.00017443728124632503,-0.0026453087559265647
616,2748,2249,0.0027567807914628726,0.007361311677075814,0.0012547768450555043,-0.003912850155624723,0.004934059603022758,-0.0030225337970851943
617,2748,2285,0.008315098468271335,0.009438112303592726,0.006489373956355662,-0.0019693654266958434,0.006633348593907481,0.0005892686445127717
618,2748,2299,0.01104828186167899,0.009443879365503388,0.006883525921468919,-0.004132231404958676,0.002206139701552396,-0.002390013526676219
619,2748,2244,0.009536541889483066,0.007074038366715747,0.006839787227103746,-0.003966131907308378,0.0012757664874687876,-0.0018930731538936072
620,2748,2280,0.009649122807017544,0.009664955222179614,0.008772605643314576,-0.004298245614035088,0.0019313609350788477,-0.0014812881256035726
621,2748,2302,0.0038227628149435284,0.005035507031038576,0.0014352898205321036,-0.0067767158992180715,-0.0017180603619690023,-0.005520547831731402
622,2748,2275,0.00843956043956044,0.008835743696269214,0.005598361336944889,-0.004395604395604396,0.00037220163257741364,-0.002870538990379633
623,2748,2291,0.0076822348319511135,0.006277001571371028,0.00011488297847720366,-0.006285464862505455,-0.0007997933773207046,-0.008527858814008164
624,2748,2285,0.01111597374179431,0.00864926158049197,0.007009810914110331,-0.0012691466083150985,0.004479819135041781,-0.00013336057167206853
625,2748,2291,0.004277608031427325,0.008740246661345374,0.002827257122922392,-0.005237887385421213,-0.00043686453422484207,-0.004789423349626508
626,2748,2279,0.013251426064063187,0.012119539844784318,0.009680459110957397,-0.003554190434401054,0.005234079111988442,-0.0004008342969286882
627,2748,2305,0.009023861171366594,0.00618585775330388,0.006780625550725879,-0.0010845986984815632,0.0032941497527323835,0.0008258543470310177
628,2748,2294,0.01063644289450741,0.010875507715307776,0.00490182025757316,-0.002136006974716652,0.006405435669582491,-0.0017337853772117883
629,2748,2305,0.005639913232104121,0.00657746553985003,0.002558472937631338,-0.002039045553145338,0.00435537060196312,-0.001363733383239162
630,2748,2295,0.008714596949891068,0.010828164642425323,0.008930535805419746,-0.0016557734204793017,0.005391991409033588,0.0019008244775476186
631,2748,2301,0.0032159930465015226,0.0053586474069621595,0.002043213359250089,-0.005041286397218602,0.0017677233178495853,-0.0037078858067224126
632,2748,2277,0.00834431269213878,0.010891739910212568,0.00977879174619467,-0.00373298199385156,0.004201149628943488,0.0008029097184530581
633,2748,2276,0.004569420035149385,0.005154968294784473,0.0011545489673467785,-0.004393673110720562,0.006498004930290166,-0.002920672336172141
634,2748,2250,0.008,0.007836530392603763,0.00579996286936532,-0.0007111111111111128,0.0029252661786351828,-3.721639836922799e-05
635,2748,2293,0.008547754034016572,0.0075112611554906195,0.0037510372674359467,-0.005233318796336679,0.0039924785421187724,-0.004314139655286032
636,2748,2271,0.008014090708938795,0.005858052272644901,0.0023636954424751154,-0.00242184059885513,0.0024581076861809347,-0.003964241838034748
637,2748,2282,0.004645048203330411,0.005818453015268816,0.0030975539164858515,-0.006222611744084138,-0.0009808296828396925,-0.005043394885091693
638,2748,2271,0.009335094671950683,0.008395551725623243,0.0023266395652444608,-0.0038749449581682084,0.0023115233751149268,-0.0054869898062738275
639,2748,2269,0.01375055090348171,0.010520170742047806,0.01019716927666608,-0.00030850594975760285,0.005304193344142234,0.002023205924470908
640,2748,2292,0.005148342059336825,0.005970771723836311,0.0029709042458684267,-0.005279232111692846,0.0010205602024693824,-0.0034156398939836174
641,2748,2256,0.009663120567375887,0.009859800165041102,0.0030050069692610926,-0.0015957446808510637,0.0026126281622498825,-0.0037140290320213606
642,2748,2269,0.007668576465403261,0.007587433723031268,0.009215436993879526,-0.0034817100044072275,0.003018975551690501,0.001489817035416388
643,2748,2280,0.011315789473684211,0.011205001600880069,0.009331545156056961,-0.0031578947368421048,0.002700655413195303,-0.0001832070638186244
644,2748,2317,0.007768666378938282,0.009721492779797152,0.006113801114188011,-0.0025895554596460945,0.0025559051246821034,-0.0012654306875354675
645,2748,2257,0.01081081081081081,0.00743495522528519,0.006956735351744733,-0.004785112981834294,0.0035040065898098655,-0.0027674296826377324
646,2748,2288,0.004020979020979021,0.006403934268458002,0.0032711544854730026,-0.004414335664335663,0.003511024629985036,-0.0023154744763840304
647,2748,2261,0.010880141530296329,0.010468187637824478,0.007724497905640708,-0.0029632905793896503,0.0023801156693226363,-0.0014737664884953336
648,2748,2243,0.01275078020508248,0.010254739711309482,0.0104112660114847,-0.004190815871600536,0.0031026649102198923,-0.0005023659183533682
649,2748,2282,0.006397896581945661,0.005504835388381053,0.0028065681802060087,-0.006836108676599473,-0.0006939454353822275,-0.005533911885112153
650,2748,2227,0.012662775033677593,0.00941502238158263,0.00908080317031769,-0.0033228558599012127,0.006004291721142601,-0.0003442122415382297
651,2748,2272,0.0070422535211267625,0.008280839061468646,0.007097547786364139,-0.006734154929577465,0.0007863526396670144,-0.002680243556196967
652,2748,2288,0.010576923076923076,0.007093974751629218,0.0075345084532044155,-0.001835664335664336,0.00241831525760213,8.498134032506018e-05
653,2748,2230,0.008340807174887891,0.00856581198407107,0.006368214014884551,-0.0035874439461883417,-0.00046758778723661085,-0.0024602070678707917
654,2748,2300,0.010521739130434781,0.010392969363678548,0.005806351619339371,-0.004,0.00225886230269649,-0.004113684647765992
655,2748,2278,0.014223002633889379,0.012480087948335319,0.010962330693977082,-0.001755926251097453,0.004645556790642723,0.0015109456091045108
656,2748,2269,0.01110621419127369,0.010883407722145468,0.008054102441789864,0.0005729396209784042,0.008116115221512607,0.0022667146066740608
657,2748,2266,0.01235657546337158,0.009375873326582204,0.010050925380023005,-0.0006619593998234767,0.002862646731526928,0.0016849731844394689
658,2748,2267,0.011821790913101015,0.010038831619710876,0.00982279003645823,-0.0013233348037053373,0.0036889960517361353,0.0008871636322264638
659,2748,2289,0.010222804718217562,0.007378835629893008,0.007964370295251924,-0.0051550895587592835,-6.79913067679016e-05,-0.0023452698428409794
660,2748,2320,0.011120689655172414,0.011878688799081128,0.010326666683041974,-0.00521551724137931,0.004321616219022189,3.155869237627252e-05
661,2748,2301,0.005736636245110823,0.00755900946931123,0.00481264357317469,-0.0034332898739678395,7.174936843583789e-06,-0.0017948238777339225
662,2748,2267,0.008292898103220113,0.0072686652443006315,0.006694326528624626,-0.002514336127040142,0.004350113169655325,8.898394112341787e-05
663,2748,2265,0.0117439293598234,0.007897382459817645,0.008421793911547456,-0.007814569536423841,-0.000632198425730925,-0.004075182054959937
664,2748,2278,0.006935908691834944,0.008581942841960314,0.003438570909251439,-0.0023266022827041267,0.004873398420495067,-0.002094914455574556
665,2748,2279,0.006318560772268541,0.008071595042662203,0.0026313836956270826,-0.005440982887231241,0.00011139503517172725,-0.0053885849261271265
666,2748,2311,0.0073561228905235825,0.006005957256449004,0.00362583766456204,-0.003721332756382519,0.0009839786597303332,-0.003712294969565873
667,2748,2257,0.006380150642445724,0.007313946569132087,0.0027698681914046235,-0.0032343819229065135,0.0011095223160338267,-0.003222344676726351
668,2748,2295,0.01298474945533769,0.00885060673108822,0.00948876881088409,-0.0019607843137254893,0.003993874975782298,0.0004386701322398585
669,2748,2284,0.00840630472854641,0.010030770279790723,0.007216527764126755,-0.00542907180385289,0.005627472262423771,-0.0011477624591214371
670,2748,2237,0.002145730889584264,0.007386475962755357,-0.00023373459569335533,-0.007554760840411265,0.0003271561313094151,-0.00601134791242633
671,2748,2256,0.0024822695035460994,0.005242789457037827,-0.0008904917216754002,-0.005407801418439716,-0.0017083876248616123,-0.006412732307840908
672,2748,2234,0.009668755595344674,0.008452532330177892,0.00840266128643657,-0.004207699194270368,-0.0005910572389222951,-0.0013712134133124776
673,2748,2276,0.006151142355008788,0.004146092460017921,0.004551658975251622,-0.007908611599297012,-0.0003916151295479133,-0.005203974451350461
674,2748,2255,0.009046563192904656,0.007114684284340507,0.006970925159932612,-0.006297117516629713,-0.001147908811985434,-0.003544180408334621
675,2748,2292,0.009860383944153579,0.005838481334122973,0.007708123590690022,-0.00274869109947644,0.0016469533678955075,-0.0010111368985652768
676,2748,2302,0.0066898349261511735,0.00880129014615062,0.005863758559651387,-0.007558644656820157,0.002410681696500555,-0.0033735091816711913
677,2748,2282,0.007887817703768623,0.008601596755297872,0.006214439286609193,-0.005083260297984223,0.0003542276352017056,-0.002179595281350319
678,2748,2307,0.006848721283051582,0.008521853340515126,0.005548613421656136,-0.005504984828781969,0.001037180760908355,-0.002621123111903963
679,2748,2276,0.0078207381370826,0.010923664627943423,0.0076292801938626625,-0.006854130052724077,0.005773847239442693,-0.0017323161152225839
680,2748,2267,0.011116012351124836,0.008815382594819733,0.006747341227980656,-0.0016321129245699167,0.001959492096675065,-0.002012594731994357
681,2748,2279,0.0031592803861342695,0.004336486268215819,0.000781977569686166,-0.004256252742430891,0.0020374117493775945,-0.00406382260032305
682,2748,2295,0.005315904139433552,0.00297349671122991,0.0016097045813987076,-0.005577342047930284,0.001253497374252437,-0.004919835605362957
683,2748,2252,0.006838365896980463,0.007123958404190105,0.003813559689943863,-0.0022646536412078144,0.0035029165372407176,-0.0017713779697659418
684,2748,2293,0.00846053205407763,0.006612814709257539,0.0037115766247197784,-0.005058874836458787,-0.0009210157913062445,-0.005095208145397218
685,2748,2285,0.004638949671772429,0.0054012385196276075,0.002056418863295431,-0.003938730853391685,7.091267655732771e-05,-0.0035241551406872194
686,2748,2276,0.011159929701230227,0.011661895816211403,0.009768108164416379,-0.0014499121265377861,0.0072312898440713294,0.0020564045214880255
687,2748,2285,0.004901531728665208,0.006192877904362804,0.00508418570287755,-0.0014879649890590814,0.002718784436820311,0.0009480854961335726
688,2748,2263,0.005921343349536014,0.0049452715589381165,0.004126383931004324,-0.0051701281484754745,0.004328185917038193,-0.0022256986733770537
689,2748,2284,0.010157618213660246,0.008552771255056412,0.005583228186847334,-0.003458844133099826,0.0023488511939738182,-0.002617594917637152
690,2748,2273,0.010998680158380996,0.006367001208330668,0.005553578394271648,-0.002375714914210295,0.0041761778385375455,-0.0014859192979489323
691,2748,2289,0.009436435124508518,0.008670396013078634,0.005031174309546639,-0.0031017911751856702,0.003064044647792327,-0.0027366521950721325
692,2748,2271,0.005019815059445179,0.007274994642585749,0.002043445103102157,-0.007441655658300306,0.001519621271982099,-0.006261108354703895
693,2748,2302,0.004344048653344918,0.007855343123104845,0.00302523398620596,-0.008557775847089489,0.0031622049933200747,-0.005045751426080381
694,2748,2290,0.010480349344978166,0.007773058070089937,0.007171536800608396,-0.004497816593886463,0.0007607574053865099,-0.0022773620659088307
695,2748,2275,0.009494505494505496,0.007379572378512334,0.0008448183341322362,-8.79120879120876e-05,0.007682029266504558,-0.0030223977787289234
696,2748,2278,0.006233538191395964,0.005359688697278859,0.0024826354299434246,-0.0040386303775241435,0.0035033733921598534,-0.003935195480376535
697,2748,2247,0.01014686248331108,0.009216495960065204,0.009710782000905898,-0.004005340453938585,0.0054595322466172245,0.0006877246425615113
698,2748,2259,0.012306330234617089,0.008511796120065224,0.011132673463199894,-0.0018149623727312977,0.0053487093191717265,0.0019355731673559259
699,2748,2279,0.007283896445809566,0.009530582884870745,0.0035620674359737965,-0.004607283896445809,0.003319247861582133,-0.00347888588810163
700,2748,2281,0.011310828583954408,0.007874138916941708,0.008859524685532711,-0.0032441911442349855,0.0028282220363719064,-0.0007844276421090584
701,2748,2288,0.007954545454545454,0.009308423888569528,0.0075486802984843955,-0.003671328671328672,0.005256738769660673,0.0005177038737186524
702,2748,2320,0.011120689655172412,0.009763619712104042,0.009243231751606707,-0.0002586206896551719,0.003241250952555911,0.0013889383027195354
703,2748,2298,0.01114012184508268,0.008538087953421574,0.008508058510146549,-0.002219321148825065,0.0013986219593915203,-0.0003873784534940434
704,2748,2249,0.010315695864828812,0.009332598818319195,0.009072380004204498,-0.0026233881725211215,0.004048221160220005,0.0008605455792047677
705,2748,2275,0.009934065934065935,0.008362745951625544,0.005633181788291457,-0.0020219780219780225,0.002114943382927323,-0.0020829755588597666
706,2748,2289,0.0059414591524683275,0.005839163775657549,0.007399181751337712,-0.006072520751419833,-0.0008899029702763941,-0.0023644057376540698
707,2748,2306,0.008673026886383349,0.010153419376755748,0.006446530682363917,-0.003989592367736341,0.0027827799386184906,-0.0015778673700051916
708,2748,2245,0.013273942093541203,0.011912553356972062,0.009338791006043555,-0.0031625835189309577,0.003796414937762837,-0.0013558899537796678
709,2748,2257,0.00921577315019938,0.009172970977986987,0.007770873268254041,-0.006778910057598582,0.00429525821323006,-0.0018834892559284131
710,2748,2280,0.007017543859649123,0.006921435129041955,0.0055072829974716925,-0.006008771929824562,0.00030643719534740194,-0.0034855601744280336
711,2748,2247,0.00792167334223409,0.007422446463569769,0.004979408656108443,-0.004005340453938585,0.0035204226994671197,-0.0019991484858778528
712,2748,2254,0.007364685004436558,0.008118362791473113,0.0068632085921255664,-0.004037267080745342,0.002388260109148452,-0.0007204306811594493
713,2748,2286,0.006386701662292214,0.00825032947651986,0.00342431482429539,-0.0041119860017497815,0.004625494880974393,-0.0021332916028147897
714,2748,2284,0.003765323992994747,0.008322253081939616,0.00218523295117426,-0.006173380035026268,0.0002902320459786058,-0.004688905708523467
715,2748,2273,0.008798944126704797,0.011305319149855176,0.006577632701433955,-0.00431148262208535,0.0026388000654345538,-0.0014963968576730212
716,2748,2290,0.015283842794759825,0.012056755694620766,0.011002236119683106,-0.00462882096069869,0.005140664917397059,-0.0009168923664444658
717,2748,2248,0.007028469750889682,0.005655807278007257,0.0035735361928294963,-0.004537366548042704,0.003307167351602764,-0.0034999805271383384
718,2748,2315,0.0072570194384449236,0.005915794802340925,0.0030347421816364867,-0.004794816414686824,0.003457843054921487,-0.003968732722532272
719,2748,2267,0.012615791795324217,0.009679817923584992,0.008683933907502099,-0.00030877812086457893,0.002513455112863786,0.00010314378402949341
720,2748,2290,0.008471615720524017,0.010815451975950786,0.005248109336029315,-0.005371179039301311,0.0016711205931283408,-0.0034396688607862057
721,2748,2276,0.004657293497363797,0.006594849277179145,0.0038789855672136503,-0.0028558875219683658,0.0033487822116811624,-0.001344417081125488
722,2748,2282,0.01016652059596845,0.008324188066487333,0.009128431550192617,-0.004206836108676598,0.0019187859631266265,-0.0003900494135027678
723,2748,2308,0.002426343154246102,0.005634588845849812,0.001455512781077679,-0.006369150779896015,0.001431092832980694,-0.0037437083740446972
724,2748,2268,0.0031746031746031746,0.007066150518477658,0.0037480449973387223,-0.0056437389770723125,0.0032930491254912026,-0.0019440360728101595
725,2748,2289,0.008125819134993448,0.008265069197360374,0.00645179177271285,-0.0030581039755351674,0.0036835330600109187,-0.00033299733851321537
726,2748,2297,0.012363952982150634,0.010766604139042053,0.008888174394066792,0.0001306051371353946,0.00622792945628049,0.0011576709848590734
727,2748,2265,0.0036203090507726265,0.006874961322706576,0.002604389625966549,-0.0041059602649006635,0.0019420633909030594,-0.0026913553239875723
728,2748,2269,0.0073159982371088575,0.007240123860604258,0.0047532874663271055,-0.00515645658880564,-0.0002918338926411457,-0.003891503427419169
729,2748,2291,0.009340899170667834,0.009771101871461203,0.00606700234319382,-0.002749890877346139,0.0021079883554076533,-0.0014683441896399805
730,2748,2271,0.010039630118890357,0.006355413885157714,0.008911432648831942,-0.0001761338617349185,0.00430458172778341,0.002321096412067239
731,2748,2278,0.00816505706760316,0.0059590940271378465,0.0038533239002929006,-0.002151009657594381,0.0022603289975162816,-0.0022246850670246776
732,2748,2266,0.011120917917034422,0.008450932990858683,0.008318280459017053,-0.004104148278905561,0.00024305876976590061,-0.0024901401519150618
733,2748,2265,0.005209713024282562,0.004438586607362678,0.004840560533880921,-0.005209713024282561,0.0003203845393222221,-0.002106379355484065
734,2748,2300,0.01208695652173913,0.012110705165348214,0.00810409210023924,-0.00591304347826087,0.001497196012964678,-0.0033603329139863334
735,2748,2245,0.008997772828507795,0.006768618009001551,0.004992869116101446,-0.004810690423162584,0.0014105885387144072,-0.0036039122310140637
736,2748,2280,0.0043859649122807015,0.008031536578876798,0.0006268437686180547,-0.003464912280701755,0.002197304734659844,-0.0037060795484271814
737,2748,2271,0.00977542932628798,0.00821927314876504,0.00811021635091448,-0.002994275649493615,0.003013017358440705,-0.00010374021100917833
738,2748,2241,0.0029451137884872838,0.005851368345831112,-0.0027292153423593237,-0.0069611780455153946,0.0015642233476984159,-0.00849307433683521
739,2748,2300,0.008608695652173913,0.004845211067501073,0.004862955316388385,-0.007608695652173913,-0.00126545403502015,-0.005347123557538808
740,2748,2249,0.006936416184971099,0.007163741428402891,0.004871263218889349,-0.0036460649177412186,0.0038308690888009837,-0.0013151744016006754
741,2748,2279,0.010618692408951295,0.008425879431201355,0.008491707686033472,-0.005046072838964458,0.0007420038266851599,-0.0017744130043785824
742,2748,2278,0.011676909569798069,0.008794538015338629,0.0058604474349555685,-0.0010974539069359098,0.00673411822382048,-0.0009333663428296022
743,2748,2288,0.010926573426573426,0.012546297251617503,0.0129998277590633,-0.0038898601398601406,0.0032447366966168326,0.0029494612382376852
744,2748,2284,0.013047285464098075,0.009607701104751431,0.012668633169487811,-0.003721541155866901,0.004485995029856437,0.0017109937231681834
745,2748,2277,0.003513394817742646,0.00515427946686329,0.0002891366408647362,-0.004523495827843655,0.0025388172134101212,-0.004615732858754978
746,2748,2264,0.012720848056537101,0.007716865131270871,0.007847898411524957,-0.005212014134275618,0.00159827207236654,-0.0033602704110837823
747,2748,2285,0.013654266958424506,0.009296290652215745,0.010622914705388183,-0.006039387308533916,-5.4874929417108715e-05,-0.002237844364539488
748,2748,2272,0.008890845070422537,0.011188804613531028,0.008173760727058102,-0.004621478873239438,0.0016618382305682222,-0.001223776496901547
749,2748,2308,0.009445407279029462,0.0039123891371044255,0.004447696711880524,-0.006542461005199307,-0.00024847837435098695,-0.005289818191461953
750,2748,2286,0.006386701662292213,0.004641897390782545,0.0012000017132789535,-0.006561679790026248,-0.0008788496351006902,-0.007287928364629097
751,2748,2278,0.009569798068481124,0.00689669646297839,0.00579685466278029,-0.004521510096575943,0.004862494006790189,-0.0023864691225606366
752,2748,2244,0.013279857397504457,0.009837214339578761,0.009413670154131611,-0.0036987522281639916,0.006036344157627243,8.880896703118966e-05
753,2748,2280,0.01192982456140351,0.008516916412932013,0.009508908039078301,-0.002631578947368422,0.0006236636464108403,-0.0005818732032098768
754,2748,2297,0.011667392250761863,0.010205795962633223,0.00867716205210689,-0.00522420548541576,0.00492070873624681,-0.0016740152715662914
755,2748,2287,0.010319195452557935,0.009907119958517596,0.008421438866316393,-0.00555312636641889,-2.3693015546949014e-05,-0.0026841109478360444
756,2748,2263,0.009102960671674768,0.0069275666387063,0.0048822188897479895,-0.003756076005302697,0.0022040538479106307,-0.0032132915386106874
757,2748,2239,0.013130861991960698,0.006619942707628775,0.006502033770044161,-0.0011612326931665922,0.003793426363538385,-0.002103801591045942
758,2748,2272,0.008274647887323945,0.009310779478898369,0.004467802717761142,-0.004885563380281691,0.0023182079723914994,-0.003583963216057103
759,2748,2273,0.006951165860096788,0.005624237011092367,0.003759168065834811,-0.0030356357237131537,0.004388742711803969,-0.0015730646683131204
760,2748,2265,0.007417218543046358,0.011408563109939459,0.007835520498974733,-0.001986754966887417,0.003925658491334084,0.0008985143024861283
761,2748,2283,0.006570302233902759,0.005635591904253966,0.005939302916912542,-0.001839684625492772,0.0032403527784301187,1.2879523477226987e-05
762,2748,2261,0.008845643520566123,0.007634258846386465,0.005613259666885852,-0.006236178681999115,0.0026967212321660394,-0.0036874828263263252
763,2748,2249,0.009515340151178303,0.007505980847558965,0.00344719230258913,-0.00377945753668297,0.00014651166152517282,-0.004750920598122365
764,2748,2290,0.009694323144104804,0.005947247162225424,0.006573332707988977,-0.005065502183406114,0.0026714996992256213,-0.0023734306083605912
765,2748,2281,0.007715914072775099,0.00938356167734883,0.006934984305709392,-0.002981148619026744,0.002121492718485749,-0.0004874827634968771
766,2748,2274,0.009058927000879504,0.007367338113616112,0.005031240775497093,-0.004617414248021109,0.002280108688144397,-0.003131607239477506
767,2748,2277,0.0023715415019762856,0.006891898976534495,-0.0020354668832589366,-0.005928853754940711,0.001957056220826292,-0.007099842048312676
768,2748,2287,0.009007433318758199,0.010059348963389907,0.005847897941826038,-0.0037166593790992565,0.004464369958135682,-0.001313896079407494
769,2748,2311,0.00865426222414539,0.01051996947875885,0.008168299059213796,-0.0034184335785374313,0.0023335385167358963,-0.00036629799964410303
770,2748,2266,0.0035304501323918784,0.004239949802553201,0.0030739155411555626,-0.005030891438658429,0.003284250237800942,-0.002623463858137628
771,2748,2318,0.006902502157031924,0.007894924622505134,0.00791178024976541,-0.003839516824849009,0.0007569357881487436,-4.056442548528726e-05
772,2748,2285,0.00437636761487965,0.006369807913345334,0.0019235003291363697,-0.003238512035010941,0.0013040065862046787,-0.002585900380540397
773,2748,2293,0.009332751853467075,0.008149814629152577,0.006950647819845599,-0.005058874836458787,-6.0705969456504897e-05,-0.0028352825266099797
774,2748,2263,0.007512152010605391,0.01043239059412164,0.006894006859820245,-0.004021210782147592,0.007238493525082537,0.00013312706977888043
775,2748,2269,0.0034376377258704275,0.0058533622096364505,0.0004312755754673956,-0.005685323931247247,0.0004076477715247271,-0.005734844251593384
776,2748,2283,0.0077967586508979414,0.006342616383838228,0.00233503419407953,-0.003679369250985547,0.005124409186404894,-0.0030770423921556815
777,2748,2287,0.006821163095758636,0.004252457864308593,0.004322166916349139,-0.003979011805859204,0.0008244130236568895,-0.0028516915983797923
778,2748,2278,0.007550482879719053,0.008762012248190917,0.004974481299985583,-0.004521510096575943,0.0026998145654770008,-0.002406360921276659
779,2748,2270,0.01145374449339207,0.007278054341465072,0.0064422992386181654,0.00017621145374449335,0.005544961000220052,0.00020595424729724247
780,2748,2293,0.006018316615787178,0.0076685434005129656,0.0046921828302243385,-0.003794156127344092,0.0006556930358662425,-0.002661312827339633
781,2748,2265,0.007240618101545253,0.00775682489193482,0.003908731218685895,-0.0063134657836644605,0.002431821805136833,-0.003908532434850963
782,2748,2300,0.009130434782608696,0.0091403682847537,0.0054021477219726634,-0.0011739130434782609,0.0014965597845834158,-0.0015211806724534697
783,2748,2318,0.008024158757549612,0.0036527643707993575,0.003051120440492463,-0.004012079378774806,0.0004945006715108675,-0.004454178717114435
784,2748,2270,0.007929515418502203,0.00838988641010858,0.005744015025903427,-0.003788546255506607,0.0037668177250617186,-0.0009796827584402134
785,2748,2292,0.011605584642233857,0.009362543704744718,0.009368475494868368,0.0005671902268760903,0.005261216226125469,0.0030355204449145352
786,2748,2272,0.005633802816901407,0.006247366735661725,0.002757472742510169,-0.004225352112676058,0.0022737317025935317,-0.0034382906301644728
787,2748,2289,0.010659676714722585,0.008446498029153223,0.006320576342334443,-0.002795980777632154,0.0027507552228428636,-0.0018144830401168532
788,2748,2294,0.005928509154315607,0.008392057549349421,0.0031446888951552443,-0.007846556233653008,-0.0029350762759226662,-0.006579921430650945
789,2748,2273,0.008446986361636604,0.0070694031914954525,0.0062920105663619086,-0.004003519577650682,0.0009071882091462204,-0.0020981091383708993
790,2748,2298,0.009921671018276762,0.007579750433389095,0.007430484306854069,-0.0030896431679721505,0.0033964139248006285,-0.000705113240272301
791,2748,2268,0.012081128747795414,0.010545680794057844,0.0103990541322078,-0.002248677248677249,0.005391957369620222,0.0014554414764348209
792,2748,2307,0.004074555700043347,0.0038753725623122235,0.0030830629411415567,-0.007498916341569136,-0.0032863448254527236,-0.005758634512495136
793,2748,2280,0.0074561403508771945,0.005644538305692575,0.0031487658491050935,-0.005175438596491228,0.0021185179948891688,-0.0046269352655287765
794,2748,2288,0.009353146853146855,0.01043960638303227,0.006777865428527463,-0.0055944055944055935,-0.0008391128528669725,-0.004216955450041115
795,2748,2276,0.013181019332161687,0.010626100784346587,0.012470189311168696,-0.0036906854130052727,0.0018884907390302817,0.0008433821687680222
796,2748,2278,0.005970149253731344,0.00791931417856158,0.0023292397195020568,-0.007989464442493415,-0.0007329627386799711,-0.0068104844532774714
797,2748,2291,0.004364906154517678,0.006700000234760613,0.0030472367675233557,-0.00663465735486687,-0.0005708152472035849,-0.004644324812309423
798,2748,2265,0.005298013245033113,0.0038308727216821606,0.0014582803309608281,-0.0018101545253863128,0.005309124848960842,-0.0013002828420517996
799,2748,2258,0.00788308237378211,0.006473590958745752,0.004887580377049821,-0.002701505757307352,0.0014912941196473567,-0.0023059965743786356
800,2748,2298,0.008355091383812008,0.009406406679970988,0.006563828101409606,-0.005091383812010444,0.004600259089657026,-0.0020445067468456827
801,2748,2299,0.010004349717268381,0.010144000002140264,0.007893457694296006,-0.006611570247933884,0.0019309280160903978,-0.003182883111564436
802,2748,2300,0.004086956521739129,0.00438025036762267,-0.00026344070475124124,-0.0052173913043478265,-0.0022979278863164317,-0.006222901307885003
803,2748,2299,0.006437581557198782,0.004826247230627713,0.002754915810223503,-0.0036972596781209223,0.0005632005068339472,-0.0038411185311876964
804,2748,2260,0.0065486725663716815,0.00900985960548,0.0031177468087099226,-0.0011504424778761057,0.006046799284087905,-0.0009225416873124698
805,2748,2288,0.006468531468531468,0.00957790398313077,0.00786137191241835,-0.006118881118881119,0.001693243999126948,-0.0014359660199537248
806,2748,2286,0.009536307961504814,0.010155182018530525,0.006462426181774253,-0.0031933508311461065,0.0015109388414675398,-0.001609979483035912
807,2748,2288,0.003234265734265735,0.006548018731186048,0.002210224096093922,-0.0026660839160839163,0.001134583477582422,-0.0021949637183480476
808,2748,2266,0.006972639011473964,0.005205267952782224,0.004905917139796623,-0.006487202118270079,-0.0009017844948788963,-0.004035365962418211
809,2748,2309,0.011346903421394544,0.011961946967084436,0.008454454284551256,-0.004460805543525336,0.00072216907526254,-0.0024455065927617287
810,2748,2253,0.010652463382157125,0.011152811020909764,0.007173009653401983,-0.004793608521970704,0.002948435337947382,-0.0022736553538614647
811,2748,2306,0.009280138768430183,0.010473280869597923,0.00678645821016343,-0.0034258456201214224,0.0045379502933739334,-0.001264261801936555
812,2748,2241,0.009727800089245871,0.008595463134074633,0.007473635214544795,-0.004060687193217314,0.003728814373679349,-0.0010647952121232286
813,2748,2300,0.004956521739130436,0.007983877389620427,0.0015152028845291108,-0.005391304347826087,0.003456947594937599,-0.004131166614193128
814,2748,2273,0.010030796304443469,0.00834705606768359,0.005861016922475745,-0.005147382314122307,0.0006537532654703097,-0.003399585277856617
815,2748,2263,0.003977021652673442,0.0071613298473504495,0.002716742046454316,-0.00684931506849315,-0.0009745904785987497,-0.004577178342544846
816,2748,2264,0.00971731448763251,0.01098270117964215,0.008038093433241722,-0.004637809187279152,0.005556846712704687,-0.0013622069443494393
817,2748,2245,0.004276169265033407,0.007623139218588864,0.0003325477355573022,-0.006369710467706014,0.000300484770646608,-0.006058272404521355
818,2748,2280,0.007982456140350879,0.008026918953215622,0.003288614310294968,-0.004736842105263159,0.0024444111898707945,-0.00407102502990526
819,2748,2312,0.0066608996539792385,0.008545760646869164,0.005760277405456049,-0.004757785467128028,0.0029489263462400598,-0.0016752769472274454
820,2748,2270,0.006872246696035243,0.007113892657132495,0.006495526748618134,-0.00418502202643172,0.003404353290449178,-0.0007871889519311066
821,2748,2303,0.009205384281372124,0.010240106057471887,0.006894781023000289,-0.004211897524967433,0.003722512784101949,-0.0008339712654737374
822,2748,2274,0.00993843447669305,0.005795829326531984,0.006075223375996371,-0.0006596306068601575,0.0019014175238304964,-0.0005003883884919537
823,2748,2270,0.006343612334801763,0.008031378831023889,0.0017618840640211682,-0.003876651982378855,0.004406494335602967,-0.003069667428551155
824,2748,2266,0.012621359223300972,0.010561448317732326,0.009452290404106044,0.00017652250661959377,0.0027924040047334546,0.0019114623414373587
825,2748,2266,0.005736981465136805,0.005070204517347414,0.002374446720791551,-0.007193292144748458,0.0019201773365089797,-0.005556344027520576
826,2748,2247,0.006853582554517135,0.006344761898603134,0.0028444965815917498,-0.0007120605251446379,0.004554610238845604,-0.0011831203984405828
827,2748,2318,0.010871440897325281,0.009360049245172936,0.009149082836760818,-0.0028904227782571173,0.005919988144942484,0.0007614021511453754
828,2748,2309,0.010567345171069728,0.009199881989805269,0.008608033084857457,-0.002252057167605024,-0.0008934757504665411,-0.001035209406705007
829,2748,2291,0.010475774770842427,0.007454393394411955,0.008939602405561147,-0.005194238323876037,0.001393553936307329,-0.0008311136305520972
830,2748,2277,0.005972771190162495,0.007036857159912114,0.0031146313058622163,-0.003162055335968379,0.00690671347602107,-0.0012872736103417069
831,2748,2269,0.009695901278096079,0.006436468356370912,0.004797669164956392,-0.002600264433671221,0.0012084770298975448,-0.0033180408802327196
832,2748,2258,0.009565987599645704,0.011276119387605135,0.008786966754155419,-0.0027900797165633312,0.005386426947173602,0.0011265142960014552
833,2748,2294,0.007672188317349608,0.009110580405071962,0.006839010902754802,-0.003356582388840453,0.003288507471815521,-0.0009189948288092033
834,2748,2246,0.013357079252003561,0.010604059058461169,0.009433742613318643,-0.004630454140694568,0.0037602768474384674,-0.0015723427754078779
835,2748,2279,0.012373848179025888,0.009321263371650002,0.00527264418586334,-0.0006143045195261086,0.006058971238522848,-0.0014472019016338491
836,2748,2251,0.003820524211461574,0.005619228463922859,0.0017591189368267393,-0.00693025322079076,-0.0018684490459356569,-0.005909426687196224
837,2748,2302,0.007558644656820155,0.003771507345774072,0.005290249809653952,-0.0010860121633362299,0.0015556597496442113,4.371542109766857e-05
838,2748,2273,0.007831060272767268,0.010317554796233447,0.005691534560477795,-0.004707435107787066,0.0017154750636972523,-0.003139918332362526
839,2748,2266,0.011297440423654015,0.008491507053028102,0.003877643551843601,-0.00264783759929391,0.0029216475080060277,-0.004351868116586759
840,2748,2286,0.012248468941382326,0.011499898620850907,0.006708786186897126,-0.0022309711286089243,0.005512107713174819,-0.0011805012753675459
841,2748,2287,0.009794490599038043,0.010264525952894657,0.007189800301213148,-0.005859204197638829,0.000725894341477449,-0.0027757464673060397
842,2748,2262,0.003448275862068966,0.006676899509219275,0.0008632744925875652,-0.006675508399646331,0.002927671711821191,-0.005510503005595455
843,2748,2251,0.011905819635717458,0.007672621986473372,0.009139877823596888,-0.0014215904042647709,0.007829721555355022,0.0016866759548505327
844,2748,2321,0.006204222317966393,0.002913085739384194,0.0022340783742781684,-0.0025420077552778977,0.00034023313764667076,-0.0028094428468938455
845,2748,2285,0.010940919037199124,0.008785916201100129,0.00971815624521426,-0.005864332603938731,0.0002549945205181246,-0.0017275355909378432
846,2748,2249,0.008270342374388616,0.007345171657497605,0.0066991217926968705,-0.0028457092040907093,0.002721830203372125,-0.0005366130555082055
847,2748,2257,0.006291537439078423,0.006519465777490704,0.004764188113209154,-0.007266282676118742,0.0002281428046415711,-0.004010112903553192
848,2748,2281,0.008855765015344148,0.0020440317613017994,0.004497773899845873,-0.0038579570363875488,0.003637365139676064,-0.0023146789176210986
849,2748,2285,0.008052516411378557,0.008808224833012891,0.0056567932596963575,-0.005470459518599562,0.002964288978964476,-0.0028263022725736
850,2748,2234,0.009668755595344674,0.008814924650874339,0.006038086979366804,-0.0023724261414503132,0.0014573783217868795,-0.001888758148781572
851,2748,2257,0.00762073548958795,0.005281095456093597,0.004440207310451042,-0.0070890562693841416,0.0007880725734078174,-0.004550890705965215
852,2748,2298,0.007484769364664927,0.006693778697870385,0.0017817553279662027,-0.005744125326370757,-0.00017170447291181014,-0.005975977568078457
853,2748,2277,0.002459376372419851,0.005127543603843446,-0.0007190421141357872,-0.005753184014053578,0.0002925586861737561,-0.0059564564685788655
854,2748,2316,0.01226252158894646,0.007433103819985955,0.00908083389719978,-0.003065630397236614,0.00046348055057358607,-0.0010511537302274547
855,2748,2299,0.013136146150500218,0.010372069272833073,0.009343953245648847,-0.004219225750326229,0.004309006718849308,-0.0006976974890650426
856,2748,2270,0.006872246696035242,0.010533913820738035,0.006144760361081635,-0.00484581497797357,0.0029483873068515323,-0.0010791768282592906
857,2748,2255,0.00762749445676275,0.0074021202855018885,0.004126766230584979,-0.005853658536585366,-0.0009660032642544371,-0.0047381143519953615
858,2748,2266,0.011032656663724626,0.010897801612614192,0.007039921147206154,-0.0030450132391879985,0.004982821005015203,-0.0016004501810122456
859,2748,2273,0.005719313682358118,0.008018709653053893,0.004946959451896924,-0.003123625164980203,0.0030380580811572933,-0.000522180281640636
860,2748,2319,0.008193186718413108,0.008694353237126948,0.004032301088364131,-0.0032341526520051744,0.0017572423452918797,-0.0035157182681487802
861,2748,2266,0.012974404236540157,0.007817994638728792,0.01059869976240413,-0.0037511032656663734,0.00033123566333378036,-0.0008015972950780695
862,2748,2284,0.012171628721541157,0.004500518027843227,0.00924714432971031,-0.0012697022767075318,-0.0012770668577279246,-0.00036801604612340195
863,2748,2302,0.01198957428323197,0.009425124337803587,0.008786693460662765,-0.0016941789748045179,0.00257337630631636,-0.00020854100060367897
864,2748,2292,0.006719022687609076,0.008266726224310277,0.0032486790602011656,-0.005104712041884818,0.0026445286778745583,-0.004438027293111246
865,2748,2264,0.009628975265017669,0.009455304964655539,0.006058107234741282,-0.0033568904593639574,0.0047748609286572844,-0.0014592611028990798
866,2748,2302,0.008601216333622937,0.008896025798991618,0.007345510131505045,-0.0021285838401390103,0.00459061968835633,0.0005524400025441722
867,2748,2252,0.009591474245115453,0.008667921649743707,0.004793172549269134,-0.005550621669626998,0.00034735530161063706,-0.005032974877832856
868,2748,2252,0.009413854351687389,0.008174315993228501,0.006709784343335747,-0.0028419182948490234,0.003855642807034793,-0.0012647734110068436
869,2748,2300,0.00782608695652174,0.004740832005695406,0.00302079495466039,-0.006304347826086956,0.0013530671606032001,-0.005383692242684678
870,2748,2283,0.0077967586508979414,0.008270999494829836,0.004453215294649384,-0.005081033727551468,0.0019876033357276654,-0.003981489113686854
871,2748,2278,0.0038630377524143987,0.004698049234330469,0.0019050613816735027,-0.0028533801580333633,-0.0002540398636191451,-0.002593367591580668
872,2748,2303,0.013721233174120712,0.010586954228999712,0.010394083546378692,-0.0019539730785931393,0.006661036457974433,0.001598257531501249
873,2748,2277,0.009398331137461571,0.006736942214994618,0.006276026973877348,-0.0035133948177426444,0.0007401218149750833,-0.0024472839825623043
874,2748,2262,0.014500442086648982,0.00940182896059014,0.009584411049441842,-0.0027851458885941646,0.002782323075510185,-0.0010438994409839887
875,2748,2270,0.00881057268722467,0.007073952691944318,0.0053032653360791,-0.0034801762114537445,0.0017350238019263038,-0.0027036922604318915
876,2748,2305,0.012060737527114968,0.009120515546205238,0.007760993059112107,-0.0010845986984815625,0.002455420386704541,-0.0002553320092407012
877,2748,2296,0.00897212543554007,0.00903963774867396,0.008128476286874731,-0.005662020905923344,0.0012604612922653448,-0.001919213389016963
878,2748,2295,0.00505446623093682,0.007967108326143339,0.004587912678363991,-0.004095860566448801,0.0025024591913733046,-0.0010360961181069275
879,2748,2265,0.011567328918322297,0.010417354512251205,0.007362254007283798,-0.006578366445916115,0.0015627109034722407,-0.004587848495445961
880,2748,2288,0.010576923076923078,0.010207024246910796,0.011059279734467483,-0.006031468531468531,0.00011884813022288538,-0.000933380403162548
881,2748,2280,0.006842105263157894,0.006727191140833985,0.003900963197898442,-0.0077192982456140355,0.0027944174591334222,-0.005263873581681486
882,2748,2272,0.011003521126760563,0.007298617093113887,0.007250562010842835,-0.002464788732394367,0.004943947668267155,-0.001052608864090159
883,2748,2309,0.009008228670420096,0.008572715370834247,0.005582212503886809,-0.0031615417929839753,0.0027879829666090806,-0.0023702260642341814
884,2748,2262,0.006542882404951371,0.008664190374203986,0.004536064402855286,-0.007471264367816091,0.003094985278300864,-0.004454340066145731
885,2748,2264,0.006272084805653711,0.0067766111715409395,0.00456982115914699,-0.0032243816254416955,0.0024781787247652406,-0.0016163659146909905
886,2748,2295,0.008714596949891068,0.008317687072898816,0.006874963592191955,-0.003877995642701526,0.004084957308210961,-0.0008657828472421014
887,2748,2282,0.007099035933391763,0.004620819804828259,0.003092520846605771,-0.0012269938650306751,0.004656583194788684,-0.0012819274329862382
888,2748,2268,0.006613756613756613,0.006245473959005379,0.0024522467113841377,-0.000970017636684304,0.0032782889918273076,-0.001757739545015312
889,2748,2256,0.012499999999999999,0.008139709255508904,0.009186722402091656,-0.0003546099290780145,0.0019879736559508497,0.0008972575254746115
890,2748,2264,0.008303886925795052,0.007141877912050799,0.005698119944989969,-0.0030035335689045945,0.0020667388812507454,-0.002012241496691122
891,2748,2290,0.011266375545851528,0.010051905703924155,0.008336986465475373,-4.366812227074143e-05,0.006716236530528675,0.0017493661393583352
892,2748,2263,0.005832965090587716,0.0067290932755983,0.0021559629828153404,-0.00481661511268228,0.0011614147641752684,-0.00406158459663414
893,2748,2289,0.004892966360856269,0.0038699541919523153,0.0009441383745351994,-0.00581039755351682,0.00022899940700006708,-0.005676969371161609
894,2748,2270,0.005814977973568281,0.0005468320984031999,0.0003585003146891127,-0.004317180616740088,0.0006186576080947268,-0.005591695436823173
895,2748,2277,0.012911725955204215,0.008879974558625853,0.008610008797644494,-0.004699165568730787,0.00398536027334849,-0.0019711022409689143
896,2748,2266,0.010856134157105032,0.00816418105573665,0.00831634437353606,-0.004545454545454546,0.0019370432664439592,-0.0015604789476168078
897,2748,2258,0.005845881310894596,0.008768357842869955,0.0016249803599760122,-0.005801594331266609,0.0005961072459942154,-0.005874668498375242
898,2748,2270,0.006079295154185022,0.008964681268847065,0.004980131584039224,-0.0061233480176211465,0.0024097237163219812,-0.003269590113866199
899,2748,2265,0.008918322295805737,0.007515559588977352,0.0038717719844520247,-0.006048565121412803,0.0016120006048124318,-0.0053269302571385515
900,2748,2274,0.008355321020228672,0.008343084922052865,0.007743646833139525,-0.005584872471416006,0.0060965630858165,-0.00036660184300031006
901,2748,2304,0.0040798611111111105,0.005350110455447768,-0.0002068717497755066,-0.00368923611111111,0.0037557958553087792,-0.004102372730847627
902,2748,2241,0.0033020972780008926,0.006978873512969868,0.003482369838338779,-0.004060687193217315,0.003119863824168024,-0.001102765969842918
903,2748,2243,0.008827463218903256,0.0107123375770327,0.007130427041932654,-0.0024966562639322336,0.006763271330158553,0.0005894066457992467
904,2748,2282,0.0008764241893076255,0.003498826645946523,-0.0012321780433371449,-0.004995617879053463,0.0005998465895250854,-0.005329255356463796
905,2748,2293,0.008809419973833407,0.01019947793807015,0.006339243594066665,-0.002834714348015699,0.004134544504710608,-0.0008993700371628604
906,2748,2277,0.0047430830039525695,0.006197262969744868,0.0025837808074458454,-0.0037768994290733426,0.006333477132254323,-0.001543666397860767
907,2748,2287,0.009182334936598164,0.007002299146000495,0.005943922318153228,-0.0030607783121993884,0.0030142142494195517,-0.0010566711567850896
908,2748,2276,0.011775043936731108,0.010084470586342794,0.006890224559982057,-0.004876977152899825,-9.414880506127034e-05,-0.0035756232344101415
909,2748,2273,0.0086229652441707,0.007602314584304964,0.006434248167894799,0.00021997360316762047,0.0065781028460026375,0.0019441669659485226
910,2748,2248,0.007295373665480428,0.009547187978532972,0.004630095838371097,-0.0044039145907473305,0.0027155281422048786,-0.0024600599346739334
911,2748,2311,0.01237559498052791,0.010595569003843928,0.009300382875898489,-0.0036347901341410656,0.004282641958709213,-0.0006039867979447325
912,2748,2244,0.006951871657754009,0.008422493072416522,0.003851872879122347,-0.009893048128342248,0.0010252542487809372,-0.00675836792012299
913,2748,2266,0.0088261253309797,0.005959698883772514,0.005488140929484829,-0.0013239187996469549,0.003516520274224338,-0.00043364627630860744
914,2748,2254,0.01064773735581189,0.010741145022564656,0.007934590826246207,-0.001153504880212955,0.006797096375034907,0.0013361494872766006
915,2748,2252,0.009769094138543518,0.00817101675043518,0.005806128049454223,-0.004529307282415631,8.433553007420194e-05,-0.003239788139954153
916,2748,2294,0.0032258064516129032,0.005991579839506504,0.0013349919864053452,-0.005231037489102005,0.003199973686365317,-0.0036118010432859703
917,2748,2282,0.008326029798422436,0.010465622446294485,0.006421003590841105,-0.0024978089395267314,0.0038578414094890246,-0.0010009023680491022
918,2748,2297,0.003918154114061821,0.004853999511437453,0.005348635059161495,-0.00783630822812364,-0.0005358214755742059,-0.003641837401905639
919,2748,2261,0.010703228659885008,0.011766306786134587,0.00840975772321324,-0.0017691287041132254,0.0064596489110332325,0.0007535881712039312
920,2748,2295,0.007930283224400871,0.008656305112242167,0.006014882835512767,-0.004444444444444445,-6.45456671983632e-05,-0.0027303706912500166
921,2748,2252,0.01216696269982238,0.012057606839012042,0.010688993311464928,-0.004928952042628775,0.00021183715119248354,-0.0010404306321578178
922,2748,2289,0.008038444735692441,0.009405143530612005,0.004705774534776782,-0.0060288335517693315,0.0037871767647272283,-0.004030105777402244
923,2748,2271,0.0048436811977102595,0.003612333263173951,0.0024112592303443103,-0.005900484368119771,0.00027649673247080454,-0.0043036610211944736
924,2748,2284,0.009632224168126095,0.009095573557431838,0.005952010260452685,-0.0045534150612959725,0.0004570327866310438,-0.003039585351787631
925,2748,2278,0.010184372256365233,0.00850424188412652,0.008314657100811211,-0.003555750658472344,0.004750846327291303,-0.0004746546958470792
926,2748,2287,0.011893310013117619,0.009314132693206353,0.007554801986118808,-0.002492348054219502,0.0035772707490734188,-0.0013480308015129641
927,2748,2305,0.007635574837310196,0.008257047729059351,0.006451951431307554,-0.004468546637744037,0.003547594921659117,-0.000930082414869577
928,2748,2276,0.007644991212653778,0.006223339557208959,0.005557697202829751,-0.00421792618629174,0.0019541218377675524,-0.002177559323492926
929,2748,2259,0.009296148738379814,0.007313428289522895,0.0036724831885476205,-0.003939796370075255,0.0023365975803848423,-0.004255313747645227
930,2748,2287,0.008570179274158287,0.008319380051791591,0.0063936733777702325,-0.002536073458679493,0.004291160904638926,-0.00035899286276136293
931,2748,2289,0.010310179117518567,0.010150469458994232,0.009058374141411077,-0.0040192223678462225,0.0026922729926906943,-0.00014822718534012542
932,2748,2268,0.010493827160493827,0.008639058555021206,0.0057747647682598454,-0.004276895943562611,0.001700534248320306,-0.0033445831373613098
933,2748,2269,0.010401057734684884,0.012251111514635066,0.005972690185967679,-0.005420890260026443,0.0027724546691883754,-0.004147964220585437
934,2748,2264,0.006537102473498234,0.008292453890332025,0.005324570067970902,-0.004858657243816255,0.0014393094200390601,-0.0025572303659514594
935,2748,2287,0.007083515522518583,0.009528660745451358,0.003914014607363285,-0.0026672496720594684,0.005424703386215963,-0.0012616985474846187
936,2748,2257,0.007975188303057155,0.0075718153462854135,0.006408226081289341,-0.005626938413823659,0.002509662124648516,-0.0026155458298932647
937,2748,2263,0.008484312859036678,0.006092431846992355,0.006490332314436548,-0.0029164825452938593,0.002693861783303502,-0.0008986144728737352
938,2748,2241,0.0021419009370816614,0.006915049519538408,-0.0009700981534442872,-0.007005800981704596,0.0043852749493007185,-0.005755012926054534
939,2748,2262,0.00618921308576481,0.005172004674016555,0.0017267387702276098,-0.003492484526967284,-0.0006990633076235565,-0.004563573095364217
940,2748,2260,0.009734513274336283,0.01419359148067284,0.008632087935003885,-0.0037168141592920346,0.005202612357580421,-4.0610926104641766e-07
941,2748,2281,0.00526085050416484,0.0070816027040720994,0.001368300060194815,-0.004164839982463832,0.0038275583858929504,-0.002976261041110967
942,2748,2263,0.003977021652673442,0.008305586738004966,0.004224443856837191,-0.00543526292532037,0.002000890892041115,-0.0023682412419154327
943,2748,2280,0.012105263157894737,0.010169114291345104,0.011157917493712444,-0.0007456140350877196,0.007482584878038295,0.003507149438537189
944,2748,2277,0.007817303469477385,0.0076452287657977095,0.007375878472052354,-0.003293807641633728,0.0024679199330329008,-0.0003319760568518116
945,2748,2265,0.00988962472406181,0.007168279299453837,0.005627142446712045,-0.004944812362030906,-0.0002133954456274358,-0.003697084240579541
946,2748,2301,0.0074750108648413745,0.008231257433460587,0.004398653183066895,-0.0026510212950890915,0.0020881706672528765,-0.0025824589536949873
947,2748,2301,0.010343328987396786,0.008737065760501872,0.006123457582562243,-0.0013472403302911787,0.00402473593497064,-0.0006382252909442004
948,2748,2297,0.0053983456682629525,0.006444581081489092,0.0024057651839493894,-0.003831084022638224,0.0006000254382749349,-0.00395497580726096
949,2748,2237,0.009834599910594547,0.007498137495826308,0.006821912720112141,-0.004023245417970495,0.0017351229545608943,-0.0016913879227901957
950,2748,2323,0.007576409814894534,0.004870699797035927,0.005209574384074116,-0.0022384847180370207,0.004471865468695162,-0.0001204896178727011
951,2748,2291,0.007158446093408993,0.0055188400700447665,0.003740015257139728,-0.0054997817546922735,0.001973384383957945,-0.0038174162159377786
952,2748,2263,0.012903225806451611,0.008128145490147634,0.0065358268456597035,-0.005435262925320371,0.003054369642087226,-0.00394906771654138
953,2748,2235,0.014049217002237135,0.008993545106221192,0.011145635308161914,-0.001879194630872484,0.002954176027260851,0.0007661162272430934
954,2748,2316,0.00854922279792746,0.009280695364813922,0.006690298086499169,-0.002374784110535405,0.002371666863435897,-0.0007459098009633981
955,2748,2276,0.014059753954305802,0.009529384938179352,0.013198555129001067,-0.003295254833040421,0.0014353893296200674,0.001104772130487043
956,2748,2270,0.009779735682819382,0.010313913358137297,0.006524433417782192,-0.004317180616740088,0.0017556372519885069,-0.0035644718853793827
957,2748,2286,0.007349081364829396,0.005109180770651739,0.005308627906810732,-0.0017497812773403336,0.0024114263015658473,-0.0005799353816182981
958,2748,2242,0.008296164139161464,0.006927641924672636,0.0061630346991490385,-0.002185548617305978,0.0030153730132448527,-0.0009556788700808474
959,2748,2283,0.00788436268068331,0.01014812286917263,0.00340481689319976,-0.0001752080595707404,0.005587065796864658,-0.0008963126220393862
960,2748,2293,0.01814217182730048,0.009207441229186172,0.01519212735926022,-0.0013955516790231132,0.0007691238752197372,0.0017762190784527565
961,2748,2269,0.01154693697664169,0.01067480049980825,0.009118998164707518,-0.00237990304098722,0.0033167396627125896,-0.00038368567969891454
962,2748,2250,0.006577777777777778,0.004511968315110248,0.002649250956932204,-0.0030666666666666663,0.0014362647182611524,-0.00360418962665745
963,2748,2241,0.012048192771084338,0.010875803807036122,0.00901935837782715,-0.005533244087460954,0.0019867656342851397,-0.0023850915249025973
964,2748,2315,0.005788336933045356,0.007953998538726519,0.003381043176800571,-0.002116630669546436,0.007661357890318556,-0.0007875133033659249
965,2748,2302,0.011033883579496091,0.008917580581402011,0.009667183480556514,-0.0037793223284100785,0.0030919952047104536,-0.0004157068544404421
966,2748,2272,0.008098591549295774,0.006865625184766084,0.005739525051103671,-0.005721830985915494,0.002016073028221561,-0.0032866530130742136
967,2748,2238,0.010366398570151923,0.009975734079546281,0.00778976716673229,-0.005585344057193921,0.002724217415189672,-0.002589389483565133
968,2748,2291,0.0048886948930598004,0.006746096238502573,0.0032872316910410337,-0.0007856831078131833,0.003595927561801971,0.00030853636924225514
969,2748,2244,0.00909090909090909,0.007165494723458904,0.0025279286741435956,-0.004411764705882354,0.0025099972024658877,-0.004974975461241701
970,2748,2316,0.004404145077720208,0.008520082492536163,0.0035640692024637836,-0.003238341968911917,0.0031523256136347833,-0.0014570716900265124
971,2748,2284,0.005516637478108582,0.007348149888401504,0.003260971592578408,-0.0062171628721541155,0.0010885667704896797,-0.004556928579274082
972,2748,2313,0.009252053610030264,0.006801893815098367,0.002039176530643082,-0.0038045827929096407,0.006055673962659012,-0.004378416473641083
973,2748,2284,0.010683012259194397,0.008067845296487559,0.009988100713780982,-0.005253940455341505,0.0019866256074078424,-0.0009298254373726246
974,2748,2257,0.005582631812140009,0.005163970052661612,0.0018523637823671336,-0.0051838723969871514,0.0007990341125620215,-0.0045354609640133525
975,2748,2265,0.007152317880794702,0.007256492464242662,0.004037196653654574,-0.0021192052980132446,0.003509215957525319,-0.001805661340073287
976,2748,2302,0.004604691572545612,0.007980024171716242,0.000545808145546394,-0.006646394439617724,-6.147140585872531e-05,-0.007008636870023984
977,2748,2300,0.007478260869565217,0.005726613444591238,0.004009419388232519,-0.0028695652173913043,0.0016989599246632577,-0.0026643835576447197
978,2748,2277,0.007114624505928855,0.006298572873688562,0.003840771206700912,-0.003996486605182256,0.003873562593148296,-0.0028238432941563485
979,2748,2260,0.012654867256637167,0.008312318332401876,0.008762234451955746,0.0008849557522123887,0.004069036855347598,0.001633584714092903
980,2748,2289,0.010572302315421582,0.00872112170535501,0.00823068842189529,-0.005897771952817825,0.001742749084605864,-0.0023213775835439427
981,2748,2300,0.008173913043478259,0.007089905200921297,0.004510460146995119,-0.0026521739130434797,0.004109276335976616,-0.0018603385033185193
982,2748,2309,0.00874837592031182,0.007340461822583487,0.004937890071128822,-0.005543525335643136,0.00013540362781069623,-0.0040311699738996435
983,2748,2317,0.01044454035390591,0.010079217937858077,0.008967090404944983,-0.001337936987483814,0.006712928105525637,0.0020796635098968685
984,2748,2264,0.0053886925795053,0.0066531676922252266,0.003083286768986781,-0.0037102473498233234,0.004954511917645086,-0.002431078182820413
985,2748,2235,0.010917225950783,0.006892440562291529,0.008497057425710629,-0.003937360178970917,0.0011948590625128661,-0.001083810590844506
986,2748,2263,0.009191338930623065,0.00758695013500369,0.005376168916071952,0.0003093239063190452,0.005158217152705391,0.0006193537737400349
987,2748,2286,0.006649168853893263,0.008892596371180785,0.005161151246173025,-0.004811898512685915,0.003986738220316675,-0.00200731248256512
988,2748,2273,0.00827100747910251,0.00801650298438472,0.005964441255074034,-0.0067311922569291685,0.00043839960188284035,-0.004399859069786519
989,2748,2256,0.011170212765957447,0.01496377753204823,0.006755815026934312,-0.007668439716312058,-0.000928185522840977,-0.006014249441218682
990,2748,2265,0.004591611479028698,0.007347960530490845,0.0032982764623689493,-0.003090507726269315,0.003640508205474665,-0.0010020174309151198
991,2748,2285,0.006477024070021882,0.006395407338377725,0.0066763492596247235,-0.007746170678336981,0.003225999668489485,-0.0024676419693243235
992,2748,2269,0.010312913177611282,0.009144337945837026,0.006461881609914086,0.0007051564565888057,0.003649389090675997,-0.0002052422226535529
993,2748,2298,0.009312445604873803,0.009029670673560367,0.008235242521963625,-0.002654482158398609,0.0038733413253214397,0.0005636925410177792
994,2748,2261,0.007607253427686864,0.007678780387855155,0.004381392491454701,-0.0020344980097302084,0.0029661370512160576,-0.0016230269856923234
995,2748,2281,0.008680403331871988,0.009172023621868511,0.005300569430833271,-0.003463393248575187,0.004139215754599004,-0.002120329125127282
996,2748,2204,0.007441016333938294,0.005559548792767365,0.003747489085078408,-0.003947368421052631,0.0012748812403759044,-0.0031016304413740274
997,2748,2280,0.009298245614035089,0.008162282978165163,0.004996727119768137,-0.0014912280701754389,0.0034074899497011407,-0.0012316353106578714
998,2748,2271,0.009158960810215763,0.012060543135865003,0.009216952017086305,-0.0029942756494936154,0.0034817115111776165,0.0006945908375391685
999,2748,2253,0.011273857079449622,0.00784338829627055,0.00812042515714913,-0.000399467376830892,0.0029524957263857223,0.0013163913012898723
1000,2748,2285,0.0035010940919037213,0.004560105685251966,0.0029969988691006064,-0.0045076586433260395,0.004135916805968267,-0.0023349654350175507
1001,2748,2257,0.007266282676118741,0.009115342705110394,0.004865910222886823,-0.005981391227292867,0.0007413966115998336,-0.004178262022046155
1002,2748,2250,0.004977777777777779,0.007786698766098111,0.0013886984119355847,-0.004,0.005495306995378045,-0.003106241635994062
1003,2748,2300,0.00982608695652174,0.007550629556296543,0.00744980937574575,-0.0036521739130434784,0.0030553646854923648,-0.0009786282207671717
1004,2748,2285,0.0055142231947483585,0.006614202657818412,0.0012576020852903,-0.005339168490153173,0.0010060837860000815,-0.005160564722119849
1005,2748,2253,0.013936972924988904,0.011310953314711075,0.013106516299125572,-0.0014203284509542835,0.00331550972380782,0.0028314075673426522
1006,2748,2289,0.006989951944080384,0.006474090822630097,0.004812363727866762,-0.0036260375709916983,0.002901035723089969,-0.0021001993029679325
1007,2748,2273,0.005279366476022875,0.006304862368811959,0.00236218139590438,-0.005939287285525737,0.00102013707497529,-0.005052893960283232
1008,2748,2290,0.010131004366812227,0.007107256531272964,0.006426986165418637,-0.004628820960698689,0.0013482336932823344,-0.0031616053240923316
1009,2748,2284,0.006129597197898425,0.0052670453341409134,-0.0001407469347627677,-0.00595446584938704,0.0005498559946875417,-0.006966023068952837
1010,2748,2291,0.008380619816673941,0.008131154217109901,0.005891727889417243,-0.006198166739415103,0.0021273173115360965,-0.0034971000462375975
1011,2748,2277,0.006411945542380326,0.006294919152115034,0.004759480920220179,-0.0023715415019762848,0.004281111181618341,-0.0003809528716005359
1012,2748,2246,0.010507569011576134,0.008186033179130362,0.005028553250671326,-0.003339269813000891,0.001316949018850457,-0.003087474321487945
1013,2748,2252,0.010390763765541742,0.009239155743323025,0.007612113562563283,-0.001998223801065719,0.0032008208583998434,-0.00034089440931643026
1014,2748,2286,0.007086614173228348,0.008707499129350264,0.0019560733899717177,-0.001749781277340333,0.003153041122089205,-0.0030555636435833883
1015,2748,2266,0.010061782877316858,0.00708718196561083,0.010156356150507176,-0.0005295675198587819,0.00499752923385101,0.0031551305732324146
1016,2748,2266,0.009090909090909092,0.013241034583464815,0.0046279395148342145,-0.0052074139452780235,0.0020495850323979034,-0.004649600525666441
1017,2748,2284,0.01138353765323993,0.011752982429895663,0.007764651199284298,-0.002583187390542908,0.00426306659036819,-0.0013938549222478071
1018,2748,2257,0.01081081081081081,0.010878847677431127,0.00878810994869779,-0.008108108108108109,-0.000274916020447018,-0.0037592653655939643
1019,2748,2290,0.010305676855895196,0.00640177769323122,0.004945426372716118,-0.005065502183406114,0.000538680169446247,-0.004693269845790069
1020,2748,2234,0.0068039391226499555,0.006176082025195036,0.0015811298370707935,-0.005147717099373321,0.0004816454255164152,-0.0061119651080611135
1021,2748,2270,0.0075770925110132175,0.009034494672098173,0.00668695241573658,-0.0010132158590308365,0.004363407632629799,0.0010141973695768857
1022,2748,2278,0.01009657594381036,0.012000157721349939,0.006351118457741278,0.0005267778753292365,0.006913394547358176,0.0013357725580533516
1023,2748,2322,0.009302325581395349,0.006958722938771045,0.008060519426457973,-0.001507321274763136,0.004270580215147025,0.0010754530557848302
1024,2748,2288,0.012150349650349649,0.007580396885358462,0.008519372674879233,-0.004108391608391608,0.00021863639517179874,-0.002343846418835113
1025,2748,2278,0.01106233538191396,0.007497884943129452,0.005975311476508472,-0.003906935908691835,0.002078551749675085,-0.0033489075285505427
1026,2748,2274,0.013544415127528584,0.008643086059420565,0.010259924302135688,-0.0003957783641160955,0.0036628710318658705,0.0017724416143073817
1027,2748,2267,0.00494044993383326,0.0038435203128375423,0.000935288097459728,-0.0023378914865460967,0.0024709324684761484,-0.0033845145662243234
1028,2748,2264,0.0057420494699646635,0.006360026750924448,0.0003362399363048765,-0.005830388692579505,0.00034467031305934325,-0.006910464949922976
1029,2748,2290,0.006812227074235807,0.004986240097655843,0.002793914134399403,-0.003886462882096071,0.0014256864855324998,-0.003845000865629178
1030,2748,2275,0.010285714285714287,0.0076865189506219326,0.007079462643789967,0.00017582417582417482,0.007527010735241162,0.0015843376185526005
1031,2748,2293,0.007152202354993458,0.006200992714730333,0.0035166705078634067,-0.0037941561273440905,0.0027006308236711104,-0.0026850087219603214
1032,2748,2306,0.007198612315698178,0.005590393402440049,0.00570386969504627,-0.003772766695576756,0.0019679539502968366,-0.0009513498855612787
1033,2748,2294,0.010113339145597209,0.008894329822893203,0.008566181181993862,-0.006146469049694855,0.0017655827360993671,-0.0025807658684476264
1034,2748,2250,0.014933333333333331,0.00828840032809584,0.01038135853144901,-0.004666666666666667,0.0025088180250295035,-0.0019085229621564398
1035,2748,2290,0.007161572052401746,0.007722814702044507,0.008106843106481718,-0.004366812227074236,0.0024197611794973908,-0.00037598483699397776
1036,2748,2280,0.012456140350877193,0.010841457603955995,0.00985881630038114,-0.002982456140350877,0.003518270253569812,0.00019777375384494983
1037,2748,2339,0.004189824711415134,0.0041450353530125,0.00021516643453965318,-0.0024369388627618637,0.0008924560577107049,-0.003949279060574389
1038,2748,2280,0.0106140350877193,0.011212857986754057,0.006942036599702948,-0.005263157894736842,0.0012555958482360836,-0.004128735457575028
1039,2748,2235,0.008501118568232663,0.009293039959454508,0.004510165480217302,-0.0022818791946308736,0.0031440950821204345,-0.0018679563391033654
1040,2748,2235,0.00697986577181208,0.006086470668364947,0.0036288327118141955,-0.004921700223713647,-0.00023995448813943004,-0.004044626444645843
1041,2748,2287,0.010494097070397902,0.008662236341538518,0.008684886870964225,-0.0037166593790992583,-0.00016259218711289498,-0.0014058611930410259
1042,2748,2265,0.010331125827814569,0.009648099384006341,0.009362759781588943,-0.004061810154525387,0.003594824592130224,0.0005691985326951539
1043,2748,2260,0.006814159292035399,0.005260455672829763,0.0030117218173080604,-0.0041150442477876125,0.0010961402018782396,-0.0043640791171877455
1044,2748,2269,0.008285588364918469,0.009124903741660088,0.006471586146165261,-0.005905685323931246,0.0003406338262085128,-0.003136804780965563
1045,2748,2265,0.011567328918322295,0.009481591225992729,0.008146320675269925,-0.004635761589403975,0.004093101484648838,-0.0020298769354947007
1046,2748,2274,0.012313104661389622,0.008941480257076825,0.007716748615696428,-0.003078276165347406,0.001021873110734234,-0.0019006600218655053
1047,2748,2255,0.004079822616407983,0.005259463436315067,0.004116677070326449,-0.006252771618625278,0.002081484179107983,-0.0029119497465309643
1048,2748,2312,0.007525951557093425,0.005927114300573436,0.005813057559718235,-0.002292387543252595,0.0022691759211797115,-0.0005238397289707126
1049,2748,2241,0.006514948683623383,0.007636811444861973,0.00438689374998826,-0.002677376171352075,0.004840962277769909,-0.0008867534068990029
1050,2748,2277,0.006851119894598156,0.00853456687419673,0.003365641256741755,-0.0038647342995169103,0.003789563689042871,-0.0035694164690834723
1051,2748,2226,0.010422282120395329,0.01001550222388559,0.008219074738902248,0.0003144654088050311,0.007321227680503479,0.0028561159293078136
1052,2748,2314,0.00648228176318064,0.00548421127169474,0.0029789050070472625,-0.003370786516853933,-4.909396851725713e-05,-0.0033433134907640788
1053,2748,2298,0.012793733681462138,0.007551853907235531,0.009134363727861387,-0.0020887728459530013,-4.661733252984355e-05,-0.0004456673117900568
1054,2748,2280,0.010789473684210528,0.009988639609124609,0.0069920180069549115,-0.0016228070175438596,0.00439411921260582,-0.0006204797725077545
1055,2748,2298,0.003655352480417753,0.004650715498436535,0.0009665018608092604,-0.0032637075718015664,0.0025753714934425268,-0.0034925540461558124
1056,2748,2283,0.009636443276390714,0.010353896373997655,0.006528454457618518,-0.004818221638195356,0.004337222042034269,-0.002120827711329309
1057,2748,2274,0.009410729991204927,0.0077401952373257555,0.006872677762756071,-0.002902374670184697,0.0031275697248507152,-0.0011450596184893883
1058,2748,2260,0.007787610619469026,0.00572676862358372,0.006214381266952622,-0.0054867256637168155,0.00014832812485262472,-0.002677232455399645
1059,2748,2271,0.004315279612505504,0.0036242596745386948,0.000888266960853975,-0.004271246147071774,-0.0001420856027942417,-0.004309559657227652
1060,2748,2273,0.007215134183897933,0.006758357165522199,0.0032573365743076383,-0.0038715354157501103,0.0015941046691816275,-0.0031941724070937054
1061,2748,2274,0.011345646437994725,0.010604912319764823,0.008574342674809863,-0.00554089709762533,-0.0002978233049612793,-0.0029756585687974336
1062,2748,2276,0.010369068541300527,0.010090105597696379,0.0081572157240669,-0.0018453427065026364,0.0020112919234530346,-4.5644366788197456e-05
1063,2748,2275,0.0027252747252747263,0.004977535461571076,0.0018661649582054388,-0.009846153846153845,-0.0027694463349116735,-0.0076763993536725856
1064,2748,2263,0.01166593018117543,0.009556355883277258,0.0068693510683792,-0.005921343349536014,0.003337928479531399,-0.0035412510830642213
1065,2748,2259,0.009030544488711819,0.00615084578562237,0.0029913082224237047,-0.00420540061974325,-0.0004217657264595368,-0.005645728429833729
1066,2748,2277,0.007202459376372421,0.006251129957981599,0.006051179741736212,-0.001976284584980237,0.004308232040626731,9.576895311411969e-05
1067,2748,2287,0.006733712286838655,0.008899807234885352,0.00282746936542164,-0.0031045037166593796,0.0036291677326532753,-0.002923239601961722
1068,2748,2309,0.008401905586834128,0.008537270130110105,0.002983169225313167,-0.0035080121264616706,0.0018390161309703704,-0.004186168573113338
1069,2748,2292,0.01099476439790576,0.009475845447268507,0.008438313458396476,-0.006413612565445028,0.0015077977570683947,-0.0031984648527536184
1070,2748,2267,0.009969122187913543,0.008989543661471856,0.004719966143377073,-0.0012792236435818268,0.003865270567583484,-0.0019285073634513464
1071,2748,2291,0.007856831078131819,0.007965369919112572,0.004634774501213883,-0.005237887385421213,0.0008117743300770701,-0.004111795883449624
1072,2748,2249,0.010137839039573143,0.004511393278276996,0.009008421613531326,-0.0055580257892396635,-0.0002606495231828569,-0.0011716490541982133
1073,2748,2304,0.0072048611111111115,0.007802875523156709,0.0025217203061372985,-0.003993055555555555,0.0022263250682364438,-0.004582668154550601
1074,2748,2257,0.012051395657953037,0.009510392598322783,0.009384057838233257,-0.007532122286220647,-0.0014424327951543796,-0.003517889634160695
1075,2748,2246,0.005877114870881567,0.006192401714457858,0.004645540420697824,-0.00427426536064114,-0.0004086624925147632,-0.0024900062531121405
1076,2748,2284,0.009194395796847636,0.008647108143622571,0.006449951003579087,-0.0038966725043782847,0.00484064525574725,-0.0012148666450474094
1077,2748,2281,0.005874616396317404,0.005012850959502867,0.0014949495063257855,-0.004384042086804033,-3.0793726565982742e-06,-0.00500172219369695
1078,2748,2274,0.00474934036939314,0.008652262675836552,0.0033150688186923062,-0.004221635883905014,0.004518868669553428,-0.002372274683906554
1079,2748,2231,0.0049305244285073975,0.01147709013844786,0.003603393074371881,-0.004437471985656655,0.0020578280606467106,-0.003038941343545327
1080,2748,2275,0.008879120879120881,0.00853198254663629,0.006479641580212021,-0.007516483516483517,0.0003175832491552059,-0.0046215807880438005
1081,2748,2279,0.00903905221588416,0.006621773377790512,0.005762819233004899,-0.0051338306274681875,0.0005367559542046038,-0.0033467161322823205
1082,2748,2234,0.006087735004476275,0.007296117539052943,0.002751988656171323,-0.0017905102954341996,0.0020738703518801086,-0.002537973625667116
1083,2748,2283,0.0030661410424879547,0.00350182799743359,0.001045628418024402,-0.004380201489268506,0.005342226771088412,-0.002257937006216037
1084,2748,2280,0.008157894736842105,0.007064075678386603,0.005464484321560745,-0.0039912280701754396,0.0006695819616746715,-0.0030094055989823886
1085,2748,2283,0.007271134472185721,0.00978700834623398,0.0059669020576621655,-0.004336399474375822,0.00578716061979511,-0.0009148829412686909
1086,2748,2296,0.007142857142857143,0.010889879043469138,0.006845832709165583,-0.003527874564459931,0.0018534767655758481,-0.0013685196057775255
1087,2748,2311,0.007788836001730853,0.0063605404869663176,0.0061660921507315355,-0.003764604067503245,0.0001256479151248832,-0.0019805297873806732
1088,2748,2298,0.010095735422106181,0.00973370295955965,0.00835142994335629,-0.0031766753698868567,0.0031118892689271415,-0.0007378189156560762
1089,2748,2258,0.008060230292294067,0.009399643458465567,0.006797152474868483,-0.004251550044286979,0.002429139238590574,-0.0014129688524373177
1090,2748,2263,0.012284577993813522,0.009857349567014785,0.010175188298274958,-0.0038002651347768457,0.0030970648325666186,-0.0005908144309051962
1091,2748,2264,0.008127208480565373,0.007744041596928004,0.003934320402137909,-0.0018109540636042402,0.005501300506737624,-0.001281653179454396
1092,2748,2251,0.00595290981785873,0.008529207280554415,0.004547844226782051,-0.003998223011994669,0.0007671805107382118,-0.0019894007681959956
1093,2748,2277,0.0051822573561704,0.005666766125088457,0.004094042955352064,-0.004128238910847606,0.0009380603307385973,-0.002136666781685196
1094,2748,2302,0.0067767158992180715,0.007644447983698853,0.007377110067736548,-0.003996524761077324,0.0016533950935484442,-0.00048512322866419105
1095,2748,2242,0.010080285459411241,0.00754474421793229,0.006900308462844541,-0.0014719000892060667,0.0020529463333115346,-0.0004606842112623747
1096,2748,2273,0.010030796304443467,0.008760175337092438,0.006512859164367179,-0.005983282006159261,0.004079128441942273,-0.0034195122723124443
1097,2748,2270,0.006519823788546255,0.00528023117274268,0.0030516675413441697,-0.0018502202643171795,0.0037510155281638233,-0.0015677450065956164
1098,2748,2305,0.004511930585683297,0.0057078756793143325,0.0033341452546663502,-0.006334056399132322,0.002067593637968918,-0.0035962088328441813
1099,2748,2308,0.004506065857885616,0.009169961981140097,0.0032699815077790835,-0.0032495667244367412,-0.00015920790645912732,-0.0028707660493212145
1100,2748,2301,0.006431986093003043,0.0062688416393981965,0.004077831935909172,-0.004302477183833117,0.0015992034751302392,-0.0027366831034508162
1101,2748,2282,0.005609114811568799,0.004805540867692005,0.0021574488927352913,-0.005740578439964944,-0.0012614067481988883,-0.0055209792848189
1102,2748,2333,0.006600942991855981,0.008600561586725734,0.007470211082956469,-0.004500642948992713,0.0035611698363221937,-9.430752038392096e-05
1103,2748,2268,0.009259259259259259,0.0047819183217063625,0.005211460033145847,0.0009700176366843036,0.002743784211370898,0.0003890055343731347
1104,2748,2293,0.006105538595726123,0.005126912963743277,0.006313760702544693,-0.0024422154382904493,0.004077662968969469,0.0005956959364535863
1105,2748,2282,0.006573181419807187,0.009655545593702136,0.004064437951992284,-0.005740578439964942,0.0006563900718635044,-0.0038754420305530564
1106,2748,2265,0.0067991169977924945,0.006189278231261274,0.005173270625919117,-0.004547461368653422,-0.0007605874476784451,-0.002786489821044217
1107,2748,2268,0.006525573192239859,0.009090878646214136,0.007029435951957531,-0.006040564373897708,0.0037428517766971135,-0.001127115130446736
1108,2748,2311,0.012202509736045,0.009329529968134227,0.008702966159768314,-0.00155776720034617,0.006382514942726081,0.0009146931158093965
1109,2748,2273,0.004927408710954686,0.007634974600218515,0.004508676546416352,-0.0061592608886933565,0.0016550488149078028,-0.003171078163650633
1110,2748,2314,0.005704407951598963,0.006651009541739406,0.002842512648893318,-0.0056179775280898875,0.0022160608704197833,-0.0036915278116416723
1111,2748,2266,0.011562224183583407,0.010420272612079493,0.007170910645491297,-0.005736981465136805,0.0038464408579558323,-0.003320450564022833
1112,2748,2252,0.0055950266429840145,0.008704541251765683,0.0029684761618467346,-0.0027531083481349907,0.0052715863776463074,-0.001127345782944771
1113,2748,2290,0.009257641921397379,0.0063940270777081065,0.005244419764902316,0.00048034934497816586,0.0022806661599924696,-0.0001243325311587057
1114,2748,2295,0.010196078431372548,0.005627608574575741,0.003592489616228611,0.001394335511982571,0.004450918659888511,-0.0005141898638879863
1115,2748,2321,0.0021542438604049987,0.007216399679537598,7.059304703382145e-05,-0.004308487720809995,0.0011291948260564188,-0.004392675667542769
1116,2748,2274,0.007211961301671063,0.006208978374734482,0.0037429256429993996,-0.0007475813544415128,0.0019608302568425565,-0.0011068967846231074
1117,2748,2253,0.01180648024855748,0.011136162320277978,0.008849401156753102,-0.005814469596094098,-0.0006149764185245637,-0.0033528260975579545
1118,2748,2286,0.004286964129483815,0.007838886057781866,0.0024580876086604734,-0.005774278215223099,0.0013275007892011611,-0.004094299097947267
1119,2748,2312,0.008910034602076126,0.007026264819689383,0.006250488723438999,-0.003849480968858131,0.0007751596769215167,-0.002077675156200576
1120,2748,2301,0.007822685788787484,0.0061100298730556064,0.006504992927026843,-0.004519774011299434,0.00279017066529817,-0.0013640322064906406
1121,2748,2270,0.011101321585903086,0.009975326573575121,0.009268286439469595,-0.0046255506607929524,0.005085612658244689,-0.0004900044081379425
1122,2748,2272,0.011355633802816902,0.00423594094254653,0.007809303519513684,-0.0019366197183098585,0.001001481755453713,-0.0006997115027459788
1123,2748,2286,0.005861767279090113,0.006146963404065823,0.002929149573721549,-0.0015748031496062983,0.0020837935163367386,-0.0013816619199055631
1124,2748,2283,0.011476127901883487,0.0094340082738906,0.011380408203421611,-0.002803328953131845,0.006336391057373395,0.0022554609114216477
1125,2748,2271,0.00959929546455306,0.006576054544878844,0.005365726102141944,-0.003830911492734478,0.0017884261340521516,-0.0030843110535311315
1126,2748,2274,0.009234828496042218,0.007413496972413943,0.004579181472251826,-0.0022867194371152173,0.003339378782403566,-0.002499501969169882
1127,2748,2283,0.0076215505913272,0.003943306986462829,0.005578516826098378,-0.002584318878668418,0.004132105036509798,-0.0007519670913209841
1128,2748,2294,0.007323452484742808,0.00845462881819673,0.005085748112492366,-0.004751525719267656,0.001971112111265766,-0.002668156715278794
1129,2748,2263,0.01246133451171012,0.008374861686149858,0.009613761630753243,-0.0013698630136986295,0.00497913935363718,0.0017051692281178825
1130,2748,2263,0.009898365002209456,0.008980025590252884,0.006877570658024716,-0.005081749889527177,-9.032118963486054e-05,-0.0030985145799896697
1131,2748,2296,0.014895470383275263,0.010795432806185567,0.011291932163438434,-0.003614982578397212,0.003506572967352426,-0.0004355648992472446
1132,2748,2305,0.0034707158351409985,0.002042434611350444,0.0030275187335983417,-0.007635574837310196,-0.002896657561736966,-0.005387231270055746
1133,2748,2296,0.004442508710801394,0.008247982145263627,0.004488569700876361,-0.0029181184668989543,0.001925936603754492,-0.0006697769302583278
1134,2748,2287,0.006821163095758634,0.008569372276501949,0.0059527300163470225,-0.006471359860078706,0.0010495689486126438,-0.0033696280642238653
1135,2748,2321,0.004566996984058595,0.007818810111078375,0.0017991672964838713,-0.004825506247307197,0.0015489643140887683,-0.003972040523846461
1136,2748,2280,0.012631578947368419,0.006331263736550511,0.0074637098382654,-0.0025877192982456144,0.003218888904194642,-0.0020529436974369413
1137,2748,2301,0.013820078226857886,0.010304805506811824,0.012655526621652115,-0.002086049543676662,0.002329363704700076,0.0014192782629975742
1138,2748,2293,0.00793720017444396,0.008918863226998159,0.00776779928556729,0.0009594417793283895,0.008046087387406028,0.003979941952914756
1139,2748,2309,0.007882200086617582,0.006497763140472616,0.007260180500473291,-0.00584668687743612,0.00022318713028184926,-0.002143655512296027
1140,2748,2287,0.006821163095758636,0.005433063122396691,0.003368132917493648,-0.0037166593790992565,0.002642948578369681,-0.0027375078115405255
1141,2748,2286,0.005861767279090114,0.006771599458341229,0.003535231843372204,-0.007830271216097988,-0.0027922299744246332,-0.006002305845353855
1142,2748,2284,0.009369527145359019,0.010139316452676898,0.008277408397989646,-0.008318739054290718,-0.0005467078474082679,-0.004483960430235716
1143,2748,2260,0.0032743362831858416,0.007905926170287157,0.0010597196649591361,-0.005575221238938055,0.005072185385484896,-0.003669518007009489
1144,2748,2284,0.008056042031523646,0.009210471722371051,0.0032747993879758764,-0.003152364273204904,0.0036622715521089882,-0.003278188602577231
1145,2748,2278,0.009569798068481124,0.009382504889817895,0.0074396645584056745,-0.004389815627743637,0.004040357336421904,-0.0014912206140658198
1146,2748,2236,0.011001788908765653,0.008558141689827999,0.009106559731427192,-0.0034436493738819315,0.0012625784170610594,-0.00038569664505873124
1147,2748,2261,0.005838124723573641,0.0055293342637240455,0.00042580869924893606,-0.0036267138434321103,0.0011135015154505733,-0.00505254755988732
1148,2748,2263,0.008661069376933275,0.0070704244280453,0.005576639533049083,-0.007733097657976139,-0.0008892366370676322,-0.0058023741676973455
1149,2748,2284,0.007005253940455341,0.007541982674745445,0.005651878556640599,-0.004597197898423818,0.00161734039838987,-0.001836979239389275
1150,2748,2281,0.008680403331871986,0.008052760063223292,0.006394490339709064,-0.004866286716352477,0.0036154618413431422,-0.0021662300890781193
1151,2748,2289,0.007339449541284404,0.006494227622755831,0.0028524122831376127,-0.002970729576234163,0.002691574500332459,-0.003620788851364614
1152,2748,2290,0.010917030567685589,0.01291067329127798,0.011235921752887849,-0.0012663755458515286,0.004819744001832618,0.003119134373049571
1153,2748,2274,0.005101143359718559,0.007272045970825733,0.004119828567156781,-0.0043975373790677225,0.0010498279969927084,-0.0028654186886751497
1154,2748,2300,0.006347826086956522,0.005819460414687462,0.0021261837483566807,-0.0007826086956521738,0.0033898341568051747,-0.0018699277443414662
1155,2748,2247,0.009701824655095682,0.00885845774313924,0.00823046078832309,-0.0034267912772585674,0.0026494233313264022,-0.0004628382380067383
1156,2748,2307,0.010143042912873861,0.005331421069085844,0.0047972594330234295,-0.008279150411790205,-0.001583536978344209,-0.006573341725579542
1157,2748,2298,0.009834638816362054,0.00853334679686531,0.005948068972560545,-0.0020017406440382937,0.005898171295716384,-0.00013406793829371183
1158,2748,2276,0.008347978910369069,0.010392547717797726,0.007118028164879644,-0.0016256590509666075,0.0039652088784823646,0.0007488620254335311
1159,2748,2261,0.005926581158779302,0.006782372975166724,0.00528668382921907,-0.007253427686864221,-0.00022798427737456196,-0.003778560829322377
1160,2748,2298,0.008006962576153177,0.00911381242671156,0.005977117100466573,-0.0059181897302001745,0.0038812401724424963,-0.003178798003113764
1161,2748,2277,0.007553798858146685,0.011974416492231776,0.006450378186528901,-0.0027667984189723325,0.0045902951983808615,-0.0004720381346349831
1162,2748,2282,0.009027169149868538,0.00868017330255562,0.006410518290992019,-0.003987730061349694,0.00342544867475248,-0.0013858681429494177
1163,2748,2282,0.007274320771253287,0.009778626601733365,0.008188454121463712,-0.0035495179666958816,0.0023970954726744544,-1.9557659704018426e-05
1164,2748,2278,0.007989464442493417,0.008100702758222353,0.00478217222895177,-0.0046971027216856885,0.004417382063096387,-0.002935099478211178
1165,2748,2250,0.00728888888888889,0.005914583125575187,0.003447324308280756,-0.00368888888888889,0.002712633949649965,-0.0028793062762271274
1166,2748,2285,0.007789934354485777,0.007706748710564679,0.004388496208195402,-0.0023194748358862155,0.0009506557546600791,-0.002393979296727964
1167,2748,2294,0.01002615518744551,0.010923614011637498,0.007237513045883362,-0.0024847428073234527,0.0068610898755519815,0.0007402572455321732
1168,2748,2291,0.006809253601047578,0.007861981546584951,0.004830616252184758,1.9384077252294308e-19,0.004380355535181072,0.0004248040219195952
1169,2748,2306,0.005984388551604509,0.007007769201979283,0.0032899254096905206,-0.004163052905464007,0.0002458980611200887,-0.004058258472784664
1170,2748,2267,0.0105866784296427,0.007474956656389787,0.008813345749569296,-0.0005293339214821356,0.006204836503930949,0.0020627041095660982
1171,2748,2240,0.009642857142857146,0.0063105206880175275,0.008258764830696477,-0.0028125000000000003,0.0006027556768761147,-0.0006009890859502229
1172,2748,2276,0.007205623901581722,0.0064597720413578225,0.004646527508554325,-0.0018453427065026366,0.0035959334670560466,-0.0006582861315317726
1173,2748,2252,0.0066607460035523975,0.008033552555397741,0.005267467271172614,-0.0003552397868561275,0.007002092370816007,0.0020659752273153764
1174,2748,2267,0.008998676665196294,0.007532488705689775,0.00688022473354955,-0.001543890604322895,0.003164967000915621,-0.00024602039765341536
1175,2748,2299,0.008351457155284906,0.006844459165817213,0.008199604836749932,-0.0037842540234884715,0.0036840799012825653,0.00015740080094966
1176,2748,2272,0.007570422535211267,0.010870722371462286,0.006374394432052656,-0.0018926056338028163,0.00788474781524468,0.0013445990613222835
1177,2748,2264,0.006890459363957597,0.006891318959254964,0.0020990259384627654,-0.004196113074204947,0.0004425315797693857,-0.005422143803758747
1178,2748,2299,0.005132666376685516,0.007030666991557602,0.0003941625180791454,-0.004219225750326229,0.0005223627748874475,-0.00544449738606732
1179,2748,2318,0.0091458153580673,0.007795453115887227,0.005057833479983124,-0.0017687661777394316,0.006105084544474287,-0.0009785918843988328
1180,2748,2264,0.01086572438162544,0.005661669347423893,0.00846427887241796,-0.004726148409893992,-0.0003663589983311544,-0.0027111036087548138
1181,2748,2308,0.007279029462738302,0.007933848916889984,0.004642888111080092,-0.0024263431542461016,0.0028511922442350742,-0.00136634319346058
1182,2748,2265,0.008388520971302429,0.008323839977581652,0.004296367862278091,-0.004017660044150111,0.003109145754973052,-0.0033475642002887196
1183,2748,2281,0.0131521262604121,0.011463430312216348,0.010347883516284002,-0.0051731696624287594,0.001106421991437827,-0.0020059448472978447
1184,2748,2269,0.008990744821507272,0.008429093824638429,0.007435333022360154,-0.001806963420008814,0.0046821866259448616,0.0006485297271033711
1185,2748,2300,0.009217391304347827,0.008593424988783658,0.0051152986044630646,-4.347826086956564e-05,0.0040147872417795796,-0.0006223151365346285
1186,2748,2294,0.007497820401046209,0.008216694588466932,0.002996905719039631,-0.0026155187445510023,0.0015980432936133363,-0.003565373315026702
1187,2748,2269,0.011546936976641692,0.009917585573152792,0.008301420917482948,-0.0021595416483032185,0.0076766265723130275,0.0006083376758328544
1188,2748,2259,0.006728640991589199,0.0070549467219932814,0.003955584636272744,-0.0033200531208499354,0.003749425474872452,-0.002209838304087464
1189,2748,2289,0.009873307121013544,0.009890264331571273,0.006443346842164627,-0.003145478374836173,0.003021833612130306,-0.0014152000786306978
1190,2748,2251,0.006041759218125278,0.006535953038603273,0.0043282316980730266,-0.003109729009329187,0.001989207960792659,-0.0019953114582748972
1191,2748,2269,0.008550022036139268,0.006902383372643977,0.005717635990549068,-0.003040987219039224,0.004271258416728162,-0.001321963238451205
1192,2748,2300,0.010260869565217393,0.009143292881292673,0.006505146863932409,-0.0033043478260869562,0.005604397207325467,-0.001443584958299295
1193,2748,2313,0.009424989191526158,0.009739453378984459,0.005494677362819518,-0.004409857328145267,0.003675442934508937,-0.00305015953602364
1194,2748,2311,0.008481176979662485,0.010923196632155333,0.00497011627084519,-0.004586758978797058,0.004842524336776557,-0.0025759536606056793
1195,2748,2307,0.01144343302990897,0.007829301604248731,0.009689933184449885,-0.003034243606415258,0.000908828729183937,-3.0259912400573527e-05
1196,2748,2296,0.00984320557491289,0.009623330758476692,0.007122783958843494,-0.0071428571428571435,0.002228126302205077,-0.003283851964819032
1197,2748,2250,0.0096,0.008096726079288682,0.005014758208790228,-0.0054222222222222215,0.0003223312608059532,-0.004189396247215978
1198,2748,2257,0.009215773150199379,0.008724160933280023,0.004768694809229925,-0.0034116083296411165,0.0013074068761415784,-0.0036101286292351503
1199,2748,2296,0.010278745644599303,0.008938369304823134,0.007688837623230839,-0.003963414634146342,0.0026252506686965118,-0.0013513431955156602
1200,2748,2250,0.008177777777777779,0.008593429964970445,0.005000294349160443,-0.007244444444444445,-0.0018591169680352458,-0.005641501031207826
1201,2748,2272,0.005985915492957747,0.006246144728851622,0.004560174359812565,-0.007262323943661973,0.0026391134430717696,-0.0036411983684529674
1202,2748,2298,0.012184508268059183,0.00884580861363926,0.00901558328430587,-0.00278503046127067,0.0030635429176196728,-0.00011547346889598172
1203,2748,2243,0.017922425323227822,0.012721812430237563,0.011318916641490612,0.0008024966562639325,0.005221824864324745,0.0011904784745054946
1204,2748,2275,0.00712087912087912,0.008115799455661871,0.0038656432593873295,-0.002857142857142857,0.0021950441530046772,-0.0027807290575959796
1205,2748,2271,0.014178775869660943,0.013513761286793546,0.01253840434224354,-0.00044033465433729714,0.006844471010525016,0.003479998268893675
1206,2748,2267,0.008204675782973092,0.006436786877559227,0.004445382585035822,-0.004719894133215705,0.0035333192114929924,-0.0028402595680215395
1207,2748,2278,0.011501316944688325,0.01029397421619586,0.009993193660220074,-0.006892010535557506,0.0018978964615873285,-0.0018844161689281274
1208,2748,2301,0.013906996957844416,0.008510337185734938,0.0125093718153239,-0.0025641025641025637,0.0015100838201201144,0.0014925599048947707
1209,2748,2264,0.00812720848056537,0.005259695565359786,0.0033852978259280705,-0.005786219081272085,0.002629589231507602,-0.004444896624501407
1210,2748,2282,0.006310254163014901,0.007674116662646272,0.004650754465133672,-0.004995617879053462,0.005464124907346385,-0.0024280071303167837
1211,2748,2284,0.008669001751313486,0.007386504706315263,0.006664869488707551,0.0010507880910683018,0.004871277202928423,0.0014358278054258735
1212,2748,2267,0.011821790913101014,0.007542047984656216,0.00521956748091441,-0.004543449492721658,0.00283311173199758,-0.0044504866400365065
1213,2748,2271,0.005812417437252312,0.009490318200234554,0.003403370641633292,-0.0030823425803610752,0.004252199572135062,-0.0018546095156647098
1214,2748,2310,0.008571428571428572,0.011311063027075133,0.004560761663983541,-0.006796536796536796,0.004429200761948068,-0.0047370021493960066
1215,2748,2245,0.0002672605790645872,0.004928025116020076,0.00026976184089045724,-0.003830734966592428,0.002061386920827486,-0.0027849422748061807
1216,2748,2292,0.00855148342059337,0.0064219364327286,0.005648759960460196,-0.007417102966841187,-0.003892410548795978,-0.00567764259773801
1217,2748,2287,0.005859204197638829,0.007427011528156338,0.004259536046285285,-0.006165282028858767,0.002629692467721502,-0.0034549117542970543
1218,2748,2263,0.008572691117984976,0.007091559701102975,0.005786732112091546,-0.0032258064516129024,0.0021411149950828785,-0.0020263673740526698
1219,2748,2311,0.00441367373431415,0.006558181902662672,0.0025907599990286465,-0.007312851579402857,0.0013879133412139683,-0.0053628596454776455
1220,2748,2255,0.011618625277161862,0.009003477707208806,0.008521745716251344,-0.0035033259423503326,0.004269714488747273,-0.0006489003796226607
1221,2748,2286,0.007961504811898513,0.010225253907830063,0.005051444644432854,-0.005511811023622046,0.001877469866940177,-0.003501076167943571
1222,2748,2274,0.007827616534740546,0.0054049497238643175,0.005304580580895553,-0.006156552330694813,-0.0014226277077041155,-0.004530296283355071
1223,2748,2285,0.008315098468271335,0.00872752000917295,0.007347969300021367,-0.004288840262582058,0.0032688646479753472,-0.001158933555736235
1224,2748,2280,0.007807017543859651,0.007212894011020041,0.005720584145553206,-0.0006578947368421057,0.004123240706091204,0.0006793838233013548
1225,2748,2301,0.006345067362016515,0.008336509072038733,0.003462336628830132,-0.006996957844415472,0.0003308544081469112,-0.005017888031488737
1226,2748,2277,0.008871321914800175,0.006461519192135896,0.007830298372383929,-0.005445761967501099,0.0010829189637535982,-0.0013090442579489034
1227,2748,2275,0.01063736263736264,0.006804546469529442,0.004242291200823993,-0.003824175824175825,0.002506558515238855,-0.004124908447350525
1228,2748,2261,0.0074303405572755405,0.0066720622219153146,0.005001091449367218,-0.006236178681999115,0.0018037194122199006,-0.003942649864179515
1229,2748,2272,0.01329225352112676,0.01134556171271868,0.01035012844059114,-0.00030809859154929607,0.004949646373763149,0.0022172844608679097
1230,2748,2288,0.005856643356643357,0.008325267515113189,0.005410535895353039,-0.0047202797202797195,0.0008423894221962664,-0.0020846048225676467
1231,2748,2270,0.006784140969162995,0.006800193082148284,0.0032824342200178424,-0.00475770925110132,-0.0003639951756433393,-0.004635277214509544
1232,2748,2250,0.010044444444444443,0.008796396547962503,0.005571095679103837,-0.002044444444444445,0.004786856852774188,-0.0010963307504458348
1233,2748,2272,0.010211267605633803,0.007873964363844903,0.00965298986117111,-0.0020686619718309858,0.0038187365882730597,0.0011596050581794584
1234,2748,2290,0.011004366812227074,0.007502455461689181,0.007383694021805281,-0.001353711790393013,0.005676270827571696,0.0011849280740201648
1235,2748,2264,0.006978798586572439,0.006694965262899214,0.00466613193400964,-0.0036660777385159014,0.0006982149244995542,-0.002448698725543514
1236,2748,2292,0.010471204188481676,0.007677935680826017,0.005634365045757815,-0.0024432809773123915,0.003227679173029259,-0.0018208077827134893
1237,2748,2311,0.009779316313284292,0.008512834320369771,0.0064368337313418485,-0.0041540458675897885,0.004844951335281299,-0.0023183459550411224
1238,2748,2288,0.009178321678321678,0.009310584148790473,0.010137338755704772,-0.005506993006993008,0.0015455527259541312,-0.0008085376259530303
1239,2748,2292,0.007591623036649214,0.006647539896605869,0.004359236433856944,-0.0028795811518324615,0.005369348219034452,-0.0012781837668344501
1240,2748,2299,0.008438451500652455,0.00908676105578675,0.005635635827909053,-0.003958242714223576,0.004495521670312802,-0.0014555850650758311
1241,2748,2284,0.00936952714535902,0.009166840732483776,0.008955029673778517,-0.004640980735551663,0.007656270824374565,0.00043022225563725894
1242,2748,2279,0.013953488372093023,0.008650589215481282,0.011793218691343225,-0.0035103115401491896,0.0026522211232082272,9.287681114947248e-05
1243,2748,2249,0.009693196976433971,0.00923624329202576,0.007188345505278916,-0.00658070253445976,0.0005891197359090852,-0.003752266077628307
1244,2748,2244,0.004010695187165776,0.006850988318003314,0.004908966829072213,-0.00699643493761141,0.003393416114626654,-0.002964398671540393
1245,2748,2249,0.00409070698088039,0.004395532777419477,0.0028152953273168522,-0.003823921742996888,3.824107938937914e-05,-0.002234151610142071
1246,2748,2269,0.013926840017628912,0.009933809669872794,0.008583754100432273,-0.003437637725870427,0.002717540097169526,-0.0022458644163520676
1247,2748,2287,0.007608220376038478,0.006741841045867082,0.0032806963543112857,-0.005028421512898994,-0.00021706701772881284,-0.004721105524456471
1248,2748,2283,0.00648269820411739,0.009336431052228573,0.005304102456858823,-0.0047306176084099885,0.0022885477565760034,-0.002186470111252763
1249,2748,2289,0.009785932721712538,0.01025420396885506,0.010243779415345407,-0.002315421581476629,0.004581455988444117,0.002066000991429371
1250,2748,2302,0.008340573414422243,0.008463815508272148,0.004037573391293672,-0.000999131190269332,0.0027977861323166516,-0.0016372537508691138
1251,2748,2285,0.008665207877461709,0.008066244090026516,0.007519145430465372,-0.002407002188183808,0.004541976927837976,0.000551246385490352
1252,2748,2290,0.008995633187772927,0.0071681589891016495,0.0032889312971283256,0.0012663755458515284,0.0027413182039230845,-0.000820152894962611
1253,2748,2305,0.011106290672451193,0.011116077549972056,0.007954962462553323,-0.001084598698481561,0.002482170834780113,-0.00015753461879635823
1254,2748,2291,0.009602793539938892,0.008817175322897058,0.006840461390773603,-0.004670449585333915,0.0036360406242010473,-0.002104616037283505
1255,2748,2287,0.01320507214691736,0.01208558085405418,0.009060665001239929,-0.0015303891560996942,0.00674699445945213,0.00010887439481857291
1256,2748,2274,0.008795074758135445,0.010939198527560222,0.007226362337329438,-0.004925241864555848,-0.0008791305713607234,-0.002643771756503853
1257,2748,2308,0.008578856152513,0.005604685646209132,0.003558707421404044,-0.0029462738301559797,0.00303724234991045,-0.0034140133603166875
1258,2748,2284,0.00542907180385289,0.0075989621573185635,0.003249755461331612,-0.001970227670753065,0.005401462050931259,-0.0007431698466593108
1259,2748,2256,0.0045212765957446804,0.006355735179107565,0.0038196397157814494,-0.003147163120567375,0.002050668536367729,-0.0009631664640154877
1260,2748,2279,0.010794207985958754,0.01010494935635463,0.008358981348737925,-0.005046072838964458,0.002787041740454398,-0.0011084669854130762
1261,2748,2285,0.012866520787746171,0.009655589556213071,0.008416821652744062,-0.003238512035010942,-0.001631544889386432,-0.0024623559323653987
1262,2748,2273,0.008271007479102506,0.009197626074351792,0.005687236762318428,-0.003915530136383633,0.004399225750488075,-0.0014166401520903352
1263,2748,2259,0.00965028773793714,0.0070925347809550066,0.005195054488147753,-0.007481186365648517,0.0009840346490380756,-0.005265785602739347
1264,2748,2276,0.009402460456942003,0.006223888407026787,0.00658053943660588,-0.0016695957820738135,0.003682147445110162,-0.00013936194265835075
1265,2748,2255,0.008248337028824835,0.00727537812100361,0.003127880821572199,-0.004922394678492238,0.0010557807231362133,-0.00536397637216013
1266,2748,2266,0.0033539276257722865,0.008277385046253638,0.0002646980847340339,-0.005648720211827008,0.0033413805847869052,-0.005250569530378495
1267,2748,2246,0.006322350845948352,0.009882614327792924,0.003505014863094983,-0.00703472840605521,0.00045677192771766335,-0.005646873119278803
1268,2748,2247,0.006052514463729418,0.007344513125469082,0.0037788044041352944,-0.0018691588785046734,0.003784344867481882,-0.0011180378373464167
1269,2748,2284,0.006567425569176884,0.006621111154364547,0.002365647521129656,-0.0035026269702276708,0.0008020649947497126,-0.004431331527824385
1270,2748,2281,0.011047786058746163,0.0077966141334389946,0.00886909351523415,-0.0017974572555896542,0.0021430203392993584,0.0003714466895290274
1271,2748,2263,0.007247017233760496,0.007111636278920501,0.006512061191864211,-0.004904993371630578,0.002516122852173728,-0.0016527765094632434
1272,2748,2301,0.005475880052151238,0.004934069601872026,0.0035455049611146077,-0.006214689265536723,0.0028995461743075357,-0.0036693970461023004
1273,2748,2266,0.0068843777581641665,0.009763256000924177,0.005887805362022263,-0.003353927625772285,0.004687672351065717,-0.00046866527485685055
1274,2748,2284,0.009106830122591945,0.007563328401933892,0.006633259094895255,-0.0035026269702276716,-0.0006859915371316555,-0.0022787228329417056
1275,2748,2271,0.006428885953324529,0.006707552974977462,0.005195955551938522,-0.0018494055482166454,0.003470022351451307,-3.846957546775156e-05
1276,2748,2287,0.008482728465238303,0.007898537431811244,0.006837221077385393,-0.006821163095758635,0.0020318386734565447,-0.0032827119766051208
1277,2748,2209,0.009053870529651425,0.006201838780051921,0.007599386886318974,-0.005568130375735628,0.0016887825596613422,-0.0024414965997751475
1278,2748,2285,0.012428884026258205,0.008416149395886066,0.006178409363493017,-0.005470459518599562,0.0017505178041944788,-0.004430306353534511
1279,2748,2269,0.011987659762009696,0.010166135497634659,0.011019703619774777,-0.005861613045394447,0.00148388991751161,-0.0015524825933576321
1280,2748,2291,0.00986468790920995,0.007287090068111413,0.006656694554108271,-0.0017896115233522485,-0.00048548272201608567,-0.0012901066058048024
1281,2748,2261,0.010880141530296329,0.012584311781471732,0.009248625569119984,-0.0018133569217160552,0.0052431922084874094,0.0015272200277784492
1282,2748,2283,0.008322382829610162,0.006729441481109611,0.0037970746034493453,-0.0034165571616294344,0.003613634836740696,-0.0031257825769803716
1283,2748,2234,0.009221128021486124,0.007894431359653023,0.005876293223930217,0.0005819158460161146,0.003922754101197988,0.0005463200515770767
1284,2748,2269,0.012516527104451303,0.01034069817161184,0.010044666766348546,-0.002203613926840017,0.0013232314581434843,0.0003081405579213521
1285,2748,2264,0.009363957597173145,0.009683348081231157,0.008418974660124794,-0.005300353356890459,0.002995767462436764,-0.0016004246478665237
1286,2748,2303,0.00851063829787234,0.007955503622200096,0.004910240529823652,-0.00412505427702996,0.0051274198914564055,-0.0024074157995943083
1287,2748,2272,0.008626760563380282,0.007062674807802934,0.004234388787643746,-0.0029489436619718314,0.0054261179143728815,-0.0019408842150364983
1288,2748,2295,0.013507625272331156,0.010919780375899512,0.011220686726483273,-0.004531590413943356,0.003001258778261367,-0.0006631564614292145
1289,2748,2286,0.005511811023622048,0.006870238362097796,0.003876626580301065,-0.005249343832020998,0.0023445751737074952,-0.0027641837451219454
1290,2748,2293,0.0032272132577409515,0.0035005226739099667,0.0010290047776246813,-0.006105538595726124,-0.0011352645207831893,-0.005631839745506071
1291,2748,2304,0.009375000000000001,0.007477995638302028,0.005645539317182289,-0.0037760416666666663,0.0036044544588956446,-0.0020536952978781144
1292,2748,2283,0.011213315812527377,0.005952145210681119,0.007348707589257889,-0.004730617608409987,0.0011562023823725423,-0.0028755671284719274
1293,2748,2291,0.00829332169358359,0.009214402313305736,0.0060940226942084764,-0.0006547359231776509,0.00652213935952842,0.0009064357622250387
1294,2748,2247,0.008722741433021807,0.0054102112125607804,0.00828751502038472,-0.003649310191366266,-0.00042309715782572904,-0.00046648126080446465
1295,2748,2273,0.006159260888693357,0.008485724638477035,0.005029445287044181,-0.005015398152221733,-0.0002649195681483904,-0.002773388060411678
1296,2748,2273,0.012494500659920811,0.010736842768932189,0.007271112126608986,-0.0020677518697756266,0.005335992494659032,-0.000699246421567025
1297,2748,2252,0.007548845470692718,0.00956499098850693,0.0059229597138323094,-0.004085257548845471,0.006424194084044921,-0.0006956544679735346
1298,2748,2317,0.0056107034958998705,0.007369974423089843,0.0009265301577441754,-0.00634441087613293,0.002902003928080794,-0.006153737236743082
1299,2748,2296,0.006097560975609756,0.006034973631172526,0.0016179976861703923,-0.007317073170731706,-0.0025698454858151545,-0.007716298180857925
1300,2748,2281,0.012538360368259536,0.007311086452034777,0.006411977596239393,0.0013590530469092489,0.0026357320415597474,0.00031559210362616907
1301,2748,2281,0.010258658483121437,0.007584087128390005,0.006472507796023253,-0.000876808417360807,0.004678441022537687,-0.0005748145468447183
1302,2748,2282,0.010341805433829974,0.007893204075532635,0.007035576935169474,-0.0037686240140227876,0.002608330431968653,-0.0013047706449057445
1303,2748,2295,0.00888888888888889,0.009421296155508003,0.005828295577870425,-0.0003921568627450979,0.00572241091361265,0.000667167230496341
1304,2748,2272,0.011971830985915493,0.009392890749667194,0.007717163849092402,-0.0037852112676056353,0.0022855978180043386,-0.0018549454487018682
1305,2748,2294,0.008805579773321708,0.009840810456537704,0.0036438231933565036,-0.0034437663469921538,0.0018730898568559487,-0.003937806993788166
1306,2748,2280,0.008333333333333333,0.00585188873831612,0.005299102943085858,-0.0022368421052631577,0.0027965987640647663,-0.0010246096445744905
1307,2748,2247,0.006408544726301735,0.004143173694543888,0.003136735238338198,-0.005874499332443259,-0.0010667767868401449,-0.005417987728821781
1308,2748,2289,0.010659676714722585,0.005936815774065995,0.005413846515945924,-0.0007426823940585403,0.004836059160833454,-0.000538723764941827
1309,2748,2294,0.008979947689625109,0.008943652275915414,0.008131094358526039,-0.004489973844812556,0.005982566400355935,4.881884061715839e-05
1310,2748,2235,0.006532438478747204,0.00544648469576408,0.003522980368540713,-0.004026845637583892,2.2583953289656093e-06,-0.003927445276792692
1311,2748,2266,0.008649602824360107,0.008013689372685463,0.006265356601587063,-0.0006178287731685799,0.0066568685834914225,0.0011483137518640653
1312,2748,2276,0.007029876977152899,0.005354530621697179,0.004245337516052959,-0.004086115992970122,0.002297811759136825,-0.002270829159596262
1313,2748,2280,0.010964912280701754,0.007924537806247064,0.007035341039918716,-0.0027192982456140354,0.004043496818061145,-0.0011888295610184246
1314,2748,2258,0.005757307351638618,0.007914294467552256,0.004289275962457496,-0.005801594331266608,0.0028459131238953543,-0.0028994070836197905
1315,2748,2257,0.006823216659282233,0.007779179225567204,0.0050472802416600526,-0.001860877270713336,0.0040585181292201135,-0.0006769059727200593
1316,2748,2283,0.0077967586508979414,0.006658905356007363,0.006330839195747494,-0.007577748576434515,0.0013523105938773085,-0.0038542879331321094
1317,2748,2283,0.007095926412614982,0.006444717353254018,0.0021891019486289525,-0.0036355672360928607,0.0033058784087603883,-0.00412244519879873
1318,2748,2265,0.007593818984547461,0.007153211115951739,0.006648118456980235,-0.004282560706401767,0.002233359936087745,-0.0017092365900995036
1319,2748,2275,0.009054945054945055,0.009286430744899132,0.005860875918188857,-0.0023736263736263744,0.006607503541530694,0.00010836556469757997
1320,2748,2287,0.011368605159597726,0.009635641495365598,0.011577977263857672,-0.0024923480542195005,0.0001712662165326499,0.001162258680546725
1321,2748,2263,0.010958904109589043,0.007074455348151049,0.0037386456189388803,-0.006098099867432612,-0.001231338125566278,-0.006887058893095692
1322,2748,2230,0.004394618834080717,0.005034132624498829,0.00012195605881193793,-0.005919282511210762,0.0016516244402151189,-0.006224489145906543
1323,2748,2269,0.013574261789334508,0.010511762513451322,0.00891595000653725,-0.0014984574702512129,0.003781813666931678,-0.00016190133425061687
1324,2748,2287,0.007433318758198513,0.008045844845542357,0.004969726443403843,-0.005815478793178836,0.003470040319548889,-0.003272852880486727
1325,2748,2308,0.003639514731369152,0.008024684345265742,0.0003702805242100364,-0.006282495667244367,0.0014558199073776668,-0.005633416285867459
1326,2748,2222,0.0058505850585058505,0.006647994189559722,0.00207103575671868,-0.005130513051305132,0.00011940294989818484,-0.005402964393273789
1327,2748,2278,0.008252853380158034,0.008130724137402331,0.008514290998716426,-0.006935908691834944,0.0013892057610404437,-0.0018498091723271929
1328,2748,2267,0.009351565946184383,0.011804531973368712,0.007120994900050041,-0.0037494486104984563,0.005592436932161566,-0.000977589458843381
1329,2748,2279,0.010004387889425186,0.010312433149375516,0.0053893295443542604,-0.004563405002193945,0.005974888717700664,-0.002589657201942942
1330,2748,2291,0.00934089917066783,0.00794832708238884,0.00559937035359307,-0.00501964207769533,-0.0007074807206789875,-0.0036214617003173114
1331,2748,2280,0.007982456140350879,0.011009827249310086,0.00537309691795546,-0.005131578947368422,0.0037963067516571603,-0.002847589271481488
1332,2748,2266,0.008296557811120917,0.005772164335569223,0.00273117671596014,0.0011915269196822586,0.005467852826348529,-0.0007075039478772057
1333,2748,2275,0.011076923076923078,0.009966353450346832,0.009272305272063025,-0.0051868131868131875,0.002249641363847686,-0.001351279304173018
1334,2748,2249,0.004979991107158738,0.005893069598278304,0.0072419736913910075,-0.004846598488216986,0.0012696312919322828,-0.0003831870653246116
1335,2748,2296,0.010452961672473868,0.008423378622127347,0.008014763768044032,-0.0028745644599303148,0.001758915047714381,-0.0011013143902668997
1336,2748,2264,0.00892226148409894,0.009181112043845271,0.005771859506263083,-0.005742049469964664,0.003668438531142128,-0.002763872247334501
1337,2748,2250,0.006933333333333334,0.006891728057421255,0.006909782355289645,-0.003955555555555557,0.003962362738415812,9.570275493260529e-05
1338,2748,2295,0.007581699346405228,0.007426299475126313,0.004337680113308575,-0.0005228758169934649,0.001947372848316606,-0.0008098626889736417
1339,2748,2292,0.008726003490401398,0.00967387735669409,0.00879859155316047,-0.002268760907504362,0.0031035457432744204,0.0019388807967061165
1340,2748,2280,0.011228070175438597,0.008471218497878321,0.008344472786554674,-0.0021052631578947372,0.0023327001315540026,-0.00029666183609150255
1341,2748,2276,0.007908611599297012,0.009433104714364463,0.0027768410696678743,-0.003690685413005272,0.0045509665480351685,-0.003633245911390792
1342,2748,2293,0.005058874836458788,0.00871654146650188,0.004379587847961255,-0.0034452682075883116,0.003932037687010683,-0.0009239938459933587
1343,2748,2320,0.007327586206896552,0.008940708831282762,0.006666954004567684,-0.004525862068965518,0.0024214722879661926,-0.0009305576034244666
1344,2748,2306,0.010581092801387684,0.008539220221947391,0.006409461412472109,-0.00212489158716392,0.0034930019527660357,-0.0011142198419849386
1345,2748,2273,0.00950285965684118,0.009196351373156787,0.004949330897432789,-0.0054553453585569735,0.0011497622758025756,-0.004498310073357886
1346,2748,2287,0.012855268911237429,0.01043201471990639,0.01080610087517143,-0.0042850896370791435,0.002942124129370264,-0.0004778409827086257
1347,2748,2298,0.00731070496083551,0.011397636239152898,0.003725388224559708,-0.007180156657963448,-0.00030570726883642307,-0.005950153015836992
1348,2748,2285,0.012516411378555796,0.00978380854048333,0.008540118630634539,0.0010503282275711161,0.006899640664335998,0.0021269729721372275
1349,2748,2329,0.006612279948475742,0.010092281793082988,0.006676921163725315,-0.004894804637183341,0.004776550883372135,-0.0007636936907824646
1350,2748,2327,0.00876665234207134,0.012403945386189375,0.00466721306301621,-0.003180060163300386,0.006437223514819515,-0.0019334262680546172
1351,2748,2274,0.010817941952506595,0.011660089229127302,0.01086837517664532,-0.0018909410729991212,0.004253523742408279,0.0019831907962557637
1352,2748,2288,0.0023601398601398598,0.0051927389516702735,-0.001170377240363735,-0.00659965034965035,0.001782859645597488,-0.0066607145417287026
1353,2748,2276,0.00984182776801406,0.00585367189977477,0.00836828959989048,-0.002768014059753954,0.0019298688477425486,0.00021202117186498783
1354,2748,2272,0.007570422535211267,0.007146548662188031,0.0033303447722689795,-0.005721830985915492,-0.00017773280825728082,-0.005700181908479326
1355,2748,2292,0.01169284467713787,0.010019878520763269,0.008554822643346829,-0.0007853403141361259,0.004385072897038081,0.0006849629338741516
1356,2748,2275,0.011076923076923074,0.006146670749598638,0.0063114941650039835,-0.003252747252747254,-0.00012820803596583883,-0.003284309481568577
1357,2748,2284,0.0056042031523642725,0.006471578074073335,0.0016984889381252144,-0.002014010507880911,0.0033380508616851425,-0.002793036386232831
1358,2748,2278,0.009657594381035996,0.009533984361448002,0.007164309814914069,-0.003511852502194907,0.0025593027530260034,-0.0013144443580481496
1359,2748,2297,0.007749238136700044,0.007727786590833403,0.0043869849766888765,-0.0030474531998258606,0.003782366027502621,-0.001722542810596261
1360,2748,2291,0.010912265386294195,0.007584337229288915,0.00905326756685367,-0.006416412047140986,0.0008572655583079875,-0.002762382656880565
1361,2748,2299,0.005132666376685515,0.0077739735478352095,0.00045067477225979683,-0.005306655067420616,-0.00040459993909562,-0.00598882203083047
1362,2748,2283,0.00884800700832238,0.005175551151341784,0.0057881619087347715,-0.0021024967148488842,-0.0005064186559834972,-0.0018116257021958443
1363,2748,2265,0.008300220750551876,0.0056143816161129765,0.005033036860006835,-0.0003532008830022076,0.004281709509027305,-7.053976021769782e-05
1364,2748,2247,0.01032487761459724,0.008407177905001026,0.00699809329226406,-0.007165109034267913,-0.00032169119834899763,-0.004582500454097577
1365,2748,2263,0.009456473707467963,0.00806324235847287,0.004721873625965001,-0.006142288996906761,0.0020122888982194178,-0.004872843842846657
1366,2748,2326,0.009200343938091143,0.011141999217593566,0.0068562343106964045,-0.0009888220120378335,0.004639513518225216,0.0007224737994219925
1367,2748,2272,0.015492957746478875,0.011088700723996283,0.013470675001982525,-0.003036971830985915,0.002667275496964981,0.0009066516412277177
1368,2748,2230,0.005470852017937221,0.00711120639476358,0.0034729382761477983,-0.0015246636771300453,0.007078761569099106,-0.0003128771566254752
1369,2748,2291,0.008293321693583587,0.007278145468338774,0.003675894986121363,-0.0018769096464426019,0.006998868380994161,-0.001022197295109535
1370,2748,2252,0.00950266429840142,0.00638068982329133,0.004710233028454551,-0.005106571936056839,0.0014560873971401053,-0.004383529225038179
1371,2748,2303,0.008944854537559705,0.006964263819360723,0.005171785868268499,-0.005514546244029525,0.0027806882486132744,-0.003641939562061738
1372,2748,2271,0.008630559225011008,0.009559817307073065,0.007023042299363761,-0.0036988110964332886,0.0011352692927482466,-0.0015317253417647847
1373,2748,2288,0.01048951048951049,0.00856484518303763,0.008355366864327625,4.370629370629355e-05,0.006618434333985649,0.0017905955758435932
1374,2748,2253,0.014292055037727475,0.00951274583557031,0.01388772894258752,9.855508429872673e-19,0.0045830096361476926,0.004306990088343536
1375,2748,2261,0.008757187085360461,0.008999581651541121,0.006137450086078669,-0.002432551968155682,0.0030003565363822516,-0.0008424681920634198
1376,2748,2265,0.012450331125827814,0.01149848713099015,0.00937747964118253,-0.005298013245033114,-0.0008411373529533032,-0.0027621584582399905
1377,2748,2270,0.00775330396475771,0.0062828972907478875,0.0030481905942689323,-0.0060352422907488995,-0.0005905211478782472,-0.0056587916837542995
1378,2748,2313,0.008733246865542586,0.006332457164256421,0.004888503972903363,-0.004712494595763078,0.0014729158488174198,-0.0031259185353774313
1379,2748,2275,0.01142857142857143,0.011869130225478074,0.00882463599758592,-0.003384615384615385,0.0051536850945075,-0.000694572900041128
1380,2748,2285,0.007964989059080965,0.0068412433148412515,0.00536044891837824,-0.0021881838074398244,0.003471285573647337,-0.0008190943712146531
1381,2748,2257,0.007886575099689855,0.006312102982279384,0.005490952982905141,-0.006335844040762073,0.0017827038450888243,-0.00325889905149549
1382,2748,2270,0.006167400881057269,0.005447608455082355,0.003541320374306715,-0.003744493392070486,0.002308779944005297,-0.003024587591344653
1383,2748,2280,0.007280701754385966,0.008530641456028836,0.004585182045939862,-0.0033771929824561397,0.0035611459534969775,-0.0018033585422542236
1384,2748,2304,0.00798611111111111,0.008344665330628002,0.0062866517145546376,-0.0018663194444444439,0.006076431993977747,0.0005296611647347085
1385,2748,2216,0.012454873646209386,0.009564083841296084,0.008978899428182271,-0.0046028880866426,0.0023645864941570127,-0.0018913831725811373
1386,2748,2250,0.006755555555555557,0.00860583989959154,0.005416565652673398,-0.007333333333333335,-0.0013049092826053481,-0.004372967978054021
1387,2748,2263,0.007335395492708793,0.009129463071652027,0.0046780665282454585,-0.0022094564737074685,0.002788219401275457,-0.0018494203767224183
1388,2748,2246,0.009617097061442564,0.004835299489918703,0.005209765620770616,-0.004051647373107746,-0.0009722135432932166,-0.0040061830233002116
1389,2748,2289,0.012145041502839671,0.01365227240926539,0.011398120503596858,-0.0035823503713411967,0.004979547431210674,0.0012327263930751106
1390,2748,2258,0.0064658990256864475,0.008744473160980986,0.0019420059544029006,-0.0043844109831709475,0.003394885652659201,-0.004276416017456241
1391,2748,2294,0.009154315605928508,0.006253852467885856,0.0063698855262099285,-0.00047951176983434895,0.003636374401893746,0.0007492626078890243
1392,2748,2279,0.009477841158402809,0.006849572046175084,0.0068127122556255635,-0.004168494953927161,0.0023431101981804072,-0.0011937241717897007
1393,2748,2272,0.011179577464788733,0.00939862406299393,0.007493256412869652,-0.003080985915492958,0.0030775692636693906,-0.0011555319189794947
1394,2748,2318,0.010612597066436583,0.008079996445540954,0.00506891949690528,-0.004616048317515098,0.004352303478919783,-0.00413166876741651
1395,2748,2243,0.004547481052162282,0.005574127089328791,0.00440893397028499,-0.004413731609451627,-0.0010345014346904544,-0.002632383067012263
1396,2748,2286,0.008486439195100613,0.009719128762172142,0.008962246949463563,-0.004593175853018373,0.002591783976103653,3.980513346752641e-05
1397,2748,2254,0.00709849157054126,0.004663389528679547,0.0026313767938003787,-0.00385980479148181,0.0015860610613355314,-0.003645437401648006
1398,2748,2266,0.007237422771403353,0.009806950330747561,0.006496405619507521,-0.000926743159752869,0.004584565535937328,0.0010727896644434265
1399,2748,2272,0.008538732394366196,0.0068039526824889935,0.005383419237888505,-0.006205985915492957,-0.0008429227822073464,-0.004335416064797149
1400,2748,2275,0.009758241758241758,0.008255153167527876,0.005249760954615214,-0.007208791208791211,0.0002370787410247429,-0.005393681338204551
1401,2748,2267,0.011204234671371858,0.00939822114486499,0.009781363665456354,-0.00388178209086899,0.0019054948145715504,-0.0008031451239656877
1402,2748,2274,0.0060686015831134575,0.009095359047658453,0.005358829107166731,-0.0013632365875109933,0.003843592314873559,0.00017509263433426012
1403,2748,2294,0.004795117698343505,0.007893551001384532,-0.000643277469017865,-0.001264167393199651,0.00430587039505192,-0.003407235976157793
1404,2748,2294,0.008805579773321708,0.006577827562873652,0.004253367151010043,-0.007497820401046209,-0.0013447891746295047,-0.006795716161510921
1405,2748,2278,0.006409130816505707,0.004692039034528095,0.003270950065385167,-0.002458296751536435,-0.00020724997643218273,-0.0034079354249631193
1406,2748,2291,0.007158446093408993,0.007009535925604522,0.004843994301211832,-0.004801396769969445,0.0035701158305698846,-0.0026125661585270927
1407,2748,2263,0.008219178082191782,0.010306420254899588,0.009685235861454256,-0.0041979673000441895,0.0038122269638089074,0.001117364444813741
1408,2748,2272,0.010827464788732396,0.009515178598180017,0.007862292312261203,-0.0007042253521126765,0.006360853213517138,0.0011909721358801225
1409,2748,2259,0.0100929614873838,0.008592043993938597,0.0083876496298656,-0.00628596724214254,0.0005125185419599104,-0.0026739040854471935
1410,2748,2282,0.008413672217353198,0.006086077441099342,0.004931219716639948,-0.0056529360210341795,-0.0019291333931232316,-0.004320702921285096
1411,2748,2277,0.005357927097057533,0.0075607589285311945,0.0018431464182571391,-0.0051822573561704005,0.0023683274945386994,-0.004554292570140439
1412,2748,2270,0.010660792951541851,0.009641101175412855,0.008128812202167207,-0.004317180616740087,0.0019433436818177554,-0.001344113086838247
1413,2748,2274,0.002462620932277925,0.004175104674777848,-0.0011075155358794037,-0.004881266490765172,0.004365502811838115,-0.004821314787623794
1414,2748,2315,0.0041468682505399574,0.007213521726617565,0.001822116270321953,-0.002462203023758099,0.0024866570592238855,-0.002002497974884143
1415,2748,2268,0.009523809523809525,0.007451116085133238,0.0040859935868428785,-0.005379188712522047,0.001188688508084254,-0.004952936177653632
1416,2748,2280,0.009385964912280702,0.007402437703202008,0.007407005834485223,-0.002675438596491228,0.003370890450772309,-0.000256313178729919
1417,2748,2306,0.008152645273200348,0.009375314712245723,0.00671402624008506,-0.002341717259323504,0.0031584922740928423,-0.00043312312716825156
1418,2748,2305,0.011626898047722344,0.009733555047134286,0.006561824582138642,-0.0037744034707158348,0.0005188702166899626,-0.0034178822346648116
1419,2748,2292,0.00724258289703316,0.009809234391387967,0.004407750512629275,-0.005279232111692845,0.001144560883404903,-0.003667561193380725
1420,2748,2292,0.00881326352530541,0.00801424851272335,0.0052759652520773135,-0.004886561954624783,0.002100118877702487,-0.0033796453047797072
1421,2748,2255,0.007982261640798228,0.007031134662768999,0.005483210874675692,-0.005498891352549889,-0.00031613742618800034,-0.003930012962942258
1422,2748,2264,0.010159010600706713,0.008744178839069638,0.006270036172817155,-0.005874558303886926,0.0019505535715120708,-0.0036300749119464112
1423,2748,2271,0.007661822985468958,0.006757720601498504,0.002581474005284044,-0.005944517833553501,0.0008976860414909231,-0.00615290810995961
1424,2748,2268,0.011904761904761906,0.009128638779153514,0.009186266501421987,0.0011022927689594366,0.006405868485406615,0.0027757607370697017
1425,2748,2283,0.0037669732807709146,0.00542295213616816,0.0023345889521703576,-0.006789312308366185,-0.00024292489058324291,-0.004707919737789776
1426,2748,2266,0.010767872903795233,0.009364912793501039,0.006087777906362058,-0.0024713150926743157,0.002827302588477951,-0.0023782566554157065
1427,2748,2275,0.004923076923076922,0.006790634333576619,0.0031655083982017763,-0.008000000000000002,0.001046353689041126,-0.0051846108087632466
1428,2748,2253,0.01349312028406569,0.010462336252133223,0.009223848591564226,-0.003550821127385708,0.003127360590212175,-0.0007555777937192244
1429,2748,2268,0.004497354497354499,0.00870164235057108,0.0037827001173207707,-0.005687830687830687,0.0018716471597108016,-0.0032350717702047302
1430,2748,2276,0.009666080843585237,0.010285940500689133,0.008832761851941595,-0.0016256590509666072,0.0036310110953032223,0.0007939409602217824
1431,2748,2244,0.01087344028520499,0.01238071227298381,0.011125703266424956,-0.003787878787878789,0.002754932737426872,0.0006647303935213625
1432,2748,2288,0.009877622377622379,0.006308849230999546,0.005781598397446309,-0.003933566433566434,0.004559343077359814,-0.001939182786257087
1433,2748,2272,0.009330985915492957,0.008288240030782837,0.006576848536747205,-0.0017605633802816902,0.0025010441319695442,-0.00042067460075649973
1434,2748,2279,0.011847301448003509,0.007733725504757955,0.004551426178672282,-0.0017551557700745948,0.0041023344120844196,-0.003376709374587608
1435,2748,2247,0.006675567423230975,0.008010098209491999,0.006339178013637057,-0.005607476635514019,0.003936183289876923,-0.0012140801081247077
1436,2748,2295,0.004183006535947712,0.0034629703760883264,0.0016851996836875212,-0.006971677559912854,0.00039804043890714685,-0.0055315643754404115
1437,2748,2268,0.01419753086419753,0.012182664660538916,0.01468510880270856,-0.004188712522045855,-0.0005687473851519861,0.001270439149037736
1438,2748,2273,0.010030796304443465,0.00910711812070545,0.007649439924725279,-0.0006159260888693356,0.004542876337557255,0.000859826330486024
1439,2748,2250,0.010844444444444443,0.010573792558187523,0.009367314120649398,-0.004177777777777777,0.0007747613259293335,-0.0009161767793721393
1440,2748,2280,0.007543859649122807,0.009916003629858594,0.003883666854370975,-0.007719298245614034,-0.0001864896438851016,-0.006476609333736619
1441,2748,2283,0.009986859395532195,0.009426295207489664,0.006494786539342565,0.000350416119141481,0.007151065866860393,0.0016470736832725418
1442,2748,2275,0.00378021978021978,0.0075156439211266956,0.003787874304826405,-0.008000000000000002,0.0008193294230187627,-0.0047169644229327085
1443,2748,2287,0.005946655006558811,0.0073693813164107825,0.003093256544722974,-0.0022737210319195462,0.004891420955631171,-0.0011800755512949696
1444,2748,2235,0.011275167785234899,0.009632824311282913,0.008733177126758269,-0.006756152125279642,0.0032874359589048717,-0.002394821560594006
1445,2748,2265,0.004238410596026491,0.0079853769993642,0.0008056607446134041,-0.004282560706401767,0.003085209267790211,-0.0039980955947522484
1446,2748,2269,0.011811370647862494,0.00644740564120012,0.007952718423801108,0.0015425297487880124,0.008010051588628933,0.0025386352056202166
1447,2748,2276,0.010193321616871706,0.007399688767479892,0.008592138170277526,-0.0016695957820738127,0.004214682656450417,0.001287170242792133
1448,2748,2251,0.0055086628165259876,0.008495451270633904,0.004240839183318577,-0.003953798311861396,0.0028697570846626026,-0.0016054547042009726
1449,2748,2264,0.009275618374558306,0.010465522430714268,0.008117817334696388,-0.005256183745583038,0.00487651712951634,-0.0007945206402125395
1450,2748,2285,0.007177242888402625,0.009283069808899296,0.005504831501214469,-0.004638949671772429,0.004208228782051926,-0.002519131269006611
1451,2748,2273,0.013198416190057193,0.009071930611840678,0.010779581297594093,-0.0009678838539375283,0.0023443467800105867,0.0016712836494383893
1452,2748,2279,0.009741114523914,0.010710963589888807,0.0077905375491772785,-0.0030276437033786747,0.003964212944372914,-0.0004813954350624211
1453,2748,2296,0.008275261324041812,0.007406438257425576,0.003930402946540241,-0.0046602787456446,0.003187152827587892,-0.003394615202591267
1454,2748,2277,0.0103645147123408,0.008241896773856418,0.00725416437847577,0.000395256916996047,0.0048853192587496545,0.0012812300382141462
1455,2748,2267,0.009175121305690339,0.007516325488390898,0.00619773246402269,-0.005910895456550507,0.0012468416254375785,-0.004188426055840151
1456,2748,2295,0.006710239651416124,0.007377866913675037,0.0030865650701666263,-0.00374727668845316,0.0030302020122863287,-0.003166515654986994
1457,2748,2286,0.008573928258967628,0.00746141439754462,0.006291128401045157,-0.0038057742782152226,0.003312225260527337,-0.0015817099726273425
1458,2748,2285,0.0033260393873085345,0.004728331603775386,0.0016658459263096902,-0.004157549234135668,0.001815658767015804,-0.0033801155613117353
1459,2748,2280,0.009912280701754386,0.009613701646506538,0.008882881781301673,-0.0066666666666666645,-0.00030410570988546323,-0.0025430934771931745
1460,2748,2305,0.006160520607375272,0.008805234029697706,0.0004659115627287599,-0.003904555314533623,0.0007194871858769184,-0.005582661242206592
1461,2748,2262,0.015119363395225462,0.010607299683439517,0.01150212828095263,-0.0015915119363395232,0.005381004124043375,0.0011812819753081064
1462,2748,2269,0.008197443807844866,0.0062374648619251925,0.006464894231464753,-0.005773468488320846,-0.00025699526355477527,-0.0026730096636165147
1463,2748,2305,0.009284164859002169,0.007666205615180549,0.007360633499898539,-0.006854663774403471,5.168663476473567e-05,-0.003453133438143244
1464,2748,2304,0.008506944444444444,0.009650896637893746,0.00502727026603697,-0.006901041666666667,0.0009991353588722912,-0.0050809482524399804
1465,2748,2292,0.004973821989528797,0.009136852548492837,0.004813763216404163,0.0006108202443280967,0.005099265550203094,0.0016880003237814936
1466,2748,2287,0.006383909051158722,0.005836261656653956,0.00508192530882834,-0.004984696108439003,0.0008130852033830638,-0.00257418573733465
1467,2748,2301,0.010256410256410256,0.01038345972701522,0.008456218397469172,-0.005128205128205127,0.0022759598861473995,-0.00199893623520653
1468,2748,2271,0.009863496257155439,0.011756102226566626,0.007416696979161117,-0.0047556142668428005,0.0030563961138309168,-0.001698376297308693
1469,2748,2269,0.006610841780520053,0.006901821350526447,0.0038642184044332013,-0.004186866460996034,0.00198917442379119,-0.0028705559792672037
1470,2748,2261,0.008403361344537815,0.007915746151647446,0.006896629200294476,-0.0017249004865103924,0.003947365376798162,0.0002979114415085589
1471,2748,2234,0.009310653536257835,0.007661537712181328,0.007905639716418805,-0.004431512981199641,0.0016472034543008433,-0.0013034106605936632
1472,2748,2296,0.005487804878048781,0.004099455418206948,0.0008285018726771333,-0.001524390243902441,0.0012489472747674348,-0.003527567642020543
1473,2748,2241,0.008924587237840249,0.00845553464071542,0.006651511769961148,-0.004328424810352521,0.002532638056686594,-0.0015800042349998788
1474,2748,2273,0.006335239771227453,0.0045508277512726816,0.0026572670243670696,-0.0035195776506819175,0.0027284230408486623,-0.0033503287037267696
1475,2748,2289,0.008038444735692441,0.005827713370071164,0.00785514880210965,-0.004674530362603757,0.0009060504686129093,-0.0010900946409509618
1476,2748,2301,0.01295089091699261,0.009119307543655501,0.007908069055089588,-0.003911342894393742,0.004290240821481425,-0.001724512202398527
1477,2748,2269,0.009519612163948877,0.008651172691023171,0.008875275194243934,-0.003657999118554428,0.004028741939956318,0.0006620802592966961
1478,2748,2291,0.010126582278481015,0.010908471026749494,0.006971095776574064,-0.0036665211697948495,0.006460910742083094,-0.0013760790433770516
1479,2748,2234,0.004565801253357206,0.007374841701130845,0.0027767812591140105,-0.004521038495971351,0.0013170123007105873,-0.0037904825881223863
1480,2748,2284,0.013572679509632224,0.008178761189098445,0.012551541078569912,-0.007049036777583188,-0.000932463943673223,-0.001600162913699573
1481,2748,2291,0.007420340462680052,0.007378079178572971,0.005780788694944833,-0.0027498908773461368,0.002571843143834423,-0.001118176425321431
1482,2748,2258,0.011160318866253323,0.00880084637016277,0.008988013571338481,-0.003410097431355181,0.0016506104901016598,-0.00042616997843935976
1483,2748,2281,0.009031126698816307,0.009092196953747264,0.009111360327528125,-0.0010960105217010083,0.006960642758156629,0.002909325236931238
1484,2748,2268,0.00908289241622575,0.009175642359147678,0.003200535439171482,-0.0031746031746031737,0.003482845671434798,-0.0034537488769251145
1485,2748,2326,0.009544282029234739,0.00965073455551974,0.005523682803394943,-0.003009458297506448,0.0029797443532086428,-0.0021283641546052763
1486,2748,2234,0.004476275738585497,0.007543387198789092,0.0032043791658185024,-0.004565801253357207,0.0009519738210569461,-0.0028790622109701814
1487,2748,2264,0.009275618374558304,0.0094452281482911,0.010794485333304845,-0.001545936395759717,0.005401003688742515,0.0033654367459011684
1488,2748,2287,0.008395277656318322,0.006774093631256891,0.007780239634945708,-0.009575863576738087,-0.0016778927894867883,-0.004241003986877779
1489,2748,2260,0.00991150442477876,0.011961297480053791,0.009012032355227274,-0.006415929203539823,0.0018364020029773206,-0.0023622019973427856
1490,2748,2256,0.009929078014184396,0.008501459170588064,0.006969878576882453,-0.007313829787234043,-0.0006833786942984901,-0.004505462707839965
1491,2748,2288,0.009353146853146853,0.00903698954929652,0.007672002207990566,-0.001704545454545454,0.001464463946802434,0.00023306396588454052
1492,2748,2260,0.012566371681415929,0.008539201994382305,0.009875451210798455,-0.00345132743362832,0.0002730921807036303,-0.0008739705930556739
1493,2748,2280,0.005263157894736843,0.0041297481651763335,0.0025638406222810353,-0.0035964912280701767,0.0003543202901783401,-0.0031963764986510114
1494,2748,2285,0.00761487964989059,0.009505312088345435,0.004775082572381042,-0.00437636761487965,0.003303550843332931,-0.0022380019648066208
1495,2748,2283,0.008672798948751642,0.005955352242057736,0.004708520417728696,-0.004949627682873411,0.0015272628011225944,-0.0036841856111843705
1496,2748,2285,0.008840262582056894,0.00653743429346076,0.0046093441089492745,-0.0022757111597374196,0.004772522829864217,-0.0018251155135608902
1497,2748,2270,0.00722466960352423,0.007035797482470165,0.004417348667497029,-0.0033039647577092508,-0.0002564003285887963,-0.002757676984282047
1498,2748,2291,0.006023570493234396,0.007673039314543397,0.004150022745569171,-0.005630728939327804,0.0010360108794262837,-0.003278890912476025
1499,2748,2283,0.004818221638195356,0.004578241155027926,0.0021951212583194175,-0.002759526938239159,0.0022495891689332708,-0.002867682804929777
1500,2748,2287,0.01180585920419764,0.013799635555551065,0.009453076660081215,-0.0033231307389593357,0.005550382215191076,-4.077935788402557e-05
1501,2748,2315,0.009589632829373652,0.009928190979735607,0.007710714669141745,-0.0038444924406047533,0.003933263398603952,-0.0010999633237929885
1502,2748,2322,0.007321274763135229,0.011202871459223777,0.006597099946646061,-0.005297157622739019,0.002712744723501095,-0.002312890536879562
1503,2748,2220,0.0027027027027027033,0.0037373221811001526,-0.0016452816505207767,-0.007612612612612612,-0.0017666817287093999,-0.008001894194718088
1504,2748,2315,0.008812095032397408,0.008846862304966167,0.007292024437676037,-0.006911447084233261,0.0028080830869478567,-0.0029095022586078105
1505,2748,2304,0.0075520833333333325,0.008536652281559825,0.00783069748792666,0.0008680555555555554,0.007379771466399201,0.0039660166624447424
1506,2748,2285,0.0049015317286652095,0.007199249515695753,0.004377781956664774,-0.004595185995623633,0.0024592707633405344,-0.001669211649628483
1507,2748,2329,0.010562473164448262,0.009860573619041033,0.008259878218584826,-0.0014169171318162309,0.0027586368551592534,0.000428857155623037
1508,2748,2287,0.00454744206383909,0.003948753310890589,-0.00030658629201846016,-0.0030170529077393976,0.0016995697569050022,-0.0050520475127480684
1509,2748,2265,0.009183222958057395,0.00980794587456875,0.004377839237570519,-0.0019867549668874163,0.0026615064664883893,-0.002114174011438769
1510,2748,2331,0.00875160875160875,0.011046533624728547,0.007259332626459541,-0.003432003432003431,0.004341782338590229,-0.00036846545804842976
1511,2748,2276,0.0034270650263620384,0.004047856726805729,0.0007786589018027308,-0.005360281195079087,0.002447101186231463,-0.004735889633505326
1512,2748,2269,0.004407227853680036,0.005536517086921509,0.004133990123562526,-0.004980167474658441,-0.001857042719161998,-0.0026415364974231286
1513,2748,2272,0.008098591549295774,0.011103523688160243,0.005200633447649499,-0.0035211267605633817,0.005209683133540585,-0.0020911068622203144
1514,2748,2308,0.00658578856152513,0.0056007179410157894,0.005356920628601351,-0.00684575389948007,-0.0016707958941266014,-0.004524728328588874
1515,2748,2251,0.010573078631719236,0.00786687104820764,0.007436939277893722,-0.0011106175033318525,0.003227256285907761,0.0005839349241790978
1516,2748,2310,0.00813852813852814,0.00665683179274548,0.005313603260621468,-0.005757575757575758,0.003887514580294377,-0.0032298228868896336
1517,2748,2260,0.008849557522123895,0.004723874194253204,0.002465941268697813,-0.0034513274336283204,0.003515142564161752,-0.003861281754413263
1518,2748,2295,0.007233115468409586,0.004377500955110012,0.0019256102664037887,-0.001045751633986929,0.005183261833606423,-0.00187703768608017
1519,2748,2288,0.007692307692307693,0.00814821715076632,0.0043620740508409205,-0.003977272727272726,0.0031000348229822464,-0.0024941253612076756
1520,2748,2254,0.007453416149068324,0.006626844461548867,0.0036001220571622713,-0.006965394853593612,0.0004953642826985338,-0.005665833931496595
1521,2748,2294,0.006538796861377507,0.005499625319615657,0.003935968969001573,-0.003618134263295554,0.0032978574250935727,-0.002444232001300425
1522,2748,2302,0.008253692441355343,0.008334385346062114,0.006036888378702902,0.0002172024326672448,0.006744053030891202,0.0017539169801163617
1523,2748,2289,0.00524246395806029,0.006401602006393449,0.0032649490623173853,-0.004718217562254258,0.0008692679289558976,-0.0038273544642768976
1524,2748,2271,0.009070893879348306,0.008294360978026877,0.0054367110855992945,-0.002862175253192427,0.000763070796819312,-0.002645533466579385
1525,2748,2255,0.008159645232815965,0.005304087563482766,0.003975233715442449,-0.0026607538802660754,0.00274185559552451,-0.002342633649044389
1526,2748,2277,0.009486166007905139,0.006356502650750691,0.006341863942972738,-0.00417215634606939,0.0032953274183379574,-0.0017430953113917393
1527,2748,2276,0.0065026362038664316,0.008338962777774265,0.008568464707151434,-0.005887521968365554,0.0002448818358374529,-0.0006125542578633433
1528,2748,2257,0.007000443066016836,0.008979276752513886,0.004302180716612653,-0.004740806380150642,0.00011757214795508752,-0.003273028626180682
1529,2748,2259,0.00628596724214254,0.008184203680115808,0.005313877925417368,-0.004471004869411244,0.0016944219571957875,-0.0021139932325533804
1530,2748,2255,0.009312638580931265,0.01018368030330139,0.0069572627846565685,-0.0024833702882483375,0.002896137592177819,-0.0008402777384750445
1531,2748,2262,0.008664898320070733,0.008288254485879375,0.006628402550848392,-0.004111405835543766,0.002454039641104,-0.0019620993803916202
1532,2748,2279,0.008512505484861781,0.012411875553079375,0.004631373531560753,-0.0025449758666081616,0.004485835860457398,-0.001796669547054401
1533,2748,2266,0.006266548984995586,0.0053106063962468225,0.004477979327225762,-0.006840247131509269,0.0002708223735791053,-0.004086184322903547
1534,2748,2292,0.00968586387434555,0.011044045259255965,0.008394819375351985,-0.004668411867364747,0.0038628838274357676,-0.0005855976520793071
1535,2748,2293,0.008198866114260796,0.007518064357676372,0.006398917460728755,-0.003227213257740951,0.003342576650737852,-0.0006025692106384103
1536,2748,2267,0.009086898985443317,0.009203545416030792,0.0034861433372538222,-0.0026025584472871635,0.0026859340149932875,-0.003751551630739356
1537,2748,2272,0.005105633802816902,0.005002172974796816,0.0017751614455948288,-0.004577464788732394,0.0014223694759711936,-0.0037578863283068745
1538,2748,2329,0.005238299699441821,0.00532224621483735,0.001507860876816234,-0.0062687848862172605,0.0018518456580268574,-0.005065578275741574
1539,2748,2277,0.004830917874396135,0.004840582287212398,0.00429432016747264,-0.005445761967501097,-0.0005158906320197754,-0.0033221690569968645
1540,2748,2287,0.008132925229558373,0.009456315823772437,0.003406101828404067,-0.0029733275032794056,0.005165761786883646,-0.0024841313558685387
1541,2748,2289,0.00436871996505024,0.007816266666274165,0.002075117521377799,-0.006247269550021844,0.0007031793746138639,-0.004655336133352624
1542,2748,2255,0.01587583148558758,0.011317599442743518,0.01191097903587937,-0.00022172949002217276,0.004096543022217203,0.0019343218058618203
1543,2748,2256,0.012588652482269506,0.011663502119637292,0.011687231860441277,-0.0021719858156028383,0.005534917436004847,0.0024543210205047678
1544,2748,2281,0.009907935116177114,0.007138981891217684,0.004748097609917009,0.0001315212626041204,0.006571043521144158,-0.00020452800474045154
1545,2748,2288,0.012062937062937063,0.008118795426375022,0.007221117150265699,-0.004152097902097902,0.0031456043819436293,-0.002138704282388779
1546,2748,2283,0.008672798948751644,0.006076492711820268,0.006319257625506714,-0.005343845816907577,0.002376094117691403,-0.0025840387049117317
1547,2748,2253,0.005415002219263204,0.00612433572581368,0.004003610171314238,-0.0039502885042166,0.0032026683831943197,-0.0014462730506703031
1548,2748,2275,0.005450549450549452,0.004379320389386337,0.0038015818120748068,-0.003956043956043956,0.003252892875135189,-0.001823640497187316
1549,2748,2281,0.004734765453748356,0.005435580767831344,0.003324090583136335,-0.006400701446733888,0.0014895459346218598,-0.004195913047660333
1550,2748,2260,0.006637168141592921,0.0064206881823860125,0.0038752901500955362,-0.004469026548672566,0.0004480889788031576,-0.0032883014279852436
1551,2748,2276,0.010984182776801407,0.011237601943433078,0.005780596127907979,-0.003295254833040422,0.0027196784221347014,-0.0029942948980277665
1552,2748,2309,0.008315288003464703,0.009610464257751297,0.007881736573517845,-0.0030316154179298414,0.0028134826354897645,0.00045983123772034337
1553,2748,2285,0.01400437636761488,0.010664766740856476,0.010768052997493456,-0.0019693654266958434,0.004177787365122537,0.0007385070095928313
1554,2748,2310,0.00735930735930736,0.005473893513675368,0.0045238550177076125,-0.0058008658008658,0.0011952088591651929,-0.0036807622900213977
1555,2748,2281,0.00806663743971942,0.007517793184378807,0.007378238844235209,-0.0035510740903112676,0.000771281828403408,-0.0005198031599802846
1556,2748,2272,0.01056338028169014,0.008481358683016957,0.007648931869286918,-0.0006602112676056341,0.004189608568205066,0.0006832750270460116
1557,2748,2279,0.004914436156208863,0.0052894721932774495,0.0025641297404929925,-0.005353225098727512,0.0022923490960698,-0.003593442049061985
1558,2748,2294,0.011421098517872713,0.006688719192055981,0.004930232427665371,-0.001787271142109852,0.002615025617697613,-0.002432524112910135
1559,2748,2312,0.00467128027681661,0.005998673035328742,0.0025916904555349815,-0.0025519031141868513,0.0026121930046530918,-0.0017592946223614903
1560,2748,2265,0.006622516556291392,0.007987425211747622,0.006997538660532226,-0.002693156732891833,0.008693363801349899,0.002306880543748948
1561,2748,2313,0.005620406398616515,0.00374444169800981,0.001744060893086775,-0.0028966709900562055,0.0022032257222711596,-0.002789398605142348
1562,2748,2280,0.009122807017543859,0.007222848725035696,0.005326195811826481,-0.003377192982456141,0.003763320279179208,-0.0018630774377896842
1563,2748,2296,0.009930313588850173,0.00876098925678693,0.007319446691071008,-0.0025261324041811854,0.004521820746276568,-0.00026779838326419997
1564,2748,2275,0.00958241758241758,0.008819215827459358,0.006839783111495935,-0.0018021978021978012,0.0038388280320000474,-0.00038841727138936465
1565,2748,2280,0.00412280701754386,0.0051121889908052175,0.002565981382873165,-0.003815789473684211,0.0037062983384443244,-0.0023149264877493493
1566,2748,2295,0.01403050108932462,0.008640536253178977,0.010305988519227599,-0.0018300653594771254,0.0019614828236129036,0.00036794252791925324
1567,2748,2292,0.012041884816753928,0.0098839177218442,0.009732680018475433,-0.003795811518324607,0.0011684522575249035,-0.0007372821606497023
1568,2748,2310,0.008831168831168832,0.006303318494122383,0.0034456935341357635,-0.00541125541125541,0.0018947030218123774,-0.005030469484103458
1569,2748,2279,0.01184730144800351,0.010645431303189318,0.008876057720678105,-0.004124616059675295,0.005807966704679774,-0.0004949885316270924
1570,2748,2264,0.010689045936395759,0.007457793936657475,0.0055963198925767475,-0.00017667844522968194,0.004089084555744018,-0.0013556758610550497
1571,2748,2252,0.0108348134991119,0.01015666539682778,0.006909062889142196,-0.007460035523978686,-0.00010310261980195474,-0.004889670684315214
1572,2748,2294,0.00959023539668701,0.0077300967966254155,0.00817821628435374,-0.005100261551874455,0.004653863742741165,-0.0010481234617450645
1573,2748,2295,0.013333333333333334,0.009246219157184108,0.010238109570528432,-0.002832244008714597,0.0024830102755549707,2.1101989241159247e-05
1574,2748,2257,0.009481612760301286,0.009561930155392468,0.005741843909565517,-0.00465219317678334,0.0010482026287499018,-0.0034429833407183565
1575,2748,2273,0.009150901891772988,0.008887820444206294,0.008213794831117439,-0.006511218653761548,-2.1569382474506398e-05,-0.002581269991408791
1576,2748,2307,0.0028608582574772444,0.004296497879157811,-0.0012268785975580172,-0.008755960121369746,-0.0005986771012744606,-0.00911003174533163
1577,2748,2277,0.008519982433025913,0.0064595778155382005,0.005347400301008567,-0.0032498902064119458,0.004469762385204719,-0.0018251417140151638
1578,2748,2328,0.00859106529209622,0.006372215571182732,0.008310037583680428,-0.005197594501718213,0.0014899728982841773,-0.0010847981453763749
1579,2748,2288,0.008566433566433567,0.007326595735182077,0.005434563609422215,-0.0015297202797202797,0.004708400907538902,0.00014830861547387338
1580,2748,2289,0.008300567933595458,0.008005859840759997,0.004233395265189994,-0.004805591961555264,0.001637620904335271,-0.004063984220791218
1581,2748,2277,0.007992973210364514,0.008668648084044326,0.005837136114572216,-0.0018445322793148886,0.0005105536702810642,-0.0010703972528335003
1582,2748,2298,0.0075718015665796334,0.009464947289826846,0.005602853330016445,-0.004917319408181027,0.0030330749880211425,-0.0015116457156181841
1583,2748,2280,0.009473684210526316,0.006814274090037063,0.004442975348687398,-0.005043859649122806,-0.0012878089378043044,-0.004719702172743134
1584,2748,2314,0.008297320656871218,0.008137581856639178,0.0050619733852562965,-0.004019014693171997,0.0006295584223257742,-0.003422411026297679
1585,2748,2294,0.00924149956408021,0.007220810442714212,0.005469799702586625,-0.007933740191804707,0.0009508535024126106,-0.005387822825120947
1586,2748,2273,0.012230532336119667,0.006709610573143133,0.006558344758492954,-0.001407831060272768,0.0027618462682262113,-0.00097525355078603
1587,2748,2268,0.009171075837742506,0.010477011383263093,0.007702702019508396,-0.003924162257495592,0.004223965098410218,-0.00109433708506836
1588,2748,2267,0.009880899867666519,0.006703658241185501,0.00816825304541761,-0.0022055580061755625,0.004061223309166939,0.0007193185966519564
1589,2748,2294,0.007497820401046209,0.006964390610217527,0.003934652015673365,-0.0034873583260680036,0.004317063862229063,-0.0018902607772433816
1590,2748,2266,0.010414827890556047,0.006842315353888811,0.005300094282644154,-0.0018976169461606346,0.0002376414628859147,-0.0026032027465142738
1591,2748,2256,0.006560283687943262,0.007287844807681611,0.002120104823454677,-0.0031028368794326247,0.003904328760623814,-0.0034100405496485537
1592,2748,2277,0.0068511198945981535,0.007485885218640223,0.0033720263145245615,-0.0076855511638120365,0.001065981741287693,-0.005005439413791775
1593,2748,2246,0.007569011576135352,0.007115538851430172,0.004533652054937328,-0.0022261798753339277,0.0036287779748168654,-0.0013770039000681501
1594,2748,2272,0.005457746478873239,0.0050349238340880835,0.002333053572680915,-0.0031690140845070415,0.0033943310064539294,-0.0023533813910645786
1595,2748,2253,0.007101642254771415,0.008955612102026654,0.0035330126096469656,-0.0027518863737239258,0.0063036367025780275,-0.001558005875307087
1596,2748,2277,0.00808080808080808,0.008122014654034273,0.005931553167485809,-0.0021958717610891534,0.0030393980886080354,-0.000802140116239131
1597,2748,2279,0.012022817025010972,0.009664527391154186,0.010363342478780738,-0.004475647213690216,0.0025263600145664427,-0.0003626503590311827
1598,2748,2290,0.006200873362445415,0.005864727374451299,0.005241513174082333,-0.00646288209606987,0.000238591035970901,-0.003345112338765767
1599,2748,2228,0.013375224416517057,0.007881540775357375,0.0060320070961289995,-0.0024236983842010774,0.003007945781239169,-0.0029973530063902003
1600,2748,2285,0.008315098468271335,0.01147606701388253,0.006754809500216016,-0.004726477024070022,0.0023875146943056263,-0.001224827448651456
1601,2748,2283,0.010600087604029786,0.007876195588437543,0.006035207613272558,-0.00048182216381953554,0.002828942237311395,-0.0008971700777834915
1602,2748,2304,0.0078125,0.0052170316274777525,0.003661408941235431,-0.006293402777777777,0.0014299963901260157,-0.005021412381068759
1603,2748,2294,0.007846556233653008,0.008510791048170038,0.006880974508229737,-0.0014385353095030511,0.005108394522497126,0.0010125259922966299
1604,2748,2316,0.0031088082901554407,0.0041027717879045245,0.0015283515455110342,-0.006347150259067358,-0.00031406187465160665,-0.004783175560465368
1605,2748,2253,0.006480248557478917,0.007231053465442893,0.004951475653091173,-0.002219263204616068,0.003831669832917799,-0.000207842786333928
1606,2748,2263,0.006716747680070702,0.009802647673043128,0.005172440172002313,-0.003093239063190457,0.004144649458077479,-0.0011667522532425826
1607,2748,2287,0.006558810668998688,0.008247732414246749,0.0064686692165423785,-0.003935286401399212,0.0024485874905581136,-0.0009113028456134909
1608,2748,2267,0.01129245699161888,0.010533805287584005,0.011187570177892282,-0.002646669607410675,0.0037053889875901286,0.0022202767940925185
1609,2748,2266,0.005736981465136805,0.0063208543865887505,0.004585174166414733,-0.004854368932038835,0.0015899067241293059,-0.002309356077305898
1610,2748,2270,0.011365638766519826,0.008393820795104862,0.006496130534686344,-0.0007048458149779734,0.00870516224246055,0.0007547575065043806
1611,2748,2275,0.012483516483516484,0.0076409025141413135,0.008420889738963601,-0.002505494505494505,0.00025620296351803676,-0.0019220750246955443
1612,2748,2298,0.010269799825935597,0.009289938643750857,0.007984388324891626,-0.004525674499564839,0.0010354176688605174,-0.001970760101189311
1613,2748,2278,0.009482001755926252,0.00729740397707472,0.006564006495798899,-0.00553116769095698,0.004374158509140866,-0.0018626384461548704
1614,2748,2298,0.007049608355091383,0.007842163954055207,0.004769146655990519,-0.0031331592689295053,0.002408166825815245,-0.002133155709474025
1615,2748,2275,0.004395604395604397,0.008723101038349017,0.004073171992851869,-0.00698901098901099,0.001807981224110925,-0.0038208070389084948
1616,2748,2269,0.006346408109299251,0.007406091430598575,0.0052246833791231954,-0.0036139268400176288,0.0028889201560902546,-0.0015760982785425939
1617,2748,2307,0.009362808842652797,0.008694610151780363,0.007815450484021415,-0.005938448201127005,0.003317770964666107,-0.0018498674777147326
1618,2748,2300,0.008521739130434783,0.0076317082405985455,0.006891397041596504,-0.003086956521739132,0.005516049955311946,-0.0003504265352794958
1619,2748,2317,0.00984031074665516,0.009280094599686841,0.003336584628280272,-0.0015105740181268886,0.005397483033575241,-0.0030131505545394808
1620,2748,2291,0.008904408555216061,0.006215483279770397,0.004983835239408859,-0.0036665211697948495,0.000682822375123636,-0.003770179753893298
1621,2748,2264,0.0072438162544169625,0.006632491430814637,0.00425001647831944,-0.004151943462897526,9.038907133430095e-06,-0.003309863694153348
1622,2748,2282,0.011042944785276074,0.01056655563039851,0.008613748587670516,-0.004294478527607362,0.005560053004788033,-0.0007825666492249307
1623,2748,2247,0.00854472630173565,0.00794095000478203,0.006533955989079218,-0.003248776145972408,0.0034949871841608183,-0.0006803361844632713
1624,2748,2278,0.012028094820017559,0.008786475775719801,0.009635000696004191,-0.001712028094820017,0.002242164750398596,0.000491912409005819
1625,2748,2257,0.010988037217545413,0.007891338029907569,0.006995491066151291,-0.007089056269384138,0.0009952249224088668,-0.004921124777878376
1626,2748,2308,0.010138648180242633,0.007350176733048112,0.006132834975560272,-0.007279029462738304,-0.0014946002726914944,-0.005235929719657758
1627,2748,2292,0.009249563699825478,0.006243622519027567,0.005370886402036952,-0.0036649214659685873,0.0015822994880691614,-0.002754192268881086
1628,2748,2278,8.779631255487248e-05,0.0036153137337691815,-0.002803185961331511,-0.006145741878841089,0.00173165755286468,-0.006123486076473579
1629,2748,2302,0.011294526498696786,0.00980473649991359,0.005232624197339856,-0.004430929626411816,0.003753606200540809,-0.00403956899937498
1630,2748,2287,0.00839527765631832,0.008562543885191379,0.003603265835009704,-0.004897245299519021,0.003373896618643858,-0.0044206506066569945
1631,2748,2264,0.009628975265017667,0.007594949195764021,0.006316988824356851,-0.0012809187279151945,0.004144280514992201,-3.197120365167718e-05
1632,2748,2248,0.011743772241992884,0.013692189545647415,0.010985763836771714,-0.0018683274021352322,0.005341273837103532,0.002239477656118733
1633,2748,2289,0.007339449541284402,0.007317083555572724,0.007454320243435582,-0.0024464831804281344,0.002781065091078134,0.0009750647287280271
1634,2748,2285,0.008927789934354488,0.0044070273121596835,0.0035004833969196074,-0.004901531728665206,0.0008544011585201656,-0.005633556353618597
1635,2748,2264,0.01139575971731449,0.0066617760245229595,0.006006282360921632,-0.0045936395759717304,0.0023618424223380723,-0.0030154309243800993
1636,2748,2265,0.006269315673289183,0.006833014497798478,0.004226954716691866,-0.004061810154525386,0.004790438575491739,-0.0019184891856633885
1637,2748,2278,0.003775241439859525,0.005570529669401605,0.0009034746113860554,-0.005531167690956979,0.0032493237429932083,-0.004800797983166146
1638,2748,2281,0.005523893029373083,0.004927509244999046,0.0035754660389549567,-0.0034633932485751855,0.002143375806625652,-0.0017489065787150394
1639,2748,2276,0.008875219683655537,0.008429586510669655,0.006804490424972962,-0.004481546572934974,0.00305862802383499,-0.001808210861111708
1640,2748,2277,0.010013175230566534,0.008063077481189633,0.005581539003801647,-0.0031181379007465967,0.0027336144564200564,-0.0024112398998518084
1641,2748,2317,0.00906344410876133,0.011231599175224876,0.00863357856315888,-0.005653862753560641,0.0021658349679004223,-0.0009356540736876618
1642,2748,2340,0.005213675213675213,0.00653498901968337,0.004103176316763952,-0.005854700854700854,-0.0019262541202348775,-0.004411106129220792
1643,2748,2312,0.006833910034602076,0.004247224940297602,0.0032416243919531204,-0.006660899653979239,0.00046854474636273707,-0.005083792621541101
1644,2748,2266,0.008737864077669901,0.006068636357221691,0.005022440456824963,-0.0023830538393645197,0.004924471757522978,-0.0009629163746034443
1645,2748,2243,0.013999108337048595,0.010627383900550414,0.009890636737993272,-0.0035666518056174756,0.003713022425428666,-0.0009050306499943826
1646,2748,2283,0.009548839246605344,0.009291529149100133,0.008282855501925146,-0.004818221638195357,0.003218893335495029,-0.0012456176549458596
1647,2748,2280,0.008771929824561403,0.0068091416779428,0.008147790395199937,-0.003815789473684211,0.002959557811570712,0.0004013121410914427
1648,2748,2258,0.004871567759078831,0.007167146396315045,0.0030124566277933084,-0.005093002657218779,0.004480736546684814,-0.003097137109156718
1649,2748,2297,0.007139747496734871,0.008982749061282588,0.0034421179598935134,-0.005877231171092731,-0.0017184893174665061,-0.005536886558794583
1650,2748,2309,0.011173668254655695,0.009108701268930585,0.0074965480311634585,-0.0009527934170636648,0.0025622133928929675,-9.276231787698312e-05
1651,2748,2225,0.01258426966292135,0.011208884474096695,0.009018245988021454,-0.0034606741573033717,0.0031943760280447545,-0.0009845401442284232
1652,2748,2297,0.01279930343926861,0.012105642616630167,0.010503740464425093,-0.0037440139312146284,0.0016953018357214258,-8.45073069567546e-05
1653,2748,2222,0.005220522052205221,0.00567966336725001,0.0011723649214140791,-0.007470747074707472,0.003267624554870093,-0.006294444472319076
1654,2748,2257,0.0018608772707133364,0.006046246548481289,-0.001002086843085974,-0.003943287549844927,0.0031516671971513195,-0.003957877104216806
1655,2748,2294,0.01011333914559721,0.011093366007585443,0.008665592125925619,-0.005318221447253705,0.00411077045777686,-0.001271241503460267
1656,2748,2290,0.010480349344978166,0.009840824548868785,0.007922553761993122,-0.004978165938864629,0.004426586244726169,-0.0016691288043429685
1657,2748,2275,0.007912087912087912,0.006030963888768294,0.0037732449977651134,-0.003736263736263738,0.0004834351443218269,-0.0034933565474753007
1658,2748,2276,0.013532513181019331,0.006295660181837752,0.008372666740814931,-0.00048330404217926246,0.0043653462407512,0.00048341141115185567
1659,2748,2281,0.0070144673388864535,0.005099892362393869,0.004064151576983481,-0.0027181060938185004,0.0018075797278658537,-0.002268166739470824
1660,2748,2225,0.010067415730337079,0.009442011134338282,0.006153818371183771,-0.0052134831460674165,0.003669661838755871,-0.0030245456893176984
1661,2748,2257,0.010633584404076208,0.0076118867201900794,0.006535241696133405,-0.004563579973416039,0.0029433955760758542,-0.0027693545409333874
1662,2748,2291,0.002968136185072021,0.005163697518964351,0.0017334221500653732,-0.006329113924050633,0.002238410959892864,-0.004332181782045731
1663,2748,2276,0.003954305799648507,0.008534064359006902,0.0018959194547196277,-0.0017135325131810207,0.006900221999192578,-0.0007305776331803175
1664,2748,2292,0.011518324607329844,0.008844412944763617,0.009642502938965737,-0.003970331588132636,0.0013378418763143772,-0.0009863173772190245
1665,2748,2298,0.005308964316797215,0.008032586943991785,0.0035225534408835357,-0.005744125326370759,0.00548722601664394,-0.0029475021504011996
1666,2748,2259,0.008942009738822487,0.006910131041607759,0.006139550587588222,-0.00566622399291722,0.0010017144238757846,-0.0029214866815043252
1667,2748,2280,0.008070175438596491,0.007572662104990927,0.002943486684307863,-0.003991228070175438,-0.00035800256853212676,-0.0045269030656182535
1668,2748,2273,0.011702595688517378,0.008735717100067573,0.009718842789177177,-0.0016717993840739103,0.000874469912502963,0.0002871723790752313
1669,2748,2290,0.008820960698689956,0.009801035978489667,0.005569475270959031,-0.002794759825327512,0.004019310861345255,-0.0015716414779363024
1670,2748,2289,0.004805591961555265,0.007100713846951774,0.0025820592334040013,-0.005854084753167323,0.0011501490027124954,-0.004900580810988196
1671,2748,2300,0.014956521739130434,0.01400479608718212,0.011585952528796564,-0.002999999999999999,0.0033322895488116875,0.0004134218882107851
1672,2748,2252,0.007548845470692718,0.00645500204759449,0.006085113113797129,-0.007282415630550621,-0.00134253012197724,-0.003912253095697076
1673,2748,2284,0.008669001751313486,0.007484744779998105,0.005672640513071467,-0.0009194395796847634,0.007310521052420089,0.0008455144630489936
1674,2748,2251,0.00781874722345624,0.006629062869605003,0.0027016652670468406,-0.006352732119058196,-0.0006508530389980537,-0.006470642507423977
1675,2748,2298,0.008616187989556136,0.00699377077137948,0.007508551136970277,-0.004830287206266319,0.003558548208154239,-0.0014913791748445069
1676,2748,2280,0.002982456140350878,0.009110669046052606,0.0032875210375902823,-0.003464912280701755,0.004266665475726559,-0.0010620691243400707
1677,2748,2278,0.006057945566286215,0.0030633025034703734,0.005692969441302475,-0.007111501316944689,3.87473128743387e-05,-0.004046727047272719
1678,2748,2304,0.009809027777777778,0.006536750579910963,0.006045961195288486,-0.0048177083333333336,0.0003350305152405135,-0.0025502558965181995
1679,2748,2273,0.007391113066432029,0.006758104538147802,0.005658938365955986,-0.004927408710954685,0.000814580043475676,-0.0027497523520028434
1680,2748,2273,0.0086229652441707,0.01031718773786656,0.004847039994092074,-0.0038275406951165858,0.003998358172063541,-0.0025824818107607114
1681,2748,2233,0.01083743842364532,0.010135050928280896,0.010695145887272944,-0.0030004478280340344,0.0007647088597659432,1.5133168431801232e-05
1682,2748,2300,0.008782608695652176,0.009505661047553324,0.007702024565786036,-0.005521739130434782,0.0019794057456118046,-0.0015073970178362888
1683,2748,2253,0.010119840213049269,0.011604983420189102,0.006514574338590694,-0.00594762538837106,0.0026131045026782204,-0.0033560790320171794
1684,2748,2263,0.004595669465311534,0.0050718560479452125,0.005004612326014425,-0.003314184710561202,0.000962187548432162,-0.0008330570900198323
1685,2748,2260,0.007433628318584069,0.005922089013188162,0.003243288672997659,-0.004646017699115045,0.0009682344073862161,-0.004463418956622663
1686,2748,2267,0.008910454344949272,0.009036380578368348,0.0032145948719282066,-0.004896338773709749,0.0013921725262151618,-0.005158932958727962
1687,2748,2303,0.006252713851498047,0.006151720755321429,0.0016595728750910192,-0.005167173252279635,-0.0015886290714351003,-0.0059431984212197945
1688,2748,2294,0.011072362685265914,0.009886151163761644,0.007922415679000412,-0.005056669572798606,0.0007424030335488425,-0.002802344213486197
1689,2748,2272,0.01170774647887324,0.01001219155407758,0.009925745405809368,-0.0011443661971830982,0.004918056869883445,0.0017291178416298232
1690,2748,2267,0.007322452580502868,0.009850582090439215,0.0064096284989971644,-0.0017203352448169388,0.00439163055861616,0.00058220977281902
1691,2748,2275,0.006065934065934066,0.004543593589755783,0.002313317310932689,-0.004395604395604396,0.002331046096301332,-0.0038115372721724138
1692,2748,2282,0.0030674846625766863,0.0054378707735590545,-0.00013092336900997312,-0.005609114811568801,0.00444204491547189,-0.004780290146460349
1693,2748,2272,0.005369718309859156,0.008919297030034174,0.0048058651095306895,-0.003609154929577466,0.005902472805618119,-0.0009939799394916339
1694,2748,2271,0.011624834874504624,0.007343742971762143,0.006202699973011576,-0.0012329370321444303,0.0029024169617174636,-0.0010759862596621138
1695,2748,2300,0.004608695652173913,0.005133365324007733,0.005157706762194173,-0.006695652173913043,0.0009559290009054941,-0.0026657479150625474
1696,2748,2253,0.00861074123391034,0.007471685021513766,0.006871005559698239,-0.004083444296493565,0.00522762633476318,-0.0006439887267587783
1697,2748,2303,0.009813287016934433,0.005990488137615295,0.00640654103928826,-0.004298740772904906,5.405406808389249e-06,-0.0029518341209129263
1698,2748,2247,0.006497552291944815,0.00599354420004285,0.004776026198050642,-0.00284824210057855,0.0034145507852918543,-0.0010011562117018492
1699,2748,2275,0.010637362637362638,0.010349785808334766,0.00643973217128712,-0.003560439560439561,0.003779685334567575,-0.0023114582219788647
1700,2748,2287,0.008220376038478354,0.0074164296856521076,0.00963710764155565,-0.004110188019239177,0.004307754095818194,0.001686740372580425
1701,2748,2287,0.0062090074333187575,0.005425369781783244,0.0014697095098625272,0.00030607783121993856,0.0023077967374904645,-0.0019911458353800223
1702,2748,2250,0.009066666666666666,0.007424420007592485,0.0036702620574276287,-0.002222222222222223,0.006222543236429076,-0.0022392265542938478
1703,2748,2275,0.005274725274725275,0.00626290052275597,0.002369964361505994,-0.004483516483516483,0.0007228705763456052,-0.0036971041116512704
1704,2748,2278,0.006145741878841089,0.0081708953155524,0.0030556986976028127,-0.0039508340649692724,0.002646077015679569,-0.0026812787020710775
1705,2748,2255,0.00656319290465632,0.007087391435874473,0.004970053516363472,-0.005587583148558758,-0.0007986851685450998,-0.003534287356368742
1706,2748,2315,0.006738660907127429,0.009144609649099677,0.002517867942375518,-0.0035853131749460053,0.003057893575809875,-0.0028646178404422933
1707,2748,2285,0.005514223194748358,0.0035483730329060876,0.002016326574452816,-0.008402625820568926,-0.0036465409245461564,-0.008050267652684198
1708,2748,2313,0.00890618244703848,0.006194275324926036,0.0064873499759874045,-0.0032857760484219624,0.0021856302498951905,-0.0012241852329969325
1709,2748,2277,0.004655248133509003,0.008800257086595308,0.0021283506550343976,-0.004347826086956521,0.0021153491406354875,-0.00407716367603732
1710,2748,2278,0.008955223880597014,0.006143918652164776,0.00414321935324723,-0.0017120280948200181,0.003678781919886721,-0.00216225872744602
1711,2748,2285,0.011903719912472646,0.008511139748250256,0.009002816743164825,-0.00389496717724289,0.0002560698710745065,-0.0020055718247755654
1712,2748,2258,0.009920283436669619,0.0069085397380534005,0.007766032911778589,-0.006731620903454386,-0.0005381580001411741,-0.0033485078735054265
1713,2748,2273,0.012758468983721951,0.011703903182885254,0.01146591716453858,-0.003783545974483062,0.003625487427294473,0.00036468160427186665
1714,2748,2277,0.00588493631971893,0.007398847069392842,0.0038581439545655005,-0.002283706631532718,0.004893721790633718,-0.0012462575756724693
1715,2748,2314,0.0019014693171996552,0.005374366260788191,0.00032464287083482974,-0.00790838375108038,0.0014307975886060807,-0.006087170791488632
1716,2748,2274,0.011169744942832013,0.010371947746209953,0.00966682484786734,-0.002154793315743184,0.0017241808107504872,-0.0001445855418169478
1717,2748,2276,0.011159929701230229,0.009741764065411334,0.008677328213450465,-0.0035588752196836554,0.0014411824282837807,-0.0007803734447329075
1718,2748,2287,0.015041539134236987,0.011916015400377821,0.011029716208740395,-0.0035854831657192825,0.0035487529749788915,-0.0005799731825253072
1719,2748,2266,0.005913503971756398,0.007758975936403804,0.0035695257617572975,-0.0040158870255957635,0.0045855316510954374,-0.0023865701298782273
1720,2748,2302,0.0072980017376194604,0.007517332342220081,0.0030752855680680757,-0.005386620330147698,0.00040423192033060736,-0.005032847674168431
1721,2748,2254,0.00585625554569654,0.0066674588708486564,0.00445474378169294,-0.002706299911268856,0.0011892215478944528,-0.0010017945021315435
1722,2748,2296,0.008623693379790943,0.007776352794411717,0.00586936741103581,0.0002613240418118459,0.004492840402240734,0.000756081585951426
1723,2748,2281,0.01017097764138536,0.010355486344748243,0.009721677242626896,-0.00780359491451118,0.0001648785889208402,-0.0026150803155552383
1724,2748,2306,0.009540329575021683,0.006510847619311855,0.006324984886221241,-0.00411968777103209,-0.0006259618689625386,-0.002688552845855502
1725,2748,2288,0.008216783216783216,0.00701493465840618,0.005800417511791095,-0.005681818181818181,0.001112009441878849,-0.0035773539810810533
1726,2748,2285,0.0062144420131291025,0.004642857836619371,0.0015692615456637904,-0.004901531728665208,-0.00016197718805727236,-0.005588222323157393
1727,2748,2276,0.0057117750439367315,0.008947823167008812,0.0038316705566184984,-0.004789103690685414,0.005926900914452431,-0.0024336122559600448
1728,2748,2270,0.007577092511013216,0.005392344623966492,0.004960003406359541,-0.0015418502202643161,0.003588356222470634,-0.0009477171647401374
1729,2748,2281,0.008329679964927663,0.00844171570072027,0.005922094241912397,-0.0035510740903112676,0.0037739641181117173,-0.0011850506425801087
1730,2748,2284,0.008406304728546409,0.008011240849220778,0.006339388508909305,-0.0019264448336252194,0.003870642581901328,0.00022666995161342118
1731,2748,2303,0.00842379504993487,0.0115261222378311,0.007685101479153576,-0.0032566217976552317,0.004079398509611034,0.00013123164538116612
1732,2748,2283,0.00621988611476128,0.005938710068682224,0.004292863113837337,-0.001138852387209811,0.004467913380227347,-0.0005224990037494495
1733,2748,2258,0.00717449069973428,0.007537892576428383,0.002351818371690654,-0.004650132860938883,0.0036824611292736783,-0.003747446976472815
1734,2748,2276,0.008611599297012303,0.008396373587028294,0.00540472866522637,-0.005316344463971881,0.0009403428628937488,-0.003709729584625019
1735,2748,2276,0.010369068541300526,0.007075986921093692,0.004993628456446091,-0.004569420035149385,0.0010715537419628328,-0.004317403569432683
1736,2748,2266,0.007855251544571932,0.005071811716825047,0.004612485882443321,-0.008075904677846425,0.0014404032070025152,-0.005248564598061895
1737,2748,2260,0.012654867256637168,0.00903420794310551,0.007828567772317822,-0.0026106194690265487,0.003908889545089603,-0.0018673699334966923
1738,2748,2301,0.006518904823989571,0.005989770920522278,0.0035813433120727503,-0.0009126466753585419,0.0032182658417847757,-0.0005643474982634142
1739,2748,2275,0.00465934065934066,0.005574867124432764,0.0014196248424938572,-0.011868131868131869,-0.00048244553534084703,-0.008930565012639283
1740,2748,2282,0.010604732690622261,0.005878941434813582,0.004740347152442626,-0.005433829973707273,-0.0018899054644273276,-0.005482570947392323
1741,2748,2288,0.009440559440559439,0.008632395686990155,0.006100698202646779,-0.0021853146853146855,0.002560414142913578,-0.0010199466107271655
1742,2748,2278,0.0064091308165057075,0.010284742142763459,0.003572415368398735,-0.0025899912203687448,0.006747060396447188,-0.001180117392396321
1743,2748,2273,0.007743070831500221,0.008891753955935855,0.004886449405955253,-0.003519577650681919,0.0011659272532990018,-0.0026717078026817632
1744,2748,2268,0.0026455026455026454,0.008766681596423645,0.005094987201341691,-0.0037918871252204584,0.006280099066627965,0.0008697961426154832
1745,2748,2236,0.003398926654740609,0.007601405197927852,0.0020193506550187316,-0.0072898032200357805,-0.0007688304114198446,-0.005488228849769686
1746,2748,2310,0.004761904761904762,0.007255328596860359,0.0027520639948969924,-0.0031601731601731595,0.0014974433193295652,-0.0024240588157786722
1747,2748,2279,0.0038613426941641067,0.006892456118771236,0.0023859662813130633,-0.003992979376919702,0.0009011153974862839,-0.0027669240889585745
1748,2748,2274,0.006420404573438874,0.007801387827091641,0.008980944220920084,-0.007519788918205803,0.0006344212996719502,-0.0016746211775207232
1749,2748,2293,0.008024422154382904,0.0070315580022159785,0.006091002267101472,-0.002660270388137812,0.0028702814409383415,-0.0008813867903378741
1750,2748,2261,0.010703228659885005,0.007006603454613551,0.005826541766789413,-0.0023440955329500223,0.0023222068376765616,-0.0021283032354340817
1751,2748,2258,0.009565987599645704,0.009627647035416069,0.006606215614769924,-0.00713020372010629,0.003058649178509558,-0.003599783411506366
1752,2748,2231,0.007440609592111161,0.009691076894113568,0.006062697859395238,-0.004347826086956523,0.004313291749782088,-0.0011978160816777507
1753,2748,2296,0.011149825783972125,0.007831488681732293,0.009047828215981464,-0.004747386759581881,0.0030469398888336562,-0.0006020154786480025
1754,2748,2250,0.012711111111111116,0.013976884473317462,0.01268328515666677,-0.0026222222222222207,0.0018695335921421411,0.0013573228283504718
1755,2748,2291,0.012745525971191619,0.010267017519434667,0.008473226253201738,-0.0019205587079877799,0.0034344055575169,-0.0006918933020267604
1756,2748,2250,0.011644444444444443,0.007710218589874084,0.007412955142986681,-0.0017777777777777785,0.004638959592569814,-0.0003966606462925925
1757,2748,2243,0.004904146232724032,0.0055915027451984125,0.0031708251348856993,-0.0038787338386090057,0.0008756158849760142,-0.0029447981051368205
1758,2748,2294,0.007759372275501308,0.008265829452883613,0.005952973800138582,-0.006974716652136007,0.0030573812602548507,-0.00376349522836327
1759,2748,2291,0.010126582278481013,0.008643129557964998,0.00730392427427721,-0.0040157136621562645,0.00213610857082321,-0.0022894540062941412
1760,2748,2264,0.006890459363957597,0.00650070683738687,0.003438761550211283,-0.003975265017667846,0.002238763638331864,-0.0032924896937250522
1761,2748,2264,0.004063604240282686,0.00803795704052731,0.004721823125611938,-0.007729681978798587,-0.0004298037282911922,-0.003391931231508902
1762,2748,2300,0.008782608695652172,0.006973674730588523,0.005967670064280688,-0.0034782608695652175,0.00222877051748678,-0.0026285115610243594
1763,2748,2270,0.01066079295154185,0.009563928176955115,0.00856574880571184,-0.0021145374449339214,0.0011745410160437532,-0.00029610586342655905
1764,2748,2305,0.010585683297180043,0.008535199102132858,0.00874857303919262,-0.004555314533622561,0.0027167242868453953,-0.0013693010666898239
1765,2748,2233,0.00761307657859382,0.005362202207901216,0.0020927896974825364,-0.0030900134348410217,0.004211280619692142,-0.003169721739233072
1766,2748,2292,0.009947643979057593,0.008710545224338727,0.00649106957283301,-0.0046684118673647485,0.0040203000900826515,-0.0017829562125004697
1767,2748,2249,0.005513561582925746,0.008926464061649096,0.0031024127735292464,-0.0011116051578479332,0.002272942910935251,-0.0019907242645542324
1768,2748,2294,0.00889276373147341,0.00780074661238699,0.006680418277808092,-0.0012205754141238023,0.0017641709686295054,9.568534579271598e-05
1769,2748,2281,0.007189829022358616,0.007895536428471506,0.00334696987994423,-0.00534853134590092,0.00524975890303144,-0.0033869947532948054
1770,2748,2247,0.006942590120160214,0.0060349072433145854,0.005498294473163581,-0.0061860258121940355,0.0025896365605366954,-0.002909015627536184
1771,2748,2254,0.00789707187222715,0.006871006358066358,0.004318972838581496,-0.004791481810115349,0.0020027271656905725,-0.00344412613746929
1772,2748,2270,0.007136563876651984,0.008967484693582467,0.0050046441745284055,-0.0009251101321585905,0.0031875076394056387,-0.00023132817002011663
1773,2748,2280,0.006666666666666668,0.007831894651427624,0.0033379505121976425,-0.001973684210526316,0.005878388677841897,-0.0016644727742103937
1774,2748,2274,0.011433597185576077,0.007124567698009434,0.006571197111759204,-0.0035620052770448554,0.0016864459132591852,-0.00221623739008853
1775,2748,2260,0.0032743362831858407,0.0068933342208783764,0.0011197036166185174,-0.0027876106194690262,0.0012933263974991957,-0.0028255063481804122
1776,2748,2262,0.010521662245800176,0.0073401564212491445,0.007887946381088458,-0.0018125552608311236,0.0040453285253361,0.0003280768033312786
1777,2748,2281,0.0030688294607628223,0.0042522766439342195,-4.980108138075428e-05,-0.007145988601490575,0.0018266066455446428,-0.00583938520580888
1778,2748,2256,0.00921985815602837,0.004973161195996933,0.005429336117838857,-0.003235815602836879,0.0008681216332328301,-0.002879199423533896
1779,2748,2285,0.0069146608315098475,0.010531506056474108,0.006391419891390707,-0.004507658643326038,0.0033530035681045593,-0.0012928928010729793
1780,2748,2259,0.0100929614873838,0.008124838084010268,0.00671643232067823,-0.004957945993802567,0.0023361219361089326,-0.003031335553612159
1781,2748,2266,0.00503089143865843,0.006654832222118921,0.004376611179430354,-0.0048543689320388345,0.0032302039793634624,-0.0014834133642728934
1782,2748,2267,0.0059108954565505085,0.00803513445747972,0.0025826125744236295,-0.0042787825319805925,0.003177418154251121,-0.0033513099270640443
1783,2748,2300,0.006521739130434781,0.0057643401111434605,0.0032451818382184094,-0.004260869565217392,0.0035002226512748313,-0.0031310409435043
1784,2748,2289,0.008387942332896461,0.006908214906261033,0.004554041394530422,-0.0010921799912625592,0.0015555385660229253,-0.0018268993705843116
1785,2748,2288,0.010314685314685315,0.010212059254767803,0.006736640069256567,-0.0053321678321678325,0.0008195634297710374,-0.003331505970470609
1786,2748,2276,0.004569420035149385,0.005945730351796056,0.003327584187422884,-0.004261862917398945,0.005511300183608139,-0.0017637497249428492
1787,2748,2254,0.007630878438331854,0.004322976767206109,0.004789899899523662,-0.00740905057675244,0.0012108067311620886,-0.004974062712390227
1788,2748,2252,0.007815275310834814,0.00922015060245971,0.005392347887831592,-0.00630550621669627,0.0016194059841071278,-0.0035796743424295063
1789,2748,2305,0.007635574837310196,0.006534798142958356,0.006903622246261578,-0.004468546637744033,-0.0007738078468856892,-0.0022223567804888727
1790,2748,2257,0.009127159946832079,0.009344657558543601,0.007275892343568403,-0.0023039432875498443,0.006054821708360885,-0.0002209200931653296
1791,2748,2290,0.0033187772925764194,0.005178960933714541,-0.0002483646264730391,-0.003449781659388646,0.0007174167736643853,-0.004391526786338615
1792,2748,2282,0.009728308501314634,0.010202688070897385,0.006169197905152913,-0.003198948290972831,0.003306183286844022,-0.0020349879006447674
1793,2748,2251,0.009773434029320302,0.009898188375472258,0.007948077374925196,-0.004442470013327409,0.004783887860797568,-0.0009620123763631688
1794,2748,2244,0.00606060606060606,0.006644120576289776,0.003952821039105044,-0.006550802139037434,0.0011696837678304597,-0.0041030710145394745
1795,2748,2286,0.009973753280839895,0.006746794363622552,0.00773799117699849,-0.0050743657042869655,0.002545836293919985,-0.002032463037296988
1796,2748,2261,0.008491817779743477,0.007863469767145477,0.0055464491357622775,-0.003317116320212296,0.0011731985254266998,-0.0021643778536171486
1797,2748,2306,0.00173460537727667,0.004992951520726585,0.000678028920200127,-0.006851691240242845,0.002762305447091773,-0.004681096542754048
1798,2748,2278,0.009920983318700616,0.009528437829824632,0.004586020529275694,-0.004477611940298508,0.0021779010907206453,-0.004227195175428136
1799,2748,2296,0.01210801393728223,0.010251995203020926,0.005796659495013978,-0.0016550522648083616,0.0043145440630036214,-0.0018544990765219302
1800,2748,2296,0.012543554006968641,0.010641082765719926,0.01048303669521086,-0.0017421602787456442,0.0017092831828954857,0.0009152674238831706
1801,2748,2287,0.012767818102317446,0.006937764132396363,0.008174707816704839,-0.0009182334936598162,0.004070268621901854,0.0004808278104796201
1802,2748,2254,0.009582963620230702,0.008333599851606043,0.007692854860195102,-0.00230700976042591,0.002280216814836047,-0.0001404427400671328
1803,2748,2287,0.004372540445999125,0.0054810368886755775,0.003935614866070915,-0.0004809794490599043,0.002248322148566635,0.00044222813901350564
1804,2748,2290,0.011528384279475981,0.0088456339827697,0.01024040544519064,-0.0024890829694323145,0.0012859933688296591,0.0001403753475894707
1805,2748,2274,0.0027264731750219887,0.004281616593799371,-0.00014397317078852602,-0.005145118733509235,0.005397958303104494,-0.003947486215845722
1806,2748,2257,0.007532122286220648,0.007058081458280437,0.005198900073684574,-0.002658396101019052,0.0023296996997943177,-0.0016004964194167098
1807,2748,2244,0.010784313725490196,0.0070049727697097715,0.008833374164369537,-0.002317290552584671,0.0020955301550206556,0.00022980997571020762
1808,2748,2292,0.012739965095986037,0.007819895684221461,0.00962188599745067,-0.005322862129144853,-0.00046339676411152463,-0.0022985025143616336
1809,2748,2271,0.003963011889035667,0.004794944075930206,-0.00014161169535382615,-0.003566710700132101,0.0014117492010967396,-0.004769238701335647
1810,2748,2255,0.00212860310421286,0.005907922887128385,0.0015951972459190425,-0.0066962305986696235,-0.00044108612719829306,-0.004469473975265196
1811,2748,2277,0.00808080808080808,0.007337951130213699,0.005974304195125398,-0.003908651734738693,0.001956764387268841,-0.002073296329177867
1812,2748,2267,0.00961623290692545,0.009469090041859486,0.007876823610997263,-0.0013674459638288476,0.00375019139246319,3.8029375457220284e-05
1813,2748,2305,0.011366594360086768,0.00702984555773911,0.0076389471282985845,-0.0014750542299349235,0.004245524368629338,-0.0005194401559543068
1814,2748,2298,0.008268059181897302,0.006620820807657613,0.005145060026861686,-0.006092254134029591,0.0022874840213871987,-0.003959948704489476
1815,2748,2277,0.00922266139657444,0.007287091586510333,0.005968003321590529,-0.006016688625384277,-0.00044565859140546327,-0.004601295665492243
1816,2748,2298,0.009225413402959097,0.011128775823143373,0.007214616219442297,-0.004090513489991297,0.00426368625633524,-0.0011487820566117692
1817,2748,2295,0.005490196078431372,0.006975934597998447,0.00460920331076839,-0.006100217864923747,0.002154068539338701,-0.002785352439082576
1818,2748,2265,0.004856512141280353,0.003570708084529165,0.0009834786338237525,-0.0024724061810154534,0.0077699284808538695,-0.0022225014732344204
1819,2748,2293,0.009245529873528127,0.009399599348265062,0.0066296776461630715,-0.004273877017008286,0.0051185970095200695,-0.0013747491173197012
1820,2748,2274,0.009586631486367634,0.009076592594527077,0.007564247171406731,-0.002770448548812666,0.003916132359564151,-0.0005257598749894423
1821,2748,2296,0.009668989547038329,0.007188100998423513,0.006003878624574914,-0.00030487804878048846,0.006352207197972041,0.001250838651091838
1822,2748,2255,0.008159645232815965,0.008039055228463921,0.0048753368820671885,-0.005587583148558757,0.002879021154364142,-0.003384619771552106
1823,2748,2278,0.012642669007901668,0.007839965791610353,0.008383685268277274,-0.006496927129060579,0.001931894912987258,-0.0032451108663673145
1824,2748,2246,0.00765805877114871,0.009849718142246531,0.005633182219249681,-0.0027604630454140704,0.004866784544606779,-0.0008771220734948819
1825,2748,2276,0.012741652021089631,0.006925282277551406,0.008665718703120627,-0.0012741652021089642,0.003607565852718416,0.0008386026439289307
1826,2748,2307,0.008669267446900735,0.008359911358262943,0.006745515743714348,-0.0019939315127871686,0.003558446402595832,0.0005935775265858883
1827,2748,2272,0.011179577464788731,0.007984663776277812,0.005967389391671808,-0.005369718309859156,0.0028148061677529235,-0.003791593364424754
1828,2748,2279,0.007371654234313297,0.005567721897719473,0.004244326597935662,-0.004958315050460729,-0.0011288055432508578,-0.004006662305473681
1829,2748,2267,0.006969563299514777,0.006985318531476182,0.0040697794712138535,-0.00710189677988531,0.001279821425687917,-0.0050317593797311235
1830,2748,2264,0.005565371024734982,0.006912133136662187,0.0036115369306173994,-0.003975265017667844,0.005172373376697367,-0.001919980873122572
1831,2748,2284,0.008581436077057792,0.008642551611475218,0.006243648472819296,-0.0032399299474605947,0.00393938034308581,-0.0005044326203079778
1832,2748,2255,0.004079822616407983,0.004106030999373016,0.0015020524399551366,-0.002128603104212861,0.002259619045393127,-0.0026672351858555575
1833,2748,2290,0.008034934497816594,0.006221431943411923,0.002820309560094735,-0.00611353711790393,0.0018988918575780379,-0.0047923819736689745
1834,2748,2251,0.005508662816525989,0.007404916906630865,0.0038417244205955613,-0.007729897823189693,0.0010271700879559502,-0.004737477657740908
1835,2748,2274,0.007299912049252418,0.005497274638014265,0.0049229446020666815,-0.00554089709762533,-0.0001407167285420683,-0.0038158921236471823
1836,2748,2262,0.010433244916003538,0.005140655973754586,0.006379084685013693,-0.004730327144120249,0.0008671628477572261,-0.003565208962132162
1837,2748,2268,0.0032627865961199296,0.0039153238544378305,0.0014688399706945814,-0.003306878306878308,0.003394605057296987,-0.0026259661949456755
1838,2748,2331,0.010639210639210639,0.008043956473989127,0.00557364289588458,-0.0038610038610038624,0.0012117470818444082,-0.0033064522474041055
1839,2748,2276,0.01054481546572935,0.009644412253924069,0.008344824193001798,0.0010984182776801407,0.004033554783630987,0.001733265576605227
1840,2748,2257,0.009127159946832079,0.004917419606312783,0.005256697318761133,-0.005538325210456359,0.0004114827597133175,-0.004272292116241107
1841,2748,2271,0.008102157639806252,0.0068987314968560285,0.00554062219248616,-0.008102157639806252,0.0010887307156035098,-0.004779608813303684
1842,2748,2315,0.009762419006479481,0.009816203691416862,0.005399486319556417,-0.00306695464362851,0.00187794436789465,-0.002629573729404171
1843,2748,2255,0.008514412416851441,0.006595053680589576,0.0037817279613602244,-0.0026607538802660754,0.0036306844663323116,-0.0026911325854773378
1844,2748,2323,0.007920792079207921,0.005912848329520583,0.006230265769624323,-0.004132587171760653,-0.0001161382417472975,-0.0029928228801935457
1845,2748,2272,0.009507042253521128,0.011510211510847794,0.007360192657469017,-0.0029929577464788745,0.0067566850358894365,0.0005693465078635227
1846,2748,2305,0.00893709327548807,0.007601936640792655,0.005732919784765963,-0.006073752711496746,-0.0018695799379571322,-0.004460128760954758
1847,2748,2261,0.009553295002211411,0.0093213074066809,0.004877438905491478,-0.00429013710747457,0.0018103897949555386,-0.003866580894332134
1848,2748,2246,0.007390917186108638,0.010018929709559454,0.005280720005009933,-0.005387355298308104,0.0005468786818405876,-0.0038446073203100904
1849,2748,2244,0.011764705882352941,0.011251345472295272,0.007960670649749023,-0.005035650623885919,0.0014657542407192597,-0.002681787248189644
1850,2748,2281,0.008241999123191585,0.009312518062025661,0.005343023334414845,-0.0007452871547566857,0.003067303907807238,-0.0006176481088473241
1851,2748,2262,0.007603890362511052,0.006487656744791141,0.003882246760667083,-0.004022988505747127,0.0017034504094629237,-0.0035612976472402806
1852,2748,2264,0.009363957597173147,0.00829819861412109,0.00520591711773276,-0.002915194346289753,0.0014549679881200412,-0.002292363460186284
1853,2748,2282,0.006836108676599475,0.006264893821014074,0.003408828683198028,-0.0028921998247151627,0.005324575153098443,-0.0024193829763172535
1854,2748,2266,0.004324801412180053,0.007707708506972009,0.0023409512881823907,-0.006663724624889674,0.0006084625318802402,-0.004996651317433744
1855,2748,2274,0.006860158311345647,0.006043262488247406,0.002691251001108192,-0.0029023746701846973,0.0032162553580999203,-0.002173177629318498
1856,2748,2320,0.009913793103448275,0.009820517225099494,0.006468185443474274,-0.00375,0.00321183318732972,-0.0016882392836365704
1857,2748,2259,0.008233731739707836,0.0075446837256735125,0.005438700911417583,-0.004559539619300574,0.001988732422761687,-0.0028401185803736844
1858,2748,2264,0.009187279151943461,0.009546736622185093,0.005345623102886155,-0.005874558303886926,0.0036999905630959555,-0.003186425025892821
1859,2748,2312,0.005795847750865052,0.008355661966664736,0.003857300335417145,-0.004844290657439446,0.001763329500901096,-0.0034671821060705734
1860,2748,2293,0.010117749672917575,0.00920652216688804,0.00956880621796373,-0.004753597906672482,0.00156604493994459,-0.0002813689472972827
1861,2748,2293,0.00662887047535979,0.0068576488982757585,0.005038571587009531,-0.0022677714784125605,0.0032383759116917116,-5.333599856187109e-05
1862,2748,2271,0.009423161602818142,0.010904275813509865,0.0085345376991347,-0.0014971378247468077,0.005742282075782224,0.0016879728401053933
1863,2748,2264,0.013250883392226149,0.00889079601960046,0.010917276089779304,-0.0056095406360424024,-0.002479317973428106,-0.0021337782146370393
1864,2748,2296,0.01019163763066202,0.007349667489899004,0.007685715679509172,-0.005879790940766549,0.0009907766258182911,-0.002792636621637486
1865,2748,2239,0.009736489504242964,0.010061749595871854,0.010112748792753985,-0.0021438142027690927,0.0003203284995581293,0.00068007397426443
1866,2748,2282,0.009640666082383873,0.008564920375678848,0.004397925721408959,-0.002848378615249781,0.0014479562678514852,-0.0030581944639969387
1867,2748,2293,0.006192760575665067,0.006514288598403463,0.001647767183338855,-0.004797208896641953,0.0017432158697027263,-0.005141079032379841
1868,2748,2290,0.0019213973799126647,0.005754836850384627,0.0015072404135030172,-0.005545851528384279,-0.001961820395820143,-0.004928607605317363
1869,2748,2249,0.008448199199644287,0.008748573169107413,0.004383771972931877,-0.0046242774566474,0.0028999303397766406,-0.0034947094723491758
1870,2748,2252,0.009236234458259327,0.00907175681042293,0.006783744370205974,-0.004040852575488456,0.0029022797508005778,-0.0020340896410080012
1871,2748,2269,0.006963420008814456,0.005498790789730929,0.0018610391762404605,-0.0036579991185544296,0.002043382285033714,-0.004186299876660928
1872,2748,2277,0.014756258234519105,0.010826723608591082,0.010306211914937259,0.0007465963987703105,0.004613556105277991,0.0016419050894509579
1873,2748,2306,0.009366869037294017,0.010269181877536544,0.006061115471042078,-0.004336513443191673,0.0035250795402325783,-0.002862684340282951
1874,2748,2257,0.006291537439078423,0.006614749570439202,0.004819541328058183,-0.006070004430660168,0.0015373484477427433,-0.003799299673920546
1875,2748,2288,0.006555944055944058,0.008207303291849165,0.0038677878800762416,-0.0020979020979020983,0.0062968550391818215,-0.0007838808819006157
1876,2748,2279,0.013777972795085565,0.006278943164500572,0.007998426315844541,-0.005046072838964458,-0.0009804642515354493,-0.0043202313772083625
1877,2748,2289,0.008038444735692441,0.007563676410703524,0.0013956084860149071,-0.00345128877238969,0.003858098686471742,-0.0051008812467156096
1878,2748,2278,0.007462686567164179,0.006848880978664573,0.004703051109519743,-0.002721685689201055,0.003912266487525236,-0.0013034008190822045
1879,2748,2247,0.0113929684023142,0.00944763130071919,0.007257778375486831,0.0013351134846461958,0.0049999508254715466,0.0011707556101132398
1880,2748,2313,0.008560311284046693,0.008082331744864722,0.006957146914707819,0.0014699524427150888,0.006149726174042098,0.0029343938329102533
1881,2748,2296,0.008101045296167248,0.008113182261498418,0.007364414772098002,-0.0058362369337979095,0.0005583329159716138,-0.002033301668325312
1882,2748,2293,0.00907108591365024,0.01019495718075941,0.006414113218799545,-0.006018316615787178,-0.0005022028137393176,-0.0035171531853110116
1883,2748,2244,0.004634581105169342,0.005628485121673504,0.004024430325204047,-0.003966131907308379,-0.0011754674617307965,-0.002491848451969113
1884,2748,2243,0.010610789121711995,0.009477218469165582,0.0065590274890230645,-0.005305394560855997,0.0003167016739822572,-0.0035764294217150113
1885,2748,2262,0.010433244916003536,0.007298383585950555,0.008720211184868973,-0.004553492484526967,0.0010809663174836245,-0.0011734380278795892
1886,2748,2291,0.00881711043212571,0.006943351995299074,0.003404402952481743,-0.002793539938891313,0.0022298281643924815,-0.0031357236918566197
1887,2748,2274,0.006508355321020229,0.0075126961842156776,0.0021326107590921317,-0.005980650835532102,-0.0030527211546687084,-0.007181637543205725
1888,2748,2303,0.004950065132435954,0.007892544727235483,0.0035791651191165097,-0.005471124620060791,0.0006155251420189402,-0.004084283466930391
1889,2748,2313,0.008646779074794641,0.005261735278338118,0.006457447364887705,-0.005317769130998703,0.0021108398275951207,-0.002473960186694814
1890,2748,2277,0.0036890645586297754,0.00903485391859707,0.002803261135484913,-0.004787000439174352,0.001936158224495374,-0.003282608601785208
1891,2748,2269,0.008109299250771263,0.006149528635539105,0.004268473488816419,-0.004275011018069634,0.0019443861095961826,-0.0035695751483631353
1892,2748,2262,0.007427055702917772,0.009682736183445964,0.007174235068345905,-0.006233421750663129,0.0023320867231281083,-0.0018504298160512082
1893,2748,2246,0.00400712377560107,0.005254469773991821,0.00247185193380587,-0.005788067675868211,-0.0006424859044954615,-0.004622690463999035
1894,2748,2277,0.005445761967501097,0.006854063004595705,0.003865204079777481,-0.003162055335968378,0.003295867842604374,-0.0013242286090070728
1895,2748,2260,0.016017699115044248,0.011590894103401634,0.013559104310021941,-0.0017256637168141587,0.0031377447257435786,0.0021251133375017168
1896,2748,2277,0.006236275801493194,0.0062449220904532265,0.002831112876302605,-0.003996486605182257,0.0016970398487645563,-0.003742705534463306
1897,2748,2260,0.006637168141592921,0.007724154624214784,0.006296862829323231,0.000486725663716814,0.006179718418774165,0.0027243796528096283
1898,2748,2282,0.013409290096406661,0.008354011846322451,0.005873587553611097,-0.0034180543382997374,0.00464097257577505,-0.0038275019757461532
1899,2748,2272,0.004049295774647887,0.00703798542105903,0.005293866733539682,-0.0029049295774647883,0.0046292983824410446,0.0007515376952678863
1900,2748,2311,0.007875378623972307,0.00791203093348609,0.005331580042607238,-0.0005192557334487241,0.003918091485382904,0.00017434326797637696
1901,2748,2284,0.007355516637478107,0.008376838489598743,0.008225558259601973,-0.0038091068301225922,0.0018684511680467505,0.00010975028604862642
1902,2748,2298,0.0018276762402088778,0.006179471549434849,-0.00025381877396335906,-0.002393385552654483,0.003609483783528556,-0.0030493910673983914
1903,2748,2287,0.0073458679492785315,0.00663299326100564,0.004416629083093219,-0.008001749016178401,0.0015093942869671007,-0.005560834708573981
1904,2748,2293,0.004273877017008286,0.0034951802117737444,0.003779451592467162,-0.004579153946794592,-0.0006124217519943774,-0.002940215327373792
1905,2748,2306,0.00997398091934085,0.008176435701272113,0.008437909641328588,-0.0014310494362532518,0.0053364022708977665,0.001275603218718258
1906,2748,2259,0.00787959274015051,0.005462598236104023,0.003557992134935203,-0.006418769366976538,0.0001579064670273901,-0.005162156694505666
1907,2748,2282,0.006485539000876423,0.007802337002985917,0.0005952391989137966,-0.004557405784399652,0.005553719760791001,-0.0051581969825161365
1908,2748,2259,0.01363435148295706,0.012550162631916256,0.010203526111973752,-0.0019477644975652952,0.005535353222786885,0.0007866590304591322
1909,2748,2293,0.009071085913650242,0.007999413384632134,0.0068106324871087765,-0.003009158307893589,0.0046107478156558355,-0.00024022364555787256
1910,2748,2243,0.007133303611234953,0.006451199378902051,0.0026854908933239123,-0.004101649576460098,0.00348890158665893,-0.003466528031754765
1911,2748,2266,0.009620476610767873,0.00812522446622605,0.004354843112613448,-0.002250661959399824,0.003126421528217542,-0.002805351962398677
1912,2748,2269,0.005553107095636844,0.005442039147958867,0.0031111227697723513,-0.0075363596297928605,-0.0007817583357582617,-0.00543230129845997
1913,2748,2278,0.004477611940298508,0.003539067143381991,-0.00026569038912617807,-0.005004389815627745,-0.0012717558074285477,-0.006647100897731931
1914,2748,2269,0.008021154693697664,0.00589625691904454,0.0047644937736171155,-0.00511238431026884,0.0001011455493203784,-0.003746152142894605
1915,2748,2288,0.009178321678321678,0.007189426976082753,0.007496225780570525,-0.005157342657342658,0.0019834023963177703,-0.0022981285934609488
1916,2748,2252,0.008703374777975134,0.009392926148443559,0.004815594514524462,-0.004440497335701598,0.005521581444380844,-0.0031071143047127006
1917,2748,2292,0.008376963350785338,0.008627834392667294,0.008976439550781336,-0.002966841186736475,0.004913634212475749,0.0018713680827216002
1918,2748,2298,0.010617928633594429,0.0102499884448469,0.00696649190776599,-0.003046127067014796,0.004167178072645297,-0.001080620643193051
1919,2748,2260,0.010530973451327435,0.01197750126545203,0.0055439429702648,-0.0005752212389380528,0.0033588803949591234,-0.0011844005039344432
1920,2748,2286,0.008486439195100611,0.00683429227446888,0.007179904172785209,-0.005861767279090115,0.0004687683930527075,-0.0025439145719723896
1921,2748,2267,0.010763123070136745,0.008477515052383245,0.0042155532484780935,0.002911336568151741,0.008352599044927685,0.001706988445813435
1922,2748,2281,0.007277509864094696,0.007920258487188666,0.004293358607808547,-0.004164839982463832,0.0002382279234501406,-0.0029066641146674624
1923,2748,2267,0.009792677547419498,0.01073444023498918,0.008460384482283364,-0.004367004852227613,0.00315702105426953,-0.0011889511983366032
1924,2748,2256,0.011081560283687942,0.009841586483819722,0.007760399030895516,-0.007225177304964538,0.0014936952005075357,-0.0041266467993402705
1925,2748,2290,0.012489082969432314,0.010792105400346317,0.009323767584462374,-0.003580786026200872,0.005364625013954881,-5.553039907725251e-05
1926,2748,2307,0.005114867793671436,0.0064057991643086286,0.0009814835081653945,-0.00754226267880364,-0.0006554061363880035,-0.007079417766898794
1927,2748,2329,0.009274366680978962,0.008310281198585345,0.008047522508192436,-0.0034778875053671095,0.0023736696673108356,-0.0006279021591538321
1928,2748,2284,0.005604203152364274,0.006721813438740818,0.0024860210865053456,-0.003021015761821368,0.005677778440762707,-0.0022316530468758852
1929,2748,2248,0.00809608540925267,0.007913329120490701,0.0063616874243936335,-0.0022241992882562284,0.0043556516648043135,0.0006653193570853216
1930,2748,2288,0.008741258741258744,0.00979770195761179,0.005916665430979224,-0.002229020979020979,0.0028352444411245134,-0.0010668033453961492
1931,2748,2284,0.012171628721541155,0.009361325282488552,0.010070476200249596,-0.00757443082311734,0.0005089009737110693,-0.0034053784006515047
1932,2748,2266,0.0037952338923212714,0.0067824135133553775,0.0056202493281758085,-0.004545454545454544,0.0004551213063842914,-0.0007126349779479239
1933,2748,2263,0.007688908528501988,0.004704514006834516,0.0025162260247409917,-0.0033141847105612027,0.003579452359781922,-0.004218932812552071
1934,2748,2267,0.012086457873842082,0.012879405299173828,0.01018276481996439,-0.00494044993383326,0.0038067417022545017,-0.0006020892778035305
1935,2748,2262,0.009460654288240496,0.008731799404982121,0.009013694514755395,-0.0010167992926613627,0.005368391540362755,0.0026350842011458177
1936,2748,2288,0.011713286713286714,0.009601994111764907,0.006653635378945735,-0.0011800699300699314,0.0028222534666021842,-0.001229641091004217
1937,2748,2297,0.008097518502394428,0.007822511558975506,0.005745676548343339,-0.0030039181541140613,0.002957508625269977,-0.0018801142564317886
1938,2748,2267,0.01164534627260697,0.008086034189241087,0.009544597913433333,-0.004058226731363034,0.00024403660576077026,-0.0018027963708205851
1939,2748,2267,0.010145566828407587,0.009472527688857752,0.007067921811443212,-0.003617115130127923,0.0036598463498674462,-0.0013137804802002713
1940,2748,2315,0.011490280777537798,0.01119983014892131,0.006043106641389358,-0.002246220302375809,0.0035512962449093083,-0.0023005724740940443
1941,2748,2302,0.010512597741094698,0.008738938339832832,0.004626757273921797,-0.007080799304952216,-0.002171229794580568,-0.006578535126378876
1942,2748,2260,0.01008849557522124,0.01091392012188052,0.005091844042139248,0.0003097345132743358,0.00729547500187806,-7.083102812676779e-05
1943,2748,2262,0.01096374889478338,0.010693414701682162,0.008302521463236508,-0.004067197170645446,0.001463800537797442,-0.00203917152461288
1944,2748,2290,0.009170305676855894,0.008745002021364754,0.008894707886289413,-0.004716157205240175,0.0018810366012471267,-0.0006119055786192766
1945,2748,2305,0.009023861171366594,0.008041058402703577,0.006849036504681517,-0.003644251626898047,0.0020049877997754696,-0.0020250097725369124
1946,2748,2267,0.008469342743714161,0.0064867022129522405,0.0061614260529988495,0.0016762240846934276,0.006510946339924993,0.0022933534462448906
1947,2748,2284,0.009369527145359019,0.011333050074776753,0.00976007003576457,-0.0073555166374781105,0.001151522539970582,-0.0020464193883464234
1948,2748,2241,0.00749665327978581,0.007565627359990453,0.0044011059024235116,-0.003659080767514503,0.0003176737149071267,-0.0031084245659758138
1949,2748,2299,0.013745106568073076,0.011411710761202265,0.01337511602972143,-0.0055676381035232704,0.0035184196387218723,0.0009338657448379681
1950,2748,2274,0.006948109058927001,0.005808993364090058,0.0046936023522390815,-0.00043975373790677163,0.0040971856540364514,0.0002622868793453522
1951,2748,2279,0.005528740675734971,0.008200874656846494,0.005294590005636191,-0.002150065818341378,0.00401929195712546,0.00026089783367244434
1952,2748,2283,0.011300919842312745,0.010479940436738354,0.0091797414839912,-0.0020586946999561974,0.0034469695707913255,0.0003732407199822782
1953,2748,2266,0.008384819064430714,0.005974833320101483,0.003853960739310649,-0.007546337157987644,-0.0005658813187446491,-0.0063522894631832735
1954,2748,2287,0.00760822037603848,0.006974836969569177,0.0017721213373174379,-0.00625273283777875,-1.5291074425333206e-05,-0.006565483549656476
1955,2748,2279,0.005089951733216323,0.009573348014969852,0.0050581878503148546,-0.0016673979815708647,0.004382973590455687,0.0006418577773016955
1956,2748,2252,0.01314387211367673,0.009606091008370803,0.00782965484355953,-0.000355239786856129,0.006126460601704734,0.0006934554057867462
1957,2748,2262,0.01175950486295314,0.009661228789662824,0.009054057794475066,-0.003138815207780725,0.0048568733330795295,-2.3162428106099388e-05
1958,2748,2270,0.005550660792951544,0.009757678180761837,0.003587280854725312,-0.003392070484581499,0.005392876918494512,-0.0014116952173659522
1959,2748,2290,0.006375545851528384,0.006541830544028104,0.00445006948699057,-0.004934497816593887,0.002095516389771501,-0.0031238825716401212
1960,2748,2249,0.009604268563806135,0.005963404517807769,0.004677775638259214,-0.0014228546020453533,0.0027434571804860006,-0.0017895507370252158
1961,2748,2250,0.00942222222222222,0.00854389496291966,0.005784186939723371,-0.0016888888888888889,0.0025368647467628527,-0.0013804135642668473
1962,2748,2248,0.0077402135231316735,0.00663702258219992,0.005349262638898901,-0.006939501779359431,0.0010249876741449224,-0.0037212192935101233
1963,2748,2285,0.008402625820568926,0.007809664742759818,0.007746426823170423,-0.0046827133479212255,0.0007484584604121575,-0.0008447166826428086
1964,2748,2262,0.012024756852343058,0.00931564509646639,0.009149750279387702,-0.00548187444739169,0.0008170529495914889,-0.002362929621990383
1965,2748,2305,0.014837310195227767,0.00861125252004385,0.010005283821766648,-0.0015184381778741874,0.002640419357933718,-0.0004008322031468815
1966,2748,2319,0.006554549374730488,0.007095194662662186,0.0029755304232736302,-0.00646830530401035,0.003909031254497891,-0.00505688197895912
1967,2748,2294,0.00941586748038361,0.0072042508005419345,0.005775995157750631,-0.00026155187445510024,0.004242297691566775,0.0003798196891153288
1968,2748,2288,0.011101398601398603,0.010307141851159156,0.006570718120588161,-0.0007867132867132864,0.005155399760902148,-0.00022978065644706612
1969,2748,2279,0.0037735849056603774,0.005912233413186911,0.003428146826845427,-0.003554190434401053,0.0036582090441789937,-0.0016500519362288332
1970,2748,2244,0.008823529411764704,0.010653817690503397,0.005042023888786994,-0.0020944741532976834,0.005794647552348619,-0.0014158185915329688
1971,2748,2248,0.006227758007117438,0.008192865365527892,0.0012916805718071753,-0.003781138790035587,0.0024664211394693843,-0.0041817749205260496
1972,2748,2283,0.0031537450722733244,0.006121107276389942,0.002753635869251295,-0.005738063950941744,-0.0005599638103699219,-0.0038629767028160503
1973,2748,2289,0.009611183923110528,0.011846844091583198,0.006467188698899081,-0.0034076015727391874,0.005311798575717523,-0.0015179253012028732
1974,2748,2311,0.010125486802250108,0.009833951145408505,0.00798820756878531,-0.005581999134573778,0.0035440520485713538,-0.0016319034281544258
1975,2748,2267,0.01270401411557124,0.009514387176023733,0.008746230708990353,-0.003970004411116014,0.0024204731846949436,-0.0012226119775986368
1976,2748,2301,0.007822685788787484,0.006286014117328715,0.0068962373532177315,-0.003476749239461103,0.0023556485931697903,-0.0002544749482411396
1977,2748,2267,0.008998676665196296,0.006992031465097554,0.006272534145876054,-0.004896338773709749,0.0008296372178256032,-0.0027817950967836407
1978,2748,2277,0.008871321914800176,0.007275177484910418,0.007170041672229943,-0.0037768994290733418,0.0017294055017723822,-0.0014062822133685878
1979,2748,2256,0.01046099290780142,0.008028297117694901,0.008441939944252906,-0.004698581560283687,0.001559874370487744,-0.001601478047380965
1980,2748,2276,0.006326889279437611,0.006153800629998411,0.004307259938993771,-0.003734622144112478,0.004026888698104669,-0.0019323147851586758
1981,2748,2264,0.007243816254416961,0.00478410773666043,0.002562516527454143,-0.004902826855123676,0.002367117351754058,-0.004468214182048812
1982,2748,2260,0.008672566371681416,0.007289421802446187,0.005492163944053375,-0.006106194690265487,-0.001559996989596901,-0.0046263267542484676
1983,2748,2315,0.007775377969762419,0.01127120300056354,0.007116934735947012,-0.005615550755939524,0.002100237406941739,-0.002257617825156948
1984,2748,2283,0.00709592641261498,0.0037669284857204236,0.006363443063498204,-0.004336399474375821,-7.909253118707905e-06,-0.0011312895126409915
1985,2748,2269,0.007668576465403261,0.005289711301813897,0.003252929124791823,-0.0019832525341560163,0.0027605970429665904,-0.002162519933705212
1986,2748,2273,0.010470743510778707,0.00841935708246148,0.007176265223172141,-0.002463704355477344,0.0031348454909769057,-0.0006984538705241243
1987,2748,2274,0.0088830255057168,0.00880793198240224,0.007228039029240484,-0.004133685136323659,0.007234188370687539,-0.00041775365093767587
1988,2748,2289,0.006727828746177371,0.008603278491826918,0.001975241323632817,-0.005329838357361294,0.0003964176333581837,-0.005441491967788048
1989,2748,2249,0.00773677189862161,0.009435758782111232,0.004648565284734668,-0.0025344597598932856,0.003702969216659882,-0.0015147364950078592
1990,2748,2323,0.009212225570383125,0.008048036691340245,0.006325474843206016,-0.0051226861816616445,0.0006668244764168469,-0.0031945980547961462
1991,2748,2302,0.00477845351867941,0.005880026746690382,0.0036409081443262185,-0.0030408340573414424,-0.00031214603137446484,-0.0020376446768329763
1992,2748,2258,0.006200177147918513,0.006509222504161322,0.004637449014000706,-0.006997342781222322,-0.0003391243139984667,-0.004777105891747241
1993,2748,2304,0.008940972222222222,0.006391726246256071,0.005618799968859662,-0.007161458333333333,-0.0003444907750100367,-0.005419213275527908
1994,2748,2253,0.010474922325787839,0.011048205067463662,0.008525458967185295,-0.0011096316023080333,0.0092471662390093,0.0022125426969722053
1995,2748,2291,0.009253601047577479,0.007699696013063827,0.00673777708283525,-0.003579223046704497,0.003280919534139959,-0.0008254129319688287
1996,2748,2274,0.002990325417766053,0.005084393264739104,0.000977873258771215,-0.008003518029903255,0.002134386232157072,-0.005358955510719852
1997,2748,2299,0.008177468464549803,0.010288140538882051,0.0028042794866751253,-0.004697694649847761,0.004440834767753006,-0.004326185298818278
1998,2748,2287,0.004197638828159162,0.005594103273840852,0.0020866402696827872,-0.002404897245299518,0.0035424074669307684,-0.0019106472490013897
1999,2748,2271,0.006869220607661823,0.00490170486750094,0.0013069699547010067,-0.0062527520915896095,0.0004564624071479318,-0.00694939110249941
2000,2748,2271,0.005548216644649935,0.004791426130395948,0.0024833885205888316,-0.0025539409951563195,0.004051769964018049,-0.0022283421937927474
2001,2748,2305,0.00806941431670282,0.009565533845887824,0.005171468384145084,-0.0033405639913232114,0.003873947485928075,-0.0014434635870256062
2002,2748,2253,0.012605415002219263,0.012832629451533751,0.009720164583881532,-0.005415002219263204,0.002046241509521804,-0.0018390164165067418
2003,2748,2271,0.011360634081902247,0.00904741935808928,0.007695613845081898,-0.003478643769264641,0.002749546984245272,-0.002315503203195004
2004,2748,2275,0.007736263736263735,0.006609877566491652,0.005222968137406106,0.0003516483516483511,0.003767718340897331,0.0009699694635262402
2005,2748,2234,0.008325872873769026,0.008023742438103982,0.006151081838998598,-0.005461056401074307,0.000663802812071375,-0.0037540953042077096
2006,2748,2278,0.004916593503072872,0.008619457161690757,0.000634586915446613,-0.008604038630377524,0.0009992885287160907,-0.007728894176218801
2007,2748,2274,0.010378188214599824,0.01069606137352915,0.00897292739319875,-0.0036499560246262097,0.0043857876113068345,0.00018237357971481077
2008,2748,2252,0.00994671403197158,0.005027356788301915,0.0037659936779607097,-0.003596802841918294,0.000912386591801417,-0.004266145021653722
2009,2748,2300,0.006521739130434782,0.007073256759821559,0.005682381080853039,-0.00573913043478261,0.0010325137462902805,-0.002509380288762999
2010,2748,2288,0.006730769230769232,0.006131106531721279,0.00314861291463855,-0.00576923076923077,0.0006122370910858284,-0.004942488082717804
2011,2748,2245,0.007037861915367483,0.006884522903818617,0.003340814010527912,-0.0036525612472160353,0.0052900854659227985,-0.0032719245498742254
2012,2748,2249,0.008981769675411295,0.012138875563153306,0.0077105701748168476,-0.0035571365051133837,0.004379079462648986,-0.0005772798886077433
2013,2748,2306,0.007111882046834346,0.006319898625799122,0.0028774536459595236,-0.004119687771032091,0.0018858626976099267,-0.003698188149428147
2014,2748,2265,0.007858719646799118,0.007410004209622905,0.008225480654863853,-0.002207505518763797,0.001794913486043996,0.0009543863405789794
2015,2748,2258,0.00974313551815766,0.006604832015593968,0.0048420727173360085,-0.004340124003542959,0.0024384213185703755,-0.0034814688966819263
2016,2748,2274,0.012225153913808266,0.009973258652943483,0.010968538788129754,-0.0024186455584872487,0.0036298413722361065,0.00176158100073003
2017,2748,2250,0.0072000000000000015,0.009919871923729059,0.004513685069386433,-0.007244444444444445,0.0030116228505443062,-0.004211392663606759
2018,2748,2253,0.007545494895694629,0.007043211111909224,0.0055465846346780595,-0.0031513537505548157,0.004063550903595598,-0.001243857640041028
2019,2748,2242,0.010883140053523638,0.006550944601332115,0.00985291684303044,-0.003033006244424621,0.0020246914894901692,0.0002731890524750507
2020,2748,2274,0.009058927000879508,0.00877597921434703,0.005650385039254685,-0.003649956024626209,0.005683304472540462,-0.0020588784266693796
2021,2748,2294,0.007497820401046209,0.006869446339293629,0.0064348782349381494,-0.005318221447253705,0.0020874165672783765,-0.0016413014210934795
2022,2748,2277,0.007465963987703118,0.00919279174851488,0.004948213250759447,-0.005270092226613966,-6.229853817539229e-05,-0.0037792435021374404
2023,2748,2264,0.0035335689045936382,0.00488339563725476,0.0014892957798534393,-0.006007067137809188,0.0004161727095282178,-0.00478782314859661
2024,2748,2275,0.01010989010989011,0.010668289049486458,0.007937101563669292,-0.004527472527472528,0.0016827376633580815,-0.0016133893189961533
2025,2748,2280,0.008947368421052633,0.007487184445176494,0.004484874152553103,-0.0017982456140350899,0.0063581501925686,-0.0009431746824437167
2026,2748,2294,0.00941586748038361,0.009039432419442158,0.00718534792051014,-0.003400174367916304,0.0027055836257689815,-0.0008269359962120952
2027,2748,2297,0.004092294296909013,0.002946659988372338,0.002460947905298294,-0.0043535045711798,-1.456121935878773e-05,-0.003522647957097381
2028,2748,2280,0.012894736842105264,0.008650215159696809,0.00926159317287844,-0.0037280701754385964,0.0032260988179726147,-0.0011349802314678582
2029,2748,2288,0.0066433566433566444,0.006462108833734649,0.007035946897900774,-0.0007867132867132858,0.004527188970885591,0.002015802494199576
2030,2748,2300,0.011652173913043478,0.008400696215642904,0.007447700583648544,-0.004608695652173913,0.0053364413966551566,-0.0017962747766901573
2031,2748,2287,0.01014429383471797,0.005233398432877496,0.005967954531701687,-0.0020988194140795797,0.0020606612606364973,-0.0017533359971741607
2032,2748,2278,0.006321334503950835,0.006789470907693152,0.005546535501731369,-0.0032484635645302893,0.0011338563139917358,-0.0011749564966310028
2033,2748,2294,0.006713164777680907,0.007803009122225938,0.0038767818819865625,-0.00836965998256321,0.0009820623420661847,-0.005099299920958286
2034,2748,2311,0.00865426222414539,0.00944050277082889,0.0022604605772738847,-0.003591518823020338,0.005026276302200003,-0.004790544444539661
2035,2748,2280,0.0028070175438596493,0.0036154776830379896,0.0006464571846975394,-0.004561403508771931,0.0003253500037301171,-0.004460832499657002
2036,2748,2259,0.010004426737494467,0.008592663962825951,0.007275461631841758,-0.0034971226206285968,0.005906807881116148,-0.0009854375886581843
2037,2748,2262,0.012997347480106102,0.007135450308026749,0.005069501671971671,0.0007515473032714413,0.0032338401638672388,-0.001615578439003518
2038,2748,2310,0.01575757575757576,0.00965350158724798,0.010359768700392093,-0.0022077922077922067,0.005329790122514606,-0.00040520877614670035
2039,2748,2296,0.006445993031358886,0.00929931507792239,0.005723669800015592,-0.006184668989547038,0.003546575205825689,-0.0027140207029430117
2040,2748,2314,0.010198789974070874,0.008621047410724374,0.008339121877657016,-0.0035436473638720827,0.005634494964752528,2.000282692046862e-05
2041,2748,2264,0.009187279151943463,0.007570578019940021,0.004043160728118049,-0.0016784452296819787,0.003940557591658319,-0.0015772914464646682
2042,2748,2318,0.009836065573770493,0.008414528069265025,0.005155273752289951,-7.66331682226165e-19,0.003857114759127309,-0.0001486391358417131
2043,2748,2279,0.010355419043440105,0.010081122670821159,0.005219137677157053,-0.0051777095217200525,0.003929595200347258,-0.004358918597745233
2044,2748,2296,0.005749128919860628,0.008020445180605186,0.004643699124899721,-0.004355400696864111,0.005034715814064027,-0.0017159003530861922
2045,2748,2289,0.011009174311926606,0.0074041661544939075,0.008030437678533517,-0.002795980777632154,0.0004667863653739942,-0.0015464850780289568
2046,2748,2270,0.008458149779735684,0.007942647156156833,0.0036949746479867265,-0.005770925110132159,0.0028483592721817645,-0.005117508650495312
2047,2748,2271,0.01197710259797446,0.005708454900669958,0.008368511529194335,-0.0014971378247468073,0.0004895521032561821,-0.00031566790575051956
2048,2748,2293,0.004622764936764066,0.007621962427512507,0.0033384637485150857,-0.0008722197993894467,0.003924211069565182,-0.0001975364950860303
2049,2748,2291,0.009079004801396772,0.012310156733928651,0.008437007333952905,-0.004277608031427324,0.0022188434512510724,-0.0008421180276017807
2050,2748,2274,0.011345646437994725,0.010150408952455758,0.008901839837334617,-0.0028583992963940198,0.002947354558650985,0.00013353875091965615
2051,2748,2265,0.0034437086092715236,0.004489200052643056,0.0009705039178384517,-0.0033995584988962477,-0.0006696814464854705,-0.003647474451992245
2052,2748,2330,0.008240343347639484,0.007395152093588263,0.0038090202972995836,-0.003991416309012876,0.0002720127526868366,-0.003966201589799196
2053,2748,2292,0.007766143106457243,0.006790616305370436,0.004662892018226036,-0.0036212914485165807,0.002606954051026806,-0.001700281146882709
2054,2748,2317,0.0072507552870090634,0.006207736413379947,0.003119706928024735,-0.0072075960293482965,-0.00040491592000375167,-0.006112891441042122
2055,2748,2262,0.009549071618037136,0.006492641666683219,0.0053343777765519716,-0.005481874447391688,0.0001189411956558568,-0.004568831777737057
2056,2748,2295,0.004705882352941177,0.00630714554317879,0.001711322299840209,-0.005490196078431373,0.002465697920009448,-0.004666152604223532
2057,2748,2252,0.00994671403197158,0.009485364622592186,0.00501822634065019,-0.0011989342806394314,0.005149960776181771,-0.0007603121346437995
2058,2748,2300,0.013652173913043478,0.010579149734373154,0.012828762187649407,-0.004,0.0016794467875183615,0.0006676789133850285
2059,2748,2260,0.0013274336283185845,0.006491075710802465,-0.001440714294184311,-0.009026548672566373,-0.0019406315293827605,-0.008422986273632688
2060,2748,2293,0.004971652856519842,0.005407730742545146,0.003408229384035557,-0.004361098996947231,0.002351263373856356,-0.0023936236405737044
2061,2748,2267,0.008292898103220113,0.008055378680143678,0.004178767105806264,-0.0022055580061755625,0.001602940511206704,-0.002827731787809362
2062,2748,2281,0.008768084173608066,0.0080184125774007,0.005694984477947605,-0.006137658921525646,0.003126013544175588,-0.0034467959958481955
2063,2748,2262,0.003713527851458887,0.00630890090428932,0.0032134593331087577,-0.005083996463306809,0.000605838600447903,-0.0032376712608931163
2064,2748,2283,0.011826544021024968,0.011923353551690698,0.007045864789008501,-0.0009636443276390711,0.007909963907750804,0.00039401229689507684
2065,2748,2288,0.008216783216783216,0.006540751606046129,0.003634790874999692,-0.004326923076923077,0.0013737115105219057,-0.0036103821344044837
2066,2748,2257,0.005316792202038104,0.005351091097772461,-0.00032966288950827096,-0.0024368630926007973,0.006004604063881427,-0.003650817530771619
2067,2748,2284,0.005691768826619965,0.003163172213933173,0.0010983275522605353,-0.0039404553415061305,0.002217110185382548,-0.004367289829735125
2068,2748,2271,0.006957287538529281,0.007282398280005242,0.005384623611087962,-0.0026420079260237794,0.003194697917629514,-0.0011619022344140002
2069,2748,2242,0.005976806422836753,0.006033258537791151,0.004755443622308055,-0.0028545941123996445,-0.00031073745779062507,-0.0017403345833363407
2070,2748,2276,0.00922671353251318,0.007067734839295316,0.007620982608143324,-0.004042179261862917,0.0017356129724143338,-0.0010134357530541078
2071,2748,2252,0.007104795737122558,0.009679865462868786,0.005805472721839741,-0.001243339253996447,0.005634108000935777,0.0006590982101743191
2072,2748,2285,0.01076586433260394,0.010261067887814841,0.009166171762468093,-0.0032385120350109406,0.002932251719963571,-0.0006234780350554248
2073,2748,2264,0.007685512367491165,0.007114232239948397,0.00556215723740686,-0.0052120141342756185,0.0019526283586426784,-0.002324427305977179
2074,2748,2299,0.009482383645063071,0.008231771801026083,0.005132446887147533,-0.006307090039147456,0.0028434855584651146,-0.004161891212207897
2075,2748,2271,0.002730074856891238,0.008799508845292382,0.000132068401485456,-0.00484368119771026,0.0002756925861673496,-0.004856679628354408
2076,2748,2302,0.005907906168549088,0.009193392558798483,0.005018653473897166,-0.005907906168549088,0.001339675389936847,-0.0028899489926134535
2077,2748,2268,0.00855379188712522,0.008881478307466498,0.005192685170619736,-0.0038800705467372143,0.0006245247306288386,-0.0035969297975011957
2078,2748,2242,0.00945584299732382,0.00616645656127233,0.005646020630895631,-0.0029884032114183756,0.0014388931982221795,-0.0025987639881512826
2079,2748,2269,0.008902600264433673,0.008615920852994357,0.004563846863604029,-0.005244601145879242,0.0016086517230120753,-0.004072072522043801
2080,2748,2272,0.00845070422535211,0.004062157789687772,0.007058956397127329,-0.0046214788732394365,0.0005122800676294364,-0.001733815854248876
2081,2748,2299,0.014354066985645933,0.011405841045619782,0.0098236600532715,-0.0031317964332318402,0.0031968894647510324,-0.0010536313508502312
2082,2748,2267,0.0070577856197618,0.008681841499531757,0.004190986844702214,-0.005381561535068372,0.001492209146049338,-0.003913661557566477
2083,2748,2286,0.00647419072615923,0.008394360807076883,0.0016233280913720205,-0.005555555555555555,0.0011804575649927017,-0.006035557644876132
2084,2748,2288,0.010227272727272727,0.008266703664772572,0.008555533639345489,-0.0029283216783216794,0.007202028404354942,0.001223806175897798
2085,2748,2292,0.009947643979057593,0.007622377522314281,0.007278540972959971,-0.001090750436300174,0.004451366931346216,0.0010351799689939018
2086,2748,2278,0.007199297629499562,0.00855037420627124,0.004779957225399085,-0.0015803336259877074,0.004759186053753571,-0.0004676731499883404
2087,2748,2264,0.006448763250883391,0.0065428109923453305,0.005060403172082926,-0.0038869257950530037,0.0017556832194566656,-0.0016717075874901996
2088,2748,2299,0.00939538929969552,0.007744538107901404,0.004016436401241078,-0.004741191822531535,0.001496551397970564,-0.004583281589609016
2089,2748,2259,0.005223550243470563,0.00911102543884723,0.00419109023630366,-0.004426737494466578,0.005185972474586513,-0.0019943709094623874
2090,2748,2256,0.014361702127659574,0.012664727987190632,0.0107144449542862,-0.0035460992907801418,0.0031287377893374772,-0.0006415281811570161
2091,2748,2288,0.011276223776223776,0.0075886456207049265,0.005458842578990605,-0.0024475524475524486,0.002015699200050276,-0.0027734674507976387
2092,2748,2282,0.005433829973707276,0.005462708710342374,0.0013771248243819045,-0.0011831726555652936,0.005716095476276353,-0.0018354358408167659
2093,2748,2291,0.008293321693583587,0.004452426027275648,0.0027084535913704777,-0.0006547359231776513,-0.00035065884923807223,-0.0026443160756512533
2094,2748,2267,0.008557565063961181,0.008817031883062798,0.006442384853165401,-0.0012351124834583157,0.0023957887750372217,-0.0004278515635197293
2095,2748,2262,0.009814323607427055,0.006267398834656446,0.006741585724607977,-0.0042440318302387255,0.0020182408299979416,-0.0024102948317082126
2096,2748,2282,0.006836108676599474,0.007934835322767298,0.0058703518232584295,-0.0014022787028921998,0.006222723058054187,0.001437692080222981
2097,2748,2299,0.011309264897781644,0.008373290044013122,0.006608309290727406,-0.0047411918225315364,0.001605643135355687,-0.003710998320753779
2098,2748,2272,0.011707746478873238,0.009720456305785533,0.007656842499692159,-0.0018926056338028176,0.00578569014316239,0.00010229334512868989
2099,2748,2296,0.00505226480836237,0.006220229064800528,0.003236070102684582,-0.002918118466898955,0.0007383361281719436,-0.0017797083727651962
2100,2748,2224,0.009892086330935251,0.005686612717956651,0.007172148516149569,-0.0020233812949640296,0.0033662950062754537,-0.00017783411088906467
2101,2748,2280,0.005614035087719298,0.010645936760018872,0.004395420549181329,-0.005570175438596493,0.004175510917248927,-0.0025953976834531653
2102,2748,2277,0.006236275801493193,0.009193861056652562,0.0018143546926936566,-0.002635046113306983,0.0018752851144786659,-0.0037228771799856244
2103,2748,2266,0.011032656663724626,0.012191904811602356,0.009002724784420432,-0.0034863195057369817,0.004580615862450195,-0.00032310754901223134
2104,2748,2274,0.007739665787159192,0.0048440180353575,0.0038875823536066805,-0.003430079155672822,-0.0011580351341630777,-0.003853795792791303
2105,2748,2274,0.013896218117854003,0.009808421603795992,0.012080542172061812,-0.001363236587510994,0.004363405160702965,0.002154273813470709
2106,2748,2288,0.005419580419580419,0.006915138603751976,0.004115363200741153,-0.007692307692307693,0.0013799354715176304,-0.004325943547230183
2107,2748,2248,0.007651245551601424,0.01059335545702078,0.004791127328210279,-0.00604982206405694,-0.0001875818555128426,-0.00444095353659478
2108,2748,2261,0.008226448474126494,0.008045060933857182,0.005993520154219786,-0.0016806722689075633,0.0018064330172535474,-0.0009885018032086334
2109,2748,2280,0.005526315789473683,0.006423235329684883,0.0027245140393527658,-0.00618421052631579,0.0011232015353199601,-0.00504742259214322
2110,2748,2265,0.00997792494481236,0.011286573829957881,0.009676398902766361,-0.0033112582781456945,0.005208329859719333,0.0014337865635146816
2111,2748,2239,0.006520768200089326,0.00665007906927194,0.003211856603469907,-0.004778919160339437,0.002809115637430184,-0.0035117774507880035
2112,2748,2307,0.010316428261811875,0.005784813146909323,0.006719852887359397,-0.004074555700043346,0.0003381067370299912,-0.0028111671584331146
2113,2748,2281,0.009469530907496712,0.008686598447198246,0.004645919646624798,-0.0037702761946514685,0.0022355655795404097,-0.003048899932546021
2114,2748,2295,0.010806100217864925,0.01119554780517622,0.005394308577902968,-0.0030065359477124197,0.0026410597086122638,-0.0034532785895151946
2115,2748,2247,0.011838006230529595,0.011378018830038292,0.009519782225667772,-0.0035603026257231864,0.0019604157911283135,-0.0007705486056367479
2116,2748,2275,0.005450549450549452,0.005755321236783784,0.0031019501586757466,-0.00575824175824176,-0.0015553211825204867,-0.004858389343333329
2117,2748,2242,0.011685994647636038,0.00930388186376265,0.007812851508237895,0.0006690454950936677,0.0026990617104412826,0.0004863006412369598
2118,2748,2302,0.0072980017376194604,0.00793742702820211,0.0023486574250596664,-0.0054300608166811485,0.005704796522106346,-0.003870608504479376
2119,2748,2274,0.006684256816182936,0.008515489054946968,0.004779219254111896,-0.003430079155672823,0.0016840527426928544,-0.0017816269107322569
2120,2748,2289,0.00978593272171254,0.008501488517359072,0.004643125303130247,-0.0028833551769331584,0.003399877516770165,-0.0030493804687774136
2121,2748,2269,0.007844865579550463,0.010406531835395666,0.0066959070797388736,-0.004803878360511238,0.0028111254536346947,-0.0022423557406496446
2122,2748,2255,0.01090909090909091,0.010156225954700858,0.00690277186185706,-0.0023946784922394674,0.0018684276849258807,-0.0011412647725230944
2123,2748,2271,0.005724350506384853,0.003900814323806716,0.0023480920133492717,-0.003478643769264642,0.0006027394881523616,-0.0030082480710686174
2124,2748,2272,0.004841549295774649,0.008170354188545507,0.0034786904755399668,-0.00387323943661972,0.002834733330305862,-0.002074928024890367
2125,2748,2257,0.009836065573770491,0.006862093031919909,0.004135905704436423,-0.00407620735489588,0.0018519594911720171,-0.004629573552106791
2126,2748,2280,0.007456140350877193,0.008689483947703566,0.00783974418027496,-0.0075877192982456146,0.0007438997663541107,-0.0028324220089028496
2127,2748,2256,0.01400709219858156,0.009620800631319393,0.011365428593033376,-0.0011524822695035447,0.0014942389790839072,0.0012896730627245387
2128,2748,2258,0.006554472984942428,0.010662943609299647,0.004052211827732279,-0.002302922940655448,0.008853424688680849,-0.0002603615926883207
2129,2748,2294,0.01020052310374891,0.00998605610200761,0.006838153390743767,-0.003923278116826503,0.001449280356210357,-0.0028245322348120234
2130,2748,2294,0.009851787271142111,0.0071211554722395804,0.006068036029215017,-0.001700087183958152,-0.0003689085405808574,-0.0016197384161128633
2131,2748,2289,0.006815203145478375,0.005984235531711379,0.004962019350868548,-0.005329838357361293,0.00027260313682000406,-0.0037472670321821266
2132,2748,2237,0.011801519892713457,0.010699347293667576,0.011684038947244136,0.0006705409029950837,0.005176527395961973,0.003591201522104126
2133,2748,2281,0.007715914072775099,0.007288141949706641,0.003966185906103014,-0.002192021043402017,0.004343607855827717,-0.0020156969565412017
2134,2748,2302,0.009730668983492615,0.008006108063739609,0.006358021754507291,-0.006081668114682884,-0.0015169272259298956,-0.004645080066144511
2135,2748,2298,0.011575282854656224,0.00994503656934355,0.009131753806726107,-0.003263707571801568,0.00558270335186216,0.0005571460639070309
2136,2748,2265,0.005562913907284769,0.010058557239038209,0.0032039825977544564,-0.0028256070640176596,0.0049326874338056735,-0.001588739446377616
2137,2748,2283,0.006219886114761279,0.005488380674473448,0.0027288118650980473,-0.005519053876478318,0.0006986327751240472,-0.004882188679976829
2138,2748,2273,0.009590849098108227,0.005979969112988684,0.0026704428527762046,-0.0024637043554773426,6.576340482764572e-05,-0.005118275028156202
2139,2748,2313,0.006658019887591872,0.006019706292719077,0.0036690195512341615,-0.0015996541288370093,0.003733282096634707,-0.001262288364022784
2140,2748,2288,0.0070804195804195814,0.007844851735403884,0.006335064345212803,-0.00659965034965035,0.0005773310592860048,-0.0032167242816616864
2141,2748,2284,0.012697022767075307,0.010477007794082845,0.007402945492555301,0.0018388791593695276,0.006849816304291433,0.0016678079783412653
2142,2748,2303,0.011202778983934,0.005590159752560937,0.005317236816415346,-0.0007381676074685196,0.0022606551688271097,-0.0021445415104656453
2143,2748,2256,0.007003546099290779,0.008196116747093892,0.005887402464857714,-0.005673758865248227,0.000848693796024477,-0.002932210289000356
2144,2748,2266,0.008914386584289495,0.008258895129787959,0.008164915228221497,-0.005163283318623124,0.0025914880806688248,-0.0016692605647346931
2145,2748,2255,0.006031042128603104,0.007031957247961819,0.0065233678001757524,-0.007494456762749447,-0.00012107696766925259,-0.0030833182345832355
2146,2748,2258,0.0074402125775022135,0.006241316625019639,0.003624396477846553,-0.0044729849424269275,0.0007787636581287537,-0.003644154881172166
2147,2748,2313,0.008214440121054907,0.006944839394469908,0.0036441515759976107,-0.002204928664072634,0.0008853828677658997,-0.0028779416996582573
2148,2748,2252,0.011989342806394316,0.00782564368674779,0.010363257020189654,-0.0027087033747779763,0.0036553867832828865,0.0011738013961603239
2149,2748,2290,0.010218340611353712,0.0075656390719074885,0.004917486654605959,-0.00611353711790393,0.000792657219736819,-0.005590289800396484
2150,2748,2257,0.006468763845813027,0.011001948939207085,0.004167873185087318,-0.004164820558263182,0.0043603959919015995,-0.002595688810713646
2151,2748,2215,0.005869074492099322,0.005522226556319933,0.002619209580666857,-0.0038826185101580144,-0.0010706138501137752,-0.004621388790644297
2152,2748,2236,0.009033989266547407,0.008698190375082045,0.005484864235042953,-0.005277280858676209,0.0032200240060809415,-0.0033516154999205824
2153,2748,2267,0.008910454344949274,0.00999340258559509,0.005868743229390935,-0.0020732245258050295,0.00531989657200963,-0.0009934297622058018
2154,2748,2269,0.006787130894667254,0.0063074020440852556,0.005537670639827686,-0.007007492287351256,0.0008715932926919923,-0.004172627135660298
2155,2748,2257,0.007886575099689852,0.007116444470408048,0.0044085750685456514,-0.0040319007532122276,0.0035900876275562405,-0.002576712662576028
2156,2748,2292,0.013001745200698082,0.010267099013676886,0.010461873151591444,-0.003228621291448516,0.002793650852341956,0.00019068164867027377
2157,2748,2296,0.005749128919860627,0.007702797006459677,0.004445954696777416,-0.0057055749128919865,0.0017467878956872389,-0.0035116797477600225
2158,2748,2276,0.0032513181019332158,0.007933556831523601,0.002622144082272986,-0.007029876977152899,0.0005628079175406698,-0.004873006408010164
2159,2748,2278,0.012467076382791922,0.010106948554439145,0.005176335596971185,-0.0020632133450395086,0.004785922434362898,-0.002358664922125001
2160,2748,2291,0.01030117852466172,0.008376771358596612,0.007742584465127268,0.00013094718463552968,0.00450383755372034,0.0010543252100082869
2161,2748,2257,0.006734603455914932,0.009678514443668922,0.0033212275588678894,-0.007310589277802394,-0.0005718501846764849,-0.006083893993638626
2162,2748,2300,0.007391304347826087,0.006613493513657687,0.005529154792439338,-0.005826086956521739,-0.0024807621411310917,-0.004281246861776338
2163,2748,2256,0.006737588652482269,0.007856578764610624,0.006261573037059812,-0.003191489361702128,0.003656272606626166,-0.00030370821476353364
2164,2748,2274,0.011873350923482849,0.007272966586540379,0.007999108959088515,-0.004573438874230432,0.003946284968747872,-0.0018689358490574807
2165,2748,2259,0.005931828242585216,0.005768427135464627,0.004505877440669638,-0.004426737494466578,-0.0015431445274685354,-0.0029307960143732836
2166,2748,2278,0.009920983318700616,0.009784826872571071,0.009200671791317571,-0.0027655838454784896,0.0031199018735938006,0.000855698494309918
2167,2748,2287,0.008132925229558373,0.006490990642239699,0.005921998101754296,-0.006427634455618714,-0.00011008349316133631,-0.003477007653424853
2168,2748,2233,0.005194805194805196,0.004491459312453678,0.0014584129234987049,-0.006448723690103,0.0008942285570641116,-0.006163680302257483
2169,2748,2317,0.010703495899870522,0.009019197684687171,0.008356198774189944,-0.0044885627967198955,0.004261190490606001,-0.0013871833275975911
2170,2748,2281,0.008855765015344148,0.008009972870178314,0.00335024306659062,-0.004077159140727751,0.0017149309830653402,-0.004206851432516078
2171,2748,2251,0.011372723234118169,0.00595347387994929,0.005966796561653495,-0.0033318525099955577,0.0003962776742521816,-0.0030193681605452747
2172,2748,2295,0.012636165577342049,0.010988337747263882,0.008756721343163337,-0.0018300653594771244,0.003006866996137917,-0.000637841852599356
2173,2748,2289,0.0060288335517693315,0.0054806494563941835,0.0038596483226652893,-0.006465705548274357,-0.0004604602832369735,-0.004475470386852043
2174,2748,2293,0.00846053205407763,0.00696422255754076,0.005667812760369575,-0.006498037505451375,0.001113457827647096,-0.004378582491030627
2175,2748,2281,0.005699254712845244,0.00430008202261158,0.002687248541227956,-0.003331871985971065,0.0013063385255698875,-0.0029042475200707373
2176,2748,2266,0.007149161518093557,0.005181036675419205,0.003947419764024263,-0.0037511032656663726,0.003606376761149735,-0.0027885108622799086
2177,2748,2278,0.008867427568042143,0.006721406418961254,0.0031086844145299507,-0.007945566286215979,0.0017856156011326182,-0.00693719208772962
2178,2748,2255,0.006119733924611973,0.007963193612824198,0.004368746394821483,-0.00802660753880266,-0.002434368662826781,-0.0059926144961783105
2179,2748,2309,0.013945430922477265,0.010207646164647644,0.011961138344206491,-0.002035513209181464,0.0028424808368190547,0.0015780527339260032
2180,2748,2268,0.003880070546737215,0.005674297137194924,0.002825896401522455,-0.001851851851851852,0.003730319317370448,-0.00035189479961302174
2181,2748,2257,0.007354895879486044,0.005781655366820678,0.003210218721306827,-0.00013291980505095212,0.004914561788979489,-0.0012845588125344766
2182,2748,2279,0.010530934620447565,0.008069483053501138,0.005864596230109282,-0.001886792452830189,0.0030366970515013155,-0.0013598093196645394
2183,2748,2287,0.014691735898557063,0.009745860272248073,0.00934231312287499,-0.005815478793178837,0.002122704081034639,-0.0032771301835867093
2184,2748,2288,0.007692307692307693,0.007388152640002162,0.00554365314213279,-0.0036276223776223766,0.0014934053621708146,-0.0016230991679263228
2185,2748,2256,0.007978723404255319,0.009613468797687548,0.006307387752494104,-0.002304964539007092,0.004902590311685267,0.0004047898910436492
2186,2748,2308,0.005892547660311959,0.005970407053490052,0.000982149493053858,-0.001819757365684575,0.003243545423078821,-0.002891338481593577
2187,2748,2278,0.007550482879719053,0.004241137544684235,0.0044984087152873005,-0.0025021949078138715,0.0011192439534392453,-0.001720741029827822
2188,2748,2265,0.00847682119205298,0.011300204921273814,0.005652796177015481,-0.002339955849889625,0.007317872621350325,-3.180461777616697e-05
2189,2748,2292,0.008987783595113437,0.008310113994510326,0.008948115550641652,-0.005671902268760907,0.003214674197644128,-0.0009933192109496474
2190,2748,2279,0.007196138657305835,0.004062094363670317,0.00400835299912556,-0.0031154014918824044,0.003199175533154583,-0.0015763367850770715
2191,2748,2238,0.008579088471849867,0.009480853806798991,0.007111143735052318,-0.001921358355674711,0.0056037655700847625,0.0009995580674835316
2192,2748,2273,0.00950285965684118,0.0093340052465787,0.008165516548468513,-0.003123625164980203,0.0035874483634920034,-0.0005036238303501179
2193,2748,2305,0.008850325379609546,0.006310743361730472,0.0044678474423865,-0.001865509761388286,0.002478275064636852,-0.002173140333004751
2194,2748,2285,0.004726477024070022,0.006066378716607874,0.001079960176935902,-0.005557986870897155,0.0010558417385163896,-0.005631693721781872
2195,2748,2296,0.01010452961672474,0.007914373977196172,0.008823081794469853,-0.00021777003484320614,0.005376975428850162,0.0029922911613229075
2196,2748,2259,0.007436918990703851,0.00866542668061085,0.0043341626051074805,-0.0017264276228419653,0.004374719159267246,-0.0010093008149819234
2197,2748,2261,0.008845643520566122,0.006944152089985548,0.00552785900336433,-0.005263157894736843,-0.00017258380123304183,-0.003324114159137064
2198,2748,2230,0.011121076233183858,0.01062336659470723,0.008483525925526786,-0.004304932735426009,0.0024113619269260276,-0.002292984380545148
2199,2748,2295,0.013594771241830065,0.009070511237807716,0.010342541453114123,-0.0001307189542483669,0.004934739766520778,0.0021415848978384093
2200,2748,2281,0.009995615957913194,0.008876704596235368,0.008359716687828396,-0.0021481806225339757,0.00238569559569098,0.0004111702755825714
2201,2748,2277,0.007729468599033817,0.0077034554909181634,0.006631249629648098,-0.0012736056214317083,0.005322313417480145,0.001477713565581721
2202,2748,2277,0.015634606938954767,0.012249372274580839,0.012045010291752126,-0.001624945103205973,0.0027190688459247277,0.000870673825927315
2203,2748,2257,0.005050952591936199,0.006493893993606323,0.0020290765772437757,-0.006645990252547629,0.001306415187393854,-0.0056229352162524065
2204,2748,2282,0.010867659947414548,0.005670031596937416,0.007468897506901307,-0.002103418054338299,0.004118167556410142,-0.0001998785839956856
2205,2748,2263,0.006451612903225807,0.004998532796968452,0.0030012779572183507,-0.008749447635881572,-0.0011587923881238417,-0.007065331110767666
2206,2748,2302,0.005647263249348393,0.00866611965515786,0.00583359122731576,-0.0029105125977410946,0.0035290505036379934,-8.112058110830191e-05
2207,2748,2281,0.010083296799649276,0.008610541931411482,0.006374169389514711,-0.0018412976764576945,0.004176493377602743,-0.0010927274054675106
2208,2748,2272,0.007394366197183097,0.007021652700325426,0.004450974100715833,-0.002024647887323944,0.006667842921788658,-0.0003467735230207661
2209,2748,2284,0.00893169877408056,0.010255091685110379,0.006858309884493289,-0.004947460595446586,0.00025000592918980624,-0.002656585866957812
2210,2748,2279,0.007722685388328215,0.011780708330784291,0.008253296787004899,-0.002062308029837648,0.003831698428189605,0.0016830715692933136
2211,2748,2321,0.006204222317966395,0.0047254895947791385,0.003553487425957276,-0.003489875053856097,-0.0015435832540792176,-0.003759303443310535
2212,2748,2309,0.008055435253356433,0.00636612927016125,0.00614727951567703,-0.004720658293633608,0.004075087311788263,-0.0015741140665273838
2213,2748,2301,0.007735767057800955,0.009037402750586504,0.004698969181898615,-0.003824424163407216,0.0037893841772051323,-0.001735366205472437
2214,2748,2261,0.00964175143741707,0.009246235034169315,0.008188076778821543,-0.003582485625829278,-6.340155242333849e-05,-0.0012534395194523484
2215,2748,2265,0.0067991169977924945,0.006293185615906275,0.007071603203605262,-0.0022516556291390724,0.002076007367571764,0.0005923303333877044
2216,2748,2319,0.009573091849935317,0.008912908793725145,0.005905350848490972,-0.0037516170763260016,0.0008335292264651998,-0.003420693608675442
2217,2748,2266,0.008473080317740514,0.008140453747940321,0.005660623574268114,-0.005736981465136805,0.004255778944704114,-0.0027166931380507883
2218,2748,2304,0.009114583333333334,0.009186954664710556,0.00705583346463,-0.0043836805555555565,0.004394876842900632,-0.0008906307915682722
2219,2748,2267,0.011116012351124836,0.0074168741412767745,0.008198738517056856,-0.0042787825319805925,0.0025178417167257125,-0.0015509267661047276
2220,2748,2272,0.007042253521126761,0.009110839833553307,0.0045898514514901715,-0.0053257042253521125,0.0010458991951339805,-0.004114830454141595
2221,2748,2278,0.010798946444249342,0.008156158935390572,0.007311940396542193,-0.0017559262510974548,0.0024069361790319847,-0.0005588442405556125
2222,2748,2288,0.01215034965034965,0.009923575387066095,0.011268698128530137,-0.0022290209790209793,0.0030109654377125116,0.0017327929039621618
2223,2748,2283,0.005694261936049059,0.004436948160341165,-0.00015454541929296156,-0.004993429697766097,0.0009510412582527975,-0.006473396748975266
2224,2748,2311,0.011510168758113372,0.01062470722561555,0.007992500972660159,-0.004846386845521419,0.001644770640556112,-0.0024711215473978408
2225,2748,2301,0.005736636245110823,0.00740196460471643,0.004326777536086672,-0.005562798783137766,0.00218503420050139,-0.0028676159019379887
2226,2748,2275,0.004571428571428573,0.005374778224387327,0.0006480639928885128,-0.0011868131868131866,0.002055979404023707,-0.0022311039317684336
2227,2748,2261,0.006811145510835914,0.008293984947947579,0.003461976419859648,-0.004997788589119859,0.007209866276413898,-0.002917756203338124
2228,2748,2254,0.013309671694764862,0.011158367020078523,0.011186016687523274,-0.0030612244897959195,0.002225976609705939,-0.0004786487328953663
2229,2748,2250,0.0057777777777777775,0.008103592942048122,0.0015334640032265046,-0.004444444444444444,0.0032925862015022902,-0.0047094170698903735
2230,2748,2278,0.012203687445127306,0.008186043866781009,0.007746734489008396,-0.00553116769095698,0.0008401608729013722,-0.004178945221835728
2231,2748,2296,0.010452961672473868,0.007052966263893496,0.006519858774109476,-0.0057055749128919865,-0.003457302161887428,-0.005159257584240946
2232,2748,2277,0.008432147562582345,0.006109614501325439,0.0065450879868770885,-0.004743083003952571,0.0032185395092907717,-0.001825006537515868
2233,2748,2260,0.01008849557522124,0.008261065106417692,0.008270527103293724,-0.006106194690265486,0.0035933900444127544,-0.0021037237075123955
2234,2748,2308,0.010311958405545928,0.006806969250613561,0.005151327961140839,-0.0024696707105719227,0.004186050285786954,-0.00246774648053995
2235,2748,2277,0.008695652173913042,0.007222261002925222,0.003719639796471417,-0.0021519543258673697,0.00491270551665446,-0.0023320061466532613
2236,2748,2260,0.0019469026548672567,0.007675973594500979,-0.002509011845038183,-0.0024778761061946906,0.0021918475300470395,-0.005278338050358045
2237,2748,2270,0.010572687224669603,0.006736787591164759,0.005701811971887608,-0.004096916299559472,0.0008122235099647834,-0.003837141620887575
2238,2748,2257,0.007620735489587948,0.007275501305052727,0.006955154666165286,-0.0013735046521931777,0.002245931731138256,0.0009336061071106552
2239,2748,2316,0.009758203799654577,0.01052351890803931,0.007697371869849047,-0.0009930915371329882,0.005570896536449768,0.0010320593649089792
2240,2748,2284,0.01287215411558669,0.008243746996278,0.008561643518132432,-0.0010945709281961476,0.0010401459219247019,-0.000938718658325474
2241,2748,2320,0.010258620689655173,0.008771150272178195,0.006103404739235551,-0.0037500000000000003,0.005032226170033087,-0.001686349103837571
2242,2748,2259,0.005312084993359893,0.006038030789936574,0.001984120359022947,-0.004736609119079239,0.0004548589097408893,-0.004601873142275045
2243,2748,2257,0.005139565795303501,0.006421552460779839,0.0035656342417160654,-0.005892778023925563,0.0017643998996375765,-0.0038598575763702033
2244,2748,2271,0.012065169528841919,0.00903771644645911,0.00942823240731423,-0.0009687362395420519,0.0025664242701863766,0.000865412081407529
2245,2748,2246,0.01308993766696349,0.00878458432718292,0.008019803496808715,0.0007123775601068569,0.0051279933502227084,0.000677518342081673
2246,2748,2256,0.010549645390070922,0.008296927219642614,0.008112794020375845,7.873922160462103e-19,0.00271610786628137,0.0008088341743171803
2247,2748,2280,0.00824561403508772,0.008310391166332,0.005618041225661312,-0.0008771929824561404,0.005166952890860579,3.4093013467512824e-05
2248,2748,2315,0.00898488120950324,0.0073041896969779025,0.003575759442777581,-0.002807775377969763,0.003108921991314173,-0.0033189692166469406
2249,2748,2268,0.010934744268077601,0.008432673165539964,0.00639140284381682,-0.0036155202821869493,0.00633693213128463,-0.002119545138002703
2250,2748,2275,0.009582417582417584,0.005757974784767727,0.006887203975260459,-0.00167032967032967,0.002267681938064128,-0.0001538154184861167
2251,2748,2304,0.009288194444444444,0.00738577506487606,0.0058213263280150985,-0.0021701388888888894,0.0008690299994600317,-0.0018275700222949443
2252,2748,2292,0.00794066317626527,0.007299337642924216,0.00543333943399168,-0.007853403141361256,-0.00045255623203677045,-0.004998998604006014
2253,2748,2293,0.006454426515481902,0.0048315918947986316,0.003596293787061095,-0.005669428696031402,0.0024467737984328114,-0.003897588485924457
2254,2748,2278,0.007023705004389815,0.003415172921428777,0.002434673183012822,-0.004345917471466198,-0.0006040488695757486,-0.0045570211010997515
2255,2748,2274,0.007124010554089711,0.010214813755517154,0.006733711082868578,-0.002286719437115216,0.005122785572925861,0.000529662671978356
2256,2748,2274,0.005716798592788039,0.008791966495587108,0.0027756043961653975,-0.0043535620052770445,0.003682449411662213,-0.0034194264474607427
2257,2748,2312,0.007871972318339098,0.0079819477898964,0.005489161906034643,-0.005882352941176473,0.0012574290895684078,-0.0032311662400618434
2258,2748,2269,0.005376817981489643,0.005430627605875885,0.004366654623610569,-0.002071397091229617,0.0011367869772239128,-0.001393082318505792
2259,2748,2247,0.009790832220738763,0.008463330780664257,0.005464893750761385,-0.000934579439252337,0.006272834759869135,-0.0004690201853264892
2260,2748,2285,0.011028446389496719,0.012613102675326395,0.0068322941174447874,-0.0024070021881838076,0.005704179899265295,-0.001260419655870581
2261,2748,2228,0.00969479353680431,0.012832855586612417,0.008322524855596532,-0.006014362657091563,0.0018582500636649744,-0.0026466444019726068
2262,2748,2276,0.011862917398945518,0.011999007460360313,0.010742259245698917,-0.0035149384885764493,0.002144437066494151,0.0001926126449403075
2263,2748,2273,0.00818301803783546,0.0059641780301564066,0.008209633928972228,-0.0023317201935767707,0.002017255222940245,0.0010581931189511398
2264,2748,2241,0.006068719321731372,0.009160916479259311,0.0019887526069336556,-0.0033020972780008926,0.004193374702050176,-0.0030078494912180133
2265,2748,2258,0.010274579273693534,0.007377035774204394,0.0076181299472983625,-0.002391496899911427,0.002285007371838926,-0.0013721650175278855
2266,2748,2276,0.0033391915641476275,0.008499351582118517,0.002211906259190326,-0.006766256590509665,-0.000508983794322873,-0.005400423217855422
2267,2748,2314,0.010198789974070872,0.013136267783313775,0.007673698691744846,-0.0047104580812445986,0.004645362408553878,-0.0015927275670533495
2268,2748,2262,0.007250221043324493,0.00329245564415646,0.001154682284459862,-0.00627763041556145,0.0022455396763734797,-0.006220326209830073
2269,2748,2278,0.009833187006145742,0.007732325085795009,0.004243630709005935,-0.0034240561896400354,0.005128680075421027,-0.0037007458610744852
2270,2748,2236,0.007334525939177101,0.007679317276602987,0.006246243723880258,-0.00308586762075134,0.003416242735766485,-0.0006756975483524815
2271,2748,2272,0.012059859154929577,0.011607206632093164,0.008986775269488444,-0.004797535211267606,0.003228514533454128,-0.0017981535260157067
2272,2748,2248,0.0097864768683274,0.0064332529330557095,0.007560849393257627,-0.002224199288256228,0.004011300629369949,0.0004761853890038472
2273,2748,2254,0.01047027506654836,0.007933918977532614,0.0073525789680135125,-0.0025732031943212063,0.002351248958658015,-0.0011462288477715314
2274,2748,2278,0.012291483757682178,0.009580886592942773,0.008258727810953088,-0.0028972783143107997,0.00318482640146896,-0.0004748727821693378
2275,2748,2265,0.009713024282560706,0.008803452179044307,0.007303449342109973,-0.00543046357615894,0.0007848102447065797,-0.002607125002125747
2276,2748,2285,0.0069146608315098475,0.007269626587746798,0.00676172882395419,-0.0031509846827133484,0.003130299579610773,0.0003392754253720018
2277,2748,2304,0.012239583333333333,0.01106299077763741,0.009138338448307463,-0.0025173611111111113,0.0031749593772423634,-0.00016310937947829746
2278,2748,2248,0.005604982206405694,0.009502071421364517,0.004665104256614107,-0.004715302491103202,0.004971955223820952,-0.0016070132106490403
2279,2748,2264,0.005035335689045936,0.006173881054577097,0.004714459034942415,-0.005874558303886925,0.0024526299748595863,-0.002589310535522484
2280,2748,2298,0.008877284595300263,0.0068612520433054035,0.008051835921001806,-0.004177545691906007,-0.0008526899000999973,-0.0019490500425332527
2281,2748,2282,0.002191060473269063,0.004676730956385029,-0.0010536202154875877,-0.007493426818580193,0.0015456187750741473,-0.00695931133728498
2282,2748,2268,0.011022927689594356,0.007712087159019201,0.009471699228201829,-0.004497354497354498,0.0021822801289589086,-0.0006433547323453243
2283,2748,2268,0.0069664902998236335,0.005127334191456726,0.002494016496084457,-0.004717813051146385,0.0028109024535311507,-0.00491388354840332
2284,2748,2290,0.008122270742358079,0.00927461741229236,0.0039481852248724825,-0.003624454148471616,0.003988271412242,-0.0035825105064571107
2285,2748,2263,0.00892620415377817,0.006350390986705373,0.0067525186651260566,-0.002430402121078216,0.006543889680582038,0.0002928507439155393
2286,2748,2271,0.006869220607661823,0.007222137161141568,0.0036240473795491348,-0.002553940995156319,0.004085221116766292,-0.0018468475082154656
2287,2748,2271,0.011272567151034786,0.006496307306837019,0.004608318315783163,-0.0046675473359753415,0.0005477919111694713,-0.004988515697533698
2288,2748,2291,0.006023570493234396,0.0038141056577548882,0.002530146195543123,-0.004757747708424269,0.0003226513069931431,-0.004651199862118306
2289,2748,2280,0.005964912280701755,0.005686643471235518,0.004653199868867104,-0.0034649122807017545,0.004223197539540762,-0.0012555430520649667
2290,2748,2263,0.012726469288555014,0.008636850127338256,0.007381161042565448,-0.0018117543084401235,0.00428606964598447,-0.001162527688594617
2291,2748,2244,0.009536541889483066,0.00917498758770045,0.006659272997865162,-0.0017825311942959014,0.005392589633259202,-0.00036843909855111044
2292,2748,2301,0.004432855280312907,0.004910579631708136,0.004098624162905099,-0.006518904823989571,-0.0010767778328130812,-0.003855826364218051
2293,2748,2247,0.005518469069870939,0.006248323363213634,0.004513134538562198,-0.005874499332443258,-0.0014295837227454387,-0.004354950015171325
2294,2748,2284,0.01129597197898424,0.007082801889133601,0.0039348572813265115,-0.0018826619964973736,0.0018429364209602446,-0.004427380357768876
2295,2748,2297,0.006617326948193295,0.006422261575783304,0.004266330388233664,-0.0037004788855028313,-2.8400178002913735e-05,-0.0025451192825827456
2296,2748,2276,0.010456942003514939,0.009906259717983869,0.006415853896431708,-0.0005272407732864689,0.005584115108212418,-0.00016983786729425176
2297,2748,2268,0.0051146384479717815,0.0058521971441793065,0.0014355517429173845,-0.0052469135802469145,0.0010430274464944887,-0.00490735376407271
2298,2748,2252,0.006394316163410303,0.004328155069354852,0.001961964696639328,-0.004396092362344581,-0.0020197095555268903,-0.005469216366086239
2299,2748,2270,0.008193832599118944,0.0058613935172018424,0.004847987457441384,-0.005682819383259911,0.0009403346493485589,-0.004444387540715394
2300,2748,2301,0.008170360712733594,0.006274904480985705,0.004191498752707762,-0.0037375054324206873,0.0009492538643912557,-0.0036383407620784033
2301,2748,2298,0.00783289817232376,0.00692535446117585,0.005402881117142686,-0.006962576153176675,0.001954137658388801,-0.003947535393341128
2302,2748,2273,0.008886933567971843,0.006140578373597966,0.003628507792215092,-0.005059392872855257,-0.0006884909464609017,-0.005495479773894644
2303,2748,2261,0.009376382131800089,0.007155230591489751,0.0043418089852368,-0.006811145510835915,7.663153256199417e-05,-0.006097466802864983
2304,2748,2278,0.008955223880597014,0.011278412109273717,0.006635612905386371,-0.003950834064969272,0.0029733786326218816,-0.001815655070578963
2305,2748,2279,0.010092145677928916,0.008827531338104759,0.002921245473758687,-0.004256252742430892,0.0015149675875594194,-0.005325126010892915
2306,2748,2294,0.007323452484742806,0.006929746027220326,0.002199511969684133,-0.003618134263295555,0.0019078006025858207,-0.004136063368009497
2307,2748,2254,0.006921029281277729,0.006594364120882036,0.0029188864123981017,-0.0013309671694764873,0.0022683241998312257,-0.0021001354920896866
2308,2748,2230,0.009327354260089689,0.007420006284922091,0.007393801001931494,-0.003766816143497758,0.0017473724599467936,-0.0011607013741550586
2309,2748,2245,0.006770601336302895,0.0039471243219584475,0.004076702685597022,-0.00400890868596882,0.003668308674227493,-0.0023764932642315216
2310,2748,2269,0.010841780520052887,0.007474756316288162,0.010434450001893242,-0.0044513001322168365,0.001651830101771887,1.571197781873701e-05
2311,2748,2299,0.006698564593301437,0.0051834354295934104,0.0031310023448093017,-0.0024793388429752076,0.0016242538051129986,-0.0024584454970426237
2312,2748,2307,0.008495882097962723,0.00808856470496302,0.0037736972964019988,-0.005028175119202428,0.002408975890196713,-0.004494276837706667
2313,2748,2268,0.0073192239858906535,0.006738389282176789,0.0048053742794036,-0.004761904761904762,0.0015327368087039528,-0.0028137210330401222
2314,2748,2294,0.006713164777680907,0.010038266167941866,0.006599382268180174,-0.0013077593722755014,0.0040415397238289215,0.0012655001174802238
2315,2748,2285,0.008227571115973744,0.007088944731783173,0.005857594138628588,-0.0037636761487964973,-0.0008333552587608458,-0.0023905628410652397
2316,2748,2268,0.00908289241622575,0.007959708144336651,0.006660834043212991,-0.005070546737213404,0.0027482563278408375,-0.0019858730810267894
2317,2748,2263,0.008749447635881572,0.006409236252135495,0.003248414458937663,-0.0057445868316394165,0.001321873935535009,-0.005473190337634392
2318,2748,2298,0.006527415143603133,0.006734555071809152,0.003947615428664554,-0.004221061792863359,-1.5889374351417046e-05,-0.0031393165481679633
2319,2748,2266,0.009443954104148278,0.009734756953817843,0.007292828348702728,-0.002691968225948809,0.0051379259476365844,-8.069688566937366e-05
2320,2748,2227,0.0050291872474180505,0.005321832937982074,0.002487490314969663,-0.005747642568477774,0.0035028313789088675,-0.0035998600376818133
2321,2748,2291,0.007158446093408991,0.006747033337400263,0.006152417348259124,-0.003273679615888258,0.0030200034498843874,-0.000577142478963934
2322,2748,2282,0.0070990359333917615,0.00902560942290695,0.0024179243023587154,-0.005959684487291848,-0.0013121411094797334,-0.005852500727868521
2323,2748,2330,0.007811158798283262,0.008318230041369905,0.004401242527929558,-0.007381974248927038,-0.0020089406816020962,-0.006334402187648242
2324,2748,2310,0.003030303030303031,0.005296372279155216,-0.0015558190516995489,-0.00748917748917749,-0.0009668362355200589,-0.008017583666234458
2325,2748,2257,0.008418254319893664,0.006419666488587977,0.007709488370748461,-0.006025697828976518,0.00033351858299840513,-0.0021062391293554775
2326,2748,2276,0.007996485061511426,0.0072277913268888674,0.006901765919175638,-0.0021968365553602805,0.004330777518602258,0.0002774900792576372
2327,2748,2304,0.009027777777777779,0.010149263689394557,0.005966064959201999,-0.005989583333333334,0.003354318221628741,-0.003301470310178403
2328,2748,2274,0.010905892700087952,0.010348821642535934,0.006379575204358974,-0.004221635883905014,0.0022745105407402924,-0.0030508342572500764
2329,2748,2274,0.005716798592788039,0.005062472206747965,0.004011409004036944,-0.003737906772207563,0.002302188435890262,-0.0021342606585169673
2330,2748,2279,0.009126810004387888,0.007914449204135195,0.004728598874641047,-0.006625713032031592,0.0010828413022763907,-0.005063122386978296
2331,2748,2237,0.01019222172552526,0.007039715506713199,0.007791623506733261,-0.0038444345105051415,2.2514434405815e-05,-0.0018202156098458687
2332,2748,2281,0.009820254274441036,0.007265886449863036,0.00565243068104935,-0.001359053046909251,0.0047381657829902255,-0.0012054318551374804
2333,2748,2295,0.00784313725490196,0.008796991210275237,0.0037420697297350916,-0.005098039215686275,0.000780402980144673,-0.004562468944846985
2334,2748,2301,0.0018252933507170812,0.006238120442151041,0.0017707694888817404,-0.007605388961321164,-0.0016690126651812637,-0.005724082714654448
2335,2748,2277,0.007026789635485286,0.004375201995356541,0.004791016937531877,-0.002766798418972332,0.0017424472898833537,-0.0015957087454969118
2336,2748,2280,0.0058771929824561414,0.00681487866752571,0.004160667097463896,-0.00543859649122807,0.0014568560612795115,-0.0034322520460483112
2337,2748,2266,0.009090909090909092,0.00568711088977426,0.005627032248723448,-0.004545454545454546,0.0012246963891062773,-0.0030149034253949976
2338,2748,2278,0.00781387181738367,0.007095592647659324,0.005231288582951218,-0.0038630377524143987,0.002224324054648799,-0.0023450508727910447
2339,2748,2296,0.010017421602787456,0.009494628014433395,0.008111846046641523,-0.004311846689895471,0.004206197035711493,-0.0012825720925913823
2340,2748,2282,0.011481156879929885,0.005216230124011148,0.009232881426170935,-0.001752848378615249,0.001983221961081507,0.000455465615831443
2341,2748,2250,0.010133333333333334,0.009214712866526514,0.006652580108130694,-0.0058222222222222226,0.004041428856241989,-0.003411300732496492
2342,2748,2249,0.004802134281903068,0.004133416194893826,0.00042109430683865106,-0.004001778568252558,0.0004061538162909907,-0.004907708320552304
2343,2748,2254,0.006299911268855368,0.008381906237692653,0.0028280261843388063,-0.004968944099378881,0.002485833513394867,-0.0038602232033803753
2344,2748,2289,0.009785932721712538,0.01372055166323785,0.007345748696725656,-0.0016601135867190912,0.00957368026757761,0.001687777297647252
2345,2748,2250,0.013422222222222224,0.007746356285399579,0.009786431706346103,-0.0004888888888888902,0.003916477920306658,0.001633440771784635
2346,2748,2281,0.009469530907496712,0.009823687827784686,0.005574417279390672,-0.0028057869355545815,0.00565229733062978,-0.0015143806936290824
2347,2748,2254,0.008606921029281279,0.010543113878939338,0.005048380545128756,-0.002573203194321207,0.005008514561591826,-0.001726325158066485
2348,2748,2292,0.011082024432809772,0.013249137759689916,0.00895232172498323,-0.006108202443280977,0.004166925627312331,-0.0016723808996245632
2349,2748,2288,0.010751748251748253,0.010050295171971974,0.008858163975637245,-0.0037587412587412592,0.0009602066464550639,-0.0013647030344302953
2350,2748,2291,0.01082496726320384,0.008824889970061941,0.009451392452123812,-0.003142732431252729,0.0023210777244435637,0.00037365321253758117
2351,2748,2259,0.00903054448871182,0.0070222917992889735,0.004132973095582782,-0.0011509517485613107,0.0044262574674745194,-0.0011540389980898029
2352,2748,2275,0.009054945054945055,0.008173992479422413,0.008619311065045987,-0.004615384615384616,-7.969208379728654e-05,-0.0011243171974101233
2353,2748,2245,0.011581291759465477,0.010813114190202025,0.010787668902465467,-0.0024053452115812926,0.003923292416241576,0.0014738152907578135
2354,2748,2276,0.0009666080843585242,0.0047487738947684524,-0.003063755447517959,-0.00320738137082601,0.003244904650277239,-0.004328258600524774
2355,2748,2241,0.014011601963409191,0.010773341087443168,0.007056515880109703,0.0014725568942436415,0.004846906889161328,-1.441795242613991e-05
2356,2748,2280,0.007280701754385964,0.008446020470057802,0.006186202737000871,-0.0041666666666666675,0.0029741814419138603,-0.0010718783838778447
2357,2748,2275,0.007648351648351648,0.00713376423181497,0.0019201921965412037,-0.0033406593406593403,0.000686039940857855,-0.004439090826102187
2358,2748,2279,0.007810443176831944,0.007641827618367419,0.005847177093841001,-0.0009653356735410262,0.003539402702735129,0.0003950617528230765
2359,2748,2296,0.0078397212543554,0.005918741899621955,0.00465463467199429,-0.006141114982578396,-0.0006364096391272942,-0.004632454258261394
2360,2748,2280,0.005701754385964913,0.005464084567606922,0.0002699744108003414,-0.008245614035087718,-0.0004033183302120306,-0.008416189636095323
2361,2748,2272,0.008362676056338027,0.005981333672645836,0.002701350922698304,-0.004709507042253521,0.0017063091177836342,-0.005121314665453712
2362,2748,2292,0.008900523560209423,0.007802159895054807,0.007184420517457865,-0.006893542757417102,0.001161974264237361,-0.003294698242896754
2363,2748,2308,0.00979202772963605,0.010476247638688194,0.008028273970495773,-0.003856152512998267,0.005960853519219433,-0.0004868677066755972
2364,2748,2278,0.008604038630377524,0.00637856601032592,0.007815972704726531,-0.0032923617208077266,0.0025635857296791753,-9.824697655749433e-05
2365,2748,2254,0.006743566992014197,0.008575971991627176,0.005153632298146783,-0.003815439219165927,0.003163172443720285,-0.0010597246299211974
2366,2748,2306,0.005550737207285342,0.006347479670001899,0.002390554240313187,-0.00173460537727667,0.005515710030731499,-0.0017477109990269597
2367,2748,2285,0.007527352297592999,0.00694254904631931,0.0066220101430018155,-0.002669584245076586,0.0010612308410382855,-0.0006684637268391675
2368,2748,2258,0.006731620903454384,0.008363121482853406,0.004131430885363084,-0.005270150575730734,0.0015857017673521997,-0.003321201393246482
2369,2748,2282,0.011481156879929885,0.007273832164702952,0.009181098742970292,-0.0016213847502191063,0.0023775301295464587,-8.668851631143997e-05
2370,2748,2299,0.008786428882122662,0.00572687547796867,0.004439466902798626,-0.0029143105698129627,0.003374487960559377,-0.0024088386562583297
2371,2748,2281,0.009118807540552389,0.007695835158389168,0.004664420904687803,-0.0034633932485751877,0.0022506522825123556,-0.0033826863895576177
2372,2748,2270,0.007665198237885462,0.005968809609763991,0.0031864512135783628,-0.004185022026431718,0.0011572759219373077,-0.004506547512987725
2373,2748,2295,0.008366013071895426,0.004385726999815141,0.0016422284403854116,-0.005315904139433551,-0.00202702871292686,-0.007221914302053206
2374,2748,2263,0.008926204153778173,0.009780192179681048,0.007619405154221259,-0.0023420238621299173,0.0049659030081446055,0.00010687229186164035
2375,2748,2265,0.013509933774834438,0.011839874817251681,0.012391501201754236,-0.0036644591611479033,0.00502563035112834,0.001347798013033099
2376,2748,2276,0.006766256590509666,0.004407098504754863,0.004700944716437625,-0.003295254833040421,0.0017595319175210563,-0.0021503003620683063
2377,2748,2291,0.009864687909209953,0.008388601262710443,0.007272651610807795,-0.002357049323439546,0.0049996135525793885,0.00011336064481423681
2378,2748,2267,0.007851786501985002,0.00739107059525787,0.005047100449892028,-0.0031318923687692984,0.005098064293871283,-0.0005269621027455927
2379,2748,2251,0.015548645046645935,0.010814205494881565,0.011044728520507294,-0.0023100844069302547,0.005736073204495588,6.531416492156983e-05
2380,2748,2267,0.005999117776797529,0.009649604040841768,0.002368285996046281,-0.004719894133215703,0.0023014413622236265,-0.004310690407429478
2381,2748,2246,0.01335707925200356,0.00831402958002716,0.009756042696374204,-0.0032056990204808546,0.005496233170891147,-0.00010386661504212666
2382,2748,2292,0.01143106457242583,0.007837217708238562,0.009454467229711643,0.000349040139616056,0.006741566337530946,0.003621374186528604
2383,2748,2257,0.007354895879486044,0.007847496287736889,0.0033880779356278007,-0.0024368630926007973,0.0026960263237281435,-0.0025738828866883187
2384,2748,2293,0.01003052769297863,0.009700571389754543,0.0056669016894702155,-0.006628870475359792,0.00029981330693690304,-0.00498471278146057
2385,2748,2276,0.011072056239015818,0.007493232542582321,0.008866788559936544,-0.001977152899824254,0.004575315334142617,0.000548509006982658
2386,2748,2276,0.009578207381370826,0.007995782602923803,0.006328689387599666,-0.0032073813708260093,0.002216123986442317,-0.001440478218539489
2387,2748,2283,0.01252737625930793,0.009109319357462838,0.007479080609837186,-0.0033289531318440647,-1.7126636840936585e-05,-0.002343131985371829
2388,2748,2262,0.01246684350132626,0.010386312361472274,0.00786398686360755,-0.001989389920424403,0.004918208001457319,-0.0007371977183490213
2389,2748,2303,0.007989578810247503,0.01069011648678766,0.0035447263612729727,-0.006556665219279202,0.004270238455184336,-0.005039364019245252
2390,2748,2305,0.007375271149674619,0.007392362321725073,0.005310293133798004,-0.00299349240780911,0.001872762591377471,-0.0009301642234072902
2391,2748,2263,0.005391073795846223,0.004330210111165917,0.003682990495158197,-0.007247017233760494,-0.0007704612799783858,-0.005541078387550219
2392,2748,2294,0.010287707061900611,0.00803522477633203,0.008127964099283977,-0.001569311246730601,0.003306898276104465,0.001032236748369463
2393,2748,2250,0.0136,0.009865711191864418,0.01078201335099743,-0.0031111111111111105,0.0030306031374636934,0.00015514462210891307
2394,2748,2302,0.011033883579496091,0.010808965483439535,0.006426295864459198,-0.005169417897480452,6.0232638165784636e-05,-0.004489518182763757
2395,2748,2284,0.009807355516637478,0.009426117854979604,0.005099035184212455,-0.0009632224168126097,0.002876955964726827,-0.0020612638169484132
2396,2748,2265,0.008123620309050773,0.006415904599664087,0.0028315023356824654,-0.0014569536423841062,0.0029786131523861564,-0.0025074852470645943
2397,2748,2288,0.010227272727272727,0.006932698495844401,0.006837702519988935,-0.0046765734265734275,-7.01669233210783e-05,-0.0033723993848934148
2398,2748,2262,0.009283819628647215,0.007768625969907717,0.007534949746118532,-0.005968169761273209,0.0008115151157534899,-0.0022881193989796977
2399,2748,2276,0.007820738137082601,0.00929886338852099,0.0047854282957978216,-0.005008787346221442,0.0011608260685653706,-0.0036397390945681926
2400,2748,2306,0.012922810060711188,0.007610175851688477,0.007282361372589159,-0.0033391153512575896,0.0005510762725763887,-0.0031546807403620646
2401,2748,2271,0.007661822985468956,0.005196688649874648,0.00539867739645172,-0.0034786437692646407,0.0014070622170348015,-0.002022223893511594
2402,2748,2286,0.004986876640419948,0.005465501434298314,0.002280636521265723,-0.0036745406824147007,0.004147885384116768,-0.002544254154976246
2403,2748,2285,0.005689277899343545,0.006322803708702154,0.003605410993409355,-0.0026258205689277904,0.004823769476758605,-0.001096568523011932
2404,2748,2274,0.008355321020228672,0.005387225681087387,0.006598280784217477,-0.00523306948109059,-0.0004449594871415672,-0.0028253015567650318
2405,2748,2253,0.007101642254771416,0.008537301449536561,0.006886823381015823,-0.003728362183754993,0.0021551858712401417,-0.0005552852102288599
2406,2748,2296,0.0060975609756097554,0.005937690789377246,0.004194431658067483,-0.000522648083623694,0.0033508885542645433,-3.756360177568531e-05
2407,2748,2293,0.011251635412123855,0.00803004824948432,0.009128563910193547,-0.00026166593981683293,0.004494846874812738,0.0019048440703275523
2408,2748,2278,0.0005267778753292366,0.004537437088680943,-0.0005191574193933101,-0.008691834942932398,0.0018527715708412998,-0.006595703370079031
2409,2748,2261,0.012826183104820876,0.009674736609048636,0.009411481580604019,-0.0035382574082264487,0.003105432706577462,-0.0008015715091662622
2410,2748,2252,0.006216696269982238,0.00962198683198617,0.005982952622831633,-0.002397868561278864,0.0031601967080987906,1.3468017406779887e-05
2411,2748,2280,0.010614035087719301,0.009454627534592043,0.007381899416503174,-0.00543859649122807,0.0012693092309774146,-0.0031405887956171734
2412,2748,2280,0.006666666666666666,0.0059282095825353475,0.0035623002326404126,-0.0058771929824561414,0.0002756556853340127,-0.004945568348209264
2413,2748,2276,0.009314586994727593,0.006548447684790398,0.004947260075262129,-0.004481546572934973,0.0036346770348947054,-0.0025574359145406345
2414,2748,2248,0.002402135231316726,0.007653760022465142,0.0026253661056115647,-0.0071174377224199285,0.0005113958486855828,-0.0040631930232000015
2415,2748,2278,0.012554872695346792,0.009914128300598624,0.008620383164790253,-0.00662862159789289,-0.0004618779839324813,-0.004732560200015758
2416,2748,2270,0.013303964757709251,0.012286935750990484,0.009625157649122518,-0.004581497797356828,0.005550465202998422,-0.0008116085819947332
2417,2748,2290,0.007598253275109171,0.008260010781376833,0.006300630216453604,0.0007423580786026204,0.007399316621513279,0.003057887211804557
2418,2748,2295,0.01045751633986928,0.00995424567513146,0.005461477627638212,-0.0023965141612200436,0.0029072043965237835,-0.0025952043474313903
2419,2748,2277,0.007905138339920948,0.006864680151150859,0.0031684067224967186,-0.0046991655687307855,0.006949603008965066,-0.003127432615221748
2420,2748,2309,0.00822867042009528,0.008370568385417448,0.007677590380951139,-0.0065829363360762234,0.0012636919302170275,-0.0024786512269399387
2421,2748,2229,0.015074024226110363,0.01185378801772477,0.012063156823529103,-0.003364737550471064,0.007863304604048812,0.0016124152568389415
2422,2748,2317,0.003884333189469141,0.0042259658257127195,0.0004957857217886363,-0.0019853258523953392,0.004198619336755822,-0.002354100891496964
2423,2748,2270,0.010308370044052865,0.00785321037754659,0.004304062983296554,-0.005991189427312776,0.002564230390357781,-0.005238024061012868
2424,2748,2282,0.006923751095530235,0.007445782938565469,0.004979859466133808,-0.005214723926380369,0.001048534337020097,-0.0028380515905198915
2425,2748,2269,0.007139709122961657,0.008506268236857599,0.0037849805759684924,-0.0016306743058616137,0.0040057140979919675,-0.00157036728322092
2426,2748,2247,0.007832665776591011,0.010086160599484445,0.006816686212356431,-0.007476635514018692,0.000706504406250548,-0.0034952560247003225
2427,2748,2229,0.01354867653656348,0.007171621996801764,0.009252291657193613,-0.0011664423508299692,0.0013105314780835304,-0.0004554589062967479
2428,2748,2284,0.006217162872154116,0.0067841601090134745,0.004926982110667778,-0.005998248686514888,0.0014241053982891327,-0.0026852949540264967
2429,2748,2285,0.00700218818380744,0.00743561704487514,0.004009730088706611,-0.004551422319474836,0.0031529092700769263,-0.003070214927503314
2430,2748,2275,0.005010989010989012,0.00638723428774464,0.0052624271793516525,-0.004483516483516483,0.0027908317939070227,-0.0016023376228976281
2431,2748,2289,0.008125819134993448,0.006553503819754151,0.004934618773860583,-0.003844473569244212,0.0006614038928073674,-0.0025682311495563302
2432,2748,2274,0.007387862796833774,0.005000761486754801,0.0028674032879605175,-0.005628847845206684,0.0008469712283293,-0.005489945916724319
2433,2748,2284,0.011471103327495622,0.007917111217862313,0.007912911726012129,-0.0036339754816112073,0.00502305066816683,-0.0015980575673320925
2434,2748,2290,0.005502183406113538,0.00798597289432478,0.0022508314905816604,-0.0038427947598253286,0.004277464786921472,-0.0031020913539589502
2435,2748,2287,0.005247048535198951,0.006463191303617682,0.0036901047521590066,-0.0027109750765194566,0.004570733179013193,-0.0010373169454347948
2436,2748,2279,0.011057481351469943,0.009880278380335308,0.009237455712517512,-0.005528740675734971,0.001855764520809942,-0.0018552451011936105
2437,2748,2292,0.007417102966841187,0.008741857091361691,0.005304277140161161,-0.004581151832460733,0.0007827911225445482,-0.0032410904938337424
2438,2748,2268,0.008289241622574956,0.009237640137398261,0.009315715139742812,-0.002601410934744269,0.003676594458005724,0.0012642169936179324
2439,2748,2230,0.011390134529147982,0.007817990220964762,0.008514465462308714,-0.005560538116591928,0.003383340607850226,-0.002393008509809371
2440,2748,2271,0.007309555261999118,0.007202167851328556,0.006266954980809461,-0.0036107441655658296,-0.0001662148535482819,-0.0010094199901512096
2441,2748,2288,0.008216783216783215,0.006753120179332558,0.003538769047004221,-0.0029283216783216786,0.0020404591927012943,-0.003575669953117748
2442,2748,2289,0.004980340760157274,0.008341227260501568,0.0025570433820727638,-0.0035386631716906943,0.0021599143259973404,-0.003175851975358335
2443,2748,2290,0.004541484716157207,0.0055821040132279665,0.003655527519782036,-0.0019213973799126652,0.004648541832100018,-0.0005139701111354095
2444,2748,2307,0.011009969657563935,0.010407533544433752,0.008027034967509354,-0.005504984828781968,0.00456510081718062,-0.002469490520933774
2445,2748,2293,0.008634976013955516,0.007372076981296349,0.004468125433073002,-0.0020933275185346704,0.005272105122035172,-0.0014338092596242118
2446,2748,2258,0.01204605845881311,0.009269943636925201,0.0077213343289461835,-0.0003100088573959257,0.002380200732792485,7.304537638992155e-05
2447,2748,2263,0.0030048608042421558,0.0051990343248305105,-0.0007313892903937436,-0.003800265134776844,0.0019859212691363173,-0.0047595107286250524
2448,2748,2295,0.009324618736383442,0.005311809452329451,0.004953888174922641,-0.004705882352941176,-0.0015143127822811507,-0.004364092688969244
2449,2748,2289,0.011620795107033639,0.007463105934887366,0.00906496927413143,-0.00026212319790301457,0.002889516369974455,0.0009088938368510201
2450,2748,2251,0.006130608618391827,0.005503133811450318,0.0031444531720209623,-0.00453131941359396,-0.0003655756924755301,-0.0040471896212372115
2451,2748,2286,0.010323709536307962,0.010029936477898958,0.007855866035730906,-0.003499562554680665,0.003935045331718085,-0.0012392165777117142
2452,2748,2286,0.00778652668416448,0.005165722779535012,0.005597910327862393,-0.005249343832020997,-0.0017620615730128775,-0.0042520397712488426
2453,2748,2260,0.008584070796460178,0.006942448198465499,0.00673546291533626,-0.00420353982300885,0.000782308591960663,-0.0025562647148554994
2454,2748,2294,0.008892763731473408,0.008419600267430345,0.007475975130075732,-0.006320836965998256,-0.000985865087028616,-0.003308990870019396
2455,2748,2254,0.0064773735581189,0.00403890930344942,0.004026451973075485,-0.005678793256433007,-0.0007279180819931593,-0.004186113416023856
2456,2748,2318,0.007247627264883521,0.00930978423953099,0.005193705086707026,-0.004745470232959449,0.0013039032956319002,-0.00285012766412321
2457,2748,2261,0.0032728881026094655,0.0033815056741778914,-0.000641557412399277,-0.0037151702786377703,0.001386251555903783,-0.004269868680539782
2458,2748,2279,0.006757349714787188,0.007583468278824974,0.003076515045560585,-0.005660377358490567,-0.00243105466136558,-0.006008103995810683
2459,2748,2265,0.01183222958057395,0.01202876922365781,0.010799090815923229,-0.002428256070640177,0.007150280592953997,0.0018548641150134284
2460,2748,2273,0.010998680158380994,0.009686298875543814,0.006167906747207738,-0.0035195776506819184,0.001942661334217943,-0.0028860217505968975
2461,2748,2278,0.005092186128182618,0.007391844646686663,0.0030248230002486378,-0.005092186128182617,-0.0010257851144400846,-0.0040850185548128885
2462,2748,2298,0.008268059181897302,0.007992720338964235,0.005924023518010043,-0.003394255874673631,0.0018204666443171333,-0.001588055675135401
2463,2748,2289,0.010310179117518567,0.009963389339579663,0.007233949326635663,-0.0020969855832241153,0.004801400742103333,-0.000501735243848196
2464,2748,2295,0.008191721132897603,0.004246691701302202,0.0038283548540843843,-0.004923747276688453,0.005448597735724773,-0.003431509591675979
2465,2748,2251,0.013505108840515326,0.009202514602714866,0.007174326267657027,-0.001954686805864061,0.004270578346847139,-0.0017208810449682117
2466,2748,2275,0.01063736263736264,0.008045168789525572,0.0069041123439882186,-0.0009670329670329666,0.0027103200663127457,-0.00046742020601214725
2467,2748,2277,0.014141414141414142,0.011667132336645491,0.007645463576383859,-0.004435660957400087,0.004252398169453538,-0.0029358564029193777
2468,2748,2275,0.002285714285714286,0.003230835718066337,0.00046700532373042733,-0.004131868131868133,0.0006177101055497148,-0.0035829589762925514
2469,2748,2272,0.010299295774647887,0.00707302096068151,0.006055683731707119,-0.004533450704225352,-0.0005617750016764609,-0.0038234874433889236
2470,2748,2266,0.010061782877316856,0.0074481315223651244,0.005373943415466429,-0.003883495145631069,0.0023918226001318843,-0.0036636874917994142
2471,2748,2272,0.006602112676056338,0.01173863757159126,0.0031706497471397786,-0.0038292253521126766,0.0031695259072844527,-0.0034923718983638696
2472,2748,2254,0.011357586512866016,0.009096254095190966,0.00606900335602222,-0.0026619343389529715,0.006346428243372775,-0.002153169353060602
2473,2748,2326,0.00834049871023216,0.006940816295365076,0.008048880201418867,-0.0027515047291487536,0.004817147527025998,0.0007195043448373754
2474,2748,2265,0.007240618101545253,0.004827675787431461,0.002726559451005818,-0.0012362030905077274,0.0027822261267876672,-0.002037923654999106
2475,2748,2263,0.006451612903225807,0.006560072072560442,0.004589973154222967,-0.003535130357931949,0.00421365456657858,-0.0014084396962240032
2476,2748,2269,0.00758043190832966,0.010454672703878223,0.007737153007693169,-0.00361392684001763,0.0037730869427207844,8.763965219764305e-06
2477,2748,2278,0.00877963125548727,0.003900697968994368,0.005884656298942584,-0.004784899034240563,-0.0011753665945409809,-0.00341646295219953
2478,2748,2259,0.008942009738822488,0.005210517622629756,0.0031100509197290586,-0.0024789729969012845,0.002526905886468678,-0.0032771511415735197
2479,2748,2299,0.004784688995215311,0.008588848529490859,0.004377549244428745,-0.003305785123966942,0.0036154534424233794,-0.0015239094677317305
2480,2748,2279,0.009828872312417726,0.008410207007124046,0.008243737956232873,-0.0018429135585783234,0.0052650041799159305,0.0009391076620177297
2481,2748,2261,0.010084033613445377,0.009871238265658245,0.006668954099367062,-0.00499778858911986,0.0034947658419540065,-0.002280299326147042
2482,2748,2257,0.010101905183872396,0.010909512188712467,0.008742182197090624,-0.004430660168365088,0.0035348939002608506,-0.0007940033540260954
2483,2748,2263,0.010517012814847548,0.004355650637984371,0.0067218945192864905,-0.0028722934158197082,0.0021806866067631088,-0.0011439976213372149
2484,2748,2310,0.001471861471861472,0.004561351422103316,-0.0014037172801307928,-0.005541125541125541,-6.995021757207085e-05,-0.005284488802233429
2485,2748,2254,0.012333629103815438,0.009508994063407652,0.008081372882633964,-0.002351375332741792,0.003519928146365536,-0.001011255911897093
2486,2748,2255,0.008514412416851443,0.007361486671203095,0.006174556590695458,-0.004523281596452328,0.006384733149981551,-0.0006355707984769603
2487,2748,2255,0.008070953436807096,0.006268294365636924,0.0040566722969323996,-0.0032815964523281596,0.003642447624965723,-0.002983994157241973
2488,2748,2276,0.004393673110720562,0.006112484521349033,0.0028341252388308516,-0.005843585237258348,-0.0006274566028327748,-0.004065038143878884
2489,2748,2272,0.00994718309859155,0.010227191943167402,0.008667333458964456,-0.005633802816901409,-0.00015515726706259343,-0.002073587811618015
2490,2748,2304,0.011197916666666667,0.008307042533051645,0.008395190008229386,-0.0032118055555555563,0.002071167010615354,-0.0005819121156906717
2491,2748,2292,0.00593368237347295,0.0064881411940637315,0.0035386850862364613,-0.0008289703315881334,0.007048399692942654,0.00026856510538156465
2492,2748,2303,0.002778983933999132,0.008831980115916233,0.0032333163980824246,-0.006817194963091621,0.0033032412659371882,-0.002791517217952979
2493,2748,2281,0.013590530469092503,0.01041548008779572,0.00995635463046363,-0.003288031565103025,0.006119947629288904,-0.00041831732641991885
2494,2748,2276,0.005799648506151141,0.005460722791976977,0.004936463328852271,-0.005360281195079085,0.0032868051004522085,-0.002272293019061852
2495,2748,2286,0.008311461067366578,0.006425809531840867,0.006652736838828395,-0.0010936132983377072,0.0025822416987171014,0.0005671721564674221
2496,2748,2296,0.008188153310104529,0.009194105663335148,0.009337433890599062,-0.006489547038327525,0.0013110650233502852,-0.0008168479465778027
2497,2748,2293,0.00941997383340602,0.007845153331559537,0.004615899593599301,-0.003706934147405147,0.0021514758186603235,-0.0036559180165082533
2498,2748,2267,0.010763123070136743,0.008345733702278622,0.009242407401410739,-0.00595500661667402,0.0020616484033294407,-0.001954147829302136
2499,2748,2307,0.008495882097962723,0.010865363912234293,0.0077643296181368416,-0.004377980060684873,0.003429166945675125,-0.000592591991893918
2500,2748,2294,0.006974716652136008,0.007613397078117438,0.003506201854733026,-0.0037053182214472546,0.0027408856400657163,-0.002971385782834583
2501,2748,2291,0.006983849847228284,0.006730573117577748,0.005881638584842944,-0.007594936708860759,-0.0023057151949578275,-0.0048699175377517265
2502,2748,2269,0.010841780520052888,0.007784206168086405,0.005409210860391481,-0.002996914940502425,0.001658006500877254,-0.0031839617016518893
2503,2748,2309,0.0074491121697704615,0.00815506968241137,0.005014273403140941,-0.005240363793850151,0.004562591775189952,-0.0020988588495332882
2504,2748,2258,0.008591674047829937,0.008033300275409981,0.004562015945721762,-0.0013728963684676704,0.004488051176615945,-0.001335895690647902
2505,2748,2278,0.010359964881474979,0.006632584245695814,0.007599400499282864,-0.0022388059701492543,0.0020500946530039657,-0.0005694390343501955
2506,2748,2258,0.01204605845881311,0.008880156115576113,0.009225989749614432,-0.004074402125775023,-0.00030936821520030535,-0.0025382038312987396
2507,2748,2294,0.0073234524847428095,0.009373301143362073,0.004026441819388701,-0.003400174367916303,0.00245642481549709,-0.0027415884077106136
2508,2748,2289,0.012407164700742684,0.009811288502764453,0.008710389812221778,-0.0020096111839231112,0.002493131960111915,-0.0005960049895877675
2509,2748,2274,0.009234828496042216,0.007872002363458709,0.004796952673095418,-0.0023306948109058927,0.0002234473403014558,-0.00244106298033313
2510,2748,2286,0.007174103237095363,0.0076631903617281364,0.005790065782479133,0.0007436570428696408,0.005138092287542428,0.0019774961514413066
2511,2748,2283,0.009110819097678491,0.008877507348413593,0.00971186060750851,8.760402978536943e-05,0.006429183578369118,0.004173842211934883
2512,2748,2293,0.006890536415176624,0.006375880284786806,0.003929671521025915,-0.0012211077191452248,0.005690623809242112,-0.0007213299688726772
2513,2748,2254,0.00585625554569654,0.008224067534054885,0.0035661480312338444,-0.005323868677905945,0.0018096960464309337,-0.003971350932018117
2514,2748,2264,0.012720848056537101,0.009416836866070472,0.009954666508768794,-0.004196113074204947,0.0022717525058483694,-0.0008252711320366888
2515,2748,2263,0.012284577993813524,0.009605117436224051,0.010975793233611787,-0.0025629695095006635,0.003298911579822865,0.0017193947474652216
2516,2748,2251,0.009595735228787206,0.009598097192436737,0.006064259166128206,-0.002532207907596625,0.003004762289476606,-0.0022228610218957786
2517,2748,2299,0.009656372335798174,0.006763840090618312,0.006944515183624911,-0.00430622009569378,0.00018460352684648935,-0.002691778790209435
2518,2748,2299,0.010613310134841236,0.009015067209132522,0.010466325569335952,-0.00469769464984776,0.0016527634721565506,-4.1568789375326686e-05
2519,2748,2264,0.00627208480565371,0.006680022956480398,0.004921160324522977,-0.0044169611307420505,0.0009689626102787778,-0.0025751085320880047
2520,2748,2278,0.010359964881474977,0.005238851018054906,0.005445154895109324,-0.0019754170324846362,0.002962000482257259,-0.00229702067450916
2521,2748,2283,0.016206745510293472,0.011211908652770022,0.012001580249929308,-0.004905825667980727,0.0042225284088805715,-0.0005678905894062468
2522,2748,2279,0.007371654234313294,0.006052072555372296,0.005418425789705635,-0.00342255375164546,0.002304736285506145,-0.001533664000412434
2523,2748,2265,0.006622516556291391,0.008612787257557711,0.005327046903988242,-0.003796909492273731,0.002751274187345838,-0.001279464564150333
2524,2748,2300,0.009565217391304347,0.007099557213662334,0.007683670490458749,-0.003999999999999999,0.003950464113373571,-0.0007033315882558228
2525,2748,2280,0.007894736842105263,0.005537963102537916,0.004550408471527938,-0.0035087719298245615,0.004500970943503653,-0.0020239378266133905
2526,2748,2236,0.006350626118067979,0.006447909799429357,0.005307582787464915,-0.002504472271914133,0.0057991851501650385,0.0005755363265791685
2527,2748,2275,0.0021978021978021987,0.005678289933746775,-0.0017827408780397922,-0.006901098901098901,0.0013580609035599687,-0.007118970209382832
2528,2748,2286,0.009536307961504812,0.006800782368928638,0.006908558341724104,-0.0017060367454068254,0.003971131081039088,-4.9932727447315644e-05
2529,2748,2263,0.0073353954927087945,0.007388394003724896,0.004714385862821526,-0.000927971718957137,0.004528289344438445,0.0003046256540708222
2530,2748,2272,0.00959507042253521,0.009498180559100703,0.0078122518803824615,-0.0035211267605633804,0.004004060963186197,-0.00027798659246957343
2531,2748,2328,0.008419243986254297,0.008339576002556415,0.008990156617964717,-0.0012886597938144332,0.006809676610292154,0.002698615531055884
2532,2748,2277,0.008959156785243741,0.008367480636771512,0.006254255875610435,-0.005094422485726834,0.0009847243613873753,-0.0037343515873079
2533,2748,2271,0.0066930867459269044,0.007495691875318189,0.003664687387597692,-0.0016732716864817272,0.005968355631965749,-0.0005160381134517325
2534,2748,2290,0.01091703056768559,0.009608745983694012,0.008009509780676504,-0.0016157205240174665,0.0053304500800782665,0.0002884038601873862
2535,2748,2260,0.007256637168141594,0.00993513679383854,0.006824958879506506,-0.0033628318584070795,0.0035702433627061983,-0.00042462576563338274
2536,2748,2280,0.007105263157894738,0.00691428916131125,0.004621301662016428,-0.004385964912280702,0.0002855009435464524,-0.0031894646173975466
2537,2748,2277,0.00922266139657444,0.0067756475254745945,0.005438295665855657,-0.0012296881862099256,0.0014675518268204625,-0.0010364620363149059
2538,2748,2252,0.00985790408525755,0.008781748650209864,0.0070007760011178205,-0.003952042628774423,0.007334748184572318,-0.0008940033762833758
2539,2748,2270,0.009955947136563878,0.009524066493911819,0.006018353033306797,-0.005814977973568281,-0.00016739673933659067,-0.004288814643307762
2540,2748,2266,0.013415710503089144,0.010181271980592285,0.00918213290346755,-0.002691968225948809,0.0031527059563810625,-0.0007940310926661427
2541,2748,2284,0.01138353765323993,0.009580523615635092,0.008230024914200513,-0.004597197898423818,0.0008367977745045318,-0.0024289239578404466
2542,2748,2252,0.00710479573712256,0.007050464113539561,0.004831121212535685,-0.0025310834813499126,0.0016756204374536354,-0.001190630314173696
2543,2748,2298,0.006353350739773718,0.006355071421769731,0.004744688807229803,-0.0037423846823324627,0.0019192844332228307,-0.0018676810378725733
2544,2748,2262,0.0038019451812555277,0.0052484520492156305,0.0016080918614543816,-0.002564102564102564,0.0016423262138299433,-0.0021631779462457194
2545,2748,2280,0.003859649122807017,0.005469966632195763,0.0017387302899172503,-0.005263157894736842,0.0021501350762731077,-0.0034689276154328433
2546,2748,2282,0.007186678352322524,0.0065543380896022655,0.0027357722013733174,-0.006178790534618755,-0.001895367850097362,-0.006376544353854582
2547,2748,2246,0.01095280498664292,0.00772336032430654,0.004997979371893363,-0.002715939447907392,0.004108073589953839,-0.002828458918073123
2548,2748,2271,0.008630559225011008,0.006500063817155141,0.0053607887547250065,-0.007441655658300309,-0.00023171829465136684,-0.0056208082468971595
2549,2748,2256,0.00921985815602837,0.011102748279718355,0.004153560911598289,-0.004654255319148934,0.001786151195532639,-0.004694977771972021
2550,2748,2299,0.009656372335798174,0.011151441111443724,0.007616158850796908,-0.00461070030448021,0.0013708002852372769,-0.002167001948279336
2551,2748,2289,0.007776321537789428,0.0066503089775298814,0.006044757303349498,-0.004936653560506772,0.00011717129580128431,-0.0026983031025032828
2552,2748,2285,0.009365426695842451,0.009976969297674677,0.004663162358292916,-0.004551422319474837,0.0029449215225523127,-0.003938564935393778
2553,2748,2299,0.008960417572857761,0.007228452060507954,0.006099955266142769,-0.004610700304480209,-0.0017693085939184873,-0.0035902473418841264
2554,2748,2281,0.005436212187637002,0.008136097377137545,0.004661382651097953,-0.00403331871985971,0.00200690542697922,-0.0022678704173742276
2555,2748,2270,0.008634361233480175,0.00967571259766263,0.005524850104161371,-0.005198237885462555,0.0032784297011346423,-0.00356812716284245
2556,2748,2240,0.013839285714285714,0.010658020629341845,0.011476912830140584,-0.006205357142857142,-0.0006309589809371967,-0.002710357876018918
2557,2748,2277,0.009837505489679403,0.011633464315870787,0.009693241201883961,-0.0022397891963109352,0.004838374591523634,0.001838909354314326
2558,2748,2289,0.011795543905635648,0.0098892406919865,0.007246232180993996,-0.004150283966797727,0.0037724164868883354,-0.002102288854394762
2559,2748,2287,0.02028858766943594,0.012434181658765026,0.014442300842727539,0.0011368605159597725,0.005712856888310934,0.0029341588410698167
2560,2748,2261,0.0102609464838567,0.010464855707188761,0.007219361851281755,-0.002122954444935869,0.006929450398333145,0.0004206928678996508
2561,2748,2228,0.01238779174147217,0.0065976864866168225,0.006356418861466901,-0.005879712746858169,-0.0010399752384482903,-0.004802398975065255
2562,2748,2247,0.008455718736092568,0.009203132828306928,0.007919844473788323,-0.005740987983978639,0.003975673837059685,-0.0012331456010056874
2563,2748,2275,0.009142857142857142,0.008550745337001299,0.005261534742267535,-0.0024175824175824167,0.0035372033240782383,-0.0016596545795091648
2564,2748,2276,0.005448154657293497,0.0063047091851394284,0.0019548628136125904,-0.0059753954305799654,0.0021542086345382205,-0.005377071837929514
2565,2748,2283,0.005606657906263687,0.008161811544466819,0.0015707509493209522,-0.004862023653088042,0.0010725309783410945,-0.005093051627638926
2566,2748,2255,0.007272727272727274,0.005648628093423075,0.003924324112151,-0.002971175166297118,-0.0014358883281310548,-0.0033536825831898555
2567,2748,2255,0.0077161862527716195,0.007501990579134339,0.008445319027871568,-0.006119733924611973,0.0006050910828906181,-0.001635601857225834
2568,2748,2276,0.00905096660808436,0.012564323661688536,0.00728352292119973,-0.0020650263620386644,0.004168897869504861,5.595317187042759e-05
2569,2748,2269,0.007051564565888056,0.008747098050290284,0.0035028551041838066,-0.00718378140149846,0.002338749962584581,-0.004939583196340531
2570,2748,2248,0.010498220640569395,0.009653236577055689,0.006363195827148816,-0.003425266903914591,0.0015756510060858956,-0.00301627464964771
2571,2748,2297,0.00957771005659556,0.006975371637778135,0.00782232240854772,-0.003874619068350023,0.001352576122087923,-0.0010153906115925072
2572,2748,2307,0.010316428261811877,0.006699245060171815,0.006451655287608218,-0.0032076289553532727,0.004946522733126241,-0.0013202490704434212
2573,2748,2295,0.01159041394335512,0.010688645712810321,0.007725733780889981,-0.004095860566448801,0.004135275924111524,-0.0017936556340269847
2574,2748,2246,0.005966162065894924,0.006787092939291478,0.0027463049883231644,-0.004585930543187888,0.0013308113155276837,-0.004063486574448398
2575,2748,2303,0.007815892314372557,0.007481793983424074,0.00435273456125104,-0.0036039947894051234,0.0063857545782336185,-0.0015678171323854821
2576,2748,2298,0.00948651000870322,0.00983828111913313,0.005594035262347348,-0.0036118363794604,0.004290192131123687,-0.002421089015968812
2577,2748,2249,0.008981769675411295,0.005061032602694676,0.0051291885697160025,-0.004268563806136061,0.0030340071666356957,-0.002551301370612533
2578,2748,2292,0.0075043630017452,0.009816752479833771,0.006530592342665097,-0.004973821989528796,0.0012070107381581428,-0.0018164049065729003
2579,2748,2309,0.012126461671719359,0.008013382965808415,0.00902861452059052,-0.0008228670420095278,0.004943147394950925,0.002178146766897475
2580,2748,2305,0.006941431670281995,0.007017632833602987,0.005887413706949261,-0.00455531453362256,0.0016036521427216712,-0.0019729083826446818
2581,2748,2266,0.012621359223300972,0.0077242169503596225,0.00797204852243305,-0.004324801412180053,-0.0016951173463259103,-0.00302035339782395
2582,2748,2286,0.011548556430446194,0.013471073385387864,0.007670236931281904,-0.0010061242344706913,0.005061557505380988,-1.2932324256402723e-05
2583,2748,2263,0.011489173663278833,0.009659694832127653,0.007569827779919396,0.0020326999558108703,0.0037274714642314354,0.0017432127475374868
2584,2748,2261,0.012206988058381248,0.009481332243403718,0.007914738882974953,-0.002078726227333038,0.0022015856923484367,-0.0009745118554294367
2585,2748,2298,0.00835509138381201,0.006032122011852812,0.006257735880024568,-0.003916449086161881,0.004296836326052017,-0.0010124065695430052
2586,2748,2254,0.007630878438331856,0.007844305864678087,0.0029253221238064397,-0.005767524401064775,0.004386420630705178,-0.004825353593746675
2587,2748,2274,0.010026385224274405,0.009749586860387745,0.003973631456676196,-0.0031222515391380835,0.0018010316626664601,-0.004166372686727796
2588,2748,2281,0.011223147742218326,0.013609253337706536,0.008388491654811996,-0.0030688294607628245,0.005608192980884459,-7.772267677751814e-05
2589,2748,2293,0.006454426515481902,0.01291587013330931,0.0023076994335495156,-0.003139991277802005,0.00028453610561255646,-0.0043159210230760215
2590,2748,2295,0.009586056644880174,0.005623949963502447,0.005451992329206081,-0.0015250544662309378,0.001775961515797526,-0.0011421110890277347
2591,2748,2290,0.008122270742358079,0.00929741356930025,0.004397188219227214,-0.006200873362445416,0.0007582948817877472,-0.004023176796856439
2592,2748,2293,0.011251635412123857,0.011089632302935741,0.008457675861987143,-0.005058874836458788,0.0022155841589380767,-0.0024781679585659357
2593,2748,2240,0.012053571428571429,0.007730317924235514,0.00941369359828713,-0.00035714285714285687,0.004119951374473269,0.0016617859544964546
2594,2748,2292,0.01099476439790576,0.01027606450241783,0.0066021126663814685,-0.003010471204188481,0.0026425045050539773,-0.0021179425571609717
2595,2748,2262,0.005658709106984969,0.00486354538580526,0.0013240591850534552,-0.007471264367816091,-0.00035194068478151873,-0.006481801595955343
2596,2748,2287,0.003235679930039353,0.006663375294097149,0.0012468726802807013,-0.006077831219938786,-0.0009747647372126565,-0.005580829788432038
2597,2748,2269,0.009167033935654472,0.007069553025467958,0.006432914075178839,-0.0013662406346408112,0.002725015959956448,0.0003353952941187805
2598,2748,2280,0.008157894736842104,0.007058570219965724,0.0016440361729717894,-0.004166666666666667,0.0033425935428881438,-0.0048660925477975936
2599,2748,2266,0.005119152691968226,0.004621871327653321,0.005148272416968455,-0.004986760812003531,0.0008748772947272571,-0.0013885268105640906
2600,2748,2270,0.011629955947136563,0.0065729836784016804,0.008610240765328563,-0.0034361233480176222,0.0031133409772282675,-0.0011864015762939265
2601,2748,2270,0.006872246696035241,0.007429396953206266,0.0047302210740873315,-0.0053744493392070495,0.0011488593670251717,-0.003498427682112
2602,2748,2334,0.001628106255355614,0.004415413801870953,0.0004926842432057354,-0.003684661525278494,0.0008401299556257772,-0.00328727972988424
2603,2748,2295,0.0054901960784313735,0.0073164480050116045,0.003377627971351129,-0.006666666666666667,0.004836275096319991,-0.003577050261634102
2604,2748,2279,0.006845107503290918,0.01080680223213543,0.00626293476432435,-0.0017551557700745946,0.004249102147032685,0.0007793500429034704
2605,2748,2267,0.006440229378032641,0.009145367182642737,0.004318150716312797,-0.004146449051610058,0.0030097217787591218,-0.0024898999103541743
2606,2748,2315,0.003974082073434125,0.0038730704626173634,0.0025656548876328267,-0.005831533477321814,-0.0005756418903789048,-0.004070850553466813
2607,2748,2306,0.009106678230702514,0.0066567150484961165,0.004319761599093904,-0.0023850823937554212,0.004756701499702782,-0.0023032462586879336
2608,2748,2302,0.009122502172024326,0.008837999219724781,0.007016307170958578,-0.002476107732406603,0.0043597090952189116,-0.0004778670090969518
2609,2748,2235,0.006532438478747204,0.007489317919632335,0.003356205259096313,-0.0036241610738255033,0.0016110575755668552,-0.0028548346897879877
2610,2748,2257,0.009924678777137793,0.009773824548037859,0.006273122964159665,-0.0023039432875498447,0.002669163196727392,-0.0015319114305162806
2611,2748,2270,0.00960352422907489,0.009014670059873976,0.00879731731232019,-0.006651982378854625,0.0013026860691416134,-0.0026728068972462445
2612,2748,2257,0.007443509082853346,0.008717175446482517,0.0060288270511732476,-0.004918032786885246,0.00022830426778695342,-0.002607018155226901
2613,2748,2268,0.006790123456790123,0.008611080792063505,0.005696610363081896,-0.006437389770723104,0.001779516337771325,-0.003580608659333866
2614,2748,2264,0.0077738515901060075,0.005747290445887687,0.004076692176021985,-0.00631625441696113,-0.0018103800672315108,-0.005281035623259329
2615,2748,2307,0.008409189423493715,0.006297806890983485,0.006961419271288759,-0.0026874729085392284,0.003076100853279891,-0.00032041324147977533
2616,2748,2304,0.005729166666666666,0.008014930790516399,0.0035535958073850066,-0.003255208333333334,0.0009403403243789629,-0.0021936734989339906
2617,2748,2275,0.011340659340659342,0.009910546952258651,0.008135612174495783,-0.004175824175824176,0.00046355788203874865,-0.002446909032577084
2618,2748,2300,0.00982608695652174,0.008867591323829157,0.007499330397846037,-0.004565217391304348,0.003476759507291925,-0.0013981335411352078
2619,2748,2264,0.01060070671378092,0.007447512264429001,0.0083063455642659,-0.001987632508833922,0.00529915788459812,0.001069752235575368
2620,2748,2297,0.009664780148019156,0.009758002160329984,0.005424773242593306,-0.004875925119721376,0.003321913592759416,-0.0034450261414345597
2621,2748,2292,0.004450261780104713,0.00671015039551079,0.0032544445781604123,-0.0027050610820244327,0.00572716212461155,-0.0009153063010170627
2622,2748,2262,0.007869142351900971,0.009458107290248027,0.003865767749069166,0.0008399646330680813,0.004695298793941885,-0.0002921450510454488
2623,2748,2296,0.010452961672473868,0.008309119384393632,0.0080518916410592,-0.0026567944250871067,0.0017488323231423734,-0.0008447475915606322
2624,2748,2288,0.0037587412587412592,0.006369655349520366,0.002604933000163722,-0.00354020979020979,0.000963494463363424,-0.002290703624164812
2625,2748,2296,0.006794425087108013,0.0072918875396078406,0.005394117405204224,-0.004398954703832752,0.005815206598379114,-0.0013440886531907639
2626,2748,2283,0.0038545773105562843,0.006007226246818476,0.0028932767915101653,-0.005300043802014894,0.0016157799044324952,-0.003634426539378892
2627,2748,2256,0.010017730496453901,0.005478506330012939,0.005971440069582479,-0.004078014184397163,0.0036520519388831348,-0.002649163272804932
2628,2748,2278,0.01237928007023705,0.010849261133672001,0.008748869469721943,-0.0013169446883230893,0.0029212129037449338,0.00016842818644867053
2629,2748,2260,0.010265486725663717,0.007773559726971299,0.005672915157548027,-0.004513274336283186,0.0032427354820232846,-0.00368973304242618
2630,2748,2235,0.015302013422818794,0.011518057136955492,0.013756082284882726,-0.004384787472035794,0.0026810068886916833,0.0010775970155876315
2631,2748,2268,0.009523809523809525,0.008241925864558583,0.003917665220273557,-0.004629629629629629,0.0016782564277856714,-0.004022849889972742
2632,2748,2297,0.010100130605137137,0.007204412810924123,0.004879386656723449,-0.00478885502829778,0.002846188363005066,-0.003392099165883089
2633,2748,2284,0.008493870402802101,0.00829054856093449,0.005920472716581791,-0.00415936952714536,0.003060494621685113,-0.00243970591512131
2634,2748,2244,0.006595365418894831,0.007558549194446555,0.004372870309453478,-0.002450980392156864,0.0048670943365056426,-0.0005330450979796347
2635,2748,2296,0.0078397212543554,0.008288171656694487,0.004458982060424934,-0.0030487804878048786,0.003627425007605312,-0.0021656595477128828
2636,2748,2298,0.008093994778067886,0.007065235819697501,0.0048811492098131395,-0.0034377719756309827,0.0017546431482780458,-0.0025968074492326875
2637,2748,2286,0.011723534558180227,0.0064776784558119235,0.00828563580292767,-0.0052493438320209964,-0.000520687258705466,-0.0033990804101939527
2638,2748,2275,0.01178021978021978,0.009543136411681207,0.010313588319265054,-0.002945054945054945,0.0025499875713226846,0.0007262148491576484
2639,2748,2293,0.008024422154382906,0.008187444933159689,0.005936596011352062,-0.0021805494984736165,0.0030067170806003197,-0.0009870636112630417
2640,2748,2255,0.011086474501108648,0.009259493258733155,0.007298931226175439,0.001419068736141907,0.006776896700959054,0.00153501008589382
2641,2748,2268,0.009611992945326277,0.006687205839777348,0.0058143525487440685,-0.0050264550264550265,-0.0011232887070329273,-0.004250873541123377
2642,2748,2271,0.008982826948480845,0.00792513817106609,0.006760653829828619,-0.0027300748568912375,0.0034286469263405577,-0.0006482758577326388
2643,2748,2323,0.0033577270770555312,0.002414464937413081,-0.0005942012775430408,-0.004132587171760655,0.0016574672499204393,-0.004817768209389652
2644,2748,2265,0.010331125827814569,0.008802546585109374,0.00821580010768469,-0.0017660044150110373,0.0036729030387846174,0.00017614389125484783
2645,2748,2276,0.00852372583479789,0.010060463166730703,0.007605146656261695,-0.003690685413005273,0.005158040391865626,0.0002982083607642261
2646,2748,2296,0.0075783972125435545,0.006962236253931235,0.006001093923120523,-0.005879790940766551,0.003175921497049708,-0.0019100022839224234
2647,2748,2305,0.012841648590021692,0.008373393291825165,0.009686020093632048,-0.005509761388286334,-0.0011912831131559306,-0.0025299557267018306
2648,2748,2274,0.00633245382585752,0.0069428268332185315,0.004868343393500985,-0.004045734388742305,0.0015464533477109108,-0.002284807415501802
2649,2748,2246,0.006945681211041851,0.0061669385686703975,0.004932522600119344,-0.003739982190560998,-2.163241569569992e-06,-0.0024834424570267066
2650,2748,2258,0.005668733392382641,0.007651047050772043,0.0025405922262765725,-0.0019929140832595223,0.004334894103035208,-0.002402586348900833
2651,2748,2262,0.007073386383731211,0.0057520460443633474,0.006121510789817825,-0.0035809018567639255,0.0015775424991356607,-0.0008827328897280334
2652,2748,2251,0.008085295424255888,0.00985815479585505,0.00632372079388646,-0.002621057307863172,0.005868739175067123,-5.552092159433015e-05
2653,2748,2285,0.00849015317286652,0.009018395389530852,0.004919569919344367,-0.0056892778993435445,0.0033865019013741638,-0.003723386336701123
2654,2748,2277,0.007729468599033817,0.0065726827430650095,0.003681148677898355,-0.006807202459376373,-0.0008514536827279897,-0.006056798632457443
2655,2748,2290,0.004192139737991265,0.005367586925249714,0.0039524481377285064,-0.003624454148471616,0.0030819832211615786,-0.001668220373479628
2656,2748,2247,0.005963506898086338,0.00563132167468863,0.003668066194174657,-0.00507343124165554,0.0008402318333113257,-0.003885654534736888
2657,2748,2242,0.00767172167707404,0.008348014897395275,0.003854361820676364,-0.0029438001784121313,0.0006278263506547439,-0.0032680378439271076
2658,2748,2254,0.011623779946761312,0.011276734048916822,0.009895009870163481,-0.004702750665483584,0.004195989188418536,-0.0008176892806769472
2659,2748,2285,0.011378555798687089,0.008478510460809097,0.006427425674804632,-0.005820568927789935,-0.00032129057546273357,-0.005379882018234349
2660,2748,2275,0.01046153846153846,0.00922655048776164,0.00793373960555395,-0.004043956043956044,0.0029399472603974276,-0.0016525277391407425
2661,2748,2280,0.007631578947368421,0.009654636047870181,0.005260669772688059,-0.005482456140350877,0.003809609963516794,-0.0030205740011515735
2662,2748,2266,0.01094439541041483,0.01062291968286643,0.010436643370454458,-0.0021182700794351284,0.0019190078449382976,0.0007180644410456043
2663,2748,2270,0.007665198237885462,0.006874946553588795,0.0028014609793290497,-0.005022026431718062,0.0017214139536101682,-0.004426208431457647
2664,2748,2298,0.00948651000870322,0.007179658046477878,0.005471081300464386,-0.0017406440382941688,0.0021578614612657514,-0.0017806897870762189
2665,2748,2271,0.006693086745926905,0.006514479838073673,0.005572481426425342,-0.001541171290180538,0.0030581297490195553,4.188597062779738e-05
2666,2748,2236,0.008318425760286225,0.00624588118573412,0.005936203550221534,-0.0017441860465116285,0.001923539187976107,-0.0002202225916918013
2667,2748,2333,0.010715816545220747,0.010467891276257628,0.009885597154562867,-0.0061723103300471505,0.002386217536037828,-0.001366109326976741
2668,2748,2259,0.00495794599380257,0.006375682303477079,0.0005832437742184143,-0.004648074369189908,0.003497673638290073,-0.004477055317081113
2669,2748,2268,0.004585537918871253,0.005129046001104057,0.002502684207341925,-0.006261022927689593,0.002665137480220075,-0.0044812596029838
2670,2748,2306,0.009540329575021683,0.007125241092424233,0.007958232668404121,-0.0010407632263660016,0.0006040492218584578,0.0006759677863118742
2671,2748,2273,0.0036075670919489657,0.006905755908758091,0.0009290473470349549,-0.005939287285525737,-3.09510046508799e-05,-0.0058775040515956275
2672,2748,2281,0.0076282332310390185,0.007354659734078927,0.0030466055431025776,-0.004953967558088558,0.004009061813238752,-0.003517891019665034
2673,2748,2281,0.003156510302498905,0.004126734392726778,0.0004578886876227801,-0.006137658921525646,0.0008086231404580835,-0.005485626114098684
2674,2748,2266,0.009796999117387468,0.008116700406370355,0.008445434648987393,-0.0026037069726390113,0.0017953289491248793,-0.00016521719502754568
2675,2748,2284,0.007180385288966726,0.008781863843723205,0.0026413060362168134,-0.006042031523642732,0.0035412202471513856,-0.004876606186288439
2676,2748,2289,0.009349060725207513,0.007907641948442989,0.005508323316754168,-0.003975535168195717,0.002143709707754905,-0.003047105217926047
2677,2748,2253,0.005415002219263206,0.006224475177369032,0.0032073981455145797,-0.004216600088770527,0.0006429223532164483,-0.003041909973222976
2678,2748,2282,0.009553023663453113,0.011975102956755695,0.0075322231663121145,-0.0042068361086766,0.005368970374298464,-0.0009565764740987746
2679,2748,2274,0.00413368513632366,0.006049439836169619,0.0002692324331347858,-0.002638522427440634,0.002528308198375608,-0.003165087926433978
2680,2748,2297,0.0059207662168045275,0.006557909081344703,0.004798002436645529,-0.0054854157596865485,0.0015650539987413163,-0.0028189138123839216
2681,2748,2286,0.00621172353455818,0.005503652319276924,0.0042050119494534315,-0.005161854768153981,0.0016228697037329422,-0.0032674286221120933
2682,2748,2299,0.010091344062635928,0.010552320412685208,0.009731035977941064,-0.002087864288821226,0.004715925601112019,0.001685378775364874
2683,2748,2297,0.010187200696560731,0.008525750749454497,0.005576534575027371,-0.004397039616891598,0.00417721595486548,-0.00328027611664909
2684,2748,2266,0.004501323918799646,0.006225118675923246,0.001253988420810312,-0.008031774051191527,-0.002320598484367481,-0.007266668543599907
2685,2748,2255,0.005410199556541021,0.005550135896869177,0.0009015330520298793,-0.005321507760532151,-0.0004905977408156338,-0.0065247949609042125
2686,2748,2263,0.009721608484312859,0.008868122644149684,0.005870080499810948,-0.0035793194874060986,0.0026176188068403597,-0.0023212671358060896
2687,2748,2272,0.007042253521126761,0.005910283997937816,0.003424555310611157,-0.00567781690140845,0.0019878774749819248,-0.003950781724026646
2688,2748,2256,0.01125886524822695,0.008025298109280642,0.01116035621394028,-0.0037234042553191482,0.0008124517798805037,0.0004895222261441644
2689,2748,2255,0.009401330376940133,0.009594607582140162,0.004487913424033653,-0.0031929046563192918,0.004002762096907773,-0.003103762397455874
2690,2748,2320,0.009482758620689655,0.008771145936628021,0.006572849009808466,-0.0021982758620689657,0.0056082650091639815,-0.0006735479721462292
2691,2748,2273,0.01073471183457985,0.00922729799448043,0.008491811896073821,-0.005631324241091068,0.005327424630923449,-0.0010517879619008368
2692,2748,2289,0.008387942332896463,0.007979302543222102,0.007216652200847655,-0.003669724770642202,0.005074006176097596,-0.0006288052166835127
2693,2748,2286,0.010848643919510062,0.00799155203406143,0.006648706445711836,-0.0038057742782152235,0.0021138502234885476,-0.002524207764597339
2694,2748,2281,0.00789127575624726,0.009235253754642746,0.004195225453543017,-0.0028057869355545806,0.005229226373713596,-0.0014786952192488052
2695,2748,2262,0.005658709106984969,0.009428794664909685,0.0023787511779733077,-0.008001768346595934,0.0007046153419048638,-0.006034726865936762
2696,2748,2271,0.0005284015852047557,0.0015195957667360521,-0.0004085774745213123,-0.005812417437252312,0.003921847797583524,-0.0034720474559311086
2697,2748,2304,0.009982638888888888,0.007915579962452025,0.007441594861478999,-0.005859374999999999,0.000379316529838675,-0.0034369027557505528
2698,2748,2247,0.004628393413440142,0.002772890924903307,0.0039653030399354845,-0.004272363150867824,0.00022715146820048493,-0.0020779304151577783
2699,2748,2273,0.007743070831500221,0.008411801218585304,0.004576379083570643,-0.004707435107787065,0.000438412254254172,-0.003736879311317964
2700,2748,2296,0.010627177700348435,0.006851288846165763,0.008590334242726615,-0.00200348432055749,0.002552882837517231,0.0009090913811747036
2701,2748,2273,0.004575450945886494,0.00553360095516865,0.00316799240309305,-0.00497140343158821,0.00400221527528321,-0.0022209996364626495
2702,2748,2286,0.008661417322834644,0.009140957259614451,0.008213290440969445,-0.005380577427821523,0.0018292304315228969,-0.0013590787200352937
2703,2748,2266,0.008296557811120917,0.006132301400094517,0.006346262367642666,-0.004236540158870257,0.003684921387264649,-0.0015047530785423776
2704,2748,2289,0.0070773263433813885,0.008006377353854267,0.004163492571135638,-0.005024027959807777,0.001243337867166362,-0.0038958090613891248
2705,2748,2289,0.009960681520314547,0.014168809039180422,0.00862992299369451,-0.004368719965050242,0.002577351931221165,-0.001323257737074171
2706,2748,2258,0.011071744906997343,0.007479117779892908,0.009446403904519427,-0.0010628875110717442,0.0056294305100253435,0.001877908024194
2707,2748,2271,0.009158960810215765,0.006604369519296412,0.004255989078967246,-0.0036547776309995617,0.002225986889774534,-0.003602770144587056
2708,2748,2250,0.005066666666666667,0.006002303324654459,0.004106346957462659,-0.004577777777777778,0.0030651065701762337,-0.001995262333909601
2709,2748,2305,0.012494577006507591,0.011090822492962168,0.008403253237183486,-0.0045986984815618226,-0.0012327254035418977,-0.0033303606046604507
2710,2748,2263,0.004684047724259831,0.00645334500998711,6.813518834147368e-05,-0.004153778170570039,0.001019131466279787,-0.005484509419868053
2711,2748,2275,0.009846153846153845,0.007902604297530045,0.007481041783270727,-0.0019340659340659338,0.0009642805438438881,-0.00029388273257899804
2712,2748,2245,0.0017817371937639203,0.0062429163031862845,-0.0003646280900936509,-0.003652561247216036,0.0018925619045749202,-0.0041057420263644045
2713,2748,2274,0.009674582233948988,0.00815664575189719,0.00846355054861899,-0.0031662269129287606,0.0037192875552135084,0.0002852872351137071
2714,2748,2243,0.009897458760588498,0.009711414749020623,0.0086527517582177,-0.0037004012483281314,0.0005508521124622171,-0.0012791127621305535
2715,2748,2261,0.007341884122069881,0.005793741704759514,0.0023197406853672532,-0.002742149491375498,0.0032029589275310083,-0.003301212638971651
2716,2748,2265,0.013509933774834438,0.0117186939850761,0.010097918306558765,-0.0018984547461368656,0.003652189290275999,0.0009393508429953117
2717,2748,2265,0.011567328918322295,0.01121390158015412,0.008172043120573621,-0.002119205298013244,0.0007749803868336936,-0.00095320296463413
2718,2748,2284,0.00840630472854641,0.007955661714093303,0.004288033343170875,4.3782837127846116e-05,0.004103164872871785,0.00014625921130451505
2719,2748,2299,0.009047411918225313,0.007072119300041964,0.005596602351496767,-0.0055676381035232704,0.0028579363801745535,-0.003611205624665487
2720,2748,2288,0.010664335664335665,0.00888585650007246,0.008683271195007787,-0.004807692307692308,0.001275778877529618,-0.0016350483083392314
2721,2748,2257,0.00974745237040319,0.005006965233705327,0.004366071535829758,-0.0003544528134692068,0.0034756209211600896,-0.0015316979101975747
2722,2748,2281,0.009031126698816309,0.008612265832508818,0.004892396922411591,-0.007233669443226655,0.0029959020176891092,-0.004859556477582375
2723,2748,2317,0.003366422097539922,0.0075048437746269275,0.003484431382531622,-0.007509710832973674,-9.062715610137164e-05,-0.004879919305282222
2724,2748,2266,0.008737864077669903,0.008174578383854924,0.005281859158186417,-0.006707855251544572,0.0013399219109359395,-0.004659991844249373
2725,2748,2277,0.0103645147123408,0.008156049162826851,0.005993554390480854,-0.004084321475625822,0.0027744005625974606,-0.0031159802302082405
2726,2748,2296,0.013240418118466898,0.008358260117942579,0.011157239742798685,-0.0020470383275261322,0.0050949854274565925,0.0017882609764956674
2727,2748,2288,0.014160839160839158,0.007272976214175638,0.011418348286643284,0.0021416083916083913,0.005932721847039946,0.004392596831862156
2728,2748,2292,0.005235602094240837,0.008423152890403589,0.005431905843318383,-0.006849912739965096,0.00031455942118959737,-0.003637896334239899
2729,2748,2289,0.0051550895587592835,0.00546151043220486,0.0012641538486061294,-0.005198776758409787,0.0008408676244548698,-0.005025988121222315
2730,2748,2307,0.006328565236237537,0.007803224354481352,0.0006866180982373474,-0.002514087559601214,0.003581043565130072,-0.003607022374173478
2731,2748,2301,0.012168622338113864,0.00951846024570485,0.008429478947988145,-0.001955671447196871,0.0023101792296414216,-0.0005831715663847042
2732,2748,2292,0.012041884816753928,0.009393595363345095,0.01024307052540357,-0.004712041884816754,0.004020863175598971,-0.0007455872343064292
2733,2748,2245,0.008285077951002228,0.0075341856750490875,0.003243846328960805,-0.006236080178173721,-0.00011312084847351893,-0.005653839747423368
2734,2748,2287,0.009094884127678182,0.010410392097569327,0.006582199899530031,-0.006558810668998687,0.0029125611720876013,-0.003139802374297832
2735,2748,2228,0.011220825852782763,0.012690061849312598,0.009084931323063481,-0.004712746858168761,0.006369045032248218,-0.0007807111739670686
2736,2748,2259,0.010447100486941125,0.01013817784398163,0.008155848508524723,-0.00650730411686587,-0.0007839446754669677,-0.0034043895940887897
2737,2748,2276,0.010896309314586995,0.008822366072314645,0.00752887826406174,-0.002284710017574692,0.0028360620531738562,-0.0006330539382457066
2738,2748,2264,0.0077738515901060075,0.005275245438117937,0.0018935535575224,-0.002473498233215548,0.0053092294882584575,-0.003858555285021299
2739,2748,2284,0.008493870402802103,0.0075992804659724186,0.009342949766153534,-0.0035026269702276703,0.0012526296746511376,0.0013721626968650918
2740,2748,2282,0.006660823838737949,0.008805806879932437,0.0018481720816605873,-0.006091148115687992,0.0014829753290814076,-0.006017184052370876
2741,2748,2263,0.0061864781263809105,0.005846253337137459,0.0034592627787908645,-0.010030932390631905,-0.0016381521978904958,-0.007270994448722238
2742,2748,2242,0.009545049063336307,0.007419280819182293,0.006309998599265069,-0.004371097234611954,0.003749675383665343,-0.0018738404644789543
2743,2748,2284,0.009719789842381785,0.008081184284247549,0.006906169517766495,-0.0007880910683012267,0.0036659961746160845,0.0002897040291819946
2744,2748,2306,0.006938421509106678,0.006005508976107938,0.002268156086108524,-0.0039462272333044245,0.001591442452492785,-0.004651846504530286
2745,2748,2290,0.010043668122270744,0.007341510863564002,0.009239384079209406,0.0005676855895196502,0.0044632550785637035,0.0036228786137096802
2746,2748,2242,0.00936663693131133,0.008134119962746196,0.007248634540743783,-0.006735057983942907,0.0007327690224479288,-0.0035069536020306876
2747,2748,2276,0.01335676625659051,0.009453349998257345,0.006568897027639368,-8.787346221441123e-05,0.0066989119422510976,-0.0009934023033809642
2748,2748,2304,0.005989583333333333,0.006154232564927432,0.0064664402358176444,-0.0051649305555555546,0.0009601590217409009,-0.0012767809043735005
2749,2748,2286,0.008311461067366578,0.010195116208688406,0.0061059946337972465,-0.004374453193350831,0.0014715845874850055,-0.0024060148551105485
2750,2748,2255,0.005055432372505542,0.005049969718160926,0.0015315127768869587,-0.002394678492239468,0.0065472136014118765,-0.0020422390251667046
2751,2748,2285,0.009015317286652077,0.00843261602957706,0.004154714238320258,-0.0040262582056892786,0.0017805335319519395,-0.00337729773672411
2752,2748,2280,0.005789473684210525,0.007293231407710088,0.003437656295638491,-0.0037719298245614042,0.002914517696387707,-0.0022443094903969816
2753,2748,2280,0.011315789473684213,0.009527609038256958,0.01243843546997579,0.00048245614035087744,0.0064258444003756215,0.005328950102087498
2754,2748,2316,0.009499136442141625,0.007930092411767302,0.009524857280730615,-0.00544041450777202,0.002828697136706763,-0.0005975146737023931
2755,2748,2302,0.010686359687228498,0.011527191035575035,0.006914995737225265,-8.688097306689881e-05,0.004320501773776451,0.00024898157939977225
2756,2748,2268,0.008641975308641976,0.00886124700372253,0.006803146142427161,-0.0008377425044091704,0.0017277685732335086,-0.0004085804324890753
2757,2748,2252,0.009236234458259326,0.009104950673707757,0.007392607863798911,-0.0019982238010657193,0.0027806213438983244,0.00041105420026753297
2758,2748,2312,0.001816608996539793,0.004204413059265077,-0.0014785207375104838,-0.005536332179930796,0.002222325811860802,-0.005643805932185427
2759,2748,2285,0.012341356673960614,0.00811055736410526,0.009189823774553529,-0.0015317286652078775,0.0010940655479956061,-0.00025981186742428993
2760,2748,2280,0.005175438596491228,0.008927820538029468,0.001396886994865623,-0.0043421052631578945,0.001045840906286794,-0.004862128049132121
2761,2748,2279,0.011671785870996052,0.007935524830369807,0.008537064639182856,0.00026327336551118855,0.004439630433043964,0.0012818159694453217
2762,2748,2310,0.007186147186147187,0.00636918459837237,0.003501239727094879,-0.005367965367965368,0.0018785019387594403,-0.0053480541124951535
2763,2748,2298,0.010791993037423845,0.008271740826245388,0.005911417560718216,-0.0034812880765883376,0.003021767668944662,-0.002474066140823856
2764,2748,2275,0.008615384615384617,0.006720162336863967,0.0069338053835918,-0.0032087912087912095,0.0050235080381294105,2.3345351034156408e-05
2765,2748,2310,0.013852813852813853,0.010877941842906047,0.011786267440075954,-0.004761904761904762,0.0037844902466479995,-0.00033172690195093366
2766,2748,2270,0.004845814977973568,0.005037342106310421,0.0038862559455981986,-0.003832599118942731,0.0016579972073781028,-0.0017994538343089348
2767,2748,2263,0.012372956252761821,0.010629921124119293,0.008844467533355103,-0.003314184710561201,0.00470728127507457,-0.0008626751241135093
2768,2748,2297,0.010709621245102307,0.009040195392087242,0.006157222500085554,-0.0003047453199825855,0.0034760295664555962,-3.783488430055447e-05
2769,2748,2256,0.003989361702127659,0.005854274284315886,0.001675358364013898,-0.00523049645390071,0.003192971808669336,-0.0036355374570697695
2770,2748,2266,0.007502206531332745,0.003920090968701646,0.0029101462155286125,-0.005075022065313328,0.004684987622259395,-0.0037521954182871044
2771,2748,2288,0.008216783216783216,0.009261742265523946,0.00442787476449045,-0.0012237762237762232,0.006573879641425013,-0.0006523745108983043
2772,2748,2293,0.012036633231574357,0.012682897000020135,0.008550811194386809,-4.361098996947225e-05,0.005089344800889213,0.0009360040705881683
2773,2748,2299,0.005741626794258374,0.007692479958853609,0.005005314174757526,-0.005872118312309701,0.005235808643053887,-0.0024028257933089658
2774,2748,2308,0.010311958405545926,0.005388392222540219,0.007199908361482705,-0.005719237435008665,-0.0020953732448727377,-0.004062958370678852
2775,2748,2278,0.005882352941176471,0.006396510211095204,0.00317343825117277,-0.0032484635645302893,0.0010927505034933472,-0.002517029628861329
2776,2748,2286,0.00927384076990376,0.007046872697352663,0.005349426367917629,-0.0027121609798775154,0.004773829124815243,-0.0012361268684199613
2777,2748,2286,0.011461067366579177,0.009979923057456513,0.005649164373825322,-0.004024496937882766,0.0015944484270318034,-0.0042237968361558765
2778,2748,2264,0.009893992932862191,0.011622057028841351,0.006741990531620092,-0.005962897526501767,0.003501760269175155,-0.003400107002201024
2779,2748,2277,0.00878348704435661,0.009703669246241813,0.005384856085702308,-0.0033816425120772944,0.0044351073098097,-0.0013719745736614534
2780,2748,2276,0.012565905096660808,0.014857746426977852,0.010666944615094747,-0.0014938488576449929,0.0031648827444212472,0.0010182377985821476
2781,2748,2255,0.008248337028824835,0.004595025379819771,0.005397109083156946,-0.003370288248337029,0.002531935546491965,-0.001809898288781033
2782,2748,2280,0.0093859649122807,0.010153830466878616,0.006852674785294924,-0.006842105263157894,0.0037608327178442996,-0.003428161265501609
2783,2748,2268,0.01199294532627866,0.008673326207106776,0.008224024912988051,-0.004629629629629628,-0.0006191952746884221,-0.00325337873191478
2784,2748,2275,0.005890109890109891,0.005709890235115697,0.0024967279553596753,-0.0036043956043956054,-2.2951881444784408e-05,-0.003693503424689014
2785,2748,2281,0.007628233231039018,0.010128902356221705,0.004904226769017182,-0.0018412976764576937,0.002400689284853816,-0.0013144128696321207
2786,2748,2263,0.014317277949624391,0.010109912485622782,0.014787550535344758,0.0016349977905435271,0.006705168297831377,0.0066260715143890295
2787,2748,2286,0.007086614173228346,0.008599698529335991,0.0055744547057495295,-0.008836395450568678,0.0030079954363338005,-0.004420858256848183
2788,2748,2273,0.00906291245050594,0.009829676031383794,0.0064777046055077715,-0.0036955565332160135,0.0026347136486939123,-0.0018944502232282898
2789,2748,2264,0.007508833922261484,0.005960117804495555,0.003005756925051221,-0.007067137809187279,-0.002463527450193465,-0.00724357237767537
2790,2748,2300,0.008782608695652174,0.0064357270242529786,0.004203449054713395,-0.0011739130434782622,0.0036475012200599104,-0.001207443794537271
2791,2748,2315,0.010539956803455725,0.009288486123404117,0.009217991718902986,-0.005010799136069114,0.0020725103535021152,-0.0012726767286041574
2792,2748,2319,0.007589478223372146,0.006091209358679832,0.004776469645664799,-0.0031910306166451066,0.0021718267723852204,-0.0016965879300844112
2793,2748,2242,0.012221231043710973,0.008739407359938634,0.008282588532901054,-0.003300624442462088,0.004135609340934265,-0.0008174565962022358
2794,2748,2230,0.00968609865470852,0.0098690945613518,0.00626382944304451,-0.0031390134529147976,0.001815912161266596,-0.002370621332887573
2795,2748,2254,0.0065661047027506655,0.007275472684729873,0.0054545699351731605,-0.0011978704525288375,0.0024931105554194207,0.0003061988293338885
2796,2748,2247,0.008366711170449488,0.010045802919414764,0.0050240467221396865,-0.0036048064085447283,0.0034969609580386405,-0.002398625216620357
2797,2748,2272,0.00836267605633803,0.008769488909269969,0.0062485113431279046,-0.00272887323943662,0.0058677398091602885,-0.0003769929107926038
2798,2748,2264,0.004593639575971732,0.007498140595575692,0.0022764452627936247,-0.002561837455830389,0.008893698579136806,-0.001287161726430716
2799,2748,2258,0.005137289636846768,0.008439460223136795,0.0018508794503291483,-0.007263064658990256,0.0021063415853437993,-0.005824188197167563
2800,2748,2255,0.008337028824833703,0.008686679428139036,0.003996286641166632,-0.0041685144124168514,0.001170311841914314,-0.003780624386489665
2801,2748,2256,0.007890070921985817,0.010057442631613294,0.004592977287077177,-0.004609929078014184,0.003563635936678272,-0.0030462755994749248
2802,2748,2280,0.01219298245614035,0.007920044976360834,0.008650466935926433,-0.0009210526315789476,0.003048394248297482,0.0002044107963354655
2803,2748,2241,0.010084783578759483,0.008048975134392828,0.004039734946290752,-0.0009817045961624286,0.0021556317485662796,-0.002642234142992743
2804,2748,2262,0.008222811671087535,0.008628535942386389,0.003458282173631029,-0.006896551724137932,0.002486237272983395,-0.00547327206690669
2805,2748,2279,0.01202281702501097,0.010706908254666758,0.00942125764971145,-0.0003949100482667831,0.005795897604178245,0.0022084406941435103
2806,2748,2284,0.007530647985989494,0.00845787021300943,0.0035542692754684676,-0.005429071803852889,-0.0009490220169876506,-0.005190377399173398
2807,2748,2251,0.005864060417592181,0.005775620723573672,0.0048234986247894665,-0.004931141714793425,0.0013826712795564668,-0.002236155000978465
2808,2748,2265,0.0075055187637969095,0.008982203383418376,0.005440028426728046,-0.005430463576158941,0.003324946696611009,-0.0022745422140465483
2809,2748,2274,0.008091468777484607,0.006852333044223593,0.005415021438920326,-0.0028583992963940193,0.0002877157773361802,-0.0022451042543585255
2810,2748,2283,0.0076215505913272,0.007781014308254738,0.00389890261929347,-0.00302233902759527,0.0021522464310777378,-0.0029311106756710345
2811,2748,2262,0.01441202475685234,0.01289744225697263,0.01071459471330521,-0.0029177718832891254,0.0021723258376009262,-0.00018790151159697271
2812,2748,2280,0.010701754385964914,0.011287062693210075,0.006799516341270945,-0.004035087719298246,0.005607327553436344,-0.0018883598202071709
2813,2748,2263,0.0023862129916040645,0.0038907134831047147,0.0013362965632115276,-0.005435262925320371,-0.001790187326059993,-0.004791289872397743
2814,2748,2300,0.00565217391304348,0.006271989031728487,0.0039401851636925505,-0.003043478260869565,0.0037935593935013194,-0.0010174891753607512
2815,2748,2299,0.008090474119182255,0.006865463250822494,0.006054677756714047,-0.0037407568508046984,0.0014411520406027469,-0.002170201009405611
2816,2748,2256,0.008156028368794328,0.00773132579546772,0.005560741192233221,-0.005585106382978724,0.0032772078355447257,-0.0030279626000306427
2817,2748,2300,0.0015652173913043481,0.006498552449396229,0.0012605519771521274,-0.007565217391304347,0.0006826295247242319,-0.005054933468164859
2818,2748,2287,0.010144293834717972,0.007595624137979695,0.009307971624661505,-0.0013554875382597285,0.0065000251481383735,0.00326325043350279
2819,2748,2304,0.008159722222222223,0.006674487717799995,0.002986310792851748,-0.0026475694444444446,0.00402308424992377,-0.0028579455972347714
2820,2748,2293,0.008024422154382907,0.007971366515260089,0.007090087041979064,-0.0025294374182293924,0.002381627674109458,-0.0006593586680702914
2821,2748,2250,0.008711111111111112,0.007408603679520051,0.0037025729248677474,-0.002577777777777779,0.0004734304126552174,-0.0032578486845981857
2822,2748,2301,0.011125597566275533,0.011634093084782087,0.009420522029158893,-0.007083876575402,0.002669739459742688,-0.002758910880484429
2823,2748,2255,0.00975609756097561,0.009240699714248807,0.008311938882343758,-0.005011086474501109,-0.0005884429571897999,-0.0024758296771855465
2824,2748,2240,0.007946428571428573,0.008113338971641494,0.0060900526944998165,-0.0026785714285714295,0.003593465073350807,-0.0001386731631873161
2825,2748,2277,0.013087395696091348,0.010751942575026487,0.010096767228300108,-0.002064119455423804,0.003383758894940556,0.000829219779070765
2826,2748,2298,0.005308964316797215,0.004575611884832071,0.0012036050381404257,-0.004395126196692777,0.0003791860640342859,-0.004541746373377509
2827,2748,2275,0.008,0.007616431595041338,0.004217412705347299,-0.0033406593406593403,0.0014868435441263577,-0.003034237322597461
2828,2748,2272,0.004753521126760565,0.0059730013024238094,0.00462030868888334,-0.0043573943661971825,-0.0002510934120762314,-0.0025384839051015226
2829,2748,2275,0.013010989010989012,0.01353187759765455,0.011062240890619553,0.004351648351648351,0.01063589534847899,0.00640943362931238
2830,2748,2286,0.01119860017497813,0.011410273922041993,0.005477460120772904,-0.003630796150481191,0.006158123089798624,-0.002851131606205791
2831,2748,2271,0.009070893879348306,0.008497378645928427,0.0058653384400814135,-0.004007045354469397,0.004421428891201798,-0.0020640875313546777
2832,2748,2256,0.008687943262411348,0.007310204584791749,0.006114642906833519,-0.004255319148936169,0.003679455996861278,-0.0013942998905957815
2833,2748,2297,0.005224205485415759,0.008541425152512043,0.004605451886667781,-0.004658249891162386,0.0034240472302282583,-0.001957022538318572
2834,2748,2266,0.009973521624007062,0.007161101477871804,0.003711310069398993,-0.004457193292144748,0.0008948981372659009,-0.005112326113289624
2835,2748,2270,0.008634361233480176,0.006556765231148202,0.006296590999783592,-0.0014977973568281939,0.0012857514281156208,-0.00020020570888276706
2836,2748,2303,0.007381676074685193,0.00801916249820455,0.005109143783541325,-0.003994789405123752,0.0011244965494784877,-0.00288654944580418
2837,2748,2292,0.00837696335078534,0.0053569672241336845,0.003918151089604025,-0.0027050610820244336,0.0031227528689386566,-0.0025356057679023084
2838,2748,2273,0.009150901891772988,0.007727733300613981,0.0057865459765628095,-0.004751429828420589,0.0019201089227980596,-0.003005425726373357
2839,2748,2302,0.009122502172024326,0.009066535614478127,0.007743680802711721,-0.001998262380538662,0.004303322450648742,0.001118255110929389
2840,2748,2305,0.007114967462039047,0.00884915445570411,0.006163231078753746,-0.0018221258134490232,0.0028113404446049083,0.00015994758380109933
2841,2748,2302,0.009730668983492615,0.009227277578965663,0.005398715216477559,0.0005647263249348379,0.006075826332721246,0.00046050171152515703
2842,2748,2251,0.009062638827187915,0.006377471219921809,0.004321754248551699,-0.005019991115059974,0.0004988102941751712,-0.00460933533547194
2843,2748,2292,0.0071553228621291445,0.006989850449708047,0.005553257734088465,-0.0068499127399650975,-0.00085202208676033,-0.003980399618986871
2844,2748,2287,0.006383909051158722,0.007650486014581709,0.003239998448215863,-0.002973327503279407,0.0008043008711976381,-0.0032270713892890717
2845,2748,2287,0.009094884127678182,0.0045074958436537305,0.005451897863144955,-0.0038041101880192402,0.0010068531021975764,-0.0027199068451746445
2846,2748,2301,0.011125597566275531,0.0078019583045053666,0.00545100514867704,-0.0031290743155149934,0.004503463811876257,-0.0024690775734206023
2847,2748,2259,0.006551571491810536,0.004249567568176418,0.004160523191622493,-0.0048251438689685695,0.0016830107445358353,-0.0028497776457393335
2848,2748,2301,0.005649717514124294,0.005891887298676444,0.0011605096544445848,-0.004345936549326381,0.0038291082544529005,-0.004365359821928092
2849,2748,2306,0.008326105810928014,0.010412616870903535,0.006340229566307214,-0.00424978317432784,0.004284663499965922,-0.0016505133702512907
2850,2748,2291,0.004975993016150154,0.008126015535965442,0.0028696475152724388,-0.0034046268005237883,0.004751212763896164,-0.0017915501115340453
2851,2748,2259,0.010447100486941125,0.009860227795107248,0.005498803434991522,-0.003984063745019921,0.0023512817646352082,-0.003340691860827827
2852,2748,2293,0.010902747492368076,0.0077149499391061735,0.004521859745381346,-0.005189707806367205,0.0034752417853192844,-0.004417166189514633
2853,2748,2329,0.008415629025332761,0.0074577976454834926,0.006978623266660242,-0.007256333190210393,-0.002171757447755822,-0.004167850162899764
2854,2748,2273,0.01240651121865376,0.008134282004391882,0.007024060887025101,-0.005587329520457544,0.000561087056473939,-0.004479259490454822
2855,2748,2261,0.013003095975232198,0.00967345673590087,0.008033200723756491,-0.0033613445378151267,0.0030413356655734744,-0.002149735896916192
2856,2748,2265,0.009006622516556291,0.008792432068556816,0.0074045248186632,-0.0035761589403973523,0.0027123933825824054,-0.0012071357374385196
2857,2748,2292,0.009336823734729494,0.009846281754003717,0.006813368932635917,-0.002268760907504362,0.0025929336636822636,-0.0010606390317939838
2858,2748,2262,0.006984969053934573,0.00810668912400811,0.004295880526875698,-0.004686118479221928,0.00421373767200018,-0.003013757970529272
2859,2748,2293,0.00872219799389446,0.00838539611951627,0.00544166819894556,-0.0028347143480157,0.004720391154354362,-0.0008990473130564828
2860,2748,2262,0.008753315649867373,0.006256290394130862,0.0056803070552699265,-0.003669319186560567,0.0020063617376394876,-0.002224885483637466
2861,2748,2260,0.00592920353982301,0.008705086446417171,0.005233430848898794,-0.0034513274336283196,0.004548827248067285,-0.0009768231440053915
2862,2748,2288,0.004108391608391608,0.0035233955845200495,0.000547303146307444,-0.0038461538461538455,0.00031236177584622753,-0.0041301400269204026
2863,2748,2284,0.007530647985989494,0.007696122275915095,0.00410647060527426,-0.002145359019264447,0.003897151731881479,-0.00155137086510893
2864,2748,2291,0.010213880401571366,0.008935922337872331,0.003693988909120587,-0.003273679615888258,0.002891465350925378,-0.004122281044285247
2865,2748,2275,0.009230769230769232,0.008460378772504154,0.006191276325823227,-0.004879120879120878,0.0019121269627827028,-0.002618585415440604
2866,2748,2264,0.006007067137809188,0.007695958071333738,0.0033464854222496863,-0.0048144876325088345,0.0034134452171679023,-0.003185329910836817
2867,2748,2288,0.010052447552447552,0.007080733002491254,0.0027996815240390804,-0.004195804195804195,0.0011178882458078292,-0.005604155120000507
2868,2748,2255,0.01161862527716186,0.010840490497329727,0.011530047081662066,-0.0014190687361419073,0.004714429821497382,0.0026269867986921137
2869,2748,2280,0.009035087719298247,0.008247226173104869,0.007108166145999608,-0.0017105263157894738,0.0049066849580541565,0.00039345720972438776
2870,2748,2265,0.007152317880794702,0.006751308133208751,0.0020661612297213187,-0.0013686534216335547,0.004770520806566132,-0.0017151738170149563
2871,2748,2288,0.0020104895104895108,0.005137139359135934,0.0028977194187230935,-0.006555944055944058,0.00011902092716306038,-0.003202665298480285
2872,2748,2252,0.005506216696269982,0.00883141193505445,0.0036029214940502875,-0.00519538188277087,0.0024862911588140312,-0.0038255352628729393
2873,2748,2274,0.010554089709762534,0.010188318131233927,0.008940140050818344,-0.003913808267370273,0.004641225543870327,-0.00029744412107651547
2874,2748,2257,0.006557377049180328,0.008233131889549461,0.00410534576163142,-0.004652193176783341,0.002814622945798712,-0.003073803211673211
2875,2748,2294,0.00959023539668701,0.00961643626824004,0.008920808652718075,-0.004228421970357454,0.0038785240007240774,-0.0007097134479271354
2876,2748,2261,0.009376382131800089,0.009064541299180547,0.006829423833777743,-0.00437859354268023,0.0005443847128368256,-0.0022528557667575648
2877,2748,2273,0.01038275406951166,0.007949992224379152,0.006209957592285866,-0.003739551253849539,0.0017065598007413682,-0.002657042058545578
2878,2748,2291,0.009864687909209953,0.0073651003741825516,0.006917487090778417,-0.002618943692710607,0.003137683079262502,-0.0007366946296278917
2879,2748,2284,0.008669001751313486,0.007795825096069874,0.004951507997229574,-0.0027145359019264447,0.0075656747072909555,-0.0008944190974520552
2880,2748,2290,0.009170305676855894,0.00920854401724465,0.008293260215452855,-0.007248908296943232,-0.0007240599528446612,-0.003585651063494447
2881,2748,2299,0.0062635928664636804,0.00635586407167435,0.0023793063271376805,-0.0036972596781209236,0.0032747902798219205,-0.0035493551220215887
2882,2748,2291,0.010388476647752071,0.007121219972163031,0.004972388799945684,-0.00663465735486687,0.0006029703100841204,-0.005865060045890434
2883,2748,2275,0.008967032967032967,0.01076681401464254,0.007882624922801895,-0.005450549450549452,0.0014267204001667088,-0.0020360564287722057
2884,2748,2276,0.005448154657293497,0.007214884636337532,0.004256188775288209,-0.006502636203866432,-0.001622962261872402,-0.004349998503010484
2885,2748,2283,0.012264564169951819,0.011119930990755656,0.010171459914048562,-0.0040297853701270255,0.0007872652317254343,-0.0018736730538125438
2886,2748,2277,0.008871321914800176,0.008292448608488642,0.009089080890228432,-0.003249890206411946,0.002864476939625342,0.0002786419133122833
2887,2748,2257,0.005848471422241913,0.002988505548869309,-4.8220082958583575e-05,-0.004696499778466992,0.00366859688393956,-0.005237104556604183
2888,2748,2287,0.007695671184958461,0.008361130566849503,0.005830755794478705,-0.006077831219938783,0.0025490031538303094,-0.003197511087778068
2889,2748,2285,0.01312910284463895,0.011136083821188985,0.012709320172619784,-0.0043763676148796515,0.005130908981390496,0.0015110559216706997
2890,2748,2288,0.010314685314685315,0.00865684191455073,0.008541551719468686,-0.0016608391608391611,0.004772195035936905,0.00106172764746754
2891,2748,2307,0.008669267446900737,0.00950345043843279,0.009358146064581711,-0.005114867793671434,0.0035020656244781592,-0.0005643210751945952
2892,2748,2296,0.010714285714285714,0.010763164470755439,0.009501017833295475,-0.006837979094076655,0.003624685865784226,-0.001321894049522693
2893,2748,2272,0.011795774647887322,0.00972831952928831,0.007329150562965726,-0.004225352112676058,0.0006529445021687095,-0.003163557246204662
2894,2748,2265,0.009624724061810154,0.005776535475675582,0.007611143018939829,-0.00512141280353201,0.0017185248474664541,-0.001590803748249945
2895,2748,2240,0.007410714285714286,0.007797016645619505,0.005623700806313221,-0.006607142857142857,-0.001750819151898431,-0.004485306633631628
2896,2748,2273,0.009150901891772988,0.006903671969211481,0.004520523250690703,-0.0028596568411790577,0.0019901498944994694,-0.0028017886990383514
2897,2748,2284,0.01234676007005254,0.011287305433697926,0.007058010490488056,-0.002189141856392294,0.004848100906657249,-0.0012139739030000937
2898,2748,2255,0.005055432372505542,0.008377105317018546,0.005282212544303151,-0.0062084257206208434,0.004396318973172919,-0.0024791733035888102
2899,2748,2299,0.005567638103523271,0.008874629050907362,0.0038747431800573596,-0.002957807742496738,0.004246375085920498,-0.0011942885384036272
2900,2748,2269,0.011018069634200088,0.009067534413845101,0.007388741512362925,-0.0012340237990304105,0.004573267878459266,0.0006254581729463635
2901,2748,2295,0.007494553376906318,0.007948663932074699,0.004743541479167516,-0.0033986928104575167,0.00208436002465617,-0.0019263949036994689
2902,2748,2282,0.011744084136722172,0.007254558971011791,0.007946604798901994,-0.0018843120070113934,0.0046651291943765345,-0.0004039449311004919
2903,2748,2313,0.00977086035451794,0.0069347177132195814,0.006311466632654756,-0.0010376134889753567,0.003921856867180475,-0.00025065714942152956
2904,2748,2299,0.0073075250108742915,0.006716858776727954,0.00448783794214787,-0.004915180513266639,-0.002038826289747132,-0.00459675722447497
2905,2748,2278,0.008077260755048287,0.00910679017390989,0.006195299310203883,-0.0023266022827041267,0.005528539136839371,7.13991279670064e-05
2906,2748,2257,0.004430660168365087,0.003987160499490994,-0.0002691690469036491,-0.006380150642445725,-0.0009849128430326362,-0.007490280897830301
2907,2748,2296,0.012282229965156795,0.00983717396557231,0.009422532558866782,-0.00426829268292683,0.0019991199241223734,-0.0014111986201363622
2908,2748,2273,0.0033435987681478215,0.006541169236364112,-0.00011945377890309284,-0.010118785745710514,-0.0027266545253855565,-0.009585270175395283
2909,2748,2254,0.00771960958296362,0.00864776225038293,0.00472577136538781,-0.005678793256433008,0.0012987020223679127,-0.0032870609804378365
2910,2748,2303,0.00911854103343465,0.00888984087249298,0.006088225947471567,-0.005210594876248371,0.004457493741096907,-0.0032251472480633674
2911,2748,2264,0.006802120141342754,0.005320224522753749,0.004170382182218405,-0.006934628975265017,0.001417135729195082,-0.004236354389303296
2912,2748,2264,0.008568904593639575,0.008029912829508054,0.006818035986107049,-0.004726148409893992,0.0012839573528933067,-0.0019680080150510284
2913,2748,2253,0.009143364403018198,0.009249832682639252,0.006867570831367472,-0.005770084332001775,0.002641208156112007,-0.002806075524681779
2914,2748,2263,0.00494918250110473,0.006371608260236898,0.0047080048768498445,-0.003711886875828546,0.004328766630365623,-0.0003745429989222354
2915,2748,2250,0.010044444444444444,0.010827721639828407,0.006942938655265127,-0.004666666666666667,0.0034133265456416533,-0.0025232178658258523
2916,2748,2270,0.010660792951541851,0.011871166871124076,0.009181909403627198,-0.003876651982378855,0.0032509254737113757,0.000102240156086005
2917,2748,2289,0.008213193534294451,0.008516523933919712,0.005533270685275504,-0.0031017911751856702,0.004015006762118079,-0.0014452279484926441
2918,2748,2306,0.00893321769297485,0.006669309312875731,0.005278273157306566,-0.0054206418039895905,0.0034764817922176023,-0.003841915501791866
2919,2748,2261,0.006368863334807606,0.006661922074804411,0.003204252686675262,-0.005749668288367979,-0.0009734249245087323,-0.004841222982419188
2920,2748,2313,0.011673151750972763,0.010141804321828206,0.00737448589506427,-0.0037613488975356693,0.0020578300768270288,-0.002770967234975541
2921,2748,2270,0.00696035242290749,0.007955676971306813,0.006099522552069542,-0.003568281938325992,0.002402970142923648,-0.0014985792579461595
2922,2748,2264,0.01174911660777385,0.007555696896031565,0.010555533311234076,-0.004770318021201414,0.001792242508398823,-0.00036400229993563854
2923,2748,2269,0.009343323049801676,0.006961047631509024,0.003459366890593036,-0.005597179374173645,0.0010096670224284104,-0.004941695553896718
2924,2748,2283,0.007446342531756461,0.009887044392922071,0.007148058965369677,-0.0017082785808147172,0.008393890571664068,0.0021490408031238466
2925,2748,2279,0.007634927599824484,0.00983403446613891,0.00689072256317983,-0.004168494953927162,0.0020961213758962215,-0.0010368075685975118
2926,2748,2273,0.0058073031236251646,0.00654588905485027,0.003347596980669118,-0.0046634403871535415,0.0032317419199311024,-0.002872734858567191
2927,2748,2292,0.01169284467713787,0.011357794130767889,0.007732779072412887,-0.0009162303664921473,0.008624044984634255,0.0011717647844317648
2928,2748,2305,0.013362255965292842,0.011125784111147959,0.008157320313780763,-0.0022993492407809104,0.00243065583576985,-0.0015274529025785142
2929,2748,2263,0.00760053026955369,0.008477646438168543,0.007618608762528638,-0.0014140521431727792,0.0068088691382567545,0.0023983656386920554
2930,2748,2281,0.007102148180622535,0.004436416894883846,0.004225596652152723,-0.0024989039894782977,0.001967364111660874,-0.001618590678714822
2931,2748,2291,0.008467917939764296,0.0073695289474766815,0.003098153296379546,-0.004670449585333915,0.001416578123094312,-0.004659283758241393
2932,2748,2277,0.009134826526130874,0.007591582729896566,0.004214181719272762,-0.0024593763724198503,0.0049497513084688525,-0.0022224046354939854
2933,2748,2269,0.007051564565888057,0.010125338201222241,0.004302496182385748,-0.0041427941824592335,0.0028931827909864233,-0.002959693346192705
2934,2748,2310,0.0058874458874458874,0.0076722463572250245,0.0036592435474698936,-0.005367965367965369,0.002725316419522182,-0.003024300534836035
2935,2748,2284,0.009719789842381787,0.007162414066219701,0.007092014937916513,-0.005735551663747811,0.00256421371483618,-0.003278735632029836
2936,2748,2273,0.010558732952045756,0.010522317922987435,0.006922766755218643,-0.0017597888253409598,0.006523686421908129,2.082176113277156e-05
2937,2748,2273,0.014166300043994723,0.011575795378267053,0.010454321072621623,-0.002639683238011439,0.006361713473498216,0.0009377061675223008
2938,2748,2259,0.011066843736166445,0.0118048508152537,0.009924481995747126,-0.0031429836210712697,0.001963208412795926,-0.00015497796862481205
2939,2748,2280,0.004210526315789474,0.008496194107589757,0.0022900611467826073,-0.003684210526315789,0.002263118122412922,-0.002857296458451473
2940,2748,2263,0.009986743261157758,0.012962642823264606,0.008441166771445397,-0.006363234644277509,0.0035980571263221363,-0.0023140224129071297
2941,2748,2272,0.010211267605633803,0.008113656247712486,0.005766820217214886,-0.006690140845070423,4.487942086412672e-05,-0.005772659640843623
2942,2748,2241,0.004819277108433735,0.008753586014682123,0.004529857668311726,-0.006514948683623384,-0.0003949028853135005,-0.003133890911318151
2943,2748,2287,0.009619588981198076,0.008342900164912797,0.0044992071380703215,-0.002667249672059467,0.002356931981921961,-0.0033420920053190226
2944,2748,2262,0.005835543766578249,0.005685785393435354,0.0069044013032573785,-8.841732979663963e-05,0.005828544514435753,0.0037042220908396254
2945,2748,2266,0.006531332744924978,0.011156227569778384,0.007786499924004973,-0.0013680494263018537,0.006018974689639427,0.002758240243707674
2946,2748,2303,0.011376465479808945,0.00847974749440548,0.010780283075274988,-0.0013894919669995667,0.004280782948438339,0.0015565942798564042
2947,2748,2255,0.006651884700665188,0.00865098998864495,0.003435425231385607,-0.0028824833702882488,0.0036352711241945104,-0.0023806754464973517
2948,2748,2282,0.013409290096406661,0.008541565897681945,0.01052190636125629,-0.004776511831726556,8.835777412074259e-05,-0.0017756543550530718
2949,2748,2265,0.005033112582781458,0.008396816314708915,0.002057915742572833,-0.0034878587196468,0.002413677660153023,-0.0034432230529634644
2950,2748,2313,0.004236921746649374,0.007006612760837047,0.003983181576194623,-0.0027237354085603116,0.0029237375694018976,-0.0010412256775989897
2951,2748,2313,0.009857328145265888,0.007582137800982989,0.005328837603378131,-0.006268914829226114,0.002656705637115089,-0.00501267120567903
2952,2748,2291,0.009777389786119597,0.008299970875879711,0.005891672255301579,-0.0037538192928852038,0.002841060731025392,-0.0025055546421246548
2953,2748,2251,0.010306530430919591,0.012048129974804372,0.008300829686082777,-0.0015104398045313195,0.003220480938472481,0.0004813383089350903
2954,2748,2305,0.004685466377440348,0.006270168083351783,0.003684270513352706,-0.003644251626898048,9.746928366186622e-05,-0.0026617387824349223
2955,2748,2316,0.007944732297063902,0.007235756522926357,0.002692323525516619,-0.002979274611398965,0.00027269174120954864,-0.004836146608314874
2956,2748,2264,0.006802120141342757,0.008734332939872778,0.004006412888521472,-0.004416961130742048,0.0037774899247884374,-0.0029266561240625646
2957,2748,2255,0.008070953436807094,0.007378612974937984,0.007092950614383537,-0.0011086474501108647,0.004669823203815846,0.0010164627165971888
2958,2748,2299,0.008699434536755112,0.00574942536078357,0.002731503397102857,-0.0020878642888212265,0.003924746853857398,-0.002879533945865729
2959,2748,2281,0.00929416922402455,0.012062966182253,0.007063202170668701,-0.006093818500657607,0.002157828351789828,-0.00317564090941706
2960,2748,2250,0.0044444444444444444,0.0029394793878604274,0.002523157592899041,-0.0057333333333333325,0.000264929614038061,-0.004228676220362656
2961,2748,2299,0.00635058721183123,0.00561881297541451,0.00015885725749121426,-0.008481948673336232,3.67571093582107e-05,-0.008970455470731897
2962,2748,2259,0.008145196989818504,0.006474286281060639,0.004985238244697307,-0.005533421868083223,0.0015325333147812043,-0.0033711005798049525
2963,2748,2257,0.007266282676118741,0.00705893197559566,0.004841623720549163,-0.0014178112538768277,0.0034820021420384744,-0.0005244852684040781
2964,2748,2290,0.011266375545851528,0.009351586431581653,0.009023151038948426,-0.004192139737991268,0.001358346443070519,-0.0017960926779674955
2965,2748,2289,0.007776321537789428,0.005782367481099038,0.002856099909518689,-0.0036260375709917005,0.0038968162616924286,-0.0034847227147042645
2966,2748,2293,0.00907108591365024,0.0102064919054535,0.0068953974829986985,-0.006323593545573485,-0.0008543620845807308,-0.0041019431633253665
2967,2748,2294,0.013077593722755012,0.010281068391747934,0.008436569722963059,-0.004402789886660855,0.002951819541711612,-0.0026290649743345483
2968,2748,2258,0.007617360496014173,0.007524241884831869,0.00407346986519707,-0.0058901682905225855,0.0015997097613969756,-0.004153753717012984
2969,2748,2264,0.006448763250883392,0.008252642204504177,0.0035411894245195408,-0.0026501766784452303,0.0007081158259109201,-0.0025066590018930465
2970,2748,2248,0.013167259786476869,0.010890169327783044,0.00921141942693434,-0.0023576512455516004,0.004749498827805438,0.00020590465288756462
2971,2748,2268,0.010493827160493827,0.009127934971357395,0.009614071462649969,-0.003395061728395062,0.001018577068121778,-0.00021000127838348667
2972,2748,2268,0.00837742504409171,0.008893706448355514,0.0049795764035809155,-0.0003968253968253969,0.005264483415920264,-0.0002089485841344181
2973,2748,2253,0.00621393697292499,0.00657465888458556,0.005212042835489965,-0.003994673768308922,0.0029457111199074214,-0.0014182855096496719
2974,2748,2240,0.008928571428571432,0.0074171965743532985,0.006927120237895672,-0.0020982142857142857,0.001287545226059936,-0.00045832107850616915
2975,2748,2269,0.0033494931687968253,0.004417733633765349,0.004251812365251216,-0.007051564565888057,-0.0037543623293327566,-0.004262521311342968
2976,2748,2235,0.005548098434004475,0.005273630804369248,0.0012779436799327654,-0.0010290827740492168,0.00428861041725773,-0.0020308967613080543
2977,2748,2271,0.013562307353588727,0.010677731795897571,0.012855680082155905,-0.0032144429766622646,0.003960484887091612,0.0017465149677432631
2978,2748,2273,0.01205455345358557,0.007644123152652795,0.010358294082253075,-0.002903651561812582,0.006125451735930235,0.0015266150738885377
2979,2748,2276,0.008875219683655537,0.010940329725303597,0.011291606097429295,-0.004393673110720563,0.0051686102105978,0.0020580371689201634
2980,2748,2293,0.0068033144352376805,0.0077503730604341235,0.00437798686557892,-0.004753597906672483,0.0016088153918221448,-0.003820741125264409
2981,2748,2268,0.005291005291005292,0.009504746476137357,0.0044478142904908965,-0.004497354497354498,0.006611708085090683,-0.0019430958667460386
2982,2748,2302,0.008688097306689836,0.005430160677300004,0.004102477694354681,-0.006038227628149436,0.0014418692773769022,-0.005318486036892251
2983,2748,2267,0.009351565946184385,0.009535307286185946,0.005226787126414916,-0.0012351124834583155,0.0043767013606510865,-0.0013803984306945442
2984,2748,2279,0.011320754716981131,0.006936266594698619,0.00767265043291924,-0.0023694602896007014,0.004814807418764055,-0.00014556023818538497
2985,2748,2234,0.011459265890778869,0.006703628595974383,0.008680668757252333,-0.005192479856759176,0.00254204079429314,-0.002108475250003168
2986,2748,2303,0.008076422058184976,0.007495121295231856,0.005039293441018706,-0.00208423795049935,0.003338671922950303,-0.0008310559638376907
2987,2748,2267,0.005469783855315394,0.008557244768456427,0.0028127034648852333,-0.0037494486104984555,0.0023078460181916766,-0.003307952702325467
2988,2748,2260,0.0071681415929203554,0.0062304710555094985,0.006541267215261774,-0.005088495575221239,0.0028009256730272816,-0.001598507136025069
2989,2748,2292,0.012914485165794066,0.010010293667774185,0.009100895269421021,-0.003228621291448517,0.005275508283267383,-0.0005071975991343089
2990,2748,2270,0.011013215859030838,0.008078065539643391,0.007084537963360284,-0.004096916299559472,0.0002740316965975785,-0.00267525426487378
2991,2748,2290,0.00960698689956332,0.009856321697912658,0.007408602646373645,-0.002532751091703057,0.006188080191009048,0.0002033776625774355
2992,2748,2262,0.00512820512820513,0.0038422904344874733,0.003146900719140017,-0.00614500442086649,0.002482752290893833,-0.0037329923194982127
2993,2748,2271,0.004139145750770585,0.0068339775711035375,0.0007579458125673381,-0.008454425363276091,-0.00014092428327721064,-0.007657148240393629
2994,2748,2300,0.010869565217391304,0.00948565890959424,0.008824718999097227,-0.004347826086956522,0.0007996370494706293,-0.0015411216317131348
2995,2748,2275,0.012043956043956043,0.010817843081024214,0.010532563103081911,-0.0027252747252747246,0.0010867885774164731,1.1013796059914042e-05
2996,2748,2253,0.006391478029294275,0.00613703517151175,0.003518240882821659,-0.0037283621837549937,0.004671596945968353,-0.0017358513829755205
2997,2748,2284,0.009544658493870404,0.011133610653293342,0.009019246494586516,-0.006786339754816113,0.0009408244373142792,-0.002378849963122852
2998,2748,2288,0.0026223776223776234,0.006206386065629891,0.002380541904195229,-0.005638111888111887,0.0027620276159556977,-0.0028816904981067465
2999,2748,2269,0.0025561921551344206,0.007081436987356419,0.0027996590747944145,-0.004054649625385633,0.00430817108161923,-0.0016136243005837089
3000,2748,2293,0.003139991277802006,0.00828493478721509,0.0004486930106571171,-0.004753597906672482,0.0028754296501921984,-0.004621615304180242
3001,2748,2254,0.010115350488021297,0.008343457189478784,0.006831168946090106,-0.005811889973380656,0.00023218054548663315,-0.003188151613654231
3002,2748,2294,0.005405405405405406,0.004875273944333386,0.0034552517028991776,-0.005231037489102006,-0.000221308129645434,-0.0037780338715504456
3003,2748,2272,0.0076584507042253515,0.007645261142719987,0.005490734860636828,-0.003873239436619719,0.004648422102345275,-0.001247894345100696
3004,2748,2259,0.008853474988933156,0.005968583027006745,0.0049695373452974916,-0.00314298362107127,0.0006553458072610191,-0.0029355920421349634
3005,2748,2271,0.007573756054601499,0.008552773596050275,0.006545085537028202,-0.0017173051519154556,0.0051385986265596465,0.0015402183971100073
3006,2748,2282,0.0036809815950920245,0.004309146475969431,0.0027877687370861386,-0.0007449605609114819,0.004470296842708487,0.0006357174540475998
3007,2748,2290,0.010043668122270743,0.010730776594089535,0.006226896635891439,-0.0034934497816593887,6.219064589545939e-05,-0.002967433832789812
3008,2748,2261,0.012737726669615215,0.008446962364799401,0.008760928913206251,-0.0050862450243255196,0.0020816306223613037,-0.001962238175110232
3009,2748,2284,0.009019264448336253,0.008330685022649408,0.006813793137487156,-0.005297723292469353,0.0032579096568066215,-0.0022867245873918075
3010,2748,2291,0.01030117852466172,0.01041433428027801,0.007962533363622517,-0.00392841553906591,0.0013240863647868942,-0.0017297680764985289
3011,2748,2274,0.006596306068601584,0.004688993385073992,0.0044964240647239265,-0.006420404573438875,0.0013310702756610115,-0.0039397271612813
3012,2748,2259,0.006108897742363878,0.004711564386602766,0.0028701006528295487,-0.005931828242585215,0.0021714242971040253,-0.004737751273589303
3013,2748,2289,0.008213193534294451,0.007877801487210656,0.0064277416986845085,-0.0025775447793796426,0.002482822000585969,-0.0007424414688950599
3014,2748,2302,0.009904430929626411,0.010142577812184691,0.009744859970126724,-0.0035186794092093836,0.002740716122460428,0.00036085402255439485
3015,2748,2291,0.006460061108686164,0.004153289522993927,0.003110894413953955,-0.005237887385421213,-0.002528984484863754,-0.005152150341031539
3016,2748,2278,0.010886742756804214,0.01064823966148238,0.008477768765371537,-0.002985074626865671,0.003289662968397373,-0.0004634986508759836
3017,2748,2256,0.00877659574468085,0.00809264551898544,0.006832200964097073,-0.0031471631205673765,-0.00042793371402230387,-0.0016383143835467355
3018,2748,2248,0.006761565836298933,0.007224504305341876,0.005238972183293217,-0.00653914590747331,0.00027487200118968275,-0.003611191960109751
3019,2748,2276,0.00922671353251318,0.009198674069130672,0.005853380632213336,-0.002416520210896309,0.0007190143204110336,-0.0019331439311968228
3020,2748,2286,0.010586176727909012,0.009325660406747135,0.00756856039538397,-0.0004811898512685918,0.002467547905730799,0.00036696459378228436
3021,2748,2290,0.004716157205240175,0.0057987316569462904,-0.0001559970307585221,-0.005938864628820961,-0.002996201473586796,-0.007291392309997373
3022,2748,2248,0.00702846975088968,0.009104518809368481,0.004086815542718425,-0.007250889679715303,0.001281003347621842,-0.005551663642811273
3023,2748,2282,0.006397896581945663,0.007761547755566858,0.0022001188641253455,-0.004031551270815074,0.0012668806736441279,-0.004397185944482342
3024,2748,2258,0.0016829052258635964,0.004268776624418482,-0.003455460094567549,-0.0059344552701505755,0.0020151732888939616,-0.007316072946721409
3025,2748,2275,0.006417582417582417,0.009522708944732524,0.005051556411278176,-0.004527472527472528,0.0028288797292297494,-0.0025405818314875937
3026,2748,2275,0.008879120879120881,0.007535865559811452,0.003144013309519159,-0.006461538461538461,0.0007289351271934187,-0.006294888259284963
3027,2748,2321,0.010685049547608788,0.010024395382287436,0.010467326774559136,-0.0023696682464454982,0.0022823409963206574,0.0012659942229565294
3028,2748,2265,0.010154525386313467,0.008672098262354872,0.008423036553574884,-0.0018543046357615898,0.0025590152272346968,-0.00011674947875526077
3029,2748,2259,0.003895528995130589,0.004356769375193815,0.0016774222387337227,-0.0029216467463479413,0.002867476297884861,-0.0028088286408025367
3030,2748,2300,0.005999999999999998,0.007008042554603394,0.0029874073219220195,-0.000478260869565216,0.0045073316926151205,-0.0006544857290511331
3031,2748,2314,0.004753673292999134,0.005766518248872347,0.0037958206919581927,-0.003457216940363008,3.290617557413372e-05,-0.0018663223165790326
3032,2748,2281,0.005260850504164838,0.005926698263591333,0.002306344829857876,-0.006049978079789567,-0.001860607561209865,-0.005688161411003941
3033,2748,2306,0.007892454466608847,0.00801082295863741,0.007348539046970241,-0.003989592367736341,0.0028553219229307506,-0.0003097752957784019
3034,2748,2270,0.008634361233480176,0.007164070409887496,0.0032411170258097787,-0.003480176211453743,0.002827849698965941,-0.004043780619725698
3035,2748,2290,0.011790393013100437,0.009541321452349353,0.008250739146157897,-0.007685589519650654,0.0012046267592741519,-0.005140956416764734
3036,2748,2262,0.007427055702917774,0.0063977771155050624,0.004581879167889087,-0.007692307692307694,0.0007060010424981554,-0.005862256531076265
3037,2748,2279,0.007634927599824484,0.007829564014692581,0.005854975801317721,-0.0029837648091268097,0.005254379107797688,4.537674905391421e-06
3038,2748,2291,0.008904408555216061,0.007445147711215026,0.004523920036930031,-0.005543430816237452,-0.0023643547874197305,-0.005173679350056128
3039,2748,2276,0.007644991212653778,0.008688244621924027,0.006574021101376457,-0.003119507908611599,0.006008564599879889,0.0003850469810031791
3040,2748,2246,0.009260908281389136,0.009607365055493275,0.005098956444921435,-0.002404274265360641,0.0037949901304181635,-0.0025551308559492916
3041,2748,2267,0.00141155712395236,0.005954356662915304,0.0019184085452433706,-0.004014115571239524,0.003507015449445527,-0.0012537471259119481
3042,2748,2288,0.008041958041958041,0.008579850261136134,0.007569375929890336,-0.0020541958041958054,0.002499189786576796,0.0010877607787654073
3043,2748,2292,0.003315881326352531,0.00472673552155954,-0.0024151229970015026,-0.004450261780104713,-0.0009878770610165484,-0.007083288537127595
3044,2748,2260,0.010973451327433627,0.00921526075645978,0.010516117367006163,0.00013274336283185793,0.006562455481030462,0.004094341430075822
3045,2748,2260,0.009026548672566371,0.01065594555442993,0.006842729722051902,-0.004601769911504424,0.004256850578824452,-0.001474301128841082
3046,2748,2286,0.010148731408573928,0.009558561225876961,0.006465027488676871,-0.004024496937882765,0.003934039314071088,-0.001979753658244462
3047,2748,2256,0.008333333333333333,0.004159419835102146,0.004682651934037058,-0.005452127659574469,0.0008233174063593416,-0.004038548093521775
3048,2748,2273,0.009678838539375276,0.0080270966220338,0.0046747236792792695,-0.0006599208095028594,0.000646613273661737,-0.002057910904703971
3049,2748,2243,0.008738296923762816,0.0098183183818685,0.005837566086315914,-0.0050378956754346844,0.0022469646484274738,-0.0030961706592301224
3050,2748,2318,0.0058671268334771366,0.007248337432146553,0.004406107532047022,-0.0035375323554788607,0.0032328576235335156,-0.0015341885551438013
3051,2748,2249,0.008981769675411295,0.010150444956062961,0.005258492338673197,-0.0018230324588706086,0.004808374925250816,-0.0008575720825548965
3052,2748,2289,0.005329838357361293,0.004256459238170925,0.000919091881831594,-0.0034949759720401923,0.0024976418774704263,-0.0041953625269123915
3053,2748,2270,0.009427312775330399,0.009897341253572892,0.00753807549697443,-0.002290748898678412,0.0027036882978507698,1.3838805141948498e-05
3054,2748,2288,0.012587412587412588,0.009689641057877754,0.011769820991515587,-0.0047639860139860124,-0.0016202216601607562,-0.0010569840552267945
3055,2748,2235,0.010559284116331096,0.010664743749198444,0.009756480793723913,-0.0068456375838926165,0.0007874244756106884,-0.002066498779059932
3056,2748,2266,0.0088261253309797,0.007982052917106592,0.005539675323621552,-0.0028684907325684027,0.0019919566201265127,-0.00247167527040186
3057,2748,2247,0.006319537160658655,0.006209231628109811,0.0022656094658773554,-0.004628393413440143,0.0011901333183372239,-0.005049126191974005
3058,2748,2260,0.006548672566371681,0.005126837458883331,0.003873208375821829,-0.0029646017699115055,0.0021768537217244375,-0.00189277506206733
3059,2748,2249,0.007381058248110272,0.00830109904948369,0.00662529794212902,-0.004001778568252557,0.0036818692647243995,-0.0006158906097377156
3060,2748,2305,0.00702819956616052,0.008928889810803507,0.005676059191773353,-0.0065075921908893716,0.0029015931699927725,-0.003642256337912288
3061,2748,2265,0.011125827814569538,0.01025813586802494,0.005400928686608638,0.0002207505518763786,0.005202957951578108,-0.0005587316710255213
3062,2748,2272,0.005721830985915493,0.007006837312027809,0.0037200005662762553,-0.005017605633802818,-0.00028799941193856154,-0.003949513551189919
3063,2748,2262,0.013969938107869142,0.009296948986498025,0.009668429417070797,-0.0030946065428824054,0.0026532693036303186,-0.0005105467949071323
3064,2748,2271,0.007837956847203875,0.011119209409170673,0.007363801349430542,-0.005460149713782475,0.003469431786394309,-0.001565499514703782
3065,2748,2273,0.013198416190057193,0.010909895420810157,0.009539655883504087,-0.002815662120545534,0.002941207700678617,-0.0013446682883980232
3066,2748,2269,0.011546936976641692,0.009585332043884648,0.005934014607925802,-0.004098721903922432,0.003589317315077256,-0.0030148619532718536
3067,2748,2295,0.006971677559912854,0.006655969896635061,0.0033609531590362454,-0.0054901960784313735,0.001521325424218678,-0.004760068417469107
3068,2748,2254,0.0075421472937000885,0.010685560208330676,0.008281392546593259,4.4365572315882714e-05,0.0047186488636432955,0.0030612980604519855
3069,2748,2261,0.00796107916850951,0.00919163444167207,0.006466435349911499,-0.004909332153914196,0.003017547689179097,-0.0024411110099217216
3070,2748,2298,0.0046127067014795475,0.006226036681367671,-0.0014863442873560707,-0.004003481288076589,0.0032737896050453043,-0.0059679129457770345
3071,2748,2278,0.00588235294117647,0.005650502360695053,0.0024328158420126324,-0.004082528533801582,0.002116085050522955,-0.003889208470563799
3072,2748,2289,0.010484927916120577,0.009724823602659664,0.008432282653452933,-0.004062909567496725,0.0007588879043901204,-0.0008420158130221566
3073,2748,2282,0.011568799298860647,0.009977955867045646,0.008160269496739281,-0.004163014899211219,0.0024216734792766067,-0.002060751654881982
3074,2748,2312,0.007958477508650518,0.007256602557645373,0.007369573650172572,-0.005017301038062283,-0.0033688547224615733,-0.0030591909837056085
3075,2748,2301,0.008518035636679706,0.008485530244888491,0.005826069400805382,-0.0064319860930030425,0.0012507574584804664,-0.003452358599966702
3076,2748,2300,0.00817391304347826,0.00867185430409941,0.004447222410390665,-0.004391304347826088,0.0013543847668544243,-0.003040036534307153
3077,2748,2293,0.007849978194505015,0.00842121770564241,0.0063766803658458,-0.0053641517662450944,0.0011951390196507697,-0.002619831820405868
3078,2748,2304,0.009722222222222222,0.012786429905809787,0.009898586212385325,-0.0029947916666666677,0.00425897557858787,0.0013726574647964255
3079,2748,2300,0.008956521739130436,0.0033428099629678556,0.006947787904118065,0.0011304347826086966,0.005317133933146361,0.0024520059873625565
3080,2748,2288,0.006555944055944056,0.00947580831643461,0.0034705819794660538,-0.0029283216783216794,0.002055424162843983,-0.002509771651958093
3081,2748,2303,0.01059487624837169,0.008300261302600781,0.008660955614505186,-0.002865827181936605,0.0036224603216606518,-0.0002865741089011154
3082,2748,2277,0.009837505489679401,0.008113833106478298,0.004808135028563197,-0.006763285024154589,0.0007744002121212032,-0.005454426495700735
3083,2748,2300,0.008,0.00578819167217292,0.004455824092112416,-0.005391304347826088,0.0006586217912447901,-0.0040841814781693376
3084,2748,2302,0.00947002606429192,0.008697793171668302,0.005106596756933525,-0.0050390964378801036,0.0026889804269643446,-0.003375432252836436
3085,2748,2248,0.009875444839857653,0.009455980249515447,0.010258543032605285,-0.006316725978647687,-0.0011613385016395212,-0.0015595073548263425
3086,2748,2269,0.0049360951961216395,0.007502807385737183,0.004420057492736783,-0.005244601145879242,0.0038320701229967694,-0.0023027382621851116
3087,2748,2257,0.010456357997341605,0.010567047258243981,0.006794203921408771,-0.00673460345591493,0.003223107074511231,-0.004064080479208326
3088,2748,2309,0.0055435253356431345,0.008088916996628448,0.0035394984216333626,-0.006582936336076224,0.0020921026840296296,-0.004054006738993268
3089,2748,2295,0.006797385620915033,0.005870453673059373,0.005994775768738489,-0.0015686274509803932,0.0016851841127728377,0.00034836491279509606
3090,2748,2289,0.005242463958060288,0.004586167762725159,0.000650860494982416,-0.004805591961555264,0.0010524229687745624,-0.005489399118284404
3091,2748,2257,0.006025697828976517,0.006138555738371213,0.0026529585928815663,-0.0008861320336730164,0.00639934689863194,-0.0005781302459625471
3092,2748,2286,0.010761154855643044,0.011544702177478935,0.009335223155050885,-0.004286964129483815,0.0026604784717865182,-0.0008747844058310874
3093,2748,2255,0.004966740576496675,0.008679568768986883,0.0031258010465330384,0.0006208425720620843,0.005939499318178873,0.0012257394543798584
3094,2748,2288,0.006993006993006993,0.008827868724275049,0.0038569075572597827,-0.00423951048951049,0.003038729286884446,-0.002921095376376928
3095,2748,2274,0.010905892700087953,0.006583427023297826,0.00827972822580212,-0.0002198768689533859,0.005833524662112112,0.0012513581729718956
3096,2748,2257,0.008152414709791759,0.007269416927075063,0.0055540623858446915,-0.005538325210456357,0.0019957337577654576,-0.0032781801005953622
3097,2748,2274,0.012313104661389622,0.008338243853811354,0.0071754277829893,-0.0032102022867194374,-6.21446067064283e-07,-0.002721671487206626
3098,2748,2274,0.0021987686895338617,0.004725213802028058,0.0009422163160140871,-0.007651715039577836,0.0034800557265746795,-0.004917782793609238
3099,2748,2255,0.01197339246119734,0.009011173731190852,0.008778430245231308,-0.002572062084257207,-0.002180278301553891,-0.001930673101798537
3100,2748,2269,0.008285588364918465,0.005873527490711101,0.003503300497966216,-0.0038342882327016313,0.002000964359391854,-0.003881635370872536
3101,2748,2300,0.0068695652173913066,0.006370644964451014,0.005661156158494634,-0.0024347826086956537,0.004139028787144829,-0.0005572341558810861
3102,2748,2312,0.006920415224913497,0.007751828679880211,0.003434373065001255,-0.0047145328719723194,0.0023735670092077527,-0.003916510593042174
3103,2748,2230,0.012735426008968612,0.008923474972017766,0.007279507847527592,-0.002242152466367713,0.00350358563634605,-0.0011610364883092056
3104,2748,2233,0.010568741603224362,0.009785917440958523,0.008813251815339087,-0.0036721898790864297,0.006135762532868251,0.0003370385356370066
3105,2748,2269,0.00881445570736007,0.008313784388829399,0.006852090857826611,-0.005509034817100044,0.0011397543123971962,-0.00285836392856238
3106,2748,2278,0.0036874451273046518,0.004369725442889827,0.0016145662868448892,-0.004741000877963126,0.000972709702826963,-0.003999581147893627
3107,2748,2260,0.01247787610619469,0.007884530960590152,0.008477707830273969,-0.006548672566371681,0.0027252621876703606,-0.0028462732805409658
3108,2748,2246,0.00854853072128228,0.007327018268895569,0.0073536106578182235,-0.006411398040961709,0.0007550066517058786,-0.0027659837416627742
3109,2748,2295,0.010806100217864923,0.007079447893962029,0.00810421920122938,-0.004226579520697167,0.0009722020552714917,-0.0022274014318418144
3110,2748,2271,0.009158960810215763,0.005368639303300833,0.006609685803757157,-0.00726552179656539,-0.000670617154048239,-0.004429009641125532
3111,2748,2260,0.012831858407079648,0.009328213299470653,0.008533257906717629,-0.003805309734513275,0.004178005586825498,-0.0012658881982815233
3112,2748,2260,0.012035398230088494,0.008872016609699662,0.006609440646035833,-4.424778761061951e-05,0.007259040344959689,0.0005489418978929293
3113,2748,2268,0.011904761904761904,0.00785262878640488,0.007357827057493234,-0.0015432098765432109,0.004895922644424638,-0.0001975458817717777
3114,2748,2288,0.0055944055944055935,0.006813290885538337,0.004615005699623494,-0.007167832167832169,-0.000721366642710985,-0.004263192956185178
3115,2748,2268,0.004585537918871252,0.0035388193208269188,0.0030081932858752164,-0.005511463844797178,-0.0014539754651593261,-0.004006569597882548
3116,2748,2235,0.00912751677852349,0.006875612708636083,0.008026565539203289,-0.0025503355704697976,0.0028114461503390862,0.0006807984257902803
3117,2748,2306,0.01023417172593235,0.008457045213164111,0.007203840716408729,-0.005464006938421509,0.0036473317753517374,-0.002702530098640067
3118,2748,2282,0.007624890446976336,0.009643439910881632,0.003447218046046106,-0.0048641542506573186,0.0011235396236202206,-0.0046986270343612685
3119,2748,2295,0.01298474945533769,0.009889444466512264,0.010302956653454695,-0.004575163398692811,0.003944938787139895,-0.0009881187795005176
3120,2748,2322,0.007665805340223944,0.004029107661601897,0.004436341370800138,-0.0070198105081826,-0.0036926639602558706,-0.006258788744798923
3121,2748,2306,0.009540329575021683,0.009118009925763969,0.005791798057862466,-0.0037294015611448387,0.005625091700427212,-0.0025027934205113732
3122,2748,2249,0.007647843485993774,0.009411554546869315,0.006865868448582157,-0.004135171187194309,0.0035876948236129545,-0.0001215864500443485
3123,2748,2276,0.008875219683655537,0.011435189932950297,0.00848466083161113,-0.00461335676625659,0.0027092596381229407,-0.001126695157428088
3124,2748,2299,0.005828621139625924,0.009656015736247683,0.004746710511784843,-0.005524140930839497,0.004468178893215404,-0.0026212116562154765
3125,2748,2254,0.013220940550133098,0.011156039300648214,0.008731004212944017,-0.00261756876663709,0.0017496409364090775,-0.001720126818959217
3126,2748,2289,0.008737439930100482,0.008110609007778382,0.009428133447589058,-0.005897771952817826,0.0037667085306226514,-0.00013093868778520025
3127,2748,2275,0.009582417582417582,0.008585896872794626,0.008821424911131527,-0.005714285714285713,0.0004364520017000424,-0.0013491119380614626
3128,2748,2301,0.0009561060408518032,0.005359052895776985,0.00010035122813312642,-0.0034332898739678395,0.0037193207240178595,-0.002497856042970444
3129,2748,2307,0.008149111400086693,0.009379111455703113,0.006440237675953583,-0.002297355873428694,0.0081029826774523,0.0005676072789990732
3130,2748,2291,0.008467917939764294,0.007767058752228443,0.0025453955904524623,-0.0037974683544303796,0.0014395155544306482,-0.0043392465004778984
3131,2748,2283,0.007271134472185721,0.006173362941037899,0.0046954250370889895,-0.001927288655278143,0.0007156016513931041,-0.0013805083568320202
3132,2748,2289,0.009174311926605505,0.006736155218086017,0.006972418771248131,-0.00415028396679773,0.0020377635435019224,-0.001629926542667834
3133,2748,2278,0.009482001755926252,0.007571194857077369,0.008783854750517838,-0.0037752414398595263,0.00220928548039507,0.00029879247032406066
3134,2748,2294,0.01081081081081081,0.009837237433982881,0.006446050463362075,-0.0042720139494333035,0.002756961937918212,-0.0031163553064527637
3135,2748,2251,0.00986228342958685,0.005586986479788144,0.006743108958312224,-0.005064415815193248,0.0035842813669211254,-0.0029859239533026245
3136,2748,2297,0.010100130605137135,0.0039351725046614565,0.004202228909440953,-0.0035263387026556385,-0.0005529599336964944,-0.00441366397564474
3137,2748,2292,0.009424083769633508,0.007480738302535006,0.00703267117279553,-0.002356020942408377,0.0024584148512260483,-0.0010887408555136976
3138,2748,2256,0.007978723404255319,0.006837110196608713,0.006405067708195097,-0.005629432624113475,-0.0012466268969055225,-0.003496319479122924
3139,2748,2260,0.00504424778761062,0.00777339533081185,0.002938378323453586,-0.005442477876106195,0.0007342377211904576,-0.004410795543279808
3140,2748,2290,0.01170305676855895,0.00836056999197625,0.009751974874154575,-0.0012663755458515297,0.0051896915904698065,0.0019332567829735763
3141,2748,2257,0.013823659725299071,0.008684857111445248,0.010995226804790894,-0.003278688524590164,0.0018004632162259176,-0.00037968879121226643
3142,2748,2278,0.012028094820017559,0.007986144055377271,0.007115797382140074,-0.004214223002633889,0.0014869738544873055,-0.002663491831253291
3143,2748,2250,0.007199999999999998,0.009986070847296576,0.006386196076228095,-0.0035111111111111116,-0.00024301750515723301,-0.0014190176685023065
3144,2748,2287,0.005159597726278969,0.008269122107404442,0.0052099059770995245,-0.003017052907739396,0.004768131784935838,-0.00032339545363875804
3145,2748,2244,0.007219251336898396,0.005370050230620731,0.00402598860777167,-0.005303030303030304,0.0020202729010716717,-0.004206122962345789
3146,2748,2273,0.007215134183897933,0.007451563076430341,0.003558578576554606,-0.005499340079190497,0.002092821506411828,-0.004426935462263325
3147,2748,2275,0.011780219780219783,0.009062254499773914,0.01091887349249505,0.00035164835164835126,0.0036758772654387926,0.003145339079254374
3148,2748,2264,0.009628975265017669,0.007790639325502536,0.005135564944337146,-0.002871024734982332,-0.00027699163963771213,-0.002770841587182068
3149,2748,2313,0.009424989191526158,0.009206773868534735,0.007583543045956538,-0.0015996541288370086,0.004367271824529589,0.0009785071294789607
3150,2748,2311,0.009173517957594116,0.007020840493593398,0.006350557355144507,-0.003245348334054521,0.0005901783097224932,-0.0018497844218763294
3151,2748,2296,0.008885017421602788,0.006486352691816081,0.0062923587494988125,-0.0032229965156794424,0.0034607236753128826,-0.001259830574129721
3152,2748,2263,0.012726469288555017,0.008872507082787728,0.008471476066031772,-0.0054794520547945215,0.0018507709260897898,-0.0028545797923886286
3153,2748,2264,0.0077738515901060075,0.002489028204226299,0.0038952409566596308,-0.002606007067137808,0.0005769844571661445,-0.0025870671667434387
3154,2748,2305,0.011453362255965294,0.010322908334973324,0.008335195259926126,-0.002689804772234274,0.0063728571489962745,0.0002526727806869632
3155,2748,2287,0.006209007433318758,0.003674408376529672,0.004767854757424971,-0.006558810668998689,-0.00011312467981479184,-0.0037579816177873847
3156,2748,2274,0.009410729991204925,0.010083024923902527,0.008231104962561919,-0.002154793315743184,0.004907139683100183,0.0006654246165390574
3157,2748,2279,0.012198332602018429,0.011502986934900893,0.008842335797695031,-0.005353225098727512,0.0022248534294722583,-0.002446277591703818
3158,2748,2272,0.004313380281690141,0.005989787673217432,0.0013953305087103245,-0.005941901408450706,0.0032961147959210202,-0.004374579885178431
3159,2748,2250,0.00977777777777778,0.00947426836183102,0.006286343720657829,-0.0008444444444444443,0.005625336076779016,0.00011089416873347287
3160,2748,2265,0.007328918322295807,0.007242101301585237,0.005030628323693697,-0.0026048565121412804,0.004410571317262078,-0.0008907159264169679
3161,2748,2272,0.005545774647887325,0.007993686077260944,0.0037476143442339645,-0.00682218309859155,-0.00039294112408864035,-0.004691830234861502
3162,2748,2278,0.004916593503072871,0.005770797986771258,0.004744972658837882,-0.004521510096575945,0.0031521328748652703,-0.0014104565158769796
3163,2748,2294,0.011246730601569312,0.010715980642383821,0.008966524365295308,-0.005100261551874455,0.0017198243374552964,-0.001892400726636954
3164,2748,2260,0.009823008849557521,0.005865714795974667,0.006306315277224564,-0.0026106194690265487,0.0007550132475950253,-0.0010677574752784647
3165,2748,2291,0.009777389786119597,0.005248756976012057,0.0063522525230518745,-0.004757747708424269,0.001637778262361968,-0.0028749942810513433
3166,2748,2279,0.010969723562966213,0.009856121379731334,0.010591410668998581,-0.0051338306274681875,0.0009901859107233802,-0.0006287116335588089
3167,2748,2335,0.006680942184154175,0.006997295682270589,0.00537035973568002,-0.005010706638115632,0.0012207825774843092,-0.002413093471646973
3168,2748,2292,0.010383944153577664,0.00848095359767911,0.0107626503550276,-0.006500872600349041,-0.000495332495676784,-0.0010238342358961454
3169,2748,2256,0.00726950354609929,0.007094625665468705,0.006051407983332497,-0.005452127659574468,-0.001900404511262514,-0.0036950299454140026
3170,2748,2272,0.010123239436619719,0.010353242965087446,0.009208329688673323,-0.0058098591549295775,0.004598271130392223,-0.0008550122878985987
3171,2748,2306,0.008933217692974848,0.011694249333147484,0.005788317922588804,-0.003425845620121423,0.004066962304821773,-0.0020632179844931884
3172,2748,2290,0.012489082969432314,0.009180731761423578,0.008897113587636186,-0.0006113537117903931,0.004318800625908578,0.0003715987520946204
3173,2748,2287,0.011106252732837779,0.011146923062160334,0.008249609480819611,-0.0007433318758198517,0.0026976764446590756,0.0003299328271831567
3174,2748,2275,0.0050109890109890105,0.007628859244988409,0.004811536745823621,-0.004703296703296703,0.004475597065161597,-0.0012360201156330886
3175,2748,2285,0.011291028446389495,0.00783159051673223,0.009310004326259478,-0.004989059080962801,0.0020991331048494503,-0.0012265805131456893
3176,2748,2297,0.012973443622115803,0.008572245337123778,0.011327731708033464,-0.00452764475402699,0.005321689914794617,0.0003294453531227561
3177,2748,2255,0.004878048780487805,0.008880665021980106,0.0025504820697751663,-0.006518847006651885,0.002156785293779584,-0.004401721595288202
3178,2748,2287,0.013467424573677306,0.01198020744037884,0.011088432409621875,-0.00625273283777875,0.0020253188148477664,-0.0019089759324753895
3179,2748,2270,0.011365638766519822,0.010752147071424575,0.008863584786716559,-0.00656387665198238,0.001713371368544246,-0.0030709145756696136
3180,2748,2268,0.005643738977072311,0.008116085037212601,0.003176861679170811,-0.0014550264550264552,0.003291373752992699,-0.0014472001201792336
3181,2748,2236,0.01189624329159213,0.006471697761842094,0.006478920075115281,-0.007245080500894455,0.0012133950928528807,-0.005116906682792854
3182,2748,2271,0.005195948921180098,0.007560653302663359,0.003108879427662556,-0.004975781594011449,0.0015748429074096766,-0.003273476271217787
3183,2748,2228,0.007899461400359065,0.009049206546398104,0.006132688731748904,-0.004353680430879714,0.0027102270860499904,-0.0016830342664330398
3184,2748,2276,0.009314586994727592,0.0070570514959000024,0.007068326167029647,-0.0031634446397188053,0.0019206710299450674,-0.0010690314518631502
3185,2748,2315,0.006047516198704104,0.006797488203004867,0.0030049129668217314,-0.0033261339092872577,0.004042231063369241,-0.002620761878140763
3186,2748,2219,0.005137449301487156,0.006361107390757944,-0.0009467485827363469,-0.005858494817485354,0.0038133610276917737,-0.006407108386039597
3187,2748,2307,0.0051148677936714345,0.006176913323173429,0.0048190090173044434,-0.0030342436064152586,0.0027264031932292053,-0.00040968469213826126
3188,2748,2271,0.011977102597974462,0.007250626160750507,0.008687680384244265,-0.001012769704975782,0.0021157195550752204,1.4971256538224593e-06
3189,2748,2259,0.007259849490925187,0.008107769745302766,0.00653806068407645,-0.004913678618857903,0.0013901344394215847,-0.002203742827085921
3190,2748,2294,0.008631211857018307,0.00894439167484836,0.0054377567194836655,-0.004272013949433305,0.0038354914263859477,-0.002454564788728641
3191,2748,2273,0.0076550813902331715,0.006743047870524089,0.006665908616363953,-0.00409150901891773,0.002314592550359968,-0.0009851752818738377
3192,2748,2263,0.008484312859036678,0.012491875233888446,0.007262622802855653,-0.004418912947414936,0.005950655751492817,-0.0012728597106554775
3193,2748,2274,0.009938434476693053,0.008628407062372473,0.004567923322316093,-0.004925241864555848,0.002111529821053872,-0.004549477641644614
3194,2748,2265,0.006181015452538631,0.0065607578428671575,0.0038620707398955493,-0.007064017660044152,0.00017702963762490734,-0.004716141117433094
3195,2748,2278,0.009306409130816505,0.008422874501427447,0.004395670518024281,-0.005926251097453907,0.0014057556753731108,-0.0047610460473352465
3196,2748,2287,0.00874508089199825,0.006674299079174499,0.005379049175532113,-0.0042850896370791435,0.0021899412624615247,-0.0027872475120298734
3197,2748,2295,0.009498910675381264,0.0072334882436921035,0.009388054908775714,-0.004967320261437908,0.0021408720062144615,-0.00019465807584607284
3198,2748,2283,0.01305300043802015,0.010654063918723585,0.0075675694753096915,-0.0027595269382391587,0.005247906719019436,-0.0008561889851304579
3199,2748,2268,0.00396825396825397,0.006480648221055231,0.000551349685617319,-0.0049823633156966494,0.003922826612951991,-0.0037880080986156233
3200,2748,2276,0.01063268892794376,0.006390309775470831,0.009086534671387765,-0.00030755711775043996,0.0014880629492767246,0.0013586719202893739
3201,2748,2274,0.011257695690413369,0.01000112565275159,0.004910968816970705,-0.0021987686895338612,0.004019990736803279,-0.0023954151793604693
3202,2748,2289,0.010135430318916559,0.010127555921963563,0.0062731032781296854,-0.0007426823940585412,0.006311502417041097,0.00042259351656723004
3203,2748,2281,0.009995615957913196,0.008520611220489305,0.008783286199542146,-0.004603244191144235,0.004144932899060626,-0.0004928243943947368
3204,2748,2275,0.012043956043956045,0.011188292462956769,0.0072905353555284096,-0.006725274725274725,0.0040864810324680425,-0.004212878506203365
3205,2748,2314,0.007000864304235092,0.007984527203210422,0.003881922230291747,-0.005315471045808125,0.004292338239173728,-0.0031933277592018335
3206,2748,2246,0.011754229741763135,0.009905359662249442,0.006617018288355172,-0.007123775601068568,0.002278104847779331,-0.004795919913206987
3207,2748,2280,0.011578947368421052,0.010685156203877387,0.006885324378719614,-0.0026754385964912293,0.0037890638761537802,-0.002108187603106479
3208,2748,2260,0.008938053097345133,0.006297530173321506,0.004941190228871959,-0.0007964601769911504,0.002483302431819808,-0.0006270983591568466
3209,2748,2301,0.011125597566275533,0.011152740479158057,0.005883962818319495,-0.0023033463711429818,0.0035676651316244395,-0.0021972119003007334
3210,2748,2294,0.006015693112467306,0.005630664955521267,0.003791429838916065,-0.004838709677419355,0.0002752131305765845,-0.0035381343149265246
3211,2748,2293,0.0068033144352376805,0.007132647025032059,0.0055097817308680545,-0.0022677714784125605,0.0027959845010164545,-0.0006682336880483341
3212,2748,2252,0.006571936056838366,0.006694493832770001,0.0032043169405453586,-0.0019538188277087036,0.0059770796816254,-0.000998988139272839
3213,2748,2284,0.005078809106830124,0.008639435686174418,0.003411767925002626,-0.002583187390542906,0.00420974309035159,-0.0010590563462719727
3214,2748,2274,0.010905892700087953,0.013247252609971422,0.011316158062591784,-0.0033861037818821455,0.004566369377439727,0.0021453876631158343
3215,2748,2245,0.010066815144766147,0.011512837001918037,0.007930961607552774,-0.0055233853006681505,0.001280742179391883,-0.002616881871992647
3216,2748,2326,0.005245055889939812,0.005329502503095735,0.0015379732807316293,-0.005288048151332761,0.0014592914349699506,-0.004804216360011581
3217,2748,2294,0.004795117698343505,0.005578937707543248,0.004695218594687789,-0.005928509154315605,-0.002080713915366758,-0.0033728171634777562
3218,2748,2269,0.007580431908329662,0.008567395222274485,0.005338343922243183,-0.004803878360511238,0.004961944051826171,-0.0021323931973345135
3219,2748,2318,0.005867126833477136,0.006906003963189095,0.0052327666990517035,-0.003408110440034513,0.0019632213572040504,-0.0004135180495302543
3220,2748,2290,0.012663755458515284,0.008623947487860243,0.010594639499128483,-0.0018340611353711788,0.0021382232672618267,0.0010509902005358803
3221,2748,2269,0.009078889378580873,0.006567590347678684,0.005309409654272609,-0.002996914940502425,0.0040409459647214345,-0.0012623862867187946
3222,2748,2260,0.011858407079646019,0.008592980673386931,0.006758986552377787,-0.0048672566371681415,-0.0015057395072641153,-0.004064741865289506
3223,2748,2290,0.0057641921397379925,0.0069652367638701265,0.005037578269661814,-0.0069868995633187774,0.0025135570860148576,-0.0028840447696508683
3224,2748,2269,0.006963420008814456,0.008819856464697167,0.0035343172452272924,-0.004230938739532835,0.0035281541410843776,-0.003307066734928844
3225,2748,2276,0.007908611599297012,0.010807515120373477,0.0029801301767796965,-0.005931458699472761,1.7741760070171456e-05,-0.006236235952519777
3226,2748,2282,0.012971078001752847,0.00754501029457111,0.00833912871930406,-0.006222611744084137,0.0005611020146297934,-0.004057208626082428
3227,2748,2256,0.008421985815602837,0.006156796225046702,0.004678501775189703,-0.004299645390070923,0.0004715642836995189,-0.003988115794592064
3228,2748,2262,0.012201591511936342,0.009680297660164656,0.00953117515123815,-0.00048629531388152063,0.003767803436125605,0.0017026699104221717
3229,2748,2278,0.008428446005267778,0.006837162547206769,0.0037569221895128913,-0.007374890254609307,0.0005646813121992369,-0.0060871409555370605
3230,2748,2307,0.01222366710013004,0.010818901395876598,0.0065320716541720615,-0.0026007802340702216,0.004084423843084514,-0.0020233159566499293
3231,2748,2275,0.00712087912087912,0.007094708431951652,0.0003897150231053693,-0.007340659340659339,-7.680695367971545e-05,-0.008258681370349566
3232,2748,2304,0.00859375,0.00815117560894242,0.006047796348973031,-0.0046006944444444454,0.0017699597583612893,-0.0024307787980535297
3233,2748,2242,0.010437109723461195,0.006770953123100422,0.0067379284548153345,-0.003969669937555753,0.0057148722454652,-0.0011327031544355283
3234,2748,2265,0.00512141280353201,0.009715581655096587,0.004162564080027479,-0.00706401766004415,-0.0003028096230826869,-0.004490239004355127
3235,2748,2262,0.004686118479221926,0.005873370406686631,0.002893797965013699,-0.005260831122900089,0.002976374090328975,-0.0031339671945609664
3236,2748,2272,0.00897887323943662,0.008532289309057558,0.006708329873224771,-0.004225352112676057,0.0022835327217169683,-0.002091667138993859
3237,2748,2267,0.008645787384208207,0.007673190045898753,0.00719394993444468,-0.0042787825319805925,0.0032563830261186305,-0.0010059685536885775
3238,2748,2281,0.01017097764138536,0.009432867971744016,0.006476990783754257,-0.00039456378781236353,0.004942560997382377,0.0003333276910031468
3239,2748,2286,0.007699037620297463,0.008774291967378535,0.0064431972691156685,-0.004330708661417323,0.000942286489104378,-0.0017829969045071615
3240,2748,2289,0.010484927916120577,0.008807882830295776,0.00942295980032638,-0.005941459152468326,0.0024948359824864567,-0.001337419063517218
3241,2748,2274,0.007563764291996483,0.0069826895071697865,0.005103037392672327,-0.0008795074758135435,0.0020188189887720754,-0.0001905605980556598
3242,2748,2302,0.006516072980017377,0.005839791304461131,0.00483752775957442,-0.006907037358818418,-0.004209894274656276,-0.005711567571352487
3243,2748,2274,0.008795074758135445,0.006561851539497454,0.0050906205385665634,-0.003825857519788918,-0.0015661274577081319,-0.00427253837578271
3244,2748,2257,0.006291537439078423,0.008000649957104223,0.006722089094602337,-0.00509525919361985,0.00011364097762732712,-0.0013344617320004413
3245,2748,2277,0.01484409310496267,0.0084578280239706,0.0072710031572584335,-0.0038647342995169085,0.00426995869947915,-0.0031618432770999746
3246,2748,2313,0.00691742325983571,0.007624406281540262,0.00433934164584653,-0.0032425421530479902,0.00458666356884117,-0.0019029511847578093
3247,2748,2251,0.006574855619724568,0.00826232610973216,0.0018086503315282523,-0.004575744113727233,0.0026661644889858366,-0.004407101292501866
3248,2748,2263,0.006451612903225806,0.008308623170113777,0.0036008311643177795,-0.004153778170570039,0.0029003454790329465,-0.00323179559425356
3249,2748,2256,0.00576241134751773,0.007537336890130679,0.00315461441630255,-0.008510638297872342,0.0003881348424128814,-0.00643402098504977
3250,2748,2275,0.005978021978021978,0.0075876726989203246,0.003147700946305716,-0.006021978021978022,0.005584753680955176,-0.0029610510820798266
3251,2748,2258,0.008680248007085917,0.009833431573261659,0.007176540262600713,-0.00358724534986714,0.0017816687226414002,-0.0008423745696886418
3252,2748,2277,0.007290294246815986,0.006626431565462042,0.0022189745144116867,-0.0044795783926218705,0.0027107984922870826,-0.004317444312000566
3253,2748,2297,0.007313887679582064,0.005569692059829408,0.0050087977589740275,-0.004919460165433174,0.004185709075173892,-0.0016902599567292218
3254,2748,2273,0.007039155301363836,0.006526101347615445,0.002463330033534819,-0.0023757149142102957,0.00024385578363624798,-0.0029017635893809146
3255,2748,2273,0.00730312362516498,0.0060863606976469175,0.003848079004744762,-0.007083150021997361,0.0014529778883808579,-0.005097339805365875
3256,2748,2234,0.006893464637421664,0.007211957718262738,-0.0005908808690471028,-0.00684870188003581,0.000626757762331727,-0.00831804631014657
3257,2748,2271,0.010832232496697491,0.013569954982268985,0.009683578670235626,-0.003258476442095993,0.005244153973744456,0.0003030700474766156
3258,2748,2280,0.01105263157894737,0.00768866175096345,0.00715629849252334,-0.005175438596491229,0.0043030059542517995,-0.0030186678996677514
3259,2748,2281,0.005260850504164839,0.005051712812497438,-0.0017670920096115547,-0.005304690925032881,0.0020672135887244733,-0.007317345905224013
3260,2748,2284,0.005954465849387041,0.006954824247261727,0.002433426915981951,-0.0027145359019264447,0.0055010389420472915,-0.0021845231381525327
3261,2748,2244,0.0047237076648841345,0.004767765043599189,0.00377205139592181,-0.006907308377896614,-0.000138659376380239,-0.00415103684591545
3262,2748,2322,0.005943152454780361,0.00964345443648245,0.0029352277091288168,-0.0054263565891472885,0.005099994259202331,-0.0038916316140972097
3263,2748,2262,0.010433244916003538,0.009430339225821848,0.00846385974289354,-0.005128205128205129,0.0031942764430431714,-0.0014928851767850716
3264,2748,2296,0.007926829268292683,0.009861759383372824,0.004439118170429427,-0.0037456445993031364,0.0025960838314971566,-0.002892127849051573
3265,2748,2285,0.01050328227571116,0.007138039302491396,0.009077224578730378,-0.003851203501094093,0.007300382767452783,0.0013729736899256093
3266,2748,2277,0.00834431269213878,0.006558577899531258,0.004983683722220489,-0.002283706631532718,0.004978192398275153,-0.0004932901376066786
3267,2748,2233,0.004030452306314375,0.005784477562371759,0.0041321387599176276,-0.005821764442454098,-0.0003896220889987425,-0.0029268729575411363
3268,2748,2293,0.008809419973833407,0.010721492677754999,0.005900987818016882,-0.002791103358046228,0.00482222906583504,-0.0009721462825197516
3269,2748,2293,0.010379415612734408,0.007791835254973205,0.007022958447279617,-0.0018752725686873098,0.002450602231768582,-0.001322645424484072
3270,2748,2284,0.009106830122591945,0.00641067262614833,0.003913182145525154,-0.004203152364273206,0.0016751248347362927,-0.0040215820776682495
3271,2748,2244,0.004367201426024958,0.003439259985434229,0.0032162557425934,-0.002540106951871658,0.00390083186461035,-0.0006810915928590456
3272,2748,2288,0.011451048951048952,0.011808285624454868,0.007832868466302425,-0.005201048951048951,0.002621774208314463,-0.0032674943636714065
3273,2748,2293,0.010815525512429133,0.011509497113704645,0.009301178655017167,-0.004709986916703008,0.0023118244498511143,-0.0011030492554448689
3274,2748,2313,0.008300907911802853,0.00766275672801513,0.0044673333600048016,-0.0036316472114137485,0.0012410498983443279,-0.0030458729134928823
3275,2748,2252,0.010124333925399647,0.009167917544870239,0.007985921253166176,-0.0008880994671403203,0.0032548235516234327,0.0009087699996059369
3276,2748,2307,0.007368877329865626,0.004519098334590311,0.004501929690760799,-0.003987863025574339,0.0025289706569239776,-0.002851411952938791
3277,2748,2272,0.009947183098591548,0.008976497564735546,0.006639036962440207,-0.004313380281690142,0.00212414432156282,-0.0019948559275711386
3278,2748,2290,0.0076855895196506555,0.008766077173974401,0.005887776375730928,-0.002314410480349345,0.0026339359477228997,-0.0008989818753851984
3279,2748,2310,0.00935064935064935,0.010155653825012696,0.009589304604139858,-0.004718614718614718,0.0029768507388276007,0.0003309541812457017
3280,2748,2237,0.010818059901654001,0.008510113909883427,0.006534470139844141,0.0008940545373267767,0.004630314241814482,0.0006826271777877789
3281,2748,2242,0.006155218554861733,0.008450544090413353,0.0004409647057658536,-0.0051739518287243534,0.0006811055302822291,-0.005758085597496078
3282,2748,2252,0.011101243339253995,0.005911577394026102,0.005283191556495879,-0.0011101243339253998,0.005982952933718275,-0.0006021845405597713
3283,2748,2271,0.009599295464553058,0.009067105879089644,0.007451878220794965,-0.004535446939674154,0.002305714297682552,-0.0016292906112702521
3284,2748,2265,0.01165562913907285,0.012708711178704262,0.010030115948158573,-0.0024724061810154525,0.005221735765611094,0.0011147479315121852
3285,2748,2277,0.0053579270970575315,0.0061587324412501025,0.002459239336165482,-0.004655248133509003,0.0015547511470123605,-0.004213850241075629
3286,2748,2265,0.012450331125827814,0.009669948422440936,0.0077853971186941495,-0.004988962472406182,0.002562596614832811,-0.0022842379017318022
3287,2748,2281,0.010258658483121437,0.005373696118940133,0.010636170068634172,-0.00534853134590092,-0.00021666223399280067,-0.0007202296099359725
3288,2748,2293,0.008896641953772351,0.0112047071914034,0.008361606888139016,-0.0012647187091146975,0.007315953105562929,0.0022248621196872685
3289,2748,2303,0.011289622231871473,0.011105609876925698,0.008205108783265972,0.0004776378636560999,0.007613002620130965,0.0020057634071985186
3290,2748,2283,0.010249671484888305,0.0065328380735531506,0.004415924834639906,-0.002759526938239159,0.0025574251671253347,-0.0033412185934445795
3291,2748,2262,0.010256410256410256,0.007825095700763238,0.007690729548212514,-0.004509283819628647,-0.0001636468796805334,-0.0020437061850645945
3292,2748,2249,0.009959982214317474,0.004412944597276494,0.006260269291565305,-0.0029346376167185416,0.0004827704751222624,-0.0016698962829019431
3293,2748,2269,0.007492287351256057,0.006768804456240737,0.005838289466703017,-0.00246804759806082,0.0017553442881777202,-0.001132748968679419
3294,2748,2262,0.008841732979664015,0.01031203230637568,0.005499964083186731,-0.0034482758620689663,0.0025957241691230972,-0.0021478660451207466
3295,2748,2258,0.012223206377325067,0.008690371183701157,0.009741009650310647,-0.0020372010628875105,0.004358851377909002,0.000903566924948158
3296,2748,2279,0.007547169811320756,0.008057882654764389,0.006160560576095032,-0.0023255813953488376,0.0025988941119977826,-0.00011816984612695223
3297,2748,2297,0.013321723987810187,0.008636486207511982,0.008795900006858428,-0.0020026121027427075,0.0014100597591446221,-0.0006152698809366955
3298,2748,2278,0.011764705882352941,0.007933560145485267,0.007582738455772795,-0.0014486391571553992,0.007314975743547508,-0.0003260887763269325
3299,2748,2276,0.005272407732864675,0.004885851578775025,0.0004278547471592714,-0.007601054481546573,-0.0005868650929404501,-0.007574993290444897
3300,2748,2272,0.010475352112676055,0.009041501918673717,0.007022021024929538,-0.002904929577464789,-0.0001468607280459348,-0.0018330484600306456
3301,2748,2289,0.011096548711227611,0.01147382506980146,0.004771769850906338,-0.00235910878112713,0.007144383633350635,-0.002163091093354993
3302,2748,2305,0.01101952277657267,0.012358396671511876,0.008961276916451459,-0.001518438177874185,0.006619594758566029,0.0016053337251236497
3303,2748,2331,0.007550407550407551,0.008609598061792692,0.007580340583946561,-0.0021879021879021862,0.005141990139373718,0.0016415708907500863
3304,2748,2270,0.012422907488986785,0.010242655726617296,0.010330010143566807,0.0008810572687224667,0.008981741160479296,0.0037353182004956098
3305,2748,2291,0.012570929725010912,0.0099561009360458,0.006422059144130462,-0.00013094718463552978,0.003215665106365345,-0.0011783671928256975
3306,2748,2242,0.006512042818911686,0.00875033391804212,0.003783406099302777,-0.0027207850133809104,0.0037245899817490735,-0.0022742872662438684
3307,2748,2242,0.009009812667261375,0.0076475905405917356,0.006036027394650935,-0.00392506690454951,-0.0009879804616780782,-0.0028886459824174556
3308,2748,2266,0.008296557811120917,0.008414103273957188,0.005629292638758961,-0.004104148278905561,0.004544410816745127,-0.001817667185692159
3309,2748,2275,0.011076923076923078,0.011144644619058666,0.01005894153068144,-0.005494505494505495,0.001067307099168015,-0.0009891544944300018
3310,2748,2311,0.01012548680225011,0.010129032024847573,0.009419335607171326,-0.002033751622674166,0.0012433018720471721,0.0009115152693138673
3311,2748,2304,0.010069444444444443,0.008525613312588344,0.0061612063373963685,-0.0029513888888888884,0.0015437645120670097,-0.002425789028222437
3312,2748,2263,0.0073353954927087945,0.006980030812957433,0.004405821880735816,-0.0022536456031816174,0.0018698233057247641,-0.0023487179631372155
3313,2748,2260,0.006637168141592921,0.004688952825708192,0.003952920288821945,-0.0033185840707964593,-0.0006989238046912614,-0.0032928339243135226
3314,2748,2272,0.012499999999999999,0.009695484465939699,0.008012907036633052,-0.001408450704225352,0.00658815024655809,0.0003439324420748928
3315,2748,2284,0.002889667250437829,0.0029436461717374644,0.0014180794258020764,-0.004422066549912433,0.0023749296100673985,-0.003022548784635427
3316,2748,2272,0.009683098591549295,0.011703999021967795,0.00971730472416185,-0.0014964788732394368,0.005381591010831256,0.002347458529137623
3317,2748,2235,0.014854586129753915,0.009323148898333475,0.01054046425792357,0.0016107382550335568,0.0035671392719514696,0.002255521170857797
3318,2748,2255,0.009490022172949001,0.006379551364081056,0.004531490721159885,-0.0047006651884700665,0.00027073820676701445,-0.004957020267266115
3319,2748,2258,0.009388839681133748,0.007112213934485812,0.007497700127067773,-0.004738706820194862,0.005043287729147555,-0.001009826233070071
3320,2748,2303,0.00937907077724707,0.008545481004849934,0.0040420217474722835,-0.0029092488059053404,0.0023134964876773034,-0.0032873480953584315
3321,2748,2312,0.006487889273356403,0.00890499681923346,0.0032951170136008238,-0.0008217993079584777,0.007341262597188641,-0.00032107233860067565
3322,2748,2265,0.005739514348785873,0.0045916571389534875,-0.0008174488998816588,-0.0045916114790286984,-0.0005894788506360368,-0.006886804258438628
3323,2748,2283,0.003942181340341655,0.004145747182800836,0.0012566067936351669,-0.005650459921156374,0.00012366749405152457,-0.0049448954942361845
3324,2748,2254,0.014285714285714287,0.010352914787326438,0.009898227523163617,0.0005323868677905946,0.0038670842935356227,0.0005973812786863205
3325,2748,2305,0.006767895878524947,0.0051420345181527214,0.003320770953438445,-0.0028633405639913244,0.001025814660297616,-0.0028403527733198157
3326,2748,2280,0.01,0.008751787837984828,0.006658649173448871,-0.005087719298245614,0.0021451720077372335,-0.0023810755874020323
3327,2748,2245,0.011581291759465479,0.0103091550898508,0.008988189512856248,-0.0028507795100222713,0.0017160638972513837,-0.0006238986027059556
3328,2748,2295,0.012026143790849673,0.008225781435588808,0.007982034021538149,-0.0033986928104575184,0.001768536529689355,-0.0019706104617407284
3329,2748,2290,0.008034934497816594,0.010394882602626785,0.004729046771742908,-0.008471615720524017,0.0014777209316576235,-0.005933881277874329
3330,2748,2293,0.010728303532490185,0.009365077699347834,0.008534720718517418,-0.003532490187527257,0.0026090027154727297,-0.0011511913327009722
3331,2748,2269,0.007668576465403263,0.007053362884662734,0.004544442767272807,-0.003746143675628029,0.005004675410142257,-0.0019804777849065152
3332,2748,2261,0.00946483856700575,0.0076742265091636576,0.006924226288845473,-0.005793896505970809,0.0009528608311049696,-0.0025742503835741565
3333,2748,2304,0.006857638888888889,0.0072429929826389895,0.004424586089432993,-0.003472222222222222,0.0035825170887717563,-0.0018006937237487206
3334,2748,2251,0.006574855619724567,0.006997486243880274,0.004101231253976247,-0.0046645935139937806,0.0009016001910935759,-0.0035317860379447024
3335,2748,2243,0.010075791350869372,0.006933395674475554,0.005379928872831918,-0.003254569772625948,0.0007486167812052774,-0.0035198253900672804
3336,2748,2289,0.01057230231542158,0.008044128393985401,0.009283044740139891,-0.004368719965050241,0.0020982389635936225,-0.0009216096562107951
3337,2748,2269,0.006434552666372854,0.005921784049267806,0.0026191821571105167,-0.005949757602468049,-0.0006677520232202895,-0.005932080529056307
3338,2748,2263,0.008661069376933275,0.008500281375532447,0.0054753920748629266,-0.0057445868316394165,0.0028983544404616946,-0.003409675644365282
3339,2748,2285,0.008840262582056892,0.006004316625637157,0.006043966667365447,-0.005032822757111598,0.0011532112379869222,-0.0030087207480171624
3340,2748,2281,0.007978956597983342,0.0035739641868234376,0.002487816450016006,-0.003638754932047347,0.0037922870927354535,-0.0038563388478700857
3341,2748,2279,0.004826678367705134,0.00478947293396875,-0.0009596129296480547,-0.00680122860903905,0.0014541432807476126,-0.007232555679785522
3342,2748,2291,0.005936272370144041,0.005573171761496362,0.0037081478745418215,-0.0031427324312527294,0.002601580944695232,-0.0020547193941255885
3343,2748,2293,0.008198866114260794,0.008473445905991663,0.004590405992870049,-0.004099433057130398,0.002291487427934705,-0.0034523975854419916
3344,2748,2296,0.006968641114982578,0.007139550691282203,0.0074698306300047985,-0.002308362369337979,0.00370617554208945,0.0014252252759456969
3345,2748,2334,0.006769494430162811,0.008083581101156184,0.002910123569706998,-0.0057840616966580985,0.0013062392772309217,-0.004928453234520095
3346,2748,2333,0.005315045006429491,0.004524365767090967,0.0016380373783778308,-0.005486498071153021,0.00012879804597078025,-0.005065403359655838
3347,2748,2252,0.007904085257548845,0.011728106631584726,0.00510842295300658,-0.005817051509769093,0.0013763506888818196,-0.0037391901969320543
3348,2748,2263,0.00760053026955369,0.007331901681924217,0.0045727920658274685,-0.0040653999116217416,0.00407465113354495,-0.0021876942986987723
3349,2748,2283,0.01287779237844941,0.011338712326747153,0.009977611778345505,-0.0033727551467367498,0.004737406900937252,0.0002927365395557307
3350,2748,2251,0.00639715681919147,0.007774314935956343,0.003479507014754463,-0.0023545091070635285,0.004704083661147617,-0.0012904624253967233
3351,2748,2263,0.007954043305346884,0.006025325180383312,0.005339841320726643,-0.007202828104286344,-0.0023312904356726587,-0.005289122239257493
3352,2748,2267,0.008557565063961181,0.007897886755738196,0.006499814369466558,-0.005734450816056462,0.0014472378927214264,-0.002929045024353303
3353,2748,2305,0.010585683297180043,0.008052980399971876,0.01101959633539644,-0.0014750542299349235,0.005247530263306356,0.003365719873716205
3354,2748,2268,0.009876543209876543,0.008339583942712864,0.004995781432366571,-0.006437389770723104,-0.0010619841489995494,-0.006087858012112132
3355,2748,2266,0.005383936451897617,0.007295757007121492,0.0006526966869901294,-0.006487202118270079,0.0022951338772651242,-0.005608260834202965
3356,2748,2265,0.008211920529801325,0.007521396508950813,0.004834784021939878,-0.0022516556291390733,0.0032232643753743054,-0.001567715091264745
3357,2748,2272,0.006690140845070424,0.0044054071247174725,0.0019983539611318235,-0.00048415492957746436,0.0009470663908668107,-0.002001419265156695
3358,2748,2277,0.008871321914800175,0.010106914076992657,0.007182659264378636,-0.00245937637241985,0.008672188137757419,0.0012063644317033212
3359,2748,2271,0.010656098634962571,0.009128441202520005,0.007885878456096016,-0.004623513870541612,0.0016905231621123366,-0.0023067413438024585
3360,2748,2291,0.0066346573548668715,0.006366757347073084,0.004416462363696547,-0.00405936272370144,0.0031267102406773,-0.0019953368002138708
3361,2748,2271,0.008718626155878468,0.010670374532223796,0.007389876994143581,-0.004623513870541612,0.004390315560825689,-0.0012725315328563
3362,2748,2304,0.00529513888888889,0.006002650046403897,0.00473151311447292,-0.004817708333333334,0.0023618043271142765,-0.0014648991663853057
3363,2748,2317,0.012170910660336643,0.007645541469292294,0.008994474801170308,-0.0006042296072507556,0.0015832718023770522,0.00013613765133796573
3364,2748,2293,0.008983863933711296,0.005936384117555149,0.0058066941806069325,-0.0038813781072830353,0.0028255351946595017,-0.0016220850840878785
3365,2748,2258,0.006465899025686448,0.006624614156268704,0.004107760704285153,-0.004030115146147032,0.0030873656194260013,-0.0026360201019604026
3366,2748,2303,0.004081632653061226,0.005052763163789361,0.0032646751253978343,-0.005036908380373426,0.002666815825348549,-0.0023170713257049274
3367,2748,2284,0.011558669001751315,0.012384410438700045,0.006301178912355013,-0.0017075306479859898,0.003137790872797387,-0.0021870384509331303
3368,2748,2292,0.010383944153577662,0.01028172797959505,0.011263128439457813,-0.003272251308900523,0.005728416859125773,0.0025764082410677245
3369,2748,2297,0.007749238136700044,0.007032648825566086,0.001937948293467636,-0.0037875489769264264,0.0017474100987217155,-0.004864974672092322
3370,2748,2255,0.00966740576496674,0.010719640727612105,0.009425377737565847,-0.0017738359201773836,0.004693677248924951,0.0017695747442764368
3371,2748,2305,0.010238611713665944,0.00831254264880847,0.006533617585239443,-0.00368763557483731,0.0010759579368054735,-0.002534963959233524
3372,2748,2261,0.00654577620521893,0.006505586510001257,0.0019684749002284348,-0.004245908889871739,0.001426861520582274,-0.0041891259817806985
3373,2748,2315,0.013304535637149027,0.010695918899237758,0.009199798621892054,-0.0017710583153347727,0.006635673483669293,0.00044702973265331073
3374,2748,2273,0.008798944126704795,0.008014526173385574,0.00860220518404519,-0.003563572371315441,0.003768432493735259,0.0005235448285117009
3375,2748,2285,0.015054704595185995,0.012764610917808006,0.013689980715889453,-0.00577680525164114,0.004353797853494408,0.00010342159344030987
3376,2748,2292,0.007591623036649215,0.008652884387935492,0.005995389588960795,-0.0038394415357766148,0.0030862098717884755,-0.001197484762316071
3377,2748,2279,0.00824923211935059,0.0102188177322308,0.0076999266695509305,-0.004738920579201405,0.002194042021574141,-0.0014451367847235215
3378,2748,2286,0.005511811023622047,0.007230650571828823,0.00451054418382408,-0.004111986001749782,0.003928567620841988,-0.001355966449322452
3379,2748,2282,0.008413672217353197,0.006991451745749683,0.008104408632292349,-0.003987730061349695,0.0010025168870444285,-0.000578648361501784
3380,2748,2274,0.011345646437994723,0.008415387997188363,0.006643090502246648,-0.0018029903254177654,0.0015924573746043686,-0.001253457090993253
3381,2748,2295,0.006971677559912854,0.008215078048741883,0.004794303443142783,-0.003311546840958606,0.0032760389002337987,-0.0011646858745389236
3382,2748,2267,0.010674900749889723,0.007938542180280202,0.00814374218434639,-0.002999558888398766,0.0026672070092154756,-0.0010756292575228267
3383,2748,2280,0.0038596491228070177,0.004707545192729941,0.003662782495588743,-0.006184210526315791,-0.0006925051236228138,-0.0038533320212231865
3384,2748,2280,0.00868421052631579,0.008131389346361576,0.0057269128527808666,-0.0042982456140350876,0.003516470702990367,-0.0023929829939756866
3385,2748,2275,0.008615384615384617,0.008103543088130554,0.0059864465921455005,-0.004307692307692308,0.002164868864836839,-0.0026854054032941195
3386,2748,2274,0.012664907651715039,0.01127275081739743,0.010591515539303974,-0.0014511873350923498,0.00152320346482847,0.0008876273177425394
3387,2748,2265,0.005474613686534217,0.0072078554353827914,0.00295820590618257,-0.007196467991169977,0.0010899751305773872,-0.00503061589446739
3388,2748,2262,0.008488063660477455,0.010561360058901063,0.0075544608782554135,-0.004951370468611847,0.0015166674988354853,-0.001981792414912584
3389,2748,2290,0.011965065502183405,0.007743908793478473,0.008100695039752238,-0.005414847161572053,0.0010651299528373099,-0.0027681479790040773
3390,2748,2283,0.006307490144546648,0.006615775748836183,0.0057875431290438295,0.0009636443276390715,0.0087535059857219,0.0029896013172963413
3391,2748,2247,0.0039163328882955055,0.0033150669221813527,-5.006224696441839e-05,-0.003382287494437027,0.004301876814939944,-0.0034664364158598173
3392,2748,2282,0.008501314636283962,0.009526240350949327,0.006014626182198741,-0.0042068361086766,0.004305565604736283,-0.0017619122558306323
3393,2748,2288,0.0066433566433566444,0.006470875587839788,0.00037118893535007105,-0.004020979020979022,0.00232564005171283,-0.005797570628681487
3394,2748,2279,0.008336989907854322,0.007548328493140131,0.006557598821320274,-0.004958315050460728,0.0027574201331664982,-0.0018957124125311467
3395,2748,2274,0.011433597185576079,0.01118933322618213,0.008170068799401102,-0.00426561125769569,0.002775544265376583,-0.001764468970270448
3396,2748,2276,0.010456942003514937,0.008837827805852044,0.006381360239186975,-0.003734622144112479,0.0027729280479984104,-0.0027180718810688254
3397,2748,2247,0.0075656430796617715,0.00810761746967916,0.004026489066051134,-0.004850912327547842,0.0014987323001464357,-0.004045656631793169
3398,2748,2278,0.005179982440737489,0.004975133847038301,0.0025195820069451886,-0.004302019315188763,0.001920633696832429,-0.003322679706180854
3399,2748,2263,0.0061864781263809105,0.006113291449027635,0.0029051348657396633,-0.0026955368979231123,0.0036137702915897967,-0.002508154356046488
3400,2748,2244,0.007397504456327985,0.006758366060090504,0.004297901818747547,-0.008511586452762926,0.0024672982199086687,-0.005027474865952863
3401,2748,2282,0.01200701139351446,0.012467922981535368,0.0075472851533881615,-0.0038124452234881696,0.004659546597901284,-0.0020382103797144478
3402,2748,2308,0.013344887348353552,0.0076502598920011634,0.008765658174525617,-0.004029462738301559,0.0032687207509609125,-0.0016632762368083108
3403,2748,2238,0.010098302055406613,0.0067534274683971485,0.006100599398489462,-0.003619302949061663,0.0062383858624078595,-0.001439671872603747
3404,2748,2256,0.007358156028368794,0.007685205474608632,0.003818071763200602,-0.002039007092198581,0.0025370906744193325,-0.002066346124193326
3405,2748,2277,0.007553798858146685,0.0045687626028603654,0.00044647996873050706,-0.004128238910847607,0.002520168429767249,-0.00591950029437687
3406,2748,2313,0.011586683960224818,0.007235898882758978,0.006636600544673059,-0.0035019455252918294,0.0012806448250120936,-0.0027919128260898455
3407,2748,2305,0.0056399132321041205,0.00855524556130297,0.002807967198852963,-0.0017787418655097612,0.0027196375049838733,-0.0018412754633393095
3408,2748,2269,0.00855002203613927,0.010951664934288244,0.0068296821407529875,-0.003966505068312032,0.00538199791012489,-0.00070698600850571
3409,2748,2279,0.003422553751645459,0.006260758931186477,0.0010499614684332697,-0.005221588415971918,9.599868395841717e-06,-0.0047624575357101025
3410,2748,2288,0.0104020979020979,0.011166782963489708,0.007336906129512878,-0.004763986013986014,0.0019428348829921582,-0.0030679960876706263
3411,2748,2286,0.00979877515310586,0.006944598995176982,0.006739734405882032,-0.004111986001749783,0.0008172988602032835,-0.0025578598757060125
3412,2748,2279,0.010004387889425188,0.010247988715360493,0.004996255682628648,-0.003992979376919703,0.0027984611642947396,-0.0034600118478254976
3413,2748,2252,0.007726465364120782,0.0074012415647540086,0.005262130162962201,-0.0030639431616341015,0.002525781983887782,-0.002234690577744689
3414,2748,2267,0.008645787384208205,0.007616188796234502,0.007684938885683749,-0.004719894133215703,0.007208246466927016,0.00032989089122637785
3415,2748,2285,0.009365426695842451,0.010777026988927513,0.003739293671129697,-0.004245076586433262,0.0071737345252943716,-0.003004557963905751
3416,2748,2286,0.009711286089238847,0.009137584834994598,0.0072782358330750856,-0.005555555555555555,-0.0006825164474190495,-0.0034974654029065262
3417,2748,2293,0.00811164413432185,0.0070402779671323865,0.006321765429629396,-0.0025730484081988663,0.0057847478537663335,-0.00011354455242452558
3418,2748,2301,0.013472403302911778,0.009602491059230998,0.00984551694074104,-0.0028683181225554097,0.0031979886813246813,-0.0002889952725526727
3419,2748,2254,0.0031943212067435675,0.007920873955457855,0.001549813895499941,-0.002795031055900621,0.003163447762583751,-0.002463223806199694
3420,2748,2249,0.011116051578479324,0.010454511939966897,0.008049695981181278,-0.0011116051578479323,0.004937448728058583,0.0012387453332143236
3421,2748,2265,0.009271523178807948,0.008193821756383592,0.010133095480389103,-0.0026048565121412804,0.0037894204745179123,0.002131676922670881
3422,2748,2270,0.010044052863436122,0.006305464172763216,0.008892064850569552,-0.006167400881057269,0.0028048321142985803,-0.0013626522021458639
3423,2748,2274,0.006596306068601585,0.00546904293926879,0.004108974465774698,-0.0032541776605101145,0.0035084540921605767,-0.0015726227060890864
3424,2748,2248,0.014946619217081852,0.012408099433177347,0.01165255255379562,-0.00040035587188612035,0.006728815458921899,0.0026662909282560866
3425,2748,2292,0.011605584642233857,0.007982781526156156,0.007774899840659046,-0.0037521815008726,0.006070530865704894,-0.0008734236706914922
3426,2748,2282,0.0021034180543383018,0.007570389217255739,0.0008975377867197604,-0.007887817703768623,-0.0007352222151490726,-0.006437370347038764
3427,2748,2241,0.00892458723784025,0.007638168477984405,0.006190874144900435,-0.004462293618920126,0.000568924612506359,-0.0028128828432924823
3428,2748,2276,0.01124780316344464,0.009260156834011705,0.005585469463700272,-0.004657293497363796,0.0013867537971102432,-0.004478863880651254
3429,2748,2269,0.008902600264433671,0.009522099013247267,0.00736509437091619,-0.004186866460996034,0.004641440804676022,-0.00041785561129550403
3430,2748,2282,0.008238387379491674,0.007001690434455244,0.005607095133931342,-0.006529360210341804,-0.0003581856578479581,-0.004433079209278138
3431,2748,2289,0.006290956749672346,0.008503120450827554,0.0030524664126290683,-0.005897771952817824,0.0017251217547996096,-0.00430003969294448
3432,2748,2279,0.009477841158402809,0.006803808298964585,0.004942921268116791,-0.0056164984642387,0.0002416656169510828,-0.00463619038736233
3433,2748,2267,0.010939567710630788,0.009941907123878097,0.007383768625415733,-0.0033524481693868553,0.004879784769297699,-0.0013812064470766804
3434,2748,2298,0.01227154046997389,0.008038196910407159,0.007852138723530395,-0.0032201914708442116,0.0006941763135325507,-0.002327594725297441
3435,2748,2288,0.010576923076923076,0.01197974044806273,0.007839385351581811,-0.0035402097902097907,0.0038463901056102895,-0.0006925472040710215
3436,2748,2260,0.009469026548672566,0.005865547259110581,0.008510947151809976,0.0014601769911504424,0.005513787802539582,0.0038828870960314122
3437,2748,2267,0.006087340097044551,0.008371849524556677,0.004414433501073177,-0.002955447728275253,0.0023580053984174312,-0.0018183381182180222
3438,2748,2278,0.007638279192273924,0.007945305588241362,0.0065819913083151075,-0.005092186128182617,0.005502213691919845,-0.0010742209985556857
3439,2748,2285,0.011553610503282276,0.007421219268750966,0.009708319887193175,-0.0036323851203501098,0.002127638053198514,-0.0002962242231111759
3440,2748,2276,0.009490333919156416,0.008257931744973112,0.005107068954547336,-0.0021968365553602814,-0.0001744188833789995,-0.003029136958211542
3441,2748,2285,0.006827133479212254,0.007070180674873941,0.0046035918045960866,-0.001925601750547045,0.0032092713940841035,-0.001286155614567015
3442,2748,2269,0.003966505068312032,0.00456204076744019,0.0037739769491356634,-0.0053327457029528425,0.0013175079300935249,-0.0024718157722459955
3443,2748,2314,0.00648228176318064,0.004307809790935358,0.0012797868418651399,-0.0017286084701815035,0.003455239038262291,-0.0029629477054787354
3444,2748,2272,0.010299295774647887,0.008112334189268957,0.006238890632562234,-0.005633802816901409,0.00236227841759395,-0.003982056126052342
3445,2748,2303,0.009292227529309596,0.006569467353312012,0.006347372780717799,-0.00021710811984368197,0.005584304975438587,0.0016158652340712565
3446,2748,2305,0.00789587852494577,0.009021440848834553,0.005391761415309865,-0.0029934924078091106,0.005855787294937218,-0.0007265839595426513
3447,2748,2244,0.012121212121212123,0.011356944487159563,0.00815599732528534,-0.0020499108734402856,0.004954885928873334,-0.0006625744552606477
3448,2748,2299,0.007046541974771641,0.00782222803378144,0.003817931146012983,-0.004175728577642454,0.003878258713179273,-0.00250189174009214
3449,2748,2284,0.008931698774080562,0.010102922931190264,0.006164942399112316,-0.004290718038528896,0.0030210385154852627,-0.0019642574246734297
3450,2748,2272,0.012235915492957748,0.006956816103658121,0.011750132668323759,-0.004665492957746478,0.0009470106397415468,-0.000159975022610597
3451,2748,2255,0.008337028824833703,0.008223466723152448,0.004097169071777752,-0.002572062084257207,0.0023390291715336036,-0.002789158279684493
3452,2748,2292,0.00951134380453752,0.008843939233406222,0.007620129732059121,-0.0035776614310645723,0.0035784356741665247,-0.0005494151235467205
3453,2748,2309,0.009441316587267216,0.0062282058976681435,0.005022467192519636,-0.001689042875703768,0.004293275673674472,-0.00150069619176134
3454,2748,2286,0.007349081364829395,0.004324523652045652,0.003986526314880957,-0.005074365704286965,-0.00016424094797769332,-0.0042283509224707305
3455,2748,2275,0.00720879120879121,0.008633510509771762,0.0046480021251371715,-0.004747252747252748,0.0039032444211512525,-0.0021840574805709894
3456,2748,2267,0.00952801058667843,0.004557451252493284,0.006349418344880619,-0.006175562417291574,0.000840457264869956,-0.004041036288058305
3457,2748,2279,0.008775778850372971,0.010564275328055147,0.006803450916131386,-0.005353225098727512,0.003526344073795613,-0.0023899096260486617
3458,2748,2283,0.013140604467805518,0.0077340784542289515,0.010981208482205096,-0.006876916338151555,0.0025365705814209623,-0.0016276584586377924
3459,2748,2294,0.005579773321708806,0.008482284778529034,0.0037782013490912886,-0.001176983435047952,0.005719464031214349,0.00015955122285518956
3460,2748,2262,0.007692307692307694,0.008972639505071059,0.0053307467277099296,-0.004774535809018568,-0.0007264263660037707,-0.003561884772514962
3461,2748,2299,0.007481513701609393,0.006745184508043354,0.004867516338660672,-0.004393214441061332,0.002186129626045406,-0.0028361795173732847
3462,2748,2243,0.008470798038341507,0.009449241432255506,0.003991820478657602,-0.0013374944271065537,0.002229690229153418,-0.0020528167484409458
3463,2748,2278,0.012818261633011415,0.009260253393154626,0.009152024987632871,-0.0016681299385425815,-3.1843960613178886e-05,-0.0002471316992429404
3464,2748,2269,0.007315998237108859,0.010029056011483082,0.006594050794777788,-0.0028206258263552223,0.005399350439286867,-7.058390156425824e-05
3465,2748,2253,0.004527296937416778,0.005719578587390254,0.0005913450666385684,-0.004127829560585886,0.005865333157196565,-0.004066586302975487
3466,2748,2249,0.01138283681636283,0.00991665095825409,0.009274469893300632,-0.004179635393508227,0.0024404212530988296,-0.0010902433154178245
3467,2748,2251,0.008618391825855177,0.010001366059927299,0.0068999729003672025,-0.003109729009329187,0.007222867212433163,0.0005182831434950654
3468,2748,2260,0.009557522123893806,0.00942528961890749,0.00978733291799883,-0.006150442477876106,0.004303927833523049,-0.0005334025614225279
3469,2748,2249,0.009070698088039128,0.006692972589464732,0.00673626427922257,-0.00200088928412628,-1.549162212583277e-05,-0.000585820544254791
3470,2748,2249,0.009337483325922631,0.008760615285083907,0.006702987201370001,-0.0017785682525566931,0.0053261451455144,0.0001813934621466864
3471,2748,2278,0.005706760316066725,0.005879143478109385,0.004233174267988222,-0.0028533801580333624,0.002004413626842119,-0.0008101446587863887
3472,2748,2300,0.005391304347826085,0.007163767327922112,0.0028996819689600358,-0.004347826086956522,0.0037876404693308052,-0.002610586596581877
3473,2748,2278,0.009657594381035996,0.00936781224560232,0.00896097472150194,-0.002546093064091309,0.003072009219190534,0.0001560432839579819
3474,2748,2310,0.014112554112554113,0.0137087011222981,0.01255238306540878,-0.0025974025974025974,0.006912965909982502,0.0018309658538412318
3475,2748,2310,0.008571428571428574,0.008639040121458908,0.006330474407486988,-0.005064935064935064,0.0010445500703979214,-0.0026296411241959056
3476,2748,2289,0.0069899519440803845,0.008628139183741597,0.005590677814679426,-0.003232852774137178,0.004346608932998462,-0.001021562759781063
3477,2748,2272,0.006073943661971831,0.008507509492782549,0.0013406586295898206,-0.003301056338028169,0.0026433916863810763,-0.0041498696643760945
3478,2748,2302,0.009730668983492617,0.007608691187645925,0.00352919309387013,-0.005516941789748045,0.00016231487650705207,-0.005692928613977895
3479,2748,2303,0.006513243595310464,0.005735279153683393,0.0022994280044380633,-0.003430308293530178,0.0032410779577353834,-0.004308328403242234
3480,2748,2285,0.007964989059080965,0.0058252967486788175,0.0034059828822682555,-0.001663019693654268,0.001568016312455967,-0.002172259755493923
3481,2748,2271,0.009775429326287976,0.010488801496622787,0.00778287071202918,-0.0053280493174812866,-0.0004764673560517222,-0.002740609059361997
3482,2748,2294,0.013426329555361815,0.008903202100341191,0.010098007200624403,-0.0016564952048823004,0.002374925952439791,0.0005216786325665232
3483,2748,2243,0.00838163174320107,0.007030964726433413,0.0018894720764300753,-0.006152474364690148,-1.5413089104111056e-06,-0.007082055287354634
3484,2748,2259,0.005843293492695883,0.005228175646578818,0.0037916881846015633,-0.0006197432492253207,0.0031948346872275346,0.000146396381274015
3485,2748,2265,0.008830022075055188,0.009154098035400897,0.0058903632813408725,-0.004282560706401766,0.00286154671457528,-0.002350458542085548
3486,2748,2243,0.012126616139099421,0.009297148947155389,0.009024754610862162,-0.00521622826571556,0.0016127928184159752,-0.0020360386446664964
3487,2748,2277,0.010540184453227932,0.007393848195627143,0.007863861928875842,-0.0021080368906455866,0.004967541866755331,0.000800603382143958
3488,2748,2291,0.006110868616324751,0.005225039108853291,0.0047906826870069055,-0.006154517677869927,0.0006137183699663065,-0.003682781659276045
3489,2748,2266,0.007590467784642543,0.008468388261009683,0.002295252532196725,-0.002559576345984113,0.007367523958089475,-0.0027258426806958517
3490,2748,2300,0.008695652173913044,0.008370717749142994,0.008945247728966793,-0.003956521739130434,0.0029781816625529607,0.00021995744878832883
3491,2748,2240,0.005446428571428571,0.006179676370591588,0.002210644756350246,-0.0059375,0.0018804489226471107,-0.004746564270692409
3492,2748,2313,0.009424989191526158,0.010808183440009224,0.010039977383021915,-0.0032857760484219637,0.0066864786294144425,0.0017889046775788975
3493,2748,2297,0.00957771005659556,0.011160433430488448,0.008245140148692015,-0.007400957771005659,0.0005091389742285492,-0.0036514645943297687
3494,2748,2265,0.012538631346578366,0.008862906420316088,0.010512373111421995,-0.0045916114790286984,0.002489646931364284,-0.0007798298221934455
3495,2748,2297,0.009490639965171962,0.00922463266251912,0.006099583448323775,-0.003090988245537657,0.0018868519799814735,-0.0020074128284797653
3496,2748,2236,0.004919499105545619,0.004684740124412742,0.004564615609431944,-0.006127012522361359,0.000547373604386029,-0.003592410187573427
3497,2748,2252,0.005772646536412077,0.006250388218169121,0.003092323124126401,-0.004706927175843695,0.0010624362969196654,-0.0037228465460769186
3498,2748,2299,0.01104828186167899,0.007200243924977774,0.004441991195908116,-0.0036102653327533697,0.0032384372345548224,-0.004038942959473842
3499,2748,2283,0.008059570740254051,0.009670837745797117,0.00500405904629578,-0.0034165571616294353,0.005854441987814986,-0.0022797020178697692
3500,2748,2321,0.010685049547608788,0.0076381503340175105,0.00540070724290929,-0.003102111158983198,0.0011458813550866672,-0.0033387782400556183
3501,2748,2277,0.00606060606060606,0.0051360168496359234,0.0037796651124138783,-0.006016688625384277,-0.0002105613836567631,-0.004498751923848503
3502,2748,2286,0.010061242344706912,0.008579016562807953,0.0059607419605783715,-0.0038495188101487316,0.005320949119086484,-0.0014820734208021347
3503,2748,2352,0.007653061224489796,0.008157392309332377,0.00539289024450474,-0.0028911564625850347,0.004455837377992125,-0.0006010667700892379
3504,2748,2270,0.006960352422907489,0.007489186516121854,0.003166289807622962,-0.0037444933920704852,0.0015913174448681552,-0.00397872479199082
3505,2748,2266,0.007413945278022947,0.007814771087219211,0.00634220641873574,-0.005825242718446602,0.0012230397057326702,-0.0025779300560552945
3506,2748,2267,0.014292015880017647,0.009969478422990192,0.012819406039022523,-0.0027790030877812098,0.004595745599668496,0.0023379330421084824
3507,2748,2264,0.010689045936395757,0.007542253482792419,0.009209629571748435,-0.005962897526501767,-0.0003165792930428393,-0.0021298463751343016
3508,2748,2251,0.006397156819191471,0.004333174024645403,0.004121563639825034,-0.0030653043091959124,-4.527526693310004e-05,-0.0026591848760572855
3509,2748,2303,0.012418584455058619,0.009380930755100714,0.01071911959343808,-0.0027355623100303954,0.0011169055881736095,0.00046266112881690474
3510,2748,2259,0.01018149623727313,0.008926782275786518,0.005787806904017534,-0.0024789729969012836,0.0048061585790043805,-0.0014177755655064629
3511,2748,2305,0.005900216919739696,0.0068374255154915724,0.005191615959151198,-0.006203904555314534,0.000993687359589866,-0.003093810656402054
3512,2748,2255,0.010376940133037693,0.010488576695856412,0.004917654808069175,-0.003946784922394679,0.003714698722422678,-0.003515921240408468
3513,2748,2231,0.010129986553115195,0.008968463875430698,0.008374203064191687,-0.001972209771402959,0.004715243971823807,0.0014291594331453704
3514,2748,2281,0.012187637001315211,0.009145433889778362,0.008926550978513626,-0.006269180184129768,0.0018579781379515995,-0.0029911171468415742
3515,2748,2261,0.010260946483856701,0.008207703090465137,0.008392027206947898,-0.002521008403361345,0.0015189818800207572,-0.000558218104529425
3516,2748,2224,0.007643884892086331,0.008725850832065759,0.008573289216199053,-0.005755395683453236,0.001572136691125738,-0.00027505764399499225
3517,2748,2246,0.009082813891362422,0.011073455655192032,0.006277597480453957,8.904719501335617e-05,0.008013345774519478,0.001259100501451472
3518,2748,2268,0.007671957671957671,0.007844155047829315,0.005600774724133599,-0.0014991181657848325,0.0032567290720104825,-0.0009894968713545437
3519,2748,2278,0.006321334503950834,0.009911965930314673,0.0024847392320173807,-0.0022388059701492543,0.003985958587511521,-0.002794962631168038
3520,2748,2287,0.01084390030607783,0.005133643178349262,0.005369775689931855,-0.003979011805859204,0.001043680780408121,-0.0036006990457354234
3521,2748,2294,0.007236268526591108,0.009514535125470526,0.0030036697528389496,-0.0024847428073234545,0.005495898779482622,-0.0024159931972189182
3522,2748,2280,0.008684210526315789,0.00721217168202049,0.007970214579801793,-0.004035087719298246,0.002785119774600669,-0.00010452257512317556
3523,2748,2275,0.00958241758241758,0.007685196051495937,0.005352628615738929,-0.0010989010989010993,0.004009943530625791,-0.0009823792095770326
3524,2748,2266,0.009443954104148278,0.009460929746010045,0.009340520458838465,-0.0037069726390114733,0.0034200209276788658,0.00027741382169358455
3525,2748,2264,0.010247349823321556,0.010732879560278541,0.006926987393817539,-0.004063604240282685,0.006115768802798305,-0.001299291869300181
3526,2748,2297,0.008532868959512408,0.006394331933865405,0.006643770426758896,-0.0036134087940792327,0.004102419816002314,-0.0005494846748207468
3527,2748,2270,0.014361233480176209,0.00900282925595757,0.009262600333589088,0.0007048458149779731,0.0008030207209111914,0.0007214873100353054
3528,2748,2284,0.009369527145359019,0.008512026998304036,0.005636626435968319,-0.0030647985989492124,0.0018935177405578877,-0.0022759225433017227
3529,2748,2275,0.008527472527472529,0.005176795738636356,0.004151836153112284,-0.004000000000000002,0.003093806774377137,-0.002590690990808386
3530,2748,2264,0.005742049469964665,0.007362800677804556,0.004262946664126931,-0.002782685512367491,0.003622279881428872,-0.0011310339316892393
3531,2748,2262,0.009814323607427056,0.010029747948103258,0.0044877683755745,-0.0013704686118479218,0.00462420931811075,-0.0021186337318908747
3532,2748,2301,0.005997392438070404,0.0067332153938070086,0.004908881044957973,-0.0033463711429813124,0.00397489853808987,-0.0004868672051254089
3533,2748,2282,0.004995617879053463,0.006615343244758032,0.0032001484561329217,-0.004294478527607361,0.0041940317971161665,-0.00301730434070563
3534,2748,2282,0.008150744960560912,0.009728804673425077,0.009546529727270619,-0.005170902716914987,0.0014638969616117435,-0.0005468035211654607
3535,2748,2306,0.007718993928881178,0.007643479272647942,0.004729344682459329,-0.0022983521248915876,-0.0002533888632634157,-0.00250083062620419
3536,2748,2298,0.005657093124456047,0.006825879208525444,0.0071496835058050484,-0.0005221932114882515,0.004338893936460028,0.0024360841156186907
3537,2748,2266,0.007413945278022947,0.009770021145170171,0.004416964717710449,-0.0027802294792586063,0.001586543599917726,-0.0020742155850876597
3538,2748,2293,0.007152202354993459,0.006052193649160254,0.004817650918687206,-0.005887483645878763,0.0027933319232605084,-0.002999490341323662
3539,2748,2273,0.007567091948966125,0.007667097926128946,0.00816221184711277,-0.004795424549054114,0.0001764638894673762,-0.0012141850424046683
3540,2748,2280,0.007631578947368422,0.00902067008512453,0.005235653805926307,-0.002763157894736842,0.0061171943739824165,-0.0010621107631600766
3541,2748,2292,0.01195462478184991,0.008768340143481245,0.008615493605974283,-0.002879581151832462,0.003930269935405288,-0.0006751693606767509
3542,2748,2275,0.007736263736263737,0.007748718072817008,0.006463111881816544,-0.0029450549450549452,0.0021163128791809815,-0.0008995158192595526
3543,2748,2280,0.004824561403508772,0.006247249540937342,0.0056389935250860486,-0.006885964912280701,0.0018414852077388636,-0.002624984005601856
3544,2748,2281,0.008768084173608066,0.008544780119283715,0.004195512357270207,-0.006049978079789567,0.0007370751748762109,-0.005132388488236497
3545,2748,2250,0.01048888888888889,0.007242592527430762,0.008256488801375937,-0.0028888888888888888,0.0006349635540285743,-0.000564151088219843
3546,2748,2270,0.010220264317180618,0.008021595490253818,0.005717175944267161,-0.005726872246696036,0.0021541408470732615,-0.004283099988702646
3547,2748,2266,0.008031774051191527,0.009085258458351534,0.004122734993018994,-0.0056928508384819065,0.0015488523086225326,-0.0044821953647586855
3548,2748,2268,0.008377425044091712,0.010924345329078766,0.005705345849259137,-0.0028218694885361545,0.006393935366470484,-0.0004882100255774407
3549,2748,2284,0.011558669001751315,0.008768647452896254,0.010249465269898077,-0.0007005253940455353,0.0040033371844133995,0.002955031731840401
3550,2748,2273,0.006247250329960405,0.007712790753075426,0.006640978355491809,-0.0011438627364716235,0.004410027358129751,0.0015842468815857845
3551,2748,2255,0.008957871396895786,0.006053585314764712,0.00963940743948293,-0.001374722838137473,0.0043187600661555555,0.002590578086500426
3552,2748,2290,0.013537117903930132,0.01207523034562457,0.013377397270792457,-0.004017467248908296,0.0011979633698095359,0.001127111052416741
3553,2748,2275,0.011868131868131869,0.009893290985260265,0.009787645970631451,-0.003164835164835166,0.003103882883057386,0.0001170290176912433
3554,2748,2318,0.010440034512510786,0.006853838392384374,0.0057259748060376914,-0.004227782571182053,0.001035807073473195,-0.0029097740268460835
3555,2748,2279,0.004212373848179025,0.0052764653755713615,0.00036709081074691815,-0.004168494953927161,0.0005232747853982554,-0.005268175887194573
3556,2748,2304,0.009114583333333334,0.007710777110147865,0.004611424320800094,-0.002170138888888889,0.0025257527542017644,-0.0021018161595921544
3557,2748,2267,0.009969122187913543,0.009524963945260262,0.006567438717303816,-0.0008822232024702246,0.0025886595732584105,-0.00014532920585772743
3558,2748,2260,0.006902654867256637,0.007333605755180301,0.005488371083808918,-0.004424778761061948,0.0006035381102220949,-0.0024268614641289816
3559,2748,2266,0.011915269196822594,0.009442936397269994,0.008209403980307579,-0.00383936451897617,0.003319688930760656,-0.0010590054398854677
3560,2748,2293,0.006279982555604013,0.010535066729326923,0.003901985572491314,-0.0022677714784125596,0.006763710997866478,-0.0008570784743790204
3561,2748,2281,0.006049978079789567,0.006654760140826429,0.002289729002619103,-0.0045594037702761945,0.00159751787661792,-0.004144024227866434
3562,2748,2290,0.010917030567685589,0.008848944786647307,0.008575606959476343,0.0003493449781659377,0.005170411729914081,0.0020095224167031834
3563,2748,2262,0.008134394341290893,0.006475104597452991,0.002521536936683697,-0.004244031830238727,0.0003792477128292594,-0.005047715187449311
3564,2748,2246,0.007390917186108638,0.005370144503111548,0.005226426310244751,-0.005654496883348174,-9.134587272577138e-05,-0.003997223824711656
3565,2748,2243,0.007668301382077576,0.008842267661244818,0.004662438325388705,-0.002452073116362016,0.003329588541343251,-0.002169233807172164
3566,2748,2290,0.01222707423580786,0.009424219795652989,0.005910406216700708,-0.002358078602620087,0.0043363563348982935,-0.0026068121008865994
3567,2748,2251,0.008351843625055531,0.006745094598630407,0.0046105790691964455,-0.001643713904931143,0.005047800329558563,-0.0009409528020234519
3568,2748,2261,0.00796107916850951,0.00856402358948606,0.0026704989945954103,-0.0031844316674038034,0.003203789150764213,-0.003825905896484004
3569,2748,2292,0.008813263525305409,0.007507966062833165,0.007162050297889922,-0.005148342059336824,0.0027706539546903256,-0.0022093231800037207
3570,2748,2285,0.008227571115973744,0.006119064329544474,0.0036475716552419385,-0.0048577680525164115,0.00018667541454568638,-0.005106496053613088
3571,2748,2289,0.008038444735692441,0.008594089757255641,0.0065372399255582804,-0.004499781564001746,0.0009777064203484404,-0.0016890941076075988
3572,2748,2313,0.007003891050583659,0.006990120657240425,0.004022615908417085,-0.004842196281884997,0.0013711003320908655,-0.003985436383546947
3573,2748,2289,0.010834425513324595,0.00999002760441197,0.0057048625023764805,-0.004019222367846222,0.0035699957230771115,-0.0032313565850905683
3574,2748,2300,0.002956521739130436,0.0054418910335607635,-0.000908234637856639,-0.00408695652173913,0.0009328083028204083,-0.005574472665787885
3575,2748,2267,0.012439347154830171,0.008958731589974076,0.004718244565398422,-0.004234671371857079,0.0025866270280503357,-0.004472910781179724
3576,2748,2262,0.006719717064544651,0.00657626700682061,0.001093581643735079,-0.007780725022104332,-0.001997002389223664,-0.008474530667614727
3577,2748,2254,0.01357586512866016,0.009592155699540757,0.012022905689490887,-0.0007098491570541265,0.005080698570804352,0.0031483352548231087
3578,2748,2281,0.005699254712845245,0.006866423014142575,0.0034198609167461094,-0.006839105655414292,0.00028491714471593936,-0.004398973201819516
3579,2748,2260,0.010176991150442476,0.009480038711331289,0.007817223527309456,-0.004380530973451326,0.001989438752039672,-0.0020346081561053338
3580,2748,2268,0.009347442680776015,0.006759850496853873,0.005574915862392421,-0.001278659611992946,0.003417909622195409,-0.0011160106922254687
3581,2748,2265,0.01262693156732892,0.009692884032771657,0.009487653691607282,-0.004635761589403974,0.0020205342556649706,-0.0015648294549876543
3582,2748,2255,0.005853658536585367,0.008520137676007523,0.004810731203886319,-0.004523281596452329,0.0036205709734989907,-0.0017855884889497059
3583,2748,2237,0.008851139919535091,0.008896261380345395,0.00744853470354908,-0.0048278945015645955,-0.00115336052850777,-0.002543589832032817
3584,2748,2294,0.007061900610287705,0.009730714705967723,0.005385939555657212,-0.004533565823888405,0.003794705131426476,-0.0021892783513202197
3585,2748,2286,0.012510936132983378,0.009996416424462966,0.008669540335519709,-0.003018372703412073,0.0025739533279039244,-0.0014161589486953042
3586,2748,2284,0.008318739054290718,0.00784403597185383,0.005880169780326734,-0.004071803852889669,0.0013504727918134314,-0.002376893878060842
3587,2748,2271,0.007926023778071334,0.008121243735884593,0.0048279963392203196,-0.0032584764420959924,0.00035195451089736535,-0.0027733925509062013
3588,2748,2304,0.0066840277777777775,0.005397827941446728,0.0032999331311747196,-0.003559027777777779,0.0012848789579939844,-0.0030824912839968834
3589,2748,2301,0.013124728378965668,0.013754122055404435,0.00946571331603113,-0.0008257279443720115,0.004659878984863099,0.0004954002332178364
3590,2748,2252,0.010923623445825934,0.00749382728706523,0.006185760986014789,-0.007193605683836591,0.0007239582131693963,-0.004891687201879285
3591,2748,2292,0.01317626527050611,0.010525521439718863,0.00955187434185724,-0.003621291448516579,0.0035657569649592082,-0.0009725870163884796
3592,2748,2276,0.012390158172231986,0.009294891285160065,0.009681955797567298,-0.0038664323374340945,0.002842064122038241,-0.0011068324240850918
3593,2748,2276,0.008699472759226714,0.008737566302311737,0.008523149329353727,-0.0037785588752196845,0.002830119072112376,-0.0003755540132693388
3594,2748,2283,0.010424879544459047,0.011371659428563819,0.008420182990982199,-0.0017082785808147172,0.004336971718986455,0.0005119694141807263
3595,2748,2253,0.01154016866400355,0.0066116667221843535,0.008974927527517619,-0.0007989347536617842,0.002563176171388555,0.0009106544322615546
3596,2748,2253,0.012782956058588547,0.010366060010931592,0.008038106275480407,-0.004127829560585885,0.00035642652226515015,-0.0029708588944486734
3597,2748,2273,0.01293444786625605,0.007704131310433664,0.00904318304206713,-0.007743070831500221,0.0010749718762918794,-0.004277215092602143
3598,2748,2278,0.006760316066725198,0.008553599585716068,0.0055384894208177615,-0.004784899034240561,0.001546565554763606,-0.0023498877700239436
3599,2748,2265,0.007770419426048566,0.005912870849150814,0.002595370081953148,-0.004547461368653424,0.004305695651793368,-0.003819625923792751
3600,2748,2262,0.009372236958443856,0.008130290001398045,0.005636851068023418,-0.004553492484526968,0.0028915465939524294,-0.002877856090359295
3601,2748,2278,0.014047410008779631,0.009203345318728755,0.009987528232014044,-0.0038191395961369636,0.0022365855385812275,-0.0010643516025439998
3602,2748,2275,0.007208791208791208,0.007452648502801809,0.002298796921876076,-0.004659340659340659,0.0030485467255548823,-0.004314417832905043
3603,2748,2290,0.006986899563318776,0.005992231582266618,0.0029523278538005713,-0.007292576419213974,0.0013903426528667304,-0.005755721734202243
3604,2748,2271,0.0067811536767943634,0.007760323564978309,0.005298473093036266,-0.0020695728753852938,0.0005544190062313295,-0.001134685132978021
3605,2748,2267,0.005205116894574328,0.009446046741198375,0.003029527501698775,-0.0041905602117335685,0.0026925580731248858,-0.0030399417110980255
3606,2748,2291,0.007158446093408991,0.007487913073061263,0.006099593282454993,-0.00419030990833697,0.0022083933810322378,-0.0011127396464093561
3607,2748,2286,0.0043744531933508305,0.005757885555258763,0.00458483118793651,-0.0031496062992125992,0.0024828053464994735,-0.000426263681856982
3608,2748,2319,0.012677878395860284,0.011899887430226732,0.010455525346710093,-0.0010780508840017263,0.005610949840085097,0.0023713461338120845
3609,2748,2279,0.0046511627906976735,0.006844878956635358,0.00252788381006514,-0.005923650724001755,0.001825858034306078,-0.004036635715382825
3610,2748,2225,0.007820224719101123,0.009249349980838284,0.004463323281500108,-0.0032359550561797752,0.004147918318110102,-0.0014961262272772857
3611,2748,2259,0.0071713147410358575,0.00855325163982725,0.0047453215132853685,-0.0034528552456839293,0.0014596173660785482,-0.00221666335744621
3612,2748,2284,0.008318739054290718,0.009262757922406025,0.005954708255055628,-0.004597197898423818,0.0056452804346097205,-0.0012303030342911726
3613,2748,2296,0.006445993031358884,0.005328374427684787,0.0021360460282978076,-0.007709059233449477,0.0005614805272969657,-0.006952894863747405
3614,2748,2272,0.009683098591549295,0.00780316253673417,0.0052544455407591345,-0.006866197183098591,0.0009641909000015732,-0.005193478938081321
3615,2748,2308,0.008665511265164644,0.007675463909188558,0.007261980927060402,-0.003856152512998267,0.002034867575496919,-0.0013600734955756233
3616,2748,2304,0.01032986111111111,0.008955491020363518,0.007468534736328195,-0.004296875,0.0017365457450489567,-0.0023722264940117376
3617,2748,2267,0.00599911777679753,0.007373544147596741,0.002476482853510132,-0.002249669166299075,0.00258685292807469,-0.0023970040927536137
3618,2748,2268,0.012169312169312167,0.009164561008517725,0.009680268937242591,-0.004056437389770724,0.000632331277752138,-0.0011771094471991939
3619,2748,2279,0.013163668275559455,0.011687665670647041,0.010111289832707183,-0.0050899517332163215,0.0016682470320561469,-0.002057623857595897
3620,2748,2299,0.008351457155284906,0.010341413294777377,0.005113216008384374,-0.00595911265767725,0.004079321851278298,-0.0038571669261120976
3621,2748,2267,0.00917512130569034,0.011980337243256277,0.007973494360728616,-0.004764005293339216,0.004266536406378654,-0.0012203833196889498
3622,2748,2283,0.006833114323258871,0.009906543180953268,0.008369425571913598,-0.003854577310556286,0.004308155249786324,0.0012758853149697912
3623,2748,2267,0.009792677547419498,0.007248462611550046,0.005864177231791346,-0.003970004411116013,0.004428069775448528,-0.0016633860711366096
3624,2748,2277,0.00588493631971893,0.006811927898699253,0.006477626601074358,-0.0024593763724198507,0.0045513443523625225,0.0007033186756881943
3625,2748,2251,0.008618391825855175,0.006070948856445972,0.0022304910250107225,-0.0033762772101288327,0.003390255240693413,-0.0037311740334145514
3626,2748,2248,0.0053380782918149485,0.0071922938375930025,0.003739880900019361,-0.004670818505338077,0.0018421196525105399,-0.0029106374891964583
3627,2748,2277,0.012560386473429951,0.008941640774809466,0.007578714801756543,-0.0003952569169960476,0.005522475113454325,-0.0002685348473427147
3628,2748,2279,0.004387889425186486,0.0056746085520221,0.0013592185033910402,-0.0047389205792014045,0.004053832758182,-0.004272628055889074
3629,2748,2280,0.00649122807017544,0.009582938933944551,0.004763265051381314,-0.005043859649122805,-0.0012932061525527665,-0.003937554055671958
3630,2748,2292,0.01143106457242583,0.009734775921651511,0.008991736835900694,-0.004930191972076791,0.003596801094615916,-0.0014409842715295041
3631,2748,2259,0.007613988490482516,0.010776450198924769,0.005831969539764555,-0.004648074369189907,0.0038476201326060255,-0.0021286538639930987
3632,2748,2288,0.0017482517482517478,0.0009230344200154085,-0.001472000923289212,-0.008304195804195804,0.0008157499684228915,-0.007916218355098785
3633,2748,2283,0.009724047306176084,0.010980568941818186,0.008277037898199214,-0.0051248357424441525,0.002032522888828352,-0.002201154504357117
3634,2748,2275,0.008791208791208791,0.00653115441174079,0.006645525047790496,-0.0007472527472527475,0.004573932199653616,0.0004624094007303866
3635,2748,2277,0.011418533157663592,0.00753926714757414,0.00784354577063439,-0.0030742204655248143,0.0044930995266328115,-0.0007618593038294408
3636,2748,2282,0.007449605609114811,0.00756610746636219,0.004159050998631616,-0.005872042068361086,0.0022485938421275427,-0.003877709964380102
3637,2748,2257,0.0061143110323438185,0.006906904922543912,0.004136381913545061,-0.006291537439078423,3.628263979011548e-05,-0.004925601157569645
3638,2748,2277,0.009046991655687309,0.006860337598791369,0.003965833449190482,-0.0032059727711901635,0.004082614789193078,-0.0028873804632336135
3639,2748,2288,0.006643356643356644,0.008819650302376142,0.0072857303806989,-0.006337412587412587,0.0026759157794820766,-0.000946492174293409
3640,2748,2284,0.006830122591943958,0.004683116486467931,0.00402296710471637,-0.00766199649737303,-0.0025361799470939353,-0.006284627860292853
3641,2748,2296,0.009843205574912892,0.010240972030925263,0.008867014560085297,-0.003789198606271776,0.004819542957315077,0.0007974286950848806
3642,2748,2262,0.007515473032714412,0.007273319504277392,0.006681875592133869,-0.004641909814323606,0.0023252576867664482,-0.0013885239549330205
3643,2748,2251,0.01083962683251888,0.007084720897905924,0.009687362166251838,-0.0046645935139937806,0.0025605950456635265,-0.0005218378607975204
3644,2748,2266,0.006707855251544572,0.003857957986355156,0.003021891410212798,-0.007105030891438659,-0.0013710565040835644,-0.006013481079993537
3645,2748,2276,0.00843585237258348,0.007996360985003424,0.00453149976299768,-0.006722319859402461,1.6560633367214142e-05,-0.005320235960103015
3646,2748,2263,0.009191338930623067,0.0077594354365255105,0.006420229362083434,-0.00821917808219178,-0.00031995166322192997,-0.005026920274024286
3647,2748,2256,0.010460992907801418,0.008039089230482856,0.007160944912668148,-0.004078014184397163,0.0005287369961315672,-0.0022784650295101143
3648,2748,2307,0.007108799306458605,0.010192023111850515,0.006609153114471437,-0.005374945817078456,0.001575422913551245,-0.00252126096710527
3649,2748,2271,0.007661822985468956,0.006182536016429162,0.0038495374602870165,-0.003302509907529723,0.004965171674476325,-0.002035802916915004
3650,2748,2273,0.011526616805983282,0.012185790085174147,0.012860475222962731,-0.0006599208095028596,0.0027015331958108024,0.003638792317961855
3651,2748,2287,0.006296458242238742,0.007289552111040432,0.00608657985712944,-0.005028421512898993,-0.0019190505074216703,-0.0029113930346250133
3652,2748,2287,0.007870572802798426,0.006049869479480099,0.0049911701699835945,-0.006252732837778749,0.003369642432014568,-0.0038412343833908362
3653,2748,2290,0.00611353711790393,0.007573985465423111,0.0018639655918994546,-0.0008733624454148479,0.0017832675229797355,-0.0033844597859400264
3654,2748,2282,0.009027169149868538,0.006332735899566519,0.006931127311687807,-0.001928133216476774,0.004004308839175071,0.00018903134506152594
3655,2748,2287,0.010056843025797988,0.008775773898464085,0.0077373329177778255,-0.010362920857017928,-0.0016333221961650044,-0.0056748873723031865
3656,2748,2274,0.009234828496042216,0.006626733120034661,0.007023293643130675,-0.0011433597185576082,-4.509659732832329e-05,-0.0004055510749670953
3657,2748,2239,0.008664582402858419,0.007846045473584234,0.008237851087036294,-0.00821795444394819,0.0009325303242225065,-0.0033443331087821336
3658,2748,2260,0.008318584070796463,0.009286128131953267,0.006693143903016507,-0.0031415929203539813,0.0009054828192658765,-0.0011568661143198271
3659,2748,2278,0.006935908691834944,0.006722309076172025,0.004599658117293031,-0.001580333625987708,0.003025480944307349,-0.0010622712855999131
3660,2748,2277,0.008959156785243743,0.010064012023150248,0.008570656996721574,-0.005665349143610013,0.0017035845722217899,-0.0019073063914803667
3661,2748,2293,0.00793720017444396,0.007150427010680079,0.004863944668932585,-0.006149149585695596,0.004265474101637956,-0.0032361884611708676
3662,2748,2302,0.008340573414422242,0.009940441118594165,0.004887124533200184,-0.002345786272806255,0.00234232655736368,-0.002352590946286229
3663,2748,2302,0.011902693310165073,0.011254425744704349,0.01249190416881046,-0.0038227628149435293,0.0016430899239370403,0.0009765213139334782
3664,2748,2247,0.004005340453938585,0.010828480742554438,0.0013032936122417255,-0.0060970182465509585,0.0011780721801621943,-0.004986459665606661
3665,2748,2252,0.008259325044404974,0.007096814745908879,0.0029938718228655838,-0.00177619893428064,0.004910812493951392,-0.0022835312321110956
3666,2748,2280,0.010789473684210526,0.006179857518377945,0.00503900150994582,-0.0034649122807017545,0.00263581763727471,-0.003655569801327578
3667,2748,2253,0.006746560142032845,0.008841730990525744,0.004620642484141421,-0.005681313803817134,0.0025523610771664746,-0.0031384637028210242
3668,2748,2272,0.007130281690140845,0.009258158599916405,0.006272958411616731,-0.000836267605633803,0.0019292620393815908,0.00032329394381457825
3669,2748,2274,0.006420404573438875,0.005370352851314396,0.003631393659012423,-0.0034740545294635015,0.0035742888254948232,-0.0023213468799132197
3670,2748,2271,0.008190224570673713,0.005397987510752464,0.004544763720391732,-0.004271246147071775,0.0014476477553569027,-0.0030782453952250106
3671,2748,2282,0.008150744960560912,0.005630113422065618,0.002925344420803453,-0.0023663453111305867,0.0025014263618560574,-0.0032291567903823372
3672,2748,2252,0.005150976909413855,0.0054397489520274225,0.00024355997605012415,-0.004440497335701597,0.0036597852805894384,-0.00504067253466572
3673,2748,2293,0.005233318796336676,0.005906519609790628,-0.0007314891134536255,-0.0041866550370693425,0.0016991770388091565,-0.005816215447485886
3674,2748,2278,0.009920983318700616,0.007305263684855667,0.004712496987434599,-0.001185250219490781,0.008382653901631154,-0.0007770566842644357
3675,2748,2292,0.003141361256544503,0.0031530320664926487,0.0010026622207760085,-0.005584642233856895,-0.001083748079807272,-0.004740246805538004
3676,2748,2303,0.008336951801997396,0.008077370051206689,0.00677215578676514,-0.004863221884498481,0.0016835402311115675,-0.001874364678582866
3677,2748,2312,0.011072664359861593,0.010399206850420818,0.0066433609983534685,-0.0028979238754325265,0.003988738977570848,-0.0019205138410551387
3678,2748,2302,0.008861859252823632,0.006414775359813878,0.006437163581580234,-0.0027367506516072972,0.00344441135699581,-0.0009686050966628151
3679,2748,2289,0.009349060725207515,0.007606333432323253,0.008672018907746128,-0.002533857579729137,0.0046458242175476585,0.0010920120112377304
3680,2748,2297,0.0065302568567696985,0.006562170473329566,0.0033945403960388733,-0.005572485851110144,0.0023783614327610326,-0.004293629712655571
3681,2748,2274,0.00976253298153034,0.008666099503918378,0.007814115201552944,-0.0014951627088830267,0.003276553904191923,0.0004911320588742105
3682,2748,2267,0.00776356418173798,0.008606277185503578,0.006523454947648167,-0.0015880017644464052,0.0027205882030610596,0.0004783354793392374
3683,2748,2254,0.010292812777284827,0.008462416785605793,0.008664404286634791,-0.004614019520851819,0.0015142112356501707,-0.0014291930650655725
3684,2748,2274,0.010554089709762533,0.009822855219336742,0.007095965546571422,-0.0029463500439753727,0.005138991053137394,-0.0007586954148613566
3685,2748,2239,0.006788744975435463,0.0064567731499485664,0.0035712821366735755,-0.0041536400178651175,0.002828604894348668,-0.0033567371392226645
3686,2748,2265,0.009624724061810154,0.008099270509545476,0.007391764293810408,-0.004591611479028698,0.002632070496875032,-0.0014071854607307455
3687,2748,2269,0.007844865579550463,0.007138815520339776,0.004076177333280006,-0.003393565447333627,0.0007507905340999947,-0.0035618988754035717
3688,2748,2258,0.005314437555358726,0.007075719072007041,0.002034562424913167,-0.004074402125775022,0.002723355480707249,-0.0033507901234657487
3689,2748,2280,0.01043859649122807,0.00902195803977056,0.007178816096034446,-0.0039473684210526334,0.003352981281880107,-0.0015918290801429761
3690,2748,2267,0.009439788266431406,0.011030567366466529,0.0030275669994688785,-0.005910895456550508,0.0019045985341541985,-0.0060420093906257384
3691,2748,2320,0.0049137931034482765,0.006852730397078159,0.002753628395971396,-0.004224137931034483,0.003658809025192116,-0.003025960492910734
3692,2748,2323,0.008437365475678003,0.008984584201659549,0.00753184184053558,-0.0063710718897976755,0.0005007710807838851,-0.0031619229784857375
3693,2748,2274,0.010466138962181177,0.010134799035304117,0.008091172740439093,0.000351802990325417,0.006643951111766482,0.002303563159208285
3694,2748,2312,0.01237024221453287,0.010981284023114235,0.006803492857271169,-0.004628027681660901,0.004952757836592211,-0.0033686778313156054
3695,2748,2300,0.009043478260869568,0.009120878787828593,0.00353864066978729,-0.004782608695652173,0.0023869012790705304,-0.004580800445182378
3696,2748,2257,0.008949933540097476,0.008303363500429112,0.006524254441763462,-0.002303943287549845,0.0022768837696192324,-0.0006537859403465152
3697,2748,2267,0.006087340097044552,0.011122641033324731,0.0049441095465073024,-0.005116894574327304,0.005226010995073367,-0.0018419806493592183
3698,2748,2258,0.01195748449955713,0.011261928426678261,0.009132173861325853,-0.0034543844109831707,0.0035582701683562175,-0.00031704509411146836
3699,2748,2276,0.013620386643233744,0.010954764779494357,0.008004730207409048,-9.755914100396806e-20,0.006060826415400899,0.000940806988219837
3700,2748,2271,0.009687362395420519,0.0070329821601309425,0.005197013563906912,-0.007177454865697931,-0.0016059945685109544,-0.005857297664115885
3701,2748,2259,0.002921646746347942,0.007091333887291402,0.0022194072253191545,-0.005754758742806552,0.002851678860532149,-0.0034781834489516633
3702,2748,2276,0.008875219683655535,0.008548882665947747,0.007165045181865633,-0.004305799648506151,0.005467576473750877,-0.0005346946258738554
3703,2748,2278,0.010008779631255488,0.007642743263251622,0.007332347126329056,-0.004214223002633888,0.0026583023729330616,-0.0011419106468344826
3704,2748,2292,0.010907504363001745,0.007181154962179228,0.007944829947030751,-0.005890052356020944,0.0007636238990321782,-0.0032741034505122234
3705,2748,2263,0.007247017233760496,0.005963249834918069,0.003276531060304638,-0.008793636765355722,0.0019586542115962416,-0.006324773960166136
3706,2748,2311,0.009519688446559932,0.00814836298604417,0.006062563425902,-0.0028126352228472528,0.003306216022071573,-0.0010133037120916835
3707,2748,2287,0.0026235242675994755,0.006020865962968934,0.001985905388074328,-0.006689986882378664,0.0009815748709094275,-0.004876436005942776
3708,2748,2287,0.00865763008307827,0.006902102278037066,0.004530806724399279,-0.0034543069523393084,0.0013217317516457164,-0.003709656172143072
3709,2748,2257,0.01178555604785113,0.007895345850950277,0.008362829712374217,-0.0032786885245901635,0.004077910994072621,-0.0005271043575843076
3710,2748,2276,0.009402460456942003,0.009648847339441529,0.008000726708194813,-0.0048330404217926184,0.0015149085552016652,-0.0018660904756440072
3711,2748,2305,0.007635574837310196,0.005955531938505132,0.006694441696324092,-0.006724511930585684,-0.001038100425688084,-0.003102265189046204
3712,2748,2264,0.008922261484098939,0.008442244902576057,0.0060086118872231436,-0.0038427561837455827,0.002213985155416751,-0.0025869676054327984
3713,2748,2328,0.00627147766323024,0.008973620987258518,0.00330164904699006,-0.0038659793814432982,0.0008220597603891644,-0.0035819258312939388
3714,2748,2276,0.013796133567662567,0.0097836834877802,0.010028772137487967,-0.004393673110720563,0.00211660996193602,-0.0016344251813994457
3715,2748,2246,0.003116651825467498,0.004071231534175176,0.0007681370517849538,-0.005654496883348174,-4.538076588834669e-05,-0.005174850331642223
3716,2748,2271,0.007397622192866581,0.008738712296870945,0.006736880374050088,-0.0029502421840598863,0.002261405222849272,-0.0008346366570022663
3717,2748,2300,0.007391304347826087,0.007053122883196104,0.0036302243747185345,-0.0036956521739130443,0.0010538146205803876,-0.0037821018823910126
3718,2748,2272,0.011971830985915493,0.010198153134968631,0.0077390565549489065,-0.0026848591549295787,0.0014301494385362537,-0.0018639297959972979
3719,2748,2284,0.006654991243432575,0.009685840909096483,0.0038600696162895865,-0.0037215411558669,0.001640977781444097,-0.002812235765972286
3720,2748,2276,0.01001757469244288,0.008798326667115712,0.006372262474124701,-0.003427065026362039,0.005685951817266768,-0.0014967991621941438
3721,2748,2278,0.012818261633011413,0.010461402314724791,0.009481827570717914,-0.002897278314310799,0.002916618570982252,-0.001458805201370023
3722,2748,2262,0.006366047745358089,0.007110902513210666,0.005431466005727716,-0.0015473032714412036,0.007560346901791957,0.0008616455533594049
3723,2748,2298,0.006527415143603134,0.008362542661886487,0.003670128531676662,-0.0036553524804177557,0.003649099749708374,-0.002013297739696733
3724,2748,2255,0.012150776053215077,0.008753037420371021,0.007503883797859982,0.0005321507760532152,0.002599772868683776,0.00032698597603823603
3725,2748,2294,0.009851787271142111,0.008012016358392094,0.006186857596068123,-0.004359197907585004,0.0009725866304850537,-0.002524270708314216
3726,2748,2263,0.012638091029606717,0.010516161864894418,0.00854081527702256,-0.0026513477684489604,0.0033465362881359957,-0.001046399882819267
3727,2748,2311,0.008221549112938122,0.006931155161152442,0.0037108876757003576,-0.00527909995672869,0.0006660272454740791,-0.004875794401653705
3728,2748,2302,0.00799304952215465,0.007423016847115426,0.003444941063620902,-0.005212858384013901,0.0004856939139393257,-0.005199344326759728
3729,2748,2264,0.0049469964664310955,0.007890101553265489,0.00319152436996645,-0.0042844522968197895,0.0017947173948508776,-0.0027902629698372794
3730,2748,2296,0.006707317073170732,0.00703952294459454,0.0018371081078213283,-0.004921602787456445,-9.799262093492185e-05,-0.00558542652912733
3731,2748,2282,0.005433829973707275,0.008236456212812522,0.0021065338189200054,-0.004206836108676598,0.004239912021198251,-0.0032606509187081104
3732,2748,2251,0.004087072412261219,0.005404877458861005,0.0005645109589981647,-0.005464238116392715,-0.00019318593991491553,-0.0061723445305339
3733,2748,2257,0.003721754541426673,0.0033158176739569193,-0.0012901626676772317,-0.004519273371732389,0.002150679935768422,-0.005890601886033733
3734,2748,2293,0.009158307893589186,0.005754790739166369,0.006392752286119219,-0.00549498473615351,-0.002600800852856051,-0.0038711594279566925
3735,2748,2274,0.010114335971855761,0.008147587091575518,0.006338588660667831,-0.0029463500439753736,0.0006282212189766009,-0.0023930333462247834
3736,2748,2296,0.009059233449477355,0.010233531944673963,0.005825135483459955,-0.0009581881533101052,0.006575456596330369,0.0006695480694888702
3737,2748,2272,0.006426056338028169,0.005879796127740271,0.0033835831929201797,-0.006161971830985915,0.0006145485486394034,-0.004955660319964689
3738,2748,2254,0.007897071872227152,0.010119310262064495,0.005464495143238354,-0.0021295474711623776,0.0019472742492529747,-0.000850184581113973
3739,2748,2241,0.006604194556001785,0.00657652861066629,0.003321527530343752,-0.005934850513163767,-0.0003332633733518708,-0.004776396713448945
3740,2748,2275,0.008967032967032966,0.008003063948724739,0.004856394201465219,-0.0033846153846153857,8.478208529657769e-05,-0.0028185810638190513
3741,2748,2333,0.005486498071153023,0.004135228431763683,0.0005747493749562615,-0.004929275610801543,-0.0016696204684216985,-0.006700182810148585
3742,2748,2270,0.00881057268722467,0.007807680878272561,0.006174462390365539,-0.0027312775330396474,0.0013231882707470902,-0.002204194996597098
3743,2748,2241,0.011601963409192326,0.010897486404695083,0.009121132828061745,-0.006470325747434181,0.00021930447108222924,-0.003518838432803472
3744,2748,2268,0.004673721340388007,0.0058420922842009285,0.003871566009667844,-0.008201058201058202,0.002854862025194309,-0.003958790702320977
3745,2748,2250,0.01271111111111111,0.014231055960720123,0.008851152611264384,-0.0007555555555555559,0.0041442128539197634,0.0001673421601140114
3746,2748,2300,0.012521739130434782,0.007564670515646757,0.008872452047655865,-0.0033478260869565205,0.002351686290587991,-0.0013012561836291236
3747,2748,2268,0.007407407407407408,0.00637488744240515,0.005637444289186139,-0.0018518518518518508,0.002556248612831394,-5.362992346125991e-05
3748,2748,2287,0.008307826847398338,0.007936944030142286,0.005554570334155162,-0.0031919545255793616,0.0031070070302482372,-0.0019226226027858797
3749,2748,2316,0.007426597582037996,0.00910844741646123,0.004644077738510406,-0.005094991364421417,0.0027334558802668534,-0.0033902512735127658
3750,2748,2304,0.006510416666666667,0.006776357847112637,0.004078731237535698,-0.006076388888888891,0.0020276802554274245,-0.004291087953278853
3751,2748,2281,0.003594914511179308,0.007134420921876665,0.0013420996726856774,-0.006049978079789566,0.0018043501032891341,-0.0049410309895889844
3752,2748,2286,0.009448818897637795,0.009036398229299043,0.0054416174717951595,-0.00363079615048119,0.004452506283084266,-0.0027287353167468487
3753,2748,2279,0.010530934620447565,0.007480346264030088,0.008121598778594245,-0.0055287406757349705,0.0014052919742481523,-0.0018090249828122617
3754,2748,2266,0.011562224183583408,0.009439524925793055,0.0070902100209132915,-0.0023830538393645197,0.005718130549878319,-0.00044132741192421006
3755,2748,2270,0.007753303964757712,0.009163528862565702,0.004500042498879062,-0.0029515418502202647,0.005413797649007012,-0.0012518340750435196
3756,2748,2266,0.01491615180935569,0.011244808839423026,0.010547666909869557,-0.0011473962930273617,0.001985665167917449,0.0006581757858158964
3757,2748,2305,0.006073752711496748,0.007385516188211293,0.00426862989058349,-0.0006507592190889384,0.0039203818482924525,-6.985226349788118e-07
3758,2748,2315,0.006306695464362851,0.007284288291331151,0.0041846167017881705,-0.0038444924406047516,0.0025029917616502693,-0.0018723236082127585
3759,2748,2276,0.004042179261862917,0.006168075122190283,-0.00023979026850862704,-0.0032513181019332153,0.003045539459034454,-0.003943840937008472
3760,2748,2302,0.011207645525629889,0.009185140010051392,0.00811046407344091,-0.004300608166811467,-0.00021282285657762108,-0.002085076574297576
3761,2748,2241,0.006871932173136991,0.006350816610095471,0.003406146839516748,-0.005087014725568943,5.672389492839358e-05,-0.004190184334240143
3762,2748,2279,0.010706450197455024,0.00847183038204673,0.010542086117372304,-0.0037297060114085123,0.0028244136953943454,0.001135241603744553
3763,2748,2291,0.006896551724137932,0.00806733049911494,0.0038741048302489856,-0.004539502400698386,0.0006101078985553513,-0.0037665477471940647
3764,2748,2264,0.008568904593639575,0.0075144206873322995,0.006267169850891643,-0.005830388692579506,0.0009316258086105686,-0.003478768172627917
3765,2748,2315,0.010194384449244061,0.00617017567877078,0.0052513723428391145,0.0008639308855291568,0.0025721902742620816,-0.0002130454062084297
3766,2748,2298,0.012097476066144473,0.012984451529680283,0.010870986612926974,-0.0034377719756309827,0.0033804525619107874,0.0002335291369467454
3767,2748,2313,0.007349762213575443,0.0053451991289168105,0.0020758251933333453,-0.0062689148292261136,0.0024804734862791623,-0.005549792915398742
3768,2748,2273,0.009678838539375276,0.008367532540607825,0.006834210375680784,-0.0031676198856137264,0.002500759028080663,-0.0017647598148638627
3769,2748,2296,0.012979094076655052,0.00913714071158758,0.011947093459800731,-0.0033972125435540058,0.0022326039411621973,0.0010033042648750665
3770,2748,2289,0.013368283093053735,0.009592111121928266,0.011151666528288404,-0.00432503276539974,-0.0005918043004980954,-0.001482258312287171
3771,2748,2287,0.007433318758198513,0.004178007295729682,0.0074505852041380225,-0.005509400961958897,0.005666638449990681,-0.0003873476383204985
3772,2748,2266,0.005560458958517213,0.006113559585882884,0.0022447287770160657,-0.005075022065313328,0.0020869931814572608,-0.004780025823189184
3773,2748,2290,0.010829694323144104,0.011063496687987496,0.00890291030873156,-0.005371179039301311,0.002465957988568805,-0.0018610004748014696
3774,2748,2308,0.007538994800693242,0.006804007768604998,0.003655744974856877,-0.001126516464471405,0.005460624149032075,-0.0011459549367637887
3775,2748,2278,0.01000877963125549,0.008027311959559073,0.007569275113757282,-0.006145741878841089,-0.0009277308616221095,-0.003709063824961713
3776,2748,2269,0.009519612163948877,0.009046678474680688,0.006545452665646538,-0.004363155575143236,0.0031534416573149038,-0.002083919465157114
3777,2748,2309,0.008055435253356431,0.009073411558570846,0.008069251393127945,-0.0050671286271113045,-0.001851383722764165,-0.002542548413142901
3778,2748,2276,0.009578207381370827,0.00816166050347499,0.007964935504559777,-0.0028998242530755714,0.004760435559763022,0.000271505982471269
3779,2748,2294,0.008544027898866609,0.006682038520750934,0.007433735378433,-0.0007846556233653006,0.0028288099518567165,0.0011084056340570888
3780,2748,2265,0.006357615894039734,0.0073860225481940074,0.004823727646216993,-0.005209713024282561,0.0033863592247696758,-0.002404716504321359
3781,2748,2260,0.00823008849557522,0.00815741432371786,0.002340855454542434,-0.004513274336283186,0.004143019910211346,-0.00531868148993677
3782,2748,2296,0.008972125435540068,0.007223788139887364,0.0059602614507279555,-0.00470383275261324,0.0022343488523258693,-0.002772313329336043
3783,2748,2244,0.005614973262032086,0.006319158907004704,0.004126837138957428,-0.0027183600713012483,0.0016127942443395268,-0.0015794499553591415
3784,2748,2258,0.008325952170062002,0.006034342645234887,0.0054309872744545806,-0.0012843224092116915,0.0012771438413135723,-0.00118539516073344
3785,2748,2274,0.008707124010554089,0.007194738907787906,0.007957578635463949,-0.004001759014951627,0.0005313683679834353,-0.0007691134466963556
3786,2748,2294,0.007149084568439408,0.00657842340791305,0.00509150457633363,-0.001700087183958152,0.0019729686899960667,-0.00112667586522026
3787,2748,2289,0.007601572739187418,0.008746207026378334,0.005150274794587554,-0.0002621231979030147,0.007999378000214104,0.0009403206528227091
3788,2748,2262,0.00592396109637489,0.004787013147279427,0.004558234256108879,-0.006852343059239612,0.0006175866928180393,-0.0042895918450515215
3789,2748,2266,0.012091791703442187,0.010113899998843828,0.00647305905257202,-0.0031774051191526915,0.005498608009080125,-0.0019447382012206047
3790,2748,2271,0.0068692206076618224,0.007379547913591557,0.0057139665834384035,-0.006605019815059446,0.0008909971446768397,-0.003389224678891523
3791,2748,2301,0.012777053455019557,0.01064699762471781,0.009039199996843262,-0.0013472403302911776,0.00444195572934028,0.0002484257228394014
3792,2748,2263,0.010340256296950949,0.009288580283284801,0.00824361459088504,-0.005170128148475476,0.0008750126964782605,-0.002213388264533246
3793,2748,2258,0.0065544729849424275,0.005636131772274649,0.0016989409333210792,-0.005491585473870682,-0.00011284669302360536,-0.005967796586500343
3794,2748,2281,0.00789127575624726,0.008548658992761247,0.0034678358117662053,-0.0040333187198597084,0.0037335276105618658,-0.0031025117819199937
3795,2748,2270,0.008193832599118945,0.007549131128400718,0.005301724778947912,-0.004317180616740088,0.003301124045693297,-0.0027482490625991255
3796,2748,2272,0.009595070422535212,0.007204956387170819,0.005262111636259207,-0.0036971830985915504,0.004224162982085125,-0.0020540354444860266
3797,2748,2287,0.007258417140358546,0.004576347575400762,0.0047922387078757536,-0.003935286401399215,0.004331659863235742,-0.0016588135747561629
3798,2748,2294,0.012031386224934612,0.009037088914681963,0.007684562564013138,-0.004664341761115954,0.0002241932165320616,-0.0034643502216389044
3799,2748,2304,0.008854166666666668,0.008152966226086168,0.005699058737761349,-0.0052517361111111115,0.001991568458419592,-0.0032367342190149535
3800,2748,2262,0.00601237842617153,0.0071725718104464565,0.001729179365444382,-0.004111405835543767,0.0010132588766469431,-0.00444346563548595
3801,2748,2286,0.0074365704286964126,0.009631347635128885,0.005006831621326791,-0.0017935258092738398,0.007075192089185851,0.000494311945613541
3802,2748,2250,0.00791111111111111,0.0075068191145218925,0.004816146031553978,-0.007244444444444445,-0.001942897872691103,-0.004724012444951904
3803,2748,2291,0.004452204277608031,0.005023082809559718,0.002041399327555791,-0.005368834570056744,0.0003995399591135865,-0.004708345743983303
3804,2748,2324,0.00791738382099828,0.006866949101184742,0.006183607058959755,-0.005335628227194493,-0.0001442989607951763,-0.002656903882313996
3805,2748,2271,0.006076618229854691,0.008350656447807067,0.004652064696144988,-0.0016732716864817252,0.003411016572379885,-0.000251051908071441
3806,2748,2295,0.010021786492374727,0.007109018088075,0.004583527897305594,-0.00252723311546841,0.004609254720693788,-0.0029346963737992573
3807,2748,2268,0.01455026455026455,0.012924206856977817,0.014467288734549229,-0.002557319223985891,0.005996490729054118,0.0037550230817537233
3808,2748,2257,0.010722197607443508,0.006131600294771109,0.006305557782203442,-0.004164820558263181,-0.0007065151182823649,-0.003513070803068099
3809,2748,2274,0.01108179419525066,0.009119876101643087,0.008295501527647634,-0.0032541776605101145,0.002261974468683324,-0.0009922938531412573
3810,2748,2272,0.009507042253521126,0.006532978562420398,0.007645537837988023,-0.002376760563380281,0.0026366878637858627,0.00011297417093978623
3811,2748,2299,0.007481513701609393,0.00857352903199517,0.0019261270979528194,-0.006655067420617659,-0.0015529656990421635,-0.006771269030952623
3812,2748,2261,0.008491817779743477,0.0062403162516201415,0.0067698553515820135,-0.002521008403361345,0.002278725112705381,-0.00047759300364586394
3813,2748,2287,0.015216440752076956,0.008175761833982822,0.01147669413588882,4.3725404459991295e-05,0.006096829656200979,0.002508231693193136
3814,2748,2320,0.00956896551724138,0.008545004394145673,0.0050422032963316965,-0.0032758620689655165,0.004532950798808544,-0.0024508562538586645
3815,2748,2245,0.005701559020044543,0.007323375175066379,0.0026715746051622553,-0.0031625835189309595,0.00427799216897337,-0.0023304528873986223
3816,2748,2268,0.008818342151675485,0.009539730349754201,0.007548162216661676,-0.003527336860670194,0.0025611698467022243,-0.00046880548538165493
3817,2748,2263,0.0073353954927087945,0.004118760977521449,0.00625858098174429,-0.0038002651347768457,0.0014320449277578672,-0.0013785730693369582
3818,2748,2266,0.010679611650485437,0.006852917700279376,0.006353535428493296,-0.004280670785525154,0.000902867283287369,-0.0033192698824464424
3819,2748,2281,0.010697062691801838,0.011911413408904737,0.009372367704257615,-0.0016659359929855333,0.004869065331260112,0.0013709575770125791
3820,2748,2253,0.011185086551264982,0.007828479916657272,0.006378104953810464,-0.0038171327119396357,0.0034090860381425885,-0.0025219286925848338
3821,2748,2240,0.011875,0.009254049758475593,0.007420935320963583,-0.001026785714285715,0.0032997312561155027,6.825739044977999e-05
3822,2748,2273,0.00994280686317642,0.008245351448320067,0.007963584627649721,-0.0010558732952045762,0.0012761948996857003,0.00020969256701728654
3823,2748,2243,0.005260811413285778,0.008523778351050223,0.005619859782619857,-0.005751226036558182,0.0013739913116073302,-0.0022898951954003974
3824,2748,2249,-0.0006224988883948415,0.005699570049064474,-0.001120967419660103,-0.0027123165851489555,0.005394974237634626,-0.0022315339085083583
3825,2748,2276,0.008699472759226713,0.0072615166774413625,0.005508975665003473,-0.0034270650263620393,0.0024827523774384147,-0.002222176625577577
3826,2748,2283,0.006570302233902759,0.007116259767460176,0.005493668485424512,-0.006176084099868593,0.0004680010428730341,-0.0038024048493710493
3827,2748,2274,0.008091468777484607,0.00523833729369744,0.004538393186297776,-0.007343887423043097,-0.0026762482173415736,-0.005833137342869691
3828,2748,2288,0.013199300699300701,0.01035453630206649,0.010013507398190008,0.0012237762237762232,0.0061093437762705025,0.003054501495903326
3829,2748,2270,0.006343612334801762,0.0067619129327292265,0.005122620651917625,-0.0046696035242290755,0.002752162886311014,-0.0021407748129011503
3830,2748,2313,0.009511456982274102,0.008261682414737136,0.004804249902382088,-0.003804582792909643,0.0037957050940619513,-0.002541705697869893
3831,2748,2294,0.008544027898866609,0.008499006327454421,0.006553103531605758,-0.005274629468177854,0.0016068001409382069,-0.002935551560663101
3832,2748,2274,0.009058927000879506,0.008724126727394255,0.004924177179235115,-0.005892700087950748,0.00014247834118779527,-0.004747468159843228
3833,2748,2277,0.008519982433025914,0.007216367087875517,0.008666275017194308,-0.0013175230566534926,0.0017133159738449972,0.0011459698426526765
3834,2748,2241,0.005176260597947346,0.006794882991280329,0.004526038108947352,-0.0038375725122713074,0.002398484912162405,-0.001219113135757233
3835,2748,2304,0.006857638888888889,0.0067268994570939215,0.006864166781372592,-0.0062499999999999995,0.0012748722576338366,-0.0020357972007001104
3836,2748,2309,0.009874404504114335,0.009910983983194928,0.008401487025670439,-0.0011260285838025107,0.0044572151653521535,0.0010294365783023647
3837,2748,2302,0.005560382276281495,0.007424827242381437,0.004544073258386865,-0.0033014769765421373,0.00097780792685866,-0.001650777558054603
3838,2748,2270,0.010484581497797359,0.008878132244138078,0.00746553189214013,-0.0024669603524229075,0.00025542841978902183,-0.0011138401050601265
3839,2748,2295,0.009150326797385621,0.010249061173537433,0.007565518886605832,-0.004793028322440087,-0.0015136543442135929,-0.0023737815271951727
3840,2748,2312,0.012283737024221456,0.008115097025099719,0.007923671840063274,-0.0003460207612456733,0.0025310926456801565,-0.0002885212855963342
3841,2748,2288,0.007255244755244756,0.004982379446919731,0.00411275587660132,-0.00270979020979021,0.0029231139248839366,-0.0019147983382596398
3842,2748,2273,0.005895292564892213,0.00626885481925285,0.005372067134800838,-0.004267487901451826,0.002580809523151491,-0.0010934540864293643
3843,2748,2271,0.0065169528841919865,0.008568218585486042,0.003561750960885133,-0.005107881990312637,0.004238498090923575,-0.0034465579538472827
3844,2748,2267,0.008822232024702252,0.010583817615119975,0.005281680198758548,-0.00524922805469784,-0.0006297518603960343,-0.004100482201224359
3845,2748,2248,0.010676156583629894,0.010980340951684393,0.00819455080620757,-0.00302491103202847,0.0013175593909167467,-0.001233543717099405
3846,2748,2318,0.007679033649698016,0.007738329702345332,0.0029205210156091122,-0.0062985332182916316,-0.0008936816339770506,-0.006098994373938579
3847,2748,2288,0.0066433566433566444,0.009353116720100365,0.002548328481576053,-0.004895104895104895,0.0029447432575920173,-0.003941208123653492
3848,2748,2283,0.0056942619360490585,0.004557869890844128,0.0025248916469726326,-0.005081033727551467,7.734346875242902e-05,-0.004528303678182658
3849,2748,2287,0.002361171840839528,0.0031059605706314744,-0.001649178857754123,-0.005640577175338871,0.003778101204727877,-0.005497031846911941
3850,2748,2274,0.007475813544415127,0.007301110152606917,0.005736020780834794,-0.0056728232189973615,0.00023030375130875616,-0.0031339060288097507
3851,2748,2295,0.007058823529411764,0.007865882439017872,0.004556881010768325,-0.003311546840958607,0.0035310495624270915,-0.0014815174537710482
3852,2748,2265,0.0117439293598234,0.010532915528162563,0.008300790834953066,0.00030905077262693146,0.003798674963526617,0.0011187689753682012
3853,2748,2275,0.009582417582417582,0.010697524539919508,0.00785121841302207,-0.0032527472527472522,0.00583245066090757,0.0005720706133416077
3854,2748,2271,0.0066930867459269044,0.006039782293511773,0.002851560052105156,-0.0066050198150594455,0.0003722728730393563,-0.005661665348808161
3855,2748,2243,0.00436914846188141,0.004940543670241041,0.002432485105840637,-0.005662059741417744,-0.0004881230836298127,-0.005031384901750251
3856,2748,2244,0.006327985739750445,0.005808153502685516,0.0033876301678586844,-0.003921568627450982,0.0006499783546053547,-0.0035738835946019774
3857,2748,2294,0.010200523103748914,0.008615237879362254,0.005087243211481595,-0.0031822144725370525,0.0016373935806541053,-0.0034401191310401
3858,2748,2287,0.009357236554438129,0.00820151560975751,0.005654130962935625,-0.00174901617839965,0.0047608649493305925,-0.0010127176781716159
3859,2748,2296,0.009756097560975611,0.009976134350960971,0.00644557254195524,-0.003048780487804878,0.004687707494323209,-0.0017696644081953144
3860,2748,2270,0.007400881057268721,0.00804437444322865,0.004773459746934731,-0.004229074889867841,0.0034228709939417962,-0.0029037351641582354
3861,2748,2289,0.005329838357361292,0.007533203539410538,0.001491099611375457,-0.0048929663608562705,0.000332746521063798,-0.005137847343464534
3862,2748,2275,0.005186813186813187,0.004766588044062344,0.00039467039011995827,-0.006505494505494506,0.0018482482245888536,-0.0064973559438863794
3863,2748,2298,0.004786771105308964,0.005931301662213629,0.004309578465035588,-0.00217580504786771,0.0028455921897045304,-0.00034639422167619783
3864,2748,2272,0.010035211267605633,0.008178070323289028,0.00730019694900133,-0.004577464788732395,0.005053449798503484,-0.0015638501521539352
3865,2748,2279,0.007985958753839402,0.00766524024841556,0.006451622884444175,-0.004519526107942079,-0.0010315539810873406,-0.002795140878670934
3866,2748,2242,0.008206958073148975,0.011065009388911421,0.00518491814487478,-0.005307760927743086,0.002449530353167164,-0.0030284441209433056
3867,2748,2269,0.012075804319083295,0.006878763059044693,0.0064065622975810746,-0.00035257822829440257,0.0037523057447032904,-0.0006123744312505214
3868,2748,2267,0.007851786501985002,0.009281359679534829,0.005283142216823448,-0.0041905602117335685,0.001371759660990491,-0.0030085452224157816
3869,2748,2304,0.010329861111111109,0.00830610098770327,0.0066264883901036385,-0.0034288194444444453,0.003258982916881041,-0.0012341393224407744
3870,2748,2279,0.00579201404124616,0.006451566002134895,0.002473538643055256,-0.004563405002193945,-0.0011031058778312125,-0.00474490706921166
3871,2748,2275,0.009054945054945055,0.009962573993423906,0.008103073846238311,-0.004791208791208792,0.001030769931613425,-0.001351178951083524
3872,2748,2295,0.00766884531590414,0.009632796900532046,0.0074353394474163375,-0.003572984749455337,0.004718872235766547,9.901703724923091e-05
3873,2748,2260,0.002920353982300884,0.004656681617167238,0.0010736926822106892,-0.004336283185840707,0.00138802113115901,-0.0036392961445371155
3874,2748,2255,0.010465631929046563,0.005801168515218838,0.006909272731701222,-0.0011529933481153009,0.0006116242231703465,-0.0001359216180236375
3875,2748,2251,0.004975566414926699,0.0062512409047894135,0.0040105428880751436,-0.00648600621945802,0.0011096375590859276,-0.0037157071499525247
3876,2748,2284,0.007092819614711035,0.006359682417605149,0.004133955597522393,-0.004290718038528897,0.00030166259644921387,-0.0036271474597635504
3877,2748,2280,0.0075438596491228084,0.005859947298394272,0.006103720176628139,-0.005350877192982457,0.001213156119220633,-0.0028799986777648216
3878,2748,2261,0.006015037593984962,0.005778066451574735,0.0014682264271248283,-0.006059265811587794,0.0003656371568678539,-0.00625174140475159
3879,2748,2298,0.013489991296779809,0.010148222255478732,0.012486523476571412,-0.00443864229765013,0.0017541621727777334,0.0003615937569210221
3880,2748,2288,0.007430069930069932,0.009611385641672491,0.0055808661193029714,-0.002666083916083916,0.0034285193352745864,-0.000790180224659245
3881,2748,2258,0.009477413640389724,0.007464054372709999,0.009008610325253805,-0.004650132860938882,-0.00046958217047265966,-0.0010534552123277658
3882,2748,2282,0.0056967572304995615,0.00745065564976362,0.0025082040292704927,-0.002103418054338299,0.005837856576568689,-0.0013414817037698036
3883,2748,2308,0.00901213171577123,0.009363245016548519,0.005669337957998879,-0.005545927209705373,0.003779683880065715,-0.002816548190416356
3884,2748,2260,0.008141592920353984,0.00877033508964283,0.005989522227089167,-0.0030973451327433637,0.00665283814173182,-8.043157635058396e-05
3885,2748,2308,0.006412478336221837,0.00835190366860041,0.005302870094558566,-0.005199306759098788,0.0011331453643253623,-0.0027647677424182827
3886,2748,2292,0.008726003490401396,0.008332206546424817,0.007778036452120401,-0.006151832460732985,0.00042603420188733264,-0.002186467395051485
3887,2748,2330,0.010042918454935624,0.007472041176530213,0.0027633450832944603,-0.0024463519313304718,0.004337567888339962,-0.0037289127347010834
3888,2748,2288,0.010751748251748251,0.007688148307904466,0.008811785603857248,-0.0010926573426573427,0.002241270165177119,0.0003602554816271155
3889,2748,2269,0.014191273688849714,0.010108476525579835,0.011917185960979643,-0.00374614367562803,0.0020504945405764525,-0.00041848075864941227
3890,2748,2257,0.008595480726628267,0.0064598951050497,0.007268798822037147,-0.004297740363314135,0.001248179339486406,-0.0012410470795042494
3891,2748,2295,0.004095860566448801,0.0037795002559105665,0.003323175822499767,-0.004008714596949891,-0.00018533774996678593,-0.003176175806853955
3892,2748,2286,0.005774278215223098,0.007765359613717266,0.004932561654330118,-0.006124234470691163,-0.000650213724431232,-0.004098045417013595
3893,2748,2305,0.00737527114967462,0.00790655354573833,0.0055943739783682455,-0.005336225596529284,0.003390509207148249,-0.00271515318474619
3894,2748,2268,0.006613756613756613,0.003578199849684637,0.003914357738693543,-0.0032627865961199296,0.002772055866785612,-0.0020148700725233825
3895,2748,2278,0.008955223880597014,0.010008204721064094,0.008196227486115948,-0.0038191395961369628,0.004841231413265795,0.00047712116533304007
3896,2748,2308,0.008492201039861353,0.009154780777456937,0.006745238814778397,-0.0029029462738301565,0.003151068189819986,-0.0011497316587869828
3897,2748,2263,0.011400795404330533,0.008049950931764726,0.003998639675332403,-0.004463102076889086,0.0038349856380875715,-0.004765438023236041
3898,2748,2251,0.013327410039982229,0.012925499100863552,0.011347660541774524,-0.0034207019102621057,0.004307306517196483,0.0004902221596141439
3899,2748,2251,0.007107952021323855,0.006618060828798211,0.002862613477464466,-0.005064415815193248,0.002758368749737737,-0.004876920172803929
3900,2748,2272,0.006249999999999999,0.005438678750304295,0.0026322788391383444,-0.002508802816901409,0.002376854487897294,-0.0027839707782087698
3901,2748,2281,0.009469530907496712,0.008145755421889906,0.00804616232664284,-0.005786935554581324,0.0012342070453847742,-0.0017842113336872323
3902,2748,2294,0.00941586748038361,0.009347527202764869,0.006007211605740152,-0.004097646033129903,0.004487792664733841,-0.0018744957701835908
3903,2748,2278,0.010359964881474979,0.00971953056496674,0.007559364874397373,-0.0022827041264266903,0.0029609213586320503,-0.0006266855294293034
3904,2748,2320,0.007758620689655172,0.009416015350538442,0.006670119260631743,-0.006120689655172413,0.002920206656976767,-0.001878554524247076
3905,2748,2278,0.00781387181738367,0.009080255022310909,0.0034543532104668716,-0.004038630377524145,0.002686443330436104,-0.004117618645546089
3906,2748,2264,0.008303886925795052,0.00555796732828411,0.0034576420292956878,-0.0032685512367491166,0.0009440593406594175,-0.003405703551303443
3907,2748,2251,0.009240337627721012,0.005841600327568878,0.008570459018884142,-0.0033762772101288314,0.003924104035253206,0.0003282758149429655
3908,2748,2264,0.008215547703180212,0.009127091416363958,0.00673574812612086,-0.0042844522968197895,0.0029173272861750003,-0.0015058189422880496
3909,2748,2285,0.00814004376367615,0.007463519864333109,0.005489347202649831,-0.004376367614879651,0.0025791574386453265,-0.0020861907504572323
3910,2748,2266,0.009443954104148278,0.008842179404662606,0.0027403075742395517,-0.004104148278905561,0.004985898719552757,-0.004492685215346988
3911,2748,2268,0.008994708994708996,0.007402087093879532,0.006167865831694203,-0.004012345679012345,-0.00015958966941239232,-0.002435338925198407
3912,2748,2315,0.009244060475161986,0.009277776004143373,0.007975784747831971,-0.004190064794816416,0.004096192333452724,-0.0004658539352362043
3913,2748,2260,0.010530973451327435,0.007879170208034402,0.005465944652121986,-0.0025221238938053095,0.002921984464366142,-0.002208712619581211
3914,2748,2285,0.004901531728665208,0.006577850687065577,0.0039029203401674,-0.0049015317286652095,0.0017898828495250096,-0.0027916891318524716
3915,2748,2261,0.00813799203892083,0.005307540526468896,0.0032216757412106885,-0.004245908889871738,0.001059820841147514,-0.003996816471959002
3916,2748,2247,0.008989764129951044,0.007767111564934622,0.006365614410413553,-0.0054739652870494,0.0024691062819544095,-0.0032574132053151262
3917,2748,2290,0.008820960698689956,0.011226163682532653,0.00690084418742125,-0.0016593886462882095,0.004950203319122772,0.0007376401756554002
3918,2748,2309,0.01325249025552187,0.008230988538390186,0.009655164524123688,-0.004027717626678216,0.0026836473641215918,-0.0015321051125582602
3919,2748,2308,0.007972270363951473,0.007137134549400788,0.0041558834200663775,-0.0017764298093587525,0.004029824658941962,-0.0013087429998104036
3920,2748,2264,0.005918727915194347,0.0033982176960727253,0.002269857464376569,-0.005035335689045938,0.0008892593222092601,-0.004684794181773134
3921,2748,2266,0.010856134157105032,0.008794468554931024,0.007947327109189696,-0.0025595763459841134,0.007316477584772383,0.00031669049588745047
3922,2748,2261,0.009730207872622734,0.007977801728081348,0.006029082278498608,-0.0014153029632905819,0.006600797890731267,0.0006032779762686412
3923,2748,2294,0.002615518744551004,0.0029676263453407357,-0.00011386499996103686,-0.004620749782040107,-0.0002705864878213771,-0.005132479432830016
3924,2748,2233,0.007523510971786834,0.010867184061363689,0.007220008100839992,-0.0022391401701746527,0.003509820703539593,0.0003255990965245741
3925,2748,2272,0.011003521126760563,0.00777397996461814,0.008727725021262418,-0.0011883802816901412,0.0021313861372544607,0.0006686569071735294
3926,2748,2285,0.010240700218818384,0.011220915931726767,0.008015091090446425,-0.003676148796498906,0.0079404489349515,7.305644551177122e-05
3927,2748,2272,0.00642605633802817,0.00728692933642208,0.004976938529769503,-0.0028169014084507052,0.0031992119745567317,-0.0006565221378012398
3928,2748,2281,0.008855765015344148,0.006107758713547905,0.005313260731957251,-0.002761946514686543,0.004127777143288856,-0.000966387639023086
3929,2748,2322,0.006201550387596898,0.005955967239433554,0.004251262613446617,-0.004306632213608958,0.0015713712950577686,-0.0029639886146086516
3930,2748,2278,0.007287093942054432,0.007518897862612813,0.0034817988779626465,-0.0028533801580333624,0.0024012956467502813,-0.0020692651075613147
3931,2748,2292,0.0076788830715532296,0.008763859842817212,0.005566652395115821,-0.00231239092495637,0.005471547642015665,-0.0004206294649889928
3932,2748,2250,0.00808888888888889,0.008089475389385587,0.005842468837437914,-0.0063999999999999994,0.0012267322858948817,-0.0033551692369209424
3933,2748,2249,0.008092485549132947,0.007588228227597477,0.0038246201716998127,-0.0035571365051133837,0.003359784915880946,-0.0032966764793863085
3934,2748,2271,0.011712901805372083,0.007138419385919322,0.009482193527328635,-0.0028621752531924264,0.0035769411735571176,0.0002372204841869581
3935,2748,2259,0.016113324479858346,0.013168321012019351,0.01531777072137282,-0.0009738822487826473,0.005163674175448639,0.004275252890984872
3936,2748,2254,0.008074534161490685,0.010599848161577314,0.005758519909786785,-0.004702750665483585,0.003088249957239162,-0.002327465413925344
3937,2748,2243,0.006152474364690148,0.0030224027263582925,0.001029333391533782,-0.003878733838609007,0.00044251069259195657,-0.004805495603166777
3938,2748,2285,0.012428884026258205,0.00969652796852251,0.008983320122670268,-0.003719912472647704,0.003371889264203046,-0.0008417188414016928
3939,2748,2285,0.009190371991247264,0.004453326462297966,0.003938855219223952,0.0011378555798687105,0.0034714604117912825,-0.0007076336799571968
3940,2748,2286,0.009711286089238847,0.008118586879421385,0.005713364840866373,-0.004330708661417322,0.003007707934127193,-0.0029364549623107188
3941,2748,2286,0.009711286089238847,0.006065917189031177,0.005643767672645049,-0.0048556430446194225,0.0033474297607495483,-0.003041552701022983
3942,2748,2288,0.006293706293706293,0.005108519204190617,0.0036673587706767376,-0.0048513986013986035,0.0018279576150751254,-0.003832649648870768
3943,2748,2263,0.0038002651347768457,0.0032723079360068696,0.003083372375415602,-0.003800265134776845,0.001812893684665002,-0.00207762532258482
3944,2748,2281,0.006926786497150374,0.0062096684299012914,0.004511644123107074,-0.006926786497150373,0.0023718579822858987,-0.0038764673242348197
3945,2748,2289,0.003145478374836174,0.004078802888867075,-0.0007205995983157555,-0.008737439930100482,-0.0017416302206856543,-0.008491640820905606
3946,2748,2267,0.01279223643581826,0.009537488704658603,0.010547575772337694,-0.004058226731363034,0.0019087673321109794,-0.0011670465883645597
3947,2748,2241,0.008835341365461847,0.0065448601075642175,0.006167743867836724,-0.0028112449799196785,0.0019634731966568634,-0.001941816512985066
3948,2748,2263,0.00477242598320813,0.006970494703330233,0.0019879222809423276,-0.005877154220061866,0.0021874527202238253,-0.004887996646684514
3949,2748,2286,0.00988626421697288,0.008440086361096272,0.006880956814832615,-0.005818022747156606,0.00342947238414611,-0.002797553507961444
3950,2748,2266,0.012621359223300974,0.009645331796002219,0.008867707026007069,-0.002250661959399823,0.0012470103213805814,-0.001297012795465585
3951,2748,2246,0.00854853072128228,0.007332348708257987,0.0045824134757391395,-0.0016473731077471065,0.0036276149897845225,-0.0014048763253479116
3952,2748,2282,0.009815950920245398,0.00822246015571052,0.007472877934825237,-0.007055214723926381,0.0013387327572714721,-0.0032585422736825537
3953,2748,2287,0.009707039790118058,0.007893749834076608,0.005075880430707491,-0.0058154787931788375,0.0011410169913856768,-0.0044312982245197545
3954,2748,2304,0.006597222222222223,0.008144545755436326,0.004236318685745314,-0.004079861111111112,0.0023163832009648216,-0.002037619855072662
3955,2748,2302,0.005299739357080799,0.006412858190226226,0.003787835773033475,-0.004648132059079061,-0.0005682244768153871,-0.003722549161996807
3956,2748,2287,0.010056843025797988,0.00909242958284593,0.006342627385696107,-0.0013117621337997384,0.002030286076850042,-0.0011157357290903312
3957,2748,2267,0.005381561535068372,0.006816577538992876,0.00330975918913704,-0.006043228936921041,-0.0015632835018967019,-0.00458505379340393
3958,2748,2290,0.007074235807860263,0.006737019600584051,0.003937492598692029,-0.005240174672489081,-0.000655711811764639,-0.004426991271541013
3959,2748,2289,0.004630843162953254,0.007922160589633066,0.0032439895109905126,-0.0035823503713411967,0.004468128105109143,-0.0017508282858069376
3960,2748,2309,0.008748375920311822,0.008027073772494576,0.006235573119600496,-0.0022087483759203126,0.0038486834167286094,-0.00015568410233530734
3961,2748,2333,0.010715816545220747,0.008445257778590346,0.007236222952712009,-0.0001714530647235315,0.003229060854172895,0.0007346884686791983
3962,2748,2274,0.008355321020228672,0.006879137480887181,0.007397240273462372,-0.004221635883905012,0.000967508404728818,-0.0019009322057772736
3963,2748,2244,0.00998217468805704,0.007769542477566959,0.004752784745561432,-0.0053921568627451,0.0007413311924972245,-0.004719614662903546
3964,2748,2298,0.007223672758920802,0.008620305242220941,0.0036363160745832403,-0.0053959965187119225,0.0015897975791566992,-0.004397380482836312
3965,2748,2277,0.007817303469477383,0.008527131515350169,0.00750833723569554,-0.0019762845849802366,0.002122282681362253,0.0008052266049405195
3966,2748,2288,0.015384615384615385,0.010496430932071183,0.012292859053347373,0.0024038461538461544,0.012141684524851684,0.005674632096609961
3967,2748,2303,0.010681719496309163,0.0043616008121233054,0.005203280486970199,-0.0016500217108119846,0.0038822841637471735,-0.0016599998323109013
3968,2748,2270,0.009691629955947136,0.009331780213500292,0.007357328190115544,-0.0011453744493392065,0.0038255589042387786,0.0007639390957422974
3969,2748,2270,0.008193832599118944,0.007392923533787142,0.006950026922735533,-0.0006607929515418508,0.007023332867724502,0.0019002287886638414
3970,2748,2281,0.010872424375274001,0.008760880395511645,0.008075860408077035,-0.0010521701008329683,0.0027051450427476396,2.141768429148231e-05
3971,2748,2306,0.00745880312228968,0.00412342500053469,0.005363106383563548,-0.0039028620988725065,0.0019607908651086865,-0.0019018588378694856
3972,2748,2287,0.007958023611718407,0.008330072361364642,0.005375437601838139,-0.0019676432006996065,0.005149132520323664,-0.0006471505544626072
3973,2748,2276,0.011423550087873463,0.008262280240072533,0.005432957949805708,-0.004569420035149385,0.0032012359235736093,-0.003938595813877952
3974,2748,2284,0.005516637478108582,0.006536316677907666,0.0013748645652308467,-0.008493870402802101,0.0006753260126574712,-0.007353851859055289
3975,2748,2277,0.011155028546332893,0.009096757758590883,0.006392914208690881,-0.003118137900746597,0.004113562773594269,-0.0025181478076624366
3976,2748,2300,0.005478260869565216,0.007831251869205897,0.0038960301554814736,-0.004,0.00548621726626243,-0.0020688037971218457
3977,2748,2289,0.012407164700742681,0.009690610947206326,0.008105038377214158,-0.005067715159458279,7.642751269223566e-05,-0.002812561329883463
3978,2748,2278,0.007550482879719052,0.007925317855805289,0.0054410750015945,-0.005267778753292361,0.0052948380615046005,-0.0023099663212037018
3979,2748,2298,0.011140121845082682,0.009401550270954148,0.009750153728352197,-0.0007397737162750223,0.0043953943874316045,0.002368594433005299
3980,2748,2289,0.010747051114023591,0.010017875398633365,0.008585943969879701,-0.004805591961555265,0.0009919540179025856,-0.002412993050794187
3981,2748,2286,0.004986876640419947,0.00947898851419144,0.0038251356476421573,-0.003018372703412074,0.005282242040286646,-0.0006773939938834102
3982,2748,2250,0.005777777777777779,0.007106465609262895,0.0032156706058764223,-0.004622222222222222,0.0010361918510747134,-0.004094251164604815
3983,2748,2276,0.011423550087873463,0.011421963877509508,0.007317993278362841,-0.0043057996485061515,0.0012253291137497063,-0.0030053019135168006
3984,2748,2266,0.00917917034421889,0.00821867565809085,0.005147041709213547,-0.004457193292144749,0.0030062899446726787,-0.0029461059455741694
3985,2748,2253,0.004793608521970706,0.007121806066816223,0.001984623878561019,-0.0020861074123391045,0.005842604420465949,-0.0010906218690680354
3986,2748,2268,0.009964726631393299,0.007110454015391079,0.004878885924318345,-0.004541446208112875,0.003111523590934639,-0.003586183666043447
3987,2748,2295,0.007233115468409586,0.006475968018464417,0.003604394385496135,-0.004618736383442266,0.0011039294813337468,-0.003769489985919856
3988,2748,2233,0.007971339005821764,0.0054664739829004385,0.0016493607198351462,-0.0026421854008060906,0.0003111354653868577,-0.004943715234026301
3989,2748,2276,0.005887521968365553,0.009195367090316516,0.0043868326900940785,-0.006151142355008788,0.001972279496236815,-0.003239462236117855
3990,2748,2250,0.012533333333333334,0.009344670366309019,0.005421200129270816,-0.0057777777777777775,0.003757809382535702,-0.0053712831681475325
3991,2748,2265,0.007593818984547462,0.00884343157980799,0.004188567098519057,-0.005827814569536424,0.0015133784751713004,-0.0035606409884179745
3992,2748,2246,0.011219946571682992,0.009534461403171244,0.008236210440852673,-0.004185218165627783,0.0039055482085160057,-0.001069932557329436
3993,2748,2282,0.009640666082383875,0.00908717086147581,0.0069119821013597605,-0.001928133216476776,0.0042307434609640815,0.0001728799073197486
3994,2748,2260,0.008761061946902658,0.007821458614618,0.004281591947652945,-0.0036725663716814156,0.004158228017845629,-0.0024006152446173004
3995,2748,2231,0.008695652173913044,0.01149613855897882,0.006717067711691236,-0.004347826086956522,0.0024118215819219865,-0.0022948981269855055
3996,2748,2278,0.008252853380158034,0.009016087565307938,0.004809529599754624,-0.006057945566286216,0.0026354949224803377,-0.004149097224834351
3997,2748,2256,0.009663120567375885,0.009034109735883202,0.0077944825376728925,-0.00039893617021276594,0.005541652961043455,0.0016506288246867073
3998,2748,2310,0.006666666666666667,0.006958594790664515,0.00564210640678081,-0.0060173160173160175,0.0009003122656514332,-0.003284332236726316
3999,2748,2254,0.008695652173913044,0.00524646849542857,0.003480528347779646,-0.002883762200532387,0.0003721125742669894,-0.003803756515860347
4000,2748,2262,0.010698496905393456,0.01149755274248079,0.009281884145311406,-0.006366047745358091,0.0013851735554053935,-0.0025683206546900095
4001,2748,2279,0.0018429135585783243,0.005850304484800783,0.0013580039024820917,-0.008556384379113647,0.00018902911878935857,-0.006140562922861039
4002,2748,2311,0.007615750757247945,0.011480510574316604,0.005091107256363479,-0.005452185201211597,0.002658967108031448,-0.003865854805212095
4003,2748,2251,0.010395379831186139,0.010165895330260405,0.007620900873175568,-0.0021323856063971583,0.004669281482325827,-0.000323981939350768
4004,2748,2307,0.012483745123537063,0.00845898981355752,0.0077766360280724445,-5.774892195709527e-19,0.0055039766078701325,0.0005019386216547134
4005,2748,2275,0.0074725274725274725,0.007992060065300668,0.006747983190408104,-0.002681318681318681,0.0019217778967141267,-0.0004408516867359548
4006,2748,2299,0.006350587211831232,0.006437437417724446,0.002648610714095754,-0.004045237059591127,0.006007501422774975,-0.0029467935774925643
4007,2748,2312,0.005795847750865053,0.009331830457726654,0.003948641767332026,-0.0042387543252595155,0.002409595233963556,-0.0030994804704791816
4008,2748,2277,0.007553798858146685,0.005577276318280358,0.004097376427619141,-0.002020202020202021,0.0039444943339695905,-0.0011539580784598687
4009,2748,2285,0.0125164113785558,0.008807765673516023,0.008362740367484219,-0.0015317286652078766,0.005141040902492892,0.0003240722398059113
4010,2748,2263,0.0061864781263809105,0.006499995604284382,0.004493522416620433,-0.0018559434379142729,0.005377483507428405,-0.00029999790575333603
4011,2748,2251,0.005686361617059084,0.0063869512681302715,0.002882943031353569,-0.00475344291426033,0.0016601401959864467,-0.003988301330492193
4012,2748,2254,0.009582963620230702,0.009921822204468002,0.006368205953837986,-0.00771960958296362,-0.001544591714893856,-0.0050809820467960865
4013,2748,2295,0.008453159041394334,0.00807601449232425,0.007077556083679523,-0.004226579520697167,0.0030894113530076086,-0.0014020742822185796
4014,2748,2273,0.009326880774307085,0.00890499198929358,0.005926405897534283,0.0014958205015398155,0.005766884477829036,0.0016425285503134357
4015,2748,2271,0.004051078819903126,0.007103693938808165,0.002954682128022008,-0.004227212681638046,0.0017101544873452449,-0.0030723060254090797
4016,2748,2275,0.0067692307692307704,0.011558625153620113,0.00694123016510987,-0.003956043956043956,0.005750648141203561,-3.367788827021452e-05
4017,2748,2265,0.009713024282560706,0.009834141087856822,0.005323951088478928,-0.0015452538631346594,0.003956471986068741,-0.0013033277190059272
4018,2748,2292,0.009424083769633508,0.009105556663721147,0.008951976159995958,-0.003970331588132636,0.004761779359108483,0.00041261453489377446
4019,2748,2271,0.007485689123734038,0.008153419296665538,0.00577115505663956,-0.004315279612505504,0.0019682022591155754,-0.0022852407419557044
4020,2748,2267,0.012174680194089104,0.007883103651903114,0.012034875149647494,-0.002514336127040139,0.002175718561469312,0.0020239161992325213
4021,2748,2308,0.005025996533795493,0.004924433061885599,7.32113667677513e-05,-0.004939341421143848,-0.0011020455794371292,-0.006960535860742147
4022,2748,2268,0.008994708994708996,0.008057027048669174,0.006478022856042316,-0.0049382716049382715,0.001842285696645666,-0.0023201423582202255
4023,2748,2323,0.00740421868273784,0.007296228294248615,0.005902834813318281,-0.004089539388721482,0.0027320804441290755,-0.0015198690307215185
4024,2748,2296,0.009581881533101045,0.006785632267919462,0.005836656973641612,-0.0048344947735191645,0.0016424245019635538,-0.0033330811226486646
4025,2748,2264,0.012897526501766784,0.010249838866203172,0.009365319428119835,-0.0025618374558303895,0.001667517895839406,-0.0006337078796046289
4026,2748,2301,0.01295089091699261,0.009359301636203911,0.010262198379545949,-0.003129074315514994,-0.00020753144419633044,-0.0013486986934292255
4027,2748,2286,0.010848643919510063,0.008298300973155497,0.007962481016441243,-0.0010061242344706922,0.005851427584525378,0.00046809097601680703
4028,2748,2271,0.013386173491853809,0.009072772922430427,0.011101568831370366,-0.003478643769264641,0.002350883736256216,0.00046933320376248746
4029,2748,2272,0.007394366197183101,0.008906812686780008,0.0058737078760889875,-0.0016725352112676054,0.0028901322473356616,-0.0003470694797736071
4030,2748,2272,0.010827464788732396,0.010861036839644093,0.009527109213581771,-0.004269366197183098,0.002242002625355975,-0.0008401393825094004
4031,2748,2257,0.008506867523260967,0.009454548173467425,0.005652152895198771,-0.005981391227292867,-0.001617333046276946,-0.004076228531008088
4032,2748,2235,0.008948545861297537,0.007188984398002414,0.0059842847282796895,-0.0026845637583892625,0.0031317177263980736,-0.0013189224821073652
4033,2748,2249,0.013872832369942195,0.012813540775635221,0.009355352614331213,-0.0006669630947087608,0.004542337964688072,1.2483288344196815e-05
4034,2748,2271,0.007133421400264202,0.008026224185806978,0.006328136881208837,-0.003126376045794803,0.004039632942040188,-0.00011425596965809601
4035,2748,2317,0.009236081139404401,0.00870288416915109,0.007167764734942912,-0.003021148036253777,0.0034793787388868037,-0.0006462770500538943
4036,2748,2247,0.012194036493101914,0.00849621620358315,0.0064729956815314975,-0.004005340453938585,0.002499759466390252,-0.0031853271818061955
4037,2748,2287,0.011805859204197638,0.010719906858572204,0.009988529636739529,-0.003279405334499343,0.004716871997784424,0.0007924984603138282
4038,2748,2314,0.008210890233362144,0.008593133913190982,0.007655446973428496,-0.005142610198789974,0.0008071298423646037,-0.001414451753745926
4039,2748,2268,0.007407407407407406,0.006354989038926447,0.003818879444211795,-0.0032627865961199296,0.0010573225051724422,-0.0026156592225260898
4040,2748,2279,0.0047389205792014045,0.006350449735261583,0.002764501359722961,-0.005484861781483106,0.001554621030545992,-0.004128192856506387
4041,2748,2274,0.01248900615655233,0.011465306955348423,0.008230650154887947,-0.0016270888302550575,0.003457145780055141,-0.0006176642492312465
4042,2748,2273,0.006511218653761549,0.006822532961313502,0.00530129325882937,-0.005675318961724594,0.0004898063296516368,-0.0029018125323635744
4043,2748,2290,0.008209606986899562,0.006663375221230462,0.00254501006896596,-0.003318777292576419,0.00358896390899821,-0.003368941014318903
4044,2748,2282,0.009114811568799302,0.007437923458272388,0.0056020097655866685,-0.0007887817703768626,0.00345200745070026,-0.0003478707133378116
4045,2748,2299,0.010526315789473684,0.00812282912175254,0.007743706266916982,-0.004393214441061331,0.0006313966432418998,-0.002442160146038898
4046,2748,2273,0.009766827980642325,0.009202977626203132,0.007797454412882915,-0.002111746590409151,0.003136977663075874,0.00013574169122138329
4047,2748,2237,0.008851139919535091,0.0075729184640672435,0.004893715522288457,-0.006347787215020116,0.0003516634392274134,-0.004626478067753946
4048,2748,2263,0.009633230225364562,0.009724118267837145,0.009181400919938965,-0.003402562969509501,0.0022439270126024,-0.0001955075680931847
4049,2748,2253,0.00887705281846427,0.007843590325821312,0.005207412822215874,-0.0051486906347092765,0.0006197749753792796,-0.003831294282892465
4050,2748,2305,0.008763557483731017,0.008210808775678364,0.006827270078246935,-0.0046854663774403464,-0.0013756257273998393,-0.0028186468820777934
4051,2748,2258,0.010008857395925599,0.01122051078700793,0.00797701293441439,-0.004340124003542958,0.001137598597928184,-0.001646370558501016
4052,2748,2306,0.01196877710320902,0.010820230042435718,0.008545676772116727,0.0008239375542064182,0.004475824452564023,0.0019863846278969062
4053,2748,2296,0.009581881533101046,0.009328040231572712,0.005453313468862257,-0.0009581881533101044,0.0036931241411430585,-0.0011608507250673924
4054,2748,2258,0.00779450841452613,0.007450890212711401,0.005998226612786826,-0.003631532329495128,0.005332711672318238,-0.0005413043447959188
4055,2748,2272,0.010211267605633805,0.0093766403087638,0.0068900677415810255,-0.001672535211267606,0.003749661462937837,-0.0005996126408488294
4056,2748,2288,0.007167832167832169,0.00744920930841897,0.0017785685508687837,-0.0015297202797202787,0.00506066874750636,-0.002892235922144352
4057,2748,2253,0.004527296937416777,0.004845892617087153,-0.00014843418931288348,-0.0049267643142476706,0.0023687503402501577,-0.005460893634207309
4058,2748,2263,0.008661069376933275,0.00681757876808954,0.0055594146019262245,-0.0026071586389748123,0.0043914628342568065,-0.0010484846277364957
4059,2748,2306,0.01023417172593235,0.009894531356116246,0.004914245698253015,-0.0019947961838681695,0.005134103438507305,-0.0018532207205698872
4060,2748,2307,0.006155179887299522,0.007349306213493913,0.004230232896178643,-0.003944516688339836,0.0044744343071218716,-0.00196439450565152
4061,2748,2283,0.009986859395532196,0.008625586062768415,0.0080933698389918,-0.005913272010512484,0.0005335596083490958,-0.0023987589043329006
4062,2748,2269,0.012692816218598503,0.010257818253219954,0.008055537751356178,-0.005288673424416042,0.0011843658272914803,-0.003214592598239728
4063,2748,2283,0.009110819097678493,0.006694878374451522,0.0038319158216998397,-0.004818221638195357,0.0006151931058361631,-0.0049796950524455515
4064,2748,2283,0.0077967586508979414,0.006586540516045613,0.0033769597810796707,-0.0014016644765659238,0.0026326340443559226,-0.0026566616680273047
4065,2748,2278,0.006321334503950834,0.007826246922859076,0.0036942718977323427,-0.003599648814749781,0.0038116540815629186,-0.0024259410624985368
4066,2748,2262,0.00601237842617153,0.005443884588941636,0.004742038174095725,-0.005216622458001769,-0.0008749715753160885,-0.0028813195113136375
4067,2748,2285,0.009365426695842451,0.00676838887934948,0.005356015005553326,-0.004638949671772429,0.003176449827106619,-0.00312885469014847
4068,2748,2271,0.010832232496697493,0.008742405762821063,0.00884792634212815,-0.0005724350506384852,0.0051545580800471495,0.0017836734197161693
4069,2748,2266,0.006531332744924979,0.008369090118337965,0.004317195303613488,-0.001985878199470432,0.0018877510184707527,-0.0013178094219132054
4070,2748,2270,0.0023788546255506613,0.0036400380273040986,-0.0017242903532847685,-0.005594713656387667,0.0025456459373791912,-0.005862468934805221
4071,2748,2303,0.008250108554059922,0.007549556038682556,0.005731814276083873,-0.00303951367781155,0.002594250236427677,-0.0014615670681567957
4072,2748,2286,0.006911636045494312,0.00639590593504422,0.003268683111432826,-0.004986876640419946,0.001490272426425595,-0.0033816444504067966
4073,2748,2310,0.0083982683982684,0.006561274315300859,0.005766163792393694,-0.003852813852813852,0.001713813900208068,-0.002383022931658007
4074,2748,2243,0.006687472135532768,0.003949888035796284,0.0032879710070755903,0.0005349977708426216,0.007106131424738524,0.000994554765765363
4075,2748,2287,0.011543506777437693,0.006167686185831449,0.005635645711779278,-0.0027109750765194583,0.004548294272681957,-0.0018192093132195133
4076,2748,2305,0.004772234273318873,0.008012639961199719,0.0024733857204368493,-0.005249457700650759,0.0008137093058094007,-0.0043966757694404055
4077,2748,2308,0.010831889081455806,0.00893776134245181,0.010250427618181042,-0.0021663778162911615,0.004217051941957886,0.0021605534916753232
4078,2748,2293,0.008024422154382904,0.00726805683490682,0.005616640454193093,-0.006498037505451375,0.000846083861606665,-0.004104152766175591
4079,2748,2287,0.00865763008307827,0.0076855932710152225,0.0022726679950567713,-0.004547442063839091,0.0018772193058391893,-0.005491711579943609
4080,2748,2296,0.007752613240418119,0.008140359697683787,0.006078530290035418,-0.004050522648083623,0.0027935835234162657,-0.0014407887259964567
4081,2748,2293,0.010815525512429133,0.009022689961246154,0.005566832164998208,-0.004317488006977759,0.0012227215017086997,-0.0034561122707942333
4082,2748,2271,0.011889035667107,0.008673142090762772,0.007904348834190713,-0.002509907529722589,0.0034580932378761725,-0.0010282176566594747
4083,2748,2282,0.01016652059596845,0.0071317410125364515,0.008559676437163979,-0.005083260297984225,0.0013163544093806308,-0.0016645221466594893
4084,2748,2288,0.010664335664335663,0.00852361569222491,0.007378384694723085,-0.005681818181818184,0.0012526984554889053,-0.0032315892164655976
4085,2748,2281,0.0042963612450679515,0.006932469307184794,0.003197596168359241,-0.00254274441034634,0.004866544483677201,-0.0010609461705489067
4086,2748,2253,0.010031069684864625,0.004674066715524457,0.007265540214479692,-0.0012427873945849983,0.0053734476341427756,0.0006994619311573102
4087,2748,2308,0.009878682842287694,0.007370293821062688,0.009273047250465842,-0.0017331022530329286,0.003125159514665148,0.0017331036290767982
4088,2748,2269,0.0031732040546496258,0.003945801138700375,0.001217277803675701,-0.004186866460996034,0.0010774982452281992,-0.0038648888245058823
4089,2748,2278,0.008867427568042143,0.008328716741872728,0.006820666085133326,-0.0005706760316066722,0.003826124200696751,0.0014753572652545974
4090,2748,2310,0.00735930735930736,0.007911616048177344,0.005410856090697091,0.0003030303030303032,0.0016982272011912864,-0.00015868353489047044
4091,2748,2280,0.007192982456140352,0.007130979606704582,0.005872825639432587,-0.0003947368421052633,0.0020939474175912893,0.0008514416358553163
4092,2748,2267,0.005910895456550509,0.008405991193860289,0.0021449997150964394,-0.006396118217909133,-4.866488877648101e-05,-0.006186146101372142
4093,2748,2239,0.010361768646717286,0.007985380654969499,0.009656215397609056,-0.0020098258150960248,0.004176191551566599,0.0010930046841568718
4094,2748,2283,0.0071835304424003495,0.007243500883966911,0.0017194471770736895,-0.0027595269382391604,0.0007512992880705126,-0.004400169576453297
4095,2748,2276,0.012214411247803163,0.01291714730533431,0.009443151185736303,-0.003734622144112477,0.0010940490213236212,-0.0009421982217328184
4096,2748,2266,0.007678729037952338,0.009261695165171615,0.006038566877899428,-0.006398940864960284,0.0013005749236319523,-0.003247974965632373
4097,2748,2298,0.0044386422976501316,0.006548624396174336,0.002743516433283808,-0.0066144473455178425,0.0016526466847529382,-0.005073461455527676
4098,2748,2288,0.0070804195804195814,0.0050956433959390285,0.004081014184252357,-0.004632867132867134,0.003516869027853853,-0.0024686269227860843
4099,2748,2262,0.013969938107869142,0.010502953524012352,0.010235393146441268,4.42086648983194e-05,0.004801495675804764,0.001703513414819601
4100,2748,2274,0.007827616534740546,0.008029945777804056,0.0042653026966753835,-0.002330694810905893,0.003031062549438073,-0.0018491426301018628
4101,2748,2245,0.0074832962138084635,0.006802922139532189,0.003772047254330574,-0.005256124721603563,0.0010545220933444982,-0.0037281807709876693
4102,2748,2278,0.005794556628621599,0.007732308593821381,0.004658862237810444,-0.004345917471466198,-0.0023450111661205194,-0.0033461394867021657
4103,2748,2258,0.008060230292294066,0.008294600534411297,0.006279856987531237,-0.003100088573959256,0.002086667990404944,-0.0014855359013149023
4104,2748,2267,0.00741067490074989,0.010045631921394595,0.008215124512047367,-0.0055580061755624195,0.0027917180045492996,-0.0003829801080303325
4105,2748,2266,0.009620476610767871,0.007103790581222274,0.006465322704693008,-0.003265666372462489,0.005906799512737174,-0.0010046466687574456
4106,2748,2294,0.01020052310374891,0.008408868664468896,0.01025470657711126,-0.0023103748910200538,0.0030236005343555056,0.0020544504396854397
4107,2748,2247,0.0075656430796617715,0.0071458930388897815,0.004641885212019277,-0.006720071206052515,0.0016259833094925836,-0.004532665993466859
4108,2748,2342,0.009393680614859094,0.004419415766645649,0.007540041562616242,0.0004696840307429538,0.0023666762480421878,0.00175361645859245
4109,2748,2291,0.010650371017023137,0.006330466507679563,0.005700659823219708,-0.004975993016150153,-0.0005426633943971923,-0.004184151198287637
4110,2748,2268,0.007407407407407409,0.00815198848321016,0.00523383212161499,-0.003218694885361553,0.0025464399365542735,-0.0021812981457539483
4111,2748,2273,0.0068631764188297395,0.005685582221067794,0.0022808488624511142,-0.006511218653761549,0.002157529408928602,-0.0056923615839748355
4112,2748,2290,0.010480349344978166,0.005896892576276776,0.008362179077095598,-0.0020960698689956327,0.003238241347746867,0.0004858699948561674
4113,2748,2247,0.011303960836671116,0.008265826685563105,0.006429413054394362,-0.003649310191366266,0.0024254682678155432,-0.002822626153287871
4114,2748,2306,0.007892454466608847,0.008517321303126787,0.003707251737885558,-0.004553339115351258,0.0013331855650218427,-0.004343448787537771
4115,2748,2268,0.009700176366843033,0.007579832534719989,0.007570753633943828,-0.003174603174603176,0.002874832059751895,-0.0013255252417705493
4116,2748,2300,0.005565217391304348,0.005746873958683351,0.002007865012734726,-0.005043478260869565,-0.000493154837355024,-0.004944808595169044
4117,2748,2296,0.00897212543554007,0.007385877730303119,0.008903701936222936,-0.002569686411149827,0.004688715845418143,0.0020359514623647336
4118,2748,2273,0.008007039155301364,0.00908481305311236,0.0035721270911513647,-0.004179498460184777,0.00484050663964053,-0.003095414378713178
4119,2748,2281,0.00631302060499781,0.007055728949764929,7.789365067933326e-05,-0.005962297238053486,-0.0011720130040925368,-0.007618601399499491
4120,2748,2281,0.010258658483121439,0.009055886473438548,0.006454801734926775,-0.004427882507672075,0.0022597931206959953,-0.002833085567981323
4121,2748,2318,0.007765314926660914,0.009485479415572531,0.006387968967608,-0.0041846419327006045,0.001991677367483843,-0.001347152339236423
4122,2748,2290,0.010567685589519652,0.011334641686925129,0.008684843554042568,0.0010043668122270743,0.007105404646425704,0.0030852832477321697
4123,2748,2253,0.006302707501109633,0.006394075619658765,0.00539526330752906,-0.0022192632046160675,0.0013217845748241148,-0.0006036395059568215
4124,2748,2290,0.007161572052401748,0.003594730357258319,0.003956483927329855,-0.005021834061135371,0.00034884160060251696,-0.003060687824679311
4125,2748,2268,0.007583774250440919,0.007246906058688551,0.005985575183317514,-0.004232804232804233,0.0023288486640231395,-0.0015927708936852327
4126,2748,2263,0.007158638974812197,0.006053820317276011,0.0053768747645254345,-0.006716747680070703,-0.001784657975069348,-0.0042806324749838955
4127,2748,2270,0.00933920704845815,0.006992330029758204,0.0029359673077785173,-0.003524229074889868,0.0008525442075054715,-0.004676850364968065
4128,2748,2277,0.010891523935002196,0.010098689081824423,0.008580861225407587,-0.0015810276679841906,0.0044123955119082505,0.0008396863740182075
4129,2748,2249,0.009604268563806138,0.00720300093355654,0.0054886708173813295,-0.002178746109381948,0.0031600189807901883,-0.0017588137189422173
4130,2748,2311,0.011510168758113372,0.010165864184839099,0.01251279779523935,-0.0007788836001730851,0.006785737769747712,0.004881086180781098
4131,2748,2288,0.004545454545454545,0.009261162751166887,0.00033871582781151314,-0.00319055944055944,0.003513327421148635,-0.003819879060275879
4132,2748,2282,0.005609114811568799,0.0068537202427168915,0.0029758226756068547,-0.0056967572304995615,0.003114744421897146,-0.003473837259590502
4133,2748,2271,0.009863496257155437,0.00854159844065225,0.007343452693555705,-0.00250990752972259,0.0023302240922751117,-0.0006063143842166045
4134,2748,2300,0.004086956521739129,0.009278947767090383,0.00535137162448765,-0.00582608695652174,0.0011192541106956949,-0.001934857604031404
4135,2748,2275,0.012131868131868132,0.009972132311792356,0.009282517388070087,-0.007164835164835165,0.002032213472487105,-0.003364218811313461
4136,2748,2245,0.005523385300668151,0.006314749508249243,0.002489252461320325,-0.009888641425389757,-0.0014965044638602309,-0.00753012490355347
4137,2748,2263,0.00963323022536456,0.007146783823253376,0.0074705154230584585,-0.0024745912505523657,0.00252048815137837,-0.0006706817791334557
4138,2748,2272,0.0036971830985915504,0.006000849111642597,0.0003860951444274055,-0.005985915492957749,0.002909022657272111,-0.005547582848967093
4139,2748,2279,0.009214567792891619,0.008436802950214891,0.00596260665366763,-0.003334795963141729,0.0033770911181645693,-0.0016144769459956708
4140,2748,2282,0.008676599474145489,0.006972560490235942,0.006349647758842069,-0.0011831726555652942,0.005485064790475109,0.0009221943373827848
4141,2748,2285,0.009978118161925604,0.011216842287485559,0.008715573355098242,-0.005820568927789935,0.0014840581795284725,-0.0022492679862401764
4142,2748,2265,0.006269315673289184,0.005098372179655495,0.0034947504302491146,-0.005651214128035319,0.00216372400652141,-0.003911101848181136
4143,2748,2273,0.007215134183897931,0.006019412115194323,0.006614764265987941,-0.004575450945886494,0.0002516130890151197,-0.001870639161192986
4144,2748,2275,0.005978021978021978,0.006694146713395535,0.0059870651341295215,-0.0015384615384615393,0.004734342755858118,0.0012858492420117435
4145,2748,2283,0.010862899693385898,0.007877402553290636,0.006132276349571422,-0.005650459921156374,0.0005178054475135517,-0.003971285702727871
4146,2748,2284,0.010683012259194396,0.007096192937321792,0.009133948246931325,-0.001138353765323993,0.0059895005014365356,0.0020319694592263494
4147,2748,2264,0.009805653710247351,0.008705601217087114,0.007798601001250823,-0.005212014134275619,0.0002624417131223609,-0.0026428768253561447
4148,2748,2264,0.009363957597173145,0.007957819207848873,0.007257219050419791,-0.0017667844522968191,0.0036700768349385215,-3.232712686971167e-05
4149,2748,2322,0.008871662360034453,0.009366136015406371,0.00692498641274983,-0.0033591731266149867,0.001416695106517958,-0.0015583574924013359
4150,2748,2304,0.008940972222222223,0.01113887861187833,0.006584111831281302,-0.004644097222222222,0.002283492570918387,-0.002642084177574543
4151,2748,2278,0.00974539069359087,0.009026449132445253,0.006462931758109026,-0.004038630377524143,0.005042815747855052,-0.002111509156173599
4152,2748,2252,0.011545293072824156,0.010203431736775298,0.009939751971236137,-0.0066607460035523975,0.001080004797373323,-0.0023230577790479805
4153,2748,2274,0.007299912049252419,0.008119569500935364,0.0065748142821827294,-0.0036499560246262097,0.0005761578987138323,-0.0009811470321195001
4154,2748,2234,0.008683974932855863,0.006299658690316344,0.0065445791335934705,-0.0010295434198746639,0.003475399778869079,-0.00011468731125370595
4155,2748,2254,0.00603371783496007,0.007059213332968474,0.001893663642607001,-0.0035936113575865134,0.002467419745778886,-0.0034104288771290904
4156,2748,2272,0.00959507042253521,0.01063168728974443,0.009860186944270459,-0.005985915492957747,0.0016184465126631825,-6.218939304410553e-05
4157,2748,2284,0.013922942206654992,0.010076109869450562,0.010915796634669895,0.0007443082311733801,0.0021041442471539354,0.0014743358039089058
4158,2748,2305,0.00911062906724512,0.007361428030830093,0.005934695307074783,-0.005466377440347071,0.0012188145430294664,-0.003185344468087066
4159,2748,2280,0.01,0.008601491079157083,0.007397560452308173,-0.003947368421052633,0.0001437478934595213,-0.0019116895153185323
4160,2748,2278,0.009745390693590868,0.012310332724711086,0.007503600247618061,-0.004302019315188761,0.0012735138977019592,-0.002362180330985705
4161,2748,2280,0.007807017543859648,0.012143287576186065,0.006303696554102219,-0.005043859649122808,0.004700529455721284,-0.0021685053546590667
4162,2748,2280,0.0078070175438596495,0.006090375403574061,0.002449784451132337,-0.0073684210526315805,0.0022340126839220996,-0.006619973047055195
4163,2748,2296,0.008449477351916375,0.009387588261034798,0.008222414455452,-0.005400696864111498,0.0010449113922188676,-0.0016341867705586739
4164,2748,2273,0.009326880774307085,0.009042261551689818,0.006056530471897187,-0.0030796304443466787,0.0003333088137181039,-0.002083668495272121
4165,2748,2274,0.011609498680738786,0.009919063929132301,0.007880945431358151,-0.003474054529463501,0.00020204530685791742,-0.0016146987739753037
4166,2748,2295,0.009673202614379086,0.006625316509901813,0.0053399577489752015,-0.004357298474945533,0.0006561096248375278,-0.003702823259320933
4167,2748,2273,0.0036075670919489674,0.004592889028359227,0.0028833364528551187,-0.007699076110866696,-3.550300587816188e-05,-0.004848897713801067
4168,2748,2283,0.008234778799824793,0.0047173199006383,0.007483405887663801,-0.0004380201489268528,0.00444476483471376,0.0019201741747749334
4169,2748,2265,0.0067991169977924945,0.007956455532295011,0.0050252277259531875,-0.006534216335540839,0.0022909474217284874,-0.0037702401686946297
4170,2748,2270,0.011277533039647576,0.009381644655885847,0.009857892075651287,-0.004933920704845815,0.0005444966450194702,-0.0018904698341278433
4171,2748,2302,0.0067767158992180715,0.00737482708357125,0.002738583642166312,-0.004561251086012162,0.0029449010928786867,-0.004557635427203469
4172,2748,2254,0.011535048802129548,0.01396100140901988,0.01000129206601217,-0.0032830523513753328,0.0069772933558855275,0.000507113688333506
4173,2748,2290,0.0035807860262008747,0.007859179891390667,0.0013715006315718802,-0.006331877729257642,-0.0014550239181936669,-0.00588437160320741
4174,2748,2277,0.0071146245059288534,0.011309152725370098,0.0032161639798352465,-0.003645147123407994,0.0037784633364056023,-0.0030617220904598846
4175,2748,2283,0.008848007008322382,0.01160069476678695,0.008143342239347916,-0.0017958826106000882,0.004112315409097537,0.0006300440447531492
4176,2748,2275,0.011164835164835166,0.009946205027105413,0.010350034093028754,-0.0013186813186813185,0.005194974609572775,0.002772727227238142
4177,2748,2256,0.0077127659574468075,0.007855492844064412,0.006916391354125002,-0.002703900709219858,-0.00019522671579330945,-0.00129894205932166
4178,2748,2297,0.012538093164997823,0.011193346648827403,0.008028202179582545,-0.0014801915542011312,0.005624964204261549,-3.847115350789105e-05
4179,2748,2267,0.006528451698279664,0.0063814334620037275,0.002727069808697168,-0.0032642258491398326,0.002317762142467171,-0.0029041741200867294
4180,2748,2307,0.009016038144776767,0.007210018650295338,0.0074657536895990405,-0.0013437364542696155,-0.00024238372910307898,0.00021948543650066092
4181,2748,2244,0.0070409982174688066,0.007610796914588979,0.004554123427731989,-0.002228163992869875,0.0048600487332841275,-0.0008437982877649827
4182,2748,2267,0.007146007940008824,0.006793074658590524,0.007612159644162436,-0.005778561976179973,0.0026482528079031986,-0.0012554057032123898
4183,2748,2301,0.011212516297262061,0.007240047644171213,0.005784656189969272,-0.0010864841373315953,0.003739546671788756,-0.001217978405010587
4184,2748,2226,0.006469002695417789,0.007451483063992165,0.0027460125441899096,-0.0066486972147349515,0.0018102094307054038,-0.004776784797734463
4185,2748,2257,0.012583074878156845,0.009938272617936748,0.009241801607156055,-0.001816570669029685,0.0013454208832810457,2.4823294975999603e-06
4186,2748,2278,0.0086918349429324,0.008368802324015004,0.008747107163061532,-0.006935908691834944,0.002216356482708242,-0.0021844956496847798
4187,2748,2313,0.011759619541720709,0.008039030609288001,0.010493787894471123,-0.002118460873324686,0.0037250123835717583,0.0017633077001268781
4188,2748,2293,0.009943305713039688,0.006587699607401699,0.006286522653816255,-0.007457479284779765,-0.00048258427730219107,-0.004860472679443365
4189,2748,2273,0.010734711834579852,0.00853870457027626,0.00771543769741862,-0.0018477782666080067,0.004504442576676339,0.00016935771548770478
4190,2748,2239,0.006252791424743189,0.004876881872282843,0.0038098609706635105,-0.004555605180884323,0.005308400878712101,-0.0023590393182181717
4191,2748,2274,0.007475813544415127,0.003616309743901008,0.005608254179920551,-0.0040457343887423045,0.0026927793522107464,-0.0018404078907089257
4192,2748,2281,0.0104340201665936,0.0037539731726594664,0.005880628809430238,-0.007365190705830776,0.0006501495552905501,-0.005394026011683085
4193,2748,2307,0.010143042912873861,0.009189505517857442,0.007876470748592133,-0.00528825314260945,-0.0007852618022612708,-0.003109421329315924
4194,2748,2282,0.010955302366345312,0.006838763764706569,0.008940233822707672,-0.005609114811568799,0.003080825225071878,-0.001434101951777302
4195,2748,2291,0.00934089917066783,0.006328714782917114,0.004270530643220674,-0.00405936272370144,0.00031345811771914,-0.004384794246941997
4196,2748,2287,0.010319195452557937,0.005935637832650063,0.004956512518420889,-0.0015303891560996942,0.00296365441975425,-0.001674393396288895
4197,2748,2270,0.010837004405286343,0.009039950646382862,0.008640461128731923,-0.004933920704845815,0.0029108038763229,-0.0019601770656949434
4198,2748,2255,0.011263858093126385,0.010249778046678773,0.009307663157495087,-0.003503325942350333,0.0037027568268281573,-0.00031981924711483667
4199,2748,2252,0.00586145648312611,0.007039052707051089,0.0038286861263789455,-0.0072824156305506225,0.002646632957016102,-0.004350335997056373
4200,2748,2239,0.007771326485037962,0.003773229721483731,0.00589741091154394,-0.004421616793211256,0.0037297162355461938,-0.0018822084478627547
4201,2748,2288,0.005594405594405595,0.005951384620826005,0.004036144636183519,-0.003452797202797203,0.0027896965679746286,-0.0021368558739168317
4202,2748,2262,0.010256410256410256,0.007611063516382209,0.007842209465325583,-0.004067197170645446,0.00020160777526045064,-0.002439210795094826
4203,2748,2274,0.007387862796833774,0.005350094500999618,0.0038212285518609552,-0.004529463500439753,0.0022389130307134807,-0.003493915074147228
4204,2748,2277,0.00606060606060606,0.005275374124832723,0.0021461560544847173,-0.0026350461133069825,0.0026875837559585474,-0.0029471017203180753
4205,2748,2269,0.002820625826355222,0.004911716399255785,0.0006500844304764551,-0.005068312031732042,-0.0004304781993339308,-0.005305980332609452
4206,2748,2267,0.012792236435818262,0.01076933470601532,0.008875428580503329,-0.002955447728275254,0.004021790013546176,-0.0005478252949029208
4207,2748,2298,0.010966057441253264,0.007458848379950161,0.006810644913287209,-0.004786771105308963,0.0015208878993892478,-0.003028726767872214
4208,2748,2233,0.009673085535154502,0.010218692358444258,0.00879266033113688,-0.005105239587998209,0.004271529528009906,-0.0010009209417424349
4209,2748,2323,0.008953938872148084,0.007572613617102836,0.0050695865565064425,-0.002066293585880328,0.0038864428518739676,-0.0015424222032721757
4210,2748,2281,0.009469530907496712,0.008443881424341458,0.007637488890947203,-0.0030249890398947837,0.005112982274868727,-0.00020788830575262782
4211,2748,2273,0.005103387593488782,0.007827398337625083,0.005271520400911869,-0.005543334799824021,0.0009695815854109875,-0.0023259663492125487
4212,2748,2252,0.008348134991119006,0.005169128574893597,0.005928949761128823,-0.002175843694493783,0.0013789500984274766,-0.0013956287348965053
4213,2748,2272,0.008186619718309862,0.0063475007111252705,0.006674878244519626,-0.0018926056338028168,0.0055063531692174095,0.0007126933322793964
4214,2748,2269,0.004407227853680035,0.006009859205476778,0.0021473357654087743,-0.003922432789775234,0.0022164341440154833,-0.0030866550593421998
4215,2748,2259,0.009827357237715805,0.009361642405601157,0.008402504258102968,-0.0025232403718459507,0.0032861659111231966,0.0004633421928192029
4216,2748,2273,0.008358996920369557,0.008853731155565118,0.00399141347046067,-0.0017157941047074353,0.0043190058115342,-0.002055230226189931
4217,2748,2266,0.006619593998234774,0.008185335491627005,0.003097540296741938,-0.0028684907325684035,0.00444331939125121,-0.0020035468372863116
4218,2748,2276,0.00413005272407733,0.004332224239553552,0.0008354219301440487,-0.007952548330404218,-0.0029887795193127057,-0.00794170596878553
4219,2748,2265,0.00980132450331126,0.00800773251647066,0.0065613371427197175,-0.003973509933774834,0.0027501860430884785,-0.0023504345508944687
4220,2748,2307,0.011790203727785002,0.00964266532152119,0.007067345249592994,-0.002774165583008236,0.0026292066988768286,-0.001720430284863523
4221,2748,2265,0.006357615894039736,0.005525017735000541,0.005713765938135018,-0.0014128035320088302,0.00268427394308232,0.0007719916815779764
4222,2748,2281,0.0024550635686102595,0.0054396096678629,0.0011102200319371134,-0.006313020604997807,-0.0029359117070960473,-0.005571371811728726
4223,2748,2316,0.00699481865284974,0.008670217567215288,0.0054168974211802135,-0.0019430051813471502,0.004560467175044532,-0.00022835864767013281
4224,2748,2297,0.009403569873748368,0.008184608540627062,0.006213856656481352,-0.0024379625598606874,-0.0003097856632196047,-0.0021375098562085586
4225,2748,2286,0.008486439195100611,0.009774073971029572,0.005056541522237569,-0.0052493438320209964,6.839290863439994e-05,-0.004197277227761549
4226,2748,2287,0.011018801923917796,0.007088176621802237,0.0074102107353489115,-0.005596851770878881,0.0031575599857604276,-0.002919603294458479
4227,2748,2265,0.007593818984547461,0.007831560427107555,0.0021996967572348904,-0.005033112582781456,0.0007780126325265805,-0.006249882173468777
4228,2748,2261,0.012737726669615214,0.008998170529826521,0.008389421890353136,-0.0018133569217160539,0.005861086265980183,-2.2634911887389767e-05
4229,2748,2279,0.006581834137779728,0.007868653439799663,0.0011498104228338628,-0.005528740675734971,0.002780920616044678,-0.005544950253001682
4230,2748,2293,0.004797208896641954,0.005305332534196541,0.004060468786088752,-0.004143044047099871,0.003938027769294073,-0.0013150970705432352
4231,2748,2274,0.009498680738786281,0.006740951438179205,0.006522281117571261,-0.005233069481090589,0.0006920417958988281,-0.0026712649366873904
4232,2748,2282,0.006485539000876424,0.006307387651895336,0.0059481539025215266,-0.005039439088518843,0.0025963625760892887,-0.001921373976455168
4233,2748,2298,0.006353350739773717,0.008778399425938464,0.0066427054424353475,-0.0027415143603133165,0.0025458568907505506,8.547341778631248e-05
4234,2748,2266,0.006443071491615181,0.00491940249709204,0.0027604998512440557,-0.005472197705207416,0.0001705641831720231,-0.005052966521824518
4235,2748,2287,0.013992129427197202,0.010484857128845594,0.009032245124973012,-0.0027984258854394403,0.004948247599390778,-0.0009091343452361208
4236,2748,2313,0.011154345006485085,0.010962766440426751,0.009705049059599792,-0.002766969303934284,0.0031273721480099778,4.408274088335131e-05
4237,2748,2272,0.0044014084507042256,0.0037756654323167983,0.001780898175990633,-0.004005281690140845,0.0006938572943716499,-0.0035987616067689604
4238,2748,2241,0.00571173583221776,0.004053939192708365,0.0035406586816743605,-0.00638107987505578,0.0006798196220867052,-0.0044665385241922685
4239,2748,2305,0.009891540130151845,0.006708512661936994,0.00386242773096068,-0.002082429501084598,0.00098736626388204,-0.0032229674446318315
4240,2748,2295,0.008453159041394334,0.007121995697870862,0.004729606205089946,4.837573092048613e-19,0.004667405490353927,-0.00027834019898225306
4241,2748,2287,0.008395277656318322,0.008869098015856869,0.002011475805334015,-0.0059903804110188015,-0.0014572354309462555,-0.007387265116825001
4242,2748,2281,0.01183691363437089,0.00902429456941305,0.008989391237249962,-0.004647084612012275,0.0009443859091786205,-0.002505812351225506
4243,2748,2277,0.010013175230566537,0.009930600238074915,0.006557866329654205,-0.004435660957400087,0.003113338684878086,-0.002592472334726349
4244,2748,2262,0.006808134394341292,0.009446152293928489,0.008707872096185777,-0.003801945181255526,0.0033346678387879526,0.0010988613756793444
4245,2748,2271,0.009070893879348304,0.010198208392233524,0.005176359602287273,-0.005768383971818582,-0.0006200176725989975,-0.004755924016502545
4246,2748,2272,0.007746478873239438,0.007324557653202706,0.0035463087296370654,-0.007130281690140846,0.0005430714436868303,-0.005871509885935433
4247,2748,2286,0.009186351706036745,0.010109223360394482,0.006659375336046189,-0.002449693788276465,0.004925984268744461,-0.000703184928020127
4248,2748,2281,0.007715914072775099,0.008505131491257775,0.005673721543990702,-0.0007891275756247258,0.005587079424816311,0.0007132600973862414
4249,2748,2295,0.00766884531590414,0.009883473447687726,0.005757680012629217,-0.004531590413943356,0.0028928453794921922,-0.0024750510888401833
4250,2748,2233,0.00689655172413793,0.007947374134576572,0.00534419176117701,-0.00528437080161218,0.0003691046446883009,-0.0034975434048987457
4251,2748,2303,0.009292227529309596,0.006530943935186482,0.006624079363236804,-0.006947459834997829,-0.00031385313606941773,-0.004279418627493384
4252,2748,2288,0.007255244755244754,0.005657664490476562,0.004901386291250527,-0.0064685314685314676,-0.0011122775541690265,-0.0048298744385228565
4253,2748,2299,0.006698564593301435,0.007493688576867294,0.003320739439381511,-0.004915180513266639,0.002426219039321397,-0.0036058845010697753
4254,2748,2266,0.007502206531332745,0.007196474860311233,0.003933364802390584,-0.005516328331862313,0.0010817924586673806,-0.00373067069855878
4255,2748,2276,0.007205623901581722,0.006557940517556966,0.005121584783669821,-0.004261862917398947,0.0006806857954872475,-0.0028478579134255206
4256,2748,2289,0.012494539100043688,0.013173290051844493,0.008465007976426209,-0.0007426823940585402,0.005116259071854458,0.000560611714208055
4257,2748,2266,0.006884377758164168,0.004659714192537275,0.001575098630776882,-0.0030008826125330983,0.003362393231337967,-0.0037421701872837622
4258,2748,2312,0.01124567474048443,0.004891198380262393,0.006418071615894901,-0.005666089965397925,0.003550781606906356,-0.0032648134612472133
4259,2748,2293,0.007152202354993459,0.007352200414589997,0.006489317634519509,-0.002878325337985173,0.004886367137550341,5.995060308531975e-06
4260,2748,2305,0.006247288503253797,0.006775191936189746,0.004426464586927605,-0.00455531453362256,0.003728933477493753,-0.002133536233012324
4261,2748,2297,0.009664780148019154,0.00829138039782854,0.006916537543983844,-0.006704397039616893,0.00018767744451470407,-0.003438150769473274
4262,2748,2295,0.010108932461873638,0.010061069516455681,0.010442236899829373,-0.001873638344226579,0.003493648106286252,0.001852309415207462
4263,2748,2263,0.010782147591692444,0.008462867088370287,0.007314221414618823,-0.005965532479010163,0.0016869764460924676,-0.0031898064652676954
4264,2748,2264,0.012279151943462897,0.009165335796809733,0.009588318495226426,-0.0030035335689045936,0.005108042161754558,0.00014041404415131704
4265,2748,2261,0.008137992038920832,0.006957503640094696,0.00609759533789703,-0.005661211853162318,0.0034293443876886424,-0.0028108961729059073
4266,2748,2279,0.008073716542343132,0.006539747264634959,0.005339998272739045,-0.004387889425186486,-0.0007087432968160209,-0.002991280035901486
4267,2748,2277,0.006411945542380326,0.008421686001231565,0.00408815851627903,-0.00048309178743961346,0.00469146140776166,5.857360407956835e-05
4268,2748,2257,0.010013291980505096,0.010203141446887283,0.006337651861744243,-0.0024368630926007973,0.0019000225304187336,-0.0019483381164490268
4269,2748,2296,0.008710801393728223,0.006231880522769185,0.00434387263685066,-0.0037891986062717773,0.000824519054384177,-0.003214957055661949
4270,2748,2282,0.0066608238387379495,0.007698111015233801,0.0033948051833151255,-0.0028483786152497807,0.005968878947319965,-0.0018193630956521
4271,2748,2273,0.008534975802903652,0.009570376465056223,0.007165769212834914,-0.0025076990761108663,0.003656394769946428,0.00010196713037662219
4272,2748,2266,0.008826125330979701,0.00848269010521296,0.007144247735132202,-0.006001765225066197,0.0042215823396383745,-0.0023625934711024913
4273,2748,2291,0.00515058926233086,0.006134773558722545,0.0022293122192743554,-0.005892623308598865,-0.0007295401838146861,-0.0052529878745604455
4274,2748,2239,0.010361768646717286,0.008111993010643997,0.007831497885059888,-0.0030370701205895494,0.004676806679806234,-0.00027428620506391365
4275,2748,2274,0.006772207563764293,0.009405404063423944,0.005558180538658227,-0.007827616534740548,0.00039474616056022594,-0.004365338980707116
4276,2748,2257,0.005316792202038104,0.006771631587550911,0.0009623687971849056,-0.00509525919361985,0.001355020812238283,-0.005372351840915027
4277,2748,2237,0.011354492624050066,0.011315755977911542,0.01034185748926498,-0.003799731783638801,0.003545812434858816,0.0005164756951500833
4278,2748,2316,0.004231433506044907,0.008022569878752009,0.004901434555002681,-0.0038860103626943004,0.0019360199294830443,-0.0010127030167717526
4279,2748,2279,0.010004387889425188,0.010405818322165224,0.0052825051967708815,-0.005572619569986836,0.0038914324739397037,-0.004087703755181113
4280,2748,2280,0.0060526315789473685,0.004994136523463705,0.0010289568011192449,-0.007236842105263158,-0.0005991386314323746,-0.007100795626910885
4281,2748,2252,0.007282415630550621,0.009327717179285157,0.005920250998033543,-0.0013321492007104798,0.004905250533816788,5.179654767060311e-05
4282,2748,2282,0.008939526730937774,0.006740377827895444,0.004509576982006749,-0.0032865907099035936,0.0044580292302447205,-0.0024116368903276926
4283,2748,2314,0.006655142610198789,0.007738578170618889,0.0033374148163810478,-0.0028954191875540185,0.002359856713636514,-0.0027211846786324126
4284,2748,2278,0.007989464442493415,0.009344595917597023,0.0038254407514942274,-0.00421422300263389,0.002416069230687107,-0.0036300357489225956
4285,2748,2275,0.003956043956043958,0.0062655546839192906,0.0027911078973715774,-0.0029890109890109893,-0.0002549664626868961,-0.0026818791869442373
4286,2748,2238,0.011885612153708668,0.00892366506790505,0.007569812407247744,-0.002368185880250224,0.0041255882097364525,-0.001437977361319651
4287,2748,2284,0.013222416812609458,0.010675253842640665,0.00991842455939252,-0.0014010507880910684,0.005315138313331573,0.0010875773217211492
4288,2748,2284,0.008844133099824866,0.007153637066005925,0.004190209564081925,-0.004991243432574431,0.00045944676842379564,-0.004259344850202233
4289,2748,2248,0.008540925266903913,0.007384191542814888,0.004682722170062117,-0.0031583629893238443,0.0023071232189580924,-0.0025600976303211255
4290,2748,2263,0.009544851966416263,0.006612849569643642,0.006832770721110324,-0.002651347768448962,4.822239064307679e-05,-0.0015871396163551009
4291,2748,2312,0.007612456747404843,0.00521739010964447,0.004614076906626125,-0.0031574394463667822,0.0023293049907008694,-0.0017556703649344175
4292,2748,2275,0.00720879120879121,0.008789773798463532,0.004170931082184301,-0.006505494505494506,7.727953589785217e-05,-0.004938467928534096
4293,2748,2285,0.006477024070021883,0.0066219379327496,0.003558259078356734,-0.004814004376367615,0.001958575583178005,-0.0033770046876140745
4294,2748,2268,0.006084656084656086,0.006124815075809405,0.0013786987375339307,-0.005996472663139331,0.0019730260060625607,-0.005603389862542917
4295,2748,2287,0.010756449497157847,0.005879593420085329,0.005358908884892481,-0.002667249672059467,0.0016554202338528875,-0.0032176487995860077
4296,2748,2273,0.0058073031236251646,0.008548991367920287,0.004161349695282703,-0.005499340079190496,0.0025264356274941327,-0.0028927230319133524
4297,2748,2266,0.010503089143865841,0.008393183220316241,0.009409551316304872,-0.00441306266548985,0.0016666064322782398,-0.0002949903174499258
4298,2748,2301,0.005215123859191656,0.0061062016157532395,0.000982577788950077,-0.003129074315514993,0.0019276816202179574,-0.004209874290395554
4299,2748,2288,0.00708041958041958,0.007393712042247928,0.005361829120075096,-0.0031468531468531466,0.003508335548245728,-0.0011198287677161888
4300,2748,2280,0.006842105263157894,0.004620452572714969,0.002351930599455287,-0.006359649122807017,0.0017690331421056922,-0.00529163407751839
4301,2748,2290,0.006899563318777293,0.007878332294793422,0.005520139853427732,-0.004672489082969433,8.60155890975916e-05,-0.003059068968381559
4302,2748,2335,0.007109207708779444,0.006799480504906174,0.0038226298599935422,-0.003554603854389722,0.0022908679865584654,-0.0023063444407885707
4303,2748,2263,0.009898365002209456,0.007165492367584664,0.0065334863303395845,-0.0003093239063190459,0.004310232466114118,-4.108146768726697e-05
4304,2748,2290,0.009694323144104804,0.0058346087880818374,0.0061416822878439595,-0.002707423580786026,0.0017829338348654166,-0.0018216436146892092
4305,2748,2293,0.005146096816397733,0.006888567574424559,0.002846458779338852,-0.004579153946794593,0.0017531142244897378,-0.0032708193851882254
4306,2748,2285,0.007352297592997812,0.00665985104986539,0.005723738648885828,-0.002407002188183808,0.0018305497151571068,-0.0011084111821026603
4307,2748,2255,0.006563192904656319,0.00638455176894245,0.0019121647982809327,-0.002305986696230599,0.003780968337523123,-0.002713136053544557
4308,2748,2273,0.00475142982842059,0.005556617789197134,0.0014937659713487818,-0.0019357677078750543,0.0009131046068684273,-0.002598760285089611
4309,2748,2314,0.007778738115816767,0.007825082961634549,0.004620008816699012,-0.004105445116681073,0.002317986375765574,-0.0026195071121949878
4310,2748,2277,0.010540184453227932,0.009504580715257647,0.006885430800871099,-0.0035573122529644267,0.002126863184918984,-0.0021510838939147693
4311,2748,2280,0.008859649122807019,0.009538928414779243,0.0019954127145307707,-0.0034649122807017545,0.0028875255594229708,-0.004922729084665049
4312,2748,2296,0.004965156794425089,0.008249281847544733,0.002659461034545212,-0.005139372822299653,-0.00044041038499710106,-0.004341998042526953
4313,2748,2268,0.013051146384479718,0.007685025408243964,0.009845808901652129,-0.004100529100529101,0.00288180464535708,-0.0008105071638198203
4314,2748,2264,0.010424028268551237,0.012533774850831427,0.0076635683164465425,-0.0049469964664310955,0.004502097018747316,-0.0016931769421668953
4315,2748,2261,0.009022556390977444,0.006425397147990684,0.006653075018007821,-0.004820875718708535,0.002457653119903813,-0.0021578213653653724
4316,2748,2280,0.008947368421052631,0.007134037589415113,0.008372130850935746,-0.001973684210526317,0.004454184812518923,0.0013113107521475563
4317,2748,2264,0.006713780918727915,0.008977051201984415,0.003320008352463826,-0.003312720848056538,0.002882997919394723,-0.0028679851128637595
4318,2748,2264,0.0072438162544169625,0.008801212289752648,0.0053147875256477715,-0.002208480565371025,0.0047030036980019565,-0.001068486864509352
4319,2748,2304,0.01189236111111111,0.01004019581806035,0.009327252836228801,-0.005208333333333332,0.0004141401646592455,-0.0020551817459025356
4320,2748,2329,0.00790038643194504,0.00630913910091823,0.0035832947729236746,-0.005839416058394161,0.0018498331291812331,-0.004503860185014186
4321,2748,2288,0.008041958041958041,0.007041789906717093,0.007122095874644656,-0.004895104895104895,-0.001683242310053215,-0.002204010252647255
4322,2748,2290,0.00890829694323144,0.006443838374290805,0.00673356329610281,-0.0035371179039301315,0.0017652393637837863,-0.001492800253697013
4323,2748,2279,0.007371654234313294,0.005090493075747054,0.006300633488442607,-0.004300131636682756,0.0008648829056212285,-0.0018553966280698885
4324,2748,2274,0.011521547933157433,0.008051232430448637,0.007212131285035382,-0.0018029903254177643,0.004272505168206711,-0.0003543164338749434
4325,2748,2291,0.008729812309035358,0.011313030097637553,0.009544451390596426,-0.0051942383238760366,0.002090696403954619,0.00022350102544707555
4326,2748,2237,0.012248547161376843,0.011917969485184626,0.010232253779273098,-0.00312919088064372,0.0036738534523416033,0.00037897213908787884
4327,2748,2241,0.011869701026327534,0.009950633617157988,0.007754362240669736,-0.001383311021865239,0.002650546608034819,-0.00015985142277866364
4328,2748,2309,0.00978778692074491,0.007796583848183063,0.004906256506448221,-0.002685145084452145,0.0030036215182226485,-0.0021085221268314146
4329,2748,2283,0.007533946561541829,0.008628952332648378,0.006474002643846066,-0.007533946561541832,-0.0006510528516526314,-0.003923421026720363
4330,2748,2308,0.009878682842287694,0.007750607650378945,0.00643184494955289,-0.00524263431542461,0.0013759563288277099,-0.0033274510652049802
4331,2748,2244,0.00944741532976827,0.0064915841547588705,0.006610048456679709,-0.003743315508021391,0.0009557949220378508,-0.002345961441112271
4332,2748,2310,0.011948051948051945,0.009865983632486018,0.010614735977809953,-0.005670995670995671,0.0017075014521153269,-0.0009294237086069775
4333,2748,2279,0.006845107503290917,0.008331914644215385,0.005393395335847028,-0.00596752961825362,0.003187659750755863,-0.00258654025815122
4334,2748,2284,0.006217162872154117,0.010534048132135473,0.0038810500975562457,-0.0035464098073555166,0.003537902268697985,-0.0019614776770756183
4335,2748,2286,0.005074365704286965,0.007164537597770343,0.0032408278954765427,-0.0036307961504811886,0.0023000891590443167,-0.0024814493317228976
4336,2748,2289,0.011708169506334644,0.007148088225369911,0.008317838727813226,0.0004805591961555256,0.0032840841586389766,0.001519686024086979
4337,2748,2278,0.005179982440737489,0.006825734939687613,0.004615552249452851,-0.0014047410008779628,0.00370286252535858,0.0006920409971367989
4338,2748,2298,0.006266318537859009,0.006667249852962936,0.004513125729301709,-0.0027850304612706705,0.0016712915117713765,-0.0018217607184456682
4339,2748,2302,0.00947002606429192,0.008993302698332702,0.006619710351390877,-0.004344048653344916,0.002208546524146585,-0.002400382151727349
4340,2748,2266,0.006619593998234774,0.007872567203206402,0.00467068576225532,-0.007899382171226833,-0.0017723946314976472,-0.0054721411050284476
4341,2748,2275,0.010901098901098902,0.007573749046169657,0.009296101070096763,-0.004,0.0026419153458121514,-0.00035874177744851115
4342,2748,2316,0.009240069084628672,0.010654466389930633,0.0059576878907803615,-0.0038860103626943013,0.001292859537629591,-0.002386599829351864
4343,2748,2250,0.009866666666666668,0.008275341489871677,0.00814998211738981,-0.0019555555555555554,0.0027583107490999712,0.0003354588244780885
4344,2748,2288,0.009965034965034964,0.008714838544086091,0.007939406089790092,-0.003802447552447554,0.0030321261042920698,-0.0003093438776544752
4345,2748,2225,0.008179775280898877,0.008957115441930008,0.006292068657552533,-0.00651685393258427,0.0032151778006855756,-0.0030597528064084667
4346,2748,2315,0.005356371490280777,0.005630175989592796,0.002069397780320477,-0.0049676025917926555,-0.00046641966340854255,-0.004513847444587596
4347,2748,2253,0.011984021304926764,0.007994215174389354,0.011619708258852527,-0.003462050599201066,-0.0010644218155069253,0.0005784358509660296
4348,2748,2268,0.007848324514991184,0.00812491619804244,0.0032413801838690813,-0.007716049382716049,0.0009467248501866493,-0.0064754226105108925
4349,2748,2231,0.011205737337516808,0.009941802729727393,0.0074549087015409465,-0.0030479605558045722,0.0022992127593889984,-0.0017735355269883455
4350,2748,2262,0.004597701149425286,0.008256814157879684,0.0016669223757652025,-0.008355437665782492,0.0017402583096801827,-0.006071504475684233
4351,2748,2268,0.0036155202821869493,0.0048949707571322425,0.00046406208923066924,-0.003880070546737213,0.003948541954512651,-0.003211406199619828
4352,2748,2245,0.012561247216035637,0.011870298804079341,0.010053790028076786,-0.002538975501113586,0.00338878783016181,0.0004935569873815668
4353,2748,2287,0.005334499344118933,0.009802902208414893,0.002156842217832828,-0.004984696108439003,0.0014334608759435062,-0.004133260129815456
4354,2748,2314,0.01097666378565255,0.009872927299242306,0.007331045929911109,0.0018150388936905783,0.006117796741667107,0.0021010383220848297
4355,2748,2276,0.004657293497363795,0.0084445917074834,0.0035413684711759906,-0.007601054481546573,-0.00030842625429572124,-0.004759537883587674
4356,2748,2231,0.0060959211116091445,0.00881401360222215,0.005275907848891236,-0.003227252353204841,0.00438033832036439,-0.0006693851904949745
4357,2748,2252,0.004618117229129664,0.0071077473653701675,0.0013483066006228263,-0.003996447602131439,0.0030564305194944225,-0.003704367417964353
4358,2748,2250,0.008444444444444444,0.01081807985787719,0.005704121146193325,-0.003111111111111112,0.003988993543982484,-0.001798395673899038
4359,2748,2275,0.011692307692307693,0.0070673905826858785,0.0074410794906338736,-0.0016703296703296708,0.0036966303617244397,-0.0010060505652085146
4360,2748,2289,0.005591961555264308,0.006958824750806643,0.002385464415743416,-0.004019222367846221,0.003232397179371747,-0.00353390043769358
4361,2748,2306,0.004770164787510842,0.008456063037390797,0.003881608434716872,-0.0029488291413703378,0.0014248731842428732,-0.0019223274931362238
4362,2748,2254,0.00709849157054126,0.006501438328101495,0.005444352674213726,-0.0065661047027506655,0.003035138313298465,-0.0033608213356537907
4363,2748,2302,0.009383145091225021,0.010151351675543275,0.008886961636328346,-0.003127715030408341,0.0017612963176110955,-0.00034176695294511336
4364,2748,2291,0.0068092536010475775,0.005710924717044993,0.0029499093169895333,-0.0035355739851593198,0.001032664100742913,-0.0033178870179164763
4365,2748,2286,0.01531058617672791,0.010901510956693623,0.012789028180739155,-0.003368328958880139,0.0021315243861423933,0.0007229216638762129
4366,2748,2282,0.010955302366345312,0.00825735315504591,0.007730153873790996,-0.002936021034180544,0.004181878478623366,-0.001042112509853055
4367,2748,2273,0.008095028596568412,0.006978803184549152,0.003859167131381245,-0.0028156621205455345,0.003861989126995805,-0.0025950127662563156
4368,2748,2282,0.009202453987730064,0.008809889976636716,0.008591738787590262,-0.0020157756354075374,0.0016702038545489868,0.0008976425880682425
4369,2748,2276,0.00905096660808436,0.007984412973818206,0.006415733573786258,-0.001977152899824252,0.0027630117761500996,-0.0008821323668684569
4370,2748,2304,0.010677083333333334,0.010222580249461339,0.008668358608190528,-0.0032986111111111124,0.004232605520530664,-0.0003233237429492571
4371,2748,2268,0.003880070546737212,0.003375249030145692,-0.0012860065897040806,-0.0009700176366843042,0.003713378444809684,-0.003004509616181886
4372,2748,2281,0.008154318281455504,0.009231245532150024,0.003694577779354635,-0.005392371766768962,0.0024713655655703476,-0.004663607111770134
4373,2748,2277,0.008871321914800176,0.008668197753270981,0.006245628470869026,-0.003952569169960474,0.0019806184212497087,-0.0021475341137433563
4374,2748,2239,0.008753907994640464,0.009129808282373232,0.007224778866623156,-0.005046895935685573,0.0005536043067390641,-0.002563630519606307
4375,2748,2277,0.005445761967501097,0.005106909303671038,0.003313111684636503,-0.003469477382520861,0.002191493266501806,-0.002579952365117799
4376,2748,2268,0.007671957671957673,0.007069677612130845,0.0054635656509014665,-0.003527336860670194,0.003232799158573378,-0.0014069829797631484
4377,2748,2258,0.009211691762621791,0.009132416145202878,0.005611647469432127,-0.004074402125775024,0.00729436345986718,-0.0013129549020193807
4378,2748,2241,0.010084783578759483,0.008697086441275013,0.008063384147420135,-0.004016064257028112,0.001421992999733197,-0.0017117564353863587
4379,2748,2274,0.007827616534740544,0.007357881093132396,0.004200274587865703,-0.004309586631486368,0.002863863636960085,-0.0029958262470483597
4380,2748,2267,0.009528010586678428,0.0071238529822706,0.005581529543915265,-0.0031318923687692975,0.00187235449428153,-0.0020312893321935348
4381,2748,2299,0.010352327098738581,0.009713483088621166,0.009616800495421992,-0.00343627664201827,0.005942801635186524,0.0011893220799262631
4382,2748,2320,0.00793103448275862,0.010035297751146375,0.006588848998964399,-0.001982758620689655,0.008966224803171826,0.0015476732452687765
4383,2748,2257,0.012317235268054939,0.01100506903775084,0.008361241656513415,-0.003677447939743021,0.0018585609709002979,-0.0017011335572683162
4384,2748,2268,0.005379188712522046,0.007236706395982203,0.004885037114043895,-0.0018077601410934735,0.0025306975820721706,-0.0001512658486962983
4385,2748,2288,0.007867132867132868,0.005334038312549978,0.0028182041725361147,-0.006905594405594406,-0.002811971331871567,-0.006272799882147719
4386,2748,2277,0.005006587615283267,0.006075004213678256,0.00019929740530639085,-0.004303908651734739,0.0013993014561925051,-0.005284244089186071
4387,2748,2266,0.011827007943512796,0.007182090457957364,0.00878695433117892,-0.0034863195057369817,0.0017565548117226058,-0.0012491009878063813
4388,2748,2277,0.0038647342995169094,0.007423259846789743,0.0031557336214855804,-0.0056214317083882305,7.117515733183024e-05,-0.0038396702175875195
4389,2748,2318,0.004659188955996547,0.007363160859306048,0.005270546867370044,-0.0062985332182916316,0.00306930376224727,-0.002327359065032183
4390,2748,2300,0.010260869565217393,0.01114774091603238,0.006229613069273243,-0.0036086956521739133,0.0032778149604114704,-0.0021319965227067413
4391,2748,2286,0.00726159230096238,0.008119593602633054,0.004953671116810244,-0.004286964129483815,0.0013478995524318946,-0.0021024994507471803
4392,2748,2265,0.00803532008830022,0.007575676468449258,0.005694953219783154,-0.004282560706401767,0.0046778452151809875,-0.0018713575275470962
4393,2748,2280,0.008070175438596491,0.006925412856691559,0.008049240663314262,-0.008508771929824561,-0.001214331851446719,-0.0037127032884448235
4394,2748,2223,0.00863697705802969,0.007419349203371261,0.004487119027708586,-0.00481331533963113,0.0011216418590455593,-0.0042719447217646435
4395,2748,2297,0.0037440139312146267,0.003538782330184123,0.0007425321585823396,-0.004179364388332609,0.0014594929523415242,-0.004114096000157236
4396,2748,2246,0.00979519145146928,0.008581098443671163,0.007827028203698936,-0.0026268922528940347,0.004242115028577502,4.7972214225635516e-05
4397,2748,2304,0.0067708333333333336,0.008174875924108673,0.005400012107201171,-0.005034722222222222,0.000872160739855425,-0.0027695379121332555
4398,2748,2254,0.0044365572315882874,0.0037104488092354546,0.0013313268847132537,-0.003460514640638863,0.0033545472688083565,-0.002854448475690249
4399,2748,2292,0.005235602094240837,0.005186962741452381,0.0037526005738960184,-0.0030104712041884828,0.0009887830960231274,-0.0019132979132557664
4400,2748,2238,0.00670241286863271,0.006869289233558697,0.0029172613077567545,-0.004915102770330651,0.000388675226259573,-0.0047466464056497145
4401,2748,2316,0.007599309153713298,0.009007029857978962,0.005684215600477504,-0.0031088082901554385,0.005632528866794079,-0.0007747182664871836
4402,2748,2265,0.005739514348785873,0.005871437081890838,0.004889901357635675,-0.0029139072847682124,0.004492338303254631,7.041945114628327e-05
4403,2748,2257,0.003633141338059371,0.005763493418708407,0.002723501327972535,-0.006247230837394773,0.0011155996970684077,-0.004247209715721503
4404,2748,2282,0.008939526730937777,0.007826758026586996,0.0035094725172695827,-0.0007011393514461008,0.0022416570893420682,-0.0028295634493832934
4405,2748,2271,0.009158960810215767,0.008390707818804195,0.006858988827827377,-0.003742844561867019,0.0009686364975081703,-0.0019730627629360744
4406,2748,2288,0.009090909090909092,0.008729297817854653,0.006652388286313606,-0.0038898601398601406,0.005308902654703757,-0.0010257085216542109
4407,2748,2269,0.013397972675187308,0.008841157178328325,0.0070521039076681365,-0.0018510356985456152,0.00485445893538038,-0.0014055178152460638
4408,2748,2290,0.00890829694323144,0.00900381148747295,0.004503422713181885,-0.0022707423580786024,0.006100201654307896,-0.0012888853024595882
4409,2748,2244,0.009893048128342248,0.0105359011255477,0.008373611761242601,-0.007531194295900177,0.003669281556277564,-0.002904695489151674
4410,2748,2240,0.008928571428571428,0.006740351207567981,0.007030023769874565,-0.0031249999999999997,0.0006665388548093321,-0.0010501624059343223
4411,2748,2275,0.008879120879120881,0.010656102538926359,0.00835987753027393,-0.00386813186813187,0.0030744104889838947,-0.00033795696928008484
4412,2748,2289,0.008125819134993448,0.007808031802053484,0.007154623217519803,-0.003975535168195717,0.0009800964610522547,-0.0015785718157533607
4413,2748,2276,0.0016695957820738133,0.00578335251378511,-0.0005551320942707276,-0.005184534270650264,0.002246321345674245,-0.004701341202556186
4414,2748,2288,0.007867132867132868,0.008276592349806763,0.0043634723461708005,-0.00270979020979021,0.004669761074411225,-0.0018128885562826854
4415,2748,2283,0.012439772229522559,0.011556902422207378,0.011767284422661202,-0.0045992115637319315,0.0015195525289667363,4.030361692234485e-05
4416,2748,2274,0.011697449428320142,0.010090416023951464,0.00995712442281099,-0.002902374670184697,0.004367665390376682,0.0007521085919639563
4417,2748,2294,0.00932868352223191,0.007836008853925663,0.007663763474608442,-0.0015257192676547513,0.006667349079622552,0.001503329943856858
4418,2748,2288,0.005681818181818184,0.005980611834245575,0.0025856410097815567,-0.006643356643356644,0.0019488359511236678,-0.004967464662135139
4419,2748,2246,0.008281389136242209,0.0067547785695592595,0.0037121504912912395,-0.004363312555654497,0.0020036047431130693,-0.0037967608684182494
4420,2748,2234,0.007967770814682184,0.008010106440231379,0.004158336543316672,-0.004297224709042077,0.0009351257776624809,-0.0037627374038933722
4421,2748,2263,0.007688908528501988,0.007729307949396356,0.004296168408802107,-0.0018117543084401229,0.0033801772155415224,-0.0010468926027070089
4422,2748,2280,0.008771929824561403,0.007423333836840646,0.005823078946666779,-0.0032017543859649126,-0.00030110048238008233,-0.0023928632719646273
4423,2748,2266,0.014298323036187114,0.010601448411673129,0.010614741750627514,-0.0007502206531332761,0.003486214234707381,0.0012262001127410324
4424,2748,2284,0.009106830122591945,0.006442269969562628,0.005943939014710256,-0.0031961471103327498,0.0030834964303167573,-0.0018729820732546851
4425,2748,2291,0.010475774770842427,0.007785833217843647,0.008414882229444778,-0.00270624181580096,-0.0002458731869907374,-0.0007536787555393491
4426,2748,2255,0.007272727272727274,0.0034192700064333034,0.0027844335738795595,-0.0033702882483370293,0.0035877132553555706,-0.0027986173556370955
4427,2748,2296,0.0102787456445993,0.008855841027129769,0.005088246536510324,-0.0013501742160278757,0.0062977841656169055,-0.0005744320347444284
4428,2748,2264,0.009452296819787988,0.010680311633895297,0.005922150207964391,-0.0024734982332155478,0.0038355889049187524,-0.0014449797752520972
4429,2748,2303,0.008684324793747287,0.006718907322552083,0.007350657700839773,-0.002388189318280505,0.003023947743775387,0.000537003881430034
4430,2748,2306,0.007632263660017347,0.00857323325729936,0.0061498183490179634,-0.0033391153512575896,0.0023564356134079967,-0.0010680969665302481
4431,2748,2240,0.010892857142857143,0.010162659023266376,0.008690776272833349,-0.002008928571428572,0.002458925682754793,6.979499812101481e-05
4432,2748,2243,0.0024966562639322344,0.007316540864556623,0.002847459363135443,-0.0030762371823450743,0.0015314006605841154,-0.0014384395322680293
4433,2748,2299,0.010700304480208787,0.00920375710141084,0.007728001049027934,-0.005045672031317965,0.001993426535375252,-0.001906360441155869
4434,2748,2286,0.013473315835520562,0.010336016404711726,0.011055786171070694,-0.0028871391076115476,0.001123412285961257,9.798219618463611e-05
4435,2748,2285,0.009452954048140044,0.010344489248849039,0.005879978615605188,-0.0005251641137855585,0.005442160308839486,0.0008453953686766652
4436,2748,2278,0.010447761194029851,0.009163155960683818,0.007833770569716833,-0.00276558384547849,0.003855464490235506,-0.0003864948532967292
4437,2748,2273,0.013286405631324242,0.013053702494570782,0.012419874512399023,-0.0011878574571051478,0.0044306525554115945,0.0035720972138711406
4438,2748,2286,0.01452318460192476,0.010411232842955559,0.011060785800929934,-0.0017497812773403325,0.006810757773048887,0.0013550948127195677
4439,2748,2256,0.007712765957446809,0.0074537877630870535,0.004484473171634113,-0.003945035460992908,-0.0010200418684498838,-0.0038305835728203864
4440,2748,2289,0.010747051114023591,0.008880057139656424,0.007533423237513755,-0.0015290519877675843,0.00426678617201416,0.00013775436921857956
4441,2748,2286,0.005336832895888014,0.005743953959950047,0.003073856028265557,-0.004943132108486439,0.0016722910126196777,-0.002864793502258985
4442,2748,2246,0.008103294746215496,0.010725171011360746,0.00928243335869687,-0.004674977738201247,0.004489039358620661,0.0006725884340473208
4443,2748,2245,0.008997772828507793,0.011130185078479422,0.006975497855824669,-0.005701559020044545,0.0052243451365420615,-0.0021533378817734225
4444,2748,2250,0.004977777777777777,0.007980635612627213,0.004185439233450066,-0.0029777777777777797,0.004662055221863982,-0.0007933496697754901
4445,2748,2225,0.005662921348314607,0.011795489147553856,0.005729511675490855,-0.0031460674157303362,0.003882556468936673,-0.0007429046044806604
4446,2748,2274,0.007211961301671063,0.006355042465317275,0.006087810503381799,-0.0031222515391380835,0.004413535461645384,0.0002581977133253817
4447,2748,2260,0.00911504424778761,0.007418430763154362,0.006698038967149341,-0.005044247787610621,0.002878915280679611,-0.002496582143595071
4448,2748,2292,0.00881326352530541,0.005797603628528397,0.005002896797398253,-0.003010471204188482,0.00017612274761612617,-0.002859707783695883
4449,2748,2297,0.008794079233783194,0.004534553141412752,0.005364087868839335,-0.00039181541140618104,0.004710782972515495,0.0008460210529750904
4450,2748,2288,0.011013986013986015,0.008557519082063274,0.00812155878852665,-0.003715034965034965,0.0021230833280307827,-0.0018994805140588836
4451,2748,2283,0.0152431011826544,0.008069854703405061,0.01148600106029235,-0.0030223390275952687,0.0028348985684317684,-7.750614131254963e-05
4452,2748,2310,0.007792207792207794,0.008742374244265874,0.003971677074512928,-0.0021645021645021645,0.003583882030737546,-0.0020620848180922116
4453,2748,2300,0.007043478260869566,0.004828176397193704,0.005146088852422087,-0.0066956521739130435,-0.002231872352236074,-0.004938650813499932
4454,2748,2275,0.007384615384615385,0.006519665898578324,0.007015022223678975,-0.0028571428571428593,0.0001527248372108034,-0.0007810084302399397
4455,2748,2260,0.014070796460176992,0.005739243541452296,0.010659571893185648,-0.0019911504424778756,-0.0003894175619214236,-0.000406084443644819
4456,2748,2288,0.011188811188811189,0.00919342027662258,0.007718749115999289,0.00030594405594405575,0.006963001471042308,0.002050275820704512
4457,2748,2260,0.0115929203539823,0.006847124477492445,0.0065714904228968765,0.0009734513274336282,0.003949335230047539,0.0005225637532080506
4458,2748,2279,0.0068451075032909155,0.00783326753203617,0.010252067893437774,-0.004738920579201404,0.002929179313705971,0.0015166846622794963
4459,2748,2242,0.009545049063336308,0.008687273298538394,0.005428479892663689,-0.003033006244424621,0.003379878657788446,-0.0016108022923753
4460,2748,2249,0.008892841262783458,0.006402953151297169,0.0042531547322590835,-0.004891062694530902,0.0008648962569283601,-0.004447272799688214
4461,2748,2296,0.004790940766550522,0.006614941105039166,0.0013419681948934887,-0.0026567944250871084,0.004566116120562765,-0.0030185945342931972
4462,2748,2254,0.006654835847382431,0.003800447616583063,0.0014480586909081476,-0.006787932564330078,0.0012479645928076006,-0.006154339860376598
4463,2748,2267,0.012704014115571241,0.012145225270709718,0.007423620330846156,-0.003264225849139834,0.006353207131188486,-0.0019131345393550378
4464,2748,2285,0.011816192560175055,0.008361773383219964,0.00807131933543055,-0.004113785557986872,0.0016016367866849264,-0.0018000121833636107
4465,2748,2289,0.0090869375273045,0.008681577661089802,0.005767569540842629,-0.004805591961555264,0.0034027573052620554,-0.0024001048486989173
4466,2748,2273,0.007215134183897931,0.006519813832340507,0.004708811752249303,-0.005235371755389353,0.0028473702315220954,-0.0027144400809065907
4467,2748,2277,0.004655248133509002,0.00803251204039421,0.004014030747559035,-0.0018445322793148881,0.0063681257755793886,0.0005096164971751985
4468,2748,2311,0.009346603202077022,0.007736327467852535,0.004110776131441236,-0.004673301601038511,0.00010675913948439071,-0.0046662760990453965
4469,2748,2259,0.0036299247454625945,0.005491277007976478,0.0017654786932915362,-0.003939796370075254,0.0020189678231692246,-0.0030584611685587097
4470,2748,2282,0.00525854513584575,0.005398579202396627,0.0018698652999830816,-0.005039439088518843,0.0018735449482718697,-0.004350790125173637
4471,2748,2291,0.011174159755565256,0.008727889332384298,0.00809055401192606,-0.004583151462243562,0.004296816933330901,-0.0013604782352632753
4472,2748,2267,0.012968681076312308,0.011305892814678304,0.009805771559219136,-0.0029995588883987654,0.005188733972707334,-2.4418480494569194e-05
4473,2748,2266,0.0048543689320388345,0.008212676155020826,0.0031727119593914946,-0.0038393645189761707,0.0032624224774109468,-0.0021053949160326907
4474,2748,2266,0.0073256840247131515,0.004756068729219328,0.006033153949383512,-0.006972639011473963,-0.000815758277427163,-0.003745307429011687
4475,2748,2262,0.006984969053934573,0.012411682664434221,0.0032728746905760987,-0.006808134394341291,-4.545314621054848e-05,-0.006052140145888432
4476,2748,2315,0.008812095032397408,0.008430707655186014,0.0051514493621641405,-0.004017278617710582,0.0038867006635446353,-0.0030360930545092263
4477,2748,2285,0.009452954048140044,0.004316877410579623,0.0051717713281382366,-0.004113785557986872,0.0008331683442189132,-0.003197975892703272
4478,2748,2277,0.010891523935002196,0.0079618083125713,0.006642575906594241,-0.005884936319718928,-0.0005805622645376329,-0.004558126014280297
4479,2748,2285,0.005689277899343545,0.0053636341153888035,0.0007604712392108364,-0.005032822757111599,0.0016778907450156375,-0.0057214404696731115
4480,2748,2281,0.005523893029373084,0.004929673602108355,0.0011441724082908366,-0.0045594037702761945,0.0017134931424881124,-0.00505154529555837
4481,2748,2281,0.010170977641385357,0.007667142713442605,0.005995828910299927,-0.005874616396317404,0.0012309653157703822,-0.004493115703747982
4482,2748,2256,0.00824468085106383,0.010230976392736228,0.008310818624420978,-0.00474290780141844,0.0023171773606251293,-0.0006937941963050551
4483,2748,2252,0.01039076376554174,0.009078419164888104,0.007566143050992689,-0.0021758436944937826,0.0013411965019374853,-0.0010030330748625022
4484,2748,2257,0.008418254319893664,0.006648718896026099,0.004199540834269374,-0.003943287549844927,0.004011717849827912,-0.0027347692348369634
4485,2748,2264,0.007597173144876325,0.007104720970300405,0.002699201083589552,-0.006625441696113075,-0.00010815512838449467,-0.006628970350153874
4486,2748,2287,0.007958023611718408,0.008775611065770935,0.005044567107659817,-0.005203323130738961,0.005254271819925625,-0.0025492129607192515
4487,2748,2289,0.008300567933595456,0.007439937557217341,0.0036793632096604177,-0.003931847968545217,0.00412222295629082,-0.0032407678660274883
4488,2748,2279,0.007810443176831944,0.009572726719772676,0.005586770044075811,-0.0038613426941641075,0.0029981250670235372,-0.0012744259390159733
4489,2748,2269,0.006698986337593655,0.008599362311985586,0.003536512579046953,-0.004186866460996034,0.004245984059893811,-0.0035795533454753238
4490,2748,2286,0.010411198600174977,0.007276612191608817,0.005563458904439423,-0.003193350831146108,0.004128065469204574,-0.002014192925578427
4491,2748,2277,0.012033377250768555,0.007218248269504243,0.007730793964180517,-0.0021080368906455883,0.0035283728717202295,-0.001083021293608428
4492,2748,2294,0.007672188317349605,0.008870619593492973,0.005266175913952404,-0.002397558849171753,0.0036258947678027707,-0.001062557186080874
4493,2748,2247,0.00578549176680018,0.009743040598279766,0.006799169717625743,-0.004494882064975523,0.005787822962084028,-5.4381054756466336e-05
4494,2748,2267,0.004058226731363037,0.008259456457011302,0.004310050296722439,-0.006616674018526688,0.00108014209705945,-0.0031670257560193985
4495,2748,2293,0.0044483209768861765,0.004730145962430269,0.0018603533473237196,-0.007631923244657654,-0.0010648175886632325,-0.006474676223441389
4496,2748,2313,0.010116731517509726,0.011098503844386485,0.005926363047998811,0.000994379593601383,0.004395862463916808,0.0002999325447064595
4497,2748,2290,0.012314410480349347,0.006280698566775161,0.007724527953443963,-0.0014410480349344977,0.0011315819138134954,-0.001016809187837644
4498,2748,2258,0.011071744906997343,0.008805206865800632,0.009364565348075681,-0.0027457927369353417,0.0023186347576380456,0.0005113120349820895
4499,2748,2261,0.005395842547545334,0.006115331604091954,0.002020668010827446,-0.007164971251658558,-0.0010755015768925513,-0.006614826220311373
4500,2748,2300,0.01191304347826087,0.009152706018608285,0.009132455977985014,-0.0036086956521739124,0.004035825634433847,-0.0002892548586660309
4501,2748,2276,0.005360281195079086,0.005613620610233999,0.002310529350885642,-0.005799648506151143,-0.0011433275212364882,-0.00505121165076894
4502,2748,2264,0.005653710247349824,0.007926683119493873,0.0027255318404534766,-0.004637809187279153,0.0033150356317072117,-0.0038244720672666152
4503,2748,2258,0.00487156775907883,0.006680584204531346,0.0024240141023208596,-0.00854738706820195,-0.0011502292945924242,-0.006892856298988726
4504,2748,2307,0.013437364542696142,0.010320846134207634,0.008901614048377787,-0.0038144776766363244,0.005727159471926204,-0.0007999206178674271
4505,2748,2266,0.005383936451897618,0.0059716444347388915,0.00014269769367978338,-0.006575463371579875,0.0020929333493094463,-0.006856741443380255
4506,2748,2263,0.012196199734865222,0.008996277508606645,0.007693436940146473,-0.004065399911621741,0.0008291420147721456,-0.0035184752516279126
4507,2748,2261,0.007784166298098187,0.008252101992585192,0.005903214040216979,-0.003272888102609464,0.003443291003668617,-0.0011575895799516107
4508,2748,2291,0.008031427324312527,0.010226293503487903,0.008504080899818606,-0.0032300305543430823,0.003311544683045045,0.0009242138913005566
4509,2748,2323,0.009556607834696515,0.010088983835044155,0.008600837710322854,-0.004218682737839001,0.0018727649795542691,-0.0010512311999371874
4510,2748,2272,0.007570422535211267,0.007480697313096898,0.006692667160200337,-0.0007922535211267617,0.00409106474339129,0.0004875275538799737
4511,2748,2299,0.010352327098738581,0.01136520673867857,0.008473194502247315,-0.004610700304480209,0.0014021106675031667,-0.0013583213723164938
4512,2748,2253,0.00896582334664891,0.009583714981128985,0.006886545212938117,-0.0031957390146471376,0.002081016343640963,-0.001402409675610537
4513,2748,2307,0.004247941048981361,0.004638228335954828,-0.0009573776512188687,-0.005851755526657998,0.0006668559816665349,-0.0064816245511876425
4514,2748,2273,0.009326880774307085,0.006216485486000843,0.006786230836069716,-0.006863176418829742,0.0015971979051747009,-0.003990882044772775
4515,2748,2256,0.009929078014184396,0.008776397351108382,0.008152023409163815,0.0003546099290780141,0.0048507453357120615,0.002371748997538462
4516,2748,2281,0.010872424375274003,0.006948364702584202,0.006867227720553684,-0.0021920210434020165,-0.0008151758617585842,-0.0020460256212815665
4517,2748,2263,0.011224038886433937,0.007853766898871671,0.006661672614008342,-0.005081749889527177,0.0018427616522150776,-0.0033891944403004275
4518,2748,2225,0.009348314606741572,0.006279651518735336,0.004368154358262069,-0.00197752808988764,0.0036426361667368326,-0.0014485335886949985
4519,2748,2307,0.007368877329865628,0.009824998539038558,0.006343107222369716,-0.0004768097095795409,0.0049531533050977666,0.0013566599010167418
4520,2748,2304,0.01154513888888889,0.007100101200246662,0.009580860018167749,-0.0072916666666666685,0.0017900633416682997,-0.002812523053250685
4521,2748,2280,0.004649122807017544,0.006478892363391062,0.0021761641840699593,-0.006754385964912283,0.001067514593640862,-0.005064399985497779
4522,2748,2273,0.011262648482182138,0.011178187004721937,0.008541804801071988,0.0009678838539375276,0.006431062159172259,0.0026010191669214736
4523,2748,2295,0.012026143790849673,0.01171858345201289,0.007821722232907048,-0.0036601307189542487,0.005490431683674938,-0.0021750927108224907
4524,2748,2279,0.015533128565160157,0.0068065922802085285,0.007596147777835129,-0.0028960070206230796,0.0023203417000503225,-0.0028767625092907573
4525,2748,2259,0.006020362992474547,0.007309079912236479,0.003353732932000202,-0.006551571491810536,-0.0024722123546632438,-0.005735082843732176
4526,2748,2301,0.009213385484571925,0.008901798899316388,0.0056035930579746785,-0.0023902651021295088,0.004620564356200474,-0.00098627049953246
4527,2748,2291,0.007944129201222176,0.008633703331829837,0.004189637565681079,-0.0010475774770842437,0.0030759619178717897,-0.0014664570402267714
4528,2748,2292,0.0076788830715532296,0.008656931507881655,0.007667309864085636,-0.005235602094240838,0.001662345439433285,-0.0010034971312632092
4529,2748,2243,0.009897458760588498,0.008080790019329596,0.006453068145785358,-0.0024966562639322336,0.004020018956119817,-0.0014243886029203445
4530,2748,2296,0.005313588850174217,0.008530717698460632,0.0039006551418371295,-0.002961672473867595,0.0020564990197097064,-0.001770680563369683
4531,2748,2301,0.008691873098652759,0.01048038243776515,0.006427054508442359,-0.001173402868318122,0.004383533224506203,-0.00016409301374164457
4532,2748,2259,0.01142098273572377,0.007544021718640146,0.006948903792023306,-0.003142983621071272,0.00334263261605326,-0.0020693805436955326
4533,2748,2261,0.00796107916850951,0.0070346411337062955,0.005524147341751258,-0.0017691287041132246,0.003944801490332928,-0.00021128264246192134
4534,2748,2294,0.0054925893635571045,0.006188001536139001,0.002513519175403871,-0.003400174367916303,0.002181037667822822,-0.002815499206746201
4535,2748,2268,0.011552028218694886,0.008533180215088561,0.008516793948870114,-0.005026455026455027,0.004592409259673245,-0.0009903232389539573
4536,2748,2319,0.007761966364812419,0.007136839315310264,0.004208313832318668,0.00017248814144027612,0.004953825456196106,0.00035183588727442716
4537,2748,2268,0.00908289241622575,0.006327503884078171,0.00495343009305611,-0.005335097001763668,-0.0006638517086040441,-0.004721657859046029
4538,2748,2279,0.009653356735410267,0.0072991322189615215,0.004121409192565587,-0.00434401053093462,0.0015298075164245956,-0.004345198562209833
4539,2748,2295,0.005577342047930284,0.004175726372843614,0.002127139311879742,-0.00749455337690632,-0.00048827314585253736,-0.006082563928057299
4540,2748,2302,0.0072111207645525624,0.008025072416977665,0.005434357444883282,-0.007732406602953953,0.0015705933203262461,-0.004381603625687188
4541,2748,2267,0.011204234671371856,0.006964721313291299,0.009649840037049853,-0.00251433612704014,0.0038053917431511383,0.0011761030408525227
4542,2748,2273,0.008886933567971845,0.0077083956712179135,0.0031611086485481606,-0.004047514298284206,0.0036401639049994687,-0.0041351044672818926
4543,2748,2269,0.01401498457470251,0.010289364874434548,0.012149699656502118,-0.002423975319524018,0.004845506191416759,0.001494858229086741
4544,2748,2287,0.009619588981198076,0.007192855617682705,0.00679096871282407,-0.003541757761259293,0.0007800586064238077,-0.0019360096129849636
4545,2748,2276,0.003339191564147629,0.005211441629331571,0.0005502534827236741,-0.0046572934973637976,-0.00016664457088678915,-0.005064684163733169
4546,2748,2272,0.0125,0.011891498519404759,0.007814693182850222,-0.004797535211267606,0.0022777705497261562,-0.0029023217066912405
4547,2748,2244,0.004188948306595367,0.0053092855156792705,0.002091824006922756,-0.0060606060606060615,-0.0009804241661834647,-0.005436270068977144
4548,2748,2312,0.014100346020761247,0.007662985095768078,0.00939460343158317,-0.00458477508650519,0.002679917455530408,-0.0017894056879366193
4549,2748,2320,0.009482758620689655,0.008012498282125602,0.004339032312315621,-0.0014224137931034492,0.0069128374846673885,-0.001142593327089364
4550,2748,2293,0.0034888791975577847,0.006671466869385366,0.0030528861319103562,-0.005189707806367205,0.00432647507371686,-0.002533297564011778
4551,2748,2298,0.009834638816362052,0.009078774366387697,0.007299159943417483,-0.0019147084421235858,0.0053042110541553,-0.0001179068208705813
4552,2748,2277,0.009398331137461574,0.0077819619166602984,0.005267516843721667,-0.0049187527448397,0.0022887324435698067,-0.003195522330462083
4553,2748,2291,0.0038411174159755567,0.008656349740926954,0.0026429671896369307,-0.006154517677869927,0.003257812405213705,-0.0036880175280639056
4554,2748,2246,0.00765805877114871,0.01027782889225094,0.0047543745671666604,-0.0026268922528940334,0.003982781955845354,-0.001801580299858638
4555,2748,2244,0.009180035650623884,0.009630955065195334,0.0067668914090667645,-0.0008467023172905525,0.0036629456271477403,0.0007386472037454848
4556,2748,2285,0.011028446389496715,0.007320099303513748,0.006897500995540654,-0.004245076586433262,0.0012298110127947136,-0.002762247130438092
4557,2748,2270,0.003788546255506608,0.007201245898864088,0.0011440194987710683,-0.002202643171806168,0.003037039109988068,-0.0026092230336811372
4558,2748,2270,0.01303964757709251,0.007143376097365408,0.00947425623161114,-0.00030837004405286235,0.006018611955489223,0.0012156886786711585
4559,2748,2249,0.009070698088039128,0.008284321901949119,0.007150343560048054,4.4464206313916445e-05,0.00885170633889935,0.0027669172438298884
4560,2748,2238,0.014745308310991957,0.010074322664020334,0.01000481216625588,4.4682752457551424e-05,0.0022672540178522555,0.000510975094587213
4561,2748,2302,0.00625543006081668,0.006449493749284078,0.004639425611070077,-0.0033449174630755863,0.0019824339880915457,-0.0019229432887545035
4562,2748,2244,0.006149732620320856,0.006186570249466664,0.005720356582357421,-0.003030303030303031,0.0044644902170511746,-0.00020592239515591392
4563,2748,2293,0.010553859572612297,0.006806804726860717,0.007497756362564601,-0.0051024858264282595,-0.0001789512279817422,-0.0024993288728523714
4564,2748,2232,0.010842293906810038,0.009778101283204766,0.00680460317637701,-0.0036290322580645167,0.002201321841075962,-0.00228158601148974
4565,2748,2284,0.005954465849387042,0.005830575825091502,0.004249897603769208,-0.0010070052539404544,0.0046462250413915876,0.00011732493478017222
4566,2748,2311,0.010731285157940284,0.006573360664263784,0.006748910240337134,-0.001817395067070533,0.00377077212515523,-0.0007236715546999616
4567,2748,2270,0.004493392070484582,0.006658805934239444,0.0021797573663522095,-0.005198237885462555,0.0035585066801129303,-0.0037455349391652677
4568,2748,2243,0.008203299152920196,0.007474186302071422,0.0075558818334822,-0.002407489968791797,0.002649623250912812,0.0006552140164384
4569,2748,2274,0.008443271767810026,0.0059087209303546025,0.005153124168914754,-0.004089709762532982,0.0011886320047407655,-0.003388552937449379
4570,2748,2296,0.010191637630662023,0.01050031748312219,0.006784040855481843,-0.005313588850174217,0.0020719660017493157,-0.0030832872597397055
4571,2748,2316,0.011053540587219345,0.010325859530971437,0.010501651653711903,-0.0020725388601036273,0.005772223193114512,0.001934650488685821
4572,2748,2276,0.013005272407732865,0.009222667384762523,0.011019231628142043,-0.0019771528998242514,0.003958255018253219,0.0017904247285109463
4573,2748,2302,0.005907906168549088,0.00752869563315108,0.0032347361574930856,-0.005039096437880105,0.0011709188163812473,-0.004035498830201999
4574,2748,2269,0.00749228735125606,0.007019665796517564,0.003481453289185554,-0.0027324812692816223,0.004201719989969331,-0.0019460750414209825
4575,2748,2273,0.009326880774307085,0.0060773716079921495,0.0034137411777104935,-0.0054553453585569735,0.0020653348790383654,-0.005564230235951051
4576,2748,2294,0.011072362685265912,0.010585637272576514,0.006382859134884337,-0.001089799476896253,0.0063647643772479345,-0.0005958935623316384
4577,2748,2306,0.0032957502168256734,0.0030417704220551253,0.0021424615192510844,-0.0019080659150043366,0.0037526334001083596,-0.0008312873667572616
4578,2748,2301,0.009039548022598872,0.012429442026585538,0.008504063029520767,0.0008691873098652758,0.004117128403261344,0.002655253321156284
4579,2748,2292,0.006020942408376964,0.007107960171110751,0.004708502618376585,-0.007024432809773124,-0.0003387747250676757,-0.004048869651299324
4580,2748,2271,0.010215763980625276,0.00834750643885551,0.00568842406400965,-0.004403346543372964,0.0025940768506603623,-0.003119622605253907
4581,2748,2298,0.01018276762402089,0.009906914048753193,0.0059565592458659285,-0.0030026109660574426,0.0008946440349962476,-0.002997865841300176
4582,2748,2299,0.008003479773814704,0.011405478528862334,0.009120116083719045,-0.005045672031317963,0.0034582073196976868,-0.00028843290971937614
4583,2748,2285,0.008665207877461709,0.006611389309079976,0.005168436746098638,-0.004638949671772428,0.0022814360873019413,-0.0033701828589109586
4584,2748,2288,0.009090909090909092,0.008890879105169745,0.008901156577972264,-0.004326923076923078,0.002239132500905955,0.00014785164825214798
4585,2748,2307,0.00892934547030776,0.012069859591276561,0.006494601822408073,-0.004117902037277849,0.0019401592232771226,-0.002132076264859419
4586,2748,2287,0.010668998688237865,0.007335380829743462,0.006922170617376814,-0.0031919545255793603,0.003170304998213768,-0.0017764541603718944
4587,2748,2271,0.009423161602818142,0.01012586482604871,0.006507580319788493,-0.0028621752531924264,0.004161328372772434,-0.0008161287471110292
4588,2748,2277,0.007992973210364514,0.007983338523784288,0.007361573112590296,-0.0051822573561704,0.0022242923465361475,-0.001665819499566167
4589,2748,2266,0.007413945278022948,0.005643448258069915,0.004908733890179912,-0.0012797881729920567,0.002547467911966533,-0.0006078616591747708
4590,2748,2275,0.01010989010989011,0.007367331009535941,0.006297415901096941,-0.004527472527472528,0.0006980822828930186,-0.0030060851291271364
4591,2748,2294,0.010985178727114213,0.008324211980871493,0.009277091209635453,-0.0040104620749782036,5.356492848776612e-05,-0.0015241682701321224
4592,2748,2283,0.010687691633815156,0.010643404961034454,0.009219192777630322,-0.002146298729741569,0.004435605998640163,0.0010022132533968938
4593,2748,2280,0.007017543859649123,0.007629513376085425,0.004656977781441199,-0.0028508771929824563,0.00351166080967832,-0.0009252445384476321
4594,2748,2269,0.002908770383428825,0.004453749636570631,0.0021456427794525634,-0.0067430586161304545,0.001832571775071329,-0.003502648355660585
4595,2748,2256,0.01152482269503546,0.009111739926691812,0.010509624061972532,-0.004609929078014185,0.004403300024812378,0.0005111426231023905
4596,2748,2301,0.007127335940895262,0.004402757601779297,0.004881542557420956,-0.005693176879617557,0.00011349232385107777,-0.003387110550257603
4597,2748,2294,0.008282476024411508,0.008447866466975497,0.0056675566629041055,-0.004577157802964254,0.0017275292703509753,-0.002602102286378726
4598,2748,2301,0.009300304215558452,0.008283562307579564,0.005099342242010883,-0.005649717514124295,0.001966630977234187,-0.0040061262798736265
4599,2748,2265,0.0060044150110375285,0.0044148634557337856,0.003057994986131876,-0.003885209713024282,1.909249146416828e-05,-0.0036042617197639404
4600,2748,2257,0.013469206911829864,0.009778696525393437,0.00916417628446726,-0.0027027027027027033,0.003497793181050365,-0.00052753979071859
4601,2748,2287,0.008657630083078268,0.009840404563001077,0.005731472919832983,-0.0018801923917796234,0.0018121058849796133,-0.001651718053584787
4602,2748,2255,0.008514412416851443,0.007557289217380049,0.0072930309043194004,-0.006031042128603104,0.0004780534026364969,-0.0031479588128171957
4603,2748,2264,0.007508833922261484,0.006159071145136434,0.002279353577345638,-0.005742049469964664,0.002116702719184431,-0.005777747765914252
4604,2748,2297,0.007749238136700042,0.011139562635598621,0.004209500760156144,-0.004092294296909013,0.0029089841665822665,-0.0033388655668414482
4605,2748,2263,0.005391073795846221,0.004760003307195379,-7.799710618794825e-05,-0.007821475916924437,0.001303957363468715,-0.007550640369611842
4606,2748,2287,0.008132925229558373,0.011005298635062206,0.0071182018980439,-0.003279405334499345,0.004945337999757021,-0.0010591997343425098
4607,2748,2269,0.007315998237108859,0.00874222896122063,0.006075593189721037,-0.0045394446892904365,0.004707865016905127,-0.0015765126564043978
4608,2748,2304,0.010850694444444444,0.009690336188921338,0.007814644998588898,-0.0005642361111111112,0.004953081580483622,0.0008044686177460485
4609,2748,2237,0.007957085382208313,0.0069169083867957615,0.006287607548967231,-0.0017434063477872151,0.0030710579956906322,-0.0007557778182335285
4610,2748,2295,0.0017429193899782143,0.005043655278009777,-0.0003008106052176769,-0.007450980392156864,0.0008201964731843458,-0.006342036449460364
4611,2748,2296,0.007752613240418117,0.00802012239761092,0.0076076862275546294,-0.00544425087108014,0.001998523174241806,-0.0015275986624810514
4612,2748,2275,0.00720879120879121,0.007129728844819086,0.0035968594840677767,-0.0014945054945054942,0.003076338642937465,-0.002184499561796767
4613,2748,2245,0.003919821826280624,0.006085449984243743,-0.003940873057283002,-0.00690423162583519,0.001497442911684488,-0.009607383387881955
4614,2748,2279,0.00903905221588416,0.00828431060486144,0.007014802217321605,-0.004300131636682756,0.0014053458334175296,-0.002237753140949545
4615,2748,2279,0.009390083369899079,0.009772726386136852,0.007281589516668211,-0.002983764809126811,0.004072823098466144,-0.0007197074745178531
4616,2748,2291,0.008206023570493232,0.008398177529575588,0.004730799125017095,-0.005979921431689219,0.0004937556312669273,-0.004999564865902778
4617,2748,2282,0.009290096406660824,0.009382102188532984,0.00808967614709857,-0.006266432953549519,-0.001973813269133987,-0.003192130460808633
4618,2748,2304,0.005989583333333333,0.010565938455320603,0.0061799074706036135,-0.0025607638888888893,0.004419182679673185,0.00041992698055346014
4619,2748,2277,0.011067193675889328,0.008549837044120401,0.006679631534231571,-0.003820816864295125,0.0017412690580392077,-0.0029960890735967224
4620,2748,2277,0.005357927097057531,0.0045455684928483574,0.0031797813603769752,-0.006455862977602107,0.0006624271668777034,-0.00469414045095846
4621,2748,2263,0.008484312859036676,0.007688260903843808,0.006616253231600159,-0.004153778170570041,0.003295833045624799,-0.0014488428864862862
4622,2748,2306,0.012142237640936688,0.008510093391295956,0.008589774129121753,-0.00017346053772766644,0.004498629407077081,0.0014305068889376464
4623,2748,2255,0.011352549889135255,0.008992021666304003,0.008998970796597318,-0.0016407982261640805,0.0053698887776886806,0.001152122498313759
4624,2748,2277,0.011418533157663592,0.010530172290050575,0.008594029233622909,-0.0049626701800614854,0.0005554651026395419,-0.0026954792548071656
4625,2748,2273,0.0037835459744830634,0.005727271004711463,0.0016228102403500798,-0.008886933567971845,-0.000424988609814052,-0.006408299148335291
4626,2748,2292,0.007766143106457245,0.00666364668181765,0.005944423778571302,-0.0029668411867364744,-0.0006081538623528364,-0.001869811580519751
4627,2748,2256,0.012854609929078014,0.011434562238296435,0.012696797118786535,-0.0002659574468085112,0.0032979757237531363,0.003403195808239227
4628,2748,2282,0.008150744960560912,0.006619069159501117,0.004415296771904471,-0.004250657318141982,0.0028450204848339215,-0.003947124488221199
4629,2748,2277,0.008256477821695212,0.007999417073108774,0.005297116178718695,-0.0025911286780852002,0.004557492333311027,-0.0013052190482358503
4630,2748,2269,0.00863816659321287,0.007027411083588834,0.004726918731204921,-0.007844865579550461,0.0025797723965303053,-0.00493761283171302
4631,2748,2289,0.00926168632590651,0.009150693430410974,0.005478405597521776,-0.005067715159458281,-0.0006965674217236024,-0.004257923868222091
4632,2748,2292,0.010209424083769632,0.0077256912999175064,0.006171905872827989,-0.005671902268760907,9.45605274938412e-05,-0.004535824023026409
4633,2748,2287,0.0021862702229995634,0.004432247330655867,-0.00029904665951769563,-0.005640577175338872,-0.00020297423723886004,-0.005741961190025278
4634,2748,2236,0.005724508050089446,0.006258290858835,0.003271064583824854,-0.0041592128801431144,0.0031772824964735424,-0.002479400364418223
4635,2748,2284,0.00691768826619965,0.0047320137370865725,0.004936181266710165,-0.003852889667250437,0.0033039444254191344,-0.0018886596449305129
4636,2748,2245,0.00864142538975501,0.008431651999960993,0.005922222735233772,-0.005523385300668151,0.0007232567005903722,-0.0032083685348076483
4637,2748,2311,0.01237559498052791,0.010870864997807029,0.012045586776743122,-0.004846386845521419,0.0015964713589588448,-9.050613337208416e-05
4638,2748,2253,0.007723035952063916,0.003723128939215564,0.0029045244846890987,-0.00230803373280071,0.0038870938075641374,-0.0028902381172170744
4639,2748,2290,0.007598253275109171,0.005759496230530923,0.004639686491283031,-0.007467248908296944,-0.002233273089802712,-0.005563832988527934
4640,2748,2287,0.0139921294271972,0.008298829010780386,0.012764487574109881,-0.004416265850459117,0.00041991071403070035,0.00010972277384106704
4641,2748,2289,0.006203582350371342,0.0076222594901001715,0.003644072538605314,-0.003888160768894714,0.002405608975454806,-0.002604888797991447
4642,2748,2273,0.012934447866256051,0.0100656228708623,0.01366039452633125,-0.005763308402991641,-0.0013642586995350724,-3.301215578222374e-05
4643,2748,2267,0.009616232906925452,0.010561843575657195,0.006804794935706305,-0.003661226290251434,0.005878440104460021,-0.0006249699468964283
4644,2748,2265,0.0093598233995585,0.00972857574825526,0.008463145500622113,-0.00631346578366446,-0.0012346972511846493,-0.0030609933256456807
4645,2748,2278,0.0007023705004389813,0.004072648606835221,-2.0961123901920338e-06,-0.004038630377524144,0.002882861965104165,-0.0027083114967920365
4646,2748,2303,0.008858011289622231,0.009793295031338122,0.0058906161399661944,-0.004255319148936171,0.002276989114628286,-0.00269973218533718
4647,2748,2256,0.007180851063829789,0.004363368041078459,0.0033099440428550854,-0.003945035460992909,0.0008072692031611281,-0.003556809196516734
4648,2748,2280,0.004649122807017544,0.005700312778779314,0.0007596895787057138,-0.005570175438596493,0.0031449087167223382,-0.00480560036829494
4649,2748,2307,0.014304291287386216,0.012208574115428883,0.012062692718710561,-0.001777199826614651,0.004425407509314086,0.0018624591954670494
4650,2748,2240,0.007321428571428571,0.0070616055729767055,0.005790550773015166,-0.004241071428571427,0.002997293693590033,-0.0020802557562829204
4651,2748,2222,0.011251125112511251,0.012226763936259322,0.009467594651624549,-0.0023852385238523864,0.00470490979819204,0.0009117172710227042
4652,2748,2277,0.006763285024154589,0.009682400053545601,0.0030600385857711037,-0.0035573122529644267,0.002277177901897255,-0.0038365428226419373
4653,2748,2279,0.007634927599824487,0.0062483598630304555,0.004209389848872874,-0.002369460289600702,0.004365132450805634,-0.0011767377178981313
4654,2748,2276,0.008172231985940246,0.010004377242060207,0.009484366538662041,-0.005184534270650264,0.0021611166042133684,-8.192901733934985e-05
4655,2748,2243,0.007133303611234953,0.006205320584849336,0.002249552745687731,-0.0028533214444939814,0.0018677727623044173,-0.003399116210867486
4656,2748,2234,0.008594449418084155,0.00737227941794818,0.005717556087585179,-0.005416293643688451,0.005175287762963886,-0.002699034742326494
4657,2748,2268,0.006701940035273369,0.009261037213194037,0.0030120034675044827,-0.0052028218694885366,0.002493969635931705,-0.0047344481918801294
4658,2748,2251,0.007996446023989337,0.009010164845226005,0.006773309446517346,-0.0021323856063971565,0.0031135473510801844,-0.00010483733330189074
4659,2748,2269,0.00907888937858087,0.008132416101547161,0.006451405608497366,-0.0036139268400176288,0.002817056992946176,-0.0016492060662026996
4660,2748,2262,0.005393457117595049,0.00668389427347506,0.002932091507195779,-0.0018567639257294423,0.0038324265241789146,-0.0012916344388647794
4661,2748,2294,0.010897994768962511,0.007218936067562795,0.006501148673487038,0.00021795989537925158,0.004801107783822598,0.0003926032079116334
4662,2748,2301,0.007648848326814428,0.007251958492462073,0.0035747684404782644,-0.0007388092133854842,0.0018887230129310843,-0.0017272463633030012
4663,2748,2275,0.012219780219780218,0.008723175549371083,0.0073102405690850195,-0.0030329670329670333,0.001595392343405519,-0.002403613711368386
4664,2748,2256,0.006028368794326242,0.005922633708546856,0.0031665768060633198,-0.0035904255319148945,-0.00011571014199322663,-0.003172092976787422
4665,2748,2327,0.008336914482165877,0.005157045626811243,0.005655614346727469,-0.004941985388912764,0.002057832621338398,-0.0026437207895183127
4666,2748,2268,0.0067901234567901226,0.00744816634087174,0.0011883987509819698,-0.0035714285714285704,0.0017018911934126436,-0.00483306566413952
4667,2748,2275,0.01063736263736264,0.008350935085317096,0.008275871230409102,-0.003472527472527474,-0.0006444003634711617,-0.0015837173396992038
4668,2748,2278,0.007462686567164179,0.007278242683652398,0.0064359505167861045,-0.005092186128182617,0.002240734399931997,-0.002009009773446552
4669,2748,2293,0.00340165721761884,0.007494801819596109,0.002477442173985429,-0.0031836022677714775,0.005452140113651401,-0.001137552236163563
4670,2748,2319,0.010263044415696419,0.007902054040055326,0.008605257556483255,-0.004743423889607589,0.0024517809272890916,-0.0013935890361440927
4671,2748,2293,0.008198866114260794,0.0064842589137358115,0.005815945150052981,-0.005364151766245094,0.002684976518713584,-0.0025832696172056998
4672,2748,2294,0.009503051438535309,0.007378386597111055,0.007642070202489929,-0.001394943330427201,0.0013542616603128958,0.0002983590279179094
4673,2748,2247,0.003560302625723186,0.005782522465449532,0.0027170638590785536,-0.0026702269692923906,0.002987423834840986,-0.0010146177979556432
4674,2748,2267,0.011821790913101014,0.009459137848387112,0.008553119711809408,-0.003705337450374945,0.0010579830132098366,-0.0014792841004425917
4675,2748,2274,0.007475813544415127,0.01004866318978782,0.006696368232868831,-0.005145118733509236,0.006113421547129301,-0.001063419973178274
4676,2748,2276,0.00905096660808436,0.010209083414219238,0.005518184568014165,-0.0032952548330404227,0.0037107375196080926,-0.002180313931498051
4677,2748,2281,0.009907935116177116,0.010729740363656393,0.008418197188263542,-0.002630425252082421,0.0024008464348056814,0.00026274596229865536
4678,2748,2273,0.01372635283765948,0.011052913782419306,0.010821429403645373,-0.005367355917289925,0.003313788136678757,-0.001103308217216165
4679,2748,2281,0.010258658483121439,0.010323539184685681,0.008056362265863221,-0.0035072336694432276,0.0029080803109293877,-0.0006025884126192558
4680,2748,2291,0.007769532955041469,0.008596682378526994,0.0073834306847755295,-0.0024443474465299,0.0022835188139215244,0.00019222123962115337
4681,2748,2253,0.012250332889480693,0.012120116272703612,0.011820909038983545,-0.0061695517088326685,0.0001410346666547094,-0.0013707154762059154
4682,2748,2259,0.008853474988933156,0.008402273351752363,0.005648402005508217,-0.004161133244798584,0.002815048261105729,-0.0021489070987099875
4683,2748,2289,0.008737439930100482,0.007654432337710544,0.005693694311215128,-0.004630843162953254,0.002468270148919548,-0.0030545783488628592
4684,2748,2290,0.00777292576419214,0.006585803585384239,0.006078311589032212,-0.006768558951965066,-0.0012604466850214024,-0.0039939042723407476
4685,2748,2277,0.009398331137461571,0.009632688361951277,0.009515371385163937,-0.0026789635485287653,0.0024288817338340273,0.000501292749444749
4686,2748,2267,0.007940008822232024,0.007174302144859375,0.006144422581520979,-0.004675782973092193,0.002408973940100849,-0.0016706024385646267
4687,2748,2243,0.010878288007133304,0.008397816189981137,0.008176353332773325,-0.004592064199732501,0.0028298764010960095,-0.001491756197975715
4688,2748,2259,0.0061974324922532105,0.00953199447656787,0.0046131905479334925,-0.0019477644975652946,0.004271717615677754,-0.0013928511248194233
4689,2748,2282,0.010341805433829974,0.004737650334056177,0.005789601457892018,-0.002015775635407538,0.00019772158838040054,-0.0025522204543672582
4690,2748,2285,0.00612691466083151,0.007279191239965142,0.004359457280462802,-0.0050328227571115975,0.002806305898030688,-0.0028428265085141888
4691,2748,2303,0.0061658706035605726,0.005570542185427765,0.00131342432675034,-0.0009986973512809373,0.0028978495821753935,-0.0025702072957553587
4692,2748,2262,0.007073386383731211,0.008034482367479683,0.004594325835792102,-0.007338638373121133,0.0012328613725989762,-0.0048282444818154155
4693,2748,2252,0.007726465364120782,0.00858225253919448,0.008323234410254612,-0.007015985790408526,0.00040053242802805657,-0.0020150151764204084
4694,2748,2281,0.012626041209995614,0.009131522406937783,0.010931072022424845,-0.0027619465146865407,0.005667502655270986,0.0010507263105485026
4695,2748,2299,0.01026533275337103,0.006955679971833202,0.00752667029799929,-0.0016528925619834708,0.00426962142453436,0.0003986212725440473
4696,2748,2279,0.007459412022817025,0.006260020630607731,0.005116925357720186,-0.005484861781483106,0.0005794193430760513,-0.002876316141518455
4697,2748,2299,0.010004349717268378,0.00966515189976275,0.008167544829477992,-0.004871683340582862,0.0020508577975436627,-0.0013975515642569445
4698,2748,2272,0.010035211267605634,0.00903023792609508,0.006139464045294537,-0.0019366197183098594,0.0030107390314445632,-0.0013549201440086632
4699,2748,2203,0.006264185201997275,0.004606839969649386,0.004565383200781491,-0.006445755787562415,0.0018547108266983203,-0.004036791255928244
4700,2748,2277,0.01106719367588933,0.008850597988957497,0.007756805063780697,-0.005621431708388229,0.0016807154546233521,-0.0027447908978071676
4701,2748,2292,0.00680628272251309,0.007103637961862748,0.0012844806934880627,-0.007940663176265272,0.0008797910934775137,-0.007368745694455664
4702,2748,2273,0.00950285965684118,0.006642211795354463,0.005886278825741306,-0.00039595248570171597,0.005108537225138463,0.0004319023198509556
4703,2748,2253,0.015357301375943188,0.01026217685064997,0.011465198913697369,-0.0029738126941855295,0.003191371755333178,8.065962257111089e-05
4704,2748,2306,0.01075455333911535,0.010494373867585947,0.0071547015022049515,-0.0019514310494362522,0.003307301188223886,-0.0014904825253801094
4705,2748,2261,0.011322423706324636,0.00874773243349826,0.00797701476265019,-0.0003095975232198143,0.004939832678333306,0.0007315807799851958
4706,2748,2246,0.004452359750667855,0.0038503627373870923,0.002260961597763638,-0.002315227070347283,0.001176085644441258,-0.002590384519515141
4707,2748,2267,0.0105866784296427,0.00671432374439769,0.006336507145356658,-0.004190560211733569,-0.0003111573965293701,-0.0037499092776349073
4708,2748,2268,0.009788359788359789,0.009140297978665921,0.008941186577916994,-0.002116402116402116,0.00613530642888003,0.001540878880016114
4709,2748,2258,0.013020372010628875,0.012118826755468009,0.01051255221874853,-0.00713020372010629,0.0010567910144835566,-0.0027611231194910497
4710,2748,2290,0.008820960698689956,0.00758859815038572,0.005164260026532043,-0.003624454148471616,0.0013571422944045383,-0.0030470005821510602
4711,2748,2283,0.007095926412614982,0.006784818244025578,0.004922228018423521,-0.002890932982917214,0.003970576452602112,-0.0014026199781254204
4712,2748,2289,0.008038444735692441,0.008632614956458149,0.007399675940687614,-0.005111402359108782,0.0005891299399496525,-0.0019474754792911172
4713,2748,2290,0.009606986899563321,0.00853090967760147,0.005539305861393331,-0.003799126637554585,0.002937340552350912,-0.0026791751535078473
4714,2748,2290,0.008122270742358079,0.0058143251536525095,0.005291638209235894,-0.004890829694323144,0.0021817556877158696,-0.0029751590748678647
4715,2748,2295,0.0054901960784313735,0.004728759598567321,0.0036695810168703366,-0.0044008714596949884,0.0007433380468055162,-0.0029095570114206415
4716,2748,2296,0.007055749128919858,0.005396248044415613,0.001387811162199981,-0.004790940766550524,0.00039753568280328946,-0.005355643818614136
4717,2748,2303,0.007729049066435085,0.007877249369993166,0.007034985840955535,-0.005167173252279636,0.003998236046068063,-0.0008209674285646396
4718,2748,2270,0.005814977973568282,0.00765194355297236,0.005203365745376734,-0.0026872246696035234,-6.537378859795218e-05,-0.0015606298241399677
4719,2748,2286,0.012598425196850395,0.006176605084331497,0.008659487745951672,0.00013123359580052526,0.005370318806787625,0.0017346908771263517
4720,2748,2291,0.00541248363160192,0.004350801165770839,0.0030309016450101897,-0.004146660846791795,0.003698063763589299,-0.0023907857866310393
4721,2748,2270,0.009955947136563876,0.00880186828743223,0.004448426729962562,-0.005022026431718061,0.004713160057111837,-0.003694157073023966
4722,2748,2258,0.01116031886625332,0.008197800362553622,0.00916078354393045,-0.004561558901682905,0.0017823422928298714,-0.0006134696331594192
4723,2748,2300,0.010695652173913044,0.009609818379634639,0.004824750354708525,-0.005130434782608696,0.0036756237930972353,-0.004971364164316478
4724,2748,2286,0.008748906386701663,0.008132254387052147,0.003456538657194774,-0.001093613298337707,0.005409475755721388,-0.0015771424360459274
4725,2748,2279,0.008688021061869243,0.010326362795819418,0.0066929425105325905,-0.002062308029837648,0.0021649673386613397,-0.0007108188605226558
4726,2748,2292,0.013176265270506107,0.00942005973737835,0.009702074555946608,-0.0006544502617801048,0.0030673514684871218,0.0011537259990678065
4727,2748,2263,0.007247017233760494,0.00697786579085971,0.005651311340202096,-0.004021210782147592,0.004027268974952454,-0.0009810774134029572
4728,2748,2276,0.010105448154657293,0.005280234515539091,0.004930578747480013,-0.004217926186291739,0.0016034504241878838,-0.0036133622946562297
4729,2748,2294,0.011595466434176112,0.010758163178285434,0.009731826206734228,-0.0034437663469921546,0.0039233401356695155,9.166575480528285e-05
4730,2748,2294,0.008892763731473408,0.006758373071065495,0.0031976809859172823,-0.004838709677419354,0.0011235938939606915,-0.005291082722891388
4731,2748,2273,0.011526616805983282,0.011205093454966238,0.00890698229978158,-0.004399472063352399,0.005937612067376235,-0.0013198858224520334
4732,2748,2302,0.009730668983492615,0.007572917189919886,0.004452661812455826,-0.002172024326672459,0.0031395799730563234,-0.0022568281477110463
4733,2748,2305,0.00945770065075922,0.007261281480959405,0.007594375553426648,-0.006247288503253797,-0.0005176957600938662,-0.0034127991012584576
4734,2748,2289,0.006290956749672346,0.007834568422749332,0.00426145177128893,-0.005024027959807778,0.0027434250625934455,-0.0032860848980467987
4735,2748,2309,0.005543525335643136,0.008269828178215814,0.0007014402771594931,-0.0029883066262451274,0.003820184961092564,-0.0036424654544864733
4736,2748,2275,0.011604395604395603,0.007387202708195501,0.005410211893468654,-0.005846153846153846,0.0018777005462736443,-0.004894824495426601
4737,2748,2232,0.008960573476702509,0.00661385240217718,0.005571501140733983,-0.0035394265232974913,0.002795365413742887,-0.0019715679454414196
4738,2748,2236,0.010912343470483005,0.009525173482345066,0.009020030735909127,-0.0024150268336314853,0.0029480630313417073,0.00011927663747977718
4739,2748,2251,0.008351843625055531,0.004264919582184989,0.0049653161845750115,-0.0012438916037316747,0.004585529062310428,-0.00018806810472065893
4740,2748,2298,0.005918189730200175,0.007935736835961677,0.005246200820677555,-0.006309834638816363,-0.00038985316014645763,-0.0033595389340865737
4741,2748,2292,0.009336823734729495,0.010528884209148541,0.006540390244847513,-0.0007853403141361261,0.007886569317346602,0.0009426019177482715
4742,2748,2282,0.005609114811568798,0.006157496636026468,0.0026387935577882066,-0.006923751095530239,0.0012698489276246918,-0.005897452873290473
4743,2748,2297,0.008358728776665218,0.009026260207962529,0.005122673724833712,-0.00457117979973879,0.0030591649319884865,-0.002847113043389697
4744,2748,2299,0.008873423227490213,0.005805402435892589,0.005361408290510181,-0.0015658982166159201,0.0030724652076357275,-0.0005707739191862274
4745,2748,2289,0.008650065530799476,0.008076590986119424,0.0036159628262031184,-0.004805591961555264,0.004857093265117152,-0.0042386417848474175
4746,2748,2285,0.009803063457330416,0.008474190719408317,0.003743077288122122,-0.002800875273522977,0.004025595037425124,-0.0026422041282555798
4747,2748,2275,0.011956043956043957,0.007699462608263923,0.00676574562774267,-0.0034285714285714297,0.002683893077300629,-0.0025205088652246665
4748,2748,2227,0.00880107768298159,0.008001836023030761,0.007013834117354753,-0.0022451728783116306,0.004647794227980209,0.00043258515536586604
4749,2748,2280,0.010526315789473684,0.010864596637256356,0.009110235688036497,-0.003289473684210526,0.005419827749317371,0.0007178362142231632
4750,2748,2287,0.012243113248797552,0.010330704531542535,0.00954246050536733,-0.0031045037166593783,0.001637319010286264,-0.0008325191038447105
4751,2748,2250,0.008444444444444444,0.008102460864576727,0.0055702282532267685,-0.001599999999999999,0.004845196438208667,-0.00041847280506008275
4752,2748,2285,0.005339168490153173,0.007912037207737142,0.0051221012053556825,-0.002582056892778995,0.0020283059621396433,-0.0006790147745525978
4753,2748,2282,0.007274320771253286,0.006289918156680982,0.003994738395401941,-0.00416301489921122,-0.00023886371664779823,-0.0037540474374466587
4754,2748,2245,0.007216035634743876,0.006390345036531259,0.002952785480515752,-0.002538975501113587,0.0003876465850539091,-0.0038589821935860725
4755,2748,2275,0.011604395604395603,0.008651080297968608,0.0056888321637939025,-0.0025054945054945057,0.006227837488228727,-0.0016463221141132282
4756,2748,2291,0.004103011785246617,0.004740611546625241,-0.0003829834243713558,-0.00554343081623745,-0.0018073889804586852,-0.006290004049429344
4757,2748,2294,0.01037489102005231,0.007395451947815436,0.008721290594296636,-0.005884917175239757,-0.0005299892069985882,-0.0026893116490884213
4758,2748,2276,0.01203866432337434,0.007370042177480381,0.006399332200522464,-0.0026362038664323384,0.0010152770519942266,-0.0022881937259126984
4759,2748,2250,0.009422222222222222,0.009866068863408612,0.009730318892676235,-0.0009333333333333326,0.005004792868467891,0.0023718267226517115
4760,2748,2262,0.008488063660477453,0.01004492360975929,0.008225810248749518,-0.003271441202475686,0.0032084745626829742,0.0003241377994440649
4761,2748,2259,0.007082779991146525,0.003686915421344177,0.005245164612581152,-0.00703851261620186,-0.002217390815288318,-0.0045909303126404925
4762,2748,2269,0.012340237990304098,0.009976129953449809,0.008881223342945105,-0.0030409872190392245,0.004077171392474435,-0.00022142337526503692
4763,2748,2321,0.004394657475226195,0.003443682093594945,0.0028584389677458965,-0.003015941404566998,-0.0017256740414805353,-0.0030369255982355373
4764,2748,2294,0.006887532693984306,0.003628949714598354,0.003741159089643896,-0.003007846556233653,-0.0002369523841785295,-0.0031569157547301214
4765,2748,2253,0.008965823346648912,0.0062197103047560345,0.00465318843989399,-0.007234798047048379,0.00039964846179526555,-0.005060774249534758
4766,2748,2269,0.006963420008814456,0.009383406474052135,0.005022116896983052,-0.0027324812692816223,0.004171367503614093,-0.0014095452231690459
4767,2748,2279,0.006845107503290918,0.00764449054996721,0.0025833056121729076,-0.003992979376919702,0.004450598794056339,-0.003460147966972395
4768,2748,2259,0.004869411243913236,0.005771761753799627,0.0024822859540061175,-0.008676405489154495,0.0027801739756707806,-0.005698099358315945
4769,2748,2252,0.008880994671403197,0.006583723038407898,0.006005049902541943,-0.0008880994671403201,0.003310318071116732,-0.00010540284150402075
4770,2748,2273,0.00950285965684118,0.009776199635006524,0.006672743943822618,-0.003739551253849538,0.0027971870626401856,-0.001991256853751919
4771,2748,2293,0.006192760575665069,0.005951920024702809,0.002505234237233794,-0.004448320976886176,0.0008190893928894224,-0.004887142168405565
4772,2748,2295,0.009847494553376907,0.007835015760363124,0.007110603704698471,-0.005838779956427014,0.0007922164397787478,-0.0026848068402245224
4773,2748,2301,0.011125597566275533,0.006585078120590485,0.005806614390794845,-0.004085180356366797,0.001225311559235571,-0.0037048912690894322
4774,2748,2265,0.005033112582781458,0.007464900458301917,0.004519454315882322,-0.007240618101545255,0.002105118111654801,-0.004014222556059743
4775,2748,2264,0.005653710247349824,0.005680437839962227,0.003155698613768085,-0.005653710247349825,-0.0015085646062502098,-0.005117508952985289
4776,2748,2262,0.009549071618037136,0.008085622113978801,0.005368930667788168,-0.005747126436781608,-0.0015849349309165592,-0.005130543887607004
4777,2748,2273,0.010030796304443469,0.007588097059534995,0.007470478553404752,-0.007567091948966125,0.0028696845944439784,-0.003035479505653055
4778,2748,2298,0.005570060922541338,0.00573926856522047,0.004184855136621262,-0.0039164490861618795,0.001072043836982398,-0.0027462020807603005
4779,2748,2236,0.008228980322003577,0.009558633410080772,0.0065194868654645756,-0.0032200357781753132,0.0021302733142919993,-0.0007496217970112659
4780,2748,2274,0.008179419525065963,0.00625629234465781,0.005934522488477342,-0.0032102022867194365,0.0024013844114288787,-0.002051614653329739
4781,2748,2296,0.010365853658536586,0.006038888322994998,0.007580875868670519,-0.006097560975609757,-0.0038213139225638385,-0.004086009187986189
4782,2748,2291,0.008729812309035356,0.0068890176690891945,0.005852469123989577,-0.004277608031427325,0.0011526285253034116,-0.0027572900279346424
4783,2748,2319,0.007589478223372142,0.00711526034142264,0.0075285022580528355,-0.004182837429926692,0.0010816516402892518,-0.0008394561401362063
4784,2748,2262,0.006366047745358089,0.008115699837172722,0.0036289406519544594,-0.003757736516357206,0.001194420668063596,-0.0030349286261125686
4785,2748,2255,0.008159645232815963,0.007904068104529968,0.005263714775181398,-0.005942350332594235,0.0006915362608713462,-0.004171369601500707
4786,2748,2279,0.008688021061869241,0.007830696805790729,0.007758236426826282,-0.0038613426941641067,0.001658839663137213,-0.0005910237764778639
4787,2748,2308,0.007712305025996536,0.008839184386887368,0.005020296521547407,-0.0035095320623916818,0.0046053671862444235,-0.0018081471880714004
4788,2748,2276,0.0057117750439367315,0.006793108147471903,0.0037386749530162197,0.0008787346221441118,0.004657741568095346,0.0014244160182406728
4789,2748,2253,0.007900577008433201,0.008781647708630633,0.007897736916644405,0.0009320905459387482,0.005405197065155929,0.0031882568464276376
4790,2748,2294,0.003487358326068003,0.008205484438541178,0.00025013340215441143,-0.007585004359197907,0.0001362349718327802,-0.007046472145203982
4791,2748,2268,0.005643738977072309,0.005386198115482504,0.0037078045608478073,-0.0073633156966490315,-0.0011635158257063106,-0.004895622477209839
4792,2748,2257,0.00877270713336287,0.008454467860377225,0.00632070727801195,-0.0010633584404076209,0.0028436653112347506,0.00017064004662862553
4793,2748,2297,0.00827165868524162,0.007628710531465855,0.007604639907392877,-0.004179364388332609,0.001129864841969069,-0.0008897509069884957
4794,2748,2275,0.019604395604395603,0.012759813435456208,0.015268649515307839,-0.001406593406593407,0.0029191504231713063,0.0009866561912956228
4795,2748,2301,0.0076488483268144294,0.007867557111974816,0.009130727743081128,-0.004780530204259018,0.0002571880048149565,-0.0001033775186848348
4796,2748,2269,0.014279418245923317,0.011084815150151313,0.012395764670608432,-0.004627589246364038,0.0027954009934053584,0.00025607023620934414
4797,2748,2248,0.011298932384341638,0.007146796992614176,0.005752142569770501,-0.0021797153024911043,0.0013114398909780383,-0.0028285877782889546
4798,2748,2290,0.004541484716157205,0.00787809027983299,0.004035764256351296,-0.004847161572052402,0.002870846664773711,-0.0017871422193081066
4799,2748,2290,0.012052401746724891,0.008880106077158606,0.009095217797498497,-0.004585152838427947,0.0036981458536198405,-0.0008340242789633237
4800,2748,2309,0.006236466002598527,0.005571569260977976,0.0010210533821575244,-0.002685145084452145,0.0014283614541147408,-0.004268055335485998
4801,2748,2278,0.011150131694468834,0.0068680310542540155,0.005665783293690596,-0.0005706760316066733,0.0016780866295000218,-0.0009847900207991239
4802,2748,2312,0.005103806228373702,0.006437852740173937,0.004149012033313005,-0.0018598615916955012,0.001923178198070471,-0.000915222943911591
4803,2748,2294,0.005754141238012205,0.005203880912888315,0.0033582500418365972,-0.003923278116826506,0.0005960571174342032,-0.0032228194558960427
4804,2748,2253,0.01615623612960497,0.013295593570447422,0.011511490878390176,-0.0015534842432312485,0.0028626500870441263,-0.00025229511226480513
4805,2748,2278,0.00974539069359087,0.012407938682624586,0.00927439698330437,-0.0026338893766461808,0.005196438413875759,0.0012024315436753724
4806,2748,2243,0.00900579580918413,0.00774264461552165,0.008285871746944989,-0.0015604101649576464,0.006107610904903972,0.002052809707411658
4807,2748,2247,0.009612817089452603,0.008698011398073316,0.008085781022223177,-0.004316866933689364,0.0018445849372604297,-0.0014162188433923647
4808,2748,2296,0.006358885017421603,0.006903106446413927,0.003581756818872192,-0.0021341463414634144,0.005679895599689494,-0.00045733537975946385
4809,2748,2268,0.005379188712522047,0.004498995388711722,0.002667470831951799,-0.0025573192239858908,0.0014007410130320733,-0.002627470010529349
4810,2748,2296,0.008885017421602788,0.008685820716479064,0.005329351586701115,-0.004878048780487806,0.0025028791105369498,-0.0030160845128118876
4811,2748,2291,0.007071147970318638,0.006375361750449878,0.0027353620150572223,-0.005412483631601921,-0.0001801693570136739,-0.0051922737699476
4812,2748,2262,0.01175950486295314,0.009380091428365578,0.006777715688107888,-0.004022988505747127,0.003957704896150577,-0.0022958432330945602
4813,2748,2252,0.013854351687388989,0.010612900722699551,0.00977717061247303,0.0009769094138543514,0.0046874338623609495,0.0021355441834085185
4814,2748,2221,0.008014407924358398,0.006391495964971239,0.004749953001833028,-0.001891040072039622,0.0030926672762134127,-0.0013050172365022376
4815,2748,2260,0.006814159292035399,0.006061023749633775,0.0032039484243449948,-0.00495575221238938,0.001273939685402288,-0.004276031712037629
4816,2748,2271,0.01092029942756495,0.007681111868723152,0.008247485138879813,-0.005548216644649935,-0.00040685914666251615,-0.002932036196283584
4817,2748,2282,0.0056967572304995615,0.009524842332874948,0.003064276937786509,-0.0048641542506573186,0.003450674839183967,-0.003671649306274893
4818,2748,2252,0.0062166962699822395,0.008712649340933276,0.004678383136997452,-0.005150976909413853,-0.0006364702799122343,-0.003685451662894336
4819,2748,2291,0.0097773897861196,0.010197685410228249,0.007943856381571258,0.0010039284155390648,0.006635107614143148,0.0030335487841425626
4820,2748,2296,0.0036585365853658547,0.006147578647831212,0.001016916164811687,-0.007142857142857143,0.0006887128941347774,-0.00595175326442904
4821,2748,2274,0.007563764291996481,0.006887318790555106,0.004829221844892079,-0.001846965699208443,0.001048039071684911,-0.0021949252650655935
4822,2748,2324,0.008864027538726334,0.008116878132306595,0.0033344156265049042,-0.006540447504302925,0.00015356799709685115,-0.006200146490469902
4823,2748,2277,0.008168642951251647,0.001779837161091604,0.002954896590734897,-0.003645147123407993,0.0009412509535719911,-0.0039571925909938676
4824,2748,2278,0.010359964881474979,0.007297284098336511,0.00874763910740803,-0.005794556628621598,-0.0003289501727742229,-0.002304736206999091
4825,2748,2300,0.004608695652173914,0.0056059321762730475,-0.0004692312251183819,-0.0057391304347826095,-0.0001692889042547084,-0.006645310332399867
4826,2748,2287,0.011630957586357675,0.010333590882823611,0.006337210723668629,-0.005115872321818977,0.0021129082399623154,-0.004189957698796699
4827,2748,2287,0.004022737210319195,0.00461789641148254,0.002055332551246111,-0.006383909051158724,0.00010040863601693835,-0.005265347695255695
4828,2748,2305,0.010498915401301519,0.012313555393842929,0.00712242591410176,-0.003167028199566161,0.002561352724524517,-0.0020330320869650278
4829,2748,2232,0.010483870967741936,0.008671793954781975,0.006900177076362005,-0.0030913978494623664,0.0018524458588711273,-0.002076007320831622
4830,2748,2296,0.010801393728222997,0.008217960279605249,0.007100543089129589,-0.005879790940766551,0.001458850308478714,-0.003387477438533102
4831,2748,2319,0.009918068132815868,0.010847014658502619,0.00988900788462867,-0.004010349288486417,0.0022364801445855535,0.00023128492514930916
4832,2748,2276,0.00562390158172232,0.007374620459358537,0.003285396544929466,-0.005887521968365554,0.0025284578862148667,-0.004152315558133053
4833,2748,2257,0.00664599025254763,0.008907071638767078,0.005802200447430245,-0.007221976074435092,-0.0005045489454603868,-0.004035276123428333
4834,2748,2219,0.007210455159981974,0.005950017914413279,0.00417176033793189,-0.004596665164488508,0.0014036570193791732,-0.0037744468601060665
4835,2748,2287,0.008570179274158287,0.007703551159883168,0.005460174412393449,-0.0058154787931788375,0.001031511349130118,-0.0035322888463295917
4836,2748,2285,0.008315098468271335,0.003319818015048358,0.0039213826942120856,-0.004551422319474835,0.00042189152228374075,-0.003756145331239824
4837,2748,2272,0.0058098591549295775,0.005445469080947101,0.00521302864031644,-0.00585387323943662,-2.9606192014264132e-05,-0.003284168076153555
4838,2748,2293,0.009768861753161797,0.005378197067245245,0.006768522957711295,-0.0018316615787178363,0.0020124379242249645,-6.238385423525096e-05
4839,2748,2290,0.010742358078602621,0.006617711548134268,0.007093963191270956,0.0017467248908296941,0.008949436541677895,0.00331078596768964
4840,2748,2294,0.00967741935483871,0.008796084313972346,0.005357868452968462,-0.005797733217088055,0.004480308371110695,-0.003801156965745771
4841,2748,2296,0.010191637630662023,0.008331067212459577,0.008207242777059897,-0.0045296167247386755,0.0009788430540977563,-0.0020760272151200397
4842,2748,2255,0.009135254988913526,0.005509793552292202,0.00516780384903383,-0.004168514412416852,0.0014210614871897867,-0.0034627229479198655
4843,2748,2259,0.0056662239929172195,0.005793282376876747,0.005123781062890471,-0.009694555112881805,-0.0016242078895471026,-0.005781266835081582
4844,2748,2284,0.003765323992994747,0.008104227125409685,0.0024143976904240343,-0.004115586690017514,0.004636470894986806,-0.002015196481249913
4845,2748,2292,0.0029668411867364757,0.005015223819884817,0.0021349276129351584,-0.006500872600349039,-5.840849072889934e-05,-0.004206148694130455
4846,2748,2256,0.010283687943262412,0.009634005979316103,0.00891012715565012,-0.005407801418439717,0.0036111673692792202,-0.000788907552748244
4847,2748,2288,0.006118881118881119,0.008168272958089544,0.005147509020820826,-0.005332167832167833,0.0013787184697418213,-0.0027509894193918924
4848,2748,2265,0.013509933774834436,0.011235414994847308,0.01197442347870349,-0.002516556291390728,0.003570192014729137,0.0018191812188623016
4849,2748,2286,0.009798775153105862,0.006835506429648239,0.005461532588852615,-0.004024496937882764,0.005375390696269972,-0.0016569930939932787
4850,2748,2295,0.006971677559912854,0.010226250145184723,0.007179105175699085,-0.00374727668845316,0.003499739131227598,-0.00031023648861964873
4851,2748,2299,0.009134406263592866,0.00878022541463027,0.004238151709569687,-0.0044802087864288815,0.0021930064878788605,-0.003779251006578825
4852,2748,2277,0.006675450153711023,0.009108349359640054,0.002756248433748239,-0.0025911286780851994,0.004439057354266977,-0.002433190151237907
4853,2748,2280,0.012456140350877193,0.00892149477507208,0.007442391612851639,-0.004692982456140349,0.0011927917706644868,-0.003996976406730658
4854,2748,2281,0.006839105655414293,0.006878110169323471,0.004654002111732069,-0.002498903989478298,0.0026405388822859305,-0.0018729892334484375
4855,2748,2296,0.007491289198606271,0.002321374493761312,0.0029648909843955355,-0.006445993031358886,-0.0004921193772506994,-0.005409546468753551
4856,2748,2262,0.006719717064544652,0.008398111768795152,0.003110289332341975,-0.0030503978779840846,0.004847366965320978,-0.0021575220360361
4857,2748,2291,0.009777389786119597,0.007550749918082797,0.009387535050961736,-0.002531645569620253,1.465014343908436e-05,0.000876674050640373
4858,2748,2272,0.010211267605633803,0.01241862206036504,0.008603149036578606,-0.0028169014084507035,0.005130248637769396,1.9153955983177244e-06
4859,2748,2250,0.009777777777777778,0.008080370991344479,0.0050794381880431535,-0.003866666666666665,0.0035104126500239466,-0.0035794865920072694
4860,2748,2268,0.010670194003527336,0.00668459487055341,0.009408666593026008,-0.0047619047619047615,-0.001273040413226322,-0.001696276017278425
4861,2748,2298,0.006266318537859008,0.00825191908133,0.005389827630265324,-0.004873803307223674,0.0025143520244669034,-0.0018676119655685968
4862,2748,2294,0.008979947689625109,0.007066539418518273,0.0044405240380752855,-0.003923278116826505,0.0003002368619070347,-0.003796166183981094
4863,2748,2261,0.008491817779743477,0.006172554972380462,0.004433893837508665,-0.0027421494913754977,0.0004393459871202655,-0.0030664176619171718
4864,2748,2280,0.008157894736842104,0.005958660898539716,0.004560370892421746,-0.005,0.0012958084335029576,-0.004066049235884285
4865,2748,2288,0.010227272727272727,0.008234609983707375,0.005709888053177241,-0.0051136363636363645,0.0006069905594228555,-0.004060111382070986
4866,2748,2249,0.011560693641618497,0.00867560566941733,0.008864295854963367,-0.007558915073365942,-0.0009988161936331018,-0.004318655385669591
4867,2748,2256,0.008599290780141844,0.006927452905274403,0.005438148361673876,-0.003989361702127659,0.0027782055576208277,-0.002254245487154768
4868,2748,2282,0.00595968448729185,0.006424639394361006,0.003501520653675202,-0.0022348816827344434,0.0028955282236684254,-0.0010648176126553878
4869,2748,2269,0.0124283825473777,0.00867083936560643,0.011130371419540881,-0.003481710004407228,0.00015617964126235525,0.0003759938693294514
4870,2748,2278,0.008428446005267778,0.007838391696362388,0.005573619977828325,-0.0051799824407374895,-0.0012380191390914891,-0.00411964898630873
4871,2748,2273,0.0073031236251649805,0.005589294635417302,0.00507481853053737,-0.003651561812582491,0.003380635921168027,-0.0012097679048923159
4872,2748,2292,0.008813263525305409,0.008209492503957189,0.008998900299753781,-0.004537521815008727,0.0027527434604933177,-0.00023792351060100114
4873,2748,2254,0.007630878438331854,0.009484133544075192,0.004134787012739508,-0.00541259982253771,0.00331888880130668,-0.0037633186900792055
4874,2748,2329,0.005410047230571061,0.00658976473702647,0.0035263928874443686,0.00047230571060541074,0.009204488993553401,0.0020742855492598632
4875,2748,2280,0.009385964912280704,0.009168765898243851,0.008499456253361555,-0.0028070175438596493,0.003456413252880668,6.836330536190987e-05
4876,2748,2317,0.005438066465256797,0.007845775587929277,0.004313746708747147,-0.006214933103150625,0.005594700149607084,-0.002436895236416425
4877,2748,2303,0.009205384281372124,0.007833196982256669,0.005372466670629956,-0.0015631784628745101,0.002118387130257934,-0.0018280346799622344
4878,2748,2286,0.0074365704286964126,0.004877330262848817,0.004590228788492224,-0.005599300087489064,0.001715281227697317,-0.003907882825526031
4879,2748,2286,0.011286089238845144,0.006689970019690242,0.006023306756794903,-0.0045056867891513554,0.00044883146269937704,-0.0034336970826324433
4880,2748,2265,0.01165562913907285,0.010346702715696928,0.010638019770760357,-0.002251655629139074,0.004538395196755415,0.0017024266224051272
4881,2748,2289,0.012669287898645697,0.009043700321587576,0.009705985040268563,-0.0014853647881170806,0.0044615412300037785,0.0006623069773006266
4882,2748,2225,0.013752808988764046,0.011301199369769616,0.011606684455836043,-0.001932584269662921,0.0017357833148960672,0.0010967070740795736
4883,2748,2328,0.004896907216494846,0.009996187802547253,0.0025376609974902924,-0.005756013745704469,0.0029585124878732136,-0.0045482352424332205
4884,2748,2267,0.005028672254080283,0.006314688988350794,0.0029950717276422617,-0.002734891927657697,0.001224256696262594,-0.0024179279217919655
4885,2748,2301,0.005910473707083877,0.005782158139653491,0.0021314858427064773,-0.0036940460669274227,0.0026823003474287788,-0.0032895023926504973
4886,2748,2253,0.007723035952063914,0.00714619867997221,0.0035594615059560395,-0.005992010652463381,-6.103448554319167e-06,-0.004931227665562099
4887,2748,2239,0.009200535953550693,0.01044403969223032,0.005604000793498121,-0.005984814649397053,0.0005843169318024489,-0.005066060534822253
4888,2748,2263,0.010782147591692442,0.010121174928108339,0.007285521921204112,-0.004639858594785683,0.0013401008107437242,-0.002398704535451894
4889,2748,2285,0.007702407002188184,0.007721570958905339,0.005544250848420185,-0.001925601750547048,0.004131275925415506,-0.0008004406627990427
4890,2748,2308,0.01169844020797227,0.010682113469548248,0.007926064799976065,-0.005979202772963605,0.0026846280279914474,-0.0027340756827214127
4891,2748,2306,0.004683434518647008,0.005184490750059583,0.0016008006347774926,-0.003425845620121423,0.001258381469435384,-0.0033909985861022376
4892,2748,2301,0.007822685788787484,0.007220037743879905,0.006194735942307134,-0.006084311169056933,0.0016869058240459652,-0.002921228842601347
4893,2748,2309,0.007622347336509312,0.006987033967920853,0.005643863846244499,-0.0061931572109138145,0.0003552849404106514,-0.0034728670027709147
4894,2748,2238,0.008400357462019663,0.007915419858932607,0.006711744376006596,-0.0050491510277033075,0.0034578514281251443,-0.00152058481766742
4895,2748,2272,0.01346830985915493,0.009655005993827381,0.012480099863695528,-0.002684859154929578,0.00086158406059046,0.0009751334359318979
4896,2748,2296,0.005400696864111498,0.0061352499560123445,0.0009100419874548452,-0.00544425087108014,0.0007312793151607555,-0.006163455784095009
4897,2748,2302,0.0051259774109470016,0.006968698468493524,0.006357487718238562,-0.004561251086012163,0.002140990802520945,-0.0003840409667106835
4898,2748,2285,0.0037636761487964995,0.0060716818192156205,0.0030755470380069423,-0.006083150984682714,-0.000571196915006867,-0.0043133361035746325
4899,2748,2311,0.010298572046733016,0.008857581654180373,0.007697671215422889,-0.0017741237559498052,0.000808097249807473,-0.001198706576398071
4900,2748,2292,0.009424083769633508,0.009231327104469313,0.008513139550391348,-0.004450261780104711,0.0050559000003144354,-7.072066379851652e-05
4901,2748,2272,0.011619718309859155,0.012135921255226428,0.009501822038615238,-0.0046214788732394365,-0.0009148408783761915,-0.0019406723292786498
4902,2748,2279,0.00614304519526108,0.004176389678928443,0.004058043030392166,-0.003817463799912243,0.0016526111810849196,-0.0021961198554221084
4903,2748,2246,0.006767586821015139,0.005843709901961987,0.003467369364465962,-0.0012021371326803203,0.00366614034966536,-0.001354047962549808
4904,2748,2250,0.008533333333333334,0.006087325311925298,0.0054242254487830805,-0.006266666666666667,0.0018842446506883547,-0.0036840622651305023
4905,2748,2247,0.004450378282153983,0.009649532801736655,0.0034066524244838136,-0.005607476635514019,0.00587566842898638,-0.0026721136471652388
4906,2748,2252,0.008703374777975134,0.009556447751965763,0.005983630700957164,-0.0042628774422735355,0.004880776588878435,-0.0016390493681634024
4907,2748,2293,0.011862189271696466,0.007619551523610647,0.006081254755502897,-0.0010902747492368078,0.00546029248092884,-0.0010169048911077305
4908,2748,2247,0.004183355585224744,0.008504243876711856,0.0003699384549376423,-0.004761904761904761,0.005632478695270533,-0.0038611096902401434
4909,2748,2256,0.006028368794326242,0.005341037644596782,0.0015320121641559917,-0.0058510638297872355,-0.00014599804429656427,-0.0056535213055599704
4910,2748,2268,0.012522045855379188,0.011464684835560578,0.011061086266523804,-0.004320987654320988,0.002718390370765533,-0.00026522451405826334
4911,2748,2273,0.006775186977562693,0.004447644131667841,0.0015643275915915064,-0.002463704355477343,-0.0006741840072062296,-0.003975238904934666
4912,2748,2290,0.0076855895196506555,0.010060163164880573,0.007103712068703629,-0.001091703056768559,0.005153711395051836,0.0012695998373504498
4913,2748,2309,0.007016024252923345,0.007382446596236924,0.004672265891110475,-0.0038977912516240795,0.0024006172305921455,-0.0019006448027819606
4914,2748,2285,0.007789934354485776,0.008873841885933266,0.005612564901301848,-0.0035010940919037205,0.0022660276924968844,-0.001103709026883171
4915,2748,2298,0.00896431679721497,0.008128027766204547,0.00522176886772256,-0.0032637075718015664,0.002061417909326094,-0.0029358639119423263
4916,2748,2271,0.007837956847203873,0.007407057100641361,0.006234166405033439,-0.006737120211360634,-0.0005941515822998742,-0.003927516155718903
4917,2748,2253,0.009232134931202842,0.008565801327953586,0.006235786748066769,-0.005814469596094098,0.002438726458700404,-0.003242355349903308
4918,2748,2262,0.009283819628647216,0.00974249981703593,0.009208184708804265,-0.000972590627763042,0.003976274589273378,0.0021045974423309593
4919,2748,2280,0.004385964912280703,0.003957751219641022,-0.0017009577232798808,-0.004166666666666667,0.002555085161044329,-0.006153898180268751
4920,2748,2287,0.00839527765631832,0.007273871123930329,0.004814009167985397,-0.0025360734586794926,0.0032203117755875755,-0.0013766773178169446
4921,2748,2268,0.00837742504409171,0.010847773004259143,0.008490014485663831,-0.004938271604938272,0.0006950425271411043,-0.0012540760512226347
4922,2748,2257,0.009481612760301286,0.005633258637510465,0.004953507804878198,-0.0030571555161719092,0.002537703151666157,-0.0024843941009328975
4923,2748,2266,0.0027360988526037066,0.007603067249042213,-0.0008263541061673023,-0.004457193292144748,0.004285462863635732,-0.005007543539970657
4924,2748,2280,0.011315789473684211,0.011535032048454633,0.008384122536924454,0.0010526315789473688,0.006978722120637196,0.002039086155792355
4925,2748,2279,0.006669591926283457,0.006422300269161375,0.002805466727466386,-0.002193944712593243,0.0012950952583520212,-0.0025868223304324855
4926,2748,2281,0.008855765015344148,0.007209487901836861,0.007103967365060016,-0.0063568610258658495,0.0022585646895992404,-0.002374866033782794
4927,2748,2274,0.013456464379947228,0.009065894892838468,0.007552392710158035,-0.004309586631486368,0.0009604589959609905,-0.0033771244454216007
4928,2748,2283,0.005957074025405168,0.00831588367969686,0.0047393325280338456,-0.005300043802014894,0.001953159792134663,-0.002408319056081619
4929,2748,2266,0.012444836716681378,0.009627668246533919,0.00910737258693774,-0.0026919682259488077,0.0031214947526923766,-0.0003328429841190259
4930,2748,2276,0.008787346221441126,0.007972230682753689,0.00584065516837687,-0.002328646748681898,0.0038930221118213333,-0.0010988768469771886
4931,2748,2263,0.008307556341140079,0.008606076882175183,0.005049084117138912,-0.001767565178965974,0.0057147947405257,-0.0004242585939729076
4932,2748,2261,0.007164971251658558,0.006739176453565323,0.006197557341243954,-0.0038478549314462634,0.002718276683574445,-0.0006837195440926383
4933,2748,2297,0.007488027862429257,0.006479731689102513,0.0017730830493504104,-0.004701784936874185,0.0009540262052296976,-0.006073182578293654
4934,2748,2298,0.004960835509138382,0.008234153121966849,0.0029031365905434017,-0.008006962576153177,0.0003132286927201456,-0.0060725544817956
4935,2748,2287,0.008570179274158287,0.008022651268653336,0.0030175222130578564,-0.0028421512898994315,0.005264395302389345,-0.002870508128826128
4936,2748,2270,0.009162995594713655,0.00907772610511896,0.004564079568411824,-0.0015418502202643176,0.005017200217140521,-0.0012197159093087512
4937,2748,2318,0.00828300258843831,0.009405167524561551,0.006156431691736381,-0.006125970664365832,0.0007426390701321782,-0.0031513450178123877
4938,2748,2286,0.012510936132983378,0.011980020225220838,0.010530669455989876,-0.0007436570428696415,0.006737783281057252,0.003102181318535728
4939,2748,2270,0.011806167400881057,0.010910674085014825,0.009879536900337296,-0.0015418502202643172,0.003542182088364273,0.0011885878746318798
4940,2748,2252,0.005150976909413853,0.00753849034233962,0.0024395516492909516,-0.0021314387211367677,0.001891768733681515,-0.002058699097732232
4941,2748,2297,0.0026121027427078794,0.0007177117606849938,-0.004380801566255271,-0.006007836308228124,-0.00041579034494803235,-0.008778502544704463
4942,2748,2302,0.00582102519548219,0.0027306594233883104,0.002840579249451059,-0.0038227628149435275,0.00113829928346004,-0.0036746817823104017
4943,2748,2272,0.006161971830985915,0.005631559921814681,0.006483432195889598,-0.0035651408450704247,0.0031891763844998466,0.00010896197894152413
4944,2748,2270,0.009779735682819384,0.007847031793698528,0.006347811240936638,-0.0023788546255506604,0.004839635013760553,-0.00046883929945264104
4945,2748,2272,0.0067781690140845076,0.00548626175092696,0.0007543972305997738,-0.005721830985915492,0.002613051133927646,-0.0058453966880469355
4946,2748,2279,0.010355419043440105,0.007583323600926549,0.00729276167853326,-0.0046950416849495386,0.001978078007448091,-0.001951996298255124
4947,2748,2257,0.003633141338059371,0.004434270384397564,0.0032352774280053225,-0.006468763845813025,0.00027221987613477864,-0.003369962384869479
4948,2748,2274,0.009498680738786281,0.008929308359417142,0.008287247739506462,-0.005233069481090589,0.0016103734903908748,-0.0017131645737988338
4949,2748,2274,0.0036939313984168873,0.00503605757759569,-0.0012094228548186832,-0.0023746701846965685,0.001953867546952271,-0.004736308127750207
4950,2748,2256,0.005939716312056738,0.005704042376224294,0.004842516754741611,-0.005186170212765957,0.0003490776804899075,-0.0027062022050178686
4951,2748,2267,0.013498014997794442,0.006907718562184421,0.009583648431288486,-0.0046316718129686815,-0.00031944504766266344,-0.0027784487829485617
4952,2748,2296,0.01245644599303136,0.006742649010742299,0.006656823693527387,4.3554006968641345e-05,0.0034324566079603435,-0.0002600410955746013
4953,2748,2261,0.006015037593984962,0.0072579520460004585,0.0010846457763963773,-0.005263157894736842,0.0033721401956182005,-0.004995521194347238
4954,2748,2296,0.006968641114982578,0.008089226040317206,0.005187112734376846,-0.006054006968641116,-0.00013757729470326957,-0.004189552844889282
4955,2748,2265,0.012626931567328917,0.008923054823715882,0.009621462126703345,-0.001501103752759382,0.004618259999666733,0.0012134971759836135
4956,2748,2317,0.006042296072507553,0.008424008877625306,0.005220421437657977,-0.004100129477772984,0.002727819196181609,-0.0015424521168697913
4957,2748,2278,0.007901668129938543,0.0071538210101116505,0.006332364883686296,-0.0069798068481123805,0.0028061850022672503,-0.003497583563905827
4958,2748,2273,0.004663440387153542,0.006184861235607343,0.003599334927657042,-0.003915530136383635,0.0011623309775419094,-0.002206521518693176
4959,2748,2294,0.004272013949433304,0.007715277458191387,0.005218412579264811,-0.004664341761115955,0.0038985204414462077,-0.0009679440566501466
4960,2748,2245,0.0063251670378619155,0.007522052318353637,0.004339553070911917,-0.007661469933184856,0.0018084497166930386,-0.0046225991758836755
4961,2748,2275,0.005450549450549451,0.005103310823563056,0.0034176303512787306,-0.0016263736263736265,0.0010429232676355893,-0.001820797131305033
4962,2748,2217,0.003428055931438883,0.006335485866733191,0.00271593119337319,-0.0035633739287325218,0.0040823474982758425,-0.0013649275516003972
4963,2748,2261,0.006811145510835915,0.006625062209665797,0.007387921014948477,-0.003095975232198141,0.0029822023536183796,0.0002745460812255424
4964,2748,2283,0.006219886114761279,0.004855883672673864,0.003255651967566447,-0.0019710906701708294,0.0007586507030342721,-0.0020214072658541775
4965,2748,2293,0.009507195813344962,0.011337670831368905,0.007896416506406045,-0.006323593545573485,-0.0004285962530021307,-0.003304029158793249
4966,2748,2243,0.011056620597414179,0.009606744891603165,0.008750481244613377,-0.003923316986179223,-0.0002850681987445307,-0.001810762917013272
4967,2748,2284,0.008493870402802101,0.008916688149427133,0.006404956929740033,-0.004597197898423817,0.0015304086800405265,-0.002024952726918559
4968,2748,2262,0.00671971706454465,0.005975648493065657,0.003680701390538869,-0.004332449160035367,0.004400537372104968,-0.0031171164729753694
4969,2748,2272,0.009507042253521128,0.009151090155968171,0.006510801873717169,-0.003609154929577466,0.001775377278178338,-0.001508588247707664
4970,2748,2290,0.010567685589519652,0.008891203207657761,0.0066364106605308875,-0.003580786026200873,0.0017590308180296865,-0.002770745662921931
4971,2748,2282,0.012795793163891324,0.010356529397031144,0.008978941517945085,-0.005039439088518843,-0.00032114644042770935,-0.0030100002854943357
4972,2748,2247,0.004094348019581665,0.0044681961481674755,0.00187175632895119,-0.003426791277258567,0.0034624170414224407,-0.0023273931992150525
4973,2748,2286,0.009536307961504812,0.010123766023033273,0.007262444778730787,-0.0064304461942257226,0.0003229713800546713,-0.0036048424939204263
4974,2748,2300,0.00965217391304348,0.007422965035312589,0.0072000032270350635,-0.0034347826086956533,0.003663639392581629,-0.0009895970642748158
4975,2748,2259,0.009650287737937139,0.006161576517457229,0.0049103097080937875,-0.002213368747233289,0.0024546674645394067,-0.002366245330950897
4976,2748,2270,0.008193832599118942,0.008645231930841532,0.004110668442618756,-0.0030396475770925117,0.0028430465048663385,-0.0028356305666363485
4977,2748,2280,0.009912280701754386,0.008224596457719438,0.007008993506528205,0.0003947368421052629,0.005049466290941821,0.0010053102537884017
4978,2748,2279,0.012549363756033348,0.005322385508405086,0.010143151950702416,-0.0006581834137779736,0.005448323214849318,0.002549323692302378
4979,2748,2265,0.012097130242825606,0.010063101685814908,0.006985768501343064,-0.002472406181015454,0.002574766501608902,-0.0023310852210723333
4980,2748,2281,0.004296361245067953,0.007072192004250056,0.0015340838826306104,-0.005567733450241122,0.002198674183051398,-0.004951955885428668
4981,2748,2297,0.007488027862429257,0.007662196162189748,0.0034224339960075923,-0.006922072268175882,0.0031628673806073965,-0.004468150575224268
4982,2748,2287,0.013030170529077392,0.01081571869966715,0.009724293444430264,-0.0028858766943594227,0.0019478008598973165,-0.0004609648151767613
4983,2748,2277,0.005709266578831796,0.008259296035950882,0.0033433919601880235,-0.006060606060606061,0.0013345057436308521,-0.004714241696327327
4984,2748,2291,0.009602793539938892,0.011257903987772362,0.010017425745468184,-0.0043212570929725014,0.0073265385795701155,0.0017621968203889908
4985,2748,2263,0.004507291206363235,0.008467050839971983,0.004425999902780226,-0.0037560760053026955,0.004500996547656885,-0.0005936507099771553
4986,2748,2263,0.007600530269553691,0.006566967632566357,0.007731223102003653,-0.004551480335837386,0.003203049128164653,-0.000717056213520195
4987,2748,2289,0.010048055919615552,0.007197811659362776,0.007670446595476367,-0.0013106159895150723,0.004951530296178471,0.0009798539208013708
4988,2748,2304,0.0058159722222222215,0.00795406701979954,0.00227436602757688,-0.007552083333333334,0.002189353438081392,-0.005610476951195622
4989,2748,2316,0.010017271157167532,0.0070003095945222575,0.003047456699274365,4.3177892918825024e-05,0.003450698624045004,-0.0024794528908759447
4990,2748,2292,0.008726003490401396,0.0057643026621085345,0.006070560570168278,-0.002225130890052356,0.0014541712239592068,-0.0010713125088913015
4991,2748,2292,0.010732984293193719,0.009612927728191507,0.008589495062463589,-0.0032722513089005244,0.0031484478466466347,-0.00039747525063365874
4992,2748,2239,0.010361768646717284,0.0099624008360736,0.007980355037356635,-0.0033943724877177318,-0.00037752853810447257,-0.0014400538219113137
4993,2748,2264,0.004416961130742049,0.004779555702457254,0.0021235475788135725,-0.00534452296819788,0.0017833189743274567,-0.004313951569910029
4994,2748,2291,0.010650371017023133,0.007415672790245777,0.0073850183153658456,-0.0022697512003491934,0.002083176748633446,-0.0008706429932776646
4995,2748,2317,0.01096245144583513,0.007282773176878187,0.0053179917591522075,-0.004229607250755287,0.0012087329920117931,-0.004318023514450402
4996,2748,2273,0.007215134183897931,0.008038413642466715,0.0035147173130930577,-0.004047514298284207,0.0008774128017664666,-0.003919350462068408
4997,2748,2288,0.0072552447552447575,0.009064790664674778,0.006274416459596814,-0.00319055944055944,0.0032610576310660535,-0.0005762985227276043
4998,2748,2259,0.008410801239486499,0.0048694140920387055,0.003064274389529683,-0.0020362992474546268,0.004964208099945964,-0.0023851677139263526
4999,2748,2245,0.0068596881959910915,0.009131248531919793,0.004695046937279644,-0.004365256124721605,0.0044520913228546805,-0.001996340087651396
5000,2748,2288,0.008566433566433567,0.009587007075740221,0.005437010424679498,-0.005026223776223774,0.002094030384332648,-0.0031266016139386826
