bootstrap_iteration,sampled_query_count,evaluated_positive_query_draws,precision_at_5_gain,recall_at_5_gain,ndcg_at_5_gain,precision_at_10_gain,recall_at_10_gain,ndcg_at_10_gain
1,2748,2310,0.009523809523809525,0.0034420912490731375,0.00403243533214903,0.004848484848484847,0.005148416702306199,0.003095684315480684
2,2748,2311,0.010038944180008653,0.0037192397797056343,0.0023996800569241654,0.003937689311986153,0.006148965860168615,0.0008201964763432553
3,2748,2277,0.0064119455423803234,0.002007031952281492,-0.0009096220754755388,0.002151954325867368,0.003719673838244296,-0.001373104255800782
4,2748,2337,0.012922550278134359,0.006079775538402597,0.00591211551011767,0.006204535729567822,0.005348110973936645,0.003951547037147291
5,2748,2308,0.014991334488734832,0.005752117990262801,0.0072529601379255895,0.0029462738301559784,0.0038064953296876804,0.0014069301025689514
6,2748,2309,0.01307925508878302,0.007018932323805635,0.005426601259434792,0.004114335210047638,0.006286368793206304,0.002156716939851293
7,2748,2291,0.013182016586643386,0.005557403288775693,0.006278934834325102,0.005106940200785683,0.005445287273370727,0.003497601700308151
8,2748,2302,0.00834057341442224,0.0023145233296200628,0.0024820055689580133,0.0027801911381407467,0.003420892911454937,0.0005202977772615022
9,2748,2335,0.010278372591006422,0.004233711597085456,0.0027023870708289374,0.0036402569593147753,0.0035767142756317617,0.0008589336164802273
10,2748,2276,0.007732864674868189,0.004652737938628981,0.0018118165487334456,0.001669595782073812,0.004410912881488061,0.00026533167511748416
11,2748,2313,0.010894941634241243,0.004311398406066213,0.005532045200647755,0.002248162559446606,0.0027339357024976307,0.0013723207337486818
12,2748,2294,0.01020052310374891,0.004137416979751295,0.0043697082180358116,0.005492589363557105,0.004508360349668488,0.003246982218553244
13,2748,2290,0.007336244541484715,0.0011141262967445595,-0.0005206796097283728,0.003144104803493449,0.003866275778911042,-0.0009387178771097328
14,2748,2316,0.008721934369602762,0.0035469539361782034,0.0019596293731807333,0.0009930915371329872,0.0035264718753497256,-0.0011546532759510021
15,2748,2282,0.005872042068361086,0.0017289136333324803,0.0001655907525944362,0.0023225241016652048,0.0015800561607326236,-0.0008636700527861601
16,2748,2290,0.010480349344978166,0.004618738455612058,0.002384986068866555,0.002183406113537117,0.004317111599679186,-0.0005305068047605059
17,2748,2305,0.009110629067245118,0.0029011310525470665,0.002607915845329491,0.00455531453362256,0.0039591838890412215,0.0014435241650746508
18,2748,2309,0.006063230835859678,0.002074729431270098,-0.0008933324924846586,0.002944997834560415,0.0027038379261794766,-0.0014638332413911496
19,2748,2342,0.009052092228864219,0.00451309216974398,0.003999882309919936,0.00444064901793339,0.00455209879712712,0.0026103952746403636
20,2748,2319,0.00896938335489435,0.0020542702724039214,-0.0007685240034059447,0.002328589909443724,0.0023246420187386188,-0.002352756476156667
21,2748,2294,0.010985178727114209,0.003104972658432118,0.0038445223098611454,0.004228421970357452,0.004473041329851803,0.001349251093692253
22,2748,2314,0.012705272255834054,0.005181449724589234,0.00588005013171036,0.005790838375108037,0.006259970544570291,0.004055791222464168
23,2748,2277,0.011594202898550725,0.0045804013884757095,0.003552115927717287,0.0032938076416337276,0.004661492788622502,0.0007257172845863681
24,2748,2280,0.009035087719298243,0.004044964557684257,0.00199062605837198,0.002982456140350876,0.005097574602786979,0.0005167489925214745
25,2748,2311,0.009260060579835569,0.004990309516696917,0.002011845307091972,0.004803115534400691,0.006188358100802775,0.0019213655342545928
26,2748,2302,0.00938314509122502,0.0035723320044674244,0.0022271745077424793,0.001390095569070372,0.002844652632393717,-0.000838304266078337
27,2748,2304,0.014843750000000001,0.005899002367728289,0.006318469115381874,0.003255208333333333,0.004537971822795517,0.0013409338567820842
28,2748,2293,0.012559965111208023,0.0037904662381149086,0.0037018240002902186,0.004753597906672481,0.004075528919874857,0.001022642235316884
29,2748,2295,0.00801742919389978,0.00341118171768733,-0.00023993759249954752,0.002265795206971677,0.004456102479743265,-0.0016821577197133465
30,2748,2327,0.0111731843575419,0.004329616904203462,0.0035572044143800763,0.0035668242372152974,0.0051822770495779024,0.0011791220531327175
31,2748,2287,0.013117621337997373,0.006381682743214431,0.008004877134143008,0.002579798863139483,0.00398170141617875,0.0027432236048069727
32,2748,2306,0.009887250650477014,0.0024955566894845627,0.001375265462153086,0.0046400693842150904,0.004094811658331175,0.00020096273663459434
33,2748,2284,0.012784588441330996,0.0024694855705423508,0.0036751361461628855,0.002189141856392294,0.002488751210694341,-0.000679889534444609
34,2748,2264,0.00998233215547703,0.002308026041926758,5.470424909820946e-05,0.002517667844522967,0.001602893409405086,-0.0021261295547909936
35,2748,2309,0.009787786920744909,0.0028814475620674513,0.0025356871524779582,0.005803378085751406,0.004951596328174886,0.0018635802496927507
36,2748,2275,0.011252747252747252,0.004015256132303642,0.002123864747477164,0.002593406593406593,0.0033412753803504446,-0.001117832300975746
37,2748,2300,0.01226086956521739,0.005520541810058667,0.006160611148711694,0.004391304347826086,0.004913431577594486,0.0032866510318779007
38,2748,2280,0.009912280701754383,0.00477992775564913,0.0037113463651175646,0.0031578947368421048,0.004932447879575917,0.0012851768338572446
39,2748,2325,0.0101505376344086,0.005870725700339214,0.0030189825684319156,0.004387096774193547,0.00534071229883916,0.0019333544773528827
40,2748,2365,0.010824524312896404,0.005113796846100846,0.00469001076682816,0.0029175475687103583,0.003218639571432676,0.0015074015595431785
41,2748,2302,0.01103388357949609,0.004527500885672479,0.004001779719016543,0.004300608166811467,0.005322256800992668,0.001933344106142449
42,2748,2269,0.013574261789334508,0.004642510323689829,0.005044684662110237,0.0058175407668576455,0.004166952912730934,0.002546950746710306
43,2748,2298,0.010356832027850304,0.003572584127041082,0.0032857219986544184,0.0037859007832898154,0.003987791117414661,0.0009507995557909424
44,2748,2292,0.012652705061082022,0.004208626513166611,0.005287038095666244,0.0029668411867364735,0.0025406686353953494,0.0009210128659224421
45,2748,2313,0.00977086035451794,0.0026276748831768402,0.004436215734494438,0.002810203199308256,0.003599490068490432,0.0013738085645469671
46,2748,2310,0.0129004329004329,0.004327142948225703,0.00550825737784695,0.0023376623376623372,0.0034170175505270797,0.0006521334524375121
47,2748,2322,0.011455641688199826,0.0037621714657095663,0.0046758251992844386,0.0037898363479758816,0.003850372322160036,0.001618829731890767
48,2748,2292,0.01256544502617801,0.005489640301764831,0.004759963527528282,0.005235602094240837,0.004715968150177042,0.0023556281930749343
49,2748,2283,0.008935611038107753,0.0021412592919658135,0.00038533235966437717,0.003810775295663599,0.0030244326494856494,-0.0008398094093146188
50,2748,2276,0.00790861159929701,0.004801343010722642,0.00229136207255103,0.0020210896309314583,0.002452378895417318,0.00016636911887659732
51,2748,2293,0.010728303532490187,0.005240570242059309,0.0029506282691204276,0.0050588748364587864,0.004456586316492779,0.001697223098900664
52,2748,2277,0.007817303469477382,0.0012664281917717647,-0.00035882821095522356,0.0036451471234079918,0.00240214430684458,-0.0009878001679034154
53,2748,2307,0.01248374512353706,0.0032586328286442917,0.004564767060030591,0.004377980060684871,0.0025432180211607046,0.0014261356052999706
54,2748,2328,0.011941580756013745,0.0048405757570074495,0.0031926619821014135,0.00472508591065292,0.0033057659432472637,0.0010493354729898755
55,2748,2288,0.012062937062937063,0.004897202678176505,0.004784990356647791,0.003409090909090907,0.0042984605298894895,0.0011315952659906102
56,2748,2276,0.01080843585237258,0.0051210990180939496,0.004077499546111917,0.005536028119507906,0.005237642357027751,0.003060170532234227
57,2748,2273,0.007743070831500219,0.0028752801852036667,0.0020608906000953863,0.0023317201935767694,0.002710638603824018,0.00030604396600676355
58,2748,2281,0.014642700569925471,0.007476892196769655,0.005770915747597134,0.005962297238053484,0.005461325005470112,0.0028622288506172694
59,2748,2288,0.008041958041958041,0.0038074192393702214,0.0018302644482493548,0.0034527972027972014,0.003870760300430951,0.0005558012321257078
60,2748,2328,0.012714776632302404,0.005789417873573453,0.004433178535751071,0.007173539518900343,0.005556066472755737,0.003554079069838166
61,2748,2290,0.009956331877729254,0.00366767158775541,0.00404543494757913,0.0019213973799126632,0.0037963409460323766,0.0007321954309405003
62,2748,2304,0.010243055555555554,0.00350173368739545,0.00227481475440015,0.00368923611111111,0.004278459701471877,0.0003487933756459033
63,2748,2282,0.010955302366345308,0.0038967820229129668,0.0021818654187989368,0.0028045574057843988,0.0034983628706689346,-0.0007255314303294494
64,2748,2286,0.009798775153105859,0.006010120879941167,0.004362601631345117,0.0035870516185476813,0.0034557115065218125,0.0021456284183415377
65,2748,2301,0.00895262929161234,0.003753932021871886,0.003989960229529285,0.004606692742285962,0.005306482594293194,0.0032968800269814595
66,2748,2298,0.009051348999129676,0.0025055780473672577,0.0009134372227958143,0.002132288946910356,0.0028034850848404997,-0.001393978210787274
67,2748,2318,0.010957722174288177,0.0052321307670288985,0.005277980478658322,0.004141501294219153,0.004640697734311366,0.0030246100502699775
68,2748,2319,0.01267787839586028,0.005148592267188055,0.006778358314459963,0.005347132384648554,0.0036577079556617542,0.003416686581946618
69,2748,2300,0.012173913043478259,0.005940621365165599,0.003776706154377029,0.003304347826086956,0.0049355570294467455,0.0007995495595701175
70,2748,2270,0.00951541850220264,0.0023681668110791753,0.0007856529135770313,0.003876651982378854,0.004120049978370352,-4.2482003930958475e-05
71,2748,2282,0.010341805433829971,0.003468844306493382,0.003208899887161914,0.0017966695880806305,0.004384777900250615,-0.0002234538733814772
72,2748,2309,0.010827197921177997,0.002999732363719794,0.0030177076394545766,0.006019922044174966,0.00513918570962825,0.001980651699747757
73,2748,2318,0.00974978429680759,0.002861345653036763,0.0021106677123789255,0.0006471095772217427,0.002377418660320573,-0.0015492997991073067
74,2748,2284,0.010858143607705779,0.003564544622556336,0.0027173093637874036,0.004159369527145358,0.004063982615300638,0.0007725350460551432
75,2748,2271,0.008806693086745926,0.004096769763906388,0.0041389115847745,0.0020255394099515625,0.004164865931797869,0.0014171108919262933
76,2748,2301,0.010864841373315946,0.003199885521062182,0.002842012505031975,0.002216427640156453,0.002711628979589553,-0.00026766095707708276
77,2748,2280,0.01131578947368421,0.003359030232537531,0.004966559662713462,0.004298245614035087,0.0041815498701015495,0.0020967565685633253
78,2748,2309,0.01177999133824166,0.005809559596966852,0.004513135173211228,0.00653962754439151,0.005563815664612077,0.0034328129148598102
79,2748,2344,0.015699658703071672,0.0058844176972388815,0.008069236891565504,0.006271331058020477,0.005752847325778021,0.004056742721979922
80,2748,2286,0.01084864391951006,0.004269577863359089,0.003791511119382412,0.001968503937007873,0.002973510618288638,0.0001953510436726806
81,2748,2317,0.01044454035390591,0.003575598718826008,0.004211496319177443,0.0034095813552006892,0.005419743891746984,0.0017211084665542673
82,2748,2314,0.011235955056179773,0.005317517817358861,0.0056830269621580606,0.003241140881590319,0.003988279940841578,0.002361552487162188
83,2748,2300,0.012695652173913042,0.004796328978959458,0.0058714995989222404,0.004217391304347825,0.006164694381231493,0.0027139438640644675
84,2748,2318,0.006384814495254528,0.0021204270814085776,0.0005378866000293812,0.0044434857635893,0.004241439823429964,0.0016089278206912795
85,2748,2300,0.01,0.003837532026237854,0.0018746468456675106,0.0029999999999999988,0.0035527329842705057,-0.0005324923781234773
86,2748,2281,0.007277509864094694,0.004472756190785741,0.0010985213979676567,0.00030688294607628114,0.0011697264046570954,-0.0018143223572725544
87,2748,2298,0.011053089643167972,0.005019809793649845,0.003358832397022434,0.004134029590948649,0.003807684039422871,0.0011495588667758993
88,2748,2284,0.012259194395796844,0.003962372479390767,0.004780899496003296,0.0022767075306479863,0.0020323125126809616,0.0003058415056442076
89,2748,2333,0.011573081868838405,0.004402767926068716,0.0047746907470725426,0.0017145306472353186,0.00464372890329145,0.0005011496748146198
90,2748,2314,0.016594641313742435,0.006392228014437126,0.006913667939149574,0.004580812445980984,0.005441373810959405,0.0019146106825352208
91,2748,2284,0.011908931698774078,0.005938375012141453,0.006628509078149274,0.002276707530647984,0.003678745511007278,0.0019584294181815634
92,2748,2314,0.008729472774416594,0.003339009575256438,0.00131207313007279,0.00375972342264477,0.0041814202316541715,0.00040713338792488146
93,2748,2305,0.010498915401301517,0.0031023330004104296,0.001565760537361382,0.00229934924078091,0.002901026444930849,-0.0015354133638228779
94,2748,2285,0.009015317286652079,0.004174471764756548,0.003995248069170327,0.0024070021881838076,0.0030945657964537056,0.0014795910087814727
95,2748,2301,0.009908735332464143,0.0024983878819906306,0.0021898617624368463,0.0050412863972186,0.004529277483032976,0.0010948810477174214
96,2748,2310,0.012207792207792206,0.004050792811887644,0.0032807082163248636,0.0023809523809523803,0.0035485999138118946,-0.000672369573943644
97,2748,2263,0.010782147591692442,0.003783098530054477,0.002957480293616978,0.004153778170570039,0.005286855499416635,0.001323788645505414
98,2748,2290,0.006986899563318776,0.0013037630731237335,0.0005016072525649087,0.0018777292576419202,0.0030678762681505814,-0.0009464403517492994
99,2748,2303,0.011984368215371253,0.004473038261226848,0.0034487733444102174,0.003082935301780286,0.0037951806875473138,0.00033066468664731994
100,2748,2297,0.011667392250761861,0.00317394154234791,0.00270156596877925,0.005093600348280364,0.0041265451016703515,0.0010816005009299649
101,2748,2284,0.009106830122591943,0.0034957122726059554,0.0015895280845986562,0.0017513134851138343,0.0034311446072652027,-0.0010408082383306157
102,2748,2301,0.011994784876140807,0.004850324856450971,0.005663790054459976,0.003346371142981311,0.0034965810290437252,0.0019792812547274946
103,2748,2311,0.011856339247079186,0.005472477755119435,0.006723802923684384,0.0038944180008654255,0.0047121356042547505,0.0031227779879923743
104,2748,2239,0.010540419830281374,0.0024611448042776516,0.003403369743804725,0.0025904421616793198,0.002700296141237105,-5.227973893769099e-06
105,2748,2282,0.008063102541630148,0.002797029338458526,0.0010497413057933207,0.0037248028045574044,0.0028838058251636064,0.00018701135940871563
106,2748,2305,0.012494577006507591,0.005231465555946953,0.006610998256242944,0.0033405639913232092,0.0030961025431619797,0.0022589630915272247
107,2748,2271,0.012857771906649051,0.004197828290551459,0.004540584832360738,0.005636283575517392,0.006584780549309507,0.002551601214800648
108,2748,2296,0.009146341463414632,0.0029893850125151593,0.0007759078573627647,0.003963414634146341,0.004784181521550691,0.00019157510011277469
109,2748,2289,0.013018785495849715,0.0061646214082893775,0.0036165625822896486,0.006422018348623851,0.006497054939480973,0.002397138194984807
110,2748,2288,0.010314685314685313,0.003850891211186743,0.0029302439156809173,0.006555944055944055,0.005318862868687244,0.0030575743225579937
111,2748,2276,0.008787346221441126,0.0030170121703421908,0.002778211908430458,0.0014938488576449903,0.004025585044675582,-0.0002399146245367267
112,2748,2325,0.01058064516129032,0.0027520312473778125,0.004264060382199171,0.004086021505376343,0.0028509135271035427,0.0017551068027807158
113,2748,2245,0.011224944320712695,0.004212228917430723,0.003994069699535843,0.004008908685968819,0.0039176744895567505,0.0015971803356223432
114,2748,2316,0.013039723661485318,0.004186580954159371,0.006536489668845052,0.003756476683937822,0.002922434090590273,0.002115781769671976
115,2748,2267,0.008734009704455226,0.0037007933762640928,0.001575508285241726,0.004808116453462725,0.004374329058617163,0.0013767528295702733
116,2748,2283,0.006482698204117389,0.002667812122282696,-0.0011514653351541347,0.0013140604467805506,0.00246251894578781,-0.0023462570556149723
117,2748,2252,0.00541740674955595,0.002152203931885983,-0.0014424077690803018,0.002797513321492007,0.003493030709000341,-0.0009312460745473142
118,2748,2255,0.009756097560975608,0.0025589965279158543,0.0006799866511993416,0.005898004434589799,0.005927308627276038,0.0012772375573158828
119,2748,2313,0.008300907911802852,0.002136075219632024,0.001914992043685996,0.005015131863380889,0.004130236576991834,0.0013254886857500426
120,2748,2309,0.009961022087483756,0.0026802765492856978,0.004290174819123682,0.006972715461238631,0.005315551509510848,0.004344936052259799
121,2748,2314,0.008383751080380291,0.002007949358827533,0.000389428161360804,0.0030682800345721685,0.002362456654669684,-0.0007875155131928588
122,2748,2297,0.00827165868524162,0.00398169056046163,0.0019287498329039557,0.0013931214627775352,0.003498983552456995,-0.0006831612273205003
123,2748,2298,0.012793733681462137,0.0034817334325713536,0.0027989709591994677,0.005613577023498694,0.0043703919636795706,0.001153129846688425
124,2748,2260,0.009469026548672566,0.0030975545225958427,0.0013109330861466168,0.0026991150442477866,0.0031319018235383914,-0.0010048953854982527
125,2748,2294,0.008456843940714906,0.0019298423626883142,-0.00021807511320353295,0.004882301656495205,0.003760497665860776,-0.00024438212317227177
126,2748,2316,0.011312607944732295,0.00449648895382656,0.003351056875957103,0.0016407599309153703,0.0037610778957246544,-0.0007473799731186187
127,2748,2298,0.012271540469973889,0.005930920843775703,0.0054205949602501215,0.0047867711053089625,0.005075270431532882,0.0028884059524222337
128,2748,2306,0.00928013876843018,0.0019282209463836139,0.0011805708743725092,0.005117085862966174,0.004656681672275305,0.000819515034948147
129,2748,2292,0.011954624781849912,0.004159685494793335,0.006171011279627442,0.005148342059336823,0.004960354672549327,0.003455709244832568
130,2748,2272,0.011971830985915493,0.004222373221351073,0.005845225993566634,0.0036091549295774643,0.00513063976668273,0.0022940378212653297
131,2748,2324,0.013511187607573149,0.00483500236769887,0.0037424283917867856,0.003356282271944922,0.004497185943369403,2.2089465213539374e-05
132,2748,2282,0.011481156879929883,0.004666827333545569,0.006368713248351948,0.005258545135845748,0.004059680308913933,0.003758364677982767
133,2748,2287,0.00909488412767818,0.0028983917632303363,0.0032809994433839404,0.003148229121119369,0.0035686671595343343,0.0012070262980048681
134,2748,2264,0.013074204946996465,0.006184015649094549,0.006801306049784285,0.0036219081272084804,0.005347426104618904,0.0028407794400565275
135,2748,2256,0.01205673758865248,0.0039368537032013476,0.005480194988800093,0.005008865248226948,0.006716069400325166,0.0031760600492670653
136,2748,2305,0.010325379609544468,0.0032280075210717294,0.0031557747166382237,0.004468546637744033,0.003715031363008671,0.0012564765337324238
137,2748,2318,0.014495254529767038,0.006163768507444862,0.008308728657902486,0.003235547886108713,0.003417777914202658,0.0026530434482562046
138,2748,2307,0.010576506285218898,0.0028367749575357918,0.003770975697809999,0.004811443433029908,0.003962566317647627,0.0018047909022205135
139,2748,2297,0.010274270787984326,0.003680118041672069,0.003927596264740024,0.003003918154114061,0.0042240152393316155,0.0011894593476414663
140,2748,2292,0.013612565445026176,0.0053826420899127135,0.0033314686530956754,0.003926701570680628,0.005871417942096261,0.0003452410252549134
141,2748,2302,0.010512597741094698,0.003929004519022145,0.003096945193827246,0.005039096437880103,0.005340440101813161,0.0018750076618128304
142,2748,2271,0.0051078819903126365,-0.00029833002408304884,-0.003360388627488345,0.004491413474240423,0.004211514341780077,-0.0013424825458184344
143,2748,2293,0.0062799825556040115,0.0009584523009243027,-0.0008601880325602731,0.0015699956389010033,0.0016064548819030734,-0.0022801142582532883
144,2748,2319,0.010780508840017246,0.004456817121855728,0.002840703869828958,0.001940491591203104,0.0032007841741537083,-0.00045540347291440713
145,2748,2259,0.009296148738379813,0.002142232172866224,-0.00034458027629901105,0.005489154493138556,0.005311959751938614,0.00014884154077314383
146,2748,2304,0.008333333333333331,0.0046753150254097405,0.00044895573931739177,0.0033420138888888887,0.005093721299472894,-0.0001425385237228237
147,2748,2289,0.011009174311926604,0.00367132755730241,0.0025170046879129083,0.002883355176933158,0.0027449825916334813,-0.0004627615943648792
148,2748,2273,0.012582490101187855,0.004814607157726671,0.0030672073508399875,0.004971403431588208,0.005637474848370922,0.0010082095430203552
149,2748,2311,0.012462137602769362,0.0034609171210240445,0.005025195867895899,0.004630030289917783,0.003973281452285427,0.0022839249015030615
150,2748,2289,0.01057230231542158,0.002559357449083803,0.00482069769715528,0.001616426387068589,0.002254483547206715,0.0003778041592350798
151,2748,2291,0.011174159755565254,0.005677959035527913,0.004419662476014233,0.0035792230467044947,0.004104823841205998,0.0015977824837313656
152,2748,2308,0.012131715771230499,0.005975909755730316,0.0034665883747400624,0.004289428076256498,0.004454889980479679,0.0009785985910888474
153,2748,2306,0.009973980919340849,0.003678630113612761,0.003836803307488152,0.0035125758889852548,0.0020429244238807636,0.0014421862682091578
154,2748,2320,0.013965517241379309,0.004419342452985047,0.006111442538625878,0.0036206896551724123,0.0030369012852918703,0.0012190897726943107
155,2748,2277,0.008607817303469477,0.004183610194598141,0.002051471679740787,0.00417215634606939,0.005101679014061186,0.001564638101331004
156,2748,2299,0.0060026098303610255,0.0010857488807232605,-0.0023097596103867774,0.002131361461505001,0.0036629034796294957,-0.002108755323861236
157,2748,2293,0.006977758395115568,0.0018563183259675997,0.0010101976248816473,0.004535542956825119,0.004125298776896101,0.0012292975427130848
158,2748,2309,0.011087050671286272,0.005317692391991882,0.0034868170059568584,0.004200952793417063,0.003264981369212099,0.0011243024777077893
159,2748,2326,0.011263972484952707,0.004694392894577146,0.0029710652998616075,0.004471195184866722,0.00466175516137567,0.0010162779258397142
160,2748,2271,0.008894760017613385,0.0029711232234252037,0.003054745319835538,0.001981505944517832,0.003396411454329099,0.0005362644983775939
161,2748,2286,0.010148731408573926,0.0025111844598726544,0.002189632151515515,0.004855643044619422,0.004247747028894359,0.0008622823189668304
162,2748,2309,0.006236466002598526,0.0013105073004037176,0.0005348959561041669,0.0012126461671719349,0.002375422702447851,-0.0012318051790648006
163,2748,2264,0.011042402826855122,0.004800960705201756,0.004150646257617714,0.003224381625441695,0.003971614924893571,0.001188122396577841
164,2748,2280,0.010350877192982454,0.003383909395210839,0.00444347209945913,0.0036403508771929802,0.0036264619847366773,0.001868309555181037
165,2748,2321,0.00930633347694959,0.003502511580316427,0.0026044170858813527,0.0022834984920292963,0.003832021188788798,0.00014491588288442441
166,2748,2332,0.011063464837049742,0.004650858583473079,0.0045109680878992545,0.0027015437392795875,0.003984251163702176,0.0006680039153844613
167,2748,2298,0.016536118363794605,0.0045920157689386554,0.008776991859770692,0.0068320278503046115,0.004844872963940883,0.004711714384043346
168,2748,2270,0.012070484581497797,0.003828789117977546,0.0049290018013258404,0.006696035242290748,0.005224382645153334,0.0035234153317566822
169,2748,2292,0.015968586387434553,0.0055383725427369645,0.006225345311222455,0.006413612565445024,0.004007286484350421,0.002541483502604819
170,2748,2301,0.01373315949587136,0.005673014786922252,0.005964283046010181,0.004389395914819643,0.0036393462584960357,0.002103488552433823
171,2748,2306,0.014050303555941022,0.006633137522139722,0.00716740787575319,0.003599306157849088,0.004586899918420908,0.0027370571565423682
172,2748,2277,0.013877909530083441,0.004394469914255937,0.006778298658528252,0.003425559947299077,0.003097898951426163,0.0020302795699366017
173,2748,2314,0.010630942091616247,0.003873981465555047,0.00351305419028293,0.006957649092480551,0.005282743547981867,0.003071257554842633
174,2748,2345,0.007334754797441363,0.0036577134391402133,0.0014797753226289635,0.0028571428571428567,0.0037477308037844057,0.0006140108715545255
175,2748,2320,0.008534482758620688,0.002313701902403253,0.000755074184539651,0.0028879310344827576,0.004207513953469297,-0.0007743249644649179
176,2748,2321,0.00835846617837139,0.003242662112491509,0.0001251862992122873,0.0058595433003015935,0.00642724531407435,0.0013596416799033712
177,2748,2268,0.01296296296296296,0.00419981767978477,0.006536419711565412,0.005687830687830686,0.004677081179292075,0.0036338850526711083
178,2748,2290,0.011615720524017466,0.004557511947954434,0.0018444142961048342,0.006768558951965066,0.005498421413701043,0.001785039747946803
179,2748,2305,0.012928416485900216,0.005488836878085019,0.005246155535559063,0.004251626898047723,0.005281661811690667,0.0022819500180661866
180,2748,2323,0.01076194575979337,0.004715733327383733,0.001682473414203391,0.0027120103314679286,0.0037664533237587,-0.0007654877776558743
181,2748,2301,0.010864841373315946,0.004486247212762526,0.0028925128716638247,0.0029552368535419376,0.003170297896595714,1.5816834405347604e-05
182,2748,2291,0.01152335224792667,0.004349614514707375,0.0030883691455261095,0.004670449585333914,0.005355342600901889,0.0016355724159609173
183,2748,2262,0.01556145004420866,0.005394093835745689,0.007234852920171157,0.0050839964633068065,0.004182978811884887,0.0029416019614806363
184,2748,2295,0.010283224400871458,0.0032170085107452,0.0030618608343311897,-0.0002178649237472771,0.001956224702787581,-0.002155821374607726
185,2748,2301,0.011299435028248586,0.004829758751386127,0.003931690432888301,0.002607561929595827,0.002569062743214761,0.00024365046816126725
186,2748,2283,0.008935611038107753,0.00430033546448171,0.0024871841316931875,0.002715724923346472,0.0023277864425228843,0.00016549633681476537
187,2748,2268,0.010846560846560844,0.003949909203885054,0.003433125430454361,0.0035714285714285713,0.004160028442401995,0.0008613780371301521
188,2748,2313,0.014007782101167312,0.005137302959322613,0.006476915211117484,0.006095979247730218,0.006589150548829978,0.004010155530867136
189,2748,2311,0.012029424491562093,0.005763796486585912,0.006054961022857303,0.00311553440069234,0.0035220845829866264,0.002175622465549445
190,2748,2273,0.01196656401231852,0.006321441074217094,0.0018538020752146584,0.0044434667839859205,0.006366008947536951,0.0003013954900984096
191,2748,2327,0.009883970777825525,0.0033672116668816395,0.001397095840006015,0.005543618392780403,0.0050637441201704485,0.0013992434141499607
192,2748,2275,0.008175824175824176,0.0040889200861051874,0.0006154033117776553,0.0017142857142857138,0.0037467640870336304,-0.0010600286963930975
193,2748,2314,0.011408815903197924,0.005072938615760669,0.0035968942252997153,0.0035868625756266194,0.00461974263061271,0.0008431411599841181
194,2748,2294,0.011944202266782911,0.006117245919715547,0.0042375795158996026,0.004359197907585003,0.005457521888411927,0.001862119410850381
195,2748,2306,0.009627059843885514,0.0038294912368226127,0.00016314724012266276,0.005203816131830007,0.005396330708167089,-1.819862694077583e-05
196,2748,2284,0.011646234676007006,0.00531221016301149,0.0042056700739051,0.0008318739054290706,0.004935735152957154,-0.0003438846927836499
197,2748,2320,0.010086206896551722,0.004765141447549491,0.0025101513408072726,0.004698275862068963,0.003755814896671893,0.0013740453401103645
198,2748,2322,0.010680447889750214,0.004633654271658185,0.002665687879969951,0.0049095607235142115,0.005285671098824342,0.0017115728308653609
199,2748,2292,0.01256544502617801,0.005753478479101343,0.006961045754349012,0.004668411867364746,0.004156039183015771,0.0035127103466881973
200,2748,2301,0.009995654063450673,0.004835232446712222,0.00411823720806143,0.00517166449369839,0.0048991270154014515,0.002947841868266132
201,2748,2333,0.010458636948135445,0.0034506863077524773,0.004270180255129908,0.00304329189884269,0.003600563081493768,0.0011336970629175123
202,2748,2327,0.013751611516974644,0.00426167321371337,0.008274135627510155,0.0021486892995272876,0.003428417938486856,0.002350933191693743
203,2748,2312,0.01167820069204152,0.004907838538665223,0.0040947340376992014,0.00644463667820069,0.005938530723791329,0.0029390681565205972
204,2748,2295,0.013420479302832241,0.004720308087621358,0.004634603374475026,0.004836601307189541,0.004034141711463058,0.0017929911611285726
205,2748,2273,0.008798944126704792,0.00297443856093398,0.0012590800522768034,0.005059392872855256,0.0038276520304458216,0.00140824201090761
206,2748,2325,0.010838709677419353,0.003934116533992147,0.004627146315128773,0.0043010752688172026,0.0026636082879860665,0.0021087846338521256
207,2748,2284,0.011908931698774078,0.00468170029759406,0.004649684387152353,0.0034588441330998237,0.0037973228622112105,0.0012896235820748694
208,2748,2330,0.008927038626609441,0.0032673112773768847,0.00014104549044218517,0.0018884120171673814,0.004940586739910213,-0.0011261902254902855
209,2748,2306,0.01127493495229835,0.0027997215957470322,0.004320121028768678,0.004076322636600173,0.0036822179205656946,0.0015069993353100948
210,2748,2288,0.008566433566433563,0.0010996113100792291,0.0018149177332440181,0.002360139860139858,0.0014208093589891022,-0.0006806415500448146
211,2748,2271,0.008014090708938791,0.0033888568113766967,-0.0010566148155216023,0.002113606340819021,0.003873964726441643,-0.0020940376899932296
212,2748,2305,0.009544468546637742,0.0044497359698260006,0.0035582324132944995,0.0043817787418655085,0.0049073329448708946,0.001699508027991131
213,2748,2304,0.013888888888888888,0.006194852757699768,0.0045767922900251355,0.004383680555555553,0.005812401247781884,0.0014009320650027086
214,2748,2283,0.012089356110381075,0.003327656650348752,0.004012558125277474,0.0014016644765659219,0.0014338520403066617,-0.0009448947585698412
215,2748,2290,0.009170305676855894,0.00313731133902002,0.0020287097897950072,0.003799126637554585,0.00296083524494508,0.0005126513828568125
216,2748,2314,0.010371650821089021,0.003607618953610132,0.00291695173520234,0.00410544511668107,0.0038600537719095966,0.0009561066741180677
217,2748,2254,0.009228039041703637,0.0018246164522919856,-0.0010760041654559744,0.006211180124223602,0.0055494695590413605,6.788637914374607e-05
218,2748,2293,0.014304404709986916,0.006675933953247326,0.007395702730338215,0.0033580462276493668,0.003287807788545863,0.0022348769981206437
219,2748,2327,0.014353244520842285,0.006694277050067034,0.007683458709272079,0.003781693167168027,0.005050118018206145,0.00301433516437573
220,2748,2279,0.01079420798595875,0.004464935176459073,0.0046354136585454704,0.002193944712593241,0.002532958281852875,0.0008332821530384264
221,2748,2310,0.0076190476190476164,0.0024067471663680355,0.0018238158603973615,0.003116883116883116,0.0034618387943529763,0.0007143763396972698
222,2748,2302,0.01103388357949609,0.005500028060761035,0.003192645090546789,0.0025195482189400518,0.004332160212825993,0.0002528937444403974
223,2748,2291,0.012658227848101264,0.004583829259533329,0.005912857321801115,0.0067656045395024,0.006965038141637947,0.004431817454663277
224,2748,2269,0.009519612163948874,0.005018772603818068,0.0014238745933467499,0.0037020713970912283,0.004159418982415998,0.00039152286540727356
225,2748,2300,0.013739130434782606,0.005304471353133361,0.005836058030029805,0.004217391304347825,0.004481348734141952,0.0018677395849019196
226,2748,2281,0.0071021481806225325,0.003473350358930383,0.002546356053970396,0.002981148619026741,0.0038758632361682267,0.0017081795089192418
227,2748,2275,0.010373626373626372,0.0032042208663100335,0.003576272626309745,0.004439560439560438,0.005777831496929751,0.001922025216703795
228,2748,2311,0.010817827780181737,0.00449469076779538,0.003990438275062613,0.004716572912159237,0.004924315426052091,0.0024140320870920107
229,2748,2295,0.01315904139433551,0.005329220285690382,0.004701165020477514,0.004400871459694988,0.004877937560994422,0.0018074996420705852
230,2748,2279,0.015006581834137778,0.005028541998783569,0.006908691788491095,0.00552874067573497,0.0059189978815905615,0.003152842142037666
231,2748,2258,0.012223206377325064,0.004938775204815427,0.004980150463344862,0.0043401240035429575,0.0034098141483160874,0.002038546302192933
232,2748,2292,0.012303664921465965,0.003951175928703464,0.0042923885684839685,0.006282722513089003,0.00607120151652834,0.002912043053629426
233,2748,2290,0.012489082969432314,0.0042753302257301385,0.006579653965532293,0.004978165938864627,0.004330550984988534,0.003588389759823933
234,2748,2292,0.01038394415357766,0.003848350583010546,0.001971518157685087,0.0019197207678883057,0.0030280698201060594,-0.0011211985785213917
235,2748,2310,0.009783549783549783,0.004295571942083323,0.0026669012927253294,0.004242424242424242,0.005501044829918966,0.001253097219149194
236,2748,2300,0.014695652173913042,0.005184024847003092,0.006234713963427219,0.006347826086956521,0.006398953116661547,0.0035332023106147844
237,2748,2282,0.014548641542506572,0.004648393368267351,0.005249987247173979,0.004557405784399649,0.0045409472607753085,0.0014798527750724071
238,2748,2310,0.00857142857142857,0.0026431876895298815,0.0008695210323245879,0.005627705627705626,0.004432655378931192,0.0014392364784963
239,2748,2275,0.009846153846153845,0.003446090357976142,0.003203277980969163,0.002813186813186812,0.002312703988265406,0.00047849091488196563
240,2748,2308,0.013344887348353552,0.0044861099245337085,0.0031670130000658286,0.004289428076256498,0.005070232821294119,0.00025247258929505053
241,2748,2282,0.012620508326029798,0.005367957135342261,0.0048291080168043465,0.006792287467134093,0.007889773252833668,0.0037607765975900117
242,2748,2289,0.012407164700742681,0.004674559673108348,0.004712775447644258,0.003494975972040191,0.0030444251419959726,0.000961157893640999
243,2748,2276,0.008435852372583479,0.0021826043751241044,0.0005353374436668104,0.005184534270650263,0.005152038629449019,0.0009264074824612005
244,2748,2291,0.008118725447402879,0.0028987648383429817,-0.0001596819914979912,0.0023134002618943683,0.0030249874277017224,-0.0015171753363857632
245,2748,2282,0.007624890446976336,0.0037454939831446906,0.00021032792100856578,0.0009202453987730054,0.0033808945125166226,-0.0018824880401486646
246,2748,2322,0.010594315245478034,0.0035252252135631952,0.0017135176446520278,0.0033161068044788963,0.004280389596230439,-0.0006072064367088554
247,2748,2303,0.013547546678245764,0.005426057042120861,0.005387100982941041,0.003126356925749022,0.004845122829380559,0.0011957426957730642
248,2748,2298,0.01044386422976501,0.0036504448217863856,0.0021183466017917763,0.005700609225413401,0.006139922836295746,0.0015641709403743374
249,2748,2296,0.011236933797909403,0.0032637510905604386,0.005000189953834698,0.005270034843205573,0.004276277745490403,0.0028685965503828068
250,2748,2312,0.008737024221453286,0.0012632297728140801,0.001931206413436175,0.003806228373702421,0.0013251419250310422,0.00034424745351164485
251,2748,2323,0.01248385708136031,0.003813242647434966,0.004047969710324731,0.006457167455876021,0.006001520429559848,0.0027927829444737203
252,2748,2282,0.011130587204206836,0.004700838382933165,0.0038063100002052705,0.0026730937773882554,0.005030856311045334,0.0005914694776542589
253,2748,2313,0.008300907911802852,0.002647755163057475,-0.00013408278743943172,0.004453091223519237,0.004985349757906617,0.00012234911393205057
254,2748,2302,0.011989574283231972,0.004764724708587183,0.004231322425529766,0.002432667245873153,0.003463496639823323,0.00045255597649707314
255,2748,2285,0.014091903719912474,0.0048613330106138915,0.005881709302375036,0.0030196936542669574,0.0050607493244451,0.001196305263803008
256,2748,2314,0.013742437337942953,0.005461692122684874,0.006390487262679602,0.006698357821953326,0.005722090864872897,0.004214186029204682
257,2748,2305,0.013449023861171366,0.006417913955236627,0.007276660278276281,0.0030368763557483717,0.004949946409576627,0.002551965155477954
258,2748,2309,0.013165872672152443,0.0036842429250336386,0.0045381377573256824,0.004677349501948893,0.004034480950238052,0.0016343991261229295
259,2748,2310,0.010303030303030302,0.004274605772515421,0.005138377636198284,0.0037662337662337643,0.004549814502373764,0.0024043532850742413
260,2748,2269,0.011546936976641692,0.004226230726744037,0.003461073939542321,0.0024680475980608184,0.0029245242049929275,-0.0001500231638764672
261,2748,2277,0.009046991655687307,0.003430879390190203,0.0025241085033990834,0.001624945103205972,0.00358324150630595,-4.7073230138072046e-05
262,2748,2287,0.009707039790118057,0.0030580001591892004,0.0006990936532972944,0.0024486226497595093,0.0027361706324376977,-0.0015506039185243026
263,2748,2269,0.008638166593212867,0.0036447447161467024,0.002421198004143544,0.003525782282944028,0.004249406410030108,0.0012106786522621097
264,2748,2300,0.009913043478260867,0.003161941176184866,0.0037440677074443616,0.005304347826086955,0.0036722539642132963,0.0025653855755526753
265,2748,2292,0.010907504363001743,0.005537756296463094,0.006101836240158168,0.0023996509598603823,0.0037942452150493268,0.002179574578713679
266,2748,2306,0.011621856027753685,0.004298167412667063,0.004844125475516475,0.004076322636600172,0.004660736665802203,0.0021475746219218493
267,2748,2296,0.007142857142857143,0.0022808690296619964,-0.0002372072195004552,0.00431184668989547,0.0061956821053065015,0.00033570760007498317
268,2748,2272,0.011619718309859155,0.004086638593600869,0.004080056367154362,0.0011883802816901408,0.0035043925517677077,-0.0005528008770377766
269,2748,2275,0.01582417582417582,0.007090439462377193,0.007995056885687059,0.005978021978021977,0.004376085169563226,0.00368048773513583
270,2748,2301,0.012863972186006082,0.004234158215692272,0.0031830064861693356,0.002824858757062146,0.004107790895262994,-0.00030810545837675645
271,2748,2301,0.008518035636679704,0.004088817825432521,0.00255282664484348,0.001651455888744023,0.002651184124562156,-5.3658706547567456e-05
272,2748,2287,0.010581547879317883,0.002801984238422329,0.002086626445619106,0.0005247048535198944,0.0019878002704564364,-0.002168747458167615
273,2748,2304,0.005208333333333332,0.0006551827722426059,-0.0016659112920669919,0.004340277777777776,0.0038165430679896217,-1.589184408670614e-05
274,2748,2325,0.010666666666666666,0.004597421818085112,0.0050325745279955906,0.002924731182795698,0.004854797482924797,0.0018797896368076118
275,2748,2296,0.010714285714285713,0.0046692319553212295,0.00225837729278628,0.0023954703832752607,0.0033390102542455295,-0.00017940469932664732
276,2748,2331,0.012269412269412267,0.005246913729397321,0.002768805695223664,0.004418704418704418,0.005873162127968926,0.000742902709491276
277,2748,2333,0.012601800257179593,0.0057565128747105775,0.005350298014832282,0.0060008572653236164,0.006040030057481421,0.003586175924992795
278,2748,2294,0.01081081081081081,0.004178451811051816,0.00323928990243578,0.004969485614646905,0.005892917709554451,0.0021263965950002453
279,2748,2309,0.005803378085751406,0.002129442725057641,0.00028567507047340006,0.002555218709398007,0.004203709952317148,0.00011601073130598645
280,2748,2263,0.007954043305346882,0.004324771768067063,0.003315975546583753,0.002474591250552364,0.0025263257448924466,0.0010687846741999716
281,2748,2301,0.01329856584093872,0.0034714965930151163,0.004709040877322204,0.003302911777488048,0.0047025159235541325,0.0010022132234608332
282,2748,2298,0.011575282854656222,0.005509230037004056,0.007054352538247347,0.003133159268929502,0.0031502765179550344,0.003340558913021465
283,2748,2302,0.009035621198957428,0.0027792948281131365,0.0007304055484796646,0.004735013032145958,0.005943287573297716,0.0007554883590382512
284,2748,2291,0.010650371017023133,0.004438379957912342,0.004270723547637051,0.0021388040157136615,0.0037921977609686897,0.000643565873377778
285,2748,2321,0.009995691512279189,0.003150165947932445,0.0016437355262925398,0.0029728565273588956,0.003145750434439835,-0.0005897527027945715
286,2748,2338,0.010692899914456799,0.003707056714774873,0.00429821218186944,0.0047476475620188184,0.005639526792629759,0.002452268262572384
287,2748,2324,0.008864027538726331,0.003625062930100429,0.0011257557790324026,0.0019363166953528389,0.0032200338855633945,-0.0009044572871264861
288,2748,2329,0.011421210820094459,0.0040339333012449075,0.004006297003970624,0.00626878488621726,0.0044798508238005005,0.0028292457226658193
289,2748,2261,0.00946483856700575,0.004446393393298081,0.004433796822898935,-4.422821760283202e-05,0.003010282747893732,-0.00010774166746423847
290,2748,2320,0.015603448275862066,0.005837590189648684,0.006326650084251376,0.005258620689655171,0.004763758699410777,0.0022458585891715513
291,2748,2287,0.0062090074333187575,0.00026500351107955247,-0.000695134655129827,0.00244862264975951,0.001849758740660707,-0.001778875842960162
292,2748,2295,0.008366013071895422,0.002514469807940432,-0.0007072417618847193,0.0032244008714596936,0.00405886201978102,-0.001460711867237163
293,2748,2303,0.0066000868432479366,0.0019415226435669504,7.62224038062779e-05,0.0042118975249674315,0.004383278990817614,0.0005972464311996599
294,2748,2291,0.012047140986468788,0.005313107086257162,0.003875091898272563,0.003753819292885202,0.00395045759911195,0.0013106519883975631
295,2748,2303,0.009813287016934432,0.004490927979392301,0.004325343537816891,0.000868432479374728,0.0028840181402123998,0.000400238628494298
296,2748,2306,0.014397224631396352,0.004394438548754151,0.006586118955387746,0.0024718126626192536,0.00385487065266315,0.0009403582253921848
297,2748,2305,0.014316702819956615,0.004272032566675118,0.0053739618481106685,0.004598698481561821,0.004203747923588971,0.0016912273745086227
298,2748,2291,0.008729812309035355,0.0025265198632469918,0.0023986568258429278,0.0030990833697075505,0.0037839698459927232,0.0006772835108878185
299,2748,2319,0.010435532557136695,0.003187298208036159,0.0026935642604678342,0.0043984476067270364,0.0037864654874959686,0.001151093318990069
300,2748,2263,0.011842686699072028,0.00374433271312279,0.0036248980680787628,0.003888643393725143,0.0033287622163199046,0.0007465796323681567
301,2748,2258,0.009388839681133744,0.003224610513139129,0.003274709910722113,0.0031000885739592542,0.004020698449583752,0.0010332972321725321
302,2748,2328,0.00824742268041237,0.0037448141462827836,0.0014017168537977227,0.0024914089347079027,0.004663771509589916,0.00014885647724582093
303,2748,2325,0.009548387096774191,0.0031730331065878913,0.0004344242155296217,0.004516129032258064,0.005161447081711596,-4.919291534258494e-05
304,2748,2303,0.010247503256621797,0.0030245146774549284,0.0015804939684189241,0.0021710811984368204,0.0044645835182647465,-0.0011441883565981568
305,2748,2261,0.008403361344537815,0.002030817491453388,0.0027816170720728743,0.004334365325077398,0.005421381922261523,0.0021491893252724194
306,2748,2306,0.013529921942758021,0.004716502020619659,0.005925237302135349,0.005160450997398092,0.005524463764142469,0.002885757703957634
307,2748,2300,0.014260869565217391,0.005644665724398445,0.0064804730514034705,0.008217391304347826,0.007284159550008694,0.0058483711831661105
308,2748,2293,0.007064980375054512,0.0026789603593801708,0.001167625506817993,0.001962494548626253,0.0038078314241174606,-0.00024420278129670204
309,2748,2245,0.01175946547884187,0.0041699939707619,0.005377830350856157,0.002227171492204899,0.0031803662002465034,0.001103168314658383
310,2748,2282,0.01025416301489921,0.004038625740050769,0.0025996025936582093,0.002760736196319018,0.004776000504603407,0.00023424361075702089
311,2748,2261,0.011145510835913312,0.0061663637635321015,0.0029665095564248315,0.00442282176028306,0.006340254239874965,0.001552486810431729
312,2748,2270,0.008546255506607927,0.0020789191265965417,0.0024764619064480933,0.0036123348017621125,0.0016303978499615092,0.0009821767288312327
313,2748,2313,0.014353653264159098,0.005466145797386364,0.005495021282415046,0.005793341980112407,0.006508044552221269,0.002824570305781741
314,2748,2289,0.009960681520314547,0.0025990916209616016,0.0012196917021850264,0.004805591961555264,0.004434802276757755,0.0005485934607243071
315,2748,2289,0.010135430318916555,0.003468465205074407,0.0038697939768329074,0.001616426387068588,0.004050968692121331,0.0002261635360593917
316,2748,2312,0.013235294117647057,0.0052105266019530794,0.006290016865875168,0.0033737024221453284,0.00450422192560713,0.0020918901530262626
317,2748,2281,0.009557211749232792,0.002945477152944618,0.0044465649216131635,0.0031565103024989026,0.002928855007700848,0.0017273044527229533
318,2748,2306,0.013009540329575022,0.005874568593331952,0.005021565426212208,0.007849089332176927,0.005656763512369455,0.004384614470141896
319,2748,2300,0.01034782608695652,0.00446962081318002,0.00512389515110769,0.003043478260869564,0.005148442010650193,0.0025025234539707807
320,2748,2298,0.012445604873803305,0.004748694512549881,0.004091721840442106,0.007093124456048737,0.005897281502282308,0.0030866194223863434
321,2748,2285,0.010678336980306345,0.0033249173610094412,0.0031103195261668265,0.0024507658643326035,0.004558401066661523,7.650520783594638e-05
322,2748,2308,0.010138648180242633,0.003872434066183126,0.004050228056121389,0.003292894280762564,0.0026688928275584445,0.001071029575056045
323,2748,2325,0.00868817204301075,0.0008166387890177405,-0.00011428908600239436,0.0003870967741935477,0.0024322020516900204,-0.0032369231044358866
324,2748,2279,0.012812637121544535,0.004761184052809191,0.00521881531478149,0.0031592803861342678,0.0046302272078382525,0.001502236525123587
325,2748,2297,0.00975185023944275,0.004285172880066663,0.0034998001975563085,0.005224205485415758,0.004653989754361061,0.002678174497222575
326,2748,2306,0.009106678230702514,0.0025283053679418166,0.003084844770086428,0.004596704249783173,0.0034057652406611523,0.0019634871257522874
327,2748,2282,0.011218229623137599,0.004099046120235937,0.003469855130370037,0.004119193689745836,0.0032087016490952793,0.00114617722989146
328,2748,2287,0.011018801923917795,0.003407858478999955,0.004222589760004531,0.0037166593790992552,0.0033831681951317864,0.0012017497383543534
329,2748,2277,0.012033377250768555,0.004347118619558316,0.007448490482722956,0.004172156346069389,0.0031549978177710294,0.0034954007888654873
330,2748,2277,0.014756258234519102,0.00665027096469556,0.005414770807531214,0.0055335968379446624,0.005695417420469591,0.002512671927700755
331,2748,2324,0.00920826161790017,0.003451492350608664,0.0009651714342778127,0.0013339070567986227,0.003449493870022573,-0.0016055045135678547
332,2748,2320,0.008879310344827585,0.0025681920747738247,0.003128414185354984,0.005991379310344825,0.005430891495168475,0.0031199978220752024
333,2748,2299,0.009743366681165724,0.0037012645218412864,0.003248163023822806,0.002131361461505001,0.004336805332928651,0.0003566005085438998
334,2748,2302,0.01103388357949609,0.0027635123946681103,0.003797098767132334,0.002867072111207645,0.00349221011604205,0.0004096870120558233
335,2748,2295,0.00923747276688453,0.0033312972299536473,0.004198429835291829,0.0032244008714596944,0.002483176356510948,0.0017327869350705798
336,2748,2325,0.010838709677419353,0.0027406433220325413,0.0021648034343108736,0.006193548387096772,0.003555367768975479,0.0018209843971853724
337,2748,2297,0.008271658685241618,0.0034366132625197146,0.002649249257302184,0.004962995211144969,0.004266529914096891,0.0025072923699912724
338,2748,2296,0.014634146341463412,0.005147107733116378,0.004953772500067716,0.004486062717770033,0.00407376072110738,0.0011988601179555012
339,2748,2309,0.011000433087916844,0.003064826558681266,0.0031914576036428124,0.0034213945430922473,0.004471558953261324,0.000853294889548263
340,2748,2286,0.01137357830271216,0.0037468159768870146,0.005674712729775209,0.002974628171478565,0.0021346206972012393,0.0013475942776787473
341,2748,2299,0.01035232709873858,0.0028656124262516373,0.002698820899553181,0.0030013049151805127,0.003367072654196045,0.00015172400952849532
342,2748,2294,0.01063644289450741,0.004642808193221986,0.004401203448926278,0.0038360941586748024,0.004072779053150225,0.0021055006610703323
343,2748,2264,0.014310954063604239,0.005613085863096562,0.008000236686399945,0.007243816254416959,0.0061107521853453325,0.0055322983748486
344,2748,2285,0.011378555798687089,0.0037702747708768173,0.0033292037021541267,0.0018818380743982482,0.001399973717961316,-0.0007174946427575868
345,2748,2282,0.013321647677475897,0.006159412478898971,0.00632741535369616,0.0056529360210341795,0.005721944619201344,0.003901105888622139
346,2748,2294,0.011508282476024409,0.00420645256734826,0.004467868649696838,0.002964254577157802,0.002516606852401631,0.0007107852188932153
347,2748,2326,0.013499570077386069,0.004034598614584353,0.007011267841129577,0.004299226139294925,0.0044439289856692335,0.002983286689313303
348,2748,2288,0.009353146853146851,0.0032398718554047627,0.0015643296042822236,0.0016171328671328665,0.0035936129685765756,-0.0013724903966628869
349,2748,2323,0.01523891519586741,0.00605755421552303,0.006110437924848249,0.006844597503228583,0.005730766119836317,0.00343170780655616
350,2748,2290,0.009344978165938864,0.0021805809458929344,0.000615545809320737,0.005109170305676855,0.005113326896347225,0.0010311397515468167
351,2748,2318,0.016652286453839513,0.00672872844301949,0.005984615369190532,0.0047886108714408964,0.00466914982279751,0.0012691744897314853
352,2748,2311,0.008567719601903936,0.003075565507784463,0.0008657535774901566,0.003245348334054521,0.006111376848564572,-0.0001366365927618738
353,2748,2288,0.009790209790209788,0.0035049738480595807,0.0007561637075876396,0.0017482517482517483,0.0034096870323783177,-0.002105117506273265
354,2748,2323,0.011795092552733533,0.004113814136616612,0.003922041011635982,0.004390873869995694,0.0050460135983135925,0.0018313028182148354
355,2748,2291,0.011959842863378436,0.0049645973811909706,0.005678361277382614,0.0023134002618943683,0.0026057844530927438,0.0014679438660680324
356,2748,2345,0.010831556503198293,0.0036565431662863436,0.004743201102691606,0.006652452025586352,0.005201124279221117,0.004132302956736023
357,2748,2298,0.008703220191470842,0.0017209077063028051,0.0030919776048445088,0.004221061792863357,0.0030834791163238265,0.0018448846369598284
358,2748,2258,0.013551815766164745,0.00471486812091822,0.005491718164237035,0.004650132860938882,0.0051157785979668345,0.0020011286042265503
359,2748,2316,0.011053540587219343,0.003834675543626702,0.004576941688850028,0.002892918825561311,0.00368258494348044,0.0009593731524974902
360,2748,2298,0.011227154046997386,0.0030789899000802754,0.00305026021781727,0.004656222802436901,0.0037385581780149547,0.00090701201912159
361,2748,2329,0.016230141691713176,0.006847966129559798,0.008392620352314455,0.0033490768570201795,0.004358003605857014,0.0022785048309867423
362,2748,2331,0.009094809094809095,0.0035477601103854114,0.0007760016711124598,0.0036894036894036886,0.0032388160107580054,-0.00013215015297407068
363,2748,2321,0.010598879793192587,0.004645453238529007,0.004561121591543247,0.004265402843601895,0.005280168989688648,0.002819757534042358
364,2748,2346,0.01219096334185848,0.004596881430783383,0.004059090426753076,0.007416879795396419,0.00603073844062488,0.0038023856246255172
365,2748,2286,0.00953630796150481,0.0030189452125161465,0.0013020282444406203,0.004111986001749779,0.004322202479204104,0.0002742806664701061
366,2748,2272,0.013996478873239434,0.004920416091090102,0.006197360072712699,0.0036971830985915487,0.0065443244357480295,0.002003272118961022
367,2748,2298,0.009834638816362052,0.002067531273539086,0.0017122689636803418,0.0029155787641427316,0.0036683871837700313,-0.000444045255535148
368,2748,2275,0.010109890109890109,0.0024092422905040633,0.003583736667552001,0.0028571428571428563,0.003247374517510608,0.0008204286329574056
369,2748,2304,0.015017361111111108,0.00491358804873618,0.008924506283164187,0.008637152777777775,0.006854635300335119,0.006713444687893814
370,2748,2300,0.01069565217391304,0.0038142254280789903,0.003216472944251068,0.0026086956521739115,0.0028466281343299898,0.00022000415658727292
371,2748,2249,0.012272120942641171,0.004052296565229091,0.004607726304523853,0.003868385949310804,0.003523887478710364,0.0014217259574743526
372,2748,2277,0.012472551602986383,0.004776436214576409,0.0060098026071615926,0.0022397891963109344,0.002973175669588808,0.0012174224459216485
373,2748,2292,0.008289703315881324,0.0020951150135889714,0.0017063555900290576,0.004973821989528795,0.004326581951129246,0.0012765322702921944
374,2748,2290,0.013013100436681222,0.005727477412524973,0.006397275958147094,0.005371179039301309,0.004172598055189585,0.0033917114543491156
375,2748,2310,0.009350649350649349,0.0030139889901310882,0.0013362981863628974,0.002554112554112553,0.004624180099613163,-0.0008294143959203903
376,2748,2278,0.01501316944688323,0.0048147060382242556,0.006006743233196734,0.005706760316066724,0.0045295941040092045,0.0024752230671867244
377,2748,2316,0.012089810017271158,0.003586578807978028,0.004867274913858586,0.006390328151986182,0.0035986862498387446,0.0032054464130348496
378,2748,2325,0.010494623655913977,0.005365612273984818,0.0015521257407590005,0.005118279569892471,0.006055788971163756,0.001124416013787896
379,2748,2319,0.009486847779215178,0.004247119709505881,0.002628339749080357,0.0029322984044846912,0.004238399134277267,0.00044819395229659146
380,2748,2296,0.014459930313588849,0.0045540073499224865,0.00657365061270735,0.0030052264808362364,0.00328589001891515,0.0012349865983891644
381,2748,2281,0.00938185006576063,0.0029977670814358252,1.3101208360461082e-05,0.002937308198158701,0.0037204080051954375,-0.0015800403412661653
382,2748,2290,0.014585152838427944,0.006181718744865738,0.006503930094990584,0.001703056768558951,0.004241969103515326,0.0009503628602338146
383,2748,2299,0.009047411918225313,0.0037225646363456917,0.00017373103109046453,0.0019138755980861238,0.0017732030520835776,-0.0023858637813665025
384,2748,2300,0.01565217391304348,0.006996755316874153,0.010527619688022842,0.0030869565217391303,0.005397642696847604,0.004160798560285101
385,2748,2305,0.013188720173535791,0.005498854078576438,0.004774612229109727,0.00668112798264642,0.007475682051527821,0.0033150455089535113
386,2748,2299,0.005828621139625922,0.0015934579058722023,-0.0011467875221148624,-0.0009569377990430631,0.0016583252129039757,-0.003941077849144484
387,2748,2306,0.011795316565481351,0.003538542065154587,0.0033727898441668546,0.004336513443191673,0.0038115929511329492,0.0008942187744366508
388,2748,2297,0.011667392250761861,0.005079275726373142,0.003668392292917123,0.004875925119721374,0.005310790486355692,0.0021040195871344595
389,2748,2296,0.00975609756097561,0.004289192530100364,0.003785182579406086,0.0005226480836236916,0.0020408477191452535,-0.000622165007338518
390,2748,2289,0.010135430318916555,0.004657208084175897,0.0018506025136025637,0.003145478374836172,0.003986630834303387,-6.718852788131403e-05
391,2748,2287,0.010144293834717969,0.004417445895022592,0.00030956049353549016,0.003672933974639263,0.00538171060149384,-0.0005879579667808928
392,2748,2301,0.013385484571925248,0.004606978382548029,0.0059109890470441595,0.0029117774880486726,0.003884747343492713,0.0018176886214105819
393,2748,2307,0.009969657563935847,0.0035075595736087416,0.0008475918126281536,0.0021673168617251833,0.0038285916681298493,-0.0015426758117508973
394,2748,2323,0.012569952647438655,0.0039470383911262225,0.0034489691139175742,0.0027550581145071007,0.003902521358232667,-0.00014969145435498015
395,2748,2324,0.008777969018932873,0.004651120000742704,0.0027426616461155616,0.0036144578313253,0.004277053548357782,0.001463745776361601
396,2748,2307,0.013263979193758126,0.0038949787233016698,0.0054987625402671885,0.0007802340702210656,0.002368697991573527,-0.0006319643655724136
397,2748,2328,0.013058419243986253,0.004803138091054962,0.00454718714899028,0.006357388316151202,0.005441186064302802,0.0028404474308966277
398,2748,2314,0.013223854796888502,0.003937370334587372,0.006014102957874523,0.004235090751944684,0.004715613279958101,0.0022394458012613434
399,2748,2280,0.012017543859649121,0.004577034990600989,0.004969982975939271,0.004210526315789472,0.003522929420147755,0.0018020389158900924
400,2748,2306,0.010234171725932347,0.0035985183647638244,0.0014676126789906398,0.0016912402428447522,0.0030208444658404027,-0.0016080949409958036
401,2748,2302,0.012510860121633362,0.0055085642083509065,0.005008955590437616,0.003953084274543873,0.005919179672062355,0.001974506505074648
402,2748,2278,0.013432835820895522,0.005432136883151439,0.0030561593018837586,0.005838454784899032,0.005096213992243216,0.0014289137451450346
403,2748,2302,0.013987836663770629,0.004739200448105701,0.006444774372336985,0.0002172024326672452,0.0011074921147708912,-0.0012739803676741195
404,2748,2294,0.01246730601569311,0.004145933791046816,0.003408898232723371,0.003879686137750653,0.00399191252619283,0.000761116950529866
405,2748,2281,0.01446733888645331,0.006471134160917167,0.007907652911595791,0.005348531345900918,0.006202903192986045,0.004359344220807322
406,2748,2316,0.005785837651122623,0.0011628945553080207,0.000813787765954947,0.002590673575129533,0.0014019918532452468,3.813041462094568e-05
407,2748,2294,0.011508282476024409,0.0037654486540220273,0.003615379942455954,0.0047951176983435035,0.004946598121590671,0.0015750193945563774
408,2748,2282,0.011042944785276072,0.0040094098809943905,0.003209957843993618,0.004557405784399647,0.004184108481745163,0.0016018545567044842
409,2748,2311,0.012808308091735178,0.00471066727804697,0.0064549059553025475,0.003028991778450886,0.0037394479505320688,0.0020820789871339
410,2748,2288,0.011888111888111886,0.0038045502631804794,0.004583337674576682,0.005506993006993006,0.005636208243774899,0.0029438090850895417
411,2748,2313,0.011759619541720707,0.005205660531809406,0.00480380201422882,0.00609597924773022,0.006680607887025126,0.0037645014314704357
412,2748,2262,0.00627763041556145,0.0016516271248830853,-0.0021989167662042485,0.004553492484526966,0.004787745005652409,-0.0008129991678143665
413,2748,2276,0.010105448154657292,0.0032925585698689763,0.001592946957375878,0.002855887521968365,0.0033195843915164404,-0.0008368497770934574
414,2748,2315,0.009416846652267817,0.003944565314698458,0.0026437467962767054,0.003844492440604751,0.004747302172469911,0.0012634970305592382
415,2748,2306,0.012142237640936686,0.005235179593161467,0.004381779991590943,0.004509973980919339,0.004240343963606907,0.0019149703958185578
416,2748,2274,0.011257695690413367,0.003736803017105203,0.004214375436444875,0.0025065963060686004,0.0026045854880351453,0.0002300087616305919
417,2748,2328,0.011597938144329896,0.005058916850027811,0.004533922841870231,0.0038230240549828173,0.0036935429689777186,0.0015626358621346481
418,2748,2309,0.011693373754872236,0.004654777502635131,0.0036984216613014246,0.0030316154179298384,0.0036444166642121832,0.0007588500242387634
419,2748,2304,0.00972222222222222,0.0026349844002171215,0.0034303141985473373,0.003645833333333332,0.003642155757435644,0.001266180281074364
420,2748,2262,0.007957559681697613,0.0025131649319672924,-0.0003854802333282706,0.0017241379310344823,0.0021755945677455093,-0.0023730297670328717
421,2748,2298,0.014012184508268057,0.005801998866099617,0.005253931847160974,0.0028720626631853785,0.004748145203011718,0.0006567103221227245
422,2748,2314,0.010630942091616247,0.0038383409088646836,0.004531351254549036,0.002981849611063093,0.003129985021875676,0.0015995249124430367
423,2748,2301,0.012429378531073444,0.004279498071011359,0.005582141914635242,0.0035636679704476298,0.003965665764342668,0.001769481814637462
424,2748,2334,0.012682090831191086,0.004986843243449198,0.00516950735915746,0.0035561268209083107,0.004670206236212547,0.0010406943761644078
425,2748,2304,0.009201388888888887,0.0018096071651098502,0.0022477793793843227,0.000998263888888888,0.0013940379901912236,-0.00141641800840685
426,2748,2296,0.012195121951219511,0.004778209743984995,0.005054800124135117,0.006054006968641112,0.005600828560882562,0.003610502521077769
427,2748,2267,0.013762681958535508,0.005432291144286554,0.006045041602985106,0.002514336127040141,0.0036990542538362452,0.0009620405355446072
428,2748,2310,0.013419913419913419,0.00567098863600631,0.004447294616859658,0.003939393939393939,0.003911407389818828,0.0010452736719896811
429,2748,2279,0.0121105748135147,0.0065337958017420055,0.0035981291146244486,0.0034664326458973215,0.003568427173915446,0.0007964931182154654
430,2748,2293,0.013955516790231135,0.004636549628834782,0.005775601785618665,0.005756650675970344,0.004600721044868362,0.002977904655334776
431,2748,2290,0.012751091703056766,0.0032151605966890735,0.006128439540710935,0.008253275109170306,0.006518470448545724,0.005338747202348467
432,2748,2321,0.010598879793192588,0.00544848242482442,0.004414042376125707,0.003403705299439896,0.0038233027327903013,0.0015739948457689963
433,2748,2311,0.014019904803115534,0.0063152231784135895,0.006195000968580077,0.006490696668109042,0.005446318824111099,0.004161246477112219
434,2748,2289,0.008824814329401484,0.0034887698614202802,0.0008997106967007624,0.005242463958060287,0.005188483243064453,0.0011346039404061521
435,2748,2290,0.01187772925764192,0.004035695893631654,0.005208093127289245,0.003711790393013099,0.003193001690808855,0.0017791023954946636
436,2748,2334,0.01148243359040274,0.004488337299563204,0.005427673619761746,0.004113110539845756,0.0034808901031807807,0.0025086060643532246
437,2748,2302,0.011902693310165073,0.005960965707358176,0.004649515548050232,0.0036924413553431784,0.0050356182679977355,0.0017572303127418743
438,2748,2286,0.00953630796150481,0.0044273930293236285,0.0024578183470783427,0.0016622922134733153,0.004000772146835546,-0.0003319748296590557
439,2748,2276,0.01212653778558875,0.004713422623456925,0.0027921618480401442,0.004130052724077329,0.005222695314884761,0.0007970845659555813
440,2748,2324,0.012306368330464713,0.00474010500960045,0.006374858524293123,0.002022375215146298,0.0034125530887015388,0.0013056560522661234
441,2748,2315,0.011490280777537795,0.004532615303447604,0.0035749754920327806,0.003542116630669546,0.004124426256915915,0.0010100367457572985
442,2748,2306,0.010754553339115349,0.003203965919648729,0.0013403988895501111,0.0021248915871639193,0.003400844495794912,-0.0015591614828278392
443,2748,2297,0.00931649978232477,0.002497723973494664,0.0025797869175296336,0.004179364388332608,0.005238633412311375,0.0014734698491665461
444,2748,2296,0.011498257839721254,0.004198134152087588,0.00298074768459877,0.0015243902439024376,0.003360906958415507,-0.0009739675935367146
445,2748,2278,0.007901668129938543,0.0015474152941531343,0.0014044740208137493,0.0005706760316066713,0.0044507523403868356,-0.0017046323457487772
446,2748,2291,0.007158446093408991,0.003100217717383783,-0.00020338680041621744,0.0015713662156263632,0.003798511451940835,-0.001756335403227389
447,2748,2279,0.016059675296182532,0.005857314112165422,0.008629465557435958,0.004080737165423431,0.004523366929793282,0.002924119663950867
448,2748,2305,0.011887201735357917,0.005292197048287858,0.0019202982797109842,0.002342733188720173,0.0033777641733181494,-0.00150313986628357
449,2748,2286,0.010236220472440943,0.003414205030344842,0.002926240575338164,0.005555555555555554,0.004638971084692176,0.0023520787895087753
450,2748,2308,0.012218370883882147,0.005225508009110001,0.004897067010398617,0.004592720970537261,0.004072583487090806,0.0021804783204242037
451,2748,2308,0.00996533795493934,0.003669152230682285,0.003025152724982777,0.004246100519930675,0.003623154129154928,0.0013467710788070382
452,2748,2312,0.010467128027681658,0.004513411218749509,0.0029647819281096973,0.006271626297577853,0.0070514934317614545,0.0027593558193846923
453,2748,2299,0.010961287516311438,0.004186110886947299,0.002867168926510617,0.00439321444106133,0.004657532667977225,0.0009597645180928082
454,2748,2299,0.011483253588516746,0.0029927079408071594,0.0025956419956195786,0.006481078729882557,0.005592011996761111,0.0020269402902901093
455,2748,2283,0.010249671484888302,0.003278971512686113,0.003111401126639055,0.0025405168637757324,0.003398348589240689,2.0260150805215452e-05
456,2748,2285,0.008402625820568926,0.005305269247782657,0.0010675274679080788,-0.00017505470459518654,0.0015964505407929837,-0.002401398784940808
457,2748,2294,0.008369659982563208,0.004147029923040722,0.0013475730611567343,0.0028334786399302515,0.004964113072061319,2.8994774005080556e-05
458,2748,2280,0.011491228070175438,0.0037691828539339976,0.0028670907547843436,0.0030263157894736834,0.004033866894964382,2.5761933327533165e-05
459,2748,2277,0.009749670619235835,0.00392238767210444,0.003693209980237383,0.003996486605182256,0.0057352381539478615,0.002244009561515395
460,2748,2269,0.014720141031291314,0.006046261778703441,0.006018155865507045,0.0033935654473336266,0.0038912894760055505,0.0012057023322224868
461,2748,2285,0.013391684901531727,0.0037675583827401432,0.00394206628635348,0.002188183807439824,0.0039358501979584,-0.000858677680330716
462,2748,2290,0.011615720524017466,0.005180397664510204,0.005226129787290197,0.000655021834061135,0.0015738900949581142,-0.0003477499631392894
463,2748,2297,0.010187200696560731,0.004614905130882699,0.004090641238908132,0.0034392686112320416,0.004390839239960978,0.0018886302167772137
464,2748,2313,0.011759619541720707,0.004983750289640235,0.0037708504775725298,0.006441850410722006,0.006726763628430097,0.0028535543820923936
465,2748,2247,0.010947930574098796,0.0047832592757936394,0.004207783315906547,0.006586559857587893,0.005850667297515454,0.003860520861341986
466,2748,2271,0.011712901805372081,0.004698246406994263,0.003989224708076026,0.006120651695288417,0.007382940319267606,0.0030908281344449555
467,2748,2300,0.01260869565217391,0.0033973368240319546,0.005235829526103221,0.0006956521739130418,0.0016325438622211215,-0.0006422152568047326
468,2748,2311,0.01133708351363046,0.004194433498871963,0.004066031459605255,0.001730852444829078,0.0033760664639334885,0.00012296286957579362
469,2748,2277,0.014404918752744838,0.004661772920466669,0.007036968742202632,0.004611330698287219,0.0036440721399580546,0.0027865029353877496
470,2748,2310,0.012467532467532466,0.0058512375893507345,0.005320837051731918,0.0016017316017316015,0.003882531884844389,0.0003564864575522742
471,2748,2281,0.012187637001315211,0.004141697498953953,0.0038872781426066583,0.001972818939061814,0.001738815154721937,-0.0008172883723899697
472,2748,2256,0.010283687943262409,0.003776779964561158,0.0022486729449164478,0.005363475177304964,0.0049033911510007406,0.001621284425547745
473,2748,2325,0.009720430107526878,0.0031318194992275283,0.004005281867873826,0.004172043010752688,0.0030690275782033834,0.0020842191398916855
474,2748,2283,0.007446342531756459,0.0028002109889734054,1.4139406220648722e-05,0.005256241787122206,0.004347818504721319,0.0009829395012309523
475,2748,2286,0.011723534558180227,0.0040781601044939395,0.006012085157229112,0.005905511811023621,0.006383737125782221,0.004230399311412275
476,2748,2323,0.010934136891950065,0.0035477802785545353,0.002324451368142567,0.004046491605682305,0.003151094850120649,0.00026778777839054876
477,2748,2269,0.010929925077126486,0.004056890208613394,0.003763296248607713,0.0037020713970912274,0.0026337283644149935,0.0010853839289489036
478,2748,2315,0.011922246220302373,0.003850328526280992,0.005614223370739034,0.0039740820734341245,0.004950706173805372,0.002471208213812925
479,2748,2338,0.011719418306244652,0.004414629164810957,0.003306512504272594,0.0048759623609923,0.004523643337704291,0.0016770815270500657
480,2748,2276,0.012302284710017573,0.005766779466512958,0.005664543953903118,0.004701230228471,0.004589745978078549,0.002955339877144234
481,2748,2292,0.015183246073298427,0.004685636778588907,0.00700128723056405,0.005148342059336822,0.0034317998976892117,0.002837061265888469
482,2748,2298,0.009486510008703219,0.004783471214184837,0.0012722220985963188,0.0017841601392515221,0.0049435237237186215,-0.0012085594267778556
483,2748,2266,0.010326566637246246,0.0032339847092713566,0.004330566746402474,0.003133274492497793,0.003847741160986676,0.0013170830654009582
484,2748,2286,0.011461067366579175,0.003759325532531512,0.0029759271765897157,0.003893263342082239,0.0031493546108949605,0.00030875881865972943
485,2748,2306,0.00980052038161318,0.003303278814272002,0.000404472032646023,0.005247181266261925,0.005866512379564229,0.00045737133321487055
486,2748,2294,0.00959023539668701,0.0045260822561294335,0.0029448412175914537,0.002659110723626851,0.0037421898086108735,0.00046820921514947563
487,2748,2318,0.009318377911993095,0.004861058027327102,0.0029053579139231263,0.001984469370146677,0.003179655458925102,0.0003778637111212286
488,2748,2328,0.012886597938144327,0.005688674645050974,0.004946278309269357,0.006872852233676974,0.005514537410774026,0.0038940915150521734
489,2748,2290,0.012139737991266374,0.006408484980484976,0.004910260433085401,0.0023580786026200866,0.00401568049062272,0.0006040859130927654
490,2748,2291,0.010126582278481011,0.0038443733239527525,0.003722944519399714,0.002531645569620252,0.0037189336561825556,0.0008570896072187216
491,2748,2289,0.008912188728702489,0.004387099983465006,0.0014551847353416766,0.002577544779379641,0.0047930247058756295,-0.00032005670767150873
492,2748,2291,0.005412483631601918,0.0015902925519651315,-0.0002733875082776464,0.002313400261894368,0.002374200551749303,-0.000735337412980748
493,2748,2326,0.01573516766981943,0.0061422449127697225,0.007338449724468042,0.004428202923473773,0.0038791546288986264,0.0022498396743803975
494,2748,2302,0.015464813205907904,0.006146330740720792,0.007131802102990582,0.005821025195482189,0.0057343512586121685,0.0037104545239238745
495,2748,2285,0.011466083150984682,0.005409518546554716,0.005739348856442215,0.0024507658643326017,0.0038252505763517945,0.0015839919108655968
496,2748,2254,0.012422360248447202,0.004724228890022575,0.004469299598392575,0.003859804791481808,0.004552349085967342,0.0012696083355288996
497,2748,2272,0.009507042253521125,0.0026925108308172977,0.002270597462469598,0.00294894366197183,0.0026436223167181816,0.00013880938529556766
498,2748,2312,0.010640138408304496,0.004355877805133385,0.004045773138041524,0.0041522491349480955,0.004758779346911437,0.0021241706610906066
499,2748,2318,0.010094909404659189,0.003293877072417493,0.003208415360878381,0.003106125970664365,0.003500143956761097,0.0004954034061436443
500,2748,2285,0.014179431072210062,0.005576624552730043,0.006624455232927293,0.0029759299781181615,0.0038943314353663636,0.0014106261343980711
501,2748,2324,0.008864027538726333,0.0016915980867126322,0.002192234507468525,0.0043459552495697055,0.0023758835883861905,0.0009501881471144588
502,2748,2265,0.014481236203090506,0.00513040592379346,0.006627045793012876,0.0077704194260485625,0.005842288492437233,0.004752363821427922
503,2748,2324,0.0063683304647160046,0.0028953531100726097,0.0004816190232821847,0.0033132530120481922,0.004650379533845972,0.0005747875241833036
504,2748,2293,0.009594417793283906,0.0024481535831254357,0.0021479235205009873,0.0025294374182293924,0.0038336763312330447,-0.00047835190990500124
505,2748,2276,0.014147627416520208,0.0034302171797261634,0.007008858478878388,0.006107205623901581,0.005324675750081984,0.0038327421712986086
506,2748,2274,0.015215479331574315,0.004285656266666511,0.005497315096848564,0.004265611257695689,0.0027429390061604157,0.0008152592073609578
507,2748,2278,0.008604038630377522,0.004016255599692461,0.0019953185347859983,0.0017559262510974528,0.003195715721904427,-0.0007505341960102487
508,2748,2277,0.0101010101010101,0.004548373815727316,0.003021822467689045,0.00245937637241985,0.003058504033867698,-0.00017376551431070558
509,2748,2289,0.008999563128003494,0.003962642117456706,0.0029947169930534525,0.0034512887723896894,0.002504404309260002,0.0008830309257962374
510,2748,2333,0.01354479211315902,0.005373288298773879,0.006827374898129662,0.00360051435919417,0.004603315976314218,0.0025224006537337123
511,2748,2305,0.010759219088937092,0.002499444239570864,0.0021517612239369574,-0.0003036876355748383,0.0015129664444833702,-0.0029498800150361873
512,2748,2268,0.009523809523809523,0.0035514769376805795,0.0015731522464700392,0.004761904761904761,0.004052365983628817,0.0008724455712388502
513,2748,2323,0.008609556607834695,0.005088225519677565,0.0022329424419775877,0.004046491605682306,0.005573616732337042,0.0014961467118197343
514,2748,2310,0.011688311688311687,0.0036249399936116814,0.004648585602289741,0.004978354978354977,0.004113755613712723,0.002219408817005219
515,2748,2293,0.013257740950719578,0.004988744237054182,0.005723208198243711,0.005015263846489313,0.0038549668416931054,0.0027395075541699707
516,2748,2277,0.010101010101010098,0.0019251782426935162,0.001004351354183633,0.00333772507685551,0.002807598958258115,-0.0008949212595646501
517,2748,2276,0.015202108963093144,0.004675923533285124,0.008499727060700055,0.003690685413005272,0.003437897885855142,0.002960559688960006
518,2748,2304,0.009461805555555555,0.0016225947331336608,0.0018427087404689158,0.0024305555555555547,0.001893484388273368,-0.0007431037145427401
519,2748,2297,0.014366565084893337,0.004506190924269147,0.00743156238927606,0.0009577710056595555,0.000979734905806984,0.00036336451918637957
520,2748,2265,0.013863134657836642,0.005593367797026071,0.005667279965591141,0.001766004415011037,0.003826830678593316,4.08478870500396e-06
521,2748,2321,0.012322274881516587,0.004500509422164245,0.0035527191004819133,0.005471779405428694,0.005008585107763513,0.001654177718617492
522,2748,2291,0.008642514185945001,0.0023981579170039347,0.003488363694791854,0.00013094718463552949,0.00042922345097571663,-0.0010060595939426168
523,2748,2247,0.011481975967957275,0.0038524681132646567,0.0037250837150574687,0.0047619047619047615,0.0038424439667211173,0.0015785152384156214
524,2748,2263,0.01237295625276182,0.0052572970166753115,0.0043794184234328595,0.004109589041095889,0.005247582257127988,0.0016519909581841677
525,2748,2281,0.010960105217010081,0.004571950194236861,0.003018454750651377,0.0021481806225339757,0.002434686581477097,-0.0006023056584130389
526,2748,2303,0.007294832826747719,0.002003626100189838,-0.00027822534270984287,0.004863221884498479,0.004382884832392208,0.0006044866636282038
527,2748,2282,0.01673970201577563,0.005444161159475578,0.006087800827686184,0.005609114811568798,0.0039054905832034467,0.0020194681431662375
528,2748,2254,0.01162377994676131,0.0038170201834009537,0.0022703515070225124,0.003016858917480034,0.004460857467475965,-0.00039183270384457615
529,2748,2305,0.01388286334056399,0.0051651096180218015,0.006917815046030577,0.0031236442516268956,0.003963935414895767,0.0020003976285399286
530,2748,2283,0.009286027157249232,0.003996321176228398,0.0033470004823664273,0.006132282084975908,0.005169413357363056,0.00345810193918477
531,2748,2326,0.012467755803955287,0.005549321342744619,0.0028663669097106705,0.002407566638005159,0.002597219503203246,-0.001077311976348659
532,2748,2290,0.010131004366812225,0.0036710939797627616,0.001722139698168832,0.004934497816593885,0.005510350721477559,0.0013086271049110232
533,2748,2268,0.010493827160493824,0.003251481630205863,0.003919404138514883,0.002601410934744267,0.0030333469116333215,0.00048609137871227786
534,2748,2282,0.007537248028045572,0.0024308100625776404,-0.0011053515590546703,0.007142857142857142,0.006005128858626477,0.0016920811518623383
535,2748,2301,0.010951760104302478,0.004484609333711143,0.0054634774784172386,0.002824858757062146,0.004192647563779263,0.0017981584156847726
536,2748,2293,0.008634976013955516,0.0028255697394931624,0.0016324561040366795,0.002354993458351503,0.0022518599884073236,-0.0009791234198457525
537,2748,2311,0.014192990047598442,0.004524856625519643,0.005848037369943272,0.0030722630895716127,0.003552311707350019,0.0010572355190416659
538,2748,2292,0.007678883071553226,0.0028149700556508546,-0.0028936535973313232,0.004013961605584642,0.0050192700354616876,-0.0019138346717314423
539,2748,2333,0.01294470638662666,0.005093828460948811,0.0038654018198993885,0.004543506215173595,0.005068132092781862,0.0015944396550337545
540,2748,2300,0.012086956521739127,0.004794136275159556,0.0038082264118209884,0.004956521739130433,0.004621722344257829,0.001676529103926356
541,2748,2278,0.013871817383669884,0.0064384184734666275,0.005161781393406521,0.002765583845478489,0.003724391452060946,0.0002608174047902602
542,2748,2319,0.01103924105217766,0.004102011980382336,0.002375232239577041,0.0013799051315222073,0.0025747675546094347,-0.0017140908930795196
543,2748,2291,0.01300742034046268,0.005104899520758379,0.0069220492895058295,0.005019642077695328,0.005525375314248676,0.003645463246385209
544,2748,2316,0.009153713298791017,0.004036627580109413,0.0022067952611813,0.004835924006908461,0.005060065363475534,0.001436264298156387
545,2748,2319,0.010952996981457522,0.005244423705250124,0.003408979174768048,0.0013367830961621384,0.00400343384964813,-0.0006427101015406062
546,2748,2307,0.0065019505851755515,0.0017517059477601899,0.0006216483267968119,0.004247941048981359,0.005645692605156591,0.0009444034118848314
547,2748,2314,0.010285220397579948,0.0036336330836035154,0.003040095122550442,0.0018150388936905783,0.0035168282692634766,-0.0005748653122939744
548,2748,2314,0.011063094209161623,0.003088200017762224,0.003322689464740666,0.003932584269662921,0.003943234712450648,0.0006654424510191904
549,2748,2269,0.009167033935654472,0.003292376652547759,0.0025247751531263627,0.0018510356985456137,0.0030751850677342984,-0.00020916155263672024
550,2748,2285,0.009803063457330414,0.003645866769453174,0.0014109786192014178,0.004201312910284463,0.00336502872905415,0.0001726537468632276
551,2748,2303,0.008423795049934867,0.002708132972959777,0.003072796904926381,0.0017802865827181928,0.003369298293682706,3.421459065367456e-05
552,2748,2298,0.010704960835509135,0.003983569176852683,0.0043667388621795545,0.0010008703220191458,0.00200019254829271,-0.0004910086803868565
553,2748,2337,0.013521608900299527,0.005034014599841002,0.004419530847524467,0.004193410355156182,0.00603461561588437,0.0011147066814336927
554,2748,2323,0.010417563495479981,0.004374188850189632,0.0027832660433471526,0.0018941024537236326,0.003003772270517948,-0.0005789957855411486
555,2748,2326,0.01521926053310404,0.005359741254606828,0.00556335307803166,0.0031814273430782443,0.0037558539235722473,0.0006134355386939209
556,2748,2291,0.012134439109559143,0.004171153185795677,0.0047213683588653976,0.005979921431689217,0.005084510110198732,0.003103860188345016
557,2748,2299,0.008525445846020007,0.003735778763603549,0.0013046196796242394,0.0023923444976076537,0.003533974867172404,-0.0006499175208853179
558,2748,2297,0.013060513713539395,0.005095556614984896,0.006145256359901288,0.0025250326512842834,0.002409526863625657,0.0010675339397136646
559,2748,2276,0.012038664323374339,0.004474078892258205,0.00627600031075833,0.005799648506151141,0.005281022302675019,0.0039505313414851025
560,2748,2295,0.013159041394335512,0.005961323158543645,0.0049468095133055065,0.00261437908496732,0.005331055825952248,0.0012187681130585606
561,2748,2275,0.014593406593406591,0.005968536045910809,0.006748825075040872,0.0023736263736263727,0.004732707445725693,0.0012190509917756305
562,2748,2288,0.009615384615384614,0.004768119621393737,0.0028291288916918005,0.0017919580419580418,0.003971320651512618,1.1100662041578997e-05
563,2748,2333,0.01080154307758251,0.004535019027616456,0.003617174409679823,0.004972138876982425,0.005070153513688109,0.0023407923608603646
564,2748,2316,0.013212435233160619,0.004104614991322421,0.005150891326975236,0.00466321243523316,0.004365618855226072,0.0016957098101215134
565,2748,2298,0.010443864229765013,0.0022345901407469252,0.0003672614839685764,0.004830287206266317,0.003987539937037629,-0.0006582388557393983
566,2748,2314,0.010976663785652546,0.0046930350809590215,0.0031934648920453734,0.004364736387208297,0.004733966198554588,0.001591973377804189
567,2748,2288,0.009003496503496501,0.002204965684771351,0.004397034404982552,0.0019667832167832144,0.003055431074840053,0.0010209541904907212
568,2748,2296,0.01289198606271777,0.005197527519384411,0.005119874793513558,0.005357142857142856,0.004586293365955133,0.0030002625158590227
569,2748,2289,0.011620795107033637,0.004925085288948842,0.005704219650077206,0.002053298383573613,0.003058928822538186,0.0012687665536457425
570,2748,2311,0.009433145824318475,0.0021271143365695624,0.0007182139049525571,0.003764604067503245,0.004129415815801231,-7.565829674444193e-06
571,2748,2298,0.010530896431679721,0.0048175432589426725,0.0022328518197782467,0.0073977371627502175,0.0055290692779409985,0.0031420519317330482
572,2748,2292,0.01221640488656195,0.00402688884880966,0.004795159359512286,0.0038830715532286193,0.0041741487544727,0.001669771197965589
573,2748,2315,0.01079913606911447,0.003610032090691626,0.0027943214038597666,0.0028941684665226776,0.002829543499688036,-5.3913056050855326e-05
574,2748,2302,0.007993049522154646,0.0034464158102221454,8.424236324164859e-05,0.004735013032145959,0.005488629903529246,0.0006735991421369558
575,2748,2316,0.014248704663212432,0.004644132792333314,0.008718632844115264,0.006174438687392054,0.005208119252401824,0.005339645863261324
576,2748,2322,0.00895779500430663,0.0019047803053832883,0.0022194081918789385,0.0016365202411714032,0.0024026878287453633,-0.00042450046753555505
577,2748,2264,0.006802120141342754,0.003185398554548079,0.002844728585511778,0.004019434628975264,0.004652167740955725,0.002450779798270363
578,2748,2301,0.008344198174706647,0.002641858732939365,0.00025627459771574877,0.0023468057366362446,0.004180714994846349,-0.001064422200201123
579,2748,2282,0.008676599474145485,0.0031978473391685827,0.0007105461560944172,0.0036809815950920232,0.003368836555766923,-0.0006831147092105588
580,2748,2268,0.012345679012345677,0.00490980620490155,0.004046307180947658,0.0044091710758377405,0.005097922383232142,0.00167823390863843
581,2748,2264,0.013780918727915191,0.003692827802341361,0.004801940693926821,0.002517667844522967,0.003065407919459651,5.6546188060188865e-05
582,2748,2287,0.008919982509838213,0.003781265485367701,0.0009669350365645102,0.0026672496720594662,0.002872099341669086,-0.0006812971323401441
583,2748,2285,0.011641137855579867,0.0044302618322173935,0.0050018561178415445,0.006652078774617066,0.006055951980715215,0.004046390747381318
584,2748,2274,0.010642040457343885,0.004030786273272962,0.004126127926456863,0.003913808267370272,0.0051572596089997,0.0019431594062672226
585,2748,2325,0.007483870967741934,0.0012492170393353626,-0.00021605672509538514,8.602150537634301e-05,0.0014756622576991476,-0.003157860255664043
586,2748,2295,0.009586056644880173,0.002848773547473222,0.002441498275569482,0.0038779956427015235,0.0039903818709769116,0.0005358895660051533
587,2748,2303,0.013981762917933129,0.005813816444026911,0.006849424621416914,0.0027355623100303937,0.005260094997784165,0.0019155080756370793
588,2748,2324,0.015576592082616178,0.006197191548166887,0.008189801630475646,0.003485370051635111,0.0046077214599138,0.002385385669926052
589,2748,2272,0.005633802816901407,0.00047206141319422446,-0.0012781980085630094,0.000836267605633802,0.0028204253350709173,-0.002527367638664033
590,2748,2301,0.015558452846588439,0.006686372585478586,0.008787567687443648,0.0034767492394611023,0.005268605754465804,0.0028958094932064657
591,2748,2280,0.012368421052631577,0.0037340232036742133,0.007100091081707595,0.0015789473684210522,0.003117747547265844,0.0014852619353446668
592,2748,2290,0.011004366812227072,0.004115509460441682,0.0034058877029107823,0.004148471615720522,0.0031589280906002357,0.0011537809202194181
593,2748,2283,0.008585194918966272,0.003693654255333154,0.0014078369015879423,0.0012702584318878664,0.0024254634773661302,-0.0011672827619814878
594,2748,2334,0.010454155955441302,0.0034121142293183546,0.0041064780841358105,0.0026135389888603247,0.002934225275602933,0.0010824427977478555
595,2748,2303,0.01189752496743378,0.005476674953843579,0.004484834362853815,0.004385584020842379,0.0047764918766447185,0.0020148567047202403
596,2748,2300,0.012869565217391302,0.005060248309436213,0.00493483509847701,0.004304347826086955,0.004175544231012422,0.0014538926900602507
597,2748,2286,0.011373578302712158,0.004447341038691932,0.005881918662456291,0.0032370953630796143,0.0038257954824065608,0.0019047723804820464
598,2748,2283,0.009286027157249232,0.003079983116094291,0.0018183688451571332,0.005519053876478318,0.0045714579019004295,0.0019621829377345083
599,2748,2291,0.01082496726320384,0.003790924587832224,0.004106725963557127,0.0024443474465298985,0.0014710436027148366,0.0005513830812459557
600,2748,2306,0.014917606244579355,0.004586975909241929,0.006853556482860215,0.004856895056374673,0.006406621664481958,0.0030160241996208884
601,2748,2325,0.008946236559139783,0.0030799650061168727,0.0010050200989799418,0.004172043010752687,0.00430997808907964,0.00023580632503636355
602,2748,2258,0.013020372010628872,0.0051149334954159395,0.005076023237262331,0.002878653675819308,0.004291144214972945,0.000863493094357013
603,2748,2296,0.012108013937282228,0.003928537814673487,0.0054472660891329685,0.0028745644599303126,0.004152372389146714,0.0015416048956327373
604,2748,2320,0.012499999999999999,0.004700816073358237,0.005216029531970822,0.0028448275862068954,0.004348625068060511,0.0011658819901717017
605,2748,2291,0.011523352247926666,0.0021542707115800087,0.003499926559508605,0.006547359231776516,0.006239003039601027,0.002559122180824595
606,2748,2293,0.013693850850414304,0.006088164226416164,0.007348495590246773,0.0008286088094199732,0.0036191808683761354,0.0007783865733772596
607,2748,2293,0.011338857392062798,0.0031992451276728244,0.004487856790548151,0.0034452682075883103,0.003823803712330579,0.001489087034725421
608,2748,2304,0.01085069444444444,0.0034276784387025933,0.0024352026336430946,0.0016493055555555551,0.002930427384488148,-0.0011116286067975997
609,2748,2296,0.00513937282229965,0.002644602499256183,-0.002431373236893228,0.0031358885017421594,0.0033726374730838433,-0.001451820596848423
610,2748,2270,0.010308370044052863,0.0038843674586203788,0.0034083863841537685,0.002995594713656387,0.003743520666259248,0.0006712372645865004
611,2748,2280,0.012368421052631577,0.0037061457268527218,0.005291674411307822,0.003947368421052631,0.003672203636908688,0.001830658605907206
612,2748,2262,0.011052166224580016,0.003568948971498923,0.0017323786112327865,0.005128205128205127,0.006167225751219304,0.0007795295347930044
613,2748,2295,0.01315904139433551,0.004378118325415706,0.005520418242524534,0.0032679738562091496,0.005312420824142242,0.001232068062627199
614,2748,2307,0.008755960121369743,0.003595742042882561,0.001801990786379237,0.0043346337234503665,0.004916891674567137,0.0013633016979716307
615,2748,2288,0.011363636363636362,0.005402549710120627,0.004890740384810511,0.002972027972027971,0.003224076370418057,0.0013963465003455945
616,2748,2269,0.008550022036139268,0.0026318977514209014,0.000576756584556247,0.003702071397091229,0.004185533881559179,-5.318086243505649e-05
617,2748,2310,0.013419913419913419,0.005342278098646285,0.007338849703913876,0.0015584415584415574,0.0032041071140141365,0.001478286521162229
618,2748,2313,0.010808473843493297,0.003729618969545887,0.003514478682621246,0.0030696065715520963,0.003630257019817372,0.0008157093433699045
619,2748,2257,0.009038546743464776,0.003703366953907668,0.0011565006563004228,0.00026583961010190425,0.0008283161231892899,-0.0024431654907887306
620,2748,2299,0.015484993475424095,0.005805416424171935,0.006397759476204508,0.004480208786428881,0.004729395707323347,0.00185912076676506
621,2748,2320,0.00939655172413793,0.002908594983827662,0.0035425941817668707,0.005043103448275861,0.005447109965788084,0.0025538314344389656
622,2748,2290,0.011528384279475981,0.00384328584687425,0.004082201608029126,0.001746724890829693,0.001555652878522942,-0.0005507636191047207
623,2748,2311,0.01133708351363046,0.0023583159941470383,0.0010161913962558364,0.002466464733881436,0.004105571303950786,-0.0017620721927393117
624,2748,2306,0.013269731136166519,0.004979553450600397,0.005622877990407095,0.003599306157849088,0.003789504121087686,0.0015639410088067473
625,2748,2309,0.007968817669987006,0.003599277375231013,0.00018887312187855544,0.002944997834560415,0.0043989990496521815,-0.00032856960815501936
626,2748,2308,0.010745233968804158,0.004417628450826455,0.004870802864484729,0.0043760831889081446,0.0054538164782131195,0.002717532915968221
627,2748,2318,0.007851596203623811,0.0028611623224661276,0.0006975494691069511,0.004141501294219154,0.003742784619748964,0.0006593680985634063
628,2748,2309,0.008661758336942398,0.003909538037043382,-0.00086965266270078,0.005716760502381982,0.005380552328491631,0.00039766684657436337
629,2748,2321,0.009909521757862989,0.00395148239961755,0.0034884564874069404,0.0035329599310641945,0.0035414386147365174,0.00130114888809427
630,2748,2307,0.010056350238404854,0.0028818343273557755,0.0010753078575191856,0.0035543996532293003,0.004290191684029917,-0.00048271720188814695
631,2748,2321,0.013614821197759584,0.00558283269200095,0.007376802609178825,0.0016803102111158973,0.001815849080823171,0.001022216343462293
632,2748,2290,0.011790393013100435,0.004240318388267339,0.006460687001486134,0.001397379912663754,0.00224881668289585,0.0012820678159826578
633,2748,2301,0.011212516297262057,0.0031050905301256483,0.0035832226342141435,0.0033898305084745757,0.0038358281579715403,0.0007106122485295537
634,2748,2272,0.01390845070422535,0.005156101819332714,0.006491910023964572,0.00642605633802817,0.0051720800719431,0.0041408890638670644
635,2748,2311,0.012289052358286456,0.003656234660783178,0.0022276923154819065,0.005495456512332323,0.004091096449417252,0.0005340663260040675
636,2748,2288,0.007604895104895104,0.00253210778852048,-0.0013609335602531962,0.003190559440559439,0.00309409805819319,-0.0017842178133158943
637,2748,2305,0.010845986984815615,0.004174953501076148,0.004891372757049907,0.0040780911062906705,0.0031521730307585674,0.00211088063841754
638,2748,2293,0.010728303532490185,0.004156198689742566,0.0032274707756876865,0.0037941561273440896,0.0030017608219017515,0.0009134684984084642
639,2748,2287,0.011281154350677742,0.0039297195538235095,0.003555997958494688,0.0010056843025797973,0.002874177213554363,-0.0008844704090304038
640,2748,2308,0.008578856152512996,0.002349888821775366,0.0008316910535671914,0.004636048526863083,0.004066216181099845,0.0007701096872054187
641,2748,2277,0.00878348704435661,0.0013422819086651827,0.0018565527417885013,0.002239789196310934,0.0032577668514408398,-0.0004959290175258997
642,2748,2290,0.013537117903930132,0.005109260915898309,0.008664806875012074,0.0017030567685589507,0.001905418482434532,0.00204934578354571
643,2748,2296,0.016289198606271774,0.0066768821257209765,0.009029059126377715,0.007142857142857143,0.008661170741793716,0.006015955381513834
644,2748,2330,0.011931330472103001,0.004327525204962632,0.004575564581575542,0.004034334763948497,0.004014968094226714,0.0018765404141587402
645,2748,2276,0.007996485061511422,0.002978088298370176,0.0005362086983814316,0.00329525483304042,0.004093047180997321,-0.00022060163499247734
646,2748,2310,0.013419913419913417,0.004824640264628306,0.004960360502308383,0.0015584415584415571,0.0025785450743663774,-0.0006587441724672029
647,2748,2288,0.012587412587412587,0.003910377580859566,0.004422139723444226,0.003715034965034963,0.0037526579199793826,0.000855464014670305
648,2748,2260,0.00823008849557522,0.004261426440134232,0.00015168954635542037,0.005663716814159291,0.006735238463156931,0.0014314631815944654
649,2748,2295,0.011503267973856207,0.003875722709067763,0.005646488943615569,0.002832244008714596,0.002089441087764943,0.0014312381614352903
650,2748,2242,0.013916146297948259,0.007032225006319832,0.006149150482352704,0.005040142729705619,0.006261688821089104,0.003127812731976709
651,2748,2286,0.013385826771653543,0.004060720125249224,0.004856293154275055,0.004199475065616797,0.0038549243532552922,0.00119180360290723
652,2748,2312,0.014013840830449827,0.004975027637200523,0.007054462080662658,0.0049307958477508625,0.0045322233445185016,0.0033187497607755005
653,2748,2258,0.009920283436669617,0.0039505383289239445,0.0038728205069957686,0.0006200177147918498,0.0009646844758977311,-0.0008061688479314126
654,2748,2315,0.008380129589632825,0.002880926027548996,0.0006904275757754357,0.0027213822894168456,0.0035798881900463643,-0.0006981912931703456
655,2748,2294,0.010723626852659108,0.005535200645096796,0.003703568870145755,0.0043156059285091525,0.0047689089175849885,0.002303118259524301
656,2748,2291,0.009864687909209949,0.0035844295750755285,0.0022805783362189348,0.004277608031427323,0.005288188986240293,0.0016230166726904122
657,2748,2292,0.011431064572425827,0.0033618645148198846,0.005898611872191003,0.004842931937172774,0.004882463017605709,0.0030872178492494418
658,2748,2293,0.009943305713039684,0.004191675570910563,0.001468265089919148,0.002267771478412559,0.0027257313621927913,-0.0011034325379944807
659,2748,2303,0.012244897959183671,0.0030632749565632374,0.0059609277934685135,0.0032566217976552317,0.004369598533256409,0.002276045150737983
660,2748,2338,0.010436270316509837,0.0040419490591709,0.005608949040252002,0.0025662959794696314,0.0035133537121702666,0.0021812051460412033
661,2748,2327,0.010227761065749892,0.0036152933083625142,0.002666729544380333,0.0024065320154705626,0.0049627873634802725,-5.455945548151948e-05
662,2748,2290,0.00838427947598253,0.004100643344045654,0.0003221372425800223,0.006113537117903928,0.006765284540525834,0.0018105739708503714
663,2748,2283,0.006920718353044239,0.0029332622169695945,0.001722615803874596,0.0016644765659220315,0.003545737688606288,0.00016839610166520655
664,2748,2302,0.008688097306689834,0.0030991921881048847,0.0020001304465472737,0.0033883579496090353,0.004231663767853079,0.0008146027735363762
665,2748,2295,0.010718954248366011,0.006068547660479206,0.004463309323616172,0.004705882352941175,0.005441611642944652,0.0028903278395455124
666,2748,2324,0.007917383820998278,0.002759678957043969,0.0012348272873609941,0.0036574870912220296,0.0027166626163744457,0.0005181954262023432
667,2748,2271,0.012329370321444294,0.00400098986102299,0.00292252041609739,0.0025539409951563187,0.00476431708057489,-0.000890650928516592
668,2748,2319,0.010694264769297109,0.002751020647560738,0.0011152875818528332,0.0027598102630444154,0.0027321729423810757,-0.0014929952843324007
669,2748,2303,0.010334346504559269,0.004440772325012982,0.0033057770293365017,0.0038645245332175416,0.005681585906345271,0.0015600561184842422
670,2748,2264,0.012367491166077736,0.00388090430168564,0.0019603224182818397,0.005786219081272084,0.0057335814898498184,0.0009374685512857526
671,2748,2273,0.007919049714034314,0.002103654898060137,0.0021758849623085244,0.0031236251649802015,0.002896810607781682,0.0004151790101280195
672,2748,2248,0.010765124555160141,0.0026291445323473766,0.0044451404571187415,0.0020462633451957283,0.0023572231285626487,0.00023264222668641538
673,2748,2295,0.007930283224400871,0.0015718059927725323,-0.00021159316741245994,0.002222222222222221,0.003683289271015554,-0.0014169977376391435
674,2748,2267,0.009263343625937361,0.0027900815277253697,0.005282939266265465,0.0008822232024702235,0.002449549997771996,0.001044676620591687
675,2748,2319,0.011729193617938765,0.0029408631510944925,0.005472420844619135,0.002156101768003449,0.0039330967189268665,0.0009830113720765404
676,2748,2321,0.013183972425678585,0.004069142532255508,0.005059385098502283,0.005557949159844894,0.006470742477786369,0.002744269488121873
677,2748,2294,0.008195292066259807,0.002072134197631959,0.001189488499007604,0.0030078465562336522,0.0032268397452294953,0.00013284979072402536
678,2748,2319,0.013540319103061664,0.005604790569093132,0.005462290869145888,0.006511427339370417,0.0059095586441514835,0.0036051657579290403
679,2748,2293,0.011949411251635412,0.006186237172976082,0.003910170251861531,0.0048408198866114254,0.004386559358402483,0.0015362776794071915
680,2748,2286,0.012948381452318457,0.0046963881878536486,0.005695141950888035,0.002143482064741906,0.0023922048705896154,0.00031566429994692744
681,2748,2294,0.013949433304272011,0.004407776616934176,0.004876288557072867,0.004141238012205753,0.0034979968570609406,0.0008580307377157838
682,2748,2315,0.005269978401727861,0.0010848259850412291,-0.003038426921869756,0.005961123110151186,0.004472344913457001,-5.550178531222244e-05
683,2748,2272,0.01232394366197183,0.004725911867209858,0.0047248244849884095,0.0045774647887323935,0.005076124447132668,0.002343564271474143
684,2748,2315,0.005615550755939523,0.00125214618305315,-0.0010045440719615938,0.0031533477321814252,0.0033490041489093268,-0.0004556039809702672
685,2748,2300,0.009130434782608693,0.0038155182831200994,0.004146015053531137,0.002521739130434782,0.004443107254420522,0.0014802949318284382
686,2748,2294,0.01255448997384481,0.005994957358148661,0.0046479903889697916,0.004620749782040104,0.004339548541149672,0.0017718301705547247
687,2748,2296,0.008797909407665503,0.003776535921677451,0.002531775219606647,0.0014372822299651552,0.0028845027666434225,-0.00017630499660964115
688,2748,2288,0.01442307692307692,0.005792385358651827,0.006914139083800438,0.005856643356643355,0.006878110446248196,0.003873834621996499
689,2748,2299,0.009047411918225313,0.0027651803152585093,0.0020827790736901884,0.0042627229230100035,0.004607850669971144,0.001099102904991815
690,2748,2293,0.012211077191452244,0.004656705002357244,0.006250266036210008,0.005625817706061927,0.0037932869774418396,0.0037568751599455492
691,2748,2308,0.010745233968804157,0.005001026398219552,0.0031943096407186264,0.005242634315424609,0.005508221100855083,0.0022251168140402706
692,2748,2290,0.012576419213973797,0.004818778872303505,0.005152926736953302,0.005240174672489081,0.005149595206188617,0.0028395196051894493
693,2748,2317,0.008977125593439791,0.003528977671786437,0.0033743635626257355,0.0018990073370738017,0.004142513221352745,0.0006367093306931257
694,2748,2318,0.009922346850733389,0.0029885866578212654,0.00230087300077156,0.0008196721311475409,0.002683610963382681,-0.001709006696973451
695,2748,2293,0.015176624509376362,0.0055555883232613415,0.006448091915979086,0.005276929786306148,0.006066953481974688,0.00268016837748927
696,2748,2302,0.010512597741094698,0.0035647459945247328,0.001858505900697803,0.004300608166811466,0.004577500386071957,0.0005675975092603026
697,2748,2263,0.013610251878038002,0.005184103417694843,0.007781071980489839,0.0033583738400353503,0.0041944085175109475,0.0026418499627743836
698,2748,2276,0.011599297012302282,0.005571339408605714,0.0037498182736332994,0.006722319859402459,0.00590385196780644,0.003513606059679922
699,2748,2289,0.009611183923110526,0.0032514897673026704,0.0029217117314817224,0.003582350371341196,0.003634069840440684,0.0009099114173209284
700,2748,2303,0.014155449413808073,0.005880769168044088,0.004294103757721874,0.004776378636561006,0.005042617953403352,0.0012277794158401221
701,2748,2302,0.010078192875760207,0.004881536335218568,0.0032991310565810322,0.0033883579496090345,0.004547888171195881,0.0011828578497726624
702,2748,2339,0.007011543394613082,0.00220410137180333,0.0008626407396769391,0.0035485250106883272,0.004544552700605097,0.0009089439212597698
703,2748,2321,0.0057733735458853925,0.0019393850032224545,0.0009869394162517204,0.0029297716501507968,0.0024516564982862703,0.0005420271498829771
704,2748,2272,0.011883802816901406,0.004403693744988982,0.003599279606786816,0.005677816901408449,0.004894792667681608,0.0021645674070253466
705,2748,2294,0.009590235396687009,0.004391811123171626,0.002995659971551163,0.002877070619006102,0.0037763317930879473,0.0008876672248979711
706,2748,2302,0.008601216333622933,0.0022615647664237463,0.00192439950523187,0.002649869678540399,0.0037868411020548563,5.134158651035534e-05
707,2748,2325,0.011956989247311827,0.004750400949602932,0.006097396301834831,0.006709677419354837,0.006290282519167587,0.004878506528889474
708,2748,2257,0.010190518387239698,0.001446499540090181,0.0012254265889118762,0.005981391227292865,0.004414720505308232,0.0010155033590374762
709,2748,2270,0.012070484581497797,0.005004851441729446,0.004455604158768633,0.004537444933920704,0.004329116116286446,0.0022099856290947774
710,2748,2293,0.010204971652856519,0.004443070266641425,0.0033645040378028086,0.002703881378107282,0.0031006450442951734,0.00012815957707139564
711,2748,2264,0.00901060070671378,0.0036553434055945763,0.0011613606446114148,0.003975265017667844,0.003718541060821258,0.00025174638790030293
712,2748,2274,0.014072119613016708,0.004626793362003754,0.005923027035210745,0.003210202286719436,0.004469273777412437,0.001386217651964589
713,2748,2302,0.011902693310165073,0.005497062551363912,0.004861536044930594,0.004344048653344916,0.004704208453107646,0.002072629798962615
714,2748,2298,0.012706701479547432,0.004930350337844633,0.0046916780355947055,0.002262837249782419,0.0025702837422020065,0.0004835195161811304
715,2748,2284,0.011208406304728543,0.005831127035272658,0.003819579736319093,0.0036777583187390535,0.005363463056081135,0.0014202543269104246
716,2748,2305,0.011019522776572666,0.004332787841712306,0.004127990979937509,0.007809110629067244,0.006358438815595609,0.004367527726784309
717,2748,2273,0.009766827980642321,0.003883566485414146,0.0018917136278271088,0.003387593488781345,0.004069189351850996,0.00020039220434987773
718,2748,2337,0.010868635002139495,0.004984905847593242,0.0038120091256055467,0.0027385537013264864,0.004981176518239849,0.0007636293277761588
719,2748,2290,0.011091703056768558,0.0037143695638183747,0.003884075381325097,0.0037117903930131003,0.0031501549134735764,0.0009566990632863077
720,2748,2309,0.012992637505413596,0.0038077970477012973,0.0058956268872858795,0.0027717626678215672,0.003447821302781112,0.0009752935891719934
721,2748,2295,0.009934640522875815,0.0029339401592343084,0.0038381898283062614,0.000566448801742919,0.002676705854573948,-0.00042935887463641783
722,2748,2302,0.014596003475238921,0.007475464703710803,0.00962473182024827,0.0036924413553431784,0.00463535678401388,0.004414449749806574
723,2748,2334,0.009940017137960581,0.003932440520117087,0.0022010380663481923,0.002570694087403598,0.0037849399819021743,-0.0004844352180725142
724,2748,2292,0.010558464223385687,0.004449305843177204,0.003186928265080499,0.00244328097731239,0.004978155994652139,0.0003297419247657048
725,2748,2311,0.012029424491562092,0.0035240327843959287,0.0046991857738354495,0.002033751622674166,0.0030725933114248666,0.0003045258909778326
726,2748,2320,0.013448275862068964,0.005110684666983194,0.00700681486190865,0.004439655172413792,0.0029125196176421975,0.0028812430271824754
727,2748,2286,0.011723534558180227,0.004385323359617321,0.0028233509446952284,0.004461942257217846,0.0033367859232370546,0.0008748740170104195
728,2748,2285,0.013041575492341355,0.005063302259154978,0.005850852536917218,0.005164113785557986,0.004252389668064419,0.0029371281864973664
729,2748,2306,0.009973980919340847,0.003880526958591037,0.0031464760541711446,0.004379878577623589,0.004956655845568293,0.0017931136953930936
730,2748,2288,0.011451048951048952,0.0046961916888271045,0.003798532947828463,0.0029720279720279715,0.004183748781751915,0.0003470194023590211
731,2748,2294,0.006625980819529206,0.0023930889879430033,0.0008207482304479136,0.0038796861377506523,0.00332696227458916,0.000849266416985422
732,2748,2285,0.013041575492341353,0.0053149204336462525,0.005768107882146832,0.006695842450765862,0.006550256095986009,0.003865090770674049
733,2748,2291,0.010126582278481011,0.0037413851238146663,0.004785120204138412,0.0017896115233522465,0.0022571463583653346,0.001158006696426797
734,2748,2319,0.015092712376024149,0.0053872589814832755,0.006506813994968864,0.00211297973264338,0.004061351190018135,0.000614890074712806
735,2748,2266,0.005913503971756396,0.0019404369451950711,-0.001891657282019788,0.0031332744924977922,0.003055076779420323,-0.0015004195725456836
736,2748,2293,0.011600523331879631,0.0027172760526759905,0.004104794405606189,0.003924989097252507,0.004028555892373969,0.0014257899304289834
737,2748,2296,0.012543554006968638,0.0037677239428559064,0.003094736295449499,0.004268292682926828,0.003630167727035226,0.0005033115926851275
738,2748,2262,0.011494252873563216,0.004657027001524655,0.003024490778451606,0.0051724137931034465,0.004886653932826349,0.0013443381451678077
739,2748,2321,0.009564842740198188,0.0024547014690505737,0.0037829759958246494,0.002024989228780697,0.0026626937730875027,0.0003574115507499264
740,2748,2269,0.014367562802996912,0.005531948255217758,0.007007496819882711,0.0031732040546496245,0.004240715839811657,0.0019148395949578415
741,2748,2299,0.012266202696824704,0.006817150649033963,0.005890612275369382,0.0060026098303610255,0.00510267862744937,0.0041940836100043824
742,2748,2298,0.011401218450826804,0.003979010412731097,0.002510329359804119,0.006440382941688423,0.004938695640546931,0.0024448119190806604
743,2748,2302,0.010165073848827104,0.0035625194335334232,0.001586780444073518,0.005430060816681145,0.005171432736773939,0.0013801600873180183
744,2748,2300,0.012173913043478257,0.004174312321045184,0.004595945602678823,0.0013478260869565209,0.0018698958282266482,-0.0004926821896693002
745,2748,2293,0.01098996947230702,0.005177202987683723,0.0038550980654573296,0.0021369385085041426,0.002890814870315661,0.0002547368968139917
746,2748,2281,0.006400701446733887,0.00288147091088693,-0.0011073343337643555,0.0005260850504164825,0.0014081146693514246,-0.0027803749720639744
747,2748,2305,0.010238611713665942,0.004612520962431624,0.0016820448362408619,0.003514099783080259,0.004952938643952331,0.0001938807169821318
748,2748,2284,0.008581436077057792,0.00389836489327327,0.0019348430985520809,0.0021453590192644476,0.003203542947330899,-0.0001582420429626813
749,2748,2328,0.014432989690721647,0.005033528248771168,0.007982061011797017,0.004295532646048109,0.006285031946428256,0.0036208885337987934
750,2748,2307,0.004334633723450367,0.0018454912536193383,-0.004487130332241918,0.0014304291287386215,0.0029682227495750205,-0.004003326454893742
751,2748,2293,0.012385521151330132,0.006047547711267375,0.003692130417493479,0.001308329699084168,0.004188004286444876,-0.0008850299432433557
752,2748,2262,0.009460654288240495,0.0035281970696174887,0.001886892091361486,0.003359858532272325,0.003635266855099478,7.347453136090776e-05
753,2748,2306,0.00901994796183868,0.002706058961897589,0.0035695031087755557,-4.33651344319175e-05,0.0014064179545720727,-0.0010451141273744434
754,2748,2320,0.01129310344827586,0.00456098396413082,0.004568337982019656,0.0035344827586206887,0.005153044360187542,0.0018994983871943227
755,2748,2300,0.007391304347826087,0.0024107640055267975,-0.0009581256182647213,0.00208695652173913,0.0031623288514980572,-0.0018822222529767108
756,2748,2281,0.016922402455063566,0.00652578136831178,0.009225901090473151,0.0035510740903112663,0.004143493037294516,0.002382833853776133
757,2748,2255,0.013215077605321507,0.004354569797197468,0.0038000577330760117,0.00514412416851441,0.0032157443309761176,0.0009972495798075093
758,2748,2288,0.01311188811188811,0.0033238166291506195,0.0033872907099152423,0.0027972027972027968,0.003960104360071943,-0.00039115086738179475
759,2748,2289,0.013805155089558757,0.005581361429087907,0.005624964442735585,0.004892966360856269,0.0054466599991581785,0.0021371898002981353
760,2748,2284,0.01401050788091068,0.005526060297860835,0.006737167014039138,0.005429071803852889,0.005521196997014157,0.0033757119504118508
761,2748,2297,0.008968219416630384,0.0033521377085573775,0.0035393229060864027,0.0018284719198955147,0.0024944606956767107,0.0005331354115324173
762,2748,2277,0.012648221343873514,0.004807038296512712,0.007215065624349509,0.0023715415019762835,0.002536030037922871,0.0016459571494935566
763,2748,2273,0.010910690717113945,0.003268095989362345,0.0030670040713011906,0.006907171139463264,0.0037447425349557716,0.0026368718683448472
764,2748,2306,0.00676496097137901,0.0012505509567190493,0.001453383975179729,-0.00021682567215958518,0.00045566585824900237,-0.001950620862357952
765,2748,2292,0.011780104712041883,0.005006496802323861,0.005424365322963049,0.006588132635253053,0.0053711410528675795,0.004309550747274027
766,2748,2305,0.008850325379609544,0.0027625277892954167,0.0023582139710237216,0.0022559652928416476,0.002449560711162046,0.00013365364838306503
767,2748,2300,0.006869565217391302,0.0021306649376253354,-0.000931685992556882,0.0045652173913043465,0.005271210913547171,1.1394029199232723e-07
768,2748,2314,0.0074330164217804645,0.0022098022560465905,-0.00021379258949352984,0.004364736387208296,0.005326927750442085,0.0005079985835617741
769,2748,2329,0.00747101760412194,0.0022168533395114337,0.0017332153769322102,0.0018462859596393294,0.0029264838377135744,-0.0001541034226298663
770,2748,2293,0.012385521151330134,0.0051843384245534516,0.005930114481063892,0.004666375926733536,0.0041354743128695646,0.0029341393738943297
771,2748,2334,0.010454155955441302,0.001956707192223398,0.004755026916264142,0.005398457583547557,0.004362676943474539,0.0034598484160764465
772,2748,2297,0.014018284719198956,0.004765460837415679,0.007998335787644289,0.004745319982585979,0.004921907773827555,0.004034980626658448
773,2748,2313,0.014007782101167312,0.005015125561490431,0.005805242714857891,0.0033722438391699094,0.00394123790297038,0.0012014864078595136
774,2748,2281,0.012538360368259532,0.005353967449740409,0.003125628668919427,0.0036825953529153873,0.003623938477301442,0.0001820048508950798
775,2748,2292,0.00863874345549738,0.003161817013299033,0.002317594851003578,0.0017888307155322848,0.002543119812335885,-0.00023021959682588636
776,2748,2300,0.014695652173913042,0.005507850443436293,0.006024846946446382,0.004956521739130432,0.005973646901494611,0.0023960918044483143
777,2748,2303,0.013026487190620929,0.0035685930770167837,0.006640403102558141,0.0023881893182805033,0.0038422645243834114,0.001458172804504691
778,2748,2297,0.011580322159338267,0.005045956333633756,0.005024676109108578,0.002176752285589899,0.005567779063758837,0.000949629826990758
779,2748,2296,0.006097560975609755,0.0021807437816968533,-0.002262630581492633,0.002395470383275261,0.0034021663735609325,-0.0023918226462537355
780,2748,2306,0.01049436253252385,0.0039046392285093487,0.0025081677780089563,0.002688638334778837,0.0025861529786290675,-8.812457355636874e-05
781,2748,2282,0.01200701139351446,0.005300019907208716,0.00665383510821831,0.003067484662576686,0.003982096898914121,0.0024715200393888564
782,2748,2325,0.015139784946236554,0.004975824130191388,0.008603240616634169,0.003913978494623656,0.0046055555497655255,0.00316767790476236
783,2748,2343,0.008023900981647458,0.0010667839095121786,0.0012189987945268091,0.002646180110968842,0.0024111853163176853,-0.00022987588059969916
784,2748,2289,0.012319790301441676,0.005798244216413032,0.0038067301924513126,0.007295762341633899,0.007302100553901466,0.0036486490742950327
785,2748,2310,0.013852813852813851,0.005367822406132709,0.006009363629017187,0.005714285714285713,0.005679923014351113,0.0031747926155164395
786,2748,2297,0.008619939050936002,0.0030301828112640253,0.0011578725880357348,0.00539834566826295,0.005948002075720888,0.0013574181634907596
787,2748,2309,0.012213079255088782,0.0037823909364799757,0.0037076073363548913,0.004287570376786487,0.0034378566052784593,0.0007543405837929821
788,2748,2312,0.011418685121107264,0.003654339870368678,0.004125984529094713,0.0011678200692041513,0.0032592168150654814,-0.00037111424297360177
789,2748,2291,0.012134439109559143,0.004804319762874678,0.00559818849212322,0.005412483631601918,0.004566206256792398,0.003162149651528097
790,2748,2314,0.010371650821089021,0.003457099261034912,0.003474387772942969,0.004494382022471908,0.004588012905883632,0.002085096131672487
791,2748,2286,0.011198600174978127,0.004296253246278002,0.004232984923965185,0.0031058617672790898,0.0043762802441893595,0.001284281959461191
792,2748,2324,0.010671256454388984,0.004285277648058358,0.0034571642944540015,0.0030120481927710836,0.0028166075321789104,0.00020787521930086064
793,2748,2298,0.014795474325500435,0.005208576167821911,0.006850617034876271,0.0017841601392515221,0.0045820816766191375,0.0007135300937389963
794,2748,2313,0.008646779074794636,0.0027563568496529146,0.0012955626056037899,0.004236921746649372,0.004541727813733258,0.0004688639346921265
795,2748,2293,0.012821631051024858,0.005341322741693413,0.0059579335791059744,0.004928041866550369,0.004720300547052934,0.003349503326799739
796,2748,2296,0.009668989547038327,0.005050070043683063,0.0033749999910985336,0.0019163763066202088,0.004907095969844719,0.00029103453794270445
797,2748,2314,0.010285220397579948,0.004951072793423543,0.002838854840758416,0.0035436473638720827,0.005184426968742735,0.0008502028671703226
798,2748,2292,0.00951134380453752,0.002052625223949744,0.001149167354472604,0.005715532286212913,0.005525753779055254,0.0014231444527250002
799,2748,2278,0.011413520632133448,0.0036907849449466738,0.0046198719647268845,0.005092186128182615,0.005077333080093873,0.002439894741003653
800,2748,2317,0.0059559775571860155,0.002605841188939472,-0.001469394141464567,0.00340958135520069,0.004573104632407885,-0.00047371420868068815
801,2748,2325,0.012731182795698924,0.0044716345634394075,0.0041054515946998375,0.004731182795698923,0.005349040742926349,0.0015937093747775458
802,2748,2320,0.009741379310344826,0.004126635735379248,0.0024598184119400714,0.00482758620689655,0.004066054818183429,0.0018298803764965675
803,2748,2321,0.009306333476949587,0.0027288024925445657,0.0019323790129082772,0.0013787160706591982,0.001593729145346553,-0.0012653707501878492
804,2748,2276,0.007381370826010544,0.0021395037138047203,0.0005879045680704847,0.005448154657293497,0.003691437325573583,0.0013604634889083623
805,2748,2310,0.008484848484848484,0.0015518402490470036,-5.0555788363899356e-05,0.005064935064935063,0.005037341002757988,0.0003479164932086334
806,2748,2308,0.008578856152512996,0.002300152747052927,0.002674050937941162,0.0035528596187175024,0.0024991448304735936,0.0010183010350160366
807,2748,2304,0.010590277777777775,0.002369218340044458,0.003398721671810388,0.0026041666666666652,0.002837850625597034,-0.00011094747574813314
808,2748,2286,0.007524059492563428,0.002966288742135889,0.0019117599489792854,0.0027121609798775146,0.0049798415232399935,0.0009125820775026904
809,2748,2332,0.012178387650085762,0.0071801052566252375,0.005425703410936626,0.003173241852487135,0.0048569204068084106,0.002123558300173969
810,2748,2267,0.011645346272606969,0.004667795332060959,0.0032564487114937536,0.0020291133656815167,0.0041010434293148835,-0.00039859957182905814
811,2748,2322,0.012316968130921617,0.005009214049763495,0.005080309184849713,0.003746770025839792,0.005232176652780068,0.0019668770069450983
812,2748,2262,0.013527851458885938,0.004741870571605222,0.005922992027123886,0.00685234305923961,0.005514996536982769,0.0038521440394293713
813,2748,2323,0.01076194575979337,0.004943807832893103,0.001034737341322504,0.004261730520878174,0.005902876992853824,-7.04232581093665e-05
814,2748,2299,0.014093083949543278,0.003935032446399917,0.005542432647541697,0.0042627229230100035,0.004119384521796238,0.0015335029047859148
815,2748,2287,0.014254481853957147,0.006229613657705784,0.00660259186945782,0.005378224748578923,0.006434442354005659,0.003692274655777538
816,2748,2284,0.00893169877408056,0.005051167145259582,0.0015710040116064532,0.0028021015761821367,0.00410251605736488,1.9098653842106782e-05
817,2748,2267,0.009086898985443315,0.004221391031788161,0.0033256924447917684,0.0038817820908689884,0.004646876726939662,0.0017993357932091323
818,2748,2305,0.009284164859002167,0.00340290301656058,0.0011419709918542595,0.0025596529284164847,0.004102497987846013,-0.0004280304160122181
819,2748,2329,0.01253756977243452,0.004619542948456505,0.004480714466085258,0.004594246457707169,0.004049810943796328,0.0016731186338588644
820,2748,2290,0.009694323144104802,0.00341374753264369,0.003508795727460531,0.004366812227074234,0.004293945780613146,0.002030562874546107
821,2748,2320,0.009310344827586204,0.004159137015961806,0.004251393780237862,0.0016379310344827574,0.0026424858930810913,0.0006299629317887519
822,2748,2302,0.007124239791485664,0.0022493049455983016,0.0011527360946350807,0.0024761077324066015,0.004611813416562171,-8.226913865341967e-05
823,2748,2296,0.009494773519163762,0.003874749270763106,0.0014910961158879292,0.0019599303135888493,0.0026997363570795034,-0.0011390103316569324
824,2748,2288,0.013811188811188809,0.00546192879389167,0.004701167788177526,0.005288461538461538,0.004508675533981422,0.0020864475741834768
825,2748,2288,0.009877622377622375,0.002834669378717215,0.002052033950521605,0.00284090909090909,0.0014333046019805846,-0.0009409253360724767
826,2748,2270,0.013127753303964757,0.004228782589195118,0.00435930457130687,0.006828193832599117,0.005169780597104537,0.0028751679227590403
827,2748,2338,0.006843455945252351,0.0034802816355161124,0.0006835311217851898,0.004491017964071854,0.006594462601616477,0.0013465056320850974
828,2748,2330,0.011416309012875533,0.003201785997992457,0.0030453539980453254,0.0036051502145922733,0.0027075137118329445,0.00031256755873470014
829,2748,2313,0.012105490704712493,0.005049943754767487,0.00738223074066324,0.004928664072632943,0.0048865428642576765,0.004534262098392325
830,2748,2300,0.00834782608695652,0.003283044848083632,0.0009323916801894198,0.002434782608695651,0.003833955414389598,-0.0007782888210160543
831,2748,2289,0.014067278287461772,0.005182331197423181,0.00418330412562885,0.0043687199650502394,0.0046821453867502225,0.0004984945105005787
832,2748,2275,0.013802197802197802,0.005682054248282452,0.0046396587288269325,0.0065494505494505485,0.005117032941791077,0.00306708528077486
833,2748,2311,0.011942881869320639,0.0060424790151714924,0.005379624190191494,0.004456945045434876,0.006195046727125,0.0028514955414575063
834,2748,2261,0.012295444493586907,0.004802731122455997,0.005468657029035081,0.0070322865988500655,0.0060032444027370456,0.004110974946209667
835,2748,2301,0.014341590612777053,0.005766430601581085,0.00543745173111542,0.004519774011299434,0.0032639560217887107,0.0018955899220474588
836,2748,2264,0.0057420494699646635,0.0014109863763473564,-0.0006128273351201115,0.001104240282685511,0.0018799673802229362,-0.0017733723918687701
837,2748,2319,0.011211729193617936,0.0033985171553317104,0.004392943290760563,0.004441569642087104,0.003709694553628224,0.002044548536211232
838,2748,2293,0.008634976013955516,0.0045920722509894115,-0.00019722396305745917,0.003139991277802005,0.004397013230369174,-0.0007816599342560575
839,2748,2289,0.01537789427697684,0.004212933613244318,0.007003340940544315,0.0042813455657492346,0.003548448055867923,0.0020430403315178144
840,2748,2305,0.015271149674620385,0.006143602304969442,0.006991977139528487,0.005206073752711496,0.005909410167894837,0.0032867305633112473
841,2748,2312,0.012716262975778544,0.0036363222693018113,0.004357356587126111,0.004325259515570934,0.004471566562804189,0.0014148001967725947
842,2748,2281,0.00920648838228847,0.004830929313595319,0.0015986439923833674,0.005436212187636999,0.004735789163626772,0.0015810732260671517
843,2748,2265,0.015011037527593819,0.007125812889108927,0.007924275554768273,0.00640176600441501,0.006094705778727879,0.004441512692891816
844,2748,2332,0.011149228130360202,0.0030618908089764182,0.0049247659733389435,0.005317324185248711,0.003957214504847563,0.0028433595836972235
845,2748,2304,0.010069444444444443,0.0037116011664688397,0.003994514575633397,0.0027777777777777775,0.003584367069259829,0.000906732983253419
846,2748,2269,0.011018069634200088,0.004092264050395843,0.003223792574019046,0.004451300132216834,0.004837085521417485,0.001290167972448246
847,2748,2281,0.0131521262604121,0.004120249758948423,0.005467137478238556,0.0024989039894782973,0.0030532766214127426,0.0006755442269969366
848,2748,2300,0.012173913043478259,0.003018568339706163,0.0027755810546954544,0.005086956521739129,0.005391087522285994,0.0010902548318721384
849,2748,2307,0.01404421326397919,0.005804005621234419,0.0074085810011773395,0.006805374945817078,0.00587876079416847,0.004907425199505676
850,2748,2252,0.012699822380106569,0.004545050352915991,0.0064401604654989765,0.0047069271758436925,0.003440558592033172,0.0032234359936742394
851,2748,2279,0.016147433084686264,0.004737592843789839,0.007122889434624147,0.005177709521720052,0.004361837270907054,0.002694580053583414
852,2748,2311,0.011683254002596278,0.004807885080731272,0.00511446408199818,0.005019472090004326,0.004415294807621815,0.003135408570190353
853,2748,2302,0.009643788010425714,0.003957798563806461,0.0026306378363186358,0.0027367506516072977,0.005156241841120667,0.0005692157555081823
854,2748,2330,0.010300429184549357,0.003952028402796795,0.0034627504806092357,0.005622317596566523,0.005342169665836759,0.0026909287999288007
855,2748,2323,0.013689195006457164,0.005064383770229475,0.006156859339309272,0.004347826086956521,0.005029757733034125,0.00259917335599941
856,2748,2290,0.01318777292576419,0.005141910773693618,0.006645524320828548,0.004847161572052401,0.004969411414389621,0.003335678186365157
857,2748,2275,0.008615384615384613,0.0037880197444252013,0.0017334669526197879,0.00013186813186813034,0.001913940058986052,-0.002099024296798601
858,2748,2284,0.007705779334500874,0.0020872840472468913,-0.0003734582695445823,0.004115586690017513,0.0039795872834507496,-0.0005506097087831365
859,2748,2294,0.01229293809938971,0.0044188587739573066,0.004086539841282057,0.004620749782040104,0.004770933271071209,0.0017437578886153888
860,2748,2328,0.01451890034364261,0.004845994712599985,0.006966302630231435,0.005240549828178692,0.0044006850916606275,0.0029159031975699076
861,2748,2286,0.014873140857392823,0.005013361640052986,0.00830410091712051,0.004418197725284338,0.003500906174839412,0.0033506631844366238
862,2748,2306,0.014223764093668689,0.00312205985687497,0.005823933363441586,0.0066782307025151765,0.0047762534082328445,0.0034634175376423316
863,2748,2317,0.01173931808372896,0.005106150155790969,0.007127107850866378,0.003236944324557616,0.004833488261680313,0.003224965627581109
864,2748,2319,0.013712807244501938,0.0034416112895310803,0.002762147180888693,0.003924105217766277,0.00450038747223011,-0.0007867228931535323
865,2748,2279,0.012812637121544535,0.005526049964564326,0.006554721372883622,0.004958315050460726,0.004279676665478663,0.003547109442311035
866,2748,2324,0.00912220309810671,0.0031219904361672493,0.002536593603469412,0.0002581755593803774,0.002774484644704863,-0.0013288072897901717
867,2748,2274,0.010993843447669302,0.004812863736433114,0.0036983811830624508,0.0028144239226033413,0.0029184970343240557,0.0005556244590517389
868,2748,2274,0.009674582233948986,0.0033926230338256467,0.0033254876493265893,0.0037818821459982385,0.004722696531088276,0.0016268619931548173
869,2748,2321,0.00973718224903059,0.001259121711044902,0.0004952983880927927,0.006764325721671692,0.0057206450557640755,0.0016060107127074288
870,2748,2297,0.012102742707879843,0.004398877576095465,0.004050437436097374,0.0019590770570309087,0.00473086855214525,-0.00028000234259429864
871,2748,2305,0.008763557483731017,0.0037950572667862052,0.0016344906382405942,0.00477223427331887,0.004306724447062508,0.0013732951247214947
872,2748,2335,0.012162740899357599,0.004251314362386094,0.0039485711820531,0.003982869379014988,0.005392548461001828,0.0011586020603347531
873,2748,2296,0.010017421602787456,0.003747518548248871,0.004830255967987607,0.0034407665505226457,0.004598085808227188,0.002246228805991463
874,2748,2284,0.007880910683012258,0.002198310508258414,-0.0003875877698676881,0.0028021015761821354,0.002598069404161944,-0.0016658314151636565
875,2748,2289,0.010048055919615549,0.0031886284610168794,0.002269273550869771,0.005679335954565311,0.00450737448750109,0.0021272968077914512
876,2748,2328,0.012457044673539516,0.0037737132685370994,0.003790895393816267,0.0037800687285223355,0.0023110759893524026,0.00040465149487126274
877,2748,2313,0.015650670125378293,0.0068488322350842065,0.007959677954375518,0.0038478166882836137,0.004943041180425869,0.0029113568132236563
878,2748,2308,0.009618717504332753,0.0026659617820388847,0.002795573848837453,0.004506065857885614,0.004738512541940653,0.0014100738422396259
879,2748,2282,0.011305872042068359,0.0032449189310987396,0.003087380221815238,0.004163014899211216,0.005296109468961791,0.0011230974901652545
880,2748,2301,0.009647979139504562,0.002867701407946301,0.004241411316260988,0.004259017818339851,0.0036492781421335425,0.0022594463794640383
881,2748,2297,0.009838920330866346,0.003197457377191068,0.0024970928357573555,0.005920766216804527,0.005607065625814648,0.002503329599210287
882,2748,2289,0.012494539100043686,0.004426432231598224,0.005226879321603385,0.0037570991699432056,0.0031851978558617273,0.001465087076942443
883,2748,2323,0.01102023245802841,0.0027169533657768604,0.002669271331309084,0.0026689625484287547,0.0030360531999429155,-0.0005927670010787591
884,2748,2289,0.012494539100043684,0.005564964744835315,0.005329956517241378,0.004630843162953254,0.005783697064092158,0.0022364179451486938
885,2748,2283,0.01480508103372755,0.0038886821415950873,0.006108997994709382,0.004292597459483136,0.005320196130959049,0.0022369843978400136
886,2748,2312,0.014532871972318336,0.005793038887560332,0.0068050994448727534,0.005363321799307958,0.006428913770934123,0.003077504756964239
887,2748,2295,0.010108932461873636,0.0029070592494061537,0.0020403388908581707,0.0005228758169934636,0.0019447451873398993,-0.0021568533509510003
888,2748,2291,0.009166302924487122,0.002171579027884976,0.002163020069038043,0.00458315146224356,0.003905667304271441,0.0015034981007310518
889,2748,2271,0.011712901805372081,0.0033015086921498156,0.004332401745658866,0.006913254073095552,0.004653784159327636,0.0034272149319622765
890,2748,2288,0.010576923076923076,0.0030054350326443003,0.0035172472851762674,0.0035839160839160828,0.004212151161100756,0.001171591957467535
891,2748,2308,0.01117850953206239,0.0033892134704907153,0.0027510938621231134,0.004506065857885613,0.0050629580247553135,0.0009693433630064674
892,2748,2277,0.008695652173913042,0.003572626101099548,0.00016222542508042732,0.0025911286780851994,0.00367215394337949,-0.0007042571891854845
893,2748,2306,0.009106678230702514,0.0021915108607923964,0.0016996618558918846,0.0032523850823937554,0.003405323559030742,-2.0056499405443434e-05
894,2748,2287,0.008570179274158285,0.0011046430158655602,0.0019800983045413258,0.0021425448185395705,0.0021361381409682138,-0.0006269875399239781
895,2748,2297,0.009838920330866347,0.0060823660562564575,0.0030024843146247834,0.00021767522855898903,0.0038351504306881608,-0.0010385073950903623
896,2748,2282,0.011831726555652934,0.003671966830322289,0.003941126747876217,0.0039000876424189292,0.004925504020246367,0.001187666751496195
897,2748,2282,0.012708150744960558,0.0052468128513773245,0.004749039231035514,0.005959684487291849,0.006294746468630195,0.003130842255311108
898,2748,2291,0.012221737232649499,0.005231737403893111,0.004533824179537891,0.004146660846791792,0.005378607724239578,0.0016371135921760575
899,2748,2288,0.010139860139860138,0.005716142442544673,0.002728348398858271,0.003977272727272727,0.005063631465771701,0.0014449090420048999
900,2748,2291,0.00960279353993889,0.003675933566155609,0.0019995508372642177,0.0009166302924487124,0.0040422278092942885,-0.0013162982099633395
901,2748,2320,0.009482758620689652,0.004894473174238164,0.0020902794290312064,0.002974137931034482,0.005792119809588086,0.0006990573693968679
902,2748,2257,0.011696942844483827,0.0033996423619424235,0.00456122034881147,0.00026583961010190435,0.002299033448962068,-0.000980928447810212
903,2748,2268,0.011463844797178128,0.005918418798068217,0.004707038644060203,0.0037477954144620805,0.005259054351487157,0.0020761161844504777
904,2748,2305,0.010325379609544468,0.004111727017384656,0.002062472931574085,0.0028199566160520594,0.002619355078147631,-0.0005814021653153946
905,2748,2318,0.009836065573770491,0.0032672845093909744,0.0033582218140511427,0.004874892148403796,0.005403650949031643,0.00222059104004664
906,2748,2301,0.010864841373315946,0.004517320011452239,0.0016899121267739835,0.004519774011299434,0.0047832356023437975,0.0005825876017959639
907,2748,2299,0.011483253588516746,0.004532494255977388,0.005746607778326158,0.002696824706394084,0.0027236908840877305,0.001594801392971698
908,2748,2301,0.00895262929161234,0.004120852093425348,0.0017062585415888731,0.0057366362451108195,0.005889624190755955,0.0019235547712268116
909,2748,2292,0.012914485165794064,0.005585244086783481,0.003967378565964092,0.0053664921465968575,0.005509477234789243,0.0018213427935237574
910,2748,2272,0.011443661971830983,0.005206423890545294,0.004300466597453364,0.0043133802816901394,0.004209906743116545,0.0017800057614757736
911,2748,2338,0.016595380667236953,0.006024464775267267,0.00871742120234552,0.004319931565440547,0.0059477249434900644,0.0033074012603261883
912,2748,2276,0.009929701230228469,0.005011414564122541,0.003583341672228232,0.0030316344463971866,0.0042409670430022485,0.0009996445398727785
913,2748,2284,0.012171628721541155,0.004767900327984553,0.0033722633188059846,0.005341506129597197,0.004557001434320349,0.0018473741942214394
914,2748,2280,0.010614035087719296,0.0039980448695926315,0.0034672086677891793,0.003684210526315789,0.005272175309406382,0.001265161841795604
915,2748,2262,0.011405835543766576,0.0042026023397599,0.003075482312420532,0.007427055702917771,0.00678808557658808,0.0032712989914199598
916,2748,2314,0.009680207433016421,0.0037492947884291473,0.0031556008282403116,0.005142610198789973,0.005185585964116013,0.0018469920541228906
917,2748,2308,0.006845753899480068,0.0008712937985363089,-0.0003316951214442669,0.0033362218370883876,0.002959071701587005,-0.0004989056619114752
918,2748,2312,0.005103806228373701,0.0022107481066956504,-0.001314165696103415,0.0011678200692041513,0.0027035365271337766,-0.0016146152944397914
919,2748,2280,0.012807017543859647,0.005023480073037526,0.004105800571471149,0.005614035087719297,0.0043400667961553275,0.002166801238424622
920,2748,2314,0.010458081244598096,0.003018588945123674,0.0012722770769376351,0.0036300777873811566,0.003396637378528283,-0.0005509349243096244
921,2748,2277,0.012296881862099252,0.0038177620516833322,0.0065320446725453925,0.0010979358805445752,0.002028884230153119,0.000577332890567256
922,2748,2306,0.015091066782307023,0.006393120240208978,0.007497582862296872,0.003686036426712922,0.004836826486962611,0.002191963478509583
923,2748,2290,0.007685589519650653,0.003680514577279851,0.0017761956091398683,0.002576419213973798,0.003296577860401855,-4.4262718057019915e-05
924,2748,2312,0.013927335640138407,0.004673308949265721,0.0047708158544132176,0.002508650519031141,0.004003400893983897,-0.0002222795184225015
925,2748,2294,0.01220575414123801,0.0053122919481168145,0.0038686089053627313,0.003095030514385353,0.004807941828087186,0.0002458217743238426
926,2748,2313,0.011327280587980977,0.004556372691095404,0.0038414812352973613,0.00488543017725897,0.00457447700254041,0.002138068425227512
927,2748,2326,0.011435941530524504,0.00505715284135034,0.003295472989075512,0.0026655202063628537,0.004038268105890294,-0.00014940148783937774
928,2748,2291,0.008817110432125708,0.004143178352483411,0.004116387826511561,0.004146660846791792,0.004426741773672526,0.0028981186642371
929,2748,2277,0.008519982433025909,0.004204683434765499,0.0026844064336659103,0.0014492753623188397,0.00255210046678982,-0.0001379676284790097
930,2748,2305,0.01301518438177874,0.004526252605929001,0.005581499998392599,0.004728850325379609,0.005292469689740844,0.0023890352847045055
931,2748,2307,0.01664499349804941,0.007582065053910483,0.008148356574213872,0.005765062852188989,0.006047754555229057,0.004177380298140085
932,2748,2284,0.010157618213660242,0.0044899134690457405,0.0030853419724449125,0.0017513134851138345,0.0034617577945008425,-4.15995613517721e-05
933,2748,2291,0.010999563509384547,0.0030128010781622317,0.0029811386532643943,0.003972064600611086,0.005439478078832278,0.0011664863015815002
934,2748,2280,0.011140350877192982,0.006473849859003162,0.005349804126312876,0.0026315789473684197,0.0028700112222174914,0.001671057913115678
935,2748,2314,0.010544511668107171,0.005399005228012085,0.002329931011943655,0.002117545375972341,0.0028743651530628257,-0.0011492668805619134
936,2748,2276,0.011599297012302284,0.004599925934235593,0.0037818357877845254,0.005140597539543056,0.004841908586181454,0.002232675007997278
937,2748,2284,0.005253940455341505,0.0027514713658705887,-0.0008964511058867923,0.0021891418563922934,0.0029835993978873355,-0.0010323094574641095
938,2748,2259,0.006640106241699865,0.0022026357924200875,-0.0008577455222881949,0.0020362992474546255,0.004415231772259422,-0.0013053520432858847
939,2748,2282,0.011130587204206835,0.004877811833280829,0.002985317969053912,0.0014022787028921983,0.0029953043529314634,-0.0008524434577981509
940,2748,2276,0.010896309314586993,0.0041026069854783985,0.00314272436911268,0.004525483304042177,0.005081482426704539,0.0012075393957385314
941,2748,2295,0.009847494553376903,0.005303354843788985,0.004516220033065918,0.0033115468409586034,0.004298128237959828,0.002076851339695731
942,2748,2288,0.01075174825174825,0.005349137202765764,0.0023882810177156028,0.005506993006993004,0.006817244840240223,0.0018876836659813664
943,2748,2294,0.01272885789014821,0.00438108788788446,0.005467121699560352,0.0070183086312118545,0.006711936388174735,0.0040338159385296165
944,2748,2296,0.012108013937282227,0.004525378687588119,0.004979602884094481,0.0031794425087108007,0.0033483250316217314,0.0012159237256504894
945,2748,2281,0.010346339324857515,0.004101188384583885,0.0031824915427394085,0.002455063568610257,0.003348259031845992,-0.00011310976167483797
946,2748,2318,0.012251941328731662,0.004055976427786621,0.0037728753719235395,0.0034943917169974097,0.004064868532417527,0.0004893441742845894
947,2748,2322,0.011800172265288542,0.0036619267134134228,0.004038934587800733,0.0031869078380706273,0.0036189294961702038,0.0006918977304771638
948,2748,2320,0.009137931034482757,0.0027745895962694857,0.0019102298037139494,0.0009051724137931025,0.0016310058228083035,-0.0015903986343352818
949,2748,2255,0.012416851441241685,0.003913045999182953,0.004562807276833171,0.0036807095343680696,0.004954043110322749,0.001311710813358017
950,2748,2334,0.010796915167095114,0.004469857247253174,0.0035399961734456833,0.003213367609254497,0.003160477534167444,0.0009006729778460313
951,2748,2314,0.010544511668107171,0.003368203709021514,0.0037419431648571307,0.004364736387208297,0.0046925001485135925,0.001840905920547692
952,2748,2286,0.006911636045494311,0.002484223832214052,-0.0006169716557273938,0.0014435695538057738,0.0032429812913302145,-0.002038534034363264
953,2748,2258,0.011160318866253321,0.004506850044768457,0.004342381203654644,0.0030558015943312655,0.004068515231765671,0.0012356014761657295
954,2748,2327,0.009798023205844433,0.002338801773957518,3.766532147304529e-05,0.003867640739149119,0.003862925634788005,-0.0009852117050573265
955,2748,2305,0.013969631236442515,0.005413156099677235,0.00587937522262678,0.0047288503253796075,0.0038339823392748848,0.002101356803305978
956,2748,2292,0.010994764397905758,0.004777858990975998,0.0029992612369715557,0.004101221640488654,0.004186019806622413,0.001102264069739559
957,2748,2300,0.011043478260869563,0.0037694297665513857,0.004768000366668063,0.0013478260869565209,0.0019384390820615023,0.00017081460975502754
958,2748,2262,0.011847922192749778,0.00450970726528811,0.004934481080433628,0.0047745358090185664,0.004750403714741106,0.002496217848308131
959,2748,2300,0.010173913043478259,0.00411405861627993,0.0011431899638133652,0.003956521739130434,0.004378933177183312,-0.0002338659579956723
960,2748,2314,0.007865168539325841,0.0025561777414881068,0.0008209739810425604,0.00393258426966292,0.003962316430431877,0.0002522606251630195
961,2748,2285,0.015929978118161926,0.005605965662943755,0.00673401778921556,0.0031072210065645504,0.004724677242160713,0.0010975885822622263
962,2748,2271,0.00792602377807133,0.0029186625206543784,0.0005946785733527875,0.0020695728753852916,0.0012673164722654434,-0.0014739857205392107
963,2748,2253,0.009675987572126054,0.0032274190921611334,0.0029980064868976542,0.005370616955170882,0.004762618324355931,0.002324720706663025
964,2748,2331,0.00978120978120978,0.004731319263098052,0.0027028310045518695,0.003946803946803945,0.005625283125760521,0.0016214337221589351
965,2748,2319,0.01561017680034497,0.006093252041060949,0.00841966961873981,0.005648986632169038,0.006674558408675303,0.004534011502839691
966,2748,2285,0.011378555798687089,0.00370141202573414,0.005002702673695328,0.004507658643326038,0.003754870791889147,0.0022558631593721213
967,2748,2257,0.010544971200708905,0.004540411286339985,0.002906306923859448,0.0036774479397430203,0.0044118080242861145,0.0008517208539793655
968,2748,2314,0.013656006914433878,0.005309208674278304,0.005660707131714958,0.006395851339671564,0.0051902008614777275,0.0034158002023344583
969,2748,2264,0.008215547703180212,0.0017793384548551224,0.0011779642866393636,0.0033127208480565364,0.003737498375387689,0.0002124186791396267
970,2748,2335,0.013704496788008563,0.005190488668402983,0.006111428345018288,0.0031263383297644525,0.0031902972886090207,0.001291334305762788
971,2748,2297,0.013844144536351763,0.0062457008426228,0.006891458534224765,0.004875925119721375,0.005334949591669444,0.003406451490117775
972,2748,2327,0.010141813493768798,0.002222277525286644,0.0003842735028311421,0.006746884400515685,0.0037642679637819223,0.0008820178056981694
973,2748,2313,0.011846087332468655,0.003809524961654131,0.005272822831869895,0.004366623432771291,0.004408215471801465,0.0024904005394564225
974,2748,2280,0.0066666666666666645,0.0013017932861542475,0.00035661159268812775,0.0023245614035087704,0.0028153492026682463,-0.0003635661799426444
975,2748,2283,0.010512483574244414,0.0035852559990770293,0.0023610301700806905,0.0019710906701708272,0.003558213658922157,-0.000692477148140337
976,2748,2321,0.006721240844463593,0.002600110076602354,-0.0002802094166841238,0.0024127531236535957,0.0015412231607925334,-0.0014478673073840306
977,2748,2324,0.010585197934595522,0.0013523375480146422,0.004041073069050203,0.0035283993115318405,0.0034324417360218577,0.0010867977567574892
978,2748,2293,0.010641081552551241,0.0031396664425313078,0.0018280407437106826,0.0010466637592673345,0.0030302479984713154,-0.002175160462620753
979,2748,2277,0.0103645147123408,0.003981340030397883,0.002715637707403843,0.0032498902064119445,0.0042561017327517,0.000426555213439454
980,2748,2304,0.006770833333333332,0.0020708850425108527,-0.0009516712001616623,0.004123263888888887,0.00414927189712737,-0.0003452354502060157
981,2748,2317,0.00949503668536901,0.003759949177883892,0.00016506408871608833,0.005222270176952955,0.005425924453703492,0.0003428564257911084
982,2748,2326,0.013671539122957864,0.00463437870908622,0.005554063516141028,0.00464316423043852,0.0039335979473165365,0.0020410169616966356
983,2748,2335,0.016873661670235542,0.006976806064612866,0.009394329689690784,0.007665952890792291,0.007401223321508111,0.006133835111685072
984,2748,2285,0.00910284463894967,0.0020391087157559024,0.003858716225597216,0.003894967177242888,0.0040818843035394054,0.0021671878878204306
985,2748,2251,0.011816970235450908,0.0033307649846361126,0.003541318844078709,0.004264771212794312,0.0035090758119352586,0.0012034930762921095
986,2748,2288,0.01704545454545454,0.005512313689918437,0.007693780686054104,0.004458041958041956,0.004607607112257397,0.0019590685029638555
987,2748,2306,0.012836079791847354,0.005247577128885314,0.005873251629288774,0.0015177797051170849,0.0036148931610014944,0.00042707512884333483
988,2748,2293,0.010292193632795463,0.0032109564646302506,0.001156251779693023,0.0054949847361535084,0.005768722376610928,0.0008592522117923849
989,2748,2272,0.013204225352112674,0.006119764917969101,0.005624434445417948,0.005105633802816901,0.0048237594323835,0.002769571383170648
990,2748,2296,0.009668989547038327,0.002577569093212188,0.0014136902137734052,0.006576655052264807,0.005042567653494044,0.0017408871300625419
991,2748,2311,0.010471657291215922,0.004236335586338185,0.002341423379558572,0.00510601471224578,0.0045058530482629,0.0015469349069045359
992,2748,2291,0.011872544740288081,0.0039936126745376745,0.005559050774783457,0.002531645569620252,0.0031132333603966942,0.0014419103208733147
993,2748,2313,0.012019022913964547,0.0019760255107361133,0.003912737486144651,0.007565931690445307,0.00459776454643621,0.00336172876525358
994,2748,2279,0.012461605967529616,0.00480728074124572,0.006499169591071461,0.00021939447125932416,0.0014691727759776718,-0.00034940202768375564
995,2748,2298,0.009051348999129677,0.002312827590770654,0.0032687838553210223,0.001740644038294168,0.00293755725247661,7.214207101138545e-05
996,2748,2227,0.01104625056129322,0.0036112954873113666,0.0042323783936455755,0.0026493039964077232,0.0031171105161266633,0.0005152552315199835
997,2748,2296,0.014372822299651568,0.005003957505617754,0.006080658733946999,0.0042247386759581874,0.004172557211780294,0.0017097460739855085
998,2748,2283,0.009110819097678491,0.004964034591793978,0.003900037681477315,0.004643013578624616,0.005954256535894074,0.0030164767213615527
999,2748,2272,0.009947183098591548,0.0041566025530947025,0.0015606822427598542,0.00550176056338028,0.004735246376529737,0.001423223456790225
1000,2748,2304,0.010156249999999999,0.0029073448789007743,0.0026332822554172475,0.0035156249999999984,0.005408751368570361,0.0004993847120628509
1001,2748,2274,0.01372031662269129,0.0057570103215987024,0.0066964696024390275,0.0037818821459982394,0.005142994833817647,0.0022594012543105516
1002,2748,2269,0.01639488761568973,0.007137901920874874,0.005935013527629817,0.008329660643455266,0.007972581925631751,0.004342116750065393
1003,2748,2317,0.013465688390159688,0.0054650373132197234,0.005940133880193127,0.005438066465256796,0.004970286284101373,0.002799773103967682
1004,2748,2305,0.007462039045553144,0.003189037993073858,0.0009812249824591264,0.004338394793926246,0.004201130075687578,0.0012270744621015442
1005,2748,2264,0.013780918727915193,0.005437117379700905,0.00446865246441544,0.005300353356890458,0.0037433690209747153,0.0017152671800510994
1006,2748,2308,0.0072790294627383,0.003146060117265557,-3.823088141562262e-05,0.005719237435008665,0.005165405260440058,0.001430135039644364
1007,2748,2292,0.009424083769633506,0.0019469971285329402,0.001369667496875024,0.0034467713787085506,0.004781506827121548,-0.0002446870631983583
1008,2748,2307,0.005114867793671434,0.0019646964343683583,-1.29914255253428e-05,0.0018205461638491544,0.002256713363267363,-0.0008854719784759439
1009,2748,2301,0.00973489787049109,0.0026468539765258964,0.0029931389758520344,0.003520208604954367,0.0027280129789162147,0.0005774952457808682
1010,2748,2309,0.01177999133824166,0.003926716036495724,0.004272700547485721,0.00437418796015591,0.0028917733838512063,0.001584943142587334
1011,2748,2297,0.009664780148019154,0.003098609267996492,0.002484358832764729,0.002002612102742707,0.0021086409312625295,-0.0006401894048541975
1012,2748,2270,0.009339207048458148,0.0031825279728911427,0.0012529244425912094,0.005374449339207048,0.004077390045654488,0.001240920295310315
1013,2748,2269,0.008197443807844863,0.003137735323974296,0.001801579335610102,0.004451300132216835,0.0034407952086768865,0.0012708894308196838
1014,2748,2313,0.013056636402939904,0.0047559889132071315,0.007360311505277926,0.0038045827929096407,0.004748898608269594,0.003328615046647326
1015,2748,2280,0.012368421052631577,0.004496316826221328,0.007461427102737942,0.0031578947368421043,0.0030128006519337894,0.002959063191293412
1016,2748,2285,0.012078774617067831,0.003390961182314496,0.0017149235582028146,0.0032385120350109397,0.0036834248310538085,-0.0010434021266031623
1017,2748,2301,0.008344198174706646,0.0025370532853209236,0.0010034440268939357,0.004867448935245545,0.004302163324770377,0.0008941910041307959
1018,2748,2271,0.014619110523998237,0.00574679461894258,0.008077853255620122,0.001893439013650373,0.002409498684373893,0.0018721412616969407
1019,2748,2306,0.009366869037294015,0.002270427544696691,0.000470214115218915,0.003339115351257588,0.003296922656709337,-0.0009770152923354147
1020,2748,2244,0.00784313725490196,0.002609457256414394,0.0010791551929571802,0.0021836007130124767,0.00410480410520677,-0.0003985482061829434
1021,2748,2283,0.010600087604029784,0.004480817616001184,0.001500776018238465,0.0038545773105562843,0.0034336114379872294,-1.9794155226272117e-05
1022,2748,2299,0.008351457155284904,0.0033989901365468994,0.0014811221823465787,0.003914745541539799,0.004783141203118193,0.0007118965818838585
1023,2748,2345,0.011513859275053304,0.004335528473815921,0.0065246897548979004,0.0031982942430703615,0.002813398966279053,0.0026410614697438
1024,2748,2297,0.014018284719198953,0.0045883011896902665,0.006612117074657517,0.0026121027427078785,0.004036652432624037,0.0008749805843432368
1025,2748,2298,0.007832898172323759,0.00403066821739909,0.0020250192287308106,-0.00034812880765883435,0.0035310928652387465,-0.0016543605169700225
1026,2748,2292,0.010296684118673644,0.002743858783702982,0.0011054783407219754,0.005541012216404885,0.006018035801988061,0.001038854647696162
1027,2748,2288,0.010839160839160839,0.004147622486136019,0.0019150443093768094,0.002316433566433565,0.003197552912454942,-0.0008583492958432269
1028,2748,2283,0.007446342531756459,0.0029344153531150443,0.0017896846147151515,0.0021462987297415676,0.0030875901317897712,-0.00023837729256144364
1029,2748,2311,0.007442665512765035,0.0016354125231497281,0.0017317241611237166,0.003072263089571613,0.003878237268133246,0.0006691531867526225
1030,2748,2302,0.015291051259774105,0.005641751719765322,0.007074816238034669,0.004735013032145959,0.0051549431657452955,0.0026648188609693316
1031,2748,2314,0.009939498703543645,0.0022371907631747166,0.0022710224973848166,0.004537597234226447,0.0037165327745822146,0.0010660954595696653
1032,2748,2322,0.013264427217915589,0.004472056661106924,0.0061486605141382045,0.003919035314384151,0.004499221324061705,0.0022220070285974385
1033,2748,2314,0.010630942091616247,0.003153061689152027,0.0032603107188563627,0.0035868625756266194,0.002630605761269104,0.0006484033194297796
1034,2748,2274,0.010026385224274405,0.0034612506524108067,0.004208800475682751,0.0036059806508355304,0.0032984815761641405,0.0019360772152605746
1035,2748,2315,0.009762419006479481,0.0030920205139112,0.0018542520958328799,0.0027213822894168456,0.0027708680889160808,-0.00018737401418659688
1036,2748,2300,0.012086956521739127,0.005485915145372989,0.002523248874707746,0.0028695652173913034,0.006039018588320448,-9.783432033838966e-05
1037,2748,2355,0.008747346072186834,0.0024123728424067215,0.0022607403585336912,0.005817409766454351,0.004321335437285073,0.002352518486576334
1038,2748,2298,0.011923411662315055,0.004752607260235523,0.0038624180280522344,0.003959965187119233,0.00530245129193563,0.0010641184423176562
1039,2748,2249,0.009782125389061804,0.0047763209482928936,-0.00018085937020787378,0.0024010671409515323,0.0050034257351993395,-0.001605592759373786
1040,2748,2253,0.010297381269418551,0.003832692301308389,0.0033556259594317056,0.003950288504216598,0.004422230365442672,0.0014010978550977314
1041,2748,2301,0.01182094741416775,0.004680700978820714,0.005447014425032138,0.003563667970447631,0.003226175649168262,0.001846459797097175
1042,2748,2287,0.009269785745518145,0.0039719099196304794,0.002771103604496925,0.00314822912111937,0.002453878838337806,0.000627053850997486
1043,2748,2279,0.008512505484861781,0.003605975293319399,-2.2460463514410852e-05,0.0015796401930671343,0.002261224092825167,-0.0024001598556119444
1044,2748,2293,0.009507195813344962,0.0035736044031977206,0.0024977528666001473,0.0045355429568251174,0.0047145956996575205,0.001388666562905703
1045,2748,2282,0.01270815074496056,0.005432827455603455,0.004346050837265402,0.0056529360210341795,0.007068595938636263,0.0024797544121307642
1046,2748,2292,0.008726003490401394,0.0030475778997851775,0.0027019051196020853,0.002661431064572425,0.0024699458639397837,0.00037588152810550383
1047,2748,2270,0.012951541850220261,0.00488669336871338,0.00602340598839,0.0035682819383259902,0.004732027578633093,0.0020362107340702266
1048,2748,2335,0.009678800856531047,0.002030957170561859,0.00408555893304055,0.0018843683083511768,0.0035322166849226476,0.0004152532783828702
1049,2748,2260,0.009823008849557521,0.004924323935950016,0.0010855313772283885,0.0033185840707964584,0.005591262442436699,-0.00021775343075876785
1050,2748,2299,0.012179208351457154,0.003377332462270343,0.0021763697313555127,0.006350587211831229,0.00570700728413521,0.0015786719125389492
1051,2748,2251,0.009951132829853396,0.0033977280104581053,0.0019770838465186496,0.004442470013327407,0.005039293387155036,0.0008822970476769335
1052,2748,2336,0.01232876712328767,0.005381008512623147,0.004747979813982817,0.0028681506849315063,0.003458657760052502,0.0008880255989585859
1053,2748,2314,0.010458081244598095,0.003401328226179274,0.002397614147825512,0.004926534140017285,0.00430867541661876,0.001073119659114732
1054,2748,2293,0.007501090274749235,0.002282515936028653,-0.0008010496212340972,0.0030091583078935883,0.004605206055253582,-0.0010063246181155402
1055,2748,2317,0.008977125593439791,0.00236951208303034,0.0027797429350365243,0.004229607250755285,0.0038470643995478725,0.0011499331985298802
1056,2748,2298,0.013054830287206266,0.004589502779425327,0.00450372022750025,0.005526544821583986,0.006976571164714169,0.002739885989919525
1057,2748,2292,0.008376963350785338,0.003051739634825718,0.0010879300723309188,0.0029232111692844664,0.003814874865224296,-0.0003262126463536817
1058,2748,2279,0.010267661254936375,0.0040409807827733405,0.0031596148561734033,0.005397103992979375,0.004147842196355657,0.0022479686917808057
1059,2748,2297,0.009490639965171962,0.0036896286717268906,0.002099981944233279,0.0018720069656073134,0.0036373321290228524,-0.0007174497949383812
1060,2748,2288,0.009090909090909089,0.0037863368337572516,0.0030170602611914936,0.0026223776223776207,0.0038693253333094836,0.0008616487242974412
1061,2748,2292,0.010558464223385687,0.004337488293287221,0.0036016334581500855,0.0035776614310645714,0.004492829874905599,0.0014470357177471921
1062,2748,2296,0.012543554006968638,0.004518286344705861,0.006935899676526394,0.0044860627177700325,0.004833930066009443,0.0034410164164176285
1063,2748,2291,0.008729812309035356,0.0032113553975713,0.002892934903667863,0.002269751200349192,0.003568081932895838,0.0005069363435177953
1064,2748,2288,0.012237762237762236,0.004448984367986723,0.005229460669535864,0.0009178321678321669,0.0033104545010199707,-0.00019637909725848344
1065,2748,2281,0.011749232792634809,0.004083472066951915,0.0025482521189478056,0.002498903989478298,0.004700542913945058,-0.0007608263762314456
1066,2748,2298,0.012967798085291556,0.0053890880807127926,0.004667127382434991,0.0061792863359442975,0.0056106558598850555,0.0030973911565728017
1067,2748,2315,0.01468682505399568,0.006966138195477946,0.0061215105314316185,0.0024622030237580993,0.004887368148952151,0.000944183000530873
1068,2748,2329,0.01296693860025762,0.004878841384012881,0.003416082568282174,0.00313439244310863,0.0029184960432530813,-0.00010031183531692989
1069,2748,2317,0.010185584807941302,0.004247481830667885,0.0034861017587825885,0.0036685369011652982,0.004860314780733388,0.0013180794738850278
1070,2748,2285,0.01286652078774617,0.00318897720170279,0.0051256303203425875,0.005689277899343544,0.005658347218755987,0.0029085716904270024
1071,2748,2304,0.007899305555555555,0.0024043570541088057,0.0018666707685336588,0.0039062499999999983,0.004238122170632511,0.0010505602232085687
1072,2748,2262,0.010610079575596815,0.004296584447603672,0.005292339664273708,0.0029177718832891237,0.002535680201596778,0.0017938930818504925
1073,2748,2325,0.008602150537634407,0.002476991285450277,0.0012828534484082624,0.0030967741935483866,0.002676548903436443,-0.00017091089892889438
1074,2748,2279,0.013514699429574372,0.0045156318677553745,0.005571728418164967,0.0032031592803861333,0.004915763562568051,0.0014811199467451505
1075,2748,2269,0.010929925077126484,0.004102325462413292,0.0012349775734193456,0.0077126487439400605,0.00486510031136194,0.002068171389888721
1076,2748,2302,0.009296264118158122,0.003726209421894485,0.002594967646818455,0.0032145960034752376,0.004074991491552526,0.0006946172804328444
1077,2748,2298,0.01044386422976501,0.0046122271358258644,0.003215539730396177,0.003437771975630982,0.0021997426182084057,0.000596325896003867
1078,2748,2290,0.01353711790393013,0.0061719605802768385,0.006909465045142319,0.005633187772925764,0.006846358398984651,0.00403422100634609
1079,2748,2254,0.014108251996450752,0.005617271074058933,0.005602036060074055,0.004037267080745341,0.004661402616189648,0.0016490535281012202
1080,2748,2295,0.014117647058823528,0.005661559921315454,0.005360663365298776,0.002135076252723311,0.005009694860035528,0.0003872990229650615
1081,2748,2301,0.010777922642329421,0.004958121178639911,0.005084134310999818,0.003607127335940894,0.0042376325119721624,0.0022212946359292805
1082,2748,2257,0.014000886132033671,0.004695455099005575,0.006567145272241986,0.003810367744793974,0.006106034642810147,0.002200639686799377
1083,2748,2307,0.011183355006501949,0.003991713780837106,0.003214191734280166,0.0018205461638491536,0.0033828606494693708,-0.0009441971330488966
1084,2748,2300,0.011217391304347825,0.0043795542638621334,0.003675655274688438,0.002347826086956521,0.0024798424574429064,0.00017364196245441737
1085,2748,2302,0.011207645525629886,0.005313993792389037,0.004250129727671575,0.0037358818418766282,0.005266457875512909,0.0018795191186040798
1086,2748,2316,0.011139896373056993,0.0034595197753217073,0.00555366549309347,0.0018566493955094988,0.003097037737657112,0.0010345435552857613
1087,2748,2330,0.010729613733905578,0.0035424703135623044,0.004687264059331275,0.006824034334763947,0.006164764462570888,0.004642273690565406
1088,2748,2316,0.016407599309153715,0.006501863540614238,0.0081700771717578,0.007556131260794472,0.0076194480661198015,0.005395483730549396
1089,2748,2280,0.010964912280701752,0.002980151920380087,0.0026406171476988784,0.002763157894736841,0.0014322225500931305,-0.0007359109543266679
1090,2748,2278,0.010623353819139595,0.0029079187717625144,0.004939950726806597,0.004389815627743634,0.003464763470732478,0.002659968842172768
1091,2748,2286,0.009711286089238843,0.0036773292153997935,0.003362080187752436,0.002187226596675415,0.002467032371265087,0.000244536765308896
1092,2748,2264,0.012544169611307419,0.004235273294310645,0.005751238286809771,0.002959363957597172,0.0031469104672965397,0.001506375914634417
1093,2748,2297,0.012799303439268609,0.005031721785246554,0.006039846163856205,0.0032215933826730513,0.003682286523156805,0.0016570327283807517
1094,2748,2325,0.009548387096774193,0.0045713157732110024,0.003445099685203713,0.004086021505376343,0.004666403975864584,0.002037868499882119
1095,2748,2267,0.010763123070136745,0.00412934297944803,0.0005278860572945142,0.004234671371857079,0.004104521905030666,-0.0005641162477206602
1096,2748,2291,0.01030117852466172,0.002647983973802977,0.0035155875428297427,0.005019642077695328,0.0030342919565497983,0.0019861448259814373
1097,2748,2294,0.008631211857018307,0.002390936164405859,0.0017358570863214118,0.005666957279860504,0.003647938182233211,0.0016437813575562543
1098,2748,2321,0.0077552778974579895,0.0019881227732536496,0.001579831623137986,0.0009478672985781982,0.002005962090052007,-0.001293062386388425
1099,2748,2323,0.010934136891950063,0.0036145689922910864,0.0033765863868057823,0.00111924235901851,0.0034212925141937607,-0.0011223730786666594
1100,2748,2314,0.008729472774416594,0.0020267089769315265,0.0005608744555549044,0.004321521175453758,0.0031937015097497448,7.657885935853805e-05
1101,2748,2303,0.009986973512809378,0.0035905578263752407,0.002897110533128668,0.004776378636561006,0.004240163007637558,0.0019371390828581102
1102,2748,2346,0.01227621483375959,0.0060721884455936705,0.006309097611534031,0.004092071611253196,0.004831615063191166,0.0027352064344489165
1103,2748,2292,0.013001745200698078,0.004889450710277134,0.006285840414155311,0.004188481675392669,0.004244547575775482,0.0027798724901036236
1104,2748,2312,0.012543252595155707,0.0035860978421938263,0.005232802953775484,0.0049307958477508625,0.0042232285987673195,0.0020659681716035565
1105,2748,2303,0.009552757273122013,0.0035026987731452772,0.0028286420041980552,0.004863221884498479,0.004452682794596856,0.0019646045093847644
1106,2748,2281,0.010697062691801838,0.003587943126198379,0.0038015206379875145,0.004340201665935992,0.0041001288969069166,0.0017122214939484595
1107,2748,2283,0.012264564169951817,0.006340258181760596,0.004790470021573732,0.007139728427507664,0.007573424175326332,0.004292654373919445
1108,2748,2328,0.009536082474226801,0.0035613552418087345,0.003764141280543192,0.007173539518900342,0.006545712047378367,0.004609214049327971
1109,2748,2285,0.010503282275711158,0.0033666584356905503,0.00336414467989674,0.004245076586433258,0.0036250481654117607,0.0010937209270341728
1110,2748,2337,0.010355156183140778,0.004525023769527829,0.0028300854199787115,0.0022678647839109952,0.005353131136683342,0.00024305048216916026
1111,2748,2285,0.013741794310722099,0.00542247497310269,0.0046582520093557634,0.004770240700218818,0.005210386346059417,0.0017101127873557498
1112,2748,2280,0.01070175438596491,0.0039296485286288395,0.001671632916001022,0.003903508771929824,0.005845371499970484,9.034730045860668e-05
1113,2748,2304,0.011545138888888886,0.004185467572119542,0.0032241360121325643,0.003211805555555554,0.003397761346862172,0.0005805524027196649
1114,2748,2312,0.009602076124567472,0.0028403558039312798,0.001318881803319273,0.005536332179930794,0.00462987265637934,0.0013898062144769702
1115,2748,2339,0.00897819581017529,0.003461175537707198,0.002348514159568356,0.0025224454895254366,0.0035939755513568227,0.00011353655253991942
1116,2748,2298,0.01044386422976501,0.0014404076982063834,0.004622061594104608,0.0054830287206266305,0.003767749975410088,0.0031264437244624753
1117,2748,2273,0.011438627364716233,0.005782012420958819,0.005859038522604753,0.004091509018917729,0.003553971280618947,0.002906360907891888
1118,2748,2303,0.012418584455058617,0.005050887427411658,0.006505434102248801,0.005861919235779417,0.0060762958794666555,0.004500764459710002
1119,2748,2336,0.009246575342465752,0.004276681402708697,0.002692523160555383,0.003253424657534246,0.003940365724648322,0.0010201819576255882
1120,2748,2319,0.009228115567054765,0.0022179111238639234,0.001970610295895233,0.0032341526520051735,0.003975965470154242,0.000170620126908477
1121,2748,2283,0.009811651335961452,0.00353512005178385,0.0016731541936418075,0.0028471309680245275,0.003262438308996045,-0.0007249572501290777
1122,2748,2296,0.009233449477351914,0.002173556367624571,0.0020330214957043633,0.005574912891986062,0.004495912206875657,0.0015638228663151063
1123,2748,2298,0.009138381201044387,0.0033801816860080736,0.003679644233333554,0.0034377719756309823,0.0017155585254963212,0.001296900679677825
1124,2748,2307,0.009709579540528824,0.004290743453863554,0.0012115088035902152,0.003814477676636323,0.004143132402249986,0.00029920767350813675
1125,2748,2297,0.014714845450587722,0.0042947414536659255,0.006281028572500372,0.004222899434044405,0.004409742636143448,0.0016542028300320529
1126,2748,2286,0.01216097987751531,0.004551558219927998,0.005216633341425074,0.0019685039370078723,0.004026476780662538,0.000792362386223225
1127,2748,2301,0.009821816601477617,0.003011665716452702,0.0046486098775701,0.005649717514124293,0.004618547016722083,0.0036042081769857874
1128,2748,2316,0.012694300518134713,0.0029906184534389054,0.005364016509976588,0.005742659758203798,0.004361109744652377,0.002894414880424027
1129,2748,2277,0.014053579270970572,0.0046501326136166345,0.007266064771216422,0.0027667984189723312,0.0031949374672403676,0.0013683340449175485
1130,2748,2285,0.010065645514223193,0.0032858890406396984,0.0023544898611876004,0.0013129102844638939,0.0018452697217560723,-0.00152844698512358
1131,2748,2311,0.006404154045867588,0.0006602750954405335,-0.001300704330791265,0.0002596278667243614,0.0020994417052098814,-0.0032453212221558417
1132,2748,2328,0.006185567010309278,0.0014920911480700834,0.0006638170651937011,0.0017611683848797242,0.0031733161714940935,-0.0006405539136007847
1133,2748,2320,0.0125,0.004380768692165349,0.005630154743522126,0.0020258620689655163,0.002181759889739333,0.0009907682772329603
1134,2748,2310,0.010129870129870128,0.0045773776969341975,0.003929825991161368,0.0034199134199134184,0.005078036668726293,0.001676256816784671
1135,2748,2338,0.010436270316509835,0.0028861403013122787,0.003166857217163007,0.0035072711719418294,0.004046315767305978,0.0007371255604806925
1136,2748,2296,0.01184668989547038,0.004031691590037138,0.0045601073724933746,0.0049651567944250866,0.004805258332208351,0.002490074832897901
1137,2748,2316,0.012348877374784108,0.0045189063966978955,0.005148593766466685,0.00349740932642487,0.0054879067114783605,0.0018000063627896148
1138,2748,2315,0.013477321814254858,0.0052448232594406695,0.005891177262014013,0.005442764578833692,0.004347776123112216,0.002783618758959354
1139,2748,2327,0.006617963042544047,0.003908560615856107,0.001450896146373232,0.003223033949290932,0.005051515849474909,0.0012490679820807535
1140,2748,2309,0.014205283672585533,0.005668554391366275,0.008052024477787712,0.0038111736682546545,0.003960430785096506,0.0032669046333850225
1141,2748,2305,0.0053796095444685445,0.002684145953905553,-0.002249364924945911,-0.0003470715835141005,0.00305901115160158,-0.003498410651232341
1142,2748,2302,0.012163336229365766,0.006482245600293272,0.0076020846072544146,0.00464813205907906,0.005141307892023797,0.004344999425212232
1143,2748,2274,0.006860158311345647,0.0031287772196421535,-0.0007804505650202743,0.0027704485488126646,0.004399364986084673,-0.0008133172733505692
1144,2748,2304,0.011892361111111109,0.004059597069050466,0.005470093386893181,0.004210069444444443,0.003215164327439585,0.002409051221917437
1145,2748,2301,0.010951760104302476,0.004239087762927687,0.003286179481382585,0.0017383746197305512,0.0030406604584424595,-0.0005134193574926853
1146,2748,2259,0.010004426737494465,0.0030757894269389865,0.005378851769974333,0.003187250996015935,0.002671599312508082,0.002114381626010263
1147,2748,2280,0.009736842105263157,0.0028542667297701886,0.0031760954147480648,0.003289473684210525,0.002250147356242221,0.0007971371927092381
1148,2748,2281,0.010872424375274001,0.004224770448446904,0.0044766865284059255,0.0032441911442349846,0.002248986727598468,0.0013033620407065267
1149,2748,2306,0.006331309627059843,0.001530866623273531,-0.0013968653176902979,0.00264527320034692,0.003368398537089699,-0.0014563816494400725
1150,2748,2297,0.010100130605137134,0.00348199773924801,0.0032362191506697885,0.003918154114061818,0.0042354518176743895,0.0014932121291605922
1151,2748,2305,0.01318872017353579,0.005889419231502773,0.005384166761026848,0.006767895878524944,0.006875400988966035,0.0037682616166332663
1152,2748,2316,0.012176165803108806,0.005225189376628411,0.006043897879697908,0.004706390328151985,0.004947589845013559,0.0032577050412352423
1153,2748,2295,0.0106318082788671,0.0052368901387713565,0.003676380386309033,0.0028758169934640517,0.0037325826923462493,0.0007301402420602613
1154,2748,2312,0.01124567474048443,0.004337901075986601,0.0028805917593028112,0.004152249134948096,0.006033003647383036,0.0010443286682284298
1155,2748,2270,0.014801762114537442,0.00633571271718841,0.007088410444040384,0.0050220264317180595,0.00551995111320447,0.00347639945701136
1156,2748,2320,0.010086206896551724,0.00436646592220565,0.0027412905148488514,0.004698275862068965,0.005684327896848526,0.001870638892430662
1157,2748,2320,0.011034482758620687,0.0028966090856424533,0.004270177760558614,0.004913793103448276,0.004840434831923158,0.002339441593049077
1158,2748,2295,0.011241830065359476,0.004364668276671765,0.0029430715007941347,0.001873638344226579,0.004297097817352623,-0.0007910261755450714
1159,2748,2283,0.011563731931668856,0.0057920368040309195,0.006668754336056465,0.0015330705212439765,0.004273083515888696,0.0019581343226899675
1160,2748,2314,0.010198789974070872,0.003741174209932465,0.0021951105944220364,0.004840103716508209,0.00463868296733814,0.001370320538853948
1161,2748,2301,0.012690134724033027,0.006033409343856946,0.0065637424188945935,0.0025206431986093,0.0033597104128838123,0.0019728573478464927
1162,2748,2297,0.012102742707879841,0.005209434362809832,0.004763358558720527,0.002350892468437091,0.002942017458491303,0.0005442535128285245
1163,2748,2300,0.010869565217391304,0.005137595414585135,0.005148820738273691,0.0033478260869565213,0.004343716448029713,0.0022338524570611022
1164,2748,2303,0.012244897959183671,0.003706302952379046,0.005579792978032546,0.0029960920538428123,0.0034500281036594885,0.0014818503465870215
1165,2748,2271,0.016468516072214882,0.005334261099423488,0.009695430989708232,0.005151915455746365,0.00534564080349564,0.0043655051942304455
1166,2748,2303,0.013808076422058184,0.006387720806717752,0.0063527310667216026,0.00351715154146765,0.00339727485190407,0.0019348705571884577
1167,2748,2304,0.012934027777777777,0.00600624091302461,0.005224693936412737,0.006336805555555554,0.005833378131370944,0.003554999634454022
1168,2748,2314,0.009593777009507344,0.0040513963445948905,0.0023728106455130353,0.0026361279170267924,0.0039392545984063545,-0.00021462722360989395
1169,2748,2327,0.011001289213579716,0.004395865776222158,0.004469105857228156,0.002406532015470562,0.0021087616555255347,0.0009806693545142413
1170,2748,2285,0.008052516411378555,0.0017869548346826824,0.00020255801277554246,0.004638949671772428,0.0032961668307188116,0.0004022983590670129
1171,2748,2257,0.012848914488258747,0.004066086176255072,0.0057524773564860965,0.005981391227292865,0.003924023612584235,0.003120704060078013
1172,2748,2293,0.007501090274749237,0.0032576030106030726,0.001675466800398483,0.0028347143480156986,0.0028124070153741137,0.00044995074212297507
1173,2748,2272,0.014964788732394365,0.005939474037078114,0.007337888586960158,0.009727112676056335,0.0060207819217447875,0.006516036914786852
1174,2748,2281,0.01429197720298115,0.004086201545219925,0.0071999932448542645,0.004997807978956597,0.005667640179933178,0.0031626552836819997
1175,2748,2314,0.012791702679343127,0.004241921511642678,0.005646195730765379,0.005229040622299048,0.004254722516571274,0.002693058565843989
1176,2748,2289,0.014504150283966797,0.006500211766267856,0.00568835826065169,0.004237658366098732,0.00569896401511123,0.0017350763417392791
1177,2748,2277,0.00922266139657444,0.0026248590363650687,0.0010639212553599155,0.0036890645586297745,0.004009276663645603,-1.0645958837186072e-05
1178,2748,2316,0.01096718480138169,0.0028889562685357056,0.0033646238768203426,0.003238341968911916,0.00413837813114398,0.000691948175833966
1179,2748,2339,0.011714407866609659,0.003907614287875209,0.0032523177090278185,0.005344164172723384,0.00509105495689685,0.0020772656632692616
1180,2748,2281,0.006576063130206048,0.0029304517785563957,0.00036076168341077374,0.0001753616834721609,0.002762723489361197,-0.0020055039147428818
1181,2748,2322,0.01102497846683893,0.003584011638885646,0.00444387718329218,0.0032730404823428077,0.003851332417086943,0.0012719565163022302
1182,2748,2283,0.009461235216819972,0.003436465035338775,0.0028803534456938134,0.0037231712658782287,0.004224901605576297,0.0011356976020882481
1183,2748,2298,0.011053089643167972,0.005228599922640465,0.004970925819850002,0.004960835509138381,0.005621971689231052,0.003110962998866702
1184,2748,2291,0.013967699694456565,0.004005698830882944,0.004514540629469587,0.001047577477084242,0.004004753525762767,-0.0012751151094247295
1185,2748,2312,0.008910034602076122,0.0030284521965637146,0.002080064457471018,0.002811418685121107,0.0032763153245560436,0.0004151414630695535
1186,2748,2318,0.006125970664365831,0.00099595425426955,-0.0012551486643975565,0.0031492666091458145,0.00402331281298478,-0.0009531234177042773
1187,2748,2283,0.009461235216819972,0.003946416931555451,0.003127990847294309,0.005738063950941742,0.005807147817919899,0.0027859370183893374
1188,2748,2275,0.01081318681318681,0.0044451341678108155,0.0047693069794139,0.004615384615384615,0.005293892659922781,0.0024884811767128603
1189,2748,2310,0.0116017316017316,0.003942732051579687,0.0033298930781569176,0.0029870129870129855,0.0039052238982989567,0.0002140290621213542
1190,2748,2268,0.007671957671957671,0.003643962573623446,0.002351064967431422,0.0032627865961199288,0.0034313621565237,0.0014721799890627997
1191,2748,2280,0.00982456140350877,0.0040954310032147835,0.002518856272364755,0.0044736842105263155,0.004649389152046411,0.0017626820014460293
1192,2748,2317,0.017695295640914977,0.0059433640607392535,0.009403806854426872,0.00656020716443677,0.00514472984506529,0.004742578713918952
1193,2748,2324,0.008347676419965576,0.004120495359690762,-0.0007301451801114139,0.00370051635111876,0.005921113175171341,-0.0005302536574930385
1194,2748,2331,0.013642213642213638,0.006004771627541208,0.005741108485791132,0.006435006435006434,0.006438451311851046,0.0037435584005952186
1195,2748,2319,0.01276412246658042,0.005245070888192944,0.004744082154946981,0.0006899525657611029,0.0026910985694274785,-0.0010030513385699564
1196,2748,2310,0.008744588744588742,0.004620236501740647,0.0033506907405154314,0.004069264069264068,0.00454082823869787,0.002050918370151809
1197,2748,2275,0.010549450549450548,0.004906725494083961,0.004468604608130356,0.0014505494505494493,0.0031862292537229394,0.00013840811071678656
1198,2748,2284,0.0074430823117338,0.004331393737219138,-0.00034367320227631556,0.005472854640980734,0.0035659853593938908,0.0008745020599980054
1199,2748,2312,0.008391003460207613,0.0038413262820551643,0.001453073081690838,0.004325259515570933,0.004490500006716133,0.0012389724016245158
1200,2748,2264,0.010247349823321554,0.0042265738769101,0.0029926352168825146,0.0037985865724381616,0.0035595470123094735,0.0009754810103407276
1201,2748,2285,0.013479212253829321,0.006445111427045335,0.005586485515739054,0.0051641137855579855,0.005182776801968637,0.002765194267823557
1202,2748,2313,0.011586683960224815,0.005018960676356753,0.00292263996532602,0.002377864245568525,0.003167855159656044,-0.000366145256874058
1203,2748,2267,0.011910013233348034,0.0038225749149997717,0.00318132510577493,0.005116894574327304,0.005463345805515766,0.0014331773229782352
1204,2748,2297,0.010448410970831516,0.003372474013586782,0.004160553962806349,0.004919460165433173,0.0047269421717552225,0.002404629480332527
1205,2748,2291,0.013182016586643386,0.005391659928115167,0.006401560651965426,0.0029681361850720195,0.004594164452189115,0.001884961543237031
1206,2748,2289,0.006116207951070335,0.0011279668669008738,-0.0018114598742452921,0.0028396679772826547,0.002795442462366658,-0.001871144264515363
1207,2748,2287,0.00909488412767818,0.0037824044121623234,0.003952983947536052,0.0018364669873196316,0.002906227575630497,0.0007368642527080503
1208,2748,2315,0.014773218142548594,0.005812432872033215,0.00953536013232128,0.003282937365010798,0.0037978392148160915,0.0035654155831732703
1209,2748,2287,0.006121556624398774,0.002339232791150232,-0.0007975111503834445,0.002273721031919544,0.0029234087849950934,-0.0011845472772105759
1210,2748,2297,0.006007836308228123,0.0017797302519371968,-0.0025399815033321895,0.000174140182847192,0.0032809547561881438,-0.003730346630244773
1211,2748,2301,0.010430247718383311,0.004378557609037459,0.0022560194024892058,0.001781833985223815,0.0026940374360315865,-0.0009488731744446871
1212,2748,2285,0.0099781181619256,0.0033180764452739797,0.001951399991933993,0.004157549234135666,0.004865053560700485,0.0006326671533864863
1213,2748,2291,0.012134439109559142,0.004045037596218645,0.003742014946959239,0.004408555216062854,0.004327245968746043,0.0009896908151401096
1214,2748,2330,0.012532188841201716,0.004740131575646408,0.0065448796665352384,0.0025751072961373383,0.005632476304148183,0.0021089988712328376
1215,2748,2265,0.010066225165562912,0.004373438772718544,0.0020216327475700234,0.0023841059602649002,0.004276167730558502,-0.0006381899381701734
1216,2748,2300,0.010347826086956518,0.003451720840322205,0.003358635257200247,0.0013913043478260862,0.0014768430952875045,-0.0004591971261537258
1217,2748,2303,0.011115935735996525,0.0036747450995295162,0.0052375667204195755,0.00473295701259227,0.004527268530006553,0.0029862942806986943
1218,2748,2282,0.009728308501314634,0.00278959240460629,0.0018703398591418403,0.0033304119193689734,0.002019980906771304,-2.5614001620719945e-05
1219,2748,2329,0.01262344353799914,0.00341769976472021,0.004869272402929942,0.0014169171318162291,0.0015507156326091183,-0.00044037885128164804
1220,2748,2281,0.011924594476106968,0.004733372594943232,0.0037748547470237118,0.0046032441911442335,0.005202575220497891,0.0018801742758461602
1221,2748,2299,0.012353197042192255,0.004993807114972977,0.004572657472922091,0.006133101348412352,0.006028718214206705,0.003008757669532198
1222,2748,2289,0.009698558322411531,0.0024394097228610644,0.0020664279204404795,0.0031017911751856702,0.002989792125375904,-0.0004296338089444852
1223,2748,2302,0.006429192006950477,0.0029893531349934476,0.00046530914089408683,0.0006950477845351862,0.003163447615479743,-0.0014937708331711995
1224,2748,2298,0.010966057441253263,0.0030626359271751437,0.0006915946638757667,0.003698868581375108,0.004625174913398997,-0.0010981002799597848
1225,2748,2317,0.007337073802330598,0.0038335222238090887,-3.720579963172152e-05,-0.00017263703064307443,0.0027222440804353064,-0.002599125049591007
1226,2748,2297,0.011754462342185459,0.003578302122942887,0.0032971238801214964,0.005790161079669132,0.004353086845064586,0.001854427302958024
1227,2748,2296,0.009668989547038325,0.003445118400343553,0.0019382353278709567,0.00513937282229965,0.005149105689618651,0.001563738149172807
1228,2748,2282,0.00823838737949167,0.0018881678878609838,0.001570363132050866,0.001007887817703768,0.0019564978900956835,-0.0015243665163037
1229,2748,2284,0.003765323992994745,0.0032538444569025007,-0.0007404044463161357,0.00017513134851138232,0.0025224316320565,-0.001695161227990178
1230,2748,2305,0.012060737527114965,0.0043587501424687146,0.005146645762974639,0.003167028199566159,0.0032142264582143395,0.0009740617137157343
1231,2748,2290,0.008558951965065502,0.002347914244384191,0.0015849681885248203,0.0019213973799126632,0.0032647009721109197,-0.0009563132189729016
1232,2748,2265,0.012715231788079468,0.004555704276961538,0.0032833954709618205,0.005121412803532008,0.004452415015377481,0.001217281896214929
1233,2748,2302,0.00834057341442224,0.0035481555929056567,0.002094597568985336,0.004865334491746307,0.004450454740291839,0.0019056885597823362
1234,2748,2306,0.013183000867302687,0.0032496960645801796,0.005493409421593354,0.004509973980919339,0.005414014545234084,0.002220976352959095
1235,2748,2289,0.012931411096548709,0.0044457464404625705,0.00423566421848828,0.003145478374836172,0.004274674295240177,0.000261762917755356
1236,2748,2308,0.010658578856152512,0.005880778103422336,0.0033213545815995752,0.0025996533795493936,0.004937592577315913,0.0007825379731590345
1237,2748,2330,0.013390557939914161,0.0055561526442687355,0.005694498297757884,0.003948497854077252,0.0035218044695747436,0.0017029657738614219
1238,2748,2308,0.012218370883882147,0.004261579504869232,0.00630219020318304,0.0037261698440207965,0.003818011904673743,0.002615719056005874
1239,2748,2310,0.010649350649350648,0.004534703345810706,0.003765674883779786,0.0012987012987012976,0.0032047800905948805,-0.00015252950866644253
1240,2748,2320,0.011465517241379309,0.003723577983875641,0.0048168255992495045,0.005301724137931034,0.004461131902313748,0.002941539059655984
1241,2748,2301,0.011386353759235114,0.004884716498241956,0.0040512587007004615,0.005084745762711863,0.00423517742530853,0.0023887519880553872
1242,2748,2299,0.011570247933884295,0.0036755075721623485,0.004904187773748125,0.005002174858634187,0.003801004106751779,0.002532396924912
1243,2748,2265,0.010596026490066223,0.00309447992282817,0.003274951541877538,0.0023399558498896234,0.002289266627296908,-5.2531445514057316e-05
1244,2748,2268,0.009788359788359787,0.005572873301470054,0.003752489468958055,0.0044973544973544955,0.005512750661804213,0.0022401110392467312
1245,2748,2264,0.009540636042402826,0.004347332209909132,0.002459290357304792,0.004284452296819787,0.004548352588231366,0.0010741186361499756
1246,2748,2283,0.014454664914586067,0.003527350329873687,0.0047221783036063515,0.00398598335523434,0.004041389513498388,0.0005641005031688387
1247,2748,2309,0.006929406669553918,0.0011472328617237488,-0.00185040261503885,0.0017323516673884794,0.001834913393320721,-0.0029576222542255746
1248,2748,2313,0.01124081279723303,0.004762337147714368,0.004706130567463302,0.002896670990056203,0.003948643495051428,0.0013691849887349505
1249,2748,2311,0.011856339247079186,0.00460045687804206,0.007276099349810602,0.0050194720900043266,0.0046539304570107146,0.0046634492045238415
1250,2748,2320,0.010603448275862067,0.004010283505008737,0.0023338958977027766,0.0047844827586206885,0.005699457422340304,0.001034999425171454
1251,2748,2300,0.014086956521739127,0.005231567304594731,0.007177713307668903,0.006304347826086957,0.004744308939212009,0.004488683890244636
1252,2748,2305,0.012581344902386113,0.0036959884555393114,0.005088964216199234,0.004902386117136658,0.0037587723481871337,0.0022244039475376124
1253,2748,2320,0.012499999999999997,0.003556004223248583,0.004763380734861066,0.004784482758620688,0.003053593569465489,0.0019338012612845899
1254,2748,2317,0.011739318083728958,0.003696110290304307,0.005491709161145473,0.0020284851100561057,0.003135850287773412,0.000998929968249082
1255,2748,2308,0.013258232235701906,0.0058156745332189905,0.0043403370509406515,0.006542461005199305,0.006330764827611009,0.002919598807712387
1256,2748,2305,0.012234273318872016,0.005789748789347334,0.004775614531187912,0.00598698481561822,0.005262122105379918,0.003403983897952057
1257,2748,2323,0.008695652173913042,0.001500095968034184,0.002735099414561903,0.0024106758501937133,0.002728879730734718,-8.851383452767602e-05
1258,2748,2299,0.011831230969986948,0.0053719006476330095,0.0042162769815984455,0.005480643758155718,0.005869643422594913,0.002896472776810425
1259,2748,2273,0.010910690717113944,0.003723985741266233,0.0026429782254172997,0.004487461504619444,0.004237108291094891,0.0009336248810923278
1260,2748,2308,0.008578856152512996,0.0037956094916843748,0.001953901559561047,0.0018197573656845746,0.004042941976615969,-0.00022748096025382745
1261,2748,2307,0.013437364542696138,0.004883409489657031,0.0068796235507832,0.00390117035110533,0.004746129056315588,0.002880218112005706
1262,2748,2302,0.009470026064291918,0.0031713900683453537,0.001395761075931056,0.00464813205907906,0.005898422224504034,0.0010971683394714144
1263,2748,2284,0.010683012259194396,0.004336485038511077,0.0037737028146196706,0.004115586690017512,0.004666738799579905,0.0018833602984932938
1264,2748,2294,0.01586748038360941,0.005325611248991483,0.008406821749381036,0.002571926765475152,0.0023664737445384604,0.0014930684285696441
1265,2748,2276,0.0078207381370826,0.004141377643038528,0.0008987530864291457,0.0039543057996485045,0.004520079481041483,0.0006804089565874488
1266,2748,2284,0.009281961471103325,0.003941672380812991,0.0019246977899529598,0.004115586690017511,0.0022469774202146884,0.0008301706315629679
1267,2748,2263,0.012549712770658417,0.004421611448985442,0.006479040129411777,0.003800265134776842,0.0028315184857596164,0.0024003714332578308
1268,2748,2267,0.014292015880017644,0.005891245276138542,0.008212058224578139,0.005249228054697838,0.004109948227202722,0.003919788788738448
1269,2748,2293,0.009158307893589181,0.0033411378933141814,0.002866943647235326,0.0023986044483209758,0.002056550388775319,0.0001599880464223261
1270,2748,2298,0.010530896431679718,0.0027249041071185295,0.0029673825509472325,0.003959965187119233,0.0043323739783557415,0.0011025856235392267
1271,2748,2279,0.009390083369899077,0.004502810470220809,0.0014859517602228138,0.003949100482667835,0.003687276673341557,0.0003345585513831991
1272,2748,2321,0.007065919862128391,0.0016035072339596168,0.00020405222514591177,0.003403705299439895,0.004054025974796404,-0.00023589783948325935
1273,2748,2289,0.011271297509829619,0.005268560913153013,0.003729433587689981,0.00528615115771079,0.006108091636862922,0.002544343115691984
1274,2748,2304,0.011197916666666665,0.0035523607273866323,0.004530361677156459,0.00447048611111111,0.004150640025759623,0.0018772200349468453
1275,2748,2296,0.011236933797909406,0.003678422723528962,0.0031306172127549547,0.0022648083623693386,0.004429150634058337,-4.844813273392263e-05
1276,2748,2309,0.007795582503248158,0.0025995999924346997,0.0002752237527738977,0.002944997834560415,0.003815847510192533,-0.0010919823479231296
1277,2748,2232,0.009946236559139784,0.0014015498304136217,0.002477192653022169,0.0024641577060931894,0.0022373939555436657,-0.00025595428051196546
1278,2748,2308,0.012131715771230499,0.0033261526685615943,0.0033410097760015653,0.0034662045060658573,0.003847728736185373,3.476540947517479e-05
1279,2748,2290,0.01021834061135371,0.0044072215051987156,0.00535311509332609,0.0030567685589519633,0.004893747931830405,0.0027524216842669067
1280,2748,2309,0.013512343005630142,0.004746036436271448,0.007296532923330353,0.002901689042875703,0.0031139781259995896,0.0020992294599376537
1281,2748,2282,0.01673970201577563,0.008246733832719951,0.009871017303721757,0.0056529360210341795,0.007510541408981319,0.005238566504041032
1282,2748,2298,0.010966057441253263,0.005156767759063847,0.004694485929843996,0.0021322889469103552,0.0031290610410095974,0.0008202944089002159
1283,2748,2252,0.012433392539964476,0.005191325764071105,0.005985049472988435,0.005728241563055061,0.004737032679492935,0.003642486499083248
1284,2748,2290,0.013100436681222705,0.00605164256051879,0.005908426817915336,0.0026637554585152825,0.004163276083023099,0.0014587867378438905
1285,2748,2283,0.010775295663600524,0.004915391039986441,0.0037787799649592513,0.005650459921156372,0.006155064477023983,0.0029273692477472823
1286,2748,2326,0.012553740326741187,0.003056877251415121,0.0067758247652672885,0.0027085124677558026,0.0019331917818539725,0.0013496456254212456
1287,2748,2293,0.008024422154382904,0.003343404866705197,-0.0012177997593335254,0.0037069341474051452,0.0046875291780665235,-0.0012130322032490454
1288,2748,2320,0.011637931034482758,0.005336079496001049,0.0030181621123262408,0.003017241379310345,0.005066243407418867,0.00043351783075384735
1289,2748,2306,0.009540329575021683,0.004497312874313223,0.0022123611327261876,0.005333911535125757,0.004758970668968197,0.0019807960848702514
1290,2748,2314,0.00898876404494382,0.0032841994794902967,0.0032643091051053016,0.001555747623163353,0.0008866316212964185,-0.00026398875385417954
1291,2748,2321,0.006290392072382593,0.001708472198828969,-0.00020485515753286326,0.0015079707022834976,0.0024737817501010477,-0.0015951099891066659
1292,2748,2303,0.011984368215371253,0.0034684676125499667,0.005132814071580374,0.003300043421623967,0.004030123350340525,0.0008659441227616523
1293,2748,2305,0.01301518438177874,0.003361783893262086,0.003384450133927736,0.0043817787418655085,0.0043260030012161445,0.00043171071444333823
1294,2748,2268,0.011728395061728392,0.0048909477188469035,0.0052182583680767045,0.0037477954144620796,0.003153355361587713,0.002025896800239576
1295,2748,2292,0.011518324607329843,0.004772160910930808,0.004164863615949042,0.004013961605584641,0.004935026374150074,0.0018717721345902483
1296,2748,2298,0.009747606614447343,0.0029907214505737,0.0028413421569656195,0.002785030461270669,0.003927839895850118,0.0003707686445808411
1297,2748,2271,0.008102157639806252,0.003961349779503189,0.0004935498965878245,0.002950242184059885,0.005046733214644095,-0.000587902124380994
1298,2748,2335,0.009935760171306209,0.004360684263202565,0.002061744293923613,0.0032548179871520334,0.004858096633753795,0.00020626991725141333
1299,2748,2316,0.010276338514680482,0.0033162666856617284,0.0022345993214727164,0.0029792746113989623,0.0036648046964972655,-0.0003020286953753201
1300,2748,2304,0.007986111111111109,0.0016966854109961961,0.0003635812977704805,0.005729166666666665,0.004572097376820249,0.0012437363732640432
1301,2748,2296,0.012369337979094076,0.0066461617926218495,0.0052920953318967776,0.001524390243902439,0.004436939317349941,0.0004795313628706247
1302,2748,2304,0.011284722222222222,0.0038687548553428255,0.00666543771731674,0.006640624999999999,0.004970661217074384,0.005299995617065014
1303,2748,2311,0.011337083513630459,0.004398624171813629,0.002963098279519302,0.003807875378623971,0.003580512079023676,0.00028627114899625066
1304,2748,2293,0.010641081552551241,0.0037373837759410084,0.0035930248785679005,0.003706934147405146,0.004530093600348741,0.0018736115692935364
1305,2748,2315,0.012354211663066952,0.005777252399318063,0.005269086302591383,0.006004319654427644,0.006622441680031496,0.0037589380493729158
1306,2748,2296,0.010365853658536584,0.004625725044320683,0.003674730952946102,0.0023083623693379786,0.0034259011711466076,0.0005847310542282978
1307,2748,2268,0.009523809523809521,0.0027711401155265146,0.0015172012193090582,0.003218694885361551,0.0029082825430351757,-0.00040462217888648157
1308,2748,2319,0.012591634325140145,0.004419772530310759,0.0059404710204418835,0.0034066407934454494,0.004576130241576241,0.0021507274992358712
1309,2748,2311,0.009000432713111206,0.003998706224475273,0.0035774466207012154,0.002336650800519255,0.00370610206081307,0.0007315888839600787
1310,2748,2249,0.014139617607825701,0.005819046657694708,0.005055763024597739,0.0060471320586927505,0.005325256861927233,0.002548373197258507
1311,2748,2287,0.015128989943156972,0.005743857719281341,0.007759748008071655,0.0057717533887188446,0.004997267273130839,0.0037005272817639363
1312,2748,2296,0.012804878048780485,0.006383076282175392,0.005813790880225517,0.003092334494773518,0.004012888698247416,0.0015082905361418414
1313,2748,2298,0.013664055700609223,0.005582023212271033,0.0057208061169174386,0.006657963446475194,0.007714236537606244,0.003976200078582223
1314,2748,2284,0.009544658493870402,0.003660448063763373,0.0019516366435515917,0.0031523642732049027,0.0038388021244234183,0.0002913651424510799
1315,2748,2286,0.012423447069116359,0.004659246917404431,0.00391243610367213,0.004680664916885387,0.002515386418471121,0.0011879919394384355
1316,2748,2305,0.007375271149674617,0.003591214782314032,0.0005355364654225845,0.0034707158351409964,0.005987125385964839,9.510281949920501e-05
1317,2748,2299,0.013484123531970418,0.004927702843228084,0.004321069465050544,0.0032622879512831664,0.004324169657717898,0.0002226902162350262
1318,2748,2286,0.011198600174978125,0.004486184190248391,0.004931339463564533,0.0024059492563429565,0.002885082027703972,0.0010170628390865283
1319,2748,2300,0.01243478260869565,0.004103872874450574,0.003620211757363662,0.006173913043478259,0.005760799947571505,0.002148815573316281
1320,2748,2306,0.010060711188204681,0.003835706726385406,0.0035523434878205425,0.0026452732003469205,0.0033192905736274553,0.00070472262718157
1321,2748,2281,0.007014467338886452,0.0017596930619110229,-0.0015415405009933333,0.003726435773783427,0.0038926173626565295,-0.001329346050254705
1322,2748,2249,0.006313917296576255,0.0025030343176833053,0.000665298976531521,0.001911960871498443,0.004300674536366914,-2.0497237925735812e-05
1323,2748,2290,0.010917030567685587,0.005459989758412663,0.004176411278152856,0.0059825327510917015,0.006777517956739418,0.003598098697651983
1324,2748,2307,0.011356740355439963,0.003022505382312997,0.0045448631891370815,0.005895101863892499,0.0041270730276536365,0.002933720831182289
1325,2748,2323,0.013775290572535515,0.006453728598295636,0.005752413045716186,0.005854498493327592,0.006579339525372152,0.0035802086878760067
1326,2748,2242,0.005173951828724352,0.001967884285401195,-0.0033303104419857236,-0.0002230151650312225,0.001997808843847037,-0.004505972295486262
1327,2748,2300,0.012434782608695651,0.0034283829170096316,0.005930982476770467,0.003913043478260868,0.0031179134925046243,0.0021317995268628678
1328,2748,2284,0.014798598949211908,0.00545824393505503,0.0055082630278137324,0.004903677758318739,0.004161687504239262,0.0017056598528234612
1329,2748,2299,0.01113527620704654,0.0037085648815411675,0.002271433636029609,0.005045672031317963,0.004960519279420475,0.0013793545051324187
1330,2748,2310,0.010303030303030302,0.0034068301712229516,0.004213755211453523,0.00251082251082251,0.003149424071692492,0.0010670440473109794
1331,2748,2301,0.011212516297262057,0.005198051334837931,0.005323006781023042,0.004563233376792698,0.005173944860776973,0.0029574599931244745
1332,2748,2290,0.005764192139737989,0.000282917245878284,-0.0014371441139041207,0.002139737991266375,0.0029782329535836594,-0.0020135365361037775
1333,2748,2296,0.013501742160278742,0.004510358230519212,0.005005508110191915,0.007317073170731706,0.006039049186076452,0.003913300799463501
1334,2748,2270,0.010484581497797355,0.004077937670588213,0.0025643774656321306,0.0033039647577092495,0.003569905490263306,0.00048357335500253355
1335,2748,2314,0.0125324114088159,0.003756724471667904,0.00474087301241247,0.004753673292999134,0.003784475548368025,0.0019011864222532378
1336,2748,2282,0.00920245398773006,0.005016672421958168,0.00274968097386948,0.0031551270815074486,0.005176058646353226,0.0009337239419258772
1337,2748,2268,0.013315696649029981,0.00512980717737673,0.006203445892875286,0.0048059964726631385,0.003678276071010267,0.002774403274792805
1338,2748,2313,0.013834846519671422,0.006036133833745213,0.005495895553964742,0.006398616515348031,0.0062169699279665536,0.0035406192128648382
1339,2748,2310,0.012467532467532466,0.005948476118200502,0.00655110866197274,0.006580086580086579,0.006078328178191472,0.004977253946515999
1340,2748,2295,0.014204793028322438,0.004601084523603006,0.005673823029225632,0.003093681917211328,0.0022343052022311643,0.0004944218410894303
1341,2748,2296,0.012717770034843204,0.005956628476571622,0.005318992681385662,0.007360627177700348,0.0054839555465413916,0.004325928804834433
1342,2748,2307,0.010663198959687906,0.005264429842929101,0.0035434308303208778,0.007022106631989595,0.007395547614515247,0.004121675092778832
1343,2748,2335,0.009164882226980727,0.0034591384347207473,0.0038877386786543263,0.004882226980728051,0.0036130022058711384,0.003002048642238983
1344,2748,2321,0.01016803102111159,0.003400704074223879,0.002888418538551519,0.004696251615682895,0.004232009392718194,0.0015785146277971583
1345,2748,2295,0.009760348583877995,0.0033769333017608844,6.67613755605986e-05,0.0022222222222222227,0.0036813312429542482,-0.0019322781933465041
1346,2748,2307,0.009969657563935846,0.004275880694001997,0.002203209271787388,0.0035110533159947977,0.0032768144432059262,0.00034102162981079423
1347,2748,2312,0.01496539792387543,0.005503167659620576,0.006477788159616078,0.003979238754325259,0.0033604939015438352,0.0015782847412092221
1348,2748,2310,0.012813852813852812,0.0048393283345579295,0.004808547638415616,0.006536796536796536,0.005198678680854785,0.003053784424496158
1349,2748,2347,0.00877716233489561,0.00198445879824418,0.0022589249439072365,0.004644226672347676,0.004379098915937807,0.0018307820014136229
1350,2748,2343,0.01084080239009816,0.004429009680294262,0.0027475078157622426,0.0021340162185232592,0.005010349341964489,-9.38656477655398e-05
1351,2748,2287,0.010756449497157846,0.004343379775036426,0.004483378680139233,0.004940970703979011,0.003920297706237896,0.0026658591624407132
1352,2748,2305,0.00720173535791757,0.0028621924526152547,-0.000833371148301179,0.0032537960954446845,0.0037913039979063667,-0.0010752517011214857
1353,2748,2298,0.009747606614447343,0.002265461409728156,0.0029999331728060986,0.004134029590948649,0.0025345255396235973,0.0009963129652911017
1354,2748,2291,0.01082496726320384,0.004866273331683902,0.006359507923258213,0.0021388040157136615,0.00388775291209155,0.002011657093231363
1355,2748,2310,0.012034632034632033,0.005741775098956419,0.004691041110968411,0.0033333333333333322,0.005540574120782678,0.0017442234608904994
1356,2748,2293,0.003401657217618839,2.3677155433188046e-05,-0.003489155298606811,0.0028783253379851713,0.0026727192908877224,-0.002030759131463782
1357,2748,2299,0.010004349717268376,0.0030432189057289336,0.003973469532600521,0.0017398869073510213,0.0025732475856374286,-2.2245515060651466e-05
1358,2748,2299,0.015137016093953891,0.006023355885936325,0.008638201309831657,0.007046541974771638,0.00686525504775894,0.0055750777654236215
1359,2748,2307,0.012917208495882095,0.004385547674975978,0.006483134702647466,0.0028608582574772426,0.002893619152760951,0.0017714537010257371
1360,2748,2308,0.007712305025996531,0.0026453503963312012,0.002397901201630022,-0.0005199306759098793,0.0013249098999858215,-0.0013006837267506447
1361,2748,2316,0.011053540587219341,0.0035901415697641263,0.0029007101199381847,0.0023747841105354038,0.003230533138856269,-0.000609479549678721
1362,2748,2300,0.010608695652173912,0.0033610083471561224,0.005389374106804184,0.005521739130434781,0.0037511143752785242,0.003484848016093287
1363,2748,2280,0.008771929824561401,0.002056842225275796,0.0016427564497268961,0.002543859649122807,0.004329019936325224,-0.0004790696443267044
1364,2748,2267,0.007234230260255844,0.002130430636726484,-0.00019253509478001497,0.000794000882223202,0.00352922547887713,-0.002222376886956943
1365,2748,2284,0.004816112084063046,0.0011324821278288141,-0.0022998025863530695,0.0014886164623467597,0.002440170320345295,-0.0021567118868206134
1366,2748,2337,0.017543859649122806,0.006831183835243169,0.009444282881766557,0.004835258878904576,0.0029969404698519234,0.0032281181916804895
1367,2748,2297,0.008968219416630384,0.0038262828845145713,0.003403131661779391,0.00452764475402699,0.005068441683386086,0.002493486790932523
1368,2748,2250,0.012088888888888885,0.0052598114001714494,0.0044317424206559404,0.004266666666666666,0.006086428417831539,0.0020598003043483287
1369,2748,2308,0.009358752166377814,0.0039230469908969725,0.0007255139506287408,0.00350953206239168,0.004904236244450388,-0.0002589340943253533
1370,2748,2270,0.011718061674008807,0.004833663167903801,0.0035046362706015336,0.003788546255506607,0.0046926460794516804,0.0008659919274528271
1371,2748,2320,0.011551724137931032,0.003736225482593573,0.004352305630381175,0.0034051724137931015,0.0035571041082059314,0.0011094410549923172
1372,2748,2285,0.00910284463894967,0.005054130590581166,0.002321383902218681,0.004857768052516409,0.004101471054576804,0.0022432525158513103
1373,2748,2316,0.009930915371329877,0.001540184375564752,0.002082415716591553,0.0060017271157167505,0.0048681062970905515,0.0015036192111679962
1374,2748,2278,0.016154521510096574,0.006564495176656702,0.008629618800190015,0.0016242317822651436,0.002999596748418168,0.0011004816999389295
1375,2748,2280,0.010526315789473682,0.0026489694321122684,0.0010543226638829205,0.0064035087719298235,0.005122836927546509,0.0011102884676106044
1376,2748,2284,0.013309982486865149,0.005812376783960928,0.006925643457721978,0.0012259194395796836,0.004064085121115468,0.001271141924335633
1377,2748,2297,0.007488027862429253,0.0018124717472222085,-0.0005777843507460818,0.0035698737483674347,0.005183691085212982,-0.0005040938532979359
1378,2748,2325,0.01118279569892473,0.004444604808403366,0.004887312839052175,0.007268817204301073,0.006899757114131977,0.004853619527885784
1379,2748,2302,0.009209383145091224,0.004447013588162166,0.0023184212866652894,0.001998262380538661,0.0030730003465985678,-0.00017584331803669793
1380,2748,2301,0.010777922642329421,0.004962434766006388,0.0030426202263751038,0.0037375054324206855,0.0034577810434166874,0.0007047600802685334
1381,2748,2282,0.013935144609991233,0.004502176364307751,0.005990424572690438,0.003155127081507449,0.004703133183448561,0.001353351516071034
1382,2748,2285,0.006389496717724286,0.0026785363710107044,0.0005683736731524165,0.0007002188183807434,0.0030901799076141186,-0.0015388246010450688
1383,2748,2306,0.010581092801387682,0.004232900264777966,0.002718601379575872,0.0023417172593235033,0.002853920718093804,-0.000749498635217934
1384,2748,2322,0.015676141257536604,0.004905439252578057,0.008717514253600027,0.002110249784668389,0.002170961067843275,0.0014702368024023895
1385,2748,2238,0.012868632707774798,0.004699559305666092,0.005344304759802135,0.004155495978552278,0.0046771011751778925,0.002141593086750397
1386,2748,2283,0.015330705212439772,0.007797675488437951,0.0074032306009140575,0.0040297853701270255,0.005891970838039495,0.0029484538401381957
1387,2748,2286,0.010498687664041993,0.003284233617111947,0.0037356661267204236,0.004768153980752405,0.0033159503809519365,0.001888873210744037
1388,2748,2268,0.013668430335097,0.0036562433656471874,0.0060247723347965805,0.006040564373897706,0.003551950210265374,0.0032687062502838194
1389,2748,2306,0.013876843018213353,0.0076543826567206505,0.004747567624849723,0.005247181266261925,0.006648182811473005,0.0024888682552728063
1390,2748,2276,0.007644991212653778,0.0034897076979053436,0.0010443826487034511,0.0028558875219683645,0.0035674729717696595,-5.873231388914122e-05
1391,2748,2320,0.006810344827586206,0.0024033793802244368,-0.0008857563253633202,0.002758620689655171,0.0036488211903891008,-0.0010090765371805175
1392,2748,2295,0.015250544662309365,0.006623339014714488,0.006960188990001003,0.0038779956427015243,0.00424516727251551,0.002247899480713675
1393,2748,2294,0.012903225806451611,0.005991461330476983,0.007925319234326962,0.003966870095902354,0.0038895411203467823,0.0038576790710843157
1394,2748,2334,0.011568123393316192,0.004895188346847062,0.002769272415991295,0.004884318766066837,0.004371663566718412,0.0012685634004674284
1395,2748,2263,0.009544851966416263,0.005140342552268122,0.00301565424345537,0.0034025629695095005,0.004101317782113643,0.0011695405906578045
1396,2748,2309,0.010134257254222607,0.004082163549274963,0.0038368139969056133,0.005846686877436118,0.005384671726211604,0.0030344840381220837
1397,2748,2266,0.012533097969991172,0.00462847759211983,0.005556779930321402,0.004545454545454544,0.005652368071287289,0.002748147395664153
1398,2748,2288,0.012587412587412587,0.0056683619947380205,0.005975927153956488,0.0030157342657342644,0.0037453492318522416,0.0016422440785596381
1399,2748,2287,0.01434193266287713,0.0069253277243718206,0.007116235120088005,0.004853519895059028,0.0037487511982993633,0.003091744550685226
1400,2748,2280,0.01008771929824561,0.0038091839721594227,0.0015885278607853783,0.0038596491228070164,0.0037885889261342113,0.0001910681604637699
1401,2748,2290,0.010742358078602618,0.0050816747715955075,0.0029287626739222623,0.00205240174672489,0.005023685388532713,1.6157256084686356e-05
1402,2748,2294,0.01150828247602441,0.004489650497669946,0.0039414854527889,0.002353966870095901,0.0022598898058645007,0.0002948576320106675
1403,2748,2315,0.0093304535637149,0.00471923835716217,0.0021418600892792418,0.006047516198704102,0.004909352825489742,0.0026990114906350563
1404,2748,2306,0.015004336513443189,0.005500615038750061,0.006444587822295559,0.0016478751084128345,0.0017403071385630258,-0.00016665280969287654
1405,2748,2293,0.011077191452245965,0.004983064823653158,0.004951932951266166,0.005102485826428258,0.006101935734079793,0.0035989695626806872
1406,2748,2311,0.01376027693639117,0.004896044340774611,0.005472432682546804,0.0019472090004327128,0.003893793642361085,0.00036287174881253673
1407,2748,2283,0.008935611038107753,0.00189519994270389,0.0037735796937457627,0.0024967148488830473,0.003985878834783607,0.001022010264110786
1408,2748,2295,0.011067538126361656,0.004452547475314248,0.002958964102721696,0.0035294117647058816,0.004962422682222454,0.000918271193244444
1409,2748,2282,0.012269938650306747,0.0036577061428455194,0.0038010494966257418,0.0005696757230499553,0.0025488584131322005,-0.001776920391283264
1410,2748,2297,0.014627775359164125,0.004075880785820238,0.006566749514429697,0.0031345232912494557,0.0024035037214135586,0.0013192124911917305
1411,2748,2304,0.010416666666666664,0.004406880441094215,0.003939198209024639,0.0016927083333333323,0.002973626315749293,0.000330960228251584
1412,2748,2290,0.010393013100436678,0.003974421711966024,0.0021602430699764613,0.002183406113537117,0.0034459726306463575,-0.0005119516819042718
1413,2748,2295,0.014030501089324614,0.003245814320163613,0.005619475384434198,0.00335511982570806,0.004150102342362567,0.0009633351719169384
1414,2748,2334,0.012253641816623822,0.005409264795423663,0.005697284781817561,0.003770351328191944,0.003430842114808115,0.002176961795282793
1415,2748,2285,0.011378555798687087,0.003797740606652611,0.0014953704690327469,0.0009190371991247255,0.003605303357388721,-0.0025082255894118403
1416,2748,2301,0.010343328987396783,0.0028593899946152013,0.0035561824521979837,0.003433289873967838,0.0031472910909609124,0.0009491132670256555
1417,2748,2325,0.011096774193548386,0.0031701362342834954,0.0028053313268112962,0.004086021505376343,0.0033584874887661416,0.0005200136248123442
1418,2748,2326,0.013843508168529663,0.005211464160958067,0.005843653334823231,0.0027085124677558026,0.00317520117083884,0.0006329786536804704
1419,2748,2305,0.008937093275488067,0.004256972351223476,0.0016208716209126191,0.0032104121475054217,0.0042942842276842055,0.0004758515605211049
1420,2748,2312,0.013148788927335637,0.005595698698046237,0.006129196326295606,0.005622837370242213,0.005231085825084504,0.003591046289287457
1421,2748,2269,0.015513442044953725,0.005548375441674342,0.009852358298634638,0.003085059497576023,0.00351670713531668,0.003384887772443317
1422,2748,2290,0.006637554585152836,0.0022175041384733325,-0.0020142617978686416,0.004541484716157205,0.004765021008096544,-0.0004528654390581952
1423,2748,2291,0.010563072893932778,0.004089794153610848,0.002451085235593474,0.00392841553906591,0.004837325436130041,0.0007932765274797788
1424,2748,2283,0.006657906263688128,0.0023824176157458327,-0.0021129147063516872,0.002759526938239158,0.003280799344497789,-0.0018270380732595543
1425,2748,2300,0.012086956521739129,0.004882169958018453,0.0043793811301238135,0.0036956521739130426,0.006090655973922787,0.001683141408435601
1426,2748,2293,0.01046663759267335,0.0034005061270886614,0.0008758238142864994,0.004797208896641953,0.0037587962255027692,-0.00016735507254546914
1427,2748,2300,0.0065217391304347805,0.0015686329084432544,-0.0009362454108653044,0.006782608695652173,0.005596963705908056,0.0014534534022714422
1428,2748,2272,0.014788732394366195,0.004998610043141334,0.006878700815247781,0.0033890845070422525,0.005148714977982865,0.001768560466502936
1429,2748,2295,0.009847494553376905,0.004961085764772139,0.003265055534869128,0.003311546840958605,0.004747055897069549,0.001362333645534866
1430,2748,2294,0.015431560592850911,0.005543533327606547,0.008856759183789845,0.005841325196163903,0.004170018370949547,0.004727175355794284
1431,2748,2264,0.012014134275618373,0.003917991457151941,0.00470692414093513,0.002252650176678444,0.0033847819573357505,0.0002836346639087633
1432,2748,2310,0.010649350649350646,0.004050051160256709,0.0035067338402861086,0.0032467532467532457,0.004928255489172684,0.001156876862001697
1433,2748,2290,0.009606986899563318,0.0027815231903439786,0.0012487668535172236,0.004803493449781659,0.005341950932136144,0.0009662960318899374
1434,2748,2295,0.011328976034858386,0.004224762492379775,0.004107489228117898,0.004313725490196078,0.004301312903016464,0.0015139521641213177
1435,2748,2268,0.009964726631393297,0.004159280491024984,0.003620271249122461,0.0035714285714285704,0.003590524356695458,0.001533149157008854
1436,2748,2314,0.012791702679343127,0.004593864265439263,0.005143453095063501,0.0031547104580812424,0.002850866439896836,0.0009091011921552339
1437,2748,2291,0.01257092972501091,0.004811678718684613,0.00500275557770622,0.002051505892623307,0.0023738990493304955,8.127520925907552e-06
1438,2748,2293,0.007413868294810289,0.0013973640688462966,0.0014443706592444847,0.0029655473179241157,0.0035515747172685124,0.000514942607304839
1439,2748,2271,0.010920299427564945,0.004459430381793803,0.005170277303002487,0.0014971378247468055,0.003475913570063815,0.001156704469094306
1440,2748,2302,0.010686359687228494,0.0032856510581067856,0.00428689648830067,0.0026498696785403992,0.0022366099023059583,0.0007494541232835098
1441,2748,2299,0.01339712918660287,0.004259955947564225,0.006598152322569835,0.0033492822966507164,0.004376867648527529,0.0021126851614606296
1442,2748,2299,0.008264462809917354,0.004296445312386611,0.001603697906021076,0.0024358416702914302,0.0050222842019571525,0.00018503454987427596
1443,2748,2308,0.01143847487001733,0.00400731562572306,0.0044952429892107185,0.0031629116117850944,0.00405785093175839,0.001399647183013434
1444,2748,2263,0.010340256296950947,0.0044577449896923875,0.004663254770018138,0.005877154220061864,0.005932556999005531,0.004049111903926033
1445,2748,2285,0.008315098468271333,0.0035996707356902554,9.963435371627056e-05,0.002319474835886214,0.00408884620081668,-0.0010387248677036168
1446,2748,2287,0.012418014866637515,0.002985425104802632,0.004669876784092326,0.004416265850459115,0.004666739538417735,0.0016875924246437341
1447,2748,2296,0.009668989547038325,0.002734994993950457,0.003010167712394134,0.005487804878048778,0.0034212657947102257,0.0024185460213993126
1448,2748,2278,0.00913081650570676,0.002850041436383779,0.0031676059955766736,0.00263388937664618,0.004237418454334716,0.0006338494349766065
1449,2748,2281,0.010434020166593599,0.0045889763929926036,0.00495943199460915,0.004033318719859709,0.004150800217642221,0.0026363643133708262
1450,2748,2304,0.00581597222222222,0.0023141596433706177,-0.0004025657524642935,4.3402777777776275e-05,0.001738183886227313,-0.002323121403851391
1451,2748,2289,0.013892529488859759,0.005043588431972794,0.0051341546419903985,0.004237658366098731,0.003998217217624211,0.0014305435561030957
1452,2748,2303,0.011029092488059052,0.0036543882709550676,0.005126989807492134,0.0034303082935301767,0.00429138499133635,0.0021163564970641527
1453,2748,2309,0.01238631442182763,0.0051439771303195695,0.006189843958935619,0.003811173668254656,0.004406497034097372,0.0026140490285764613
1454,2748,2297,0.012538093164997823,0.005059386483171728,0.005160404843169006,0.004484109708315192,0.004162810266785929,0.001944678091389473
1455,2748,2284,0.008931698774080558,0.0036906846885843125,0.0018763998705656603,0.0025394045534150593,0.0033072790639287835,-0.00029647919522914225
1456,2748,2311,0.009346603202077022,0.001969677524292961,0.0030855798846353448,0.0035915188230203365,0.0026881136710259147,0.000870405828681073
1457,2748,2303,0.011202778983933999,0.0033761392631281063,0.0018024215537749463,0.003951367781155015,0.0052159578947358065,-0.00012849916904939657
1458,2748,2310,0.010216450216450214,0.004205016806155564,0.000470226449682322,0.004025974025974025,0.004540963613618402,-0.0007135522825074173
1459,2748,2297,0.01149325206791467,0.004427128486455658,0.004189432395742497,0.0021332172398781006,0.002044230997650862,1.1531125077394336e-05
1460,2748,2326,0.008942390369733447,0.004276419615444515,0.0030843541108991554,0.00404127257093723,0.004177245718226979,0.001981098440188395
1461,2748,2283,0.010687691633815154,0.004508625976400896,0.003682165600245922,0.0031537450722733235,0.004031840221313196,0.0008636178251538283
1462,2748,2289,0.007164700742682393,0.002361418559337587,6.319484774371552e-05,0.0029707295762341625,0.00324572933204827,-0.00023545288268692337
1463,2748,2326,0.007910576096302665,0.0023889155759090337,0.001602258309264078,0.0015047291487532242,0.0029410210639761476,-0.0010197047568467307
1464,2748,2325,0.00903225806451613,0.003765841429898405,0.0025540127940651518,0.0050752688172043,0.005339001977009082,0.001990909635123625
1465,2748,2308,0.012911611785095319,0.0040307146729296126,0.005587399209863765,0.004896013864818023,0.0038406315816634324,0.0021795650915905945
1466,2748,2302,0.010251954821894003,0.0031636106082793647,0.0029480833588562023,0.0012597741094700246,0.00236112280764533,-0.0009797925769928278
1467,2748,2319,0.009228115567054765,0.0037658807888565557,0.0022670367110047217,0.0037516170763260007,0.004854251454349405,0.0010570399607323375
1468,2748,2297,0.010622551153678711,0.005102283481352077,0.0030832046596344156,0.00670439703961689,0.005824106467877133,0.003384973759242277
1469,2748,2293,0.012385521151330132,0.003463589359326468,0.0061013918383956344,0.004448320976886175,0.003912997519733795,0.0027265278607431836
1470,2748,2275,0.009318681318681316,0.003358486748044117,0.003438547842359181,0.0034285714285714275,0.004348962193089634,0.0018176771795225383
1471,2748,2258,0.008591674047829935,0.0026798137826653024,0.003072277811181479,0.0031886625332152338,0.0036440142484798653,0.0013980452031899708
1472,2748,2316,0.008808290155440412,0.0033561500993719295,0.001887538377094526,0.00012953367875647657,0.0023448149509880337,-0.0016442484236669215
1473,2748,2266,0.014739629302736099,0.006161688663627278,0.00813062023281576,0.005207413945278021,0.0043681383070189,0.004051498179907858
1474,2748,2291,0.01152335224792667,0.005401782575939085,0.005494608123540189,0.002226102138804014,0.0034034739672656215,0.0014133584418438143
1475,2748,2307,0.011270047680970955,0.00408548110194495,0.003778615272813106,0.007022106631989595,0.005829004215499745,0.0035409154383979004
1476,2748,2319,0.014316515739542904,0.005145714634814595,0.005866746033520707,0.0037084950409659325,0.004305526223428783,0.001432803926280219
1477,2748,2287,0.010056843025797986,0.0032038581318362207,0.0027858772001078673,0.003148229121119369,0.004554056557837909,0.0006508852619792875
1478,2748,2307,0.01309059384482011,0.0053984045969528455,0.004972230097088738,0.003814477676636323,0.0049123564088608285,0.0015930540303786649
1479,2748,2261,0.007872622733303847,0.0018155592356038268,-0.0013287947468315067,0.0030959752321981417,0.004803584597282341,-0.0018903250577767163
1480,2748,2306,0.010147441457068517,0.0038979175510689655,0.005500878476055887,0.0028620988725065037,0.003958888746176188,0.002041757269699551
1481,2748,2309,0.012906019922044173,0.004603366880715481,0.006567036310691221,0.0023819835426591583,0.002470383489664405,0.001286071996686665
1482,2748,2277,0.011067193675889327,0.004213180078768253,0.002878189670315759,0.003820816864295125,0.004368846292545996,0.0005758906004837809
1483,2748,2305,0.011193058568329715,0.0030109286164637723,0.0040812933315766435,0.0022125813449023844,0.0030361888085016094,0.0002593877622214758
1484,2748,2291,0.010824967263203839,0.003847882742741753,0.0027165722554004256,0.005325185508511566,0.006091340396207464,0.0020107530416506396
1485,2748,2332,0.010977701543739279,0.005511673682325662,0.0033608743505319887,0.004888507718696396,0.006857232284406,0.0025377948147182125
1486,2748,2265,0.01704194260485651,0.006943271480584667,0.008151800211115728,0.004679911699779249,0.005588729024385319,0.0029049464569570168
1487,2748,2280,0.012982456140350875,0.004470981242186433,0.005400698473692571,0.006140350877192981,0.005405786554466552,0.0033207935658411273
1488,2748,2311,0.010990913024664647,0.004444813598789023,0.005744153375519287,0.004283859800951968,0.0036318849218614194,0.0031487220888245715
1489,2748,2280,0.013771929824561402,0.004813472794430153,0.006340636909323073,0.004561403508771929,0.004212352382768405,0.00256499311925395
1490,2748,2282,0.00990359333917616,0.004407313414341491,0.0021042252850153923,0.005214723926380366,0.004115927309404332,0.0015979925754782097
1491,2748,2313,0.012364894076956331,0.0037278253750934413,0.004850866304909133,0.004582792909641158,0.0038897033836454127,0.002171220474776113
1492,2748,2281,0.010258658483121436,0.0027200586310745277,0.0023130240100999074,0.0042963612450679515,0.004319754912200205,0.0006891458784267584
1493,2748,2298,0.014012184508268057,0.004507520706266226,0.0059261327853072825,0.0047867711053089625,0.0032592012719819554,0.0018763455906608561
1494,2748,2305,0.009284164859002167,0.003223665615293638,0.0018977453768454495,0.004121475054229934,0.004238374146901621,0.0009623170375252068
1495,2748,2298,0.011488250652741514,0.004705834315466276,0.004054741433252019,0.0026109660574412524,0.004438324916127312,0.000583862502285185
1496,2748,2299,0.01591996520226185,0.004943038453712776,0.00911786454827421,0.005219660722053065,0.00569089836999834,0.004052001958693732
1497,2748,2290,0.009432314410480348,0.00340063978686691,0.0024769254690813914,0.004104803493449781,0.003644048229766433,0.0011040994913183787
1498,2748,2309,0.008575140753572973,0.004323071470018955,0.0018720590507799709,0.001429190125595495,0.0037920130855006303,-0.0004383370361942608
1499,2748,2303,0.009205384281372122,0.0032751873436216846,0.003887024327900863,0.003300043421623967,0.003260419682546565,0.0017065882884311232
1500,2748,2309,0.016370723256821134,0.00727031864672502,0.005815473561044852,0.004504114335210047,0.00533117659342121,0.0013791722321184233
1501,2748,2333,0.013116159451350189,0.004866334266426099,0.004309047531321604,0.006986712387483925,0.008365991080281215,0.0033478393280618563
1502,2748,2338,0.013173652694610778,0.005537263738845976,0.0053058837385718,0.005731394354148843,0.004428284054796165,0.0028932959042373895
1503,2748,2236,0.007960644007155633,0.0021667232264612375,0.001345903600770989,0.004248658318425759,0.003442049400828971,0.0011105621399513574
1504,2748,2333,0.01097299614230604,0.0059356197070791344,0.005004317103640534,0.0036433776253750523,0.004049119822845023,0.0022741175411991736
1505,2748,2321,0.010685049547608787,0.0041377761771409826,0.0020666320537627526,0.0028005170185264974,0.005131395138882338,-3.149545308137419e-05
1506,2748,2300,0.011043478260869564,0.005013559900122082,0.0023945785820305033,0.0030434782608695643,0.003971174192130214,9.53845285865246e-05
1507,2748,2346,0.014578005115089512,0.005270590602794111,0.007047849705026948,0.006947996589940323,0.00658569807402526,0.004682989495803131
1508,2748,2302,0.013032145960034752,0.00456561633014278,0.004142425024356783,0.0023457862728062558,0.004431992290077258,-0.0005408575084365054
1509,2748,2282,0.011393514460999121,0.0054457805783001976,0.004618643525256605,0.0027169149868536365,0.002977803527040686,0.0010797961784572523
1510,2748,2348,0.009114139693356046,0.0033461818978521092,0.0018024093368920837,0.0031516183986371364,0.003929156652944613,0.00021846425785539285
1511,2748,2297,0.012538093164997821,0.004123888154468747,0.005423898470376026,0.0033521985198084452,0.0049045704691243345,0.0013441995388222504
1512,2748,2290,0.007685589519650653,0.003271534243680946,0.0025650943701011676,0.001659388646288207,0.002009655747865631,-0.00020591453501619773
1513,2748,2286,0.014260717410323706,0.006752262141381205,0.007582716913898549,0.002930883639545056,0.00422541758493193,0.002151549954779748
1514,2748,2329,0.01185057964791756,0.004435191168086565,0.004624120274109881,0.0034778875053671087,0.004900526624562046,0.001425746046831238
1515,2748,2270,0.01092511013215859,0.005195063216949795,0.004325078421542731,0.003788546255506607,0.005330615171753998,0.0020732554047154074
1516,2748,2333,0.009258465495070723,0.002690188154613807,0.00033131893071723135,0.0035147878268324043,0.004550226145263129,-0.0007792114235019693
1517,2748,2281,0.010434020166593599,0.0025794366955059927,0.00263459621418529,0.0017097764138535728,0.002968741619698585,-0.000724176286709258
1518,2748,2311,0.009173517957594112,0.0017789830631415543,-0.00032484943456251894,0.005928169623539593,0.005566826401168075,0.00030907222048987497
1519,2748,2315,0.006997840172786175,0.002281868838805045,-0.0017471607529422834,0.001382289416846651,0.00352350949711273,-0.0028265201385189384
1520,2748,2280,0.007192982456140349,-0.0004465972843452742,-0.0011930756280392474,0.0013157894736842098,0.0002654669401791198,-0.0032613417925918377
1521,2748,2313,0.010462602680501512,0.002760995422912507,0.00366288228830499,0.004280155642023345,0.0038873253363269898,0.001952947770288093
1522,2748,2315,0.010453563714902806,0.0032926712005963018,0.0021375894622220433,0.006479481641468681,0.005109379306685123,0.0019882707293196085
1523,2748,2314,0.010717372515125324,0.005118254617886785,0.004532564558223586,0.0023336214347450296,0.003994344558092873,0.0010746858710920498
1524,2748,2293,0.009332751853467073,0.002986809052377468,0.002513468892556784,0.002834714348015699,0.00249074255640381,-3.520518544231556e-05
1525,2748,2278,0.00886742756804214,0.0031462825598233546,0.0025312531292404363,0.003072870939420543,0.0035247300505037563,0.0004968091540417535
1526,2748,2299,0.009395389299695517,0.003617541442562899,0.002854295635427137,0.0037842540234884724,0.004762742949750289,0.0016520274915161777
1527,2748,2293,0.01116441343218491,0.004966195083953302,0.005349986371690225,0.0021805494984736143,0.0027070109260847884,0.0011792131291985916
1528,2748,2284,0.01138353765323993,0.006433375183135638,0.004067013152675567,0.004290718038528895,0.003910714760553438,0.001949851842540502
1529,2748,2276,0.008963093145869946,0.0027823566944956643,0.0027642921214712643,0.0028119507908611592,0.0021357454049499174,0.00014027244827579782
1530,2748,2277,0.01317523056653491,0.0036085201787192473,0.006864126384401218,0.0057531840140535775,0.005287705545949514,0.0039923271156571995
1531,2748,2279,0.009741114523913996,0.002366100872431764,0.0021253470289884936,0.00552874067573497,0.0051810733386723875,0.0017204880132415047
1532,2748,2300,0.013565217391304346,0.00532313452284631,0.006536246305980582,0.005913043478260869,0.006720273272387729,0.004057022380246893
1533,2748,2290,0.013537117903930128,0.004987484099680767,0.004249887158726529,0.003493449781659388,0.005568931612926192,0.0005215578710521336
1534,2748,2309,0.010220874837592028,0.0038318713505434247,0.0016048217087236414,0.0023386747509744465,0.002904843198816999,-0.001113160024932817
1535,2748,2314,0.012791702679343129,0.00500184366310495,0.005402033770403714,0.004019014693171995,0.004184761751343179,0.0023083093834828407
1536,2748,2286,0.010936132983377075,0.004023770485147655,0.004042086778813465,0.0007874015748031485,0.0037845107465793336,-0.0009504727012004348
1537,2748,2295,0.011328976034858385,0.004913129770564405,0.004043578733506971,0.004488017429193899,0.005496198241985574,0.001979337486020197
1538,2748,2349,0.011323967645806725,0.0042917356475600885,0.0035070532308230356,0.002979991485738611,0.004883422271628573,0.0004260755938556276
1539,2748,2295,0.010893246187363832,0.0027973940948829803,0.003302210596050088,0.0026579520697167756,0.003022443249643941,0.0002699562886631922
1540,2748,2307,0.016558300823580403,0.006096694768119691,0.006919147623019694,0.005981794538361508,0.004848538977316377,0.002705500805625286
1541,2748,2304,0.012239583333333331,0.004949554391213937,0.005359517921060779,0.0038628472222222215,0.00482994570288677,0.0019258793655737522
1542,2748,2274,0.014423922603342127,0.004965252559422797,0.004000725371632403,0.005496921723834651,0.005224921005645565,0.0014731505447386363
1543,2748,2279,0.014918824045634048,0.007299065733981629,0.007340288125478118,0.004607283896445808,0.006039555447149937,0.003395188578010772
1544,2748,2303,0.012158054711246197,0.004614436926463777,0.003826612396295892,0.001823708206686929,0.003635044317942544,-0.0005604388257073262
1545,2748,2300,0.010956521739130433,0.004066204534474311,0.004668184926742583,0.003608695652173912,0.004760189734572083,0.0019292367184411809
1546,2748,2299,0.011048281861678989,0.004971014153571559,0.0033744763968476094,0.004654197477163983,0.00546408453351977,0.0017799343127168376
1547,2748,2269,0.008109299250771263,0.0034063496255691203,0.002221752340303866,0.004892022917584837,0.0046601731465206854,0.002232476327132913
1548,2748,2299,0.010787298825576334,0.004271541516941791,0.004506252937939227,0.003436276642018268,0.00310025109651159,0.0014020334247376782
1549,2748,2298,0.007658833768494342,0.004276361254782021,0.0005965328036237408,0.0018711923411662303,0.004666971648730833,-0.0006091115189345482
1550,2748,2283,0.010249671484888305,0.0034292661826218827,0.001795409379352762,0.0020148926850635123,0.0034058091915373065,-0.001463060011882391
1551,2748,2295,0.00906318082788671,0.003999168396027598,0.0013499007869316748,0.004226579520697167,0.005107965048252716,0.0008383249734360687
1552,2748,2328,0.010824742268041235,0.005295062281899061,0.003973887801618365,0.004209621993127147,0.004356382710999658,0.0017310915907970497
1553,2748,2312,0.011937716262975776,0.004086439657254472,0.004515047528279105,0.004368512110726643,0.004792888816427964,0.0015700810212053598
1554,2748,2326,0.011349957007738606,0.00362685107729401,0.0036288798734400627,0.002106620808254513,0.0023403179322444997,-0.0005349065698887534
1555,2748,2303,0.010508033000434213,0.003987739459343282,0.003808982616906745,0.0029526704298740766,0.004677459763090786,0.0006173936879763727
1556,2748,2294,0.007061900610287705,0.002783199367900964,0.0010048274092804188,0.004097646033129903,0.004304381213698123,0.0013084952704695008
1557,2748,2293,0.009158307893589184,0.004490671503499153,0.0017952495817433693,0.003576101177496728,0.003981870749600151,0.0006261788783336879
1558,2748,2317,0.014242555028053515,0.004738376854455309,0.005755976909985412,0.0035390591281829944,0.0030557498048304947,0.0008441037501078851
1559,2748,2330,0.015193133047210297,0.005675309357270046,0.006777935904418665,0.003090128755364806,0.004277464779982582,0.0012149456832392103
1560,2748,2284,0.014185639229422066,0.00455436131703287,0.005590906073866443,0.0029334500875656732,0.004916094801245592,0.0009495492222783547
1561,2748,2328,0.010567010309278348,0.0035447855696574726,0.006471153016826778,0.00017182130584192322,0.0017963181143160181,0.0005665359422014797
1562,2748,2301,0.0126032159930465,0.0050177020639446505,0.005132998437836664,0.005780095610604084,0.00554403437894347,0.003082101190853922
1563,2748,2311,0.009606231068801383,0.005087320767241702,0.0034063434144755143,0.0011250540891389006,0.0021164363077409657,-0.00018925083713292173
1564,2748,2298,0.01322889469103568,0.0038128667563002336,0.004414884009958936,0.005178416013925151,0.005422489173321379,0.0015699304948229207
1565,2748,2298,0.010704960835509137,0.003753915496559562,0.004542501002939456,0.006440382941688423,0.006079267549547491,0.004085166087538112
1566,2748,2315,0.008293736501079911,0.0023737937893577284,0.0030718501050532635,0.002894168466522677,0.0038168360651752112,0.001186088279553736
1567,2748,2319,0.013109098749460974,0.004514267519983697,0.005236250644212915,0.003665373005605863,0.0031219214474663766,0.0011400345411020944
1568,2748,2334,0.009083119108826048,0.0034391107641830077,-0.0010258614252660683,0.0026563838903170514,0.003972130690052657,-0.002361695017278845
1569,2748,2297,0.006878537222464083,0.003043025637930671,0.0009366575115945858,0.0007400957771005658,0.003370673175605392,-0.0008558128406673372
1570,2748,2290,0.013362445414847159,0.004106685280829518,0.0038126144164477506,0.005545851528384279,0.005125241952904328,0.001383172539791548
1571,2748,2278,0.01141352063213345,0.004722114893003297,0.004187033766507694,0.0035996488147497802,0.004138473116375267,0.0013660562298912836
1572,2748,2317,0.012257229175658179,0.004734366368422082,0.004053026877860746,0.003927492447129909,0.0049138666393337815,0.0009452423008397685
1573,2748,2317,0.014933103150625807,0.005635614736055789,0.007175813519141418,0.005308588692274492,0.00608535036522873,0.0034241533129756307
1574,2748,2273,0.008358996920369554,0.0033660316000329177,0.002502955188692316,0.0020677518697756257,0.0029563783803517834,0.00018763314335112284
1575,2748,2291,0.010301178524661718,0.0042373621548519634,0.0042226611808681225,0.0038847664775207326,0.00294024483276403,0.0018427196121544801
1576,2748,2326,0.008254514187446257,0.002594807635115086,0.00027501422378394344,0.0025795356835769546,0.0036515663394691717,-0.0015361228253037399
1577,2748,2304,0.013194444444444444,0.0042314691870178455,0.0038791483272748836,0.0049479166666666664,0.005423058783051065,0.001415797621403904
1578,2748,2341,0.0121315677061085,0.005450790003717557,0.006829477628473701,0.001110636480136692,0.00341373113880731,0.0010559555770291544
1579,2748,2301,0.010256410256410255,0.003861055448095286,0.002622536472407224,0.003085614950021728,0.003237669300395378,0.0002513547266076376
1580,2748,2310,0.009437229437229437,0.003752503308350189,0.0024442462593671885,0.003290043290043289,0.0033177776758871375,0.00043730622459956187
1581,2748,2297,0.01036134087940792,0.003772993141320273,0.0019172090251234454,0.004440574662603394,0.004272237251277941,0.0007210936941063118
1582,2748,2317,0.010099266292619764,0.004366228352194081,0.0039004469960950104,0.005394907207596028,0.006197992036488605,0.003110196647269915
1583,2748,2306,0.012142237640936684,0.004036406801397513,0.003923408379477131,0.006027753686036426,0.005292528158418993,0.0027650568199483814
1584,2748,2333,0.00934419202743249,0.004404327643727061,0.003771489447963004,0.004029147021002999,0.006415377328999032,0.0025320191763611834
1585,2748,2312,0.010467128027681658,0.004039593078043151,0.002016224432534158,0.0038927335640138393,0.005716803573518518,0.0005505041141012911
1586,2748,2294,0.01124673060156931,0.004761887958095002,0.005178460002958819,0.004184829991281603,0.00396906954123492,0.002593561029257101
1587,2748,2292,0.01614310645724258,0.005903080417997874,0.006336408697597876,0.00606457242582897,0.00615867398194077,0.0030270881852362715
1588,2748,2284,0.007880910683012258,0.0030019599909397996,0.0008867344475034023,0.0017950963222416808,0.003653780964393996,-0.001007126218103625
1589,2748,2311,0.012548680225010817,0.0045293599618795735,0.0047476968841086075,0.0012981393336218075,0.003448004784447096,-0.00020030360842112504
1590,2748,2291,0.010650371017023132,0.003655609116824084,0.004063361539618386,0.007376691401134873,0.005611818220746504,0.00405599777288056
1591,2748,2275,0.008791208791208788,0.002975924545202992,0.00027343596853617117,0.004615384615384615,0.0034072551325019774,0.00011560070233086417
1592,2748,2301,0.009039548022598869,0.0051785342739934905,0.0012300591247182617,0.00321599304650152,0.00407711780810609,-0.0001052811857995587
1593,2748,2262,0.01237842617152962,0.005416169179324932,0.004667958676738205,0.005614500442086648,0.003931799284739259,0.002709143342423576
1594,2748,2290,0.010305676855895195,0.002974579538150304,0.003972938781423122,0.002008733624454148,0.0033762196104711183,0.00027514691779899965
1595,2748,2269,0.008550022036139266,0.0027167763297514134,-0.0006369468335726008,0.004803878360511237,0.004758298378277595,-0.00011966753618622818
1596,2748,2294,0.01124673060156931,0.004402141029733339,0.005470632982106026,0.002789886660854402,0.003066428815662856,0.001609380008870135
1597,2748,2298,0.009312445604873801,0.0015447672976657263,0.0035319503671951634,0.0025674499564838976,0.0027784843493834587,0.0003372315949900918
1598,2748,2305,0.012147505422993489,0.0041749091104989495,0.004256601467208451,0.006767895878524945,0.004423977632034804,0.003070886660488158
1599,2748,2253,0.006835330670217487,0.0011729673348134448,-0.0002455244763443532,0.0052818464269862395,0.004363293704123167,0.0010794278382612703
1600,2748,2302,0.01450912250217202,0.0057507787699463755,0.006391797468925775,0.005039096437880104,0.004380299411624046,0.0029535617303798516
1601,2748,2315,0.010885529157667384,0.003914803054018547,0.004234775985788936,0.005917926565874729,0.006905115950761406,0.003265660391253564
1602,2748,2330,0.012446351931330469,0.004415720509910802,0.004396008118470163,0.004978540772532188,0.00404867306697558,0.0017110304269941205
1603,2748,2305,0.01214750542299349,0.005667850258574504,0.005610486856229961,0.005292841648590021,0.005264649696258128,0.0034315635602057415
1604,2748,2331,0.008580008580008578,0.0028086259117492806,0.0023877847241328336,0.001630201630201629,0.001493747694635668,-0.0006460200744520102
1605,2748,2278,0.012291483757682176,0.0047739846253245215,0.004298677802608178,0.0033362598770851617,0.0054515454276191,0.0010835460319516012
1606,2748,2288,0.0104020979020979,0.003274382319074737,0.002982883035705948,0.007823426573426573,0.005412853331055822,0.00369479610638396
1607,2748,2307,0.010836584308625921,0.003816199572476318,0.00501236719517805,0.0034677069787602934,0.004837665609251583,0.0024439365945658604
1608,2748,2298,0.01270670147954743,0.004034243108635795,0.006497381363883118,0.0022193211488250636,0.0037923315450617092,0.001728212442520606
1609,2748,2282,0.012795793163891322,0.004935411121430496,0.006772403622845709,0.00530236634531113,0.0038345438325479873,0.0036451132339825006
1610,2748,2287,0.00909488412767818,0.00324862216360021,0.0024517969979523193,-0.0006558810668998696,0.0025392962089100897,-0.002086193746628666
1611,2748,2294,0.01142109851787271,0.003693662987900346,0.0032901060778396645,0.004359197907585003,0.005203638271516568,0.0012641500442057536
1612,2748,2319,0.01319534282018111,0.004475008886421124,0.003322553694034389,0.0037084950409659325,0.004306882599119254,0.0001556385118525918
1613,2748,2292,0.011780104712041882,0.0038141010681854003,0.0058799105963630235,0.004493891797556718,0.005226121541162266,0.003201729107027055
1614,2748,2320,0.011551724137931034,0.005243523043614749,0.004731821630605132,0.0031465517241379298,0.004414565009028835,0.0014856000145797926
1615,2748,2296,0.010540069686411148,0.0040577492827817765,0.0030912643440962617,0.0022212543554006965,0.003691699697514289,-7.66567329549168e-05
1616,2748,2289,0.009873307121013543,0.003308054835445442,0.004002039781494596,0.0025338575797291393,0.003068777409540279,0.0008011656191427243
1617,2748,2320,0.010086206896551722,0.002902847846725132,0.0026906481152969963,0.004051724137931033,0.003980109516740687,0.0010331615786478396
1618,2748,2319,0.011384217335058214,0.004985026645623727,0.003248974608825299,0.00379473911168607,0.00419364874599903,0.0004492053843135486
1619,2748,2333,0.012601800257179597,0.004881462152324198,0.0041997221450477806,0.00445777968281183,0.005100372578260692,0.0013359834507945328
1620,2748,2312,0.008996539792387542,0.0023626737561203157,0.001873509319007691,0.001816608996539792,0.003808152624301449,-0.0006816617448875535
1621,2748,2281,0.010872424375274001,0.0021382168880307146,0.001127161088062325,0.0020604997807978946,0.0016293640828786333,-0.002324266564672803
1622,2748,2309,0.012213079255088782,0.005855843161897879,0.00577290952159556,0.0010827197921177987,0.004184866048132076,0.00053625776600658
1623,2748,2260,0.014690265486725662,0.006501027391741419,0.007852025007384468,0.008407079646017699,0.006320576010381511,0.006153699740133375
1624,2748,2294,0.014210985178727115,0.0051918888747059366,0.008432214529668922,0.0014385353095030498,0.0012013613166816561,0.001489103512123968
1625,2748,2281,0.010609381850065758,0.0042990414960869345,0.0032581709571284246,0.0028934677772906605,0.0039397700496278994,0.0003905306923955589
1626,2748,2325,0.008602150537634407,0.0038543077363749016,0.0028838916248637627,8.602150537634297e-05,0.003636346909807605,-0.0007493022533140257
1627,2748,2314,0.014001728608470178,0.004270966449541155,0.006515150907873579,0.005963699222126187,0.0038501546614367705,0.0033442493136806714
1628,2748,2297,0.00888114932520679,0.0031413544974824422,0.0009714278972165364,0.0023944275141488886,0.0029174589818688297,-0.0010882733112272326
1629,2748,2323,0.010073181231166592,0.0037607464764760367,0.0010717583517917807,0.0037021093413689187,0.003810888703836441,-0.0005139317461770359
1630,2748,2301,0.013472403302911778,0.00450741815910058,0.005503635773305705,0.004650152107779226,0.003916823799884146,0.002092915437284012
1631,2748,2279,0.012461605967529618,0.0036181956928726146,0.0035397149406740575,0.005221588415971917,0.0037904197002753726,0.0012707308691088889
1632,2748,2261,0.012472357363998229,0.004794631769668744,0.004189358385485833,0.005528527200353824,0.007013780748665237,0.00230138411548935
1633,2748,2305,0.009978308026030367,0.002632625377337044,0.003741810009155679,0.002863340563991322,0.0037183259714642885,0.001149181331452714
1634,2748,2303,0.01250542770299609,0.0038071248322262136,0.004173402707641173,0.001650021710811983,0.001112710213502254,-0.001046380463953188
1635,2748,2284,0.010332749562171626,0.002815067079117555,0.0031737388214820627,0.00402802101576182,0.003567154096058887,0.000867619022057936
1636,2748,2284,0.009719789842381784,0.004570758379526776,0.0045099443355765155,0.0026269702276707513,0.003120550419678856,0.0015651230329215041
1637,2748,2296,0.012456445993031357,0.003949011230643296,0.0042082784444125035,0.003963414634146341,0.004230524924041735,0.0010171221388618483
1638,2748,2300,0.011565217391304347,0.003818125837039895,0.004500550493691361,0.0032608695652173903,0.004011284122604686,0.0014142284384883437
1639,2748,2294,0.01089799476896251,0.0033536472177153995,0.004227939653970244,0.0038796861377506523,0.003566226451406609,0.001900030837122051
1640,2748,2295,0.005751633986928103,0.00036709446860661683,-0.0019596590379654774,0.0032679738562091487,0.004826107873427641,-0.001043695568107238
1641,2748,2331,0.011668811668811669,0.0056979130003951715,0.005074030363689346,0.0037752037752037757,0.005429831621203975,0.0023679806660156085
1642,2748,2351,0.007571246278179497,-2.65615957843277e-05,0.0014491093714726513,0.004338579327945554,0.0025199081238972084,0.0007900351618472303
1643,2748,2330,0.01021459227467811,0.003262946279437066,0.0021414009157569663,0.0003433476394849776,0.002446126158063955,-0.0019749375389920103
1644,2748,2281,0.009995615957913194,0.002386596591010597,0.0015788757674340915,0.005611573871109161,0.00442726320740209,0.0014887640291280512
1645,2748,2271,0.01549977983267283,0.005969213560779944,0.007544879868947782,0.003390576838397181,0.005044156508206372,0.002224212268597158
1646,2748,2299,0.012179208351457155,0.0037165555159295984,0.004972749481449946,0.003305785123966941,0.0032613394619219155,0.0012060304844761424
1647,2748,2303,0.00972644376899696,0.0029211903431474915,0.0024122659520838608,0.0038211029092488046,0.003865704866644789,0.0007928854258314549
1648,2748,2283,0.012001752080595706,0.004248428445694861,0.005180797521630421,0.00424879544459045,0.0035871623436420468,0.0023340649999713556
1649,2748,2316,0.009930915371329877,0.0022801212120661207,0.002322761737831238,0.003842832469775473,0.0026451249259679815,0.0003336393721147229
1650,2748,2323,0.011708996986655186,0.006242768543447339,0.005359491757202526,0.006026689625484286,0.006405756376942436,0.004053195174775583
1651,2748,2242,0.011061552185548615,0.005091037989290002,0.004021222957985454,0.0025869759143621746,0.004454152222695272,0.0010873304811696797
1652,2748,2310,0.010995670995670993,0.004993044381091146,0.0057873504224346525,0.004458874458874457,0.00546287335911556,0.0038881387876644148
1653,2748,2241,0.010263275323516285,0.003970373090630388,0.0030345025216558974,0.0037483266398929036,0.002686472781469613,0.0004758246511193753
1654,2748,2274,0.009322779243623569,0.004087162439171066,0.0018455312536769998,0.0020228671943711514,0.0034657930696756468,-0.0003103989589422215
1655,2748,2309,0.011520138588133388,0.005624635044709202,0.0029306247468440265,0.00437418796015591,0.003988727117100958,0.0010691338390548583
1656,2748,2305,0.011713665943600866,0.005062826558703778,0.004968739055393495,0.005249457700650759,0.006908513975630537,0.0031773674907078437
1657,2748,2292,0.010994764397905758,0.004606514520568441,0.0033295552901373825,0.003141361256544502,0.003370309376309968,0.00030317873642475145
1658,2748,2294,0.008544027898866605,0.002342520107667109,0.002441808035660402,0.001176983435047951,0.0035861728079128923,-0.0003513805951277079
1659,2748,2298,0.010095735422106178,0.0034429662089323562,0.004834557486808155,0.0023933855526544812,0.0032121439970930403,0.0009984760939124916
1660,2748,2247,0.010769915442812637,0.0033211790093701813,0.003478541962913975,0.0048064085447263,0.00538995168286461,0.0021398443177592956
1661,2748,2279,0.009477841158402807,0.003580835618660275,0.0029449491958752627,0.00587977182974989,0.005624165559893218,0.0029251191997110406
1662,2748,2310,0.010822510822510819,0.003418921185590087,0.0037226959137714624,0.003593073593073592,0.004327340813049932,0.0009094982793313298
1663,2748,2299,0.011570247933884299,0.005438783084673107,0.002688441494387707,0.003088299260548063,0.005110901581216989,0.00013890635933550626
1664,2748,2309,0.014984841922910348,0.0037928963958623768,0.007128299720075896,0.0037678648765699426,0.0039003923738335044,0.0019424242723059327
1665,2748,2316,0.012953367875647668,0.00405861219451087,0.005784826599871076,0.004663212435233159,0.0050272848449716325,0.002685444117913437
1666,2748,2287,0.010231744643637951,0.002378458773345271,0.002211871471934814,0.0029733275032794043,0.0034069182451784085,-0.00021673953678562604
1667,2748,2301,0.011907866145154279,0.002578546617865252,0.006887873387227575,0.0015210777922642325,0.0022872525279184217,0.001088154327247402
1668,2748,2297,0.010796691336525902,0.004082328514724291,0.001881885895759523,0.006617326948193294,0.006336613225354279,0.002193970729317929
1669,2748,2307,0.010229735587342867,0.004359156579274615,0.002479473896126569,0.001907238838318161,0.003289554106508469,-0.0007658729456231093
1670,2748,2302,0.008427454387489137,0.0024134863741058095,0.0012985533293962959,0.004344048653344916,0.003919658567068893,0.0008319829053603819
1671,2748,2321,0.00947867298578199,0.003863058454591702,7.188854872603066e-05,0.0025420077552778964,0.004571304434064551,-0.0015456030379703588
1672,2748,2274,0.010026385224274405,0.004613294787528113,0.003216922074614524,0.0018029903254177652,0.002572128624074237,-3.502097449054498e-05
1673,2748,2304,0.01050347222222222,0.0035790695755830767,0.0044748097933268866,0.006293402777777776,0.005703308510639721,0.0039328416269683135
1674,2748,2276,0.01001757469244288,0.003817846605629752,0.003286908422571867,0.0028998242530755692,0.0033304091513037723,0.0005471132705944798
1675,2748,2315,0.01244060475161987,0.004894480958975617,0.00388313348281449,0.002980561555075593,0.003736615694068207,0.00013743841726151663
1676,2748,2296,0.011498257839721252,0.004120752095934302,0.004823158677006938,0.008057491289198604,0.0055417038040580496,0.004722396576183366
1677,2748,2297,0.011667392250761861,0.002843251913667705,0.004611642072151048,0.0025250326512842826,0.0033960658504253055,0.0007316552269816575
1678,2748,2327,0.012204555221314996,0.004341210470557753,0.005723388950148237,0.00485603781693167,0.004881082379981006,0.0031546471002445987
1679,2748,2292,0.008202443280977311,0.004336523117642428,0.002445271256523646,0.0018324607329842917,0.004673518835549759,0.00033171668552610205
1680,2748,2295,0.012461873638344225,0.006047217928337152,0.005665468093545091,0.003834422657952068,0.004155539196558213,0.0022227659157232093
1681,2748,2256,0.011436170212765957,0.004571056856520981,0.005327375047965888,0.003634751773049644,0.0034079749596436578,0.0018795220150200323
1682,2748,2314,0.012445980985306826,0.005326375450839775,0.004959131701226362,0.004105445116681071,0.003930061918110754,0.0017457313748814067
1683,2748,2266,0.014474845542806706,0.0055747021897475935,0.006477891631254609,0.002868490732568402,0.00494937622250185,0.0015684791500801525
1684,2748,2283,0.008672798948751642,0.004289997056718052,0.0031071735682662036,0.004818221638195356,0.005723385191171467,0.002624584856694042
1685,2748,2284,0.010858143607705779,0.0028560993406281697,0.0023781577007698325,0.006304728546409806,0.004866033422486422,0.0017925973304237282
1686,2748,2280,0.009649122807017543,0.0034553400263566993,6.727697199642285e-05,0.003947368421052631,0.0033029257539010544,-0.0009125578160698022
1687,2748,2318,0.012165660051768765,0.0044037115604367225,0.00291296057182584,0.0033649698015530624,0.0023122039274434893,2.59247099041362e-05
1688,2748,2309,0.013339107838891294,0.005386940245356985,0.0071407403616795696,0.0003464703334776948,0.0035732436471089565,0.00047395489977175294
1689,2748,2288,0.015297202797202798,0.006723167312624845,0.009178357442065015,0.004414335664335662,0.005246461162977142,0.004034128846044979
1690,2748,2291,0.011959842863378435,0.004292050844393096,0.0017973226834128305,0.00689655172413793,0.006796945730905655,0.0018710772125777905
1691,2748,2292,0.012914485165794064,0.0046877460098653555,0.006643134526875728,0.005759162303664921,0.004819633628535551,0.0038700244122699054
1692,2748,2301,0.010777922642329421,0.00490671943770611,0.003985409218074538,0.002607561929595827,0.004060158019519044,0.0005639013741105962
1693,2748,2292,0.011169284467713786,0.0056300622144049494,0.005222630967518372,0.0021815008726003477,0.003721731452858356,0.00120535784357109
1694,2748,2299,0.012092214006089603,0.004190512617357004,0.004977292753090947,0.002783819051761634,0.004157104100430917,0.0014168014458729537
1695,2748,2324,0.010843373493975902,0.004715226354900481,0.0017775812713848405,0.0020654044750430295,0.004214516579596603,-0.0013398021546925328
1696,2748,2271,0.01065609863496257,0.004663423611430642,0.004879683602578818,0.0039189784236019366,0.004278427543551114,0.002598853176465706
1697,2748,2326,0.014015477214101459,0.0041606426087208255,0.006945129892917744,0.0011607910576096295,0.0026397442111024028,0.0001747473620989538
1698,2748,2258,0.010983170947741362,0.005703134942200602,0.003876943286083219,0.003365810451727191,0.0059181231275296274,0.0011910136946847304
1699,2748,2299,0.015658982166159196,0.006539121402490234,0.0076046878686521525,0.003131796433231839,0.004628511782545356,0.001982252549796204
1700,2748,2303,0.010421189752496741,0.0039024136347495884,0.003503801872427787,0.00169344333478072,0.00361106196906426,-0.00011016406767535588
1701,2748,2296,0.008101045296167248,0.0024206104888976746,0.0022677508221128975,0.0037020905923344934,0.003607760798500775,0.0010875003484697675
1702,2748,2261,0.00822644847412649,0.0015295687194229494,0.0015229672346488536,0.004378593542680229,0.002796579548406671,0.0005751156596867324
1703,2748,2290,0.011353711790393012,0.004444152847964899,0.004610045649974337,0.002969432314410479,0.0036212114547471233,0.0012994604535001033
1704,2748,2295,0.010806100217864923,0.005012315527675316,0.002522516533754091,0.004793028322440086,0.00628891307484563,0.0013280731739780467
1705,2748,2268,0.009082892416225747,0.0034645240960255678,0.002635190146374247,0.0023809523809523803,0.003826587112810325,0.00016196829467075721
1706,2748,2331,0.01081081081081081,0.004822139495364102,0.003599629153480204,0.005190905190905191,0.006691175443309892,0.0027120943935098375
1707,2748,2309,0.007708964919878734,0.002449494544664611,0.0007150914836139447,0.00242529233434387,0.0019792545880155106,-0.0008309612083830894
1708,2748,2335,0.010107066381156318,0.004183948765891371,0.002797223681253421,0.0039400428265524605,0.005687579681839789,0.001654849427129787
1709,2748,2293,0.0064544265154819,0.001901320357039147,-0.000123012739010577,0.002660270388137809,0.0023248460780839583,-0.0005490765547488243
1710,2748,2305,0.01197396963123644,0.00418777660900165,0.003480503071835322,0.0056399132321041205,0.004507431688460147,0.002126433155795825
1711,2748,2300,0.00626086956521739,0.0012485235764165172,-0.0005616818658153136,0.0010434782608695647,0.0032428950251034865,-0.002280656958943366
1712,2748,2282,0.013146362839614371,0.00416197955700362,0.005381705553530879,0.005083260297984223,0.005549389334335825,0.0026645734160861295
1713,2748,2291,0.015451767786992575,0.007295034335097947,0.008476009258532403,0.0034046268005237866,0.006106112602383173,0.0030721379589431904
1714,2748,2299,0.010091344062635926,0.0019319637086605485,0.003118617476835382,0.0033927794693344913,0.004534324996104731,0.001009638944357335
1715,2748,2324,0.010413080895008604,0.004293456350726036,0.005452126036714883,0.002366609294320137,0.0035608708235663877,0.0017720281733460373
1716,2748,2294,0.008108108108108105,0.0028228230887326704,0.0004630317133090619,0.004664341761115955,0.0056624117114081295,0.0005810920174867667
1717,2748,2290,0.010480349344978164,0.003924169565771654,0.006507219757339734,0.003013100436681222,0.003656766044944709,0.002774599658443504
1718,2748,2305,0.011540130151843816,0.005017725915200127,0.003060575621717102,0.004338394793926246,0.00506451438203542,0.0011207426084269194
1719,2748,2279,0.01079420798595875,0.004124419157457862,0.004064425888136083,0.004387889425186485,0.0045738723700689725,0.0019578349585458307
1720,2748,2319,0.010004312203536005,0.0031114483808568076,0.0035643625265109123,0.004786545924967658,0.0031421057024255744,0.0021173227398992083
1721,2748,2272,0.007482394366197182,0.0021803516425536553,-0.00038242310084139584,0.002640845070422534,0.0024613871321613567,-0.0012131838719729668
1722,2748,2320,0.011982758620689654,0.003957495555280912,0.0035454672421966816,0.004525862068965516,0.005243112851217205,0.0011327297334283266
1723,2748,2308,0.010051993067590985,0.003898862915291837,0.0029379970781196717,0.002729636048526862,0.004732279520624586,0.0005495944947581282
1724,2748,2325,0.01075268817204301,0.003338948781451377,0.005462216905388032,0.004903225806451613,0.004076594933897441,0.0032183937529713454
1725,2748,2303,0.007381676074685191,0.001200003092635714,0.001078270479087851,0.0029960920538428127,0.0023634082441297316,-0.00018194790889729595
1726,2748,2300,0.013565217391304346,0.0048739918595460925,0.004949317140282133,0.004347826086956521,0.004778584727383484,0.001514241437769625
1727,2748,2305,0.012754880694143166,0.004823854164162413,0.00669311258771275,0.002733188720173535,0.004784066913688846,0.002289928751451482
1728,2748,2290,0.011965065502183403,0.0035238752560820034,0.0028301291635156535,0.0033624454148471596,0.0031672805803154773,-7.422644066820682e-05
1729,2748,2296,0.009668989547038325,0.0041246103314723425,0.0014996234109653725,0.0036149825783972113,0.0031830992137277113,0.0001645110807154817
1730,2748,2300,0.012521739130434782,0.0049964749909512576,0.0051382539336082955,0.004782608695652173,0.005006825764926066,0.0025169106530190588
1731,2748,2324,0.012048192771084335,0.0038346912803108183,0.0065477617210927585,0.0027108433734939737,0.0031031953121939742,0.0020824104674461766
1732,2748,2302,0.010338835794960902,0.004648250449674441,0.004623602980507081,0.00464813205907906,0.004325841937550587,0.002779728742704742
1733,2748,2275,0.010109890109890109,0.004072011603560773,0.002968751324975282,0.0021538461538461538,0.003268515165617847,-6.262578120059597e-05
1734,2748,2290,0.012052401746724891,0.005377594509639056,0.005182394485388165,0.005065502183406113,0.0055019548833815,0.002913198633868008
1735,2748,2302,0.011033883579496088,0.003325382026129301,0.0013923628035762384,0.004083405734144222,0.005424413356639391,-0.00020961784025330145
1736,2748,2285,0.011291028446389495,0.004927320195805064,0.004386839039097911,0.004901531728665207,0.004535595313590617,0.002039903300646968
1737,2748,2281,0.013064445418676018,0.004448924522560012,0.0034918394836707797,0.004953967558088556,0.00444316177419723,0.0009519544726037574
1738,2748,2321,0.010426540284360188,0.0018045438255611505,0.0035751070477868015,0.0024558380008616967,0.002452178791346305,0.000446510496973588
1739,2748,2296,0.007839721254355399,0.003952621529925681,0.0008899754946579631,0.005182926829268293,0.0065474601653467725,0.0016653164283269924
1740,2748,2299,0.01122227055241409,0.0030462547811898025,0.004535918206908328,0.0042192257503262266,0.003923287609059623,0.0018828099149339006
1741,2748,2311,0.010817827780181737,0.0048988896147160906,0.0020905908346435386,0.00752920813500649,0.0069214045085436585,0.003238611368651719
1742,2748,2302,0.009122502172024325,0.004714015543373869,0.002268679936738228,0.0029539530842745436,0.004922322656009955,0.00044850416940023837
1743,2748,2289,0.011882918304936652,0.004348599345663994,0.005549431772973012,0.004805591961555264,0.004081022426465884,0.003043032395725315
1744,2748,2282,0.010078878177037686,0.004966380600294757,0.0032659910519445326,0.00495179666958808,0.005792700158118025,0.0022886168905449406
1745,2748,2246,0.0063223508459483505,0.003566544050956955,-6.359616735450083e-05,0.0028495102404274258,0.003236708649541168,-0.0004009481930976474
1746,2748,2326,0.012381771281169388,0.004994033606594383,0.00471008222386842,0.004127257093723129,0.0033164945005434796,0.0016058177138315018
1747,2748,2296,0.008536585365853656,0.0032598307098067477,0.0026019366788688036,0.0015679442508710797,0.002401729443479755,2.5833639258956145e-05
1748,2748,2296,0.011759581881533098,0.0051754502265278805,0.005387064690510211,0.004660278745644598,0.0049191777158078326,0.003250612500154054
1749,2748,2316,0.010794473229706386,0.0054012155277139975,0.0024847619906353422,0.007685664939550948,0.0067409115360769515,0.003281626690065747
1750,2748,2287,0.00979449059903804,0.0020586578074625666,0.0021219135074651055,0.003410581547879317,0.0040436503363097944,0.00010203004344087107
1751,2748,2278,0.008165057067603157,0.0026778946083645667,0.0008117713383164441,0.0033362598770851617,0.00402455425470406,-3.89596336114179e-06
1752,2748,2251,0.007729897823189693,0.0019960418877480617,0.001259860211070812,0.0047090182141270535,0.004893539015101885,0.0008894926753503164
1753,2748,2308,0.015337954939341418,0.007588684717701601,0.008183856577841707,0.004029462738301559,0.006248823070317788,0.0032740478899177315
1754,2748,2269,0.012340237990304096,0.005241253488740231,0.006103677280513354,0.003657999118554428,0.003707019097185791,0.0022396141336734074
1755,2748,2306,0.015437987857762356,0.004607685034808934,0.007625591556491919,0.005160450997398091,0.0059965103416012204,0.0037528567841201093
1756,2748,2266,0.010326566637246248,0.003681011873764883,0.004104150227851005,0.004721977052074138,0.00283521765145819,0.002318722129595328
1757,2748,2270,0.013480176211453742,0.0032413309960452577,0.004379582758641406,0.004977973568281937,0.005436616102031949,0.0017054638991707996
1758,2748,2309,0.008142052836725854,0.0020417487930820223,0.0019364080555320713,0.0037245560848852316,0.005299248866962103,0.0012080185424454743
1759,2748,2314,0.012359550561797751,0.004156593975966994,0.004278185456756079,0.004537597234226446,0.004003319692106899,0.0013990624763063084
1760,2748,2287,0.014604285089637075,0.005886781116133806,0.004987960492253624,0.003279405334499343,0.003505767147480434,0.0005643366352474447
1761,2748,2279,0.009653356735410267,0.004167029376581618,0.004017867181285207,0.004344010530934619,0.004098009903335629,0.0024177191857709017
1762,2748,2320,0.014396551724137927,0.004988995713865633,0.004945402794448147,0.0069827586206896546,0.005826697452442624,0.003138952373033513
1763,2748,2285,0.01286652078774617,0.004402625711853551,0.00419321678526409,0.004026258205689278,0.004447104695627975,0.0010854085378897967
1764,2748,2328,0.013831615120274912,0.006648887468981674,0.0074028844654580265,0.002663230240549827,0.003172480930717268,0.001863640637080614
1765,2748,2249,0.011027123165851489,0.003663835124754927,0.001434165719992343,0.005157847932414405,0.006138095802009411,0.0006132500632846172
1766,2748,2310,0.011774891774891773,0.005288092689855294,0.004430802858704305,0.0047619047619047615,0.004799589057040661,0.0022391813533856482
1767,2748,2264,0.010954063604240281,0.004261168852519054,0.004314382555343863,0.004770318021201412,0.0055248441508252855,0.0024111698721710545
1768,2748,2311,0.01237559498052791,0.004916811773178402,0.004186041320504213,0.007009952401557765,0.0046418489239042566,0.00328458751508071
1769,2748,2304,0.009548611111111108,0.003760511992027931,0.0009378895669669036,0.0050781249999999984,0.005690474101692834,0.0006886608401960361
1770,2748,2266,0.009443954104148276,0.0020039693824115312,0.002912396196699717,0.0026478375992939093,0.004353806789954964,0.00042704572897072116
1771,2748,2271,0.009070893879348304,0.003346875069239961,0.0020066332926287297,0.001453104359313077,0.0024202776566664566,-0.0009741598419205186
1772,2748,2293,0.011949411251635412,0.004093760499890637,0.00423568356342057,0.0038377671173135627,0.004687401577116482,0.0011510147842787618
1773,2748,2299,0.014702044367116137,0.003637098540679588,0.0061632969460231465,0.0055241409308394935,0.00413342416808448,0.0023596586230259795
1774,2748,2302,0.016420503909643787,0.005981169013103631,0.006706130429519575,0.004300608166811467,0.0056731333038698385,0.001825944218961119
1775,2748,2275,0.01002197802197802,0.0033032937482728245,0.004080222422401005,0.0027692307692307678,0.0023783157507607585,0.0012040739633697524
1776,2748,2282,0.011656441717791408,0.004374363639292054,0.003235870165256949,0.0017528483786152485,0.0033626640462560854,-0.0007157351919874222
1777,2748,2296,0.011498257839721254,0.002772713585925269,0.004372911343522565,0.004268292682926828,0.003285260995476375,0.0013068531298931413
1778,2748,2275,0.012747252747252745,0.004291508507057597,0.005379409285467583,0.006065934065934065,0.005137335532911883,0.0032691164569749803
1779,2748,2303,0.007034303082935301,0.00260802285880548,-0.0001926477129855838,0.002040816326530612,0.003921960090659582,-0.0010942742368809444
1780,2748,2276,0.010017574692442879,0.0031328519608233305,0.002433324233946671,0.006063268892794375,0.0063432700683127945,0.0023025474474455076
1781,2748,2284,0.00796847635726795,0.0030777170237882004,0.003496925671268055,0.0009632224168126095,0.0016726291987017308,6.690352561595783e-05
1782,2748,2292,0.010558464223385687,0.0035554025362163036,0.0029536943852779686,0.0035340314136125643,0.0020834717005743034,0.0004891604406328461
1783,2748,2319,0.00767572229409228,0.0027447049308131142,0.0010702992676582456,0.0037084950409659334,0.00453499476971631,0.0005911555540783769
1784,2748,2303,0.0075553625705601386,0.003622490177560323,0.0012363414838188463,0.0023881893182805033,0.0033529663396494906,-0.0003252792665722944
1785,2748,2308,0.013778162911611783,0.005568410836816441,0.006734162653975349,0.004246100519930675,0.003490999366813962,0.0027410242510717145
1786,2748,2303,0.012765957446808508,0.00509677904661833,0.0027394357378553503,0.0029960920538428136,0.005671524606407006,-0.0002885545519312777
1787,2748,2273,0.010030796304443463,0.002975361748023573,0.0014863953052805146,0.003607567091948965,0.0051262465768296475,-3.7406519501229206e-05
1788,2748,2270,0.008986784140969161,0.004295460530619808,0.001615543633464137,0.0021145374449339197,0.0027622366014759176,-0.0006230871903485358
1789,2748,2325,0.01101075268817204,0.00435229486832161,0.006467755295005104,0.0037419354838709677,0.0038649186084930023,0.0031228786606172297
1790,2748,2273,0.014958205015398148,0.005843497656834387,0.008228640576003868,0.005059392872855256,0.0030022621685738124,0.003576567400643792
1791,2748,2308,0.00849220103986135,0.0037766306465279688,0.0021528354870454574,0.0049826689774696694,0.0050223786643395114,0.0021051921705320304
1792,2748,2304,0.011111111111111112,0.004780402333909488,0.003474803808777736,0.002300347222222221,0.004882341435656996,0.00023813647575746005
1793,2748,2272,0.01566901408450704,0.005377063032385917,0.006978368913734031,0.0029049295774647875,0.0044194581809559545,0.0009559550948735798
1794,2748,2270,0.007929515418502203,0.002483673339962728,0.0006047421676815758,0.003083700440528634,0.004797293209064317,-0.00015231627048658297
1795,2748,2304,0.007725694444444443,0.0016071371970151802,-0.00037887014960267504,0.003342013888888888,0.0038588880565834736,-0.0006414830726021067
1796,2748,2276,0.011775043936731107,0.006361114691558026,0.0030926022104030607,0.0030755711775043927,0.0056925191714408555,0.0003251284374761679
1797,2748,2329,0.01021897810218978,0.003582655274664952,0.0023458268140718825,0.0019750966079862585,0.005487131680828955,-0.0004221066292220404
1798,2748,2296,0.010365853658536584,0.004113835142462785,0.001998241180917473,0.0038763066202090577,0.0038203263710330612,0.00013564509538296823
1799,2748,2311,0.00934660320207702,0.004047565407131447,0.00242112053359762,0.003418433578537429,0.003408296845218684,0.0010231532360738544
1800,2748,2315,0.01244060475161987,0.003752558893747228,0.006017345694809856,0.005226781857451403,0.004981059199301639,0.0031501454114074043
1801,2748,2302,0.012076455256298869,0.0057382691627266705,0.004795569562729585,0.007602085143353604,0.005857589326021173,0.004505242520767276
1802,2748,2272,0.013468309859154927,0.0045268427475918405,0.006044790882960504,0.003169014084507041,0.002687269582636002,0.0014981859345183288
1803,2748,2302,0.010251954821894005,0.004171119601254072,0.004332981953541498,-0.000695047784535187,0.002539094558144882,-0.0011193748456538432
1804,2748,2301,0.010517166449369838,0.0037153385234104763,0.0034511420090264366,0.004867448935245543,0.004784716108678636,0.0021510186492918627
1805,2748,2289,0.009523809523809523,0.004190078632964819,0.0025115614856451017,0.0030581039755351674,0.0035499544251723406,0.00028579867954632896
1806,2748,2277,0.01124286341677646,0.0031877888678885323,0.002324525315068176,0.004347826086956521,0.004222148796497475,0.00031879407857197955
1807,2748,2274,0.01055408970976253,0.004005904421140578,0.004710232636409253,-0.001583113456464381,0.0014548678974306008,-0.0016127104970546555
1808,2748,2309,0.01152013858813339,0.004620711601315602,0.006688461891362999,0.00524036379385015,0.004902324877177288,0.004346351368358304
1809,2748,2296,0.00827526132404181,0.003692363648039188,0.0014192137722317474,0.0004790940766550511,0.00270091738550262,-0.0016282122225346844
1810,2748,2268,0.008818342151675483,0.003767482136017248,0.0018404323041225662,0.0032186948853615517,0.004105063598779587,0.000526540157768065
1811,2748,2296,0.01219512195121951,0.003733106078540334,0.0044811608309872995,0.0031794425087107994,0.002582493314546001,0.00040189346270134155
1812,2748,2290,0.01301310043668122,0.00608097880469812,0.005451937819207892,0.00707423580786026,0.007097588423932297,0.004305389383234079
1813,2748,2320,0.0121551724137931,0.0037256097721341127,0.005799129323410607,0.001465517241379309,0.00229666013479075,0.00044694871261203125
1814,2748,2312,0.00847750865051903,0.0017024736664946075,0.00027329949282357645,0.002811418685121106,0.002963389401496974,-0.0012433405160805105
1815,2748,2296,0.012195121951219511,0.005388221947230355,0.00562128272432542,0.0010888501742160272,0.00424973625823588,0.0005904623177815791
1816,2748,2311,0.01289485071397663,0.004095467284807242,0.005754356423983118,0.003721332756382518,0.003440202563984974,0.0015962039966879243
1817,2748,2305,0.010412147505422992,0.004139780045827117,0.0037638211293785787,0.004251626898047721,0.0035565223401334057,0.001502285482958737
1818,2748,2287,0.01233056405771753,0.003203296789526514,0.0038416072229885633,0.003017052907739396,0.004274437707001333,0.00024333568278257862
1819,2748,2315,0.009589632829373649,0.0029202226968254724,0.002814302619057866,0.0009503239740820724,0.0035919277485241636,-0.000867751274817825
1820,2748,2297,0.013582934262080973,0.004036226058011024,0.004915646934088944,0.0035263387026556368,0.004232437019861202,0.0010644340854750497
1821,2748,2325,0.013247311827956987,0.004842622674422481,0.004740702362222353,0.007397849462365589,0.0053106350401512775,0.003850023674250177
1822,2748,2270,0.008634361233480176,0.0031334867365623766,0.0025552458619227465,0.003920704845814978,0.0045564273271770615,0.001434258928603803
1823,2748,2299,0.009395389299695517,0.0015708481478871892,0.003064824278176032,0.0035667681600695944,0.003147103919686927,0.0008054288870699207
1824,2748,2267,0.013939126599029551,0.005311641364714868,0.005597736170829938,0.005469783855315394,0.003941202023240033,0.0024377417966136555
1825,2748,2296,0.009146341463414632,0.002019441220427085,0.0009072532659369813,0.004660278745644598,0.004408486042922702,0.0001808602657654482
1826,2748,2322,0.010680447889750214,0.0054517136636878325,0.0027693435743954002,0.003316106804478896,0.004528661772669109,0.0006990621551720415
1827,2748,2293,0.010641081552551243,0.005553711263933355,0.002042734330722468,0.0027474923680767542,0.004677773148115724,-0.00017708030650795544
1828,2748,2297,0.01192860252503265,0.0034769887484384634,0.004922411426084099,0.00539834566826295,0.004263178935386359,0.0027607223578768676
1829,2748,2280,0.007456140350877191,0.0026097900448381985,0.00033992507974049235,0.0031578947368421035,0.004370608566182397,-2.603303487230715e-06
1830,2748,2277,0.015019762845849804,0.006415511757691916,0.007610103348356568,0.003381642512077293,0.003842617129913462,0.0024661195054577188
1831,2748,2306,0.010320901994796183,0.003095755888798007,0.0023468410307580516,0.002558542931483087,0.003186857507757363,-0.0002601619741514784
1832,2748,2270,0.012511013215859028,0.005366017450102322,0.004843724353763375,0.0024669603524229058,0.003395071032884596,0.0005020628707260846
1833,2748,2309,0.010480727587700302,0.00425097451416674,0.005003615133877511,0.002208748375920311,0.0025484102643240497,0.0009565199439538817
1834,2748,2269,0.014543851917144112,0.00499924966483398,0.007037121005764993,0.003790215954164829,0.0044508640955961375,0.002705306508129858
1835,2748,2293,0.00854775403401657,0.0008858855752152771,0.0019741658143861054,0.002006105538595725,0.0012933820252341898,-0.001001677661015569
1836,2748,2281,0.011573871109162647,0.0033456692882189902,0.004675537394584215,0.005217010083296799,0.004633388463268519,0.00274837523970184
1837,2748,2294,0.011246730601569308,0.0031480623819863094,0.0010886075689725996,0.002310374891020051,0.004302946130474336,-0.001888598147497413
1838,2748,2343,0.010072556551429789,0.004272151811112707,0.002768528376587998,0.003542466922748611,0.002234126629867426,0.0005276069660685316
1839,2748,2294,0.01054925893635571,0.003426760000054515,0.002953657398143607,0.0040540540540540525,0.004037353175293457,0.0011628190418655575
1840,2748,2277,0.008607817303469475,0.0021175427339664484,0.0029039550000159197,0.004435660957400087,0.003654646877866545,0.0018847717053951463
1841,2748,2289,0.009960681520314547,0.0055266734774245966,0.004063970195408,0.0019222367846221046,0.003355794927769905,0.0009602737235744588
1842,2748,2340,0.013076923076923075,0.004245663701223763,0.00510032384316991,0.0036752136752136737,0.004847696203318842,0.0016811674131344424
1843,2748,2274,0.011081794195250658,0.003787151450015363,0.002854657115021031,0.0062445030782761635,0.004573378213504024,0.002357206672901492
1844,2748,2343,0.01015791720017072,0.004461186596673007,0.003914295895722761,0.005889884763124198,0.004159069367767383,0.0030706571086252317
1845,2748,2293,0.012996075010902748,0.006763481375724363,0.005832175697367372,0.005102485826428258,0.006326554466978603,0.003400807720467465
1846,2748,2325,0.013849462365591396,0.005267279624079647,0.005177278244632108,0.0051182795698924725,0.005148758745339467,0.0023715815029947828
1847,2748,2276,0.009402460456942003,0.004387483051317074,0.00121680915542869,0.004042179261862916,0.005212910376330596,0.0003906412419995891
1848,2748,2272,0.010123239436619715,0.003784216644052665,0.0026754528088950976,0.0022887323943661963,0.002766018405905331,-0.00023552119233138802
1849,2748,2267,0.013145125716806353,0.005815648784212349,0.006087599512418585,0.004984561093956769,0.005351068968028991,0.0029518768144889667
1850,2748,2294,0.01203138622493461,0.005886097035229269,0.005662153826900082,0.002789886660854402,0.002889683412209539,0.0011033699389203582
1851,2748,2281,0.011573871109162645,0.0041309838473469335,0.004048054736501133,0.002235861464270056,0.0036180641461715122,0.00017381092590265738
1852,2748,2278,0.010798946444249339,0.003890007669581743,0.0026459792337863272,0.005048287971905178,0.003461736338681134,0.001283165844045663
1853,2748,2310,0.011428571428571429,0.0050307510893916945,0.004374932939489298,0.002337662337662337,0.0015770562650624885,0.0002163739903678741
1854,2748,2287,0.012767818102317445,0.0050663404672140885,0.005178276873464807,0.00013117621337997349,0.0032173855478143556,-0.0007672738207646628
1855,2748,2288,0.010664335664335662,0.003529724877116886,0.0020151416994620554,0.005375874125874125,0.004007961756445603,0.001071055042069862
1856,2748,2333,0.011401628804114872,0.004570007729003894,0.0036906628013164237,0.004629232747535361,0.005082347366742781,0.0021206632576112384
1857,2748,2277,0.011682037768994288,0.004570293845184778,0.003592455096216703,0.004172156346069388,0.0029758073720499733,0.0010657733719522406
1858,2748,2287,0.006296458242238739,0.0018985050583924634,-0.00021782653804980971,0.001530389156099693,0.002958570050749743,-0.0013104433865340783
1859,2748,2334,0.010025706940874034,0.002076213831466768,0.00322132558416014,0.0029562982005141383,0.0037912147153099894,0.00032883518790960506
1860,2748,2318,0.01259706643658326,0.004726767783738901,0.006296431107460693,0.002329594477998273,0.00366103332067468,0.00169340688551389
1861,2748,2311,0.012202509736045,0.004916674679690912,0.0060917954615320995,0.005452185201211596,0.004988689368463866,0.0036426056068167966
1862,2748,2290,0.016244541484716154,0.00694726561565827,0.00829814413643782,0.006943231441048033,0.005512417665553945,0.004845530050930306
1863,2748,2284,0.010858143607705779,0.00303727506810412,0.004619705687915742,0.0006567425569176869,0.0019098597812054127,-0.00029987921423349294
1864,2748,2311,0.007269580268282128,0.0009378519703719642,0.0003255909680273118,0.003072263089571613,0.0029088159206486133,-0.0003960839698298052
1865,2748,2265,0.012626931567328916,0.004356628390130906,0.005946779653041731,0.00573951434878587,0.004838069026818553,0.0035834574982770997
1866,2748,2300,0.011391304347826085,0.004111431238069512,0.001759129626530702,0.003999999999999999,0.0043910788388003144,-0.00016988135393862394
1867,2748,2310,0.0068398268398268385,0.001957969377751442,-0.00010002297738008859,0.0006926406926406919,0.0024318754150743868,-0.0019468662859286133
1868,2748,2310,0.011515151515151515,0.0053462153060603035,0.006136873317160356,0.0033766233766233753,0.005081519401686008,0.0027972446139868747
1869,2748,2268,0.011375661375661374,0.004404094433916192,0.002949174919510152,0.0044091710758377405,0.0038138459618495667,0.0010445382617668888
1870,2748,2274,0.006948109058927,0.002047899621435223,5.8598929853264215e-05,0.0008795074758135433,0.00244589101747812,-0.0023909712217456995
1871,2748,2280,0.010350877192982454,0.004040051397547853,0.0030057471159314225,0.0029385964912280686,0.003842995803542415,0.0004848231789386302
1872,2748,2287,0.014779186707477044,0.005537120811376402,0.007261899146168991,0.003279405334499343,0.00392049240670951,0.001656061833543742
1873,2748,2327,0.016587881392350665,0.006762578332152557,0.006748315184815772,0.00709067468844005,0.007134403636161722,0.004043986265136096
1874,2748,2282,0.004995617879053461,0.00118568717369934,-0.003366474806426097,0.0029798422436459232,0.004522662242864383,-0.0021557101945464422
1875,2748,2309,0.007708964919878734,0.0034442306676617787,-0.00015372945578636692,0.004244261585101774,0.004364265250211413,0.0003355298756933633
1876,2748,2301,0.01216862233811386,0.004058478338236811,0.004138843470320706,0.0020860495436766614,0.003413830143384538,-0.00020089899288958275
1877,2748,2306,0.009453599306157847,0.0036720171104609005,0.003123690198396493,0.0021682567215958364,0.0034351594550436526,0.00041595540176975264
1878,2748,2298,0.01000870322019147,0.004712057217340419,0.004388179069004103,0.0007832898172323749,0.0022384779923228753,0.00016162831616961632
1879,2748,2265,0.012538631346578366,0.00468016922042178,0.005036808196512698,0.003752759381898453,0.005007461047179368,0.0015445710878100032
1880,2748,2334,0.01199657240788346,0.0056359091756259675,0.005212276652904403,0.003941730934018851,0.005957150482669478,0.0022617970834941537
1881,2748,2318,0.010957722174288176,0.0034023932393860124,0.004696404987952968,0.004012079378774804,0.0028487304267706143,0.0018917219225124164
1882,2748,2311,0.011683254002596278,0.00394865684728011,0.0048428120983216175,0.002509736045002163,0.0029544071119031448,0.0006483678403932878
1883,2748,2261,0.012206988058381246,0.004754115689138868,0.004375291135432368,0.00446704997788589,0.0038509405552493788,0.0015371086307750356
1884,2748,2263,0.012196199734865222,0.004354834479667383,0.005165528430077643,0.0033583738400353507,0.0033988809170280576,0.0013712005905695695
1885,2748,2276,0.006854130052724076,0.0020423633093075676,0.0016296799070248016,0.001933216168717046,0.002254505864143704,-0.00037963509452744633
1886,2748,2313,0.013143104193687848,0.004220130123054843,0.004994434318890501,0.002161694768698659,0.003429262563090347,-0.00020688023121964196
1887,2748,2294,0.01142109851787271,0.0027949478647174603,0.00416501640286076,0.0035309503051438526,0.004482535856844441,0.0011051560678287282
1888,2748,2323,0.012914334911752041,0.006062708338895646,0.0061711277120890164,0.0033146792940163573,0.004005125060775129,0.002096168845268288
1889,2748,2326,0.01049011177987962,0.003068305937623301,0.00529459123700964,0.002622527944969904,0.0031506018851980193,0.0017453373705557792
1890,2748,2286,0.00979877515310586,0.0043376217315712895,0.0017248474442517617,0.005336832895888014,0.005415552659808542,0.0018031501358530357
1891,2748,2287,0.008657630083078268,0.0022819136014382547,1.856643007607692e-05,0.0023611718408395265,0.0027510680336510236,-0.001668742845507132
1892,2748,2281,0.013678211310828584,0.004975427953982161,0.005936447279421274,0.003814116615519508,0.0027862001187845564,0.0019296204766139466
1893,2748,2263,0.012107821475916923,0.004389926360504398,0.005259116178895757,0.006805125939019001,0.004989241875402293,0.004241804081175389
1894,2748,2295,0.010631808278867103,0.0028482592929447675,0.003060971146265904,0.0031372549019607833,0.0034246112345925014,0.0006504034749913951
1895,2748,2279,0.013514699429574374,0.005141984572265609,0.005386300552086429,0.006143045195261079,0.006439919262871939,0.003211991198452323
1896,2748,2296,0.010627177700348432,0.0037368675423007174,0.002805944910663319,0.006576655052264809,0.006136274652741025,0.0028470243902483186
1897,2748,2289,0.011620795107033639,0.004511135749274556,0.004611132520068283,0.0037570991699432043,0.003725189875386399,0.0014432001541211726
1898,2748,2292,0.010209424083769632,0.0030358509055650462,0.0008828200188027781,0.0038830715532286206,0.004763575223791701,-0.00040438164518398625
1899,2748,2289,0.008650065530799476,0.0044985256934848145,0.0017589523951085143,0.003014416775884665,0.004293744729128327,0.00034577853258039665
1900,2748,2328,0.010996563573883159,0.005479767963038957,0.006871034809250699,0.002920962199312714,0.004129473569789895,0.0031894535035206315
1901,2748,2302,0.012423979148566461,0.004810138027167621,0.006391359370867439,0.005864465682015637,0.005979202147942079,0.004132738416921315
1902,2748,2322,0.010680447889750214,0.0032482671469078934,0.0034750909976027657,0.00292850990525409,0.004416564976662212,0.0006286569039079675
1903,2748,2303,0.008684324793747285,0.0035714203136759403,0.0031067503960865565,0.0013026487190620922,0.003301969141391408,0.00015471799727108634
1904,2748,2318,0.009145815358067298,0.0029677067224514312,0.002814233614380098,0.001984469370146677,0.0023630018149529836,-0.00012334520314444383
1905,2748,2328,0.0077319587628865965,0.0028634914322160586,0.0001606227302933387,0.0020618556701030915,0.003552031143917758,-0.0009717805002246511
1906,2748,2280,0.007456140350877193,0.0028184916203237826,-0.0011636198393263294,0.003026315789473683,0.0029759498934397673,-0.0017662720784605067
1907,2748,2299,0.010700304480208783,0.0038770676423326095,0.0024315214822546354,0.004480208786428881,0.006156731010873682,0.0008187036762533832
1908,2748,2282,0.014636283961437332,0.006433948859590304,0.005435841577427909,0.004907975460122699,0.007070231239053246,0.002480737212862915
1909,2748,2313,0.011673151750972763,0.0034008725089418636,0.0030126992685033417,0.0034154777345438815,0.003996303225103718,0.00015623553156022038
1910,2748,2268,0.013315696649029981,0.0053747805022774375,0.005864497761502434,0.0047178130511463835,0.005045155433311211,0.0026170259539517963
1911,2748,2289,0.008300567933595456,0.0020414638619547314,0.0006201898734602537,0.0038881607688947134,0.004836134524495029,5.072437801762009e-05
1912,2748,2288,0.010576923076923076,0.003506046721980952,0.004356629101826522,0.003496503496503495,0.0034194334634525393,0.0015318582249584818
1913,2748,2298,0.0075718015665796334,0.0027394848521346002,-0.00010464021911129593,-0.00026109660574412564,0.0006336454707699548,-0.003106384004357912
1914,2748,2297,0.008358728776665214,0.004496574679849929,0.003763080975138556,0.003961689159773616,0.006523619817696134,0.002878865491298597
1915,2748,2312,0.012543252595155707,0.004890666890661547,0.006116993884619237,0.003806228373702421,0.004710968789295122,0.002795326328068094
1916,2748,2268,0.015079365079365074,0.006140375027130703,0.007234244212889279,0.00427689594356261,0.0052071771934513005,0.0025797990935237814
1917,2748,2307,0.010229735587342867,0.0029089412434967384,0.0033831839213084225,0.002990897269180752,0.002326076271823722,0.0006677814041853516
1918,2748,2320,0.009051724137931035,0.0038116110845287524,0.0015571576748301518,0.004051724137931034,0.004074838063892386,0.0008535176805393949
1919,2748,2279,0.009126810004387888,0.0031774055008328556,0.0012690547540857226,0.0012286090390522153,0.002324497958128156,-0.0018089745202517786
1920,2748,2309,0.010567345171069725,0.005390830146927478,0.0034070188704821455,0.0037678648765699417,0.0037376330081934257,0.0012323863080084515
1921,2748,2288,0.008479020979020977,0.0026811523495352237,0.00013694027187390541,0.005769230769230767,0.004801442557184336,0.001142317360396611
1922,2748,2296,0.012979094076655049,0.004186823471034637,0.006499936338949418,0.006054006968641113,0.004995333896134504,0.0042279671808990605
1923,2748,2291,0.014054997817546917,0.006730826243066803,0.00656880923501395,0.004757747708424269,0.005953105860651285,0.0031949515673907335
1924,2748,2276,0.008435852372583479,0.004243168782006031,0.0037783814467756043,0.00021968365553602802,0.0025494363328052516,-3.654389885448112e-05
1925,2748,2306,0.009106678230702513,0.0018060259967009264,0.0025577604148579224,0.00464006938421509,0.003884451768108974,0.0017208469106577134
1926,2748,2330,0.011244635193133045,0.003012790278159978,0.003121727029570483,0.0024463519313304705,0.0033860914639662234,-0.00034840221856719553
1927,2748,2338,0.009923011120615909,0.002186106049180747,0.0038270001166826233,0.002609067579127458,0.0016650389755047423,0.0006008869518790197
1928,2748,2295,0.01028322440087146,0.004668295820002023,0.003145795437592963,0.00335511982570806,0.003878626230923229,0.0005537733455606559
1929,2748,2271,0.010215763980625273,0.004118057883327948,0.00186266746557133,0.004139145750770584,0.004515774323185267,0.0007585759243946847
1930,2748,2312,0.012110726643598614,0.005951278260322827,0.0035297519514638316,0.004368512110726643,0.004985230002361736,0.0013354766633876284
1931,2748,2300,0.014521739130434778,0.005964598970426495,0.006313535287848996,0.0045652173913043465,0.004029117279829818,0.002516253353097915
1932,2748,2287,0.01294271972015741,0.005789972497420846,0.006099302871383533,0.0037603847835592477,0.002983975822158141,0.0021502862019342085
1933,2748,2288,0.011276223776223775,0.0032661182747071964,0.00565619612520926,0.007036713286713286,0.005167091632459778,0.0046043862459412555
1934,2748,2287,0.010756449497157846,0.006019870425277149,0.0039262031396730965,0.004328815041539134,0.0052250507885889,0.001988909899624561
1935,2748,2291,0.013967699694456569,0.00483123873774482,0.004899870379500041,0.003666521169794848,0.0048971661472698765,0.0009603513119728198
1936,2748,2308,0.00996533795493934,0.0036476268529651284,0.002916561831257584,0.003119584055459271,0.0060012051123309665,0.0008888731405388661
1937,2748,2311,0.010731285157940284,0.003092356321305641,0.004369483714147282,0.005235828645607961,0.004568239235087878,0.002839956968612678
1938,2748,2282,0.011744084136722172,0.004065979627779261,0.0042982699359738205,0.002015775635407536,0.0028258910025506915,-9.952081121905895e-05
1939,2748,2278,0.01246707638279192,0.004744261981677711,0.004231618468628536,0.0038630377524143974,0.0044858307474857405,0.001065320828879096
1940,2748,2333,0.012430347192456063,0.004771770255601114,0.004612899522410291,0.0027432490355765093,0.003602536539450462,0.0008411917248539868
1941,2748,2323,0.012311665949203614,0.004334844679383875,0.004349477476439959,0.0026689625484287547,0.004075092912262811,0.0005135820944897363
1942,2748,2286,0.012073490813648292,0.003771811906468711,0.005156149582919906,0.00306211723534558,0.0031743412711819348,0.0012617463749113626
1943,2748,2286,0.01084864391951006,0.004671941136294808,0.004571305732948245,0.004549431321084864,0.004597709688358188,0.002429413580750125
1944,2748,2312,0.01237024221453287,0.0029018058226773194,0.0042852392917683635,0.0034602076124567453,0.0031687906672353376,0.0003726018653104896
1945,2748,2323,0.014291863969005591,0.004500608818972922,0.007440961059479977,0.0037451571244080917,0.0035655523859466584,0.0023781219288546347
1946,2748,2295,0.012723311546840957,0.004415740017590791,0.0030622841167833423,0.005098039215686273,0.004881479438055601,0.0012269310739932778
1947,2748,2308,0.008925476603119584,0.005532532201231193,0.004748340393760986,-0.0001299826689774702,0.002813825932082353,0.00021755422970077832
1948,2748,2272,0.009507042253521126,0.003725570502933527,0.0012167140464033293,0.005721830985915491,0.004843291222584617,0.0012351250482450183
1949,2748,2319,0.011470461405778351,0.0055218229264793585,0.007158191706963481,0.005174644243208278,0.005070887249256727,0.004665287909877473
1950,2748,2293,0.013432184910597467,0.005610197934663754,0.0055057178200486395,0.00684692542520715,0.004939950681028085,0.0039784635728237865
1951,2748,2300,0.011999999999999999,0.004218623350589461,0.005044082276158197,0.004086956521739129,0.004155964053687619,0.0019184551479933492
1952,2748,2299,0.011048281861678989,0.0052058491980972905,0.004608115756437259,0.0038277511961722476,0.004626514845148057,0.0022875538282708468
1953,2748,2290,0.010742358078602618,0.00441912121552614,0.0023333036704966596,0.0013973799126637545,0.0024569830287699958,-0.00155430492722629
1954,2748,2303,0.009292227529309595,0.003952650187544829,0.002139234294301324,0.002865827181936603,0.004265568099073313,0.0003225826647267783
1955,2748,2296,0.009494773519163762,0.003787727323793593,0.003225838003880656,0.0016986062717770035,0.003440238857280408,6.121703959616025e-05
1956,2748,2280,0.012280701754385963,0.005061731952108537,0.005758681068369465,0.005394736842105262,0.006489436208577107,0.004033021150765984
1957,2748,2278,0.013345039508340649,0.00433474193677261,0.004926709302681767,0.006892010535557505,0.005323398480784419,0.003347002618282919
1958,2748,2290,0.015109170305676854,0.00418830427873747,0.007082646743705997,0.004104803493449781,0.004782387394754653,0.002362236289780358
1959,2748,2308,0.008578856152512996,0.0034342894788383206,0.0031865290461998803,0.0012564991334488725,0.0023366938258993246,-0.00021491198061046515
1960,2748,2267,0.008381120423467137,0.0031643002802532794,0.0015575736761363804,0.004102337891486545,0.003988461809253814,0.001140504637497487
1961,2748,2270,0.011277533039647574,0.0031103160268942027,0.004608908227152564,0.002070484581497796,0.0028587494159268566,0.0002177821542888465
1962,2748,2270,0.012775330396475769,0.004574005341923427,0.006308493293502252,0.00409691629955947,0.004234372274003508,0.0025022452313403307
1963,2748,2299,0.01043932144410613,0.004495000695079897,0.003298460481833015,0.0033057851239669403,0.003147387264711773,0.0011280866306016156
1964,2748,2276,0.012829525483304039,0.00681021669367118,0.004543801077947513,0.0060193321616871685,0.006921675925828013,0.0029086182785934994
1965,2748,2320,0.009482758620689653,0.002745089691546784,0.0010572083282266971,0.005431034482758618,0.004673623984134311,0.0011599419152658551
1966,2748,2339,0.014023086789226164,0.005844236673088272,0.005586000653298299,0.004360837964942281,0.006192415397908357,0.002031679496422975
1967,2748,2316,0.009844559585492227,0.003960609621346639,0.0025324608482094825,0.003626943005181346,0.004302316436415166,0.0009211322850815391
1968,2748,2302,0.01320590790616855,0.004712266018805043,0.0066029436233252595,0.0022154648132059074,0.003774772147251329,0.0014850058598155154
1969,2748,2290,0.004978165938864626,0.0010054080861765468,-0.0012217178331745205,0.002183406113537117,0.002205595134136171,-0.0011035968826717012
1970,2748,2264,0.009805653710247348,0.004260304615726684,0.0012392008337190716,0.004461130742049469,0.005540934830928784,0.0008041774643272036
1971,2748,2267,0.01102779003087781,0.0036029291105119012,0.0016137882937462377,0.005116894574327304,0.003392529749565096,0.0003033246927719082
1972,2748,2300,0.007913043478260868,0.0036013189701813338,0.0025512279858499074,0.0012608695652173902,0.001713656090796053,-0.0003244844414907162
1973,2748,2315,0.012613390928725701,0.006061525526629958,0.005541853551266798,0.006047516198704102,0.007892304181806382,0.004145246334194313
1974,2748,2328,0.011512027491408934,0.005758345194922158,0.0031604315841065964,0.005154639175257729,0.0055308954770849775,0.0017605837402248112
1975,2748,2289,0.011358671909130622,0.0026130561380228122,0.004794271051221011,0.004325032765399737,0.004149040757712387,0.0021626418907883223
1976,2748,2320,0.01189655172413793,0.00522573355394525,0.004319670955830942,0.004008620689655172,0.004054761731125377,0.0014484369209573932
1977,2748,2292,0.009249563699825478,0.002904041709901539,0.003457590806389119,0.0019197207678883074,0.003018232149657689,0.0002522648594732644
1978,2748,2292,0.013176265270506108,0.004372778019867977,0.005678658785192107,0.00344677137870855,0.0030376650258138464,0.0016383917122514149
1979,2748,2278,0.009920983318700612,0.0037682225221700107,0.0011559156382710545,0.004038630377524143,0.0036654188179684436,-0.0003705338864515315
1980,2748,2303,0.014242292661745547,0.0060938964260053375,0.006641085720093788,0.004385584020842379,0.006323561543621389,0.002813876578012755
1981,2748,2294,0.01229293809938971,0.003156216375388267,0.0042799749965457875,0.0016129032258064514,0.0031494496702594663,-0.0007978730900464885
1982,2748,2289,0.0109217999126256,0.0032144055539129177,0.003319559622354319,0.0030144167758846645,0.0035160152263226095,0.00031180231798701033
1983,2748,2328,0.010652920962199311,0.004863317196065153,0.007287830438698935,0.0015463917525773186,0.0030431922489266823,0.002459200886008997
1984,2748,2299,0.009308394954327968,0.003477878306843829,0.0026863755858710443,0.00430622009569378,0.00458325271541367,0.0011801048068412546
1985,2748,2284,0.010595446584938701,0.004432668762284888,0.0023867487643243444,0.0049474605954465825,0.0039404207587163155,0.0011533876764483427
1986,2748,2294,0.008544027898866605,0.002959784643179578,0.000821156903675283,0.0013513513513513501,0.0012369816624180658,-0.00174954710324994
1987,2748,2286,0.012948381452318457,0.0048248261874045805,0.003945523900991331,0.0038057742782152226,0.004894768959068118,0.0009529223264211652
1988,2748,2306,0.010841283607979185,0.003842241835613959,0.0027269711749355096,0.002558542931483086,0.002773092763746421,-6.305569216229189e-05
1989,2748,2269,0.008550022036139268,0.004023495418433031,0.0009779324167028315,0.004495372410753634,0.005510191954791084,0.0009878007167694765
1990,2748,2340,0.007692307692307693,0.0016813194063745997,0.0014876364516105691,0.0018803418803418797,0.0029515233882465384,-0.0006518490314320523
1991,2748,2324,0.01101549053356282,0.005260596251289762,0.0046988140572020685,0.004388984509466436,0.004776504280204952,0.0027644367573102595
1992,2748,2284,0.007092819614711031,0.0020504722577553815,0.0013150784739608147,0.003415061295971978,0.003920716052819834,0.0008090663620269546
1993,2748,2327,0.011774817361409538,0.005104602394798022,0.005609190628185384,0.0021916630855178336,0.0036048300827075377,0.00104623813105854
1994,2748,2276,0.008084358523725833,0.003698515483716559,0.002151926737674689,0.005931458699472759,0.006220761386656846,0.002884447654654669
1995,2748,2302,0.01198957428323197,0.004269114620980003,0.004013761640452597,0.005039096437880104,0.005745675052427529,0.0019820696240779845
1996,2748,2298,0.010269799825935596,0.003973782729015312,0.0032133972750388855,-0.0003046127067014803,0.0016395007626260538,-0.0016319997904410838
1997,2748,2316,0.011053540587219341,0.0025245946327618987,0.0036811703621951455,0.0011658031088082896,0.0021623732353351346,-0.0008691563777894495
1998,2748,2306,0.010667823070251515,0.0052272175207894265,0.0031415354054654177,0.0024284475281873366,0.004661319031205221,-0.00012608116019025955
1999,2748,2296,0.010801393728222993,0.005368768710202875,0.0034499106127544184,0.002700348432055748,0.0038137053252577796,0.00028055101795277466
2000,2748,2288,0.004545454545454544,7.129484702543524e-05,-0.0042129320515246664,0.003802447552447552,0.004470377482912719,-0.0019749680203486612
2001,2748,2320,0.011982758620689654,0.005395556458811364,0.005089096109587601,0.004999999999999999,0.005085418662067722,0.0031223549523777794
2002,2748,2277,0.010188844971453666,0.005300497572240661,0.002879068601853327,0.0028107158541941144,0.00578755923821005,0.0005010506171956802
2003,2748,2286,0.009623797025371828,0.003427703014379515,0.0026289950892454273,0.0012685914260717403,0.002851730104514327,-0.0009218630997086609
2004,2748,2290,0.011790393013100435,0.0036486814957501024,0.005631615529170626,0.0015720524017467246,0.0022432074392095456,0.0003881460734619398
2005,2748,2254,0.01313220940550133,0.0028693910266936636,0.003913807748464714,0.002750665483584737,0.004438219126842137,-0.00042526876478010873
2006,2748,2297,0.0087070091423596,0.004501792901058989,0.0009062473774615533,0.0011319111885067462,0.0032523254302919287,-0.0015954449686063131
2007,2748,2291,0.016324749017896115,0.006931983600512905,0.00836066476146762,0.003273679615888257,0.003689405051602575,0.002244789660244041
2008,2748,2272,0.013468309859154927,0.00405719801657003,0.006696940860249655,0.00294894366197183,0.0031974075190807183,0.0016318376131399606
2009,2748,2320,0.01129310344827586,0.004217378820771923,0.004128107285256682,0.007068965517241379,0.005022614855432887,0.0034748694199775412
2010,2748,2308,0.014471403812824956,0.006686611711344583,0.008207554384156913,0.0012564991334488727,0.004562054996265706,0.0014198490448044678
2011,2748,2263,0.014052143172779497,0.005051694447016051,0.004230199750118127,0.005744586831639415,0.006724173117044715,0.0014774614977125897
2012,2748,2269,0.01401498457470251,0.005738318097980405,0.006923732844343806,0.008021154693697663,0.005176563635957337,0.005231915310235796
2013,2748,2321,0.010598879793192588,0.0034664381209194113,0.0046187283349696205,0.004523912106850494,0.004649067316103682,0.0026094940882900658
2014,2748,2283,0.011738939991239596,0.004282610645712136,0.005298572615569509,0.005212439772229521,0.0049746633713015995,0.0031298665244121923
2015,2748,2280,0.011666666666666664,0.005537874440132519,0.0029105796558027914,0.0024999999999999996,0.004956503173249228,-7.062125507777425e-05
2016,2748,2288,0.008828671328671326,0.0024170954665797724,0.0032404479632253576,0.002753496503496502,0.0014747250607698354,0.0006388500393031748
2017,2748,2272,0.012588028169014083,0.006163961744218449,0.005179935555331476,0.0034330985915492942,0.004776856700689549,0.001796340285524585
2018,2748,2274,0.01310466138962181,0.0051323822078897545,0.005428932066449127,0.005452946350043975,0.006682784442794833,0.0030703443901260556
2019,2748,2268,0.014462081128747794,0.003962047789044585,0.006443615322615921,0.0033509700176366833,0.004358256018509647,0.0016656739915579747
2020,2748,2295,0.01010893246187364,0.004404585028224541,0.0018100834830346816,0.0010893246187363831,0.004222033046763852,-0.0013794556553037894
2021,2748,2316,0.013730569948186526,0.0049748309391029,0.004278053445416408,0.0027202072538860095,0.0029928624073541216,-0.00027801341672920054
2022,2748,2293,0.014129960750109024,0.005552204613104376,0.005392121072214092,0.005974705625817704,0.004300583880819695,0.002643154390860564
2023,2748,2279,0.006318560772268538,0.0021430657765129845,0.0005427977815390759,0.0012724879333040802,0.0034074294621841846,-0.0009035807651951799
2024,2748,2300,0.013826086956521738,0.0056956681138168475,0.005611416538311277,0.004565217391304347,0.0056679859545665165,0.0022672429692774387
2025,2748,2302,0.0052997393570807984,0.002116326193879544,-0.001575894751699229,0.004604691572545611,0.005816538512891246,0.0004643333623162367
2026,2748,2316,0.011053540587219341,0.003336234494680985,0.004505670587523754,0.0036269430051813463,0.00384663294214234,0.001485519547678393
2027,2748,2314,0.01452031114952463,0.0048017629009793035,0.006702310503052747,0.003457216940363007,0.0048181274314719755,0.001742373994908119
2028,2748,2301,0.011994784876140805,0.005014155806109916,0.004605858938731427,0.003215993046501519,0.004122433663643215,0.001001861150165296
2029,2748,2305,0.015618221258134488,0.005037797474924198,0.009626607080047029,0.004859002169197395,0.003921617553769255,0.004363952659577167
2030,2748,2320,0.009310344827586204,0.003349464580413167,0.000938639035361617,0.0029741379310344812,0.004922744251107602,-0.0006303199145334083
2031,2748,2301,0.011647109952194697,0.004754549771044494,0.0037227722216764433,0.0047370708387657525,0.004595519342523126,0.0018164693533522993
2032,2748,2299,0.009308394954327968,0.0035967409154188767,0.0017145647530529037,0.0027403218790778587,0.003848553785864001,-0.00010678247146365285
2033,2748,2310,0.012380952380952378,0.005208666612832602,0.005658148073177668,0.0007359307359307346,0.0033907942175249576,5.9089243484876897e-05
2034,2748,2329,0.010648346930012882,0.004903600936338106,0.0022896590276547083,0.00377844568484328,0.005169669741567195,0.0003023810302987031
2035,2748,2300,0.008869565217391304,0.0025426417582770145,0.002819925604069117,0.002130434782608695,0.002390373447535639,-4.056252831058439e-05
2036,2748,2276,0.00931458699472759,0.0025425494420768524,0.0038849586002551745,0.002108963093145868,0.00300821226587548,0.0010234249342874805
2037,2748,2288,0.010576923076923076,0.002799110794429037,0.0025739815887975345,0.003802447552447552,0.004050691299243489,0.00030429995695388203
2038,2748,2331,0.012183612183612181,0.0051450539318968775,0.005728918003576386,0.004761904761904761,0.004223739733856571,0.003182365270154001
2039,2748,2316,0.007772020725388599,0.004284961464328572,0.0017456854873187883,0.0011658031088082892,0.0033137304508026877,-0.00046924127414572035
2040,2748,2330,0.014592274678111585,0.006422935361455085,0.007045553045307726,0.004334763948497853,0.0055556260439268874,0.002715298171219759
2041,2748,2283,0.011125711782742003,0.0038115808363416537,0.0029015496831107314,0.007752956636005255,0.005790088022175807,0.0034836137813951578
2042,2748,2336,0.009674657534246574,0.0032261653861867003,0.0028735627138342925,0.003296232876712327,0.004314987445615725,0.0011801303155917768
2043,2748,2295,0.011067538126361656,0.0037033260887073946,0.0025108504376707415,0.0028758169934640513,0.00478864652620107,-0.0001761471988676277
2044,2748,2314,0.009593777009507344,0.003932926014574822,0.002615635743679634,0.003932584269662921,0.003579387434189282,0.001218425067167376
2045,2748,2309,0.01307925508878302,0.0030320684943389766,0.0038626340822406494,0.002988306626245127,0.0036418086131590377,-0.00032014371009873074
2046,2748,2292,0.008813263525305409,0.0033246547894782937,0.002028270906258127,0.0019633507853403127,0.0026735642993091085,-0.00040325819896469095
2047,2748,2286,0.011723534558180227,0.0033970143368112706,0.005531979446713802,0.003018372703412072,0.0027283332500345255,0.0013707410288033028
2048,2748,2306,0.010320901994796183,0.00229994133649737,0.0031035554800730274,0.0049869904596704226,0.003214411831544539,0.0013190753398194838
2049,2748,2312,0.01314878892733564,0.005401823827064166,0.004754679850885694,0.0016868512110726637,0.004214865612169081,-0.000198754679952962
2050,2748,2287,0.009007433318758196,0.0031852377386137913,0.0031566881518273683,0.0017490161783996498,0.004354641563328497,0.0005152335989011289
2051,2748,2290,0.010043668122270743,0.0033993159986960607,0.0034555983231752867,0.003886462882096069,0.0044921134484189095,0.0013020887071978607
2052,2748,2349,0.010046828437633036,0.0038634277178848163,0.0038372853067575887,0.0017879948914431662,0.004043260996621977,0.0006349423680018906
2053,2748,2305,0.013101952277657265,0.005790579434788676,0.006904630081434727,0.0027765726681127974,0.003333008663636499,0.002196417666044321
2054,2748,2329,0.007986260197509658,0.0038586139676113217,0.002594286897873835,0.0018033490768570195,0.004360245005440667,0.000590322138054342
2055,2748,2282,0.012445223488168271,0.004316183992401407,0.004354503707629631,0.0033742331288343546,0.004076904598285566,0.0007713186612146821
2056,2748,2322,0.010335917312661497,0.0030560511191488633,0.0031945728239463986,0.005211024978466838,0.0044620399071473495,0.001940666989381875
2057,2748,2274,0.01231310466138962,0.0025923100082845675,0.0030969378808280044,0.003869832893579595,0.005208405253361222,0.0005752411600993721
2058,2748,2321,0.007496768634209392,0.002240909199074557,0.0023675313752248212,0.0017664799655320962,0.002926599053846467,0.0003767682742315752
2059,2748,2276,0.005887521968365553,0.0022670108514576412,-0.0007357579803602288,0.003514938488576449,0.0036454223023532403,-0.00021716865897819258
2060,2748,2316,0.008635578583765112,0.0038005793212479108,0.0018808953356077114,0.006088082901554403,0.004085013590962405,0.002183198442062857
2061,2748,2293,0.013519406890536413,0.006195136679332757,0.00603869946499095,0.004055822067160923,0.004630096054549595,0.002461603876286883
2062,2748,2307,0.01048981361074989,0.002913300965479293,0.0019973928137512844,0.007889033376679669,0.00550997668410257,0.003000665157150647
2063,2748,2284,0.007092819614711031,0.002033555030941573,0.0012346991005531634,0.0017513134851138343,0.0032833009234587898,-0.0007634671086449332
2064,2748,2301,0.013124728378965665,0.00567227994844129,0.0038553011583313344,0.0041286397218600595,0.003782772102457494,0.0006537831522193593
2065,2748,2300,0.011739130434782606,0.004997536029210381,0.003961263492880807,0.0054782608695652145,0.005038209651704772,0.0023704654869244825
2066,2748,2278,0.012906057945566285,0.004262755062851376,0.003189286166736872,0.0034240561896400333,0.004782806497156728,-0.00026526209579971326
2067,2748,2301,0.008170360712733592,0.0018300858699028554,-0.0004639095815935536,0.0017818339852238149,0.0036499335576633696,-0.0018464206794720876
2068,2748,2292,0.014048865619546247,0.0057809001204341725,0.0076780792841002685,0.005890052356020942,0.006326668881373957,0.0044665128321485
2069,2748,2254,0.011623779946761309,0.005240854137026568,0.005505282172853179,0.003593611357586512,0.0035681708113349552,0.0024178714581143098
2070,2748,2295,0.008366013071895424,0.0019880250343473683,0.002355860170599094,0.0019607843137254893,0.0020496961191547214,-0.00010872864268976404
2071,2748,2278,0.010886742756804214,0.0047142573519516826,0.002949959570899974,0.006101843722563651,0.006350194397887798,0.0024185801318326147
2072,2748,2310,0.009783549783549783,0.003422971862741073,0.0030256195637634094,0.003463203463203462,0.00404055887368669,0.0008008046096885772
2073,2748,2285,0.010415754923413565,0.004422980355707858,0.0038873667801851853,0.0025820568927789915,0.004597467815807867,0.0009646563203838881
2074,2748,2312,0.0066608996539792385,0.0025471680997594805,0.0009642377596059347,0.00315743944636678,0.003955938843683276,0.0004286539362242091
2075,2748,2290,0.016419213973799123,0.0051564446248121894,0.009261165721988474,0.005283842794759824,0.0041039955384662265,0.003941550518241331
2076,2748,2321,0.012322274881516588,0.005419856277592668,0.005452780177391316,0.0058595433003015935,0.00620908376156434,0.003618792146408369
2077,2748,2290,0.01021834061135371,0.003304576992494037,0.002396007963290247,0.00262008733624454,0.0030803369577208388,-0.00019308104366793074
2078,2748,2265,0.011302428256070638,0.003966699009855833,0.004596611773420631,0.004635761589403972,0.0055086072072597905,0.0024145068023088993
2079,2748,2294,0.011595466434176109,0.004160865363234744,0.0039053660429727087,0.008238884045335657,0.007399991286541463,0.0043347457623463615
2080,2748,2295,0.011328976034858385,0.003496193806178863,0.005992684121119198,0.0013507625272331139,0.0014766653143891213,0.0008587903019637268
2081,2748,2317,0.01536469572723349,0.006980899838971796,0.009262085045668217,0.005783340526542942,0.005883800527435831,0.005230291022459833
2082,2748,2295,0.012636165577342047,0.006633110819257023,0.004562550924931692,0.005272331154684094,0.006954956971333741,0.0027783828259692537
2083,2748,2318,0.009404659188955996,0.002594490624246652,0.0019419986997500315,0.0018550474547023288,0.0031520834996142636,-0.0012444180443486237
2084,2748,2302,0.012510860121633362,0.0042372404494344625,0.002491183732815989,0.005039096437880102,0.005723802818426394,0.0007576444341364051
2085,2748,2314,0.008815903197925667,0.0024397514532271784,0.0027825719319776116,0.0019014693171996533,0.0026014730226026793,2.63918965096299e-05
2086,2748,2306,0.011448395490026016,0.004023141774757641,0.005142560649104521,0.004856895056374673,0.00513554547907501,0.0029563592167705537
2087,2748,2280,0.00807017543859649,0.0025024714934822074,0.0014996106173244875,0.003333333333333332,0.00400426926689496,0.00036208824111792266
2088,2748,2312,0.01375432525951557,0.006209090761843796,0.006221433329324041,0.004152249134948096,0.005522848717718115,0.002430642291407706
2089,2748,2278,0.012203687445127303,0.005345960061859497,0.004956720765391451,0.008121158911325723,0.006777531795808265,0.004949450116585073
2090,2748,2280,0.012719298245614031,0.004766535722787971,0.0037388762033867978,0.005087719298245612,0.005452564031313094,0.0017914034743536872
2091,2748,2307,0.0082358040745557,0.003241548782802961,6.0175464460117026e-05,0.0026441265713047233,0.0036422673590931452,-0.0009730385120344416
2092,2748,2304,0.011024305555555551,0.00409702008619763,0.002209472093794662,0.005685763888888888,0.00566009909264056,0.0018190872815540564
2093,2748,2314,0.009853068280034571,0.002339158642921343,0.0022949106386499153,0.0006914433880726012,0.0010436875448696953,-0.0018500964013037767
2094,2748,2295,0.011677559912854029,0.005233102028895892,0.005693336017532769,0.003180827886710239,0.005212229859083736,0.0023565571573406605
2095,2748,2277,0.01317523056653491,0.005215651929456624,0.0055759349851146325,0.005314009661835747,0.005110170582684974,0.0029161366695791132
2096,2748,2306,0.01379011274934952,0.004191153685878432,0.006996657362479119,0.0028187337380745866,0.0033732131865107213,0.0018204295418089227
2097,2748,2321,0.010857389056441187,0.0043421471465012835,0.0033749852359833453,0.002283498492029297,0.0038976952745397963,4.9397221508456625e-05
2098,2748,2291,0.014578786556089041,0.005119194647562236,0.005716928086930605,0.005325185508511566,0.005367709919023913,0.002401027003495156
2099,2748,2312,0.011591695501730101,0.0037616748198844663,0.004307142874171557,0.00190311418685121,0.003296702490678832,0.00030945743441630443
2100,2748,2239,0.012505582849486375,0.004492025415221647,0.00399630735663549,0.004778919160339437,0.005384605051831826,0.001871945525191741
2101,2748,2296,0.008885017421602788,0.004511386025063692,0.0018575528668774094,-0.00047909407665505286,0.0033674857653511452,-0.002092680413550075
2102,2748,2289,0.011183923110528612,0.0053180022215637,0.0033460079494006248,0.0037570991699432056,0.004162555267617855,0.0009837748705595949
2103,2748,2286,0.007524059492563428,0.003250590731733876,0.001757029494773541,0.001618547681539807,0.003162797279735543,-0.00025884166477927893
2104,2748,2296,0.01184668989547038,0.003933767608146333,0.005688506848152537,0.0013066202090592336,0.0020193445014979852,0.00032854235969582095
2105,2748,2298,0.009921671018276762,0.003665048629768585,0.0034956071356406237,0.003394255874673628,0.003421673498647252,0.0014415531219013514
2106,2748,2305,0.008937093275488067,0.002705987873318379,0.0009231866696724863,0.004078091106290671,0.00440103243431642,0.0004042733279126307
2107,2748,2264,0.012102473498233214,0.005251030868597627,0.004396153394215158,0.001280918727915194,0.002353296000112304,-0.0003160781345670599
2108,2748,2275,0.010109890109890109,0.003670785329247341,0.004557457942049626,0.0017142857142857138,0.002298326524092617,0.0004064564493383807
2109,2748,2300,0.009043478260869564,0.0025560532961367275,0.0018411772643317165,0.004695652173913043,0.0038544727235970324,0.0014736064554230438
2110,2748,2278,0.009657594381035995,0.0037901189760121,0.0025419716783010885,0.0030728709394205428,0.0037225465174928044,0.0004815904934525092
2111,2748,2261,0.009376382131800087,0.0033470791932707165,0.0031228454591477675,0.0025210084033613434,0.004125924306829337,0.0005340114666086642
2112,2748,2325,0.013419354838709676,0.004409890147986115,0.007086820548390368,0.004903225806451611,0.004007943441477513,0.003243925194923052
2113,2748,2309,0.009961022087483756,0.003224923853414861,0.0025053061733146262,0.001602425292334343,0.0017083484986454203,-0.0010563271598708066
2114,2748,2309,0.009181463837158942,0.0028784668642499985,0.0005683169554383705,0.004330879168471199,0.004130599592549959,-9.208517275769693e-05
2115,2748,2267,0.01243934715483017,0.004719215520369329,0.005106263456154462,0.0053815615350683715,0.0050669561335960935,0.0029397940124241072
2116,2748,2294,0.008195292066259807,0.0019568712620224174,0.0010902977906122077,0.0029206625980819517,0.0035560108058626952,-0.00021551097652079825
2117,2748,2258,0.004162976085031001,0.00010021473479385808,-0.0031268089952690287,0.003941541186891054,0.0028841050854053977,-0.001580124501088149
2118,2748,2323,0.005337925096857509,0.0023433110414731,-0.0027323405846879393,0.0021523891519586724,0.004263965299610392,-0.002518997489802056
2119,2748,2289,0.013630406290956748,0.006043334857495399,0.00572539355651569,0.0042813455657492346,0.0054014927018578565,0.0022805055144568005
2120,2748,2305,0.014316702819956615,0.0050436757218160775,0.005735772864244777,0.004078091106290671,0.003982992119499146,0.0014257777551165264
2121,2748,2291,0.012745525971191617,0.004662214108156201,0.005087326342611042,0.00030554343081623606,0.002749683864141174,-0.0005330155090109836
2122,2748,2273,0.01363836339639243,0.006024038182261063,0.005528248073244603,0.00277166739991201,0.0051275012049963094,0.0012080623491544148
2123,2748,2293,0.008286088094199737,0.0021976268790956702,0.0013912172316594242,0.005364151766245094,0.005347650081191696,0.0016488776139812703
2124,2748,2288,0.01145104895104895,0.004410026652547849,0.0031474857695745523,0.005026223776223774,0.005618294464368615,0.0018776372130994681
2125,2748,2277,0.011067193675889327,0.002682772117499091,0.0024690484040300756,0.006324110671936757,0.005664491609373674,0.0019328243515370149
2126,2748,2294,0.008631211857018307,0.002927965874009871,0.0023320946204880674,0.0017436791630340003,0.0019092631753325402,-0.0005606237262638753
2127,2748,2272,0.011883802816901405,0.0037885323197716764,0.004862334399942409,0.0033890845070422533,0.004776602923767966,0.0014992631926897175
2128,2748,2281,0.015694870670758438,0.006048256095972867,0.007433862098562004,0.002981148619026741,0.005516982033381091,0.0014295080836289702
2129,2748,2306,0.010320901994796183,0.004409570960421402,0.0036900687165410785,0.006851691240242844,0.0037927821028491374,0.0034322156015916374
2130,2748,2304,0.009114583333333334,0.0036560381773890096,0.00363835682518706,0.0027777777777777766,0.002138634419196133,0.0008644037338657506
2131,2748,2315,0.011058315334773217,0.004322259754997643,0.00399324588986439,0.003714902807775377,0.0049993308576628094,0.0009880345952295972
2132,2748,2253,0.010208610741233911,0.002988899501287735,0.003977174947496533,0.005947625388371059,0.005169728019230566,0.002974620108623052
2133,2748,2304,0.011545138888888888,0.004446920245330898,0.0039035662762839096,0.0019965277777777768,0.001610743253723095,-0.00030509138087473107
2134,2748,2314,0.011322385479688848,0.004856380755468414,0.0036521770155724916,0.004321521175453759,0.005091402894662487,0.0015668839431617278
2135,2748,2311,0.013673734314149715,0.005217352686447735,0.005785147733356252,0.005322371267849415,0.0062263681234398325,0.0030239757304530864
2136,2748,2286,0.008486439195100611,0.0030160960566520054,0.0006101781658916878,0.0047681539807524044,0.006546842242722611,0.0006953234706716611
2137,2748,2304,0.010937499999999998,0.004827737213818069,0.004743202613926859,0.0023437499999999995,0.004412713963857342,0.000903979718634629
2138,2748,2294,0.012380122057541411,0.0035735240528643806,0.004638750902044192,0.004925893635571054,0.004550386842508328,0.002134400106402685
2139,2748,2334,0.008740359897172235,0.0020884888593528366,0.0017452507080353815,0.0038988860325621234,0.002118012669029172,0.0002555836524531837
2140,2748,2310,0.011948051948051945,0.004578639816219084,0.004870037066503434,0.004458874458874457,0.005035279991927368,0.0023776779398924797
2141,2748,2298,0.009486510008703219,0.004240467232007898,0.0004227093367680168,0.0003481288076588342,0.002011104721158614,-0.003163425543391176
2142,2748,2322,0.013178294573643409,0.00455901976824671,0.004710233529113221,0.0012489233419465968,0.003188887315066974,-0.0005589622742395376
2143,2748,2274,0.011433597185576076,0.0043932615777099405,0.006119059035272527,0.005189094107299911,0.0039028969070367837,0.003696767200743929
2144,2748,2278,0.014223002633889373,0.0038442911211495575,0.008239848586737422,0.004389815627743634,0.0032077326339307786,0.003398940641425213
2145,2748,2267,0.010939567710630788,0.003567149300044934,0.005430728687204389,0.0012792236435818255,0.0012180685749407854,0.0004178467822457299
2146,2748,2273,0.015486141663000438,0.00630560961297551,0.006337829106868173,0.007171139463264407,0.004894994970423315,0.004066225178451918
2147,2748,2335,0.017730192719486077,0.005706721209645289,0.009895365639855455,0.004710920770877944,0.004006457205167772,0.0034459051361115023
2148,2748,2272,0.011091549295774645,0.0030380377524691702,0.0036470882134607995,0.0041373239436619715,0.0042603060864819095,0.0013440035246660678
2149,2748,2301,0.010864841373315946,0.004281408042376489,0.0021668878819505,0.004823989569752281,0.005235405426246244,0.0011532975381880418
2150,2748,2271,0.008806693086745927,0.003648903053159253,0.002917328323562128,0.005151915455746367,0.005515927642583614,0.0028873597705590176
2151,2748,2238,0.007864164432529042,0.0021486306220755472,0.00013181142180314579,0.004602323503127792,0.003427782840360171,0.0003060993354763726
2152,2748,2260,0.010530973451327433,0.002526860714228391,0.0028273091814390323,0.004734513274336282,0.003476351361405656,0.0009983576391116528
2153,2748,2282,0.010517090271691495,0.005102471927059755,0.003946123755932615,0.0014460999123575798,0.004086365563631105,0.0002849736480050312
2154,2748,2288,0.010314685314685313,0.002613457241946579,0.0023569677640967158,-9.70474671875137e-19,0.0016643545440356553,-0.0025031052888729987
2155,2748,2277,0.012121212121212121,0.006258809285739182,0.005983443398087456,0.0036012296881862095,0.0036048090687652665,0.0024073306583914074
2156,2748,2314,0.016508210890233358,0.006892689661051582,0.008802560676694562,0.006050129645635263,0.0057247967716495445,0.00441589888409622
2157,2748,2320,0.010775862068965514,0.0037547598158104347,0.002065331637439486,0.006724137931034482,0.004820216443918228,0.0021027941448967524
2158,2748,2292,0.007417102966841184,0.0028921801281143245,0.0002798738999814363,0.0023560209424083756,0.0027166241833230824,-0.0009824342053795373
2159,2748,2300,0.009913043478260868,0.004929856440439299,0.0012606308227260175,0.0028260869565217375,0.004165020310000654,-0.0005281743074965113
2160,2748,2314,0.012878133102852202,0.0030531940513290907,0.005599855671138378,0.0035868625756266194,0.002944794543247195,0.0013120184483716621
2161,2748,2281,0.01183691363437089,0.0036752661396055606,0.003921032867682266,0.00539237176676896,0.0056788020981322004,0.0022280248153779005
2162,2748,2314,0.011927398444252377,0.004267130668700951,0.00509946198662472,0.0038029386343993075,0.0036235692133681336,0.0018606376612021647
2163,2748,2281,0.013853572994300742,0.0060427565568280705,0.005432430971203825,0.00539237176676896,0.006926036503266804,0.002889951787064008
2164,2748,2296,0.012804878048780485,0.00405287677219771,0.0034623933404713944,0.0036149825783972113,0.0043877802701880395,6.241162454602371e-05
2165,2748,2285,0.011291028446389495,0.0036995537976341358,0.005861390679931865,0.002757111597374178,0.003037006590823566,0.0020559080331930407
2166,2748,2305,0.016052060737527112,0.005935007039075422,0.007487866046987932,0.007288503253796094,0.005755796805907001,0.004592494569419987
2167,2748,2307,0.006848721283051581,0.0037998433572308883,0.001290116984721183,0.001473775465973125,0.004930865356363939,-0.00035191030499778054
2168,2748,2250,0.012622222222222222,0.0033952952809638277,0.00423620686546594,0.0031999999999999997,0.003930550574890995,0.00044172485481874655
2169,2748,2336,0.013955479452054793,0.005232831090921278,0.004371777066613324,0.004794520547945204,0.004327889380771095,0.0010936363877417977
2170,2748,2303,0.009205384281372122,0.003978332310965042,0.002166385558445822,0.0024316109422492394,0.004436474763142471,2.143876312940637e-05
2171,2748,2269,0.011635081533715291,0.004570483165981547,0.003348540995269362,0.005332745702952842,0.00580249458590563,0.002205250212829008
2172,2748,2311,0.010817827780181737,0.004717416460058081,0.002336725581928467,0.006014712245781047,0.005700214094486012,0.002164688365750024
2173,2748,2308,0.011005199306759098,0.004322254262634734,0.003754166945663588,0.003986135181975736,0.003976769869317997,0.0015804733654936388
2174,2748,2307,0.010749891634156912,0.004762932048708974,0.0035114620666765292,0.0011270047680970944,0.0036567543389637485,-0.0004100694834566886
2175,2748,2296,0.014285714285714285,0.005103104197754495,0.006250764283885733,0.0036149825783972113,0.004564516570497428,0.001856743619901831
2176,2748,2294,0.003923278116826502,0.0011096433432423644,-0.002544386587838424,0.004359197907585003,0.003568721002757338,-0.0004801859672724096
2177,2748,2303,0.015371254884932692,0.006221073067625769,0.005890075478527168,0.0019539730785931384,0.00319136283090492,-0.0004944264071893852
2178,2748,2275,0.00589010989010989,0.0034492080299133535,0.0011279162265575918,0.002109890109890109,0.003276476005318402,6.165926017135112e-05
2179,2748,2324,0.016006884681583476,0.0065110230630308396,0.009286887706436634,0.007185886402753871,0.006665368671009164,0.00618256397588601
2180,2748,2279,0.009302325581395349,0.002419658827605798,0.0025440005913325374,0.00425625274243089,0.003296222565431551,0.001311231150631317
2181,2748,2275,0.00668131868131868,0.0031159152587456555,-0.001857867475008651,0.0032967032967032963,0.0028581483882737456,-0.0016543028286244198
2182,2748,2299,0.010004349717268376,0.0036924284923448795,0.0035413814483386467,0.003392779469334492,0.003394919747157547,0.0013072925191105714
2183,2748,2306,0.006071118820468342,0.0040271821226193156,-0.0006263627829718686,0.0011274934952298333,0.0018628288448016069,-0.001627852197835178
2184,2748,2311,0.011769796624837731,0.003951954169392158,0.003485915173079989,-8.654262224145476e-05,0.001563229181414916,-0.0022437851088300824
2185,2748,2277,0.010715854194115061,0.004429832712843487,0.004672995360278154,0.005357927097057531,0.0035652541525607335,0.002933416476057561
2186,2748,2323,0.012225570383125266,0.006617330092457937,0.0051508309034328115,0.004649160568230735,0.005080733227406558,0.002564938601359691
2187,2748,2300,0.008434782608695651,0.002554282046689754,0.0017039824287135694,0.0006086956521739118,0.0011575891089790947,-0.0015522481537080148
2188,2748,2287,0.01084390030607783,0.005856245177832006,0.003906895371314779,0.0017927415828596412,0.004395557872108443,0.0007571178631856231
2189,2748,2306,0.017172593235039026,0.0068621950113717505,0.008637516060992776,0.007241977450130094,0.006039320213408816,0.005065524686535813
2190,2748,2298,0.011488250652741512,0.0035356920280191356,0.0033294414989781525,0.0012184508268059174,0.0032640962733036373,-0.0011886156676421805
2191,2748,2250,0.008533333333333332,0.0036315959069266493,0.0022553645053456028,0.0015555555555555548,0.003253275607631112,9.492609190913844e-07
2192,2748,2292,0.010558464223385687,0.004694436111805009,0.003354349942077851,0.0020942408376963344,0.004338994793161866,0.00011745634030761017
2193,2748,2323,0.011795092552733531,0.002972578357740424,0.004127668659686321,0.004046491605682306,0.004975764288253034,0.0014516866285345978
2194,2748,2300,0.01443478260869565,0.005989549963663918,0.00802501033903419,0.0023478260869565213,0.0033420226730136757,0.002024830996629047
2195,2748,2314,0.011408815903197924,0.0033383230956882683,0.004582874545832683,0.0014693171996542776,0.003425240918255708,0.00028092414135168524
2196,2748,2277,0.017391304347826084,0.006943058906839985,0.007665264500486883,0.0028985507246376808,0.0052611526534055795,0.001070660891365252
2197,2748,2277,0.008695652173913042,0.0025053055965496276,0.0023002046526381416,0.0029863855950812454,0.003793054087992604,0.0001919639042676176
2198,2748,2246,0.013446126447016916,0.0042378788009709125,0.005908658975464376,0.00391807658058771,0.003937787278785832,0.001945464573003815
2199,2748,2317,0.011652999568407424,0.004181124307737478,0.00466536266447493,0.007811825636599051,0.006325807116407227,0.004425739948732511
2200,2748,2305,0.0075488069414316695,0.002599997477479915,-0.0009434050019831794,0.0023861171366594356,0.004006075195782449,-0.002007978224076925
2201,2748,2299,0.012179208351457154,0.004094568504648626,0.005481078353949224,0.003044802087864287,0.0048363159920035035,0.0014043603596020182
2202,2748,2298,0.014447345517841596,0.0045562061441363055,0.0066639102215608256,0.005831157528285464,0.0033249491355896396,0.003127888817455224
2203,2748,2285,0.007964989059080961,0.002276595835282968,-0.0004022142683606058,0.0021444201312910277,0.001482951876996689,-0.0021416492100698155
2204,2748,2295,0.010021786492374724,0.0019108084602983421,0.002616225171547881,0.0019172113289760342,0.003464526458176261,-0.0007745069371700194
2205,2748,2283,0.01357862461673237,0.007640651712599829,0.006321002924742331,0.001533070521243977,0.004841640237375864,0.0009068582919655796
2206,2748,2323,0.013517003874300472,0.005227064470421717,0.006971872930427018,0.0020662935858803263,0.0038517521693630834,0.001478931444203365
2207,2748,2311,0.009173517957594112,0.001430898844621124,0.0006585563671064223,0.0035049762007788817,0.004665446710209558,-0.0002563246237712512
2208,2748,2288,0.011188811188811187,0.004254397847184417,0.0023501160514822063,0.006774475524475523,0.006981279060652439,0.0026970240179835835
2209,2748,2305,0.011193058568329717,0.005328103103264775,0.0018588117801833833,0.003731019522776572,0.00423271619825048,9.492816437345888e-05
2210,2748,2306,0.009280138768430181,0.004037209899818986,0.0014667771889078575,0.00464006938421509,0.005506820997375776,0.0014448571479214723
2211,2748,2331,0.011154011154011153,0.0034458160011404887,0.005630600391752188,0.0024024024024024014,0.0030146637266319568,0.0015237779075442197
2212,2748,2323,0.008867843306069736,0.0030416219493112837,0.0019394735825822302,0.0002582866982350402,0.003345323568072624,-0.0014702757535891198
2213,2748,2321,0.011719086600603189,0.004714483388565129,0.00555041699197492,0.0016372253339077972,0.002550610665710877,0.0006018310949786896
2214,2748,2281,0.00692678649715037,0.0025651623307150783,0.0006452924919138006,0.003419552827707145,0.003389499428321731,0.00034528380772384803
2215,2748,2289,0.011446046308431627,0.004300342587488115,0.0035464650790225484,0.00401922236784622,0.004903810126924567,0.0012934751886756238
2216,2748,2329,0.00961786174323744,0.003625499851303881,0.0028027834056989893,0.0013739802490339193,0.0018915371867863906,-0.0008356267670838512
2217,2748,2285,0.01085339168490153,0.004769474120824734,0.0031102519157170582,0.003719912472647701,0.004674168630166027,0.0009695818317517927
2218,2748,2318,0.011993097497842968,0.00434826733207059,0.004934694566548073,0.0018981880931837785,0.0026354005965407382,0.0003858370494318273
2219,2748,2285,0.009540481400437636,0.004789806997605673,0.0018871258443493735,0.0006564551422319467,0.003589483967901002,-0.0013641943289754044
2220,2748,2290,0.00890829694323144,0.002901659866826155,0.0012496440099271913,0.0003930131004366802,0.002142474789958139,-0.0023250349228087002
2221,2748,2291,0.012920122217372326,0.0035661408012000162,0.005024935784955128,0.0032736796158882578,0.002116993016655539,0.0008152533834791757
2222,2748,2302,0.013292788879235445,0.0042620819598148734,0.005543852072631917,0.004257167680278018,0.004666423288655434,0.0023752965205848403
2223,2748,2306,0.00971379011274935,0.002260735785187244,0.0023528465317636835,0.0026019080659150035,0.002568873795219465,-0.00046382687778768344
2224,2748,2325,0.013075268817204298,0.00614856738922139,0.0061616984599585775,0.0030967741935483857,0.004086548916812452,0.002077727926441511
2225,2748,2311,0.010731285157940284,0.003824715860975888,0.0031593741039603147,0.004500216356555603,0.004845919907285671,0.0015781737471490913
2226,2748,2292,0.010558464223385687,0.005072190007395198,0.0032105722103126315,0.002705061082024432,0.0033878199890768285,0.00045174999923907634
2227,2748,2278,0.009043020193151887,0.0027902081880750674,0.002498147995505089,0.0028094820017559256,0.002664467417296138,-9.988659034283034e-05
2228,2748,2268,0.011111111111111108,0.004600785698070123,0.0040465718368158,0.0050264550264550265,0.005083526468507586,0.0023486140253105876
2229,2748,2270,0.011718061674008807,0.003460774134089803,0.0008181649214754231,0.006123348017621144,0.005605433825481765,0.0005781697817090335
2230,2748,2294,0.014210985178727112,0.003624222188427165,0.006615684086858586,0.0007846556233653006,0.0027870001972411323,1.0793810052266528e-05
2231,2748,2310,0.012034632034632033,0.004044984764341723,0.005777082735721399,0.0048051948051948045,0.004756805378743272,0.0029269225554769346
2232,2748,2294,0.010897994768962508,0.004135069171183745,0.0020734925990623723,0.0038360941586748033,0.004650107038538751,0.00045625954736605096
2233,2748,2279,0.013339183852566914,0.0051309821089770774,0.006494319243540124,0.003685827117156647,0.004744263310551848,0.0025878705429588996
2234,2748,2327,0.012720240653201546,0.005732776872852739,0.004956537953099521,0.004082509669101847,0.003922324125852139,0.001954564674071082
2235,2748,2292,0.009336823734729494,0.0029151448225694983,-0.0007349199410471203,0.004799301919720767,0.00551675256855803,-0.00051004509714621
2236,2748,2285,0.01085339168490153,0.003920834119368169,0.0004733591776359903,0.005076586433260393,0.0049123412725779435,-0.00011255555088096069
2237,2748,2289,0.011446046308431627,0.004328379282035668,0.004506897761321122,0.004674530362603756,0.005755682398539895,0.002297016329240119
2238,2748,2274,0.012752858399296392,0.005587372152514131,0.004544802044178616,0.003386103781882145,0.003973718388796691,0.0008302300861393265
2239,2748,2329,0.01382567625590382,0.005800352041107541,0.0047901571316764395,0.006483469300128809,0.007344941104313581,0.003156117222417706
2240,2748,2298,0.014360313315926894,0.004410617720524317,0.00589632814730181,0.005352480417754568,0.004037663418128056,0.0027160775896680925
2241,2748,2334,0.012853470437017992,0.003626567058565339,0.0038739206792192883,0.004198800342759211,0.00504860801317827,0.0010161880339211891
2242,2748,2275,0.008879120879120878,0.00184450869648938,0.0020659658256854214,0.00224175824175824,0.0043487428358354495,-0.00034445099085274555
2243,2748,2281,0.010083296799649276,0.0029329721688511525,0.002383597011968587,0.0030249890398947816,0.0028461924028822467,-0.0006109014136476742
2244,2748,2308,0.01386481802426343,0.004237624162741732,0.005810330006811686,0.005935875216637781,0.005076973919778797,0.00325266401032636
2245,2748,2262,0.012908930150309458,0.004633187292593389,0.006017102872938546,0.0053492484526967265,0.004509613668024364,0.003459200379691256
2246,2748,2277,0.014404918752744836,0.005613674778573735,0.006218534912699804,0.0017566974088713211,0.002575059768389681,0.0002668973181870093
2247,2748,2301,0.009995654063450673,0.0030227013087459733,0.0027449995928164254,0.005780095610604084,0.005477428977586538,0.0021189610004440913
2248,2748,2336,0.008219178082191778,0.0026243185900215044,0.000703979369620028,0.0013270547945205466,0.0036110346697270724,-0.0014000029408203767
2249,2748,2290,0.0085589519650655,0.0015194563895452153,0.0005219000186059085,0.0038427947598253264,0.0035599727339068045,-0.0003133831778935161
2250,2748,2294,0.009677419354838708,0.002866923592901363,0.004375286811569295,0.002092414995640801,0.0013893753762753132,0.00046868576465234095
2251,2748,2330,0.012789699570815449,0.005126110348875024,0.004597860317043602,0.0026609442060085827,0.004123167881483627,0.0005663169974080885
2252,2748,2311,0.011423626135871917,0.003322567999327047,0.0038498426350296404,0.0031588057118130657,0.0031755357680790294,0.0005617548980464567
2253,2748,2314,0.012791702679343127,0.0035606925696849926,0.006687280735644176,0.003975799481417458,0.0035921379200087875,0.002546420320217838
2254,2748,2294,0.007585004359197905,0.001735553438276476,0.0009912951090688934,0.0024411508282476025,0.002536363781381562,-0.0007911765829578888
2255,2748,2291,0.010912265386294195,0.003809007787589348,0.004238901046325392,0.005194238323876036,0.005151529244534411,0.00267753036379818
2256,2748,2293,0.010641081552551241,0.004325609162819994,0.0027186745249906594,0.005451373746184038,0.005070100970301043,0.002017934995414956
2257,2748,2335,0.008308351177730192,0.0034284710471260615,0.0016195921063426508,0.003126338329764453,0.0037709491628256575,0.00026528146448758617
2258,2748,2288,0.011975524475524475,0.005162601240418573,0.004432213798849468,0.0031905594405594396,0.0037338622617464697,0.0008948964856373628
2259,2748,2266,0.012444836716681375,0.0037406495488248987,0.00393399582926036,0.0048984995586937325,0.005199359426216319,0.0014774832239784188
2260,2748,2303,0.012679114198871036,0.004165000721459525,0.0042278552953894065,0.005384281372123317,0.00428624540692903,0.0018818664429203875
2261,2748,2245,0.010690423162583517,0.004757244566711414,0.004313597797098072,0.0015590200445434286,0.0020663746573495864,-9.0981975472355e-05
2262,2748,2293,0.011949411251635412,0.004545335836364241,0.005621078965587882,0.0014391626689925852,0.0033831134292242808,0.000798312183668449
2263,2748,2292,0.0066317626527050595,0.003331728407265093,0.0008945583629248572,0.0015706806282722503,0.004093160830736515,-0.0004153892752637351
2264,2748,2260,0.0115929203539823,0.0031782726434843108,0.004044538817372315,0.006858407079646017,0.004206802245822447,0.0032130008028562465
2265,2748,2276,0.00984182776801406,0.0023333271869336323,0.0025025097354950403,0.0030755711775043927,0.002999358346492431,-7.795761417700451e-05
2266,2748,2298,0.011401218450826804,0.005392243558797429,0.0034645942151652876,0.003742384682332462,0.006238752536573939,0.0013993642548117582
2267,2748,2335,0.014646680942184152,0.005265855404277935,0.006711467752030438,0.0049678800856531044,0.004308678314365802,0.00303018397554785
2268,2748,2276,0.012038664323374339,0.003746187666319082,0.00258844935896104,0.004217926186291739,0.005171486548266973,0.000378467185189446
2269,2748,2302,0.013553431798436141,0.006653416509228685,0.004906194963885185,0.0032580364900086883,0.005493900592156915,0.0008726984268347568
2270,2748,2259,0.008322266489597165,0.0028135552683133704,0.0023529275745912434,0.004913678618857901,0.004555189025649782,0.0019977161059290312
2271,2748,2290,0.009606986899563318,0.0034297710450868976,0.0015234188182315894,0.0009170305676855886,0.0046599380260566895,-0.0014621804634841952
2272,2748,2267,0.013409792677547418,0.004575522019345089,0.008170195762112977,0.003484781649757388,0.003978816502700867,0.0031723331965038447
2273,2748,2271,0.011096433289299866,0.003991181147472283,0.00288157985143307,0.004183179216204314,0.004133015967826989,0.000681446633179474
2274,2748,2298,0.010704960835509135,0.003774568626152876,0.004828754492836428,0.006570931244560485,0.005830281370560182,0.004379200384460928
2275,2748,2293,0.010815525512429132,0.0035485748811237734,0.0024259965993105137,0.0015263846489315298,0.0022233441907436144,-0.0013481250510990741
2276,2748,2300,0.010086956521739129,0.0034283205386935896,0.002326809177965899,0.005565217391304346,0.0043066343986128824,0.0020683255468917743
2277,2748,2322,0.012230835486649438,0.004281422167629082,0.005790251465637418,0.007407407407407406,0.005174161114140851,0.004623114228285093
2278,2748,2272,0.011091549295774645,0.002677928992692853,0.0008654040191211002,0.0015404929577464781,0.004447034769678189,-0.002514027674235217
2279,2748,2284,0.007355516637478107,0.0018858968560066247,0.0015957055087638774,0.0023642732049036766,0.003759396658621727,-3.3449658702148915e-05
2280,2748,2314,0.007433016421780464,0.0015917305604938325,0.0010217994600756704,0.0038893690579083822,0.003529914843556651,0.000564393196600417
2281,2748,2297,0.012015672616456247,0.004260615776251367,0.003300673496064895,0.004397039616891597,0.0056817231158928,0.0013882080645637761
2282,2748,2280,0.011228070175438594,0.004842858769656925,0.005109896873599914,0.004210526315789471,0.004420448417094779,0.002817332848836516
2283,2748,2288,0.011538461538461534,0.004806651581866081,0.005589153018773713,0.0055944055944055935,0.005151900428888177,0.0037401592612046697
2284,2748,2307,0.009882964889466838,0.004444694731985819,0.0007977141842667347,0.003250975292587776,0.004166910609424229,-0.0006550832551268783
2285,2748,2279,0.01079420798595875,0.0027295985511376604,0.0009214989335932758,0.001974550241333917,0.003745496970950832,-0.0022785127589917452
2286,2748,2287,0.011281154350677742,0.005122632903434788,0.0033726184344674785,0.0015741145605596845,0.0050670699355218115,-3.84043656248107e-05
2287,2748,2285,0.010153172866520788,0.0036120142468023878,0.003161466972336273,0.004376367614879649,0.004023372016942927,0.0014597140912140463
2288,2748,2308,0.010051993067590985,0.003811325035214647,0.0039511826489727325,0.003942807625649912,0.003577806817372839,0.0017947966601407437
2289,2748,2305,0.012321041214750542,0.005068717152303994,0.005946528863692691,0.0025596529284164847,0.00403792950902567,0.0013713796252316666
2290,2748,2281,0.008505041648399823,0.0023252136955618386,0.002342399708339988,0.0004822446295484439,0.0033356023478885236,-0.0007125141259855421
2291,2748,2265,0.011214128035320084,0.004818016587040786,0.005263017757961306,0.0032229580573951418,0.00527329468386669,0.0025130159733394368
2292,2748,2315,0.0109719222462203,0.00371911423416293,0.004153091735695159,0.005097192224622029,0.005558451224466549,0.002542869195931702
2293,2748,2266,0.013592233009708736,0.005167830049822259,0.008717707146962668,0.002559576345984112,0.004542588915739289,0.0030837488347612314
2294,2748,2303,0.012331741207121143,0.003562046118149793,0.004616042660677002,0.004038211029092487,0.005285120248493104,0.001798251108142924
2295,2748,2314,0.009939498703543647,0.0032192719030452997,0.004537359319509699,0.0033275713050993933,0.0031725171130233933,0.001971516451259252
2296,2748,2292,0.010645724258289701,0.004955836685946325,0.0021904301229972974,0.00287958115183246,0.003294152145977915,-0.00013632527349691153
2297,2748,2286,0.013298337707786526,0.005337812113864057,0.006145345042349716,0.0052493438320209964,0.005539109153152489,0.0035124649563338145
2298,2748,2270,0.00872246696035242,0.0022508348518493,0.0010885908915503238,0.0018502202643171787,0.0025708533741275225,-0.0012313581016701602
2299,2748,2291,0.008031427324312525,0.003149210402342629,0.0008993804131148539,0.003011785246617196,0.004612548553952481,-0.0002279564580532744
2300,2748,2316,0.00932642487046632,0.0032028361528558713,0.002274332503222644,0.0031088082901554394,0.003774653918853559,0.0005635164373283376
2301,2748,2319,0.011987925830099179,0.0047546855851292955,0.004961992177279135,0.0017248814144027594,0.00362002033852537,0.0003916344725176087
2302,2748,2294,0.014995640802092411,0.0048104124755513995,0.007436494078821626,0.0011769834350479496,0.0022294302886046546,0.00023626435408454844
2303,2748,2281,0.011223147742218323,0.003606392957797973,0.004372064771521291,0.002586584831214378,0.0023379793196770934,0.00042356332454305005
2304,2748,2298,0.010617928633594429,0.0039042522562669824,0.0010117007374241863,0.0039164490861618795,0.005195512987159644,-0.00020154042870460407
2305,2748,2307,0.00884265279583875,0.002490462569634271,-0.0006496692608487385,0.001820546163849154,0.0023638327695634405,-0.00247470111942814
2306,2748,2310,0.009696969696969695,0.002898104068523503,0.001618214926380359,0.0016883116883116883,0.0034772492765597976,-0.0010964707891930102
2307,2748,2273,0.009942806863176416,0.003743175551277684,0.001584680651882719,0.003651561812582489,0.0028791814757034187,-1.2249023877394081e-05
2308,2748,2252,0.00950266429840142,0.0021687430628371225,0.0009366838847380496,0.0031527531083481333,0.00365208928244004,-0.0003761963849560648
2309,2748,2265,0.005916114790286975,0.002610219528955141,0.0006481007184590266,0.0025165562913907267,0.002838525858853342,3.241310375494222e-05
2310,2748,2299,0.01026533275337103,0.0033532446154512416,0.0025943140531529334,0.0036537625054371458,0.004361729210878688,0.0006542749546605958
2311,2748,2315,0.009589632829373647,0.0037895967775741714,0.0017268074550568617,0.0038444924406047494,0.0044533343182609165,0.0005879060158168971
2312,2748,2322,0.008354866494401378,0.0031005835917663678,0.00031826510901676705,0.0037898363479758816,0.0030278842336873032,-0.00024199441333193255
2313,2748,2279,0.007547169811320753,0.0007098901370664376,0.0008680912635149497,0.003949100482667836,0.0028268734285958655,0.00030266654008568195
2314,2748,2314,0.01132238547968885,0.004064276273634526,0.003828969544404005,0.004451166810717371,0.004466648514294709,0.00128800596471059
2315,2748,2302,0.013987836663770632,0.0043995356270270505,0.004981619424605195,0.005690703735881839,0.0048324103326558955,0.0021281604494516617
2316,2748,2281,0.010872424375274001,0.0035464253382703087,0.00483987759362503,0.0016220955721174908,0.0026964641755197858,0.00044326035945441264
2317,2748,2286,0.01163604549431321,0.0038045551439595997,0.0036132774326777693,0.004811898512685914,0.005027649404198755,0.0016390954411689247
2318,2748,2313,0.010894941634241241,0.003766516536403983,0.0036664791424834476,0.0012537829658452208,0.002377033588040098,-0.0008035965953158456
2319,2748,2278,0.014398595258999121,0.006001077094352429,0.005866270878897377,0.005662862159789288,0.005624196885581381,0.0031002186262852308
2320,2748,2241,0.010263275323516284,0.0035514286071634824,0.0033335708582827974,0.001963409192324854,0.0018906438417465056,-0.0001291141863672118
2321,2748,2307,0.007628955353272648,0.0027977791156865465,0.0005263164970656836,0.0009536194191590808,0.003508295422017981,-0.0014233550124775282
2322,2748,2301,0.009908735332464145,0.004223820719911243,0.0025146717911335905,0.0027813993915688823,0.004668500229981848,0.0006642874641620656
2323,2748,2350,0.010382978723404254,0.004221097807592875,0.004194579555588323,0.00017021276595744554,0.003195457158871052,-0.0006332635163573555
2324,2748,2327,0.010399656209712074,0.0030950634438079517,0.004297006074868058,0.003910614525139664,0.0032298382914895834,0.0017441722242050929
2325,2748,2270,0.013480176211453742,0.004712673447936693,0.005691043600402329,0.0035682819383259894,0.004382946306660495,0.0015848476214416225
2326,2748,2285,0.007089715536105033,0.0024114943236550153,0.00019674009246837003,0.0023194748358862133,0.0019141299769590663,-0.0010553687879400486
2327,2748,2322,0.012403100775193797,0.004344942320441521,0.004896476419322126,0.0015503875968992241,0.0032512076965549486,-7.894387859890651e-05
2328,2748,2297,0.012451023073574225,0.005324987955168986,0.003924700534269059,0.004658249891162385,0.005609492786058083,0.0014673007538978885
2329,2748,2294,0.010113339145597209,0.0040559675076513755,0.0028546065177520175,0.005579773321708804,0.004761108276661172,0.0020103034378697007
2330,2748,2301,0.009387222946544978,0.0035140160998597273,0.002040006970484697,0.003998261625380269,0.003579191153533835,0.00042545449370149984
2331,2748,2255,0.012239467849223945,0.004515657053958089,0.00621228460422432,0.0022172949002217286,0.0018003591787572805,0.0013354228660205116
2332,2748,2295,0.014291938997821349,0.005756854624616677,0.006748773042072991,0.003921568627450979,0.004045086435532674,0.0021250604010126803
2333,2748,2314,0.012013828867761448,0.00505118680850474,0.0028108246679821322,0.0024200518582541044,0.0043285639695049396,-0.0007207436659419724
2334,2748,2327,0.010657498925655347,0.005472536334213525,0.004606921999368962,0.0011602922217447346,0.003910961198363418,0.0002777221893918727
2335,2748,2297,0.010796691336525902,0.0033986534631647034,0.001781303541525042,0.004397039616891596,0.003060244257421961,0.00018709514004894122
2336,2748,2298,0.010356832027850304,0.0037697861385537746,0.003665381792466848,0.005134899912967797,0.004872881975944418,0.002315806597309987
2337,2748,2290,0.008646288209606987,0.00267787939671562,0.0015780587982439822,0.0023144104803493435,0.002687636367640231,-0.0008445357485128936
2338,2748,2299,0.008264462809917352,0.0013263244249215817,0.0025462404071079385,0.0030013049151805114,0.004081557393533663,0.00043634456854101035
2339,2748,2321,0.011029728565273586,0.0046762412796626145,0.003982254793718497,0.003963808703145195,0.003555042322294501,0.0013463626562410188
2340,2748,2302,0.01198957428323197,0.0034592424998840495,0.004617628111511626,0.005516941789748043,0.003736332551089246,0.0025528825311295234
2341,2748,2274,0.00976253298153034,0.003809116103455259,0.0027251888877827075,0.003869832893579594,0.0056349779858339355,0.0014419331287840636
2342,2748,2266,0.008296557811120918,0.0022863619061597954,0.0005592891258269779,0.003971756398940864,0.0040318544745917345,-0.000166035764722553
2343,2748,2284,0.011295971978984238,0.004218990573266874,0.0038212976055990357,0.004290718038528896,0.004861611883146145,0.001580503725771897
2344,2748,2303,0.013981762917933132,0.0066608458054673424,0.005850255710895376,0.007294832826747719,0.005956047937374612,0.004463923029701101
2345,2748,2271,0.01180096873623954,0.003784060780072385,0.0029369117445429186,0.0039189784236019366,0.0057826648979607915,0.0005699092800155266
2346,2748,2307,0.011009969657563932,0.0033124182593038376,0.00395285410539149,0.00403120936280884,0.00508270433501904,0.001694016271892471
2347,2748,2274,0.010905892700087948,0.003420420890843529,0.003680280625410856,0.004265611257695689,0.0035454550699439485,0.0015515279087744067
2348,2748,2310,0.012640692640692638,0.004919419078371882,0.006456249721190033,0.005021645021645021,0.005953992949747538,0.003858512436162304
2349,2748,2310,0.011515151515151513,0.00522689670601177,0.0036039822557518155,0.005584415584415584,0.005708471236736759,0.002662672022614275
2350,2748,2303,0.010334346504559269,0.002926104803281941,0.005523082561403491,0.005254016500217107,0.00448180686938631,0.003540427541034471
2351,2748,2276,0.014411247803163444,0.005314639137187372,0.006059951315061905,0.0026801405975395423,0.0038431856530626056,0.0008454088053148394
2352,2748,2292,0.013438045375218149,0.0050390890368329595,0.005597852826615369,0.006544502617801045,0.004874633762108984,0.0034718673050979686
2353,2748,2259,0.01372288623284639,0.005319159723785413,0.004877655084869973,0.0049579459938025655,0.005765074064396939,0.0021582846016424025
2354,2748,2298,0.0073977371627502175,0.0029567743362657597,0.0015983843680110706,0.0013054830287206258,0.0021055592613156084,-0.0007917028059171218
2355,2748,2263,0.007335395492708793,0.0025670873460151467,0.00024835297773004837,0.005921343349536012,0.00632348536906083,0.0018924898533621722
2356,2748,2293,0.008809419973833403,0.003350156444843254,0.0020518325421495206,0.006018316615787177,0.004871524401910694,0.002472567975932985
2357,2748,2294,0.01020052310374891,0.00462672158526164,0.003283244973422806,0.0024411508282476025,0.004166934648651486,0.000547373854323012
2358,2748,2296,0.011759581881533098,0.005455825417675445,0.005961511838879619,0.0035714285714285696,0.0036416234371305606,0.002239272250261936
2359,2748,2313,0.012278426286208384,0.005356131293493041,0.0054345968880982,0.003977518374405533,0.0032473673248354304,0.0018451411192658858
2360,2748,2305,0.011366594360086767,0.004620640061077242,0.003065399038521178,0.00477223427331887,0.005487796175950443,0.0014427026372486177
2361,2748,2293,0.007239424334932402,0.0020933840172308715,0.0005298453445968414,0.0014827736589620578,0.0029250879536280292,-0.0013833634672236114
2362,2748,2313,0.012797233030696064,0.004197946615368472,0.0056268525011503815,0.005663640293990487,0.00521938866374385,0.0031327446564379676
2363,2748,2324,0.014371772805507742,0.004956063645667853,0.005322854797820223,0.004345955249569707,0.005979376267333874,0.0016837751793926186
2364,2748,2295,0.010021786492374726,0.00503032028034989,0.004434413975020988,0.0053594771241830055,0.0049376043897904,0.0032864355281063086
2365,2748,2275,0.0109010989010989,0.0030000305978396505,0.0026589041603932973,0.006153846153846152,0.005252166524211388,0.00216580072553557
2366,2748,2318,0.008886971527178602,0.0028645940073453034,0.001324933703918779,0.002933563416738567,0.0034000839770197302,-0.000333260516264211
2367,2748,2304,0.010156249999999999,0.003914107201954951,0.002443078472528671,0.002604166666666666,0.0046965966377512085,-8.583778352915578e-05
2368,2748,2276,0.009050966608084358,0.0035894017326739466,0.0012221776615950009,0.005272407732864673,0.004623062420391019,0.0012388889844388348
2369,2748,2301,0.012863972186006082,0.0032873052602407464,0.004218663040506189,0.002998696219035201,0.0018197554455348325,1.537531206022312e-05
2370,2748,2320,0.00586206896551724,0.003589458649901053,-0.0007210577015112102,0.0031465517241379298,0.002795756564785041,-0.00023210299493121904
2371,2748,2302,0.00981754995655951,0.0032070928614228948,0.0020207594103097454,0.005169417897480451,0.005043359997409786,0.0015556176533074448
2372,2748,2287,0.013554875382597288,0.005113906845571157,0.006915540858240268,0.00529077393965894,0.005520195426799708,0.003679991760592925
2373,2748,2319,0.009141871496334627,0.0040644176054173715,0.0014771245593256965,0.002889176369124622,0.003240002032072002,-0.0003893703043291605
2374,2748,2286,0.012073490813648292,0.00400292111594437,0.005278251374416531,0.005949256342957129,0.00574138383457384,0.003693489942750038
2375,2748,2289,0.008300567933595454,0.003690805376309583,0.0018934018086323892,0.0013106159895150717,0.002564921320391536,-0.0005090171316947958
2376,2748,2292,0.011431064572425827,0.004234505181392537,0.0050184907558044715,0.003228621291448515,0.0037554419692850684,0.001697596040440454
2377,2748,2310,0.010909090909090906,0.004627355625066619,0.00433526776786042,0.0021645021645021628,0.0029890572181918294,0.0006804014976124051
2378,2748,2285,0.008402625820568926,0.003119502310448454,0.0001099519522877256,0.0036761487964989043,0.0047523972808772305,-0.0005934592671188675
2379,2748,2278,0.008779631255487268,0.0037663572787138538,0.0023667674142199,0.003028972783143107,0.0039126189479557665,0.0003946379398076951
2380,2748,2288,0.010751748251748253,0.004740506748570759,0.0045154124638573006,0.004982517482517482,0.004416194078497883,0.002814846844797566
2381,2748,2272,0.011619718309859153,0.003524296073172062,0.004803734862823101,0.004489436619718308,0.005848158178986135,0.0026484188506386537
2382,2748,2308,0.01265164644714038,0.004188018661685888,0.004300163017900592,0.006975736568457538,0.005449568516832162,0.003329190410127896
2383,2748,2272,0.013556338028169013,0.0034589771401943733,0.005897041764446961,0.0028609154929577457,0.002096697386162846,0.0005157270095586925
2384,2748,2307,0.008929345470307758,0.0043811693926152405,0.001751982427404551,0.003207628955353271,0.003305334801487286,8.81404386775173e-05
2385,2748,2295,0.01333333333333333,0.0044574677001539015,0.005605828024536216,0.003703703703703704,0.004363619134293646,0.001627204736916932
2386,2748,2292,0.010471204188481674,0.0033391620948839875,0.001984787959737393,0.004624781849912739,0.00451464736045278,0.0011073558704776743
2387,2748,2297,0.007836308228123636,0.0035946829269190538,0.0026724251304245617,0.005311275576839355,0.005351301340639532,0.003045570841106729
2388,2748,2294,0.011595466434176109,0.005002339222087034,0.006092098858687446,0.004969485614646903,0.005435686864748187,0.003885450487933098
2389,2748,2322,0.007149009474590869,0.003517161147425827,-0.0006849627217177224,0.0026270456503014634,0.004568162583587132,-0.0012523815854985716
2390,2748,2325,0.010666666666666665,0.004638702603574622,0.003433398593425467,0.0024946236559139773,0.0020394026776600475,0.0001819836154922494
2391,2748,2284,0.00901926444833625,0.0034926116878427043,0.00276321797892277,0.0032399299474605947,0.0035329108220162296,0.00047379806620329046
2392,2748,2311,0.014539160536564255,0.0056252852178074455,0.009662048943006938,0.0034184335785374283,0.003985700593182816,0.0037816645932727735
2393,2748,2276,0.008963093145869945,0.0031159912792819507,0.00229259592640718,0.003471001757469243,0.003843206943071485,0.0005252587144022955
2394,2748,2326,0.016680997420464316,0.005668559091737592,0.008192625820563472,0.003912295786758383,0.006260119512168481,0.0027665244045981976
2395,2748,2294,0.009328683522231908,0.002146334406885073,0.0026168748508216804,0.0020488230165649516,0.002674633639762023,-0.00038211048098941736
2396,2748,2286,0.01391076115485564,0.005985804003270214,0.004900465979357269,0.004855643044619422,0.005739700548306754,0.002148955150938466
2397,2748,2307,0.010403120936280883,0.002917587255516465,0.0036343558313283474,0.0032943216298222796,0.003462926908191368,0.0011070217372771086
2398,2748,2288,0.00865384615384615,0.003176325928310306,0.0021429423857942794,-0.0002622377622377632,0.002562348453993029,-0.001967114094323167
2399,2748,2294,0.00932868352223191,0.0026478057160449343,0.002175617596784735,0.004838709677419353,0.005851717667722268,0.0016937490513459677
2400,2748,2325,0.008774193548387096,0.0028979073985882934,0.0015278432916939312,0.003053763440860214,0.002001682150995308,-5.99163350994809e-05
2401,2748,2286,0.014960629921259844,0.007074077252444281,0.008079347711738967,0.0042869641294838124,0.003445786400553665,0.003125605306146903
2402,2748,2300,0.009478260869565215,0.003969386588800274,0.0035684743013123434,0.0005217391304347819,0.0037823812604800013,-0.0005956266147676735
2403,2748,2306,0.014483954900260188,0.004070638459878836,0.005403121046405813,0.006287944492627926,0.005262085791174543,0.0028094660939966603
2404,2748,2296,0.011236933797909406,0.004404730617755627,0.0041251885887920725,0.002961672473867594,0.003440426244291889,0.0009089593137099753
2405,2748,2279,0.014480035103115402,0.006246643741753012,0.008119328867827912,0.0016673979815708638,0.0032062933644423914,0.0017860882439287126
2406,2748,2307,0.010403120936280883,0.003656589132829822,0.004373104848714152,0.0033376679670567818,0.004739412308440192,0.0019535813162615146
2407,2748,2313,0.015737137916126243,0.005424761833476153,0.0083896592405334,0.00609597924773022,0.006109699267161933,0.004461867196106441
2408,2748,2293,0.008547754034016572,0.004011588838626992,0.0019884572145755976,0.0009594417793283893,0.002898166963112432,-0.0008670291632029276
2409,2748,2280,0.01596491228070175,0.006042540955224828,0.007012486409419542,0.004385964912280701,0.006563540299519193,0.0023407481954436133
2410,2748,2273,0.009942806863176416,0.004357085515367948,0.002441502544545722,0.0011438627364716229,0.003234989721360331,-0.001115446611027895
2411,2748,2298,0.008442123585726718,0.002829527182064448,0.0021620669714383063,0.0022193211488250645,0.0034681497296843505,-5.3033453365559414e-05
2412,2748,2299,0.009047411918225313,0.0013243785904694602,0.0017656777288900577,0.004088734232274902,0.0034709648391038107,0.0006984348573570804
2413,2748,2296,0.013850174216027872,0.005132079610897339,0.006978359099730872,0.005095818815331009,0.005499025745113515,0.003502514748955604
2414,2748,2261,0.012118531623175586,0.0052748114119696085,0.005441260978481653,0.004643962848297212,0.006490117490386709,0.0026482706723977775
2415,2748,2294,0.014210985178727112,0.004111350225920812,0.005066082442520871,0.003051438535309502,0.0043898772324384,0.0002464441410289673
2416,2748,2288,0.010664335664335663,0.0048152390792491695,0.0037677330379884857,0.0054195804195804175,0.007034764293553331,0.0030625072007934378
2417,2748,2313,0.00977086035451794,0.002455177854668289,0.0011581725060518006,0.0037613488975356663,0.0037910036468301288,-7.68634667625053e-05
2418,2748,2309,0.008401905586834126,0.004288955328236832,0.0008512032755462611,0.00259852750108272,0.00393903824418349,-0.00036650382676186596
2419,2748,2299,0.009656372335798172,0.0031049880957649684,-0.0004813350895223517,0.003088299260548063,0.003566795918653384,-0.001970710018403719
2420,2748,2327,0.013149978513107004,0.005898429590011991,0.007237536885805974,0.004684142672969487,0.005158782467605194,0.0035759860034072794
2421,2748,2250,0.013155555555555552,0.00561323336725859,0.005343890134058041,0.0029333333333333334,0.004036716218618344,0.0011058653827722583
2422,2748,2341,0.012046134130713369,0.004533200715034522,0.0045501891116147275,0.0037163605296881663,0.0038685525803573615,0.0012799479170939282
2423,2748,2284,0.011908931698774078,0.004675072031915867,0.005462894472713728,0.003809106830122591,0.0036283915357482764,0.0016434617749451327
2424,2748,2298,0.012271540469973889,0.005739615875243949,0.007698493346528032,0.00013054830287206152,0.0034010697897131647,0.0015275397962020891
2425,2748,2288,0.01241258741258741,0.004151508469311845,0.0063891231334109715,0.0022727272727272726,0.0036702187876024657,0.0013835530747599665
2426,2748,2267,0.012086457873842082,0.005568659332289708,0.0033832552481702837,0.0017203352448169383,0.0026777371359505233,-0.0007891803192800994
2427,2748,2249,0.012716763005780347,0.004554252847311118,0.0061616522755439185,0.0024010671409515328,0.004387963404620253,0.0011739780409972796
2428,2748,2313,0.009511456982274102,0.005100481899422352,0.003034412676981171,0.0022049286640726325,0.003868222609278579,0.0003686139601682189
2429,2748,2305,0.009891540130151843,0.0031274233605098544,0.003352142275936168,0.0031670281995661593,0.0036656257093937283,0.0009019847039912625
2430,2748,2299,0.0080034797738147,0.002288284404390438,0.000624530093116936,0.00086994345367551,0.002010726893497531,-0.0020496853206631222
2431,2748,2306,0.010407632263660016,0.0037107242530113695,0.004122258221608039,0.00516045099739809,0.004622807061108544,0.002914970206285664
2432,2748,2297,0.012625163256421415,0.005144959671521946,0.004752657534839591,0.0037875489769264247,0.004473325442280253,0.0011663293248079043
2433,2748,2307,0.009882964889466838,0.0031604211463607717,0.0035515513138302764,0.004724750758560901,0.0037287296409564737,0.0019376880728716032
2434,2748,2304,0.013107638888888886,0.004842157701100234,0.006225402574781924,0.0039062499999999983,0.004594274163991845,0.0022360604439879248
2435,2748,2298,0.006614447345517842,0.0024579590576833195,0.0006769423619285541,0.0013054830287206256,0.0014107475852576817,-0.0013329816296439422
2436,2748,2297,0.013495864170657377,0.005510906967133077,0.004763319845344907,0.005224205485415758,0.005688782693925127,0.002736302670843536
2437,2748,2309,0.010134257254222607,0.0033596526739827688,0.0032736929832894914,0.0025985275010827185,0.002573517756951611,-5.3986367139534426e-05
2438,2748,2284,0.014886164623467597,0.005036057890123388,0.009237519974663743,0.00402802101576182,0.004577319747395863,0.003822704501884487
2439,2748,2246,0.009617097061442564,0.004854158821375119,0.0008553547404987807,0.0019145146927871763,0.004695303221876263,-0.0013900620568686867
2440,2748,2284,0.011646234676007004,0.004530536230016818,0.0032348298123176652,0.0035026269702276695,0.0037472365537091403,0.0002947544130327205
2441,2748,2308,0.009618717504332755,0.004657458881914233,0.0025050462785225916,0.0021230502599653375,0.003616898083373392,-0.00017795363515726146
2442,2748,2318,0.01173425366695427,0.005237921317160695,0.004211997480371678,0.002804141501294218,0.0047117838530101935,0.0010062983502957575
2443,2748,2310,0.00857142857142857,0.002972607888527703,0.0010048936893103163,0.0028138528138528128,0.004774952763821373,-0.0003901603864818034
2444,2748,2315,0.010280777537796977,0.00562367100596361,0.004305075499537275,0.002764578833693304,0.004326309321380359,0.0012632771920837122
2445,2748,2301,0.010777922642329421,0.00417393499242807,0.0023390521924349797,0.004563233376792698,0.0051280804991349,0.0009949882617691509
2446,2748,2272,0.013820422535211263,0.004898329493424485,0.008052704807255657,0.00391725352112676,0.004536825276735809,0.003522281140116052
2447,2748,2284,0.0074430823117338,0.003923733139421005,0.00023141980627482565,0.0037215411558668985,0.005626371286339684,0.00042534866249363686
2448,2748,2313,0.012105490704712493,0.00346745122919784,0.004846073597200049,0.0023346303501945516,0.003239162335038119,0.00046176027117639907
2449,2748,2306,0.009366869037294013,0.002224919043835856,0.0024087003487999028,0.0014310494362532514,0.001762538036157758,-0.0007750503779451736
2450,2748,2270,0.008370044052863434,0.004033237239050693,0.0012305606272219806,0.00044052863436123307,0.002953483871412794,-0.0022609048376487804
2451,2748,2314,0.010544511668107173,0.004069802777339526,0.003098271919508573,0.005142610198789974,0.005721077682033869,0.001916649257411535
2452,2748,2311,0.009519688446559928,0.003061132857795902,0.0008334582791946419,0.0035049762007788817,0.003124770383206235,-0.0007812766953267678
2453,2748,2282,0.009114811568799298,0.0033556814531182466,0.005286570399596335,0.00179666958808063,0.0023782189098511724,0.0014170996511066734
2454,2748,2310,0.008398268398268398,0.002839832668307157,0.0008779807554781943,0.004329004329004327,0.0040721676955890245,0.00036537991258788844
2455,2748,2278,0.0071992976294995605,0.002347669216099147,0.0005869044134446822,0.0005267778753292351,0.0005354412929189877,-0.0023653228178479035
2456,2748,2333,0.010287183883411913,0.004603185261824586,0.004025858665224394,-1.046931270542368e-18,0.0017889018549471982,-0.0010108485601197984
2457,2748,2283,0.011125711782742003,0.0027882915908529803,0.0024069440845387205,0.004555409548839246,0.005026274778565375,0.0008378568227054913
2458,2748,2293,0.010379415612734408,0.003379580033201198,0.003839239992862102,0.0032708242477104215,0.0034292512691682384,0.001148393739023124
2459,2748,2290,0.014759825327510915,0.0069990688338824785,0.008142689429071277,0.005240174672489081,0.005406234808042243,0.00416198946373386
2460,2748,2293,0.011251635412123852,0.0034277200506764595,0.00358206363429439,0.004273877017008285,0.003315174292691022,0.0008604613660546214
2461,2748,2304,0.010850694444444442,0.0036256262192965977,0.003161133638540946,0.0037760416666666663,0.00281517062772347,0.0005404576011814881
2462,2748,2314,0.010285220397579948,0.0034043082556455785,0.002547310238848579,0.006957649092480551,0.006388356730528986,0.0029230351208194678
2463,2748,2308,0.011698440207972267,0.0033798646012497408,0.003157611253564125,0.0041594454072790285,0.003322688380311663,0.0007501041538013509
2464,2748,2312,0.014013840830449823,0.005478035086569839,0.005157998315910028,0.005536332179930795,0.005146286687681101,0.002176481817807337
2465,2748,2269,0.013221683561040103,0.004576304493191301,0.003452372706662417,0.004054649625385631,0.004813849951296493,0.0005367191136022625
2466,2748,2297,0.010709621245102306,0.004209254250672724,0.0037154795068435726,0.002394427514148888,0.00376755093964281,0.0006202310788076628
2467,2748,2306,0.01127493495229835,0.0051268354500092015,0.004928846372518973,0.002124891587163919,0.004023863269823681,0.0007396878555737127
2468,2748,2294,0.009067131647776807,0.00316820004511962,0.002260426916598084,0.00170008718395815,0.0015930126454264655,-0.0005168315089962241
2469,2748,2295,0.012549019607843137,0.004536527991013486,0.004705120464878814,0.00335511982570806,0.003849442280594353,0.000980426347161957
2470,2748,2288,0.013024475524475521,0.004684786440455818,0.005093318662362619,0.004239510489510488,0.004918323639242841,0.002120533230019795
2471,2748,2289,0.011882918304936652,0.005417537870134448,0.0047203983287034896,0.005635648754914809,0.005602525025201735,0.003299465465954688
2472,2748,2273,0.009062912450505936,0.0018096374854685243,4.880416698587752e-05,0.0006599208095028589,0.0030741708349823417,-0.0032359196141934325
2473,2748,2342,0.012638770281810416,0.003732327393322979,0.004550058719802421,0.00439795046968403,0.004907168228471012,0.0016844118003871038
2474,2748,2288,0.010664335664335663,0.0038936775930461316,0.0022019654537969563,0.0006993006993006985,0.00306774234770771,-0.0019090477512118632
2475,2748,2285,0.00673960612691466,0.003095060737021679,0.0019556763410197566,0.0022757111597374174,0.0033209903098822906,0.00029380239848235856
2476,2748,2280,0.007456140350877191,0.0025776465863648194,0.0012345981605284238,0.0009649122807017539,0.0018978443889019299,-0.0010360025451890901
2477,2748,2298,0.007136640557006092,0.002681886335405936,0.002102863319121962,0.004786771105308963,0.005021565436678711,0.002539174681722651
2478,2748,2277,0.00825647782169521,0.0011490142917364489,-0.0006958523778180318,0.003293807641633727,0.003770676097568657,-0.0012229816973384974
2479,2748,2316,0.0062176165803108805,0.002874428559605643,-0.002047597676543675,0.0006044905008635569,0.003283124861392294,-0.002916113101391801
2480,2748,2296,0.010017421602787456,0.004844028931404305,0.002826851722058682,0.005618466898954702,0.004287885440676893,0.002576596436805966
2481,2748,2283,0.011125711782742005,0.0038336085476520522,0.0030385893734165264,0.003942181340341655,0.004954535830534562,0.0013072811809121169
2482,2748,2275,0.013626373626373625,0.005834160183515935,0.006515424863926039,0.006329670329670329,0.00726965084295585,0.004580056796010744
2483,2748,2286,0.012335958005249342,0.004459302089301686,0.007504096742688428,0.0009186351706036737,0.0020018778718116697,0.0010873182084732546
2484,2748,2327,0.009282337773957886,0.004199940202864273,0.002204032146619124,0.0031800601633003855,0.003752626795287546,0.000506809127201625
2485,2748,2273,0.010734711834579847,0.00314092391417117,0.0037218525973414154,0.0029916410030796296,0.0035521368567005026,0.0008945003495873965
2486,2748,2270,0.008105726872246696,0.002665619658911408,0.0002702171899973729,0.005506607929515417,0.004392696592171958,0.0008776437910545241
2487,2748,2275,0.011604395604395603,0.004951465610649201,0.004633967822745179,0.003999999999999998,0.004070754374921528,0.001521454639132892
2488,2748,2289,0.007951070336391435,0.0029895249051521485,0.0017248944305331196,4.368719965050186e-05,0.0009883732270951208,-0.0016753874267879734
2489,2748,2289,0.01310615989515072,0.0040582515611644445,0.005207171805871106,0.004718217562254258,0.005086512921246946,0.0021591126968024343
2490,2748,2322,0.01102497846683893,0.003964432290884194,0.004974907367564736,0.002153316106804477,0.0036332594530562403,0.0010473358639894149
2491,2748,2309,0.015937635339974013,0.006398733802708802,0.008387527497822057,0.005716760502381982,0.004102290010339787,0.004116200608057422
2492,2748,2314,0.011581676750216074,0.004814710559836375,0.0028891897448845463,0.004667242869490059,0.006009209894709401,0.0012871666213414349
2493,2748,2298,0.01105308964316797,0.0031181965244842015,0.0020717596355167185,0.004482158398607484,0.004212152245285393,0.00020523146362607313
2494,2748,2293,0.009507195813344962,0.003391217733541889,0.0005674748528856154,0.0048408198866114254,0.005254489862580404,0.00022219901620431132
2495,2748,2301,0.007822685788787483,0.002749795220686728,0.002471006872728944,0.003215993046501521,0.00439686828221625,0.0012160599839023014
2496,2748,2307,0.01048981361074989,0.004773742112202044,0.0047933922067745416,0.0023840485478977018,0.0035534735514309588,0.0012454284185248043
2497,2748,2314,0.012878133102852202,0.006203120050722226,0.005734770462696384,0.001555747623163353,0.003699411356605494,0.0007172167689030284
2498,2748,2284,0.011996497373029772,0.005778277884534994,0.005999664494785912,0.0021015761821366013,0.003696328053733319,0.0016533292706621143
2499,2748,2330,0.00927038626609442,0.0028378311275583847,0.0011577859838114756,0.0023175965665236044,0.0034558551320847644,-0.0010872439524731944
2500,2748,2324,0.012564543889845093,0.005408817725965664,0.003965544076875748,0.0021944922547332177,0.004301051950229686,-0.0001879077445074184
2501,2748,2314,0.00916162489196197,0.002920031687412239,0.002002205616047475,0.005920484010371649,0.003825665986415638,0.0017815565655593362
2502,2748,2291,0.012309035355739852,0.004242122463411873,0.0058857912955076344,0.0028808380619816665,0.0026736461490959335,0.0013407260973297636
2503,2748,2320,0.008017241379310343,0.0034704132206536094,0.0021822114186538055,0.004051724137931033,0.005699490239809421,0.0016456890030415124
2504,2748,2286,0.008923884514435695,0.002234256652915574,0.002870688058903066,0.0018372703412073475,0.0012331711862098801,-0.00011980086682177945
2505,2748,2303,0.009986973512809376,0.003408571115613018,0.0017524563022661647,0.0043421623968736426,0.0042823682913158915,0.0007055039823889487
2506,2748,2273,0.007743070831500217,0.0025379831039275685,0.0014101253569344361,0.0033875934887813448,0.00330869762020074,0.0005912527766648133
2507,2748,2313,0.007955036748811067,0.003123837079930611,0.0005714770285770181,0.003026372676178123,0.003867470562377717,-0.000175456617889413
2508,2748,2307,0.011530125704377978,0.004883835517142579,0.003727175172914868,0.002990897269180753,0.003604071290450928,0.0005282060666557345
2509,2748,2300,0.01069565217391304,0.0029562133433614895,0.0037171839802063204,0.003869565217391302,0.002776642189487802,0.0013296614335562352
2510,2748,2312,0.009515570934256052,0.004055560217827775,0.0040846414552718445,0.007655709342560552,0.005908301487633785,0.0048912632374686505
2511,2748,2304,0.00876736111111111,0.002489212174194573,0.0023267974145646177,0.002517361111111111,0.003180229804583932,-0.00014950465801368806
2512,2748,2308,0.01169844020797227,0.004459968832129187,0.004100326411596585,0.0038994800693240893,0.005750909053033376,0.0016148619038195652
2513,2748,2271,0.010039630118890355,0.0032936083297823503,0.0023620230343298484,0.000924702774108321,0.0027825864221371773,-0.0014358873053956658
2514,2748,2284,0.013309982486865147,0.004925930128350571,0.005367424740134805,0.00350262697022767,0.0039046169064710645,0.0016374998366982896
2515,2748,2281,0.014818062253397631,0.006144036724722788,0.0070149436103841825,0.004690925032880313,0.003873506601516018,0.002820336684885504
2516,2748,2266,0.0058252427184466,0.001578289158411902,0.000639792004977052,0.003751103265666371,0.004412966179047526,0.0010788340517666193
2517,2748,2313,0.01098140942498919,0.004402461758286351,0.002509613240621255,0.00609597924773022,0.005318921331752964,0.002175261157601351
2518,2748,2324,0.013597246127366607,0.004891577134485276,0.006184429621334672,0.005981067125645437,0.005193209083475283,0.0035057709151004486
2519,2748,2279,0.011057481351469941,0.003732520814313916,0.005015690364586216,0.0030715225976305376,0.002542051620199249,0.0015348332440527199
2520,2748,2290,0.010305676855895195,0.0033975159422146056,0.003869793170031335,0.004410480349344977,0.0034606760521476024,0.0017207830356308366
2521,2748,2304,0.015364583333333329,0.006909410891044018,0.0064901650869845385,0.001692708333333332,0.003394209992683546,0.0006858517301574935
2522,2748,2293,0.012385521151330132,0.003295024613877784,0.004564924662441185,0.0030091583078935874,0.0037282756987151388,0.0004923569426083558
2523,2748,2279,0.012022817025010969,0.005042079812152636,0.004913878741398679,0.0020623080298376472,0.0035565231874282468,0.0006096349496875047
2524,2748,2317,0.011480362537764348,0.003688692502446239,0.004228280924134113,0.005006473888649114,0.00361855991429896,0.0019366163230880883
2525,2748,2297,0.008184588593818022,0.0019910510993928305,0.0023949483638804584,0.0035698737483674347,0.0027601552018247477,0.0007532266724526267
2526,2748,2254,0.012422360248447204,0.0048476510726669815,0.004206194551559324,0.005412599822537709,0.005177258720028676,0.002256264004874218
2527,2748,2293,0.011949411251635409,0.004721421450252568,0.003302179442361212,0.004143044047099868,0.005480587615974091,0.0010089411229738086
2528,2748,2306,0.013096270598438854,0.004793941904997048,0.004523615969942456,0.007068516912402427,0.006229393416838457,0.003272884171038461
2529,2748,2278,0.010008779631255486,0.0034327262056744997,0.0037306117144178404,0.004521510096575944,0.0045588437876796705,0.0024367504064721776
2530,2748,2290,0.01467248908296943,0.00592807766581087,0.006934700383677627,0.004541484716157204,0.005237989191422839,0.0030346273222130495
2531,2748,2351,0.012760527435133983,0.005420759214939369,0.005980978276355725,0.004083368779242875,0.0037265568778055724,0.002347968692672933
2532,2748,2292,0.012303664921465967,0.005659446704866771,0.0034410844193182234,0.001090750436300174,0.004230994523154783,-0.0008864458858879816
2533,2748,2288,0.0111013986013986,0.005048982001200202,0.004671272618222869,0.0055944055944055935,0.006062544391589468,0.003618813505540032
2534,2748,2309,0.011953226504980511,0.005271344106297095,0.004447699191916405,0.002555218709398007,0.0049562582489357295,0.0010387007113803468
2535,2748,2270,0.011894273127753303,0.003447804856517158,0.004436189017231975,0.0021145374449339197,0.002230519139615133,-0.00016491582836531153
2536,2748,2304,0.01067708333333333,0.002562698024153611,0.0019389085682668024,0.0014322916666666657,0.0020728862273600704,-0.001974287169635885
2537,2748,2292,0.010645724258289703,0.0014084610080744289,0.002835483333890961,8.726003490401268e-05,0.0009253402840341987,-0.002187787376931911
2538,2748,2269,0.009695901278096076,0.0027980745045289327,0.0022230587788548656,0.004847950639048037,0.006291570517456706,0.0016812382196179654
2539,2748,2283,0.009986859395532193,0.0034696100027977127,0.0012383075912465115,0.003679369250985545,0.0039216910068461935,-4.4169133206203646e-05
2540,2748,2278,0.01474978050921861,0.005150800834517065,0.009283060853137858,0.004302019315188761,0.004983196227804559,0.0041944703653159976
2541,2748,2301,0.01216862233811386,0.003266881712605697,0.00428659042330979,0.0022598870056497163,0.002318116273020617,-5.743229098749616e-05
2542,2748,2274,0.009674582233948986,0.0040701978015714076,0.0036608720015563526,0.003913808267370272,0.0038799149056350586,0.001733013139121265
2543,2748,2316,0.009844559585492227,0.0027214735548968584,0.0017811171988269914,0.0018134715025906725,0.0028414815036192967,-0.0014194864348470494
2544,2748,2286,0.011286089238845142,0.0031147724993185787,0.0051811196487284,0.00463692038495188,0.004660405219232448,0.0027522698072101415
2545,2748,2298,0.007919930374238467,0.0024074483935964614,0.000668324401523461,0.003916449086161879,0.003456686327024495,2.2076226800492825e-05
2546,2748,2297,0.0087070091423596,0.002814664912189093,0.0010835797242435138,0.002829777971266869,0.0019504563785569223,-0.00046835405664583487
2547,2748,2262,0.010167992926613615,0.00402633917583578,0.003134274746166104,0.0049513704686118465,0.005305976713302645,0.002087086913884679
2548,2748,2290,0.010043668122270739,0.004004777558852517,0.0027767625817354986,0.0013537117903930117,0.002862163285952064,-0.000810601684659634
2549,2748,2275,0.011516483516483517,0.005737078403005978,0.004211741923450579,0.0033406593406593394,0.005515884981202701,0.0014187232793255343
2550,2748,2320,0.011034482758620689,0.004340361158748869,0.00493761317569757,0.0010344827586206895,0.002899443668291599,0.00020301087341366441
2551,2748,2311,0.011250540891389008,0.003426213190792912,0.005160460930341077,0.001471224578104716,0.0027205216710673484,0.00025932393524227164
2552,2748,2295,0.013071895424836602,0.005932057297487458,0.004431562259059102,0.004357298474945533,0.0059556877042649045,0.0017557470474418432
2553,2748,2313,0.007955036748811067,0.0032287903224440056,0.00245029203765398,0.0006917423259835704,0.0025258396160305527,-0.0007930971186972355
2554,2748,2304,0.010850694444444442,0.004755879930785525,0.0031531969501973805,0.0042968749999999995,0.005154699994950213,0.0013503964113934204
2555,2748,2293,0.008722197993894459,0.0033109951028735497,0.00158704025388578,0.006585259485390318,0.006488549165532352,0.0028911753576869098
2556,2748,2265,0.012450331125827814,0.00610244173915193,0.005854838515251681,0.003752759381898453,0.004886056778072938,0.0024317386769460653
2557,2748,2300,0.013043478260869563,0.004419796641490454,0.004493189273987447,0.0056086956521739124,0.004426780811998531,0.002432217307073389
2558,2748,2302,0.01364031277150304,0.004575807550954742,0.004918443695410938,0.006168549087749782,0.004022319090072147,0.0029332299354938533
2559,2748,2305,0.013882863340563989,0.005007690772520327,0.0058475652231751996,0.005726681127982644,0.0063462971866405146,0.0029289879128527687
2560,2748,2283,0.012614980289093298,0.005510049652834225,0.003750584422080242,0.006219886114761277,0.006229635504726077,0.0021922489710050723
2561,2748,2250,0.011999999999999999,0.0037031782451751993,0.0058519082783490325,0.003466666666666665,0.003713654196643089,0.002046891850128725
2562,2748,2265,0.011390728476821191,0.0038418189781588845,0.005278272401661484,0.003090507726269315,0.003732540977226397,0.0018663619196737397
2563,2748,2294,0.01203138622493461,0.004912491055896146,0.0023575739777125905,0.0031386224934612022,0.005879288029729823,-0.00029820847743202133
2564,2748,2294,0.008718395815170006,0.0029710171229551997,-3.549556926576858e-05,0.006146469049694855,0.005516156410227346,0.0010401308953544158
2565,2748,2307,0.009622886866059817,0.003327249637326794,0.0006113246964991431,0.004421326397919374,0.005419565175496069,0.00024809432350056106
2566,2748,2271,0.008366358432408629,0.002204056996043603,0.0026553182367204534,0.0016292382210479953,0.002239817428939225,-3.094764369886371e-05
2567,2748,2270,0.0079295154185022,0.0030958771844540266,0.0027768202394352374,0.004008810572687224,0.004418038816238373,0.0020198288753189263
2568,2748,2291,0.008817110432125708,0.0032663802960441603,0.0028287970359966792,0.002226102138804014,0.003095605610690963,0.00027595925596840976
2569,2748,2287,0.008395277656318319,0.0028423852069079936,-0.00011339660909822354,0.00384783559247923,0.005021791124107347,-0.0004388499735866974
2570,2748,2271,0.008454425363276088,0.0030669016953859796,0.0034626570566571183,0.0006605019815059441,0.0028893162762005406,-0.000421116745923666
2571,2748,2315,0.010539956803455723,0.004151776977717092,0.0034701949706235254,0.006220302375809934,0.005911768484373877,0.0029246903228551677
2572,2748,2319,0.010780508840017248,0.004391780481783747,0.003097967660808852,0.00551962052608883,0.006029233941280134,0.0023735870306555284
2573,2748,2301,0.012516297262059972,0.007468066094136982,0.0040887137093740325,0.003302911777488048,0.005393567214681401,0.0009949457840942462
2574,2748,2264,0.012014134275618373,0.004355985623178088,0.0032358497294719406,0.003091872791519434,0.0037951155943361414,0.00020054540688453268
2575,2748,2320,0.011379310344827585,0.004021953666250254,0.0029526876263558997,0.004181034482758619,0.0051055462599458165,0.0009994454946762165
2576,2748,2317,0.011135088476478202,0.004693154824177919,0.0022061358792654323,0.007250755287009063,0.0061212847978574314,0.0027154146434172264
2577,2748,2266,0.01253309796999117,0.003868521244667677,0.005175903088710636,0.0014563106796116503,0.0021267772910436504,-0.00018465954630994083
2578,2748,2307,0.00918942349371478,0.0021412954944111445,0.0016779705339737075,0.0025574338968357164,0.0034411563431412336,-0.0003512200256426478
2579,2748,2323,0.009126130004304777,0.0032359443990167183,0.0011608658480622967,0.0034007748600947043,0.004213074077982034,0.0002162981166386452
2580,2748,2325,0.01118279569892473,0.004325856471478969,0.003616163156615534,0.003010752688172042,0.0035822652790363147,0.00044322470199996975
2581,2748,2286,0.010673665791776027,0.0040654410718454605,0.003913413961531933,0.00743657042869641,0.0058117479194530735,0.0039561946981057135
2582,2748,2318,0.012251941328731664,0.005664970322726758,0.005592281649540921,0.004314063848144951,0.006041553297677641,0.003063303883885259
2583,2748,2290,0.014410480349344978,0.004510433043641549,0.006229435249097201,0.005633187772925762,0.004063241790839265,0.0026849676434778542
2584,2748,2280,0.014824561403508772,0.004987325871429844,0.008701681102748918,0.006052631578947367,0.005481172007110275,0.0052740384372417706
2585,2748,2314,0.009248055315471045,0.002874925360066764,0.0019494446895543431,0.0016421780466724276,0.002685015580148133,-0.0008351073702609354
2586,2748,2273,0.01451825780906291,0.005222780548778066,0.004939326202520788,0.0050153981522217325,0.005443568513296967,0.0012794462477490117
2587,2748,2297,0.013931214627775357,0.004381059977408509,0.006785703377752931,0.005441880713974748,0.005134408380922987,0.0036522886269659285
2588,2748,2295,0.01315904139433551,0.00451753961001802,0.0036989694180599546,0.004967320261437908,0.004931766881940707,0.0012167176651392355
2589,2748,2309,0.009527934170636639,0.004041401103831558,0.002924908633294039,0.0019055868341273264,0.0034778152734282167,-0.00024122192201271595
2590,2748,2309,0.012646167171935901,0.0039231901990768436,0.005275878679485673,0.0037678648765699426,0.005320148877888132,0.001598644018113184
2591,2748,2306,0.013963573287077188,0.004788144981983011,0.006857050760234626,0.003859496964440588,0.004222687827290501,0.0026092230642359034
2592,2748,2310,0.007532467532467532,0.004293510763280376,0.001955527271634684,0.003030303030303029,0.004552006201009004,0.0008863268084652679
2593,2748,2259,0.010358565737051793,0.0034613109535682886,0.0029834516049682715,0.005887560867640548,0.004832215674430538,0.002352029111368583
2594,2748,2307,0.012310359774599046,0.004852694472433495,0.0029591570920620906,0.00767230169050715,0.006506072779554901,0.0030019376641733124
2595,2748,2275,0.013538461538461537,0.005630146618205762,0.0069715035984588124,0.002153846153846154,0.003363015937299187,0.001709208080473921
2596,2748,2305,0.010672451193058567,0.004636327632145148,0.00346087287764298,0.002733188720173535,0.002288248110574408,0.00040885263614946505
2597,2748,2294,0.01168265039232781,0.004777983559338979,0.004982513069004827,0.0029642545771578015,0.004088882792596127,0.0013133855951446894
2598,2748,2297,0.011232041793643881,0.0049817179915876125,0.0018386879803669882,0.004353504571179798,0.007050944099764454,0.0006372149761649772
2599,2748,2286,0.013385826771653543,0.004069556381738162,0.005517154280893298,0.0029308836395450562,0.0040431998040757235,0.0010361587478510959
2600,2748,2297,0.011406181976491073,0.0032320444351745395,0.0030358840472883395,0.003526338702655636,0.003264295561990292,0.0002482828805391723
2601,2748,2288,0.006818181818181817,0.001439994025071643,0.00016635791327347446,0.0028409090909090897,0.003023867737506592,-0.0008624524704479225
2602,2748,2353,0.008669783255418612,0.0034319695389743838,-0.0004051930524267234,0.005184870378240543,0.006134712952640459,0.0003845891135681235
2603,2748,2309,0.013425725422260715,0.0043588035995448604,0.0047465644969183545,0.0034647033347769596,0.0050170589700889974,0.0009181184014843219
2604,2748,2306,0.008065915004336512,0.0025947251905503064,0.0016723218600549746,0.0032523850823937546,0.004606320885393973,0.000599404196543771
2605,2748,2290,0.009519650655021833,0.003363663593328853,0.00311186857849755,0.003100436681222706,0.0019379646230481137,0.00012735941047306608
2606,2748,2336,0.016523972602739724,0.006144912454671771,0.008876413704214109,0.003938356164383561,0.005454033854603643,0.0029210709985183457
2607,2748,2323,0.009900990099009901,0.0027162247367749502,0.002170955124413782,0.006284976323719327,0.00490332777494919,0.0024545421311676172
2608,2748,2316,0.01226252158894646,0.005756397866548991,0.005401567079956681,0.0066493955094991345,0.005681732311874305,0.00435360708822509
2609,2748,2252,0.009680284191829484,0.00406590624826271,0.004412523165425713,0.002131438721136767,0.003479997436542194,0.0013237869530333844
2610,2748,2276,0.008963093145869946,0.0031542184141554203,0.0005958176153088902,0.004745166959578206,0.00505310683761723,0.0005928090553483262
2611,2748,2287,0.011718408395277656,0.005629618207165989,0.005191689571790975,0.00279842588543944,0.003169179182744947,0.0013196196644186566
2612,2748,2277,0.014317083882301272,0.005294177142309345,0.006773409240060854,0.004347826086956519,0.005018711830624502,0.0026101835920684592
2613,2748,2292,0.012739965095986036,0.0038203229543163353,0.005833563852427818,0.002399650959860383,0.0031149094434376975,0.0009740231895956405
2614,2748,2284,0.012609457092819614,0.004553998280394931,0.006265192347893938,0.0030647985989492115,0.0037535767416161927,0.001680442060993433
2615,2748,2321,0.011374407582938386,0.004270319862357516,0.0036647486792581495,0.006031882809133992,0.004975236447544488,0.003035182327818265
2616,2748,2323,0.009384416702539818,0.004848375911178163,0.003817387356162721,0.004261730520878173,0.0033189740983535446,0.0023098090004868414
2617,2748,2297,0.009664780148019154,0.0030796418871444275,0.0020023753429390897,0.004353504571179799,0.004761824322459009,0.0012705671416218612
2618,2748,2316,0.011485319516407596,0.004797804450966242,0.0028922414160461943,0.0042746113989637295,0.004366550731706001,0.0008421080336164983
2619,2748,2288,0.012849650349650348,0.004501121477817253,0.004082052728299674,0.002622377622377622,0.003147086924642475,-0.0003639550470069371
2620,2748,2313,0.012970168612191958,0.004714612075437999,0.007486125041295697,0.005923043666234326,0.005329023685294255,0.005224125698981817
2621,2748,2312,0.01375432525951557,0.004063564877285475,0.004773565016002261,0.003676470588235294,0.003806268009705736,0.0004251171325867973
2622,2748,2280,0.00982456140350877,0.003702644256234774,0.0018201965172867213,0.0022368421052631577,0.004464729478208274,-0.0007898135070362424
2623,2748,2317,0.011048769961156666,0.003986902460059195,0.004975975517339872,0.005610703495899869,0.004436462228427136,0.003522210253544547
2624,2748,2307,0.007975726051148676,0.004311209237861913,0.000848675606113101,0.004377980060684871,0.003608225901256777,0.0008882668133903538
2625,2748,2312,0.008996539792387542,0.0027788696919301787,0.0003845950552730023,0.004022491349480968,0.00423017334073506,-0.0005141955260961406
2626,2748,2305,0.009718004338394792,0.003890926155855288,0.00448956660213512,0.0032537960954446845,0.004404976699946887,0.0019009221593136896
2627,2748,2286,0.011986001749781275,0.0037334180553747504,0.003899797638238328,0.005818022747156604,0.005056126879232223,0.0024504108922415394
2628,2748,2303,0.013026487190620927,0.004979997336300829,0.0056363727973567064,0.005557967867998262,0.004184720940424322,0.0029822685956402356
2629,2748,2278,0.013959613696224754,0.005061222965229622,0.006789132828555717,0.003248463564530289,0.0035340346195084586,0.0014698395375951523
2630,2748,2247,0.009345794392523362,0.003917206693103475,0.003329207692582361,0.0029817534490431674,0.0024221596710672123,0.0010195785740345707
2631,2748,2284,0.011383537653239927,0.005056842258494109,0.0013180364635401425,0.003152364273204903,0.003578216460215201,-0.0011409616578252047
2632,2748,2315,0.01382289416846652,0.005086154929790058,0.005716054010740683,0.005874730021598271,0.004027343377558985,0.002610165612651377
2633,2748,2311,0.012981393336218084,0.004420419050919421,0.004487123661031775,0.0009519688446559924,0.0022935316149077863,-0.0010386454175054804
2634,2748,2259,0.006551571491810534,0.0035957761332303067,-0.00022466414726532614,0.004072598494909251,0.005200268505532345,0.0007822827991675712
2635,2748,2312,0.01496539792387543,0.007080108878414249,0.006943539643829557,0.005363321799307957,0.0055128259200965144,0.0032036016665185963
2636,2748,2320,0.014137931034482758,0.004985988471787948,0.005682432052423962,0.0037931034482758625,0.0048078496580513455,0.0015786385585978223
2637,2748,2304,0.005208333333333332,0.0026552530409478005,0.000501327883408367,0.003906249999999999,0.0036808409070736964,0.001023826313674229
2638,2748,2286,0.015748031496062985,0.005837108512236127,0.0075425165233046695,0.0027559055118110227,0.0034289792127792196,0.0017903370376196716
2639,2748,2306,0.013183000867302685,0.004869017897496643,0.005962514748124284,0.004986990459670423,0.0047067921117383005,0.0028867706445036495
2640,2748,2272,0.013292253521126757,0.004078233967124489,0.004409551755745036,0.004621478873239435,0.004268149393793689,0.0013180808228646333
2641,2748,2287,0.009707039790118057,0.0030110811123729275,0.0035698352111157923,0.00354175776125929,0.0036522336610067606,0.001507747528973177
2642,2748,2287,0.00909488412767818,0.003104207932192643,0.003248492187091054,0.0029733275032794043,0.003544856131586065,0.0008333579216460321
2643,2748,2342,0.00785653287788215,0.001169138293229194,-0.00028423144423493575,0.007429547395388556,0.005421808108267365,0.0018275822153667701
2644,2748,2285,0.008665207877461705,0.0024392084709454354,0.0020687788738606096,0.0022757111597374174,0.0037909151970397232,-5.043017815161123e-05
2645,2748,2295,0.011241830065359476,0.004705769831110615,0.0040550237589440565,0.005446623093681916,0.0051962843255194315,0.0024590773426462925
2646,2748,2310,0.014632034632034632,0.00602755300140468,0.006317486516409218,0.006190476190476189,0.007303021219097605,0.00377598553517183
2647,2748,2324,0.01273666092943201,0.004463637855979104,0.005794984383535361,0.002925989672977624,0.0034489527310883916,0.0014153498603745038
2648,2748,2289,0.011708169506334644,0.00667391955817109,0.006446181931240736,0.004456094364351244,0.005257394902602807,0.004076997913386339
2649,2748,2273,0.011878574571051471,0.0043044394391302575,0.005378672699459394,0.0037835459744830604,0.003498003347006888,0.0022298844065291937
2650,2748,2280,0.008859649122807015,0.004680058925004075,0.0015364983243443878,0.0032894736842105257,0.003923669877388618,9.965137430632382e-05
2651,2748,2281,0.006839105655414291,0.003057537967988305,0.0009655176500997972,0.0018851380973257327,0.0027479817595462636,-0.00043482414242221795
2652,2748,2272,0.007570422535211265,0.0034871470271523775,-0.00017623539296151566,0.001320422535211267,0.003229304710509573,-0.001761568169655799
2653,2748,2305,0.009631236442516266,0.002794479900284297,0.0009057170399953985,0.0029067245119305846,0.004457471618288742,-0.0007779925886466796
2654,2748,2294,0.014646904969485612,0.005526887438945761,0.0056573236772236,0.003051438535309502,0.0038950939148166635,0.0004761681136237122
2655,2748,2318,0.010008628127696288,0.004757210946142631,0.0020738481340922986,0.004659188955996547,0.006234918209191868,0.0013724315812342262
2656,2748,2264,0.00812720848056537,0.002640005387897398,0.0016409595659365305,0.004151943462897526,0.004292751786443226,0.0006467954255869241
2657,2748,2264,0.011925795053003532,0.0039225227825594325,0.0034068326175447205,0.0016784452296819778,0.0029590165499583316,-0.0011668950509816157
2658,2748,2272,0.0113556338028169,0.004453514911957015,0.0027833502592605956,0.005105633802816901,0.00529208643442008,0.0016442887693805422
2659,2748,2301,0.013211647109952191,0.004415945103154638,0.0044267461728281126,0.006258148631029985,0.005173374002551057,0.002504336980094951
2660,2748,2289,0.013106159895150718,0.004845807585136355,0.006373143222611825,0.0048492791612057655,0.005600552298523271,0.003648012693015701
2661,2748,2297,0.011144971702220287,0.004791187019129829,0.004128348364605659,0.006181976491075314,0.006216609614276454,0.00376499742085423
2662,2748,2282,0.013234005258545133,0.004020173126347198,0.004946157924715798,0.004557405784399649,0.004785668603090555,0.0016934145747678235
2663,2748,2296,0.011149825783972124,0.003423050732637759,0.0032255332337332897,0.006445993031358883,0.005964523681216389,0.0025679032240979844
2664,2748,2318,0.011820534943917167,0.0037050155388117724,0.0036730203853125977,0.0036669542709232097,0.004293687138132173,0.0006782231699539317
2665,2748,2289,0.011708169506334644,0.004962998206845407,0.004213791824324486,0.0023591087811271286,0.0038832358082532626,0.000597578032929016
2666,2748,2249,0.010226767452200976,0.0032195400555559183,0.003955552693666948,0.005424633170297909,0.005115698755496697,0.002726049619150185
2667,2748,2349,0.01268624946785866,0.0053086339599037816,0.006610060408691939,0.005065985525755639,0.004644889628425092,0.003486572224133349
2668,2748,2278,0.01273046532045654,0.003227138638691541,0.004089197840632023,0.003160667251975416,0.005644769183209519,0.00047592825630397964
2669,2748,2290,0.010655021834061133,0.004204762281478057,0.0026991779328506935,0.006026200873362444,0.005602416340400348,0.0023595872133837293
2670,2748,2322,0.013436692506459947,0.004333148899487163,0.007481336384849867,0.004478897502153315,0.004727586305443325,0.003371937697699344
2671,2748,2295,0.009498910675381262,0.002798836780168451,0.001624099263579048,0.002919389978213507,0.002069582506521966,-0.0004241814961568034
2672,2748,2303,0.008336951801997393,0.0029062419953122557,0.002320129439028531,0.0035605731654363855,0.004897088292937484,0.001425961429171514
2673,2748,2301,0.01043024771838331,0.003915509975119111,0.004581223310300861,0.0009995654063450665,0.0011724430879644257,-0.00033073721378037627
2674,2748,2293,0.00985608373310074,0.0034276040491890035,0.004785013935609055,0.00047972088966419485,0.0020625560667923816,-5.846249494211697e-05
2675,2748,2309,0.011606756171502813,0.005534424737262478,0.005449778059934032,0.0027284538761368554,0.005419860459326609,0.0016100905208578159
2676,2748,2312,0.009688581314878892,0.004536625156443046,-0.0009481028475900998,0.0026816608996539783,0.005082476873778261,-0.0018166303468435088
2677,2748,2278,0.009657594381035996,0.004544513621755366,0.0028869351672065786,0.004214223002633888,0.005469729221164044,0.0014937144566384316
2678,2748,2299,0.010700304480208785,0.003019791013189374,0.0041862217675386225,0.0024793388429752063,0.0041361576754067745,0.0007318055868864217
2679,2748,2299,0.01270117442366246,0.004382061523124018,0.0046544226604384445,0.002914310569812961,0.003631542544582622,0.0006858235325387249
2680,2748,2315,0.01615550755939525,0.006342914756978453,0.009312628222155148,0.003844492440604751,0.004094176697655805,0.003403384940884311
2681,2748,2302,0.008253692441355343,0.003629780119528818,0.0016770029323452367,0.0005647263249348388,0.0029457576265484696,-0.0017278091839298898
2682,2748,2314,0.013137424373379428,0.006636129093112781,0.006925133279659194,0.003716508210890233,0.004297310639876502,0.003006535375188036
2683,2748,2319,0.011987925830099179,0.004728831786955663,0.004612648550505253,0.005390254420008623,0.0053346407334922755,0.003000064106972205
2684,2748,2283,0.010424879544459044,0.003354212392240678,0.0036017612105508556,0.005343845816907576,0.003919002709959154,0.0026296901663713152
2685,2748,2277,0.010452349582784364,0.0031020435659233235,0.004376085232639805,0.004303908651734738,0.004455832793975686,0.0023670684961075395
2686,2748,2277,0.011682037768994288,0.005038934845607647,0.004361693994201345,0.0004830917874396132,0.003148243475989594,-0.0005775426913447627
2687,2748,2295,0.013594771241830063,0.0046861451706060615,0.0048831134884558345,-0.0005228758169934654,0.00273712903209453,-0.0018918915481110474
2688,2748,2280,0.006052631578947367,0.0031629241208069947,0.0007020760446474403,0.0025438596491228066,0.00288196517393353,0.00022935763018543746
2689,2748,2282,0.008150744960560908,0.0022056112508163903,-0.0002581296956533176,0.003461875547765118,0.003677954896912031,-0.0008200097197392776
2690,2748,2347,0.008606731998295696,0.0033949207998941818,0.0011585555885029262,0.0034086067319982947,0.0049558439906112264,0.00023039290899614775
2691,2748,2294,0.008108108108108105,0.0024752754686932915,0.002913059724119817,0.005405405405405405,0.004786283881300686,0.0029007410438214934
2692,2748,2306,0.012836079791847352,0.004101537874600231,0.004957773522335001,0.004683434518647007,0.0036737079424932336,0.0019380028423045103
2693,2748,2304,0.010937499999999998,0.003053176007166118,0.003607683831780967,0.003602430555555555,0.004347345630014656,0.0011023486629831653
2694,2748,2294,0.008718395815170008,0.002377463993858077,0.004303256164351235,0.0004359197907584997,0.0011635348783284804,-0.00018852726712228335
2695,2748,2279,0.009214567792891617,0.003529401494649079,0.0028217725573334135,-0.00026327336551118904,0.0023987216809681976,-0.0017585134422691757
2696,2748,2292,0.007766143106457241,0.003834014551212459,0.0008910278987100499,0.0005671902268760899,0.0012290657162075448,-0.002048977517568625
2697,2748,2325,0.013161290322580642,0.005707718637638909,0.00629486154812806,0.003999999999999998,0.006626467164829052,0.0024930361077800355
2698,2748,2264,0.012367491166077736,0.004275634727535243,0.00624825666614118,0.002517667844522967,0.002336685773712234,0.0014353227088297212
2699,2748,2281,0.013327487943884261,0.0062564483664369576,0.004617062880295274,0.002981148619026742,0.0035287396544531713,0.0006744662472361586
2700,2748,2311,0.015577672003461706,0.004846193966578452,0.008742771738364416,0.005625270445694503,0.004176598918417931,0.00442568947488029
2701,2748,2282,0.010517090271691499,0.004407966319954048,0.003413622433713247,0.0027169149868536357,0.005072263552381386,0.0005907037123151941
2702,2748,2314,0.010630942091616248,0.003557769117645899,0.0023408267419108455,0.002808988764044943,0.004251845658779469,-0.0004069782135346332
2703,2748,2279,0.009916630100921454,0.0030329645903431424,0.0033266477685129636,0.005748135146994295,0.004244940423694359,0.002647848940835786
2704,2748,2309,0.012039844088349934,0.003950033472293564,0.0030004919166086515,0.0022520571676050228,0.003876228440467806,-0.0003678895652140364
2705,2748,2309,0.009441316587267214,0.004329484458485208,0.0033207689197687013,0.0031615417929839735,0.0036804695843564907,0.001313396340318171
2706,2748,2269,0.011987659762009694,0.003347558739956527,0.004483957279701581,0.004627589246364036,0.0035804500930110427,0.0014539530854695997
2707,2748,2292,0.00994764397905759,0.0023644766851958466,0.001981240311434245,0.0029668411867364735,0.0026481420334782523,-0.00019250154652543171
2708,2748,2269,0.009872190392243279,0.0020827858457440475,0.0017756458523212684,0.00634640810929925,0.004651488539998674,0.0018974000992464009
2709,2748,2324,0.0148881239242685,0.006110210982204719,0.00690139091024457,0.0044750430292598955,0.003797293966918724,0.0021727348461841565
2710,2748,2282,0.011831726555652932,0.0039358748304365344,0.003908553619157605,0.005915863277826466,0.004564670562215328,0.0025087053594321247
2711,2748,2299,0.01096128751631144,0.003814695445646397,0.0033747314261728272,0.00439321444106133,0.004380741920615952,0.001203899616321843
2712,2748,2269,0.011194358748347287,0.004320153354262459,0.0037879055107257068,0.0027765535478184223,0.0024185413944780537,-0.0002722860421865081
2713,2748,2299,0.012005219660722051,0.003618872720403391,0.003612353673734888,0.003305785123966941,0.003862218097312588,0.0002833175403831219
2714,2748,2268,0.011199294532627866,0.00398590987243773,0.004011051522738326,0.002425044091710758,0.005665872943827763,0.0004550005467452191
2715,2748,2276,0.015114235500878731,0.005537981761609921,0.003733869899929757,0.005975395430579963,0.0059108524825264444,0.0014631539646831112
2716,2748,2287,0.012068211630957584,0.005754034649467758,0.0045395778272358436,0.004110188019239177,0.004578917302763177,0.0019923390873148104
2717,2748,2292,0.010645724258289703,0.0032777221741192683,0.0014959521346179533,0.003097731239092495,0.003488545445283391,-0.0007392472779528268
2718,2748,2305,0.00859002169197397,0.003215811740492697,0.0029277502709508362,0.0035574837310195224,0.004695327911293843,0.001837971189210367
2719,2748,2315,0.013045356371490279,0.00588818057959335,0.004325499633049277,0.007343412526997838,0.005945544378832459,0.0036522135811618566
2720,2748,2306,0.013096270598438854,0.003977548701731228,0.005196331346357755,0.002862098872506504,0.003374826708613108,0.0006216021087065019
2721,2748,2273,0.008183018037835459,0.0029838346079683487,-0.00019652078229729188,0.004311482622085349,0.004720317390450672,-4.229570832290792e-05
2722,2748,2298,0.015056570931244557,0.006888844409344051,0.008355786881442876,0.0027415143603133157,0.005632908303343789,0.0026601025105018597
2723,2748,2335,0.011306209850107064,0.005263528576434347,0.0049481353964977515,0.004325481798715202,0.005256619499686534,0.002409327496651452
2724,2748,2284,0.007443082311733799,0.0031792262174016577,0.002223168476092999,0.0009632224168126083,0.0032160313335310425,-0.00031111862535103586
2725,2748,2298,0.01166231505657093,0.005865360531516625,0.0019214642624040658,0.004830287206266317,0.004934039475100549,0.0005956851105411458
2726,2748,2314,0.011754537597234225,0.0040367297720981495,0.004751080847856822,0.002203975799481416,0.0009563449106335502,7.345402435084193e-05
2727,2748,2303,0.013287016934433347,0.005437588751179808,0.007499962905174627,0.0036908380373425957,0.004388463187294341,0.0029631944290804163
2728,2748,2315,0.010280777537796975,0.0036716578748504695,0.0021317701570531186,0.0024622030237580984,0.0035286523468841466,-0.0005196406908423661
2729,2748,2312,0.00856401384083045,0.001964264338112654,0.00102161925964144,0.002941176470588235,0.00410357017969289,-0.0008446196724832655
2730,2748,2322,0.00887166236003445,0.004090560108889086,-0.00024098434330675102,0.0037898363479758816,0.004807355036526106,-0.0007706360472204491
2731,2748,2333,0.012858979854264893,0.004680975680305411,0.004653221534072872,0.003857693956279467,0.005035807949551774,0.0014426256281904126
2732,2748,2305,0.013449023861171364,0.004616705535244331,0.0045156439347877565,0.002386117136659435,0.002544614248308152,-0.0003824578418919324
2733,2748,2264,0.011130742049469964,0.004977897957133361,0.0044744397157091475,0.002075971731448761,0.003159785263501212,0.0004435489043044881
2734,2748,2299,0.007568508046976946,0.004120229404917198,0.000286379413292389,0.00282731622444541,0.004634207112240715,-0.00012361950091329868
2735,2748,2252,0.01127886323268206,0.005129631356193593,0.0035190198197493088,0.005328596802841916,0.005764581816335177,0.002275609224657068
2736,2748,2268,0.011199294532627866,0.005405860057213313,0.003559836427069661,0.00529100529100529,0.005408843675862282,0.002490990846860825
2737,2748,2296,0.007578397212543554,0.0032284796368079356,0.0001218680302565143,0.0020470383275261314,0.004224383680746691,-0.0009738943668529516
2738,2748,2282,0.011919368974583696,0.00548527312957412,0.0036675194382167335,0.006222611744084135,0.007295979615289804,0.002855865655569255
2739,2748,2303,0.011289622231871469,0.005109762034842998,0.005100070775298415,0.004211897524967432,0.005084301749798989,0.0024342183152857204
2740,2748,2297,0.009142359599477576,0.0028910193383679937,0.002559615605742655,0.0036569438397910303,0.004807906293683511,0.001198802227060209
2741,2748,2277,0.006148440931049625,0.0016903493490134983,-0.0013904693007333712,0.0014492753623188386,0.002563870110119451,-0.0020866707358826587
2742,2748,2260,0.011415929203539822,0.003440724651759124,0.0030514454570309056,0.003761061946902654,0.003928749926308563,0.0002536912739009358
2743,2748,2305,0.01023861171366594,0.004111088105128654,0.003937669192191603,0.003991323210412146,0.003825398633363048,0.001986994973254628
2744,2748,2324,0.008089500860585196,0.0023862984532775837,-0.000427696137700389,0.0045180722891566254,0.00444376017169985,-0.0001551396132190715
2745,2748,2309,0.010480727587700302,0.003196306725735733,0.003611406617361727,0.005067128627111302,0.004380466577571356,0.002239850527030183
2746,2748,2254,0.013575865128660157,0.005745897251530108,0.007753414689254388,0.004480922803904169,0.004280226265997424,0.003797356892841042
2747,2748,2291,0.010999563509384547,0.0040502195680395545,0.004110623519144984,0.004321257092972501,0.0035906492435063136,0.002154815745133605
2748,2748,2324,0.011101549053356282,0.003050567807318499,0.0036659932915631462,0.006454388984509465,0.004367817903788591,0.002907950253096815
2749,2748,2305,0.006854663774403471,0.0022006167665552493,1.807182678692408e-05,0.003947939262472884,0.0037427814287057442,0.00022197252589071994
2750,2748,2273,0.010734711834579849,0.00231222266758054,0.001316870674615366,0.0016278046634403865,0.0032539889655786025,-0.0020461422498896952
2751,2748,2309,0.012819402338674749,0.005691318432103626,0.005769019629082578,0.004114335210047638,0.0061326125125702536,0.0023508278907024894
2752,2748,2298,0.008616187989556134,0.0034879094605304523,0.0024240405696094795,0.0019147084421235843,0.0032304913530206217,5.608081903441377e-05
2753,2748,2292,0.014397905759162303,0.004785027045042205,0.00516949524446207,0.004668411867364746,0.0038907003882697752,0.0014152363968776122
2754,2748,2337,0.012751390671801454,0.005244787760468323,0.005828574236034631,0.0026529738981600323,0.003508284079518725,0.0011993828453225291
2755,2748,2323,0.013517003874300474,0.006017810990821831,0.004673700101696818,0.006543263021954368,0.005148711521345857,0.0029558778476067396
2756,2748,2289,0.011970292704237658,0.0034930530821997716,0.005707219197488176,0.004237658366098732,0.003339975582728462,0.002202736171435074
2757,2748,2276,0.014411247803163444,0.005514923888822198,0.009192593009183328,0.005404217926186289,0.005456139295353948,0.0047998433296428614
2758,2748,2326,0.00859845227858985,0.0029048010255124336,0.0030787926600726774,0.0023645743766122084,0.0034143978000938094,0.0006694407358413452
2759,2748,2309,0.012732784755305326,0.0037885965945308278,0.0037532358447886103,0.004287570376786487,0.003258677977363165,0.0006281731660512989
2760,2748,2303,0.012505427702996091,0.005120874432942051,0.005073105313324315,0.0024316109422492394,0.00351434020898309,0.0006434628543774473
2761,2748,2299,0.012875163114397561,0.005118813864910527,0.006830918242366605,0.004871683340582861,0.0040838389302849465,0.003454994772485859
2762,2748,2334,0.013710368466152527,0.004024623796038774,0.0033308123163396913,0.004113110539845757,0.005821484835836403,0.00025163983414702425
2763,2748,2315,0.011490280777537797,0.005241012870023162,0.004609096580893134,0.006220302375809935,0.005651226688206686,0.003528091772424844
2764,2748,2301,0.00860495436766623,0.0027040032263171082,0.0014779121223539539,0.004997827031725335,0.004440837969500361,0.0015501172506512588
2765,2748,2333,0.014659237033861978,0.004611694372778718,0.008448386827624313,0.004629232747535361,0.0034456604234362974,0.0035833127347374865
2766,2748,2285,0.008402625820568926,0.0024716449667150342,0.0008649016584027693,0.0022319474835886203,0.0031279922868550406,-0.00046754238919381047
2767,2748,2290,0.014323144104803492,0.005606558267722168,0.00617520458084683,0.004410480349344978,0.006243993636953046,0.0022930867077648426
2768,2748,2311,0.011769796624837731,0.004826879754596531,0.0025113019373469436,0.004067503245348334,0.003325436635542713,-7.687637241653918e-05
2769,2748,2275,0.011868131868131866,0.003058172434153097,0.0029210559481500633,0.003472527472527471,0.003692608399423689,-7.620743253305052e-05
2770,2748,2289,0.0109217999126256,0.0026875780504348155,0.0025811535160908676,0.004718217562254258,0.004462257733877903,0.0012395493876912276
2771,2748,2306,0.01196877710320902,0.0033382476044987314,0.0035964432155175946,0.0031222896790980047,0.004461303172881817,0.00022067692994854398
2772,2748,2313,0.01452658884565499,0.00624681801809363,0.005595181544270851,0.0056636402939904875,0.005143802200440865,0.003147111613900498
2773,2748,2320,0.010603448275862067,0.0035000867376167133,0.0014859824691592647,0.006120689655172412,0.005746299100569806,0.0017576896508717116
2774,2748,2324,0.010757314974182442,0.00547103655277574,0.0032173386132051006,0.0022805507745266773,0.0036170946034932427,-6.170972475073625e-05
2775,2748,2298,0.014795474325500435,0.007608371043419441,0.008478127070941662,0.0039599651871192335,0.006594652923178518,0.0038900134484268333
2776,2748,2308,0.009792027729636046,0.003233121278498026,0.0011966337734312855,0.0038128249566724433,0.004190736481306906,-4.019857121279866e-05
2777,2748,2312,0.008823529411764706,0.002737372384410941,0.002753746037102906,0.002768166089965397,0.002397742366460533,0.0004123605549743891
2778,2748,2284,0.011908931698774078,0.005519683975439867,0.003651516354906701,0.00402802101576182,0.006425434387701038,0.0011736069622439488
2779,2748,2296,0.015592334494773518,0.005819161285549275,0.006950613361621642,0.003789198606271777,0.0057967129974620234,0.0020020100692175603
2780,2748,2293,0.011251635412123854,0.003990912430122119,0.0039000318875989028,0.004971652856519841,0.00507507598855866,0.002251549878802527
2781,2748,2274,0.006244503078276164,0.0015327400568170037,-0.0015905804401281291,0.004133685136323658,0.004102934232288093,-0.0005350435100786732
2782,2748,2305,0.008069414316702817,0.004957986639944923,0.0006583242118638493,0.004598698481561821,0.006132225072722363,0.0011343474065078833
2783,2748,2293,0.010466637592673352,0.0038853869924411724,0.002880777026004535,0.001657217618839947,0.002051073320150839,-0.0008770268083921383
2784,2748,2293,0.009245529873528127,0.003950908553485739,0.0019978502518642085,0.001962494548626253,0.002188286397278228,-0.0005971674250189167
2785,2748,2300,0.010086956521739129,0.0032204536334316984,0.0024320458326658515,0.0034347826086956507,0.002363885460676992,0.00010528892226492753
2786,2748,2284,0.011295971978984238,0.003145611109940979,0.004652563156013903,0.003809106830122592,0.003696218524911402,0.0017922601340323097
2787,2748,2300,0.008,0.002745295800494224,0.00042403037395201713,0.004086956521739129,0.004239177465630491,0.00026624800234637696
2788,2748,2287,0.014516834280717098,0.004575766325988736,0.005278991909774126,0.00629645824223874,0.0050824277996298125,0.0026530722743516415
2789,2748,2279,0.007722685388328212,0.0038443572311412004,0.0011738663333132314,-5.845843043221535e-19,0.002714740122437924,-0.0015800428998017336
2790,2748,2322,0.011455641688199826,0.004650230712492786,0.002486560848313981,0.005124892334194659,0.0070965046365815375,0.0015380531223850886
2791,2748,2339,0.01008978195810175,0.0034188375786553225,0.004369141149065752,0.005643437366395894,0.004781413721604364,0.0033862930731949556
2792,2748,2337,0.00847240051347882,0.0032321901417895183,0.001613412131897024,0.0029097133076593914,0.003392226006113876,-8.314700623580646e-05
2793,2748,2263,0.009191338930623065,0.003373542606739571,0.0027151675782550655,0.004330534688466636,0.005243151434912721,0.0015387358625409697
2794,2748,2246,0.008904719501335706,0.00383792709471934,0.0023815347855276037,0.003383793410507568,0.004523146364354957,0.0011163140497985288
2795,2748,2273,0.009238891333040034,0.004093664359546981,0.0020668590693024196,0.0032116146062472497,0.00443559815903773,0.00021849933990107038
2796,2748,2271,0.011448701012769706,0.005793312070674324,0.0011416704328881739,0.002553940995156318,0.0046402641397464165,-0.0014626840350006648
2797,2748,2297,0.011319111885067479,0.00456554437745341,0.0033552136083349012,0.004832390074009577,0.004387164669267058,0.0016803666557907208
2798,2748,2284,0.010770577933450085,0.002135920814711793,0.004350899979039832,0.002977232924693519,0.003310405413242221,0.0009895475728838273
2799,2748,2274,0.006332453825857519,0.00185482239212741,-0.0011851329709749293,0.0012752858399296394,0.0012155799893213983,-0.0025975253791097057
2800,2748,2270,0.009779735682819382,0.005470874080195171,0.0019427091229338338,0.0025110132158590306,0.004618596614628683,-0.00039663864478576243
2801,2748,2277,0.011330698287220024,0.005451040238738905,0.003756335819410696,0.0018006148440931045,0.0026937140869987457,-2.7847542197725807e-05
2802,2748,2302,0.010078192875760207,0.0031824606051953737,0.002430157178539807,0.00469157254561251,0.004447978671282998,0.001139376213080837
2803,2748,2265,0.004856512141280352,0.00236514164095895,-0.0022497514392147452,0.0018101545253863126,0.003504460022998764,-0.0021680625808968407
2804,2748,2286,0.009886264216972876,0.003089492490985519,0.0011347598520279063,0.0036307961504811886,0.0034907321592964067,-0.0005651906881129755
2805,2748,2298,0.009573542210617927,0.0035707180812174894,0.0027838787371148544,0.0037859007832898163,0.0030833777147978533,0.0009738338254222821
2806,2748,2305,0.008503253796095444,0.003757220465704082,0.00261907901630624,0.004251626898047721,0.0052650805332356485,0.002178193953960493
2807,2748,2276,0.005536028119507907,0.0022129002859839516,-0.0015342394044054587,0.0006151142355008777,0.0031526074050309445,-0.0024115551589584446
2808,2748,2279,0.012812637121544535,0.0053009586110888025,0.005247271099847984,0.0025888547608600254,0.0038419532232357783,0.0008078295299929623
2809,2748,2285,0.009628008752735229,0.0035586941897162707,0.0020448013442562534,0.003938730853391683,0.0021014691960541446,0.0002730826167417934
2810,2748,2303,0.010768562744246634,0.0029281752083165635,0.005190869316490942,0.004081632653061224,0.004894163305075067,0.0027140189222355105
2811,2748,2286,0.014260717410323706,0.004522795715284496,0.005842713809027921,0.004593175853018369,0.003264126982292584,0.0019242448421041211
2812,2748,2305,0.010412147505422992,0.005016376682421353,0.0020429107736831325,0.004685466377440346,0.006002444539497321,0.0012121126178382732
2813,2748,2284,0.008231173380035024,0.0031332857929089503,0.0025777820605536496,0.0020577933450087564,0.0029465320666099953,0.00032771245047591327
2814,2748,2316,0.007167530224525041,0.0023288485573292233,0.001268901613506378,0.005354058721934367,0.004492822983429603,0.0023241637908935856
2815,2748,2318,0.011302847282139775,0.004788491599810263,0.0032467393670671646,0.002070750647109577,0.0024679885850706906,-0.000683140753365787
2816,2748,2271,0.012505504183179215,0.005154287807363539,0.0030364619315278816,0.0010568031704095108,0.004730881803616632,-0.0015771093215141523
2817,2748,2327,0.010657498925655349,0.0044116584804118585,0.0023783637021293257,0.004512247529007305,0.0056569697487843925,0.0012412543389380692
2818,2748,2306,0.012402428447528185,0.004746703516917065,0.005638093838460966,0.004726799653078923,0.005422081447680832,0.0029816534933570647
2819,2748,2319,0.014230271668822769,0.005352030658317743,0.0045657170571806885,0.006037084950409658,0.006192417668949367,0.00254886474131877
2820,2748,2312,0.009688581314878892,0.004349474370356883,0.0009073890506973399,0.0028546712802768157,0.0028390785872675663,-0.0011739075340413147
2821,2748,2280,0.008421052631578945,0.001816326651341233,0.003093354530565867,0.00263157894736842,0.0029078458822592384,0.0006699996031408932
2822,2748,2318,0.01078515962036238,0.003208400883402004,0.0035800393706174076,0.005133735979292493,0.004985443436528612,0.0021372699653702844
2823,2748,2274,0.012225153913808266,0.005222201821635129,0.00585572866688869,0.004177660510114335,0.003959611793776391,0.002487102483149658
2824,2748,2260,0.013893805309734511,0.005852208938184265,0.0054851166736110905,0.003053097345132742,0.004185641621314841,0.0007591274621469434
2825,2748,2299,0.010526315789473682,0.0031737432871428092,0.003293528450684354,0.0055241409308394935,0.004736947829501075,0.0022632466543249896
2826,2748,2316,0.014335060449050084,0.005713125799660556,0.007762335047559752,0.0031088082901554403,0.0039231138332683786,0.002450496921797762
2827,2748,2302,0.011728931364031275,0.0049656008851299786,0.005079326107426235,0.0052128583840139,0.0038423331828377626,0.002793353082699611
2828,2748,2287,0.01058154787931788,0.005851821494385838,0.005353867316050874,0.002885876694359422,0.003443470869446669,0.0021387321097259037
2829,2748,2296,0.012630662020905922,0.006929495741126311,0.0038533879271519006,0.003963414634146341,0.005168362055086973,0.0012426650736612269
2830,2748,2299,0.010352327098738581,0.0038761266391623282,0.0017146515014142996,0.005132666376685515,0.005854271337149739,0.0011326103133160936
2831,2748,2287,0.010756449497157846,0.004286988315359338,0.0027517234550348047,0.004853519895059028,0.0056050512570198895,0.001687024838187228
2832,2748,2277,0.010188844971453666,0.005182518987193649,0.004216582560516476,0.0038647342995169077,0.0051168357279866355,0.0024796888812612405
2833,2748,2305,0.01023861171366594,0.0032656097550225424,0.0038455944948018847,0.0019088937093275475,0.0030134285723769205,0.0002058594815268794
2834,2748,2291,0.013443910955914445,0.003090454043170895,0.005147892300315648,0.0050632911392405056,0.005045239904719435,0.0021555870359834706
2835,2748,2292,0.010994764397905758,0.004985952523182483,0.004747305414129869,0.0033595113438045364,0.00486373125581282,0.002168679657516585
2836,2748,2326,0.007738607050730867,0.0030036256494718762,0.0010483126521644171,0.0025365434221840057,0.002754873099607425,-0.00017493588255851775
2837,2748,2309,0.008228670420095278,0.0016518502558558988,-0.0015343250273129002,0.0040277176266782155,0.0024035024194563985,-0.0019196282885224742
2838,2748,2292,0.007853403141361253,0.001825382801370146,0.00012012635349975644,0.005933682373472948,0.005320032591321995,0.0015046411432174998
2839,2748,2324,0.009982788296041305,0.00425387612829367,0.0014578412159724306,0.005034423407917383,0.005551895609194764,0.0009555955046702801
2840,2748,2325,0.010752688172043008,0.002875251701949057,0.003762728182245653,0.003397849462365591,0.0026730903279796134,0.0009829660029312167
2841,2748,2324,0.005593803786574869,0.001597238124748431,-0.0006963903728578635,0.0015490533562822714,0.002998677718118349,-0.0017093627925473017
2842,2748,2269,0.013221683561040106,0.005105324371276287,0.0069043865317332705,0.005376817981489643,0.00512294760019071,0.003984912395818882
2843,2748,2311,0.009779316313284292,0.003476554406296913,0.0035587518978341653,0.001990480311553438,0.0029160120519874325,0.0004355711993728438
2844,2748,2306,0.007718993928881178,0.0033717537587406293,-0.00013494403077489106,0.0042497831743278395,0.004421554291142517,-0.0002426114444021315
2845,2748,2318,0.011561691113028471,0.0034785980882980167,0.0025279954274730772,0.0033649698015530615,0.004299979381323353,-0.0001272009611109119
2846,2748,2315,0.008898488120950322,0.0026810913263120174,0.0012646198174098018,0.005356371490280777,0.005265352890592926,0.0010925474516808825
2847,2748,2275,0.00879120879120879,0.001980776197660218,0.001010497081743478,0.005494505494505494,0.005039244295374152,0.0014744535537765246
2848,2748,2318,0.006816220880069024,0.0014817926114839384,-0.0017768767407562662,0.0010785159620362375,0.0011398636545990866,-0.003431401398779081
2849,2748,2318,0.014236410698878344,0.006317260492688008,0.007859875218285569,0.004529767040552198,0.004702144925022656,0.0036155483499400306
2850,2748,2302,0.011815812337098174,0.004674423477879061,0.004251810043017482,0.0012163336229365756,0.00331655123669795,-0.00045601367691146147
2851,2748,2277,0.013790074659639875,0.005910054187265328,0.008025493381969617,0.002942468159859464,0.00435285764493483,0.0029061121643263197
2852,2748,2313,0.010030263726761779,0.0038925014038974043,0.0021423337388688955,0.003891050583657586,0.005114137883636639,0.0005240064778547475
2853,2748,2350,0.009021276595744681,0.0033020840304327456,0.004223741248346112,-0.0014468085106382983,-0.00010841809334420055,-0.0015836186958731644
2854,2748,2288,0.013111888111888109,0.004027550509351279,0.0036443146305380567,0.005550699300699299,0.005572155863247389,0.001636188018543978
2855,2748,2283,0.012439772229522555,0.004706161425992159,0.0033896602178294932,0.0021901007446342518,0.0029323770629237516,-0.0007075373870638346
2856,2748,2284,0.011733800350262696,0.002861971599077182,0.0057450009969533785,0.004071803852889667,0.00406276683585757,0.002264658980377492
2857,2748,2313,0.01072200605274535,0.002448066132124372,0.0016989939360999335,0.005447470817120621,0.003921350339204907,0.0007034592891814325
2858,2748,2293,0.00985608373310074,0.0038866104204341996,0.001982336551913001,0.004099433057130396,0.004376170149804091,0.0007584138279347342
2859,2748,2307,0.011616818378846986,0.004567612592934249,0.006152221649866214,0.00485478977026441,0.002580229721552567,0.0032418656012873303
2860,2748,2278,0.009920983318700614,0.003711794174208155,0.003088166428374923,0.0047410008779631245,0.004516946089131747,0.0016501633786871952
2861,2748,2280,0.009824561403508769,0.004005798469396074,0.0025055828407813487,0.004210526315789473,0.0049459467234419215,0.0012852277394132035
2862,2748,2310,0.010043290043290042,0.002434735887878889,0.0012518777774374575,0.005497835497835497,0.0047103116417179765,0.0009407665983368716
2863,2748,2300,0.01226086956521739,0.00480032178008348,0.0034166420637925378,0.007782608695652172,0.007162650416593757,0.0036524785059576102
2864,2748,2316,0.010621761658031087,0.002657506827295883,0.0020349564337570777,0.007210708117443869,0.006316718240076336,0.002667349388760331
2865,2748,2293,0.010902747492368076,0.003917914073010919,0.003759452542570984,0.006192760575665065,0.004940539466453497,0.0027755599875724395
2866,2748,2292,0.010209424083769632,0.0027824608829848524,0.0029172006821813,0.003926701570680626,0.004093944339433885,0.0011425807482776725
2867,2748,2307,0.008582574772431727,0.0010973305446994037,-0.0005318028659709349,0.0032943216298222788,0.003233858677464839,-0.0012843196070319537
2868,2748,2271,0.013474240422721268,0.0058819968419310245,0.0071358500875986445,0.006869220607661822,0.007192479724707011,0.004934129073784765
2869,2748,2306,0.010320901994796183,0.0031339985263933484,0.0013697399477983528,0.004596704249783173,0.004599400500267933,0.0005580470102030896
2870,2748,2279,0.00895129442738043,0.0038903563581584037,0.0016098286371238918,-0.0003071522597630549,0.002032615674134122,-0.0022268098677959702
2871,2748,2306,0.011795316565481351,0.0037119405921358234,0.0053215264744673,0.00437987857762359,0.0036896711610744,0.0024044083326984858
2872,2748,2267,0.008645787384208202,0.003406350391608822,0.0008251183168565224,0.005910895456550506,0.005772121534521546,0.0014282723439059451
2873,2748,2290,0.009606986899563318,0.0036408185855631614,0.0033846507691176093,-0.0003930131004366816,0.0024334705525077254,-0.0013218285562916576
2874,2748,2279,0.0112329969284774,0.0054593371298559176,0.003233051110470755,0.003071522597630539,0.00507881811513323,0.0006497608063708353
2875,2748,2315,0.007084233261339092,0.0032674614079581626,0.0014238061277105796,0.0041900647948164135,0.005284653945429304,0.0016581896245940087
2876,2748,2283,0.00814717477003942,0.003268426923854119,0.0006035992378896575,0.0017520805957074019,0.0036423343556411265,-0.0010818843179234987
2877,2748,2294,0.009677419354838708,0.004259849608919125,0.0006467604093170469,0.0033129904097646025,0.0036674811254093533,-0.0009120605376923463
2878,2748,2310,0.008831168831168829,0.0023996684763472683,0.0022097052030344557,0.008225108225108224,0.005742659341942599,0.003968672160966474
2879,2748,2307,0.01083658430862592,0.002687944896095584,0.00345528716127128,0.003944516688339834,0.003136274215089935,0.0007109984772311997
2880,2748,2311,0.010471657291215922,0.003945373782842472,0.004802021292194829,0.00510601471224578,0.0038337347922764837,0.002952026255424375
2881,2748,2319,0.010521776627856833,0.004674913534548912,0.0028797172033926486,0.0026304441569642077,0.003884839212106134,0.0003239588601404519
2882,2748,2307,0.005374945817078456,0.001483640308565392,-0.0015986104304024091,0.0015171218032076275,0.0019073125763533999,-0.0024097980330216495
2883,2748,2304,0.013541666666666665,0.005323112238638589,0.006594144554345895,0.003949652777777777,0.005008059658850519,0.0025793322430368937
2884,2748,2297,0.009229429690901174,0.0031048379554690603,0.003418401699211155,0.003265128428384849,0.0035797092366217213,0.0010696762813731608
2885,2748,2305,0.017440347071583512,0.005764505282642548,0.006736818376425763,0.006290672451193057,0.00566985652422832,0.0024772964652247267
2886,2748,2296,0.014024390243902441,0.00466934066333118,0.007635143585346105,0.0024390243902439024,0.002467936864339153,0.0016556382879137777
2887,2748,2277,0.008432147562582343,0.0026136163368165512,0.002632155619706754,0.0017566974088713211,0.002270653700596366,-0.00022102760654073896
2888,2748,2302,0.010599478714161597,0.003792117886035504,0.003855871911169293,0.0005212858384013898,0.004063791725853256,-0.0003827519098095443
2889,2748,2304,0.01067708333333333,0.004240426216562335,0.005565352657938189,0.004253472222222221,0.0049101801156502395,0.0027308070281615937
2890,2748,2313,0.014958927799394723,0.00566017515975409,0.00808548706016183,0.006830955469087764,0.006416377011497156,0.005138943824224868
2891,2748,2329,0.011678832116788319,0.0048724622123640345,0.004937031670642234,0.002189781021897809,0.004455845728890424,0.0008057212251292372
2892,2748,2318,0.012597066436583261,0.004981861420109433,0.005710461063846626,0.0050474547023295945,0.004426952959114249,0.00320457226825559
2893,2748,2301,0.013820078226857884,0.004123458799605789,0.0049716396350920145,0.004737070838765753,0.004023781687609923,0.0016180788736047471
2894,2748,2281,0.007365190705830775,0.0019377247944689197,0.00035805780178281354,0.002148180622533976,0.00265760508609315,-0.0013860504268069366
2895,2748,2254,0.008873114463176571,0.0024976336227845396,0.0042004354152733025,0.003992901508429458,0.0035347488656983774,0.0023120669163425914
2896,2748,2293,0.00662887047535979,0.0023377044245028325,-0.00019603334071928034,0.0034452682075883116,0.00366886585961585,-0.0002845911983972782
2897,2748,2305,0.01475054229934924,0.005880720654496387,0.007118794495858929,0.004121475054229934,0.004523894804287112,0.0025172915512674246
2898,2748,2276,0.009666080843585237,0.002660210155053328,0.002022981796471034,0.0027240773286467475,0.004462901569678797,0.00010898677749925004
2899,2748,2308,0.013171577123050258,0.006088743303392027,0.005685718717503783,0.0014731369150779883,0.003280845118887001,-1.4459222341661335e-05
2900,2748,2291,0.013094718463553033,0.005234248152942554,0.005773545986298673,0.004626800523788737,0.00429643808069471,0.0025561894924076485
2901,2748,2312,0.007612456747404843,0.0040091997649249755,0.0017115267909470497,0.00034602076124567386,0.001573241286541446,-0.0014590479887467637
2902,2748,2303,0.010421189752496741,0.001071276542708816,0.004663877933424598,0.004125054277029959,0.002172060936585058,0.0018115192115639388
2903,2748,2330,0.01484978540772532,0.006377418037025378,0.006805578792852521,0.004892703862660942,0.005843989024846049,0.00304328288026047
2904,2748,2317,0.011998273629693568,0.003990413014134215,0.0054241332341009646,0.0011221406991799724,0.0025434608230063016,0.00015760653921126767
2905,2748,2293,0.010728303532490185,0.006205749405278894,0.005390016331942982,0.003968600087221979,0.004336414091375367,0.0026919967925192433
2906,2748,2281,0.0070144673388864535,0.0020071626114007263,-0.0014351787604216248,0.005173169662428758,0.004529738623522876,-0.00019313391989110275
2907,2748,2310,0.012813852813852812,0.004510029525928342,0.00514740429549955,0.0057575757575757565,0.004407445292413149,0.003121017138887861
2908,2748,2291,0.008729812309035355,0.003791793932985915,0.002907806724525832,0.00296813618507202,0.002999250244823953,0.00091055805390472
2909,2748,2280,0.00850877192982456,0.003971648747530455,0.0010917493979509109,0.004122807017543858,0.0048793565545403655,0.0006428913791772694
2910,2748,2313,0.012797233030696064,0.004002803888162592,0.005855712291101818,0.0037181150021616937,0.0033293818770602766,0.0017661678173222213
2911,2748,2284,0.008406304728546409,0.003994161532649685,0.00047522877581858874,0.003021015761821365,0.0039973824826448,-0.000508115827273853
2912,2748,2291,0.007856831078131819,0.002630410599347959,0.002300584756139619,0.0038847664775207313,0.0033819937697405866,0.0012287022099114401
2913,2748,2277,0.012736056214317082,0.006349426212738016,0.006343870278485124,0.00535792709705753,0.005940890026002435,0.0036752049100462953
2914,2748,2283,0.011651335961454226,0.004673208955136018,0.006128922038817981,0.0051248357424441525,0.0064330222666582745,0.004007665374649663
2915,2748,2275,0.01292307692307692,0.005548546545095367,0.0019084762920171148,0.00312087912087912,0.005339814949325913,-0.0009365074871968891
2916,2748,2289,0.011708169506334642,0.005977506533793934,0.004615663253040125,0.0016601135867190904,0.0033475544994199437,0.0005924265873976008
2917,2748,2303,0.010942249240121578,0.0034447972355177033,0.002112959650119634,0.006165870603560572,0.00532810344890377,0.0014482581797267834
2918,2748,2330,0.012532188841201716,0.004001296597534203,0.0042211824504156765,0.004120171673819742,0.004854936288706647,0.0012304525386478348
2919,2748,2280,0.006140350877192982,0.0031555973406040745,-0.0004490229836156403,0.0028947368421052616,0.0028297031247054576,-0.0005402555992855826
2920,2748,2328,0.009707903780068725,0.0037461326536099536,0.00342689210863885,0.002663230240549827,0.003216631513503515,0.0010179778627446836
2921,2748,2288,0.010139860139860138,0.002287943930180588,0.0036546692225799516,0.003190559440559439,0.0031339847993256875,0.0008441740948917153
2922,2748,2285,0.010765864332603936,0.004430997993666063,0.004522097586430768,0.0035886214442013126,0.004848053337134293,0.0017175214560006722
2923,2748,2287,0.010668998688237863,0.0029075836507993728,0.003187373876889614,0.003323130738959335,0.004988103155565037,0.0010653663640643324
2924,2748,2304,0.009809027777777778,0.0037619686330167506,0.0013589157959085986,0.002690972222222222,0.003635068036909894,-0.0004994895530897575
2925,2748,2293,0.01378107283035325,0.0047368873555762815,0.007137183164944197,0.0034452682075883116,0.0038584881665775245,0.0027677122836946987
2926,2748,2291,0.004801396769969444,0.0027621093797247738,-0.0023063479978167557,0.0010039284155390655,0.003477400745124727,-0.00257215335217044
2927,2748,2313,0.011673151750972763,0.004426514544703471,0.003753288968899004,0.0038045827929096407,0.005199695811726004,0.001269572237872708
2928,2748,2322,0.01102497846683893,0.004533494342335973,0.0035196734467167804,0.005598621877691644,0.004634848426439329,0.0026368545094958545
2929,2748,2281,0.012976764576939939,0.004500705459298203,0.006617300257202832,0.004208680403331871,0.00414682183385851,0.0029361355367610205
2930,2748,2300,0.009391304347826085,0.0035793665214542384,0.003157184207601588,0.0020434782608695643,0.004048191825336363,0.00027800303538375325
2931,2748,2307,0.010923276983094928,0.005586150611182633,0.001728306601049377,0.0009536194191590806,0.005186011964860952,-0.0017286227686208568
2932,2748,2301,0.01182094741416775,0.004196659650302314,0.003943642236830977,0.00769230769230769,0.006304694434784199,0.004012554497661753
2933,2748,2289,0.009086937527304498,0.003915643634914696,0.002881758517063625,0.002490170380078636,0.0035067430778886054,0.0008075925430085095
2934,2748,2329,0.012709317303563759,0.005189530611831847,0.005693483993282583,0.005710605410047229,0.005328923188025893,0.003307115210558615
2935,2748,2307,0.012743823146944083,0.0029017523007370174,0.004810564243735303,0.0018638925010836579,0.003537703526720663,-0.00020789254462930484
2936,2748,2286,0.011286089238845142,0.00461352528658983,0.00516174290346088,0.004680664916885388,0.003900669730684122,0.002902458585362423
2937,2748,2293,0.012734409071085912,0.0055543580465858295,0.006235588103093738,0.0010902747492368074,0.0043115189957511095,0.000957503878843764
2938,2748,2277,0.01168203776899429,0.005574117277281012,0.005461481585169287,0.0031181379007465954,0.003540998785761429,0.001889368583755468
2939,2748,2293,0.014653292629742692,0.005790335460202309,0.0073422279242822495,0.005625817706061926,0.005045951163907217,0.003789388454324237
2940,2748,2282,0.013496932515337422,0.00614316591095361,0.005856380025573054,0.0042944785276073615,0.005760374875644772,0.002453677167485986
2941,2748,2297,0.011754462342185457,0.0035390642791617694,0.003600636018331564,0.001480191554201131,0.0034948009365471664,-0.0009340821464497238
2942,2748,2249,0.011116051578479324,0.005303721078226997,0.00584317645125403,0.0019119608714984416,0.0035971269178346537,0.0016802998242488464
2943,2748,2301,0.013211647109952195,0.004715976376257206,0.0038083858369260394,0.004650152107779225,0.005080632097920222,0.001147170219849896
2944,2748,2280,0.01333333333333333,0.005137965905210848,0.006864882243206982,0.0042982456140350876,0.00455617558531665,0.003100510418965723
2945,2748,2280,0.01175438596491228,0.004371836598091922,0.0030948240574026897,0.003991228070175438,0.003964303719914412,0.0009102876447944791
2946,2748,2320,0.01112068965517241,0.004419963950929647,0.004350639419022678,0.004353448275862067,0.003924190603555272,0.0019718623448365825
2947,2748,2282,0.012620508326029798,0.005010599663726298,0.005979226741940188,0.004338299737072742,0.0054650659434471,0.003025863583436753
2948,2748,2303,0.01007381676074685,0.0026603741353149624,0.0017678751354398953,0.002040816326530611,0.0028384758343587193,-0.00101503089732335
2949,2748,2285,0.00910284463894967,0.0028023756187496502,0.0023844817130362532,0.0023632385120350087,0.0038574077513017536,0.00018609977534362785
2950,2748,2324,0.011187607573149738,0.003770116335031289,0.005141397958626647,0.0020223752151462995,0.004218715459825644,0.0008483847454130354
2951,2748,2327,0.014181349376880103,0.005993161062487904,0.0068547413001385695,0.005844434894714224,0.0065743967020961335,0.004259208510473881
2952,2748,2312,0.014100346020761243,0.005417456900913447,0.006584354654172771,0.003633217993079583,0.0034774497873574922,0.0021251760128697117
2953,2748,2279,0.012110574813514699,0.004794140923513614,0.004888664627819034,0.0059236507240017534,0.004977352717225327,0.003214875586049257
2954,2748,2323,0.011708996986655186,0.003067734838499856,0.004419701479643197,0.0010331467929401634,0.0025148260884919043,-0.0006479681357371326
2955,2748,2336,0.013356164383561641,0.004644362144081525,0.007460594232372445,0.003296232876712327,0.005002828902115545,0.0026736251521768013
2956,2748,2288,0.01075174825174825,0.0038562353447165938,0.00225371315077235,0.0038024475524475513,0.004960703041660106,0.00041678217296900054
2957,2748,2275,0.011868131868131867,0.004058953183333961,0.005659541029396193,0.00545054945054945,0.004659340862767581,0.0032491019062147334
2958,2748,2324,0.010671256454388984,0.003299649020854435,0.002600807234935055,0.0064543889845094645,0.0067937712818485615,0.00291179678086513
2959,2748,2303,0.0121580547112462,0.003641423526645217,0.003574683306327126,0.000390794615718628,0.0021672980425688324,-0.0017919886147324115
2960,2748,2273,0.008183018037835457,0.0020790444778279156,0.0011299095090569866,0.0029036515618125823,0.0032544540322444224,-0.00043542243828447255
2961,2748,2315,0.010453563714902806,0.0024738562349745246,0.003451285506776022,0.003023758099352051,0.0036642133115962457,0.0006383641450484875
2962,2748,2282,0.012971078001752847,0.0043572669642335604,0.005455149661305974,0.0031989482909728297,0.0030496353214225238,0.0012820292894053656
2963,2748,2275,0.008263736263736261,0.0017544917009541616,0.0005665432809284181,0.002373626373626373,0.003557478389551095,-0.001215524583622463
2964,2748,2306,0.013876843018213353,0.004573049067189353,0.006941280968911875,0.001300954032957501,0.002752871898894663,0.00029587016492996736
2965,2748,2307,0.010576506285218898,0.002568732048664121,0.0025373141529619254,0.005028175119202426,0.004502126299759888,0.0013411652501939461
2966,2748,2312,0.010553633217993078,0.003695845723876417,0.0032502781513259345,0.004844290657439446,0.005069705039380291,0.0017178067058490126
2967,2748,2313,0.009165585819282316,0.0032458601771510054,0.002889796705881385,0.0025940337224383907,0.0032504863493582814,0.00044092510913511435
2968,2748,2280,0.011578947368421052,0.004332898420391671,0.0054134814525695395,0.002938596491228069,0.003063467509345686,0.0015195144174108468
2969,2748,2276,0.015729349736379614,0.006931159327865135,0.008523505211256355,0.005140597539543057,0.0055542040543590685,0.003981696842516892
2970,2748,2261,0.012649270234409551,0.004554501603366336,0.005390108205089299,0.0036267138434321095,0.004381393387267167,0.0017399388641355109
2971,2748,2286,0.013560804899387576,0.005535443623277199,0.00809738319246469,0.0038495188101487308,0.0050928640141503344,0.0037042243024154207
2972,2748,2282,0.010604732690622261,0.0025731967803251177,0.0020250581090141143,0.003943908851884311,0.004459155040512582,0.0003432520983486448
2973,2748,2268,0.012345679012345677,0.0046247337265510145,0.0056362664102524275,0.005246913580246913,0.0044238911099649175,0.003049420033645463
2974,2748,2259,0.009207613988490482,0.003618778566678419,0.0035807980377076253,0.0014165559982293038,0.0029268983748799633,8.254953374852999e-05
2975,2748,2291,0.005761676123963335,0.0018239100169014876,-0.002903344322716141,-0.0005674378000872982,0.0022656165963709394,-0.004522506457076187
2976,2748,2259,0.013634351482957057,0.005115061198094449,0.006041500685268464,0.002877379371403275,0.003983205871578243,0.0011358215280403248
2977,2748,2290,0.013886462882096069,0.006069419872722607,0.0053572589638348515,0.007292576419213972,0.007318107516398268,0.004376776096401961
2978,2748,2292,0.013176265270506105,0.006211851117381294,0.006602488957173043,0.003708551483420592,0.005501233294156547,0.00260444398670065
2979,2748,2292,0.007940663176265269,0.003288286027436071,0.0015173240964275645,0.003926701570680627,0.004820257053777239,0.0013029086272996302
2980,2748,2315,0.010539956803455722,0.004848332788916671,0.0032902636885429027,0.003282937365010798,0.0036318863122909743,0.0008137322069709707
2981,2748,2288,0.014160839160839158,0.004914742797105548,0.0058521781560480985,0.005900349650349649,0.005500963822828855,0.003068414481876941
2982,2748,2318,0.010871440897325278,0.002551885950379592,0.004055953235681566,0.005565142364106988,0.005877066541302359,0.002952431150175865
2983,2748,2285,0.007439824945295403,0.004288684746036075,0.001811472253867119,0.0019256017505470454,0.0045109262831860494,0.00020919017770691762
2984,2748,2303,0.007207989578810247,0.0032890182116036212,-0.0009125362506392317,0.005601389491966998,0.0063120049856139285,0.0010345928772741747
2985,2748,2257,0.0052281789986708006,0.0020616396666691384,-0.000966181998369571,0.003278688524590163,0.0036409818819203173,-5.58967431868632e-05
2986,2748,2319,0.007934454506252693,0.0026946203554337267,0.0014215335227935196,0.003449762828805518,0.002605100734976994,0.000631475675276267
2987,2748,2289,0.011183923110528612,0.0038456288444081482,0.0027794297506496626,0.0029270423765836604,0.004198588682187858,-0.00016596081970820866
2988,2748,2274,0.011873350923482849,0.005233689942793563,0.004971476743523221,0.003474054529463499,0.005590984223863158,0.0021665569919255725
2989,2748,2305,0.016138828633405634,0.004649536430110264,0.00738087929802837,0.005162689804772233,0.00551731382184812,0.002698661941569456
2990,2748,2287,0.011456055968517705,0.003522282084101242,0.005918722330002691,0.00629645824223874,0.004083479513069491,0.004167630108367124
2991,2748,2307,0.009882964889466838,0.0026358036951693474,0.0007413936633496247,0.003250975292587775,0.003783800885250585,-0.0007737193402979193
2992,2748,2283,0.008672798948751642,0.0034959211812346297,0.00040666266946556655,0.0025843188786684175,0.004394047338813212,-0.0006246860235514737
2993,2748,2296,0.010104529616724736,0.003707372338407223,0.0031980736299290807,0.002613240418118466,0.003922063100157816,0.0005216618830165788
2994,2748,2317,0.010185584807941302,0.00394314714097809,0.003623822706285795,0.0034527406128614575,0.004500113344439663,0.0016050651696461423
2995,2748,2295,0.009498910675381262,0.002582427750900272,0.0036600923714005945,0.004444444444444444,0.0037036932557549993,0.002301324644287696
2996,2748,2271,0.0095112285336856,0.0026404587211286863,0.00022623279514636104,0.006032584764420959,0.005548158380079246,0.0010248588030951035
2997,2748,2301,0.011994784876140807,0.005554773122051999,0.0026770773519931203,0.004823989569752281,0.005993548105007623,0.0010477591120549167
2998,2748,2301,0.012863972186006082,0.0047012711933617675,0.006240847696967664,0.005475880052151237,0.0031187344234675316,0.003487991708924706
2999,2748,2291,0.012920122217372324,0.005046145852579192,0.006110740021468633,0.005892623308598864,0.006137513572372148,0.0041140463296050565
3000,2748,2313,0.010462602680501512,0.004381306577372227,0.0029665963199276813,0.0024210981409424986,0.004409205397521937,0.0003896551711197634
3001,2748,2270,0.011806167400881055,0.004267045088806904,0.005809343552202708,0.004581497797356828,0.00290863822950625,0.002762911372841659
3002,2748,2319,0.00853816300129366,0.0026663031537711218,0.002735078196666773,0.0027598102630444145,0.002272872449648861,0.0006439424240453622
3003,2748,2293,0.012472743131269079,0.005819406435795899,0.006309936959587231,0.004273877017008285,0.004681533896375206,0.0030424258898928613
3004,2748,2277,0.007553798858146683,0.001981317499806569,-9.218276996873035e-05,0.004435660957400087,0.0034809898635906815,0.00042210906248273285
3005,2748,2292,0.011867364746945896,0.004623180417045445,0.005009909900247698,0.003141361256544501,0.00396346799021424,0.0011481841949454881
3006,2748,2291,0.009777389786119597,0.0012517587424055346,0.0018770078712536094,0.005412483631601919,0.0040599043981771,0.001084385965305876
3007,2748,2317,0.012602503236944323,0.005733921611058882,0.00457456701344931,0.004661199827362969,0.0048895472575310375,0.0020575385944496634
3008,2748,2283,0.012439772229522555,0.0050198810865765536,0.005372798814512236,0.006219886114761278,0.006644548420914028,0.003921422265233524
3009,2748,2309,0.010827197921177997,0.0034755778358376015,0.004630144324318668,0.005586834127327847,0.004979079591793818,0.003460852009511254
3010,2748,2303,0.01128962223187147,0.004739721120686658,0.004760095419284241,0.0017368649587494566,0.0032389158840274994,0.0006908525499835332
3011,2748,2293,0.009245529873528129,0.0027080653989261486,0.0016338436662576114,0.0016572176188399468,0.002133317151938973,-0.001177090813807504
3012,2748,2281,0.01078474353353792,0.004263249978679078,0.0035169397624080245,0.0071021481806225325,0.006235330597632378,0.003844120044303564
3013,2748,2308,0.01117850953206239,0.004105442558446905,0.003284410255236989,0.0011265164644714038,0.004327261139656851,-0.0008086772346569328
3014,2748,2317,0.011394044022442812,0.0040336676867065505,0.004799289828806835,0.005438066465256797,0.004477984618664674,0.0029200511811481233
3015,2748,2314,0.010890233362143472,0.0026167682964884005,0.003761787323835935,0.0038893690579083822,0.0027934205369367603,0.0007690327334688233
3016,2748,2295,0.014989106753812632,0.007324453947321394,0.00836220100784709,0.0024400871459694987,0.003287159929411285,0.002269817492560835
3017,2748,2274,0.010026385224274405,0.0033013674102071898,0.003303868221131352,0.005233069481090588,0.0038513662676733264,0.002333960269632084
3018,2748,2267,0.010586678429642699,0.005097172910500098,0.0035020047991400614,0.0018967798853109824,0.003993576326709759,8.226185208935227e-06
3019,2748,2291,0.009777389786119597,0.003298212426016047,0.0024874171382206667,0.0034482758620689655,0.0026310706538103007,0.0007689462459404899
3020,2748,2302,0.01103388357949609,0.00487454231453656,0.0033063461008837436,0.004344048653344917,0.0031434152907530923,0.0011759645701915895
3021,2748,2306,0.011795316565481351,0.003993713757990878,0.0038215496626250673,0.003859496964440588,0.004369512440896581,0.0011562447802923124
3022,2748,2273,0.013022437307523095,0.003608129159275318,0.005703160142438939,0.0018477782666080067,0.0029990788466064573,0.00013284354222191475
3023,2748,2296,0.012282229965156792,0.004207002897484113,0.005680959063721497,0.005749128919860625,0.004147554716585244,0.003573444154006891
3024,2748,2275,0.0109010989010989,0.0034449017489302275,0.0032258575039990646,0.0033406593406593403,0.004083686096698033,0.0007244066802125983
3025,2748,2295,0.010021786492374727,0.003928477116942492,0.0014616922234029514,0.00466230936819172,0.005046890060988544,0.0004168492816174253
3026,2748,2294,0.012903225806451611,0.005206424552959292,0.005171729401904412,0.004446381865736704,0.004870972054022397,0.002125359494598041
3027,2748,2341,0.009824861170439982,0.004843352018029257,0.0035794264925858212,0.0037163605296881654,0.004150665095909781,0.0017675735495099188
3028,2748,2289,0.011009174311926604,0.0025686781065725724,0.004919517093546435,0.006159895150720837,0.0037888568513408274,0.003406678736570169
3029,2748,2275,0.00958241758241758,0.004059111072971975,0.0028393041836542914,0.004483516483516483,0.004318501310931961,0.0017407013046865528
3030,2748,2314,0.010890233362143472,0.006193749544362752,0.004011013884450479,0.003673292999135694,0.005588199620956551,0.0013509455878529643
3031,2748,2334,0.009511568123393316,0.004721544504153234,0.004374629040339154,0.004284490145672664,0.0040587274228794795,0.003161615075484614
3032,2748,2301,0.008691873098652759,0.003214211377899222,0.0009314460236375879,0.0024771838331160362,0.00219681629708853,-0.0009148998660517742
3033,2748,2325,0.010666666666666666,0.005016016587423543,0.0032758950887073414,0.0031397849462365584,0.003609904529964597,0.0009312181308524061
3034,2748,2290,0.010131004366812225,0.003066473371070679,0.0029987030897481804,0.0036244541484716153,0.004274302359958893,0.0007794340253649998
3035,2748,2309,0.006063230835859678,0.001992841081112097,-0.00040862931151824374,0.002035513209181463,0.0030062476819021065,-0.0013059499691678636
3036,2748,2273,0.011790585129784424,0.002816336825922304,0.0033219134257459486,0.002243730752309723,0.0021903833761069864,-0.0008715338461011135
3037,2748,2298,0.0067014795474325504,0.004275452518315465,0.00033352088843787613,0.004177545691906004,0.005835942000377965,0.001030445827893156
3038,2748,2303,0.014676508901432912,0.005191854953693706,0.006710963898535075,0.001302648719062091,0.0023797451405310195,-5.8544729531330074e-05
3039,2748,2296,0.009233449477351914,0.004872743974379277,0.0006384708703865763,0.004181184668989546,0.006250611434266197,0.00041023135307023835
3040,2748,2263,0.011047282368537338,0.003736400508428612,0.0040650551327228975,0.004684047724259831,0.004126357906699886,0.0022415198920390663
3041,2748,2287,0.013729777000437253,0.004773437159516635,0.006366927244015091,0.003235679930039352,0.0029330387435456255,0.0015759810395613108
3042,2748,2298,0.010008703220191468,0.0033938964710741953,0.004174785745913745,0.0039599651871192335,0.004231572049581259,0.0021554900706912596
3043,2748,2304,0.007638888888888888,0.002112959806328511,7.066155739536576e-05,0.004427083333333332,0.005162557053082691,0.00031136431046883115
3044,2748,2274,0.010554089709762531,0.004533639738432901,0.0044536874141735865,0.0020668425681618285,0.0030769985999341038,0.000647045763795712
3045,2748,2288,0.011888111888111888,0.004027680215792481,0.0043466512306564575,0.006118881118881117,0.0056272919882666495,0.003232857837741605
3046,2748,2312,0.00778546712802768,0.003046820490177353,0.0014538006306608852,0.006704152249134947,0.004534955486725176,0.003110534428494255
3047,2748,2275,0.005274725274725274,0.000808358354710437,-0.00378182120512276,0.0013626373626373612,0.0026369125558415737,-0.0033720675342045333
3048,2748,2298,0.011053089643167972,0.004791678119973076,0.006211702754671019,0.005091383812010442,0.003977874857251694,0.003665182730783353
3049,2748,2267,0.010057344508160563,0.004591079219524961,0.004251063210737888,0.004190560211733567,0.004406694257386796,0.0021882615241322952
3050,2748,2333,0.008401200171453065,0.0031353879213612845,-7.19171183234934e-06,0.0033004714959279885,0.003423422753421608,-0.0012524693980305974
3051,2748,2269,0.011723226090788892,0.006577332937817183,0.00390218126803055,0.0028206258263552214,0.005338435604810293,0.0008197839613004289
3052,2748,2303,0.010334346504559269,0.004519147073869958,0.0020354117735925997,0.005948762483716891,0.005554014595536296,0.002200679886448721
3053,2748,2295,0.013681917211328975,0.004974772455013902,0.005627827593828523,0.0038344226579520684,0.0030360082526222133,0.0014591932041846734
3054,2748,2295,0.011328976034858385,0.003931074950056388,0.0034950450779662207,0.0009586056644880165,0.0028033133262645804,-0.001018318677337071
3055,2748,2256,0.007003546099290779,0.002787834659474677,0.000964439359822123,-0.0016400709219858156,0.0014920899251197092,-0.0029895236820308996
3056,2748,2283,0.011563731931668854,0.0032014216115097216,0.004418312980795469,0.00030661410424879485,0.001043778662166419,-0.0012148547010575287
3057,2748,2269,0.010048479506390479,0.0027682860080143245,0.0026141658063410546,0.003657999118554428,0.0032419869258923616,0.0003843544426017971
3058,2748,2278,0.00983318700614574,0.0030331981551961836,0.0023699355787272012,0.002853380158033362,0.0018762845595475188,-0.0003094392126837464
3059,2748,2266,0.0088261253309797,0.0031924727854024584,0.002450442367344914,0.0022506619593998223,0.002913201245294569,0.0001402252405065323
3060,2748,2324,0.011445783132530118,0.003822089185609106,0.00493538958914029,0.00180722891566265,0.004249438364434219,0.0005457110552606413
3061,2748,2285,0.01470459518599562,0.004410609861288621,0.005693699938034088,0.005776805251641137,0.005068736830969999,0.0025874569521810087
3062,2748,2283,0.008234778799824791,0.0028444557596272427,0.003964698148752656,0.0039421813403416545,0.0027733165577617804,0.0023300533021695037
3063,2748,2279,0.00807371654234313,0.003184698980678352,0.002994318449935148,0.004695041684949538,0.004543871775022841,0.002481649693997187
3064,2748,2296,0.011672473867595817,0.004649231881042102,0.004043359709160278,0.002656794425087107,0.004785093839283598,0.0006584132636995708
3065,2748,2288,0.013199300699300698,0.005731652341353893,0.006133904959222867,0.006249999999999999,0.005022040766152547,0.0037780104355984397
3066,2748,2294,0.009503051438535309,0.003356487607015466,0.0007151699477374612,0.006190061028770705,0.006710433781457471,0.0018662597759959074
3067,2748,2313,0.011067877215737135,0.0023867827628802256,0.0033375564729495205,0.0059662775616083,0.004418808851693554,0.0025374463734223807
3068,2748,2277,0.010891523935002194,0.005285192062922755,0.003342790379446196,0.006280193236714975,0.00531035537265182,0.002909691587877479
3069,2748,2281,0.012801402893467775,0.004745305032224641,0.00490270371503697,0.004033318719859709,0.004052747661293296,0.001536842171734179
3070,2748,2319,0.010608020698576972,0.004540040193345596,0.0029408321994768075,0.005304010349288485,0.006229718734068986,0.002060585926554586
3071,2748,2299,0.012266202696824704,0.002485932749464534,0.00544966073029744,0.005828621139625923,0.005309916033876946,0.0030860085116689875
3072,2748,2306,0.009973980919340849,0.004592760555830339,0.0033689214406480714,0.003859496964440589,0.0047952036655326815,0.001793337975592049
3073,2748,2302,0.010773240660295395,0.0031747505836269185,0.003353521025399104,0.004300608166811466,0.0033889792381806994,0.0012947094113398836
3074,2748,2329,0.011421210820094459,0.005031293635945111,0.004320482298204091,0.005410047230571058,0.005726301997482632,0.0030492003572376012
3075,2748,2319,0.010004312203536005,0.002761803542777361,0.002631484735518693,0.0015092712376024145,0.0034661216827560504,-0.001017342467881846
3076,2748,2321,0.00870314519603619,0.0031675830701134483,0.0014920095407189053,0.0028005170185264956,0.003390164226955149,-0.00017604568548937652
3077,2748,2312,0.008823529411764706,0.003012754881716464,0.00513610790926568,0.0021193771626297573,0.0022580207405832483,0.0017014054731541019
3078,2748,2317,0.00880448856279672,0.004458391464304728,0.0012886149978113776,0.0016832110487699599,0.003284293822404488,-0.00088672299890663
3079,2748,2320,0.013793103448275858,0.0035455982405335263,0.005951707291104898,0.0066379310344827575,0.005380671488013718,0.003811019256076534
3080,2748,2320,0.012931034482758619,0.004127843043647761,0.0046671021959395495,0.002844827586206896,0.003481208447181322,0.00025096408433291555
3081,2748,2323,0.008437365475678001,0.0016595568552470131,0.002292644327856177,0.0024967714162720607,0.0033442797359143238,0.0003607750617576195
3082,2748,2292,0.011431064572425827,0.0039026162603048482,0.0034899743952279765,0.0027050610820244323,0.002492538645453303,0.0001465267018668286
3083,2748,2312,0.012889273356401382,0.006113423528179695,0.005086581430996799,0.008001730103806226,0.005591474134231222,0.004759028027957302
3084,2748,2318,0.009059534081104399,0.0032729962345929334,0.0011225394456775293,0.005694564279551335,0.0059019606462462106,0.0015691624792767201
3085,2748,2268,0.007231040564373896,0.003440892805329211,0.0010499837513298239,0.002513227513227512,0.004367195648242804,0.0001623531800481248
3086,2748,2288,0.010227272727272725,0.002700101297978611,0.0016133779716682218,0.0029720279720279715,0.00259318008368594,-0.0008639735464694026
3087,2748,2274,0.009938434476693049,0.0033366789368604625,0.001716665212705552,0.0037818821459982394,0.003312865360146833,0.0001390816759629417
3088,2748,2324,0.009810671256454387,0.0047132098968352115,0.004646026410935127,0.005034423407917383,0.004234614318210255,0.0034187574544021463
3089,2748,2308,0.009272097053726168,0.002823856243329687,0.003646803694431632,0.004506065857885615,0.0036059598834988875,0.0022621522634814926
3090,2748,2304,0.012413194444444442,0.0036590399139582144,0.0025697499392258014,0.005772569444444443,0.0050820878604866315,0.0006852256167272211
3091,2748,2277,0.007553798858146683,0.002186597696184396,-0.0014699152754298367,0.004567413263065436,0.005119644671328597,-0.0006071403358939188
3092,2748,2306,0.013356461405030355,0.0059553602843666256,0.006917105756597096,0.004423243712055505,0.0037847185042213906,0.003184404989628708
3093,2748,2276,0.01282952548330404,0.0046172840551698055,0.005394685483321819,0.005448154657293497,0.006352113243083066,0.0029979361999922524
3094,2748,2299,0.012179208351457152,0.004541670106933862,0.0047456008394591055,0.0033057851239669408,0.00330337284996287,0.0016305319559202405
3095,2748,2292,0.010994764397905758,0.0019051328247407476,0.003668263299080847,0.004537521815008725,0.0051297981695163876,0.001182173462682804
3096,2748,2276,0.009226713532513179,0.003693965346309174,0.0016570653194792348,0.002284710017574692,0.005208923283786414,-0.0005381020944632097
3097,2748,2297,0.01488898563343491,0.006186963984849384,0.008370238103447903,0.004135829342620808,0.004306512117764721,0.0033786643548122165
3098,2748,2288,0.006381118881118879,0.0028183784750348264,-0.0013993554644931663,0.0025349650349650336,0.004327341659964477,-0.0014285653012275903
3099,2748,2280,0.011140350877192982,0.003329220478534023,0.0054411638372433456,0.0027631578947368415,0.0027348388869374287,0.0013679515019534442
3100,2748,2293,0.010292193632795462,0.0027973679641973516,0.0022702645976752827,0.004491931966855646,0.005467476786134068,0.001076452380472879
3101,2748,2313,0.008646779074794638,0.00239618838359784,0.0012370565728420282,0.00272373540856031,0.003948968678189331,-0.0003401827237212658
3102,2748,2328,0.011254295532646046,0.004729042276634782,0.00535211108685314,0.001675257731958762,0.004044307806632736,0.0007788048847435253
3103,2748,2251,0.012883163038649486,0.004233516647764031,0.003491605959233606,0.00413149711239449,0.004607261500930368,0.0002752753752224909
3104,2748,2250,0.0104,0.0031614625262143168,0.0033512325055796567,0.003777777777777776,0.0026874680122152043,0.0011347265214472079
3105,2748,2282,0.01025416301489921,0.0048568196044556835,0.004604079320669007,0.004469763365468885,0.004296145630305749,0.0028939843479156764
3106,2748,2294,0.008108108108108105,0.002878737431689025,0.001653817358119814,0.0016564952048823008,0.0035512021459950926,-0.0003240781143402196
3107,2748,2276,0.00984182776801406,0.00408257136362095,0.0015374514163233907,0.001537785588752195,0.0031364094985110737,-0.0011040800406639485
3108,2748,2263,0.015554573574900572,0.006643053100485034,0.009183103430238267,0.003711886875828545,0.0036369378329677645,0.003054422417578022
3109,2748,2304,0.006423611111111109,0.002661460948927389,0.0004743519021958055,0.00290798611111111,0.003476377602578014,0.00021108690740940557
3110,2748,2284,0.011383537653239928,0.0039177414513584296,0.005384101692302823,0.002232924693520139,0.002826544697376398,0.0009895947052857405
3111,2748,2276,0.011862917398945518,0.003095050647473505,0.0024225502092440395,0.0045694200351493845,0.005273077776498818,0.00029606277650034524
3112,2748,2288,0.007430069930069928,0.0003923494054184259,-0.0008992955117099021,0.001791958041958041,0.001648700498371924,-0.0025260585897176257
3113,2748,2295,0.012723311546840957,0.0055361028706534055,0.006307767600834564,0.0035729847494553367,0.00547660776528807,0.002456260502941637
3114,2748,2302,0.007211120764552561,0.0025211746255124376,-0.0008433485502301424,0.0025629887054735008,0.002781598870217376,-0.0014321388775089864
3115,2748,2291,0.006809253601047578,0.0025499540447990313,-0.0016420159409276719,0.0008729812309035355,0.0015707782978043642,-0.0032646550497797294
3116,2748,2255,0.013303769401330377,0.003879307960562095,0.00623069357817403,0.004035476718403546,0.0029298117585238623,0.002095040077740554
3117,2748,2322,0.01223083548664944,0.005935537631257781,0.00424841011731909,0.004306632213608956,0.0050698754986780925,0.0014284166389113633
3118,2748,2297,0.013931214627775357,0.006114606700271138,0.006605038944425515,0.005920766216804526,0.005244289014469431,0.0036198426304184113
3119,2748,2308,0.0145580589254766,0.004007739692501705,0.0065719559531905785,0.0032928942807625653,0.0036728662320210546,0.001646896840821883
3120,2748,2339,0.004617357845233004,-0.0002008310942589784,-0.0032130283719801122,0.0035485250106883272,0.002913099933511029,-0.0019805751786474224
3121,2748,2328,0.009707903780068725,0.003587111221708522,0.0026053200615228,0.006400343642611682,0.005625027321220723,0.0027585659067313104
3122,2748,2267,0.013939126599029553,0.005646679973765327,0.00470306828892797,0.0034847816497573874,0.0040513973958025765,0.00035136799041534007
3123,2748,2295,0.011067538126361656,0.005698032184513202,0.0036010167844787336,0.0012200435729847487,0.0038929289560247437,-0.000313751558649139
3124,2748,2313,0.008387375702550798,0.0041073825469104125,0.0015012555670309714,0.003847816688283613,0.005279560210001704,0.0009734954350265431
3125,2748,2275,0.007296703296703295,0.0023569157690463806,0.00024544438166782136,0.005626373626373625,0.005145664385678234,0.001755857162224056
3126,2748,2308,0.015944540727902946,0.006345578284661591,0.008793250974072133,0.0069324090121317145,0.006238482335731453,0.0050978041090343615
3127,2748,2287,0.006821163095758634,0.0029296905248398894,0.0012834462490573615,0.003235679930039352,0.00368794497050042,0.0007444819476762922
3128,2748,2317,0.010358221838584375,0.0038117276390650257,0.004765660062324046,0.0013810962451445824,0.001005765708351864,0.0002843629367936706
3129,2748,2319,0.01328158689090125,0.004600802540011771,0.0071520423232877125,0.004355325571366968,0.005332253616675633,0.003358061181627338
3130,2748,2314,0.009766637856525495,0.0035603602286393404,0.00312958897435189,0.003543647363872082,0.004928213980461475,0.0013560991577770813
3131,2748,2299,0.012440191387559807,0.0048899528757144995,0.0052112448049642926,0.004567203131796432,0.004665848015251439,0.0025123871936894426
3132,2748,2309,0.0074491121697704615,0.0006990526569453513,0.0021527526168846605,0.0037678648765699417,0.003752941471174294,0.0012168474336285737
3133,2748,2296,0.012108013937282227,0.0038833976440171615,0.0035807676763809125,0.0050958188153310095,0.003914344644241115,0.001405257906423297
3134,2748,2307,0.012570437798006066,0.004113086699818143,0.005808056056562775,0.0029908972691807534,0.003708353123892421,0.0013922596053941518
3135,2748,2267,0.008645787384208204,0.0018829500851774883,0.003213577655438598,0.0036612262902514315,0.0036435384925355635,0.0014165427387657394
3136,2748,2319,0.009400603708495039,0.0031105823642557165,0.0027565276280867783,0.0035360068995256575,0.004520594732759381,0.001069091904480054
3137,2748,2302,0.011294526498696786,0.005105095800905356,0.006215900649473223,0.0031711555169417894,0.004114658146061048,0.002521768037154489
3138,2748,2286,0.008486439195100611,0.004647392020483198,0.001607590662639014,0.005336832895888012,0.006333037061580548,0.002290870083771162
3139,2748,2278,0.01018437225636523,0.004321476093341703,0.002437442685363797,0.003116769095697979,0.003265328658637766,0.0005066735298569762
3140,2748,2307,0.010229735587342869,0.0037771995124112334,0.003608304340334807,0.004898136107498915,0.0054075689386963305,0.0022869957647167123
3141,2748,2274,0.013632365875109936,0.005148239665615831,0.0062715215669851025,0.004045734388742303,0.0042108206240945405,0.0017460574639498513
3142,2748,2296,0.009581881533101043,0.004670745057084733,0.002950050184473449,0.0024825783972125424,0.0042062221502170176,0.0004728385646117102
3143,2748,2277,0.014053579270970576,0.004838302478437631,0.003429614721505309,0.005050505050505049,0.004637315740552476,0.0004516526011570668
3144,2748,2303,0.01068171949630916,0.003467176373303614,0.0027469653919793627,0.004472427268779851,0.004923988066088996,0.001148059701720048
3145,2748,2267,0.007234230260255844,0.0014853541786756489,0.0016865253192083654,0.0034847816497573882,0.002509961836602057,0.0008287986328059312
3146,2748,2297,0.008968219416630386,0.0027622762798031352,0.001930912843397543,0.002742707879843273,0.0033659859082503414,-0.00017126095609263652
3147,2748,2292,0.009773123909249561,0.0029719044134758473,0.0034586791197274416,0.0037521815008725993,0.002147371779375847,0.0011703194618506779
3148,2748,2282,0.009728308501314634,0.003560353848972902,0.0034275971764667,0.004382120946538123,0.003960690636807351,0.001953798849466133
3149,2748,2324,0.012650602409638553,0.005790193914084318,0.005885551596130717,0.00387263339070568,0.0044171945622607555,0.0021626700079893715
3150,2748,2318,0.013287316652286453,0.00456262673666311,0.006877357877743654,0.004098360655737704,0.0043355696706699086,0.0027311342773478652
3151,2748,2313,0.012797233030696065,0.004503245259368681,0.0058622833048675195,0.003501945525291828,0.004444660130666091,0.001788250943642395
3152,2748,2282,0.009290096406660822,0.003992055333494225,0.0017807578483534365,0.0042506573181419795,0.003990268223820972,0.0004351649303419297
3153,2748,2279,0.012110574813514697,0.004024108312809004,0.005040892091454175,0.0021061869240895123,0.0023024137130564534,0.00031565196225319023
3154,2748,2328,0.011168384879725084,0.004198224818356112,0.0013757928440314457,0.005369415807560136,0.004515049348813391,0.00035442921991659423
3155,2748,2307,0.011443433029908969,0.0030935023487445664,0.004123817802777837,0.00294755093194625,0.00472538008016677,0.0005990968118921439
3156,2748,2297,0.013321723987810185,0.004912791260571932,0.006519572951025931,0.0033086634740966464,0.003295358960428555,0.0021105079636950658
3157,2748,2304,0.009895833333333333,0.004950207182005962,0.005517296606894678,0.003342013888888888,0.0026980544230842157,0.0025808455473758335
3158,2748,2286,0.008661417322834644,0.003963556278168868,0.001040050810752677,0.0026684164479440055,0.004020538787994621,-0.0006339011171958719
3159,2748,2271,0.008982826948480845,0.0036895798443640567,0.0027852017924726957,0.0028181417877586948,0.0032614216820065723,0.0005675472245486726
3160,2748,2284,0.010945709281961468,0.004473944016975716,0.004342524428284562,0.0027583187390542896,0.0037966505550084237,0.0012685430155484022
3161,2748,2293,0.009419973833406018,0.004680646936778341,0.004199078945908423,0.00588748364587876,0.004205198455793313,0.003470079748961523
3162,2748,2294,0.0074978204010462055,0.0036078057332634013,0.001080607013695995,0.0024411508282476025,0.0037405613089046856,5.004432547143353e-05
3163,2748,2316,0.010708117443868738,0.005485592581887021,0.002618636245664984,0.0026338514680483583,0.0038319845756354296,-7.677910102269324e-05
3164,2748,2279,0.011057481351469941,0.0027873344702670604,0.004072470458690308,0.004344010530934619,0.0024591448563387377,0.0016127167497122462
3165,2748,2305,0.008069414316702817,0.0026208328449291497,0.0007998686707375062,0.0007809110629067238,0.0016469445897563596,-0.002329265898422611
3166,2748,2298,0.010182767624020886,0.003525263841737192,0.002291527973727214,0.00300261096605744,0.0028715422931243524,-1.3173203565859088e-05
3167,2748,2351,0.009102509570395574,0.004902545329321638,0.001851917786107513,0.003828158230540195,0.004372354424776236,0.0010040797917306088
3168,2748,2320,0.010172413793103446,0.004591162242408718,0.004497444526021219,0.004999999999999999,0.006327282028567771,0.0032816338658805443
3169,2748,2270,0.00951541850220264,0.004529502024135998,0.0031829322687990857,-0.0012775330396475777,0.0005670028519394242,-0.0022043110217670474
3170,2748,2295,0.01045751633986928,0.0038474373966366432,0.00372047004422784,0.005054466230936818,0.00557322436968009,0.002295891017312842
3171,2748,2332,0.012864493996569467,0.004659387734245449,0.0063022330678693134,0.003387650085763292,0.00558663811815536,0.0023273056898725844
3172,2748,2308,0.011785095320623913,0.004435453090860713,0.004694765698419099,0.005632582322357017,0.005376657335998083,0.003043238330857539
3173,2748,2302,0.01511728931364031,0.005911875646149042,0.007789062545447471,0.003344917463075585,0.0029493208692712137,0.0021797296837555965
3174,2748,2288,0.013898601398601397,0.00586313987123475,0.005971291079434819,0.0014860139860139855,0.0031290265322147263,2.941310047280707e-05
3175,2748,2302,0.010512597741094698,0.002581699574255946,0.0025516574577795757,0.0044743701129452635,0.004272855796002027,0.0012435245960965504
3176,2748,2315,0.010539956803455723,0.0028844247838774417,0.0029658063224661576,0.00505399568034557,0.0033174065278795063,0.001576617265819242
3177,2748,2278,0.013696224758560138,0.005185516292087752,0.005197255412090135,0.0053994732221246695,0.004600895687153675,0.0020181180585496865
3178,2748,2307,0.011616818378846986,0.004911010339629875,0.0020662876884839816,0.0038578240138708274,0.0018683642392928591,-0.0004153774926695261
3179,2748,2286,0.01111111111111111,0.003313632897572985,0.004738155449034504,0.005424321959755029,0.004084158111488388,0.002849836120812905
3180,2748,2283,0.009373631187034603,0.0031163573396106275,0.002795368095911684,0.001357862461673236,0.0018687718888686369,-0.0005630325842970318
3181,2748,2259,0.010270030987162459,0.0024914184602956896,0.0018529198163460049,0.0035856573705179274,0.0035296770058828282,-0.0001714598657035483
3182,2748,2288,0.012150349650349647,0.005916424355853484,0.004107176545329121,0.0038898601398601376,0.005221533984993173,0.0014393318683928874
3183,2748,2246,0.01273374888691006,0.005349737625397454,0.005444309078678269,0.0038290293855743535,0.004987413206630979,0.001891941811885729
3184,2748,2299,0.012353197042192255,0.005421537775237686,0.005614980892887486,0.005045672031317963,0.004614665876923004,0.002952275773705533
3185,2748,2331,0.009523809523809521,0.004401362214987536,0.003821167380992428,0.0030030030030030017,0.0031524600037310625,0.0011499800221636217
3186,2748,2245,0.013006681514476613,0.0056266770226640166,0.004694423066793828,0.0049443207126948765,0.005000706270710497,0.0020415758413693755
3187,2748,2320,0.009051724137931033,0.004212233086672891,0.002646432145537115,0.0003017241379310334,0.00088120607265763,-0.00128266991055841
3188,2748,2291,0.015102575294631163,0.00566667494947166,0.008195443932941757,0.003753819292885202,0.0046510139729697775,0.0026957833586221274
3189,2748,2285,0.011291028446389495,0.005390178614263215,0.0044770610331625665,0.004288840262582055,0.005353780592530245,0.002191975927232538
3190,2748,2309,0.010047639670853181,0.0035385144117674946,0.0018255245088017065,0.0021221307925508863,0.003393057528790432,-0.0007192025683190572
3191,2748,2296,0.011324041811846689,0.003851866788420907,0.0036858439251839254,0.0006533101045296153,0.0019828527601615463,-0.0009237672122482235
3192,2748,2280,0.009210526315789473,0.004141240292284827,0.0019087352287821984,0.0037280701754385955,0.004059481722663242,0.0010437269067536112
3193,2748,2292,0.0067190226876090746,0.0029140541409070873,-4.391225354478555e-05,0.004101221640488654,0.0049389598924387615,0.0006193807430151957
3194,2748,2290,0.012576419213973797,0.00469279844171187,0.004938162853198312,0.0004366812227074226,0.002995717464848736,-0.0007807840550856964
3195,2748,2293,0.008722197993894459,0.0030681273930308695,0.0024063076047353567,0.0010466637592673345,0.0023655688763891004,-0.00048240403611380376
3196,2748,2307,0.010923276983094926,0.00409833489699585,0.0020232333882102722,0.004291287386215864,0.005438500377665562,0.0009160733246148258
3197,2748,2310,0.013766233766233765,0.004874754931282457,0.006119674543610864,0.004805194805194804,0.0035968541592168745,0.002397285941569556
3198,2748,2301,0.014080834419817468,0.004878479329785725,0.006634537394488668,0.005562798783137765,0.00567732876928556,0.0035121439179286455
3199,2748,2285,0.009452954048140044,0.004394864278142186,0.0033266969523851183,0.005120350109409189,0.006135118550589809,0.0027919778104852854
3200,2748,2294,0.010287707061900608,0.005152411481662625,0.0027660857365498144,0.0035745422842197016,0.003050749210611596,0.0008490149081228358
3201,2748,2293,0.010030527692978628,0.003824535812274158,0.001657670382281213,0.0037069341474051444,0.004989597652064288,0.0002493429285979802
3202,2748,2306,0.011621856027753685,0.0027915649182164892,0.003849325631757116,0.005637467476149175,0.004714142055499066,0.0022267479756645334
3203,2748,2304,0.010243055555555554,0.0040732236644677395,0.002787042800834993,0.0037760416666666654,0.0038013542869828154,0.0010250339227521024
3204,2748,2293,0.01552551242913214,0.007025423212933866,0.005740473660032095,0.006846925425207149,0.006502846934387745,0.0030629391885977513
3205,2748,2331,0.010038610038610037,0.004066376872553614,0.00421566587042412,0.005791505791505789,0.006118909339572533,0.0035622644430795295
3206,2748,2265,0.012362030905077261,0.004566828132796129,0.003942066479788284,0.0027373068432671073,0.0028214523639085005,-6.489995353685645e-05
3207,2748,2300,0.014869565217391306,0.007094964815313735,0.007314649606398269,0.0036521739130434775,0.004628992382487863,0.0024798182947594455
3208,2748,2277,0.015019762845849797,0.0053671348765120495,0.008245947425237592,0.004084321475625822,0.003272365389331698,0.002992515145397469
3209,2748,2315,0.009589632829373649,0.004505854490985704,0.002863924427990106,0.0027645788336933034,0.002995023955895831,0.0003406424275508901
3210,2748,2311,0.013587191691908264,0.004781695683657838,0.005640507722201366,0.0038511466897446977,0.00427209941400983,0.0018179247511892539
3211,2748,2317,0.008286577470867498,0.0038816640821975,0.003374700550358511,0.0037548554164868347,0.004083279689252411,0.002158850565570493
3212,2748,2272,0.00977112676056338,0.0033769009032792374,0.002880138586509163,0.004269366197183098,0.005695310703943576,0.0015909943598293225
3213,2748,2311,0.013327563825183901,0.005149060870764336,0.00659255343958165,0.004846386845521418,0.0037982501332958305,0.0027987360885777025
3214,2748,2287,0.010756449497157846,0.005837206687879629,0.004701941237374324,0.005421950153038914,0.005074306959969491,0.0030608663821479255
3215,2748,2267,0.010851345390383765,0.004769883583878804,0.0036364148561394156,0.005293339214821349,0.0060852936141005155,0.0026086149641444904
3216,2748,2348,0.007921635434412263,0.001350683064004711,0.0006866829391202645,0.004131175468483816,0.0035647323634894665,0.0005968512822515957
3217,2748,2306,0.009540329575021683,0.004302379265421932,0.004835866263606774,0.0016045099739809181,0.0027754661482694166,0.0013373561092882695
3218,2748,2283,0.010074463425317565,0.004321581421736405,0.0028434546499056094,0.002759526938239158,0.005191900392285614,0.00043435235404882915
3219,2748,2336,0.010616438356164382,0.004278506735144664,0.003698281754775193,0.003253424657534246,0.0030902985945170055,0.0008274828074962213
3220,2748,2314,0.012445980985306825,0.004955503586497907,0.0059841422089012474,0.005877268798617112,0.0042116775947721044,0.00390765364871127
3221,2748,2289,0.007863695937090432,0.0026584686590910983,0.0005490618632768145,0.0012232415902140676,0.0014776925769945123,-0.0015682406316563076
3222,2748,2277,0.009046991655687306,0.0019158102630751548,0.002530025649385369,0.002020202020202019,0.002436657443854742,-0.00032452466601875986
3223,2748,2302,0.009209383145091222,0.0047483351240774525,0.0022641926877409457,0.003301476976542136,0.005749037149748169,0.0009547832688694745
3224,2748,2293,0.014042738770170081,0.004403095159336433,0.0048752472442860776,0.005364151766245093,0.005647475167896599,0.0020374930051971726
3225,2748,2301,0.009647979139504563,0.0034746739552607517,-0.00028326384727847895,0.002086049543676661,0.0029890245161068437,-0.0026344175414355292
3226,2748,2301,0.012516297262059972,0.00529461179888987,0.006375995620232406,0.004737070838765753,0.0046593392821467705,0.0033519710549447007
3227,2748,2287,0.009532138172278092,0.0029143866291547055,0.002567613332220444,0.001705290773939658,0.0038040975624752164,-0.00032547493133633956
3228,2748,2282,0.010078878177037684,0.0032611669561919726,0.0030301062557582725,0.0022787028921998236,0.003669666131695501,-5.121214773293555e-05
3229,2748,2298,0.008529155787641426,0.0023703016379412055,-0.0009042676722186663,0.0019582245430809385,0.0029034325260184593,-0.002566246014574774
3230,2748,2328,0.010309278350515462,0.0022507911693963214,0.004578203397429892,0.004510309278350514,0.004289578364370836,0.002841186632199979
3231,2748,2296,0.016202090592334493,0.004188509208291086,0.005701759119433891,0.004268292682926828,0.004499215144655588,0.001029893306009104
3232,2748,2322,0.012144702842377257,0.005114187498793316,0.00416331048950427,0.0021102497846683887,0.003677892796960799,-2.8029348988691948e-05
3233,2748,2270,0.011453744493392067,0.002683735856679081,0.0018057470186491431,0.0051541850220264305,0.005507028064668874,0.0006752058144164774
3234,2748,2278,0.007111501316944687,0.0025307351239079894,0.0008338483193257445,0.0047410008779631245,0.0035202858705505866,0.0011153384997182121
3235,2748,2280,0.010964912280701752,0.004838550086177603,0.0035717328027446687,0.005482456140350876,0.005551323612754748,0.0024084461852075995
3236,2748,2296,0.012369337979094074,0.004163657792541489,0.00450646580602157,0.00627177700348432,0.005738994149849048,0.003017437473805633
3237,2748,2280,0.012456140350877191,0.005224595827315571,0.006426668229090862,0.004517543859649121,0.0036323391310922964,0.002893759487981815
3238,2748,2306,0.012836079791847352,0.00387979085318873,0.0030692070630962197,0.006201214223764092,0.006770442347131876,0.00216006177445587
3239,2748,2304,0.009635416666666665,0.002806462320033456,0.0017041890291231486,0.001432291666666666,0.0034373252422237213,-0.0012212882687890224
3240,2748,2307,0.0065019505851755515,0.000726120725843696,0.001274074061739861,0.002470741222366709,0.001966896254029483,-0.000107491514573746
3241,2748,2293,0.009158307893589183,0.004197582782544639,0.002982257235058102,0.004143044047099868,0.004696862652794501,0.0018080930587588728
3242,2748,2327,0.012204555221314996,0.004251354113875906,0.005589518485561103,0.0032660077352814777,0.0028468905616743545,0.0015396539907223234
3243,2748,2297,0.006965607313887678,0.001799557378880141,-0.00036458839768900445,0.0006530256856769694,0.0010026306173517088,-0.002658171470750557
3244,2748,2273,0.012142542894852617,0.0052338617962969045,0.0036207470210704857,0.003915530136383632,0.003603434333518368,0.0007712452268789958
3245,2748,2299,0.01270117442366246,0.004879503161392152,0.004312524473438358,0.004741191822531535,0.005168511744374487,0.001830808471216248
3246,2748,2327,0.006961753330468412,0.002916845109704259,0.0004828141066876455,0.0015040825096691013,0.0037801609135815093,-0.0013286668631328703
3247,2748,2270,0.01092511013215859,0.002859515437516144,0.004350499054795154,0.006387665198237884,0.005017716470301192,0.003505722055449942
3248,2748,2282,0.009728308501314634,0.0033869061648708902,0.0035993912523677777,0.004907975460122698,0.0037203209663058115,0.0024852394096164586
3249,2748,2269,0.011723226090788894,0.0037276491906411864,0.0057797585400965485,0.00515645658880564,0.003991238268966693,0.0030566721509511616
3250,2748,2298,0.012445604873803306,0.005134695318352779,0.0031814264363784913,0.0034377719756309823,0.003488992514083208,0.00023572930722579665
3251,2748,2276,0.006326889279437609,0.001734628207691931,-0.00045161489142967875,0.006722319859402459,0.0057128509385217015,0.002190174299450741
3252,2748,2291,0.00916630292448712,0.004091582074300563,-0.0004924640304541758,0.002095154954168485,0.003002111603332838,-0.002288662276285646
3253,2748,2318,0.012079378774805865,0.0043925146162822545,0.003112270295823418,0.002113891285591026,0.0028626986696017958,-0.0007818053814270763
3254,2748,2293,0.011164413432184907,0.004322181832958613,0.0045434831408072895,4.361098996947094e-05,0.0011921679587690852,-0.0005561651461755412
3255,2748,2292,0.010209424083769632,0.0036897364477922823,0.004000365569537585,0.004493891797556718,0.0046475475550011094,0.0022555034376380567
3256,2748,2253,0.011362627607634262,0.0030889089801325103,0.0033044069462253418,0.00297381269418553,0.0034174686628607744,0.00026121828979106443
3257,2748,2287,0.0139921294271972,0.007793988271144811,0.008431824809138577,0.0051158723218189765,0.007469086872073195,0.0048749435639406135
3258,2748,2299,0.009917355371900825,0.0029595163247903827,0.00396601035653992,0.0016528925619834706,0.003444481634391483,0.00024118228237450995
3259,2748,2295,0.011677559912854029,0.005842734537551834,0.001952322598602182,0.004357298474945532,0.005911941075000849,0.0001972868035584258
3260,2748,2305,0.008069414316702819,0.002410781303626413,-3.851744771157475e-06,0.002169197396963123,0.00450103863639543,-0.0014917292133683716
3261,2748,2262,0.008664898320070731,0.0025785301653026187,0.003119557653739044,0.0036693191865605646,0.0039343285909109035,0.0015972218993236793
3262,2748,2334,0.014224507283633246,0.007648834108388997,0.006125803127891015,0.0007283633247643517,0.004842532248622439,0.000227006011818347
3263,2748,2284,0.00945709281961471,0.002983258755355344,0.0029870605368876716,0.004334500875656741,0.0037206310745649656,0.00139197139404149
3264,2748,2315,0.01244060475161987,0.005652337443788792,0.004780494234186061,0.0038876889848812085,0.005279740394068078,0.001520780155140716
3265,2748,2302,0.013640312771503038,0.005634657747902209,0.006936336040416654,0.006342311033883578,0.005743154696055846,0.004230226115479723
3266,2748,2293,0.010553859572612297,0.0032074173067804064,0.004578403640166804,0.003924989097252507,0.0039432772501934174,0.002207277218649133
3267,2748,2257,0.01134249003101462,0.005380656524993807,0.0040309164593813045,0.0026140894993353994,0.004226966338102532,0.0006528966659873932
3268,2748,2305,0.010585683297180041,0.006278980827624951,0.004246200502479441,0.003427331887201734,0.004705220907368787,0.0019612323375256067
3269,2748,2313,0.012970168612191958,0.0050583896319120305,0.0050578931808331696,0.004280155642023345,0.004646059544644277,0.0014584183957142207
3270,2748,2302,0.01511728931364031,0.0062389868756217584,0.008759724262030562,0.0037793223284100772,0.003605700726766587,0.0034068109111362187
3271,2748,2265,0.007328918322295805,0.002076873041658477,-0.00026258538559029653,0.0024724061810154517,0.0037550502800236104,-0.0012272820208118645
3272,2748,2306,0.009193408499566345,0.0026213273103810795,0.0032832965261667896,0.0022549869904596688,0.0031681434050761974,0.000595145974765818
3273,2748,2311,0.010471657291215922,0.0038890777674351284,0.004066715754757967,0.002812635222847251,0.0052023065898432665,0.0015106999993181511
3274,2748,2329,0.00961786174323744,0.0044784132636631405,0.0020564626870453835,0.0025762129669385995,0.003109257339430969,-0.00029438409469357944
3275,2748,2273,0.010030796304443465,0.003750985851823811,0.0021616484474664814,0.002903651561812581,0.003299489179895008,-3.1000852968367858e-06
3276,2748,2322,0.007924203273040482,0.0026301212007650617,0.0006306268206950961,-0.000430663221360897,0.0017477155098858596,-0.0028631187701673674
3277,2748,2295,0.012200435729847492,0.0046022467441325056,0.004395295228194325,0.005185185185185184,0.005014055617529892,0.0025623412042808354
3278,2748,2303,0.010160660008684324,0.003852611662182098,0.0007899061085911851,0.004819800260529741,0.004423648919302531,0.00039498517062223047
3279,2748,2329,0.008759124087591238,0.004006264868188059,0.001566729063962215,0.005710605410047228,0.004955627511314721,0.0016520869913121915
3280,2748,2261,0.012118531623175586,0.005112893345927373,0.0034233219729251844,0.005926581158779301,0.007123841666224158,0.0023341510510488345
3281,2748,2264,0.012014134275618373,0.004424069374823574,0.003972457508374783,0.006669611307420493,0.005414074951626356,0.0030238282698964994
3282,2748,2273,0.008798944126704792,0.0025411709340184448,0.0016661729749292977,0.001715794104707434,0.002628448264062364,-0.0006966453046797147
3283,2748,2291,0.008904408555216061,0.0018492198565214534,0.002495427474853402,0.0026625927542557825,0.0034525388410871116,0.0003297048918710975
3284,2748,2282,0.011042944785276072,0.0039013045952280756,0.0025654368588476553,0.0024978089395267292,0.0035826349305840026,-0.0005123294240999239
3285,2748,2297,0.011144971702220285,0.003227438977277036,0.0042357602806041405,0.004266434479756203,0.0043614118895471815,0.0016527054799900464
3286,2748,2288,0.011101398601398601,0.0047117693857451305,0.004082699096996266,0.00402097902097902,0.00499260080640579,0.001499708719979497
3287,2748,2301,0.01182094741416775,0.0041967294778224905,0.002779076306389582,0.005953933072577139,0.0053906287374530576,0.0019058452344328002
3288,2748,2315,0.013650107991360688,0.00643507821377707,0.006751890637545014,0.0041900647948164135,0.0056149986831441805,0.003233729279298624
3289,2748,2315,0.014341252699784013,0.005690128607680361,0.0038180988627523568,0.005961123110151186,0.0055306251172894385,0.0015122667162092798
3290,2748,2308,0.01065857885615251,0.003936286097791267,0.0017173194271832774,0.004332755632582321,0.005623903752943183,0.0006602961790314047
3291,2748,2282,0.010692375109553022,0.0029481188111102966,0.002204126160198793,0.005959684487291847,0.0053601452496192395,0.0018114883262159238
3292,2748,2273,0.011878574571051473,0.004254451156929408,0.003851581965407415,0.004971403431588208,0.005444105514378308,0.0019767173865795416
3293,2748,2294,0.01264167393199651,0.00444604777219954,0.004729945104679349,0.006582388840453355,0.005232888847775238,0.0032866659806734234
3294,2748,2282,0.013321647677475897,0.005366776442893251,0.0051905777060380675,0.00460122699386503,0.005706207127411229,0.00212724220446515
3295,2748,2272,0.01426056338028169,0.005053760036227218,0.005669517339440621,0.001364436619718309,0.0019744579656995834,-0.0004720574062001503
3296,2748,2303,0.008858011289622231,0.002617428147774407,0.001888217643990599,0.0027355623100303937,0.002738998327961617,-0.00013819695003500234
3297,2748,2314,0.014088159031979254,0.006507859938850133,0.00793086629976477,0.0030682800345721685,0.0037805225375312644,0.0028761817995565826
3298,2748,2297,0.011841532433609053,0.004868667632253148,0.004008011192533155,0.0024379625598606874,0.003757063288441196,0.00038911674675839937
3299,2748,2290,0.007685589519650653,0.0016369503651281082,0.0003532842467954781,0.005414847161572052,0.0046893684278531585,0.0011596715203126282
3300,2748,2290,0.013973799126637551,0.004626408623126888,0.005666474703748318,0.005895196506550217,0.005339242797298541,0.0029173030751651016
3301,2748,2304,0.01128472222222222,0.004987734458473729,0.001589795668990086,0.0034722222222222207,0.005341183078654306,-0.0004997991358612218
3302,2748,2319,0.012246658042259594,0.0054102284156552155,0.004992137469586546,0.002371711944803794,0.005851867684759675,0.0008914085135609327
3303,2748,2353,0.012494687632809177,0.004790691320316596,0.005033320589819861,0.006502337441563959,0.00590021814943959,0.003984875480643138
3304,2748,2287,0.0104940970703979,0.003662990227393476,0.0030375529206307043,0.0046786182772190635,0.005110587289577074,0.0015629762740033601
3305,2748,2313,0.010981409424989187,0.004254076387908769,0.0034277657692144783,0.005144833549502809,0.004451000777766517,0.0017287433654700822
3306,2748,2266,0.00732568402471315,0.0028684654429061715,4.594998336256032e-05,0.00203000882612533,0.003746604989253416,-0.00089382471602956
3307,2748,2267,0.009175121305690339,0.0024294043334089264,0.0019567201191008033,0.0011468901632112924,0.002002672318904001,-0.0015456392343252414
3308,2748,2283,0.014191852825229957,0.0033521827455838694,0.004936378790010059,0.006833114323258868,0.003695924980707183,0.0027181883788060584
3309,2748,2293,0.011338857392062796,0.004826791373250041,0.0054357663794630745,0.005407762756214565,0.004563811819432492,0.0036900127202856626
3310,2748,2328,0.014690721649484534,0.0051401456100171,0.008001999457193681,0.0030068728522336763,0.003463973053939668,0.0021847160978930693
3311,2748,2329,0.009016745384285102,0.004850203654133206,0.0026240956966736557,0.0015027908973808484,0.003406264372512934,-0.0003894032981532999
3312,2748,2287,0.010056843025797986,0.0032809096825541706,0.002518510369695118,0.00634018364669873,0.004803331651497775,0.0026836528472067357
3313,2748,2276,0.0061511423550087855,0.0024346552556367552,-0.001757070842958635,0.001845342706502635,0.0027150526489812246,-0.0024209903236608954
3314,2748,2286,0.009186351706036742,0.0028598810136648885,0.003247460021099344,0.00258092738407699,0.004559031053468972,0.0007631168227177164
3315,2748,2304,0.008680555555555554,0.0035847014969901617,0.003401396548470031,0.0008246527777777778,0.00346889842850295,-0.0001552812730324028
3316,2748,2284,0.014273204903677755,0.004583243161931201,0.006828125477207617,0.006129597197898421,0.005702547088896005,0.004035114247953953
3317,2748,2250,0.012355555555555554,0.0042171529276346445,0.005356397052927455,0.0029777777777777767,0.0036504273850170668,0.0015493523815435148
3318,2748,2274,0.013544415127528582,0.002258273216423851,0.004822588459655568,0.00804749340369393,0.0059967271728570476,0.004071511501938029
3319,2748,2273,0.008534975802903652,0.0034362126171213567,0.0011997521618217404,0.002375714914210294,0.0033631706452194963,-0.0009613415839841268
3320,2748,2326,0.011951848667239893,0.004989403553790139,0.002881218611211014,0.0044711951848667225,0.005104943961906422,0.0007755079122632764
3321,2748,2338,0.011548331907613344,0.004163275931198204,0.0034662681144674882,0.003934987168520101,0.0036941404066988624,0.0010400509447252703
3322,2748,2286,0.01111111111111111,0.0038045761718543893,0.00408273818415526,0.0015310586176727895,0.002928295202249937,6.0030905255679465e-05
3323,2748,2305,0.00859002169197397,0.0037300304172763333,0.0018547940800516588,0.0027331887201735346,0.004710395767753879,3.760260823489525e-05
3324,2748,2272,0.014348591549295773,0.0059011715622025755,0.005877072330529318,0.00294894366197183,0.004808884516931821,0.0008836963682150453
3325,2748,2323,0.011450710288420145,0.004627354774894294,0.003955671574473934,0.004089539388721481,0.005794463115553774,0.001581466097770233
3326,2748,2294,0.008456843940714907,0.003803951537733227,0.0006988406869633994,0.0045335658238884035,0.004375538412517531,0.0008624930334209985
3327,2748,2265,0.004944812362030903,0.0005353701475077869,-0.0002653909459166915,0.001898454746136865,0.0018062564654672943,-0.0007192284523313696
3328,2748,2309,0.010220874837592028,0.003608278297907127,0.0025610755539993545,0.003161541792983974,0.0034993839563052347,0.0002445357134919762
3329,2748,2314,0.009593777009507344,0.003830416473382708,0.00260776081785197,0.0039757994814174575,0.005032200150211812,0.0015289463125747894
3330,2748,2313,0.009684392563769994,0.0022904021555691574,0.0037546455468776808,0.002421098140942498,0.003267498920035417,0.0006962852431238408
3331,2748,2279,0.010092145677928915,0.0034061459189121115,0.0018509243541623651,0.0046950416849495386,0.004356708316356736,0.0010242723708482942
3332,2748,2295,0.007494553376906316,0.00332246238296165,0.0002519557735774879,0.002614379084967319,0.0036742584513878218,-0.0004190394424270506
3333,2748,2319,0.012246658042259594,0.0052192994393638024,0.004310476431042523,0.004139715394566623,0.004753999028947297,0.001518682269863175
3334,2748,2267,0.009175121305690339,0.0037822685749912856,0.0020586262767723516,0.0037935597706219666,0.00500068772015285,0.0007120464289119336
3335,2748,2270,0.007929515418502201,0.0021738106380532665,0.0008775751309182555,0.002334801762114536,0.0034153657493860567,-0.0008504717567566831
3336,2748,2314,0.013050993949870353,0.00481647834739785,0.006248071650775953,0.0048401037165082105,0.005590242172504846,0.0032065755613234965
3337,2748,2287,0.008482728465238303,0.0032644651199467806,0.0024208347050035614,0.0005247048535198951,0.002091410268472991,-0.0015804128907959652
3338,2748,2282,0.013584574934268182,0.00561161416110301,0.004827957622098878,0.004907975460122698,0.0054085680847272,0.0015383228287623495
3339,2748,2299,0.011657242279251846,0.0048405312202769325,0.004232471963207307,0.0049151805132666366,0.004224638087206572,0.001947455102428011
3340,2748,2299,0.010091344062635926,0.0026355313268856804,0.0007144223171563735,0.0030013049151805136,0.0036469831628476663,-0.0013026395455754706
3341,2748,2304,0.012760416666666666,0.005138706865408324,0.0032874951526243876,0.0036024305555555545,0.0048224979573212555,0.0005392368764118383
3342,2748,2311,0.007788836001730851,0.0021125248089866712,0.0008062312468450587,0.003288619645175248,0.003617076334237294,-9.818126618575332e-05
3343,2748,2309,0.014205283672585533,0.006055073249885666,0.005937176919853937,0.0034647033347769583,0.002977905958731267,0.0011295023280144642
3344,2748,2311,0.010904370402423192,0.004263746465362736,0.0046323923199604045,0.00536564257897014,0.005097487093377428,0.003457258128669095
3345,2748,2352,0.0072278911564625835,0.0027650616362655533,0.00021670689351468024,0.004039115646258501,0.00428706359963378,0.0005040254832328446
3346,2748,2347,0.0071580741371964195,0.0016397127133531268,0.0020677206118582528,0.0038346825734980805,0.0031478005686028624,0.001644789194123742
3347,2748,2276,0.007469244288224953,0.002151228325152905,-0.0005105283009615463,0.004173989455184533,0.004887368746796423,-0.000280447558840398
3348,2748,2288,0.00979020979020979,0.006079671996088875,0.004818479983167773,0.0024475524475524465,0.004084997503740502,0.0018730701761646555
3349,2748,2307,0.010749891634156912,0.003655293746659675,0.004887135622422056,0.003381014304291287,0.004388421529414453,0.0020424633868944544
3350,2748,2272,0.008010563380281688,0.004040933586708017,-0.0007280786312451032,0.0037852112676056327,0.004998410853372336,-0.0005890730749395128
3351,2748,2291,0.012221737232649497,0.005844003774978047,0.005331483650604255,0.0037101702313400253,0.0053430196489477515,0.002129018289158342
3352,2748,2283,0.012614980289093296,0.0035978631401149225,0.0035417548303952294,0.006307490144546649,0.00571511750241343,0.002413695520127498
3353,2748,2325,0.014021505376344083,0.005114902619827072,0.005626610555030958,0.007053763440860213,0.006863148978768988,0.0038249287343908272
3354,2748,2289,0.010834425513324595,0.005286402129641602,0.00455007441954373,0.004499781564001745,0.005618995112931168,0.0023252710085015366
3355,2748,2282,0.009903593339176158,0.004269643017459387,0.0006682545368803128,0.005433829973707274,0.0048602098384126075,0.0005924366711426277
3356,2748,2284,0.01155866900175131,0.004299939924781169,0.004344999638338451,0.0042031523642732035,0.004204351013665716,0.0018338435709947137
3357,2748,2291,0.01030117852466172,0.0028597805756158928,0.002633272361500602,0.0027062418158009583,0.0026400382497814,-0.0003404098029350125
3358,2748,2294,0.01037489102005231,0.004357456381881946,0.0015614161175094793,0.0037925021795989534,0.004416358054024035,2.4348124002168466e-05
3359,2748,2286,0.016360454943132104,0.006478358633159145,0.008943466282083073,0.002668416447944006,0.003568677571000221,0.002109849423885202
3360,2748,2313,0.010376134889753563,0.004518414460237286,0.003958934128338299,0.002766969303934284,0.004357728167247992,0.0009078762429936283
3361,2748,2289,0.013892529488859762,0.005278701747563897,0.006905462516146636,0.0036697247706422003,0.00518276189389483,0.002448757773176501
3362,2748,2322,0.00895779500430663,0.0037715049235939753,0.0028799541477208556,0.003919035314384151,0.005359859168554987,0.0016446493915571103
3363,2748,2337,0.011895592640136924,0.004162197708750126,0.004632662892036335,0.0026957637997432602,0.0034117839818709715,0.0007195724207531653
3364,2748,2307,0.008929345470307756,0.003718996397098329,0.002100305772251214,0.002427394885132205,0.005423672736745296,0.00031007658229159494
3365,2748,2277,0.008344312692138778,0.003523708528479693,0.003353726445324205,0.00333772507685551,0.0022507769583356265,0.0015327600805551897
3366,2748,2323,0.009556607834696512,0.0028528559160592654,0.0018987561309488376,0.003228583727938011,0.0041008778672901635,7.082627786843619e-05
3367,2748,2299,0.014876033057851238,0.005924424994866727,0.007915731132694956,0.004784688995215309,0.005140713521442176,0.0038331773550314995
3368,2748,2318,0.012079378774805864,0.004573186313078426,0.0065410869548190005,0.0034512510785159605,0.005097808641263928,0.002494724268715124
3369,2748,2315,0.010712742980561555,0.0037866132523221253,0.0032475934220799747,0.0039740820734341245,0.003907267383270588,0.0011543105352420338
3370,2748,2277,0.011418533157663592,0.004610129130699649,0.003421789807115547,0.004259991216512954,0.00447784597849054,0.0011263243417998592
3371,2748,2320,0.01767241379310345,0.0067752674899486725,0.011618579995148575,0.006120689655172412,0.00388783544013152,0.005931692889375819
3372,2748,2274,0.013016710642040455,0.004792226636040302,0.006083509072754935,0.003605980650835531,0.004897241140248895,0.002020643910605693
3373,2748,2337,0.014462986735130507,0.005322780458875578,0.007998194264383866,0.004920838682071029,0.005687846201195776,0.0040353075479212545
3374,2748,2291,0.01676123963334788,0.0070342461619416685,0.007722416444165185,0.004321257092972501,0.004830526428773373,0.0023239723284941014
3375,2748,2310,0.008658008658008658,0.00406334526661417,0.0037720526232794395,0.004242424242424241,0.005612182980492355,0.002625553519392275
3376,2748,2308,0.014124783362218368,0.005489736258281941,0.008609711790775859,0.006629116117850952,0.007078650491248443,0.005807951512103034
3377,2748,2298,0.012184508268059181,0.00402138421492841,0.005353220032671583,0.0024369016536118357,0.002780702574902442,0.0009084896182119627
3378,2748,2309,0.012213079255088782,0.003928031522917497,0.004387840346325119,0.003681247293200519,0.004493066457428553,0.0009342184185020995
3379,2748,2304,0.013541666666666665,0.004903791244178073,0.006259859253325593,0.005208333333333332,0.004557144794430467,0.003179083321391148
3380,2748,2294,0.010636442894507407,0.004158811970782979,0.004345989505666505,0.003487358326068002,0.005065916631314095,0.0019261656775390937
3381,2748,2316,0.013557858376511226,0.006407641317408169,0.006542667353843009,0.005742659758203798,0.005541566786777892,0.0038307522668083282
3382,2748,2290,0.009956331877729256,0.0033873772785053555,0.0012866068075940292,0.005283842794759824,0.004248863688658449,0.001023929153221882
3383,2748,2303,0.009205384281372122,0.0026728920999562434,0.0035897270515917045,0.002822405557967867,0.0018710354969846766,0.000999508024145536
3384,2748,2305,0.012060737527114966,0.00485168927198441,0.0027207751289463574,0.006507592190889369,0.005031349167899403,0.0020815218036581273
3385,2748,2290,0.01074235807860262,0.004025594406894228,0.004276084145950228,0.002707423580786026,0.0034140488663999724,0.0007154153111290292
3386,2748,2293,0.009245529873528127,0.0028060482146015702,0.0015601075105859843,0.0014391626689925854,0.0020169740521436986,-0.0016417412702534914
3387,2748,2287,0.011543506777437689,0.003740186871024761,0.0020137840669601386,0.0046348928727590714,0.006177771407964917,0.0005985215081596066
3388,2748,2282,0.014373356704645047,0.004415262355728801,0.005158032704127044,0.004206836108676598,0.0050353887581401705,0.0012058615145287997
3389,2748,2304,0.005902777777777777,0.0015464407529595095,0.0006729530828437464,0.002604166666666666,0.0026027591288663985,0.0003671061009631186
3390,2748,2297,0.009403569873748364,0.0039005398800897825,0.002611215611810618,0.005572485851110143,0.0056322392793086516,0.0023782758927634374
3391,2748,2270,0.006872246696035241,0.0020113135414058865,-0.0004618112272369335,0.001013215859030836,0.0025760335811262666,-0.0023548117741957406
3392,2748,2310,0.0103030303030303,0.0051485185811792344,0.0033637163696560455,0.0031601731601731587,0.00582059753993826,0.0014058914919889984
3393,2748,2307,0.011616818378846984,0.005661398032923179,0.004014665257226539,0.0034243606415257895,0.004928938381179148,0.0011059277889864277
3394,2748,2304,0.010243055555555554,0.004744018803343949,0.0031646049115840306,0.005338541666666665,0.00423837835423806,0.0024096508053845574
3395,2748,2293,0.012298299171391188,0.004753697750037434,0.006068050996820389,0.005582206716092454,0.005628218710370412,0.004136854466260228
3396,2748,2297,0.014279494993469739,0.004724524408805507,0.005993460710120258,0.006225511536787111,0.006245658822040751,0.003228803521163231
3397,2748,2269,0.012340237990304098,0.004682438173742291,0.00815318814775151,0.004759806081974437,0.005622721939280747,0.004830638688816476
3398,2748,2297,0.006878537222464082,0.0008970011765004503,-0.0014146754695741645,0.005354810622551153,0.004994446620405426,-4.251979798898843e-05
3399,2748,2278,0.008428446005267775,0.002836033691548155,0.00046140649122512067,0.003116769095697979,0.0035522280630111798,-0.0004706331761239648
3400,2748,2271,0.010039630118890355,0.003933382155358303,0.003183898329208037,0.003918978423601936,0.005537203565843211,0.001629846416222885
3401,2748,2305,0.01145336225596529,0.0036748032278734297,0.0027225268926800348,0.00264642082429501,0.003551695596231055,-0.0004229594651590613
3402,2748,2318,0.014150129421915443,0.006507303528931014,0.00613326976890197,0.005780845556514235,0.006489682241791729,0.0032079634503827835
3403,2748,2263,0.009721608484312857,0.004187662441635915,0.0023170567475713144,0.0034909412284577983,0.004061697361809087,0.0003951996342432352
3404,2748,2274,0.010026385224274403,0.0027048534034093807,0.003954125003390007,0.0037379067722075623,0.004392310288370723,0.0020032390060288285
3405,2748,2292,0.012478184991273993,0.0038903334254616092,0.003434259930621334,0.002399650959860383,0.0038233140806495387,-0.00043770523653989557
3406,2748,2336,0.01078767123287671,0.0037926684320937496,0.0017991514352880948,0.005136986301369862,0.004017981382834684,0.0007129830833968964
3407,2748,2323,0.010331467929401634,0.004830188970527335,0.0032818631456074236,0.0043908738699956935,0.005413942899392735,0.0019028020201841693
3408,2748,2290,0.007860262008733623,0.0038086994864428647,0.0006316965261190632,0.003973799126637554,0.0056039119084837965,0.0007162752504963123
3409,2748,2298,0.009225413402959093,0.002631681616717649,0.0022129869204401877,0.002654482158398606,0.0025838177263708658,-0.00018663592114264788
3410,2748,2312,0.010553633217993076,0.004610625838483896,0.0036805125838317537,0.004455017301038062,0.0066613358097485755,0.002237126510490546
3411,2748,2301,0.012255541069100389,0.0032325371231278523,0.0054022708111352655,0.004302477183833115,0.003695575488311596,0.0021030472299188893
3412,2748,2301,0.007475010864841371,0.004001561958801017,-0.001304367053842479,0.006258148631029986,0.007149946558815585,0.0009664583505286195
3413,2748,2270,0.0071365638766519805,0.003010083785719275,0.0009888828379324389,0.0024229074889867835,0.004288141256015969,-0.00012941962955694523
3414,2748,2285,0.008927789934354483,0.005293213023317871,0.0021895443455458466,0.003326039387308533,0.004628914551923527,0.0007634433659937866
3415,2748,2313,0.009079118028534368,0.0033638335957427365,0.00021456462005506118,0.002637267617812364,0.0038147949352293994,-0.0012664027738016998
3416,2748,2303,0.008684324793747285,0.0044629348620734135,0.0014742442555812417,0.003300043421623968,0.003264351828798021,2.3997235135665337e-05
3417,2748,2312,0.009948096885813149,0.003728734037735527,0.002856141439951254,0.0028114186851211065,0.003852209898613776,0.00022815601209483718
3418,2748,2321,0.010943558810857387,0.005369960529165117,0.0036277875826527433,0.0027574321413183964,0.0043735250777923035,0.0008445863446033293
3419,2748,2272,0.007570422535211265,0.00310491502791885,0.0022512499945022925,0.002200704225352112,0.0030684358707801004,0.0003022541285999887
3420,2748,2273,0.015310162780466343,0.005314362278524108,0.006633778310196223,0.004663440387153542,0.004461719422679874,0.0023977379984123923
3421,2748,2292,0.010645724258289703,0.003391410796940254,0.0037550570493774535,0.0022251308900523552,0.0035879480831873074,0.0005500619951656415
3422,2748,2285,0.01321663019693654,0.004536505308704515,0.006241932269077451,0.004770240700218817,0.004323557278782235,0.0029327451086459126
3423,2748,2288,0.013723776223776222,0.004190053122910257,0.0061767596671799315,0.006162587412587412,0.0060733503658970565,0.0038851520724794016
3424,2748,2271,0.014002642007926022,0.0071888972642235975,0.005928520381181484,0.0039189784236019366,0.005348467137982812,0.0018768760811383835
3425,2748,2315,0.012354211663066954,0.003564770822630493,0.006824110725958444,0.004449244060475161,0.0029314093295265513,0.003048684746279863
3426,2748,2296,0.009494773519163762,0.0032292068718093913,0.0021448832619440587,0.0035714285714285713,0.0036285936848140044,0.0005501303307474039
3427,2748,2260,0.010353982300884955,0.004601329583077083,0.003193617743097161,0.0049115044247787605,0.002865048420022828,0.0018064935713735198
3428,2748,2298,0.015665796344647518,0.006861074337181383,0.008393106414618705,0.005744125326370755,0.007215636075813439,0.0045848756089863696
3429,2748,2287,0.01259291648447748,0.0048347817570323255,0.004254270876085228,0.007170966331438565,0.006756844201500026,0.003716120833490207
3430,2748,2303,0.007815892314372557,0.0027443528431463594,-0.0002984657411877285,0.0023881893182805024,0.002257568123574344,-0.0012463828609869795
3431,2748,2307,0.007195491980927611,0.0029278750930895477,0.0007383571927207893,0.002990897269180754,0.003642542319048136,-5.169379029130563e-05
3432,2748,2302,0.010425716768027801,0.004074838235368173,0.0033781364247676385,0.0059513466550825365,0.006249350132081353,0.002781736712988689
3433,2748,2283,0.011213315812527375,0.004048993857996694,0.002947861788675866,0.0037669732807709137,0.005430416123150244,0.0008230485650134479
3434,2748,2321,0.00827229642395519,0.003290125167647714,0.002057964892438566,0.0013787160706591976,0.0030172320298475796,-7.295342567817323e-05
3435,2748,2309,0.015244694673018621,0.00565254083405467,0.007235741986291116,0.006279774794283238,0.0059874215181599895,0.004057758930237129
3436,2748,2277,0.014492753623188406,0.004815440156291063,0.0077609785695768735,0.004479578392621869,0.0043638331800724415,0.003354857655507371
3437,2748,2288,0.011188811188811189,0.003520482745893866,0.003985716714720675,0.005463286713286712,0.004732022956622763,0.002429673757977647
3438,2748,2301,0.016775315080399825,0.006873544398637931,0.010097745908948795,0.0050412863972186,0.006340821586426944,0.004557831124974027
3439,2748,2303,0.011289622231871469,0.005029297954181767,0.003949851447580063,0.0033000434216239687,0.005629077169976471,0.0009907225596600463
3440,2748,2294,0.011421098517872706,0.004174688442553251,0.00484550707747209,0.002964254577157802,0.0037889241784725956,0.0016235364190773122
3441,2748,2305,0.009110629067245118,0.0023294909414683014,0.0015011521998691071,0.004078091106290671,0.0029893576851991233,0.0005227970413654802
3442,2748,2294,0.009067131647776807,0.004156052396839545,0.002108222766473597,0.002571926765475151,0.0029545516085168794,0.0001445502747562105
3443,2748,2330,0.012188841201716736,0.0023260958565517707,0.00394378202487036,0.0058798283261802566,0.0033263580210747107,0.0022450492597322577
3444,2748,2291,0.009864687909209949,0.0038737806213161863,0.0019072000681771542,0.005587079877782626,0.006530245514716744,0.001800261487909256
3445,2748,2318,0.01337359792924935,0.003820559775626208,0.004312653971939547,0.0043572044866264014,0.0040257853757382535,0.0009484639878005369
3446,2748,2321,0.010598879793192587,0.0024904329225809113,0.003520044351458379,0.005816458423093493,0.004431890233417892,0.00236284102347567
3447,2748,2266,0.01615180935569285,0.005004086090271368,0.007962270786609648,0.005913503971756398,0.00519913303488342,0.003915858227243338
3448,2748,2323,0.01102023245802841,0.003583999838682288,0.0032903804970295346,0.0037021093413689187,0.0036060262521104606,0.0008899895634706555
3449,2748,2302,0.012250217202432665,0.003087937586103939,0.004979800860317146,0.0052128583840139,0.004356316800999472,0.002809784422165246
3450,2748,2291,0.012134439109559142,0.004464140434902221,0.006233520422825246,0.004801396769969444,0.004653543528197806,0.0033337550010620856
3451,2748,2278,0.008165057067603159,0.0028228258449146944,0.0011356095614814578,0.002326602282704125,0.0035138455686694477,-0.0006344873303871374
3452,2748,2310,0.008225108225108226,0.0032313137260928508,0.002891556484656973,0.00225108225108225,0.0021679772649020298,0.0003677364932948903
3453,2748,2325,0.01281720430107527,0.005203191689985217,0.006250458075575347,0.0030537634408602135,0.0032574418903555304,0.001821720796425519
3454,2748,2302,0.00981754995655951,0.0049730953478949865,0.002156418898868671,0.0032580364900086875,0.00440776724418969,0.00017591498454779743
3455,2748,2296,0.009233449477351914,0.002671388489193177,0.0012985222144665715,0.003745644599303135,0.002636111092441844,7.127627942798144e-07
3456,2748,2287,0.011630957586357672,0.004749978548984907,0.006275417591682382,0.003760384783559247,0.003485540357566323,0.00285111667548806
3457,2748,2300,0.015391304347826084,0.0062760016747266615,0.005851588913283932,0.0021304347826086945,0.003552104574418408,-0.00026407857690142843
3458,2748,2306,0.012055507372072852,0.005061233223685424,0.005930721939896236,0.00039028620988724945,0.0033840823495680135,0.00023273980176966678
3459,2748,2311,0.012029424491562093,0.005838233693514029,0.005410413292726801,0.003764604067503245,0.0038875813998810443,0.00204524890833934
3460,2748,2276,0.013093145869947274,0.00447591449514784,0.005474500379506789,0.002987697715289982,0.004277522193117052,0.0012881257372607104
3461,2748,2316,0.007426597582037995,0.0022216682627312447,0.001692172936988981,0.0033678756476683935,0.0025352958767823086,0.0006562366743897236
3462,2748,2271,0.013386173491853809,0.005905392684074671,0.00590559068353673,0.0054601497137824724,0.0047747648316942915,0.003261329062907612
3463,2748,2300,0.009217391304347825,0.0029320511820943207,0.0018269631980958635,0.004739130434782608,0.0031505113562761413,0.0011889183170643973
3464,2748,2284,0.013222416812609456,0.005750297971621962,0.007250555575664679,0.0023204903677758308,0.002167468026075556,0.0017793084852445386
3465,2748,2285,0.010065645514223193,0.0035682342718433347,0.00297389710511821,0.003938730853391684,0.006518250823309207,0.001357664627571902
3466,2748,2268,0.011816578483245148,0.005625553630921255,0.003590857009845476,0.004100529100529099,0.004774100824608234,0.001232460313685575
3467,2748,2272,0.00897887323943662,0.004006518016591956,0.0026406221425762993,0.002772887323943661,0.004980373805937231,0.0008516447974706462
3468,2748,2276,0.006063268892794375,0.004124274247658646,-0.000138497670684332,0.0026801405975395423,0.004347644929135031,-0.00016011969571606285
3469,2748,2273,0.010030796304443465,0.002826179688715147,0.004178154682104726,0.003651561812582489,0.0029478186983502787,0.0015694531971428424
3470,2748,2268,0.012345679012345677,0.004209499348465045,0.004996566554831688,0.006040564373897706,0.005529030030503561,0.003184630923128449
3471,2748,2297,0.010709621245102307,0.0040671331609116864,0.004108808166950684,0.00409229429690901,0.0051858277946424175,0.0022529189694215582
3472,2748,2318,0.010957722174288179,0.0036103775117818913,0.002324399102511037,0.00263157894736842,0.0033136453591627187,-0.0004946243835944041
3473,2748,2304,0.014062499999999997,0.004236167137580186,0.006892071413033892,0.004991319444444443,0.004630854551101087,0.0031239923573653417
3474,2748,2327,0.012204555221314996,0.004916594331790745,0.004733986852740278,0.003008165019338203,0.0038612146692809427,0.0010196747102067779
3475,2748,2322,0.011455641688199828,0.005738781522424231,0.004753800534321212,0.001679586563307492,0.0031732096808189557,0.0003633027714463898
3476,2748,2304,0.0074652777777777755,0.0011087687178704046,-0.0009995966889851024,0.0049479166666666664,0.004191207851226742,-0.00012355952024056024
3477,2748,2290,0.011004366812227072,0.004630190786020403,0.005687219674045797,0.00131004366812227,0.0030752816016536067,0.0011668423196358475
3478,2748,2314,0.006309420916162488,0.0026962472023022432,0.001277371466520782,0.001815038893690578,0.002144462684062344,8.845386472054784e-05
3479,2748,2314,0.012359550561797751,0.0048474588575846845,0.004425695707665347,0.005358686257562662,0.005941855782432939,0.002418983178153804
3480,2748,2307,0.011096662332032941,0.002589350482219702,0.0019028883096274911,0.005418292154312959,0.005235778316928304,0.0011110159578215332
3481,2748,2294,0.007933740191804706,0.0032232215685378453,0.0006584976202091747,0.004272013949433303,0.0032437059132177336,0.0001989819249279979
3482,2748,2310,0.0161038961038961,0.006688162591095088,0.007868245333772513,0.003939393939393938,0.0031684739820099775,0.0023287849081098785
3483,2748,2262,0.012290008841732978,0.00336897045154292,0.003880924686662628,0.003094606542882404,0.003325651211502892,0.00023285066314829655
3484,2748,2282,0.00850131463628396,0.0038516503052128427,0.0024946116871525847,0.0027607361963190176,0.003274837187575411,0.0003900154616100572
3485,2748,2283,0.013315812527376259,0.005258171112222595,0.005611791517722868,0.0050372317126587815,0.005392970497318721,0.003249649089756724
3486,2748,2259,0.01301460823373174,0.004100986506577882,0.006227094282244689,0.005046480743691898,0.003915958250755304,0.0029414058103907664
3487,2748,2288,0.009790209790209786,0.0033719908489227733,0.0030628473054461563,0.0030594405594405586,0.0021345345354219047,0.0003568867071763483
3488,2748,2307,0.010143042912873858,0.0030200171216640446,0.0022285215557126146,0.002774165583008234,0.003941055696764388,-0.00011228807541263271
3489,2748,2281,0.007365190705830775,0.004424066002419883,0.0003686115865271641,0.0021043402016659354,0.0027117259884863396,-0.0005649284775487807
3490,2748,2314,0.012273120138288678,0.004487211605496487,0.004693086995696767,0.0031547104580812433,0.0038594988202757335,0.0009425383254996979
3491,2748,2263,0.007070260715863896,0.0024662822123394986,-0.00037248308644158057,0.005391073795846221,0.004944655053188289,0.000938457488815537
3492,2748,2332,0.01320754716981132,0.005707936986598918,0.004747832600204553,0.003773584905660376,0.004796085204687774,0.0009198970388930099
3493,2748,2315,0.01244060475161987,0.005960865455450856,0.0057219656539484595,0.001641468682505399,0.004250791872309669,0.000998661858272054
3494,2748,2293,0.01098996947230702,0.003959673608726835,0.00485239272845602,0.004622764936764064,0.0055449430096832265,0.0028691866186801845
3495,2748,2320,0.01129310344827586,0.004377661385937559,0.003283040449429902,0.003749999999999999,0.0030421825369251016,0.0010156047375717476
3496,2748,2256,0.013652482269503545,0.00420665811930847,0.005668221215748145,0.004255319148936169,0.005195346304485043,0.0019663266474880753
3497,2748,2274,0.008970976253298152,0.002609038786185759,0.0019266832972555383,0.0022867194371152147,0.00283281248607617,-0.0004927246499931466
3498,2748,2316,0.013903281519861829,0.0058597110326541494,0.00605194387177872,0.006433506044905006,0.006790761506010739,0.004207168101040983
3499,2748,2294,0.01063644289450741,0.0035972957094662556,0.0027525911578476694,0.0038360941586748024,0.00482721477146892,0.0008337768583382215
3500,2748,2336,0.010702054794520546,0.002860075913513942,0.0027200008939752074,0.004623287671232874,0.004007455723461237,0.0009667247883920535
3501,2748,2297,0.00844579886808881,0.002165139002319825,0.0007712976410192184,0.001784936874183717,0.002174266473209694,-0.0014915501570105952
3502,2748,2306,0.014657415437987856,0.005579988747573054,0.00503510713480827,0.0006071118820468334,0.0033989036037006225,-0.001342576784319219
3503,2748,2367,0.014702154626108995,0.005548310844509124,0.008535203836854471,0.004858470637938317,0.005064037014775612,0.004177342293387042
3504,2748,2287,0.0104940970703979,0.004766666489180628,0.006200923569800669,0.00034980323567992917,0.0023791421938964452,0.000760406185472624
3505,2748,2286,0.008223972003499561,0.0026933986780375337,0.0028186727726061075,0.0026246719160104974,0.002198031458707459,0.0007761825317859955
3506,2748,2292,0.008987783595113439,0.0030301419401667137,0.0031728253941971174,0.0037521815008725993,0.004169807531733819,0.0018168937652304456
3507,2748,2282,0.012883435582822086,0.00480750065399974,0.006659405032768375,0.0017966695880806294,0.002584630586660266,0.0012596783534939281
3508,2748,2268,0.011552028218694884,0.0036991897845840027,0.004375748740258116,0.003174603174603173,0.003299572435629079,0.000931452264145511
3509,2748,2320,0.011206896551724136,0.004780178787723597,0.005797623113545082,0.005775862068965517,0.0046592916461020185,0.0037641576274677355
3510,2748,2280,0.01657894736842105,0.006409597736311677,0.00833495954846698,0.004912280701754384,0.005381294735666053,0.0030320310517594025
3511,2748,2327,0.00962612806188225,0.0026131835844222127,0.00346259152509149,0.004641168886978943,0.004544640272583135,0.0017113841625035387
3512,2748,2278,0.012291483757682176,0.005035242398702958,0.005138333388487562,0.004345917471466196,0.005342498785584696,0.0023751164493444814
3513,2748,2252,0.00994671403197158,0.003281601388977482,0.0025150161487233974,0.002930728241563054,0.0036424353602805444,0.0001777098945985327
3514,2748,2305,0.011019522776572666,0.004168236318039467,0.00295653770249346,0.005509761388286333,0.005224360861761833,0.0019452814642074974
3515,2748,2279,0.01070645019745502,0.002777486065024587,0.002511211394882561,0.0028960070206230787,0.004015080450410378,-0.0002865779665133927
3516,2748,2244,0.016221033868092687,0.005522872941599631,0.008557705004113124,0.007352941176470586,0.0052007495796125595,0.00493348342508221
3517,2748,2268,0.007495590828924161,0.003686735781116377,0.002736017418368337,0.0018518518518518508,0.0037258683635068594,0.0007331900771303912
3518,2748,2290,0.00838427947598253,0.0036780369961596023,0.0011698743364433007,0.001790393013100436,0.00382621789775166,-0.0010073597920908681
3519,2748,2295,0.01324618736383442,0.00526961369029853,0.002889627730127086,0.006579520697167754,0.0047686296415277345,0.0017149225490783024
3520,2748,2309,0.011087050671286269,0.0022969451087056373,0.002566927035695205,0.0037245560848852307,0.005334191678792628,0.0005241116181242103
3521,2748,2311,0.013241021202942446,0.005272686649571791,0.0044803243667198836,0.002033751622674167,0.003591932167149656,-0.00031808539812183884
3522,2748,2304,0.010069444444444443,0.0036915211849405205,0.003304445925800318,0.0019965277777777768,0.004779674916073413,0.000377989083037561
3523,2748,2294,0.014385353095030511,0.005653767685539304,0.007447690833245739,0.005710549258936355,0.005766374479725209,0.003660024595615223
3524,2748,2288,0.014597902097902094,0.006159776867614342,0.00620131672620033,0.004632867132867133,0.004222643407431485,0.002062219249910809
3525,2748,2285,0.011553610503282274,0.004983178518397703,0.0037794810455240996,0.005251641137855578,0.004718607948041897,0.0023144145341256334
3526,2748,2314,0.010112359550561795,0.003959365648213914,0.002407166787791956,0.007000864304235089,0.006058483332018203,0.0032125684413147324
3527,2748,2289,0.012494539100043682,0.0055608011543638505,0.005703076860865287,0.004499781564001746,0.004575495452889694,0.002954890664696305
3528,2748,2301,0.012429378531073444,0.0034119138846994868,0.0032995875466774413,0.004867448935245543,0.0030303355628656355,0.0011758249278518104
3529,2748,2292,0.01082024432809773,0.0046234604789266035,0.004575509691622482,0.003708551483420592,0.0042688428433315835,0.002249966786762253
3530,2748,2285,0.011203501094091902,0.005139929343225382,0.0027138120399123624,0.006039387308533916,0.006325766191957329,0.0024422393679835908
3531,2748,2286,0.011286089238845142,0.0030907880217628924,0.0033855556337785316,0.005249343832020996,0.004375495896962379,0.0015680067221807866
3532,2748,2321,0.009995691512279189,0.0043860383096364615,0.0015291939027325425,0.0008186126669538985,0.004020285024265326,-0.0018818669935771026
3533,2748,2304,0.011545138888888886,0.004133826835815037,0.004208230683116492,0.0013888888888888883,0.002589802448805783,-0.0005674401682467856
3534,2748,2306,0.009540329575021681,0.004426197326438298,0.0025494656192744805,0.0032523850823937546,0.005455152364075143,0.0008200677039847412
3535,2748,2327,0.00782122905027933,0.003029582831235327,8.496107177036404e-05,0.005156854318865491,0.004831802012929153,0.0006735261874757804
3536,2748,2319,0.01233290211297973,0.004321744203727837,0.006529080526280638,0.0018973695558430349,0.0021638875696197786,0.0014143877851109828
3537,2748,2291,0.011785246617197728,0.004350950143292015,0.003959498599948625,0.0025316455696202528,0.0043948038415718566,0.0005314866617362593
3538,2748,2307,0.008929345470307758,0.0028159763370098944,0.0019031496305730198,0.0003901170351105316,0.0017315432698206984,-0.002007998267490157
3539,2748,2286,0.006824146981627296,0.0018666771560333576,0.0022302699246603617,0.002799650043744531,0.004393584486397444,0.0013363432592082146
3540,2748,2296,0.009581881533101045,0.004167900103476763,0.0021449804038475213,0.0039634146341463415,0.004263449590147886,0.0010493876391516198
3541,2748,2307,0.010056350238404854,0.003781963411852101,0.004110691937656514,0.005114867793671433,0.004791131166458536,0.003132796124021349
3542,2748,2297,0.012625163256421417,0.0045868644876964956,0.003650856006270882,-0.00034828036569438506,0.0022522384973842416,-0.0025431240573652912
3543,2748,2294,0.01063644289450741,0.0036928296998148197,0.0037269282983628522,0.004882301656495204,0.00562144579082477,0.0022327482869332997
3544,2748,2298,0.010791993037423845,0.00476124700998342,0.0038502093413470663,0.0012619669277632722,0.0022359733943764382,-0.00010537044040123728
3545,2748,2264,0.009540636042402826,0.0026074214517325706,0.0013397182371289564,0.002517667844522967,0.0034079555332422484,-0.0007706506826856563
3546,2748,2289,0.010659676714722585,0.0032371656688319115,0.0026338770516219547,0.003931847968545215,0.004159145692633121,0.0005364910903335946
3547,2748,2283,0.014016644765659217,0.005080190105066961,0.006492782167104565,0.00424879544459045,0.005015439124819782,0.002649746547805672
3548,2748,2280,0.01657894736842105,0.007752309856847613,0.01031541461287661,0.0028070175438596476,0.0036402387550055738,0.0031349399386249414
3549,2748,2299,0.008525445846020007,0.0035699022464521567,0.0028015461534956496,0.0036972596781209206,0.0037512404246726385,0.0009443443448445405
3550,2748,2296,0.011759581881533098,0.004078815338628216,0.003532359219437013,0.0030052264808362364,0.004544814876808768,0.000288814907375818
3551,2748,2274,0.013896218117854,0.0059388605651178325,0.005302985452894758,0.0036499560246262097,0.004768597275331582,0.0011099184994682102
3552,2748,2311,0.01289485071397663,0.004886741658897479,0.005718086937646938,0.004067503245348333,0.004139214203498143,0.00233512625902144
3553,2748,2298,0.013925152306353349,0.0064642187613940414,0.006618528707323595,0.003046127067014794,0.004731200127819765,0.0018028415859738947
3554,2748,2337,0.013521608900299527,0.005833819469162699,0.005707914848899651,0.005263157894736841,0.004242456882508482,0.0027040051486402006
3555,2748,2288,0.011975524475524474,0.0053278806713091854,0.0031149147422035533,0.002447552447552447,0.00410192195764903,-0.0006068796791219658
3556,2748,2323,0.00964270340077486,0.0035021647741445934,0.00270222872228903,0.0007318123116659486,0.003415933222212852,-0.0009386153000176997
3557,2748,2283,0.009899255365746823,0.0018748295846472377,0.0018282814599430537,0.0031975470871660086,0.002227326496784316,-0.00013894718226767846
3558,2748,2279,0.009653356735410264,0.003925407954021905,0.002979752444097179,0.0025010969723562957,0.0027445884022589697,7.20324041410227e-05
3559,2748,2286,0.011461067366579175,0.004109860655599786,0.0021537320919812024,0.005555555555555554,0.004614642589568391,0.0012170572510815975
3560,2748,2310,0.01108225108225108,0.004217901715022953,0.003276157634743709,0.004935064935064934,0.004854827306326818,0.0015414231379634212
3561,2748,2306,0.008326105810928013,0.0030894689476069154,0.0004499243461684543,0.006027753686036424,0.005315181060303199,0.0014266672563039411
3562,2748,2311,0.01021202942449156,0.0028427419312229488,0.005462903761622542,0.004327131112072695,0.004171661639068477,0.0033001690763867185
3563,2748,2276,0.008699472759226713,0.0026545079059472,0.001276684767898787,0.0026362038664323366,0.0036694803150828614,-0.0008174148025978438
3564,2748,2270,0.011541850220264313,0.0029939421310959872,0.005534688688527175,0.0034361233480176196,0.0035821364969753585,0.002040851608590029
3565,2748,2266,0.0088261253309797,0.002117107809635961,0.0027048895420360955,0.005119152691968225,0.003917519792603572,0.0022069975529130943
3566,2748,2307,0.012917208495882095,0.00415834006255075,0.004582769119543505,0.0037711313394018196,0.004033469634911876,0.0008530052859051807
3567,2748,2269,0.009255178492728073,0.003286874534971639,0.001996612480517925,0.0033054208902600257,0.004404369292537622,0.00039670140319531715
3568,2748,2283,0.012614980289093294,0.004154447781039078,0.005772052091761645,0.005256241787122207,0.005196685496921844,0.0028823155260614968
3569,2748,2306,0.008586296617519513,0.002876485792721279,0.0013955537474848868,0.004076322636600173,0.004355825953605428,0.0009098426253211158
3570,2748,2311,0.00951968844655993,0.0027240526773888367,0.0015597916162644813,0.0018606663781912576,0.003107713705807396,-0.0016141505008865876
3571,2748,2309,0.007968817669987005,0.0038320327608178948,0.0016418801852708638,0.001775660459073191,0.0026939579897927468,-0.00034825258512469377
3572,2748,2336,0.01232876712328767,0.004015284348024357,0.0037648866527776902,0.00470890410958904,0.0044436088469005834,0.0011034580925366666
3573,2748,2310,0.009696969696969695,0.0028577003076115004,0.0011914921644742308,0.003939393939393939,0.0038568101117381873,-0.00018368302194711215
3574,2748,2320,0.009827586206896551,0.005037056538700381,0.0013787277230870763,0.002456896551724137,0.0038995776512334578,-0.0008661781706660937
3575,2748,2281,0.011661551950898727,0.00491461332422524,0.003912249612570582,0.004033318719859709,0.005241250405356499,0.001601695348430486
3576,2748,2280,0.009035087719298245,0.00393381895211823,0.0015883681835020776,0.001666666666666666,0.0025349578364989834,-0.0008879015212321375
3577,2748,2273,0.010910690717113944,0.004167971349337127,0.002540952927971596,0.002991641003079629,0.005008904772736613,0.0002367651187778576
3578,2748,2300,0.013043478260869563,0.0052516822644415855,0.0061070484284739684,0.0036956521739130417,0.004200557560976471,0.0019099386622788365
3579,2748,2286,0.012335958005249342,0.0053426794226589655,0.005621729535162666,0.005774278215223096,0.0059282626885755595,0.003865548233768469
3580,2748,2286,0.012423447069116357,0.003448196608205891,0.0031091249178214543,0.0038057742782152226,0.0034943906809628013,0.00011853418510313445
3581,2748,2282,0.010254163014899209,0.0030371961609632686,0.0017151527592000968,0.002410166520595968,0.0038159096065820395,-0.0008133070327780615
3582,2748,2273,0.013726352837659479,0.006436598101041613,0.006146934422305235,0.005103387593488781,0.005800768335148836,0.0032675203405577082
3583,2748,2263,0.010782147591692442,0.003293454324163406,0.004048646510807165,0.000530269553689792,0.0023522584432999257,-0.0007339170819247112
3584,2748,2312,0.01375432525951557,0.004351714178357413,0.0046892017740653305,0.0066176470588235285,0.005916244586916405,0.0027471769092195122
3585,2748,2308,0.01403812824956672,0.005153913092815623,0.0072031743547411944,0.004809358752166377,0.006004489348891476,0.0036011093760448592
3586,2748,2303,0.010247503256621797,0.004258660304217125,0.0027205840549291947,0.002822405557967867,0.0037648925692447114,0.00019582638093894458
3587,2748,2291,0.009690091663029242,0.003696757749614187,0.003096847789504592,0.003317328677433434,0.0034163344329248965,0.0011718078697972273
3588,2748,2316,0.01018998272884283,0.003619545347464328,0.002109586652642462,0.002504317789291881,0.002493386211002489,-0.0005925165351857592
3589,2748,2321,0.012236105127100386,0.005020920010859223,0.004496538191595699,0.006591986212839292,0.0052147430989623825,0.0032530751410799054
3590,2748,2273,0.010910690717113945,0.004473111104850041,0.0022925929048595523,0.004047514298284205,0.005735529407121679,0.00042198163366474176
3591,2748,2313,0.01331603977518374,0.004861708547152917,0.003774175498256042,0.004798962386511023,0.0028299107372542235,0.0009414984861499974
3592,2748,2301,0.012690134724033027,0.004153710252500734,0.004400623507212111,0.0038678835289004776,0.0038393767189416365,0.000817690520479291
3593,2748,2297,0.010274270787984326,0.003914784000426031,0.0038594282652292403,0.00017414018284719142,0.004104956256941113,-0.0007670796224234376
3594,2748,2297,0.012712233347845015,0.004308118601449594,0.005245904723961848,0.0031345232912494553,0.004284677103724083,0.0011814811307181406
3595,2748,2270,0.008281938325991186,0.002439545287959377,0.0013273904602454363,0.004537444933920704,0.004681184020661737,0.0005987656398436786
3596,2748,2268,0.01075837742504409,0.0053188698266570635,0.002311590105569474,0.003262786596119928,0.004160960331846568,-0.00019708745233940625
3597,2748,2293,0.008286088094199735,0.002206882563843916,0.0001181863099460392,0.004055822067160922,0.003228961555475794,-3.6960213984217968e-06
3598,2748,2304,0.006423611111111109,0.0020824683802690104,0.0006797278585538134,0.0024305555555555547,0.0025219944609356244,-0.00016004443729573757
3599,2748,2285,0.009890590809628008,0.003645268623015198,0.0026330544915227905,0.0027571115973741784,0.004039149890202273,0.00022458416898098798
3600,2748,2279,0.0112329969284774,0.006340357540554551,0.004530105191679537,0.0032909170688898634,0.0044126454662111025,0.0015134552120765936
3601,2748,2298,0.01610095735422106,0.005911043473579518,0.009435505950473922,0.0015230635335073974,0.003412340451247271,0.0017774000545064256
3602,2748,2292,0.01038394415357766,0.0032574340421908103,0.002588609931483862,0.002879581151832459,0.003627044623857376,-0.00021320295853374886
3603,2748,2309,0.009094846253789517,0.0031435531582261656,0.0013147025937264682,0.003984408834993502,0.004963271784698106,0.0004124111461183597
3604,2748,2295,0.006623093681917209,0.001377154454039514,0.0002683517828734289,0.0007407407407407391,0.0023340200154906027,-0.0015874621089426745
3605,2748,2283,0.00735873850197109,0.002615831531591876,0.001261044410664717,0.004643013578624615,0.003788109347353562,0.001542958717219054
3606,2748,2305,0.013275488069414315,0.0048995853543261055,0.00552587229139391,0.00316702819956616,0.0038114865834984264,0.0013985965646270539
3607,2748,2310,0.011948051948051949,0.0032419744750348317,0.00459473173420905,0.006147186147186145,0.003307962828924123,0.0027990033314704223
3608,2748,2338,0.014200171086398629,0.00546157971776033,0.00818366250761306,0.0028229255774165946,0.004737304114955081,0.0025847827918542856
3609,2748,2297,0.012973443622115803,0.005474010518464826,0.006807985145854189,0.001784936874183717,0.0026583956819639207,0.0012734063112547103
3610,2748,2241,0.010531012940651492,0.004200789936123806,0.004366149893416154,0.00606871932173137,0.0059735854443099855,0.003675690431756109
3611,2748,2274,0.011609498680738786,0.0038342974359100567,0.0028498247664722155,0.006376429199648196,0.005208276121005712,0.002126271161197021
3612,2748,2302,0.008166811468288444,0.00449149664876814,0.0034443878229752757,0.0047350130321459575,0.005085756714366408,0.0032105853358728263
3613,2748,2319,0.011815437688658902,0.0024180362984778728,0.0037002374472754657,0.002759810263044415,0.0032823034653379655,-0.00011760382486568311
3614,2748,2288,0.010227272727272727,0.0043761646006166095,0.0023498722192836245,0.0036276223776223766,0.004879630623839889,0.0005561046398852642
3615,2748,2328,0.012714776632302404,0.005542659720624035,0.006892789431481576,0.005283505154639174,0.006219638391717031,0.004101551225127315
3616,2748,2321,0.007410598879793191,0.0033778313581542575,0.0015344803287398634,0.0024558380008616967,0.002839964688304154,2.3042371416749574e-05
3617,2748,2297,0.006878537222464082,0.0028459870273748328,0.0002878542867845824,0.0035698737483674356,0.00456166175645776,0.0002485798902043563
3618,2748,2293,0.009681639773222851,0.00307827636567439,0.002422952040099866,0.004928041866550371,0.005256382340761618,0.0017092530256593583
3619,2748,2301,0.010430247718383311,0.0035048875643319366,0.003132967712221674,0.0008691873098652761,0.0035375497016291316,-0.0010795972446835324
3620,2748,2323,0.009212225570383125,0.004195949441069692,0.0027505948026489368,0.003314679294016357,0.004522067419603307,0.0008215768116347118
3621,2748,2284,0.015148861646234673,0.007970726598969597,0.007874429360166173,0.003021015761821365,0.005404138549453645,0.0023867979374522885
3622,2748,2306,0.010147441457068513,0.00260193018117926,0.0025438887984733363,0.00490026019080659,0.004156162666005321,0.0013467293481943656
3623,2748,2286,0.011811023622047242,0.0045340890118245785,0.0034496898675951604,0.00459317585301837,0.005429544519031975,0.0016459758887459517
3624,2748,2303,0.010942249240121578,0.0031814070032468375,0.0028502871058328806,0.002344767694311766,0.005073325819853189,-0.00023612471660660375
3625,2748,2267,0.010763123070136745,0.003502121085442651,0.003633586539258215,0.0033083370092633433,0.005191375604557674,0.0012987006179884196
3626,2748,2259,0.012217795484727753,0.005296160606248712,0.005496944139515396,0.004072598494909251,0.005477522447318548,0.0025354338187235075
3627,2748,2296,0.01489547038327526,0.006811262521337676,0.00957774002465886,0.006010452961672473,0.005965961774185391,0.005606227119859777
3628,2748,2302,0.010165073848827106,0.004328893693177636,0.0021597847300987784,0.0029539530842745436,0.004231500069179133,0.00017621310024046137
3629,2748,2304,0.007552083333333331,0.0004316046003365575,0.0007402600038094996,0.00043402777777777645,0.0010437947493380903,-0.0022249667900119474
3630,2748,2317,0.01337936987483815,0.006469542417965175,0.0072817162803256365,0.0027190332326283984,0.005344463344496968,0.0024848746954093406
3631,2748,2278,0.00913081650570676,0.0028475990611523784,0.0003120737959826587,0.0016242317822651447,0.004029012512428372,-0.0018929525487340856
3632,2748,2311,0.0066637819125919505,0.0017421983924126162,-7.96161222132052e-05,0.0017741237559498043,0.0033493098995592105,-0.0012073410171687218
3633,2748,2303,0.012592270950933565,0.004767412538166596,0.005365051984907743,0.0046895353886235325,0.005201062020342124,0.0026982159051994756
3634,2748,2307,0.014477676636324228,0.005003857606089868,0.0066716686548276075,0.006371911573472041,0.005142082487785954,0.0037951634541324377
3635,2748,2291,0.010912265386294194,0.003985653140220367,0.0034815714930983015,0.0034482758620689646,0.004675974148567617,0.0009041227737670778
3636,2748,2295,0.010893246187363833,0.0045831876233175415,0.002685716438889544,0.0048801742919389966,0.004719435275765975,0.0013591823178903564
3637,2748,2285,0.010153172866520786,0.0028391822562037323,0.0027710700518391407,0.0018818380743982487,0.004189255804487079,-0.0006499888259832723
3638,2748,2292,0.0112565445026178,0.003394901699243826,0.00403010289990771,0.0007853403141361246,0.0005490279624797961,-0.0014051819236440006
3639,2748,2312,0.010553633217993076,0.0037093188176832016,0.0028301303200750816,0.0018166089965397914,0.00237920310248174,-0.0009278204054257117
3640,2748,2304,0.008854166666666665,0.0009080929509817561,-0.00018464671350309277,0.0014756944444444435,0.001129501003113747,-0.0029729095379354433
3641,2748,2307,0.013350671868227132,0.005434810884006856,0.006758340457665783,0.002817511920242739,0.005094739869100172,0.0021043195064528396
3642,2748,2276,0.010193321616871705,0.004247193496839194,0.0035145833598074407,0.0013620386643233737,0.002915640430755008,-0.00011647549898787649
3643,2748,2275,0.006065934065934064,0.0016782990809699348,-0.0003154636657363362,0.000923076923076922,0.0018756453376516707,-0.0018841385784926713
3644,2748,2287,0.011281154350677742,0.003691071462737199,0.004043379661039777,0.004328815041539132,0.004900447477747004,0.001874194286912828
3645,2748,2287,0.010668998688237865,0.004554423814442153,0.002539391550048836,0.0012680367293397454,0.0030342228369523816,-0.0010112992720958207
3646,2748,2277,0.007729468599033814,0.003029488118083922,-0.000490441049417347,0.004040404040404039,0.003986131318750613,-0.00022903830258795451
3647,2748,2278,0.008252853380158033,0.003283198492853285,0.003270902378620977,0.00166812993854258,0.003449860882754912,0.000466668259511332
3648,2748,2324,0.012650602409638554,0.005395604113846416,0.005177636584223811,0.0018932874354561095,0.004535579217751922,0.0006273266010461065
3649,2748,2294,0.009067131647776807,0.004308172752648844,0.0024301435950466357,0.0026591107236268517,0.004269853530939419,0.00025018822892708246
3650,2748,2289,0.007601572739187416,0.003351277786260069,0.0010619387604361213,-0.000611620795107035,0.002049727599980295,-0.0023629931096708786
3651,2748,2305,0.01110629067245119,0.006303409492967705,0.005818339484406283,0.0033405639913232097,0.004848696364013835,0.002530073802709944
3652,2748,2305,0.009023861171366594,0.0027995563090699735,0.0004184592321295298,0.0018221258134490227,0.0031975627396070723,-0.0017580214971030291
3653,2748,2308,0.009098786828422875,0.004680845199616948,0.0013921632473347888,0.0037261698440207965,0.004897774950855075,0.0006356771776216317
3654,2748,2294,0.008979947689625107,0.0028516470077104682,0.003145923565487086,0.0027027027027027016,0.0029585561161782625,0.0007431433163105466
3655,2748,2307,0.011356740355439963,0.004593851970454573,0.0032763026652447977,0.0028175119202427383,0.004093053739359713,-3.788185533328963e-05
3656,2748,2292,0.014834205933682374,0.006216067102188561,0.006062540669710318,0.0061518324607329825,0.005453851142908261,0.0030371320546123634
3657,2748,2256,0.01081560283687943,0.003972280150770331,0.004854513012662661,0.0026595744680851055,0.0038105315471658216,0.0013032217408318614
3658,2748,2281,0.011836913634370887,0.0023208767473569835,0.003394595310327552,0.005304690925032879,0.0030625760615444193,0.0014079322943898198
3659,2748,2294,0.010200523103748908,0.003680288976897576,0.004059595091306983,0.0029642545771578015,0.00365036266620694,0.0011264164785217653
3660,2748,2290,0.012489082969432313,0.004177494676850445,0.0035903544367059995,0.0029257641921397377,0.005905901211282744,-0.00010796298798576498
3661,2748,2313,0.009511456982274102,0.003357734151095697,0.0011204973927862749,0.0018158236057068727,0.0037777981354640976,-0.001322098118163461
3662,2748,2321,0.00887548470486859,0.004361745792942445,0.001344368562597319,0.0024989228780697963,0.0034590592790185574,-0.0006016111861058746
3663,2748,2327,0.012290502793296089,0.005240221770401965,0.0034720648813010607,0.00283626987537602,0.005161007950717415,3.68261230610049e-05
3664,2748,2264,0.0107773851590106,0.0045820476175311336,0.0021559109640779234,0.005653710247349822,0.005987011027709037,0.0016875004250066332
3665,2748,2276,0.012478031634446395,0.0041682969667616995,0.002793560750646262,0.003295254833040422,0.004260920346840358,-0.00045669391639541554
3666,2748,2301,0.011647109952194697,0.005898937325485525,0.005018291066816783,0.003954802259887005,0.005132211997415511,0.0019589185830062605
3667,2748,2272,0.01232394366197183,0.0033083581933276915,0.005286383973612345,0.0022887323943661963,0.0033547694512154873,0.0005356215408034303
3668,2748,2288,0.011188811188811187,0.003999736850224996,0.004900920449237675,0.003977272727272726,0.003458104901104176,0.0022089248444466347
3669,2748,2293,0.01081552551242913,0.002842097398149926,0.0032936914860054256,0.0025294374182293924,0.002379031206745685,-4.9985022613580926e-05
3670,2748,2286,0.009886264216972878,0.0022258082252061043,0.0034304788846094485,0.0034995625546806633,0.0019479090769803059,0.0008102658801749321
3671,2748,2297,0.010187200696560731,0.0030839601377164456,0.0019457907025756146,0.004222899434044405,0.003830861764983148,0.0003452627817400114
3672,2748,2275,0.011428571428571429,0.0047216247789903,0.0032581412941339073,0.001670329670329669,0.0051615975947434225,-0.0007363557062160759
3673,2748,2320,0.013017241379310342,0.0055858699953833645,0.004777432420782687,0.0059051724137931015,0.005892586074567596,0.0032174528236282086
3674,2748,2299,0.009395389299695517,0.00450781595548986,0.004027549866871122,0.0013919095258808172,0.0037585217893354064,0.00043043765695336805
3675,2748,2316,0.010621761658031085,0.004307989836459303,0.0044214725679212535,0.0011226252158894636,0.0035200903033900956,-0.00011066876199073678
3676,2748,2319,0.0111254851228978,0.00509031719880439,0.004819249736625209,0.00047434238896075753,0.002851954809067307,-0.00013017630779439302
3677,2748,2327,0.011087236785560806,0.004894740475212576,0.0033714790378889608,0.004727116458960033,0.004731635587407625,0.0018317651567556794
3678,2748,2320,0.011206896551724134,0.003970841749338151,0.004178629146246753,0.002801724137931033,0.0028788008886275313,0.0004814180333966438
3679,2748,2311,0.010298572046733014,0.004351228538158815,0.004435578222150986,0.001298139333621808,0.0020727959244966473,0.00039181556670275005
3680,2748,2313,0.006052745352356246,0.003039169126021189,6.551780870902778e-05,0.0005620406398616506,0.0009855279453798306,-0.0024348718241806976
3681,2748,2291,0.013443910955914446,0.00467630793745577,0.0027250005001316223,0.007420340462680052,0.005241454423893856,0.0020301608578575277
3682,2748,2282,0.014986853637160383,0.004383559008349215,0.006586059812692846,0.005565293602103417,0.004698897522068208,0.0028114042344092576
3683,2748,2271,0.014442976662263319,0.004738657459415248,0.0069979632464331806,0.004799647732276528,0.003885840208681035,0.002788196291901203
3684,2748,2299,0.016441931274467157,0.006855142956240929,0.00873946690937968,0.004045237059591126,0.003920219140811339,0.002568090636589959
3685,2748,2251,0.010573078631719234,0.0047525073501064295,0.0037726376489090737,0.0017769880053309637,0.003942627248388639,0.00025899958230608897
3686,2748,2281,0.014467338886453306,0.00520410914082647,0.00828837969145174,0.00539237176676896,0.006300053522466404,0.0045206796006915665
3687,2748,2291,0.013094718463553031,0.005198360225817119,0.005256843989665798,0.002880838061981667,0.0028775279019171403,0.0008647806407859227
3688,2748,2282,0.016126205083260296,0.005536831559436545,0.009726149373514103,0.0065731814198071855,0.00496245382736234,0.0057715722876662025
3689,2748,2296,0.008797909407665503,0.0026943453807808603,0.002144069619226344,0.001045296167247386,0.0018640498486287452,-0.0013883482969233496
3690,2748,2288,0.01276223776223776,0.004794449274290083,0.002026490569420694,0.0031468531468531466,0.005278523369121927,-0.0010655293390109861
3691,2748,2340,0.008632478632478631,0.002401779833144211,0.0025482663789479086,0.0018376068376068368,0.0022418938827875523,-0.00010111823308832788
3692,2748,2340,0.01299145299145299,0.004910041114040772,0.0071620053640204595,0.0033760683760683755,0.003940940113759857,0.0022312704462750413
3693,2748,2298,0.011923411662315054,0.003379550673460284,0.005602915235176088,0.006396866840731069,0.005601165137047377,0.004430026585710845
3694,2748,2331,0.01098241098241098,0.005509041543930667,0.0033089916242608217,0.002831402831402831,0.003730730611983227,0.0003198326507406693
3695,2748,2319,0.010263044415696419,0.003702495724773408,0.0040469517258783835,0.005562742561448899,0.005222844239337238,0.0030855392090659377
3696,2748,2277,0.010101010101010098,0.003846583529873884,0.004866286312953121,0.002239789196310934,0.0036265089635769267,0.001477408803088188
3697,2748,2290,0.00707423580786026,0.003219974956571915,-0.00010536633931932925,0.004323144104803493,0.005250330144224924,0.00035462707022624424
3698,2748,2267,0.01067490074988972,0.002901686525407507,0.0028829134873705176,0.004808116453462725,0.0036392541350343003,0.0013472838328901422
3699,2748,2296,0.010975609756097559,0.003440237548787277,0.0030088814009336736,0.0033101045296167237,0.0035480949775290593,0.0004262999588971243
3700,2748,2290,0.009519650655021836,0.004792463079050919,0.0018730614927200057,0.0028820960698689954,0.00507983303599627,0.0004635709184500707
3701,2748,2283,0.009899255365746823,0.0025044149616030775,0.0017848946297433735,0.00407358738501971,0.0030728954170310446,0.0004488286039322689
3702,2748,2298,0.005221932114882504,0.0013532799312098148,-0.0015775960784929763,0.004134029590948651,0.0048618652345646515,0.00025040052467090775
3703,2748,2297,0.011841532433609053,0.002849381209169544,0.0019348782493232796,0.002176752285589899,0.002494318741779028,-0.001474309807311859
3704,2748,2304,0.012326388888888888,0.004603559233977047,0.004627447013615399,0.0047309027777777775,0.004387496109341037,0.002013674228292337
3705,2748,2281,0.012450679526523453,0.005339232306350824,0.0045853134372895905,0.0026304252520824188,0.004216193600701956,0.0005206977766678087
3706,2748,2328,0.013659793814432988,0.0054941523728948135,0.004599643868222825,0.004510309278350515,0.004654346373712108,0.0015640840310678836
3707,2748,2309,0.011000433087916846,0.005329737026624794,0.005043597671097982,0.004244261585101774,0.0036662376883135586,0.002769019110905541
3708,2748,2307,0.009536194191590809,0.0034527734932163065,0.0036902341066322453,0.003554399653229302,0.004329951949940144,0.0015870788182474774
3709,2748,2286,0.012335958005249342,0.005247390895697157,0.005285438273157217,0.0038932633420822376,0.004998623165039016,0.002297810588466357
3710,2748,2294,0.01194420226678291,0.003103011542535848,0.00495828146821813,0.0026155187445510014,0.0036895378268157093,0.0009042164528107797
3711,2748,2316,0.010276338514680482,0.0033705470800115766,0.0031587377599229163,0.0045768566493955085,0.0028699209582035987,0.0013622561731435564
3712,2748,2281,0.011310828583954404,0.0046989174291504465,0.004343810067086945,0.0042525208241999115,0.005153079771277886,0.00184242783722303
3713,2748,2342,0.01144321093082835,0.0040458778763699695,0.004396263560521741,0.0030742954739538843,0.004037033783345594,0.0012945067202001094
3714,2748,2302,0.008166811468288444,0.0023567790630412673,0.0019423336493812663,0.001390095569070372,0.003465621333990759,-0.00047107787069924017
3715,2748,2271,0.01074416556583003,0.004053410493519092,0.0032741833912033965,0.0019374724790841029,0.0023729503552321948,-0.0005870782818741659
3716,2748,2293,0.011600523331879631,0.0035961686136692034,0.00440210972570579,0.0043610989969472295,0.004010438508760457,0.0015688712493672683
3717,2748,2313,0.011586683960224813,0.004407610360264642,0.0030780264843748855,0.006874189364461736,0.004569903573407682,0.002833443763872963
3718,2748,2292,0.008813263525305409,0.0031707563865803127,0.0017987764558117835,0.0035340314136125643,0.00505427087661241,0.0006325878338875255
3719,2748,2307,0.014304291287386212,0.005680624863821227,0.006816848408300663,0.00459471174685739,0.0038308588137480368,0.0025622945512699434
3720,2748,2295,0.01342047930283224,0.004641903274462423,0.006152299376328056,0.0035294117647058816,0.0046469673136053805,0.0017867120053356475
3721,2748,2300,0.01060869565217391,0.0027177061232013426,0.0026411832730377396,0.0029565217391304332,0.003917544379287903,4.161089529966372e-05
3722,2748,2285,0.009890590809628006,0.0026428282291788008,0.001206190107508864,0.00586433260393873,0.00581058014920295,0.0013520529257302813
3723,2748,2316,0.009671848013816922,0.0014157482430051768,0.0026383706531625632,0.005958549222797926,0.004337766834056002,0.0020001372767422623
3724,2748,2274,0.007124010554089709,0.0021291663217116053,3.1450973660934835e-05,0.0021547933157431832,0.0015974164402312498,-0.0014331057559717785
3725,2748,2309,0.011000433087916844,0.0052208294129157725,0.00202630503042797,0.004850584668687742,0.004999841162115714,0.0009551113582623861
3726,2748,2281,0.011310828583954402,0.003427529987616236,0.0021435214332110636,0.0055238930293730806,0.006308577018760998,0.0010265736133384215
3727,2748,2332,0.009433962264150941,0.006159387779305349,0.0025936676205585703,0.002144082332761577,0.0045117971934397925,0.0003743875998024091
3728,2748,2324,0.008605851979345954,0.004225813288751037,0.0013649622976522233,-0.00025817555938037945,0.0018667507679378027,-0.0023415374933762946
3729,2748,2285,0.009890590809628008,0.003789547959311639,0.003117360636531988,0.002450765864332603,0.002783809898041914,0.0002658830552325365
3730,2748,2316,0.010708117443868738,0.003671618349718609,0.0031756054348254974,0.003756476683937822,0.004024764533894034,0.0006517482919742825
3731,2748,2300,0.01260869565217391,0.003365085667762575,0.003599034743459811,0.003913043478260869,0.00402657343004453,0.0005594869870126925
3732,2748,2270,0.011894273127753301,0.004423234325584127,0.004129418731125571,0.0012334801762114529,0.0021959116349504542,-0.0006180415948741874
3733,2748,2270,0.010572687224669601,0.0026759159759319065,0.0013837243142479684,0.004713656387665198,0.0038308933311224863,0.0004573943553348235
3734,2748,2315,0.012526997840172785,0.004459923459907009,0.005185342023920163,0.006479481641468681,0.00558998692181234,0.0037531058559790295
3735,2748,2289,0.013979903888160766,0.006500317391353928,0.007302001775663426,0.0047619047619047615,0.004454100302919563,0.003492746294426422
3736,2748,2315,0.015550755939524834,0.005874175266509824,0.005727102905662429,0.003671706263498919,0.003506202169423646,0.0008423883719833102
3737,2748,2293,0.009245529873528127,0.0020038944036593473,0.0025851971090346416,0.0012211077191452233,0.004098043945165557,-0.0005251699586560605
3738,2748,2275,0.011516483516483515,0.0043315329120933235,0.004102959354604652,0.005758241758241756,0.005052729513974165,0.0030481972194545425
3739,2748,2256,0.006737588652482269,0.0026416151080321,2.7547670058921328e-05,0.0008421985815602827,0.0012793156524208878,-0.0024599734249680853
3740,2748,2293,0.008198866114260793,0.0027981436285494724,0.0018166601671972976,0.004404709986916702,0.00485583993170133,0.0012073293043690823
3741,2748,2353,0.013939651508712281,0.005528923113714349,0.006178256933302939,0.0033999150021249455,0.003959465195132151,0.0017572844192792147
3742,2748,2292,0.015270506108202443,0.006347786484797,0.007287486178688901,0.004930191972076788,0.006006456877328857,0.0030901469761638683
3743,2748,2269,0.009872190392243277,0.0027117781859255113,0.0020874384162379474,0.004759806081974436,0.004935081376957154,0.0013078064811502658
3744,2748,2281,0.006839105655414291,0.0015791761806280358,9.947180609318031e-05,0.0032441911442349838,0.004290336122185315,-0.00021505358738282816
3745,2748,2269,0.01154693697664169,0.003904509272272385,0.0031200341427358026,0.005376817981489641,0.005447897879961648,0.001513991246854844
3746,2748,2325,0.010408602150537632,0.004047158573629908,0.002686977033062956,0.005505376344086021,0.005863135819971932,0.0022548671515152372
3747,2748,2290,0.011441048034934497,0.0048344720003416055,0.004793720140584837,0.004497816593886462,0.0043263048401602005,0.002387356589896188
3748,2748,2301,0.012081703607127334,0.003708803031186933,0.005892512475508142,0.004650152107779225,0.004253400856582643,0.002766764199977585
3749,2748,2332,0.006946826758147511,0.001528322551897085,0.0005169641986012498,0.0019296740994854192,0.0033935909677885578,-0.0007731158430892547
3750,2748,2310,0.010649350649350646,0.004822333381539386,0.003688788082650155,0.004069264069264069,0.0056676928551638766,0.001761918076580607
3751,2748,2292,0.008813263525305409,0.001766172827112691,0.0013804888395096424,-0.0005671902268760916,0.002406106998549326,-0.0028934356539680015
3752,2748,2299,0.013136146150500216,0.005219837580308878,0.005215403709757067,0.004958677685950413,0.006245868227845354,0.0025142043051426797
3753,2748,2297,0.008707009142359596,0.001720948168019815,9.016741629557481e-05,0.002916848062690465,0.0012029038941038378,-0.0014755293480008896
3754,2748,2295,0.012549019607843137,0.006540393824284176,0.0043020569861933495,0.005228758169934639,0.006034887870607108,0.0023327247312537277
3755,2748,2288,0.011888111888111888,0.005659157710589247,0.005702982262675749,0.0020979020979020966,0.004914222968375529,0.0013146948919982066
3756,2748,2293,0.009332751853467073,0.004044420344276242,0.0015454188058832263,0.0022677714784125587,0.0032515226943709303,-0.0005098205171652895
3757,2748,2324,0.008089500860585196,0.002764203387746822,0.00172064953310927,0.0036574870912220304,0.003080581925446139,0.0005522987133652205
3758,2748,2327,0.012548345509239361,0.005184767447347226,0.007781366962594183,0.0021486892995272876,0.0034167701152405267,0.002390951732680563
3759,2748,2293,0.010292193632795463,0.005051451070407968,0.002624649005527613,0.003532490187527256,0.005027310271961269,0.0008822782628489434
3760,2748,2315,0.011576673866090714,0.005904430054560403,0.004129070412925228,0.005183585313174944,0.00477224799877083,0.0026663652734957607
3761,2748,2253,0.010741233910341765,0.004023676949392715,0.0027637379703694745,0.004660452729693741,0.004220549757905813,0.0013291422711678338
3762,2748,2294,0.013862249346120311,0.003778388560519615,0.005493808314682196,0.0060156931124673045,0.005412657373153674,0.0031818462127710502
3763,2748,2313,0.010808473843493295,0.004661156752437667,0.003482076204308125,0.004280155642023345,0.004850736388998832,0.0017251628826239773
3764,2748,2287,0.007608220376038478,0.0016692931601332795,0.0008572708709037142,0.0018364669873196324,0.002964125647695067,-0.00116834248414136
3765,2748,2324,0.012134251290877794,0.004612382658050978,0.005137606459874952,0.0008605851979345954,0.001934694202429733,-0.0003699747400732939
3766,2748,2314,0.012618841832324977,0.004349576397155775,0.005177290398181482,0.005488331892826274,0.005007118653923002,0.0028822419754166158
3767,2748,2329,0.008415629025332758,0.0015345455757225955,0.0001823159200299198,0.0018462859596393294,0.003168735260166253,-0.001788626957270527
3768,2748,2286,0.014085739282589674,0.005487583695634575,0.006050612766127607,0.007174103237095363,0.007690707203259351,0.004477812666525644
3769,2748,2317,0.012257229175658179,0.003774672302680772,0.005936474701646919,0.0036253776435045313,0.003115433364916931,0.0018687153765076557
3770,2748,2310,0.01108225108225108,0.005605538629982249,0.004831905045651764,-0.0005194805194805207,0.0007633286928921749,-0.0010324045022038683
3771,2748,2309,0.009441316587267214,0.0034706840475996793,0.002830488949555932,0.006106539627544392,0.006055312777605693,0.00296772264103574
3772,2748,2281,0.01209995615957913,0.004939850871669645,0.004186868479491934,0.004690925032880313,0.004177124398207559,0.001676510030718996
3773,2748,2308,0.011958405545927208,0.0046844709015203155,0.0044723345446123315,0.0003466204506065848,0.0024264974589177017,-0.0007447342095234271
3774,2748,2323,0.010934136891950065,0.004981811054043701,0.0038296975437462116,0.0034868704261730513,0.004631986869358159,0.001300313348744602
3775,2748,2297,0.013147583804962993,0.004547734351642699,0.006607503229140935,0.003090988245537657,0.004102129244691898,0.0018187813547850267
3776,2748,2295,0.0072331154684095855,0.002978902351538773,-0.0002638418257117672,0.004749455337690631,0.004960589825695102,0.0003002905662455265
3777,2748,2325,0.01410752688172043,0.005742264681812429,0.00796197420467694,0.005247311827956989,0.005105136307403896,0.004288576859479377
3778,2748,2300,0.013999999999999999,0.00574066788666677,0.00519104100762949,0.005260869565217391,0.005605912572072091,0.0020338189255895553
3779,2748,2314,0.011754537597234226,0.004343564101982728,0.007793623236238761,0.004753673292999134,0.004939881043507776,0.004675062777757869
3780,2748,2291,0.003579223046704494,0.00046483915892455053,-0.0035565144290284293,0.0024879965080750756,0.003958024101872776,-0.0018926473649453215
3781,2748,2286,0.010848643919510058,0.0039451675492994335,0.002128082853949912,0.004811898512685914,0.006946271288840982,0.0009705406509206326
3782,2748,2313,0.010894941634241243,0.002582413220348069,0.0030878999662450114,0.0026372676178123638,0.003957604012629934,7.236000642769771e-06
3783,2748,2268,0.011199294532627866,0.0033439029776001065,0.004294339111930463,0.003439153439153439,0.004170751091828887,0.0012307155971526742
3784,2748,2288,0.01477272727272727,0.003347450052141514,0.006373934654899354,0.003234265734265734,0.003102733983761063,0.001186008115527414
3785,2748,2295,0.006623093681917209,0.002034905866030667,-8.49526709073939e-05,0.0007843137254901958,0.002930808667428208,-0.0022891491320384196
3786,2748,2318,0.011044003451251078,0.003276294953356626,0.004609833042515905,0.003149266609145814,0.004726930106160481,0.001238073251651672
3787,2748,2312,0.010899653979238753,0.0031518960517119532,0.003791418725400194,0.004844290657439445,0.0053997704677150775,0.0022577468629632574
3788,2748,2284,0.011120840630472851,0.005161031178469343,0.003332918059054208,0.000350262697022766,0.0030302585899167783,-0.0012118438434120594
3789,2748,2283,0.012176960140166447,0.004979174205305919,0.0039057252342494585,0.0039421813403416545,0.005035269673434839,0.0009649981107389869
3790,2748,2285,0.00735229759299781,0.002975329887399573,0.0002479141626986394,0.0009628008752735223,0.002160127483464159,-0.0016522896002382163
3791,2748,2320,0.009913793103448277,0.0046274629189034305,0.0036062701354526504,0.005775862068965516,0.004468908928035946,0.0032537997905515365
3792,2748,2291,0.013793103448275858,0.004822191426729579,0.007536830218650384,0.0005674378000872976,0.0038209793074630996,0.0011646042889725315
3793,2748,2280,0.008333333333333331,0.002187606924496951,0.0004080295812049859,0.002368421052631577,0.002892442075246894,-0.001192727998830973
3794,2748,2302,0.010165073848827104,0.0046142436372228895,0.004213074796639172,0.002041702867072111,0.005704135084560286,0.0012989630984385993
3795,2748,2290,0.010480349344978164,0.0033010684560827582,0.004720389536516081,0.004803493449781658,0.004798536165509531,0.002668276893183748
3796,2748,2292,0.011431064572425827,0.003782816516313399,0.003235627794559373,0.004930191972076789,0.005458992024966668,0.0016951242007393612
3797,2748,2308,0.008925476603119582,0.003549886101352118,-0.00024337313916497334,0.004506065857885615,0.005043628545942171,-5.6871615021607425e-05
3798,2748,2306,0.014830875975715526,0.005027893866001256,0.006303671915044223,0.005767562879444925,0.003338864354792061,0.002643893072501361
3799,2748,2320,0.010258620689655171,0.004809405943303815,0.003445271810608575,0.004870689655172413,0.003356313974391817,0.002117594319142182
3800,2748,2290,0.009344978165938864,0.003407723291209461,0.001567735878281781,0.00043668122270742327,0.002436823832685011,-0.002310461343021092
3801,2748,2308,0.014211438474870016,0.006108355942366083,0.00462373558932438,0.00363951473136915,0.0050886858665449486,0.0009367352622148032
3802,2748,2279,0.01096972356296621,0.004492963448046869,0.003209136513368549,0.0018867924528301874,0.002468285994801747,-1.5916743181999148e-05
3803,2748,2312,0.009256055363321799,0.0034937362658740007,0.0024648418883783624,0.004455017301038062,0.0037080231373315614,0.001372101953848972
3804,2748,2337,0.01112537441163885,0.003666649956597938,0.006195221427792448,0.002824133504492938,0.0029809144073453214,0.002030242853591763
3805,2748,2293,0.009507195813344962,0.003324320003325093,0.0016226661375029446,0.0020497165285651973,0.0036277947360466726,-0.0010774458656999056
3806,2748,2321,0.010426540284360188,0.0035524675221142482,0.002318397006351996,0.005040930633347693,0.0057818269304903535,0.0016746453288268906
3807,2748,2286,0.015398075240594923,0.0060931937546198885,0.007149716284795902,0.005730533683289587,0.005102590347803027,0.003547126881387607
3808,2748,2275,0.014505494505494506,0.006101894666972283,0.006232267161321111,0.005670329670329669,0.004692801155918476,0.002899445765967656
3809,2748,2289,0.010484927916120575,0.0035962132909233254,0.002968327637721795,0.004587155963302751,0.003514457632103519,0.0010733477517351087
3810,2748,2289,0.013543031891655741,0.004461488096971964,0.007171609847801981,0.0027959807776321522,0.003269600628047834,0.0017248564867372081
3811,2748,2319,0.006640793445450625,0.0030875363806437293,-0.0007496677409590195,0.0048296679603277255,0.004192392215173157,0.0009133438877965112
3812,2748,2280,0.010350877192982454,0.0028821219205325734,0.004699992794256822,0.004035087719298244,0.0032937450272893694,0.0022167404635222163
3813,2748,2306,0.011621856027753683,0.004435581386851094,0.003454072320437294,0.004553339115351257,0.00392628135517378,0.0013361653015528344
3814,2748,2341,0.010764630499786414,0.0044739497588595165,0.0025931936993047145,0.005296881674498075,0.003773360517863664,0.001172501096721639
3815,2748,2263,0.008130799823243481,0.003239027611962773,0.00019317851094898783,0.002165267344233318,0.0024847183773150654,-0.001743282488176743
3816,2748,2282,0.012445223488168271,0.004590444123811052,0.006830683488600802,0.0047326906222611735,0.005401589964809518,0.0034156259873526188
3817,2748,2276,0.01344463971880492,0.004919204999759714,0.007720616723199932,0.005448154657293497,0.0054042507067196014,0.004496150562022823
3818,2748,2290,0.008034934497816594,0.002039739067300426,0.0009856676952361644,0.0015283842794759825,0.0036669444075278306,-0.0011372460156619608
3819,2748,2298,0.01009573542210618,0.004681403475493786,0.002809707656394342,0.002088772845953001,0.0028841435476666755,-0.00015506372861402183
3820,2748,2269,0.010665491405905683,0.0028691781381758995,0.004390161839079665,0.005068312031732039,0.004282192871121373,0.0028276876295218025
3821,2748,2261,0.011853162317558601,0.0045844590443895085,0.003413924314971942,0.004201680672268906,0.0035548045548591993,0.0009292779492155391
3822,2748,2296,0.012456445993031357,0.004063636902280656,0.004462339657349865,0.006141114982578396,0.0048164420493934205,0.0028725558304840255
3823,2748,2271,0.013826508146191104,0.0054418528339023,0.0057876628399548885,0.0038309114927344763,0.004900021907758813,0.001864922735161715
3824,2748,2267,0.009792677547419495,0.003412588718770123,0.001808169658287141,0.00357300397000441,0.003226244662989329,-3.205444531918214e-05
3825,2748,2309,0.009961022087483756,0.004488554792776356,0.0029251289048312125,0.0015158077089649198,0.003525871712724259,-0.0003508494100802866
3826,2748,2306,0.006678230702515176,0.0027811477535247763,-0.0008984420960771443,0.005897658282740675,0.004586567101466011,0.0010969408835024268
3827,2748,2292,0.010994764397905758,0.005101901186915857,0.0022294571659654534,0.004712041884816752,0.007261866520121214,0.001122641967354852
3828,2748,2308,0.011265164644714037,0.004506453448337126,0.003797892989262724,0.0054592720970537256,0.003398768776788579,0.0023851394993866654
3829,2748,2290,0.009257641921397377,0.0007433558848520299,0.002422825316216704,0.006113537117903929,0.004924804099778319,0.0024724891203080903
3830,2748,2340,0.01393162393162393,0.003984581349011155,0.004923758851814493,0.0041880341880341865,0.005164597733086297,0.0013280245990853268
3831,2748,2300,0.014260869565217391,0.005580912335281731,0.005593711541460956,0.0006521739130434779,0.0025343369856220834,-0.0008982353820119545
3832,2748,2286,0.010236220472440945,0.005144202822008106,0.00198793847490057,0.004199475065616797,0.004846436709752427,0.000653251815705691
3833,2748,2299,0.011483253588516745,0.003213325447622291,0.005483242115509244,0.004480208786428881,0.004480685764238209,0.003184199865470553
3834,2748,2259,0.010624169986719785,0.005130002231076965,0.0038047347858318733,0.003187250996015934,0.004010279589595096,0.0009671826768971296
3835,2748,2326,0.010834049871023214,0.003398501936907198,0.003729155094643339,0.003955288048151331,0.004217119472038146,0.0014049107679515978
3836,2748,2331,0.01587301587301587,0.006448344676339176,0.006274784795904538,0.004933504933504932,0.004659612006347484,0.0019414912972881653
3837,2748,2318,0.013114754098360656,0.007144616451112825,0.0074140563757625535,0.0009059534081104391,0.002856962216136617,0.0012880961913156559
3838,2748,2294,0.016041848299912814,0.006143271463185756,0.008231666510982673,0.005143853530950304,0.003460109695048213,0.003362615384498112
3839,2748,2313,0.010289667099005619,0.003440393243398635,0.003362978514966499,0.0032425421530479894,0.0035800567044406363,0.0008401208656459255
3840,2748,2334,0.0117395029991431,0.003353491850012689,0.0019719986261289915,0.0046272493573264765,0.004577513674500812,0.0002115985692304362
3841,2748,2308,0.010571923743500865,0.004380588112165594,0.0042604383542930516,0.0035961871750433264,0.0037106603327977422,0.001563577239697671
3842,2748,2291,0.011523352247926666,0.00514595241869598,0.005138009718570049,0.004233958969882147,0.00532968779508237,0.0025402616446569878
3843,2748,2293,0.011251635412123855,0.005191489692105464,0.0033873768038870976,0.004143044047099868,0.004811504690497475,0.0013757873071685853
3844,2748,2285,0.012166301969365424,0.0038329351058106207,0.004663738426129513,0.0004376367614879637,0.0019257326821303091,-0.0011676953124871356
3845,2748,2269,0.013397972675187306,0.004941433625834551,0.005057309768544978,0.005773468488320845,0.004461051085988159,0.00269800575639973
3846,2748,2337,0.008044501497646555,0.0032017086271331424,0.0009512750286779681,0.003893881044073597,0.004069323362231918,0.00046487803513518925
3847,2748,2306,0.010320901994796182,0.0036154830123323162,0.0021865188079936365,0.0002601908065914995,0.0027287017733169166,-0.002230800522261734
3848,2748,2305,0.010151843817787417,0.00346568028987755,0.004805968658674597,0.0008676789587852482,0.002115570924911888,3.829590651473438e-05
3849,2748,2312,0.012110726643598612,0.004283654873931144,0.004535861810286488,0.0032439446366782,0.0035691833814812,0.0008617680982336651
3850,2748,2298,0.010966057441253263,0.004041501339965857,0.005191239598842847,0.004395126196692775,0.004789355945443102,0.0028515689389068542
3851,2748,2311,0.011423626135871917,0.005269120095793353,0.0014778545523599067,0.0057983556901774124,0.006294205425959334,0.001262024775565237
3852,2748,2282,0.013496932515337422,0.005430341800892622,0.006652676140544828,0.005872042068361085,0.005777457712559029,0.003932372357838562
3853,2748,2291,0.011086861632474899,0.00438114718832989,0.003842816177641505,0.005106940200785682,0.0051338134407932275,0.002550077950785031
3854,2748,2287,0.01679055531263664,0.005603360574871079,0.008076101603296235,0.005203323130738957,0.004127190533020165,0.00309767021548477
3855,2748,2257,0.010456357997341601,0.0033879662068145838,0.004484108819636876,0.0015064244572441277,0.0018015036543185634,-1.6719281862028275e-06
3856,2748,2265,0.006445916114790286,0.0025011866176800983,0.0009391104018978284,0.0011920529801324495,0.0009405216457557056,-0.0012393604050560875
3857,2748,2309,0.013165872672152445,0.00442764997727179,0.006138120107418557,0.0030749242096145503,0.004644772089731777,0.0015001014405243655
3858,2748,2302,0.011207645525629886,0.0037739490330188784,0.002348606043257084,0.0034317984361424843,0.004055270086378302,0.00016195307903374285
3859,2748,2309,0.014724989172802079,0.004769755658558384,0.006570491340361497,0.00259852750108272,0.002736887142246522,0.001310600222951056
3860,2748,2293,0.010815525512429132,0.0038714700201208587,0.004255324372142158,0.003488879197557784,0.003736171105060982,0.001271187677264918
3861,2748,2309,0.01065396275443915,0.004251529494322006,0.004433652882160399,0.003378085751407534,0.0036836753129882048,0.00174905235796942
3862,2748,2295,0.009934640522875815,0.0019348772414936612,0.0022423870901192096,0.005054466230936818,0.00406842931462631,0.0007959290949985234
3863,2748,2311,0.010817827780181737,0.002912575210734743,0.0039045345768502454,0.004586758978797056,0.004704142278747216,0.0019069316816228425
3864,2748,2304,0.008680555555555554,0.0037048250309280406,0.0019471252254809944,0.002821180555555554,0.0037101399621107365,-5.992302051103531e-05
3865,2748,2298,0.013489991296779807,0.00665474152934409,0.0062988146385574715,0.004177545691906003,0.005085627148641843,0.0025814479873250773
3866,2748,2260,0.0115929203539823,0.004905694607993635,0.004377653994236534,0.003053097345132742,0.003451555485533247,0.0010156568845043825
3867,2748,2285,0.011641137855579867,0.004491778844643871,0.005479763156454395,0.0051641137855579855,0.004854900128203191,0.0035430470719468687
3868,2748,2277,0.012472551602986383,0.0048074387342864015,0.005862165435305889,0.002942468159859463,0.004317255009368266,0.0017655807712901974
3869,2748,2330,0.011244635193133044,0.004840835415133343,0.003206649475888618,0.004978540772532188,0.004836128773801718,0.0018387756666796244
3870,2748,2299,0.011048281861678989,0.004980392197150083,0.004230517857986888,0.005480643758155719,0.005348140940166246,0.0028914821940589255
3871,2748,2295,0.01586056644880174,0.0068990977934149005,0.007473729273894106,0.006187363834422657,0.005921802027745181,0.004120853839539036
3872,2748,2316,0.011744386873920551,0.005560616357754907,0.0070044946366021104,0.0042746113989637295,0.004347180629374068,0.0035753887815111025
3873,2748,2283,0.010249671484888303,0.0037501992666629713,0.004360802696803548,0.0044678055190538754,0.00390834040824655,0.0023504602366526952
3874,2748,2277,0.006236275801493191,0.001759937169052527,0.001052452324036595,0.0046552481335090014,0.003278237197334615,0.0013272482874662277
3875,2748,2275,0.01178021978021978,0.0030381263179714234,0.006305068442652098,0.0017582417582417574,0.0038872403277169757,0.0016113706416203976
3876,2748,2307,0.00884265279583875,0.002409659039545823,0.002100551975509301,0.0017338534893801467,0.001870030116174561,-0.0008926446070840318
3877,2748,2297,0.011319111885067479,0.0028051630411242054,0.004882831365173633,0.005137135393992163,0.0043724618293260464,0.0030091412288485555
3878,2748,2287,0.010756449497157846,0.0035390014940867077,0.0031200839563607476,0.004853519895059028,0.004536803399160264,0.0017514364905647129
3879,2748,2316,0.014939550949913642,0.005193385449420826,0.006373030447673831,0.004231433506044904,0.00376094768301466,0.001852257148123004
3880,2748,2298,0.009399477806788509,0.004882896350799882,0.003566114548032216,0.003176675369886857,0.0045458145661705345,0.001756694800077563
3881,2748,2278,0.014223002633889373,0.006293675485570821,0.007666889499141988,0.004477611940298506,0.003670867758592623,0.003142568539530875
3882,2748,2296,0.01332752613240418,0.00478139379540556,0.006589204716169869,0.003614982578397212,0.004701548031889907,0.002417101915427116
3883,2748,2320,0.013448275862068964,0.00707925769604029,0.005911145138834116,0.0040086206896551724,0.005912970708826006,0.002338574226039182
3884,2748,2284,0.011383537653239927,0.0038312583683877246,0.0024421457082795983,0.003940455341506128,0.003374463191246653,0.0005505318664271825
3885,2748,2321,0.012580784144765185,0.004822359520201693,0.005570192105817556,0.004308487720809994,0.004524701587253452,0.0024463652836893154
3886,2748,2305,0.014837310195227764,0.0060519873253347175,0.00855274280313645,0.005466377440347071,0.006171460496565781,0.004682427322295085
3887,2748,2353,0.010369740756481087,0.0026870485672648462,0.002699942876963269,0.00395240118997025,0.004049695923034181,0.0007843046291778837
3888,2748,2305,0.01197396963123644,0.0030857404417137437,0.00461625291367062,0.005509761388286332,0.0050521343053933606,0.002782590369991665
3889,2748,2285,0.01024070021881838,0.0038833950749245717,0.002311355278634388,0.00297592997811816,0.003496226633666862,-0.00021636479179906675
3890,2748,2282,0.014460999123575811,0.006167440775124893,0.006506672553287573,0.005258545135845748,0.005962984493643424,0.0033356602523121094
3891,2748,2310,0.008225108225108224,0.002945044685998533,0.0010488488347372544,0.003506493506493505,0.0040909808638674985,0.00022927577715653314
3892,2748,2310,0.012554112554112552,0.004906343422514246,0.0035915765949322666,0.0015584415584415571,0.0034080377941706464,-0.0009275216419598379
3893,2748,2320,0.009568965517241377,0.003634135262562988,0.0021969859976251876,0.002543103448275862,0.005007264919080642,-0.00011948276379644474
3894,2748,2286,0.007086614173228345,0.00010479546694515422,0.0007329827719612628,0.004724409448818897,0.0036405184373076932,0.0007391441737881677
3895,2748,2296,0.010627177700348432,0.0038236414811468806,0.002949982411615083,0.0033101045296167237,0.004477760796374507,0.0005472721342113992
3896,2748,2319,0.012677878395860284,0.004595145114084543,0.004996519296726669,0.005562742561448899,0.0057637339556877954,0.0028237236855071196
3897,2748,2276,0.01353251318101933,0.005454387686052689,0.005335169126663259,0.005272407732864673,0.004761718164096684,0.002400089531610288
3898,2748,2269,0.013045394446892901,0.0046339234126648275,0.005428574206637944,0.00392243278977523,0.005428325552813591,0.0018388708609187031
3899,2748,2275,0.006417582417582417,0.0023350019336867618,-0.001617085269953875,0.002065934065934064,0.003235632800289565,-0.002326501133099212
3900,2748,2289,0.007776321537789427,0.0026755192103822506,0.0013768151725381498,0.003232852774137177,0.004242380028376277,0.00046387938634801217
3901,2748,2301,0.009039548022598869,0.0034839082560336756,-0.0003444194449146946,0.0009126466753585396,0.0032554800850071145,-0.002735817534394155
3902,2748,2319,0.01500646830530401,0.0053869580822398615,0.006377530833433232,0.005045278137128072,0.005930583527375868,0.0026049614789876293
3903,2748,2299,0.0080034797738147,0.003527608260615174,0.0013948339195097754,0.0042627229230100035,0.00493761527254007,0.0013817469306423467
3904,2748,2335,0.010107066381156314,0.004778780012741569,0.0030225290396846765,-0.00012847965738758117,0.002960157017126544,-0.001155526028266118
3905,2748,2299,0.010526315789473682,0.0034743008036330347,0.0024024415492073627,0.002261852979556328,0.0023932992162965503,-0.0009648501174437004
3906,2748,2287,0.01119370354175776,0.003905259693865719,0.0034521438487220553,0.004634892872759072,0.005474203284002644,0.0020938875587936377
3907,2748,2274,0.011697449428320138,0.0029565439540915318,0.005083466505859179,0.0025945470536499556,0.002378500485987123,0.0011686706718629322
3908,2748,2286,0.01111111111111111,0.002330730763167911,0.003866825255591446,0.00564304461942257,0.004574895249686944,0.002668255273597851
3909,2748,2305,0.007895878524945768,0.003015108947913898,0.0036158173094512046,0.002429501084598698,0.0027992647288530258,0.001621351845518449
3910,2748,2281,0.009206488382288469,0.00321176062739456,0.0023301080938772254,0.0010521701008329666,0.0028414651144151944,-0.0012832253703495401
3911,2748,2289,0.006815203145478374,0.001482597511017961,-0.0008409503085795418,0.0018348623853210995,0.0027920888504197184,-0.002121586421662146
3912,2748,2332,0.00934819897084048,0.003649909409608555,0.002518318020183454,0.004202401372212692,0.005104315103703441,0.0016516195540387153
3913,2748,2281,0.009118807540552387,0.0019967636978610276,0.001133555526027699,0.0016659359929855314,0.0036404829482044538,-0.001367976397364669
3914,2748,2305,0.008590021691973967,0.0027484149839520013,0.002876865002781238,0.0036876355748373087,0.0050126511419676684,0.0013640869546141428
3915,2748,2281,0.007628233231039016,0.0017156733855961076,0.00025838514160986687,0.004427882507672074,0.004162200041413624,0.00019469656676178467
3916,2748,2263,0.01157755192222713,0.0032671206008210727,0.0032796587078356043,0.005346884666372072,0.004070387772089953,0.0014865443364997513
3917,2748,2306,0.006591500433651343,0.0004305875286032079,0.002359330173817629,0.0016912402428447518,0.001390718485414961,0.0001869586677147348
3918,2748,2324,0.010154905335628225,0.002565222568424505,0.0044732305239925056,0.0023235800344234073,0.003462673405108172,0.0007518917841049861
3919,2748,2333,0.010030004286326617,0.0021745816015922587,0.0027539202079891775,0.004072010287183883,0.0033572474194613604,0.0008585838403800775
3920,2748,2280,0.009298245614035085,0.003907859539067497,0.002737005293381187,0.005043859649122805,0.005777166911196791,0.0024333742891698915
3921,2748,2288,0.007779720279720279,0.0033042771636627812,-0.0007447701091365391,0.0015297202797202793,0.004554366188843439,-0.002225707092516156
3922,2748,2282,0.00885188431200701,0.0026760507597785835,0.0022997212815985255,0.0020157756354075365,0.0018052717627552277,-0.0003951166793640344
3923,2748,2317,0.010099266292619764,0.002026161049152607,0.004591625294153557,0.003495899870522227,0.0033090070820641164,0.0016958355371113666
3924,2748,2255,0.012239467849223945,0.005283276197771994,0.003152549085191785,0.005365853658536584,0.005233074954966788,0.0016018475403970025
3925,2748,2296,0.010714285714285713,0.002370269068460527,0.004604042840951144,0.0019599303135888493,0.0010620836825225894,0.0002796134452678665
3926,2748,2308,0.011525129982668974,0.004474360348859737,0.0035105714298702363,0.0043760831889081446,0.0048120973260675,0.0016314746471181522
3927,2748,2288,0.01145104895104895,0.004631170416872018,0.005436861886110162,0.003015734265734265,0.003995146286651025,0.002084550638404974
3928,2748,2292,0.011867364746945898,0.004906969050327449,0.004705501354363027,0.0029668411867364735,0.003517745241637883,0.0008666341584399437
3929,2748,2336,0.0086472602739726,0.002325836292003032,0.0013042706112006222,0.0033818493150684927,0.0026777216341342547,-0.0003813345480090505
3930,2748,2301,0.013733159495871358,0.005326363172551515,0.006200851102083296,0.006866579747935679,0.006159947148879059,0.004178177661945306
3931,2748,2311,0.011163998269147555,0.0030106546286808307,0.003971030116870286,0.005235828645607959,0.0037928742813224904,0.0024001087147101684
3932,2748,2266,0.009796999117387465,0.004016406947478421,0.003324127144997517,0.0017210944395410401,0.003628381550076169,0.00031788854107133504
3933,2748,2274,0.010026385224274403,0.0030530968500579038,0.0031561669687112212,0.00408970976253298,0.004339706705695147,0.0014892961935777122
3934,2748,2290,0.01318777292576419,0.0038489022901647377,0.005427668857490007,0.0010917030567685578,0.0025896621826245335,-0.000414019969597148
3935,2748,2278,0.011062335381913957,0.003389972640099826,0.005544188598465738,0.005531167690956979,0.004985778201236537,0.003880150853662383
3936,2748,2273,0.00853497580290365,0.0031279157282954363,0.002283613247899788,0.004091509018917729,0.004226238444723613,0.0014855501374586458
3937,2748,2269,0.013045394446892901,0.004555757328527875,0.004710099530877498,0.006081974438078447,0.005175617520713942,0.0024644358905088638
3938,2748,2311,0.01246213760276936,0.0043622548337933055,0.005567100718684608,0.0057118130679359586,0.00514745656699238,0.003244250851902327
3939,2748,2308,0.008145580589254764,0.0027568414784718037,0.002519377488824531,0.004376083188908144,0.004140664196651722,0.0017458486062266328
3940,2748,2305,0.008329718004338392,0.0030185580191034915,0.0021366979574874143,0.001995661605206073,0.003154844090162008,3.263466014121379e-05
3941,2748,2306,0.008065915004336512,0.003222570555243114,0.00022092698270204748,0.0019947961838681695,0.003835527950295423,-0.0009850550096796443
3942,2748,2309,0.007968817669987006,0.0019077406153786968,0.001673658217275281,0.002988306626245126,0.0024180299703432245,0.00021720114150513507
3943,2748,2279,0.0068451075032909155,0.0013186819550651176,0.0015089628536660454,4.3878894251863723e-05,0.0014384828053089467,-0.0016454585010517726
3944,2748,2297,0.01123204179364388,0.003484060268363196,0.00350176292950672,0.004440574662603395,0.0049827609218122595,0.0017284988589033863
3945,2748,2301,0.007996523250760538,0.0032827988177375313,0.002349308549560867,0.0011734028683181214,0.0030557625264314475,-0.0007427111166264305
3946,2748,2290,0.008034934497816594,0.002486724340651408,0.003007689668194973,0.001484716157205239,0.0023795685138764734,0.00029407872653541486
3947,2748,2256,0.008953900709219855,0.0035574171708996115,0.003340799016757699,0.00252659574468085,0.0017479101800690407,0.0008456335059939619
3948,2748,2279,0.009828872312417724,0.0038358869956348876,0.0023183180163405233,0.0010969723562966201,0.002610245363458232,-0.0012669695851342559
3949,2748,2303,0.009726443768996958,0.0027747185359489742,0.0021875483922954935,0.004863221884498478,0.004980815681579061,0.0014641329397631156
3950,2748,2282,0.011831726555652932,0.002819123977229164,0.0033832890475173393,0.0047326906222611735,0.003292024676311243,0.0013035647470920175
3951,2748,2265,0.0068874172185430455,0.0033430952897467343,-0.0003251029530292019,0.003487858719646798,0.0050036615688623465,-0.0001703185295130245
3952,2748,2304,0.009374999999999998,0.003129414449116117,0.0017933259242345777,0.0023437499999999995,0.003860394432552588,-0.0002946411706838588
3953,2748,2308,0.008058925476603118,0.003890741867767982,0.0017067401617619315,0.0025563258232235687,0.0049112124533121524,0.0004748495471716894
3954,2748,2319,0.01052177662785683,0.0033039354274367653,0.003235468859988698,0.0035791289348857253,0.0030184729708021816,0.0008044588751506205
3955,2748,2315,0.012354211663066952,0.0037246036028221047,0.005332199029925234,0.0016846652267818564,0.00498239686320705,0.0004882893320476089
3956,2748,2303,0.01927920104211897,0.008075924354255715,0.011699274629376541,0.0036908380373425953,0.004600876830430956,0.0037260292985819275
3957,2748,2289,0.009960681520314547,0.0035691455925520796,0.003301407195607079,0.0016164263870685881,0.002824153688069571,-0.00019130520292171582
3958,2748,2308,0.008058925476603118,0.0012872373573055878,0.0024067783693972563,0.005415944540727902,0.004987885527538007,0.002255000222314321
3959,2748,2308,0.013431542461005197,0.003825517347578847,0.005133700150678863,0.0019497400346620442,0.003197500668930991,8.891613723147068e-05
3960,2748,2331,0.013127413127413126,0.004382316991815938,0.0056892923976892065,0.00579150579150579,0.005630686659125111,0.003352476453225755
3961,2748,2347,0.011418832552194287,0.004771650584912596,0.0025955840017243726,0.0040477204942479745,0.0041521357666337395,0.0003598933115000361
3962,2748,2303,0.009900130264871906,0.004097468535121837,0.003714512656794562,0.0018237082066869293,0.003380301065927214,0.0002831618265424571
3963,2748,2261,0.010172490048651036,0.004635941279174316,0.004149939613674458,0.0020787262273330373,0.0021701857860467505,0.0005661435281723265
3964,2748,2318,0.01173425366695427,0.0029695367622430005,0.0032886490604183984,0.004270923209663502,0.0027884718705683573,0.0006238564194748784
3965,2748,2302,0.01094700260642919,0.0036319400631711902,0.004778836022439415,0.0026064291920069502,0.00401859738262599,0.001274255647777517
3966,2748,2306,0.01526452732003469,0.00407527805444685,0.0057852601665334905,0.004813529921942757,0.005270279699127516,0.0017308432912076259
3967,2748,2321,0.01016803102111159,0.0025572930281711035,0.002363521483687616,0.002542007755277896,0.0023843177100751818,-0.0002740114174001575
3968,2748,2286,0.015748031496062992,0.005427855824881377,0.006550483817590156,0.002012248468941382,0.002756589550370206,-3.0989263250211293e-05
3969,2748,2288,0.018356643356643353,0.007731488707366122,0.011683944549665377,0.005375874125874125,0.005034822534158174,0.00541563003039562
3970,2748,2303,0.009639600521059485,0.0033270402318551938,0.0023440612728001862,0.005427702996092052,0.004569406543901937,0.0017610773510913164
3971,2748,2327,0.011688869789428447,0.004202473922234291,0.0018621673852325436,0.001375161151697465,0.00356156114331969,-0.001814679122344323
3972,2748,2301,0.01216862233811386,0.005121293750115667,0.005316469427655873,0.006823120382442415,0.006557101849305248,0.004303375169502527
3973,2748,2291,0.011086861632474899,0.004582289138687685,0.0025026887469890738,0.00039284155390659057,0.0030821638529605934,-0.0019417233331384272
3974,2748,2299,0.006959547629404088,0.001070654528440405,-0.0002683403472830575,0.0009134406263592867,0.001996000555198946,-0.002331910961873687
3975,2748,2295,0.010283224400871456,0.003038618799846089,0.003140510769793275,0.003572984749455336,0.003757247037476309,0.0008942547783342235
3976,2748,2315,0.011058315334773215,0.004615345372162041,0.0045899427766263115,0.0037580993520518347,0.004452988899281029,0.0023103856517715693
3977,2748,2306,0.008846487424111014,0.003789969154726412,0.0023891967272219585,0.003209019947961838,0.004297184718525702,0.0005964654320249804
3978,2748,2309,0.012213079255088782,0.0042977036676913934,0.0025810801709025798,0.004114335210047638,0.006186525636065224,0.00048200684321125976
3979,2748,2315,0.009503239740820733,0.003310362048056027,0.0019821722792385255,0.005399568034557234,0.0056557234677526306,0.0014574784978112854
3980,2748,2309,0.014032048505846682,0.006444048197517772,0.0062910600315301095,0.0021654395842356,0.004383624220313176,0.0011115984469440851
3981,2748,2299,0.00791648542844715,0.0033000346566794975,0.0003544229593663361,0.0026533275337103077,0.003653765104411851,-0.0005783416559494689
3982,2748,2271,0.007397622192866577,0.0028272728677823876,-0.00023281793577586903,0.00048436811977102583,0.002470683832271244,-0.0025114008180813358
3983,2748,2301,0.010691003911342893,0.004209453253703358,0.004582539614016862,0.004910908300738808,0.004392926665708609,0.003085340424641591
3984,2748,2275,0.0109010989010989,0.004076850181030632,0.0031499818572448693,0.002769230769230768,0.004805678514614488,0.0007141960699787018
3985,2748,2281,0.010083296799649276,0.004789886684764744,0.001892325205748722,0.00407715914072775,0.0070967640568473656,0.0010202586726576618
3986,2748,2285,0.01024070021881838,0.002497797043502435,0.0022997412783321227,0.0049890590809628,0.004615635292498837,0.0014246394320907966
3987,2748,2314,0.012791702679343127,0.005397478072635189,0.0053458900948658294,0.0026361279170267933,0.004892201586416099,0.0010796017047908883
3988,2748,2251,0.01075077743225233,0.0029286803485488837,0.0038051540742860372,0.0031541537094624604,0.0026713015806552427,0.0008872145686932416
3989,2748,2291,0.01082496726320384,0.004517901432780807,0.0031037291692639977,0.0023570493234395455,0.004407003437140706,0.0002340803228223231
3990,2748,2269,0.00899074482150727,0.002509818479730226,0.00013769352712210458,0.0035257822829440275,0.00441527041004867,-0.000808759738554674
3991,2748,2287,0.011543506777437689,0.004339699424354387,0.002838445312929363,0.004940970703979011,0.0050358916389410795,0.0012274081307562972
3992,2748,2270,0.009427312775330396,0.004466287941994204,0.002861593676931726,-0.00017621145374449462,0.0029309217163329348,-0.0013451195947049655
3993,2748,2308,0.014038128249566724,0.003790795989407388,0.006408253217543447,0.006152512998266896,0.004236724561238568,0.0034869945795051563
3994,2748,2281,0.012713722051731694,0.004130590045369973,0.0034762544402088414,0.003463393248575185,0.004489897938640215,0.00016813665421120657
3995,2748,2246,0.012110418521816562,0.004870374509719719,0.005537013571056401,0.0014692787177203912,0.002785339921317391,0.00028619080863682224
3996,2748,2312,0.008131487889273354,0.002104027740543604,0.0005771388444317274,0.003979238754325258,0.004266326010358361,0.0003640522121904685
3997,2748,2283,0.011125711782742005,0.004239606688238306,0.003932355599898958,0.005124835742444151,0.005880960809575274,0.002464084563570655
3998,2748,2329,0.010562473164448262,0.004715445892912812,0.003943300516249368,0.0013310433662516092,0.0035536573183868538,-0.0003913911140836524
3999,2748,2274,0.008003518029903253,0.0013548122060112488,-0.001220090320834966,0.0043095866314863665,0.004093208315282277,-0.0007971411131331086
4000,2748,2283,0.008935611038107751,0.00406451482608692,0.0035176156316076225,0.003679369250985543,0.004011638732237798,0.002192186725756651
4001,2748,2300,0.005217391304347825,0.0018717249611583228,-0.0009274730371366313,0.0022608695652173902,0.0026507821836140233,-0.001189785270859027
4002,2748,2324,0.008433734939759035,0.0027833493390761505,-0.00044446901964853737,0.002839931153184164,0.002631425496322279,-0.0014516087838734799
4003,2748,2269,0.012428382547377697,0.00461246320611221,0.004823768196479928,0.0062141912736888485,0.005841812917692183,0.0034731338538793225
4004,2748,2326,0.011263972484952707,0.002977718304332792,0.001979946167688535,0.004041272570937229,0.00370706625381161,-0.00011302358186991487
4005,2748,2292,0.011256544502617798,0.004756586991636952,0.004102683506793647,0.0028795811518324598,0.002839770580160137,0.0008478625412482871
4006,2748,2312,0.012456747404844287,0.004375443601254296,0.006230808673156592,0.00653114186851211,0.00560313774512995,0.004378631147219673
4007,2748,2333,0.013030432918988425,0.004683207928678886,0.004056845580030503,0.001843120445777967,0.0022089583068273613,-0.0009941568751877954
4008,2748,2295,0.010370370370370368,0.0032438989472843363,0.0026331345600251565,0.00579520697167756,0.004224442219904174,0.002037684023129404
4009,2748,2298,0.013141862489120974,0.005061597253698309,0.004473151115259451,0.0060922541340295904,0.005408669456434095,0.0026191328897998438
4010,2748,2281,0.009820254274441035,0.002830979056310826,0.004371016839311739,0.001972818939061814,0.003009938647426343,0.0007278690000257606
4011,2748,2274,0.009498680738786281,0.0026663785473204195,0.0005330776642701394,0.004837291116974493,0.004599783490045223,0.00046053983901625316
4012,2748,2279,0.010179903466432645,0.004685345609517769,0.002237862645547706,0.006537955243527863,0.005160907916970907,0.0028999691638168317
4013,2748,2314,0.012445980985306825,0.00316634838139557,0.005182239045923011,0.004667242869490059,0.003091360578200936,0.0021251518725279883
4014,2748,2285,0.0099781181619256,0.0034421049746347146,0.00218038909305886,0.002844638949671772,0.004287046245303947,1.3201123397139023e-05
4015,2748,2300,0.00826086956521739,0.00171444271433063,0.0013152191000269484,0.004304347826086954,0.004421295714517885,0.000799224074892153
4016,2748,2287,0.014779186707477044,0.0064125261079006094,0.007101489255420253,0.0057280279842588525,0.004983293518477019,0.003718571544167823
4017,2748,2283,0.011826544021024966,0.004673165906761249,0.0034151606445009413,0.003372755146736749,0.005105449938931702,0.0006875957143421946
4018,2748,2310,0.010216450216450214,0.003459827496036046,0.0018701114469166576,0.003982683982683982,0.005279164521515613,0.000503605487325396
4019,2748,2295,0.011241830065359476,0.00448242604170763,0.003757861755880744,0.0026579520697167743,0.0033707004545629822,0.0002765020781630728
4020,2748,2296,0.014198606271777001,0.005427524609402946,0.0071856832930239185,0.004834494773519163,0.004890245704399791,0.0032925766347861795
4021,2748,2321,0.010168031021111587,0.004046766512379499,0.002915079675625981,0.004739336492890994,0.003825667303377338,0.0016007946691828083
4022,2748,2287,0.012155662439877568,0.005139170415984474,0.004464059137853377,0.003410581547879317,0.0050490838099537345,0.0012434465660294198
4023,2748,2338,0.013344739093242085,0.004118651627922142,0.006268899183884395,0.0034217279726261748,0.003125171276206123,0.0014575476343270735
4024,2748,2316,0.009585492227979274,0.004527413410728653,0.001982446252476248,0.0015975820379965442,0.00379178080529191,-0.0006576528824035056
4025,2748,2281,0.01341516878562034,0.005028034069185209,0.004337100235810585,0.0007891275756247251,0.00138404779109103,-0.0014289299070572661
4026,2748,2310,0.01134199134199134,0.0031949775272000804,0.0040664555990796245,0.0046753246753246745,0.0032472847870942036,0.0014656488219081853
4027,2748,2308,0.010485268630849219,0.0037686355396053645,0.004474111598140805,0.001429809358752166,0.0032961436985170884,0.00034567685462257784
4028,2748,2288,0.008916083916083914,0.004289957064054431,0.0028455026545482045,0.002666083916083915,0.002775025136552115,0.000708759835756852
4029,2748,2288,0.010489510489510488,0.00317232580398919,0.0015836508007190358,0.004064685314685314,0.0032692001535004726,-0.00014282590132053897
4030,2748,2289,0.013543031891655743,0.005669262187254928,0.00595450323707526,0.005329838357361292,0.005900328736582847,0.0028987316863364116
4031,2748,2279,0.01061869240895129,0.0034363235522234872,0.003766463679926709,0.006274681878016673,0.005243404387893714,0.0034391978057367436
4032,2748,2255,0.011175166297117515,0.004707756199663282,0.0037526932562399824,0.003192904656319289,0.0036257906412639875,0.0008274555054360377
4033,2748,2270,0.011541850220264317,0.005452088333002549,0.004805079304328286,0.004625550660792952,0.00633417377142325,0.0025453644141837004
4034,2748,2291,0.01257092972501091,0.004559682512535696,0.00591825748169645,0.0014840680925360089,0.0015884082863895253,0.00026821027887749874
4035,2748,2333,0.010715816545220745,0.004865197027844594,0.00406030116331282,0.0036862408915559358,0.004104306909312818,0.0014479332366133886
4036,2748,2265,0.010596026490066223,0.004619542613503494,0.0027352621568703353,0.00693156732891832,0.007147807911849708,0.0031178849692549563
4037,2748,2308,0.01317157712305026,0.004871461573747686,0.006259841208040249,0.005285961871750431,0.005171742575165666,0.0036983125242999464
4038,2748,2327,0.011087236785560806,0.003762044531667088,0.004624220974684265,0.0040395358831113014,0.0032915473785170295,0.0021935392760035963
4039,2748,2289,0.010834425513324595,0.0037727625999752963,0.0028333323315776465,0.004543468763652248,0.0054184130445858545,0.001439812645415228
4040,2748,2295,0.011590413943355117,0.004483936131352386,0.004643585717067118,0.0053594771241830055,0.003982040099477964,0.0027658930852953517
4041,2748,2299,0.013571117877337972,0.005819708477352883,0.0031348665671543465,0.0042627229230100035,0.00510356307429369,0.0004923842438131972
4042,2748,2287,0.006471359860078705,0.0023810648798196655,-0.00084314498995118,0.0031482291211193687,0.004268319767790027,-0.0009579348170137817
4043,2748,2300,0.009913043478260868,0.004464606262678951,0.0021444520443369007,0.00426086956521739,0.004622991128748957,0.0011266384804021743
4044,2748,2296,0.010801393728222993,0.003425405563890794,0.0027288598611552453,0.004573170731707316,0.0056401653472758365,0.0011001321701747586
4045,2748,2311,0.00865426222414539,0.001439486333757559,0.0011769170909528158,0.003980960623106878,0.0036028069192192685,0.00023424835552764194
4046,2748,2291,0.00986468790920995,0.0035460226304849327,0.0019752036532023494,0.006329113924050631,0.004855566889086293,0.002213027612518322
4047,2748,2251,0.005775211017325633,0.001656061343126448,-0.0005525743517740721,0.002709906708129719,0.002624700996990327,-0.00051857237618619
4048,2748,2283,0.00779675865089794,0.00308005386393743,0.0007432121450984086,0.002715724923346472,0.0030171755080014573,-0.0003600664779816372
4049,2748,2275,0.011428571428571427,0.0026432697731111096,0.004637510652002191,0.00312087912087912,0.0048503115080659595,0.0013914436678292758
4050,2748,2324,0.012650602409638554,0.005354140841844112,0.004902055120142207,0.003915662650602409,0.00473195977877243,0.002188487738253789
4051,2748,2270,0.008105726872246696,0.0034194762844374795,0.002953214494500984,0.001145374449339206,0.0020175774162034554,0.000300338901574726
4052,2748,2326,0.009716251074806535,0.0030030224781944534,0.0029389541179780745,0.001977644024075666,0.0027943986588245383,-0.00011738401885193543
4053,2748,2313,0.006744487678339818,0.003759049716004813,0.001274806126205929,0.004971897968006916,0.005909932183332675,0.002125176894148741
4054,2748,2283,0.012176960140166443,0.004911738709271019,0.003957392632677111,0.004555409548839246,0.003534632272232089,0.0010818245532233787
4055,2748,2289,0.014678899082568805,0.006388046436896259,0.007055351004099745,0.005417212756662297,0.005237835377105686,0.003716225852137667
4056,2748,2318,0.010957722174288177,0.0026420619300414083,0.002123433051569712,0.0073770491803278665,0.005074634867798899,0.002485614007503323
4057,2748,2265,0.009359823399558497,0.0030938942617798272,0.001699201038240009,0.0030022075055187625,0.003667752410653072,-0.00012939472068918445
4058,2748,2277,0.013175230566534912,0.005410159330451595,0.006583316862323151,0.002854633289415897,0.0030394568936973026,0.00181753753022662
4059,2748,2315,0.009589632829373649,0.004824406588071877,0.002555975690283413,0.0038444924406047503,0.004858340571509363,0.001383636898730245
4060,2748,2326,0.009200343938091141,0.0036380001696832832,0.0020331935354672985,0.0018916595012897664,0.002475727816298629,-0.0007824375256447131
4061,2748,2298,0.00896431679721497,0.004839744049927847,0.002686411851506539,0.000565709312445604,0.0024231130639873915,-0.0006078903455561192
4062,2748,2302,0.013814074717636833,0.005850530724636752,0.0024901355071324308,0.006125108601216332,0.006333962763777147,0.0015418253464388732
4063,2748,2302,0.011555169417897478,0.002939121759030824,0.003931684715916398,0.003388357949609034,0.0027968271630289697,0.0008111092680453739
4064,2748,2302,0.013292788879235446,0.005621981431843851,0.00462036877045536,0.005777584708948738,0.00568670521241494,0.0023805953387290415
4065,2748,2300,0.011217391304347825,0.00491874453143637,0.0035210788202022026,0.00426086956521739,0.004913400048752477,0.0014685804790858675
4066,2748,2277,0.009046991655687306,0.0038802004599685805,0.005789271352651273,0.0009661835748792262,0.0013473836555581856,0.0011352531941095777
4067,2748,2302,0.011902693310165071,0.004094411493738711,0.0032102076966188573,0.005169417897480449,0.0060043964958906,0.0017065408386101482
4068,2748,2296,0.011672473867595817,0.0038544855345994545,0.004521070234538457,0.0024390243902439016,0.0037308058937170095,0.0004431891147445065
4069,2748,2284,0.011208406304728543,0.0043377950904608265,0.005345438712549815,0.001970227670753064,0.0022452783073729737,0.0010855578296327182
4070,2748,2300,0.011652173913043476,0.00448176251197542,0.0038959127521447797,0.0017391304347826072,0.0041423650274279985,-0.000186598233185289
4071,2748,2331,0.010467610467610465,0.0026611346664336018,0.002940551851101176,0.001973401973401972,0.002583487798192917,-0.0005566949286995274
4072,2748,2300,0.0108695652173913,0.0036031887046790384,0.003517378057921087,0.005478260869565215,0.005265168469915078,0.00238970365311192
4073,2748,2331,0.013899613899613895,0.004331983011431837,0.005548890975768708,0.005834405834405833,0.004262075654577586,0.002641875177877203
4074,2748,2266,0.011297440423654014,0.00428840285418932,0.001431056426351283,0.006222418358340687,0.00622750703200934,0.0011777858115540893
4075,2748,2308,0.010311958405545926,0.0031507987307506685,0.0027716667089496207,0.004462738301559791,0.005270257269232843,0.0013579672523524077
4076,2748,2323,0.010331467929401634,0.0038501469209764397,0.002748297588607849,0.004261730520878174,0.004953719175711039,0.0012789597839929353
4077,2748,2334,0.009682947729220221,0.00504170875488562,0.004480936405812066,0.0025278491859468707,0.005408505309796367,0.001653065929465401
4078,2748,2315,0.007775377969762419,0.0012857107443872147,-0.0006391297032395344,0.004103671706263497,0.004648185574499982,-0.0006512605400483038
4079,2748,2303,0.008510638297872339,0.0024705794975354526,0.00021082067481936504,0.004602692140686061,0.003889302668339613,0.0001611425970335166
4080,2748,2323,0.012397761515281961,0.004183340986534877,0.005584632077883986,0.0031424881618596625,0.003923386436224605,0.001631258130201722
4081,2748,2305,0.011800433839479391,0.0028720912777471324,0.003944934299796471,0.003210412147505423,0.003845140797034679,0.0005770237697590286
4082,2748,2290,0.01519650655021834,0.006950687111243491,0.005475676835626788,0.004934497816593885,0.004442247198918395,0.0017634698799220397
4083,2748,2302,0.006776715899218069,0.0010917868759656557,0.0003458005255053784,0.0010860121633362294,0.00162750011842344,-0.0015555782925631134
4084,2748,2306,0.01578490893321769,0.005250844170717497,0.010161548935826529,0.004032957502168256,0.002709041856480763,0.0037222884950200595
4085,2748,2301,0.014428509343763576,0.004870916683607055,0.0070837800277568095,0.005997392438070403,0.00517606166626883,0.003983139922769313
4086,2748,2282,0.010780017528483784,0.0025052979508585877,0.0036095292349428653,0.004163014899211217,0.0037268057170010914,0.001220875893476887
4087,2748,2329,0.01176470588235294,0.0037864370711188076,0.004457810742415654,0.003778445684843279,0.002798495367187602,0.00127183812172257
4088,2748,2287,0.00909488412767818,0.0027745760073269667,0.001042790235296452,0.004853519895059027,0.0045250862314613165,0.0006283405530236415
4089,2748,2296,0.011585365853658535,0.004837039293391036,0.004619722101689435,0.004834494773519163,0.006239699859886732,0.0027816091504539423
4090,2748,2327,0.013149978513107003,0.004989327182110025,0.00646662287559845,0.00739149119037387,0.006013807887114362,0.005176701164890067
4091,2748,2296,0.012108013937282228,0.006620777231448186,0.005247350025763625,0.0026132404181184662,0.004394582284955434,0.001062349701963255
4092,2748,2297,0.011144971702220285,0.004393956657622016,0.002828488654001007,0.001697866782760121,0.0034931244117722524,-0.0008643125032603423
4093,2748,2261,0.00946483856700575,0.003874283286230091,0.004151743743076117,0.0012383900928792562,0.0036487709569393064,0.0004038794827937518
4094,2748,2292,0.009773123909249563,0.0036994588108729804,0.002717363867248329,0.003141361256544501,0.003513306761473858,0.0006671610917381665
4095,2748,2295,0.011677559912854027,0.00495662571877619,0.004883788217191219,0.0019607843137254884,0.0031006263923912406,0.00038059175293488436
4096,2748,2285,0.010415754923413564,0.003471922230781829,0.0019882640140438867,0.0026695842450765853,0.002032885275297406,-0.0008973196895121446
4097,2748,2320,0.005689655172413792,0.002600018474289016,-0.0014442240125066346,0.0016810344827586196,0.003270300290654518,-0.001813725120105586
4098,2748,2305,0.007982646420824295,0.002925002060746237,0.0012869893194302842,0.0024728850325379604,0.003926509505221815,-3.4281400865235265e-05
4099,2748,2276,0.011159929701230227,0.003914255105277516,0.002672596744108345,0.005887521968365553,0.004351694608623375,0.001654722974774905
4100,2748,2295,0.012810457516339867,0.0054948735959269995,0.00733504518727418,0.0026143790849673188,0.004419981759653451,0.0022749082819598274
4101,2748,2275,0.009318681318681316,0.005132295354414323,0.0025569685209024286,0.004879120879120878,0.004262782638881351,0.002106393100617536
4102,2748,2297,0.011144971702220285,0.0044652513218670815,0.006080986398806044,0.00322159338267305,0.003703476930706908,0.002573418003917615
4103,2748,2280,0.007280701754385964,0.0020381825677502027,0.0006710815326581214,0.0021491228070175425,0.0032629042846519076,-0.0004981496882639803
4104,2748,2287,0.011718408395277656,0.005228217656260555,0.0036507671317385078,0.005421950153038915,0.004281802427520608,0.0018794073399513629
4105,2748,2290,0.00986899563318777,0.004274723089584055,0.002026090769356146,0.0027947598253275094,0.0034471077316202024,-0.0003847162973081755
4106,2748,2309,0.011866608921611085,0.005555524829129693,0.005352788471686202,0.0037245560848852307,0.004136289852010008,0.0019472349753437796
4107,2748,2272,0.010035211267605633,0.0022857652984103216,0.001405623682366575,0.00453345070422535,0.003799677834142915,0.0002504039079899041
4108,2748,2360,0.012457627118644064,0.0039911098633738295,0.00689685577314556,0.004999999999999998,0.003696575159461227,0.003351719479955644
4109,2748,2304,0.012326388888888885,0.003520481700952558,0.0035800664909736066,0.0029079861111111095,0.0025649120880070556,-0.000146704005661159
4110,2748,2283,0.0070959264126149784,0.0021058112549615883,-0.002038364327617963,0.0024529128339903627,0.004268382365589981,-0.002635868518062565
4111,2748,2291,0.011697948494107374,0.003602340896788572,0.0018815241134281838,0.004277608031427323,0.003157234829519534,-0.0005025932470628272
4112,2748,2314,0.010630942091616247,0.004433349864446289,0.004822496693012094,0.0038893690579083822,0.0031780240401048407,0.00214491322456974
4113,2748,2271,0.015235579040070451,0.006660995884134169,0.00744081982775871,0.002818141787758695,0.0044609539095645315,0.0018971154271117474
4114,2748,2318,0.00811044003451251,0.0032543275683945385,0.0002730702187620558,0.003710094909404658,0.004302473633687252,-0.00029094071051770414
4115,2748,2291,0.01475338280226975,0.004746792480399397,0.005406022970932732,0.005456132693147096,0.005571191547461005,0.0019976200454664855
4116,2748,2318,0.012510785159620359,0.004953659616497425,0.005002433141861328,0.0034943917169974106,0.004009395595813779,0.001366921503708484
4117,2748,2314,0.011235955056179773,0.005807979311513858,0.005294098899826269,0.005185825410544511,0.005631980485246818,0.0034175754465739774
4118,2748,2301,0.015036940460669272,0.005263169765934613,0.006569026108182668,0.0017818339852238155,0.005159125549287141,0.0006194744477819022
4119,2748,2300,0.012782608695652172,0.0041926698569637435,0.004612680234367248,0.0037391304347826077,0.003040547373053953,0.0010001865669074651
4120,2748,2305,0.011626898047722344,0.005870601356294222,0.006004229841368051,0.00563991323210412,0.006446570753350304,0.004644275085058644
4121,2748,2330,0.011845493562231758,0.005035729264955507,0.0063824638401550615,0.0029613733905579386,0.0035481887995577354,0.0025429376340379696
4122,2748,2316,0.012607944732297063,0.005087520678058877,0.005609569342191482,0.004101899827288427,0.003581494159968393,0.001975640630495216
4123,2748,2274,0.013192612137203165,0.005582560449381096,0.006310390967669852,0.004353562005277044,0.004930807806158827,0.0029124959838021628
4124,2748,2313,0.011673151750972761,0.004207842864642784,0.004186292637478669,0.004193687851275399,0.00374730812275054,0.0015813892621518947
4125,2748,2287,0.011718408395277656,0.004816921909044474,0.003948346615783635,0.0037166593790992552,0.00455013300984829,0.0011635644456294979
4126,2748,2276,0.01133567662565905,0.003993653121197573,0.005169723569546233,0.0031195079086115984,0.0030147564207872097,0.001586351536508644
4127,2748,2297,0.011580322159338264,0.0035557974903349886,0.004559472442320801,0.0033086634740966477,0.0033504692739501477,0.0009958865201243371
4128,2748,2294,0.014298169136878813,0.005907879741221723,0.0057169848011224145,0.005405405405405404,0.004997337922162592,0.002357936590693065
4129,2748,2267,0.011910013233348038,0.003894114787990849,0.002238522777449295,0.0038817820908689893,0.004650449773033214,0.0001969491977465866
4130,2748,2328,0.013487972508591062,0.004648019553620438,0.008196894382838658,0.004553264604810995,0.004174312233413747,0.004088741669281513
4131,2748,2303,0.01189752496743378,0.005197571232176702,0.0038375767140239954,0.0003473729917498908,0.0030396213066347364,-0.0016243340096002091
4132,2748,2298,0.00835509138381201,0.0063032536374819145,0.004357548460031872,0.004003481288076587,0.005646039696863955,0.0033784463576724713
4133,2748,2292,0.010034904013961603,0.003516948859307332,0.0027433786027248335,0.0030977312390924948,0.0041246820897915155,0.0005634966718006108
4134,2748,2316,0.011571675302245251,0.005350147679575303,0.003624099614510538,0.002158894645941277,0.0028667253775218598,-0.00012507389276809704
4135,2748,2289,0.009523809523809523,0.003123394525615069,0.0006198447678614062,0.003058103975535167,0.004124808122475613,-0.0007960581802508675
4136,2748,2267,0.012615791795324214,0.004550915040586702,0.00697948525433331,0.0011027790030877802,0.00308251269526709,0.0012134131511682806
4137,2748,2286,0.008486439195100611,0.004053206677341922,0.000994245573345854,0.003718285214348205,0.003111159632914067,0.0003459698608983894
4138,2748,2300,0.01226086956521739,0.005392194259790829,0.004703715736914767,0.00517391304347826,0.006061547515489224,0.0027519745798066405
4139,2748,2289,0.014067278287461772,0.0046532255785741794,0.007196459271805914,0.007339449541284402,0.005844403377850717,0.0052257707050348805
4140,2748,2308,0.012218370883882147,0.0026700218632492376,0.005242542079042226,0.004549393414211437,0.003755928951253169,0.0022181170918075003
4141,2748,2301,0.014602346805736634,0.006595590592066921,0.007529400840479547,0.0071707953063885254,0.0076029519300860075,0.005241515725317385
4142,2748,2284,0.0058669001751313465,0.0023284995607905216,-0.0017884011963746583,0.003327495621716286,0.0030876110394840515,-0.0011314717819002466
4143,2748,2293,0.004709986916703008,0.00048078198561684243,-0.0009666491532225544,0.0025730484081988646,0.0023036735732175164,-0.0008037354735964129
4144,2748,2296,0.007665505226480834,0.0023931616824920997,0.002643523336910007,0.0027003484320557475,0.0032344269122462905,0.0010539872148642025
4145,2748,2312,0.01107266435986159,0.0048395580052821244,0.005242124663713701,0.0033737024221453284,0.004468810275110835,0.001974819198146925
4146,2748,2303,0.009205384281372122,0.0023126794657815273,0.0008029690420495886,0.0037342596613113323,0.004780320614829665,-0.00023012273843403205
4147,2748,2282,0.012532865907099035,0.004411608837746714,0.0036183561276977986,0.0037686240140227846,0.0030750025553148304,0.0001959356231275211
4148,2748,2284,0.011033274956217162,0.005043491036576124,0.0032244399598186702,0.004290718038528896,0.0047113692094324835,0.0015561657729869559
4149,2748,2337,0.01232349165596919,0.005252872351086786,0.0042392441983772474,0.004193410355156182,0.003984385735483955,0.0012566920532825804
4150,2748,2327,0.010829394069617531,0.003425691884286972,0.002850011721195412,0.0032660077352814777,0.004098957679901233,-3.724576548969878e-05
4151,2748,2300,0.011739130434782606,0.0030384032132651888,0.003832856636844832,0.0069999999999999975,0.004953931228672359,0.0031155032451153594
4152,2748,2278,0.011413520632133448,0.0037721038424919353,0.0030264600992964946,0.0035557506584723425,0.004180366498021201,0.0003940546153452143
4153,2748,2288,0.009877622377622375,0.004869784658352358,0.004368355299010276,0.003627622377622377,0.004817259881403286,0.002297568391133044
4154,2748,2254,0.010825199645075419,0.0033417195549312654,0.0038235305724868725,0.004569653948535935,0.003617677096475079,0.002037215705107292
4155,2748,2268,0.011375661375661374,0.004011398747209504,0.0023960175501175776,0.004585537918871251,0.004396977284203692,0.00061086978922044
4156,2748,2292,0.00951134380453752,0.004900371841843121,0.003202563953858208,0.0022687609075043615,0.00496403607615552,0.0010088964641199766
4157,2748,2311,0.010990913024664645,0.003755837910086865,0.0025081911446951156,0.007572479446127216,0.006019164086710879,0.003148747849461833
4158,2748,2322,0.013178294573643409,0.0049562573647941085,0.004521615608997266,0.004005167958656329,0.004032878848088166,0.0015499455520119278
4159,2748,2303,0.008597481545809813,0.00320860540930577,0.0005923140215668458,0.003343465045592705,0.0034608113528220843,2.4547086695486064e-05
4160,2748,2297,0.008707009142359598,0.003114870330265255,0.0024306934198816297,0.005311275576839354,0.005272478131015939,0.0025083657926954165
4161,2748,2301,0.01112559756627553,0.003212206813372746,0.0014358666028164982,0.005128205128205127,0.004547040331246607,0.0006277474320706519
4162,2748,2302,0.011728931364031274,0.004269576983921021,0.0036554856824626853,0.0035621198957428313,0.004224115975048364,0.0008213689951773979
4163,2748,2312,0.01228373702422145,0.006024575409633545,0.006384544448527646,0.0065743944636678184,0.005950324409153073,0.004612902759282595
4164,2748,2287,0.012767818102317446,0.005907606944308616,0.006120919905051302,0.002667249672059466,0.0037733940686970548,0.0018708973610726942
4165,2748,2293,0.013170518970780636,0.005745227225885554,0.00589669699717487,0.0071958133449629294,0.006949520975867897,0.005009237638422211
4166,2748,2309,0.01108705067128627,0.002335829801170344,0.0024375272473975973,0.0039844088349935015,0.004032702833862672,0.000401870864680565
4167,2748,2297,0.011580322159338267,0.003486729918374127,0.005047784620135366,0.005267740531127557,0.004680500415217621,0.0029100355203102724
4168,2748,2312,0.010121107266435985,0.0034823832328497147,0.0017798415281834,0.006790657439446367,0.006380214076275195,0.002167791574815191
4169,2748,2286,0.013298337707786526,0.004145474119296173,0.0051357428083841665,0.0032370953630796143,0.004264313019320622,0.0011637114517488918
4170,2748,2289,0.010834425513324595,0.0031297149816047363,0.005102614058708071,0.004718217562254258,0.003398752896653946,0.002690472935974128
4171,2748,2316,0.010276338514680482,0.0032419435586686055,0.0014291462313740292,0.005699481865284973,0.0058372674159927525,0.0013337292048667567
4172,2748,2279,0.00816147433084686,0.002996935472210597,0.0014617487533795106,0.0035980693286529163,0.0032760337872437197,0.0007378945964418988
4173,2748,2313,0.012537829658452224,0.0039372513400542436,0.004463452874102054,0.0020752269779507134,0.003933886500993821,0.0002503832007087844
4174,2748,2304,0.0078125,0.0038772124872303976,-0.00011537690234961842,0.0030381944444444436,0.00414310942980939,-0.0008881698380091135
4175,2748,2305,0.008069414316702819,0.00360094086011421,0.0024802924674650795,0.0009544468546637741,0.003512744935636936,-0.0005457033069611338
4176,2748,2285,0.011203501094091902,0.004951275843234998,0.00372419254674172,0.004507658643326038,0.0053796442199925566,0.001388140176902477
4177,2748,2271,0.013738441215323645,0.004155603204464908,0.007002514553944882,0.0023778071334213985,0.0026048301111575986,0.001380581284970774
4178,2748,2315,0.012958963282937363,0.006480430771151466,0.004692241144984543,0.006393088552915765,0.006454579020991258,0.0031304387737737345
4179,2748,2290,0.010043668122270739,0.005666265646462037,0.0033381759097702093,0.004235807860262008,0.005523818011604138,0.0021060204156029784
4180,2748,2328,0.012027491408934707,0.0036069050750077826,0.005623992011899705,0.00549828178694158,0.0038828753553543285,0.003267974614783697
4181,2748,2262,0.009372236958443853,0.0018893650621124975,0.0023969581618955645,0.004376657824933686,0.005049887281393576,0.0014300956210680227
4182,2748,2286,0.012073490813648292,0.005220947679152939,0.004972335633141694,0.004855643044619421,0.00418099459429254,0.0026914235957140034
4183,2748,2313,0.01046260268050151,0.004104596144101537,0.00465581994809179,0.006441850410722006,0.005147765469961845,0.004075450473290375
4184,2748,2244,0.010695187165775399,0.0036073757877618374,0.0032567007800301216,0.004500891265597147,0.0035883970864000942,0.0012170596588299866
4185,2748,2280,0.01131578947368421,0.004456052503219706,0.003136964153337631,0.00557017543859649,0.004794214327239393,0.0020265273765681024
4186,2748,2289,0.01494102228047182,0.00589004227025435,0.007842857203485556,0.004674530362603756,0.005005394812688717,0.003538575691505487
4187,2748,2330,0.009613733905579399,0.004639268356715054,0.004313323982180964,0.003390557939914162,0.003258326673971875,0.002015927991216067
4188,2748,2305,0.011453362255965292,0.0038969373691522865,0.004695038291939861,0.004945770065075921,0.003952938047375244,0.0026191015841140193
4189,2748,2289,0.010659676714722585,0.004269481185921657,0.004484702347245666,0.0034949759720401914,0.003982319136661649,0.0018306858229616937
4190,2748,2267,0.01288045875606528,0.0039492579451862655,0.0038176742863803583,0.005205116894574326,0.0062133751654582115,0.0015152706140582862
4191,2748,2289,0.010659676714722585,0.0029835967122459816,0.0023746497326478087,0.002446483180428133,0.004095219355120068,-0.0003963125387272086
4192,2748,2312,0.010467128027681658,0.004127950741707382,0.001993898848608422,0.0010813148788927328,0.0035930642969639534,-0.0015600778867027637
4193,2748,2326,0.010920034393809112,0.0038576132698883345,0.004312363426219361,0.0009458297506448832,0.001813999810231011,-0.00067246523986232
4194,2748,2300,0.01043478260869565,0.004741806132889973,0.004379997462963325,0.004086956521739129,0.0044888479832919164,0.002403608305918842
4195,2748,2315,0.008898488120950322,0.0029676391908281725,0.0012772537566232748,0.00181425485961123,0.0035933317931480936,-0.0010485303254341993
4196,2748,2306,0.01127493495229835,0.0030215105039979617,0.004083277183733066,0.00450997398091934,0.004666996155017793,0.001760450270762806
4197,2748,2285,0.011553610503282274,0.003869966798858124,0.00476394149725598,0.002013129102844637,0.0032111747512917153,0.00017078233473239267
4198,2748,2269,0.0126928162185985,0.005007980305724505,0.00558967440423515,0.007844865579550461,0.0069802401029704165,0.005017131019522408
4199,2748,2265,0.00900662251655629,0.003473589664796531,0.002817065069291598,0.00022075055187637871,0.0031905963262591386,-0.0010092712722860621
4200,2748,2261,0.007961079168509508,0.001798741285628094,-0.0010212161724485619,0.0008403361344537804,0.003399121608342882,-0.0031754234448536115
4201,2748,2304,0.008854166666666666,0.0023756917011363353,0.0015255039327373074,0.003559027777777777,0.002315240598131176,-2.1082454791763284e-06
4202,2748,2283,0.010950503723171265,0.004267008799688502,0.003367025829834655,0.005650459921156373,0.005018428104140588,0.0021901410953031244
4203,2748,2288,0.008741258741258738,0.0029007543878965315,0.0021488596758750963,0.003715034965034964,0.004385000545119355,0.0008271046411965944
4204,2748,2301,0.00973489787049109,0.0017595355803846056,0.0013000171582957284,0.0019556714471968702,0.0026870429168230087,-0.001128515816610947
4205,2748,2281,0.012362998684787373,0.004911370894426274,0.005207270087624012,0.004647084612012274,0.004606581016039744,0.0022930436630244325
4206,2748,2293,0.010728303532490185,0.003595427943156191,0.0019401758678140577,0.003183602267771477,0.0036839872882606143,-0.0002438760325614804
4207,2748,2314,0.012273120138288678,0.005080956640876221,0.006564497344617102,0.00427830596369922,0.004592882008527686,0.003140217784203485
4208,2748,2255,0.008070953436807093,0.004111499435946903,0.0029875310547458934,0.0031042128603104204,0.005518162609332966,0.0015933865884700138
4209,2748,2332,0.010806174957118352,0.0045156663632020255,0.0033706016020402965,0.0033876500857632917,0.0049262977277337895,0.0008630059293889851
4210,2748,2300,0.011913043478260868,0.004346570001543399,0.004631304035383775,0.006608695652173912,0.004772500538788374,0.003525936970583327
4211,2748,2288,0.011975524475524474,0.0030550676775411177,0.004491376249298079,0.0027972027972027963,0.0037788407210707685,0.000532668278495008
4212,2748,2270,0.012599118942731274,0.003788836357686017,0.003959284193499413,0.0035242290748898676,0.003878407841272906,0.0006869081311619271
4213,2748,2288,0.00909090909090909,0.0033558065183164954,0.0022598559394659797,0.0029720279720279706,0.003794314615239583,0.00034443266818376725
4214,2748,2288,0.012150349650349649,0.0042467039992363535,0.007310870189507459,0.005288461538461538,0.003856032890106581,0.004207656369214766
4215,2748,2277,0.013087395696091348,0.006562347983285409,0.006495923791212531,0.005665349143610011,0.0064146859311672855,0.004022065639996022
4216,2748,2289,0.00838794233289646,0.0021666469001703405,0.0012476555205025175,0.0029270423765836604,0.003410394720341606,-0.0002430946422220061
4217,2748,2282,0.011393514460999121,0.005348252428288271,0.0022797266799038686,0.003067484662576686,0.0034898414102635046,-0.00048710379344579774
4218,2748,2296,0.007665505226480835,0.003173522826293564,0.003341304682578913,0.0004355400696864103,0.0017874567357880951,2.1789293940104052e-05
4219,2748,2284,0.009106830122591943,0.0036407595576765854,0.0018440119835807227,0.0017950963222416803,0.0032300755939695925,-0.0008815634056130825
4220,2748,2321,0.01025420077552779,0.004474640548802517,0.003485062796550713,0.0031882809133993955,0.004312973145183341,0.0013227017216151061
4221,2748,2275,0.0109010989010989,0.003898162335422191,0.0038529774352237182,0.0024615384615384608,0.003313111796904438,0.0006178161592805267
4222,2748,2295,0.012636165577342045,0.004502956961838474,0.004850855101731542,0.0020479302832244,0.004291309095670176,0.00018224084489295133
4223,2748,2342,0.012040990606319383,0.004616606322376503,0.004528879039599878,0.00529461998292058,0.005630532546735135,0.002861283676867074
4224,2748,2322,0.011455641688199826,0.003214971120450106,0.004731113790425235,0.003186907838070628,0.0030315768070985675,0.0012108328580947858
4225,2748,2305,0.004685466377440346,0.001789120877467075,0.00021860367496632008,0.0039913232104121475,0.002440362724954726,0.001161685264559487
4226,2748,2308,0.012738301559792024,0.002898533050240991,0.0056436986616720045,0.0036828422876949724,0.003095309106299803,0.0018235881254516746
4227,2748,2282,0.009465381244522347,0.0025202606238311775,0.00023110615791811028,0.0037686240140227868,0.004192528114012553,-0.001046112940271631
4228,2748,2276,0.007732864674868187,0.0031267761579334957,3.1112672846877515e-05,0.006985940246045693,0.006579303695161614,0.002362649385410395
4229,2748,2300,0.01434782608695652,0.005207232873134946,0.005914198597706703,0.006304347826086955,0.00478451295769711,0.003282363590078244
4230,2748,2311,0.010471657291215922,0.004273985387021902,0.004299424154706726,0.0019039376893119852,0.0034454744516019416,0.0005041951463988658
4231,2748,2295,0.015076252723311544,0.0071097005995609105,0.009202151920532977,0.0057080610021786465,0.004775276166940013,0.005267724075743336
4232,2748,2304,0.009374999999999998,0.0037907355713085534,0.0024163579998136855,0.002387152777777777,0.0042534413712397206,-3.100029966585402e-05
4233,2748,2318,0.015012942191544434,0.005467904879261313,0.0068232263700491735,0.004227782571182052,0.003277149582442578,0.0020372460976394112
4234,2748,2280,0.009736842105263157,0.002412627867227698,0.0014571507257254098,0.00425438596491228,0.0029787385083008657,0.0005506870334970414
4235,2748,2304,0.01223958333333333,0.004226657693463111,0.005178609804279223,0.005468749999999999,0.005106672562135466,0.0032035069246285543
4236,2748,2332,0.009090909090909089,0.0035860731250930366,0.002720421599225371,0.005874785591766722,0.0037615952927632546,0.002738009178234222
4237,2748,2301,0.009126466753585395,0.002661335303398299,0.0023212276356371587,0.0038678835289004767,0.0034529273296010124,0.0008451673322994981
4238,2748,2268,0.01199294532627866,0.005172840423758868,0.004955428783623586,0.0049382716049382715,0.004942145407320336,0.0025958331600281293
4239,2748,2323,0.0030994403788204895,0.0008134851007085104,-0.002570213112368215,0.0030994403788204903,0.004653659072362152,-0.00030000157932391354
4240,2748,2309,0.007968817669987005,0.0022654650899528697,0.0006749739145243981,0.004763967085318319,0.004805732546799337,0.0009756417676835315
4241,2748,2302,0.013466550825369244,0.0053186350619680795,0.005560520439860422,0.004257167680278018,0.005719481292054415,0.0022646865426189542
4242,2748,2304,0.010937499999999998,0.0044494106849375355,0.004729842294305437,0.0022569444444444425,0.003036907896835259,0.0010306923509558182
4243,2748,2299,0.009830361026533273,0.004530250484590486,0.003192343107626453,0.005002174858634187,0.004691855311923641,0.0021744351069126183
4244,2748,2281,0.01490574309513371,0.00524049551814736,0.006644901766126991,0.004603244191144234,0.004385597099075053,0.002172353280429719
4245,2748,2295,0.01437908496732026,0.006321877618159724,0.008301684671963957,0.0034422657952069705,0.003520684330902189,0.003000806385399286
4246,2748,2290,0.008820960698689954,0.0035290175392376885,0.00024400902156821713,0.005371179039301309,0.003988897990997901,0.000545012396256701
4247,2748,2302,0.014248479582971329,0.005343314803401432,0.005702582551135834,0.005560382276281493,0.005256438321366106,0.002631304071043631
4248,2748,2293,0.009681639773222851,0.00344145253838516,7.633115610382859e-05,0.004317488006977758,0.00541313473435727,-0.0005372824932986486
4249,2748,2314,0.010976663785652546,0.004934624130762658,0.005139860537622611,0.0013828867761452026,0.0035402815531824523,0.0004365002407443802
4250,2748,2259,0.008233731739707834,0.004005980796105393,0.0006177093470366094,0.0038955289951305883,0.0046781993611070905,0.0002213308852703262
4251,2748,2321,0.014045669969840583,0.004585084210928727,0.006044361343618877,0.0053856096510124934,0.005133574511243757,0.0028827099796644965
4252,2748,2310,0.01255411255411255,0.004289349700865831,0.004917675480071088,0.00567099567099567,0.0044848162334226544,0.0025027626272853035
4253,2748,2314,0.011927398444252375,0.004617632043108717,0.005121976386247316,0.00285220397579948,0.0024137033988338263,0.0012372336367892833
4254,2748,2291,0.01300742034046268,0.00561406783283174,0.006728987486954605,0.0024443474465298985,0.004692675679519282,0.0019275502695373739
4255,2748,2289,0.012145041502839666,0.005037876878371362,0.006805733558164846,0.0023591087811271295,0.0036026292052349904,0.00195808777190507
4256,2748,2314,0.012359550561797751,0.004529906163410738,0.004549525312048235,0.003716508210890232,0.003361061809492239,0.0009039193429537609
4257,2748,2286,0.008573928258967627,0.0015976183228508345,0.0011294199944564065,0.002493438320209973,0.003235126960698573,-0.0008320564476446638
4258,2748,2326,0.01392949269131556,0.005127129573491284,0.006071424000918609,0.00343938091143594,0.004177608453501155,0.0016540792326133424
4259,2748,2311,0.01021202942449156,0.004026323242242841,0.0035055566721159145,0.003634790134141064,0.003743148889979649,0.0016756158846418989
4260,2748,2321,0.006204222317966392,0.0023657624382198627,-0.0012577091341164578,0.005127100387763893,0.004899341800154138,0.00038735997971445105
4261,2748,2318,0.012165660051768765,0.003780985092099113,0.005114920845984337,0.0025021570319240715,0.0032786532765838434,0.0009809419313336742
4262,2748,2310,0.01134199134199134,0.0030477867283451748,0.0051336066877891075,0.0032467532467532457,0.0027922054110509067,0.001655817682614523
4263,2748,2285,0.011816192560175052,0.0037348329338099933,0.003446128249302034,0.004945295404814003,0.005051470467080694,0.0015005372951626015
4264,2748,2283,0.016557161629434953,0.007073995444351414,0.010468824813595188,0.005650459921156372,0.004477182946296762,0.005266943399199006
4265,2748,2279,0.015708644142167615,0.006259868143789282,0.007618044427286699,0.007240017551557699,0.0059925826749613435,0.0049258241698976225
4266,2748,2303,0.009552757273122013,0.0037329359422075244,0.0025171246986454535,0.0024750325662179756,0.003165399154944209,0.0003056818938964852
4267,2748,2298,0.012097476066144473,0.004876021376138939,0.00578776620753522,0.0031331592689295027,0.003484042574526904,0.0016746812440037978
4268,2748,2276,0.010984182776801405,0.003934812222180811,0.0019128121416976305,0.0044815465729349715,0.004440974421210968,0.00020976869131568323
4269,2748,2310,0.014978354978354976,0.005546458514151208,0.007282322528113346,0.0038961038961038952,0.00477338092209368,0.002320787935613529
4270,2748,2299,0.00861244019138756,0.004837429299535197,0.0003041015585473608,0.005437146585471945,0.005887318193340524,0.000903886608012705
4271,2748,2288,0.008828671328671326,0.002935588709335213,0.003455360492857126,0.004851398601398601,0.004214371654862736,0.002317567937308174
4272,2748,2282,0.009202453987730059,0.004445290481035185,0.004514340187759917,0.003680981595092024,0.003951935784602181,0.0024512972431052875
4273,2748,2311,0.009606231068801383,0.00463932358772917,0.003141861209727248,0.00311553440069234,0.003282268208581202,0.0008678981540039389
4274,2748,2255,0.014368070953436807,0.005466878525742659,0.007643989074020081,0.00629711751662971,0.005388187069590079,0.004520727815479654
4275,2748,2294,0.010723626852659108,0.0032148334173892467,0.004627731215729483,0.0015693112467306011,0.003309415363223165,0.0005881566027244185
4276,2748,2278,0.010008779631255486,0.003971129641660924,0.0023510198415474404,0.0047410008779631245,0.0040414260412996224,0.0011693646245779107
4277,2748,2255,0.009844789356984476,0.003431186394333718,0.002660758928113053,0.005986696230598668,0.004713145787448342,0.0023238048876768882
4278,2748,2339,0.013424540401881145,0.004411077320643443,0.004547055842212658,0.003933304831124412,0.00491726734487765,0.0012449681875688077
4279,2748,2303,0.010334346504559269,0.004806908508391891,0.0013375138653880772,0.0027355623100303946,0.0035650664757240456,-0.0008777974888807422
4280,2748,2298,0.009660574412532635,0.0023741479886304436,0.0014723752329370721,0.0027850304612706688,0.0023216570311373774,-0.0011150769664391483
4281,2748,2277,0.008695652173913042,0.005620109292700385,0.0035275311573344723,0.0025032938076416326,0.005466049565416462,0.0013830350191340454
4282,2748,2298,0.009312445604873801,0.0032110215425210035,0.001656976552530694,0.001827676240208876,0.0029391666701810257,-0.0011836390304267206
4283,2748,2337,0.009071459135643986,0.0025761935902859244,0.0010450194978479995,0.0006846384253316203,0.002063142570962421,-0.0022106360994841286
4284,2748,2298,0.010356832027850304,0.004666051707455473,0.002689828175355661,0.0008703220191470835,0.004022715084189596,-0.0009436201956153143
4285,2748,2290,0.009956331877729256,0.0032993770983912366,0.0026738126945916093,0.0029257641921397364,0.0035272232758152143,0.0005372412709813526
4286,2748,2250,0.012,0.003500583290556989,0.003655509858092585,0.0057333333333333325,0.003775754596746607,0.0017935310383164224
4287,2748,2299,0.010874293170943886,0.004498839414320979,0.003814151684748302,0.0063940843845150044,0.005446728619900714,0.00348214709768562
4288,2748,2304,0.011284722222222222,0.005242177761989844,0.0030132200113950993,0.00251736111111111,0.0048352568713978155,0.00013586165681940407
4289,2748,2270,0.008986784140969163,0.0036021135168661242,0.0010988569875198032,0.0033480176211453734,0.0036758330782650827,-0.00012031761848037434
4290,2748,2284,0.010770577933450085,0.0031472127534008416,0.004157633015479872,0.003809106830122591,0.0037056198030371145,0.001915499116799897
4291,2748,2335,0.012847965738758028,0.004565288748650272,0.004176629131700263,0.003468950749464667,0.003915734947113768,0.0005647845462969775
4292,2748,2294,0.009764603312990408,0.004102277829664788,0.0026555361565861945,0.001830863121185701,0.0028875196935601775,-0.00036930121588445945
4293,2748,2304,0.009982638888888888,0.003914965242164465,0.0037540579308289307,0.0031684027777777774,0.003796727099106186,0.0010838610660077715
4294,2748,2284,0.012959719789842379,0.004018541750390341,0.005406343932475561,0.0027583187390542896,0.004534489675382121,0.0008737349371127833
4295,2748,2304,0.009288194444444444,0.0027305220248677337,0.002567173207088267,0.0024739583333333324,0.0013395073778633756,-0.0001269251017033813
4296,2748,2290,0.014585152838427944,0.005133037962502903,0.007315104361260429,0.0016593886462882089,0.0032146113452608187,0.0007618705091011681
4297,2748,2285,0.010765864332603936,0.004079674287549719,0.0036051368049330587,0.0021006564551422306,0.0038171612087644366,-0.00024630968512368674
4298,2748,2320,0.0064655172413793085,0.0003537664671320397,0.00042575075598025514,-0.0006034482758620691,0.0003566055207226219,-0.0031490768980763787
4299,2748,2305,0.008676789587852493,0.0034059732947943028,0.0024857857336259234,0.005379609544468545,0.004207922425727167,0.0022100696133200703
4300,2748,2296,0.010017421602787454,0.0038595941703281965,0.002488258395108598,0.003484320557491287,0.0052543420022593676,0.0008414112028925289
4301,2748,2310,0.010735930735930734,0.003748686699652586,0.0037359592716597516,0.004718614718614718,0.004905067403160022,0.0020337253338262597
4302,2748,2352,0.011989795918367345,0.0038729232228568128,0.005742957204608463,0.002763605442176869,0.0022007052722278196,0.0010816613666880723
4303,2748,2281,0.011310828583954404,0.0030974662034938525,0.0027812940280387208,0.004515563349408153,0.003742216912899586,0.0006746921118827516
4304,2748,2308,0.012824956672443672,0.0035229622690615314,0.005943690552887096,0.005979202772963604,0.004404520897515963,0.003415451176416741
4305,2748,2310,0.007878787878787877,0.00348457119808605,0.002827908906569626,0.0031601731601731595,0.004486936033810696,0.001724086917734654
4306,2748,2305,0.009457700650759219,0.0019869615816688496,0.003081338866294054,0.0003904555314533621,0.002252858709871668,-0.0009794039506522813
4307,2748,2273,0.011878574571051473,0.0039129782625730615,0.004034684615800018,0.0031676198856137256,0.003066107163862726,0.000535440453814945
4308,2748,2286,0.010498687664041991,0.004344445831243733,0.004144121684351737,0.0013998250218722657,0.0029027236804339707,0.0002330320643866508
4309,2748,2326,0.013843508168529663,0.0046875929863234465,0.004783983681452281,0.002966466036113498,0.003757422591734541,0.0003397363223951056
4310,2748,2298,0.010704960835509137,0.005290675703548868,0.0030344838103438664,0.003916449086161879,0.005277371223864075,0.0010781870734874026
4311,2748,2296,0.010278745644599302,0.006040566222832212,0.0025651865081638067,0.00435540069686411,0.00441271291382667,0.0012468310034148172
4312,2748,2315,0.011490280777537795,0.003379049149442677,0.0033591747136529054,0.0029373650107991354,0.0015110776755183832,-6.821414840872394e-05
4313,2748,2283,0.015067893123083658,0.006229577284810752,0.007637148069301166,0.0019272886552781422,0.0047785732733213225,0.0014388734111709452
4314,2748,2285,0.01286652078774617,0.006224340766680218,0.00593257271836601,0.004070021881838073,0.00587273631092255,0.002847742119278382
4315,2748,2284,0.009106830122591942,0.003317087917882802,0.003315322649518076,0.003458844133099824,0.0031801072497861897,0.0014905170808722633
4316,2748,2304,0.013888888888888886,0.004788772882864346,0.00706566495777723,0.0032552083333333317,0.003468688473898749,0.002065493396127175
4317,2748,2282,0.012532865907099035,0.005429087174709007,0.0037868680358341825,0.00530236634531113,0.005691435054013753,0.0020966119759714004
4318,2748,2292,0.012739965095986036,0.005416875335057232,0.0033994990531808736,0.0028795811518324598,0.004964874143068753,-0.000337198072233038
4319,2748,2327,0.011001289213579714,0.004243009024943299,0.0033780212076092784,0.0020627417275461955,0.00322655608456695,-0.00043391922253928117
4320,2748,2348,0.013969335604770016,0.004486833709700169,0.004305199460151664,0.0018313458262350926,0.003635159589632795,-0.0009672333448839567
4321,2748,2307,0.011096662332032941,0.003955729199580033,0.004572085434065201,0.0032509752925877753,0.003771009613900944,0.001551078554138778
4322,2748,2308,0.009878682842287694,0.0036539622720305697,0.0026555094658606625,0.0041161178509532045,0.0037025640486396407,0.0011734671444370555
4323,2748,2298,0.009834638816362052,0.0021417594509891788,0.003469111830644375,0.0028285465622280236,0.0037193818725602466,0.0005788462758392666
4324,2748,2292,0.010907504363001743,0.0033329479282456476,0.003656140320817743,0.0022687609075043615,0.0021314853016537244,-0.0001653639679187868
4325,2748,2309,0.006496318752706798,0.0024067232578971766,-8.268649715439892e-05,0.003854482459939367,0.00525837414658071,0.00044912929597196004
4326,2748,2253,0.01251664447403462,0.004787172220442428,0.0036120000915631696,0.003550821127385706,0.0037178229428920517,0.0005262816985083816
4327,2748,2259,0.013103142983621068,0.004983262814346737,0.00626268153344786,0.006640106241699866,0.005635137921905593,0.004354419869982671
4328,2748,2321,0.013442481688927187,0.0051717312298996,0.004943605460773753,0.005299439896596292,0.004736638621042249,0.00202263338337276
4329,2748,2308,0.012738301559792024,0.004912500778861222,0.005451218576736445,0.0034662045060658564,0.0035305710858723393,0.0014886113358449035
4330,2748,2325,0.010064516129032256,0.005127699629640576,0.00288877836881546,0.004989247311827956,0.004834812982492827,0.002049468898343529
4331,2748,2257,0.007089056269384136,0.001003161188056357,0.0012328624784489232,0.0009747452370403181,0.0013317914815422073,-0.0013364687758592076
4332,2748,2333,0.010287183883411917,0.004853027556182089,0.0030471209485111103,0.0014144877839691375,0.0032116599916658098,-0.00031174771793604755
4333,2748,2297,0.010013060513713538,0.0043440334002256996,0.0031843834154865257,0.0030909882455376573,0.0034395075794648265,0.000429751932317014
4334,2748,2301,0.015036940460669272,0.00511380022651019,0.0074453140611519236,0.0041286397218600595,0.0033055992771465923,0.0024860470614003574
4335,2748,2300,0.009999999999999997,0.0042498963843126385,0.0031208330867602695,0.00543478260869565,0.005113938770292375,0.002662431086004793
4336,2748,2309,0.010567345171069723,0.004632805168803112,0.0032020076367272414,0.001082719792117799,0.0028720356686116563,-0.000627832950213376
4337,2748,2305,0.012060737527114966,0.005596038140415265,0.006728276065584056,0.004034707158351409,0.004497782534540105,0.0032036215681734556
4338,2748,2321,0.010340370529943986,0.004412486371205227,0.003958660356489829,0.000775527789745798,0.003360447042064511,-0.00018310100731522378
4339,2748,2317,0.012861458782908933,0.0062219608014117255,0.006122024637135298,0.0067760034527406116,0.006493649315403376,0.004707251315854799
4340,2748,2290,0.006986899563318776,0.00280944771348411,-0.00014957844873561798,0.0012663755458515277,0.0016671140811169904,-0.0019431008994984331
4341,2748,2290,0.007248908296943229,0.0022211698608387395,-0.0018673714461454913,0.004716157205240173,0.0038178176602354,-0.0008084670016734419
4342,2748,2329,0.01751824817518248,0.007625741671758647,0.009821533173526928,0.005023615285530269,0.00532719054229733,0.004218957157361184
4343,2748,2269,0.013309828118113704,0.004810114545825016,0.004529340256045887,0.0017188188629352124,0.003771132830448758,-0.00042205256058736854
4344,2748,2309,0.01177999133824166,0.004023948280380277,0.004651385132237962,0.006582936336076222,0.006320382144570866,0.0038999368881235674
4345,2748,2243,0.010164957646009807,0.004338834047540204,0.004650894084515074,0.004859563085153811,0.005594076217126949,0.002802865029242279
4346,2748,2335,0.00950749464668094,0.004015142517768433,0.0020065857686543524,0.00423982869379015,0.005080396715223107,0.0011308330374250847
4347,2748,2271,0.0095112285336856,0.0022146334193848746,0.0050688424458782706,0.003918978423601936,0.0028388909906102216,0.002580331442381529
4348,2748,2282,0.010429447852760735,0.003980818407008367,0.0021486103929840507,0.003637160385626642,0.004766735185820478,4.745032625691602e-05
4349,2748,2255,0.008780487804878048,0.004164534181076435,0.001123888776393959,0.005498891352549888,0.0067557432964743536,0.0017771836369541952
4350,2748,2291,0.012832824094281969,0.004301785997344949,0.005019891519368304,0.004233958969882146,0.005033356718453154,0.0021353990733203885
4351,2748,2290,0.011790393013100435,0.004648871378815042,0.006480023892429437,0.00279475982532751,0.0042787979889019594,0.0022883327384933838
4352,2748,2268,0.015432098765432098,0.0061864247199703674,0.005540118950621199,0.006128747795414461,0.006228056320647942,0.0025914787189672056
4353,2748,2297,0.010883761427949497,0.0041982845186166046,0.004961694923868642,0.006007836308228122,0.004373979007504819,0.003765561588397451
4354,2748,2325,0.011440860215053762,0.004372626371620244,0.0059712375926933015,0.004129032258064515,0.00559898504132999,0.0034856796851662174
4355,2748,2297,0.010796691336525902,0.004707563410039975,0.003719941420881099,0.0029168480626904645,0.00337816305468223,0.0005155852748110014
4356,2748,2257,0.008241027913159059,0.0021778202325306163,0.002436741632442681,0.0027470093043863524,0.0033716715028077634,0.00015407097738508435
4357,2748,2272,0.009859154929577464,0.004043201431905659,0.003774200328170869,0.0030809859154929567,0.0034168180761399657,0.0011752011443661393
4358,2748,2275,0.008879120879120878,0.002560278756756981,0.00045969108718766483,0.003956043956043954,0.0036336389883419398,-0.0003033970826597394
4359,2748,2292,0.010122164048865618,0.0023287598998949425,0.0016297093226936314,0.0018324607329842921,0.004203250654615649,-0.0012358412208817498
4360,2748,2308,0.009358752166377814,0.004840049380288218,0.0012914949854973188,0.006022530329289426,0.006116552925539519,0.002189147677207576
4361,2748,2324,0.006884681583476763,0.0027678860793181417,-0.00019706965285708967,0.002452667814113596,0.0032732658460612285,-0.0007652393547158139
4362,2748,2275,0.013714285714285712,0.004798090262110448,0.0047288930636808875,0.0034285714285714275,0.004692357364619032,0.000658787284935103
4363,2748,2317,0.012084592145015102,0.005090469128638614,0.005271708703313983,0.0051359516616314195,0.005719272425058442,0.0030205280315285807
4364,2748,2305,0.010672451193058565,0.00260367560130443,0.0024787857846077315,0.004425162689804771,0.004327898774313106,0.0007350456283334416
4365,2748,2303,0.01128962223187147,0.004515583026056119,0.003461971646524903,0.002171081198436821,0.004000394833677891,-0.00010577887593576686
4366,2748,2304,0.010069444444444443,0.005037594292364524,0.0033853210220152435,0.003428819444444444,0.003910861067821765,0.0013337210846675043
4367,2748,2296,0.009146341463414632,0.0019600616445040416,0.00024322876279728615,0.0030052264808362356,0.00425146628541661,-0.0010226859107735236
4368,2748,2294,0.015518744551002613,0.005238381404142045,0.008434423911091565,0.0035745422842197025,0.0052533629416568195,0.0029516307905282234
4369,2748,2286,0.015048118985126856,0.005382073821890339,0.007488833597202622,0.004155730533683289,0.005114718157062575,0.003010920889952315
4370,2748,2323,0.0099009900990099,0.0045809591061465515,0.0036735323003408873,0.0030563925957813156,0.0053011012640936965,0.0013284296254106687
4371,2748,2293,0.008460532054077628,0.002832075609963989,0.001356645968303078,0.0024858264282599206,0.003004949654062231,-0.0007266666279045897
4372,2748,2306,0.01127493495229835,0.005095861158929845,0.002537536698692392,0.003772766695576756,0.0056754260335538,0.0002829240003117347
4373,2748,2297,0.012538093164997823,0.005499778072769326,0.003836550995098082,0.00583369612538093,0.005386989749358827,0.0026053557581835972
4374,2748,2255,0.008869179600886914,0.0034132140668504353,0.002112405357397248,0.001995565410199555,0.0035774870984421774,-0.00011860818263841246
4375,2748,2297,0.009925990422289942,0.0031285915622886523,0.004756507943394277,0.0023073574227252926,0.0032654913079272355,0.0012446971843336513
4376,2748,2291,0.010650371017023132,0.0042063106390634,0.0038046602705266237,0.004757747708424269,0.0052636473611857755,0.0022180651505709116
4377,2748,2274,0.0068601583113456445,0.004677232830484323,0.001092831348906805,0.0024186455584872465,0.004750517285778932,0.00027548784096904406
4378,2748,2263,0.009986743261157753,0.0027116661376058644,0.0021204030055694306,0.0022978347326557654,0.00338426196018472,-0.000778700803711531
4379,2748,2298,0.011488250652741512,0.0040970573371096235,0.004978532658738986,0.002219321148825064,0.0031565216879494446,0.0006812683848677291
4380,2748,2283,0.009023215067893121,0.0027090873805896316,0.003676431195773933,0.00477441962330267,0.004100777217613018,0.0025726234777989454
4381,2748,2316,0.011917098445595855,0.006102274567310591,0.004498175395205893,0.004965457685664938,0.0070774648161920275,0.0029045310207438174
4382,2748,2339,0.012398460880718254,0.004980336124103508,0.0026411432928211227,0.004489097905087645,0.004391774878257352,0.0003928193251881305
4383,2748,2271,0.011008366358432406,0.0038416915933932624,0.003470913373720358,0.0019815059445178326,0.002114330185452346,-0.0004079154701940091
4384,2748,2285,0.01435448577680525,0.005930076673749636,0.007756301301105247,0.002407002188183806,0.0020280647201035363,0.0016537865783413956
4385,2748,2308,0.010311958405545925,0.004755887480658394,0.0024398037022642163,0.0023396880415944535,0.003460099870107434,-0.0004415510232682067
4386,2748,2293,0.009681639773222851,0.0035490506642948134,0.0024322643505101656,0.0012211077191452248,0.00267829133237363,-0.0011078927994213183
4387,2748,2288,0.013374125874125871,0.005072202700079434,0.006064225035799516,0.004283216783216782,0.005493699042382066,0.0025956926938311238
4388,2748,2296,0.012020905923344948,0.0052519976445434035,0.005433622767494999,0.0025696864111498245,0.0030924536663439646,0.0012120130547715843
4389,2748,2332,0.01020583190394511,0.0034732216082828636,0.0043376922873787785,0.003301886792452829,0.0032708148639806565,0.0017185261683690287
4390,2748,2328,0.013573883161512024,0.005830470029122019,0.006864354090018827,0.00670103092783505,0.004280976191800826,0.004440041621764451
4391,2748,2310,0.010562770562770562,0.004312961099770119,0.003956484877445858,0.004718614718614718,0.0049059302496372815,0.0024173256487985137
4392,2748,2296,0.009930313588850173,0.00468486299883471,0.00280193979848888,0.002439024390243901,0.005317645433676371,0.0004689313921544323
4393,2748,2293,0.010466637592673354,0.005219578408532726,0.004758616659400158,0.0016572176188399464,0.0017188913075293767,0.0007411094048399876
4394,2748,2237,0.010281627179257933,0.003205608980717703,0.003045902164461956,0.0027268663388466687,0.0026849886424242103,5.169500135533485e-05
4395,2748,2312,0.010899653979238753,0.00335429634602769,0.004449220753217589,0.0049740484429065725,0.0030204215473099106,0.002896829906286337
4396,2748,2267,0.015703573003970003,0.005061723198030867,0.007044362300571333,0.003087781208645787,0.0036590735959180273,0.0012501636333779576
4397,2748,2311,0.010990913024664645,0.003512245382892798,0.005840006240786492,0.0039376893119861525,0.004026133884853477,0.002879282130563999
4398,2748,2273,0.012758468983721951,0.004678797363089588,0.004483986564597538,0.006951165860096787,0.007505432507048426,0.003476978718760153
4399,2748,2313,0.013661910938175528,0.005974780862491119,0.006231532802180202,0.0015564202334630343,0.0031575579986271455,0.0007271603186008505
4400,2748,2259,0.013899955732625053,0.004303674168216899,0.0052923424875728755,0.00460380699424524,0.003906602385001243,0.001827235630625791
4401,2748,2332,0.015608919382504288,0.006683226201946913,0.008146712709418281,0.005017152658662092,0.004306004586725832,0.003582324260292217
4402,2748,2287,0.009619588981198074,0.0036045566471761535,0.0028965407821079157,0.003148229121119369,0.004052732391729866,0.0008204336761304192
4403,2748,2277,0.0103645147123408,0.0036832875489307675,0.003814263142522337,0.004787000439174351,0.0049325528487387214,0.001973170741078748
4404,2748,2309,0.012039844088349932,0.0021210871999643903,0.0025216196432314764,0.003551320918146382,0.002354658257703061,-0.0007030802651010458
4405,2748,2292,0.00951134380453752,0.004499076662437237,0.0037707166020700604,0.004406631762652704,0.006445550749478977,0.0028448760642694614
4406,2748,2300,0.01895652173913043,0.00688063938676676,0.010446217602212112,0.0069999999999999975,0.007100506531015773,0.004982952129925505
4407,2748,2294,0.01020052310374891,0.0036618110350103653,0.002646157026440491,0.0008718395815170005,0.004118592392703276,-0.0011949210792659047
4408,2748,2308,0.015164644714038125,0.005208502867474255,0.006370335485645146,0.003076256499133448,0.004699101419679479,0.0009045078913830852
4409,2748,2266,0.011297440423654014,0.004046567782052229,0.004122769997502321,0.003662842012356575,0.004572958259014309,0.0012735161990094245
4410,2748,2265,0.009094922737306842,0.0024513527577972004,0.0022085544562351284,0.0018101545253863126,0.002179490584671118,-0.0005889453447149386
4411,2748,2286,0.01216097987751531,0.004437275693964361,0.006736475435221789,0.0034558180227471564,0.003453648660509363,0.0027633896699400438
4412,2748,2304,0.012499999999999999,0.0028123996008005904,0.0038609847566731734,0.0009982638888888884,0.002260205053701229,-0.0012730580378177622
4413,2748,2297,0.017239878101872004,0.007806471469011399,0.008717250419251522,0.0061819764910753154,0.00701645612429852,0.004078746696728011
4414,2748,2310,0.01186147186147186,0.0028528905977157756,0.0038673919222621074,0.004588744588744588,0.004229244740285931,0.0013825499026180802
4415,2748,2301,0.011038678835289003,0.004559261877057836,0.003539907118540642,0.004172099087353323,0.003933476702059203,0.0013026729998966648
4416,2748,2293,0.009419973833406016,0.0035326828040148583,0.0022901040396758705,0.0010902747492368067,0.002936893784329238,-0.0011508074597017036
4417,2748,2307,0.010229735587342869,0.0031448561270037037,0.0017678139192619142,0.005721716514954485,0.0054450390542213215,0.001366154904413869
4418,2748,2313,0.01046260268050151,0.003687493539654435,0.001180477817791886,0.0027669693039342833,0.003800624516287534,-0.0008008023626195375
4419,2748,2265,0.009006622516556291,0.0028881644160512997,0.0032779140861236016,0.002428256070640175,0.0028158828547719846,0.0003422463000151836
4420,2748,2254,0.0126885536823425,0.005703018834209182,0.005527910506000847,0.002528837622005322,0.0029889299583056874,0.0008810965903627244
4421,2748,2279,0.012022817025010967,0.0035082134488336695,0.003463256371856641,0.0037735849056603765,0.004798180220054949,0.00076900167161432
4422,2748,2293,0.015961622328826863,0.005906741489564873,0.010359351573558044,0.004143044047099868,0.0034465299811329876,0.004182104704153811
4423,2748,2292,0.012565445026178007,0.00333080393708433,0.004556443204693119,0.006675392670157067,0.007647714417098731,0.0035486917837213115
4424,2748,2301,0.008344198174706647,0.0016412338535669558,0.0010116243577502537,0.002998696219035201,0.002890765619644666,-0.0005490824697033115
4425,2748,2302,0.013640312771503038,0.0063056125357219975,0.00864530800239335,0.002215464813205908,0.004817860652356836,0.0029071429546350426
4426,2748,2273,0.010558732952045754,0.0030449757408958465,0.0031709275160571554,0.002199736031676199,0.003941145102609334,-0.0003242165634891471
4427,2748,2316,0.012089810017271154,0.003709207860903619,0.003505848213344697,0.004533678756476683,0.0035623302882081976,0.0014040213106804632
4428,2748,2286,0.011548556430446194,0.003918514001954211,0.0053665047709957935,0.003237095363079614,0.004380205808480217,0.0019072103789387791
4429,2748,2317,0.015537332757876561,0.004861210377272332,0.008370013168438746,0.0027621924902891666,0.003913307473353189,0.002204059765556495
4430,2748,2323,0.009814894532931552,0.004324407866431076,0.003985698703547305,0.003400774860094704,0.004100880202531305,0.0013687110177624314
4431,2748,2260,0.010884955752212388,0.004744500348772694,0.0030402243743954754,0.004115044247787609,0.003922473918683629,0.0012829493691743493
4432,2748,2258,0.0112488928255093,0.003853220898884197,0.005631030558452044,0.0029229406554472977,0.0037315555866048507,0.0019665869525167055
4433,2748,2315,0.015637149028077755,0.005485281625136308,0.008334694366786773,0.005874730021598271,0.004343004164703744,0.004517101795961349
4434,2748,2307,0.010403120936280881,0.0036377274523165296,0.0037285662755724854,0.00485478977026441,0.004153062750545282,0.0019625327970660827
4435,2748,2305,0.01370932754880694,0.005597828068110719,0.006538918506591113,0.005206073752711495,0.006868173347661116,0.00347830902286894
4436,2748,2301,0.010951760104302476,0.003389894259544045,0.004369046782072595,0.0031725336810082567,0.004105023026864481,0.0013646566552064146
4437,2748,2287,0.009881941407958022,0.003932451566208945,0.0034351731661197925,0.005421950153038913,0.004998121124145435,0.002763986540385231
4438,2748,2302,0.011902693310165071,0.003698248680076716,0.0028047171628814327,0.006950477845351867,0.005080122816662269,0.00201655124936846
4439,2748,2282,0.009114811568799298,0.0023507533740503837,0.0013275180152101716,0.005609114811568798,0.004611127305312949,0.001845036816634877
4440,2748,2316,0.011571675302245251,0.004069154724750729,0.003990512542794668,0.002374784110535405,0.00324518668652376,0.00024732231277313136
4441,2748,2300,0.013826086956521738,0.005800477103416371,0.006891692918976579,0.0025217391304347813,0.003864435336104944,0.0013418117369999182
4442,2748,2261,0.009022556390977442,0.004210383487933246,0.002212766267056524,0.0012383900928792564,0.00279556979717466,-0.0009228894345094532
4443,2748,2268,0.011728395061728392,0.005318739038314622,0.0019364316373134316,0.0030423280423280408,0.003909755283067041,-0.0005186256759352085
4444,2748,2263,0.009102960671674768,0.004496991462314388,0.001855318050038032,0.004551480335837382,0.0055826328413250735,0.0014083370982256988
4445,2748,2250,0.012088888888888887,0.004658264350754228,0.004453156100509696,0.004444444444444443,0.004652027721890907,0.0020552643304730307
4446,2748,2297,0.009751850239442751,0.0034657098450270422,0.003338850937312728,0.003134523291249455,0.004286658582181592,0.0010029001009365787
4447,2748,2275,0.009054945054945052,0.0041425857007785566,0.0021544631235872872,0.0026813186813186797,0.004056376622960259,0.0002517567725394252
4448,2748,2310,0.014025974025974022,0.004544656300198176,0.008686148168609173,0.0030735930735930734,0.002241519793667225,0.0029186486186717673
4449,2748,2317,0.01053085886922745,0.0033656420463941484,0.002291605764968559,0.005869659041864479,0.00579712093600795,0.00188517018443607
4450,2748,2307,0.009102730819245772,0.0035243130926194415,0.00269784654892472,0.0030342436064152573,0.004058191077428362,0.0007676854315276137
4451,2748,2296,0.01062717770034843,0.004159983962882467,0.0052751899071120725,0.0015243902439024378,0.0025766254216162557,0.0009153143759586007
4452,2748,2324,0.009896729776247845,0.004358139820410335,0.003897449326980017,0.004819277108433733,0.005411315068312252,0.0029947691680881697
4453,2748,2317,0.010617177384548983,0.004180535712240718,0.0036988586717830287,0.005438066465256796,0.004897532959127042,0.0026637758731982825
4454,2748,2298,0.011227154046997388,0.0035019665475181064,0.0030898433106939754,0.0006527415143603128,0.0036449957778324463,-0.001219698418975267
4455,2748,2273,0.009150901891772987,0.0035957638096421832,0.002919456148030188,0.0014518257809062905,0.0021829218776025856,-0.0006879382174745278
4456,2748,2311,0.013414106447425354,0.005848380759496074,0.0051833746984446954,0.004456945045434876,0.005841023917222093,0.0021800721540165195
4457,2748,2279,0.009214567792891619,0.0020224622298354923,0.0025440232210357217,0.003334795963141728,0.005101134251219232,0.0007807402767190318
4458,2748,2299,0.011483253588516746,0.0038079498979147605,0.0055504823269201045,0.0031752936059156146,0.003470911948502589,0.0014528603417797168
4459,2748,2268,0.011816578483245148,0.005214139568836473,0.003099731409178088,0.002469135802469135,0.004009872166499529,-0.00048089612908885367
4460,2748,2274,0.011873350923482849,0.003507386980594085,0.005275456762507847,0.0040017590149516264,0.0036915836555895237,0.002080156081232097
4461,2748,2314,0.009766637856525496,0.00417665562608315,-0.0003862311947807646,0.004019014693171995,0.00519635649556925,-0.0013198996067333203
4462,2748,2274,0.010817941952506594,0.002612062661558831,0.002355679906273161,0.0037818821459982394,0.0042934218158423455,0.00028078172690431703
4463,2748,2283,0.009110819097678491,0.003643960720607259,0.0012916755199776926,0.003679369250985544,0.003779010303275353,0.0002334643510608837
4464,2748,2306,0.00997398091934085,0.0029439420922734772,0.0034040793208990642,0.002948829141370337,0.003650444447669217,0.0010173130561477312
4465,2748,2307,0.010576506285218897,0.0036153167423459845,0.002969541913467093,0.005114867793671434,0.004172677105076658,0.0018537265275481685
4466,2748,2287,0.010144293834717969,0.005481422422595378,0.0043456112912111785,0.0037603847835592464,0.0044841129530213105,0.00217162442007545
4467,2748,2299,0.010700304480208785,0.005018517135170039,0.00386702662846361,0.004654197477163984,0.00571961110753148,0.0026357928114715025
4468,2748,2325,0.010666666666666665,0.005063305590783698,0.003878824189137226,0.00550537634408602,0.005927519802280489,0.0029497046272026766
4469,2748,2275,0.008351648351648353,0.0026072169826391006,0.003112546833082164,0.0016703296703296686,0.002100522432830196,0.000246771332612594
4470,2748,2298,0.007484769364664924,0.0028577447286124323,-0.00041387297880037617,0.00030461270670147897,0.0011081814826590542,-0.0029444304464342377
4471,2748,2314,0.011668107173725148,0.004207316359046611,0.005166506480538492,0.0034572169403630066,0.0030163903917561274,0.0018368887877869935
4472,2748,2286,0.010411198600174977,0.002448610185014712,0.003321953121584232,0.004418197725284337,0.0039984539741690795,0.0016455034706129455
4473,2748,2291,0.010301178524661718,0.0037284120298671074,0.0024506978328070234,0.0030117852466171966,0.004602747011370054,0.00011731767585765625
4474,2748,2287,0.0076956711849584586,0.0038941081800620667,0.0022184551666107858,0.004459991254919107,0.0037899232793281584,0.0021111228232577745
4475,2748,2278,0.012993854258121157,0.005250724888839553,0.004410372527020466,0.0028972783143107975,0.004765719306368622,0.0006133379723101926
4476,2748,2337,0.012152332049636285,0.004272489173245479,0.0030609782674921996,0.005134788189987163,0.004393232467296276,0.0011480364966411111
4477,2748,2303,0.00998697351280938,0.004842662798625146,0.0034018070863247006,0.0008250108554059914,0.005050426883825492,-0.00030293768762304843
4478,2748,2296,0.012282229965156792,0.0033895488819259355,0.006058068498653415,0.006228222996515678,0.0052879150675356895,0.004126522202033565
4479,2748,2303,0.009900130264871906,0.002419389325420606,-1.890657546355095e-05,0.003473729917498913,0.003768909678761571,-0.0013088935132253823
4480,2748,2308,0.012738301559792027,0.005755994340067892,0.00573323294276734,0.004419410745233968,0.005362695891552855,0.00283534828213668
4481,2748,2308,0.012738301559792026,0.004309598553486921,0.00553688767576207,0.002902946273830155,0.002482345946002225,0.0007303434840956852
4482,2748,2279,0.013514699429574374,0.0061620622631378364,0.005896017317130636,0.005265467310223782,0.005785447081815647,0.0029741067898636777
4483,2748,2267,0.010939567710630788,0.0041008918852166775,0.005877709754909913,0.0016762240846934268,0.0028134614751572184,0.0011983352817056142
4484,2748,2276,0.011335676625659048,0.004313151317434943,0.002954124396660751,0.0029876977152899814,0.0053010671827532245,-0.00011856584230973493
4485,2748,2282,0.010166520595968447,0.003444204152828429,0.003946443327259992,0.0016652059596844852,0.0024931745842175813,0.00022263113763344405
4486,2748,2316,0.008894645941278064,0.004732493854285394,0.002124913206171841,0.0005613126079447316,0.004347554985069876,-0.001006632902263317
4487,2748,2314,0.008902333621434742,0.0035546780359367626,0.0008177109118041838,0.005877268798617112,0.005778367878643332,0.0016471766525481338
4488,2748,2304,0.007899305555555554,0.0028226731609584128,-0.000614586171603307,0.0053819444444444435,0.004361153602074673,0.0005188007212533281
4489,2748,2286,0.006999125109361328,0.002821964100147609,-0.00016745412464627834,0.002362204724409448,0.003152500005413806,-0.0013082433779581224
4490,2748,2307,0.010056350238404854,0.002601089324736852,0.0013258940528332271,0.00390117035110533,0.0037801696097504384,-0.0004105348654800257
4491,2748,2305,0.010151843817787418,0.0035630608247000516,0.0052133298739898875,0.0056832971800433825,0.005252419365101882,0.0043075201640837635
4492,2748,2308,0.01065857885615251,0.0034837836990946544,0.0033861126210874533,0.004332755632582321,0.0035305838533284386,0.0014593481550778354
4493,2748,2272,0.011443661971830985,0.0040612380100437245,0.004770368371912521,0.0059859154929577454,0.005348445758834127,0.0031852561385896077
4494,2748,2285,0.007702407002188182,0.003956458363889389,0.002591069678239196,0.0013129102844638939,0.004076741507809728,0.00025781395944917296
4495,2748,2311,0.010298572046733014,0.003248614462242814,0.0032382210649029527,4.3271311120725794e-05,0.0017286303105662926,-0.001582667261385123
4496,2748,2331,0.010725010725010722,0.0019931465258064824,0.002503820433247023,0.004933504933504932,0.002565889234135328,0.0009349689846390456
4497,2748,2302,0.008427454387489137,0.002300597087767211,0.0013883659667619259,0.0016072980017376186,0.002475665710199935,-0.0009686183517350901
4498,2748,2282,0.013146362839614371,0.006841560291938549,0.005422295180544982,0.004820333041191936,0.006573884721293332,0.002937278185119031
4499,2748,2283,0.013315812527376257,0.005201733848438004,0.00506655877150936,0.0015330705212439765,0.0026473995820961195,-0.0004892059319462822
4500,2748,2319,0.01017680034497628,0.003983181288123905,0.004759685322607814,0.004743423889607588,0.005114602751876674,0.003168456032663244
4501,2748,2297,0.00975185023944275,0.004291483315164977,0.003604751960438432,0.004092294296909009,0.003461646134767837,0.001805140802610002
4502,2748,2284,0.008756567425569177,0.004496792011773768,0.001500216058523773,0.0015761821366024505,0.0025509503077503245,-0.0011617072141651005
4503,2748,2269,0.011106214191273688,0.005940952090789813,0.0032103903161623875,0.0029969149405024223,0.005360414613477991,0.0004050410095743589
4504,2748,2329,0.014083297552597678,0.005240704733818844,0.0071838889747155394,0.004723057106054099,0.005183627791870645,0.0033598314702258446
4505,2748,2289,0.011183923110528614,0.0037381879403166644,0.0036662117109848217,0.0003494975972040184,0.0013329619191613602,-0.0015015059154810826
4506,2748,2295,0.008540305010893244,0.0032174318780587166,0.0017730243591206935,0.002745098039215686,0.002778659333326502,-0.0001896094762558791
4507,2748,2277,0.015107597716293365,0.00655567341382519,0.00805674244929908,0.0034694773825208595,0.004813102419409138,0.002698861266886782
4508,2748,2307,0.012223667100130039,0.005502382255304657,0.00486239442282895,0.004421326397919374,0.004442755505901596,0.0019442677870639706
4509,2748,2338,0.011804961505560305,0.004255611160734626,0.005755042004489076,0.0017964071856287418,0.003253331391744576,0.0009014052093730287
4510,2748,2290,0.011091703056768557,0.004687949225389715,0.0031064123868365214,0.004366812227074234,0.005329209716134944,0.0014153608398727248
4511,2748,2319,0.010780508840017248,0.005196374300649373,0.004313095130396948,0.004182837429926691,0.00455489012359276,0.0022191172720244525
4512,2748,2273,0.012670479542454904,0.004137457311610711,0.006413473060189819,0.0004399472063352397,0.002264155843073474,0.00011739908812829937
4513,2748,2318,0.010957722174288179,0.00427149558338551,0.004213453606324698,0.004961173425366694,0.0047954269827848875,0.0027403192902434852
4514,2748,2295,0.010283224400871456,0.0038034296125580066,0.0032829319279007617,-0.00047930283224400876,0.0011460572674395928,-0.002094973619171707
4515,2748,2270,0.007929515418502201,0.00254088611507619,-5.057015745548223e-05,0.004713656387665196,0.004670903960310055,0.00042323170479076924
4516,2748,2295,0.011067538126361652,0.0036487237291046313,0.004786358651811793,-0.0008278867102396527,0.0017317788930137517,-0.0010122972340762385
4517,2748,2283,0.013666228646517738,0.004440064344656834,0.006989567344462452,0.0040297853701270255,0.0037786369339803745,0.0026316889219998602
4518,2748,2251,0.014038205242114613,0.005100899416361225,0.006902958964518604,0.0043536206130608615,0.004714630767284402,0.002680862418258979
4519,2748,2318,0.007851596203623811,0.003834744109975521,0.0010203980606139083,0.0007765314926660902,0.002529909647364649,-0.0015728515937751366
4520,2748,2326,0.012467755803955288,0.0034584488131356957,0.0030858527732162337,0.0030954428202923457,0.0029563373258345853,-0.0005950129291353718
4521,2748,2302,0.0074717636837532565,0.002827590609842665,0.002319184966302689,0.002823631624674195,0.0024797388396800087,0.0009022157958649306
4522,2748,2293,0.012821631051024854,0.0035989418807004722,0.004942600702529115,0.0028347143480156986,0.003654970778082905,0.0004967485331069596
4523,2748,2317,0.012343547690979713,0.003968801477937496,0.004351603690916784,0.005524384980578333,0.005409798595526738,0.0024825311669231143
4524,2748,2294,0.00985178727114211,0.002289970083664609,0.0013376587032030336,0.003007846556233652,0.0027549056783132304,-0.0012205379551446219
4525,2748,2284,0.007443082311733799,0.0019287625562192875,0.0033195933269805763,0.001444833625218913,0.0011521566283889343,0.0002666687383387488
4526,2748,2322,0.012747631352282513,0.004724885471388194,0.005573201823275942,0.003875968992248061,0.004052631871578231,0.0019319784642590472
4527,2748,2305,0.01301518438177874,0.004681170974057044,0.0037791687776939685,0.006117136659436008,0.005948456496149511,0.002222230641811002
4528,2748,2309,0.013598960588999563,0.006294385649349005,0.007657641246872817,0.0031615417929839735,0.004890375303404709,0.003120492826609131
4529,2748,2265,0.010860927152317878,0.0036114348467816393,0.004721615253916598,0.004415011037527593,0.004443102998543013,0.0024608837509768355
4530,2748,2310,0.006666666666666665,0.002068064530527452,0.0023862368684840984,0.0015151515151515136,0.0019935831512280116,0.0001670153358032296
4531,2748,2317,0.01268882175226586,0.004770759313002157,0.005174764813272165,0.0033664220975399214,0.0035723509091065914,0.0012214220726633979
4532,2748,2273,0.007039155301363834,0.0010896072982141953,-0.0008159251946226463,0.003079630444346678,0.004484779506967642,-0.0008616070038128039
4533,2748,2282,0.014899211218229621,0.006222038031394272,0.00614539159971642,0.0026730937773882554,0.00348515688501996,0.0009209828444503735
4534,2748,2313,0.015304798962386507,0.004617455343639755,0.007727145500969929,0.004539559014267184,0.003239480248704723,0.0027275162507691174
4535,2748,2279,0.008336989907854319,0.0037023117699422005,0.0033771971158306074,0.0037735849056603765,0.0036772157609949083,0.0024536594717952725
4536,2748,2335,0.011563169164882226,0.004770297593690864,0.004873884377581016,0.005139186295503211,0.005479560642611331,0.003070572219918951
4537,2748,2279,0.01167178587099605,0.003519782293870168,0.002999619304795061,0.004914436156208861,0.0044903903982998995,0.0012215062894331515
4538,2748,2294,0.012903225806451611,0.0036159811238269607,0.006352807356306871,0.002353966870095901,0.0016145919026886231,0.0009091111554684204
4539,2748,2310,0.011688311688311685,0.004089273291250582,0.002701714808238147,0.0048051948051948045,0.004585998142981172,0.0009282318855664686
4540,2748,2319,0.010866752910737385,0.005168725759393105,0.003088888238234533,0.0022854678740836555,0.0032081973131675543,-0.00023870581942587942
4541,2748,2282,0.010254163014899209,0.0023891631062280066,0.00454843513409732,0.001007887817703768,0.0031049434412459527,0.00010255456072451385
4542,2748,2293,0.012211077191452244,0.004044486264172373,0.003361815323712312,0.0055385957261229815,0.005128224050864787,0.0017826587684052397
4543,2748,2279,0.01096972356296621,0.003772652337662706,0.0033130089210551936,0.004387889425186484,0.0034213341930250272,0.0012277452504505784
4544,2748,2309,0.008575140753572973,0.003923109486892938,0.003749204198345794,0.002555218709398006,0.0031683798288473183,0.0011577082885553412
4545,2748,2296,0.008797909407665503,0.0021637383440404967,-0.0002522986759960576,0.0026132404181184667,0.0031976610448059277,-0.0017106679107290244
4546,2748,2289,0.01039755351681957,0.005023320037845365,0.003356925289432895,0.0009174311926605491,0.0011689425808415566,-0.0006697785576093319
4547,2748,2253,0.010652463382157121,0.003190449434284267,0.0034658281668928422,0.0042166000887705266,0.0034665904580420334,0.0013740878654838996
4548,2748,2328,0.009106529209621992,0.0037249647054242436,0.0013700449267096849,0.004295532646048109,0.004522955617237712,0.0008955946151944533
4549,2748,2346,0.006905370843989768,0.0007346598137014784,-0.0010501984959139414,0.003580562659846546,0.0027293747514557467,-0.0010087133746187126
4550,2748,2306,0.01153512575888985,0.003936128447390193,0.0038067165354030217,0.0019080659150043356,0.003942073935724454,-5.50072473530606e-05
4551,2748,2315,0.010885529157667384,0.004894498277693216,0.0033763968170539226,0.003714902807775377,0.0030883744677493536,0.0008853399280572457
4552,2748,2288,0.013548951048951048,0.006498282370299826,0.007332307250918271,0.0043269230769230746,0.004225768995900759,0.0033857668297738413
4553,2748,2311,0.009865858935525745,0.002274628479013298,0.0032750477559761806,0.0019039376893119852,0.0022921147957772037,-0.0006084099357123753
4554,2748,2268,0.009876543209876541,0.002027920098651487,0.0018199939363512095,0.005467372134038798,0.0032080086173372963,0.001428174320378788
4555,2748,2265,0.01006622516556291,0.002774443262224129,0.003355472279534601,0.004150110375275936,0.003023214838249112,0.0016892951875026438
4556,2748,2309,0.011433521004763966,0.005504146160516609,0.005111808229015318,0.004504114335210046,0.0036385054011065874,0.0027065820729640405
4557,2748,2288,0.008916083916083914,0.0046447729077431586,0.003233948221849088,0.0033653846153846147,0.004227215805031586,0.001412179908826421
4558,2748,2298,0.010704960835509135,0.0032745966353356967,0.0016449504238767855,0.002262837249782418,0.004622394761546327,-0.001066313653191276
4559,2748,2265,0.011567328918322293,0.002371942585340117,0.002391769987665265,0.005562913907284766,0.00436651700792753,0.0011598029186974867
4560,2748,2256,0.009219858156028366,0.0026663990408992387,0.003503884094477445,0.0008421985815602825,0.0017015272211240442,-0.0006676030900274644
4561,2748,2317,0.012947777298230469,0.004984920500331725,0.005581887519624001,0.004920155373327577,0.005518400283800195,0.0024219041428019178
4562,2748,2262,0.011052166224580016,0.005497941866504294,0.004251926074543662,0.004244031830238725,0.0047651531831020486,0.0023302596406078475
4563,2748,2309,0.010740580337808574,0.002989247535662955,0.004190491067344931,0.0035080121264616706,0.004109051633226745,0.00126324037622251
4564,2748,2256,0.015336879432624111,0.006156489913042967,0.004764168541872427,0.004343971631205672,0.004164115674674427,0.0003425215164887262
4565,2748,2298,0.010704960835509137,0.00452052275061721,0.004263725327826301,0.003698868581375107,0.00432236191207733,0.0017847694139055635
4566,2748,2330,0.0103862660944206,0.00398240927895396,0.0036485168795698524,0.004978540772532188,0.004208727042172122,0.0022090505301988785
4567,2748,2293,0.009507195813344962,0.0033765537954723447,0.0013202274914733182,0.0031399912778020045,0.00476186289973413,-0.000251951511239919
4568,2748,2264,0.008745583038869256,0.0021629495409264546,0.0025304538807036235,0.00013250883392226063,0.0026662297160012964,-0.001339702161523267
4569,2748,2294,0.013077593722755012,0.004912441937439116,0.006822075013721131,0.004184829991281603,0.0042578604871178,0.002849273584892297
4570,2748,2314,0.014606741573033707,0.007009934690978916,0.0061257477462998925,0.003284356093344856,0.004297852274507143,0.0015222555794135195
4571,2748,2333,0.01251607372481783,0.004064879043827289,0.0055592462593537775,0.0045006429489927125,0.00344937183961306,0.0023277019703560995
4572,2748,2295,0.011241830065359476,0.004365286974863657,0.003858640111997251,0.0011328976034858378,0.0016710496742858127,-0.0004803795056852422
4573,2748,2316,0.01606217616580311,0.006371068607198758,0.007618039848706126,0.006865284974093263,0.00665912254866855,0.004266334796377595
4574,2748,2288,0.010489510489510486,0.0046499193864740695,0.0032050156352738273,0.0031905594405594396,0.004798117116035003,0.0010238088598323958
4575,2748,2285,0.00822757111597374,0.00366511581928533,0.0015199033016386329,0.004070021881838073,0.0051785408724080275,0.0010500512784129617
4576,2748,2315,0.012699784017278616,0.006043875577439029,0.005067604631850169,0.0043628509719222455,0.005520474135858586,0.002246154386975217
4577,2748,2322,0.009216192937123169,0.002465895854246502,0.004478830783001967,0.003143841515934538,0.00321381493107188,0.0018820114869813123
4578,2748,2317,0.009063444108761328,0.0033245668903411135,0.003176443038378524,0.0025032369443245563,0.0038545380074057967,0.0009098460449510156
4579,2748,2313,0.01072200605274535,0.004642718791451279,0.004454074646135182,0.003329009943795935,0.003955669495417619,0.0012421041905071612
4580,2748,2284,0.008844133099824866,0.003161355978095809,0.001682038491183895,0.003896672504378283,0.005826343644556053,0.0011676168318565303
4581,2748,2316,0.0118307426597582,0.0036809269815100895,0.004751259004545502,0.005483592400690844,0.004493304702009798,0.0030040945265880194
4582,2748,2314,0.008815903197925669,0.005846943441749194,0.0018328696517863666,0.004840103716508209,0.0049789789907916365,0.0017598138138128687
4583,2748,2312,0.012110726643598612,0.004007890586081003,0.004864269572032874,0.003806228373702421,0.0043600593265348915,0.00154024501091591
4584,2748,2305,0.010151843817787418,0.004935899824956523,0.004066610961968678,0.0013015184381778727,0.0018417839008673816,9.629934183134694e-05
4585,2748,2325,0.009892473118279567,0.003720247964492205,0.003950944545969978,0.0032258064516129015,0.0043471068047197334,0.001554107533486287
4586,2748,2309,0.011000433087916844,0.0023644191435516475,0.005042206466604175,0.005976613252490254,0.003515772570772562,0.0035740920269009186
4587,2748,2287,0.011893310013117619,0.0056150144673885495,0.006362881873504844,0.002929602098819412,0.004194310032557671,0.0023092190444479
4588,2748,2295,0.00923747276688453,0.0037334204628044422,0.0015620616709595921,0.002745098039215685,0.004293560999785848,-0.0005477144636914799
4589,2748,2280,0.008771929824561401,0.003942597059446175,0.0030659398989978746,0.005350877192982454,0.005015697857641617,0.002820961443315519
4590,2748,2294,0.011595466434176109,0.005047986938212335,0.004326685058468882,0.004489973844812553,0.004245307196802868,0.0016785330875745874
4591,2748,2304,0.011718749999999997,0.002984521179896776,0.004956427633041801,0.003211805555555555,0.003591597366325708,0.0014824368351906364
4592,2748,2304,0.009982638888888888,0.004585160516247375,0.002609483168007983,0.0037326388888888878,0.005004688225983676,0.0011752823879237963
4593,2748,2304,0.014670138888888887,0.006603933263464909,0.005965817185195877,0.0037326388888888878,0.005071743096899912,0.0012566067265023895
4594,2748,2291,0.010213880401571366,0.003976841530646956,0.0017466619680349114,0.002095154954168485,0.0043905097077062225,-0.0009162334394681586
4595,2748,2274,0.010554089709762531,0.0032697981095086187,0.005429873426094041,0.004529463500439752,0.0038506095082131253,0.003245635044729561
4596,2748,2323,0.009470512268618165,0.003223864407272109,0.0033414891330013196,0.0029272492466637955,0.004028085914744931,0.0009596981611032282
4597,2748,2307,0.009622886866059818,0.004119704919518847,0.001053365262325836,0.004508019072388382,0.005552368799610018,0.0004782136967092226
4598,2748,2322,0.010335917312661497,0.004540321726720961,0.0042657151303184156,0.005598621877691644,0.00462617148087259,0.0031594596693826234
4599,2748,2286,0.013385826771653541,0.0033664129555112865,0.004247847184127349,0.002930883639545056,0.0032296055660097217,-0.00033762603950988044
4600,2748,2276,0.008172231985940243,0.0025908796949983856,0.001401306514296004,0.004920913884007028,0.004678747097248978,0.001555488862877301
4601,2748,2308,0.012305025996533794,0.004535206849920826,0.005509163041839443,0.0038994800693240893,0.004079141196911548,0.0021084165060826924
4602,2748,2268,0.010846560846560844,0.0034078405805088004,0.00405342533540826,0.003262786596119928,0.004171609279068629,0.0012928663910372741
4603,2748,2283,0.009548839246605342,0.0035210365865102128,0.0029314595101012073,0.005212439772229521,0.006084915833545601,0.0022637058771313237
4604,2748,2315,0.014773218142548594,0.005698263315027256,0.007181711238660873,0.003671706263498919,0.0048210512061941865,0.0023349908486078735
4605,2748,2283,0.011213315812527373,0.0030154808609081343,0.0033334441906699794,0.002978537012702583,0.0027910177728372332,-0.00010715168159924763
4606,2748,2313,0.01383484651967142,0.005311577603387822,0.006904481020036924,0.0054042369217466475,0.0053106210576379905,0.0036169973001009543
4607,2748,2288,0.010576923076923076,0.0036948569098090816,0.0020584685651595124,0.0035402097902097886,0.002143418493432786,-0.00023137049466537624
4608,2748,2320,0.011206896551724134,0.00445961645010813,0.005490554297091905,0.003879310344827585,0.0038340090758760327,0.002559022791496233
4609,2748,2257,0.008063801506424455,0.0015253767740498016,0.00034204960702124797,0.0019051838723969866,0.002944681723018551,-0.0019794991035051077
4610,2748,2314,0.008124459809853067,0.0023416136658300068,0.001651709877615668,0.004753673292999134,0.004806710906387752,0.0015521453481006267
4611,2748,2314,0.01002592912705272,0.0013935369116484277,0.003833328071556882,0.0036300777873811566,0.002666831416453133,0.001089282490167856
4612,2748,2302,0.010599478714161599,0.0031107209280028534,0.002604412056196737,0.004083405734144221,0.004047404422293767,0.0006140257479560356
4613,2748,2268,0.006172839506172838,0.0011971823574628972,-0.0032492961969736224,0.00022045855379188644,0.0016550358864831226,-0.004550711586498438
4614,2748,2307,0.010576506285218898,0.001733586221785523,0.0036556107388506683,0.004508019072388383,0.0037749697326592132,0.001677463708331659
4615,2748,2301,0.010604085180356366,0.006100287245436618,0.005026826790664214,0.001999130812690134,0.0035320306084445645,0.0014408832102975966
4616,2748,2313,0.011413748378728923,0.004963740534664025,0.003986325202510519,0.0037181150021616933,0.0037301336666789313,0.001499815121090681
4617,2748,2295,0.008017429193899781,0.003015640939180934,0.0018119492045363152,0.0012200435729847483,0.002500642568422189,-0.0006511639079369413
4618,2748,2330,0.011931330472103003,0.005129293634661473,0.004781750957083917,0.004892703862660942,0.0050774681657502095,0.002590962273663645
4619,2748,2296,0.008972125435540068,0.0049057835654124715,0.0021958689355181366,0.002743902439024389,0.004867414275300385,0.0005000226375127105
4620,2748,2293,0.011164413432184911,0.005089451616987219,0.004173213964776836,0.004099433057130396,0.0042472413258145825,0.0018248820154569301
4621,2748,2282,0.013672217353198946,0.005009132338387324,0.007364203613165799,0.004907975460122698,0.003994068993347105,0.0033658328766459195
4622,2748,2319,0.01319534282018111,0.004430854862530924,0.005463494239032059,0.004570935748167312,0.003951009279734669,0.0022956673903639243
4623,2748,2287,0.016003498032356796,0.007502325704903363,0.008107291267157897,0.006165282028858766,0.00613113955519149,0.004386776580026024
4624,2748,2298,0.01610095735422106,0.007029638913555648,0.006742936645152743,0.00517841601392515,0.004811145711676397,0.0025665301837139273
4625,2748,2296,0.008101045296167245,0.00230828617877665,-0.0005458887413349576,0.003832752613240417,0.004329806630540195,-0.0007871208980967978
4626,2748,2307,0.015604681404421323,0.00497195189238849,0.007601853144829455,0.004421326397919375,0.004987480001776827,0.0031209510308387394
4627,2748,2270,0.010484581497797355,0.004542592948222477,0.005356666806422284,0.0043612334801762095,0.0048678587278234665,0.003005751871336229
4628,2748,2306,0.011101474414570683,0.004567084849190475,0.0016675215837491137,0.0042064180398959225,0.005162448374205752,0.00013748286953169035
4629,2748,2301,0.011038678835289004,0.0045464061114390665,0.003506701592431938,0.004693611473272489,0.00424640728383533,0.0016837652725575788
4630,2748,2283,0.009724047306176082,0.0034948636365774886,0.0027345658063669216,0.003066141042487954,0.002918085416274485,0.000577812558345715
4631,2748,2302,0.00938314509122502,0.003483556067682356,0.0010675713065645515,0.005603822762814943,0.005206590002243289,0.0011872065029506019
4632,2748,2314,0.006136560069144338,0.0016287274824702304,0.0012358723957245602,0.0004321521175453754,0.0019591302932683106,-0.0011343235146254605
4633,2748,2301,0.009561060408518033,0.0033840014923819696,-0.0001309241693904831,0.004085180356366795,0.004544018602243637,-0.0007696897290993339
4634,2748,2260,0.014690265486725659,0.0042241324315167176,0.00706578874022917,0.0036283185840707962,0.004094863066778486,0.0017112951199105683
4635,2748,2304,0.010763888888888887,0.006142784570402717,0.006219616532277312,0.001779513888888888,0.004728196820685572,0.0018493048560116222
4636,2748,2265,0.010154525386313463,0.004128700437098641,0.000591392600021798,0.0019426048565121398,0.0026826087428029398,-0.0021954369512323757
4637,2748,2334,0.015252784918594685,0.006732497040788093,0.008982554607758842,0.002056555269922878,0.003959796277083472,0.0020224307526729556
4638,2748,2275,0.008615384615384615,0.002327763265963239,0.0015711640855875645,0.0018901098901098897,0.003534583733646969,-0.0009154232949450677
4639,2748,2303,0.012158054711246197,0.0033813484694862213,0.006684413058203577,0.0037776812852800675,0.003839752914785413,0.002887072241430289
4640,2748,2303,0.01250542770299609,0.0043806879973095165,0.004384624692625155,0.005471124620060789,0.0040873082889564556,0.0018792963104607714
4641,2748,2308,0.011958405545927208,0.004686242323693043,0.00353157082222312,0.0035961871750433277,0.005082442326708275,0.0006865439331825205
4642,2748,2293,0.011600523331879631,0.004463042846499523,0.004746628102135649,0.0033144352376798946,0.0033058541431553994,0.001349784467436824
4643,2748,2283,0.013753832676303108,0.005353311799380469,0.005177854004187716,0.004905825667980727,0.004954315370593056,0.0020146055219877885
4644,2748,2286,0.01111111111111111,0.003032260190252669,0.004495341171870378,0.0029308836395450562,0.0034070930783846798,0.0009741906882336073
4645,2748,2296,0.009059233449477351,0.0035438437658359147,0.0018418455176054992,0.0042247386759581874,0.004324610701317969,0.0009728001589238719
4646,2748,2323,0.009384416702539818,0.004181052111386701,0.0010455577190677389,0.004003443822643133,0.004209184162577815,1.5140319646269002e-05
4647,2748,2269,0.009607756721022476,0.0024619714120318577,0.002273061517903647,0.002027324812692815,0.0034705252853017687,-0.0006640066444103414
4648,2748,2303,0.00581849761181068,0.002199926580190437,-0.0004884418809382217,0.001215805471124619,0.0029475528186196425,-0.0014415307207885251
4649,2748,2331,0.011497211497211496,0.004627898198192532,0.0037930047723525734,0.005748605748605748,0.006231669490742717,0.002735999075264234
4650,2748,2257,0.013646433318564464,0.0050359258509723994,0.005578685953921059,0.002082410279131589,0.0030156598803067146,0.00040477319395580366
4651,2748,2243,0.01123495318769505,0.004213986769749605,0.004447060082187932,0.004012483281319659,0.003674035304997707,0.0019040911717677204
4652,2748,2294,0.01002615518744551,0.004674520077073068,0.0029095177715076272,0.001830863121185702,0.004593522710710038,2.834834936576478e-05
4653,2748,2301,0.013820078226857886,0.004149843154300584,0.007116680819186997,0.004910908300738808,0.0045516813273651655,0.003258608248247004
4654,2748,2292,0.009075043630017451,0.003260566838952954,0.002574097451519873,0.002094240837696334,0.0028820795788923165,-0.00018074909772677162
4655,2748,2261,0.008668730650154796,0.00303625328316551,0.0004394151826481271,0.006103494029190622,0.00504993947749968,0.0013678015470720817
4656,2748,2246,0.014336598397150489,0.006311857325342886,0.006222012985982064,0.006144256455921637,0.004572264353380376,0.003108476704176657
4657,2748,2295,0.01594771241830065,0.006599411341756053,0.006965683448640613,0.0033986928104575154,0.004195357603893734,0.0014283534595000379
4658,2748,2273,0.00906291245050594,0.0025236647384867367,0.001970855219181101,0.00233172019357677,0.0035967706316647873,-0.00047892654856483084
4659,2748,2290,0.00890829694323144,0.003363086502784118,0.0009829261124571493,0.0036244541484716144,0.004495407794348946,-5.0428666408461534e-05
4660,2748,2282,0.011393514460999121,0.003822961710817798,0.005324780298064376,0.00354951796669588,0.003981388337249187,0.002111460529123134
4661,2748,2308,0.015164644714038125,0.005995793522090893,0.009142280042399885,0.004289428076256498,0.0048985596816544874,0.0038265402783639476
4662,2748,2324,0.012908777969018933,0.006232958355809122,0.004463535542599946,0.004604130808950085,0.006132266472804073,0.0021970524482905775
4663,2748,2294,0.013775065387968612,0.00471172441316301,0.006626207431021681,0.0031386224934612022,0.003400668932437218,0.0017345730321847704
4664,2748,2273,0.010470743510778705,0.0028576053686223415,0.004474818678174968,0.0011438627364716224,0.0003368587722640213,-0.0008584575839317518
4665,2748,2345,0.009381663113006394,0.003530603895098602,0.00263833283686717,0.0016631130063965883,0.0034547110984145006,-0.0005712743556027123
4666,2748,2284,0.007793345008756566,0.0019341679907052454,-0.00015334807907370763,0.002977232924693519,0.002796831609911447,-0.0008986956554046571
4667,2748,2287,0.015128989943156972,0.005542906271489806,0.008693442427916987,0.0040227372103191945,0.0032706024715859613,0.0032557863643227995
4668,2748,2294,0.012031386224934609,0.005162728652883076,0.007324190255304022,0.001743679163034001,0.0035602849696683534,0.0020588106361489134
4669,2748,2312,0.012543252595155707,0.005028397483337109,0.004947750729375119,0.006877162629757784,0.005486842961408803,0.004121089429976322
4670,2748,2335,0.011820128479657386,0.002985316627392839,0.004974598787550455,0.0038115631691648818,0.0023099556525950247,0.001578368160449803
4671,2748,2309,0.012646167171935901,0.004610927828950637,0.004357280330800846,0.002641836292767431,0.0036903050325466794,0.000394028611327758
4672,2748,2315,0.015377969762419005,0.006036501299655975,0.0087957319408671,0.005701943844492439,0.005299487815871347,0.004606747358686457
4673,2748,2269,0.011018069634200087,0.00434403031477011,0.00734152116137443,0.0028206258263552214,0.003825537179451807,0.0030920898089499813
4674,2748,2285,0.009277899343544857,0.0030525182081958526,0.0022262069763521117,0.002757111597374179,0.003703865714271823,-0.00017012944158610664
4675,2748,2295,0.010806100217864923,0.004948001264078285,0.003205964413957281,0.004705882352941175,0.005717640473646014,0.0015356684176408707
4676,2748,2298,0.006179286335944298,0.002492716306655626,-0.0028188177361154003,0.003133159268929502,0.00330005425072465,-0.002216959289285786
4677,2748,2300,0.017043478260869563,0.006039628841653349,0.011261515155522001,0.00417391304347826,0.004225007211502282,0.004527146114672504
4678,2748,2291,0.013967699694456565,0.004949641298317389,0.007176032929036521,0.003448275862068965,0.003639191161051877,0.0022312569116361845
4679,2748,2303,0.01372123317412071,0.004553197588453715,0.006214970063549479,0.004038211029092487,0.0038399169176957394,0.002174537504877139
4680,2748,2314,0.01201382886776145,0.003703629389098619,0.004088902944013359,0.0028954191875540185,0.0029071910042149447,0.0003492558881184861
4681,2748,2276,0.015465729349736378,0.0072244294669388965,0.009153251345358923,0.005843585237258347,0.005900248941809758,0.004935041583134246
4682,2748,2284,0.01348511383537653,0.004223760039731998,0.005711454257497758,0.005078809106830121,0.004423370095931372,0.002430671606076477
4683,2748,2316,0.011053540587219341,0.0025749382567332915,0.0018863580929262141,0.005354058721934369,0.005171368330571453,0.0009166914802790534
4684,2748,2306,0.009366869037294013,0.004404651277013682,0.004583106254700267,0.002905464006938421,0.0022990679494461087,0.001857538978765008
4685,2748,2289,0.011533420707732632,0.005592007765429819,0.0048715738898111325,0.002402795980777631,0.003238953964505426,0.0008506188831421096
4686,2748,2282,0.011218229623137599,0.004426249236799704,0.00462512184903204,0.004163014899211217,0.0033719084556555843,0.0021425478352108326
4687,2748,2257,0.012671688081524144,0.004428696534086919,0.003531772143072134,0.004297740363314133,0.005613369830851318,0.0011103317703407478
4688,2748,2274,0.015391380826737027,0.004891944901812992,0.005939704732035647,0.003693931398416886,0.0043426752323202636,0.0012035669731510219
4689,2748,2299,0.009656372335798172,0.0025672724473986886,0.0020958230441229034,0.0036972596781209206,0.0036781755231386336,0.0006413204802937925
4690,2748,2297,0.009490639965171962,0.003990551545912999,0.002486837773203304,0.0027427078798432725,0.0029438657006943796,-2.6108812554956582e-05
4691,2748,2321,0.007496768634209391,0.00260428616145287,-0.0012303446059164804,0.005557949159844895,0.006288613950078893,0.0004721643036292278
4692,2748,2287,0.00918233493659816,0.0033708842732482185,0.002872039812890468,0.0062090074333187575,0.0040349295704338334,0.0028068734176972185
4693,2748,2278,0.010798946444249339,0.0038427340641060768,0.005075531002610308,0.0013608428446005257,0.0027420720362255372,0.00023849740038223925
4694,2748,2301,0.013124728378965665,0.004595917261053521,0.004322222797643402,0.005997392438070403,0.005356520278978754,0.002437253292120151
4695,2748,2320,0.010603448275862067,0.00433214793811335,0.003360970200100564,0.0025862068965517232,0.004382778709869784,0.00046433335625305666
4696,2748,2299,0.008525445846020007,0.0032699307486117398,0.00262015606421226,0.005567638103523269,0.0056586218939113754,0.002950185668746476
4697,2748,2319,0.009573091849935315,0.0037792463807688114,0.0020596771601657034,0.0036222509702457943,0.00407458205219209,0.000627989433215927
4698,2748,2288,0.014597902097902094,0.003917934637776638,0.0049837289559320486,0.00533216783216783,0.005437310806575759,0.0015046890602202058
4699,2748,2233,0.00985221674876847,0.003421780202704521,0.004793201249232367,0.003896103896103895,0.004815841191149611,0.002269565269538843
4700,2748,2299,0.011657242279251847,0.004439453490924318,0.004748809185848736,0.003305785123966941,0.003560836183988021,0.001409409944069326
4701,2748,2314,0.007000864304235089,0.001461379518165704,-0.0013637276778741265,0.004278305963699222,0.003959347954591466,-0.0007232010674741985
4702,2748,2292,0.015095986038394413,0.00535560562162349,0.006267926222175626,0.002617801047120418,0.00333879794367544,0.0005184790257123669
4703,2748,2269,0.012075804319083295,0.005033086937078125,0.004961767129790264,0.0025561921551344197,0.00644332429848727,0.0011644115385388062
4704,2748,2320,0.01008620689655172,0.0030745414359652475,0.0031079229950314287,0.0013362068965517232,0.002335871140137418,-0.0003967206343576981
4705,2748,2277,0.012209046991655686,0.0038010772794822077,0.005218782656342368,0.0037768994290733413,0.004984448800991828,0.0016647331977648397
4706,2748,2263,0.01299160406539991,0.004954690262772478,0.007534351468043555,0.0027839151568714083,0.0034540667460698175,0.0023999817749315484
4707,2748,2288,0.010926573426573424,0.0029788419399589473,0.002213674426338878,0.0055506993006993,0.004773381099822929,0.0013280853004667525
4708,2748,2282,0.011042944785276072,0.003990541637003328,0.0023623313221911393,0.007055214723926378,0.006861425609361333,0.0027040733658081303
4709,2748,2283,0.011388523872098114,0.0036059841338527496,0.0037595253527986355,0.003109943057380639,0.0039978360769389,0.0008378005622214081
4710,2748,2314,0.013137424373379426,0.005191729050549373,0.004660259042813925,0.0039757994814174575,0.0049697984817905026,0.0014623844061094752
4711,2748,2300,0.0074782608695652154,0.003654393281620133,0.00019519158260463765,0.0035217391304347818,0.005166557158878935,0.00021382725142359848
4712,2748,2310,0.01316017316017316,0.007308641710794627,0.008264681896659198,0.0028138528138528128,0.003421286832733948,0.0030829186952041282
4713,2748,2316,0.009585492227979274,0.0037605411820532263,0.002345100610401649,0.002849740932642486,0.0041758865494786095,0.0003886815074154876
4714,2748,2309,0.011520138588133388,0.0048273521188526985,0.005246481646377761,0.003464703334776959,0.003769244566221043,0.0018413021063307332
4715,2748,2309,0.009441316587267214,0.004723836505575442,0.006068771416914738,0.004763967085318319,0.0046239161993644395,0.004565828151350268
4716,2748,2318,0.008628127696289902,0.00326780694458663,0.001449106670437533,0.0025884383088869705,0.003289290555201382,-0.0005264693909016254
4717,2748,2318,0.009232096635030195,0.00434256539926468,0.0016308015206278692,0.004529767040552198,0.005141945666851747,0.001141361692795671
4718,2748,2287,0.010319195452557935,0.004283524006021971,0.0019852013384532383,0.002929602098819414,0.002806875151455888,-0.0007478060617397952
4719,2748,2306,0.01023417172593235,0.004233867845111537,0.002623422101547612,0.0015177797051170855,0.005547756045148398,-0.0005455199788433491
4720,2748,2317,0.00630125161847216,0.0013072399015804145,-0.0010218096595142132,0.0048338368580060406,0.0034575888850089716,0.00035162388871616947
4721,2748,2287,0.008395277656318319,0.001802624513207045,-0.0005671557532018436,0.00634018364669873,0.006234708046300707,0.001147251620246485
4722,2748,2283,0.012264564169951815,0.0033935849711002205,0.004625981998194147,0.0016644765659220308,0.003705356568212917,-0.0002480482026793771
4723,2748,2317,0.007423392317652135,0.0028253602202913653,0.0004093334775506148,0.0025032369443245563,0.005052241998747342,-0.0004426043959855099
4724,2748,2300,0.009217391304347825,0.0024397907380151467,0.0007267162018311362,0.003478260869565216,0.0028871014437831595,-0.0006128169221252121
4725,2748,2295,0.009673202614379083,0.0032819427265175167,0.0017876796988210084,0.006187363834422656,0.003625313522670051,0.002195113703414198
4726,2748,2306,0.00971379011274935,0.0036528809775338393,0.004255892639792189,0.002732003469210754,0.003080638879285163,0.0014116405998766675
4727,2748,2277,0.009486166007905139,0.003220288897893212,0.004412185854701481,0.0024154589371980667,0.004077136773795106,0.001100728542411814
4728,2748,2293,0.01098996947230702,0.0038374442732482176,0.002764476741132974,0.0020061055385957255,0.002389279015461042,-0.000966230709759588
4729,2748,2316,0.010535405872193435,0.00306919547858684,0.002181701015862298,0.0030656303972366144,0.0030703201367944604,-0.0004787848547173692
4730,2748,2321,0.009823352003446788,0.004235428633886351,0.003870147293326917,0.000947867298578198,0.002545650956727633,-0.00040061147277563173
4731,2748,2289,0.013630406290956748,0.006124895194042284,0.0045429133662645785,0.004543468763652248,0.00498269716392079,0.0019112555675801452
4732,2748,2317,0.014587829089339662,0.006222025578738753,0.0070334413289202015,0.006560207164436771,0.005230038980827124,0.004279941948586436
4733,2748,2320,0.009741379310344826,0.0032743059528495674,0.0038068921457865205,0.004267241379310344,0.005030764641034578,0.0021726527749339544
4734,2748,2304,0.009809027777777776,0.002737481345508065,0.003108685055494568,0.0014756944444444435,0.0028007563867712528,-0.0005417321639266518
4735,2748,2326,0.014187446259673256,0.006635416276635,0.006424210324020371,0.007953568357695614,0.0077632965950247225,0.005192070392344898
4736,2748,2291,0.010039284155390658,0.0029060849101861823,0.0019836802096955936,0.004539502400698384,0.003122515944771141,0.0006171486665146872
4737,2748,2255,0.012416851441241685,0.004327258892992976,0.004545974049887196,0.005543237250554322,0.00638168027787989,0.0024793902161991325
4738,2748,2256,0.008865248226950354,0.004237407794124574,0.0024462339395414563,0.002349290780141843,0.004170558813275022,0.0004980440270539872
4739,2748,2271,0.006076618229854688,0.0007029400383895879,-0.002908621034017526,0.0031704095112285325,0.0034972521530566686,-0.0021895339554938243
4740,2748,2314,0.013828867761452028,0.005814309911933934,0.005741768999507708,0.002506482281763179,0.003471888015310964,0.0009741348585579682
4741,2748,2312,0.008217993079584774,0.0031720984066069273,0.0003514792855058912,0.003979238754325258,0.0035042565387183814,3.7606099890357046e-05
4742,2748,2294,0.011595466434176109,0.004568490548781856,0.003754067573588026,0.0047951176983435035,0.005307395292397479,0.0016511317967210929
4743,2748,2307,0.014130905938448199,0.004934680274189744,0.005716870812319393,0.004681404421326397,0.004491512415001317,0.002184524213617587
4744,2748,2323,0.01274214377959535,0.004666180242291403,0.005948252547243213,0.003831252690486438,0.004190441603689078,0.00206918896863308
4745,2748,2306,0.006851691240242842,0.0018883276626665642,0.00024681397360581237,0.0016912402428447522,0.002647159072070673,-0.0011786676863382983
4746,2748,2307,0.013697442566103162,0.004240695895506775,0.0048988070279296645,0.004291287386215864,0.004583095007673335,0.0011970116995408894
4747,2748,2291,0.010999563509384547,0.003373570924355936,0.0031713916054389463,0.0021824530772588378,0.0029181627865829366,-0.000460212329455979
4748,2748,2246,0.011932324131789847,0.0033965038622017127,0.0034579293629693605,0.0063668744434550294,0.005608263130751299,0.002621098207454358
4749,2748,2297,0.012799303439268607,0.004385394344636484,0.004093274179732592,0.004571179799738788,0.0062389562674124545,0.0012651612422218577
4750,2748,2317,0.014674147604661196,0.006185681683333535,0.007076327693866227,0.006776003452740611,0.005241262399741029,0.004318589162349686
4751,2748,2275,0.006153846153846152,0.002294395533280465,0.0008992571389887375,0.0029010989010989007,0.0025806756937609915,0.0003627557202496428
4752,2748,2299,0.011222270552414091,0.004684614006023791,0.0017413464191393788,0.002479338842975206,0.004753704565199572,-0.0009227666988638843
4753,2748,2292,0.010994764397905758,0.004157735293118093,0.005595020418168844,0.002181500872600348,0.00328799435346037,0.0015298882013700479
4754,2748,2264,0.010689045936395757,0.002528383768862444,-7.315619867890001e-05,0.004240282685512366,0.004176515420800936,-0.0012469137661025877
4755,2748,2299,0.012179208351457152,0.0040386823550095305,0.002917118392848962,0.003262287951283166,0.005775666488416636,-0.00017004937844603465
4756,2748,2305,0.01110629067245119,0.0022612998018440716,0.0023175851198395186,0.0040347071583514095,0.0036420576744424357,-9.964601091383158e-05
4757,2748,2322,0.007321274763135227,0.0018259080703002866,0.0017070614643194307,0.0022825150732127463,0.0016809802807955696,-0.00017698423095094748
4758,2748,2300,0.011565217391304347,0.003927961928926234,0.0041005793844753466,0.004434782608695651,0.003546107292736799,0.0017372295256704005
4759,2748,2267,0.013586237318041464,0.004663950413290387,0.006418351305545921,0.004455227172474635,0.004275280130093731,0.0026623040262917803
4760,2748,2282,0.00780017528483786,0.0021441129732212307,-0.000943876578143861,0.003637160385626642,0.003560664381506742,-0.0009780107593073408
4761,2748,2289,0.008824814329401484,0.0022441731367284002,0.002220291593298856,0.002664919178680646,0.0029853634522427324,9.377517795685981e-05
4762,2748,2289,0.014067278287461772,0.0048402217643406815,0.006065878345038641,0.0063783311489733485,0.005064508837459626,0.003468431112719558
4763,2748,2342,0.007514944491887275,0.001687365877184683,0.0014857070683475164,0.003202391118701964,0.002145044456182546,0.00010544856023652745
4764,2748,2311,0.010471657291215922,0.004550258560354418,0.0030699507906401394,-1.1529793418867918e-18,0.001827222135200727,-0.0017197357758227917
4765,2748,2266,0.010767872903795231,0.0027382451952724027,0.004769212980848846,0.00379523389232127,0.002665098574960782,0.0014612229462649222
4766,2748,2286,0.013473315835520559,0.005502438981405392,0.006086058143288303,0.0024496937882764647,0.004236661218490469,0.001153305070186489
4767,2748,2299,0.011396259243149194,0.004284759137270065,0.0036451577581491346,0.004567203131796433,0.004754362696849262,0.001741814939978045
4768,2748,2278,0.00851624231782265,0.0032526777780498358,0.0012638398722109659,0.005355575065847233,0.005428781439367767,0.00130749892747008
4769,2748,2274,0.009410729991204925,0.0035921175244804818,0.0026955391049828517,0.0014951627088830247,0.0031370387008521697,-0.0004152346438704368
4770,2748,2296,0.010888501742160276,0.0036619139344956143,0.005125805466872147,0.0032665505226480832,0.004397214482359229,0.0017417424537135723
4771,2748,2310,0.011341991341991342,0.004981480948864352,0.004053031280400315,0.0020346320346320344,0.0023401579900092385,-5.460726869008098e-05
4772,2748,2312,0.006747404844290656,0.002266117453585225,0.002771668841442365,0.000648788927335639,0.0027089229332819863,-0.00025668158924980295
4773,2748,2319,0.011987925830099179,0.005718332009094978,0.005049098091844321,0.003924105217766278,0.004930790479265853,0.002457430030065093
4774,2748,2280,0.009649122807017543,0.005801368752961442,0.004773701257098823,0.004166666666666665,0.00550056170924941,0.0032788794305961557
4775,2748,2278,0.008691834942932396,0.0025854221026611625,0.0019839133675001413,0.003292361720807725,0.002699485899350224,0.00035689916686393585
4776,2748,2285,0.012078774617067833,0.005583860865139101,0.004524692013727859,0.002319474835886214,0.003981458531611282,0.00025038054368564026
4777,2748,2290,0.01135371179039301,0.0042810094282587224,0.003632658675054803,0.0006986899563318765,0.0029829649839552587,-0.0011080727171036318
4778,2748,2312,0.008737024221453287,0.004299765169786566,0.0019216867347838485,0.0033737024221453275,0.003381992451515329,0.0006744896726541516
4779,2748,2246,0.012288512911843276,0.00419851231628788,0.005286862533514513,0.004185218165627782,0.004754853596892737,0.002338738101775851
4780,2748,2291,0.01230903535573985,0.004566666697856588,0.0045170318248445715,0.004103011785246615,0.005387394349743966,0.0014037916279642864
4781,2748,2308,0.013431542461005197,0.004250402570262039,0.0063110431784488595,0.004246100519930675,0.002182693174987035,0.0021167830980494025
4782,2748,2306,0.00884648742411101,0.0028262059477033737,0.003173117971015795,0.004076322636600173,0.00400653661368684,0.002052766870464536
4783,2748,2341,0.009141392567278939,0.0034306021725845266,0.0021907079027690297,0.0015805211448099092,0.0015334783244755148,-0.0009623677001678731
4784,2748,2279,0.009741114523913996,0.004091513606260022,0.004173090886742521,0.0020623080298376477,0.003921223190441039,0.0007229201018347367
4785,2748,2269,0.009784045835169676,0.003590342789389909,0.003411889314407637,0.0028646981048920223,0.003922703626521777,0.0009316670314239973
4786,2748,2298,0.012358572671888599,0.004521863654808171,0.005285666716012081,0.005395996518711922,0.00490471253473011,0.002949345094961465
4787,2748,2328,0.011597938144329894,0.004390548310551935,0.0033284334819469945,0.006142611683848796,0.006378421803813105,0.002871216153848727
4788,2748,2294,0.015257192676547512,0.004780289427073175,0.006701017044479787,0.006843940714908455,0.006076974113373554,0.0041444638019029765
4789,2748,2267,0.010145566828407586,0.004544405943064172,0.0039291369113964,0.0053374503749448595,0.004265282078011627,0.002995360791907782
4790,2748,2311,0.009173517957594112,0.0032883651398938735,0.0023719387674171217,0.002206836867157074,0.00298763472945189,-9.220795366775481e-05
4791,2748,2292,0.01308900523560209,0.004850267585273836,0.006037311292155365,0.004144851657940662,0.0040411194331885685,0.0022983401312774224
4792,2748,2274,0.015567282321899733,0.006626693653203475,0.009317955224919032,0.005321020228671943,0.004253432702854427,0.00441261882424351
4793,2748,2319,0.01414402759810263,0.005259775230094693,0.005971798429986565,0.004139715394566624,0.003932085121208563,0.0017563092610626658
4794,2748,2299,0.0077424967377120475,0.0034783082850193448,0.0003161959353371428,0.004523705959112657,0.005129008366778585,0.00043740669868313207
4795,2748,2328,0.010395189003436424,0.0047065548002384935,0.004065162628946365,0.0036941580756013736,0.004621596228002604,0.0018390219258288985
4796,2748,2291,0.013880401571366214,0.0050397031984584974,0.005540271261570571,0.004539502400698385,0.005767340701349336,0.0018840037386870932
4797,2748,2281,0.01209995615957913,0.0022983580619826737,0.0037291661286829873,0.005129329241560717,0.004734647422965376,0.001762472410772667
4798,2748,2311,0.010817827780181737,0.005001832058272267,0.0030413412708115736,0.004110774556469059,0.0051157664710473625,0.0011242851400477777
4799,2748,2312,0.012975778546712802,0.00537273666490372,0.0066041160801391064,0.00441176470588235,0.0051984672690495596,0.0029702074443048337
4800,2748,2332,0.009262435677530018,0.003925334229414823,0.001859233878240248,0.00222984562607204,0.004102354260850572,-0.0008373943270744743
4801,2748,2302,0.010251954821894003,0.0044027228183627296,0.003441725071915473,0.004344048653344915,0.004497867556076433,0.001637271345238801
4802,2748,2331,0.012955812955812954,0.006155749810999953,0.006150031059991485,0.004676104676104675,0.004359354556438536,0.0029591611145568767
4803,2748,2310,0.007012987012987011,0.003474940679830033,0.00022499154088899523,0.003852813852813852,0.00367073785737568,0.0001271789637614228
4804,2748,2271,0.012065169528841919,0.005714632092070124,0.005530925417903418,0.0038749449581682075,0.0043839433353427115,0.0025942517818617707
4805,2748,2297,0.010274270787984326,0.00472978105812531,0.0028446151158753145,0.002089682194166303,0.004052918329820786,-6.636003447808394e-05
4806,2748,2256,0.013475177304964538,0.003526066191223846,0.00644317382080263,0.00452127659574468,0.0035465285669570496,0.0024764413487156998
4807,2748,2269,0.010753635962979286,0.0027682750210130235,0.0020149969790024197,0.005332745702952842,0.005832320720078987,0.0012353078748720886
4808,2748,2319,0.00810694264769297,0.003144791314087714,0.00031189881729783283,0.006770159551530831,0.007157532004618993,0.002457932997498219
4809,2748,2287,0.009532138172278092,0.002827724050155038,0.005291895884025971,0.0042413642326191514,0.004449054737183287,0.0032890953056020004
4810,2748,2311,0.007875378623972305,0.003272311051675221,0.0009004159251284386,0.001817395067070531,0.004202911538382247,-0.000744493670364138
4811,2748,2310,0.012813852813852812,0.006381764885501015,0.003705784447578728,0.001818181818181818,0.002642058762910248,-0.0007349616650878152
4812,2748,2281,0.01227531784305129,0.0030726210000256967,0.004197480035168656,0.004120999561595791,0.004382832769717048,0.001415847606604902
4813,2748,2273,0.010206775186977561,0.004588360658528779,0.0042703620991073575,0.003387593488781345,0.004123793128860485,0.0019230361678801678
4814,2748,2241,0.00901383311021865,0.001569612398387711,0.003140673399551538,0.0038375725122713057,0.0022939165090054368,0.0012913862772612932
4815,2748,2283,0.013491020586946997,0.005355741916937243,0.005031836009992946,0.004643013578624616,0.005141992680068171,0.0019467145252825351
4816,2748,2287,0.012418014866637515,0.00432608628825851,0.0046877176952479825,0.0010494097070397888,0.002423128894396979,-0.0009259522140280616
4817,2748,2301,0.010777922642329423,0.004452629122933474,0.00548491592261616,0.0063885267275097775,0.00605158211868909,0.004640747871091544
4818,2748,2270,0.006607929515418501,0.002338475390953251,0.00019445709191666304,0.0031277533039647566,0.003249479037096404,-5.231033461229617e-05
4819,2748,2310,0.015064935064935064,0.007363411226603037,0.008146184337405915,0.004242424242424242,0.006125855125935067,0.003577191770685328
4820,2748,2311,0.008135006490696668,0.0022471355426908544,0.0018644593177011331,0.0058848983124188655,0.004220758044400017,0.0024795480337581693
4821,2748,2296,0.008362369337979092,0.0027270063410742766,-0.0006033787925971081,0.00239547038327526,0.002022469735023459,-0.002202794465517294
4822,2748,2336,0.009160958904109588,0.002891996020683094,0.0015347165969052425,0.003938356164383561,0.0035680026776570783,0.000479024598726307
4823,2748,2294,0.01046207497820401,0.002990846873437656,0.004121804548469881,0.0012205754141238008,0.0023871940737048643,-7.797104361602268e-05
4824,2748,2293,0.012559965111208023,0.00429097710657037,0.005439233439881023,0.0024858264282599206,0.002576457405389893,0.0006397151371914575
4825,2748,2316,0.008203799654576857,0.0029937373321468497,0.0015626717333190154,0.0035837651122625205,0.004327770115737771,0.0006685732120952353
4826,2748,2305,0.012234273318872016,0.005776070733020288,0.0026225965179524774,0.003731019522776572,0.004070962608363425,-5.176956841989789e-05
4827,2748,2303,0.012418584455058617,0.0038166378249414336,0.0047201169155132216,0.0032566217976552313,0.002880098028764559,0.0008070560913708441
4828,2748,2318,0.009318377911993097,0.004000770144531144,0.0011754861350908488,0.004227782571182052,0.004565264143865692,0.0008097983948035945
4829,2748,2255,0.012594235033259423,0.004004846772034979,0.0035681027646338845,0.006917960088691794,0.005020724698496163,0.002822395991512201
4830,2748,2312,0.008044982698961936,0.002770062166436462,0.002590350415417817,0.003719723183391002,0.003616014683275048,0.0013419441594762205
4831,2748,2334,0.011653813196229646,0.0047726724517303445,0.004693411883953534,0.0034704370179948576,0.00226260536839712,0.001178945247664281
4832,2748,2291,0.010126582278481011,0.003109170955739984,0.002396472035356102,0.003535573985159318,0.005187524814351023,0.0008298995067649216
4833,2748,2276,0.008963093145869945,0.0036599831928941593,0.0030228264477499753,0.005008787346221439,0.0031157783106586672,0.0020074072421217438
4834,2748,2247,0.013440142412105028,0.004728119914724599,0.006752457965254317,0.0038273253226524247,0.00516890140468621,0.002554737464615216
4835,2748,2304,0.010156249999999999,0.0033643266708504823,0.003223366283529105,0.0049479166666666664,0.004294293827237263,0.0018830273023624142
4836,2748,2302,0.009730668983492615,0.003316274202477242,0.0024877689788813527,0.0036924413553431784,0.003989223729958289,0.0006573381716484079
4837,2748,2297,0.01192860252503265,0.0030610905220657745,0.00570124345923202,0.0027862429255550714,0.002680613492422597,0.001345719964108534
4838,2748,2306,0.011535125758889852,0.004075656559527523,0.006027936912543022,0.004032957502168255,0.002911349758621958,0.0025853207344975855
4839,2748,2315,0.0109719222462203,0.00363506030430397,0.003060242186722695,0.0031965442764578826,0.0033999684664339723,-0.00017649865195189476
4840,2748,2312,0.009256055363321799,0.0036190614541643244,0.0022264327985485675,0.002335640138408304,0.002471320310547369,-0.00022296173944535307
4841,2748,2319,0.00758947822337214,0.002722225028052442,0.001094971792792122,0.003924105217766278,0.003532528970088313,0.0007566058720448039
4842,2748,2274,0.008883025505716798,0.002499297933488987,0.0021037052242276508,0.004485488126649076,0.005051375674896689,0.0012049181871599554
4843,2748,2279,0.010443176831943833,0.004372268884339596,0.006112124064147345,-0.00026327336551118996,0.002253525600787556,0.0003516086968063934
4844,2748,2303,0.01068171949630916,0.002066712060072772,0.005100827914455319,0.0043421623968736426,0.00270694060197358,0.002364951935733102
4845,2748,2311,0.015231501514495887,0.006319145505508243,0.008524164844334688,0.005279099956728688,0.004835264533747999,0.0041260536492560415
4846,2748,2273,0.012054553453585568,0.0038535442804679253,0.0056270210733122645,0.005631324241091068,0.005170450087878196,0.003576855656349623
4847,2748,2297,0.009664780148019156,0.0035987707761838262,0.0037165857632560848,0.004179364388332607,0.0037799715055815606,0.002081429510793812
4848,2748,2286,0.015660542432195973,0.006467285907987524,0.009205560938218636,0.005293088363954503,0.004525835535955065,0.00447210151193295
4849,2748,2300,0.00834782608695652,0.003224083518695827,-0.0008923272167018294,0.005608695652173912,0.0043940064601752605,0.00017046749338629137
4850,2748,2311,0.012548680225010815,0.0056051398353072854,0.00725274767442178,0.00454348766767633,0.0060524884303413615,0.004327005016298811
4851,2748,2325,0.007053763440860215,0.0031135747276322245,-0.0007759555727876689,0.00296774193548387,0.003221951565123997,-0.0010746831086004677
4852,2748,2289,0.009785932721712538,0.004776816503388003,0.0032765728577259026,0.0048492791612057655,0.0048083650145227565,0.002259451869394786
4853,2748,2305,0.006594360086767893,0.0015098134657755777,-0.0012726085114219343,0.00034707158351409925,0.0015302754705619301,-0.0030946237979144714
4854,2748,2298,0.009573542210617925,0.0032023553056372022,0.0014899848430996094,0.00278503046127067,0.0034719298857659696,-0.0009964160236029434
4855,2748,2321,0.012149935372684186,0.00408520826040184,0.004591519193365535,0.002024989228780697,0.0023566548123111404,-1.590026148230691e-05
4856,2748,2289,0.012145041502839663,0.0039126952471230094,0.0020430754921299454,0.002883355176933158,0.0030079764992951277,-0.0014045378034076848
4857,2748,2308,0.014298093587521665,0.005239660632282879,0.009033013294195816,0.004462738301559791,0.0033296547245765537,0.003969582153588126
4858,2748,2290,0.008733624454148471,0.002418415443970583,0.0014467207978295599,0.003013100436681222,0.0035761496024456713,-4.305900193679068e-05
4859,2748,2269,0.006081974438078447,0.0012022039156630768,-0.0030375145848029177,0.003481710004407226,0.0042303972901901665,-0.001969344107166569
4860,2748,2286,0.010761154855643043,0.004087583470763836,0.0046422000941281445,0.0024934383202099733,0.003888775876209328,0.0008992738073538628
4861,2748,2317,0.008890807078118255,0.002604737846593659,0.001621438760722419,0.0036685369011652982,0.0032004186986714063,0.0004943133126319237
4862,2748,2311,0.009000432713111206,0.0026351730484483965,0.0031852784871815435,0.00623106880138468,0.004329969587538655,0.00302627568947351
4863,2748,2288,0.009965034965034964,0.0029833182665415293,0.0023282000038995065,0.0038898601398601384,0.0049127105776409705,0.0006520036354103099
4864,2748,2303,0.009118541033434648,0.0028072825214707727,0.00225127402841296,0.0015197568389057736,0.002846862500468803,-0.0007270033156185968
4865,2748,2305,0.012754880694143166,0.005674405242604848,0.006221859314539676,0.005292841648590021,0.005548750427253001,0.0035289398294768752
4866,2748,2270,0.013744493392070482,0.004304399302501163,0.005056407600811426,0.00568281938325991,0.0045717252201939425,0.0025225675770453484
4867,2748,2283,0.008234778799824791,0.0011896100340086197,0.001142351486502906,0.005431449846692947,0.004755861792607636,0.001766934436816364
4868,2748,2304,0.013541666666666664,0.003678948796954357,0.004941228813617091,0.004036458333333333,0.003995996461031772,0.0012607248942238338
4869,2748,2287,0.01329252295583734,0.004927088910962984,0.006387390639601393,0.00564057717533887,0.005092794972794056,0.0035666276150691984
4870,2748,2296,0.011585365853658535,0.004630261117281609,0.003704662494646164,0.00470383275261324,0.005193174295747542,0.0018727911448778137
4871,2748,2292,0.010994764397905758,0.003775878841829307,0.004347476891401715,0.004624781849912737,0.0029201468224110106,0.002447442348087632
4872,2748,2313,0.013575443147427582,0.005858349992464302,0.007963020213521611,0.0054042369217466475,0.0051072206197031655,0.0045211130186200155
4873,2748,2276,0.009314586994727592,0.005027352574999031,0.002641093439893059,0.0019332161687170457,0.0035962254776996426,-0.00012200824732445382
4874,2748,2347,0.010992756710694503,0.003760749573203533,0.0028958190423291463,0.004431188751597784,0.005825717507327018,0.001199563371405259
4875,2748,2300,0.011999999999999997,0.005275624055602789,0.0035488973542944155,0.003869565217391304,0.00547268568946729,0.0007740073310096679
4876,2748,2332,0.008662092624356774,0.001422963838913449,0.0006312676560902103,0.002615780445969125,0.004197529095151868,-0.0011738881498019875
4877,2748,2323,0.014808437365475675,0.004934328397264926,0.005905933578515364,0.0009040034438226418,0.002332224874155684,-0.000766524179391274
4878,2748,2310,0.008225108225108224,0.0035416496456934245,0.0025577997324385585,0.001601731601731601,0.003148866386229856,-2.2675269965922388e-05
4879,2748,2303,0.010855405992184104,0.0028345500703346456,0.002695215983157745,0.003430308293530177,0.0042537274392684095,-0.00010030286811838229
4880,2748,2288,0.009702797202797202,0.003282361304411764,0.0015578412589893783,0.004589160839160837,0.005205193027281216,0.0008931969030636048
4881,2748,2307,0.009102730819245772,0.003122054692764899,0.002383094675317247,0.0037711313394018188,0.00439478151004342,0.0010478955485540935
4882,2748,2251,0.007285650821856952,0.0018308374372514734,0.0007664912420217894,0.004575744113727231,0.003671383275347166,0.0011978411247039798
4883,2748,2339,0.011885421120136809,0.006356056621916883,0.0033569800382203903,0.004489097905087643,0.005864373678544091,0.0017149119587253588
4884,2748,2282,0.010692375109553022,0.0031555364611744476,0.004096666910686375,0.0029360210341805425,0.0021938782748424325,0.0010077766772510143
4885,2748,2319,0.009486847779215178,0.003999826705612625,0.0042335033956374555,0.0057783527382492435,0.004931254835862542,0.0036385972417064703
4886,2748,2275,0.009318681318681316,0.0038113630690413966,0.0005763309138201471,0.0014505494505494497,0.0025902000787814505,-0.0017529797857193385
4887,2748,2256,0.007801418439716311,0.003469155732385318,0.001236222262902514,0.005230496453900708,0.0043023759469133244,0.0019132283334588939
4888,2748,2273,0.010822701275846896,0.004467636023704987,0.004015048890080557,0.005235371755389353,0.006094999241412744,0.0028349650021738293
4889,2748,2300,0.011043478260869563,0.004988408685950074,0.004275288928305661,0.0040869565217391286,0.005403936710905915,0.0021678870372668895
4890,2748,2328,0.008505154639175257,0.003723332098284383,0.0018408564115598848,0.005713058419243985,0.005231262456800257,0.002337162738257267
4891,2748,2317,0.01536469572723349,0.005152868695207735,0.006368176125491584,0.0061286145878290885,0.004546046162694737,0.002950648544040756
4892,2748,2314,0.010285220397579948,0.0035658395272735884,0.002142455575066243,0.004019014693171995,0.004793331631345756,0.00045894453251380223
4893,2748,2327,0.009282337773957886,0.003662156558654836,0.0022915607835334115,0.0026214009454232903,0.0035857591304360955,0.00023957549946234915
4894,2748,2254,0.01020408163265306,0.003415655476571732,0.0034095194000250046,0.0065217391304347805,0.00610677678645945,0.003353059656354459
4895,2748,2296,0.01019163763066202,0.004152822944338053,0.00307883898400423,0.00513937282229965,0.004499541369059974,0.0021143412813207745
4896,2748,2311,0.0067503245348334035,0.0023615487759275538,-0.001322796085410665,0.0010385114668974463,0.0024413320088033813,-0.002804567668016791
4897,2748,2322,0.007924203273040482,0.003691318275075647,0.004313575624020472,0.0018087855297157613,0.002060649519050971,0.0013114598226152037
4898,2748,2304,0.01189236111111111,0.004909698487639724,0.0045269161445198585,0.0037326388888888878,0.004534699862128136,0.0016902060141630187
4899,2748,2329,0.01124946328896522,0.003012038645887741,0.003029617888848353,0.0035637612709317292,0.004001622459697002,0.000586300804210334
4900,2748,2305,0.012321041214750542,0.0043744604486310856,0.005645780265636236,0.005336225596529283,0.005358438945552577,0.0036343729803261595
4901,2748,2289,0.01004805591961555,0.0037407820736807787,0.0015082624381128663,0.002795980777632153,0.0027265344552292983,-0.0005668166764925623
4902,2748,2295,0.010631808278867103,0.004758410373375002,0.004638386617570164,0.005010893246187362,0.0032088255626800963,0.0028463897160050694
4903,2748,2267,0.015615350683722981,0.006025359060961214,0.006919186633934081,0.006484340538156153,0.006089288881757438,0.003748990965458743
4904,2748,2274,0.013016710642040455,0.004502208661841585,0.0057681809526321974,0.004397537379067721,0.003113310992781469,0.0022300245469833247
4905,2748,2264,0.012190812720848055,0.005445750218192788,0.0043101342230268775,0.004284452296819788,0.005607421312029649,0.001617040302053864
4906,2748,2273,0.013110426748790144,0.004808390941107638,0.006440883134150596,0.0047954245490541125,0.004572381937586828,0.0032576393247032874
4907,2748,2316,0.009499136442141622,0.0031110156977913347,0.002890610573061891,0.004706390328151985,0.005303769259576813,0.0017085403854638708
4908,2748,2273,0.008534975802903652,0.005004134781006365,0.0004670074785694097,0.0034315882094148693,0.005704141404777293,0.00012117218555346945
4909,2748,2271,0.00924702774108322,0.002870608492563471,0.002985612491931783,0.004315279612505503,0.004632831769874579,0.0018493234575033255
4910,2748,2286,0.012335958005249342,0.005286020820788302,0.006476267451240463,0.004680664916885389,0.005025007830312749,0.0032230229091779737
4911,2748,2292,0.010034904013961602,0.002114839910932093,0.002056659935937257,0.004581151832460732,0.005347183583193439,0.0011888733692264444
4912,2748,2307,0.009102730819245772,0.003218524972943124,0.0022620714642986864,-0.0003034243606415272,0.0013850756659297273,-0.002480551776199873
4913,2748,2324,0.012306368330464713,0.005756709024267081,0.004099779255457866,0.004862306368330464,0.005336704975768326,0.001898366471387086
4914,2748,2303,0.0140686061658706,0.005007581989028891,0.0066678084065310925,0.005123751628310897,0.005656279540377722,0.003018487387314859
4915,2748,2316,0.014075993091537134,0.005875699536536257,0.0060722752171734305,0.006433506044905008,0.004469199109681889,0.00379833644463454
4916,2748,2294,0.009590235396687007,0.0029636546649642113,0.0032785972760833266,0.003923278116826502,0.0038968497215800275,0.0014374424672837197
4917,2748,2283,0.010687691633815152,0.00332343603251147,0.0017976215776141947,0.00416119141480508,0.00409227954625867,5.684287842406657e-05
4918,2748,2280,0.01307017543859649,0.003378973538098612,0.0032826085591032878,0.005614035087719298,0.005456211026146937,0.0010158595442488398
4919,2748,2302,0.014161598609904428,0.0030372243643957205,0.004646188751265349,0.005082536924413553,0.004850976143234116,0.0013912025373584817
4920,2748,2309,0.010220874837592028,0.003030945666068787,0.001684462112757305,0.0027717626678215664,0.0047463565923537435,-0.00048612466728637405
4921,2748,2292,0.017539267015706805,0.007134400240879945,0.00909926250761432,0.0067190226876090746,0.006085205394679691,0.004656674049409118
4922,2748,2277,0.013526570048309178,0.004703247575758775,0.005316125179128278,0.0046552481335090014,0.006130738153695788,0.002180754729764219
4923,2748,2279,0.01140851250548486,0.004269259976234025,0.005821390773479789,0.004387889425186484,0.004226417543537225,0.0032048265852776575
4924,2748,2296,0.010714285714285713,0.0052643995440364855,0.0034067234722723063,0.005574912891986062,0.005662577798109966,0.0025106869025801333
4925,2748,2306,0.01326973113616652,0.005263902722919105,0.003851480469551819,0.004163052905464006,0.004811314134971695,0.0007931629734346049
4926,2748,2295,0.012461873638344225,0.004776842583143004,0.0050443882883308075,0.004400871459694988,0.005074499590789448,0.002285274906025569
4927,2748,2294,0.01063644289450741,0.003024502368980492,0.0041425632558672815,0.0012641673931996506,0.002172254980498842,3.2785568436221865e-05
4928,2748,2306,0.008152645273200346,0.003745945907896523,0.0011362691050058103,0.0016045099739809181,0.0036825755730829695,-0.0009364793088651907
4929,2748,2276,0.013884007029876976,0.005594516153272774,0.005602985730910086,0.0035588752196836545,0.003994563328757931,0.0012986846949340903
4930,2748,2297,0.009142359599477576,0.0026773037794187173,0.0005767760874677063,0.002394427514148888,0.0032600957417525445,-0.0014498884610058538
4931,2748,2286,0.009711286089238843,0.0027327881037739533,0.0014156838546489677,0.003805774278215222,0.003806362542742385,0.00016278125692300446
4932,2748,2285,0.011203501094091902,0.0034945610042221606,0.0032858396324579133,0.0044638949671772414,0.00387880623875692,0.0012345952271603723
4933,2748,2313,0.009857328145265886,0.003760177523735953,0.0030370149265325445,0.0054474708171206206,0.004682168564374251,0.0023538406957086637
4934,2748,2317,0.011135088476478204,0.0038864294176388916,0.004480233548631324,0.004876996115666809,0.00451884739854032,0.0022519278866702202
4935,2748,2302,0.012858384013900954,0.004754478857147295,0.004345172839926978,0.005343179843614247,0.004855599219859297,0.002396427820812289
4936,2748,2282,0.011305872042068359,0.005141984463938889,0.00445594693180099,0.00530236634531113,0.004824953606909532,0.003041825533059956
4937,2748,2332,0.012349914236706689,0.004707740140906499,0.004298300521409702,0.006518010291595195,0.005856762086936695,0.003030871841335541
4938,2748,2299,0.01722488038277512,0.006373218801024103,0.007924263217742845,0.004393214441061329,0.004222161008679757,0.0023047914182648755
4939,2748,2288,0.01442307692307692,0.005999122225106531,0.007266952364264788,0.0045017482517482514,0.005653343409945636,0.0034344094440914483
4940,2748,2268,0.012962962962962963,0.005737585198127256,0.004820057702450313,0.004012345679012345,0.004716300100930937,0.0014949294774971606
4941,2748,2312,0.00847750865051903,0.001793694953504086,0.001809435548895111,0.0030709342560553622,0.0022004908192184112,-0.000298708826203024
4942,2748,2320,0.01163793103448276,0.0016455809285794284,0.004131029899496789,0.001508620689655172,0.0016733516523379731,-0.0005777208702284322
4943,2748,2298,0.014012184508268055,0.005324108911773854,0.007707537497407568,0.004917319408181026,0.004744661915861907,0.003774816680394318
4944,2748,2290,0.015545851528384277,0.005047274830226804,0.0078541220804763,0.002707423580786026,0.0028896363475708216,0.0015318169049846435
4945,2748,2294,0.010897994768962508,0.002698895887500836,0.002191092319557622,0.0015693112467306007,0.004105032617879844,-0.0015521445389743923
4946,2748,2297,0.012799303439268609,0.0065460867717903465,0.005382976932145095,0.004005224205485415,0.006177759474173061,0.002238491029697806
4947,2748,2274,0.011169744942832013,0.0033342121990048035,0.00439762126761785,0.004529463500439751,0.0033726335041757336,0.0018756859245504455
4948,2748,2292,0.011605584642233855,0.006092324464129904,0.0066954505515819975,0.002574171029668411,0.0038782490310085016,0.002416636288926864
4949,2748,2297,0.012712233347845013,0.004870083899535191,0.00467679435960408,0.0011754462342185453,0.00299838142545196,-0.0011377572881325242
4950,2748,2278,0.013169446883230903,0.00626175287865417,0.005230106675022559,0.005004389815627743,0.005645428590954556,0.002578153791286157
4951,2748,2291,0.011872544740288081,0.004595214028882332,0.0058114632841236614,0.0065473592317765155,0.005531890003942021,0.0043740617023122815
4952,2748,2315,0.011058315334773215,0.004044719135883554,0.005640947570507818,0.00488120950323974,0.004723740024148126,0.0034517364751603433
4953,2748,2277,0.011242863416776458,0.004065869089719616,0.0041030620720075885,0.0033816425120772936,0.003778133597546734,0.0009314039847044136
4954,2748,2315,0.00812095032397408,0.0034168659489814865,0.0020920413614842707,0.00466522678185745,0.004083136282150102,0.0019740111757564223
4955,2748,2286,0.013560804899387576,0.004336249602031274,0.0055575071144793025,0.003980752405949256,0.004549432557620347,0.001522226621853949
4956,2748,2332,0.014493996569468266,0.0064143631462374355,0.008428768790799113,0.006861063464837049,0.007231376426892713,0.005856028334380147
4957,2748,2299,0.011309264897781642,0.003867592104170559,0.005025175193479596,0.0026533275337103077,0.003312317475583211,0.0010125850629479573
4958,2748,2298,0.014708442123585725,0.00594633893768049,0.007210904983816022,0.004873803307223672,0.005313267947955615,0.0028345169321902456
4959,2748,2311,0.00951968844655993,0.002283861657581862,0.0025584852489893783,0.0016443098225876233,0.002295857955932498,-0.000707645726978584
4960,2748,2261,0.012560813799203888,0.005682609082816679,0.004653109572707321,0.0025210084033613434,0.005394442589710858,0.0005528987521688618
4961,2748,2298,0.012619669277632722,0.0056407711668288,0.0035107894547850424,0.003916449086161879,0.0038464665793324104,0.0007588538011733266
4962,2748,2239,0.010004466279589102,0.0031685908970299627,0.0026326472275799476,0.0051808843233586395,0.004828557732952618,0.0013431898840574653
4963,2748,2273,0.013902331720193574,0.005382798444859262,0.006198871590961268,0.004179498460184778,0.005005024204210317,0.002027124015636954
4964,2748,2295,0.010718954248366011,0.0032795475134525668,0.0034014547739706497,0.003790849673202614,0.00327209298405016,0.0009567015683129477
4965,2748,2310,0.012380952380952381,0.004456953271180639,0.006216785117472753,0.0019047619047619037,0.003171768629795143,0.001239510911865874
4966,2748,2267,0.016056462284958092,0.005798130861483736,0.008967072128135412,0.0035288928098808985,0.0038329804448044946,0.0028010647424610447
4967,2748,2305,0.01301518438177874,0.005429498115348036,0.004954603981223019,0.0043817787418655085,0.005259721387479933,0.002129580136491982
4968,2748,2282,0.012532865907099034,0.0027092155338043545,0.0036322030037284577,0.003505696757230498,0.0032247679264889653,-3.218326472987958e-05
4969,2748,2292,0.007678883071553228,0.0013608613768956422,0.00046950561364280784,0.0037958115183246064,0.005726902072317166,0.0005705877153318929
4970,2748,2304,0.011284722222222222,0.0037429372131092273,0.004877321234038051,0.00173611111111111,0.002896388288107512,0.0004266718519129037
4971,2748,2303,0.015110725141120277,0.006366255047964459,0.007245054694948771,0.006513243595310463,0.005997571318902321,0.004172450160052271
4972,2748,2265,0.00909492273730684,0.004378093720855972,0.0040237158670525545,0.0011037527593818982,0.002274515341490496,1.0191186592161333e-05
4973,2748,2306,0.008846487424111014,0.002834428229259207,0.0016311946594206753,0.0031222896790980043,0.003741890229519354,-0.00011570987172721872
4974,2748,2327,0.01022776106574989,0.0034847423350805335,0.001427866316103102,0.003910614525139664,0.005225157436460903,0.0001365008785000548
4975,2748,2291,0.009864687909209949,0.002237297702243326,0.0038231011743554296,0.0003055434308162365,0.0012833382646727789,-0.0008535221274292552
4976,2748,2285,0.013829321663019692,0.006656354797773718,0.006398729024079736,0.005776805251641137,0.00723704341559492,0.00407699288237921
4977,2748,2295,0.012549019607843135,0.005068942225950993,0.005402983516000156,0.006361655773420479,0.005746189326617864,0.00390149359534101
4978,2748,2299,0.007394519356241845,0.0018398103775062562,-1.927071134190232e-05,0.0029578077424967366,0.0038781852712459035,-0.0008060211743073976
4979,2748,2285,0.010765864332603936,0.002896500761182105,0.002277512717424792,0.004070021881838073,0.0038845359869707544,0.0004326314122610955
4980,2748,2297,0.010274270787984327,0.004879817729464761,0.001807394076903499,0.0035263387026556368,0.004009682447613027,1.4337611190002927e-05
4981,2748,2313,0.008300907911802852,0.003338394551050671,0.0001939743969563965,-7.679882574147213e-19,0.0035269252876864022,-0.0025744288295890478
4982,2748,2303,0.012244897959183671,0.0047695118327725165,0.005591970987671472,0.0015197568389057746,0.002515400413338422,0.00022199916984187924
4983,2748,2291,0.008991706678306415,0.0036365645876885217,0.003122292650396822,0.0009166302924487108,0.003754041803868947,-0.00012936217981490822
4984,2748,2314,0.01417458945548833,0.00685558381544681,0.00716106873404968,0.006655142610198788,0.006634344600436137,0.004823775760669128
4985,2748,2285,0.012166301969365426,0.003990657106772344,0.004173284170548825,0.0031072210065645495,0.0039677933447432884,0.0006629094444355007
4986,2748,2282,0.010692375109553023,0.0044020610207814335,0.003662396358450309,0.003111305872042068,0.004445792729646731,0.0009482797894335745
4987,2748,2306,0.009106678230702514,0.004065588702182197,0.002103139584934897,0.003772766695576756,0.005412076197900063,0.0008507766562956732
4988,2748,2322,0.011972437553832902,0.006384101867691234,0.005925280680852218,0.005211024978466837,0.004565845734600913,0.0035004006993099254
4989,2748,2328,0.01451890034364261,0.004612083218725444,0.005379481036603357,0.006658075601374569,0.0059489348162258355,0.003161397690128284
4990,2748,2313,0.009511456982274102,0.0034981011243326358,0.002671363386075058,0.0025940337224383907,0.003557012098835389,0.00014842822101350793
4991,2748,2318,0.012510785159620359,0.005086766625934092,0.0033095248375677225,0.0034943917169974106,0.006102469091636364,0.00030176455297885026
4992,2748,2260,0.015221238938053093,0.005541302852498444,0.008040265950047363,0.003407079646017698,0.004061848999800576,0.0023417859433605462
4993,2748,2290,0.012576419213973797,0.003698920116314784,0.005471653692609042,0.00759825327510917,0.005423682236335884,0.004749569720097033
4994,2748,2315,0.009848812095032395,0.0031048869587408014,0.0034780932770528583,0.0008207343412526992,0.0011461468576211666,-0.0009677868587322139
4995,2748,2340,0.009829059829059827,0.0018408279625374603,0.0012459181735035604,0.0047863247863247855,0.004791978150818001,0.00031085029799059156
4996,2748,2294,0.01220575414123801,0.00580948645912823,0.004560324283683205,0.004664341761115953,0.004491737134653538,0.0020038298881990815
4997,2748,2300,0.01460869565217391,0.005022746353661752,0.008044101314683815,0.004913043478260868,0.004095692873709414,0.00365781950801403
4998,2748,2275,0.009758241758241758,0.005536196180046508,0.001953868317533649,0.004571428571428571,0.006096666856641992,0.0014146395545401981
4999,2748,2268,0.008906525573192239,0.003937684823862784,0.002740592646667745,0.0003527336860670184,0.0014821717779396621,-0.0013864725861509521
5000,2748,2300,0.009739130434782608,0.002783714339754512,0.0033022176025130517,0.0019999999999999996,0.0027974149116181007,0.00045416259293587323
