disease_target,age_group,target_year,target_month_num,target_season,target_month_sin,target_month_cos,lag_1,lag_2,lag_3,lag_4,lag_5,rolling_3,rolling_5,change_1,last_completed_period,forecast_period,previous_cases,predicted_cases,trend,risk_level,change_percent
Bệnh virut khác - Other viral diseases,1-5 tu?i,2026,6,Mùa mưa,1.2246467991473532e-16,-1.0,30,25,20,12,13,25.0,20.0,5,2026-05,2026-06,30,40,Tăng mạnh,Cao,33.33
Các bệnh viêm phổi - Pneumonia,D??i 1 tu?i,2026,6,Mùa mưa,1.2246467991473532e-16,-1.0,11,16,18,13,31,15.0,17.8,-5,2026-05,2026-06,11,16,Tăng mạnh,Cao,45.45
Các bệnh viêm phổi - Pneumonia,1-5 tu?i,2026,6,Mùa mưa,1.2246467991473532e-16,-1.0,10,18,18,26,21,15.333333333333334,18.6,-8,2026-05,2026-06,10,14,Tăng mạnh,Cao,40.0
Viêm phế quản và viêm tiểu phế quản cấp - Acute bronchitis and acute bronchiolitis,D??i 1 tu?i,2026,6,Mùa mưa,1.2246467991473532e-16,-1.0,10,27,24,17,27,20.333333333333332,21.0,-17,2026-05,2026-06,10,14,Tăng mạnh,Cao,40.0
Viêm cấp đường hô hấp trên khác - Other acute upper respiratory infections,6-10 tu?i,2026,6,Mùa mưa,1.2246467991473532e-16,-1.0,8,21,13,20,20,14.0,16.4,-13,2026-05,2026-06,8,12,Tăng mạnh,Cao,50.0
Viêm họng và viêm amidan cấp - Acute pharyngitis and acute tonsillitis,6-10 tu?i,2026,6,Mùa mưa,1.2246467991473532e-16,-1.0,6,6,16,13,11,9.333333333333334,10.4,0,2026-05,2026-06,6,11,Tăng mạnh,Cao,83.33
Viêm phế quản và viêm tiểu phế quản cấp - Acute bronchitis and acute bronchiolitis,1-5 tu?i,2026,6,Mùa mưa,1.2246467991473532e-16,-1.0,18,22,32,25,32,24.0,25.8,-4,2026-05,2026-06,18,23,Tăng,Trung bình,27.78
Viêm cấp đường hô hấp trên khác - Other acute upper respiratory infections,1-5 tu?i,2026,6,Mùa mưa,1.2246467991473532e-16,-1.0,18,18,16,18,29,17.333333333333332,19.8,0,2026-05,2026-06,18,21,Tăng,Trung bình,16.67
Viêm họng và viêm amidan cấp - Acute pharyngitis and acute tonsillitis,1-5 tu?i,2026,6,Mùa mưa,1.2246467991473532e-16,-1.0,15,14,22,16,23,17.0,18.0,1,2026-05,2026-06,15,17,Tăng,Trung bình,13.33
Bệnh virut khác - Other viral diseases,D??i 1 tu?i,2026,6,Mùa mưa,1.2246467991473532e-16,-1.0,8,16,11,5,5,11.666666666666666,9.0,-8,2026-05,2026-06,8,10,Tăng,Trung bình,25.0
Bệnh khác của ruột non và màng bụng - Other diseases of intestine peritoneum,1-5 tu?i,2026,6,Mùa mưa,1.2246467991473532e-16,-1.0,5,8,8,7,5,7.0,6.6,-3,2026-05,2026-06,5,6,Tăng,Trung bình,20.0
Bệnh virut khác - Other viral diseases,6-10 tu?i,2026,6,Mùa mưa,1.2246467991473532e-16,-1.0,4,6,2,1,11,4.0,4.8,-2,2026-05,2026-06,4,5,Tăng,Trung bình,25.0
Gãy các phần khác của chi do lao động và giao thông - Fracture of other lim bones,6-10 tu?i,2026,6,Mùa mưa,1.2246467991473532e-16,-1.0,4,4,2,1,7,3.3333333333333335,3.6,0,2026-05,2026-06,4,5,Tăng,Trung bình,25.0
Dị dạng bẩm sinh bàn chân - Congenital deformities of feet,11-15 tu?i,2026,6,Mùa mưa,1.2246467991473532e-16,-1.0,0,0,0,0,0,0.0,0.0,0,2026-05,2026-06,0,4,Tăng từ 0 ca,Trung bình,
Viêm phế quản và viêm tiểu phế quản cấp - Acute bronchitis and acute bronchiolitis,11-15 tu?i,2026,6,Mùa mưa,1.2246467991473532e-16,-1.0,0,5,3,1,4,2.6666666666666665,2.6,-5,2026-05,2026-06,0,4,Tăng từ 0 ca,Trung bình,
Dị dạng bẩm sinh bàn chân - Congenital deformities of feet,6-10 tu?i,2026,6,Mùa mưa,1.2246467991473532e-16,-1.0,0,0,0,0,0,0.0,0.0,0,2026-05,2026-06,0,2,Tăng từ 0 ca,Trung bình,
Dị dạng bẩm sinh khác của hệ xương và cơ - Other congenital malformations and deformations of the musculo skeletal system,1-5 tu?i,2026,6,Mùa mưa,1.2246467991473532e-16,-1.0,0,0,0,0,0,0.0,0.0,0,2026-05,2026-06,0,2,Tăng từ 0 ca,Trung bình,
Dị dạng bẩm sinh khác của hệ xương và cơ - Other congenital malformations and deformations of the musculo skeletal system,11-15 tu?i,2026,6,Mùa mưa,1.2246467991473532e-16,-1.0,0,0,0,0,0,0.0,0.0,0,2026-05,2026-06,0,2,Tăng từ 0 ca,Trung bình,
Dị dạng bẩm sinh khác của hệ xương và cơ - Other congenital malformations and deformations of the musculo skeletal system,6-10 tu?i,2026,6,Mùa mưa,1.2246467991473532e-16,-1.0,0,0,0,0,0,0.0,0.0,0,2026-05,2026-06,0,2,Tăng từ 0 ca,Trung bình,
Dị dạng bẩm sinh khác của hệ xương và cơ - Other congenital malformations and deformations of the musculo skeletal system,D??i 1 tu?i,2026,6,Mùa mưa,1.2246467991473532e-16,-1.0,0,0,0,0,0,0.0,0.0,0,2026-05,2026-06,0,2,Tăng từ 0 ca,Trung bình,
Dị dạng bẩm sinh khác của hệ xương và cơ - Other congenital malformations and deformations of the musculo skeletal system,Tr?n 15 tu?i,2026,6,Mùa mưa,1.2246467991473532e-16,-1.0,0,0,0,0,0,0.0,0.0,0,2026-05,2026-06,0,2,Tăng từ 0 ca,Trung bình,
Hen - Asthma,1-5 tu?i,2026,6,Mùa mưa,1.2246467991473532e-16,-1.0,0,2,0,0,1,0.6666666666666666,0.6,-2,2026-05,2026-06,0,2,Tăng từ 0 ca,Trung bình,
Sởi - Measles,D??i 1 tu?i,2026,6,Mùa mưa,1.2246467991473532e-16,-1.0,0,0,0,0,0,0.0,0.0,0,2026-05,2026-06,0,2,Tăng từ 0 ca,Trung bình,
Thiếu máu khác - Other anaemias,D??i 1 tu?i,2026,6,Mùa mưa,1.2246467991473532e-16,-1.0,0,0,0,0,0,0.0,0.0,0,2026-05,2026-06,0,2,Tăng từ 0 ca,Trung bình,
"Tổn thương chảy máu, bệnh khác của máu và cơ quan tạo máu - Haemorrhagic conditions and other diseases of blood, blood",1-5 tu?i,2026,6,Mùa mưa,1.2246467991473532e-16,-1.0,0,3,1,2,3,1.3333333333333333,1.8,-3,2026-05,2026-06,0,2,Tăng từ 0 ca,Trung bình,
"Tổn thương chảy máu, bệnh khác của máu và cơ quan tạo máu - Haemorrhagic conditions and other diseases of blood, blood",6-10 tu?i,2026,6,Mùa mưa,1.2246467991473532e-16,-1.0,0,5,1,4,2,2.0,2.4,-5,2026-05,2026-06,0,2,Tăng từ 0 ca,Trung bình,
Động kinh - Epilepsy,11-15 tu?i,2026,6,Mùa mưa,1.2246467991473532e-16,-1.0,0,3,1,2,1,1.3333333333333333,1.4,-3,2026-05,2026-06,0,2,Tăng từ 0 ca,Trung bình,
Biến dạng các chi mắc phải - Accquired deformities of limbs,1-5 tu?i,2026,6,Mùa mưa,1.2246467991473532e-16,-1.0,0,0,0,0,0,0.0,0.0,0,2026-05,2026-06,0,1,Tăng từ 0 ca,Trung bình,
Biến dạng các chi mắc phải - Accquired deformities of limbs,11-15 tu?i,2026,6,Mùa mưa,1.2246467991473532e-16,-1.0,0,0,0,0,0,0.0,0.0,0,2026-05,2026-06,0,1,Tăng từ 0 ca,Trung bình,
Biến dạng các chi mắc phải - Accquired deformities of limbs,6-10 tu?i,2026,6,Mùa mưa,1.2246467991473532e-16,-1.0,0,0,0,0,0,0.0,0.0,0,2026-05,2026-06,0,1,Tăng từ 0 ca,Trung bình,
Biến dạng các chi mắc phải - Accquired deformities of limbs,D??i 1 tu?i,2026,6,Mùa mưa,1.2246467991473532e-16,-1.0,0,0,0,0,0,0.0,0.0,0,2026-05,2026-06,0,1,Tăng từ 0 ca,Trung bình,
Bệnh bạch cầu - Leukaemia,11-15 tu?i,2026,6,Mùa mưa,1.2246467991473532e-16,-1.0,0,0,0,0,0,0.0,0.0,0,2026-05,2026-06,0,1,Tăng từ 0 ca,Trung bình,
Bệnh khác của bộ máy tiêu hoá - Other diseases of the digestive system,1-5 tu?i,2026,6,Mùa mưa,1.2246467991473532e-16,-1.0,0,0,0,0,0,0.0,0.0,0,2026-05,2026-06,0,1,Tăng từ 0 ca,Trung bình,
Bệnh khác của bộ máy tiêu hoá - Other diseases of the digestive system,11-15 tu?i,2026,6,Mùa mưa,1.2246467991473532e-16,-1.0,0,0,0,0,0,0.0,0.0,0,2026-05,2026-06,0,1,Tăng từ 0 ca,Trung bình,
Bệnh khác của bộ máy tiêu hoá - Other diseases of the digestive system,6-10 tu?i,2026,6,Mùa mưa,1.2246467991473532e-16,-1.0,0,0,0,0,0,0.0,0.0,0,2026-05,2026-06,0,1,Tăng từ 0 ca,Trung bình,
Bệnh khác của bộ máy tiêu hoá - Other diseases of the digestive system,D??i 1 tu?i,2026,6,Mùa mưa,1.2246467991473532e-16,-1.0,0,0,0,0,0,0.0,0.0,0,2026-05,2026-06,0,1,Tăng từ 0 ca,Trung bình,
Bệnh khác của bộ máy tiêu hoá - Other diseases of the digestive system,Tr?n 15 tu?i,2026,6,Mùa mưa,1.2246467991473532e-16,-1.0,0,0,0,0,0,0.0,0.0,0,2026-05,2026-06,0,1,Tăng từ 0 ca,Trung bình,
Bệnh khác của cột sống - Other dorsopathies,Tr?n 15 tu?i,2026,6,Mùa mưa,1.2246467991473532e-16,-1.0,0,0,0,0,0,0.0,0.0,0,2026-05,2026-06,0,1,Tăng từ 0 ca,Trung bình,
Bệnh khác của ruột non và màng bụng - Other diseases of intestine peritoneum,Tr?n 15 tu?i,2026,6,Mùa mưa,1.2246467991473532e-16,-1.0,0,0,0,0,0,0.0,0.0,0,2026-05,2026-06,0,1,Tăng từ 0 ca,Trung bình,
"Bệnh khác của thực quản, dạ dày và tá tràng - Other diseases of oesophagus, stomach, duodenum",D??i 1 tu?i,2026,6,Mùa mưa,1.2246467991473532e-16,-1.0,0,0,2,0,2,0.6666666666666666,0.8,0,2026-05,2026-06,0,1,Tăng từ 0 ca,Trung bình,
COVID-19 * U07.1 là bệnh nhân COVID-19 có kết quả xét nghiệm SARS-CoV-2 dương tính cập nhật theo hướng dẫn chẩn đoán và điều trị của Bộ Y tế.,6-10 tu?i,2026,6,Mùa mưa,1.2246467991473532e-16,-1.0,0,0,0,0,0,0.0,0.0,0,2026-05,2026-06,0,1,Tăng từ 0 ca,Trung bình,
COVID-19 * U07.1 là bệnh nhân COVID-19 có kết quả xét nghiệm SARS-CoV-2 dương tính cập nhật theo hướng dẫn chẩn đoán và điều trị của Bộ Y tế.,D??i 1 tu?i,2026,6,Mùa mưa,1.2246467991473532e-16,-1.0,0,0,0,0,0,0.0,0.0,0,2026-05,2026-06,0,1,Tăng từ 0 ca,Trung bình,
Chảy máu não - Intracerebral haemorrhage,1-5 tu?i,2026,6,Mùa mưa,1.2246467991473532e-16,-1.0,0,0,0,0,0,0.0,0.0,0,2026-05,2026-06,0,1,Tăng từ 0 ca,Trung bình,
Chảy máu não - Intracerebral haemorrhage,11-15 tu?i,2026,6,Mùa mưa,1.2246467991473532e-16,-1.0,0,0,0,0,0,0.0,0.0,0,2026-05,2026-06,0,1,Tăng từ 0 ca,Trung bình,
Chảy máu não - Intracerebral haemorrhage,6-10 tu?i,2026,6,Mùa mưa,1.2246467991473532e-16,-1.0,0,0,0,0,0,0.0,0.0,0,2026-05,2026-06,0,1,Tăng từ 0 ca,Trung bình,
Chảy máu não - Intracerebral haemorrhage,D??i 1 tu?i,2026,6,Mùa mưa,1.2246467991473532e-16,-1.0,0,0,0,0,0,0.0,0.0,0,2026-05,2026-06,0,1,Tăng từ 0 ca,Trung bình,
Chậm phát triển tâm thần - Mental retardation,1-5 tu?i,2026,6,Mùa mưa,1.2246467991473532e-16,-1.0,0,0,0,0,0,0.0,0.0,0,2026-05,2026-06,0,1,Tăng từ 0 ca,Trung bình,
Các bệnh khác của gan - Other diseases of liver,Tr?n 15 tu?i,2026,6,Mùa mưa,1.2246467991473532e-16,-1.0,0,0,0,0,0,0.0,0.0,0,2026-05,2026-06,0,1,Tăng từ 0 ca,Trung bình,
Cúm - Influenza,11-15 tu?i,2026,6,Mùa mưa,1.2246467991473532e-16,-1.0,0,0,0,1,1,0.0,0.4,0,2026-05,2026-06,0,1,Tăng từ 0 ca,Trung bình,
Dị dạng bẩm sinh bàn chân - Congenital deformities of feet,1-5 tu?i,2026,6,Mùa mưa,1.2246467991473532e-16,-1.0,0,0,0,0,0,0.0,0.0,0,2026-05,2026-06,0,1,Tăng từ 0 ca,Trung bình,
Dị dạng bẩm sinh bàn chân - Congenital deformities of feet,D??i 1 tu?i,2026,6,Mùa mưa,1.2246467991473532e-16,-1.0,0,0,0,0,0,0.0,0.0,0,2026-05,2026-06,0,1,Tăng từ 0 ca,Trung bình,
Dị dạng bẩm sinh bàn chân - Congenital deformities of feet,Tr?n 15 tu?i,2026,6,Mùa mưa,1.2246467991473532e-16,-1.0,0,0,0,0,0,0.0,0.0,0,2026-05,2026-06,0,1,Tăng từ 0 ca,Trung bình,
Dị tật bẩm sinh khác của bộ máy tuần hoàn - Congenital malfor-mation of the circulatory system,1-5 tu?i,2026,6,Mùa mưa,1.2246467991473532e-16,-1.0,0,0,0,0,0,0.0,0.0,0,2026-05,2026-06,0,1,Tăng từ 0 ca,Trung bình,
Dị tật bẩm sinh khác của bộ máy tuần hoàn - Congenital malfor-mation of the circulatory system,11-15 tu?i,2026,6,Mùa mưa,1.2246467991473532e-16,-1.0,0,0,0,0,0,0.0,0.0,0,2026-05,2026-06,0,1,Tăng từ 0 ca,Trung bình,
Dị tật bẩm sinh khác của bộ máy tuần hoàn - Congenital malfor-mation of the circulatory system,6-10 tu?i,2026,6,Mùa mưa,1.2246467991473532e-16,-1.0,0,0,0,0,0,0.0,0.0,0,2026-05,2026-06,0,1,Tăng từ 0 ca,Trung bình,
Dị tật bẩm sinh khác của bộ máy tuần hoàn - Congenital malfor-mation of the circulatory system,D??i 1 tu?i,2026,6,Mùa mưa,1.2246467991473532e-16,-1.0,0,0,0,0,0,0.0,0.0,0,2026-05,2026-06,0,1,Tăng từ 0 ca,Trung bình,
Dị tật bẩm sinh khác của bộ máy tuần hoàn - Congenital malfor-mation of the circulatory system,Tr?n 15 tu?i,2026,6,Mùa mưa,1.2246467991473532e-16,-1.0,0,0,0,0,0,0.0,0.0,0,2026-05,2026-06,0,1,Tăng từ 0 ca,Trung bình,
Gãy các phần khác của chi do lao động và giao thông - Fracture of other lim bones,1-5 tu?i,2026,6,Mùa mưa,1.2246467991473532e-16,-1.0,0,0,0,3,3,0.0,1.2,0,2026-05,2026-06,0,1,Tăng từ 0 ca,Trung bình,
Gãy các phần khác của chi do lao động và giao thông - Fracture of other lim bones,D??i 1 tu?i,2026,6,Mùa mưa,1.2246467991473532e-16,-1.0,0,1,2,0,0,1.0,0.6,-1,2026-05,2026-06,0,1,Tăng từ 0 ca,Trung bình,
"Gãy xương cổ, ngực, khung chậu - Fracture of neck, thorax or pelvis.",6-10 tu?i,2026,6,Mùa mưa,1.2246467991473532e-16,-1.0,0,0,0,0,0,0.0,0.0,0,2026-05,2026-06,0,1,Tăng từ 0 ca,Trung bình,
Người tiếp xúc với các dịch vụ y tế làm các khám xét và điều tra - Person encountering health services for examination and investigation,Tr?n 15 tu?i,2026,6,Mùa mưa,1.2246467991473532e-16,-1.0,0,0,0,0,0,0.0,0.0,0,2026-05,2026-06,0,1,Tăng từ 0 ca,Trung bình,
Suy dinh dưỡng - Malnutrition,1-5 tu?i,2026,6,Mùa mưa,1.2246467991473532e-16,-1.0,0,0,0,0,0,0.0,0.0,0,2026-05,2026-06,0,1,Tăng từ 0 ca,Trung bình,
Suy dinh dưỡng - Malnutrition,11-15 tu?i,2026,6,Mùa mưa,1.2246467991473532e-16,-1.0,0,0,0,0,0,0.0,0.0,0,2026-05,2026-06,0,1,Tăng từ 0 ca,Trung bình,
Suy dinh dưỡng - Malnutrition,6-10 tu?i,2026,6,Mùa mưa,1.2246467991473532e-16,-1.0,0,0,0,0,0,0.0,0.0,0,2026-05,2026-06,0,1,Tăng từ 0 ca,Trung bình,
Suy dinh dưỡng - Malnutrition,D??i 1 tu?i,2026,6,Mùa mưa,1.2246467991473532e-16,-1.0,0,0,0,0,0,0.0,0.0,0,2026-05,2026-06,0,1,Tăng từ 0 ca,Trung bình,
Suy tim - Heart failure,6-10 tu?i,2026,6,Mùa mưa,1.2246467991473532e-16,-1.0,0,0,0,0,0,0.0,0.0,0,2026-05,2026-06,0,1,Tăng từ 0 ca,Trung bình,
Sởi - Measles,1-5 tu?i,2026,6,Mùa mưa,1.2246467991473532e-16,-1.0,0,0,0,0,0,0.0,0.0,0,2026-05,2026-06,0,1,Tăng từ 0 ca,Trung bình,
Sởi - Measles,11-15 tu?i,2026,6,Mùa mưa,1.2246467991473532e-16,-1.0,0,0,0,0,0,0.0,0.0,0,2026-05,2026-06,0,1,Tăng từ 0 ca,Trung bình,
Sởi - Measles,6-10 tu?i,2026,6,Mùa mưa,1.2246467991473532e-16,-1.0,0,0,0,0,0,0.0,0.0,0,2026-05,2026-06,0,1,Tăng từ 0 ca,Trung bình,
Sởi - Measles,Tr?n 15 tu?i,2026,6,Mùa mưa,1.2246467991473532e-16,-1.0,0,0,0,0,0,0.0,0.0,0,2026-05,2026-06,0,1,Tăng từ 0 ca,Trung bình,
Sứt môi và hở hàm ếch - Cleft lip and cleft palate,D??i 1 tu?i,2026,6,Mùa mưa,1.2246467991473532e-16,-1.0,0,0,0,0,0,0.0,0.0,0,2026-05,2026-06,0,1,Tăng từ 0 ca,Trung bình,
Thiếu máu do thiếu sắt - Iron deficiency anaemia,6-10 tu?i,2026,6,Mùa mưa,1.2246467991473532e-16,-1.0,0,0,0,0,0,0.0,0.0,0,2026-05,2026-06,0,1,Tăng từ 0 ca,Trung bình,
Thiếu máu khác - Other anaemias,1-5 tu?i,2026,6,Mùa mưa,1.2246467991473532e-16,-1.0,0,0,0,0,0,0.0,0.0,0,2026-05,2026-06,0,1,Tăng từ 0 ca,Trung bình,
Thiếu máu khác - Other anaemias,11-15 tu?i,2026,6,Mùa mưa,1.2246467991473532e-16,-1.0,0,0,0,0,0,0.0,0.0,0,2026-05,2026-06,0,1,Tăng từ 0 ca,Trung bình,
Thiếu máu khác - Other anaemias,6-10 tu?i,2026,6,Mùa mưa,1.2246467991473532e-16,-1.0,0,0,0,0,0,0.0,0.0,0,2026-05,2026-06,0,1,Tăng từ 0 ca,Trung bình,
Thiếu máu khác - Other anaemias,Tr?n 15 tu?i,2026,6,Mùa mưa,1.2246467991473532e-16,-1.0,0,0,0,0,0,0.0,0.0,0,2026-05,2026-06,0,1,Tăng từ 0 ca,Trung bình,
Thoát vị bẹn - Inguinal hernia,6-10 tu?i,2026,6,Mùa mưa,1.2246467991473532e-16,-1.0,0,0,0,0,0,0.0,0.0,0,2026-05,2026-06,0,1,Tăng từ 0 ca,Trung bình,
Thuỷ đậu và zôna - Varicella and Zoster,6-10 tu?i,2026,6,Mùa mưa,1.2246467991473532e-16,-1.0,0,3,1,2,0,1.3333333333333333,1.2,-3,2026-05,2026-06,0,1,Tăng từ 0 ca,Trung bình,
Thuỷ đậu và zôna - Varicella and Zoster,D??i 1 tu?i,2026,6,Mùa mưa,1.2246467991473532e-16,-1.0,0,0,2,2,1,0.6666666666666666,1.0,0,2026-05,2026-06,0,1,Tăng từ 0 ca,Trung bình,
"Thừa bao qui đầu, hẹp và nghẹt bao qui đầu - Redundant prepuce, phimosis and paraphimosis",Tr?n 15 tu?i,2026,6,Mùa mưa,1.2246467991473532e-16,-1.0,0,0,0,0,0,0.0,0.0,0,2026-05,2026-06,0,1,Tăng từ 0 ca,Trung bình,
Tổn thương các mô mềm - Soft tissue disorders,1-5 tu?i,2026,6,Mùa mưa,1.2246467991473532e-16,-1.0,0,0,0,0,0,0.0,0.0,0,2026-05,2026-06,0,1,Tăng từ 0 ca,Trung bình,
Tổn thương các mô mềm - Soft tissue disorders,11-15 tu?i,2026,6,Mùa mưa,1.2246467991473532e-16,-1.0,0,0,0,0,0,0.0,0.0,0,2026-05,2026-06,0,1,Tăng từ 0 ca,Trung bình,
Tổn thương các mô mềm - Soft tissue disorders,6-10 tu?i,2026,6,Mùa mưa,1.2246467991473532e-16,-1.0,0,0,0,0,0,0.0,0.0,0,2026-05,2026-06,0,1,Tăng từ 0 ca,Trung bình,
Tổn thương các mô mềm - Soft tissue disorders,D??i 1 tu?i,2026,6,Mùa mưa,1.2246467991473532e-16,-1.0,0,0,0,0,0,0.0,0.0,0,2026-05,2026-06,0,1,Tăng từ 0 ca,Trung bình,
Tổn thương các mô mềm - Soft tissue disorders,Tr?n 15 tu?i,2026,6,Mùa mưa,1.2246467991473532e-16,-1.0,0,0,0,0,0,0.0,0.0,0,2026-05,2026-06,0,1,Tăng từ 0 ca,Trung bình,
U buồng trứng lành - Benign neoplasm of ovary,1-5 tu?i,2026,6,Mùa mưa,1.2246467991473532e-16,-1.0,0,0,0,0,0,0.0,0.0,0,2026-05,2026-06,0,1,Tăng từ 0 ca,Trung bình,
U buồng trứng lành - Benign neoplasm of ovary,11-15 tu?i,2026,6,Mùa mưa,1.2246467991473532e-16,-1.0,0,0,0,0,0,0.0,0.0,0,2026-05,2026-06,0,1,Tăng từ 0 ca,Trung bình,
U buồng trứng lành - Benign neoplasm of ovary,6-10 tu?i,2026,6,Mùa mưa,1.2246467991473532e-16,-1.0,0,0,0,0,0,0.0,0.0,0,2026-05,2026-06,0,1,Tăng từ 0 ca,Trung bình,
U buồng trứng lành - Benign neoplasm of ovary,D??i 1 tu?i,2026,6,Mùa mưa,1.2246467991473532e-16,-1.0,0,0,0,0,0,0.0,0.0,0,2026-05,2026-06,0,1,Tăng từ 0 ca,Trung bình,
U buồng trứng lành - Benign neoplasm of ovary,Tr?n 15 tu?i,2026,6,Mùa mưa,1.2246467991473532e-16,-1.0,0,0,0,0,0,0.0,0.0,0,2026-05,2026-06,0,1,Tăng từ 0 ca,Trung bình,
U vú lành - Benign neoplasm of breast,Tr?n 15 tu?i,2026,6,Mùa mưa,1.2246467991473532e-16,-1.0,0,0,0,0,0,0.0,0.0,0,2026-05,2026-06,0,1,Tăng từ 0 ca,Trung bình,
U ác các phần khác và không xác định của tử cung - Malignant neoplasms of other and unspecified parts of uterus,Tr?n 15 tu?i,2026,6,Mùa mưa,1.2246467991473532e-16,-1.0,0,0,0,0,0,0.0,0.0,0,2026-05,2026-06,0,1,Tăng từ 0 ca,Trung bình,
U ác khác của đường tiết niệu - Other malignant neoplasms of uterinary tract,6-10 tu?i,2026,6,Mùa mưa,1.2246467991473532e-16,-1.0,0,0,0,0,0,0.0,0.0,0,2026-05,2026-06,0,1,Tăng từ 0 ca,Trung bình,
U ác mạc treo và các mô mềm - Malignantneoplasms of mesothelial and soft tissue,6-10 tu?i,2026,6,Mùa mưa,1.2246467991473532e-16,-1.0,0,0,0,0,0,0.0,0.0,0,2026-05,2026-06,0,1,Tăng từ 0 ca,Trung bình,
Viêm bàng quang - Cystitis,1-5 tu?i,2026,6,Mùa mưa,1.2246467991473532e-16,-1.0,0,0,0,0,0,0.0,0.0,0,2026-05,2026-06,0,1,Tăng từ 0 ca,Trung bình,
Viêm bàng quang - Cystitis,6-10 tu?i,2026,6,Mùa mưa,1.2246467991473532e-16,-1.0,0,0,0,0,0,0.0,0.0,0,2026-05,2026-06,0,1,Tăng từ 0 ca,Trung bình,
Viêm bàng quang - Cystitis,D??i 1 tu?i,2026,6,Mùa mưa,1.2246467991473532e-16,-1.0,0,0,0,0,0,0.0,0.0,0,2026-05,2026-06,0,1,Tăng từ 0 ca,Trung bình,
Viêm cấp đường hô hấp trên khác - Other acute upper respiratory infections,11-15 tu?i,2026,6,Mùa mưa,1.2246467991473532e-16,-1.0,0,1,1,1,2,0.6666666666666666,1.0,-1,2026-05,2026-06,0,1,Tăng từ 0 ca,Trung bình,
Viêm họng và viêm amidan cấp - Acute pharyngitis and acute tonsillitis,D??i 1 tu?i,2026,6,Mùa mưa,1.2246467991473532e-16,-1.0,0,3,2,0,2,1.6666666666666667,1.4,-3,2026-05,2026-06,0,1,Tăng từ 0 ca,Trung bình,
Viêm não Virut - Viral encephalitis,1-5 tu?i,2026,6,Mùa mưa,1.2246467991473532e-16,-1.0,0,0,0,0,0,0.0,0.0,0,2026-05,2026-06,0,1,Tăng từ 0 ca,Trung bình,
Viêm não Virut - Viral encephalitis,6-10 tu?i,2026,6,Mùa mưa,1.2246467991473532e-16,-1.0,0,0,0,0,0,0.0,0.0,0,2026-05,2026-06,0,1,Tăng từ 0 ca,Trung bình,
Động kinh - Epilepsy,D??i 1 tu?i,2026,6,Mùa mưa,1.2246467991473532e-16,-1.0,0,1,0,1,0,0.3333333333333333,0.4,-1,2026-05,2026-06,0,1,Tăng từ 0 ca,Trung bình,
"Ỉa chảy, viêm dạy dày, ruột non có nguồn gốc nhiễm khuẩn - Diarrhoea and gastroenteritis of presumed infectious origin.",1-5 tu?i,2026,6,Mùa mưa,1.2246467991473532e-16,-1.0,24,10,5,15,14,13.0,13.6,14,2026-05,2026-06,24,17,Giảm,Thấp,-29.17
"Ỉa chảy, viêm dạy dày, ruột non có nguồn gốc nhiễm khuẩn - Diarrhoea and gastroenteritis of presumed infectious origin.",D??i 1 tu?i,2026,6,Mùa mưa,1.2246467991473532e-16,-1.0,12,6,13,8,9,10.333333333333334,9.6,6,2026-05,2026-06,12,12,Ổn định,Thấp,0.0
Bệnh khác của ruột non và màng bụng - Other diseases of intestine peritoneum,6-10 tu?i,2026,6,Mùa mưa,1.2246467991473532e-16,-1.0,12,5,3,7,6,6.666666666666667,6.6,7,2026-05,2026-06,12,8,Giảm mạnh,Thấp,-33.33
"Bệnh khác của thực quản, dạ dày và tá tràng - Other diseases of oesophagus, stomach, duodenum",11-15 tu?i,2026,6,Mùa mưa,1.2246467991473532e-16,-1.0,2,5,1,3,4,2.6666666666666665,3.0,-3,2026-05,2026-06,2,4,Tăng mạnh,Thấp,100.0
Các bệnh nhiễm khuẩn ruột khác - Other intestinal infectious diseases,1-5 tu?i,2026,6,Mùa mưa,1.2246467991473532e-16,-1.0,5,3,3,7,6,3.6666666666666665,4.8,2,2026-05,2026-06,5,4,Giảm,Thấp,-20.0
Các bệnh nhiễm khuẩn ruột khác - Other intestinal infectious diseases,6-10 tu?i,2026,6,Mùa mưa,1.2246467991473532e-16,-1.0,7,1,2,6,1,3.3333333333333335,3.4,6,2026-05,2026-06,7,4,Giảm mạnh,Thấp,-42.86
Cúm - Influenza,6-10 tu?i,2026,6,Mùa mưa,1.2246467991473532e-16,-1.0,3,4,9,5,5,5.333333333333333,5.2,-1,2026-05,2026-06,3,4,Tăng mạnh,Thấp,33.33
Gãy các phần khác của chi do lao động và giao thông - Fracture of other lim bones,11-15 tu?i,2026,6,Mùa mưa,1.2246467991473532e-16,-1.0,3,5,3,3,4,3.6666666666666665,3.6,-2,2026-05,2026-06,3,4,Tăng mạnh,Thấp,33.33
Hen - Asthma,6-10 tu?i,2026,6,Mùa mưa,1.2246467991473532e-16,-1.0,4,3,1,2,6,2.6666666666666665,3.2,1,2026-05,2026-06,4,4,Ổn định,Thấp,0.0
"Thừa bao qui đầu, hẹp và nghẹt bao qui đầu - Redundant prepuce, phimosis and paraphimosis",6-10 tu?i,2026,6,Mùa mưa,1.2246467991473532e-16,-1.0,3,1,3,5,4,2.3333333333333335,3.2,2,2026-05,2026-06,3,4,Tăng mạnh,Thấp,33.33
Viêm phế quản và viêm tiểu phế quản cấp - Acute bronchitis and acute bronchiolitis,6-10 tu?i,2026,6,Mùa mưa,1.2246467991473532e-16,-1.0,2,3,9,2,5,4.666666666666667,4.2,-1,2026-05,2026-06,2,4,Tăng mạnh,Thấp,100.0
Bệnh khác của ruột non và màng bụng - Other diseases of intestine peritoneum,D??i 1 tu?i,2026,6,Mùa mưa,1.2246467991473532e-16,-1.0,6,0,0,0,0,2.0,1.2,6,2026-05,2026-06,6,3,Giảm mạnh,Thấp,-50.0
"Bệnh khác của thực quản, dạ dày và tá tràng - Other diseases of oesophagus, stomach, duodenum",6-10 tu?i,2026,6,Mùa mưa,1.2246467991473532e-16,-1.0,3,6,1,1,2,3.3333333333333335,2.6,-3,2026-05,2026-06,3,3,Ổn định,Thấp,0.0
Các bệnh viêm phổi - Pneumonia,6-10 tu?i,2026,6,Mùa mưa,1.2246467991473532e-16,-1.0,2,2,3,1,6,2.3333333333333335,2.8,0,2026-05,2026-06,2,3,Tăng mạnh,Thấp,50.0
Hen - Asthma,11-15 tu?i,2026,6,Mùa mưa,1.2246467991473532e-16,-1.0,3,2,2,1,3,2.3333333333333335,2.2,1,2026-05,2026-06,3,3,Ổn định,Thấp,0.0
Hậu quả của các nguyên nhân bên ngoài khác và không xác định - Other and unspecified effects of external causes,1-5 tu?i,2026,6,Mùa mưa,1.2246467991473532e-16,-1.0,1,4,1,3,6,2.0,3.0,-3,2026-05,2026-06,1,3,Tăng mạnh,Thấp,200.0
Thuỷ đậu và zôna - Varicella and Zoster,1-5 tu?i,2026,6,Mùa mưa,1.2246467991473532e-16,-1.0,3,7,3,3,2,4.333333333333333,3.6,-4,2026-05,2026-06,3,3,Ổn định,Thấp,0.0
Viêm cấp đường hô hấp trên khác - Other acute upper respiratory infections,D??i 1 tu?i,2026,6,Mùa mưa,1.2246467991473532e-16,-1.0,2,4,6,1,3,4.0,3.2,-2,2026-05,2026-06,2,3,Tăng mạnh,Thấp,50.0
"Ỉa chảy, viêm dạy dày, ruột non có nguồn gốc nhiễm khuẩn - Diarrhoea and gastroenteritis of presumed infectious origin.",6-10 tu?i,2026,6,Mùa mưa,1.2246467991473532e-16,-1.0,4,1,0,2,1,1.6666666666666667,1.6,3,2026-05,2026-06,4,3,Giảm,Thấp,-25.0
Các bệnh viêm phổi - Pneumonia,11-15 tu?i,2026,6,Mùa mưa,1.2246467991473532e-16,-1.0,1,1,2,2,4,1.3333333333333333,2.0,0,2026-05,2026-06,1,2,Tăng mạnh,Thấp,100.0
Hậu quả của các nguyên nhân bên ngoài khác và không xác định - Other and unspecified effects of external causes,6-10 tu?i,2026,6,Mùa mưa,1.2246467991473532e-16,-1.0,1,0,4,1,2,1.6666666666666667,1.6,1,2026-05,2026-06,1,2,Tăng mạnh,Thấp,100.0
Không rõ nhóm bệnh,1-5 tu?i,2026,6,Mùa mưa,1.2246467991473532e-16,-1.0,2,5,3,2,0,3.3333333333333335,2.4,-3,2026-05,2026-06,2,2,Ổn định,Thấp,0.0
Không rõ nhóm bệnh,6-10 tu?i,2026,6,Mùa mưa,1.2246467991473532e-16,-1.0,1,1,0,0,2,0.6666666666666666,0.8,0,2026-05,2026-06,1,2,Tăng mạnh,Thấp,100.0
"Thừa bao qui đầu, hẹp và nghẹt bao qui đầu - Redundant prepuce, phimosis and paraphimosis",1-5 tu?i,2026,6,Mùa mưa,1.2246467991473532e-16,-1.0,2,1,4,3,1,2.3333333333333335,2.2,1,2026-05,2026-06,2,2,Ổn định,Thấp,0.0
"Tắc liệt ruột và tắc ruột không do thoát vị - Paralytic ileus, intestinal obstruction without hernia",1-5 tu?i,2026,6,Mùa mưa,1.2246467991473532e-16,-1.0,2,0,4,0,3,2.0,1.8,2,2026-05,2026-06,2,2,Ổn định,Thấp,0.0
"Tắc liệt ruột và tắc ruột không do thoát vị - Paralytic ileus, intestinal obstruction without hernia",6-10 tu?i,2026,6,Mùa mưa,1.2246467991473532e-16,-1.0,1,1,2,0,0,1.3333333333333333,0.8,0,2026-05,2026-06,1,2,Tăng mạnh,Thấp,100.0
"Bệnh khác của thực quản, dạ dày và tá tràng - Other diseases of oesophagus, stomach, duodenum",1-5 tu?i,2026,6,Mùa mưa,1.2246467991473532e-16,-1.0,2,1,2,0,1,1.6666666666666667,1.2,1,2026-05,2026-06,2,1,Giảm mạnh,Thấp,-50.0
Hen - Asthma,D??i 1 tu?i,2026,6,Mùa mưa,1.2246467991473532e-16,-1.0,1,1,1,0,1,1.0,0.8,0,2026-05,2026-06,1,1,Ổn định,Thấp,0.0
Hậu quả của các nguyên nhân bên ngoài khác và không xác định - Other and unspecified effects of external causes,D??i 1 tu?i,2026,6,Mùa mưa,1.2246467991473532e-16,-1.0,1,1,0,0,0,0.6666666666666666,0.4,0,2026-05,2026-06,1,1,Ổn định,Thấp,0.0
Động kinh - Epilepsy,1-5 tu?i,2026,6,Mùa mưa,1.2246467991473532e-16,-1.0,1,1,0,0,1,0.6666666666666666,0.6,0,2026-05,2026-06,1,1,Ổn định,Thấp,0.0
Động kinh - Epilepsy,6-10 tu?i,2026,6,Mùa mưa,1.2246467991473532e-16,-1.0,1,2,0,1,2,1.0,1.2,-1,2026-05,2026-06,1,1,Ổn định,Thấp,0.0
"Ỉa chảy, viêm dạy dày, ruột non có nguồn gốc nhiễm khuẩn - Diarrhoea and gastroenteritis of presumed infectious origin.",11-15 tu?i,2026,6,Mùa mưa,1.2246467991473532e-16,-1.0,1,2,1,1,1,1.3333333333333333,1.2,-1,2026-05,2026-06,1,1,Ổn định,Thấp,0.0
Béo phì - Obesity,1-5 tu?i,2026,6,Mùa mưa,1.2246467991473532e-16,-1.0,0,0,0,0,0,0.0,0.0,0,2026-05,2026-06,0,0,Không đủ dữ liệu,Thấp,
Béo phì - Obesity,11-15 tu?i,2026,6,Mùa mưa,1.2246467991473532e-16,-1.0,0,0,0,0,0,0.0,0.0,0,2026-05,2026-06,0,0,Không đủ dữ liệu,Thấp,
Béo phì - Obesity,6-10 tu?i,2026,6,Mùa mưa,1.2246467991473532e-16,-1.0,0,0,0,0,0,0.0,0.0,0,2026-05,2026-06,0,0,Không đủ dữ liệu,Thấp,
Béo phì - Obesity,D??i 1 tu?i,2026,6,Mùa mưa,1.2246467991473532e-16,-1.0,0,0,0,0,0,0.0,0.0,0,2026-05,2026-06,0,0,Không đủ dữ liệu,Thấp,
Béo phì - Obesity,Tr?n 15 tu?i,2026,6,Mùa mưa,1.2246467991473532e-16,-1.0,0,0,0,0,0,0.0,0.0,0,2026-05,2026-06,0,0,Không đủ dữ liệu,Thấp,
Bạo lực đánh nhau - Assault,1-5 tu?i,2026,6,Mùa mưa,1.2246467991473532e-16,-1.0,0,0,0,0,0,0.0,0.0,0,2026-05,2026-06,0,0,Không đủ dữ liệu,Thấp,
Bạo lực đánh nhau - Assault,11-15 tu?i,2026,6,Mùa mưa,1.2246467991473532e-16,-1.0,0,0,0,0,0,0.0,0.0,0,2026-05,2026-06,0,0,Không đủ dữ liệu,Thấp,
Bạo lực đánh nhau - Assault,6-10 tu?i,2026,6,Mùa mưa,1.2246467991473532e-16,-1.0,0,0,0,0,0,0.0,0.0,0,2026-05,2026-06,0,0,Không đủ dữ liệu,Thấp,
Bạo lực đánh nhau - Assault,D??i 1 tu?i,2026,6,Mùa mưa,1.2246467991473532e-16,-1.0,0,0,0,0,0,0.0,0.0,0,2026-05,2026-06,0,0,Không đủ dữ liệu,Thấp,
Bệnh Crohn (viêm ruột non từng vùng) và viêm loét đại tràng - Crohn’s disease and ulcerative colitis,1-5 tu?i,2026,6,Mùa mưa,1.2246467991473532e-16,-1.0,0,0,0,0,0,0.0,0.0,0,2026-05,2026-06,0,0,Không đủ dữ liệu,Thấp,
Bệnh Crohn (viêm ruột non từng vùng) và viêm loét đại tràng - Crohn’s disease and ulcerative colitis,11-15 tu?i,2026,6,Mùa mưa,1.2246467991473532e-16,-1.0,0,0,0,0,0,0.0,0.0,0,2026-05,2026-06,0,0,Không đủ dữ liệu,Thấp,
Bệnh Crohn (viêm ruột non từng vùng) và viêm loét đại tràng - Crohn’s disease and ulcerative colitis,6-10 tu?i,2026,6,Mùa mưa,1.2246467991473532e-16,-1.0,0,0,0,0,0,0.0,0.0,0,2026-05,2026-06,0,0,Không đủ dữ liệu,Thấp,
Bệnh Crohn (viêm ruột non từng vùng) và viêm loét đại tràng - Crohn’s disease and ulcerative colitis,D??i 1 tu?i,2026,6,Mùa mưa,1.2246467991473532e-16,-1.0,0,0,0,0,0,0.0,0.0,0,2026-05,2026-06,0,0,Không đủ dữ liệu,Thấp,
Bệnh Crohn (viêm ruột non từng vùng) và viêm loét đại tràng - Crohn’s disease and ulcerative colitis,Tr?n 15 tu?i,2026,6,Mùa mưa,1.2246467991473532e-16,-1.0,0,0,0,0,0,0.0,0.0,0,2026-05,2026-06,0,0,Không đủ dữ liệu,Thấp,
Bệnh Hodgkin - Hodgkin disease,1-5 tu?i,2026,6,Mùa mưa,1.2246467991473532e-16,-1.0,0,0,0,0,0,0.0,0.0,0,2026-05,2026-06,0,0,Không đủ dữ liệu,Thấp,
Bệnh Hodgkin - Hodgkin disease,11-15 tu?i,2026,6,Mùa mưa,1.2246467991473532e-16,-1.0,0,0,0,0,0,0.0,0.0,0,2026-05,2026-06,0,0,Không đủ dữ liệu,Thấp,
Bệnh Hodgkin - Hodgkin disease,6-10 tu?i,2026,6,Mùa mưa,1.2246467991473532e-16,-1.0,0,0,0,0,0,0.0,0.0,0,2026-05,2026-06,0,0,Không đủ dữ liệu,Thấp,
Bệnh Hodgkin - Hodgkin disease,Tr?n 15 tu?i,2026,6,Mùa mưa,1.2246467991473532e-16,-1.0,0,0,0,0,0,0.0,0.0,0,2026-05,2026-06,0,0,Không đủ dữ liệu,Thấp,
Bệnh bạch cầu - Leukaemia,1-5 tu?i,2026,6,Mùa mưa,1.2246467991473532e-16,-1.0,0,0,0,0,0,0.0,0.0,0,2026-05,2026-06,0,0,Không đủ dữ liệu,Thấp,
Bệnh bạch cầu - Leukaemia,6-10 tu?i,2026,6,Mùa mưa,1.2246467991473532e-16,-1.0,0,0,0,0,0,0.0,0.0,0,2026-05,2026-06,0,0,Không đủ dữ liệu,Thấp,
Bệnh bạch cầu - Leukaemia,D??i 1 tu?i,2026,6,Mùa mưa,1.2246467991473532e-16,-1.0,0,0,0,0,0,0.0,0.0,0,2026-05,2026-06,0,0,Không đủ dữ liệu,Thấp,
Bệnh bạch cầu - Leukaemia,Tr?n 15 tu?i,2026,6,Mùa mưa,1.2246467991473532e-16,-1.0,0,0,0,0,0,0.0,0.0,0,2026-05,2026-06,0,0,Không đủ dữ liệu,Thấp,
Bệnh cầu thận khác - Other glomerular diseases,1-5 tu?i,2026,6,Mùa mưa,1.2246467991473532e-16,-1.0,0,0,0,0,0,0.0,0.0,0,2026-05,2026-06,0,0,Không đủ dữ liệu,Thấp,
Bệnh cầu thận khác - Other glomerular diseases,11-15 tu?i,2026,6,Mùa mưa,1.2246467991473532e-16,-1.0,0,0,0,0,0,0.0,0.0,0,2026-05,2026-06,0,0,Không đủ dữ liệu,Thấp,
Bệnh cầu thận khác - Other glomerular diseases,6-10 tu?i,2026,6,Mùa mưa,1.2246467991473532e-16,-1.0,0,0,0,0,0,0.0,0.0,0,2026-05,2026-06,0,0,Không đủ dữ liệu,Thấp,
Bệnh cầu thận khác - Other glomerular diseases,D??i 1 tu?i,2026,6,Mùa mưa,1.2246467991473532e-16,-1.0,0,0,0,0,0,0.0,0.0,0,2026-05,2026-06,0,0,Không đủ dữ liệu,Thấp,
Bệnh cầu thận khác - Other glomerular diseases,Kh?ng r?,2026,6,Mùa mưa,1.2246467991473532e-16,-1.0,0,0,0,0,0,0.0,0.0,0,2026-05,2026-06,0,0,Không đủ dữ liệu,Thấp,
Bệnh cầu thận khác - Other glomerular diseases,Tr?n 15 tu?i,2026,6,Mùa mưa,1.2246467991473532e-16,-1.0,0,0,0,0,0,0.0,0.0,0,2026-05,2026-06,0,0,Không đủ dữ liệu,Thấp,
Bệnh của hệ thống tổ chức liên kết - Systematic connective tissue disorders,1-5 tu?i,2026,6,Mùa mưa,1.2246467991473532e-16,-1.0,0,0,0,0,0,0.0,0.0,0,2026-05,2026-06,0,0,Không đủ dữ liệu,Thấp,
Bệnh của hệ thống tổ chức liên kết - Systematic connective tissue disorders,11-15 tu?i,2026,6,Mùa mưa,1.2246467991473532e-16,-1.0,0,0,0,0,0,0.0,0.0,0,2026-05,2026-06,0,0,Không đủ dữ liệu,Thấp,
Bệnh của hệ thống tổ chức liên kết - Systematic connective tissue disorders,6-10 tu?i,2026,6,Mùa mưa,1.2246467991473532e-16,-1.0,0,0,0,0,0,0.0,0.0,0,2026-05,2026-06,0,0,Không đủ dữ liệu,Thấp,
Bệnh của hệ thống tổ chức liên kết - Systematic connective tissue disorders,D??i 1 tu?i,2026,6,Mùa mưa,1.2246467991473532e-16,-1.0,0,0,0,0,0,0.0,0.0,0,2026-05,2026-06,0,0,Không đủ dữ liệu,Thấp,
Bệnh của hệ thống tổ chức liên kết - Systematic connective tissue disorders,Tr?n 15 tu?i,2026,6,Mùa mưa,1.2246467991473532e-16,-1.0,0,0,0,0,0,0.0,0.0,0,2026-05,2026-06,0,0,Không đủ dữ liệu,Thấp,
Bệnh của mũi và các xoang phụ của mũi - Other diseases of nose and nasal sinuses,1-5 tu?i,2026,6,Mùa mưa,1.2246467991473532e-16,-1.0,0,0,0,0,0,0.0,0.0,0,2026-05,2026-06,0,0,Không đủ dữ liệu,Thấp,
Bệnh của mũi và các xoang phụ của mũi - Other diseases of nose and nasal sinuses,11-15 tu?i,2026,6,Mùa mưa,1.2246467991473532e-16,-1.0,0,0,0,0,0,0.0,0.0,0,2026-05,2026-06,0,0,Không đủ dữ liệu,Thấp,
Bệnh của mũi và các xoang phụ của mũi - Other diseases of nose and nasal sinuses,6-10 tu?i,2026,6,Mùa mưa,1.2246467991473532e-16,-1.0,0,0,0,0,0,0.0,0.0,0,2026-05,2026-06,0,0,Không đủ dữ liệu,Thấp,
Bệnh của mũi và các xoang phụ của mũi - Other diseases of nose and nasal sinuses,D??i 1 tu?i,2026,6,Mùa mưa,1.2246467991473532e-16,-1.0,0,0,0,0,0,0.0,0.0,0,2026-05,2026-06,0,0,Không đủ dữ liệu,Thấp,
Bệnh của mũi và các xoang phụ của mũi - Other diseases of nose and nasal sinuses,Tr?n 15 tu?i,2026,6,Mùa mưa,1.2246467991473532e-16,-1.0,0,0,0,0,0,0.0,0.0,0,2026-05,2026-06,0,0,Không đủ dữ liệu,Thấp,
Bệnh của ruột thừa - Diseases of appendix,1-5 tu?i,2026,6,Mùa mưa,1.2246467991473532e-16,-1.0,0,0,0,0,0,0.0,0.0,0,2026-05,2026-06,0,0,Không đủ dữ liệu,Thấp,
Bệnh của ruột thừa - Diseases of appendix,11-15 tu?i,2026,6,Mùa mưa,1.2246467991473532e-16,-1.0,0,0,0,0,0,0.0,0.0,0,2026-05,2026-06,0,0,Không đủ dữ liệu,Thấp,
Bệnh của ruột thừa - Diseases of appendix,6-10 tu?i,2026,6,Mùa mưa,1.2246467991473532e-16,-1.0,0,0,0,0,0,0.0,0.0,0,2026-05,2026-06,0,0,Không đủ dữ liệu,Thấp,
Bệnh của ruột thừa - Diseases of appendix,D??i 1 tu?i,2026,6,Mùa mưa,1.2246467991473532e-16,-1.0,0,0,0,0,0,0.0,0.0,0,2026-05,2026-06,0,0,Không đủ dữ liệu,Thấp,
Bệnh của ruột thừa - Diseases of appendix,Tr?n 15 tu?i,2026,6,Mùa mưa,1.2246467991473532e-16,-1.0,0,0,0,0,0,0.0,0.0,0,2026-05,2026-06,0,0,Không đủ dữ liệu,Thấp,
Bệnh do tiếp xúc với dịch vụ y tế phải chăm sóc và khám xét đặc biệt - Persons encountering health services for specific procedures and health care,1-5 tu?i,2026,6,Mùa mưa,1.2246467991473532e-16,-1.0,0,0,0,0,0,0.0,0.0,0,2026-05,2026-06,0,0,Không đủ dữ liệu,Thấp,
Bệnh do tiếp xúc với dịch vụ y tế phải chăm sóc và khám xét đặc biệt - Persons encountering health services for specific procedures and health care,11-15 tu?i,2026,6,Mùa mưa,1.2246467991473532e-16,-1.0,0,0,0,0,0,0.0,0.0,0,2026-05,2026-06,0,0,Không đủ dữ liệu,Thấp,
Bệnh do tiếp xúc với dịch vụ y tế phải chăm sóc và khám xét đặc biệt - Persons encountering health services for specific procedures and health care,6-10 tu?i,2026,6,Mùa mưa,1.2246467991473532e-16,-1.0,0,0,0,0,0,0.0,0.0,0,2026-05,2026-06,0,0,Không đủ dữ liệu,Thấp,
Bệnh do tiếp xúc với dịch vụ y tế phải chăm sóc và khám xét đặc biệt - Persons encountering health services for specific procedures and health care,D??i 1 tu?i,2026,6,Mùa mưa,1.2246467991473532e-16,-1.0,0,0,0,0,0,0.0,0.0,0,2026-05,2026-06,0,0,Không đủ dữ liệu,Thấp,
Bệnh do tiếp xúc với dịch vụ y tế phải chăm sóc và khám xét đặc biệt - Persons encountering health services for specific procedures and health care,Tr?n 15 tu?i,2026,6,Mùa mưa,1.2246467991473532e-16,-1.0,0,0,0,0,0,0.0,0.0,0,2026-05,2026-06,0,0,Không đủ dữ liệu,Thấp,
Bệnh do tiếp xúc với dịch vụ y tế vì những lý do khác - Person encoutering health services for other reasons,1-5 tu?i,2026,6,Mùa mưa,1.2246467991473532e-16,-1.0,0,0,0,0,0,0.0,0.0,0,2026-05,2026-06,0,0,Không đủ dữ liệu,Thấp,
Bệnh do tiếp xúc với dịch vụ y tế vì những lý do khác - Person encoutering health services for other reasons,11-15 tu?i,2026,6,Mùa mưa,1.2246467991473532e-16,-1.0,0,0,0,0,0,0.0,0.0,0,2026-05,2026-06,0,0,Không đủ dữ liệu,Thấp,
Bệnh do tiếp xúc với dịch vụ y tế vì những lý do khác - Person encoutering health services for other reasons,6-10 tu?i,2026,6,Mùa mưa,1.2246467991473532e-16,-1.0,0,0,0,0,0,0.0,0.0,0,2026-05,2026-06,0,0,Không đủ dữ liệu,Thấp,
Bệnh do tiếp xúc với dịch vụ y tế vì những lý do khác - Person encoutering health services for other reasons,D??i 1 tu?i,2026,6,Mùa mưa,1.2246467991473532e-16,-1.0,0,0,0,0,0,0.0,0.0,0,2026-05,2026-06,0,0,Không đủ dữ liệu,Thấp,
Bệnh do tiếp xúc với dịch vụ y tế vì những lý do khác - Person encoutering health services for other reasons,Tr?n 15 tu?i,2026,6,Mùa mưa,1.2246467991473532e-16,-1.0,0,0,0,0,0,0.0,0.0,0,2026-05,2026-06,0,0,Không đủ dữ liệu,Thấp,
Bệnh giun sán khác - Other Helminthiases,1-5 tu?i,2026,6,Mùa mưa,1.2246467991473532e-16,-1.0,0,0,0,0,0,0.0,0.0,0,2026-05,2026-06,0,0,Không đủ dữ liệu,Thấp,
Bệnh giun sán khác - Other Helminthiases,11-15 tu?i,2026,6,Mùa mưa,1.2246467991473532e-16,-1.0,0,0,0,0,0,0.0,0.0,0,2026-05,2026-06,0,0,Không đủ dữ liệu,Thấp,
Bệnh giun sán khác - Other Helminthiases,6-10 tu?i,2026,6,Mùa mưa,1.2246467991473532e-16,-1.0,0,0,0,0,0,0.0,0.0,0,2026-05,2026-06,0,0,Không đủ dữ liệu,Thấp,
Bệnh giun sán khác - Other Helminthiases,D??i 1 tu?i,2026,6,Mùa mưa,1.2246467991473532e-16,-1.0,0,0,0,0,0,0.0,0.0,0,2026-05,2026-06,0,0,Không đủ dữ liệu,Thấp,
Bệnh giun sán khác - Other Helminthiases,Tr?n 15 tu?i,2026,6,Mùa mưa,1.2246467991473532e-16,-1.0,0,0,0,0,0,0.0,0.0,0,2026-05,2026-06,0,0,Không đủ dữ liệu,Thấp,
Bệnh khác của bộ máy hô hấp - Other diseases of respiratory system.,1-5 tu?i,2026,6,Mùa mưa,1.2246467991473532e-16,-1.0,0,0,0,0,0,0.0,0.0,0,2026-05,2026-06,0,0,Không đủ dữ liệu,Thấp,
Bệnh khác của bộ máy hô hấp - Other diseases of respiratory system.,11-15 tu?i,2026,6,Mùa mưa,1.2246467991473532e-16,-1.0,0,0,0,0,0,0.0,0.0,0,2026-05,2026-06,0,0,Không đủ dữ liệu,Thấp,
Bệnh khác của bộ máy hô hấp - Other diseases of respiratory system.,6-10 tu?i,2026,6,Mùa mưa,1.2246467991473532e-16,-1.0,0,0,0,0,0,0.0,0.0,0,2026-05,2026-06,0,0,Không đủ dữ liệu,Thấp,
Bệnh khác của bộ máy hô hấp - Other diseases of respiratory system.,D??i 1 tu?i,2026,6,Mùa mưa,1.2246467991473532e-16,-1.0,0,0,0,0,0,0.0,0.0,0,2026-05,2026-06,0,0,Không đủ dữ liệu,Thấp,
Bệnh khác của bộ máy hô hấp - Other diseases of respiratory system.,Tr?n 15 tu?i,2026,6,Mùa mưa,1.2246467991473532e-16,-1.0,0,0,0,0,0,0.0,0.0,0,2026-05,2026-06,0,0,Không đủ dữ liệu,Thấp,
Bệnh khác của bộ máy sinh dục tiết niệu - Other disorders of genitourinary tract,1-5 tu?i,2026,6,Mùa mưa,1.2246467991473532e-16,-1.0,0,0,0,0,0,0.0,0.0,0,2026-05,2026-06,0,0,Không đủ dữ liệu,Thấp,
Bệnh khác của bộ máy sinh dục tiết niệu - Other disorders of genitourinary tract,11-15 tu?i,2026,6,Mùa mưa,1.2246467991473532e-16,-1.0,0,0,0,0,0,0.0,0.0,0,2026-05,2026-06,0,0,Không đủ dữ liệu,Thấp,
Bệnh khác của bộ máy sinh dục tiết niệu - Other disorders of genitourinary tract,6-10 tu?i,2026,6,Mùa mưa,1.2246467991473532e-16,-1.0,0,0,0,0,0,0.0,0.0,0,2026-05,2026-06,0,0,Không đủ dữ liệu,Thấp,
Bệnh khác của bộ máy sinh dục tiết niệu - Other disorders of genitourinary tract,D??i 1 tu?i,2026,6,Mùa mưa,1.2246467991473532e-16,-1.0,0,0,0,0,0,0.0,0.0,0,2026-05,2026-06,0,0,Không đủ dữ liệu,Thấp,
Bệnh khác của bộ máy sinh dục tiết niệu - Other disorders of genitourinary tract,Tr?n 15 tu?i,2026,6,Mùa mưa,1.2246467991473532e-16,-1.0,0,0,0,0,0,0.0,0.0,0,2026-05,2026-06,0,0,Không đủ dữ liệu,Thấp,
Bệnh khác của bộ máy tiết niệu - Other diseases of the urnary system,1-5 tu?i,2026,6,Mùa mưa,1.2246467991473532e-16,-1.0,0,0,0,0,0,0.0,0.0,0,2026-05,2026-06,0,0,Không đủ dữ liệu,Thấp,
Bệnh khác của bộ máy tiết niệu - Other diseases of the urnary system,11-15 tu?i,2026,6,Mùa mưa,1.2246467991473532e-16,-1.0,0,0,0,0,0,0.0,0.0,0,2026-05,2026-06,0,0,Không đủ dữ liệu,Thấp,
Bệnh khác của bộ máy tiết niệu - Other diseases of the urnary system,6-10 tu?i,2026,6,Mùa mưa,1.2246467991473532e-16,-1.0,0,0,0,0,0,0.0,0.0,0,2026-05,2026-06,0,0,Không đủ dữ liệu,Thấp,
Bệnh khác của bộ máy tiết niệu - Other diseases of the urnary system,D??i 1 tu?i,2026,6,Mùa mưa,1.2246467991473532e-16,-1.0,0,0,0,0,0,0.0,0.0,0,2026-05,2026-06,0,0,Không đủ dữ liệu,Thấp,
Bệnh khác của bộ máy tiết niệu - Other diseases of the urnary system,Tr?n 15 tu?i,2026,6,Mùa mưa,1.2246467991473532e-16,-1.0,0,0,0,0,0,0.0,0.0,0,2026-05,2026-06,0,0,Không đủ dữ liệu,Thấp,
Bệnh khác của cơ quan sinh dục nam - Other diseases of male genital organs,1-5 tu?i,2026,6,Mùa mưa,1.2246467991473532e-16,-1.0,0,0,0,0,0,0.0,0.0,0,2026-05,2026-06,0,0,Không đủ dữ liệu,Thấp,
Bệnh khác của cơ quan sinh dục nam - Other diseases of male genital organs,11-15 tu?i,2026,6,Mùa mưa,1.2246467991473532e-16,-1.0,0,0,0,0,0,0.0,0.0,0,2026-05,2026-06,0,0,Không đủ dữ liệu,Thấp,
Bệnh khác của cơ quan sinh dục nam - Other diseases of male genital organs,6-10 tu?i,2026,6,Mùa mưa,1.2246467991473532e-16,-1.0,0,0,0,0,0,0.0,0.0,0,2026-05,2026-06,0,0,Không đủ dữ liệu,Thấp,
Bệnh khác của cơ quan sinh dục nam - Other diseases of male genital organs,D??i 1 tu?i,2026,6,Mùa mưa,1.2246467991473532e-16,-1.0,0,0,0,0,0,0.0,0.0,0,2026-05,2026-06,0,0,Không đủ dữ liệu,Thấp,
Bệnh khác của cơ quan sinh dục nam - Other diseases of male genital organs,Tr?n 15 tu?i,2026,6,Mùa mưa,1.2246467991473532e-16,-1.0,0,0,0,0,0,0.0,0.0,0,2026-05,2026-06,0,0,Không đủ dữ liệu,Thấp,
Bệnh khác của cột sống - Other dorsopathies,1-5 tu?i,2026,6,Mùa mưa,1.2246467991473532e-16,-1.0,0,0,0,0,0,0.0,0.0,0,2026-05,2026-06,0,0,Không đủ dữ liệu,Thấp,
Bệnh khác của cột sống - Other dorsopathies,11-15 tu?i,2026,6,Mùa mưa,1.2246467991473532e-16,-1.0,0,0,0,0,0,0.0,0.0,0,2026-05,2026-06,0,0,Không đủ dữ liệu,Thấp,
Bệnh khác của cột sống - Other dorsopathies,6-10 tu?i,2026,6,Mùa mưa,1.2246467991473532e-16,-1.0,0,0,0,0,0,0.0,0.0,0,2026-05,2026-06,0,0,Không đủ dữ liệu,Thấp,
Bệnh khác của cột sống - Other dorsopathies,D??i 1 tu?i,2026,6,Mùa mưa,1.2246467991473532e-16,-1.0,0,0,0,0,0,0.0,0.0,0,2026-05,2026-06,0,0,Không đủ dữ liệu,Thấp,
Bệnh khác của da và mô tế bào dưới da - Other diseases of skin and subcutaneous tissue,1-5 tu?i,2026,6,Mùa mưa,1.2246467991473532e-16,-1.0,0,0,0,0,0,0.0,0.0,0,2026-05,2026-06,0,0,Không đủ dữ liệu,Thấp,
Bệnh khác của da và mô tế bào dưới da - Other diseases of skin and subcutaneous tissue,11-15 tu?i,2026,6,Mùa mưa,1.2246467991473532e-16,-1.0,0,0,0,0,0,0.0,0.0,0,2026-05,2026-06,0,0,Không đủ dữ liệu,Thấp,
Bệnh khác của da và mô tế bào dưới da - Other diseases of skin and subcutaneous tissue,6-10 tu?i,2026,6,Mùa mưa,1.2246467991473532e-16,-1.0,0,0,0,0,0,0.0,0.0,0,2026-05,2026-06,0,0,Không đủ dữ liệu,Thấp,
Bệnh khác của da và mô tế bào dưới da - Other diseases of skin and subcutaneous tissue,D??i 1 tu?i,2026,6,Mùa mưa,1.2246467991473532e-16,-1.0,0,0,0,0,0,0.0,0.0,0,2026-05,2026-06,0,0,Không đủ dữ liệu,Thấp,
Bệnh khác của da và mô tế bào dưới da - Other diseases of skin and subcutaneous tissue,Tr?n 15 tu?i,2026,6,Mùa mưa,1.2246467991473532e-16,-1.0,0,0,0,0,0,0.0,0.0,0,2026-05,2026-06,0,0,Không đủ dữ liệu,Thấp,
Bệnh khác của hệ thần kinh - Other diseases of the nervous system,1-5 tu?i,2026,6,Mùa mưa,1.2246467991473532e-16,-1.0,0,0,0,0,0,0.0,0.0,0,2026-05,2026-06,0,0,Không đủ dữ liệu,Thấp,
Bệnh khác của hệ thần kinh - Other diseases of the nervous system,11-15 tu?i,2026,6,Mùa mưa,1.2246467991473532e-16,-1.0,0,0,0,0,0,0.0,0.0,0,2026-05,2026-06,0,0,Không đủ dữ liệu,Thấp,
Bệnh khác của hệ thần kinh - Other diseases of the nervous system,6-10 tu?i,2026,6,Mùa mưa,1.2246467991473532e-16,-1.0,0,0,0,0,0,0.0,0.0,0,2026-05,2026-06,0,0,Không đủ dữ liệu,Thấp,
Bệnh khác của hệ thần kinh - Other diseases of the nervous system,D??i 1 tu?i,2026,6,Mùa mưa,1.2246467991473532e-16,-1.0,0,0,0,0,0,0.0,0.0,0,2026-05,2026-06,0,0,Không đủ dữ liệu,Thấp,
Bệnh khác của hệ thần kinh - Other diseases of the nervous system,Tr?n 15 tu?i,2026,6,Mùa mưa,1.2246467991473532e-16,-1.0,0,0,0,0,0,0.0,0.0,0,2026-05,2026-06,0,0,Không đủ dữ liệu,Thấp,
"Bệnh khác của hệ xương khớp, cơ và mô liên kết - Other diseases of the musculo-skeletal system and connective tissue",1-5 tu?i,2026,6,Mùa mưa,1.2246467991473532e-16,-1.0,0,0,0,0,0,0.0,0.0,0,2026-05,2026-06,0,0,Không đủ dữ liệu,Thấp,
"Bệnh khác của hệ xương khớp, cơ và mô liên kết - Other diseases of the musculo-skeletal system and connective tissue",11-15 tu?i,2026,6,Mùa mưa,1.2246467991473532e-16,-1.0,0,0,0,0,0,0.0,0.0,0,2026-05,2026-06,0,0,Không đủ dữ liệu,Thấp,
"Bệnh khác của hệ xương khớp, cơ và mô liên kết - Other diseases of the musculo-skeletal system and connective tissue",6-10 tu?i,2026,6,Mùa mưa,1.2246467991473532e-16,-1.0,0,0,0,0,0,0.0,0.0,0,2026-05,2026-06,0,0,Không đủ dữ liệu,Thấp,
"Bệnh khác của hệ xương khớp, cơ và mô liên kết - Other diseases of the musculo-skeletal system and connective tissue",D??i 1 tu?i,2026,6,Mùa mưa,1.2246467991473532e-16,-1.0,0,0,0,0,0,0.0,0.0,0,2026-05,2026-06,0,0,Không đủ dữ liệu,Thấp,
"Bệnh khác của hệ xương khớp, cơ và mô liên kết - Other diseases of the musculo-skeletal system and connective tissue",Tr?n 15 tu?i,2026,6,Mùa mưa,1.2246467991473532e-16,-1.0,0,0,0,0,0,0.0,0.0,0,2026-05,2026-06,0,0,Không đủ dữ liệu,Thấp,
"Bệnh khác của khoang miệng, tuyến nước bọt và hàm - Other diseases of the oral cavity, salivary glands and jaws",1-5 tu?i,2026,6,Mùa mưa,1.2246467991473532e-16,-1.0,0,0,0,0,0,0.0,0.0,0,2026-05,2026-06,0,0,Không đủ dữ liệu,Thấp,
"Bệnh khác của khoang miệng, tuyến nước bọt và hàm - Other diseases of the oral cavity, salivary glands and jaws",11-15 tu?i,2026,6,Mùa mưa,1.2246467991473532e-16,-1.0,0,0,0,0,0,0.0,0.0,0,2026-05,2026-06,0,0,Không đủ dữ liệu,Thấp,
"Bệnh khác của khoang miệng, tuyến nước bọt và hàm - Other diseases of the oral cavity, salivary glands and jaws",6-10 tu?i,2026,6,Mùa mưa,1.2246467991473532e-16,-1.0,0,0,0,0,0,0.0,0.0,0,2026-05,2026-06,0,0,Không đủ dữ liệu,Thấp,
"Bệnh khác của khoang miệng, tuyến nước bọt và hàm - Other diseases of the oral cavity, salivary glands and jaws",D??i 1 tu?i,2026,6,Mùa mưa,1.2246467991473532e-16,-1.0,0,0,0,0,0,0.0,0.0,0,2026-05,2026-06,0,0,Không đủ dữ liệu,Thấp,
"Bệnh khác của khoang miệng, tuyến nước bọt và hàm - Other diseases of the oral cavity, salivary glands and jaws",Kh?ng r?,2026,6,Mùa mưa,1.2246467991473532e-16,-1.0,0,0,0,0,0,0.0,0.0,0,2026-05,2026-06,0,0,Không đủ dữ liệu,Thấp,
"Bệnh khác của khoang miệng, tuyến nước bọt và hàm - Other diseases of the oral cavity, salivary glands and jaws",Tr?n 15 tu?i,2026,6,Mùa mưa,1.2246467991473532e-16,-1.0,0,0,0,0,0,0.0,0.0,0,2026-05,2026-06,0,0,Không đủ dữ liệu,Thấp,
Bệnh khác của khớp - Other joint disorders,1-5 tu?i,2026,6,Mùa mưa,1.2246467991473532e-16,-1.0,0,0,0,0,0,0.0,0.0,0,2026-05,2026-06,0,0,Không đủ dữ liệu,Thấp,
Bệnh khác của khớp - Other joint disorders,11-15 tu?i,2026,6,Mùa mưa,1.2246467991473532e-16,-1.0,0,0,0,0,0,0.0,0.0,0,2026-05,2026-06,0,0,Không đủ dữ liệu,Thấp,
Bệnh khác của khớp - Other joint disorders,6-10 tu?i,2026,6,Mùa mưa,1.2246467991473532e-16,-1.0,0,0,0,0,0,0.0,0.0,0,2026-05,2026-06,0,0,Không đủ dữ liệu,Thấp,
Bệnh khác của khớp - Other joint disorders,D??i 1 tu?i,2026,6,Mùa mưa,1.2246467991473532e-16,-1.0,0,0,0,0,0,0.0,0.0,0,2026-05,2026-06,0,0,Không đủ dữ liệu,Thấp,
Bệnh khác của khớp - Other joint disorders,Tr?n 15 tu?i,2026,6,Mùa mưa,1.2246467991473532e-16,-1.0,0,0,0,0,0,0.0,0.0,0,2026-05,2026-06,0,0,Không đủ dữ liệu,Thấp,
Bệnh khác của ruột non và màng bụng - Other diseases of intestine peritoneum,11-15 tu?i,2026,6,Mùa mưa,1.2246467991473532e-16,-1.0,0,0,0,1,0,0.0,0.2,0,2026-05,2026-06,0,0,Không đủ dữ liệu,Thấp,
Bệnh khác của tai và xương chũm - Other diseases of the ear and mastoid process,1-5 tu?i,2026,6,Mùa mưa,1.2246467991473532e-16,-1.0,0,0,0,0,0,0.0,0.0,0,2026-05,2026-06,0,0,Không đủ dữ liệu,Thấp,
Bệnh khác của tai và xương chũm - Other diseases of the ear and mastoid process,11-15 tu?i,2026,6,Mùa mưa,1.2246467991473532e-16,-1.0,0,0,0,0,0,0.0,0.0,0,2026-05,2026-06,0,0,Không đủ dữ liệu,Thấp,
Bệnh khác của tai và xương chũm - Other diseases of the ear and mastoid process,6-10 tu?i,2026,6,Mùa mưa,1.2246467991473532e-16,-1.0,0,0,0,0,0,0.0,0.0,0,2026-05,2026-06,0,0,Không đủ dữ liệu,Thấp,
Bệnh khác của tai và xương chũm - Other diseases of the ear and mastoid process,D??i 1 tu?i,2026,6,Mùa mưa,1.2246467991473532e-16,-1.0,0,0,0,0,0,0.0,0.0,0,2026-05,2026-06,0,0,Không đủ dữ liệu,Thấp,
Bệnh khác của tai và xương chũm - Other diseases of the ear and mastoid process,Tr?n 15 tu?i,2026,6,Mùa mưa,1.2246467991473532e-16,-1.0,0,0,0,0,0,0.0,0.0,0,2026-05,2026-06,0,0,Không đủ dữ liệu,Thấp,
"Bệnh khác của thực quản, dạ dày và tá tràng - Other diseases of oesophagus, stomach, duodenum",Tr?n 15 tu?i,2026,6,Mùa mưa,1.2246467991473532e-16,-1.0,0,0,0,0,0,0.0,0.0,0,2026-05,2026-06,0,0,Không đủ dữ liệu,Thấp,
"Bệnh khác của động mạch, tiểu động mạch và mao mạch - Other diseases of arteries, arterioles and capillaries",1-5 tu?i,2026,6,Mùa mưa,1.2246467991473532e-16,-1.0,0,0,0,0,0,0.0,0.0,0,2026-05,2026-06,0,0,Không đủ dữ liệu,Thấp,
"Bệnh khác của động mạch, tiểu động mạch và mao mạch - Other diseases of arteries, arterioles and capillaries",6-10 tu?i,2026,6,Mùa mưa,1.2246467991473532e-16,-1.0,0,0,0,0,0,0.0,0.0,0,2026-05,2026-06,0,0,Không đủ dữ liệu,Thấp,
"Bệnh khác của động mạch, tiểu động mạch và mao mạch - Other diseases of arteries, arterioles and capillaries",D??i 1 tu?i,2026,6,Mùa mưa,1.2246467991473532e-16,-1.0,0,0,0,0,0,0.0,0.0,0,2026-05,2026-06,0,0,Không đủ dữ liệu,Thấp,
"Bệnh khác của động mạch, tiểu động mạch và mao mạch - Other diseases of arteries, arterioles and capillaries",Tr?n 15 tu?i,2026,6,Mùa mưa,1.2246467991473532e-16,-1.0,0,0,0,0,0,0.0,0.0,0,2026-05,2026-06,0,0,Không đủ dữ liệu,Thấp,
"Bệnh khác về nội tiết, dinh dưỡng và chuyển hoá - Other endocrine, nutritional and metabolic disorders",1-5 tu?i,2026,6,Mùa mưa,1.2246467991473532e-16,-1.0,0,0,0,0,0,0.0,0.0,0,2026-05,2026-06,0,0,Không đủ dữ liệu,Thấp,
"Bệnh khác về nội tiết, dinh dưỡng và chuyển hoá - Other endocrine, nutritional and metabolic disorders",11-15 tu?i,2026,6,Mùa mưa,1.2246467991473532e-16,-1.0,0,0,0,0,0,0.0,0.0,0,2026-05,2026-06,0,0,Không đủ dữ liệu,Thấp,
"Bệnh khác về nội tiết, dinh dưỡng và chuyển hoá - Other endocrine, nutritional and metabolic disorders",6-10 tu?i,2026,6,Mùa mưa,1.2246467991473532e-16,-1.0,0,0,0,0,0,0.0,0.0,0,2026-05,2026-06,0,0,Không đủ dữ liệu,Thấp,
"Bệnh khác về nội tiết, dinh dưỡng và chuyển hoá - Other endocrine, nutritional and metabolic disorders",D??i 1 tu?i,2026,6,Mùa mưa,1.2246467991473532e-16,-1.0,0,0,0,0,0,0.0,0.0,0,2026-05,2026-06,0,0,Không đủ dữ liệu,Thấp,
"Bệnh khác về nội tiết, dinh dưỡng và chuyển hoá - Other endocrine, nutritional and metabolic disorders",Tr?n 15 tu?i,2026,6,Mùa mưa,1.2246467991473532e-16,-1.0,0,0,0,0,0,0.0,0.0,0,2026-05,2026-06,0,0,Không đủ dữ liệu,Thấp,
Bệnh khác đường hô hấp trên - Other diseases of upper respiratory tract,1-5 tu?i,2026,6,Mùa mưa,1.2246467991473532e-16,-1.0,0,0,0,0,0,0.0,0.0,0,2026-05,2026-06,0,0,Không đủ dữ liệu,Thấp,
Bệnh khác đường hô hấp trên - Other diseases of upper respiratory tract,11-15 tu?i,2026,6,Mùa mưa,1.2246467991473532e-16,-1.0,0,0,0,0,0,0.0,0.0,0,2026-05,2026-06,0,0,Không đủ dữ liệu,Thấp,
Bệnh khác đường hô hấp trên - Other diseases of upper respiratory tract,6-10 tu?i,2026,6,Mùa mưa,1.2246467991473532e-16,-1.0,0,0,0,0,0,0.0,0.0,0,2026-05,2026-06,0,0,Không đủ dữ liệu,Thấp,
Bệnh khác đường hô hấp trên - Other diseases of upper respiratory tract,D??i 1 tu?i,2026,6,Mùa mưa,1.2246467991473532e-16,-1.0,0,0,0,0,0,0.0,0.0,0,2026-05,2026-06,0,0,Không đủ dữ liệu,Thấp,
"Bệnh lí thai nhi và sơ sinh do biến chứng thai nghén, chửa, đẻ - Fetus and newborn affected by maternal factors and by complications of pregnancy, labour and delivery",D??i 1 tu?i,2026,6,Mùa mưa,1.2246467991473532e-16,-1.0,0,0,0,0,0,0.0,0.0,0,2026-05,2026-06,0,0,Không đủ dữ liệu,Thấp,
Bệnh mạch máu ngoại vi khác - Other peripheral vascular disease,6-10 tu?i,2026,6,Mùa mưa,1.2246467991473532e-16,-1.0,0,0,0,0,0,0.0,0.0,0,2026-05,2026-06,0,0,Không đủ dữ liệu,Thấp,
Bệnh mạch máu não khác - Other cerebrovascular diseases,1-5 tu?i,2026,6,Mùa mưa,1.2246467991473532e-16,-1.0,0,0,0,0,0,0.0,0.0,0,2026-05,2026-06,0,0,Không đủ dữ liệu,Thấp,
Bệnh mạch máu não khác - Other cerebrovascular diseases,11-15 tu?i,2026,6,Mùa mưa,1.2246467991473532e-16,-1.0,0,0,0,0,0,0.0,0.0,0,2026-05,2026-06,0,0,Không đủ dữ liệu,Thấp,
Bệnh mạch máu não khác - Other cerebrovascular diseases,6-10 tu?i,2026,6,Mùa mưa,1.2246467991473532e-16,-1.0,0,0,0,0,0,0.0,0.0,0,2026-05,2026-06,0,0,Không đủ dữ liệu,Thấp,
Bệnh mạch máu não khác - Other cerebrovascular diseases,D??i 1 tu?i,2026,6,Mùa mưa,1.2246467991473532e-16,-1.0,0,0,0,0,0,0.0,0.0,0,2026-05,2026-06,0,0,Không đủ dữ liệu,Thấp,
Bệnh mạch máu não khác - Other cerebrovascular diseases,Tr?n 15 tu?i,2026,6,Mùa mưa,1.2246467991473532e-16,-1.0,0,0,0,0,0,0.0,0.0,0,2026-05,2026-06,0,0,Không đủ dữ liệu,Thấp,
Bệnh mạn tính của amidan và của VA - Chronic diseases of tonsils and adenoids,1-5 tu?i,2026,6,Mùa mưa,1.2246467991473532e-16,-1.0,0,0,0,0,0,0.0,0.0,0,2026-05,2026-06,0,0,Không đủ dữ liệu,Thấp,
Bệnh mạn tính của amidan và của VA - Chronic diseases of tonsils and adenoids,11-15 tu?i,2026,6,Mùa mưa,1.2246467991473532e-16,-1.0,0,0,0,0,0,0.0,0.0,0,2026-05,2026-06,0,0,Không đủ dữ liệu,Thấp,
Bệnh mạn tính của amidan và của VA - Chronic diseases of tonsils and adenoids,6-10 tu?i,2026,6,Mùa mưa,1.2246467991473532e-16,-1.0,0,0,0,0,0,0.0,0.0,0,2026-05,2026-06,0,0,Không đủ dữ liệu,Thấp,
Bệnh mạn tính của amidan và của VA - Chronic diseases of tonsils and adenoids,D??i 1 tu?i,2026,6,Mùa mưa,1.2246467991473532e-16,-1.0,0,0,0,0,0,0.0,0.0,0,2026-05,2026-06,0,0,Không đủ dữ liệu,Thấp,
Bệnh mạn tính của amidan và của VA - Chronic diseases of tonsils and adenoids,Tr?n 15 tu?i,2026,6,Mùa mưa,1.2246467991473532e-16,-1.0,0,0,0,0,0,0.0,0.0,0,2026-05,2026-06,0,0,Không đủ dữ liệu,Thấp,
Bệnh nhiễm khuẩn da và mô tế bào dưới da - Infections of skin and subcutaneous tissue,1-5 tu?i,2026,6,Mùa mưa,1.2246467991473532e-16,-1.0,0,0,0,0,0,0.0,0.0,0,2026-05,2026-06,0,0,Không đủ dữ liệu,Thấp,
Bệnh nhiễm khuẩn da và mô tế bào dưới da - Infections of skin and subcutaneous tissue,11-15 tu?i,2026,6,Mùa mưa,1.2246467991473532e-16,-1.0,0,0,0,0,0,0.0,0.0,0,2026-05,2026-06,0,0,Không đủ dữ liệu,Thấp,
Bệnh nhiễm khuẩn da và mô tế bào dưới da - Infections of skin and subcutaneous tissue,6-10 tu?i,2026,6,Mùa mưa,1.2246467991473532e-16,-1.0,0,0,0,0,0,0.0,0.0,0,2026-05,2026-06,0,0,Không đủ dữ liệu,Thấp,
Bệnh nhiễm khuẩn da và mô tế bào dưới da - Infections of skin and subcutaneous tissue,D??i 1 tu?i,2026,6,Mùa mưa,1.2246467991473532e-16,-1.0,0,0,0,0,0,0.0,0.0,0,2026-05,2026-06,0,0,Không đủ dữ liệu,Thấp,
Bệnh nhiễm khuẩn da và mô tế bào dưới da - Infections of skin and subcutaneous tissue,Tr?n 15 tu?i,2026,6,Mùa mưa,1.2246467991473532e-16,-1.0,0,0,0,0,0,0.0,0.0,0,2026-05,2026-06,0,0,Không đủ dữ liệu,Thấp,
Bệnh nhiễm khuẩn và kí sinh vật khác - Other infectious and parasitic diseases,1-5 tu?i,2026,6,Mùa mưa,1.2246467991473532e-16,-1.0,0,0,0,0,0,0.0,0.0,0,2026-05,2026-06,0,0,Không đủ dữ liệu,Thấp,
Bệnh nhiễm khuẩn và kí sinh vật khác - Other infectious and parasitic diseases,11-15 tu?i,2026,6,Mùa mưa,1.2246467991473532e-16,-1.0,0,0,0,0,0,0.0,0.0,0,2026-05,2026-06,0,0,Không đủ dữ liệu,Thấp,
Bệnh nhiễm khuẩn và kí sinh vật khác - Other infectious and parasitic diseases,6-10 tu?i,2026,6,Mùa mưa,1.2246467991473532e-16,-1.0,0,0,0,0,0,0.0,0.0,0,2026-05,2026-06,0,0,Không đủ dữ liệu,Thấp,
Bệnh nhiễm khuẩn và kí sinh vật khác - Other infectious and parasitic diseases,D??i 1 tu?i,2026,6,Mùa mưa,1.2246467991473532e-16,-1.0,0,0,0,0,0,0.0,0.0,0,2026-05,2026-06,0,0,Không đủ dữ liệu,Thấp,
Bệnh nhiễm khuẩn và kí sinh vật khác - Other infectious and parasitic diseases,Kh?ng r?,2026,6,Mùa mưa,1.2246467991473532e-16,-1.0,0,0,0,0,0,0.0,0.0,0,2026-05,2026-06,0,0,Không đủ dữ liệu,Thấp,
Bệnh nhiễm khuẩn và kí sinh vật khác - Other infectious and parasitic diseases,Tr?n 15 tu?i,2026,6,Mùa mưa,1.2246467991473532e-16,-1.0,0,0,0,0,0,0.0,0.0,0,2026-05,2026-06,0,0,Không đủ dữ liệu,Thấp,
Bệnh thoái hoá khớp - Arthrosis,1-5 tu?i,2026,6,Mùa mưa,1.2246467991473532e-16,-1.0,0,0,0,0,0,0.0,0.0,0,2026-05,2026-06,0,0,Không đủ dữ liệu,Thấp,
Bệnh thoái hoá khớp - Arthrosis,11-15 tu?i,2026,6,Mùa mưa,1.2246467991473532e-16,-1.0,0,0,0,0,0,0.0,0.0,0,2026-05,2026-06,0,0,Không đủ dữ liệu,Thấp,
Bệnh thấp tim mãn - Chronic rheumatic disease,1-5 tu?i,2026,6,Mùa mưa,1.2246467991473532e-16,-1.0,0,0,0,0,0,0.0,0.0,0,2026-05,2026-06,0,0,Không đủ dữ liệu,Thấp,
Bệnh thấp tim mãn - Chronic rheumatic disease,11-15 tu?i,2026,6,Mùa mưa,1.2246467991473532e-16,-1.0,0,0,0,0,0,0.0,0.0,0,2026-05,2026-06,0,0,Không đủ dữ liệu,Thấp,
Bệnh thấp tim mãn - Chronic rheumatic disease,6-10 tu?i,2026,6,Mùa mưa,1.2246467991473532e-16,-1.0,0,0,0,0,0,0.0,0.0,0,2026-05,2026-06,0,0,Không đủ dữ liệu,Thấp,
Bệnh thấp tim mãn - Chronic rheumatic disease,D??i 1 tu?i,2026,6,Mùa mưa,1.2246467991473532e-16,-1.0,0,0,0,0,0,0.0,0.0,0,2026-05,2026-06,0,0,Không đủ dữ liệu,Thấp,
Bệnh tim khác - Other heart diseases,1-5 tu?i,2026,6,Mùa mưa,1.2246467991473532e-16,-1.0,0,0,0,0,0,0.0,0.0,0,2026-05,2026-06,0,0,Không đủ dữ liệu,Thấp,
Bệnh tim khác - Other heart diseases,11-15 tu?i,2026,6,Mùa mưa,1.2246467991473532e-16,-1.0,0,0,0,0,0,0.0,0.0,0,2026-05,2026-06,0,0,Không đủ dữ liệu,Thấp,
Bệnh tim khác - Other heart diseases,6-10 tu?i,2026,6,Mùa mưa,1.2246467991473532e-16,-1.0,0,0,0,0,0,0.0,0.0,0,2026-05,2026-06,0,0,Không đủ dữ liệu,Thấp,
Bệnh tim khác - Other heart diseases,D??i 1 tu?i,2026,6,Mùa mưa,1.2246467991473532e-16,-1.0,0,0,0,0,0,0.0,0.0,0,2026-05,2026-06,0,0,Không đủ dữ liệu,Thấp,
Bệnh tim khác - Other heart diseases,Tr?n 15 tu?i,2026,6,Mùa mưa,1.2246467991473532e-16,-1.0,0,0,0,0,0,0.0,0.0,0,2026-05,2026-06,0,0,Không đủ dữ liệu,Thấp,
Bệnh tim thiếu máu cục bộ khác - Other ischaemic heart diseases,11-15 tu?i,2026,6,Mùa mưa,1.2246467991473532e-16,-1.0,0,0,0,0,0,0.0,0.0,0,2026-05,2026-06,0,0,Không đủ dữ liệu,Thấp,
Bệnh tim thiếu máu cục bộ khác - Other ischaemic heart diseases,6-10 tu?i,2026,6,Mùa mưa,1.2246467991473532e-16,-1.0,0,0,0,0,0,0.0,0.0,0,2026-05,2026-06,0,0,Không đủ dữ liệu,Thấp,
Bệnh túi thừa của ruột non - Diverticular disease of intestine,1-5 tu?i,2026,6,Mùa mưa,1.2246467991473532e-16,-1.0,0,0,0,0,0,0.0,0.0,0,2026-05,2026-06,0,0,Không đủ dữ liệu,Thấp,
Bệnh túi thừa của ruột non - Diverticular disease of intestine,11-15 tu?i,2026,6,Mùa mưa,1.2246467991473532e-16,-1.0,0,0,0,0,0,0.0,0.0,0,2026-05,2026-06,0,0,Không đủ dữ liệu,Thấp,
Bệnh túi thừa của ruột non - Diverticular disease of intestine,6-10 tu?i,2026,6,Mùa mưa,1.2246467991473532e-16,-1.0,0,0,0,0,0,0.0,0.0,0,2026-05,2026-06,0,0,Không đủ dữ liệu,Thấp,
Bệnh túi thừa của ruột non - Diverticular disease of intestine,D??i 1 tu?i,2026,6,Mùa mưa,1.2246467991473532e-16,-1.0,0,0,0,0,0,0.0,0.0,0,2026-05,2026-06,0,0,Không đủ dữ liệu,Thấp,
Bệnh tăng huyết áp khác - Other hypertensive diseases,1-5 tu?i,2026,6,Mùa mưa,1.2246467991473532e-16,-1.0,0,0,0,0,0,0.0,0.0,0,2026-05,2026-06,0,0,Không đủ dữ liệu,Thấp,
Bệnh tăng huyết áp khác - Other hypertensive diseases,11-15 tu?i,2026,6,Mùa mưa,1.2246467991473532e-16,-1.0,0,0,0,0,0,0.0,0.0,0,2026-05,2026-06,0,0,Không đủ dữ liệu,Thấp,
Bệnh tăng huyết áp khác - Other hypertensive diseases,6-10 tu?i,2026,6,Mùa mưa,1.2246467991473532e-16,-1.0,0,0,0,0,0,0.0,0.0,0,2026-05,2026-06,0,0,Không đủ dữ liệu,Thấp,
Bệnh virut khác - Other viral diseases,11-15 tu?i,2026,6,Mùa mưa,1.2246467991473532e-16,-1.0,0,1,1,0,1,0.6666666666666666,0.6,-1,2026-05,2026-06,0,0,Không đủ dữ liệu,Thấp,
Bệnh virut khác - Other viral diseases,Tr?n 15 tu?i,2026,6,Mùa mưa,1.2246467991473532e-16,-1.0,0,0,0,0,0,0.0,0.0,0,2026-05,2026-06,0,0,Không đủ dữ liệu,Thấp,
Bệnh ống thận kẽ - Renal tubulo-interstitial diseases,1-5 tu?i,2026,6,Mùa mưa,1.2246467991473532e-16,-1.0,0,0,0,0,0,0.0,0.0,0,2026-05,2026-06,0,0,Không đủ dữ liệu,Thấp,
Bệnh ống thận kẽ - Renal tubulo-interstitial diseases,11-15 tu?i,2026,6,Mùa mưa,1.2246467991473532e-16,-1.0,0,0,0,0,0,0.0,0.0,0,2026-05,2026-06,0,0,Không đủ dữ liệu,Thấp,
Bệnh ống thận kẽ - Renal tubulo-interstitial diseases,6-10 tu?i,2026,6,Mùa mưa,1.2246467991473532e-16,-1.0,0,0,0,0,0,0.0,0.0,0,2026-05,2026-06,0,0,Không đủ dữ liệu,Thấp,
Bệnh ống thận kẽ - Renal tubulo-interstitial diseases,D??i 1 tu?i,2026,6,Mùa mưa,1.2246467991473532e-16,-1.0,0,0,0,0,0,0.0,0.0,0,2026-05,2026-06,0,0,Không đủ dữ liệu,Thấp,
Bệnh ống thận kẽ - Renal tubulo-interstitial diseases,Tr?n 15 tu?i,2026,6,Mùa mưa,1.2246467991473532e-16,-1.0,0,0,0,0,0,0.0,0.0,0,2026-05,2026-06,0,0,Không đủ dữ liệu,Thấp,
Bỏng và sự ăn mòn - Burnss and corrosions,1-5 tu?i,2026,6,Mùa mưa,1.2246467991473532e-16,-1.0,0,0,0,0,0,0.0,0.0,0,2026-05,2026-06,0,0,Không đủ dữ liệu,Thấp,
Bỏng và sự ăn mòn - Burnss and corrosions,11-15 tu?i,2026,6,Mùa mưa,1.2246467991473532e-16,-1.0,0,0,0,0,0,0.0,0.0,0,2026-05,2026-06,0,0,Không đủ dữ liệu,Thấp,
Bỏng và sự ăn mòn - Burnss and corrosions,6-10 tu?i,2026,6,Mùa mưa,1.2246467991473532e-16,-1.0,0,0,0,0,0,0.0,0.0,0,2026-05,2026-06,0,0,Không đủ dữ liệu,Thấp,
Bỏng và sự ăn mòn - Burnss and corrosions,D??i 1 tu?i,2026,6,Mùa mưa,1.2246467991473532e-16,-1.0,0,0,0,0,0,0.0,0.0,0,2026-05,2026-06,0,0,Không đủ dữ liệu,Thấp,
Bỏng và sự ăn mòn - Burnss and corrosions,Tr?n 15 tu?i,2026,6,Mùa mưa,1.2246467991473532e-16,-1.0,0,0,0,0,0,0.0,0.0,0,2026-05,2026-06,0,0,Không đủ dữ liệu,Thấp,
COVID-19 * U07.1 là bệnh nhân COVID-19 có kết quả xét nghiệm SARS-CoV-2 dương tính cập nhật theo hướng dẫn chẩn đoán và điều trị của Bộ Y tế.,1-5 tu?i,2026,6,Mùa mưa,1.2246467991473532e-16,-1.0,0,0,0,0,0,0.0,0.0,0,2026-05,2026-06,0,0,Không đủ dữ liệu,Thấp,
COVID-19 * U07.1 là bệnh nhân COVID-19 có kết quả xét nghiệm SARS-CoV-2 dương tính cập nhật theo hướng dẫn chẩn đoán và điều trị của Bộ Y tế.,11-15 tu?i,2026,6,Mùa mưa,1.2246467991473532e-16,-1.0,0,0,0,0,0,0.0,0.0,0,2026-05,2026-06,0,0,Không đủ dữ liệu,Thấp,
COVID-19 * U07.1 là bệnh nhân COVID-19 có kết quả xét nghiệm SARS-CoV-2 dương tính cập nhật theo hướng dẫn chẩn đoán và điều trị của Bộ Y tế.,Kh?ng r?,2026,6,Mùa mưa,1.2246467991473532e-16,-1.0,0,0,0,0,0,0.0,0.0,0,2026-05,2026-06,0,0,Không đủ dữ liệu,Thấp,
COVID-19 * U07.1 là bệnh nhân COVID-19 có kết quả xét nghiệm SARS-CoV-2 dương tính cập nhật theo hướng dẫn chẩn đoán và điều trị của Bộ Y tế.,Tr?n 15 tu?i,2026,6,Mùa mưa,1.2246467991473532e-16,-1.0,0,0,0,0,0,0.0,0.0,0,2026-05,2026-06,0,0,Không đủ dữ liệu,Thấp,
Chảy máu não - Intracerebral haemorrhage,Tr?n 15 tu?i,2026,6,Mùa mưa,1.2246467991473532e-16,-1.0,0,0,0,0,0,0.0,0.0,0,2026-05,2026-06,0,0,Không đủ dữ liệu,Thấp,
Chấn thương dập nát và cắt cụt đã xác định và nhiều vùng trong cơ thể - Fracture of other lim bones,11-15 tu?i,2026,6,Mùa mưa,1.2246467991473532e-16,-1.0,0,0,0,0,0,0.0,0.0,0,2026-05,2026-06,0,0,Không đủ dữ liệu,Thấp,
Chậm phát triển tâm thần - Mental retardation,11-15 tu?i,2026,6,Mùa mưa,1.2246467991473532e-16,-1.0,0,0,0,0,0,0.0,0.0,0,2026-05,2026-06,0,0,Không đủ dữ liệu,Thấp,
Chậm phát triển tâm thần - Mental retardation,6-10 tu?i,2026,6,Mùa mưa,1.2246467991473532e-16,-1.0,0,0,0,0,0,0.0,0.0,0,2026-05,2026-06,0,0,Không đủ dữ liệu,Thấp,
Chậm phát triển tâm thần - Mental retardation,D??i 1 tu?i,2026,6,Mùa mưa,1.2246467991473532e-16,-1.0,0,0,0,0,0,0.0,0.0,0,2026-05,2026-06,0,0,Không đủ dữ liệu,Thấp,
Các biến chứng khác của chửa đẻ - Other complications pregnancy and delivery,6-10 tu?i,2026,6,Mùa mưa,1.2246467991473532e-16,-1.0,0,0,0,0,0,0.0,0.0,0,2026-05,2026-06,0,0,Không đủ dữ liệu,Thấp,
Các bệnh do vi khuẩn khác - Other bacterial diseases,1-5 tu?i,2026,6,Mùa mưa,1.2246467991473532e-16,-1.0,0,0,0,0,0,0.0,0.0,0,2026-05,2026-06,0,0,Không đủ dữ liệu,Thấp,
Các bệnh do vi khuẩn khác - Other bacterial diseases,11-15 tu?i,2026,6,Mùa mưa,1.2246467991473532e-16,-1.0,0,0,0,0,0,0.0,0.0,0,2026-05,2026-06,0,0,Không đủ dữ liệu,Thấp,
Các bệnh do vi khuẩn khác - Other bacterial diseases,6-10 tu?i,2026,6,Mùa mưa,1.2246467991473532e-16,-1.0,0,0,0,0,0,0.0,0.0,0,2026-05,2026-06,0,0,Không đủ dữ liệu,Thấp,
Các bệnh do vi khuẩn khác - Other bacterial diseases,D??i 1 tu?i,2026,6,Mùa mưa,1.2246467991473532e-16,-1.0,0,0,0,0,0,0.0,0.0,0,2026-05,2026-06,0,0,Không đủ dữ liệu,Thấp,
Các bệnh khác của bộ máy tuần hoàn - Other diseases of the circulatory system,1-5 tu?i,2026,6,Mùa mưa,1.2246467991473532e-16,-1.0,0,0,0,0,0,0.0,0.0,0,2026-05,2026-06,0,0,Không đủ dữ liệu,Thấp,
Các bệnh khác của bộ máy tuần hoàn - Other diseases of the circulatory system,11-15 tu?i,2026,6,Mùa mưa,1.2246467991473532e-16,-1.0,0,0,0,0,0,0.0,0.0,0,2026-05,2026-06,0,0,Không đủ dữ liệu,Thấp,
Các bệnh khác của bộ máy tuần hoàn - Other diseases of the circulatory system,6-10 tu?i,2026,6,Mùa mưa,1.2246467991473532e-16,-1.0,0,0,0,0,0,0.0,0.0,0,2026-05,2026-06,0,0,Không đủ dữ liệu,Thấp,
Các bệnh khác của bộ máy tuần hoàn - Other diseases of the circulatory system,D??i 1 tu?i,2026,6,Mùa mưa,1.2246467991473532e-16,-1.0,0,0,0,0,0,0.0,0.0,0,2026-05,2026-06,0,0,Không đủ dữ liệu,Thấp,
Các bệnh khác của bộ máy tuần hoàn - Other diseases of the circulatory system,Tr?n 15 tu?i,2026,6,Mùa mưa,1.2246467991473532e-16,-1.0,0,0,0,0,0,0.0,0.0,0,2026-05,2026-06,0,0,Không đủ dữ liệu,Thấp,
Các bệnh khác của gan - Other diseases of liver,1-5 tu?i,2026,6,Mùa mưa,1.2246467991473532e-16,-1.0,0,0,0,0,0,0.0,0.0,0,2026-05,2026-06,0,0,Không đủ dữ liệu,Thấp,
Các bệnh khác của gan - Other diseases of liver,11-15 tu?i,2026,6,Mùa mưa,1.2246467991473532e-16,-1.0,0,0,0,0,0,0.0,0.0,0,2026-05,2026-06,0,0,Không đủ dữ liệu,Thấp,
Các bệnh khác của gan - Other diseases of liver,6-10 tu?i,2026,6,Mùa mưa,1.2246467991473532e-16,-1.0,0,0,0,0,0,0.0,0.0,0,2026-05,2026-06,0,0,Không đủ dữ liệu,Thấp,
Các bệnh khác của gan - Other diseases of liver,D??i 1 tu?i,2026,6,Mùa mưa,1.2246467991473532e-16,-1.0,0,0,0,0,0,0.0,0.0,0,2026-05,2026-06,0,0,Không đủ dữ liệu,Thấp,
Các bệnh khác của mắt và phần phụ mắt - Other diseases of the eye and adnexa,1-5 tu?i,2026,6,Mùa mưa,1.2246467991473532e-16,-1.0,0,0,0,0,0,0.0,0.0,0,2026-05,2026-06,0,0,Không đủ dữ liệu,Thấp,
Các bệnh khác của mắt và phần phụ mắt - Other diseases of the eye and adnexa,11-15 tu?i,2026,6,Mùa mưa,1.2246467991473532e-16,-1.0,0,0,0,0,0,0.0,0.0,0,2026-05,2026-06,0,0,Không đủ dữ liệu,Thấp,
Các bệnh khác của mắt và phần phụ mắt - Other diseases of the eye and adnexa,6-10 tu?i,2026,6,Mùa mưa,1.2246467991473532e-16,-1.0,0,0,0,0,0,0.0,0.0,0,2026-05,2026-06,0,0,Không đủ dữ liệu,Thấp,
Các bệnh khác của mắt và phần phụ mắt - Other diseases of the eye and adnexa,D??i 1 tu?i,2026,6,Mùa mưa,1.2246467991473532e-16,-1.0,0,0,0,0,0,0.0,0.0,0,2026-05,2026-06,0,0,Không đủ dữ liệu,Thấp,
Các bệnh khác của mắt và phần phụ mắt - Other diseases of the eye and adnexa,Tr?n 15 tu?i,2026,6,Mùa mưa,1.2246467991473532e-16,-1.0,0,0,0,0,0,0.0,0.0,0,2026-05,2026-06,0,0,Không đủ dữ liệu,Thấp,
Các bệnh nhiễm khuẩn ruột khác - Other intestinal infectious diseases,11-15 tu?i,2026,6,Mùa mưa,1.2246467991473532e-16,-1.0,0,0,0,1,0,0.0,0.2,0,2026-05,2026-06,0,0,Không đủ dữ liệu,Thấp,
Các bệnh nhiễm khuẩn ruột khác - Other intestinal infectious diseases,D??i 1 tu?i,2026,6,Mùa mưa,1.2246467991473532e-16,-1.0,1,0,1,0,1,0.6666666666666666,0.6,1,2026-05,2026-06,1,0,Giảm mạnh,Thấp,-100.0
Các bệnh nhiễm khuẩn ruột khác - Other intestinal infectious diseases,Kh?ng r?,2026,6,Mùa mưa,1.2246467991473532e-16,-1.0,0,0,0,0,0,0.0,0.0,0,2026-05,2026-06,0,0,Không đủ dữ liệu,Thấp,
Các bệnh nhiễm khuẩn ruột khác - Other intestinal infectious diseases,Tr?n 15 tu?i,2026,6,Mùa mưa,1.2246467991473532e-16,-1.0,0,0,0,0,0,0.0,0.0,0,2026-05,2026-06,0,0,Không đủ dữ liệu,Thấp,
Các bệnh viêm phổi - Pneumonia,Kh?ng r?,2026,6,Mùa mưa,1.2246467991473532e-16,-1.0,0,0,0,0,0,0.0,0.0,0,2026-05,2026-06,0,0,Không đủ dữ liệu,Thấp,
Các bệnh viêm phổi - Pneumonia,Tr?n 15 tu?i,2026,6,Mùa mưa,1.2246467991473532e-16,-1.0,0,0,0,0,0,0.0,0.0,0,2026-05,2026-06,0,0,Không đủ dữ liệu,Thấp,
Các chấn thương sản khoa - Birth trauma,D??i 1 tu?i,2026,6,Mùa mưa,1.2246467991473532e-16,-1.0,0,0,0,0,0,0.0,0.0,0,2026-05,2026-06,0,0,Không đủ dữ liệu,Thấp,
Các dạng lao khác - Other tuberculosis,1-5 tu?i,2026,6,Mùa mưa,1.2246467991473532e-16,-1.0,0,0,0,0,0,0.0,0.0,0,2026-05,2026-06,0,0,Không đủ dữ liệu,Thấp,
Các dạng lao khác - Other tuberculosis,11-15 tu?i,2026,6,Mùa mưa,1.2246467991473532e-16,-1.0,0,0,0,0,0,0.0,0.0,0,2026-05,2026-06,0,0,Không đủ dữ liệu,Thấp,
Các dạng lao khác - Other tuberculosis,6-10 tu?i,2026,6,Mùa mưa,1.2246467991473532e-16,-1.0,0,0,0,0,0,0.0,0.0,0,2026-05,2026-06,0,0,Không đủ dữ liệu,Thấp,
Các dạng lao khác - Other tuberculosis,D??i 1 tu?i,2026,6,Mùa mưa,1.2246467991473532e-16,-1.0,0,0,0,0,0,0.0,0.0,0,2026-05,2026-06,0,0,Không đủ dữ liệu,Thấp,
Các dạng lao khác - Other tuberculosis,Tr?n 15 tu?i,2026,6,Mùa mưa,1.2246467991473532e-16,-1.0,0,0,0,0,0,0.0,0.0,0,2026-05,2026-06,0,0,Không đủ dữ liệu,Thấp,
Các dạng uốn ván khác - Other tetanus,1-5 tu?i,2026,6,Mùa mưa,1.2246467991473532e-16,-1.0,0,0,0,0,0,0.0,0.0,0,2026-05,2026-06,0,0,Không đủ dữ liệu,Thấp,
Các dạng uốn ván khác - Other tetanus,6-10 tu?i,2026,6,Mùa mưa,1.2246467991473532e-16,-1.0,0,0,0,0,0,0.0,0.0,0,2026-05,2026-06,0,0,Không đủ dữ liệu,Thấp,
Các dạng uốn ván khác - Other tetanus,D??i 1 tu?i,2026,6,Mùa mưa,1.2246467991473532e-16,-1.0,0,0,0,0,0,0.0,0.0,0,2026-05,2026-06,0,0,Không đủ dữ liệu,Thấp,
Các nhiễm khuẩn do sán lá - Other fluke infections,11-15 tu?i,2026,6,Mùa mưa,1.2246467991473532e-16,-1.0,0,0,0,0,0,0.0,0.0,0,2026-05,2026-06,0,0,Không đủ dữ liệu,Thấp,
Các thoát vị khác - Other hernia,1-5 tu?i,2026,6,Mùa mưa,1.2246467991473532e-16,-1.0,0,0,0,0,0,0.0,0.0,0,2026-05,2026-06,0,0,Không đủ dữ liệu,Thấp,
Các thoát vị khác - Other hernia,11-15 tu?i,2026,6,Mùa mưa,1.2246467991473532e-16,-1.0,0,0,0,0,0,0.0,0.0,0,2026-05,2026-06,0,0,Không đủ dữ liệu,Thấp,
Các thoát vị khác - Other hernia,6-10 tu?i,2026,6,Mùa mưa,1.2246467991473532e-16,-1.0,0,0,0,0,0,0.0,0.0,0,2026-05,2026-06,0,0,Không đủ dữ liệu,Thấp,
Các thoát vị khác - Other hernia,D??i 1 tu?i,2026,6,Mùa mưa,1.2246467991473532e-16,-1.0,0,0,0,0,0,0.0,0.0,0,2026-05,2026-06,0,0,Không đủ dữ liệu,Thấp,
Các thoát vị khác - Other hernia,Tr?n 15 tu?i,2026,6,Mùa mưa,1.2246467991473532e-16,-1.0,0,0,0,0,0,0.0,0.0,0,2026-05,2026-06,0,0,Không đủ dữ liệu,Thấp,
"Các triệu chứng, dấu hiệu và kết quả bất thường về khám lâm sàng và xét nghiệm khác, chưa xếp ở chỗ khác - Other symptoms, signs and abnormal clinical and laboratory findings, not elsewhere classified",1-5 tu?i,2026,6,Mùa mưa,1.2246467991473532e-16,-1.0,0,0,0,0,0,0.0,0.0,0,2026-05,2026-06,0,0,Không đủ dữ liệu,Thấp,
"Các triệu chứng, dấu hiệu và kết quả bất thường về khám lâm sàng và xét nghiệm khác, chưa xếp ở chỗ khác - Other symptoms, signs and abnormal clinical and laboratory findings, not elsewhere classified",11-15 tu?i,2026,6,Mùa mưa,1.2246467991473532e-16,-1.0,0,0,0,0,0,0.0,0.0,0,2026-05,2026-06,0,0,Không đủ dữ liệu,Thấp,
"Các triệu chứng, dấu hiệu và kết quả bất thường về khám lâm sàng và xét nghiệm khác, chưa xếp ở chỗ khác - Other symptoms, signs and abnormal clinical and laboratory findings, not elsewhere classified",6-10 tu?i,2026,6,Mùa mưa,1.2246467991473532e-16,-1.0,0,0,0,0,0,0.0,0.0,0,2026-05,2026-06,0,0,Không đủ dữ liệu,Thấp,
"Các triệu chứng, dấu hiệu và kết quả bất thường về khám lâm sàng và xét nghiệm khác, chưa xếp ở chỗ khác - Other symptoms, signs and abnormal clinical and laboratory findings, not elsewhere classified",D??i 1 tu?i,2026,6,Mùa mưa,1.2246467991473532e-16,-1.0,0,0,0,0,0,0.0,0.0,0,2026-05,2026-06,0,0,Không đủ dữ liệu,Thấp,
"Các triệu chứng, dấu hiệu và kết quả bất thường về khám lâm sàng và xét nghiệm khác, chưa xếp ở chỗ khác - Other symptoms, signs and abnormal clinical and laboratory findings, not elsewhere classified",Kh?ng r?,2026,6,Mùa mưa,1.2246467991473532e-16,-1.0,0,0,0,0,0,0.0,0.0,0,2026-05,2026-06,0,0,Không đủ dữ liệu,Thấp,
"Các triệu chứng, dấu hiệu và kết quả bất thường về khám lâm sàng và xét nghiệm khác, chưa xếp ở chỗ khác - Other symptoms, signs and abnormal clinical and laboratory findings, not elsewhere classified",Tr?n 15 tu?i,2026,6,Mùa mưa,1.2246467991473532e-16,-1.0,0,0,0,0,0,0.0,0.0,0,2026-05,2026-06,0,0,Không đủ dữ liệu,Thấp,
Các tổn thương hô hấp đặc hiệu khác của thời kỳ chu sinh - Other respiratory disorders originating in the perinatal period,1-5 tu?i,2026,6,Mùa mưa,1.2246467991473532e-16,-1.0,0,0,0,0,0,0.0,0.0,0,2026-05,2026-06,0,0,Không đủ dữ liệu,Thấp,
Các tổn thương hô hấp đặc hiệu khác của thời kỳ chu sinh - Other respiratory disorders originating in the perinatal period,D??i 1 tu?i,2026,6,Mùa mưa,1.2246467991473532e-16,-1.0,0,0,0,0,0,0.0,0.0,0,2026-05,2026-06,0,0,Không đủ dữ liệu,Thấp,
"Các tổn thương khác do chấn thương xác định và ở nhiều nơi - Other injuries of specified, unspecified and multiple body regions",1-5 tu?i,2026,6,Mùa mưa,1.2246467991473532e-16,-1.0,0,0,0,0,0,0.0,0.0,0,2026-05,2026-06,0,0,Không đủ dữ liệu,Thấp,
"Các tổn thương khác do chấn thương xác định và ở nhiều nơi - Other injuries of specified, unspecified and multiple body regions",11-15 tu?i,2026,6,Mùa mưa,1.2246467991473532e-16,-1.0,0,0,0,0,0,0.0,0.0,0,2026-05,2026-06,0,0,Không đủ dữ liệu,Thấp,
"Các tổn thương khác do chấn thương xác định và ở nhiều nơi - Other injuries of specified, unspecified and multiple body regions",6-10 tu?i,2026,6,Mùa mưa,1.2246467991473532e-16,-1.0,0,0,0,0,0,0.0,0.0,0,2026-05,2026-06,0,0,Không đủ dữ liệu,Thấp,
"Các tổn thương khác do chấn thương xác định và ở nhiều nơi - Other injuries of specified, unspecified and multiple body regions",D??i 1 tu?i,2026,6,Mùa mưa,1.2246467991473532e-16,-1.0,0,0,0,0,0,0.0,0.0,0,2026-05,2026-06,0,0,Không đủ dữ liệu,Thấp,
"Các tổn thương khác do chấn thương xác định và ở nhiều nơi - Other injuries of specified, unspecified and multiple body regions",Tr?n 15 tu?i,2026,6,Mùa mưa,1.2246467991473532e-16,-1.0,0,0,0,0,0,0.0,0.0,0,2026-05,2026-06,0,0,Không đủ dữ liệu,Thấp,
Các u khác cơ quan hô hấp và lồng ngực - Other malignant neplasm of respiratory and intrathoracic,1-5 tu?i,2026,6,Mùa mưa,1.2246467991473532e-16,-1.0,0,0,0,0,0,0.0,0.0,0,2026-05,2026-06,0,0,Không đủ dữ liệu,Thấp,
Các u khác cơ quan hô hấp và lồng ngực - Other malignant neplasm of respiratory and intrathoracic,11-15 tu?i,2026,6,Mùa mưa,1.2246467991473532e-16,-1.0,0,0,0,0,0,0.0,0.0,0,2026-05,2026-06,0,0,Không đủ dữ liệu,Thấp,
Các u khác cơ quan hô hấp và lồng ngực - Other malignant neplasm of respiratory and intrathoracic,6-10 tu?i,2026,6,Mùa mưa,1.2246467991473532e-16,-1.0,0,0,0,0,0,0.0,0.0,0,2026-05,2026-06,0,0,Không đủ dữ liệu,Thấp,
Các u khác cơ quan hô hấp và lồng ngực - Other malignant neplasm of respiratory and intrathoracic,D??i 1 tu?i,2026,6,Mùa mưa,1.2246467991473532e-16,-1.0,0,0,0,0,0,0.0,0.0,0,2026-05,2026-06,0,0,Không đủ dữ liệu,Thấp,
Các u khác cơ quan hô hấp và lồng ngực - Other malignant neplasm of respiratory and intrathoracic,Tr?n 15 tu?i,2026,6,Mùa mưa,1.2246467991473532e-16,-1.0,0,0,0,0,0,0.0,0.0,0,2026-05,2026-06,0,0,Không đủ dữ liệu,Thấp,
Các u khác cơ quan tiêu hoá - Other malignant neoplasms of digestive organs,11-15 tu?i,2026,6,Mùa mưa,1.2246467991473532e-16,-1.0,0,0,0,0,0,0.0,0.0,0,2026-05,2026-06,0,0,Không đủ dữ liệu,Thấp,
Các u khác cơ quan tiêu hoá - Other malignant neoplasms of digestive organs,6-10 tu?i,2026,6,Mùa mưa,1.2246467991473532e-16,-1.0,0,0,0,0,0,0.0,0.0,0,2026-05,2026-06,0,0,Không đủ dữ liệu,Thấp,
Cơn thiếu máu não thoáng qua và các hội chứng tương tự - Transient cerebral ischaemic attacks and related syndromes,11-15 tu?i,2026,6,Mùa mưa,1.2246467991473532e-16,-1.0,0,0,0,0,0,0.0,0.0,0,2026-05,2026-06,0,0,Không đủ dữ liệu,Thấp,
Cơn thiếu máu não thoáng qua và các hội chứng tương tự - Transient cerebral ischaemic attacks and related syndromes,6-10 tu?i,2026,6,Mùa mưa,1.2246467991473532e-16,-1.0,0,0,0,0,0,0.0,0.0,0,2026-05,2026-06,0,0,Không đủ dữ liệu,Thấp,
"Di chứng, thương tổn do chấn thương, do ngộ độc và hậu quả khác do nguyên nhân bên ngoài - Sequalae of injuries, of poisoning and of other consequences of external causes",1-5 tu?i,2026,6,Mùa mưa,1.2246467991473532e-16,-1.0,0,0,0,0,0,0.0,0.0,0,2026-05,2026-06,0,0,Không đủ dữ liệu,Thấp,
"Di chứng, thương tổn do chấn thương, do ngộ độc và hậu quả khác do nguyên nhân bên ngoài - Sequalae of injuries, of poisoning and of other consequences of external causes",11-15 tu?i,2026,6,Mùa mưa,1.2246467991473532e-16,-1.0,0,0,0,0,0,0.0,0.0,0,2026-05,2026-06,0,0,Không đủ dữ liệu,Thấp,
"Di chứng, thương tổn do chấn thương, do ngộ độc và hậu quả khác do nguyên nhân bên ngoài - Sequalae of injuries, of poisoning and of other consequences of external causes",6-10 tu?i,2026,6,Mùa mưa,1.2246467991473532e-16,-1.0,0,0,0,0,0,0.0,0.0,0,2026-05,2026-06,0,0,Không đủ dữ liệu,Thấp,
"Di chứng, thương tổn do chấn thương, do ngộ độc và hậu quả khác do nguyên nhân bên ngoài - Sequalae of injuries, of poisoning and of other consequences of external causes",D??i 1 tu?i,2026,6,Mùa mưa,1.2246467991473532e-16,-1.0,0,0,0,0,0,0.0,0.0,0,2026-05,2026-06,0,0,Không đủ dữ liệu,Thấp,
Di tật về mật độ và cấu trúc của xương - Disorders of bone density and structure,1-5 tu?i,2026,6,Mùa mưa,1.2246467991473532e-16,-1.0,0,0,0,0,0,0.0,0.0,0,2026-05,2026-06,0,0,Không đủ dữ liệu,Thấp,
Di tật về mật độ và cấu trúc của xương - Disorders of bone density and structure,11-15 tu?i,2026,6,Mùa mưa,1.2246467991473532e-16,-1.0,0,0,0,0,0,0.0,0.0,0,2026-05,2026-06,0,0,Không đủ dữ liệu,Thấp,
Di tật về mật độ và cấu trúc của xương - Disorders of bone density and structure,6-10 tu?i,2026,6,Mùa mưa,1.2246467991473532e-16,-1.0,0,0,0,0,0,0.0,0.0,0,2026-05,2026-06,0,0,Không đủ dữ liệu,Thấp,
Di tật về mật độ và cấu trúc của xương - Disorders of bone density and structure,D??i 1 tu?i,2026,6,Mùa mưa,1.2246467991473532e-16,-1.0,0,0,0,0,0,0.0,0.0,0,2026-05,2026-06,0,0,Không đủ dữ liệu,Thấp,
Di tật về mật độ và cấu trúc của xương - Disorders of bone density and structure,Tr?n 15 tu?i,2026,6,Mùa mưa,1.2246467991473532e-16,-1.0,0,0,0,0,0,0.0,0.0,0,2026-05,2026-06,0,0,Không đủ dữ liệu,Thấp,
Dị dạng bẩm sinh của bộ máy sinh dục tiết niệu - Congenital malformations of genital organs,1-5 tu?i,2026,6,Mùa mưa,1.2246467991473532e-16,-1.0,0,0,0,0,0,0.0,0.0,0,2026-05,2026-06,0,0,Không đủ dữ liệu,Thấp,
Dị dạng bẩm sinh của bộ máy sinh dục tiết niệu - Congenital malformations of genital organs,11-15 tu?i,2026,6,Mùa mưa,1.2246467991473532e-16,-1.0,0,0,0,0,0,0.0,0.0,0,2026-05,2026-06,0,0,Không đủ dữ liệu,Thấp,
Dị dạng bẩm sinh của bộ máy sinh dục tiết niệu - Congenital malformations of genital organs,6-10 tu?i,2026,6,Mùa mưa,1.2246467991473532e-16,-1.0,0,0,0,0,0,0.0,0.0,0,2026-05,2026-06,0,0,Không đủ dữ liệu,Thấp,
Dị dạng bẩm sinh của bộ máy sinh dục tiết niệu - Congenital malformations of genital organs,D??i 1 tu?i,2026,6,Mùa mưa,1.2246467991473532e-16,-1.0,0,0,0,0,0,0.0,0.0,0,2026-05,2026-06,0,0,Không đủ dữ liệu,Thấp,
Dị dạng bẩm sinh của bộ máy sinh dục tiết niệu - Congenital malformations of genital organs,Tr?n 15 tu?i,2026,6,Mùa mưa,1.2246467991473532e-16,-1.0,0,0,0,0,0,0.0,0.0,0,2026-05,2026-06,0,0,Không đủ dữ liệu,Thấp,
Dị dạng bẩm sinh hông - Congenital deformities of hip,1-5 tu?i,2026,6,Mùa mưa,1.2246467991473532e-16,-1.0,0,0,0,0,0,0.0,0.0,0,2026-05,2026-06,0,0,Không đủ dữ liệu,Thấp,
Dị dạng bẩm sinh hông - Congenital deformities of hip,11-15 tu?i,2026,6,Mùa mưa,1.2246467991473532e-16,-1.0,0,0,0,0,0,0.0,0.0,0,2026-05,2026-06,0,0,Không đủ dữ liệu,Thấp,
Dị dạng bẩm sinh hông - Congenital deformities of hip,6-10 tu?i,2026,6,Mùa mưa,1.2246467991473532e-16,-1.0,0,0,0,0,0,0.0,0.0,0,2026-05,2026-06,0,0,Không đủ dữ liệu,Thấp,
Dị dạng bẩm sinh khác - Other congenital malformations,1-5 tu?i,2026,6,Mùa mưa,1.2246467991473532e-16,-1.0,0,0,0,0,0,0.0,0.0,0,2026-05,2026-06,0,0,Không đủ dữ liệu,Thấp,
Dị dạng bẩm sinh khác - Other congenital malformations,11-15 tu?i,2026,6,Mùa mưa,1.2246467991473532e-16,-1.0,0,0,0,0,0,0.0,0.0,0,2026-05,2026-06,0,0,Không đủ dữ liệu,Thấp,
Dị dạng bẩm sinh khác - Other congenital malformations,6-10 tu?i,2026,6,Mùa mưa,1.2246467991473532e-16,-1.0,0,0,0,0,0,0.0,0.0,0,2026-05,2026-06,0,0,Không đủ dữ liệu,Thấp,
Dị dạng bẩm sinh khác - Other congenital malformations,D??i 1 tu?i,2026,6,Mùa mưa,1.2246467991473532e-16,-1.0,0,0,0,0,0,0.0,0.0,0,2026-05,2026-06,0,0,Không đủ dữ liệu,Thấp,
Dị dạng bẩm sinh khác - Other congenital malformations,Tr?n 15 tu?i,2026,6,Mùa mưa,1.2246467991473532e-16,-1.0,0,0,0,0,0,0.0,0.0,0,2026-05,2026-06,0,0,Không đủ dữ liệu,Thấp,
"Dị thường nhiễm sắc thể, chưa xếp ở chỗ khác - Chromosomal abnormalities, not elsewhere sclassified",1-5 tu?i,2026,6,Mùa mưa,1.2246467991473532e-16,-1.0,0,0,0,0,0,0.0,0.0,0,2026-05,2026-06,0,0,Không đủ dữ liệu,Thấp,
"Dị thường nhiễm sắc thể, chưa xếp ở chỗ khác - Chromosomal abnormalities, not elsewhere sclassified",11-15 tu?i,2026,6,Mùa mưa,1.2246467991473532e-16,-1.0,0,0,0,0,0,0.0,0.0,0,2026-05,2026-06,0,0,Không đủ dữ liệu,Thấp,
"Dị thường nhiễm sắc thể, chưa xếp ở chỗ khác - Chromosomal abnormalities, not elsewhere sclassified",6-10 tu?i,2026,6,Mùa mưa,1.2246467991473532e-16,-1.0,0,0,0,0,0,0.0,0.0,0,2026-05,2026-06,0,0,Không đủ dữ liệu,Thấp,
"Dị thường nhiễm sắc thể, chưa xếp ở chỗ khác - Chromosomal abnormalities, not elsewhere sclassified",D??i 1 tu?i,2026,6,Mùa mưa,1.2246467991473532e-16,-1.0,0,0,0,0,0,0.0,0.0,0,2026-05,2026-06,0,0,Không đủ dữ liệu,Thấp,
"Dị thường nhiễm sắc thể, chưa xếp ở chỗ khác - Chromosomal abnormalities, not elsewhere sclassified",Tr?n 15 tu?i,2026,6,Mùa mưa,1.2246467991473532e-16,-1.0,0,0,0,0,0,0.0,0.0,0,2026-05,2026-06,0,0,Không đủ dữ liệu,Thấp,
Dị tật bẩm sinh khác của bộ máy sinh dục tiết niệu - Other malformations of the genitourinary system,1-5 tu?i,2026,6,Mùa mưa,1.2246467991473532e-16,-1.0,0,0,0,0,0,0.0,0.0,0,2026-05,2026-06,0,0,Không đủ dữ liệu,Thấp,
Dị tật bẩm sinh khác của bộ máy sinh dục tiết niệu - Other malformations of the genitourinary system,11-15 tu?i,2026,6,Mùa mưa,1.2246467991473532e-16,-1.0,0,0,0,0,0,0.0,0.0,0,2026-05,2026-06,0,0,Không đủ dữ liệu,Thấp,
Dị tật bẩm sinh khác của bộ máy sinh dục tiết niệu - Other malformations of the genitourinary system,6-10 tu?i,2026,6,Mùa mưa,1.2246467991473532e-16,-1.0,0,0,0,0,0,0.0,0.0,0,2026-05,2026-06,0,0,Không đủ dữ liệu,Thấp,
Dị tật bẩm sinh khác của bộ máy sinh dục tiết niệu - Other malformations of the genitourinary system,D??i 1 tu?i,2026,6,Mùa mưa,1.2246467991473532e-16,-1.0,0,0,0,0,0,0.0,0.0,0,2026-05,2026-06,0,0,Không đủ dữ liệu,Thấp,
Dị tật bẩm sinh khác của bộ máy sinh dục tiết niệu - Other malformations of the genitourinary system,Tr?n 15 tu?i,2026,6,Mùa mưa,1.2246467991473532e-16,-1.0,0,0,0,0,0,0.0,0.0,0,2026-05,2026-06,0,0,Không đủ dữ liệu,Thấp,
Dị tật bẩm sinh khác của hệ thần kinh - Other congenital malforma,1-5 tu?i,2026,6,Mùa mưa,1.2246467991473532e-16,-1.0,0,0,0,0,0,0.0,0.0,0,2026-05,2026-06,0,0,Không đủ dữ liệu,Thấp,
Dị tật bẩm sinh khác của hệ thần kinh - Other congenital malforma,11-15 tu?i,2026,6,Mùa mưa,1.2246467991473532e-16,-1.0,0,0,0,0,0,0.0,0.0,0,2026-05,2026-06,0,0,Không đủ dữ liệu,Thấp,
Dị tật bẩm sinh khác của hệ thần kinh - Other congenital malforma,6-10 tu?i,2026,6,Mùa mưa,1.2246467991473532e-16,-1.0,0,0,0,0,0,0.0,0.0,0,2026-05,2026-06,0,0,Không đủ dữ liệu,Thấp,
Dị tật bẩm sinh khác của hệ thần kinh - Other congenital malforma,D??i 1 tu?i,2026,6,Mùa mưa,1.2246467991473532e-16,-1.0,0,0,0,0,0,0.0,0.0,0,2026-05,2026-06,0,0,Không đủ dữ liệu,Thấp,
Dị tật bẩm sinh khác của hệ thần kinh - Other congenital malforma,Tr?n 15 tu?i,2026,6,Mùa mưa,1.2246467991473532e-16,-1.0,0,0,0,0,0,0.0,0.0,0,2026-05,2026-06,0,0,Không đủ dữ liệu,Thấp,
Dịch hạch - Plague,11-15 tu?i,2026,6,Mùa mưa,1.2246467991473532e-16,-1.0,0,0,0,0,0,0.0,0.0,0,2026-05,2026-06,0,0,Không đủ dữ liệu,Thấp,
Gai đôi cột sống - Spina bifida,1-5 tu?i,2026,6,Mùa mưa,1.2246467991473532e-16,-1.0,0,0,0,0,0,0.0,0.0,0,2026-05,2026-06,0,0,Không đủ dữ liệu,Thấp,
Gai đôi cột sống - Spina bifida,6-10 tu?i,2026,6,Mùa mưa,1.2246467991473532e-16,-1.0,0,0,0,0,0,0.0,0.0,0,2026-05,2026-06,0,0,Không đủ dữ liệu,Thấp,
Gai đôi cột sống - Spina bifida,D??i 1 tu?i,2026,6,Mùa mưa,1.2246467991473532e-16,-1.0,0,0,0,0,0,0.0,0.0,0,2026-05,2026-06,0,0,Không đủ dữ liệu,Thấp,
Giang mai bẩm sinh - Congenital syphilis,1-5 tu?i,2026,6,Mùa mưa,1.2246467991473532e-16,-1.0,0,0,0,0,0,0.0,0.0,0,2026-05,2026-06,0,0,Không đủ dữ liệu,Thấp,
Giang mai bẩm sinh - Congenital syphilis,11-15 tu?i,2026,6,Mùa mưa,1.2246467991473532e-16,-1.0,0,0,0,0,0,0.0,0.0,0,2026-05,2026-06,0,0,Không đủ dữ liệu,Thấp,
Giang mai bẩm sinh - Congenital syphilis,6-10 tu?i,2026,6,Mùa mưa,1.2246467991473532e-16,-1.0,0,0,0,0,0,0.0,0.0,0,2026-05,2026-06,0,0,Không đủ dữ liệu,Thấp,
Giang mai bẩm sinh - Congenital syphilis,D??i 1 tu?i,2026,6,Mùa mưa,1.2246467991473532e-16,-1.0,0,0,0,0,0,0.0,0.0,0,2026-05,2026-06,0,0,Không đủ dữ liệu,Thấp,
Giang mai bẩm sinh - Congenital syphilis,Tr?n 15 tu?i,2026,6,Mùa mưa,1.2246467991473532e-16,-1.0,0,0,0,0,0,0.0,0.0,0,2026-05,2026-06,0,0,Không đủ dữ liệu,Thấp,
"Giang mai sớm (Giang mai I, II và kín) - Early syphilis",1-5 tu?i,2026,6,Mùa mưa,1.2246467991473532e-16,-1.0,0,0,0,0,0,0.0,0.0,0,2026-05,2026-06,0,0,Không đủ dữ liệu,Thấp,
"Giang mai sớm (Giang mai I, II và kín) - Early syphilis",D??i 1 tu?i,2026,6,Mùa mưa,1.2246467991473532e-16,-1.0,0,0,0,0,0,0.0,0.0,0,2026-05,2026-06,0,0,Không đủ dữ liệu,Thấp,
Glôcôm - Glaucoma,D??i 1 tu?i,2026,6,Mùa mưa,1.2246467991473532e-16,-1.0,0,0,0,0,0,0.0,0.0,0,2026-05,2026-06,0,0,Không đủ dữ liệu,Thấp,
Gãy các phần khác của chi do lao động và giao thông - Fracture of other lim bones,Tr?n 15 tu?i,2026,6,Mùa mưa,1.2246467991473532e-16,-1.0,0,0,0,0,0,0.0,0.0,0,2026-05,2026-06,0,0,Không đủ dữ liệu,Thấp,
"Gãy xương cổ, ngực, khung chậu - Fracture of neck, thorax or pelvis.",1-5 tu?i,2026,6,Mùa mưa,1.2246467991473532e-16,-1.0,0,0,0,0,0,0.0,0.0,0,2026-05,2026-06,0,0,Không đủ dữ liệu,Thấp,
"Gãy xương cổ, ngực, khung chậu - Fracture of neck, thorax or pelvis.",11-15 tu?i,2026,6,Mùa mưa,1.2246467991473532e-16,-1.0,0,0,0,0,0,0.0,0.0,0,2026-05,2026-06,0,0,Không đủ dữ liệu,Thấp,
Gãy xương đùi - Fracture of femur,1-5 tu?i,2026,6,Mùa mưa,1.2246467991473532e-16,-1.0,0,0,0,0,0,0.0,0.0,0,2026-05,2026-06,0,0,Không đủ dữ liệu,Thấp,
Gãy xương đùi - Fracture of femur,11-15 tu?i,2026,6,Mùa mưa,1.2246467991473532e-16,-1.0,0,0,0,0,0,0.0,0.0,0,2026-05,2026-06,0,0,Không đủ dữ liệu,Thấp,
Gãy xương đùi - Fracture of femur,6-10 tu?i,2026,6,Mùa mưa,1.2246467991473532e-16,-1.0,0,0,0,0,0,0.0,0.0,0,2026-05,2026-06,0,0,Không đủ dữ liệu,Thấp,
Gãy xương đùi - Fracture of femur,D??i 1 tu?i,2026,6,Mùa mưa,1.2246467991473532e-16,-1.0,0,0,0,0,0,0.0,0.0,0,2026-05,2026-06,0,0,Không đủ dữ liệu,Thấp,
Gãy xương đùi - Fracture of femur,Tr?n 15 tu?i,2026,6,Mùa mưa,1.2246467991473532e-16,-1.0,0,0,0,0,0,0.0,0.0,0,2026-05,2026-06,0,0,Không đủ dữ liệu,Thấp,
Hen - Asthma,Tr?n 15 tu?i,2026,6,Mùa mưa,1.2246467991473532e-16,-1.0,0,0,0,0,0,0.0,0.0,0,2026-05,2026-06,0,0,Không đủ dữ liệu,Thấp,
Ho gà - Whooping cough,1-5 tu?i,2026,6,Mùa mưa,1.2246467991473532e-16,-1.0,0,0,0,0,0,0.0,0.0,0,2026-05,2026-06,0,0,Không đủ dữ liệu,Thấp,
Ho gà - Whooping cough,6-10 tu?i,2026,6,Mùa mưa,1.2246467991473532e-16,-1.0,0,0,0,0,0,0.0,0.0,0,2026-05,2026-06,0,0,Không đủ dữ liệu,Thấp,
Ho gà - Whooping cough,D??i 1 tu?i,2026,6,Mùa mưa,1.2246467991473532e-16,-1.0,0,0,0,0,0,0.0,0.0,0,2026-05,2026-06,0,0,Không đủ dữ liệu,Thấp,
Hậu quả của các nguyên nhân bên ngoài khác và không xác định - Other and unspecified effects of external causes,11-15 tu?i,2026,6,Mùa mưa,1.2246467991473532e-16,-1.0,0,0,0,0,1,0.0,0.2,0,2026-05,2026-06,0,0,Không đủ dữ liệu,Thấp,
Hậu quả của các nguyên nhân bên ngoài khác và không xác định - Other and unspecified effects of external causes,Tr?n 15 tu?i,2026,6,Mùa mưa,1.2246467991473532e-16,-1.0,0,0,0,0,0,0.0,0.0,0,2026-05,2026-06,0,0,Không đủ dữ liệu,Thấp,
Hậu quả do dị vật vào hốc tự nhiên - Effects of foreign body entert hrough natural orifice,1-5 tu?i,2026,6,Mùa mưa,1.2246467991473532e-16,-1.0,0,0,0,0,0,0.0,0.0,0,2026-05,2026-06,0,0,Không đủ dữ liệu,Thấp,
Hậu quả do dị vật vào hốc tự nhiên - Effects of foreign body entert hrough natural orifice,11-15 tu?i,2026,6,Mùa mưa,1.2246467991473532e-16,-1.0,0,0,0,0,0,0.0,0.0,0,2026-05,2026-06,0,0,Không đủ dữ liệu,Thấp,
Hậu quả do dị vật vào hốc tự nhiên - Effects of foreign body entert hrough natural orifice,6-10 tu?i,2026,6,Mùa mưa,1.2246467991473532e-16,-1.0,0,0,0,0,0,0.0,0.0,0,2026-05,2026-06,0,0,Không đủ dữ liệu,Thấp,
Hậu quả do dị vật vào hốc tự nhiên - Effects of foreign body entert hrough natural orifice,D??i 1 tu?i,2026,6,Mùa mưa,1.2246467991473532e-16,-1.0,0,0,0,0,0,0.0,0.0,0,2026-05,2026-06,0,0,Không đủ dữ liệu,Thấp,
Hội chứng viêm thận cấp và tiến triển nhanh - Acute and rapidly prograssive nephritis syndromes,1-5 tu?i,2026,6,Mùa mưa,1.2246467991473532e-16,-1.0,0,0,0,0,0,0.0,0.0,0,2026-05,2026-06,0,0,Không đủ dữ liệu,Thấp,
Hội chứng viêm thận cấp và tiến triển nhanh - Acute and rapidly prograssive nephritis syndromes,11-15 tu?i,2026,6,Mùa mưa,1.2246467991473532e-16,-1.0,0,0,0,0,0,0.0,0.0,0,2026-05,2026-06,0,0,Không đủ dữ liệu,Thấp,
Hội chứng viêm thận cấp và tiến triển nhanh - Acute and rapidly prograssive nephritis syndromes,6-10 tu?i,2026,6,Mùa mưa,1.2246467991473532e-16,-1.0,0,0,0,0,0,0.0,0.0,0,2026-05,2026-06,0,0,Không đủ dữ liệu,Thấp,
Hội chứng viêm thận cấp và tiến triển nhanh - Acute and rapidly prograssive nephritis syndromes,D??i 1 tu?i,2026,6,Mùa mưa,1.2246467991473532e-16,-1.0,0,0,0,0,0,0.0,0.0,0,2026-05,2026-06,0,0,Không đủ dữ liệu,Thấp,
Hội chứng viêm thận cấp và tiến triển nhanh - Acute and rapidly prograssive nephritis syndromes,Tr?n 15 tu?i,2026,6,Mùa mưa,1.2246467991473532e-16,-1.0,0,0,0,0,0,0.0,0.0,0,2026-05,2026-06,0,0,Không đủ dữ liệu,Thấp,
"Không có, tịt hoặc hẹp ruột non - Absence, atresia and stenosis of small intestine",6-10 tu?i,2026,6,Mùa mưa,1.2246467991473532e-16,-1.0,0,0,0,0,0,0.0,0.0,0,2026-05,2026-06,0,0,Không đủ dữ liệu,Thấp,
"Không có, tịt hoặc hẹp ruột non - Absence, atresia and stenosis of small intestine",D??i 1 tu?i,2026,6,Mùa mưa,1.2246467991473532e-16,-1.0,0,0,0,0,0,0.0,0.0,0,2026-05,2026-06,0,0,Không đủ dữ liệu,Thấp,
Lao bộ máy hô hấp - Respiratory tuberculosis,1-5 tu?i,2026,6,Mùa mưa,1.2246467991473532e-16,-1.0,0,0,0,0,0,0.0,0.0,0,2026-05,2026-06,0,0,Không đủ dữ liệu,Thấp,
Lao bộ máy hô hấp - Respiratory tuberculosis,11-15 tu?i,2026,6,Mùa mưa,1.2246467991473532e-16,-1.0,0,0,0,0,0,0.0,0.0,0,2026-05,2026-06,0,0,Không đủ dữ liệu,Thấp,
Lao bộ máy hô hấp - Respiratory tuberculosis,6-10 tu?i,2026,6,Mùa mưa,1.2246467991473532e-16,-1.0,0,0,0,0,0,0.0,0.0,0,2026-05,2026-06,0,0,Không đủ dữ liệu,Thấp,
Lao bộ máy hô hấp - Respiratory tuberculosis,D??i 1 tu?i,2026,6,Mùa mưa,1.2246467991473532e-16,-1.0,0,0,0,0,0,0.0,0.0,0,2026-05,2026-06,0,0,Không đủ dữ liệu,Thấp,
Lao bộ máy hô hấp - Respiratory tuberculosis,Tr?n 15 tu?i,2026,6,Mùa mưa,1.2246467991473532e-16,-1.0,0,0,0,0,0,0.0,0.0,0,2026-05,2026-06,0,0,Không đủ dữ liệu,Thấp,
"Liệt não, hội chứng liệt khác - Cerebral palsy and other paralytic syndromes",1-5 tu?i,2026,6,Mùa mưa,1.2246467991473532e-16,-1.0,0,0,0,0,0,0.0,0.0,0,2026-05,2026-06,0,0,Không đủ dữ liệu,Thấp,
"Liệt não, hội chứng liệt khác - Cerebral palsy and other paralytic syndromes",11-15 tu?i,2026,6,Mùa mưa,1.2246467991473532e-16,-1.0,0,0,0,0,0,0.0,0.0,0,2026-05,2026-06,0,0,Không đủ dữ liệu,Thấp,
"Liệt não, hội chứng liệt khác - Cerebral palsy and other paralytic syndromes",6-10 tu?i,2026,6,Mùa mưa,1.2246467991473532e-16,-1.0,0,0,0,0,0,0.0,0.0,0,2026-05,2026-06,0,0,Không đủ dữ liệu,Thấp,
"Liệt não, hội chứng liệt khác - Cerebral palsy and other paralytic syndromes",D??i 1 tu?i,2026,6,Mùa mưa,1.2246467991473532e-16,-1.0,0,0,0,0,0,0.0,0.0,0,2026-05,2026-06,0,0,Không đủ dữ liệu,Thấp,
Loét dạ dày và tá tràng - Gastric and duodenal ulcer,1-5 tu?i,2026,6,Mùa mưa,1.2246467991473532e-16,-1.0,0,0,0,0,0,0.0,0.0,0,2026-05,2026-06,0,0,Không đủ dữ liệu,Thấp,
Loét dạ dày và tá tràng - Gastric and duodenal ulcer,11-15 tu?i,2026,6,Mùa mưa,1.2246467991473532e-16,-1.0,0,0,0,0,0,0.0,0.0,0,2026-05,2026-06,0,0,Không đủ dữ liệu,Thấp,
Loét dạ dày và tá tràng - Gastric and duodenal ulcer,6-10 tu?i,2026,6,Mùa mưa,1.2246467991473532e-16,-1.0,0,0,0,0,0,0.0,0.0,0,2026-05,2026-06,0,0,Không đủ dữ liệu,Thấp,
Loét dạ dày và tá tràng - Gastric and duodenal ulcer,Tr?n 15 tu?i,2026,6,Mùa mưa,1.2246467991473532e-16,-1.0,0,0,0,0,0,0.0,0.0,0,2026-05,2026-06,0,0,Không đủ dữ liệu,Thấp,
"Loạn thần kinh, rối loạn gắn liền với các yếu tố stress và các rối loạn thuộc thân thể - Neurotic, sterss - related and somatoform disorders",1-5 tu?i,2026,6,Mùa mưa,1.2246467991473532e-16,-1.0,0,0,0,0,0,0.0,0.0,0,2026-05,2026-06,0,0,Không đủ dữ liệu,Thấp,
"Loạn thần kinh, rối loạn gắn liền với các yếu tố stress và các rối loạn thuộc thân thể - Neurotic, sterss - related and somatoform disorders",11-15 tu?i,2026,6,Mùa mưa,1.2246467991473532e-16,-1.0,0,0,0,0,0,0.0,0.0,0,2026-05,2026-06,0,0,Không đủ dữ liệu,Thấp,
"Loạn thần kinh, rối loạn gắn liền với các yếu tố stress và các rối loạn thuộc thân thể - Neurotic, sterss - related and somatoform disorders",6-10 tu?i,2026,6,Mùa mưa,1.2246467991473532e-16,-1.0,0,0,0,0,0,0.0,0.0,0,2026-05,2026-06,0,0,Không đủ dữ liệu,Thấp,
"Loạn thần kinh, rối loạn gắn liền với các yếu tố stress và các rối loạn thuộc thân thể - Neurotic, sterss - related and somatoform disorders",D??i 1 tu?i,2026,6,Mùa mưa,1.2246467991473532e-16,-1.0,0,0,0,0,0,0.0,0.0,0,2026-05,2026-06,0,0,Không đủ dữ liệu,Thấp,
"Loạn thần kinh, rối loạn gắn liền với các yếu tố stress và các rối loạn thuộc thân thể - Neurotic, sterss - related and somatoform disorders",Tr?n 15 tu?i,2026,6,Mùa mưa,1.2246467991473532e-16,-1.0,0,0,0,0,0,0.0,0.0,0,2026-05,2026-06,0,0,Không đủ dữ liệu,Thấp,
Lác mắt - Strabismus,1-5 tu?i,2026,6,Mùa mưa,1.2246467991473532e-16,-1.0,0,0,0,0,0,0.0,0.0,0,2026-05,2026-06,0,0,Không đủ dữ liệu,Thấp,
Lác mắt - Strabismus,11-15 tu?i,2026,6,Mùa mưa,1.2246467991473532e-16,-1.0,0,0,0,0,0,0.0,0.0,0,2026-05,2026-06,0,0,Không đủ dữ liệu,Thấp,
Lác mắt - Strabismus,6-10 tu?i,2026,6,Mùa mưa,1.2246467991473532e-16,-1.0,0,0,0,0,0,0.0,0.0,0,2026-05,2026-06,0,0,Không đủ dữ liệu,Thấp,
Lác mắt - Strabismus,D??i 1 tu?i,2026,6,Mùa mưa,1.2246467991473532e-16,-1.0,0,0,0,0,0,0.0,0.0,0,2026-05,2026-06,0,0,Không đủ dữ liệu,Thấp,
Lỵ Amip - Amoebiasis,1-5 tu?i,2026,6,Mùa mưa,1.2246467991473532e-16,-1.0,0,0,0,0,0,0.0,0.0,0,2026-05,2026-06,0,0,Không đủ dữ liệu,Thấp,
Lỵ Amip - Amoebiasis,11-15 tu?i,2026,6,Mùa mưa,1.2246467991473532e-16,-1.0,0,0,0,0,0,0.0,0.0,0,2026-05,2026-06,0,0,Không đủ dữ liệu,Thấp,
Lỵ Amip - Amoebiasis,6-10 tu?i,2026,6,Mùa mưa,1.2246467991473532e-16,-1.0,0,0,0,0,0,0.0,0.0,0,2026-05,2026-06,0,0,Không đủ dữ liệu,Thấp,
Lỵ Amip - Amoebiasis,D??i 1 tu?i,2026,6,Mùa mưa,1.2246467991473532e-16,-1.0,0,0,0,0,0,0.0,0.0,0,2026-05,2026-06,0,0,Không đủ dữ liệu,Thấp,
Mất thính giác - Hearing loss,11-15 tu?i,2026,6,Mùa mưa,1.2246467991473532e-16,-1.0,0,0,0,0,0,0.0,0.0,0,2026-05,2026-06,0,0,Không đủ dữ liệu,Thấp,
Mất thính giác - Hearing loss,D??i 1 tu?i,2026,6,Mùa mưa,1.2246467991473532e-16,-1.0,0,0,0,0,0,0.0,0.0,0,2026-05,2026-06,0,0,Không đủ dữ liệu,Thấp,
"Một số biến chứng sớm của chấn thương, của chăm sóc ngoại khoa và y học, chưa xếp ở nơi khác - Certain early complications of trauma and complications of surgical and medical care, not elsewhere classified",1-5 tu?i,2026,6,Mùa mưa,1.2246467991473532e-16,-1.0,0,0,0,0,0,0.0,0.0,0,2026-05,2026-06,0,0,Không đủ dữ liệu,Thấp,
"Một số biến chứng sớm của chấn thương, của chăm sóc ngoại khoa và y học, chưa xếp ở nơi khác - Certain early complications of trauma and complications of surgical and medical care, not elsewhere classified",11-15 tu?i,2026,6,Mùa mưa,1.2246467991473532e-16,-1.0,0,0,0,0,0,0.0,0.0,0,2026-05,2026-06,0,0,Không đủ dữ liệu,Thấp,
"Một số biến chứng sớm của chấn thương, của chăm sóc ngoại khoa và y học, chưa xếp ở nơi khác - Certain early complications of trauma and complications of surgical and medical care, not elsewhere classified",6-10 tu?i,2026,6,Mùa mưa,1.2246467991473532e-16,-1.0,0,0,0,0,0,0.0,0.0,0,2026-05,2026-06,0,0,Không đủ dữ liệu,Thấp,
"Một số biến chứng sớm của chấn thương, của chăm sóc ngoại khoa và y học, chưa xếp ở nơi khác - Certain early complications of trauma and complications of surgical and medical care, not elsewhere classified",D??i 1 tu?i,2026,6,Mùa mưa,1.2246467991473532e-16,-1.0,0,0,0,0,0,0.0,0.0,0,2026-05,2026-06,0,0,Không đủ dữ liệu,Thấp,
"Một số biến chứng sớm của chấn thương, của chăm sóc ngoại khoa và y học, chưa xếp ở nơi khác - Certain early complications of trauma and complications of surgical and medical care, not elsewhere classified",Tr?n 15 tu?i,2026,6,Mùa mưa,1.2246467991473532e-16,-1.0,0,0,0,0,0,0.0,0.0,0,2026-05,2026-06,0,0,Không đủ dữ liệu,Thấp,
Một số rối loạn hệ miễn dịch - Certain disorders involving the immune mechanism,1-5 tu?i,2026,6,Mùa mưa,1.2246467991473532e-16,-1.0,0,0,0,0,0,0.0,0.0,0,2026-05,2026-06,0,0,Không đủ dữ liệu,Thấp,
Một số rối loạn hệ miễn dịch - Certain disorders involving the immune mechanism,11-15 tu?i,2026,6,Mùa mưa,1.2246467991473532e-16,-1.0,0,0,0,0,0,0.0,0.0,0,2026-05,2026-06,0,0,Không đủ dữ liệu,Thấp,
Một số rối loạn hệ miễn dịch - Certain disorders involving the immune mechanism,6-10 tu?i,2026,6,Mùa mưa,1.2246467991473532e-16,-1.0,0,0,0,0,0,0.0,0.0,0,2026-05,2026-06,0,0,Không đủ dữ liệu,Thấp,
Một số rối loạn hệ miễn dịch - Certain disorders involving the immune mechanism,D??i 1 tu?i,2026,6,Mùa mưa,1.2246467991473532e-16,-1.0,0,0,0,0,0,0.0,0.0,0,2026-05,2026-06,0,0,Không đủ dữ liệu,Thấp,
Một số rối loạn hệ miễn dịch - Certain disorders involving the immune mechanism,Tr?n 15 tu?i,2026,6,Mùa mưa,1.2246467991473532e-16,-1.0,0,0,0,0,0,0.0,0.0,0,2026-05,2026-06,0,0,Không đủ dữ liệu,Thấp,
Nghẽn và huyết khối động mạch - Arterial embolism and thrombosis,1-5 tu?i,2026,6,Mùa mưa,1.2246467991473532e-16,-1.0,0,0,0,0,0,0.0,0.0,0,2026-05,2026-06,0,0,Không đủ dữ liệu,Thấp,
Nghẽn và huyết khối động mạch - Arterial embolism and thrombosis,11-15 tu?i,2026,6,Mùa mưa,1.2246467991473532e-16,-1.0,0,0,0,0,0,0.0,0.0,0,2026-05,2026-06,0,0,Không đủ dữ liệu,Thấp,
Nghẽn và huyết khối động mạch - Arterial embolism and thrombosis,6-10 tu?i,2026,6,Mùa mưa,1.2246467991473532e-16,-1.0,0,0,0,0,0,0.0,0.0,0,2026-05,2026-06,0,0,Không đủ dữ liệu,Thấp,
Nghẽn và huyết khối động mạch - Arterial embolism and thrombosis,Tr?n 15 tu?i,2026,6,Mùa mưa,1.2246467991473532e-16,-1.0,0,0,0,0,0,0.0,0.0,0,2026-05,2026-06,0,0,Không đủ dữ liệu,Thấp,
Người có nguy cơ liên quan đến bệnh truyền nhiễm - Other persons with potential health hazards related to communicable diseases,1-5 tu?i,2026,6,Mùa mưa,1.2246467991473532e-16,-1.0,0,0,0,0,0,0.0,0.0,0,2026-05,2026-06,0,0,Không đủ dữ liệu,Thấp,
Người có nguy cơ liên quan đến bệnh truyền nhiễm - Other persons with potential health hazards related to communicable diseases,6-10 tu?i,2026,6,Mùa mưa,1.2246467991473532e-16,-1.0,0,0,0,0,0,0.0,0.0,0,2026-05,2026-06,0,0,Không đủ dữ liệu,Thấp,
Người có nguy cơ liên quan đến bệnh truyền nhiễm - Other persons with potential health hazards related to communicable diseases,D??i 1 tu?i,2026,6,Mùa mưa,1.2246467991473532e-16,-1.0,0,0,0,0,0,0.0,0.0,0,2026-05,2026-06,0,0,Không đủ dữ liệu,Thấp,
Người tiếp xúc với các dịch vụ y tế làm các khám xét và điều tra - Person encountering health services for examination and investigation,1-5 tu?i,2026,6,Mùa mưa,1.2246467991473532e-16,-1.0,0,0,0,0,0,0.0,0.0,0,2026-05,2026-06,0,0,Không đủ dữ liệu,Thấp,
Người tiếp xúc với các dịch vụ y tế làm các khám xét và điều tra - Person encountering health services for examination and investigation,11-15 tu?i,2026,6,Mùa mưa,1.2246467991473532e-16,-1.0,0,0,0,0,0,0.0,0.0,0,2026-05,2026-06,0,0,Không đủ dữ liệu,Thấp,
Người tiếp xúc với các dịch vụ y tế làm các khám xét và điều tra - Person encountering health services for examination and investigation,6-10 tu?i,2026,6,Mùa mưa,1.2246467991473532e-16,-1.0,0,0,0,0,0,0.0,0.0,0,2026-05,2026-06,0,0,Không đủ dữ liệu,Thấp,
Người tiếp xúc với các dịch vụ y tế làm các khám xét và điều tra - Person encountering health services for examination and investigation,D??i 1 tu?i,2026,6,Mùa mưa,1.2246467991473532e-16,-1.0,0,0,0,0,0,0.0,0.0,0,2026-05,2026-06,0,0,Không đủ dữ liệu,Thấp,
Nhiễm HIV - Human immuno deficiency virus disease,1-5 tu?i,2026,6,Mùa mưa,1.2246467991473532e-16,-1.0,0,0,0,0,0,0.0,0.0,0,2026-05,2026-06,0,0,Không đủ dữ liệu,Thấp,
Nhiễm HIV - Human immuno deficiency virus disease,11-15 tu?i,2026,6,Mùa mưa,1.2246467991473532e-16,-1.0,0,0,0,0,0,0.0,0.0,0,2026-05,2026-06,0,0,Không đủ dữ liệu,Thấp,
Nhiễm HIV - Human immuno deficiency virus disease,6-10 tu?i,2026,6,Mùa mưa,1.2246467991473532e-16,-1.0,0,0,0,0,0,0.0,0.0,0,2026-05,2026-06,0,0,Không đủ dữ liệu,Thấp,
Nhiễm HIV - Human immuno deficiency virus disease,D??i 1 tu?i,2026,6,Mùa mưa,1.2246467991473532e-16,-1.0,0,0,0,0,0,0.0,0.0,0,2026-05,2026-06,0,0,Không đủ dữ liệu,Thấp,
Nhiễm khuẩn huyết - Septicemia,1-5 tu?i,2026,6,Mùa mưa,1.2246467991473532e-16,-1.0,0,0,0,0,0,0.0,0.0,0,2026-05,2026-06,0,0,Không đủ dữ liệu,Thấp,
Nhiễm khuẩn huyết - Septicemia,11-15 tu?i,2026,6,Mùa mưa,1.2246467991473532e-16,-1.0,0,0,0,0,0,0.0,0.0,0,2026-05,2026-06,0,0,Không đủ dữ liệu,Thấp,
Nhiễm khuẩn huyết - Septicemia,6-10 tu?i,2026,6,Mùa mưa,1.2246467991473532e-16,-1.0,0,0,0,0,0,0.0,0.0,0,2026-05,2026-06,0,0,Không đủ dữ liệu,Thấp,
Nhiễm khuẩn huyết - Septicemia,D??i 1 tu?i,2026,6,Mùa mưa,1.2246467991473532e-16,-1.0,0,0,0,0,0,0.0,0.0,0,2026-05,2026-06,0,0,Không đủ dữ liệu,Thấp,
Nhiễm khuẩn huyết - Septicemia,Tr?n 15 tu?i,2026,6,Mùa mưa,1.2246467991473532e-16,-1.0,0,0,0,0,0,0.0,0.0,0,2026-05,2026-06,0,0,Không đủ dữ liệu,Thấp,
Nhiễm khuẩn khác lây truyền qua đường tình dục - Other infection with a predominantly sexual mode of transmission,6-10 tu?i,2026,6,Mùa mưa,1.2246467991473532e-16,-1.0,0,0,0,0,0,0.0,0.0,0,2026-05,2026-06,0,0,Không đủ dữ liệu,Thấp,
Nhiễm khuẩn não mô cầu - Meningococcal infection,1-5 tu?i,2026,6,Mùa mưa,1.2246467991473532e-16,-1.0,0,0,0,0,0,0.0,0.0,0,2026-05,2026-06,0,0,Không đủ dữ liệu,Thấp,
Nhiễm khuẩn và kí sinh vật bẩm sinh - Congenital infectious and parasitic diseases,D??i 1 tu?i,2026,6,Mùa mưa,1.2246467991473532e-16,-1.0,0,0,0,0,0,0.0,0.0,0,2026-05,2026-06,0,0,Không đủ dữ liệu,Thấp,
Nhiễm khuẩn đặc hiệu khác thời kỳ chu sinh - Other infectious specific to the perinatal period,D??i 1 tu?i,2026,6,Mùa mưa,1.2246467991473532e-16,-1.0,0,0,0,0,0,0.0,0.0,0,2026-05,2026-06,0,0,Không đủ dữ liệu,Thấp,
Nhiễm virut Héc-pét - Herpesviral infections,1-5 tu?i,2026,6,Mùa mưa,1.2246467991473532e-16,-1.0,0,0,0,0,0,0.0,0.0,0,2026-05,2026-06,0,0,Không đủ dữ liệu,Thấp,
Nhiễm virut Héc-pét - Herpesviral infections,11-15 tu?i,2026,6,Mùa mưa,1.2246467991473532e-16,-1.0,0,0,0,0,0,0.0,0.0,0,2026-05,2026-06,0,0,Không đủ dữ liệu,Thấp,
Nhiễm virut Héc-pét - Herpesviral infections,6-10 tu?i,2026,6,Mùa mưa,1.2246467991473532e-16,-1.0,0,0,0,0,0,0.0,0.0,0,2026-05,2026-06,0,0,Không đủ dữ liệu,Thấp,
Nhiễm độc do tuyến giáp (cường giáp) - Thyrotoxicosis,1-5 tu?i,2026,6,Mùa mưa,1.2246467991473532e-16,-1.0,0,0,0,0,0,0.0,0.0,0,2026-05,2026-06,0,0,Không đủ dữ liệu,Thấp,
Nhiễm độc do tuyến giáp (cường giáp) - Thyrotoxicosis,11-15 tu?i,2026,6,Mùa mưa,1.2246467991473532e-16,-1.0,0,0,0,0,0,0.0,0.0,0,2026-05,2026-06,0,0,Không đủ dữ liệu,Thấp,
Nhiễm độc do tuyến giáp (cường giáp) - Thyrotoxicosis,6-10 tu?i,2026,6,Mùa mưa,1.2246467991473532e-16,-1.0,0,0,0,0,0,0.0,0.0,0,2026-05,2026-06,0,0,Không đủ dữ liệu,Thấp,
Nhiễm độc do tuyến giáp (cường giáp) - Thyrotoxicosis,Tr?n 15 tu?i,2026,6,Mùa mưa,1.2246467991473532e-16,-1.0,0,0,0,0,0,0.0,0.0,0,2026-05,2026-06,0,0,Không đủ dữ liệu,Thấp,
Nhiễm độc thuốc và các sinh phẩm - Poisoning by drugs and biological substances,1-5 tu?i,2026,6,Mùa mưa,1.2246467991473532e-16,-1.0,0,0,0,0,0,0.0,0.0,0,2026-05,2026-06,0,0,Không đủ dữ liệu,Thấp,
Nhiễm độc thuốc và các sinh phẩm - Poisoning by drugs and biological substances,11-15 tu?i,2026,6,Mùa mưa,1.2246467991473532e-16,-1.0,0,0,0,0,0,0.0,0.0,0,2026-05,2026-06,0,0,Không đủ dữ liệu,Thấp,
Nhiễm độc thuốc và các sinh phẩm - Poisoning by drugs and biological substances,6-10 tu?i,2026,6,Mùa mưa,1.2246467991473532e-16,-1.0,0,0,0,0,0,0.0,0.0,0,2026-05,2026-06,0,0,Không đủ dữ liệu,Thấp,
Nhiễm độc thuốc và các sinh phẩm - Poisoning by drugs and biological substances,D??i 1 tu?i,2026,6,Mùa mưa,1.2246467991473532e-16,-1.0,0,0,0,0,0,0.0,0.0,0,2026-05,2026-06,0,0,Không đủ dữ liệu,Thấp,
Nhiễm độc thuốc và các sinh phẩm - Poisoning by drugs and biological substances,Tr?n 15 tu?i,2026,6,Mùa mưa,1.2246467991473532e-16,-1.0,0,0,0,0,0,0.0,0.0,0,2026-05,2026-06,0,0,Không đủ dữ liệu,Thấp,
Nhồi máu não - Cerebral infarction,1-5 tu?i,2026,6,Mùa mưa,1.2246467991473532e-16,-1.0,0,0,0,0,0,0.0,0.0,0,2026-05,2026-06,0,0,Không đủ dữ liệu,Thấp,
Nhồi máu não - Cerebral infarction,11-15 tu?i,2026,6,Mùa mưa,1.2246467991473532e-16,-1.0,0,0,0,0,0,0.0,0.0,0,2026-05,2026-06,0,0,Không đủ dữ liệu,Thấp,
Nhồi máu não - Cerebral infarction,6-10 tu?i,2026,6,Mùa mưa,1.2246467991473532e-16,-1.0,0,0,0,0,0,0.0,0.0,0,2026-05,2026-06,0,0,Không đủ dữ liệu,Thấp,
Nhồi máu não - Cerebral infarction,D??i 1 tu?i,2026,6,Mùa mưa,1.2246467991473532e-16,-1.0,0,0,0,0,0,0.0,0.0,0,2026-05,2026-06,0,0,Không đủ dữ liệu,Thấp,
Nhồi máu não - Cerebral infarction,Tr?n 15 tu?i,2026,6,Mùa mưa,1.2246467991473532e-16,-1.0,0,0,0,0,0,0.0,0.0,0,2026-05,2026-06,0,0,Không đủ dữ liệu,Thấp,
Nấm - Mycoses,1-5 tu?i,2026,6,Mùa mưa,1.2246467991473532e-16,-1.0,0,0,0,0,0,0.0,0.0,0,2026-05,2026-06,0,0,Không đủ dữ liệu,Thấp,
Nấm - Mycoses,6-10 tu?i,2026,6,Mùa mưa,1.2246467991473532e-16,-1.0,0,0,0,0,0,0.0,0.0,0,2026-05,2026-06,0,0,Không đủ dữ liệu,Thấp,
Nấm - Mycoses,D??i 1 tu?i,2026,6,Mùa mưa,1.2246467991473532e-16,-1.0,0,0,0,0,0,0.0,0.0,0,2026-05,2026-06,0,0,Không đủ dữ liệu,Thấp,
Nấm - Mycoses,Tr?n 15 tu?i,2026,6,Mùa mưa,1.2246467991473532e-16,-1.0,0,0,0,0,0,0.0,0.0,0,2026-05,2026-06,0,0,Không đủ dữ liệu,Thấp,
Quai bị - Mumps,6-10 tu?i,2026,6,Mùa mưa,1.2246467991473532e-16,-1.0,0,0,0,0,0,0.0,0.0,0,2026-05,2026-06,0,0,Không đủ dữ liệu,Thấp,
Quá sản tuyến tiền liệt - Hyperplasia of prostate,6-10 tu?i,2026,6,Mùa mưa,1.2246467991473532e-16,-1.0,0,0,0,0,0,0.0,0.0,0,2026-05,2026-06,0,0,Không đủ dữ liệu,Thấp,
Quá sản tuyến tiền liệt - Hyperplasia of prostate,D??i 1 tu?i,2026,6,Mùa mưa,1.2246467991473532e-16,-1.0,0,0,0,0,0,0.0,0.0,0,2026-05,2026-06,0,0,Không đủ dữ liệu,Thấp,
Rối loạn dẫn truyền và loạn nhịp tim - Conduction disorders and cardiac arrhythymias,1-5 tu?i,2026,6,Mùa mưa,1.2246467991473532e-16,-1.0,0,0,0,0,0,0.0,0.0,0,2026-05,2026-06,0,0,Không đủ dữ liệu,Thấp,
Rối loạn dẫn truyền và loạn nhịp tim - Conduction disorders and cardiac arrhythymias,11-15 tu?i,2026,6,Mùa mưa,1.2246467991473532e-16,-1.0,0,0,0,0,0,0.0,0.0,0,2026-05,2026-06,0,0,Không đủ dữ liệu,Thấp,
Rối loạn dẫn truyền và loạn nhịp tim - Conduction disorders and cardiac arrhythymias,6-10 tu?i,2026,6,Mùa mưa,1.2246467991473532e-16,-1.0,0,0,0,0,0,0.0,0.0,0,2026-05,2026-06,0,0,Không đủ dữ liệu,Thấp,
Rối loạn dẫn truyền và loạn nhịp tim - Conduction disorders and cardiac arrhythymias,D??i 1 tu?i,2026,6,Mùa mưa,1.2246467991473532e-16,-1.0,0,0,0,0,0,0.0,0.0,0,2026-05,2026-06,0,0,Không đủ dữ liệu,Thấp,
Rối loạn dẫn truyền và loạn nhịp tim - Conduction disorders and cardiac arrhythymias,Tr?n 15 tu?i,2026,6,Mùa mưa,1.2246467991473532e-16,-1.0,0,0,0,0,0,0.0,0.0,0,2026-05,2026-06,0,0,Không đủ dữ liệu,Thấp,
Rối loạn khí sắc - Mood ( affective) disorders.,11-15 tu?i,2026,6,Mùa mưa,1.2246467991473532e-16,-1.0,0,0,0,0,0,0.0,0.0,0,2026-05,2026-06,0,0,Không đủ dữ liệu,Thấp,
Rối loạn khí sắc - Mood ( affective) disorders.,6-10 tu?i,2026,6,Mùa mưa,1.2246467991473532e-16,-1.0,0,0,0,0,0,0.0,0.0,0,2026-05,2026-06,0,0,Không đủ dữ liệu,Thấp,
Rối loạn kinh nguyệt - Disorders of menstruation,11-15 tu?i,2026,6,Mùa mưa,1.2246467991473532e-16,-1.0,0,0,0,0,0,0.0,0.0,0,2026-05,2026-06,0,0,Không đủ dữ liệu,Thấp,
Rối loạn kinh nguyệt - Disorders of menstruation,Tr?n 15 tu?i,2026,6,Mùa mưa,1.2246467991473532e-16,-1.0,0,0,0,0,0,0.0,0.0,0,2026-05,2026-06,0,0,Không đủ dữ liệu,Thấp,
Rối loạn tâm thần và nhân cách khác - Other mental and behavioural disorders,1-5 tu?i,2026,6,Mùa mưa,1.2246467991473532e-16,-1.0,0,0,0,0,0,0.0,0.0,0,2026-05,2026-06,0,0,Không đủ dữ liệu,Thấp,
Rối loạn tâm thần và nhân cách khác - Other mental and behavioural disorders,11-15 tu?i,2026,6,Mùa mưa,1.2246467991473532e-16,-1.0,0,0,0,0,0,0.0,0.0,0,2026-05,2026-06,0,0,Không đủ dữ liệu,Thấp,
Rối loạn tâm thần và nhân cách khác - Other mental and behavioural disorders,6-10 tu?i,2026,6,Mùa mưa,1.2246467991473532e-16,-1.0,0,0,0,0,0,0.0,0.0,0,2026-05,2026-06,0,0,Không đủ dữ liệu,Thấp,
Rối loạn tâm thần và nhân cách khác - Other mental and behavioural disorders,D??i 1 tu?i,2026,6,Mùa mưa,1.2246467991473532e-16,-1.0,0,0,0,0,0,0.0,0.0,0,2026-05,2026-06,0,0,Không đủ dữ liệu,Thấp,
Rối loạn tâm thần và nhân cách khác - Other mental and behavioural disorders,Tr?n 15 tu?i,2026,6,Mùa mưa,1.2246467991473532e-16,-1.0,0,0,0,0,0,0.0,0.0,0,2026-05,2026-06,0,0,Không đủ dữ liệu,Thấp,
Rối loạn tâm thần và ứng xử liên quan dùng các chất kích thích tâm lí khác - Mental and behavioural disorders due to other psychoactive substances use,6-10 tu?i,2026,6,Mùa mưa,1.2246467991473532e-16,-1.0,0,0,0,0,0,0.0,0.0,0,2026-05,2026-06,0,0,Không đủ dữ liệu,Thấp,
"Sai khớp, bong gân, tổn thương khu trú và ở nhiều vùng cơ thể - Dislocations, sprains and strains of specified and multiple body regions",1-5 tu?i,2026,6,Mùa mưa,1.2246467991473532e-16,-1.0,0,0,0,0,0,0.0,0.0,0,2026-05,2026-06,0,0,Không đủ dữ liệu,Thấp,
"Sai khớp, bong gân, tổn thương khu trú và ở nhiều vùng cơ thể - Dislocations, sprains and strains of specified and multiple body regions",11-15 tu?i,2026,6,Mùa mưa,1.2246467991473532e-16,-1.0,0,0,0,0,0,0.0,0.0,0,2026-05,2026-06,0,0,Không đủ dữ liệu,Thấp,
"Sai khớp, bong gân, tổn thương khu trú và ở nhiều vùng cơ thể - Dislocations, sprains and strains of specified and multiple body regions",6-10 tu?i,2026,6,Mùa mưa,1.2246467991473532e-16,-1.0,0,0,0,0,0,0.0,0.0,0,2026-05,2026-06,0,0,Không đủ dữ liệu,Thấp,
"Sai khớp, bong gân, tổn thương khu trú và ở nhiều vùng cơ thể - Dislocations, sprains and strains of specified and multiple body regions",D??i 1 tu?i,2026,6,Mùa mưa,1.2246467991473532e-16,-1.0,0,0,0,0,0,0.0,0.0,0,2026-05,2026-06,0,0,Không đủ dữ liệu,Thấp,
"Sai khớp, bong gân, tổn thương khu trú và ở nhiều vùng cơ thể - Dislocations, sprains and strains of specified and multiple body regions",Tr?n 15 tu?i,2026,6,Mùa mưa,1.2246467991473532e-16,-1.0,0,0,0,0,0,0.0,0.0,0,2026-05,2026-06,0,0,Không đủ dữ liệu,Thấp,
Suy dinh dưỡng - Malnutrition,Tr?n 15 tu?i,2026,6,Mùa mưa,1.2246467991473532e-16,-1.0,0,0,0,0,0,0.0,0.0,0,2026-05,2026-06,0,0,Không đủ dữ liệu,Thấp,
Suy thận - Renal failure,1-5 tu?i,2026,6,Mùa mưa,1.2246467991473532e-16,-1.0,0,0,0,0,0,0.0,0.0,0,2026-05,2026-06,0,0,Không đủ dữ liệu,Thấp,
Suy thận - Renal failure,11-15 tu?i,2026,6,Mùa mưa,1.2246467991473532e-16,-1.0,0,0,0,0,0,0.0,0.0,0,2026-05,2026-06,0,0,Không đủ dữ liệu,Thấp,
Suy thận - Renal failure,6-10 tu?i,2026,6,Mùa mưa,1.2246467991473532e-16,-1.0,0,0,0,0,0,0.0,0.0,0,2026-05,2026-06,0,0,Không đủ dữ liệu,Thấp,
Suy thận - Renal failure,D??i 1 tu?i,2026,6,Mùa mưa,1.2246467991473532e-16,-1.0,0,0,0,0,0,0.0,0.0,0,2026-05,2026-06,0,0,Không đủ dữ liệu,Thấp,
Suy thận - Renal failure,Tr?n 15 tu?i,2026,6,Mùa mưa,1.2246467991473532e-16,-1.0,0,0,0,0,0,0.0,0.0,0,2026-05,2026-06,0,0,Không đủ dữ liệu,Thấp,
Suy tim - Heart failure,1-5 tu?i,2026,6,Mùa mưa,1.2246467991473532e-16,-1.0,0,0,0,0,0,0.0,0.0,0,2026-05,2026-06,0,0,Không đủ dữ liệu,Thấp,
Suy tim - Heart failure,11-15 tu?i,2026,6,Mùa mưa,1.2246467991473532e-16,-1.0,0,0,0,0,0,0.0,0.0,0,2026-05,2026-06,0,0,Không đủ dữ liệu,Thấp,
Suy tim - Heart failure,D??i 1 tu?i,2026,6,Mùa mưa,1.2246467991473532e-16,-1.0,0,0,0,0,0,0.0,0.0,0,2026-05,2026-06,0,0,Không đủ dữ liệu,Thấp,
Sán Echinococ - Echinococcosis,11-15 tu?i,2026,6,Mùa mưa,1.2246467991473532e-16,-1.0,0,0,0,0,0,0.0,0.0,0,2026-05,2026-06,0,0,Không đủ dữ liệu,Thấp,
Sâu răng - Dental caries,1-5 tu?i,2026,6,Mùa mưa,1.2246467991473532e-16,-1.0,0,0,0,0,0,0.0,0.0,0,2026-05,2026-06,0,0,Không đủ dữ liệu,Thấp,
Sỏi mật và viêm túi mật - Cholelithiasis and cholecystitis,1-5 tu?i,2026,6,Mùa mưa,1.2246467991473532e-16,-1.0,0,0,0,0,0,0.0,0.0,0,2026-05,2026-06,0,0,Không đủ dữ liệu,Thấp,
Sỏi mật và viêm túi mật - Cholelithiasis and cholecystitis,11-15 tu?i,2026,6,Mùa mưa,1.2246467991473532e-16,-1.0,0,0,0,0,0,0.0,0.0,0,2026-05,2026-06,0,0,Không đủ dữ liệu,Thấp,
Sỏi mật và viêm túi mật - Cholelithiasis and cholecystitis,6-10 tu?i,2026,6,Mùa mưa,1.2246467991473532e-16,-1.0,0,0,0,0,0,0.0,0.0,0,2026-05,2026-06,0,0,Không đủ dữ liệu,Thấp,
Sỏi mật và viêm túi mật - Cholelithiasis and cholecystitis,D??i 1 tu?i,2026,6,Mùa mưa,1.2246467991473532e-16,-1.0,0,0,0,0,0,0.0,0.0,0,2026-05,2026-06,0,0,Không đủ dữ liệu,Thấp,
Sỏi mật và viêm túi mật - Cholelithiasis and cholecystitis,Tr?n 15 tu?i,2026,6,Mùa mưa,1.2246467991473532e-16,-1.0,0,0,0,0,0,0.0,0.0,0,2026-05,2026-06,0,0,Không đủ dữ liệu,Thấp,
Sỏi tiết niệu - Urolithiasis,1-5 tu?i,2026,6,Mùa mưa,1.2246467991473532e-16,-1.0,0,0,0,0,0,0.0,0.0,0,2026-05,2026-06,0,0,Không đủ dữ liệu,Thấp,
Sỏi tiết niệu - Urolithiasis,11-15 tu?i,2026,6,Mùa mưa,1.2246467991473532e-16,-1.0,0,0,0,0,0,0.0,0.0,0,2026-05,2026-06,0,0,Không đủ dữ liệu,Thấp,
Sỏi tiết niệu - Urolithiasis,6-10 tu?i,2026,6,Mùa mưa,1.2246467991473532e-16,-1.0,0,0,0,0,0,0.0,0.0,0,2026-05,2026-06,0,0,Không đủ dữ liệu,Thấp,
Sỏi tiết niệu - Urolithiasis,D??i 1 tu?i,2026,6,Mùa mưa,1.2246467991473532e-16,-1.0,0,0,0,0,0,0.0,0.0,0,2026-05,2026-06,0,0,Không đủ dữ liệu,Thấp,
Sỏi tiết niệu - Urolithiasis,Tr?n 15 tu?i,2026,6,Mùa mưa,1.2246467991473532e-16,-1.0,0,0,0,0,0,0.0,0.0,0,2026-05,2026-06,0,0,Không đủ dữ liệu,Thấp,
Sốt Rickettsia - Typhus fever,1-5 tu?i,2026,6,Mùa mưa,1.2246467991473532e-16,-1.0,0,0,0,0,0,0.0,0.0,0,2026-05,2026-06,0,0,Không đủ dữ liệu,Thấp,
Sốt Rickettsia - Typhus fever,11-15 tu?i,2026,6,Mùa mưa,1.2246467991473532e-16,-1.0,0,0,0,0,0,0.0,0.0,0,2026-05,2026-06,0,0,Không đủ dữ liệu,Thấp,
Sốt Rickettsia - Typhus fever,6-10 tu?i,2026,6,Mùa mưa,1.2246467991473532e-16,-1.0,0,0,0,0,0,0.0,0.0,0,2026-05,2026-06,0,0,Không đủ dữ liệu,Thấp,
Sốt Rickettsia - Typhus fever,D??i 1 tu?i,2026,6,Mùa mưa,1.2246467991473532e-16,-1.0,0,0,0,0,0,0.0,0.0,0,2026-05,2026-06,0,0,Không đủ dữ liệu,Thấp,
Sốt không rõ nguyên nhân - Fever of unknown origin,1-5 tu?i,2026,6,Mùa mưa,1.2246467991473532e-16,-1.0,0,0,0,0,0,0.0,0.0,0,2026-05,2026-06,0,0,Không đủ dữ liệu,Thấp,
Sốt không rõ nguyên nhân - Fever of unknown origin,11-15 tu?i,2026,6,Mùa mưa,1.2246467991473532e-16,-1.0,0,0,0,0,0,0.0,0.0,0,2026-05,2026-06,0,0,Không đủ dữ liệu,Thấp,
Sốt không rõ nguyên nhân - Fever of unknown origin,6-10 tu?i,2026,6,Mùa mưa,1.2246467991473532e-16,-1.0,0,0,0,0,0,0.0,0.0,0,2026-05,2026-06,0,0,Không đủ dữ liệu,Thấp,
Sốt không rõ nguyên nhân - Fever of unknown origin,D??i 1 tu?i,2026,6,Mùa mưa,1.2246467991473532e-16,-1.0,0,0,0,0,0,0.0,0.0,0,2026-05,2026-06,0,0,Không đủ dữ liệu,Thấp,
Sốt virut khác do tiết túc truyền và sốt virus xuất huyết - Other arthropod,1-5 tu?i,2026,6,Mùa mưa,1.2246467991473532e-16,-1.0,0,0,0,0,0,0.0,0.0,0,2026-05,2026-06,0,0,Không đủ dữ liệu,Thấp,
Sốt virut khác do tiết túc truyền và sốt virus xuất huyết - Other arthropod,11-15 tu?i,2026,6,Mùa mưa,1.2246467991473532e-16,-1.0,0,0,0,0,0,0.0,0.0,0,2026-05,2026-06,0,0,Không đủ dữ liệu,Thấp,
Sốt virut khác do tiết túc truyền và sốt virus xuất huyết - Other arthropod,6-10 tu?i,2026,6,Mùa mưa,1.2246467991473532e-16,-1.0,0,0,0,0,0,0.0,0.0,0,2026-05,2026-06,0,0,Không đủ dữ liệu,Thấp,
Sốt virut khác do tiết túc truyền và sốt virus xuất huyết - Other arthropod,D??i 1 tu?i,2026,6,Mùa mưa,1.2246467991473532e-16,-1.0,0,0,0,0,0,0.0,0.0,0,2026-05,2026-06,0,0,Không đủ dữ liệu,Thấp,
Sốt virut khác do tiết túc truyền và sốt virus xuất huyết - Other arthropod,Tr?n 15 tu?i,2026,6,Mùa mưa,1.2246467991473532e-16,-1.0,0,0,0,0,0,0.0,0.0,0,2026-05,2026-06,0,0,Không đủ dữ liệu,Thấp,
Sứt môi và hở hàm ếch - Cleft lip and cleft palate,1-5 tu?i,2026,6,Mùa mưa,1.2246467991473532e-16,-1.0,0,0,0,0,0,0.0,0.0,0,2026-05,2026-06,0,0,Không đủ dữ liệu,Thấp,
Sứt môi và hở hàm ếch - Cleft lip and cleft palate,11-15 tu?i,2026,6,Mùa mưa,1.2246467991473532e-16,-1.0,0,0,0,0,0,0.0,0.0,0,2026-05,2026-06,0,0,Không đủ dữ liệu,Thấp,
Sứt môi và hở hàm ếch - Cleft lip and cleft palate,6-10 tu?i,2026,6,Mùa mưa,1.2246467991473532e-16,-1.0,0,0,0,0,0,0.0,0.0,0,2026-05,2026-06,0,0,Không đủ dữ liệu,Thấp,
Sứt môi và hở hàm ếch - Cleft lip and cleft palate,Tr?n 15 tu?i,2026,6,Mùa mưa,1.2246467991473532e-16,-1.0,0,0,0,0,0,0.0,0.0,0,2026-05,2026-06,0,0,Không đủ dữ liệu,Thấp,
Tai biến của thuốc và các chất sinh học trong điều trị - Drugs medicament and biological substances causing adverseeffects in therapeutic use.,1-5 tu?i,2026,6,Mùa mưa,1.2246467991473532e-16,-1.0,0,0,0,0,0,0.0,0.0,0,2026-05,2026-06,0,0,Không đủ dữ liệu,Thấp,
Tai biến của thuốc và các chất sinh học trong điều trị - Drugs medicament and biological substances causing adverseeffects in therapeutic use.,11-15 tu?i,2026,6,Mùa mưa,1.2246467991473532e-16,-1.0,0,0,0,0,0,0.0,0.0,0,2026-05,2026-06,0,0,Không đủ dữ liệu,Thấp,
Tai biến của thuốc và các chất sinh học trong điều trị - Drugs medicament and biological substances causing adverseeffects in therapeutic use.,6-10 tu?i,2026,6,Mùa mưa,1.2246467991473532e-16,-1.0,0,0,0,0,0,0.0,0.0,0,2026-05,2026-06,0,0,Không đủ dữ liệu,Thấp,
Tai biến của thuốc và các chất sinh học trong điều trị - Drugs medicament and biological substances causing adverseeffects in therapeutic use.,D??i 1 tu?i,2026,6,Mùa mưa,1.2246467991473532e-16,-1.0,0,0,0,0,0,0.0,0.0,0,2026-05,2026-06,0,0,Không đủ dữ liệu,Thấp,
"Tai biến mạch máu não, không xác định rõ chảy máu hoặc do nhồi máu - Stroke, not specified as haemorrhage or infarction",11-15 tu?i,2026,6,Mùa mưa,1.2246467991473532e-16,-1.0,0,0,0,0,0,0.0,0.0,0,2026-05,2026-06,0,0,Không đủ dữ liệu,Thấp,
"Tai biến mạch máu não, không xác định rõ chảy máu hoặc do nhồi máu - Stroke, not specified as haemorrhage or infarction",6-10 tu?i,2026,6,Mùa mưa,1.2246467991473532e-16,-1.0,0,0,0,0,0,0.0,0.0,0,2026-05,2026-06,0,0,Không đủ dữ liệu,Thấp,
"Tai nạn chết đuối, chết chìm - Accident drowning and submersion",1-5 tu?i,2026,6,Mùa mưa,1.2246467991473532e-16,-1.0,0,0,0,0,0,0.0,0.0,0,2026-05,2026-06,0,0,Không đủ dữ liệu,Thấp,
"Tai nạn chết đuối, chết chìm - Accident drowning and submersion",11-15 tu?i,2026,6,Mùa mưa,1.2246467991473532e-16,-1.0,0,0,0,0,0,0.0,0.0,0,2026-05,2026-06,0,0,Không đủ dữ liệu,Thấp,
"Tai nạn chết đuối, chết chìm - Accident drowning and submersion",D??i 1 tu?i,2026,6,Mùa mưa,1.2246467991473532e-16,-1.0,0,0,0,0,0,0.0,0.0,0,2026-05,2026-06,0,0,Không đủ dữ liệu,Thấp,
Tai nạn do các nguyên nhân sức mạnh cơ học và không cố ý - exposure to inanimate mechanical forces,1-5 tu?i,2026,6,Mùa mưa,1.2246467991473532e-16,-1.0,0,0,0,0,0,0.0,0.0,0,2026-05,2026-06,0,0,Không đủ dữ liệu,Thấp,
Tai nạn do các nguyên nhân sức mạnh cơ học và không cố ý - exposure to inanimate mechanical forces,11-15 tu?i,2026,6,Mùa mưa,1.2246467991473532e-16,-1.0,0,0,0,0,0,0.0,0.0,0,2026-05,2026-06,0,0,Không đủ dữ liệu,Thấp,
Tai nạn do các nguyên nhân sức mạnh cơ học và không cố ý - exposure to inanimate mechanical forces,6-10 tu?i,2026,6,Mùa mưa,1.2246467991473532e-16,-1.0,0,0,0,0,0,0.0,0.0,0,2026-05,2026-06,0,0,Không đủ dữ liệu,Thấp,
Tai nạn do các nguyên nhân sức mạnh cơ học và không cố ý - exposure to inanimate mechanical forces,D??i 1 tu?i,2026,6,Mùa mưa,1.2246467991473532e-16,-1.0,0,0,0,0,0,0.0,0.0,0,2026-05,2026-06,0,0,Không đủ dữ liệu,Thấp,
Tai nạn do các nguyên nhân sức mạnh cơ học và không cố ý - exposure to inanimate mechanical forces,Tr?n 15 tu?i,2026,6,Mùa mưa,1.2246467991473532e-16,-1.0,0,0,0,0,0,0.0,0.0,0,2026-05,2026-06,0,0,Không đủ dữ liệu,Thấp,
"Tai nạn do khói, lửa, đám cháy - expossure to smoke, fire and fpames",1-5 tu?i,2026,6,Mùa mưa,1.2246467991473532e-16,-1.0,0,0,0,0,0,0.0,0.0,0,2026-05,2026-06,0,0,Không đủ dữ liệu,Thấp,
Tai nạn do tiếp xúc với các chất nóng - contact with heat and hot,1-5 tu?i,2026,6,Mùa mưa,1.2246467991473532e-16,-1.0,0,0,0,0,0,0.0,0.0,0,2026-05,2026-06,0,0,Không đủ dữ liệu,Thấp,
Tai nạn do tiếp xúc với động vật và cây độc - Contact with venomous animals and plants,1-5 tu?i,2026,6,Mùa mưa,1.2246467991473532e-16,-1.0,0,0,0,0,0,0.0,0.0,0,2026-05,2026-06,0,0,Không đủ dữ liệu,Thấp,
Tai nạn do tiếp xúc với động vật và cây độc - Contact with venomous animals and plants,11-15 tu?i,2026,6,Mùa mưa,1.2246467991473532e-16,-1.0,0,0,0,0,0,0.0,0.0,0,2026-05,2026-06,0,0,Không đủ dữ liệu,Thấp,
Tai nạn do tiếp xúc với động vật và cây độc - Contact with venomous animals and plants,6-10 tu?i,2026,6,Mùa mưa,1.2246467991473532e-16,-1.0,0,0,0,0,0,0.0,0.0,0,2026-05,2026-06,0,0,Không đủ dữ liệu,Thấp,
Tai nạn do tiếp xúc với động vật và cây độc - Contact with venomous animals and plants,D??i 1 tu?i,2026,6,Mùa mưa,1.2246467991473532e-16,-1.0,0,0,0,0,0,0.0,0.0,0,2026-05,2026-06,0,0,Không đủ dữ liệu,Thấp,
Tai nạn do tiếp xúc với động vật và cây độc - Contact with venomous animals and plants,Tr?n 15 tu?i,2026,6,Mùa mưa,1.2246467991473532e-16,-1.0,0,0,0,0,0,0.0,0.0,0,2026-05,2026-06,0,0,Không đủ dữ liệu,Thấp,
Tai nạn giao thông - Transport accidént,1-5 tu?i,2026,6,Mùa mưa,1.2246467991473532e-16,-1.0,0,0,0,0,0,0.0,0.0,0,2026-05,2026-06,0,0,Không đủ dữ liệu,Thấp,
Tai nạn giao thông - Transport accidént,6-10 tu?i,2026,6,Mùa mưa,1.2246467991473532e-16,-1.0,0,0,0,0,0,0.0,0.0,0,2026-05,2026-06,0,0,Không đủ dữ liệu,Thấp,
Tai nạn ngộ độc do các chất độc - Accident poisoning by and exposure to noxious substances,1-5 tu?i,2026,6,Mùa mưa,1.2246467991473532e-16,-1.0,0,0,0,0,0,0.0,0.0,0,2026-05,2026-06,0,0,Không đủ dữ liệu,Thấp,
"Thai chậm phát triển, suy dinh dưỡng, rối loạn gắn liền với thai nghén và cân nặng không đủ khi sinh - Slow fetal growth, fetal malnutrition and disorders related to short gestation and low birth weight",1-5 tu?i,2026,6,Mùa mưa,1.2246467991473532e-16,-1.0,0,0,0,0,0,0.0,0.0,0,2026-05,2026-06,0,0,Không đủ dữ liệu,Thấp,
"Thai chậm phát triển, suy dinh dưỡng, rối loạn gắn liền với thai nghén và cân nặng không đủ khi sinh - Slow fetal growth, fetal malnutrition and disorders related to short gestation and low birth weight",D??i 1 tu?i,2026,6,Mùa mưa,1.2246467991473532e-16,-1.0,0,0,0,0,0,0.0,0.0,0,2026-05,2026-06,0,0,Không đủ dữ liệu,Thấp,
Thiếu máu do thiếu sắt - Iron deficiency anaemia,1-5 tu?i,2026,6,Mùa mưa,1.2246467991473532e-16,-1.0,0,0,0,0,0,0.0,0.0,0,2026-05,2026-06,0,0,Không đủ dữ liệu,Thấp,
Thiếu máu do thiếu sắt - Iron deficiency anaemia,11-15 tu?i,2026,6,Mùa mưa,1.2246467991473532e-16,-1.0,0,0,0,0,0,0.0,0.0,0,2026-05,2026-06,0,0,Không đủ dữ liệu,Thấp,
Thiếu máu do thiếu sắt - Iron deficiency anaemia,D??i 1 tu?i,2026,6,Mùa mưa,1.2246467991473532e-16,-1.0,0,0,0,0,0,0.0,0.0,0,2026-05,2026-06,0,0,Không đủ dữ liệu,Thấp,
Thiếu máu do thiếu sắt - Iron deficiency anaemia,Tr?n 15 tu?i,2026,6,Mùa mưa,1.2246467991473532e-16,-1.0,0,0,0,0,0,0.0,0.0,0,2026-05,2026-06,0,0,Không đủ dữ liệu,Thấp,
Thiếu vitamin khác - Other vitamin deficiencies.,1-5 tu?i,2026,6,Mùa mưa,1.2246467991473532e-16,-1.0,0,0,0,0,0,0.0,0.0,0,2026-05,2026-06,0,0,Không đủ dữ liệu,Thấp,
Thiếu vitamin khác - Other vitamin deficiencies.,11-15 tu?i,2026,6,Mùa mưa,1.2246467991473532e-16,-1.0,0,0,0,0,0,0.0,0.0,0,2026-05,2026-06,0,0,Không đủ dữ liệu,Thấp,
Thiếu vitamin khác - Other vitamin deficiencies.,D??i 1 tu?i,2026,6,Mùa mưa,1.2246467991473532e-16,-1.0,0,0,0,0,0,0.0,0.0,0,2026-05,2026-06,0,0,Không đủ dữ liệu,Thấp,
Thoát vị bẹn - Inguinal hernia,1-5 tu?i,2026,6,Mùa mưa,1.2246467991473532e-16,-1.0,0,0,0,0,0,0.0,0.0,0,2026-05,2026-06,0,0,Không đủ dữ liệu,Thấp,
Thoát vị bẹn - Inguinal hernia,11-15 tu?i,2026,6,Mùa mưa,1.2246467991473532e-16,-1.0,0,0,0,0,0,0.0,0.0,0,2026-05,2026-06,0,0,Không đủ dữ liệu,Thấp,
Thoát vị bẹn - Inguinal hernia,D??i 1 tu?i,2026,6,Mùa mưa,1.2246467991473532e-16,-1.0,0,0,0,0,0,0.0,0.0,0,2026-05,2026-06,0,0,Không đủ dữ liệu,Thấp,
Thoát vị bẹn - Inguinal hernia,Tr?n 15 tu?i,2026,6,Mùa mưa,1.2246467991473532e-16,-1.0,0,0,0,0,0,0.0,0.0,0,2026-05,2026-06,0,0,Không đủ dữ liệu,Thấp,
Thuỷ đậu và zôna - Varicella and Zoster,11-15 tu?i,2026,6,Mùa mưa,1.2246467991473532e-16,-1.0,0,1,0,0,0,0.3333333333333333,0.2,-1,2026-05,2026-06,0,0,Không đủ dữ liệu,Thấp,
Thuỷ đậu và zôna - Varicella and Zoster,Tr?n 15 tu?i,2026,6,Mùa mưa,1.2246467991473532e-16,-1.0,0,0,0,0,0,0.0,0.0,0,2026-05,2026-06,0,0,Không đủ dữ liệu,Thấp,
"Thương hàn, phó thương hàn - Typhoid and paratyphoid fevers",6-10 tu?i,2026,6,Mùa mưa,1.2246467991473532e-16,-1.0,0,0,0,0,0,0.0,0.0,0,2026-05,2026-06,0,0,Không đủ dữ liệu,Thấp,
"Thương hàn, phó thương hàn - Typhoid and paratyphoid fevers",D??i 1 tu?i,2026,6,Mùa mưa,1.2246467991473532e-16,-1.0,0,0,0,0,0,0.0,0.0,0,2026-05,2026-06,0,0,Không đủ dữ liệu,Thấp,
Thương tổn do chấn thương các nội tạng khác - Injury of other internal organs,1-5 tu?i,2026,6,Mùa mưa,1.2246467991473532e-16,-1.0,0,0,0,0,0,0.0,0.0,0,2026-05,2026-06,0,0,Không đủ dữ liệu,Thấp,
Thương tổn do chấn thương các nội tạng khác - Injury of other internal organs,11-15 tu?i,2026,6,Mùa mưa,1.2246467991473532e-16,-1.0,0,0,0,0,0,0.0,0.0,0,2026-05,2026-06,0,0,Không đủ dữ liệu,Thấp,
Thương tổn do chấn thương các nội tạng khác - Injury of other internal organs,6-10 tu?i,2026,6,Mùa mưa,1.2246467991473532e-16,-1.0,0,0,0,0,0,0.0,0.0,0,2026-05,2026-06,0,0,Không đủ dữ liệu,Thấp,
Thương tổn do chấn thương các nội tạng khác - Injury of other internal organs,D??i 1 tu?i,2026,6,Mùa mưa,1.2246467991473532e-16,-1.0,0,0,0,0,0,0.0,0.0,0,2026-05,2026-06,0,0,Không đủ dữ liệu,Thấp,
Thương tổn do chấn thương các nội tạng khác - Injury of other internal organs,Tr?n 15 tu?i,2026,6,Mùa mưa,1.2246467991473532e-16,-1.0,0,0,0,0,0,0.0,0.0,0,2026-05,2026-06,0,0,Không đủ dữ liệu,Thấp,
Thương tổn do chấn thương trong sọ - Intracranial injury,1-5 tu?i,2026,6,Mùa mưa,1.2246467991473532e-16,-1.0,0,0,0,0,0,0.0,0.0,0,2026-05,2026-06,0,0,Không đủ dữ liệu,Thấp,
Thương tổn do chấn thương trong sọ - Intracranial injury,11-15 tu?i,2026,6,Mùa mưa,1.2246467991473532e-16,-1.0,0,0,0,0,0,0.0,0.0,0,2026-05,2026-06,0,0,Không đủ dữ liệu,Thấp,
Thương tổn do chấn thương trong sọ - Intracranial injury,6-10 tu?i,2026,6,Mùa mưa,1.2246467991473532e-16,-1.0,0,0,0,0,0,0.0,0.0,0,2026-05,2026-06,0,0,Không đủ dữ liệu,Thấp,
Thương tổn do chấn thương trong sọ - Intracranial injury,D??i 1 tu?i,2026,6,Mùa mưa,1.2246467991473532e-16,-1.0,0,0,0,0,0,0.0,0.0,0,2026-05,2026-06,0,0,Không đủ dữ liệu,Thấp,
Thương tổn do chấn thương trong sọ - Intracranial injury,Tr?n 15 tu?i,2026,6,Mùa mưa,1.2246467991473532e-16,-1.0,0,0,0,0,0,0.0,0.0,0,2026-05,2026-06,0,0,Không đủ dữ liệu,Thấp,
Thương tổn do chấn thương ở mắt và hốc mắt - Injury of eye and orbit,1-5 tu?i,2026,6,Mùa mưa,1.2246467991473532e-16,-1.0,0,0,0,0,0,0.0,0.0,0,2026-05,2026-06,0,0,Không đủ dữ liệu,Thấp,
Thương tổn do chấn thương ở mắt và hốc mắt - Injury of eye and orbit,6-10 tu?i,2026,6,Mùa mưa,1.2246467991473532e-16,-1.0,0,0,0,0,0,0.0,0.0,0,2026-05,2026-06,0,0,Không đủ dữ liệu,Thấp,
Thương tổn do chấn thương ở mắt và hốc mắt - Injury of eye and orbit,Tr?n 15 tu?i,2026,6,Mùa mưa,1.2246467991473532e-16,-1.0,0,0,0,0,0,0.0,0.0,0,2026-05,2026-06,0,0,Không đủ dữ liệu,Thấp,
Thấp khớp cấp - Acute rheumatic heart disease,11-15 tu?i,2026,6,Mùa mưa,1.2246467991473532e-16,-1.0,0,0,0,0,0,0.0,0.0,0,2026-05,2026-06,0,0,Không đủ dữ liệu,Thấp,
Thấp khớp cấp - Acute rheumatic heart disease,6-10 tu?i,2026,6,Mùa mưa,1.2246467991473532e-16,-1.0,0,0,0,0,0,0.0,0.0,0,2026-05,2026-06,0,0,Không đủ dữ liệu,Thấp,
Thấp khớp cấp - Acute rheumatic heart disease,Tr?n 15 tu?i,2026,6,Mùa mưa,1.2246467991473532e-16,-1.0,0,0,0,0,0,0.0,0.0,0,2026-05,2026-06,0,0,Không đủ dữ liệu,Thấp,
"Thừa bao qui đầu, hẹp và nghẹt bao qui đầu - Redundant prepuce, phimosis and paraphimosis",11-15 tu?i,2026,6,Mùa mưa,1.2246467991473532e-16,-1.0,0,0,0,0,0,0.0,0.0,0,2026-05,2026-06,0,0,Không đủ dữ liệu,Thấp,
"Thừa bao qui đầu, hẹp và nghẹt bao qui đầu - Redundant prepuce, phimosis and paraphimosis",D??i 1 tu?i,2026,6,Mùa mưa,1.2246467991473532e-16,-1.0,0,2,0,0,0,0.6666666666666666,0.4,-2,2026-05,2026-06,0,0,Không đủ dữ liệu,Thấp,
Tinh hoàn lạc chỗ - Undescended testicle,1-5 tu?i,2026,6,Mùa mưa,1.2246467991473532e-16,-1.0,0,0,0,0,0,0.0,0.0,0,2026-05,2026-06,0,0,Không đủ dữ liệu,Thấp,
Tinh hoàn lạc chỗ - Undescended testicle,11-15 tu?i,2026,6,Mùa mưa,1.2246467991473532e-16,-1.0,0,0,0,0,0,0.0,0.0,0,2026-05,2026-06,0,0,Không đủ dữ liệu,Thấp,
Tinh hoàn lạc chỗ - Undescended testicle,6-10 tu?i,2026,6,Mùa mưa,1.2246467991473532e-16,-1.0,0,0,0,0,0,0.0,0.0,0,2026-05,2026-06,0,0,Không đủ dữ liệu,Thấp,
Tinh hoàn lạc chỗ - Undescended testicle,D??i 1 tu?i,2026,6,Mùa mưa,1.2246467991473532e-16,-1.0,0,0,0,0,0,0.0,0.0,0,2026-05,2026-06,0,0,Không đủ dữ liệu,Thấp,
Tinh hoàn lạc chỗ - Undescended testicle,Tr?n 15 tu?i,2026,6,Mùa mưa,1.2246467991473532e-16,-1.0,0,0,0,0,0,0.0,0.0,0,2026-05,2026-06,0,0,Không đủ dữ liệu,Thấp,
"Tràn dịch tinh mạc, u nang tinh dịch - Hydrocele and spermatocele",1-5 tu?i,2026,6,Mùa mưa,1.2246467991473532e-16,-1.0,0,0,0,0,0,0.0,0.0,0,2026-05,2026-06,0,0,Không đủ dữ liệu,Thấp,
"Tràn dịch tinh mạc, u nang tinh dịch - Hydrocele and spermatocele",11-15 tu?i,2026,6,Mùa mưa,1.2246467991473532e-16,-1.0,0,0,0,0,0,0.0,0.0,0,2026-05,2026-06,0,0,Không đủ dữ liệu,Thấp,
"Tràn dịch tinh mạc, u nang tinh dịch - Hydrocele and spermatocele",6-10 tu?i,2026,6,Mùa mưa,1.2246467991473532e-16,-1.0,0,0,0,0,0,0.0,0.0,0,2026-05,2026-06,0,0,Không đủ dữ liệu,Thấp,
"Tràn dịch tinh mạc, u nang tinh dịch - Hydrocele and spermatocele",D??i 1 tu?i,2026,6,Mùa mưa,1.2246467991473532e-16,-1.0,0,0,0,0,0,0.0,0.0,0,2026-05,2026-06,0,0,Không đủ dữ liệu,Thấp,
Trật đốt sống cổ và các đốt sống khác - Cervical and other interverbral disc disorders,11-15 tu?i,2026,6,Mùa mưa,1.2246467991473532e-16,-1.0,0,0,0,0,0,0.0,0.0,0,2026-05,2026-06,0,0,Không đủ dữ liệu,Thấp,
Tác hại của các chất có nguồn gốc chủ yếu không phải thuốc - Toxic effects of substances chiefly nonmedical as to source,1-5 tu?i,2026,6,Mùa mưa,1.2246467991473532e-16,-1.0,0,0,0,0,0,0.0,0.0,0,2026-05,2026-06,0,0,Không đủ dữ liệu,Thấp,
Tác hại của các chất có nguồn gốc chủ yếu không phải thuốc - Toxic effects of substances chiefly nonmedical as to source,11-15 tu?i,2026,6,Mùa mưa,1.2246467991473532e-16,-1.0,0,0,0,0,0,0.0,0.0,0,2026-05,2026-06,0,0,Không đủ dữ liệu,Thấp,
Tác hại của các chất có nguồn gốc chủ yếu không phải thuốc - Toxic effects of substances chiefly nonmedical as to source,6-10 tu?i,2026,6,Mùa mưa,1.2246467991473532e-16,-1.0,0,0,0,0,0,0.0,0.0,0,2026-05,2026-06,0,0,Không đủ dữ liệu,Thấp,
Tác hại của các chất có nguồn gốc chủ yếu không phải thuốc - Toxic effects of substances chiefly nonmedical as to source,D??i 1 tu?i,2026,6,Mùa mưa,1.2246467991473532e-16,-1.0,0,0,0,0,0,0.0,0.0,0,2026-05,2026-06,0,0,Không đủ dữ liệu,Thấp,
"Tâm thần phân liệt, rối loạn dạng phân liệt và hoang tưởng - Schizophrenia, schiztypal and delusional disorders",1-5 tu?i,2026,6,Mùa mưa,1.2246467991473532e-16,-1.0,0,0,0,0,0,0.0,0.0,0,2026-05,2026-06,0,0,Không đủ dữ liệu,Thấp,
"Tâm thần phân liệt, rối loạn dạng phân liệt và hoang tưởng - Schizophrenia, schiztypal and delusional disorders",11-15 tu?i,2026,6,Mùa mưa,1.2246467991473532e-16,-1.0,0,0,0,0,0,0.0,0.0,0,2026-05,2026-06,0,0,Không đủ dữ liệu,Thấp,
"Tâm thần phân liệt, rối loạn dạng phân liệt và hoang tưởng - Schizophrenia, schiztypal and delusional disorders",6-10 tu?i,2026,6,Mùa mưa,1.2246467991473532e-16,-1.0,0,0,0,0,0,0.0,0.0,0,2026-05,2026-06,0,0,Không đủ dữ liệu,Thấp,
"Tâm thần phân liệt, rối loạn dạng phân liệt và hoang tưởng - Schizophrenia, schiztypal and delusional disorders",Tr?n 15 tu?i,2026,6,Mùa mưa,1.2246467991473532e-16,-1.0,0,0,0,0,0,0.0,0.0,0,2026-05,2026-06,0,0,Không đủ dữ liệu,Thấp,
Tăng huyết áp nguyên phát - Essential (primary) hypertension,1-5 tu?i,2026,6,Mùa mưa,1.2246467991473532e-16,-1.0,0,0,0,0,0,0.0,0.0,0,2026-05,2026-06,0,0,Không đủ dữ liệu,Thấp,
Tăng huyết áp nguyên phát - Essential (primary) hypertension,11-15 tu?i,2026,6,Mùa mưa,1.2246467991473532e-16,-1.0,0,0,0,0,0,0.0,0.0,0,2026-05,2026-06,0,0,Không đủ dữ liệu,Thấp,
Tăng huyết áp nguyên phát - Essential (primary) hypertension,6-10 tu?i,2026,6,Mùa mưa,1.2246467991473532e-16,-1.0,0,0,0,0,0,0.0,0.0,0,2026-05,2026-06,0,0,Không đủ dữ liệu,Thấp,
Tăng huyết áp nguyên phát - Essential (primary) hypertension,D??i 1 tu?i,2026,6,Mùa mưa,1.2246467991473532e-16,-1.0,0,0,0,0,0,0.0,0.0,0,2026-05,2026-06,0,0,Không đủ dữ liệu,Thấp,
Tăng huyết áp nguyên phát - Essential (primary) hypertension,Tr?n 15 tu?i,2026,6,Mùa mưa,1.2246467991473532e-16,-1.0,0,0,0,0,0,0.0,0.0,0,2026-05,2026-06,0,0,Không đủ dữ liệu,Thấp,
Tả - Cholera,D??i 1 tu?i,2026,6,Mùa mưa,1.2246467991473532e-16,-1.0,0,0,0,0,0,0.0,0.0,0,2026-05,2026-06,0,0,Không đủ dữ liệu,Thấp,
"Tật khúc xạ, các rối loạn điều tiết - Disorders of refraction and accomodation",11-15 tu?i,2026,6,Mùa mưa,1.2246467991473532e-16,-1.0,0,0,0,0,0,0.0,0.0,0,2026-05,2026-06,0,0,Không đủ dữ liệu,Thấp,
"Tật khúc xạ, các rối loạn điều tiết - Disorders of refraction and accomodation",6-10 tu?i,2026,6,Mùa mưa,1.2246467991473532e-16,-1.0,0,0,0,0,0,0.0,0.0,0,2026-05,2026-06,0,0,Không đủ dữ liệu,Thấp,
"Tắc liệt ruột và tắc ruột không do thoát vị - Paralytic ileus, intestinal obstruction without hernia",11-15 tu?i,2026,6,Mùa mưa,1.2246467991473532e-16,-1.0,0,0,0,0,0,0.0,0.0,0,2026-05,2026-06,0,0,Không đủ dữ liệu,Thấp,
"Tắc liệt ruột và tắc ruột không do thoát vị - Paralytic ileus, intestinal obstruction without hernia",D??i 1 tu?i,2026,6,Mùa mưa,1.2246467991473532e-16,-1.0,0,0,0,0,0,0.0,0.0,0,2026-05,2026-06,0,0,Không đủ dữ liệu,Thấp,
"Tắc liệt ruột và tắc ruột không do thoát vị - Paralytic ileus, intestinal obstruction without hernia",Kh?ng r?,2026,6,Mùa mưa,1.2246467991473532e-16,-1.0,0,0,0,0,0,0.0,0.0,0,2026-05,2026-06,0,0,Không đủ dữ liệu,Thấp,
"Tắc liệt ruột và tắc ruột không do thoát vị - Paralytic ileus, intestinal obstruction without hernia",Tr?n 15 tu?i,2026,6,Mùa mưa,1.2246467991473532e-16,-1.0,0,0,0,0,0,0.0,0.0,0,2026-05,2026-06,0,0,Không đủ dữ liệu,Thấp,
"Tổn thương chảy máu, bệnh khác của máu và cơ quan tạo máu - Haemorrhagic conditions and other diseases of blood, blood",11-15 tu?i,2026,6,Mùa mưa,1.2246467991473532e-16,-1.0,0,0,0,0,0,0.0,0.0,0,2026-05,2026-06,0,0,Không đủ dữ liệu,Thấp,
"Tổn thương chảy máu, bệnh khác của máu và cơ quan tạo máu - Haemorrhagic conditions and other diseases of blood, blood",D??i 1 tu?i,2026,6,Mùa mưa,1.2246467991473532e-16,-1.0,0,0,2,0,0,0.6666666666666666,0.4,0,2026-05,2026-06,0,0,Không đủ dữ liệu,Thấp,
"Tổn thương chảy máu, bệnh khác của máu và cơ quan tạo máu - Haemorrhagic conditions and other diseases of blood, blood",Tr?n 15 tu?i,2026,6,Mùa mưa,1.2246467991473532e-16,-1.0,0,0,0,0,0,0.0,0.0,0,2026-05,2026-06,0,0,Không đủ dữ liệu,Thấp,
Tổn thương của vú - Disorders of breast,1-5 tu?i,2026,6,Mùa mưa,1.2246467991473532e-16,-1.0,0,0,0,0,0,0.0,0.0,0,2026-05,2026-06,0,0,Không đủ dữ liệu,Thấp,
Tổn thương của vú - Disorders of breast,11-15 tu?i,2026,6,Mùa mưa,1.2246467991473532e-16,-1.0,0,0,0,0,0,0.0,0.0,0,2026-05,2026-06,0,0,Không đủ dữ liệu,Thấp,
Tổn thương của vú - Disorders of breast,6-10 tu?i,2026,6,Mùa mưa,1.2246467991473532e-16,-1.0,0,0,0,0,0,0.0,0.0,0,2026-05,2026-06,0,0,Không đủ dữ liệu,Thấp,
Tổn thương của vú - Disorders of breast,Tr?n 15 tu?i,2026,6,Mùa mưa,1.2246467991473532e-16,-1.0,0,0,0,0,0,0.0,0.0,0,2026-05,2026-06,0,0,Không đủ dữ liệu,Thấp,
Tổn thương khác có nguồn gốc trong thời kỳ chu sinh - Other conditions originating in the perinatal period,1-5 tu?i,2026,6,Mùa mưa,1.2246467991473532e-16,-1.0,0,0,0,0,0,0.0,0.0,0,2026-05,2026-06,0,0,Không đủ dữ liệu,Thấp,
Tổn thương khác có nguồn gốc trong thời kỳ chu sinh - Other conditions originating in the perinatal period,11-15 tu?i,2026,6,Mùa mưa,1.2246467991473532e-16,-1.0,0,0,0,0,0,0.0,0.0,0,2026-05,2026-06,0,0,Không đủ dữ liệu,Thấp,
Tổn thương khác có nguồn gốc trong thời kỳ chu sinh - Other conditions originating in the perinatal period,6-10 tu?i,2026,6,Mùa mưa,1.2246467991473532e-16,-1.0,0,0,0,0,0,0.0,0.0,0,2026-05,2026-06,0,0,Không đủ dữ liệu,Thấp,
Tổn thương khác có nguồn gốc trong thời kỳ chu sinh - Other conditions originating in the perinatal period,D??i 1 tu?i,2026,6,Mùa mưa,1.2246467991473532e-16,-1.0,0,0,0,0,0,0.0,0.0,0,2026-05,2026-06,0,0,Không đủ dữ liệu,Thấp,
Tổn thương khác có nguồn gốc trong thời kỳ chu sinh - Other conditions originating in the perinatal period,Tr?n 15 tu?i,2026,6,Mùa mưa,1.2246467991473532e-16,-1.0,0,0,0,0,0,0.0,0.0,0,2026-05,2026-06,0,0,Không đủ dữ liệu,Thấp,
Tổn thương khác của tuyến giáp - Other disorders of thyroid.,1-5 tu?i,2026,6,Mùa mưa,1.2246467991473532e-16,-1.0,0,0,0,0,0,0.0,0.0,0,2026-05,2026-06,0,0,Không đủ dữ liệu,Thấp,
Tổn thương khác của tuyến giáp - Other disorders of thyroid.,11-15 tu?i,2026,6,Mùa mưa,1.2246467991473532e-16,-1.0,0,0,0,0,0,0.0,0.0,0,2026-05,2026-06,0,0,Không đủ dữ liệu,Thấp,
Tổn thương khác của tuyến giáp - Other disorders of thyroid.,6-10 tu?i,2026,6,Mùa mưa,1.2246467991473532e-16,-1.0,0,0,0,0,0,0.0,0.0,0,2026-05,2026-06,0,0,Không đủ dữ liệu,Thấp,
Tổn thương khác của tuyến giáp - Other disorders of thyroid.,D??i 1 tu?i,2026,6,Mùa mưa,1.2246467991473532e-16,-1.0,0,0,0,0,0,0.0,0.0,0,2026-05,2026-06,0,0,Không đủ dữ liệu,Thấp,
Tổn thương khác của tuyến giáp - Other disorders of thyroid.,Tr?n 15 tu?i,2026,6,Mùa mưa,1.2246467991473532e-16,-1.0,0,0,0,0,0,0.0,0.0,0,2026-05,2026-06,0,0,Không đủ dữ liệu,Thấp,
Tổn thương khác của tuyến tiền liệt - Other disorders of prostate,1-5 tu?i,2026,6,Mùa mưa,1.2246467991473532e-16,-1.0,0,0,0,0,0,0.0,0.0,0,2026-05,2026-06,0,0,Không đủ dữ liệu,Thấp,
Tổn thương khác của tuyến tiền liệt - Other disorders of prostate,D??i 1 tu?i,2026,6,Mùa mưa,1.2246467991473532e-16,-1.0,0,0,0,0,0,0.0,0.0,0,2026-05,2026-06,0,0,Không đủ dữ liệu,Thấp,
Tổn thương khác liên quan đến răng và mô quanh răng - Other disorders of teeth and supporting structures,1-5 tu?i,2026,6,Mùa mưa,1.2246467991473532e-16,-1.0,0,0,0,0,0,0.0,0.0,0,2026-05,2026-06,0,0,Không đủ dữ liệu,Thấp,
Tổn thương khác liên quan đến răng và mô quanh răng - Other disorders of teeth and supporting structures,11-15 tu?i,2026,6,Mùa mưa,1.2246467991473532e-16,-1.0,0,0,0,0,0,0.0,0.0,0,2026-05,2026-06,0,0,Không đủ dữ liệu,Thấp,
Tổn thương khác liên quan đến răng và mô quanh răng - Other disorders of teeth and supporting structures,6-10 tu?i,2026,6,Mùa mưa,1.2246467991473532e-16,-1.0,0,0,0,0,0,0.0,0.0,0,2026-05,2026-06,0,0,Không đủ dữ liệu,Thấp,
Tổn thương khác liên quan đến răng và mô quanh răng - Other disorders of teeth and supporting structures,D??i 1 tu?i,2026,6,Mùa mưa,1.2246467991473532e-16,-1.0,0,0,0,0,0,0.0,0.0,0,2026-05,2026-06,0,0,Không đủ dữ liệu,Thấp,
"Tổn thương không viêm của buồng trứng, vòi fallope và dây chằng rộng - Noinflammatory disorders of ovary, fallopian tube and broad ligament",1-5 tu?i,2026,6,Mùa mưa,1.2246467991473532e-16,-1.0,0,0,0,0,0,0.0,0.0,0,2026-05,2026-06,0,0,Không đủ dữ liệu,Thấp,
"Tổn thương không viêm của buồng trứng, vòi fallope và dây chằng rộng - Noinflammatory disorders of ovary, fallopian tube and broad ligament",11-15 tu?i,2026,6,Mùa mưa,1.2246467991473532e-16,-1.0,0,0,0,0,0,0.0,0.0,0,2026-05,2026-06,0,0,Không đủ dữ liệu,Thấp,
"Tổn thương không viêm của buồng trứng, vòi fallope và dây chằng rộng - Noinflammatory disorders of ovary, fallopian tube and broad ligament",6-10 tu?i,2026,6,Mùa mưa,1.2246467991473532e-16,-1.0,0,0,0,0,0,0.0,0.0,0,2026-05,2026-06,0,0,Không đủ dữ liệu,Thấp,
"Tổn thương không viêm của buồng trứng, vòi fallope và dây chằng rộng - Noinflammatory disorders of ovary, fallopian tube and broad ligament",D??i 1 tu?i,2026,6,Mùa mưa,1.2246467991473532e-16,-1.0,0,0,0,0,0,0.0,0.0,0,2026-05,2026-06,0,0,Không đủ dữ liệu,Thấp,
"Tổn thương không viêm của buồng trứng, vòi fallope và dây chằng rộng - Noinflammatory disorders of ovary, fallopian tube and broad ligament",Tr?n 15 tu?i,2026,6,Mùa mưa,1.2246467991473532e-16,-1.0,0,0,0,0,0,0.0,0.0,0,2026-05,2026-06,0,0,Không đủ dữ liệu,Thấp,
"Tổn thương thần kinh, rễ và đám rối thần kinh - Nerve, nerve root and plexus disorders",1-5 tu?i,2026,6,Mùa mưa,1.2246467991473532e-16,-1.0,0,0,0,0,0,0.0,0.0,0,2026-05,2026-06,0,0,Không đủ dữ liệu,Thấp,
"Tổn thương thần kinh, rễ và đám rối thần kinh - Nerve, nerve root and plexus disorders",11-15 tu?i,2026,6,Mùa mưa,1.2246467991473532e-16,-1.0,0,0,0,0,0,0.0,0.0,0,2026-05,2026-06,0,0,Không đủ dữ liệu,Thấp,
"Tổn thương thần kinh, rễ và đám rối thần kinh - Nerve, nerve root and plexus disorders",6-10 tu?i,2026,6,Mùa mưa,1.2246467991473532e-16,-1.0,0,0,0,0,0,0.0,0.0,0,2026-05,2026-06,0,0,Không đủ dữ liệu,Thấp,
"Tổn thương thần kinh, rễ và đám rối thần kinh - Nerve, nerve root and plexus disorders",D??i 1 tu?i,2026,6,Mùa mưa,1.2246467991473532e-16,-1.0,0,0,0,0,0,0.0,0.0,0,2026-05,2026-06,0,0,Không đủ dữ liệu,Thấp,
"Tổn thương thần kinh, rễ và đám rối thần kinh - Nerve, nerve root and plexus disorders",Tr?n 15 tu?i,2026,6,Mùa mưa,1.2246467991473532e-16,-1.0,0,0,0,0,0,0.0,0.0,0,2026-05,2026-06,0,0,Không đủ dữ liệu,Thấp,
Tổn thương tuyến giáp liên quan đến thiếu iod - Iodine deficiency- related thyroid disorders,11-15 tu?i,2026,6,Mùa mưa,1.2246467991473532e-16,-1.0,0,0,0,0,0,0.0,0.0,0,2026-05,2026-06,0,0,Không đủ dữ liệu,Thấp,
Tổn thương tuyến giáp liên quan đến thiếu iod - Iodine deficiency- related thyroid disorders,D??i 1 tu?i,2026,6,Mùa mưa,1.2246467991473532e-16,-1.0,0,0,0,0,0,0.0,0.0,0,2026-05,2026-06,0,0,Không đủ dữ liệu,Thấp,
Tổn thương viêm khác của các cơ quan khung chậu nữ - Other inflamatory diseases of female pelvic organs,1-5 tu?i,2026,6,Mùa mưa,1.2246467991473532e-16,-1.0,0,0,0,0,0,0.0,0.0,0,2026-05,2026-06,0,0,Không đủ dữ liệu,Thấp,
Tổn thương viêm khác của các cơ quan khung chậu nữ - Other inflamatory diseases of female pelvic organs,11-15 tu?i,2026,6,Mùa mưa,1.2246467991473532e-16,-1.0,0,0,0,0,0,0.0,0.0,0,2026-05,2026-06,0,0,Không đủ dữ liệu,Thấp,
Tổn thương viêm khác của các cơ quan khung chậu nữ - Other inflamatory diseases of female pelvic organs,6-10 tu?i,2026,6,Mùa mưa,1.2246467991473532e-16,-1.0,0,0,0,0,0,0.0,0.0,0,2026-05,2026-06,0,0,Không đủ dữ liệu,Thấp,
Tổn thương viêm khác của các cơ quan khung chậu nữ - Other inflamatory diseases of female pelvic organs,D??i 1 tu?i,2026,6,Mùa mưa,1.2246467991473532e-16,-1.0,0,0,0,0,0,0.0,0.0,0,2026-05,2026-06,0,0,Không đủ dữ liệu,Thấp,
Tự tử - Intentional self-harm,Tr?n 15 tu?i,2026,6,Mùa mưa,1.2246467991473532e-16,-1.0,0,0,0,0,0,0.0,0.0,0,2026-05,2026-06,0,0,Không đủ dữ liệu,Thấp,
U bạch huyết không phải Hodgkin - Non-Hodgkin's lymphoma,1-5 tu?i,2026,6,Mùa mưa,1.2246467991473532e-16,-1.0,0,0,0,0,0,0.0,0.0,0,2026-05,2026-06,0,0,Không đủ dữ liệu,Thấp,
U bạch huyết không phải Hodgkin - Non-Hodgkin's lymphoma,11-15 tu?i,2026,6,Mùa mưa,1.2246467991473532e-16,-1.0,0,0,0,0,0,0.0,0.0,0,2026-05,2026-06,0,0,Không đủ dữ liệu,Thấp,
U bạch huyết không phải Hodgkin - Non-Hodgkin's lymphoma,6-10 tu?i,2026,6,Mùa mưa,1.2246467991473532e-16,-1.0,0,0,0,0,0,0.0,0.0,0,2026-05,2026-06,0,0,Không đủ dữ liệu,Thấp,
U bạch huyết không phải Hodgkin - Non-Hodgkin's lymphoma,D??i 1 tu?i,2026,6,Mùa mưa,1.2246467991473532e-16,-1.0,0,0,0,0,0,0.0,0.0,0,2026-05,2026-06,0,0,Không đủ dữ liệu,Thấp,
U bạch huyết không phải Hodgkin - Non-Hodgkin's lymphoma,Tr?n 15 tu?i,2026,6,Mùa mưa,1.2246467991473532e-16,-1.0,0,0,0,0,0,0.0,0.0,0,2026-05,2026-06,0,0,Không đủ dữ liệu,Thấp,
U cơ trơn tử cung - Leiomyoma of uterus,11-15 tu?i,2026,6,Mùa mưa,1.2246467991473532e-16,-1.0,0,0,0,0,0,0.0,0.0,0,2026-05,2026-06,0,0,Không đủ dữ liệu,Thấp,
U da lành - Benign neoplasm of skin,1-5 tu?i,2026,6,Mùa mưa,1.2246467991473532e-16,-1.0,0,0,0,0,0,0.0,0.0,0,2026-05,2026-06,0,0,Không đủ dữ liệu,Thấp,
U da lành - Benign neoplasm of skin,11-15 tu?i,2026,6,Mùa mưa,1.2246467991473532e-16,-1.0,0,0,0,0,0,0.0,0.0,0,2026-05,2026-06,0,0,Không đủ dữ liệu,Thấp,
U da lành - Benign neoplasm of skin,6-10 tu?i,2026,6,Mùa mưa,1.2246467991473532e-16,-1.0,0,0,0,0,0,0.0,0.0,0,2026-05,2026-06,0,0,Không đủ dữ liệu,Thấp,
U da lành - Benign neoplasm of skin,D??i 1 tu?i,2026,6,Mùa mưa,1.2246467991473532e-16,-1.0,0,0,0,0,0,0.0,0.0,0,2026-05,2026-06,0,0,Không đủ dữ liệu,Thấp,
U da lành - Benign neoplasm of skin,Tr?n 15 tu?i,2026,6,Mùa mưa,1.2246467991473532e-16,-1.0,0,0,0,0,0,0.0,0.0,0,2026-05,2026-06,0,0,Không đủ dữ liệu,Thấp,
"U khác insitu, lành tính và các u tiến triển không chắc chắn hoặc chưa rõ - Other insitus and benign neoplasms and neoplasms of uncertain or unknown behaviour",1-5 tu?i,2026,6,Mùa mưa,1.2246467991473532e-16,-1.0,0,0,0,0,0,0.0,0.0,0,2026-05,2026-06,0,0,Không đủ dữ liệu,Thấp,
"U khác insitu, lành tính và các u tiến triển không chắc chắn hoặc chưa rõ - Other insitus and benign neoplasms and neoplasms of uncertain or unknown behaviour",11-15 tu?i,2026,6,Mùa mưa,1.2246467991473532e-16,-1.0,0,0,0,0,0,0.0,0.0,0,2026-05,2026-06,0,0,Không đủ dữ liệu,Thấp,
"U khác insitu, lành tính và các u tiến triển không chắc chắn hoặc chưa rõ - Other insitus and benign neoplasms and neoplasms of uncertain or unknown behaviour",6-10 tu?i,2026,6,Mùa mưa,1.2246467991473532e-16,-1.0,0,0,0,0,0,0.0,0.0,0,2026-05,2026-06,0,0,Không đủ dữ liệu,Thấp,
"U khác insitu, lành tính và các u tiến triển không chắc chắn hoặc chưa rõ - Other insitus and benign neoplasms and neoplasms of uncertain or unknown behaviour",D??i 1 tu?i,2026,6,Mùa mưa,1.2246467991473532e-16,-1.0,0,0,0,0,0,0.0,0.0,0,2026-05,2026-06,0,0,Không đủ dữ liệu,Thấp,
"U khác insitu, lành tính và các u tiến triển không chắc chắn hoặc chưa rõ - Other insitus and benign neoplasms and neoplasms of uncertain or unknown behaviour",Tr?n 15 tu?i,2026,6,Mùa mưa,1.2246467991473532e-16,-1.0,0,0,0,0,0,0.0,0.0,0,2026-05,2026-06,0,0,Không đủ dữ liệu,Thấp,
U lành cơ quan tiết niệu - Benign neoplasm of urinary organs,11-15 tu?i,2026,6,Mùa mưa,1.2246467991473532e-16,-1.0,0,0,0,0,0,0.0,0.0,0,2026-05,2026-06,0,0,Không đủ dữ liệu,Thấp,
U lành cơ quan tiết niệu - Benign neoplasm of urinary organs,6-10 tu?i,2026,6,Mùa mưa,1.2246467991473532e-16,-1.0,0,0,0,0,0,0.0,0.0,0,2026-05,2026-06,0,0,Không đủ dữ liệu,Thấp,
U lành cơ quan tiết niệu - Benign neoplasm of urinary organs,D??i 1 tu?i,2026,6,Mùa mưa,1.2246467991473532e-16,-1.0,0,0,0,0,0,0.0,0.0,0,2026-05,2026-06,0,0,Không đủ dữ liệu,Thấp,
U lành não và các phần khác của hệ thần kinh trung ương - Benign neoplasm of brain and other parts of central nervous system,1-5 tu?i,2026,6,Mùa mưa,1.2246467991473532e-16,-1.0,0,0,0,0,0,0.0,0.0,0,2026-05,2026-06,0,0,Không đủ dữ liệu,Thấp,
U lành não và các phần khác của hệ thần kinh trung ương - Benign neoplasm of brain and other parts of central nervous system,11-15 tu?i,2026,6,Mùa mưa,1.2246467991473532e-16,-1.0,0,0,0,0,0,0.0,0.0,0,2026-05,2026-06,0,0,Không đủ dữ liệu,Thấp,
U lành não và các phần khác của hệ thần kinh trung ương - Benign neoplasm of brain and other parts of central nervous system,6-10 tu?i,2026,6,Mùa mưa,1.2246467991473532e-16,-1.0,0,0,0,0,0,0.0,0.0,0,2026-05,2026-06,0,0,Không đủ dữ liệu,Thấp,
U lành não và các phần khác của hệ thần kinh trung ương - Benign neoplasm of brain and other parts of central nervous system,D??i 1 tu?i,2026,6,Mùa mưa,1.2246467991473532e-16,-1.0,0,0,0,0,0,0.0,0.0,0,2026-05,2026-06,0,0,Không đủ dữ liệu,Thấp,
U lành não và các phần khác của hệ thần kinh trung ương - Benign neoplasm of brain and other parts of central nervous system,Tr?n 15 tu?i,2026,6,Mùa mưa,1.2246467991473532e-16,-1.0,0,0,0,0,0,0.0,0.0,0,2026-05,2026-06,0,0,Không đủ dữ liệu,Thấp,
U vú lành - Benign neoplasm of breast,11-15 tu?i,2026,6,Mùa mưa,1.2246467991473532e-16,-1.0,0,0,0,0,0,0.0,0.0,0,2026-05,2026-06,0,0,Không đủ dữ liệu,Thấp,
U vú lành - Benign neoplasm of breast,6-10 tu?i,2026,6,Mùa mưa,1.2246467991473532e-16,-1.0,0,0,0,0,0,0.0,0.0,0,2026-05,2026-06,0,0,Không đủ dữ liệu,Thấp,
U ác bàng quang - Malignant neoplasm of bladder,1-5 tu?i,2026,6,Mùa mưa,1.2246467991473532e-16,-1.0,0,0,0,0,0,0.0,0.0,0,2026-05,2026-06,0,0,Không đủ dữ liệu,Thấp,
U ác bàng quang - Malignant neoplasm of bladder,6-10 tu?i,2026,6,Mùa mưa,1.2246467991473532e-16,-1.0,0,0,0,0,0,0.0,0.0,0,2026-05,2026-06,0,0,Không đủ dữ liệu,Thấp,
U ác bàng quang - Malignant neoplasm of bladder,Tr?n 15 tu?i,2026,6,Mùa mưa,1.2246467991473532e-16,-1.0,0,0,0,0,0,0.0,0.0,0,2026-05,2026-06,0,0,Không đủ dữ liệu,Thấp,
"U ác chỗ nối trực tràng sigma, trực tràng, hậu môn và ống hậu môn - Malignant neoplasm of rectosigmoid function, rectum, anus and anal canal",1-5 tu?i,2026,6,Mùa mưa,1.2246467991473532e-16,-1.0,0,0,0,0,0,0.0,0.0,0,2026-05,2026-06,0,0,Không đủ dữ liệu,Thấp,
"U ác chỗ nối trực tràng sigma, trực tràng, hậu môn và ống hậu môn - Malignant neoplasm of rectosigmoid function, rectum, anus and anal canal",11-15 tu?i,2026,6,Mùa mưa,1.2246467991473532e-16,-1.0,0,0,0,0,0,0.0,0.0,0,2026-05,2026-06,0,0,Không đủ dữ liệu,Thấp,
"U ác chỗ nối trực tràng sigma, trực tràng, hậu môn và ống hậu môn - Malignant neoplasm of rectosigmoid function, rectum, anus and anal canal",D??i 1 tu?i,2026,6,Mùa mưa,1.2246467991473532e-16,-1.0,0,0,0,0,0,0.0,0.0,0,2026-05,2026-06,0,0,Không đủ dữ liệu,Thấp,
"U ác các khu trú khác, khó định nghĩa, thứ phát, không xác định rõ và phức hợp - Malignant neoplasm of other and ill",1-5 tu?i,2026,6,Mùa mưa,1.2246467991473532e-16,-1.0,0,0,0,0,0,0.0,0.0,0,2026-05,2026-06,0,0,Không đủ dữ liệu,Thấp,
"U ác các khu trú khác, khó định nghĩa, thứ phát, không xác định rõ và phức hợp - Malignant neoplasm of other and ill",11-15 tu?i,2026,6,Mùa mưa,1.2246467991473532e-16,-1.0,0,0,0,0,0,0.0,0.0,0,2026-05,2026-06,0,0,Không đủ dữ liệu,Thấp,
"U ác các khu trú khác, khó định nghĩa, thứ phát, không xác định rõ và phức hợp - Malignant neoplasm of other and ill",6-10 tu?i,2026,6,Mùa mưa,1.2246467991473532e-16,-1.0,0,0,0,0,0,0.0,0.0,0,2026-05,2026-06,0,0,Không đủ dữ liệu,Thấp,
"U ác các khu trú khác, khó định nghĩa, thứ phát, không xác định rõ và phức hợp - Malignant neoplasm of other and ill",D??i 1 tu?i,2026,6,Mùa mưa,1.2246467991473532e-16,-1.0,0,0,0,0,0,0.0,0.0,0,2026-05,2026-06,0,0,Không đủ dữ liệu,Thấp,
"U ác các khu trú khác, khó định nghĩa, thứ phát, không xác định rõ và phức hợp - Malignant neoplasm of other and ill",Tr?n 15 tu?i,2026,6,Mùa mưa,1.2246467991473532e-16,-1.0,0,0,0,0,0,0.0,0.0,0,2026-05,2026-06,0,0,Không đủ dữ liệu,Thấp,
U ác các phần khác của hệ thần kinh trung ương - Malignant neoplasm of other parts of central nervous system,1-5 tu?i,2026,6,Mùa mưa,1.2246467991473532e-16,-1.0,0,0,0,0,0,0.0,0.0,0,2026-05,2026-06,0,0,Không đủ dữ liệu,Thấp,
U ác các phần khác của hệ thần kinh trung ương - Malignant neoplasm of other parts of central nervous system,11-15 tu?i,2026,6,Mùa mưa,1.2246467991473532e-16,-1.0,0,0,0,0,0,0.0,0.0,0,2026-05,2026-06,0,0,Không đủ dữ liệu,Thấp,
U ác các phần khác của hệ thần kinh trung ương - Malignant neoplasm of other parts of central nervous system,6-10 tu?i,2026,6,Mùa mưa,1.2246467991473532e-16,-1.0,0,0,0,0,0,0.0,0.0,0,2026-05,2026-06,0,0,Không đủ dữ liệu,Thấp,
U ác các phần khác của hệ thần kinh trung ương - Malignant neoplasm of other parts of central nervous system,D??i 1 tu?i,2026,6,Mùa mưa,1.2246467991473532e-16,-1.0,0,0,0,0,0,0.0,0.0,0,2026-05,2026-06,0,0,Không đủ dữ liệu,Thấp,
U ác các phần khác của hệ thần kinh trung ương - Malignant neoplasm of other parts of central nervous system,Tr?n 15 tu?i,2026,6,Mùa mưa,1.2246467991473532e-16,-1.0,0,0,0,0,0,0.0,0.0,0,2026-05,2026-06,0,0,Không đủ dữ liệu,Thấp,
U ác các phần khác và không xác định của tử cung - Malignant neoplasms of other and unspecified parts of uterus,1-5 tu?i,2026,6,Mùa mưa,1.2246467991473532e-16,-1.0,0,0,0,0,0,0.0,0.0,0,2026-05,2026-06,0,0,Không đủ dữ liệu,Thấp,
U ác các phần khác và không xác định của tử cung - Malignant neoplasms of other and unspecified parts of uterus,11-15 tu?i,2026,6,Mùa mưa,1.2246467991473532e-16,-1.0,0,0,0,0,0,0.0,0.0,0,2026-05,2026-06,0,0,Không đủ dữ liệu,Thấp,
U ác các phần khác và không xác định của tử cung - Malignant neoplasms of other and unspecified parts of uterus,6-10 tu?i,2026,6,Mùa mưa,1.2246467991473532e-16,-1.0,0,0,0,0,0,0.0,0.0,0,2026-05,2026-06,0,0,Không đủ dữ liệu,Thấp,
U ác các phần khác và không xác định của tử cung - Malignant neoplasms of other and unspecified parts of uterus,D??i 1 tu?i,2026,6,Mùa mưa,1.2246467991473532e-16,-1.0,0,0,0,0,0,0.0,0.0,0,2026-05,2026-06,0,0,Không đủ dữ liệu,Thấp,
U ác dạ dày - Malignant neoplasm of stomach,11-15 tu?i,2026,6,Mùa mưa,1.2246467991473532e-16,-1.0,0,0,0,0,0,0.0,0.0,0,2026-05,2026-06,0,0,Không đủ dữ liệu,Thấp,
U ác dạ dày - Malignant neoplasm of stomach,6-10 tu?i,2026,6,Mùa mưa,1.2246467991473532e-16,-1.0,0,0,0,0,0,0.0,0.0,0,2026-05,2026-06,0,0,Không đủ dữ liệu,Thấp,
U ác gan và đường mật trong gan - Malignant neoplasm of liver and intrahepatic bile ducts,1-5 tu?i,2026,6,Mùa mưa,1.2246467991473532e-16,-1.0,0,0,0,0,0,0.0,0.0,0,2026-05,2026-06,0,0,Không đủ dữ liệu,Thấp,
U ác gan và đường mật trong gan - Malignant neoplasm of liver and intrahepatic bile ducts,11-15 tu?i,2026,6,Mùa mưa,1.2246467991473532e-16,-1.0,0,0,0,0,0,0.0,0.0,0,2026-05,2026-06,0,0,Không đủ dữ liệu,Thấp,
U ác gan và đường mật trong gan - Malignant neoplasm of liver and intrahepatic bile ducts,6-10 tu?i,2026,6,Mùa mưa,1.2246467991473532e-16,-1.0,0,0,0,0,0,0.0,0.0,0,2026-05,2026-06,0,0,Không đủ dữ liệu,Thấp,
U ác gan và đường mật trong gan - Malignant neoplasm of liver and intrahepatic bile ducts,D??i 1 tu?i,2026,6,Mùa mưa,1.2246467991473532e-16,-1.0,0,0,0,0,0,0.0,0.0,0,2026-05,2026-06,0,0,Không đủ dữ liệu,Thấp,
U ác gan và đường mật trong gan - Malignant neoplasm of liver and intrahepatic bile ducts,Tr?n 15 tu?i,2026,6,Mùa mưa,1.2246467991473532e-16,-1.0,0,0,0,0,0,0.0,0.0,0,2026-05,2026-06,0,0,Không đủ dữ liệu,Thấp,
U ác hắc tố da - Malignant melanoma of skin,1-5 tu?i,2026,6,Mùa mưa,1.2246467991473532e-16,-1.0,0,0,0,0,0,0.0,0.0,0,2026-05,2026-06,0,0,Không đủ dữ liệu,Thấp,
U ác hắc tố da - Malignant melanoma of skin,11-15 tu?i,2026,6,Mùa mưa,1.2246467991473532e-16,-1.0,0,0,0,0,0,0.0,0.0,0,2026-05,2026-06,0,0,Không đủ dữ liệu,Thấp,
U ác hắc tố da - Malignant melanoma of skin,6-10 tu?i,2026,6,Mùa mưa,1.2246467991473532e-16,-1.0,0,0,0,0,0,0.0,0.0,0,2026-05,2026-06,0,0,Không đủ dữ liệu,Thấp,
U ác khác cơ quan sinh dục nữ - Malignant neoplasms of female genital organs,1-5 tu?i,2026,6,Mùa mưa,1.2246467991473532e-16,-1.0,0,0,0,0,0,0.0,0.0,0,2026-05,2026-06,0,0,Không đủ dữ liệu,Thấp,
U ác khác cơ quan sinh dục nữ - Malignant neoplasms of female genital organs,6-10 tu?i,2026,6,Mùa mưa,1.2246467991473532e-16,-1.0,0,0,0,0,0,0.0,0.0,0,2026-05,2026-06,0,0,Không đủ dữ liệu,Thấp,
U ác khác cơ quan sinh dục nữ - Malignant neoplasms of female genital organs,D??i 1 tu?i,2026,6,Mùa mưa,1.2246467991473532e-16,-1.0,0,0,0,0,0,0.0,0.0,0,2026-05,2026-06,0,0,Không đủ dữ liệu,Thấp,
U ác khác của cơ quan sinh dục nam - Other malignant neoplasms of male genital organs,1-5 tu?i,2026,6,Mùa mưa,1.2246467991473532e-16,-1.0,0,0,0,0,0,0.0,0.0,0,2026-05,2026-06,0,0,Không đủ dữ liệu,Thấp,
U ác khác của cơ quan sinh dục nam - Other malignant neoplasms of male genital organs,11-15 tu?i,2026,6,Mùa mưa,1.2246467991473532e-16,-1.0,0,0,0,0,0,0.0,0.0,0,2026-05,2026-06,0,0,Không đủ dữ liệu,Thấp,
U ác khác của cơ quan sinh dục nam - Other malignant neoplasms of male genital organs,6-10 tu?i,2026,6,Mùa mưa,1.2246467991473532e-16,-1.0,0,0,0,0,0,0.0,0.0,0,2026-05,2026-06,0,0,Không đủ dữ liệu,Thấp,
U ác khác của cơ quan sinh dục nam - Other malignant neoplasms of male genital organs,D??i 1 tu?i,2026,6,Mùa mưa,1.2246467991473532e-16,-1.0,0,0,0,0,0,0.0,0.0,0,2026-05,2026-06,0,0,Không đủ dữ liệu,Thấp,
U ác khác của đường tiết niệu - Other malignant neoplasms of uterinary tract,1-5 tu?i,2026,6,Mùa mưa,1.2246467991473532e-16,-1.0,0,0,0,0,0,0.0,0.0,0,2026-05,2026-06,0,0,Không đủ dữ liệu,Thấp,
U ác khác của đường tiết niệu - Other malignant neoplasms of uterinary tract,11-15 tu?i,2026,6,Mùa mưa,1.2246467991473532e-16,-1.0,0,0,0,0,0,0.0,0.0,0,2026-05,2026-06,0,0,Không đủ dữ liệu,Thấp,
U ác khác của đường tiết niệu - Other malignant neoplasms of uterinary tract,D??i 1 tu?i,2026,6,Mùa mưa,1.2246467991473532e-16,-1.0,0,0,0,0,0,0.0,0.0,0,2026-05,2026-06,0,0,Không đủ dữ liệu,Thấp,
"U ác khí quản, phế quản và phổi - Malignant neoplasms of trachea, bronchus and lung",11-15 tu?i,2026,6,Mùa mưa,1.2246467991473532e-16,-1.0,0,0,0,0,0,0.0,0.0,0,2026-05,2026-06,0,0,Không đủ dữ liệu,Thấp,
"U ác khí quản, phế quản và phổi - Malignant neoplasms of trachea, bronchus and lung",Tr?n 15 tu?i,2026,6,Mùa mưa,1.2246467991473532e-16,-1.0,0,0,0,0,0,0.0,0.0,0,2026-05,2026-06,0,0,Không đủ dữ liệu,Thấp,
"U ác limphô khác, cơ quan tạo máu và tổ chức có liên quan - Other malignant neoplasms of lymphoid, haematopoietic and related tissue",1-5 tu?i,2026,6,Mùa mưa,1.2246467991473532e-16,-1.0,0,0,0,0,0,0.0,0.0,0,2026-05,2026-06,0,0,Không đủ dữ liệu,Thấp,
"U ác limphô khác, cơ quan tạo máu và tổ chức có liên quan - Other malignant neoplasms of lymphoid, haematopoietic and related tissue",11-15 tu?i,2026,6,Mùa mưa,1.2246467991473532e-16,-1.0,0,0,0,0,0,0.0,0.0,0,2026-05,2026-06,0,0,Không đủ dữ liệu,Thấp,
"U ác limphô khác, cơ quan tạo máu và tổ chức có liên quan - Other malignant neoplasms of lymphoid, haematopoietic and related tissue",6-10 tu?i,2026,6,Mùa mưa,1.2246467991473532e-16,-1.0,0,0,0,0,0,0.0,0.0,0,2026-05,2026-06,0,0,Không đủ dữ liệu,Thấp,
"U ác limphô khác, cơ quan tạo máu và tổ chức có liên quan - Other malignant neoplasms of lymphoid, haematopoietic and related tissue",D??i 1 tu?i,2026,6,Mùa mưa,1.2246467991473532e-16,-1.0,0,0,0,0,0,0.0,0.0,0,2026-05,2026-06,0,0,Không đủ dữ liệu,Thấp,
"U ác limphô khác, cơ quan tạo máu và tổ chức có liên quan - Other malignant neoplasms of lymphoid, haematopoietic and related tissue",Tr?n 15 tu?i,2026,6,Mùa mưa,1.2246467991473532e-16,-1.0,0,0,0,0,0,0.0,0.0,0,2026-05,2026-06,0,0,Không đủ dữ liệu,Thấp,
"U ác môi, khoang miệng, họng - Malignant neoplasm of lip, oral cavity and pharynx",1-5 tu?i,2026,6,Mùa mưa,1.2246467991473532e-16,-1.0,0,0,0,0,0,0.0,0.0,0,2026-05,2026-06,0,0,Không đủ dữ liệu,Thấp,
"U ác môi, khoang miệng, họng - Malignant neoplasm of lip, oral cavity and pharynx",11-15 tu?i,2026,6,Mùa mưa,1.2246467991473532e-16,-1.0,0,0,0,0,0,0.0,0.0,0,2026-05,2026-06,0,0,Không đủ dữ liệu,Thấp,
"U ác môi, khoang miệng, họng - Malignant neoplasm of lip, oral cavity and pharynx",6-10 tu?i,2026,6,Mùa mưa,1.2246467991473532e-16,-1.0,0,0,0,0,0,0.0,0.0,0,2026-05,2026-06,0,0,Không đủ dữ liệu,Thấp,
"U ác môi, khoang miệng, họng - Malignant neoplasm of lip, oral cavity and pharynx",D??i 1 tu?i,2026,6,Mùa mưa,1.2246467991473532e-16,-1.0,0,0,0,0,0,0.0,0.0,0,2026-05,2026-06,0,0,Không đủ dữ liệu,Thấp,
"U ác môi, khoang miệng, họng - Malignant neoplasm of lip, oral cavity and pharynx",Tr?n 15 tu?i,2026,6,Mùa mưa,1.2246467991473532e-16,-1.0,0,0,0,0,0,0.0,0.0,0,2026-05,2026-06,0,0,Không đủ dữ liệu,Thấp,
U ác mạc treo và các mô mềm - Malignantneoplasms of mesothelial and soft tissue,1-5 tu?i,2026,6,Mùa mưa,1.2246467991473532e-16,-1.0,0,0,0,0,0,0.0,0.0,0,2026-05,2026-06,0,0,Không đủ dữ liệu,Thấp,
U ác mạc treo và các mô mềm - Malignantneoplasms of mesothelial and soft tissue,11-15 tu?i,2026,6,Mùa mưa,1.2246467991473532e-16,-1.0,0,0,0,0,0,0.0,0.0,0,2026-05,2026-06,0,0,Không đủ dữ liệu,Thấp,
U ác mạc treo và các mô mềm - Malignantneoplasms of mesothelial and soft tissue,D??i 1 tu?i,2026,6,Mùa mưa,1.2246467991473532e-16,-1.0,0,0,0,0,0,0.0,0.0,0,2026-05,2026-06,0,0,Không đủ dữ liệu,Thấp,
U ác mạc treo và các mô mềm - Malignantneoplasms of mesothelial and soft tissue,Tr?n 15 tu?i,2026,6,Mùa mưa,1.2246467991473532e-16,-1.0,0,0,0,0,0,0.0,0.0,0,2026-05,2026-06,0,0,Không đủ dữ liệu,Thấp,
U ác mắt và các phần phụ - Malignant neoplasm of eye and adnexa,1-5 tu?i,2026,6,Mùa mưa,1.2246467991473532e-16,-1.0,0,0,0,0,0,0.0,0.0,0,2026-05,2026-06,0,0,Không đủ dữ liệu,Thấp,
U ác mắt và các phần phụ - Malignant neoplasm of eye and adnexa,6-10 tu?i,2026,6,Mùa mưa,1.2246467991473532e-16,-1.0,0,0,0,0,0,0.0,0.0,0,2026-05,2026-06,0,0,Không đủ dữ liệu,Thấp,
U ác mắt và các phần phụ - Malignant neoplasm of eye and adnexa,D??i 1 tu?i,2026,6,Mùa mưa,1.2246467991473532e-16,-1.0,0,0,0,0,0,0.0,0.0,0,2026-05,2026-06,0,0,Không đủ dữ liệu,Thấp,
U ác não - Malignant neoplasm of brain,1-5 tu?i,2026,6,Mùa mưa,1.2246467991473532e-16,-1.0,0,0,0,0,0,0.0,0.0,0,2026-05,2026-06,0,0,Không đủ dữ liệu,Thấp,
U ác não - Malignant neoplasm of brain,11-15 tu?i,2026,6,Mùa mưa,1.2246467991473532e-16,-1.0,0,0,0,0,0,0.0,0.0,0,2026-05,2026-06,0,0,Không đủ dữ liệu,Thấp,
U ác não - Malignant neoplasm of brain,6-10 tu?i,2026,6,Mùa mưa,1.2246467991473532e-16,-1.0,0,0,0,0,0,0.0,0.0,0,2026-05,2026-06,0,0,Không đủ dữ liệu,Thấp,
U ác não - Malignant neoplasm of brain,D??i 1 tu?i,2026,6,Mùa mưa,1.2246467991473532e-16,-1.0,0,0,0,0,0,0.0,0.0,0,2026-05,2026-06,0,0,Không đủ dữ liệu,Thấp,
U ác não - Malignant neoplasm of brain,Tr?n 15 tu?i,2026,6,Mùa mưa,1.2246467991473532e-16,-1.0,0,0,0,0,0,0.0,0.0,0,2026-05,2026-06,0,0,Không đủ dữ liệu,Thấp,
U ác tụy - Malignant neoplasm of pancreas,1-5 tu?i,2026,6,Mùa mưa,1.2246467991473532e-16,-1.0,0,0,0,0,0,0.0,0.0,0,2026-05,2026-06,0,0,Không đủ dữ liệu,Thấp,
U ác tụy - Malignant neoplasm of pancreas,11-15 tu?i,2026,6,Mùa mưa,1.2246467991473532e-16,-1.0,0,0,0,0,0,0.0,0.0,0,2026-05,2026-06,0,0,Không đủ dữ liệu,Thấp,
U ác tụy - Malignant neoplasm of pancreas,6-10 tu?i,2026,6,Mùa mưa,1.2246467991473532e-16,-1.0,0,0,0,0,0,0.0,0.0,0,2026-05,2026-06,0,0,Không đủ dữ liệu,Thấp,
U ác vú - Malignant neoplasm of breast,11-15 tu?i,2026,6,Mùa mưa,1.2246467991473532e-16,-1.0,0,0,0,0,0,0.0,0.0,0,2026-05,2026-06,0,0,Không đủ dữ liệu,Thấp,
U ác xương và sụn khớp - Malignant neoplasms of bone and articular cartilage,1-5 tu?i,2026,6,Mùa mưa,1.2246467991473532e-16,-1.0,0,0,0,0,0,0.0,0.0,0,2026-05,2026-06,0,0,Không đủ dữ liệu,Thấp,
U ác xương và sụn khớp - Malignant neoplasms of bone and articular cartilage,11-15 tu?i,2026,6,Mùa mưa,1.2246467991473532e-16,-1.0,0,0,0,0,0,0.0,0.0,0,2026-05,2026-06,0,0,Không đủ dữ liệu,Thấp,
U ác xương và sụn khớp - Malignant neoplasms of bone and articular cartilage,6-10 tu?i,2026,6,Mùa mưa,1.2246467991473532e-16,-1.0,0,0,0,0,0,0.0,0.0,0,2026-05,2026-06,0,0,Không đủ dữ liệu,Thấp,
U ác xương và sụn khớp - Malignant neoplasms of bone and articular cartilage,D??i 1 tu?i,2026,6,Mùa mưa,1.2246467991473532e-16,-1.0,0,0,0,0,0,0.0,0.0,0,2026-05,2026-06,0,0,Không đủ dữ liệu,Thấp,
U ác xương và sụn khớp - Malignant neoplasms of bone and articular cartilage,Tr?n 15 tu?i,2026,6,Mùa mưa,1.2246467991473532e-16,-1.0,0,0,0,0,0,0.0,0.0,0,2026-05,2026-06,0,0,Không đủ dữ liệu,Thấp,
U ác đại tràng - Malignant neoplasm of colon,11-15 tu?i,2026,6,Mùa mưa,1.2246467991473532e-16,-1.0,0,0,0,0,0,0.0,0.0,0,2026-05,2026-06,0,0,Không đủ dữ liệu,Thấp,
U ác đại tràng - Malignant neoplasm of colon,6-10 tu?i,2026,6,Mùa mưa,1.2246467991473532e-16,-1.0,0,0,0,0,0,0.0,0.0,0,2026-05,2026-06,0,0,Không đủ dữ liệu,Thấp,
Viêm bàng quang - Cystitis,11-15 tu?i,2026,6,Mùa mưa,1.2246467991473532e-16,-1.0,0,0,0,0,0,0.0,0.0,0,2026-05,2026-06,0,0,Không đủ dữ liệu,Thấp,
Viêm cấp đường hô hấp trên khác - Other acute upper respiratory infections,Tr?n 15 tu?i,2026,6,Mùa mưa,1.2246467991473532e-16,-1.0,0,0,0,0,0,0.0,0.0,0,2026-05,2026-06,0,0,Không đủ dữ liệu,Thấp,
Viêm dạ dày và tá tràng - Gastritis and duodenitis,1-5 tu?i,2026,6,Mùa mưa,1.2246467991473532e-16,-1.0,0,0,0,0,0,0.0,0.0,0,2026-05,2026-06,0,0,Không đủ dữ liệu,Thấp,
Viêm dạ dày và tá tràng - Gastritis and duodenitis,11-15 tu?i,2026,6,Mùa mưa,1.2246467991473532e-16,-1.0,0,0,0,0,0,0.0,0.0,0,2026-05,2026-06,0,0,Không đủ dữ liệu,Thấp,
Viêm dạ dày và tá tràng - Gastritis and duodenitis,6-10 tu?i,2026,6,Mùa mưa,1.2246467991473532e-16,-1.0,0,0,0,0,0,0.0,0.0,0,2026-05,2026-06,0,0,Không đủ dữ liệu,Thấp,
Viêm dạ dày và tá tràng - Gastritis and duodenitis,D??i 1 tu?i,2026,6,Mùa mưa,1.2246467991473532e-16,-1.0,0,0,0,0,0,0.0,0.0,0,2026-05,2026-06,0,0,Không đủ dữ liệu,Thấp,
Viêm dạ dày và tá tràng - Gastritis and duodenitis,Tr?n 15 tu?i,2026,6,Mùa mưa,1.2246467991473532e-16,-1.0,0,0,0,0,0,0.0,0.0,0,2026-05,2026-06,0,0,Không đủ dữ liệu,Thấp,
Viêm gan B cấp - Acute hepatitis B,1-5 tu?i,2026,6,Mùa mưa,1.2246467991473532e-16,-1.0,0,0,0,0,0,0.0,0.0,0,2026-05,2026-06,0,0,Không đủ dữ liệu,Thấp,
Viêm gan B cấp - Acute hepatitis B,11-15 tu?i,2026,6,Mùa mưa,1.2246467991473532e-16,-1.0,0,0,0,0,0,0.0,0.0,0,2026-05,2026-06,0,0,Không đủ dữ liệu,Thấp,
Viêm gan B cấp - Acute hepatitis B,6-10 tu?i,2026,6,Mùa mưa,1.2246467991473532e-16,-1.0,0,0,0,0,0,0.0,0.0,0,2026-05,2026-06,0,0,Không đủ dữ liệu,Thấp,
Viêm gan B cấp - Acute hepatitis B,D??i 1 tu?i,2026,6,Mùa mưa,1.2246467991473532e-16,-1.0,0,0,0,0,0,0.0,0.0,0,2026-05,2026-06,0,0,Không đủ dữ liệu,Thấp,
Viêm gan virut khác - Other viral hepatitis,1-5 tu?i,2026,6,Mùa mưa,1.2246467991473532e-16,-1.0,0,0,0,0,0,0.0,0.0,0,2026-05,2026-06,0,0,Không đủ dữ liệu,Thấp,
Viêm gan virut khác - Other viral hepatitis,11-15 tu?i,2026,6,Mùa mưa,1.2246467991473532e-16,-1.0,0,0,0,0,0,0.0,0.0,0,2026-05,2026-06,0,0,Không đủ dữ liệu,Thấp,
Viêm gan virut khác - Other viral hepatitis,6-10 tu?i,2026,6,Mùa mưa,1.2246467991473532e-16,-1.0,0,0,0,0,0,0.0,0.0,0,2026-05,2026-06,0,0,Không đủ dữ liệu,Thấp,
Viêm gan virut khác - Other viral hepatitis,D??i 1 tu?i,2026,6,Mùa mưa,1.2246467991473532e-16,-1.0,0,0,0,0,0,0.0,0.0,0,2026-05,2026-06,0,0,Không đủ dữ liệu,Thấp,
"Viêm giác mạc, tổn thương khác của củng mạc và giác mạc - Keratitis and other disorders of sclera and cornea.",1-5 tu?i,2026,6,Mùa mưa,1.2246467991473532e-16,-1.0,0,0,0,0,0,0.0,0.0,0,2026-05,2026-06,0,0,Không đủ dữ liệu,Thấp,
"Viêm giác mạc, tổn thương khác của củng mạc và giác mạc - Keratitis and other disorders of sclera and cornea.",6-10 tu?i,2026,6,Mùa mưa,1.2246467991473532e-16,-1.0,0,0,0,0,0,0.0,0.0,0,2026-05,2026-06,0,0,Không đủ dữ liệu,Thấp,
"Viêm giác mạc, tổn thương khác của củng mạc và giác mạc - Keratitis and other disorders of sclera and cornea.",D??i 1 tu?i,2026,6,Mùa mưa,1.2246467991473532e-16,-1.0,0,0,0,0,0,0.0,0.0,0,2026-05,2026-06,0,0,Không đủ dữ liệu,Thấp,
Viêm hệ thần kinh trung ương - Inflamatory diseases of the central nervous system,1-5 tu?i,2026,6,Mùa mưa,1.2246467991473532e-16,-1.0,0,0,0,0,0,0.0,0.0,0,2026-05,2026-06,0,0,Không đủ dữ liệu,Thấp,
Viêm hệ thần kinh trung ương - Inflamatory diseases of the central nervous system,11-15 tu?i,2026,6,Mùa mưa,1.2246467991473532e-16,-1.0,0,0,0,0,0,0.0,0.0,0,2026-05,2026-06,0,0,Không đủ dữ liệu,Thấp,
Viêm hệ thần kinh trung ương - Inflamatory diseases of the central nervous system,6-10 tu?i,2026,6,Mùa mưa,1.2246467991473532e-16,-1.0,0,0,0,0,0,0.0,0.0,0,2026-05,2026-06,0,0,Không đủ dữ liệu,Thấp,
Viêm hệ thần kinh trung ương - Inflamatory diseases of the central nervous system,D??i 1 tu?i,2026,6,Mùa mưa,1.2246467991473532e-16,-1.0,0,0,0,0,0,0.0,0.0,0,2026-05,2026-06,0,0,Không đủ dữ liệu,Thấp,
Viêm hệ thần kinh trung ương - Inflamatory diseases of the central nervous system,Tr?n 15 tu?i,2026,6,Mùa mưa,1.2246467991473532e-16,-1.0,0,0,0,0,0,0.0,0.0,0,2026-05,2026-06,0,0,Không đủ dữ liệu,Thấp,
Viêm họng và viêm amidan cấp - Acute pharyngitis and acute tonsillitis,11-15 tu?i,2026,6,Mùa mưa,1.2246467991473532e-16,-1.0,0,0,1,0,1,0.3333333333333333,0.4,0,2026-05,2026-06,0,0,Không đủ dữ liệu,Thấp,
Viêm họng và viêm amidan cấp - Acute pharyngitis and acute tonsillitis,Tr?n 15 tu?i,2026,6,Mùa mưa,1.2246467991473532e-16,-1.0,0,0,0,0,0,0.0,0.0,0,2026-05,2026-06,0,0,Không đủ dữ liệu,Thấp,
"Viêm khớp dạng thấp và viêm khớp khác - Rheumatoid arthritis, other inflamatory polyarthropaties",1-5 tu?i,2026,6,Mùa mưa,1.2246467991473532e-16,-1.0,0,0,0,0,0,0.0,0.0,0,2026-05,2026-06,0,0,Không đủ dữ liệu,Thấp,
"Viêm khớp dạng thấp và viêm khớp khác - Rheumatoid arthritis, other inflamatory polyarthropaties",11-15 tu?i,2026,6,Mùa mưa,1.2246467991473532e-16,-1.0,0,0,0,0,0,0.0,0.0,0,2026-05,2026-06,0,0,Không đủ dữ liệu,Thấp,
"Viêm khớp dạng thấp và viêm khớp khác - Rheumatoid arthritis, other inflamatory polyarthropaties",6-10 tu?i,2026,6,Mùa mưa,1.2246467991473532e-16,-1.0,0,0,0,0,0,0.0,0.0,0,2026-05,2026-06,0,0,Không đủ dữ liệu,Thấp,
"Viêm khớp dạng thấp và viêm khớp khác - Rheumatoid arthritis, other inflamatory polyarthropaties",D??i 1 tu?i,2026,6,Mùa mưa,1.2246467991473532e-16,-1.0,0,0,0,0,0,0.0,0.0,0,2026-05,2026-06,0,0,Không đủ dữ liệu,Thấp,
"Viêm khớp dạng thấp và viêm khớp khác - Rheumatoid arthritis, other inflamatory polyarthropaties",Tr?n 15 tu?i,2026,6,Mùa mưa,1.2246467991473532e-16,-1.0,0,0,0,0,0,0.0,0.0,0,2026-05,2026-06,0,0,Không đủ dữ liệu,Thấp,
"Viêm kết mạc, tổn thương khác của kết mạc - Conjunctivitis and other disoders of conjunctiva",1-5 tu?i,2026,6,Mùa mưa,1.2246467991473532e-16,-1.0,0,0,0,0,0,0.0,0.0,0,2026-05,2026-06,0,0,Không đủ dữ liệu,Thấp,
"Viêm kết mạc, tổn thương khác của kết mạc - Conjunctivitis and other disoders of conjunctiva",11-15 tu?i,2026,6,Mùa mưa,1.2246467991473532e-16,-1.0,0,0,0,0,0,0.0,0.0,0,2026-05,2026-06,0,0,Không đủ dữ liệu,Thấp,
"Viêm kết mạc, tổn thương khác của kết mạc - Conjunctivitis and other disoders of conjunctiva",6-10 tu?i,2026,6,Mùa mưa,1.2246467991473532e-16,-1.0,0,0,0,0,0,0.0,0.0,0,2026-05,2026-06,0,0,Không đủ dữ liệu,Thấp,
"Viêm kết mạc, tổn thương khác của kết mạc - Conjunctivitis and other disoders of conjunctiva",D??i 1 tu?i,2026,6,Mùa mưa,1.2246467991473532e-16,-1.0,0,0,0,0,0,0.0,0.0,0,2026-05,2026-06,0,0,Không đủ dữ liệu,Thấp,
Viêm mi mắt - Inflammation of eyelid,1-5 tu?i,2026,6,Mùa mưa,1.2246467991473532e-16,-1.0,0,0,0,0,0,0.0,0.0,0,2026-05,2026-06,0,0,Không đủ dữ liệu,Thấp,
Viêm mi mắt - Inflammation of eyelid,11-15 tu?i,2026,6,Mùa mưa,1.2246467991473532e-16,-1.0,0,0,0,0,0,0.0,0.0,0,2026-05,2026-06,0,0,Không đủ dữ liệu,Thấp,
Viêm mi mắt - Inflammation of eyelid,6-10 tu?i,2026,6,Mùa mưa,1.2246467991473532e-16,-1.0,0,0,0,0,0,0.0,0.0,0,2026-05,2026-06,0,0,Không đủ dữ liệu,Thấp,
Viêm não Virut - Viral encephalitis,11-15 tu?i,2026,6,Mùa mưa,1.2246467991473532e-16,-1.0,0,0,0,0,0,0.0,0.0,0,2026-05,2026-06,0,0,Không đủ dữ liệu,Thấp,
Viêm não Virut - Viral encephalitis,D??i 1 tu?i,2026,6,Mùa mưa,1.2246467991473532e-16,-1.0,0,0,0,0,0,0.0,0.0,0,2026-05,2026-06,0,0,Không đủ dữ liệu,Thấp,
Viêm não Virut - Viral encephalitis,Tr?n 15 tu?i,2026,6,Mùa mưa,1.2246467991473532e-16,-1.0,0,0,0,0,0,0.0,0.0,0,2026-05,2026-06,0,0,Không đủ dữ liệu,Thấp,
"Viêm phế quản tràn khí và các bệnh phổi tắc nghẽn mạn tính - Bronchitis, emphysema and other chronic obstructive diseases",1-5 tu?i,2026,6,Mùa mưa,1.2246467991473532e-16,-1.0,0,0,0,0,0,0.0,0.0,0,2026-05,2026-06,0,0,Không đủ dữ liệu,Thấp,
"Viêm phế quản tràn khí và các bệnh phổi tắc nghẽn mạn tính - Bronchitis, emphysema and other chronic obstructive diseases",6-10 tu?i,2026,6,Mùa mưa,1.2246467991473532e-16,-1.0,0,0,0,0,0,0.0,0.0,0,2026-05,2026-06,0,0,Không đủ dữ liệu,Thấp,
"Viêm phế quản tràn khí và các bệnh phổi tắc nghẽn mạn tính - Bronchitis, emphysema and other chronic obstructive diseases",D??i 1 tu?i,2026,6,Mùa mưa,1.2246467991473532e-16,-1.0,0,0,0,0,0,0.0,0.0,0,2026-05,2026-06,0,0,Không đủ dữ liệu,Thấp,
Viêm phế quản và viêm tiểu phế quản cấp - Acute bronchitis and acute bronchiolitis,Tr?n 15 tu?i,2026,6,Mùa mưa,1.2246467991473532e-16,-1.0,0,0,0,0,0,0.0,0.0,0,2026-05,2026-06,0,0,Không đủ dữ liệu,Thấp,
"Viêm tai giữa, bệnh khác của tai giữa và xương chũm - Otitis media and other disorders of middle ear and mastoid",1-5 tu?i,2026,6,Mùa mưa,1.2246467991473532e-16,-1.0,0,0,0,0,0,0.0,0.0,0,2026-05,2026-06,0,0,Không đủ dữ liệu,Thấp,
"Viêm tai giữa, bệnh khác của tai giữa và xương chũm - Otitis media and other disorders of middle ear and mastoid",11-15 tu?i,2026,6,Mùa mưa,1.2246467991473532e-16,-1.0,0,0,0,0,0,0.0,0.0,0,2026-05,2026-06,0,0,Không đủ dữ liệu,Thấp,
"Viêm tai giữa, bệnh khác của tai giữa và xương chũm - Otitis media and other disorders of middle ear and mastoid",6-10 tu?i,2026,6,Mùa mưa,1.2246467991473532e-16,-1.0,0,0,0,0,0,0.0,0.0,0,2026-05,2026-06,0,0,Không đủ dữ liệu,Thấp,
"Viêm tai giữa, bệnh khác của tai giữa và xương chũm - Otitis media and other disorders of middle ear and mastoid",D??i 1 tu?i,2026,6,Mùa mưa,1.2246467991473532e-16,-1.0,0,0,0,0,0,0.0,0.0,0,2026-05,2026-06,0,0,Không đủ dữ liệu,Thấp,
"Viêm tai giữa, bệnh khác của tai giữa và xương chũm - Otitis media and other disorders of middle ear and mastoid",Tr?n 15 tu?i,2026,6,Mùa mưa,1.2246467991473532e-16,-1.0,0,0,0,0,0,0.0,0.0,0,2026-05,2026-06,0,0,Không đủ dữ liệu,Thấp,
"Viêm thanh, khí quản cấp - Acute laryngitis and tracheitis",1-5 tu?i,2026,6,Mùa mưa,1.2246467991473532e-16,-1.0,0,0,0,0,0,0.0,0.0,0,2026-05,2026-06,0,0,Không đủ dữ liệu,Thấp,
"Viêm thanh, khí quản cấp - Acute laryngitis and tracheitis",11-15 tu?i,2026,6,Mùa mưa,1.2246467991473532e-16,-1.0,0,0,0,0,0,0.0,0.0,0,2026-05,2026-06,0,0,Không đủ dữ liệu,Thấp,
"Viêm thanh, khí quản cấp - Acute laryngitis and tracheitis",6-10 tu?i,2026,6,Mùa mưa,1.2246467991473532e-16,-1.0,0,0,0,0,0,0.0,0.0,0,2026-05,2026-06,0,0,Không đủ dữ liệu,Thấp,
"Viêm thanh, khí quản cấp - Acute laryngitis and tracheitis",D??i 1 tu?i,2026,6,Mùa mưa,1.2246467991473532e-16,-1.0,0,0,0,0,0,0.0,0.0,0,2026-05,2026-06,0,0,Không đủ dữ liệu,Thấp,
"Viêm thanh, khí quản cấp - Acute laryngitis and tracheitis",Tr?n 15 tu?i,2026,6,Mùa mưa,1.2246467991473532e-16,-1.0,0,0,0,0,0,0.0,0.0,0,2026-05,2026-06,0,0,Không đủ dữ liệu,Thấp,
Viêm tuỵ cấp và bệnh khác của tuỵ - Acute pancreatitis and other diseases of pancreas,1-5 tu?i,2026,6,Mùa mưa,1.2246467991473532e-16,-1.0,0,0,0,0,0,0.0,0.0,0,2026-05,2026-06,0,0,Không đủ dữ liệu,Thấp,
Viêm tuỵ cấp và bệnh khác của tuỵ - Acute pancreatitis and other diseases of pancreas,11-15 tu?i,2026,6,Mùa mưa,1.2246467991473532e-16,-1.0,0,0,0,0,0,0.0,0.0,0,2026-05,2026-06,0,0,Không đủ dữ liệu,Thấp,
Viêm tuỵ cấp và bệnh khác của tuỵ - Acute pancreatitis and other diseases of pancreas,6-10 tu?i,2026,6,Mùa mưa,1.2246467991473532e-16,-1.0,0,0,0,0,0,0.0,0.0,0,2026-05,2026-06,0,0,Không đủ dữ liệu,Thấp,
Viêm tuỵ cấp và bệnh khác của tuỵ - Acute pancreatitis and other diseases of pancreas,D??i 1 tu?i,2026,6,Mùa mưa,1.2246467991473532e-16,-1.0,0,0,0,0,0,0.0,0.0,0,2026-05,2026-06,0,0,Không đủ dữ liệu,Thấp,
Viêm tuỵ cấp và bệnh khác của tuỵ - Acute pancreatitis and other diseases of pancreas,Tr?n 15 tu?i,2026,6,Mùa mưa,1.2246467991473532e-16,-1.0,0,0,0,0,0,0.0,0.0,0,2026-05,2026-06,0,0,Không đủ dữ liệu,Thấp,
"Viêm tĩnh mạch, viêm tĩnh mạch huyết khối, nghẽn mạch và huyết khối tĩnh mạch - Phlebitis, thrombophlebitis,venous embolism and thrombosis",1-5 tu?i,2026,6,Mùa mưa,1.2246467991473532e-16,-1.0,0,0,0,0,0,0.0,0.0,0,2026-05,2026-06,0,0,Không đủ dữ liệu,Thấp,
"Viêm tĩnh mạch, viêm tĩnh mạch huyết khối, nghẽn mạch và huyết khối tĩnh mạch - Phlebitis, thrombophlebitis,venous embolism and thrombosis",11-15 tu?i,2026,6,Mùa mưa,1.2246467991473532e-16,-1.0,0,0,0,0,0,0.0,0.0,0,2026-05,2026-06,0,0,Không đủ dữ liệu,Thấp,
"Viêm tĩnh mạch, viêm tĩnh mạch huyết khối, nghẽn mạch và huyết khối tĩnh mạch - Phlebitis, thrombophlebitis,venous embolism and thrombosis",6-10 tu?i,2026,6,Mùa mưa,1.2246467991473532e-16,-1.0,0,0,0,0,0,0.0,0.0,0,2026-05,2026-06,0,0,Không đủ dữ liệu,Thấp,
"Viêm tĩnh mạch, viêm tĩnh mạch huyết khối, nghẽn mạch và huyết khối tĩnh mạch - Phlebitis, thrombophlebitis,venous embolism and thrombosis",D??i 1 tu?i,2026,6,Mùa mưa,1.2246467991473532e-16,-1.0,0,0,0,0,0,0.0,0.0,0,2026-05,2026-06,0,0,Không đủ dữ liệu,Thấp,
"Viêm tĩnh mạch, viêm tĩnh mạch huyết khối, nghẽn mạch và huyết khối tĩnh mạch - Phlebitis, thrombophlebitis,venous embolism and thrombosis",Tr?n 15 tu?i,2026,6,Mùa mưa,1.2246467991473532e-16,-1.0,0,0,0,0,0,0.0,0.0,0,2026-05,2026-06,0,0,Không đủ dữ liệu,Thấp,
Viêm vòi trứng và viêm buồng trứng - Salpingitis and oophoritis,1-5 tu?i,2026,6,Mùa mưa,1.2246467991473532e-16,-1.0,0,0,0,0,0,0.0,0.0,0,2026-05,2026-06,0,0,Không đủ dữ liệu,Thấp,
Viêm vòi trứng và viêm buồng trứng - Salpingitis and oophoritis,11-15 tu?i,2026,6,Mùa mưa,1.2246467991473532e-16,-1.0,0,0,0,0,0,0.0,0.0,0,2026-05,2026-06,0,0,Không đủ dữ liệu,Thấp,
Viêm xoang mạn tính - Chronic sinusitis,1-5 tu?i,2026,6,Mùa mưa,1.2246467991473532e-16,-1.0,0,0,0,0,0,0.0,0.0,0,2026-05,2026-06,0,0,Không đủ dữ liệu,Thấp,
Viêm xoang mạn tính - Chronic sinusitis,11-15 tu?i,2026,6,Mùa mưa,1.2246467991473532e-16,-1.0,0,0,0,0,0,0.0,0.0,0,2026-05,2026-06,0,0,Không đủ dữ liệu,Thấp,
Viêm xoang mạn tính - Chronic sinusitis,6-10 tu?i,2026,6,Mùa mưa,1.2246467991473532e-16,-1.0,0,0,0,0,0,0.0,0.0,0,2026-05,2026-06,0,0,Không đủ dữ liệu,Thấp,
Viêm xương tuỷ - Osteomyelitis,1-5 tu?i,2026,6,Mùa mưa,1.2246467991473532e-16,-1.0,0,0,0,0,0,0.0,0.0,0,2026-05,2026-06,0,0,Không đủ dữ liệu,Thấp,
Viêm xương tuỷ - Osteomyelitis,11-15 tu?i,2026,6,Mùa mưa,1.2246467991473532e-16,-1.0,0,0,0,0,0,0.0,0.0,0,2026-05,2026-06,0,0,Không đủ dữ liệu,Thấp,
Viêm xương tuỷ - Osteomyelitis,6-10 tu?i,2026,6,Mùa mưa,1.2246467991473532e-16,-1.0,0,0,0,0,0,0.0,0.0,0,2026-05,2026-06,0,0,Không đủ dữ liệu,Thấp,
Viêm xương tuỷ - Osteomyelitis,D??i 1 tu?i,2026,6,Mùa mưa,1.2246467991473532e-16,-1.0,0,0,0,0,0,0.0,0.0,0,2026-05,2026-06,0,0,Không đủ dữ liệu,Thấp,
Viêm xương tuỷ - Osteomyelitis,Tr?n 15 tu?i,2026,6,Mùa mưa,1.2246467991473532e-16,-1.0,0,0,0,0,0,0.0,0.0,0,2026-05,2026-06,0,0,Không đủ dữ liệu,Thấp,
Vỡ xương sọ và các xương mặt - Fracture of skull and facial bones,1-5 tu?i,2026,6,Mùa mưa,1.2246467991473532e-16,-1.0,0,0,0,0,0,0.0,0.0,0,2026-05,2026-06,0,0,Không đủ dữ liệu,Thấp,
Vỡ xương sọ và các xương mặt - Fracture of skull and facial bones,11-15 tu?i,2026,6,Mùa mưa,1.2246467991473532e-16,-1.0,0,0,0,0,0,0.0,0.0,0,2026-05,2026-06,0,0,Không đủ dữ liệu,Thấp,
Vỡ xương sọ và các xương mặt - Fracture of skull and facial bones,6-10 tu?i,2026,6,Mùa mưa,1.2246467991473532e-16,-1.0,0,0,0,0,0,0.0,0.0,0,2026-05,2026-06,0,0,Không đủ dữ liệu,Thấp,
Vỡ xương sọ và các xương mặt - Fracture of skull and facial bones,D??i 1 tu?i,2026,6,Mùa mưa,1.2246467991473532e-16,-1.0,0,0,0,0,0,0.0,0.0,0,2026-05,2026-06,0,0,Không đủ dữ liệu,Thấp,
Vỡ xương sọ và các xương mặt - Fracture of skull and facial bones,Tr?n 15 tu?i,2026,6,Mùa mưa,1.2246467991473532e-16,-1.0,0,0,0,0,0,0.0,0.0,0,2026-05,2026-06,0,0,Không đủ dữ liệu,Thấp,
Xơ cứng nhiều nơi - Multiple sclerosis,11-15 tu?i,2026,6,Mùa mưa,1.2246467991473532e-16,-1.0,0,0,0,0,0,0.0,0.0,0,2026-05,2026-06,0,0,Không đủ dữ liệu,Thấp,
Xơ cứng nhiều nơi - Multiple sclerosis,6-10 tu?i,2026,6,Mùa mưa,1.2246467991473532e-16,-1.0,0,0,0,0,0,0.0,0.0,0,2026-05,2026-06,0,0,Không đủ dữ liệu,Thấp,
Xơ cứng nhiều nơi - Multiple sclerosis,Tr?n 15 tu?i,2026,6,Mùa mưa,1.2246467991473532e-16,-1.0,0,0,0,0,0,0.0,0.0,0,2026-05,2026-06,0,0,Không đủ dữ liệu,Thấp,
Đau bụng và khung chậu - Abdominal and pelvic pain,1-5 tu?i,2026,6,Mùa mưa,1.2246467991473532e-16,-1.0,0,0,0,0,0,0.0,0.0,0,2026-05,2026-06,0,0,Không đủ dữ liệu,Thấp,
Đau bụng và khung chậu - Abdominal and pelvic pain,11-15 tu?i,2026,6,Mùa mưa,1.2246467991473532e-16,-1.0,0,0,0,0,0,0.0,0.0,0,2026-05,2026-06,0,0,Không đủ dữ liệu,Thấp,
Đau bụng và khung chậu - Abdominal and pelvic pain,6-10 tu?i,2026,6,Mùa mưa,1.2246467991473532e-16,-1.0,0,0,0,0,0,0.0,0.0,0,2026-05,2026-06,0,0,Không đủ dữ liệu,Thấp,
Đau bụng và khung chậu - Abdominal and pelvic pain,Tr?n 15 tu?i,2026,6,Mùa mưa,1.2246467991473532e-16,-1.0,0,0,0,0,0,0.0,0.0,0,2026-05,2026-06,0,0,Không đủ dữ liệu,Thấp,
Đau nửa đầu và các hội chứng đau đầu khác - Migraine and other headache syndromes.,1-5 tu?i,2026,6,Mùa mưa,1.2246467991473532e-16,-1.0,0,0,0,0,0,0.0,0.0,0,2026-05,2026-06,0,0,Không đủ dữ liệu,Thấp,
Đau nửa đầu và các hội chứng đau đầu khác - Migraine and other headache syndromes.,11-15 tu?i,2026,6,Mùa mưa,1.2246467991473532e-16,-1.0,0,0,0,0,0,0.0,0.0,0,2026-05,2026-06,0,0,Không đủ dữ liệu,Thấp,
Đau nửa đầu và các hội chứng đau đầu khác - Migraine and other headache syndromes.,6-10 tu?i,2026,6,Mùa mưa,1.2246467991473532e-16,-1.0,0,0,0,0,0,0.0,0.0,0,2026-05,2026-06,0,0,Không đủ dữ liệu,Thấp,
Đau nửa đầu và các hội chứng đau đầu khác - Migraine and other headache syndromes.,Tr?n 15 tu?i,2026,6,Mùa mưa,1.2246467991473532e-16,-1.0,0,0,0,0,0,0.0,0.0,0,2026-05,2026-06,0,0,Không đủ dữ liệu,Thấp,
Đái tháo đường - Diabetes mellitus.,1-5 tu?i,2026,6,Mùa mưa,1.2246467991473532e-16,-1.0,0,0,0,0,0,0.0,0.0,0,2026-05,2026-06,0,0,Không đủ dữ liệu,Thấp,
Đái tháo đường - Diabetes mellitus.,11-15 tu?i,2026,6,Mùa mưa,1.2246467991473532e-16,-1.0,0,0,0,0,0,0.0,0.0,0,2026-05,2026-06,0,0,Không đủ dữ liệu,Thấp,
Đái tháo đường - Diabetes mellitus.,6-10 tu?i,2026,6,Mùa mưa,1.2246467991473532e-16,-1.0,0,0,0,0,0,0.0,0.0,0,2026-05,2026-06,0,0,Không đủ dữ liệu,Thấp,
Đái tháo đường - Diabetes mellitus.,D??i 1 tu?i,2026,6,Mùa mưa,1.2246467991473532e-16,-1.0,0,0,0,0,0,0.0,0.0,0,2026-05,2026-06,0,0,Không đủ dữ liệu,Thấp,
Đái tháo đường - Diabetes mellitus.,Tr?n 15 tu?i,2026,6,Mùa mưa,1.2246467991473532e-16,-1.0,0,0,0,0,0,0.0,0.0,0,2026-05,2026-06,0,0,Không đủ dữ liệu,Thấp,
Động kinh - Epilepsy,Tr?n 15 tu?i,2026,6,Mùa mưa,1.2246467991473532e-16,-1.0,0,0,0,0,0,0.0,0.0,0,2026-05,2026-06,0,0,Không đủ dữ liệu,Thấp,
"Ỉa chảy, viêm dạy dày, ruột non có nguồn gốc nhiễm khuẩn - Diarrhoea and gastroenteritis of presumed infectious origin.",Tr?n 15 tu?i,2026,6,Mùa mưa,1.2246467991473532e-16,-1.0,0,0,0,0,0,0.0,0.0,0,2026-05,2026-06,0,0,Không đủ dữ liệu,Thấp,
