period,year,month_num,season,disease_target,age_group,case_count
2022-01,2022,1,Mùa khô,Bệnh khác của ruột non và màng bụng - Other diseases of intestine peritoneum,1-5 tu?i,6
2022-01,2022,1,Mùa khô,Bệnh khác của ruột non và màng bụng - Other diseases of intestine peritoneum,6-10 tu?i,4
2022-01,2022,1,Mùa khô,Bệnh khác của ruột non và màng bụng - Other diseases of intestine peritoneum,D??i 1 tu?i,2
2022-01,2022,1,Mùa khô,"Bệnh khác của thực quản, dạ dày và tá tràng - Other diseases of oesophagus, stomach, duodenum",1-5 tu?i,1
2022-01,2022,1,Mùa khô,"Bệnh khác của thực quản, dạ dày và tá tràng - Other diseases of oesophagus, stomach, duodenum",11-15 tu?i,5
2022-01,2022,1,Mùa khô,"Bệnh khác của thực quản, dạ dày và tá tràng - Other diseases of oesophagus, stomach, duodenum",6-10 tu?i,3
2022-01,2022,1,Mùa khô,Bệnh virut khác - Other viral diseases,1-5 tu?i,10
2022-01,2022,1,Mùa khô,Bệnh virut khác - Other viral diseases,6-10 tu?i,5
2022-01,2022,1,Mùa khô,Bệnh virut khác - Other viral diseases,D??i 1 tu?i,7
2022-01,2022,1,Mùa khô,Các bệnh nhiễm khuẩn ruột khác - Other intestinal infectious diseases,1-5 tu?i,1
2022-01,2022,1,Mùa khô,Các bệnh nhiễm khuẩn ruột khác - Other intestinal infectious diseases,11-15 tu?i,1
2022-01,2022,1,Mùa khô,Các bệnh nhiễm khuẩn ruột khác - Other intestinal infectious diseases,6-10 tu?i,3
2022-01,2022,1,Mùa khô,Các bệnh nhiễm khuẩn ruột khác - Other intestinal infectious diseases,D??i 1 tu?i,1
2022-01,2022,1,Mùa khô,Các bệnh viêm phổi - Pneumonia,1-5 tu?i,16
2022-01,2022,1,Mùa khô,Các bệnh viêm phổi - Pneumonia,6-10 tu?i,4
2022-01,2022,1,Mùa khô,Các bệnh viêm phổi - Pneumonia,D??i 1 tu?i,10
2022-01,2022,1,Mùa khô,Cúm - Influenza,1-5 tu?i,7
2022-01,2022,1,Mùa khô,Cúm - Influenza,6-10 tu?i,3
2022-01,2022,1,Mùa khô,Cúm - Influenza,D??i 1 tu?i,1
2022-01,2022,1,Mùa khô,Gãy các phần khác của chi do lao động và giao thông - Fracture of other lim bones,11-15 tu?i,3
2022-01,2022,1,Mùa khô,Gãy các phần khác của chi do lao động và giao thông - Fracture of other lim bones,6-10 tu?i,4
2022-01,2022,1,Mùa khô,Hen - Asthma,1-5 tu?i,1
2022-01,2022,1,Mùa khô,Hen - Asthma,11-15 tu?i,6
2022-01,2022,1,Mùa khô,Hen - Asthma,6-10 tu?i,2
2022-01,2022,1,Mùa khô,Hậu quả của các nguyên nhân bên ngoài khác và không xác định - Other and unspecified effects of external causes,1-5 tu?i,4
2022-01,2022,1,Mùa khô,Hậu quả của các nguyên nhân bên ngoài khác và không xác định - Other and unspecified effects of external causes,6-10 tu?i,2
2022-01,2022,1,Mùa khô,Không rõ nhóm bệnh,D??i 1 tu?i,2
2022-01,2022,1,Mùa khô,Thuỷ đậu và zôna - Varicella and Zoster,6-10 tu?i,4
2022-01,2022,1,Mùa khô,Thuỷ đậu và zôna - Varicella and Zoster,D??i 1 tu?i,1
2022-01,2022,1,Mùa khô,"Thừa bao qui đầu, hẹp và nghẹt bao qui đầu - Redundant prepuce, phimosis and paraphimosis",1-5 tu?i,2
2022-01,2022,1,Mùa khô,"Thừa bao qui đầu, hẹp và nghẹt bao qui đầu - Redundant prepuce, phimosis and paraphimosis",6-10 tu?i,1
2022-01,2022,1,Mùa khô,"Tắc liệt ruột và tắc ruột không do thoát vị - Paralytic ileus, intestinal obstruction without hernia",1-5 tu?i,1
2022-01,2022,1,Mùa khô,"Tắc liệt ruột và tắc ruột không do thoát vị - Paralytic ileus, intestinal obstruction without hernia",6-10 tu?i,2
2022-01,2022,1,Mùa khô,"Tổn thương chảy máu, bệnh khác của máu và cơ quan tạo máu - Haemorrhagic conditions and other diseases of blood, blood",1-5 tu?i,2
2022-01,2022,1,Mùa khô,"Tổn thương chảy máu, bệnh khác của máu và cơ quan tạo máu - Haemorrhagic conditions and other diseases of blood, blood",11-15 tu?i,1
2022-01,2022,1,Mùa khô,Viêm cấp đường hô hấp trên khác - Other acute upper respiratory infections,1-5 tu?i,18
2022-01,2022,1,Mùa khô,Viêm cấp đường hô hấp trên khác - Other acute upper respiratory infections,6-10 tu?i,18
2022-01,2022,1,Mùa khô,Viêm cấp đường hô hấp trên khác - Other acute upper respiratory infections,D??i 1 tu?i,4
2022-01,2022,1,Mùa khô,Viêm họng và viêm amidan cấp - Acute pharyngitis and acute tonsillitis,1-5 tu?i,17
2022-01,2022,1,Mùa khô,Viêm họng và viêm amidan cấp - Acute pharyngitis and acute tonsillitis,11-15 tu?i,1
2022-01,2022,1,Mùa khô,Viêm họng và viêm amidan cấp - Acute pharyngitis and acute tonsillitis,6-10 tu?i,12
2022-01,2022,1,Mùa khô,Viêm họng và viêm amidan cấp - Acute pharyngitis and acute tonsillitis,D??i 1 tu?i,2
2022-01,2022,1,Mùa khô,Viêm phế quản và viêm tiểu phế quản cấp - Acute bronchitis and acute bronchiolitis,1-5 tu?i,32
2022-01,2022,1,Mùa khô,Viêm phế quản và viêm tiểu phế quản cấp - Acute bronchitis and acute bronchiolitis,11-15 tu?i,2
2022-01,2022,1,Mùa khô,Viêm phế quản và viêm tiểu phế quản cấp - Acute bronchitis and acute bronchiolitis,6-10 tu?i,3
2022-01,2022,1,Mùa khô,Viêm phế quản và viêm tiểu phế quản cấp - Acute bronchitis and acute bronchiolitis,D??i 1 tu?i,33
2022-01,2022,1,Mùa khô,Động kinh - Epilepsy,11-15 tu?i,1
2022-01,2022,1,Mùa khô,"Ỉa chảy, viêm dạy dày, ruột non có nguồn gốc nhiễm khuẩn - Diarrhoea and gastroenteritis of presumed infectious origin.",1-5 tu?i,9
2022-01,2022,1,Mùa khô,"Ỉa chảy, viêm dạy dày, ruột non có nguồn gốc nhiễm khuẩn - Diarrhoea and gastroenteritis of presumed infectious origin.",D??i 1 tu?i,12
2022-02,2022,2,Mùa khô,Bệnh khác của ruột non và màng bụng - Other diseases of intestine peritoneum,1-5 tu?i,5
2022-02,2022,2,Mùa khô,Bệnh khác của ruột non và màng bụng - Other diseases of intestine peritoneum,6-10 tu?i,5
2022-02,2022,2,Mùa khô,Bệnh khác của ruột non và màng bụng - Other diseases of intestine peritoneum,D??i 1 tu?i,1
2022-02,2022,2,Mùa khô,"Bệnh khác của thực quản, dạ dày và tá tràng - Other diseases of oesophagus, stomach, duodenum",6-10 tu?i,4
2022-02,2022,2,Mùa khô,Bệnh virut khác - Other viral diseases,1-5 tu?i,18
2022-02,2022,2,Mùa khô,Bệnh virut khác - Other viral diseases,6-10 tu?i,7
2022-02,2022,2,Mùa khô,Bệnh virut khác - Other viral diseases,D??i 1 tu?i,6
2022-02,2022,2,Mùa khô,Các bệnh nhiễm khuẩn ruột khác - Other intestinal infectious diseases,1-5 tu?i,1
2022-02,2022,2,Mùa khô,Các bệnh nhiễm khuẩn ruột khác - Other intestinal infectious diseases,6-10 tu?i,3
2022-02,2022,2,Mùa khô,Các bệnh viêm phổi - Pneumonia,1-5 tu?i,18
2022-02,2022,2,Mùa khô,Các bệnh viêm phổi - Pneumonia,11-15 tu?i,1
2022-02,2022,2,Mùa khô,Các bệnh viêm phổi - Pneumonia,6-10 tu?i,1
2022-02,2022,2,Mùa khô,Các bệnh viêm phổi - Pneumonia,D??i 1 tu?i,7
2022-02,2022,2,Mùa khô,Cúm - Influenza,1-5 tu?i,5
2022-02,2022,2,Mùa khô,Cúm - Influenza,6-10 tu?i,1
2022-02,2022,2,Mùa khô,Gãy các phần khác của chi do lao động và giao thông - Fracture of other lim bones,11-15 tu?i,3
2022-02,2022,2,Mùa khô,Gãy các phần khác của chi do lao động và giao thông - Fracture of other lim bones,6-10 tu?i,2
2022-02,2022,2,Mùa khô,Hen - Asthma,11-15 tu?i,1
2022-02,2022,2,Mùa khô,Hen - Asthma,6-10 tu?i,7
2022-02,2022,2,Mùa khô,Hậu quả của các nguyên nhân bên ngoài khác và không xác định - Other and unspecified effects of external causes,1-5 tu?i,7
2022-02,2022,2,Mùa khô,Hậu quả của các nguyên nhân bên ngoài khác và không xác định - Other and unspecified effects of external causes,11-15 tu?i,1
2022-02,2022,2,Mùa khô,Hậu quả của các nguyên nhân bên ngoài khác và không xác định - Other and unspecified effects of external causes,6-10 tu?i,2
2022-02,2022,2,Mùa khô,Không rõ nhóm bệnh,1-5 tu?i,1
2022-02,2022,2,Mùa khô,Không rõ nhóm bệnh,D??i 1 tu?i,2
2022-02,2022,2,Mùa khô,Thuỷ đậu và zôna - Varicella and Zoster,1-5 tu?i,2
2022-02,2022,2,Mùa khô,Thuỷ đậu và zôna - Varicella and Zoster,11-15 tu?i,1
2022-02,2022,2,Mùa khô,Thuỷ đậu và zôna - Varicella and Zoster,6-10 tu?i,2
2022-02,2022,2,Mùa khô,"Thừa bao qui đầu, hẹp và nghẹt bao qui đầu - Redundant prepuce, phimosis and paraphimosis",1-5 tu?i,1
2022-02,2022,2,Mùa khô,"Thừa bao qui đầu, hẹp và nghẹt bao qui đầu - Redundant prepuce, phimosis and paraphimosis",6-10 tu?i,2
2022-02,2022,2,Mùa khô,"Thừa bao qui đầu, hẹp và nghẹt bao qui đầu - Redundant prepuce, phimosis and paraphimosis",D??i 1 tu?i,1
2022-02,2022,2,Mùa khô,"Tắc liệt ruột và tắc ruột không do thoát vị - Paralytic ileus, intestinal obstruction without hernia",1-5 tu?i,1
2022-02,2022,2,Mùa khô,"Tắc liệt ruột và tắc ruột không do thoát vị - Paralytic ileus, intestinal obstruction without hernia",D??i 1 tu?i,2
2022-02,2022,2,Mùa khô,"Tổn thương chảy máu, bệnh khác của máu và cơ quan tạo máu - Haemorrhagic conditions and other diseases of blood, blood",1-5 tu?i,1
2022-02,2022,2,Mùa khô,Viêm cấp đường hô hấp trên khác - Other acute upper respiratory infections,1-5 tu?i,22
2022-02,2022,2,Mùa khô,Viêm cấp đường hô hấp trên khác - Other acute upper respiratory infections,6-10 tu?i,18
2022-02,2022,2,Mùa khô,Viêm cấp đường hô hấp trên khác - Other acute upper respiratory infections,D??i 1 tu?i,2
2022-02,2022,2,Mùa khô,Viêm họng và viêm amidan cấp - Acute pharyngitis and acute tonsillitis,1-5 tu?i,19
2022-02,2022,2,Mùa khô,Viêm họng và viêm amidan cấp - Acute pharyngitis and acute tonsillitis,11-15 tu?i,1
2022-02,2022,2,Mùa khô,Viêm họng và viêm amidan cấp - Acute pharyngitis and acute tonsillitis,6-10 tu?i,16
2022-02,2022,2,Mùa khô,Viêm họng và viêm amidan cấp - Acute pharyngitis and acute tonsillitis,D??i 1 tu?i,4
2022-02,2022,2,Mùa khô,Viêm phế quản và viêm tiểu phế quản cấp - Acute bronchitis and acute bronchiolitis,1-5 tu?i,19
2022-02,2022,2,Mùa khô,Viêm phế quản và viêm tiểu phế quản cấp - Acute bronchitis and acute bronchiolitis,11-15 tu?i,2
2022-02,2022,2,Mùa khô,Viêm phế quản và viêm tiểu phế quản cấp - Acute bronchitis and acute bronchiolitis,6-10 tu?i,2
2022-02,2022,2,Mùa khô,Viêm phế quản và viêm tiểu phế quản cấp - Acute bronchitis and acute bronchiolitis,D??i 1 tu?i,18
2022-02,2022,2,Mùa khô,Động kinh - Epilepsy,11-15 tu?i,1
2022-02,2022,2,Mùa khô,Động kinh - Epilepsy,6-10 tu?i,2
2022-02,2022,2,Mùa khô,"Ỉa chảy, viêm dạy dày, ruột non có nguồn gốc nhiễm khuẩn - Diarrhoea and gastroenteritis of presumed infectious origin.",1-5 tu?i,10
2022-02,2022,2,Mùa khô,"Ỉa chảy, viêm dạy dày, ruột non có nguồn gốc nhiễm khuẩn - Diarrhoea and gastroenteritis of presumed infectious origin.",6-10 tu?i,2
2022-02,2022,2,Mùa khô,"Ỉa chảy, viêm dạy dày, ruột non có nguồn gốc nhiễm khuẩn - Diarrhoea and gastroenteritis of presumed infectious origin.",D??i 1 tu?i,5
2022-03,2022,3,Mùa khô,Bệnh khác của ruột non và màng bụng - Other diseases of intestine peritoneum,1-5 tu?i,6
2022-03,2022,3,Mùa khô,Bệnh khác của ruột non và màng bụng - Other diseases of intestine peritoneum,6-10 tu?i,6
2022-03,2022,3,Mùa khô,"Bệnh khác của thực quản, dạ dày và tá tràng - Other diseases of oesophagus, stomach, duodenum",1-5 tu?i,2
2022-03,2022,3,Mùa khô,"Bệnh khác của thực quản, dạ dày và tá tràng - Other diseases of oesophagus, stomach, duodenum",6-10 tu?i,1
2022-03,2022,3,Mùa khô,"Bệnh khác của thực quản, dạ dày và tá tràng - Other diseases of oesophagus, stomach, duodenum",D??i 1 tu?i,1
2022-03,2022,3,Mùa khô,Bệnh virut khác - Other viral diseases,1-5 tu?i,22
2022-03,2022,3,Mùa khô,Bệnh virut khác - Other viral diseases,11-15 tu?i,1
2022-03,2022,3,Mùa khô,Bệnh virut khác - Other viral diseases,6-10 tu?i,2
2022-03,2022,3,Mùa khô,Bệnh virut khác - Other viral diseases,D??i 1 tu?i,12
2022-03,2022,3,Mùa khô,Các bệnh nhiễm khuẩn ruột khác - Other intestinal infectious diseases,1-5 tu?i,6
2022-03,2022,3,Mùa khô,Các bệnh nhiễm khuẩn ruột khác - Other intestinal infectious diseases,6-10 tu?i,1
2022-03,2022,3,Mùa khô,Các bệnh viêm phổi - Pneumonia,1-5 tu?i,14
2022-03,2022,3,Mùa khô,Các bệnh viêm phổi - Pneumonia,11-15 tu?i,3
2022-03,2022,3,Mùa khô,Các bệnh viêm phổi - Pneumonia,6-10 tu?i,1
2022-03,2022,3,Mùa khô,Các bệnh viêm phổi - Pneumonia,D??i 1 tu?i,12
2022-03,2022,3,Mùa khô,Cúm - Influenza,1-5 tu?i,8
2022-03,2022,3,Mùa khô,Cúm - Influenza,6-10 tu?i,1
2022-03,2022,3,Mùa khô,Gãy các phần khác của chi do lao động và giao thông - Fracture of other lim bones,1-5 tu?i,1
2022-03,2022,3,Mùa khô,Gãy các phần khác của chi do lao động và giao thông - Fracture of other lim bones,11-15 tu?i,2
2022-03,2022,3,Mùa khô,Gãy các phần khác của chi do lao động và giao thông - Fracture of other lim bones,6-10 tu?i,2
2022-03,2022,3,Mùa khô,Hen - Asthma,1-5 tu?i,2
2022-03,2022,3,Mùa khô,Hen - Asthma,11-15 tu?i,2
2022-03,2022,3,Mùa khô,Hen - Asthma,6-10 tu?i,3
2022-03,2022,3,Mùa khô,Hậu quả của các nguyên nhân bên ngoài khác và không xác định - Other and unspecified effects of external causes,1-5 tu?i,2
2022-03,2022,3,Mùa khô,Hậu quả của các nguyên nhân bên ngoài khác và không xác định - Other and unspecified effects of external causes,6-10 tu?i,2
2022-03,2022,3,Mùa khô,Không rõ nhóm bệnh,1-5 tu?i,1
2022-03,2022,3,Mùa khô,Không rõ nhóm bệnh,6-10 tu?i,1
2022-03,2022,3,Mùa khô,Không rõ nhóm bệnh,D??i 1 tu?i,1
2022-03,2022,3,Mùa khô,Thuỷ đậu và zôna - Varicella and Zoster,1-5 tu?i,3
2022-03,2022,3,Mùa khô,Thuỷ đậu và zôna - Varicella and Zoster,6-10 tu?i,1
2022-03,2022,3,Mùa khô,Thuỷ đậu và zôna - Varicella and Zoster,D??i 1 tu?i,1
2022-03,2022,3,Mùa khô,"Thừa bao qui đầu, hẹp và nghẹt bao qui đầu - Redundant prepuce, phimosis and paraphimosis",1-5 tu?i,1
2022-03,2022,3,Mùa khô,"Thừa bao qui đầu, hẹp và nghẹt bao qui đầu - Redundant prepuce, phimosis and paraphimosis",6-10 tu?i,2
2022-03,2022,3,Mùa khô,"Thừa bao qui đầu, hẹp và nghẹt bao qui đầu - Redundant prepuce, phimosis and paraphimosis",D??i 1 tu?i,1
2022-03,2022,3,Mùa khô,"Tắc liệt ruột và tắc ruột không do thoát vị - Paralytic ileus, intestinal obstruction without hernia",D??i 1 tu?i,1
2022-03,2022,3,Mùa khô,"Tổn thương chảy máu, bệnh khác của máu và cơ quan tạo máu - Haemorrhagic conditions and other diseases of blood, blood",1-5 tu?i,3
2022-03,2022,3,Mùa khô,"Tổn thương chảy máu, bệnh khác của máu và cơ quan tạo máu - Haemorrhagic conditions and other diseases of blood, blood",6-10 tu?i,3
2022-03,2022,3,Mùa khô,Viêm cấp đường hô hấp trên khác - Other acute upper respiratory infections,1-5 tu?i,19
2022-03,2022,3,Mùa khô,Viêm cấp đường hô hấp trên khác - Other acute upper respiratory infections,11-15 tu?i,1
2022-03,2022,3,Mùa khô,Viêm cấp đường hô hấp trên khác - Other acute upper respiratory infections,6-10 tu?i,13
2022-03,2022,3,Mùa khô,Viêm cấp đường hô hấp trên khác - Other acute upper respiratory infections,D??i 1 tu?i,4
2022-03,2022,3,Mùa khô,Viêm họng và viêm amidan cấp - Acute pharyngitis and acute tonsillitis,1-5 tu?i,11
2022-03,2022,3,Mùa khô,Viêm họng và viêm amidan cấp - Acute pharyngitis and acute tonsillitis,11-15 tu?i,2
2022-03,2022,3,Mùa khô,Viêm họng và viêm amidan cấp - Acute pharyngitis and acute tonsillitis,6-10 tu?i,9
2022-03,2022,3,Mùa khô,Viêm họng và viêm amidan cấp - Acute pharyngitis and acute tonsillitis,D??i 1 tu?i,2
2022-03,2022,3,Mùa khô,Viêm phế quản và viêm tiểu phế quản cấp - Acute bronchitis and acute bronchiolitis,1-5 tu?i,27
2022-03,2022,3,Mùa khô,Viêm phế quản và viêm tiểu phế quản cấp - Acute bronchitis and acute bronchiolitis,11-15 tu?i,1
2022-03,2022,3,Mùa khô,Viêm phế quản và viêm tiểu phế quản cấp - Acute bronchitis and acute bronchiolitis,6-10 tu?i,1
2022-03,2022,3,Mùa khô,Viêm phế quản và viêm tiểu phế quản cấp - Acute bronchitis and acute bronchiolitis,D??i 1 tu?i,15
2022-03,2022,3,Mùa khô,Động kinh - Epilepsy,11-15 tu?i,1
2022-03,2022,3,Mùa khô,Động kinh - Epilepsy,6-10 tu?i,1
2022-03,2022,3,Mùa khô,"Ỉa chảy, viêm dạy dày, ruột non có nguồn gốc nhiễm khuẩn - Diarrhoea and gastroenteritis of presumed infectious origin.",1-5 tu?i,10
2022-03,2022,3,Mùa khô,"Ỉa chảy, viêm dạy dày, ruột non có nguồn gốc nhiễm khuẩn - Diarrhoea and gastroenteritis of presumed infectious origin.",6-10 tu?i,2
2022-03,2022,3,Mùa khô,"Ỉa chảy, viêm dạy dày, ruột non có nguồn gốc nhiễm khuẩn - Diarrhoea and gastroenteritis of presumed infectious origin.",D??i 1 tu?i,13
2022-04,2022,4,Mùa khô,Bệnh khác của ruột non và màng bụng - Other diseases of intestine peritoneum,1-5 tu?i,5
2022-04,2022,4,Mùa khô,Bệnh khác của ruột non và màng bụng - Other diseases of intestine peritoneum,11-15 tu?i,1
2022-04,2022,4,Mùa khô,Bệnh khác của ruột non và màng bụng - Other diseases of intestine peritoneum,6-10 tu?i,7
2022-04,2022,4,Mùa khô,Bệnh khác của ruột non và màng bụng - Other diseases of intestine peritoneum,D??i 1 tu?i,2
2022-04,2022,4,Mùa khô,"Bệnh khác của thực quản, dạ dày và tá tràng - Other diseases of oesophagus, stomach, duodenum",1-5 tu?i,1
2022-04,2022,4,Mùa khô,"Bệnh khác của thực quản, dạ dày và tá tràng - Other diseases of oesophagus, stomach, duodenum",11-15 tu?i,1
2022-04,2022,4,Mùa khô,"Bệnh khác của thực quản, dạ dày và tá tràng - Other diseases of oesophagus, stomach, duodenum",6-10 tu?i,2
2022-04,2022,4,Mùa khô,"Bệnh khác của thực quản, dạ dày và tá tràng - Other diseases of oesophagus, stomach, duodenum",D??i 1 tu?i,2
2022-04,2022,4,Mùa khô,Bệnh virut khác - Other viral diseases,1-5 tu?i,25
2022-04,2022,4,Mùa khô,Bệnh virut khác - Other viral diseases,6-10 tu?i,4
2022-04,2022,4,Mùa khô,Bệnh virut khác - Other viral diseases,D??i 1 tu?i,10
2022-04,2022,4,Mùa khô,Các bệnh nhiễm khuẩn ruột khác - Other intestinal infectious diseases,1-5 tu?i,2
2022-04,2022,4,Mùa khô,Các bệnh nhiễm khuẩn ruột khác - Other intestinal infectious diseases,6-10 tu?i,2
2022-04,2022,4,Mùa khô,Các bệnh nhiễm khuẩn ruột khác - Other intestinal infectious diseases,D??i 1 tu?i,1
2022-04,2022,4,Mùa khô,Các bệnh viêm phổi - Pneumonia,1-5 tu?i,22
2022-04,2022,4,Mùa khô,Các bệnh viêm phổi - Pneumonia,11-15 tu?i,1
2022-04,2022,4,Mùa khô,Các bệnh viêm phổi - Pneumonia,6-10 tu?i,3
2022-04,2022,4,Mùa khô,Các bệnh viêm phổi - Pneumonia,D??i 1 tu?i,13
2022-04,2022,4,Mùa khô,Cúm - Influenza,1-5 tu?i,4
2022-04,2022,4,Mùa khô,Cúm - Influenza,11-15 tu?i,1
2022-04,2022,4,Mùa khô,Cúm - Influenza,6-10 tu?i,2
2022-04,2022,4,Mùa khô,Gãy các phần khác của chi do lao động và giao thông - Fracture of other lim bones,1-5 tu?i,4
2022-04,2022,4,Mùa khô,Gãy các phần khác của chi do lao động và giao thông - Fracture of other lim bones,11-15 tu?i,4
2022-04,2022,4,Mùa khô,Gãy các phần khác của chi do lao động và giao thông - Fracture of other lim bones,6-10 tu?i,6
2022-04,2022,4,Mùa khô,Hen - Asthma,11-15 tu?i,6
2022-04,2022,4,Mùa khô,Hen - Asthma,6-10 tu?i,3
2022-04,2022,4,Mùa khô,Hậu quả của các nguyên nhân bên ngoài khác và không xác định - Other and unspecified effects of external causes,1-5 tu?i,4
2022-04,2022,4,Mùa khô,Hậu quả của các nguyên nhân bên ngoài khác và không xác định - Other and unspecified effects of external causes,6-10 tu?i,2
2022-04,2022,4,Mùa khô,Hậu quả của các nguyên nhân bên ngoài khác và không xác định - Other and unspecified effects of external causes,D??i 1 tu?i,1
2022-04,2022,4,Mùa khô,Không rõ nhóm bệnh,1-5 tu?i,4
2022-04,2022,4,Mùa khô,Không rõ nhóm bệnh,D??i 1 tu?i,2
2022-04,2022,4,Mùa khô,Thuỷ đậu và zôna - Varicella and Zoster,1-5 tu?i,5
2022-04,2022,4,Mùa khô,Thuỷ đậu và zôna - Varicella and Zoster,6-10 tu?i,1
2022-04,2022,4,Mùa khô,Thuỷ đậu và zôna - Varicella and Zoster,D??i 1 tu?i,1
2022-04,2022,4,Mùa khô,"Thừa bao qui đầu, hẹp và nghẹt bao qui đầu - Redundant prepuce, phimosis and paraphimosis",1-5 tu?i,2
2022-04,2022,4,Mùa khô,"Thừa bao qui đầu, hẹp và nghẹt bao qui đầu - Redundant prepuce, phimosis and paraphimosis",6-10 tu?i,2
2022-04,2022,4,Mùa khô,"Thừa bao qui đầu, hẹp và nghẹt bao qui đầu - Redundant prepuce, phimosis and paraphimosis",D??i 1 tu?i,1
2022-04,2022,4,Mùa khô,"Tắc liệt ruột và tắc ruột không do thoát vị - Paralytic ileus, intestinal obstruction without hernia",6-10 tu?i,4
2022-04,2022,4,Mùa khô,"Tắc liệt ruột và tắc ruột không do thoát vị - Paralytic ileus, intestinal obstruction without hernia",D??i 1 tu?i,1
2022-04,2022,4,Mùa khô,Viêm cấp đường hô hấp trên khác - Other acute upper respiratory infections,1-5 tu?i,20
2022-04,2022,4,Mùa khô,Viêm cấp đường hô hấp trên khác - Other acute upper respiratory infections,11-15 tu?i,1
2022-04,2022,4,Mùa khô,Viêm cấp đường hô hấp trên khác - Other acute upper respiratory infections,6-10 tu?i,11
2022-04,2022,4,Mùa khô,Viêm cấp đường hô hấp trên khác - Other acute upper respiratory infections,D??i 1 tu?i,2
2022-04,2022,4,Mùa khô,Viêm họng và viêm amidan cấp - Acute pharyngitis and acute tonsillitis,1-5 tu?i,9
2022-04,2022,4,Mùa khô,Viêm họng và viêm amidan cấp - Acute pharyngitis and acute tonsillitis,11-15 tu?i,2
2022-04,2022,4,Mùa khô,Viêm họng và viêm amidan cấp - Acute pharyngitis and acute tonsillitis,6-10 tu?i,8
2022-04,2022,4,Mùa khô,Viêm họng và viêm amidan cấp - Acute pharyngitis and acute tonsillitis,D??i 1 tu?i,6
2022-04,2022,4,Mùa khô,Viêm phế quản và viêm tiểu phế quản cấp - Acute bronchitis and acute bronchiolitis,1-5 tu?i,26
2022-04,2022,4,Mùa khô,Viêm phế quản và viêm tiểu phế quản cấp - Acute bronchitis and acute bronchiolitis,11-15 tu?i,2
2022-04,2022,4,Mùa khô,Viêm phế quản và viêm tiểu phế quản cấp - Acute bronchitis and acute bronchiolitis,6-10 tu?i,6
2022-04,2022,4,Mùa khô,Viêm phế quản và viêm tiểu phế quản cấp - Acute bronchitis and acute bronchiolitis,D??i 1 tu?i,20
2022-04,2022,4,Mùa khô,"Ỉa chảy, viêm dạy dày, ruột non có nguồn gốc nhiễm khuẩn - Diarrhoea and gastroenteritis of presumed infectious origin.",1-5 tu?i,11
2022-04,2022,4,Mùa khô,"Ỉa chảy, viêm dạy dày, ruột non có nguồn gốc nhiễm khuẩn - Diarrhoea and gastroenteritis of presumed infectious origin.",6-10 tu?i,1
2022-04,2022,4,Mùa khô,"Ỉa chảy, viêm dạy dày, ruột non có nguồn gốc nhiễm khuẩn - Diarrhoea and gastroenteritis of presumed infectious origin.",D??i 1 tu?i,16
2022-05,2022,5,Mùa mưa,Bệnh khác của ruột non và màng bụng - Other diseases of intestine peritoneum,1-5 tu?i,13
2022-05,2022,5,Mùa mưa,Bệnh khác của ruột non và màng bụng - Other diseases of intestine peritoneum,6-10 tu?i,4
2022-05,2022,5,Mùa mưa,"Bệnh khác của thực quản, dạ dày và tá tràng - Other diseases of oesophagus, stomach, duodenum",1-5 tu?i,2
2022-05,2022,5,Mùa mưa,"Bệnh khác của thực quản, dạ dày và tá tràng - Other diseases of oesophagus, stomach, duodenum",11-15 tu?i,5
2022-05,2022,5,Mùa mưa,"Bệnh khác của thực quản, dạ dày và tá tràng - Other diseases of oesophagus, stomach, duodenum",6-10 tu?i,7
2022-05,2022,5,Mùa mưa,Bệnh virut khác - Other viral diseases,1-5 tu?i,13
2022-05,2022,5,Mùa mưa,Bệnh virut khác - Other viral diseases,11-15 tu?i,1
2022-05,2022,5,Mùa mưa,Bệnh virut khác - Other viral diseases,6-10 tu?i,6
2022-05,2022,5,Mùa mưa,Bệnh virut khác - Other viral diseases,D??i 1 tu?i,8
2022-05,2022,5,Mùa mưa,Các bệnh nhiễm khuẩn ruột khác - Other intestinal infectious diseases,1-5 tu?i,9
2022-05,2022,5,Mùa mưa,Các bệnh nhiễm khuẩn ruột khác - Other intestinal infectious diseases,6-10 tu?i,6
2022-05,2022,5,Mùa mưa,Các bệnh nhiễm khuẩn ruột khác - Other intestinal infectious diseases,D??i 1 tu?i,1
2022-05,2022,5,Mùa mưa,Các bệnh viêm phổi - Pneumonia,1-5 tu?i,13
2022-05,2022,5,Mùa mưa,Các bệnh viêm phổi - Pneumonia,6-10 tu?i,1
2022-05,2022,5,Mùa mưa,Các bệnh viêm phổi - Pneumonia,D??i 1 tu?i,14
2022-05,2022,5,Mùa mưa,Cúm - Influenza,1-5 tu?i,5
2022-05,2022,5,Mùa mưa,Cúm - Influenza,6-10 tu?i,3
2022-05,2022,5,Mùa mưa,Gãy các phần khác của chi do lao động và giao thông - Fracture of other lim bones,1-5 tu?i,1
2022-05,2022,5,Mùa mưa,Gãy các phần khác của chi do lao động và giao thông - Fracture of other lim bones,11-15 tu?i,1
2022-05,2022,5,Mùa mưa,Gãy các phần khác của chi do lao động và giao thông - Fracture of other lim bones,6-10 tu?i,3
2022-05,2022,5,Mùa mưa,Hen - Asthma,1-5 tu?i,1
2022-05,2022,5,Mùa mưa,Hen - Asthma,11-15 tu?i,2
2022-05,2022,5,Mùa mưa,Hen - Asthma,6-10 tu?i,2
2022-05,2022,5,Mùa mưa,Hậu quả của các nguyên nhân bên ngoài khác và không xác định - Other and unspecified effects of external causes,1-5 tu?i,4
2022-05,2022,5,Mùa mưa,Hậu quả của các nguyên nhân bên ngoài khác và không xác định - Other and unspecified effects of external causes,6-10 tu?i,3
2022-05,2022,5,Mùa mưa,Hậu quả của các nguyên nhân bên ngoài khác và không xác định - Other and unspecified effects of external causes,D??i 1 tu?i,1
2022-05,2022,5,Mùa mưa,Không rõ nhóm bệnh,1-5 tu?i,6
2022-05,2022,5,Mùa mưa,Không rõ nhóm bệnh,6-10 tu?i,1
2022-05,2022,5,Mùa mưa,Không rõ nhóm bệnh,D??i 1 tu?i,5
2022-05,2022,5,Mùa mưa,Thuỷ đậu và zôna - Varicella and Zoster,1-5 tu?i,2
2022-05,2022,5,Mùa mưa,Thuỷ đậu và zôna - Varicella and Zoster,6-10 tu?i,2
2022-05,2022,5,Mùa mưa,Thuỷ đậu và zôna - Varicella and Zoster,D??i 1 tu?i,1
2022-05,2022,5,Mùa mưa,"Thừa bao qui đầu, hẹp và nghẹt bao qui đầu - Redundant prepuce, phimosis and paraphimosis",1-5 tu?i,4
2022-05,2022,5,Mùa mưa,"Thừa bao qui đầu, hẹp và nghẹt bao qui đầu - Redundant prepuce, phimosis and paraphimosis",6-10 tu?i,3
2022-05,2022,5,Mùa mưa,"Tắc liệt ruột và tắc ruột không do thoát vị - Paralytic ileus, intestinal obstruction without hernia",1-5 tu?i,3
2022-05,2022,5,Mùa mưa,"Tắc liệt ruột và tắc ruột không do thoát vị - Paralytic ileus, intestinal obstruction without hernia",6-10 tu?i,1
2022-05,2022,5,Mùa mưa,"Tổn thương chảy máu, bệnh khác của máu và cơ quan tạo máu - Haemorrhagic conditions and other diseases of blood, blood",1-5 tu?i,2
2022-05,2022,5,Mùa mưa,"Tổn thương chảy máu, bệnh khác của máu và cơ quan tạo máu - Haemorrhagic conditions and other diseases of blood, blood",6-10 tu?i,1
2022-05,2022,5,Mùa mưa,Viêm cấp đường hô hấp trên khác - Other acute upper respiratory infections,1-5 tu?i,18
2022-05,2022,5,Mùa mưa,Viêm cấp đường hô hấp trên khác - Other acute upper respiratory infections,6-10 tu?i,4
2022-05,2022,5,Mùa mưa,Viêm cấp đường hô hấp trên khác - Other acute upper respiratory infections,D??i 1 tu?i,1
2022-05,2022,5,Mùa mưa,Viêm họng và viêm amidan cấp - Acute pharyngitis and acute tonsillitis,1-5 tu?i,9
2022-05,2022,5,Mùa mưa,Viêm họng và viêm amidan cấp - Acute pharyngitis and acute tonsillitis,6-10 tu?i,12
2022-05,2022,5,Mùa mưa,Viêm họng và viêm amidan cấp - Acute pharyngitis and acute tonsillitis,D??i 1 tu?i,3
2022-05,2022,5,Mùa mưa,Viêm phế quản và viêm tiểu phế quản cấp - Acute bronchitis and acute bronchiolitis,1-5 tu?i,18
2022-05,2022,5,Mùa mưa,Viêm phế quản và viêm tiểu phế quản cấp - Acute bronchitis and acute bronchiolitis,11-15 tu?i,2
2022-05,2022,5,Mùa mưa,Viêm phế quản và viêm tiểu phế quản cấp - Acute bronchitis and acute bronchiolitis,D??i 1 tu?i,4
2022-05,2022,5,Mùa mưa,Động kinh - Epilepsy,11-15 tu?i,2
2022-05,2022,5,Mùa mưa,Động kinh - Epilepsy,6-10 tu?i,2
2022-05,2022,5,Mùa mưa,"Ỉa chảy, viêm dạy dày, ruột non có nguồn gốc nhiễm khuẩn - Diarrhoea and gastroenteritis of presumed infectious origin.",1-5 tu?i,14
2022-05,2022,5,Mùa mưa,"Ỉa chảy, viêm dạy dày, ruột non có nguồn gốc nhiễm khuẩn - Diarrhoea and gastroenteritis of presumed infectious origin.",6-10 tu?i,1
2022-05,2022,5,Mùa mưa,"Ỉa chảy, viêm dạy dày, ruột non có nguồn gốc nhiễm khuẩn - Diarrhoea and gastroenteritis of presumed infectious origin.",D??i 1 tu?i,11
2022-06,2022,6,Mùa mưa,Bệnh khác của ruột non và màng bụng - Other diseases of intestine peritoneum,1-5 tu?i,6
2022-06,2022,6,Mùa mưa,Bệnh khác của ruột non và màng bụng - Other diseases of intestine peritoneum,6-10 tu?i,6
2022-06,2022,6,Mùa mưa,Bệnh khác của ruột non và màng bụng - Other diseases of intestine peritoneum,D??i 1 tu?i,1
2022-06,2022,6,Mùa mưa,"Bệnh khác của thực quản, dạ dày và tá tràng - Other diseases of oesophagus, stomach, duodenum",1-5 tu?i,3
2022-06,2022,6,Mùa mưa,"Bệnh khác của thực quản, dạ dày và tá tràng - Other diseases of oesophagus, stomach, duodenum",11-15 tu?i,5
2022-06,2022,6,Mùa mưa,"Bệnh khác của thực quản, dạ dày và tá tràng - Other diseases of oesophagus, stomach, duodenum",6-10 tu?i,7
2022-06,2022,6,Mùa mưa,Bệnh virut khác - Other viral diseases,1-5 tu?i,21
2022-06,2022,6,Mùa mưa,Bệnh virut khác - Other viral diseases,6-10 tu?i,4
2022-06,2022,6,Mùa mưa,Bệnh virut khác - Other viral diseases,D??i 1 tu?i,7
2022-06,2022,6,Mùa mưa,Các bệnh nhiễm khuẩn ruột khác - Other intestinal infectious diseases,1-5 tu?i,9
2022-06,2022,6,Mùa mưa,Các bệnh nhiễm khuẩn ruột khác - Other intestinal infectious diseases,6-10 tu?i,9
2022-06,2022,6,Mùa mưa,Các bệnh nhiễm khuẩn ruột khác - Other intestinal infectious diseases,D??i 1 tu?i,2
2022-06,2022,6,Mùa mưa,Các bệnh viêm phổi - Pneumonia,1-5 tu?i,15
2022-06,2022,6,Mùa mưa,Các bệnh viêm phổi - Pneumonia,6-10 tu?i,3
2022-06,2022,6,Mùa mưa,Các bệnh viêm phổi - Pneumonia,D??i 1 tu?i,12
2022-06,2022,6,Mùa mưa,Cúm - Influenza,1-5 tu?i,3
2022-06,2022,6,Mùa mưa,Cúm - Influenza,6-10 tu?i,3
2022-06,2022,6,Mùa mưa,Cúm - Influenza,D??i 1 tu?i,2
2022-06,2022,6,Mùa mưa,Gãy các phần khác của chi do lao động và giao thông - Fracture of other lim bones,1-5 tu?i,1
2022-06,2022,6,Mùa mưa,Gãy các phần khác của chi do lao động và giao thông - Fracture of other lim bones,11-15 tu?i,3
2022-06,2022,6,Mùa mưa,Gãy các phần khác của chi do lao động và giao thông - Fracture of other lim bones,6-10 tu?i,5
2022-06,2022,6,Mùa mưa,Gãy các phần khác của chi do lao động và giao thông - Fracture of other lim bones,D??i 1 tu?i,2
2022-06,2022,6,Mùa mưa,Hen - Asthma,6-10 tu?i,4
2022-06,2022,6,Mùa mưa,Hậu quả của các nguyên nhân bên ngoài khác và không xác định - Other and unspecified effects of external causes,1-5 tu?i,7
2022-06,2022,6,Mùa mưa,Hậu quả của các nguyên nhân bên ngoài khác và không xác định - Other and unspecified effects of external causes,6-10 tu?i,3
2022-06,2022,6,Mùa mưa,Hậu quả của các nguyên nhân bên ngoài khác và không xác định - Other and unspecified effects of external causes,D??i 1 tu?i,1
2022-06,2022,6,Mùa mưa,Không rõ nhóm bệnh,1-5 tu?i,3
2022-06,2022,6,Mùa mưa,Không rõ nhóm bệnh,D??i 1 tu?i,2
2022-06,2022,6,Mùa mưa,Thuỷ đậu và zôna - Varicella and Zoster,1-5 tu?i,1
2022-06,2022,6,Mùa mưa,"Thừa bao qui đầu, hẹp và nghẹt bao qui đầu - Redundant prepuce, phimosis and paraphimosis",1-5 tu?i,1
2022-06,2022,6,Mùa mưa,"Thừa bao qui đầu, hẹp và nghẹt bao qui đầu - Redundant prepuce, phimosis and paraphimosis",6-10 tu?i,2
2022-06,2022,6,Mùa mưa,"Tắc liệt ruột và tắc ruột không do thoát vị - Paralytic ileus, intestinal obstruction without hernia",1-5 tu?i,4
2022-06,2022,6,Mùa mưa,"Tắc liệt ruột và tắc ruột không do thoát vị - Paralytic ileus, intestinal obstruction without hernia",6-10 tu?i,3
2022-06,2022,6,Mùa mưa,"Tổn thương chảy máu, bệnh khác của máu và cơ quan tạo máu - Haemorrhagic conditions and other diseases of blood, blood",1-5 tu?i,2
2022-06,2022,6,Mùa mưa,"Tổn thương chảy máu, bệnh khác của máu và cơ quan tạo máu - Haemorrhagic conditions and other diseases of blood, blood",6-10 tu?i,2
2022-06,2022,6,Mùa mưa,Viêm cấp đường hô hấp trên khác - Other acute upper respiratory infections,1-5 tu?i,18
2022-06,2022,6,Mùa mưa,Viêm cấp đường hô hấp trên khác - Other acute upper respiratory infections,6-10 tu?i,10
2022-06,2022,6,Mùa mưa,Viêm cấp đường hô hấp trên khác - Other acute upper respiratory infections,D??i 1 tu?i,1
2022-06,2022,6,Mùa mưa,Viêm họng và viêm amidan cấp - Acute pharyngitis and acute tonsillitis,1-5 tu?i,14
2022-06,2022,6,Mùa mưa,Viêm họng và viêm amidan cấp - Acute pharyngitis and acute tonsillitis,11-15 tu?i,1
2022-06,2022,6,Mùa mưa,Viêm họng và viêm amidan cấp - Acute pharyngitis and acute tonsillitis,6-10 tu?i,5
2022-06,2022,6,Mùa mưa,Viêm họng và viêm amidan cấp - Acute pharyngitis and acute tonsillitis,D??i 1 tu?i,2
2022-06,2022,6,Mùa mưa,Viêm phế quản và viêm tiểu phế quản cấp - Acute bronchitis and acute bronchiolitis,1-5 tu?i,10
2022-06,2022,6,Mùa mưa,Viêm phế quản và viêm tiểu phế quản cấp - Acute bronchitis and acute bronchiolitis,D??i 1 tu?i,9
2022-06,2022,6,Mùa mưa,Động kinh - Epilepsy,11-15 tu?i,1
2022-06,2022,6,Mùa mưa,Động kinh - Epilepsy,6-10 tu?i,6
2022-06,2022,6,Mùa mưa,"Ỉa chảy, viêm dạy dày, ruột non có nguồn gốc nhiễm khuẩn - Diarrhoea and gastroenteritis of presumed infectious origin.",1-5 tu?i,33
2022-06,2022,6,Mùa mưa,"Ỉa chảy, viêm dạy dày, ruột non có nguồn gốc nhiễm khuẩn - Diarrhoea and gastroenteritis of presumed infectious origin.",11-15 tu?i,1
2022-06,2022,6,Mùa mưa,"Ỉa chảy, viêm dạy dày, ruột non có nguồn gốc nhiễm khuẩn - Diarrhoea and gastroenteritis of presumed infectious origin.",6-10 tu?i,3
2022-06,2022,6,Mùa mưa,"Ỉa chảy, viêm dạy dày, ruột non có nguồn gốc nhiễm khuẩn - Diarrhoea and gastroenteritis of presumed infectious origin.",D??i 1 tu?i,15
2022-07,2022,7,Mùa mưa,Bệnh khác của ruột non và màng bụng - Other diseases of intestine peritoneum,1-5 tu?i,11
2022-07,2022,7,Mùa mưa,Bệnh khác của ruột non và màng bụng - Other diseases of intestine peritoneum,11-15 tu?i,2
2022-07,2022,7,Mùa mưa,Bệnh khác của ruột non và màng bụng - Other diseases of intestine peritoneum,6-10 tu?i,7
2022-07,2022,7,Mùa mưa,"Bệnh khác của thực quản, dạ dày và tá tràng - Other diseases of oesophagus, stomach, duodenum",1-5 tu?i,1
2022-07,2022,7,Mùa mưa,"Bệnh khác của thực quản, dạ dày và tá tràng - Other diseases of oesophagus, stomach, duodenum",11-15 tu?i,4
2022-07,2022,7,Mùa mưa,"Bệnh khác của thực quản, dạ dày và tá tràng - Other diseases of oesophagus, stomach, duodenum",6-10 tu?i,8
2022-07,2022,7,Mùa mưa,"Bệnh khác của thực quản, dạ dày và tá tràng - Other diseases of oesophagus, stomach, duodenum",D??i 1 tu?i,1
2022-07,2022,7,Mùa mưa,Bệnh virut khác - Other viral diseases,1-5 tu?i,11
2022-07,2022,7,Mùa mưa,Bệnh virut khác - Other viral diseases,11-15 tu?i,3
2022-07,2022,7,Mùa mưa,Bệnh virut khác - Other viral diseases,6-10 tu?i,6
2022-07,2022,7,Mùa mưa,Bệnh virut khác - Other viral diseases,D??i 1 tu?i,6
2022-07,2022,7,Mùa mưa,Các bệnh nhiễm khuẩn ruột khác - Other intestinal infectious diseases,1-5 tu?i,7
2022-07,2022,7,Mùa mưa,Các bệnh nhiễm khuẩn ruột khác - Other intestinal infectious diseases,6-10 tu?i,6
2022-07,2022,7,Mùa mưa,Các bệnh nhiễm khuẩn ruột khác - Other intestinal infectious diseases,D??i 1 tu?i,3
2022-07,2022,7,Mùa mưa,Các bệnh viêm phổi - Pneumonia,1-5 tu?i,9
2022-07,2022,7,Mùa mưa,Các bệnh viêm phổi - Pneumonia,6-10 tu?i,2
2022-07,2022,7,Mùa mưa,Các bệnh viêm phổi - Pneumonia,D??i 1 tu?i,14
2022-07,2022,7,Mùa mưa,Cúm - Influenza,1-5 tu?i,3
2022-07,2022,7,Mùa mưa,Cúm - Influenza,6-10 tu?i,4
2022-07,2022,7,Mùa mưa,Gãy các phần khác của chi do lao động và giao thông - Fracture of other lim bones,1-5 tu?i,3
2022-07,2022,7,Mùa mưa,Gãy các phần khác của chi do lao động và giao thông - Fracture of other lim bones,11-15 tu?i,4
2022-07,2022,7,Mùa mưa,Gãy các phần khác của chi do lao động và giao thông - Fracture of other lim bones,6-10 tu?i,4
2022-07,2022,7,Mùa mưa,Hen - Asthma,1-5 tu?i,2
2022-07,2022,7,Mùa mưa,Hen - Asthma,11-15 tu?i,3
2022-07,2022,7,Mùa mưa,Hen - Asthma,6-10 tu?i,2
2022-07,2022,7,Mùa mưa,Hậu quả của các nguyên nhân bên ngoài khác và không xác định - Other and unspecified effects of external causes,1-5 tu?i,5
2022-07,2022,7,Mùa mưa,Hậu quả của các nguyên nhân bên ngoài khác và không xác định - Other and unspecified effects of external causes,6-10 tu?i,2
2022-07,2022,7,Mùa mưa,Hậu quả của các nguyên nhân bên ngoài khác và không xác định - Other and unspecified effects of external causes,D??i 1 tu?i,1
2022-07,2022,7,Mùa mưa,Không rõ nhóm bệnh,1-5 tu?i,1
2022-07,2022,7,Mùa mưa,Không rõ nhóm bệnh,6-10 tu?i,1
2022-07,2022,7,Mùa mưa,Không rõ nhóm bệnh,D??i 1 tu?i,2
2022-07,2022,7,Mùa mưa,Thuỷ đậu và zôna - Varicella and Zoster,1-5 tu?i,1
2022-07,2022,7,Mùa mưa,Thuỷ đậu và zôna - Varicella and Zoster,6-10 tu?i,2
2022-07,2022,7,Mùa mưa,"Thừa bao qui đầu, hẹp và nghẹt bao qui đầu - Redundant prepuce, phimosis and paraphimosis",1-5 tu?i,2
2022-07,2022,7,Mùa mưa,"Thừa bao qui đầu, hẹp và nghẹt bao qui đầu - Redundant prepuce, phimosis and paraphimosis",6-10 tu?i,2
2022-07,2022,7,Mùa mưa,"Tắc liệt ruột và tắc ruột không do thoát vị - Paralytic ileus, intestinal obstruction without hernia",1-5 tu?i,3
2022-07,2022,7,Mùa mưa,"Tắc liệt ruột và tắc ruột không do thoát vị - Paralytic ileus, intestinal obstruction without hernia",6-10 tu?i,2
2022-07,2022,7,Mùa mưa,"Tắc liệt ruột và tắc ruột không do thoát vị - Paralytic ileus, intestinal obstruction without hernia",D??i 1 tu?i,1
2022-07,2022,7,Mùa mưa,"Tổn thương chảy máu, bệnh khác của máu và cơ quan tạo máu - Haemorrhagic conditions and other diseases of blood, blood",1-5 tu?i,5
2022-07,2022,7,Mùa mưa,"Tổn thương chảy máu, bệnh khác của máu và cơ quan tạo máu - Haemorrhagic conditions and other diseases of blood, blood",6-10 tu?i,4
2022-07,2022,7,Mùa mưa,Viêm cấp đường hô hấp trên khác - Other acute upper respiratory infections,1-5 tu?i,14
2022-07,2022,7,Mùa mưa,Viêm cấp đường hô hấp trên khác - Other acute upper respiratory infections,6-10 tu?i,6
2022-07,2022,7,Mùa mưa,Viêm cấp đường hô hấp trên khác - Other acute upper respiratory infections,D??i 1 tu?i,5
2022-07,2022,7,Mùa mưa,Viêm họng và viêm amidan cấp - Acute pharyngitis and acute tonsillitis,1-5 tu?i,11
2022-07,2022,7,Mùa mưa,Viêm họng và viêm amidan cấp - Acute pharyngitis and acute tonsillitis,6-10 tu?i,6
2022-07,2022,7,Mùa mưa,Viêm họng và viêm amidan cấp - Acute pharyngitis and acute tonsillitis,D??i 1 tu?i,2
2022-07,2022,7,Mùa mưa,Viêm phế quản và viêm tiểu phế quản cấp - Acute bronchitis and acute bronchiolitis,1-5 tu?i,18
2022-07,2022,7,Mùa mưa,Viêm phế quản và viêm tiểu phế quản cấp - Acute bronchitis and acute bronchiolitis,11-15 tu?i,1
2022-07,2022,7,Mùa mưa,Viêm phế quản và viêm tiểu phế quản cấp - Acute bronchitis and acute bronchiolitis,6-10 tu?i,1
2022-07,2022,7,Mùa mưa,Viêm phế quản và viêm tiểu phế quản cấp - Acute bronchitis and acute bronchiolitis,D??i 1 tu?i,7
2022-07,2022,7,Mùa mưa,Động kinh - Epilepsy,11-15 tu?i,2
2022-07,2022,7,Mùa mưa,Động kinh - Epilepsy,D??i 1 tu?i,1
2022-07,2022,7,Mùa mưa,"Ỉa chảy, viêm dạy dày, ruột non có nguồn gốc nhiễm khuẩn - Diarrhoea and gastroenteritis of presumed infectious origin.",1-5 tu?i,17
2022-07,2022,7,Mùa mưa,"Ỉa chảy, viêm dạy dày, ruột non có nguồn gốc nhiễm khuẩn - Diarrhoea and gastroenteritis of presumed infectious origin.",6-10 tu?i,5
2022-07,2022,7,Mùa mưa,"Ỉa chảy, viêm dạy dày, ruột non có nguồn gốc nhiễm khuẩn - Diarrhoea and gastroenteritis of presumed infectious origin.",D??i 1 tu?i,17
2022-08,2022,8,Mùa mưa,Bệnh khác của ruột non và màng bụng - Other diseases of intestine peritoneum,1-5 tu?i,14
2022-08,2022,8,Mùa mưa,Bệnh khác của ruột non và màng bụng - Other diseases of intestine peritoneum,6-10 tu?i,12
2022-08,2022,8,Mùa mưa,Bệnh khác của ruột non và màng bụng - Other diseases of intestine peritoneum,D??i 1 tu?i,1
2022-08,2022,8,Mùa mưa,"Bệnh khác của thực quản, dạ dày và tá tràng - Other diseases of oesophagus, stomach, duodenum",11-15 tu?i,2
2022-08,2022,8,Mùa mưa,"Bệnh khác của thực quản, dạ dày và tá tràng - Other diseases of oesophagus, stomach, duodenum",6-10 tu?i,2
2022-08,2022,8,Mùa mưa,Bệnh virut khác - Other viral diseases,1-5 tu?i,19
2022-08,2022,8,Mùa mưa,Bệnh virut khác - Other viral diseases,11-15 tu?i,1
2022-08,2022,8,Mùa mưa,Bệnh virut khác - Other viral diseases,6-10 tu?i,7
2022-08,2022,8,Mùa mưa,Bệnh virut khác - Other viral diseases,D??i 1 tu?i,13
2022-08,2022,8,Mùa mưa,Các bệnh nhiễm khuẩn ruột khác - Other intestinal infectious diseases,1-5 tu?i,5
2022-08,2022,8,Mùa mưa,Các bệnh nhiễm khuẩn ruột khác - Other intestinal infectious diseases,6-10 tu?i,5
2022-08,2022,8,Mùa mưa,Các bệnh nhiễm khuẩn ruột khác - Other intestinal infectious diseases,D??i 1 tu?i,1
2022-08,2022,8,Mùa mưa,Các bệnh viêm phổi - Pneumonia,1-5 tu?i,9
2022-08,2022,8,Mùa mưa,Các bệnh viêm phổi - Pneumonia,11-15 tu?i,2
2022-08,2022,8,Mùa mưa,Các bệnh viêm phổi - Pneumonia,6-10 tu?i,2
2022-08,2022,8,Mùa mưa,Các bệnh viêm phổi - Pneumonia,D??i 1 tu?i,11
2022-08,2022,8,Mùa mưa,Cúm - Influenza,1-5 tu?i,2
2022-08,2022,8,Mùa mưa,Cúm - Influenza,6-10 tu?i,1
2022-08,2022,8,Mùa mưa,Cúm - Influenza,D??i 1 tu?i,1
2022-08,2022,8,Mùa mưa,Gãy các phần khác của chi do lao động và giao thông - Fracture of other lim bones,1-5 tu?i,2
2022-08,2022,8,Mùa mưa,Gãy các phần khác của chi do lao động và giao thông - Fracture of other lim bones,11-15 tu?i,4
2022-08,2022,8,Mùa mưa,Gãy các phần khác của chi do lao động và giao thông - Fracture of other lim bones,6-10 tu?i,6
2022-08,2022,8,Mùa mưa,Gãy các phần khác của chi do lao động và giao thông - Fracture of other lim bones,D??i 1 tu?i,1
2022-08,2022,8,Mùa mưa,Hen - Asthma,1-5 tu?i,2
2022-08,2022,8,Mùa mưa,Hen - Asthma,11-15 tu?i,4
2022-08,2022,8,Mùa mưa,Hen - Asthma,6-10 tu?i,2
2022-08,2022,8,Mùa mưa,Hen - Asthma,D??i 1 tu?i,1
2022-08,2022,8,Mùa mưa,Hậu quả của các nguyên nhân bên ngoài khác và không xác định - Other and unspecified effects of external causes,1-5 tu?i,3
2022-08,2022,8,Mùa mưa,Hậu quả của các nguyên nhân bên ngoài khác và không xác định - Other and unspecified effects of external causes,6-10 tu?i,2
2022-08,2022,8,Mùa mưa,Hậu quả của các nguyên nhân bên ngoài khác và không xác định - Other and unspecified effects of external causes,D??i 1 tu?i,1
2022-08,2022,8,Mùa mưa,Không rõ nhóm bệnh,D??i 1 tu?i,2
2022-08,2022,8,Mùa mưa,Thuỷ đậu và zôna - Varicella and Zoster,1-5 tu?i,4
2022-08,2022,8,Mùa mưa,Thuỷ đậu và zôna - Varicella and Zoster,11-15 tu?i,1
2022-08,2022,8,Mùa mưa,Thuỷ đậu và zôna - Varicella and Zoster,D??i 1 tu?i,1
2022-08,2022,8,Mùa mưa,"Thừa bao qui đầu, hẹp và nghẹt bao qui đầu - Redundant prepuce, phimosis and paraphimosis",1-5 tu?i,1
2022-08,2022,8,Mùa mưa,"Thừa bao qui đầu, hẹp và nghẹt bao qui đầu - Redundant prepuce, phimosis and paraphimosis",6-10 tu?i,2
2022-08,2022,8,Mùa mưa,"Tắc liệt ruột và tắc ruột không do thoát vị - Paralytic ileus, intestinal obstruction without hernia",1-5 tu?i,1
2022-08,2022,8,Mùa mưa,"Tắc liệt ruột và tắc ruột không do thoát vị - Paralytic ileus, intestinal obstruction without hernia",6-10 tu?i,1
2022-08,2022,8,Mùa mưa,"Tổn thương chảy máu, bệnh khác của máu và cơ quan tạo máu - Haemorrhagic conditions and other diseases of blood, blood",1-5 tu?i,1
2022-08,2022,8,Mùa mưa,"Tổn thương chảy máu, bệnh khác của máu và cơ quan tạo máu - Haemorrhagic conditions and other diseases of blood, blood",6-10 tu?i,3
2022-08,2022,8,Mùa mưa,"Tổn thương chảy máu, bệnh khác của máu và cơ quan tạo máu - Haemorrhagic conditions and other diseases of blood, blood",D??i 1 tu?i,1
2022-08,2022,8,Mùa mưa,Viêm cấp đường hô hấp trên khác - Other acute upper respiratory infections,1-5 tu?i,11
2022-08,2022,8,Mùa mưa,Viêm cấp đường hô hấp trên khác - Other acute upper respiratory infections,11-15 tu?i,2
2022-08,2022,8,Mùa mưa,Viêm cấp đường hô hấp trên khác - Other acute upper respiratory infections,6-10 tu?i,13
2022-08,2022,8,Mùa mưa,Viêm cấp đường hô hấp trên khác - Other acute upper respiratory infections,D??i 1 tu?i,2
2022-08,2022,8,Mùa mưa,Viêm họng và viêm amidan cấp - Acute pharyngitis and acute tonsillitis,1-5 tu?i,3
2022-08,2022,8,Mùa mưa,Viêm họng và viêm amidan cấp - Acute pharyngitis and acute tonsillitis,11-15 tu?i,4
2022-08,2022,8,Mùa mưa,Viêm họng và viêm amidan cấp - Acute pharyngitis and acute tonsillitis,6-10 tu?i,11
2022-08,2022,8,Mùa mưa,Viêm phế quản và viêm tiểu phế quản cấp - Acute bronchitis and acute bronchiolitis,1-5 tu?i,11
2022-08,2022,8,Mùa mưa,Viêm phế quản và viêm tiểu phế quản cấp - Acute bronchitis and acute bronchiolitis,11-15 tu?i,2
2022-08,2022,8,Mùa mưa,Viêm phế quản và viêm tiểu phế quản cấp - Acute bronchitis and acute bronchiolitis,6-10 tu?i,2
2022-08,2022,8,Mùa mưa,Viêm phế quản và viêm tiểu phế quản cấp - Acute bronchitis and acute bronchiolitis,D??i 1 tu?i,15
2022-08,2022,8,Mùa mưa,Động kinh - Epilepsy,11-15 tu?i,2
2022-08,2022,8,Mùa mưa,Động kinh - Epilepsy,6-10 tu?i,2
2022-08,2022,8,Mùa mưa,"Ỉa chảy, viêm dạy dày, ruột non có nguồn gốc nhiễm khuẩn - Diarrhoea and gastroenteritis of presumed infectious origin.",1-5 tu?i,12
2022-08,2022,8,Mùa mưa,"Ỉa chảy, viêm dạy dày, ruột non có nguồn gốc nhiễm khuẩn - Diarrhoea and gastroenteritis of presumed infectious origin.",11-15 tu?i,4
2022-08,2022,8,Mùa mưa,"Ỉa chảy, viêm dạy dày, ruột non có nguồn gốc nhiễm khuẩn - Diarrhoea and gastroenteritis of presumed infectious origin.",6-10 tu?i,1
2022-08,2022,8,Mùa mưa,"Ỉa chảy, viêm dạy dày, ruột non có nguồn gốc nhiễm khuẩn - Diarrhoea and gastroenteritis of presumed infectious origin.",D??i 1 tu?i,8
2022-09,2022,9,Mùa mưa,Bệnh khác của ruột non và màng bụng - Other diseases of intestine peritoneum,1-5 tu?i,10
2022-09,2022,9,Mùa mưa,Bệnh khác của ruột non và màng bụng - Other diseases of intestine peritoneum,6-10 tu?i,10
2022-09,2022,9,Mùa mưa,Bệnh khác của ruột non và màng bụng - Other diseases of intestine peritoneum,D??i 1 tu?i,1
2022-09,2022,9,Mùa mưa,"Bệnh khác của thực quản, dạ dày và tá tràng - Other diseases of oesophagus, stomach, duodenum",1-5 tu?i,1
2022-09,2022,9,Mùa mưa,"Bệnh khác của thực quản, dạ dày và tá tràng - Other diseases of oesophagus, stomach, duodenum",11-15 tu?i,2
2022-09,2022,9,Mùa mưa,"Bệnh khác của thực quản, dạ dày và tá tràng - Other diseases of oesophagus, stomach, duodenum",6-10 tu?i,4
2022-09,2022,9,Mùa mưa,"Bệnh khác của thực quản, dạ dày và tá tràng - Other diseases of oesophagus, stomach, duodenum",D??i 1 tu?i,2
2022-09,2022,9,Mùa mưa,Bệnh virut khác - Other viral diseases,1-5 tu?i,20
2022-09,2022,9,Mùa mưa,Bệnh virut khác - Other viral diseases,11-15 tu?i,2
2022-09,2022,9,Mùa mưa,Bệnh virut khác - Other viral diseases,6-10 tu?i,5
2022-09,2022,9,Mùa mưa,Bệnh virut khác - Other viral diseases,D??i 1 tu?i,8
2022-09,2022,9,Mùa mưa,Các bệnh nhiễm khuẩn ruột khác - Other intestinal infectious diseases,1-5 tu?i,5
2022-09,2022,9,Mùa mưa,Các bệnh nhiễm khuẩn ruột khác - Other intestinal infectious diseases,6-10 tu?i,4
2022-09,2022,9,Mùa mưa,Các bệnh nhiễm khuẩn ruột khác - Other intestinal infectious diseases,D??i 1 tu?i,1
2022-09,2022,9,Mùa mưa,Các bệnh viêm phổi - Pneumonia,1-5 tu?i,16
2022-09,2022,9,Mùa mưa,Các bệnh viêm phổi - Pneumonia,11-15 tu?i,1
2022-09,2022,9,Mùa mưa,Các bệnh viêm phổi - Pneumonia,6-10 tu?i,2
2022-09,2022,9,Mùa mưa,Các bệnh viêm phổi - Pneumonia,D??i 1 tu?i,10
2022-09,2022,9,Mùa mưa,Cúm - Influenza,1-5 tu?i,3
2022-09,2022,9,Mùa mưa,Cúm - Influenza,6-10 tu?i,1
2022-09,2022,9,Mùa mưa,Gãy các phần khác của chi do lao động và giao thông - Fracture of other lim bones,11-15 tu?i,3
2022-09,2022,9,Mùa mưa,Gãy các phần khác của chi do lao động và giao thông - Fracture of other lim bones,6-10 tu?i,1
2022-09,2022,9,Mùa mưa,Gãy các phần khác của chi do lao động và giao thông - Fracture of other lim bones,D??i 1 tu?i,1
2022-09,2022,9,Mùa mưa,Hen - Asthma,1-5 tu?i,1
2022-09,2022,9,Mùa mưa,Hen - Asthma,11-15 tu?i,3
2022-09,2022,9,Mùa mưa,Hen - Asthma,6-10 tu?i,2
2022-09,2022,9,Mùa mưa,Hậu quả của các nguyên nhân bên ngoài khác và không xác định - Other and unspecified effects of external causes,1-5 tu?i,6
2022-09,2022,9,Mùa mưa,Hậu quả của các nguyên nhân bên ngoài khác và không xác định - Other and unspecified effects of external causes,6-10 tu?i,4
2022-09,2022,9,Mùa mưa,Không rõ nhóm bệnh,D??i 1 tu?i,1
2022-09,2022,9,Mùa mưa,Thuỷ đậu và zôna - Varicella and Zoster,1-5 tu?i,1
2022-09,2022,9,Mùa mưa,Thuỷ đậu và zôna - Varicella and Zoster,6-10 tu?i,6
2022-09,2022,9,Mùa mưa,Thuỷ đậu và zôna - Varicella and Zoster,D??i 1 tu?i,1
2022-09,2022,9,Mùa mưa,"Thừa bao qui đầu, hẹp và nghẹt bao qui đầu - Redundant prepuce, phimosis and paraphimosis",6-10 tu?i,2
2022-09,2022,9,Mùa mưa,"Tắc liệt ruột và tắc ruột không do thoát vị - Paralytic ileus, intestinal obstruction without hernia",6-10 tu?i,2
2022-09,2022,9,Mùa mưa,"Tắc liệt ruột và tắc ruột không do thoát vị - Paralytic ileus, intestinal obstruction without hernia",D??i 1 tu?i,1
2022-09,2022,9,Mùa mưa,"Tổn thương chảy máu, bệnh khác của máu và cơ quan tạo máu - Haemorrhagic conditions and other diseases of blood, blood",6-10 tu?i,1
2022-09,2022,9,Mùa mưa,Viêm cấp đường hô hấp trên khác - Other acute upper respiratory infections,1-5 tu?i,14
2022-09,2022,9,Mùa mưa,Viêm cấp đường hô hấp trên khác - Other acute upper respiratory infections,11-15 tu?i,2
2022-09,2022,9,Mùa mưa,Viêm cấp đường hô hấp trên khác - Other acute upper respiratory infections,6-10 tu?i,9
2022-09,2022,9,Mùa mưa,Viêm cấp đường hô hấp trên khác - Other acute upper respiratory infections,D??i 1 tu?i,2
2022-09,2022,9,Mùa mưa,Viêm họng và viêm amidan cấp - Acute pharyngitis and acute tonsillitis,1-5 tu?i,10
2022-09,2022,9,Mùa mưa,Viêm họng và viêm amidan cấp - Acute pharyngitis and acute tonsillitis,11-15 tu?i,1
2022-09,2022,9,Mùa mưa,Viêm họng và viêm amidan cấp - Acute pharyngitis and acute tonsillitis,6-10 tu?i,10
2022-09,2022,9,Mùa mưa,Viêm họng và viêm amidan cấp - Acute pharyngitis and acute tonsillitis,D??i 1 tu?i,1
2022-09,2022,9,Mùa mưa,Viêm phế quản và viêm tiểu phế quản cấp - Acute bronchitis and acute bronchiolitis,1-5 tu?i,20
2022-09,2022,9,Mùa mưa,Viêm phế quản và viêm tiểu phế quản cấp - Acute bronchitis and acute bronchiolitis,11-15 tu?i,1
2022-09,2022,9,Mùa mưa,Viêm phế quản và viêm tiểu phế quản cấp - Acute bronchitis and acute bronchiolitis,6-10 tu?i,2
2022-09,2022,9,Mùa mưa,Viêm phế quản và viêm tiểu phế quản cấp - Acute bronchitis and acute bronchiolitis,D??i 1 tu?i,13
2022-09,2022,9,Mùa mưa,Động kinh - Epilepsy,1-5 tu?i,1
2022-09,2022,9,Mùa mưa,Động kinh - Epilepsy,11-15 tu?i,1
2022-09,2022,9,Mùa mưa,Động kinh - Epilepsy,6-10 tu?i,1
2022-09,2022,9,Mùa mưa,"Ỉa chảy, viêm dạy dày, ruột non có nguồn gốc nhiễm khuẩn - Diarrhoea and gastroenteritis of presumed infectious origin.",1-5 tu?i,15
2022-09,2022,9,Mùa mưa,"Ỉa chảy, viêm dạy dày, ruột non có nguồn gốc nhiễm khuẩn - Diarrhoea and gastroenteritis of presumed infectious origin.",11-15 tu?i,1
2022-09,2022,9,Mùa mưa,"Ỉa chảy, viêm dạy dày, ruột non có nguồn gốc nhiễm khuẩn - Diarrhoea and gastroenteritis of presumed infectious origin.",D??i 1 tu?i,15
2022-10,2022,10,Mùa mưa,Bệnh khác của ruột non và màng bụng - Other diseases of intestine peritoneum,1-5 tu?i,8
2022-10,2022,10,Mùa mưa,Bệnh khác của ruột non và màng bụng - Other diseases of intestine peritoneum,6-10 tu?i,6
2022-10,2022,10,Mùa mưa,Bệnh khác của ruột non và màng bụng - Other diseases of intestine peritoneum,D??i 1 tu?i,1
2022-10,2022,10,Mùa mưa,"Bệnh khác của thực quản, dạ dày và tá tràng - Other diseases of oesophagus, stomach, duodenum",1-5 tu?i,1
2022-10,2022,10,Mùa mưa,Bệnh virut khác - Other viral diseases,1-5 tu?i,16
2022-10,2022,10,Mùa mưa,Bệnh virut khác - Other viral diseases,11-15 tu?i,1
2022-10,2022,10,Mùa mưa,Bệnh virut khác - Other viral diseases,6-10 tu?i,3
2022-10,2022,10,Mùa mưa,Bệnh virut khác - Other viral diseases,D??i 1 tu?i,9
2022-10,2022,10,Mùa mưa,Các bệnh nhiễm khuẩn ruột khác - Other intestinal infectious diseases,1-5 tu?i,3
2022-10,2022,10,Mùa mưa,Các bệnh nhiễm khuẩn ruột khác - Other intestinal infectious diseases,6-10 tu?i,4
2022-10,2022,10,Mùa mưa,Các bệnh viêm phổi - Pneumonia,1-5 tu?i,15
2022-10,2022,10,Mùa mưa,Các bệnh viêm phổi - Pneumonia,6-10 tu?i,4
2022-10,2022,10,Mùa mưa,Các bệnh viêm phổi - Pneumonia,D??i 1 tu?i,13
2022-10,2022,10,Mùa mưa,Cúm - Influenza,1-5 tu?i,4
2022-10,2022,10,Mùa mưa,Cúm - Influenza,11-15 tu?i,1
2022-10,2022,10,Mùa mưa,Cúm - Influenza,6-10 tu?i,3
2022-10,2022,10,Mùa mưa,Cúm - Influenza,D??i 1 tu?i,2
2022-10,2022,10,Mùa mưa,Gãy các phần khác của chi do lao động và giao thông - Fracture of other lim bones,11-15 tu?i,2
2022-10,2022,10,Mùa mưa,Gãy các phần khác của chi do lao động và giao thông - Fracture of other lim bones,6-10 tu?i,4
2022-10,2022,10,Mùa mưa,Hen - Asthma,1-5 tu?i,2
2022-10,2022,10,Mùa mưa,Hen - Asthma,6-10 tu?i,2
2022-10,2022,10,Mùa mưa,Hen - Asthma,D??i 1 tu?i,1
2022-10,2022,10,Mùa mưa,Hậu quả của các nguyên nhân bên ngoài khác và không xác định - Other and unspecified effects of external causes,1-5 tu?i,5
2022-10,2022,10,Mùa mưa,Hậu quả của các nguyên nhân bên ngoài khác và không xác định - Other and unspecified effects of external causes,11-15 tu?i,1
2022-10,2022,10,Mùa mưa,Hậu quả của các nguyên nhân bên ngoài khác và không xác định - Other and unspecified effects of external causes,6-10 tu?i,5
2022-10,2022,10,Mùa mưa,Thuỷ đậu và zôna - Varicella and Zoster,1-5 tu?i,4
2022-10,2022,10,Mùa mưa,"Thừa bao qui đầu, hẹp và nghẹt bao qui đầu - Redundant prepuce, phimosis and paraphimosis",1-5 tu?i,3
2022-10,2022,10,Mùa mưa,"Thừa bao qui đầu, hẹp và nghẹt bao qui đầu - Redundant prepuce, phimosis and paraphimosis",6-10 tu?i,2
2022-10,2022,10,Mùa mưa,"Tắc liệt ruột và tắc ruột không do thoát vị - Paralytic ileus, intestinal obstruction without hernia",1-5 tu?i,3
2022-10,2022,10,Mùa mưa,"Tắc liệt ruột và tắc ruột không do thoát vị - Paralytic ileus, intestinal obstruction without hernia",6-10 tu?i,2
2022-10,2022,10,Mùa mưa,"Tổn thương chảy máu, bệnh khác của máu và cơ quan tạo máu - Haemorrhagic conditions and other diseases of blood, blood",1-5 tu?i,1
2022-10,2022,10,Mùa mưa,"Tổn thương chảy máu, bệnh khác của máu và cơ quan tạo máu - Haemorrhagic conditions and other diseases of blood, blood",6-10 tu?i,3
2022-10,2022,10,Mùa mưa,Viêm cấp đường hô hấp trên khác - Other acute upper respiratory infections,1-5 tu?i,18
2022-10,2022,10,Mùa mưa,Viêm cấp đường hô hấp trên khác - Other acute upper respiratory infections,11-15 tu?i,1
2022-10,2022,10,Mùa mưa,Viêm cấp đường hô hấp trên khác - Other acute upper respiratory infections,6-10 tu?i,17
2022-10,2022,10,Mùa mưa,Viêm cấp đường hô hấp trên khác - Other acute upper respiratory infections,D??i 1 tu?i,3
2022-10,2022,10,Mùa mưa,Viêm họng và viêm amidan cấp - Acute pharyngitis and acute tonsillitis,1-5 tu?i,12
2022-10,2022,10,Mùa mưa,Viêm họng và viêm amidan cấp - Acute pharyngitis and acute tonsillitis,11-15 tu?i,1
2022-10,2022,10,Mùa mưa,Viêm họng và viêm amidan cấp - Acute pharyngitis and acute tonsillitis,6-10 tu?i,10
2022-10,2022,10,Mùa mưa,Viêm phế quản và viêm tiểu phế quản cấp - Acute bronchitis and acute bronchiolitis,1-5 tu?i,20
2022-10,2022,10,Mùa mưa,Viêm phế quản và viêm tiểu phế quản cấp - Acute bronchitis and acute bronchiolitis,11-15 tu?i,1
2022-10,2022,10,Mùa mưa,Viêm phế quản và viêm tiểu phế quản cấp - Acute bronchitis and acute bronchiolitis,6-10 tu?i,1
2022-10,2022,10,Mùa mưa,Viêm phế quản và viêm tiểu phế quản cấp - Acute bronchitis and acute bronchiolitis,D??i 1 tu?i,17
2022-10,2022,10,Mùa mưa,"Ỉa chảy, viêm dạy dày, ruột non có nguồn gốc nhiễm khuẩn - Diarrhoea and gastroenteritis of presumed infectious origin.",1-5 tu?i,13
2022-10,2022,10,Mùa mưa,"Ỉa chảy, viêm dạy dày, ruột non có nguồn gốc nhiễm khuẩn - Diarrhoea and gastroenteritis of presumed infectious origin.",11-15 tu?i,1
2022-10,2022,10,Mùa mưa,"Ỉa chảy, viêm dạy dày, ruột non có nguồn gốc nhiễm khuẩn - Diarrhoea and gastroenteritis of presumed infectious origin.",6-10 tu?i,3
2022-10,2022,10,Mùa mưa,"Ỉa chảy, viêm dạy dày, ruột non có nguồn gốc nhiễm khuẩn - Diarrhoea and gastroenteritis of presumed infectious origin.",D??i 1 tu?i,10
2022-11,2022,11,Mùa mưa,Bệnh khác của ruột non và màng bụng - Other diseases of intestine peritoneum,1-5 tu?i,3
2022-11,2022,11,Mùa mưa,Bệnh khác của ruột non và màng bụng - Other diseases of intestine peritoneum,D??i 1 tu?i,2
2022-11,2022,11,Mùa mưa,"Bệnh khác của thực quản, dạ dày và tá tràng - Other diseases of oesophagus, stomach, duodenum",11-15 tu?i,2
2022-11,2022,11,Mùa mưa,"Bệnh khác của thực quản, dạ dày và tá tràng - Other diseases of oesophagus, stomach, duodenum",6-10 tu?i,3
2022-11,2022,11,Mùa mưa,"Bệnh khác của thực quản, dạ dày và tá tràng - Other diseases of oesophagus, stomach, duodenum",D??i 1 tu?i,1
2022-11,2022,11,Mùa mưa,Bệnh virut khác - Other viral diseases,1-5 tu?i,25
2022-11,2022,11,Mùa mưa,Bệnh virut khác - Other viral diseases,11-15 tu?i,2
2022-11,2022,11,Mùa mưa,Bệnh virut khác - Other viral diseases,6-10 tu?i,4
2022-11,2022,11,Mùa mưa,Bệnh virut khác - Other viral diseases,D??i 1 tu?i,7
2022-11,2022,11,Mùa mưa,Các bệnh nhiễm khuẩn ruột khác - Other intestinal infectious diseases,6-10 tu?i,3
2022-11,2022,11,Mùa mưa,Các bệnh nhiễm khuẩn ruột khác - Other intestinal infectious diseases,D??i 1 tu?i,2
2022-11,2022,11,Mùa mưa,Các bệnh viêm phổi - Pneumonia,1-5 tu?i,10
2022-11,2022,11,Mùa mưa,Các bệnh viêm phổi - Pneumonia,6-10 tu?i,2
2022-11,2022,11,Mùa mưa,Các bệnh viêm phổi - Pneumonia,D??i 1 tu?i,16
2022-11,2022,11,Mùa mưa,Cúm - Influenza,1-5 tu?i,7
2022-11,2022,11,Mùa mưa,Cúm - Influenza,11-15 tu?i,1
2022-11,2022,11,Mùa mưa,Cúm - Influenza,6-10 tu?i,1
2022-11,2022,11,Mùa mưa,Gãy các phần khác của chi do lao động và giao thông - Fracture of other lim bones,6-10 tu?i,4
2022-11,2022,11,Mùa mưa,Hen - Asthma,1-5 tu?i,1
2022-11,2022,11,Mùa mưa,Hen - Asthma,11-15 tu?i,3
2022-11,2022,11,Mùa mưa,Hen - Asthma,6-10 tu?i,3
2022-11,2022,11,Mùa mưa,Hậu quả của các nguyên nhân bên ngoài khác và không xác định - Other and unspecified effects of external causes,1-5 tu?i,4
2022-11,2022,11,Mùa mưa,Hậu quả của các nguyên nhân bên ngoài khác và không xác định - Other and unspecified effects of external causes,6-10 tu?i,3
2022-11,2022,11,Mùa mưa,Không rõ nhóm bệnh,D??i 1 tu?i,2
2022-11,2022,11,Mùa mưa,Thuỷ đậu và zôna - Varicella and Zoster,1-5 tu?i,2
2022-11,2022,11,Mùa mưa,Thuỷ đậu và zôna - Varicella and Zoster,6-10 tu?i,1
2022-11,2022,11,Mùa mưa,"Thừa bao qui đầu, hẹp và nghẹt bao qui đầu - Redundant prepuce, phimosis and paraphimosis",1-5 tu?i,1
2022-11,2022,11,Mùa mưa,"Thừa bao qui đầu, hẹp và nghẹt bao qui đầu - Redundant prepuce, phimosis and paraphimosis",6-10 tu?i,3
2022-11,2022,11,Mùa mưa,"Tắc liệt ruột và tắc ruột không do thoát vị - Paralytic ileus, intestinal obstruction without hernia",1-5 tu?i,1
2022-11,2022,11,Mùa mưa,"Tắc liệt ruột và tắc ruột không do thoát vị - Paralytic ileus, intestinal obstruction without hernia",11-15 tu?i,1
2022-11,2022,11,Mùa mưa,"Tắc liệt ruột và tắc ruột không do thoát vị - Paralytic ileus, intestinal obstruction without hernia",6-10 tu?i,2
2022-11,2022,11,Mùa mưa,"Tắc liệt ruột và tắc ruột không do thoát vị - Paralytic ileus, intestinal obstruction without hernia",D??i 1 tu?i,2
2022-11,2022,11,Mùa mưa,"Tổn thương chảy máu, bệnh khác của máu và cơ quan tạo máu - Haemorrhagic conditions and other diseases of blood, blood",6-10 tu?i,1
2022-11,2022,11,Mùa mưa,"Tổn thương chảy máu, bệnh khác của máu và cơ quan tạo máu - Haemorrhagic conditions and other diseases of blood, blood",D??i 1 tu?i,1
2022-11,2022,11,Mùa mưa,Viêm cấp đường hô hấp trên khác - Other acute upper respiratory infections,1-5 tu?i,14
2022-11,2022,11,Mùa mưa,Viêm cấp đường hô hấp trên khác - Other acute upper respiratory infections,11-15 tu?i,1
2022-11,2022,11,Mùa mưa,Viêm cấp đường hô hấp trên khác - Other acute upper respiratory infections,6-10 tu?i,13
2022-11,2022,11,Mùa mưa,Viêm cấp đường hô hấp trên khác - Other acute upper respiratory infections,D??i 1 tu?i,3
2022-11,2022,11,Mùa mưa,Viêm họng và viêm amidan cấp - Acute pharyngitis and acute tonsillitis,1-5 tu?i,17
2022-11,2022,11,Mùa mưa,Viêm họng và viêm amidan cấp - Acute pharyngitis and acute tonsillitis,11-15 tu?i,2
2022-11,2022,11,Mùa mưa,Viêm họng và viêm amidan cấp - Acute pharyngitis and acute tonsillitis,6-10 tu?i,8
2022-11,2022,11,Mùa mưa,Viêm họng và viêm amidan cấp - Acute pharyngitis and acute tonsillitis,D??i 1 tu?i,3
2022-11,2022,11,Mùa mưa,Viêm phế quản và viêm tiểu phế quản cấp - Acute bronchitis and acute bronchiolitis,1-5 tu?i,17
2022-11,2022,11,Mùa mưa,Viêm phế quản và viêm tiểu phế quản cấp - Acute bronchitis and acute bronchiolitis,11-15 tu?i,1
2022-11,2022,11,Mùa mưa,Viêm phế quản và viêm tiểu phế quản cấp - Acute bronchitis and acute bronchiolitis,6-10 tu?i,4
2022-11,2022,11,Mùa mưa,Viêm phế quản và viêm tiểu phế quản cấp - Acute bronchitis and acute bronchiolitis,D??i 1 tu?i,13
2022-11,2022,11,Mùa mưa,Động kinh - Epilepsy,1-5 tu?i,1
2022-11,2022,11,Mùa mưa,Động kinh - Epilepsy,11-15 tu?i,1
2022-11,2022,11,Mùa mưa,Động kinh - Epilepsy,6-10 tu?i,2
2022-11,2022,11,Mùa mưa,"Ỉa chảy, viêm dạy dày, ruột non có nguồn gốc nhiễm khuẩn - Diarrhoea and gastroenteritis of presumed infectious origin.",1-5 tu?i,9
2022-11,2022,11,Mùa mưa,"Ỉa chảy, viêm dạy dày, ruột non có nguồn gốc nhiễm khuẩn - Diarrhoea and gastroenteritis of presumed infectious origin.",D??i 1 tu?i,8
2022-12,2022,12,Mùa khô,Bệnh khác của ruột non và màng bụng - Other diseases of intestine peritoneum,1-5 tu?i,8
2022-12,2022,12,Mùa khô,Bệnh khác của ruột non và màng bụng - Other diseases of intestine peritoneum,6-10 tu?i,5
2022-12,2022,12,Mùa khô,Bệnh khác của ruột non và màng bụng - Other diseases of intestine peritoneum,D??i 1 tu?i,1
2022-12,2022,12,Mùa khô,"Bệnh khác của thực quản, dạ dày và tá tràng - Other diseases of oesophagus, stomach, duodenum",11-15 tu?i,3
2022-12,2022,12,Mùa khô,"Bệnh khác của thực quản, dạ dày và tá tràng - Other diseases of oesophagus, stomach, duodenum",6-10 tu?i,6
2022-12,2022,12,Mùa khô,Bệnh virut khác - Other viral diseases,1-5 tu?i,6
2022-12,2022,12,Mùa khô,Bệnh virut khác - Other viral diseases,11-15 tu?i,2
2022-12,2022,12,Mùa khô,Bệnh virut khác - Other viral diseases,6-10 tu?i,4
2022-12,2022,12,Mùa khô,Bệnh virut khác - Other viral diseases,D??i 1 tu?i,2
2022-12,2022,12,Mùa khô,Các bệnh nhiễm khuẩn ruột khác - Other intestinal infectious diseases,1-5 tu?i,2
2022-12,2022,12,Mùa khô,Các bệnh nhiễm khuẩn ruột khác - Other intestinal infectious diseases,6-10 tu?i,3
2022-12,2022,12,Mùa khô,Các bệnh viêm phổi - Pneumonia,1-5 tu?i,15
2022-12,2022,12,Mùa khô,Các bệnh viêm phổi - Pneumonia,11-15 tu?i,2
2022-12,2022,12,Mùa khô,Các bệnh viêm phổi - Pneumonia,6-10 tu?i,3
2022-12,2022,12,Mùa khô,Các bệnh viêm phổi - Pneumonia,D??i 1 tu?i,13
2022-12,2022,12,Mùa khô,Cúm - Influenza,1-5 tu?i,5
2022-12,2022,12,Mùa khô,Cúm - Influenza,11-15 tu?i,1
2022-12,2022,12,Mùa khô,Cúm - Influenza,6-10 tu?i,7
2022-12,2022,12,Mùa khô,Cúm - Influenza,D??i 1 tu?i,1
2022-12,2022,12,Mùa khô,Gãy các phần khác của chi do lao động và giao thông - Fracture of other lim bones,1-5 tu?i,1
2022-12,2022,12,Mùa khô,Gãy các phần khác của chi do lao động và giao thông - Fracture of other lim bones,6-10 tu?i,4
2022-12,2022,12,Mùa khô,Hen - Asthma,1-5 tu?i,1
2022-12,2022,12,Mùa khô,Hen - Asthma,11-15 tu?i,3
2022-12,2022,12,Mùa khô,Hen - Asthma,6-10 tu?i,2
2022-12,2022,12,Mùa khô,Hen - Asthma,D??i 1 tu?i,2
2022-12,2022,12,Mùa khô,Hậu quả của các nguyên nhân bên ngoài khác và không xác định - Other and unspecified effects of external causes,1-5 tu?i,6
2022-12,2022,12,Mùa khô,Hậu quả của các nguyên nhân bên ngoài khác và không xác định - Other and unspecified effects of external causes,11-15 tu?i,1
2022-12,2022,12,Mùa khô,Hậu quả của các nguyên nhân bên ngoài khác và không xác định - Other and unspecified effects of external causes,D??i 1 tu?i,1
2022-12,2022,12,Mùa khô,Không rõ nhóm bệnh,1-5 tu?i,1
2022-12,2022,12,Mùa khô,Không rõ nhóm bệnh,D??i 1 tu?i,2
2022-12,2022,12,Mùa khô,Thuỷ đậu và zôna - Varicella and Zoster,1-5 tu?i,1
2022-12,2022,12,Mùa khô,"Thừa bao qui đầu, hẹp và nghẹt bao qui đầu - Redundant prepuce, phimosis and paraphimosis",1-5 tu?i,3
2022-12,2022,12,Mùa khô,"Tắc liệt ruột và tắc ruột không do thoát vị - Paralytic ileus, intestinal obstruction without hernia",1-5 tu?i,2
2022-12,2022,12,Mùa khô,"Tắc liệt ruột và tắc ruột không do thoát vị - Paralytic ileus, intestinal obstruction without hernia",6-10 tu?i,1
2022-12,2022,12,Mùa khô,"Tắc liệt ruột và tắc ruột không do thoát vị - Paralytic ileus, intestinal obstruction without hernia",D??i 1 tu?i,1
2022-12,2022,12,Mùa khô,"Tổn thương chảy máu, bệnh khác của máu và cơ quan tạo máu - Haemorrhagic conditions and other diseases of blood, blood",1-5 tu?i,1
2022-12,2022,12,Mùa khô,"Tổn thương chảy máu, bệnh khác của máu và cơ quan tạo máu - Haemorrhagic conditions and other diseases of blood, blood",6-10 tu?i,3
2022-12,2022,12,Mùa khô,"Tổn thương chảy máu, bệnh khác của máu và cơ quan tạo máu - Haemorrhagic conditions and other diseases of blood, blood",D??i 1 tu?i,1
2022-12,2022,12,Mùa khô,Viêm cấp đường hô hấp trên khác - Other acute upper respiratory infections,1-5 tu?i,19
2022-12,2022,12,Mùa khô,Viêm cấp đường hô hấp trên khác - Other acute upper respiratory infections,11-15 tu?i,3
2022-12,2022,12,Mùa khô,Viêm cấp đường hô hấp trên khác - Other acute upper respiratory infections,6-10 tu?i,21
2022-12,2022,12,Mùa khô,Viêm cấp đường hô hấp trên khác - Other acute upper respiratory infections,D??i 1 tu?i,1
2022-12,2022,12,Mùa khô,Viêm họng và viêm amidan cấp - Acute pharyngitis and acute tonsillitis,1-5 tu?i,16
2022-12,2022,12,Mùa khô,Viêm họng và viêm amidan cấp - Acute pharyngitis and acute tonsillitis,11-15 tu?i,2
2022-12,2022,12,Mùa khô,Viêm họng và viêm amidan cấp - Acute pharyngitis and acute tonsillitis,6-10 tu?i,8
2022-12,2022,12,Mùa khô,Viêm họng và viêm amidan cấp - Acute pharyngitis and acute tonsillitis,D??i 1 tu?i,1
2022-12,2022,12,Mùa khô,Viêm phế quản và viêm tiểu phế quản cấp - Acute bronchitis and acute bronchiolitis,1-5 tu?i,27
2022-12,2022,12,Mùa khô,Viêm phế quản và viêm tiểu phế quản cấp - Acute bronchitis and acute bronchiolitis,11-15 tu?i,2
2022-12,2022,12,Mùa khô,Viêm phế quản và viêm tiểu phế quản cấp - Acute bronchitis and acute bronchiolitis,6-10 tu?i,3
2022-12,2022,12,Mùa khô,Viêm phế quản và viêm tiểu phế quản cấp - Acute bronchitis and acute bronchiolitis,D??i 1 tu?i,29
2022-12,2022,12,Mùa khô,Động kinh - Epilepsy,6-10 tu?i,2
2022-12,2022,12,Mùa khô,"Ỉa chảy, viêm dạy dày, ruột non có nguồn gốc nhiễm khuẩn - Diarrhoea and gastroenteritis of presumed infectious origin.",1-5 tu?i,10
2022-12,2022,12,Mùa khô,"Ỉa chảy, viêm dạy dày, ruột non có nguồn gốc nhiễm khuẩn - Diarrhoea and gastroenteritis of presumed infectious origin.",11-15 tu?i,1
2022-12,2022,12,Mùa khô,"Ỉa chảy, viêm dạy dày, ruột non có nguồn gốc nhiễm khuẩn - Diarrhoea and gastroenteritis of presumed infectious origin.",6-10 tu?i,2
2022-12,2022,12,Mùa khô,"Ỉa chảy, viêm dạy dày, ruột non có nguồn gốc nhiễm khuẩn - Diarrhoea and gastroenteritis of presumed infectious origin.",D??i 1 tu?i,6
2023-01,2023,1,Mùa khô,Bệnh khác của ruột non và màng bụng - Other diseases of intestine peritoneum,1-5 tu?i,7
2023-01,2023,1,Mùa khô,Bệnh khác của ruột non và màng bụng - Other diseases of intestine peritoneum,6-10 tu?i,6
2023-01,2023,1,Mùa khô,Bệnh khác của ruột non và màng bụng - Other diseases of intestine peritoneum,D??i 1 tu?i,2
2023-01,2023,1,Mùa khô,"Bệnh khác của thực quản, dạ dày và tá tràng - Other diseases of oesophagus, stomach, duodenum",1-5 tu?i,1
2023-01,2023,1,Mùa khô,"Bệnh khác của thực quản, dạ dày và tá tràng - Other diseases of oesophagus, stomach, duodenum",11-15 tu?i,3
2023-01,2023,1,Mùa khô,"Bệnh khác của thực quản, dạ dày và tá tràng - Other diseases of oesophagus, stomach, duodenum",6-10 tu?i,2
2023-01,2023,1,Mùa khô,Bệnh virut khác - Other viral diseases,1-5 tu?i,15
2023-01,2023,1,Mùa khô,Bệnh virut khác - Other viral diseases,6-10 tu?i,2
2023-01,2023,1,Mùa khô,Bệnh virut khác - Other viral diseases,D??i 1 tu?i,1
2023-01,2023,1,Mùa khô,Các bệnh nhiễm khuẩn ruột khác - Other intestinal infectious diseases,1-5 tu?i,5
2023-01,2023,1,Mùa khô,Các bệnh nhiễm khuẩn ruột khác - Other intestinal infectious diseases,6-10 tu?i,4
2023-01,2023,1,Mùa khô,Các bệnh nhiễm khuẩn ruột khác - Other intestinal infectious diseases,D??i 1 tu?i,1
2023-01,2023,1,Mùa khô,Các bệnh viêm phổi - Pneumonia,1-5 tu?i,17
2023-01,2023,1,Mùa khô,Các bệnh viêm phổi - Pneumonia,11-15 tu?i,5
2023-01,2023,1,Mùa khô,Các bệnh viêm phổi - Pneumonia,D??i 1 tu?i,14
2023-01,2023,1,Mùa khô,Cúm - Influenza,1-5 tu?i,8
2023-01,2023,1,Mùa khô,Cúm - Influenza,6-10 tu?i,3
2023-01,2023,1,Mùa khô,Cúm - Influenza,D??i 1 tu?i,3
2023-01,2023,1,Mùa khô,Gãy các phần khác của chi do lao động và giao thông - Fracture of other lim bones,1-5 tu?i,1
2023-01,2023,1,Mùa khô,Gãy các phần khác của chi do lao động và giao thông - Fracture of other lim bones,11-15 tu?i,1
2023-01,2023,1,Mùa khô,Gãy các phần khác của chi do lao động và giao thông - Fracture of other lim bones,6-10 tu?i,3
2023-01,2023,1,Mùa khô,Hen - Asthma,1-5 tu?i,4
2023-01,2023,1,Mùa khô,Hen - Asthma,11-15 tu?i,3
2023-01,2023,1,Mùa khô,Hen - Asthma,6-10 tu?i,2
2023-01,2023,1,Mùa khô,Hậu quả của các nguyên nhân bên ngoài khác và không xác định - Other and unspecified effects of external causes,1-5 tu?i,6
2023-01,2023,1,Mùa khô,Hậu quả của các nguyên nhân bên ngoài khác và không xác định - Other and unspecified effects of external causes,6-10 tu?i,2
2023-01,2023,1,Mùa khô,Không rõ nhóm bệnh,1-5 tu?i,2
2023-01,2023,1,Mùa khô,Thuỷ đậu và zôna - Varicella and Zoster,1-5 tu?i,5
2023-01,2023,1,Mùa khô,Thuỷ đậu và zôna - Varicella and Zoster,6-10 tu?i,5
2023-01,2023,1,Mùa khô,"Thừa bao qui đầu, hẹp và nghẹt bao qui đầu - Redundant prepuce, phimosis and paraphimosis",1-5 tu?i,6
2023-01,2023,1,Mùa khô,"Tắc liệt ruột và tắc ruột không do thoát vị - Paralytic ileus, intestinal obstruction without hernia",1-5 tu?i,3
2023-01,2023,1,Mùa khô,"Tắc liệt ruột và tắc ruột không do thoát vị - Paralytic ileus, intestinal obstruction without hernia",11-15 tu?i,1
2023-01,2023,1,Mùa khô,"Tắc liệt ruột và tắc ruột không do thoát vị - Paralytic ileus, intestinal obstruction without hernia",6-10 tu?i,2
2023-01,2023,1,Mùa khô,"Tổn thương chảy máu, bệnh khác của máu và cơ quan tạo máu - Haemorrhagic conditions and other diseases of blood, blood",1-5 tu?i,3
2023-01,2023,1,Mùa khô,"Tổn thương chảy máu, bệnh khác của máu và cơ quan tạo máu - Haemorrhagic conditions and other diseases of blood, blood",6-10 tu?i,4
2023-01,2023,1,Mùa khô,"Tổn thương chảy máu, bệnh khác của máu và cơ quan tạo máu - Haemorrhagic conditions and other diseases of blood, blood",D??i 1 tu?i,1
2023-01,2023,1,Mùa khô,Viêm cấp đường hô hấp trên khác - Other acute upper respiratory infections,1-5 tu?i,17
2023-01,2023,1,Mùa khô,Viêm cấp đường hô hấp trên khác - Other acute upper respiratory infections,11-15 tu?i,1
2023-01,2023,1,Mùa khô,Viêm cấp đường hô hấp trên khác - Other acute upper respiratory infections,6-10 tu?i,17
2023-01,2023,1,Mùa khô,Viêm cấp đường hô hấp trên khác - Other acute upper respiratory infections,D??i 1 tu?i,4
2023-01,2023,1,Mùa khô,Viêm họng và viêm amidan cấp - Acute pharyngitis and acute tonsillitis,1-5 tu?i,25
2023-01,2023,1,Mùa khô,Viêm họng và viêm amidan cấp - Acute pharyngitis and acute tonsillitis,11-15 tu?i,2
2023-01,2023,1,Mùa khô,Viêm họng và viêm amidan cấp - Acute pharyngitis and acute tonsillitis,6-10 tu?i,14
2023-01,2023,1,Mùa khô,Viêm họng và viêm amidan cấp - Acute pharyngitis and acute tonsillitis,D??i 1 tu?i,5
2023-01,2023,1,Mùa khô,Viêm phế quản và viêm tiểu phế quản cấp - Acute bronchitis and acute bronchiolitis,1-5 tu?i,35
2023-01,2023,1,Mùa khô,Viêm phế quản và viêm tiểu phế quản cấp - Acute bronchitis and acute bronchiolitis,11-15 tu?i,4
2023-01,2023,1,Mùa khô,Viêm phế quản và viêm tiểu phế quản cấp - Acute bronchitis and acute bronchiolitis,6-10 tu?i,3
2023-01,2023,1,Mùa khô,Viêm phế quản và viêm tiểu phế quản cấp - Acute bronchitis and acute bronchiolitis,D??i 1 tu?i,27
2023-01,2023,1,Mùa khô,Động kinh - Epilepsy,1-5 tu?i,1
2023-01,2023,1,Mùa khô,Động kinh - Epilepsy,11-15 tu?i,1
2023-01,2023,1,Mùa khô,"Ỉa chảy, viêm dạy dày, ruột non có nguồn gốc nhiễm khuẩn - Diarrhoea and gastroenteritis of presumed infectious origin.",1-5 tu?i,11
2023-01,2023,1,Mùa khô,"Ỉa chảy, viêm dạy dày, ruột non có nguồn gốc nhiễm khuẩn - Diarrhoea and gastroenteritis of presumed infectious origin.",11-15 tu?i,1
2023-01,2023,1,Mùa khô,"Ỉa chảy, viêm dạy dày, ruột non có nguồn gốc nhiễm khuẩn - Diarrhoea and gastroenteritis of presumed infectious origin.",6-10 tu?i,3
2023-01,2023,1,Mùa khô,"Ỉa chảy, viêm dạy dày, ruột non có nguồn gốc nhiễm khuẩn - Diarrhoea and gastroenteritis of presumed infectious origin.",D??i 1 tu?i,16
2023-02,2023,2,Mùa khô,Bệnh khác của ruột non và màng bụng - Other diseases of intestine peritoneum,1-5 tu?i,7
2023-02,2023,2,Mùa khô,Bệnh khác của ruột non và màng bụng - Other diseases of intestine peritoneum,6-10 tu?i,6
2023-02,2023,2,Mùa khô,Bệnh khác của ruột non và màng bụng - Other diseases of intestine peritoneum,D??i 1 tu?i,4
2023-02,2023,2,Mùa khô,"Bệnh khác của thực quản, dạ dày và tá tràng - Other diseases of oesophagus, stomach, duodenum",1-5 tu?i,2
2023-02,2023,2,Mùa khô,"Bệnh khác của thực quản, dạ dày và tá tràng - Other diseases of oesophagus, stomach, duodenum",11-15 tu?i,5
2023-02,2023,2,Mùa khô,"Bệnh khác của thực quản, dạ dày và tá tràng - Other diseases of oesophagus, stomach, duodenum",6-10 tu?i,5
2023-02,2023,2,Mùa khô,"Bệnh khác của thực quản, dạ dày và tá tràng - Other diseases of oesophagus, stomach, duodenum",D??i 1 tu?i,1
2023-02,2023,2,Mùa khô,Bệnh virut khác - Other viral diseases,1-5 tu?i,13
2023-02,2023,2,Mùa khô,Bệnh virut khác - Other viral diseases,6-10 tu?i,2
2023-02,2023,2,Mùa khô,Bệnh virut khác - Other viral diseases,D??i 1 tu?i,7
2023-02,2023,2,Mùa khô,Các bệnh nhiễm khuẩn ruột khác - Other intestinal infectious diseases,1-5 tu?i,5
2023-02,2023,2,Mùa khô,Các bệnh nhiễm khuẩn ruột khác - Other intestinal infectious diseases,6-10 tu?i,2
2023-02,2023,2,Mùa khô,Các bệnh nhiễm khuẩn ruột khác - Other intestinal infectious diseases,D??i 1 tu?i,2
2023-02,2023,2,Mùa khô,Các bệnh viêm phổi - Pneumonia,1-5 tu?i,17
2023-02,2023,2,Mùa khô,Các bệnh viêm phổi - Pneumonia,6-10 tu?i,2
2023-02,2023,2,Mùa khô,Các bệnh viêm phổi - Pneumonia,D??i 1 tu?i,24
2023-02,2023,2,Mùa khô,Cúm - Influenza,1-5 tu?i,5
2023-02,2023,2,Mùa khô,Cúm - Influenza,6-10 tu?i,4
2023-02,2023,2,Mùa khô,Gãy các phần khác của chi do lao động và giao thông - Fracture of other lim bones,1-5 tu?i,1
2023-02,2023,2,Mùa khô,Gãy các phần khác của chi do lao động và giao thông - Fracture of other lim bones,11-15 tu?i,1
2023-02,2023,2,Mùa khô,Gãy các phần khác của chi do lao động và giao thông - Fracture of other lim bones,6-10 tu?i,5
2023-02,2023,2,Mùa khô,Gãy các phần khác của chi do lao động và giao thông - Fracture of other lim bones,D??i 1 tu?i,1
2023-02,2023,2,Mùa khô,Hen - Asthma,1-5 tu?i,2
2023-02,2023,2,Mùa khô,Hen - Asthma,11-15 tu?i,3
2023-02,2023,2,Mùa khô,Hen - Asthma,6-10 tu?i,3
2023-02,2023,2,Mùa khô,Hậu quả của các nguyên nhân bên ngoài khác và không xác định - Other and unspecified effects of external causes,1-5 tu?i,4
2023-02,2023,2,Mùa khô,Hậu quả của các nguyên nhân bên ngoài khác và không xác định - Other and unspecified effects of external causes,6-10 tu?i,2
2023-02,2023,2,Mùa khô,Hậu quả của các nguyên nhân bên ngoài khác và không xác định - Other and unspecified effects of external causes,D??i 1 tu?i,1
2023-02,2023,2,Mùa khô,Không rõ nhóm bệnh,1-5 tu?i,1
2023-02,2023,2,Mùa khô,Không rõ nhóm bệnh,6-10 tu?i,1
2023-02,2023,2,Mùa khô,Không rõ nhóm bệnh,D??i 1 tu?i,8
2023-02,2023,2,Mùa khô,Thuỷ đậu và zôna - Varicella and Zoster,1-5 tu?i,5
2023-02,2023,2,Mùa khô,Thuỷ đậu và zôna - Varicella and Zoster,6-10 tu?i,2
2023-02,2023,2,Mùa khô,"Thừa bao qui đầu, hẹp và nghẹt bao qui đầu - Redundant prepuce, phimosis and paraphimosis",1-5 tu?i,6
2023-02,2023,2,Mùa khô,"Thừa bao qui đầu, hẹp và nghẹt bao qui đầu - Redundant prepuce, phimosis and paraphimosis",6-10 tu?i,1
2023-02,2023,2,Mùa khô,"Tắc liệt ruột và tắc ruột không do thoát vị - Paralytic ileus, intestinal obstruction without hernia",11-15 tu?i,1
2023-02,2023,2,Mùa khô,"Tắc liệt ruột và tắc ruột không do thoát vị - Paralytic ileus, intestinal obstruction without hernia",6-10 tu?i,1
2023-02,2023,2,Mùa khô,"Tổn thương chảy máu, bệnh khác của máu và cơ quan tạo máu - Haemorrhagic conditions and other diseases of blood, blood",1-5 tu?i,4
2023-02,2023,2,Mùa khô,"Tổn thương chảy máu, bệnh khác của máu và cơ quan tạo máu - Haemorrhagic conditions and other diseases of blood, blood",11-15 tu?i,1
2023-02,2023,2,Mùa khô,"Tổn thương chảy máu, bệnh khác của máu và cơ quan tạo máu - Haemorrhagic conditions and other diseases of blood, blood",6-10 tu?i,2
2023-02,2023,2,Mùa khô,Viêm cấp đường hô hấp trên khác - Other acute upper respiratory infections,1-5 tu?i,22
2023-02,2023,2,Mùa khô,Viêm cấp đường hô hấp trên khác - Other acute upper respiratory infections,11-15 tu?i,1
2023-02,2023,2,Mùa khô,Viêm cấp đường hô hấp trên khác - Other acute upper respiratory infections,6-10 tu?i,21
2023-02,2023,2,Mùa khô,Viêm cấp đường hô hấp trên khác - Other acute upper respiratory infections,D??i 1 tu?i,3
2023-02,2023,2,Mùa khô,Viêm họng và viêm amidan cấp - Acute pharyngitis and acute tonsillitis,1-5 tu?i,20
2023-02,2023,2,Mùa khô,Viêm họng và viêm amidan cấp - Acute pharyngitis and acute tonsillitis,6-10 tu?i,16
2023-02,2023,2,Mùa khô,Viêm họng và viêm amidan cấp - Acute pharyngitis and acute tonsillitis,D??i 1 tu?i,1
2023-02,2023,2,Mùa khô,Viêm phế quản và viêm tiểu phế quản cấp - Acute bronchitis and acute bronchiolitis,1-5 tu?i,26
2023-02,2023,2,Mùa khô,Viêm phế quản và viêm tiểu phế quản cấp - Acute bronchitis and acute bronchiolitis,11-15 tu?i,3
2023-02,2023,2,Mùa khô,Viêm phế quản và viêm tiểu phế quản cấp - Acute bronchitis and acute bronchiolitis,6-10 tu?i,5
2023-02,2023,2,Mùa khô,Viêm phế quản và viêm tiểu phế quản cấp - Acute bronchitis and acute bronchiolitis,D??i 1 tu?i,30
2023-02,2023,2,Mùa khô,Động kinh - Epilepsy,11-15 tu?i,3
2023-02,2023,2,Mùa khô,Động kinh - Epilepsy,6-10 tu?i,3
2023-02,2023,2,Mùa khô,"Ỉa chảy, viêm dạy dày, ruột non có nguồn gốc nhiễm khuẩn - Diarrhoea and gastroenteritis of presumed infectious origin.",1-5 tu?i,16
2023-02,2023,2,Mùa khô,"Ỉa chảy, viêm dạy dày, ruột non có nguồn gốc nhiễm khuẩn - Diarrhoea and gastroenteritis of presumed infectious origin.",11-15 tu?i,1
2023-02,2023,2,Mùa khô,"Ỉa chảy, viêm dạy dày, ruột non có nguồn gốc nhiễm khuẩn - Diarrhoea and gastroenteritis of presumed infectious origin.",6-10 tu?i,6
2023-02,2023,2,Mùa khô,"Ỉa chảy, viêm dạy dày, ruột non có nguồn gốc nhiễm khuẩn - Diarrhoea and gastroenteritis of presumed infectious origin.",D??i 1 tu?i,9
2023-03,2023,3,Mùa khô,Bệnh khác của ruột non và màng bụng - Other diseases of intestine peritoneum,1-5 tu?i,7
2023-03,2023,3,Mùa khô,Bệnh khác của ruột non và màng bụng - Other diseases of intestine peritoneum,6-10 tu?i,4
2023-03,2023,3,Mùa khô,Bệnh khác của ruột non và màng bụng - Other diseases of intestine peritoneum,D??i 1 tu?i,2
2023-03,2023,3,Mùa khô,"Bệnh khác của thực quản, dạ dày và tá tràng - Other diseases of oesophagus, stomach, duodenum",1-5 tu?i,2
2023-03,2023,3,Mùa khô,"Bệnh khác của thực quản, dạ dày và tá tràng - Other diseases of oesophagus, stomach, duodenum",11-15 tu?i,1
2023-03,2023,3,Mùa khô,Bệnh virut khác - Other viral diseases,1-5 tu?i,24
2023-03,2023,3,Mùa khô,Bệnh virut khác - Other viral diseases,11-15 tu?i,2
2023-03,2023,3,Mùa khô,Bệnh virut khác - Other viral diseases,6-10 tu?i,4
2023-03,2023,3,Mùa khô,Bệnh virut khác - Other viral diseases,D??i 1 tu?i,13
2023-03,2023,3,Mùa khô,Các bệnh nhiễm khuẩn ruột khác - Other intestinal infectious diseases,1-5 tu?i,6
2023-03,2023,3,Mùa khô,Các bệnh nhiễm khuẩn ruột khác - Other intestinal infectious diseases,11-15 tu?i,1
2023-03,2023,3,Mùa khô,Các bệnh viêm phổi - Pneumonia,1-5 tu?i,22
2023-03,2023,3,Mùa khô,Các bệnh viêm phổi - Pneumonia,11-15 tu?i,1
2023-03,2023,3,Mùa khô,Các bệnh viêm phổi - Pneumonia,6-10 tu?i,3
2023-03,2023,3,Mùa khô,Các bệnh viêm phổi - Pneumonia,D??i 1 tu?i,18
2023-03,2023,3,Mùa khô,Cúm - Influenza,1-5 tu?i,8
2023-03,2023,3,Mùa khô,Cúm - Influenza,6-10 tu?i,4
2023-03,2023,3,Mùa khô,Gãy các phần khác của chi do lao động và giao thông - Fracture of other lim bones,1-5 tu?i,1
2023-03,2023,3,Mùa khô,Gãy các phần khác của chi do lao động và giao thông - Fracture of other lim bones,11-15 tu?i,2
2023-03,2023,3,Mùa khô,Gãy các phần khác của chi do lao động và giao thông - Fracture of other lim bones,6-10 tu?i,3
2023-03,2023,3,Mùa khô,Hen - Asthma,1-5 tu?i,2
2023-03,2023,3,Mùa khô,Hen - Asthma,11-15 tu?i,4
2023-03,2023,3,Mùa khô,Hen - Asthma,D??i 1 tu?i,1
2023-03,2023,3,Mùa khô,Hậu quả của các nguyên nhân bên ngoài khác và không xác định - Other and unspecified effects of external causes,1-5 tu?i,3
2023-03,2023,3,Mùa khô,Hậu quả của các nguyên nhân bên ngoài khác và không xác định - Other and unspecified effects of external causes,6-10 tu?i,2
2023-03,2023,3,Mùa khô,Không rõ nhóm bệnh,1-5 tu?i,1
2023-03,2023,3,Mùa khô,Không rõ nhóm bệnh,11-15 tu?i,1
2023-03,2023,3,Mùa khô,Không rõ nhóm bệnh,6-10 tu?i,1
2023-03,2023,3,Mùa khô,Không rõ nhóm bệnh,D??i 1 tu?i,3
2023-03,2023,3,Mùa khô,Thuỷ đậu và zôna - Varicella and Zoster,1-5 tu?i,4
2023-03,2023,3,Mùa khô,Thuỷ đậu và zôna - Varicella and Zoster,11-15 tu?i,1
2023-03,2023,3,Mùa khô,Thuỷ đậu và zôna - Varicella and Zoster,6-10 tu?i,4
2023-03,2023,3,Mùa khô,"Thừa bao qui đầu, hẹp và nghẹt bao qui đầu - Redundant prepuce, phimosis and paraphimosis",1-5 tu?i,4
2023-03,2023,3,Mùa khô,"Thừa bao qui đầu, hẹp và nghẹt bao qui đầu - Redundant prepuce, phimosis and paraphimosis",11-15 tu?i,1
2023-03,2023,3,Mùa khô,"Thừa bao qui đầu, hẹp và nghẹt bao qui đầu - Redundant prepuce, phimosis and paraphimosis",6-10 tu?i,1
2023-03,2023,3,Mùa khô,"Thừa bao qui đầu, hẹp và nghẹt bao qui đầu - Redundant prepuce, phimosis and paraphimosis",D??i 1 tu?i,1
2023-03,2023,3,Mùa khô,"Tắc liệt ruột và tắc ruột không do thoát vị - Paralytic ileus, intestinal obstruction without hernia",1-5 tu?i,3
2023-03,2023,3,Mùa khô,"Tắc liệt ruột và tắc ruột không do thoát vị - Paralytic ileus, intestinal obstruction without hernia",6-10 tu?i,1
2023-03,2023,3,Mùa khô,"Tắc liệt ruột và tắc ruột không do thoát vị - Paralytic ileus, intestinal obstruction without hernia",D??i 1 tu?i,2
2023-03,2023,3,Mùa khô,"Tổn thương chảy máu, bệnh khác của máu và cơ quan tạo máu - Haemorrhagic conditions and other diseases of blood, blood",1-5 tu?i,1
2023-03,2023,3,Mùa khô,"Tổn thương chảy máu, bệnh khác của máu và cơ quan tạo máu - Haemorrhagic conditions and other diseases of blood, blood",6-10 tu?i,1
2023-03,2023,3,Mùa khô,Viêm cấp đường hô hấp trên khác - Other acute upper respiratory infections,1-5 tu?i,22
2023-03,2023,3,Mùa khô,Viêm cấp đường hô hấp trên khác - Other acute upper respiratory infections,6-10 tu?i,13
2023-03,2023,3,Mùa khô,Viêm cấp đường hô hấp trên khác - Other acute upper respiratory infections,D??i 1 tu?i,3
2023-03,2023,3,Mùa khô,Viêm họng và viêm amidan cấp - Acute pharyngitis and acute tonsillitis,1-5 tu?i,13
2023-03,2023,3,Mùa khô,Viêm họng và viêm amidan cấp - Acute pharyngitis and acute tonsillitis,6-10 tu?i,6
2023-03,2023,3,Mùa khô,Viêm phế quản và viêm tiểu phế quản cấp - Acute bronchitis and acute bronchiolitis,1-5 tu?i,22
2023-03,2023,3,Mùa khô,Viêm phế quản và viêm tiểu phế quản cấp - Acute bronchitis and acute bronchiolitis,11-15 tu?i,4
2023-03,2023,3,Mùa khô,Viêm phế quản và viêm tiểu phế quản cấp - Acute bronchitis and acute bronchiolitis,6-10 tu?i,6
2023-03,2023,3,Mùa khô,Viêm phế quản và viêm tiểu phế quản cấp - Acute bronchitis and acute bronchiolitis,D??i 1 tu?i,18
2023-03,2023,3,Mùa khô,Động kinh - Epilepsy,6-10 tu?i,2
2023-03,2023,3,Mùa khô,Động kinh - Epilepsy,D??i 1 tu?i,1
2023-03,2023,3,Mùa khô,"Ỉa chảy, viêm dạy dày, ruột non có nguồn gốc nhiễm khuẩn - Diarrhoea and gastroenteritis of presumed infectious origin.",1-5 tu?i,7
2023-03,2023,3,Mùa khô,"Ỉa chảy, viêm dạy dày, ruột non có nguồn gốc nhiễm khuẩn - Diarrhoea and gastroenteritis of presumed infectious origin.",11-15 tu?i,1
2023-03,2023,3,Mùa khô,"Ỉa chảy, viêm dạy dày, ruột non có nguồn gốc nhiễm khuẩn - Diarrhoea and gastroenteritis of presumed infectious origin.",6-10 tu?i,3
2023-03,2023,3,Mùa khô,"Ỉa chảy, viêm dạy dày, ruột non có nguồn gốc nhiễm khuẩn - Diarrhoea and gastroenteritis of presumed infectious origin.",D??i 1 tu?i,4
2023-04,2023,4,Mùa khô,Bệnh khác của ruột non và màng bụng - Other diseases of intestine peritoneum,1-5 tu?i,7
2023-04,2023,4,Mùa khô,Bệnh khác của ruột non và màng bụng - Other diseases of intestine peritoneum,6-10 tu?i,5
2023-04,2023,4,Mùa khô,Bệnh khác của ruột non và màng bụng - Other diseases of intestine peritoneum,D??i 1 tu?i,1
2023-04,2023,4,Mùa khô,"Bệnh khác của thực quản, dạ dày và tá tràng - Other diseases of oesophagus, stomach, duodenum",1-5 tu?i,1
2023-04,2023,4,Mùa khô,"Bệnh khác của thực quản, dạ dày và tá tràng - Other diseases of oesophagus, stomach, duodenum",11-15 tu?i,5
2023-04,2023,4,Mùa khô,"Bệnh khác của thực quản, dạ dày và tá tràng - Other diseases of oesophagus, stomach, duodenum",6-10 tu?i,2
2023-04,2023,4,Mùa khô,Bệnh virut khác - Other viral diseases,1-5 tu?i,14
2023-04,2023,4,Mùa khô,Bệnh virut khác - Other viral diseases,11-15 tu?i,1
2023-04,2023,4,Mùa khô,Bệnh virut khác - Other viral diseases,6-10 tu?i,6
2023-04,2023,4,Mùa khô,Bệnh virut khác - Other viral diseases,D??i 1 tu?i,11
2023-04,2023,4,Mùa khô,Các bệnh nhiễm khuẩn ruột khác - Other intestinal infectious diseases,1-5 tu?i,2
2023-04,2023,4,Mùa khô,Các bệnh nhiễm khuẩn ruột khác - Other intestinal infectious diseases,6-10 tu?i,4
2023-04,2023,4,Mùa khô,Các bệnh nhiễm khuẩn ruột khác - Other intestinal infectious diseases,D??i 1 tu?i,2
2023-04,2023,4,Mùa khô,Các bệnh viêm phổi - Pneumonia,1-5 tu?i,7
2023-04,2023,4,Mùa khô,Các bệnh viêm phổi - Pneumonia,6-10 tu?i,9
2023-04,2023,4,Mùa khô,Các bệnh viêm phổi - Pneumonia,D??i 1 tu?i,10
2023-04,2023,4,Mùa khô,Cúm - Influenza,1-5 tu?i,6
2023-04,2023,4,Mùa khô,Cúm - Influenza,11-15 tu?i,2
2023-04,2023,4,Mùa khô,Cúm - Influenza,6-10 tu?i,2
2023-04,2023,4,Mùa khô,Gãy các phần khác của chi do lao động và giao thông - Fracture of other lim bones,1-5 tu?i,3
2023-04,2023,4,Mùa khô,Gãy các phần khác của chi do lao động và giao thông - Fracture of other lim bones,11-15 tu?i,2
2023-04,2023,4,Mùa khô,Gãy các phần khác của chi do lao động và giao thông - Fracture of other lim bones,6-10 tu?i,4
2023-04,2023,4,Mùa khô,Gãy các phần khác của chi do lao động và giao thông - Fracture of other lim bones,D??i 1 tu?i,1
2023-04,2023,4,Mùa khô,Hen - Asthma,11-15 tu?i,2
2023-04,2023,4,Mùa khô,Hen - Asthma,6-10 tu?i,2
2023-04,2023,4,Mùa khô,Hậu quả của các nguyên nhân bên ngoài khác và không xác định - Other and unspecified effects of external causes,1-5 tu?i,3
2023-04,2023,4,Mùa khô,Hậu quả của các nguyên nhân bên ngoài khác và không xác định - Other and unspecified effects of external causes,6-10 tu?i,4
2023-04,2023,4,Mùa khô,Không rõ nhóm bệnh,1-5 tu?i,3
2023-04,2023,4,Mùa khô,Không rõ nhóm bệnh,11-15 tu?i,1
2023-04,2023,4,Mùa khô,Không rõ nhóm bệnh,6-10 tu?i,1
2023-04,2023,4,Mùa khô,Không rõ nhóm bệnh,D??i 1 tu?i,2
2023-04,2023,4,Mùa khô,Thuỷ đậu và zôna - Varicella and Zoster,1-5 tu?i,1
2023-04,2023,4,Mùa khô,Thuỷ đậu và zôna - Varicella and Zoster,6-10 tu?i,1
2023-04,2023,4,Mùa khô,"Thừa bao qui đầu, hẹp và nghẹt bao qui đầu - Redundant prepuce, phimosis and paraphimosis",1-5 tu?i,1
2023-04,2023,4,Mùa khô,"Thừa bao qui đầu, hẹp và nghẹt bao qui đầu - Redundant prepuce, phimosis and paraphimosis",D??i 1 tu?i,1
2023-04,2023,4,Mùa khô,"Tắc liệt ruột và tắc ruột không do thoát vị - Paralytic ileus, intestinal obstruction without hernia",1-5 tu?i,1
2023-04,2023,4,Mùa khô,"Tắc liệt ruột và tắc ruột không do thoát vị - Paralytic ileus, intestinal obstruction without hernia",6-10 tu?i,3
2023-04,2023,4,Mùa khô,"Tắc liệt ruột và tắc ruột không do thoát vị - Paralytic ileus, intestinal obstruction without hernia",D??i 1 tu?i,1
2023-04,2023,4,Mùa khô,"Tổn thương chảy máu, bệnh khác của máu và cơ quan tạo máu - Haemorrhagic conditions and other diseases of blood, blood",6-10 tu?i,2
2023-04,2023,4,Mùa khô,Viêm cấp đường hô hấp trên khác - Other acute upper respiratory infections,1-5 tu?i,22
2023-04,2023,4,Mùa khô,Viêm cấp đường hô hấp trên khác - Other acute upper respiratory infections,11-15 tu?i,1
2023-04,2023,4,Mùa khô,Viêm cấp đường hô hấp trên khác - Other acute upper respiratory infections,6-10 tu?i,13
2023-04,2023,4,Mùa khô,Viêm cấp đường hô hấp trên khác - Other acute upper respiratory infections,D??i 1 tu?i,4
2023-04,2023,4,Mùa khô,Viêm họng và viêm amidan cấp - Acute pharyngitis and acute tonsillitis,1-5 tu?i,10
2023-04,2023,4,Mùa khô,Viêm họng và viêm amidan cấp - Acute pharyngitis and acute tonsillitis,6-10 tu?i,16
2023-04,2023,4,Mùa khô,Viêm họng và viêm amidan cấp - Acute pharyngitis and acute tonsillitis,D??i 1 tu?i,2
2023-04,2023,4,Mùa khô,Viêm phế quản và viêm tiểu phế quản cấp - Acute bronchitis and acute bronchiolitis,1-5 tu?i,32
2023-04,2023,4,Mùa khô,Viêm phế quản và viêm tiểu phế quản cấp - Acute bronchitis and acute bronchiolitis,6-10 tu?i,2
2023-04,2023,4,Mùa khô,Viêm phế quản và viêm tiểu phế quản cấp - Acute bronchitis and acute bronchiolitis,D??i 1 tu?i,12
2023-04,2023,4,Mùa khô,Động kinh - Epilepsy,11-15 tu?i,4
2023-04,2023,4,Mùa khô,Động kinh - Epilepsy,6-10 tu?i,2
2023-04,2023,4,Mùa khô,"Ỉa chảy, viêm dạy dày, ruột non có nguồn gốc nhiễm khuẩn - Diarrhoea and gastroenteritis of presumed infectious origin.",1-5 tu?i,11
2023-04,2023,4,Mùa khô,"Ỉa chảy, viêm dạy dày, ruột non có nguồn gốc nhiễm khuẩn - Diarrhoea and gastroenteritis of presumed infectious origin.",D??i 1 tu?i,8
2023-05,2023,5,Mùa mưa,Bệnh khác của ruột non và màng bụng - Other diseases of intestine peritoneum,1-5 tu?i,15
2023-05,2023,5,Mùa mưa,Bệnh khác của ruột non và màng bụng - Other diseases of intestine peritoneum,6-10 tu?i,8
2023-05,2023,5,Mùa mưa,Bệnh khác của ruột non và màng bụng - Other diseases of intestine peritoneum,D??i 1 tu?i,3
2023-05,2023,5,Mùa mưa,"Bệnh khác của thực quản, dạ dày và tá tràng - Other diseases of oesophagus, stomach, duodenum",11-15 tu?i,4
2023-05,2023,5,Mùa mưa,"Bệnh khác của thực quản, dạ dày và tá tràng - Other diseases of oesophagus, stomach, duodenum",6-10 tu?i,5
2023-05,2023,5,Mùa mưa,Bệnh virut khác - Other viral diseases,1-5 tu?i,23
2023-05,2023,5,Mùa mưa,Bệnh virut khác - Other viral diseases,11-15 tu?i,2
2023-05,2023,5,Mùa mưa,Bệnh virut khác - Other viral diseases,6-10 tu?i,2
2023-05,2023,5,Mùa mưa,Bệnh virut khác - Other viral diseases,D??i 1 tu?i,11
2023-05,2023,5,Mùa mưa,Các bệnh nhiễm khuẩn ruột khác - Other intestinal infectious diseases,1-5 tu?i,4
2023-05,2023,5,Mùa mưa,Các bệnh nhiễm khuẩn ruột khác - Other intestinal infectious diseases,11-15 tu?i,2
2023-05,2023,5,Mùa mưa,Các bệnh nhiễm khuẩn ruột khác - Other intestinal infectious diseases,6-10 tu?i,7
2023-05,2023,5,Mùa mưa,Các bệnh viêm phổi - Pneumonia,1-5 tu?i,8
2023-05,2023,5,Mùa mưa,Các bệnh viêm phổi - Pneumonia,11-15 tu?i,1
2023-05,2023,5,Mùa mưa,Các bệnh viêm phổi - Pneumonia,6-10 tu?i,3
2023-05,2023,5,Mùa mưa,Các bệnh viêm phổi - Pneumonia,D??i 1 tu?i,16
2023-05,2023,5,Mùa mưa,Cúm - Influenza,1-5 tu?i,1
2023-05,2023,5,Mùa mưa,Cúm - Influenza,6-10 tu?i,3
2023-05,2023,5,Mùa mưa,Cúm - Influenza,D??i 1 tu?i,1
2023-05,2023,5,Mùa mưa,Gãy các phần khác của chi do lao động và giao thông - Fracture of other lim bones,1-5 tu?i,1
2023-05,2023,5,Mùa mưa,Gãy các phần khác của chi do lao động và giao thông - Fracture of other lim bones,11-15 tu?i,6
2023-05,2023,5,Mùa mưa,Gãy các phần khác của chi do lao động và giao thông - Fracture of other lim bones,6-10 tu?i,4
2023-05,2023,5,Mùa mưa,Gãy các phần khác của chi do lao động và giao thông - Fracture of other lim bones,D??i 1 tu?i,2
2023-05,2023,5,Mùa mưa,Hen - Asthma,11-15 tu?i,3
2023-05,2023,5,Mùa mưa,Hen - Asthma,6-10 tu?i,4
2023-05,2023,5,Mùa mưa,Hậu quả của các nguyên nhân bên ngoài khác và không xác định - Other and unspecified effects of external causes,1-5 tu?i,5
2023-05,2023,5,Mùa mưa,Hậu quả của các nguyên nhân bên ngoài khác và không xác định - Other and unspecified effects of external causes,6-10 tu?i,4
2023-05,2023,5,Mùa mưa,Hậu quả của các nguyên nhân bên ngoài khác và không xác định - Other and unspecified effects of external causes,D??i 1 tu?i,1
2023-05,2023,5,Mùa mưa,Không rõ nhóm bệnh,1-5 tu?i,8
2023-05,2023,5,Mùa mưa,Không rõ nhóm bệnh,6-10 tu?i,1
2023-05,2023,5,Mùa mưa,Không rõ nhóm bệnh,D??i 1 tu?i,4
2023-05,2023,5,Mùa mưa,Thuỷ đậu và zôna - Varicella and Zoster,1-5 tu?i,2
2023-05,2023,5,Mùa mưa,Thuỷ đậu và zôna - Varicella and Zoster,6-10 tu?i,4
2023-05,2023,5,Mùa mưa,Thuỷ đậu và zôna - Varicella and Zoster,D??i 1 tu?i,1
2023-05,2023,5,Mùa mưa,"Thừa bao qui đầu, hẹp và nghẹt bao qui đầu - Redundant prepuce, phimosis and paraphimosis",1-5 tu?i,2
2023-05,2023,5,Mùa mưa,"Thừa bao qui đầu, hẹp và nghẹt bao qui đầu - Redundant prepuce, phimosis and paraphimosis",6-10 tu?i,1
2023-05,2023,5,Mùa mưa,"Tắc liệt ruột và tắc ruột không do thoát vị - Paralytic ileus, intestinal obstruction without hernia",1-5 tu?i,9
2023-05,2023,5,Mùa mưa,"Tắc liệt ruột và tắc ruột không do thoát vị - Paralytic ileus, intestinal obstruction without hernia",6-10 tu?i,1
2023-05,2023,5,Mùa mưa,"Tắc liệt ruột và tắc ruột không do thoát vị - Paralytic ileus, intestinal obstruction without hernia",D??i 1 tu?i,1
2023-05,2023,5,Mùa mưa,"Tổn thương chảy máu, bệnh khác của máu và cơ quan tạo máu - Haemorrhagic conditions and other diseases of blood, blood",1-5 tu?i,2
2023-05,2023,5,Mùa mưa,"Tổn thương chảy máu, bệnh khác của máu và cơ quan tạo máu - Haemorrhagic conditions and other diseases of blood, blood",6-10 tu?i,5
2023-05,2023,5,Mùa mưa,Viêm cấp đường hô hấp trên khác - Other acute upper respiratory infections,1-5 tu?i,15
2023-05,2023,5,Mùa mưa,Viêm cấp đường hô hấp trên khác - Other acute upper respiratory infections,11-15 tu?i,2
2023-05,2023,5,Mùa mưa,Viêm cấp đường hô hấp trên khác - Other acute upper respiratory infections,6-10 tu?i,10
2023-05,2023,5,Mùa mưa,Viêm cấp đường hô hấp trên khác - Other acute upper respiratory infections,D??i 1 tu?i,1
2023-05,2023,5,Mùa mưa,Viêm họng và viêm amidan cấp - Acute pharyngitis and acute tonsillitis,1-5 tu?i,3
2023-05,2023,5,Mùa mưa,Viêm họng và viêm amidan cấp - Acute pharyngitis and acute tonsillitis,11-15 tu?i,1
2023-05,2023,5,Mùa mưa,Viêm họng và viêm amidan cấp - Acute pharyngitis and acute tonsillitis,6-10 tu?i,8
2023-05,2023,5,Mùa mưa,Viêm phế quản và viêm tiểu phế quản cấp - Acute bronchitis and acute bronchiolitis,1-5 tu?i,23
2023-05,2023,5,Mùa mưa,Viêm phế quản và viêm tiểu phế quản cấp - Acute bronchitis and acute bronchiolitis,6-10 tu?i,2
2023-05,2023,5,Mùa mưa,Viêm phế quản và viêm tiểu phế quản cấp - Acute bronchitis and acute bronchiolitis,D??i 1 tu?i,14
2023-05,2023,5,Mùa mưa,Động kinh - Epilepsy,1-5 tu?i,1
2023-05,2023,5,Mùa mưa,Động kinh - Epilepsy,11-15 tu?i,1
2023-05,2023,5,Mùa mưa,Động kinh - Epilepsy,6-10 tu?i,2
2023-05,2023,5,Mùa mưa,Động kinh - Epilepsy,D??i 1 tu?i,1
2023-05,2023,5,Mùa mưa,"Ỉa chảy, viêm dạy dày, ruột non có nguồn gốc nhiễm khuẩn - Diarrhoea and gastroenteritis of presumed infectious origin.",1-5 tu?i,16
2023-05,2023,5,Mùa mưa,"Ỉa chảy, viêm dạy dày, ruột non có nguồn gốc nhiễm khuẩn - Diarrhoea and gastroenteritis of presumed infectious origin.",11-15 tu?i,2
2023-05,2023,5,Mùa mưa,"Ỉa chảy, viêm dạy dày, ruột non có nguồn gốc nhiễm khuẩn - Diarrhoea and gastroenteritis of presumed infectious origin.",6-10 tu?i,3
2023-05,2023,5,Mùa mưa,"Ỉa chảy, viêm dạy dày, ruột non có nguồn gốc nhiễm khuẩn - Diarrhoea and gastroenteritis of presumed infectious origin.",D??i 1 tu?i,18
2023-06,2023,6,Mùa mưa,Bệnh khác của ruột non và màng bụng - Other diseases of intestine peritoneum,1-5 tu?i,14
2023-06,2023,6,Mùa mưa,Bệnh khác của ruột non và màng bụng - Other diseases of intestine peritoneum,11-15 tu?i,1
2023-06,2023,6,Mùa mưa,Bệnh khác của ruột non và màng bụng - Other diseases of intestine peritoneum,6-10 tu?i,9
2023-06,2023,6,Mùa mưa,Bệnh khác của ruột non và màng bụng - Other diseases of intestine peritoneum,D??i 1 tu?i,5
2023-06,2023,6,Mùa mưa,"Bệnh khác của thực quản, dạ dày và tá tràng - Other diseases of oesophagus, stomach, duodenum",1-5 tu?i,1
2023-06,2023,6,Mùa mưa,"Bệnh khác của thực quản, dạ dày và tá tràng - Other diseases of oesophagus, stomach, duodenum",11-15 tu?i,2
2023-06,2023,6,Mùa mưa,"Bệnh khác của thực quản, dạ dày và tá tràng - Other diseases of oesophagus, stomach, duodenum",6-10 tu?i,6
2023-06,2023,6,Mùa mưa,Bệnh virut khác - Other viral diseases,1-5 tu?i,12
2023-06,2023,6,Mùa mưa,Bệnh virut khác - Other viral diseases,11-15 tu?i,1
2023-06,2023,6,Mùa mưa,Bệnh virut khác - Other viral diseases,6-10 tu?i,8
2023-06,2023,6,Mùa mưa,Bệnh virut khác - Other viral diseases,D??i 1 tu?i,6
2023-06,2023,6,Mùa mưa,Các bệnh nhiễm khuẩn ruột khác - Other intestinal infectious diseases,1-5 tu?i,9
2023-06,2023,6,Mùa mưa,Các bệnh nhiễm khuẩn ruột khác - Other intestinal infectious diseases,6-10 tu?i,7
2023-06,2023,6,Mùa mưa,Các bệnh nhiễm khuẩn ruột khác - Other intestinal infectious diseases,D??i 1 tu?i,3
2023-06,2023,6,Mùa mưa,Các bệnh viêm phổi - Pneumonia,1-5 tu?i,16
2023-06,2023,6,Mùa mưa,Các bệnh viêm phổi - Pneumonia,11-15 tu?i,1
2023-06,2023,6,Mùa mưa,Các bệnh viêm phổi - Pneumonia,D??i 1 tu?i,15
2023-06,2023,6,Mùa mưa,Cúm - Influenza,1-5 tu?i,6
2023-06,2023,6,Mùa mưa,Cúm - Influenza,6-10 tu?i,1
2023-06,2023,6,Mùa mưa,Gãy các phần khác của chi do lao động và giao thông - Fracture of other lim bones,1-5 tu?i,2
2023-06,2023,6,Mùa mưa,Gãy các phần khác của chi do lao động và giao thông - Fracture of other lim bones,11-15 tu?i,5
2023-06,2023,6,Mùa mưa,Gãy các phần khác của chi do lao động và giao thông - Fracture of other lim bones,6-10 tu?i,5
2023-06,2023,6,Mùa mưa,Gãy các phần khác của chi do lao động và giao thông - Fracture of other lim bones,D??i 1 tu?i,1
2023-06,2023,6,Mùa mưa,Hen - Asthma,11-15 tu?i,1
2023-06,2023,6,Mùa mưa,Hen - Asthma,6-10 tu?i,2
2023-06,2023,6,Mùa mưa,Hen - Asthma,D??i 1 tu?i,1
2023-06,2023,6,Mùa mưa,Hậu quả của các nguyên nhân bên ngoài khác và không xác định - Other and unspecified effects of external causes,1-5 tu?i,7
2023-06,2023,6,Mùa mưa,Hậu quả của các nguyên nhân bên ngoài khác và không xác định - Other and unspecified effects of external causes,11-15 tu?i,1
2023-06,2023,6,Mùa mưa,Hậu quả của các nguyên nhân bên ngoài khác và không xác định - Other and unspecified effects of external causes,6-10 tu?i,2
2023-06,2023,6,Mùa mưa,Hậu quả của các nguyên nhân bên ngoài khác và không xác định - Other and unspecified effects of external causes,D??i 1 tu?i,2
2023-06,2023,6,Mùa mưa,Không rõ nhóm bệnh,D??i 1 tu?i,1
2023-06,2023,6,Mùa mưa,Thuỷ đậu và zôna - Varicella and Zoster,1-5 tu?i,7
2023-06,2023,6,Mùa mưa,Thuỷ đậu và zôna - Varicella and Zoster,6-10 tu?i,4
2023-06,2023,6,Mùa mưa,"Thừa bao qui đầu, hẹp và nghẹt bao qui đầu - Redundant prepuce, phimosis and paraphimosis",1-5 tu?i,4
2023-06,2023,6,Mùa mưa,"Thừa bao qui đầu, hẹp và nghẹt bao qui đầu - Redundant prepuce, phimosis and paraphimosis",6-10 tu?i,1
2023-06,2023,6,Mùa mưa,"Thừa bao qui đầu, hẹp và nghẹt bao qui đầu - Redundant prepuce, phimosis and paraphimosis",D??i 1 tu?i,1
2023-06,2023,6,Mùa mưa,"Tắc liệt ruột và tắc ruột không do thoát vị - Paralytic ileus, intestinal obstruction without hernia",1-5 tu?i,1
2023-06,2023,6,Mùa mưa,"Tắc liệt ruột và tắc ruột không do thoát vị - Paralytic ileus, intestinal obstruction without hernia",6-10 tu?i,2
2023-06,2023,6,Mùa mưa,"Tắc liệt ruột và tắc ruột không do thoát vị - Paralytic ileus, intestinal obstruction without hernia",D??i 1 tu?i,1
2023-06,2023,6,Mùa mưa,"Tổn thương chảy máu, bệnh khác của máu và cơ quan tạo máu - Haemorrhagic conditions and other diseases of blood, blood",1-5 tu?i,2
2023-06,2023,6,Mùa mưa,"Tổn thương chảy máu, bệnh khác của máu và cơ quan tạo máu - Haemorrhagic conditions and other diseases of blood, blood",6-10 tu?i,2
2023-06,2023,6,Mùa mưa,Viêm cấp đường hô hấp trên khác - Other acute upper respiratory infections,1-5 tu?i,19
2023-06,2023,6,Mùa mưa,Viêm cấp đường hô hấp trên khác - Other acute upper respiratory infections,11-15 tu?i,1
2023-06,2023,6,Mùa mưa,Viêm cấp đường hô hấp trên khác - Other acute upper respiratory infections,6-10 tu?i,19
2023-06,2023,6,Mùa mưa,Viêm cấp đường hô hấp trên khác - Other acute upper respiratory infections,D??i 1 tu?i,5
2023-06,2023,6,Mùa mưa,Viêm họng và viêm amidan cấp - Acute pharyngitis and acute tonsillitis,1-5 tu?i,11
2023-06,2023,6,Mùa mưa,Viêm họng và viêm amidan cấp - Acute pharyngitis and acute tonsillitis,6-10 tu?i,11
2023-06,2023,6,Mùa mưa,Viêm họng và viêm amidan cấp - Acute pharyngitis and acute tonsillitis,D??i 1 tu?i,1
2023-06,2023,6,Mùa mưa,Viêm phế quản và viêm tiểu phế quản cấp - Acute bronchitis and acute bronchiolitis,1-5 tu?i,14
2023-06,2023,6,Mùa mưa,Viêm phế quản và viêm tiểu phế quản cấp - Acute bronchitis and acute bronchiolitis,11-15 tu?i,2
2023-06,2023,6,Mùa mưa,Viêm phế quản và viêm tiểu phế quản cấp - Acute bronchitis and acute bronchiolitis,6-10 tu?i,4
2023-06,2023,6,Mùa mưa,Viêm phế quản và viêm tiểu phế quản cấp - Acute bronchitis and acute bronchiolitis,D??i 1 tu?i,14
2023-06,2023,6,Mùa mưa,Động kinh - Epilepsy,11-15 tu?i,1
2023-06,2023,6,Mùa mưa,Động kinh - Epilepsy,6-10 tu?i,3
2023-06,2023,6,Mùa mưa,"Ỉa chảy, viêm dạy dày, ruột non có nguồn gốc nhiễm khuẩn - Diarrhoea and gastroenteritis of presumed infectious origin.",1-5 tu?i,25
2023-06,2023,6,Mùa mưa,"Ỉa chảy, viêm dạy dày, ruột non có nguồn gốc nhiễm khuẩn - Diarrhoea and gastroenteritis of presumed infectious origin.",11-15 tu?i,2
2023-06,2023,6,Mùa mưa,"Ỉa chảy, viêm dạy dày, ruột non có nguồn gốc nhiễm khuẩn - Diarrhoea and gastroenteritis of presumed infectious origin.",6-10 tu?i,5
2023-06,2023,6,Mùa mưa,"Ỉa chảy, viêm dạy dày, ruột non có nguồn gốc nhiễm khuẩn - Diarrhoea and gastroenteritis of presumed infectious origin.",D??i 1 tu?i,15
2023-07,2023,7,Mùa mưa,Bệnh khác của ruột non và màng bụng - Other diseases of intestine peritoneum,1-5 tu?i,15
2023-07,2023,7,Mùa mưa,Bệnh khác của ruột non và màng bụng - Other diseases of intestine peritoneum,6-10 tu?i,5
2023-07,2023,7,Mùa mưa,"Bệnh khác của thực quản, dạ dày và tá tràng - Other diseases of oesophagus, stomach, duodenum",11-15 tu?i,11
2023-07,2023,7,Mùa mưa,"Bệnh khác của thực quản, dạ dày và tá tràng - Other diseases of oesophagus, stomach, duodenum",6-10 tu?i,3
2023-07,2023,7,Mùa mưa,"Bệnh khác của thực quản, dạ dày và tá tràng - Other diseases of oesophagus, stomach, duodenum",D??i 1 tu?i,1
2023-07,2023,7,Mùa mưa,Bệnh virut khác - Other viral diseases,1-5 tu?i,18
2023-07,2023,7,Mùa mưa,Bệnh virut khác - Other viral diseases,11-15 tu?i,2
2023-07,2023,7,Mùa mưa,Bệnh virut khác - Other viral diseases,6-10 tu?i,5
2023-07,2023,7,Mùa mưa,Bệnh virut khác - Other viral diseases,D??i 1 tu?i,10
2023-07,2023,7,Mùa mưa,Các bệnh nhiễm khuẩn ruột khác - Other intestinal infectious diseases,1-5 tu?i,7
2023-07,2023,7,Mùa mưa,Các bệnh nhiễm khuẩn ruột khác - Other intestinal infectious diseases,11-15 tu?i,1
2023-07,2023,7,Mùa mưa,Các bệnh nhiễm khuẩn ruột khác - Other intestinal infectious diseases,6-10 tu?i,5
2023-07,2023,7,Mùa mưa,Các bệnh nhiễm khuẩn ruột khác - Other intestinal infectious diseases,D??i 1 tu?i,2
2023-07,2023,7,Mùa mưa,Các bệnh viêm phổi - Pneumonia,1-5 tu?i,18
2023-07,2023,7,Mùa mưa,Các bệnh viêm phổi - Pneumonia,11-15 tu?i,3
2023-07,2023,7,Mùa mưa,Các bệnh viêm phổi - Pneumonia,6-10 tu?i,1
2023-07,2023,7,Mùa mưa,Các bệnh viêm phổi - Pneumonia,D??i 1 tu?i,13
2023-07,2023,7,Mùa mưa,Cúm - Influenza,1-5 tu?i,5
2023-07,2023,7,Mùa mưa,Cúm - Influenza,6-10 tu?i,2
2023-07,2023,7,Mùa mưa,Gãy các phần khác của chi do lao động và giao thông - Fracture of other lim bones,1-5 tu?i,1
2023-07,2023,7,Mùa mưa,Gãy các phần khác của chi do lao động và giao thông - Fracture of other lim bones,11-15 tu?i,2
2023-07,2023,7,Mùa mưa,Gãy các phần khác của chi do lao động và giao thông - Fracture of other lim bones,6-10 tu?i,2
2023-07,2023,7,Mùa mưa,Gãy các phần khác của chi do lao động và giao thông - Fracture of other lim bones,D??i 1 tu?i,1
2023-07,2023,7,Mùa mưa,Hen - Asthma,11-15 tu?i,3
2023-07,2023,7,Mùa mưa,Hen - Asthma,6-10 tu?i,2
2023-07,2023,7,Mùa mưa,Hen - Asthma,D??i 1 tu?i,1
2023-07,2023,7,Mùa mưa,Hậu quả của các nguyên nhân bên ngoài khác và không xác định - Other and unspecified effects of external causes,1-5 tu?i,1
2023-07,2023,7,Mùa mưa,Hậu quả của các nguyên nhân bên ngoài khác và không xác định - Other and unspecified effects of external causes,11-15 tu?i,1
2023-07,2023,7,Mùa mưa,Hậu quả của các nguyên nhân bên ngoài khác và không xác định - Other and unspecified effects of external causes,6-10 tu?i,2
2023-07,2023,7,Mùa mưa,Không rõ nhóm bệnh,1-5 tu?i,1
2023-07,2023,7,Mùa mưa,Không rõ nhóm bệnh,D??i 1 tu?i,5
2023-07,2023,7,Mùa mưa,Thuỷ đậu và zôna - Varicella and Zoster,1-5 tu?i,3
2023-07,2023,7,Mùa mưa,Thuỷ đậu và zôna - Varicella and Zoster,11-15 tu?i,1
2023-07,2023,7,Mùa mưa,Thuỷ đậu và zôna - Varicella and Zoster,6-10 tu?i,1
2023-07,2023,7,Mùa mưa,Thuỷ đậu và zôna - Varicella and Zoster,D??i 1 tu?i,2
2023-07,2023,7,Mùa mưa,"Thừa bao qui đầu, hẹp và nghẹt bao qui đầu - Redundant prepuce, phimosis and paraphimosis",1-5 tu?i,2
2023-07,2023,7,Mùa mưa,"Thừa bao qui đầu, hẹp và nghẹt bao qui đầu - Redundant prepuce, phimosis and paraphimosis",6-10 tu?i,2
2023-07,2023,7,Mùa mưa,"Tắc liệt ruột và tắc ruột không do thoát vị - Paralytic ileus, intestinal obstruction without hernia",1-5 tu?i,1
2023-07,2023,7,Mùa mưa,"Tắc liệt ruột và tắc ruột không do thoát vị - Paralytic ileus, intestinal obstruction without hernia",6-10 tu?i,2
2023-07,2023,7,Mùa mưa,"Tắc liệt ruột và tắc ruột không do thoát vị - Paralytic ileus, intestinal obstruction without hernia",D??i 1 tu?i,1
2023-07,2023,7,Mùa mưa,"Tổn thương chảy máu, bệnh khác của máu và cơ quan tạo máu - Haemorrhagic conditions and other diseases of blood, blood",1-5 tu?i,1
2023-07,2023,7,Mùa mưa,Viêm cấp đường hô hấp trên khác - Other acute upper respiratory infections,1-5 tu?i,18
2023-07,2023,7,Mùa mưa,Viêm cấp đường hô hấp trên khác - Other acute upper respiratory infections,6-10 tu?i,16
2023-07,2023,7,Mùa mưa,Viêm cấp đường hô hấp trên khác - Other acute upper respiratory infections,D??i 1 tu?i,2
2023-07,2023,7,Mùa mưa,Viêm họng và viêm amidan cấp - Acute pharyngitis and acute tonsillitis,1-5 tu?i,10
2023-07,2023,7,Mùa mưa,Viêm họng và viêm amidan cấp - Acute pharyngitis and acute tonsillitis,6-10 tu?i,16
2023-07,2023,7,Mùa mưa,Viêm họng và viêm amidan cấp - Acute pharyngitis and acute tonsillitis,D??i 1 tu?i,1
2023-07,2023,7,Mùa mưa,Viêm phế quản và viêm tiểu phế quản cấp - Acute bronchitis and acute bronchiolitis,1-5 tu?i,21
2023-07,2023,7,Mùa mưa,Viêm phế quản và viêm tiểu phế quản cấp - Acute bronchitis and acute bronchiolitis,11-15 tu?i,2
2023-07,2023,7,Mùa mưa,Viêm phế quản và viêm tiểu phế quản cấp - Acute bronchitis and acute bronchiolitis,6-10 tu?i,1
2023-07,2023,7,Mùa mưa,Viêm phế quản và viêm tiểu phế quản cấp - Acute bronchitis and acute bronchiolitis,D??i 1 tu?i,20
2023-07,2023,7,Mùa mưa,Động kinh - Epilepsy,1-5 tu?i,1
2023-07,2023,7,Mùa mưa,Động kinh - Epilepsy,11-15 tu?i,4
2023-07,2023,7,Mùa mưa,Động kinh - Epilepsy,6-10 tu?i,1
2023-07,2023,7,Mùa mưa,"Ỉa chảy, viêm dạy dày, ruột non có nguồn gốc nhiễm khuẩn - Diarrhoea and gastroenteritis of presumed infectious origin.",1-5 tu?i,20
2023-07,2023,7,Mùa mưa,"Ỉa chảy, viêm dạy dày, ruột non có nguồn gốc nhiễm khuẩn - Diarrhoea and gastroenteritis of presumed infectious origin.",6-10 tu?i,5
2023-07,2023,7,Mùa mưa,"Ỉa chảy, viêm dạy dày, ruột non có nguồn gốc nhiễm khuẩn - Diarrhoea and gastroenteritis of presumed infectious origin.",D??i 1 tu?i,21
2023-08,2023,8,Mùa mưa,Bệnh khác của ruột non và màng bụng - Other diseases of intestine peritoneum,1-5 tu?i,6
2023-08,2023,8,Mùa mưa,Bệnh khác của ruột non và màng bụng - Other diseases of intestine peritoneum,6-10 tu?i,7
2023-08,2023,8,Mùa mưa,Bệnh khác của ruột non và màng bụng - Other diseases of intestine peritoneum,D??i 1 tu?i,2
2023-08,2023,8,Mùa mưa,"Bệnh khác của thực quản, dạ dày và tá tràng - Other diseases of oesophagus, stomach, duodenum",1-5 tu?i,4
2023-08,2023,8,Mùa mưa,"Bệnh khác của thực quản, dạ dày và tá tràng - Other diseases of oesophagus, stomach, duodenum",11-15 tu?i,3
2023-08,2023,8,Mùa mưa,"Bệnh khác của thực quản, dạ dày và tá tràng - Other diseases of oesophagus, stomach, duodenum",6-10 tu?i,2
2023-08,2023,8,Mùa mưa,Bệnh virut khác - Other viral diseases,1-5 tu?i,19
2023-08,2023,8,Mùa mưa,Bệnh virut khác - Other viral diseases,6-10 tu?i,8
2023-08,2023,8,Mùa mưa,Bệnh virut khác - Other viral diseases,D??i 1 tu?i,10
2023-08,2023,8,Mùa mưa,Các bệnh nhiễm khuẩn ruột khác - Other intestinal infectious diseases,1-5 tu?i,4
2023-08,2023,8,Mùa mưa,Các bệnh nhiễm khuẩn ruột khác - Other intestinal infectious diseases,11-15 tu?i,1
2023-08,2023,8,Mùa mưa,Các bệnh nhiễm khuẩn ruột khác - Other intestinal infectious diseases,6-10 tu?i,9
2023-08,2023,8,Mùa mưa,Các bệnh viêm phổi - Pneumonia,1-5 tu?i,22
2023-08,2023,8,Mùa mưa,Các bệnh viêm phổi - Pneumonia,11-15 tu?i,1
2023-08,2023,8,Mùa mưa,Các bệnh viêm phổi - Pneumonia,6-10 tu?i,3
2023-08,2023,8,Mùa mưa,Các bệnh viêm phổi - Pneumonia,D??i 1 tu?i,12
2023-08,2023,8,Mùa mưa,Cúm - Influenza,1-5 tu?i,4
2023-08,2023,8,Mùa mưa,Cúm - Influenza,6-10 tu?i,2
2023-08,2023,8,Mùa mưa,Cúm - Influenza,D??i 1 tu?i,2
2023-08,2023,8,Mùa mưa,Gãy các phần khác của chi do lao động và giao thông - Fracture of other lim bones,1-5 tu?i,2
2023-08,2023,8,Mùa mưa,Gãy các phần khác của chi do lao động và giao thông - Fracture of other lim bones,11-15 tu?i,2
2023-08,2023,8,Mùa mưa,Gãy các phần khác của chi do lao động và giao thông - Fracture of other lim bones,6-10 tu?i,1
2023-08,2023,8,Mùa mưa,Hen - Asthma,1-5 tu?i,1
2023-08,2023,8,Mùa mưa,Hen - Asthma,11-15 tu?i,1
2023-08,2023,8,Mùa mưa,Hen - Asthma,6-10 tu?i,2
2023-08,2023,8,Mùa mưa,Hậu quả của các nguyên nhân bên ngoài khác và không xác định - Other and unspecified effects of external causes,1-5 tu?i,2
2023-08,2023,8,Mùa mưa,Hậu quả của các nguyên nhân bên ngoài khác và không xác định - Other and unspecified effects of external causes,6-10 tu?i,6
2023-08,2023,8,Mùa mưa,Không rõ nhóm bệnh,1-5 tu?i,1
2023-08,2023,8,Mùa mưa,Thuỷ đậu và zôna - Varicella and Zoster,1-5 tu?i,2
2023-08,2023,8,Mùa mưa,Thuỷ đậu và zôna - Varicella and Zoster,6-10 tu?i,3
2023-08,2023,8,Mùa mưa,Thuỷ đậu và zôna - Varicella and Zoster,D??i 1 tu?i,1
2023-08,2023,8,Mùa mưa,"Thừa bao qui đầu, hẹp và nghẹt bao qui đầu - Redundant prepuce, phimosis and paraphimosis",1-5 tu?i,5
2023-08,2023,8,Mùa mưa,"Thừa bao qui đầu, hẹp và nghẹt bao qui đầu - Redundant prepuce, phimosis and paraphimosis",6-10 tu?i,2
2023-08,2023,8,Mùa mưa,"Tắc liệt ruột và tắc ruột không do thoát vị - Paralytic ileus, intestinal obstruction without hernia",1-5 tu?i,3
2023-08,2023,8,Mùa mưa,"Tắc liệt ruột và tắc ruột không do thoát vị - Paralytic ileus, intestinal obstruction without hernia",6-10 tu?i,4
2023-08,2023,8,Mùa mưa,"Tổn thương chảy máu, bệnh khác của máu và cơ quan tạo máu - Haemorrhagic conditions and other diseases of blood, blood",6-10 tu?i,3
2023-08,2023,8,Mùa mưa,"Tổn thương chảy máu, bệnh khác của máu và cơ quan tạo máu - Haemorrhagic conditions and other diseases of blood, blood",D??i 1 tu?i,2
2023-08,2023,8,Mùa mưa,Viêm cấp đường hô hấp trên khác - Other acute upper respiratory infections,1-5 tu?i,18
2023-08,2023,8,Mùa mưa,Viêm cấp đường hô hấp trên khác - Other acute upper respiratory infections,11-15 tu?i,4
2023-08,2023,8,Mùa mưa,Viêm cấp đường hô hấp trên khác - Other acute upper respiratory infections,6-10 tu?i,11
2023-08,2023,8,Mùa mưa,Viêm cấp đường hô hấp trên khác - Other acute upper respiratory infections,D??i 1 tu?i,1
2023-08,2023,8,Mùa mưa,Viêm họng và viêm amidan cấp - Acute pharyngitis and acute tonsillitis,1-5 tu?i,4
2023-08,2023,8,Mùa mưa,Viêm họng và viêm amidan cấp - Acute pharyngitis and acute tonsillitis,6-10 tu?i,9
2023-08,2023,8,Mùa mưa,Viêm họng và viêm amidan cấp - Acute pharyngitis and acute tonsillitis,D??i 1 tu?i,4
2023-08,2023,8,Mùa mưa,Viêm phế quản và viêm tiểu phế quản cấp - Acute bronchitis and acute bronchiolitis,1-5 tu?i,23
2023-08,2023,8,Mùa mưa,Viêm phế quản và viêm tiểu phế quản cấp - Acute bronchitis and acute bronchiolitis,11-15 tu?i,1
2023-08,2023,8,Mùa mưa,Viêm phế quản và viêm tiểu phế quản cấp - Acute bronchitis and acute bronchiolitis,6-10 tu?i,1
2023-08,2023,8,Mùa mưa,Viêm phế quản và viêm tiểu phế quản cấp - Acute bronchitis and acute bronchiolitis,D??i 1 tu?i,23
2023-08,2023,8,Mùa mưa,Động kinh - Epilepsy,1-5 tu?i,1
2023-08,2023,8,Mùa mưa,Động kinh - Epilepsy,11-15 tu?i,3
2023-08,2023,8,Mùa mưa,Động kinh - Epilepsy,6-10 tu?i,2
2023-08,2023,8,Mùa mưa,Động kinh - Epilepsy,D??i 1 tu?i,2
2023-08,2023,8,Mùa mưa,"Ỉa chảy, viêm dạy dày, ruột non có nguồn gốc nhiễm khuẩn - Diarrhoea and gastroenteritis of presumed infectious origin.",1-5 tu?i,17
2023-08,2023,8,Mùa mưa,"Ỉa chảy, viêm dạy dày, ruột non có nguồn gốc nhiễm khuẩn - Diarrhoea and gastroenteritis of presumed infectious origin.",6-10 tu?i,5
2023-08,2023,8,Mùa mưa,"Ỉa chảy, viêm dạy dày, ruột non có nguồn gốc nhiễm khuẩn - Diarrhoea and gastroenteritis of presumed infectious origin.",D??i 1 tu?i,19
2023-09,2023,9,Mùa mưa,Bệnh khác của ruột non và màng bụng - Other diseases of intestine peritoneum,1-5 tu?i,17
2023-09,2023,9,Mùa mưa,Bệnh khác của ruột non và màng bụng - Other diseases of intestine peritoneum,11-15 tu?i,2
2023-09,2023,9,Mùa mưa,Bệnh khác của ruột non và màng bụng - Other diseases of intestine peritoneum,6-10 tu?i,5
2023-09,2023,9,Mùa mưa,Bệnh khác của ruột non và màng bụng - Other diseases of intestine peritoneum,D??i 1 tu?i,1
2023-09,2023,9,Mùa mưa,"Bệnh khác của thực quản, dạ dày và tá tràng - Other diseases of oesophagus, stomach, duodenum",1-5 tu?i,2
2023-09,2023,9,Mùa mưa,"Bệnh khác của thực quản, dạ dày và tá tràng - Other diseases of oesophagus, stomach, duodenum",11-15 tu?i,3
2023-09,2023,9,Mùa mưa,"Bệnh khác của thực quản, dạ dày và tá tràng - Other diseases of oesophagus, stomach, duodenum",6-10 tu?i,8
2023-09,2023,9,Mùa mưa,"Bệnh khác của thực quản, dạ dày và tá tràng - Other diseases of oesophagus, stomach, duodenum",D??i 1 tu?i,2
2023-09,2023,9,Mùa mưa,Bệnh virut khác - Other viral diseases,1-5 tu?i,22
2023-09,2023,9,Mùa mưa,Bệnh virut khác - Other viral diseases,11-15 tu?i,3
2023-09,2023,9,Mùa mưa,Bệnh virut khác - Other viral diseases,6-10 tu?i,7
2023-09,2023,9,Mùa mưa,Bệnh virut khác - Other viral diseases,D??i 1 tu?i,9
2023-09,2023,9,Mùa mưa,Các bệnh nhiễm khuẩn ruột khác - Other intestinal infectious diseases,1-5 tu?i,7
2023-09,2023,9,Mùa mưa,Các bệnh nhiễm khuẩn ruột khác - Other intestinal infectious diseases,6-10 tu?i,6
2023-09,2023,9,Mùa mưa,Các bệnh nhiễm khuẩn ruột khác - Other intestinal infectious diseases,D??i 1 tu?i,1
2023-09,2023,9,Mùa mưa,Các bệnh viêm phổi - Pneumonia,1-5 tu?i,14
2023-09,2023,9,Mùa mưa,Các bệnh viêm phổi - Pneumonia,11-15 tu?i,1
2023-09,2023,9,Mùa mưa,Các bệnh viêm phổi - Pneumonia,D??i 1 tu?i,14
2023-09,2023,9,Mùa mưa,Cúm - Influenza,1-5 tu?i,2
2023-09,2023,9,Mùa mưa,Cúm - Influenza,11-15 tu?i,2
2023-09,2023,9,Mùa mưa,Cúm - Influenza,6-10 tu?i,1
2023-09,2023,9,Mùa mưa,Cúm - Influenza,D??i 1 tu?i,2
2023-09,2023,9,Mùa mưa,Gãy các phần khác của chi do lao động và giao thông - Fracture of other lim bones,1-5 tu?i,2
2023-09,2023,9,Mùa mưa,Gãy các phần khác của chi do lao động và giao thông - Fracture of other lim bones,11-15 tu?i,3
2023-09,2023,9,Mùa mưa,Gãy các phần khác của chi do lao động và giao thông - Fracture of other lim bones,6-10 tu?i,1
2023-09,2023,9,Mùa mưa,Gãy các phần khác của chi do lao động và giao thông - Fracture of other lim bones,D??i 1 tu?i,1
2023-09,2023,9,Mùa mưa,Hen - Asthma,11-15 tu?i,2
2023-09,2023,9,Mùa mưa,Hậu quả của các nguyên nhân bên ngoài khác và không xác định - Other and unspecified effects of external causes,1-5 tu?i,5
2023-09,2023,9,Mùa mưa,Hậu quả của các nguyên nhân bên ngoài khác và không xác định - Other and unspecified effects of external causes,6-10 tu?i,2
2023-09,2023,9,Mùa mưa,Không rõ nhóm bệnh,1-5 tu?i,2
2023-09,2023,9,Mùa mưa,Thuỷ đậu và zôna - Varicella and Zoster,1-5 tu?i,3
2023-09,2023,9,Mùa mưa,Thuỷ đậu và zôna - Varicella and Zoster,6-10 tu?i,3
2023-09,2023,9,Mùa mưa,Thuỷ đậu và zôna - Varicella and Zoster,D??i 1 tu?i,2
2023-09,2023,9,Mùa mưa,"Thừa bao qui đầu, hẹp và nghẹt bao qui đầu - Redundant prepuce, phimosis and paraphimosis",1-5 tu?i,2
2023-09,2023,9,Mùa mưa,"Thừa bao qui đầu, hẹp và nghẹt bao qui đầu - Redundant prepuce, phimosis and paraphimosis",6-10 tu?i,1
2023-09,2023,9,Mùa mưa,"Tắc liệt ruột và tắc ruột không do thoát vị - Paralytic ileus, intestinal obstruction without hernia",1-5 tu?i,2
2023-09,2023,9,Mùa mưa,"Tổn thương chảy máu, bệnh khác của máu và cơ quan tạo máu - Haemorrhagic conditions and other diseases of blood, blood",1-5 tu?i,1
2023-09,2023,9,Mùa mưa,"Tổn thương chảy máu, bệnh khác của máu và cơ quan tạo máu - Haemorrhagic conditions and other diseases of blood, blood",6-10 tu?i,1
2023-09,2023,9,Mùa mưa,Viêm cấp đường hô hấp trên khác - Other acute upper respiratory infections,1-5 tu?i,12
2023-09,2023,9,Mùa mưa,Viêm cấp đường hô hấp trên khác - Other acute upper respiratory infections,11-15 tu?i,2
2023-09,2023,9,Mùa mưa,Viêm cấp đường hô hấp trên khác - Other acute upper respiratory infections,6-10 tu?i,13
2023-09,2023,9,Mùa mưa,Viêm cấp đường hô hấp trên khác - Other acute upper respiratory infections,D??i 1 tu?i,2
2023-09,2023,9,Mùa mưa,Viêm họng và viêm amidan cấp - Acute pharyngitis and acute tonsillitis,1-5 tu?i,6
2023-09,2023,9,Mùa mưa,Viêm họng và viêm amidan cấp - Acute pharyngitis and acute tonsillitis,11-15 tu?i,1
2023-09,2023,9,Mùa mưa,Viêm họng và viêm amidan cấp - Acute pharyngitis and acute tonsillitis,6-10 tu?i,13
2023-09,2023,9,Mùa mưa,Viêm họng và viêm amidan cấp - Acute pharyngitis and acute tonsillitis,D??i 1 tu?i,1
2023-09,2023,9,Mùa mưa,Viêm phế quản và viêm tiểu phế quản cấp - Acute bronchitis and acute bronchiolitis,1-5 tu?i,21
2023-09,2023,9,Mùa mưa,Viêm phế quản và viêm tiểu phế quản cấp - Acute bronchitis and acute bronchiolitis,11-15 tu?i,2
2023-09,2023,9,Mùa mưa,Viêm phế quản và viêm tiểu phế quản cấp - Acute bronchitis and acute bronchiolitis,6-10 tu?i,4
2023-09,2023,9,Mùa mưa,Viêm phế quản và viêm tiểu phế quản cấp - Acute bronchitis and acute bronchiolitis,D??i 1 tu?i,17
2023-09,2023,9,Mùa mưa,Động kinh - Epilepsy,1-5 tu?i,2
2023-09,2023,9,Mùa mưa,Động kinh - Epilepsy,11-15 tu?i,3
2023-09,2023,9,Mùa mưa,Động kinh - Epilepsy,6-10 tu?i,2
2023-09,2023,9,Mùa mưa,"Ỉa chảy, viêm dạy dày, ruột non có nguồn gốc nhiễm khuẩn - Diarrhoea and gastroenteritis of presumed infectious origin.",1-5 tu?i,24
2023-09,2023,9,Mùa mưa,"Ỉa chảy, viêm dạy dày, ruột non có nguồn gốc nhiễm khuẩn - Diarrhoea and gastroenteritis of presumed infectious origin.",11-15 tu?i,2
2023-09,2023,9,Mùa mưa,"Ỉa chảy, viêm dạy dày, ruột non có nguồn gốc nhiễm khuẩn - Diarrhoea and gastroenteritis of presumed infectious origin.",6-10 tu?i,1
2023-09,2023,9,Mùa mưa,"Ỉa chảy, viêm dạy dày, ruột non có nguồn gốc nhiễm khuẩn - Diarrhoea and gastroenteritis of presumed infectious origin.",D??i 1 tu?i,17
2023-10,2023,10,Mùa mưa,Bệnh khác của ruột non và màng bụng - Other diseases of intestine peritoneum,1-5 tu?i,7
2023-10,2023,10,Mùa mưa,Bệnh khác của ruột non và màng bụng - Other diseases of intestine peritoneum,6-10 tu?i,7
2023-10,2023,10,Mùa mưa,"Bệnh khác của thực quản, dạ dày và tá tràng - Other diseases of oesophagus, stomach, duodenum",1-5 tu?i,1
2023-10,2023,10,Mùa mưa,"Bệnh khác của thực quản, dạ dày và tá tràng - Other diseases of oesophagus, stomach, duodenum",11-15 tu?i,4
2023-10,2023,10,Mùa mưa,"Bệnh khác của thực quản, dạ dày và tá tràng - Other diseases of oesophagus, stomach, duodenum",6-10 tu?i,3
2023-10,2023,10,Mùa mưa,Bệnh virut khác - Other viral diseases,1-5 tu?i,22
2023-10,2023,10,Mùa mưa,Bệnh virut khác - Other viral diseases,11-15 tu?i,1
2023-10,2023,10,Mùa mưa,Bệnh virut khác - Other viral diseases,6-10 tu?i,6
2023-10,2023,10,Mùa mưa,Bệnh virut khác - Other viral diseases,D??i 1 tu?i,11
2023-10,2023,10,Mùa mưa,Các bệnh nhiễm khuẩn ruột khác - Other intestinal infectious diseases,1-5 tu?i,3
2023-10,2023,10,Mùa mưa,Các bệnh nhiễm khuẩn ruột khác - Other intestinal infectious diseases,6-10 tu?i,3
2023-10,2023,10,Mùa mưa,Các bệnh nhiễm khuẩn ruột khác - Other intestinal infectious diseases,D??i 1 tu?i,1
2023-10,2023,10,Mùa mưa,Các bệnh viêm phổi - Pneumonia,1-5 tu?i,14
2023-10,2023,10,Mùa mưa,Các bệnh viêm phổi - Pneumonia,6-10 tu?i,4
2023-10,2023,10,Mùa mưa,Các bệnh viêm phổi - Pneumonia,D??i 1 tu?i,12
2023-10,2023,10,Mùa mưa,Cúm - Influenza,1-5 tu?i,5
2023-10,2023,10,Mùa mưa,Cúm - Influenza,6-10 tu?i,4
2023-10,2023,10,Mùa mưa,Cúm - Influenza,D??i 1 tu?i,1
2023-10,2023,10,Mùa mưa,Gãy các phần khác của chi do lao động và giao thông - Fracture of other lim bones,1-5 tu?i,1
2023-10,2023,10,Mùa mưa,Gãy các phần khác của chi do lao động và giao thông - Fracture of other lim bones,11-15 tu?i,1
2023-10,2023,10,Mùa mưa,Gãy các phần khác của chi do lao động và giao thông - Fracture of other lim bones,6-10 tu?i,3
2023-10,2023,10,Mùa mưa,Gãy các phần khác của chi do lao động và giao thông - Fracture of other lim bones,D??i 1 tu?i,2
2023-10,2023,10,Mùa mưa,Hen - Asthma,D??i 1 tu?i,1
2023-10,2023,10,Mùa mưa,Hậu quả của các nguyên nhân bên ngoài khác và không xác định - Other and unspecified effects of external causes,1-5 tu?i,3
2023-10,2023,10,Mùa mưa,Hậu quả của các nguyên nhân bên ngoài khác và không xác định - Other and unspecified effects of external causes,6-10 tu?i,4
2023-10,2023,10,Mùa mưa,Không rõ nhóm bệnh,1-5 tu?i,1
2023-10,2023,10,Mùa mưa,Không rõ nhóm bệnh,D??i 1 tu?i,2
2023-10,2023,10,Mùa mưa,Thuỷ đậu và zôna - Varicella and Zoster,1-5 tu?i,6
2023-10,2023,10,Mùa mưa,Thuỷ đậu và zôna - Varicella and Zoster,6-10 tu?i,2
2023-10,2023,10,Mùa mưa,Thuỷ đậu và zôna - Varicella and Zoster,D??i 1 tu?i,1
2023-10,2023,10,Mùa mưa,"Thừa bao qui đầu, hẹp và nghẹt bao qui đầu - Redundant prepuce, phimosis and paraphimosis",1-5 tu?i,3
2023-10,2023,10,Mùa mưa,"Thừa bao qui đầu, hẹp và nghẹt bao qui đầu - Redundant prepuce, phimosis and paraphimosis",6-10 tu?i,5
2023-10,2023,10,Mùa mưa,"Tắc liệt ruột và tắc ruột không do thoát vị - Paralytic ileus, intestinal obstruction without hernia",1-5 tu?i,1
2023-10,2023,10,Mùa mưa,"Tắc liệt ruột và tắc ruột không do thoát vị - Paralytic ileus, intestinal obstruction without hernia",6-10 tu?i,1
2023-10,2023,10,Mùa mưa,"Tổn thương chảy máu, bệnh khác của máu và cơ quan tạo máu - Haemorrhagic conditions and other diseases of blood, blood",1-5 tu?i,1
2023-10,2023,10,Mùa mưa,"Tổn thương chảy máu, bệnh khác của máu và cơ quan tạo máu - Haemorrhagic conditions and other diseases of blood, blood",6-10 tu?i,1
2023-10,2023,10,Mùa mưa,Viêm cấp đường hô hấp trên khác - Other acute upper respiratory infections,1-5 tu?i,15
2023-10,2023,10,Mùa mưa,Viêm cấp đường hô hấp trên khác - Other acute upper respiratory infections,6-10 tu?i,10
2023-10,2023,10,Mùa mưa,Viêm cấp đường hô hấp trên khác - Other acute upper respiratory infections,D??i 1 tu?i,3
2023-10,2023,10,Mùa mưa,Viêm họng và viêm amidan cấp - Acute pharyngitis and acute tonsillitis,1-5 tu?i,11
2023-10,2023,10,Mùa mưa,Viêm họng và viêm amidan cấp - Acute pharyngitis and acute tonsillitis,11-15 tu?i,2
2023-10,2023,10,Mùa mưa,Viêm họng và viêm amidan cấp - Acute pharyngitis and acute tonsillitis,6-10 tu?i,8
2023-10,2023,10,Mùa mưa,Viêm họng và viêm amidan cấp - Acute pharyngitis and acute tonsillitis,D??i 1 tu?i,1
2023-10,2023,10,Mùa mưa,Viêm phế quản và viêm tiểu phế quản cấp - Acute bronchitis and acute bronchiolitis,1-5 tu?i,23
2023-10,2023,10,Mùa mưa,Viêm phế quản và viêm tiểu phế quản cấp - Acute bronchitis and acute bronchiolitis,11-15 tu?i,2
2023-10,2023,10,Mùa mưa,Viêm phế quản và viêm tiểu phế quản cấp - Acute bronchitis and acute bronchiolitis,6-10 tu?i,3
2023-10,2023,10,Mùa mưa,Viêm phế quản và viêm tiểu phế quản cấp - Acute bronchitis and acute bronchiolitis,D??i 1 tu?i,12
2023-10,2023,10,Mùa mưa,Động kinh - Epilepsy,11-15 tu?i,1
2023-10,2023,10,Mùa mưa,Động kinh - Epilepsy,6-10 tu?i,2
2023-10,2023,10,Mùa mưa,"Ỉa chảy, viêm dạy dày, ruột non có nguồn gốc nhiễm khuẩn - Diarrhoea and gastroenteritis of presumed infectious origin.",1-5 tu?i,15
2023-10,2023,10,Mùa mưa,"Ỉa chảy, viêm dạy dày, ruột non có nguồn gốc nhiễm khuẩn - Diarrhoea and gastroenteritis of presumed infectious origin.",6-10 tu?i,3
2023-10,2023,10,Mùa mưa,"Ỉa chảy, viêm dạy dày, ruột non có nguồn gốc nhiễm khuẩn - Diarrhoea and gastroenteritis of presumed infectious origin.",D??i 1 tu?i,10
2023-11,2023,11,Mùa mưa,Bệnh khác của ruột non và màng bụng - Other diseases of intestine peritoneum,1-5 tu?i,2
2023-11,2023,11,Mùa mưa,Bệnh khác của ruột non và màng bụng - Other diseases of intestine peritoneum,11-15 tu?i,1
2023-11,2023,11,Mùa mưa,Bệnh khác của ruột non và màng bụng - Other diseases of intestine peritoneum,6-10 tu?i,6
2023-11,2023,11,Mùa mưa,"Bệnh khác của thực quản, dạ dày và tá tràng - Other diseases of oesophagus, stomach, duodenum",1-5 tu?i,1
2023-11,2023,11,Mùa mưa,"Bệnh khác của thực quản, dạ dày và tá tràng - Other diseases of oesophagus, stomach, duodenum",11-15 tu?i,2
2023-11,2023,11,Mùa mưa,"Bệnh khác của thực quản, dạ dày và tá tràng - Other diseases of oesophagus, stomach, duodenum",6-10 tu?i,2
2023-11,2023,11,Mùa mưa,Bệnh virut khác - Other viral diseases,1-5 tu?i,22
2023-11,2023,11,Mùa mưa,Bệnh virut khác - Other viral diseases,6-10 tu?i,8
2023-11,2023,11,Mùa mưa,Bệnh virut khác - Other viral diseases,D??i 1 tu?i,13
2023-11,2023,11,Mùa mưa,Các bệnh nhiễm khuẩn ruột khác - Other intestinal infectious diseases,1-5 tu?i,1
2023-11,2023,11,Mùa mưa,Các bệnh nhiễm khuẩn ruột khác - Other intestinal infectious diseases,11-15 tu?i,2
2023-11,2023,11,Mùa mưa,Các bệnh nhiễm khuẩn ruột khác - Other intestinal infectious diseases,6-10 tu?i,5
2023-11,2023,11,Mùa mưa,Các bệnh nhiễm khuẩn ruột khác - Other intestinal infectious diseases,D??i 1 tu?i,1
2023-11,2023,11,Mùa mưa,Các bệnh viêm phổi - Pneumonia,1-5 tu?i,13
2023-11,2023,11,Mùa mưa,Các bệnh viêm phổi - Pneumonia,11-15 tu?i,4
2023-11,2023,11,Mùa mưa,Các bệnh viêm phổi - Pneumonia,6-10 tu?i,2
2023-11,2023,11,Mùa mưa,Các bệnh viêm phổi - Pneumonia,D??i 1 tu?i,7
2023-11,2023,11,Mùa mưa,Cúm - Influenza,1-5 tu?i,3
2023-11,2023,11,Mùa mưa,Cúm - Influenza,6-10 tu?i,6
2023-11,2023,11,Mùa mưa,Cúm - Influenza,D??i 1 tu?i,3
2023-11,2023,11,Mùa mưa,Gãy các phần khác của chi do lao động và giao thông - Fracture of other lim bones,11-15 tu?i,7
2023-11,2023,11,Mùa mưa,Gãy các phần khác của chi do lao động và giao thông - Fracture of other lim bones,6-10 tu?i,1
2023-11,2023,11,Mùa mưa,Hen - Asthma,11-15 tu?i,1
2023-11,2023,11,Mùa mưa,Hen - Asthma,6-10 tu?i,5
2023-11,2023,11,Mùa mưa,Hen - Asthma,D??i 1 tu?i,1
2023-11,2023,11,Mùa mưa,Hậu quả của các nguyên nhân bên ngoài khác và không xác định - Other and unspecified effects of external causes,1-5 tu?i,4
2023-11,2023,11,Mùa mưa,Hậu quả của các nguyên nhân bên ngoài khác và không xác định - Other and unspecified effects of external causes,11-15 tu?i,1
2023-11,2023,11,Mùa mưa,Hậu quả của các nguyên nhân bên ngoài khác và không xác định - Other and unspecified effects of external causes,D??i 1 tu?i,1
2023-11,2023,11,Mùa mưa,Không rõ nhóm bệnh,1-5 tu?i,1
2023-11,2023,11,Mùa mưa,Không rõ nhóm bệnh,6-10 tu?i,1
2023-11,2023,11,Mùa mưa,Thuỷ đậu và zôna - Varicella and Zoster,1-5 tu?i,2
2023-11,2023,11,Mùa mưa,Thuỷ đậu và zôna - Varicella and Zoster,6-10 tu?i,6
2023-11,2023,11,Mùa mưa,"Thừa bao qui đầu, hẹp và nghẹt bao qui đầu - Redundant prepuce, phimosis and paraphimosis",1-5 tu?i,1
2023-11,2023,11,Mùa mưa,"Thừa bao qui đầu, hẹp và nghẹt bao qui đầu - Redundant prepuce, phimosis and paraphimosis",D??i 1 tu?i,1
2023-11,2023,11,Mùa mưa,"Tắc liệt ruột và tắc ruột không do thoát vị - Paralytic ileus, intestinal obstruction without hernia",1-5 tu?i,1
2023-11,2023,11,Mùa mưa,"Tắc liệt ruột và tắc ruột không do thoát vị - Paralytic ileus, intestinal obstruction without hernia",11-15 tu?i,1
2023-11,2023,11,Mùa mưa,"Tắc liệt ruột và tắc ruột không do thoát vị - Paralytic ileus, intestinal obstruction without hernia",6-10 tu?i,2
2023-11,2023,11,Mùa mưa,"Tổn thương chảy máu, bệnh khác của máu và cơ quan tạo máu - Haemorrhagic conditions and other diseases of blood, blood",1-5 tu?i,3
2023-11,2023,11,Mùa mưa,"Tổn thương chảy máu, bệnh khác của máu và cơ quan tạo máu - Haemorrhagic conditions and other diseases of blood, blood",6-10 tu?i,1
2023-11,2023,11,Mùa mưa,"Tổn thương chảy máu, bệnh khác của máu và cơ quan tạo máu - Haemorrhagic conditions and other diseases of blood, blood",D??i 1 tu?i,1
2023-11,2023,11,Mùa mưa,Viêm cấp đường hô hấp trên khác - Other acute upper respiratory infections,1-5 tu?i,26
2023-11,2023,11,Mùa mưa,Viêm cấp đường hô hấp trên khác - Other acute upper respiratory infections,6-10 tu?i,16
2023-11,2023,11,Mùa mưa,Viêm cấp đường hô hấp trên khác - Other acute upper respiratory infections,D??i 1 tu?i,1
2023-11,2023,11,Mùa mưa,Viêm họng và viêm amidan cấp - Acute pharyngitis and acute tonsillitis,1-5 tu?i,13
2023-11,2023,11,Mùa mưa,Viêm họng và viêm amidan cấp - Acute pharyngitis and acute tonsillitis,11-15 tu?i,2
2023-11,2023,11,Mùa mưa,Viêm họng và viêm amidan cấp - Acute pharyngitis and acute tonsillitis,6-10 tu?i,8
2023-11,2023,11,Mùa mưa,Viêm họng và viêm amidan cấp - Acute pharyngitis and acute tonsillitis,D??i 1 tu?i,4
2023-11,2023,11,Mùa mưa,Viêm phế quản và viêm tiểu phế quản cấp - Acute bronchitis and acute bronchiolitis,1-5 tu?i,22
2023-11,2023,11,Mùa mưa,Viêm phế quản và viêm tiểu phế quản cấp - Acute bronchitis and acute bronchiolitis,6-10 tu?i,4
2023-11,2023,11,Mùa mưa,Viêm phế quản và viêm tiểu phế quản cấp - Acute bronchitis and acute bronchiolitis,D??i 1 tu?i,23
2023-11,2023,11,Mùa mưa,Động kinh - Epilepsy,11-15 tu?i,2
2023-11,2023,11,Mùa mưa,"Ỉa chảy, viêm dạy dày, ruột non có nguồn gốc nhiễm khuẩn - Diarrhoea and gastroenteritis of presumed infectious origin.",1-5 tu?i,13
2023-11,2023,11,Mùa mưa,"Ỉa chảy, viêm dạy dày, ruột non có nguồn gốc nhiễm khuẩn - Diarrhoea and gastroenteritis of presumed infectious origin.",11-15 tu?i,2
2023-11,2023,11,Mùa mưa,"Ỉa chảy, viêm dạy dày, ruột non có nguồn gốc nhiễm khuẩn - Diarrhoea and gastroenteritis of presumed infectious origin.",6-10 tu?i,1
2023-11,2023,11,Mùa mưa,"Ỉa chảy, viêm dạy dày, ruột non có nguồn gốc nhiễm khuẩn - Diarrhoea and gastroenteritis of presumed infectious origin.",D??i 1 tu?i,7
2023-12,2023,12,Mùa khô,Bệnh khác của ruột non và màng bụng - Other diseases of intestine peritoneum,1-5 tu?i,5
2023-12,2023,12,Mùa khô,Bệnh khác của ruột non và màng bụng - Other diseases of intestine peritoneum,6-10 tu?i,4
2023-12,2023,12,Mùa khô,Bệnh khác của ruột non và màng bụng - Other diseases of intestine peritoneum,D??i 1 tu?i,2
2023-12,2023,12,Mùa khô,"Bệnh khác của thực quản, dạ dày và tá tràng - Other diseases of oesophagus, stomach, duodenum",1-5 tu?i,1
2023-12,2023,12,Mùa khô,"Bệnh khác của thực quản, dạ dày và tá tràng - Other diseases of oesophagus, stomach, duodenum",11-15 tu?i,3
2023-12,2023,12,Mùa khô,"Bệnh khác của thực quản, dạ dày và tá tràng - Other diseases of oesophagus, stomach, duodenum",6-10 tu?i,3
2023-12,2023,12,Mùa khô,"Bệnh khác của thực quản, dạ dày và tá tràng - Other diseases of oesophagus, stomach, duodenum",D??i 1 tu?i,1
2023-12,2023,12,Mùa khô,Bệnh virut khác - Other viral diseases,1-5 tu?i,16
2023-12,2023,12,Mùa khô,Bệnh virut khác - Other viral diseases,11-15 tu?i,1
2023-12,2023,12,Mùa khô,Bệnh virut khác - Other viral diseases,6-10 tu?i,2
2023-12,2023,12,Mùa khô,Bệnh virut khác - Other viral diseases,D??i 1 tu?i,1
2023-12,2023,12,Mùa khô,Các bệnh nhiễm khuẩn ruột khác - Other intestinal infectious diseases,1-5 tu?i,1
2023-12,2023,12,Mùa khô,Các bệnh nhiễm khuẩn ruột khác - Other intestinal infectious diseases,6-10 tu?i,4
2023-12,2023,12,Mùa khô,Các bệnh viêm phổi - Pneumonia,1-5 tu?i,17
2023-12,2023,12,Mùa khô,Các bệnh viêm phổi - Pneumonia,11-15 tu?i,3
2023-12,2023,12,Mùa khô,Các bệnh viêm phổi - Pneumonia,6-10 tu?i,5
2023-12,2023,12,Mùa khô,Các bệnh viêm phổi - Pneumonia,D??i 1 tu?i,17
2023-12,2023,12,Mùa khô,Cúm - Influenza,1-5 tu?i,7
2023-12,2023,12,Mùa khô,Cúm - Influenza,6-10 tu?i,3
2023-12,2023,12,Mùa khô,Cúm - Influenza,D??i 1 tu?i,1
2023-12,2023,12,Mùa khô,Gãy các phần khác của chi do lao động và giao thông - Fracture of other lim bones,1-5 tu?i,1
2023-12,2023,12,Mùa khô,Gãy các phần khác của chi do lao động và giao thông - Fracture of other lim bones,11-15 tu?i,2
2023-12,2023,12,Mùa khô,Gãy các phần khác của chi do lao động và giao thông - Fracture of other lim bones,6-10 tu?i,3
2023-12,2023,12,Mùa khô,Hen - Asthma,1-5 tu?i,3
2023-12,2023,12,Mùa khô,Hen - Asthma,11-15 tu?i,3
2023-12,2023,12,Mùa khô,Hen - Asthma,6-10 tu?i,7
2023-12,2023,12,Mùa khô,Hen - Asthma,D??i 1 tu?i,2
2023-12,2023,12,Mùa khô,Hậu quả của các nguyên nhân bên ngoài khác và không xác định - Other and unspecified effects of external causes,1-5 tu?i,5
2023-12,2023,12,Mùa khô,Hậu quả của các nguyên nhân bên ngoài khác và không xác định - Other and unspecified effects of external causes,6-10 tu?i,4
2023-12,2023,12,Mùa khô,Không rõ nhóm bệnh,1-5 tu?i,1
2023-12,2023,12,Mùa khô,Không rõ nhóm bệnh,D??i 1 tu?i,2
2023-12,2023,12,Mùa khô,Thuỷ đậu và zôna - Varicella and Zoster,1-5 tu?i,4
2023-12,2023,12,Mùa khô,Thuỷ đậu và zôna - Varicella and Zoster,6-10 tu?i,5
2023-12,2023,12,Mùa khô,"Tắc liệt ruột và tắc ruột không do thoát vị - Paralytic ileus, intestinal obstruction without hernia",1-5 tu?i,3
2023-12,2023,12,Mùa khô,"Tắc liệt ruột và tắc ruột không do thoát vị - Paralytic ileus, intestinal obstruction without hernia",6-10 tu?i,2
2023-12,2023,12,Mùa khô,"Tắc liệt ruột và tắc ruột không do thoát vị - Paralytic ileus, intestinal obstruction without hernia",D??i 1 tu?i,1
2023-12,2023,12,Mùa khô,"Tổn thương chảy máu, bệnh khác của máu và cơ quan tạo máu - Haemorrhagic conditions and other diseases of blood, blood",1-5 tu?i,2
2023-12,2023,12,Mùa khô,"Tổn thương chảy máu, bệnh khác của máu và cơ quan tạo máu - Haemorrhagic conditions and other diseases of blood, blood",6-10 tu?i,1
2023-12,2023,12,Mùa khô,Viêm cấp đường hô hấp trên khác - Other acute upper respiratory infections,1-5 tu?i,31
2023-12,2023,12,Mùa khô,Viêm cấp đường hô hấp trên khác - Other acute upper respiratory infections,11-15 tu?i,2
2023-12,2023,12,Mùa khô,Viêm cấp đường hô hấp trên khác - Other acute upper respiratory infections,6-10 tu?i,16
2023-12,2023,12,Mùa khô,Viêm cấp đường hô hấp trên khác - Other acute upper respiratory infections,D??i 1 tu?i,5
2023-12,2023,12,Mùa khô,Viêm họng và viêm amidan cấp - Acute pharyngitis and acute tonsillitis,1-5 tu?i,13
2023-12,2023,12,Mùa khô,Viêm họng và viêm amidan cấp - Acute pharyngitis and acute tonsillitis,11-15 tu?i,1
2023-12,2023,12,Mùa khô,Viêm họng và viêm amidan cấp - Acute pharyngitis and acute tonsillitis,6-10 tu?i,9
2023-12,2023,12,Mùa khô,Viêm họng và viêm amidan cấp - Acute pharyngitis and acute tonsillitis,D??i 1 tu?i,7
2023-12,2023,12,Mùa khô,Viêm phế quản và viêm tiểu phế quản cấp - Acute bronchitis and acute bronchiolitis,1-5 tu?i,18
2023-12,2023,12,Mùa khô,Viêm phế quản và viêm tiểu phế quản cấp - Acute bronchitis and acute bronchiolitis,11-15 tu?i,2
2023-12,2023,12,Mùa khô,Viêm phế quản và viêm tiểu phế quản cấp - Acute bronchitis and acute bronchiolitis,6-10 tu?i,3
2023-12,2023,12,Mùa khô,Viêm phế quản và viêm tiểu phế quản cấp - Acute bronchitis and acute bronchiolitis,D??i 1 tu?i,21
2023-12,2023,12,Mùa khô,Động kinh - Epilepsy,1-5 tu?i,1
2023-12,2023,12,Mùa khô,Động kinh - Epilepsy,11-15 tu?i,1
2023-12,2023,12,Mùa khô,Động kinh - Epilepsy,6-10 tu?i,1
2023-12,2023,12,Mùa khô,"Ỉa chảy, viêm dạy dày, ruột non có nguồn gốc nhiễm khuẩn - Diarrhoea and gastroenteritis of presumed infectious origin.",1-5 tu?i,13
2023-12,2023,12,Mùa khô,"Ỉa chảy, viêm dạy dày, ruột non có nguồn gốc nhiễm khuẩn - Diarrhoea and gastroenteritis of presumed infectious origin.",6-10 tu?i,3
2023-12,2023,12,Mùa khô,"Ỉa chảy, viêm dạy dày, ruột non có nguồn gốc nhiễm khuẩn - Diarrhoea and gastroenteritis of presumed infectious origin.",D??i 1 tu?i,13
2024-01,2024,1,Mùa khô,Bệnh khác của ruột non và màng bụng - Other diseases of intestine peritoneum,1-5 tu?i,10
2024-01,2024,1,Mùa khô,Bệnh khác của ruột non và màng bụng - Other diseases of intestine peritoneum,6-10 tu?i,1
2024-01,2024,1,Mùa khô,Bệnh khác của ruột non và màng bụng - Other diseases of intestine peritoneum,D??i 1 tu?i,1
2024-01,2024,1,Mùa khô,"Bệnh khác của thực quản, dạ dày và tá tràng - Other diseases of oesophagus, stomach, duodenum",1-5 tu?i,1
2024-01,2024,1,Mùa khô,"Bệnh khác của thực quản, dạ dày và tá tràng - Other diseases of oesophagus, stomach, duodenum",11-15 tu?i,1
2024-01,2024,1,Mùa khô,"Bệnh khác của thực quản, dạ dày và tá tràng - Other diseases of oesophagus, stomach, duodenum",6-10 tu?i,2
2024-01,2024,1,Mùa khô,Bệnh virut khác - Other viral diseases,1-5 tu?i,16
2024-01,2024,1,Mùa khô,Bệnh virut khác - Other viral diseases,11-15 tu?i,1
2024-01,2024,1,Mùa khô,Bệnh virut khác - Other viral diseases,6-10 tu?i,4
2024-01,2024,1,Mùa khô,Bệnh virut khác - Other viral diseases,D??i 1 tu?i,3
2024-01,2024,1,Mùa khô,Các bệnh nhiễm khuẩn ruột khác - Other intestinal infectious diseases,1-5 tu?i,3
2024-01,2024,1,Mùa khô,Các bệnh nhiễm khuẩn ruột khác - Other intestinal infectious diseases,6-10 tu?i,3
2024-01,2024,1,Mùa khô,Các bệnh nhiễm khuẩn ruột khác - Other intestinal infectious diseases,D??i 1 tu?i,2
2024-01,2024,1,Mùa khô,Các bệnh viêm phổi - Pneumonia,1-5 tu?i,21
2024-01,2024,1,Mùa khô,Các bệnh viêm phổi - Pneumonia,11-15 tu?i,4
2024-01,2024,1,Mùa khô,Các bệnh viêm phổi - Pneumonia,6-10 tu?i,6
2024-01,2024,1,Mùa khô,Các bệnh viêm phổi - Pneumonia,D??i 1 tu?i,17
2024-01,2024,1,Mùa khô,Cúm - Influenza,1-5 tu?i,2
2024-01,2024,1,Mùa khô,Cúm - Influenza,6-10 tu?i,4
2024-01,2024,1,Mùa khô,Gãy các phần khác của chi do lao động và giao thông - Fracture of other lim bones,11-15 tu?i,3
2024-01,2024,1,Mùa khô,Gãy các phần khác của chi do lao động và giao thông - Fracture of other lim bones,6-10 tu?i,5
2024-01,2024,1,Mùa khô,Gãy các phần khác của chi do lao động và giao thông - Fracture of other lim bones,D??i 1 tu?i,2
2024-01,2024,1,Mùa khô,Hen - Asthma,1-5 tu?i,1
2024-01,2024,1,Mùa khô,Hen - Asthma,11-15 tu?i,3
2024-01,2024,1,Mùa khô,Hen - Asthma,6-10 tu?i,6
2024-01,2024,1,Mùa khô,Hậu quả của các nguyên nhân bên ngoài khác và không xác định - Other and unspecified effects of external causes,1-5 tu?i,2
2024-01,2024,1,Mùa khô,Hậu quả của các nguyên nhân bên ngoài khác và không xác định - Other and unspecified effects of external causes,6-10 tu?i,1
2024-01,2024,1,Mùa khô,Không rõ nhóm bệnh,1-5 tu?i,1
2024-01,2024,1,Mùa khô,Không rõ nhóm bệnh,D??i 1 tu?i,1
2024-01,2024,1,Mùa khô,Thuỷ đậu và zôna - Varicella and Zoster,1-5 tu?i,4
2024-01,2024,1,Mùa khô,Thuỷ đậu và zôna - Varicella and Zoster,6-10 tu?i,4
2024-01,2024,1,Mùa khô,"Thừa bao qui đầu, hẹp và nghẹt bao qui đầu - Redundant prepuce, phimosis and paraphimosis",1-5 tu?i,1
2024-01,2024,1,Mùa khô,"Thừa bao qui đầu, hẹp và nghẹt bao qui đầu - Redundant prepuce, phimosis and paraphimosis",6-10 tu?i,4
2024-01,2024,1,Mùa khô,"Thừa bao qui đầu, hẹp và nghẹt bao qui đầu - Redundant prepuce, phimosis and paraphimosis",D??i 1 tu?i,1
2024-01,2024,1,Mùa khô,"Tắc liệt ruột và tắc ruột không do thoát vị - Paralytic ileus, intestinal obstruction without hernia",1-5 tu?i,1
2024-01,2024,1,Mùa khô,"Tắc liệt ruột và tắc ruột không do thoát vị - Paralytic ileus, intestinal obstruction without hernia",6-10 tu?i,1
2024-01,2024,1,Mùa khô,"Tắc liệt ruột và tắc ruột không do thoát vị - Paralytic ileus, intestinal obstruction without hernia",D??i 1 tu?i,1
2024-01,2024,1,Mùa khô,"Tổn thương chảy máu, bệnh khác của máu và cơ quan tạo máu - Haemorrhagic conditions and other diseases of blood, blood",1-5 tu?i,2
2024-01,2024,1,Mùa khô,"Tổn thương chảy máu, bệnh khác của máu và cơ quan tạo máu - Haemorrhagic conditions and other diseases of blood, blood",6-10 tu?i,2
2024-01,2024,1,Mùa khô,Viêm cấp đường hô hấp trên khác - Other acute upper respiratory infections,1-5 tu?i,27
2024-01,2024,1,Mùa khô,Viêm cấp đường hô hấp trên khác - Other acute upper respiratory infections,11-15 tu?i,2
2024-01,2024,1,Mùa khô,Viêm cấp đường hô hấp trên khác - Other acute upper respiratory infections,6-10 tu?i,22
2024-01,2024,1,Mùa khô,Viêm cấp đường hô hấp trên khác - Other acute upper respiratory infections,D??i 1 tu?i,4
2024-01,2024,1,Mùa khô,Viêm họng và viêm amidan cấp - Acute pharyngitis and acute tonsillitis,1-5 tu?i,15
2024-01,2024,1,Mùa khô,Viêm họng và viêm amidan cấp - Acute pharyngitis and acute tonsillitis,11-15 tu?i,1
2024-01,2024,1,Mùa khô,Viêm họng và viêm amidan cấp - Acute pharyngitis and acute tonsillitis,6-10 tu?i,13
2024-01,2024,1,Mùa khô,Viêm họng và viêm amidan cấp - Acute pharyngitis and acute tonsillitis,D??i 1 tu?i,3
2024-01,2024,1,Mùa khô,Viêm phế quản và viêm tiểu phế quản cấp - Acute bronchitis and acute bronchiolitis,1-5 tu?i,32
2024-01,2024,1,Mùa khô,Viêm phế quản và viêm tiểu phế quản cấp - Acute bronchitis and acute bronchiolitis,11-15 tu?i,2
2024-01,2024,1,Mùa khô,Viêm phế quản và viêm tiểu phế quản cấp - Acute bronchitis and acute bronchiolitis,6-10 tu?i,3
2024-01,2024,1,Mùa khô,Viêm phế quản và viêm tiểu phế quản cấp - Acute bronchitis and acute bronchiolitis,D??i 1 tu?i,19
2024-01,2024,1,Mùa khô,Động kinh - Epilepsy,11-15 tu?i,3
2024-01,2024,1,Mùa khô,Động kinh - Epilepsy,D??i 1 tu?i,1
2024-01,2024,1,Mùa khô,"Ỉa chảy, viêm dạy dày, ruột non có nguồn gốc nhiễm khuẩn - Diarrhoea and gastroenteritis of presumed infectious origin.",1-5 tu?i,11
2024-01,2024,1,Mùa khô,"Ỉa chảy, viêm dạy dày, ruột non có nguồn gốc nhiễm khuẩn - Diarrhoea and gastroenteritis of presumed infectious origin.",11-15 tu?i,1
2024-01,2024,1,Mùa khô,"Ỉa chảy, viêm dạy dày, ruột non có nguồn gốc nhiễm khuẩn - Diarrhoea and gastroenteritis of presumed infectious origin.",6-10 tu?i,2
2024-01,2024,1,Mùa khô,"Ỉa chảy, viêm dạy dày, ruột non có nguồn gốc nhiễm khuẩn - Diarrhoea and gastroenteritis of presumed infectious origin.",D??i 1 tu?i,6
2024-02,2024,2,Mùa khô,Bệnh khác của ruột non và màng bụng - Other diseases of intestine peritoneum,1-5 tu?i,12
2024-02,2024,2,Mùa khô,Bệnh khác của ruột non và màng bụng - Other diseases of intestine peritoneum,6-10 tu?i,5
2024-02,2024,2,Mùa khô,"Bệnh khác của thực quản, dạ dày và tá tràng - Other diseases of oesophagus, stomach, duodenum",1-5 tu?i,3
2024-02,2024,2,Mùa khô,"Bệnh khác của thực quản, dạ dày và tá tràng - Other diseases of oesophagus, stomach, duodenum",11-15 tu?i,3
2024-02,2024,2,Mùa khô,"Bệnh khác của thực quản, dạ dày và tá tràng - Other diseases of oesophagus, stomach, duodenum",6-10 tu?i,1
2024-02,2024,2,Mùa khô,Bệnh virut khác - Other viral diseases,1-5 tu?i,14
2024-02,2024,2,Mùa khô,Bệnh virut khác - Other viral diseases,6-10 tu?i,3
2024-02,2024,2,Mùa khô,Bệnh virut khác - Other viral diseases,D??i 1 tu?i,9
2024-02,2024,2,Mùa khô,Các bệnh nhiễm khuẩn ruột khác - Other intestinal infectious diseases,1-5 tu?i,6
2024-02,2024,2,Mùa khô,Các bệnh nhiễm khuẩn ruột khác - Other intestinal infectious diseases,6-10 tu?i,4
2024-02,2024,2,Mùa khô,Các bệnh nhiễm khuẩn ruột khác - Other intestinal infectious diseases,D??i 1 tu?i,1
2024-02,2024,2,Mùa khô,Các bệnh viêm phổi - Pneumonia,1-5 tu?i,30
2024-02,2024,2,Mùa khô,Các bệnh viêm phổi - Pneumonia,11-15 tu?i,2
2024-02,2024,2,Mùa khô,Các bệnh viêm phổi - Pneumonia,6-10 tu?i,6
2024-02,2024,2,Mùa khô,Các bệnh viêm phổi - Pneumonia,D??i 1 tu?i,25
2024-02,2024,2,Mùa khô,Cúm - Influenza,1-5 tu?i,5
2024-02,2024,2,Mùa khô,Cúm - Influenza,D??i 1 tu?i,1
2024-02,2024,2,Mùa khô,Gãy các phần khác của chi do lao động và giao thông - Fracture of other lim bones,1-5 tu?i,1
2024-02,2024,2,Mùa khô,Gãy các phần khác của chi do lao động và giao thông - Fracture of other lim bones,11-15 tu?i,3
2024-02,2024,2,Mùa khô,Gãy các phần khác của chi do lao động và giao thông - Fracture of other lim bones,6-10 tu?i,1
2024-02,2024,2,Mùa khô,Gãy các phần khác của chi do lao động và giao thông - Fracture of other lim bones,D??i 1 tu?i,1
2024-02,2024,2,Mùa khô,Hen - Asthma,11-15 tu?i,2
2024-02,2024,2,Mùa khô,Hen - Asthma,6-10 tu?i,3
2024-02,2024,2,Mùa khô,Hậu quả của các nguyên nhân bên ngoài khác và không xác định - Other and unspecified effects of external causes,1-5 tu?i,4
2024-02,2024,2,Mùa khô,Hậu quả của các nguyên nhân bên ngoài khác và không xác định - Other and unspecified effects of external causes,6-10 tu?i,1
2024-02,2024,2,Mùa khô,Hậu quả của các nguyên nhân bên ngoài khác và không xác định - Other and unspecified effects of external causes,D??i 1 tu?i,2
2024-02,2024,2,Mùa khô,Không rõ nhóm bệnh,1-5 tu?i,5
2024-02,2024,2,Mùa khô,Không rõ nhóm bệnh,6-10 tu?i,1
2024-02,2024,2,Mùa khô,Không rõ nhóm bệnh,D??i 1 tu?i,1
2024-02,2024,2,Mùa khô,Thuỷ đậu và zôna - Varicella and Zoster,1-5 tu?i,4
2024-02,2024,2,Mùa khô,Thuỷ đậu và zôna - Varicella and Zoster,11-15 tu?i,1
2024-02,2024,2,Mùa khô,Thuỷ đậu và zôna - Varicella and Zoster,6-10 tu?i,2
2024-02,2024,2,Mùa khô,Thuỷ đậu và zôna - Varicella and Zoster,D??i 1 tu?i,1
2024-02,2024,2,Mùa khô,"Thừa bao qui đầu, hẹp và nghẹt bao qui đầu - Redundant prepuce, phimosis and paraphimosis",6-10 tu?i,3
2024-02,2024,2,Mùa khô,"Tắc liệt ruột và tắc ruột không do thoát vị - Paralytic ileus, intestinal obstruction without hernia",1-5 tu?i,1
2024-02,2024,2,Mùa khô,"Tắc liệt ruột và tắc ruột không do thoát vị - Paralytic ileus, intestinal obstruction without hernia",6-10 tu?i,3
2024-02,2024,2,Mùa khô,"Tổn thương chảy máu, bệnh khác của máu và cơ quan tạo máu - Haemorrhagic conditions and other diseases of blood, blood",1-5 tu?i,4
2024-02,2024,2,Mùa khô,"Tổn thương chảy máu, bệnh khác của máu và cơ quan tạo máu - Haemorrhagic conditions and other diseases of blood, blood",11-15 tu?i,1
2024-02,2024,2,Mùa khô,"Tổn thương chảy máu, bệnh khác của máu và cơ quan tạo máu - Haemorrhagic conditions and other diseases of blood, blood",D??i 1 tu?i,2
2024-02,2024,2,Mùa khô,Viêm cấp đường hô hấp trên khác - Other acute upper respiratory infections,1-5 tu?i,22
2024-02,2024,2,Mùa khô,Viêm cấp đường hô hấp trên khác - Other acute upper respiratory infections,6-10 tu?i,18
2024-02,2024,2,Mùa khô,Viêm cấp đường hô hấp trên khác - Other acute upper respiratory infections,D??i 1 tu?i,6
2024-02,2024,2,Mùa khô,Viêm họng và viêm amidan cấp - Acute pharyngitis and acute tonsillitis,1-5 tu?i,13
2024-02,2024,2,Mùa khô,Viêm họng và viêm amidan cấp - Acute pharyngitis and acute tonsillitis,11-15 tu?i,1
2024-02,2024,2,Mùa khô,Viêm họng và viêm amidan cấp - Acute pharyngitis and acute tonsillitis,6-10 tu?i,17
2024-02,2024,2,Mùa khô,Viêm họng và viêm amidan cấp - Acute pharyngitis and acute tonsillitis,D??i 1 tu?i,4
2024-02,2024,2,Mùa khô,Viêm phế quản và viêm tiểu phế quản cấp - Acute bronchitis and acute bronchiolitis,1-5 tu?i,38
2024-02,2024,2,Mùa khô,Viêm phế quản và viêm tiểu phế quản cấp - Acute bronchitis and acute bronchiolitis,11-15 tu?i,4
2024-02,2024,2,Mùa khô,Viêm phế quản và viêm tiểu phế quản cấp - Acute bronchitis and acute bronchiolitis,6-10 tu?i,5
2024-02,2024,2,Mùa khô,Viêm phế quản và viêm tiểu phế quản cấp - Acute bronchitis and acute bronchiolitis,D??i 1 tu?i,20
2024-02,2024,2,Mùa khô,Động kinh - Epilepsy,11-15 tu?i,1
2024-02,2024,2,Mùa khô,Động kinh - Epilepsy,6-10 tu?i,1
2024-02,2024,2,Mùa khô,"Ỉa chảy, viêm dạy dày, ruột non có nguồn gốc nhiễm khuẩn - Diarrhoea and gastroenteritis of presumed infectious origin.",1-5 tu?i,7
2024-02,2024,2,Mùa khô,"Ỉa chảy, viêm dạy dày, ruột non có nguồn gốc nhiễm khuẩn - Diarrhoea and gastroenteritis of presumed infectious origin.",11-15 tu?i,2
2024-02,2024,2,Mùa khô,"Ỉa chảy, viêm dạy dày, ruột non có nguồn gốc nhiễm khuẩn - Diarrhoea and gastroenteritis of presumed infectious origin.",6-10 tu?i,4
2024-02,2024,2,Mùa khô,"Ỉa chảy, viêm dạy dày, ruột non có nguồn gốc nhiễm khuẩn - Diarrhoea and gastroenteritis of presumed infectious origin.",D??i 1 tu?i,12
2024-03,2024,3,Mùa khô,Bệnh khác của ruột non và màng bụng - Other diseases of intestine peritoneum,1-5 tu?i,11
2024-03,2024,3,Mùa khô,Bệnh khác của ruột non và màng bụng - Other diseases of intestine peritoneum,11-15 tu?i,1
2024-03,2024,3,Mùa khô,Bệnh khác của ruột non và màng bụng - Other diseases of intestine peritoneum,6-10 tu?i,3
2024-03,2024,3,Mùa khô,Bệnh khác của ruột non và màng bụng - Other diseases of intestine peritoneum,D??i 1 tu?i,3
2024-03,2024,3,Mùa khô,"Bệnh khác của thực quản, dạ dày và tá tràng - Other diseases of oesophagus, stomach, duodenum",1-5 tu?i,1
2024-03,2024,3,Mùa khô,"Bệnh khác của thực quản, dạ dày và tá tràng - Other diseases of oesophagus, stomach, duodenum",11-15 tu?i,2
2024-03,2024,3,Mùa khô,"Bệnh khác của thực quản, dạ dày và tá tràng - Other diseases of oesophagus, stomach, duodenum",6-10 tu?i,2
2024-03,2024,3,Mùa khô,"Bệnh khác của thực quản, dạ dày và tá tràng - Other diseases of oesophagus, stomach, duodenum",D??i 1 tu?i,1
2024-03,2024,3,Mùa khô,Bệnh virut khác - Other viral diseases,1-5 tu?i,18
2024-03,2024,3,Mùa khô,Bệnh virut khác - Other viral diseases,11-15 tu?i,1
2024-03,2024,3,Mùa khô,Bệnh virut khác - Other viral diseases,6-10 tu?i,7
2024-03,2024,3,Mùa khô,Bệnh virut khác - Other viral diseases,D??i 1 tu?i,13
2024-03,2024,3,Mùa khô,Các bệnh nhiễm khuẩn ruột khác - Other intestinal infectious diseases,1-5 tu?i,4
2024-03,2024,3,Mùa khô,Các bệnh nhiễm khuẩn ruột khác - Other intestinal infectious diseases,6-10 tu?i,4
2024-03,2024,3,Mùa khô,Các bệnh viêm phổi - Pneumonia,1-5 tu?i,15
2024-03,2024,3,Mùa khô,Các bệnh viêm phổi - Pneumonia,11-15 tu?i,1
2024-03,2024,3,Mùa khô,Các bệnh viêm phổi - Pneumonia,6-10 tu?i,6
2024-03,2024,3,Mùa khô,Các bệnh viêm phổi - Pneumonia,D??i 1 tu?i,17
2024-03,2024,3,Mùa khô,Cúm - Influenza,1-5 tu?i,7
2024-03,2024,3,Mùa khô,Cúm - Influenza,6-10 tu?i,3
2024-03,2024,3,Mùa khô,Gãy các phần khác của chi do lao động và giao thông - Fracture of other lim bones,1-5 tu?i,3
2024-03,2024,3,Mùa khô,Gãy các phần khác của chi do lao động và giao thông - Fracture of other lim bones,11-15 tu?i,1
2024-03,2024,3,Mùa khô,Gãy các phần khác của chi do lao động và giao thông - Fracture of other lim bones,6-10 tu?i,4
2024-03,2024,3,Mùa khô,Gãy các phần khác của chi do lao động và giao thông - Fracture of other lim bones,D??i 1 tu?i,1
2024-03,2024,3,Mùa khô,Hen - Asthma,11-15 tu?i,5
2024-03,2024,3,Mùa khô,Hen - Asthma,6-10 tu?i,3
2024-03,2024,3,Mùa khô,Hen - Asthma,D??i 1 tu?i,1
2024-03,2024,3,Mùa khô,Hậu quả của các nguyên nhân bên ngoài khác và không xác định - Other and unspecified effects of external causes,1-5 tu?i,1
2024-03,2024,3,Mùa khô,Hậu quả của các nguyên nhân bên ngoài khác và không xác định - Other and unspecified effects of external causes,6-10 tu?i,2
2024-03,2024,3,Mùa khô,Không rõ nhóm bệnh,1-5 tu?i,5
2024-03,2024,3,Mùa khô,Không rõ nhóm bệnh,D??i 1 tu?i,3
2024-03,2024,3,Mùa khô,Thuỷ đậu và zôna - Varicella and Zoster,1-5 tu?i,2
2024-03,2024,3,Mùa khô,Thuỷ đậu và zôna - Varicella and Zoster,11-15 tu?i,1
2024-03,2024,3,Mùa khô,Thuỷ đậu và zôna - Varicella and Zoster,6-10 tu?i,2
2024-03,2024,3,Mùa khô,Thuỷ đậu và zôna - Varicella and Zoster,D??i 1 tu?i,2
2024-03,2024,3,Mùa khô,"Thừa bao qui đầu, hẹp và nghẹt bao qui đầu - Redundant prepuce, phimosis and paraphimosis",1-5 tu?i,4
2024-03,2024,3,Mùa khô,"Thừa bao qui đầu, hẹp và nghẹt bao qui đầu - Redundant prepuce, phimosis and paraphimosis",6-10 tu?i,2
2024-03,2024,3,Mùa khô,"Tắc liệt ruột và tắc ruột không do thoát vị - Paralytic ileus, intestinal obstruction without hernia",1-5 tu?i,2
2024-03,2024,3,Mùa khô,"Tắc liệt ruột và tắc ruột không do thoát vị - Paralytic ileus, intestinal obstruction without hernia",6-10 tu?i,2
2024-03,2024,3,Mùa khô,"Tổn thương chảy máu, bệnh khác của máu và cơ quan tạo máu - Haemorrhagic conditions and other diseases of blood, blood",1-5 tu?i,4
2024-03,2024,3,Mùa khô,Viêm cấp đường hô hấp trên khác - Other acute upper respiratory infections,1-5 tu?i,19
2024-03,2024,3,Mùa khô,Viêm cấp đường hô hấp trên khác - Other acute upper respiratory infections,11-15 tu?i,1
2024-03,2024,3,Mùa khô,Viêm cấp đường hô hấp trên khác - Other acute upper respiratory infections,6-10 tu?i,17
2024-03,2024,3,Mùa khô,Viêm cấp đường hô hấp trên khác - Other acute upper respiratory infections,D??i 1 tu?i,3
2024-03,2024,3,Mùa khô,Viêm họng và viêm amidan cấp - Acute pharyngitis and acute tonsillitis,1-5 tu?i,17
2024-03,2024,3,Mùa khô,Viêm họng và viêm amidan cấp - Acute pharyngitis and acute tonsillitis,11-15 tu?i,1
2024-03,2024,3,Mùa khô,Viêm họng và viêm amidan cấp - Acute pharyngitis and acute tonsillitis,6-10 tu?i,8
2024-03,2024,3,Mùa khô,Viêm họng và viêm amidan cấp - Acute pharyngitis and acute tonsillitis,D??i 1 tu?i,1
2024-03,2024,3,Mùa khô,Viêm phế quản và viêm tiểu phế quản cấp - Acute bronchitis and acute bronchiolitis,1-5 tu?i,33
2024-03,2024,3,Mùa khô,Viêm phế quản và viêm tiểu phế quản cấp - Acute bronchitis and acute bronchiolitis,11-15 tu?i,1
2024-03,2024,3,Mùa khô,Viêm phế quản và viêm tiểu phế quản cấp - Acute bronchitis and acute bronchiolitis,6-10 tu?i,3
2024-03,2024,3,Mùa khô,Viêm phế quản và viêm tiểu phế quản cấp - Acute bronchitis and acute bronchiolitis,D??i 1 tu?i,25
2024-03,2024,3,Mùa khô,Động kinh - Epilepsy,11-15 tu?i,1
2024-03,2024,3,Mùa khô,Động kinh - Epilepsy,6-10 tu?i,1
2024-03,2024,3,Mùa khô,Động kinh - Epilepsy,D??i 1 tu?i,1
2024-03,2024,3,Mùa khô,"Ỉa chảy, viêm dạy dày, ruột non có nguồn gốc nhiễm khuẩn - Diarrhoea and gastroenteritis of presumed infectious origin.",1-5 tu?i,11
2024-03,2024,3,Mùa khô,"Ỉa chảy, viêm dạy dày, ruột non có nguồn gốc nhiễm khuẩn - Diarrhoea and gastroenteritis of presumed infectious origin.",11-15 tu?i,1
2024-03,2024,3,Mùa khô,"Ỉa chảy, viêm dạy dày, ruột non có nguồn gốc nhiễm khuẩn - Diarrhoea and gastroenteritis of presumed infectious origin.",6-10 tu?i,3
2024-03,2024,3,Mùa khô,"Ỉa chảy, viêm dạy dày, ruột non có nguồn gốc nhiễm khuẩn - Diarrhoea and gastroenteritis of presumed infectious origin.",D??i 1 tu?i,5
2024-04,2024,4,Mùa khô,Bệnh khác của ruột non và màng bụng - Other diseases of intestine peritoneum,1-5 tu?i,10
2024-04,2024,4,Mùa khô,Bệnh khác của ruột non và màng bụng - Other diseases of intestine peritoneum,6-10 tu?i,3
2024-04,2024,4,Mùa khô,"Bệnh khác của thực quản, dạ dày và tá tràng - Other diseases of oesophagus, stomach, duodenum",1-5 tu?i,1
2024-04,2024,4,Mùa khô,"Bệnh khác của thực quản, dạ dày và tá tràng - Other diseases of oesophagus, stomach, duodenum",11-15 tu?i,1
2024-04,2024,4,Mùa khô,"Bệnh khác của thực quản, dạ dày và tá tràng - Other diseases of oesophagus, stomach, duodenum",6-10 tu?i,2
2024-04,2024,4,Mùa khô,Bệnh virut khác - Other viral diseases,1-5 tu?i,26
2024-04,2024,4,Mùa khô,Bệnh virut khác - Other viral diseases,11-15 tu?i,1
2024-04,2024,4,Mùa khô,Bệnh virut khác - Other viral diseases,6-10 tu?i,5
2024-04,2024,4,Mùa khô,Bệnh virut khác - Other viral diseases,D??i 1 tu?i,9
2024-04,2024,4,Mùa khô,Các bệnh nhiễm khuẩn ruột khác - Other intestinal infectious diseases,1-5 tu?i,3
2024-04,2024,4,Mùa khô,Các bệnh nhiễm khuẩn ruột khác - Other intestinal infectious diseases,11-15 tu?i,1
2024-04,2024,4,Mùa khô,Các bệnh nhiễm khuẩn ruột khác - Other intestinal infectious diseases,6-10 tu?i,2
2024-04,2024,4,Mùa khô,Các bệnh nhiễm khuẩn ruột khác - Other intestinal infectious diseases,D??i 1 tu?i,1
2024-04,2024,4,Mùa khô,Các bệnh viêm phổi - Pneumonia,1-5 tu?i,19
2024-04,2024,4,Mùa khô,Các bệnh viêm phổi - Pneumonia,11-15 tu?i,2
2024-04,2024,4,Mùa khô,Các bệnh viêm phổi - Pneumonia,6-10 tu?i,2
2024-04,2024,4,Mùa khô,Các bệnh viêm phổi - Pneumonia,D??i 1 tu?i,10
2024-04,2024,4,Mùa khô,Cúm - Influenza,1-5 tu?i,7
2024-04,2024,4,Mùa khô,Cúm - Influenza,6-10 tu?i,8
2024-04,2024,4,Mùa khô,Cúm - Influenza,D??i 1 tu?i,3
2024-04,2024,4,Mùa khô,Gãy các phần khác của chi do lao động và giao thông - Fracture of other lim bones,1-5 tu?i,3
2024-04,2024,4,Mùa khô,Gãy các phần khác của chi do lao động và giao thông - Fracture of other lim bones,11-15 tu?i,2
2024-04,2024,4,Mùa khô,Gãy các phần khác của chi do lao động và giao thông - Fracture of other lim bones,6-10 tu?i,2
2024-04,2024,4,Mùa khô,Hen - Asthma,1-5 tu?i,1
2024-04,2024,4,Mùa khô,Hen - Asthma,6-10 tu?i,2
2024-04,2024,4,Mùa khô,Hậu quả của các nguyên nhân bên ngoài khác và không xác định - Other and unspecified effects of external causes,1-5 tu?i,4
2024-04,2024,4,Mùa khô,Hậu quả của các nguyên nhân bên ngoài khác và không xác định - Other and unspecified effects of external causes,11-15 tu?i,1
2024-04,2024,4,Mùa khô,Hậu quả của các nguyên nhân bên ngoài khác và không xác định - Other and unspecified effects of external causes,6-10 tu?i,4
2024-04,2024,4,Mùa khô,Không rõ nhóm bệnh,1-5 tu?i,8
2024-04,2024,4,Mùa khô,Không rõ nhóm bệnh,11-15 tu?i,1
2024-04,2024,4,Mùa khô,Không rõ nhóm bệnh,6-10 tu?i,1
2024-04,2024,4,Mùa khô,Không rõ nhóm bệnh,D??i 1 tu?i,4
2024-04,2024,4,Mùa khô,Thuỷ đậu và zôna - Varicella and Zoster,1-5 tu?i,2
2024-04,2024,4,Mùa khô,Thuỷ đậu và zôna - Varicella and Zoster,6-10 tu?i,8
2024-04,2024,4,Mùa khô,"Thừa bao qui đầu, hẹp và nghẹt bao qui đầu - Redundant prepuce, phimosis and paraphimosis",1-5 tu?i,1
2024-04,2024,4,Mùa khô,"Thừa bao qui đầu, hẹp và nghẹt bao qui đầu - Redundant prepuce, phimosis and paraphimosis",6-10 tu?i,1
2024-04,2024,4,Mùa khô,"Tắc liệt ruột và tắc ruột không do thoát vị - Paralytic ileus, intestinal obstruction without hernia",1-5 tu?i,2
2024-04,2024,4,Mùa khô,"Tắc liệt ruột và tắc ruột không do thoát vị - Paralytic ileus, intestinal obstruction without hernia",6-10 tu?i,4
2024-04,2024,4,Mùa khô,"Tổn thương chảy máu, bệnh khác của máu và cơ quan tạo máu - Haemorrhagic conditions and other diseases of blood, blood",1-5 tu?i,1
2024-04,2024,4,Mùa khô,"Tổn thương chảy máu, bệnh khác của máu và cơ quan tạo máu - Haemorrhagic conditions and other diseases of blood, blood",11-15 tu?i,1
2024-04,2024,4,Mùa khô,"Tổn thương chảy máu, bệnh khác của máu và cơ quan tạo máu - Haemorrhagic conditions and other diseases of blood, blood",6-10 tu?i,2
2024-04,2024,4,Mùa khô,"Tổn thương chảy máu, bệnh khác của máu và cơ quan tạo máu - Haemorrhagic conditions and other diseases of blood, blood",D??i 1 tu?i,1
2024-04,2024,4,Mùa khô,Viêm cấp đường hô hấp trên khác - Other acute upper respiratory infections,1-5 tu?i,22
2024-04,2024,4,Mùa khô,Viêm cấp đường hô hấp trên khác - Other acute upper respiratory infections,6-10 tu?i,17
2024-04,2024,4,Mùa khô,Viêm cấp đường hô hấp trên khác - Other acute upper respiratory infections,D??i 1 tu?i,5
2024-04,2024,4,Mùa khô,Viêm họng và viêm amidan cấp - Acute pharyngitis and acute tonsillitis,1-5 tu?i,14
2024-04,2024,4,Mùa khô,Viêm họng và viêm amidan cấp - Acute pharyngitis and acute tonsillitis,6-10 tu?i,8
2024-04,2024,4,Mùa khô,Viêm họng và viêm amidan cấp - Acute pharyngitis and acute tonsillitis,D??i 1 tu?i,1
2024-04,2024,4,Mùa khô,Viêm phế quản và viêm tiểu phế quản cấp - Acute bronchitis and acute bronchiolitis,1-5 tu?i,27
2024-04,2024,4,Mùa khô,Viêm phế quản và viêm tiểu phế quản cấp - Acute bronchitis and acute bronchiolitis,6-10 tu?i,5
2024-04,2024,4,Mùa khô,Viêm phế quản và viêm tiểu phế quản cấp - Acute bronchitis and acute bronchiolitis,D??i 1 tu?i,18
2024-04,2024,4,Mùa khô,Động kinh - Epilepsy,1-5 tu?i,1
2024-04,2024,4,Mùa khô,Động kinh - Epilepsy,11-15 tu?i,3
2024-04,2024,4,Mùa khô,Động kinh - Epilepsy,6-10 tu?i,3
2024-04,2024,4,Mùa khô,"Ỉa chảy, viêm dạy dày, ruột non có nguồn gốc nhiễm khuẩn - Diarrhoea and gastroenteritis of presumed infectious origin.",1-5 tu?i,13
2024-04,2024,4,Mùa khô,"Ỉa chảy, viêm dạy dày, ruột non có nguồn gốc nhiễm khuẩn - Diarrhoea and gastroenteritis of presumed infectious origin.",11-15 tu?i,2
2024-04,2024,4,Mùa khô,"Ỉa chảy, viêm dạy dày, ruột non có nguồn gốc nhiễm khuẩn - Diarrhoea and gastroenteritis of presumed infectious origin.",6-10 tu?i,2
2024-04,2024,4,Mùa khô,"Ỉa chảy, viêm dạy dày, ruột non có nguồn gốc nhiễm khuẩn - Diarrhoea and gastroenteritis of presumed infectious origin.",D??i 1 tu?i,11
2024-05,2024,5,Mùa mưa,Bệnh khác của ruột non và màng bụng - Other diseases of intestine peritoneum,1-5 tu?i,12
2024-05,2024,5,Mùa mưa,Bệnh khác của ruột non và màng bụng - Other diseases of intestine peritoneum,6-10 tu?i,5
2024-05,2024,5,Mùa mưa,Bệnh khác của ruột non và màng bụng - Other diseases of intestine peritoneum,D??i 1 tu?i,2
2024-05,2024,5,Mùa mưa,"Bệnh khác của thực quản, dạ dày và tá tràng - Other diseases of oesophagus, stomach, duodenum",1-5 tu?i,3
2024-05,2024,5,Mùa mưa,"Bệnh khác của thực quản, dạ dày và tá tràng - Other diseases of oesophagus, stomach, duodenum",11-15 tu?i,5
2024-05,2024,5,Mùa mưa,"Bệnh khác của thực quản, dạ dày và tá tràng - Other diseases of oesophagus, stomach, duodenum",6-10 tu?i,5
2024-05,2024,5,Mùa mưa,Bệnh virut khác - Other viral diseases,1-5 tu?i,31
2024-05,2024,5,Mùa mưa,Bệnh virut khác - Other viral diseases,11-15 tu?i,1
2024-05,2024,5,Mùa mưa,Bệnh virut khác - Other viral diseases,6-10 tu?i,3
2024-05,2024,5,Mùa mưa,Bệnh virut khác - Other viral diseases,D??i 1 tu?i,15
2024-05,2024,5,Mùa mưa,Các bệnh nhiễm khuẩn ruột khác - Other intestinal infectious diseases,1-5 tu?i,9
2024-05,2024,5,Mùa mưa,Các bệnh nhiễm khuẩn ruột khác - Other intestinal infectious diseases,11-15 tu?i,1
2024-05,2024,5,Mùa mưa,Các bệnh nhiễm khuẩn ruột khác - Other intestinal infectious diseases,6-10 tu?i,9
2024-05,2024,5,Mùa mưa,Các bệnh nhiễm khuẩn ruột khác - Other intestinal infectious diseases,D??i 1 tu?i,1
2024-05,2024,5,Mùa mưa,Các bệnh viêm phổi - Pneumonia,1-5 tu?i,14
2024-05,2024,5,Mùa mưa,Các bệnh viêm phổi - Pneumonia,11-15 tu?i,1
2024-05,2024,5,Mùa mưa,Các bệnh viêm phổi - Pneumonia,6-10 tu?i,4
2024-05,2024,5,Mùa mưa,Các bệnh viêm phổi - Pneumonia,D??i 1 tu?i,7
2024-05,2024,5,Mùa mưa,Cúm - Influenza,1-5 tu?i,2
2024-05,2024,5,Mùa mưa,Cúm - Influenza,6-10 tu?i,5
2024-05,2024,5,Mùa mưa,Gãy các phần khác của chi do lao động và giao thông - Fracture of other lim bones,11-15 tu?i,3
2024-05,2024,5,Mùa mưa,Gãy các phần khác của chi do lao động và giao thông - Fracture of other lim bones,6-10 tu?i,2
2024-05,2024,5,Mùa mưa,Hen - Asthma,1-5 tu?i,2
2024-05,2024,5,Mùa mưa,Hen - Asthma,11-15 tu?i,6
2024-05,2024,5,Mùa mưa,Hen - Asthma,6-10 tu?i,6
2024-05,2024,5,Mùa mưa,Hen - Asthma,D??i 1 tu?i,1
2024-05,2024,5,Mùa mưa,Hậu quả của các nguyên nhân bên ngoài khác và không xác định - Other and unspecified effects of external causes,1-5 tu?i,8
2024-05,2024,5,Mùa mưa,Hậu quả của các nguyên nhân bên ngoài khác và không xác định - Other and unspecified effects of external causes,6-10 tu?i,1
2024-05,2024,5,Mùa mưa,Hậu quả của các nguyên nhân bên ngoài khác và không xác định - Other and unspecified effects of external causes,D??i 1 tu?i,1
2024-05,2024,5,Mùa mưa,Không rõ nhóm bệnh,1-5 tu?i,6
2024-05,2024,5,Mùa mưa,Không rõ nhóm bệnh,6-10 tu?i,1
2024-05,2024,5,Mùa mưa,Không rõ nhóm bệnh,D??i 1 tu?i,6
2024-05,2024,5,Mùa mưa,Thuỷ đậu và zôna - Varicella and Zoster,1-5 tu?i,1
2024-05,2024,5,Mùa mưa,Thuỷ đậu và zôna - Varicella and Zoster,11-15 tu?i,1
2024-05,2024,5,Mùa mưa,Thuỷ đậu và zôna - Varicella and Zoster,6-10 tu?i,3
2024-05,2024,5,Mùa mưa,"Thừa bao qui đầu, hẹp và nghẹt bao qui đầu - Redundant prepuce, phimosis and paraphimosis",1-5 tu?i,1
2024-05,2024,5,Mùa mưa,"Thừa bao qui đầu, hẹp và nghẹt bao qui đầu - Redundant prepuce, phimosis and paraphimosis",6-10 tu?i,1
2024-05,2024,5,Mùa mưa,"Tắc liệt ruột và tắc ruột không do thoát vị - Paralytic ileus, intestinal obstruction without hernia",1-5 tu?i,6
2024-05,2024,5,Mùa mưa,"Tắc liệt ruột và tắc ruột không do thoát vị - Paralytic ileus, intestinal obstruction without hernia",11-15 tu?i,1
2024-05,2024,5,Mùa mưa,"Tổn thương chảy máu, bệnh khác của máu và cơ quan tạo máu - Haemorrhagic conditions and other diseases of blood, blood",1-5 tu?i,5
2024-05,2024,5,Mùa mưa,"Tổn thương chảy máu, bệnh khác của máu và cơ quan tạo máu - Haemorrhagic conditions and other diseases of blood, blood",6-10 tu?i,2
2024-05,2024,5,Mùa mưa,Viêm cấp đường hô hấp trên khác - Other acute upper respiratory infections,1-5 tu?i,19
2024-05,2024,5,Mùa mưa,Viêm cấp đường hô hấp trên khác - Other acute upper respiratory infections,6-10 tu?i,7
2024-05,2024,5,Mùa mưa,Viêm cấp đường hô hấp trên khác - Other acute upper respiratory infections,D??i 1 tu?i,3
2024-05,2024,5,Mùa mưa,Viêm họng và viêm amidan cấp - Acute pharyngitis and acute tonsillitis,1-5 tu?i,8
2024-05,2024,5,Mùa mưa,Viêm họng và viêm amidan cấp - Acute pharyngitis and acute tonsillitis,11-15 tu?i,2
2024-05,2024,5,Mùa mưa,Viêm họng và viêm amidan cấp - Acute pharyngitis and acute tonsillitis,6-10 tu?i,8
2024-05,2024,5,Mùa mưa,Viêm họng và viêm amidan cấp - Acute pharyngitis and acute tonsillitis,D??i 1 tu?i,3
2024-05,2024,5,Mùa mưa,Viêm phế quản và viêm tiểu phế quản cấp - Acute bronchitis and acute bronchiolitis,1-5 tu?i,12
2024-05,2024,5,Mùa mưa,Viêm phế quản và viêm tiểu phế quản cấp - Acute bronchitis and acute bronchiolitis,11-15 tu?i,2
2024-05,2024,5,Mùa mưa,Viêm phế quản và viêm tiểu phế quản cấp - Acute bronchitis and acute bronchiolitis,6-10 tu?i,4
2024-05,2024,5,Mùa mưa,Viêm phế quản và viêm tiểu phế quản cấp - Acute bronchitis and acute bronchiolitis,D??i 1 tu?i,10
2024-05,2024,5,Mùa mưa,Động kinh - Epilepsy,11-15 tu?i,1
2024-05,2024,5,Mùa mưa,Động kinh - Epilepsy,6-10 tu?i,2
2024-05,2024,5,Mùa mưa,"Ỉa chảy, viêm dạy dày, ruột non có nguồn gốc nhiễm khuẩn - Diarrhoea and gastroenteritis of presumed infectious origin.",1-5 tu?i,21
2024-05,2024,5,Mùa mưa,"Ỉa chảy, viêm dạy dày, ruột non có nguồn gốc nhiễm khuẩn - Diarrhoea and gastroenteritis of presumed infectious origin.",6-10 tu?i,3
2024-05,2024,5,Mùa mưa,"Ỉa chảy, viêm dạy dày, ruột non có nguồn gốc nhiễm khuẩn - Diarrhoea and gastroenteritis of presumed infectious origin.",D??i 1 tu?i,21
2024-06,2024,6,Mùa mưa,Bệnh khác của ruột non và màng bụng - Other diseases of intestine peritoneum,1-5 tu?i,3
2024-06,2024,6,Mùa mưa,Bệnh khác của ruột non và màng bụng - Other diseases of intestine peritoneum,11-15 tu?i,2
2024-06,2024,6,Mùa mưa,Bệnh khác của ruột non và màng bụng - Other diseases of intestine peritoneum,6-10 tu?i,6
2024-06,2024,6,Mùa mưa,Bệnh khác của ruột non và màng bụng - Other diseases of intestine peritoneum,D??i 1 tu?i,2
2024-06,2024,6,Mùa mưa,"Bệnh khác của thực quản, dạ dày và tá tràng - Other diseases of oesophagus, stomach, duodenum",1-5 tu?i,3
2024-06,2024,6,Mùa mưa,"Bệnh khác của thực quản, dạ dày và tá tràng - Other diseases of oesophagus, stomach, duodenum",11-15 tu?i,3
2024-06,2024,6,Mùa mưa,"Bệnh khác của thực quản, dạ dày và tá tràng - Other diseases of oesophagus, stomach, duodenum",6-10 tu?i,3
2024-06,2024,6,Mùa mưa,"Bệnh khác của thực quản, dạ dày và tá tràng - Other diseases of oesophagus, stomach, duodenum",D??i 1 tu?i,1
2024-06,2024,6,Mùa mưa,Bệnh virut khác - Other viral diseases,1-5 tu?i,16
2024-06,2024,6,Mùa mưa,Bệnh virut khác - Other viral diseases,6-10 tu?i,5
2024-06,2024,6,Mùa mưa,Bệnh virut khác - Other viral diseases,D??i 1 tu?i,7
2024-06,2024,6,Mùa mưa,Các bệnh nhiễm khuẩn ruột khác - Other intestinal infectious diseases,1-5 tu?i,5
2024-06,2024,6,Mùa mưa,Các bệnh nhiễm khuẩn ruột khác - Other intestinal infectious diseases,11-15 tu?i,1
2024-06,2024,6,Mùa mưa,Các bệnh nhiễm khuẩn ruột khác - Other intestinal infectious diseases,6-10 tu?i,10
2024-06,2024,6,Mùa mưa,Các bệnh nhiễm khuẩn ruột khác - Other intestinal infectious diseases,D??i 1 tu?i,2
2024-06,2024,6,Mùa mưa,Các bệnh viêm phổi - Pneumonia,1-5 tu?i,8
2024-06,2024,6,Mùa mưa,Các bệnh viêm phổi - Pneumonia,D??i 1 tu?i,17
2024-06,2024,6,Mùa mưa,Cúm - Influenza,1-5 tu?i,5
2024-06,2024,6,Mùa mưa,Cúm - Influenza,6-10 tu?i,2
2024-06,2024,6,Mùa mưa,Cúm - Influenza,D??i 1 tu?i,1
2024-06,2024,6,Mùa mưa,Gãy các phần khác của chi do lao động và giao thông - Fracture of other lim bones,1-5 tu?i,3
2024-06,2024,6,Mùa mưa,Gãy các phần khác của chi do lao động và giao thông - Fracture of other lim bones,11-15 tu?i,4
2024-06,2024,6,Mùa mưa,Gãy các phần khác của chi do lao động và giao thông - Fracture of other lim bones,6-10 tu?i,10
2024-06,2024,6,Mùa mưa,Hen - Asthma,11-15 tu?i,3
2024-06,2024,6,Mùa mưa,Hen - Asthma,6-10 tu?i,2
2024-06,2024,6,Mùa mưa,Hậu quả của các nguyên nhân bên ngoài khác và không xác định - Other and unspecified effects of external causes,1-5 tu?i,5
2024-06,2024,6,Mùa mưa,Hậu quả của các nguyên nhân bên ngoài khác và không xác định - Other and unspecified effects of external causes,6-10 tu?i,6
2024-06,2024,6,Mùa mưa,Hậu quả của các nguyên nhân bên ngoài khác và không xác định - Other and unspecified effects of external causes,D??i 1 tu?i,1
2024-06,2024,6,Mùa mưa,Không rõ nhóm bệnh,1-5 tu?i,4
2024-06,2024,6,Mùa mưa,Thuỷ đậu và zôna - Varicella and Zoster,1-5 tu?i,2
2024-06,2024,6,Mùa mưa,Thuỷ đậu và zôna - Varicella and Zoster,6-10 tu?i,1
2024-06,2024,6,Mùa mưa,Thuỷ đậu và zôna - Varicella and Zoster,D??i 1 tu?i,2
2024-06,2024,6,Mùa mưa,"Thừa bao qui đầu, hẹp và nghẹt bao qui đầu - Redundant prepuce, phimosis and paraphimosis",1-5 tu?i,2
2024-06,2024,6,Mùa mưa,"Thừa bao qui đầu, hẹp và nghẹt bao qui đầu - Redundant prepuce, phimosis and paraphimosis",6-10 tu?i,1
2024-06,2024,6,Mùa mưa,"Thừa bao qui đầu, hẹp và nghẹt bao qui đầu - Redundant prepuce, phimosis and paraphimosis",D??i 1 tu?i,1
2024-06,2024,6,Mùa mưa,"Tắc liệt ruột và tắc ruột không do thoát vị - Paralytic ileus, intestinal obstruction without hernia",1-5 tu?i,2
2024-06,2024,6,Mùa mưa,"Tắc liệt ruột và tắc ruột không do thoát vị - Paralytic ileus, intestinal obstruction without hernia",6-10 tu?i,1
2024-06,2024,6,Mùa mưa,"Tắc liệt ruột và tắc ruột không do thoát vị - Paralytic ileus, intestinal obstruction without hernia",D??i 1 tu?i,2
2024-06,2024,6,Mùa mưa,"Tổn thương chảy máu, bệnh khác của máu và cơ quan tạo máu - Haemorrhagic conditions and other diseases of blood, blood",6-10 tu?i,6
2024-06,2024,6,Mùa mưa,Viêm cấp đường hô hấp trên khác - Other acute upper respiratory infections,1-5 tu?i,15
2024-06,2024,6,Mùa mưa,Viêm cấp đường hô hấp trên khác - Other acute upper respiratory infections,11-15 tu?i,1
2024-06,2024,6,Mùa mưa,Viêm cấp đường hô hấp trên khác - Other acute upper respiratory infections,6-10 tu?i,18
2024-06,2024,6,Mùa mưa,Viêm cấp đường hô hấp trên khác - Other acute upper respiratory infections,D??i 1 tu?i,3
2024-06,2024,6,Mùa mưa,Viêm họng và viêm amidan cấp - Acute pharyngitis and acute tonsillitis,1-5 tu?i,8
2024-06,2024,6,Mùa mưa,Viêm họng và viêm amidan cấp - Acute pharyngitis and acute tonsillitis,11-15 tu?i,2
2024-06,2024,6,Mùa mưa,Viêm họng và viêm amidan cấp - Acute pharyngitis and acute tonsillitis,6-10 tu?i,9
2024-06,2024,6,Mùa mưa,Viêm họng và viêm amidan cấp - Acute pharyngitis and acute tonsillitis,D??i 1 tu?i,3
2024-06,2024,6,Mùa mưa,Viêm phế quản và viêm tiểu phế quản cấp - Acute bronchitis and acute bronchiolitis,1-5 tu?i,22
2024-06,2024,6,Mùa mưa,Viêm phế quản và viêm tiểu phế quản cấp - Acute bronchitis and acute bronchiolitis,11-15 tu?i,2
2024-06,2024,6,Mùa mưa,Viêm phế quản và viêm tiểu phế quản cấp - Acute bronchitis and acute bronchiolitis,6-10 tu?i,2
2024-06,2024,6,Mùa mưa,Viêm phế quản và viêm tiểu phế quản cấp - Acute bronchitis and acute bronchiolitis,D??i 1 tu?i,17
2024-06,2024,6,Mùa mưa,Động kinh - Epilepsy,1-5 tu?i,2
2024-06,2024,6,Mùa mưa,Động kinh - Epilepsy,6-10 tu?i,3
2024-06,2024,6,Mùa mưa,Động kinh - Epilepsy,D??i 1 tu?i,1
2024-06,2024,6,Mùa mưa,"Ỉa chảy, viêm dạy dày, ruột non có nguồn gốc nhiễm khuẩn - Diarrhoea and gastroenteritis of presumed infectious origin.",1-5 tu?i,17
2024-06,2024,6,Mùa mưa,"Ỉa chảy, viêm dạy dày, ruột non có nguồn gốc nhiễm khuẩn - Diarrhoea and gastroenteritis of presumed infectious origin.",11-15 tu?i,1
2024-06,2024,6,Mùa mưa,"Ỉa chảy, viêm dạy dày, ruột non có nguồn gốc nhiễm khuẩn - Diarrhoea and gastroenteritis of presumed infectious origin.",6-10 tu?i,3
2024-06,2024,6,Mùa mưa,"Ỉa chảy, viêm dạy dày, ruột non có nguồn gốc nhiễm khuẩn - Diarrhoea and gastroenteritis of presumed infectious origin.",D??i 1 tu?i,31
2024-07,2024,7,Mùa mưa,Bệnh khác của ruột non và màng bụng - Other diseases of intestine peritoneum,1-5 tu?i,6
2024-07,2024,7,Mùa mưa,Bệnh khác của ruột non và màng bụng - Other diseases of intestine peritoneum,11-15 tu?i,1
2024-07,2024,7,Mùa mưa,Bệnh khác của ruột non và màng bụng - Other diseases of intestine peritoneum,6-10 tu?i,7
2024-07,2024,7,Mùa mưa,Bệnh khác của ruột non và màng bụng - Other diseases of intestine peritoneum,D??i 1 tu?i,1
2024-07,2024,7,Mùa mưa,"Bệnh khác của thực quản, dạ dày và tá tràng - Other diseases of oesophagus, stomach, duodenum",1-5 tu?i,2
2024-07,2024,7,Mùa mưa,"Bệnh khác của thực quản, dạ dày và tá tràng - Other diseases of oesophagus, stomach, duodenum",11-15 tu?i,7
2024-07,2024,7,Mùa mưa,"Bệnh khác của thực quản, dạ dày và tá tràng - Other diseases of oesophagus, stomach, duodenum",6-10 tu?i,1
2024-07,2024,7,Mùa mưa,"Bệnh khác của thực quản, dạ dày và tá tràng - Other diseases of oesophagus, stomach, duodenum",D??i 1 tu?i,1
2024-07,2024,7,Mùa mưa,Bệnh virut khác - Other viral diseases,1-5 tu?i,14
2024-07,2024,7,Mùa mưa,Bệnh virut khác - Other viral diseases,6-10 tu?i,2
2024-07,2024,7,Mùa mưa,Bệnh virut khác - Other viral diseases,D??i 1 tu?i,9
2024-07,2024,7,Mùa mưa,Các bệnh nhiễm khuẩn ruột khác - Other intestinal infectious diseases,1-5 tu?i,5
2024-07,2024,7,Mùa mưa,Các bệnh nhiễm khuẩn ruột khác - Other intestinal infectious diseases,6-10 tu?i,9
2024-07,2024,7,Mùa mưa,Các bệnh viêm phổi - Pneumonia,1-5 tu?i,17
2024-07,2024,7,Mùa mưa,Các bệnh viêm phổi - Pneumonia,11-15 tu?i,1
2024-07,2024,7,Mùa mưa,Các bệnh viêm phổi - Pneumonia,6-10 tu?i,3
2024-07,2024,7,Mùa mưa,Các bệnh viêm phổi - Pneumonia,D??i 1 tu?i,12
2024-07,2024,7,Mùa mưa,Cúm - Influenza,1-5 tu?i,6
2024-07,2024,7,Mùa mưa,Cúm - Influenza,6-10 tu?i,6
2024-07,2024,7,Mùa mưa,Gãy các phần khác của chi do lao động và giao thông - Fracture of other lim bones,11-15 tu?i,3
2024-07,2024,7,Mùa mưa,Gãy các phần khác của chi do lao động và giao thông - Fracture of other lim bones,6-10 tu?i,6
2024-07,2024,7,Mùa mưa,Hen - Asthma,1-5 tu?i,1
2024-07,2024,7,Mùa mưa,Hen - Asthma,11-15 tu?i,2
2024-07,2024,7,Mùa mưa,Hen - Asthma,6-10 tu?i,4
2024-07,2024,7,Mùa mưa,Hen - Asthma,D??i 1 tu?i,1
2024-07,2024,7,Mùa mưa,Hậu quả của các nguyên nhân bên ngoài khác và không xác định - Other and unspecified effects of external causes,1-5 tu?i,2
2024-07,2024,7,Mùa mưa,Hậu quả của các nguyên nhân bên ngoài khác và không xác định - Other and unspecified effects of external causes,6-10 tu?i,4
2024-07,2024,7,Mùa mưa,Không rõ nhóm bệnh,1-5 tu?i,1
2024-07,2024,7,Mùa mưa,Thuỷ đậu và zôna - Varicella and Zoster,1-5 tu?i,4
2024-07,2024,7,Mùa mưa,Thuỷ đậu và zôna - Varicella and Zoster,6-10 tu?i,3
2024-07,2024,7,Mùa mưa,"Thừa bao qui đầu, hẹp và nghẹt bao qui đầu - Redundant prepuce, phimosis and paraphimosis",1-5 tu?i,3
2024-07,2024,7,Mùa mưa,"Thừa bao qui đầu, hẹp và nghẹt bao qui đầu - Redundant prepuce, phimosis and paraphimosis",11-15 tu?i,1
2024-07,2024,7,Mùa mưa,"Thừa bao qui đầu, hẹp và nghẹt bao qui đầu - Redundant prepuce, phimosis and paraphimosis",6-10 tu?i,1
2024-07,2024,7,Mùa mưa,"Tắc liệt ruột và tắc ruột không do thoát vị - Paralytic ileus, intestinal obstruction without hernia",1-5 tu?i,1
2024-07,2024,7,Mùa mưa,"Tổn thương chảy máu, bệnh khác của máu và cơ quan tạo máu - Haemorrhagic conditions and other diseases of blood, blood",1-5 tu?i,2
2024-07,2024,7,Mùa mưa,Viêm cấp đường hô hấp trên khác - Other acute upper respiratory infections,1-5 tu?i,16
2024-07,2024,7,Mùa mưa,Viêm cấp đường hô hấp trên khác - Other acute upper respiratory infections,11-15 tu?i,1
2024-07,2024,7,Mùa mưa,Viêm cấp đường hô hấp trên khác - Other acute upper respiratory infections,6-10 tu?i,14
2024-07,2024,7,Mùa mưa,Viêm cấp đường hô hấp trên khác - Other acute upper respiratory infections,D??i 1 tu?i,1
2024-07,2024,7,Mùa mưa,Viêm họng và viêm amidan cấp - Acute pharyngitis and acute tonsillitis,1-5 tu?i,9
2024-07,2024,7,Mùa mưa,Viêm họng và viêm amidan cấp - Acute pharyngitis and acute tonsillitis,11-15 tu?i,1
2024-07,2024,7,Mùa mưa,Viêm họng và viêm amidan cấp - Acute pharyngitis and acute tonsillitis,6-10 tu?i,9
2024-07,2024,7,Mùa mưa,Viêm họng và viêm amidan cấp - Acute pharyngitis and acute tonsillitis,D??i 1 tu?i,3
2024-07,2024,7,Mùa mưa,Viêm phế quản và viêm tiểu phế quản cấp - Acute bronchitis and acute bronchiolitis,1-5 tu?i,19
2024-07,2024,7,Mùa mưa,Viêm phế quản và viêm tiểu phế quản cấp - Acute bronchitis and acute bronchiolitis,11-15 tu?i,2
2024-07,2024,7,Mùa mưa,Viêm phế quản và viêm tiểu phế quản cấp - Acute bronchitis and acute bronchiolitis,6-10 tu?i,6
2024-07,2024,7,Mùa mưa,Viêm phế quản và viêm tiểu phế quản cấp - Acute bronchitis and acute bronchiolitis,D??i 1 tu?i,26
2024-07,2024,7,Mùa mưa,Động kinh - Epilepsy,1-5 tu?i,1
2024-07,2024,7,Mùa mưa,Động kinh - Epilepsy,11-15 tu?i,2
2024-07,2024,7,Mùa mưa,Động kinh - Epilepsy,6-10 tu?i,1
2024-07,2024,7,Mùa mưa,"Ỉa chảy, viêm dạy dày, ruột non có nguồn gốc nhiễm khuẩn - Diarrhoea and gastroenteritis of presumed infectious origin.",1-5 tu?i,13
2024-07,2024,7,Mùa mưa,"Ỉa chảy, viêm dạy dày, ruột non có nguồn gốc nhiễm khuẩn - Diarrhoea and gastroenteritis of presumed infectious origin.",11-15 tu?i,1
2024-07,2024,7,Mùa mưa,"Ỉa chảy, viêm dạy dày, ruột non có nguồn gốc nhiễm khuẩn - Diarrhoea and gastroenteritis of presumed infectious origin.",6-10 tu?i,2
2024-07,2024,7,Mùa mưa,"Ỉa chảy, viêm dạy dày, ruột non có nguồn gốc nhiễm khuẩn - Diarrhoea and gastroenteritis of presumed infectious origin.",D??i 1 tu?i,12
2024-08,2024,8,Mùa mưa,Bệnh khác của ruột non và màng bụng - Other diseases of intestine peritoneum,1-5 tu?i,16
2024-08,2024,8,Mùa mưa,Bệnh khác của ruột non và màng bụng - Other diseases of intestine peritoneum,11-15 tu?i,2
2024-08,2024,8,Mùa mưa,Bệnh khác của ruột non và màng bụng - Other diseases of intestine peritoneum,6-10 tu?i,13
2024-08,2024,8,Mùa mưa,Bệnh khác của ruột non và màng bụng - Other diseases of intestine peritoneum,D??i 1 tu?i,2
2024-08,2024,8,Mùa mưa,"Bệnh khác của thực quản, dạ dày và tá tràng - Other diseases of oesophagus, stomach, duodenum",11-15 tu?i,6
2024-08,2024,8,Mùa mưa,"Bệnh khác của thực quản, dạ dày và tá tràng - Other diseases of oesophagus, stomach, duodenum",6-10 tu?i,2
2024-08,2024,8,Mùa mưa,"Bệnh khác của thực quản, dạ dày và tá tràng - Other diseases of oesophagus, stomach, duodenum",D??i 1 tu?i,3
2024-08,2024,8,Mùa mưa,Bệnh virut khác - Other viral diseases,1-5 tu?i,13
2024-08,2024,8,Mùa mưa,Bệnh virut khác - Other viral diseases,11-15 tu?i,1
2024-08,2024,8,Mùa mưa,Bệnh virut khác - Other viral diseases,6-10 tu?i,7
2024-08,2024,8,Mùa mưa,Bệnh virut khác - Other viral diseases,D??i 1 tu?i,11
2024-08,2024,8,Mùa mưa,Các bệnh nhiễm khuẩn ruột khác - Other intestinal infectious diseases,1-5 tu?i,9
2024-08,2024,8,Mùa mưa,Các bệnh nhiễm khuẩn ruột khác - Other intestinal infectious diseases,6-10 tu?i,5
2024-08,2024,8,Mùa mưa,Các bệnh nhiễm khuẩn ruột khác - Other intestinal infectious diseases,D??i 1 tu?i,3
2024-08,2024,8,Mùa mưa,Các bệnh viêm phổi - Pneumonia,1-5 tu?i,13
2024-08,2024,8,Mùa mưa,Các bệnh viêm phổi - Pneumonia,11-15 tu?i,1
2024-08,2024,8,Mùa mưa,Các bệnh viêm phổi - Pneumonia,6-10 tu?i,1
2024-08,2024,8,Mùa mưa,Các bệnh viêm phổi - Pneumonia,D??i 1 tu?i,17
2024-08,2024,8,Mùa mưa,Cúm - Influenza,1-5 tu?i,7
2024-08,2024,8,Mùa mưa,Cúm - Influenza,6-10 tu?i,2
2024-08,2024,8,Mùa mưa,Cúm - Influenza,D??i 1 tu?i,1
2024-08,2024,8,Mùa mưa,Gãy các phần khác của chi do lao động và giao thông - Fracture of other lim bones,1-5 tu?i,1
2024-08,2024,8,Mùa mưa,Gãy các phần khác của chi do lao động và giao thông - Fracture of other lim bones,11-15 tu?i,5
2024-08,2024,8,Mùa mưa,Gãy các phần khác của chi do lao động và giao thông - Fracture of other lim bones,6-10 tu?i,6
2024-08,2024,8,Mùa mưa,Gãy các phần khác của chi do lao động và giao thông - Fracture of other lim bones,D??i 1 tu?i,1
2024-08,2024,8,Mùa mưa,Hen - Asthma,1-5 tu?i,1
2024-08,2024,8,Mùa mưa,Hen - Asthma,11-15 tu?i,3
2024-08,2024,8,Mùa mưa,Hen - Asthma,6-10 tu?i,5
2024-08,2024,8,Mùa mưa,Hậu quả của các nguyên nhân bên ngoài khác và không xác định - Other and unspecified effects of external causes,1-5 tu?i,4
2024-08,2024,8,Mùa mưa,Hậu quả của các nguyên nhân bên ngoài khác và không xác định - Other and unspecified effects of external causes,6-10 tu?i,2
2024-08,2024,8,Mùa mưa,Không rõ nhóm bệnh,1-5 tu?i,1
2024-08,2024,8,Mùa mưa,Không rõ nhóm bệnh,D??i 1 tu?i,1
2024-08,2024,8,Mùa mưa,Thuỷ đậu và zôna - Varicella and Zoster,1-5 tu?i,4
2024-08,2024,8,Mùa mưa,Thuỷ đậu và zôna - Varicella and Zoster,6-10 tu?i,4
2024-08,2024,8,Mùa mưa,Thuỷ đậu và zôna - Varicella and Zoster,D??i 1 tu?i,1
2024-08,2024,8,Mùa mưa,"Thừa bao qui đầu, hẹp và nghẹt bao qui đầu - Redundant prepuce, phimosis and paraphimosis",1-5 tu?i,3
2024-08,2024,8,Mùa mưa,"Thừa bao qui đầu, hẹp và nghẹt bao qui đầu - Redundant prepuce, phimosis and paraphimosis",6-10 tu?i,2
2024-08,2024,8,Mùa mưa,"Thừa bao qui đầu, hẹp và nghẹt bao qui đầu - Redundant prepuce, phimosis and paraphimosis",D??i 1 tu?i,1
2024-08,2024,8,Mùa mưa,"Tắc liệt ruột và tắc ruột không do thoát vị - Paralytic ileus, intestinal obstruction without hernia",6-10 tu?i,1
2024-08,2024,8,Mùa mưa,"Tắc liệt ruột và tắc ruột không do thoát vị - Paralytic ileus, intestinal obstruction without hernia",D??i 1 tu?i,1
2024-08,2024,8,Mùa mưa,"Tổn thương chảy máu, bệnh khác của máu và cơ quan tạo máu - Haemorrhagic conditions and other diseases of blood, blood",1-5 tu?i,2
2024-08,2024,8,Mùa mưa,"Tổn thương chảy máu, bệnh khác của máu và cơ quan tạo máu - Haemorrhagic conditions and other diseases of blood, blood",6-10 tu?i,2
2024-08,2024,8,Mùa mưa,Viêm cấp đường hô hấp trên khác - Other acute upper respiratory infections,1-5 tu?i,15
2024-08,2024,8,Mùa mưa,Viêm cấp đường hô hấp trên khác - Other acute upper respiratory infections,11-15 tu?i,3
2024-08,2024,8,Mùa mưa,Viêm cấp đường hô hấp trên khác - Other acute upper respiratory infections,6-10 tu?i,8
2024-08,2024,8,Mùa mưa,Viêm cấp đường hô hấp trên khác - Other acute upper respiratory infections,D??i 1 tu?i,1
2024-08,2024,8,Mùa mưa,Viêm họng và viêm amidan cấp - Acute pharyngitis and acute tonsillitis,1-5 tu?i,13
2024-08,2024,8,Mùa mưa,Viêm họng và viêm amidan cấp - Acute pharyngitis and acute tonsillitis,6-10 tu?i,8
2024-08,2024,8,Mùa mưa,Viêm họng và viêm amidan cấp - Acute pharyngitis and acute tonsillitis,D??i 1 tu?i,1
2024-08,2024,8,Mùa mưa,Viêm phế quản và viêm tiểu phế quản cấp - Acute bronchitis and acute bronchiolitis,1-5 tu?i,31
2024-08,2024,8,Mùa mưa,Viêm phế quản và viêm tiểu phế quản cấp - Acute bronchitis and acute bronchiolitis,11-15 tu?i,3
2024-08,2024,8,Mùa mưa,Viêm phế quản và viêm tiểu phế quản cấp - Acute bronchitis and acute bronchiolitis,6-10 tu?i,1
2024-08,2024,8,Mùa mưa,Viêm phế quản và viêm tiểu phế quản cấp - Acute bronchitis and acute bronchiolitis,D??i 1 tu?i,21
2024-08,2024,8,Mùa mưa,Động kinh - Epilepsy,1-5 tu?i,1
2024-08,2024,8,Mùa mưa,Động kinh - Epilepsy,11-15 tu?i,1
2024-08,2024,8,Mùa mưa,Động kinh - Epilepsy,6-10 tu?i,3
2024-08,2024,8,Mùa mưa,"Ỉa chảy, viêm dạy dày, ruột non có nguồn gốc nhiễm khuẩn - Diarrhoea and gastroenteritis of presumed infectious origin.",1-5 tu?i,26
2024-08,2024,8,Mùa mưa,"Ỉa chảy, viêm dạy dày, ruột non có nguồn gốc nhiễm khuẩn - Diarrhoea and gastroenteritis of presumed infectious origin.",11-15 tu?i,2
2024-08,2024,8,Mùa mưa,"Ỉa chảy, viêm dạy dày, ruột non có nguồn gốc nhiễm khuẩn - Diarrhoea and gastroenteritis of presumed infectious origin.",6-10 tu?i,3
2024-08,2024,8,Mùa mưa,"Ỉa chảy, viêm dạy dày, ruột non có nguồn gốc nhiễm khuẩn - Diarrhoea and gastroenteritis of presumed infectious origin.",D??i 1 tu?i,19
2024-09,2024,9,Mùa mưa,Bệnh khác của ruột non và màng bụng - Other diseases of intestine peritoneum,1-5 tu?i,14
2024-09,2024,9,Mùa mưa,Bệnh khác của ruột non và màng bụng - Other diseases of intestine peritoneum,11-15 tu?i,5
2024-09,2024,9,Mùa mưa,Bệnh khác của ruột non và màng bụng - Other diseases of intestine peritoneum,6-10 tu?i,4
2024-09,2024,9,Mùa mưa,Bệnh khác của ruột non và màng bụng - Other diseases of intestine peritoneum,D??i 1 tu?i,3
2024-09,2024,9,Mùa mưa,"Bệnh khác của thực quản, dạ dày và tá tràng - Other diseases of oesophagus, stomach, duodenum",1-5 tu?i,2
2024-09,2024,9,Mùa mưa,"Bệnh khác của thực quản, dạ dày và tá tràng - Other diseases of oesophagus, stomach, duodenum",11-15 tu?i,3
2024-09,2024,9,Mùa mưa,"Bệnh khác của thực quản, dạ dày và tá tràng - Other diseases of oesophagus, stomach, duodenum",6-10 tu?i,5
2024-09,2024,9,Mùa mưa,"Bệnh khác của thực quản, dạ dày và tá tràng - Other diseases of oesophagus, stomach, duodenum",D??i 1 tu?i,3
2024-09,2024,9,Mùa mưa,Bệnh virut khác - Other viral diseases,1-5 tu?i,28
2024-09,2024,9,Mùa mưa,Bệnh virut khác - Other viral diseases,11-15 tu?i,1
2024-09,2024,9,Mùa mưa,Bệnh virut khác - Other viral diseases,6-10 tu?i,5
2024-09,2024,9,Mùa mưa,Bệnh virut khác - Other viral diseases,D??i 1 tu?i,10
2024-09,2024,9,Mùa mưa,Các bệnh nhiễm khuẩn ruột khác - Other intestinal infectious diseases,1-5 tu?i,6
2024-09,2024,9,Mùa mưa,Các bệnh nhiễm khuẩn ruột khác - Other intestinal infectious diseases,6-10 tu?i,4
2024-09,2024,9,Mùa mưa,Các bệnh nhiễm khuẩn ruột khác - Other intestinal infectious diseases,D??i 1 tu?i,4
2024-09,2024,9,Mùa mưa,Các bệnh viêm phổi - Pneumonia,1-5 tu?i,12
2024-09,2024,9,Mùa mưa,Các bệnh viêm phổi - Pneumonia,D??i 1 tu?i,10
2024-09,2024,9,Mùa mưa,Cúm - Influenza,1-5 tu?i,6
2024-09,2024,9,Mùa mưa,Cúm - Influenza,6-10 tu?i,3
2024-09,2024,9,Mùa mưa,Gãy các phần khác của chi do lao động và giao thông - Fracture of other lim bones,11-15 tu?i,3
2024-09,2024,9,Mùa mưa,Gãy các phần khác của chi do lao động và giao thông - Fracture of other lim bones,6-10 tu?i,2
2024-09,2024,9,Mùa mưa,Hen - Asthma,11-15 tu?i,3
2024-09,2024,9,Mùa mưa,Hen - Asthma,6-10 tu?i,3
2024-09,2024,9,Mùa mưa,Hen - Asthma,D??i 1 tu?i,1
2024-09,2024,9,Mùa mưa,Hậu quả của các nguyên nhân bên ngoài khác và không xác định - Other and unspecified effects of external causes,1-5 tu?i,3
2024-09,2024,9,Mùa mưa,Hậu quả của các nguyên nhân bên ngoài khác và không xác định - Other and unspecified effects of external causes,6-10 tu?i,1
2024-09,2024,9,Mùa mưa,Không rõ nhóm bệnh,D??i 1 tu?i,2
2024-09,2024,9,Mùa mưa,Thuỷ đậu và zôna - Varicella and Zoster,1-5 tu?i,4
2024-09,2024,9,Mùa mưa,Thuỷ đậu và zôna - Varicella and Zoster,11-15 tu?i,1
2024-09,2024,9,Mùa mưa,Thuỷ đậu và zôna - Varicella and Zoster,6-10 tu?i,1
2024-09,2024,9,Mùa mưa,"Thừa bao qui đầu, hẹp và nghẹt bao qui đầu - Redundant prepuce, phimosis and paraphimosis",1-5 tu?i,2
2024-09,2024,9,Mùa mưa,"Thừa bao qui đầu, hẹp và nghẹt bao qui đầu - Redundant prepuce, phimosis and paraphimosis",D??i 1 tu?i,1
2024-09,2024,9,Mùa mưa,"Tắc liệt ruột và tắc ruột không do thoát vị - Paralytic ileus, intestinal obstruction without hernia",1-5 tu?i,1
2024-09,2024,9,Mùa mưa,"Tắc liệt ruột và tắc ruột không do thoát vị - Paralytic ileus, intestinal obstruction without hernia",6-10 tu?i,2
2024-09,2024,9,Mùa mưa,"Tổn thương chảy máu, bệnh khác của máu và cơ quan tạo máu - Haemorrhagic conditions and other diseases of blood, blood",1-5 tu?i,2
2024-09,2024,9,Mùa mưa,Viêm cấp đường hô hấp trên khác - Other acute upper respiratory infections,1-5 tu?i,10
2024-09,2024,9,Mùa mưa,Viêm cấp đường hô hấp trên khác - Other acute upper respiratory infections,11-15 tu?i,1
2024-09,2024,9,Mùa mưa,Viêm cấp đường hô hấp trên khác - Other acute upper respiratory infections,6-10 tu?i,11
2024-09,2024,9,Mùa mưa,Viêm cấp đường hô hấp trên khác - Other acute upper respiratory infections,D??i 1 tu?i,1
2024-09,2024,9,Mùa mưa,Viêm họng và viêm amidan cấp - Acute pharyngitis and acute tonsillitis,1-5 tu?i,12
2024-09,2024,9,Mùa mưa,Viêm họng và viêm amidan cấp - Acute pharyngitis and acute tonsillitis,11-15 tu?i,1
2024-09,2024,9,Mùa mưa,Viêm họng và viêm amidan cấp - Acute pharyngitis and acute tonsillitis,6-10 tu?i,9
2024-09,2024,9,Mùa mưa,Viêm họng và viêm amidan cấp - Acute pharyngitis and acute tonsillitis,D??i 1 tu?i,2
2024-09,2024,9,Mùa mưa,Viêm phế quản và viêm tiểu phế quản cấp - Acute bronchitis and acute bronchiolitis,1-5 tu?i,11
2024-09,2024,9,Mùa mưa,Viêm phế quản và viêm tiểu phế quản cấp - Acute bronchitis and acute bronchiolitis,11-15 tu?i,1
2024-09,2024,9,Mùa mưa,Viêm phế quản và viêm tiểu phế quản cấp - Acute bronchitis and acute bronchiolitis,6-10 tu?i,2
2024-09,2024,9,Mùa mưa,Viêm phế quản và viêm tiểu phế quản cấp - Acute bronchitis and acute bronchiolitis,D??i 1 tu?i,11
2024-09,2024,9,Mùa mưa,Động kinh - Epilepsy,1-5 tu?i,1
2024-09,2024,9,Mùa mưa,Động kinh - Epilepsy,11-15 tu?i,1
2024-09,2024,9,Mùa mưa,"Ỉa chảy, viêm dạy dày, ruột non có nguồn gốc nhiễm khuẩn - Diarrhoea and gastroenteritis of presumed infectious origin.",1-5 tu?i,18
2024-09,2024,9,Mùa mưa,"Ỉa chảy, viêm dạy dày, ruột non có nguồn gốc nhiễm khuẩn - Diarrhoea and gastroenteritis of presumed infectious origin.",11-15 tu?i,1
2024-09,2024,9,Mùa mưa,"Ỉa chảy, viêm dạy dày, ruột non có nguồn gốc nhiễm khuẩn - Diarrhoea and gastroenteritis of presumed infectious origin.",6-10 tu?i,5
2024-09,2024,9,Mùa mưa,"Ỉa chảy, viêm dạy dày, ruột non có nguồn gốc nhiễm khuẩn - Diarrhoea and gastroenteritis of presumed infectious origin.",D??i 1 tu?i,17
2024-10,2024,10,Mùa mưa,Bệnh khác của ruột non và màng bụng - Other diseases of intestine peritoneum,1-5 tu?i,8
2024-10,2024,10,Mùa mưa,Bệnh khác của ruột non và màng bụng - Other diseases of intestine peritoneum,11-15 tu?i,1
2024-10,2024,10,Mùa mưa,Bệnh khác của ruột non và màng bụng - Other diseases of intestine peritoneum,6-10 tu?i,5
2024-10,2024,10,Mùa mưa,Bệnh khác của ruột non và màng bụng - Other diseases of intestine peritoneum,D??i 1 tu?i,3
2024-10,2024,10,Mùa mưa,"Bệnh khác của thực quản, dạ dày và tá tràng - Other diseases of oesophagus, stomach, duodenum",1-5 tu?i,2
2024-10,2024,10,Mùa mưa,"Bệnh khác của thực quản, dạ dày và tá tràng - Other diseases of oesophagus, stomach, duodenum",11-15 tu?i,4
2024-10,2024,10,Mùa mưa,"Bệnh khác của thực quản, dạ dày và tá tràng - Other diseases of oesophagus, stomach, duodenum",6-10 tu?i,7
2024-10,2024,10,Mùa mưa,"Bệnh khác của thực quản, dạ dày và tá tràng - Other diseases of oesophagus, stomach, duodenum",D??i 1 tu?i,1
2024-10,2024,10,Mùa mưa,Bệnh virut khác - Other viral diseases,1-5 tu?i,22
2024-10,2024,10,Mùa mưa,Bệnh virut khác - Other viral diseases,11-15 tu?i,2
2024-10,2024,10,Mùa mưa,Bệnh virut khác - Other viral diseases,6-10 tu?i,6
2024-10,2024,10,Mùa mưa,Bệnh virut khác - Other viral diseases,D??i 1 tu?i,15
2024-10,2024,10,Mùa mưa,Các bệnh nhiễm khuẩn ruột khác - Other intestinal infectious diseases,1-5 tu?i,3
2024-10,2024,10,Mùa mưa,Các bệnh nhiễm khuẩn ruột khác - Other intestinal infectious diseases,6-10 tu?i,2
2024-10,2024,10,Mùa mưa,Các bệnh nhiễm khuẩn ruột khác - Other intestinal infectious diseases,D??i 1 tu?i,1
2024-10,2024,10,Mùa mưa,Các bệnh viêm phổi - Pneumonia,1-5 tu?i,22
2024-10,2024,10,Mùa mưa,Các bệnh viêm phổi - Pneumonia,11-15 tu?i,1
2024-10,2024,10,Mùa mưa,Các bệnh viêm phổi - Pneumonia,6-10 tu?i,5
2024-10,2024,10,Mùa mưa,Các bệnh viêm phổi - Pneumonia,D??i 1 tu?i,17
2024-10,2024,10,Mùa mưa,Cúm - Influenza,1-5 tu?i,2
2024-10,2024,10,Mùa mưa,Cúm - Influenza,6-10 tu?i,3
2024-10,2024,10,Mùa mưa,Cúm - Influenza,D??i 1 tu?i,1
2024-10,2024,10,Mùa mưa,Gãy các phần khác của chi do lao động và giao thông - Fracture of other lim bones,1-5 tu?i,3
2024-10,2024,10,Mùa mưa,Gãy các phần khác của chi do lao động và giao thông - Fracture of other lim bones,11-15 tu?i,2
2024-10,2024,10,Mùa mưa,Gãy các phần khác của chi do lao động và giao thông - Fracture of other lim bones,6-10 tu?i,8
2024-10,2024,10,Mùa mưa,Gãy các phần khác của chi do lao động và giao thông - Fracture of other lim bones,D??i 1 tu?i,2
2024-10,2024,10,Mùa mưa,Hen - Asthma,11-15 tu?i,2
2024-10,2024,10,Mùa mưa,Hen - Asthma,6-10 tu?i,6
2024-10,2024,10,Mùa mưa,Hen - Asthma,D??i 1 tu?i,2
2024-10,2024,10,Mùa mưa,Hậu quả của các nguyên nhân bên ngoài khác và không xác định - Other and unspecified effects of external causes,1-5 tu?i,3
2024-10,2024,10,Mùa mưa,Hậu quả của các nguyên nhân bên ngoài khác và không xác định - Other and unspecified effects of external causes,11-15 tu?i,1
2024-10,2024,10,Mùa mưa,Hậu quả của các nguyên nhân bên ngoài khác và không xác định - Other and unspecified effects of external causes,6-10 tu?i,4
2024-10,2024,10,Mùa mưa,Không rõ nhóm bệnh,1-5 tu?i,2
2024-10,2024,10,Mùa mưa,Không rõ nhóm bệnh,D??i 1 tu?i,1
2024-10,2024,10,Mùa mưa,Thuỷ đậu và zôna - Varicella and Zoster,1-5 tu?i,7
2024-10,2024,10,Mùa mưa,Thuỷ đậu và zôna - Varicella and Zoster,11-15 tu?i,1
2024-10,2024,10,Mùa mưa,Thuỷ đậu và zôna - Varicella and Zoster,6-10 tu?i,1
2024-10,2024,10,Mùa mưa,"Thừa bao qui đầu, hẹp và nghẹt bao qui đầu - Redundant prepuce, phimosis and paraphimosis",6-10 tu?i,1
2024-10,2024,10,Mùa mưa,"Tắc liệt ruột và tắc ruột không do thoát vị - Paralytic ileus, intestinal obstruction without hernia",1-5 tu?i,2
2024-10,2024,10,Mùa mưa,"Tắc liệt ruột và tắc ruột không do thoát vị - Paralytic ileus, intestinal obstruction without hernia",6-10 tu?i,2
2024-10,2024,10,Mùa mưa,Viêm cấp đường hô hấp trên khác - Other acute upper respiratory infections,1-5 tu?i,11
2024-10,2024,10,Mùa mưa,Viêm cấp đường hô hấp trên khác - Other acute upper respiratory infections,11-15 tu?i,2
2024-10,2024,10,Mùa mưa,Viêm cấp đường hô hấp trên khác - Other acute upper respiratory infections,6-10 tu?i,8
2024-10,2024,10,Mùa mưa,Viêm cấp đường hô hấp trên khác - Other acute upper respiratory infections,D??i 1 tu?i,5
2024-10,2024,10,Mùa mưa,Viêm họng và viêm amidan cấp - Acute pharyngitis and acute tonsillitis,1-5 tu?i,20
2024-10,2024,10,Mùa mưa,Viêm họng và viêm amidan cấp - Acute pharyngitis and acute tonsillitis,11-15 tu?i,2
2024-10,2024,10,Mùa mưa,Viêm họng và viêm amidan cấp - Acute pharyngitis and acute tonsillitis,6-10 tu?i,9
2024-10,2024,10,Mùa mưa,Viêm họng và viêm amidan cấp - Acute pharyngitis and acute tonsillitis,D??i 1 tu?i,1
2024-10,2024,10,Mùa mưa,Viêm phế quản và viêm tiểu phế quản cấp - Acute bronchitis and acute bronchiolitis,1-5 tu?i,26
2024-10,2024,10,Mùa mưa,Viêm phế quản và viêm tiểu phế quản cấp - Acute bronchitis and acute bronchiolitis,6-10 tu?i,8
2024-10,2024,10,Mùa mưa,Viêm phế quản và viêm tiểu phế quản cấp - Acute bronchitis and acute bronchiolitis,D??i 1 tu?i,12
2024-10,2024,10,Mùa mưa,Động kinh - Epilepsy,1-5 tu?i,1
2024-10,2024,10,Mùa mưa,Động kinh - Epilepsy,11-15 tu?i,3
2024-10,2024,10,Mùa mưa,Động kinh - Epilepsy,6-10 tu?i,4
2024-10,2024,10,Mùa mưa,"Ỉa chảy, viêm dạy dày, ruột non có nguồn gốc nhiễm khuẩn - Diarrhoea and gastroenteritis of presumed infectious origin.",1-5 tu?i,9
2024-10,2024,10,Mùa mưa,"Ỉa chảy, viêm dạy dày, ruột non có nguồn gốc nhiễm khuẩn - Diarrhoea and gastroenteritis of presumed infectious origin.",6-10 tu?i,2
2024-10,2024,10,Mùa mưa,"Ỉa chảy, viêm dạy dày, ruột non có nguồn gốc nhiễm khuẩn - Diarrhoea and gastroenteritis of presumed infectious origin.",D??i 1 tu?i,11
2024-11,2024,11,Mùa mưa,Bệnh khác của ruột non và màng bụng - Other diseases of intestine peritoneum,1-5 tu?i,6
2024-11,2024,11,Mùa mưa,Bệnh khác của ruột non và màng bụng - Other diseases of intestine peritoneum,6-10 tu?i,6
2024-11,2024,11,Mùa mưa,Bệnh khác của ruột non và màng bụng - Other diseases of intestine peritoneum,D??i 1 tu?i,1
2024-11,2024,11,Mùa mưa,"Bệnh khác của thực quản, dạ dày và tá tràng - Other diseases of oesophagus, stomach, duodenum",1-5 tu?i,1
2024-11,2024,11,Mùa mưa,"Bệnh khác của thực quản, dạ dày và tá tràng - Other diseases of oesophagus, stomach, duodenum",11-15 tu?i,3
2024-11,2024,11,Mùa mưa,"Bệnh khác của thực quản, dạ dày và tá tràng - Other diseases of oesophagus, stomach, duodenum",6-10 tu?i,5
2024-11,2024,11,Mùa mưa,Bệnh virut khác - Other viral diseases,1-5 tu?i,10
2024-11,2024,11,Mùa mưa,Bệnh virut khác - Other viral diseases,6-10 tu?i,5
2024-11,2024,11,Mùa mưa,Bệnh virut khác - Other viral diseases,D??i 1 tu?i,10
2024-11,2024,11,Mùa mưa,Các bệnh nhiễm khuẩn ruột khác - Other intestinal infectious diseases,1-5 tu?i,3
2024-11,2024,11,Mùa mưa,Các bệnh nhiễm khuẩn ruột khác - Other intestinal infectious diseases,6-10 tu?i,5
2024-11,2024,11,Mùa mưa,Các bệnh nhiễm khuẩn ruột khác - Other intestinal infectious diseases,D??i 1 tu?i,1
2024-11,2024,11,Mùa mưa,Các bệnh viêm phổi - Pneumonia,1-5 tu?i,12
2024-11,2024,11,Mùa mưa,Các bệnh viêm phổi - Pneumonia,11-15 tu?i,4
2024-11,2024,11,Mùa mưa,Các bệnh viêm phổi - Pneumonia,6-10 tu?i,1
2024-11,2024,11,Mùa mưa,Các bệnh viêm phổi - Pneumonia,D??i 1 tu?i,15
2024-11,2024,11,Mùa mưa,Cúm - Influenza,1-5 tu?i,3
2024-11,2024,11,Mùa mưa,Cúm - Influenza,6-10 tu?i,7
2024-11,2024,11,Mùa mưa,Cúm - Influenza,D??i 1 tu?i,2
2024-11,2024,11,Mùa mưa,Gãy các phần khác của chi do lao động và giao thông - Fracture of other lim bones,1-5 tu?i,1
2024-11,2024,11,Mùa mưa,Gãy các phần khác của chi do lao động và giao thông - Fracture of other lim bones,11-15 tu?i,2
2024-11,2024,11,Mùa mưa,Gãy các phần khác của chi do lao động và giao thông - Fracture of other lim bones,6-10 tu?i,2
2024-11,2024,11,Mùa mưa,Hen - Asthma,1-5 tu?i,1
2024-11,2024,11,Mùa mưa,Hen - Asthma,11-15 tu?i,3
2024-11,2024,11,Mùa mưa,Hen - Asthma,6-10 tu?i,1
2024-11,2024,11,Mùa mưa,Hậu quả của các nguyên nhân bên ngoài khác và không xác định - Other and unspecified effects of external causes,1-5 tu?i,5
2024-11,2024,11,Mùa mưa,Hậu quả của các nguyên nhân bên ngoài khác và không xác định - Other and unspecified effects of external causes,11-15 tu?i,1
2024-11,2024,11,Mùa mưa,Hậu quả của các nguyên nhân bên ngoài khác và không xác định - Other and unspecified effects of external causes,6-10 tu?i,3
2024-11,2024,11,Mùa mưa,Hậu quả của các nguyên nhân bên ngoài khác và không xác định - Other and unspecified effects of external causes,D??i 1 tu?i,1
2024-11,2024,11,Mùa mưa,Không rõ nhóm bệnh,1-5 tu?i,1
2024-11,2024,11,Mùa mưa,Không rõ nhóm bệnh,D??i 1 tu?i,3
2024-11,2024,11,Mùa mưa,Thuỷ đậu và zôna - Varicella and Zoster,1-5 tu?i,8
2024-11,2024,11,Mùa mưa,Thuỷ đậu và zôna - Varicella and Zoster,11-15 tu?i,1
2024-11,2024,11,Mùa mưa,Thuỷ đậu và zôna - Varicella and Zoster,6-10 tu?i,2
2024-11,2024,11,Mùa mưa,Thuỷ đậu và zôna - Varicella and Zoster,D??i 1 tu?i,1
2024-11,2024,11,Mùa mưa,"Thừa bao qui đầu, hẹp và nghẹt bao qui đầu - Redundant prepuce, phimosis and paraphimosis",1-5 tu?i,3
2024-11,2024,11,Mùa mưa,"Thừa bao qui đầu, hẹp và nghẹt bao qui đầu - Redundant prepuce, phimosis and paraphimosis",11-15 tu?i,1
2024-11,2024,11,Mùa mưa,"Thừa bao qui đầu, hẹp và nghẹt bao qui đầu - Redundant prepuce, phimosis and paraphimosis",6-10 tu?i,1
2024-11,2024,11,Mùa mưa,"Tắc liệt ruột và tắc ruột không do thoát vị - Paralytic ileus, intestinal obstruction without hernia",1-5 tu?i,1
2024-11,2024,11,Mùa mưa,"Tắc liệt ruột và tắc ruột không do thoát vị - Paralytic ileus, intestinal obstruction without hernia",11-15 tu?i,1
2024-11,2024,11,Mùa mưa,"Tắc liệt ruột và tắc ruột không do thoát vị - Paralytic ileus, intestinal obstruction without hernia",6-10 tu?i,2
2024-11,2024,11,Mùa mưa,"Tổn thương chảy máu, bệnh khác của máu và cơ quan tạo máu - Haemorrhagic conditions and other diseases of blood, blood",1-5 tu?i,1
2024-11,2024,11,Mùa mưa,"Tổn thương chảy máu, bệnh khác của máu và cơ quan tạo máu - Haemorrhagic conditions and other diseases of blood, blood",6-10 tu?i,1
2024-11,2024,11,Mùa mưa,Viêm cấp đường hô hấp trên khác - Other acute upper respiratory infections,1-5 tu?i,14
2024-11,2024,11,Mùa mưa,Viêm cấp đường hô hấp trên khác - Other acute upper respiratory infections,6-10 tu?i,14
2024-11,2024,11,Mùa mưa,Viêm cấp đường hô hấp trên khác - Other acute upper respiratory infections,D??i 1 tu?i,1
2024-11,2024,11,Mùa mưa,Viêm họng và viêm amidan cấp - Acute pharyngitis and acute tonsillitis,1-5 tu?i,10
2024-11,2024,11,Mùa mưa,Viêm họng và viêm amidan cấp - Acute pharyngitis and acute tonsillitis,11-15 tu?i,2
2024-11,2024,11,Mùa mưa,Viêm họng và viêm amidan cấp - Acute pharyngitis and acute tonsillitis,6-10 tu?i,11
2024-11,2024,11,Mùa mưa,Viêm họng và viêm amidan cấp - Acute pharyngitis and acute tonsillitis,D??i 1 tu?i,2
2024-11,2024,11,Mùa mưa,Viêm phế quản và viêm tiểu phế quản cấp - Acute bronchitis and acute bronchiolitis,1-5 tu?i,25
2024-11,2024,11,Mùa mưa,Viêm phế quản và viêm tiểu phế quản cấp - Acute bronchitis and acute bronchiolitis,11-15 tu?i,1
2024-11,2024,11,Mùa mưa,Viêm phế quản và viêm tiểu phế quản cấp - Acute bronchitis and acute bronchiolitis,6-10 tu?i,5
2024-11,2024,11,Mùa mưa,Viêm phế quản và viêm tiểu phế quản cấp - Acute bronchitis and acute bronchiolitis,D??i 1 tu?i,18
2024-11,2024,11,Mùa mưa,Động kinh - Epilepsy,11-15 tu?i,1
2024-11,2024,11,Mùa mưa,Động kinh - Epilepsy,6-10 tu?i,1
2024-11,2024,11,Mùa mưa,Động kinh - Epilepsy,D??i 1 tu?i,1
2024-11,2024,11,Mùa mưa,"Ỉa chảy, viêm dạy dày, ruột non có nguồn gốc nhiễm khuẩn - Diarrhoea and gastroenteritis of presumed infectious origin.",1-5 tu?i,7
2024-11,2024,11,Mùa mưa,"Ỉa chảy, viêm dạy dày, ruột non có nguồn gốc nhiễm khuẩn - Diarrhoea and gastroenteritis of presumed infectious origin.",11-15 tu?i,2
2024-11,2024,11,Mùa mưa,"Ỉa chảy, viêm dạy dày, ruột non có nguồn gốc nhiễm khuẩn - Diarrhoea and gastroenteritis of presumed infectious origin.",6-10 tu?i,1
2024-11,2024,11,Mùa mưa,"Ỉa chảy, viêm dạy dày, ruột non có nguồn gốc nhiễm khuẩn - Diarrhoea and gastroenteritis of presumed infectious origin.",D??i 1 tu?i,4
2024-12,2024,12,Mùa khô,Bệnh khác của ruột non và màng bụng - Other diseases of intestine peritoneum,1-5 tu?i,8
2024-12,2024,12,Mùa khô,Bệnh khác của ruột non và màng bụng - Other diseases of intestine peritoneum,6-10 tu?i,9
2024-12,2024,12,Mùa khô,Bệnh khác của ruột non và màng bụng - Other diseases of intestine peritoneum,D??i 1 tu?i,2
2024-12,2024,12,Mùa khô,"Bệnh khác của thực quản, dạ dày và tá tràng - Other diseases of oesophagus, stomach, duodenum",11-15 tu?i,3
2024-12,2024,12,Mùa khô,"Bệnh khác của thực quản, dạ dày và tá tràng - Other diseases of oesophagus, stomach, duodenum",6-10 tu?i,2
2024-12,2024,12,Mùa khô,Bệnh virut khác - Other viral diseases,1-5 tu?i,11
2024-12,2024,12,Mùa khô,Bệnh virut khác - Other viral diseases,6-10 tu?i,3
2024-12,2024,12,Mùa khô,Bệnh virut khác - Other viral diseases,D??i 1 tu?i,6
2024-12,2024,12,Mùa khô,Các bệnh nhiễm khuẩn ruột khác - Other intestinal infectious diseases,1-5 tu?i,3
2024-12,2024,12,Mùa khô,Các bệnh nhiễm khuẩn ruột khác - Other intestinal infectious diseases,6-10 tu?i,2
2024-12,2024,12,Mùa khô,Các bệnh nhiễm khuẩn ruột khác - Other intestinal infectious diseases,D??i 1 tu?i,3
2024-12,2024,12,Mùa khô,Các bệnh viêm phổi - Pneumonia,1-5 tu?i,22
2024-12,2024,12,Mùa khô,Các bệnh viêm phổi - Pneumonia,11-15 tu?i,2
2024-12,2024,12,Mùa khô,Các bệnh viêm phổi - Pneumonia,6-10 tu?i,1
2024-12,2024,12,Mùa khô,Các bệnh viêm phổi - Pneumonia,D??i 1 tu?i,13
2024-12,2024,12,Mùa khô,Cúm - Influenza,1-5 tu?i,5
2024-12,2024,12,Mùa khô,Cúm - Influenza,11-15 tu?i,1
2024-12,2024,12,Mùa khô,Cúm - Influenza,6-10 tu?i,2
2024-12,2024,12,Mùa khô,Cúm - Influenza,D??i 1 tu?i,1
2024-12,2024,12,Mùa khô,Gãy các phần khác của chi do lao động và giao thông - Fracture of other lim bones,1-5 tu?i,1
2024-12,2024,12,Mùa khô,Gãy các phần khác của chi do lao động và giao thông - Fracture of other lim bones,11-15 tu?i,2
2024-12,2024,12,Mùa khô,Gãy các phần khác của chi do lao động và giao thông - Fracture of other lim bones,6-10 tu?i,2
2024-12,2024,12,Mùa khô,Hen - Asthma,1-5 tu?i,3
2024-12,2024,12,Mùa khô,Hen - Asthma,11-15 tu?i,1
2024-12,2024,12,Mùa khô,Hen - Asthma,6-10 tu?i,2
2024-12,2024,12,Mùa khô,Hậu quả của các nguyên nhân bên ngoài khác và không xác định - Other and unspecified effects of external causes,1-5 tu?i,3
2024-12,2024,12,Mùa khô,Hậu quả của các nguyên nhân bên ngoài khác và không xác định - Other and unspecified effects of external causes,6-10 tu?i,5
2024-12,2024,12,Mùa khô,Không rõ nhóm bệnh,1-5 tu?i,4
2024-12,2024,12,Mùa khô,Thuỷ đậu và zôna - Varicella and Zoster,1-5 tu?i,2
2024-12,2024,12,Mùa khô,Thuỷ đậu và zôna - Varicella and Zoster,6-10 tu?i,3
2024-12,2024,12,Mùa khô,"Thừa bao qui đầu, hẹp và nghẹt bao qui đầu - Redundant prepuce, phimosis and paraphimosis",1-5 tu?i,1
2024-12,2024,12,Mùa khô,"Thừa bao qui đầu, hẹp và nghẹt bao qui đầu - Redundant prepuce, phimosis and paraphimosis",11-15 tu?i,1
2024-12,2024,12,Mùa khô,"Thừa bao qui đầu, hẹp và nghẹt bao qui đầu - Redundant prepuce, phimosis and paraphimosis",6-10 tu?i,3
2024-12,2024,12,Mùa khô,"Tắc liệt ruột và tắc ruột không do thoát vị - Paralytic ileus, intestinal obstruction without hernia",1-5 tu?i,1
2024-12,2024,12,Mùa khô,"Tắc liệt ruột và tắc ruột không do thoát vị - Paralytic ileus, intestinal obstruction without hernia",6-10 tu?i,3
2024-12,2024,12,Mùa khô,"Tổn thương chảy máu, bệnh khác của máu và cơ quan tạo máu - Haemorrhagic conditions and other diseases of blood, blood",1-5 tu?i,1
2024-12,2024,12,Mùa khô,"Tổn thương chảy máu, bệnh khác của máu và cơ quan tạo máu - Haemorrhagic conditions and other diseases of blood, blood",6-10 tu?i,2
2024-12,2024,12,Mùa khô,"Tổn thương chảy máu, bệnh khác của máu và cơ quan tạo máu - Haemorrhagic conditions and other diseases of blood, blood",D??i 1 tu?i,1
2024-12,2024,12,Mùa khô,Viêm cấp đường hô hấp trên khác - Other acute upper respiratory infections,1-5 tu?i,23
2024-12,2024,12,Mùa khô,Viêm cấp đường hô hấp trên khác - Other acute upper respiratory infections,11-15 tu?i,1
2024-12,2024,12,Mùa khô,Viêm cấp đường hô hấp trên khác - Other acute upper respiratory infections,6-10 tu?i,26
2024-12,2024,12,Mùa khô,Viêm cấp đường hô hấp trên khác - Other acute upper respiratory infections,D??i 1 tu?i,4
2024-12,2024,12,Mùa khô,Viêm họng và viêm amidan cấp - Acute pharyngitis and acute tonsillitis,1-5 tu?i,18
2024-12,2024,12,Mùa khô,Viêm họng và viêm amidan cấp - Acute pharyngitis and acute tonsillitis,11-15 tu?i,1
2024-12,2024,12,Mùa khô,Viêm họng và viêm amidan cấp - Acute pharyngitis and acute tonsillitis,6-10 tu?i,8
2024-12,2024,12,Mùa khô,Viêm họng và viêm amidan cấp - Acute pharyngitis and acute tonsillitis,D??i 1 tu?i,4
2024-12,2024,12,Mùa khô,Viêm phế quản và viêm tiểu phế quản cấp - Acute bronchitis and acute bronchiolitis,1-5 tu?i,26
2024-12,2024,12,Mùa khô,Viêm phế quản và viêm tiểu phế quản cấp - Acute bronchitis and acute bronchiolitis,11-15 tu?i,3
2024-12,2024,12,Mùa khô,Viêm phế quản và viêm tiểu phế quản cấp - Acute bronchitis and acute bronchiolitis,6-10 tu?i,4
2024-12,2024,12,Mùa khô,Viêm phế quản và viêm tiểu phế quản cấp - Acute bronchitis and acute bronchiolitis,D??i 1 tu?i,22
2024-12,2024,12,Mùa khô,Động kinh - Epilepsy,1-5 tu?i,1
2024-12,2024,12,Mùa khô,Động kinh - Epilepsy,11-15 tu?i,2
2024-12,2024,12,Mùa khô,"Ỉa chảy, viêm dạy dày, ruột non có nguồn gốc nhiễm khuẩn - Diarrhoea and gastroenteritis of presumed infectious origin.",1-5 tu?i,10
2024-12,2024,12,Mùa khô,"Ỉa chảy, viêm dạy dày, ruột non có nguồn gốc nhiễm khuẩn - Diarrhoea and gastroenteritis of presumed infectious origin.",6-10 tu?i,2
2024-12,2024,12,Mùa khô,"Ỉa chảy, viêm dạy dày, ruột non có nguồn gốc nhiễm khuẩn - Diarrhoea and gastroenteritis of presumed infectious origin.",D??i 1 tu?i,5
2025-01,2025,1,Mùa khô,Bệnh khác của ruột non và màng bụng - Other diseases of intestine peritoneum,1-5 tu?i,8
2025-01,2025,1,Mùa khô,Bệnh khác của ruột non và màng bụng - Other diseases of intestine peritoneum,6-10 tu?i,4
2025-01,2025,1,Mùa khô,"Bệnh khác của thực quản, dạ dày và tá tràng - Other diseases of oesophagus, stomach, duodenum",1-5 tu?i,1
2025-01,2025,1,Mùa khô,"Bệnh khác của thực quản, dạ dày và tá tràng - Other diseases of oesophagus, stomach, duodenum",11-15 tu?i,3
2025-01,2025,1,Mùa khô,"Bệnh khác của thực quản, dạ dày và tá tràng - Other diseases of oesophagus, stomach, duodenum",6-10 tu?i,2
2025-01,2025,1,Mùa khô,Bệnh virut khác - Other viral diseases,1-5 tu?i,12
2025-01,2025,1,Mùa khô,Bệnh virut khác - Other viral diseases,6-10 tu?i,3
2025-01,2025,1,Mùa khô,Bệnh virut khác - Other viral diseases,D??i 1 tu?i,3
2025-01,2025,1,Mùa khô,Các bệnh nhiễm khuẩn ruột khác - Other intestinal infectious diseases,1-5 tu?i,5
2025-01,2025,1,Mùa khô,Các bệnh nhiễm khuẩn ruột khác - Other intestinal infectious diseases,11-15 tu?i,1
2025-01,2025,1,Mùa khô,Các bệnh nhiễm khuẩn ruột khác - Other intestinal infectious diseases,6-10 tu?i,2
2025-01,2025,1,Mùa khô,Các bệnh nhiễm khuẩn ruột khác - Other intestinal infectious diseases,D??i 1 tu?i,1
2025-01,2025,1,Mùa khô,Các bệnh viêm phổi - Pneumonia,1-5 tu?i,16
2025-01,2025,1,Mùa khô,Các bệnh viêm phổi - Pneumonia,11-15 tu?i,2
2025-01,2025,1,Mùa khô,Các bệnh viêm phổi - Pneumonia,6-10 tu?i,4
2025-01,2025,1,Mùa khô,Các bệnh viêm phổi - Pneumonia,D??i 1 tu?i,20
2025-01,2025,1,Mùa khô,Cúm - Influenza,1-5 tu?i,5
2025-01,2025,1,Mùa khô,Cúm - Influenza,6-10 tu?i,4
2025-01,2025,1,Mùa khô,Gãy các phần khác của chi do lao động và giao thông - Fracture of other lim bones,1-5 tu?i,1
2025-01,2025,1,Mùa khô,Gãy các phần khác của chi do lao động và giao thông - Fracture of other lim bones,11-15 tu?i,4
2025-01,2025,1,Mùa khô,Gãy các phần khác của chi do lao động và giao thông - Fracture of other lim bones,6-10 tu?i,5
2025-01,2025,1,Mùa khô,Hen - Asthma,1-5 tu?i,1
2025-01,2025,1,Mùa khô,Hen - Asthma,11-15 tu?i,3
2025-01,2025,1,Mùa khô,Hen - Asthma,6-10 tu?i,4
2025-01,2025,1,Mùa khô,Hen - Asthma,D??i 1 tu?i,1
2025-01,2025,1,Mùa khô,Hậu quả của các nguyên nhân bên ngoài khác và không xác định - Other and unspecified effects of external causes,1-5 tu?i,5
2025-01,2025,1,Mùa khô,Hậu quả của các nguyên nhân bên ngoài khác và không xác định - Other and unspecified effects of external causes,6-10 tu?i,5
2025-01,2025,1,Mùa khô,Hậu quả của các nguyên nhân bên ngoài khác và không xác định - Other and unspecified effects of external causes,D??i 1 tu?i,2
2025-01,2025,1,Mùa khô,Không rõ nhóm bệnh,1-5 tu?i,1
2025-01,2025,1,Mùa khô,Thuỷ đậu và zôna - Varicella and Zoster,1-5 tu?i,4
2025-01,2025,1,Mùa khô,"Thừa bao qui đầu, hẹp và nghẹt bao qui đầu - Redundant prepuce, phimosis and paraphimosis",1-5 tu?i,3
2025-01,2025,1,Mùa khô,"Thừa bao qui đầu, hẹp và nghẹt bao qui đầu - Redundant prepuce, phimosis and paraphimosis",6-10 tu?i,2
2025-01,2025,1,Mùa khô,"Tắc liệt ruột và tắc ruột không do thoát vị - Paralytic ileus, intestinal obstruction without hernia",1-5 tu?i,1
2025-01,2025,1,Mùa khô,"Tắc liệt ruột và tắc ruột không do thoát vị - Paralytic ileus, intestinal obstruction without hernia",6-10 tu?i,1
2025-01,2025,1,Mùa khô,"Tắc liệt ruột và tắc ruột không do thoát vị - Paralytic ileus, intestinal obstruction without hernia",D??i 1 tu?i,1
2025-01,2025,1,Mùa khô,"Tổn thương chảy máu, bệnh khác của máu và cơ quan tạo máu - Haemorrhagic conditions and other diseases of blood, blood",1-5 tu?i,2
2025-01,2025,1,Mùa khô,"Tổn thương chảy máu, bệnh khác của máu và cơ quan tạo máu - Haemorrhagic conditions and other diseases of blood, blood",6-10 tu?i,1
2025-01,2025,1,Mùa khô,Viêm cấp đường hô hấp trên khác - Other acute upper respiratory infections,1-5 tu?i,22
2025-01,2025,1,Mùa khô,Viêm cấp đường hô hấp trên khác - Other acute upper respiratory infections,11-15 tu?i,2
2025-01,2025,1,Mùa khô,Viêm cấp đường hô hấp trên khác - Other acute upper respiratory infections,6-10 tu?i,19
2025-01,2025,1,Mùa khô,Viêm cấp đường hô hấp trên khác - Other acute upper respiratory infections,D??i 1 tu?i,4
2025-01,2025,1,Mùa khô,Viêm họng và viêm amidan cấp - Acute pharyngitis and acute tonsillitis,1-5 tu?i,12
2025-01,2025,1,Mùa khô,Viêm họng và viêm amidan cấp - Acute pharyngitis and acute tonsillitis,6-10 tu?i,13
2025-01,2025,1,Mùa khô,Viêm họng và viêm amidan cấp - Acute pharyngitis and acute tonsillitis,D??i 1 tu?i,3
2025-01,2025,1,Mùa khô,Viêm phế quản và viêm tiểu phế quản cấp - Acute bronchitis and acute bronchiolitis,1-5 tu?i,26
2025-01,2025,1,Mùa khô,Viêm phế quản và viêm tiểu phế quản cấp - Acute bronchitis and acute bronchiolitis,11-15 tu?i,5
2025-01,2025,1,Mùa khô,Viêm phế quản và viêm tiểu phế quản cấp - Acute bronchitis and acute bronchiolitis,6-10 tu?i,8
2025-01,2025,1,Mùa khô,Viêm phế quản và viêm tiểu phế quản cấp - Acute bronchitis and acute bronchiolitis,D??i 1 tu?i,35
2025-01,2025,1,Mùa khô,Động kinh - Epilepsy,11-15 tu?i,1
2025-01,2025,1,Mùa khô,Động kinh - Epilepsy,6-10 tu?i,1
2025-01,2025,1,Mùa khô,"Ỉa chảy, viêm dạy dày, ruột non có nguồn gốc nhiễm khuẩn - Diarrhoea and gastroenteritis of presumed infectious origin.",1-5 tu?i,10
2025-01,2025,1,Mùa khô,"Ỉa chảy, viêm dạy dày, ruột non có nguồn gốc nhiễm khuẩn - Diarrhoea and gastroenteritis of presumed infectious origin.",6-10 tu?i,3
2025-01,2025,1,Mùa khô,"Ỉa chảy, viêm dạy dày, ruột non có nguồn gốc nhiễm khuẩn - Diarrhoea and gastroenteritis of presumed infectious origin.",D??i 1 tu?i,6
2025-02,2025,2,Mùa khô,Bệnh khác của ruột non và màng bụng - Other diseases of intestine peritoneum,1-5 tu?i,8
2025-02,2025,2,Mùa khô,Bệnh khác của ruột non và màng bụng - Other diseases of intestine peritoneum,6-10 tu?i,3
2025-02,2025,2,Mùa khô,"Bệnh khác của thực quản, dạ dày và tá tràng - Other diseases of oesophagus, stomach, duodenum",1-5 tu?i,2
2025-02,2025,2,Mùa khô,"Bệnh khác của thực quản, dạ dày và tá tràng - Other diseases of oesophagus, stomach, duodenum",11-15 tu?i,4
2025-02,2025,2,Mùa khô,"Bệnh khác của thực quản, dạ dày và tá tràng - Other diseases of oesophagus, stomach, duodenum",6-10 tu?i,1
2025-02,2025,2,Mùa khô,"Bệnh khác của thực quản, dạ dày và tá tràng - Other diseases of oesophagus, stomach, duodenum",D??i 1 tu?i,1
2025-02,2025,2,Mùa khô,Bệnh virut khác - Other viral diseases,1-5 tu?i,11
2025-02,2025,2,Mùa khô,Bệnh virut khác - Other viral diseases,11-15 tu?i,2
2025-02,2025,2,Mùa khô,Bệnh virut khác - Other viral diseases,6-10 tu?i,4
2025-02,2025,2,Mùa khô,Bệnh virut khác - Other viral diseases,D??i 1 tu?i,5
2025-02,2025,2,Mùa khô,Các bệnh nhiễm khuẩn ruột khác - Other intestinal infectious diseases,1-5 tu?i,4
2025-02,2025,2,Mùa khô,Các bệnh nhiễm khuẩn ruột khác - Other intestinal infectious diseases,6-10 tu?i,4
2025-02,2025,2,Mùa khô,Các bệnh viêm phổi - Pneumonia,1-5 tu?i,23
2025-02,2025,2,Mùa khô,Các bệnh viêm phổi - Pneumonia,11-15 tu?i,1
2025-02,2025,2,Mùa khô,Các bệnh viêm phổi - Pneumonia,6-10 tu?i,6
2025-02,2025,2,Mùa khô,Các bệnh viêm phổi - Pneumonia,D??i 1 tu?i,20
2025-02,2025,2,Mùa khô,Cúm - Influenza,1-5 tu?i,7
2025-02,2025,2,Mùa khô,Cúm - Influenza,11-15 tu?i,1
2025-02,2025,2,Mùa khô,Cúm - Influenza,6-10 tu?i,7
2025-02,2025,2,Mùa khô,Gãy các phần khác của chi do lao động và giao thông - Fracture of other lim bones,11-15 tu?i,2
2025-02,2025,2,Mùa khô,Gãy các phần khác của chi do lao động và giao thông - Fracture of other lim bones,6-10 tu?i,6
2025-02,2025,2,Mùa khô,Hen - Asthma,1-5 tu?i,2
2025-02,2025,2,Mùa khô,Hen - Asthma,11-15 tu?i,8
2025-02,2025,2,Mùa khô,Hen - Asthma,6-10 tu?i,2
2025-02,2025,2,Mùa khô,Hậu quả của các nguyên nhân bên ngoài khác và không xác định - Other and unspecified effects of external causes,1-5 tu?i,4
2025-02,2025,2,Mùa khô,Hậu quả của các nguyên nhân bên ngoài khác và không xác định - Other and unspecified effects of external causes,6-10 tu?i,2
2025-02,2025,2,Mùa khô,Hậu quả của các nguyên nhân bên ngoài khác và không xác định - Other and unspecified effects of external causes,D??i 1 tu?i,1
2025-02,2025,2,Mùa khô,Không rõ nhóm bệnh,1-5 tu?i,3
2025-02,2025,2,Mùa khô,Không rõ nhóm bệnh,6-10 tu?i,1
2025-02,2025,2,Mùa khô,Không rõ nhóm bệnh,D??i 1 tu?i,5
2025-02,2025,2,Mùa khô,Thuỷ đậu và zôna - Varicella and Zoster,1-5 tu?i,4
2025-02,2025,2,Mùa khô,Thuỷ đậu và zôna - Varicella and Zoster,6-10 tu?i,3
2025-02,2025,2,Mùa khô,Thuỷ đậu và zôna - Varicella and Zoster,D??i 1 tu?i,1
2025-02,2025,2,Mùa khô,"Thừa bao qui đầu, hẹp và nghẹt bao qui đầu - Redundant prepuce, phimosis and paraphimosis",1-5 tu?i,3
2025-02,2025,2,Mùa khô,"Thừa bao qui đầu, hẹp và nghẹt bao qui đầu - Redundant prepuce, phimosis and paraphimosis",6-10 tu?i,2
2025-02,2025,2,Mùa khô,"Thừa bao qui đầu, hẹp và nghẹt bao qui đầu - Redundant prepuce, phimosis and paraphimosis",D??i 1 tu?i,1
2025-02,2025,2,Mùa khô,"Tắc liệt ruột và tắc ruột không do thoát vị - Paralytic ileus, intestinal obstruction without hernia",1-5 tu?i,3
2025-02,2025,2,Mùa khô,"Tắc liệt ruột và tắc ruột không do thoát vị - Paralytic ileus, intestinal obstruction without hernia",6-10 tu?i,1
2025-02,2025,2,Mùa khô,"Tổn thương chảy máu, bệnh khác của máu và cơ quan tạo máu - Haemorrhagic conditions and other diseases of blood, blood",1-5 tu?i,3
2025-02,2025,2,Mùa khô,Viêm cấp đường hô hấp trên khác - Other acute upper respiratory infections,1-5 tu?i,26
2025-02,2025,2,Mùa khô,Viêm cấp đường hô hấp trên khác - Other acute upper respiratory infections,11-15 tu?i,1
2025-02,2025,2,Mùa khô,Viêm cấp đường hô hấp trên khác - Other acute upper respiratory infections,6-10 tu?i,23
2025-02,2025,2,Mùa khô,Viêm cấp đường hô hấp trên khác - Other acute upper respiratory infections,D??i 1 tu?i,6
2025-02,2025,2,Mùa khô,Viêm họng và viêm amidan cấp - Acute pharyngitis and acute tonsillitis,1-5 tu?i,12
2025-02,2025,2,Mùa khô,Viêm họng và viêm amidan cấp - Acute pharyngitis and acute tonsillitis,11-15 tu?i,1
2025-02,2025,2,Mùa khô,Viêm họng và viêm amidan cấp - Acute pharyngitis and acute tonsillitis,6-10 tu?i,16
2025-02,2025,2,Mùa khô,Viêm phế quản và viêm tiểu phế quản cấp - Acute bronchitis and acute bronchiolitis,1-5 tu?i,33
2025-02,2025,2,Mùa khô,Viêm phế quản và viêm tiểu phế quản cấp - Acute bronchitis and acute bronchiolitis,6-10 tu?i,5
2025-02,2025,2,Mùa khô,Viêm phế quản và viêm tiểu phế quản cấp - Acute bronchitis and acute bronchiolitis,D??i 1 tu?i,32
2025-02,2025,2,Mùa khô,Động kinh - Epilepsy,1-5 tu?i,1
2025-02,2025,2,Mùa khô,Động kinh - Epilepsy,D??i 1 tu?i,1
2025-02,2025,2,Mùa khô,"Ỉa chảy, viêm dạy dày, ruột non có nguồn gốc nhiễm khuẩn - Diarrhoea and gastroenteritis of presumed infectious origin.",1-5 tu?i,13
2025-02,2025,2,Mùa khô,"Ỉa chảy, viêm dạy dày, ruột non có nguồn gốc nhiễm khuẩn - Diarrhoea and gastroenteritis of presumed infectious origin.",6-10 tu?i,2
2025-02,2025,2,Mùa khô,"Ỉa chảy, viêm dạy dày, ruột non có nguồn gốc nhiễm khuẩn - Diarrhoea and gastroenteritis of presumed infectious origin.",D??i 1 tu?i,10
2025-03,2025,3,Mùa khô,Bệnh khác của ruột non và màng bụng - Other diseases of intestine peritoneum,1-5 tu?i,8
2025-03,2025,3,Mùa khô,Bệnh khác của ruột non và màng bụng - Other diseases of intestine peritoneum,6-10 tu?i,7
2025-03,2025,3,Mùa khô,"Bệnh khác của thực quản, dạ dày và tá tràng - Other diseases of oesophagus, stomach, duodenum",11-15 tu?i,4
2025-03,2025,3,Mùa khô,"Bệnh khác của thực quản, dạ dày và tá tràng - Other diseases of oesophagus, stomach, duodenum",6-10 tu?i,5
2025-03,2025,3,Mùa khô,"Bệnh khác của thực quản, dạ dày và tá tràng - Other diseases of oesophagus, stomach, duodenum",D??i 1 tu?i,1
2025-03,2025,3,Mùa khô,Bệnh virut khác - Other viral diseases,1-5 tu?i,25
2025-03,2025,3,Mùa khô,Bệnh virut khác - Other viral diseases,11-15 tu?i,1
2025-03,2025,3,Mùa khô,Bệnh virut khác - Other viral diseases,6-10 tu?i,3
2025-03,2025,3,Mùa khô,Bệnh virut khác - Other viral diseases,D??i 1 tu?i,15
2025-03,2025,3,Mùa khô,Các bệnh nhiễm khuẩn ruột khác - Other intestinal infectious diseases,1-5 tu?i,4
2025-03,2025,3,Mùa khô,Các bệnh nhiễm khuẩn ruột khác - Other intestinal infectious diseases,6-10 tu?i,2
2025-03,2025,3,Mùa khô,Các bệnh nhiễm khuẩn ruột khác - Other intestinal infectious diseases,D??i 1 tu?i,1
2025-03,2025,3,Mùa khô,Các bệnh viêm phổi - Pneumonia,1-5 tu?i,20
2025-03,2025,3,Mùa khô,Các bệnh viêm phổi - Pneumonia,11-15 tu?i,3
2025-03,2025,3,Mùa khô,Các bệnh viêm phổi - Pneumonia,6-10 tu?i,4
2025-03,2025,3,Mùa khô,Các bệnh viêm phổi - Pneumonia,D??i 1 tu?i,22
2025-03,2025,3,Mùa khô,Cúm - Influenza,1-5 tu?i,9
2025-03,2025,3,Mùa khô,Cúm - Influenza,6-10 tu?i,6
2025-03,2025,3,Mùa khô,Cúm - Influenza,D??i 1 tu?i,2
2025-03,2025,3,Mùa khô,Gãy các phần khác của chi do lao động và giao thông - Fracture of other lim bones,11-15 tu?i,6
2025-03,2025,3,Mùa khô,Gãy các phần khác của chi do lao động và giao thông - Fracture of other lim bones,6-10 tu?i,5
2025-03,2025,3,Mùa khô,Gãy các phần khác của chi do lao động và giao thông - Fracture of other lim bones,D??i 1 tu?i,1
2025-03,2025,3,Mùa khô,Hen - Asthma,1-5 tu?i,4
2025-03,2025,3,Mùa khô,Hen - Asthma,11-15 tu?i,6
2025-03,2025,3,Mùa khô,Hen - Asthma,6-10 tu?i,7
2025-03,2025,3,Mùa khô,Hậu quả của các nguyên nhân bên ngoài khác và không xác định - Other and unspecified effects of external causes,1-5 tu?i,3
2025-03,2025,3,Mùa khô,Hậu quả của các nguyên nhân bên ngoài khác và không xác định - Other and unspecified effects of external causes,11-15 tu?i,1
2025-03,2025,3,Mùa khô,Hậu quả của các nguyên nhân bên ngoài khác và không xác định - Other and unspecified effects of external causes,6-10 tu?i,2
2025-03,2025,3,Mùa khô,Không rõ nhóm bệnh,1-5 tu?i,3
2025-03,2025,3,Mùa khô,Thuỷ đậu và zôna - Varicella and Zoster,1-5 tu?i,5
2025-03,2025,3,Mùa khô,Thuỷ đậu và zôna - Varicella and Zoster,11-15 tu?i,1
2025-03,2025,3,Mùa khô,Thuỷ đậu và zôna - Varicella and Zoster,6-10 tu?i,2
2025-03,2025,3,Mùa khô,"Thừa bao qui đầu, hẹp và nghẹt bao qui đầu - Redundant prepuce, phimosis and paraphimosis",1-5 tu?i,5
2025-03,2025,3,Mùa khô,"Thừa bao qui đầu, hẹp và nghẹt bao qui đầu - Redundant prepuce, phimosis and paraphimosis",6-10 tu?i,3
2025-03,2025,3,Mùa khô,"Tắc liệt ruột và tắc ruột không do thoát vị - Paralytic ileus, intestinal obstruction without hernia",1-5 tu?i,4
2025-03,2025,3,Mùa khô,"Tắc liệt ruột và tắc ruột không do thoát vị - Paralytic ileus, intestinal obstruction without hernia",6-10 tu?i,1
2025-03,2025,3,Mùa khô,"Tổn thương chảy máu, bệnh khác của máu và cơ quan tạo máu - Haemorrhagic conditions and other diseases of blood, blood",6-10 tu?i,2
2025-03,2025,3,Mùa khô,"Tổn thương chảy máu, bệnh khác của máu và cơ quan tạo máu - Haemorrhagic conditions and other diseases of blood, blood",D??i 1 tu?i,1
2025-03,2025,3,Mùa khô,Viêm cấp đường hô hấp trên khác - Other acute upper respiratory infections,1-5 tu?i,25
2025-03,2025,3,Mùa khô,Viêm cấp đường hô hấp trên khác - Other acute upper respiratory infections,11-15 tu?i,2
2025-03,2025,3,Mùa khô,Viêm cấp đường hô hấp trên khác - Other acute upper respiratory infections,6-10 tu?i,23
2025-03,2025,3,Mùa khô,Viêm cấp đường hô hấp trên khác - Other acute upper respiratory infections,D??i 1 tu?i,3
2025-03,2025,3,Mùa khô,Viêm họng và viêm amidan cấp - Acute pharyngitis and acute tonsillitis,1-5 tu?i,20
2025-03,2025,3,Mùa khô,Viêm họng và viêm amidan cấp - Acute pharyngitis and acute tonsillitis,6-10 tu?i,13
2025-03,2025,3,Mùa khô,Viêm họng và viêm amidan cấp - Acute pharyngitis and acute tonsillitis,D??i 1 tu?i,6
2025-03,2025,3,Mùa khô,Viêm phế quản và viêm tiểu phế quản cấp - Acute bronchitis and acute bronchiolitis,1-5 tu?i,32
2025-03,2025,3,Mùa khô,Viêm phế quản và viêm tiểu phế quản cấp - Acute bronchitis and acute bronchiolitis,11-15 tu?i,2
2025-03,2025,3,Mùa khô,Viêm phế quản và viêm tiểu phế quản cấp - Acute bronchitis and acute bronchiolitis,6-10 tu?i,5
2025-03,2025,3,Mùa khô,Viêm phế quản và viêm tiểu phế quản cấp - Acute bronchitis and acute bronchiolitis,D??i 1 tu?i,33
2025-03,2025,3,Mùa khô,Động kinh - Epilepsy,1-5 tu?i,1
2025-03,2025,3,Mùa khô,Động kinh - Epilepsy,11-15 tu?i,1
2025-03,2025,3,Mùa khô,Động kinh - Epilepsy,6-10 tu?i,2
2025-03,2025,3,Mùa khô,"Ỉa chảy, viêm dạy dày, ruột non có nguồn gốc nhiễm khuẩn - Diarrhoea and gastroenteritis of presumed infectious origin.",1-5 tu?i,10
2025-03,2025,3,Mùa khô,"Ỉa chảy, viêm dạy dày, ruột non có nguồn gốc nhiễm khuẩn - Diarrhoea and gastroenteritis of presumed infectious origin.",6-10 tu?i,3
2025-03,2025,3,Mùa khô,"Ỉa chảy, viêm dạy dày, ruột non có nguồn gốc nhiễm khuẩn - Diarrhoea and gastroenteritis of presumed infectious origin.",D??i 1 tu?i,13
2025-04,2025,4,Mùa khô,Bệnh khác của ruột non và màng bụng - Other diseases of intestine peritoneum,1-5 tu?i,6
2025-04,2025,4,Mùa khô,Bệnh khác của ruột non và màng bụng - Other diseases of intestine peritoneum,11-15 tu?i,1
2025-04,2025,4,Mùa khô,Bệnh khác của ruột non và màng bụng - Other diseases of intestine peritoneum,6-10 tu?i,5
2025-04,2025,4,Mùa khô,Bệnh khác của ruột non và màng bụng - Other diseases of intestine peritoneum,D??i 1 tu?i,2
2025-04,2025,4,Mùa khô,"Bệnh khác của thực quản, dạ dày và tá tràng - Other diseases of oesophagus, stomach, duodenum",11-15 tu?i,3
2025-04,2025,4,Mùa khô,"Bệnh khác của thực quản, dạ dày và tá tràng - Other diseases of oesophagus, stomach, duodenum",6-10 tu?i,1
2025-04,2025,4,Mùa khô,"Bệnh khác của thực quản, dạ dày và tá tràng - Other diseases of oesophagus, stomach, duodenum",D??i 1 tu?i,1
2025-04,2025,4,Mùa khô,Bệnh virut khác - Other viral diseases,1-5 tu?i,30
2025-04,2025,4,Mùa khô,Bệnh virut khác - Other viral diseases,11-15 tu?i,1
2025-04,2025,4,Mùa khô,Bệnh virut khác - Other viral diseases,6-10 tu?i,16
2025-04,2025,4,Mùa khô,Bệnh virut khác - Other viral diseases,D??i 1 tu?i,11
2025-04,2025,4,Mùa khô,Các bệnh nhiễm khuẩn ruột khác - Other intestinal infectious diseases,1-5 tu?i,7
2025-04,2025,4,Mùa khô,Các bệnh nhiễm khuẩn ruột khác - Other intestinal infectious diseases,11-15 tu?i,1
2025-04,2025,4,Mùa khô,Các bệnh nhiễm khuẩn ruột khác - Other intestinal infectious diseases,6-10 tu?i,5
2025-04,2025,4,Mùa khô,Các bệnh nhiễm khuẩn ruột khác - Other intestinal infectious diseases,D??i 1 tu?i,1
2025-04,2025,4,Mùa khô,Các bệnh viêm phổi - Pneumonia,1-5 tu?i,15
2025-04,2025,4,Mùa khô,Các bệnh viêm phổi - Pneumonia,11-15 tu?i,1
2025-04,2025,4,Mùa khô,Các bệnh viêm phổi - Pneumonia,6-10 tu?i,2
2025-04,2025,4,Mùa khô,Các bệnh viêm phổi - Pneumonia,D??i 1 tu?i,20
2025-04,2025,4,Mùa khô,Cúm - Influenza,1-5 tu?i,7
2025-04,2025,4,Mùa khô,Cúm - Influenza,6-10 tu?i,5
2025-04,2025,4,Mùa khô,Gãy các phần khác của chi do lao động và giao thông - Fracture of other lim bones,1-5 tu?i,2
2025-04,2025,4,Mùa khô,Gãy các phần khác của chi do lao động và giao thông - Fracture of other lim bones,11-15 tu?i,7
2025-04,2025,4,Mùa khô,Gãy các phần khác của chi do lao động và giao thông - Fracture of other lim bones,6-10 tu?i,6
2025-04,2025,4,Mùa khô,Gãy các phần khác của chi do lao động và giao thông - Fracture of other lim bones,D??i 1 tu?i,1
2025-04,2025,4,Mùa khô,Hen - Asthma,1-5 tu?i,1
2025-04,2025,4,Mùa khô,Hen - Asthma,6-10 tu?i,2
2025-04,2025,4,Mùa khô,Hen - Asthma,D??i 1 tu?i,2
2025-04,2025,4,Mùa khô,Hậu quả của các nguyên nhân bên ngoài khác và không xác định - Other and unspecified effects of external causes,1-5 tu?i,6
2025-04,2025,4,Mùa khô,Hậu quả của các nguyên nhân bên ngoài khác và không xác định - Other and unspecified effects of external causes,6-10 tu?i,3
2025-04,2025,4,Mùa khô,Không rõ nhóm bệnh,1-5 tu?i,4
2025-04,2025,4,Mùa khô,Không rõ nhóm bệnh,6-10 tu?i,1
2025-04,2025,4,Mùa khô,Không rõ nhóm bệnh,D??i 1 tu?i,7
2025-04,2025,4,Mùa khô,Thuỷ đậu và zôna - Varicella and Zoster,1-5 tu?i,2
2025-04,2025,4,Mùa khô,Thuỷ đậu và zôna - Varicella and Zoster,6-10 tu?i,2
2025-04,2025,4,Mùa khô,"Thừa bao qui đầu, hẹp và nghẹt bao qui đầu - Redundant prepuce, phimosis and paraphimosis",1-5 tu?i,1
2025-04,2025,4,Mùa khô,"Thừa bao qui đầu, hẹp và nghẹt bao qui đầu - Redundant prepuce, phimosis and paraphimosis",6-10 tu?i,5
2025-04,2025,4,Mùa khô,"Tắc liệt ruột và tắc ruột không do thoát vị - Paralytic ileus, intestinal obstruction without hernia",1-5 tu?i,1
2025-04,2025,4,Mùa khô,"Tắc liệt ruột và tắc ruột không do thoát vị - Paralytic ileus, intestinal obstruction without hernia",D??i 1 tu?i,1
2025-04,2025,4,Mùa khô,"Tổn thương chảy máu, bệnh khác của máu và cơ quan tạo máu - Haemorrhagic conditions and other diseases of blood, blood",1-5 tu?i,2
2025-04,2025,4,Mùa khô,"Tổn thương chảy máu, bệnh khác của máu và cơ quan tạo máu - Haemorrhagic conditions and other diseases of blood, blood",6-10 tu?i,1
2025-04,2025,4,Mùa khô,"Tổn thương chảy máu, bệnh khác của máu và cơ quan tạo máu - Haemorrhagic conditions and other diseases of blood, blood",D??i 1 tu?i,1
2025-04,2025,4,Mùa khô,Viêm cấp đường hô hấp trên khác - Other acute upper respiratory infections,1-5 tu?i,12
2025-04,2025,4,Mùa khô,Viêm cấp đường hô hấp trên khác - Other acute upper respiratory infections,11-15 tu?i,1
2025-04,2025,4,Mùa khô,Viêm cấp đường hô hấp trên khác - Other acute upper respiratory infections,6-10 tu?i,12
2025-04,2025,4,Mùa khô,Viêm cấp đường hô hấp trên khác - Other acute upper respiratory infections,D??i 1 tu?i,1
2025-04,2025,4,Mùa khô,Viêm họng và viêm amidan cấp - Acute pharyngitis and acute tonsillitis,1-5 tu?i,9
2025-04,2025,4,Mùa khô,Viêm họng và viêm amidan cấp - Acute pharyngitis and acute tonsillitis,11-15 tu?i,1
2025-04,2025,4,Mùa khô,Viêm họng và viêm amidan cấp - Acute pharyngitis and acute tonsillitis,6-10 tu?i,10
2025-04,2025,4,Mùa khô,Viêm họng và viêm amidan cấp - Acute pharyngitis and acute tonsillitis,D??i 1 tu?i,2
2025-04,2025,4,Mùa khô,Viêm phế quản và viêm tiểu phế quản cấp - Acute bronchitis and acute bronchiolitis,1-5 tu?i,27
2025-04,2025,4,Mùa khô,Viêm phế quản và viêm tiểu phế quản cấp - Acute bronchitis and acute bronchiolitis,11-15 tu?i,1
2025-04,2025,4,Mùa khô,Viêm phế quản và viêm tiểu phế quản cấp - Acute bronchitis and acute bronchiolitis,6-10 tu?i,2
2025-04,2025,4,Mùa khô,Viêm phế quản và viêm tiểu phế quản cấp - Acute bronchitis and acute bronchiolitis,D??i 1 tu?i,22
2025-04,2025,4,Mùa khô,Động kinh - Epilepsy,11-15 tu?i,1
2025-04,2025,4,Mùa khô,"Ỉa chảy, viêm dạy dày, ruột non có nguồn gốc nhiễm khuẩn - Diarrhoea and gastroenteritis of presumed infectious origin.",1-5 tu?i,13
2025-04,2025,4,Mùa khô,"Ỉa chảy, viêm dạy dày, ruột non có nguồn gốc nhiễm khuẩn - Diarrhoea and gastroenteritis of presumed infectious origin.",11-15 tu?i,1
2025-04,2025,4,Mùa khô,"Ỉa chảy, viêm dạy dày, ruột non có nguồn gốc nhiễm khuẩn - Diarrhoea and gastroenteritis of presumed infectious origin.",6-10 tu?i,2
2025-04,2025,4,Mùa khô,"Ỉa chảy, viêm dạy dày, ruột non có nguồn gốc nhiễm khuẩn - Diarrhoea and gastroenteritis of presumed infectious origin.",D??i 1 tu?i,15
2025-05,2025,5,Mùa mưa,Bệnh khác của ruột non và màng bụng - Other diseases of intestine peritoneum,1-5 tu?i,19
2025-05,2025,5,Mùa mưa,Bệnh khác của ruột non và màng bụng - Other diseases of intestine peritoneum,6-10 tu?i,13
2025-05,2025,5,Mùa mưa,"Bệnh khác của thực quản, dạ dày và tá tràng - Other diseases of oesophagus, stomach, duodenum",1-5 tu?i,3
2025-05,2025,5,Mùa mưa,"Bệnh khác của thực quản, dạ dày và tá tràng - Other diseases of oesophagus, stomach, duodenum",11-15 tu?i,6
2025-05,2025,5,Mùa mưa,"Bệnh khác của thực quản, dạ dày và tá tràng - Other diseases of oesophagus, stomach, duodenum",6-10 tu?i,7
2025-05,2025,5,Mùa mưa,"Bệnh khác của thực quản, dạ dày và tá tràng - Other diseases of oesophagus, stomach, duodenum",D??i 1 tu?i,2
2025-05,2025,5,Mùa mưa,Bệnh virut khác - Other viral diseases,1-5 tu?i,32
2025-05,2025,5,Mùa mưa,Bệnh virut khác - Other viral diseases,6-10 tu?i,4
2025-05,2025,5,Mùa mưa,Bệnh virut khác - Other viral diseases,D??i 1 tu?i,15
2025-05,2025,5,Mùa mưa,Các bệnh nhiễm khuẩn ruột khác - Other intestinal infectious diseases,1-5 tu?i,6
2025-05,2025,5,Mùa mưa,Các bệnh nhiễm khuẩn ruột khác - Other intestinal infectious diseases,11-15 tu?i,1
2025-05,2025,5,Mùa mưa,Các bệnh nhiễm khuẩn ruột khác - Other intestinal infectious diseases,6-10 tu?i,6
2025-05,2025,5,Mùa mưa,Các bệnh nhiễm khuẩn ruột khác - Other intestinal infectious diseases,D??i 1 tu?i,1
2025-05,2025,5,Mùa mưa,Các bệnh viêm phổi - Pneumonia,1-5 tu?i,9
2025-05,2025,5,Mùa mưa,Các bệnh viêm phổi - Pneumonia,6-10 tu?i,4
2025-05,2025,5,Mùa mưa,Các bệnh viêm phổi - Pneumonia,D??i 1 tu?i,9
2025-05,2025,5,Mùa mưa,Cúm - Influenza,1-5 tu?i,6
2025-05,2025,5,Mùa mưa,Cúm - Influenza,6-10 tu?i,1
2025-05,2025,5,Mùa mưa,Gãy các phần khác của chi do lao động và giao thông - Fracture of other lim bones,1-5 tu?i,1
2025-05,2025,5,Mùa mưa,Gãy các phần khác của chi do lao động và giao thông - Fracture of other lim bones,11-15 tu?i,7
2025-05,2025,5,Mùa mưa,Gãy các phần khác của chi do lao động và giao thông - Fracture of other lim bones,6-10 tu?i,9
2025-05,2025,5,Mùa mưa,Hen - Asthma,11-15 tu?i,1
2025-05,2025,5,Mùa mưa,Hen - Asthma,6-10 tu?i,4
2025-05,2025,5,Mùa mưa,Hậu quả của các nguyên nhân bên ngoài khác và không xác định - Other and unspecified effects of external causes,1-5 tu?i,7
2025-05,2025,5,Mùa mưa,Hậu quả của các nguyên nhân bên ngoài khác và không xác định - Other and unspecified effects of external causes,6-10 tu?i,3
2025-05,2025,5,Mùa mưa,Hậu quả của các nguyên nhân bên ngoài khác và không xác định - Other and unspecified effects of external causes,D??i 1 tu?i,1
2025-05,2025,5,Mùa mưa,Không rõ nhóm bệnh,1-5 tu?i,5
2025-05,2025,5,Mùa mưa,Không rõ nhóm bệnh,6-10 tu?i,1
2025-05,2025,5,Mùa mưa,Không rõ nhóm bệnh,D??i 1 tu?i,10
2025-05,2025,5,Mùa mưa,Thuỷ đậu và zôna - Varicella and Zoster,1-5 tu?i,4
2025-05,2025,5,Mùa mưa,Thuỷ đậu và zôna - Varicella and Zoster,6-10 tu?i,1
2025-05,2025,5,Mùa mưa,"Thừa bao qui đầu, hẹp và nghẹt bao qui đầu - Redundant prepuce, phimosis and paraphimosis",1-5 tu?i,2
2025-05,2025,5,Mùa mưa,"Thừa bao qui đầu, hẹp và nghẹt bao qui đầu - Redundant prepuce, phimosis and paraphimosis",6-10 tu?i,4
2025-05,2025,5,Mùa mưa,"Tắc liệt ruột và tắc ruột không do thoát vị - Paralytic ileus, intestinal obstruction without hernia",1-5 tu?i,2
2025-05,2025,5,Mùa mưa,"Tắc liệt ruột và tắc ruột không do thoát vị - Paralytic ileus, intestinal obstruction without hernia",D??i 1 tu?i,2
2025-05,2025,5,Mùa mưa,"Tổn thương chảy máu, bệnh khác của máu và cơ quan tạo máu - Haemorrhagic conditions and other diseases of blood, blood",1-5 tu?i,2
2025-05,2025,5,Mùa mưa,"Tổn thương chảy máu, bệnh khác của máu và cơ quan tạo máu - Haemorrhagic conditions and other diseases of blood, blood",6-10 tu?i,4
2025-05,2025,5,Mùa mưa,Viêm cấp đường hô hấp trên khác - Other acute upper respiratory infections,1-5 tu?i,14
2025-05,2025,5,Mùa mưa,Viêm cấp đường hô hấp trên khác - Other acute upper respiratory infections,11-15 tu?i,1
2025-05,2025,5,Mùa mưa,Viêm cấp đường hô hấp trên khác - Other acute upper respiratory infections,6-10 tu?i,14
2025-05,2025,5,Mùa mưa,Viêm cấp đường hô hấp trên khác - Other acute upper respiratory infections,D??i 1 tu?i,3
2025-05,2025,5,Mùa mưa,Viêm họng và viêm amidan cấp - Acute pharyngitis and acute tonsillitis,1-5 tu?i,15
2025-05,2025,5,Mùa mưa,Viêm họng và viêm amidan cấp - Acute pharyngitis and acute tonsillitis,6-10 tu?i,10
2025-05,2025,5,Mùa mưa,Viêm họng và viêm amidan cấp - Acute pharyngitis and acute tonsillitis,D??i 1 tu?i,2
2025-05,2025,5,Mùa mưa,Viêm phế quản và viêm tiểu phế quản cấp - Acute bronchitis and acute bronchiolitis,1-5 tu?i,21
2025-05,2025,5,Mùa mưa,Viêm phế quản và viêm tiểu phế quản cấp - Acute bronchitis and acute bronchiolitis,6-10 tu?i,2
2025-05,2025,5,Mùa mưa,Viêm phế quản và viêm tiểu phế quản cấp - Acute bronchitis and acute bronchiolitis,D??i 1 tu?i,15
2025-05,2025,5,Mùa mưa,Động kinh - Epilepsy,1-5 tu?i,1
2025-05,2025,5,Mùa mưa,Động kinh - Epilepsy,11-15 tu?i,3
2025-05,2025,5,Mùa mưa,Động kinh - Epilepsy,6-10 tu?i,2
2025-05,2025,5,Mùa mưa,Động kinh - Epilepsy,D??i 1 tu?i,2
2025-05,2025,5,Mùa mưa,"Ỉa chảy, viêm dạy dày, ruột non có nguồn gốc nhiễm khuẩn - Diarrhoea and gastroenteritis of presumed infectious origin.",1-5 tu?i,18
2025-05,2025,5,Mùa mưa,"Ỉa chảy, viêm dạy dày, ruột non có nguồn gốc nhiễm khuẩn - Diarrhoea and gastroenteritis of presumed infectious origin.",11-15 tu?i,3
2025-05,2025,5,Mùa mưa,"Ỉa chảy, viêm dạy dày, ruột non có nguồn gốc nhiễm khuẩn - Diarrhoea and gastroenteritis of presumed infectious origin.",6-10 tu?i,5
2025-05,2025,5,Mùa mưa,"Ỉa chảy, viêm dạy dày, ruột non có nguồn gốc nhiễm khuẩn - Diarrhoea and gastroenteritis of presumed infectious origin.",D??i 1 tu?i,16
2025-06,2025,6,Mùa mưa,Bệnh khác của ruột non và màng bụng - Other diseases of intestine peritoneum,1-5 tu?i,10
2025-06,2025,6,Mùa mưa,Bệnh khác của ruột non và màng bụng - Other diseases of intestine peritoneum,6-10 tu?i,7
2025-06,2025,6,Mùa mưa,Bệnh khác của ruột non và màng bụng - Other diseases of intestine peritoneum,D??i 1 tu?i,1
2025-06,2025,6,Mùa mưa,"Bệnh khác của thực quản, dạ dày và tá tràng - Other diseases of oesophagus, stomach, duodenum",1-5 tu?i,6
2025-06,2025,6,Mùa mưa,"Bệnh khác của thực quản, dạ dày và tá tràng - Other diseases of oesophagus, stomach, duodenum",11-15 tu?i,5
2025-06,2025,6,Mùa mưa,"Bệnh khác của thực quản, dạ dày và tá tràng - Other diseases of oesophagus, stomach, duodenum",6-10 tu?i,2
2025-06,2025,6,Mùa mưa,Bệnh virut khác - Other viral diseases,1-5 tu?i,14
2025-06,2025,6,Mùa mưa,Bệnh virut khác - Other viral diseases,11-15 tu?i,1
2025-06,2025,6,Mùa mưa,Bệnh virut khác - Other viral diseases,6-10 tu?i,9
2025-06,2025,6,Mùa mưa,Bệnh virut khác - Other viral diseases,D??i 1 tu?i,9
2025-06,2025,6,Mùa mưa,Các bệnh nhiễm khuẩn ruột khác - Other intestinal infectious diseases,1-5 tu?i,5
2025-06,2025,6,Mùa mưa,Các bệnh nhiễm khuẩn ruột khác - Other intestinal infectious diseases,11-15 tu?i,2
2025-06,2025,6,Mùa mưa,Các bệnh nhiễm khuẩn ruột khác - Other intestinal infectious diseases,6-10 tu?i,6
2025-06,2025,6,Mùa mưa,Các bệnh nhiễm khuẩn ruột khác - Other intestinal infectious diseases,D??i 1 tu?i,3
2025-06,2025,6,Mùa mưa,Các bệnh viêm phổi - Pneumonia,1-5 tu?i,14
2025-06,2025,6,Mùa mưa,Các bệnh viêm phổi - Pneumonia,11-15 tu?i,1
2025-06,2025,6,Mùa mưa,Các bệnh viêm phổi - Pneumonia,6-10 tu?i,3
2025-06,2025,6,Mùa mưa,Các bệnh viêm phổi - Pneumonia,D??i 1 tu?i,14
2025-06,2025,6,Mùa mưa,Cúm - Influenza,1-5 tu?i,4
2025-06,2025,6,Mùa mưa,Cúm - Influenza,11-15 tu?i,1
2025-06,2025,6,Mùa mưa,Cúm - Influenza,6-10 tu?i,1
2025-06,2025,6,Mùa mưa,Gãy các phần khác của chi do lao động và giao thông - Fracture of other lim bones,1-5 tu?i,3
2025-06,2025,6,Mùa mưa,Gãy các phần khác của chi do lao động và giao thông - Fracture of other lim bones,11-15 tu?i,5
2025-06,2025,6,Mùa mưa,Gãy các phần khác của chi do lao động và giao thông - Fracture of other lim bones,6-10 tu?i,6
2025-06,2025,6,Mùa mưa,Gãy các phần khác của chi do lao động và giao thông - Fracture of other lim bones,D??i 1 tu?i,1
2025-06,2025,6,Mùa mưa,Hen - Asthma,1-5 tu?i,2
2025-06,2025,6,Mùa mưa,Hen - Asthma,11-15 tu?i,1
2025-06,2025,6,Mùa mưa,Hen - Asthma,6-10 tu?i,2
2025-06,2025,6,Mùa mưa,Hen - Asthma,D??i 1 tu?i,1
2025-06,2025,6,Mùa mưa,Hậu quả của các nguyên nhân bên ngoài khác và không xác định - Other and unspecified effects of external causes,1-5 tu?i,4
2025-06,2025,6,Mùa mưa,Hậu quả của các nguyên nhân bên ngoài khác và không xác định - Other and unspecified effects of external causes,6-10 tu?i,2
2025-06,2025,6,Mùa mưa,Hậu quả của các nguyên nhân bên ngoài khác và không xác định - Other and unspecified effects of external causes,D??i 1 tu?i,1
2025-06,2025,6,Mùa mưa,Không rõ nhóm bệnh,1-5 tu?i,2
2025-06,2025,6,Mùa mưa,Không rõ nhóm bệnh,6-10 tu?i,1
2025-06,2025,6,Mùa mưa,Không rõ nhóm bệnh,D??i 1 tu?i,2
2025-06,2025,6,Mùa mưa,Thuỷ đậu và zôna - Varicella and Zoster,1-5 tu?i,6
2025-06,2025,6,Mùa mưa,Thuỷ đậu và zôna - Varicella and Zoster,6-10 tu?i,2
2025-06,2025,6,Mùa mưa,"Thừa bao qui đầu, hẹp và nghẹt bao qui đầu - Redundant prepuce, phimosis and paraphimosis",1-5 tu?i,5
2025-06,2025,6,Mùa mưa,"Thừa bao qui đầu, hẹp và nghẹt bao qui đầu - Redundant prepuce, phimosis and paraphimosis",6-10 tu?i,4
2025-06,2025,6,Mùa mưa,"Thừa bao qui đầu, hẹp và nghẹt bao qui đầu - Redundant prepuce, phimosis and paraphimosis",D??i 1 tu?i,1
2025-06,2025,6,Mùa mưa,"Tắc liệt ruột và tắc ruột không do thoát vị - Paralytic ileus, intestinal obstruction without hernia",1-5 tu?i,2
2025-06,2025,6,Mùa mưa,"Tắc liệt ruột và tắc ruột không do thoát vị - Paralytic ileus, intestinal obstruction without hernia",6-10 tu?i,1
2025-06,2025,6,Mùa mưa,"Tổn thương chảy máu, bệnh khác của máu và cơ quan tạo máu - Haemorrhagic conditions and other diseases of blood, blood",1-5 tu?i,2
2025-06,2025,6,Mùa mưa,"Tổn thương chảy máu, bệnh khác của máu và cơ quan tạo máu - Haemorrhagic conditions and other diseases of blood, blood",11-15 tu?i,1
2025-06,2025,6,Mùa mưa,"Tổn thương chảy máu, bệnh khác của máu và cơ quan tạo máu - Haemorrhagic conditions and other diseases of blood, blood",6-10 tu?i,1
2025-06,2025,6,Mùa mưa,Viêm cấp đường hô hấp trên khác - Other acute upper respiratory infections,1-5 tu?i,24
2025-06,2025,6,Mùa mưa,Viêm cấp đường hô hấp trên khác - Other acute upper respiratory infections,11-15 tu?i,2
2025-06,2025,6,Mùa mưa,Viêm cấp đường hô hấp trên khác - Other acute upper respiratory infections,6-10 tu?i,18
2025-06,2025,6,Mùa mưa,Viêm cấp đường hô hấp trên khác - Other acute upper respiratory infections,D??i 1 tu?i,3
2025-06,2025,6,Mùa mưa,Viêm họng và viêm amidan cấp - Acute pharyngitis and acute tonsillitis,1-5 tu?i,15
2025-06,2025,6,Mùa mưa,Viêm họng và viêm amidan cấp - Acute pharyngitis and acute tonsillitis,6-10 tu?i,11
2025-06,2025,6,Mùa mưa,Viêm họng và viêm amidan cấp - Acute pharyngitis and acute tonsillitis,D??i 1 tu?i,2
2025-06,2025,6,Mùa mưa,Viêm phế quản và viêm tiểu phế quản cấp - Acute bronchitis and acute bronchiolitis,1-5 tu?i,24
2025-06,2025,6,Mùa mưa,Viêm phế quản và viêm tiểu phế quản cấp - Acute bronchitis and acute bronchiolitis,11-15 tu?i,2
2025-06,2025,6,Mùa mưa,Viêm phế quản và viêm tiểu phế quản cấp - Acute bronchitis and acute bronchiolitis,6-10 tu?i,3
2025-06,2025,6,Mùa mưa,Viêm phế quản và viêm tiểu phế quản cấp - Acute bronchitis and acute bronchiolitis,D??i 1 tu?i,15
2025-06,2025,6,Mùa mưa,Động kinh - Epilepsy,11-15 tu?i,1
2025-06,2025,6,Mùa mưa,Động kinh - Epilepsy,6-10 tu?i,3
2025-06,2025,6,Mùa mưa,"Ỉa chảy, viêm dạy dày, ruột non có nguồn gốc nhiễm khuẩn - Diarrhoea and gastroenteritis of presumed infectious origin.",1-5 tu?i,26
2025-06,2025,6,Mùa mưa,"Ỉa chảy, viêm dạy dày, ruột non có nguồn gốc nhiễm khuẩn - Diarrhoea and gastroenteritis of presumed infectious origin.",6-10 tu?i,3
2025-06,2025,6,Mùa mưa,"Ỉa chảy, viêm dạy dày, ruột non có nguồn gốc nhiễm khuẩn - Diarrhoea and gastroenteritis of presumed infectious origin.",D??i 1 tu?i,22
2025-07,2025,7,Mùa mưa,Bệnh khác của ruột non và màng bụng - Other diseases of intestine peritoneum,1-5 tu?i,15
2025-07,2025,7,Mùa mưa,Bệnh khác của ruột non và màng bụng - Other diseases of intestine peritoneum,6-10 tu?i,11
2025-07,2025,7,Mùa mưa,"Bệnh khác của thực quản, dạ dày và tá tràng - Other diseases of oesophagus, stomach, duodenum",1-5 tu?i,2
2025-07,2025,7,Mùa mưa,"Bệnh khác của thực quản, dạ dày và tá tràng - Other diseases of oesophagus, stomach, duodenum",11-15 tu?i,4
2025-07,2025,7,Mùa mưa,"Bệnh khác của thực quản, dạ dày và tá tràng - Other diseases of oesophagus, stomach, duodenum",6-10 tu?i,7
2025-07,2025,7,Mùa mưa,"Bệnh khác của thực quản, dạ dày và tá tràng - Other diseases of oesophagus, stomach, duodenum",D??i 1 tu?i,2
2025-07,2025,7,Mùa mưa,Bệnh virut khác - Other viral diseases,1-5 tu?i,15
2025-07,2025,7,Mùa mưa,Bệnh virut khác - Other viral diseases,11-15 tu?i,3
2025-07,2025,7,Mùa mưa,Bệnh virut khác - Other viral diseases,6-10 tu?i,2
2025-07,2025,7,Mùa mưa,Bệnh virut khác - Other viral diseases,D??i 1 tu?i,8
2025-07,2025,7,Mùa mưa,Các bệnh nhiễm khuẩn ruột khác - Other intestinal infectious diseases,1-5 tu?i,8
2025-07,2025,7,Mùa mưa,Các bệnh nhiễm khuẩn ruột khác - Other intestinal infectious diseases,6-10 tu?i,6
2025-07,2025,7,Mùa mưa,Các bệnh nhiễm khuẩn ruột khác - Other intestinal infectious diseases,D??i 1 tu?i,1
2025-07,2025,7,Mùa mưa,Các bệnh viêm phổi - Pneumonia,1-5 tu?i,13
2025-07,2025,7,Mùa mưa,Các bệnh viêm phổi - Pneumonia,11-15 tu?i,1
2025-07,2025,7,Mùa mưa,Các bệnh viêm phổi - Pneumonia,6-10 tu?i,3
2025-07,2025,7,Mùa mưa,Các bệnh viêm phổi - Pneumonia,D??i 1 tu?i,17
2025-07,2025,7,Mùa mưa,Cúm - Influenza,1-5 tu?i,6
2025-07,2025,7,Mùa mưa,Cúm - Influenza,6-10 tu?i,3
2025-07,2025,7,Mùa mưa,Cúm - Influenza,D??i 1 tu?i,2
2025-07,2025,7,Mùa mưa,Gãy các phần khác của chi do lao động và giao thông - Fracture of other lim bones,1-5 tu?i,1
2025-07,2025,7,Mùa mưa,Gãy các phần khác của chi do lao động và giao thông - Fracture of other lim bones,11-15 tu?i,7
2025-07,2025,7,Mùa mưa,Gãy các phần khác của chi do lao động và giao thông - Fracture of other lim bones,6-10 tu?i,4
2025-07,2025,7,Mùa mưa,Gãy các phần khác của chi do lao động và giao thông - Fracture of other lim bones,D??i 1 tu?i,1
2025-07,2025,7,Mùa mưa,Hen - Asthma,1-5 tu?i,2
2025-07,2025,7,Mùa mưa,Hen - Asthma,11-15 tu?i,1
2025-07,2025,7,Mùa mưa,Hậu quả của các nguyên nhân bên ngoài khác và không xác định - Other and unspecified effects of external causes,1-5 tu?i,5
2025-07,2025,7,Mùa mưa,Hậu quả của các nguyên nhân bên ngoài khác và không xác định - Other and unspecified effects of external causes,D??i 1 tu?i,2
2025-07,2025,7,Mùa mưa,Không rõ nhóm bệnh,1-5 tu?i,1
2025-07,2025,7,Mùa mưa,Thuỷ đậu và zôna - Varicella and Zoster,1-5 tu?i,3
2025-07,2025,7,Mùa mưa,Thuỷ đậu và zôna - Varicella and Zoster,6-10 tu?i,3
2025-07,2025,7,Mùa mưa,"Thừa bao qui đầu, hẹp và nghẹt bao qui đầu - Redundant prepuce, phimosis and paraphimosis",1-5 tu?i,4
2025-07,2025,7,Mùa mưa,"Thừa bao qui đầu, hẹp và nghẹt bao qui đầu - Redundant prepuce, phimosis and paraphimosis",6-10 tu?i,1
2025-07,2025,7,Mùa mưa,"Tắc liệt ruột và tắc ruột không do thoát vị - Paralytic ileus, intestinal obstruction without hernia",1-5 tu?i,7
2025-07,2025,7,Mùa mưa,"Tắc liệt ruột và tắc ruột không do thoát vị - Paralytic ileus, intestinal obstruction without hernia",6-10 tu?i,4
2025-07,2025,7,Mùa mưa,"Tổn thương chảy máu, bệnh khác của máu và cơ quan tạo máu - Haemorrhagic conditions and other diseases of blood, blood",1-5 tu?i,1
2025-07,2025,7,Mùa mưa,"Tổn thương chảy máu, bệnh khác của máu và cơ quan tạo máu - Haemorrhagic conditions and other diseases of blood, blood",6-10 tu?i,1
2025-07,2025,7,Mùa mưa,Viêm cấp đường hô hấp trên khác - Other acute upper respiratory infections,1-5 tu?i,17
2025-07,2025,7,Mùa mưa,Viêm cấp đường hô hấp trên khác - Other acute upper respiratory infections,6-10 tu?i,22
2025-07,2025,7,Mùa mưa,Viêm cấp đường hô hấp trên khác - Other acute upper respiratory infections,D??i 1 tu?i,5
2025-07,2025,7,Mùa mưa,Viêm họng và viêm amidan cấp - Acute pharyngitis and acute tonsillitis,1-5 tu?i,12
2025-07,2025,7,Mùa mưa,Viêm họng và viêm amidan cấp - Acute pharyngitis and acute tonsillitis,11-15 tu?i,1
2025-07,2025,7,Mùa mưa,Viêm họng và viêm amidan cấp - Acute pharyngitis and acute tonsillitis,6-10 tu?i,8
2025-07,2025,7,Mùa mưa,Viêm họng và viêm amidan cấp - Acute pharyngitis and acute tonsillitis,D??i 1 tu?i,1
2025-07,2025,7,Mùa mưa,Viêm phế quản và viêm tiểu phế quản cấp - Acute bronchitis and acute bronchiolitis,1-5 tu?i,16
2025-07,2025,7,Mùa mưa,Viêm phế quản và viêm tiểu phế quản cấp - Acute bronchitis and acute bronchiolitis,11-15 tu?i,1
2025-07,2025,7,Mùa mưa,Viêm phế quản và viêm tiểu phế quản cấp - Acute bronchitis and acute bronchiolitis,6-10 tu?i,2
2025-07,2025,7,Mùa mưa,Viêm phế quản và viêm tiểu phế quản cấp - Acute bronchitis and acute bronchiolitis,D??i 1 tu?i,12
2025-07,2025,7,Mùa mưa,Động kinh - Epilepsy,11-15 tu?i,1
2025-07,2025,7,Mùa mưa,Động kinh - Epilepsy,6-10 tu?i,2
2025-07,2025,7,Mùa mưa,"Ỉa chảy, viêm dạy dày, ruột non có nguồn gốc nhiễm khuẩn - Diarrhoea and gastroenteritis of presumed infectious origin.",1-5 tu?i,21
2025-07,2025,7,Mùa mưa,"Ỉa chảy, viêm dạy dày, ruột non có nguồn gốc nhiễm khuẩn - Diarrhoea and gastroenteritis of presumed infectious origin.",6-10 tu?i,4
2025-07,2025,7,Mùa mưa,"Ỉa chảy, viêm dạy dày, ruột non có nguồn gốc nhiễm khuẩn - Diarrhoea and gastroenteritis of presumed infectious origin.",D??i 1 tu?i,16
2025-08,2025,8,Mùa mưa,Bệnh khác của ruột non và màng bụng - Other diseases of intestine peritoneum,1-5 tu?i,8
2025-08,2025,8,Mùa mưa,Bệnh khác của ruột non và màng bụng - Other diseases of intestine peritoneum,11-15 tu?i,1
2025-08,2025,8,Mùa mưa,Bệnh khác của ruột non và màng bụng - Other diseases of intestine peritoneum,6-10 tu?i,9
2025-08,2025,8,Mùa mưa,Bệnh khác của ruột non và màng bụng - Other diseases of intestine peritoneum,D??i 1 tu?i,2
2025-08,2025,8,Mùa mưa,"Bệnh khác của thực quản, dạ dày và tá tràng - Other diseases of oesophagus, stomach, duodenum",1-5 tu?i,3
2025-08,2025,8,Mùa mưa,"Bệnh khác của thực quản, dạ dày và tá tràng - Other diseases of oesophagus, stomach, duodenum",11-15 tu?i,8
2025-08,2025,8,Mùa mưa,"Bệnh khác của thực quản, dạ dày và tá tràng - Other diseases of oesophagus, stomach, duodenum",6-10 tu?i,5
2025-08,2025,8,Mùa mưa,Bệnh virut khác - Other viral diseases,1-5 tu?i,14
2025-08,2025,8,Mùa mưa,Bệnh virut khác - Other viral diseases,6-10 tu?i,7
2025-08,2025,8,Mùa mưa,Bệnh virut khác - Other viral diseases,D??i 1 tu?i,12
2025-08,2025,8,Mùa mưa,Các bệnh nhiễm khuẩn ruột khác - Other intestinal infectious diseases,1-5 tu?i,9
2025-08,2025,8,Mùa mưa,Các bệnh nhiễm khuẩn ruột khác - Other intestinal infectious diseases,11-15 tu?i,1
2025-08,2025,8,Mùa mưa,Các bệnh nhiễm khuẩn ruột khác - Other intestinal infectious diseases,6-10 tu?i,2
2025-08,2025,8,Mùa mưa,Các bệnh nhiễm khuẩn ruột khác - Other intestinal infectious diseases,D??i 1 tu?i,2
2025-08,2025,8,Mùa mưa,Các bệnh viêm phổi - Pneumonia,1-5 tu?i,7
2025-08,2025,8,Mùa mưa,Các bệnh viêm phổi - Pneumonia,11-15 tu?i,1
2025-08,2025,8,Mùa mưa,Các bệnh viêm phổi - Pneumonia,6-10 tu?i,1
2025-08,2025,8,Mùa mưa,Các bệnh viêm phổi - Pneumonia,D??i 1 tu?i,14
2025-08,2025,8,Mùa mưa,Cúm - Influenza,1-5 tu?i,10
2025-08,2025,8,Mùa mưa,Cúm - Influenza,6-10 tu?i,1
2025-08,2025,8,Mùa mưa,Gãy các phần khác của chi do lao động và giao thông - Fracture of other lim bones,1-5 tu?i,3
2025-08,2025,8,Mùa mưa,Gãy các phần khác của chi do lao động và giao thông - Fracture of other lim bones,11-15 tu?i,4
2025-08,2025,8,Mùa mưa,Gãy các phần khác của chi do lao động và giao thông - Fracture of other lim bones,6-10 tu?i,8
2025-08,2025,8,Mùa mưa,Hen - Asthma,11-15 tu?i,3
2025-08,2025,8,Mùa mưa,Hen - Asthma,6-10 tu?i,5
2025-08,2025,8,Mùa mưa,Hen - Asthma,D??i 1 tu?i,1
2025-08,2025,8,Mùa mưa,Hậu quả của các nguyên nhân bên ngoài khác và không xác định - Other and unspecified effects of external causes,1-5 tu?i,5
2025-08,2025,8,Mùa mưa,Hậu quả của các nguyên nhân bên ngoài khác và không xác định - Other and unspecified effects of external causes,11-15 tu?i,2
2025-08,2025,8,Mùa mưa,Hậu quả của các nguyên nhân bên ngoài khác và không xác định - Other and unspecified effects of external causes,6-10 tu?i,3
2025-08,2025,8,Mùa mưa,Hậu quả của các nguyên nhân bên ngoài khác và không xác định - Other and unspecified effects of external causes,D??i 1 tu?i,3
2025-08,2025,8,Mùa mưa,Không rõ nhóm bệnh,1-5 tu?i,2
2025-08,2025,8,Mùa mưa,Thuỷ đậu và zôna - Varicella and Zoster,1-5 tu?i,7
2025-08,2025,8,Mùa mưa,Thuỷ đậu và zôna - Varicella and Zoster,11-15 tu?i,1
2025-08,2025,8,Mùa mưa,Thuỷ đậu và zôna - Varicella and Zoster,6-10 tu?i,2
2025-08,2025,8,Mùa mưa,"Thừa bao qui đầu, hẹp và nghẹt bao qui đầu - Redundant prepuce, phimosis and paraphimosis",1-5 tu?i,3
2025-08,2025,8,Mùa mưa,"Thừa bao qui đầu, hẹp và nghẹt bao qui đầu - Redundant prepuce, phimosis and paraphimosis",6-10 tu?i,2
2025-08,2025,8,Mùa mưa,"Tắc liệt ruột và tắc ruột không do thoát vị - Paralytic ileus, intestinal obstruction without hernia",1-5 tu?i,1
2025-08,2025,8,Mùa mưa,"Tắc liệt ruột và tắc ruột không do thoát vị - Paralytic ileus, intestinal obstruction without hernia",6-10 tu?i,2
2025-08,2025,8,Mùa mưa,"Tổn thương chảy máu, bệnh khác của máu và cơ quan tạo máu - Haemorrhagic conditions and other diseases of blood, blood",1-5 tu?i,2
2025-08,2025,8,Mùa mưa,"Tổn thương chảy máu, bệnh khác của máu và cơ quan tạo máu - Haemorrhagic conditions and other diseases of blood, blood",11-15 tu?i,1
2025-08,2025,8,Mùa mưa,"Tổn thương chảy máu, bệnh khác của máu và cơ quan tạo máu - Haemorrhagic conditions and other diseases of blood, blood",D??i 1 tu?i,1
2025-08,2025,8,Mùa mưa,Viêm cấp đường hô hấp trên khác - Other acute upper respiratory infections,1-5 tu?i,17
2025-08,2025,8,Mùa mưa,Viêm cấp đường hô hấp trên khác - Other acute upper respiratory infections,6-10 tu?i,14
2025-08,2025,8,Mùa mưa,Viêm cấp đường hô hấp trên khác - Other acute upper respiratory infections,D??i 1 tu?i,4
2025-08,2025,8,Mùa mưa,Viêm họng và viêm amidan cấp - Acute pharyngitis and acute tonsillitis,1-5 tu?i,16
2025-08,2025,8,Mùa mưa,Viêm họng và viêm amidan cấp - Acute pharyngitis and acute tonsillitis,11-15 tu?i,1
2025-08,2025,8,Mùa mưa,Viêm họng và viêm amidan cấp - Acute pharyngitis and acute tonsillitis,6-10 tu?i,7
2025-08,2025,8,Mùa mưa,Viêm họng và viêm amidan cấp - Acute pharyngitis and acute tonsillitis,D??i 1 tu?i,3
2025-08,2025,8,Mùa mưa,Viêm phế quản và viêm tiểu phế quản cấp - Acute bronchitis and acute bronchiolitis,1-5 tu?i,19
2025-08,2025,8,Mùa mưa,Viêm phế quản và viêm tiểu phế quản cấp - Acute bronchitis and acute bronchiolitis,11-15 tu?i,1
2025-08,2025,8,Mùa mưa,Viêm phế quản và viêm tiểu phế quản cấp - Acute bronchitis and acute bronchiolitis,6-10 tu?i,3
2025-08,2025,8,Mùa mưa,Viêm phế quản và viêm tiểu phế quản cấp - Acute bronchitis and acute bronchiolitis,D??i 1 tu?i,15
2025-08,2025,8,Mùa mưa,Động kinh - Epilepsy,1-5 tu?i,1
2025-08,2025,8,Mùa mưa,Động kinh - Epilepsy,6-10 tu?i,1
2025-08,2025,8,Mùa mưa,"Ỉa chảy, viêm dạy dày, ruột non có nguồn gốc nhiễm khuẩn - Diarrhoea and gastroenteritis of presumed infectious origin.",1-5 tu?i,15
2025-08,2025,8,Mùa mưa,"Ỉa chảy, viêm dạy dày, ruột non có nguồn gốc nhiễm khuẩn - Diarrhoea and gastroenteritis of presumed infectious origin.",11-15 tu?i,1
2025-08,2025,8,Mùa mưa,"Ỉa chảy, viêm dạy dày, ruột non có nguồn gốc nhiễm khuẩn - Diarrhoea and gastroenteritis of presumed infectious origin.",6-10 tu?i,3
2025-08,2025,8,Mùa mưa,"Ỉa chảy, viêm dạy dày, ruột non có nguồn gốc nhiễm khuẩn - Diarrhoea and gastroenteritis of presumed infectious origin.",D??i 1 tu?i,26
2025-09,2025,9,Mùa mưa,Bệnh khác của ruột non và màng bụng - Other diseases of intestine peritoneum,1-5 tu?i,8
2025-09,2025,9,Mùa mưa,Bệnh khác của ruột non và màng bụng - Other diseases of intestine peritoneum,11-15 tu?i,1
2025-09,2025,9,Mùa mưa,Bệnh khác của ruột non và màng bụng - Other diseases of intestine peritoneum,6-10 tu?i,12
2025-09,2025,9,Mùa mưa,"Bệnh khác của thực quản, dạ dày và tá tràng - Other diseases of oesophagus, stomach, duodenum",1-5 tu?i,2
2025-09,2025,9,Mùa mưa,"Bệnh khác của thực quản, dạ dày và tá tràng - Other diseases of oesophagus, stomach, duodenum",11-15 tu?i,5
2025-09,2025,9,Mùa mưa,"Bệnh khác của thực quản, dạ dày và tá tràng - Other diseases of oesophagus, stomach, duodenum",6-10 tu?i,5
2025-09,2025,9,Mùa mưa,"Bệnh khác của thực quản, dạ dày và tá tràng - Other diseases of oesophagus, stomach, duodenum",D??i 1 tu?i,1
2025-09,2025,9,Mùa mưa,Bệnh virut khác - Other viral diseases,1-5 tu?i,36
2025-09,2025,9,Mùa mưa,Bệnh virut khác - Other viral diseases,11-15 tu?i,3
2025-09,2025,9,Mùa mưa,Bệnh virut khác - Other viral diseases,6-10 tu?i,9
2025-09,2025,9,Mùa mưa,Bệnh virut khác - Other viral diseases,D??i 1 tu?i,9
2025-09,2025,9,Mùa mưa,Các bệnh nhiễm khuẩn ruột khác - Other intestinal infectious diseases,1-5 tu?i,9
2025-09,2025,9,Mùa mưa,Các bệnh nhiễm khuẩn ruột khác - Other intestinal infectious diseases,6-10 tu?i,2
2025-09,2025,9,Mùa mưa,Các bệnh nhiễm khuẩn ruột khác - Other intestinal infectious diseases,D??i 1 tu?i,1
2025-09,2025,9,Mùa mưa,Các bệnh viêm phổi - Pneumonia,1-5 tu?i,15
2025-09,2025,9,Mùa mưa,Các bệnh viêm phổi - Pneumonia,6-10 tu?i,3
2025-09,2025,9,Mùa mưa,Các bệnh viêm phổi - Pneumonia,D??i 1 tu?i,18
2025-09,2025,9,Mùa mưa,Cúm - Influenza,1-5 tu?i,3
2025-09,2025,9,Mùa mưa,Cúm - Influenza,6-10 tu?i,2
2025-09,2025,9,Mùa mưa,Cúm - Influenza,D??i 1 tu?i,1
2025-09,2025,9,Mùa mưa,Gãy các phần khác của chi do lao động và giao thông - Fracture of other lim bones,1-5 tu?i,2
2025-09,2025,9,Mùa mưa,Gãy các phần khác của chi do lao động và giao thông - Fracture of other lim bones,11-15 tu?i,4
2025-09,2025,9,Mùa mưa,Gãy các phần khác của chi do lao động và giao thông - Fracture of other lim bones,6-10 tu?i,3
2025-09,2025,9,Mùa mưa,Hen - Asthma,11-15 tu?i,1
2025-09,2025,9,Mùa mưa,Hen - Asthma,6-10 tu?i,2
2025-09,2025,9,Mùa mưa,Hen - Asthma,D??i 1 tu?i,2
2025-09,2025,9,Mùa mưa,Hậu quả của các nguyên nhân bên ngoài khác và không xác định - Other and unspecified effects of external causes,1-5 tu?i,3
2025-09,2025,9,Mùa mưa,Hậu quả của các nguyên nhân bên ngoài khác và không xác định - Other and unspecified effects of external causes,11-15 tu?i,1
2025-09,2025,9,Mùa mưa,Hậu quả của các nguyên nhân bên ngoài khác và không xác định - Other and unspecified effects of external causes,6-10 tu?i,1
2025-09,2025,9,Mùa mưa,Không rõ nhóm bệnh,1-5 tu?i,1
2025-09,2025,9,Mùa mưa,Không rõ nhóm bệnh,D??i 1 tu?i,1
2025-09,2025,9,Mùa mưa,Thuỷ đậu và zôna - Varicella and Zoster,1-5 tu?i,5
2025-09,2025,9,Mùa mưa,Thuỷ đậu và zôna - Varicella and Zoster,6-10 tu?i,1
2025-09,2025,9,Mùa mưa,Thuỷ đậu và zôna - Varicella and Zoster,D??i 1 tu?i,2
2025-09,2025,9,Mùa mưa,"Thừa bao qui đầu, hẹp và nghẹt bao qui đầu - Redundant prepuce, phimosis and paraphimosis",1-5 tu?i,4
2025-09,2025,9,Mùa mưa,"Thừa bao qui đầu, hẹp và nghẹt bao qui đầu - Redundant prepuce, phimosis and paraphimosis",6-10 tu?i,1
2025-09,2025,9,Mùa mưa,"Thừa bao qui đầu, hẹp và nghẹt bao qui đầu - Redundant prepuce, phimosis and paraphimosis",D??i 1 tu?i,1
2025-09,2025,9,Mùa mưa,"Tắc liệt ruột và tắc ruột không do thoát vị - Paralytic ileus, intestinal obstruction without hernia",1-5 tu?i,1
2025-09,2025,9,Mùa mưa,"Tắc liệt ruột và tắc ruột không do thoát vị - Paralytic ileus, intestinal obstruction without hernia",6-10 tu?i,2
2025-09,2025,9,Mùa mưa,"Tổn thương chảy máu, bệnh khác của máu và cơ quan tạo máu - Haemorrhagic conditions and other diseases of blood, blood",1-5 tu?i,3
2025-09,2025,9,Mùa mưa,"Tổn thương chảy máu, bệnh khác của máu và cơ quan tạo máu - Haemorrhagic conditions and other diseases of blood, blood",6-10 tu?i,1
2025-09,2025,9,Mùa mưa,Viêm cấp đường hô hấp trên khác - Other acute upper respiratory infections,1-5 tu?i,14
2025-09,2025,9,Mùa mưa,Viêm cấp đường hô hấp trên khác - Other acute upper respiratory infections,11-15 tu?i,3
2025-09,2025,9,Mùa mưa,Viêm cấp đường hô hấp trên khác - Other acute upper respiratory infections,6-10 tu?i,8
2025-09,2025,9,Mùa mưa,Viêm cấp đường hô hấp trên khác - Other acute upper respiratory infections,D??i 1 tu?i,4
2025-09,2025,9,Mùa mưa,Viêm họng và viêm amidan cấp - Acute pharyngitis and acute tonsillitis,1-5 tu?i,6
2025-09,2025,9,Mùa mưa,Viêm họng và viêm amidan cấp - Acute pharyngitis and acute tonsillitis,11-15 tu?i,1
2025-09,2025,9,Mùa mưa,Viêm họng và viêm amidan cấp - Acute pharyngitis and acute tonsillitis,6-10 tu?i,8
2025-09,2025,9,Mùa mưa,Viêm phế quản và viêm tiểu phế quản cấp - Acute bronchitis and acute bronchiolitis,1-5 tu?i,18
2025-09,2025,9,Mùa mưa,Viêm phế quản và viêm tiểu phế quản cấp - Acute bronchitis and acute bronchiolitis,11-15 tu?i,1
2025-09,2025,9,Mùa mưa,Viêm phế quản và viêm tiểu phế quản cấp - Acute bronchitis and acute bronchiolitis,6-10 tu?i,3
2025-09,2025,9,Mùa mưa,Viêm phế quản và viêm tiểu phế quản cấp - Acute bronchitis and acute bronchiolitis,D??i 1 tu?i,16
2025-09,2025,9,Mùa mưa,Động kinh - Epilepsy,1-5 tu?i,1
2025-09,2025,9,Mùa mưa,Động kinh - Epilepsy,11-15 tu?i,1
2025-09,2025,9,Mùa mưa,Động kinh - Epilepsy,6-10 tu?i,1
2025-09,2025,9,Mùa mưa,"Ỉa chảy, viêm dạy dày, ruột non có nguồn gốc nhiễm khuẩn - Diarrhoea and gastroenteritis of presumed infectious origin.",1-5 tu?i,15
2025-09,2025,9,Mùa mưa,"Ỉa chảy, viêm dạy dày, ruột non có nguồn gốc nhiễm khuẩn - Diarrhoea and gastroenteritis of presumed infectious origin.",6-10 tu?i,2
2025-09,2025,9,Mùa mưa,"Ỉa chảy, viêm dạy dày, ruột non có nguồn gốc nhiễm khuẩn - Diarrhoea and gastroenteritis of presumed infectious origin.",D??i 1 tu?i,16
2025-10,2025,10,Mùa mưa,Bệnh khác của ruột non và màng bụng - Other diseases of intestine peritoneum,1-5 tu?i,2
2025-10,2025,10,Mùa mưa,Bệnh khác của ruột non và màng bụng - Other diseases of intestine peritoneum,6-10 tu?i,8
2025-10,2025,10,Mùa mưa,"Bệnh khác của thực quản, dạ dày và tá tràng - Other diseases of oesophagus, stomach, duodenum",11-15 tu?i,2
2025-10,2025,10,Mùa mưa,"Bệnh khác của thực quản, dạ dày và tá tràng - Other diseases of oesophagus, stomach, duodenum",6-10 tu?i,1
2025-10,2025,10,Mùa mưa,Bệnh virut khác - Other viral diseases,1-5 tu?i,23
2025-10,2025,10,Mùa mưa,Bệnh virut khác - Other viral diseases,11-15 tu?i,3
2025-10,2025,10,Mùa mưa,Bệnh virut khác - Other viral diseases,6-10 tu?i,5
2025-10,2025,10,Mùa mưa,Bệnh virut khác - Other viral diseases,D??i 1 tu?i,16
2025-10,2025,10,Mùa mưa,Các bệnh nhiễm khuẩn ruột khác - Other intestinal infectious diseases,1-5 tu?i,7
2025-10,2025,10,Mùa mưa,Các bệnh nhiễm khuẩn ruột khác - Other intestinal infectious diseases,11-15 tu?i,1
2025-10,2025,10,Mùa mưa,Các bệnh nhiễm khuẩn ruột khác - Other intestinal infectious diseases,6-10 tu?i,2
2025-10,2025,10,Mùa mưa,Các bệnh nhiễm khuẩn ruột khác - Other intestinal infectious diseases,D??i 1 tu?i,2
2025-10,2025,10,Mùa mưa,Các bệnh viêm phổi - Pneumonia,1-5 tu?i,15
2025-10,2025,10,Mùa mưa,Các bệnh viêm phổi - Pneumonia,11-15 tu?i,1
2025-10,2025,10,Mùa mưa,Các bệnh viêm phổi - Pneumonia,6-10 tu?i,2
2025-10,2025,10,Mùa mưa,Các bệnh viêm phổi - Pneumonia,D??i 1 tu?i,16
2025-10,2025,10,Mùa mưa,Cúm - Influenza,1-5 tu?i,7
2025-10,2025,10,Mùa mưa,Cúm - Influenza,11-15 tu?i,1
2025-10,2025,10,Mùa mưa,Cúm - Influenza,6-10 tu?i,6
2025-10,2025,10,Mùa mưa,Gãy các phần khác của chi do lao động và giao thông - Fracture of other lim bones,1-5 tu?i,1
2025-10,2025,10,Mùa mưa,Gãy các phần khác của chi do lao động và giao thông - Fracture of other lim bones,11-15 tu?i,5
2025-10,2025,10,Mùa mưa,Gãy các phần khác của chi do lao động và giao thông - Fracture of other lim bones,6-10 tu?i,1
2025-10,2025,10,Mùa mưa,Hen - Asthma,1-5 tu?i,2
2025-10,2025,10,Mùa mưa,Hen - Asthma,11-15 tu?i,8
2025-10,2025,10,Mùa mưa,Hen - Asthma,6-10 tu?i,3
2025-10,2025,10,Mùa mưa,Hen - Asthma,D??i 1 tu?i,1
2025-10,2025,10,Mùa mưa,Hậu quả của các nguyên nhân bên ngoài khác và không xác định - Other and unspecified effects of external causes,1-5 tu?i,1
2025-10,2025,10,Mùa mưa,Hậu quả của các nguyên nhân bên ngoài khác và không xác định - Other and unspecified effects of external causes,6-10 tu?i,1
2025-10,2025,10,Mùa mưa,Thuỷ đậu và zôna - Varicella and Zoster,1-5 tu?i,9
2025-10,2025,10,Mùa mưa,Thuỷ đậu và zôna - Varicella and Zoster,11-15 tu?i,2
2025-10,2025,10,Mùa mưa,Thuỷ đậu và zôna - Varicella and Zoster,6-10 tu?i,2
2025-10,2025,10,Mùa mưa,"Thừa bao qui đầu, hẹp và nghẹt bao qui đầu - Redundant prepuce, phimosis and paraphimosis",1-5 tu?i,4
2025-10,2025,10,Mùa mưa,"Thừa bao qui đầu, hẹp và nghẹt bao qui đầu - Redundant prepuce, phimosis and paraphimosis",6-10 tu?i,2
2025-10,2025,10,Mùa mưa,"Tắc liệt ruột và tắc ruột không do thoát vị - Paralytic ileus, intestinal obstruction without hernia",1-5 tu?i,4
2025-10,2025,10,Mùa mưa,"Tổn thương chảy máu, bệnh khác của máu và cơ quan tạo máu - Haemorrhagic conditions and other diseases of blood, blood",1-5 tu?i,2
2025-10,2025,10,Mùa mưa,"Tổn thương chảy máu, bệnh khác của máu và cơ quan tạo máu - Haemorrhagic conditions and other diseases of blood, blood",6-10 tu?i,1
2025-10,2025,10,Mùa mưa,Viêm cấp đường hô hấp trên khác - Other acute upper respiratory infections,1-5 tu?i,20
2025-10,2025,10,Mùa mưa,Viêm cấp đường hô hấp trên khác - Other acute upper respiratory infections,11-15 tu?i,3
2025-10,2025,10,Mùa mưa,Viêm cấp đường hô hấp trên khác - Other acute upper respiratory infections,6-10 tu?i,17
2025-10,2025,10,Mùa mưa,Viêm cấp đường hô hấp trên khác - Other acute upper respiratory infections,D??i 1 tu?i,5
2025-10,2025,10,Mùa mưa,Viêm họng và viêm amidan cấp - Acute pharyngitis and acute tonsillitis,1-5 tu?i,17
2025-10,2025,10,Mùa mưa,Viêm họng và viêm amidan cấp - Acute pharyngitis and acute tonsillitis,11-15 tu?i,1
2025-10,2025,10,Mùa mưa,Viêm họng và viêm amidan cấp - Acute pharyngitis and acute tonsillitis,6-10 tu?i,19
2025-10,2025,10,Mùa mưa,Viêm họng và viêm amidan cấp - Acute pharyngitis and acute tonsillitis,D??i 1 tu?i,4
2025-10,2025,10,Mùa mưa,Viêm phế quản và viêm tiểu phế quản cấp - Acute bronchitis and acute bronchiolitis,1-5 tu?i,28
2025-10,2025,10,Mùa mưa,Viêm phế quản và viêm tiểu phế quản cấp - Acute bronchitis and acute bronchiolitis,11-15 tu?i,1
2025-10,2025,10,Mùa mưa,Viêm phế quản và viêm tiểu phế quản cấp - Acute bronchitis and acute bronchiolitis,6-10 tu?i,7
2025-10,2025,10,Mùa mưa,Viêm phế quản và viêm tiểu phế quản cấp - Acute bronchitis and acute bronchiolitis,D??i 1 tu?i,18
2025-10,2025,10,Mùa mưa,Động kinh - Epilepsy,1-5 tu?i,1
2025-10,2025,10,Mùa mưa,Động kinh - Epilepsy,11-15 tu?i,1
2025-10,2025,10,Mùa mưa,Động kinh - Epilepsy,6-10 tu?i,1
2025-10,2025,10,Mùa mưa,Động kinh - Epilepsy,D??i 1 tu?i,1
2025-10,2025,10,Mùa mưa,"Ỉa chảy, viêm dạy dày, ruột non có nguồn gốc nhiễm khuẩn - Diarrhoea and gastroenteritis of presumed infectious origin.",1-5 tu?i,8
2025-10,2025,10,Mùa mưa,"Ỉa chảy, viêm dạy dày, ruột non có nguồn gốc nhiễm khuẩn - Diarrhoea and gastroenteritis of presumed infectious origin.",11-15 tu?i,1
2025-10,2025,10,Mùa mưa,"Ỉa chảy, viêm dạy dày, ruột non có nguồn gốc nhiễm khuẩn - Diarrhoea and gastroenteritis of presumed infectious origin.",6-10 tu?i,1
2025-10,2025,10,Mùa mưa,"Ỉa chảy, viêm dạy dày, ruột non có nguồn gốc nhiễm khuẩn - Diarrhoea and gastroenteritis of presumed infectious origin.",D??i 1 tu?i,8
2025-11,2025,11,Mùa mưa,Bệnh khác của ruột non và màng bụng - Other diseases of intestine peritoneum,1-5 tu?i,4
2025-11,2025,11,Mùa mưa,Bệnh khác của ruột non và màng bụng - Other diseases of intestine peritoneum,11-15 tu?i,2
2025-11,2025,11,Mùa mưa,Bệnh khác của ruột non và màng bụng - Other diseases of intestine peritoneum,6-10 tu?i,2
2025-11,2025,11,Mùa mưa,"Bệnh khác của thực quản, dạ dày và tá tràng - Other diseases of oesophagus, stomach, duodenum",1-5 tu?i,2
2025-11,2025,11,Mùa mưa,Bệnh virut khác - Other viral diseases,1-5 tu?i,15
2025-11,2025,11,Mùa mưa,Bệnh virut khác - Other viral diseases,6-10 tu?i,3
2025-11,2025,11,Mùa mưa,Bệnh virut khác - Other viral diseases,D??i 1 tu?i,10
2025-11,2025,11,Mùa mưa,Các bệnh nhiễm khuẩn ruột khác - Other intestinal infectious diseases,1-5 tu?i,1
2025-11,2025,11,Mùa mưa,Các bệnh nhiễm khuẩn ruột khác - Other intestinal infectious diseases,11-15 tu?i,1
2025-11,2025,11,Mùa mưa,Các bệnh nhiễm khuẩn ruột khác - Other intestinal infectious diseases,6-10 tu?i,4
2025-11,2025,11,Mùa mưa,Các bệnh nhiễm khuẩn ruột khác - Other intestinal infectious diseases,D??i 1 tu?i,1
2025-11,2025,11,Mùa mưa,Các bệnh viêm phổi - Pneumonia,1-5 tu?i,20
2025-11,2025,11,Mùa mưa,Các bệnh viêm phổi - Pneumonia,11-15 tu?i,2
2025-11,2025,11,Mùa mưa,Các bệnh viêm phổi - Pneumonia,6-10 tu?i,3
2025-11,2025,11,Mùa mưa,Các bệnh viêm phổi - Pneumonia,D??i 1 tu?i,16
2025-11,2025,11,Mùa mưa,Cúm - Influenza,1-5 tu?i,7
2025-11,2025,11,Mùa mưa,Cúm - Influenza,6-10 tu?i,7
2025-11,2025,11,Mùa mưa,Gãy các phần khác của chi do lao động và giao thông - Fracture of other lim bones,1-5 tu?i,2
2025-11,2025,11,Mùa mưa,Gãy các phần khác của chi do lao động và giao thông - Fracture of other lim bones,11-15 tu?i,1
2025-11,2025,11,Mùa mưa,Gãy các phần khác của chi do lao động và giao thông - Fracture of other lim bones,6-10 tu?i,2
2025-11,2025,11,Mùa mưa,Hen - Asthma,11-15 tu?i,2
2025-11,2025,11,Mùa mưa,Hen - Asthma,6-10 tu?i,6
2025-11,2025,11,Mùa mưa,Hen - Asthma,D??i 1 tu?i,1
2025-11,2025,11,Mùa mưa,Hậu quả của các nguyên nhân bên ngoài khác và không xác định - Other and unspecified effects of external causes,1-5 tu?i,1
2025-11,2025,11,Mùa mưa,Hậu quả của các nguyên nhân bên ngoài khác và không xác định - Other and unspecified effects of external causes,11-15 tu?i,1
2025-11,2025,11,Mùa mưa,Hậu quả của các nguyên nhân bên ngoài khác và không xác định - Other and unspecified effects of external causes,6-10 tu?i,4
2025-11,2025,11,Mùa mưa,Hậu quả của các nguyên nhân bên ngoài khác và không xác định - Other and unspecified effects of external causes,D??i 1 tu?i,1
2025-11,2025,11,Mùa mưa,Không rõ nhóm bệnh,D??i 1 tu?i,3
2025-11,2025,11,Mùa mưa,Thuỷ đậu và zôna - Varicella and Zoster,1-5 tu?i,4
2025-11,2025,11,Mùa mưa,Thuỷ đậu và zôna - Varicella and Zoster,6-10 tu?i,3
2025-11,2025,11,Mùa mưa,"Thừa bao qui đầu, hẹp và nghẹt bao qui đầu - Redundant prepuce, phimosis and paraphimosis",1-5 tu?i,2
2025-11,2025,11,Mùa mưa,"Tắc liệt ruột và tắc ruột không do thoát vị - Paralytic ileus, intestinal obstruction without hernia",1-5 tu?i,3
2025-11,2025,11,Mùa mưa,"Tắc liệt ruột và tắc ruột không do thoát vị - Paralytic ileus, intestinal obstruction without hernia",11-15 tu?i,1
2025-11,2025,11,Mùa mưa,"Tắc liệt ruột và tắc ruột không do thoát vị - Paralytic ileus, intestinal obstruction without hernia",6-10 tu?i,2
2025-11,2025,11,Mùa mưa,"Tắc liệt ruột và tắc ruột không do thoát vị - Paralytic ileus, intestinal obstruction without hernia",D??i 1 tu?i,1
2025-11,2025,11,Mùa mưa,"Tổn thương chảy máu, bệnh khác của máu và cơ quan tạo máu - Haemorrhagic conditions and other diseases of blood, blood",1-5 tu?i,6
2025-11,2025,11,Mùa mưa,"Tổn thương chảy máu, bệnh khác của máu và cơ quan tạo máu - Haemorrhagic conditions and other diseases of blood, blood",D??i 1 tu?i,1
2025-11,2025,11,Mùa mưa,Viêm cấp đường hô hấp trên khác - Other acute upper respiratory infections,1-5 tu?i,20
2025-11,2025,11,Mùa mưa,Viêm cấp đường hô hấp trên khác - Other acute upper respiratory infections,11-15 tu?i,1
2025-11,2025,11,Mùa mưa,Viêm cấp đường hô hấp trên khác - Other acute upper respiratory infections,6-10 tu?i,20
2025-11,2025,11,Mùa mưa,Viêm cấp đường hô hấp trên khác - Other acute upper respiratory infections,D??i 1 tu?i,3
2025-11,2025,11,Mùa mưa,Viêm họng và viêm amidan cấp - Acute pharyngitis and acute tonsillitis,1-5 tu?i,21
2025-11,2025,11,Mùa mưa,Viêm họng và viêm amidan cấp - Acute pharyngitis and acute tonsillitis,11-15 tu?i,1
2025-11,2025,11,Mùa mưa,Viêm họng và viêm amidan cấp - Acute pharyngitis and acute tonsillitis,6-10 tu?i,20
2025-11,2025,11,Mùa mưa,Viêm họng và viêm amidan cấp - Acute pharyngitis and acute tonsillitis,D??i 1 tu?i,3
2025-11,2025,11,Mùa mưa,Viêm phế quản và viêm tiểu phế quản cấp - Acute bronchitis and acute bronchiolitis,1-5 tu?i,24
2025-11,2025,11,Mùa mưa,Viêm phế quản và viêm tiểu phế quản cấp - Acute bronchitis and acute bronchiolitis,11-15 tu?i,6
2025-11,2025,11,Mùa mưa,Viêm phế quản và viêm tiểu phế quản cấp - Acute bronchitis and acute bronchiolitis,6-10 tu?i,4
2025-11,2025,11,Mùa mưa,Viêm phế quản và viêm tiểu phế quản cấp - Acute bronchitis and acute bronchiolitis,D??i 1 tu?i,19
2025-11,2025,11,Mùa mưa,Động kinh - Epilepsy,1-5 tu?i,1
2025-11,2025,11,Mùa mưa,Động kinh - Epilepsy,6-10 tu?i,1
2025-11,2025,11,Mùa mưa,"Ỉa chảy, viêm dạy dày, ruột non có nguồn gốc nhiễm khuẩn - Diarrhoea and gastroenteritis of presumed infectious origin.",1-5 tu?i,13
2025-11,2025,11,Mùa mưa,"Ỉa chảy, viêm dạy dày, ruột non có nguồn gốc nhiễm khuẩn - Diarrhoea and gastroenteritis of presumed infectious origin.",6-10 tu?i,1
2025-11,2025,11,Mùa mưa,"Ỉa chảy, viêm dạy dày, ruột non có nguồn gốc nhiễm khuẩn - Diarrhoea and gastroenteritis of presumed infectious origin.",D??i 1 tu?i,4
2025-12,2025,12,Mùa khô,Bệnh khác của ruột non và màng bụng - Other diseases of intestine peritoneum,1-5 tu?i,4
2025-12,2025,12,Mùa khô,Bệnh khác của ruột non và màng bụng - Other diseases of intestine peritoneum,11-15 tu?i,1
2025-12,2025,12,Mùa khô,Bệnh khác của ruột non và màng bụng - Other diseases of intestine peritoneum,6-10 tu?i,9
2025-12,2025,12,Mùa khô,Bệnh khác của ruột non và màng bụng - Other diseases of intestine peritoneum,D??i 1 tu?i,1
2025-12,2025,12,Mùa khô,"Bệnh khác của thực quản, dạ dày và tá tràng - Other diseases of oesophagus, stomach, duodenum",1-5 tu?i,2
2025-12,2025,12,Mùa khô,"Bệnh khác của thực quản, dạ dày và tá tràng - Other diseases of oesophagus, stomach, duodenum",11-15 tu?i,4
2025-12,2025,12,Mùa khô,"Bệnh khác của thực quản, dạ dày và tá tràng - Other diseases of oesophagus, stomach, duodenum",6-10 tu?i,3
2025-12,2025,12,Mùa khô,Bệnh virut khác - Other viral diseases,1-5 tu?i,16
2025-12,2025,12,Mùa khô,Bệnh virut khác - Other viral diseases,11-15 tu?i,1
2025-12,2025,12,Mùa khô,Bệnh virut khác - Other viral diseases,6-10 tu?i,2
2025-12,2025,12,Mùa khô,Bệnh virut khác - Other viral diseases,D??i 1 tu?i,6
2025-12,2025,12,Mùa khô,Các bệnh nhiễm khuẩn ruột khác - Other intestinal infectious diseases,1-5 tu?i,3
2025-12,2025,12,Mùa khô,Các bệnh nhiễm khuẩn ruột khác - Other intestinal infectious diseases,11-15 tu?i,1
2025-12,2025,12,Mùa khô,Các bệnh nhiễm khuẩn ruột khác - Other intestinal infectious diseases,6-10 tu?i,7
2025-12,2025,12,Mùa khô,Các bệnh nhiễm khuẩn ruột khác - Other intestinal infectious diseases,D??i 1 tu?i,2
2025-12,2025,12,Mùa khô,Các bệnh viêm phổi - Pneumonia,1-5 tu?i,24
2025-12,2025,12,Mùa khô,Các bệnh viêm phổi - Pneumonia,6-10 tu?i,2
2025-12,2025,12,Mùa khô,Các bệnh viêm phổi - Pneumonia,D??i 1 tu?i,13
2025-12,2025,12,Mùa khô,Cúm - Influenza,1-5 tu?i,4
2025-12,2025,12,Mùa khô,Cúm - Influenza,11-15 tu?i,1
2025-12,2025,12,Mùa khô,Cúm - Influenza,6-10 tu?i,1
2025-12,2025,12,Mùa khô,Gãy các phần khác của chi do lao động và giao thông - Fracture of other lim bones,1-5 tu?i,5
2025-12,2025,12,Mùa khô,Gãy các phần khác của chi do lao động và giao thông - Fracture of other lim bones,11-15 tu?i,3
2025-12,2025,12,Mùa khô,Gãy các phần khác của chi do lao động và giao thông - Fracture of other lim bones,6-10 tu?i,3
2025-12,2025,12,Mùa khô,Hen - Asthma,1-5 tu?i,1
2025-12,2025,12,Mùa khô,Hen - Asthma,11-15 tu?i,4
2025-12,2025,12,Mùa khô,Hen - Asthma,6-10 tu?i,3
2025-12,2025,12,Mùa khô,Hậu quả của các nguyên nhân bên ngoài khác và không xác định - Other and unspecified effects of external causes,1-5 tu?i,5
2025-12,2025,12,Mùa khô,Hậu quả của các nguyên nhân bên ngoài khác và không xác định - Other and unspecified effects of external causes,6-10 tu?i,1
2025-12,2025,12,Mùa khô,Hậu quả của các nguyên nhân bên ngoài khác và không xác định - Other and unspecified effects of external causes,D??i 1 tu?i,1
2025-12,2025,12,Mùa khô,Không rõ nhóm bệnh,1-5 tu?i,1
2025-12,2025,12,Mùa khô,Không rõ nhóm bệnh,6-10 tu?i,1
2025-12,2025,12,Mùa khô,Không rõ nhóm bệnh,D??i 1 tu?i,1
2025-12,2025,12,Mùa khô,Thuỷ đậu và zôna - Varicella and Zoster,1-5 tu?i,1
2025-12,2025,12,Mùa khô,Thuỷ đậu và zôna - Varicella and Zoster,6-10 tu?i,1
2025-12,2025,12,Mùa khô,"Thừa bao qui đầu, hẹp và nghẹt bao qui đầu - Redundant prepuce, phimosis and paraphimosis",1-5 tu?i,1
2025-12,2025,12,Mùa khô,"Tắc liệt ruột và tắc ruột không do thoát vị - Paralytic ileus, intestinal obstruction without hernia",1-5 tu?i,1
2025-12,2025,12,Mùa khô,"Tắc liệt ruột và tắc ruột không do thoát vị - Paralytic ileus, intestinal obstruction without hernia",6-10 tu?i,3
2025-12,2025,12,Mùa khô,"Tổn thương chảy máu, bệnh khác của máu và cơ quan tạo máu - Haemorrhagic conditions and other diseases of blood, blood",1-5 tu?i,2
2025-12,2025,12,Mùa khô,Viêm cấp đường hô hấp trên khác - Other acute upper respiratory infections,1-5 tu?i,29
2025-12,2025,12,Mùa khô,Viêm cấp đường hô hấp trên khác - Other acute upper respiratory infections,11-15 tu?i,2
2025-12,2025,12,Mùa khô,Viêm cấp đường hô hấp trên khác - Other acute upper respiratory infections,6-10 tu?i,24
2025-12,2025,12,Mùa khô,Viêm cấp đường hô hấp trên khác - Other acute upper respiratory infections,D??i 1 tu?i,2
2025-12,2025,12,Mùa khô,Viêm họng và viêm amidan cấp - Acute pharyngitis and acute tonsillitis,1-5 tu?i,17
2025-12,2025,12,Mùa khô,Viêm họng và viêm amidan cấp - Acute pharyngitis and acute tonsillitis,11-15 tu?i,2
2025-12,2025,12,Mùa khô,Viêm họng và viêm amidan cấp - Acute pharyngitis and acute tonsillitis,6-10 tu?i,16
2025-12,2025,12,Mùa khô,Viêm họng và viêm amidan cấp - Acute pharyngitis and acute tonsillitis,D??i 1 tu?i,2
2025-12,2025,12,Mùa khô,Viêm phế quản và viêm tiểu phế quản cấp - Acute bronchitis and acute bronchiolitis,1-5 tu?i,26
2025-12,2025,12,Mùa khô,Viêm phế quản và viêm tiểu phế quản cấp - Acute bronchitis and acute bronchiolitis,6-10 tu?i,6
2025-12,2025,12,Mùa khô,Viêm phế quản và viêm tiểu phế quản cấp - Acute bronchitis and acute bronchiolitis,D??i 1 tu?i,18
2025-12,2025,12,Mùa khô,Động kinh - Epilepsy,11-15 tu?i,3
2025-12,2025,12,Mùa khô,Động kinh - Epilepsy,D??i 1 tu?i,1
2025-12,2025,12,Mùa khô,"Ỉa chảy, viêm dạy dày, ruột non có nguồn gốc nhiễm khuẩn - Diarrhoea and gastroenteritis of presumed infectious origin.",1-5 tu?i,12
2025-12,2025,12,Mùa khô,"Ỉa chảy, viêm dạy dày, ruột non có nguồn gốc nhiễm khuẩn - Diarrhoea and gastroenteritis of presumed infectious origin.",11-15 tu?i,2
2025-12,2025,12,Mùa khô,"Ỉa chảy, viêm dạy dày, ruột non có nguồn gốc nhiễm khuẩn - Diarrhoea and gastroenteritis of presumed infectious origin.",D??i 1 tu?i,8
2026-01,2026,1,Mùa khô,Bệnh khác của ruột non và màng bụng - Other diseases of intestine peritoneum,1-5 tu?i,5
2026-01,2026,1,Mùa khô,Bệnh khác của ruột non và màng bụng - Other diseases of intestine peritoneum,6-10 tu?i,6
2026-01,2026,1,Mùa khô,"Bệnh khác của thực quản, dạ dày và tá tràng - Other diseases of oesophagus, stomach, duodenum",1-5 tu?i,1
2026-01,2026,1,Mùa khô,"Bệnh khác của thực quản, dạ dày và tá tràng - Other diseases of oesophagus, stomach, duodenum",11-15 tu?i,4
2026-01,2026,1,Mùa khô,"Bệnh khác của thực quản, dạ dày và tá tràng - Other diseases of oesophagus, stomach, duodenum",6-10 tu?i,2
2026-01,2026,1,Mùa khô,"Bệnh khác của thực quản, dạ dày và tá tràng - Other diseases of oesophagus, stomach, duodenum",D??i 1 tu?i,2
2026-01,2026,1,Mùa khô,Bệnh virut khác - Other viral diseases,1-5 tu?i,13
2026-01,2026,1,Mùa khô,Bệnh virut khác - Other viral diseases,11-15 tu?i,1
2026-01,2026,1,Mùa khô,Bệnh virut khác - Other viral diseases,6-10 tu?i,11
2026-01,2026,1,Mùa khô,Bệnh virut khác - Other viral diseases,D??i 1 tu?i,5
2026-01,2026,1,Mùa khô,Các bệnh nhiễm khuẩn ruột khác - Other intestinal infectious diseases,1-5 tu?i,6
2026-01,2026,1,Mùa khô,Các bệnh nhiễm khuẩn ruột khác - Other intestinal infectious diseases,6-10 tu?i,1
2026-01,2026,1,Mùa khô,Các bệnh nhiễm khuẩn ruột khác - Other intestinal infectious diseases,D??i 1 tu?i,1
2026-01,2026,1,Mùa khô,Các bệnh viêm phổi - Pneumonia,1-5 tu?i,21
2026-01,2026,1,Mùa khô,Các bệnh viêm phổi - Pneumonia,11-15 tu?i,4
2026-01,2026,1,Mùa khô,Các bệnh viêm phổi - Pneumonia,6-10 tu?i,6
2026-01,2026,1,Mùa khô,Các bệnh viêm phổi - Pneumonia,D??i 1 tu?i,31
2026-01,2026,1,Mùa khô,Cúm - Influenza,1-5 tu?i,4
2026-01,2026,1,Mùa khô,Cúm - Influenza,11-15 tu?i,1
2026-01,2026,1,Mùa khô,Cúm - Influenza,6-10 tu?i,5
2026-01,2026,1,Mùa khô,Gãy các phần khác của chi do lao động và giao thông - Fracture of other lim bones,1-5 tu?i,3
2026-01,2026,1,Mùa khô,Gãy các phần khác của chi do lao động và giao thông - Fracture of other lim bones,11-15 tu?i,4
2026-01,2026,1,Mùa khô,Gãy các phần khác của chi do lao động và giao thông - Fracture of other lim bones,6-10 tu?i,7
2026-01,2026,1,Mùa khô,Hen - Asthma,1-5 tu?i,1
2026-01,2026,1,Mùa khô,Hen - Asthma,11-15 tu?i,3
2026-01,2026,1,Mùa khô,Hen - Asthma,6-10 tu?i,6
2026-01,2026,1,Mùa khô,Hen - Asthma,D??i 1 tu?i,1
2026-01,2026,1,Mùa khô,Hậu quả của các nguyên nhân bên ngoài khác và không xác định - Other and unspecified effects of external causes,1-5 tu?i,6
2026-01,2026,1,Mùa khô,Hậu quả của các nguyên nhân bên ngoài khác và không xác định - Other and unspecified effects of external causes,11-15 tu?i,1
2026-01,2026,1,Mùa khô,Hậu quả của các nguyên nhân bên ngoài khác và không xác định - Other and unspecified effects of external causes,6-10 tu?i,2
2026-01,2026,1,Mùa khô,Không rõ nhóm bệnh,6-10 tu?i,2
2026-01,2026,1,Mùa khô,Thuỷ đậu và zôna - Varicella and Zoster,1-5 tu?i,2
2026-01,2026,1,Mùa khô,Thuỷ đậu và zôna - Varicella and Zoster,D??i 1 tu?i,1
2026-01,2026,1,Mùa khô,"Thừa bao qui đầu, hẹp và nghẹt bao qui đầu - Redundant prepuce, phimosis and paraphimosis",1-5 tu?i,1
2026-01,2026,1,Mùa khô,"Thừa bao qui đầu, hẹp và nghẹt bao qui đầu - Redundant prepuce, phimosis and paraphimosis",6-10 tu?i,4
2026-01,2026,1,Mùa khô,"Tắc liệt ruột và tắc ruột không do thoát vị - Paralytic ileus, intestinal obstruction without hernia",1-5 tu?i,3
2026-01,2026,1,Mùa khô,"Tổn thương chảy máu, bệnh khác của máu và cơ quan tạo máu - Haemorrhagic conditions and other diseases of blood, blood",1-5 tu?i,3
2026-01,2026,1,Mùa khô,"Tổn thương chảy máu, bệnh khác của máu và cơ quan tạo máu - Haemorrhagic conditions and other diseases of blood, blood",6-10 tu?i,2
2026-01,2026,1,Mùa khô,Viêm cấp đường hô hấp trên khác - Other acute upper respiratory infections,1-5 tu?i,29
2026-01,2026,1,Mùa khô,Viêm cấp đường hô hấp trên khác - Other acute upper respiratory infections,11-15 tu?i,2
2026-01,2026,1,Mùa khô,Viêm cấp đường hô hấp trên khác - Other acute upper respiratory infections,6-10 tu?i,20
2026-01,2026,1,Mùa khô,Viêm cấp đường hô hấp trên khác - Other acute upper respiratory infections,D??i 1 tu?i,3
2026-01,2026,1,Mùa khô,Viêm họng và viêm amidan cấp - Acute pharyngitis and acute tonsillitis,1-5 tu?i,23
2026-01,2026,1,Mùa khô,Viêm họng và viêm amidan cấp - Acute pharyngitis and acute tonsillitis,11-15 tu?i,1
2026-01,2026,1,Mùa khô,Viêm họng và viêm amidan cấp - Acute pharyngitis and acute tonsillitis,6-10 tu?i,11
2026-01,2026,1,Mùa khô,Viêm họng và viêm amidan cấp - Acute pharyngitis and acute tonsillitis,D??i 1 tu?i,2
2026-01,2026,1,Mùa khô,Viêm phế quản và viêm tiểu phế quản cấp - Acute bronchitis and acute bronchiolitis,1-5 tu?i,32
2026-01,2026,1,Mùa khô,Viêm phế quản và viêm tiểu phế quản cấp - Acute bronchitis and acute bronchiolitis,11-15 tu?i,4
2026-01,2026,1,Mùa khô,Viêm phế quản và viêm tiểu phế quản cấp - Acute bronchitis and acute bronchiolitis,6-10 tu?i,5
2026-01,2026,1,Mùa khô,Viêm phế quản và viêm tiểu phế quản cấp - Acute bronchitis and acute bronchiolitis,D??i 1 tu?i,27
2026-01,2026,1,Mùa khô,Động kinh - Epilepsy,1-5 tu?i,1
2026-01,2026,1,Mùa khô,Động kinh - Epilepsy,11-15 tu?i,1
2026-01,2026,1,Mùa khô,Động kinh - Epilepsy,6-10 tu?i,2
2026-01,2026,1,Mùa khô,"Ỉa chảy, viêm dạy dày, ruột non có nguồn gốc nhiễm khuẩn - Diarrhoea and gastroenteritis of presumed infectious origin.",1-5 tu?i,14
2026-01,2026,1,Mùa khô,"Ỉa chảy, viêm dạy dày, ruột non có nguồn gốc nhiễm khuẩn - Diarrhoea and gastroenteritis of presumed infectious origin.",11-15 tu?i,1
2026-01,2026,1,Mùa khô,"Ỉa chảy, viêm dạy dày, ruột non có nguồn gốc nhiễm khuẩn - Diarrhoea and gastroenteritis of presumed infectious origin.",6-10 tu?i,1
2026-01,2026,1,Mùa khô,"Ỉa chảy, viêm dạy dày, ruột non có nguồn gốc nhiễm khuẩn - Diarrhoea and gastroenteritis of presumed infectious origin.",D??i 1 tu?i,9
2026-02,2026,2,Mùa khô,Bệnh khác của ruột non và màng bụng - Other diseases of intestine peritoneum,1-5 tu?i,7
2026-02,2026,2,Mùa khô,Bệnh khác của ruột non và màng bụng - Other diseases of intestine peritoneum,11-15 tu?i,1
2026-02,2026,2,Mùa khô,Bệnh khác của ruột non và màng bụng - Other diseases of intestine peritoneum,6-10 tu?i,7
2026-02,2026,2,Mùa khô,"Bệnh khác của thực quản, dạ dày và tá tràng - Other diseases of oesophagus, stomach, duodenum",11-15 tu?i,3
2026-02,2026,2,Mùa khô,"Bệnh khác của thực quản, dạ dày và tá tràng - Other diseases of oesophagus, stomach, duodenum",6-10 tu?i,1
2026-02,2026,2,Mùa khô,Bệnh virut khác - Other viral diseases,1-5 tu?i,12
2026-02,2026,2,Mùa khô,Bệnh virut khác - Other viral diseases,6-10 tu?i,1
2026-02,2026,2,Mùa khô,Bệnh virut khác - Other viral diseases,D??i 1 tu?i,5
2026-02,2026,2,Mùa khô,Các bệnh nhiễm khuẩn ruột khác - Other intestinal infectious diseases,1-5 tu?i,7
2026-02,2026,2,Mùa khô,Các bệnh nhiễm khuẩn ruột khác - Other intestinal infectious diseases,11-15 tu?i,1
2026-02,2026,2,Mùa khô,Các bệnh nhiễm khuẩn ruột khác - Other intestinal infectious diseases,6-10 tu?i,6
2026-02,2026,2,Mùa khô,Các bệnh viêm phổi - Pneumonia,1-5 tu?i,26
2026-02,2026,2,Mùa khô,Các bệnh viêm phổi - Pneumonia,11-15 tu?i,2
2026-02,2026,2,Mùa khô,Các bệnh viêm phổi - Pneumonia,6-10 tu?i,1
2026-02,2026,2,Mùa khô,Các bệnh viêm phổi - Pneumonia,D??i 1 tu?i,13
2026-02,2026,2,Mùa khô,Cúm - Influenza,1-5 tu?i,6
2026-02,2026,2,Mùa khô,Cúm - Influenza,11-15 tu?i,1
2026-02,2026,2,Mùa khô,Cúm - Influenza,6-10 tu?i,5
2026-02,2026,2,Mùa khô,Cúm - Influenza,D??i 1 tu?i,1
2026-02,2026,2,Mùa khô,Gãy các phần khác của chi do lao động và giao thông - Fracture of other lim bones,1-5 tu?i,3
2026-02,2026,2,Mùa khô,Gãy các phần khác của chi do lao động và giao thông - Fracture of other lim bones,11-15 tu?i,3
2026-02,2026,2,Mùa khô,Gãy các phần khác của chi do lao động và giao thông - Fracture of other lim bones,6-10 tu?i,1
2026-02,2026,2,Mùa khô,Hen - Asthma,11-15 tu?i,1
2026-02,2026,2,Mùa khô,Hen - Asthma,6-10 tu?i,2
2026-02,2026,2,Mùa khô,Hậu quả của các nguyên nhân bên ngoài khác và không xác định - Other and unspecified effects of external causes,1-5 tu?i,3
2026-02,2026,2,Mùa khô,Hậu quả của các nguyên nhân bên ngoài khác và không xác định - Other and unspecified effects of external causes,6-10 tu?i,1
2026-02,2026,2,Mùa khô,Không rõ nhóm bệnh,1-5 tu?i,2
2026-02,2026,2,Mùa khô,Không rõ nhóm bệnh,11-15 tu?i,1
2026-02,2026,2,Mùa khô,Không rõ nhóm bệnh,D??i 1 tu?i,3
2026-02,2026,2,Mùa khô,Thuỷ đậu và zôna - Varicella and Zoster,1-5 tu?i,3
2026-02,2026,2,Mùa khô,Thuỷ đậu và zôna - Varicella and Zoster,6-10 tu?i,2
2026-02,2026,2,Mùa khô,Thuỷ đậu và zôna - Varicella and Zoster,D??i 1 tu?i,2
2026-02,2026,2,Mùa khô,"Thừa bao qui đầu, hẹp và nghẹt bao qui đầu - Redundant prepuce, phimosis and paraphimosis",1-5 tu?i,3
2026-02,2026,2,Mùa khô,"Thừa bao qui đầu, hẹp và nghẹt bao qui đầu - Redundant prepuce, phimosis and paraphimosis",6-10 tu?i,5
2026-02,2026,2,Mùa khô,"Tổn thương chảy máu, bệnh khác của máu và cơ quan tạo máu - Haemorrhagic conditions and other diseases of blood, blood",1-5 tu?i,2
2026-02,2026,2,Mùa khô,"Tổn thương chảy máu, bệnh khác của máu và cơ quan tạo máu - Haemorrhagic conditions and other diseases of blood, blood",6-10 tu?i,4
2026-02,2026,2,Mùa khô,Viêm cấp đường hô hấp trên khác - Other acute upper respiratory infections,1-5 tu?i,18
2026-02,2026,2,Mùa khô,Viêm cấp đường hô hấp trên khác - Other acute upper respiratory infections,11-15 tu?i,1
2026-02,2026,2,Mùa khô,Viêm cấp đường hô hấp trên khác - Other acute upper respiratory infections,6-10 tu?i,20
2026-02,2026,2,Mùa khô,Viêm cấp đường hô hấp trên khác - Other acute upper respiratory infections,D??i 1 tu?i,1
2026-02,2026,2,Mùa khô,Viêm họng và viêm amidan cấp - Acute pharyngitis and acute tonsillitis,1-5 tu?i,16
2026-02,2026,2,Mùa khô,Viêm họng và viêm amidan cấp - Acute pharyngitis and acute tonsillitis,6-10 tu?i,13
2026-02,2026,2,Mùa khô,Viêm phế quản và viêm tiểu phế quản cấp - Acute bronchitis and acute bronchiolitis,1-5 tu?i,25
2026-02,2026,2,Mùa khô,Viêm phế quản và viêm tiểu phế quản cấp - Acute bronchitis and acute bronchiolitis,11-15 tu?i,1
2026-02,2026,2,Mùa khô,Viêm phế quản và viêm tiểu phế quản cấp - Acute bronchitis and acute bronchiolitis,6-10 tu?i,2
2026-02,2026,2,Mùa khô,Viêm phế quản và viêm tiểu phế quản cấp - Acute bronchitis and acute bronchiolitis,D??i 1 tu?i,17
2026-02,2026,2,Mùa khô,Động kinh - Epilepsy,11-15 tu?i,2
2026-02,2026,2,Mùa khô,Động kinh - Epilepsy,6-10 tu?i,1
2026-02,2026,2,Mùa khô,Động kinh - Epilepsy,D??i 1 tu?i,1
2026-02,2026,2,Mùa khô,"Ỉa chảy, viêm dạy dày, ruột non có nguồn gốc nhiễm khuẩn - Diarrhoea and gastroenteritis of presumed infectious origin.",1-5 tu?i,15
2026-02,2026,2,Mùa khô,"Ỉa chảy, viêm dạy dày, ruột non có nguồn gốc nhiễm khuẩn - Diarrhoea and gastroenteritis of presumed infectious origin.",11-15 tu?i,1
2026-02,2026,2,Mùa khô,"Ỉa chảy, viêm dạy dày, ruột non có nguồn gốc nhiễm khuẩn - Diarrhoea and gastroenteritis of presumed infectious origin.",6-10 tu?i,2
2026-02,2026,2,Mùa khô,"Ỉa chảy, viêm dạy dày, ruột non có nguồn gốc nhiễm khuẩn - Diarrhoea and gastroenteritis of presumed infectious origin.",D??i 1 tu?i,8
2026-03,2026,3,Mùa khô,Bệnh khác của ruột non và màng bụng - Other diseases of intestine peritoneum,1-5 tu?i,8
2026-03,2026,3,Mùa khô,Bệnh khác của ruột non và màng bụng - Other diseases of intestine peritoneum,6-10 tu?i,3
2026-03,2026,3,Mùa khô,"Bệnh khác của thực quản, dạ dày và tá tràng - Other diseases of oesophagus, stomach, duodenum",1-5 tu?i,2
2026-03,2026,3,Mùa khô,"Bệnh khác của thực quản, dạ dày và tá tràng - Other diseases of oesophagus, stomach, duodenum",11-15 tu?i,1
2026-03,2026,3,Mùa khô,"Bệnh khác của thực quản, dạ dày và tá tràng - Other diseases of oesophagus, stomach, duodenum",6-10 tu?i,1
2026-03,2026,3,Mùa khô,"Bệnh khác của thực quản, dạ dày và tá tràng - Other diseases of oesophagus, stomach, duodenum",D??i 1 tu?i,2
2026-03,2026,3,Mùa khô,Bệnh virut khác - Other viral diseases,1-5 tu?i,20
2026-03,2026,3,Mùa khô,Bệnh virut khác - Other viral diseases,11-15 tu?i,1
2026-03,2026,3,Mùa khô,Bệnh virut khác - Other viral diseases,6-10 tu?i,2
2026-03,2026,3,Mùa khô,Bệnh virut khác - Other viral diseases,D??i 1 tu?i,11
2026-03,2026,3,Mùa khô,Các bệnh nhiễm khuẩn ruột khác - Other intestinal infectious diseases,1-5 tu?i,3
2026-03,2026,3,Mùa khô,Các bệnh nhiễm khuẩn ruột khác - Other intestinal infectious diseases,6-10 tu?i,2
2026-03,2026,3,Mùa khô,Các bệnh nhiễm khuẩn ruột khác - Other intestinal infectious diseases,D??i 1 tu?i,1
2026-03,2026,3,Mùa khô,Các bệnh viêm phổi - Pneumonia,1-5 tu?i,18
2026-03,2026,3,Mùa khô,Các bệnh viêm phổi - Pneumonia,11-15 tu?i,2
2026-03,2026,3,Mùa khô,Các bệnh viêm phổi - Pneumonia,6-10 tu?i,3
2026-03,2026,3,Mùa khô,Các bệnh viêm phổi - Pneumonia,D??i 1 tu?i,18
2026-03,2026,3,Mùa khô,Cúm - Influenza,1-5 tu?i,3
2026-03,2026,3,Mùa khô,Cúm - Influenza,6-10 tu?i,9
2026-03,2026,3,Mùa khô,Gãy các phần khác của chi do lao động và giao thông - Fracture of other lim bones,11-15 tu?i,3
2026-03,2026,3,Mùa khô,Gãy các phần khác của chi do lao động và giao thông - Fracture of other lim bones,6-10 tu?i,2
2026-03,2026,3,Mùa khô,Gãy các phần khác của chi do lao động và giao thông - Fracture of other lim bones,D??i 1 tu?i,2
2026-03,2026,3,Mùa khô,Hen - Asthma,11-15 tu?i,2
2026-03,2026,3,Mùa khô,Hen - Asthma,6-10 tu?i,1
2026-03,2026,3,Mùa khô,Hen - Asthma,D??i 1 tu?i,1
2026-03,2026,3,Mùa khô,Hậu quả của các nguyên nhân bên ngoài khác và không xác định - Other and unspecified effects of external causes,1-5 tu?i,1
2026-03,2026,3,Mùa khô,Hậu quả của các nguyên nhân bên ngoài khác và không xác định - Other and unspecified effects of external causes,6-10 tu?i,4
2026-03,2026,3,Mùa khô,Không rõ nhóm bệnh,1-5 tu?i,3
2026-03,2026,3,Mùa khô,Không rõ nhóm bệnh,D??i 1 tu?i,2
2026-03,2026,3,Mùa khô,Thuỷ đậu và zôna - Varicella and Zoster,1-5 tu?i,3
2026-03,2026,3,Mùa khô,Thuỷ đậu và zôna - Varicella and Zoster,6-10 tu?i,1
2026-03,2026,3,Mùa khô,Thuỷ đậu và zôna - Varicella and Zoster,D??i 1 tu?i,2
2026-03,2026,3,Mùa khô,"Thừa bao qui đầu, hẹp và nghẹt bao qui đầu - Redundant prepuce, phimosis and paraphimosis",1-5 tu?i,4
2026-03,2026,3,Mùa khô,"Thừa bao qui đầu, hẹp và nghẹt bao qui đầu - Redundant prepuce, phimosis and paraphimosis",6-10 tu?i,3
2026-03,2026,3,Mùa khô,"Tắc liệt ruột và tắc ruột không do thoát vị - Paralytic ileus, intestinal obstruction without hernia",1-5 tu?i,4
2026-03,2026,3,Mùa khô,"Tắc liệt ruột và tắc ruột không do thoát vị - Paralytic ileus, intestinal obstruction without hernia",6-10 tu?i,2
2026-03,2026,3,Mùa khô,"Tổn thương chảy máu, bệnh khác của máu và cơ quan tạo máu - Haemorrhagic conditions and other diseases of blood, blood",1-5 tu?i,1
2026-03,2026,3,Mùa khô,"Tổn thương chảy máu, bệnh khác của máu và cơ quan tạo máu - Haemorrhagic conditions and other diseases of blood, blood",6-10 tu?i,1
2026-03,2026,3,Mùa khô,"Tổn thương chảy máu, bệnh khác của máu và cơ quan tạo máu - Haemorrhagic conditions and other diseases of blood, blood",D??i 1 tu?i,2
2026-03,2026,3,Mùa khô,Viêm cấp đường hô hấp trên khác - Other acute upper respiratory infections,1-5 tu?i,16
2026-03,2026,3,Mùa khô,Viêm cấp đường hô hấp trên khác - Other acute upper respiratory infections,11-15 tu?i,1
2026-03,2026,3,Mùa khô,Viêm cấp đường hô hấp trên khác - Other acute upper respiratory infections,6-10 tu?i,13
2026-03,2026,3,Mùa khô,Viêm cấp đường hô hấp trên khác - Other acute upper respiratory infections,D??i 1 tu?i,6
2026-03,2026,3,Mùa khô,Viêm họng và viêm amidan cấp - Acute pharyngitis and acute tonsillitis,1-5 tu?i,22
2026-03,2026,3,Mùa khô,Viêm họng và viêm amidan cấp - Acute pharyngitis and acute tonsillitis,11-15 tu?i,1
2026-03,2026,3,Mùa khô,Viêm họng và viêm amidan cấp - Acute pharyngitis and acute tonsillitis,6-10 tu?i,16
2026-03,2026,3,Mùa khô,Viêm họng và viêm amidan cấp - Acute pharyngitis and acute tonsillitis,D??i 1 tu?i,2
2026-03,2026,3,Mùa khô,Viêm phế quản và viêm tiểu phế quản cấp - Acute bronchitis and acute bronchiolitis,1-5 tu?i,32
2026-03,2026,3,Mùa khô,Viêm phế quản và viêm tiểu phế quản cấp - Acute bronchitis and acute bronchiolitis,11-15 tu?i,3
2026-03,2026,3,Mùa khô,Viêm phế quản và viêm tiểu phế quản cấp - Acute bronchitis and acute bronchiolitis,6-10 tu?i,9
2026-03,2026,3,Mùa khô,Viêm phế quản và viêm tiểu phế quản cấp - Acute bronchitis and acute bronchiolitis,D??i 1 tu?i,24
2026-03,2026,3,Mùa khô,Động kinh - Epilepsy,11-15 tu?i,1
2026-03,2026,3,Mùa khô,"Ỉa chảy, viêm dạy dày, ruột non có nguồn gốc nhiễm khuẩn - Diarrhoea and gastroenteritis of presumed infectious origin.",1-5 tu?i,5
2026-03,2026,3,Mùa khô,"Ỉa chảy, viêm dạy dày, ruột non có nguồn gốc nhiễm khuẩn - Diarrhoea and gastroenteritis of presumed infectious origin.",11-15 tu?i,1
2026-03,2026,3,Mùa khô,"Ỉa chảy, viêm dạy dày, ruột non có nguồn gốc nhiễm khuẩn - Diarrhoea and gastroenteritis of presumed infectious origin.",D??i 1 tu?i,13
2026-04,2026,4,Mùa khô,Bệnh khác của ruột non và màng bụng - Other diseases of intestine peritoneum,1-5 tu?i,8
2026-04,2026,4,Mùa khô,Bệnh khác của ruột non và màng bụng - Other diseases of intestine peritoneum,6-10 tu?i,5
2026-04,2026,4,Mùa khô,"Bệnh khác của thực quản, dạ dày và tá tràng - Other diseases of oesophagus, stomach, duodenum",1-5 tu?i,1
2026-04,2026,4,Mùa khô,"Bệnh khác của thực quản, dạ dày và tá tràng - Other diseases of oesophagus, stomach, duodenum",11-15 tu?i,5
2026-04,2026,4,Mùa khô,"Bệnh khác của thực quản, dạ dày và tá tràng - Other diseases of oesophagus, stomach, duodenum",6-10 tu?i,6
2026-04,2026,4,Mùa khô,Bệnh virut khác - Other viral diseases,1-5 tu?i,25
2026-04,2026,4,Mùa khô,Bệnh virut khác - Other viral diseases,11-15 tu?i,1
2026-04,2026,4,Mùa khô,Bệnh virut khác - Other viral diseases,6-10 tu?i,6
2026-04,2026,4,Mùa khô,Bệnh virut khác - Other viral diseases,D??i 1 tu?i,16
2026-04,2026,4,Mùa khô,Các bệnh nhiễm khuẩn ruột khác - Other intestinal infectious diseases,1-5 tu?i,3
2026-04,2026,4,Mùa khô,Các bệnh nhiễm khuẩn ruột khác - Other intestinal infectious diseases,6-10 tu?i,1
2026-04,2026,4,Mùa khô,Các bệnh viêm phổi - Pneumonia,1-5 tu?i,18
2026-04,2026,4,Mùa khô,Các bệnh viêm phổi - Pneumonia,11-15 tu?i,1
2026-04,2026,4,Mùa khô,Các bệnh viêm phổi - Pneumonia,6-10 tu?i,2
2026-04,2026,4,Mùa khô,Các bệnh viêm phổi - Pneumonia,D??i 1 tu?i,16
2026-04,2026,4,Mùa khô,Cúm - Influenza,1-5 tu?i,3
2026-04,2026,4,Mùa khô,Cúm - Influenza,6-10 tu?i,4
2026-04,2026,4,Mùa khô,Gãy các phần khác của chi do lao động và giao thông - Fracture of other lim bones,11-15 tu?i,5
2026-04,2026,4,Mùa khô,Gãy các phần khác của chi do lao động và giao thông - Fracture of other lim bones,6-10 tu?i,4
2026-04,2026,4,Mùa khô,Gãy các phần khác của chi do lao động và giao thông - Fracture of other lim bones,D??i 1 tu?i,1
2026-04,2026,4,Mùa khô,Hen - Asthma,1-5 tu?i,2
2026-04,2026,4,Mùa khô,Hen - Asthma,11-15 tu?i,2
2026-04,2026,4,Mùa khô,Hen - Asthma,6-10 tu?i,3
2026-04,2026,4,Mùa khô,Hen - Asthma,D??i 1 tu?i,1
2026-04,2026,4,Mùa khô,Hậu quả của các nguyên nhân bên ngoài khác và không xác định - Other and unspecified effects of external causes,1-5 tu?i,4
2026-04,2026,4,Mùa khô,Hậu quả của các nguyên nhân bên ngoài khác và không xác định - Other and unspecified effects of external causes,D??i 1 tu?i,1
2026-04,2026,4,Mùa khô,Không rõ nhóm bệnh,1-5 tu?i,5
2026-04,2026,4,Mùa khô,Không rõ nhóm bệnh,6-10 tu?i,1
2026-04,2026,4,Mùa khô,Không rõ nhóm bệnh,D??i 1 tu?i,6
2026-04,2026,4,Mùa khô,Thuỷ đậu và zôna - Varicella and Zoster,1-5 tu?i,7
2026-04,2026,4,Mùa khô,Thuỷ đậu và zôna - Varicella and Zoster,11-15 tu?i,1
2026-04,2026,4,Mùa khô,Thuỷ đậu và zôna - Varicella and Zoster,6-10 tu?i,3
2026-04,2026,4,Mùa khô,"Thừa bao qui đầu, hẹp và nghẹt bao qui đầu - Redundant prepuce, phimosis and paraphimosis",1-5 tu?i,1
2026-04,2026,4,Mùa khô,"Thừa bao qui đầu, hẹp và nghẹt bao qui đầu - Redundant prepuce, phimosis and paraphimosis",6-10 tu?i,1
2026-04,2026,4,Mùa khô,"Thừa bao qui đầu, hẹp và nghẹt bao qui đầu - Redundant prepuce, phimosis and paraphimosis",D??i 1 tu?i,2
2026-04,2026,4,Mùa khô,"Tắc liệt ruột và tắc ruột không do thoát vị - Paralytic ileus, intestinal obstruction without hernia",6-10 tu?i,1
2026-04,2026,4,Mùa khô,"Tổn thương chảy máu, bệnh khác của máu và cơ quan tạo máu - Haemorrhagic conditions and other diseases of blood, blood",1-5 tu?i,3
2026-04,2026,4,Mùa khô,"Tổn thương chảy máu, bệnh khác của máu và cơ quan tạo máu - Haemorrhagic conditions and other diseases of blood, blood",6-10 tu?i,5
2026-04,2026,4,Mùa khô,Viêm cấp đường hô hấp trên khác - Other acute upper respiratory infections,1-5 tu?i,18
2026-04,2026,4,Mùa khô,Viêm cấp đường hô hấp trên khác - Other acute upper respiratory infections,11-15 tu?i,1
2026-04,2026,4,Mùa khô,Viêm cấp đường hô hấp trên khác - Other acute upper respiratory infections,6-10 tu?i,21
2026-04,2026,4,Mùa khô,Viêm cấp đường hô hấp trên khác - Other acute upper respiratory infections,D??i 1 tu?i,4
2026-04,2026,4,Mùa khô,Viêm họng và viêm amidan cấp - Acute pharyngitis and acute tonsillitis,1-5 tu?i,14
2026-04,2026,4,Mùa khô,Viêm họng và viêm amidan cấp - Acute pharyngitis and acute tonsillitis,6-10 tu?i,6
2026-04,2026,4,Mùa khô,Viêm họng và viêm amidan cấp - Acute pharyngitis and acute tonsillitis,D??i 1 tu?i,3
2026-04,2026,4,Mùa khô,Viêm phế quản và viêm tiểu phế quản cấp - Acute bronchitis and acute bronchiolitis,1-5 tu?i,22
2026-04,2026,4,Mùa khô,Viêm phế quản và viêm tiểu phế quản cấp - Acute bronchitis and acute bronchiolitis,11-15 tu?i,5
2026-04,2026,4,Mùa khô,Viêm phế quản và viêm tiểu phế quản cấp - Acute bronchitis and acute bronchiolitis,6-10 tu?i,3
2026-04,2026,4,Mùa khô,Viêm phế quản và viêm tiểu phế quản cấp - Acute bronchitis and acute bronchiolitis,D??i 1 tu?i,27
2026-04,2026,4,Mùa khô,Động kinh - Epilepsy,1-5 tu?i,1
2026-04,2026,4,Mùa khô,Động kinh - Epilepsy,11-15 tu?i,3
2026-04,2026,4,Mùa khô,Động kinh - Epilepsy,6-10 tu?i,2
2026-04,2026,4,Mùa khô,Động kinh - Epilepsy,D??i 1 tu?i,1
2026-04,2026,4,Mùa khô,"Ỉa chảy, viêm dạy dày, ruột non có nguồn gốc nhiễm khuẩn - Diarrhoea and gastroenteritis of presumed infectious origin.",1-5 tu?i,10
2026-04,2026,4,Mùa khô,"Ỉa chảy, viêm dạy dày, ruột non có nguồn gốc nhiễm khuẩn - Diarrhoea and gastroenteritis of presumed infectious origin.",11-15 tu?i,2
2026-04,2026,4,Mùa khô,"Ỉa chảy, viêm dạy dày, ruột non có nguồn gốc nhiễm khuẩn - Diarrhoea and gastroenteritis of presumed infectious origin.",6-10 tu?i,1
2026-04,2026,4,Mùa khô,"Ỉa chảy, viêm dạy dày, ruột non có nguồn gốc nhiễm khuẩn - Diarrhoea and gastroenteritis of presumed infectious origin.",D??i 1 tu?i,6
2026-05,2026,5,Mùa mưa,Bệnh khác của ruột non và màng bụng - Other diseases of intestine peritoneum,1-5 tu?i,5
2026-05,2026,5,Mùa mưa,Bệnh khác của ruột non và màng bụng - Other diseases of intestine peritoneum,6-10 tu?i,12
2026-05,2026,5,Mùa mưa,Bệnh khác của ruột non và màng bụng - Other diseases of intestine peritoneum,D??i 1 tu?i,6
2026-05,2026,5,Mùa mưa,"Bệnh khác của thực quản, dạ dày và tá tràng - Other diseases of oesophagus, stomach, duodenum",1-5 tu?i,2
2026-05,2026,5,Mùa mưa,"Bệnh khác của thực quản, dạ dày và tá tràng - Other diseases of oesophagus, stomach, duodenum",11-15 tu?i,2
2026-05,2026,5,Mùa mưa,"Bệnh khác của thực quản, dạ dày và tá tràng - Other diseases of oesophagus, stomach, duodenum",6-10 tu?i,3
2026-05,2026,5,Mùa mưa,Bệnh virut khác - Other viral diseases,1-5 tu?i,30
2026-05,2026,5,Mùa mưa,Bệnh virut khác - Other viral diseases,6-10 tu?i,4
2026-05,2026,5,Mùa mưa,Bệnh virut khác - Other viral diseases,D??i 1 tu?i,8
2026-05,2026,5,Mùa mưa,Các bệnh nhiễm khuẩn ruột khác - Other intestinal infectious diseases,1-5 tu?i,5
2026-05,2026,5,Mùa mưa,Các bệnh nhiễm khuẩn ruột khác - Other intestinal infectious diseases,6-10 tu?i,7
2026-05,2026,5,Mùa mưa,Các bệnh nhiễm khuẩn ruột khác - Other intestinal infectious diseases,D??i 1 tu?i,1
2026-05,2026,5,Mùa mưa,Các bệnh viêm phổi - Pneumonia,1-5 tu?i,10
2026-05,2026,5,Mùa mưa,Các bệnh viêm phổi - Pneumonia,11-15 tu?i,1
2026-05,2026,5,Mùa mưa,Các bệnh viêm phổi - Pneumonia,6-10 tu?i,2
2026-05,2026,5,Mùa mưa,Các bệnh viêm phổi - Pneumonia,D??i 1 tu?i,11
2026-05,2026,5,Mùa mưa,Cúm - Influenza,1-5 tu?i,6
2026-05,2026,5,Mùa mưa,Cúm - Influenza,6-10 tu?i,3
2026-05,2026,5,Mùa mưa,Cúm - Influenza,D??i 1 tu?i,1
2026-05,2026,5,Mùa mưa,Gãy các phần khác của chi do lao động và giao thông - Fracture of other lim bones,11-15 tu?i,3
2026-05,2026,5,Mùa mưa,Gãy các phần khác của chi do lao động và giao thông - Fracture of other lim bones,6-10 tu?i,4
2026-05,2026,5,Mùa mưa,Hen - Asthma,11-15 tu?i,3
2026-05,2026,5,Mùa mưa,Hen - Asthma,6-10 tu?i,4
2026-05,2026,5,Mùa mưa,Hen - Asthma,D??i 1 tu?i,1
2026-05,2026,5,Mùa mưa,Hậu quả của các nguyên nhân bên ngoài khác và không xác định - Other and unspecified effects of external causes,1-5 tu?i,1
2026-05,2026,5,Mùa mưa,Hậu quả của các nguyên nhân bên ngoài khác và không xác định - Other and unspecified effects of external causes,6-10 tu?i,1
2026-05,2026,5,Mùa mưa,Hậu quả của các nguyên nhân bên ngoài khác và không xác định - Other and unspecified effects of external causes,D??i 1 tu?i,1
2026-05,2026,5,Mùa mưa,Không rõ nhóm bệnh,1-5 tu?i,2
2026-05,2026,5,Mùa mưa,Không rõ nhóm bệnh,6-10 tu?i,1
2026-05,2026,5,Mùa mưa,Không rõ nhóm bệnh,D??i 1 tu?i,6
2026-05,2026,5,Mùa mưa,Thuỷ đậu và zôna - Varicella and Zoster,1-5 tu?i,3
2026-05,2026,5,Mùa mưa,"Thừa bao qui đầu, hẹp và nghẹt bao qui đầu - Redundant prepuce, phimosis and paraphimosis",1-5 tu?i,2
2026-05,2026,5,Mùa mưa,"Thừa bao qui đầu, hẹp và nghẹt bao qui đầu - Redundant prepuce, phimosis and paraphimosis",6-10 tu?i,3
2026-05,2026,5,Mùa mưa,"Tắc liệt ruột và tắc ruột không do thoát vị - Paralytic ileus, intestinal obstruction without hernia",1-5 tu?i,2
2026-05,2026,5,Mùa mưa,"Tắc liệt ruột và tắc ruột không do thoát vị - Paralytic ileus, intestinal obstruction without hernia",6-10 tu?i,1
2026-05,2026,5,Mùa mưa,Viêm cấp đường hô hấp trên khác - Other acute upper respiratory infections,1-5 tu?i,18
2026-05,2026,5,Mùa mưa,Viêm cấp đường hô hấp trên khác - Other acute upper respiratory infections,6-10 tu?i,8
2026-05,2026,5,Mùa mưa,Viêm cấp đường hô hấp trên khác - Other acute upper respiratory infections,D??i 1 tu?i,2
2026-05,2026,5,Mùa mưa,Viêm họng và viêm amidan cấp - Acute pharyngitis and acute tonsillitis,1-5 tu?i,15
2026-05,2026,5,Mùa mưa,Viêm họng và viêm amidan cấp - Acute pharyngitis and acute tonsillitis,6-10 tu?i,6
2026-05,2026,5,Mùa mưa,Viêm phế quản và viêm tiểu phế quản cấp - Acute bronchitis and acute bronchiolitis,1-5 tu?i,18
2026-05,2026,5,Mùa mưa,Viêm phế quản và viêm tiểu phế quản cấp - Acute bronchitis and acute bronchiolitis,6-10 tu?i,2
2026-05,2026,5,Mùa mưa,Viêm phế quản và viêm tiểu phế quản cấp - Acute bronchitis and acute bronchiolitis,D??i 1 tu?i,10
2026-05,2026,5,Mùa mưa,Động kinh - Epilepsy,1-5 tu?i,1
2026-05,2026,5,Mùa mưa,Động kinh - Epilepsy,6-10 tu?i,1
2026-05,2026,5,Mùa mưa,"Ỉa chảy, viêm dạy dày, ruột non có nguồn gốc nhiễm khuẩn - Diarrhoea and gastroenteritis of presumed infectious origin.",1-5 tu?i,24
2026-05,2026,5,Mùa mưa,"Ỉa chảy, viêm dạy dày, ruột non có nguồn gốc nhiễm khuẩn - Diarrhoea and gastroenteritis of presumed infectious origin.",11-15 tu?i,1
2026-05,2026,5,Mùa mưa,"Ỉa chảy, viêm dạy dày, ruột non có nguồn gốc nhiễm khuẩn - Diarrhoea and gastroenteritis of presumed infectious origin.",6-10 tu?i,4
2026-05,2026,5,Mùa mưa,"Ỉa chảy, viêm dạy dày, ruột non có nguồn gốc nhiễm khuẩn - Diarrhoea and gastroenteritis of presumed infectious origin.",D??i 1 tu?i,12
