disease_id,disease_name,positive_fit_queries,n_estimators_locked,support_tier,model_complexity_flag,weather_importance,seasonal_importance,demographic_importance,weather_current_importance,weather_3d_importance,weather_7d_importance,model_path,model_sha256,model_bytes,manifest_index,top_feature_group,shap_additivity_max_abs_error,top_10_features,primary_example_warning
245,"Bệnh lí thai nhi và sơ sinh do biến chứng thai nghén, chửa, đẻ - Fetus and newborn affected by maternal factors and by complications of pregnancy, labour and delivery",14,1,LOW,VERY_SIMPLE_MODEL,0.9138088710194947,0.0,0.08619112898050538,0.0,0.47568619795652606,0.4381226730629686,models/disease_245.txt,5806ea395b55c12e9c1388b4955d048b762d86b539394b3131913668c4074b2c,5909,170,WEATHER_3D,2.6645352591003757e-15,"[{""feature"": ""temperature_min_7d"", ""human_label"": ""Nhiệt độ — 7 ngày gần đây"", ""feature_group"": ""WEATHER_7D"", ""mean_abs_shap"": 0.010245210507881528, ""normalized_importance"": 0.2686205046412621}, {""feature"": ""wind_gust_max_3d"", ""human_label"": ""Gió — 3 ngày gần đây"", ""feature_group"": ""WEATHER_3D"", ""mean_abs_shap"": 0.009834706100267966, ""normalized_importance"": 0.2578574362742639}, {""feature"": ""precipitation_sum_7d"", ""human_label"": ""Lượng mưa — 7 ngày gần đây"", ""feature_group"": ""WEATHER_7D"", ""mean_abs_shap"": 0.006464828138648428, ""normalized_importance"": 0.1695021684217065}, {""feature"": ""wind_speed_max_3d"", ""human_label"": ""Gió — 3 ngày gần đây"", ""feature_group"": ""WEATHER_3D"", ""mean_abs_shap"": 0.006460766851833349, ""normalized_importance"": 0.16939568501534602}, {""feature"": ""gender"", ""human_label"": ""Giới tính"", ""feature_group"": ""DEMOGRAPHIC"", ""mean_abs_shap"": 0.0032873375079707275, ""normalized_importance"": 0.08619112898050538}, {""feature"": ""precipitation_sum_3d"", ""human_label"": ""Lượng mưa — 3 ngày gần đây"", ""feature_group"": ""WEATHER_3D"", ""mean_abs_shap"": 0.0018472419544427428, ""normalized_importance"": 0.04843307666691614}, {""feature"": ""age_group"", ""human_label"": ""Nhóm tuổi"", ""feature_group"": ""DEMOGRAPHIC"", ""mean_abs_shap"": 0.0, ""normalized_importance"": 0.0}, {""feature"": ""month"", ""human_label"": ""Yếu tố mùa vụ theo tháng"", ""feature_group"": ""SEASONAL_CALENDAR"", ""mean_abs_shap"": 0.0, ""normalized_importance"": 0.0}, {""feature"": ""season"", ""human_label"": ""Mùa mưa / mùa khô"", ""feature_group"": ""SEASONAL_CALENDAR"", ""mean_abs_shap"": 0.0, ""normalized_importance"": 0.0}, {""feature"": ""day_of_year_sin"", ""human_label"": ""Thời điểm trong năm"", ""feature_group"": ""SEASONAL_CALENDAR"", ""mean_abs_shap"": 0.0, ""normalized_importance"": 0.0}]",DO_NOT_USE_AS_PRIMARY_WEATHER_EXAMPLE
115,"Tâm thần phân liệt, rối loạn dạng phân liệt và hoang tưởng - Schizophrenia, schiztypal and delusional disorders",119,4,MODERATE,SIMPLE_MODEL,0.8493860387039368,0.13571695126654698,0.014897010029516364,0.17374330886580341,0.07130850810850067,0.6043342217296327,models/disease_115.txt,22126339b52baa6c12fd45e0d276a6aa35ae00343bf474fc1674a35ca0073369,12093,70,WEATHER_7D,2.6645352591003757e-15,"[{""feature"": ""humidity_mean_7d"", ""human_label"": ""Độ ẩm — 7 ngày gần đây"", ""feature_group"": ""WEATHER_7D"", ""mean_abs_shap"": 0.08047080486611641, ""normalized_importance"": 0.24546760305609852}, {""feature"": ""temperature_max_current"", ""human_label"": ""Nhiệt độ — hiện tại"", ""feature_group"": ""WEATHER_CURRENT"", ""mean_abs_shap"": 0.05622132912125459, ""normalized_importance"": 0.1714971650026746}, {""feature"": ""day_of_year_sin"", ""human_label"": ""Thời điểm trong năm"", ""feature_group"": ""SEASONAL_CALENDAR"", ""mean_abs_shap"": 0.03977999704004729, ""normalized_importance"": 0.12134463597381881}, {""feature"": ""wind_speed_max_7d"", ""human_label"": ""Gió — 7 ngày gần đây"", ""feature_group"": ""WEATHER_7D"", ""mean_abs_shap"": 0.03881813791795493, ""normalized_importance"": 0.11841058736363683}, {""feature"": ""temperature_max_7d"", ""human_label"": ""Nhiệt độ — 7 ngày gần đây"", ""feature_group"": ""WEATHER_7D"", ""mean_abs_shap"": 0.02440721177978255, ""normalized_importance"": 0.07445159499564646}, {""feature"": ""wind_speed_mean_7d"", ""human_label"": ""Gió — 7 ngày gần đây"", ""feature_group"": ""WEATHER_7D"", ""mean_abs_shap"": 0.015044848190211235, ""normalized_importance"": 0.04589270394074365}, {""feature"": ""humidity_min_7d"", ""human_label"": ""Độ ẩm — 7 ngày gần đây"", ""feature_group"": ""WEATHER_7D"", ""mean_abs_shap"": 0.013556240401343508, ""normalized_importance"": 0.04135186473288505}, {""feature"": ""humidity_min_3d"", ""human_label"": ""Độ ẩm — 3 ngày gần đây"", ""feature_group"": ""WEATHER_3D"", ""mean_abs_shap"": 0.010950622621833125, ""normalized_importance"": 0.0334037057467671}, {""feature"": ""wind_speed_max_3d"", ""human_label"": ""Gió — 3 ngày gần đây"", ""feature_group"": ""WEATHER_3D"", ""mean_abs_shap"": 0.010846852101639852, ""normalized_importance"": 0.0330871648484611}, {""feature"": ""precipitation_sum_7d"", ""human_label"": ""Lượng mưa — 7 ngày gần đây"", ""feature_group"": ""WEATHER_7D"", ""mean_abs_shap"": 0.007979805860753957, ""normalized_importance"": 0.02434154623843038}]",DO_NOT_USE_AS_PRIMARY_WEATHER_EXAMPLE
242,Các biến chứng khác của chửa đẻ - Other complications pregnancy and delivery,14,1,LOW,VERY_SIMPLE_MODEL,0.8153960090119093,0.0,0.18460399098809063,0.0,0.23154429882557903,0.5838517101863303,models/disease_242.txt,1c78f1fab8e80860f603b53e604ce59c9bb3725ffff8dda79fa3fc8443e27934,5655,169,WEATHER_7D,2.6645352591003757e-15,"[{""feature"": ""temperature_max_7d"", ""human_label"": ""Nhiệt độ — 7 ngày gần đây"", ""feature_group"": ""WEATHER_7D"", ""mean_abs_shap"": 0.013592800512497016, ""normalized_importance"": 0.5202464399076967}, {""feature"": ""wind_speed_mean_3d"", ""human_label"": ""Gió — 3 ngày gần đây"", ""feature_group"": ""WEATHER_3D"", ""mean_abs_shap"": 0.006049701107614499, ""normalized_importance"": 0.23154429882557903}, {""feature"": ""gender"", ""human_label"": ""Giới tính"", ""feature_group"": ""DEMOGRAPHIC"", ""mean_abs_shap"": 0.004823262651748498, ""normalized_importance"": 0.18460399098809063}, {""feature"": ""temperature_min_7d"", ""human_label"": ""Nhiệt độ — 7 ngày gần đây"", ""feature_group"": ""WEATHER_7D"", ""mean_abs_shap"": 0.001661854236992601, ""normalized_importance"": 0.06360527027863362}, {""feature"": ""age_group"", ""human_label"": ""Nhóm tuổi"", ""feature_group"": ""DEMOGRAPHIC"", ""mean_abs_shap"": 0.0, ""normalized_importance"": 0.0}, {""feature"": ""month"", ""human_label"": ""Yếu tố mùa vụ theo tháng"", ""feature_group"": ""SEASONAL_CALENDAR"", ""mean_abs_shap"": 0.0, ""normalized_importance"": 0.0}, {""feature"": ""season"", ""human_label"": ""Mùa mưa / mùa khô"", ""feature_group"": ""SEASONAL_CALENDAR"", ""mean_abs_shap"": 0.0, ""normalized_importance"": 0.0}, {""feature"": ""day_of_year_sin"", ""human_label"": ""Thời điểm trong năm"", ""feature_group"": ""SEASONAL_CALENDAR"", ""mean_abs_shap"": 0.0, ""normalized_importance"": 0.0}, {""feature"": ""day_of_year_cos"", ""human_label"": ""Thời điểm trong năm"", ""feature_group"": ""SEASONAL_CALENDAR"", ""mean_abs_shap"": 0.0, ""normalized_importance"": 0.0}, {""feature"": ""weather_code_current"", ""human_label"": ""Trạng thái thời tiết — hiện tại"", ""feature_group"": ""WEATHER_CURRENT"", ""mean_abs_shap"": 0.0, ""normalized_importance"": 0.0}]",DO_NOT_USE_AS_PRIMARY_WEATHER_EXAMPLE
191,Bệnh túi thừa của ruột non - Diverticular disease of intestine,62,2,LOW,VERY_SIMPLE_MODEL,0.5939758627530215,0.4060241372469785,0.0,0.05057948168294915,0.00691049986006863,0.5364858812100037,models/disease_191.txt,2e96d2308aad96d90e114a7c9bd173cf65d0e41bfe99ee458715423aadf8b48c,7706,133,WEATHER_7D,2.6645352591003757e-15,"[{""feature"": ""day_of_year_cos"", ""human_label"": ""Thời điểm trong năm"", ""feature_group"": ""SEASONAL_CALENDAR"", ""mean_abs_shap"": 0.03824426880694826, ""normalized_importance"": 0.28188123829552003}, {""feature"": ""wind_speed_mean_7d"", ""human_label"": ""Gió — 7 ngày gần đây"", ""feature_group"": ""WEATHER_7D"", ""mean_abs_shap"": 0.028251089262110594, ""normalized_importance"": 0.20822602373703103}, {""feature"": ""temperature_max_7d"", ""human_label"": ""Nhiệt độ — 7 ngày gần đây"", ""feature_group"": ""WEATHER_7D"", ""mean_abs_shap"": 0.020943617555725755, ""normalized_importance"": 0.15436594907321627}, {""feature"": ""day_of_year_sin"", ""human_label"": ""Thời điểm trong năm"", ""feature_group"": ""SEASONAL_CALENDAR"", ""mean_abs_shap"": 0.014944175573983288, ""normalized_importance"": 0.11014677094139513}, {""feature"": ""humidity_mean_7d"", ""human_label"": ""Độ ẩm — 7 ngày gần đây"", ""feature_group"": ""WEATHER_7D"", ""mean_abs_shap"": 0.012087208514234478, ""normalized_importance"": 0.08908935664916023}, {""feature"": ""temperature_mean_current"", ""human_label"": ""Nhiệt độ — hiện tại"", ""feature_group"": ""WEATHER_CURRENT"", ""mean_abs_shap"": 0.006862376883596819, ""normalized_importance"": 0.05057948168294915}, {""feature"": ""temperature_min_7d"", ""human_label"": ""Nhiệt độ — 7 ngày gần đây"", ""feature_group"": ""WEATHER_7D"", ""mean_abs_shap"": 0.005860629000645455, ""normalized_importance"": 0.043196050321465146}, {""feature"": ""temperature_mean_7d"", ""human_label"": ""Nhiệt độ — 7 ngày gần đây"", ""feature_group"": ""WEATHER_7D"", ""mean_abs_shap"": 0.005645238125574347, ""normalized_importance"": 0.041608501429131015}, {""feature"": ""month"", ""human_label"": ""Yếu tố mùa vụ theo tháng"", ""feature_group"": ""SEASONAL_CALENDAR"", ""mean_abs_shap"": 0.001898926246776844, ""normalized_importance"": 0.013996128010063362}, {""feature"": ""wind_speed_mean_3d"", ""human_label"": ""Gió — 3 ngày gần đây"", ""feature_group"": ""WEATHER_3D"", ""mean_abs_shap"": 0.0009375828481417713, ""normalized_importance"": 0.00691049986006863}]",DO_NOT_USE_AS_PRIMARY_WEATHER_EXAMPLE
155,"Tai biến mạch máu não, không xác định rõ chảy máu hoặc do nhồi máu - Stroke, not specified as haemorrhage or infarction",14,16,LOW,NORMAL_MODEL,0.592902485234452,0.2814602353379436,0.12563727942760455,0.017197272118931597,0.026496872280196627,0.5492083408353238,models/disease_155.txt,d606e0b2bfb1181303a8fe0a9fe4aeb569e52d33d38a82f26036e8cc2075c71f,16557,103,WEATHER_7D,1.7763568394002505e-15,"[{""feature"": ""temperature_mean_7d"", ""human_label"": ""Nhiệt độ — 7 ngày gần đây"", ""feature_group"": ""WEATHER_7D"", ""mean_abs_shap"": 0.12037469149796458, ""normalized_importance"": 0.32860490466666215}, {""feature"": ""day_of_year_sin"", ""human_label"": ""Thời điểm trong năm"", ""feature_group"": ""SEASONAL_CALENDAR"", ""mean_abs_shap"": 0.07554190315553065, ""normalized_importance"": 0.20621809764040902}, {""feature"": ""wind_gust_max_7d"", ""human_label"": ""Gió — 7 ngày gần đây"", ""feature_group"": ""WEATHER_7D"", ""mean_abs_shap"": 0.0493466791028855, ""normalized_importance"": 0.1347090537091366}, {""feature"": ""gender"", ""human_label"": ""Giới tính"", ""feature_group"": ""DEMOGRAPHIC"", ""mean_abs_shap"": 0.039443028564839513, ""normalized_importance"": 0.10767356892069527}, {""feature"": ""day_of_year_cos"", ""human_label"": ""Thời điểm trong năm"", ""feature_group"": ""SEASONAL_CALENDAR"", ""mean_abs_shap"": 0.027562732583604633, ""normalized_importance"": 0.07524213769753463}, {""feature"": ""wind_speed_max_7d"", ""human_label"": ""Gió — 7 ngày gần đây"", ""feature_group"": ""WEATHER_7D"", ""mean_abs_shap"": 0.010858991678798242, ""normalized_importance"": 0.029643423222795222}, {""feature"": ""wind_speed_mean_7d"", ""human_label"": ""Gió — 7 ngày gần đây"", ""feature_group"": ""WEATHER_7D"", ""mean_abs_shap"": 0.007598723192762734, ""normalized_importance"": 0.020743377858529127}, {""feature"": ""age_group"", ""human_label"": ""Nhóm tuổi"", ""feature_group"": ""DEMOGRAPHIC"", ""mean_abs_shap"": 0.006580474240399642, ""normalized_importance"": 0.017963710506909286}, {""feature"": ""temperature_mean_3d"", ""human_label"": ""Nhiệt độ — 3 ngày gần đây"", ""feature_group"": ""WEATHER_3D"", ""mean_abs_shap"": 0.004883264016464006, ""normalized_importance"": 0.013330580428689445}, {""feature"": ""humidity_mean_7d"", ""human_label"": ""Độ ẩm — 7 ngày gần đây"", ""feature_group"": ""WEATHER_7D"", ""mean_abs_shap"": 0.004598518214186897, ""normalized_importance"": 0.01255326697478054}]",DO_NOT_USE_AS_PRIMARY_WEATHER_EXAMPLE
107,Thiếu vitamin khác - Other vitamin deficiencies.,84,128,LOW,NORMAL_MODEL,0.5852754235126478,0.09734867277278518,0.31737590371456703,0.0457373402406072,0.09376338634480796,0.44577469692723265,models/disease_107.txt,bde9e18f255391b05d052e48388eccd112c6346597518f4f8e55c6998b174108,149682,67,WEATHER_7D,1.4210854715202004e-14,"[{""feature"": ""age_group"", ""human_label"": ""Nhóm tuổi"", ""feature_group"": ""DEMOGRAPHIC"", ""mean_abs_shap"": 0.7986487180534811, ""normalized_importance"": 0.25959306394675175}, {""feature"": ""temperature_mean_7d"", ""human_label"": ""Nhiệt độ — 7 ngày gần đây"", ""feature_group"": ""WEATHER_7D"", ""mean_abs_shap"": 0.3414687980782492, ""normalized_importance"": 0.1109911398235181}, {""feature"": ""humidity_min_7d"", ""human_label"": ""Độ ẩm — 7 ngày gần đây"", ""feature_group"": ""WEATHER_7D"", ""mean_abs_shap"": 0.211788843007047, ""normalized_importance"": 0.06883992101049774}, {""feature"": ""day_of_year_sin"", ""human_label"": ""Thời điểm trong năm"", ""feature_group"": ""SEASONAL_CALENDAR"", ""mean_abs_shap"": 0.17854876641984269, ""normalized_importance"": 0.05803555467015231}, {""feature"": ""gender"", ""human_label"": ""Giới tính"", ""feature_group"": ""DEMOGRAPHIC"", ""mean_abs_shap"": 0.17777127864834402, ""normalized_importance"": 0.05778283976781529}, {""feature"": ""wind_speed_mean_7d"", ""human_label"": ""Gió — 7 ngày gần đây"", ""feature_group"": ""WEATHER_7D"", ""mean_abs_shap"": 0.12019960772588129, ""normalized_importance"": 0.03906972333319351}, {""feature"": ""rain_max_daily_7d"", ""human_label"": ""Lượng mưa — 7 ngày gần đây"", ""feature_group"": ""WEATHER_7D"", ""mean_abs_shap"": 0.11741051410866549, ""normalized_importance"": 0.0381631553498478}, {""feature"": ""humidity_mean_7d"", ""human_label"": ""Độ ẩm — 7 ngày gần đây"", ""feature_group"": ""WEATHER_7D"", ""mean_abs_shap"": 0.11582562338056122, ""normalized_importance"": 0.03764800190274513}, {""feature"": ""wind_speed_max_7d"", ""human_label"": ""Gió — 7 ngày gần đây"", ""feature_group"": ""WEATHER_7D"", ""mean_abs_shap"": 0.09995221106127872, ""normalized_importance"": 0.03248850230535552}, {""feature"": ""temperature_max_7d"", ""human_label"": ""Nhiệt độ — 7 ngày gần đây"", ""feature_group"": ""WEATHER_7D"", ""mean_abs_shap"": 0.09753459501237287, ""normalized_importance"": 0.03170267952320428}]",DO_NOT_USE_AS_PRIMARY_WEATHER_EXAMPLE
92,U cơ trơn tử cung - Leiomyoma of uterus,14,200,LOW,NORMAL_MODEL,0.53703942994639,0.2795975074599521,0.18336306259365792,0.1148509555575247,0.06029352844749608,0.36189494594136923,models/disease_92.txt,00754bbb5722adb01ae632971d5407ab57d441036ea01216a858612fabd47f4c,148536,53,WEATHER_7D,1.5987211554602254e-14,"[{""feature"": ""wind_speed_max_7d"", ""human_label"": ""Gió — 7 ngày gần đây"", ""feature_group"": ""WEATHER_7D"", ""mean_abs_shap"": 0.16117589271051697, ""normalized_importance"": 0.15987290128598372}, {""feature"": ""month"", ""human_label"": ""Yếu tố mùa vụ theo tháng"", ""feature_group"": ""SEASONAL_CALENDAR"", ""mean_abs_shap"": 0.13270846852817506, ""normalized_importance"": 0.13163561579848226}, {""feature"": ""wind_gust_max_7d"", ""human_label"": ""Gió — 7 ngày gần đây"", ""feature_group"": ""WEATHER_7D"", ""mean_abs_shap"": 0.10376786619400337, ""normalized_importance"": 0.1029289774649318}, {""feature"": ""age_group"", ""human_label"": ""Nhóm tuổi"", ""feature_group"": ""DEMOGRAPHIC"", ""mean_abs_shap"": 0.1022297419590882, ""normalized_importance"": 0.10140328786061961}, {""feature"": ""day_of_year_cos"", ""human_label"": ""Thời điểm trong năm"", ""feature_group"": ""SEASONAL_CALENDAR"", ""mean_abs_shap"": 0.10126755387543658, ""normalized_importance"": 0.10044887837710914}, {""feature"": ""gender"", ""human_label"": ""Giới tính"", ""feature_group"": ""DEMOGRAPHIC"", ""mean_abs_shap"": 0.08262776088187784, ""normalized_importance"": 0.08195977473303832}, {""feature"": ""humidity_max_7d"", ""human_label"": ""Độ ẩm — 7 ngày gần đây"", ""feature_group"": ""WEATHER_7D"", ""mean_abs_shap"": 0.04944918188015909, ""normalized_importance"": 0.04904942073190998}, {""feature"": ""temperature_mean_current"", ""human_label"": ""Nhiệt độ — hiện tại"", ""feature_group"": ""WEATHER_CURRENT"", ""mean_abs_shap"": 0.04888937522139231, ""normalized_importance"": 0.048494139708233554}, {""feature"": ""day_of_year_sin"", ""human_label"": ""Thời điểm trong năm"", ""feature_group"": ""SEASONAL_CALENDAR"", ""mean_abs_shap"": 0.04790025244975566, ""normalized_importance"": 0.047513013284360694}, {""feature"": ""humidity_max_current"", ""human_label"": ""Độ ẩm — hiện tại"", ""feature_group"": ""WEATHER_CURRENT"", ""mean_abs_shap"": 0.03239892474709934, ""normalized_importance"": 0.03213700269163792}]",DO_NOT_USE_AS_PRIMARY_WEATHER_EXAMPLE
290,Tai nạn giao thông - Transport accidént,70,196,LOW,NORMAL_MODEL,0.5336202086652213,0.20884072981703597,0.2575390615177428,0.0924709781144996,0.13354389500336933,0.3076053355473523,models/disease_290.txt,c41b436fde2c02195dd51b1e68cd4669ee71cb631fcac93cf7d926466ef8ba24,232925,209,WEATHER_7D,1.4210854715202004e-14,"[{""feature"": ""age_group"", ""human_label"": ""Nhóm tuổi"", ""feature_group"": ""DEMOGRAPHIC"", ""mean_abs_shap"": 0.7453354549897213, ""normalized_importance"": 0.20629661274817457}, {""feature"": ""day_of_year_cos"", ""human_label"": ""Thời điểm trong năm"", ""feature_group"": ""SEASONAL_CALENDAR"", ""mean_abs_shap"": 0.2695690263671467, ""normalized_importance"": 0.07461227916781799}, {""feature"": ""wind_speed_mean_7d"", ""human_label"": ""Gió — 7 ngày gần đây"", ""feature_group"": ""WEATHER_7D"", ""mean_abs_shap"": 0.25579918844689353, ""normalized_importance"": 0.07080101418367904}, {""feature"": ""day_of_year_sin"", ""human_label"": ""Thời điểm trong năm"", ""feature_group"": ""SEASONAL_CALENDAR"", ""mean_abs_shap"": 0.2179320879666351, ""normalized_importance"": 0.06032002269001687}, {""feature"": ""month"", ""human_label"": ""Yếu tố mùa vụ theo tháng"", ""feature_group"": ""SEASONAL_CALENDAR"", ""mean_abs_shap"": 0.20694142579188313, ""normalized_importance"": 0.057277987907783025}, {""feature"": ""gender"", ""human_label"": ""Giới tính"", ""feature_group"": ""DEMOGRAPHIC"", ""mean_abs_shap"": 0.18513543853032358, ""normalized_importance"": 0.05124244876956825}, {""feature"": ""rain_max_daily_7d"", ""human_label"": ""Lượng mưa — 7 ngày gần đây"", ""feature_group"": ""WEATHER_7D"", ""mean_abs_shap"": 0.141096179505626, ""normalized_importance"": 0.039053105160709776}, {""feature"": ""wind_gust_max_7d"", ""human_label"": ""Gió — 7 ngày gần đây"", ""feature_group"": ""WEATHER_7D"", ""mean_abs_shap"": 0.14017617600466356, ""normalized_importance"": 0.03879846330153828}, {""feature"": ""humidity_mean_7d"", ""human_label"": ""Độ ẩm — 7 ngày gần đây"", ""feature_group"": ""WEATHER_7D"", ""mean_abs_shap"": 0.11667183152875146, ""normalized_importance"": 0.03229284677976178}, {""feature"": ""humidity_min_current"", ""human_label"": ""Độ ẩm — hiện tại"", ""feature_group"": ""WEATHER_CURRENT"", ""mean_abs_shap"": 0.10484754707428558, ""normalized_importance"": 0.02902007904169564}]",DO_NOT_USE_AS_PRIMARY_WEATHER_EXAMPLE
47,Các nhiễm khuẩn do sán lá - Other fluke infections,14,199,LOW,NORMAL_MODEL,0.5282542530924432,0.29033285124288793,0.18141289566466878,0.08600777287860084,0.04748343567945229,0.39476304453439004,models/disease_47.txt,0e577465de93f52b516548a65eb1e76f70db74edef006512c83513f0f3e13d4c,158452,23,WEATHER_7D,1.7763568394002505e-14,"[{""feature"": ""day_of_year_sin"", ""human_label"": ""Thời điểm trong năm"", ""feature_group"": ""SEASONAL_CALENDAR"", ""mean_abs_shap"": 0.3958939454904478, ""normalized_importance"": 0.25556481806653836}, {""feature"": ""age_group"", ""human_label"": ""Nhóm tuổi"", ""feature_group"": ""DEMOGRAPHIC"", ""mean_abs_shap"": 0.15780787118710823, ""normalized_importance"": 0.10187107014086459}, {""feature"": ""humidity_min_7d"", ""human_label"": ""Độ ẩm — 7 ngày gần đây"", ""feature_group"": ""WEATHER_7D"", ""mean_abs_shap"": 0.14341635770872452, ""normalized_importance"": 0.09258079286913498}, {""feature"": ""wind_gust_max_7d"", ""human_label"": ""Gió — 7 ngày gần đây"", ""feature_group"": ""WEATHER_7D"", ""mean_abs_shap"": 0.13106400836596876, ""normalized_importance"": 0.08460687473162745}, {""feature"": ""gender"", ""human_label"": ""Giới tính"", ""feature_group"": ""DEMOGRAPHIC"", ""mean_abs_shap"": 0.12321777064765208, ""normalized_importance"": 0.07954182552380419}, {""feature"": ""humidity_max_7d"", ""human_label"": ""Độ ẩm — 7 ngày gần đây"", ""feature_group"": ""WEATHER_7D"", ""mean_abs_shap"": 0.08887472110000601, ""normalized_importance"": 0.05737206185484693}, {""feature"": ""temperature_min_7d"", ""human_label"": ""Nhiệt độ — 7 ngày gần đây"", ""feature_group"": ""WEATHER_7D"", ""mean_abs_shap"": 0.06667960407071408, ""normalized_importance"": 0.043044257375469304}, {""feature"": ""wind_speed_max_7d"", ""human_label"": ""Gió — 7 ngày gần đây"", ""feature_group"": ""WEATHER_7D"", ""mean_abs_shap"": 0.05433675558781579, ""normalized_importance"": 0.03507647240960688}, {""feature"": ""humidity_mean_7d"", ""human_label"": ""Độ ẩm — 7 ngày gần đây"", ""feature_group"": ""WEATHER_7D"", ""mean_abs_shap"": 0.04761262419753076, ""normalized_importance"": 0.03073578613494104}, {""feature"": ""temperature_max_3d"", ""human_label"": ""Nhiệt độ — 3 ngày gần đây"", ""feature_group"": ""WEATHER_3D"", ""mean_abs_shap"": 0.044931083607250455, ""normalized_importance"": 0.029004748212034588}]",DO_NOT_USE_AS_PRIMARY_WEATHER_EXAMPLE
289,"Di chứng, thương tổn do chấn thương, do ngộ độc và hậu quả khác do nguyên nhân bên ngoài - Sequalae of injuries, of poisoning and of other consequences of external causes",70,32,LOW,NORMAL_MODEL,0.5241664655550933,0.31029293340180786,0.16554060104309884,0.022995731267839437,0.07092673838331032,0.4302439959039435,models/disease_289.txt,68d92542be8ae87db8d4dcebed3e5480d7f09f4e0b0377ea3928e02a66e3591e,42362,208,WEATHER_7D,3.552713678800501e-15,"[{""feature"": ""day_of_year_cos"", ""human_label"": ""Thời điểm trong năm"", ""feature_group"": ""SEASONAL_CALENDAR"", ""mean_abs_shap"": 0.4199249147408337, ""normalized_importance"": 0.29404774969053143}, {""feature"": ""age_group"", ""human_label"": ""Nhóm tuổi"", ""feature_group"": ""DEMOGRAPHIC"", ""mean_abs_shap"": 0.1906220899679503, ""normalized_importance"": 0.13348099774212155}, {""feature"": ""wind_speed_max_7d"", ""human_label"": ""Gió — 7 ngày gần đây"", ""feature_group"": ""WEATHER_7D"", ""mean_abs_shap"": 0.1497771192901326, ""normalized_importance"": 0.10487976144395975}, {""feature"": ""wind_gust_max_7d"", ""human_label"": ""Gió — 7 ngày gần đây"", ""feature_group"": ""WEATHER_7D"", ""mean_abs_shap"": 0.11041608843996266, ""normalized_importance"": 0.07731763750059899}, {""feature"": ""humidity_min_7d"", ""human_label"": ""Độ ẩm — 7 ngày gần đây"", ""feature_group"": ""WEATHER_7D"", ""mean_abs_shap"": 0.10786366587356924, ""normalized_importance"": 0.07553033199535045}, {""feature"": ""temperature_min_7d"", ""human_label"": ""Nhiệt độ — 7 ngày gần đây"", ""feature_group"": ""WEATHER_7D"", ""mean_abs_shap"": 0.0740239392924541, ""normalized_importance"": 0.05183443993936005}, {""feature"": ""temperature_mean_7d"", ""human_label"": ""Nhiệt độ — 7 ngày gần đây"", ""feature_group"": ""WEATHER_7D"", ""mean_abs_shap"": 0.05621101091738673, ""normalized_importance"": 0.03936113502169439}, {""feature"": ""humidity_max_7d"", ""human_label"": ""Độ ẩm — 7 ngày gần đây"", ""feature_group"": ""WEATHER_7D"", ""mean_abs_shap"": 0.04901112360093972, ""normalized_importance"": 0.03431949403039178}, {""feature"": ""gender"", ""human_label"": ""Giới tính"", ""feature_group"": ""DEMOGRAPHIC"", ""mean_abs_shap"": 0.045783809592001616, ""normalized_importance"": 0.0320596033009773}, {""feature"": ""temperature_min_3d"", ""human_label"": ""Nhiệt độ — 3 ngày gần đây"", ""feature_group"": ""WEATHER_3D"", ""mean_abs_shap"": 0.04545914332555231, ""normalized_importance"": 0.03183225935995688}]",DO_NOT_USE_AS_PRIMARY_WEATHER_EXAMPLE
13,Các dạng uốn ván khác - Other tetanus,33,1,LOW,VERY_SIMPLE_MODEL,0.5224446083037908,0.4775553916962092,0.0,0.0,0.021613606828825526,0.5008310014749653,models/disease_13.txt,6a4a1648840d4884d49b4eec30b262eae51c3c6a10e3121a780ddaa8a089a687,6095,7,WEATHER_7D,1.7763568394002505e-15,"[{""feature"": ""temperature_max_7d"", ""human_label"": ""Nhiệt độ — 7 ngày gần đây"", ""feature_group"": ""WEATHER_7D"", ""mean_abs_shap"": 0.039621111821474694, ""normalized_importance"": 0.44709807559604803}, {""feature"": ""day_of_year_sin"", ""human_label"": ""Thời điểm trong năm"", ""feature_group"": ""SEASONAL_CALENDAR"", ""mean_abs_shap"": 0.02589615169922488, ""normalized_importance"": 0.2922209664947215}, {""feature"": ""day_of_year_cos"", ""human_label"": ""Thời điểm trong năm"", ""feature_group"": ""SEASONAL_CALENDAR"", ""mean_abs_shap"": 0.016424038451714126, ""normalized_importance"": 0.18533442520148768}, {""feature"": ""humidity_min_7d"", ""human_label"": ""Độ ẩm — 7 ngày gần đây"", ""feature_group"": ""WEATHER_7D"", ""mean_abs_shap"": 0.0035959591807578216, ""normalized_importance"": 0.04057802408178164}, {""feature"": ""temperature_max_3d"", ""human_label"": ""Nhiệt độ — 3 ngày gần đây"", ""feature_group"": ""WEATHER_3D"", ""mean_abs_shap"": 0.001915363048451141, ""normalized_importance"": 0.021613606828825526}, {""feature"": ""humidity_mean_7d"", ""human_label"": ""Độ ẩm — 7 ngày gần đây"", ""feature_group"": ""WEATHER_7D"", ""mean_abs_shap"": 0.0011657662234622118, ""normalized_importance"": 0.013154901797135583}, {""feature"": ""age_group"", ""human_label"": ""Nhóm tuổi"", ""feature_group"": ""DEMOGRAPHIC"", ""mean_abs_shap"": 0.0, ""normalized_importance"": 0.0}, {""feature"": ""gender"", ""human_label"": ""Giới tính"", ""feature_group"": ""DEMOGRAPHIC"", ""mean_abs_shap"": 0.0, ""normalized_importance"": 0.0}, {""feature"": ""month"", ""human_label"": ""Yếu tố mùa vụ theo tháng"", ""feature_group"": ""SEASONAL_CALENDAR"", ""mean_abs_shap"": 0.0, ""normalized_importance"": 0.0}, {""feature"": ""season"", ""human_label"": ""Mùa mưa / mùa khô"", ""feature_group"": ""SEASONAL_CALENDAR"", ""mean_abs_shap"": 0.0, ""normalized_importance"": 0.0}]",DO_NOT_USE_AS_PRIMARY_WEATHER_EXAMPLE
159,Nghẽn và huyết khối động mạch - Arterial embolism and thrombosis,110,6,MODERATE,NORMAL_MODEL,0.5218236248782994,0.19783747820101183,0.28033889692068875,0.00699328780575073,0.04688775489493295,0.4679425821776157,models/disease_159.txt,113f33b7ddeef449dfb3b9d75758d4ac8cfcb97c68eb903918abdd068ce6d135,12440,105,WEATHER_7D,1.7763568394002505e-15,"[{""feature"": ""age_group"", ""human_label"": ""Nhóm tuổi"", ""feature_group"": ""DEMOGRAPHIC"", ""mean_abs_shap"": 0.0905240207046955, ""normalized_importance"": 0.23787633423760587}, {""feature"": ""wind_speed_mean_7d"", ""human_label"": ""Gió — 7 ngày gần đây"", ""feature_group"": ""WEATHER_7D"", ""mean_abs_shap"": 0.06390870428586386, ""normalized_importance"": 0.16793739587627396}, {""feature"": ""day_of_year_sin"", ""human_label"": ""Thời điểm trong năm"", ""feature_group"": ""SEASONAL_CALENDAR"", ""mean_abs_shap"": 0.05176157202710604, ""normalized_importance"": 0.13601752233642356}, {""feature"": ""temperature_mean_7d"", ""human_label"": ""Nhiệt độ — 7 ngày gần đây"", ""feature_group"": ""WEATHER_7D"", ""mean_abs_shap"": 0.03468264620840348, ""normalized_importance"": 0.09113802808901177}, {""feature"": ""day_of_year_cos"", ""human_label"": ""Thời điểm trong năm"", ""feature_group"": ""SEASONAL_CALENDAR"", ""mean_abs_shap"": 0.023525631427712867, ""normalized_importance"": 0.061819955864588286}, {""feature"": ""wind_speed_max_7d"", ""human_label"": ""Gió — 7 ngày gần đây"", ""feature_group"": ""WEATHER_7D"", ""mean_abs_shap"": 0.02321950089066429, ""normalized_importance"": 0.06101551512737379}, {""feature"": ""precipitation_sum_7d"", ""human_label"": ""Lượng mưa — 7 ngày gần đây"", ""feature_group"": ""WEATHER_7D"", ""mean_abs_shap"": 0.0230850340285993, ""normalized_importance"": 0.060662167099132774}, {""feature"": ""gender"", ""human_label"": ""Giới tính"", ""feature_group"": ""DEMOGRAPHIC"", ""mean_abs_shap"": 0.016159160665635258, ""normalized_importance"": 0.0424625626830829}, {""feature"": ""temperature_max_7d"", ""human_label"": ""Nhiệt độ — 7 ngày gần đây"", ""feature_group"": ""WEATHER_7D"", ""mean_abs_shap"": 0.014746696693937402, ""normalized_importance"": 0.03875093178981716}, {""feature"": ""humidity_min_7d"", ""human_label"": ""Độ ẩm — 7 ngày gần đây"", ""feature_group"": ""WEATHER_7D"", ""mean_abs_shap"": 0.013114014219332074, ""normalized_importance"": 0.034460617252197935}]",DO_NOT_USE_AS_PRIMARY_WEATHER_EXAMPLE
247,Các chấn thương sản khoa - Birth trauma,14,3,LOW,SIMPLE_MODEL,0.5205014455728616,0.323450722714473,0.15604783171266554,0.0,0.0,0.5205014455728616,models/disease_247.txt,570030b5c6f9c74d116b17bf6b28382256ee8caa3a0c1249c625a068f6944725,7138,172,WEATHER_7D,1.7763568394002505e-15,"[{""feature"": ""temperature_mean_7d"", ""human_label"": ""Nhiệt độ — 7 ngày gần đây"", ""feature_group"": ""WEATHER_7D"", ""mean_abs_shap"": 0.028527108040823892, ""normalized_importance"": 0.2974807782397483}, {""feature"": ""day_of_year_sin"", ""human_label"": ""Thời điểm trong năm"", ""feature_group"": ""SEASONAL_CALENDAR"", ""mean_abs_shap"": 0.02212118208919582, ""normalized_importance"": 0.23067976095087897}, {""feature"": ""wind_gust_max_7d"", ""human_label"": ""Gió — 7 ngày gần đây"", ""feature_group"": ""WEATHER_7D"", ""mean_abs_shap"": 0.016414117510276813, ""normalized_importance"": 0.17116647239839888}, {""feature"": ""gender"", ""human_label"": ""Giới tính"", ""feature_group"": ""DEMOGRAPHIC"", ""mean_abs_shap"": 0.014964305865893118, ""normalized_importance"": 0.15604783171266554}, {""feature"": ""day_of_year_cos"", ""human_label"": ""Thời điểm trong năm"", ""feature_group"": ""SEASONAL_CALENDAR"", ""mean_abs_shap"": 0.008896330260196877, ""normalized_importance"": 0.09277096176359403}, {""feature"": ""wind_speed_max_7d"", ""human_label"": ""Gió — 7 ngày gần đây"", ""feature_group"": ""WEATHER_7D"", ""mean_abs_shap"": 0.004972590935204457, ""normalized_importance"": 0.05185419493471436}, {""feature"": ""age_group"", ""human_label"": ""Nhóm tuổi"", ""feature_group"": ""DEMOGRAPHIC"", ""mean_abs_shap"": 0.0, ""normalized_importance"": 0.0}, {""feature"": ""month"", ""human_label"": ""Yếu tố mùa vụ theo tháng"", ""feature_group"": ""SEASONAL_CALENDAR"", ""mean_abs_shap"": 0.0, ""normalized_importance"": 0.0}, {""feature"": ""season"", ""human_label"": ""Mùa mưa / mùa khô"", ""feature_group"": ""SEASONAL_CALENDAR"", ""mean_abs_shap"": 0.0, ""normalized_importance"": 0.0}, {""feature"": ""weather_code_current"", ""human_label"": ""Trạng thái thời tiết — hiện tại"", ""feature_group"": ""WEATHER_CURRENT"", ""mean_abs_shap"": 0.0, ""normalized_importance"": 0.0}]",DO_NOT_USE_AS_PRIMARY_WEATHER_EXAMPLE
258,"Không có, tịt hoặc hẹp ruột non - Absence, atresia and stenosis of small intestine",89,2,LOW,VERY_SIMPLE_MODEL,0.5150846621775104,0.2085706605307483,0.27634467729174134,0.007244926661612979,0.0,0.5078397355158973,models/disease_258.txt,2d865179a8d16f81500a2f47ef799bc35d05828f8bab74a57784b8c49ee0b1af,7660,181,WEATHER_7D,1.7763568394002505e-15,"[{""feature"": ""age_group"", ""human_label"": ""Nhóm tuổi"", ""feature_group"": ""DEMOGRAPHIC"", ""mean_abs_shap"": 0.05559993000556482, ""normalized_importance"": 0.2743579880003716}, {""feature"": ""wind_speed_mean_7d"", ""human_label"": ""Gió — 7 ngày gần đây"", ""feature_group"": ""WEATHER_7D"", ""mean_abs_shap"": 0.050624630322667764, ""normalized_importance"": 0.24980735977904286}, {""feature"": ""day_of_year_sin"", ""human_label"": ""Thời điểm trong năm"", ""feature_group"": ""SEASONAL_CALENDAR"", ""mean_abs_shap"": 0.025604654271348927, ""normalized_importance"": 0.12634622792923153}, {""feature"": ""temperature_max_7d"", ""human_label"": ""Nhiệt độ — 7 ngày gần đây"", ""feature_group"": ""WEATHER_7D"", ""mean_abs_shap"": 0.02390389366103574, ""normalized_importance"": 0.11795382061740384}, {""feature"": ""day_of_year_cos"", ""human_label"": ""Thời điểm trong năm"", ""feature_group"": ""SEASONAL_CALENDAR"", ""mean_abs_shap"": 0.016663165999691698, ""normalized_importance"": 0.08222443260151678}, {""feature"": ""humidity_mean_7d"", ""human_label"": ""Độ ẩm — 7 ngày gần đây"", ""feature_group"": ""WEATHER_7D"", ""mean_abs_shap"": 0.01261614331165453, ""normalized_importance"": 0.062254389438322094}, {""feature"": ""temperature_min_7d"", ""human_label"": ""Nhiệt độ — 7 ngày gần đây"", ""feature_group"": ""WEATHER_7D"", ""mean_abs_shap"": 0.008260408293614603, ""normalized_importance"": 0.04076100454210748}, {""feature"": ""humidity_min_7d"", ""human_label"": ""Độ ẩm — 7 ngày gần đây"", ""feature_group"": ""WEATHER_7D"", ""mean_abs_shap"": 0.0060728816586697616, ""normalized_importance"": 0.029966649113950975}, {""feature"": ""rain_max_daily_7d"", ""human_label"": ""Lượng mưa — 7 ngày gần đây"", ""feature_group"": ""WEATHER_7D"", ""mean_abs_shap"": 0.0014381413668808768, ""normalized_importance"": 0.0070965120250700104}, {""feature"": ""temperature_mean_current"", ""human_label"": ""Nhiệt độ — hiện tại"", ""feature_group"": ""WEATHER_CURRENT"", ""mean_abs_shap"": 0.0008681205097398794, ""normalized_importance"": 0.004283742737989995}]",DO_NOT_USE_AS_PRIMARY_WEATHER_EXAMPLE
148,Bệnh tim thiếu máu cục bộ khác - Other ischaemic heart diseases,42,1,LOW,VERY_SIMPLE_MODEL,0.5150610949776836,0.3144467329071958,0.17049217211512044,0.0,0.07434019127003681,0.4407209037076468,models/disease_148.txt,d5f9766456fc204f69295dfd92123f18a232e93cf5ddf2fdfd9c2062d3645385,5973,97,WEATHER_7D,1.7763568394002505e-15,"[{""feature"": ""month"", ""human_label"": ""Yếu tố mùa vụ theo tháng"", ""feature_group"": ""SEASONAL_CALENDAR"", ""mean_abs_shap"": 0.026579226293423266, ""normalized_importance"": 0.3144467329071958}, {""feature"": ""gender"", ""human_label"": ""Giới tính"", ""feature_group"": ""DEMOGRAPHIC"", ""mean_abs_shap"": 0.01441118494699855, ""normalized_importance"": 0.17049217211512044}, {""feature"": ""humidity_min_7d"", ""human_label"": ""Độ ẩm — 7 ngày gần đây"", ""feature_group"": ""WEATHER_7D"", ""mean_abs_shap"": 0.013187834459517041, ""normalized_importance"": 0.15601926911402106}, {""feature"": ""precipitation_sum_7d"", ""human_label"": ""Lượng mưa — 7 ngày gần đây"", ""feature_group"": ""WEATHER_7D"", ""mean_abs_shap"": 0.012775502077602799, ""normalized_importance"": 0.15114115231207118}, {""feature"": ""temperature_min_7d"", ""human_label"": ""Nhiệt độ — 7 ngày gần đây"", ""feature_group"": ""WEATHER_7D"", ""mean_abs_shap"": 0.01128946149193383, ""normalized_importance"": 0.13356048228155465}, {""feature"": ""humidity_mean_3d"", ""human_label"": ""Độ ẩm — 3 ngày gần đây"", ""feature_group"": ""WEATHER_3D"", ""mean_abs_shap"": 0.006283750345232034, ""normalized_importance"": 0.07434019127003681}, {""feature"": ""age_group"", ""human_label"": ""Nhóm tuổi"", ""feature_group"": ""DEMOGRAPHIC"", ""mean_abs_shap"": 0.0, ""normalized_importance"": 0.0}, {""feature"": ""season"", ""human_label"": ""Mùa mưa / mùa khô"", ""feature_group"": ""SEASONAL_CALENDAR"", ""mean_abs_shap"": 0.0, ""normalized_importance"": 0.0}, {""feature"": ""day_of_year_sin"", ""human_label"": ""Thời điểm trong năm"", ""feature_group"": ""SEASONAL_CALENDAR"", ""mean_abs_shap"": 0.0, ""normalized_importance"": 0.0}, {""feature"": ""day_of_year_cos"", ""human_label"": ""Thời điểm trong năm"", ""feature_group"": ""SEASONAL_CALENDAR"", ""mean_abs_shap"": 0.0, ""normalized_importance"": 0.0}]",DO_NOT_USE_AS_PRIMARY_WEATHER_EXAMPLE
205,Trật đốt sống cổ và các đốt sống khác - Cervical and other interverbral disc disorders,91,200,LOW,NORMAL_MODEL,0.5099908215693496,0.1552951901706073,0.334713988260043,0.07370843219163084,0.12453436928685628,0.31174802009086255,models/disease_205.txt,c341ba2670dedffdc8ed7abaad2c42eb8d8ebb3c58cf36d41727ed5b5e0bcd7d,255323,146,DEMOGRAPHIC,1.7763568394002505e-14,"[{""feature"": ""age_group"", ""human_label"": ""Nhóm tuổi"", ""feature_group"": ""DEMOGRAPHIC"", ""mean_abs_shap"": 0.9232015179892283, ""normalized_importance"": 0.2597992031144415}, {""feature"": ""day_of_year_cos"", ""human_label"": ""Thời điểm trong năm"", ""feature_group"": ""SEASONAL_CALENDAR"", ""mean_abs_shap"": 0.2677646328655883, ""normalized_importance"": 0.07535195391817207}, {""feature"": ""gender"", ""human_label"": ""Giới tính"", ""feature_group"": ""DEMOGRAPHIC"", ""mean_abs_shap"": 0.2662111451350011, ""normalized_importance"": 0.07491478514560151}, {""feature"": ""day_of_year_sin"", ""human_label"": ""Thời điểm trong năm"", ""feature_group"": ""SEASONAL_CALENDAR"", ""mean_abs_shap"": 0.2276449610595537, ""normalized_importance"": 0.06406183083960242}, {""feature"": ""temperature_max_7d"", ""human_label"": ""Nhiệt độ — 7 ngày gần đây"", ""feature_group"": ""WEATHER_7D"", ""mean_abs_shap"": 0.17798333212283163, ""normalized_importance"": 0.050086494608324664}, {""feature"": ""wind_gust_max_3d"", ""human_label"": ""Gió — 3 ngày gần đây"", ""feature_group"": ""WEATHER_3D"", ""mean_abs_shap"": 0.15931819844938375, ""normalized_importance"": 0.04483391783077774}, {""feature"": ""temperature_mean_7d"", ""human_label"": ""Nhiệt độ — 7 ngày gần đây"", ""feature_group"": ""WEATHER_7D"", ""mean_abs_shap"": 0.145624769969959, ""normalized_importance"": 0.040980434341487536}, {""feature"": ""humidity_min_7d"", ""human_label"": ""Độ ẩm — 7 ngày gần đây"", ""feature_group"": ""WEATHER_7D"", ""mean_abs_shap"": 0.1380298251602644, ""normalized_importance"": 0.03884313216985068}, {""feature"": ""wind_speed_max_7d"", ""human_label"": ""Gió — 7 ngày gần đây"", ""feature_group"": ""WEATHER_7D"", ""mean_abs_shap"": 0.12821050742514886, ""normalized_importance"": 0.03607986664980819}, {""feature"": ""temperature_min_7d"", ""human_label"": ""Nhiệt độ — 7 ngày gần đây"", ""feature_group"": ""WEATHER_7D"", ""mean_abs_shap"": 0.1190325075931232, ""normalized_importance"": 0.03349707513995653}]",DO_NOT_USE_AS_PRIMARY_WEATHER_EXAMPLE
39,Nhiễm HIV - Human immuno deficiency virus disease,112,2,MODERATE,VERY_SIMPLE_MODEL,0.5053920901207605,0.38772791026162357,0.10687999961761588,0.0031734288632439896,0.15370298596305285,0.34851567529446364,models/disease_39.txt,f781c663071d69df812c6d1f7620a1532f01d4d58229da985a296789aa7a07e7,8091,20,SEASONAL_CALENDAR,1.7763568394002505e-15,"[{""feature"": ""month"", ""human_label"": ""Yếu tố mùa vụ theo tháng"", ""feature_group"": ""SEASONAL_CALENDAR"", ""mean_abs_shap"": 0.052472916024368293, ""normalized_importance"": 0.2684776763411961}, {""feature"": ""temperature_max_7d"", ""human_label"": ""Nhiệt độ — 7 ngày gần đây"", ""feature_group"": ""WEATHER_7D"", ""mean_abs_shap"": 0.02209333273133936, ""normalized_importance"": 0.11304053755252097}, {""feature"": ""age_group"", ""human_label"": ""Nhóm tuổi"", ""feature_group"": ""DEMOGRAPHIC"", ""mean_abs_shap"": 0.019610183118497493, ""normalized_importance"": 0.10033550248731275}, {""feature"": ""temperature_max_3d"", ""human_label"": ""Nhiệt độ — 3 ngày gần đây"", ""feature_group"": ""WEATHER_3D"", ""mean_abs_shap"": 0.015963786471965873, ""normalized_importance"": 0.08167871394092237}, {""feature"": ""day_of_year_cos"", ""human_label"": ""Thời điểm trong năm"", ""feature_group"": ""SEASONAL_CALENDAR"", ""mean_abs_shap"": 0.013550482368649697, ""normalized_importance"": 0.06933104342720231}, {""feature"": ""precipitation_sum_3d"", ""human_label"": ""Lượng mưa — 3 ngày gần đây"", ""feature_group"": ""WEATHER_3D"", ""mean_abs_shap"": 0.012361522978349866, ""normalized_importance"": 0.06324773267268842}, {""feature"": ""humidity_min_7d"", ""human_label"": ""Độ ẩm — 7 ngày gần đây"", ""feature_group"": ""WEATHER_7D"", ""mean_abs_shap"": 0.011735015892961295, ""normalized_importance"": 0.06004220915235832}, {""feature"": ""temperature_mean_7d"", ""human_label"": ""Nhiệt độ — 7 ngày gần đây"", ""feature_group"": ""WEATHER_7D"", ""mean_abs_shap"": 0.010058436498774671, ""normalized_importance"": 0.05146399063399508}, {""feature"": ""humidity_max_7d"", ""human_label"": ""Độ ẩm — 7 ngày gần đây"", ""feature_group"": ""WEATHER_7D"", ""mean_abs_shap"": 0.009985826686180317, ""normalized_importance"": 0.05109248252577695}, {""feature"": ""day_of_year_sin"", ""human_label"": ""Thời điểm trong năm"", ""feature_group"": ""SEASONAL_CALENDAR"", ""mean_abs_shap"": 0.009756511328809933, ""normalized_importance"": 0.049919190493225137}]",DO_NOT_USE_AS_PRIMARY_WEATHER_EXAMPLE
297,Tai nạn ngộ độc do các chất độc - Accident poisoning by and exposure to noxious substances,105,197,MODERATE,NORMAL_MODEL,0.49767885804080286,0.14506601575024522,0.35725512620895206,0.04256283528892135,0.11027195151670727,0.34484407123517424,models/disease_297.txt,0c4b98f2d4943f6d0eca7c8f669c19863fa7d69fc8935461db4eae9617389b71,233250,213,DEMOGRAPHIC,1.4210854715202004e-14,"[{""feature"": ""age_group"", ""human_label"": ""Nhóm tuổi"", ""feature_group"": ""DEMOGRAPHIC"", ""mean_abs_shap"": 0.8375512847834321, ""normalized_importance"": 0.259769516124294}, {""feature"": ""gender"", ""human_label"": ""Giới tính"", ""feature_group"": ""DEMOGRAPHIC"", ""mean_abs_shap"": 0.3143140087893713, ""normalized_importance"": 0.09748561008465809}, {""feature"": ""day_of_year_cos"", ""human_label"": ""Thời điểm trong năm"", ""feature_group"": ""SEASONAL_CALENDAR"", ""mean_abs_shap"": 0.2565353442977407, ""normalized_importance"": 0.0795653513614209}, {""feature"": ""day_of_year_sin"", ""human_label"": ""Thời điểm trong năm"", ""feature_group"": ""SEASONAL_CALENDAR"", ""mean_abs_shap"": 0.18177265503021642, ""normalized_importance"": 0.05637743682052506}, {""feature"": ""temperature_min_7d"", ""human_label"": ""Nhiệt độ — 7 ngày gần đây"", ""feature_group"": ""WEATHER_7D"", ""mean_abs_shap"": 0.17517598693866432, ""normalized_importance"": 0.05433145670049199}, {""feature"": ""wind_speed_max_7d"", ""human_label"": ""Gió — 7 ngày gần đây"", ""feature_group"": ""WEATHER_7D"", ""mean_abs_shap"": 0.15390045971775945, ""normalized_importance"": 0.04773277610400438}, {""feature"": ""humidity_mean_7d"", ""human_label"": ""Độ ẩm — 7 ngày gần đây"", ""feature_group"": ""WEATHER_7D"", ""mean_abs_shap"": 0.12960834858387427, ""normalized_importance"": 0.0401984912553833}, {""feature"": ""temperature_mean_7d"", ""human_label"": ""Nhiệt độ — 7 ngày gần đây"", ""feature_group"": ""WEATHER_7D"", ""mean_abs_shap"": 0.12426062787611472, ""normalized_importance"": 0.038539876617854844}, {""feature"": ""temperature_min_3d"", ""human_label"": ""Nhiệt độ — 3 ngày gần đây"", ""feature_group"": ""WEATHER_3D"", ""mean_abs_shap"": 0.11594733525347307, ""normalized_importance"": 0.03596147928121691}, {""feature"": ""wind_gust_max_7d"", ""human_label"": ""Gió — 7 ngày gần đây"", ""feature_group"": ""WEATHER_7D"", ""mean_abs_shap"": 0.11401243308464813, ""normalized_importance"": 0.035361362477296696}]",DO_NOT_USE_AS_PRIMARY_WEATHER_EXAMPLE
201,Bệnh thoái hoá khớp - Arthrosis,42,1,LOW,VERY_SIMPLE_MODEL,0.4972286257666949,0.4209867367741953,0.08178463745910994,0.0,0.0,0.4972286257666949,models/disease_201.txt,1be5b3e0b406d73562ba10ff2cf937373164f623da83da3404c074aab397c78e,6087,142,WEATHER_7D,2.6645352591003757e-15,"[{""feature"": ""day_of_year_cos"", ""human_label"": ""Thời điểm trong năm"", ""feature_group"": ""SEASONAL_CALENDAR"", ""mean_abs_shap"": 0.03003934909058717, ""normalized_importance"": 0.3880342752226408}, {""feature"": ""temperature_min_7d"", ""human_label"": ""Nhiệt độ — 7 ngày gần đây"", ""feature_group"": ""WEATHER_7D"", ""mean_abs_shap"": 0.024737573510294906, ""normalized_importance"": 0.3195484156093761}, {""feature"": ""temperature_max_7d"", ""human_label"": ""Nhiệt độ — 7 ngày gần đây"", ""feature_group"": ""WEATHER_7D"", ""mean_abs_shap"": 0.009136429138952507, ""normalized_importance"": 0.11802012248552202}, {""feature"": ""gender"", ""human_label"": ""Giới tính"", ""feature_group"": ""DEMOGRAPHIC"", ""mean_abs_shap"": 0.006331289351879321, ""normalized_importance"": 0.08178463745910994}, {""feature"": ""wind_speed_mean_7d"", ""human_label"": ""Gió — 7 ngày gần đây"", ""feature_group"": ""WEATHER_7D"", ""mean_abs_shap"": 0.0046185358221767035, ""normalized_importance"": 0.05966008767179682}, {""feature"": ""day_of_year_sin"", ""human_label"": ""Thời điểm trong năm"", ""feature_group"": ""SEASONAL_CALENDAR"", ""mean_abs_shap"": 0.002550987268775016, ""normalized_importance"": 0.0329524615515545}, {""feature"": ""age_group"", ""human_label"": ""Nhóm tuổi"", ""feature_group"": ""DEMOGRAPHIC"", ""mean_abs_shap"": 0.0, ""normalized_importance"": 0.0}, {""feature"": ""month"", ""human_label"": ""Yếu tố mùa vụ theo tháng"", ""feature_group"": ""SEASONAL_CALENDAR"", ""mean_abs_shap"": 0.0, ""normalized_importance"": 0.0}, {""feature"": ""season"", ""human_label"": ""Mùa mưa / mùa khô"", ""feature_group"": ""SEASONAL_CALENDAR"", ""mean_abs_shap"": 0.0, ""normalized_importance"": 0.0}, {""feature"": ""weather_code_current"", ""human_label"": ""Trạng thái thời tiết — hiện tại"", ""feature_group"": ""WEATHER_CURRENT"", ""mean_abs_shap"": 0.0, ""normalized_importance"": 0.0}]",DO_NOT_USE_AS_PRIMARY_WEATHER_EXAMPLE
218,Quá sản tuyến tiền liệt - Hyperplasia of prostate,28,200,LOW,NORMAL_MODEL,0.49653802225147053,0.32827522540994436,0.17518675233858488,0.08557616796166803,0.14131870239253488,0.2696431518972676,models/disease_218.txt,1517aabb4ba50a0db0e3409879bbcd8ac3728324a8c6e2a1d8ae6b477efe05a5,212150,159,SEASONAL_CALENDAR,2.6645352591003757e-14,"[{""feature"": ""month"", ""human_label"": ""Yếu tố mùa vụ theo tháng"", ""feature_group"": ""SEASONAL_CALENDAR"", ""mean_abs_shap"": 0.4509314835130258, ""normalized_importance"": 0.16824838281660723}, {""feature"": ""day_of_year_cos"", ""human_label"": ""Thời điểm trong năm"", ""feature_group"": ""SEASONAL_CALENDAR"", ""mean_abs_shap"": 0.3389410191509221, ""normalized_importance"": 0.12646328860891803}, {""feature"": ""age_group"", ""human_label"": ""Nhóm tuổi"", ""feature_group"": ""DEMOGRAPHIC"", ""mean_abs_shap"": 0.2549785067802583, ""normalized_importance"": 0.0951357866710865}, {""feature"": ""gender"", ""human_label"": ""Giới tính"", ""feature_group"": ""DEMOGRAPHIC"", ""mean_abs_shap"": 0.21454887173829215, ""normalized_importance"": 0.08005096566749839}, {""feature"": ""temperature_max_7d"", ""human_label"": ""Nhiệt độ — 7 ngày gần đây"", ""feature_group"": ""WEATHER_7D"", ""mean_abs_shap"": 0.1689141733454652, ""normalized_importance"": 0.06302406804415919}, {""feature"": ""temperature_mean_7d"", ""human_label"": ""Nhiệt độ — 7 ngày gần đây"", ""feature_group"": ""WEATHER_7D"", ""mean_abs_shap"": 0.1668697395489789, ""normalized_importance"": 0.06226126328864581}, {""feature"": ""wind_speed_mean_3d"", ""human_label"": ""Gió — 3 ngày gần đây"", ""feature_group"": ""WEATHER_3D"", ""mean_abs_shap"": 0.1267779717042626, ""normalized_importance"": 0.04730250491679325}, {""feature"": ""day_of_year_sin"", ""human_label"": ""Thời điểm trong năm"", ""feature_group"": ""SEASONAL_CALENDAR"", ""mean_abs_shap"": 0.08995547497571378, ""normalized_importance"": 0.033563553984419084}, {""feature"": ""temperature_mean_3d"", ""human_label"": ""Nhiệt độ — 3 ngày gần đây"", ""feature_group"": ""WEATHER_3D"", ""mean_abs_shap"": 0.07223439847993773, ""normalized_importance"": 0.026951590590433568}, {""feature"": ""wind_gust_max_7d"", ""human_label"": ""Gió — 7 ngày gần đây"", ""feature_group"": ""WEATHER_7D"", ""mean_abs_shap"": 0.07011276401902673, ""normalized_importance"": 0.026159981266118227}]",DO_NOT_USE_AS_PRIMARY_WEATHER_EXAMPLE
70,U ác hắc tố da - Malignant melanoma of skin,166,71,MODERATE,NORMAL_MODEL,0.49618242758807674,0.13382857697764097,0.36998899543428215,0.018575027518041812,0.05811454615785207,0.4194928539121829,models/disease_70.txt,a32de5f75bec347e247d75dc9c9ff70d200de78249ef40a69fbc81895d73b346,86762,35,WEATHER_7D,7.105427357601002e-15,"[{""feature"": ""age_group"", ""human_label"": ""Nhóm tuổi"", ""feature_group"": ""DEMOGRAPHIC"", ""mean_abs_shap"": 0.8781111074844251, ""normalized_importance"": 0.3130687285432633}, {""feature"": ""day_of_year_sin"", ""human_label"": ""Thời điểm trong năm"", ""feature_group"": ""SEASONAL_CALENDAR"", ""mean_abs_shap"": 0.29084543500891247, ""normalized_importance"": 0.10369372368116589}, {""feature"": ""rain_days_7d"", ""human_label"": ""Lượng mưa — 7 ngày gần đây"", ""feature_group"": ""WEATHER_7D"", ""mean_abs_shap"": 0.2454569120434599, ""normalized_importance"": 0.08751157195328449}, {""feature"": ""wind_speed_mean_7d"", ""human_label"": ""Gió — 7 ngày gần đây"", ""feature_group"": ""WEATHER_7D"", ""mean_abs_shap"": 0.19138618222818277, ""normalized_importance"": 0.06823399478748673}, {""feature"": ""gender"", ""human_label"": ""Giới tính"", ""feature_group"": ""DEMOGRAPHIC"", ""mean_abs_shap"": 0.1596528622662308, ""normalized_importance"": 0.056920266891018846}, {""feature"": ""humidity_mean_7d"", ""human_label"": ""Độ ẩm — 7 ngày gần đây"", ""feature_group"": ""WEATHER_7D"", ""mean_abs_shap"": 0.145625946707688, ""normalized_importance"": 0.05191931817067186}, {""feature"": ""temperature_min_7d"", ""human_label"": ""Nhiệt độ — 7 ngày gần đây"", ""feature_group"": ""WEATHER_7D"", ""mean_abs_shap"": 0.14139830127426203, ""normalized_importance"": 0.050412056083569884}, {""feature"": ""wind_speed_max_7d"", ""human_label"": ""Gió — 7 ngày gần đây"", ""feature_group"": ""WEATHER_7D"", ""mean_abs_shap"": 0.1307380368766716, ""normalized_importance"": 0.04661140330461862}, {""feature"": ""rain_max_daily_7d"", ""human_label"": ""Lượng mưa — 7 ngày gần đây"", ""feature_group"": ""WEATHER_7D"", ""mean_abs_shap"": 0.09857592544223025, ""normalized_importance"": 0.035144800447387485}, {""feature"": ""temperature_max_7d"", ""human_label"": ""Nhiệt độ — 7 ngày gần đây"", ""feature_group"": ""WEATHER_7D"", ""mean_abs_shap"": 0.09611998597941884, ""normalized_importance"": 0.034269196166279776}]",DO_NOT_USE_AS_PRIMARY_WEATHER_EXAMPLE
168,Cúm - Influenza,14,200,LOW,NORMAL_MODEL,0.49430814655015015,0.33628821943900805,0.1694036340108418,0.08889299845443902,0.11905442380049007,0.2863607242952211,models/disease_168.txt,8358034e89ca85ccf06bc01ff2b2e69505e508a0411fb6ccbfd94786b4738223,158411,112,SEASONAL_CALENDAR,3.907985046680551e-14,"[{""feature"": ""day_of_year_sin"", ""human_label"": ""Thời điểm trong năm"", ""feature_group"": ""SEASONAL_CALENDAR"", ""mean_abs_shap"": 0.1972083259114166, ""normalized_importance"": 0.15458727657413854}, {""feature"": ""day_of_year_cos"", ""human_label"": ""Thời điểm trong năm"", ""feature_group"": ""SEASONAL_CALENDAR"", ""mean_abs_shap"": 0.12157736945257963, ""normalized_importance"": 0.09530183043673475}, {""feature"": ""age_group"", ""human_label"": ""Nhóm tuổi"", ""feature_group"": ""DEMOGRAPHIC"", ""mean_abs_shap"": 0.11933306623506051, ""normalized_importance"": 0.09354257042273971}, {""feature"": ""month"", ""human_label"": ""Yếu tố mùa vụ theo tháng"", ""feature_group"": ""SEASONAL_CALENDAR"", ""mean_abs_shap"": 0.11022009508016124, ""normalized_importance"": 0.08639911242813479}, {""feature"": ""gender"", ""human_label"": ""Giới tính"", ""feature_group"": ""DEMOGRAPHIC"", ""mean_abs_shap"": 0.09677661502041054, ""normalized_importance"": 0.07586106358810207}, {""feature"": ""humidity_max_current"", ""human_label"": ""Độ ẩm — hiện tại"", ""feature_group"": ""WEATHER_CURRENT"", ""mean_abs_shap"": 0.08476690972778089, ""normalized_importance"": 0.06644691930658948}, {""feature"": ""wind_speed_mean_7d"", ""human_label"": ""Gió — 7 ngày gần đây"", ""feature_group"": ""WEATHER_7D"", ""mean_abs_shap"": 0.0729940776134569, ""normalized_importance"": 0.05721845470852078}, {""feature"": ""humidity_max_7d"", ""human_label"": ""Độ ẩm — 7 ngày gần đây"", ""feature_group"": ""WEATHER_7D"", ""mean_abs_shap"": 0.06789381398692962, ""normalized_importance"": 0.05322047003829369}, {""feature"": ""wind_speed_max_7d"", ""human_label"": ""Gió — 7 ngày gần đây"", ""feature_group"": ""WEATHER_7D"", ""mean_abs_shap"": 0.06551466006646535, ""normalized_importance"": 0.05135550351917998}, {""feature"": ""temperature_min_7d"", ""human_label"": ""Nhiệt độ — 7 ngày gần đây"", ""feature_group"": ""WEATHER_7D"", ""mean_abs_shap"": 0.05854032009150114, ""normalized_importance"": 0.045888471548551364}]",DO_NOT_USE_AS_PRIMARY_WEATHER_EXAMPLE
180,Sâu răng - Dental caries,14,200,LOW,NORMAL_MODEL,0.48514571111993615,0.3198366056159079,0.19501768326415597,0.05124653411755278,0.129289458385398,0.3046097186169854,models/disease_180.txt,44fa60d8fd2754269dac61ff89a73f776f10ccec4e816db546dbd10452692225,144939,122,SEASONAL_CALENDAR,1.5987211554602254e-14,"[{""feature"": ""day_of_year_sin"", ""human_label"": ""Thời điểm trong năm"", ""feature_group"": ""SEASONAL_CALENDAR"", ""mean_abs_shap"": 0.30046003463485116, ""normalized_importance"": 0.22407286531982784}, {""feature"": ""temperature_mean_7d"", ""human_label"": ""Nhiệt độ — 7 ngày gần đây"", ""feature_group"": ""WEATHER_7D"", ""mean_abs_shap"": 0.17454449647978948, ""normalized_importance"": 0.13016934348544631}, {""feature"": ""age_group"", ""human_label"": ""Nhóm tuổi"", ""feature_group"": ""DEMOGRAPHIC"", ""mean_abs_shap"": 0.14517510727186234, ""normalized_importance"": 0.10826665283139242}, {""feature"": ""day_of_year_cos"", ""human_label"": ""Thời điểm trong năm"", ""feature_group"": ""SEASONAL_CALENDAR"", ""mean_abs_shap"": 0.12840991114677824, ""normalized_importance"": 0.09576374029608005}, {""feature"": ""gender"", ""human_label"": ""Giới tính"", ""feature_group"": ""DEMOGRAPHIC"", ""mean_abs_shap"": 0.11632473914783602, ""normalized_importance"": 0.08675103043276357}, {""feature"": ""temperature_mean_3d"", ""human_label"": ""Nhiệt độ — 3 ngày gần đây"", ""feature_group"": ""WEATHER_3D"", ""mean_abs_shap"": 0.08202509048534531, ""normalized_importance"": 0.061171520117496436}, {""feature"": ""wind_gust_max_7d"", ""human_label"": ""Gió — 7 ngày gần đây"", ""feature_group"": ""WEATHER_7D"", ""mean_abs_shap"": 0.06376942224595701, ""normalized_importance"": 0.047557064219229575}, {""feature"": ""rain_max_daily_7d"", ""human_label"": ""Lượng mưa — 7 ngày gần đây"", ""feature_group"": ""WEATHER_7D"", ""mean_abs_shap"": 0.055996095814620485, ""normalized_importance"": 0.04175998199279395}, {""feature"": ""humidity_max_3d"", ""human_label"": ""Độ ẩm — 3 ngày gần đây"", ""feature_group"": ""WEATHER_3D"", ""mean_abs_shap"": 0.04979016583513262, ""normalized_importance"": 0.03713181068153108}, {""feature"": ""humidity_mean_7d"", ""human_label"": ""Độ ẩm — 7 ngày gần đây"", ""feature_group"": ""WEATHER_7D"", ""mean_abs_shap"": 0.04666915484146396, ""normalized_importance"": 0.03480426693050969}]",DO_NOT_USE_AS_PRIMARY_WEATHER_EXAMPLE
123,Xơ cứng nhiều nơi - Multiple sclerosis,168,1,MODERATE,VERY_SIMPLE_MODEL,0.4786637473948975,0.3782447810909234,0.14309147151417895,0.06942965696699153,0.01034184056019559,0.3988922498677104,models/disease_123.txt,95f77d1f4513f68900a1623972ab48db6c3958c8ef2dac5df4977e541db85049,6460,76,WEATHER_7D,1.3322676295501878e-15,"[{""feature"": ""day_of_year_cos"", ""human_label"": ""Thời điểm trong năm"", ""feature_group"": ""SEASONAL_CALENDAR"", ""mean_abs_shap"": 0.02706335123866654, ""normalized_importance"": 0.2774945403926949}, {""feature"": ""temperature_mean_7d"", ""human_label"": ""Nhiệt độ — 7 ngày gần đây"", ""feature_group"": ""WEATHER_7D"", ""mean_abs_shap"": 0.02638620105336966, ""normalized_importance"": 0.2705513692462732}, {""feature"": ""age_group"", ""human_label"": ""Nhóm tuổi"", ""feature_group"": ""DEMOGRAPHIC"", ""mean_abs_shap"": 0.01012126663412084, ""normalized_importance"": 0.10377858263223964}, {""feature"": ""day_of_year_sin"", ""human_label"": ""Thời điểm trong năm"", ""feature_group"": ""SEASONAL_CALENDAR"", ""mean_abs_shap"": 0.00982591998940868, ""normalized_importance"": 0.10075024069822854}, {""feature"": ""wind_gust_max_7d"", ""human_label"": ""Gió — 7 ngày gần đây"", ""feature_group"": ""WEATHER_7D"", ""mean_abs_shap"": 0.009494150467425074, ""normalized_importance"": 0.09734843616163409}, {""feature"": ""wind_speed_mean_current"", ""human_label"": ""Gió — hiện tại"", ""feature_group"": ""WEATHER_CURRENT"", ""mean_abs_shap"": 0.006771301482972485, ""normalized_importance"": 0.06942965696699153}, {""feature"": ""gender"", ""human_label"": ""Giới tính"", ""feature_group"": ""DEMOGRAPHIC"", ""mean_abs_shap"": 0.0038340881176003156, ""normalized_importance"": 0.03931288888193931}, {""feature"": ""temperature_min_7d"", ""human_label"": ""Nhiệt độ — 7 ngày gần đây"", ""feature_group"": ""WEATHER_7D"", ""mean_abs_shap"": 0.003022615900743671, ""normalized_importance"": 0.03099244445980311}, {""feature"": ""temperature_max_3d"", ""human_label"": ""Nhiệt độ — 3 ngày gần đây"", ""feature_group"": ""WEATHER_3D"", ""mean_abs_shap"": 0.0010086139465619165, ""normalized_importance"": 0.01034184056019559}, {""feature"": ""month"", ""human_label"": ""Yếu tố mùa vụ theo tháng"", ""feature_group"": ""SEASONAL_CALENDAR"", ""mean_abs_shap"": 0.0, ""normalized_importance"": 0.0}]",DO_NOT_USE_AS_PRIMARY_WEATHER_EXAMPLE
141,Mất thính giác - Hearing loss,28,1,LOW,VERY_SIMPLE_MODEL,0.47176563689770046,0.3031163933623237,0.22511796973997567,0.0,0.0,0.47176563689770046,models/disease_141.txt,3a4e4ff1228c8f6fe9cc9bb7052c278aa807afc13a77c3dc3e71056c091e53a1,5868,91,WEATHER_7D,1.7763568394002505e-15,"[{""feature"": ""day_of_year_cos"", ""human_label"": ""Thời điểm trong năm"", ""feature_group"": ""SEASONAL_CALENDAR"", ""mean_abs_shap"": 0.015077245615958974, ""normalized_importance"": 0.3031163933623237}, {""feature"": ""gender"", ""human_label"": ""Giới tính"", ""feature_group"": ""DEMOGRAPHIC"", ""mean_abs_shap"": 0.011197543242996091, ""normalized_importance"": 0.22511796973997567}, {""feature"": ""temperature_mean_7d"", ""human_label"": ""Nhiệt độ — 7 ngày gần đây"", ""feature_group"": ""WEATHER_7D"", ""mean_abs_shap"": 0.01107051106271345, ""normalized_importance"": 0.2225640857409335}, {""feature"": ""rain_max_daily_7d"", ""human_label"": ""Lượng mưa — 7 ngày gần đây"", ""feature_group"": ""WEATHER_7D"", ""mean_abs_shap"": 0.007464424822117718, ""normalized_importance"": 0.1500665034075999}, {""feature"": ""wind_speed_mean_7d"", ""human_label"": ""Gió — 7 ngày gần đây"", ""feature_group"": ""WEATHER_7D"", ""mean_abs_shap"": 0.004931054528210142, ""normalized_importance"": 0.0991350477491671}, {""feature"": ""age_group"", ""human_label"": ""Nhóm tuổi"", ""feature_group"": ""DEMOGRAPHIC"", ""mean_abs_shap"": 0.0, ""normalized_importance"": 0.0}, {""feature"": ""month"", ""human_label"": ""Yếu tố mùa vụ theo tháng"", ""feature_group"": ""SEASONAL_CALENDAR"", ""mean_abs_shap"": 0.0, ""normalized_importance"": 0.0}, {""feature"": ""season"", ""human_label"": ""Mùa mưa / mùa khô"", ""feature_group"": ""SEASONAL_CALENDAR"", ""mean_abs_shap"": 0.0, ""normalized_importance"": 0.0}, {""feature"": ""day_of_year_sin"", ""human_label"": ""Thời điểm trong năm"", ""feature_group"": ""SEASONAL_CALENDAR"", ""mean_abs_shap"": 0.0, ""normalized_importance"": 0.0}, {""feature"": ""weather_code_current"", ""human_label"": ""Trạng thái thời tiết — hiện tại"", ""feature_group"": ""WEATHER_CURRENT"", ""mean_abs_shap"": 0.0, ""normalized_importance"": 0.0}]",DO_NOT_USE_AS_PRIMARY_WEATHER_EXAMPLE
101,Tổn thương tuyến giáp liên quan đến thiếu iod - Iodine deficiency- related thyroid disorders,28,198,LOW,NORMAL_MODEL,0.450220851384858,0.3057815510898476,0.24399759752529432,0.07317319033526426,0.1447503917038639,0.23229726934572986,models/disease_101.txt,d849052cc6e9d7418d4c7ba09cb1094d52edc107ed154b7b4c22debf80384e10,202937,62,SEASONAL_CALENDAR,2.220446049250313e-14,"[{""feature"": ""gender"", ""human_label"": ""Giới tính"", ""feature_group"": ""DEMOGRAPHIC"", ""mean_abs_shap"": 0.4600673146403122, ""normalized_importance"": 0.15622913540852582}, {""feature"": ""day_of_year_cos"", ""human_label"": ""Thời điểm trong năm"", ""feature_group"": ""SEASONAL_CALENDAR"", ""mean_abs_shap"": 0.4389489208008563, ""normalized_importance"": 0.14905777524934044}, {""feature"": ""day_of_year_sin"", ""human_label"": ""Thời điểm trong năm"", ""feature_group"": ""SEASONAL_CALENDAR"", ""mean_abs_shap"": 0.4119692893093429, ""normalized_importance"": 0.1398960626750509}, {""feature"": ""humidity_mean_7d"", ""human_label"": ""Độ ẩm — 7 ngày gần đây"", ""feature_group"": ""WEATHER_7D"", ""mean_abs_shap"": 0.30065374013167245, ""normalized_importance"": 0.10209565509958765}, {""feature"": ""age_group"", ""human_label"": ""Nhóm tuổi"", ""feature_group"": ""DEMOGRAPHIC"", ""mean_abs_shap"": 0.2584626777238636, ""normalized_importance"": 0.0877684621167685}, {""feature"": ""humidity_mean_3d"", ""human_label"": ""Độ ẩm — 3 ngày gần đây"", ""feature_group"": ""WEATHER_3D"", ""mean_abs_shap"": 0.10968940097951539, ""normalized_importance"": 0.03724820201997292}, {""feature"": ""temperature_mean_7d"", ""human_label"": ""Nhiệt độ — 7 ngày gần đây"", ""feature_group"": ""WEATHER_7D"", ""mean_abs_shap"": 0.09938963682306835, ""normalized_importance"": 0.03375061982304706}, {""feature"": ""temperature_min_3d"", ""human_label"": ""Nhiệt độ — 3 ngày gần đây"", ""feature_group"": ""WEATHER_3D"", ""mean_abs_shap"": 0.0922139434772051, ""normalized_importance"": 0.03131390603854928}, {""feature"": ""wind_speed_max_7d"", ""human_label"": ""Gió — 7 ngày gần đây"", ""feature_group"": ""WEATHER_7D"", ""mean_abs_shap"": 0.08402223423549139, ""normalized_importance"": 0.02853217473179144}, {""feature"": ""month"", ""human_label"": ""Yếu tố mùa vụ theo tháng"", ""feature_group"": ""SEASONAL_CALENDAR"", ""mean_abs_shap"": 0.04955465436920286, ""normalized_importance"": 0.01682771316545626}]",DO_NOT_USE_AS_PRIMARY_WEATHER_EXAMPLE
130,Viêm mi mắt - Inflammation of eyelid,182,148,MODERATE,NORMAL_MODEL,0.4466785878645661,0.2326000497480395,0.32072136238739457,0.06425558710031398,0.09187437288612854,0.2905486278781236,models/disease_130.txt,30bc40d83f56427a2d9c9f9fd867db3f29aaad77d234c8fedd1fa39c0509b40d,190067,83,DEMOGRAPHIC,1.0658141036401503e-14,"[{""feature"": ""age_group"", ""human_label"": ""Nhóm tuổi"", ""feature_group"": ""DEMOGRAPHIC"", ""mean_abs_shap"": 1.0039595312861582, ""normalized_importance"": 0.28775493714132383}, {""feature"": ""day_of_year_sin"", ""human_label"": ""Thời điểm trong năm"", ""feature_group"": ""SEASONAL_CALENDAR"", ""mean_abs_shap"": 0.5091070327525129, ""normalized_importance"": 0.14592028626913744}, {""feature"": ""day_of_year_cos"", ""human_label"": ""Thời điểm trong năm"", ""feature_group"": ""SEASONAL_CALENDAR"", ""mean_abs_shap"": 0.21078276737721083, ""normalized_importance"": 0.06041456860258191}, {""feature"": ""temperature_min_7d"", ""human_label"": ""Nhiệt độ — 7 ngày gần đây"", ""feature_group"": ""WEATHER_7D"", ""mean_abs_shap"": 0.2067736137990265, ""normalized_importance"": 0.059265464779241134}, {""feature"": ""wind_speed_mean_7d"", ""human_label"": ""Gió — 7 ngày gần đây"", ""feature_group"": ""WEATHER_7D"", ""mean_abs_shap"": 0.17476402434664143, ""normalized_importance"": 0.05009087445587354}, {""feature"": ""wind_speed_max_7d"", ""human_label"": ""Gió — 7 ngày gần đây"", ""feature_group"": ""WEATHER_7D"", ""mean_abs_shap"": 0.1294444962667263, ""normalized_importance"": 0.0371013887769001}, {""feature"": ""gender"", ""human_label"": ""Giới tính"", ""feature_group"": ""DEMOGRAPHIC"", ""mean_abs_shap"": 0.11501785917914795, ""normalized_importance"": 0.03296642524607074}, {""feature"": ""temperature_mean_7d"", ""human_label"": ""Nhiệt độ — 7 ngày gần đây"", ""feature_group"": ""WEATHER_7D"", ""mean_abs_shap"": 0.09152368337839094, ""normalized_importance"": 0.026232523260924807}, {""feature"": ""month"", ""human_label"": ""Yếu tố mùa vụ theo tháng"", ""feature_group"": ""SEASONAL_CALENDAR"", ""mean_abs_shap"": 0.08470965258619909, ""normalized_importance"": 0.024279485373257862}, {""feature"": ""humidity_min_7d"", ""human_label"": ""Độ ẩm — 7 ngày gần đây"", ""feature_group"": ""WEATHER_7D"", ""mean_abs_shap"": 0.08210829935668734, ""normalized_importance"": 0.02353388536477787}]",DO_NOT_USE_AS_PRIMARY_WEATHER_EXAMPLE
132,"Viêm giác mạc, tổn thương khác của củng mạc và giác mạc - Keratitis and other disorders of sclera and cornea.",98,200,LOW,NORMAL_MODEL,0.44047875615920445,0.25196270751958005,0.30755853632121527,0.06362286379920093,0.06538377842219265,0.3114721139378109,models/disease_132.txt,9c0c1ab064c180ef07ac14a818b35f25b1ade4cf050b821ba7549a79b0e7f95c,242900,85,WEATHER_7D,1.7763568394002505e-14,"[{""feature"": ""age_group"", ""human_label"": ""Nhóm tuổi"", ""feature_group"": ""DEMOGRAPHIC"", ""mean_abs_shap"": 0.8368293607330644, ""normalized_importance"": 0.20565222149298576}, {""feature"": ""day_of_year_cos"", ""human_label"": ""Thời điểm trong năm"", ""feature_group"": ""SEASONAL_CALENDAR"", ""mean_abs_shap"": 0.7569203648234225, ""normalized_importance"": 0.1860144514801172}, {""feature"": ""gender"", ""human_label"": ""Giới tính"", ""feature_group"": ""DEMOGRAPHIC"", ""mean_abs_shap"": 0.41467189448900904, ""normalized_importance"": 0.10190631482822952}, {""feature"": ""temperature_min_7d"", ""human_label"": ""Nhiệt độ — 7 ngày gần đây"", ""feature_group"": ""WEATHER_7D"", ""mean_abs_shap"": 0.2189263795696062, ""normalized_importance"": 0.0538015256329751}, {""feature"": ""wind_gust_max_7d"", ""human_label"": ""Gió — 7 ngày gần đây"", ""feature_group"": ""WEATHER_7D"", ""mean_abs_shap"": 0.18605250222490133, ""normalized_importance"": 0.04572271503877677}, {""feature"": ""wind_speed_mean_7d"", ""human_label"": ""Gió — 7 ngày gần đây"", ""feature_group"": ""WEATHER_7D"", ""mean_abs_shap"": 0.1409042440645841, ""normalized_importance"": 0.03462745473496224}, {""feature"": ""month"", ""human_label"": ""Yếu tố mùa vụ theo tháng"", ""feature_group"": ""SEASONAL_CALENDAR"", ""mean_abs_shap"": 0.13564820433230076, ""normalized_importance"": 0.03333577413922815}, {""feature"": ""day_of_year_sin"", ""human_label"": ""Thời điểm trong năm"", ""feature_group"": ""SEASONAL_CALENDAR"", ""mean_abs_shap"": 0.132705021041666, ""normalized_importance"": 0.0326124819002347}, {""feature"": ""humidity_min_7d"", ""human_label"": ""Độ ẩm — 7 ngày gần đây"", ""feature_group"": ""WEATHER_7D"", ""mean_abs_shap"": 0.12508685553816007, ""normalized_importance"": 0.030740304927231742}, {""feature"": ""temperature_max_7d"", ""human_label"": ""Nhiệt độ — 7 ngày gần đây"", ""feature_group"": ""WEATHER_7D"", ""mean_abs_shap"": 0.12128033272794854, ""normalized_importance"": 0.029804845550665447}]",DO_NOT_USE_AS_PRIMARY_WEATHER_EXAMPLE
143,Thấp khớp cấp - Acute rheumatic heart disease,70,1,LOW,VERY_SIMPLE_MODEL,0.4304915854832417,0.5181629111451415,0.05134550337161679,0.0,0.13560347222865526,0.2948881132545864,models/disease_143.txt,2b87c23c8db41586ed3bbdbb001663c46376596ebca0cd708ed14741ad4b119a,6336,93,SEASONAL_CALENDAR,1.7763568394002505e-15,"[{""feature"": ""day_of_year_cos"", ""human_label"": ""Thời điểm trong năm"", ""feature_group"": ""SEASONAL_CALENDAR"", ""mean_abs_shap"": 0.04214182900774312, ""normalized_importance"": 0.3844707833012185}, {""feature"": ""temperature_min_7d"", ""human_label"": ""Nhiệt độ — 7 ngày gần đây"", ""feature_group"": ""WEATHER_7D"", ""mean_abs_shap"": 0.021584682928489807, ""normalized_importance"": 0.19692263359760961}, {""feature"": ""temperature_max_3d"", ""human_label"": ""Nhiệt độ — 3 ngày gần đây"", ""feature_group"": ""WEATHER_3D"", ""mean_abs_shap"": 0.014863491811909864, ""normalized_importance"": 0.13560347222865526}, {""feature"": ""day_of_year_sin"", ""human_label"": ""Thời điểm trong năm"", ""feature_group"": ""SEASONAL_CALENDAR"", ""mean_abs_shap"": 0.014653989421260866, ""normalized_importance"": 0.13369212784392295}, {""feature"": ""rain_max_daily_7d"", ""human_label"": ""Lượng mưa — 7 ngày gần đây"", ""feature_group"": ""WEATHER_7D"", ""mean_abs_shap"": 0.0071052312637798635, ""normalized_importance"": 0.06482285875679054}, {""feature"": ""gender"", ""human_label"": ""Giới tính"", ""feature_group"": ""DEMOGRAPHIC"", ""mean_abs_shap"": 0.005627978814993391, ""normalized_importance"": 0.05134550337161679}, {""feature"": ""wind_speed_mean_7d"", ""human_label"": ""Gió — 7 ngày gần đây"", ""feature_group"": ""WEATHER_7D"", ""mean_abs_shap"": 0.0036327615088240584, ""normalized_importance"": 0.03314262090018624}, {""feature"": ""age_group"", ""human_label"": ""Nhóm tuổi"", ""feature_group"": ""DEMOGRAPHIC"", ""mean_abs_shap"": 0.0, ""normalized_importance"": 0.0}, {""feature"": ""month"", ""human_label"": ""Yếu tố mùa vụ theo tháng"", ""feature_group"": ""SEASONAL_CALENDAR"", ""mean_abs_shap"": 0.0, ""normalized_importance"": 0.0}, {""feature"": ""season"", ""human_label"": ""Mùa mưa / mùa khô"", ""feature_group"": ""SEASONAL_CALENDAR"", ""mean_abs_shap"": 0.0, ""normalized_importance"": 0.0}]",DO_NOT_USE_AS_PRIMARY_WEATHER_EXAMPLE
37,Viêm gan B cấp - Acute hepatitis B,84,39,LOW,NORMAL_MODEL,0.42801388567722753,0.21341778950903662,0.35856832481373574,0.01672327494611815,0.08449006464587758,0.3268005460852318,models/disease_37.txt,4414980f81cce3f7bbf416e79445b7915bf0b89163d427081fa976169362f0a9,44134,18,DEMOGRAPHIC,5.329070518200751e-15,"[{""feature"": ""age_group"", ""human_label"": ""Nhóm tuổi"", ""feature_group"": ""DEMOGRAPHIC"", ""mean_abs_shap"": 0.34025227203769265, ""normalized_importance"": 0.22286849194766406}, {""feature"": ""wind_speed_max_7d"", ""human_label"": ""Gió — 7 ngày gần đây"", ""feature_group"": ""WEATHER_7D"", ""mean_abs_shap"": 0.2209583668678579, ""normalized_importance"": 0.1447298432781749}, {""feature"": ""gender"", ""human_label"": ""Giới tính"", ""feature_group"": ""DEMOGRAPHIC"", ""mean_abs_shap"": 0.20717229270191592, ""normalized_importance"": 0.13569983286607168}, {""feature"": ""day_of_year_cos"", ""human_label"": ""Thời điểm trong năm"", ""feature_group"": ""SEASONAL_CALENDAR"", ""mean_abs_shap"": 0.19559972122279373, ""normalized_importance"": 0.12811968788110947}, {""feature"": ""day_of_year_sin"", ""human_label"": ""Thời điểm trong năm"", ""feature_group"": ""SEASONAL_CALENDAR"", ""mean_abs_shap"": 0.1302242081227867, ""normalized_importance"": 0.08529810162792713}, {""feature"": ""temperature_mean_3d"", ""human_label"": ""Nhiệt độ — 3 ngày gần đây"", ""feature_group"": ""WEATHER_3D"", ""mean_abs_shap"": 0.0925312938921645, ""normalized_importance"": 0.06060888235723019}, {""feature"": ""temperature_min_7d"", ""human_label"": ""Nhiệt độ — 7 ngày gần đây"", ""feature_group"": ""WEATHER_7D"", ""mean_abs_shap"": 0.07513768248200217, ""normalized_importance"": 0.04921590055202089}, {""feature"": ""humidity_min_7d"", ""human_label"": ""Độ ẩm — 7 ngày gần đây"", ""feature_group"": ""WEATHER_7D"", ""mean_abs_shap"": 0.07175938746755181, ""normalized_importance"": 0.047003085011610754}, {""feature"": ""wind_speed_mean_7d"", ""human_label"": ""Gió — 7 ngày gần đây"", ""feature_group"": ""WEATHER_7D"", ""mean_abs_shap"": 0.03334575150366437, ""normalized_importance"": 0.02184178611351037}, {""feature"": ""wind_gust_max_7d"", ""human_label"": ""Gió — 7 ngày gần đây"", ""feature_group"": ""WEATHER_7D"", ""mean_abs_shap"": 0.02777477235392479, ""normalized_importance"": 0.018192741496295302}]",DO_NOT_USE_AS_PRIMARY_WEATHER_EXAMPLE
33,Nhiễm virut Héc-pét - Herpesviral infections,45,2,LOW,VERY_SIMPLE_MODEL,0.423974479740044,0.5253764182565915,0.05064910200336433,0.10718380453517053,0.05856829457768089,0.2582223806271926,models/disease_33.txt,0801360434b156d4dfc416cf7511d3c09b0dcffea0bb30c4ba6f47c4e25d3e0c,7848,16,SEASONAL_CALENDAR,2.6645352591003757e-15,"[{""feature"": ""day_of_year_sin"", ""human_label"": ""Thời điểm trong năm"", ""feature_group"": ""SEASONAL_CALENDAR"", ""mean_abs_shap"": 0.04736440687451265, ""normalized_importance"": 0.31115800113383607}, {""feature"": ""day_of_year_cos"", ""human_label"": ""Thời điểm trong năm"", ""feature_group"": ""SEASONAL_CALENDAR"", ""mean_abs_shap"": 0.03260828335329257, ""normalized_importance"": 0.21421841712275547}, {""feature"": ""rain_max_daily_7d"", ""human_label"": ""Lượng mưa — 7 ngày gần đây"", ""feature_group"": ""WEATHER_7D"", ""mean_abs_shap"": 0.017760355769769486, ""normalized_importance"": 0.11667573111151996}, {""feature"": ""temperature_max_current"", ""human_label"": ""Nhiệt độ — hiện tại"", ""feature_group"": ""WEATHER_CURRENT"", ""mean_abs_shap"": 0.013764469189125182, ""normalized_importance"": 0.09042496258643445}, {""feature"": ""precipitation_sum_7d"", ""human_label"": ""Lượng mưa — 7 ngày gần đây"", ""feature_group"": ""WEATHER_7D"", ""mean_abs_shap"": 0.00915645423932883, ""normalized_importance"": 0.060152848659784125}, {""feature"": ""gender"", ""human_label"": ""Giới tính"", ""feature_group"": ""DEMOGRAPHIC"", ""mean_abs_shap"": 0.007709795879824389, ""normalized_importance"": 0.05064910200336433}, {""feature"": ""temperature_min_3d"", ""human_label"": ""Nhiệt độ — 3 ngày gần đây"", ""feature_group"": ""WEATHER_3D"", ""mean_abs_shap"": 0.007149857458715346, ""normalized_importance"": 0.04697061574401077}, {""feature"": ""humidity_min_7d"", ""human_label"": ""Độ ẩm — 7 ngày gần đây"", ""feature_group"": ""WEATHER_7D"", ""mean_abs_shap"": 0.006393884527276029, ""normalized_importance"": 0.0420042909913087}, {""feature"": ""temperature_mean_7d"", ""human_label"": ""Nhiệt độ — 7 ngày gần đây"", ""feature_group"": ""WEATHER_7D"", ""mean_abs_shap"": 0.005995863082470198, ""normalized_importance"": 0.03938950986457981}, {""feature"": ""temperature_mean_current"", ""human_label"": ""Nhiệt độ — hiện tại"", ""feature_group"": ""WEATHER_CURRENT"", ""mean_abs_shap"": 0.0025510274712947727, ""normalized_importance"": 0.016758841948736072}]",DO_NOT_USE_AS_PRIMARY_WEATHER_EXAMPLE
73,U ác vú - Malignant neoplasm of breast,14,200,LOW,NORMAL_MODEL,0.4210268504198027,0.4149051253031706,0.1640680242770266,0.07601233454126007,0.1990205703131757,0.14599394556536693,models/disease_73.txt,e0b2aa283509b77b28ad576ec84c0184cb578e13cc08234335be4ba8b92085b7,150057,37,SEASONAL_CALENDAR,1.5987211554602254e-14,"[{""feature"": ""day_of_year_sin"", ""human_label"": ""Thời điểm trong năm"", ""feature_group"": ""SEASONAL_CALENDAR"", ""mean_abs_shap"": 0.37173610335044754, ""normalized_importance"": 0.2337407447752846}, {""feature"": ""day_of_year_cos"", ""human_label"": ""Thời điểm trong năm"", ""feature_group"": ""SEASONAL_CALENDAR"", ""mean_abs_shap"": 0.2724079154778653, ""normalized_importance"": 0.17128502847207336}, {""feature"": ""humidity_mean_3d"", ""human_label"": ""Độ ẩm — 3 ngày gần đây"", ""feature_group"": ""WEATHER_3D"", ""mean_abs_shap"": 0.21236890064235006, ""normalized_importance"": 0.13353361310847656}, {""feature"": ""age_group"", ""human_label"": ""Nhóm tuổi"", ""feature_group"": ""DEMOGRAPHIC"", ""mean_abs_shap"": 0.1392544022813635, ""normalized_importance"": 0.0875605770037289}, {""feature"": ""gender"", ""human_label"": ""Giới tính"", ""feature_group"": ""DEMOGRAPHIC"", ""mean_abs_shap"": 0.12167574957463205, ""normalized_importance"": 0.07650744727329771}, {""feature"": ""rain_max_daily_7d"", ""human_label"": ""Lượng mưa — 7 ngày gần đây"", ""feature_group"": ""WEATHER_7D"", ""mean_abs_shap"": 0.10822139067206915, ""normalized_importance"": 0.06804759674488589}, {""feature"": ""wind_gust_max_current"", ""human_label"": ""Gió — hiện tại"", ""feature_group"": ""WEATHER_CURRENT"", ""mean_abs_shap"": 0.07381546991783085, ""normalized_importance"": 0.04641379397649143}, {""feature"": ""temperature_mean_7d"", ""human_label"": ""Nhiệt độ — 7 ngày gần đây"", ""feature_group"": ""WEATHER_7D"", ""mean_abs_shap"": 0.04476781601759545, ""normalized_importance"": 0.028149169702924623}, {""feature"": ""wind_gust_max_3d"", ""human_label"": ""Gió — 3 ngày gần đây"", ""feature_group"": ""WEATHER_3D"", ""mean_abs_shap"": 0.027623300100255634, ""normalized_importance"": 0.017369017107542056}, {""feature"": ""temperature_min_7d"", ""human_label"": ""Nhiệt độ — 7 ngày gần đây"", ""feature_group"": ""WEATHER_7D"", ""mean_abs_shap"": 0.026275794723749735, ""normalized_importance"": 0.016521730800254708}]",DO_NOT_USE_AS_PRIMARY_WEATHER_EXAMPLE
135,Glôcôm - Glaucoma,14,200,LOW,NORMAL_MODEL,0.40885330912962836,0.3729481250948324,0.21819856577553906,0.06890587823330362,0.09663316467630792,0.24331426622001684,models/disease_135.txt,1178c22c86dfac55d843e1c6de79505e09e2f776df1e20794b730a86722544cd,157806,86,SEASONAL_CALENDAR,2.4868995751603507e-14,"[{""feature"": ""day_of_year_sin"", ""human_label"": ""Thời điểm trong năm"", ""feature_group"": ""SEASONAL_CALENDAR"", ""mean_abs_shap"": 0.43986171028664434, ""normalized_importance"": 0.28533203904857335}, {""feature"": ""age_group"", ""human_label"": ""Nhóm tuổi"", ""feature_group"": ""DEMOGRAPHIC"", ""mean_abs_shap"": 0.18113053044477928, ""normalized_importance"": 0.11749680041956545}, {""feature"": ""gender"", ""human_label"": ""Giới tính"", ""feature_group"": ""DEMOGRAPHIC"", ""mean_abs_shap"": 0.15523966704216624, ""normalized_importance"": 0.10070176535597361}, {""feature"": ""humidity_min_7d"", ""human_label"": ""Độ ẩm — 7 ngày gần đây"", ""feature_group"": ""WEATHER_7D"", ""mean_abs_shap"": 0.14700497606071966, ""normalized_importance"": 0.09536003836832589}, {""feature"": ""day_of_year_cos"", ""human_label"": ""Thời điểm trong năm"", ""feature_group"": ""SEASONAL_CALENDAR"", ""mean_abs_shap"": 0.13506706637444468, ""normalized_importance"": 0.08761608604625905}, {""feature"": ""temperature_max_7d"", ""human_label"": ""Nhiệt độ — 7 ngày gần đây"", ""feature_group"": ""WEATHER_7D"", ""mean_abs_shap"": 0.08978871376931266, ""normalized_importance"": 0.05824466232046248}, {""feature"": ""temperature_max_current"", ""human_label"": ""Nhiệt độ — hiện tại"", ""feature_group"": ""WEATHER_CURRENT"", ""mean_abs_shap"": 0.059002531109873274, ""normalized_importance"": 0.038274103239484}, {""feature"": ""wind_gust_max_7d"", ""human_label"": ""Gió — 7 ngày gần đây"", ""feature_group"": ""WEATHER_7D"", ""mean_abs_shap"": 0.04972904353184466, ""normalized_importance"": 0.03225852366560795}, {""feature"": ""wind_gust_max_3d"", ""human_label"": ""Gió — 3 ngày gần đây"", ""feature_group"": ""WEATHER_3D"", ""mean_abs_shap"": 0.04761289048617498, ""normalized_importance"": 0.03088580526493994}, {""feature"": ""precipitation_sum_3d"", ""human_label"": ""Lượng mưa — 3 ngày gần đây"", ""feature_group"": ""WEATHER_3D"", ""mean_abs_shap"": 0.04655885271522491, ""normalized_importance"": 0.030202065945544747}]",DO_NOT_USE_AS_PRIMARY_WEATHER_EXAMPLE
160,"Bệnh khác của động mạch, tiểu động mạch và mao mạch - Other diseases of arteries, arterioles and capillaries",57,1,LOW,VERY_SIMPLE_MODEL,0.40405689372526277,0.534491499342505,0.06145160693223223,0.0,0.11818958248974987,0.2858673112355129,models/disease_160.txt,c17d231424a23f77742289db29a4b52910d3c960555bcdbd8741357b8ca12e72,6096,106,SEASONAL_CALENDAR,1.7763568394002505e-15,"[{""feature"": ""day_of_year_cos"", ""human_label"": ""Thời điểm trong năm"", ""feature_group"": ""SEASONAL_CALENDAR"", ""mean_abs_shap"": 0.0378237701091028, ""normalized_importance"": 0.4241839565308941}, {""feature"": ""rain_max_daily_7d"", ""human_label"": ""Lượng mưa — 7 ngày gần đây"", ""feature_group"": ""WEATHER_7D"", ""mean_abs_shap"": 0.017426921623411015, ""normalized_importance"": 0.19543849127279986}, {""feature"": ""month"", ""human_label"": ""Yếu tố mùa vụ theo tháng"", ""feature_group"": ""SEASONAL_CALENDAR"", ""mean_abs_shap"": 0.009835938102723867, ""normalized_importance"": 0.11030754281161088}, {""feature"": ""temperature_min_7d"", ""human_label"": ""Nhiệt độ — 7 ngày gần đây"", ""feature_group"": ""WEATHER_7D"", ""mean_abs_shap"": 0.008063385813739502, ""normalized_importance"": 0.09042881996271307}, {""feature"": ""temperature_max_3d"", ""human_label"": ""Nhiệt độ — 3 ngày gần đây"", ""feature_group"": ""WEATHER_3D"", ""mean_abs_shap"": 0.006224730046929156, ""normalized_importance"": 0.06980876343174718}, {""feature"": ""gender"", ""human_label"": ""Giới tính"", ""feature_group"": ""DEMOGRAPHIC"", ""mean_abs_shap"": 0.005479536455005965, ""normalized_importance"": 0.06145160693223223}, {""feature"": ""humidity_mean_3d"", ""human_label"": ""Độ ẩm — 3 ngày gần đây"", ""feature_group"": ""WEATHER_3D"", ""mean_abs_shap"": 0.00431403627969771, ""normalized_importance"": 0.04838081905800269}, {""feature"": ""age_group"", ""human_label"": ""Nhóm tuổi"", ""feature_group"": ""DEMOGRAPHIC"", ""mean_abs_shap"": 0.0, ""normalized_importance"": 0.0}, {""feature"": ""season"", ""human_label"": ""Mùa mưa / mùa khô"", ""feature_group"": ""SEASONAL_CALENDAR"", ""mean_abs_shap"": 0.0, ""normalized_importance"": 0.0}, {""feature"": ""day_of_year_sin"", ""human_label"": ""Thời điểm trong năm"", ""feature_group"": ""SEASONAL_CALENDAR"", ""mean_abs_shap"": 0.0, ""normalized_importance"": 0.0}]",DO_NOT_USE_AS_PRIMARY_WEATHER_EXAMPLE
146,Bệnh tăng huyết áp khác - Other hypertensive diseases,126,10,MODERATE,NORMAL_MODEL,0.40281573362349665,0.15665511305619959,0.44052915332030357,0.015302738538439558,0.026616916587435892,0.3608960784976212,models/disease_146.txt,26b9878897560aaf379502dc03a510cf10233721e40820b20840b4da3c06397d,19997,96,DEMOGRAPHIC,2.6645352591003757e-15,"[{""feature"": ""age_group"", ""human_label"": ""Nhóm tuổi"", ""feature_group"": ""DEMOGRAPHIC"", ""mean_abs_shap"": 0.26928060239895957, ""normalized_importance"": 0.36101786518865975}, {""feature"": ""day_of_year_sin"", ""human_label"": ""Thời điểm trong năm"", ""feature_group"": ""SEASONAL_CALENDAR"", ""mean_abs_shap"": 0.09426216482718702, ""normalized_importance"": 0.1263749605831397}, {""feature"": ""precipitation_sum_7d"", ""human_label"": ""Lượng mưa — 7 ngày gần đây"", ""feature_group"": ""WEATHER_7D"", ""mean_abs_shap"": 0.06487907948486256, ""normalized_importance"": 0.08698178243202323}, {""feature"": ""gender"", ""human_label"": ""Giới tính"", ""feature_group"": ""DEMOGRAPHIC"", ""mean_abs_shap"": 0.0593068920686722, ""normalized_importance"": 0.07951128813164383}, {""feature"": ""temperature_min_7d"", ""human_label"": ""Nhiệt độ — 7 ngày gần đây"", ""feature_group"": ""WEATHER_7D"", ""mean_abs_shap"": 0.03550010033077358, ""normalized_importance"": 0.047594109346246145}, {""feature"": ""humidity_min_7d"", ""human_label"": ""Độ ẩm — 7 ngày gần đây"", ""feature_group"": ""WEATHER_7D"", ""mean_abs_shap"": 0.029839268092368153, ""normalized_importance"": 0.04000477111804198}, {""feature"": ""temperature_mean_7d"", ""human_label"": ""Nhiệt độ — 7 ngày gần đây"", ""feature_group"": ""WEATHER_7D"", ""mean_abs_shap"": 0.02791208551027112, ""normalized_importance"": 0.0374210449401473}, {""feature"": ""rain_max_daily_7d"", ""human_label"": ""Lượng mưa — 7 ngày gần đây"", ""feature_group"": ""WEATHER_7D"", ""mean_abs_shap"": 0.024969830126205385, ""normalized_importance"": 0.033476435680763986}, {""feature"": ""wind_speed_max_7d"", ""human_label"": ""Gió — 7 ngày gần đây"", ""feature_group"": ""WEATHER_7D"", ""mean_abs_shap"": 0.01957520849519734, ""normalized_importance"": 0.02624399945113301}, {""feature"": ""day_of_year_cos"", ""human_label"": ""Thời điểm trong năm"", ""feature_group"": ""SEASONAL_CALENDAR"", ""mean_abs_shap"": 0.019296334856241156, ""normalized_importance"": 0.025870120438324682}]",DO_NOT_USE_AS_PRIMARY_WEATHER_EXAMPLE
277,Thương tổn do chấn thương ở mắt và hốc mắt - Injury of eye and orbit,56,6,LOW,NORMAL_MODEL,0.3953440477176021,0.20535361763927032,0.3993023346431275,0.022324049964473153,0.13261111540925394,0.240408882343875,models/disease_277.txt,02287edd8edbae31068238837cbf32b0abd675b45c53a0da54e47ea497cf96f4,11832,198,DEMOGRAPHIC,1.7763568394002505e-15,"[{""feature"": ""age_group"", ""human_label"": ""Nhóm tuổi"", ""feature_group"": ""DEMOGRAPHIC"", ""mean_abs_shap"": 0.11780398052638184, ""normalized_importance"": 0.27415632895799347}, {""feature"": ""month"", ""human_label"": ""Yếu tố mùa vụ theo tháng"", ""feature_group"": ""SEASONAL_CALENDAR"", ""mean_abs_shap"": 0.0662980176965272, ""normalized_importance"": 0.15429038193494252}, {""feature"": ""gender"", ""human_label"": ""Giới tính"", ""feature_group"": ""DEMOGRAPHIC"", ""mean_abs_shap"": 0.05377478489269125, ""normalized_importance"": 0.12514600568513404}, {""feature"": ""wind_speed_mean_3d"", ""human_label"": ""Gió — 3 ngày gần đây"", ""feature_group"": ""WEATHER_3D"", ""mean_abs_shap"": 0.03846180385764323, ""normalized_importance"": 0.08950925854625465}, {""feature"": ""wind_speed_mean_7d"", ""human_label"": ""Gió — 7 ngày gần đây"", ""feature_group"": ""WEATHER_7D"", ""mean_abs_shap"": 0.03739289374537304, ""normalized_importance"": 0.08702166456974682}, {""feature"": ""wind_gust_max_7d"", ""human_label"": ""Gió — 7 ngày gần đây"", ""feature_group"": ""WEATHER_7D"", ""mean_abs_shap"": 0.022171082093005542, ""normalized_importance"": 0.051597089066811964}, {""feature"": ""day_of_year_sin"", ""human_label"": ""Thời điểm trong năm"", ""feature_group"": ""SEASONAL_CALENDAR"", ""mean_abs_shap"": 0.021941687238773808, ""normalized_importance"": 0.05106323570432781}, {""feature"": ""temperature_mean_7d"", ""human_label"": ""Nhiệt độ — 7 ngày gần đây"", ""feature_group"": ""WEATHER_7D"", ""mean_abs_shap"": 0.01872194105728797, ""normalized_importance"": 0.04357016298005773}, {""feature"": ""humidity_max_3d"", ""human_label"": ""Độ ẩm — 3 ngày gần đây"", ""feature_group"": ""WEATHER_3D"", ""mean_abs_shap"": 0.011963903277639567, ""normalized_importance"": 0.027842690781332537}, {""feature"": ""wind_speed_max_7d"", ""human_label"": ""Gió — 7 ngày gần đây"", ""feature_group"": ""WEATHER_7D"", ""mean_abs_shap"": 0.011564344322744157, ""normalized_importance"": 0.026912827326914825}]",DO_NOT_USE_AS_PRIMARY_WEATHER_EXAMPLE
9,Dịch hạch - Plague,14,200,LOW,NORMAL_MODEL,0.3721499048389566,0.41739072721893655,0.210459367942107,0.11685624997465148,0.04051347153060745,0.2147801833336977,models/disease_9.txt,ebab69ccbacad514ad8ef0a35a401920192f07dcad44462955c104f0da9cca4d,161949,6,SEASONAL_CALENDAR,1.2434497875801753e-14,"[{""feature"": ""month"", ""human_label"": ""Yếu tố mùa vụ theo tháng"", ""feature_group"": ""SEASONAL_CALENDAR"", ""mean_abs_shap"": 0.2780009176586254, ""normalized_importance"": 0.2041688081139126}, {""feature"": ""day_of_year_cos"", ""human_label"": ""Thời điểm trong năm"", ""feature_group"": ""SEASONAL_CALENDAR"", ""mean_abs_shap"": 0.25140846926408233, ""normalized_importance"": 0.1846388420286509}, {""feature"": ""age_group"", ""human_label"": ""Nhóm tuổi"", ""feature_group"": ""DEMOGRAPHIC"", ""mean_abs_shap"": 0.15403149093916357, ""normalized_importance"": 0.11312346082136115}, {""feature"": ""gender"", ""human_label"": ""Giới tính"", ""feature_group"": ""DEMOGRAPHIC"", ""mean_abs_shap"": 0.13253479682168048, ""normalized_importance"": 0.09733590712074586}, {""feature"": ""rain_days_7d"", ""human_label"": ""Lượng mưa — 7 ngày gần đây"", ""feature_group"": ""WEATHER_7D"", ""mean_abs_shap"": 0.08365632995286769, ""normalized_importance"": 0.061438693517676855}, {""feature"": ""weather_code_current"", ""human_label"": ""Trạng thái thời tiết — hiện tại"", ""feature_group"": ""WEATHER_CURRENT"", ""mean_abs_shap"": 0.08035362900153722, ""normalized_importance"": 0.05901313132000867}, {""feature"": ""humidity_max_7d"", ""human_label"": ""Độ ẩm — 7 ngày gần đây"", ""feature_group"": ""WEATHER_7D"", ""mean_abs_shap"": 0.0673468511191212, ""normalized_importance"": 0.0494607227883353}, {""feature"": ""day_of_year_sin"", ""human_label"": ""Thời điểm trong năm"", ""feature_group"": ""SEASONAL_CALENDAR"", ""mean_abs_shap"": 0.038919371328775675, ""normalized_importance"": 0.028583077076373}, {""feature"": ""humidity_min_7d"", ""human_label"": ""Độ ẩm — 7 ngày gần đây"", ""feature_group"": ""WEATHER_7D"", ""mean_abs_shap"": 0.03247504121428047, ""normalized_importance"": 0.023850246661098085}, {""feature"": ""wind_speed_mean_current"", ""human_label"": ""Gió — hiện tại"", ""feature_group"": ""WEATHER_CURRENT"", ""mean_abs_shap"": 0.031571674684812145, ""normalized_importance"": 0.023186798248175815}]",DO_NOT_USE_AS_PRIMARY_WEATHER_EXAMPLE
171,Viêm xoang mạn tính - Chronic sinusitis,154,4,MODERATE,SIMPLE_MODEL,0.36356598976205007,0.056308940457686016,0.580125069780264,0.0,0.09514732393509157,0.2684186658269585,models/disease_171.txt,042002a63597f4b12a2b6bc8730686140075c2d62f8a8c58c4934224273b40ed,10792,115,DEMOGRAPHIC,2.6645352591003757e-15,"[{""feature"": ""age_group"", ""human_label"": ""Nhóm tuổi"", ""feature_group"": ""DEMOGRAPHIC"", ""mean_abs_shap"": 0.1704577354536234, ""normalized_importance"": 0.4006434851974449}, {""feature"": ""gender"", ""human_label"": ""Giới tính"", ""feature_group"": ""DEMOGRAPHIC"", ""mean_abs_shap"": 0.07636221626950451, ""normalized_importance"": 0.17948158458281915}, {""feature"": ""temperature_min_7d"", ""human_label"": ""Nhiệt độ — 7 ngày gần đây"", ""feature_group"": ""WEATHER_7D"", ""mean_abs_shap"": 0.03497542546906938, ""normalized_importance"": 0.08220616282916582}, {""feature"": ""wind_speed_max_7d"", ""human_label"": ""Gió — 7 ngày gần đây"", ""feature_group"": ""WEATHER_7D"", ""mean_abs_shap"": 0.028065963823774392, ""normalized_importance"": 0.0659661794277542}, {""feature"": ""wind_gust_max_3d"", ""human_label"": ""Gió — 3 ngày gần đây"", ""feature_group"": ""WEATHER_3D"", ""mean_abs_shap"": 0.018196572455939947, ""normalized_importance"": 0.042769183739268316}, {""feature"": ""day_of_year_sin"", ""human_label"": ""Thời điểm trong năm"", ""feature_group"": ""SEASONAL_CALENDAR"", ""mean_abs_shap"": 0.01098345853095139, ""normalized_importance"": 0.02581549668984784}, {""feature"": ""temperature_mean_7d"", ""human_label"": ""Nhiệt độ — 7 ngày gần đây"", ""feature_group"": ""WEATHER_7D"", ""mean_abs_shap"": 0.010747527533954701, ""normalized_importance"": 0.025260964995223876}, {""feature"": ""temperature_max_7d"", ""human_label"": ""Nhiệt độ — 7 ngày gần đây"", ""feature_group"": ""WEATHER_7D"", ""mean_abs_shap"": 0.010373495098863235, ""normalized_importance"": 0.02438183998530197}, {""feature"": ""rain_max_daily_7d"", ""human_label"": ""Lượng mưa — 7 ngày gần đây"", ""feature_group"": ""WEATHER_7D"", ""mean_abs_shap"": 0.009824406091594223, ""normalized_importance"": 0.023091262394496683}, {""feature"": ""temperature_mean_3d"", ""human_label"": ""Nhiệt độ — 3 ngày gần đây"", ""feature_group"": ""WEATHER_3D"", ""mean_abs_shap"": 0.009067835764095327, ""normalized_importance"": 0.021313021166549602}]",DO_NOT_USE_AS_PRIMARY_WEATHER_EXAMPLE
48,Sán Echinococ - Echinococcosis,14,200,LOW,NORMAL_MODEL,0.3622671221451245,0.4674339609973095,0.17029891685756593,0.0176455729505944,0.07092053347409742,0.2737010157204327,models/disease_48.txt,7cd4a6c1dc85311baf8d5ae9846b34e4151a8c78220b5cf0c722a83d46ff77e7,146339,24,SEASONAL_CALENDAR,2.1316282072803006e-14,"[{""feature"": ""day_of_year_sin"", ""human_label"": ""Thời điểm trong năm"", ""feature_group"": ""SEASONAL_CALENDAR"", ""mean_abs_shap"": 0.4311640711576425, ""normalized_importance"": 0.2930146979485066}, {""feature"": ""day_of_year_cos"", ""human_label"": ""Thời điểm trong năm"", ""feature_group"": ""SEASONAL_CALENDAR"", ""mean_abs_shap"": 0.2474986962222096, ""normalized_importance"": 0.16819758548407632}, {""feature"": ""age_group"", ""human_label"": ""Nhóm tuổi"", ""feature_group"": ""DEMOGRAPHIC"", ""mean_abs_shap"": 0.13153757844858402, ""normalized_importance"": 0.08939159451414012}, {""feature"": ""gender"", ""human_label"": ""Giới tính"", ""feature_group"": ""DEMOGRAPHIC"", ""mean_abs_shap"": 0.11905317628191338, ""normalized_importance"": 0.0809073223434258}, {""feature"": ""humidity_min_7d"", ""human_label"": ""Độ ẩm — 7 ngày gần đây"", ""feature_group"": ""WEATHER_7D"", ""mean_abs_shap"": 0.11008914343648453, ""normalized_importance"": 0.07481545719902352}, {""feature"": ""humidity_mean_7d"", ""human_label"": ""Độ ẩm — 7 ngày gần đây"", ""feature_group"": ""WEATHER_7D"", ""mean_abs_shap"": 0.10218025478239495, ""normalized_importance"": 0.06944065726760917}, {""feature"": ""wind_gust_max_7d"", ""human_label"": ""Gió — 7 ngày gần đây"", ""feature_group"": ""WEATHER_7D"", ""mean_abs_shap"": 0.0812297656529223, ""normalized_importance"": 0.055202918887266646}, {""feature"": ""humidity_min_3d"", ""human_label"": ""Độ ẩm — 3 ngày gần đây"", ""feature_group"": ""WEATHER_3D"", ""mean_abs_shap"": 0.04528206990316675, ""normalized_importance"": 0.030773232100567115}, {""feature"": ""precipitation_sum_7d"", ""human_label"": ""Lượng mưa — 7 ngày gần đây"", ""feature_group"": ""WEATHER_7D"", ""mean_abs_shap"": 0.033275561078011794, ""normalized_importance"": 0.022613731362546262}, {""feature"": ""rain_max_daily_7d"", ""human_label"": ""Lượng mưa — 7 ngày gần đây"", ""feature_group"": ""WEATHER_7D"", ""mean_abs_shap"": 0.030788363173513394, ""normalized_importance"": 0.020923457076082588}]",DO_NOT_USE_AS_PRIMARY_WEATHER_EXAMPLE
42,Nấm - Mycoses,184,68,MODERATE,NORMAL_MODEL,0.3509076865339127,0.27797345964215897,0.3711188538239285,0.0352670011430956,0.06083039053564658,0.2548102948551705,models/disease_42.txt,c28e9794fdc93c22ece8c0b08a2d8db2d04037c8a23ee178f175a48baecb1565,88857,22,DEMOGRAPHIC,7.105427357601002e-15,"[{""feature"": ""age_group"", ""human_label"": ""Nhóm tuổi"", ""feature_group"": ""DEMOGRAPHIC"", ""mean_abs_shap"": 0.8049659161455311, ""normalized_importance"": 0.3517340618990421}, {""feature"": ""day_of_year_sin"", ""human_label"": ""Thời điểm trong năm"", ""feature_group"": ""SEASONAL_CALENDAR"", ""mean_abs_shap"": 0.36426795025215525, ""normalized_importance"": 0.15916878366147463}, {""feature"": ""day_of_year_cos"", ""human_label"": ""Thời điểm trong năm"", ""feature_group"": ""SEASONAL_CALENDAR"", ""mean_abs_shap"": 0.2192953760809634, ""normalized_importance"": 0.09582226009515933}, {""feature"": ""humidity_max_7d"", ""human_label"": ""Độ ẩm — 7 ngày gần đây"", ""feature_group"": ""WEATHER_7D"", ""mean_abs_shap"": 0.0830082621379966, ""normalized_importance"": 0.03627089374514519}, {""feature"": ""wind_speed_max_7d"", ""human_label"": ""Gió — 7 ngày gần đây"", ""feature_group"": ""WEATHER_7D"", ""mean_abs_shap"": 0.07830787879858211, ""normalized_importance"": 0.03421703669195296}, {""feature"": ""rain_max_daily_7d"", ""human_label"": ""Lượng mưa — 7 ngày gần đây"", ""feature_group"": ""WEATHER_7D"", ""mean_abs_shap"": 0.07284903007433645, ""normalized_importance"": 0.031831764226920786}, {""feature"": ""temperature_mean_7d"", ""human_label"": ""Nhiệt độ — 7 ngày gần đây"", ""feature_group"": ""WEATHER_7D"", ""mean_abs_shap"": 0.07027482602987188, ""normalized_importance"": 0.030706952323018052}, {""feature"": ""month"", ""human_label"": ""Yếu tố mùa vụ theo tháng"", ""feature_group"": ""SEASONAL_CALENDAR"", ""mean_abs_shap"": 0.05259672992330014, ""normalized_importance"": 0.022982415885525014}, {""feature"": ""humidity_mean_7d"", ""human_label"": ""Độ ẩm — 7 ngày gần đây"", ""feature_group"": ""WEATHER_7D"", ""mean_abs_shap"": 0.04527115699884018, ""normalized_importance"": 0.019781468530143932}, {""feature"": ""gender"", ""human_label"": ""Giới tính"", ""feature_group"": ""DEMOGRAPHIC"", ""mean_abs_shap"": 0.04436333719531972, ""normalized_importance"": 0.019384791924886388}]",DO_NOT_USE_AS_PRIMARY_WEATHER_EXAMPLE
24,Nhiễm khuẩn khác lây truyền qua đường tình dục - Other infection with a predominantly sexual mode of transmission,14,20,LOW,NORMAL_MODEL,0.3484576883657762,0.5127930785991887,0.13874923303503514,0.0119696005705896,0.03843238762497728,0.2980557001702093,models/disease_24.txt,cfd713e666067518bcb03c93aa22a72093faaa6cacd6128e7fa7890144ad8a7e,18768,12,SEASONAL_CALENDAR,2.6645352591003757e-15,"[{""feature"": ""day_of_year_cos"", ""human_label"": ""Thời điểm trong năm"", ""feature_group"": ""SEASONAL_CALENDAR"", ""mean_abs_shap"": 0.16455025789503466, ""normalized_importance"": 0.4912637676977013}, {""feature"": ""wind_speed_max_7d"", ""human_label"": ""Gió — 7 ngày gần đây"", ""feature_group"": ""WEATHER_7D"", ""mean_abs_shap"": 0.052312846098499066, ""normalized_importance"": 0.15617967545047604}, {""feature"": ""wind_speed_mean_7d"", ""human_label"": ""Gió — 7 ngày gần đây"", ""feature_group"": ""WEATHER_7D"", ""mean_abs_shap"": 0.04069439656141853, ""normalized_importance"": 0.1214928668887252}, {""feature"": ""gender"", ""human_label"": ""Giới tính"", ""feature_group"": ""DEMOGRAPHIC"", ""mean_abs_shap"": 0.0362905154785932, ""normalized_importance"": 0.10834510740832703}, {""feature"": ""age_group"", ""human_label"": ""Nhóm tuổi"", ""feature_group"": ""DEMOGRAPHIC"", ""mean_abs_shap"": 0.010183952169715975, ""normalized_importance"": 0.0304041256267081}, {""feature"": ""day_of_year_sin"", ""human_label"": ""Thời điểm trong năm"", ""feature_group"": ""SEASONAL_CALENDAR"", ""mean_abs_shap"": 0.007211306621989871, ""normalized_importance"": 0.021529310901487363}, {""feature"": ""temperature_mean_3d"", ""human_label"": ""Nhiệt độ — 3 ngày gần đây"", ""feature_group"": ""WEATHER_3D"", ""mean_abs_shap"": 0.006361108045655461, ""normalized_importance"": 0.018991048359427457}, {""feature"": ""wind_speed_max_3d"", ""human_label"": ""Gió — 3 ngày gần đây"", ""feature_group"": ""WEATHER_3D"", ""mean_abs_shap"": 0.00442783102532731, ""normalized_importance"": 0.013219261884224055}, {""feature"": ""temperature_min_7d"", ""human_label"": ""Nhiệt độ — 7 ngày gần đây"", ""feature_group"": ""WEATHER_7D"", ""mean_abs_shap"": 0.0034719727785384505, ""normalized_importance"": 0.010365553055630455}, {""feature"": ""temperature_mean_current"", ""human_label"": ""Nhiệt độ — hiện tại"", ""feature_group"": ""WEATHER_CURRENT"", ""mean_abs_shap"": 0.0021225496631695124, ""normalized_importance"": 0.006336858768822422}]",DO_NOT_USE_AS_PRIMARY_WEATHER_EXAMPLE
64,U ác tụy - Malignant neoplasm of pancreas,136,1,MODERATE,VERY_SIMPLE_MODEL,0.34016736349310306,0.12296648256520674,0.5368661539416901,0.0,0.0,0.34016736349310306,models/disease_64.txt,516fecfacf5a8d36b5936e7d00b351da0e366946decc131e65aa28c38a8007de,6000,31,DEMOGRAPHIC,8.881784197001252e-16,"[{""feature"": ""age_group"", ""human_label"": ""Nhóm tuổi"", ""feature_group"": ""DEMOGRAPHIC"", ""mean_abs_shap"": 0.04474326959815003, ""normalized_importance"": 0.3222198049062569}, {""feature"": ""gender"", ""human_label"": ""Giới tính"", ""feature_group"": ""DEMOGRAPHIC"", ""mean_abs_shap"": 0.029805677108969378, ""normalized_importance"": 0.21464634903543323}, {""feature"": ""wind_speed_mean_7d"", ""human_label"": ""Gió — 7 ngày gần đây"", ""feature_group"": ""WEATHER_7D"", ""mean_abs_shap"": 0.02560440613858989, ""normalized_importance"": 0.18439078826412178}, {""feature"": ""temperature_mean_7d"", ""human_label"": ""Nhiệt độ — 7 ngày gần đây"", ""feature_group"": ""WEATHER_7D"", ""mean_abs_shap"": 0.011770966740587903, ""normalized_importance"": 0.08476891923130919}, {""feature"": ""day_of_year_sin"", ""human_label"": ""Thời điểm trong năm"", ""feature_group"": ""SEASONAL_CALENDAR"", ""mean_abs_shap"": 0.010837767501985649, ""normalized_importance"": 0.07804846095229424}, {""feature"": ""temperature_min_7d"", ""human_label"": ""Nhiệt độ — 7 ngày gần đây"", ""feature_group"": ""WEATHER_7D"", ""mean_abs_shap"": 0.009860085095516877, ""normalized_importance"": 0.07100765599767213}, {""feature"": ""day_of_year_cos"", ""human_label"": ""Thời điểm trong năm"", ""feature_group"": ""SEASONAL_CALENDAR"", ""mean_abs_shap"": 0.006237292432806163, ""normalized_importance"": 0.0449180216129125}, {""feature"": ""month"", ""human_label"": ""Yếu tố mùa vụ theo tháng"", ""feature_group"": ""SEASONAL_CALENDAR"", ""mean_abs_shap"": 0.0, ""normalized_importance"": 0.0}, {""feature"": ""season"", ""human_label"": ""Mùa mưa / mùa khô"", ""feature_group"": ""SEASONAL_CALENDAR"", ""mean_abs_shap"": 0.0, ""normalized_importance"": 0.0}, {""feature"": ""weather_code_current"", ""human_label"": ""Trạng thái thời tiết — hiện tại"", ""feature_group"": ""WEATHER_CURRENT"", ""mean_abs_shap"": 0.0, ""normalized_importance"": 0.0}]",DO_NOT_USE_AS_PRIMARY_WEATHER_EXAMPLE
53,Bệnh giun sán khác - Other Helminthiases,172,1,MODERATE,VERY_SIMPLE_MODEL,0.3145821779270285,0.2628236542036573,0.4225941678693142,0.0,0.034521478254456985,0.28006069967257147,models/disease_53.txt,427fa377df5eaa2b7901bf70ad601c38b80571640480ab93f34226c7fd1e236b,6765,25,DEMOGRAPHIC,1.7763568394002505e-15,"[{""feature"": ""age_group"", ""human_label"": ""Nhóm tuổi"", ""feature_group"": ""DEMOGRAPHIC"", ""mean_abs_shap"": 0.03862740112000519, ""normalized_importance"": 0.40301752152047}, {""feature"": ""day_of_year_sin"", ""human_label"": ""Thời điểm trong năm"", ""feature_group"": ""SEASONAL_CALENDAR"", ""mean_abs_shap"": 0.015961929769572406, ""normalized_importance"": 0.16653818760499653}, {""feature"": ""rain_max_daily_7d"", ""human_label"": ""Lượng mưa — 7 ngày gần đây"", ""feature_group"": ""WEATHER_7D"", ""mean_abs_shap"": 0.014524270926700354, ""normalized_importance"": 0.15153842870725884}, {""feature"": ""day_of_year_cos"", ""human_label"": ""Thời điểm trong năm"", ""feature_group"": ""SEASONAL_CALENDAR"", ""mean_abs_shap"": 0.009228525167594785, ""normalized_importance"": 0.09628546659866073}, {""feature"": ""temperature_mean_7d"", ""human_label"": ""Nhiệt độ — 7 ngày gần đây"", ""feature_group"": ""WEATHER_7D"", ""mean_abs_shap"": 0.005069247767433718, ""normalized_importance"": 0.05288980392072617}, {""feature"": ""wind_gust_max_7d"", ""human_label"": ""Gió — 7 ngày gần đây"", ""feature_group"": ""WEATHER_7D"", ""mean_abs_shap"": 0.0046926346915357985, ""normalized_importance"": 0.04896042570682473}, {""feature"": ""humidity_max_7d"", ""human_label"": ""Độ ẩm — 7 ngày gần đây"", ""feature_group"": ""WEATHER_7D"", ""mean_abs_shap"": 0.0025563941626065346, ""normalized_importance"": 0.02667204133776175}, {""feature"": ""humidity_min_3d"", ""human_label"": ""Độ ẩm — 3 ngày gần đây"", ""feature_group"": ""WEATHER_3D"", ""mean_abs_shap"": 0.0025548358126489664, ""normalized_importance"": 0.02665578235270579}, {""feature"": ""gender"", ""human_label"": ""Giới tính"", ""feature_group"": ""DEMOGRAPHIC"", ""mean_abs_shap"": 0.0018763327416842389, ""normalized_importance"": 0.019576646348844207}, {""feature"": ""rain_days_3d"", ""human_label"": ""Lượng mưa — 3 ngày gần đây"", ""feature_group"": ""WEATHER_3D"", ""mean_abs_shap"": 0.0007538912688923679, ""normalized_importance"": 0.007865695901751193}]",DO_NOT_USE_AS_PRIMARY_WEATHER_EXAMPLE
62,"U ác chỗ nối trực tràng sigma, trực tràng, hậu môn và ống hậu môn - Malignant neoplasm of rectosigmoid function, rectum, anus and anal canal",84,33,LOW,NORMAL_MODEL,0.3035790056719501,0.4322245200082299,0.26419647431982013,0.009115894143596953,0.08337558655970012,0.21108752496865305,models/disease_62.txt,7e9748447461861284f14f2504831785f424c28b230633f9e0533bc5a8c67cbf,39471,29,SEASONAL_CALENDAR,5.329070518200751e-15,"[{""feature"": ""day_of_year_cos"", ""human_label"": ""Thời điểm trong năm"", ""feature_group"": ""SEASONAL_CALENDAR"", ""mean_abs_shap"": 0.5005986871782514, ""normalized_importance"": 0.35785901052655883}, {""feature"": ""age_group"", ""human_label"": ""Nhóm tuổi"", ""feature_group"": ""DEMOGRAPHIC"", ""mean_abs_shap"": 0.35744433741384996, ""normalized_importance"": 0.25552339664785095}, {""feature"": ""temperature_min_7d"", ""human_label"": ""Nhiệt độ — 7 ngày gần đây"", ""feature_group"": ""WEATHER_7D"", ""mean_abs_shap"": 0.11965815673623272, ""normalized_importance"": 0.08553907684502711}, {""feature"": ""day_of_year_sin"", ""human_label"": ""Thời điểm trong năm"", ""feature_group"": ""SEASONAL_CALENDAR"", ""mean_abs_shap"": 0.0686974693611097, ""normalized_importance"": 0.04910921470813111}, {""feature"": ""temperature_mean_3d"", ""human_label"": ""Nhiệt độ — 3 ngày gần đây"", ""feature_group"": ""WEATHER_3D"", ""mean_abs_shap"": 0.05617430118748605, ""normalized_importance"": 0.0401568768653535}, {""feature"": ""rain_days_7d"", ""human_label"": ""Lượng mưa — 7 ngày gần đây"", ""feature_group"": ""WEATHER_7D"", ""mean_abs_shap"": 0.043529145919056836, ""normalized_importance"": 0.031117335076256736}, {""feature"": ""month"", ""human_label"": ""Yếu tố mùa vụ theo tháng"", ""feature_group"": ""SEASONAL_CALENDAR"", ""mean_abs_shap"": 0.03533030504951532, ""normalized_importance"": 0.025256294773539967}, {""feature"": ""wind_gust_max_7d"", ""human_label"": ""Gió — 7 ngày gần đây"", ""feature_group"": ""WEATHER_7D"", ""mean_abs_shap"": 0.02892097993495928, ""normalized_importance"": 0.02067451139618696}, {""feature"": ""temperature_max_7d"", ""human_label"": ""Nhiệt độ — 7 ngày gần đây"", ""feature_group"": ""WEATHER_7D"", ""mean_abs_shap"": 0.020943644249189514, ""normalized_importance"": 0.014971816746228234}, {""feature"": ""wind_speed_max_7d"", ""human_label"": ""Gió — 7 ngày gần đây"", ""feature_group"": ""WEATHER_7D"", ""mean_abs_shap"": 0.01633707037651293, ""normalized_importance"": 0.011678751841712121}]",DO_NOT_USE_AS_PRIMARY_WEATHER_EXAMPLE
126,Cơn thiếu máu não thoáng qua và các hội chứng tương tự - Transient cerebral ischaemic attacks and related syndromes,126,1,MODERATE,VERY_SIMPLE_MODEL,0.30084053158566965,0.3386164812559025,0.36054298715842775,0.0,0.08875521142913922,0.21208532015653042,models/disease_126.txt,dfec47104634bdf7e9ca889de6dfaa698f50cb793e9c17eaa25471bda029fce1,6103,79,DEMOGRAPHIC,8.881784197001252e-16,"[{""feature"": ""age_group"", ""human_label"": ""Nhóm tuổi"", ""feature_group"": ""DEMOGRAPHIC"", ""mean_abs_shap"": 0.049421249102919854, ""normalized_importance"": 0.36054298715842775}, {""feature"": ""day_of_year_sin"", ""human_label"": ""Thời điểm trong năm"", ""feature_group"": ""SEASONAL_CALENDAR"", ""mean_abs_shap"": 0.03913983603346335, ""normalized_importance"": 0.28553696348322805}, {""feature"": ""rain_max_daily_7d"", ""human_label"": ""Lượng mưa — 7 ngày gần đây"", ""feature_group"": ""WEATHER_7D"", ""mean_abs_shap"": 0.01774209048392815, ""normalized_importance"": 0.12943392604645118}, {""feature"": ""temperature_max_3d"", ""human_label"": ""Nhiệt độ — 3 ngày gần đây"", ""feature_group"": ""WEATHER_3D"", ""mean_abs_shap"": 0.012166076083721925, ""normalized_importance"": 0.08875521142913922}, {""feature"": ""temperature_mean_7d"", ""human_label"": ""Nhiệt độ — 7 ngày gần đây"", ""feature_group"": ""WEATHER_7D"", ""mean_abs_shap"": 0.011329398386614403, ""normalized_importance"": 0.08265139411007924}, {""feature"": ""day_of_year_cos"", ""human_label"": ""Thời điểm trong năm"", ""feature_group"": ""SEASONAL_CALENDAR"", ""mean_abs_shap"": 0.007275848272021747, ""normalized_importance"": 0.053079517772674445}, {""feature"": ""gender"", ""human_label"": ""Giới tính"", ""feature_group"": ""DEMOGRAPHIC"", ""mean_abs_shap"": 0.0, ""normalized_importance"": 0.0}, {""feature"": ""month"", ""human_label"": ""Yếu tố mùa vụ theo tháng"", ""feature_group"": ""SEASONAL_CALENDAR"", ""mean_abs_shap"": 0.0, ""normalized_importance"": 0.0}, {""feature"": ""season"", ""human_label"": ""Mùa mưa / mùa khô"", ""feature_group"": ""SEASONAL_CALENDAR"", ""mean_abs_shap"": 0.0, ""normalized_importance"": 0.0}, {""feature"": ""weather_code_current"", ""human_label"": ""Trạng thái thời tiết — hiện tại"", ""feature_group"": ""WEATHER_CURRENT"", ""mean_abs_shap"": 0.0, ""normalized_importance"": 0.0}]",DO_NOT_USE_AS_PRIMARY_WEATHER_EXAMPLE
65,Các u khác cơ quan tiêu hoá - Other malignant neoplasms of digestive organs,164,2,MODERATE,VERY_SIMPLE_MODEL,0.29926010062347835,0.09102577758702318,0.6097141217894986,0.0,0.003351082046936587,0.2959090185765418,models/disease_65.txt,3225b9b786c86ff897afb95efc5637fb66c74ceac6da2206e520ee5c00eca16b,7006,32,DEMOGRAPHIC,1.7763568394002505e-15,"[{""feature"": ""age_group"", ""human_label"": ""Nhóm tuổi"", ""feature_group"": ""DEMOGRAPHIC"", ""mean_abs_shap"": 0.09126677482955421, ""normalized_importance"": 0.34801477004397147}, {""feature"": ""temperature_min_7d"", ""human_label"": ""Nhiệt độ — 7 ngày gần đây"", ""feature_group"": ""WEATHER_7D"", ""mean_abs_shap"": 0.07714894572485954, ""normalized_importance"": 0.2941812357861202}, {""feature"": ""gender"", ""human_label"": ""Giới tính"", ""feature_group"": ""DEMOGRAPHIC"", ""mean_abs_shap"": 0.06863058083937511, ""normalized_importance"": 0.26169935174552705}, {""feature"": ""day_of_year_cos"", ""human_label"": ""Thời điểm trong năm"", ""feature_group"": ""SEASONAL_CALENDAR"", ""mean_abs_shap"": 0.015508095987144456, ""normalized_importance"": 0.059134843636856886}, {""feature"": ""day_of_year_sin"", ""human_label"": ""Thời điểm trong năm"", ""feature_group"": ""SEASONAL_CALENDAR"", ""mean_abs_shap"": 0.008363388391723323, ""normalized_importance"": 0.03189093395016629}, {""feature"": ""temperature_max_3d"", ""human_label"": ""Nhiệt độ — 3 ngày gần đây"", ""feature_group"": ""WEATHER_3D"", ""mean_abs_shap"": 0.0008788203172367658, ""normalized_importance"": 0.003351082046936587}, {""feature"": ""wind_speed_max_7d"", ""human_label"": ""Gió — 7 ngày gần đây"", ""feature_group"": ""WEATHER_7D"", ""mean_abs_shap"": 0.0004531105471985019, ""normalized_importance"": 0.0017277827904215747}, {""feature"": ""month"", ""human_label"": ""Yếu tố mùa vụ theo tháng"", ""feature_group"": ""SEASONAL_CALENDAR"", ""mean_abs_shap"": 0.0, ""normalized_importance"": 0.0}, {""feature"": ""season"", ""human_label"": ""Mùa mưa / mùa khô"", ""feature_group"": ""SEASONAL_CALENDAR"", ""mean_abs_shap"": 0.0, ""normalized_importance"": 0.0}, {""feature"": ""weather_code_current"", ""human_label"": ""Trạng thái thời tiết — hiện tại"", ""feature_group"": ""WEATHER_CURRENT"", ""mean_abs_shap"": 0.0, ""normalized_importance"": 0.0}]",DO_NOT_USE_AS_PRIMARY_WEATHER_EXAMPLE
249,Các tổn thương hô hấp đặc hiệu khác của thời kỳ chu sinh - Other respiratory disorders originating in the perinatal period,187,37,MODERATE,NORMAL_MODEL,0.2968382651568196,0.1928584433303355,0.5103032915128449,0.02077430932164072,0.0887321224077733,0.1873318334274056,models/disease_249.txt,62089fdaf09077d74bf7c07e779f450e524f202fdebb1de9373c23efdb6abd31,49645,173,DEMOGRAPHIC,5.88418203051333e-15,"[{""feature"": ""age_group"", ""human_label"": ""Nhóm tuổi"", ""feature_group"": ""DEMOGRAPHIC"", ""mean_abs_shap"": 0.7770061409182131, ""normalized_importance"": 0.4975740466815435}, {""feature"": ""day_of_year_sin"", ""human_label"": ""Thời điểm trong năm"", ""feature_group"": ""SEASONAL_CALENDAR"", ""mean_abs_shap"": 0.13690131850998644, ""normalized_importance"": 0.08766795969791819}, {""feature"": ""month"", ""human_label"": ""Yếu tố mùa vụ theo tháng"", ""feature_group"": ""SEASONAL_CALENDAR"", ""mean_abs_shap"": 0.13051107480693724, ""normalized_importance"": 0.08357581775570654}, {""feature"": ""wind_gust_max_7d"", ""human_label"": ""Gió — 7 ngày gần đây"", ""feature_group"": ""WEATHER_7D"", ""mean_abs_shap"": 0.08349322676184834, ""normalized_importance"": 0.05346683960734038}, {""feature"": ""temperature_min_7d"", ""human_label"": ""Nhiệt độ — 7 ngày gần đây"", ""feature_group"": ""WEATHER_7D"", ""mean_abs_shap"": 0.05800006090940714, ""normalized_importance"": 0.03714169489106704}, {""feature"": ""temperature_mean_7d"", ""human_label"": ""Nhiệt độ — 7 ngày gần đây"", ""feature_group"": ""WEATHER_7D"", ""mean_abs_shap"": 0.04427841615410993, ""normalized_importance"": 0.02835471889631944}, {""feature"": ""temperature_max_3d"", ""human_label"": ""Nhiệt độ — 3 ngày gần đây"", ""feature_group"": ""WEATHER_3D"", ""mean_abs_shap"": 0.0336793237929765, ""normalized_importance"": 0.021567342324175058}, {""feature"": ""day_of_year_cos"", ""human_label"": ""Thời điểm trong năm"", ""feature_group"": ""SEASONAL_CALENDAR"", ""mean_abs_shap"": 0.027755028041904953, ""normalized_importance"": 0.01777358104564068}, {""feature"": ""temperature_min_3d"", ""human_label"": ""Nhiệt độ — 3 ngày gần đây"", ""feature_group"": ""WEATHER_3D"", ""mean_abs_shap"": 0.024401895177062944, ""normalized_importance"": 0.015626324028278273}, {""feature"": ""rain_days_3d"", ""human_label"": ""Lượng mưa — 3 ngày gần đây"", ""feature_group"": ""WEATHER_3D"", ""mean_abs_shap"": 0.02348551490084067, ""normalized_importance"": 0.015039498495856821}]",DO_NOT_USE_AS_PRIMARY_WEATHER_EXAMPLE
60,U ác dạ dày - Malignant neoplasm of stomach,14,20,LOW,NORMAL_MODEL,0.2938468979048652,0.583106515523083,0.12304658657205182,0.021923584288742224,0.0893523227343122,0.18257099088181072,models/disease_60.txt,9cd51691ef4578b3657054d5dc929103f800ba6991fb6e9e345dac01270d762c,20198,28,SEASONAL_CALENDAR,4.440892098500626e-15,"[{""feature"": ""day_of_year_cos"", ""human_label"": ""Thời điểm trong năm"", ""feature_group"": ""SEASONAL_CALENDAR"", ""mean_abs_shap"": 0.22604213422182437, ""normalized_importance"": 0.4253485121759568}, {""feature"": ""day_of_year_sin"", ""human_label"": ""Thời điểm trong năm"", ""feature_group"": ""SEASONAL_CALENDAR"", ""mean_abs_shap"": 0.08383702950959526, ""normalized_importance"": 0.15775800334712625}, {""feature"": ""gender"", ""human_label"": ""Giới tính"", ""feature_group"": ""DEMOGRAPHIC"", ""mean_abs_shap"": 0.05201718516295141, ""normalized_importance"": 0.09788189442119692}, {""feature"": ""temperature_max_7d"", ""human_label"": ""Nhiệt độ — 7 ngày gần đây"", ""feature_group"": ""WEATHER_7D"", ""mean_abs_shap"": 0.04595387466417198, ""normalized_importance"": 0.08647242817989081}, {""feature"": ""humidity_mean_7d"", ""human_label"": ""Độ ẩm — 7 ngày gần đây"", ""feature_group"": ""WEATHER_7D"", ""mean_abs_shap"": 0.01812211306105866, ""normalized_importance"": 0.03410078326566051}, {""feature"": ""rain_max_daily_3d"", ""human_label"": ""Lượng mưa — 3 ngày gần đây"", ""feature_group"": ""WEATHER_3D"", ""mean_abs_shap"": 0.0166022603328199, ""normalized_importance"": 0.031240842578458713}, {""feature"": ""age_group"", ""human_label"": ""Nhóm tuổi"", ""feature_group"": ""DEMOGRAPHIC"", ""mean_abs_shap"": 0.013373223504920415, ""normalized_importance"": 0.025164692150854897}, {""feature"": ""temperature_mean_3d"", ""human_label"": ""Nhiệt độ — 3 ngày gần đây"", ""feature_group"": ""WEATHER_3D"", ""mean_abs_shap"": 0.012931542897685009, ""normalized_importance"": 0.024333571927223532}, {""feature"": ""wind_speed_max_7d"", ""human_label"": ""Gió — 7 ngày gần đây"", ""feature_group"": ""WEATHER_7D"", ""mean_abs_shap"": 0.011760344218015346, ""normalized_importance"": 0.022129701318874633}, {""feature"": ""humidity_mean_3d"", ""human_label"": ""Độ ẩm — 3 ngày gần đây"", ""feature_group"": ""WEATHER_3D"", ""mean_abs_shap"": 0.010113593142943396, ""normalized_importance"": 0.019030973189637285}]",DO_NOT_USE_AS_PRIMARY_WEATHER_EXAMPLE
306,Người có nguy cơ liên quan đến bệnh truyền nhiễm - Other persons with potential health hazards related to communicable diseases,35,16,LOW,NORMAL_MODEL,0.2756648507494302,0.5820646434453518,0.14227050580521786,0.018017306632781057,0.02686661008202004,0.2307809340346291,models/disease_306.txt,8c210fe821c588823c0857b7b1d02694bcae166a37092c5adb998cb137b2664d,21256,217,SEASONAL_CALENDAR,7.993605777301127e-15,"[{""feature"": ""day_of_year_cos"", ""human_label"": ""Thời điểm trong năm"", ""feature_group"": ""SEASONAL_CALENDAR"", ""mean_abs_shap"": 0.26721092784458905, ""normalized_importance"": 0.44182724596658535}, {""feature"": ""day_of_year_sin"", ""human_label"": ""Thời điểm trong năm"", ""feature_group"": ""SEASONAL_CALENDAR"", ""mean_abs_shap"": 0.0848136131053485, ""normalized_importance"": 0.14023739747876646}, {""feature"": ""gender"", ""human_label"": ""Giới tính"", ""feature_group"": ""DEMOGRAPHIC"", ""mean_abs_shap"": 0.05412595790132538, ""normalized_importance"": 0.08949605133198218}, {""feature"": ""rain_max_daily_7d"", ""human_label"": ""Lượng mưa — 7 ngày gần đây"", ""feature_group"": ""WEATHER_7D"", ""mean_abs_shap"": 0.04777129646394727, ""normalized_importance"": 0.07898876188624597}, {""feature"": ""age_group"", ""human_label"": ""Nhóm tuổi"", ""feature_group"": ""DEMOGRAPHIC"", ""mean_abs_shap"": 0.03191725063363754, ""normalized_importance"": 0.052774454473235664}, {""feature"": ""wind_speed_mean_7d"", ""human_label"": ""Gió — 7 ngày gần đây"", ""feature_group"": ""WEATHER_7D"", ""mean_abs_shap"": 0.030595116698650476, ""normalized_importance"": 0.05058833581406898}, {""feature"": ""temperature_mean_7d"", ""human_label"": ""Nhiệt độ — 7 ngày gần đây"", ""feature_group"": ""WEATHER_7D"", ""mean_abs_shap"": 0.022228337702930215, ""normalized_importance"": 0.036754055340928474}, {""feature"": ""temperature_max_7d"", ""human_label"": ""Nhiệt độ — 7 ngày gần đây"", ""feature_group"": ""WEATHER_7D"", ""mean_abs_shap"": 0.013878697543539278, ""normalized_importance"": 0.02294811354733052}, {""feature"": ""humidity_max_7d"", ""human_label"": ""Độ ẩm — 7 ngày gần đây"", ""feature_group"": ""WEATHER_7D"", ""mean_abs_shap"": 0.010638207261068304, ""normalized_importance"": 0.017590035909434153}, {""feature"": ""temperature_min_7d"", ""human_label"": ""Nhiệt độ — 7 ngày gần đây"", ""feature_group"": ""WEATHER_7D"", ""mean_abs_shap"": 0.007391418648022528, ""normalized_importance"": 0.012221544123903558}]",DO_NOT_USE_AS_PRIMARY_WEATHER_EXAMPLE
292,"Tai nạn chết đuối, chết chìm - Accident drowning and submersion",94,1,LOW,VERY_SIMPLE_MODEL,0.2752274086823787,0.38552240560358614,0.3392501857140352,0.10345343735220583,0.030746937502367042,0.14102703382780585,models/disease_292.txt,97d4969fb86edc778e66e3e0f467f213e8235ac850839876217526c14e69e7f0,6330,211,SEASONAL_CALENDAR,1.7763568394002505e-15,"[{""feature"": ""age_group"", ""human_label"": ""Nhóm tuổi"", ""feature_group"": ""DEMOGRAPHIC"", ""mean_abs_shap"": 0.04574088069143432, ""normalized_importance"": 0.3229582337539402}, {""feature"": ""month"", ""human_label"": ""Yếu tố mùa vụ theo tháng"", ""feature_group"": ""SEASONAL_CALENDAR"", ""mean_abs_shap"": 0.02586146713456098, ""normalized_importance"": 0.18259757183965766}, {""feature"": ""precipitation_sum_7d"", ""human_label"": ""Lượng mưa — 7 ngày gần đây"", ""feature_group"": ""WEATHER_7D"", ""mean_abs_shap"": 0.016168942256773712, ""normalized_importance"": 0.11416249433725849}, {""feature"": ""day_of_year_cos"", ""human_label"": ""Thời điểm trong năm"", ""feature_group"": ""SEASONAL_CALENDAR"", ""mean_abs_shap"": 0.016047539330894867, ""normalized_importance"": 0.11330531638349568}, {""feature"": ""temperature_max_current"", ""human_label"": ""Nhiệt độ — hiện tại"", ""feature_group"": ""WEATHER_CURRENT"", ""mean_abs_shap"": 0.014652208367758601, ""normalized_importance"": 0.10345343735220583}, {""feature"": ""day_of_year_sin"", ""human_label"": ""Thời điểm trong năm"", ""feature_group"": ""SEASONAL_CALENDAR"", ""mean_abs_shap"": 0.01269289717272083, ""normalized_importance"": 0.0896195173804328}, {""feature"": ""wind_speed_max_3d"", ""human_label"": ""Gió — 3 ngày gần đây"", ""feature_group"": ""WEATHER_3D"", ""mean_abs_shap"": 0.004354717895176127, ""normalized_importance"": 0.030746937502367042}, {""feature"": ""wind_speed_mean_7d"", ""human_label"": ""Gió — 7 ngày gần đây"", ""feature_group"": ""WEATHER_7D"", ""mean_abs_shap"": 0.0038048501856858446, ""normalized_importance"": 0.02686453949054735}, {""feature"": ""gender"", ""human_label"": ""Giới tính"", ""feature_group"": ""DEMOGRAPHIC"", ""mean_abs_shap"": 0.002307444594848301, ""normalized_importance"": 0.01629195196009497}, {""feature"": ""season"", ""human_label"": ""Mùa mưa / mùa khô"", ""feature_group"": ""SEASONAL_CALENDAR"", ""mean_abs_shap"": 0.0, ""normalized_importance"": 0.0}]",DO_NOT_USE_AS_PRIMARY_WEATHER_EXAMPLE
137,"Tật khúc xạ, các rối loạn điều tiết - Disorders of refraction and accomodation",28,1,LOW,VERY_SIMPLE_MODEL,0.265275405264516,0.6941829764040905,0.04054161833139343,0.002068597211412302,0.1563294754983291,0.10687733255477455,models/disease_137.txt,6044b4366fc95411f20c0c069557e7f6d748ab3a3c7e54f095868c456cb5a0bc,6218,88,SEASONAL_CALENDAR,1.7763568394002505e-15,"[{""feature"": ""day_of_year_cos"", ""human_label"": ""Thời điểm trong năm"", ""feature_group"": ""SEASONAL_CALENDAR"", ""mean_abs_shap"": 0.019243109876622852, ""normalized_importance"": 0.3505839041648135}, {""feature"": ""day_of_year_sin"", ""human_label"": ""Thời điểm trong năm"", ""feature_group"": ""SEASONAL_CALENDAR"", ""mean_abs_shap"": 0.01675094679196512, ""normalized_importance"": 0.30518000273533896}, {""feature"": ""wind_gust_max_3d"", ""human_label"": ""Gió — 3 ngày gần đây"", ""feature_group"": ""WEATHER_3D"", ""mean_abs_shap"": 0.008580728431145964, ""normalized_importance"": 0.1563294754983291}, {""feature"": ""wind_speed_mean_7d"", ""human_label"": ""Gió — 7 ngày gần đây"", ""feature_group"": ""WEATHER_7D"", ""mean_abs_shap"": 0.005866362457715776, ""normalized_importance"": 0.10687733255477455}, {""feature"": ""gender"", ""human_label"": ""Giới tính"", ""feature_group"": ""DEMOGRAPHIC"", ""mean_abs_shap"": 0.002225278476448123, ""normalized_importance"": 0.04054161833139343}, {""feature"": ""month"", ""human_label"": ""Yếu tố mùa vụ theo tháng"", ""feature_group"": ""SEASONAL_CALENDAR"", ""mean_abs_shap"": 0.0021087744389837577, ""normalized_importance"": 0.038419069503938044}, {""feature"": ""temperature_max_current"", ""human_label"": ""Nhiệt độ — hiện tại"", ""feature_group"": ""WEATHER_CURRENT"", ""mean_abs_shap"": 0.00011354270106755726, ""normalized_importance"": 0.002068597211412302}, {""feature"": ""age_group"", ""human_label"": ""Nhóm tuổi"", ""feature_group"": ""DEMOGRAPHIC"", ""mean_abs_shap"": 0.0, ""normalized_importance"": 0.0}, {""feature"": ""season"", ""human_label"": ""Mùa mưa / mùa khô"", ""feature_group"": ""SEASONAL_CALENDAR"", ""mean_abs_shap"": 0.0, ""normalized_importance"": 0.0}, {""feature"": ""weather_code_current"", ""human_label"": ""Trạng thái thời tiết — hiện tại"", ""feature_group"": ""WEATHER_CURRENT"", ""mean_abs_shap"": 0.0, ""normalized_importance"": 0.0}]",DO_NOT_USE_AS_PRIMARY_WEATHER_EXAMPLE
230,Rối loạn kinh nguyệt - Disorders of menstruation,187,36,MODERATE,NORMAL_MODEL,0.2517600579194322,0.09655267956425337,0.6516872625163146,0.009094808935718096,0.034386152883349036,0.20827909610036505,models/disease_230.txt,052d12fc69b2e89e10de9fe4fb557ef361b2f7937eda831b7268421f6c3b9733,39453,167,DEMOGRAPHIC,6.217248937900877e-15,"[{""feature"": ""age_group"", ""human_label"": ""Nhóm tuổi"", ""feature_group"": ""DEMOGRAPHIC"", ""mean_abs_shap"": 0.5951018014605021, ""normalized_importance"": 0.3669217917226181}, {""feature"": ""gender"", ""human_label"": ""Giới tính"", ""feature_group"": ""DEMOGRAPHIC"", ""mean_abs_shap"": 0.46185440190804156, ""normalized_importance"": 0.28476547079369646}, {""feature"": ""day_of_year_sin"", ""human_label"": ""Thời điểm trong năm"", ""feature_group"": ""SEASONAL_CALENDAR"", ""mean_abs_shap"": 0.11698482078338054, ""normalized_importance"": 0.07212930618062717}, {""feature"": ""humidity_mean_7d"", ""human_label"": ""Độ ẩm — 7 ngày gần đây"", ""feature_group"": ""WEATHER_7D"", ""mean_abs_shap"": 0.08388567967783594, ""normalized_importance"": 0.05172137575742839}, {""feature"": ""rain_days_7d"", ""human_label"": ""Lượng mưa — 7 ngày gần đây"", ""feature_group"": ""WEATHER_7D"", ""mean_abs_shap"": 0.06113836904665511, ""normalized_importance"": 0.03769607125796318}, {""feature"": ""temperature_min_7d"", ""human_label"": ""Nhiệt độ — 7 ngày gần đây"", ""feature_group"": ""WEATHER_7D"", ""mean_abs_shap"": 0.0517638211494604, ""normalized_importance"": 0.0319160082459098}, {""feature"": ""rain_max_daily_7d"", ""human_label"": ""Lượng mưa — 7 ngày gần đây"", ""feature_group"": ""WEATHER_7D"", ""mean_abs_shap"": 0.03836865250872773, ""normalized_importance"": 0.023656951953319377}, {""feature"": ""humidity_min_7d"", ""human_label"": ""Độ ẩm — 7 ngày gần đây"", ""feature_group"": ""WEATHER_7D"", ""mean_abs_shap"": 0.03293566352461459, ""normalized_importance"": 0.020307135085738694}, {""feature"": ""wind_speed_max_7d"", ""human_label"": ""Gió — 7 ngày gần đây"", ""feature_group"": ""WEATHER_7D"", ""mean_abs_shap"": 0.025888680252633575, ""normalized_importance"": 0.015962178101826405}, {""feature"": ""month"", ""human_label"": ""Yếu tố mùa vụ theo tháng"", ""feature_group"": ""SEASONAL_CALENDAR"", ""mean_abs_shap"": 0.020244880242523838, ""normalized_importance"": 0.012482381524583077}]",DO_NOT_USE_AS_PRIMARY_WEATHER_EXAMPLE
224,Viêm vòi trứng và viêm buồng trứng - Salpingitis and oophoritis,98,52,LOW,NORMAL_MODEL,0.22745904185672944,0.2681835445228222,0.5043574136204484,0.002179938093701885,0.06564710507966051,0.15963199868336705,models/disease_224.txt,293fd5d871b13950b4045b28b671fad98cd538e3867780a32b74bfe5664ed219,48935,164,DEMOGRAPHIC,6.217248937900877e-15,"[{""feature"": ""gender"", ""human_label"": ""Giới tính"", ""feature_group"": ""DEMOGRAPHIC"", ""mean_abs_shap"": 0.4464614297862923, ""normalized_importance"": 0.26083124705357263}, {""feature"": ""day_of_year_cos"", ""human_label"": ""Thời điểm trong năm"", ""feature_group"": ""SEASONAL_CALENDAR"", ""mean_abs_shap"": 0.42703286836234555, ""normalized_importance"": 0.24948071245735756}, {""feature"": ""age_group"", ""human_label"": ""Nhóm tuổi"", ""feature_group"": ""DEMOGRAPHIC"", ""mean_abs_shap"": 0.4168405501411833, ""normalized_importance"": 0.24352616656687576}, {""feature"": ""temperature_max_7d"", ""human_label"": ""Nhiệt độ — 7 ngày gần đây"", ""feature_group"": ""WEATHER_7D"", ""mean_abs_shap"": 0.06276711041012821, ""normalized_importance"": 0.03666973805566951}, {""feature"": ""temperature_min_7d"", ""human_label"": ""Nhiệt độ — 7 ngày gần đây"", ""feature_group"": ""WEATHER_7D"", ""mean_abs_shap"": 0.054063320352493685, ""normalized_importance"": 0.031584818590371044}, {""feature"": ""temperature_mean_7d"", ""human_label"": ""Nhiệt độ — 7 ngày gần đây"", ""feature_group"": ""WEATHER_7D"", ""mean_abs_shap"": 0.05126218980703542, ""normalized_importance"": 0.029948344923023205}, {""feature"": ""temperature_min_3d"", ""human_label"": ""Nhiệt độ — 3 ngày gần đây"", ""feature_group"": ""WEATHER_3D"", ""mean_abs_shap"": 0.042630856868905706, ""normalized_importance"": 0.024905756283138705}, {""feature"": ""temperature_mean_3d"", ""human_label"": ""Nhiệt độ — 3 ngày gần đây"", ""feature_group"": ""WEATHER_3D"", ""mean_abs_shap"": 0.03866820208994922, ""normalized_importance"": 0.022590698097411967}, {""feature"": ""wind_gust_max_7d"", ""human_label"": ""Gió — 7 ngày gần đây"", ""feature_group"": ""WEATHER_7D"", ""mean_abs_shap"": 0.029999975694129734, ""normalized_importance"": 0.017526555598816874}, {""feature"": ""day_of_year_sin"", ""human_label"": ""Thời điểm trong năm"", ""feature_group"": ""SEASONAL_CALENDAR"", ""mean_abs_shap"": 0.02390722571811183, ""normalized_importance"": 0.013967055341446226}]",DO_NOT_USE_AS_PRIMARY_WEATHER_EXAMPLE
1,Tả - Cholera,28,1,LOW,VERY_SIMPLE_MODEL,0.21412628226308023,0.7494862783060063,0.03638743943091325,0.05713750650615833,0.0,0.1569887757569219,models/disease_1.txt,e6560eb63faa9f87721816a19660ad0cf04a5ad890ddc0f02df8a69895927549,5887,0,SEASONAL_CALENDAR,1.7763568394002505e-15,"[{""feature"": ""month"", ""human_label"": ""Yếu tố mùa vụ theo tháng"", ""feature_group"": ""SEASONAL_CALENDAR"", ""mean_abs_shap"": 0.026420951271094575, ""normalized_importance"": 0.4004435601116227}, {""feature"": ""day_of_year_cos"", ""human_label"": ""Thời điểm trong năm"", ""feature_group"": ""SEASONAL_CALENDAR"", ""mean_abs_shap"": 0.01766131737157659, ""normalized_importance"": 0.2676800215090204}, {""feature"": ""humidity_min_7d"", ""human_label"": ""Độ ẩm — 7 ngày gần đây"", ""feature_group"": ""WEATHER_7D"", ""mean_abs_shap"": 0.010357996001299758, ""normalized_importance"": 0.1569887757569219}, {""feature"": ""day_of_year_sin"", ""human_label"": ""Thời điểm trong năm"", ""feature_group"": ""SEASONAL_CALENDAR"", ""mean_abs_shap"": 0.005368246760691103, ""normalized_importance"": 0.08136269668536329}, {""feature"": ""temperature_max_current"", ""human_label"": ""Nhiệt độ — hiện tại"", ""feature_group"": ""WEATHER_CURRENT"", ""mean_abs_shap"": 0.003769887758290465, ""normalized_importance"": 0.05713750650615833}, {""feature"": ""gender"", ""human_label"": ""Giới tính"", ""feature_group"": ""DEMOGRAPHIC"", ""mean_abs_shap"": 0.0024008146461790493, ""normalized_importance"": 0.03638743943091325}, {""feature"": ""age_group"", ""human_label"": ""Nhóm tuổi"", ""feature_group"": ""DEMOGRAPHIC"", ""mean_abs_shap"": 0.0, ""normalized_importance"": 0.0}, {""feature"": ""season"", ""human_label"": ""Mùa mưa / mùa khô"", ""feature_group"": ""SEASONAL_CALENDAR"", ""mean_abs_shap"": 0.0, ""normalized_importance"": 0.0}, {""feature"": ""weather_code_current"", ""human_label"": ""Trạng thái thời tiết — hiện tại"", ""feature_group"": ""WEATHER_CURRENT"", ""mean_abs_shap"": 0.0, ""normalized_importance"": 0.0}, {""feature"": ""temperature_mean_current"", ""human_label"": ""Nhiệt độ — hiện tại"", ""feature_group"": ""WEATHER_CURRENT"", ""mean_abs_shap"": 0.0, ""normalized_importance"": 0.0}]",DO_NOT_USE_AS_PRIMARY_WEATHER_EXAMPLE
116,Rối loạn khí sắc - Mood ( affective) disorders.,119,20,MODERATE,NORMAL_MODEL,0.2055571247010649,0.21597906280073276,0.5784638124982023,0.022460475720794185,0.03816819209946419,0.14492845688080655,models/disease_116.txt,c9f9c8e050933bb0c5bc4cc939abbd210f671b51a680c7752754a68cb5e2976c,23617,71,DEMOGRAPHIC,4.440892098500626e-15,"[{""feature"": ""age_group"", ""human_label"": ""Nhóm tuổi"", ""feature_group"": ""DEMOGRAPHIC"", ""mean_abs_shap"": 0.42610896269191156, ""normalized_importance"": 0.5224299409053446}, {""feature"": ""day_of_year_cos"", ""human_label"": ""Thời điểm trong năm"", ""feature_group"": ""SEASONAL_CALENDAR"", ""mean_abs_shap"": 0.1084219302783742, ""normalized_importance"": 0.13293046518040214}, {""feature"": ""day_of_year_sin"", ""human_label"": ""Thời điểm trong năm"", ""feature_group"": ""SEASONAL_CALENDAR"", ""mean_abs_shap"": 0.06330581986350811, ""normalized_importance"": 0.07761595888835952}, {""feature"": ""gender"", ""human_label"": ""Giới tính"", ""feature_group"": ""DEMOGRAPHIC"", ""mean_abs_shap"": 0.04570284555029055, ""normalized_importance"": 0.05603387159285774}, {""feature"": ""temperature_max_7d"", ""human_label"": ""Nhiệt độ — 7 ngày gần đây"", ""feature_group"": ""WEATHER_7D"", ""mean_abs_shap"": 0.02779148628101893, ""normalized_importance"": 0.0340736896115516}, {""feature"": ""wind_speed_max_7d"", ""human_label"": ""Gió — 7 ngày gần đây"", ""feature_group"": ""WEATHER_7D"", ""mean_abs_shap"": 0.020634755987785535, ""normalized_importance"": 0.0252991964383753}, {""feature"": ""wind_speed_mean_7d"", ""human_label"": ""Gió — 7 ngày gần đây"", ""feature_group"": ""WEATHER_7D"", ""mean_abs_shap"": 0.018754313298194228, ""normalized_importance"": 0.022993683883575144}, {""feature"": ""wind_gust_max_7d"", ""human_label"": ""Gió — 7 ngày gần đây"", ""feature_group"": ""WEATHER_7D"", ""mean_abs_shap"": 0.0157966699661226, ""normalized_importance"": 0.019367471889741864}, {""feature"": ""temperature_mean_7d"", ""human_label"": ""Nhiệt độ — 7 ngày gần đây"", ""feature_group"": ""WEATHER_7D"", ""mean_abs_shap"": 0.012696159390951643, ""normalized_importance"": 0.015566097831965664}, {""feature"": ""temperature_mean_3d"", ""human_label"": ""Nhiệt độ — 3 ngày gần đây"", ""feature_group"": ""WEATHER_3D"", ""mean_abs_shap"": 0.01081378624187478, ""normalized_importance"": 0.013258218441629855}]",DO_NOT_USE_AS_PRIMARY_WEATHER_EXAMPLE
18,Các bệnh do vi khuẩn khác - Other bacterial diseases,112,2,MODERATE,VERY_SIMPLE_MODEL,0.1842736229256027,0.31264487881975545,0.5030814982546419,0.0,0.00960030908056058,0.17467331384504212,models/disease_18.txt,aaa71163718aaed88ca33f97c06769dfd5f54fa475180be373ad6fcdfb07b0cd,7653,9,DEMOGRAPHIC,2.6645352591003757e-15,"[{""feature"": ""gender"", ""human_label"": ""Giới tính"", ""feature_group"": ""DEMOGRAPHIC"", ""mean_abs_shap"": 0.04693918351685351, ""normalized_importance"": 0.2604661401034874}, {""feature"": ""age_group"", ""human_label"": ""Nhóm tuổi"", ""feature_group"": ""DEMOGRAPHIC"", ""mean_abs_shap"": 0.04372225432349664, ""normalized_importance"": 0.24261535815115454}, {""feature"": ""day_of_year_sin"", ""human_label"": ""Thời điểm trong năm"", ""feature_group"": ""SEASONAL_CALENDAR"", ""mean_abs_shap"": 0.029416136034262914, ""normalized_importance"": 0.16323052161426202}, {""feature"": ""month"", ""human_label"": ""Yếu tố mùa vụ theo tháng"", ""feature_group"": ""SEASONAL_CALENDAR"", ""mean_abs_shap"": 0.02692629425895753, ""normalized_importance"": 0.14941435720549343}, {""feature"": ""humidity_mean_7d"", ""human_label"": ""Độ ẩm — 7 ngày gần đây"", ""feature_group"": ""WEATHER_7D"", ""mean_abs_shap"": 0.014489458618528748, ""normalized_importance"": 0.08040219440975858}, {""feature"": ""rain_max_daily_7d"", ""human_label"": ""Lượng mưa — 7 ngày gần đây"", ""feature_group"": ""WEATHER_7D"", ""mean_abs_shap"": 0.0065847620148990135, ""normalized_importance"": 0.036538930101010364}, {""feature"": ""humidity_max_7d"", ""human_label"": ""Độ ẩm — 7 ngày gần đây"", ""feature_group"": ""WEATHER_7D"", ""mean_abs_shap"": 0.006333322261367509, ""normalized_importance"": 0.035143687636952414}, {""feature"": ""wind_speed_mean_7d"", ""human_label"": ""Gió — 7 ngày gần đây"", ""feature_group"": ""WEATHER_7D"", ""mean_abs_shap"": 0.0020398525583599386, ""normalized_importance"": 0.011319168388718761}, {""feature"": ""wind_speed_max_7d"", ""human_label"": ""Gió — 7 ngày gần đây"", ""feature_group"": ""WEATHER_7D"", ""mean_abs_shap"": 0.0020308716675222715, ""normalized_importance"": 0.011269333308601996}, {""feature"": ""wind_speed_max_3d"", ""human_label"": ""Gió — 3 ngày gần đây"", ""feature_group"": ""WEATHER_3D"", ""mean_abs_shap"": 0.0017300930922226798, ""normalized_importance"": 0.00960030908056058}]",DO_NOT_USE_AS_PRIMARY_WEATHER_EXAMPLE
94,U lành cơ quan tiết niệu - Benign neoplasm of urinary organs,70,1,LOW,VERY_SIMPLE_MODEL,0.15038039900197372,0.41238378293036976,0.43723581806765666,0.0,0.0,0.15038039900197372,models/disease_94.txt,85808d2891005a186de8a3bcfff66492079b97d16ef14e0107c359b893866a91,5755,55,DEMOGRAPHIC,1.7763568394002505e-15,"[{""feature"": ""age_group"", ""human_label"": ""Nhóm tuổi"", ""feature_group"": ""DEMOGRAPHIC"", ""mean_abs_shap"": 0.0395931567509998, ""normalized_importance"": 0.43723581806765666}, {""feature"": ""day_of_year_cos"", ""human_label"": ""Thời điểm trong năm"", ""feature_group"": ""SEASONAL_CALENDAR"", ""mean_abs_shap"": 0.03734272235813472, ""normalized_importance"": 0.41238378293036976}, {""feature"": ""wind_gust_max_7d"", ""human_label"": ""Gió — 7 ngày gần đây"", ""feature_group"": ""WEATHER_7D"", ""mean_abs_shap"": 0.010967850901557444, ""normalized_importance"": 0.12112035651881833}, {""feature"": ""wind_speed_mean_7d"", ""human_label"": ""Gió — 7 ngày gần đây"", ""feature_group"": ""WEATHER_7D"", ""mean_abs_shap"": 0.0026495941107853665, ""normalized_importance"": 0.029260042483155394}, {""feature"": ""gender"", ""human_label"": ""Giới tính"", ""feature_group"": ""DEMOGRAPHIC"", ""mean_abs_shap"": 0.0, ""normalized_importance"": 0.0}, {""feature"": ""month"", ""human_label"": ""Yếu tố mùa vụ theo tháng"", ""feature_group"": ""SEASONAL_CALENDAR"", ""mean_abs_shap"": 0.0, ""normalized_importance"": 0.0}, {""feature"": ""season"", ""human_label"": ""Mùa mưa / mùa khô"", ""feature_group"": ""SEASONAL_CALENDAR"", ""mean_abs_shap"": 0.0, ""normalized_importance"": 0.0}, {""feature"": ""day_of_year_sin"", ""human_label"": ""Thời điểm trong năm"", ""feature_group"": ""SEASONAL_CALENDAR"", ""mean_abs_shap"": 0.0, ""normalized_importance"": 0.0}, {""feature"": ""weather_code_current"", ""human_label"": ""Trạng thái thời tiết — hiện tại"", ""feature_group"": ""WEATHER_CURRENT"", ""mean_abs_shap"": 0.0, ""normalized_importance"": 0.0}, {""feature"": ""temperature_mean_current"", ""human_label"": ""Nhiệt độ — hiện tại"", ""feature_group"": ""WEATHER_CURRENT"", ""mean_abs_shap"": 0.0, ""normalized_importance"": 0.0}]",DO_NOT_USE_AS_PRIMARY_WEATHER_EXAMPLE
