date,temp_mean_today,temp_max_today,temp_min_today,humidity_mean_today,precipitation_sum_today,rain_sum_today,weather_code,wind_speed_max_today,wind_gusts_max_today,temp_mean_3d,humidity_mean_3d,precipitation_sum_3d,rain_sum_3d,temp_mean_7d,humidity_mean_7d,precipitation_sum_7d,rain_sum_7d,rain_days_7d,month,season
2021-01-01,26.05,30.9,22.2,52.333,0.0,0.0,3,21.6,34.9,26.05,52.333,0.0,0.0,26.05,52.333,0.0,0.0,0.0,1,Mùa khô
2021-01-02,26.421,32.2,22.4,55.792,0.3,0.3,3,10.9,20.9,26.235,54.062,0.3,0.3,26.235,54.062,0.3,0.3,1.0,1,Mùa khô
2021-01-03,26.95,33.2,22.4,60.833,0.2,0.2,3,18.5,33.1,26.474,56.319,0.5,0.5,26.474,56.319,0.5,0.5,2.0,1,Mùa khô
2021-01-04,27.958,33.5,23.4,64.208,1.0,1.0,3,16.4,29.5,27.11,60.278,1.5,1.5,26.845,58.292,1.5,1.5,3.0,1,Mùa khô
2021-01-05,28.317,33.0,24.0,66.042,3.9,3.9,3,15.0,49.0,27.742,63.694,5.1,5.1,27.139,59.842,5.4,5.4,4.0,1,Mùa khô
2021-01-06,28.325,33.3,23.9,64.292,0.1,0.1,1,14.4,43.6,28.2,64.847,5.0,5.0,27.337,60.583,5.5,5.5,5.0,1,Mùa khô
2021-01-07,28.671,35.2,24.5,61.25,0.0,0.0,0,19.8,35.3,28.438,63.861,4.0,4.0,27.527,60.679,5.5,5.5,5.0,1,Mùa khô
2021-01-08,28.3,34.5,23.4,60.875,0.0,0.0,3,17.6,31.0,28.432,62.139,0.1,0.1,27.849,61.899,5.5,5.5,5.0,1,Mùa khô
2021-01-09,27.092,32.5,22.6,57.667,0.0,0.0,2,18.2,31.0,28.021,59.931,0.0,0.0,27.945,62.167,5.2,5.2,4.0,1,Mùa khô
2021-01-10,27.017,32.9,21.9,58.208,0.0,0.0,3,18.9,31.3,27.469,58.917,0.0,0.0,27.954,61.792,5.0,5.0,3.0,1,Mùa khô
2021-01-11,27.554,34.3,21.4,56.333,0.0,0.0,3,24.4,38.9,27.221,57.403,0.0,0.0,27.896,60.667,4.0,4.0,2.0,1,Mùa khô
2021-01-12,26.488,32.9,21.5,50.292,0.0,0.0,2,15.9,27.7,27.019,54.944,0.0,0.0,27.635,58.417,0.1,0.1,1.0,1,Mùa khô
2021-01-13,25.046,30.8,19.4,51.667,0.0,0.0,0,11.3,25.6,26.362,52.764,0.0,0.0,27.167,56.613,0.0,0.0,0.0,1,Mùa khô
2021-01-14,25.379,31.8,20.5,64.125,0.0,0.0,3,21.2,37.1,25.638,55.361,0.0,0.0,26.696,57.024,0.0,0.0,0.0,1,Mùa khô
2021-01-15,25.662,32.8,20.7,66.792,0.0,0.0,1,20.6,40.3,25.362,60.861,0.0,0.0,26.32,57.869,0.0,0.0,0.0,1,Mùa khô
2021-01-16,26.183,32.8,21.7,64.5,0.0,0.0,1,18.8,33.5,25.742,65.139,0.0,0.0,26.19,58.845,0.0,0.0,0.0,1,Mùa khô
2021-01-17,26.954,34.7,21.8,59.292,0.0,0.0,3,20.1,34.9,26.267,63.528,0.0,0.0,26.181,59.0,0.0,0.0,0.0,1,Mùa khô
2021-01-18,26.429,32.6,21.5,49.458,0.0,0.0,3,16.1,24.8,26.522,57.75,0.0,0.0,26.02,58.018,0.0,0.0,0.0,1,Mùa khô
2021-01-19,25.829,31.3,20.2,48.958,0.0,0.0,3,10.7,25.2,26.404,52.569,0.0,0.0,25.926,57.827,0.0,0.0,0.0,1,Mùa khô
2021-01-20,26.933,32.7,21.6,65.458,0.0,0.0,3,16.5,28.1,26.397,54.625,0.0,0.0,26.196,59.798,0.0,0.0,0.0,1,Mùa khô
2021-01-21,27.175,32.8,22.3,68.333,0.0,0.0,3,18.1,32.8,26.646,60.917,0.0,0.0,26.452,60.399,0.0,0.0,0.0,1,Mùa khô
2021-01-22,26.604,31.5,23.3,75.667,10.0,10.0,3,13.2,25.9,26.904,69.819,10.0,10.0,26.587,61.667,10.0,10.0,1.0,1,Mùa khô
2021-01-23,25.721,29.0,23.7,81.5,5.1,5.1,1,11.9,21.2,26.5,75.167,15.1,15.1,26.521,64.095,15.1,15.1,2.0,1,Mùa khô
2021-01-24,26.075,30.8,22.7,78.167,1.3,1.3,1,13.7,21.2,26.133,78.444,16.4,16.4,26.395,66.792,16.4,16.4,3.0,1,Mùa khô
2021-01-25,26.054,31.1,22.6,78.417,0.2,0.2,3,19.5,31.3,25.95,79.361,6.6,6.6,26.342,70.929,16.6,16.6,4.0,1,Mùa khô
2021-01-26,26.654,31.8,22.3,73.0,0.2,0.2,3,14.4,25.9,26.261,76.528,1.7,1.7,26.46,74.363,16.8,16.8,5.0,1,Mùa khô
2021-01-27,27.046,32.5,22.0,70.042,0.3,0.3,3,11.3,20.5,26.585,73.819,0.7,0.7,26.476,75.018,17.1,17.1,6.0,1,Mùa khô
2021-01-28,27.088,33.1,22.6,70.458,0.2,0.2,3,18.7,32.0,26.929,71.167,0.7,0.7,26.463,75.321,17.3,17.3,7.0,1,Mùa khô
2021-01-29,26.546,31.5,21.9,59.417,0.0,0.0,3,17.6,28.8,26.893,66.639,0.5,0.5,26.455,73.0,7.3,7.3,6.0,1,Mùa khô
2021-01-30,26.287,32.8,20.1,58.25,0.0,0.0,3,12.9,25.6,26.64,62.708,0.2,0.2,26.536,69.679,2.2,2.2,5.0,1,Mùa khô
2021-01-31,27.225,32.8,22.0,62.167,0.0,0.0,3,12.0,25.2,26.686,59.944,0.0,0.0,26.7,67.393,0.9,0.9,4.0,1,Mùa khô
2021-02-01,27.55,33.3,22.6,61.042,0.0,0.0,0,19.3,33.8,27.021,60.486,0.0,0.0,26.914,64.911,0.7,0.7,3.0,2,Mùa khô
2021-02-02,27.258,33.2,22.8,59.708,0.0,0.0,2,19.8,33.1,27.344,60.972,0.0,0.0,27.0,63.012,0.5,0.5,2.0,2,Mùa khô
2021-02-03,26.571,33.2,21.0,62.458,0.0,0.0,3,17.6,29.9,27.126,61.069,0.0,0.0,26.932,61.929,0.2,0.2,1.0,2,Mùa khô
2021-02-04,27.271,34.0,21.3,61.5,0.0,0.0,3,16.6,28.1,27.033,61.222,0.0,0.0,26.958,60.649,0.0,0.0,0.0,2,Mùa khô
2021-02-05,27.738,33.1,23.0,63.958,0.5,0.5,2,19.9,33.1,27.193,62.639,0.5,0.5,27.129,61.298,0.5,0.5,1.0,2,Mùa khô
2021-02-06,27.808,32.5,23.4,64.0,0.4,0.4,3,18.7,31.3,27.606,63.153,0.9,0.9,27.346,62.119,0.9,0.9,2.0,2,Mùa khô
2021-02-07,28.05,33.2,24.1,62.958,0.1,0.1,3,14.9,27.4,27.865,63.639,1.0,1.0,27.464,62.232,1.0,1.0,3.0,2,Mùa khô
2021-02-08,27.625,32.5,24.2,69.375,1.5,1.5,51,10.6,19.1,27.828,65.444,2.0,2.0,27.474,63.423,2.5,2.5,4.0,2,Mùa khô
2021-02-09,27.508,32.0,23.5,70.583,0.3,0.3,1,14.8,29.2,27.728,67.639,1.9,1.9,27.51,64.976,2.8,2.8,5.0,2,Mùa khô
2021-02-10,26.854,31.4,23.5,75.75,12.2,12.2,0,14.1,27.0,27.329,71.903,14.0,14.0,27.551,66.875,15.0,15.0,6.0,2,Mùa khô
2021-02-11,26.333,29.9,24.0,77.125,0.6,0.6,3,13.0,25.2,26.899,74.486,13.1,13.1,27.417,69.107,15.6,15.6,7.0,2,Mùa khô
2021-02-12,26.167,31.2,22.8,73.0,2.1,2.1,51,18.7,29.9,26.451,75.292,14.9,14.9,27.192,70.399,17.2,17.2,7.0,2,Mùa khô
2021-02-13,25.638,31.4,21.8,71.583,0.0,0.0,3,19.5,31.0,26.046,73.903,2.7,2.7,26.882,71.482,16.8,16.8,6.0,2,Mùa khô
2021-02-14,25.317,30.6,21.0,68.417,0.0,0.0,0,21.5,33.5,25.707,71.0,2.1,2.1,26.492,72.262,16.7,16.7,5.0,2,Mùa khô
2021-02-15,25.279,31.6,20.8,69.458,0.0,0.0,0,21.6,37.4,25.411,69.819,0.0,0.0,26.157,72.274,15.2,15.2,4.0,2,Mùa khô
2021-02-16,25.367,32.0,21.4,69.375,0.0,0.0,1,21.0,41.8,25.321,69.083,0.0,0.0,25.851,72.101,14.9,14.9,3.0,2,Mùa khô
2021-02-17,26.408,33.0,21.5,60.583,0.0,0.0,0,23.2,39.2,25.685,66.472,0.0,0.0,25.787,69.935,2.7,2.7,2.0,2,Mùa khô
2021-02-18,26.546,32.5,20.3,59.5,0.0,0.0,0,14.3,27.7,26.107,63.153,0.0,0.0,25.817,67.417,2.1,2.1,1.0,2,Mùa khô
2021-02-19,26.671,32.9,20.5,53.125,0.0,0.0,0,17.8,29.5,26.542,57.736,0.0,0.0,25.889,64.577,0.0,0.0,0.0,2,Mùa khô
2021-02-20,26.463,32.8,20.8,55.125,0.0,0.0,2,16.0,29.9,26.56,55.917,0.0,0.0,26.007,62.226,0.0,0.0,0.0,2,Mùa khô
2021-02-21,25.963,32.2,20.5,61.5,0.0,0.0,2,18.3,33.1,26.365,56.583,0.0,0.0,26.099,61.238,0.0,0.0,0.0,2,Mùa khô
2021-02-22,25.721,33.0,20.9,62.958,0.0,0.0,1,23.2,42.1,26.049,59.861,0.0,0.0,26.162,60.31,0.0,0.0,0.0,2,Mùa khô
2021-02-23,26.129,33.3,21.6,65.375,0.0,0.0,3,23.0,40.0,25.938,63.278,0.0,0.0,26.271,59.738,0.0,0.0,0.0,2,Mùa khô
2021-02-24,26.833,34.5,22.8,67.292,0.0,0.0,2,20.2,35.3,26.228,65.208,0.0,0.0,26.332,60.696,0.0,0.0,0.0,2,Mùa khô
2021-02-25,27.412,34.2,22.6,68.958,0.0,0.0,3,16.7,27.4,26.792,67.208,0.0,0.0,26.456,62.048,0.0,0.0,0.0,2,Mùa khô
2021-02-26,27.592,32.7,24.0,72.25,0.1,0.1,3,17.3,29.5,27.279,69.5,0.1,0.1,26.588,64.78,0.1,0.1,1.0,2,Mùa khô
2021-02-27,27.554,33.0,24.0,74.083,0.2,0.2,0,15.5,28.8,27.519,71.764,0.3,0.3,26.743,67.488,0.3,0.3,2.0,2,Mùa khô
2021-02-28,27.708,32.7,23.6,71.042,0.6,0.6,0,19.1,35.6,27.618,72.458,0.9,0.9,26.993,68.851,0.9,0.9,3.0,2,Mùa khô
2021-03-01,28.258,34.0,24.3,70.75,0.0,0.0,2,19.5,36.0,27.84,71.958,0.8,0.8,27.355,69.964,0.9,0.9,3.0,3,Mùa khô
2021-03-02,28.592,35.5,24.6,69.375,0.2,0.2,3,20.6,37.4,28.186,70.389,0.8,0.8,27.707,70.536,1.1,1.1,4.0,3,Mùa khô
2021-03-03,28.817,36.1,24.0,63.375,0.5,0.5,1,20.4,36.0,28.556,67.833,0.7,0.7,27.99,69.976,1.6,1.6,5.0,3,Mùa khô
2021-03-04,29.208,36.8,24.7,57.833,0.0,0.0,0,27.2,46.8,28.872,63.528,0.7,0.7,28.247,68.387,1.6,1.6,5.0,3,Mùa khô
2021-03-05,28.371,36.1,22.5,59.083,0.0,0.0,0,26.9,45.4,28.799,60.097,0.5,0.5,28.358,66.506,1.5,1.5,4.0,3,Mùa khô
2021-03-06,28.454,36.3,22.5,60.375,0.0,0.0,0,23.2,40.3,28.678,59.097,0.0,0.0,28.487,64.548,1.3,1.3,3.0,3,Mùa khô
2021-03-07,28.554,35.7,24.0,65.25,0.3,0.3,0,23.8,39.6,28.46,61.569,0.3,0.3,28.608,63.72,1.0,1.0,3.0,3,Mùa khô
2021-03-08,29.112,35.7,23.9,54.917,0.0,0.0,0,21.6,37.1,28.707,60.181,0.3,0.3,28.73,61.458,1.0,1.0,3.0,3,Mùa khô
2021-03-09,28.696,34.2,24.3,58.042,0.3,0.3,0,18.5,33.5,28.787,59.403,0.6,0.6,28.745,59.839,1.1,1.1,3.0,3,Mùa khô
2021-03-10,28.888,34.3,23.6,56.458,0.2,0.2,0,16.3,29.9,28.899,56.472,0.5,0.5,28.755,58.851,0.8,0.8,3.0,3,Mùa khô
2021-03-11,29.333,35.0,25.2,57.083,0.3,0.3,0,21.4,34.6,28.972,57.194,0.8,0.8,28.773,58.744,1.1,1.1,4.0,3,Mùa khô
2021-03-12,29.6,36.0,24.9,50.583,0.0,0.0,0,20.6,37.8,29.274,54.708,0.5,0.5,28.948,57.53,1.1,1.1,4.0,3,Mùa khô
2021-03-13,29.154,35.7,25.0,56.75,0.1,0.1,0,22.9,38.2,29.362,54.806,0.4,0.4,29.048,57.012,1.2,1.2,5.0,3,Mùa khô
2021-03-14,28.333,35.3,23.2,63.417,0.0,0.0,0,24.5,42.5,29.029,56.917,0.1,0.1,29.017,56.75,0.9,0.9,4.0,3,Mùa khô
2021-03-15,27.908,35.3,23.5,66.375,0.1,0.1,0,21.3,42.1,28.465,62.181,0.2,0.2,28.845,58.387,1.0,1.0,5.0,3,Mùa khô
2021-03-16,27.963,33.5,24.6,66.667,0.1,0.1,1,23.0,38.9,28.068,65.486,0.2,0.2,28.74,59.619,0.8,0.8,5.0,3,Mùa khô
2021-03-17,27.821,34.2,24.1,67.792,0.1,0.1,3,20.5,36.7,27.897,66.944,0.3,0.3,28.588,61.238,0.7,0.7,5.0,3,Mùa khô
2021-03-18,28.154,34.3,24.1,70.625,0.0,0.0,3,23.8,45.4,27.979,68.361,0.2,0.2,28.419,63.173,0.4,0.4,4.0,3,Mùa khô
2021-03-19,28.783,36.0,24.3,71.792,0.1,0.1,3,21.5,37.8,28.253,70.069,0.2,0.2,28.302,66.202,0.5,0.5,5.0,3,Mùa khô
2021-03-20,28.883,33.0,25.6,71.125,1.1,1.1,3,17.6,31.0,28.607,71.181,1.2,1.2,28.264,68.256,1.5,1.5,5.0,3,Mùa khô
2021-03-21,29.071,34.8,25.6,70.083,1.4,1.4,51,22.9,38.2,28.913,71.0,2.6,2.6,28.369,69.208,2.9,2.9,6.0,3,Mùa khô
2021-03-22,29.892,35.8,24.7,63.458,0.0,0.0,1,19.1,35.6,29.282,68.222,2.5,2.5,28.652,68.792,2.8,2.8,5.0,3,Mùa khô
2021-03-23,30.742,36.7,25.6,54.625,2.0,2.0,3,13.2,28.8,29.901,62.722,3.4,3.4,29.049,67.071,4.7,4.7,5.0,3,Mùa khô
2021-03-24,29.85,35.8,26.0,61.0,3.6,3.6,3,18.1,38.9,30.161,59.694,5.6,5.6,29.339,66.101,8.2,8.2,5.0,3,Mùa khô
2021-03-25,28.963,33.0,26.0,68.292,0.4,0.4,3,19.5,34.9,29.851,61.306,6.0,6.0,29.455,65.768,8.6,8.6,6.0,3,Mùa khô
2021-03-26,29.108,35.7,24.6,65.875,0.0,0.0,2,23.7,38.9,29.307,65.056,4.0,4.0,29.501,64.923,8.5,8.5,5.0,3,Mùa khô
2021-03-27,29.175,35.3,25.1,67.75,0.1,0.1,2,23.7,38.9,29.082,67.306,0.5,0.5,29.543,64.44,7.5,7.5,5.0,3,Mùa khô
2021-03-28,29.267,35.8,25.1,67.417,0.0,0.0,0,19.0,34.2,29.183,67.014,0.1,0.1,29.571,64.06,6.1,6.1,4.0,3,Mùa khô
2021-03-29,29.213,35.0,25.4,68.333,0.0,0.0,0,18.1,31.7,29.218,67.833,0.1,0.1,29.474,64.756,6.1,6.1,4.0,3,Mùa khô
2021-03-30,29.175,34.2,25.2,68.833,0.3,0.3,1,17.4,32.0,29.218,68.194,0.3,0.3,29.25,66.786,4.4,4.4,4.0,3,Mùa khô
2021-03-31,29.642,35.8,25.2,70.417,0.0,0.0,1,18.9,32.0,29.343,69.194,0.3,0.3,29.22,68.131,0.8,0.8,3.0,3,Mùa khô
2021-04-01,29.629,35.1,25.9,68.833,0.4,0.4,1,18.2,32.8,29.482,69.361,0.7,0.7,29.315,68.208,0.8,0.8,3.0,4,Mùa khô
2021-04-02,29.821,34.8,26.3,72.833,5.3,5.3,51,18.2,29.5,29.697,70.694,5.7,5.7,29.417,69.202,6.1,6.1,4.0,4,Mùa khô
2021-04-03,27.846,32.2,24.7,79.417,12.0,12.0,1,16.7,29.5,29.099,73.694,17.7,17.7,29.227,70.869,18.0,18.0,4.0,4,Mùa khô
2021-04-04,28.033,31.3,25.5,79.0,7.9,7.9,2,14.6,32.4,28.567,77.083,25.2,25.2,29.051,72.524,25.9,25.9,5.0,4,Mùa khô
2021-04-05,28.279,32.8,24.5,75.625,0.2,0.2,3,17.1,29.2,28.053,78.014,20.1,20.1,28.918,73.565,26.1,26.1,6.0,4,Mùa khô
2021-04-06,28.933,35.4,24.4,65.542,0.0,0.0,2,23.6,38.9,28.415,73.389,8.1,8.1,28.883,73.095,25.8,25.8,5.0,4,Mùa khô
2021-04-07,28.633,33.8,24.2,66.458,0.1,0.1,0,18.0,31.0,28.615,69.208,0.3,0.3,28.739,72.53,25.9,25.9,6.0,4,Mùa khô
2021-04-08,28.358,32.8,25.5,72.292,0.9,0.9,3,13.3,28.8,28.642,68.097,1.0,1.0,28.558,73.024,26.4,26.4,6.0,4,Mùa khô
2021-04-09,28.329,33.0,25.9,73.417,5.4,5.4,3,15.5,33.1,28.44,70.722,6.4,6.4,28.345,73.107,26.5,26.5,6.0,4,Mùa khô
2021-04-10,28.683,33.7,24.9,70.708,1.8,1.8,51,18.7,32.4,28.457,72.139,8.1,8.1,28.464,71.863,16.3,16.3,6.0,4,Mùa khô
2021-04-11,29.446,35.3,25.1,65.583,0.4,0.4,0,19.4,40.0,28.819,69.903,7.6,7.6,28.666,69.946,8.8,8.8,6.0,4,Mùa khô
2021-04-12,29.208,34.3,25.8,67.417,1.0,1.0,0,14.9,34.9,29.112,67.903,3.2,3.2,28.799,68.774,9.6,9.6,6.0,4,Mùa khô
2021-04-13,28.796,33.7,25.5,74.625,3.4,3.4,1,16.3,34.2,29.15,69.208,4.8,4.8,28.779,70.071,13.0,13.0,7.0,4,Mùa khô
2021-04-14,28.742,33.3,25.4,72.833,6.8,6.8,51,14.6,25.2,28.915,71.625,11.2,11.2,28.795,70.982,19.7,19.7,7.0,4,Mùa khô
2021-04-15,27.217,31.7,24.1,84.833,48.1,48.1,2,14.1,25.6,28.251,77.431,58.3,58.3,28.632,72.774,66.9,66.9,7.0,4,Mùa khô
2021-04-16,27.104,31.2,24.1,84.458,14.6,14.6,51,13.0,23.4,27.688,80.708,69.5,69.5,28.457,74.351,76.1,76.1,7.0,4,Mùa khô
2021-04-17,27.404,32.0,24.6,83.875,18.8,18.8,51,11.0,22.0,27.242,84.389,81.5,81.5,28.274,76.232,93.1,93.1,7.0,4,Mùa khô
2021-04-18,26.954,30.0,24.9,84.625,12.2,12.2,51,13.3,29.5,27.154,84.319,45.6,45.6,27.918,78.952,104.9,104.9,7.0,4,Mùa khô
2021-04-19,26.946,30.8,24.5,86.792,8.6,8.6,51,13.0,27.0,27.101,85.097,39.6,39.6,27.595,81.72,112.5,112.5,7.0,4,Mùa khô
2021-04-20,28.042,32.3,25.0,82.75,3.2,3.2,3,8.7,22.0,27.314,84.722,24.0,24.0,27.487,82.881,112.3,112.3,7.0,4,Mùa khô
2021-04-21,27.979,31.6,25.6,83.75,5.5,5.5,3,9.9,22.0,27.656,84.431,17.3,17.3,27.378,84.44,111.0,111.0,7.0,4,Mùa khô
2021-04-22,26.642,29.2,24.9,89.083,17.5,17.5,51,9.8,21.6,27.554,85.194,26.2,26.2,27.296,85.048,80.4,80.4,7.0,4,Mùa khô
2021-04-23,26.954,31.2,24.7,86.667,17.7,17.7,3,14.7,28.8,27.192,86.5,40.7,40.7,27.274,85.363,83.5,83.5,7.0,4,Mùa khô
2021-04-24,27.771,32.3,24.5,83.208,4.8,4.8,3,14.8,25.9,27.122,86.319,40.0,40.0,27.327,85.268,69.5,69.5,7.0,4,Mùa khô
2021-04-25,27.729,31.8,24.5,83.75,6.6,6.6,51,12.0,28.1,27.485,84.542,29.1,29.1,27.438,85.143,63.9,63.9,7.0,4,Mùa khô
2021-04-26,28.325,32.2,24.9,81.625,0.3,0.3,3,14.4,24.5,27.942,82.861,11.7,11.7,27.635,84.405,55.6,55.6,7.0,4,Mùa khô
2021-04-27,27.312,30.8,25.5,86.25,13.3,13.3,51,12.6,26.6,27.789,83.875,20.2,20.2,27.53,84.905,65.7,65.7,7.0,4,Mùa khô
2021-04-28,27.75,31.5,25.1,82.875,3.5,3.5,3,12.8,29.9,27.796,83.583,17.1,17.1,27.498,84.78,63.7,63.7,7.0,4,Mùa khô
2021-04-29,28.138,32.0,25.3,77.667,0.1,0.1,1,13.7,25.6,27.733,82.264,16.9,16.9,27.711,83.149,46.3,46.3,7.0,4,Mùa khô
2021-04-30,28.433,32.5,25.2,77.042,0.4,0.4,3,14.2,29.2,28.107,79.194,4.0,4.0,27.923,81.774,29.0,29.0,7.0,4,Mùa khô
2021-05-01,28.017,30.8,25.4,82.958,6.1,6.1,2,17.0,31.0,28.196,79.222,6.6,6.6,27.958,81.738,30.3,30.3,7.0,5,Mùa mưa
2021-05-02,28.787,32.9,25.4,78.25,0.3,0.3,2,15.4,25.9,28.412,79.417,6.8,6.8,28.109,80.952,24.0,24.0,7.0,5,Mùa mưa
2021-05-03,28.575,33.5,25.5,78.125,0.4,0.4,2,18.5,29.5,28.46,79.778,6.8,6.8,28.145,80.452,24.1,24.1,7.0,5,Mùa mưa
2021-05-04,28.925,33.5,24.8,74.583,0.3,0.3,0,16.0,23.8,28.762,76.986,1.0,1.0,28.375,78.786,11.1,11.1,7.0,5,Mùa mưa
2021-05-05,29.592,34.4,25.6,73.5,1.9,1.9,2,14.9,30.2,29.031,75.403,2.6,2.6,28.638,77.446,9.5,9.5,7.0,5,Mùa mưa
2021-05-06,29.508,34.1,26.0,72.542,0.6,0.6,3,16.1,34.2,29.342,73.542,2.8,2.8,28.834,76.714,10.0,10.0,7.0,5,Mùa mưa
2021-05-07,28.383,32.8,25.0,80.792,1.3,1.3,3,17.2,29.5,29.161,75.611,3.8,3.8,28.827,77.25,10.9,10.9,7.0,5,Mùa mưa
2021-05-08,28.588,32.7,25.7,80.292,1.8,1.8,3,18.6,33.8,28.826,77.875,3.7,3.7,28.908,76.869,6.6,6.6,7.0,5,Mùa mưa
2021-05-09,28.638,32.6,26.4,81.708,7.8,7.8,3,12.6,25.2,28.536,80.931,10.9,10.9,28.887,77.363,14.1,14.1,7.0,5,Mùa mưa
2021-05-10,29.246,33.1,26.0,78.708,0.7,0.7,1,12.1,24.5,28.824,80.236,10.3,10.3,28.983,77.446,14.4,14.4,7.0,5,Mùa mưa
2021-05-11,29.512,33.2,26.0,77.583,1.5,1.5,1,13.1,25.9,29.132,79.333,10.0,10.0,29.067,77.875,15.6,15.6,7.0,5,Mùa mưa
2021-05-12,29.896,34.5,26.5,75.958,3.4,3.4,2,12.7,26.3,29.551,77.417,5.6,5.6,29.11,78.226,17.1,17.1,7.0,5,Mùa mưa
2021-05-13,29.283,33.2,26.7,80.792,5.4,5.4,2,18.4,32.0,29.564,78.111,10.3,10.3,29.078,79.405,21.9,21.9,7.0,5,Mùa mưa
2021-05-14,28.808,31.6,26.5,81.917,3.4,3.4,3,14.9,29.5,29.329,79.556,12.2,12.2,29.139,79.565,24.0,24.0,7.0,5,Mùa mưa
2021-05-15,28.742,32.8,25.9,82.0,3.3,3.3,3,16.0,31.7,28.944,81.569,12.1,12.1,29.161,79.81,25.5,25.5,7.0,5,Mùa mưa
2021-05-16,29.012,32.8,25.8,82.0,4.8,4.8,51,15.0,28.4,28.854,81.972,11.5,11.5,29.214,79.851,22.5,22.5,7.0,5,Mùa mưa
2021-05-17,28.017,31.9,25.0,83.833,31.1,31.1,51,16.6,31.0,28.59,82.611,39.2,39.2,29.039,80.583,52.9,52.9,7.0,5,Mùa mưa
2021-05-18,28.0,31.5,25.4,84.875,7.2,7.2,51,13.3,28.4,28.343,83.569,43.1,43.1,28.823,81.625,58.6,58.6,7.0,5,Mùa mưa
2021-05-19,28.125,32.5,25.4,85.75,8.7,8.7,3,13.0,24.8,28.047,84.819,47.0,47.0,28.57,83.024,63.9,63.9,7.0,5,Mùa mưa
2021-05-20,28.667,32.5,25.5,82.333,13.6,13.6,3,14.2,25.6,28.264,84.319,29.5,29.5,28.482,83.244,72.1,72.1,7.0,5,Mùa mưa
2021-05-21,27.792,31.5,25.7,86.333,15.8,15.8,51,11.6,23.4,28.194,84.806,38.1,38.1,28.336,83.875,84.5,84.5,7.0,5,Mùa mưa
2021-05-22,26.95,30.9,25.3,88.75,17.1,17.1,51,16.8,38.5,27.803,85.806,46.5,46.5,28.08,84.839,98.3,98.3,7.0,5,Mùa mưa
2021-05-23,27.233,31.3,25.2,87.75,22.1,22.1,51,17.6,34.9,27.325,87.611,55.0,55.0,27.826,85.661,115.6,115.6,7.0,5,Mùa mưa
2021-05-24,27.129,29.7,26.0,88.417,8.7,8.7,51,16.1,36.7,27.104,88.306,47.9,47.9,27.699,86.315,93.2,93.2,7.0,5,Mùa mưa
2021-05-25,26.475,28.7,24.6,91.458,63.1,63.1,53,11.7,31.7,26.946,89.208,93.9,93.9,27.482,87.256,149.1,149.1,7.0,5,Mùa mưa
2021-05-26,26.442,29.2,24.8,90.667,9.9,9.9,51,14.5,32.4,26.682,90.181,81.7,81.7,27.241,87.958,150.3,150.3,7.0,5,Mùa mưa
2021-05-27,26.633,30.2,24.9,89.958,20.5,20.5,3,14.2,26.6,26.517,90.694,93.5,93.5,26.951,89.048,157.2,157.2,7.0,5,Mùa mưa
2021-05-28,27.367,30.8,24.8,87.958,3.9,3.9,0,12.4,26.3,26.814,89.528,34.3,34.3,26.89,89.28,145.3,145.3,7.0,5,Mùa mưa
2021-05-29,27.954,31.6,25.3,85.167,4.1,4.1,0,14.5,25.2,27.318,87.694,28.5,28.5,27.033,88.768,132.3,132.3,7.0,5,Mùa mưa
2021-05-30,28.633,32.9,24.8,81.958,0.7,0.7,0,11.0,21.6,27.985,85.028,8.7,8.7,27.233,87.94,110.9,110.9,7.0,5,Mùa mưa
2021-05-31,28.954,33.0,25.7,84.125,2.8,2.8,0,12.2,24.8,28.514,83.75,7.6,7.6,27.494,87.327,105.0,105.0,7.0,5,Mùa mưa
2021-06-01,28.729,32.0,25.9,85.208,6.4,6.4,2,10.8,23.8,28.772,83.764,9.9,9.9,27.816,86.435,48.3,48.3,7.0,6,Mùa mưa
2021-06-02,28.562,32.3,26.1,85.375,3.1,3.1,3,11.9,21.6,28.749,84.903,12.3,12.3,28.119,85.679,41.5,41.5,7.0,6,Mùa mưa
2021-06-03,28.617,32.8,25.6,84.833,3.6,3.6,2,11.2,22.3,28.636,85.139,13.1,13.1,28.402,84.946,24.6,24.6,7.0,6,Mùa mưa
2021-06-04,29.321,33.5,25.2,81.667,0.2,0.2,3,12.1,23.4,28.833,83.958,6.9,6.9,28.682,84.048,20.9,20.9,7.0,6,Mùa mưa
2021-06-05,28.6,33.0,26.0,83.417,5.9,5.9,3,17.6,32.4,28.846,83.306,9.7,9.7,28.774,83.798,22.7,22.7,7.0,6,Mùa mưa
2021-06-06,27.996,32.3,25.0,85.208,4.3,4.3,3,20.6,36.7,28.639,83.431,10.4,10.4,28.683,84.262,26.3,26.3,7.0,6,Mùa mưa
2021-06-07,27.65,31.9,25.7,84.417,9.2,9.2,3,24.9,42.8,28.082,84.347,19.4,19.4,28.496,84.304,32.7,32.7,7.0,6,Mùa mưa
2021-06-08,26.612,28.9,24.9,89.292,6.4,6.4,51,16.6,40.7,27.419,86.306,19.9,19.9,28.194,84.887,32.7,32.7,7.0,6,Mùa mưa
2021-06-09,27.05,30.3,25.2,88.042,4.7,4.7,51,11.6,36.0,27.104,87.25,20.3,20.3,27.978,85.268,34.3,34.3,7.0,6,Mùa mưa
2021-06-10,26.662,30.6,25.0,89.792,12.4,12.4,3,20.0,48.2,26.775,89.042,23.5,23.5,27.699,85.976,43.1,43.1,7.0,6,Mùa mưa
2021-06-11,27.271,31.5,24.6,85.0,4.1,4.1,3,20.2,40.0,26.994,87.611,21.2,21.2,27.406,86.452,47.0,47.0,7.0,6,Mùa mưa
2021-06-12,26.625,30.0,24.9,86.625,9.0,9.0,3,18.3,46.4,26.853,87.139,25.5,25.5,27.124,86.911,50.1,50.1,7.0,6,Mùa mưa
2021-06-13,27.4,31.1,24.8,82.958,0.8,0.8,3,22.0,44.3,27.099,84.861,13.9,13.9,27.039,86.589,46.6,46.6,7.0,6,Mùa mưa
2021-06-14,27.854,32.2,24.9,82.292,1.0,1.0,51,17.6,33.8,27.293,83.958,10.8,10.8,27.068,86.286,38.4,38.4,7.0,6,Mùa mưa
2021-06-15,27.146,30.6,24.8,87.208,4.3,4.3,51,15.5,35.6,27.467,84.153,6.1,6.1,27.144,85.988,36.3,36.3,7.0,6,Mùa mưa
2021-06-16,27.304,31.7,24.9,87.0,11.3,11.3,51,14.9,35.6,27.435,85.5,16.6,16.6,27.18,85.839,42.9,42.9,7.0,6,Mùa mưa
2021-06-17,28.525,32.9,24.9,78.417,0.3,0.3,3,11.8,25.2,27.658,84.208,15.9,15.9,27.446,84.214,30.8,30.8,7.0,6,Mùa mưa
2021-06-18,28.175,32.2,24.9,81.708,2.8,2.8,1,11.4,23.4,28.001,82.375,14.4,14.4,27.576,83.744,29.5,29.5,7.0,6,Mùa mưa
2021-06-19,27.754,31.6,25.0,85.0,10.2,10.2,1,13.1,27.0,28.151,81.708,13.3,13.3,27.737,83.512,30.7,30.7,7.0,6,Mùa mưa
2021-06-20,27.683,32.4,25.0,83.792,17.7,17.7,1,16.1,31.3,27.871,83.5,30.7,30.7,27.777,83.631,47.6,47.6,7.0,6,Mùa mưa
2021-06-21,27.512,31.4,24.8,85.083,9.8,9.8,2,25.2,42.5,27.65,84.625,37.7,37.7,27.729,84.03,56.4,56.4,7.0,6,Mùa mưa
2021-06-22,27.321,31.0,24.5,86.333,13.5,13.5,2,16.6,34.9,27.506,85.069,41.0,41.0,27.754,83.905,65.6,65.6,7.0,6,Mùa mưa
2021-06-23,27.183,30.9,24.3,85.958,9.3,9.3,1,20.5,37.1,27.339,85.792,32.6,32.6,27.736,83.756,63.6,63.6,7.0,6,Mùa mưa
2021-06-24,27.512,31.5,24.0,84.708,8.3,8.3,0,13.9,34.2,27.339,85.667,31.1,31.1,27.592,84.655,71.6,71.6,7.0,6,Mùa mưa
2021-06-25,28.154,32.2,25.0,81.542,2.9,2.9,1,14.4,26.3,27.617,84.069,20.5,20.5,27.589,84.631,71.7,71.7,7.0,6,Mùa mưa
2021-06-26,28.021,31.9,24.9,82.292,0.8,0.8,51,14.6,25.6,27.896,82.847,12.0,12.0,27.627,84.244,62.3,62.3,7.0,6,Mùa mưa
2021-06-27,28.388,32.7,24.6,79.708,0.9,0.9,0,14.3,24.1,28.188,81.181,4.6,4.6,27.727,83.661,45.5,45.5,7.0,6,Mùa mưa
2021-06-28,28.021,32.8,25.0,83.375,5.7,5.7,1,13.0,27.4,28.143,81.792,7.4,7.4,27.8,83.417,41.4,41.4,7.0,6,Mùa mưa
2021-06-29,28.317,32.5,25.1,83.083,3.7,3.7,51,11.0,24.1,28.242,82.056,10.3,10.3,27.942,82.952,31.6,31.6,7.0,6,Mùa mưa
2021-06-30,28.117,32.2,25.6,83.292,2.6,2.6,2,14.5,27.4,28.151,83.25,12.0,12.0,28.076,82.571,24.9,24.9,7.0,6,Mùa mưa
2021-07-01,28.217,32.6,24.7,82.25,3.9,3.9,1,11.6,24.8,28.217,82.875,10.2,10.2,28.176,82.22,20.5,20.5,7.0,7,Mùa mưa
2021-07-02,28.6,33.0,24.6,78.167,0.2,0.2,0,12.8,23.8,28.311,81.236,6.7,6.7,28.24,81.738,17.8,17.8,7.0,7,Mùa mưa
2021-07-03,28.921,33.8,25.0,81.333,0.3,0.3,0,10.0,21.2,28.579,80.583,4.4,4.4,28.368,81.601,17.3,17.3,7.0,7,Mùa mưa
2021-07-04,28.479,32.0,26.0,83.042,8.4,8.4,3,15.4,31.0,28.667,80.847,8.9,8.9,28.382,82.077,24.8,24.8,7.0,7,Mùa mưa
2021-07-05,26.938,30.3,25.3,88.542,18.0,18.0,3,13.5,31.7,28.112,84.306,26.7,26.7,28.227,82.815,37.1,37.1,7.0,7,Mùa mưa
2021-07-06,26.262,28.2,25.0,91.083,7.4,7.4,3,16.9,32.8,27.226,87.556,33.8,33.8,27.933,83.958,40.8,40.8,7.0,7,Mùa mưa
2021-07-07,26.446,29.6,24.7,89.0,9.5,9.5,3,16.5,38.5,26.549,89.542,34.9,34.9,27.695,84.774,47.7,47.7,7.0,7,Mùa mưa
2021-07-08,25.625,27.2,24.6,91.125,11.9,11.9,51,15.0,29.9,26.111,90.403,28.8,28.8,27.324,86.042,55.7,55.7,7.0,7,Mùa mưa
2021-07-09,25.838,29.2,23.7,88.667,22.3,22.3,51,14.6,29.5,25.969,89.597,43.7,43.7,26.93,87.542,77.8,77.8,7.0,7,Mùa mưa
2021-07-10,26.817,30.3,24.3,85.917,8.4,8.4,51,13.1,27.0,26.093,88.569,42.6,42.6,26.629,88.196,85.9,85.9,7.0,7,Mùa mưa
2021-07-11,27.571,30.9,24.5,84.25,7.3,7.3,1,11.8,22.7,26.742,86.278,38.0,38.0,26.499,88.369,84.8,84.8,7.0,7,Mùa mưa
2021-07-12,27.713,31.5,25.2,84.625,6.1,6.1,3,14.3,27.4,27.367,84.931,21.8,21.8,26.61,87.81,72.9,72.9,7.0,7,Mùa mưa
2021-07-13,27.183,30.4,24.4,86.5,9.5,9.5,51,12.7,23.0,27.489,85.125,22.9,22.9,26.742,87.155,75.0,75.0,7.0,7,Mùa mưa
2021-07-14,26.692,30.5,24.5,87.167,22.7,22.7,51,10.6,22.3,27.196,86.097,38.3,38.3,26.777,86.893,88.2,88.2,7.0,7,Mùa mưa
2021-07-15,25.971,28.8,24.1,90.875,27.7,27.7,51,9.7,23.8,26.615,88.181,59.9,59.9,26.826,86.857,104.0,104.0,7.0,7,Mùa mưa
2021-07-16,27.725,31.5,23.9,81.542,4.0,4.0,3,14.6,33.5,26.796,86.528,54.4,54.4,27.096,85.839,85.7,85.7,7.0,7,Mùa mưa
2021-07-17,27.942,32.2,24.5,80.458,5.5,5.5,3,17.1,32.0,27.213,84.292,37.2,37.2,27.257,85.06,82.8,82.8,7.0,7,Mùa mưa
2021-07-18,26.867,30.4,25.1,88.375,18.4,18.4,51,18.1,37.8,27.511,83.458,27.9,27.9,27.156,85.649,93.9,93.9,7.0,7,Mùa mưa
2021-07-19,26.692,29.6,25.4,86.583,2.7,2.7,3,16.6,40.7,27.167,85.139,26.6,26.6,27.01,85.929,90.5,90.5,7.0,7,Mùa mưa
2021-07-20,27.446,31.2,25.0,84.125,7.5,7.5,2,23.7,49.3,27.001,86.361,28.6,28.6,27.048,85.589,88.5,88.5,7.0,7,Mùa mưa
2021-07-21,27.117,30.2,25.0,86.833,8.8,8.8,3,22.9,51.1,27.085,85.847,19.0,19.0,27.108,85.542,74.6,74.6,7.0,7,Mùa mưa
2021-07-22,27.075,29.5,25.0,87.0,1.8,1.8,3,16.3,34.9,27.213,85.986,18.1,18.1,27.266,84.988,48.7,48.7,7.0,7,Mùa mưa
2021-07-23,27.412,29.8,25.5,85.417,4.9,4.9,3,27.3,47.2,27.201,86.417,15.5,15.5,27.221,85.542,49.6,49.6,7.0,7,Mùa mưa
2021-07-24,28.121,31.5,25.9,81.708,1.5,1.5,3,21.9,55.8,27.536,84.708,8.2,8.2,27.247,85.72,45.6,45.6,7.0,7,Mùa mưa
2021-07-25,27.283,29.6,25.9,85.708,5.1,5.1,3,28.7,56.9,27.606,84.278,11.5,11.5,27.307,85.339,32.3,32.3,7.0,7,Mùa mưa
2021-07-26,27.787,31.3,25.0,83.375,3.4,3.4,2,19.8,44.6,27.731,83.597,10.0,10.0,27.463,84.881,33.0,33.0,7.0,7,Mùa mưa
2021-07-27,27.833,31.4,25.3,83.333,8.5,8.5,2,22.4,53.3,27.635,84.139,17.0,17.0,27.518,84.768,34.0,34.0,7.0,7,Mùa mưa
2021-07-28,27.442,30.9,25.8,84.417,9.9,9.9,3,24.7,47.2,27.688,83.708,21.8,21.8,27.565,84.423,35.1,35.1,7.0,7,Mùa mưa
2021-07-29,26.821,29.8,25.2,87.792,14.0,14.0,51,21.2,42.8,27.365,85.181,32.4,32.4,27.529,84.536,47.3,47.3,7.0,7,Mùa mưa
2021-07-30,26.8,30.0,24.9,88.625,17.5,17.5,3,22.0,43.6,27.021,86.944,41.4,41.4,27.441,84.994,59.9,59.9,7.0,7,Mùa mưa
2021-07-31,27.642,31.4,25.0,84.917,6.9,6.9,3,17.7,43.2,27.088,87.111,38.4,38.4,27.373,85.452,65.3,65.3,7.0,7,Mùa mưa
2021-08-01,27.933,32.2,25.1,82.625,2.9,2.9,3,23.7,43.2,27.458,85.389,27.3,27.3,27.465,85.012,63.1,63.1,7.0,8,Mùa mưa
2021-08-02,28.112,31.2,25.7,82.0,5.4,5.4,1,22.1,43.9,27.896,83.181,15.2,15.2,27.512,84.815,65.1,65.1,7.0,8,Mùa mưa
2021-08-03,27.963,30.4,26.0,81.0,3.4,3.4,3,22.8,49.0,28.003,81.875,11.7,11.7,27.53,84.482,60.0,60.0,7.0,8,Mùa mưa
2021-08-04,28.096,32.5,25.8,81.417,2.8,2.8,3,23.7,47.2,28.057,81.472,11.6,11.6,27.624,84.054,52.9,52.9,7.0,8,Mùa mưa
2021-08-05,27.667,31.3,25.8,84.25,2.6,2.6,3,25.0,45.0,27.908,82.222,8.8,8.8,27.745,83.548,41.5,41.5,7.0,8,Mùa mưa
2021-08-06,28.112,32.0,25.4,81.792,2.0,2.0,3,21.0,41.8,27.958,82.486,7.4,7.4,27.932,82.571,26.0,26.0,7.0,8,Mùa mưa
2021-08-07,28.033,32.3,25.2,83.5,3.5,3.5,3,19.9,36.0,27.938,83.181,8.1,8.1,27.988,82.369,22.6,22.6,7.0,8,Mùa mưa
2021-08-08,28.246,31.9,25.3,82.833,6.7,6.7,3,15.3,31.3,28.131,82.708,12.2,12.2,28.033,82.399,26.4,26.4,7.0,8,Mùa mưa
2021-08-09,28.504,32.0,25.9,82.375,1.3,1.3,51,15.1,26.3,28.261,82.903,11.5,11.5,28.089,82.452,22.3,22.3,7.0,8,Mùa mưa
2021-08-10,27.529,30.7,25.7,86.917,11.6,11.6,51,19.4,34.9,28.093,84.042,19.6,19.6,28.027,83.298,30.5,30.5,7.0,8,Mùa mưa
2021-08-11,27.271,30.8,25.2,87.708,14.2,14.2,2,14.5,33.1,27.768,85.667,27.1,27.1,27.909,84.196,41.9,41.9,7.0,8,Mùa mưa
2021-08-12,26.871,29.0,24.9,90.208,8.1,8.1,3,13.5,34.2,27.224,88.278,33.9,33.9,27.795,85.048,47.4,47.4,7.0,8,Mùa mưa
2021-08-13,26.621,30.9,24.6,87.75,9.6,9.6,3,15.1,32.4,26.921,88.556,31.9,31.9,27.582,85.899,55.0,55.0,7.0,8,Mùa mưa
2021-08-14,27.058,30.0,25.1,88.875,10.7,10.7,3,16.2,31.3,26.85,88.944,28.4,28.4,27.443,86.667,62.2,62.2,7.0,8,Mùa mưa
2021-08-15,26.871,29.9,24.5,83.333,0.0,0.0,3,12.8,23.4,26.85,86.653,20.3,20.3,27.246,86.738,55.5,55.5,6.0,8,Mùa mưa
2021-08-16,27.796,32.3,23.5,81.25,3.7,3.7,0,8.7,17.6,27.242,84.486,14.4,14.4,27.145,86.577,57.9,57.9,6.0,8,Mùa mưa
2021-08-17,27.171,31.4,24.1,87.667,11.5,11.5,51,7.9,20.5,27.279,84.083,15.2,15.2,27.094,86.685,57.8,57.8,6.0,8,Mùa mưa
2021-08-18,27.246,31.7,24.0,85.167,15.1,15.1,3,10.4,19.4,27.404,84.694,30.3,30.3,27.09,86.321,58.7,58.7,6.0,8,Mùa mưa
2021-08-19,27.104,31.2,24.0,85.375,11.2,11.2,51,9.6,20.9,27.174,86.069,37.8,37.8,27.124,85.631,61.8,61.8,6.0,8,Mùa mưa
2021-08-20,27.154,30.9,24.6,86.458,7.4,7.4,51,12.7,23.4,27.168,85.667,33.7,33.7,27.2,85.446,59.6,59.6,6.0,8,Mùa mưa
2021-08-21,27.488,31.8,23.9,82.792,1.0,1.0,0,10.0,20.2,27.249,84.875,19.6,19.6,27.261,84.577,49.9,49.9,6.0,8,Mùa mưa
2021-08-22,27.517,31.8,24.9,84.125,7.4,7.4,2,17.3,30.6,27.386,84.458,15.8,15.8,27.354,84.69,57.3,57.3,7.0,8,Mùa mưa
2021-08-23,27.15,31.6,24.9,85.417,22.0,22.0,3,15.8,28.1,27.385,84.111,30.4,30.4,27.261,85.286,75.6,75.6,7.0,8,Mùa mưa
2021-08-24,26.483,29.4,24.4,88.5,11.4,11.4,3,16.7,29.2,27.05,86.014,40.8,40.8,27.163,85.405,75.5,75.5,7.0,8,Mùa mưa
2021-08-25,25.467,28.6,24.0,90.917,10.1,10.1,3,17.6,31.0,26.367,88.278,43.5,43.5,26.909,86.226,70.5,70.5,7.0,8,Mùa mưa
2021-08-26,25.433,28.4,23.6,91.125,17.2,17.2,51,16.6,31.0,25.794,90.181,38.7,38.7,26.67,87.048,76.5,76.5,7.0,8,Mùa mưa
2021-08-27,26.446,31.2,23.5,88.333,18.1,18.1,3,18.7,34.6,25.782,90.125,45.4,45.4,26.569,87.315,87.2,87.2,7.0,8,Mùa mưa
2021-08-28,25.996,29.9,23.8,87.292,20.2,20.2,51,9.3,24.8,25.958,88.917,55.5,55.5,26.356,87.958,106.4,106.4,7.0,8,Mùa mưa
2021-08-29,26.275,29.8,23.3,87.583,33.1,33.1,51,11.1,24.5,26.239,87.736,71.4,71.4,26.179,88.452,132.1,132.1,7.0,8,Mùa mưa
2021-08-30,26.342,30.1,23.5,89.083,21.4,21.4,51,12.3,24.1,26.204,87.986,74.7,74.7,26.063,88.976,131.5,131.5,7.0,8,Mùa mưa
2021-08-31,26.717,30.8,23.9,88.125,13.8,13.8,3,12.3,25.2,26.444,88.264,68.3,68.3,26.096,88.923,133.9,133.9,7.0,8,Mùa mưa
2021-09-01,26.688,31.0,23.9,87.5,9.5,9.5,3,12.3,23.8,26.582,88.236,44.7,44.7,26.271,88.435,133.3,133.3,7.0,9,Mùa mưa
2021-09-02,26.671,29.5,24.1,87.083,30.0,30.0,51,13.3,25.2,26.692,87.569,53.3,53.3,26.448,87.857,146.1,146.1,7.0,9,Mùa mưa
2021-09-03,26.292,30.1,23.9,87.292,10.4,10.4,51,16.1,34.6,26.55,87.292,49.9,49.9,26.426,87.708,138.4,138.4,7.0,9,Mùa mưa
2021-09-04,26.067,29.1,24.2,88.125,25.2,25.2,51,18.8,34.6,26.343,87.5,65.6,65.6,26.436,87.827,143.4,143.4,7.0,9,Mùa mưa
2021-09-05,26.108,30.0,24.1,87.292,17.0,17.0,51,14.0,31.3,26.156,87.569,52.6,52.6,26.412,87.786,127.3,127.3,7.0,9,Mùa mưa
2021-09-06,26.396,30.6,23.3,86.792,9.7,9.7,2,11.6,25.6,26.19,87.403,51.9,51.9,26.42,87.458,115.6,115.6,7.0,9,Mùa mưa
2021-09-07,26.521,30.6,24.2,87.833,9.6,9.6,3,16.6,32.0,26.342,87.306,36.3,36.3,26.392,87.417,111.4,111.4,7.0,9,Mùa mưa
2021-09-08,26.767,30.8,24.3,87.458,5.4,5.4,3,17.6,35.6,26.561,87.361,24.7,24.7,26.403,87.411,107.3,107.3,7.0,9,Mùa mưa
2021-09-09,26.375,30.0,24.3,87.5,16.0,16.0,51,18.9,42.5,26.554,87.597,31.0,31.0,26.361,87.47,93.3,93.3,7.0,9,Mùa mưa
2021-09-10,26.875,30.5,24.9,86.833,5.6,5.6,51,21.2,39.6,26.672,87.264,27.0,27.0,26.444,87.405,88.5,88.5,7.0,9,Mùa mưa
2021-09-11,27.242,30.9,25.0,82.958,2.7,2.7,51,26.0,53.3,26.831,85.764,24.3,24.3,26.612,86.667,66.0,66.0,7.0,9,Mùa mưa
2021-09-12,27.662,31.0,25.2,80.792,1.1,1.1,3,27.2,52.2,27.26,83.528,9.4,9.4,26.834,85.738,50.1,50.1,7.0,9,Mùa mưa
2021-09-13,26.858,31.0,25.1,86.625,22.3,22.3,3,14.9,37.1,27.254,83.458,26.1,26.1,26.9,85.714,62.7,62.7,7.0,9,Mùa mưa
2021-09-14,26.2,29.4,24.4,89.917,30.1,30.1,51,13.3,28.8,26.907,85.778,53.5,53.5,26.854,86.012,83.2,83.2,7.0,9,Mùa mưa
2021-09-15,26.125,30.1,23.9,88.542,26.1,26.1,51,14.0,30.6,26.394,88.361,78.5,78.5,26.762,86.167,103.9,103.9,7.0,9,Mùa mưa
2021-09-16,26.929,30.1,24.5,87.875,3.2,3.2,3,9.7,18.7,26.418,88.778,59.4,59.4,26.842,86.22,91.1,91.1,7.0,9,Mùa mưa
2021-09-17,27.183,31.5,23.9,86.083,17.4,17.4,3,8.9,18.7,26.746,87.5,46.7,46.7,26.886,86.113,102.9,102.9,7.0,9,Mùa mưa
2021-09-18,27.379,31.8,24.6,86.25,8.1,8.1,51,8.5,25.6,27.164,86.736,28.7,28.7,26.905,86.583,108.3,108.3,7.0,9,Mùa mưa
2021-09-19,25.325,27.9,23.8,91.25,27.1,27.1,51,13.6,32.8,26.629,87.861,52.6,52.6,26.571,88.077,134.3,134.3,7.0,9,Mùa mưa
2021-09-20,25.846,30.5,23.4,89.708,14.0,14.0,51,16.1,38.2,26.183,89.069,49.2,49.2,26.427,88.518,126.0,126.0,7.0,9,Mùa mưa
2021-09-21,26.608,30.4,23.9,86.917,5.2,5.2,3,17.0,33.8,25.926,89.292,46.3,46.3,26.485,88.089,101.1,101.1,7.0,9,Mùa mưa
2021-09-22,26.421,30.0,23.8,87.875,8.6,8.6,1,11.2,37.1,26.292,88.167,27.8,27.8,26.527,87.994,83.6,83.6,7.0,9,Mùa mưa
2021-09-23,26.517,30.4,24.5,89.0,4.7,4.7,3,11.6,34.6,26.515,87.931,18.5,18.5,26.468,88.155,85.1,85.1,7.0,9,Mùa mưa
2021-09-24,26.425,29.9,24.5,90.208,14.7,14.7,3,15.8,36.0,26.454,89.028,28.0,28.0,26.36,88.744,82.4,82.4,7.0,9,Mùa mưa
2021-09-25,26.496,30.5,24.4,89.167,15.1,15.1,51,17.4,33.5,26.479,89.458,34.5,34.5,26.234,89.161,89.4,89.4,7.0,9,Mùa mưa
2021-09-26,26.738,31.0,23.9,87.375,5.5,5.5,3,12.3,27.7,26.553,88.917,35.3,35.3,26.436,88.607,67.8,67.8,7.0,9,Mùa mưa
2021-09-27,27.7,31.7,24.6,83.958,4.5,4.5,51,13.8,25.9,26.978,86.833,25.1,25.1,26.701,87.786,58.3,58.3,7.0,9,Mùa mưa
2021-09-28,27.65,31.9,25.0,86.208,3.3,3.3,51,10.3,23.4,27.362,85.847,13.3,13.3,26.849,87.685,56.4,56.4,7.0,9,Mùa mưa
2021-09-29,27.421,31.6,24.7,85.583,6.1,6.1,51,12.9,23.8,27.59,85.25,13.9,13.9,26.992,87.357,53.9,53.9,7.0,9,Mùa mưa
2021-09-30,26.767,29.9,24.4,88.583,10.9,10.9,3,9.6,20.9,27.279,86.792,20.3,20.3,27.028,87.298,60.1,60.1,7.0,9,Mùa mưa
2021-10-01,26.862,30.9,24.6,88.25,25.2,25.2,3,8.8,23.0,27.017,87.472,42.2,42.2,27.09,87.018,70.6,70.6,7.0,10,Mùa mưa
2021-10-02,26.1,29.9,23.9,90.0,26.8,26.8,51,10.3,27.4,26.576,88.944,62.9,62.9,27.034,87.137,82.3,82.3,7.0,10,Mùa mưa
2021-10-03,26.242,29.2,23.9,88.917,4.4,4.4,3,7.6,19.8,26.401,89.056,56.4,56.4,26.963,87.357,81.2,81.2,7.0,10,Mùa mưa
2021-10-04,27.5,31.1,24.6,84.417,3.0,3.0,3,8.2,18.4,26.614,87.778,34.2,34.2,26.935,87.423,79.7,79.7,7.0,10,Mùa mưa
2021-10-05,26.738,30.5,24.3,86.583,27.4,27.4,51,11.8,29.5,26.826,86.639,34.8,34.8,26.804,87.476,103.8,103.8,7.0,10,Mùa mưa
2021-10-06,25.85,27.9,24.0,91.167,12.4,12.4,51,9.2,18.4,26.696,87.389,42.8,42.8,26.58,88.274,110.1,110.1,7.0,10,Mùa mưa
2021-10-07,25.992,28.0,24.4,90.833,9.7,9.7,51,12.6,25.6,26.193,89.528,49.5,49.5,26.469,88.595,108.9,108.9,7.0,10,Mùa mưa
2021-10-08,26.396,29.2,25.0,89.5,9.9,9.9,51,21.3,41.0,26.079,90.5,32.0,32.0,26.402,88.774,93.6,93.6,7.0,10,Mùa mưa
2021-10-09,26.779,29.5,24.9,88.208,9.3,9.3,3,21.3,46.8,26.389,89.514,28.9,28.9,26.499,88.518,76.1,76.1,7.0,10,Mùa mưa
2021-10-10,27.45,32.2,25.1,85.125,9.2,9.2,3,19.6,46.4,26.875,87.611,28.4,28.4,26.672,87.976,80.9,80.9,7.0,10,Mùa mưa
2021-10-11,26.542,28.7,25.3,89.583,20.4,20.4,3,15.4,34.2,26.924,87.639,38.9,38.9,26.535,88.714,98.3,98.3,7.0,10,Mùa mưa
2021-10-12,25.971,29.0,24.5,88.542,35.3,35.3,61,25.3,43.9,26.654,87.75,64.9,64.9,26.426,88.994,106.2,106.2,7.0,10,Mùa mưa
2021-10-13,26.146,30.2,24.5,87.917,19.6,19.6,51,20.7,43.2,26.219,88.681,75.3,75.3,26.468,88.53,113.4,113.4,7.0,10,Mùa mưa
2021-10-14,26.562,31.2,24.2,89.083,12.0,12.0,3,21.7,44.6,26.226,88.514,66.9,66.9,26.549,88.28,115.7,115.7,7.0,10,Mùa mưa
2021-10-15,26.762,31.2,24.0,86.875,17.0,17.0,3,15.3,29.2,26.49,87.958,48.6,48.6,26.602,87.905,122.8,122.8,7.0,10,Mùa mưa
2021-10-16,25.754,28.0,24.0,90.167,24.6,24.6,51,10.1,25.6,26.36,88.708,53.6,53.6,26.455,88.185,138.1,138.1,7.0,10,Mùa mưa
2021-10-17,25.692,29.4,23.6,88.542,12.4,12.4,3,13.8,25.6,26.069,88.528,54.0,54.0,26.204,88.673,141.3,141.3,7.0,10,Mùa mưa
2021-10-18,26.992,30.8,23.7,84.917,1.2,1.2,3,14.9,24.8,26.146,87.875,38.2,38.2,26.268,88.006,122.1,122.1,7.0,10,Mùa mưa
2021-10-19,27.183,30.5,24.6,86.333,2.3,2.3,3,14.5,26.6,26.622,86.597,15.9,15.9,26.442,87.69,89.1,89.1,7.0,10,Mùa mưa
2021-10-20,25.658,28.8,24.0,91.417,25.3,25.3,3,11.9,27.0,26.611,87.556,28.8,28.8,26.372,88.19,94.8,94.8,7.0,10,Mùa mưa
2021-10-21,26.683,30.5,23.8,85.292,3.9,3.9,3,11.3,19.8,26.508,87.681,31.5,31.5,26.389,87.649,86.7,86.7,7.0,10,Mùa mưa
2021-10-22,26.2,29.7,24.0,88.667,12.7,12.7,3,12.7,27.0,26.181,88.458,41.9,41.9,26.309,87.905,82.4,82.4,7.0,10,Mùa mưa
2021-10-23,25.958,30.5,23.4,88.042,5.1,5.1,3,11.1,18.7,26.281,87.333,21.7,21.7,26.338,87.601,62.9,62.9,7.0,10,Mùa mưa
2021-10-24,26.35,31.1,23.5,87.375,3.0,3.0,3,6.4,18.0,26.169,88.028,20.8,20.8,26.432,87.435,53.5,53.5,7.0,10,Mùa mưa
2021-10-25,26.725,30.6,23.9,86.167,4.6,4.6,3,12.3,23.4,26.344,87.194,12.7,12.7,26.394,87.613,56.9,56.9,7.0,10,Mùa mưa
2021-10-26,26.954,31.2,24.0,81.167,1.1,1.1,3,12.2,24.8,26.676,84.903,8.7,8.7,26.361,86.875,55.7,55.7,7.0,10,Mùa mưa
2021-10-27,26.15,29.4,24.1,85.333,6.3,6.3,3,14.0,29.2,26.61,84.222,12.0,12.0,26.432,86.006,36.7,36.7,7.0,10,Mùa mưa
2021-10-28,27.021,31.0,23.5,83.542,0.9,0.9,3,16.2,27.7,26.708,83.347,8.3,8.3,26.48,85.756,33.7,33.7,7.0,10,Mùa mưa
2021-10-29,26.804,31.4,24.1,85.292,10.2,10.2,0,14.8,32.4,26.658,84.722,17.4,17.4,26.566,85.274,31.2,31.2,7.0,10,Mùa mưa
2021-10-30,26.525,31.6,23.3,86.0,4.0,4.0,3,18.3,31.7,26.783,84.944,15.1,15.1,26.647,84.982,30.1,30.1,7.0,10,Mùa mưa
2021-10-31,26.238,30.5,24.0,87.375,23.8,23.8,3,13.9,40.0,26.522,86.222,38.0,38.0,26.631,84.982,50.9,50.9,7.0,10,Mùa mưa
2021-11-01,26.621,31.2,23.8,88.292,10.9,10.9,3,10.9,40.7,26.461,87.222,38.7,38.7,26.616,85.286,57.2,57.2,7.0,11,Mùa mưa
2021-11-02,26.862,31.3,23.0,83.042,0.0,0.0,3,11.2,21.6,26.574,86.236,34.7,34.7,26.603,85.554,56.1,56.1,6.0,11,Mùa mưa
2021-11-03,27.287,31.6,23.5,81.5,0.9,0.9,3,12.9,26.6,26.924,84.278,11.8,11.8,26.765,85.006,50.7,50.7,6.0,11,Mùa mưa
2021-11-04,27.279,31.3,23.7,81.083,0.4,0.4,3,16.2,29.9,27.143,81.875,1.3,1.3,26.802,84.655,50.2,50.2,6.0,11,Mùa mưa
2021-11-05,26.792,31.5,23.9,86.917,6.7,6.7,3,15.8,37.4,27.119,83.167,8.0,8.0,26.801,84.887,46.7,46.7,6.0,11,Mùa mưa
2021-11-06,27.008,30.9,24.5,85.667,3.8,3.8,3,13.0,20.9,27.026,84.556,10.9,10.9,26.87,84.839,46.5,46.5,6.0,11,Mùa mưa
2021-11-07,27.408,30.8,24.7,85.333,1.2,1.2,3,14.4,23.0,27.069,85.972,11.7,11.7,27.037,84.548,23.9,23.9,6.0,11,Mùa mưa
2021-11-08,27.796,31.8,24.6,83.708,2.6,2.6,3,18.4,32.0,27.404,84.903,7.6,7.6,27.205,83.893,15.6,15.6,6.0,11,Mùa mưa
2021-11-09,26.633,29.4,23.5,85.958,2.8,2.8,3,8.4,25.9,27.279,85.0,6.6,6.6,27.172,84.31,18.4,18.4,7.0,11,Mùa mưa
2021-11-10,27.229,31.1,24.1,82.167,3.6,3.6,3,9.4,29.9,27.219,83.944,9.0,9.0,27.164,84.405,21.1,21.1,7.0,11,Mùa mưa
2021-11-11,25.683,28.8,24.0,91.25,21.2,21.2,51,14.1,31.7,26.515,86.458,27.6,27.6,26.936,85.857,41.9,41.9,7.0,11,Mùa mưa
2021-11-12,25.9,30.8,23.5,88.542,14.9,14.9,3,8.7,27.7,26.271,87.319,39.7,39.7,26.808,86.089,50.1,50.1,7.0,11,Mùa mưa
2021-11-13,26.175,30.4,23.1,86.667,9.3,9.3,3,15.2,28.4,25.919,88.819,45.4,45.4,26.689,86.232,55.6,55.6,7.0,11,Mùa mưa
2021-11-14,25.238,27.5,23.8,91.292,11.7,11.7,3,7.9,20.5,25.771,88.833,35.9,35.9,26.379,87.083,66.1,66.1,7.0,11,Mùa mưa
2021-11-15,25.958,29.5,23.4,89.292,16.1,16.1,3,14.7,34.6,25.79,89.083,37.1,37.1,26.117,87.881,79.6,79.6,7.0,11,Mùa mưa
2021-11-16,25.85,29.4,23.9,89.917,13.9,13.9,3,10.9,32.8,25.682,90.167,41.7,41.7,26.005,88.446,90.7,90.7,7.0,11,Mùa mưa
2021-11-17,26.146,30.5,23.8,89.708,12.7,12.7,3,13.2,38.9,25.985,89.639,42.7,42.7,25.85,89.524,99.8,99.8,7.0,11,Mùa mưa
2021-11-18,26.175,30.5,23.9,89.25,13.6,13.6,3,18.7,36.4,26.057,89.625,40.2,40.2,25.92,89.238,92.2,92.2,7.0,11,Mùa mưa
2021-11-19,26.558,30.9,23.3,85.875,1.1,1.1,3,10.7,21.6,26.293,88.278,27.4,27.4,26.014,88.857,78.4,78.4,7.0,11,Mùa mưa
2021-11-20,25.971,30.0,23.8,90.792,14.9,14.9,3,13.2,28.1,26.235,88.639,29.6,29.6,25.985,89.446,84.0,84.0,7.0,11,Mùa mưa
2021-11-21,26.533,31.1,22.9,86.625,8.7,8.7,3,12.6,28.4,26.354,87.764,24.7,24.7,26.17,88.78,81.0,81.0,7.0,11,Mùa mưa
2021-11-22,26.171,28.9,24.5,88.125,6.7,6.7,3,17.9,39.6,26.225,88.514,30.3,30.3,26.201,88.613,71.6,71.6,7.0,11,Mùa mưa
2021-11-23,26.412,30.8,22.9,86.708,11.4,11.4,3,9.7,25.2,26.372,87.153,26.8,26.8,26.281,88.155,69.1,69.1,7.0,11,Mùa mưa
2021-11-24,26.65,31.1,23.4,83.375,12.7,12.7,3,7.6,22.0,26.411,86.069,30.8,30.8,26.353,87.25,69.1,69.1,7.0,11,Mùa mưa
2021-11-25,26.029,30.5,23.5,87.125,2.4,2.4,3,14.0,26.3,26.364,85.736,26.5,26.5,26.332,86.946,57.9,57.9,7.0,11,Mùa mưa
2021-11-26,26.463,30.5,22.9,76.958,0.3,0.3,3,12.3,20.2,26.381,82.486,15.4,15.4,26.318,85.673,57.1,57.1,7.0,11,Mùa mưa
2021-11-27,24.921,27.8,23.3,83.25,4.0,4.0,3,15.0,26.3,25.804,82.444,6.7,6.7,26.168,84.595,46.2,46.2,7.0,11,Mùa mưa
2021-11-28,25.321,29.5,22.8,86.958,27.0,27.0,3,12.0,27.4,25.568,82.389,31.3,31.3,25.995,84.643,64.5,64.5,7.0,11,Mùa mưa
2021-11-29,25.404,27.5,23.7,89.875,3.1,3.1,51,11.2,27.4,25.215,86.694,34.1,34.1,25.886,84.893,60.9,60.9,7.0,11,Mùa mưa
2021-11-30,25.412,27.5,23.3,89.0,7.1,7.1,51,20.5,33.1,25.379,88.611,37.2,37.2,25.743,85.22,56.6,56.6,7.0,11,Mùa mưa
2021-12-01,25.567,29.5,22.4,84.458,1.0,1.0,3,9.7,19.8,25.461,87.778,11.2,11.2,25.588,85.375,44.9,44.9,7.0,12,Mùa khô
2021-12-02,25.254,29.8,21.1,78.25,0.0,0.0,3,8.2,14.0,25.411,83.903,8.1,8.1,25.477,84.107,42.5,42.5,6.0,12,Mùa khô
2021-12-03,24.742,28.8,20.9,76.917,0.0,0.0,3,11.2,18.0,25.188,79.875,1.0,1.0,25.232,84.101,42.2,42.2,5.0,12,Mùa khô
2021-12-04,23.779,27.9,19.8,76.625,0.0,0.0,3,10.6,18.4,24.592,77.264,0.0,0.0,25.068,83.155,38.2,38.2,4.0,12,Mùa khô
2021-12-05,23.658,28.8,17.9,74.75,0.0,0.0,3,12.3,23.0,24.06,76.097,0.0,0.0,24.831,81.411,11.2,11.2,3.0,12,Mùa khô
2021-12-06,25.162,29.5,20.9,79.583,0.4,0.4,0,11.4,20.9,24.2,76.986,0.4,0.4,24.796,79.94,8.5,8.5,3.0,12,Mùa khô
2021-12-07,25.254,29.5,20.8,78.5,0.0,0.0,3,8.6,17.6,24.692,77.611,0.4,0.4,24.774,78.44,1.4,1.4,2.0,12,Mùa khô
2021-12-08,25.546,30.5,20.2,76.958,0.0,0.0,0,9.7,18.4,25.321,78.347,0.4,0.4,24.771,77.369,0.4,0.4,1.0,12,Mùa khô
2021-12-09,25.683,30.1,22.2,85.042,3.6,3.6,1,11.7,28.4,25.494,80.167,3.6,3.6,24.832,78.339,4.0,4.0,2.0,12,Mùa khô
2021-12-10,25.617,30.0,21.2,78.25,0.0,0.0,3,10.7,20.9,25.615,80.083,3.6,3.6,24.957,78.53,4.0,4.0,2.0,12,Mùa khô
2021-12-11,24.879,30.0,19.5,77.958,0.0,0.0,3,8.8,17.6,25.393,80.417,3.6,3.6,25.114,78.72,4.0,4.0,2.0,12,Mùa khô
2021-12-12,26.171,30.7,21.8,79.458,0.0,0.0,3,9.4,16.2,25.556,78.556,0.0,0.0,25.473,79.393,4.0,4.0,2.0,12,Mùa khô
2021-12-13,26.492,30.6,23.2,75.167,0.0,0.0,3,11.9,23.4,25.847,77.528,0.0,0.0,25.663,78.762,3.6,3.6,1.0,12,Mùa khô
2021-12-14,26.517,30.6,22.5,72.208,0.0,0.0,3,8.9,16.9,26.393,75.611,0.0,0.0,25.843,77.863,3.6,3.6,1.0,12,Mùa khô
2021-12-15,26.838,31.5,22.9,76.792,0.0,0.0,3,9.7,18.7,26.615,74.722,0.0,0.0,26.028,77.839,3.6,3.6,1.0,12,Mùa khô
2021-12-16,27.562,31.9,23.8,79.292,0.2,0.2,0,11.5,22.3,26.972,76.097,0.2,0.2,26.296,77.018,0.2,0.2,1.0,12,Mùa khô
2021-12-17,27.529,32.5,24.2,76.542,1.0,1.0,3,15.9,24.8,27.31,77.542,1.2,1.2,26.57,76.774,1.2,1.2,2.0,12,Mùa khô
2021-12-18,27.396,33.0,21.9,64.75,0.0,0.0,3,18.8,29.5,27.496,73.528,1.2,1.2,26.929,74.887,1.2,1.2,2.0,12,Mùa khô
2021-12-19,26.758,29.9,24.3,55.0,0.0,0.0,3,22.7,36.7,27.228,65.431,1.0,1.0,27.013,71.393,1.2,1.2,2.0,12,Mùa khô
2021-12-20,25.954,29.9,21.6,65.667,0.0,0.0,3,10.6,22.7,26.703,61.806,0.0,0.0,26.936,70.036,1.2,1.2,2.0,12,Mùa khô
2021-12-21,26.833,31.8,22.2,72.75,0.0,0.0,0,14.8,27.4,26.515,64.472,0.0,0.0,26.982,70.113,1.2,1.2,2.0,12,Mùa khô
2021-12-22,26.938,32.0,23.8,75.917,2.0,2.0,3,15.6,29.9,26.575,71.444,2.0,2.0,26.996,69.988,3.2,3.2,3.0,12,Mùa khô
2021-12-23,26.875,32.0,23.0,75.333,0.0,0.0,1,15.2,25.9,26.882,74.667,2.0,2.0,26.898,69.423,3.0,3.0,2.0,12,Mùa khô
2021-12-24,26.904,31.5,22.6,72.542,0.2,0.2,3,12.7,20.5,26.906,74.597,2.2,2.2,26.808,68.851,2.2,2.2,2.0,12,Mùa khô
2021-12-25,27.479,32.6,22.5,70.625,0.2,0.2,0,9.7,28.1,27.086,72.833,0.4,0.4,26.82,69.69,2.4,2.4,3.0,12,Mùa khô
2021-12-26,27.846,32.6,22.8,69.417,0.0,0.0,0,10.1,23.4,27.41,70.861,0.4,0.4,26.976,71.75,2.4,2.4,3.0,12,Mùa khô
2021-12-27,26.954,32.0,23.2,77.458,6.2,6.2,3,9.7,28.4,27.426,72.5,6.4,6.4,27.118,73.435,8.6,8.6,4.0,12,Mùa khô
2021-12-28,26.496,31.9,23.1,81.458,4.9,4.9,3,16.3,30.6,27.099,76.111,11.1,11.1,27.07,74.679,13.5,13.5,5.0,12,Mùa khô
2021-12-29,26.588,30.5,23.0,78.208,0.2,0.2,3,11.0,24.8,26.679,79.042,11.3,11.3,27.02,75.006,11.7,11.7,5.0,12,Mùa khô
2021-12-30,27.287,32.7,22.6,63.792,1.3,1.3,3,15.8,29.5,26.79,74.486,6.4,6.4,27.079,73.357,13.0,13.0,6.0,12,Mùa khô
2021-12-31,27.096,31.9,22.5,60.625,0.0,0.0,3,14.1,26.3,26.99,67.542,1.5,1.5,27.107,71.655,12.8,12.8,5.0,12,Mùa khô
2022-01-01,27.325,32.9,23.0,58.208,0.0,0.0,3,14.5,23.8,27.236,60.875,1.3,1.3,27.085,69.881,12.6,12.6,4.0,1,Mùa khô
2022-01-02,27.946,33.0,23.1,60.0,0.0,0.0,3,11.2,23.4,27.456,59.611,0.0,0.0,27.099,68.536,12.6,12.6,4.0,1,Mùa khô
2022-01-03,27.821,32.2,24.3,66.458,0.2,0.2,3,12.7,21.6,27.697,61.556,0.2,0.2,27.223,66.964,6.6,6.6,4.0,1,Mùa khô
2022-01-04,27.717,33.2,23.2,67.167,1.4,1.4,3,16.9,34.6,27.828,64.542,1.6,1.6,27.397,64.923,3.1,3.1,4.0,1,Mùa khô
2022-01-05,27.617,32.2,23.4,69.75,0.9,0.9,3,12.6,28.4,27.718,67.792,2.5,2.5,27.544,63.714,3.8,3.8,4.0,1,Mùa khô
2022-01-06,27.371,31.4,24.0,75.375,1.1,1.1,3,12.1,24.1,27.568,70.764,3.4,3.4,27.556,65.369,3.6,3.6,4.0,1,Mùa khô
2022-01-07,27.546,32.8,23.6,73.958,0.4,0.4,0,15.3,27.0,27.511,73.028,2.4,2.4,27.62,67.274,4.0,4.0,5.0,1,Mùa khô
2022-01-08,27.562,33.8,23.1,68.292,0.1,0.1,0,16.4,28.8,27.493,72.542,1.6,1.6,27.654,68.714,4.1,4.1,6.0,1,Mùa khô
2022-01-09,27.196,32.8,22.3,71.583,0.0,0.0,0,18.9,30.6,27.435,71.278,0.5,0.5,27.547,70.369,4.1,4.1,6.0,1,Mùa khô
2022-01-10,27.579,31.8,24.0,69.083,2.9,2.9,1,12.8,22.0,27.446,69.653,3.0,3.0,27.512,70.744,6.8,6.8,6.0,1,Mùa khô
2022-01-11,27.567,33.7,23.2,64.25,0.1,0.1,0,21.0,34.9,27.447,68.306,3.0,3.0,27.491,70.327,5.5,5.5,6.0,1,Mùa khô
2022-01-12,26.854,32.8,21.9,59.833,0.0,0.0,3,18.0,29.5,27.333,64.389,3.0,3.0,27.382,68.911,4.6,4.6,5.0,1,Mùa khô
2022-01-13,26.612,32.7,22.2,63.75,0.0,0.0,3,19.2,31.7,27.011,62.611,0.1,0.1,27.274,67.25,3.5,3.5,4.0,1,Mùa khô
2022-01-14,26.642,32.8,21.0,56.083,0.0,0.0,3,15.9,29.2,26.703,59.889,0.0,0.0,27.145,64.696,3.1,3.1,3.0,1,Mùa khô
2022-01-15,26.688,33.0,21.3,63.875,0.0,0.0,0,17.9,30.6,26.647,61.236,0.0,0.0,27.02,64.065,3.0,3.0,2.0,1,Mùa khô
2022-01-16,26.975,33.7,21.5,63.208,0.0,0.0,0,19.1,35.6,26.768,61.056,0.0,0.0,26.988,62.869,3.0,3.0,2.0,1,Mùa khô
2022-01-17,27.421,32.0,23.1,63.292,0.4,0.4,3,16.3,26.6,27.028,63.458,0.4,0.4,26.965,62.042,0.5,0.5,2.0,1,Mùa khô
2022-01-18,27.571,34.0,22.5,62.25,0.0,0.0,0,17.7,34.6,27.322,62.917,0.4,0.4,26.966,61.756,0.4,0.4,1.0,1,Mùa khô
2022-01-19,27.2,33.3,22.5,64.583,0.0,0.0,3,17.7,30.2,27.397,63.375,0.4,0.4,27.015,62.435,0.4,0.4,1.0,1,Mùa khô
2022-01-20,27.271,33.0,22.5,65.0,0.8,0.8,0,18.2,31.3,27.347,63.944,0.8,0.8,27.11,62.613,1.2,1.2,2.0,1,Mùa khô
2022-01-21,27.229,32.9,22.9,67.583,0.1,0.1,0,18.9,32.8,27.233,65.722,0.9,0.9,27.193,64.256,1.3,1.3,3.0,1,Mùa khô
2022-01-22,27.221,33.7,23.0,67.5,0.0,0.0,0,22.0,36.4,27.24,66.694,0.9,0.9,27.27,64.774,1.3,1.3,3.0,1,Mùa khô
2022-01-23,27.275,32.7,23.2,71.042,0.2,0.2,0,15.2,26.6,27.242,68.708,0.3,0.3,27.312,65.893,1.5,1.5,4.0,1,Mùa khô
2022-01-24,27.471,33.2,23.2,73.25,0.0,0.0,3,17.7,28.1,27.322,70.597,0.2,0.2,27.32,67.315,1.1,1.1,3.0,1,Mùa khô
2022-01-25,27.071,32.1,23.3,75.0,1.1,1.1,3,16.6,31.7,27.272,73.097,1.3,1.3,27.248,69.137,2.2,2.2,4.0,1,Mùa khô
2022-01-26,27.838,34.2,23.2,70.917,0.2,0.2,0,22.4,36.7,27.46,73.056,1.3,1.3,27.339,70.042,2.4,2.4,5.0,1,Mùa khô
2022-01-27,27.796,34.8,23.2,70.542,0.1,0.1,3,22.4,36.0,27.568,72.153,1.4,1.4,27.414,70.833,1.7,1.7,5.0,1,Mùa khô
2022-01-28,28.338,34.8,22.6,66.917,0.0,0.0,3,11.3,25.2,27.99,69.458,0.3,0.3,27.573,70.738,1.6,1.6,4.0,1,Mùa khô
2022-01-29,27.838,33.8,23.3,72.542,0.3,0.3,0,19.0,31.0,27.99,70.0,0.4,0.4,27.661,71.458,1.9,1.9,5.0,1,Mùa khô
2022-01-30,27.562,32.4,24.4,72.083,0.3,0.3,1,20.3,34.9,27.912,70.514,0.6,0.6,27.702,71.607,2.0,2.0,5.0,1,Mùa khô
2022-01-31,27.787,34.2,23.5,67.583,0.0,0.0,0,20.8,35.6,27.729,70.736,0.6,0.6,27.747,70.798,2.0,2.0,5.0,1,Mùa khô
2022-02-01,28.533,36.0,23.6,60.875,0.0,0.0,0,25.0,41.4,27.961,66.847,0.3,0.3,27.956,68.78,0.9,0.9,4.0,2,Mùa khô
2022-02-02,28.608,35.7,23.9,60.125,0.0,0.0,2,20.2,35.3,28.31,62.861,0.0,0.0,28.066,67.238,0.7,0.7,3.0,2,Mùa khô
2022-02-03,28.704,35.3,23.6,62.083,0.1,0.1,0,19.2,33.5,28.615,61.028,0.1,0.1,28.196,66.03,0.7,0.7,3.0,2,Mùa khô
2022-02-04,29.238,35.5,24.4,61.5,0.2,0.2,2,16.6,29.2,28.85,61.236,0.3,0.3,28.324,65.256,0.9,0.9,4.0,2,Mùa khô
2022-02-05,29.062,34.4,24.0,58.625,0.3,0.3,3,11.8,24.8,29.001,60.736,0.6,0.6,28.499,63.268,0.9,0.9,4.0,2,Mùa khô
2022-02-06,28.638,35.5,23.7,56.208,0.4,0.4,3,20.5,38.2,28.979,58.778,0.9,0.9,28.653,61.0,1.0,1.0,4.0,2,Mùa khô
2022-02-07,29.125,35.8,24.5,60.542,0.4,0.4,1,17.6,34.6,28.942,58.458,1.1,1.1,28.844,59.994,1.4,1.4,5.0,2,Mùa khô
2022-02-08,29.292,35.5,25.2,57.875,1.0,1.0,3,17.5,30.6,29.018,58.208,1.8,1.8,28.952,59.565,2.4,2.4,6.0,2,Mùa khô
2022-02-09,29.262,35.5,24.8,57.958,0.1,0.1,3,18.7,31.7,29.226,58.792,1.5,1.5,29.046,59.256,2.5,2.5,7.0,2,Mùa khô
2022-02-10,29.4,36.0,24.8,59.167,1.0,1.0,3,17.1,33.5,29.318,58.333,2.1,2.1,29.145,58.839,3.4,3.4,7.0,2,Mùa khô
2022-02-11,28.925,35.2,24.6,60.583,0.4,0.4,3,18.5,30.6,29.196,59.236,1.5,1.5,29.101,58.708,3.6,3.6,7.0,2,Mùa khô
2022-02-12,28.821,35.0,25.4,61.625,0.2,0.2,3,20.3,35.6,29.049,60.458,1.6,1.6,29.066,59.137,3.5,3.5,7.0,2,Mùa khô
2022-02-13,27.858,33.5,24.9,71.042,8.1,8.1,3,18.9,41.8,28.535,64.417,8.7,8.7,28.955,61.256,11.2,11.2,7.0,2,Mùa khô
2022-02-14,28.654,34.3,24.8,69.833,0.1,0.1,0,19.8,35.3,28.444,67.5,8.4,8.4,28.888,62.583,10.9,10.9,7.0,2,Mùa khô
2022-02-15,28.433,34.2,24.6,67.583,1.2,1.2,0,27.0,43.9,28.315,69.486,9.4,9.4,28.765,63.97,11.1,11.1,7.0,2,Mùa khô
2022-02-16,28.388,34.1,24.7,67.125,0.1,0.1,0,24.9,41.4,28.492,68.181,1.4,1.4,28.64,65.28,11.1,11.1,7.0,2,Mùa khô
2022-02-17,28.287,34.2,24.4,69.75,0.1,0.1,0,22.1,36.4,28.369,68.153,1.4,1.4,28.481,66.792,10.2,10.2,7.0,2,Mùa khô
2022-02-18,28.492,34.7,24.4,71.0,1.2,1.2,1,21.3,36.4,28.389,69.292,1.4,1.4,28.419,68.28,11.0,11.0,7.0,2,Mùa khô
2022-02-19,28.438,33.9,24.6,71.292,1.2,1.2,3,16.9,31.0,28.406,70.681,2.5,2.5,28.364,69.661,12.0,12.0,7.0,2,Mùa khô
2022-02-20,27.638,32.4,24.6,76.75,3.6,3.6,3,19.5,31.3,28.189,73.014,6.0,6.0,28.333,70.476,7.5,7.5,7.0,2,Mùa khô
2022-02-21,27.312,33.0,24.1,75.458,5.8,5.8,3,15.5,29.9,27.796,74.5,10.6,10.6,28.141,71.28,13.2,13.2,7.0,2,Mùa khô
2022-02-22,27.171,32.8,23.1,76.542,2.9,2.9,1,15.3,26.6,27.374,76.25,12.3,12.3,27.961,72.56,14.9,14.9,7.0,2,Mùa khô
2022-02-23,27.638,33.3,23.6,74.833,1.0,1.0,3,14.8,25.2,27.374,75.611,9.7,9.7,27.854,73.661,15.8,15.8,7.0,2,Mùa khô
2022-02-24,27.317,33.4,22.5,66.0,0.0,0.0,3,12.4,26.6,27.375,72.458,3.9,3.9,27.715,73.125,15.7,15.7,6.0,2,Mùa khô
2022-02-25,27.792,33.8,23.2,56.542,0.1,0.1,3,17.3,33.8,27.582,65.792,1.1,1.1,27.615,71.06,14.6,14.6,6.0,2,Mùa khô
2022-02-26,28.3,34.6,22.6,59.917,0.4,0.4,0,14.7,30.2,27.803,60.819,0.5,0.5,27.595,69.435,13.8,13.8,6.0,2,Mùa khô
2022-02-27,28.921,35.2,23.6,59.375,0.1,0.1,1,17.8,36.4,28.338,58.611,0.6,0.6,27.779,66.952,10.3,10.3,6.0,2,Mùa khô
2022-02-28,29.167,35.8,24.1,58.875,0.7,0.7,3,17.1,31.3,28.796,59.389,1.2,1.2,28.043,64.583,5.2,5.2,6.0,2,Mùa khô
2022-03-01,29.258,35.1,24.9,58.333,0.0,0.0,0,15.8,31.3,29.115,58.861,0.8,0.8,28.342,61.982,2.3,2.3,5.0,3,Mùa khô
2022-03-02,28.592,33.0,25.0,58.667,0.0,0.0,3,17.2,28.8,29.006,58.625,0.7,0.7,28.478,59.673,1.3,1.3,4.0,3,Mùa khô
2022-03-03,29.129,34.3,25.1,62.292,0.4,0.4,3,17.6,27.7,28.993,59.764,0.4,0.4,28.737,59.143,1.7,1.7,5.0,3,Mùa khô
2022-03-04,29.454,36.5,24.4,59.25,0.1,0.1,3,19.3,34.6,29.058,60.069,0.5,0.5,28.974,59.53,1.7,1.7,5.0,3,Mùa khô
2022-03-05,29.383,36.3,25.0,64.083,1.5,1.5,3,20.8,36.4,29.322,61.875,2.0,2.0,29.129,60.125,2.8,2.8,5.0,3,Mùa khô
2022-03-06,29.029,35.5,25.0,65.375,2.3,2.3,3,22.4,36.0,29.289,62.903,3.9,3.9,29.145,60.982,5.0,5.0,5.0,3,Mùa khô
2022-03-07,28.779,35.2,25.0,66.708,2.0,2.0,3,21.5,36.7,29.064,65.389,5.8,5.8,29.089,62.101,6.3,6.3,5.0,3,Mùa khô
2022-03-08,28.367,35.0,23.5,63.667,0.0,0.0,0,20.2,36.0,28.725,65.25,4.3,4.3,28.962,62.863,6.3,6.3,5.0,3,Mùa khô
2022-03-09,28.458,34.5,24.0,62.292,0.3,0.3,3,20.3,36.4,28.535,64.222,2.3,2.3,28.943,63.381,6.6,6.6,6.0,3,Mùa khô
2022-03-10,27.371,33.0,23.5,66.917,0.2,0.2,3,19.9,34.6,28.065,64.292,0.5,0.5,28.692,64.042,6.4,6.4,6.0,3,Mùa khô
2022-03-11,28.442,35.3,23.1,63.333,0.0,0.0,0,21.9,35.3,28.09,64.181,0.5,0.5,28.547,64.625,6.3,6.3,5.0,3,Mùa khô
2022-03-12,28.479,35.2,23.7,65.708,0.0,0.0,3,25.0,41.0,28.097,65.319,0.2,0.2,28.418,64.857,4.8,4.8,4.0,3,Mùa khô
2022-03-13,29.275,35.0,25.5,66.208,5.1,5.1,3,19.7,36.0,28.732,65.083,5.1,5.1,28.453,64.976,7.6,7.6,4.0,3,Mùa khô
2022-03-14,28.983,35.4,25.9,71.0,1.4,1.4,3,17.4,37.1,28.913,67.639,6.5,6.5,28.482,65.589,7.0,7.0,4.0,3,Mùa khô
2022-03-15,28.829,35.0,25.0,71.75,0.1,0.1,3,19.4,33.5,29.029,69.653,6.6,6.6,28.548,66.744,7.1,7.1,5.0,3,Mùa khô
2022-03-16,28.725,33.5,25.0,70.0,0.5,0.5,3,18.0,30.6,28.846,70.917,2.0,2.0,28.586,67.845,7.3,7.3,5.0,3,Mùa khô
2022-03-17,29.104,35.0,24.9,68.542,0.0,0.0,3,18.1,31.7,28.886,70.097,0.6,0.6,28.834,68.077,7.1,7.1,4.0,3,Mùa khô
2022-03-18,29.017,34.5,25.8,72.167,2.3,2.3,3,15.7,32.8,28.949,70.236,2.8,2.8,28.916,69.339,9.4,9.4,5.0,3,Mùa khô
2022-03-19,28.392,34.5,24.2,74.208,1.8,1.8,3,21.7,36.0,28.838,71.639,4.1,4.1,28.904,70.554,11.2,11.2,6.0,3,Mùa khô
2022-03-20,28.742,34.4,25.1,74.125,0.8,0.8,3,19.7,32.4,28.717,73.5,4.9,4.9,28.827,71.685,6.9,6.9,6.0,3,Mùa khô
2022-03-21,28.342,32.7,25.3,74.542,2.8,2.8,3,26.1,42.5,28.492,74.292,5.4,5.4,28.736,72.19,8.3,8.3,6.0,3,Mùa khô
2022-03-22,27.658,30.8,25.4,78.292,4.6,4.6,3,19.3,36.0,28.247,75.653,8.2,8.2,28.568,73.125,12.8,12.8,6.0,3,Mùa khô
2022-03-23,28.292,33.5,24.7,77.417,1.6,1.6,3,16.9,28.8,28.097,76.75,9.0,9.0,28.507,74.185,13.9,13.9,6.0,3,Mùa khô
2022-03-24,28.346,32.8,25.1,77.917,2.2,2.2,0,19.8,33.5,28.099,77.875,8.4,8.4,28.398,75.524,16.1,16.1,7.0,3,Mùa khô
2022-03-25,29.392,34.9,25.3,72.375,0.0,0.0,0,20.5,35.3,28.676,75.903,3.8,3.8,28.452,75.554,13.8,13.8,6.0,3,Mùa khô
2022-03-26,29.7,35.3,24.8,70.875,0.0,0.0,0,17.0,27.0,29.146,73.722,2.2,2.2,28.639,75.077,12.0,12.0,5.0,3,Mùa khô
2022-03-27,29.354,35.7,23.5,71.333,1.2,1.2,1,17.1,31.3,29.482,71.528,1.2,1.2,28.726,74.679,12.4,12.4,5.0,3,Mùa khô
2022-03-28,28.629,35.4,24.2,73.625,9.1,9.1,3,16.8,32.8,29.228,71.944,10.3,10.3,28.767,74.548,18.7,18.7,5.0,3,Mùa khô
2022-03-29,27.6,33.6,23.9,79.583,11.1,11.1,1,18.1,36.0,28.528,74.847,21.4,21.4,28.759,74.732,25.2,25.2,5.0,3,Mùa khô
2022-03-30,27.787,33.2,24.0,78.792,5.2,5.2,3,17.8,30.2,28.006,77.333,25.4,25.4,28.687,74.929,28.8,28.8,5.0,3,Mùa khô
2022-03-31,26.471,30.9,24.3,84.875,18.4,18.4,3,12.9,24.5,27.286,81.083,34.7,34.7,28.419,75.923,45.0,45.0,5.0,3,Mùa khô
2022-04-01,25.9,29.6,23.8,87.0,31.4,31.4,51,19.6,33.8,26.719,83.556,55.0,55.0,27.92,78.012,76.4,76.4,6.0,4,Mùa khô
2022-04-02,27.362,31.9,24.0,81.333,3.0,3.0,3,17.0,28.8,26.578,84.403,52.8,52.8,27.586,79.506,79.4,79.4,7.0,4,Mùa khô
2022-04-03,25.771,31.6,22.8,83.25,21.1,21.1,2,15.8,24.5,26.344,83.861,55.5,55.5,27.074,81.208,99.3,99.3,7.0,4,Mùa khô
2022-04-04,25.908,32.0,22.9,82.792,14.8,14.8,3,11.5,35.3,26.347,82.458,38.9,38.9,26.686,82.518,105.0,105.0,7.0,4,Mùa khô
2022-04-05,26.346,31.0,23.5,84.125,22.7,22.7,3,9.1,27.4,26.008,83.389,58.6,58.6,26.507,83.167,116.6,116.6,7.0,4,Mùa khô
2022-04-06,27.021,32.2,23.2,81.917,0.1,0.1,3,15.3,23.4,26.425,82.944,37.6,37.6,26.397,83.613,111.5,111.5,7.0,4,Mùa khô
2022-04-07,26.592,30.0,23.6,85.583,0.2,0.2,3,14.0,24.5,26.653,83.875,23.0,23.0,26.414,83.714,93.3,93.3,7.0,4,Mùa khô
2022-04-08,27.079,32.5,22.8,77.667,1.8,1.8,3,16.7,26.3,26.897,81.722,2.1,2.1,26.583,82.381,63.7,63.7,7.0,4,Mùa khô
2022-04-09,27.154,31.9,23.3,79.292,0.8,0.8,3,15.1,23.0,26.942,80.847,2.8,2.8,26.553,82.089,61.5,61.5,7.0,4,Mùa khô
2022-04-10,26.888,31.6,23.1,79.792,19.1,19.1,51,14.2,22.3,27.04,78.917,21.7,21.7,26.713,81.595,59.5,59.5,7.0,4,Mùa khô
2022-04-11,27.188,30.5,24.0,81.25,2.4,2.4,51,14.8,26.3,27.076,80.111,22.3,22.3,26.895,81.375,47.1,47.1,7.0,4,Mùa khô
2022-04-12,27.258,31.5,23.8,81.833,2.0,2.0,3,13.5,24.5,27.111,80.958,23.5,23.5,27.026,81.048,26.4,26.4,7.0,4,Mùa khô
2022-04-13,28.204,32.7,24.7,80.875,0.8,0.8,0,13.3,21.6,27.55,81.319,5.2,5.2,27.195,80.899,27.1,27.1,7.0,4,Mùa khô
2022-04-14,28.213,32.9,25.1,80.917,6.9,6.9,3,13.0,26.6,27.892,81.208,9.7,9.7,27.426,80.232,33.8,33.8,7.0,4,Mùa khô
2022-04-15,27.338,31.5,24.1,85.167,14.5,14.5,51,12.5,22.3,27.918,82.319,22.2,22.2,27.463,81.304,46.5,46.5,7.0,4,Mùa khô
2022-04-16,27.042,30.6,24.7,86.0,19.1,19.1,1,15.3,29.2,27.531,84.028,40.5,40.5,27.447,82.262,64.8,64.8,7.0,4,Mùa khô
2022-04-17,27.783,31.7,24.8,81.292,1.0,1.0,3,16.2,31.3,27.388,84.153,34.6,34.6,27.575,82.476,46.7,46.7,7.0,4,Mùa khô
2022-04-18,28.475,33.0,25.4,75.375,0.2,0.2,3,15.3,29.5,27.767,80.889,20.3,20.3,27.759,81.637,44.5,44.5,7.0,4,Mùa khô
2022-04-19,28.5,32.9,24.7,75.208,0.1,0.1,1,13.4,21.2,28.253,77.292,1.3,1.3,27.936,80.69,42.6,42.6,7.0,4,Mùa khô
2022-04-20,28.054,32.7,25.0,78.917,3.2,3.2,3,18.3,34.6,28.343,76.5,3.5,3.5,27.915,80.411,45.0,45.0,7.0,4,Mùa khô
2022-04-21,28.771,33.9,25.0,73.542,2.9,2.9,0,17.7,28.1,28.442,75.889,6.2,6.2,27.995,79.357,41.0,41.0,7.0,4,Mùa khô
2022-04-22,29.012,34.1,25.2,73.5,0.5,0.5,0,14.0,24.8,28.612,75.319,6.6,6.6,28.234,77.69,27.0,27.0,7.0,4,Mùa khô
2022-04-23,29.129,35.2,25.8,76.292,0.7,0.7,0,18.0,33.1,28.971,74.444,4.1,4.1,28.532,76.304,8.6,8.6,7.0,4,Mùa khô
2022-04-24,28.967,33.7,25.6,79.375,6.0,6.0,3,19.9,34.6,29.036,76.389,7.2,7.2,28.701,76.03,13.6,13.6,7.0,4,Mùa khô
2022-04-25,28.975,33.4,26.1,78.25,2.1,2.1,3,17.3,33.8,29.024,77.972,8.8,8.8,28.773,76.44,15.5,15.5,7.0,4,Mùa khô
2022-04-26,28.758,33.8,25.8,77.417,1.8,1.8,3,10.4,22.0,28.9,78.347,9.9,9.9,28.81,76.756,17.2,17.2,7.0,4,Mùa khô
2022-04-27,30.05,35.5,25.2,72.708,0.0,0.0,3,15.1,25.6,29.261,76.125,3.9,3.9,29.095,75.869,14.0,14.0,6.0,4,Mùa khô
2022-04-28,29.579,34.0,26.5,74.083,2.2,2.2,3,21.8,36.0,29.463,74.736,4.0,4.0,29.21,75.946,13.3,13.3,6.0,4,Mùa khô
2022-04-29,25.608,27.1,24.0,87.417,32.6,32.6,61,17.8,30.2,28.412,78.069,34.8,34.8,28.724,77.935,45.4,45.4,6.0,4,Mùa khô
2022-04-30,26.592,29.8,24.4,85.833,17.2,17.2,3,17.2,30.2,27.26,82.444,52.0,52.0,28.361,79.298,61.9,61.9,6.0,4,Mùa khô
2022-05-01,26.883,30.6,25.0,87.0,10.6,10.6,3,15.9,32.0,26.361,86.75,60.4,60.4,28.064,80.387,66.5,66.5,6.0,5,Mùa mưa
2022-05-02,27.096,31.5,24.4,85.292,24.6,24.6,3,15.3,29.2,26.857,86.042,52.4,52.4,27.795,81.393,89.0,89.0,6.0,5,Mùa mưa
2022-05-03,26.175,29.6,24.0,87.042,16.1,16.1,51,15.1,27.7,26.718,86.444,51.3,51.3,27.426,82.768,103.3,103.3,6.0,5,Mùa mưa
2022-05-04,26.696,31.5,23.6,85.167,9.0,9.0,3,12.8,24.1,26.656,85.833,49.7,49.7,26.947,84.548,112.3,112.3,7.0,5,Mùa mưa
2022-05-05,27.537,32.0,23.9,82.75,3.9,3.9,3,18.3,31.0,26.803,84.986,29.0,29.0,26.655,85.786,114.0,114.0,7.0,5,Mùa mưa
2022-05-06,27.871,30.9,25.5,82.0,7.1,7.1,3,18.2,32.8,27.368,83.306,20.0,20.0,26.979,85.012,88.5,88.5,7.0,5,Mùa mưa
2022-05-07,28.254,32.5,25.6,78.083,6.4,6.4,3,20.1,35.3,27.888,80.944,17.4,17.4,27.216,83.905,77.7,77.7,7.0,5,Mùa mưa
2022-05-08,27.179,29.8,25.8,83.875,12.4,12.4,3,18.4,34.2,27.768,81.319,25.9,25.9,27.258,83.458,79.5,79.5,7.0,5,Mùa mưa
2022-05-09,28.296,32.1,26.0,81.375,3.7,3.7,3,19.4,32.4,27.91,81.111,22.5,22.5,27.43,82.899,58.6,58.6,7.0,5,Mùa mưa
2022-05-10,27.917,31.5,25.5,84.792,10.6,10.6,3,13.4,26.6,27.797,83.347,26.7,26.7,27.679,82.577,53.1,53.1,7.0,5,Mùa mưa
2022-05-11,28.417,32.1,25.4,85.083,5.0,5.0,3,13.2,31.3,28.21,83.75,19.3,19.3,27.924,82.565,49.1,49.1,7.0,5,Mùa mưa
2022-05-12,27.562,32.2,24.5,85.625,14.2,14.2,3,12.3,22.3,27.965,85.167,29.8,29.8,27.928,82.976,59.4,59.4,7.0,5,Mùa mưa
2022-05-13,28.4,33.0,25.6,85.208,3.5,3.5,3,14.2,28.4,28.126,85.306,22.7,22.7,28.004,83.435,55.8,55.8,7.0,5,Mùa mưa
2022-05-14,28.583,32.8,26.0,84.875,3.0,3.0,51,13.4,23.8,28.182,85.236,20.7,20.7,28.051,84.405,52.4,52.4,7.0,5,Mùa mưa
2022-05-15,28.842,33.2,25.0,83.333,16.3,16.3,3,16.5,30.2,28.608,84.472,22.8,22.8,28.288,84.327,56.3,56.3,7.0,5,Mùa mưa
2022-05-16,26.738,31.4,24.3,88.542,24.1,24.1,51,12.3,31.3,28.054,85.583,43.4,43.4,28.065,85.351,76.7,76.7,7.0,5,Mùa mưa
2022-05-17,26.704,30.7,24.5,87.208,7.5,7.5,51,13.3,24.5,27.428,86.361,47.9,47.9,27.892,85.696,73.6,73.6,7.0,5,Mùa mưa
2022-05-18,26.742,30.1,24.2,87.5,13.0,13.0,51,16.6,28.8,26.728,87.75,44.6,44.6,27.653,86.042,81.6,81.6,7.0,5,Mùa mưa
2022-05-19,26.417,30.3,24.1,89.375,36.6,36.6,51,13.2,26.6,26.621,88.028,57.1,57.1,27.489,86.577,104.0,104.0,7.0,5,Mùa mưa
2022-05-20,27.875,32.3,25.1,85.0,15.7,15.7,3,12.2,22.7,27.011,87.292,65.3,65.3,27.414,86.548,116.2,116.2,7.0,5,Mùa mưa
2022-05-21,27.662,31.8,24.9,85.875,4.2,4.2,3,15.6,28.8,27.318,86.75,56.5,56.5,27.283,86.69,117.4,117.4,7.0,5,Mùa mưa
2022-05-22,26.783,30.9,24.8,88.292,18.7,18.7,51,18.8,45.4,27.44,86.389,38.6,38.6,26.989,87.399,119.8,119.8,7.0,5,Mùa mưa
2022-05-23,26.629,29.5,24.5,87.708,2.6,2.6,3,20.5,40.3,27.025,87.292,25.5,25.5,26.973,87.28,98.3,98.3,7.0,5,Mùa mưa
2022-05-24,28.175,31.9,25.0,82.458,0.4,0.4,3,13.6,30.2,27.196,86.153,21.7,21.7,27.183,86.601,91.2,91.2,7.0,5,Mùa mưa
2022-05-25,28.092,32.5,25.1,83.625,6.7,6.7,3,17.6,32.4,27.632,84.597,9.7,9.7,27.376,86.048,84.9,84.9,7.0,5,Mùa mưa
2022-05-26,27.333,31.7,25.4,86.417,12.1,12.1,3,13.4,34.2,27.867,84.167,19.2,19.2,27.507,85.625,60.4,60.4,7.0,5,Mùa mưa
2022-05-27,26.6,31.2,24.8,88.375,36.8,36.8,51,17.8,32.8,27.342,86.139,55.6,55.6,27.325,86.107,81.5,81.5,7.0,5,Mùa mưa
2022-05-28,25.95,29.9,24.2,88.917,13.3,13.3,3,21.9,39.6,26.628,87.903,62.2,62.2,27.08,86.542,90.6,90.6,7.0,5,Mùa mưa
2022-05-29,26.479,30.1,24.2,87.708,6.9,6.9,3,19.2,33.8,26.343,88.333,57.0,57.0,27.037,86.458,78.8,78.8,7.0,5,Mùa mưa
2022-05-30,26.642,31.0,24.6,88.167,10.9,10.9,3,12.8,36.0,26.357,88.264,31.1,31.1,27.039,86.524,87.1,87.1,7.0,5,Mùa mưa
2022-05-31,27.542,32.1,24.1,86.5,12.2,12.2,3,8.4,19.1,26.888,87.458,30.0,30.0,26.948,87.101,98.9,98.9,7.0,5,Mùa mưa
2022-06-01,26.783,30.5,24.4,89.625,11.0,11.0,3,12.8,28.8,26.989,88.097,34.1,34.1,26.761,87.958,103.2,103.2,7.0,6,Mùa mưa
2022-06-02,26.779,32.2,24.1,86.125,20.4,20.4,3,23.1,41.0,27.035,87.417,43.6,43.6,26.682,87.917,111.5,111.5,7.0,6,Mùa mưa
2022-06-03,26.588,30.8,23.5,87.208,7.6,7.6,3,16.6,30.6,26.717,87.653,39.0,39.0,26.68,87.75,82.3,82.3,7.0,6,Mùa mưa
2022-06-04,26.496,30.6,24.2,86.417,16.8,16.8,3,12.7,26.3,26.621,86.583,44.8,44.8,26.758,87.393,85.8,85.8,7.0,6,Mùa mưa
2022-06-05,27.475,32.2,23.2,82.75,0.0,0.0,0,15.9,28.4,26.853,85.458,24.4,24.4,26.901,86.685,78.9,78.9,6.0,6,Mùa mưa
2022-06-06,27.85,32.2,24.5,83.667,2.9,2.9,3,14.8,28.1,27.274,84.278,19.7,19.7,27.073,86.042,70.9,70.9,6.0,6,Mùa mưa
2022-06-07,27.292,32.2,24.5,86.458,21.8,21.8,3,9.2,22.0,27.539,84.292,24.7,24.7,27.037,86.036,80.5,80.5,6.0,6,Mùa mưa
2022-06-08,27.746,32.5,24.2,82.375,2.1,2.1,3,10.7,21.6,27.629,84.167,26.8,26.8,27.175,85.0,71.6,71.6,6.0,6,Mùa mưa
2022-06-09,28.454,33.4,24.5,80.292,0.7,0.7,3,11.6,17.6,27.831,83.042,24.6,24.6,27.414,84.167,51.9,51.9,6.0,6,Mùa mưa
2022-06-10,27.037,31.9,23.8,87.042,23.0,23.0,3,8.2,31.7,27.746,83.236,25.8,25.8,27.479,84.143,67.3,67.3,6.0,6,Mùa mưa
2022-06-11,28.071,33.2,24.2,81.125,1.1,1.1,3,10.9,18.7,27.854,82.819,24.8,24.8,27.704,83.387,51.6,51.6,6.0,6,Mùa mưa
2022-06-12,27.1,31.5,24.2,85.75,6.3,6.3,3,11.0,25.6,27.403,84.639,30.4,30.4,27.65,83.815,57.9,57.9,7.0,6,Mùa mưa
2022-06-13,27.521,32.0,24.2,84.792,1.6,1.6,3,10.7,23.0,27.564,83.889,9.0,9.0,27.603,83.976,56.6,56.6,7.0,6,Mùa mưa
2022-06-14,28.079,31.8,24.5,82.417,1.0,1.0,3,14.7,27.0,27.567,84.319,8.9,8.9,27.715,83.399,35.8,35.8,7.0,6,Mùa mưa
2022-06-15,27.854,32.3,25.3,83.917,7.3,7.3,3,15.5,29.5,27.818,83.708,9.9,9.9,27.731,83.619,41.0,41.0,7.0,6,Mùa mưa
2022-06-16,27.679,32.0,24.6,84.292,2.9,2.9,3,9.8,22.0,27.871,83.542,11.2,11.2,27.62,84.19,43.2,43.2,7.0,6,Mùa mưa
2022-06-17,27.408,32.2,24.6,85.5,10.6,10.6,3,18.7,34.2,27.647,84.569,20.8,20.8,27.673,83.97,30.8,30.8,7.0,6,Mùa mưa
2022-06-18,27.787,32.5,24.0,83.25,9.1,9.1,3,10.4,19.4,27.625,84.347,22.6,22.6,27.633,84.274,38.8,38.8,7.0,6,Mùa mưa
2022-06-19,27.304,32.6,24.7,84.167,3.1,3.1,3,22.0,37.4,27.5,84.306,22.8,22.8,27.662,84.048,35.6,35.6,7.0,6,Mùa mưa
2022-06-20,27.262,32.1,24.0,86.917,10.9,10.9,3,17.0,34.2,27.451,84.778,23.1,23.1,27.625,84.351,44.9,44.9,7.0,6,Mùa mưa
2022-06-21,26.458,31.4,24.1,85.625,14.5,14.5,3,16.2,31.7,27.008,85.569,28.5,28.5,27.393,84.81,58.4,58.4,7.0,6,Mùa mưa
2022-06-22,26.888,31.5,24.5,86.583,33.4,33.4,3,18.8,35.3,26.869,86.375,58.8,58.8,27.255,85.19,84.5,84.5,7.0,6,Mùa mưa
2022-06-23,26.854,31.5,24.8,86.875,18.8,18.8,3,21.3,38.9,26.733,86.361,66.7,66.7,27.138,85.56,100.4,100.4,7.0,6,Mùa mưa
2022-06-24,26.629,31.1,23.9,88.083,9.6,9.6,3,14.0,32.4,26.79,87.181,61.8,61.8,27.026,85.929,99.4,99.4,7.0,6,Mùa mưa
2022-06-25,26.867,31.2,23.9,85.625,8.4,8.4,3,12.8,32.0,26.783,86.861,36.8,36.8,26.895,86.268,98.7,98.7,7.0,6,Mùa mưa
2022-06-26,27.421,31.6,24.7,85.083,11.1,11.1,3,14.5,32.0,26.972,86.264,29.1,29.1,26.911,86.399,106.7,106.7,7.0,6,Mùa mưa
2022-06-27,28.142,32.3,24.4,82.167,15.2,15.2,1,11.3,24.1,27.476,84.292,34.7,34.7,27.037,85.72,111.0,111.0,7.0,6,Mùa mưa
2022-06-28,26.438,31.1,24.1,86.75,17.6,17.6,51,11.4,28.4,27.333,84.667,43.9,43.9,27.034,85.881,114.1,114.1,7.0,6,Mùa mưa
2022-06-29,27.833,32.8,25.1,85.0,18.9,18.9,3,21.0,36.4,27.471,84.639,51.7,51.7,27.169,85.655,99.6,99.6,7.0,6,Mùa mưa
2022-06-30,27.112,30.3,25.5,87.083,17.8,17.8,3,26.4,43.9,27.128,86.278,54.3,54.3,27.206,85.685,98.6,98.6,7.0,6,Mùa mưa
2022-07-01,26.671,29.9,24.9,88.417,5.8,5.8,3,17.1,32.0,27.206,86.833,42.5,42.5,27.212,85.732,94.8,94.8,7.0,7,Mùa mưa
2022-07-02,26.854,30.5,25.0,88.0,10.7,10.7,3,22.3,47.5,26.879,87.833,34.3,34.3,27.21,86.071,97.1,97.1,7.0,7,Mùa mưa
2022-07-03,27.058,30.6,24.6,88.833,4.6,4.6,3,21.5,39.2,26.861,88.417,21.1,21.1,27.158,86.607,90.6,90.6,7.0,7,Mùa mưa
2022-07-04,27.404,31.8,24.6,87.208,6.7,6.7,3,20.7,37.8,27.106,88.014,22.0,22.0,27.053,87.327,82.1,82.1,7.0,7,Mùa mưa
2022-07-05,27.242,30.8,24.6,86.792,9.8,9.8,3,17.7,34.2,27.235,87.611,21.1,21.1,27.168,87.333,74.3,74.3,7.0,7,Mùa mưa
2022-07-06,27.183,31.1,25.1,88.208,15.2,15.2,3,16.7,38.2,27.276,87.403,31.7,31.7,27.075,87.792,70.6,70.6,7.0,7,Mùa mưa
2022-07-07,27.258,31.6,24.3,84.75,3.0,3.0,3,21.3,36.7,27.228,86.583,28.0,28.0,27.096,87.458,55.8,55.8,7.0,7,Mùa mưa
2022-07-08,26.525,29.9,24.9,89.833,16.7,16.7,3,18.9,39.2,26.989,87.597,34.9,34.9,27.075,87.661,66.7,66.7,7.0,7,Mùa mưa
2022-07-09,26.446,30.2,25.0,89.125,13.9,13.9,51,18.1,34.9,26.743,87.903,33.6,33.6,27.017,87.821,69.9,69.9,7.0,7,Mùa mưa
2022-07-10,26.2,30.7,24.4,87.208,27.0,27.0,3,19.9,46.1,26.39,88.722,57.6,57.6,26.894,87.589,92.3,92.3,7.0,7,Mùa mưa
2022-07-11,26.354,30.9,24.4,86.708,34.9,34.9,3,19.2,42.5,26.333,87.681,75.8,75.8,26.744,87.518,120.5,120.5,7.0,7,Mùa mưa
2022-07-12,25.771,28.8,24.4,89.667,21.2,21.2,51,16.5,36.7,26.108,87.861,83.1,83.1,26.534,87.929,131.9,131.9,7.0,7,Mùa mưa
2022-07-13,26.062,29.7,23.8,87.208,4.4,4.4,3,20.4,43.6,26.062,87.861,60.5,60.5,26.374,87.786,121.1,121.1,7.0,7,Mùa mưa
2022-07-14,26.833,31.2,23.9,83.833,9.3,9.3,3,20.1,39.6,26.222,86.903,34.9,34.9,26.313,87.655,127.4,127.4,7.0,7,Mùa mưa
2022-07-15,26.433,29.6,24.0,88.583,13.2,13.2,3,16.6,31.0,26.443,86.542,26.9,26.9,26.3,87.476,123.9,123.9,7.0,7,Mùa mưa
2022-07-16,27.075,32.0,24.4,86.917,8.8,8.8,2,15.5,37.8,26.781,86.444,31.3,31.3,26.39,87.161,118.8,118.8,7.0,7,Mùa mưa
2022-07-17,26.571,30.5,24.4,88.208,10.4,10.4,3,14.0,34.6,26.693,87.903,32.4,32.4,26.443,87.304,102.2,102.2,7.0,7,Mùa mưa
2022-07-18,27.229,31.4,24.0,85.542,6.8,6.8,3,17.1,33.5,26.958,86.889,26.0,26.0,26.568,87.137,74.1,74.1,7.0,7,Mùa mưa
2022-07-19,26.988,31.6,24.6,87.125,3.9,3.9,3,19.4,33.5,26.929,86.958,21.1,21.1,26.742,86.774,56.8,56.8,7.0,7,Mùa mưa
2022-07-20,26.225,30.1,25.0,90.333,14.4,14.4,51,15.8,29.9,26.814,87.667,25.1,25.1,26.765,87.22,66.8,66.8,7.0,7,Mùa mưa
2022-07-21,25.896,28.9,24.2,90.333,8.6,8.6,3,16.6,28.1,26.369,89.264,26.9,26.9,26.631,88.149,66.1,66.1,7.0,7,Mùa mưa
2022-07-22,27.713,33.0,23.4,80.208,0.0,0.0,3,12.3,19.1,26.611,86.958,23.0,23.0,26.814,86.952,52.9,52.9,6.0,7,Mùa mưa
2022-07-23,27.321,31.8,24.6,85.125,7.9,7.9,3,15.5,32.0,26.976,85.222,16.5,16.5,26.849,86.696,52.0,52.0,6.0,7,Mùa mưa
2022-07-24,27.979,32.4,24.6,81.292,0.4,0.4,3,14.5,24.5,27.671,82.208,8.3,8.3,27.05,85.708,42.0,42.0,6.0,7,Mùa mưa
2022-07-25,27.012,31.5,24.8,87.125,14.5,14.5,1,18.6,32.0,27.438,84.514,22.8,22.8,27.019,85.935,49.7,49.7,6.0,7,Mùa mưa
2022-07-26,27.15,30.8,25.3,87.0,9.4,9.4,51,14.5,25.2,27.381,85.139,24.3,24.3,27.042,85.917,55.2,55.2,6.0,7,Mùa mưa
2022-07-27,26.925,31.1,24.5,86.0,7.0,7.0,3,10.4,32.0,27.029,86.708,30.9,30.9,27.142,85.298,47.8,47.8,6.0,7,Mùa mưa
2022-07-28,27.262,31.5,23.9,86.375,2.6,2.6,0,12.5,29.9,27.112,86.458,19.0,19.0,27.338,84.732,41.8,41.8,6.0,7,Mùa mưa
2022-07-29,27.958,32.6,24.2,82.208,1.3,1.3,0,13.9,24.5,27.382,84.861,10.9,10.9,27.373,85.018,43.1,43.1,7.0,7,Mùa mưa
2022-07-30,27.738,32.0,25.0,83.583,3.8,3.8,3,18.9,35.3,27.653,84.056,7.7,7.7,27.432,84.798,39.0,39.0,7.0,7,Mùa mưa
2022-07-31,27.367,32.2,24.5,83.333,15.7,15.7,51,14.1,26.3,27.688,83.042,20.8,20.8,27.345,85.089,54.3,54.3,7.0,7,Mùa mưa
2022-08-01,26.617,31.2,23.9,86.583,22.1,22.1,51,14.6,29.9,27.24,84.5,41.6,41.6,27.288,85.012,61.9,61.9,7.0,8,Mùa mưa
2022-08-02,27.162,31.3,24.8,87.125,9.7,9.7,3,14.6,24.8,27.049,85.681,47.5,47.5,27.29,85.03,62.2,62.2,7.0,8,Mùa mưa
2022-08-03,26.579,30.4,24.2,87.625,8.1,8.1,3,14.8,27.4,26.786,87.111,39.9,39.9,27.24,85.262,63.3,63.3,7.0,8,Mùa mưa
2022-08-04,26.625,31.2,23.6,87.167,11.1,11.1,3,14.9,28.4,26.789,87.306,28.9,28.9,27.149,85.375,71.8,71.8,7.0,8,Mùa mưa
2022-08-05,26.783,31.6,24.5,85.708,13.2,13.2,3,18.7,36.0,26.662,86.833,32.4,32.4,26.982,85.875,83.7,83.7,7.0,8,Mùa mưa
2022-08-06,25.608,27.8,24.5,88.917,14.9,14.9,3,20.5,35.6,26.339,87.264,39.2,39.2,26.677,86.637,94.8,94.8,7.0,8,Mùa mưa
2022-08-07,26.075,29.2,24.2,87.417,12.9,12.9,3,20.9,40.3,26.156,87.347,41.0,41.0,26.493,87.22,92.0,92.0,7.0,8,Mùa mưa
2022-08-08,25.463,27.7,24.4,87.5,18.1,18.1,3,20.5,41.0,25.715,87.944,45.9,45.9,26.328,87.351,88.0,88.0,7.0,8,Mùa mưa
2022-08-09,25.912,30.0,24.0,86.708,11.9,11.9,3,23.1,45.0,25.817,87.208,42.9,42.9,26.149,87.292,90.2,90.2,7.0,8,Mùa mưa
2022-08-10,26.25,30.3,23.9,86.375,9.1,9.1,3,21.7,47.2,25.875,86.861,39.1,39.1,26.102,87.113,91.2,91.2,7.0,8,Mùa mưa
2022-08-11,26.088,30.3,24.0,87.333,12.2,12.2,3,24.0,42.5,26.083,86.806,33.2,33.2,26.026,87.137,92.3,92.3,7.0,8,Mùa mưa
2022-08-12,26.808,32.0,23.2,85.708,8.5,8.5,3,20.8,37.4,26.382,86.472,29.8,29.8,26.029,87.137,87.6,87.6,7.0,8,Mùa mưa
2022-08-13,28.079,32.8,23.8,78.0,0.1,0.1,0,12.1,24.5,26.992,83.681,20.8,20.8,26.382,85.577,72.8,72.8,7.0,8,Mùa mưa
2022-08-14,27.404,32.2,24.4,85.0,9.4,9.4,51,10.7,27.4,27.431,82.903,18.0,18.0,26.572,85.232,69.3,69.3,7.0,8,Mùa mưa
2022-08-15,26.562,29.1,24.4,88.167,4.6,4.6,3,16.6,27.7,27.349,83.722,14.1,14.1,26.729,85.327,55.8,55.8,7.0,8,Mùa mưa
2022-08-16,26.279,31.1,23.6,88.708,7.9,7.9,3,17.9,37.1,26.749,87.292,21.9,21.9,26.782,85.613,51.8,51.8,7.0,8,Mùa mưa
2022-08-17,26.992,31.3,23.8,86.792,2.7,2.7,3,16.4,37.8,26.611,87.889,15.2,15.2,26.888,85.673,45.4,45.4,7.0,8,Mùa mưa
2022-08-18,27.317,32.0,24.4,85.75,13.0,13.0,3,17.1,35.6,26.862,87.083,23.6,23.6,27.063,85.446,46.2,46.2,7.0,8,Mùa mưa
2022-08-19,27.096,31.3,24.5,87.208,2.4,2.4,3,21.6,37.1,27.135,86.583,18.1,18.1,27.104,85.661,40.1,40.1,7.0,8,Mùa mưa
2022-08-20,26.858,30.6,24.9,88.167,12.5,12.5,3,17.9,37.4,27.09,87.042,27.9,27.9,26.93,87.113,52.5,52.5,7.0,8,Mùa mưa
2022-08-21,26.883,31.5,24.6,86.458,8.0,8.0,3,20.5,37.1,26.946,87.278,22.9,22.9,26.855,87.321,51.1,51.1,7.0,8,Mùa mưa
2022-08-22,27.092,31.8,24.1,86.0,4.0,4.0,3,13.6,29.9,26.944,86.875,24.5,24.5,26.931,87.012,50.5,50.5,7.0,8,Mùa mưa
2022-08-23,26.671,31.2,24.2,88.167,15.5,15.5,3,15.5,33.8,26.882,86.875,27.5,27.5,26.987,86.935,58.1,58.1,7.0,8,Mùa mưa
2022-08-24,27.312,31.7,24.5,85.458,5.9,5.9,3,14.8,27.4,27.025,86.542,25.4,25.4,27.033,86.744,61.3,61.3,7.0,8,Mùa mưa
2022-08-25,26.458,31.1,24.6,87.875,13.1,13.1,3,15.3,36.4,26.814,87.167,34.5,34.5,26.91,87.048,61.4,61.4,7.0,8,Mùa mưa
2022-08-26,26.033,29.1,24.2,89.958,15.0,15.0,3,14.1,35.6,26.601,87.764,34.0,34.0,26.758,87.44,74.0,74.0,7.0,8,Mùa mưa
2022-08-27,26.838,31.7,23.4,86.5,18.5,18.5,51,14.8,25.9,26.443,88.111,46.6,46.6,26.755,87.202,80.0,80.0,7.0,8,Mùa mưa
2022-08-28,26.596,31.2,23.0,87.667,6.4,6.4,3,8.7,23.8,26.489,88.042,39.9,39.9,26.714,87.375,78.4,78.4,7.0,8,Mùa mưa
2022-08-29,27.088,31.3,23.6,85.417,8.8,8.8,51,18.0,35.6,26.84,86.528,33.7,33.7,26.714,87.292,83.2,83.2,7.0,8,Mùa mưa
2022-08-30,27.283,31.7,24.8,86.75,14.3,14.3,3,15.9,29.9,26.989,86.611,29.5,29.5,26.801,87.089,82.0,82.0,7.0,8,Mùa mưa
2022-08-31,26.938,31.9,23.9,85.833,12.6,12.6,3,9.3,19.1,27.103,86.0,35.7,35.7,26.748,87.143,88.7,88.7,7.0,8,Mùa mưa
2022-09-01,26.996,32.2,23.7,86.375,14.7,14.7,0,8.9,18.4,27.072,86.319,41.6,41.6,26.824,86.929,90.3,90.3,7.0,9,Mùa mưa
2022-09-02,27.192,32.0,24.2,86.083,10.6,10.6,1,10.6,23.8,27.042,86.097,37.9,37.9,26.99,86.375,85.9,85.9,7.0,9,Mùa mưa
2022-09-03,26.917,31.9,24.1,86.25,16.2,16.2,3,15.0,31.7,27.035,86.236,41.5,41.5,27.001,86.339,83.6,83.6,7.0,9,Mùa mưa
2022-09-04,26.479,31.2,23.9,87.333,9.5,9.5,51,20.5,36.0,26.862,86.556,36.3,36.3,26.985,86.292,86.7,86.7,7.0,9,Mùa mưa
2022-09-05,26.379,31.3,24.1,88.75,10.4,10.4,3,22.9,40.0,26.592,87.444,36.1,36.1,26.883,86.768,88.3,88.3,7.0,9,Mùa mưa
2022-09-06,26.238,30.2,24.3,88.667,14.8,14.8,3,22.7,39.2,26.365,88.25,34.7,34.7,26.734,87.042,88.8,88.8,7.0,9,Mùa mưa
2022-09-07,25.446,27.9,24.0,91.542,12.4,12.4,51,12.7,24.8,26.021,89.653,37.6,37.6,26.521,87.857,88.6,88.6,7.0,9,Mùa mưa
2022-09-08,26.433,31.3,23.6,84.875,2.9,2.9,3,19.0,34.6,26.039,88.361,30.1,30.1,26.44,87.643,76.8,76.8,7.0,9,Mùa mưa
2022-09-09,26.888,32.0,23.5,83.292,20.3,20.3,3,12.5,22.3,26.256,86.569,35.6,35.6,26.397,87.244,86.5,86.5,7.0,9,Mùa mưa
2022-09-10,26.312,30.4,24.0,87.75,4.7,4.7,3,18.7,34.2,26.544,85.306,27.9,27.9,26.311,87.458,75.0,75.0,7.0,9,Mùa mưa
2022-09-11,26.05,30.5,23.8,88.167,12.2,12.2,3,16.7,31.3,26.417,86.403,37.2,37.2,26.249,87.577,77.7,77.7,7.0,9,Mùa mưa
2022-09-12,26.104,30.3,24.1,88.0,15.6,15.6,3,15.3,30.2,26.156,87.972,32.5,32.5,26.21,87.47,82.9,82.9,7.0,9,Mùa mưa
2022-09-13,26.754,31.0,23.5,87.333,3.1,3.1,3,15.9,29.9,26.303,87.833,30.9,30.9,26.284,87.28,71.2,71.2,7.0,9,Mùa mưa
2022-09-14,26.717,31.5,24.2,86.333,8.3,8.3,3,17.7,30.2,26.525,87.222,27.0,27.0,26.465,86.536,67.1,67.1,7.0,9,Mùa mưa
2022-09-15,26.217,30.7,23.5,88.417,14.8,14.8,3,20.7,40.3,26.562,87.361,26.2,26.2,26.435,87.042,79.0,79.0,7.0,9,Mùa mưa
2022-09-16,26.283,30.8,24.1,88.0,12.4,12.4,3,17.3,35.3,26.406,87.583,35.5,35.5,26.348,87.714,71.1,71.1,7.0,9,Mùa mưa
2022-09-17,26.525,31.0,24.1,87.25,17.8,17.8,3,16.2,32.0,26.342,87.889,45.0,45.0,26.379,87.643,84.2,84.2,7.0,9,Mùa mưa
2022-09-18,26.517,31.1,23.8,86.833,9.2,9.2,3,15.8,33.5,26.442,87.361,39.4,39.4,26.445,87.452,81.2,81.2,7.0,9,Mùa mưa
2022-09-19,26.362,30.1,23.9,87.083,12.2,12.2,3,17.7,35.3,26.468,87.056,39.2,39.2,26.482,87.321,77.8,77.8,7.0,9,Mùa mưa
2022-09-20,26.233,31.0,23.9,87.125,14.0,14.0,3,16.3,37.8,26.371,87.014,35.4,35.4,26.408,87.292,88.7,88.7,7.0,9,Mùa mưa
2022-09-21,26.012,29.9,23.9,87.875,7.1,7.1,51,16.8,29.5,26.203,87.361,33.3,33.3,26.307,87.512,87.5,87.5,7.0,9,Mùa mưa
2022-09-22,26.096,30.5,23.9,88.375,13.6,13.6,51,17.7,31.0,26.114,87.792,34.7,34.7,26.29,87.506,86.3,86.3,7.0,9,Mùa mưa
2022-09-23,26.808,30.5,24.0,85.0,5.1,5.1,3,14.0,28.1,26.306,87.083,25.8,25.8,26.365,87.077,79.0,79.0,7.0,9,Mùa mưa
2022-09-24,26.754,31.2,24.3,86.542,19.4,19.4,3,17.7,29.9,26.553,86.639,38.1,38.1,26.398,86.976,80.6,80.6,7.0,9,Mùa mưa
2022-09-25,26.433,31.3,24.0,87.375,20.4,20.4,3,15.7,32.0,26.665,86.306,44.9,44.9,26.386,87.054,91.8,91.8,7.0,9,Mùa mưa
2022-09-26,26.046,31.1,24.2,89.5,29.1,29.1,61,21.5,38.9,26.411,87.806,68.9,68.9,26.34,87.399,108.7,108.7,7.0,9,Mùa mưa
2022-09-27,25.567,29.3,23.5,87.708,16.9,16.9,51,19.2,33.8,26.015,88.194,66.4,66.4,26.245,87.482,111.6,111.6,7.0,9,Mùa mưa
2022-09-28,25.733,29.2,24.3,88.958,11.0,11.0,3,22.5,48.2,25.782,88.722,57.0,57.0,26.205,87.637,115.5,115.5,7.0,9,Mùa mưa
2022-09-29,25.967,29.6,23.6,88.375,7.8,7.8,3,20.0,43.2,25.756,88.347,35.7,35.7,26.187,87.637,109.7,109.7,7.0,9,Mùa mưa
2022-09-30,26.467,29.8,23.6,87.417,2.9,2.9,51,16.6,29.9,26.056,88.25,21.7,21.7,26.138,87.982,107.5,107.5,7.0,9,Mùa mưa
2022-10-01,26.096,29.5,24.8,90.208,26.5,26.5,53,15.1,25.9,26.176,88.667,37.2,37.2,26.044,88.506,114.6,114.6,7.0,10,Mùa mưa
2022-10-02,26.037,28.2,23.8,89.417,20.7,20.7,3,13.3,22.3,26.2,89.014,50.1,50.1,25.988,88.798,114.9,114.9,7.0,10,Mùa mưa
2022-10-03,26.621,30.0,24.0,85.792,3.8,3.8,3,19.3,37.4,26.251,88.472,51.0,51.0,26.07,88.268,89.6,89.6,7.0,10,Mùa mưa
2022-10-04,26.817,30.0,23.4,85.5,5.0,5.0,3,10.5,23.4,26.492,86.903,29.5,29.5,26.248,87.952,77.7,77.7,7.0,10,Mùa mưa
2022-10-05,25.996,30.2,24.1,89.0,15.5,15.5,3,22.2,38.5,26.478,86.764,24.3,24.3,26.286,87.958,82.2,82.2,7.0,10,Mùa mưa
2022-10-06,26.021,29.5,23.6,89.125,4.3,4.3,3,14.7,27.7,26.278,87.875,24.8,24.8,26.293,88.065,78.7,78.7,7.0,10,Mùa mưa
2022-10-07,26.679,31.0,23.1,84.792,13.7,13.7,0,13.6,29.9,26.232,87.639,33.5,33.5,26.324,87.69,89.5,89.5,7.0,10,Mùa mưa
2022-10-08,25.167,27.5,23.5,90.625,7.1,7.1,51,8.8,19.8,25.956,88.181,25.1,25.1,26.191,87.75,70.1,70.1,7.0,10,Mùa mưa
2022-10-09,25.912,29.9,23.2,87.125,14.2,14.2,51,11.3,20.5,25.919,87.514,35.0,35.0,26.173,87.423,63.6,63.6,7.0,10,Mùa mưa
2022-10-10,25.654,29.1,23.5,86.625,6.7,6.7,3,10.1,20.2,25.578,88.125,28.0,28.0,26.035,87.542,66.5,66.5,7.0,10,Mùa mưa
2022-10-11,26.183,30.9,23.3,86.042,6.7,6.7,3,9.4,18.7,25.917,86.597,27.6,27.6,25.945,87.619,68.2,68.2,7.0,10,Mùa mưa
2022-10-12,26.292,30.8,23.6,86.542,9.9,9.9,3,11.6,23.8,26.043,86.403,23.3,23.3,25.987,87.268,62.6,62.6,7.0,10,Mùa mưa
2022-10-13,26.963,31.7,23.0,79.458,0.4,0.4,3,18.4,33.5,26.479,84.014,17.0,17.0,26.121,85.887,58.7,58.7,7.0,10,Mùa mưa
2022-10-14,26.362,30.0,23.8,82.167,0.4,0.4,3,18.4,30.2,26.539,82.722,10.7,10.7,26.076,85.512,45.4,45.4,7.0,10,Mùa mưa
2022-10-15,25.646,30.0,22.1,78.833,0.0,0.0,3,12.1,23.0,26.324,80.153,0.8,0.8,26.145,83.827,38.3,38.3,6.0,10,Mùa mưa
2022-10-16,26.017,31.0,21.3,78.583,0.0,0.0,3,11.3,20.5,26.008,79.861,0.4,0.4,26.16,82.607,24.1,24.1,5.0,10,Mùa mưa
2022-10-17,27.171,31.6,23.1,78.625,3.4,3.4,3,11.7,22.3,26.278,78.681,3.4,3.4,26.376,81.464,20.8,20.8,5.0,10,Mùa mưa
2022-10-18,26.008,30.4,23.2,86.792,16.4,16.4,51,15.5,31.7,26.399,81.333,19.8,19.8,26.351,81.571,30.5,30.5,5.0,10,Mùa mưa
2022-10-19,25.725,29.7,24.1,88.167,28.3,28.3,51,15.6,30.6,26.301,84.528,48.1,48.1,26.27,81.804,48.9,48.9,5.0,10,Mùa mưa
2022-10-20,25.787,28.5,24.1,88.083,9.4,9.4,3,19.6,32.4,25.84,87.681,54.1,54.1,26.102,83.036,57.9,57.9,5.0,10,Mùa mưa
2022-10-21,26.713,30.8,24.0,84.542,6.2,6.2,3,17.2,30.6,26.075,86.931,43.9,43.9,26.152,83.375,63.7,63.7,5.0,10,Mùa mưa
2022-10-22,26.55,30.5,23.5,86.875,12.5,12.5,3,13.0,22.3,26.35,86.5,28.1,28.1,26.282,84.524,76.2,76.2,6.0,10,Mùa mưa
2022-10-23,26.433,30.7,23.8,86.167,20.5,20.5,3,10.4,23.8,26.565,85.861,39.2,39.2,26.341,85.607,96.7,96.7,7.0,10,Mùa mưa
2022-10-24,26.592,31.3,24.0,87.833,9.6,9.6,51,11.6,24.1,26.525,86.958,42.6,42.6,26.258,86.923,102.9,102.9,7.0,10,Mùa mưa
2022-10-25,26.829,30.8,23.5,84.917,10.4,10.4,3,17.7,28.8,26.618,86.306,40.5,40.5,26.376,86.655,96.9,96.9,7.0,10,Mùa mưa
2022-10-26,26.421,30.5,24.1,88.792,20.3,20.3,3,11.3,27.7,26.614,87.181,40.3,40.3,26.475,86.744,88.9,88.9,7.0,10,Mùa mưa
2022-10-27,25.75,29.9,23.9,89.5,15.5,15.5,3,13.0,23.8,26.333,87.736,46.2,46.2,26.47,86.946,95.0,95.0,7.0,10,Mùa mưa
2022-10-28,26.229,29.8,23.4,87.25,3.1,3.1,3,9.7,21.6,26.133,88.514,38.9,38.9,26.401,87.333,91.9,91.9,7.0,10,Mùa mưa
2022-10-29,26.542,31.5,22.6,81.583,5.3,5.3,3,11.9,21.2,26.174,86.111,23.9,23.9,26.399,86.577,84.7,84.7,7.0,10,Mùa mưa
2022-10-30,27.021,31.1,24.0,82.042,0.8,0.8,3,12.1,23.0,26.597,83.625,9.2,9.2,26.483,85.988,65.0,65.0,7.0,10,Mùa mưa
2022-10-31,26.979,31.7,22.4,74.833,0.0,0.0,3,13.4,24.5,26.847,79.486,6.1,6.1,26.539,84.131,55.4,55.4,6.0,10,Mùa mưa
2022-11-01,26.762,30.9,23.8,82.208,0.3,0.3,3,12.7,20.2,26.921,79.694,1.1,1.1,26.529,83.744,45.3,45.3,6.0,11,Mùa mưa
2022-11-02,25.779,29.5,23.1,84.708,2.0,2.0,3,14.0,23.0,26.507,80.583,2.3,2.3,26.438,83.161,27.0,27.0,6.0,11,Mùa mưa
2022-11-03,25.333,28.9,23.7,86.75,13.6,13.6,3,12.3,28.1,25.958,84.556,15.9,15.9,26.378,82.768,25.1,25.1,6.0,11,Mùa mưa
2022-11-04,25.512,29.9,23.5,88.25,11.8,11.8,3,13.4,28.4,25.542,86.569,27.4,27.4,26.276,82.911,33.8,33.8,6.0,11,Mùa mưa
2022-11-05,26.158,30.6,23.0,84.333,2.0,2.0,3,11.9,23.0,25.668,86.444,27.4,27.4,26.221,83.304,30.5,30.5,6.0,11,Mùa mưa
2022-11-06,26.221,30.9,22.7,85.542,6.5,6.5,3,12.6,28.4,25.964,86.042,20.3,20.3,26.107,83.804,36.2,36.2,6.0,11,Mùa mưa
2022-11-07,26.588,31.0,23.2,84.042,2.4,2.4,3,8.0,14.8,26.322,84.639,10.9,10.9,26.051,85.119,38.6,38.6,7.0,11,Mùa mưa
2022-11-08,27.346,32.2,23.4,81.583,0.1,0.1,3,12.1,19.8,26.718,83.722,9.0,9.0,26.134,85.03,38.4,38.4,7.0,11,Mùa mưa
2022-11-09,27.488,31.6,24.0,81.792,0.3,0.3,3,10.4,18.4,27.14,82.472,2.8,2.8,26.378,84.613,36.7,36.7,7.0,11,Mùa mưa
2022-11-10,27.417,31.5,24.1,85.167,6.4,6.4,3,13.1,29.9,27.417,82.847,6.8,6.8,26.676,84.387,29.5,29.5,7.0,11,Mùa mưa
2022-11-11,26.833,31.8,24.0,86.583,6.5,6.5,3,21.2,39.6,27.246,84.514,13.2,13.2,26.864,84.149,24.2,24.2,7.0,11,Mùa mưa
2022-11-12,26.296,30.7,24.0,87.75,12.1,12.1,3,15.3,30.6,26.849,86.5,25.0,25.0,26.884,84.637,34.3,34.3,7.0,11,Mùa mưa
2022-11-13,26.742,30.6,23.4,84.583,1.9,1.9,3,20.7,34.6,26.624,86.306,20.5,20.5,26.958,84.5,29.7,29.7,7.0,11,Mùa mưa
2022-11-14,27.021,31.0,23.7,84.833,4.1,4.1,1,14.3,30.6,26.686,85.722,18.1,18.1,27.02,84.613,31.4,31.4,7.0,11,Mùa mưa
2022-11-15,27.075,31.0,23.6,83.75,1.1,1.1,3,12.4,29.9,26.946,84.389,7.1,7.1,26.982,84.923,32.4,32.4,7.0,11,Mùa mưa
2022-11-16,27.404,31.9,23.9,83.208,0.4,0.4,3,12.5,24.8,27.167,83.931,5.6,5.6,26.97,85.125,32.5,32.5,7.0,11,Mùa mưa
2022-11-17,27.392,31.8,23.9,83.542,6.3,6.3,0,17.5,33.5,27.29,83.5,7.8,7.8,26.966,84.893,32.4,32.4,7.0,11,Mùa mưa
2022-11-18,26.492,31.4,23.5,87.292,12.1,12.1,3,14.8,31.0,27.096,84.681,18.8,18.8,26.917,84.994,38.0,38.0,7.0,11,Mùa mưa
2022-11-19,24.85,26.9,23.5,89.667,8.2,8.2,51,14.9,25.6,26.244,86.833,26.6,26.6,26.711,85.268,34.1,34.1,7.0,11,Mùa mưa
2022-11-20,24.742,25.9,23.4,91.625,31.5,31.5,61,11.6,27.4,25.361,89.528,51.8,51.8,26.425,86.274,63.7,63.7,7.0,11,Mùa mưa
2022-11-21,25.65,28.9,23.1,88.625,7.5,7.5,3,7.4,22.0,25.081,89.972,47.2,47.2,26.229,86.815,67.1,67.1,7.0,11,Mùa mưa
2022-11-22,25.467,27.2,23.5,91.583,5.0,5.0,3,11.6,20.5,25.286,90.611,44.0,44.0,25.999,87.935,71.0,71.0,7.0,11,Mùa mưa
2022-11-23,25.888,28.8,24.3,88.708,11.4,11.4,3,21.9,37.1,25.668,89.639,23.9,23.9,25.783,88.72,82.0,82.0,7.0,11,Mùa mưa
2022-11-24,25.762,29.0,24.2,88.708,11.7,11.7,3,20.9,38.5,25.706,89.667,28.1,28.1,25.55,89.458,87.4,87.4,7.0,11,Mùa mưa
2022-11-25,26.258,30.5,23.6,86.75,5.2,5.2,0,15.1,29.2,25.969,88.056,28.3,28.3,25.517,89.381,80.5,80.5,7.0,11,Mùa mưa
2022-11-26,25.608,29.8,23.7,89.292,2.4,2.4,3,16.4,32.4,25.876,88.25,19.3,19.3,25.625,89.327,74.7,74.7,7.0,11,Mùa mưa
2022-11-27,26.521,30.1,23.8,87.125,1.5,1.5,3,15.3,27.4,26.129,87.722,9.1,9.1,25.879,88.685,44.7,44.7,7.0,11,Mùa mưa
2022-11-28,26.879,30.5,23.8,85.25,2.9,2.9,0,14.5,25.6,26.336,87.222,6.8,6.8,26.055,88.202,40.1,40.1,7.0,11,Mùa mưa
2022-11-29,27.333,31.4,24.4,80.5,0.2,0.2,0,12.2,23.0,26.911,84.292,4.6,4.6,26.321,86.619,35.3,35.3,7.0,11,Mùa mưa
2022-11-30,26.921,31.0,22.5,81.667,1.1,1.1,1,9.0,21.6,27.044,82.472,4.2,4.2,26.469,85.613,25.0,25.0,7.0,11,Mùa mưa
2022-12-01,27.567,31.9,23.2,80.792,0.3,0.3,3,8.2,19.8,27.274,80.986,1.6,1.6,26.727,84.482,13.6,13.6,7.0,12,Mùa khô
2022-12-02,26.983,30.4,23.9,78.625,0.6,0.6,3,17.6,36.0,27.157,80.361,2.0,2.0,26.83,83.321,9.0,9.0,7.0,12,Mùa khô
2022-12-03,26.162,30.3,23.8,82.083,5.3,5.3,3,16.1,34.9,26.904,80.5,6.2,6.2,26.91,82.292,11.9,11.9,7.0,12,Mùa khô
2022-12-04,26.754,30.8,23.3,84.25,1.7,1.7,3,14.8,28.4,26.633,81.653,7.6,7.6,26.943,81.881,12.1,12.1,7.0,12,Mùa khô
2022-12-05,26.992,31.3,23.6,83.5,3.4,3.4,3,12.9,27.0,26.636,83.278,10.4,10.4,26.959,81.631,12.6,12.6,7.0,12,Mùa khô
2022-12-06,26.704,31.3,23.2,84.375,8.4,8.4,3,7.9,22.0,26.817,84.042,13.5,13.5,26.869,82.185,20.8,20.8,7.0,12,Mùa khô
2022-12-07,25.992,30.0,23.3,86.958,3.1,3.1,3,12.5,31.0,26.562,84.944,14.9,14.9,26.736,82.94,22.8,22.8,7.0,12,Mùa khô
2022-12-08,26.896,31.0,23.1,82.25,0.2,0.2,0,13.7,20.2,26.531,84.528,11.7,11.7,26.64,83.149,22.7,22.7,7.0,12,Mùa khô
2022-12-09,26.325,30.9,23.1,84.917,7.9,7.9,3,12.0,23.4,26.404,84.708,11.2,11.2,26.546,84.048,30.0,30.0,7.0,12,Mùa khô
2022-12-10,26.162,30.9,22.9,83.042,0.0,0.0,3,15.5,26.3,26.461,83.403,8.1,8.1,26.546,84.185,24.7,24.7,6.0,12,Mùa khô
2022-12-11,26.346,30.2,23.2,80.25,0.1,0.1,3,12.3,18.0,26.278,82.736,8.0,8.0,26.488,83.613,23.1,23.1,6.0,12,Mùa khô
2022-12-12,25.708,30.2,21.9,77.125,0.0,0.0,3,15.9,23.8,26.072,80.139,0.1,0.1,26.305,82.702,19.7,19.7,5.0,12,Mùa khô
2022-12-13,24.704,29.5,20.3,75.208,0.0,0.0,3,12.7,19.4,25.586,77.528,0.1,0.1,26.019,81.393,11.3,11.3,4.0,12,Mùa khô
2022-12-14,25.012,29.8,20.8,80.25,0.3,0.3,0,9.3,16.6,25.142,77.528,0.3,0.3,25.879,80.435,8.5,8.5,4.0,12,Mùa khô
2022-12-15,25.908,30.5,20.9,74.875,0.1,0.1,3,8.8,15.8,25.208,76.778,0.4,0.4,25.738,79.381,8.4,8.4,4.0,12,Mùa khô
2022-12-16,26.8,31.5,22.4,79.792,0.0,0.0,3,11.2,19.8,25.907,78.306,0.4,0.4,25.806,78.649,0.5,0.5,3.0,12,Mùa khô
2022-12-17,26.775,31.3,23.0,77.167,0.0,0.0,3,15.5,27.7,26.494,77.278,0.1,0.1,25.893,77.81,0.5,0.5,3.0,12,Mùa khô
2022-12-18,26.55,30.9,23.5,58.75,0.0,0.0,3,25.4,41.0,26.708,71.903,0.0,0.0,25.923,74.738,0.4,0.4,2.0,12,Mùa khô
2022-12-19,25.471,31.0,20.9,63.708,0.0,0.0,3,16.8,25.6,26.265,66.542,0.0,0.0,25.889,72.821,0.4,0.4,2.0,12,Mùa khô
2022-12-20,25.938,31.0,20.6,67.458,0.0,0.0,3,11.8,18.4,25.986,63.306,0.0,0.0,26.065,71.714,0.4,0.4,2.0,12,Mùa khô
2022-12-21,26.713,31.8,22.0,72.75,0.0,0.0,3,13.8,22.7,26.04,67.972,0.0,0.0,26.308,70.643,0.1,0.1,1.0,12,Mùa khô
2022-12-22,26.592,31.9,22.0,72.417,0.0,0.0,3,15.8,27.4,26.414,70.875,0.0,0.0,26.405,70.292,0.0,0.0,0.0,12,Mùa khô
2022-12-23,25.517,30.8,20.3,62.542,0.0,0.0,3,14.7,26.3,26.274,69.236,0.0,0.0,26.222,67.827,0.0,0.0,0.0,12,Mùa khô
2022-12-24,24.85,30.4,18.6,55.708,0.0,0.0,3,13.1,24.8,25.653,63.556,0.0,0.0,25.947,64.762,0.0,0.0,0.0,12,Mùa khô
2022-12-25,25.225,31.0,19.0,54.667,0.0,0.0,3,11.4,23.4,25.197,57.639,0.0,0.0,25.758,64.179,0.0,0.0,0.0,12,Mùa khô
2022-12-26,25.108,30.6,19.0,61.125,0.0,0.0,3,12.9,23.8,25.061,57.167,0.0,0.0,25.706,63.81,0.0,0.0,0.0,12,Mùa khô
2022-12-27,25.812,31.1,21.0,62.625,0.0,0.0,3,10.1,18.4,25.382,59.472,0.0,0.0,25.688,63.119,0.0,0.0,0.0,12,Mùa khô
2022-12-28,26.2,32.2,20.5,67.917,0.0,0.0,3,14.6,25.9,25.707,63.889,0.0,0.0,25.615,62.429,0.0,0.0,0.0,12,Mùa khô
2022-12-29,26.729,32.5,21.2,67.375,0.0,0.0,3,11.9,24.1,26.247,65.972,0.0,0.0,25.635,61.708,0.0,0.0,0.0,12,Mùa khô
2022-12-30,26.238,29.3,23.0,70.542,1.1,1.1,3,16.1,24.5,26.389,68.611,1.1,1.1,25.738,62.851,1.1,1.1,1.0,12,Mùa khô
2022-12-31,26.254,31.4,21.6,54.458,0.1,0.1,3,13.9,24.5,26.407,64.125,1.2,1.2,25.938,62.673,1.2,1.2,2.0,12,Mùa khô
2023-01-01,25.862,29.5,22.0,62.375,0.6,0.6,3,13.8,27.4,26.118,62.458,1.8,1.8,26.029,63.774,1.8,1.8,3.0,1,Mùa khô
2023-01-02,26.5,32.4,22.4,72.458,2.3,2.3,3,12.6,27.7,26.206,63.097,3.0,3.0,26.228,65.393,4.1,4.1,4.0,1,Mùa khô
2023-01-03,26.658,32.3,22.9,77.667,0.2,0.2,3,17.2,29.5,26.34,70.833,3.1,3.1,26.349,67.542,4.3,4.3,5.0,1,Mùa khô
2023-01-04,26.858,31.7,23.2,66.375,0.3,0.3,3,20.5,32.8,26.672,72.167,2.8,2.8,26.443,67.321,4.6,4.6,6.0,1,Mùa khô
2023-01-05,24.517,26.9,22.6,74.833,3.5,3.5,3,19.3,29.9,26.011,72.958,4.0,4.0,26.127,68.387,8.1,8.1,7.0,1,Mùa khô
2023-01-06,23.867,28.0,20.9,76.708,20.3,20.3,3,18.9,28.8,25.081,72.639,24.1,24.1,25.788,69.268,27.3,27.3,7.0,1,Mùa khô
2023-01-07,23.7,27.7,21.4,79.625,27.1,27.1,3,19.6,31.0,24.028,77.056,50.9,50.9,25.423,72.863,54.3,54.3,7.0,1,Mùa khô
2023-01-08,23.733,27.0,20.8,83.75,0.5,0.5,3,9.3,18.0,23.767,80.028,47.9,47.9,25.119,75.917,54.2,54.2,7.0,1,Mùa khô
2023-01-09,24.742,27.7,23.0,88.583,17.0,17.0,51,11.5,28.8,24.058,83.986,44.6,44.6,24.868,78.22,68.9,68.9,7.0,1,Mùa khô
2023-01-10,24.533,26.3,23.0,87.917,14.2,14.2,3,18.7,31.3,24.336,86.75,31.7,31.7,24.564,79.685,82.9,82.9,7.0,1,Mùa khô
2023-01-11,25.467,28.7,23.2,81.792,0.7,0.7,3,18.7,31.3,24.914,86.097,31.9,31.9,24.365,81.887,83.3,83.3,7.0,1,Mùa khô
2023-01-12,25.512,28.6,23.1,84.458,3.8,3.8,1,14.1,24.5,25.171,84.722,18.7,18.7,24.508,83.262,83.6,83.6,7.0,1,Mùa khô
2023-01-13,26.029,29.9,22.6,85.75,2.3,2.3,3,8.8,15.8,25.669,84.0,6.8,6.8,24.817,84.554,65.6,65.6,7.0,1,Mùa khô
2023-01-14,26.758,31.1,23.0,82.958,0.2,0.2,0,9.3,15.1,26.1,84.389,6.3,6.3,25.254,85.03,38.7,38.7,7.0,1,Mùa khô
2023-01-15,26.525,30.9,22.8,81.833,0.0,0.0,0,12.0,19.1,26.438,83.514,2.5,2.5,25.652,84.756,38.2,38.2,6.0,1,Mùa khô
2023-01-16,26.463,30.5,23.1,79.875,0.3,0.3,1,13.8,22.0,26.582,81.556,0.5,0.5,25.898,83.512,21.5,21.5,6.0,1,Mùa khô
2023-01-17,25.612,30.3,21.3,80.0,0.1,0.1,3,14.5,24.1,26.2,80.569,0.4,0.4,26.052,82.381,7.4,7.4,6.0,1,Mùa khô
2023-01-18,25.283,30.0,20.4,75.25,0.0,0.0,3,11.9,20.2,25.786,78.375,0.4,0.4,26.026,81.446,6.7,6.7,5.0,1,Mùa khô
2023-01-19,25.767,30.6,21.8,70.667,0.0,0.0,3,12.3,19.4,25.554,75.306,0.1,0.1,26.062,79.476,2.9,2.9,4.0,1,Mùa khô
2023-01-20,26.392,31.0,21.8,75.0,0.0,0.0,3,9.9,21.2,25.814,73.639,0.0,0.0,26.114,77.94,0.6,0.6,3.0,1,Mùa khô
2023-01-21,27.004,31.7,22.1,72.292,0.1,0.1,3,11.0,17.6,26.388,72.653,0.1,0.1,26.149,76.417,0.5,0.5,3.0,1,Mùa khô
2023-01-22,27.092,31.5,23.2,78.5,0.3,0.3,3,10.7,20.9,26.829,75.264,0.4,0.4,26.23,75.94,0.8,0.8,4.0,1,Mùa khô
2023-01-23,27.392,32.5,23.1,76.5,0.4,0.4,3,12.9,24.8,27.162,75.764,0.8,0.8,26.363,75.458,0.9,0.9,4.0,1,Mùa khô
2023-01-24,27.354,32.5,23.2,74.208,0.6,0.6,3,10.8,21.6,27.279,76.403,1.3,1.3,26.612,74.631,1.4,1.4,4.0,1,Mùa khô
2023-01-25,26.183,32.0,22.2,61.667,0.0,0.0,3,18.4,29.5,26.976,70.792,1.0,1.0,26.74,72.69,1.4,1.4,4.0,1,Mùa khô
2023-01-26,26.408,32.2,21.4,62.125,0.0,0.0,3,10.1,21.2,26.649,66.0,0.6,0.6,26.832,71.47,1.4,1.4,4.0,1,Mùa khô
2023-01-27,26.529,32.3,21.9,75.167,1.8,1.8,3,16.9,33.5,26.374,66.319,1.8,1.8,26.852,71.494,3.2,3.2,5.0,1,Mùa khô
2023-01-28,27.138,32.2,23.2,54.875,0.0,0.0,3,16.2,24.8,26.692,64.056,1.8,1.8,26.871,69.006,3.1,3.1,4.0,1,Mùa khô
2023-01-29,25.638,31.0,21.5,57.208,0.0,0.0,3,9.7,22.7,26.435,62.417,1.8,1.8,26.663,65.964,2.8,2.8,3.0,1,Mùa khô
2023-01-30,25.292,31.4,20.4,58.792,0.0,0.0,3,12.0,22.0,26.022,56.958,0.0,0.0,26.363,63.435,2.4,2.4,2.0,1,Mùa khô
2023-01-31,26.296,32.4,20.8,68.875,0.0,0.0,2,18.4,30.2,25.742,61.625,0.0,0.0,26.212,62.673,1.8,1.8,1.0,1,Mùa khô
2023-02-01,27.146,32.0,22.9,69.208,1.4,1.4,3,12.3,27.4,26.244,65.625,1.4,1.4,26.349,63.75,3.2,3.2,2.0,2,Mùa khô
2023-02-02,27.9,33.6,23.9,71.0,1.4,1.4,1,17.4,31.0,27.114,69.694,2.8,2.8,26.562,65.018,4.6,4.6,3.0,2,Mùa khô
2023-02-03,28.679,34.8,24.2,63.125,0.0,0.0,3,18.8,34.6,27.908,67.778,2.8,2.8,26.87,63.298,2.8,2.8,2.0,2,Mùa khô
2023-02-04,28.408,34.7,23.2,61.792,0.3,0.3,3,17.8,34.2,28.329,65.306,1.7,1.7,27.051,64.286,3.1,3.1,3.0,2,Mùa khô
2023-02-05,27.983,34.4,23.0,62.042,0.0,0.0,3,18.0,32.0,28.357,62.319,0.3,0.3,27.386,64.976,3.1,3.1,3.0,2,Mùa khô
2023-02-06,27.817,34.7,22.6,63.875,0.0,0.0,3,20.8,35.6,28.069,62.569,0.3,0.3,27.747,65.702,3.1,3.1,3.0,2,Mùa khô
2023-02-07,27.7,34.0,23.5,68.167,0.9,0.9,3,20.1,34.2,27.833,64.694,0.9,0.9,27.948,65.601,4.0,4.0,4.0,2,Mùa khô
2023-02-08,28.037,34.4,23.5,68.875,0.7,0.7,0,16.6,31.7,27.851,66.972,1.6,1.6,28.075,65.554,3.3,3.3,4.0,2,Mùa khô
2023-02-09,28.275,33.8,24.1,64.667,0.1,0.1,0,18.0,32.8,28.004,67.236,1.7,1.7,28.129,64.649,2.0,2.0,4.0,2,Mùa khô
2023-02-10,27.946,35.2,22.8,62.583,0.0,0.0,1,23.8,40.0,28.086,65.375,0.8,0.8,28.024,64.571,2.0,2.0,4.0,2,Mùa khô
2023-02-11,27.688,35.3,22.7,69.375,0.0,0.0,3,22.0,43.9,27.969,65.542,0.1,0.1,27.921,65.655,1.7,1.7,3.0,2,Mùa khô
2023-02-12,27.958,35.0,23.4,69.5,0.2,0.2,3,22.6,38.2,27.864,67.153,0.2,0.2,27.917,66.72,1.9,1.9,4.0,2,Mùa khô
2023-02-13,27.638,33.7,23.5,73.958,0.0,0.0,3,20.7,34.2,27.761,70.944,0.2,0.2,27.892,68.161,1.9,1.9,4.0,2,Mùa khô
2023-02-14,27.112,33.3,23.0,74.708,0.0,0.0,3,22.6,37.1,27.569,72.722,0.2,0.2,27.808,69.095,1.0,1.0,3.0,2,Mùa khô
2023-02-15,28.012,33.7,23.4,62.667,0.1,0.1,3,15.0,28.1,27.588,70.444,0.1,0.1,27.804,68.208,0.4,0.4,3.0,2,Mùa khô
2023-02-16,27.446,33.5,21.0,58.75,0.0,0.0,3,15.6,25.9,27.524,65.375,0.1,0.1,27.686,67.363,0.3,0.3,2.0,2,Mùa khô
2023-02-17,27.792,34.0,22.6,58.75,0.8,0.8,3,15.0,28.4,27.75,60.056,0.9,0.9,27.664,66.815,1.1,1.1,3.0,2,Mùa khô
2023-02-18,27.092,31.5,24.2,68.25,0.0,0.0,3,14.5,23.0,27.443,61.917,0.8,0.8,27.579,66.655,1.1,1.1,3.0,2,Mùa khô
2023-02-19,27.425,33.6,24.4,72.417,1.9,1.9,3,16.7,36.7,27.436,66.472,2.7,2.7,27.502,67.071,2.8,2.8,3.0,2,Mùa khô
2023-02-20,26.617,31.2,23.2,72.208,3.7,3.7,3,18.9,29.9,27.044,70.958,5.6,5.6,27.357,66.821,6.5,6.5,4.0,2,Mùa khô
2023-02-21,27.317,33.5,22.0,66.375,0.0,0.0,3,19.5,31.0,27.119,70.333,5.6,5.6,27.386,65.631,6.5,6.5,4.0,2,Mùa khô
2023-02-22,27.287,32.9,22.5,65.417,0.1,0.1,3,18.2,29.2,27.074,68.0,3.8,3.8,27.282,66.024,6.5,6.5,4.0,2,Mùa khô
2023-02-23,27.458,33.5,22.2,66.208,0.1,0.1,3,17.5,29.2,27.354,66.0,0.2,0.2,27.284,67.089,6.6,6.6,5.0,2,Mùa khô
2023-02-24,27.4,33.7,22.5,67.5,0.0,0.0,0,19.6,34.2,27.382,66.375,0.2,0.2,27.228,68.339,5.8,5.8,4.0,2,Mùa khô
2023-02-25,27.146,33.3,21.9,61.0,0.0,0.0,3,15.5,27.0,27.335,64.903,0.1,0.1,27.236,67.304,5.8,5.8,4.0,2,Mùa khô
2023-02-26,27.679,35.0,21.8,50.833,0.0,0.0,3,14.9,29.5,27.408,59.778,0.0,0.0,27.272,64.22,3.9,3.9,3.0,2,Mùa khô
2023-02-27,27.692,34.5,22.4,55.25,0.0,0.0,3,17.4,33.8,27.506,55.694,0.0,0.0,27.426,61.798,0.2,0.2,2.0,2,Mùa khô
2023-02-28,28.025,34.5,23.4,60.75,0.3,0.3,3,16.9,31.7,27.799,55.611,0.3,0.3,27.527,60.994,0.5,0.5,3.0,2,Mùa khô
2023-03-01,28.15,33.4,24.0,66.625,0.0,0.0,3,15.0,27.7,27.956,60.875,0.3,0.3,27.65,61.167,0.4,0.4,2.0,3,Mùa khô
2023-03-02,28.471,34.3,23.7,61.292,0.0,0.0,3,15.5,25.9,28.215,62.889,0.3,0.3,27.795,60.464,0.3,0.3,1.0,3,Mùa khô
2023-03-03,27.742,34.2,22.5,58.708,0.0,0.0,3,16.6,29.9,28.121,62.208,0.0,0.0,27.843,59.208,0.3,0.3,1.0,3,Mùa khô
2023-03-04,27.333,33.2,22.2,56.375,0.0,0.0,3,17.3,27.7,27.849,58.792,0.0,0.0,27.87,58.548,0.3,0.3,1.0,3,Mùa khô
2023-03-05,26.738,32.2,21.5,57.25,0.0,0.0,3,13.2,27.7,27.271,57.444,0.0,0.0,27.736,59.464,0.3,0.3,1.0,3,Mùa khô
2023-03-06,26.567,33.0,21.1,57.917,0.0,0.0,3,23.3,41.4,26.879,57.181,0.0,0.0,27.575,59.845,0.3,0.3,1.0,3,Mùa khô
2023-03-07,26.75,33.7,21.6,60.75,0.0,0.0,0,18.9,37.4,26.685,58.639,0.0,0.0,27.393,59.845,0.0,0.0,0.0,3,Mùa khô
2023-03-08,27.121,34.2,22.1,60.0,0.0,0.0,0,20.7,37.1,26.812,59.556,0.0,0.0,27.246,58.899,0.0,0.0,0.0,3,Mùa khô
2023-03-09,26.762,34.2,21.5,60.375,0.0,0.0,0,23.6,38.9,26.878,60.375,0.0,0.0,27.002,58.768,0.0,0.0,0.0,3,Mùa khô
2023-03-10,26.525,34.0,21.4,65.583,0.0,0.0,0,21.2,41.0,26.803,61.986,0.0,0.0,26.828,59.75,0.0,0.0,0.0,3,Mùa khô
2023-03-11,27.054,34.7,22.2,66.042,0.0,0.0,0,21.8,38.9,26.781,64.0,0.0,0.0,26.788,61.131,0.0,0.0,0.0,3,Mùa khô
2023-03-12,26.767,33.2,22.3,64.75,0.1,0.1,0,19.9,38.2,26.782,65.458,0.1,0.1,26.792,62.202,0.1,0.1,1.0,3,Mùa khô
2023-03-13,27.492,34.2,22.5,58.792,0.0,0.0,0,22.5,37.1,27.104,63.194,0.1,0.1,26.924,62.327,0.1,0.1,1.0,3,Mùa khô
2023-03-14,27.283,34.2,22.3,58.792,0.0,0.0,0,24.0,39.2,27.181,60.778,0.1,0.1,27.001,62.048,0.1,0.1,1.0,3,Mùa khô
2023-03-15,27.592,35.7,22.4,61.083,0.0,0.0,0,27.2,46.1,27.456,59.556,0.0,0.0,27.068,62.202,0.1,0.1,1.0,3,Mùa khô
2023-03-16,28.292,35.5,23.4,59.125,0.0,0.0,3,20.8,39.2,27.722,59.667,0.0,0.0,27.286,62.024,0.1,0.1,1.0,3,Mùa khô
2023-03-17,28.317,35.6,23.2,62.833,0.2,0.2,3,20.8,33.5,28.067,61.014,0.2,0.2,27.542,61.631,0.3,0.3,2.0,3,Mùa khô
2023-03-18,28.271,35.2,24.0,63.042,0.0,0.0,3,23.9,41.8,28.293,61.667,0.2,0.2,27.716,61.202,0.3,0.3,2.0,3,Mùa khô
2023-03-19,28.904,37.0,24.0,62.167,0.0,0.0,0,28.3,49.3,28.497,62.681,0.2,0.2,28.021,60.833,0.2,0.2,1.0,3,Mùa khô
2023-03-20,28.504,34.8,24.4,68.125,0.5,0.5,0,19.2,32.0,28.56,64.444,0.5,0.5,28.166,62.167,0.7,0.7,2.0,3,Mùa khô
2023-03-21,28.733,35.4,24.5,70.333,0.0,0.0,3,17.7,30.2,28.714,66.875,0.5,0.5,28.373,63.815,0.7,0.7,2.0,3,Mùa khô
2023-03-22,28.804,35.7,24.7,70.208,0.0,0.0,3,19.8,33.5,28.681,69.556,0.5,0.5,28.546,65.119,0.7,0.7,2.0,3,Mùa khô
2023-03-23,28.854,35.0,25.0,70.208,0.3,0.3,2,16.8,30.6,28.797,70.25,0.3,0.3,28.627,66.702,1.0,1.0,3.0,3,Mùa khô
2023-03-24,29.046,36.4,24.0,70.375,0.0,0.0,3,20.7,35.6,28.901,70.264,0.3,0.3,28.731,67.78,0.8,0.8,2.0,3,Mùa khô
2023-03-25,28.492,34.1,25.3,70.042,0.1,0.1,3,20.0,33.8,28.797,70.208,0.4,0.4,28.762,68.78,0.9,0.9,3.0,3,Mùa khô
2023-03-26,28.633,35.8,23.2,71.833,0.0,0.0,3,18.8,32.0,28.724,70.75,0.1,0.1,28.724,70.161,0.9,0.9,3.0,3,Mùa khô
2023-03-27,29.358,35.8,25.0,69.125,0.0,0.0,3,22.4,36.7,28.828,70.333,0.1,0.1,28.846,70.304,0.4,0.4,2.0,3,Mùa khô
2023-03-28,29.483,35.8,25.8,69.708,2.1,2.1,3,21.7,36.4,29.158,70.222,2.1,2.1,28.953,70.214,2.5,2.5,3.0,3,Mùa khô
2023-03-29,29.329,35.2,24.9,64.875,0.0,0.0,3,18.5,35.3,29.39,67.903,2.1,2.1,29.028,69.452,2.5,2.5,3.0,3,Mùa khô
2023-03-30,28.963,34.8,25.0,68.5,0.5,0.5,3,19.7,35.3,29.258,67.694,2.6,2.6,29.043,69.208,2.7,2.7,3.0,3,Mùa khô
2023-03-31,29.033,34.4,25.5,68.042,0.1,0.1,1,17.3,31.3,29.108,67.139,0.6,0.6,29.042,68.875,2.8,2.8,4.0,3,Mùa khô
2023-04-01,28.65,34.2,24.6,71.083,0.0,0.0,3,21.8,35.6,28.882,69.208,0.6,0.6,29.064,69.024,2.7,2.7,3.0,4,Mùa khô
2023-04-02,28.742,35.0,23.7,72.292,0.1,0.1,0,19.6,31.0,28.808,70.472,0.2,0.2,29.08,69.089,2.8,2.8,4.0,4,Mùa khô
2023-04-03,28.533,34.0,25.6,73.458,7.7,7.7,1,20.8,38.5,28.642,72.278,7.8,7.8,28.962,69.708,10.5,10.5,5.0,4,Mùa khô
2023-04-04,28.846,34.5,25.0,74.583,1.5,1.5,3,17.2,31.0,28.707,73.444,9.3,9.3,28.871,70.405,9.9,9.9,5.0,4,Mùa khô
2023-04-05,29.242,34.3,25.5,71.292,0.5,0.5,3,18.7,31.0,28.874,73.111,9.7,9.7,28.858,71.321,10.4,10.4,6.0,4,Mùa khô
2023-04-06,29.458,35.2,25.4,72.5,1.0,1.0,0,19.3,31.7,29.182,72.792,3.0,3.0,28.929,71.893,10.9,10.9,6.0,4,Mùa khô
2023-04-07,29.975,35.3,26.4,66.917,0.0,0.0,0,19.7,33.5,29.558,70.236,1.5,1.5,29.064,71.732,10.8,10.8,5.0,4,Mùa khô
2023-04-08,30.321,36.3,25.2,63.333,0.0,0.0,0,19.7,32.0,29.918,67.583,1.0,1.0,29.302,70.625,10.8,10.8,5.0,4,Mùa khô
2023-04-09,30.475,36.9,26.0,64.917,0.7,0.7,1,17.5,31.7,30.257,65.056,0.7,0.7,29.55,69.571,11.4,11.4,5.0,4,Mùa khô
2023-04-10,29.512,35.3,25.9,71.375,2.8,2.8,3,20.3,36.0,30.103,66.542,3.5,3.5,29.69,69.274,6.5,6.5,5.0,4,Mùa khô
2023-04-11,29.254,33.5,26.4,72.708,6.1,6.1,3,14.3,25.9,29.747,69.667,9.6,9.6,29.748,69.006,11.1,11.1,5.0,4,Mùa khô
2023-04-12,29.496,34.8,25.9,74.625,0.6,0.6,0,17.2,28.8,29.421,72.903,9.5,9.5,29.785,69.482,11.2,11.2,5.0,4,Mùa khô
2023-04-13,29.567,34.6,25.9,72.583,3.0,3.0,0,16.8,29.2,29.439,73.306,9.7,9.7,29.8,69.494,13.2,13.2,5.0,4,Mùa khô
2023-04-14,29.446,35.0,24.1,72.875,4.7,4.7,1,17.5,31.3,29.503,73.361,8.3,8.3,29.724,70.345,17.9,17.9,6.0,4,Mùa khô
2023-04-15,28.517,33.8,25.2,76.708,39.5,39.5,51,15.6,31.7,29.176,74.056,47.2,47.2,29.467,72.256,57.4,57.4,7.0,4,Mùa khô
2023-04-16,28.062,32.0,25.3,81.292,7.2,7.2,3,14.8,27.0,28.675,76.958,51.4,51.4,29.122,74.595,63.9,63.9,7.0,4,Mùa khô
2023-04-17,28.842,33.3,25.6,78.25,0.1,0.1,3,20.9,34.9,28.474,78.75,46.8,46.8,29.026,75.577,61.2,61.2,7.0,4,Mùa khô
2023-04-18,29.083,33.2,26.0,76.125,0.5,0.5,0,17.9,29.9,28.662,78.556,7.8,7.8,29.002,76.065,55.6,55.6,7.0,4,Mùa khô
2023-04-19,29.367,34.2,24.9,75.625,0.7,0.7,0,15.9,27.0,29.097,76.667,1.3,1.3,28.983,76.208,55.7,55.7,7.0,4,Mùa khô
2023-04-20,30.758,36.3,26.4,68.875,0.2,0.2,1,20.9,34.2,29.736,73.542,1.4,1.4,29.154,75.679,52.9,52.9,7.0,4,Mùa khô
2023-04-21,30.571,36.5,26.4,69.542,1.4,1.4,3,12.4,23.0,30.232,71.347,2.3,2.3,29.314,75.202,49.6,49.6,7.0,4,Mùa khô
2023-04-22,30.558,36.3,26.5,70.75,0.3,0.3,1,18.7,32.4,30.629,69.722,1.9,1.9,29.606,74.351,10.4,10.4,7.0,4,Mùa khô
2023-04-23,30.667,36.0,26.8,68.167,0.3,0.3,0,19.5,34.2,30.599,69.486,2.0,2.0,29.978,72.476,3.5,3.5,7.0,4,Mùa khô
2023-04-24,30.904,37.5,25.8,66.083,0.2,0.2,0,13.2,28.4,30.71,68.333,0.8,0.8,30.273,70.738,3.6,3.6,7.0,4,Mùa khô
2023-04-25,31.133,37.7,26.8,65.583,0.8,0.8,3,22.3,38.5,30.901,66.611,1.3,1.3,30.565,69.232,3.9,3.9,7.0,4,Mùa khô
2023-04-26,31.037,36.3,26.8,62.083,0.0,0.0,3,18.1,31.3,31.025,64.583,1.0,1.0,30.804,67.298,3.2,3.2,6.0,4,Mùa khô
2023-04-27,31.054,37.5,26.5,63.958,0.3,0.3,3,22.8,38.9,31.075,63.875,1.1,1.1,30.846,66.595,3.3,3.3,6.0,4,Mùa khô
2023-04-28,31.275,37.3,27.0,61.542,1.2,1.2,3,16.0,29.5,31.122,62.528,1.5,1.5,30.947,65.452,3.1,3.1,6.0,4,Mùa khô
2023-04-29,30.929,36.8,27.1,64.708,2.7,2.7,3,18.9,31.3,31.086,63.403,4.2,4.2,31.0,64.589,5.5,5.5,6.0,4,Mùa khô
2023-04-30,29.808,34.9,26.0,71.542,2.3,2.3,3,18.5,35.6,30.671,65.931,6.2,6.2,30.877,65.071,7.5,7.5,6.0,4,Mùa khô
2023-05-01,30.725,36.8,26.5,63.875,0.3,0.3,0,16.6,28.1,30.487,66.708,5.3,5.3,30.852,64.756,7.6,7.6,6.0,5,Mùa mưa
2023-05-02,31.075,37.5,26.6,60.542,2.2,2.2,0,19.6,35.6,30.536,65.319,4.8,4.8,30.843,64.036,9.0,9.0,6.0,5,Mùa mưa
2023-05-03,31.408,37.0,27.5,63.292,1.5,1.5,3,17.8,32.0,31.069,62.569,4.0,4.0,30.896,64.208,10.5,10.5,7.0,5,Mùa mưa
2023-05-04,31.304,37.2,27.5,64.583,0.0,0.0,3,20.2,37.8,31.262,62.806,3.7,3.7,30.932,64.298,10.2,10.2,6.0,5,Mùa mưa
2023-05-05,31.767,36.8,27.0,63.167,0.2,0.2,3,12.8,24.5,31.493,63.681,1.7,1.7,31.002,64.53,9.2,9.2,6.0,5,Mùa mưa
2023-05-06,32.167,37.9,27.5,62.625,0.0,0.0,3,16.9,28.1,31.746,63.458,0.2,0.2,31.179,64.232,6.5,6.5,5.0,5,Mùa mưa
2023-05-07,31.829,36.7,28.2,65.042,1.3,1.3,3,19.1,35.6,31.921,63.611,1.5,1.5,31.468,63.304,5.5,5.5,5.0,5,Mùa mưa
2023-05-08,29.317,35.7,26.5,77.083,18.3,18.3,3,15.4,34.9,31.104,68.25,19.6,19.6,31.267,65.19,23.5,23.5,5.0,5,Mùa mưa
2023-05-09,27.642,32.2,25.9,86.125,16.3,16.3,3,18.8,32.0,29.596,76.083,35.9,35.9,30.776,68.845,37.6,37.6,5.0,5,Mùa mưa
2023-05-10,28.242,31.5,25.6,83.917,7.9,7.9,1,15.2,28.8,28.4,82.375,42.5,42.5,30.324,71.792,44.0,44.0,5.0,5,Mùa mưa
2023-05-11,28.667,31.9,26.0,82.167,8.3,8.3,3,10.9,20.2,28.183,84.069,32.5,32.5,29.947,74.304,52.3,52.3,6.0,5,Mùa mưa
2023-05-12,28.55,32.0,26.2,82.083,3.1,3.1,51,15.0,28.1,28.486,82.722,19.3,19.3,29.488,77.006,55.2,55.2,6.0,5,Mùa mưa
2023-05-13,29.133,32.8,26.1,80.75,4.8,4.8,3,12.0,21.2,28.783,81.667,16.2,16.2,29.054,79.595,60.0,60.0,7.0,5,Mùa mưa
2023-05-14,28.508,33.2,25.5,81.292,3.7,3.7,3,17.3,30.2,28.731,81.375,11.6,11.6,28.58,81.917,62.4,62.4,7.0,5,Mùa mưa
2023-05-15,29.004,33.8,25.7,80.292,0.8,0.8,0,13.0,25.2,28.882,80.778,9.3,9.3,28.535,82.375,44.9,44.9,7.0,5,Mùa mưa
2023-05-16,29.242,34.2,26.5,79.833,5.0,5.0,1,15.5,29.5,28.918,80.472,9.5,9.5,28.764,81.476,33.6,33.6,7.0,5,Mùa mưa
2023-05-17,28.746,33.8,26.2,81.833,11.1,11.1,3,11.3,22.7,28.997,80.653,16.9,16.9,28.836,81.179,36.8,36.8,7.0,5,Mùa mưa
2023-05-18,28.512,34.0,26.1,83.417,11.1,11.1,0,19.3,35.6,28.833,81.694,27.2,27.2,28.814,81.357,39.6,39.6,7.0,5,Mùa mưa
2023-05-19,29.429,34.6,25.7,77.708,0.3,0.3,3,18.0,38.5,28.896,80.986,22.5,22.5,28.939,80.732,36.8,36.8,7.0,5,Mùa mưa
2023-05-20,28.604,32.7,26.4,82.292,4.9,4.9,3,21.3,37.8,28.849,81.139,16.3,16.3,28.864,80.952,36.9,36.9,7.0,5,Mùa mưa
2023-05-21,27.929,31.9,26.0,85.667,8.3,8.3,3,18.4,33.8,28.654,81.889,13.5,13.5,28.781,81.577,41.5,41.5,7.0,5,Mùa mưa
2023-05-22,27.617,33.5,25.0,85.667,13.9,13.9,3,13.4,35.6,28.05,84.542,27.1,27.1,28.583,82.345,54.6,54.6,7.0,5,Mùa mưa
2023-05-23,27.75,32.8,25.1,85.333,13.0,13.0,51,14.9,42.5,27.765,85.556,35.2,35.2,28.37,83.131,62.6,62.6,7.0,5,Mùa mưa
2023-05-24,28.104,32.6,25.6,84.583,7.4,7.4,3,16.4,30.2,27.824,85.194,34.3,34.3,28.278,83.524,58.9,58.9,7.0,5,Mùa mưa
2023-05-25,27.358,31.1,24.4,85.958,9.8,9.8,3,16.4,37.1,27.738,85.292,30.2,30.2,28.113,83.887,57.6,57.6,7.0,5,Mùa mưa
2023-05-26,27.379,30.8,25.3,86.208,10.8,10.8,3,15.6,30.2,27.614,85.583,28.0,28.0,27.82,85.101,68.1,68.1,7.0,5,Mùa mưa
2023-05-27,26.262,30.5,24.1,88.458,35.9,35.9,51,15.8,33.8,27.0,86.875,56.5,56.5,27.486,85.982,99.1,99.1,7.0,5,Mùa mưa
2023-05-28,26.708,30.3,24.2,88.375,20.3,20.3,51,15.0,31.3,26.783,87.681,67.0,67.0,27.311,86.369,111.1,111.1,7.0,5,Mùa mưa
2023-05-29,27.054,31.6,24.5,87.167,11.6,11.6,3,15.6,31.0,26.675,88.0,67.8,67.8,27.231,86.583,108.8,108.8,7.0,5,Mùa mưa
2023-05-30,27.117,30.5,25.1,88.208,8.8,8.8,3,21.6,37.4,26.96,87.917,40.7,40.7,27.14,86.994,104.6,104.6,7.0,5,Mùa mưa
2023-05-31,27.708,31.6,25.9,85.667,4.9,4.9,3,23.0,38.5,27.293,87.014,25.3,25.3,27.084,87.149,102.1,102.1,7.0,5,Mùa mưa
2023-06-01,27.4,31.3,25.2,87.083,12.2,12.2,3,23.5,41.8,27.408,86.986,25.9,25.9,27.09,87.31,104.5,104.5,7.0,6,Mùa mưa
2023-06-02,27.871,31.1,25.8,86.542,8.3,8.3,3,20.4,36.4,27.66,86.431,25.4,25.4,27.16,87.357,102.0,102.0,7.0,6,Mùa mưa
2023-06-03,28.067,32.8,25.6,86.542,6.3,6.3,3,18.3,38.2,27.779,86.722,26.8,26.8,27.418,87.083,72.4,72.4,7.0,6,Mùa mưa
2023-06-04,27.546,32.2,25.6,87.417,13.7,13.7,51,17.7,32.4,27.828,86.833,28.3,28.3,27.537,86.946,65.8,65.8,7.0,6,Mùa mưa
2023-06-05,26.725,31.3,25.1,88.833,28.4,28.4,51,14.8,31.0,27.446,87.597,48.4,48.4,27.49,87.185,82.6,82.6,7.0,6,Mùa mưa
2023-06-06,27.183,30.9,25.0,86.583,19.1,19.1,3,22.9,40.7,27.151,87.611,61.2,61.2,27.5,86.952,92.9,92.9,7.0,6,Mùa mưa
2023-06-07,26.612,28.5,25.0,89.083,6.8,6.8,51,17.1,29.2,26.84,88.167,54.3,54.3,27.343,87.44,94.8,94.8,7.0,6,Mùa mưa
2023-06-08,27.379,30.0,25.0,86.708,2.3,2.3,3,16.7,31.3,27.058,87.458,28.2,28.2,27.34,87.387,84.9,84.9,7.0,6,Mùa mưa
2023-06-09,27.558,31.0,25.3,84.167,7.3,7.3,51,19.1,36.7,27.183,86.653,16.4,16.4,27.296,87.048,83.9,83.9,7.0,6,Mùa mưa
2023-06-10,27.142,31.6,25.0,87.75,15.0,15.0,3,14.1,39.6,27.36,86.208,24.6,24.6,27.164,87.22,92.6,92.6,7.0,6,Mùa mưa
2023-06-11,28.008,31.9,25.5,81.042,1.2,1.2,3,23.5,43.2,27.569,84.319,23.5,23.5,27.23,86.31,80.1,80.1,7.0,6,Mùa mưa
2023-06-12,27.117,31.5,25.3,86.333,12.0,12.0,3,26.1,43.9,27.422,85.042,28.2,28.2,27.286,85.952,63.7,63.7,7.0,6,Mùa mưa
2023-06-13,27.262,30.9,24.4,84.75,1.1,1.1,3,14.5,26.6,27.462,84.042,14.3,14.3,27.297,85.69,45.7,45.7,7.0,6,Mùa mưa
2023-06-14,27.754,31.7,25.5,84.583,14.0,14.0,3,20.9,38.9,27.378,85.222,27.1,27.1,27.46,85.048,52.9,52.9,7.0,6,Mùa mưa
2023-06-15,28.338,33.0,24.5,81.708,7.7,7.7,3,15.8,31.3,27.785,83.681,22.8,22.8,27.597,84.333,58.3,58.3,7.0,6,Mùa mưa
2023-06-16,27.775,32.2,25.1,86.792,12.5,12.5,3,17.7,36.7,27.956,84.361,34.2,34.2,27.628,84.708,63.5,63.5,7.0,6,Mùa mưa
2023-06-17,27.221,31.6,25.1,87.667,14.4,14.4,3,9.2,25.6,27.778,85.389,34.6,34.6,27.639,84.696,62.9,62.9,7.0,6,Mùa mưa
2023-06-18,26.908,31.6,24.9,85.167,11.0,11.0,3,19.5,33.1,27.301,86.542,37.9,37.9,27.482,85.286,72.7,72.7,7.0,6,Mùa mưa
2023-06-19,27.508,32.0,24.0,83.542,14.8,14.8,3,19.7,33.8,27.212,85.458,40.2,40.2,27.538,84.887,75.5,75.5,7.0,6,Mùa mưa
2023-06-20,28.171,32.5,25.4,82.917,5.1,5.1,3,16.0,28.4,27.529,83.875,30.9,30.9,27.668,84.625,79.5,79.5,7.0,6,Mùa mưa
2023-06-21,27.671,31.2,24.9,85.542,7.4,7.4,3,11.2,27.4,27.783,84.0,27.3,27.3,27.656,84.762,72.9,72.9,7.0,6,Mùa mưa
2023-06-22,27.762,31.9,24.9,83.5,4.7,4.7,51,13.2,27.7,27.868,83.986,17.2,17.2,27.574,85.018,69.9,69.9,7.0,6,Mùa mưa
2023-06-23,28.488,33.2,25.5,82.917,7.7,7.7,3,10.7,25.6,27.974,83.986,19.8,19.8,27.676,84.464,65.1,65.1,7.0,6,Mùa mưa
2023-06-24,28.029,32.5,25.7,85.667,4.4,4.4,51,12.7,35.6,28.093,84.028,16.8,16.8,27.791,84.179,55.1,55.1,7.0,6,Mùa mưa
2023-06-25,27.075,31.8,25.0,88.708,7.3,7.3,3,16.5,28.1,27.864,85.764,19.4,19.4,27.815,84.685,51.4,51.4,7.0,6,Mùa mưa
2023-06-26,27.45,32.6,24.5,86.458,0.3,0.3,3,17.4,35.3,27.518,86.944,12.0,12.0,27.807,85.101,36.9,36.9,7.0,6,Mùa mưa
2023-06-27,27.279,31.6,24.0,86.25,10.2,10.2,3,11.2,21.2,27.268,87.139,17.8,17.8,27.679,85.577,42.0,42.0,7.0,6,Mùa mưa
2023-06-28,27.279,31.4,25.0,87.167,6.6,6.6,51,12.1,26.6,27.336,86.625,17.1,17.1,27.623,85.81,41.2,41.2,7.0,6,Mùa mưa
2023-06-29,27.683,32.1,25.1,85.708,14.3,14.3,51,15.9,38.2,27.414,86.375,31.1,31.1,27.612,86.125,50.8,50.8,7.0,6,Mùa mưa
2023-06-30,27.804,31.6,25.5,85.792,10.4,10.4,3,19.5,34.6,27.589,86.222,31.3,31.3,27.514,86.536,53.5,53.5,7.0,6,Mùa mưa
2023-07-01,27.167,31.7,25.4,87.083,16.0,16.0,51,18.8,34.6,27.551,86.194,40.7,40.7,27.391,86.738,65.1,65.1,7.0,7,Mùa mưa
2023-07-02,26.667,29.8,24.9,87.292,17.2,17.2,51,15.9,28.8,27.212,86.722,43.6,43.6,27.333,86.536,75.0,75.0,7.0,7,Mùa mưa
2023-07-03,27.054,31.9,24.4,86.292,8.1,8.1,3,17.6,32.0,26.963,86.889,41.3,41.3,27.276,86.512,82.8,82.8,7.0,7,Mùa mưa
2023-07-04,27.933,32.4,24.2,80.75,0.0,0.0,3,12.9,26.3,27.218,84.778,25.3,25.3,27.37,85.726,72.6,72.6,6.0,7,Mùa mưa
2023-07-05,27.071,31.6,24.5,86.958,19.3,19.3,3,10.8,22.7,27.353,84.667,27.4,27.4,27.34,85.696,85.3,85.3,6.0,7,Mùa mưa
2023-07-06,26.988,32.1,23.8,87.583,30.5,30.5,3,15.0,30.2,27.331,85.097,49.8,49.8,27.24,85.964,101.5,101.5,6.0,7,Mùa mưa
2023-07-07,27.933,31.6,24.5,83.292,2.3,2.3,3,16.6,27.0,27.331,85.944,52.1,52.1,27.259,85.607,93.4,93.4,6.0,7,Mùa mưa
2023-07-08,27.488,30.2,25.5,84.917,12.5,12.5,51,17.3,32.0,27.469,85.264,45.3,45.3,27.305,85.298,89.9,89.9,6.0,7,Mùa mưa
2023-07-09,26.746,30.5,25.0,88.0,7.4,7.4,3,14.1,30.2,27.389,85.403,22.2,22.2,27.316,85.399,80.1,80.1,6.0,7,Mùa mưa
2023-07-10,27.671,32.0,24.4,83.667,2.5,2.5,3,13.4,23.8,27.301,85.528,22.4,22.4,27.404,85.024,74.5,74.5,6.0,7,Mùa mưa
2023-07-11,28.162,32.5,24.7,82.125,3.0,3.0,3,18.8,30.2,27.526,84.597,12.9,12.9,27.437,85.22,77.5,77.5,7.0,7,Mùa mưa
2023-07-12,28.1,32.0,24.1,83.625,2.5,2.5,3,11.0,23.0,27.978,83.139,8.0,8.0,27.584,84.744,60.7,60.7,7.0,7,Mùa mưa
2023-07-13,27.362,31.5,25.2,88.583,21.5,21.5,3,12.3,31.0,27.875,84.778,27.0,27.0,27.637,84.887,51.7,51.7,7.0,7,Mùa mưa
2023-07-14,26.867,31.5,24.8,87.417,30.0,30.0,3,17.6,37.1,27.443,86.542,54.0,54.0,27.485,85.476,79.4,79.4,7.0,7,Mùa mưa
2023-07-15,27.142,30.0,25.0,87.333,12.5,12.5,3,18.0,37.4,27.124,87.778,64.0,64.0,27.436,85.821,79.4,79.4,7.0,7,Mùa mưa
2023-07-16,27.429,30.9,26.0,83.583,8.0,8.0,3,26.9,49.0,27.146,86.111,50.5,50.5,27.533,85.19,80.0,80.0,7.0,7,Mùa mưa
2023-07-17,26.662,29.9,25.2,86.458,13.4,13.4,51,28.1,51.8,27.078,85.792,33.9,33.9,27.389,85.589,90.9,90.9,7.0,7,Mùa mưa
2023-07-18,26.562,29.7,24.9,88.042,18.8,18.8,3,27.9,47.9,26.885,86.028,40.2,40.2,27.161,86.435,106.7,106.7,7.0,7,Mùa mưa
2023-07-19,26.754,31.0,25.0,87.5,14.3,14.3,3,21.9,37.8,26.66,87.333,46.5,46.5,26.968,86.988,118.5,118.5,7.0,7,Mùa mưa
2023-07-20,26.179,28.9,24.7,89.208,13.4,13.4,51,16.8,33.5,26.499,88.25,46.5,46.5,26.799,87.077,110.4,110.4,7.0,7,Mùa mưa
2023-07-21,26.475,29.9,24.9,87.75,16.2,16.2,3,12.9,24.8,26.469,88.153,43.9,43.9,26.743,87.125,96.6,96.6,7.0,7,Mùa mưa
2023-07-22,25.946,29.1,24.0,90.083,12.6,12.6,3,15.5,27.0,26.2,89.014,42.2,42.2,26.573,87.518,96.7,96.7,7.0,7,Mùa mưa
2023-07-23,26.275,30.4,24.5,89.125,14.6,14.6,51,19.4,37.1,26.232,88.986,43.4,43.4,26.408,88.31,103.3,103.3,7.0,7,Mùa mưa
2023-07-24,26.392,30.8,24.2,89.292,18.8,18.8,3,19.4,38.2,26.204,89.5,46.0,46.0,26.369,88.714,108.7,108.7,7.0,7,Mùa mưa
2023-07-25,26.75,31.1,24.6,87.625,10.7,10.7,51,22.6,42.1,26.472,88.681,44.1,44.1,26.396,88.655,100.6,100.6,7.0,7,Mùa mưa
2023-07-26,27.075,30.9,25.0,87.542,14.8,14.8,51,23.1,42.1,26.739,88.153,44.3,44.3,26.442,88.661,101.1,101.1,7.0,7,Mùa mưa
2023-07-27,26.771,30.3,25.6,88.625,24.8,24.8,3,21.3,36.7,26.865,87.931,50.3,50.3,26.526,88.577,112.5,112.5,7.0,7,Mùa mưa
2023-07-28,27.171,31.2,25.2,86.792,18.0,18.0,3,23.2,41.0,27.006,87.653,57.6,57.6,26.626,88.44,114.3,114.3,7.0,7,Mùa mưa
2023-07-29,26.988,29.5,24.9,87.375,11.2,11.2,3,24.5,44.6,26.976,87.597,54.0,54.0,26.774,88.054,112.9,112.9,7.0,7,Mùa mưa
2023-07-30,26.95,30.0,24.8,87.208,9.7,9.7,51,22.7,41.0,27.036,87.125,38.9,38.9,26.871,87.78,108.0,108.0,7.0,7,Mùa mưa
2023-07-31,27.167,31.1,24.9,86.042,8.0,8.0,3,22.8,43.9,27.035,86.875,28.9,28.9,26.982,87.315,97.2,97.2,7.0,7,Mùa mưa
2023-08-01,27.017,30.9,25.4,87.833,17.2,17.2,3,18.7,40.3,27.044,87.028,34.9,34.9,27.02,87.345,103.7,103.7,7.0,8,Mùa mưa
2023-08-02,27.308,31.5,25.2,86.5,12.7,12.7,3,24.2,45.0,27.164,86.792,37.9,37.9,27.053,87.196,101.6,101.6,7.0,8,Mùa mưa
2023-08-03,27.404,31.0,25.4,84.667,17.5,17.5,3,23.4,42.1,27.243,86.333,47.4,47.4,27.143,86.631,94.3,94.3,7.0,8,Mùa mưa
2023-08-04,27.483,31.9,25.0,85.5,5.6,5.6,3,21.0,36.0,27.399,85.556,35.8,35.8,27.188,86.446,81.9,81.9,7.0,8,Mùa mưa
2023-08-05,27.621,31.6,24.8,84.708,6.4,6.4,0,21.5,42.5,27.503,84.958,29.5,29.5,27.279,86.065,77.1,77.1,7.0,8,Mùa mưa
2023-08-06,28.008,32.8,24.2,81.625,8.7,8.7,3,20.7,42.5,27.704,83.944,20.7,20.7,27.43,85.268,76.1,76.1,7.0,8,Mùa mưa
2023-08-07,28.204,32.0,25.2,81.792,2.2,2.2,1,21.0,41.8,27.944,82.708,17.3,17.3,27.578,84.661,70.3,70.3,7.0,8,Mùa mưa
2023-08-08,27.833,31.7,25.2,83.333,2.3,2.3,3,19.6,36.7,28.015,82.25,13.2,13.2,27.695,84.018,55.4,55.4,7.0,8,Mùa mưa
2023-08-09,28.175,31.7,25.0,82.125,1.6,1.6,0,16.9,33.5,28.071,82.417,6.1,6.1,27.818,83.393,44.3,44.3,7.0,8,Mùa mưa
2023-08-10,28.179,32.3,25.2,82.25,1.3,1.3,0,19.5,33.8,28.062,82.569,5.2,5.2,27.929,83.048,28.1,28.1,7.0,8,Mùa mưa
2023-08-11,28.125,31.4,25.6,82.875,2.1,2.1,1,21.6,37.4,28.16,82.417,5.0,5.0,28.021,82.673,24.6,24.6,7.0,8,Mùa mưa
2023-08-12,27.642,31.3,25.2,85.375,11.7,11.7,3,18.0,38.9,27.982,83.5,15.1,15.1,28.024,82.768,29.9,29.9,7.0,8,Mùa mưa
2023-08-13,27.475,30.6,25.3,86.083,5.4,5.4,1,17.0,32.8,27.747,84.778,19.2,19.2,27.948,83.405,26.6,26.6,7.0,8,Mùa mưa
2023-08-14,27.475,31.8,25.1,85.667,4.8,4.8,0,18.0,34.6,27.531,85.708,21.9,21.9,27.843,83.958,29.2,29.2,7.0,8,Mùa mưa
2023-08-15,27.529,31.5,24.4,83.75,8.9,8.9,3,18.3,33.1,27.493,85.167,19.1,19.1,27.8,84.018,35.8,35.8,7.0,8,Mùa mưa
2023-08-16,27.358,31.8,24.6,85.083,10.4,10.4,3,18.1,36.0,27.454,84.833,24.1,24.1,27.683,84.44,44.6,44.6,7.0,8,Mùa mưa
2023-08-17,27.504,31.0,25.0,85.625,6.0,6.0,51,23.3,40.0,27.464,84.819,25.3,25.3,27.587,84.923,49.3,49.3,7.0,8,Mùa mưa
2023-08-18,26.925,31.2,24.4,87.875,8.3,8.3,51,18.6,32.0,27.263,86.194,24.7,24.7,27.415,85.637,55.5,55.5,7.0,8,Mùa mưa
2023-08-19,26.45,31.4,25.0,89.625,27.8,27.8,51,16.3,34.6,26.96,87.708,42.1,42.1,27.245,86.244,71.6,71.6,7.0,8,Mùa mưa
2023-08-20,26.492,30.3,25.1,88.042,21.3,21.3,51,18.9,33.8,26.622,88.514,57.4,57.4,27.105,86.524,87.5,87.5,7.0,8,Mùa mưa
2023-08-21,27.167,31.7,24.5,85.917,8.8,8.8,3,17.8,36.4,26.703,87.861,57.9,57.9,27.061,86.56,91.5,91.5,7.0,8,Mùa mưa
2023-08-22,27.342,31.8,24.4,85.5,4.5,4.5,1,21.2,36.4,27.0,86.486,34.6,34.6,27.034,86.81,87.1,87.1,7.0,8,Mùa mưa
2023-08-23,28.192,32.4,24.8,79.792,0.9,0.9,1,16.6,29.2,27.567,83.736,14.2,14.2,27.153,86.054,77.6,77.6,7.0,8,Mùa mưa
2023-08-24,28.142,32.4,24.5,78.75,0.8,0.8,1,15.9,28.1,27.892,81.347,6.2,6.2,27.244,85.071,72.4,72.4,7.0,8,Mùa mưa
2023-08-25,28.367,32.8,24.8,80.792,1.4,1.4,3,11.2,22.0,28.233,79.778,3.1,3.1,27.45,84.06,65.5,65.5,7.0,8,Mùa mưa
2023-08-26,27.75,32.0,25.6,85.125,32.0,32.0,51,14.2,26.6,28.086,81.556,34.2,34.2,27.636,83.417,69.7,69.7,7.0,8,Mùa mưa
2023-08-27,26.963,31.8,24.9,87.417,38.3,38.3,51,18.2,34.6,27.693,84.444,71.7,71.7,27.703,83.327,86.7,86.7,7.0,8,Mùa mưa
2023-08-28,27.112,31.9,25.1,87.833,21.5,21.5,51,19.6,31.7,27.275,86.792,91.8,91.8,27.695,83.601,99.4,99.4,7.0,8,Mùa mưa
2023-08-29,27.05,31.7,24.9,86.583,22.3,22.3,3,19.8,36.0,27.042,87.278,82.1,82.1,27.654,83.756,117.2,117.2,7.0,8,Mùa mưa
2023-08-30,26.971,31.0,24.2,87.792,8.8,8.8,51,20.2,37.8,27.044,87.403,52.6,52.6,27.479,84.899,125.1,125.1,7.0,8,Mùa mưa
2023-08-31,26.862,30.1,25.1,89.0,19.9,19.9,51,24.1,44.3,26.961,87.792,51.0,51.0,27.296,86.363,144.2,144.2,7.0,8,Mùa mưa
2023-09-01,26.479,30.4,24.9,89.583,20.5,20.5,51,19.2,38.2,26.771,88.792,49.2,49.2,27.027,87.619,163.3,163.3,7.0,9,Mùa mưa
2023-09-02,26.646,29.1,25.0,88.125,11.4,11.4,51,23.9,42.5,26.663,88.903,51.8,51.8,26.869,88.048,142.7,142.7,7.0,9,Mùa mưa
2023-09-03,27.033,30.5,25.0,87.083,13.5,13.5,3,20.5,36.7,26.719,88.264,45.4,45.4,26.879,88.0,117.9,117.9,7.0,9,Mùa mưa
2023-09-04,26.762,30.0,24.7,87.917,12.7,12.7,3,25.3,43.2,26.814,87.708,37.6,37.6,26.829,88.012,109.1,109.1,7.0,9,Mùa mưa
2023-09-05,26.762,30.5,24.5,88.417,21.6,21.6,51,20.5,43.6,26.853,87.806,47.8,47.8,26.788,88.274,108.4,108.4,7.0,9,Mùa mưa
2023-09-06,27.033,30.2,24.6,87.083,5.8,5.8,3,12.0,23.8,26.853,87.806,40.1,40.1,26.797,88.173,105.4,105.4,7.0,9,Mùa mưa
2023-09-07,27.162,31.3,24.5,88.75,11.9,11.9,3,14.2,30.6,26.986,88.083,39.3,39.3,26.84,88.137,97.4,97.4,7.0,9,Mùa mưa
2023-09-08,27.017,31.8,24.2,88.083,5.7,5.7,3,16.9,30.6,27.071,87.972,23.4,23.4,26.917,87.923,82.6,82.6,7.0,9,Mùa mưa
2023-09-09,26.671,31.0,24.4,88.125,10.8,10.8,51,14.2,38.9,26.95,88.319,28.4,28.4,26.92,87.923,82.0,82.0,7.0,9,Mùa mưa
2023-09-10,26.454,30.5,24.5,88.625,14.5,14.5,51,19.9,34.9,26.714,88.278,31.0,31.0,26.838,88.143,83.0,83.0,7.0,9,Mùa mưa
2023-09-11,27.367,31.4,24.2,83.583,4.8,4.8,3,18.4,36.4,26.831,86.778,30.1,30.1,26.924,87.524,75.1,75.1,7.0,9,Mùa mưa
2023-09-12,26.704,30.6,23.9,85.75,5.8,5.8,3,19.0,34.9,26.842,85.986,25.1,25.1,26.915,87.143,59.3,59.3,7.0,9,Mùa mưa
2023-09-13,26.917,31.4,24.8,86.25,9.7,9.7,3,21.0,37.4,26.996,85.194,20.3,20.3,26.899,87.024,63.2,63.2,7.0,9,Mùa mưa
2023-09-14,26.504,31.0,24.8,88.708,15.1,15.1,51,13.8,37.1,26.708,86.903,30.6,30.6,26.805,87.018,66.4,66.4,7.0,9,Mùa mưa
2023-09-15,26.354,29.5,24.8,86.833,18.3,18.3,51,21.7,41.8,26.592,87.264,43.1,43.1,26.71,86.839,79.0,79.0,7.0,9,Mùa mưa
2023-09-16,26.388,30.3,24.1,88.0,8.0,8.0,3,16.8,31.3,26.415,87.847,41.4,41.4,26.67,86.821,76.2,76.2,7.0,9,Mùa mưa
2023-09-17,26.696,31.5,24.0,87.583,23.2,23.2,3,13.6,23.8,26.479,87.472,49.5,49.5,26.704,86.673,84.9,84.9,7.0,9,Mùa mưa
2023-09-18,27.075,31.6,23.9,85.917,8.5,8.5,3,9.1,19.8,26.719,87.167,39.7,39.7,26.662,87.006,88.6,88.6,7.0,9,Mùa mưa
2023-09-19,27.2,32.0,24.5,86.875,14.4,14.4,3,12.0,25.9,26.99,86.792,46.1,46.1,26.733,87.167,97.2,97.2,7.0,9,Mùa mưa
2023-09-20,27.283,31.7,24.5,85.792,18.0,18.0,3,10.9,30.2,27.186,86.194,40.9,40.9,26.786,87.101,105.5,105.5,7.0,9,Mùa mưa
2023-09-21,26.342,30.1,23.9,88.583,34.3,34.3,3,16.3,30.2,26.942,87.083,66.7,66.7,26.762,87.083,124.7,124.7,7.0,9,Mùa mưa
2023-09-22,26.929,31.0,23.9,86.792,24.0,24.0,51,11.2,25.2,26.851,87.056,76.3,76.3,26.845,87.077,130.4,130.4,7.0,9,Mùa mưa
2023-09-23,26.229,30.3,23.9,88.792,4.4,4.4,3,19.3,33.8,26.5,88.056,62.7,62.7,26.822,87.19,126.8,126.8,7.0,9,Mùa mưa
2023-09-24,26.55,30.5,24.5,88.75,24.4,24.4,51,13.7,28.8,26.569,88.111,52.8,52.8,26.801,87.357,128.0,128.0,7.0,9,Mùa mưa
2023-09-25,26.383,30.3,24.3,88.167,8.5,8.5,51,19.5,35.6,26.388,88.569,37.3,37.3,26.702,87.679,128.0,128.0,7.0,9,Mùa mưa
2023-09-26,26.004,28.6,24.6,89.542,21.2,21.2,3,22.4,38.5,26.312,88.819,54.1,54.1,26.532,88.06,134.8,134.8,7.0,9,Mùa mưa
2023-09-27,26.146,30.0,24.2,89.375,23.2,23.2,3,16.6,32.0,26.178,89.028,52.9,52.9,26.369,88.571,140.0,140.0,7.0,9,Mùa mưa
2023-09-28,26.483,30.9,23.7,89.875,10.0,10.0,3,13.3,35.3,26.211,89.597,54.4,54.4,26.389,88.756,115.7,115.7,7.0,9,Mùa mưa
2023-09-29,27.442,31.8,24.1,85.75,28.8,28.8,3,15.2,29.9,26.69,88.333,62.0,62.0,26.463,88.607,120.5,120.5,7.0,9,Mùa mưa
2023-09-30,26.479,30.5,24.0,85.208,14.0,14.0,3,23.2,38.2,26.801,86.944,52.8,52.8,26.498,88.095,130.1,130.1,7.0,9,Mùa mưa
2023-10-01,26.579,31.5,23.7,88.333,32.6,32.6,51,16.6,32.8,26.833,86.431,75.4,75.4,26.502,88.036,138.3,138.3,7.0,10,Mùa mưa
2023-10-02,25.808,28.6,23.9,90.583,34.1,34.1,51,15.6,30.6,26.289,88.042,80.7,80.7,26.42,88.381,163.9,163.9,7.0,10,Mùa mưa
2023-10-03,26.362,30.9,23.6,87.292,10.9,10.9,51,16.5,26.3,26.25,88.736,77.6,77.6,26.471,88.06,153.6,153.6,7.0,10,Mùa mưa
2023-10-04,27.192,31.1,24.1,86.333,2.3,2.3,51,17.1,29.2,26.454,88.069,47.3,47.3,26.621,87.625,132.7,132.7,7.0,10,Mùa mưa
2023-10-05,26.888,31.5,24.4,87.958,8.0,8.0,3,14.1,28.1,26.814,87.194,21.2,21.2,26.679,87.351,130.7,130.7,7.0,10,Mùa mưa
2023-10-06,27.371,31.9,24.8,86.667,9.8,9.8,3,12.2,26.6,27.15,86.986,20.1,20.1,26.668,87.482,111.7,111.7,7.0,10,Mùa mưa
2023-10-07,27.037,31.6,25.0,88.125,14.1,14.1,3,15.6,30.6,27.099,87.583,31.9,31.9,26.748,87.899,111.8,111.8,7.0,10,Mùa mưa
2023-10-08,27.417,32.5,25.0,85.5,16.1,16.1,3,15.0,35.6,27.275,86.764,40.0,40.0,26.868,87.494,95.3,95.3,7.0,10,Mùa mưa
2023-10-09,27.621,31.8,24.2,81.708,0.7,0.7,3,16.5,31.3,27.358,85.111,30.9,30.9,27.127,86.226,61.9,61.9,7.0,10,Mùa mưa
2023-10-10,27.65,31.0,24.7,85.708,4.3,4.3,3,10.3,19.4,27.562,84.306,21.1,21.1,27.311,86.0,55.3,55.3,7.0,10,Mùa mưa
2023-10-11,27.238,31.2,24.8,89.083,11.3,11.3,51,16.6,33.8,27.503,85.5,16.3,16.3,27.317,86.393,64.3,64.3,7.0,10,Mùa mưa
2023-10-12,26.904,31.8,23.6,88.0,18.6,18.6,1,10.8,28.8,27.264,87.597,34.2,34.2,27.32,86.399,74.9,74.9,7.0,10,Mùa mưa
2023-10-13,26.475,31.0,23.5,87.583,7.5,7.5,3,17.2,29.5,26.872,88.222,37.4,37.4,27.192,86.53,72.6,72.6,7.0,10,Mùa mưa
2023-10-14,26.833,30.7,24.3,87.958,7.5,7.5,51,12.2,22.0,26.738,87.847,33.6,33.6,27.162,86.506,66.0,66.0,7.0,10,Mùa mưa
2023-10-15,26.296,29.9,23.8,88.75,18.1,18.1,51,8.3,19.1,26.535,88.097,33.1,33.1,27.002,86.97,68.0,68.0,7.0,10,Mùa mưa
2023-10-16,25.933,30.1,24.0,88.667,31.3,31.3,51,18.1,31.3,26.354,88.458,56.9,56.9,26.761,87.964,98.6,98.6,7.0,10,Mùa mưa
2023-10-17,26.271,30.9,23.7,88.792,17.8,17.8,3,11.3,25.6,26.167,88.736,67.2,67.2,26.564,88.405,112.1,112.1,7.0,10,Mùa mưa
2023-10-18,26.571,31.0,24.0,88.792,14.8,14.8,3,12.7,26.6,26.258,88.75,63.9,63.9,26.469,88.363,115.6,115.6,7.0,10,Mùa mưa
2023-10-19,27.225,31.8,24.3,87.708,14.3,14.3,51,11.0,19.1,26.689,88.431,46.9,46.9,26.515,88.321,111.3,111.3,7.0,10,Mùa mưa
2023-10-20,27.683,32.0,24.7,84.958,9.1,9.1,3,12.0,24.8,27.16,87.153,38.2,38.2,26.688,87.946,112.9,112.9,7.0,10,Mùa mưa
2023-10-21,26.633,30.9,24.5,87.667,9.7,9.7,0,16.1,31.0,27.181,86.778,33.1,33.1,26.659,87.905,115.1,115.1,7.0,10,Mùa mưa
2023-10-22,26.783,31.9,24.0,85.5,19.0,19.0,3,18.0,33.5,27.033,86.042,37.8,37.8,26.729,87.44,116.0,116.0,7.0,10,Mùa mưa
2023-10-23,25.867,30.0,23.9,89.125,16.4,16.4,3,13.8,28.1,26.428,87.431,45.1,45.1,26.719,87.506,101.1,101.1,7.0,10,Mùa mưa
2023-10-24,27.112,31.7,22.9,83.667,4.5,4.5,3,12.3,22.0,26.587,86.097,39.9,39.9,26.839,86.774,87.8,87.8,7.0,10,Mùa mưa
2023-10-25,26.521,30.5,24.1,88.583,18.2,18.2,1,14.6,28.1,26.5,87.125,39.1,39.1,26.832,86.744,91.2,91.2,7.0,10,Mùa mưa
2023-10-26,26.988,31.2,24.2,86.583,7.8,7.8,0,10.6,28.1,26.874,86.278,30.5,30.5,26.798,86.583,84.7,84.7,7.0,10,Mùa mưa
2023-10-27,27.467,31.2,24.6,85.542,9.2,9.2,51,9.7,17.6,26.992,86.903,35.2,35.2,26.767,86.667,84.8,84.8,7.0,10,Mùa mưa
2023-10-28,27.1,31.3,24.0,86.958,1.1,1.1,3,14.8,25.9,27.185,86.361,18.1,18.1,26.834,86.565,76.2,76.2,7.0,10,Mùa mưa
2023-10-29,26.479,30.6,24.5,90.083,17.7,17.7,3,14.0,27.7,27.015,87.528,28.0,28.0,26.79,87.22,74.9,74.9,7.0,10,Mùa mưa
2023-10-30,26.783,31.1,24.0,88.125,6.3,6.3,3,14.0,32.4,26.787,88.389,25.1,25.1,26.921,87.077,64.8,64.8,7.0,10,Mùa mưa
2023-10-31,26.65,32.0,24.1,88.75,10.1,10.1,3,20.5,38.9,26.638,88.986,34.1,34.1,26.855,87.804,70.4,70.4,7.0,10,Mùa mưa
2023-11-01,26.754,31.8,24.1,87.792,3.7,3.7,3,12.6,33.8,26.729,88.222,20.1,20.1,26.889,87.69,55.9,55.9,7.0,11,Mùa mưa
2023-11-02,26.925,31.8,23.8,86.292,5.9,5.9,3,12.8,27.4,26.776,87.611,19.7,19.7,26.88,87.649,54.0,54.0,7.0,11,Mùa mưa
2023-11-03,26.754,30.9,24.2,87.167,11.3,11.3,3,13.4,26.3,26.811,87.083,20.9,20.9,26.778,87.881,56.1,56.1,7.0,11,Mùa mưa
2023-11-04,27.558,31.6,24.1,84.875,0.2,0.2,3,10.2,24.1,27.079,86.111,17.4,17.4,26.843,87.583,55.2,55.2,7.0,11,Mùa mưa
2023-11-05,27.496,31.9,25.3,86.042,5.2,5.2,3,14.7,27.0,27.269,86.028,16.7,16.7,26.989,87.006,42.7,42.7,7.0,11,Mùa mưa
2023-11-06,27.713,32.1,24.1,84.042,0.2,0.2,3,15.5,27.7,27.589,84.986,5.6,5.6,27.121,86.423,36.6,36.6,7.0,11,Mùa mưa
2023-11-07,26.967,30.4,25.0,86.125,10.2,10.2,3,14.7,31.7,27.392,85.403,15.6,15.6,27.167,86.048,36.7,36.7,7.0,11,Mùa mưa
2023-11-08,27.367,31.6,24.0,84.667,1.2,1.2,3,15.2,25.6,27.349,84.944,11.6,11.6,27.254,85.601,34.2,34.2,7.0,11,Mùa mưa
2023-11-09,27.525,31.9,24.6,84.583,14.8,14.8,3,12.6,29.2,27.286,85.125,26.2,26.2,27.34,85.357,43.1,43.1,7.0,11,Mùa mưa
2023-11-10,26.404,29.5,23.9,88.667,2.2,2.2,3,11.4,22.7,27.099,85.972,18.2,18.2,27.29,85.571,34.0,34.0,7.0,11,Mùa mưa
2023-11-11,27.463,32.0,24.0,83.5,1.3,1.3,0,15.8,31.7,27.131,85.583,18.3,18.3,27.276,85.375,35.1,35.1,7.0,11,Mùa mưa
2023-11-12,27.221,31.5,23.8,85.708,5.1,5.1,2,8.9,37.1,27.029,85.958,8.6,8.6,27.237,85.327,35.0,35.0,7.0,11,Mùa mưa
2023-11-13,27.662,32.5,23.6,84.083,1.1,1.1,3,13.5,32.0,27.449,84.431,7.5,7.5,27.23,85.333,35.9,35.9,7.0,11,Mùa mưa
2023-11-14,26.958,32.0,24.3,86.958,2.3,2.3,3,12.8,32.8,27.281,85.583,8.5,8.5,27.229,85.452,28.0,28.0,7.0,11,Mùa mưa
2023-11-15,26.592,30.4,24.2,88.167,25.2,25.2,3,12.3,32.4,27.071,86.403,28.6,28.6,27.118,85.952,52.0,52.0,7.0,11,Mùa mưa
2023-11-16,26.854,30.1,24.0,87.25,0.4,0.4,3,14.0,30.2,26.801,87.458,27.9,27.9,27.022,86.333,37.6,37.6,7.0,11,Mùa mưa
2023-11-17,26.696,31.4,23.7,84.583,6.1,6.1,3,14.9,27.7,26.714,86.667,31.7,31.7,27.064,85.75,41.5,41.5,7.0,11,Mùa mưa
2023-11-18,26.15,30.8,22.5,72.167,0.0,0.0,3,15.7,27.4,26.567,81.333,6.5,6.5,26.876,84.131,40.2,40.2,6.0,11,Mùa mưa
2023-11-19,25.625,30.0,21.1,75.667,0.0,0.0,3,12.0,20.5,26.157,77.472,6.1,6.1,26.648,82.696,35.1,35.1,5.0,11,Mùa mưa
2023-11-20,26.408,30.5,22.4,77.167,0.0,0.0,3,10.5,21.6,26.061,75.0,0.0,0.0,26.469,81.708,34.0,34.0,4.0,11,Mùa mưa
2023-11-21,26.796,30.9,22.9,78.958,0.3,0.3,3,11.4,19.8,26.276,77.264,0.3,0.3,26.446,80.565,32.0,32.0,4.0,11,Mùa mưa
2023-11-22,26.779,31.0,22.7,82.083,0.0,0.0,3,11.6,17.3,26.661,79.403,0.3,0.3,26.473,79.696,6.8,6.8,3.0,11,Mùa mưa
2023-11-23,26.7,29.6,24.5,85.542,0.3,0.3,3,9.0,14.0,26.758,82.194,0.6,0.6,26.451,79.452,6.7,6.7,3.0,11,Mùa mưa
2023-11-24,25.575,28.1,23.9,86.542,0.5,0.5,3,10.4,16.6,26.351,84.722,0.8,0.8,26.29,79.732,1.1,1.1,3.0,11,Mùa mưa
2023-11-25,26.079,31.0,22.2,79.333,10.4,10.4,3,10.1,24.5,26.118,83.806,11.2,11.2,26.28,80.756,11.5,11.5,4.0,11,Mùa mưa
2023-11-26,26.588,31.0,23.6,86.25,0.5,0.5,3,10.6,27.4,26.081,84.042,11.4,11.4,26.418,82.268,12.0,12.0,5.0,11,Mùa mưa
2023-11-27,27.058,31.1,23.6,78.667,0.0,0.0,3,12.7,18.4,26.575,81.417,10.9,10.9,26.511,82.482,12.0,12.0,5.0,11,Mùa mưa
2023-11-28,26.471,31.4,21.5,72.25,0.1,0.1,3,13.1,25.2,26.706,79.056,0.6,0.6,26.464,81.524,11.8,11.8,5.0,11,Mùa mưa
2023-11-29,26.996,32.5,23.4,79.0,6.8,6.8,3,13.2,29.5,26.842,76.639,6.9,6.9,26.495,81.083,18.6,18.6,6.0,11,Mùa mưa
2023-11-30,26.875,31.6,23.3,85.875,9.4,9.4,3,14.8,28.4,26.781,79.042,16.3,16.3,26.52,81.131,27.7,27.7,6.0,11,Mùa mưa
2023-12-01,27.933,32.0,24.6,80.458,0.3,0.3,3,11.7,22.3,27.268,81.778,16.5,16.5,26.857,80.262,27.5,27.5,6.0,12,Mùa khô
2023-12-02,26.496,29.1,23.3,82.625,2.7,2.7,3,7.6,16.2,27.101,82.986,12.4,12.4,26.917,80.732,19.8,19.8,6.0,12,Mùa khô
2023-12-03,26.854,30.4,24.4,84.167,5.9,5.9,3,7.6,19.8,27.094,82.417,8.9,8.9,26.955,80.435,25.2,25.2,6.0,12,Mùa khô
2023-12-04,27.1,32.0,23.5,84.333,0.0,0.0,3,15.5,26.6,26.817,83.708,8.6,8.6,26.961,81.244,25.2,25.2,6.0,12,Mùa khô
2023-12-05,27.537,32.0,23.6,81.375,1.1,1.1,3,11.2,17.6,27.164,83.292,7.0,7.0,27.113,82.548,26.2,26.2,6.0,12,Mùa khô
2023-12-06,27.421,31.3,24.0,82.917,0.9,0.9,3,12.6,20.5,27.353,82.875,2.0,2.0,27.174,83.107,20.3,20.3,6.0,12,Mùa khô
2023-12-07,27.367,31.8,24.0,81.042,0.3,0.3,3,11.6,17.6,27.442,81.778,2.3,2.3,27.244,82.417,11.2,11.2,6.0,12,Mùa khô
2023-12-08,27.062,31.0,23.7,80.958,0.0,0.0,3,13.7,21.6,27.283,81.639,1.2,1.2,27.12,82.488,10.9,10.9,5.0,12,Mùa khô
2023-12-09,27.504,32.0,23.9,78.958,0.2,0.2,3,14.7,23.4,27.311,80.319,0.5,0.5,27.264,81.964,8.4,8.4,5.0,12,Mùa khô
2023-12-10,27.883,32.7,24.0,73.458,0.3,0.3,0,14.9,23.0,27.483,77.792,0.5,0.5,27.411,80.435,2.8,2.8,5.0,12,Mùa khô
2023-12-11,28.0,33.9,23.0,71.375,0.0,0.0,3,15.5,27.7,27.796,74.597,0.5,0.5,27.539,78.583,2.8,2.8,5.0,12,Mùa khô
2023-12-12,28.508,34.3,23.4,66.708,0.0,0.0,3,14.5,28.4,28.131,70.514,0.3,0.3,27.678,76.488,1.7,1.7,4.0,12,Mùa khô
2023-12-13,28.512,33.5,23.0,68.708,0.3,0.3,3,12.8,27.0,28.34,68.931,0.3,0.3,27.834,74.458,1.1,1.1,4.0,12,Mùa khô
2023-12-14,29.483,35.3,24.7,65.208,0.0,0.0,3,16.7,34.6,28.835,66.875,0.3,0.3,28.136,72.196,0.8,0.8,3.0,12,Mùa khô
2023-12-15,28.871,34.5,24.2,65.167,0.0,0.0,3,14.8,25.6,28.956,66.361,0.3,0.3,28.395,69.94,0.8,0.8,3.0,12,Mùa khô
2023-12-16,28.633,33.3,24.4,68.458,0.6,0.6,3,14.5,24.8,28.996,66.278,0.6,0.6,28.556,68.44,1.2,1.2,3.0,12,Mùa khô
2023-12-17,28.746,34.2,23.7,68.458,0.2,0.2,1,13.0,26.3,28.75,67.361,0.8,0.8,28.679,67.726,1.1,1.1,3.0,12,Mùa khô
2023-12-18,27.983,33.5,23.7,72.75,4.0,4.0,3,14.8,30.6,28.454,69.889,4.8,4.8,28.677,67.923,5.1,5.1,4.0,12,Mùa khô
2023-12-19,28.329,33.9,23.4,68.542,0.4,0.4,3,14.8,27.0,28.353,69.917,4.6,4.6,28.651,68.185,5.5,5.5,5.0,12,Mùa khô
2023-12-20,27.792,33.8,23.6,65.375,9.3,9.3,3,16.0,28.8,28.035,68.889,13.7,13.7,28.548,67.708,14.5,14.5,5.0,12,Mùa khô
2023-12-21,28.85,34.4,25.1,55.958,0.0,0.0,3,23.6,38.5,28.324,63.292,9.7,9.7,28.458,66.387,14.5,14.5,5.0,12,Mùa khô
2023-12-22,27.496,32.5,24.2,58.667,1.0,1.0,3,25.3,41.8,28.046,60.0,10.3,10.3,28.261,65.458,15.5,15.5,6.0,12,Mùa khô
2023-12-23,27.225,33.1,24.2,57.042,0.0,0.0,3,23.4,38.5,27.857,57.222,1.0,1.0,28.06,63.827,14.9,14.9,5.0,12,Mùa khô
2023-12-24,27.338,32.3,24.8,62.5,0.0,0.0,3,16.3,30.6,27.353,59.403,1.0,1.0,27.859,62.976,14.7,14.7,4.0,12,Mùa khô
2023-12-25,27.217,32.3,23.1,60.083,0.0,0.0,3,15.1,27.4,27.26,59.875,0.0,0.0,27.749,61.167,10.7,10.7,3.0,12,Mùa khô
2023-12-26,27.071,32.3,22.0,61.333,0.0,0.0,3,11.4,22.3,27.208,61.306,0.0,0.0,27.57,60.137,10.3,10.3,2.0,12,Mùa khô
2023-12-27,27.521,32.7,22.6,67.375,0.2,0.2,3,10.6,20.5,27.269,62.931,0.2,0.2,27.531,60.423,1.2,1.2,2.0,12,Mùa khô
2023-12-28,28.262,33.8,23.6,73.333,0.8,0.8,0,12.1,28.1,27.618,67.347,1.0,1.0,27.447,62.905,2.0,2.0,3.0,12,Mùa khô
2023-12-29,28.442,33.4,24.6,75.875,0.2,0.2,1,10.4,26.3,28.075,72.194,1.2,1.2,27.582,65.363,1.2,1.2,3.0,12,Mùa khô
2023-12-30,28.654,33.3,24.5,72.75,0.1,0.1,0,12.6,20.9,28.453,73.986,1.1,1.1,27.786,67.607,1.3,1.3,4.0,12,Mùa khô
2023-12-31,28.338,33.6,24.2,72.125,0.3,0.3,3,16.1,26.6,28.478,73.583,0.6,0.6,27.929,68.982,1.6,1.6,5.0,12,Mùa khô
2024-01-01,28.117,33.4,24.0,72.417,0.0,0.0,3,14.7,24.1,28.369,72.431,0.4,0.4,28.058,70.744,1.6,1.6,5.0,1,Mùa khô
2024-01-02,28.129,33.3,23.5,73.208,0.1,0.1,3,15.6,25.2,28.194,72.583,0.4,0.4,28.209,72.44,1.7,1.7,6.0,1,Mùa khô
2024-01-03,28.246,33.4,24.2,71.708,0.2,0.2,1,15.4,24.8,28.164,72.444,0.3,0.3,28.312,73.06,1.7,1.7,6.0,1,Mùa khô
2024-01-04,27.842,33.5,23.4,67.417,0.0,0.0,0,15.5,27.0,28.072,70.778,0.3,0.3,28.252,72.214,0.9,0.9,5.0,1,Mùa khô
2024-01-05,27.475,32.8,23.3,70.125,0.0,0.0,3,13.6,22.3,27.854,69.75,0.2,0.2,28.114,71.393,0.7,0.7,4.0,1,Mùa khô
2024-01-06,27.946,33.6,23.1,70.417,0.6,0.6,3,11.6,22.7,27.754,69.319,0.6,0.6,28.013,71.06,1.2,1.2,4.0,1,Mùa khô
2024-01-07,28.033,33.0,24.2,74.708,0.0,0.0,3,15.2,24.8,27.818,71.75,0.6,0.6,27.97,71.429,0.9,0.9,3.0,1,Mùa khô
2024-01-08,27.483,31.2,23.8,72.583,0.6,0.6,3,9.5,16.6,27.821,72.569,1.2,1.2,27.879,71.452,1.5,1.5,4.0,1,Mùa khô
2024-01-09,27.917,32.8,23.8,70.875,0.1,0.1,3,11.7,22.3,27.811,72.722,0.7,0.7,27.849,71.119,1.5,1.5,4.0,1,Mùa khô
2024-01-10,27.95,33.5,23.6,69.917,0.0,0.0,3,15.6,24.1,27.783,71.125,0.7,0.7,27.807,70.863,1.3,1.3,3.0,1,Mùa khô
2024-01-11,27.871,33.5,23.6,69.667,0.1,0.1,3,16.1,27.4,27.912,70.153,0.2,0.2,27.811,71.185,1.4,1.4,4.0,1,Mùa khô
2024-01-12,26.921,32.9,22.5,70.542,0.0,0.0,3,18.6,31.0,27.581,70.042,0.1,0.1,27.732,71.244,1.4,1.4,4.0,1,Mùa khô
2024-01-13,26.783,32.0,22.1,68.5,0.0,0.0,3,13.5,25.2,27.192,69.569,0.1,0.1,27.565,70.97,0.8,0.8,3.0,1,Mùa khô
2024-01-14,26.7,32.2,21.8,65.333,0.0,0.0,3,12.2,20.5,26.801,68.125,0.0,0.0,27.375,69.631,0.8,0.8,3.0,1,Mùa khô
2024-01-15,27.229,33.0,21.9,65.583,0.0,0.0,3,11.9,20.5,26.904,66.472,0.0,0.0,27.339,68.631,0.2,0.2,2.0,1,Mùa khô
2024-01-16,27.754,33.2,22.9,64.125,0.0,0.0,3,14.8,24.8,27.228,65.014,0.0,0.0,27.315,67.667,0.1,0.1,1.0,1,Mùa khô
2024-01-17,28.162,33.1,24.0,62.875,0.0,0.0,3,13.7,24.5,27.715,64.194,0.0,0.0,27.346,66.661,0.1,0.1,1.0,1,Mùa khô
2024-01-18,28.429,34.0,24.2,64.667,0.0,0.0,3,15.3,27.0,28.115,63.889,0.0,0.0,27.426,65.946,0.0,0.0,0.0,1,Mùa khô
2024-01-19,27.967,33.0,23.6,64.583,0.0,0.0,3,14.1,22.7,28.186,64.042,0.0,0.0,27.575,65.095,0.0,0.0,0.0,1,Mùa khô
2024-01-20,27.108,33.0,23.2,70.792,0.0,0.0,3,17.9,29.2,27.835,66.681,0.0,0.0,27.621,65.423,0.0,0.0,0.0,1,Mùa khô
2024-01-21,27.467,32.8,23.4,69.0,0.0,0.0,3,15.8,26.3,27.514,68.125,0.0,0.0,27.731,65.946,0.0,0.0,0.0,1,Mùa khô
2024-01-22,28.213,34.0,23.6,62.083,0.0,0.0,2,13.8,26.6,27.596,67.292,0.0,0.0,27.871,65.446,0.0,0.0,0.0,1,Mùa khô
2024-01-23,28.45,34.0,24.1,59.125,0.0,0.0,0,16.8,28.1,28.043,63.403,0.0,0.0,27.971,64.732,0.0,0.0,0.0,1,Mùa khô
2024-01-24,28.188,33.5,23.6,61.75,0.0,0.0,3,14.0,23.8,28.283,60.986,0.0,0.0,27.974,64.571,0.0,0.0,0.0,1,Mùa khô
2024-01-25,28.346,33.7,23.6,57.375,0.0,0.0,0,13.4,25.9,28.328,59.417,0.0,0.0,27.963,63.53,0.0,0.0,0.0,1,Mùa khô
2024-01-26,27.917,33.0,24.0,60.208,0.0,0.0,0,15.1,24.8,28.15,59.778,0.0,0.0,27.955,62.905,0.0,0.0,0.0,1,Mùa khô
2024-01-27,27.617,33.4,22.7,61.958,0.0,0.0,0,15.9,25.9,27.96,59.847,0.0,0.0,28.028,61.643,0.0,0.0,0.0,1,Mùa khô
2024-01-28,27.908,33.5,23.0,55.875,0.0,0.0,3,14.9,24.8,27.814,59.347,0.0,0.0,28.091,59.768,0.0,0.0,0.0,1,Mùa khô
2024-01-29,27.838,33.4,22.7,55.708,0.0,0.0,3,14.8,29.2,27.787,57.847,0.0,0.0,28.038,58.857,0.0,0.0,0.0,1,Mùa khô
2024-01-30,28.096,34.4,23.8,56.958,0.0,0.0,3,19.4,35.6,27.947,56.181,0.0,0.0,27.987,58.548,0.0,0.0,0.0,1,Mùa khô
2024-01-31,28.008,34.0,23.5,62.833,0.0,0.0,3,18.1,31.3,27.981,58.5,0.0,0.0,27.961,58.702,0.0,0.0,0.0,1,Mùa khô
2024-02-01,28.033,33.5,23.8,65.375,0.3,0.3,3,17.7,30.2,28.046,61.722,0.3,0.3,27.917,59.845,0.3,0.3,1.0,2,Mùa khô
2024-02-02,27.592,33.5,23.5,70.0,0.0,0.0,3,19.2,32.0,27.878,66.069,0.3,0.3,27.87,61.244,0.3,0.3,1.0,2,Mùa khô
2024-02-03,27.75,34.4,23.9,68.125,0.0,0.0,0,21.6,39.6,27.792,67.833,0.3,0.3,27.889,62.125,0.3,0.3,1.0,2,Mùa khô
2024-02-04,27.767,34.3,23.6,71.583,0.0,0.0,0,19.0,35.6,27.703,69.903,0.0,0.0,27.869,64.369,0.3,0.3,1.0,2,Mùa khô
2024-02-05,27.971,33.5,24.5,73.625,0.5,0.5,3,17.6,29.2,27.829,71.111,0.5,0.5,27.888,66.929,0.8,0.8,2.0,2,Mùa khô
2024-02-06,28.296,34.6,24.3,70.125,0.0,0.0,1,22.5,40.3,28.011,71.778,0.5,0.5,27.917,68.81,0.8,0.8,2.0,2,Mùa khô
2024-02-07,28.033,32.7,24.5,72.708,1.4,1.4,3,16.3,27.7,28.1,72.153,1.9,1.9,27.92,70.22,2.2,2.2,3.0,2,Mùa khô
2024-02-08,27.654,32.4,24.4,72.708,0.3,0.3,2,18.5,31.3,27.994,71.847,1.7,1.7,27.866,71.268,2.2,2.2,3.0,2,Mùa khô
2024-02-09,28.467,34.8,24.0,69.208,0.0,0.0,2,17.3,31.7,28.051,71.542,1.7,1.7,27.991,71.155,2.2,2.2,3.0,2,Mùa khô
2024-02-10,28.771,34.6,23.9,63.667,0.0,0.0,3,15.9,28.4,28.297,68.528,0.3,0.3,28.137,70.518,2.2,2.2,3.0,2,Mùa khô
2024-02-11,28.692,33.7,23.1,55.792,0.0,0.0,0,13.4,25.6,28.643,62.889,0.0,0.0,28.269,68.262,2.2,2.2,3.0,2,Mùa khô
2024-02-12,27.938,33.7,21.8,53.833,0.0,0.0,0,16.7,27.0,28.467,57.764,0.0,0.0,28.264,65.435,1.7,1.7,2.0,2,Mùa khô
2024-02-13,28.792,35.5,23.7,55.542,0.0,0.0,0,22.5,37.1,28.474,55.056,0.0,0.0,28.335,63.351,1.7,1.7,2.0,2,Mùa khô
2024-02-14,29.662,35.8,25.1,56.75,0.0,0.0,1,19.6,32.4,28.797,55.375,0.0,0.0,28.568,61.071,0.3,0.3,1.0,2,Mùa khô
2024-02-15,29.854,36.3,25.5,55.625,0.1,0.1,0,21.4,35.6,29.436,55.972,0.1,0.1,28.882,58.631,0.1,0.1,1.0,2,Mùa khô
2024-02-16,29.396,36.5,24.9,56.542,0.0,0.0,0,20.5,34.2,29.638,56.306,0.1,0.1,29.015,56.821,0.1,0.1,1.0,2,Mùa khô
2024-02-17,28.458,35.5,23.5,56.292,0.0,0.0,3,21.1,35.3,29.236,56.153,0.1,0.1,28.97,55.768,0.1,0.1,1.0,2,Mùa khô
2024-02-18,28.688,35.7,23.7,62.125,0.0,0.0,0,22.1,36.7,28.847,58.319,0.0,0.0,28.97,56.673,0.1,0.1,1.0,2,Mùa khô
2024-02-19,28.783,35.3,25.0,67.833,0.0,0.0,0,21.3,36.0,28.643,62.083,0.0,0.0,29.09,58.673,0.1,0.1,1.0,2,Mùa khô
2024-02-20,28.608,34.8,24.6,69.333,0.0,0.0,3,21.7,35.6,28.693,66.431,0.0,0.0,29.064,60.643,0.1,0.1,1.0,2,Mùa khô
2024-02-21,28.417,34.8,24.1,72.083,0.0,0.0,1,20.7,34.9,28.603,69.75,0.0,0.0,28.886,62.833,0.1,0.1,1.0,2,Mùa khô
2024-02-22,28.142,35.7,23.4,71.667,0.0,0.0,0,22.9,41.0,28.389,71.028,0.0,0.0,28.642,65.125,0.0,0.0,0.0,2,Mùa khô
2024-02-23,28.588,34.8,24.4,71.375,0.2,0.2,0,23.5,38.5,28.382,71.708,0.2,0.2,28.526,67.244,0.2,0.2,1.0,2,Mùa khô
2024-02-24,29.092,35.5,24.8,66.542,1.3,1.3,0,19.0,30.6,28.607,69.861,1.5,1.5,28.617,68.708,1.5,1.5,2.0,2,Mùa khô
2024-02-25,29.004,35.6,24.3,60.958,0.0,0.0,0,18.6,33.5,28.894,66.292,1.5,1.5,28.662,68.542,1.5,1.5,2.0,2,Mùa khô
2024-02-26,29.504,36.7,24.0,56.375,0.0,0.0,0,24.3,40.7,29.2,61.292,1.3,1.3,28.765,66.905,1.5,1.5,2.0,2,Mùa khô
2024-02-27,29.375,35.3,25.2,61.917,1.1,1.1,0,18.3,34.2,29.294,59.75,1.1,1.1,28.874,65.845,2.6,2.6,3.0,2,Mùa khô
2024-02-28,28.954,36.2,24.4,59.375,0.0,0.0,3,25.3,41.0,29.278,59.222,1.1,1.1,28.951,64.03,2.6,2.6,3.0,2,Mùa khô
2024-02-29,29.479,36.5,24.8,55.292,0.0,0.0,0,20.6,36.0,29.269,58.861,1.1,1.1,29.142,61.69,2.6,2.6,3.0,2,Mùa khô
2024-03-01,29.267,35.5,25.0,58.042,0.0,0.0,0,17.5,29.5,29.233,57.569,0.0,0.0,29.239,59.786,2.4,2.4,2.0,3,Mùa khô
2024-03-02,29.608,36.0,25.4,59.292,0.2,0.2,3,20.2,32.8,29.451,57.542,0.2,0.2,29.313,58.75,1.3,1.3,2.0,3,Mùa khô
2024-03-03,29.179,36.0,25.1,61.333,0.0,0.0,0,20.5,36.0,29.351,59.556,0.2,0.2,29.338,58.804,1.3,1.3,2.0,3,Mùa khô
2024-03-04,29.054,36.0,25.1,65.0,0.0,0.0,0,22.1,39.2,29.281,61.875,0.2,0.2,29.274,60.036,1.3,1.3,2.0,3,Mùa khô
2024-03-05,29.188,35.2,25.1,70.25,0.0,0.0,0,15.1,27.4,29.14,65.528,0.0,0.0,29.247,61.226,0.2,0.2,1.0,3,Mùa khô
2024-03-06,29.358,36.0,25.0,71.333,0.0,0.0,3,15.3,24.8,29.2,68.861,0.0,0.0,29.305,62.935,0.2,0.2,1.0,3,Mùa khô
2024-03-07,29.062,35.2,25.6,72.125,0.3,0.3,3,21.5,34.6,29.203,71.236,0.3,0.3,29.245,65.339,0.5,0.5,2.0,3,Mùa khô
2024-03-08,29.896,37.2,25.2,59.833,0.0,0.0,0,21.7,36.0,29.439,67.764,0.3,0.3,29.335,65.595,0.5,0.5,2.0,3,Mùa khô
2024-03-09,29.379,36.2,25.0,59.125,0.0,0.0,3,24.4,40.0,29.446,63.694,0.3,0.3,29.302,65.571,0.3,0.3,1.0,3,Mùa khô
2024-03-10,29.762,37.5,25.5,57.0,0.0,0.0,3,29.6,49.0,29.679,58.653,0.0,0.0,29.386,64.952,0.3,0.3,1.0,3,Mùa khô
2024-03-11,30.0,37.0,24.5,55.292,0.0,0.0,0,25.4,42.1,29.714,57.139,0.0,0.0,29.521,63.565,0.3,0.3,1.0,3,Mùa khô
2024-03-12,29.971,37.5,25.5,59.75,0.0,0.0,3,25.3,42.5,29.911,57.347,0.0,0.0,29.633,62.065,0.3,0.3,1.0,3,Mùa khô
2024-03-13,29.529,35.2,25.4,62.208,0.2,0.2,3,19.2,32.0,29.833,59.083,0.2,0.2,29.657,60.762,0.5,0.5,2.0,3,Mùa khô
2024-03-14,29.525,36.2,25.6,64.917,0.5,0.5,0,21.7,40.3,29.675,62.292,0.7,0.7,29.723,59.732,0.7,0.7,2.0,3,Mùa khô
2024-03-15,29.017,35.7,24.6,63.792,0.0,0.0,3,22.5,36.7,29.357,63.639,0.7,0.7,29.598,60.298,0.7,0.7,2.0,3,Mùa khô
2024-03-16,29.333,37.0,24.4,65.125,0.0,0.0,3,22.0,42.1,29.292,64.611,0.5,0.5,29.591,61.155,0.7,0.7,2.0,3,Mùa khô
2024-03-17,29.654,36.9,24.6,61.542,0.2,0.2,3,23.0,38.5,29.335,63.486,0.2,0.2,29.576,61.804,0.9,0.9,3.0,3,Mùa khô
2024-03-18,29.225,37.0,24.7,64.875,0.0,0.0,3,27.6,47.5,29.404,63.847,0.2,0.2,29.465,63.173,0.9,0.9,3.0,3,Mùa khô
2024-03-19,29.35,37.2,24.9,62.792,0.0,0.0,0,30.1,49.0,29.41,63.069,0.2,0.2,29.376,63.607,0.9,0.9,3.0,3,Mùa khô
2024-03-20,29.262,36.5,23.5,58.917,0.0,0.0,0,21.8,42.5,29.279,62.194,0.0,0.0,29.338,63.137,0.7,0.7,2.0,3,Mùa khô
2024-03-21,29.446,36.0,25.2,59.417,1.2,1.2,0,20.9,33.1,29.353,60.375,1.2,1.2,29.327,62.351,1.4,1.4,2.0,3,Mùa khô
2024-03-22,29.4,36.6,25.4,62.458,0.0,0.0,0,26.4,46.4,29.369,60.264,1.2,1.2,29.382,62.161,1.4,1.4,2.0,3,Mùa khô
2024-03-23,29.154,34.3,25.5,68.042,0.7,0.7,1,21.4,36.0,29.333,63.306,1.9,1.9,29.356,62.577,2.1,2.1,3.0,3,Mùa khô
2024-03-24,29.525,35.9,25.5,67.625,0.0,0.0,0,20.8,34.9,29.36,66.042,0.7,0.7,29.338,63.446,1.9,1.9,2.0,3,Mùa khô
2024-03-25,29.646,36.4,25.3,69.25,0.0,0.0,0,22.1,38.2,29.442,68.306,0.7,0.7,29.398,64.071,1.9,1.9,2.0,3,Mùa khô
2024-03-26,30.471,38.0,25.8,62.083,0.0,0.0,3,25.2,42.5,29.881,66.319,0.0,0.0,29.558,63.97,1.9,1.9,2.0,3,Mùa khô
2024-03-27,30.688,36.8,26.8,59.542,0.6,0.6,0,18.5,30.6,30.268,63.625,0.6,0.6,29.761,64.06,2.5,2.5,3.0,3,Mùa khô
2024-03-28,30.442,36.0,26.3,66.5,0.0,0.0,3,16.1,30.6,30.533,62.708,0.6,0.6,29.904,65.071,1.3,1.3,2.0,3,Mùa khô
2024-03-29,30.088,36.0,26.1,69.375,0.1,0.1,3,20.9,34.9,30.406,65.139,0.7,0.7,30.002,66.06,1.4,1.4,3.0,3,Mùa khô
2024-03-30,30.442,36.5,26.4,68.625,0.0,0.0,3,19.8,35.3,30.324,68.167,0.1,0.1,30.186,66.143,0.7,0.7,2.0,3,Mùa khô
2024-03-31,30.458,36.8,26.0,69.5,0.6,0.6,3,16.3,26.6,30.329,69.167,0.7,0.7,30.319,66.411,1.3,1.3,3.0,3,Mùa khô
2024-04-01,30.629,36.2,26.5,69.5,0.2,0.2,1,17.6,29.5,30.51,69.208,0.8,0.8,30.46,66.446,1.5,1.5,4.0,4,Mùa khô
2024-04-02,30.45,36.0,27.2,67.958,0.2,0.2,0,17.6,31.0,30.512,68.986,1.0,1.0,30.457,67.286,1.7,1.7,5.0,4,Mùa khô
2024-04-03,30.5,36.3,26.0,65.625,0.0,0.0,2,18.8,31.0,30.526,67.694,0.4,0.4,30.43,68.155,1.1,1.1,4.0,4,Mùa khô
2024-04-04,30.675,36.3,26.8,66.417,0.2,0.2,0,19.3,33.8,30.542,66.667,0.4,0.4,30.463,68.143,1.3,1.3,5.0,4,Mùa khô
2024-04-05,30.371,35.9,27.1,67.708,0.5,0.5,3,22.5,38.9,30.515,66.583,0.7,0.7,30.504,67.905,1.7,1.7,5.0,4,Mùa khô
2024-04-06,30.25,35.7,26.5,62.125,0.0,0.0,0,19.8,33.8,30.432,65.417,0.7,0.7,30.476,66.976,1.7,1.7,5.0,4,Mùa khô
2024-04-07,30.571,37.2,26.2,66.25,0.0,0.0,3,22.7,38.9,30.397,65.361,0.5,0.5,30.492,66.512,1.1,1.1,4.0,4,Mùa khô
2024-04-08,30.821,36.6,26.5,66.583,0.0,0.0,0,22.1,36.4,30.547,64.986,0.0,0.0,30.52,66.095,0.9,0.9,3.0,4,Mùa khô
2024-04-09,31.221,39.1,26.6,61.583,0.0,0.0,3,23.9,40.7,30.871,64.806,0.0,0.0,30.63,65.185,0.7,0.7,2.0,4,Mùa khô
2024-04-10,31.458,38.0,26.8,56.333,0.0,0.0,3,23.9,39.2,31.167,61.5,0.0,0.0,30.767,63.857,0.7,0.7,2.0,4,Mùa khô
2024-04-11,31.412,39.2,26.6,55.917,0.4,0.4,3,20.7,35.3,31.364,57.944,0.4,0.4,30.872,62.357,0.9,0.9,2.0,4,Mùa khô
2024-04-12,31.358,39.2,26.7,58.958,0.0,0.0,3,23.5,43.2,31.41,57.069,0.4,0.4,31.013,61.107,0.4,0.4,1.0,4,Mùa khô
2024-04-13,30.675,35.2,27.5,65.417,0.2,0.2,3,18.5,32.4,31.149,60.097,0.6,0.6,31.074,61.577,0.6,0.6,2.0,4,Mùa khô
2024-04-14,30.629,37.2,26.3,64.917,0.0,0.0,1,24.5,41.0,30.888,63.097,0.2,0.2,31.082,61.387,0.6,0.6,2.0,4,Mùa khô
2024-04-15,30.717,36.4,26.9,65.917,0.1,0.1,0,21.2,34.9,30.674,65.417,0.3,0.3,31.067,61.292,0.7,0.7,3.0,4,Mùa khô
2024-04-16,31.125,37.8,27.0,64.542,0.0,0.0,0,25.2,40.7,30.824,65.125,0.1,0.1,31.054,61.714,0.7,0.7,3.0,4,Mùa khô
2024-04-17,30.996,36.7,27.1,62.5,0.0,0.0,3,19.7,34.2,30.946,64.319,0.1,0.1,30.988,62.595,0.7,0.7,3.0,4,Mùa khô
2024-04-18,30.721,37.2,25.8,64.417,0.0,0.0,0,20.8,33.8,30.947,63.819,0.0,0.0,30.889,63.81,0.3,0.3,2.0,4,Mùa khô
2024-04-19,30.546,36.7,26.5,67.417,0.7,0.7,0,19.0,33.1,30.754,64.778,0.7,0.7,30.773,65.018,1.0,1.0,3.0,4,Mùa khô
2024-04-20,30.767,36.3,26.6,63.375,0.2,0.2,3,18.5,32.8,30.678,65.069,0.9,0.9,30.786,64.726,1.0,1.0,3.0,4,Mùa khô
2024-04-21,31.025,37.2,26.5,60.625,0.1,0.1,3,19.8,34.6,30.779,63.806,1.0,1.0,30.842,64.113,1.1,1.1,4.0,4,Mùa khô
2024-04-22,31.229,36.7,27.0,62.958,0.0,0.0,3,18.8,31.3,31.007,62.319,0.3,0.3,30.915,63.69,1.0,1.0,3.0,4,Mùa khô
2024-04-23,31.213,37.1,26.5,61.625,0.0,0.0,3,18.5,31.7,31.156,61.736,0.1,0.1,30.928,63.274,1.0,1.0,3.0,4,Mùa khô
2024-04-24,31.688,37.8,27.5,65.333,0.0,0.0,3,20.0,34.9,31.376,63.306,0.0,0.0,31.027,63.679,1.0,1.0,3.0,4,Mùa khô
2024-04-25,32.133,38.3,27.9,65.833,0.0,0.0,0,20.8,35.3,31.678,64.264,0.0,0.0,31.229,63.881,1.0,1.0,3.0,4,Mùa khô
2024-04-26,32.017,37.7,28.4,65.833,0.3,0.3,3,21.4,38.5,31.946,65.667,0.3,0.3,31.439,63.655,0.6,0.6,3.0,4,Mùa khô
2024-04-27,32.071,38.2,27.8,66.083,0.0,0.0,0,18.4,33.1,32.074,65.917,0.3,0.3,31.625,64.042,0.4,0.4,2.0,4,Mùa khô
2024-04-28,32.125,37.9,28.0,64.125,0.6,0.6,0,18.0,31.0,32.071,65.347,0.9,0.9,31.782,64.542,0.9,0.9,2.0,4,Mùa khô
2024-04-29,32.075,38.5,27.5,66.458,0.3,0.3,3,21.8,35.3,32.09,65.556,0.9,0.9,31.903,65.042,1.2,1.2,3.0,4,Mùa khô
2024-04-30,32.092,38.2,27.8,66.792,0.2,0.2,3,20.9,36.0,32.097,65.792,1.1,1.1,32.029,65.78,1.4,1.4,4.0,4,Mùa khô
2024-05-01,32.229,37.8,28.1,64.958,0.0,0.0,3,19.2,31.3,32.132,66.069,0.5,0.5,32.106,65.726,1.4,1.4,4.0,5,Mùa mưa
2024-05-02,32.521,38.2,29.3,61.75,0.7,0.7,3,19.3,33.8,32.281,64.5,0.9,0.9,32.161,65.143,2.1,2.1,5.0,5,Mùa mưa
2024-05-03,32.533,37.8,28.9,62.125,0.1,0.1,3,19.5,34.9,32.428,62.944,0.8,0.8,32.235,64.613,1.9,1.9,5.0,5,Mùa mưa
2024-05-04,30.85,37.5,27.9,68.417,4.6,4.6,3,11.6,24.8,31.968,64.097,5.4,5.4,32.061,64.946,6.5,6.5,6.0,5,Mùa mưa
2024-05-05,29.692,34.9,27.1,75.833,8.0,8.0,3,16.4,33.1,31.025,68.792,12.7,12.7,31.713,66.619,13.9,13.9,6.0,5,Mùa mưa
2024-05-06,29.804,33.3,27.0,76.708,0.1,0.1,3,15.2,24.1,30.115,73.653,12.7,12.7,31.389,68.083,13.7,13.7,6.0,5,Mùa mưa
2024-05-07,29.483,33.4,26.6,77.917,9.8,9.8,0,16.8,38.2,29.66,76.819,17.9,17.9,31.016,69.673,23.3,23.3,6.0,5,Mùa mưa
2024-05-08,30.183,35.0,26.9,75.208,1.0,1.0,1,13.6,23.4,29.824,76.611,10.9,10.9,30.724,71.137,24.3,24.3,7.0,5,Mùa mưa
2024-05-09,30.375,35.5,27.5,73.917,3.6,3.6,3,20.7,34.9,30.014,75.681,14.4,14.4,30.417,72.875,27.2,27.2,7.0,5,Mùa mưa
2024-05-10,30.463,34.9,27.4,71.792,1.0,1.0,3,22.8,38.2,30.34,73.639,5.6,5.6,30.121,74.256,28.1,28.1,7.0,5,Mùa mưa
2024-05-11,30.629,36.1,27.4,73.75,2.2,2.2,2,20.6,34.6,30.489,73.153,6.8,6.8,30.09,75.018,25.7,25.7,7.0,5,Mùa mưa
2024-05-12,30.737,35.3,27.8,73.708,2.2,2.2,3,19.4,31.7,30.61,73.083,5.4,5.4,30.239,74.714,19.9,19.9,7.0,5,Mùa mưa
2024-05-13,30.396,35.2,26.7,74.625,7.4,7.4,51,23.2,39.2,30.588,74.028,11.8,11.8,30.324,74.417,27.2,27.2,7.0,5,Mùa mưa
2024-05-14,30.442,35.7,26.1,72.792,1.2,1.2,3,16.0,30.2,30.525,73.708,10.8,10.8,30.461,73.685,18.6,18.6,7.0,5,Mùa mưa
2024-05-15,30.129,35.2,26.9,73.833,7.7,7.7,3,25.9,45.0,30.322,73.75,16.3,16.3,30.453,73.488,25.3,25.3,7.0,5,Mùa mưa
2024-05-16,29.108,33.4,26.5,81.333,5.2,5.2,3,14.1,27.4,29.893,75.986,14.1,14.1,30.272,74.548,26.9,26.9,7.0,5,Mùa mưa
2024-05-17,29.258,32.6,26.5,81.25,4.1,4.1,3,17.2,33.5,29.499,78.806,17.0,17.0,30.1,75.899,30.0,30.0,7.0,5,Mùa mưa
2024-05-18,29.338,34.2,26.0,80.417,0.2,0.2,3,17.2,31.0,29.235,81.0,9.5,9.5,29.915,76.851,28.0,28.0,7.0,5,Mùa mưa
2024-05-19,29.112,33.5,26.4,82.583,6.1,6.1,3,11.5,28.4,29.236,81.417,10.4,10.4,29.683,78.119,31.9,31.9,7.0,5,Mùa mưa
2024-05-20,28.092,32.0,25.8,85.583,49.9,49.9,3,13.3,24.8,28.847,82.861,56.2,56.2,29.354,79.685,74.4,74.4,7.0,5,Mùa mưa
2024-05-21,27.871,32.2,25.4,84.792,34.2,34.2,3,10.1,22.7,28.358,84.319,90.2,90.2,28.987,81.399,107.4,107.4,7.0,5,Mùa mưa
2024-05-22,28.971,33.4,25.8,82.458,7.1,7.1,3,13.8,25.2,28.311,84.278,91.2,91.2,28.821,82.631,106.8,106.8,7.0,5,Mùa mưa
2024-05-23,28.958,32.4,26.5,84.542,9.1,9.1,3,15.2,29.2,28.6,83.931,50.4,50.4,28.8,83.089,110.7,110.7,7.0,5,Mùa mưa
2024-05-24,29.967,34.2,26.8,78.875,0.6,0.6,3,15.5,26.6,29.299,81.958,16.8,16.8,28.901,82.75,107.2,107.2,7.0,5,Mùa mưa
2024-05-25,30.25,33.7,27.2,78.292,0.6,0.6,3,14.8,24.5,29.725,80.569,10.3,10.3,29.032,82.446,107.6,107.6,7.0,5,Mùa mưa
2024-05-26,29.321,33.7,26.2,82.042,2.0,2.0,3,14.1,24.5,29.846,79.736,3.2,3.2,29.061,82.369,103.5,103.5,7.0,5,Mùa mưa
2024-05-27,30.096,34.5,27.1,80.0,1.4,1.4,3,10.4,19.4,29.889,80.111,4.0,4.0,29.348,81.571,55.0,55.0,7.0,5,Mùa mưa
2024-05-28,28.562,32.7,25.2,83.792,28.1,28.1,3,10.5,24.8,29.326,81.944,31.5,31.5,29.446,81.429,48.9,48.9,7.0,5,Mùa mưa
2024-05-29,28.929,33.8,26.6,83.458,20.8,20.8,3,16.3,31.0,29.196,82.417,50.3,50.3,29.44,81.571,62.6,62.6,7.0,5,Mùa mưa
2024-05-30,28.208,31.4,26.2,86.417,12.5,12.5,3,17.2,31.7,28.567,84.556,61.4,61.4,29.333,81.839,66.0,66.0,7.0,5,Mùa mưa
2024-05-31,27.738,32.0,25.9,86.292,15.2,15.2,3,19.4,32.8,28.292,85.389,48.5,48.5,29.015,82.899,80.6,80.6,7.0,5,Mùa mưa
2024-06-01,28.5,33.2,25.8,82.583,3.5,3.5,3,15.3,27.0,28.149,85.097,31.2,31.2,28.765,83.512,83.5,83.5,7.0,6,Mùa mưa
2024-06-02,29.354,33.7,25.6,80.042,0.4,0.4,3,12.3,25.9,28.531,82.972,19.1,19.1,28.77,83.226,81.9,81.9,7.0,6,Mùa mưa
2024-06-03,29.787,34.5,26.4,77.333,0.8,0.8,3,17.8,45.7,29.214,79.986,4.7,4.7,28.726,82.845,81.3,81.3,7.0,6,Mùa mưa
2024-06-04,30.346,34.5,26.4,75.833,0.0,0.0,3,10.2,19.1,29.829,77.736,1.2,1.2,28.98,81.708,53.2,53.2,6.0,6,Mùa mưa
2024-06-05,29.608,34.0,27.4,80.458,5.6,5.6,3,13.0,29.9,29.914,77.875,6.4,6.4,29.077,81.28,38.0,38.0,6.0,6,Mùa mưa
2024-06-06,30.0,34.2,27.0,77.208,0.1,0.1,3,9.9,23.0,29.985,77.833,5.7,5.7,29.333,79.964,25.6,25.6,6.0,6,Mùa mưa
2024-06-07,29.121,33.3,26.9,78.667,1.7,1.7,3,9.3,20.9,29.576,78.778,7.4,7.4,29.531,78.875,12.1,12.1,6.0,6,Mùa mưa
2024-06-08,28.933,34.0,26.0,78.833,12.7,12.7,3,12.6,22.7,29.351,78.236,14.5,14.5,29.593,78.339,21.3,21.3,6.0,6,Mùa mưa
2024-06-09,27.567,30.9,26.1,84.0,10.3,10.3,3,22.9,38.9,28.54,80.5,24.7,24.7,29.338,78.905,31.2,31.2,6.0,6,Mùa mưa
2024-06-10,27.162,31.0,25.6,84.083,10.2,10.2,3,18.7,33.8,27.888,82.306,33.2,33.2,28.962,79.869,40.6,40.6,6.0,6,Mùa mưa
2024-06-11,28.633,33.2,25.0,78.167,0.5,0.5,3,18.4,32.4,27.788,82.083,21.0,21.0,28.718,80.202,41.1,41.1,7.0,6,Mùa mưa
2024-06-12,28.867,33.5,25.5,77.833,2.3,2.3,3,18.5,32.0,28.221,80.028,13.0,13.0,28.612,79.827,37.8,37.8,7.0,6,Mùa mưa
2024-06-13,29.4,34.5,26.0,78.0,2.0,2.0,3,17.9,31.3,28.967,78.0,4.8,4.8,28.526,79.94,39.7,39.7,7.0,6,Mùa mưa
2024-06-14,28.992,33.8,26.4,81.5,10.7,10.7,3,19.2,34.6,29.086,79.111,15.0,15.0,28.508,80.345,48.7,48.7,7.0,6,Mùa mưa
2024-06-15,28.521,33.8,25.8,82.875,5.3,5.3,3,15.2,36.0,28.971,80.792,18.0,18.0,28.449,80.923,41.3,41.3,7.0,6,Mùa mưa
2024-06-16,28.6,33.2,26.0,78.25,0.2,0.2,3,16.2,25.9,28.704,80.875,16.2,16.2,28.596,80.101,31.2,31.2,7.0,6,Mùa mưa
2024-06-17,27.95,33.7,25.4,82.25,6.4,6.4,3,22.6,39.2,28.357,81.125,11.9,11.9,28.709,79.839,27.4,27.4,7.0,6,Mùa mưa
2024-06-18,28.625,34.0,25.4,80.958,8.5,8.5,1,16.6,30.2,28.392,80.486,15.1,15.1,28.708,80.238,35.4,35.4,7.0,6,Mùa mưa
2024-06-19,28.646,33.3,25.5,80.542,6.8,6.8,3,24.6,40.3,28.407,81.25,21.7,21.7,28.676,80.625,39.9,39.9,7.0,6,Mùa mưa
2024-06-20,27.417,31.8,26.0,86.667,31.0,31.0,51,18.1,33.8,28.229,82.722,46.3,46.3,28.393,81.863,68.9,68.9,7.0,6,Mùa mưa
2024-06-21,27.1,31.8,25.3,86.542,17.8,17.8,3,14.3,24.5,27.721,84.583,55.6,55.6,28.123,82.583,76.0,76.0,7.0,6,Mùa mưa
2024-06-22,26.408,28.6,25.1,89.0,32.5,32.5,51,20.6,40.3,26.975,87.403,81.3,81.3,27.821,83.458,103.2,103.2,7.0,6,Mùa mưa
2024-06-23,26.442,30.1,24.5,88.333,16.3,16.3,51,22.4,43.6,26.65,87.958,66.6,66.6,27.512,84.899,119.3,119.3,7.0,6,Mùa mưa
2024-06-24,26.75,30.6,24.4,87.417,16.3,16.3,51,20.9,40.7,26.533,88.25,65.1,65.1,27.341,85.637,129.2,129.2,7.0,6,Mùa mưa
2024-06-25,27.696,31.2,25.0,82.667,2.5,2.5,3,13.7,29.5,26.963,86.139,35.1,35.1,27.208,85.881,123.2,123.2,7.0,6,Mùa mưa
2024-06-26,28.171,32.5,24.6,79.458,1.3,1.3,3,11.6,23.8,27.539,83.181,20.1,20.1,27.14,85.726,117.7,117.7,7.0,6,Mùa mưa
2024-06-27,27.175,31.2,25.2,86.458,19.8,19.8,3,9.8,29.2,27.681,82.861,23.6,23.6,27.106,85.696,106.5,106.5,7.0,6,Mùa mưa
2024-06-28,27.471,31.3,24.9,86.083,9.3,9.3,3,17.3,29.9,27.606,84.0,30.4,30.4,27.159,85.631,98.0,98.0,7.0,6,Mùa mưa
2024-06-29,28.279,31.5,25.6,83.958,2.2,2.2,3,20.9,33.1,27.642,85.5,31.3,31.3,27.426,84.911,67.7,67.7,7.0,6,Mùa mưa
2024-06-30,28.008,32.7,25.5,82.75,4.8,4.8,3,11.7,27.7,27.919,84.264,16.3,16.3,27.65,84.113,56.2,56.2,7.0,6,Mùa mưa
2024-07-01,27.85,31.2,24.6,84.125,1.7,1.7,51,16.9,29.9,28.046,83.611,8.7,8.7,27.807,83.643,41.6,41.6,7.0,7,Mùa mưa
2024-07-02,27.321,32.3,25.1,85.833,17.1,17.1,51,12.5,32.4,27.726,84.236,23.6,23.6,27.754,84.095,56.2,56.2,7.0,7,Mùa mưa
2024-07-03,27.125,31.0,24.9,86.75,16.1,16.1,51,15.5,25.6,27.432,85.569,34.9,34.9,27.604,85.137,71.0,71.0,7.0,7,Mùa mưa
2024-07-04,26.246,29.7,24.0,89.292,19.7,19.7,51,12.5,29.5,26.897,87.292,52.9,52.9,27.471,85.542,70.9,70.9,7.0,7,Mùa mưa
2024-07-05,27.079,32.2,24.0,84.667,6.0,6.0,3,18.5,32.8,26.817,86.903,41.8,41.8,27.415,85.339,67.6,67.6,7.0,7,Mùa mưa
2024-07-06,27.846,32.2,24.1,82.375,7.3,7.3,3,15.2,25.6,27.057,85.444,33.0,33.0,27.354,85.113,72.7,72.7,7.0,7,Mùa mưa
2024-07-07,27.504,30.6,25.1,85.5,5.3,5.3,3,16.6,30.2,27.476,84.181,18.6,18.6,27.282,85.506,73.2,73.2,7.0,7,Mùa mưa
2024-07-08,27.612,31.3,25.1,86.042,2.1,2.1,3,15.6,27.7,27.654,84.639,14.7,14.7,27.248,85.78,73.6,73.6,7.0,7,Mùa mưa
2024-07-09,27.479,31.5,24.8,84.25,18.7,18.7,3,14.2,25.6,27.532,85.264,26.1,26.1,27.27,85.554,75.2,75.2,7.0,7,Mùa mưa
2024-07-10,27.25,31.6,24.6,85.042,2.1,2.1,3,18.9,37.1,27.447,85.111,22.9,22.9,27.288,85.31,61.2,61.2,7.0,7,Mùa mưa
2024-07-11,26.417,30.2,24.6,88.875,15.9,15.9,51,18.7,35.3,27.049,86.056,36.7,36.7,27.312,85.25,57.4,57.4,7.0,7,Mùa mưa
2024-07-12,26.467,30.4,24.5,88.0,12.8,12.8,3,20.6,39.2,26.711,87.306,30.8,30.8,27.225,85.726,64.2,64.2,7.0,7,Mùa mưa
2024-07-13,26.558,30.2,24.9,87.208,21.9,21.9,3,20.9,42.1,26.481,88.028,50.6,50.6,27.041,86.417,78.8,78.8,7.0,7,Mùa mưa
2024-07-14,26.692,30.9,25.2,86.083,19.5,19.5,3,27.0,48.6,26.572,87.097,54.2,54.2,26.925,86.5,93.0,93.0,7.0,7,Mùa mưa
2024-07-15,26.642,30.9,24.9,87.25,19.1,19.1,3,20.4,38.5,26.631,86.847,60.5,60.5,26.786,86.673,110.0,110.0,7.0,7,Mùa mưa
2024-07-16,26.321,30.5,24.5,89.417,15.4,15.4,3,18.9,38.9,26.551,87.583,54.0,54.0,26.621,87.411,106.7,106.7,7.0,7,Mùa mưa
2024-07-17,25.967,29.2,24.5,90.0,14.7,14.7,51,24.4,44.3,26.31,88.889,49.2,49.2,26.438,88.119,119.3,119.3,7.0,7,Mùa mưa
2024-07-18,26.592,31.0,24.5,88.542,17.7,17.7,51,21.8,44.3,26.293,89.319,47.8,47.8,26.463,88.071,121.1,121.1,7.0,7,Mùa mưa
2024-07-19,26.146,29.2,24.2,89.417,17.0,17.0,3,20.3,36.4,26.235,89.319,49.4,49.4,26.417,88.274,125.3,125.3,7.0,7,Mùa mưa
2024-07-20,26.046,28.9,24.3,90.0,17.1,17.1,51,15.2,33.1,26.261,89.319,51.8,51.8,26.343,88.673,120.5,120.5,7.0,7,Mùa mưa
2024-07-21,26.783,31.1,24.5,87.5,16.1,16.1,3,22.2,42.5,26.325,88.972,50.2,50.2,26.357,88.875,117.1,117.1,7.0,7,Mùa mưa
2024-07-22,26.979,31.3,25.0,87.708,14.3,14.3,3,23.1,46.1,26.603,88.403,47.5,47.5,26.405,88.94,112.3,112.3,7.0,7,Mùa mưa
2024-07-23,27.642,30.9,25.2,84.292,5.5,5.5,3,18.8,46.4,27.135,86.5,35.9,35.9,26.593,88.208,102.4,102.4,7.0,7,Mùa mưa
2024-07-24,28.025,31.6,25.2,82.167,7.0,7.0,3,20.3,44.6,27.549,84.722,26.8,26.8,26.888,87.089,94.7,94.7,7.0,7,Mùa mưa
2024-07-25,27.254,31.5,25.2,85.833,20.9,20.9,51,20.6,45.0,27.64,84.097,33.4,33.4,26.982,86.702,97.9,97.9,7.0,7,Mùa mưa
2024-07-26,27.012,29.3,24.6,88.083,5.8,5.8,3,20.6,40.7,27.431,85.361,33.7,33.7,27.106,86.512,86.7,86.7,7.0,7,Mùa mưa
2024-07-27,26.354,29.2,24.6,89.708,26.3,26.3,3,25.2,40.0,26.874,87.875,53.0,53.0,27.15,86.47,95.9,95.9,7.0,7,Mùa mưa
2024-07-28,26.767,29.5,24.9,86.625,2.1,2.1,3,14.8,29.9,26.711,88.139,34.2,34.2,27.148,86.345,81.9,81.9,7.0,7,Mùa mưa
2024-07-29,27.183,31.1,24.4,86.333,7.7,7.7,3,16.1,36.0,26.768,87.556,36.1,36.1,27.177,86.149,75.3,75.3,7.0,7,Mùa mưa
2024-07-30,27.371,32.1,24.4,86.875,9.7,9.7,3,13.6,37.8,27.107,86.611,19.5,19.5,27.138,86.518,79.5,79.5,7.0,7,Mùa mưa
2024-07-31,27.775,32.3,24.6,84.375,3.3,3.3,3,18.0,33.1,27.443,85.861,20.7,20.7,27.102,86.833,75.8,75.8,7.0,7,Mùa mưa
2024-08-01,27.825,32.0,25.4,84.667,23.1,23.1,3,19.9,33.8,27.657,85.306,36.1,36.1,27.184,86.667,78.0,78.0,7.0,8,Mùa mưa
2024-08-02,27.6,32.0,25.0,84.458,24.3,24.3,3,15.8,29.5,27.733,84.5,50.7,50.7,27.268,86.149,96.5,96.5,7.0,8,Mùa mưa
2024-08-03,27.287,31.3,24.5,85.708,8.4,8.4,3,11.3,28.8,27.571,84.944,55.8,55.8,27.401,85.577,78.6,78.6,7.0,8,Mùa mưa
2024-08-04,26.596,31.0,24.5,87.875,8.6,8.6,3,12.3,30.6,27.161,86.014,41.3,41.3,27.377,85.756,85.1,85.1,7.0,8,Mùa mưa
2024-08-05,26.3,31.2,23.8,89.417,27.2,27.2,3,16.8,30.2,26.728,87.667,44.2,44.2,27.251,86.196,104.6,104.6,7.0,8,Mùa mưa
2024-08-06,26.817,31.6,24.2,87.917,14.9,14.9,3,13.8,34.2,26.571,88.403,50.7,50.7,27.171,86.345,109.8,109.8,7.0,8,Mùa mưa
2024-08-07,27.042,30.6,24.4,87.458,14.6,14.6,3,15.1,29.5,26.719,88.264,56.7,56.7,27.067,86.786,121.1,121.1,7.0,8,Mùa mưa
2024-08-08,28.138,32.3,24.4,82.958,1.1,1.1,51,14.7,26.3,27.332,86.111,30.6,30.6,27.111,86.542,99.1,99.1,7.0,8,Mùa mưa
2024-08-09,28.342,32.3,25.5,81.833,3.0,3.0,51,13.3,23.8,27.84,84.083,18.7,18.7,27.217,86.167,77.8,77.8,7.0,8,Mùa mưa
2024-08-10,28.6,32.9,25.1,82.083,1.0,1.0,0,14.2,26.6,28.36,82.292,5.1,5.1,27.405,85.649,70.4,70.4,7.0,8,Mùa mưa
2024-08-11,28.617,32.9,25.5,82.583,4.6,4.6,1,18.2,36.0,28.519,82.167,8.6,8.6,27.693,84.893,66.4,66.4,7.0,8,Mùa mưa
2024-08-12,27.675,31.8,25.2,84.708,12.3,12.3,3,24.2,41.0,28.297,83.125,17.9,17.9,27.89,84.22,51.5,51.5,7.0,8,Mùa mưa
2024-08-13,28.133,32.7,24.4,82.292,0.2,0.2,0,17.1,29.9,28.142,83.194,17.1,17.1,28.078,83.417,36.8,36.8,7.0,8,Mùa mưa
2024-08-14,28.517,32.9,25.4,84.0,0.7,0.7,1,14.0,24.1,28.108,83.667,13.2,13.2,28.289,82.923,22.9,22.9,7.0,8,Mùa mưa
2024-08-15,28.279,32.5,25.0,84.708,13.1,13.1,1,12.0,23.0,28.31,83.667,14.0,14.0,28.309,83.173,34.9,34.9,7.0,8,Mùa mưa
2024-08-16,28.071,32.5,25.3,85.083,2.7,2.7,3,13.4,26.6,28.289,84.597,16.5,16.5,28.27,83.637,34.6,34.6,7.0,8,Mùa mưa
2024-08-17,27.833,32.3,25.2,85.375,4.1,4.1,3,13.2,32.4,28.061,85.056,19.9,19.9,28.161,84.107,37.7,37.7,7.0,8,Mùa mưa
2024-08-18,28.629,33.2,24.8,80.375,0.2,0.2,3,12.4,20.2,28.178,83.611,7.0,7.0,28.162,83.792,33.3,33.3,7.0,8,Mùa mưa
2024-08-19,29.108,33.6,25.4,78.167,0.1,0.1,3,12.2,19.4,28.524,81.306,4.4,4.4,28.367,82.857,21.1,21.1,7.0,8,Mùa mưa
2024-08-20,28.483,32.5,25.3,80.458,1.9,1.9,3,11.2,22.7,28.74,79.667,2.2,2.2,28.417,82.595,22.8,22.8,7.0,8,Mùa mưa
2024-08-21,28.183,33.2,24.9,81.667,4.8,4.8,3,13.6,24.5,28.592,80.097,6.8,6.8,28.37,82.262,26.9,26.9,7.0,8,Mùa mưa
2024-08-22,28.196,32.8,24.9,82.583,2.6,2.6,3,13.7,27.0,28.288,81.569,9.3,9.3,28.358,81.958,16.4,16.4,7.0,8,Mùa mưa
2024-08-23,27.767,31.6,24.8,83.208,1.4,1.4,3,15.2,33.5,28.049,82.486,8.8,8.8,28.314,81.69,15.1,15.1,7.0,8,Mùa mưa
2024-08-24,27.321,32.0,24.8,84.0,7.1,7.1,3,14.7,25.9,27.761,83.264,11.1,11.1,28.241,81.494,18.1,18.1,7.0,8,Mùa mưa
2024-08-25,26.8,31.8,23.8,84.792,13.0,13.0,3,14.4,26.3,27.296,84.0,21.5,21.5,27.98,82.125,30.9,30.9,7.0,8,Mùa mưa
2024-08-26,26.875,31.9,24.4,86.167,28.1,28.1,51,16.1,29.9,26.999,84.986,48.2,48.2,27.661,83.268,58.9,58.9,7.0,8,Mùa mưa
2024-08-27,26.771,30.6,24.7,88.708,5.8,5.8,51,21.4,34.9,26.815,86.556,46.9,46.9,27.416,84.446,62.8,62.8,7.0,8,Mùa mưa
2024-08-28,26.979,30.9,24.9,87.292,15.0,15.0,51,22.5,38.9,26.875,87.389,48.9,48.9,27.244,85.25,73.0,73.0,7.0,8,Mùa mưa
2024-08-29,26.858,30.0,23.9,84.708,7.9,7.9,3,22.9,41.8,26.869,86.903,28.7,28.7,27.053,85.554,78.3,78.3,7.0,8,Mùa mưa
2024-08-30,26.933,31.1,24.9,84.708,14.3,14.3,3,22.6,38.5,26.924,85.569,37.2,37.2,26.934,85.768,91.2,91.2,7.0,8,Mùa mưa
2024-08-31,26.662,30.0,24.6,86.708,18.2,18.2,53,18.2,36.0,26.818,85.375,40.4,40.4,26.84,86.155,102.3,102.3,7.0,8,Mùa mưa
2024-09-01,26.262,29.2,24.5,89.292,25.2,25.2,51,9.9,21.2,26.619,86.903,57.7,57.7,26.763,86.798,114.5,114.5,7.0,9,Mùa mưa
2024-09-02,26.121,28.4,24.1,89.417,14.8,14.8,3,20.5,34.6,26.349,88.472,58.2,58.2,26.655,87.262,101.2,101.2,7.0,9,Mùa mưa
2024-09-03,26.488,29.9,24.5,88.292,10.9,10.9,3,25.7,47.2,26.29,89.0,50.9,50.9,26.615,87.202,106.3,106.3,7.0,9,Mùa mưa
2024-09-04,27.067,30.6,24.9,86.333,3.7,3.7,3,22.6,49.0,26.558,88.014,29.4,29.4,26.627,87.065,95.0,95.0,7.0,9,Mùa mưa
2024-09-05,27.421,31.7,25.2,85.542,12.1,12.1,51,22.9,40.7,26.992,86.722,26.7,26.7,26.708,87.185,99.2,99.2,7.0,9,Mùa mưa
2024-09-06,27.071,30.6,25.6,86.125,5.7,5.7,3,28.4,44.6,27.186,86.0,21.5,21.5,26.727,87.387,90.6,90.6,7.0,9,Mùa mưa
2024-09-07,27.496,31.6,25.2,85.042,16.7,16.7,3,24.8,44.3,27.329,85.569,34.5,34.5,26.846,87.149,89.1,89.1,7.0,9,Mùa mưa
2024-09-08,27.717,31.5,25.3,84.667,18.1,18.1,3,18.7,39.6,27.428,85.278,40.5,40.5,27.054,86.488,82.0,82.0,7.0,9,Mùa mưa
2024-09-09,28.108,32.0,25.0,82.0,6.5,6.5,3,17.3,28.8,27.774,83.903,41.3,41.3,27.338,85.429,73.7,73.7,7.0,9,Mùa mưa
2024-09-10,27.529,32.5,25.2,86.042,7.5,7.5,3,17.6,30.2,27.785,84.236,32.1,32.1,27.487,85.107,70.3,70.3,7.0,9,Mùa mưa
2024-09-11,27.179,31.4,24.9,88.25,10.1,10.1,3,13.5,29.2,27.606,85.431,24.1,24.1,27.503,85.381,76.7,76.7,7.0,9,Mùa mưa
2024-09-12,27.108,31.6,24.8,88.0,12.4,12.4,3,13.4,24.8,27.272,87.431,30.0,30.0,27.458,85.732,77.0,77.0,7.0,9,Mùa mưa
2024-09-13,27.029,31.7,25.1,87.917,27.0,27.0,61,19.3,36.7,27.106,88.056,49.5,49.5,27.452,85.988,98.3,98.3,7.0,9,Mùa mưa
2024-09-14,26.246,29.6,25.0,90.375,21.5,21.5,51,18.4,35.6,26.794,88.764,60.9,60.9,27.274,86.75,103.1,103.1,7.0,9,Mùa mưa
2024-09-15,26.592,29.8,25.0,88.667,13.4,13.4,3,16.3,32.0,26.622,88.986,61.9,61.9,27.113,87.321,98.4,98.4,7.0,9,Mùa mưa
2024-09-16,26.975,31.2,24.8,85.875,23.8,23.8,3,17.9,33.8,26.604,88.306,58.7,58.7,26.951,87.875,115.7,115.7,7.0,9,Mùa mưa
2024-09-17,26.112,29.0,24.9,89.292,12.4,12.4,51,19.5,33.5,26.56,87.944,49.6,49.6,26.749,88.339,120.6,120.6,7.0,9,Mùa mưa
2024-09-18,25.762,29.4,23.8,90.958,52.6,52.6,63,18.1,36.4,26.283,88.708,88.8,88.8,26.546,88.726,163.1,163.1,7.0,9,Mùa mưa
2024-09-19,26.333,29.6,24.2,89.0,10.6,10.6,51,20.4,34.9,26.069,89.75,75.6,75.6,26.436,88.869,161.3,161.3,7.0,9,Mùa mưa
2024-09-20,26.808,30.0,25.0,87.25,5.5,5.5,3,22.8,49.7,26.301,89.069,68.7,68.7,26.404,88.774,139.8,139.8,7.0,9,Mùa mưa
2024-09-21,25.983,28.2,24.9,90.0,21.7,21.7,3,20.1,35.3,26.375,88.75,37.8,37.8,26.367,88.72,140.0,140.0,7.0,9,Mùa mưa
2024-09-22,26.208,29.3,24.5,90.042,12.3,12.3,51,17.0,31.3,26.333,89.097,39.5,39.5,26.312,88.917,138.9,138.9,7.0,9,Mùa mưa
2024-09-23,26.742,31.1,24.6,87.75,26.1,26.1,3,14.0,27.0,26.311,89.264,60.1,60.1,26.279,89.185,141.2,141.2,7.0,9,Mùa mưa
2024-09-24,27.383,31.6,24.7,86.25,3.9,3.9,3,9.0,22.7,26.778,88.014,42.3,42.3,26.46,88.75,132.7,132.7,7.0,9,Mùa mưa
2024-09-25,27.142,30.8,23.9,87.417,4.7,4.7,51,10.9,27.7,27.089,87.139,34.7,34.7,26.657,88.244,84.8,84.8,7.0,9,Mùa mưa
2024-09-26,26.675,31.4,23.6,87.208,8.3,8.3,3,15.8,32.0,27.067,86.958,16.9,16.9,26.706,87.988,82.5,82.5,7.0,9,Mùa mưa
2024-09-27,27.042,30.8,24.5,86.083,5.6,5.6,3,20.4,35.6,26.953,86.903,18.6,18.6,26.739,87.821,82.6,82.6,7.0,9,Mùa mưa
2024-09-28,28.246,32.0,25.0,81.708,1.3,1.3,51,12.0,18.7,27.321,85.0,15.2,15.2,27.062,86.637,62.2,62.2,7.0,9,Mùa mưa
2024-09-29,28.067,32.2,25.4,84.417,8.7,8.7,3,9.8,21.2,27.785,84.069,15.6,15.6,27.328,85.833,58.6,58.6,7.0,9,Mùa mưa
2024-09-30,27.879,32.7,25.3,85.958,13.1,13.1,3,11.9,24.5,28.064,84.028,23.1,23.1,27.49,85.577,45.6,45.6,7.0,9,Mùa mưa
2024-10-01,27.846,32.3,25.4,85.708,8.1,8.1,3,12.2,27.0,27.931,85.361,29.9,29.9,27.557,85.5,49.8,49.8,7.0,10,Mùa mưa
2024-10-02,27.562,32.2,25.0,87.5,10.6,10.6,3,14.9,27.7,27.763,86.389,31.8,31.8,27.617,85.512,55.7,55.7,7.0,10,Mùa mưa
2024-10-03,26.817,30.7,24.9,88.708,9.8,9.8,3,15.5,27.4,27.408,87.306,28.5,28.5,27.637,85.726,57.2,57.2,7.0,10,Mùa mưa
2024-10-04,26.846,31.0,24.1,87.25,5.6,5.6,3,12.5,22.3,27.075,87.819,26.0,26.0,27.609,85.893,57.2,57.2,7.0,10,Mùa mưa
2024-10-05,27.225,31.8,23.9,84.667,4.7,4.7,1,11.5,20.9,26.963,86.875,20.1,20.1,27.463,86.315,60.6,60.6,7.0,10,Mùa mưa
2024-10-06,26.662,30.2,24.3,85.208,24.2,24.2,3,11.6,24.8,26.911,85.708,34.5,34.5,27.262,86.429,76.1,76.1,7.0,10,Mùa mưa
2024-10-07,26.442,31.1,23.8,87.708,23.4,23.4,3,10.6,23.4,26.776,85.861,52.3,52.3,27.057,86.679,86.4,86.4,7.0,10,Mùa mưa
2024-10-08,26.425,30.5,24.2,87.5,19.3,19.3,3,12.1,31.3,26.51,86.806,66.9,66.9,26.854,86.935,97.6,97.6,7.0,10,Mùa mưa
2024-10-09,26.633,30.5,24.3,87.5,15.2,15.2,3,13.3,24.8,26.5,87.569,57.9,57.9,26.721,86.935,102.2,102.2,7.0,10,Mùa mưa
2024-10-10,27.012,31.7,24.7,86.458,12.3,12.3,3,15.8,28.8,26.69,87.153,46.8,46.8,26.749,86.613,104.7,104.7,7.0,10,Mùa mưa
2024-10-11,27.138,30.9,24.4,88.458,1.6,1.6,3,12.9,29.2,26.928,87.472,29.1,29.1,26.791,86.786,100.7,100.7,7.0,10,Mùa mưa
2024-10-12,26.7,31.0,24.9,89.625,7.6,7.6,3,12.5,40.3,26.95,88.181,21.5,21.5,26.716,87.494,103.6,103.6,7.0,10,Mùa mưa
2024-10-13,27.379,32.3,24.4,86.0,14.0,14.0,3,11.9,22.7,27.072,88.028,23.2,23.2,26.818,87.607,93.4,93.4,7.0,10,Mùa mưa
2024-10-14,27.279,32.1,24.0,85.667,9.8,9.8,3,11.5,21.2,27.119,87.097,31.4,31.4,26.938,87.315,79.8,79.8,7.0,10,Mùa mưa
2024-10-15,26.654,31.0,24.5,88.25,29.1,29.1,51,13.7,33.5,27.104,86.639,52.9,52.9,26.971,87.423,89.6,89.6,7.0,10,Mùa mưa
2024-10-16,26.479,30.2,24.8,87.0,7.3,7.3,3,14.3,23.4,26.804,86.972,46.2,46.2,26.949,87.351,81.7,81.7,7.0,10,Mùa mưa
2024-10-17,26.638,30.5,24.8,86.917,19.6,19.6,51,21.6,37.4,26.59,87.389,56.0,56.0,26.895,87.417,89.0,89.0,7.0,10,Mùa mưa
2024-10-18,25.942,28.9,23.9,90.083,2.9,2.9,3,13.7,23.8,26.353,88.0,29.8,29.8,26.724,87.649,90.3,90.3,7.0,10,Mùa mưa
2024-10-19,26.104,29.6,24.1,90.083,8.4,8.4,3,12.2,30.2,26.228,89.028,30.9,30.9,26.639,87.714,91.1,91.1,7.0,10,Mùa mưa
2024-10-20,26.171,30.6,24.0,88.5,6.8,6.8,51,16.8,28.1,26.072,89.556,18.1,18.1,26.467,88.071,83.9,83.9,7.0,10,Mùa mưa
2024-10-21,26.354,31.0,23.7,86.958,16.1,16.1,3,17.3,31.7,26.21,88.514,31.3,31.3,26.335,88.256,90.2,90.2,7.0,10,Mùa mưa
2024-10-22,26.138,30.5,23.4,87.208,10.8,10.8,3,15.5,30.6,26.221,87.556,33.7,33.7,26.261,88.107,71.9,71.9,7.0,10,Mùa mưa
2024-10-23,26.292,29.3,24.4,88.375,10.0,10.0,3,11.7,22.7,26.261,87.514,36.9,36.9,26.234,88.304,74.6,74.6,7.0,10,Mùa mưa
2024-10-24,27.508,31.7,24.0,81.667,0.6,0.6,3,14.3,24.1,26.646,85.75,21.4,21.4,26.358,87.554,55.6,55.6,7.0,10,Mùa mưa
2024-10-25,27.183,31.9,23.0,80.042,1.0,1.0,3,16.5,28.8,26.994,83.361,11.6,11.6,26.536,86.119,53.7,53.7,7.0,10,Mùa mưa
2024-10-26,27.888,32.5,24.2,78.625,0.1,0.1,3,20.7,35.6,27.526,80.111,1.7,1.7,26.79,84.482,45.4,45.4,7.0,10,Mùa mưa
2024-10-27,25.633,26.9,24.5,88.417,7.3,7.3,3,12.4,28.4,26.901,82.361,8.4,8.4,26.714,84.47,45.9,45.9,7.0,10,Mùa mưa
2024-10-28,24.842,26.9,23.6,91.542,41.9,41.9,3,12.9,27.7,26.121,86.194,49.3,49.3,26.498,85.125,71.7,71.7,7.0,10,Mùa mưa
2024-10-29,25.558,29.2,23.7,88.917,9.2,9.2,3,16.2,29.2,25.344,89.625,58.4,58.4,26.415,85.369,70.1,70.1,7.0,10,Mùa mưa
2024-10-30,26.388,31.3,23.4,87.583,4.7,4.7,51,14.3,28.1,25.596,89.347,55.8,55.8,26.429,85.256,64.8,64.8,7.0,10,Mùa mưa
2024-10-31,26.854,31.5,23.4,84.542,0.2,0.2,3,14.3,30.6,26.267,87.014,14.1,14.1,26.335,85.667,64.4,64.4,7.0,10,Mùa mưa
2024-11-01,27.071,31.8,24.1,84.875,10.5,10.5,3,11.1,23.8,26.771,85.667,15.4,15.4,26.319,86.357,73.9,73.9,7.0,11,Mùa mưa
2024-11-02,26.592,30.2,23.9,84.833,3.8,3.8,3,14.4,26.3,26.839,84.75,14.5,14.5,26.134,87.244,77.6,77.6,7.0,11,Mùa mưa
2024-11-03,26.746,31.5,23.1,83.917,1.8,1.8,3,11.4,25.9,26.803,84.542,16.1,16.1,26.293,86.601,72.1,72.1,7.0,11,Mùa mưa
2024-11-04,26.308,30.3,23.5,88.208,14.3,14.3,3,15.2,31.0,26.549,85.653,19.9,19.9,26.502,86.125,44.5,44.5,7.0,11,Mùa mưa
2024-11-05,26.287,30.9,23.0,86.125,1.2,1.2,3,13.6,26.6,26.447,86.083,17.3,17.3,26.607,85.726,36.5,36.5,7.0,11,Mùa mưa
2024-11-06,26.446,30.9,24.2,88.125,8.8,8.8,3,14.2,24.1,26.347,87.486,24.3,24.3,26.615,85.804,40.6,40.6,7.0,11,Mùa mưa
2024-11-07,26.738,31.0,23.4,85.208,5.3,5.3,3,8.8,23.8,26.49,86.486,15.3,15.3,26.598,85.899,45.7,45.7,7.0,11,Mùa mưa
2024-11-08,26.733,31.4,23.5,84.0,3.8,3.8,3,10.5,19.8,26.639,85.778,17.9,17.9,26.55,85.774,39.0,39.0,7.0,11,Mùa mưa
2024-11-09,26.721,31.4,24.0,84.458,7.7,7.7,3,8.3,23.8,26.731,84.556,16.8,16.8,26.568,85.72,42.9,42.9,7.0,11,Mùa mưa
2024-11-10,27.362,31.9,23.8,82.792,0.6,0.6,1,12.4,22.7,26.939,83.75,12.1,12.1,26.657,85.56,41.7,41.7,7.0,11,Mùa mưa
2024-11-11,27.588,31.8,23.6,80.542,0.2,0.2,3,13.3,20.2,27.224,82.597,8.5,8.5,26.839,84.464,27.6,27.6,7.0,11,Mùa mưa
2024-11-12,27.154,30.7,23.8,85.333,1.6,1.6,3,10.0,19.1,27.368,82.889,2.4,2.4,26.963,84.351,28.0,28.0,7.0,11,Mùa mưa
2024-11-13,27.171,31.6,24.2,85.5,2.8,2.8,0,8.1,31.0,27.304,83.792,4.6,4.6,27.067,83.976,22.0,22.0,7.0,11,Mùa mưa
2024-11-14,28.292,32.3,24.9,78.333,0.0,0.0,0,10.7,27.4,27.539,83.056,4.4,4.4,27.289,82.994,16.7,16.7,6.0,11,Mùa mưa
2024-11-15,28.112,32.0,24.9,80.375,1.0,1.0,3,9.4,27.4,27.858,81.403,3.8,3.8,27.486,82.476,13.9,13.9,6.0,11,Mùa mưa
2024-11-16,28.758,34.0,24.2,71.667,0.0,0.0,2,11.0,24.1,28.388,76.792,1.0,1.0,27.777,80.649,6.2,6.2,5.0,11,Mùa mưa
2024-11-17,28.717,33.7,24.5,72.5,0.1,0.1,3,10.9,24.8,28.529,74.847,1.1,1.1,27.97,79.179,5.7,5.7,5.0,11,Mùa mưa
2024-11-18,28.867,34.2,23.0,69.917,0.0,0.0,0,8.5,23.8,28.781,71.361,0.1,0.1,28.153,77.661,5.5,5.5,4.0,11,Mùa mưa
2024-11-19,28.9,33.8,24.5,71.583,0.9,0.9,3,8.9,32.0,28.828,71.333,1.0,1.0,28.402,75.696,4.8,4.8,4.0,11,Mùa mưa
2024-11-20,28.204,35.2,24.2,75.333,1.4,1.4,3,13.0,32.4,28.657,72.278,2.3,2.3,28.55,74.244,3.4,3.4,4.0,11,Mùa mưa
2024-11-21,27.704,33.0,24.0,81.167,5.9,5.9,3,8.7,28.4,28.269,76.028,8.2,8.2,28.466,74.649,9.3,9.3,5.0,11,Mùa mưa
2024-11-22,28.167,33.3,24.0,78.208,0.5,0.5,3,8.9,29.2,28.025,78.236,7.8,7.8,28.474,74.339,8.8,8.8,5.0,11,Mùa mưa
2024-11-23,28.142,33.8,23.6,78.25,0.3,0.3,3,10.0,33.5,28.004,79.208,6.7,6.7,28.386,75.28,9.1,9.1,6.0,11,Mùa mưa
2024-11-24,27.908,33.2,24.8,81.125,3.8,3.8,3,13.8,36.4,28.072,79.194,4.6,4.6,28.27,76.512,12.8,12.8,6.0,11,Mùa mưa
2024-11-25,28.933,34.2,24.0,72.042,0.1,0.1,3,10.8,38.5,28.328,77.139,4.2,4.2,28.28,76.815,12.9,12.9,7.0,11,Mùa mưa
2024-11-26,29.667,34.8,24.8,66.958,0.0,0.0,3,8.9,32.4,28.836,73.375,3.9,3.9,28.389,76.155,12.0,12.0,6.0,11,Mùa mưa
2024-11-27,29.05,34.5,24.1,65.417,0.9,0.9,3,11.1,31.3,29.217,68.139,1.0,1.0,28.51,74.738,11.5,11.5,6.0,11,Mùa mưa
2024-11-28,28.846,33.7,25.0,61.417,0.7,0.7,3,16.5,40.7,29.188,64.597,1.6,1.6,28.673,71.917,6.3,6.3,6.0,11,Mùa mưa
2024-11-29,26.996,30.8,24.0,62.667,0.0,0.0,3,15.7,36.0,28.297,63.167,1.6,1.6,28.506,69.696,5.8,5.8,5.0,11,Mùa mưa
2024-11-30,27.842,33.5,23.0,59.083,0.0,0.0,3,9.4,24.1,27.894,61.056,0.7,0.7,28.463,66.958,5.5,5.5,4.0,11,Mùa mưa
2024-12-01,28.508,33.3,25.1,69.292,0.3,0.3,3,11.1,27.0,27.782,63.681,0.3,0.3,28.549,65.268,2.0,2.0,4.0,12,Mùa khô
2024-12-02,28.688,34.2,25.8,72.958,0.7,0.7,3,8.2,19.8,28.346,67.111,1.0,1.0,28.514,65.399,2.6,2.6,4.0,12,Mùa khô
2024-12-03,26.612,28.4,25.4,87.292,4.5,4.5,3,5.0,12.6,27.936,76.514,5.5,5.5,28.077,68.304,7.1,7.1,5.0,12,Mùa khô
2024-12-04,26.7,31.4,23.1,84.458,2.0,2.0,3,8.1,20.2,27.333,81.569,7.2,7.2,27.742,71.024,8.2,8.2,5.0,12,Mùa khô
2024-12-05,26.412,29.6,23.5,85.792,1.2,1.2,3,12.5,25.6,26.575,85.847,7.7,7.7,27.394,74.506,8.7,8.7,5.0,12,Mùa khô
2024-12-06,26.954,31.5,23.5,85.667,4.2,4.2,3,10.0,31.0,26.689,85.306,7.4,7.4,27.388,77.792,12.9,12.9,6.0,12,Mùa khô
2024-12-07,26.204,29.6,23.6,90.75,4.4,4.4,51,7.3,25.6,26.524,87.403,9.8,9.8,27.154,82.315,17.3,17.3,7.0,12,Mùa khô
2024-12-08,27.608,32.1,23.7,78.208,0.0,0.0,3,10.3,22.7,26.922,84.875,8.6,8.6,27.026,83.589,17.0,17.0,6.0,12,Mùa khô
2024-12-09,27.633,32.0,24.5,70.625,0.0,0.0,3,11.6,23.8,27.149,79.861,4.4,4.4,26.875,83.256,16.3,16.3,5.0,12,Mùa khô
2024-12-10,26.675,31.4,23.8,75.458,0.9,0.9,3,13.9,33.1,27.306,74.764,0.9,0.9,26.884,81.565,12.7,12.7,5.0,12,Mùa khô
2024-12-11,25.871,30.5,23.1,85.708,13.8,13.8,3,11.7,32.0,26.726,77.264,14.7,14.7,26.765,81.744,24.5,24.5,5.0,12,Mùa khô
2024-12-12,26.075,30.0,23.8,90.667,14.6,14.6,3,13.6,43.2,26.207,83.944,29.3,29.3,26.717,82.44,37.9,37.9,5.0,12,Mùa khô
2024-12-13,26.346,29.7,24.1,89.167,21.0,21.0,51,15.3,40.3,26.097,88.514,49.4,49.4,26.63,82.94,54.7,54.7,5.0,12,Mùa khô
2024-12-14,25.258,27.0,23.8,93.167,9.8,9.8,51,9.5,23.0,25.893,91.0,45.4,45.4,26.495,83.286,60.1,60.1,5.0,12,Mùa khô
2024-12-15,25.767,28.8,23.8,88.75,9.2,9.2,3,7.7,41.4,25.79,90.361,40.0,40.0,26.232,84.792,69.3,69.3,6.0,12,Mùa khô
2024-12-16,25.296,28.4,22.8,79.417,0.0,0.0,3,10.6,23.4,25.44,87.111,19.0,19.0,25.898,86.048,69.3,69.3,6.0,12,Mùa khô
2024-12-17,25.333,29.0,21.6,79.125,0.0,0.0,3,9.1,23.0,25.465,82.431,9.2,9.2,25.707,86.571,68.4,68.4,5.0,12,Mùa khô
2024-12-18,25.933,30.8,21.4,78.667,0.1,0.1,0,9.8,23.4,25.521,79.069,0.1,0.1,25.715,85.565,54.7,54.7,5.0,12,Mùa khô
2024-12-19,26.15,30.5,22.3,78.042,0.1,0.1,3,11.9,29.2,25.806,78.611,0.2,0.2,25.726,83.762,40.2,40.2,5.0,12,Mùa khô
2024-12-20,25.408,30.3,20.8,76.208,0.0,0.0,3,7.0,19.4,25.831,77.639,0.2,0.2,25.592,81.911,19.2,19.2,4.0,12,Mùa khô
2024-12-21,24.671,29.4,19.5,76.167,0.0,0.0,3,8.2,20.9,25.41,76.806,0.1,0.1,25.508,79.482,9.4,9.4,3.0,12,Mùa khô
2024-12-22,23.95,27.8,19.6,72.25,0.0,0.0,3,9.4,22.0,24.676,74.875,0.0,0.0,25.249,77.125,0.2,0.2,2.0,12,Mùa khô
2024-12-23,25.054,31.2,19.5,72.0,0.0,0.0,3,12.8,31.0,24.558,73.472,0.0,0.0,25.214,76.065,0.2,0.2,2.0,12,Mùa khô
2024-12-24,26.808,30.5,23.5,64.417,0.0,0.0,3,17.8,40.7,25.271,69.556,0.0,0.0,25.425,73.964,0.2,0.2,2.0,12,Mùa khô
2024-12-25,27.721,32.4,23.5,60.042,0.0,0.0,3,18.7,45.7,26.528,65.486,0.0,0.0,25.68,71.304,0.1,0.1,1.0,12,Mùa khô
2024-12-26,27.65,31.5,23.9,72.208,1.0,1.0,3,14.6,41.0,27.393,65.556,1.0,1.0,25.895,70.47,1.0,1.0,1.0,12,Mùa khô
2024-12-27,26.542,32.9,24.2,84.75,17.3,17.3,3,11.4,27.0,27.304,72.333,18.3,18.3,26.057,71.69,18.3,18.3,2.0,12,Mùa khô
2024-12-28,25.908,31.0,23.8,88.625,8.8,8.8,3,10.5,26.6,26.7,81.861,27.1,27.1,26.233,73.47,27.1,27.1,3.0,12,Mùa khô
2024-12-29,25.808,30.4,21.9,77.708,0.0,0.0,3,12.3,29.2,26.086,83.694,26.1,26.1,26.499,74.25,27.1,27.1,3.0,12,Mùa khô
2024-12-30,25.442,30.4,20.5,75.958,0.0,0.0,3,7.9,19.1,25.719,80.764,8.8,8.8,26.554,74.815,27.1,27.1,3.0,12,Mùa khô
2024-12-31,25.975,30.4,21.8,77.708,0.0,0.0,3,13.4,27.0,25.742,77.125,0.0,0.0,26.435,76.714,27.1,27.1,3.0,12,Mùa khô
2025-01-01,25.287,28.5,22.3,76.75,0.0,0.0,3,9.4,23.0,25.568,76.806,0.0,0.0,26.088,79.101,27.1,27.1,3.0,1,Mùa khô
2025-01-02,25.967,30.6,22.4,81.25,0.3,0.3,3,8.6,20.9,25.743,78.569,0.3,0.3,25.847,80.393,26.4,26.4,3.0,1,Mùa khô
2025-01-03,26.567,30.5,23.4,79.083,0.8,0.8,3,8.3,23.0,25.94,79.028,1.1,1.1,25.851,79.583,9.9,9.9,3.0,1,Mùa khô
2025-01-04,26.854,31.7,22.3,71.5,0.2,0.2,3,12.0,25.2,26.463,77.278,1.3,1.3,25.986,77.137,1.3,1.3,3.0,1,Mùa khô
2025-01-05,27.058,33.1,22.6,70.75,0.0,0.0,3,10.2,24.8,26.826,73.778,1.0,1.0,26.164,76.143,1.3,1.3,3.0,1,Mùa khô
2025-01-06,27.017,32.4,21.9,68.5,0.0,0.0,3,10.1,21.6,26.976,70.25,0.2,0.2,26.389,75.077,1.3,1.3,3.0,1,Mùa khô
2025-01-07,26.95,32.5,21.5,72.0,0.0,0.0,0,11.4,26.3,27.008,70.417,0.0,0.0,26.529,74.262,1.3,1.3,3.0,1,Mùa khô
2025-01-08,27.367,33.1,22.5,68.833,0.0,0.0,2,11.8,26.6,27.111,69.778,0.0,0.0,26.826,73.131,1.3,1.3,3.0,1,Mùa khô
2025-01-09,27.221,32.6,22.1,65.0,0.0,0.0,3,9.5,22.0,27.179,68.611,0.0,0.0,27.005,70.81,1.0,1.0,2.0,1,Mùa khô
2025-01-10,28.079,33.6,23.9,57.708,0.0,0.0,3,13.1,29.5,27.556,63.847,0.0,0.0,27.221,67.756,0.2,0.2,1.0,1,Mùa khô
2025-01-11,27.133,33.0,22.3,50.542,0.0,0.0,3,14.5,34.6,27.478,57.75,0.0,0.0,27.261,64.762,0.0,0.0,0.0,1,Mùa khô
2025-01-12,26.35,31.8,21.3,52.167,0.0,0.0,3,12.7,31.0,27.188,53.472,0.0,0.0,27.16,62.107,0.0,0.0,0.0,1,Mùa khô
2025-01-13,25.438,31.0,19.5,52.833,0.0,0.0,3,9.9,26.3,26.307,51.847,0.0,0.0,26.934,59.869,0.0,0.0,0.0,1,Mùa khô
2025-01-14,26.392,34.0,22.0,69.833,9.5,9.5,3,13.7,30.6,26.06,58.278,9.5,9.5,26.854,59.56,9.5,9.5,1.0,1,Mùa khô
2025-01-15,26.467,31.0,23.2,84.167,5.3,5.3,3,8.9,31.3,26.099,68.944,14.8,14.8,26.726,61.75,14.8,14.8,2.0,1,Mùa khô
2025-01-16,26.75,31.2,23.3,74.375,0.7,0.7,3,15.3,31.7,26.536,76.125,15.5,15.5,26.658,63.089,15.5,15.5,3.0,1,Mùa khô
2025-01-17,25.271,30.4,20.8,68.458,0.0,0.0,3,11.4,25.2,26.163,75.667,6.0,6.0,26.257,64.625,15.5,15.5,3.0,1,Mùa khô
2025-01-18,25.588,31.0,20.4,72.417,0.0,0.0,0,9.7,18.7,25.869,71.75,0.7,0.7,26.036,67.75,15.5,15.5,3.0,1,Mùa khô
2025-01-19,26.4,31.8,21.6,76.708,0.0,0.0,1,10.4,22.3,25.753,72.528,0.0,0.0,26.043,71.256,15.5,15.5,3.0,1,Mùa khô
2025-01-20,26.317,31.8,21.8,72.0,0.0,0.0,3,13.2,28.8,26.101,73.708,0.0,0.0,26.169,73.994,15.5,15.5,3.0,1,Mùa khô
2025-01-21,26.446,32.8,21.0,66.333,0.0,0.0,3,10.0,27.7,26.388,71.681,0.0,0.0,26.177,73.494,6.0,6.0,2.0,1,Mùa khô
2025-01-22,26.537,34.0,21.2,65.5,0.0,0.0,3,16.9,40.7,26.433,67.944,0.0,0.0,26.187,70.827,0.7,0.7,1.0,1,Mùa khô
2025-01-23,27.683,34.2,22.8,65.708,0.0,0.0,3,10.9,26.3,26.889,65.847,0.0,0.0,26.32,69.589,0.0,0.0,0.0,1,Mùa khô
2025-01-24,27.804,34.8,23.0,67.333,0.3,0.3,3,12.6,33.5,27.342,66.181,0.3,0.3,26.682,69.429,0.3,0.3,1.0,1,Mùa khô
2025-01-25,27.708,34.3,23.6,66.083,0.0,0.0,3,13.9,33.8,27.732,66.375,0.3,0.3,26.985,68.524,0.3,0.3,1.0,1,Mùa khô
2025-01-26,27.929,34.0,23.8,64.958,0.4,0.4,0,15.0,34.6,27.814,66.125,0.7,0.7,27.204,66.845,0.7,0.7,2.0,1,Mùa khô
2025-01-27,26.775,32.6,21.6,61.0,0.0,0.0,3,12.1,31.3,27.471,64.014,0.4,0.4,27.269,65.274,0.7,0.7,2.0,1,Mùa khô
2025-01-28,26.496,32.8,21.4,61.375,0.0,0.0,3,11.4,25.6,27.067,62.444,0.4,0.4,27.276,64.565,0.7,0.7,2.0,1,Mùa khô
2025-01-29,25.417,31.9,19.5,57.792,0.0,0.0,3,12.6,28.8,26.229,60.056,0.0,0.0,27.116,63.464,0.7,0.7,2.0,1,Mùa khô
2025-01-30,25.6,30.6,20.3,62.083,0.0,0.0,3,8.1,22.7,25.838,60.417,0.0,0.0,26.818,62.946,0.7,0.7,2.0,1,Mùa khô
2025-01-31,26.904,32.8,20.4,61.917,0.0,0.0,3,9.8,29.9,25.974,60.597,0.0,0.0,26.69,62.173,0.4,0.4,1.0,1,Mùa khô
2025-02-01,27.433,33.8,22.4,66.75,0.0,0.0,3,14.4,33.8,26.646,63.583,0.0,0.0,26.651,62.268,0.4,0.4,1.0,2,Mùa khô
2025-02-02,27.583,34.6,22.0,63.042,0.0,0.0,3,13.5,30.6,27.307,63.903,0.0,0.0,26.601,61.994,0.0,0.0,0.0,2,Mùa khô
2025-02-03,28.067,34.6,23.2,65.167,0.0,0.0,0,12.7,29.2,27.694,64.986,0.0,0.0,26.786,62.589,0.0,0.0,0.0,2,Mùa khô
2025-02-04,28.258,34.3,23.8,55.792,0.0,0.0,3,12.0,30.6,27.969,61.333,0.0,0.0,27.037,61.792,0.0,0.0,0.0,2,Mùa khô
2025-02-05,27.217,34.0,22.0,56.833,0.0,0.0,0,17.2,38.9,27.847,59.264,0.0,0.0,27.295,61.655,0.0,0.0,0.0,2,Mùa khô
2025-02-06,26.833,33.2,21.7,66.333,0.0,0.0,0,13.8,32.4,27.436,59.653,0.0,0.0,27.471,62.262,0.0,0.0,0.0,2,Mùa khô
2025-02-07,27.388,33.8,21.6,61.292,0.0,0.0,3,11.8,30.2,27.146,61.486,0.0,0.0,27.54,62.173,0.0,0.0,0.0,2,Mùa khô
2025-02-08,27.988,34.7,22.9,56.917,0.0,0.0,3,12.1,31.0,27.403,61.514,0.0,0.0,27.619,60.768,0.0,0.0,0.0,2,Mùa khô
2025-02-09,27.088,33.0,21.5,53.917,0.0,0.0,3,12.5,27.7,27.488,57.375,0.0,0.0,27.548,59.464,0.0,0.0,0.0,2,Mùa khô
2025-02-10,27.546,33.4,22.8,55.125,0.0,0.0,3,11.5,27.7,27.54,55.319,0.0,0.0,27.474,58.03,0.0,0.0,0.0,2,Mùa khô
2025-02-11,28.054,34.4,24.4,66.833,7.6,7.6,3,17.2,35.3,27.563,58.625,7.6,7.6,27.445,59.607,7.6,7.6,1.0,2,Mùa khô
2025-02-12,27.658,32.6,23.5,77.167,6.7,6.7,51,10.3,24.1,27.753,66.375,14.3,14.3,27.508,62.512,14.3,14.3,2.0,2,Mùa khô
2025-02-13,26.558,31.0,24.0,85.375,4.7,4.7,51,9.4,22.0,27.424,76.458,19.0,19.0,27.468,65.232,19.0,19.0,3.0,2,Mùa khô
2025-02-14,27.042,31.6,23.6,82.833,5.2,5.2,51,9.6,21.2,27.086,81.792,16.6,16.6,27.419,68.31,24.2,24.2,4.0,2,Mùa khô
2025-02-15,26.783,31.8,23.2,80.875,2.4,2.4,51,13.4,31.3,26.794,83.028,12.3,12.3,27.247,71.732,26.6,26.6,5.0,2,Mùa khô
2025-02-16,27.45,32.6,23.6,75.167,0.6,0.6,0,13.5,29.2,27.092,79.625,8.2,8.2,27.299,74.768,27.2,27.2,6.0,2,Mùa khô
2025-02-17,27.646,33.0,23.1,70.0,0.2,0.2,3,12.5,28.1,27.293,75.347,3.2,3.2,27.313,76.893,27.4,27.4,7.0,2,Mùa khô
2025-02-18,27.787,34.0,23.5,69.625,1.2,1.2,3,15.3,38.9,27.628,71.597,2.0,2.0,27.275,77.292,21.0,21.0,7.0,2,Mùa khô
2025-02-19,27.175,33.7,23.3,78.125,11.8,11.8,3,12.6,42.1,27.536,72.583,13.2,13.2,27.206,77.429,26.1,26.1,7.0,2,Mùa khô
2025-02-20,28.225,34.2,23.7,72.0,0.3,0.3,3,12.9,31.7,27.729,73.25,13.3,13.3,27.444,75.518,21.7,21.7,7.0,2,Mùa khô
2025-02-21,27.958,33.8,24.8,71.375,2.2,2.2,3,10.9,34.6,27.786,73.833,14.3,14.3,27.575,73.881,18.7,18.7,7.0,2,Mùa khô
2025-02-22,27.029,31.8,23.8,80.458,1.7,1.7,3,12.6,38.5,27.738,74.611,4.2,4.2,27.61,73.821,18.0,18.0,7.0,2,Mùa khô
2025-02-23,27.379,31.5,24.4,78.167,1.5,1.5,3,16.9,45.0,27.456,76.667,5.4,5.4,27.6,74.25,18.9,18.9,7.0,2,Mùa khô
2025-02-24,27.817,32.7,24.4,76.333,0.2,0.2,3,18.6,44.3,27.408,78.319,3.4,3.4,27.624,75.155,18.9,18.9,7.0,2,Mùa khô
2025-02-25,27.838,32.2,22.9,71.625,0.2,0.2,2,15.6,38.9,27.678,75.375,1.9,1.9,27.632,75.44,17.9,17.9,7.0,2,Mùa khô
2025-02-26,28.483,34.2,24.4,68.083,0.1,0.1,3,8.3,29.5,28.046,72.014,0.5,0.5,27.818,74.006,6.2,6.2,7.0,2,Mùa khô
2025-02-27,28.662,35.2,24.1,66.458,0.0,0.0,0,13.7,33.1,28.328,68.722,0.3,0.3,27.881,73.214,5.9,5.9,6.0,2,Mùa khô
2025-02-28,28.896,35.9,24.1,60.333,0.0,0.0,0,17.0,40.0,28.681,64.958,0.1,0.1,28.015,71.637,3.7,3.7,5.0,2,Mùa khô
2025-03-01,28.3,36.3,24.0,65.583,0.0,0.0,3,18.5,46.4,28.619,64.125,0.0,0.0,28.196,69.512,2.0,2.0,4.0,3,Mùa khô
2025-03-02,28.354,34.9,24.2,62.75,0.0,0.0,3,17.8,41.4,28.517,62.889,0.0,0.0,28.336,67.31,0.5,0.5,3.0,3,Mùa khô
2025-03-03,28.904,35.6,24.2,64.542,0.0,0.0,3,14.6,34.9,28.519,64.292,0.0,0.0,28.491,65.625,0.3,0.3,2.0,3,Mùa khô
2025-03-04,28.983,35.5,24.4,70.542,0.0,0.0,3,14.5,33.1,28.747,65.944,0.0,0.0,28.655,65.47,0.1,0.1,1.0,3,Mùa khô
2025-03-05,29.242,36.0,25.1,71.167,0.0,0.0,3,14.9,36.0,29.043,68.75,0.0,0.0,28.763,65.911,0.0,0.0,0.0,3,Mùa khô
2025-03-06,29.104,35.0,25.5,70.083,0.6,0.6,0,14.3,37.8,29.11,70.597,0.6,0.6,28.826,66.429,0.6,0.6,1.0,3,Mùa khô
2025-03-07,29.242,35.7,25.0,67.667,0.8,0.8,3,13.9,37.8,29.196,69.639,1.4,1.4,28.876,67.476,1.4,1.4,2.0,3,Mùa khô
2025-03-08,29.275,35.2,24.5,67.833,0.9,0.9,3,13.4,31.0,29.207,68.528,2.3,2.3,29.015,67.798,2.3,2.3,3.0,3,Mùa khô
2025-03-09,28.762,32.1,24.9,64.0,0.9,0.9,3,8.8,23.4,29.093,66.5,2.6,2.6,29.073,67.976,3.2,3.2,4.0,3,Mùa khô
2025-03-10,29.588,35.2,24.8,67.917,6.2,6.2,3,15.7,40.7,29.208,66.583,8.0,8.0,29.171,68.458,9.4,9.4,5.0,3,Mùa khô
2025-03-11,30.312,36.3,25.1,60.25,0.0,0.0,0,16.5,38.2,29.554,64.056,7.1,7.1,29.361,66.988,9.4,9.4,5.0,3,Mùa khô
2025-03-12,29.967,36.6,25.7,61.125,1.0,1.0,3,15.8,36.7,29.956,63.097,7.2,7.2,29.464,65.554,10.4,10.4,6.0,3,Mùa khô
2025-03-13,29.688,35.8,25.8,61.875,0.0,0.0,0,17.1,41.8,29.989,61.083,1.0,1.0,29.548,64.381,9.8,9.8,5.0,3,Mùa khô
2025-03-14,29.646,36.5,25.1,62.875,0.0,0.0,3,17.0,41.0,29.767,61.958,1.0,1.0,29.605,63.696,9.0,9.0,4.0,3,Mùa khô
2025-03-15,29.367,36.4,24.9,70.083,0.0,0.0,3,14.7,37.4,29.567,64.944,0.0,0.0,29.618,64.018,8.1,8.1,3.0,3,Mùa khô
2025-03-16,29.037,35.2,25.4,71.583,1.6,1.6,1,17.1,40.0,29.35,68.181,1.6,1.6,29.658,65.101,8.8,8.8,3.0,3,Mùa khô
2025-03-17,28.713,35.5,23.5,71.167,8.2,8.2,51,11.9,32.4,29.039,70.944,9.8,9.8,29.533,65.565,10.8,10.8,3.0,3,Mùa khô
2025-03-18,29.254,35.2,24.4,68.875,1.1,1.1,3,10.4,28.1,29.001,70.542,10.9,10.9,29.382,66.798,11.9,11.9,4.0,3,Mùa khô
2025-03-19,30.217,36.2,25.5,56.833,0.0,0.0,3,12.4,32.0,29.394,65.625,9.3,9.3,29.417,66.185,10.9,10.9,3.0,3,Mùa khô
2025-03-20,29.129,35.7,23.5,53.708,0.0,0.0,3,15.1,34.6,29.533,59.806,1.1,1.1,29.338,65.018,10.9,10.9,3.0,3,Mùa khô
2025-03-21,29.4,36.2,23.9,53.542,0.0,0.0,3,13.5,32.0,29.582,54.694,0.0,0.0,29.302,63.685,10.9,10.9,3.0,3,Mùa khô
2025-03-22,29.654,36.0,24.2,59.417,0.0,0.0,0,13.0,31.7,29.394,55.556,0.0,0.0,29.343,62.161,10.9,10.9,3.0,3,Mùa khô
2025-03-23,29.108,35.5,24.9,60.792,0.0,0.0,3,13.9,38.2,29.388,57.917,0.0,0.0,29.354,60.619,9.3,9.3,2.0,3,Mùa khô
2025-03-24,28.571,36.5,23.9,64.833,0.0,0.0,0,20.1,46.8,29.111,61.681,0.0,0.0,29.333,59.714,1.1,1.1,1.0,3,Mùa khô
2025-03-25,27.721,33.0,24.5,65.833,0.0,0.0,3,15.7,38.2,28.467,63.819,0.0,0.0,29.114,59.28,0.0,0.0,0.0,3,Mùa khô
2025-03-26,28.108,34.2,23.8,66.875,0.0,0.0,0,12.3,29.9,28.133,65.847,0.0,0.0,28.813,60.714,0.0,0.0,0.0,3,Mùa khô
2025-03-27,28.492,35.3,24.1,66.375,0.0,0.0,2,14.0,36.0,28.107,66.361,0.0,0.0,28.722,62.524,0.0,0.0,0.0,3,Mùa khô
2025-03-28,28.642,34.8,23.6,69.25,0.1,0.1,0,14.0,34.9,28.414,67.5,0.1,0.1,28.614,64.768,0.1,0.1,1.0,3,Mùa khô
2025-03-29,29.175,35.7,25.1,70.0,0.4,0.4,3,16.6,41.4,28.769,68.542,0.5,0.5,28.545,66.28,0.5,0.5,2.0,3,Mùa khô
2025-03-30,29.875,37.0,26.0,65.625,2.1,2.1,3,18.1,44.6,29.231,68.292,2.6,2.6,28.655,66.97,2.6,2.6,3.0,3,Mùa khô
2025-03-31,28.904,33.6,25.0,71.083,2.9,2.9,3,10.9,25.2,29.318,68.903,5.4,5.4,28.702,67.863,5.5,5.5,4.0,3,Mùa khô
2025-04-01,27.158,32.5,24.9,84.625,21.0,21.0,51,9.0,26.6,28.646,73.778,26.0,26.0,28.622,70.548,26.5,26.5,5.0,4,Mùa khô
2025-04-02,26.579,29.3,24.4,85.542,0.8,0.8,3,13.0,32.0,27.547,80.417,24.7,24.7,28.404,73.214,27.3,27.3,6.0,4,Mùa khô
2025-04-03,27.754,32.9,23.9,75.208,0.1,0.1,0,11.7,23.8,27.164,81.792,21.9,21.9,28.298,74.476,27.4,27.4,7.0,4,Mùa khô
2025-04-04,27.783,33.5,23.2,72.833,0.0,0.0,0,13.1,30.6,27.372,77.861,0.9,0.9,28.176,74.988,27.3,27.3,6.0,4,Mùa khô
2025-04-05,28.033,33.6,23.9,74.917,0.0,0.0,0,13.9,33.1,27.857,74.319,0.1,0.1,28.012,75.69,26.9,26.9,5.0,4,Mùa khô
2025-04-06,28.425,33.8,24.5,72.583,0.0,0.0,3,14.1,32.8,28.081,73.444,0.0,0.0,27.805,76.685,24.8,24.8,4.0,4,Mùa khô
2025-04-07,29.238,36.1,24.6,65.542,0.0,0.0,3,15.6,38.5,28.565,71.014,0.0,0.0,27.853,75.893,21.9,21.9,3.0,4,Mùa khô
2025-04-08,29.5,35.4,24.9,63.542,0.1,0.1,3,15.1,38.2,29.054,67.222,0.1,0.1,28.188,72.881,1.0,1.0,3.0,4,Mùa khô
2025-04-09,29.358,35.8,25.6,68.125,1.3,1.3,3,14.7,41.8,29.365,65.736,1.4,1.4,28.585,70.393,1.5,1.5,3.0,4,Mùa khô
2025-04-10,29.583,35.7,25.8,70.958,1.3,1.3,3,9.9,30.2,29.481,67.542,2.7,2.7,28.846,69.786,2.7,2.7,3.0,4,Mùa khô
2025-04-11,29.0,34.3,25.8,75.125,1.0,1.0,3,12.2,29.2,29.314,71.403,3.6,3.6,29.02,70.113,3.7,3.7,4.0,4,Mùa khô
2025-04-12,29.871,35.5,25.2,71.5,0.4,0.4,0,12.1,27.7,29.485,72.528,2.7,2.7,29.282,69.625,4.1,4.1,5.0,4,Mùa khô
2025-04-13,30.133,36.3,26.4,70.5,1.7,1.7,0,14.7,37.4,29.668,72.375,3.1,3.1,29.526,69.327,5.8,5.8,6.0,4,Mùa khô
2025-04-14,30.1,36.5,26.3,66.542,4.7,4.7,3,14.7,41.8,30.035,69.514,6.8,6.8,29.649,69.47,10.5,10.5,7.0,4,Mùa khô
2025-04-15,30.242,35.5,26.3,65.375,1.7,1.7,3,15.4,35.3,30.158,67.472,8.1,8.1,29.755,69.732,12.1,12.1,7.0,4,Mùa khô
2025-04-16,29.9,35.6,26.6,66.5,1.8,1.8,3,15.8,37.1,30.081,66.139,8.2,8.2,29.833,69.5,12.6,12.6,7.0,4,Mùa khô
2025-04-17,30.129,36.3,26.2,69.75,1.7,1.7,3,12.7,32.4,30.09,67.208,5.2,5.2,29.911,69.327,13.0,13.0,7.0,4,Mùa khô
2025-04-18,30.154,36.0,25.5,70.0,1.6,1.6,1,13.7,32.0,30.061,68.75,5.1,5.1,30.076,68.595,13.6,13.6,7.0,4,Mùa khô
2025-04-19,30.246,35.9,26.2,69.167,0.4,0.4,0,14.0,35.3,30.176,69.639,3.7,3.7,30.129,68.262,13.6,13.6,7.0,4,Mùa khô
2025-04-20,30.438,36.7,26.0,67.458,0.0,0.0,0,14.5,36.7,30.279,68.875,2.0,2.0,30.173,67.827,11.9,11.9,6.0,4,Mùa khô
2025-04-21,30.004,35.7,26.4,71.792,1.9,1.9,0,15.7,38.5,30.229,69.472,2.3,2.3,30.159,68.577,9.1,9.1,6.0,4,Mùa khô
2025-04-22,29.171,33.2,26.6,74.833,3.9,3.9,3,15.5,40.0,29.871,71.361,5.8,5.8,30.006,69.929,11.3,11.3,6.0,4,Mùa khô
2025-04-23,29.287,35.8,25.7,75.25,2.8,2.8,3,12.7,40.0,29.488,73.958,8.6,8.6,29.918,71.179,12.3,12.3,6.0,4,Mùa khô
2025-04-24,28.633,34.9,25.4,79.542,4.5,4.5,3,14.6,35.6,29.031,76.542,11.2,11.2,29.705,72.577,15.1,15.1,6.0,4,Mùa khô
2025-04-25,29.358,34.7,25.6,75.5,3.0,3.0,1,10.1,25.6,29.093,76.764,10.3,10.3,29.591,73.363,16.5,16.5,6.0,4,Mùa khô
2025-04-26,28.342,34.0,24.9,80.833,15.2,15.2,3,17.2,36.7,28.778,78.625,22.7,22.7,29.319,75.03,31.3,31.3,6.0,4,Mùa khô
2025-04-27,28.867,34.0,24.5,74.917,0.0,0.0,3,12.9,27.4,28.856,77.083,18.2,18.2,29.095,76.095,31.3,31.3,6.0,4,Mùa khô
2025-04-28,30.125,36.1,25.9,70.0,0.0,0.0,0,15.1,36.0,29.111,75.25,15.2,15.2,29.112,75.839,29.4,29.4,5.0,4,Mùa khô
2025-04-29,30.679,36.7,25.9,63.25,0.1,0.1,3,15.5,35.3,29.89,69.389,0.1,0.1,29.327,74.185,25.6,25.6,5.0,4,Mùa khô
2025-04-30,31.138,36.8,26.6,57.625,0.0,0.0,0,15.5,35.6,30.647,63.625,0.1,0.1,29.592,71.667,22.8,22.8,4.0,4,Mùa khô
