disease_id,disease_name,top_10_features,top_feature_group,weather_importance,seasonal_importance,demographic_importance,weather_current_importance,weather_3d_importance,weather_7d_importance,shap_additivity_max_abs_error
1,Tả - Cholera,"[{""feature"": ""month"", ""human_label"": ""Yếu tố mùa vụ theo tháng"", ""feature_group"": ""SEASONAL_CALENDAR"", ""mean_abs_shap"": 0.026420951271094575, ""normalized_importance"": 0.4004435601116227}, {""feature"": ""day_of_year_cos"", ""human_label"": ""Thời điểm trong năm"", ""feature_group"": ""SEASONAL_CALENDAR"", ""mean_abs_shap"": 0.01766131737157659, ""normalized_importance"": 0.2676800215090204}, {""feature"": ""humidity_min_7d"", ""human_label"": ""Độ ẩm — 7 ngày gần đây"", ""feature_group"": ""WEATHER_7D"", ""mean_abs_shap"": 0.010357996001299758, ""normalized_importance"": 0.1569887757569219}, {""feature"": ""day_of_year_sin"", ""human_label"": ""Thời điểm trong năm"", ""feature_group"": ""SEASONAL_CALENDAR"", ""mean_abs_shap"": 0.005368246760691103, ""normalized_importance"": 0.08136269668536329}, {""feature"": ""temperature_max_current"", ""human_label"": ""Nhiệt độ — hiện tại"", ""feature_group"": ""WEATHER_CURRENT"", ""mean_abs_shap"": 0.003769887758290465, ""normalized_importance"": 0.05713750650615833}, {""feature"": ""gender"", ""human_label"": ""Giới tính"", ""feature_group"": ""DEMOGRAPHIC"", ""mean_abs_shap"": 0.0024008146461790493, ""normalized_importance"": 0.03638743943091325}, {""feature"": ""age_group"", ""human_label"": ""Nhóm tuổi"", ""feature_group"": ""DEMOGRAPHIC"", ""mean_abs_shap"": 0.0, ""normalized_importance"": 0.0}, {""feature"": ""season"", ""human_label"": ""Mùa mưa / mùa khô"", ""feature_group"": ""SEASONAL_CALENDAR"", ""mean_abs_shap"": 0.0, ""normalized_importance"": 0.0}, {""feature"": ""weather_code_current"", ""human_label"": ""Trạng thái thời tiết — hiện tại"", ""feature_group"": ""WEATHER_CURRENT"", ""mean_abs_shap"": 0.0, ""normalized_importance"": 0.0}, {""feature"": ""temperature_mean_current"", ""human_label"": ""Nhiệt độ — hiện tại"", ""feature_group"": ""WEATHER_CURRENT"", ""mean_abs_shap"": 0.0, ""normalized_importance"": 0.0}]",SEASONAL_CALENDAR,0.21412628226308023,0.7494862783060063,0.03638743943091325,0.05713750650615833,0.0,0.1569887757569219,1.7763568394002505e-15
4,Lỵ Amip - Amoebiasis,"[{""feature"": ""age_group"", ""human_label"": ""Nhóm tuổi"", ""feature_group"": ""DEMOGRAPHIC"", ""mean_abs_shap"": 0.044899436590042266, ""normalized_importance"": 0.46547144003535673}, {""feature"": ""wind_gust_max_7d"", ""human_label"": ""Gió — 7 ngày gần đây"", ""feature_group"": ""WEATHER_7D"", ""mean_abs_shap"": 0.016670161148928202, ""normalized_importance"": 0.17281918226417023}, {""feature"": ""wind_speed_mean_current"", ""human_label"": ""Gió — hiện tại"", ""feature_group"": ""WEATHER_CURRENT"", ""mean_abs_shap"": 0.008370081513573465, ""normalized_importance"": 0.08677244507340691}, {""feature"": ""day_of_year_cos"", ""human_label"": ""Thời điểm trong năm"", ""feature_group"": ""SEASONAL_CALENDAR"", ""mean_abs_shap"": 0.008167074413614504, ""normalized_importance"": 0.08466787507583469}, {""feature"": ""day_of_year_sin"", ""human_label"": ""Thời điểm trong năm"", ""feature_group"": ""SEASONAL_CALENDAR"", ""mean_abs_shap"": 0.005171765493261487, ""normalized_importance"": 0.053615575483801976}, {""feature"": ""temperature_min_7d"", ""human_label"": ""Nhiệt độ — 7 ngày gần đây"", ""feature_group"": ""WEATHER_7D"", ""mean_abs_shap"": 0.004111984523994504, ""normalized_importance"": 0.0426288502295218}, {""feature"": ""temperature_mean_7d"", ""human_label"": ""Nhiệt độ — 7 ngày gần đây"", ""feature_group"": ""WEATHER_7D"", ""mean_abs_shap"": 0.003795528187264544, ""normalized_importance"": 0.03934815456933001}, {""feature"": ""precipitation_sum_7d"", ""human_label"": ""Lượng mưa — 7 ngày gần đây"", ""feature_group"": ""WEATHER_7D"", ""mean_abs_shap"": 0.0027451940481083965, ""normalized_importance"": 0.028459364388391823}, {""feature"": ""wind_speed_max_3d"", ""human_label"": ""Gió — 3 ngày gần đây"", ""feature_group"": ""WEATHER_3D"", ""mean_abs_shap"": 0.0025289061714473134, ""normalized_importance"": 0.02621711288018578}, {""feature"": ""gender"", ""human_label"": ""Giới tính"", ""feature_group"": ""DEMOGRAPHIC"", ""mean_abs_shap"": 0.0, ""normalized_importance"": 0.0}]",DEMOGRAPHIC,0.39624510940500657,0.13828345055963667,0.46547144003535673,0.08677244507340691,0.02621711288018578,0.28325555145141385,8.881784197001252e-16
5,"Ỉa chảy, viêm dạy dày, ruột non có nguồn gốc nhiễm khuẩn - Diarrhoea and gastroenteritis of presumed infectious origin.","[{""feature"": ""age_group"", ""human_label"": ""Nhóm tuổi"", ""feature_group"": ""DEMOGRAPHIC"", ""mean_abs_shap"": 2.284253146955901, ""normalized_importance"": 0.5190524701007359}, {""feature"": ""temperature_min_7d"", ""human_label"": ""Nhiệt độ — 7 ngày gần đây"", ""feature_group"": ""WEATHER_7D"", ""mean_abs_shap"": 0.24805298824185967, ""normalized_importance"": 0.0563652572546031}, {""feature"": ""day_of_year_sin"", ""human_label"": ""Thời điểm trong năm"", ""feature_group"": ""SEASONAL_CALENDAR"", ""mean_abs_shap"": 0.19630158149966645, ""normalized_importance"": 0.04460574822797863}, {""feature"": ""wind_speed_max_7d"", ""human_label"": ""Gió — 7 ngày gần đây"", ""feature_group"": ""WEATHER_7D"", ""mean_abs_shap"": 0.1921539469317419, ""normalized_importance"": 0.043663278269942055}, {""feature"": ""temperature_max_7d"", ""human_label"": ""Nhiệt độ — 7 ngày gần đây"", ""feature_group"": ""WEATHER_7D"", ""mean_abs_shap"": 0.13941114352280867, ""normalized_importance"": 0.03167849347236952}, {""feature"": ""wind_gust_max_7d"", ""human_label"": ""Gió — 7 ngày gần đây"", ""feature_group"": ""WEATHER_7D"", ""mean_abs_shap"": 0.12897314762037645, ""normalized_importance"": 0.029306660226444525}, {""feature"": ""gender"", ""human_label"": ""Giới tính"", ""feature_group"": ""DEMOGRAPHIC"", ""mean_abs_shap"": 0.1119681389536237, ""normalized_importance"": 0.025442599991122087}, {""feature"": ""humidity_min_7d"", ""human_label"": ""Độ ẩm — 7 ngày gần đây"", ""feature_group"": ""WEATHER_7D"", ""mean_abs_shap"": 0.10431567489882908, ""normalized_importance"": 0.023703725131612074}, {""feature"": ""precipitation_sum_7d"", ""human_label"": ""Lượng mưa — 7 ngày gần đây"", ""feature_group"": ""WEATHER_7D"", ""mean_abs_shap"": 0.09765206513274213, ""normalized_importance"": 0.022189548336678414}, {""feature"": ""humidity_max_7d"", ""human_label"": ""Độ ẩm — 7 ngày gần đây"", ""feature_group"": ""WEATHER_7D"", ""mean_abs_shap"": 0.09456829981491358, ""normalized_importance"": 0.02148882214634221}]",DEMOGRAPHIC,0.3889258832763157,0.06657904663182636,0.5444950700918579,0.043078173627324884,0.056164633497550125,0.28968307615144073,2.042810365310288e-14
6,Các bệnh nhiễm khuẩn ruột khác - Other intestinal infectious diseases,"[{""feature"": ""age_group"", ""human_label"": ""Nhóm tuổi"", ""feature_group"": ""DEMOGRAPHIC"", ""mean_abs_shap"": 2.6719513519603564, ""normalized_importance"": 0.614838854277592}, {""feature"": ""temperature_min_7d"", ""human_label"": ""Nhiệt độ — 7 ngày gần đây"", ""feature_group"": ""WEATHER_7D"", ""mean_abs_shap"": 0.23404075114125517, ""normalized_importance"": 0.053854778149453136}, {""feature"": ""day_of_year_cos"", ""human_label"": ""Thời điểm trong năm"", ""feature_group"": ""SEASONAL_CALENDAR"", ""mean_abs_shap"": 0.22683633758038638, ""normalized_importance"": 0.05219698098325225}, {""feature"": ""wind_speed_max_7d"", ""human_label"": ""Gió — 7 ngày gần đây"", ""feature_group"": ""WEATHER_7D"", ""mean_abs_shap"": 0.1016924179870276, ""normalized_importance"": 0.023400294963450263}, {""feature"": ""rain_max_daily_7d"", ""human_label"": ""Lượng mưa — 7 ngày gần đây"", ""feature_group"": ""WEATHER_7D"", ""mean_abs_shap"": 0.09694808114919315, ""normalized_importance"": 0.02230858248764453}, {""feature"": ""wind_speed_mean_7d"", ""human_label"": ""Gió — 7 ngày gần đây"", ""feature_group"": ""WEATHER_7D"", ""mean_abs_shap"": 0.09046884998168751, ""normalized_importance"": 0.020817655991282207}, {""feature"": ""day_of_year_sin"", ""human_label"": ""Thời điểm trong năm"", ""feature_group"": ""SEASONAL_CALENDAR"", ""mean_abs_shap"": 0.09021715480129239, ""normalized_importance"": 0.020759738777996195}, {""feature"": ""temperature_max_current"", ""human_label"": ""Nhiệt độ — hiện tại"", ""feature_group"": ""WEATHER_CURRENT"", ""mean_abs_shap"": 0.09003242941512124, ""normalized_importance"": 0.02071723188702824}, {""feature"": ""gender"", ""human_label"": ""Giới tính"", ""feature_group"": ""DEMOGRAPHIC"", ""mean_abs_shap"": 0.0844325986107051, ""normalized_importance"": 0.019428662934075736}, {""feature"": ""humidity_max_7d"", ""human_label"": ""Độ ẩm — 7 ngày gần đây"", ""feature_group"": ""WEATHER_7D"", ""mean_abs_shap"": 0.08064472357124189, ""normalized_importance"": 0.018557040496900167}]",DEMOGRAPHIC,0.29023185561297254,0.07550062717535971,0.6342675172116677,0.0392167934892472,0.04185234579372582,0.20916271632999953,1.865174681370263e-14
7,Lao bộ máy hô hấp - Respiratory tuberculosis,"[{""feature"": ""age_group"", ""human_label"": ""Nhóm tuổi"", ""feature_group"": ""DEMOGRAPHIC"", ""mean_abs_shap"": 0.0798881059086633, ""normalized_importance"": 0.39842982316273273}, {""feature"": ""day_of_year_cos"", ""human_label"": ""Thời điểm trong năm"", ""feature_group"": ""SEASONAL_CALENDAR"", ""mean_abs_shap"": 0.03409790239975776, ""normalized_importance"": 0.1700581215292318}, {""feature"": ""day_of_year_sin"", ""human_label"": ""Thời điểm trong năm"", ""feature_group"": ""SEASONAL_CALENDAR"", ""mean_abs_shap"": 0.021008259432045907, ""normalized_importance"": 0.10477551063780023}, {""feature"": ""month"", ""human_label"": ""Yếu tố mùa vụ theo tháng"", ""feature_group"": ""SEASONAL_CALENDAR"", ""mean_abs_shap"": 0.014132467222058806, ""normalized_importance"": 0.07048353884589204}, {""feature"": ""gender"", ""human_label"": ""Giới tính"", ""feature_group"": ""DEMOGRAPHIC"", ""mean_abs_shap"": 0.012101591106233251, ""normalized_importance"": 0.060354851947007314}, {""feature"": ""humidity_min_7d"", ""human_label"": ""Độ ẩm — 7 ngày gần đây"", ""feature_group"": ""WEATHER_7D"", ""mean_abs_shap"": 0.007568449242652959, ""normalized_importance"": 0.03774649378737277}, {""feature"": ""temperature_min_7d"", ""human_label"": ""Nhiệt độ — 7 ngày gần đây"", ""feature_group"": ""WEATHER_7D"", ""mean_abs_shap"": 0.006469407579815213, ""normalized_importance"": 0.032265190026415376}, {""feature"": ""temperature_max_3d"", ""human_label"": ""Nhiệt độ — 3 ngày gần đây"", ""feature_group"": ""WEATHER_3D"", ""mean_abs_shap"": 0.006014965330598705, ""normalized_importance"": 0.029998728167875143}, {""feature"": ""wind_speed_mean_7d"", ""human_label"": ""Gió — 7 ngày gần đây"", ""feature_group"": ""WEATHER_7D"", ""mean_abs_shap"": 0.005960887733266967, ""normalized_importance"": 0.029729024345298803}, {""feature"": ""temperature_max_7d"", ""human_label"": ""Nhiệt độ — 7 ngày gần đây"", ""feature_group"": ""WEATHER_7D"", ""mean_abs_shap"": 0.0042602589336557676, ""normalized_importance"": 0.02124739589526114}]",DEMOGRAPHIC,0.19589815387733592,0.34531717101292403,0.45878467510974,0.0,0.04799439956083739,0.14790375431649852,8.881784197001252e-16
8,Các dạng lao khác - Other tuberculosis,"[{""feature"": ""age_group"", ""human_label"": ""Nhóm tuổi"", ""feature_group"": ""DEMOGRAPHIC"", ""mean_abs_shap"": 1.0419724058657875, ""normalized_importance"": 0.46552318860546377}, {""feature"": ""day_of_year_cos"", ""human_label"": ""Thời điểm trong năm"", ""feature_group"": ""SEASONAL_CALENDAR"", ""mean_abs_shap"": 0.18149121491936127, ""normalized_importance"": 0.08108503507147885}, {""feature"": ""temperature_min_7d"", ""human_label"": ""Nhiệt độ — 7 ngày gần đây"", ""feature_group"": ""WEATHER_7D"", ""mean_abs_shap"": 0.17543437203458037, ""normalized_importance"": 0.07837901253505411}, {""feature"": ""day_of_year_sin"", ""human_label"": ""Thời điểm trong năm"", ""feature_group"": ""SEASONAL_CALENDAR"", ""mean_abs_shap"": 0.09680858389319708, ""normalized_importance"": 0.04325128036466016}, {""feature"": ""wind_gust_max_7d"", ""human_label"": ""Gió — 7 ngày gần đây"", ""feature_group"": ""WEATHER_7D"", ""mean_abs_shap"": 0.07359014373410423, ""normalized_importance"": 0.032877951631136784}, {""feature"": ""temperature_mean_7d"", ""human_label"": ""Nhiệt độ — 7 ngày gần đây"", ""feature_group"": ""WEATHER_7D"", ""mean_abs_shap"": 0.06665785473874623, ""normalized_importance"": 0.029780805047132815}, {""feature"": ""month"", ""human_label"": ""Yếu tố mùa vụ theo tháng"", ""feature_group"": ""SEASONAL_CALENDAR"", ""mean_abs_shap"": 0.05769243386706977, ""normalized_importance"": 0.025775313838462183}, {""feature"": ""wind_speed_mean_7d"", ""human_label"": ""Gió — 7 ngày gần đây"", ""feature_group"": ""WEATHER_7D"", ""mean_abs_shap"": 0.055434999105366034, ""normalized_importance"": 0.024766757160357117}, {""feature"": ""rain_max_daily_7d"", ""human_label"": ""Lượng mưa — 7 ngày gần đây"", ""feature_group"": ""WEATHER_7D"", ""mean_abs_shap"": 0.050123151798508875, ""normalized_importance"": 0.022393577139703098}, {""feature"": ""temperature_max_3d"", ""human_label"": ""Nhiệt độ — 3 ngày gần đây"", ""feature_group"": ""WEATHER_3D"", ""mean_abs_shap"": 0.04344426467966412, ""normalized_importance"": 0.019409643198269096}]",DEMOGRAPHIC,0.3685176319504466,0.1501116292746012,0.481370738774952,0.018980909891490764,0.08608143753404254,0.26345528452491335,6.217248937900877e-15
9,Dịch hạch - Plague,"[{""feature"": ""month"", ""human_label"": ""Yếu tố mùa vụ theo tháng"", ""feature_group"": ""SEASONAL_CALENDAR"", ""mean_abs_shap"": 0.2780009176586254, ""normalized_importance"": 0.2041688081139126}, {""feature"": ""day_of_year_cos"", ""human_label"": ""Thời điểm trong năm"", ""feature_group"": ""SEASONAL_CALENDAR"", ""mean_abs_shap"": 0.25140846926408233, ""normalized_importance"": 0.1846388420286509}, {""feature"": ""age_group"", ""human_label"": ""Nhóm tuổi"", ""feature_group"": ""DEMOGRAPHIC"", ""mean_abs_shap"": 0.15403149093916357, ""normalized_importance"": 0.11312346082136115}, {""feature"": ""gender"", ""human_label"": ""Giới tính"", ""feature_group"": ""DEMOGRAPHIC"", ""mean_abs_shap"": 0.13253479682168048, ""normalized_importance"": 0.09733590712074586}, {""feature"": ""rain_days_7d"", ""human_label"": ""Lượng mưa — 7 ngày gần đây"", ""feature_group"": ""WEATHER_7D"", ""mean_abs_shap"": 0.08365632995286769, ""normalized_importance"": 0.061438693517676855}, {""feature"": ""weather_code_current"", ""human_label"": ""Trạng thái thời tiết — hiện tại"", ""feature_group"": ""WEATHER_CURRENT"", ""mean_abs_shap"": 0.08035362900153722, ""normalized_importance"": 0.05901313132000867}, {""feature"": ""humidity_max_7d"", ""human_label"": ""Độ ẩm — 7 ngày gần đây"", ""feature_group"": ""WEATHER_7D"", ""mean_abs_shap"": 0.0673468511191212, ""normalized_importance"": 0.0494607227883353}, {""feature"": ""day_of_year_sin"", ""human_label"": ""Thời điểm trong năm"", ""feature_group"": ""SEASONAL_CALENDAR"", ""mean_abs_shap"": 0.038919371328775675, ""normalized_importance"": 0.028583077076373}, {""feature"": ""humidity_min_7d"", ""human_label"": ""Độ ẩm — 7 ngày gần đây"", ""feature_group"": ""WEATHER_7D"", ""mean_abs_shap"": 0.03247504121428047, ""normalized_importance"": 0.023850246661098085}, {""feature"": ""wind_speed_mean_current"", ""human_label"": ""Gió — hiện tại"", ""feature_group"": ""WEATHER_CURRENT"", ""mean_abs_shap"": 0.031571674684812145, ""normalized_importance"": 0.023186798248175815}]",SEASONAL_CALENDAR,0.3721499048389566,0.41739072721893655,0.210459367942107,0.11685624997465148,0.04051347153060745,0.2147801833336977,1.2434497875801753e-14
13,Các dạng uốn ván khác - Other tetanus,"[{""feature"": ""temperature_max_7d"", ""human_label"": ""Nhiệt độ — 7 ngày gần đây"", ""feature_group"": ""WEATHER_7D"", ""mean_abs_shap"": 0.039621111821474694, ""normalized_importance"": 0.44709807559604803}, {""feature"": ""day_of_year_sin"", ""human_label"": ""Thời điểm trong năm"", ""feature_group"": ""SEASONAL_CALENDAR"", ""mean_abs_shap"": 0.02589615169922488, ""normalized_importance"": 0.2922209664947215}, {""feature"": ""day_of_year_cos"", ""human_label"": ""Thời điểm trong năm"", ""feature_group"": ""SEASONAL_CALENDAR"", ""mean_abs_shap"": 0.016424038451714126, ""normalized_importance"": 0.18533442520148768}, {""feature"": ""humidity_min_7d"", ""human_label"": ""Độ ẩm — 7 ngày gần đây"", ""feature_group"": ""WEATHER_7D"", ""mean_abs_shap"": 0.0035959591807578216, ""normalized_importance"": 0.04057802408178164}, {""feature"": ""temperature_max_3d"", ""human_label"": ""Nhiệt độ — 3 ngày gần đây"", ""feature_group"": ""WEATHER_3D"", ""mean_abs_shap"": 0.001915363048451141, ""normalized_importance"": 0.021613606828825526}, {""feature"": ""humidity_mean_7d"", ""human_label"": ""Độ ẩm — 7 ngày gần đây"", ""feature_group"": ""WEATHER_7D"", ""mean_abs_shap"": 0.0011657662234622118, ""normalized_importance"": 0.013154901797135583}, {""feature"": ""age_group"", ""human_label"": ""Nhóm tuổi"", ""feature_group"": ""DEMOGRAPHIC"", ""mean_abs_shap"": 0.0, ""normalized_importance"": 0.0}, {""feature"": ""gender"", ""human_label"": ""Giới tính"", ""feature_group"": ""DEMOGRAPHIC"", ""mean_abs_shap"": 0.0, ""normalized_importance"": 0.0}, {""feature"": ""month"", ""human_label"": ""Yếu tố mùa vụ theo tháng"", ""feature_group"": ""SEASONAL_CALENDAR"", ""mean_abs_shap"": 0.0, ""normalized_importance"": 0.0}, {""feature"": ""season"", ""human_label"": ""Mùa mưa / mùa khô"", ""feature_group"": ""SEASONAL_CALENDAR"", ""mean_abs_shap"": 0.0, ""normalized_importance"": 0.0}]",WEATHER_7D,0.5224446083037908,0.4775553916962092,0.0,0.0,0.021613606828825526,0.5008310014749653,1.7763568394002505e-15
17,Nhiễm khuẩn huyết - Septicemia,"[{""feature"": ""age_group"", ""human_label"": ""Nhóm tuổi"", ""feature_group"": ""DEMOGRAPHIC"", ""mean_abs_shap"": 1.4594147872247856, ""normalized_importance"": 0.6351849632072916}, {""feature"": ""gender"", ""human_label"": ""Giới tính"", ""feature_group"": ""DEMOGRAPHIC"", ""mean_abs_shap"": 0.1623094297798296, ""normalized_importance"": 0.07064236301109793}, {""feature"": ""temperature_max_7d"", ""human_label"": ""Nhiệt độ — 7 ngày gần đây"", ""feature_group"": ""WEATHER_7D"", ""mean_abs_shap"": 0.156817576233636, ""normalized_importance"": 0.06825212904662493}, {""feature"": ""temperature_min_7d"", ""human_label"": ""Nhiệt độ — 7 ngày gần đây"", ""feature_group"": ""WEATHER_7D"", ""mean_abs_shap"": 0.09490402445840725, ""normalized_importance"": 0.04130532992506432}, {""feature"": ""day_of_year_sin"", ""human_label"": ""Thời điểm trong năm"", ""feature_group"": ""SEASONAL_CALENDAR"", ""mean_abs_shap"": 0.053033373688997174, ""normalized_importance"": 0.02308185569330931}, {""feature"": ""day_of_year_cos"", ""human_label"": ""Thời điểm trong năm"", ""feature_group"": ""SEASONAL_CALENDAR"", ""mean_abs_shap"": 0.049014996129135985, ""normalized_importance"": 0.0213329265849733}, {""feature"": ""humidity_max_7d"", ""human_label"": ""Độ ẩm — 7 ngày gần đây"", ""feature_group"": ""WEATHER_7D"", ""mean_abs_shap"": 0.03738546015427415, ""normalized_importance"": 0.016271372840984323}, {""feature"": ""temperature_mean_7d"", ""human_label"": ""Nhiệt độ — 7 ngày gần đây"", ""feature_group"": ""WEATHER_7D"", ""mean_abs_shap"": 0.03399628107595941, ""normalized_importance"": 0.014796291454248522}, {""feature"": ""wind_speed_mean_7d"", ""human_label"": ""Gió — 7 ngày gần đây"", ""feature_group"": ""WEATHER_7D"", ""mean_abs_shap"": 0.029755833862530074, ""normalized_importance"": 0.012950710382422837}, {""feature"": ""month"", ""human_label"": ""Yếu tố mùa vụ theo tháng"", ""feature_group"": ""SEASONAL_CALENDAR"", ""mean_abs_shap"": 0.023912530464320264, ""normalized_importance"": 0.010407513968016995}]",DEMOGRAPHIC,0.23935037753531102,0.054822296246299605,0.7058273262183895,0.00906015834928572,0.02800763770254487,0.20228258148348044,7.105427357601002e-15
18,Các bệnh do vi khuẩn khác - Other bacterial diseases,"[{""feature"": ""gender"", ""human_label"": ""Giới tính"", ""feature_group"": ""DEMOGRAPHIC"", ""mean_abs_shap"": 0.04693918351685351, ""normalized_importance"": 0.2604661401034874}, {""feature"": ""age_group"", ""human_label"": ""Nhóm tuổi"", ""feature_group"": ""DEMOGRAPHIC"", ""mean_abs_shap"": 0.04372225432349664, ""normalized_importance"": 0.24261535815115454}, {""feature"": ""day_of_year_sin"", ""human_label"": ""Thời điểm trong năm"", ""feature_group"": ""SEASONAL_CALENDAR"", ""mean_abs_shap"": 0.029416136034262914, ""normalized_importance"": 0.16323052161426202}, {""feature"": ""month"", ""human_label"": ""Yếu tố mùa vụ theo tháng"", ""feature_group"": ""SEASONAL_CALENDAR"", ""mean_abs_shap"": 0.02692629425895753, ""normalized_importance"": 0.14941435720549343}, {""feature"": ""humidity_mean_7d"", ""human_label"": ""Độ ẩm — 7 ngày gần đây"", ""feature_group"": ""WEATHER_7D"", ""mean_abs_shap"": 0.014489458618528748, ""normalized_importance"": 0.08040219440975858}, {""feature"": ""rain_max_daily_7d"", ""human_label"": ""Lượng mưa — 7 ngày gần đây"", ""feature_group"": ""WEATHER_7D"", ""mean_abs_shap"": 0.0065847620148990135, ""normalized_importance"": 0.036538930101010364}, {""feature"": ""humidity_max_7d"", ""human_label"": ""Độ ẩm — 7 ngày gần đây"", ""feature_group"": ""WEATHER_7D"", ""mean_abs_shap"": 0.006333322261367509, ""normalized_importance"": 0.035143687636952414}, {""feature"": ""wind_speed_mean_7d"", ""human_label"": ""Gió — 7 ngày gần đây"", ""feature_group"": ""WEATHER_7D"", ""mean_abs_shap"": 0.0020398525583599386, ""normalized_importance"": 0.011319168388718761}, {""feature"": ""wind_speed_max_7d"", ""human_label"": ""Gió — 7 ngày gần đây"", ""feature_group"": ""WEATHER_7D"", ""mean_abs_shap"": 0.0020308716675222715, ""normalized_importance"": 0.011269333308601996}, {""feature"": ""wind_speed_max_3d"", ""human_label"": ""Gió — 3 ngày gần đây"", ""feature_group"": ""WEATHER_3D"", ""mean_abs_shap"": 0.0017300930922226798, ""normalized_importance"": 0.00960030908056058}]",DEMOGRAPHIC,0.1842736229256027,0.31264487881975545,0.5030814982546419,0.0,0.00960030908056058,0.17467331384504212,2.6645352591003757e-15
19,Giang mai bẩm sinh - Congenital syphilis,"[{""feature"": ""age_group"", ""human_label"": ""Nhóm tuổi"", ""feature_group"": ""DEMOGRAPHIC"", ""mean_abs_shap"": 0.03338635429719401, ""normalized_importance"": 0.42860233277454335}, {""feature"": ""gender"", ""human_label"": ""Giới tính"", ""feature_group"": ""DEMOGRAPHIC"", ""mean_abs_shap"": 0.012202391565779644, ""normalized_importance"": 0.1566500326440592}, {""feature"": ""month"", ""human_label"": ""Yếu tố mùa vụ theo tháng"", ""feature_group"": ""SEASONAL_CALENDAR"", ""mean_abs_shap"": 0.006949793551805661, ""normalized_importance"": 0.08921901750907055}, {""feature"": ""wind_gust_max_7d"", ""human_label"": ""Gió — 7 ngày gần đây"", ""feature_group"": ""WEATHER_7D"", ""mean_abs_shap"": 0.005364555708709521, ""normalized_importance"": 0.06886828883994493}, {""feature"": ""day_of_year_sin"", ""human_label"": ""Thời điểm trong năm"", ""feature_group"": ""SEASONAL_CALENDAR"", ""mean_abs_shap"": 0.004979214659397895, ""normalized_importance"": 0.06392141530057696}, {""feature"": ""temperature_mean_7d"", ""human_label"": ""Nhiệt độ — 7 ngày gần đây"", ""feature_group"": ""WEATHER_7D"", ""mean_abs_shap"": 0.0040107141219283176, ""normalized_importance"": 0.051488144331313115}, {""feature"": ""day_of_year_cos"", ""human_label"": ""Thời điểm trong năm"", ""feature_group"": ""SEASONAL_CALENDAR"", ""mean_abs_shap"": 0.003673892866989979, ""normalized_importance"": 0.0471641509324066}, {""feature"": ""wind_speed_mean_3d"", ""human_label"": ""Gió — 3 ngày gần đây"", ""feature_group"": ""WEATHER_3D"", ""mean_abs_shap"": 0.00289503830285885, ""normalized_importance"": 0.03716548860146865}, {""feature"": ""temperature_min_7d"", ""human_label"": ""Nhiệt độ — 7 ngày gần đây"", ""feature_group"": ""WEATHER_7D"", ""mean_abs_shap"": 0.0020539912007411123, ""normalized_importance"": 0.02636842023239463}, {""feature"": ""humidity_min_7d"", ""human_label"": ""Độ ẩm — 7 ngày gần đây"", ""feature_group"": ""WEATHER_7D"", ""mean_abs_shap"": 0.0016450094828152323, ""normalized_importance"": 0.02111805606250667}]",DEMOGRAPHIC,0.21444305083934337,0.20030458374205412,0.5852523654186026,0.0,0.03716548860146865,0.17727756223787472,1.7763568394002505e-15
20,"Giang mai sớm (Giang mai I, II và kín) - Early syphilis","[{""feature"": ""age_group"", ""human_label"": ""Nhóm tuổi"", ""feature_group"": ""DEMOGRAPHIC"", ""mean_abs_shap"": 0.847698621351409, ""normalized_importance"": 0.6448547868487671}, {""feature"": ""day_of_year_cos"", ""human_label"": ""Thời điểm trong năm"", ""feature_group"": ""SEASONAL_CALENDAR"", ""mean_abs_shap"": 0.07430738055388782, ""normalized_importance"": 0.05652654002430377}, {""feature"": ""day_of_year_sin"", ""human_label"": ""Thời điểm trong năm"", ""feature_group"": ""SEASONAL_CALENDAR"", ""mean_abs_shap"": 0.06626239593126915, ""normalized_importance"": 0.05040662108925836}, {""feature"": ""gender"", ""human_label"": ""Giới tính"", ""feature_group"": ""DEMOGRAPHIC"", ""mean_abs_shap"": 0.0421287755777972, ""normalized_importance"": 0.03204787870494606}, {""feature"": ""humidity_min_7d"", ""human_label"": ""Độ ẩm — 7 ngày gần đây"", ""feature_group"": ""WEATHER_7D"", ""mean_abs_shap"": 0.04193217003413491, ""normalized_importance"": 0.03189831844525198}, {""feature"": ""wind_gust_max_7d"", ""human_label"": ""Gió — 7 ngày gần đây"", ""feature_group"": ""WEATHER_7D"", ""mean_abs_shap"": 0.036210302318105576, ""normalized_importance"": 0.027545623167165217}, {""feature"": ""temperature_mean_7d"", ""human_label"": ""Nhiệt độ — 7 ngày gần đây"", ""feature_group"": ""WEATHER_7D"", ""mean_abs_shap"": 0.035937457240602134, ""normalized_importance"": 0.02733806655463266}, {""feature"": ""month"", ""human_label"": ""Yếu tố mùa vụ theo tháng"", ""feature_group"": ""SEASONAL_CALENDAR"", ""mean_abs_shap"": 0.034632648912329575, ""normalized_importance"": 0.02634548278109141}, {""feature"": ""temperature_min_7d"", ""human_label"": ""Nhiệt độ — 7 ngày gần đây"", ""feature_group"": ""WEATHER_7D"", ""mean_abs_shap"": 0.031577623364410036, ""normalized_importance"": 0.024021487201883643}, {""feature"": ""rain_max_daily_7d"", ""human_label"": ""Lượng mưa — 7 ngày gần đây"", ""feature_group"": ""WEATHER_7D"", ""mean_abs_shap"": 0.016087031417972877, ""normalized_importance"": 0.012237603028689974}]",DEMOGRAPHIC,0.1898186905516333,0.13327864389465355,0.6769026655537131,0.006182258444761311,0.03290608607427482,0.1507303460325972,4.440892098500626e-15
24,Nhiễm khuẩn khác lây truyền qua đường tình dục - Other infection with a predominantly sexual mode of transmission,"[{""feature"": ""day_of_year_cos"", ""human_label"": ""Thời điểm trong năm"", ""feature_group"": ""SEASONAL_CALENDAR"", ""mean_abs_shap"": 0.16455025789503466, ""normalized_importance"": 0.4912637676977013}, {""feature"": ""wind_speed_max_7d"", ""human_label"": ""Gió — 7 ngày gần đây"", ""feature_group"": ""WEATHER_7D"", ""mean_abs_shap"": 0.052312846098499066, ""normalized_importance"": 0.15617967545047604}, {""feature"": ""wind_speed_mean_7d"", ""human_label"": ""Gió — 7 ngày gần đây"", ""feature_group"": ""WEATHER_7D"", ""mean_abs_shap"": 0.04069439656141853, ""normalized_importance"": 0.1214928668887252}, {""feature"": ""gender"", ""human_label"": ""Giới tính"", ""feature_group"": ""DEMOGRAPHIC"", ""mean_abs_shap"": 0.0362905154785932, ""normalized_importance"": 0.10834510740832703}, {""feature"": ""age_group"", ""human_label"": ""Nhóm tuổi"", ""feature_group"": ""DEMOGRAPHIC"", ""mean_abs_shap"": 0.010183952169715975, ""normalized_importance"": 0.0304041256267081}, {""feature"": ""day_of_year_sin"", ""human_label"": ""Thời điểm trong năm"", ""feature_group"": ""SEASONAL_CALENDAR"", ""mean_abs_shap"": 0.007211306621989871, ""normalized_importance"": 0.021529310901487363}, {""feature"": ""temperature_mean_3d"", ""human_label"": ""Nhiệt độ — 3 ngày gần đây"", ""feature_group"": ""WEATHER_3D"", ""mean_abs_shap"": 0.006361108045655461, ""normalized_importance"": 0.018991048359427457}, {""feature"": ""wind_speed_max_3d"", ""human_label"": ""Gió — 3 ngày gần đây"", ""feature_group"": ""WEATHER_3D"", ""mean_abs_shap"": 0.00442783102532731, ""normalized_importance"": 0.013219261884224055}, {""feature"": ""temperature_min_7d"", ""human_label"": ""Nhiệt độ — 7 ngày gần đây"", ""feature_group"": ""WEATHER_7D"", ""mean_abs_shap"": 0.0034719727785384505, ""normalized_importance"": 0.010365553055630455}, {""feature"": ""temperature_mean_current"", ""human_label"": ""Nhiệt độ — hiện tại"", ""feature_group"": ""WEATHER_CURRENT"", ""mean_abs_shap"": 0.0021225496631695124, ""normalized_importance"": 0.006336858768822422}]",SEASONAL_CALENDAR,0.3484576883657762,0.5127930785991887,0.13874923303503514,0.0119696005705896,0.03843238762497728,0.2980557001702093,2.6645352591003757e-15
27,Sốt Rickettsia - Typhus fever,"[{""feature"": ""age_group"", ""human_label"": ""Nhóm tuổi"", ""feature_group"": ""DEMOGRAPHIC"", ""mean_abs_shap"": 1.061547689057887, ""normalized_importance"": 0.6898998570205892}, {""feature"": ""temperature_min_7d"", ""human_label"": ""Nhiệt độ — 7 ngày gần đây"", ""feature_group"": ""WEATHER_7D"", ""mean_abs_shap"": 0.07170327137324761, ""normalized_importance"": 0.04659995700448885}, {""feature"": ""month"", ""human_label"": ""Yếu tố mùa vụ theo tháng"", ""feature_group"": ""SEASONAL_CALENDAR"", ""mean_abs_shap"": 0.056780289176149155, ""normalized_importance"": 0.03690151067916544}, {""feature"": ""wind_speed_mean_7d"", ""human_label"": ""Gió — 7 ngày gần đây"", ""feature_group"": ""WEATHER_7D"", ""mean_abs_shap"": 0.04213133655885165, ""normalized_importance"": 0.02738115618134332}, {""feature"": ""wind_gust_max_7d"", ""human_label"": ""Gió — 7 ngày gần đây"", ""feature_group"": ""WEATHER_7D"", ""mean_abs_shap"": 0.0377419587060529, ""normalized_importance"": 0.024528499457326783}, {""feature"": ""gender"", ""human_label"": ""Giới tính"", ""feature_group"": ""DEMOGRAPHIC"", ""mean_abs_shap"": 0.03503636457751994, ""normalized_importance"": 0.022770133797761157}, {""feature"": ""day_of_year_sin"", ""human_label"": ""Thời điểm trong năm"", ""feature_group"": ""SEASONAL_CALENDAR"", ""mean_abs_shap"": 0.03192074740493742, ""normalized_importance"": 0.020745294156498124}, {""feature"": ""temperature_min_3d"", ""human_label"": ""Nhiệt độ — 3 ngày gần đây"", ""feature_group"": ""WEATHER_3D"", ""mean_abs_shap"": 0.031108291968711534, ""normalized_importance"": 0.020217279357855125}, {""feature"": ""day_of_year_cos"", ""human_label"": ""Thời điểm trong năm"", ""feature_group"": ""SEASONAL_CALENDAR"", ""mean_abs_shap"": 0.030397094478820805, ""normalized_importance"": 0.019755072099861406}, {""feature"": ""temperature_mean_7d"", ""human_label"": ""Nhiệt độ — 7 ngày gần đây"", ""feature_group"": ""WEATHER_7D"", ""mean_abs_shap"": 0.022303042669183284, ""normalized_importance"": 0.0144947477227795}]",DEMOGRAPHIC,0.20992813224612472,0.07740187693552497,0.7126699908183504,0.010277815053202797,0.037946282348079244,0.1617040348448427,3.1086244689504383e-15
30,Viêm não Virut - Viral encephalitis,"[{""feature"": ""age_group"", ""human_label"": ""Nhóm tuổi"", ""feature_group"": ""DEMOGRAPHIC"", ""mean_abs_shap"": 0.3588148871534831, ""normalized_importance"": 0.43790801178793176}, {""feature"": ""day_of_year_cos"", ""human_label"": ""Thời điểm trong năm"", ""feature_group"": ""SEASONAL_CALENDAR"", ""mean_abs_shap"": 0.0881726825315044, ""normalized_importance"": 0.10760847858819055}, {""feature"": ""day_of_year_sin"", ""human_label"": ""Thời điểm trong năm"", ""feature_group"": ""SEASONAL_CALENDAR"", ""mean_abs_shap"": 0.08737613563143004, ""normalized_importance"": 0.10663634983379414}, {""feature"": ""rain_max_daily_7d"", ""human_label"": ""Lượng mưa — 7 ngày gần đây"", ""feature_group"": ""WEATHER_7D"", ""mean_abs_shap"": 0.05264276841030932, ""normalized_importance"": 0.06424674915929647}, {""feature"": ""temperature_min_7d"", ""human_label"": ""Nhiệt độ — 7 ngày gần đây"", ""feature_group"": ""WEATHER_7D"", ""mean_abs_shap"": 0.052427975353178766, ""normalized_importance"": 0.06398460953253772}, {""feature"": ""wind_speed_max_7d"", ""human_label"": ""Gió — 7 ngày gần đây"", ""feature_group"": ""WEATHER_7D"", ""mean_abs_shap"": 0.03008501410465682, ""normalized_importance"": 0.03671661679284442}, {""feature"": ""month"", ""human_label"": ""Yếu tố mùa vụ theo tháng"", ""feature_group"": ""SEASONAL_CALENDAR"", ""mean_abs_shap"": 0.02707252890695973, ""normalized_importance"": 0.033040093185004754}, {""feature"": ""humidity_mean_current"", ""human_label"": ""Độ ẩm — hiện tại"", ""feature_group"": ""WEATHER_CURRENT"", ""mean_abs_shap"": 0.019752887284386986, ""normalized_importance"": 0.024106991954536736}, {""feature"": ""wind_gust_max_7d"", ""human_label"": ""Gió — 7 ngày gần đây"", ""feature_group"": ""WEATHER_7D"", ""mean_abs_shap"": 0.014023609481101528, ""normalized_importance"": 0.01711481648567364}, {""feature"": ""temperature_min_3d"", ""human_label"": ""Nhiệt độ — 3 ngày gần đây"", ""feature_group"": ""WEATHER_3D"", ""mean_abs_shap"": 0.012904959442922363, ""normalized_importance"": 0.015749583794266407}]",DEMOGRAPHIC,0.3105369393752582,0.24728492160698945,0.44217813901775244,0.024106991954536736,0.04362535692661907,0.2428045904941024,3.1086244689504383e-15
32,Sốt virut khác do tiết túc truyền và sốt virus xuất huyết - Other arthropod,"[{""feature"": ""age_group"", ""human_label"": ""Nhóm tuổi"", ""feature_group"": ""DEMOGRAPHIC"", ""mean_abs_shap"": 1.8482671354350402, ""normalized_importance"": 0.5568856106588638}, {""feature"": ""day_of_year_sin"", ""human_label"": ""Thời điểm trong năm"", ""feature_group"": ""SEASONAL_CALENDAR"", ""mean_abs_shap"": 0.5080173125595598, ""normalized_importance"": 0.15306636465373027}, {""feature"": ""temperature_min_7d"", ""human_label"": ""Nhiệt độ — 7 ngày gần đây"", ""feature_group"": ""WEATHER_7D"", ""mean_abs_shap"": 0.22218987897135953, ""normalized_importance"": 0.06694613785039268}, {""feature"": ""humidity_max_7d"", ""human_label"": ""Độ ẩm — 7 ngày gần đây"", ""feature_group"": ""WEATHER_7D"", ""mean_abs_shap"": 0.18880867884420624, ""normalized_importance"": 0.05688833307697179}, {""feature"": ""temperature_mean_7d"", ""human_label"": ""Nhiệt độ — 7 ngày gần đây"", ""feature_group"": ""WEATHER_7D"", ""mean_abs_shap"": 0.06784802435833773, ""normalized_importance"": 0.02044270968866033}, {""feature"": ""month"", ""human_label"": ""Yếu tố mùa vụ theo tháng"", ""feature_group"": ""SEASONAL_CALENDAR"", ""mean_abs_shap"": 0.06064291812385095, ""normalized_importance"": 0.01827180056609471}, {""feature"": ""rain_max_daily_7d"", ""human_label"": ""Lượng mưa — 7 ngày gần đây"", ""feature_group"": ""WEATHER_7D"", ""mean_abs_shap"": 0.05640511885642291, ""normalized_importance"": 0.016994945403956113}, {""feature"": ""wind_gust_max_7d"", ""human_label"": ""Gió — 7 ngày gần đây"", ""feature_group"": ""WEATHER_7D"", ""mean_abs_shap"": 0.05361933216549096, ""normalized_importance"": 0.01615558377013048}, {""feature"": ""day_of_year_cos"", ""human_label"": ""Thời điểm trong năm"", ""feature_group"": ""SEASONAL_CALENDAR"", ""mean_abs_shap"": 0.037452803197822966, ""normalized_importance"": 0.011284584776646284}, {""feature"": ""temperature_min_3d"", ""human_label"": ""Nhiệt độ — 3 ngày gần đây"", ""feature_group"": ""WEATHER_3D"", ""mean_abs_shap"": 0.030659743957410706, ""normalized_importance"": 0.009237826020397341}]",DEMOGRAPHIC,0.25290197267857506,0.18271872959470903,0.5643792977267159,0.013643266794551022,0.03406614543410132,0.20519256044992273,6.217248937900877e-15
33,Nhiễm virut Héc-pét - Herpesviral infections,"[{""feature"": ""day_of_year_sin"", ""human_label"": ""Thời điểm trong năm"", ""feature_group"": ""SEASONAL_CALENDAR"", ""mean_abs_shap"": 0.04736440687451265, ""normalized_importance"": 0.31115800113383607}, {""feature"": ""day_of_year_cos"", ""human_label"": ""Thời điểm trong năm"", ""feature_group"": ""SEASONAL_CALENDAR"", ""mean_abs_shap"": 0.03260828335329257, ""normalized_importance"": 0.21421841712275547}, {""feature"": ""rain_max_daily_7d"", ""human_label"": ""Lượng mưa — 7 ngày gần đây"", ""feature_group"": ""WEATHER_7D"", ""mean_abs_shap"": 0.017760355769769486, ""normalized_importance"": 0.11667573111151996}, {""feature"": ""temperature_max_current"", ""human_label"": ""Nhiệt độ — hiện tại"", ""feature_group"": ""WEATHER_CURRENT"", ""mean_abs_shap"": 0.013764469189125182, ""normalized_importance"": 0.09042496258643445}, {""feature"": ""precipitation_sum_7d"", ""human_label"": ""Lượng mưa — 7 ngày gần đây"", ""feature_group"": ""WEATHER_7D"", ""mean_abs_shap"": 0.00915645423932883, ""normalized_importance"": 0.060152848659784125}, {""feature"": ""gender"", ""human_label"": ""Giới tính"", ""feature_group"": ""DEMOGRAPHIC"", ""mean_abs_shap"": 0.007709795879824389, ""normalized_importance"": 0.05064910200336433}, {""feature"": ""temperature_min_3d"", ""human_label"": ""Nhiệt độ — 3 ngày gần đây"", ""feature_group"": ""WEATHER_3D"", ""mean_abs_shap"": 0.007149857458715346, ""normalized_importance"": 0.04697061574401077}, {""feature"": ""humidity_min_7d"", ""human_label"": ""Độ ẩm — 7 ngày gần đây"", ""feature_group"": ""WEATHER_7D"", ""mean_abs_shap"": 0.006393884527276029, ""normalized_importance"": 0.0420042909913087}, {""feature"": ""temperature_mean_7d"", ""human_label"": ""Nhiệt độ — 7 ngày gần đây"", ""feature_group"": ""WEATHER_7D"", ""mean_abs_shap"": 0.005995863082470198, ""normalized_importance"": 0.03938950986457981}, {""feature"": ""temperature_mean_current"", ""human_label"": ""Nhiệt độ — hiện tại"", ""feature_group"": ""WEATHER_CURRENT"", ""mean_abs_shap"": 0.0025510274712947727, ""normalized_importance"": 0.016758841948736072}]",SEASONAL_CALENDAR,0.423974479740044,0.5253764182565915,0.05064910200336433,0.10718380453517053,0.05856829457768089,0.2582223806271926,2.6645352591003757e-15
34,Thuỷ đậu và zôna - Varicella and Zoster,"[{""feature"": ""age_group"", ""human_label"": ""Nhóm tuổi"", ""feature_group"": ""DEMOGRAPHIC"", ""mean_abs_shap"": 0.6904181587709833, ""normalized_importance"": 0.6019052450534723}, {""feature"": ""gender"", ""human_label"": ""Giới tính"", ""feature_group"": ""DEMOGRAPHIC"", ""mean_abs_shap"": 0.05685324858743241, ""normalized_importance"": 0.04956455459401611}, {""feature"": ""wind_speed_mean_7d"", ""human_label"": ""Gió — 7 ngày gần đây"", ""feature_group"": ""WEATHER_7D"", ""mean_abs_shap"": 0.048991927366349115, ""normalized_importance"": 0.04271106962131022}, {""feature"": ""humidity_max_7d"", ""human_label"": ""Độ ẩm — 7 ngày gần đây"", ""feature_group"": ""WEATHER_7D"", ""mean_abs_shap"": 0.04489318733503953, ""normalized_importance"": 0.03913779581381436}, {""feature"": ""temperature_max_7d"", ""human_label"": ""Nhiệt độ — 7 ngày gần đây"", ""feature_group"": ""WEATHER_7D"", ""mean_abs_shap"": 0.039239929404527765, ""normalized_importance"": 0.03420929624179792}, {""feature"": ""day_of_year_cos"", ""human_label"": ""Thời điểm trong năm"", ""feature_group"": ""SEASONAL_CALENDAR"", ""mean_abs_shap"": 0.03336471915476443, ""normalized_importance"": 0.029087299057628413}, {""feature"": ""temperature_mean_7d"", ""human_label"": ""Nhiệt độ — 7 ngày gần đây"", ""feature_group"": ""WEATHER_7D"", ""mean_abs_shap"": 0.02838089752515069, ""normalized_importance"": 0.024742412786654032}, {""feature"": ""season"", ""human_label"": ""Mùa mưa / mùa khô"", ""feature_group"": ""SEASONAL_CALENDAR"", ""mean_abs_shap"": 0.02690124823148428, ""normalized_importance"": 0.02345245733084323}, {""feature"": ""temperature_min_7d"", ""human_label"": ""Nhiệt độ — 7 ngày gần đây"", ""feature_group"": ""WEATHER_7D"", ""mean_abs_shap"": 0.023446327397037142, ""normalized_importance"": 0.020440463881539927}, {""feature"": ""rain_max_daily_7d"", ""human_label"": ""Lượng mưa — 7 ngày gần đây"", ""feature_group"": ""WEATHER_7D"", ""mean_abs_shap"": 0.01984032059275662, ""normalized_importance"": 0.017296753969479346}]",DEMOGRAPHIC,0.2741549883910847,0.07437521196142685,0.6514697996474884,0.018155962360333292,0.03648207254618067,0.21951695348457076,2.4424906541753444e-15
37,Viêm gan B cấp - Acute hepatitis B,"[{""feature"": ""age_group"", ""human_label"": ""Nhóm tuổi"", ""feature_group"": ""DEMOGRAPHIC"", ""mean_abs_shap"": 0.34025227203769265, ""normalized_importance"": 0.22286849194766406}, {""feature"": ""wind_speed_max_7d"", ""human_label"": ""Gió — 7 ngày gần đây"", ""feature_group"": ""WEATHER_7D"", ""mean_abs_shap"": 0.2209583668678579, ""normalized_importance"": 0.1447298432781749}, {""feature"": ""gender"", ""human_label"": ""Giới tính"", ""feature_group"": ""DEMOGRAPHIC"", ""mean_abs_shap"": 0.20717229270191592, ""normalized_importance"": 0.13569983286607168}, {""feature"": ""day_of_year_cos"", ""human_label"": ""Thời điểm trong năm"", ""feature_group"": ""SEASONAL_CALENDAR"", ""mean_abs_shap"": 0.19559972122279373, ""normalized_importance"": 0.12811968788110947}, {""feature"": ""day_of_year_sin"", ""human_label"": ""Thời điểm trong năm"", ""feature_group"": ""SEASONAL_CALENDAR"", ""mean_abs_shap"": 0.1302242081227867, ""normalized_importance"": 0.08529810162792713}, {""feature"": ""temperature_mean_3d"", ""human_label"": ""Nhiệt độ — 3 ngày gần đây"", ""feature_group"": ""WEATHER_3D"", ""mean_abs_shap"": 0.0925312938921645, ""normalized_importance"": 0.06060888235723019}, {""feature"": ""temperature_min_7d"", ""human_label"": ""Nhiệt độ — 7 ngày gần đây"", ""feature_group"": ""WEATHER_7D"", ""mean_abs_shap"": 0.07513768248200217, ""normalized_importance"": 0.04921590055202089}, {""feature"": ""humidity_min_7d"", ""human_label"": ""Độ ẩm — 7 ngày gần đây"", ""feature_group"": ""WEATHER_7D"", ""mean_abs_shap"": 0.07175938746755181, ""normalized_importance"": 0.047003085011610754}, {""feature"": ""wind_speed_mean_7d"", ""human_label"": ""Gió — 7 ngày gần đây"", ""feature_group"": ""WEATHER_7D"", ""mean_abs_shap"": 0.03334575150366437, ""normalized_importance"": 0.02184178611351037}, {""feature"": ""wind_gust_max_7d"", ""human_label"": ""Gió — 7 ngày gần đây"", ""feature_group"": ""WEATHER_7D"", ""mean_abs_shap"": 0.02777477235392479, ""normalized_importance"": 0.018192741496295302}]",DEMOGRAPHIC,0.42801388567722753,0.21341778950903662,0.35856832481373574,0.01672327494611815,0.08449006464587758,0.3268005460852318,5.329070518200751e-15
38,Viêm gan virut khác - Other viral hepatitis,"[{""feature"": ""age_group"", ""human_label"": ""Nhóm tuổi"", ""feature_group"": ""DEMOGRAPHIC"", ""mean_abs_shap"": 0.15901561818932858, ""normalized_importance"": 0.44933421081726566}, {""feature"": ""temperature_min_7d"", ""human_label"": ""Nhiệt độ — 7 ngày gần đây"", ""feature_group"": ""WEATHER_7D"", ""mean_abs_shap"": 0.04634642175536934, ""normalized_importance"": 0.1309621852292405}, {""feature"": ""wind_gust_max_7d"", ""human_label"": ""Gió — 7 ngày gần đây"", ""feature_group"": ""WEATHER_7D"", ""mean_abs_shap"": 0.027881985702421206, ""normalized_importance"": 0.07878678952591389}, {""feature"": ""wind_speed_max_7d"", ""human_label"": ""Gió — 7 ngày gần đây"", ""feature_group"": ""WEATHER_7D"", ""mean_abs_shap"": 0.026447999797083132, ""normalized_importance"": 0.0747347414790925}, {""feature"": ""rain_max_daily_7d"", ""human_label"": ""Lượng mưa — 7 ngày gần đây"", ""feature_group"": ""WEATHER_7D"", ""mean_abs_shap"": 0.01878961203644326, ""normalized_importance"": 0.05309425320666029}, {""feature"": ""temperature_mean_7d"", ""human_label"": ""Nhiệt độ — 7 ngày gần đây"", ""feature_group"": ""WEATHER_7D"", ""mean_abs_shap"": 0.01811716529546743, ""normalized_importance"": 0.05119410447212992}, {""feature"": ""day_of_year_sin"", ""human_label"": ""Thời điểm trong năm"", ""feature_group"": ""SEASONAL_CALENDAR"", ""mean_abs_shap"": 0.01595026991916653, ""normalized_importance"": 0.04507105671794971}, {""feature"": ""wind_speed_mean_7d"", ""human_label"": ""Gió — 7 ngày gần đây"", ""feature_group"": ""WEATHER_7D"", ""mean_abs_shap"": 0.012276681972771751, ""normalized_importance"": 0.03469051196670531}, {""feature"": ""humidity_max_7d"", ""human_label"": ""Độ ẩm — 7 ngày gần đây"", ""feature_group"": ""WEATHER_7D"", ""mean_abs_shap"": 0.01050128034236062, ""normalized_importance"": 0.029673717392887735}, {""feature"": ""month"", ""human_label"": ""Yếu tố mùa vụ theo tháng"", ""feature_group"": ""SEASONAL_CALENDAR"", ""mean_abs_shap"": 0.007787035659843282, ""normalized_importance"": 0.022004011698118848}]",WEATHER_7D,0.4835907207666657,0.06707506841606856,0.44933421081726566,0.0,0.010015609011224884,0.4735751117554408,1.7763568394002505e-15
39,Nhiễm HIV - Human immuno deficiency virus disease,"[{""feature"": ""month"", ""human_label"": ""Yếu tố mùa vụ theo tháng"", ""feature_group"": ""SEASONAL_CALENDAR"", ""mean_abs_shap"": 0.052472916024368293, ""normalized_importance"": 0.2684776763411961}, {""feature"": ""temperature_max_7d"", ""human_label"": ""Nhiệt độ — 7 ngày gần đây"", ""feature_group"": ""WEATHER_7D"", ""mean_abs_shap"": 0.02209333273133936, ""normalized_importance"": 0.11304053755252097}, {""feature"": ""age_group"", ""human_label"": ""Nhóm tuổi"", ""feature_group"": ""DEMOGRAPHIC"", ""mean_abs_shap"": 0.019610183118497493, ""normalized_importance"": 0.10033550248731275}, {""feature"": ""temperature_max_3d"", ""human_label"": ""Nhiệt độ — 3 ngày gần đây"", ""feature_group"": ""WEATHER_3D"", ""mean_abs_shap"": 0.015963786471965873, ""normalized_importance"": 0.08167871394092237}, {""feature"": ""day_of_year_cos"", ""human_label"": ""Thời điểm trong năm"", ""feature_group"": ""SEASONAL_CALENDAR"", ""mean_abs_shap"": 0.013550482368649697, ""normalized_importance"": 0.06933104342720231}, {""feature"": ""precipitation_sum_3d"", ""human_label"": ""Lượng mưa — 3 ngày gần đây"", ""feature_group"": ""WEATHER_3D"", ""mean_abs_shap"": 0.012361522978349866, ""normalized_importance"": 0.06324773267268842}, {""feature"": ""humidity_min_7d"", ""human_label"": ""Độ ẩm — 7 ngày gần đây"", ""feature_group"": ""WEATHER_7D"", ""mean_abs_shap"": 0.011735015892961295, ""normalized_importance"": 0.06004220915235832}, {""feature"": ""temperature_mean_7d"", ""human_label"": ""Nhiệt độ — 7 ngày gần đây"", ""feature_group"": ""WEATHER_7D"", ""mean_abs_shap"": 0.010058436498774671, ""normalized_importance"": 0.05146399063399508}, {""feature"": ""humidity_max_7d"", ""human_label"": ""Độ ẩm — 7 ngày gần đây"", ""feature_group"": ""WEATHER_7D"", ""mean_abs_shap"": 0.009985826686180317, ""normalized_importance"": 0.05109248252577695}, {""feature"": ""day_of_year_sin"", ""human_label"": ""Thời điểm trong năm"", ""feature_group"": ""SEASONAL_CALENDAR"", ""mean_abs_shap"": 0.009756511328809933, ""normalized_importance"": 0.049919190493225137}]",SEASONAL_CALENDAR,0.5053920901207605,0.38772791026162357,0.10687999961761588,0.0031734288632439896,0.15370298596305285,0.34851567529446364,1.7763568394002505e-15
41,Bệnh virut khác - Other viral diseases,"[{""feature"": ""age_group"", ""human_label"": ""Nhóm tuổi"", ""feature_group"": ""DEMOGRAPHIC"", ""mean_abs_shap"": 2.6463034592629207, ""normalized_importance"": 0.6389771956696257}, {""feature"": ""temperature_min_7d"", ""human_label"": ""Nhiệt độ — 7 ngày gần đây"", ""feature_group"": ""WEATHER_7D"", ""mean_abs_shap"": 0.17119849164851692, ""normalized_importance"": 0.0413376371154759}, {""feature"": ""wind_speed_max_7d"", ""human_label"": ""Gió — 7 ngày gần đây"", ""feature_group"": ""WEATHER_7D"", ""mean_abs_shap"": 0.1500726135214227, ""normalized_importance"": 0.03623657649657438}, {""feature"": ""day_of_year_cos"", ""human_label"": ""Thời điểm trong năm"", ""feature_group"": ""SEASONAL_CALENDAR"", ""mean_abs_shap"": 0.13244275121605384, ""normalized_importance"": 0.031979664865183506}, {""feature"": ""day_of_year_sin"", ""human_label"": ""Thời điểm trong năm"", ""feature_group"": ""SEASONAL_CALENDAR"", ""mean_abs_shap"": 0.10166788694893364, ""normalized_importance"": 0.02454875727305308}, {""feature"": ""temperature_max_current"", ""human_label"": ""Nhiệt độ — hiện tại"", ""feature_group"": ""WEATHER_CURRENT"", ""mean_abs_shap"": 0.09119390543230844, ""normalized_importance"": 0.022019706678510623}, {""feature"": ""wind_speed_mean_7d"", ""human_label"": ""Gió — 7 ngày gần đây"", ""feature_group"": ""WEATHER_7D"", ""mean_abs_shap"": 0.08633614404979621, ""normalized_importance"": 0.020846750215575555}, {""feature"": ""gender"", ""human_label"": ""Giới tính"", ""feature_group"": ""DEMOGRAPHIC"", ""mean_abs_shap"": 0.07491979148703591, ""normalized_importance"": 0.018090154436737647}, {""feature"": ""precipitation_sum_7d"", ""human_label"": ""Lượng mưa — 7 ngày gần đây"", ""feature_group"": ""WEATHER_7D"", ""mean_abs_shap"": 0.0747799493091603, ""normalized_importance"": 0.018056388104179484}, {""feature"": ""humidity_mean_7d"", ""human_label"": ""Độ ẩm — 7 ngày gần đây"", ""feature_group"": ""WEATHER_7D"", ""mean_abs_shap"": 0.07222905933958447, ""normalized_importance"": 0.017440449477218182}]",DEMOGRAPHIC,0.27510076485181756,0.06783188504181899,0.6570673501063634,0.04312797031163099,0.04251567785633661,0.18945711668384996,1.554312234475219e-14
42,Nấm - Mycoses,"[{""feature"": ""age_group"", ""human_label"": ""Nhóm tuổi"", ""feature_group"": ""DEMOGRAPHIC"", ""mean_abs_shap"": 0.8049659161455311, ""normalized_importance"": 0.3517340618990421}, {""feature"": ""day_of_year_sin"", ""human_label"": ""Thời điểm trong năm"", ""feature_group"": ""SEASONAL_CALENDAR"", ""mean_abs_shap"": 0.36426795025215525, ""normalized_importance"": 0.15916878366147463}, {""feature"": ""day_of_year_cos"", ""human_label"": ""Thời điểm trong năm"", ""feature_group"": ""SEASONAL_CALENDAR"", ""mean_abs_shap"": 0.2192953760809634, ""normalized_importance"": 0.09582226009515933}, {""feature"": ""humidity_max_7d"", ""human_label"": ""Độ ẩm — 7 ngày gần đây"", ""feature_group"": ""WEATHER_7D"", ""mean_abs_shap"": 0.0830082621379966, ""normalized_importance"": 0.03627089374514519}, {""feature"": ""wind_speed_max_7d"", ""human_label"": ""Gió — 7 ngày gần đây"", ""feature_group"": ""WEATHER_7D"", ""mean_abs_shap"": 0.07830787879858211, ""normalized_importance"": 0.03421703669195296}, {""feature"": ""rain_max_daily_7d"", ""human_label"": ""Lượng mưa — 7 ngày gần đây"", ""feature_group"": ""WEATHER_7D"", ""mean_abs_shap"": 0.07284903007433645, ""normalized_importance"": 0.031831764226920786}, {""feature"": ""temperature_mean_7d"", ""human_label"": ""Nhiệt độ — 7 ngày gần đây"", ""feature_group"": ""WEATHER_7D"", ""mean_abs_shap"": 0.07027482602987188, ""normalized_importance"": 0.030706952323018052}, {""feature"": ""month"", ""human_label"": ""Yếu tố mùa vụ theo tháng"", ""feature_group"": ""SEASONAL_CALENDAR"", ""mean_abs_shap"": 0.05259672992330014, ""normalized_importance"": 0.022982415885525014}, {""feature"": ""humidity_mean_7d"", ""human_label"": ""Độ ẩm — 7 ngày gần đây"", ""feature_group"": ""WEATHER_7D"", ""mean_abs_shap"": 0.04527115699884018, ""normalized_importance"": 0.019781468530143932}, {""feature"": ""gender"", ""human_label"": ""Giới tính"", ""feature_group"": ""DEMOGRAPHIC"", ""mean_abs_shap"": 0.04436333719531972, ""normalized_importance"": 0.019384791924886388}]",DEMOGRAPHIC,0.3509076865339127,0.27797345964215897,0.3711188538239285,0.0352670011430956,0.06083039053564658,0.2548102948551705,7.105427357601002e-15
47,Các nhiễm khuẩn do sán lá - Other fluke infections,"[{""feature"": ""day_of_year_sin"", ""human_label"": ""Thời điểm trong năm"", ""feature_group"": ""SEASONAL_CALENDAR"", ""mean_abs_shap"": 0.3958939454904478, ""normalized_importance"": 0.25556481806653836}, {""feature"": ""age_group"", ""human_label"": ""Nhóm tuổi"", ""feature_group"": ""DEMOGRAPHIC"", ""mean_abs_shap"": 0.15780787118710823, ""normalized_importance"": 0.10187107014086459}, {""feature"": ""humidity_min_7d"", ""human_label"": ""Độ ẩm — 7 ngày gần đây"", ""feature_group"": ""WEATHER_7D"", ""mean_abs_shap"": 0.14341635770872452, ""normalized_importance"": 0.09258079286913498}, {""feature"": ""wind_gust_max_7d"", ""human_label"": ""Gió — 7 ngày gần đây"", ""feature_group"": ""WEATHER_7D"", ""mean_abs_shap"": 0.13106400836596876, ""normalized_importance"": 0.08460687473162745}, {""feature"": ""gender"", ""human_label"": ""Giới tính"", ""feature_group"": ""DEMOGRAPHIC"", ""mean_abs_shap"": 0.12321777064765208, ""normalized_importance"": 0.07954182552380419}, {""feature"": ""humidity_max_7d"", ""human_label"": ""Độ ẩm — 7 ngày gần đây"", ""feature_group"": ""WEATHER_7D"", ""mean_abs_shap"": 0.08887472110000601, ""normalized_importance"": 0.05737206185484693}, {""feature"": ""temperature_min_7d"", ""human_label"": ""Nhiệt độ — 7 ngày gần đây"", ""feature_group"": ""WEATHER_7D"", ""mean_abs_shap"": 0.06667960407071408, ""normalized_importance"": 0.043044257375469304}, {""feature"": ""wind_speed_max_7d"", ""human_label"": ""Gió — 7 ngày gần đây"", ""feature_group"": ""WEATHER_7D"", ""mean_abs_shap"": 0.05433675558781579, ""normalized_importance"": 0.03507647240960688}, {""feature"": ""humidity_mean_7d"", ""human_label"": ""Độ ẩm — 7 ngày gần đây"", ""feature_group"": ""WEATHER_7D"", ""mean_abs_shap"": 0.04761262419753076, ""normalized_importance"": 0.03073578613494104}, {""feature"": ""temperature_max_3d"", ""human_label"": ""Nhiệt độ — 3 ngày gần đây"", ""feature_group"": ""WEATHER_3D"", ""mean_abs_shap"": 0.044931083607250455, ""normalized_importance"": 0.029004748212034588}]",WEATHER_7D,0.5282542530924432,0.29033285124288793,0.18141289566466878,0.08600777287860084,0.04748343567945229,0.39476304453439004,1.7763568394002505e-14
48,Sán Echinococ - Echinococcosis,"[{""feature"": ""day_of_year_sin"", ""human_label"": ""Thời điểm trong năm"", ""feature_group"": ""SEASONAL_CALENDAR"", ""mean_abs_shap"": 0.4311640711576425, ""normalized_importance"": 0.2930146979485066}, {""feature"": ""day_of_year_cos"", ""human_label"": ""Thời điểm trong năm"", ""feature_group"": ""SEASONAL_CALENDAR"", ""mean_abs_shap"": 0.2474986962222096, ""normalized_importance"": 0.16819758548407632}, {""feature"": ""age_group"", ""human_label"": ""Nhóm tuổi"", ""feature_group"": ""DEMOGRAPHIC"", ""mean_abs_shap"": 0.13153757844858402, ""normalized_importance"": 0.08939159451414012}, {""feature"": ""gender"", ""human_label"": ""Giới tính"", ""feature_group"": ""DEMOGRAPHIC"", ""mean_abs_shap"": 0.11905317628191338, ""normalized_importance"": 0.0809073223434258}, {""feature"": ""humidity_min_7d"", ""human_label"": ""Độ ẩm — 7 ngày gần đây"", ""feature_group"": ""WEATHER_7D"", ""mean_abs_shap"": 0.11008914343648453, ""normalized_importance"": 0.07481545719902352}, {""feature"": ""humidity_mean_7d"", ""human_label"": ""Độ ẩm — 7 ngày gần đây"", ""feature_group"": ""WEATHER_7D"", ""mean_abs_shap"": 0.10218025478239495, ""normalized_importance"": 0.06944065726760917}, {""feature"": ""wind_gust_max_7d"", ""human_label"": ""Gió — 7 ngày gần đây"", ""feature_group"": ""WEATHER_7D"", ""mean_abs_shap"": 0.0812297656529223, ""normalized_importance"": 0.055202918887266646}, {""feature"": ""humidity_min_3d"", ""human_label"": ""Độ ẩm — 3 ngày gần đây"", ""feature_group"": ""WEATHER_3D"", ""mean_abs_shap"": 0.04528206990316675, ""normalized_importance"": 0.030773232100567115}, {""feature"": ""precipitation_sum_7d"", ""human_label"": ""Lượng mưa — 7 ngày gần đây"", ""feature_group"": ""WEATHER_7D"", ""mean_abs_shap"": 0.033275561078011794, ""normalized_importance"": 0.022613731362546262}, {""feature"": ""rain_max_daily_7d"", ""human_label"": ""Lượng mưa — 7 ngày gần đây"", ""feature_group"": ""WEATHER_7D"", ""mean_abs_shap"": 0.030788363173513394, ""normalized_importance"": 0.020923457076082588}]",SEASONAL_CALENDAR,0.3622671221451245,0.4674339609973095,0.17029891685756593,0.0176455729505944,0.07092053347409742,0.2737010157204327,2.1316282072803006e-14
53,Bệnh giun sán khác - Other Helminthiases,"[{""feature"": ""age_group"", ""human_label"": ""Nhóm tuổi"", ""feature_group"": ""DEMOGRAPHIC"", ""mean_abs_shap"": 0.03862740112000519, ""normalized_importance"": 0.40301752152047}, {""feature"": ""day_of_year_sin"", ""human_label"": ""Thời điểm trong năm"", ""feature_group"": ""SEASONAL_CALENDAR"", ""mean_abs_shap"": 0.015961929769572406, ""normalized_importance"": 0.16653818760499653}, {""feature"": ""rain_max_daily_7d"", ""human_label"": ""Lượng mưa — 7 ngày gần đây"", ""feature_group"": ""WEATHER_7D"", ""mean_abs_shap"": 0.014524270926700354, ""normalized_importance"": 0.15153842870725884}, {""feature"": ""day_of_year_cos"", ""human_label"": ""Thời điểm trong năm"", ""feature_group"": ""SEASONAL_CALENDAR"", ""mean_abs_shap"": 0.009228525167594785, ""normalized_importance"": 0.09628546659866073}, {""feature"": ""temperature_mean_7d"", ""human_label"": ""Nhiệt độ — 7 ngày gần đây"", ""feature_group"": ""WEATHER_7D"", ""mean_abs_shap"": 0.005069247767433718, ""normalized_importance"": 0.05288980392072617}, {""feature"": ""wind_gust_max_7d"", ""human_label"": ""Gió — 7 ngày gần đây"", ""feature_group"": ""WEATHER_7D"", ""mean_abs_shap"": 0.0046926346915357985, ""normalized_importance"": 0.04896042570682473}, {""feature"": ""humidity_max_7d"", ""human_label"": ""Độ ẩm — 7 ngày gần đây"", ""feature_group"": ""WEATHER_7D"", ""mean_abs_shap"": 0.0025563941626065346, ""normalized_importance"": 0.02667204133776175}, {""feature"": ""humidity_min_3d"", ""human_label"": ""Độ ẩm — 3 ngày gần đây"", ""feature_group"": ""WEATHER_3D"", ""mean_abs_shap"": 0.0025548358126489664, ""normalized_importance"": 0.02665578235270579}, {""feature"": ""gender"", ""human_label"": ""Giới tính"", ""feature_group"": ""DEMOGRAPHIC"", ""mean_abs_shap"": 0.0018763327416842389, ""normalized_importance"": 0.019576646348844207}, {""feature"": ""rain_days_3d"", ""human_label"": ""Lượng mưa — 3 ngày gần đây"", ""feature_group"": ""WEATHER_3D"", ""mean_abs_shap"": 0.0007538912688923679, ""normalized_importance"": 0.007865695901751193}]",DEMOGRAPHIC,0.3145821779270285,0.2628236542036573,0.4225941678693142,0.0,0.034521478254456985,0.28006069967257147,1.7763568394002505e-15
57,Bệnh nhiễm khuẩn và kí sinh vật khác - Other infectious and parasitic diseases,"[{""feature"": ""age_group"", ""human_label"": ""Nhóm tuổi"", ""feature_group"": ""DEMOGRAPHIC"", ""mean_abs_shap"": 1.085085978008847, ""normalized_importance"": 0.6302603247219187}, {""feature"": ""wind_speed_max_7d"", ""human_label"": ""Gió — 7 ngày gần đây"", ""feature_group"": ""WEATHER_7D"", ""mean_abs_shap"": 0.09455037142979487, ""normalized_importance"": 0.054918549320185465}, {""feature"": ""humidity_max_7d"", ""human_label"": ""Độ ẩm — 7 ngày gần đây"", ""feature_group"": ""WEATHER_7D"", ""mean_abs_shap"": 0.07235726651394377, ""normalized_importance"": 0.04202792701528836}, {""feature"": ""temperature_min_7d"", ""human_label"": ""Nhiệt độ — 7 ngày gần đây"", ""feature_group"": ""WEATHER_7D"", ""mean_abs_shap"": 0.0677451267232422, ""normalized_importance"": 0.039349016052412804}, {""feature"": ""day_of_year_sin"", ""human_label"": ""Thời điểm trong năm"", ""feature_group"": ""SEASONAL_CALENDAR"", ""mean_abs_shap"": 0.05940634378794959, ""normalized_importance"": 0.03450552517049462}, {""feature"": ""wind_gust_max_7d"", ""human_label"": ""Gió — 7 ngày gần đây"", ""feature_group"": ""WEATHER_7D"", ""mean_abs_shap"": 0.05716046287186562, ""normalized_importance"": 0.03320102979948698}, {""feature"": ""humidity_min_7d"", ""human_label"": ""Độ ẩm — 7 ngày gần đây"", ""feature_group"": ""WEATHER_7D"", ""mean_abs_shap"": 0.044717537104893734, ""normalized_importance"": 0.025973692433305946}, {""feature"": ""day_of_year_cos"", ""human_label"": ""Thời điểm trong năm"", ""feature_group"": ""SEASONAL_CALENDAR"", ""mean_abs_shap"": 0.04411884454028054, ""normalized_importance"": 0.025625948403958043}, {""feature"": ""gender"", ""human_label"": ""Giới tính"", ""feature_group"": ""DEMOGRAPHIC"", ""mean_abs_shap"": 0.035577255988190774, ""normalized_importance"": 0.02066466009723805}, {""feature"": ""temperature_mean_7d"", ""human_label"": ""Nhiệt độ — 7 ngày gần đây"", ""feature_group"": ""WEATHER_7D"", ""mean_abs_shap"": 0.027132985513010972, ""normalized_importance"": 0.015759897931301056}]",DEMOGRAPHIC,0.2812488088335457,0.06782620634729766,0.6509249848191567,0.009199111909493442,0.01920189449105116,0.2528478024330011,4.440892098500626e-15
58,"U ác môi, khoang miệng, họng - Malignant neoplasm of lip, oral cavity and pharynx","[{""feature"": ""age_group"", ""human_label"": ""Nhóm tuổi"", ""feature_group"": ""DEMOGRAPHIC"", ""mean_abs_shap"": 0.10074666467354249, ""normalized_importance"": 0.3577842036884253}, {""feature"": ""temperature_mean_7d"", ""human_label"": ""Nhiệt độ — 7 ngày gần đây"", ""feature_group"": ""WEATHER_7D"", ""mean_abs_shap"": 0.042575303652881556, ""normalized_importance"": 0.15119876338933008}, {""feature"": ""day_of_year_cos"", ""human_label"": ""Thời điểm trong năm"", ""feature_group"": ""SEASONAL_CALENDAR"", ""mean_abs_shap"": 0.026511755104939073, ""normalized_importance"": 0.09415187311004047}, {""feature"": ""wind_speed_max_7d"", ""human_label"": ""Gió — 7 ngày gần đây"", ""feature_group"": ""WEATHER_7D"", ""mean_abs_shap"": 0.022948649929771307, ""normalized_importance"": 0.0814981266869066}, {""feature"": ""temperature_min_3d"", ""human_label"": ""Nhiệt độ — 3 ngày gần đây"", ""feature_group"": ""WEATHER_3D"", ""mean_abs_shap"": 0.01615259966675657, ""normalized_importance"": 0.05736313979222092}, {""feature"": ""temperature_min_7d"", ""human_label"": ""Nhiệt độ — 7 ngày gần đây"", ""feature_group"": ""WEATHER_7D"", ""mean_abs_shap"": 0.01522553695923616, ""normalized_importance"": 0.05407083831847763}, {""feature"": ""temperature_max_3d"", ""human_label"": ""Nhiệt độ — 3 ngày gần đây"", ""feature_group"": ""WEATHER_3D"", ""mean_abs_shap"": 0.010347274197857952, ""normalized_importance"": 0.03674653916556524}, {""feature"": ""temperature_max_7d"", ""human_label"": ""Nhiệt độ — 7 ngày gần đây"", ""feature_group"": ""WEATHER_7D"", ""mean_abs_shap"": 0.008469976119534936, ""normalized_importance"": 0.03007964254705117}, {""feature"": ""season"", ""human_label"": ""Mùa mưa / mùa khô"", ""feature_group"": ""SEASONAL_CALENDAR"", ""mean_abs_shap"": 0.006377876988478495, ""normalized_importance"": 0.02264991746317107}, {""feature"": ""day_of_year_sin"", ""human_label"": ""Thời điểm trong năm"", ""feature_group"": ""SEASONAL_CALENDAR"", ""mean_abs_shap"": 0.006314054217843199, ""normalized_importance"": 0.02242326202755013}]",DEMOGRAPHIC,0.4853986427111074,0.14117826005259665,0.37342309723629596,0.012788858362004645,0.104546476662318,0.36806330768678475,1.3322676295501878e-15
60,U ác dạ dày - Malignant neoplasm of stomach,"[{""feature"": ""day_of_year_cos"", ""human_label"": ""Thời điểm trong năm"", ""feature_group"": ""SEASONAL_CALENDAR"", ""mean_abs_shap"": 0.22604213422182437, ""normalized_importance"": 0.4253485121759568}, {""feature"": ""day_of_year_sin"", ""human_label"": ""Thời điểm trong năm"", ""feature_group"": ""SEASONAL_CALENDAR"", ""mean_abs_shap"": 0.08383702950959526, ""normalized_importance"": 0.15775800334712625}, {""feature"": ""gender"", ""human_label"": ""Giới tính"", ""feature_group"": ""DEMOGRAPHIC"", ""mean_abs_shap"": 0.05201718516295141, ""normalized_importance"": 0.09788189442119692}, {""feature"": ""temperature_max_7d"", ""human_label"": ""Nhiệt độ — 7 ngày gần đây"", ""feature_group"": ""WEATHER_7D"", ""mean_abs_shap"": 0.04595387466417198, ""normalized_importance"": 0.08647242817989081}, {""feature"": ""humidity_mean_7d"", ""human_label"": ""Độ ẩm — 7 ngày gần đây"", ""feature_group"": ""WEATHER_7D"", ""mean_abs_shap"": 0.01812211306105866, ""normalized_importance"": 0.03410078326566051}, {""feature"": ""rain_max_daily_3d"", ""human_label"": ""Lượng mưa — 3 ngày gần đây"", ""feature_group"": ""WEATHER_3D"", ""mean_abs_shap"": 0.0166022603328199, ""normalized_importance"": 0.031240842578458713}, {""feature"": ""age_group"", ""human_label"": ""Nhóm tuổi"", ""feature_group"": ""DEMOGRAPHIC"", ""mean_abs_shap"": 0.013373223504920415, ""normalized_importance"": 0.025164692150854897}, {""feature"": ""temperature_mean_3d"", ""human_label"": ""Nhiệt độ — 3 ngày gần đây"", ""feature_group"": ""WEATHER_3D"", ""mean_abs_shap"": 0.012931542897685009, ""normalized_importance"": 0.024333571927223532}, {""feature"": ""wind_speed_max_7d"", ""human_label"": ""Gió — 7 ngày gần đây"", ""feature_group"": ""WEATHER_7D"", ""mean_abs_shap"": 0.011760344218015346, ""normalized_importance"": 0.022129701318874633}, {""feature"": ""humidity_mean_3d"", ""human_label"": ""Độ ẩm — 3 ngày gần đây"", ""feature_group"": ""WEATHER_3D"", ""mean_abs_shap"": 0.010113593142943396, ""normalized_importance"": 0.019030973189637285}]",SEASONAL_CALENDAR,0.2938468979048652,0.583106515523083,0.12304658657205182,0.021923584288742224,0.0893523227343122,0.18257099088181072,4.440892098500626e-15
62,"U ác chỗ nối trực tràng sigma, trực tràng, hậu môn và ống hậu môn - Malignant neoplasm of rectosigmoid function, rectum, anus and anal canal","[{""feature"": ""day_of_year_cos"", ""human_label"": ""Thời điểm trong năm"", ""feature_group"": ""SEASONAL_CALENDAR"", ""mean_abs_shap"": 0.5005986871782514, ""normalized_importance"": 0.35785901052655883}, {""feature"": ""age_group"", ""human_label"": ""Nhóm tuổi"", ""feature_group"": ""DEMOGRAPHIC"", ""mean_abs_shap"": 0.35744433741384996, ""normalized_importance"": 0.25552339664785095}, {""feature"": ""temperature_min_7d"", ""human_label"": ""Nhiệt độ — 7 ngày gần đây"", ""feature_group"": ""WEATHER_7D"", ""mean_abs_shap"": 0.11965815673623272, ""normalized_importance"": 0.08553907684502711}, {""feature"": ""day_of_year_sin"", ""human_label"": ""Thời điểm trong năm"", ""feature_group"": ""SEASONAL_CALENDAR"", ""mean_abs_shap"": 0.0686974693611097, ""normalized_importance"": 0.04910921470813111}, {""feature"": ""temperature_mean_3d"", ""human_label"": ""Nhiệt độ — 3 ngày gần đây"", ""feature_group"": ""WEATHER_3D"", ""mean_abs_shap"": 0.05617430118748605, ""normalized_importance"": 0.0401568768653535}, {""feature"": ""rain_days_7d"", ""human_label"": ""Lượng mưa — 7 ngày gần đây"", ""feature_group"": ""WEATHER_7D"", ""mean_abs_shap"": 0.043529145919056836, ""normalized_importance"": 0.031117335076256736}, {""feature"": ""month"", ""human_label"": ""Yếu tố mùa vụ theo tháng"", ""feature_group"": ""SEASONAL_CALENDAR"", ""mean_abs_shap"": 0.03533030504951532, ""normalized_importance"": 0.025256294773539967}, {""feature"": ""wind_gust_max_7d"", ""human_label"": ""Gió — 7 ngày gần đây"", ""feature_group"": ""WEATHER_7D"", ""mean_abs_shap"": 0.02892097993495928, ""normalized_importance"": 0.02067451139618696}, {""feature"": ""temperature_max_7d"", ""human_label"": ""Nhiệt độ — 7 ngày gần đây"", ""feature_group"": ""WEATHER_7D"", ""mean_abs_shap"": 0.020943644249189514, ""normalized_importance"": 0.014971816746228234}, {""feature"": ""wind_speed_max_7d"", ""human_label"": ""Gió — 7 ngày gần đây"", ""feature_group"": ""WEATHER_7D"", ""mean_abs_shap"": 0.01633707037651293, ""normalized_importance"": 0.011678751841712121}]",SEASONAL_CALENDAR,0.3035790056719501,0.4322245200082299,0.26419647431982013,0.009115894143596953,0.08337558655970012,0.21108752496865305,5.329070518200751e-15
63,U ác gan và đường mật trong gan - Malignant neoplasm of liver and intrahepatic bile ducts,"[{""feature"": ""age_group"", ""human_label"": ""Nhóm tuổi"", ""feature_group"": ""DEMOGRAPHIC"", ""mean_abs_shap"": 1.363506264132434, ""normalized_importance"": 0.656788414966555}, {""feature"": ""gender"", ""human_label"": ""Giới tính"", ""feature_group"": ""DEMOGRAPHIC"", ""mean_abs_shap"": 0.24520180956163778, ""normalized_importance"": 0.11811145433305995}, {""feature"": ""day_of_year_sin"", ""human_label"": ""Thời điểm trong năm"", ""feature_group"": ""SEASONAL_CALENDAR"", ""mean_abs_shap"": 0.0767166789846381, ""normalized_importance"": 0.03695371801161344}, {""feature"": ""temperature_min_7d"", ""human_label"": ""Nhiệt độ — 7 ngày gần đây"", ""feature_group"": ""WEATHER_7D"", ""mean_abs_shap"": 0.06612324326826478, ""normalized_importance"": 0.03185095755041827}, {""feature"": ""day_of_year_cos"", ""human_label"": ""Thời điểm trong năm"", ""feature_group"": ""SEASONAL_CALENDAR"", ""mean_abs_shap"": 0.038836308949125105, ""normalized_importance"": 0.018707092492953784}, {""feature"": ""precipitation_sum_7d"", ""human_label"": ""Lượng mưa — 7 ngày gần đây"", ""feature_group"": ""WEATHER_7D"", ""mean_abs_shap"": 0.02993545385112835, ""normalized_importance"": 0.014419632533699453}, {""feature"": ""rain_max_daily_7d"", ""human_label"": ""Lượng mưa — 7 ngày gần đây"", ""feature_group"": ""WEATHER_7D"", ""mean_abs_shap"": 0.029121831019116612, ""normalized_importance"": 0.014027717905747522}, {""feature"": ""rain_days_7d"", ""human_label"": ""Lượng mưa — 7 ngày gần đây"", ""feature_group"": ""WEATHER_7D"", ""mean_abs_shap"": 0.024409478690882048, ""normalized_importance"": 0.011757821171247062}, {""feature"": ""wind_gust_max_7d"", ""human_label"": ""Gió — 7 ngày gần đây"", ""feature_group"": ""WEATHER_7D"", ""mean_abs_shap"": 0.023982594185706734, ""normalized_importance"": 0.011552194835011437}, {""feature"": ""temperature_mean_7d"", ""human_label"": ""Nhiệt độ — 7 ngày gần đây"", ""feature_group"": ""WEATHER_7D"", ""mean_abs_shap"": 0.023709667009536358, ""normalized_importance"": 0.01142072832682323}]",DEMOGRAPHIC,0.16044836288956912,0.06465176781081608,0.774899869299615,0.012981765890292351,0.022983078311388596,0.12448351868788818,5.10702591327572e-15
64,U ác tụy - Malignant neoplasm of pancreas,"[{""feature"": ""age_group"", ""human_label"": ""Nhóm tuổi"", ""feature_group"": ""DEMOGRAPHIC"", ""mean_abs_shap"": 0.04474326959815003, ""normalized_importance"": 0.3222198049062569}, {""feature"": ""gender"", ""human_label"": ""Giới tính"", ""feature_group"": ""DEMOGRAPHIC"", ""mean_abs_shap"": 0.029805677108969378, ""normalized_importance"": 0.21464634903543323}, {""feature"": ""wind_speed_mean_7d"", ""human_label"": ""Gió — 7 ngày gần đây"", ""feature_group"": ""WEATHER_7D"", ""mean_abs_shap"": 0.02560440613858989, ""normalized_importance"": 0.18439078826412178}, {""feature"": ""temperature_mean_7d"", ""human_label"": ""Nhiệt độ — 7 ngày gần đây"", ""feature_group"": ""WEATHER_7D"", ""mean_abs_shap"": 0.011770966740587903, ""normalized_importance"": 0.08476891923130919}, {""feature"": ""day_of_year_sin"", ""human_label"": ""Thời điểm trong năm"", ""feature_group"": ""SEASONAL_CALENDAR"", ""mean_abs_shap"": 0.010837767501985649, ""normalized_importance"": 0.07804846095229424}, {""feature"": ""temperature_min_7d"", ""human_label"": ""Nhiệt độ — 7 ngày gần đây"", ""feature_group"": ""WEATHER_7D"", ""mean_abs_shap"": 0.009860085095516877, ""normalized_importance"": 0.07100765599767213}, {""feature"": ""day_of_year_cos"", ""human_label"": ""Thời điểm trong năm"", ""feature_group"": ""SEASONAL_CALENDAR"", ""mean_abs_shap"": 0.006237292432806163, ""normalized_importance"": 0.0449180216129125}, {""feature"": ""month"", ""human_label"": ""Yếu tố mùa vụ theo tháng"", ""feature_group"": ""SEASONAL_CALENDAR"", ""mean_abs_shap"": 0.0, ""normalized_importance"": 0.0}, {""feature"": ""season"", ""human_label"": ""Mùa mưa / mùa khô"", ""feature_group"": ""SEASONAL_CALENDAR"", ""mean_abs_shap"": 0.0, ""normalized_importance"": 0.0}, {""feature"": ""weather_code_current"", ""human_label"": ""Trạng thái thời tiết — hiện tại"", ""feature_group"": ""WEATHER_CURRENT"", ""mean_abs_shap"": 0.0, ""normalized_importance"": 0.0}]",DEMOGRAPHIC,0.34016736349310306,0.12296648256520674,0.5368661539416901,0.0,0.0,0.34016736349310306,8.881784197001252e-16
65,Các u khác cơ quan tiêu hoá - Other malignant neoplasms of digestive organs,"[{""feature"": ""age_group"", ""human_label"": ""Nhóm tuổi"", ""feature_group"": ""DEMOGRAPHIC"", ""mean_abs_shap"": 0.09126677482955421, ""normalized_importance"": 0.34801477004397147}, {""feature"": ""temperature_min_7d"", ""human_label"": ""Nhiệt độ — 7 ngày gần đây"", ""feature_group"": ""WEATHER_7D"", ""mean_abs_shap"": 0.07714894572485954, ""normalized_importance"": 0.2941812357861202}, {""feature"": ""gender"", ""human_label"": ""Giới tính"", ""feature_group"": ""DEMOGRAPHIC"", ""mean_abs_shap"": 0.06863058083937511, ""normalized_importance"": 0.26169935174552705}, {""feature"": ""day_of_year_cos"", ""human_label"": ""Thời điểm trong năm"", ""feature_group"": ""SEASONAL_CALENDAR"", ""mean_abs_shap"": 0.015508095987144456, ""normalized_importance"": 0.059134843636856886}, {""feature"": ""day_of_year_sin"", ""human_label"": ""Thời điểm trong năm"", ""feature_group"": ""SEASONAL_CALENDAR"", ""mean_abs_shap"": 0.008363388391723323, ""normalized_importance"": 0.03189093395016629}, {""feature"": ""temperature_max_3d"", ""human_label"": ""Nhiệt độ — 3 ngày gần đây"", ""feature_group"": ""WEATHER_3D"", ""mean_abs_shap"": 0.0008788203172367658, ""normalized_importance"": 0.003351082046936587}, {""feature"": ""wind_speed_max_7d"", ""human_label"": ""Gió — 7 ngày gần đây"", ""feature_group"": ""WEATHER_7D"", ""mean_abs_shap"": 0.0004531105471985019, ""normalized_importance"": 0.0017277827904215747}, {""feature"": ""month"", ""human_label"": ""Yếu tố mùa vụ theo tháng"", ""feature_group"": ""SEASONAL_CALENDAR"", ""mean_abs_shap"": 0.0, ""normalized_importance"": 0.0}, {""feature"": ""season"", ""human_label"": ""Mùa mưa / mùa khô"", ""feature_group"": ""SEASONAL_CALENDAR"", ""mean_abs_shap"": 0.0, ""normalized_importance"": 0.0}, {""feature"": ""weather_code_current"", ""human_label"": ""Trạng thái thời tiết — hiện tại"", ""feature_group"": ""WEATHER_CURRENT"", ""mean_abs_shap"": 0.0, ""normalized_importance"": 0.0}]",DEMOGRAPHIC,0.29926010062347835,0.09102577758702318,0.6097141217894986,0.0,0.003351082046936587,0.2959090185765418,1.7763568394002505e-15
68,Các u khác cơ quan hô hấp và lồng ngực - Other malignant neplasm of respiratory and intrathoracic,"[{""feature"": ""age_group"", ""human_label"": ""Nhóm tuổi"", ""feature_group"": ""DEMOGRAPHIC"", ""mean_abs_shap"": 0.829538469998653, ""normalized_importance"": 0.5123646892408721}, {""feature"": ""gender"", ""human_label"": ""Giới tính"", ""feature_group"": ""DEMOGRAPHIC"", ""mean_abs_shap"": 0.3804774796631679, ""normalized_importance"": 0.23500203146827633}, {""feature"": ""temperature_min_7d"", ""human_label"": ""Nhiệt độ — 7 ngày gần đây"", ""feature_group"": ""WEATHER_7D"", ""mean_abs_shap"": 0.05414178228058492, ""normalized_importance"": 0.033440688354313325}, {""feature"": ""day_of_year_sin"", ""human_label"": ""Thời điểm trong năm"", ""feature_group"": ""SEASONAL_CALENDAR"", ""mean_abs_shap"": 0.047680725658173405, ""normalized_importance"": 0.029450014759012877}, {""feature"": ""rain_max_daily_7d"", ""human_label"": ""Lượng mưa — 7 ngày gần đây"", ""feature_group"": ""WEATHER_7D"", ""mean_abs_shap"": 0.03764640656150067, ""normalized_importance"": 0.023252314505619178}, {""feature"": ""temperature_max_7d"", ""human_label"": ""Nhiệt độ — 7 ngày gần đây"", ""feature_group"": ""WEATHER_7D"", ""mean_abs_shap"": 0.03507425730582549, ""normalized_importance"": 0.021663625732611103}, {""feature"": ""month"", ""human_label"": ""Yếu tố mùa vụ theo tháng"", ""feature_group"": ""SEASONAL_CALENDAR"", ""mean_abs_shap"": 0.031612059625045215, ""normalized_importance"": 0.019525198278117845}, {""feature"": ""precipitation_sum_7d"", ""human_label"": ""Lượng mưa — 7 ngày gần đây"", ""feature_group"": ""WEATHER_7D"", ""mean_abs_shap"": 0.02959068841255866, ""normalized_importance"": 0.01827669773162987}, {""feature"": ""humidity_max_7d"", ""human_label"": ""Độ ẩm — 7 ngày gần đây"", ""feature_group"": ""WEATHER_7D"", ""mean_abs_shap"": 0.026213415878020247, ""normalized_importance"": 0.016190724319639322}, {""feature"": ""wind_speed_max_7d"", ""human_label"": ""Gió — 7 ngày gần đây"", ""feature_group"": ""WEATHER_7D"", ""mean_abs_shap"": 0.023575167789819333, ""normalized_importance"": 0.014561209582542704}]",DEMOGRAPHIC,0.19076290157213469,0.0618703777187169,0.7473667207091484,0.01703237553839372,0.010866909754125208,0.16286361627961576,3.6637359812630166e-15
69,U ác xương và sụn khớp - Malignant neoplasms of bone and articular cartilage,"[{""feature"": ""age_group"", ""human_label"": ""Nhóm tuổi"", ""feature_group"": ""DEMOGRAPHIC"", ""mean_abs_shap"": 1.357995752142156, ""normalized_importance"": 0.5575969546852578}, {""feature"": ""temperature_min_7d"", ""human_label"": ""Nhiệt độ — 7 ngày gần đây"", ""feature_group"": ""WEATHER_7D"", ""mean_abs_shap"": 0.1885590569400328, ""normalized_importance"": 0.07742289013955642}, {""feature"": ""humidity_max_7d"", ""human_label"": ""Độ ẩm — 7 ngày gần đây"", ""feature_group"": ""WEATHER_7D"", ""mean_abs_shap"": 0.1427041114851862, ""normalized_importance"": 0.05859471788456357}, {""feature"": ""temperature_max_7d"", ""human_label"": ""Nhiệt độ — 7 ngày gần đây"", ""feature_group"": ""WEATHER_7D"", ""mean_abs_shap"": 0.082803377564138, ""normalized_importance"": 0.03399930455937372}, {""feature"": ""gender"", ""human_label"": ""Giới tính"", ""feature_group"": ""DEMOGRAPHIC"", ""mean_abs_shap"": 0.06491617510891912, ""normalized_importance"": 0.026654767876445537}, {""feature"": ""wind_speed_max_7d"", ""human_label"": ""Gió — 7 ngày gần đây"", ""feature_group"": ""WEATHER_7D"", ""mean_abs_shap"": 0.059221608087057606, ""normalized_importance"": 0.024316562307958096}, {""feature"": ""day_of_year_cos"", ""human_label"": ""Thời điểm trong năm"", ""feature_group"": ""SEASONAL_CALENDAR"", ""mean_abs_shap"": 0.05261640015749213, ""normalized_importance"": 0.021604444968283915}, {""feature"": ""weather_code_current"", ""human_label"": ""Trạng thái thời tiết — hiện tại"", ""feature_group"": ""WEATHER_CURRENT"", ""mean_abs_shap"": 0.048521464920046734, ""normalized_importance"": 0.019923052803079346}, {""feature"": ""precipitation_sum_7d"", ""human_label"": ""Lượng mưa — 7 ngày gần đây"", ""feature_group"": ""WEATHER_7D"", ""mean_abs_shap"": 0.043200569969600505, ""normalized_importance"": 0.017738278059941267}, {""feature"": ""wind_speed_mean_7d"", ""human_label"": ""Gió — 7 ngày gần đây"", ""feature_group"": ""WEATHER_7D"", ""mean_abs_shap"": 0.04187681077972997, ""normalized_importance"": 0.017194738736019163}]",DEMOGRAPHIC,0.37162110300118883,0.044127174437107876,0.5842517225617033,0.042412558452657886,0.040673572674836705,0.28853497187369426,1.0658141036401503e-14
70,U ác hắc tố da - Malignant melanoma of skin,"[{""feature"": ""age_group"", ""human_label"": ""Nhóm tuổi"", ""feature_group"": ""DEMOGRAPHIC"", ""mean_abs_shap"": 0.8781111074844251, ""normalized_importance"": 0.3130687285432633}, {""feature"": ""day_of_year_sin"", ""human_label"": ""Thời điểm trong năm"", ""feature_group"": ""SEASONAL_CALENDAR"", ""mean_abs_shap"": 0.29084543500891247, ""normalized_importance"": 0.10369372368116589}, {""feature"": ""rain_days_7d"", ""human_label"": ""Lượng mưa — 7 ngày gần đây"", ""feature_group"": ""WEATHER_7D"", ""mean_abs_shap"": 0.2454569120434599, ""normalized_importance"": 0.08751157195328449}, {""feature"": ""wind_speed_mean_7d"", ""human_label"": ""Gió — 7 ngày gần đây"", ""feature_group"": ""WEATHER_7D"", ""mean_abs_shap"": 0.19138618222818277, ""normalized_importance"": 0.06823399478748673}, {""feature"": ""gender"", ""human_label"": ""Giới tính"", ""feature_group"": ""DEMOGRAPHIC"", ""mean_abs_shap"": 0.1596528622662308, ""normalized_importance"": 0.056920266891018846}, {""feature"": ""humidity_mean_7d"", ""human_label"": ""Độ ẩm — 7 ngày gần đây"", ""feature_group"": ""WEATHER_7D"", ""mean_abs_shap"": 0.145625946707688, ""normalized_importance"": 0.05191931817067186}, {""feature"": ""temperature_min_7d"", ""human_label"": ""Nhiệt độ — 7 ngày gần đây"", ""feature_group"": ""WEATHER_7D"", ""mean_abs_shap"": 0.14139830127426203, ""normalized_importance"": 0.050412056083569884}, {""feature"": ""wind_speed_max_7d"", ""human_label"": ""Gió — 7 ngày gần đây"", ""feature_group"": ""WEATHER_7D"", ""mean_abs_shap"": 0.1307380368766716, ""normalized_importance"": 0.04661140330461862}, {""feature"": ""rain_max_daily_7d"", ""human_label"": ""Lượng mưa — 7 ngày gần đây"", ""feature_group"": ""WEATHER_7D"", ""mean_abs_shap"": 0.09857592544223025, ""normalized_importance"": 0.035144800447387485}, {""feature"": ""temperature_max_7d"", ""human_label"": ""Nhiệt độ — 7 ngày gần đây"", ""feature_group"": ""WEATHER_7D"", ""mean_abs_shap"": 0.09611998597941884, ""normalized_importance"": 0.034269196166279776}]",WEATHER_7D,0.49618242758807674,0.13382857697764097,0.36998899543428215,0.018575027518041812,0.05811454615785207,0.4194928539121829,7.105427357601002e-15
72,U ác mạc treo và các mô mềm - Malignantneoplasms of mesothelial and soft tissue,"[{""feature"": ""age_group"", ""human_label"": ""Nhóm tuổi"", ""feature_group"": ""DEMOGRAPHIC"", ""mean_abs_shap"": 1.7342106736978065, ""normalized_importance"": 0.6484263917641828}, {""feature"": ""temperature_min_7d"", ""human_label"": ""Nhiệt độ — 7 ngày gần đây"", ""feature_group"": ""WEATHER_7D"", ""mean_abs_shap"": 0.1649185026772033, ""normalized_importance"": 0.06166350562132739}, {""feature"": ""day_of_year_sin"", ""human_label"": ""Thời điểm trong năm"", ""feature_group"": ""SEASONAL_CALENDAR"", ""mean_abs_shap"": 0.15562156039944547, ""normalized_importance"": 0.058187351987263866}, {""feature"": ""humidity_max_7d"", ""human_label"": ""Độ ẩm — 7 ngày gần đây"", ""feature_group"": ""WEATHER_7D"", ""mean_abs_shap"": 0.07949870223872471, ""normalized_importance"": 0.029724794930868974}, {""feature"": ""wind_gust_max_7d"", ""human_label"": ""Gió — 7 ngày gần đây"", ""feature_group"": ""WEATHER_7D"", ""mean_abs_shap"": 0.06754876193679497, ""normalized_importance"": 0.025256677654635483}, {""feature"": ""temperature_max_7d"", ""human_label"": ""Nhiệt độ — 7 ngày gần đây"", ""feature_group"": ""WEATHER_7D"", ""mean_abs_shap"": 0.06673391779360179, ""normalized_importance"": 0.024952005070367326}, {""feature"": ""temperature_mean_7d"", ""human_label"": ""Nhiệt độ — 7 ngày gần đây"", ""feature_group"": ""WEATHER_7D"", ""mean_abs_shap"": 0.05389996574246805, ""normalized_importance"": 0.020153353241724906}, {""feature"": ""wind_speed_mean_7d"", ""human_label"": ""Gió — 7 ngày gần đây"", ""feature_group"": ""WEATHER_7D"", ""mean_abs_shap"": 0.042093960860873365, ""normalized_importance"": 0.01573905383587501}, {""feature"": ""month"", ""human_label"": ""Yếu tố mùa vụ theo tháng"", ""feature_group"": ""SEASONAL_CALENDAR"", ""mean_abs_shap"": 0.04080248174928482, ""normalized_importance"": 0.015256166056975263}, {""feature"": ""wind_speed_max_7d"", ""human_label"": ""Gió — 7 ngày gần đây"", ""feature_group"": ""WEATHER_7D"", ""mean_abs_shap"": 0.0314659719433442, ""normalized_importance"": 0.011765218009568692}]",DEMOGRAPHIC,0.2651750487799057,0.08374596551559466,0.6510789857044996,0.021589629882091045,0.03555937767640501,0.20802604122140964,7.105427357601002e-15
73,U ác vú - Malignant neoplasm of breast,"[{""feature"": ""day_of_year_sin"", ""human_label"": ""Thời điểm trong năm"", ""feature_group"": ""SEASONAL_CALENDAR"", ""mean_abs_shap"": 0.37173610335044754, ""normalized_importance"": 0.2337407447752846}, {""feature"": ""day_of_year_cos"", ""human_label"": ""Thời điểm trong năm"", ""feature_group"": ""SEASONAL_CALENDAR"", ""mean_abs_shap"": 0.2724079154778653, ""normalized_importance"": 0.17128502847207336}, {""feature"": ""humidity_mean_3d"", ""human_label"": ""Độ ẩm — 3 ngày gần đây"", ""feature_group"": ""WEATHER_3D"", ""mean_abs_shap"": 0.21236890064235006, ""normalized_importance"": 0.13353361310847656}, {""feature"": ""age_group"", ""human_label"": ""Nhóm tuổi"", ""feature_group"": ""DEMOGRAPHIC"", ""mean_abs_shap"": 0.1392544022813635, ""normalized_importance"": 0.0875605770037289}, {""feature"": ""gender"", ""human_label"": ""Giới tính"", ""feature_group"": ""DEMOGRAPHIC"", ""mean_abs_shap"": 0.12167574957463205, ""normalized_importance"": 0.07650744727329771}, {""feature"": ""rain_max_daily_7d"", ""human_label"": ""Lượng mưa — 7 ngày gần đây"", ""feature_group"": ""WEATHER_7D"", ""mean_abs_shap"": 0.10822139067206915, ""normalized_importance"": 0.06804759674488589}, {""feature"": ""wind_gust_max_current"", ""human_label"": ""Gió — hiện tại"", ""feature_group"": ""WEATHER_CURRENT"", ""mean_abs_shap"": 0.07381546991783085, ""normalized_importance"": 0.04641379397649143}, {""feature"": ""temperature_mean_7d"", ""human_label"": ""Nhiệt độ — 7 ngày gần đây"", ""feature_group"": ""WEATHER_7D"", ""mean_abs_shap"": 0.04476781601759545, ""normalized_importance"": 0.028149169702924623}, {""feature"": ""wind_gust_max_3d"", ""human_label"": ""Gió — 3 ngày gần đây"", ""feature_group"": ""WEATHER_3D"", ""mean_abs_shap"": 0.027623300100255634, ""normalized_importance"": 0.017369017107542056}, {""feature"": ""temperature_min_7d"", ""human_label"": ""Nhiệt độ — 7 ngày gần đây"", ""feature_group"": ""WEATHER_7D"", ""mean_abs_shap"": 0.026275794723749735, ""normalized_importance"": 0.016521730800254708}]",SEASONAL_CALENDAR,0.4210268504198027,0.4149051253031706,0.1640680242770266,0.07601233454126007,0.1990205703131757,0.14599394556536693,1.5987211554602254e-14
74,U ác khác cơ quan sinh dục nữ - Malignant neoplasms of female genital organs,"[{""feature"": ""age_group"", ""human_label"": ""Nhóm tuổi"", ""feature_group"": ""DEMOGRAPHIC"", ""mean_abs_shap"": 1.3864755976466712, ""normalized_importance"": 0.32813149556064536}, {""feature"": ""gender"", ""human_label"": ""Giới tính"", ""feature_group"": ""DEMOGRAPHIC"", ""mean_abs_shap"": 0.8822690615763249, ""normalized_importance"": 0.2088030017645523}, {""feature"": ""temperature_min_7d"", ""human_label"": ""Nhiệt độ — 7 ngày gần đây"", ""feature_group"": ""WEATHER_7D"", ""mean_abs_shap"": 0.1943963767547571, ""normalized_importance"": 0.04600699351966865}, {""feature"": ""day_of_year_sin"", ""human_label"": ""Thời điểm trong năm"", ""feature_group"": ""SEASONAL_CALENDAR"", ""mean_abs_shap"": 0.13850305110281882, ""normalized_importance"": 0.0327789492835071}, {""feature"": ""wind_speed_mean_7d"", ""human_label"": ""Gió — 7 ngày gần đây"", ""feature_group"": ""WEATHER_7D"", ""mean_abs_shap"": 0.12751052790760936, ""normalized_importance"": 0.03017739388494727}, {""feature"": ""day_of_year_cos"", ""human_label"": ""Thời điểm trong năm"", ""feature_group"": ""SEASONAL_CALENDAR"", ""mean_abs_shap"": 0.12418315744404879, ""normalized_importance"": 0.029389918758558002}, {""feature"": ""temperature_mean_7d"", ""human_label"": ""Nhiệt độ — 7 ngày gần đây"", ""feature_group"": ""WEATHER_7D"", ""mean_abs_shap"": 0.11762940518672171, ""normalized_importance"": 0.02783886908023635}, {""feature"": ""temperature_max_3d"", ""human_label"": ""Nhiệt độ — 3 ngày gần đây"", ""feature_group"": ""WEATHER_3D"", ""mean_abs_shap"": 0.1144595075911677, ""normalized_importance"": 0.027088662411926635}, {""feature"": ""humidity_min_7d"", ""human_label"": ""Độ ẩm — 7 ngày gần đây"", ""feature_group"": ""WEATHER_7D"", ""mean_abs_shap"": 0.10495728445962016, ""normalized_importance"": 0.024839810219650087}, {""feature"": ""wind_speed_max_7d"", ""human_label"": ""Gió — 7 ngày gần đây"", ""feature_group"": ""WEATHER_7D"", ""mean_abs_shap"": 0.09429578660018773, ""normalized_importance"": 0.022316597230203943}]",DEMOGRAPHIC,0.3948892836462754,0.068176219028527,0.5369344973251977,0.04735157242715382,0.09366184658305249,0.2538758646360691,1.1546319456101628e-14
76,U ác các phần khác và không xác định của tử cung - Malignant neoplasms of other and unspecified parts of uterus,"[{""feature"": ""gender"", ""human_label"": ""Giới tính"", ""feature_group"": ""DEMOGRAPHIC"", ""mean_abs_shap"": 1.8221510718981109, ""normalized_importance"": 0.5892470119287541}, {""feature"": ""age_group"", ""human_label"": ""Nhóm tuổi"", ""feature_group"": ""DEMOGRAPHIC"", ""mean_abs_shap"": 0.7293353515927328, ""normalized_importance"": 0.23585238526482388}, {""feature"": ""day_of_year_sin"", ""human_label"": ""Thời điểm trong năm"", ""feature_group"": ""SEASONAL_CALENDAR"", ""mean_abs_shap"": 0.0875358870635739, ""normalized_importance"": 0.028307345468898647}, {""feature"": ""day_of_year_cos"", ""human_label"": ""Thời điểm trong năm"", ""feature_group"": ""SEASONAL_CALENDAR"", ""mean_abs_shap"": 0.07775153530573792, ""normalized_importance"": 0.025143282880521183}, {""feature"": ""humidity_max_7d"", ""human_label"": ""Độ ẩm — 7 ngày gần đây"", ""feature_group"": ""WEATHER_7D"", ""mean_abs_shap"": 0.06534255267621633, ""normalized_importance"": 0.021130467451389592}, {""feature"": ""temperature_min_7d"", ""human_label"": ""Nhiệt độ — 7 ngày gần đây"", ""feature_group"": ""WEATHER_7D"", ""mean_abs_shap"": 0.06530093196968834, ""normalized_importance"": 0.02111700815191974}, {""feature"": ""month"", ""human_label"": ""Yếu tố mùa vụ theo tháng"", ""feature_group"": ""SEASONAL_CALENDAR"", ""mean_abs_shap"": 0.05535961344043219, ""normalized_importance"": 0.017902185666375747}, {""feature"": ""temperature_mean_7d"", ""human_label"": ""Nhiệt độ — 7 ngày gần đây"", ""feature_group"": ""WEATHER_7D"", ""mean_abs_shap"": 0.040240666304006335, ""normalized_importance"": 0.013013022214978956}, {""feature"": ""wind_speed_max_7d"", ""human_label"": ""Gió — 7 ngày gần đây"", ""feature_group"": ""WEATHER_7D"", ""mean_abs_shap"": 0.020387082848587965, ""normalized_importance"": 0.006592772594843411}, {""feature"": ""wind_gust_max_7d"", ""human_label"": ""Gió — 7 ngày gần đây"", ""feature_group"": ""WEATHER_7D"", ""mean_abs_shap"": 0.015146484216953814, ""normalized_importance"": 0.004898068389449724}]",DEMOGRAPHIC,0.10344530290619508,0.07145529990022692,0.8250993971935779,0.005063543681463217,0.013210851548024042,0.08517090767670782,5.773159728050814e-15
78,U ác khác của cơ quan sinh dục nam - Other malignant neoplasms of male genital organs,"[{""feature"": ""gender"", ""human_label"": ""Giới tính"", ""feature_group"": ""DEMOGRAPHIC"", ""mean_abs_shap"": 1.128217393870197, ""normalized_importance"": 0.4677937950923695}, {""feature"": ""age_group"", ""human_label"": ""Nhóm tuổi"", ""feature_group"": ""DEMOGRAPHIC"", ""mean_abs_shap"": 0.7423797370653687, ""normalized_importance"": 0.3078135796242115}, {""feature"": ""day_of_year_cos"", ""human_label"": ""Thời điểm trong năm"", ""feature_group"": ""SEASONAL_CALENDAR"", ""mean_abs_shap"": 0.102522418499434, ""normalized_importance"": 0.04250896280492567}, {""feature"": ""wind_speed_mean_7d"", ""human_label"": ""Gió — 7 ngày gần đây"", ""feature_group"": ""WEATHER_7D"", ""mean_abs_shap"": 0.09774306355461251, ""normalized_importance"": 0.04052729455563368}, {""feature"": ""wind_speed_mean_3d"", ""human_label"": ""Gió — 3 ngày gần đây"", ""feature_group"": ""WEATHER_3D"", ""mean_abs_shap"": 0.05419678400686693, ""normalized_importance"": 0.022471661410398896}, {""feature"": ""temperature_max_7d"", ""human_label"": ""Nhiệt độ — 7 ngày gần đây"", ""feature_group"": ""WEATHER_7D"", ""mean_abs_shap"": 0.04484688225927266, ""normalized_importance"": 0.018594903219990144}, {""feature"": ""day_of_year_sin"", ""human_label"": ""Thời điểm trong năm"", ""feature_group"": ""SEASONAL_CALENDAR"", ""mean_abs_shap"": 0.03742200349554863, ""normalized_importance"": 0.015516319044764415}, {""feature"": ""rain_max_daily_7d"", ""human_label"": ""Lượng mưa — 7 ngày gần đây"", ""feature_group"": ""WEATHER_7D"", ""mean_abs_shap"": 0.028428851386516706, ""normalized_importance"": 0.011787480278597506}, {""feature"": ""month"", ""human_label"": ""Yếu tố mùa vụ theo tháng"", ""feature_group"": ""SEASONAL_CALENDAR"", ""mean_abs_shap"": 0.02485383897073553, ""normalized_importance"": 0.010305169657819198}, {""feature"": ""temperature_min_7d"", ""human_label"": ""Nhiệt độ — 7 ngày gần đây"", ""feature_group"": ""WEATHER_7D"", ""mean_abs_shap"": 0.018483350438073184, ""normalized_importance"": 0.007663768254616402}]",DEMOGRAPHIC,0.1560621737759095,0.06833045150750928,0.775607374716581,0.006342897776146335,0.03765434234049506,0.1120649336592681,5.689893001203927e-15
79,U ác bàng quang - Malignant neoplasm of bladder,"[{""feature"": ""age_group"", ""human_label"": ""Nhóm tuổi"", ""feature_group"": ""DEMOGRAPHIC"", ""mean_abs_shap"": 1.4452694226536487, ""normalized_importance"": 0.5354837444136411}, {""feature"": ""day_of_year_cos"", ""human_label"": ""Thời điểm trong năm"", ""feature_group"": ""SEASONAL_CALENDAR"", ""mean_abs_shap"": 0.35954692288794043, ""normalized_importance"": 0.13321497676670643}, {""feature"": ""day_of_year_sin"", ""human_label"": ""Thời điểm trong năm"", ""feature_group"": ""SEASONAL_CALENDAR"", ""mean_abs_shap"": 0.0966378514101518, ""normalized_importance"": 0.035805087767084305}, {""feature"": ""wind_speed_max_7d"", ""human_label"": ""Gió — 7 ngày gần đây"", ""feature_group"": ""WEATHER_7D"", ""mean_abs_shap"": 0.08570802005277155, ""normalized_importance"": 0.031755498860461334}, {""feature"": ""humidity_min_7d"", ""human_label"": ""Độ ẩm — 7 ngày gần đây"", ""feature_group"": ""WEATHER_7D"", ""mean_abs_shap"": 0.08404380530025764, ""normalized_importance"": 0.03113889414080407}, {""feature"": ""gender"", ""human_label"": ""Giới tính"", ""feature_group"": ""DEMOGRAPHIC"", ""mean_abs_shap"": 0.07173819089938786, ""normalized_importance"": 0.026579566742463822}, {""feature"": ""humidity_mean_7d"", ""human_label"": ""Độ ẩm — 7 ngày gần đây"", ""feature_group"": ""WEATHER_7D"", ""mean_abs_shap"": 0.06563820730350721, ""normalized_importance"": 0.024319474606295556}, {""feature"": ""wind_gust_max_7d"", ""human_label"": ""Gió — 7 ngày gần đây"", ""feature_group"": ""WEATHER_7D"", ""mean_abs_shap"": 0.04701406774296232, ""normalized_importance"": 0.01741908369506214}, {""feature"": ""temperature_min_7d"", ""human_label"": ""Nhiệt độ — 7 ngày gần đây"", ""feature_group"": ""WEATHER_7D"", ""mean_abs_shap"": 0.044017433746130784, ""normalized_importance"": 0.01630880711402559}, {""feature"": ""temperature_max_7d"", ""human_label"": ""Nhiệt độ — 7 ngày gần đây"", ""feature_group"": ""WEATHER_7D"", ""mean_abs_shap"": 0.038040812363036816, ""normalized_importance"": 0.014094421652742118}]",DEMOGRAPHIC,0.266128763313094,0.17180792553080088,0.562063311156105,0.02735139623139046,0.0527972467890146,0.18598012029268896,1.1102230246251565e-14
80,U ác khác của đường tiết niệu - Other malignant neoplasms of uterinary tract,"[{""feature"": ""age_group"", ""human_label"": ""Nhóm tuổi"", ""feature_group"": ""DEMOGRAPHIC"", ""mean_abs_shap"": 1.4933387314856605, ""normalized_importance"": 0.6978067945017608}, {""feature"": ""temperature_min_7d"", ""human_label"": ""Nhiệt độ — 7 ngày gần đây"", ""feature_group"": ""WEATHER_7D"", ""mean_abs_shap"": 0.11330724677970344, ""normalized_importance"": 0.05294617021719163}, {""feature"": ""gender"", ""human_label"": ""Giới tính"", ""feature_group"": ""DEMOGRAPHIC"", ""mean_abs_shap"": 0.11174899212054683, ""normalized_importance"": 0.05221802953095781}, {""feature"": ""day_of_year_sin"", ""human_label"": ""Thời điểm trong năm"", ""feature_group"": ""SEASONAL_CALENDAR"", ""mean_abs_shap"": 0.06328388814162682, ""normalized_importance"": 0.02957127287777752}, {""feature"": ""day_of_year_cos"", ""human_label"": ""Thời điểm trong năm"", ""feature_group"": ""SEASONAL_CALENDAR"", ""mean_abs_shap"": 0.05003920561234092, ""normalized_importance"": 0.023382302307945878}, {""feature"": ""humidity_max_7d"", ""human_label"": ""Độ ẩm — 7 ngày gần đây"", ""feature_group"": ""WEATHER_7D"", ""mean_abs_shap"": 0.043410220472865094, ""normalized_importance"": 0.020284712475546994}, {""feature"": ""wind_speed_max_7d"", ""human_label"": ""Gió — 7 ngày gần đây"", ""feature_group"": ""WEATHER_7D"", ""mean_abs_shap"": 0.03956220521296875, ""normalized_importance"": 0.01848661326530903}, {""feature"": ""rain_max_daily_7d"", ""human_label"": ""Lượng mưa — 7 ngày gần đây"", ""feature_group"": ""WEATHER_7D"", ""mean_abs_shap"": 0.032836900871940126, ""normalized_importance"": 0.01534401543046072}, {""feature"": ""humidity_min_7d"", ""human_label"": ""Độ ẩm — 7 ngày gần đây"", ""feature_group"": ""WEATHER_7D"", ""mean_abs_shap"": 0.028890061617212755, ""normalized_importance"": 0.013499737778855813}, {""feature"": ""temperature_mean_7d"", ""human_label"": ""Nhiệt độ — 7 ngày gần đây"", ""feature_group"": ""WEATHER_7D"", ""mean_abs_shap"": 0.02288523368003498, ""normalized_importance"": 0.010693803903285615}]",DEMOGRAPHIC,0.19463106113699238,0.05534411483028895,0.7500248240327185,0.01600296142286957,0.017515077988927912,0.1611130217251949,4.440892098500626e-15
81,U ác mắt và các phần phụ - Malignant neoplasm of eye and adnexa,"[{""feature"": ""age_group"", ""human_label"": ""Nhóm tuổi"", ""feature_group"": ""DEMOGRAPHIC"", ""mean_abs_shap"": 0.448685340924159, ""normalized_importance"": 0.43594034689447686}, {""feature"": ""rain_max_daily_7d"", ""human_label"": ""Lượng mưa — 7 ngày gần đây"", ""feature_group"": ""WEATHER_7D"", ""mean_abs_shap"": 0.13920867589935537, ""normalized_importance"": 0.13525442649249292}, {""feature"": ""temperature_min_7d"", ""human_label"": ""Nhiệt độ — 7 ngày gần đây"", ""feature_group"": ""WEATHER_7D"", ""mean_abs_shap"": 0.04487294379784719, ""normalized_importance"": 0.04359831913634194}, {""feature"": ""day_of_year_cos"", ""human_label"": ""Thời điểm trong năm"", ""feature_group"": ""SEASONAL_CALENDAR"", ""mean_abs_shap"": 0.044734759142348396, ""normalized_importance"": 0.043464059642752156}, {""feature"": ""gender"", ""human_label"": ""Giới tính"", ""feature_group"": ""DEMOGRAPHIC"", ""mean_abs_shap"": 0.04138047250672934, ""normalized_importance"": 0.04020505216882078}, {""feature"": ""temperature_max_current"", ""human_label"": ""Nhiệt độ — hiện tại"", ""feature_group"": ""WEATHER_CURRENT"", ""mean_abs_shap"": 0.03661251563765532, ""normalized_importance"": 0.03557253003827637}, {""feature"": ""day_of_year_sin"", ""human_label"": ""Thời điểm trong năm"", ""feature_group"": ""SEASONAL_CALENDAR"", ""mean_abs_shap"": 0.03291700857309938, ""normalized_importance"": 0.03198199456779435}, {""feature"": ""wind_speed_max_7d"", ""human_label"": ""Gió — 7 ngày gần đây"", ""feature_group"": ""WEATHER_7D"", ""mean_abs_shap"": 0.03150671349913763, ""normalized_importance"": 0.03061175919861528}, {""feature"": ""month"", ""human_label"": ""Yếu tố mùa vụ theo tháng"", ""feature_group"": ""SEASONAL_CALENDAR"", ""mean_abs_shap"": 0.02449435516654318, ""normalized_importance"": 0.02379858826291422}, {""feature"": ""temperature_max_3d"", ""human_label"": ""Nhiệt độ — 3 ngày gần đây"", ""feature_group"": ""WEATHER_3D"", ""mean_abs_shap"": 0.023584488403947473, ""normalized_importance"": 0.022914566441972286}]",DEMOGRAPHIC,0.4246099584632415,0.09924464247346074,0.47614539906329767,0.04403818334765457,0.07050649320212377,0.31006528191346316,2.6645352591003757e-15
82,U ác não - Malignant neoplasm of brain,"[{""feature"": ""age_group"", ""human_label"": ""Nhóm tuổi"", ""feature_group"": ""DEMOGRAPHIC"", ""mean_abs_shap"": 1.3755244191632774, ""normalized_importance"": 0.6359373606247858}, {""feature"": ""gender"", ""human_label"": ""Giới tính"", ""feature_group"": ""DEMOGRAPHIC"", ""mean_abs_shap"": 0.12377908857365613, ""normalized_importance"": 0.05722599016886573}, {""feature"": ""humidity_max_7d"", ""human_label"": ""Độ ẩm — 7 ngày gần đây"", ""feature_group"": ""WEATHER_7D"", ""mean_abs_shap"": 0.10122968169673813, ""normalized_importance"": 0.04680086787137532}, {""feature"": ""day_of_year_sin"", ""human_label"": ""Thời điểm trong năm"", ""feature_group"": ""SEASONAL_CALENDAR"", ""mean_abs_shap"": 0.08481665246861789, ""normalized_importance"": 0.03921273759773219}, {""feature"": ""temperature_min_7d"", ""human_label"": ""Nhiệt độ — 7 ngày gần đây"", ""feature_group"": ""WEATHER_7D"", ""mean_abs_shap"": 0.07416177529518794, ""normalized_importance"": 0.03428673674085608}, {""feature"": ""wind_speed_max_7d"", ""human_label"": ""Gió — 7 ngày gần đây"", ""feature_group"": ""WEATHER_7D"", ""mean_abs_shap"": 0.04707150719998412, ""normalized_importance"": 0.021762267272286945}, {""feature"": ""day_of_year_cos"", ""human_label"": ""Thời điểm trong năm"", ""feature_group"": ""SEASONAL_CALENDAR"", ""mean_abs_shap"": 0.04349059389311558, ""normalized_importance"": 0.020106726647002096}, {""feature"": ""rain_max_daily_7d"", ""human_label"": ""Lượng mưa — 7 ngày gần đây"", ""feature_group"": ""WEATHER_7D"", ""mean_abs_shap"": 0.04040507597189187, ""normalized_importance"": 0.018680218985162787}, {""feature"": ""wind_gust_max_7d"", ""human_label"": ""Gió — 7 ngày gần đây"", ""feature_group"": ""WEATHER_7D"", ""mean_abs_shap"": 0.0377375788340082, ""normalized_importance"": 0.017446972184374035}, {""feature"": ""temperature_max_current"", ""human_label"": ""Nhiệt độ — hiện tại"", ""feature_group"": ""WEATHER_CURRENT"", ""mean_abs_shap"": 0.036775201256106387, ""normalized_importance"": 0.017002042346496177}]",DEMOGRAPHIC,0.2374124596339407,0.06942418957240795,0.6931633507936515,0.030431116304454185,0.022222431172155527,0.18475891215733098,7.105427357601002e-15
83,U ác các phần khác của hệ thần kinh trung ương - Malignant neoplasm of other parts of central nervous system,"[{""feature"": ""age_group"", ""human_label"": ""Nhóm tuổi"", ""feature_group"": ""DEMOGRAPHIC"", ""mean_abs_shap"": 0.040472230612264896, ""normalized_importance"": 0.45123471537840404}, {""feature"": ""temperature_max_7d"", ""human_label"": ""Nhiệt độ — 7 ngày gần đây"", ""feature_group"": ""WEATHER_7D"", ""mean_abs_shap"": 0.018458532375256558, ""normalized_importance"": 0.2057986544514265}, {""feature"": ""day_of_year_cos"", ""human_label"": ""Thời điểm trong năm"", ""feature_group"": ""SEASONAL_CALENDAR"", ""mean_abs_shap"": 0.008873801423633929, ""normalized_importance"": 0.09893616435622134}, {""feature"": ""wind_gust_max_7d"", ""human_label"": ""Gió — 7 ngày gần đây"", ""feature_group"": ""WEATHER_7D"", ""mean_abs_shap"": 0.0073907889213222925, ""normalized_importance"": 0.08240169827269363}, {""feature"": ""gender"", ""human_label"": ""Giới tính"", ""feature_group"": ""DEMOGRAPHIC"", ""mean_abs_shap"": 0.005140456862892611, ""normalized_importance"": 0.05731220034952516}, {""feature"": ""precipitation_sum_7d"", ""human_label"": ""Lượng mưa — 7 ngày gần đây"", ""feature_group"": ""WEATHER_7D"", ""mean_abs_shap"": 0.004263087098333716, ""normalized_importance"": 0.04753019204399887}, {""feature"": ""rain_max_daily_7d"", ""human_label"": ""Lượng mưa — 7 ngày gần đây"", ""feature_group"": ""WEATHER_7D"", ""mean_abs_shap"": 0.0023049607556483187, ""normalized_importance"": 0.0256985665183023}, {""feature"": ""day_of_year_sin"", ""human_label"": ""Thời điểm trong năm"", ""feature_group"": ""SEASONAL_CALENDAR"", ""mean_abs_shap"": 0.0014935458155035711, ""normalized_importance"": 0.01665190454709275}, {""feature"": ""wind_gust_max_3d"", ""human_label"": ""Gió — 3 ngày gần đây"", ""feature_group"": ""WEATHER_3D"", ""mean_abs_shap"": 0.001294787876918706, ""normalized_importance"": 0.014435904082335542}, {""feature"": ""month"", ""human_label"": ""Yếu tố mùa vụ theo tháng"", ""feature_group"": ""SEASONAL_CALENDAR"", ""mean_abs_shap"": 0.0, ""normalized_importance"": 0.0}]",DEMOGRAPHIC,0.3758650153687568,0.11558806890331409,0.5085469157279292,0.0,0.014435904082335542,0.3614291112864213,8.881784197001252e-16
84,"U ác các khu trú khác, khó định nghĩa, thứ phát, không xác định rõ và phức hợp - Malignant neoplasm of other and ill","[{""feature"": ""age_group"", ""human_label"": ""Nhóm tuổi"", ""feature_group"": ""DEMOGRAPHIC"", ""mean_abs_shap"": 1.2977708898781346, ""normalized_importance"": 0.6183490410494558}, {""feature"": ""temperature_min_7d"", ""human_label"": ""Nhiệt độ — 7 ngày gần đây"", ""feature_group"": ""WEATHER_7D"", ""mean_abs_shap"": 0.1187427204197005, ""normalized_importance"": 0.056577357279157546}, {""feature"": ""gender"", ""human_label"": ""Giới tính"", ""feature_group"": ""DEMOGRAPHIC"", ""mean_abs_shap"": 0.11175250376591693, ""normalized_importance"": 0.05324672796830831}, {""feature"": ""wind_speed_max_7d"", ""human_label"": ""Gió — 7 ngày gần đây"", ""feature_group"": ""WEATHER_7D"", ""mean_abs_shap"": 0.09256855258587451, ""normalized_importance"": 0.04410614860392395}, {""feature"": ""day_of_year_sin"", ""human_label"": ""Thời điểm trong năm"", ""feature_group"": ""SEASONAL_CALENDAR"", ""mean_abs_shap"": 0.07012490215322484, ""normalized_importance"": 0.033412419972068653}, {""feature"": ""humidity_max_7d"", ""human_label"": ""Độ ẩm — 7 ngày gần đây"", ""feature_group"": ""WEATHER_7D"", ""mean_abs_shap"": 0.06433452513372405, ""normalized_importance"": 0.03065347838596224}, {""feature"": ""wind_gust_max_7d"", ""human_label"": ""Gió — 7 ngày gần đây"", ""feature_group"": ""WEATHER_7D"", ""mean_abs_shap"": 0.059188007316044185, ""normalized_importance"": 0.028201316465759886}, {""feature"": ""rain_max_daily_7d"", ""human_label"": ""Lượng mưa — 7 ngày gần đây"", ""feature_group"": ""WEATHER_7D"", ""mean_abs_shap"": 0.04455162200202913, ""normalized_importance"": 0.021227516318184213}, {""feature"": ""day_of_year_cos"", ""human_label"": ""Thời điểm trong năm"", ""feature_group"": ""SEASONAL_CALENDAR"", ""mean_abs_shap"": 0.033811615824276164, ""normalized_importance"": 0.01611022437345397}, {""feature"": ""temperature_mean_7d"", ""human_label"": ""Nhiệt độ — 7 ngày gần đây"", ""feature_group"": ""WEATHER_7D"", ""mean_abs_shap"": 0.03377148283252035, ""normalized_importance"": 0.0160911022023834}]",DEMOGRAPHIC,0.2770569259729805,0.051347305009255384,0.6715957690177641,0.008612281122483485,0.02822260107873009,0.2402220437717669,6.217248937900877e-15
85,Bệnh Hodgkin - Hodgkin disease,"[{""feature"": ""age_group"", ""human_label"": ""Nhóm tuổi"", ""feature_group"": ""DEMOGRAPHIC"", ""mean_abs_shap"": 2.1326823042340326, ""normalized_importance"": 0.5970941765107126}, {""feature"": ""gender"", ""human_label"": ""Giới tính"", ""feature_group"": ""DEMOGRAPHIC"", ""mean_abs_shap"": 0.29948853345665055, ""normalized_importance"": 0.083848803407653}, {""feature"": ""day_of_year_sin"", ""human_label"": ""Thời điểm trong năm"", ""feature_group"": ""SEASONAL_CALENDAR"", ""mean_abs_shap"": 0.21166235410231718, ""normalized_importance"": 0.05925981510238724}, {""feature"": ""day_of_year_cos"", ""human_label"": ""Thời điểm trong năm"", ""feature_group"": ""SEASONAL_CALENDAR"", ""mean_abs_shap"": 0.16758017742562686, ""normalized_importance"": 0.046917981098648184}, {""feature"": ""month"", ""human_label"": ""Yếu tố mùa vụ theo tháng"", ""feature_group"": ""SEASONAL_CALENDAR"", ""mean_abs_shap"": 0.1028953328119669, ""normalized_importance"": 0.02880794944947182}, {""feature"": ""temperature_min_7d"", ""human_label"": ""Nhiệt độ — 7 ngày gần đây"", ""feature_group"": ""WEATHER_7D"", ""mean_abs_shap"": 0.0887457919169304, ""normalized_importance"": 0.02484645530102159}, {""feature"": ""temperature_mean_7d"", ""human_label"": ""Nhiệt độ — 7 ngày gần đây"", ""feature_group"": ""WEATHER_7D"", ""mean_abs_shap"": 0.06382111032305286, ""normalized_importance"": 0.017868209079565208}, {""feature"": ""wind_speed_max_7d"", ""human_label"": ""Gió — 7 ngày gần đây"", ""feature_group"": ""WEATHER_7D"", ""mean_abs_shap"": 0.05553522310297719, ""normalized_importance"": 0.015548381603850941}, {""feature"": ""rain_days_7d"", ""human_label"": ""Lượng mưa — 7 ngày gần đây"", ""feature_group"": ""WEATHER_7D"", ""mean_abs_shap"": 0.04238620648282746, ""normalized_importance"": 0.011867007573060272}, {""feature"": ""temperature_max_current"", ""human_label"": ""Nhiệt độ — hiện tại"", ""feature_group"": ""WEATHER_CURRENT"", ""mean_abs_shap"": 0.03826815136198303, ""normalized_importance"": 0.010714061948517543}]",DEMOGRAPHIC,0.184071274431127,0.13498574565050725,0.6809429799183656,0.02401770982859832,0.027263941414824498,0.13278962318770418,8.298917109073045e-15
86,U bạch huyết không phải Hodgkin - Non-Hodgkin's lymphoma,"[{""feature"": ""age_group"", ""human_label"": ""Nhóm tuổi"", ""feature_group"": ""DEMOGRAPHIC"", ""mean_abs_shap"": 2.405979754624951, ""normalized_importance"": 0.6737356759821106}, {""feature"": ""gender"", ""human_label"": ""Giới tính"", ""feature_group"": ""DEMOGRAPHIC"", ""mean_abs_shap"": 0.16130759937860636, ""normalized_importance"": 0.045170240647073895}, {""feature"": ""temperature_min_7d"", ""human_label"": ""Nhiệt độ — 7 ngày gần đây"", ""feature_group"": ""WEATHER_7D"", ""mean_abs_shap"": 0.154847030029691, ""normalized_importance"": 0.04336111650579478}, {""feature"": ""day_of_year_sin"", ""human_label"": ""Thời điểm trong năm"", ""feature_group"": ""SEASONAL_CALENDAR"", ""mean_abs_shap"": 0.10835301455302421, ""normalized_importance"": 0.03034160672559808}, {""feature"": ""month"", ""human_label"": ""Yếu tố mùa vụ theo tháng"", ""feature_group"": ""SEASONAL_CALENDAR"", ""mean_abs_shap"": 0.10155136739284117, ""normalized_importance"": 0.028436972100785097}, {""feature"": ""humidity_max_7d"", ""human_label"": ""Độ ẩm — 7 ngày gần đây"", ""feature_group"": ""WEATHER_7D"", ""mean_abs_shap"": 0.07925704388419724, ""normalized_importance"": 0.022193993085360467}, {""feature"": ""wind_speed_max_7d"", ""human_label"": ""Gió — 7 ngày gần đây"", ""feature_group"": ""WEATHER_7D"", ""mean_abs_shap"": 0.06926169409605205, ""normalized_importance"": 0.01939504029565032}, {""feature"": ""weather_code_current"", ""human_label"": ""Trạng thái thời tiết — hiện tại"", ""feature_group"": ""WEATHER_CURRENT"", ""mean_abs_shap"": 0.05928483783653028, ""normalized_importance"": 0.01660126616547978}, {""feature"": ""rain_max_daily_7d"", ""human_label"": ""Lượng mưa — 7 ngày gần đây"", ""feature_group"": ""WEATHER_7D"", ""mean_abs_shap"": 0.05642728082340097, ""normalized_importance"": 0.0158010773433597}, {""feature"": ""day_of_year_cos"", ""human_label"": ""Thời điểm trong năm"", ""feature_group"": ""SEASONAL_CALENDAR"", ""mean_abs_shap"": 0.045726307317025934, ""normalized_importance"": 0.012804531921426963}]",DEMOGRAPHIC,0.20951097262300555,0.07158311074781014,0.7189059166291845,0.025791086952192177,0.021405981345721133,0.16231390432509224,1.3322676295501878e-14
87,Bệnh bạch cầu - Leukaemia,"[{""feature"": ""age_group"", ""human_label"": ""Nhóm tuổi"", ""feature_group"": ""DEMOGRAPHIC"", ""mean_abs_shap"": 2.239181588568677, ""normalized_importance"": 0.5556708129247494}, {""feature"": ""day_of_year_sin"", ""human_label"": ""Thời điểm trong năm"", ""feature_group"": ""SEASONAL_CALENDAR"", ""mean_abs_shap"": 0.36702235024407925, ""normalized_importance"": 0.09107953046900669}, {""feature"": ""humidity_max_7d"", ""human_label"": ""Độ ẩm — 7 ngày gần đây"", ""feature_group"": ""WEATHER_7D"", ""mean_abs_shap"": 0.16351710955025142, ""normalized_importance"": 0.04057807801509026}, {""feature"": ""temperature_min_7d"", ""human_label"": ""Nhiệt độ — 7 ngày gần đây"", ""feature_group"": ""WEATHER_7D"", ""mean_abs_shap"": 0.15062801276060706, ""normalized_importance"": 0.03737954560149284}, {""feature"": ""day_of_year_cos"", ""human_label"": ""Thời điểm trong năm"", ""feature_group"": ""SEASONAL_CALENDAR"", ""mean_abs_shap"": 0.12368680586688549, ""normalized_importance"": 0.030693869722308125}, {""feature"": ""wind_speed_max_7d"", ""human_label"": ""Gió — 7 ngày gần đây"", ""feature_group"": ""WEATHER_7D"", ""mean_abs_shap"": 0.12309371389155863, ""normalized_importance"": 0.030546689207002223}, {""feature"": ""gender"", ""human_label"": ""Giới tính"", ""feature_group"": ""DEMOGRAPHIC"", ""mean_abs_shap"": 0.09895287361033347, ""normalized_importance"": 0.024555946690970012}, {""feature"": ""temperature_max_current"", ""human_label"": ""Nhiệt độ — hiện tại"", ""feature_group"": ""WEATHER_CURRENT"", ""mean_abs_shap"": 0.09168998283243485, ""normalized_importance"": 0.022753602279359193}, {""feature"": ""rain_max_daily_7d"", ""human_label"": ""Lượng mưa — 7 ngày gần đây"", ""feature_group"": ""WEATHER_7D"", ""mean_abs_shap"": 0.08617188838329495, ""normalized_importance"": 0.021384243025959333}, {""feature"": ""temperature_max_7d"", ""human_label"": ""Nhiệt độ — 7 ngày gần đây"", ""feature_group"": ""WEATHER_7D"", ""mean_abs_shap"": 0.07382522412626101, ""normalized_importance"": 0.018320319581947603}]",DEMOGRAPHIC,0.2869224560486798,0.13285078433560077,0.5802267596157195,0.04478222590129468,0.041631978979204794,0.2005082511681803,1.2434497875801753e-14
88,"U ác limphô khác, cơ quan tạo máu và tổ chức có liên quan - Other malignant neoplasms of lymphoid, haematopoietic and related tissue","[{""feature"": ""age_group"", ""human_label"": ""Nhóm tuổi"", ""feature_group"": ""DEMOGRAPHIC"", ""mean_abs_shap"": 0.9195460345735587, ""normalized_importance"": 0.5441073331277284}, {""feature"": ""wind_speed_max_7d"", ""human_label"": ""Gió — 7 ngày gần đây"", ""feature_group"": ""WEATHER_7D"", ""mean_abs_shap"": 0.21273977180311618, ""normalized_importance"": 0.12588088636549433}, {""feature"": ""day_of_year_cos"", ""human_label"": ""Thời điểm trong năm"", ""feature_group"": ""SEASONAL_CALENDAR"", ""mean_abs_shap"": 0.08291293888442738, ""normalized_importance"": 0.04906066293800028}, {""feature"": ""month"", ""human_label"": ""Yếu tố mùa vụ theo tháng"", ""feature_group"": ""SEASONAL_CALENDAR"", ""mean_abs_shap"": 0.07741712339950241, ""normalized_importance"": 0.04580871752751155}, {""feature"": ""day_of_year_sin"", ""human_label"": ""Thời điểm trong năm"", ""feature_group"": ""SEASONAL_CALENDAR"", ""mean_abs_shap"": 0.07533693696674615, ""normalized_importance"": 0.044577844194606156}, {""feature"": ""wind_gust_max_7d"", ""human_label"": ""Gió — 7 ngày gần đây"", ""feature_group"": ""WEATHER_7D"", ""mean_abs_shap"": 0.04935590935389434, ""normalized_importance"": 0.02920453267475116}, {""feature"": ""temperature_max_7d"", ""human_label"": ""Nhiệt độ — 7 ngày gần đây"", ""feature_group"": ""WEATHER_7D"", ""mean_abs_shap"": 0.04059222986990375, ""normalized_importance"": 0.02401894968799873}, {""feature"": ""humidity_min_7d"", ""human_label"": ""Độ ẩm — 7 ngày gần đây"", ""feature_group"": ""WEATHER_7D"", ""mean_abs_shap"": 0.0278495764660827, ""normalized_importance"": 0.016478956147882595}, {""feature"": ""temperature_max_3d"", ""human_label"": ""Nhiệt độ — 3 ngày gần đây"", ""feature_group"": ""WEATHER_3D"", ""mean_abs_shap"": 0.02699758761122202, ""normalized_importance"": 0.015974823275526972}, {""feature"": ""precipitation_sum_7d"", ""human_label"": ""Lượng mưa — 7 ngày gần đây"", ""feature_group"": ""WEATHER_7D"", ""mean_abs_shap"": 0.025739061202826746, ""normalized_importance"": 0.015230136852013288}]",DEMOGRAPHIC,0.3050442451066959,0.139447224660118,0.5555085302331859,0.013541426463052687,0.05520602308383592,0.23629679555980734,3.552713678800501e-15
90,U da lành - Benign neoplasm of skin,"[{""feature"": ""age_group"", ""human_label"": ""Nhóm tuổi"", ""feature_group"": ""DEMOGRAPHIC"", ""mean_abs_shap"": 1.1095212061692503, ""normalized_importance"": 0.5752814485469588}, {""feature"": ""day_of_year_cos"", ""human_label"": ""Thời điểm trong năm"", ""feature_group"": ""SEASONAL_CALENDAR"", ""mean_abs_shap"": 0.2775475764519669, ""normalized_importance"": 0.14390709337882546}, {""feature"": ""temperature_min_7d"", ""human_label"": ""Nhiệt độ — 7 ngày gần đây"", ""feature_group"": ""WEATHER_7D"", ""mean_abs_shap"": 0.12339308737306437, ""normalized_importance"": 0.06397872672460621}, {""feature"": ""wind_gust_max_7d"", ""human_label"": ""Gió — 7 ngày gần đây"", ""feature_group"": ""WEATHER_7D"", ""mean_abs_shap"": 0.08590622165411968, ""normalized_importance"": 0.04454196581154786}, {""feature"": ""wind_speed_max_7d"", ""human_label"": ""Gió — 7 ngày gần đây"", ""feature_group"": ""WEATHER_7D"", ""mean_abs_shap"": 0.06628924870724098, ""normalized_importance"": 0.03437065898997695}, {""feature"": ""wind_speed_mean_7d"", ""human_label"": ""Gió — 7 ngày gần đây"", ""feature_group"": ""WEATHER_7D"", ""mean_abs_shap"": 0.037323624419300844, ""normalized_importance"": 0.019352121078506618}, {""feature"": ""rain_max_daily_7d"", ""human_label"": ""Lượng mưa — 7 ngày gần đây"", ""feature_group"": ""WEATHER_7D"", ""mean_abs_shap"": 0.035073918143427335, ""normalized_importance"": 0.018185659114559015}, {""feature"": ""humidity_max_7d"", ""human_label"": ""Độ ẩm — 7 ngày gần đây"", ""feature_group"": ""WEATHER_7D"", ""mean_abs_shap"": 0.033722653757884594, ""normalized_importance"": 0.017485034981588307}, {""feature"": ""temperature_max_7d"", ""human_label"": ""Nhiệt độ — 7 ngày gần đây"", ""feature_group"": ""WEATHER_7D"", ""mean_abs_shap"": 0.03262001366130143, ""normalized_importance"": 0.01691332135551133}, {""feature"": ""wind_gust_max_3d"", ""human_label"": ""Gió — 3 ngày gần đây"", ""feature_group"": ""WEATHER_3D"", ""mean_abs_shap"": 0.022308280749635784, ""normalized_importance"": 0.01156673706900293}]",DEMOGRAPHIC,0.26926245118286657,0.1544167324754282,0.5763208163417052,0.005601474125538552,0.03020225236609817,0.23345872469122986,3.9968028886505635e-15
91,U vú lành - Benign neoplasm of breast,"[{""feature"": ""gender"", ""human_label"": ""Giới tính"", ""feature_group"": ""DEMOGRAPHIC"", ""mean_abs_shap"": 1.0725851228448031, ""normalized_importance"": 0.4237725825900411}, {""feature"": ""age_group"", ""human_label"": ""Nhóm tuổi"", ""feature_group"": ""DEMOGRAPHIC"", ""mean_abs_shap"": 0.8449796365605052, ""normalized_importance"": 0.3338468856173494}, {""feature"": ""day_of_year_sin"", ""human_label"": ""Thời điểm trong năm"", ""feature_group"": ""SEASONAL_CALENDAR"", ""mean_abs_shap"": 0.09468021139015935, ""normalized_importance"": 0.037407639586274966}, {""feature"": ""humidity_mean_7d"", ""human_label"": ""Độ ẩm — 7 ngày gần đây"", ""feature_group"": ""WEATHER_7D"", ""mean_abs_shap"": 0.08204349380709737, ""normalized_importance"": 0.03241494079568209}, {""feature"": ""month"", ""human_label"": ""Yếu tố mùa vụ theo tháng"", ""feature_group"": ""SEASONAL_CALENDAR"", ""mean_abs_shap"": 0.05675552649142094, ""normalized_importance"": 0.0224238016407832}, {""feature"": ""day_of_year_cos"", ""human_label"": ""Thời điểm trong năm"", ""feature_group"": ""SEASONAL_CALENDAR"", ""mean_abs_shap"": 0.05532922205754943, ""normalized_importance"": 0.021860276470959623}, {""feature"": ""wind_speed_max_7d"", ""human_label"": ""Gió — 7 ngày gần đây"", ""feature_group"": ""WEATHER_7D"", ""mean_abs_shap"": 0.04573615952523645, ""normalized_importance"": 0.018070109333936737}, {""feature"": ""wind_gust_max_7d"", ""human_label"": ""Gió — 7 ngày gần đây"", ""feature_group"": ""WEATHER_7D"", ""mean_abs_shap"": 0.03794354502506224, ""normalized_importance"": 0.01499128947942599}, {""feature"": ""humidity_max_7d"", ""human_label"": ""Độ ẩm — 7 ngày gần đây"", ""feature_group"": ""WEATHER_7D"", ""mean_abs_shap"": 0.034863370923487895, ""normalized_importance"": 0.013774329346332678}, {""feature"": ""humidity_min_7d"", ""human_label"": ""Độ ẩm — 7 ngày gần đây"", ""feature_group"": ""WEATHER_7D"", ""mean_abs_shap"": 0.031151718374450365, ""normalized_importance"": 0.012307875493037778}]",DEMOGRAPHIC,0.16068881409459188,0.08169171769801778,0.7576194682073905,0.004752663967030398,0.022482012768326756,0.13345413735923473,6.217248937900877e-15
92,U cơ trơn tử cung - Leiomyoma of uterus,"[{""feature"": ""wind_speed_max_7d"", ""human_label"": ""Gió — 7 ngày gần đây"", ""feature_group"": ""WEATHER_7D"", ""mean_abs_shap"": 0.16117589271051697, ""normalized_importance"": 0.15987290128598372}, {""feature"": ""month"", ""human_label"": ""Yếu tố mùa vụ theo tháng"", ""feature_group"": ""SEASONAL_CALENDAR"", ""mean_abs_shap"": 0.13270846852817506, ""normalized_importance"": 0.13163561579848226}, {""feature"": ""wind_gust_max_7d"", ""human_label"": ""Gió — 7 ngày gần đây"", ""feature_group"": ""WEATHER_7D"", ""mean_abs_shap"": 0.10376786619400337, ""normalized_importance"": 0.1029289774649318}, {""feature"": ""age_group"", ""human_label"": ""Nhóm tuổi"", ""feature_group"": ""DEMOGRAPHIC"", ""mean_abs_shap"": 0.1022297419590882, ""normalized_importance"": 0.10140328786061961}, {""feature"": ""day_of_year_cos"", ""human_label"": ""Thời điểm trong năm"", ""feature_group"": ""SEASONAL_CALENDAR"", ""mean_abs_shap"": 0.10126755387543658, ""normalized_importance"": 0.10044887837710914}, {""feature"": ""gender"", ""human_label"": ""Giới tính"", ""feature_group"": ""DEMOGRAPHIC"", ""mean_abs_shap"": 0.08262776088187784, ""normalized_importance"": 0.08195977473303832}, {""feature"": ""humidity_max_7d"", ""human_label"": ""Độ ẩm — 7 ngày gần đây"", ""feature_group"": ""WEATHER_7D"", ""mean_abs_shap"": 0.04944918188015909, ""normalized_importance"": 0.04904942073190998}, {""feature"": ""temperature_mean_current"", ""human_label"": ""Nhiệt độ — hiện tại"", ""feature_group"": ""WEATHER_CURRENT"", ""mean_abs_shap"": 0.04888937522139231, ""normalized_importance"": 0.048494139708233554}, {""feature"": ""day_of_year_sin"", ""human_label"": ""Thời điểm trong năm"", ""feature_group"": ""SEASONAL_CALENDAR"", ""mean_abs_shap"": 0.04790025244975566, ""normalized_importance"": 0.047513013284360694}, {""feature"": ""humidity_max_current"", ""human_label"": ""Độ ẩm — hiện tại"", ""feature_group"": ""WEATHER_CURRENT"", ""mean_abs_shap"": 0.03239892474709934, ""normalized_importance"": 0.03213700269163792}]",WEATHER_7D,0.53703942994639,0.2795975074599521,0.18336306259365792,0.1148509555575247,0.06029352844749608,0.36189494594136923,1.5987211554602254e-14
93,U buồng trứng lành - Benign neoplasm of ovary,"[{""feature"": ""gender"", ""human_label"": ""Giới tính"", ""feature_group"": ""DEMOGRAPHIC"", ""mean_abs_shap"": 2.473001571861861, ""normalized_importance"": 0.5891749370054647}, {""feature"": ""age_group"", ""human_label"": ""Nhóm tuổi"", ""feature_group"": ""DEMOGRAPHIC"", ""mean_abs_shap"": 0.8629594791085219, ""normalized_importance"": 0.2055939238078384}, {""feature"": ""wind_speed_max_7d"", ""human_label"": ""Gió — 7 ngày gần đây"", ""feature_group"": ""WEATHER_7D"", ""mean_abs_shap"": 0.08545413998881136, ""normalized_importance"": 0.020358837664166456}, {""feature"": ""temperature_min_7d"", ""human_label"": ""Nhiệt độ — 7 ngày gần đây"", ""feature_group"": ""WEATHER_7D"", ""mean_abs_shap"": 0.07747270316667124, ""normalized_importance"": 0.018457317426410543}, {""feature"": ""temperature_max_7d"", ""human_label"": ""Nhiệt độ — 7 ngày gần đây"", ""feature_group"": ""WEATHER_7D"", ""mean_abs_shap"": 0.06833221094362843, ""normalized_importance"": 0.01627966052922722}, {""feature"": ""month"", ""human_label"": ""Yếu tố mùa vụ theo tháng"", ""feature_group"": ""SEASONAL_CALENDAR"", ""mean_abs_shap"": 0.06471607099773014, ""normalized_importance"": 0.015418141050602891}, {""feature"": ""wind_speed_mean_7d"", ""human_label"": ""Gió — 7 ngày gần đây"", ""feature_group"": ""WEATHER_7D"", ""mean_abs_shap"": 0.05887876293150676, ""normalized_importance"": 0.014027444153629484}, {""feature"": ""humidity_max_7d"", ""human_label"": ""Độ ẩm — 7 ngày gần đây"", ""feature_group"": ""WEATHER_7D"", ""mean_abs_shap"": 0.0586215659983861, ""normalized_importance"": 0.013966168823846626}, {""feature"": ""wind_speed_max_3d"", ""human_label"": ""Gió — 3 ngày gần đây"", ""feature_group"": ""WEATHER_3D"", ""mean_abs_shap"": 0.050305576836385264, ""normalized_importance"": 0.011984943883916157}, {""feature"": ""day_of_year_cos"", ""human_label"": ""Thời điểm trong năm"", ""feature_group"": ""SEASONAL_CALENDAR"", ""mean_abs_shap"": 0.04494976192518538, ""normalized_importance"": 0.010708959287374467}]",DEMOGRAPHIC,0.17496377125062657,0.03026736793607033,0.7947688608133031,0.008911559582782103,0.03837316315491782,0.12767904851292664,1.1546319456101628e-14
94,U lành cơ quan tiết niệu - Benign neoplasm of urinary organs,"[{""feature"": ""age_group"", ""human_label"": ""Nhóm tuổi"", ""feature_group"": ""DEMOGRAPHIC"", ""mean_abs_shap"": 0.0395931567509998, ""normalized_importance"": 0.43723581806765666}, {""feature"": ""day_of_year_cos"", ""human_label"": ""Thời điểm trong năm"", ""feature_group"": ""SEASONAL_CALENDAR"", ""mean_abs_shap"": 0.03734272235813472, ""normalized_importance"": 0.41238378293036976}, {""feature"": ""wind_gust_max_7d"", ""human_label"": ""Gió — 7 ngày gần đây"", ""feature_group"": ""WEATHER_7D"", ""mean_abs_shap"": 0.010967850901557444, ""normalized_importance"": 0.12112035651881833}, {""feature"": ""wind_speed_mean_7d"", ""human_label"": ""Gió — 7 ngày gần đây"", ""feature_group"": ""WEATHER_7D"", ""mean_abs_shap"": 0.0026495941107853665, ""normalized_importance"": 0.029260042483155394}, {""feature"": ""gender"", ""human_label"": ""Giới tính"", ""feature_group"": ""DEMOGRAPHIC"", ""mean_abs_shap"": 0.0, ""normalized_importance"": 0.0}, {""feature"": ""month"", ""human_label"": ""Yếu tố mùa vụ theo tháng"", ""feature_group"": ""SEASONAL_CALENDAR"", ""mean_abs_shap"": 0.0, ""normalized_importance"": 0.0}, {""feature"": ""season"", ""human_label"": ""Mùa mưa / mùa khô"", ""feature_group"": ""SEASONAL_CALENDAR"", ""mean_abs_shap"": 0.0, ""normalized_importance"": 0.0}, {""feature"": ""day_of_year_sin"", ""human_label"": ""Thời điểm trong năm"", ""feature_group"": ""SEASONAL_CALENDAR"", ""mean_abs_shap"": 0.0, ""normalized_importance"": 0.0}, {""feature"": ""weather_code_current"", ""human_label"": ""Trạng thái thời tiết — hiện tại"", ""feature_group"": ""WEATHER_CURRENT"", ""mean_abs_shap"": 0.0, ""normalized_importance"": 0.0}, {""feature"": ""temperature_mean_current"", ""human_label"": ""Nhiệt độ — hiện tại"", ""feature_group"": ""WEATHER_CURRENT"", ""mean_abs_shap"": 0.0, ""normalized_importance"": 0.0}]",DEMOGRAPHIC,0.15038039900197372,0.41238378293036976,0.43723581806765666,0.0,0.0,0.15038039900197372,1.7763568394002505e-15
95,U lành não và các phần khác của hệ thần kinh trung ương - Benign neoplasm of brain and other parts of central nervous system,"[{""feature"": ""age_group"", ""human_label"": ""Nhóm tuổi"", ""feature_group"": ""DEMOGRAPHIC"", ""mean_abs_shap"": 1.1661441114949687, ""normalized_importance"": 0.632138603912882}, {""feature"": ""humidity_max_7d"", ""human_label"": ""Độ ẩm — 7 ngày gần đây"", ""feature_group"": ""WEATHER_7D"", ""mean_abs_shap"": 0.10472183745133194, ""normalized_importance"": 0.056767182952038045}, {""feature"": ""temperature_min_7d"", ""human_label"": ""Nhiệt độ — 7 ngày gần đây"", ""feature_group"": ""WEATHER_7D"", ""mean_abs_shap"": 0.08119252290563786, ""normalized_importance"": 0.044012508893036636}, {""feature"": ""day_of_year_cos"", ""human_label"": ""Thời điểm trong năm"", ""feature_group"": ""SEASONAL_CALENDAR"", ""mean_abs_shap"": 0.07900270319278459, ""normalized_importance"": 0.042825460429249965}, {""feature"": ""wind_speed_max_7d"", ""human_label"": ""Gió — 7 ngày gần đây"", ""feature_group"": ""WEATHER_7D"", ""mean_abs_shap"": 0.06391694641459295, ""normalized_importance"": 0.03464783543870736}, {""feature"": ""humidity_min_7d"", ""human_label"": ""Độ ẩm — 7 ngày gần đây"", ""feature_group"": ""WEATHER_7D"", ""mean_abs_shap"": 0.044424248362961924, ""normalized_importance"": 0.02408131384725776}, {""feature"": ""day_of_year_sin"", ""human_label"": ""Thời điểm trong năm"", ""feature_group"": ""SEASONAL_CALENDAR"", ""mean_abs_shap"": 0.036829585899722316, ""normalized_importance"": 0.01996443045404897}, {""feature"": ""month"", ""human_label"": ""Yếu tố mùa vụ theo tháng"", ""feature_group"": ""SEASONAL_CALENDAR"", ""mean_abs_shap"": 0.0364535635614811, ""normalized_importance"": 0.01976059781141689}, {""feature"": ""humidity_mean_7d"", ""human_label"": ""Độ ẩm — 7 ngày gần đây"", ""feature_group"": ""WEATHER_7D"", ""mean_abs_shap"": 0.03480844563793064, ""normalized_importance"": 0.01886881905335922}, {""feature"": ""wind_speed_mean_7d"", ""human_label"": ""Gió — 7 ngày gần đây"", ""feature_group"": ""WEATHER_7D"", ""mean_abs_shap"": 0.028494702940322074, ""normalized_importance"": 0.015446291378615092}]",DEMOGRAPHIC,0.2808407661160386,0.08255048869471582,0.6366087451892456,0.018530759816524172,0.02765482920523565,0.23465517709427877,3.552713678800501e-15
96,"U khác insitu, lành tính và các u tiến triển không chắc chắn hoặc chưa rõ - Other insitus and benign neoplasms and neoplasms of uncertain or unknown behaviour","[{""feature"": ""age_group"", ""human_label"": ""Nhóm tuổi"", ""feature_group"": ""DEMOGRAPHIC"", ""mean_abs_shap"": 1.9853092102859216, ""normalized_importance"": 0.5093473600918276}, {""feature"": ""temperature_min_7d"", ""human_label"": ""Nhiệt độ — 7 ngày gần đây"", ""feature_group"": ""WEATHER_7D"", ""mean_abs_shap"": 0.2549161526447502, ""normalized_importance"": 0.06540082961468222}, {""feature"": ""month"", ""human_label"": ""Yếu tố mùa vụ theo tháng"", ""feature_group"": ""SEASONAL_CALENDAR"", ""mean_abs_shap"": 0.25262659165864126, ""normalized_importance"": 0.06481342396623117}, {""feature"": ""humidity_max_7d"", ""human_label"": ""Độ ẩm — 7 ngày gần đây"", ""feature_group"": ""WEATHER_7D"", ""mean_abs_shap"": 0.19951058288312976, ""normalized_importance"": 0.051186076292502915}, {""feature"": ""wind_speed_max_7d"", ""human_label"": ""Gió — 7 ngày gần đây"", ""feature_group"": ""WEATHER_7D"", ""mean_abs_shap"": 0.17729665847432408, ""normalized_importance"": 0.04548691180150906}, {""feature"": ""weather_code_current"", ""human_label"": ""Trạng thái thời tiết — hiện tại"", ""feature_group"": ""WEATHER_CURRENT"", ""mean_abs_shap"": 0.1253962096938108, ""normalized_importance"": 0.03217142601371665}, {""feature"": ""wind_gust_max_7d"", ""human_label"": ""Gió — 7 ngày gần đây"", ""feature_group"": ""WEATHER_7D"", ""mean_abs_shap"": 0.10046326967817244, ""normalized_importance"": 0.02577467576922234}, {""feature"": ""day_of_year_sin"", ""human_label"": ""Thời điểm trong năm"", ""feature_group"": ""SEASONAL_CALENDAR"", ""mean_abs_shap"": 0.09362508917385133, ""normalized_importance"": 0.024020284478605325}, {""feature"": ""temperature_max_7d"", ""human_label"": ""Nhiệt độ — 7 ngày gần đây"", ""feature_group"": ""WEATHER_7D"", ""mean_abs_shap"": 0.08637128523105504, ""normalized_importance"": 0.022159261586178973}, {""feature"": ""temperature_max_current"", ""human_label"": ""Nhiệt độ — hiện tại"", ""feature_group"": ""WEATHER_CURRENT"", ""mean_abs_shap"": 0.0861649501314052, ""normalized_importance"": 0.0221063246241398}]",DEMOGRAPHIC,0.37885193110469617,0.1066947657117547,0.5144533031835494,0.06635798282907039,0.04643861618738974,0.266055332088236,1.1546319456101628e-14
97,Thiếu máu do thiếu sắt - Iron deficiency anaemia,"[{""feature"": ""age_group"", ""human_label"": ""Nhóm tuổi"", ""feature_group"": ""DEMOGRAPHIC"", ""mean_abs_shap"": 1.2487677045129977, ""normalized_importance"": 0.6575893605388523}, {""feature"": ""temperature_min_7d"", ""human_label"": ""Nhiệt độ — 7 ngày gần đây"", ""feature_group"": ""WEATHER_7D"", ""mean_abs_shap"": 0.09643549692779717, ""normalized_importance"": 0.05078202817771266}, {""feature"": ""humidity_min_7d"", ""human_label"": ""Độ ẩm — 7 ngày gần đây"", ""feature_group"": ""WEATHER_7D"", ""mean_abs_shap"": 0.06894891008556757, ""normalized_importance"": 0.03630784935353626}, {""feature"": ""day_of_year_cos"", ""human_label"": ""Thời điểm trong năm"", ""feature_group"": ""SEASONAL_CALENDAR"", ""mean_abs_shap"": 0.0633708924728702, ""normalized_importance"": 0.03337051759699584}, {""feature"": ""wind_speed_max_7d"", ""human_label"": ""Gió — 7 ngày gần đây"", ""feature_group"": ""WEATHER_7D"", ""mean_abs_shap"": 0.05114886181161745, ""normalized_importance"": 0.026934510885760626}, {""feature"": ""wind_gust_max_7d"", ""human_label"": ""Gió — 7 ngày gần đây"", ""feature_group"": ""WEATHER_7D"", ""mean_abs_shap"": 0.047962965855693235, ""normalized_importance"": 0.025256847957076424}, {""feature"": ""precipitation_sum_7d"", ""human_label"": ""Lượng mưa — 7 ngày gần đây"", ""feature_group"": ""WEATHER_7D"", ""mean_abs_shap"": 0.0445383669277749, ""normalized_importance"": 0.023453486282224257}, {""feature"": ""humidity_max_7d"", ""human_label"": ""Độ ẩm — 7 ngày gần đây"", ""feature_group"": ""WEATHER_7D"", ""mean_abs_shap"": 0.03794863450770984, ""normalized_importance"": 0.01998339499737423}, {""feature"": ""gender"", ""human_label"": ""Giới tính"", ""feature_group"": ""DEMOGRAPHIC"", ""mean_abs_shap"": 0.03303695870105379, ""normalized_importance"": 0.017396952586027033}, {""feature"": ""temperature_max_7d"", ""human_label"": ""Nhiệt độ — 7 ngày gần đây"", ""feature_group"": ""WEATHER_7D"", ""mean_abs_shap"": 0.0308307773957213, ""normalized_importance"": 0.016235198203235605}]",DEMOGRAPHIC,0.26934953393807515,0.0556641529370455,0.6749863131248793,0.017115373525314302,0.029271364904569715,0.22296279550819112,4.9960036108132044e-15
98,Thiếu máu khác - Other anaemias,"[{""feature"": ""age_group"", ""human_label"": ""Nhóm tuổi"", ""feature_group"": ""DEMOGRAPHIC"", ""mean_abs_shap"": 1.3892299540272481, ""normalized_importance"": 0.5562210039512727}, {""feature"": ""day_of_year_sin"", ""human_label"": ""Thời điểm trong năm"", ""feature_group"": ""SEASONAL_CALENDAR"", ""mean_abs_shap"": 0.20156477489778174, ""normalized_importance"": 0.08070266634393161}, {""feature"": ""temperature_min_7d"", ""human_label"": ""Nhiệt độ — 7 ngày gần đây"", ""feature_group"": ""WEATHER_7D"", ""mean_abs_shap"": 0.14898685144440432, ""normalized_importance"": 0.05965147515406964}, {""feature"": ""humidity_max_7d"", ""human_label"": ""Độ ẩm — 7 ngày gần đây"", ""feature_group"": ""WEATHER_7D"", ""mean_abs_shap"": 0.11278473812658994, ""normalized_importance"": 0.04515684396906029}, {""feature"": ""wind_speed_max_7d"", ""human_label"": ""Gió — 7 ngày gần đây"", ""feature_group"": ""WEATHER_7D"", ""mean_abs_shap"": 0.08596541301678354, ""normalized_importance"": 0.03441890105714154}, {""feature"": ""temperature_max_7d"", ""human_label"": ""Nhiệt độ — 7 ngày gần đây"", ""feature_group"": ""WEATHER_7D"", ""mean_abs_shap"": 0.07943524204434373, ""normalized_importance"": 0.03180434596226005}, {""feature"": ""weather_code_current"", ""human_label"": ""Trạng thái thời tiết — hiện tại"", ""feature_group"": ""WEATHER_CURRENT"", ""mean_abs_shap"": 0.07881105938203863, ""normalized_importance"": 0.03155443520697445}, {""feature"": ""wind_speed_mean_3d"", ""human_label"": ""Gió — 3 ngày gần đây"", ""feature_group"": ""WEATHER_3D"", ""mean_abs_shap"": 0.06029173774843986, ""normalized_importance"": 0.02413965434821477}, {""feature"": ""wind_gust_max_7d"", ""human_label"": ""Gió — 7 ngày gần đây"", ""feature_group"": ""WEATHER_7D"", ""mean_abs_shap"": 0.05444463252424011, ""normalized_importance"": 0.021798585665823458}, {""feature"": ""month"", ""human_label"": ""Yếu tố mùa vụ theo tháng"", ""feature_group"": ""SEASONAL_CALENDAR"", ""mean_abs_shap"": 0.051675444058748916, ""normalized_importance"": 0.020689855765535413}]",DEMOGRAPHIC,0.330109134747865,0.11327783808169853,0.5566130271704364,0.0444843000054121,0.04728494759587954,0.23833988714657336,8.43769498715119e-15
99,"Tổn thương chảy máu, bệnh khác của máu và cơ quan tạo máu - Haemorrhagic conditions and other diseases of blood, blood","[{""feature"": ""age_group"", ""human_label"": ""Nhóm tuổi"", ""feature_group"": ""DEMOGRAPHIC"", ""mean_abs_shap"": 1.8045588544333446, ""normalized_importance"": 0.5486477289645262}, {""feature"": ""temperature_min_7d"", ""human_label"": ""Nhiệt độ — 7 ngày gần đây"", ""feature_group"": ""WEATHER_7D"", ""mean_abs_shap"": 0.21841788613650576, ""normalized_importance"": 0.0664065219594381}, {""feature"": ""gender"", ""human_label"": ""Giới tính"", ""feature_group"": ""DEMOGRAPHIC"", ""mean_abs_shap"": 0.21067768741805598, ""normalized_importance"": 0.0640532363139305}, {""feature"": ""day_of_year_sin"", ""human_label"": ""Thời điểm trong năm"", ""feature_group"": ""SEASONAL_CALENDAR"", ""mean_abs_shap"": 0.16181211804276166, ""normalized_importance"": 0.04919642873658363}, {""feature"": ""humidity_max_7d"", ""human_label"": ""Độ ẩm — 7 ngày gần đây"", ""feature_group"": ""WEATHER_7D"", ""mean_abs_shap"": 0.14375089054140427, ""normalized_importance"": 0.043705196668099494}, {""feature"": ""wind_speed_max_7d"", ""human_label"": ""Gió — 7 ngày gần đây"", ""feature_group"": ""WEATHER_7D"", ""mean_abs_shap"": 0.09966893734706964, ""normalized_importance"": 0.03030277233099645}, {""feature"": ""weather_code_current"", ""human_label"": ""Trạng thái thời tiết — hiện tại"", ""feature_group"": ""WEATHER_CURRENT"", ""mean_abs_shap"": 0.0977478850410009, ""normalized_importance"": 0.029718706600827934}, {""feature"": ""temperature_max_7d"", ""human_label"": ""Nhiệt độ — 7 ngày gần đây"", ""feature_group"": ""WEATHER_7D"", ""mean_abs_shap"": 0.07935075089565206, ""normalized_importance"": 0.024125347401983244}, {""feature"": ""rain_max_daily_7d"", ""human_label"": ""Lượng mưa — 7 ngày gần đây"", ""feature_group"": ""WEATHER_7D"", ""mean_abs_shap"": 0.0633467102583789, ""normalized_importance"": 0.019259570634257303}, {""feature"": ""month"", ""human_label"": ""Yếu tố mùa vụ theo tháng"", ""feature_group"": ""SEASONAL_CALENDAR"", ""mean_abs_shap"": 0.06314496472987723, ""normalized_importance"": 0.019198233080334214}]",DEMOGRAPHIC,0.30161732206516423,0.08568171265637915,0.6127009652784567,0.0502273385110699,0.03482816749524223,0.21656181605885214,1.0658141036401503e-14
100,Một số rối loạn hệ miễn dịch - Certain disorders involving the immune mechanism,"[{""feature"": ""age_group"", ""human_label"": ""Nhóm tuổi"", ""feature_group"": ""DEMOGRAPHIC"", ""mean_abs_shap"": 1.2647013755668202, ""normalized_importance"": 0.5576088400262855}, {""feature"": ""gender"", ""human_label"": ""Giới tính"", ""feature_group"": ""DEMOGRAPHIC"", ""mean_abs_shap"": 0.540590440431786, ""normalized_importance"": 0.23834718158930362}, {""feature"": ""day_of_year_sin"", ""human_label"": ""Thời điểm trong năm"", ""feature_group"": ""SEASONAL_CALENDAR"", ""mean_abs_shap"": 0.062281414072450025, ""normalized_importance"": 0.027459974130707946}, {""feature"": ""temperature_min_7d"", ""human_label"": ""Nhiệt độ — 7 ngày gần đây"", ""feature_group"": ""WEATHER_7D"", ""mean_abs_shap"": 0.04948825192866051, ""normalized_importance"": 0.021819448674594247}, {""feature"": ""temperature_max_7d"", ""human_label"": ""Nhiệt độ — 7 ngày gần đây"", ""feature_group"": ""WEATHER_7D"", ""mean_abs_shap"": 0.04913848038722168, ""normalized_importance"": 0.02166523384786608}, {""feature"": ""temperature_mean_7d"", ""human_label"": ""Nhiệt độ — 7 ngày gần đây"", ""feature_group"": ""WEATHER_7D"", ""mean_abs_shap"": 0.03690863582365557, ""normalized_importance"": 0.016273076005280124}, {""feature"": ""humidity_min_7d"", ""human_label"": ""Độ ẩm — 7 ngày gần đây"", ""feature_group"": ""WEATHER_7D"", ""mean_abs_shap"": 0.0358468513260718, ""normalized_importance"": 0.015804933538217318}, {""feature"": ""humidity_max_7d"", ""human_label"": ""Độ ẩm — 7 ngày gần đây"", ""feature_group"": ""WEATHER_7D"", ""mean_abs_shap"": 0.03399247089968845, ""normalized_importance"": 0.014987334270516961}, {""feature"": ""temperature_mean_3d"", ""human_label"": ""Nhiệt độ — 3 ngày gần đây"", ""feature_group"": ""WEATHER_3D"", ""mean_abs_shap"": 0.03396127572873002, ""normalized_importance"": 0.014973580270222024}, {""feature"": ""day_of_year_cos"", ""human_label"": ""Thời điểm trong năm"", ""feature_group"": ""SEASONAL_CALENDAR"", ""mean_abs_shap"": 0.026513304956507666, ""normalized_importance"": 0.011689758157680042}]",DEMOGRAPHIC,0.16382875075862371,0.040215227625787095,0.7959560216155892,0.011622047916355195,0.029129321070463666,0.12307738177180486,7.66053886991358e-15
101,Tổn thương tuyến giáp liên quan đến thiếu iod - Iodine deficiency- related thyroid disorders,"[{""feature"": ""gender"", ""human_label"": ""Giới tính"", ""feature_group"": ""DEMOGRAPHIC"", ""mean_abs_shap"": 0.4600673146403122, ""normalized_importance"": 0.15622913540852582}, {""feature"": ""day_of_year_cos"", ""human_label"": ""Thời điểm trong năm"", ""feature_group"": ""SEASONAL_CALENDAR"", ""mean_abs_shap"": 0.4389489208008563, ""normalized_importance"": 0.14905777524934044}, {""feature"": ""day_of_year_sin"", ""human_label"": ""Thời điểm trong năm"", ""feature_group"": ""SEASONAL_CALENDAR"", ""mean_abs_shap"": 0.4119692893093429, ""normalized_importance"": 0.1398960626750509}, {""feature"": ""humidity_mean_7d"", ""human_label"": ""Độ ẩm — 7 ngày gần đây"", ""feature_group"": ""WEATHER_7D"", ""mean_abs_shap"": 0.30065374013167245, ""normalized_importance"": 0.10209565509958765}, {""feature"": ""age_group"", ""human_label"": ""Nhóm tuổi"", ""feature_group"": ""DEMOGRAPHIC"", ""mean_abs_shap"": 0.2584626777238636, ""normalized_importance"": 0.0877684621167685}, {""feature"": ""humidity_mean_3d"", ""human_label"": ""Độ ẩm — 3 ngày gần đây"", ""feature_group"": ""WEATHER_3D"", ""mean_abs_shap"": 0.10968940097951539, ""normalized_importance"": 0.03724820201997292}, {""feature"": ""temperature_mean_7d"", ""human_label"": ""Nhiệt độ — 7 ngày gần đây"", ""feature_group"": ""WEATHER_7D"", ""mean_abs_shap"": 0.09938963682306835, ""normalized_importance"": 0.03375061982304706}, {""feature"": ""temperature_min_3d"", ""human_label"": ""Nhiệt độ — 3 ngày gần đây"", ""feature_group"": ""WEATHER_3D"", ""mean_abs_shap"": 0.0922139434772051, ""normalized_importance"": 0.03131390603854928}, {""feature"": ""wind_speed_max_7d"", ""human_label"": ""Gió — 7 ngày gần đây"", ""feature_group"": ""WEATHER_7D"", ""mean_abs_shap"": 0.08402223423549139, ""normalized_importance"": 0.02853217473179144}, {""feature"": ""month"", ""human_label"": ""Yếu tố mùa vụ theo tháng"", ""feature_group"": ""SEASONAL_CALENDAR"", ""mean_abs_shap"": 0.04955465436920286, ""normalized_importance"": 0.01682771316545626}]",SEASONAL_CALENDAR,0.450220851384858,0.3057815510898476,0.24399759752529432,0.07317319033526426,0.1447503917038639,0.23229726934572986,2.220446049250313e-14
102,Nhiễm độc do tuyến giáp (cường giáp) - Thyrotoxicosis,"[{""feature"": ""age_group"", ""human_label"": ""Nhóm tuổi"", ""feature_group"": ""DEMOGRAPHIC"", ""mean_abs_shap"": 0.9827724587767473, ""normalized_importance"": 0.49234757975231497}, {""feature"": ""gender"", ""human_label"": ""Giới tính"", ""feature_group"": ""DEMOGRAPHIC"", ""mean_abs_shap"": 0.35401760054940656, ""normalized_importance"": 0.17735510113620015}, {""feature"": ""temperature_min_7d"", ""human_label"": ""Nhiệt độ — 7 ngày gần đây"", ""feature_group"": ""WEATHER_7D"", ""mean_abs_shap"": 0.1105188988153846, ""normalized_importance"": 0.05536755925819707}, {""feature"": ""day_of_year_cos"", ""human_label"": ""Thời điểm trong năm"", ""feature_group"": ""SEASONAL_CALENDAR"", ""mean_abs_shap"": 0.07114045415725795, ""normalized_importance"": 0.03563981684061737}, {""feature"": ""wind_speed_max_7d"", ""human_label"": ""Gió — 7 ngày gần đây"", ""feature_group"": ""WEATHER_7D"", ""mean_abs_shap"": 0.07009845506206051, ""normalized_importance"": 0.03511779800701766}, {""feature"": ""wind_speed_mean_7d"", ""human_label"": ""Gió — 7 ngày gần đây"", ""feature_group"": ""WEATHER_7D"", ""mean_abs_shap"": 0.06488168519535067, ""normalized_importance"": 0.032504310016932596}, {""feature"": ""humidity_mean_7d"", ""human_label"": ""Độ ẩm — 7 ngày gần đây"", ""feature_group"": ""WEATHER_7D"", ""mean_abs_shap"": 0.0587106621486147, ""normalized_importance"": 0.029412761984097046}, {""feature"": ""day_of_year_sin"", ""human_label"": ""Thời điểm trong năm"", ""feature_group"": ""SEASONAL_CALENDAR"", ""mean_abs_shap"": 0.05096740285913624, ""normalized_importance"": 0.02553355786464645}, {""feature"": ""temperature_min_3d"", ""human_label"": ""Nhiệt độ — 3 ngày gần đây"", ""feature_group"": ""WEATHER_3D"", ""mean_abs_shap"": 0.04589342071168924, ""normalized_importance"": 0.022991603409480463}, {""feature"": ""rain_max_daily_7d"", ""human_label"": ""Lượng mưa — 7 ngày gần đây"", ""feature_group"": ""WEATHER_7D"", ""mean_abs_shap"": 0.034919028673727225, ""normalized_importance"": 0.017493672214024463}]",DEMOGRAPHIC,0.2590887485434555,0.07120857056802941,0.6697026808885151,0.007751926251775297,0.043074945677938216,0.20826187661374196,5.329070518200751e-15
103,Tổn thương khác của tuyến giáp - Other disorders of thyroid.,"[{""feature"": ""age_group"", ""human_label"": ""Nhóm tuổi"", ""feature_group"": ""DEMOGRAPHIC"", ""mean_abs_shap"": 0.26173895945966236, ""normalized_importance"": 0.4154820504715371}, {""feature"": ""gender"", ""human_label"": ""Giới tính"", ""feature_group"": ""DEMOGRAPHIC"", ""mean_abs_shap"": 0.14660680106048518, ""normalized_importance"": 0.23272230639042704}, {""feature"": ""day_of_year_cos"", ""human_label"": ""Thời điểm trong năm"", ""feature_group"": ""SEASONAL_CALENDAR"", ""mean_abs_shap"": 0.031012552289903895, ""normalized_importance"": 0.049229044244560836}, {""feature"": ""humidity_max_7d"", ""human_label"": ""Độ ẩm — 7 ngày gần đây"", ""feature_group"": ""WEATHER_7D"", ""mean_abs_shap"": 0.03053870689884861, ""normalized_importance"": 0.04847686636821959}, {""feature"": ""temperature_mean_7d"", ""human_label"": ""Nhiệt độ — 7 ngày gần đây"", ""feature_group"": ""WEATHER_7D"", ""mean_abs_shap"": 0.02581607187517448, ""normalized_importance"": 0.040980198362373016}, {""feature"": ""temperature_max_7d"", ""human_label"": ""Nhiệt độ — 7 ngày gần đây"", ""feature_group"": ""WEATHER_7D"", ""mean_abs_shap"": 0.016487973741112848, ""normalized_importance"": 0.026172859983170284}, {""feature"": ""month"", ""human_label"": ""Yếu tố mùa vụ theo tháng"", ""feature_group"": ""SEASONAL_CALENDAR"", ""mean_abs_shap"": 0.016405556473557518, ""normalized_importance"": 0.02604203156011534}, {""feature"": ""wind_speed_mean_7d"", ""human_label"": ""Gió — 7 ngày gần đây"", ""feature_group"": ""WEATHER_7D"", ""mean_abs_shap"": 0.01584819533607725, ""normalized_importance"": 0.02515728154532383}, {""feature"": ""day_of_year_sin"", ""human_label"": ""Thời điểm trong năm"", ""feature_group"": ""SEASONAL_CALENDAR"", ""mean_abs_shap"": 0.015520686487472216, ""normalized_importance"": 0.024637396969306165}, {""feature"": ""humidity_mean_3d"", ""human_label"": ""Độ ẩm — 3 ngày gần đây"", ""feature_group"": ""WEATHER_3D"", ""mean_abs_shap"": 0.012073781561999791, ""normalized_importance"": 0.019165811351436256}]",DEMOGRAPHIC,0.2518871703640535,0.09990847277398235,0.6482043568619641,0.009172108621058423,0.06349378776059462,0.17922127398240043,1.3322676295501878e-15
104,Đái tháo đường - Diabetes mellitus.,"[{""feature"": ""age_group"", ""human_label"": ""Nhóm tuổi"", ""feature_group"": ""DEMOGRAPHIC"", ""mean_abs_shap"": 1.0470254226451543, ""normalized_importance"": 0.6899254164444476}, {""feature"": ""day_of_year_cos"", ""human_label"": ""Thời điểm trong năm"", ""feature_group"": ""SEASONAL_CALENDAR"", ""mean_abs_shap"": 0.10618704331940254, ""normalized_importance"": 0.06997073662075941}, {""feature"": ""humidity_max_7d"", ""human_label"": ""Độ ẩm — 7 ngày gần đây"", ""feature_group"": ""WEATHER_7D"", ""mean_abs_shap"": 0.07183555551140669, ""normalized_importance"": 0.04733521696781397}, {""feature"": ""temperature_min_7d"", ""human_label"": ""Nhiệt độ — 7 ngày gần đây"", ""feature_group"": ""WEATHER_7D"", ""mean_abs_shap"": 0.050901666016358205, ""normalized_importance"": 0.033541070125432886}, {""feature"": ""month"", ""human_label"": ""Yếu tố mùa vụ theo tháng"", ""feature_group"": ""SEASONAL_CALENDAR"", ""mean_abs_shap"": 0.04022896695052695, ""normalized_importance"": 0.026508417251563356}, {""feature"": ""temperature_max_7d"", ""human_label"": ""Nhiệt độ — 7 ngày gần đây"", ""feature_group"": ""WEATHER_7D"", ""mean_abs_shap"": 0.029035873169043186, ""normalized_importance"": 0.019132856237025198}, {""feature"": ""wind_speed_max_7d"", ""human_label"": ""Gió — 7 ngày gần đây"", ""feature_group"": ""WEATHER_7D"", ""mean_abs_shap"": 0.023061325930789273, ""normalized_importance"": 0.015195996727916283}, {""feature"": ""gender"", ""human_label"": ""Giới tính"", ""feature_group"": ""DEMOGRAPHIC"", ""mean_abs_shap"": 0.02128119586928799, ""normalized_importance"": 0.014023000401901776}, {""feature"": ""temperature_min_3d"", ""human_label"": ""Nhiệt độ — 3 ngày gần đây"", ""feature_group"": ""WEATHER_3D"", ""mean_abs_shap"": 0.021181680739747594, ""normalized_importance"": 0.013957426046489061}, {""feature"": ""day_of_year_sin"", ""human_label"": ""Thời điểm trong năm"", ""feature_group"": ""SEASONAL_CALENDAR"", ""mean_abs_shap"": 0.01701696441257918, ""normalized_importance"": 0.011213133898228152}]",DEMOGRAPHIC,0.1883592953830997,0.10769228777055091,0.7039484168463493,0.005050101853265726,0.029395299893275634,0.15391389363655836,3.1086244689504383e-15
105,Suy dinh dưỡng - Malnutrition,"[{""feature"": ""age_group"", ""human_label"": ""Nhóm tuổi"", ""feature_group"": ""DEMOGRAPHIC"", ""mean_abs_shap"": 1.2896778211032616, ""normalized_importance"": 0.569203063126126}, {""feature"": ""day_of_year_cos"", ""human_label"": ""Thời điểm trong năm"", ""feature_group"": ""SEASONAL_CALENDAR"", ""mean_abs_shap"": 0.15094659094076315, ""normalized_importance"": 0.06662071761335607}, {""feature"": ""wind_speed_max_7d"", ""human_label"": ""Gió — 7 ngày gần đây"", ""feature_group"": ""WEATHER_7D"", ""mean_abs_shap"": 0.10488799462877405, ""normalized_importance"": 0.04629262196412897}, {""feature"": ""day_of_year_sin"", ""human_label"": ""Thời điểm trong năm"", ""feature_group"": ""SEASONAL_CALENDAR"", ""mean_abs_shap"": 0.09696899081541557, ""normalized_importance"": 0.04279754656334776}, {""feature"": ""temperature_min_7d"", ""human_label"": ""Nhiệt độ — 7 ngày gần đây"", ""feature_group"": ""WEATHER_7D"", ""mean_abs_shap"": 0.08831588384177405, ""normalized_importance"": 0.038978472594361185}, {""feature"": ""wind_gust_max_7d"", ""human_label"": ""Gió — 7 ngày gần đây"", ""feature_group"": ""WEATHER_7D"", ""mean_abs_shap"": 0.07267832359320388, ""normalized_importance"": 0.032076789827039404}, {""feature"": ""wind_speed_max_3d"", ""human_label"": ""Gió — 3 ngày gần đây"", ""feature_group"": ""WEATHER_3D"", ""mean_abs_shap"": 0.0677599200275765, ""normalized_importance"": 0.029906038086228152}, {""feature"": ""gender"", ""human_label"": ""Giới tính"", ""feature_group"": ""DEMOGRAPHIC"", ""mean_abs_shap"": 0.045513468539749434, ""normalized_importance"": 0.02008750191901275}, {""feature"": ""humidity_min_7d"", ""human_label"": ""Độ ẩm — 7 ngày gần đây"", ""feature_group"": ""WEATHER_7D"", ""mean_abs_shap"": 0.042529842143981984, ""normalized_importance"": 0.01877066971805113}, {""feature"": ""rain_days_7d"", ""human_label"": ""Lượng mưa — 7 ngày gần đây"", ""feature_group"": ""WEATHER_7D"", ""mean_abs_shap"": 0.0409789812335442, ""normalized_importance"": 0.018086192737630857}]",DEMOGRAPHIC,0.2917055695169564,0.11900386543790475,0.5892905650451388,0.01145605216389534,0.05968928699830468,0.2205602303547564,6.217248937900877e-15
107,Thiếu vitamin khác - Other vitamin deficiencies.,"[{""feature"": ""age_group"", ""human_label"": ""Nhóm tuổi"", ""feature_group"": ""DEMOGRAPHIC"", ""mean_abs_shap"": 0.7986487180534811, ""normalized_importance"": 0.25959306394675175}, {""feature"": ""temperature_mean_7d"", ""human_label"": ""Nhiệt độ — 7 ngày gần đây"", ""feature_group"": ""WEATHER_7D"", ""mean_abs_shap"": 0.3414687980782492, ""normalized_importance"": 0.1109911398235181}, {""feature"": ""humidity_min_7d"", ""human_label"": ""Độ ẩm — 7 ngày gần đây"", ""feature_group"": ""WEATHER_7D"", ""mean_abs_shap"": 0.211788843007047, ""normalized_importance"": 0.06883992101049774}, {""feature"": ""day_of_year_sin"", ""human_label"": ""Thời điểm trong năm"", ""feature_group"": ""SEASONAL_CALENDAR"", ""mean_abs_shap"": 0.17854876641984269, ""normalized_importance"": 0.05803555467015231}, {""feature"": ""gender"", ""human_label"": ""Giới tính"", ""feature_group"": ""DEMOGRAPHIC"", ""mean_abs_shap"": 0.17777127864834402, ""normalized_importance"": 0.05778283976781529}, {""feature"": ""wind_speed_mean_7d"", ""human_label"": ""Gió — 7 ngày gần đây"", ""feature_group"": ""WEATHER_7D"", ""mean_abs_shap"": 0.12019960772588129, ""normalized_importance"": 0.03906972333319351}, {""feature"": ""rain_max_daily_7d"", ""human_label"": ""Lượng mưa — 7 ngày gần đây"", ""feature_group"": ""WEATHER_7D"", ""mean_abs_shap"": 0.11741051410866549, ""normalized_importance"": 0.0381631553498478}, {""feature"": ""humidity_mean_7d"", ""human_label"": ""Độ ẩm — 7 ngày gần đây"", ""feature_group"": ""WEATHER_7D"", ""mean_abs_shap"": 0.11582562338056122, ""normalized_importance"": 0.03764800190274513}, {""feature"": ""wind_speed_max_7d"", ""human_label"": ""Gió — 7 ngày gần đây"", ""feature_group"": ""WEATHER_7D"", ""mean_abs_shap"": 0.09995221106127872, ""normalized_importance"": 0.03248850230535552}, {""feature"": ""temperature_max_7d"", ""human_label"": ""Nhiệt độ — 7 ngày gần đây"", ""feature_group"": ""WEATHER_7D"", ""mean_abs_shap"": 0.09753459501237287, ""normalized_importance"": 0.03170267952320428}]",WEATHER_7D,0.5852754235126478,0.09734867277278518,0.31737590371456703,0.0457373402406072,0.09376338634480796,0.44577469692723265,1.4210854715202004e-14
109,Béo phì - Obesity,"[{""feature"": ""age_group"", ""human_label"": ""Nhóm tuổi"", ""feature_group"": ""DEMOGRAPHIC"", ""mean_abs_shap"": 0.05023440924297042, ""normalized_importance"": 0.45572929852709276}, {""feature"": ""gender"", ""human_label"": ""Giới tính"", ""feature_group"": ""DEMOGRAPHIC"", ""mean_abs_shap"": 0.02835643706297349, ""normalized_importance"": 0.25725114251731607}, {""feature"": ""day_of_year_sin"", ""human_label"": ""Thời điểm trong năm"", ""feature_group"": ""SEASONAL_CALENDAR"", ""mean_abs_shap"": 0.012105047668574417, ""normalized_importance"": 0.10981765219839647}, {""feature"": ""humidity_mean_7d"", ""human_label"": ""Độ ẩm — 7 ngày gần đây"", ""feature_group"": ""WEATHER_7D"", ""mean_abs_shap"": 0.008963572211249233, ""normalized_importance"": 0.08131801563290376}, {""feature"": ""humidity_max_7d"", ""human_label"": ""Độ ẩm — 7 ngày gần đây"", ""feature_group"": ""WEATHER_7D"", ""mean_abs_shap"": 0.004913173440673118, ""normalized_importance"": 0.04457257723147663}, {""feature"": ""temperature_max_7d"", ""human_label"": ""Nhiệt độ — 7 ngày gần đây"", ""feature_group"": ""WEATHER_7D"", ""mean_abs_shap"": 0.0031771317541176972, ""normalized_importance"": 0.028823112433333218}, {""feature"": ""wind_gust_max_7d"", ""human_label"": ""Gió — 7 ngày gần đây"", ""feature_group"": ""WEATHER_7D"", ""mean_abs_shap"": 0.0024788432933872022, ""normalized_importance"": 0.022488201459481095}, {""feature"": ""month"", ""human_label"": ""Yếu tố mùa vụ theo tháng"", ""feature_group"": ""SEASONAL_CALENDAR"", ""mean_abs_shap"": 0.0, ""normalized_importance"": 0.0}, {""feature"": ""season"", ""human_label"": ""Mùa mưa / mùa khô"", ""feature_group"": ""SEASONAL_CALENDAR"", ""mean_abs_shap"": 0.0, ""normalized_importance"": 0.0}, {""feature"": ""day_of_year_cos"", ""human_label"": ""Thời điểm trong năm"", ""feature_group"": ""SEASONAL_CALENDAR"", ""mean_abs_shap"": 0.0, ""normalized_importance"": 0.0}]",DEMOGRAPHIC,0.17720190675719472,0.10981765219839647,0.7129804410444088,0.0,0.0,0.17720190675719472,8.881784197001252e-16
111,"Bệnh khác về nội tiết, dinh dưỡng và chuyển hoá - Other endocrine, nutritional and metabolic disorders","[{""feature"": ""age_group"", ""human_label"": ""Nhóm tuổi"", ""feature_group"": ""DEMOGRAPHIC"", ""mean_abs_shap"": 1.8090339633552366, ""normalized_importance"": 0.6220726645901639}, {""feature"": ""wind_speed_max_7d"", ""human_label"": ""Gió — 7 ngày gần đây"", ""feature_group"": ""WEATHER_7D"", ""mean_abs_shap"": 0.1398531235882999, ""normalized_importance"": 0.048091305638327274}, {""feature"": ""temperature_min_7d"", ""human_label"": ""Nhiệt độ — 7 ngày gần đây"", ""feature_group"": ""WEATHER_7D"", ""mean_abs_shap"": 0.1291854730767996, ""normalized_importance"": 0.04442301973931759}, {""feature"": ""gender"", ""human_label"": ""Giới tính"", ""feature_group"": ""DEMOGRAPHIC"", ""mean_abs_shap"": 0.0882468798010384, ""normalized_importance"": 0.030345462148086852}, {""feature"": ""day_of_year_cos"", ""human_label"": ""Thời điểm trong năm"", ""feature_group"": ""SEASONAL_CALENDAR"", ""mean_abs_shap"": 0.0784231516671009, ""normalized_importance"": 0.026967375909643}, {""feature"": ""wind_gust_max_7d"", ""human_label"": ""Gió — 7 ngày gần đây"", ""feature_group"": ""WEATHER_7D"", ""mean_abs_shap"": 0.06447098220718814, ""normalized_importance"": 0.02216964219731186}, {""feature"": ""wind_speed_mean_7d"", ""human_label"": ""Gió — 7 ngày gần đây"", ""feature_group"": ""WEATHER_7D"", ""mean_abs_shap"": 0.06432191171301879, ""normalized_importance"": 0.02211838131365896}, {""feature"": ""humidity_max_7d"", ""human_label"": ""Độ ẩm — 7 ngày gần đây"", ""feature_group"": ""WEATHER_7D"", ""mean_abs_shap"": 0.0619548063415948, ""normalized_importance"": 0.02130440458597148}, {""feature"": ""weather_code_current"", ""human_label"": ""Trạng thái thời tiết — hiện tại"", ""feature_group"": ""WEATHER_CURRENT"", ""mean_abs_shap"": 0.06147312359756548, ""normalized_importance"": 0.021138768299348274}, {""feature"": ""month"", ""human_label"": ""Yếu tố mùa vụ theo tháng"", ""feature_group"": ""SEASONAL_CALENDAR"", ""mean_abs_shap"": 0.05106225997740078, ""normalized_importance"": 0.017558783730750697}]",DEMOGRAPHIC,0.28948807587285774,0.058093797388891574,0.6524181267382507,0.03474946044103902,0.041769893508078026,0.21296872192374067,6.661338147750939e-15
115,"Tâm thần phân liệt, rối loạn dạng phân liệt và hoang tưởng - Schizophrenia, schiztypal and delusional disorders","[{""feature"": ""humidity_mean_7d"", ""human_label"": ""Độ ẩm — 7 ngày gần đây"", ""feature_group"": ""WEATHER_7D"", ""mean_abs_shap"": 0.08047080486611641, ""normalized_importance"": 0.24546760305609852}, {""feature"": ""temperature_max_current"", ""human_label"": ""Nhiệt độ — hiện tại"", ""feature_group"": ""WEATHER_CURRENT"", ""mean_abs_shap"": 0.05622132912125459, ""normalized_importance"": 0.1714971650026746}, {""feature"": ""day_of_year_sin"", ""human_label"": ""Thời điểm trong năm"", ""feature_group"": ""SEASONAL_CALENDAR"", ""mean_abs_shap"": 0.03977999704004729, ""normalized_importance"": 0.12134463597381881}, {""feature"": ""wind_speed_max_7d"", ""human_label"": ""Gió — 7 ngày gần đây"", ""feature_group"": ""WEATHER_7D"", ""mean_abs_shap"": 0.03881813791795493, ""normalized_importance"": 0.11841058736363683}, {""feature"": ""temperature_max_7d"", ""human_label"": ""Nhiệt độ — 7 ngày gần đây"", ""feature_group"": ""WEATHER_7D"", ""mean_abs_shap"": 0.02440721177978255, ""normalized_importance"": 0.07445159499564646}, {""feature"": ""wind_speed_mean_7d"", ""human_label"": ""Gió — 7 ngày gần đây"", ""feature_group"": ""WEATHER_7D"", ""mean_abs_shap"": 0.015044848190211235, ""normalized_importance"": 0.04589270394074365}, {""feature"": ""humidity_min_7d"", ""human_label"": ""Độ ẩm — 7 ngày gần đây"", ""feature_group"": ""WEATHER_7D"", ""mean_abs_shap"": 0.013556240401343508, ""normalized_importance"": 0.04135186473288505}, {""feature"": ""humidity_min_3d"", ""human_label"": ""Độ ẩm — 3 ngày gần đây"", ""feature_group"": ""WEATHER_3D"", ""mean_abs_shap"": 0.010950622621833125, ""normalized_importance"": 0.0334037057467671}, {""feature"": ""wind_speed_max_3d"", ""human_label"": ""Gió — 3 ngày gần đây"", ""feature_group"": ""WEATHER_3D"", ""mean_abs_shap"": 0.010846852101639852, ""normalized_importance"": 0.0330871648484611}, {""feature"": ""precipitation_sum_7d"", ""human_label"": ""Lượng mưa — 7 ngày gần đây"", ""feature_group"": ""WEATHER_7D"", ""mean_abs_shap"": 0.007979805860753957, ""normalized_importance"": 0.02434154623843038}]",WEATHER_7D,0.8493860387039368,0.13571695126654698,0.014897010029516364,0.17374330886580341,0.07130850810850067,0.6043342217296327,2.6645352591003757e-15
116,Rối loạn khí sắc - Mood ( affective) disorders.,"[{""feature"": ""age_group"", ""human_label"": ""Nhóm tuổi"", ""feature_group"": ""DEMOGRAPHIC"", ""mean_abs_shap"": 0.42610896269191156, ""normalized_importance"": 0.5224299409053446}, {""feature"": ""day_of_year_cos"", ""human_label"": ""Thời điểm trong năm"", ""feature_group"": ""SEASONAL_CALENDAR"", ""mean_abs_shap"": 0.1084219302783742, ""normalized_importance"": 0.13293046518040214}, {""feature"": ""day_of_year_sin"", ""human_label"": ""Thời điểm trong năm"", ""feature_group"": ""SEASONAL_CALENDAR"", ""mean_abs_shap"": 0.06330581986350811, ""normalized_importance"": 0.07761595888835952}, {""feature"": ""gender"", ""human_label"": ""Giới tính"", ""feature_group"": ""DEMOGRAPHIC"", ""mean_abs_shap"": 0.04570284555029055, ""normalized_importance"": 0.05603387159285774}, {""feature"": ""temperature_max_7d"", ""human_label"": ""Nhiệt độ — 7 ngày gần đây"", ""feature_group"": ""WEATHER_7D"", ""mean_abs_shap"": 0.02779148628101893, ""normalized_importance"": 0.0340736896115516}, {""feature"": ""wind_speed_max_7d"", ""human_label"": ""Gió — 7 ngày gần đây"", ""feature_group"": ""WEATHER_7D"", ""mean_abs_shap"": 0.020634755987785535, ""normalized_importance"": 0.0252991964383753}, {""feature"": ""wind_speed_mean_7d"", ""human_label"": ""Gió — 7 ngày gần đây"", ""feature_group"": ""WEATHER_7D"", ""mean_abs_shap"": 0.018754313298194228, ""normalized_importance"": 0.022993683883575144}, {""feature"": ""wind_gust_max_7d"", ""human_label"": ""Gió — 7 ngày gần đây"", ""feature_group"": ""WEATHER_7D"", ""mean_abs_shap"": 0.0157966699661226, ""normalized_importance"": 0.019367471889741864}, {""feature"": ""temperature_mean_7d"", ""human_label"": ""Nhiệt độ — 7 ngày gần đây"", ""feature_group"": ""WEATHER_7D"", ""mean_abs_shap"": 0.012696159390951643, ""normalized_importance"": 0.015566097831965664}, {""feature"": ""temperature_mean_3d"", ""human_label"": ""Nhiệt độ — 3 ngày gần đây"", ""feature_group"": ""WEATHER_3D"", ""mean_abs_shap"": 0.01081378624187478, ""normalized_importance"": 0.013258218441629855}]",DEMOGRAPHIC,0.2055571247010649,0.21597906280073276,0.5784638124982023,0.022460475720794185,0.03816819209946419,0.14492845688080655,4.440892098500626e-15
117,"Loạn thần kinh, rối loạn gắn liền với các yếu tố stress và các rối loạn thuộc thân thể - Neurotic, sterss - related and somatoform disorders","[{""feature"": ""age_group"", ""human_label"": ""Nhóm tuổi"", ""feature_group"": ""DEMOGRAPHIC"", ""mean_abs_shap"": 1.180553051375893, ""normalized_importance"": 0.5822863020140661}, {""feature"": ""season"", ""human_label"": ""Mùa mưa / mùa khô"", ""feature_group"": ""SEASONAL_CALENDAR"", ""mean_abs_shap"": 0.1075424788587234, ""normalized_importance"": 0.0530433700129697}, {""feature"": ""month"", ""human_label"": ""Yếu tố mùa vụ theo tháng"", ""feature_group"": ""SEASONAL_CALENDAR"", ""mean_abs_shap"": 0.09369541620055193, ""normalized_importance"": 0.046213558426284426}, {""feature"": ""day_of_year_sin"", ""human_label"": ""Thời điểm trong năm"", ""feature_group"": ""SEASONAL_CALENDAR"", ""mean_abs_shap"": 0.07425080259097623, ""normalized_importance"": 0.036622856729637734}, {""feature"": ""temperature_min_7d"", ""human_label"": ""Nhiệt độ — 7 ngày gần đây"", ""feature_group"": ""WEATHER_7D"", ""mean_abs_shap"": 0.06562135757964982, ""normalized_importance"": 0.032366540066678155}, {""feature"": ""rain_max_daily_7d"", ""human_label"": ""Lượng mưa — 7 ngày gần đây"", ""feature_group"": ""WEATHER_7D"", ""mean_abs_shap"": 0.06011860863297416, ""normalized_importance"": 0.02965240931979032}, {""feature"": ""gender"", ""human_label"": ""Giới tính"", ""feature_group"": ""DEMOGRAPHIC"", ""mean_abs_shap"": 0.05447944947343257, ""normalized_importance"": 0.026870996718593537}, {""feature"": ""humidity_max_7d"", ""human_label"": ""Độ ẩm — 7 ngày gần đây"", ""feature_group"": ""WEATHER_7D"", ""mean_abs_shap"": 0.05394626752705873, ""normalized_importance"": 0.02660801442949365}, {""feature"": ""day_of_year_cos"", ""human_label"": ""Thời điểm trong năm"", ""feature_group"": ""SEASONAL_CALENDAR"", ""mean_abs_shap"": 0.05132498215765357, ""normalized_importance"": 0.02531511313844569}, {""feature"": ""temperature_max_7d"", ""human_label"": ""Nhiệt độ — 7 ngày gần đây"", ""feature_group"": ""WEATHER_7D"", ""mean_abs_shap"": 0.04264366257817693, ""normalized_importance"": 0.021033210289061393}]",DEMOGRAPHIC,0.2296478029600027,0.16119489830733758,0.6091572987326596,0.022106129508972897,0.024807596405203643,0.18273407704582614,3.552713678800501e-15
118,Chậm phát triển tâm thần - Mental retardation,"[{""feature"": ""age_group"", ""human_label"": ""Nhóm tuổi"", ""feature_group"": ""DEMOGRAPHIC"", ""mean_abs_shap"": 0.9371209562401446, ""normalized_importance"": 0.6506203341588849}, {""feature"": ""day_of_year_sin"", ""human_label"": ""Thời điểm trong năm"", ""feature_group"": ""SEASONAL_CALENDAR"", ""mean_abs_shap"": 0.10288995228134078, ""normalized_importance"": 0.07143399652853688}, {""feature"": ""month"", ""human_label"": ""Yếu tố mùa vụ theo tháng"", ""feature_group"": ""SEASONAL_CALENDAR"", ""mean_abs_shap"": 0.09498933864709655, ""normalized_importance"": 0.06594879224562789}, {""feature"": ""day_of_year_cos"", ""human_label"": ""Thời điểm trong năm"", ""feature_group"": ""SEASONAL_CALENDAR"", ""mean_abs_shap"": 0.05822073849711069, ""normalized_importance"": 0.04042124560733893}, {""feature"": ""wind_speed_max_7d"", ""human_label"": ""Gió — 7 ngày gần đây"", ""feature_group"": ""WEATHER_7D"", ""mean_abs_shap"": 0.03644984713469831, ""normalized_importance"": 0.02530624415653397}, {""feature"": ""rain_max_daily_7d"", ""human_label"": ""Lượng mưa — 7 ngày gần đây"", ""feature_group"": ""WEATHER_7D"", ""mean_abs_shap"": 0.02464321432673444, ""normalized_importance"": 0.01710918556803707}, {""feature"": ""temperature_max_7d"", ""human_label"": ""Nhiệt độ — 7 ngày gần đây"", ""feature_group"": ""WEATHER_7D"", ""mean_abs_shap"": 0.022935044843560435, ""normalized_importance"": 0.01592324495648395}, {""feature"": ""temperature_min_7d"", ""human_label"": ""Nhiệt độ — 7 ngày gần đây"", ""feature_group"": ""WEATHER_7D"", ""mean_abs_shap"": 0.019161962232901533, ""normalized_importance"": 0.013303685279998709}, {""feature"": ""humidity_min_7d"", ""human_label"": ""Độ ẩm — 7 ngày gần đây"", ""feature_group"": ""WEATHER_7D"", ""mean_abs_shap"": 0.015571473076234795, ""normalized_importance"": 0.010810895806719942}, {""feature"": ""humidity_mean_3d"", ""human_label"": ""Độ ẩm — 3 ngày gần đây"", ""feature_group"": ""WEATHER_3D"", ""mean_abs_shap"": 0.014486409046917597, ""normalized_importance"": 0.010057562187791424}]",DEMOGRAPHIC,0.1638159991080325,0.1778040343815037,0.6583799665104636,0.015513184769948318,0.033922456231934364,0.11438035810614981,3.552713678800501e-15
119,Rối loạn tâm thần và nhân cách khác - Other mental and behavioural disorders,"[{""feature"": ""age_group"", ""human_label"": ""Nhóm tuổi"", ""feature_group"": ""DEMOGRAPHIC"", ""mean_abs_shap"": 1.2235272777783555, ""normalized_importance"": 0.6709630086688662}, {""feature"": ""day_of_year_sin"", ""human_label"": ""Thời điểm trong năm"", ""feature_group"": ""SEASONAL_CALENDAR"", ""mean_abs_shap"": 0.07098615734832368, ""normalized_importance"": 0.03892768602164415}, {""feature"": ""wind_speed_mean_7d"", ""human_label"": ""Gió — 7 ngày gần đây"", ""feature_group"": ""WEATHER_7D"", ""mean_abs_shap"": 0.06654221022482283, ""normalized_importance"": 0.03649069570152344}, {""feature"": ""temperature_mean_7d"", ""human_label"": ""Nhiệt độ — 7 ngày gần đây"", ""feature_group"": ""WEATHER_7D"", ""mean_abs_shap"": 0.0586597627031652, ""normalized_importance"": 0.03216808614400777}, {""feature"": ""day_of_year_cos"", ""human_label"": ""Thời điểm trong năm"", ""feature_group"": ""SEASONAL_CALENDAR"", ""mean_abs_shap"": 0.055551223989721045, ""normalized_importance"": 0.03046341267606244}, {""feature"": ""wind_speed_max_7d"", ""human_label"": ""Gió — 7 ngày gần đây"", ""feature_group"": ""WEATHER_7D"", ""mean_abs_shap"": 0.048577342769986064, ""normalized_importance"": 0.02663904650926225}, {""feature"": ""wind_gust_max_7d"", ""human_label"": ""Gió — 7 ngày gần đây"", ""feature_group"": ""WEATHER_7D"", ""mean_abs_shap"": 0.03722182704733477, ""normalized_importance"": 0.02041186127797642}, {""feature"": ""temperature_min_7d"", ""human_label"": ""Nhiệt độ — 7 ngày gần đây"", ""feature_group"": ""WEATHER_7D"", ""mean_abs_shap"": 0.03570637538763855, ""normalized_importance"": 0.019580811555138775}, {""feature"": ""gender"", ""human_label"": ""Giới tính"", ""feature_group"": ""DEMOGRAPHIC"", ""mean_abs_shap"": 0.035192387284406844, ""normalized_importance"": 0.019298948608208365}, {""feature"": ""rain_max_daily_7d"", ""human_label"": ""Lượng mưa — 7 ngày gần đây"", ""feature_group"": ""WEATHER_7D"", ""mean_abs_shap"": 0.027850990500019903, ""normalized_importance"": 0.0152730427181261}]",DEMOGRAPHIC,0.2268414137010879,0.08289662902183759,0.6902619572770745,0.010329750687078297,0.033954761626945044,0.18255690138706457,4.440892098500626e-15
120,Viêm hệ thần kinh trung ương - Inflamatory diseases of the central nervous system,"[{""feature"": ""age_group"", ""human_label"": ""Nhóm tuổi"", ""feature_group"": ""DEMOGRAPHIC"", ""mean_abs_shap"": 1.33306742530751, ""normalized_importance"": 0.6611704249965383}, {""feature"": ""day_of_year_sin"", ""human_label"": ""Thời điểm trong năm"", ""feature_group"": ""SEASONAL_CALENDAR"", ""mean_abs_shap"": 0.17235315118082922, ""normalized_importance"": 0.08548315265406366}, {""feature"": ""temperature_min_7d"", ""human_label"": ""Nhiệt độ — 7 ngày gần đây"", ""feature_group"": ""WEATHER_7D"", ""mean_abs_shap"": 0.139725870785688, ""normalized_importance"": 0.0693007807531371}, {""feature"": ""wind_speed_max_7d"", ""human_label"": ""Gió — 7 ngày gần đây"", ""feature_group"": ""WEATHER_7D"", ""mean_abs_shap"": 0.04061557157821515, ""normalized_importance"": 0.020144378455314246}, {""feature"": ""temperature_max_7d"", ""human_label"": ""Nhiệt độ — 7 ngày gần đây"", ""feature_group"": ""WEATHER_7D"", ""mean_abs_shap"": 0.03685081629254917, ""normalized_importance"": 0.018277147432354132}, {""feature"": ""precipitation_sum_7d"", ""human_label"": ""Lượng mưa — 7 ngày gần đây"", ""feature_group"": ""WEATHER_7D"", ""mean_abs_shap"": 0.036503415564327304, ""normalized_importance"": 0.018104844754513533}, {""feature"": ""gender"", ""human_label"": ""Giới tính"", ""feature_group"": ""DEMOGRAPHIC"", ""mean_abs_shap"": 0.03439374017431621, ""normalized_importance"": 0.01705849484922153}, {""feature"": ""weather_code_current"", ""human_label"": ""Trạng thái thời tiết — hiện tại"", ""feature_group"": ""WEATHER_CURRENT"", ""mean_abs_shap"": 0.03021853632478444, ""normalized_importance"": 0.014987690888945242}, {""feature"": ""day_of_year_cos"", ""human_label"": ""Thời điểm trong năm"", ""feature_group"": ""SEASONAL_CALENDAR"", ""mean_abs_shap"": 0.028172579617622744, ""normalized_importance"": 0.013972943967733381}, {""feature"": ""wind_speed_mean_7d"", ""human_label"": ""Gió — 7 ngày gần đây"", ""feature_group"": ""WEATHER_7D"", ""mean_abs_shap"": 0.022956205747598313, ""normalized_importance"": 0.011385743903348566}]",DEMOGRAPHIC,0.21235346423818857,0.10941761591605159,0.6782289198457598,0.023777747613786517,0.013799982003705441,0.17477573462069662,4.440892098500626e-15
123,Xơ cứng nhiều nơi - Multiple sclerosis,"[{""feature"": ""day_of_year_cos"", ""human_label"": ""Thời điểm trong năm"", ""feature_group"": ""SEASONAL_CALENDAR"", ""mean_abs_shap"": 0.02706335123866654, ""normalized_importance"": 0.2774945403926949}, {""feature"": ""temperature_mean_7d"", ""human_label"": ""Nhiệt độ — 7 ngày gần đây"", ""feature_group"": ""WEATHER_7D"", ""mean_abs_shap"": 0.02638620105336966, ""normalized_importance"": 0.2705513692462732}, {""feature"": ""age_group"", ""human_label"": ""Nhóm tuổi"", ""feature_group"": ""DEMOGRAPHIC"", ""mean_abs_shap"": 0.01012126663412084, ""normalized_importance"": 0.10377858263223964}, {""feature"": ""day_of_year_sin"", ""human_label"": ""Thời điểm trong năm"", ""feature_group"": ""SEASONAL_CALENDAR"", ""mean_abs_shap"": 0.00982591998940868, ""normalized_importance"": 0.10075024069822854}, {""feature"": ""wind_gust_max_7d"", ""human_label"": ""Gió — 7 ngày gần đây"", ""feature_group"": ""WEATHER_7D"", ""mean_abs_shap"": 0.009494150467425074, ""normalized_importance"": 0.09734843616163409}, {""feature"": ""wind_speed_mean_current"", ""human_label"": ""Gió — hiện tại"", ""feature_group"": ""WEATHER_CURRENT"", ""mean_abs_shap"": 0.006771301482972485, ""normalized_importance"": 0.06942965696699153}, {""feature"": ""gender"", ""human_label"": ""Giới tính"", ""feature_group"": ""DEMOGRAPHIC"", ""mean_abs_shap"": 0.0038340881176003156, ""normalized_importance"": 0.03931288888193931}, {""feature"": ""temperature_min_7d"", ""human_label"": ""Nhiệt độ — 7 ngày gần đây"", ""feature_group"": ""WEATHER_7D"", ""mean_abs_shap"": 0.003022615900743671, ""normalized_importance"": 0.03099244445980311}, {""feature"": ""temperature_max_3d"", ""human_label"": ""Nhiệt độ — 3 ngày gần đây"", ""feature_group"": ""WEATHER_3D"", ""mean_abs_shap"": 0.0010086139465619165, ""normalized_importance"": 0.01034184056019559}, {""feature"": ""month"", ""human_label"": ""Yếu tố mùa vụ theo tháng"", ""feature_group"": ""SEASONAL_CALENDAR"", ""mean_abs_shap"": 0.0, ""normalized_importance"": 0.0}]",WEATHER_7D,0.4786637473948975,0.3782447810909234,0.14309147151417895,0.06942965696699153,0.01034184056019559,0.3988922498677104,1.3322676295501878e-15
124,Động kinh - Epilepsy,"[{""feature"": ""age_group"", ""human_label"": ""Nhóm tuổi"", ""feature_group"": ""DEMOGRAPHIC"", ""mean_abs_shap"": 2.11755290550089, ""normalized_importance"": 0.5136372345275696}, {""feature"": ""day_of_year_sin"", ""human_label"": ""Thời điểm trong năm"", ""feature_group"": ""SEASONAL_CALENDAR"", ""mean_abs_shap"": 0.27195693069627597, ""normalized_importance"": 0.06596633568425493}, {""feature"": ""temperature_min_7d"", ""human_label"": ""Nhiệt độ — 7 ngày gần đây"", ""feature_group"": ""WEATHER_7D"", ""mean_abs_shap"": 0.22945485999170764, ""normalized_importance"": 0.05565696112191037}, {""feature"": ""wind_speed_max_7d"", ""human_label"": ""Gió — 7 ngày gần đây"", ""feature_group"": ""WEATHER_7D"", ""mean_abs_shap"": 0.18241991518205042, ""normalized_importance"": 0.04424808490661949}, {""feature"": ""humidity_max_7d"", ""human_label"": ""Độ ẩm — 7 ngày gần đây"", ""feature_group"": ""WEATHER_7D"", ""mean_abs_shap"": 0.14115292681648675, ""normalized_importance"": 0.03423829401718917}, {""feature"": ""temperature_max_current"", ""human_label"": ""Nhiệt độ — hiện tại"", ""feature_group"": ""WEATHER_CURRENT"", ""mean_abs_shap"": 0.1276108666907027, ""normalized_importance"": 0.030953508879238405}, {""feature"": ""wind_gust_max_7d"", ""human_label"": ""Gió — 7 ngày gần đây"", ""feature_group"": ""WEATHER_7D"", ""mean_abs_shap"": 0.11858742843232399, ""normalized_importance"": 0.028764768347219635}, {""feature"": ""temperature_max_7d"", ""human_label"": ""Nhiệt độ — 7 ngày gần đây"", ""feature_group"": ""WEATHER_7D"", ""mean_abs_shap"": 0.11284937554987866, ""normalized_importance"": 0.02737293648013577}, {""feature"": ""rain_max_daily_7d"", ""human_label"": ""Lượng mưa — 7 ngày gần đây"", ""feature_group"": ""WEATHER_7D"", ""mean_abs_shap"": 0.09257550680712981, ""normalized_importance"": 0.022455272393845916}, {""feature"": ""temperature_mean_7d"", ""human_label"": ""Nhiệt độ — 7 ngày gần đây"", ""feature_group"": ""WEATHER_7D"", ""mean_abs_shap"": 0.07719886719523666, ""normalized_importance"": 0.01872548853528789}]",DEMOGRAPHIC,0.3836674407849663,0.09120712455912705,0.5251254346559067,0.061877941400550224,0.04821973826021984,0.27356976112419623,1.3322676295501878e-14
125,Đau nửa đầu và các hội chứng đau đầu khác - Migraine and other headache syndromes.,"[{""feature"": ""age_group"", ""human_label"": ""Nhóm tuổi"", ""feature_group"": ""DEMOGRAPHIC"", ""mean_abs_shap"": 1.4349415215530548, ""normalized_importance"": 0.6565458161212192}, {""feature"": ""day_of_year_cos"", ""human_label"": ""Thời điểm trong năm"", ""feature_group"": ""SEASONAL_CALENDAR"", ""mean_abs_shap"": 0.1326689784257343, ""normalized_importance"": 0.06070161146373354}, {""feature"": ""gender"", ""human_label"": ""Giới tính"", ""feature_group"": ""DEMOGRAPHIC"", ""mean_abs_shap"": 0.08612103288589634, ""normalized_importance"": 0.03940397777330789}, {""feature"": ""precipitation_sum_7d"", ""human_label"": ""Lượng mưa — 7 ngày gần đây"", ""feature_group"": ""WEATHER_7D"", ""mean_abs_shap"": 0.048481065835270246, ""normalized_importance"": 0.02218211715052612}, {""feature"": ""wind_speed_max_7d"", ""human_label"": ""Gió — 7 ngày gần đây"", ""feature_group"": ""WEATHER_7D"", ""mean_abs_shap"": 0.04467270290095756, ""normalized_importance"": 0.020439631681091835}, {""feature"": ""temperature_min_7d"", ""human_label"": ""Nhiệt độ — 7 ngày gần đây"", ""feature_group"": ""WEATHER_7D"", ""mean_abs_shap"": 0.04013360367878097, ""normalized_importance"": 0.01836280376962845}, {""feature"": ""rain_days_7d"", ""human_label"": ""Lượng mưa — 7 ngày gần đây"", ""feature_group"": ""WEATHER_7D"", ""mean_abs_shap"": 0.03705589360614461, ""normalized_importance"": 0.01695462257125003}, {""feature"": ""month"", ""human_label"": ""Yếu tố mùa vụ theo tháng"", ""feature_group"": ""SEASONAL_CALENDAR"", ""mean_abs_shap"": 0.03703758797920384, ""normalized_importance"": 0.01694624698060824}, {""feature"": ""day_of_year_sin"", ""human_label"": ""Thời điểm trong năm"", ""feature_group"": ""SEASONAL_CALENDAR"", ""mean_abs_shap"": 0.03378803407183843, ""normalized_importance"": 0.01545944003405614}, {""feature"": ""temperature_max_7d"", ""human_label"": ""Nhiệt độ — 7 ngày gần đây"", ""feature_group"": ""WEATHER_7D"", ""mean_abs_shap"": 0.03282161702601236, ""normalized_importance"": 0.015017263779111192}]",DEMOGRAPHIC,0.21094290762707474,0.09310729847839791,0.695949793894527,0.024766049330519,0.03558037030010405,0.15059648799645167,6.217248937900877e-15
126,Cơn thiếu máu não thoáng qua và các hội chứng tương tự - Transient cerebral ischaemic attacks and related syndromes,"[{""feature"": ""age_group"", ""human_label"": ""Nhóm tuổi"", ""feature_group"": ""DEMOGRAPHIC"", ""mean_abs_shap"": 0.049421249102919854, ""normalized_importance"": 0.36054298715842775}, {""feature"": ""day_of_year_sin"", ""human_label"": ""Thời điểm trong năm"", ""feature_group"": ""SEASONAL_CALENDAR"", ""mean_abs_shap"": 0.03913983603346335, ""normalized_importance"": 0.28553696348322805}, {""feature"": ""rain_max_daily_7d"", ""human_label"": ""Lượng mưa — 7 ngày gần đây"", ""feature_group"": ""WEATHER_7D"", ""mean_abs_shap"": 0.01774209048392815, ""normalized_importance"": 0.12943392604645118}, {""feature"": ""temperature_max_3d"", ""human_label"": ""Nhiệt độ — 3 ngày gần đây"", ""feature_group"": ""WEATHER_3D"", ""mean_abs_shap"": 0.012166076083721925, ""normalized_importance"": 0.08875521142913922}, {""feature"": ""temperature_mean_7d"", ""human_label"": ""Nhiệt độ — 7 ngày gần đây"", ""feature_group"": ""WEATHER_7D"", ""mean_abs_shap"": 0.011329398386614403, ""normalized_importance"": 0.08265139411007924}, {""feature"": ""day_of_year_cos"", ""human_label"": ""Thời điểm trong năm"", ""feature_group"": ""SEASONAL_CALENDAR"", ""mean_abs_shap"": 0.007275848272021747, ""normalized_importance"": 0.053079517772674445}, {""feature"": ""gender"", ""human_label"": ""Giới tính"", ""feature_group"": ""DEMOGRAPHIC"", ""mean_abs_shap"": 0.0, ""normalized_importance"": 0.0}, {""feature"": ""month"", ""human_label"": ""Yếu tố mùa vụ theo tháng"", ""feature_group"": ""SEASONAL_CALENDAR"", ""mean_abs_shap"": 0.0, ""normalized_importance"": 0.0}, {""feature"": ""season"", ""human_label"": ""Mùa mưa / mùa khô"", ""feature_group"": ""SEASONAL_CALENDAR"", ""mean_abs_shap"": 0.0, ""normalized_importance"": 0.0}, {""feature"": ""weather_code_current"", ""human_label"": ""Trạng thái thời tiết — hiện tại"", ""feature_group"": ""WEATHER_CURRENT"", ""mean_abs_shap"": 0.0, ""normalized_importance"": 0.0}]",DEMOGRAPHIC,0.30084053158566965,0.3386164812559025,0.36054298715842775,0.0,0.08875521142913922,0.21208532015653042,8.881784197001252e-16
127,"Tổn thương thần kinh, rễ và đám rối thần kinh - Nerve, nerve root and plexus disorders","[{""feature"": ""age_group"", ""human_label"": ""Nhóm tuổi"", ""feature_group"": ""DEMOGRAPHIC"", ""mean_abs_shap"": 0.7891568821226957, ""normalized_importance"": 0.6359991166275044}, {""feature"": ""day_of_year_sin"", ""human_label"": ""Thời điểm trong năm"", ""feature_group"": ""SEASONAL_CALENDAR"", ""mean_abs_shap"": 0.09830024330433577, ""normalized_importance"": 0.07922235657080168}, {""feature"": ""rain_max_daily_7d"", ""human_label"": ""Lượng mưa — 7 ngày gần đây"", ""feature_group"": ""WEATHER_7D"", ""mean_abs_shap"": 0.0542868439463584, ""normalized_importance"": 0.04375097724739993}, {""feature"": ""temperature_mean_7d"", ""human_label"": ""Nhiệt độ — 7 ngày gần đây"", ""feature_group"": ""WEATHER_7D"", ""mean_abs_shap"": 0.05425546083538127, ""normalized_importance"": 0.04372568489893204}, {""feature"": ""humidity_max_7d"", ""human_label"": ""Độ ẩm — 7 ngày gần đây"", ""feature_group"": ""WEATHER_7D"", ""mean_abs_shap"": 0.053131242898657616, ""normalized_importance"": 0.042819652612006015}, {""feature"": ""temperature_min_7d"", ""human_label"": ""Nhiệt độ — 7 ngày gần đây"", ""feature_group"": ""WEATHER_7D"", ""mean_abs_shap"": 0.046663675724229255, ""normalized_importance"": 0.037607296104892704}, {""feature"": ""day_of_year_cos"", ""human_label"": ""Thời điểm trong năm"", ""feature_group"": ""SEASONAL_CALENDAR"", ""mean_abs_shap"": 0.02006097741891455, ""normalized_importance"": 0.016167588734441615}, {""feature"": ""humidity_mean_7d"", ""human_label"": ""Độ ẩm — 7 ngày gần đây"", ""feature_group"": ""WEATHER_7D"", ""mean_abs_shap"": 0.01679935388093977, ""normalized_importance"": 0.01353897364419025}, {""feature"": ""wind_speed_max_7d"", ""human_label"": ""Gió — 7 ngày gần đây"", ""feature_group"": ""WEATHER_7D"", ""mean_abs_shap"": 0.015332463773574698, ""normalized_importance"": 0.012356774218944969}, {""feature"": ""humidity_min_7d"", ""human_label"": ""Độ ẩm — 7 ngày gần đây"", ""feature_group"": ""WEATHER_7D"", ""mean_abs_shap"": 0.011988815211912092, ""normalized_importance"": 0.009662053334283644}]",DEMOGRAPHIC,0.2579512344281508,0.10029936839177851,0.6417493971800706,0.01249420100306182,0.015021775293715248,0.23043525813137378,1.7763568394002505e-15
128,"Liệt não, hội chứng liệt khác - Cerebral palsy and other paralytic syndromes","[{""feature"": ""age_group"", ""human_label"": ""Nhóm tuổi"", ""feature_group"": ""DEMOGRAPHIC"", ""mean_abs_shap"": 0.7662042653242562, ""normalized_importance"": 0.42880278429259394}, {""feature"": ""month"", ""human_label"": ""Yếu tố mùa vụ theo tháng"", ""feature_group"": ""SEASONAL_CALENDAR"", ""mean_abs_shap"": 0.29764602657917466, ""normalized_importance"": 0.16657626524274716}, {""feature"": ""temperature_mean_7d"", ""human_label"": ""Nhiệt độ — 7 ngày gần đây"", ""feature_group"": ""WEATHER_7D"", ""mean_abs_shap"": 0.138186985086474, ""normalized_importance"": 0.07733572708969796}, {""feature"": ""day_of_year_cos"", ""human_label"": ""Thời điểm trong năm"", ""feature_group"": ""SEASONAL_CALENDAR"", ""mean_abs_shap"": 0.1271290444877683, ""normalized_importance"": 0.0711472001761073}, {""feature"": ""day_of_year_sin"", ""human_label"": ""Thời điểm trong năm"", ""feature_group"": ""SEASONAL_CALENDAR"", ""mean_abs_shap"": 0.055592175105014754, ""normalized_importance"": 0.03111191172999216}, {""feature"": ""wind_gust_max_current"", ""human_label"": ""Gió — hiện tại"", ""feature_group"": ""WEATHER_CURRENT"", ""mean_abs_shap"": 0.05276110428204799, ""normalized_importance"": 0.029527515627858845}, {""feature"": ""temperature_mean_3d"", ""human_label"": ""Nhiệt độ — 3 ngày gần đây"", ""feature_group"": ""WEATHER_3D"", ""mean_abs_shap"": 0.042881313416973356, ""normalized_importance"": 0.02399833493427491}, {""feature"": ""temperature_min_7d"", ""human_label"": ""Nhiệt độ — 7 ngày gần đây"", ""feature_group"": ""WEATHER_7D"", ""mean_abs_shap"": 0.04263639343289129, ""normalized_importance"": 0.023861266562489165}, {""feature"": ""gender"", ""human_label"": ""Giới tính"", ""feature_group"": ""DEMOGRAPHIC"", ""mean_abs_shap"": 0.03197078050869797, ""normalized_importance"": 0.01789230407420845}, {""feature"": ""temperature_max_7d"", ""human_label"": ""Nhiệt độ — 7 ngày gần đây"", ""feature_group"": ""WEATHER_7D"", ""mean_abs_shap"": 0.03003502684583349, ""normalized_importance"": 0.016808968209470608}]",DEMOGRAPHIC,0.28446953448435086,0.26883537714884664,0.4466950883668024,0.03767984283205807,0.057208811932643586,0.18958087971964918,4.440892098500626e-15
129,Bệnh khác của hệ thần kinh - Other diseases of the nervous system,"[{""feature"": ""age_group"", ""human_label"": ""Nhóm tuổi"", ""feature_group"": ""DEMOGRAPHIC"", ""mean_abs_shap"": 1.5212615667800442, ""normalized_importance"": 0.59540941515697}, {""feature"": ""gender"", ""human_label"": ""Giới tính"", ""feature_group"": ""DEMOGRAPHIC"", ""mean_abs_shap"": 0.22767980624102757, ""normalized_importance"": 0.08911202599034908}, {""feature"": ""day_of_year_sin"", ""human_label"": ""Thời điểm trong năm"", ""feature_group"": ""SEASONAL_CALENDAR"", ""mean_abs_shap"": 0.10698894666824854, ""normalized_importance"": 0.041874604312022744}, {""feature"": ""wind_speed_max_7d"", ""human_label"": ""Gió — 7 ngày gần đây"", ""feature_group"": ""WEATHER_7D"", ""mean_abs_shap"": 0.08858256107057151, ""normalized_importance"": 0.03467049456312304}, {""feature"": ""temperature_min_7d"", ""human_label"": ""Nhiệt độ — 7 ngày gần đây"", ""feature_group"": ""WEATHER_7D"", ""mean_abs_shap"": 0.07396026865734293, ""normalized_importance"": 0.028947448136305995}, {""feature"": ""month"", ""human_label"": ""Yếu tố mùa vụ theo tháng"", ""feature_group"": ""SEASONAL_CALENDAR"", ""mean_abs_shap"": 0.0708241318880772, ""normalized_importance"": 0.0277199896897003}, {""feature"": ""day_of_year_cos"", ""human_label"": ""Thời điểm trong năm"", ""feature_group"": ""SEASONAL_CALENDAR"", ""mean_abs_shap"": 0.04348646575806387, ""normalized_importance"": 0.01702024931784536}, {""feature"": ""season"", ""human_label"": ""Mùa mưa / mùa khô"", ""feature_group"": ""SEASONAL_CALENDAR"", ""mean_abs_shap"": 0.04293432624409866, ""normalized_importance"": 0.01680414639887731}, {""feature"": ""wind_gust_max_7d"", ""human_label"": ""Gió — 7 ngày gần đây"", ""feature_group"": ""WEATHER_7D"", ""mean_abs_shap"": 0.04180050667829664, ""normalized_importance"": 0.016360378634470676}, {""feature"": ""rain_max_daily_7d"", ""human_label"": ""Lượng mưa — 7 ngày gần đây"", ""feature_group"": ""WEATHER_7D"", ""mean_abs_shap"": 0.03698196397939857, ""normalized_importance"": 0.014474440178579472}]",DEMOGRAPHIC,0.21205956913423532,0.10341898971844572,0.684521441147319,0.026723393052098414,0.0247532381660556,0.1605829379160813,6.661338147750939e-15
130,Viêm mi mắt - Inflammation of eyelid,"[{""feature"": ""age_group"", ""human_label"": ""Nhóm tuổi"", ""feature_group"": ""DEMOGRAPHIC"", ""mean_abs_shap"": 1.0039595312861582, ""normalized_importance"": 0.28775493714132383}, {""feature"": ""day_of_year_sin"", ""human_label"": ""Thời điểm trong năm"", ""feature_group"": ""SEASONAL_CALENDAR"", ""mean_abs_shap"": 0.5091070327525129, ""normalized_importance"": 0.14592028626913744}, {""feature"": ""day_of_year_cos"", ""human_label"": ""Thời điểm trong năm"", ""feature_group"": ""SEASONAL_CALENDAR"", ""mean_abs_shap"": 0.21078276737721083, ""normalized_importance"": 0.06041456860258191}, {""feature"": ""temperature_min_7d"", ""human_label"": ""Nhiệt độ — 7 ngày gần đây"", ""feature_group"": ""WEATHER_7D"", ""mean_abs_shap"": 0.2067736137990265, ""normalized_importance"": 0.059265464779241134}, {""feature"": ""wind_speed_mean_7d"", ""human_label"": ""Gió — 7 ngày gần đây"", ""feature_group"": ""WEATHER_7D"", ""mean_abs_shap"": 0.17476402434664143, ""normalized_importance"": 0.05009087445587354}, {""feature"": ""wind_speed_max_7d"", ""human_label"": ""Gió — 7 ngày gần đây"", ""feature_group"": ""WEATHER_7D"", ""mean_abs_shap"": 0.1294444962667263, ""normalized_importance"": 0.0371013887769001}, {""feature"": ""gender"", ""human_label"": ""Giới tính"", ""feature_group"": ""DEMOGRAPHIC"", ""mean_abs_shap"": 0.11501785917914795, ""normalized_importance"": 0.03296642524607074}, {""feature"": ""temperature_mean_7d"", ""human_label"": ""Nhiệt độ — 7 ngày gần đây"", ""feature_group"": ""WEATHER_7D"", ""mean_abs_shap"": 0.09152368337839094, ""normalized_importance"": 0.026232523260924807}, {""feature"": ""month"", ""human_label"": ""Yếu tố mùa vụ theo tháng"", ""feature_group"": ""SEASONAL_CALENDAR"", ""mean_abs_shap"": 0.08470965258619909, ""normalized_importance"": 0.024279485373257862}, {""feature"": ""humidity_min_7d"", ""human_label"": ""Độ ẩm — 7 ngày gần đây"", ""feature_group"": ""WEATHER_7D"", ""mean_abs_shap"": 0.08210829935668734, ""normalized_importance"": 0.02353388536477787}]",DEMOGRAPHIC,0.4466785878645661,0.2326000497480395,0.32072136238739457,0.06425558710031398,0.09187437288612854,0.2905486278781236,1.0658141036401503e-14
131,"Viêm kết mạc, tổn thương khác của kết mạc - Conjunctivitis and other disoders of conjunctiva","[{""feature"": ""age_group"", ""human_label"": ""Nhóm tuổi"", ""feature_group"": ""DEMOGRAPHIC"", ""mean_abs_shap"": 0.5391114354860802, ""normalized_importance"": 0.4829661534997558}, {""feature"": ""day_of_year_sin"", ""human_label"": ""Thời điểm trong năm"", ""feature_group"": ""SEASONAL_CALENDAR"", ""mean_abs_shap"": 0.147857771247372, ""normalized_importance"": 0.1324592548848537}, {""feature"": ""day_of_year_cos"", ""human_label"": ""Thời điểm trong năm"", ""feature_group"": ""SEASONAL_CALENDAR"", ""mean_abs_shap"": 0.07944440963906035, ""normalized_importance"": 0.07117074210425756}, {""feature"": ""rain_max_daily_7d"", ""human_label"": ""Lượng mưa — 7 ngày gần đây"", ""feature_group"": ""WEATHER_7D"", ""mean_abs_shap"": 0.044104600606671186, ""normalized_importance"": 0.03951136611940217}, {""feature"": ""temperature_min_7d"", ""human_label"": ""Nhiệt độ — 7 ngày gần đây"", ""feature_group"": ""WEATHER_7D"", ""mean_abs_shap"": 0.04003884830350968, ""normalized_importance"": 0.0358690379814909}, {""feature"": ""temperature_mean_7d"", ""human_label"": ""Nhiệt độ — 7 ngày gần đây"", ""feature_group"": ""WEATHER_7D"", ""mean_abs_shap"": 0.034492517706897326, ""normalized_importance"": 0.030900325062484312}, {""feature"": ""humidity_max_7d"", ""human_label"": ""Độ ẩm — 7 ngày gần đây"", ""feature_group"": ""WEATHER_7D"", ""mean_abs_shap"": 0.030231898864824677, ""normalized_importance"": 0.027083424588412397}, {""feature"": ""month"", ""human_label"": ""Yếu tố mùa vụ theo tháng"", ""feature_group"": ""SEASONAL_CALENDAR"", ""mean_abs_shap"": 0.02743210281261686, ""normalized_importance"": 0.024575210811237702}, {""feature"": ""temperature_max_7d"", ""human_label"": ""Nhiệt độ — 7 ngày gần đây"", ""feature_group"": ""WEATHER_7D"", ""mean_abs_shap"": 0.024853235475094507, ""normalized_importance"": 0.022264917323832192}, {""feature"": ""humidity_max_3d"", ""human_label"": ""Độ ẩm — 3 ngày gần đây"", ""feature_group"": ""WEATHER_3D"", ""mean_abs_shap"": 0.01780148251764914, ""normalized_importance"": 0.015947562919696477}]",DEMOGRAPHIC,0.2731141412824287,0.22820520780034895,0.4986806509172225,0.006556850463778156,0.041729599144063614,0.22482769167458694,4.440892098500626e-15
132,"Viêm giác mạc, tổn thương khác của củng mạc và giác mạc - Keratitis and other disorders of sclera and cornea.","[{""feature"": ""age_group"", ""human_label"": ""Nhóm tuổi"", ""feature_group"": ""DEMOGRAPHIC"", ""mean_abs_shap"": 0.8368293607330644, ""normalized_importance"": 0.20565222149298576}, {""feature"": ""day_of_year_cos"", ""human_label"": ""Thời điểm trong năm"", ""feature_group"": ""SEASONAL_CALENDAR"", ""mean_abs_shap"": 0.7569203648234225, ""normalized_importance"": 0.1860144514801172}, {""feature"": ""gender"", ""human_label"": ""Giới tính"", ""feature_group"": ""DEMOGRAPHIC"", ""mean_abs_shap"": 0.41467189448900904, ""normalized_importance"": 0.10190631482822952}, {""feature"": ""temperature_min_7d"", ""human_label"": ""Nhiệt độ — 7 ngày gần đây"", ""feature_group"": ""WEATHER_7D"", ""mean_abs_shap"": 0.2189263795696062, ""normalized_importance"": 0.0538015256329751}, {""feature"": ""wind_gust_max_7d"", ""human_label"": ""Gió — 7 ngày gần đây"", ""feature_group"": ""WEATHER_7D"", ""mean_abs_shap"": 0.18605250222490133, ""normalized_importance"": 0.04572271503877677}, {""feature"": ""wind_speed_mean_7d"", ""human_label"": ""Gió — 7 ngày gần đây"", ""feature_group"": ""WEATHER_7D"", ""mean_abs_shap"": 0.1409042440645841, ""normalized_importance"": 0.03462745473496224}, {""feature"": ""month"", ""human_label"": ""Yếu tố mùa vụ theo tháng"", ""feature_group"": ""SEASONAL_CALENDAR"", ""mean_abs_shap"": 0.13564820433230076, ""normalized_importance"": 0.03333577413922815}, {""feature"": ""day_of_year_sin"", ""human_label"": ""Thời điểm trong năm"", ""feature_group"": ""SEASONAL_CALENDAR"", ""mean_abs_shap"": 0.132705021041666, ""normalized_importance"": 0.0326124819002347}, {""feature"": ""humidity_min_7d"", ""human_label"": ""Độ ẩm — 7 ngày gần đây"", ""feature_group"": ""WEATHER_7D"", ""mean_abs_shap"": 0.12508685553816007, ""normalized_importance"": 0.030740304927231742}, {""feature"": ""temperature_max_7d"", ""human_label"": ""Nhiệt độ — 7 ngày gần đây"", ""feature_group"": ""WEATHER_7D"", ""mean_abs_shap"": 0.12128033272794854, ""normalized_importance"": 0.029804845550665447}]",WEATHER_7D,0.44047875615920445,0.25196270751958005,0.30755853632121527,0.06362286379920093,0.06538377842219265,0.3114721139378109,1.7763568394002505e-14
135,Glôcôm - Glaucoma,"[{""feature"": ""day_of_year_sin"", ""human_label"": ""Thời điểm trong năm"", ""feature_group"": ""SEASONAL_CALENDAR"", ""mean_abs_shap"": 0.43986171028664434, ""normalized_importance"": 0.28533203904857335}, {""feature"": ""age_group"", ""human_label"": ""Nhóm tuổi"", ""feature_group"": ""DEMOGRAPHIC"", ""mean_abs_shap"": 0.18113053044477928, ""normalized_importance"": 0.11749680041956545}, {""feature"": ""gender"", ""human_label"": ""Giới tính"", ""feature_group"": ""DEMOGRAPHIC"", ""mean_abs_shap"": 0.15523966704216624, ""normalized_importance"": 0.10070176535597361}, {""feature"": ""humidity_min_7d"", ""human_label"": ""Độ ẩm — 7 ngày gần đây"", ""feature_group"": ""WEATHER_7D"", ""mean_abs_shap"": 0.14700497606071966, ""normalized_importance"": 0.09536003836832589}, {""feature"": ""day_of_year_cos"", ""human_label"": ""Thời điểm trong năm"", ""feature_group"": ""SEASONAL_CALENDAR"", ""mean_abs_shap"": 0.13506706637444468, ""normalized_importance"": 0.08761608604625905}, {""feature"": ""temperature_max_7d"", ""human_label"": ""Nhiệt độ — 7 ngày gần đây"", ""feature_group"": ""WEATHER_7D"", ""mean_abs_shap"": 0.08978871376931266, ""normalized_importance"": 0.05824466232046248}, {""feature"": ""temperature_max_current"", ""human_label"": ""Nhiệt độ — hiện tại"", ""feature_group"": ""WEATHER_CURRENT"", ""mean_abs_shap"": 0.059002531109873274, ""normalized_importance"": 0.038274103239484}, {""feature"": ""wind_gust_max_7d"", ""human_label"": ""Gió — 7 ngày gần đây"", ""feature_group"": ""WEATHER_7D"", ""mean_abs_shap"": 0.04972904353184466, ""normalized_importance"": 0.03225852366560795}, {""feature"": ""wind_gust_max_3d"", ""human_label"": ""Gió — 3 ngày gần đây"", ""feature_group"": ""WEATHER_3D"", ""mean_abs_shap"": 0.04761289048617498, ""normalized_importance"": 0.03088580526493994}, {""feature"": ""precipitation_sum_3d"", ""human_label"": ""Lượng mưa — 3 ngày gần đây"", ""feature_group"": ""WEATHER_3D"", ""mean_abs_shap"": 0.04655885271522491, ""normalized_importance"": 0.030202065945544747}]",SEASONAL_CALENDAR,0.40885330912962836,0.3729481250948324,0.21819856577553906,0.06890587823330362,0.09663316467630792,0.24331426622001684,2.4868995751603507e-14
136,Lác mắt - Strabismus,"[{""feature"": ""age_group"", ""human_label"": ""Nhóm tuổi"", ""feature_group"": ""DEMOGRAPHIC"", ""mean_abs_shap"": 0.134549702559391, ""normalized_importance"": 0.33541013694055455}, {""feature"": ""month"", ""human_label"": ""Yếu tố mùa vụ theo tháng"", ""feature_group"": ""SEASONAL_CALENDAR"", ""mean_abs_shap"": 0.08560140570780486, ""normalized_importance"": 0.213390135129324}, {""feature"": ""temperature_min_7d"", ""human_label"": ""Nhiệt độ — 7 ngày gần đây"", ""feature_group"": ""WEATHER_7D"", ""mean_abs_shap"": 0.05096899686991599, ""normalized_importance"": 0.1270572724775453}, {""feature"": ""day_of_year_cos"", ""human_label"": ""Thời điểm trong năm"", ""feature_group"": ""SEASONAL_CALENDAR"", ""mean_abs_shap"": 0.03369405164252113, ""normalized_importance"": 0.0839936934866999}, {""feature"": ""humidity_max_7d"", ""human_label"": ""Độ ẩm — 7 ngày gần đây"", ""feature_group"": ""WEATHER_7D"", ""mean_abs_shap"": 0.024651121845185517, ""normalized_importance"": 0.0614511663463717}, {""feature"": ""day_of_year_sin"", ""human_label"": ""Thời điểm trong năm"", ""feature_group"": ""SEASONAL_CALENDAR"", ""mean_abs_shap"": 0.023303949081764783, ""normalized_importance"": 0.05809288763994288}, {""feature"": ""rain_days_7d"", ""human_label"": ""Lượng mưa — 7 ngày gần đây"", ""feature_group"": ""WEATHER_7D"", ""mean_abs_shap"": 0.01160126831586059, ""normalized_importance"": 0.028920041594215545}, {""feature"": ""humidity_min_7d"", ""human_label"": ""Độ ẩm — 7 ngày gần đây"", ""feature_group"": ""WEATHER_7D"", ""mean_abs_shap"": 0.010353121764189543, ""normalized_importance"": 0.025808618842217437}, {""feature"": ""wind_speed_max_7d"", ""human_label"": ""Gió — 7 ngày gần đây"", ""feature_group"": ""WEATHER_7D"", ""mean_abs_shap"": 0.01001756613517448, ""normalized_importance"": 0.024972134202428387}, {""feature"": ""temperature_max_3d"", ""human_label"": ""Nhiệt độ — 3 ngày gần đây"", ""feature_group"": ""WEATHER_3D"", ""mean_abs_shap"": 0.00801131033842603, ""normalized_importance"": 0.019970870589614755}]",SEASONAL_CALENDAR,0.3091131468034786,0.3554767162559668,0.33541013694055455,0.0,0.031924127265146006,0.27718901953833264,1.3322676295501878e-15
137,"Tật khúc xạ, các rối loạn điều tiết - Disorders of refraction and accomodation","[{""feature"": ""day_of_year_cos"", ""human_label"": ""Thời điểm trong năm"", ""feature_group"": ""SEASONAL_CALENDAR"", ""mean_abs_shap"": 0.019243109876622852, ""normalized_importance"": 0.3505839041648135}, {""feature"": ""day_of_year_sin"", ""human_label"": ""Thời điểm trong năm"", ""feature_group"": ""SEASONAL_CALENDAR"", ""mean_abs_shap"": 0.01675094679196512, ""normalized_importance"": 0.30518000273533896}, {""feature"": ""wind_gust_max_3d"", ""human_label"": ""Gió — 3 ngày gần đây"", ""feature_group"": ""WEATHER_3D"", ""mean_abs_shap"": 0.008580728431145964, ""normalized_importance"": 0.1563294754983291}, {""feature"": ""wind_speed_mean_7d"", ""human_label"": ""Gió — 7 ngày gần đây"", ""feature_group"": ""WEATHER_7D"", ""mean_abs_shap"": 0.005866362457715776, ""normalized_importance"": 0.10687733255477455}, {""feature"": ""gender"", ""human_label"": ""Giới tính"", ""feature_group"": ""DEMOGRAPHIC"", ""mean_abs_shap"": 0.002225278476448123, ""normalized_importance"": 0.04054161833139343}, {""feature"": ""month"", ""human_label"": ""Yếu tố mùa vụ theo tháng"", ""feature_group"": ""SEASONAL_CALENDAR"", ""mean_abs_shap"": 0.0021087744389837577, ""normalized_importance"": 0.038419069503938044}, {""feature"": ""temperature_max_current"", ""human_label"": ""Nhiệt độ — hiện tại"", ""feature_group"": ""WEATHER_CURRENT"", ""mean_abs_shap"": 0.00011354270106755726, ""normalized_importance"": 0.002068597211412302}, {""feature"": ""age_group"", ""human_label"": ""Nhóm tuổi"", ""feature_group"": ""DEMOGRAPHIC"", ""mean_abs_shap"": 0.0, ""normalized_importance"": 0.0}, {""feature"": ""season"", ""human_label"": ""Mùa mưa / mùa khô"", ""feature_group"": ""SEASONAL_CALENDAR"", ""mean_abs_shap"": 0.0, ""normalized_importance"": 0.0}, {""feature"": ""weather_code_current"", ""human_label"": ""Trạng thái thời tiết — hiện tại"", ""feature_group"": ""WEATHER_CURRENT"", ""mean_abs_shap"": 0.0, ""normalized_importance"": 0.0}]",SEASONAL_CALENDAR,0.265275405264516,0.6941829764040905,0.04054161833139343,0.002068597211412302,0.1563294754983291,0.10687733255477455,1.7763568394002505e-15
139,Các bệnh khác của mắt và phần phụ mắt - Other diseases of the eye and adnexa,"[{""feature"": ""age_group"", ""human_label"": ""Nhóm tuổi"", ""feature_group"": ""DEMOGRAPHIC"", ""mean_abs_shap"": 0.07159133276453762, ""normalized_importance"": 0.448487632381024}, {""feature"": ""month"", ""human_label"": ""Yếu tố mùa vụ theo tháng"", ""feature_group"": ""SEASONAL_CALENDAR"", ""mean_abs_shap"": 0.02347993276577894, ""normalized_importance"": 0.14709126158084362}, {""feature"": ""wind_speed_max_7d"", ""human_label"": ""Gió — 7 ngày gần đây"", ""feature_group"": ""WEATHER_7D"", ""mean_abs_shap"": 0.012283931581031792, ""normalized_importance"": 0.07695332910237963}, {""feature"": ""gender"", ""human_label"": ""Giới tính"", ""feature_group"": ""DEMOGRAPHIC"", ""mean_abs_shap"": 0.010484193436239221, ""normalized_importance"": 0.06567877576896747}, {""feature"": ""day_of_year_sin"", ""human_label"": ""Thời điểm trong năm"", ""feature_group"": ""SEASONAL_CALENDAR"", ""mean_abs_shap"": 0.006910023269992631, ""normalized_importance"": 0.043288200629670065}, {""feature"": ""day_of_year_cos"", ""human_label"": ""Thời điểm trong năm"", ""feature_group"": ""SEASONAL_CALENDAR"", ""mean_abs_shap"": 0.005812399994552512, ""normalized_importance"": 0.03641208245950677}, {""feature"": ""wind_speed_mean_7d"", ""human_label"": ""Gió — 7 ngày gần đây"", ""feature_group"": ""WEATHER_7D"", ""mean_abs_shap"": 0.0055696326419908985, ""normalized_importance"": 0.034891253736735746}, {""feature"": ""temperature_mean_current"", ""human_label"": ""Nhiệt độ — hiện tại"", ""feature_group"": ""WEATHER_CURRENT"", ""mean_abs_shap"": 0.005464664691430381, ""normalized_importance"": 0.03423367654401034}, {""feature"": ""temperature_min_7d"", ""human_label"": ""Nhiệt độ — 7 ngày gần đây"", ""feature_group"": ""WEATHER_7D"", ""mean_abs_shap"": 0.005372950880546826, ""normalized_importance"": 0.03365913059953002}, {""feature"": ""temperature_max_7d"", ""human_label"": ""Nhiệt độ — 7 ngày gần đây"", ""feature_group"": ""WEATHER_7D"", ""mean_abs_shap"": 0.005342257657225975, ""normalized_importance"": 0.0334668513036188}]",DEMOGRAPHIC,0.25904204717998786,0.22679154467002047,0.5141664081499915,0.03423367654401034,0.0,0.22480837063597753,2.220446049250313e-15
140,"Viêm tai giữa, bệnh khác của tai giữa và xương chũm - Otitis media and other disorders of middle ear and mastoid","[{""feature"": ""age_group"", ""human_label"": ""Nhóm tuổi"", ""feature_group"": ""DEMOGRAPHIC"", ""mean_abs_shap"": 1.3195700008357614, ""normalized_importance"": 0.6655926312348852}, {""feature"": ""gender"", ""human_label"": ""Giới tính"", ""feature_group"": ""DEMOGRAPHIC"", ""mean_abs_shap"": 0.12071090729569295, ""normalized_importance"": 0.06088672094303736}, {""feature"": ""day_of_year_sin"", ""human_label"": ""Thời điểm trong năm"", ""feature_group"": ""SEASONAL_CALENDAR"", ""mean_abs_shap"": 0.07086397184527449, ""normalized_importance"": 0.03574386917736666}, {""feature"": ""wind_speed_max_7d"", ""human_label"": ""Gió — 7 ngày gần đây"", ""feature_group"": ""WEATHER_7D"", ""mean_abs_shap"": 0.054041400482325155, ""normalized_importance"": 0.027258544768270998}, {""feature"": ""wind_speed_mean_7d"", ""human_label"": ""Gió — 7 ngày gần đây"", ""feature_group"": ""WEATHER_7D"", ""mean_abs_shap"": 0.046716185230860664, ""normalized_importance"": 0.02356369774196989}, {""feature"": ""temperature_mean_3d"", ""human_label"": ""Nhiệt độ — 3 ngày gần đây"", ""feature_group"": ""WEATHER_3D"", ""mean_abs_shap"": 0.03563284832986443, ""normalized_importance"": 0.01797324981868844}, {""feature"": ""day_of_year_cos"", ""human_label"": ""Thời điểm trong năm"", ""feature_group"": ""SEASONAL_CALENDAR"", ""mean_abs_shap"": 0.03360106078148993, ""normalized_importance"": 0.016948413834560017}, {""feature"": ""wind_gust_max_7d"", ""human_label"": ""Gió — 7 ngày gần đây"", ""feature_group"": ""WEATHER_7D"", ""mean_abs_shap"": 0.03339412147699959, ""normalized_importance"": 0.016844033410562502}, {""feature"": ""temperature_min_7d"", ""human_label"": ""Nhiệt độ — 7 ngày gần đây"", ""feature_group"": ""WEATHER_7D"", ""mean_abs_shap"": 0.032178186624826355, ""normalized_importance"": 0.016230714467910273}, {""feature"": ""month"", ""human_label"": ""Yếu tố mùa vụ theo tháng"", ""feature_group"": ""SEASONAL_CALENDAR"", ""mean_abs_shap"": 0.02665349273752149, ""normalized_importance"": 0.013444052495533251}]",DEMOGRAPHIC,0.20738431231461746,0.06613633550745993,0.7264793521779226,0.004372777922351745,0.04852804268996335,0.15448349170230236,4.440892098500626e-15
141,Mất thính giác - Hearing loss,"[{""feature"": ""day_of_year_cos"", ""human_label"": ""Thời điểm trong năm"", ""feature_group"": ""SEASONAL_CALENDAR"", ""mean_abs_shap"": 0.015077245615958974, ""normalized_importance"": 0.3031163933623237}, {""feature"": ""gender"", ""human_label"": ""Giới tính"", ""feature_group"": ""DEMOGRAPHIC"", ""mean_abs_shap"": 0.011197543242996091, ""normalized_importance"": 0.22511796973997567}, {""feature"": ""temperature_mean_7d"", ""human_label"": ""Nhiệt độ — 7 ngày gần đây"", ""feature_group"": ""WEATHER_7D"", ""mean_abs_shap"": 0.01107051106271345, ""normalized_importance"": 0.2225640857409335}, {""feature"": ""rain_max_daily_7d"", ""human_label"": ""Lượng mưa — 7 ngày gần đây"", ""feature_group"": ""WEATHER_7D"", ""mean_abs_shap"": 0.007464424822117718, ""normalized_importance"": 0.1500665034075999}, {""feature"": ""wind_speed_mean_7d"", ""human_label"": ""Gió — 7 ngày gần đây"", ""feature_group"": ""WEATHER_7D"", ""mean_abs_shap"": 0.004931054528210142, ""normalized_importance"": 0.0991350477491671}, {""feature"": ""age_group"", ""human_label"": ""Nhóm tuổi"", ""feature_group"": ""DEMOGRAPHIC"", ""mean_abs_shap"": 0.0, ""normalized_importance"": 0.0}, {""feature"": ""month"", ""human_label"": ""Yếu tố mùa vụ theo tháng"", ""feature_group"": ""SEASONAL_CALENDAR"", ""mean_abs_shap"": 0.0, ""normalized_importance"": 0.0}, {""feature"": ""season"", ""human_label"": ""Mùa mưa / mùa khô"", ""feature_group"": ""SEASONAL_CALENDAR"", ""mean_abs_shap"": 0.0, ""normalized_importance"": 0.0}, {""feature"": ""day_of_year_sin"", ""human_label"": ""Thời điểm trong năm"", ""feature_group"": ""SEASONAL_CALENDAR"", ""mean_abs_shap"": 0.0, ""normalized_importance"": 0.0}, {""feature"": ""weather_code_current"", ""human_label"": ""Trạng thái thời tiết — hiện tại"", ""feature_group"": ""WEATHER_CURRENT"", ""mean_abs_shap"": 0.0, ""normalized_importance"": 0.0}]",WEATHER_7D,0.47176563689770046,0.3031163933623237,0.22511796973997567,0.0,0.0,0.47176563689770046,1.7763568394002505e-15
142,Bệnh khác của tai và xương chũm - Other diseases of the ear and mastoid process,"[{""feature"": ""age_group"", ""human_label"": ""Nhóm tuổi"", ""feature_group"": ""DEMOGRAPHIC"", ""mean_abs_shap"": 0.7575116511762503, ""normalized_importance"": 0.4256739856955256}, {""feature"": ""day_of_year_sin"", ""human_label"": ""Thời điểm trong năm"", ""feature_group"": ""SEASONAL_CALENDAR"", ""mean_abs_shap"": 0.1523915720926553, ""normalized_importance"": 0.08563449522969055}, {""feature"": ""rain_max_daily_7d"", ""human_label"": ""Lượng mưa — 7 ngày gần đây"", ""feature_group"": ""WEATHER_7D"", ""mean_abs_shap"": 0.10249893467799404, ""normalized_importance"": 0.05759796563680231}, {""feature"": ""humidity_min_7d"", ""human_label"": ""Độ ẩm — 7 ngày gần đây"", ""feature_group"": ""WEATHER_7D"", ""mean_abs_shap"": 0.09124228650339206, ""normalized_importance"": 0.051272436139513815}, {""feature"": ""day_of_year_cos"", ""human_label"": ""Thời điểm trong năm"", ""feature_group"": ""SEASONAL_CALENDAR"", ""mean_abs_shap"": 0.07742505200611861, ""normalized_importance"": 0.043508017901706914}, {""feature"": ""wind_gust_max_3d"", ""human_label"": ""Gió — 3 ngày gần đây"", ""feature_group"": ""WEATHER_3D"", ""mean_abs_shap"": 0.07455864211819467, ""normalized_importance"": 0.04189727551941482}, {""feature"": ""temperature_mean_7d"", ""human_label"": ""Nhiệt độ — 7 ngày gần đây"", ""feature_group"": ""WEATHER_7D"", ""mean_abs_shap"": 0.06589666573059523, ""normalized_importance"": 0.037029788653457574}, {""feature"": ""temperature_min_7d"", ""human_label"": ""Nhiệt độ — 7 ngày gần đây"", ""feature_group"": ""WEATHER_7D"", ""mean_abs_shap"": 0.053734742958719384, ""normalized_importance"": 0.0301955516724332}, {""feature"": ""temperature_max_3d"", ""human_label"": ""Nhiệt độ — 3 ngày gần đây"", ""feature_group"": ""WEATHER_3D"", ""mean_abs_shap"": 0.04574937149981794, ""normalized_importance"": 0.02570827429406983}, {""feature"": ""humidity_mean_7d"", ""human_label"": ""Độ ẩm — 7 ngày gần đây"", ""feature_group"": ""WEATHER_7D"", ""mean_abs_shap"": 0.04482692634174092, ""normalized_importance"": 0.025189918033259234}]",DEMOGRAPHIC,0.40648654136314416,0.1505732500315682,0.44294020860528766,0.024497511384875242,0.12243122971198231,0.2595578002662866,3.552713678800501e-15
143,Thấp khớp cấp - Acute rheumatic heart disease,"[{""feature"": ""day_of_year_cos"", ""human_label"": ""Thời điểm trong năm"", ""feature_group"": ""SEASONAL_CALENDAR"", ""mean_abs_shap"": 0.04214182900774312, ""normalized_importance"": 0.3844707833012185}, {""feature"": ""temperature_min_7d"", ""human_label"": ""Nhiệt độ — 7 ngày gần đây"", ""feature_group"": ""WEATHER_7D"", ""mean_abs_shap"": 0.021584682928489807, ""normalized_importance"": 0.19692263359760961}, {""feature"": ""temperature_max_3d"", ""human_label"": ""Nhiệt độ — 3 ngày gần đây"", ""feature_group"": ""WEATHER_3D"", ""mean_abs_shap"": 0.014863491811909864, ""normalized_importance"": 0.13560347222865526}, {""feature"": ""day_of_year_sin"", ""human_label"": ""Thời điểm trong năm"", ""feature_group"": ""SEASONAL_CALENDAR"", ""mean_abs_shap"": 0.014653989421260866, ""normalized_importance"": 0.13369212784392295}, {""feature"": ""rain_max_daily_7d"", ""human_label"": ""Lượng mưa — 7 ngày gần đây"", ""feature_group"": ""WEATHER_7D"", ""mean_abs_shap"": 0.0071052312637798635, ""normalized_importance"": 0.06482285875679054}, {""feature"": ""gender"", ""human_label"": ""Giới tính"", ""feature_group"": ""DEMOGRAPHIC"", ""mean_abs_shap"": 0.005627978814993391, ""normalized_importance"": 0.05134550337161679}, {""feature"": ""wind_speed_mean_7d"", ""human_label"": ""Gió — 7 ngày gần đây"", ""feature_group"": ""WEATHER_7D"", ""mean_abs_shap"": 0.0036327615088240584, ""normalized_importance"": 0.03314262090018624}, {""feature"": ""age_group"", ""human_label"": ""Nhóm tuổi"", ""feature_group"": ""DEMOGRAPHIC"", ""mean_abs_shap"": 0.0, ""normalized_importance"": 0.0}, {""feature"": ""month"", ""human_label"": ""Yếu tố mùa vụ theo tháng"", ""feature_group"": ""SEASONAL_CALENDAR"", ""mean_abs_shap"": 0.0, ""normalized_importance"": 0.0}, {""feature"": ""season"", ""human_label"": ""Mùa mưa / mùa khô"", ""feature_group"": ""SEASONAL_CALENDAR"", ""mean_abs_shap"": 0.0, ""normalized_importance"": 0.0}]",SEASONAL_CALENDAR,0.4304915854832417,0.5181629111451415,0.05134550337161679,0.0,0.13560347222865526,0.2948881132545864,1.7763568394002505e-15
144,Bệnh thấp tim mãn - Chronic rheumatic disease,"[{""feature"": ""age_group"", ""human_label"": ""Nhóm tuổi"", ""feature_group"": ""DEMOGRAPHIC"", ""mean_abs_shap"": 0.5551892227230651, ""normalized_importance"": 0.43320345869738025}, {""feature"": ""day_of_year_sin"", ""human_label"": ""Thời điểm trong năm"", ""feature_group"": ""SEASONAL_CALENDAR"", ""mean_abs_shap"": 0.15172186285865916, ""normalized_importance"": 0.11838564774007844}, {""feature"": ""temperature_min_7d"", ""human_label"": ""Nhiệt độ — 7 ngày gần đây"", ""feature_group"": ""WEATHER_7D"", ""mean_abs_shap"": 0.1136290881512898, ""normalized_importance"": 0.08866258922378616}, {""feature"": ""day_of_year_cos"", ""human_label"": ""Thời điểm trong năm"", ""feature_group"": ""SEASONAL_CALENDAR"", ""mean_abs_shap"": 0.0629454766697614, ""normalized_importance"": 0.04911514324603089}, {""feature"": ""wind_gust_max_7d"", ""human_label"": ""Gió — 7 ngày gần đây"", ""feature_group"": ""WEATHER_7D"", ""mean_abs_shap"": 0.05537803105923571, ""normalized_importance"": 0.04321041116945155}, {""feature"": ""wind_speed_mean_7d"", ""human_label"": ""Gió — 7 ngày gần đây"", ""feature_group"": ""WEATHER_7D"", ""mean_abs_shap"": 0.04983281219106436, ""normalized_importance"": 0.03888358367603666}, {""feature"": ""rain_max_daily_7d"", ""human_label"": ""Lượng mưa — 7 ngày gần đây"", ""feature_group"": ""WEATHER_7D"", ""mean_abs_shap"": 0.04105908640811355, ""normalized_importance"": 0.032037614411369285}, {""feature"": ""humidity_min_7d"", ""human_label"": ""Độ ẩm — 7 ngày gần đây"", ""feature_group"": ""WEATHER_7D"", ""mean_abs_shap"": 0.03909520071399037, ""normalized_importance"": 0.030505232224611968}, {""feature"": ""temperature_max_7d"", ""human_label"": ""Nhiệt độ — 7 ngày gần đây"", ""feature_group"": ""WEATHER_7D"", ""mean_abs_shap"": 0.034726481110045934, ""normalized_importance"": 0.027096404450136592}, {""feature"": ""gender"", ""human_label"": ""Giới tính"", ""feature_group"": ""DEMOGRAPHIC"", ""mean_abs_shap"": 0.03452438356739038, ""normalized_importance"": 0.026938711629582158}]",DEMOGRAPHIC,0.36800097643732094,0.1718568532357166,0.4601421703269624,0.005632390756829963,0.026278102132459954,0.336090483548031,2.6645352591003757e-15
145,Tăng huyết áp nguyên phát - Essential (primary) hypertension,"[{""feature"": ""age_group"", ""human_label"": ""Nhóm tuổi"", ""feature_group"": ""DEMOGRAPHIC"", ""mean_abs_shap"": 0.7257886810876045, ""normalized_importance"": 0.600760689257492}, {""feature"": ""gender"", ""human_label"": ""Giới tính"", ""feature_group"": ""DEMOGRAPHIC"", ""mean_abs_shap"": 0.1749057299737576, ""normalized_importance"": 0.14477559327139244}, {""feature"": ""temperature_min_7d"", ""human_label"": ""Nhiệt độ — 7 ngày gần đây"", ""feature_group"": ""WEATHER_7D"", ""mean_abs_shap"": 0.04288494494952637, ""normalized_importance"": 0.035497369631116264}, {""feature"": ""day_of_year_sin"", ""human_label"": ""Thời điểm trong năm"", ""feature_group"": ""SEASONAL_CALENDAR"", ""mean_abs_shap"": 0.036195272651737775, ""normalized_importance"": 0.02996009377486585}, {""feature"": ""rain_max_daily_7d"", ""human_label"": ""Lượng mưa — 7 ngày gần đây"", ""feature_group"": ""WEATHER_7D"", ""mean_abs_shap"": 0.02687017287482607, ""normalized_importance"": 0.022241382371186398}, {""feature"": ""day_of_year_cos"", ""human_label"": ""Thời điểm trong năm"", ""feature_group"": ""SEASONAL_CALENDAR"", ""mean_abs_shap"": 0.024100717107984622, ""normalized_importance"": 0.019949006919887536}, {""feature"": ""humidity_mean_7d"", ""human_label"": ""Độ ẩm — 7 ngày gần đây"", ""feature_group"": ""WEATHER_7D"", ""mean_abs_shap"": 0.024056522114712254, ""normalized_importance"": 0.019912425177416364}, {""feature"": ""month"", ""human_label"": ""Yếu tố mùa vụ theo tháng"", ""feature_group"": ""SEASONAL_CALENDAR"", ""mean_abs_shap"": 0.02227722103015069, ""normalized_importance"": 0.01843963540566628}, {""feature"": ""humidity_max_7d"", ""human_label"": ""Độ ẩm — 7 ngày gần đây"", ""feature_group"": ""WEATHER_7D"", ""mean_abs_shap"": 0.01892337697963851, ""normalized_importance"": 0.01566354132215351}, {""feature"": ""temperature_max_3d"", ""human_label"": ""Nhiệt độ — 3 ngày gần đây"", ""feature_group"": ""WEATHER_3D"", ""mean_abs_shap"": 0.017839287072553063, ""normalized_importance"": 0.014766202169906338}]",DEMOGRAPHIC,0.1832934678794719,0.0711702495916435,0.7455362825288845,0.00458647204432512,0.025280666657498212,0.15342632917764856,3.2404634531246757e-15
146,Bệnh tăng huyết áp khác - Other hypertensive diseases,"[{""feature"": ""age_group"", ""human_label"": ""Nhóm tuổi"", ""feature_group"": ""DEMOGRAPHIC"", ""mean_abs_shap"": 0.26928060239895957, ""normalized_importance"": 0.36101786518865975}, {""feature"": ""day_of_year_sin"", ""human_label"": ""Thời điểm trong năm"", ""feature_group"": ""SEASONAL_CALENDAR"", ""mean_abs_shap"": 0.09426216482718702, ""normalized_importance"": 0.1263749605831397}, {""feature"": ""precipitation_sum_7d"", ""human_label"": ""Lượng mưa — 7 ngày gần đây"", ""feature_group"": ""WEATHER_7D"", ""mean_abs_shap"": 0.06487907948486256, ""normalized_importance"": 0.08698178243202323}, {""feature"": ""gender"", ""human_label"": ""Giới tính"", ""feature_group"": ""DEMOGRAPHIC"", ""mean_abs_shap"": 0.0593068920686722, ""normalized_importance"": 0.07951128813164383}, {""feature"": ""temperature_min_7d"", ""human_label"": ""Nhiệt độ — 7 ngày gần đây"", ""feature_group"": ""WEATHER_7D"", ""mean_abs_shap"": 0.03550010033077358, ""normalized_importance"": 0.047594109346246145}, {""feature"": ""humidity_min_7d"", ""human_label"": ""Độ ẩm — 7 ngày gần đây"", ""feature_group"": ""WEATHER_7D"", ""mean_abs_shap"": 0.029839268092368153, ""normalized_importance"": 0.04000477111804198}, {""feature"": ""temperature_mean_7d"", ""human_label"": ""Nhiệt độ — 7 ngày gần đây"", ""feature_group"": ""WEATHER_7D"", ""mean_abs_shap"": 0.02791208551027112, ""normalized_importance"": 0.0374210449401473}, {""feature"": ""rain_max_daily_7d"", ""human_label"": ""Lượng mưa — 7 ngày gần đây"", ""feature_group"": ""WEATHER_7D"", ""mean_abs_shap"": 0.024969830126205385, ""normalized_importance"": 0.033476435680763986}, {""feature"": ""wind_speed_max_7d"", ""human_label"": ""Gió — 7 ngày gần đây"", ""feature_group"": ""WEATHER_7D"", ""mean_abs_shap"": 0.01957520849519734, ""normalized_importance"": 0.02624399945113301}, {""feature"": ""day_of_year_cos"", ""human_label"": ""Thời điểm trong năm"", ""feature_group"": ""SEASONAL_CALENDAR"", ""mean_abs_shap"": 0.019296334856241156, ""normalized_importance"": 0.025870120438324682}]",DEMOGRAPHIC,0.40281573362349665,0.15665511305619959,0.44052915332030357,0.015302738538439558,0.026616916587435892,0.3608960784976212,2.6645352591003757e-15
148,Bệnh tim thiếu máu cục bộ khác - Other ischaemic heart diseases,"[{""feature"": ""month"", ""human_label"": ""Yếu tố mùa vụ theo tháng"", ""feature_group"": ""SEASONAL_CALENDAR"", ""mean_abs_shap"": 0.026579226293423266, ""normalized_importance"": 0.3144467329071958}, {""feature"": ""gender"", ""human_label"": ""Giới tính"", ""feature_group"": ""DEMOGRAPHIC"", ""mean_abs_shap"": 0.01441118494699855, ""normalized_importance"": 0.17049217211512044}, {""feature"": ""humidity_min_7d"", ""human_label"": ""Độ ẩm — 7 ngày gần đây"", ""feature_group"": ""WEATHER_7D"", ""mean_abs_shap"": 0.013187834459517041, ""normalized_importance"": 0.15601926911402106}, {""feature"": ""precipitation_sum_7d"", ""human_label"": ""Lượng mưa — 7 ngày gần đây"", ""feature_group"": ""WEATHER_7D"", ""mean_abs_shap"": 0.012775502077602799, ""normalized_importance"": 0.15114115231207118}, {""feature"": ""temperature_min_7d"", ""human_label"": ""Nhiệt độ — 7 ngày gần đây"", ""feature_group"": ""WEATHER_7D"", ""mean_abs_shap"": 0.01128946149193383, ""normalized_importance"": 0.13356048228155465}, {""feature"": ""humidity_mean_3d"", ""human_label"": ""Độ ẩm — 3 ngày gần đây"", ""feature_group"": ""WEATHER_3D"", ""mean_abs_shap"": 0.006283750345232034, ""normalized_importance"": 0.07434019127003681}, {""feature"": ""age_group"", ""human_label"": ""Nhóm tuổi"", ""feature_group"": ""DEMOGRAPHIC"", ""mean_abs_shap"": 0.0, ""normalized_importance"": 0.0}, {""feature"": ""season"", ""human_label"": ""Mùa mưa / mùa khô"", ""feature_group"": ""SEASONAL_CALENDAR"", ""mean_abs_shap"": 0.0, ""normalized_importance"": 0.0}, {""feature"": ""day_of_year_sin"", ""human_label"": ""Thời điểm trong năm"", ""feature_group"": ""SEASONAL_CALENDAR"", ""mean_abs_shap"": 0.0, ""normalized_importance"": 0.0}, {""feature"": ""day_of_year_cos"", ""human_label"": ""Thời điểm trong năm"", ""feature_group"": ""SEASONAL_CALENDAR"", ""mean_abs_shap"": 0.0, ""normalized_importance"": 0.0}]",WEATHER_7D,0.5150610949776836,0.3144467329071958,0.17049217211512044,0.0,0.07434019127003681,0.4407209037076468,1.7763568394002505e-15
150,Rối loạn dẫn truyền và loạn nhịp tim - Conduction disorders and cardiac arrhythymias,"[{""feature"": ""age_group"", ""human_label"": ""Nhóm tuổi"", ""feature_group"": ""DEMOGRAPHIC"", ""mean_abs_shap"": 0.5557590389564537, ""normalized_importance"": 0.5824390649748584}, {""feature"": ""rain_max_daily_7d"", ""human_label"": ""Lượng mưa — 7 ngày gần đây"", ""feature_group"": ""WEATHER_7D"", ""mean_abs_shap"": 0.08218231020942794, ""normalized_importance"": 0.08612759228483462}, {""feature"": ""month"", ""human_label"": ""Yếu tố mùa vụ theo tháng"", ""feature_group"": ""SEASONAL_CALENDAR"", ""mean_abs_shap"": 0.04857940693417673, ""normalized_importance"": 0.05091153246000926}, {""feature"": ""day_of_year_sin"", ""human_label"": ""Thời điểm trong năm"", ""feature_group"": ""SEASONAL_CALENDAR"", ""mean_abs_shap"": 0.0350452337790814, ""normalized_importance"": 0.03672763151534247}, {""feature"": ""temperature_max_7d"", ""human_label"": ""Nhiệt độ — 7 ngày gần đây"", ""feature_group"": ""WEATHER_7D"", ""mean_abs_shap"": 0.030734770363210866, ""normalized_importance"": 0.032210237994830276}, {""feature"": ""temperature_min_7d"", ""human_label"": ""Nhiệt độ — 7 ngày gần đây"", ""feature_group"": ""WEATHER_7D"", ""mean_abs_shap"": 0.030611632851956973, ""normalized_importance"": 0.032081189087136905}, {""feature"": ""wind_speed_max_7d"", ""human_label"": ""Gió — 7 ngày gần đây"", ""feature_group"": ""WEATHER_7D"", ""mean_abs_shap"": 0.03060349229184647, ""normalized_importance"": 0.03207265772752459}, {""feature"": ""temperature_mean_7d"", ""human_label"": ""Nhiệt độ — 7 ngày gần đây"", ""feature_group"": ""WEATHER_7D"", ""mean_abs_shap"": 0.02308228062595367, ""normalized_importance"": 0.024190379288318055}, {""feature"": ""temperature_mean_3d"", ""human_label"": ""Nhiệt độ — 3 ngày gần đây"", ""feature_group"": ""WEATHER_3D"", ""mean_abs_shap"": 0.017345428194227557, ""normalized_importance"": 0.018178120859723947}, {""feature"": ""humidity_min_7d"", ""human_label"": ""Độ ẩm — 7 ngày gần đây"", ""feature_group"": ""WEATHER_7D"", ""mean_abs_shap"": 0.013856206380944518, ""normalized_importance"": 0.014521393846818467}]",DEMOGRAPHIC,0.3034198465027509,0.10807694609128375,0.5885032074059656,0.002718697485697373,0.04138762741665403,0.2593135216003995,1.7763568394002505e-15
151,Suy tim - Heart failure,"[{""feature"": ""age_group"", ""human_label"": ""Nhóm tuổi"", ""feature_group"": ""DEMOGRAPHIC"", ""mean_abs_shap"": 0.045889013075498405, ""normalized_importance"": 0.420120521714614}, {""feature"": ""month"", ""human_label"": ""Yếu tố mùa vụ theo tháng"", ""feature_group"": ""SEASONAL_CALENDAR"", ""mean_abs_shap"": 0.024677094758898243, ""normalized_importance"": 0.22592235547651718}, {""feature"": ""temperature_mean_7d"", ""human_label"": ""Nhiệt độ — 7 ngày gần đây"", ""feature_group"": ""WEATHER_7D"", ""mean_abs_shap"": 0.011317253308188719, ""normalized_importance"": 0.10361108347198955}, {""feature"": ""wind_gust_max_7d"", ""human_label"": ""Gió — 7 ngày gần đây"", ""feature_group"": ""WEATHER_7D"", ""mean_abs_shap"": 0.007922579230453964, ""normalized_importance"": 0.072532353531936}, {""feature"": ""temperature_max_7d"", ""human_label"": ""Nhiệt độ — 7 ngày gần đây"", ""feature_group"": ""WEATHER_7D"", ""mean_abs_shap"": 0.00611946745617105, ""normalized_importance"": 0.0560246056299449}, {""feature"": ""day_of_year_cos"", ""human_label"": ""Thời điểm trong năm"", ""feature_group"": ""SEASONAL_CALENDAR"", ""mean_abs_shap"": 0.004849746372862669, ""normalized_importance"": 0.044400126300351735}, {""feature"": ""temperature_max_current"", ""human_label"": ""Nhiệt độ — hiện tại"", ""feature_group"": ""WEATHER_CURRENT"", ""mean_abs_shap"": 0.0028722545663173444, ""normalized_importance"": 0.02629590409610959}, {""feature"": ""humidity_max_7d"", ""human_label"": ""Độ ẩm — 7 ngày gần đây"", ""feature_group"": ""WEATHER_7D"", ""mean_abs_shap"": 0.0026384678725999817, ""normalized_importance"": 0.02415555325498603}, {""feature"": ""temperature_min_7d"", ""human_label"": ""Nhiệt độ — 7 ngày gần đây"", ""feature_group"": ""WEATHER_7D"", ""mean_abs_shap"": 0.0014134811326195762, ""normalized_importance"": 0.012940623279321859}, {""feature"": ""gender"", ""human_label"": ""Giới tính"", ""feature_group"": ""DEMOGRAPHIC"", ""mean_abs_shap"": 0.0007865387342003058, ""normalized_importance"": 0.0072008753558794126}]",DEMOGRAPHIC,0.3023561211526378,0.2703224817768689,0.42732139707049344,0.02629590409610959,0.0,0.2760602170565282,2.220446049250313e-15
152,Bệnh tim khác - Other heart diseases,"[{""feature"": ""age_group"", ""human_label"": ""Nhóm tuổi"", ""feature_group"": ""DEMOGRAPHIC"", ""mean_abs_shap"": 0.9282514466673508, ""normalized_importance"": 0.5807628172610175}, {""feature"": ""month"", ""human_label"": ""Yếu tố mùa vụ theo tháng"", ""feature_group"": ""SEASONAL_CALENDAR"", ""mean_abs_shap"": 0.10505516629262553, ""normalized_importance"": 0.06572802505504122}, {""feature"": ""day_of_year_cos"", ""human_label"": ""Thời điểm trong năm"", ""feature_group"": ""SEASONAL_CALENDAR"", ""mean_abs_shap"": 0.09449983429388459, ""normalized_importance"": 0.05912405544021016}, {""feature"": ""wind_speed_mean_7d"", ""human_label"": ""Gió — 7 ngày gần đây"", ""feature_group"": ""WEATHER_7D"", ""mean_abs_shap"": 0.07399722581340244, ""normalized_importance"": 0.046296547651157934}, {""feature"": ""day_of_year_sin"", ""human_label"": ""Thời điểm trong năm"", ""feature_group"": ""SEASONAL_CALENDAR"", ""mean_abs_shap"": 0.06059559756581154, ""normalized_importance"": 0.03791178573680897}, {""feature"": ""temperature_min_7d"", ""human_label"": ""Nhiệt độ — 7 ngày gần đây"", ""feature_group"": ""WEATHER_7D"", ""mean_abs_shap"": 0.04918016469448358, ""normalized_importance"": 0.030769691880226747}, {""feature"": ""wind_speed_max_7d"", ""human_label"": ""Gió — 7 ngày gần đây"", ""feature_group"": ""WEATHER_7D"", ""mean_abs_shap"": 0.04239221275840457, ""normalized_importance"": 0.026522792934921515}, {""feature"": ""humidity_mean_7d"", ""human_label"": ""Độ ẩm — 7 ngày gần đây"", ""feature_group"": ""WEATHER_7D"", ""mean_abs_shap"": 0.03469243955013879, ""normalized_importance"": 0.02170541075172322}, {""feature"": ""temperature_max_7d"", ""human_label"": ""Nhiệt độ — 7 ngày gần đây"", ""feature_group"": ""WEATHER_7D"", ""mean_abs_shap"": 0.027145580785528558, ""normalized_importance"": 0.016983699869028833}, {""feature"": ""temperature_mean_7d"", ""human_label"": ""Nhiệt độ — 7 ngày gần đây"", ""feature_group"": ""WEATHER_7D"", ""mean_abs_shap"": 0.020995538699749728, ""normalized_importance"": 0.013135910801924151}]",DEMOGRAPHIC,0.2440407567313902,0.16276386623206035,0.5931953770365493,0.009882859290112539,0.03847674802464758,0.1956811494166301,3.552713678800501e-15
153,Chảy máu não - Intracerebral haemorrhage,"[{""feature"": ""age_group"", ""human_label"": ""Nhóm tuổi"", ""feature_group"": ""DEMOGRAPHIC"", ""mean_abs_shap"": 0.5652246602098323, ""normalized_importance"": 0.41219586531052954}, {""feature"": ""gender"", ""human_label"": ""Giới tính"", ""feature_group"": ""DEMOGRAPHIC"", ""mean_abs_shap"": 0.2990290917842256, ""normalized_importance"": 0.21807002404187834}, {""feature"": ""temperature_min_7d"", ""human_label"": ""Nhiệt độ — 7 ngày gần đây"", ""feature_group"": ""WEATHER_7D"", ""mean_abs_shap"": 0.07473117238160686, ""normalized_importance"": 0.05449847190685425}, {""feature"": ""day_of_year_sin"", ""human_label"": ""Thời điểm trong năm"", ""feature_group"": ""SEASONAL_CALENDAR"", ""mean_abs_shap"": 0.04830181757703798, ""normalized_importance"": 0.03522459456182831}, {""feature"": ""rain_max_daily_7d"", ""human_label"": ""Lượng mưa — 7 ngày gần đây"", ""feature_group"": ""WEATHER_7D"", ""mean_abs_shap"": 0.04791651178501819, ""normalized_importance"": 0.03494360637158942}, {""feature"": ""day_of_year_cos"", ""human_label"": ""Thời điểm trong năm"", ""feature_group"": ""SEASONAL_CALENDAR"", ""mean_abs_shap"": 0.04786574641842467, ""normalized_importance"": 0.03490658520870694}, {""feature"": ""wind_gust_max_7d"", ""human_label"": ""Gió — 7 ngày gần đây"", ""feature_group"": ""WEATHER_7D"", ""mean_abs_shap"": 0.04361820964909604, ""normalized_importance"": 0.03180902557034697}, {""feature"": ""humidity_min_7d"", ""human_label"": ""Độ ẩm — 7 ngày gần đây"", ""feature_group"": ""WEATHER_7D"", ""mean_abs_shap"": 0.041596822437194286, ""normalized_importance"": 0.030334908268691792}, {""feature"": ""temperature_mean_3d"", ""human_label"": ""Nhiệt độ — 3 ngày gần đây"", ""feature_group"": ""WEATHER_3D"", ""mean_abs_shap"": 0.03714056681556314, ""normalized_importance"": 0.02708513827224249}, {""feature"": ""wind_speed_mean_7d"", ""human_label"": ""Gió — 7 ngày gần đây"", ""feature_group"": ""WEATHER_7D"", ""mean_abs_shap"": 0.029166014976911236, ""normalized_importance"": 0.021269614769823985}]",DEMOGRAPHIC,0.2869677411621373,0.08276636948545481,0.6302658893524079,0.02370631417255272,0.049617753132116346,0.21364367385746824,3.552713678800501e-15
154,Nhồi máu não - Cerebral infarction,"[{""feature"": ""age_group"", ""human_label"": ""Nhóm tuổi"", ""feature_group"": ""DEMOGRAPHIC"", ""mean_abs_shap"": 0.782572643735351, ""normalized_importance"": 0.5152626649288152}, {""feature"": ""day_of_year_cos"", ""human_label"": ""Thời điểm trong năm"", ""feature_group"": ""SEASONAL_CALENDAR"", ""mean_abs_shap"": 0.1606993222730755, ""normalized_importance"": 0.10580789107506978}, {""feature"": ""month"", ""human_label"": ""Yếu tố mùa vụ theo tháng"", ""feature_group"": ""SEASONAL_CALENDAR"", ""mean_abs_shap"": 0.07765252015086309, ""normalized_importance"": 0.051128089886187285}, {""feature"": ""rain_max_daily_7d"", ""human_label"": ""Lượng mưa — 7 ngày gần đây"", ""feature_group"": ""WEATHER_7D"", ""mean_abs_shap"": 0.06977470554080327, ""normalized_importance"": 0.04594116726336264}, {""feature"": ""day_of_year_sin"", ""human_label"": ""Thời điểm trong năm"", ""feature_group"": ""SEASONAL_CALENDAR"", ""mean_abs_shap"": 0.06926064796094109, ""normalized_importance"": 0.04560270069332979}, {""feature"": ""temperature_max_7d"", ""human_label"": ""Nhiệt độ — 7 ngày gần đây"", ""feature_group"": ""WEATHER_7D"", ""mean_abs_shap"": 0.042688339691487505, ""normalized_importance"": 0.0281069212512121}, {""feature"": ""humidity_min_7d"", ""human_label"": ""Độ ẩm — 7 ngày gần đây"", ""feature_group"": ""WEATHER_7D"", ""mean_abs_shap"": 0.04227006781902517, ""normalized_importance"": 0.027831522051668146}, {""feature"": ""wind_gust_max_7d"", ""human_label"": ""Gió — 7 ngày gần đây"", ""feature_group"": ""WEATHER_7D"", ""mean_abs_shap"": 0.0379384320063356, ""normalized_importance"": 0.024979479841638747}, {""feature"": ""humidity_mean_7d"", ""human_label"": ""Độ ẩm — 7 ngày gần đây"", ""feature_group"": ""WEATHER_7D"", ""mean_abs_shap"": 0.03270479448117905, ""normalized_importance"": 0.02153354029842673}, {""feature"": ""temperature_min_7d"", ""human_label"": ""Nhiệt độ — 7 ngày gần đây"", ""feature_group"": ""WEATHER_7D"", ""mean_abs_shap"": 0.03086378599013464, ""normalized_importance"": 0.020321380700406184}]",DEMOGRAPHIC,0.26204634367202895,0.20253868165458688,0.5354149746733841,0.020506162189472026,0.02001433404326973,0.22152584743928716,2.6645352591003757e-15
155,"Tai biến mạch máu não, không xác định rõ chảy máu hoặc do nhồi máu - Stroke, not specified as haemorrhage or infarction","[{""feature"": ""temperature_mean_7d"", ""human_label"": ""Nhiệt độ — 7 ngày gần đây"", ""feature_group"": ""WEATHER_7D"", ""mean_abs_shap"": 0.12037469149796458, ""normalized_importance"": 0.32860490466666215}, {""feature"": ""day_of_year_sin"", ""human_label"": ""Thời điểm trong năm"", ""feature_group"": ""SEASONAL_CALENDAR"", ""mean_abs_shap"": 0.07554190315553065, ""normalized_importance"": 0.20621809764040902}, {""feature"": ""wind_gust_max_7d"", ""human_label"": ""Gió — 7 ngày gần đây"", ""feature_group"": ""WEATHER_7D"", ""mean_abs_shap"": 0.0493466791028855, ""normalized_importance"": 0.1347090537091366}, {""feature"": ""gender"", ""human_label"": ""Giới tính"", ""feature_group"": ""DEMOGRAPHIC"", ""mean_abs_shap"": 0.039443028564839513, ""normalized_importance"": 0.10767356892069527}, {""feature"": ""day_of_year_cos"", ""human_label"": ""Thời điểm trong năm"", ""feature_group"": ""SEASONAL_CALENDAR"", ""mean_abs_shap"": 0.027562732583604633, ""normalized_importance"": 0.07524213769753463}, {""feature"": ""wind_speed_max_7d"", ""human_label"": ""Gió — 7 ngày gần đây"", ""feature_group"": ""WEATHER_7D"", ""mean_abs_shap"": 0.010858991678798242, ""normalized_importance"": 0.029643423222795222}, {""feature"": ""wind_speed_mean_7d"", ""human_label"": ""Gió — 7 ngày gần đây"", ""feature_group"": ""WEATHER_7D"", ""mean_abs_shap"": 0.007598723192762734, ""normalized_importance"": 0.020743377858529127}, {""feature"": ""age_group"", ""human_label"": ""Nhóm tuổi"", ""feature_group"": ""DEMOGRAPHIC"", ""mean_abs_shap"": 0.006580474240399642, ""normalized_importance"": 0.017963710506909286}, {""feature"": ""temperature_mean_3d"", ""human_label"": ""Nhiệt độ — 3 ngày gần đây"", ""feature_group"": ""WEATHER_3D"", ""mean_abs_shap"": 0.004883264016464006, ""normalized_importance"": 0.013330580428689445}, {""feature"": ""humidity_mean_7d"", ""human_label"": ""Độ ẩm — 7 ngày gần đây"", ""feature_group"": ""WEATHER_7D"", ""mean_abs_shap"": 0.004598518214186897, ""normalized_importance"": 0.01255326697478054}]",WEATHER_7D,0.592902485234452,0.2814602353379436,0.12563727942760455,0.017197272118931597,0.026496872280196627,0.5492083408353238,1.7763568394002505e-15
156,Bệnh mạch máu não khác - Other cerebrovascular diseases,"[{""feature"": ""age_group"", ""human_label"": ""Nhóm tuổi"", ""feature_group"": ""DEMOGRAPHIC"", ""mean_abs_shap"": 1.334019330057979, ""normalized_importance"": 0.507432092519676}, {""feature"": ""day_of_year_cos"", ""human_label"": ""Thời điểm trong năm"", ""feature_group"": ""SEASONAL_CALENDAR"", ""mean_abs_shap"": 0.11731805492789356, ""normalized_importance"": 0.044625249995299536}, {""feature"": ""wind_speed_mean_7d"", ""human_label"": ""Gió — 7 ngày gần đây"", ""feature_group"": ""WEATHER_7D"", ""mean_abs_shap"": 0.11703730617885048, ""normalized_importance"": 0.04451845924497884}, {""feature"": ""temperature_max_7d"", ""human_label"": ""Nhiệt độ — 7 ngày gần đây"", ""feature_group"": ""WEATHER_7D"", ""mean_abs_shap"": 0.11516564496308344, ""normalized_importance"": 0.04380651981066546}, {""feature"": ""day_of_year_sin"", ""human_label"": ""Thời điểm trong năm"", ""feature_group"": ""SEASONAL_CALENDAR"", ""mean_abs_shap"": 0.10586311023346658, ""normalized_importance"": 0.04026803685376461}, {""feature"": ""gender"", ""human_label"": ""Giới tính"", ""feature_group"": ""DEMOGRAPHIC"", ""mean_abs_shap"": 0.10132193245810302, ""normalized_importance"": 0.038540671073422864}, {""feature"": ""temperature_mean_7d"", ""human_label"": ""Nhiệt độ — 7 ngày gần đây"", ""feature_group"": ""WEATHER_7D"", ""mean_abs_shap"": 0.09962059483331483, ""normalized_importance"": 0.037893519048278514}, {""feature"": ""temperature_min_7d"", ""human_label"": ""Nhiệt độ — 7 ngày gần đây"", ""feature_group"": ""WEATHER_7D"", ""mean_abs_shap"": 0.09804376829868776, ""normalized_importance"": 0.03729372834811558}, {""feature"": ""humidity_max_7d"", ""human_label"": ""Độ ẩm — 7 ngày gần đây"", ""feature_group"": ""WEATHER_7D"", ""mean_abs_shap"": 0.09727727048604638, ""normalized_importance"": 0.0370021691628649}, {""feature"": ""rain_max_daily_7d"", ""human_label"": ""Lượng mưa — 7 ngày gần đây"", ""feature_group"": ""WEATHER_7D"", ""mean_abs_shap"": 0.07907317248839436, ""normalized_importance"": 0.030077724118293965}]",DEMOGRAPHIC,0.358671384243319,0.09535585216358217,0.5459727635930989,0.014273913367781844,0.03969686180441204,0.3047006090711251,8.881784197001252e-15
159,Nghẽn và huyết khối động mạch - Arterial embolism and thrombosis,"[{""feature"": ""age_group"", ""human_label"": ""Nhóm tuổi"", ""feature_group"": ""DEMOGRAPHIC"", ""mean_abs_shap"": 0.0905240207046955, ""normalized_importance"": 0.23787633423760587}, {""feature"": ""wind_speed_mean_7d"", ""human_label"": ""Gió — 7 ngày gần đây"", ""feature_group"": ""WEATHER_7D"", ""mean_abs_shap"": 0.06390870428586386, ""normalized_importance"": 0.16793739587627396}, {""feature"": ""day_of_year_sin"", ""human_label"": ""Thời điểm trong năm"", ""feature_group"": ""SEASONAL_CALENDAR"", ""mean_abs_shap"": 0.05176157202710604, ""normalized_importance"": 0.13601752233642356}, {""feature"": ""temperature_mean_7d"", ""human_label"": ""Nhiệt độ — 7 ngày gần đây"", ""feature_group"": ""WEATHER_7D"", ""mean_abs_shap"": 0.03468264620840348, ""normalized_importance"": 0.09113802808901177}, {""feature"": ""day_of_year_cos"", ""human_label"": ""Thời điểm trong năm"", ""feature_group"": ""SEASONAL_CALENDAR"", ""mean_abs_shap"": 0.023525631427712867, ""normalized_importance"": 0.061819955864588286}, {""feature"": ""wind_speed_max_7d"", ""human_label"": ""Gió — 7 ngày gần đây"", ""feature_group"": ""WEATHER_7D"", ""mean_abs_shap"": 0.02321950089066429, ""normalized_importance"": 0.06101551512737379}, {""feature"": ""precipitation_sum_7d"", ""human_label"": ""Lượng mưa — 7 ngày gần đây"", ""feature_group"": ""WEATHER_7D"", ""mean_abs_shap"": 0.0230850340285993, ""normalized_importance"": 0.060662167099132774}, {""feature"": ""gender"", ""human_label"": ""Giới tính"", ""feature_group"": ""DEMOGRAPHIC"", ""mean_abs_shap"": 0.016159160665635258, ""normalized_importance"": 0.0424625626830829}, {""feature"": ""temperature_max_7d"", ""human_label"": ""Nhiệt độ — 7 ngày gần đây"", ""feature_group"": ""WEATHER_7D"", ""mean_abs_shap"": 0.014746696693937402, ""normalized_importance"": 0.03875093178981716}, {""feature"": ""humidity_min_7d"", ""human_label"": ""Độ ẩm — 7 ngày gần đây"", ""feature_group"": ""WEATHER_7D"", ""mean_abs_shap"": 0.013114014219332074, ""normalized_importance"": 0.034460617252197935}]",WEATHER_7D,0.5218236248782994,0.19783747820101183,0.28033889692068875,0.00699328780575073,0.04688775489493295,0.4679425821776157,1.7763568394002505e-15
160,"Bệnh khác của động mạch, tiểu động mạch và mao mạch - Other diseases of arteries, arterioles and capillaries","[{""feature"": ""day_of_year_cos"", ""human_label"": ""Thời điểm trong năm"", ""feature_group"": ""SEASONAL_CALENDAR"", ""mean_abs_shap"": 0.0378237701091028, ""normalized_importance"": 0.4241839565308941}, {""feature"": ""rain_max_daily_7d"", ""human_label"": ""Lượng mưa — 7 ngày gần đây"", ""feature_group"": ""WEATHER_7D"", ""mean_abs_shap"": 0.017426921623411015, ""normalized_importance"": 0.19543849127279986}, {""feature"": ""month"", ""human_label"": ""Yếu tố mùa vụ theo tháng"", ""feature_group"": ""SEASONAL_CALENDAR"", ""mean_abs_shap"": 0.009835938102723867, ""normalized_importance"": 0.11030754281161088}, {""feature"": ""temperature_min_7d"", ""human_label"": ""Nhiệt độ — 7 ngày gần đây"", ""feature_group"": ""WEATHER_7D"", ""mean_abs_shap"": 0.008063385813739502, ""normalized_importance"": 0.09042881996271307}, {""feature"": ""temperature_max_3d"", ""human_label"": ""Nhiệt độ — 3 ngày gần đây"", ""feature_group"": ""WEATHER_3D"", ""mean_abs_shap"": 0.006224730046929156, ""normalized_importance"": 0.06980876343174718}, {""feature"": ""gender"", ""human_label"": ""Giới tính"", ""feature_group"": ""DEMOGRAPHIC"", ""mean_abs_shap"": 0.005479536455005965, ""normalized_importance"": 0.06145160693223223}, {""feature"": ""humidity_mean_3d"", ""human_label"": ""Độ ẩm — 3 ngày gần đây"", ""feature_group"": ""WEATHER_3D"", ""mean_abs_shap"": 0.00431403627969771, ""normalized_importance"": 0.04838081905800269}, {""feature"": ""age_group"", ""human_label"": ""Nhóm tuổi"", ""feature_group"": ""DEMOGRAPHIC"", ""mean_abs_shap"": 0.0, ""normalized_importance"": 0.0}, {""feature"": ""season"", ""human_label"": ""Mùa mưa / mùa khô"", ""feature_group"": ""SEASONAL_CALENDAR"", ""mean_abs_shap"": 0.0, ""normalized_importance"": 0.0}, {""feature"": ""day_of_year_sin"", ""human_label"": ""Thời điểm trong năm"", ""feature_group"": ""SEASONAL_CALENDAR"", ""mean_abs_shap"": 0.0, ""normalized_importance"": 0.0}]",SEASONAL_CALENDAR,0.40405689372526277,0.534491499342505,0.06145160693223223,0.0,0.11818958248974987,0.2858673112355129,1.7763568394002505e-15
161,"Viêm tĩnh mạch, viêm tĩnh mạch huyết khối, nghẽn mạch và huyết khối tĩnh mạch - Phlebitis, thrombophlebitis,venous embolism and thrombosis","[{""feature"": ""age_group"", ""human_label"": ""Nhóm tuổi"", ""feature_group"": ""DEMOGRAPHIC"", ""mean_abs_shap"": 0.022345766236662953, ""normalized_importance"": 0.3116886013563151}, {""feature"": ""temperature_max_7d"", ""human_label"": ""Nhiệt độ — 7 ngày gần đây"", ""feature_group"": ""WEATHER_7D"", ""mean_abs_shap"": 0.012789078901144543, ""normalized_importance"": 0.1783877121560988}, {""feature"": ""rain_max_daily_7d"", ""human_label"": ""Lượng mưa — 7 ngày gần đây"", ""feature_group"": ""WEATHER_7D"", ""mean_abs_shap"": 0.009315341189485878, ""normalized_importance"": 0.12993448672813662}, {""feature"": ""day_of_year_sin"", ""human_label"": ""Thời điểm trong năm"", ""feature_group"": ""SEASONAL_CALENDAR"", ""mean_abs_shap"": 0.005934748119045636, ""normalized_importance"": 0.08278048383019328}, {""feature"": ""humidity_mean_3d"", ""human_label"": ""Độ ẩm — 3 ngày gần đây"", ""feature_group"": ""WEATHER_3D"", ""mean_abs_shap"": 0.0058600569869582545, ""normalized_importance"": 0.08173865898303992}, {""feature"": ""temperature_min_7d"", ""human_label"": ""Nhiệt độ — 7 ngày gần đây"", ""feature_group"": ""WEATHER_7D"", ""mean_abs_shap"": 0.005583216965738851, ""normalized_importance"": 0.0778771722880008}, {""feature"": ""wind_speed_mean_3d"", ""human_label"": ""Gió — 3 ngày gần đây"", ""feature_group"": ""WEATHER_3D"", ""mean_abs_shap"": 0.0033785052664722266, ""normalized_importance"": 0.04712488128753158}, {""feature"": ""day_of_year_cos"", ""human_label"": ""Thời điểm trong năm"", ""feature_group"": ""SEASONAL_CALENDAR"", ""mean_abs_shap"": 0.0032049155417685046, ""normalized_importance"": 0.044703575258922074}, {""feature"": ""gender"", ""human_label"": ""Giới tính"", ""feature_group"": ""DEMOGRAPHIC"", ""mean_abs_shap"": 0.0029349729158096314, ""normalized_importance"": 0.0409382964745443}, {""feature"": ""wind_gust_max_7d"", ""human_label"": ""Gió — 7 ngày gần đây"", ""feature_group"": ""WEATHER_7D"", ""mean_abs_shap"": 0.0003459979252476464, ""normalized_importance"": 0.004826131637217504}]",WEATHER_7D,0.5198890430800253,0.12748405908911536,0.3526268978308594,0.0,0.1288635402705715,0.39102550280945375,1.3322676295501878e-15
164,Các bệnh khác của bộ máy tuần hoàn - Other diseases of the circulatory system,"[{""feature"": ""age_group"", ""human_label"": ""Nhóm tuổi"", ""feature_group"": ""DEMOGRAPHIC"", ""mean_abs_shap"": 0.8539151384013275, ""normalized_importance"": 0.6282751923907492}, {""feature"": ""gender"", ""human_label"": ""Giới tính"", ""feature_group"": ""DEMOGRAPHIC"", ""mean_abs_shap"": 0.11192203782443581, ""normalized_importance"": 0.08234757376307782}, {""feature"": ""day_of_year_cos"", ""human_label"": ""Thời điểm trong năm"", ""feature_group"": ""SEASONAL_CALENDAR"", ""mean_abs_shap"": 0.062329950758955824, ""normalized_importance"": 0.045859781661797994}, {""feature"": ""temperature_min_7d"", ""human_label"": ""Nhiệt độ — 7 ngày gần đây"", ""feature_group"": ""WEATHER_7D"", ""mean_abs_shap"": 0.050244846948408126, ""normalized_importance"": 0.03696806563501696}, {""feature"": ""wind_speed_max_7d"", ""human_label"": ""Gió — 7 ngày gần đây"", ""feature_group"": ""WEATHER_7D"", ""mean_abs_shap"": 0.04539728579869629, ""normalized_importance"": 0.0334014320469733}, {""feature"": ""temperature_max_7d"", ""human_label"": ""Nhiệt độ — 7 ngày gần đây"", ""feature_group"": ""WEATHER_7D"", ""mean_abs_shap"": 0.038269997619653155, ""normalized_importance"": 0.02815747026372629}, {""feature"": ""day_of_year_sin"", ""human_label"": ""Thời điểm trong năm"", ""feature_group"": ""SEASONAL_CALENDAR"", ""mean_abs_shap"": 0.028234168844447134, ""normalized_importance"": 0.020773525453533923}, {""feature"": ""temperature_mean_7d"", ""human_label"": ""Nhiệt độ — 7 ngày gần đây"", ""feature_group"": ""WEATHER_7D"", ""mean_abs_shap"": 0.021246073451763943, ""normalized_importance"": 0.01563197592496766}, {""feature"": ""humidity_max_7d"", ""human_label"": ""Độ ẩm — 7 ngày gần đây"", ""feature_group"": ""WEATHER_7D"", ""mean_abs_shap"": 0.01856007634975038, ""normalized_importance"": 0.013655731131851645}, {""feature"": ""wind_speed_mean_7d"", ""human_label"": ""Gió — 7 ngày gần đây"", ""feature_group"": ""WEATHER_7D"", ""mean_abs_shap"": 0.017021921043445205, ""normalized_importance"": 0.012524020523224925}]",DEMOGRAPHIC,0.212030618476109,0.0773466153700641,0.710622766153827,0.009166018773088326,0.0195382870403488,0.18332631266267185,3.1086244689504383e-15
165,Viêm họng và viêm amidan cấp - Acute pharyngitis and acute tonsillitis,"[{""feature"": ""age_group"", ""human_label"": ""Nhóm tuổi"", ""feature_group"": ""DEMOGRAPHIC"", ""mean_abs_shap"": 2.0196486836604084, ""normalized_importance"": 0.7476036257727217}, {""feature"": ""day_of_year_cos"", ""human_label"": ""Thời điểm trong năm"", ""feature_group"": ""SEASONAL_CALENDAR"", ""mean_abs_shap"": 0.09441582689449947, ""normalized_importance"": 0.03494945189612293}, {""feature"": ""temperature_min_7d"", ""human_label"": ""Nhiệt độ — 7 ngày gần đây"", ""feature_group"": ""WEATHER_7D"", ""mean_abs_shap"": 0.09325978517038165, ""normalized_importance"": 0.03452152549907815}, {""feature"": ""wind_speed_max_7d"", ""human_label"": ""Gió — 7 ngày gần đây"", ""feature_group"": ""WEATHER_7D"", ""mean_abs_shap"": 0.05111366122602504, ""normalized_importance"": 0.018920497791644706}, {""feature"": ""gender"", ""human_label"": ""Giới tính"", ""feature_group"": ""DEMOGRAPHIC"", ""mean_abs_shap"": 0.04750932827587217, ""normalized_importance"": 0.01758629922343498}, {""feature"": ""weather_code_current"", ""human_label"": ""Trạng thái thời tiết — hiện tại"", ""feature_group"": ""WEATHER_CURRENT"", ""mean_abs_shap"": 0.0384157091403756, ""normalized_importance"": 0.014220158026654169}, {""feature"": ""wind_speed_max_3d"", ""human_label"": ""Gió — 3 ngày gần đây"", ""feature_group"": ""WEATHER_3D"", ""mean_abs_shap"": 0.03582999627434761, ""normalized_importance"": 0.013263017148892114}, {""feature"": ""rain_max_daily_7d"", ""human_label"": ""Lượng mưa — 7 ngày gần đây"", ""feature_group"": ""WEATHER_7D"", ""mean_abs_shap"": 0.03477987913478775, ""normalized_importance"": 0.012874300345136834}, {""feature"": ""temperature_mean_7d"", ""human_label"": ""Nhiệt độ — 7 ngày gần đây"", ""feature_group"": ""WEATHER_7D"", ""mean_abs_shap"": 0.03257458187624648, ""normalized_importance"": 0.012057976080560279}, {""feature"": ""wind_speed_mean_7d"", ""human_label"": ""Gió — 7 ngày gần đây"", ""feature_group"": ""WEATHER_7D"", ""mean_abs_shap"": 0.028281929711793063, ""normalized_importance"": 0.010468985704021055}]",DEMOGRAPHIC,0.1871442439320173,0.04766583107182598,0.7651899249961567,0.022652217881949054,0.02992493665016389,0.13456708939990436,7.549516567451064e-15
166,"Viêm thanh, khí quản cấp - Acute laryngitis and tracheitis","[{""feature"": ""age_group"", ""human_label"": ""Nhóm tuổi"", ""feature_group"": ""DEMOGRAPHIC"", ""mean_abs_shap"": 2.131315191192627, ""normalized_importance"": 0.6957558855151501}, {""feature"": ""gender"", ""human_label"": ""Giới tính"", ""feature_group"": ""DEMOGRAPHIC"", ""mean_abs_shap"": 0.18144248630197976, ""normalized_importance"": 0.05923088159309937}, {""feature"": ""wind_speed_max_7d"", ""human_label"": ""Gió — 7 ngày gần đây"", ""feature_group"": ""WEATHER_7D"", ""mean_abs_shap"": 0.11794148387164931, ""normalized_importance"": 0.038501335649079864}, {""feature"": ""temperature_min_7d"", ""human_label"": ""Nhiệt độ — 7 ngày gần đây"", ""feature_group"": ""WEATHER_7D"", ""mean_abs_shap"": 0.08812221313496753, ""normalized_importance"": 0.028767002030781672}, {""feature"": ""day_of_year_sin"", ""human_label"": ""Thời điểm trong năm"", ""feature_group"": ""SEASONAL_CALENDAR"", ""mean_abs_shap"": 0.07089922022852715, ""normalized_importance"": 0.023144652633395636}, {""feature"": ""wind_gust_max_7d"", ""human_label"": ""Gió — 7 ngày gần đây"", ""feature_group"": ""WEATHER_7D"", ""mean_abs_shap"": 0.06902016078344983, ""normalized_importance"": 0.022531244220811753}, {""feature"": ""month"", ""human_label"": ""Yếu tố mùa vụ theo tháng"", ""feature_group"": ""SEASONAL_CALENDAR"", ""mean_abs_shap"": 0.060010391297346456, ""normalized_importance"": 0.019590055525214135}, {""feature"": ""rain_max_daily_7d"", ""human_label"": ""Lượng mưa — 7 ngày gần đây"", ""feature_group"": ""WEATHER_7D"", ""mean_abs_shap"": 0.04574680794646059, ""normalized_importance"": 0.014933788772213815}, {""feature"": ""day_of_year_cos"", ""human_label"": ""Thời điểm trong năm"", ""feature_group"": ""SEASONAL_CALENDAR"", ""mean_abs_shap"": 0.03408189583622666, ""normalized_importance"": 0.011125843664774896}, {""feature"": ""precipitation_sum_7d"", ""human_label"": ""Lượng mưa — 7 ngày gần đây"", ""feature_group"": ""WEATHER_7D"", ""mean_abs_shap"": 0.03366929650161025, ""normalized_importance"": 0.01099115292705329}]",DEMOGRAPHIC,0.19115268106836594,0.05386055182338467,0.7549867671082495,0.018997877371687406,0.016578940070683376,0.15557586362599515,8.881784197001252e-15
167,Viêm cấp đường hô hấp trên khác - Other acute upper respiratory infections,"[{""feature"": ""age_group"", ""human_label"": ""Nhóm tuổi"", ""feature_group"": ""DEMOGRAPHIC"", ""mean_abs_shap"": 2.6634442623867214, ""normalized_importance"": 0.5530158543907584}, {""feature"": ""gender"", ""human_label"": ""Giới tính"", ""feature_group"": ""DEMOGRAPHIC"", ""mean_abs_shap"": 0.19245409837233324, ""normalized_importance"": 0.03995960011080033}, {""feature"": ""wind_speed_max_7d"", ""human_label"": ""Gió — 7 ngày gần đây"", ""feature_group"": ""WEATHER_7D"", ""mean_abs_shap"": 0.18363289682769307, ""normalized_importance"": 0.03812803773202135}, {""feature"": ""temperature_min_7d"", ""human_label"": ""Nhiệt độ — 7 ngày gần đây"", ""feature_group"": ""WEATHER_7D"", ""mean_abs_shap"": 0.1606154040235807, ""normalized_importance"": 0.03334887316351155}, {""feature"": ""month"", ""human_label"": ""Yếu tố mùa vụ theo tháng"", ""feature_group"": ""SEASONAL_CALENDAR"", ""mean_abs_shap"": 0.14619394586370452, ""normalized_importance"": 0.030354519154129046}, {""feature"": ""wind_gust_max_7d"", ""human_label"": ""Gió — 7 ngày gần đây"", ""feature_group"": ""WEATHER_7D"", ""mean_abs_shap"": 0.1316655335073311, ""normalized_importance"": 0.027337958047270586}, {""feature"": ""day_of_year_sin"", ""human_label"": ""Thời điểm trong năm"", ""feature_group"": ""SEASONAL_CALENDAR"", ""mean_abs_shap"": 0.12335806907037573, ""normalized_importance"": 0.025613063853574612}, {""feature"": ""precipitation_sum_7d"", ""human_label"": ""Lượng mưa — 7 ngày gần đây"", ""feature_group"": ""WEATHER_7D"", ""mean_abs_shap"": 0.12038723972066008, ""normalized_importance"": 0.02499622506543721}, {""feature"": ""temperature_mean_7d"", ""human_label"": ""Nhiệt độ — 7 ngày gần đây"", ""feature_group"": ""WEATHER_7D"", ""mean_abs_shap"": 0.09026588028612259, ""normalized_importance"": 0.018742071540116218}, {""feature"": ""wind_speed_mean_7d"", ""human_label"": ""Gió — 7 ngày gần đây"", ""feature_group"": ""WEATHER_7D"", ""mean_abs_shap"": 0.0890886369321465, ""normalized_importance"": 0.01849763832691973}]",DEMOGRAPHIC,0.3385746501243818,0.0684498953740594,0.5929754545015588,0.03389979568498801,0.07175051312927272,0.23292434131012107,1.687538997430238e-14
168,Cúm - Influenza,"[{""feature"": ""day_of_year_sin"", ""human_label"": ""Thời điểm trong năm"", ""feature_group"": ""SEASONAL_CALENDAR"", ""mean_abs_shap"": 0.1972083259114166, ""normalized_importance"": 0.15458727657413854}, {""feature"": ""day_of_year_cos"", ""human_label"": ""Thời điểm trong năm"", ""feature_group"": ""SEASONAL_CALENDAR"", ""mean_abs_shap"": 0.12157736945257963, ""normalized_importance"": 0.09530183043673475}, {""feature"": ""age_group"", ""human_label"": ""Nhóm tuổi"", ""feature_group"": ""DEMOGRAPHIC"", ""mean_abs_shap"": 0.11933306623506051, ""normalized_importance"": 0.09354257042273971}, {""feature"": ""month"", ""human_label"": ""Yếu tố mùa vụ theo tháng"", ""feature_group"": ""SEASONAL_CALENDAR"", ""mean_abs_shap"": 0.11022009508016124, ""normalized_importance"": 0.08639911242813479}, {""feature"": ""gender"", ""human_label"": ""Giới tính"", ""feature_group"": ""DEMOGRAPHIC"", ""mean_abs_shap"": 0.09677661502041054, ""normalized_importance"": 0.07586106358810207}, {""feature"": ""humidity_max_current"", ""human_label"": ""Độ ẩm — hiện tại"", ""feature_group"": ""WEATHER_CURRENT"", ""mean_abs_shap"": 0.08476690972778089, ""normalized_importance"": 0.06644691930658948}, {""feature"": ""wind_speed_mean_7d"", ""human_label"": ""Gió — 7 ngày gần đây"", ""feature_group"": ""WEATHER_7D"", ""mean_abs_shap"": 0.0729940776134569, ""normalized_importance"": 0.05721845470852078}, {""feature"": ""humidity_max_7d"", ""human_label"": ""Độ ẩm — 7 ngày gần đây"", ""feature_group"": ""WEATHER_7D"", ""mean_abs_shap"": 0.06789381398692962, ""normalized_importance"": 0.05322047003829369}, {""feature"": ""wind_speed_max_7d"", ""human_label"": ""Gió — 7 ngày gần đây"", ""feature_group"": ""WEATHER_7D"", ""mean_abs_shap"": 0.06551466006646535, ""normalized_importance"": 0.05135550351917998}, {""feature"": ""temperature_min_7d"", ""human_label"": ""Nhiệt độ — 7 ngày gần đây"", ""feature_group"": ""WEATHER_7D"", ""mean_abs_shap"": 0.05854032009150114, ""normalized_importance"": 0.045888471548551364}]",SEASONAL_CALENDAR,0.49430814655015015,0.33628821943900805,0.1694036340108418,0.08889299845443902,0.11905442380049007,0.2863607242952211,3.907985046680551e-14
169,Các bệnh viêm phổi - Pneumonia,"[{""feature"": ""age_group"", ""human_label"": ""Nhóm tuổi"", ""feature_group"": ""DEMOGRAPHIC"", ""mean_abs_shap"": 2.467102690218272, ""normalized_importance"": 0.6243474199880232}, {""feature"": ""temperature_min_7d"", ""human_label"": ""Nhiệt độ — 7 ngày gần đây"", ""feature_group"": ""WEATHER_7D"", ""mean_abs_shap"": 0.16900480860331724, ""normalized_importance"": 0.042769892244621285}, {""feature"": ""day_of_year_cos"", ""human_label"": ""Thời điểm trong năm"", ""feature_group"": ""SEASONAL_CALENDAR"", ""mean_abs_shap"": 0.16459576455063804, ""normalized_importance"": 0.04165409950124738}, {""feature"": ""rain_max_daily_7d"", ""human_label"": ""Lượng mưa — 7 ngày gần đây"", ""feature_group"": ""WEATHER_7D"", ""mean_abs_shap"": 0.11630032447525283, ""normalized_importance"": 0.029432016680047426}, {""feature"": ""temperature_max_7d"", ""human_label"": ""Nhiệt độ — 7 ngày gần đây"", ""feature_group"": ""WEATHER_7D"", ""mean_abs_shap"": 0.1107094287354808, ""normalized_importance"": 0.028017133811819566}, {""feature"": ""wind_speed_max_7d"", ""human_label"": ""Gió — 7 ngày gần đây"", ""feature_group"": ""WEATHER_7D"", ""mean_abs_shap"": 0.10630423708983915, ""normalized_importance"": 0.02690231599356903}, {""feature"": ""day_of_year_sin"", ""human_label"": ""Thời điểm trong năm"", ""feature_group"": ""SEASONAL_CALENDAR"", ""mean_abs_shap"": 0.09954534060255517, ""normalized_importance"": 0.025191848245090947}, {""feature"": ""wind_gust_max_7d"", ""human_label"": ""Gió — 7 ngày gần đây"", ""feature_group"": ""WEATHER_7D"", ""mean_abs_shap"": 0.06618960549742013, ""normalized_importance"": 0.016750542888299132}, {""feature"": ""wind_speed_mean_7d"", ""human_label"": ""Gió — 7 ngày gần đây"", ""feature_group"": ""WEATHER_7D"", ""mean_abs_shap"": 0.05943484646687599, ""normalized_importance"": 0.015041122202211715}, {""feature"": ""humidity_max_7d"", ""human_label"": ""Độ ẩm — 7 ngày gần đây"", ""feature_group"": ""WEATHER_7D"", ""mean_abs_shap"": 0.05295263599140365, ""normalized_importance"": 0.013400675129527266}]",DEMOGRAPHIC,0.28793411134004476,0.07920380392143403,0.6328620847385213,0.019885485938598877,0.036752631325407514,0.23129599407603835,2.4868995751603507e-14
170,Viêm phế quản và viêm tiểu phế quản cấp - Acute bronchitis and acute bronchiolitis,"[{""feature"": ""age_group"", ""human_label"": ""Nhóm tuổi"", ""feature_group"": ""DEMOGRAPHIC"", ""mean_abs_shap"": 2.2774023523179556, ""normalized_importance"": 0.654791056938662}, {""feature"": ""temperature_min_7d"", ""human_label"": ""Nhiệt độ — 7 ngày gần đây"", ""feature_group"": ""WEATHER_7D"", ""mean_abs_shap"": 0.17253131702479896, ""normalized_importance"": 0.049605623404535365}, {""feature"": ""humidity_min_7d"", ""human_label"": ""Độ ẩm — 7 ngày gần đây"", ""feature_group"": ""WEATHER_7D"", ""mean_abs_shap"": 0.13073541032077168, ""normalized_importance"": 0.037588605024544315}, {""feature"": ""month"", ""human_label"": ""Yếu tố mùa vụ theo tháng"", ""feature_group"": ""SEASONAL_CALENDAR"", ""mean_abs_shap"": 0.08925079471457144, ""normalized_importance"": 0.025661088012967282}, {""feature"": ""wind_speed_max_7d"", ""human_label"": ""Gió — 7 ngày gần đây"", ""feature_group"": ""WEATHER_7D"", ""mean_abs_shap"": 0.08339342801149659, ""normalized_importance"": 0.023976997658673907}, {""feature"": ""temperature_max_7d"", ""human_label"": ""Nhiệt độ — 7 ngày gần đây"", ""feature_group"": ""WEATHER_7D"", ""mean_abs_shap"": 0.0819939323266293, ""normalized_importance"": 0.02357461937108557}, {""feature"": ""wind_speed_max_3d"", ""human_label"": ""Gió — 3 ngày gần đây"", ""feature_group"": ""WEATHER_3D"", ""mean_abs_shap"": 0.07569825983213525, ""normalized_importance"": 0.021764508811300796}, {""feature"": ""day_of_year_cos"", ""human_label"": ""Thời điểm trong năm"", ""feature_group"": ""SEASONAL_CALENDAR"", ""mean_abs_shap"": 0.06657412613281172, ""normalized_importance"": 0.019141168608569847}, {""feature"": ""weather_code_current"", ""human_label"": ""Trạng thái thời tiết — hiện tại"", ""feature_group"": ""WEATHER_CURRENT"", ""mean_abs_shap"": 0.04008707910765046, ""normalized_importance"": 0.011525702022642656}, {""feature"": ""precipitation_sum_3d"", ""human_label"": ""Lượng mưa — 3 ngày gần đây"", ""feature_group"": ""WEATHER_3D"", ""mean_abs_shap"": 0.03278573318610554, ""normalized_importance"": 0.00942644362494354}]",DEMOGRAPHIC,0.28343930304583353,0.0531588757980264,0.6634018211561399,0.02860814274734927,0.06690829629454606,0.1879228640039382,1.021405182655144e-14
171,Viêm xoang mạn tính - Chronic sinusitis,"[{""feature"": ""age_group"", ""human_label"": ""Nhóm tuổi"", ""feature_group"": ""DEMOGRAPHIC"", ""mean_abs_shap"": 0.1704577354536234, ""normalized_importance"": 0.4006434851974449}, {""feature"": ""gender"", ""human_label"": ""Giới tính"", ""feature_group"": ""DEMOGRAPHIC"", ""mean_abs_shap"": 0.07636221626950451, ""normalized_importance"": 0.17948158458281915}, {""feature"": ""temperature_min_7d"", ""human_label"": ""Nhiệt độ — 7 ngày gần đây"", ""feature_group"": ""WEATHER_7D"", ""mean_abs_shap"": 0.03497542546906938, ""normalized_importance"": 0.08220616282916582}, {""feature"": ""wind_speed_max_7d"", ""human_label"": ""Gió — 7 ngày gần đây"", ""feature_group"": ""WEATHER_7D"", ""mean_abs_shap"": 0.028065963823774392, ""normalized_importance"": 0.0659661794277542}, {""feature"": ""wind_gust_max_3d"", ""human_label"": ""Gió — 3 ngày gần đây"", ""feature_group"": ""WEATHER_3D"", ""mean_abs_shap"": 0.018196572455939947, ""normalized_importance"": 0.042769183739268316}, {""feature"": ""day_of_year_sin"", ""human_label"": ""Thời điểm trong năm"", ""feature_group"": ""SEASONAL_CALENDAR"", ""mean_abs_shap"": 0.01098345853095139, ""normalized_importance"": 0.02581549668984784}, {""feature"": ""temperature_mean_7d"", ""human_label"": ""Nhiệt độ — 7 ngày gần đây"", ""feature_group"": ""WEATHER_7D"", ""mean_abs_shap"": 0.010747527533954701, ""normalized_importance"": 0.025260964995223876}, {""feature"": ""temperature_max_7d"", ""human_label"": ""Nhiệt độ — 7 ngày gần đây"", ""feature_group"": ""WEATHER_7D"", ""mean_abs_shap"": 0.010373495098863235, ""normalized_importance"": 0.02438183998530197}, {""feature"": ""rain_max_daily_7d"", ""human_label"": ""Lượng mưa — 7 ngày gần đây"", ""feature_group"": ""WEATHER_7D"", ""mean_abs_shap"": 0.009824406091594223, ""normalized_importance"": 0.023091262394496683}, {""feature"": ""temperature_mean_3d"", ""human_label"": ""Nhiệt độ — 3 ngày gần đây"", ""feature_group"": ""WEATHER_3D"", ""mean_abs_shap"": 0.009067835764095327, ""normalized_importance"": 0.021313021166549602}]",DEMOGRAPHIC,0.36356598976205007,0.056308940457686016,0.580125069780264,0.0,0.09514732393509157,0.2684186658269585,2.6645352591003757e-15
172,Bệnh của mũi và các xoang phụ của mũi - Other diseases of nose and nasal sinuses,"[{""feature"": ""age_group"", ""human_label"": ""Nhóm tuổi"", ""feature_group"": ""DEMOGRAPHIC"", ""mean_abs_shap"": 0.16895783211418622, ""normalized_importance"": 0.5373944240047437}, {""feature"": ""day_of_year_cos"", ""human_label"": ""Thời điểm trong năm"", ""feature_group"": ""SEASONAL_CALENDAR"", ""mean_abs_shap"": 0.029843639343783066, ""normalized_importance"": 0.094921941023242}, {""feature"": ""month"", ""human_label"": ""Yếu tố mùa vụ theo tháng"", ""feature_group"": ""SEASONAL_CALENDAR"", ""mean_abs_shap"": 0.016868911414436118, ""normalized_importance"": 0.05365397282690867}, {""feature"": ""wind_gust_max_7d"", ""human_label"": ""Gió — 7 ngày gần đây"", ""feature_group"": ""WEATHER_7D"", ""mean_abs_shap"": 0.014351514244610775, ""normalized_importance"": 0.04564703295829589}, {""feature"": ""wind_speed_mean_7d"", ""human_label"": ""Gió — 7 ngày gần đây"", ""feature_group"": ""WEATHER_7D"", ""mean_abs_shap"": 0.014334796505111961, ""normalized_importance"": 0.04559385980925504}, {""feature"": ""temperature_min_7d"", ""human_label"": ""Nhiệt độ — 7 ngày gần đây"", ""feature_group"": ""WEATHER_7D"", ""mean_abs_shap"": 0.01229668543711004, ""normalized_importance"": 0.03911135757931181}, {""feature"": ""precipitation_sum_7d"", ""human_label"": ""Lượng mưa — 7 ngày gần đây"", ""feature_group"": ""WEATHER_7D"", ""mean_abs_shap"": 0.010161158945518682, ""normalized_importance"": 0.03231901173458047}, {""feature"": ""day_of_year_sin"", ""human_label"": ""Thời điểm trong năm"", ""feature_group"": ""SEASONAL_CALENDAR"", ""mean_abs_shap"": 0.00829724729877797, ""normalized_importance"": 0.026390575548686387}, {""feature"": ""wind_speed_mean_current"", ""human_label"": ""Gió — hiện tại"", ""feature_group"": ""WEATHER_CURRENT"", ""mean_abs_shap"": 0.007858289144548225, ""normalized_importance"": 0.02499440668511423}, {""feature"": ""rain_days_7d"", ""human_label"": ""Lượng mưa — 7 ngày gần đây"", ""feature_group"": ""WEATHER_7D"", ""mean_abs_shap"": 0.006647878627679041, ""normalized_importance"": 0.021144523821545077}]",DEMOGRAPHIC,0.28347273883570323,0.17496648939883705,0.5415607717654597,0.02499440668511423,0.023086372445423983,0.23539195970516505,1.7763568394002505e-15
173,Bệnh mạn tính của amidan và của VA - Chronic diseases of tonsils and adenoids,"[{""feature"": ""age_group"", ""human_label"": ""Nhóm tuổi"", ""feature_group"": ""DEMOGRAPHIC"", ""mean_abs_shap"": 2.811483924782712, ""normalized_importance"": 0.6015505921642472}, {""feature"": ""day_of_year_cos"", ""human_label"": ""Thời điểm trong năm"", ""feature_group"": ""SEASONAL_CALENDAR"", ""mean_abs_shap"": 0.2225467627028047, ""normalized_importance"": 0.047616540044224116}, {""feature"": ""wind_speed_max_7d"", ""human_label"": ""Gió — 7 ngày gần đây"", ""feature_group"": ""WEATHER_7D"", ""mean_abs_shap"": 0.1952038942021431, ""normalized_importance"": 0.04176620649152086}, {""feature"": ""temperature_min_7d"", ""human_label"": ""Nhiệt độ — 7 ngày gần đây"", ""feature_group"": ""WEATHER_7D"", ""mean_abs_shap"": 0.16895616875863687, ""normalized_importance"": 0.03615019188644854}, {""feature"": ""gender"", ""human_label"": ""Giới tính"", ""feature_group"": ""DEMOGRAPHIC"", ""mean_abs_shap"": 0.1294621934619475, ""normalized_importance"": 0.02769998378914286}, {""feature"": ""humidity_max_7d"", ""human_label"": ""Độ ẩm — 7 ngày gần đây"", ""feature_group"": ""WEATHER_7D"", ""mean_abs_shap"": 0.11827064911898331, ""normalized_importance"": 0.02530541910129288}, {""feature"": ""wind_gust_max_7d"", ""human_label"": ""Gió — 7 ngày gần đây"", ""feature_group"": ""WEATHER_7D"", ""mean_abs_shap"": 0.09151148174378428, ""normalized_importance"": 0.019579975381525835}, {""feature"": ""weather_code_current"", ""human_label"": ""Trạng thái thời tiết — hiện tại"", ""feature_group"": ""WEATHER_CURRENT"", ""mean_abs_shap"": 0.08106725626196663, ""normalized_importance"": 0.0173453084969304}, {""feature"": ""temperature_max_7d"", ""human_label"": ""Nhiệt độ — 7 ngày gần đây"", ""feature_group"": ""WEATHER_7D"", ""mean_abs_shap"": 0.07965429220700218, ""normalized_importance"": 0.017042987947814562}, {""feature"": ""month"", ""human_label"": ""Yếu tố mùa vụ theo tháng"", ""feature_group"": ""SEASONAL_CALENDAR"", ""mean_abs_shap"": 0.06958932215260762, ""normalized_importance"": 0.014889467295262939}]",DEMOGRAPHIC,0.28768294425981555,0.08306647978679445,0.6292505759533901,0.03732425057547739,0.04619518252622158,0.2041635111581166,1.509903313490213e-14
174,Bệnh khác đường hô hấp trên - Other diseases of upper respiratory tract,"[{""feature"": ""age_group"", ""human_label"": ""Nhóm tuổi"", ""feature_group"": ""DEMOGRAPHIC"", ""mean_abs_shap"": 0.7775394179988372, ""normalized_importance"": 0.5706548886756289}, {""feature"": ""gender"", ""human_label"": ""Giới tính"", ""feature_group"": ""DEMOGRAPHIC"", ""mean_abs_shap"": 0.171725255805808, ""normalized_importance"": 0.12603329743316474}, {""feature"": ""day_of_year_sin"", ""human_label"": ""Thời điểm trong năm"", ""feature_group"": ""SEASONAL_CALENDAR"", ""mean_abs_shap"": 0.059756416121914846, ""normalized_importance"": 0.04385667170092831}, {""feature"": ""day_of_year_cos"", ""human_label"": ""Thời điểm trong năm"", ""feature_group"": ""SEASONAL_CALENDAR"", ""mean_abs_shap"": 0.05365355819033963, ""normalized_importance"": 0.039377637412853876}, {""feature"": ""temperature_mean_7d"", ""human_label"": ""Nhiệt độ — 7 ngày gần đây"", ""feature_group"": ""WEATHER_7D"", ""mean_abs_shap"": 0.04080677933151925, ""normalized_importance"": 0.0299490772783868}, {""feature"": ""temperature_max_7d"", ""human_label"": ""Nhiệt độ — 7 ngày gần đây"", ""feature_group"": ""WEATHER_7D"", ""mean_abs_shap"": 0.04048293581081005, ""normalized_importance"": 0.02971140072594363}, {""feature"": ""rain_max_daily_7d"", ""human_label"": ""Lượng mưa — 7 ngày gần đây"", ""feature_group"": ""WEATHER_7D"", ""mean_abs_shap"": 0.027852141767397493, ""normalized_importance"": 0.020441357044712324}, {""feature"": ""precipitation_sum_7d"", ""human_label"": ""Lượng mưa — 7 ngày gần đây"", ""feature_group"": ""WEATHER_7D"", ""mean_abs_shap"": 0.027732391628988023, ""normalized_importance"": 0.020353469536605242}, {""feature"": ""wind_gust_max_7d"", ""human_label"": ""Gió — 7 ngày gần đây"", ""feature_group"": ""WEATHER_7D"", ""mean_abs_shap"": 0.01902466037931248, ""normalized_importance"": 0.013962656039728197}, {""feature"": ""temperature_min_7d"", ""human_label"": ""Nhiệt độ — 7 ngày gần đây"", ""feature_group"": ""WEATHER_7D"", ""mean_abs_shap"": 0.01862174344729211, ""normalized_importance"": 0.013666945607992947}]",DEMOGRAPHIC,0.21646691977237276,0.08684489411883362,0.6966881861087936,0.020906119230851707,0.030273075839548715,0.16528772470197234,2.6645352591003757e-15
175,"Viêm phế quản tràn khí và các bệnh phổi tắc nghẽn mạn tính - Bronchitis, emphysema and other chronic obstructive diseases","[{""feature"": ""age_group"", ""human_label"": ""Nhóm tuổi"", ""feature_group"": ""DEMOGRAPHIC"", ""mean_abs_shap"": 0.31838758018409347, ""normalized_importance"": 0.5747259377817399}, {""feature"": ""temperature_min_7d"", ""human_label"": ""Nhiệt độ — 7 ngày gần đây"", ""feature_group"": ""WEATHER_7D"", ""mean_abs_shap"": 0.04122826992496162, ""normalized_importance"": 0.07442173492459007}, {""feature"": ""humidity_min_7d"", ""human_label"": ""Độ ẩm — 7 ngày gần đây"", ""feature_group"": ""WEATHER_7D"", ""mean_abs_shap"": 0.03575431310382245, ""normalized_importance"": 0.06454061781070355}, {""feature"": ""wind_gust_max_7d"", ""human_label"": ""Gió — 7 ngày gần đây"", ""feature_group"": ""WEATHER_7D"", ""mean_abs_shap"": 0.03000546175359231, ""normalized_importance"": 0.05416328468257576}, {""feature"": ""gender"", ""human_label"": ""Giới tính"", ""feature_group"": ""DEMOGRAPHIC"", ""mean_abs_shap"": 0.01978936241162742, ""normalized_importance"": 0.035722058830149984}, {""feature"": ""wind_speed_max_7d"", ""human_label"": ""Gió — 7 ngày gần đây"", ""feature_group"": ""WEATHER_7D"", ""mean_abs_shap"": 0.019476719129109483, ""normalized_importance"": 0.035157702005576656}, {""feature"": ""day_of_year_sin"", ""human_label"": ""Thời điểm trong năm"", ""feature_group"": ""SEASONAL_CALENDAR"", ""mean_abs_shap"": 0.01804868347830348, ""normalized_importance"": 0.03257993459354165}, {""feature"": ""day_of_year_cos"", ""human_label"": ""Thời điểm trong năm"", ""feature_group"": ""SEASONAL_CALENDAR"", ""mean_abs_shap"": 0.014941322333897583, ""normalized_importance"": 0.02697079290933207}, {""feature"": ""humidity_max_7d"", ""human_label"": ""Độ ẩm — 7 ngày gần đây"", ""feature_group"": ""WEATHER_7D"", ""mean_abs_shap"": 0.013731645359899477, ""normalized_importance"": 0.024787187842538784}, {""feature"": ""temperature_max_3d"", ""human_label"": ""Nhiệt độ — 3 ngày gần đây"", ""feature_group"": ""WEATHER_3D"", ""mean_abs_shap"": 0.008907016453198186, ""normalized_importance"": 0.016078181758666044}]",DEMOGRAPHIC,0.3300012758852365,0.05955072750287372,0.6104479966118899,0.010882499244545492,0.042739608858336484,0.2763791677823545,1.7763568394002505e-15
176,Hen - Asthma,"[{""feature"": ""age_group"", ""human_label"": ""Nhóm tuổi"", ""feature_group"": ""DEMOGRAPHIC"", ""mean_abs_shap"": 2.4495740471148237, ""normalized_importance"": 0.6531890463489308}, {""feature"": ""temperature_min_7d"", ""human_label"": ""Nhiệt độ — 7 ngày gần đây"", ""feature_group"": ""WEATHER_7D"", ""mean_abs_shap"": 0.16289216251406607, ""normalized_importance"": 0.04343586854032766}, {""feature"": ""gender"", ""human_label"": ""Giới tính"", ""feature_group"": ""DEMOGRAPHIC"", ""mean_abs_shap"": 0.11909339705304793, ""normalized_importance"": 0.03175674666342859}, {""feature"": ""wind_speed_max_7d"", ""human_label"": ""Gió — 7 ngày gần đây"", ""feature_group"": ""WEATHER_7D"", ""mean_abs_shap"": 0.10908283342201493, ""normalized_importance"": 0.029087388486944272}, {""feature"": ""wind_gust_max_7d"", ""human_label"": ""Gió — 7 ngày gần đây"", ""feature_group"": ""WEATHER_7D"", ""mean_abs_shap"": 0.09315487611085757, ""normalized_importance"": 0.024840132822795055}, {""feature"": ""temperature_max_7d"", ""human_label"": ""Nhiệt độ — 7 ngày gần đây"", ""feature_group"": ""WEATHER_7D"", ""mean_abs_shap"": 0.08050669231263208, ""normalized_importance"": 0.02146744232464918}, {""feature"": ""humidity_max_7d"", ""human_label"": ""Độ ẩm — 7 ngày gần đây"", ""feature_group"": ""WEATHER_7D"", ""mean_abs_shap"": 0.07856330896116123, ""normalized_importance"": 0.020949231119916353}, {""feature"": ""day_of_year_cos"", ""human_label"": ""Thời điểm trong năm"", ""feature_group"": ""SEASONAL_CALENDAR"", ""mean_abs_shap"": 0.061168936220836155, ""normalized_importance"": 0.01631094971933039}, {""feature"": ""temperature_max_current"", ""human_label"": ""Nhiệt độ — hiện tại"", ""feature_group"": ""WEATHER_CURRENT"", ""mean_abs_shap"": 0.06081929805401324, ""normalized_importance"": 0.016217717256721945}, {""feature"": ""weather_code_current"", ""human_label"": ""Trạng thái thời tiết — hiện tại"", ""feature_group"": ""WEATHER_CURRENT"", ""mean_abs_shap"": 0.05681867544206872, ""normalized_importance"": 0.01515093469843355}]",DEMOGRAPHIC,0.2822596646402834,0.032794542347356986,0.6849457930123595,0.04066352315487498,0.038261887842943064,0.20333425364246538,1.1546319456101628e-14
179,Bệnh khác của bộ máy hô hấp - Other diseases of respiratory system.,"[{""feature"": ""age_group"", ""human_label"": ""Nhóm tuổi"", ""feature_group"": ""DEMOGRAPHIC"", ""mean_abs_shap"": 0.6560626628450626, ""normalized_importance"": 0.5399660516140018}, {""feature"": ""day_of_year_sin"", ""human_label"": ""Thời điểm trong năm"", ""feature_group"": ""SEASONAL_CALENDAR"", ""mean_abs_shap"": 0.13473628555342446, ""normalized_importance"": 0.1108934012551798}, {""feature"": ""gender"", ""human_label"": ""Giới tính"", ""feature_group"": ""DEMOGRAPHIC"", ""mean_abs_shap"": 0.07642569426545025, ""normalized_importance"": 0.0629014310849752}, {""feature"": ""temperature_min_7d"", ""human_label"": ""Nhiệt độ — 7 ngày gần đây"", ""feature_group"": ""WEATHER_7D"", ""mean_abs_shap"": 0.0573906174188563, ""normalized_importance"": 0.047234794543807204}, {""feature"": ""temperature_max_7d"", ""human_label"": ""Nhiệt độ — 7 ngày gần đây"", ""feature_group"": ""WEATHER_7D"", ""mean_abs_shap"": 0.03890895105206016, ""normalized_importance"": 0.032023637164343616}, {""feature"": ""temperature_mean_7d"", ""human_label"": ""Nhiệt độ — 7 ngày gần đây"", ""feature_group"": ""WEATHER_7D"", ""mean_abs_shap"": 0.03707755950922302, ""normalized_importance"": 0.03051632800570829}, {""feature"": ""precipitation_sum_7d"", ""human_label"": ""Lượng mưa — 7 ngày gần đây"", ""feature_group"": ""WEATHER_7D"", ""mean_abs_shap"": 0.034033902655753207, ""normalized_importance"": 0.028011275566801067}, {""feature"": ""month"", ""human_label"": ""Yếu tố mùa vụ theo tháng"", ""feature_group"": ""SEASONAL_CALENDAR"", ""mean_abs_shap"": 0.028715565752841364, ""normalized_importance"": 0.023634069636250282}, {""feature"": ""temperature_mean_3d"", ""human_label"": ""Nhiệt độ — 3 ngày gần đây"", ""feature_group"": ""WEATHER_3D"", ""mean_abs_shap"": 0.028578441860120506, ""normalized_importance"": 0.02352121113792737}, {""feature"": ""wind_gust_max_7d"", ""human_label"": ""Gió — 7 ngày gần đây"", ""feature_group"": ""WEATHER_7D"", ""mean_abs_shap"": 0.018306451080522756, ""normalized_importance"": 0.015066948126796818}]",DEMOGRAPHIC,0.2477025021736599,0.14943001512736317,0.602867482698977,0.0051002017043648255,0.03913235088198306,0.20346994958731202,2.220446049250313e-15
180,Sâu răng - Dental caries,"[{""feature"": ""day_of_year_sin"", ""human_label"": ""Thời điểm trong năm"", ""feature_group"": ""SEASONAL_CALENDAR"", ""mean_abs_shap"": 0.30046003463485116, ""normalized_importance"": 0.22407286531982784}, {""feature"": ""temperature_mean_7d"", ""human_label"": ""Nhiệt độ — 7 ngày gần đây"", ""feature_group"": ""WEATHER_7D"", ""mean_abs_shap"": 0.17454449647978948, ""normalized_importance"": 0.13016934348544631}, {""feature"": ""age_group"", ""human_label"": ""Nhóm tuổi"", ""feature_group"": ""DEMOGRAPHIC"", ""mean_abs_shap"": 0.14517510727186234, ""normalized_importance"": 0.10826665283139242}, {""feature"": ""day_of_year_cos"", ""human_label"": ""Thời điểm trong năm"", ""feature_group"": ""SEASONAL_CALENDAR"", ""mean_abs_shap"": 0.12840991114677824, ""normalized_importance"": 0.09576374029608005}, {""feature"": ""gender"", ""human_label"": ""Giới tính"", ""feature_group"": ""DEMOGRAPHIC"", ""mean_abs_shap"": 0.11632473914783602, ""normalized_importance"": 0.08675103043276357}, {""feature"": ""temperature_mean_3d"", ""human_label"": ""Nhiệt độ — 3 ngày gần đây"", ""feature_group"": ""WEATHER_3D"", ""mean_abs_shap"": 0.08202509048534531, ""normalized_importance"": 0.061171520117496436}, {""feature"": ""wind_gust_max_7d"", ""human_label"": ""Gió — 7 ngày gần đây"", ""feature_group"": ""WEATHER_7D"", ""mean_abs_shap"": 0.06376942224595701, ""normalized_importance"": 0.047557064219229575}, {""feature"": ""rain_max_daily_7d"", ""human_label"": ""Lượng mưa — 7 ngày gần đây"", ""feature_group"": ""WEATHER_7D"", ""mean_abs_shap"": 0.055996095814620485, ""normalized_importance"": 0.04175998199279395}, {""feature"": ""humidity_max_3d"", ""human_label"": ""Độ ẩm — 3 ngày gần đây"", ""feature_group"": ""WEATHER_3D"", ""mean_abs_shap"": 0.04979016583513262, ""normalized_importance"": 0.03713181068153108}, {""feature"": ""humidity_mean_7d"", ""human_label"": ""Độ ẩm — 7 ngày gần đây"", ""feature_group"": ""WEATHER_7D"", ""mean_abs_shap"": 0.04666915484146396, ""normalized_importance"": 0.03480426693050969}]",SEASONAL_CALENDAR,0.48514571111993615,0.3198366056159079,0.19501768326415597,0.05124653411755278,0.129289458385398,0.3046097186169854,1.5987211554602254e-14
181,Tổn thương khác liên quan đến răng và mô quanh răng - Other disorders of teeth and supporting structures,"[{""feature"": ""age_group"", ""human_label"": ""Nhóm tuổi"", ""feature_group"": ""DEMOGRAPHIC"", ""mean_abs_shap"": 1.342776928664339, ""normalized_importance"": 0.682521410678092}, {""feature"": ""day_of_year_sin"", ""human_label"": ""Thời điểm trong năm"", ""feature_group"": ""SEASONAL_CALENDAR"", ""mean_abs_shap"": 0.09148085621923681, ""normalized_importance"": 0.046498894718797396}, {""feature"": ""gender"", ""human_label"": ""Giới tính"", ""feature_group"": ""DEMOGRAPHIC"", ""mean_abs_shap"": 0.0692958219828167, ""normalized_importance"": 0.0352224417654057}, {""feature"": ""temperature_max_7d"", ""human_label"": ""Nhiệt độ — 7 ngày gần đây"", ""feature_group"": ""WEATHER_7D"", ""mean_abs_shap"": 0.05414851643846713, ""normalized_importance"": 0.027523202876646172}, {""feature"": ""wind_speed_mean_7d"", ""human_label"": ""Gió — 7 ngày gần đây"", ""feature_group"": ""WEATHER_7D"", ""mean_abs_shap"": 0.046681397269537156, ""normalized_importance"": 0.023727733502631108}, {""feature"": ""month"", ""human_label"": ""Yếu tố mùa vụ theo tháng"", ""feature_group"": ""SEASONAL_CALENDAR"", ""mean_abs_shap"": 0.04474421676506888, ""normalized_importance"": 0.02274308211160449}, {""feature"": ""wind_gust_max_7d"", ""human_label"": ""Gió — 7 ngày gần đây"", ""feature_group"": ""WEATHER_7D"", ""mean_abs_shap"": 0.037574967350088535, ""normalized_importance"": 0.01909901724888548}, {""feature"": ""temperature_min_7d"", ""human_label"": ""Nhiệt độ — 7 ngày gần đây"", ""feature_group"": ""WEATHER_7D"", ""mean_abs_shap"": 0.02966282425970863, ""normalized_importance"": 0.01507734622650308}, {""feature"": ""day_of_year_cos"", ""human_label"": ""Thời điểm trong năm"", ""feature_group"": ""SEASONAL_CALENDAR"", ""mean_abs_shap"": 0.028411755557924235, ""normalized_importance"": 0.014441439281001379}, {""feature"": ""wind_speed_max_7d"", ""human_label"": ""Gió — 7 ngày gần đây"", ""feature_group"": ""WEATHER_7D"", ""mean_abs_shap"": 0.026325305532485525, ""normalized_importance"": 0.013380915537799841}]",DEMOGRAPHIC,0.19857273144509902,0.08368341611140326,0.7177438524434977,0.010585479317690464,0.02981774787344492,0.15816950425396362,5.329070518200751e-15
182,"Bệnh khác của khoang miệng, tuyến nước bọt và hàm - Other diseases of the oral cavity, salivary glands and jaws","[{""feature"": ""age_group"", ""human_label"": ""Nhóm tuổi"", ""feature_group"": ""DEMOGRAPHIC"", ""mean_abs_shap"": 1.469798833043054, ""normalized_importance"": 0.755150504445999}, {""feature"": ""temperature_min_7d"", ""human_label"": ""Nhiệt độ — 7 ngày gần đây"", ""feature_group"": ""WEATHER_7D"", ""mean_abs_shap"": 0.06550297611138495, ""normalized_importance"": 0.03365399695604304}, {""feature"": ""wind_speed_max_7d"", ""human_label"": ""Gió — 7 ngày gần đây"", ""feature_group"": ""WEATHER_7D"", ""mean_abs_shap"": 0.05294120641458868, ""normalized_importance"": 0.02720003433883889}, {""feature"": ""day_of_year_cos"", ""human_label"": ""Thời điểm trong năm"", ""feature_group"": ""SEASONAL_CALENDAR"", ""mean_abs_shap"": 0.0388431342789432, ""normalized_importance"": 0.01995675311857348}, {""feature"": ""wind_gust_max_7d"", ""human_label"": ""Gió — 7 ngày gần đây"", ""feature_group"": ""WEATHER_7D"", ""mean_abs_shap"": 0.03582495252925024, ""normalized_importance"": 0.018406077325702184}, {""feature"": ""precipitation_sum_7d"", ""human_label"": ""Lượng mưa — 7 ngày gần đây"", ""feature_group"": ""WEATHER_7D"", ""mean_abs_shap"": 0.034806308046245876, ""normalized_importance"": 0.01788272006217839}, {""feature"": ""wind_speed_mean_7d"", ""human_label"": ""Gió — 7 ngày gần đây"", ""feature_group"": ""WEATHER_7D"", ""mean_abs_shap"": 0.03362459385320119, ""normalized_importance"": 0.017275581147024172}, {""feature"": ""month"", ""human_label"": ""Yếu tố mùa vụ theo tháng"", ""feature_group"": ""SEASONAL_CALENDAR"", ""mean_abs_shap"": 0.02955521760943636, ""normalized_importance"": 0.015184824606622457}, {""feature"": ""weather_code_current"", ""human_label"": ""Trạng thái thời tiết — hiện tại"", ""feature_group"": ""WEATHER_CURRENT"", ""mean_abs_shap"": 0.029168333508918322, ""normalized_importance"": 0.014986052014686554}, {""feature"": ""temperature_max_7d"", ""human_label"": ""Nhiệt độ — 7 ngày gần đây"", ""feature_group"": ""WEATHER_7D"", ""mean_abs_shap"": 0.02453575195192641, ""normalized_importance"": 0.012605932898380792}]",DEMOGRAPHIC,0.1978175548817705,0.04175349200541884,0.7604289531128107,0.0167579249429502,0.01975909694423215,0.16130053299458816,6.8833827526759706e-15
183,Loét dạ dày và tá tràng - Gastric and duodenal ulcer,"[{""feature"": ""age_group"", ""human_label"": ""Nhóm tuổi"", ""feature_group"": ""DEMOGRAPHIC"", ""mean_abs_shap"": 2.008974661436332, ""normalized_importance"": 0.6111854115433296}, {""feature"": ""gender"", ""human_label"": ""Giới tính"", ""feature_group"": ""DEMOGRAPHIC"", ""mean_abs_shap"": 0.5218191391199225, ""normalized_importance"": 0.158751751038102}, {""feature"": ""day_of_year_sin"", ""human_label"": ""Thời điểm trong năm"", ""feature_group"": ""SEASONAL_CALENDAR"", ""mean_abs_shap"": 0.11032358761847459, ""normalized_importance"": 0.0335634732462607}, {""feature"": ""humidity_max_7d"", ""human_label"": ""Độ ẩm — 7 ngày gần đây"", ""feature_group"": ""WEATHER_7D"", ""mean_abs_shap"": 0.07270207241597404, ""normalized_importance"": 0.022117972367974664}, {""feature"": ""temperature_max_7d"", ""human_label"": ""Nhiệt độ — 7 ngày gần đây"", ""feature_group"": ""WEATHER_7D"", ""mean_abs_shap"": 0.06828742186794531, ""normalized_importance"": 0.020774914108550004}, {""feature"": ""wind_speed_max_7d"", ""human_label"": ""Gió — 7 ngày gần đây"", ""feature_group"": ""WEATHER_7D"", ""mean_abs_shap"": 0.06634836941721566, ""normalized_importance"": 0.020185000958895843}, {""feature"": ""wind_gust_max_7d"", ""human_label"": ""Gió — 7 ngày gần đây"", ""feature_group"": ""WEATHER_7D"", ""mean_abs_shap"": 0.05511746893346501, ""normalized_importance"": 0.016768251775381635}, {""feature"": ""temperature_min_7d"", ""human_label"": ""Nhiệt độ — 7 ngày gần đây"", ""feature_group"": ""WEATHER_7D"", ""mean_abs_shap"": 0.045323268401225435, ""normalized_importance"": 0.013788586278378825}, {""feature"": ""day_of_year_cos"", ""human_label"": ""Thời điểm trong năm"", ""feature_group"": ""SEASONAL_CALENDAR"", ""mean_abs_shap"": 0.04497448088313835, ""normalized_importance"": 0.01368247551109278}, {""feature"": ""humidity_min_7d"", ""human_label"": ""Độ ẩm — 7 ngày gần đây"", ""feature_group"": ""WEATHER_7D"", ""mean_abs_shap"": 0.03915242737615599, ""normalized_importance"": 0.011911246517020638}]",DEMOGRAPHIC,0.17317991527006296,0.05688292214850539,0.7699371625814316,0.009163922735046733,0.01949473498706992,0.1445212575479463,1.0325074129013956e-14
184,Viêm dạ dày và tá tràng - Gastritis and duodenitis,"[{""feature"": ""age_group"", ""human_label"": ""Nhóm tuổi"", ""feature_group"": ""DEMOGRAPHIC"", ""mean_abs_shap"": 1.727450532819654, ""normalized_importance"": 0.6153185205970637}, {""feature"": ""temperature_min_7d"", ""human_label"": ""Nhiệt độ — 7 ngày gần đây"", ""feature_group"": ""WEATHER_7D"", ""mean_abs_shap"": 0.12719159788873688, ""normalized_importance"": 0.04530569435034867}, {""feature"": ""day_of_year_cos"", ""human_label"": ""Thời điểm trong năm"", ""feature_group"": ""SEASONAL_CALENDAR"", ""mean_abs_shap"": 0.11083437413229187, ""normalized_importance"": 0.039479245180506266}, {""feature"": ""temperature_max_7d"", ""human_label"": ""Nhiệt độ — 7 ngày gần đây"", ""feature_group"": ""WEATHER_7D"", ""mean_abs_shap"": 0.10631572482537259, ""normalized_importance"": 0.0378697006211653}, {""feature"": ""month"", ""human_label"": ""Yếu tố mùa vụ theo tháng"", ""feature_group"": ""SEASONAL_CALENDAR"", ""mean_abs_shap"": 0.10615649095519587, ""normalized_importance"": 0.03781298145753973}, {""feature"": ""humidity_max_7d"", ""human_label"": ""Độ ẩm — 7 ngày gần đây"", ""feature_group"": ""WEATHER_7D"", ""mean_abs_shap"": 0.07579212569186321, ""normalized_importance"": 0.026997183286922407}, {""feature"": ""weather_code_current"", ""human_label"": ""Trạng thái thời tiết — hiện tại"", ""feature_group"": ""WEATHER_CURRENT"", ""mean_abs_shap"": 0.06704287180457567, ""normalized_importance"": 0.023880695806689643}, {""feature"": ""humidity_min_7d"", ""human_label"": ""Độ ẩm — 7 ngày gần đây"", ""feature_group"": ""WEATHER_7D"", ""mean_abs_shap"": 0.061993464423560005, ""normalized_importance"": 0.022082095024468097}, {""feature"": ""rain_max_daily_7d"", ""human_label"": ""Lượng mưa — 7 ngày gần đây"", ""feature_group"": ""WEATHER_7D"", ""mean_abs_shap"": 0.05992936072336784, ""normalized_importance"": 0.02134686052076971}, {""feature"": ""wind_speed_mean_7d"", ""human_label"": ""Gió — 7 ngày gần đây"", ""feature_group"": ""WEATHER_7D"", ""mean_abs_shap"": 0.05593128151047285, ""normalized_importance"": 0.01992274322202837}]",DEMOGRAPHIC,0.28534860847793014,0.09306813164074063,0.6215832598813293,0.035318455362990026,0.026610545774206115,0.223419607340734,7.549516567451064e-15
185,"Bệnh khác của thực quản, dạ dày và tá tràng - Other diseases of oesophagus, stomach, duodenum","[{""feature"": ""age_group"", ""human_label"": ""Nhóm tuổi"", ""feature_group"": ""DEMOGRAPHIC"", ""mean_abs_shap"": 2.063456362454209, ""normalized_importance"": 0.5826746011675727}, {""feature"": ""temperature_min_7d"", ""human_label"": ""Nhiệt độ — 7 ngày gần đây"", ""feature_group"": ""WEATHER_7D"", ""mean_abs_shap"": 0.21803043949721349, ""normalized_importance"": 0.06156699103892423}, {""feature"": ""temperature_max_7d"", ""human_label"": ""Nhiệt độ — 7 ngày gần đây"", ""feature_group"": ""WEATHER_7D"", ""mean_abs_shap"": 0.15078465026855234, ""normalized_importance"": 0.04257826216054539}, {""feature"": ""wind_speed_max_7d"", ""human_label"": ""Gió — 7 ngày gần đây"", ""feature_group"": ""WEATHER_7D"", ""mean_abs_shap"": 0.14581516839822634, ""normalized_importance"": 0.0411749900005479}, {""feature"": ""humidity_max_7d"", ""human_label"": ""Độ ẩm — 7 ngày gần đây"", ""feature_group"": ""WEATHER_7D"", ""mean_abs_shap"": 0.1307568990996432, ""normalized_importance"": 0.0369228666130728}, {""feature"": ""temperature_max_current"", ""human_label"": ""Nhiệt độ — hiện tại"", ""feature_group"": ""WEATHER_CURRENT"", ""mean_abs_shap"": 0.11014500985286138, ""normalized_importance"": 0.031102523345966127}, {""feature"": ""weather_code_current"", ""human_label"": ""Trạng thái thời tiết — hiện tại"", ""feature_group"": ""WEATHER_CURRENT"", ""mean_abs_shap"": 0.09533755734655448, ""normalized_importance"": 0.026921225092991025}, {""feature"": ""rain_max_daily_7d"", ""human_label"": ""Lượng mưa — 7 ngày gần đây"", ""feature_group"": ""WEATHER_7D"", ""mean_abs_shap"": 0.08367439467115087, ""normalized_importance"": 0.02362780499266936}, {""feature"": ""day_of_year_cos"", ""human_label"": ""Thời điểm trong năm"", ""feature_group"": ""SEASONAL_CALENDAR"", ""mean_abs_shap"": 0.07933849100688709, ""normalized_importance"": 0.022403441354917855}, {""feature"": ""wind_gust_max_7d"", ""human_label"": ""Gió — 7 ngày gần đây"", ""feature_group"": ""WEATHER_7D"", ""mean_abs_shap"": 0.07066656065248782, ""normalized_importance"": 0.019954679339619995}]",DEMOGRAPHIC,0.3687025301550707,0.04769359539531278,0.5836038744496167,0.07556841423420782,0.03641337230008785,0.256720743620775,1.4210854715202004e-14
186,Bệnh của ruột thừa - Diseases of appendix,"[{""feature"": ""age_group"", ""human_label"": ""Nhóm tuổi"", ""feature_group"": ""DEMOGRAPHIC"", ""mean_abs_shap"": 2.33922911627046, ""normalized_importance"": 0.6368986306575339}, {""feature"": ""day_of_year_sin"", ""human_label"": ""Thời điểm trong năm"", ""feature_group"": ""SEASONAL_CALENDAR"", ""mean_abs_shap"": 0.23197435090031615, ""normalized_importance"": 0.06315933116959355}, {""feature"": ""temperature_min_7d"", ""human_label"": ""Nhiệt độ — 7 ngày gần đây"", ""feature_group"": ""WEATHER_7D"", ""mean_abs_shap"": 0.16429259580069125, ""normalized_importance"": 0.044731714634033234}, {""feature"": ""gender"", ""human_label"": ""Giới tính"", ""feature_group"": ""DEMOGRAPHIC"", ""mean_abs_shap"": 0.13471657907329926, ""normalized_importance"": 0.03667909404079573}, {""feature"": ""humidity_max_7d"", ""human_label"": ""Độ ẩm — 7 ngày gần đây"", ""feature_group"": ""WEATHER_7D"", ""mean_abs_shap"": 0.10065993538001146, ""normalized_importance"": 0.027406539427749146}, {""feature"": ""wind_gust_max_7d"", ""human_label"": ""Gió — 7 ngày gần đây"", ""feature_group"": ""WEATHER_7D"", ""mean_abs_shap"": 0.07546640086300203, ""normalized_importance"": 0.02054713111938769}, {""feature"": ""temperature_max_7d"", ""human_label"": ""Nhiệt độ — 7 ngày gần đây"", ""feature_group"": ""WEATHER_7D"", ""mean_abs_shap"": 0.06785716630285077, ""normalized_importance"": 0.018475375497843862}, {""feature"": ""wind_speed_max_7d"", ""human_label"": ""Gió — 7 ngày gần đây"", ""feature_group"": ""WEATHER_7D"", ""mean_abs_shap"": 0.06728191975612077, ""normalized_importance"": 0.01831875392736387}, {""feature"": ""temperature_max_current"", ""human_label"": ""Nhiệt độ — hiện tại"", ""feature_group"": ""WEATHER_CURRENT"", ""mean_abs_shap"": 0.06261400098247272, ""normalized_importance"": 0.017047826229739698}, {""feature"": ""rain_max_daily_7d"", ""human_label"": ""Lượng mưa — 7 ngày gần đây"", ""feature_group"": ""WEATHER_7D"", ""mean_abs_shap"": 0.06062398877711082, ""normalized_importance"": 0.016506008397629474}]",DEMOGRAPHIC,0.24579873566865265,0.08062353963301762,0.6735777246983297,0.0314881483669342,0.030243028333807934,0.18406755896791052,1.199040866595169e-14
187,Thoát vị bẹn - Inguinal hernia,"[{""feature"": ""age_group"", ""human_label"": ""Nhóm tuổi"", ""feature_group"": ""DEMOGRAPHIC"", ""mean_abs_shap"": 2.272389727959418, ""normalized_importance"": 0.5838107426565167}, {""feature"": ""gender"", ""human_label"": ""Giới tính"", ""feature_group"": ""DEMOGRAPHIC"", ""mean_abs_shap"": 0.48360163955471996, ""normalized_importance"": 0.12424445897838182}, {""feature"": ""temperature_min_7d"", ""human_label"": ""Nhiệt độ — 7 ngày gần đây"", ""feature_group"": ""WEATHER_7D"", ""mean_abs_shap"": 0.15341818770802942, ""normalized_importance"": 0.03941541585090332}, {""feature"": ""wind_speed_max_7d"", ""human_label"": ""Gió — 7 ngày gần đây"", ""feature_group"": ""WEATHER_7D"", ""mean_abs_shap"": 0.12979032260371323, ""normalized_importance"": 0.03334506563579041}, {""feature"": ""humidity_max_7d"", ""human_label"": ""Độ ẩm — 7 ngày gần đây"", ""feature_group"": ""WEATHER_7D"", ""mean_abs_shap"": 0.12290000252640236, ""normalized_importance"": 0.03157483985454281}, {""feature"": ""month"", ""human_label"": ""Yếu tố mùa vụ theo tháng"", ""feature_group"": ""SEASONAL_CALENDAR"", ""mean_abs_shap"": 0.09179583548818858, ""normalized_importance"": 0.023583716397653016}, {""feature"": ""day_of_year_cos"", ""human_label"": ""Thời điểm trong năm"", ""feature_group"": ""SEASONAL_CALENDAR"", ""mean_abs_shap"": 0.0659219358696862, ""normalized_importance"": 0.016936326486564752}, {""feature"": ""weather_code_current"", ""human_label"": ""Trạng thái thời tiết — hiện tại"", ""feature_group"": ""WEATHER_CURRENT"", ""mean_abs_shap"": 0.06268852772920379, ""normalized_importance"": 0.016105615810231167}, {""feature"": ""wind_gust_max_7d"", ""human_label"": ""Gió — 7 ngày gần đây"", ""feature_group"": ""WEATHER_7D"", ""mean_abs_shap"": 0.061553937441438826, ""normalized_importance"": 0.01581412267841449}, {""feature"": ""wind_speed_max_3d"", ""human_label"": ""Gió — 3 ngày gần đây"", ""feature_group"": ""WEATHER_3D"", ""mean_abs_shap"": 0.05662707853038096, ""normalized_importance"": 0.014548339294324164}]",DEMOGRAPHIC,0.24267519545145402,0.04926960291364732,0.7080552016348984,0.026714177105692773,0.0373706866233116,0.17859033172244965,1.3322676295501878e-14
188,Các thoát vị khác - Other hernia,"[{""feature"": ""age_group"", ""human_label"": ""Nhóm tuổi"", ""feature_group"": ""DEMOGRAPHIC"", ""mean_abs_shap"": 1.126117476923315, ""normalized_importance"": 0.6440142188743732}, {""feature"": ""day_of_year_sin"", ""human_label"": ""Thời điểm trong năm"", ""feature_group"": ""SEASONAL_CALENDAR"", ""mean_abs_shap"": 0.10051719538432584, ""normalized_importance"": 0.057484680235797066}, {""feature"": ""day_of_year_cos"", ""human_label"": ""Thời điểm trong năm"", ""feature_group"": ""SEASONAL_CALENDAR"", ""mean_abs_shap"": 0.09297719585442032, ""normalized_importance"": 0.05317263730326747}, {""feature"": ""wind_speed_max_7d"", ""human_label"": ""Gió — 7 ngày gần đây"", ""feature_group"": ""WEATHER_7D"", ""mean_abs_shap"": 0.059398096646182855, ""normalized_importance"": 0.03396911920657537}, {""feature"": ""humidity_max_7d"", ""human_label"": ""Độ ẩm — 7 ngày gần đây"", ""feature_group"": ""WEATHER_7D"", ""mean_abs_shap"": 0.055903177540107006, ""normalized_importance"": 0.03197041334839266}, {""feature"": ""wind_gust_max_7d"", ""human_label"": ""Gió — 7 ngày gần đây"", ""feature_group"": ""WEATHER_7D"", ""mean_abs_shap"": 0.05506525034186857, ""normalized_importance"": 0.03149121198520854}, {""feature"": ""gender"", ""human_label"": ""Giới tính"", ""feature_group"": ""DEMOGRAPHIC"", ""mean_abs_shap"": 0.04463711109159948, ""normalized_importance"": 0.025527473661988667}, {""feature"": ""temperature_max_3d"", ""human_label"": ""Nhiệt độ — 3 ngày gần đây"", ""feature_group"": ""WEATHER_3D"", ""mean_abs_shap"": 0.025783827442868074, ""normalized_importance"": 0.014745487775909071}, {""feature"": ""rain_max_daily_7d"", ""human_label"": ""Lượng mưa — 7 ngày gần đây"", ""feature_group"": ""WEATHER_7D"", ""mean_abs_shap"": 0.019928131338586924, ""normalized_importance"": 0.011396679476736268}, {""feature"": ""temperature_max_current"", ""human_label"": ""Nhiệt độ — hiện tại"", ""feature_group"": ""WEATHER_CURRENT"", ""mean_abs_shap"": 0.019585830525389005, ""normalized_importance"": 0.011200921400559343}]",DEMOGRAPHIC,0.21139408905210205,0.1190642184115362,0.6695416925363619,0.017807336791947237,0.03796641348393194,0.1556203387762229,3.552713678800501e-15
189,Bệnh Crohn (viêm ruột non từng vùng) và viêm loét đại tràng - Crohn’s disease and ulcerative colitis,"[{""feature"": ""age_group"", ""human_label"": ""Nhóm tuổi"", ""feature_group"": ""DEMOGRAPHIC"", ""mean_abs_shap"": 1.2827607787317652, ""normalized_importance"": 0.517145276537884}, {""feature"": ""gender"", ""human_label"": ""Giới tính"", ""feature_group"": ""DEMOGRAPHIC"", ""mean_abs_shap"": 0.3356387920263496, ""normalized_importance"": 0.13531284928349335}, {""feature"": ""temperature_max_7d"", ""human_label"": ""Nhiệt độ — 7 ngày gần đây"", ""feature_group"": ""WEATHER_7D"", ""mean_abs_shap"": 0.12720201337694512, ""normalized_importance"": 0.05128151832723862}, {""feature"": ""temperature_min_7d"", ""human_label"": ""Nhiệt độ — 7 ngày gần đây"", ""feature_group"": ""WEATHER_7D"", ""mean_abs_shap"": 0.08558245565447671, ""normalized_importance"": 0.03450258491687198}, {""feature"": ""temperature_mean_7d"", ""human_label"": ""Nhiệt độ — 7 ngày gần đây"", ""feature_group"": ""WEATHER_7D"", ""mean_abs_shap"": 0.07549420774005798, ""normalized_importance"": 0.030435505657835996}, {""feature"": ""humidity_min_7d"", ""human_label"": ""Độ ẩm — 7 ngày gần đây"", ""feature_group"": ""WEATHER_7D"", ""mean_abs_shap"": 0.06563889938602517, ""normalized_importance"": 0.026462336031343885}, {""feature"": ""humidity_max_7d"", ""human_label"": ""Độ ẩm — 7 ngày gần đây"", ""feature_group"": ""WEATHER_7D"", ""mean_abs_shap"": 0.05189274259442877, ""normalized_importance"": 0.020920570042558748}, {""feature"": ""rain_max_daily_7d"", ""human_label"": ""Lượng mưa — 7 ngày gần đây"", ""feature_group"": ""WEATHER_7D"", ""mean_abs_shap"": 0.04881849023097217, ""normalized_importance"": 0.019681184558525758}, {""feature"": ""temperature_max_3d"", ""human_label"": ""Nhiệt độ — 3 ngày gần đây"", ""feature_group"": ""WEATHER_3D"", ""mean_abs_shap"": 0.042712732874293495, ""normalized_importance"": 0.017219647201720523}, {""feature"": ""day_of_year_sin"", ""human_label"": ""Thời điểm trong năm"", ""feature_group"": ""SEASONAL_CALENDAR"", ""mean_abs_shap"": 0.04267248612381753, ""normalized_importance"": 0.01720342171583903}]",DEMOGRAPHIC,0.30178724403221135,0.04575463014641136,0.6524581258213773,0.023346052382636144,0.035526792611100616,0.2429143990384746,7.105427357601002e-15
190,"Tắc liệt ruột và tắc ruột không do thoát vị - Paralytic ileus, intestinal obstruction without hernia","[{""feature"": ""age_group"", ""human_label"": ""Nhóm tuổi"", ""feature_group"": ""DEMOGRAPHIC"", ""mean_abs_shap"": 2.571111580808626, ""normalized_importance"": 0.6373446454402989}, {""feature"": ""temperature_max_7d"", ""human_label"": ""Nhiệt độ — 7 ngày gần đây"", ""feature_group"": ""WEATHER_7D"", ""mean_abs_shap"": 0.20377515996947482, ""normalized_importance"": 0.050513174165486376}, {""feature"": ""gender"", ""human_label"": ""Giới tính"", ""feature_group"": ""DEMOGRAPHIC"", ""mean_abs_shap"": 0.17069623816596854, ""normalized_importance"": 0.042313345793287736}, {""feature"": ""humidity_max_7d"", ""human_label"": ""Độ ẩm — 7 ngày gần đây"", ""feature_group"": ""WEATHER_7D"", ""mean_abs_shap"": 0.13218588616913632, ""normalized_importance"": 0.03276713752196766}, {""feature"": ""temperature_min_7d"", ""human_label"": ""Nhiệt độ — 7 ngày gần đây"", ""feature_group"": ""WEATHER_7D"", ""mean_abs_shap"": 0.12977843165560757, ""normalized_importance"": 0.03217036130471144}, {""feature"": ""rain_max_daily_7d"", ""human_label"": ""Lượng mưa — 7 ngày gần đây"", ""feature_group"": ""WEATHER_7D"", ""mean_abs_shap"": 0.11723119872082596, ""normalized_importance"": 0.029060067770286083}, {""feature"": ""day_of_year_sin"", ""human_label"": ""Thời điểm trong năm"", ""feature_group"": ""SEASONAL_CALENDAR"", ""mean_abs_shap"": 0.09792340403153367, ""normalized_importance"": 0.024273920155249134}, {""feature"": ""wind_speed_max_7d"", ""human_label"": ""Gió — 7 ngày gần đây"", ""feature_group"": ""WEATHER_7D"", ""mean_abs_shap"": 0.09008994518331027, ""normalized_importance"": 0.022332109037653872}, {""feature"": ""day_of_year_cos"", ""human_label"": ""Thời điểm trong năm"", ""feature_group"": ""SEASONAL_CALENDAR"", ""mean_abs_shap"": 0.06998099568043303, ""normalized_importance"": 0.0173473657123341}, {""feature"": ""wind_gust_max_7d"", ""human_label"": ""Gió — 7 ngày gần đây"", ""feature_group"": ""WEATHER_7D"", ""mean_abs_shap"": 0.06860148008320358, ""normalized_importance"": 0.017005401992922494}]",DEMOGRAPHIC,0.2729799525433351,0.04736205622307833,0.6796579912335866,0.026734960522141724,0.024951675286067114,0.22129331673512628,1.2434497875801753e-14
191,Bệnh túi thừa của ruột non - Diverticular disease of intestine,"[{""feature"": ""day_of_year_cos"", ""human_label"": ""Thời điểm trong năm"", ""feature_group"": ""SEASONAL_CALENDAR"", ""mean_abs_shap"": 0.03824426880694826, ""normalized_importance"": 0.28188123829552003}, {""feature"": ""wind_speed_mean_7d"", ""human_label"": ""Gió — 7 ngày gần đây"", ""feature_group"": ""WEATHER_7D"", ""mean_abs_shap"": 0.028251089262110594, ""normalized_importance"": 0.20822602373703103}, {""feature"": ""temperature_max_7d"", ""human_label"": ""Nhiệt độ — 7 ngày gần đây"", ""feature_group"": ""WEATHER_7D"", ""mean_abs_shap"": 0.020943617555725755, ""normalized_importance"": 0.15436594907321627}, {""feature"": ""day_of_year_sin"", ""human_label"": ""Thời điểm trong năm"", ""feature_group"": ""SEASONAL_CALENDAR"", ""mean_abs_shap"": 0.014944175573983288, ""normalized_importance"": 0.11014677094139513}, {""feature"": ""humidity_mean_7d"", ""human_label"": ""Độ ẩm — 7 ngày gần đây"", ""feature_group"": ""WEATHER_7D"", ""mean_abs_shap"": 0.012087208514234478, ""normalized_importance"": 0.08908935664916023}, {""feature"": ""temperature_mean_current"", ""human_label"": ""Nhiệt độ — hiện tại"", ""feature_group"": ""WEATHER_CURRENT"", ""mean_abs_shap"": 0.006862376883596819, ""normalized_importance"": 0.05057948168294915}, {""feature"": ""temperature_min_7d"", ""human_label"": ""Nhiệt độ — 7 ngày gần đây"", ""feature_group"": ""WEATHER_7D"", ""mean_abs_shap"": 0.005860629000645455, ""normalized_importance"": 0.043196050321465146}, {""feature"": ""temperature_mean_7d"", ""human_label"": ""Nhiệt độ — 7 ngày gần đây"", ""feature_group"": ""WEATHER_7D"", ""mean_abs_shap"": 0.005645238125574347, ""normalized_importance"": 0.041608501429131015}, {""feature"": ""month"", ""human_label"": ""Yếu tố mùa vụ theo tháng"", ""feature_group"": ""SEASONAL_CALENDAR"", ""mean_abs_shap"": 0.001898926246776844, ""normalized_importance"": 0.013996128010063362}, {""feature"": ""wind_speed_mean_3d"", ""human_label"": ""Gió — 3 ngày gần đây"", ""feature_group"": ""WEATHER_3D"", ""mean_abs_shap"": 0.0009375828481417713, ""normalized_importance"": 0.00691049986006863}]",WEATHER_7D,0.5939758627530215,0.4060241372469785,0.0,0.05057948168294915,0.00691049986006863,0.5364858812100037,2.6645352591003757e-15
192,Bệnh khác của ruột non và màng bụng - Other diseases of intestine peritoneum,"[{""feature"": ""age_group"", ""human_label"": ""Nhóm tuổi"", ""feature_group"": ""DEMOGRAPHIC"", ""mean_abs_shap"": 1.9062681917229243, ""normalized_importance"": 0.6071063739261907}, {""feature"": ""gender"", ""human_label"": ""Giới tính"", ""feature_group"": ""DEMOGRAPHIC"", ""mean_abs_shap"": 0.22903188752416356, ""normalized_importance"": 0.07294184488416229}, {""feature"": ""temperature_min_7d"", ""human_label"": ""Nhiệt độ — 7 ngày gần đây"", ""feature_group"": ""WEATHER_7D"", ""mean_abs_shap"": 0.15291480970664242, ""normalized_importance"": 0.04870015459719048}, {""feature"": ""humidity_max_7d"", ""human_label"": ""Độ ẩm — 7 ngày gần đây"", ""feature_group"": ""WEATHER_7D"", ""mean_abs_shap"": 0.11636739174462896, ""normalized_importance"": 0.037060569730997646}, {""feature"": ""wind_speed_max_7d"", ""human_label"": ""Gió — 7 ngày gần đây"", ""feature_group"": ""WEATHER_7D"", ""mean_abs_shap"": 0.0782783710580701, ""normalized_importance"": 0.024930016781616274}, {""feature"": ""wind_speed_mean_3d"", ""human_label"": ""Gió — 3 ngày gần đây"", ""feature_group"": ""WEATHER_3D"", ""mean_abs_shap"": 0.06913553312100729, ""normalized_importance"": 0.02201821496303365}, {""feature"": ""day_of_year_cos"", ""human_label"": ""Thời điểm trong năm"", ""feature_group"": ""SEASONAL_CALENDAR"", ""mean_abs_shap"": 0.06594782133393247, ""normalized_importance"": 0.02100299572338216}, {""feature"": ""wind_gust_max_7d"", ""human_label"": ""Gió — 7 ngày gần đây"", ""feature_group"": ""WEATHER_7D"", ""mean_abs_shap"": 0.05972921305407406, ""normalized_importance"": 0.01902249962107875}, {""feature"": ""day_of_year_sin"", ""human_label"": ""Thời điểm trong năm"", ""feature_group"": ""SEASONAL_CALENDAR"", ""mean_abs_shap"": 0.05882140474350253, ""normalized_importance"": 0.01873338174456788}, {""feature"": ""month"", ""human_label"": ""Yếu tố mùa vụ theo tháng"", ""feature_group"": ""SEASONAL_CALENDAR"", ""mean_abs_shap"": 0.05869190787909989, ""normalized_importance"": 0.018692139713607253}]",DEMOGRAPHIC,0.26146044126794593,0.058491339921701205,0.680048218810353,0.022094129928269514,0.05209199390723599,0.18727431743244044,7.993605777301127e-15
194,Các bệnh khác của gan - Other diseases of liver,"[{""feature"": ""age_group"", ""human_label"": ""Nhóm tuổi"", ""feature_group"": ""DEMOGRAPHIC"", ""mean_abs_shap"": 1.895788567517816, ""normalized_importance"": 0.5780085525261427}, {""feature"": ""temperature_min_7d"", ""human_label"": ""Nhiệt độ — 7 ngày gần đây"", ""feature_group"": ""WEATHER_7D"", ""mean_abs_shap"": 0.18257894906024671, ""normalized_importance"": 0.055666647576756094}, {""feature"": ""wind_speed_max_7d"", ""human_label"": ""Gió — 7 ngày gần đây"", ""feature_group"": ""WEATHER_7D"", ""mean_abs_shap"": 0.1616533867113162, ""normalized_importance"": 0.04928663547449026}, {""feature"": ""humidity_max_7d"", ""human_label"": ""Độ ẩm — 7 ngày gần đây"", ""feature_group"": ""WEATHER_7D"", ""mean_abs_shap"": 0.1413928538271062, ""normalized_importance"": 0.04310938475863453}, {""feature"": ""temperature_max_current"", ""human_label"": ""Nhiệt độ — hiện tại"", ""feature_group"": ""WEATHER_CURRENT"", ""mean_abs_shap"": 0.09265031278045188, ""normalized_importance"": 0.02824823089393385}, {""feature"": ""day_of_year_cos"", ""human_label"": ""Thời điểm trong năm"", ""feature_group"": ""SEASONAL_CALENDAR"", ""mean_abs_shap"": 0.07924216249854095, ""normalized_importance"": 0.0241602088068255}, {""feature"": ""day_of_year_sin"", ""human_label"": ""Thời điểm trong năm"", ""feature_group"": ""SEASONAL_CALENDAR"", ""mean_abs_shap"": 0.06894263524087076, ""normalized_importance"": 0.021019977378115003}, {""feature"": ""temperature_max_7d"", ""human_label"": ""Nhiệt độ — 7 ngày gần đây"", ""feature_group"": ""WEATHER_7D"", ""mean_abs_shap"": 0.06877560877997936, ""normalized_importance"": 0.020969052541586528}, {""feature"": ""precipitation_sum_7d"", ""human_label"": ""Lượng mưa — 7 ngày gần đây"", ""feature_group"": ""WEATHER_7D"", ""mean_abs_shap"": 0.06648483941534616, ""normalized_importance"": 0.020270617965437294}, {""feature"": ""wind_gust_max_7d"", ""human_label"": ""Gió — 7 ngày gần đây"", ""feature_group"": ""WEATHER_7D"", ""mean_abs_shap"": 0.06050831889697903, ""normalized_importance"": 0.01844843165565952}]",DEMOGRAPHIC,0.35652519170721897,0.06117791415408384,0.5822968941386972,0.04992129919512313,0.04740016487610089,0.2592037276359949,9.769962616701378e-15
195,Sỏi mật và viêm túi mật - Cholelithiasis and cholecystitis,"[{""feature"": ""age_group"", ""human_label"": ""Nhóm tuổi"", ""feature_group"": ""DEMOGRAPHIC"", ""mean_abs_shap"": 0.2142851567391457, ""normalized_importance"": 0.48485434246428843}, {""feature"": ""day_of_year_sin"", ""human_label"": ""Thời điểm trong năm"", ""feature_group"": ""SEASONAL_CALENDAR"", ""mean_abs_shap"": 0.0652760725745779, ""normalized_importance"": 0.1476975247768826}, {""feature"": ""precipitation_sum_7d"", ""human_label"": ""Lượng mưa — 7 ngày gần đây"", ""feature_group"": ""WEATHER_7D"", ""mean_abs_shap"": 0.026753480024140363, ""normalized_importance"": 0.06053401534258675}, {""feature"": ""temperature_mean_3d"", ""human_label"": ""Nhiệt độ — 3 ngày gần đây"", ""feature_group"": ""WEATHER_3D"", ""mean_abs_shap"": 0.019678656455434686, ""normalized_importance"": 0.04452609868771842}, {""feature"": ""humidity_min_7d"", ""human_label"": ""Độ ẩm — 7 ngày gần đây"", ""feature_group"": ""WEATHER_7D"", ""mean_abs_shap"": 0.019559889092776263, ""normalized_importance"": 0.044257368588050024}, {""feature"": ""month"", ""human_label"": ""Yếu tố mùa vụ theo tháng"", ""feature_group"": ""SEASONAL_CALENDAR"", ""mean_abs_shap"": 0.013154306646506441, ""normalized_importance"": 0.02976371670684355}, {""feature"": ""temperature_mean_7d"", ""human_label"": ""Nhiệt độ — 7 ngày gần đây"", ""feature_group"": ""WEATHER_7D"", ""mean_abs_shap"": 0.012975177279764594, ""normalized_importance"": 0.02935840794608142}, {""feature"": ""wind_speed_max_7d"", ""human_label"": ""Gió — 7 ngày gần đây"", ""feature_group"": ""WEATHER_7D"", ""mean_abs_shap"": 0.012714760658169361, ""normalized_importance"": 0.028769173807087683}, {""feature"": ""humidity_max_7d"", ""human_label"": ""Độ ẩm — 7 ngày gần đây"", ""feature_group"": ""WEATHER_7D"", ""mean_abs_shap"": 0.009006889167030716, ""normalized_importance"": 0.02037952320722563}, {""feature"": ""temperature_max_3d"", ""human_label"": ""Nhiệt độ — 3 ngày gần đây"", ""feature_group"": ""WEATHER_3D"", ""mean_abs_shap"": 0.007319483452968394, ""normalized_importance"": 0.016561498662678576}]",DEMOGRAPHIC,0.3276497043541884,0.17944660453651,0.49290369110930166,0.014707927501775785,0.07522353752135252,0.23771823933106007,2.220446049250313e-15
196,Viêm tuỵ cấp và bệnh khác của tuỵ - Acute pancreatitis and other diseases of pancreas,"[{""feature"": ""age_group"", ""human_label"": ""Nhóm tuổi"", ""feature_group"": ""DEMOGRAPHIC"", ""mean_abs_shap"": 1.4703953809164074, ""normalized_importance"": 0.7305068751429127}, {""feature"": ""wind_speed_max_7d"", ""human_label"": ""Gió — 7 ngày gần đây"", ""feature_group"": ""WEATHER_7D"", ""mean_abs_shap"": 0.06714918748466389, ""normalized_importance"": 0.033360376232436}, {""feature"": ""humidity_max_7d"", ""human_label"": ""Độ ẩm — 7 ngày gần đây"", ""feature_group"": ""WEATHER_7D"", ""mean_abs_shap"": 0.05663017983955924, ""normalized_importance"": 0.028134429861711746}, {""feature"": ""temperature_min_7d"", ""human_label"": ""Nhiệt độ — 7 ngày gần đây"", ""feature_group"": ""WEATHER_7D"", ""mean_abs_shap"": 0.048764867700351926, ""normalized_importance"": 0.024226865496775402}, {""feature"": ""weather_code_current"", ""human_label"": ""Trạng thái thời tiết — hiện tại"", ""feature_group"": ""WEATHER_CURRENT"", ""mean_abs_shap"": 0.04463768556658943, ""normalized_importance"": 0.022176440853982068}, {""feature"": ""wind_speed_mean_7d"", ""human_label"": ""Gió — 7 ngày gần đây"", ""feature_group"": ""WEATHER_7D"", ""mean_abs_shap"": 0.04158438670928042, ""normalized_importance"": 0.020659531976221498}, {""feature"": ""gender"", ""human_label"": ""Giới tính"", ""feature_group"": ""DEMOGRAPHIC"", ""mean_abs_shap"": 0.03633022209422306, ""normalized_importance"": 0.018049211361612454}, {""feature"": ""day_of_year_cos"", ""human_label"": ""Thời điểm trong năm"", ""feature_group"": ""SEASONAL_CALENDAR"", ""mean_abs_shap"": 0.03422786495619838, ""normalized_importance"": 0.017004739675108894}, {""feature"": ""month"", ""human_label"": ""Yếu tố mùa vụ theo tháng"", ""feature_group"": ""SEASONAL_CALENDAR"", ""mean_abs_shap"": 0.03335174028700084, ""normalized_importance"": 0.016569472329578852}, {""feature"": ""precipitation_sum_7d"", ""human_label"": ""Lượng mưa — 7 ngày gần đây"", ""feature_group"": ""WEATHER_7D"", ""mean_abs_shap"": 0.02864577248019238, ""normalized_importance"": 0.01423150127656027}]",DEMOGRAPHIC,0.21001101525519472,0.04143289824028033,0.7485560865045251,0.028883438837778313,0.009342501071763354,0.17178507534565307,3.9968028886505635e-15
197,Bệnh khác của bộ máy tiêu hoá - Other diseases of the digestive system,"[{""feature"": ""age_group"", ""human_label"": ""Nhóm tuổi"", ""feature_group"": ""DEMOGRAPHIC"", ""mean_abs_shap"": 1.3092082069753435, ""normalized_importance"": 0.6070054716709967}, {""feature"": ""gender"", ""human_label"": ""Giới tính"", ""feature_group"": ""DEMOGRAPHIC"", ""mean_abs_shap"": 0.17455999149452928, ""normalized_importance"": 0.08093355159819698}, {""feature"": ""temperature_min_7d"", ""human_label"": ""Nhiệt độ — 7 ngày gần đây"", ""feature_group"": ""WEATHER_7D"", ""mean_abs_shap"": 0.08326341960950953, ""normalized_importance"": 0.038604517618917054}, {""feature"": ""day_of_year_sin"", ""human_label"": ""Thời điểm trong năm"", ""feature_group"": ""SEASONAL_CALENDAR"", ""mean_abs_shap"": 0.08289630646134608, ""normalized_importance"": 0.03843430810719057}, {""feature"": ""rain_max_daily_7d"", ""human_label"": ""Lượng mưa — 7 ngày gần đây"", ""feature_group"": ""WEATHER_7D"", ""mean_abs_shap"": 0.06610888843283055, ""normalized_importance"": 0.030650936032187093}, {""feature"": ""humidity_max_7d"", ""human_label"": ""Độ ẩm — 7 ngày gần đây"", ""feature_group"": ""WEATHER_7D"", ""mean_abs_shap"": 0.06172073546830794, ""normalized_importance"": 0.028616398786084497}, {""feature"": ""wind_speed_mean_7d"", ""human_label"": ""Gió — 7 ngày gần đây"", ""feature_group"": ""WEATHER_7D"", ""mean_abs_shap"": 0.047165800848591156, ""normalized_importance"": 0.0218681024441352}, {""feature"": ""temperature_mean_7d"", ""human_label"": ""Nhiệt độ — 7 ngày gần đây"", ""feature_group"": ""WEATHER_7D"", ""mean_abs_shap"": 0.0466593366034521, ""normalized_importance"": 0.021633283745041212}, {""feature"": ""wind_speed_max_3d"", ""human_label"": ""Gió — 3 ngày gần đây"", ""feature_group"": ""WEATHER_3D"", ""mean_abs_shap"": 0.040593020565373644, ""normalized_importance"": 0.018820677615336057}, {""feature"": ""wind_speed_max_7d"", ""human_label"": ""Gió — 7 ngày gần đây"", ""feature_group"": ""WEATHER_7D"", ""mean_abs_shap"": 0.033527273338987695, ""normalized_importance"": 0.015544692019607802}]",DEMOGRAPHIC,0.25305277533205117,0.05900820139875505,0.6879390232691938,0.02659323046880216,0.03619078370836693,0.19026876115488206,7.105427357601002e-15
198,Bệnh nhiễm khuẩn da và mô tế bào dưới da - Infections of skin and subcutaneous tissue,"[{""feature"": ""age_group"", ""human_label"": ""Nhóm tuổi"", ""feature_group"": ""DEMOGRAPHIC"", ""mean_abs_shap"": 2.063928411051241, ""normalized_importance"": 0.6122957273076818}, {""feature"": ""wind_speed_max_7d"", ""human_label"": ""Gió — 7 ngày gần đây"", ""feature_group"": ""WEATHER_7D"", ""mean_abs_shap"": 0.1729305273061141, ""normalized_importance"": 0.051302468837408376}, {""feature"": ""temperature_min_7d"", ""human_label"": ""Nhiệt độ — 7 ngày gần đây"", ""feature_group"": ""WEATHER_7D"", ""mean_abs_shap"": 0.1474881916735377, ""normalized_importance"": 0.04375461334148063}, {""feature"": ""gender"", ""human_label"": ""Giới tính"", ""feature_group"": ""DEMOGRAPHIC"", ""mean_abs_shap"": 0.12064312794207718, ""normalized_importance"": 0.03579061723867801}, {""feature"": ""month"", ""human_label"": ""Yếu tố mùa vụ theo tháng"", ""feature_group"": ""SEASONAL_CALENDAR"", ""mean_abs_shap"": 0.11470858959526223, ""normalized_importance"": 0.03403004625479994}, {""feature"": ""rain_max_daily_7d"", ""human_label"": ""Lượng mưa — 7 ngày gần đây"", ""feature_group"": ""WEATHER_7D"", ""mean_abs_shap"": 0.09805523097846897, ""normalized_importance"": 0.029089574350936058}, {""feature"": ""temperature_max_7d"", ""human_label"": ""Nhiệt độ — 7 ngày gần đây"", ""feature_group"": ""WEATHER_7D"", ""mean_abs_shap"": 0.09650044317764804, ""normalized_importance"": 0.02862832292272985}, {""feature"": ""wind_gust_max_7d"", ""human_label"": ""Gió — 7 ngày gần đây"", ""feature_group"": ""WEATHER_7D"", ""mean_abs_shap"": 0.0762304100309679, ""normalized_importance"": 0.022614909559339112}, {""feature"": ""weather_code_current"", ""human_label"": ""Trạng thái thời tiết — hiện tại"", ""feature_group"": ""WEATHER_CURRENT"", ""mean_abs_shap"": 0.06822955299698702, ""normalized_importance"": 0.020241333736420477}, {""feature"": ""humidity_max_7d"", ""human_label"": ""Độ ẩm — 7 ngày gần đây"", ""feature_group"": ""WEATHER_7D"", ""mean_abs_shap"": 0.06196244972111718, ""normalized_importance"": 0.018382102312566692}]",DEMOGRAPHIC,0.30429825315726,0.04761540229638004,0.6480863445463598,0.027268512447899834,0.04306340209921783,0.23396633861014232,1.509903313490213e-14
199,Bệnh khác của da và mô tế bào dưới da - Other diseases of skin and subcutaneous tissue,"[{""feature"": ""age_group"", ""human_label"": ""Nhóm tuổi"", ""feature_group"": ""DEMOGRAPHIC"", ""mean_abs_shap"": 1.927183783889845, ""normalized_importance"": 0.5505377447824157}, {""feature"": ""temperature_min_7d"", ""human_label"": ""Nhiệt độ — 7 ngày gần đây"", ""feature_group"": ""WEATHER_7D"", ""mean_abs_shap"": 0.24441849044235017, ""normalized_importance"": 0.0698229227726551}, {""feature"": ""wind_speed_max_7d"", ""human_label"": ""Gió — 7 ngày gần đây"", ""feature_group"": ""WEATHER_7D"", ""mean_abs_shap"": 0.18534647702283943, ""normalized_importance"": 0.05294784665402327}, {""feature"": ""temperature_max_current"", ""human_label"": ""Nhiệt độ — hiện tại"", ""feature_group"": ""WEATHER_CURRENT"", ""mean_abs_shap"": 0.13461518914731094, ""normalized_importance"": 0.03845546193681284}, {""feature"": ""month"", ""human_label"": ""Yếu tố mùa vụ theo tháng"", ""feature_group"": ""SEASONAL_CALENDAR"", ""mean_abs_shap"": 0.13165689054414753, ""normalized_importance"": 0.03761036607465731}, {""feature"": ""humidity_max_7d"", ""human_label"": ""Độ ẩm — 7 ngày gần đây"", ""feature_group"": ""WEATHER_7D"", ""mean_abs_shap"": 0.10928631492137438, ""normalized_importance"": 0.031219773565629654}, {""feature"": ""wind_gust_max_7d"", ""human_label"": ""Gió — 7 ngày gần đây"", ""feature_group"": ""WEATHER_7D"", ""mean_abs_shap"": 0.10151763114934513, ""normalized_importance"": 0.029000497085859733}, {""feature"": ""rain_max_daily_7d"", ""human_label"": ""Lượng mưa — 7 ngày gần đây"", ""feature_group"": ""WEATHER_7D"", ""mean_abs_shap"": 0.07251280851425657, ""normalized_importance"": 0.020714702147763497}, {""feature"": ""day_of_year_cos"", ""human_label"": ""Thời điểm trong năm"", ""feature_group"": ""SEASONAL_CALENDAR"", ""mean_abs_shap"": 0.06985554746567657, ""normalized_importance"": 0.01995560355155665}, {""feature"": ""day_of_year_sin"", ""human_label"": ""Thời điểm trong năm"", ""feature_group"": ""SEASONAL_CALENDAR"", ""mean_abs_shap"": 0.06806532567300037, ""normalized_importance"": 0.019444191678626203}]",DEMOGRAPHIC,0.3678731234925972,0.07701016130484016,0.5551167152025628,0.06150630774202312,0.03186764143486774,0.27449917431570636,1.4210854715202004e-14
200,"Viêm khớp dạng thấp và viêm khớp khác - Rheumatoid arthritis, other inflamatory polyarthropaties","[{""feature"": ""age_group"", ""human_label"": ""Nhóm tuổi"", ""feature_group"": ""DEMOGRAPHIC"", ""mean_abs_shap"": 1.4130053639629039, ""normalized_importance"": 0.6776596011110618}, {""feature"": ""gender"", ""human_label"": ""Giới tính"", ""feature_group"": ""DEMOGRAPHIC"", ""mean_abs_shap"": 0.17318450212266384, ""normalized_importance"": 0.08305710906709857}, {""feature"": ""day_of_year_sin"", ""human_label"": ""Thời điểm trong năm"", ""feature_group"": ""SEASONAL_CALENDAR"", ""mean_abs_shap"": 0.06915408691466443, ""normalized_importance"": 0.03316543032954934}, {""feature"": ""wind_speed_max_7d"", ""human_label"": ""Gió — 7 ngày gần đây"", ""feature_group"": ""WEATHER_7D"", ""mean_abs_shap"": 0.05302434840663098, ""normalized_importance"": 0.025429810605697645}, {""feature"": ""temperature_min_7d"", ""human_label"": ""Nhiệt độ — 7 ngày gần đây"", ""feature_group"": ""WEATHER_7D"", ""mean_abs_shap"": 0.05219928572615632, ""normalized_importance"": 0.025034120921000342}, {""feature"": ""rain_max_daily_7d"", ""human_label"": ""Lượng mưa — 7 ngày gần đây"", ""feature_group"": ""WEATHER_7D"", ""mean_abs_shap"": 0.05122106457806938, ""normalized_importance"": 0.02456497836151859}, {""feature"": ""weather_code_current"", ""human_label"": ""Trạng thái thời tiết — hiện tại"", ""feature_group"": ""WEATHER_CURRENT"", ""mean_abs_shap"": 0.034598377954782454, ""normalized_importance"": 0.01659294692142667}, {""feature"": ""month"", ""human_label"": ""Yếu tố mùa vụ theo tháng"", ""feature_group"": ""SEASONAL_CALENDAR"", ""mean_abs_shap"": 0.034501626700664124, ""normalized_importance"": 0.016546546236797317}, {""feature"": ""wind_speed_mean_7d"", ""human_label"": ""Gió — 7 ngày gần đây"", ""feature_group"": ""WEATHER_7D"", ""mean_abs_shap"": 0.030390728984270542, ""normalized_importance"": 0.014575011394999799}, {""feature"": ""day_of_year_cos"", ""human_label"": ""Thời điểm trong năm"", ""feature_group"": ""SEASONAL_CALENDAR"", ""mean_abs_shap"": 0.030346116475287073, ""normalized_importance"": 0.014553615796785286}]",DEMOGRAPHIC,0.17501769745870757,0.06426559236313194,0.7607167101781604,0.026107503678834302,0.00767218527488341,0.14123800850498985,4.6629367034256575e-15
201,Bệnh thoái hoá khớp - Arthrosis,"[{""feature"": ""day_of_year_cos"", ""human_label"": ""Thời điểm trong năm"", ""feature_group"": ""SEASONAL_CALENDAR"", ""mean_abs_shap"": 0.03003934909058717, ""normalized_importance"": 0.3880342752226408}, {""feature"": ""temperature_min_7d"", ""human_label"": ""Nhiệt độ — 7 ngày gần đây"", ""feature_group"": ""WEATHER_7D"", ""mean_abs_shap"": 0.024737573510294906, ""normalized_importance"": 0.3195484156093761}, {""feature"": ""temperature_max_7d"", ""human_label"": ""Nhiệt độ — 7 ngày gần đây"", ""feature_group"": ""WEATHER_7D"", ""mean_abs_shap"": 0.009136429138952507, ""normalized_importance"": 0.11802012248552202}, {""feature"": ""gender"", ""human_label"": ""Giới tính"", ""feature_group"": ""DEMOGRAPHIC"", ""mean_abs_shap"": 0.006331289351879321, ""normalized_importance"": 0.08178463745910994}, {""feature"": ""wind_speed_mean_7d"", ""human_label"": ""Gió — 7 ngày gần đây"", ""feature_group"": ""WEATHER_7D"", ""mean_abs_shap"": 0.0046185358221767035, ""normalized_importance"": 0.05966008767179682}, {""feature"": ""day_of_year_sin"", ""human_label"": ""Thời điểm trong năm"", ""feature_group"": ""SEASONAL_CALENDAR"", ""mean_abs_shap"": 0.002550987268775016, ""normalized_importance"": 0.0329524615515545}, {""feature"": ""age_group"", ""human_label"": ""Nhóm tuổi"", ""feature_group"": ""DEMOGRAPHIC"", ""mean_abs_shap"": 0.0, ""normalized_importance"": 0.0}, {""feature"": ""month"", ""human_label"": ""Yếu tố mùa vụ theo tháng"", ""feature_group"": ""SEASONAL_CALENDAR"", ""mean_abs_shap"": 0.0, ""normalized_importance"": 0.0}, {""feature"": ""season"", ""human_label"": ""Mùa mưa / mùa khô"", ""feature_group"": ""SEASONAL_CALENDAR"", ""mean_abs_shap"": 0.0, ""normalized_importance"": 0.0}, {""feature"": ""weather_code_current"", ""human_label"": ""Trạng thái thời tiết — hiện tại"", ""feature_group"": ""WEATHER_CURRENT"", ""mean_abs_shap"": 0.0, ""normalized_importance"": 0.0}]",WEATHER_7D,0.4972286257666949,0.4209867367741953,0.08178463745910994,0.0,0.0,0.4972286257666949,2.6645352591003757e-15
202,Biến dạng các chi mắc phải - Accquired deformities of limbs,"[{""feature"": ""age_group"", ""human_label"": ""Nhóm tuổi"", ""feature_group"": ""DEMOGRAPHIC"", ""mean_abs_shap"": 0.9971883721184789, ""normalized_importance"": 0.49756502288711546}, {""feature"": ""day_of_year_cos"", ""human_label"": ""Thời điểm trong năm"", ""feature_group"": ""SEASONAL_CALENDAR"", ""mean_abs_shap"": 0.2692686071225412, ""normalized_importance"": 0.1343564008684515}, {""feature"": ""wind_gust_max_7d"", ""human_label"": ""Gió — 7 ngày gần đây"", ""feature_group"": ""WEATHER_7D"", ""mean_abs_shap"": 0.13464802059816264, ""normalized_importance"": 0.0671850447957987}, {""feature"": ""temperature_min_7d"", ""human_label"": ""Nhiệt độ — 7 ngày gần đây"", ""feature_group"": ""WEATHER_7D"", ""mean_abs_shap"": 0.10078392292269887, ""normalized_importance"": 0.05028794590650109}, {""feature"": ""gender"", ""human_label"": ""Giới tính"", ""feature_group"": ""DEMOGRAPHIC"", ""mean_abs_shap"": 0.08067292326236555, ""normalized_importance"": 0.04025320193428837}, {""feature"": ""temperature_max_7d"", ""human_label"": ""Nhiệt độ — 7 ngày gần đây"", ""feature_group"": ""WEATHER_7D"", ""mean_abs_shap"": 0.06258102058185173, ""normalized_importance"": 0.031225922612752338}, {""feature"": ""wind_speed_mean_7d"", ""human_label"": ""Gió — 7 ngày gần đây"", ""feature_group"": ""WEATHER_7D"", ""mean_abs_shap"": 0.06162539994560828, ""normalized_importance"": 0.03074909855719929}, {""feature"": ""rain_max_daily_7d"", ""human_label"": ""Lượng mưa — 7 ngày gần đây"", ""feature_group"": ""WEATHER_7D"", ""mean_abs_shap"": 0.046774736796192914, ""normalized_importance"": 0.023339093831482565}, {""feature"": ""day_of_year_sin"", ""human_label"": ""Thời điểm trong năm"", ""feature_group"": ""SEASONAL_CALENDAR"", ""mean_abs_shap"": 0.02957011039510907, ""normalized_importance"": 0.014754536922908358}, {""feature"": ""precipitation_sum_7d"", ""human_label"": ""Lượng mưa — 7 ngày gần đây"", ""feature_group"": ""WEATHER_7D"", ""mean_abs_shap"": 0.02624726611153334, ""normalized_importance"": 0.013096544172255583}]",DEMOGRAPHIC,0.30400040242643145,0.15818137275216457,0.5378182248214038,0.01458099180923317,0.04173988748478745,0.24767952313241084,5.773159728050814e-15
203,Bệnh khác của khớp - Other joint disorders,"[{""feature"": ""age_group"", ""human_label"": ""Nhóm tuổi"", ""feature_group"": ""DEMOGRAPHIC"", ""mean_abs_shap"": 1.3476808620959666, ""normalized_importance"": 0.6957262122970356}, {""feature"": ""gender"", ""human_label"": ""Giới tính"", ""feature_group"": ""DEMOGRAPHIC"", ""mean_abs_shap"": 0.0645285043012003, ""normalized_importance"": 0.03331216844086207}, {""feature"": ""day_of_year_sin"", ""human_label"": ""Thời điểm trong năm"", ""feature_group"": ""SEASONAL_CALENDAR"", ""mean_abs_shap"": 0.05829358345415803, ""normalized_importance"": 0.030093455474842632}, {""feature"": ""wind_speed_max_7d"", ""human_label"": ""Gió — 7 ngày gần đây"", ""feature_group"": ""WEATHER_7D"", ""mean_abs_shap"": 0.05539458553679158, ""normalized_importance"": 0.02859687798588907}, {""feature"": ""day_of_year_cos"", ""human_label"": ""Thời điểm trong năm"", ""feature_group"": ""SEASONAL_CALENDAR"", ""mean_abs_shap"": 0.04935311496125331, ""normalized_importance"": 0.025478031708227877}, {""feature"": ""temperature_min_7d"", ""human_label"": ""Nhiệt độ — 7 ngày gần đây"", ""feature_group"": ""WEATHER_7D"", ""mean_abs_shap"": 0.047361377164807816, ""normalized_importance"": 0.024449817809831513}, {""feature"": ""temperature_max_7d"", ""human_label"": ""Nhiệt độ — 7 ngày gần đây"", ""feature_group"": ""WEATHER_7D"", ""mean_abs_shap"": 0.03856247997414111, ""normalized_importance"": 0.01990747875388248}, {""feature"": ""precipitation_sum_7d"", ""human_label"": ""Lượng mưa — 7 ngày gần đây"", ""feature_group"": ""WEATHER_7D"", ""mean_abs_shap"": 0.03778957887025998, ""normalized_importance"": 0.01950847660685553}, {""feature"": ""wind_gust_max_7d"", ""human_label"": ""Gió — 7 ngày gần đây"", ""feature_group"": ""WEATHER_7D"", ""mean_abs_shap"": 0.030665153276419787, ""normalized_importance"": 0.015830566077291643}, {""feature"": ""wind_speed_mean_7d"", ""human_label"": ""Gió — 7 ngày gần đây"", ""feature_group"": ""WEATHER_7D"", ""mean_abs_shap"": 0.026866488063010917, ""normalized_importance"": 0.013869544714563952}]",DEMOGRAPHIC,0.20533042229066734,0.06563119697143502,0.7290383807378976,0.009088780421236065,0.02734752821042703,0.16889411365900425,3.9968028886505635e-15
204,Bệnh của hệ thống tổ chức liên kết - Systematic connective tissue disorders,"[{""feature"": ""age_group"", ""human_label"": ""Nhóm tuổi"", ""feature_group"": ""DEMOGRAPHIC"", ""mean_abs_shap"": 1.4775021145814067, ""normalized_importance"": 0.5612970112857594}, {""feature"": ""temperature_min_7d"", ""human_label"": ""Nhiệt độ — 7 ngày gần đây"", ""feature_group"": ""WEATHER_7D"", ""mean_abs_shap"": 0.18533202829447892, ""normalized_importance"": 0.07040687965897813}, {""feature"": ""gender"", ""human_label"": ""Giới tính"", ""feature_group"": ""DEMOGRAPHIC"", ""mean_abs_shap"": 0.18011489732816408, ""normalized_importance"": 0.06842491293962182}, {""feature"": ""wind_speed_max_7d"", ""human_label"": ""Gió — 7 ngày gần đây"", ""feature_group"": ""WEATHER_7D"", ""mean_abs_shap"": 0.11995817145668704, ""normalized_importance"": 0.04557161878378705}, {""feature"": ""humidity_max_7d"", ""human_label"": ""Độ ẩm — 7 ngày gần đây"", ""feature_group"": ""WEATHER_7D"", ""mean_abs_shap"": 0.08422717813844172, ""normalized_importance"": 0.0319975605392176}, {""feature"": ""wind_speed_mean_7d"", ""human_label"": ""Gió — 7 ngày gần đây"", ""feature_group"": ""WEATHER_7D"", ""mean_abs_shap"": 0.07718378634533166, ""normalized_importance"": 0.029321804800006783}, {""feature"": ""day_of_year_cos"", ""human_label"": ""Thời điểm trong năm"", ""feature_group"": ""SEASONAL_CALENDAR"", ""mean_abs_shap"": 0.07046301936682887, ""normalized_importance"": 0.026768612908535015}, {""feature"": ""rain_max_daily_7d"", ""human_label"": ""Lượng mưa — 7 ngày gần đây"", ""feature_group"": ""WEATHER_7D"", ""mean_abs_shap"": 0.05404528053984522, ""normalized_importance"": 0.020531581066271377}, {""feature"": ""weather_code_current"", ""human_label"": ""Trạng thái thời tiết — hiện tại"", ""feature_group"": ""WEATHER_CURRENT"", ""mean_abs_shap"": 0.04508110520661797, ""normalized_importance"": 0.017126127514952783}, {""feature"": ""wind_gust_max_7d"", ""human_label"": ""Gió — 7 ngày gần đây"", ""feature_group"": ""WEATHER_7D"", ""mean_abs_shap"": 0.044540715037582716, ""normalized_importance"": 0.016920835499588307}]",DEMOGRAPHIC,0.3215206418818639,0.04875743389275525,0.6297219242253812,0.029733324275975786,0.031460439572902205,0.26032687803298593,1.0658141036401503e-14
205,Trật đốt sống cổ và các đốt sống khác - Cervical and other interverbral disc disorders,"[{""feature"": ""age_group"", ""human_label"": ""Nhóm tuổi"", ""feature_group"": ""DEMOGRAPHIC"", ""mean_abs_shap"": 0.9232015179892283, ""normalized_importance"": 0.2597992031144415}, {""feature"": ""day_of_year_cos"", ""human_label"": ""Thời điểm trong năm"", ""feature_group"": ""SEASONAL_CALENDAR"", ""mean_abs_shap"": 0.2677646328655883, ""normalized_importance"": 0.07535195391817207}, {""feature"": ""gender"", ""human_label"": ""Giới tính"", ""feature_group"": ""DEMOGRAPHIC"", ""mean_abs_shap"": 0.2662111451350011, ""normalized_importance"": 0.07491478514560151}, {""feature"": ""day_of_year_sin"", ""human_label"": ""Thời điểm trong năm"", ""feature_group"": ""SEASONAL_CALENDAR"", ""mean_abs_shap"": 0.2276449610595537, ""normalized_importance"": 0.06406183083960242}, {""feature"": ""temperature_max_7d"", ""human_label"": ""Nhiệt độ — 7 ngày gần đây"", ""feature_group"": ""WEATHER_7D"", ""mean_abs_shap"": 0.17798333212283163, ""normalized_importance"": 0.050086494608324664}, {""feature"": ""wind_gust_max_3d"", ""human_label"": ""Gió — 3 ngày gần đây"", ""feature_group"": ""WEATHER_3D"", ""mean_abs_shap"": 0.15931819844938375, ""normalized_importance"": 0.04483391783077774}, {""feature"": ""temperature_mean_7d"", ""human_label"": ""Nhiệt độ — 7 ngày gần đây"", ""feature_group"": ""WEATHER_7D"", ""mean_abs_shap"": 0.145624769969959, ""normalized_importance"": 0.040980434341487536}, {""feature"": ""humidity_min_7d"", ""human_label"": ""Độ ẩm — 7 ngày gần đây"", ""feature_group"": ""WEATHER_7D"", ""mean_abs_shap"": 0.1380298251602644, ""normalized_importance"": 0.03884313216985068}, {""feature"": ""wind_speed_max_7d"", ""human_label"": ""Gió — 7 ngày gần đây"", ""feature_group"": ""WEATHER_7D"", ""mean_abs_shap"": 0.12821050742514886, ""normalized_importance"": 0.03607986664980819}, {""feature"": ""temperature_min_7d"", ""human_label"": ""Nhiệt độ — 7 ngày gần đây"", ""feature_group"": ""WEATHER_7D"", ""mean_abs_shap"": 0.1190325075931232, ""normalized_importance"": 0.03349707513995653}]",DEMOGRAPHIC,0.5099908215693496,0.1552951901706073,0.334713988260043,0.07370843219163084,0.12453436928685628,0.31174802009086255,1.7763568394002505e-14
206,Bệnh khác của cột sống - Other dorsopathies,"[{""feature"": ""age_group"", ""human_label"": ""Nhóm tuổi"", ""feature_group"": ""DEMOGRAPHIC"", ""mean_abs_shap"": 1.0600084650574702, ""normalized_importance"": 0.48527746081121337}, {""feature"": ""gender"", ""human_label"": ""Giới tính"", ""feature_group"": ""DEMOGRAPHIC"", ""mean_abs_shap"": 0.2839094335387174, ""normalized_importance"": 0.12997523467942212}, {""feature"": ""day_of_year_cos"", ""human_label"": ""Thời điểm trong năm"", ""feature_group"": ""SEASONAL_CALENDAR"", ""mean_abs_shap"": 0.16336042800278938, ""normalized_importance"": 0.07478726473559683}, {""feature"": ""wind_speed_max_7d"", ""human_label"": ""Gió — 7 ngày gần đây"", ""feature_group"": ""WEATHER_7D"", ""mean_abs_shap"": 0.08856176687236884, ""normalized_importance"": 0.040544043533131326}, {""feature"": ""day_of_year_sin"", ""human_label"": ""Thời điểm trong năm"", ""feature_group"": ""SEASONAL_CALENDAR"", ""mean_abs_shap"": 0.05012727666409838, ""normalized_importance"": 0.022948531392733732}, {""feature"": ""humidity_max_7d"", ""human_label"": ""Độ ẩm — 7 ngày gần đây"", ""feature_group"": ""WEATHER_7D"", ""mean_abs_shap"": 0.05006848810051855, ""normalized_importance"": 0.022921617678552015}, {""feature"": ""temperature_min_7d"", ""human_label"": ""Nhiệt độ — 7 ngày gần đây"", ""feature_group"": ""WEATHER_7D"", ""mean_abs_shap"": 0.0490405705966626, ""normalized_importance"": 0.02245103162887592}, {""feature"": ""wind_speed_mean_7d"", ""human_label"": ""Gió — 7 ngày gần đây"", ""feature_group"": ""WEATHER_7D"", ""mean_abs_shap"": 0.04677943426283523, ""normalized_importance"": 0.02141587150063276}, {""feature"": ""rain_max_daily_7d"", ""human_label"": ""Lượng mưa — 7 ngày gần đây"", ""feature_group"": ""WEATHER_7D"", ""mean_abs_shap"": 0.046277847433557825, ""normalized_importance"": 0.02118624240717558}, {""feature"": ""weather_code_current"", ""human_label"": ""Trạng thái thời tiết — hiện tại"", ""feature_group"": ""WEATHER_CURRENT"", ""mean_abs_shap"": 0.04255025716224146, ""normalized_importance"": 0.019479731939156898}]",DEMOGRAPHIC,0.2765365472535465,0.10821075725581793,0.6152526954906354,0.03761606410272976,0.04129739136162048,0.19762309178919624,5.329070518200751e-15
207,Tổn thương các mô mềm - Soft tissue disorders,"[{""feature"": ""age_group"", ""human_label"": ""Nhóm tuổi"", ""feature_group"": ""DEMOGRAPHIC"", ""mean_abs_shap"": 1.2281216590849562, ""normalized_importance"": 0.631739314494999}, {""feature"": ""temperature_min_7d"", ""human_label"": ""Nhiệt độ — 7 ngày gần đây"", ""feature_group"": ""WEATHER_7D"", ""mean_abs_shap"": 0.11931965715298011, ""normalized_importance"": 0.061377403336217495}, {""feature"": ""humidity_max_7d"", ""human_label"": ""Độ ẩm — 7 ngày gần đây"", ""feature_group"": ""WEATHER_7D"", ""mean_abs_shap"": 0.09742345716067173, ""normalized_importance"": 0.05011411335931675}, {""feature"": ""wind_speed_max_7d"", ""human_label"": ""Gió — 7 ngày gần đây"", ""feature_group"": ""WEATHER_7D"", ""mean_abs_shap"": 0.07891190079416507, ""normalized_importance"": 0.040591866240960645}, {""feature"": ""month"", ""human_label"": ""Yếu tố mùa vụ theo tháng"", ""feature_group"": ""SEASONAL_CALENDAR"", ""mean_abs_shap"": 0.06799253829704004, ""normalized_importance"": 0.0349750036706874}, {""feature"": ""day_of_year_cos"", ""human_label"": ""Thời điểm trong năm"", ""feature_group"": ""SEASONAL_CALENDAR"", ""mean_abs_shap"": 0.0412100914338969, ""normalized_importance"": 0.021198254033011347}, {""feature"": ""day_of_year_sin"", ""human_label"": ""Thời điểm trong năm"", ""feature_group"": ""SEASONAL_CALENDAR"", ""mean_abs_shap"": 0.039076137348841834, ""normalized_importance"": 0.020100559288452464}, {""feature"": ""precipitation_sum_7d"", ""human_label"": ""Lượng mưa — 7 ngày gần đây"", ""feature_group"": ""WEATHER_7D"", ""mean_abs_shap"": 0.032956033990149326, ""normalized_importance"": 0.016952410347459403}, {""feature"": ""humidity_mean_7d"", ""human_label"": ""Độ ẩm — 7 ngày gần đây"", ""feature_group"": ""WEATHER_7D"", ""mean_abs_shap"": 0.025971866042522395, ""normalized_importance"": 0.013359791131836104}, {""feature"": ""temperature_max_7d"", ""human_label"": ""Nhiệt độ — 7 ngày gần đây"", ""feature_group"": ""WEATHER_7D"", ""mean_abs_shap"": 0.02566629792962714, ""normalized_importance"": 0.013202608503597295}]",DEMOGRAPHIC,0.291772183941186,0.0762738169921512,0.6319539990666629,0.027374824261653694,0.03666499703028023,0.22773236264925203,5.329070518200751e-15
208,Di tật về mật độ và cấu trúc của xương - Disorders of bone density and structure,"[{""feature"": ""age_group"", ""human_label"": ""Nhóm tuổi"", ""feature_group"": ""DEMOGRAPHIC"", ""mean_abs_shap"": 0.23634073455808344, ""normalized_importance"": 0.5227645438716959}, {""feature"": ""gender"", ""human_label"": ""Giới tính"", ""feature_group"": ""DEMOGRAPHIC"", ""mean_abs_shap"": 0.033967191209348414, ""normalized_importance"": 0.07513238567342168}, {""feature"": ""day_of_year_cos"", ""human_label"": ""Thời điểm trong năm"", ""feature_group"": ""SEASONAL_CALENDAR"", ""mean_abs_shap"": 0.030545387261237053, ""normalized_importance"": 0.06756366171435661}, {""feature"": ""day_of_year_sin"", ""human_label"": ""Thời điểm trong năm"", ""feature_group"": ""SEASONAL_CALENDAR"", ""mean_abs_shap"": 0.028041219248225304, ""normalized_importance"": 0.062024666282409796}, {""feature"": ""rain_max_daily_7d"", ""human_label"": ""Lượng mưa — 7 ngày gần đây"", ""feature_group"": ""WEATHER_7D"", ""mean_abs_shap"": 0.022245732326446735, ""normalized_importance"": 0.0492055681153379}, {""feature"": ""temperature_mean_7d"", ""human_label"": ""Nhiệt độ — 7 ngày gần đây"", ""feature_group"": ""WEATHER_7D"", ""mean_abs_shap"": 0.016811462122382423, ""normalized_importance"": 0.03718544898600069}, {""feature"": ""wind_speed_mean_7d"", ""human_label"": ""Gió — 7 ngày gần đây"", ""feature_group"": ""WEATHER_7D"", ""mean_abs_shap"": 0.01643898024188869, ""normalized_importance"": 0.03636155241683383}, {""feature"": ""temperature_max_current"", ""human_label"": ""Nhiệt độ — hiện tại"", ""feature_group"": ""WEATHER_CURRENT"", ""mean_abs_shap"": 0.016349449721168818, ""normalized_importance"": 0.03616351892119359}, {""feature"": ""wind_speed_max_7d"", ""human_label"": ""Gió — 7 ngày gần đây"", ""feature_group"": ""WEATHER_7D"", ""mean_abs_shap"": 0.010765443440948985, ""normalized_importance"": 0.02381219699814863}, {""feature"": ""month"", ""human_label"": ""Yếu tố mùa vụ theo tháng"", ""feature_group"": ""SEASONAL_CALENDAR"", ""mean_abs_shap"": 0.010755244130010048, ""normalized_importance"": 0.023789637035555772}]",DEMOGRAPHIC,0.24872510542256024,0.15337796503232218,0.5978969295451175,0.04037632514681246,0.014424028093305185,0.1939247521824426,8.881784197001252e-16
209,Viêm xương tuỷ - Osteomyelitis,"[{""feature"": ""age_group"", ""human_label"": ""Nhóm tuổi"", ""feature_group"": ""DEMOGRAPHIC"", ""mean_abs_shap"": 1.2484965485683734, ""normalized_importance"": 0.5534541566922353}, {""feature"": ""gender"", ""human_label"": ""Giới tính"", ""feature_group"": ""DEMOGRAPHIC"", ""mean_abs_shap"": 0.30056734670078433, ""normalized_importance"": 0.1332404543594901}, {""feature"": ""wind_speed_max_7d"", ""human_label"": ""Gió — 7 ngày gần đây"", ""feature_group"": ""WEATHER_7D"", ""mean_abs_shap"": 0.0796469158744802, ""normalized_importance"": 0.03530719945441144}, {""feature"": ""day_of_year_sin"", ""human_label"": ""Thời điểm trong năm"", ""feature_group"": ""SEASONAL_CALENDAR"", ""mean_abs_shap"": 0.06662021722740363, ""normalized_importance"": 0.029532509470311094}, {""feature"": ""wind_gust_max_7d"", ""human_label"": ""Gió — 7 ngày gần đây"", ""feature_group"": ""WEATHER_7D"", ""mean_abs_shap"": 0.06563281002187861, ""normalized_importance"": 0.029094795306926075}, {""feature"": ""temperature_min_7d"", ""human_label"": ""Nhiệt độ — 7 ngày gần đây"", ""feature_group"": ""WEATHER_7D"", ""mean_abs_shap"": 0.06401189195934587, ""normalized_importance"": 0.028376247994644787}, {""feature"": ""wind_speed_mean_7d"", ""human_label"": ""Gió — 7 ngày gần đây"", ""feature_group"": ""WEATHER_7D"", ""mean_abs_shap"": 0.0425636551715838, ""normalized_importance"": 0.01886831958465596}, {""feature"": ""day_of_year_cos"", ""human_label"": ""Thời điểm trong năm"", ""feature_group"": ""SEASONAL_CALENDAR"", ""mean_abs_shap"": 0.040444808717886756, ""normalized_importance"": 0.01792904235674858}, {""feature"": ""humidity_max_7d"", ""human_label"": ""Độ ẩm — 7 ngày gần đây"", ""feature_group"": ""WEATHER_7D"", ""mean_abs_shap"": 0.03941810304120902, ""normalized_importance"": 0.017473907318443196}, {""feature"": ""temperature_max_7d"", ""human_label"": ""Nhiệt độ — 7 ngày gần đây"", ""feature_group"": ""WEATHER_7D"", ""mean_abs_shap"": 0.03755015994284396, ""normalized_importance"": 0.016645854671088926}]",DEMOGRAPHIC,0.25555879143779703,0.05774659751047758,0.6866946110517254,0.018281737208439616,0.03333321745986732,0.20394383676949007,6.217248937900877e-15
210,"Bệnh khác của hệ xương khớp, cơ và mô liên kết - Other diseases of the musculo-skeletal system and connective tissue","[{""feature"": ""age_group"", ""human_label"": ""Nhóm tuổi"", ""feature_group"": ""DEMOGRAPHIC"", ""mean_abs_shap"": 0.8464413950199613, ""normalized_importance"": 0.5636722298968548}, {""feature"": ""gender"", ""human_label"": ""Giới tính"", ""feature_group"": ""DEMOGRAPHIC"", ""mean_abs_shap"": 0.11538626900825683, ""normalized_importance"": 0.07683938419603009}, {""feature"": ""day_of_year_sin"", ""human_label"": ""Thời điểm trong năm"", ""feature_group"": ""SEASONAL_CALENDAR"", ""mean_abs_shap"": 0.08424185191851925, ""normalized_importance"": 0.05609932690075084}, {""feature"": ""wind_speed_max_7d"", ""human_label"": ""Gió — 7 ngày gần đây"", ""feature_group"": ""WEATHER_7D"", ""mean_abs_shap"": 0.08032795677291986, ""normalized_importance"": 0.05349293971637825}, {""feature"": ""temperature_mean_7d"", ""human_label"": ""Nhiệt độ — 7 ngày gần đây"", ""feature_group"": ""WEATHER_7D"", ""mean_abs_shap"": 0.047136923414739115, ""normalized_importance"": 0.031389975594278065}, {""feature"": ""humidity_min_7d"", ""human_label"": ""Độ ẩm — 7 ngày gần đây"", ""feature_group"": ""WEATHER_7D"", ""mean_abs_shap"": 0.0467773746414763, ""normalized_importance"": 0.031150540637559117}, {""feature"": ""temperature_max_7d"", ""human_label"": ""Nhiệt độ — 7 ngày gần đây"", ""feature_group"": ""WEATHER_7D"", ""mean_abs_shap"": 0.043381671916522715, ""normalized_importance"": 0.028889234257338577}, {""feature"": ""month"", ""human_label"": ""Yếu tố mùa vụ theo tháng"", ""feature_group"": ""SEASONAL_CALENDAR"", ""mean_abs_shap"": 0.04136823800902863, ""normalized_importance"": 0.02754842461940686}, {""feature"": ""day_of_year_cos"", ""human_label"": ""Thời điểm trong năm"", ""feature_group"": ""SEASONAL_CALENDAR"", ""mean_abs_shap"": 0.04063943317374089, ""normalized_importance"": 0.027063090313826782}, {""feature"": ""wind_speed_mean_3d"", ""human_label"": ""Gió — 3 ngày gần đây"", ""feature_group"": ""WEATHER_3D"", ""mean_abs_shap"": 0.025196602528769468, ""normalized_importance"": 0.016779218522129675}]",DEMOGRAPHIC,0.2487775440731308,0.11071084183398448,0.6405116140928849,0.013336509674819967,0.039395023955309506,0.19604601044300132,3.552713678800501e-15
211,Hội chứng viêm thận cấp và tiến triển nhanh - Acute and rapidly prograssive nephritis syndromes,"[{""feature"": ""age_group"", ""human_label"": ""Nhóm tuổi"", ""feature_group"": ""DEMOGRAPHIC"", ""mean_abs_shap"": 1.3469561031259811, ""normalized_importance"": 0.5803861733179781}, {""feature"": ""day_of_year_cos"", ""human_label"": ""Thời điểm trong năm"", ""feature_group"": ""SEASONAL_CALENDAR"", ""mean_abs_shap"": 0.2023184125464089, ""normalized_importance"": 0.08717641872446061}, {""feature"": ""gender"", ""human_label"": ""Giới tính"", ""feature_group"": ""DEMOGRAPHIC"", ""mean_abs_shap"": 0.14546123736322839, ""normalized_importance"": 0.06267738846382143}, {""feature"": ""day_of_year_sin"", ""human_label"": ""Thời điểm trong năm"", ""feature_group"": ""SEASONAL_CALENDAR"", ""mean_abs_shap"": 0.09438417664898939, ""normalized_importance"": 0.04066893566905758}, {""feature"": ""humidity_max_7d"", ""human_label"": ""Độ ẩm — 7 ngày gần đây"", ""feature_group"": ""WEATHER_7D"", ""mean_abs_shap"": 0.050450603799861896, ""normalized_importance"": 0.02173852051527818}, {""feature"": ""temperature_min_7d"", ""human_label"": ""Nhiệt độ — 7 ngày gần đây"", ""feature_group"": ""WEATHER_7D"", ""mean_abs_shap"": 0.0467501414745585, ""normalized_importance"": 0.02014403858412551}, {""feature"": ""wind_speed_max_7d"", ""human_label"": ""Gió — 7 ngày gần đây"", ""feature_group"": ""WEATHER_7D"", ""mean_abs_shap"": 0.046393549645373976, ""normalized_importance"": 0.019990387721490453}, {""feature"": ""rain_max_daily_7d"", ""human_label"": ""Lượng mưa — 7 ngày gần đây"", ""feature_group"": ""WEATHER_7D"", ""mean_abs_shap"": 0.040101135647430924, ""normalized_importance"": 0.01727906693477505}, {""feature"": ""precipitation_sum_7d"", ""human_label"": ""Lượng mưa — 7 ngày gần đây"", ""feature_group"": ""WEATHER_7D"", ""mean_abs_shap"": 0.03263008647196008, ""normalized_importance"": 0.014059887310762907}, {""feature"": ""month"", ""human_label"": ""Yếu tố mùa vụ theo tháng"", ""feature_group"": ""SEASONAL_CALENDAR"", ""mean_abs_shap"": 0.031393338939297924, ""normalized_importance"": 0.013526988602203357}]",DEMOGRAPHIC,0.21556409522247894,0.14137234299572154,0.6430635617817996,0.012061697819153934,0.04924341791314352,0.15425897949018147,5.329070518200751e-15
212,Bệnh cầu thận khác - Other glomerular diseases,"[{""feature"": ""age_group"", ""human_label"": ""Nhóm tuổi"", ""feature_group"": ""DEMOGRAPHIC"", ""mean_abs_shap"": 1.713092380792066, ""normalized_importance"": 0.5301302046168406}, {""feature"": ""gender"", ""human_label"": ""Giới tính"", ""feature_group"": ""DEMOGRAPHIC"", ""mean_abs_shap"": 0.38821093717432514, ""normalized_importance"": 0.12013499439158416}, {""feature"": ""wind_speed_max_7d"", ""human_label"": ""Gió — 7 ngày gần đây"", ""feature_group"": ""WEATHER_7D"", ""mean_abs_shap"": 0.1396306020136852, ""normalized_importance"": 0.043209811943745}, {""feature"": ""temperature_min_7d"", ""human_label"": ""Nhiệt độ — 7 ngày gần đây"", ""feature_group"": ""WEATHER_7D"", ""mean_abs_shap"": 0.12406882511471623, ""normalized_importance"": 0.038394095019105075}, {""feature"": ""day_of_year_sin"", ""human_label"": ""Thời điểm trong năm"", ""feature_group"": ""SEASONAL_CALENDAR"", ""mean_abs_shap"": 0.10876873834753463, ""normalized_importance"": 0.03365936020883689}, {""feature"": ""month"", ""human_label"": ""Yếu tố mùa vụ theo tháng"", ""feature_group"": ""SEASONAL_CALENDAR"", ""mean_abs_shap"": 0.10478593914627711, ""normalized_importance"": 0.03242685098797735}, {""feature"": ""wind_speed_mean_7d"", ""human_label"": ""Gió — 7 ngày gần đây"", ""feature_group"": ""WEATHER_7D"", ""mean_abs_shap"": 0.08092756051659786, ""normalized_importance"": 0.025043683981578108}, {""feature"": ""temperature_max_7d"", ""human_label"": ""Nhiệt độ — 7 ngày gần đây"", ""feature_group"": ""WEATHER_7D"", ""mean_abs_shap"": 0.0771591055898314, ""normalized_importance"": 0.023877505319051834}, {""feature"": ""humidity_max_7d"", ""human_label"": ""Độ ẩm — 7 ngày gần đây"", ""feature_group"": ""WEATHER_7D"", ""mean_abs_shap"": 0.06328918971099551, ""normalized_importance"": 0.019585348383845593}, {""feature"": ""precipitation_sum_7d"", ""human_label"": ""Lượng mưa — 7 ngày gần đây"", ""feature_group"": ""WEATHER_7D"", ""mean_abs_shap"": 0.05083817259174476, ""normalized_importance"": 0.015732281072867126}]",DEMOGRAPHIC,0.27530734172883486,0.07442745926274047,0.6502651990084247,0.03222417331159587,0.035309959300430106,0.20777320911680888,7.993605777301127e-15
213,Bệnh ống thận kẽ - Renal tubulo-interstitial diseases,"[{""feature"": ""age_group"", ""human_label"": ""Nhóm tuổi"", ""feature_group"": ""DEMOGRAPHIC"", ""mean_abs_shap"": 0.6998013283888509, ""normalized_importance"": 0.5798662726345197}, {""feature"": ""day_of_year_sin"", ""human_label"": ""Thời điểm trong năm"", ""feature_group"": ""SEASONAL_CALENDAR"", ""mean_abs_shap"": 0.07484547474634387, ""normalized_importance"": 0.062018125293708634}, {""feature"": ""month"", ""human_label"": ""Yếu tố mùa vụ theo tháng"", ""feature_group"": ""SEASONAL_CALENDAR"", ""mean_abs_shap"": 0.06383693025528532, ""normalized_importance"": 0.052896273987912946}, {""feature"": ""rain_max_daily_7d"", ""human_label"": ""Lượng mưa — 7 ngày gần đây"", ""feature_group"": ""WEATHER_7D"", ""mean_abs_shap"": 0.05243720858350966, ""normalized_importance"": 0.04345028718176841}, {""feature"": ""temperature_min_7d"", ""human_label"": ""Nhiệt độ — 7 ngày gần đây"", ""feature_group"": ""WEATHER_7D"", ""mean_abs_shap"": 0.04007629999886839, ""normalized_importance"": 0.03320784593940313}, {""feature"": ""gender"", ""human_label"": ""Giới tính"", ""feature_group"": ""DEMOGRAPHIC"", ""mean_abs_shap"": 0.03329904448914316, ""normalized_importance"": 0.02759210654067418}, {""feature"": ""day_of_year_cos"", ""human_label"": ""Thời điểm trong năm"", ""feature_group"": ""SEASONAL_CALENDAR"", ""mean_abs_shap"": 0.03178512580420392, ""normalized_importance"": 0.026337649955219294}, {""feature"": ""weather_code_current"", ""human_label"": ""Trạng thái thời tiết — hiện tại"", ""feature_group"": ""WEATHER_CURRENT"", ""mean_abs_shap"": 0.026297920370345593, ""normalized_importance"": 0.021790866128105307}, {""feature"": ""temperature_max_7d"", ""human_label"": ""Nhiệt độ — 7 ngày gần đây"", ""feature_group"": ""WEATHER_7D"", ""mean_abs_shap"": 0.024654867834688707, ""normalized_importance"": 0.020429407224065256}, {""feature"": ""humidity_mean_7d"", ""human_label"": ""Độ ẩm — 7 ngày gần đây"", ""feature_group"": ""WEATHER_7D"", ""mean_abs_shap"": 0.024520424035074862, ""normalized_importance"": 0.020318004999178962}]",DEMOGRAPHIC,0.2512895715879653,0.14125204923684087,0.607458379175194,0.02914196135869998,0.028966640360784196,0.19318096986848107,2.4424906541753444e-15
214,Suy thận - Renal failure,"[{""feature"": ""age_group"", ""human_label"": ""Nhóm tuổi"", ""feature_group"": ""DEMOGRAPHIC"", ""mean_abs_shap"": 1.5158240420496623, ""normalized_importance"": 0.5992177534646803}, {""feature"": ""gender"", ""human_label"": ""Giới tính"", ""feature_group"": ""DEMOGRAPHIC"", ""mean_abs_shap"": 0.12710260788955405, ""normalized_importance"": 0.050244709838548306}, {""feature"": ""temperature_max_7d"", ""human_label"": ""Nhiệt độ — 7 ngày gần đây"", ""feature_group"": ""WEATHER_7D"", ""mean_abs_shap"": 0.0886396486154581, ""normalized_importance"": 0.035039984614199236}, {""feature"": ""temperature_min_7d"", ""human_label"": ""Nhiệt độ — 7 ngày gần đây"", ""feature_group"": ""WEATHER_7D"", ""mean_abs_shap"": 0.08341234794956504, ""normalized_importance"": 0.032973589521622756}, {""feature"": ""month"", ""human_label"": ""Yếu tố mùa vụ theo tháng"", ""feature_group"": ""SEASONAL_CALENDAR"", ""mean_abs_shap"": 0.07111208482295213, ""normalized_importance"": 0.028111193997279994}, {""feature"": ""day_of_year_sin"", ""human_label"": ""Thời điểm trong năm"", ""feature_group"": ""SEASONAL_CALENDAR"", ""mean_abs_shap"": 0.05458212287307154, ""normalized_importance"": 0.021576763621660198}, {""feature"": ""wind_speed_mean_7d"", ""human_label"": ""Gió — 7 ngày gần đây"", ""feature_group"": ""WEATHER_7D"", ""mean_abs_shap"": 0.05435093173944872, ""normalized_importance"": 0.02148537185858782}, {""feature"": ""precipitation_sum_7d"", ""human_label"": ""Lượng mưa — 7 ngày gần đây"", ""feature_group"": ""WEATHER_7D"", ""mean_abs_shap"": 0.04883694103476361, ""normalized_importance"": 0.019305645827709696}, {""feature"": ""humidity_min_7d"", ""human_label"": ""Độ ẩm — 7 ngày gần đây"", ""feature_group"": ""WEATHER_7D"", ""mean_abs_shap"": 0.04564441615706631, ""normalized_importance"": 0.018043614396602996}, {""feature"": ""wind_gust_max_7d"", ""human_label"": ""Gió — 7 ngày gần đây"", ""feature_group"": ""WEATHER_7D"", ""mean_abs_shap"": 0.044390023639286486, ""normalized_importance"": 0.017547742682198362}]",DEMOGRAPHIC,0.28548422866093903,0.06505330803583229,0.6494624633032287,0.02407020987341326,0.038051438699820285,0.22336258008770551,4.884981308350689e-15
215,Sỏi tiết niệu - Urolithiasis,"[{""feature"": ""age_group"", ""human_label"": ""Nhóm tuổi"", ""feature_group"": ""DEMOGRAPHIC"", ""mean_abs_shap"": 0.6214743517173441, ""normalized_importance"": 0.5987405795614895}, {""feature"": ""humidity_max_7d"", ""human_label"": ""Độ ẩm — 7 ngày gần đây"", ""feature_group"": ""WEATHER_7D"", ""mean_abs_shap"": 0.09461413900081977, ""normalized_importance"": 0.091153117201894}, {""feature"": ""wind_speed_max_7d"", ""human_label"": ""Gió — 7 ngày gần đây"", ""feature_group"": ""WEATHER_7D"", ""mean_abs_shap"": 0.06891353271454673, ""normalized_importance"": 0.06639264903389552}, {""feature"": ""day_of_year_cos"", ""human_label"": ""Thời điểm trong năm"", ""feature_group"": ""SEASONAL_CALENDAR"", ""mean_abs_shap"": 0.04886995311448022, ""normalized_importance"": 0.04708227132793211}, {""feature"": ""gender"", ""human_label"": ""Giới tính"", ""feature_group"": ""DEMOGRAPHIC"", ""mean_abs_shap"": 0.044499808900729854, ""normalized_importance"": 0.042871988679778275}, {""feature"": ""wind_gust_max_7d"", ""human_label"": ""Gió — 7 ngày gần đây"", ""feature_group"": ""WEATHER_7D"", ""mean_abs_shap"": 0.024541263082389565, ""normalized_importance"": 0.02364353418691669}, {""feature"": ""temperature_min_7d"", ""human_label"": ""Nhiệt độ — 7 ngày gần đây"", ""feature_group"": ""WEATHER_7D"", ""mean_abs_shap"": 0.019115813971233978, ""normalized_importance"": 0.01841655010266907}, {""feature"": ""temperature_mean_7d"", ""human_label"": ""Nhiệt độ — 7 ngày gần đây"", ""feature_group"": ""WEATHER_7D"", ""mean_abs_shap"": 0.016851975596415755, ""normalized_importance"": 0.01623552381119521}, {""feature"": ""month"", ""human_label"": ""Yếu tố mùa vụ theo tháng"", ""feature_group"": ""SEASONAL_CALENDAR"", ""mean_abs_shap"": 0.01646346504573314, ""normalized_importance"": 0.01586122512672229}, {""feature"": ""wind_speed_mean_7d"", ""human_label"": ""Gió — 7 ngày gần đây"", ""feature_group"": ""WEATHER_7D"", ""mean_abs_shap"": 0.012759289177152274, ""normalized_importance"": 0.01229254944409251}]",DEMOGRAPHIC,0.2900724919328318,0.06831493982590041,0.6416125682412678,0.017311573574797845,0.024209197811184066,0.24855172054684987,1.7763568394002505e-15
216,Viêm bàng quang - Cystitis,"[{""feature"": ""age_group"", ""human_label"": ""Nhóm tuổi"", ""feature_group"": ""DEMOGRAPHIC"", ""mean_abs_shap"": 0.974209193392714, ""normalized_importance"": 0.4977852850883656}, {""feature"": ""day_of_year_cos"", ""human_label"": ""Thời điểm trong năm"", ""feature_group"": ""SEASONAL_CALENDAR"", ""mean_abs_shap"": 0.3446661339962717, ""normalized_importance"": 0.17611179501821575}, {""feature"": ""wind_speed_max_7d"", ""human_label"": ""Gió — 7 ngày gần đây"", ""feature_group"": ""WEATHER_7D"", ""mean_abs_shap"": 0.11157983705247804, ""normalized_importance"": 0.05701321787351608}, {""feature"": ""gender"", ""human_label"": ""Giới tính"", ""feature_group"": ""DEMOGRAPHIC"", ""mean_abs_shap"": 0.10929008311511622, ""normalized_importance"": 0.055843237314697446}, {""feature"": ""temperature_min_7d"", ""human_label"": ""Nhiệt độ — 7 ngày gần đây"", ""feature_group"": ""WEATHER_7D"", ""mean_abs_shap"": 0.05604972907631002, ""normalized_importance"": 0.028639362630331452}, {""feature"": ""humidity_min_7d"", ""human_label"": ""Độ ẩm — 7 ngày gần đây"", ""feature_group"": ""WEATHER_7D"", ""mean_abs_shap"": 0.040540159914913235, ""normalized_importance"": 0.020714539749408963}, {""feature"": ""temperature_max_7d"", ""human_label"": ""Nhiệt độ — 7 ngày gần đây"", ""feature_group"": ""WEATHER_7D"", ""mean_abs_shap"": 0.03931625360682396, ""normalized_importance"": 0.020089168366521512}, {""feature"": ""temperature_mean_7d"", ""human_label"": ""Nhiệt độ — 7 ngày gần đây"", ""feature_group"": ""WEATHER_7D"", ""mean_abs_shap"": 0.03627626137751101, ""normalized_importance"": 0.018535843465875713}, {""feature"": ""humidity_max_7d"", ""human_label"": ""Độ ẩm — 7 ngày gần đây"", ""feature_group"": ""WEATHER_7D"", ""mean_abs_shap"": 0.03473237796765191, ""normalized_importance"": 0.017746975480917054}, {""feature"": ""temperature_max_3d"", ""human_label"": ""Nhiệt độ — 3 ngày gần đây"", ""feature_group"": ""WEATHER_3D"", ""mean_abs_shap"": 0.02711375881485566, ""normalized_importance"": 0.013854139596514152}]",DEMOGRAPHIC,0.24660173281089431,0.19976974478604267,0.553628522403063,0.007824396888529171,0.0377595156629864,0.20101782025937873,4.440892098500626e-15
217,Bệnh khác của bộ máy tiết niệu - Other diseases of the urnary system,"[{""feature"": ""age_group"", ""human_label"": ""Nhóm tuổi"", ""feature_group"": ""DEMOGRAPHIC"", ""mean_abs_shap"": 2.0083197236556236, ""normalized_importance"": 0.6594688237825098}, {""feature"": ""temperature_min_7d"", ""human_label"": ""Nhiệt độ — 7 ngày gần đây"", ""feature_group"": ""WEATHER_7D"", ""mean_abs_shap"": 0.13707002443189906, ""normalized_importance"": 0.045009470714855435}, {""feature"": ""wind_speed_max_7d"", ""human_label"": ""Gió — 7 ngày gần đây"", ""feature_group"": ""WEATHER_7D"", ""mean_abs_shap"": 0.1283524349558631, ""normalized_importance"": 0.04214688941852892}, {""feature"": ""day_of_year_cos"", ""human_label"": ""Thời điểm trong năm"", ""feature_group"": ""SEASONAL_CALENDAR"", ""mean_abs_shap"": 0.11943327705949107, ""normalized_importance"": 0.0392181194135496}, {""feature"": ""weather_code_current"", ""human_label"": ""Trạng thái thời tiết — hiện tại"", ""feature_group"": ""WEATHER_CURRENT"", ""mean_abs_shap"": 0.06995604952236889, ""normalized_importance"": 0.02297135916736055}, {""feature"": ""wind_gust_max_7d"", ""human_label"": ""Gió — 7 ngày gần đây"", ""feature_group"": ""WEATHER_7D"", ""mean_abs_shap"": 0.060908967008847945, ""normalized_importance"": 0.020000582754830513}, {""feature"": ""rain_max_daily_7d"", ""human_label"": ""Lượng mưa — 7 ngày gần đây"", ""feature_group"": ""WEATHER_7D"", ""mean_abs_shap"": 0.055243146602111735, ""normalized_importance"": 0.018140106120865047}, {""feature"": ""temperature_max_current"", ""human_label"": ""Nhiệt độ — hiện tại"", ""feature_group"": ""WEATHER_CURRENT"", ""mean_abs_shap"": 0.050287392377864594, ""normalized_importance"": 0.016512792814759272}, {""feature"": ""wind_speed_mean_7d"", ""human_label"": ""Gió — 7 ngày gần đây"", ""feature_group"": ""WEATHER_7D"", ""mean_abs_shap"": 0.04815614024963796, ""normalized_importance"": 0.015812956868505035}, {""feature"": ""day_of_year_sin"", ""human_label"": ""Thời điểm trong năm"", ""feature_group"": ""SEASONAL_CALENDAR"", ""mean_abs_shap"": 0.045728885029297534, ""normalized_importance"": 0.015015922847316314}]",DEMOGRAPHIC,0.27097843016926304,0.06698467235181811,0.662036897478919,0.045936086711653085,0.031152293885706173,0.19389004957190376,7.993605777301127e-15
218,Quá sản tuyến tiền liệt - Hyperplasia of prostate,"[{""feature"": ""month"", ""human_label"": ""Yếu tố mùa vụ theo tháng"", ""feature_group"": ""SEASONAL_CALENDAR"", ""mean_abs_shap"": 0.4509314835130258, ""normalized_importance"": 0.16824838281660723}, {""feature"": ""day_of_year_cos"", ""human_label"": ""Thời điểm trong năm"", ""feature_group"": ""SEASONAL_CALENDAR"", ""mean_abs_shap"": 0.3389410191509221, ""normalized_importance"": 0.12646328860891803}, {""feature"": ""age_group"", ""human_label"": ""Nhóm tuổi"", ""feature_group"": ""DEMOGRAPHIC"", ""mean_abs_shap"": 0.2549785067802583, ""normalized_importance"": 0.0951357866710865}, {""feature"": ""gender"", ""human_label"": ""Giới tính"", ""feature_group"": ""DEMOGRAPHIC"", ""mean_abs_shap"": 0.21454887173829215, ""normalized_importance"": 0.08005096566749839}, {""feature"": ""temperature_max_7d"", ""human_label"": ""Nhiệt độ — 7 ngày gần đây"", ""feature_group"": ""WEATHER_7D"", ""mean_abs_shap"": 0.1689141733454652, ""normalized_importance"": 0.06302406804415919}, {""feature"": ""temperature_mean_7d"", ""human_label"": ""Nhiệt độ — 7 ngày gần đây"", ""feature_group"": ""WEATHER_7D"", ""mean_abs_shap"": 0.1668697395489789, ""normalized_importance"": 0.06226126328864581}, {""feature"": ""wind_speed_mean_3d"", ""human_label"": ""Gió — 3 ngày gần đây"", ""feature_group"": ""WEATHER_3D"", ""mean_abs_shap"": 0.1267779717042626, ""normalized_importance"": 0.04730250491679325}, {""feature"": ""day_of_year_sin"", ""human_label"": ""Thời điểm trong năm"", ""feature_group"": ""SEASONAL_CALENDAR"", ""mean_abs_shap"": 0.08995547497571378, ""normalized_importance"": 0.033563553984419084}, {""feature"": ""temperature_mean_3d"", ""human_label"": ""Nhiệt độ — 3 ngày gần đây"", ""feature_group"": ""WEATHER_3D"", ""mean_abs_shap"": 0.07223439847993773, ""normalized_importance"": 0.026951590590433568}, {""feature"": ""wind_gust_max_7d"", ""human_label"": ""Gió — 7 ngày gần đây"", ""feature_group"": ""WEATHER_7D"", ""mean_abs_shap"": 0.07011276401902673, ""normalized_importance"": 0.026159981266118227}]",SEASONAL_CALENDAR,0.49653802225147053,0.32827522540994436,0.17518675233858488,0.08557616796166803,0.14131870239253488,0.2696431518972676,2.6645352591003757e-14
220,"Tràn dịch tinh mạc, u nang tinh dịch - Hydrocele and spermatocele","[{""feature"": ""gender"", ""human_label"": ""Giới tính"", ""feature_group"": ""DEMOGRAPHIC"", ""mean_abs_shap"": 1.9932709323626594, ""normalized_importance"": 0.5591569140788082}, {""feature"": ""age_group"", ""human_label"": ""Nhóm tuổi"", ""feature_group"": ""DEMOGRAPHIC"", ""mean_abs_shap"": 1.0011230807037708, ""normalized_importance"": 0.2808373329138288}, {""feature"": ""temperature_min_7d"", ""human_label"": ""Nhiệt độ — 7 ngày gần đây"", ""feature_group"": ""WEATHER_7D"", ""mean_abs_shap"": 0.11608877706553976, ""normalized_importance"": 0.03256548886016653}, {""feature"": ""day_of_year_cos"", ""human_label"": ""Thời điểm trong năm"", ""feature_group"": ""SEASONAL_CALENDAR"", ""mean_abs_shap"": 0.05598963186018773, ""normalized_importance"": 0.015706339395740027}, {""feature"": ""humidity_min_7d"", ""human_label"": ""Độ ẩm — 7 ngày gần đây"", ""feature_group"": ""WEATHER_7D"", ""mean_abs_shap"": 0.05086001818170956, ""normalized_importance"": 0.014267368451898238}, {""feature"": ""temperature_max_7d"", ""human_label"": ""Nhiệt độ — 7 ngày gần đây"", ""feature_group"": ""WEATHER_7D"", ""mean_abs_shap"": 0.046197732734001955, ""normalized_importance"": 0.012959493490613044}, {""feature"": ""wind_speed_mean_7d"", ""human_label"": ""Gió — 7 ngày gần đây"", ""feature_group"": ""WEATHER_7D"", ""mean_abs_shap"": 0.036977470290410645, ""normalized_importance"": 0.010373004413162716}, {""feature"": ""humidity_max_7d"", ""human_label"": ""Độ ẩm — 7 ngày gần đây"", ""feature_group"": ""WEATHER_7D"", ""mean_abs_shap"": 0.03355654933231612, ""normalized_importance"": 0.009413359853469899}, {""feature"": ""wind_speed_max_7d"", ""human_label"": ""Gió — 7 ngày gần đây"", ""feature_group"": ""WEATHER_7D"", ""mean_abs_shap"": 0.03007033767956781, ""normalized_importance"": 0.008435399799005181}, {""feature"": ""rain_max_daily_7d"", ""human_label"": ""Lượng mưa — 7 ngày gần đây"", ""feature_group"": ""WEATHER_7D"", ""mean_abs_shap"": 0.029923756420245768, ""normalized_importance"": 0.008394280489385215}]",DEMOGRAPHIC,0.13436404806078825,0.02564170494657458,0.8399942469926369,0.004646513503190298,0.018765220252692186,0.11095231430490576,1.2434497875801753e-14
221,"Thừa bao qui đầu, hẹp và nghẹt bao qui đầu - Redundant prepuce, phimosis and paraphimosis","[{""feature"": ""gender"", ""human_label"": ""Giới tính"", ""feature_group"": ""DEMOGRAPHIC"", ""mean_abs_shap"": 2.77033563424362, ""normalized_importance"": 0.5592792842173667}, {""feature"": ""age_group"", ""human_label"": ""Nhóm tuổi"", ""feature_group"": ""DEMOGRAPHIC"", ""mean_abs_shap"": 1.348696980446832, ""normalized_importance"": 0.27227685791089096}, {""feature"": ""temperature_min_7d"", ""human_label"": ""Nhiệt độ — 7 ngày gần đây"", ""feature_group"": ""WEATHER_7D"", ""mean_abs_shap"": 0.10175963822785888, ""normalized_importance"": 0.02054337998862499}, {""feature"": ""month"", ""human_label"": ""Yếu tố mùa vụ theo tháng"", ""feature_group"": ""SEASONAL_CALENDAR"", ""mean_abs_shap"": 0.0930685943153526, ""normalized_importance"": 0.018788819725815777}, {""feature"": ""wind_speed_max_7d"", ""human_label"": ""Gió — 7 ngày gần đây"", ""feature_group"": ""WEATHER_7D"", ""mean_abs_shap"": 0.0859139307307718, ""normalized_importance"": 0.01734442610110867}, {""feature"": ""humidity_max_7d"", ""human_label"": ""Độ ẩm — 7 ngày gần đây"", ""feature_group"": ""WEATHER_7D"", ""mean_abs_shap"": 0.060109126272815304, ""normalized_importance"": 0.012134915604177348}, {""feature"": ""day_of_year_cos"", ""human_label"": ""Thời điểm trong năm"", ""feature_group"": ""SEASONAL_CALENDAR"", ""mean_abs_shap"": 0.059337387867428815, ""normalized_importance"": 0.011979115961118773}, {""feature"": ""wind_gust_max_7d"", ""human_label"": ""Gió — 7 ngày gần đây"", ""feature_group"": ""WEATHER_7D"", ""mean_abs_shap"": 0.05392084525999574, ""normalized_importance"": 0.010885616662704291}, {""feature"": ""day_of_year_sin"", ""human_label"": ""Thời điểm trong năm"", ""feature_group"": ""SEASONAL_CALENDAR"", ""mean_abs_shap"": 0.04772309048766314, ""normalized_importance"": 0.009634405145233652}, {""feature"": ""weather_code_current"", ""human_label"": ""Trạng thái thời tiết — hiện tại"", ""feature_group"": ""WEATHER_CURRENT"", ""mean_abs_shap"": 0.0389464254461578, ""normalized_importance"": 0.007862559567551913}]",DEMOGRAPHIC,0.12804151703957395,0.040402340832168204,0.8315561421282577,0.019536251856800083,0.014945179520915982,0.09356008566185788,7.993605777301127e-15
222,Bệnh khác của cơ quan sinh dục nam - Other diseases of male genital organs,"[{""feature"": ""gender"", ""human_label"": ""Giới tính"", ""feature_group"": ""DEMOGRAPHIC"", ""mean_abs_shap"": 2.286528260233271, ""normalized_importance"": 0.5039663865286057}, {""feature"": ""age_group"", ""human_label"": ""Nhóm tuổi"", ""feature_group"": ""DEMOGRAPHIC"", ""mean_abs_shap"": 1.017727488472296, ""normalized_importance"": 0.22431406327070294}, {""feature"": ""day_of_year_sin"", ""human_label"": ""Thời điểm trong năm"", ""feature_group"": ""SEASONAL_CALENDAR"", ""mean_abs_shap"": 0.19850753588902303, ""normalized_importance"": 0.043752411592972086}, {""feature"": ""day_of_year_cos"", ""human_label"": ""Thời điểm trong năm"", ""feature_group"": ""SEASONAL_CALENDAR"", ""mean_abs_shap"": 0.11347407443456164, ""normalized_importance"": 0.02501045810456323}, {""feature"": ""wind_speed_max_7d"", ""human_label"": ""Gió — 7 ngày gần đây"", ""feature_group"": ""WEATHER_7D"", ""mean_abs_shap"": 0.09100734110251768, ""normalized_importance"": 0.020058637210253853}, {""feature"": ""humidity_max_7d"", ""human_label"": ""Độ ẩm — 7 ngày gần đây"", ""feature_group"": ""WEATHER_7D"", ""mean_abs_shap"": 0.07115706715467215, ""normalized_importance"": 0.015683501767109125}, {""feature"": ""temperature_min_7d"", ""human_label"": ""Nhiệt độ — 7 ngày gần đây"", ""feature_group"": ""WEATHER_7D"", ""mean_abs_shap"": 0.07010975437942915, ""normalized_importance"": 0.015452666905330242}, {""feature"": ""temperature_mean_7d"", ""human_label"": ""Nhiệt độ — 7 ngày gần đây"", ""feature_group"": ""WEATHER_7D"", ""mean_abs_shap"": 0.06993608031719346, ""normalized_importance"": 0.015414387960302142}, {""feature"": ""wind_speed_mean_7d"", ""human_label"": ""Gió — 7 ngày gần đây"", ""feature_group"": ""WEATHER_7D"", ""mean_abs_shap"": 0.06557735759456892, ""normalized_importance"": 0.014453695814657237}, {""feature"": ""humidity_min_7d"", ""human_label"": ""Độ ẩm — 7 ngày gần đây"", ""feature_group"": ""WEATHER_7D"", ""mean_abs_shap"": 0.06493905257123331, ""normalized_importance"": 0.014313009044365279}]",DEMOGRAPHIC,0.19298348374406482,0.07873606645662644,0.7282804497993086,0.01981286674441035,0.0368680719369164,0.13630254506273806,1.1546319456101628e-14
223,Tổn thương của vú - Disorders of breast,"[{""feature"": ""age_group"", ""human_label"": ""Nhóm tuổi"", ""feature_group"": ""DEMOGRAPHIC"", ""mean_abs_shap"": 0.4393894636022112, ""normalized_importance"": 0.40010949624117415}, {""feature"": ""day_of_year_sin"", ""human_label"": ""Thời điểm trong năm"", ""feature_group"": ""SEASONAL_CALENDAR"", ""mean_abs_shap"": 0.17566156510822645, ""normalized_importance"": 0.1599580011504741}, {""feature"": ""gender"", ""human_label"": ""Giới tính"", ""feature_group"": ""DEMOGRAPHIC"", ""mean_abs_shap"": 0.15947432038053028, ""normalized_importance"": 0.1452178426577466}, {""feature"": ""month"", ""human_label"": ""Yếu tố mùa vụ theo tháng"", ""feature_group"": ""SEASONAL_CALENDAR"", ""mean_abs_shap"": 0.05007553468008299, ""normalized_importance"": 0.045598947208698205}, {""feature"": ""rain_max_daily_7d"", ""human_label"": ""Lượng mưa — 7 ngày gần đây"", ""feature_group"": ""WEATHER_7D"", ""mean_abs_shap"": 0.04809505263955501, ""normalized_importance"": 0.043795513723848586}, {""feature"": ""temperature_mean_7d"", ""human_label"": ""Nhiệt độ — 7 ngày gần đây"", ""feature_group"": ""WEATHER_7D"", ""mean_abs_shap"": 0.04667595966389418, ""normalized_importance"": 0.04250328297494497}, {""feature"": ""humidity_min_7d"", ""human_label"": ""Độ ẩm — 7 ngày gần đây"", ""feature_group"": ""WEATHER_7D"", ""mean_abs_shap"": 0.046669659872647706, ""normalized_importance"": 0.04249754636423658}, {""feature"": ""humidity_mean_7d"", ""human_label"": ""Độ ẩm — 7 ngày gần đây"", ""feature_group"": ""WEATHER_7D"", ""mean_abs_shap"": 0.02469402333272354, ""normalized_importance"": 0.022486459176382704}, {""feature"": ""wind_speed_max_7d"", ""human_label"": ""Gió — 7 ngày gần đây"", ""feature_group"": ""WEATHER_7D"", ""mean_abs_shap"": 0.022458897414745427, ""normalized_importance"": 0.020451146135996648}, {""feature"": ""day_of_year_cos"", ""human_label"": ""Thời điểm trong năm"", ""feature_group"": ""SEASONAL_CALENDAR"", ""mean_abs_shap"": 0.018042443007356725, ""normalized_importance"": 0.016429508171295314}]",DEMOGRAPHIC,0.2326862045706116,0.2219864565304676,0.5453273388989207,0.002640249144917468,0.021844791916441425,0.2082011635092527,3.552713678800501e-15
224,Viêm vòi trứng và viêm buồng trứng - Salpingitis and oophoritis,"[{""feature"": ""gender"", ""human_label"": ""Giới tính"", ""feature_group"": ""DEMOGRAPHIC"", ""mean_abs_shap"": 0.4464614297862923, ""normalized_importance"": 0.26083124705357263}, {""feature"": ""day_of_year_cos"", ""human_label"": ""Thời điểm trong năm"", ""feature_group"": ""SEASONAL_CALENDAR"", ""mean_abs_shap"": 0.42703286836234555, ""normalized_importance"": 0.24948071245735756}, {""feature"": ""age_group"", ""human_label"": ""Nhóm tuổi"", ""feature_group"": ""DEMOGRAPHIC"", ""mean_abs_shap"": 0.4168405501411833, ""normalized_importance"": 0.24352616656687576}, {""feature"": ""temperature_max_7d"", ""human_label"": ""Nhiệt độ — 7 ngày gần đây"", ""feature_group"": ""WEATHER_7D"", ""mean_abs_shap"": 0.06276711041012821, ""normalized_importance"": 0.03666973805566951}, {""feature"": ""temperature_min_7d"", ""human_label"": ""Nhiệt độ — 7 ngày gần đây"", ""feature_group"": ""WEATHER_7D"", ""mean_abs_shap"": 0.054063320352493685, ""normalized_importance"": 0.031584818590371044}, {""feature"": ""temperature_mean_7d"", ""human_label"": ""Nhiệt độ — 7 ngày gần đây"", ""feature_group"": ""WEATHER_7D"", ""mean_abs_shap"": 0.05126218980703542, ""normalized_importance"": 0.029948344923023205}, {""feature"": ""temperature_min_3d"", ""human_label"": ""Nhiệt độ — 3 ngày gần đây"", ""feature_group"": ""WEATHER_3D"", ""mean_abs_shap"": 0.042630856868905706, ""normalized_importance"": 0.024905756283138705}, {""feature"": ""temperature_mean_3d"", ""human_label"": ""Nhiệt độ — 3 ngày gần đây"", ""feature_group"": ""WEATHER_3D"", ""mean_abs_shap"": 0.03866820208994922, ""normalized_importance"": 0.022590698097411967}, {""feature"": ""wind_gust_max_7d"", ""human_label"": ""Gió — 7 ngày gần đây"", ""feature_group"": ""WEATHER_7D"", ""mean_abs_shap"": 0.029999975694129734, ""normalized_importance"": 0.017526555598816874}, {""feature"": ""day_of_year_sin"", ""human_label"": ""Thời điểm trong năm"", ""feature_group"": ""SEASONAL_CALENDAR"", ""mean_abs_shap"": 0.02390722571811183, ""normalized_importance"": 0.013967055341446226}]",DEMOGRAPHIC,0.22745904185672944,0.2681835445228222,0.5043574136204484,0.002179938093701885,0.06564710507966051,0.15963199868336705,6.217248937900877e-15
226,Tổn thương viêm khác của các cơ quan khung chậu nữ - Other inflamatory diseases of female pelvic organs,"[{""feature"": ""gender"", ""human_label"": ""Giới tính"", ""feature_group"": ""DEMOGRAPHIC"", ""mean_abs_shap"": 0.9687980930887418, ""normalized_importance"": 0.5580700793963831}, {""feature"": ""age_group"", ""human_label"": ""Nhóm tuổi"", ""feature_group"": ""DEMOGRAPHIC"", ""mean_abs_shap"": 0.5358503610087703, ""normalized_importance"": 0.30867324744553637}, {""feature"": ""temperature_min_7d"", ""human_label"": ""Nhiệt độ — 7 ngày gần đây"", ""feature_group"": ""WEATHER_7D"", ""mean_abs_shap"": 0.04245595925432128, ""normalized_importance"": 0.02445648966583832}, {""feature"": ""day_of_year_cos"", ""human_label"": ""Thời điểm trong năm"", ""feature_group"": ""SEASONAL_CALENDAR"", ""mean_abs_shap"": 0.025676108096760325, ""normalized_importance"": 0.014790561404249801}, {""feature"": ""humidity_mean_7d"", ""human_label"": ""Độ ẩm — 7 ngày gần đây"", ""feature_group"": ""WEATHER_7D"", ""mean_abs_shap"": 0.02171494373635869, ""normalized_importance"": 0.012508757460908458}, {""feature"": ""precipitation_sum_7d"", ""human_label"": ""Lượng mưa — 7 ngày gần đây"", ""feature_group"": ""WEATHER_7D"", ""mean_abs_shap"": 0.020311246744354375, ""normalized_importance"": 0.011700166592114751}, {""feature"": ""temperature_mean_3d"", ""human_label"": ""Nhiệt độ — 3 ngày gần đây"", ""feature_group"": ""WEATHER_3D"", ""mean_abs_shap"": 0.020268966569260617, ""normalized_importance"": 0.01167581136181466}, {""feature"": ""rain_max_daily_7d"", ""human_label"": ""Lượng mưa — 7 ngày gần đây"", ""feature_group"": ""WEATHER_7D"", ""mean_abs_shap"": 0.01830971499834875, ""normalized_importance"": 0.010547196754151389}, {""feature"": ""humidity_min_7d"", ""human_label"": ""Độ ẩm — 7 ngày gần đây"", ""feature_group"": ""WEATHER_7D"", ""mean_abs_shap"": 0.013959071702300443, ""normalized_importance"": 0.008041035907044294}, {""feature"": ""day_of_year_sin"", ""human_label"": ""Thời điểm trong năm"", ""feature_group"": ""SEASONAL_CALENDAR"", ""mean_abs_shap"": 0.013593208430951353, ""normalized_importance"": 0.007830282658925231}]",DEMOGRAPHIC,0.1106358290949053,0.022620844063175032,0.8667433268419195,0.00847762314646878,0.01868144988763312,0.0834767560608034,2.886579864025407e-15
229,"Tổn thương không viêm của buồng trứng, vòi fallope và dây chằng rộng - Noinflammatory disorders of ovary, fallopian tube and broad ligament","[{""feature"": ""gender"", ""human_label"": ""Giới tính"", ""feature_group"": ""DEMOGRAPHIC"", ""mean_abs_shap"": 2.014505818164039, ""normalized_importance"": 0.6836693322245764}, {""feature"": ""age_group"", ""human_label"": ""Nhóm tuổi"", ""feature_group"": ""DEMOGRAPHIC"", ""mean_abs_shap"": 0.5688844728453143, ""normalized_importance"": 0.1930641570534378}, {""feature"": ""rain_max_daily_7d"", ""human_label"": ""Lượng mưa — 7 ngày gần đây"", ""feature_group"": ""WEATHER_7D"", ""mean_abs_shap"": 0.04541415148582009, ""normalized_importance"": 0.015412346958696225}, {""feature"": ""weather_code_current"", ""human_label"": ""Trạng thái thời tiết — hiện tại"", ""feature_group"": ""WEATHER_CURRENT"", ""mean_abs_shap"": 0.04239994307684242, ""normalized_importance"": 0.014389405336204636}, {""feature"": ""day_of_year_sin"", ""human_label"": ""Thời điểm trong năm"", ""feature_group"": ""SEASONAL_CALENDAR"", ""mean_abs_shap"": 0.03522627746519179, ""normalized_importance"": 0.011954855316989832}, {""feature"": ""temperature_min_7d"", ""human_label"": ""Nhiệt độ — 7 ngày gần đây"", ""feature_group"": ""WEATHER_7D"", ""mean_abs_shap"": 0.03195266558827741, ""normalized_importance"": 0.010843879103532081}, {""feature"": ""humidity_max_7d"", ""human_label"": ""Độ ẩm — 7 ngày gần đây"", ""feature_group"": ""WEATHER_7D"", ""mean_abs_shap"": 0.028815972448680588, ""normalized_importance"": 0.009779369443244295}, {""feature"": ""day_of_year_cos"", ""human_label"": ""Thời điểm trong năm"", ""feature_group"": ""SEASONAL_CALENDAR"", ""mean_abs_shap"": 0.027253538780833367, ""normalized_importance"": 0.009249121293692748}, {""feature"": ""temperature_max_current"", ""human_label"": ""Nhiệt độ — hiện tại"", ""feature_group"": ""WEATHER_CURRENT"", ""mean_abs_shap"": 0.026858185659441047, ""normalized_importance"": 0.009114949030670186}, {""feature"": ""wind_speed_mean_7d"", ""human_label"": ""Gió — 7 ngày gần đây"", ""feature_group"": ""WEATHER_7D"", ""mean_abs_shap"": 0.01545084666763529, ""normalized_importance"": 0.005243603631382704}]",DEMOGRAPHIC,0.09799612383645079,0.025270386885535012,0.8767334892780142,0.024265862406118752,0.011328005207021591,0.06240225622331044,5.329070518200751e-15
230,Rối loạn kinh nguyệt - Disorders of menstruation,"[{""feature"": ""age_group"", ""human_label"": ""Nhóm tuổi"", ""feature_group"": ""DEMOGRAPHIC"", ""mean_abs_shap"": 0.5951018014605021, ""normalized_importance"": 0.3669217917226181}, {""feature"": ""gender"", ""human_label"": ""Giới tính"", ""feature_group"": ""DEMOGRAPHIC"", ""mean_abs_shap"": 0.46185440190804156, ""normalized_importance"": 0.28476547079369646}, {""feature"": ""day_of_year_sin"", ""human_label"": ""Thời điểm trong năm"", ""feature_group"": ""SEASONAL_CALENDAR"", ""mean_abs_shap"": 0.11698482078338054, ""normalized_importance"": 0.07212930618062717}, {""feature"": ""humidity_mean_7d"", ""human_label"": ""Độ ẩm — 7 ngày gần đây"", ""feature_group"": ""WEATHER_7D"", ""mean_abs_shap"": 0.08388567967783594, ""normalized_importance"": 0.05172137575742839}, {""feature"": ""rain_days_7d"", ""human_label"": ""Lượng mưa — 7 ngày gần đây"", ""feature_group"": ""WEATHER_7D"", ""mean_abs_shap"": 0.06113836904665511, ""normalized_importance"": 0.03769607125796318}, {""feature"": ""temperature_min_7d"", ""human_label"": ""Nhiệt độ — 7 ngày gần đây"", ""feature_group"": ""WEATHER_7D"", ""mean_abs_shap"": 0.0517638211494604, ""normalized_importance"": 0.0319160082459098}, {""feature"": ""rain_max_daily_7d"", ""human_label"": ""Lượng mưa — 7 ngày gần đây"", ""feature_group"": ""WEATHER_7D"", ""mean_abs_shap"": 0.03836865250872773, ""normalized_importance"": 0.023656951953319377}, {""feature"": ""humidity_min_7d"", ""human_label"": ""Độ ẩm — 7 ngày gần đây"", ""feature_group"": ""WEATHER_7D"", ""mean_abs_shap"": 0.03293566352461459, ""normalized_importance"": 0.020307135085738694}, {""feature"": ""wind_speed_max_7d"", ""human_label"": ""Gió — 7 ngày gần đây"", ""feature_group"": ""WEATHER_7D"", ""mean_abs_shap"": 0.025888680252633575, ""normalized_importance"": 0.015962178101826405}, {""feature"": ""month"", ""human_label"": ""Yếu tố mùa vụ theo tháng"", ""feature_group"": ""SEASONAL_CALENDAR"", ""mean_abs_shap"": 0.020244880242523838, ""normalized_importance"": 0.012482381524583077}]",DEMOGRAPHIC,0.2517600579194322,0.09655267956425337,0.6516872625163146,0.009094808935718096,0.034386152883349036,0.20827909610036505,6.217248937900877e-15
233,Bệnh khác của bộ máy sinh dục tiết niệu - Other disorders of genitourinary tract,"[{""feature"": ""gender"", ""human_label"": ""Giới tính"", ""feature_group"": ""DEMOGRAPHIC"", ""mean_abs_shap"": 1.478867520954587, ""normalized_importance"": 0.4903828731759281}, {""feature"": ""age_group"", ""human_label"": ""Nhóm tuổi"", ""feature_group"": ""DEMOGRAPHIC"", ""mean_abs_shap"": 0.8389133857130607, ""normalized_importance"": 0.27817823476586395}, {""feature"": ""day_of_year_cos"", ""human_label"": ""Thời điểm trong năm"", ""feature_group"": ""SEASONAL_CALENDAR"", ""mean_abs_shap"": 0.10683727583678614, ""normalized_importance"": 0.035426547371406616}, {""feature"": ""humidity_max_7d"", ""human_label"": ""Độ ẩm — 7 ngày gần đây"", ""feature_group"": ""WEATHER_7D"", ""mean_abs_shap"": 0.07537622544969663, ""normalized_importance"": 0.024994267222340206}, {""feature"": ""temperature_min_7d"", ""human_label"": ""Nhiệt độ — 7 ngày gần đây"", ""feature_group"": ""WEATHER_7D"", ""mean_abs_shap"": 0.06591049745398993, ""normalized_importance"": 0.021855493244641214}, {""feature"": ""day_of_year_sin"", ""human_label"": ""Thời điểm trong năm"", ""feature_group"": ""SEASONAL_CALENDAR"", ""mean_abs_shap"": 0.06248792068034293, ""normalized_importance"": 0.020720588996529222}, {""feature"": ""wind_gust_max_7d"", ""human_label"": ""Gió — 7 ngày gần đây"", ""feature_group"": ""WEATHER_7D"", ""mean_abs_shap"": 0.061157958646356855, ""normalized_importance"": 0.020279582216543943}, {""feature"": ""rain_max_daily_7d"", ""human_label"": ""Lượng mưa — 7 ngày gần đây"", ""feature_group"": ""WEATHER_7D"", ""mean_abs_shap"": 0.04234288381948201, ""normalized_importance"": 0.014040625500077996}, {""feature"": ""humidity_mean_7d"", ""human_label"": ""Độ ẩm — 7 ngày gần đây"", ""feature_group"": ""WEATHER_7D"", ""mean_abs_shap"": 0.027076144289565736, ""normalized_importance"": 0.00897827374197298}, {""feature"": ""wind_speed_max_3d"", ""human_label"": ""Gió — 3 ngày gần đây"", ""feature_group"": ""WEATHER_3D"", ""mean_abs_shap"": 0.026584393174166592, ""normalized_importance"": 0.008815212263213043}]",DEMOGRAPHIC,0.16932558030172315,0.06211331175648484,0.768561107941792,0.014640544098633882,0.0366395848444229,0.11804545135866636,7.105427357601002e-15
242,Các biến chứng khác của chửa đẻ - Other complications pregnancy and delivery,"[{""feature"": ""temperature_max_7d"", ""human_label"": ""Nhiệt độ — 7 ngày gần đây"", ""feature_group"": ""WEATHER_7D"", ""mean_abs_shap"": 0.013592800512497016, ""normalized_importance"": 0.5202464399076967}, {""feature"": ""wind_speed_mean_3d"", ""human_label"": ""Gió — 3 ngày gần đây"", ""feature_group"": ""WEATHER_3D"", ""mean_abs_shap"": 0.006049701107614499, ""normalized_importance"": 0.23154429882557903}, {""feature"": ""gender"", ""human_label"": ""Giới tính"", ""feature_group"": ""DEMOGRAPHIC"", ""mean_abs_shap"": 0.004823262651748498, ""normalized_importance"": 0.18460399098809063}, {""feature"": ""temperature_min_7d"", ""human_label"": ""Nhiệt độ — 7 ngày gần đây"", ""feature_group"": ""WEATHER_7D"", ""mean_abs_shap"": 0.001661854236992601, ""normalized_importance"": 0.06360527027863362}, {""feature"": ""age_group"", ""human_label"": ""Nhóm tuổi"", ""feature_group"": ""DEMOGRAPHIC"", ""mean_abs_shap"": 0.0, ""normalized_importance"": 0.0}, {""feature"": ""month"", ""human_label"": ""Yếu tố mùa vụ theo tháng"", ""feature_group"": ""SEASONAL_CALENDAR"", ""mean_abs_shap"": 0.0, ""normalized_importance"": 0.0}, {""feature"": ""season"", ""human_label"": ""Mùa mưa / mùa khô"", ""feature_group"": ""SEASONAL_CALENDAR"", ""mean_abs_shap"": 0.0, ""normalized_importance"": 0.0}, {""feature"": ""day_of_year_sin"", ""human_label"": ""Thời điểm trong năm"", ""feature_group"": ""SEASONAL_CALENDAR"", ""mean_abs_shap"": 0.0, ""normalized_importance"": 0.0}, {""feature"": ""day_of_year_cos"", ""human_label"": ""Thời điểm trong năm"", ""feature_group"": ""SEASONAL_CALENDAR"", ""mean_abs_shap"": 0.0, ""normalized_importance"": 0.0}, {""feature"": ""weather_code_current"", ""human_label"": ""Trạng thái thời tiết — hiện tại"", ""feature_group"": ""WEATHER_CURRENT"", ""mean_abs_shap"": 0.0, ""normalized_importance"": 0.0}]",WEATHER_7D,0.8153960090119093,0.0,0.18460399098809063,0.0,0.23154429882557903,0.5838517101863303,2.6645352591003757e-15
245,"Bệnh lí thai nhi và sơ sinh do biến chứng thai nghén, chửa, đẻ - Fetus and newborn affected by maternal factors and by complications of pregnancy, labour and delivery","[{""feature"": ""temperature_min_7d"", ""human_label"": ""Nhiệt độ — 7 ngày gần đây"", ""feature_group"": ""WEATHER_7D"", ""mean_abs_shap"": 0.010245210507881528, ""normalized_importance"": 0.2686205046412621}, {""feature"": ""wind_gust_max_3d"", ""human_label"": ""Gió — 3 ngày gần đây"", ""feature_group"": ""WEATHER_3D"", ""mean_abs_shap"": 0.009834706100267966, ""normalized_importance"": 0.2578574362742639}, {""feature"": ""precipitation_sum_7d"", ""human_label"": ""Lượng mưa — 7 ngày gần đây"", ""feature_group"": ""WEATHER_7D"", ""mean_abs_shap"": 0.006464828138648428, ""normalized_importance"": 0.1695021684217065}, {""feature"": ""wind_speed_max_3d"", ""human_label"": ""Gió — 3 ngày gần đây"", ""feature_group"": ""WEATHER_3D"", ""mean_abs_shap"": 0.006460766851833349, ""normalized_importance"": 0.16939568501534602}, {""feature"": ""gender"", ""human_label"": ""Giới tính"", ""feature_group"": ""DEMOGRAPHIC"", ""mean_abs_shap"": 0.0032873375079707275, ""normalized_importance"": 0.08619112898050538}, {""feature"": ""precipitation_sum_3d"", ""human_label"": ""Lượng mưa — 3 ngày gần đây"", ""feature_group"": ""WEATHER_3D"", ""mean_abs_shap"": 0.0018472419544427428, ""normalized_importance"": 0.04843307666691614}, {""feature"": ""age_group"", ""human_label"": ""Nhóm tuổi"", ""feature_group"": ""DEMOGRAPHIC"", ""mean_abs_shap"": 0.0, ""normalized_importance"": 0.0}, {""feature"": ""month"", ""human_label"": ""Yếu tố mùa vụ theo tháng"", ""feature_group"": ""SEASONAL_CALENDAR"", ""mean_abs_shap"": 0.0, ""normalized_importance"": 0.0}, {""feature"": ""season"", ""human_label"": ""Mùa mưa / mùa khô"", ""feature_group"": ""SEASONAL_CALENDAR"", ""mean_abs_shap"": 0.0, ""normalized_importance"": 0.0}, {""feature"": ""day_of_year_sin"", ""human_label"": ""Thời điểm trong năm"", ""feature_group"": ""SEASONAL_CALENDAR"", ""mean_abs_shap"": 0.0, ""normalized_importance"": 0.0}]",WEATHER_3D,0.9138088710194947,0.0,0.08619112898050538,0.0,0.47568619795652606,0.4381226730629686,2.6645352591003757e-15
246,"Thai chậm phát triển, suy dinh dưỡng, rối loạn gắn liền với thai nghén và cân nặng không đủ khi sinh - Slow fetal growth, fetal malnutrition and disorders related to short gestation and low birth weight","[{""feature"": ""age_group"", ""human_label"": ""Nhóm tuổi"", ""feature_group"": ""DEMOGRAPHIC"", ""mean_abs_shap"": 1.5290536249147708, ""normalized_importance"": 0.7481827335773218}, {""feature"": ""day_of_year_sin"", ""human_label"": ""Thời điểm trong năm"", ""feature_group"": ""SEASONAL_CALENDAR"", ""mean_abs_shap"": 0.11272696655449374, ""normalized_importance"": 0.05515854291200649}, {""feature"": ""day_of_year_cos"", ""human_label"": ""Thời điểm trong năm"", ""feature_group"": ""SEASONAL_CALENDAR"", ""mean_abs_shap"": 0.078634185907064, ""normalized_importance"": 0.03847657087098812}, {""feature"": ""gender"", ""human_label"": ""Giới tính"", ""feature_group"": ""DEMOGRAPHIC"", ""mean_abs_shap"": 0.060906726337347984, ""normalized_importance"": 0.02980233018764329}, {""feature"": ""temperature_min_7d"", ""human_label"": ""Nhiệt độ — 7 ngày gần đây"", ""feature_group"": ""WEATHER_7D"", ""mean_abs_shap"": 0.024377889724801073, ""normalized_importance"": 0.011928369205602463}, {""feature"": ""humidity_max_7d"", ""human_label"": ""Độ ẩm — 7 ngày gần đây"", ""feature_group"": ""WEATHER_7D"", ""mean_abs_shap"": 0.02403090142899061, ""normalized_importance"": 0.011758584021192545}, {""feature"": ""rain_max_daily_7d"", ""human_label"": ""Lượng mưa — 7 ngày gần đây"", ""feature_group"": ""WEATHER_7D"", ""mean_abs_shap"": 0.021515720596628082, ""normalized_importance"": 0.0105278784135307}, {""feature"": ""wind_speed_max_7d"", ""human_label"": ""Gió — 7 ngày gần đây"", ""feature_group"": ""WEATHER_7D"", ""mean_abs_shap"": 0.02041313098021468, ""normalized_importance"": 0.009988369203532828}, {""feature"": ""rain_days_7d"", ""human_label"": ""Lượng mưa — 7 ngày gần đây"", ""feature_group"": ""WEATHER_7D"", ""mean_abs_shap"": 0.02031451319841407, ""normalized_importance"": 0.009940114439694166}, {""feature"": ""temperature_mean_7d"", ""human_label"": ""Nhiệt độ — 7 ngày gần đây"", ""feature_group"": ""WEATHER_7D"", ""mean_abs_shap"": 0.01570235367419957, ""normalized_importance"": 0.007683334125194845}]",DEMOGRAPHIC,0.12178137507953328,0.10023356115550167,0.7779850637649651,0.00974562743344241,0.02217165655274274,0.08986409109334813,1.2434497875801753e-14
247,Các chấn thương sản khoa - Birth trauma,"[{""feature"": ""temperature_mean_7d"", ""human_label"": ""Nhiệt độ — 7 ngày gần đây"", ""feature_group"": ""WEATHER_7D"", ""mean_abs_shap"": 0.028527108040823892, ""normalized_importance"": 0.2974807782397483}, {""feature"": ""day_of_year_sin"", ""human_label"": ""Thời điểm trong năm"", ""feature_group"": ""SEASONAL_CALENDAR"", ""mean_abs_shap"": 0.02212118208919582, ""normalized_importance"": 0.23067976095087897}, {""feature"": ""wind_gust_max_7d"", ""human_label"": ""Gió — 7 ngày gần đây"", ""feature_group"": ""WEATHER_7D"", ""mean_abs_shap"": 0.016414117510276813, ""normalized_importance"": 0.17116647239839888}, {""feature"": ""gender"", ""human_label"": ""Giới tính"", ""feature_group"": ""DEMOGRAPHIC"", ""mean_abs_shap"": 0.014964305865893118, ""normalized_importance"": 0.15604783171266554}, {""feature"": ""day_of_year_cos"", ""human_label"": ""Thời điểm trong năm"", ""feature_group"": ""SEASONAL_CALENDAR"", ""mean_abs_shap"": 0.008896330260196877, ""normalized_importance"": 0.09277096176359403}, {""feature"": ""wind_speed_max_7d"", ""human_label"": ""Gió — 7 ngày gần đây"", ""feature_group"": ""WEATHER_7D"", ""mean_abs_shap"": 0.004972590935204457, ""normalized_importance"": 0.05185419493471436}, {""feature"": ""age_group"", ""human_label"": ""Nhóm tuổi"", ""feature_group"": ""DEMOGRAPHIC"", ""mean_abs_shap"": 0.0, ""normalized_importance"": 0.0}, {""feature"": ""month"", ""human_label"": ""Yếu tố mùa vụ theo tháng"", ""feature_group"": ""SEASONAL_CALENDAR"", ""mean_abs_shap"": 0.0, ""normalized_importance"": 0.0}, {""feature"": ""season"", ""human_label"": ""Mùa mưa / mùa khô"", ""feature_group"": ""SEASONAL_CALENDAR"", ""mean_abs_shap"": 0.0, ""normalized_importance"": 0.0}, {""feature"": ""weather_code_current"", ""human_label"": ""Trạng thái thời tiết — hiện tại"", ""feature_group"": ""WEATHER_CURRENT"", ""mean_abs_shap"": 0.0, ""normalized_importance"": 0.0}]",WEATHER_7D,0.5205014455728616,0.323450722714473,0.15604783171266554,0.0,0.0,0.5205014455728616,1.7763568394002505e-15
249,Các tổn thương hô hấp đặc hiệu khác của thời kỳ chu sinh - Other respiratory disorders originating in the perinatal period,"[{""feature"": ""age_group"", ""human_label"": ""Nhóm tuổi"", ""feature_group"": ""DEMOGRAPHIC"", ""mean_abs_shap"": 0.7770061409182131, ""normalized_importance"": 0.4975740466815435}, {""feature"": ""day_of_year_sin"", ""human_label"": ""Thời điểm trong năm"", ""feature_group"": ""SEASONAL_CALENDAR"", ""mean_abs_shap"": 0.13690131850998644, ""normalized_importance"": 0.08766795969791819}, {""feature"": ""month"", ""human_label"": ""Yếu tố mùa vụ theo tháng"", ""feature_group"": ""SEASONAL_CALENDAR"", ""mean_abs_shap"": 0.13051107480693724, ""normalized_importance"": 0.08357581775570654}, {""feature"": ""wind_gust_max_7d"", ""human_label"": ""Gió — 7 ngày gần đây"", ""feature_group"": ""WEATHER_7D"", ""mean_abs_shap"": 0.08349322676184834, ""normalized_importance"": 0.05346683960734038}, {""feature"": ""temperature_min_7d"", ""human_label"": ""Nhiệt độ — 7 ngày gần đây"", ""feature_group"": ""WEATHER_7D"", ""mean_abs_shap"": 0.05800006090940714, ""normalized_importance"": 0.03714169489106704}, {""feature"": ""temperature_mean_7d"", ""human_label"": ""Nhiệt độ — 7 ngày gần đây"", ""feature_group"": ""WEATHER_7D"", ""mean_abs_shap"": 0.04427841615410993, ""normalized_importance"": 0.02835471889631944}, {""feature"": ""temperature_max_3d"", ""human_label"": ""Nhiệt độ — 3 ngày gần đây"", ""feature_group"": ""WEATHER_3D"", ""mean_abs_shap"": 0.0336793237929765, ""normalized_importance"": 0.021567342324175058}, {""feature"": ""day_of_year_cos"", ""human_label"": ""Thời điểm trong năm"", ""feature_group"": ""SEASONAL_CALENDAR"", ""mean_abs_shap"": 0.027755028041904953, ""normalized_importance"": 0.01777358104564068}, {""feature"": ""temperature_min_3d"", ""human_label"": ""Nhiệt độ — 3 ngày gần đây"", ""feature_group"": ""WEATHER_3D"", ""mean_abs_shap"": 0.024401895177062944, ""normalized_importance"": 0.015626324028278273}, {""feature"": ""rain_days_3d"", ""human_label"": ""Lượng mưa — 3 ngày gần đây"", ""feature_group"": ""WEATHER_3D"", ""mean_abs_shap"": 0.02348551490084067, ""normalized_importance"": 0.015039498495856821}]",DEMOGRAPHIC,0.2968382651568196,0.1928584433303355,0.5103032915128449,0.02077430932164072,0.0887321224077733,0.1873318334274056,5.88418203051333e-15
250,Nhiễm khuẩn và kí sinh vật bẩm sinh - Congenital infectious and parasitic diseases,"[{""feature"": ""age_group"", ""human_label"": ""Nhóm tuổi"", ""feature_group"": ""DEMOGRAPHIC"", ""mean_abs_shap"": 2.7171413051327997, ""normalized_importance"": 0.6948003608893036}, {""feature"": ""gender"", ""human_label"": ""Giới tính"", ""feature_group"": ""DEMOGRAPHIC"", ""mean_abs_shap"": 0.09872136254577578, ""normalized_importance"": 0.025244045348218058}, {""feature"": ""day_of_year_cos"", ""human_label"": ""Thời điểm trong năm"", ""feature_group"": ""SEASONAL_CALENDAR"", ""mean_abs_shap"": 0.08969707236066, ""normalized_importance"": 0.0229364435810432}, {""feature"": ""temperature_min_7d"", ""human_label"": ""Nhiệt độ — 7 ngày gần đây"", ""feature_group"": ""WEATHER_7D"", ""mean_abs_shap"": 0.07794258121652772, ""normalized_importance"": 0.019930701968126213}, {""feature"": ""day_of_year_sin"", ""human_label"": ""Thời điểm trong năm"", ""feature_group"": ""SEASONAL_CALENDAR"", ""mean_abs_shap"": 0.0683066286464011, ""normalized_importance"": 0.017466691976967888}, {""feature"": ""wind_speed_max_7d"", ""human_label"": ""Gió — 7 ngày gần đây"", ""feature_group"": ""WEATHER_7D"", ""mean_abs_shap"": 0.06651537294019637, ""normalized_importance"": 0.01700864987633623}, {""feature"": ""temperature_max_7d"", ""human_label"": ""Nhiệt độ — 7 ngày gần đây"", ""feature_group"": ""WEATHER_7D"", ""mean_abs_shap"": 0.06590507945956736, ""normalized_importance"": 0.01685259169497172}, {""feature"": ""humidity_min_7d"", ""human_label"": ""Độ ẩm — 7 ngày gần đây"", ""feature_group"": ""WEATHER_7D"", ""mean_abs_shap"": 0.05986356061506871, ""normalized_importance"": 0.015307714560482006}, {""feature"": ""month"", ""human_label"": ""Yếu tố mùa vụ theo tháng"", ""feature_group"": ""SEASONAL_CALENDAR"", ""mean_abs_shap"": 0.054746929521160025, ""normalized_importance"": 0.013999340526393473}, {""feature"": ""rain_max_daily_7d"", ""human_label"": ""Lượng mưa — 7 ngày gần đây"", ""feature_group"": ""WEATHER_7D"", ""mean_abs_shap"": 0.05210548004310599, ""normalized_importance"": 0.013323895327001052}]",DEMOGRAPHIC,0.22555311767807382,0.05440247608440456,0.7200444062375218,0.03513911083513534,0.050965517679595854,0.13944848916334263,2.220446049250313e-14
251,Nhiễm khuẩn đặc hiệu khác thời kỳ chu sinh - Other infectious specific to the perinatal period,"[{""feature"": ""age_group"", ""human_label"": ""Nhóm tuổi"", ""feature_group"": ""DEMOGRAPHIC"", ""mean_abs_shap"": 1.5119779123270347, ""normalized_importance"": 0.781112436627411}, {""feature"": ""rain_days_7d"", ""human_label"": ""Lượng mưa — 7 ngày gần đây"", ""feature_group"": ""WEATHER_7D"", ""mean_abs_shap"": 0.061154718736613996, ""normalized_importance"": 0.03159352459726169}, {""feature"": ""wind_gust_max_7d"", ""human_label"": ""Gió — 7 ngày gần đây"", ""feature_group"": ""WEATHER_7D"", ""mean_abs_shap"": 0.06013435885133306, ""normalized_importance"": 0.031066390047391184}, {""feature"": ""day_of_year_sin"", ""human_label"": ""Thời điểm trong năm"", ""feature_group"": ""SEASONAL_CALENDAR"", ""mean_abs_shap"": 0.03104781392917148, ""normalized_importance"": 0.016039806793767524}, {""feature"": ""day_of_year_cos"", ""human_label"": ""Thời điểm trong năm"", ""feature_group"": ""SEASONAL_CALENDAR"", ""mean_abs_shap"": 0.025841347500693397, ""normalized_importance"": 0.01335006136494165}, {""feature"": ""wind_speed_mean_7d"", ""human_label"": ""Gió — 7 ngày gần đây"", ""feature_group"": ""WEATHER_7D"", ""mean_abs_shap"": 0.02526269979031032, ""normalized_importance"": 0.01305112252508085}, {""feature"": ""gender"", ""human_label"": ""Giới tính"", ""feature_group"": ""DEMOGRAPHIC"", ""mean_abs_shap"": 0.0221605123272987, ""normalized_importance"": 0.011448481912177575}, {""feature"": ""temperature_max_7d"", ""human_label"": ""Nhiệt độ — 7 ngày gần đây"", ""feature_group"": ""WEATHER_7D"", ""mean_abs_shap"": 0.01719746069509654, ""normalized_importance"": 0.008884488535071572}, {""feature"": ""wind_speed_max_7d"", ""human_label"": ""Gió — 7 ngày gần đây"", ""feature_group"": ""WEATHER_7D"", ""mean_abs_shap"": 0.014850375167263438, ""normalized_importance"": 0.0076719458909816065}, {""feature"": ""temperature_min_7d"", ""human_label"": ""Nhiệt độ — 7 ngày gần đây"", ""feature_group"": ""WEATHER_7D"", ""mean_abs_shap"": 0.014644903312040086, ""normalized_importance"": 0.007565795781126593}]",DEMOGRAPHIC,0.1771089731838031,0.030330108276608404,0.7925609185395887,0.01858412609522589,0.027707640639660684,0.1308172064489165,1.1546319456101628e-14
253,Tổn thương khác có nguồn gốc trong thời kỳ chu sinh - Other conditions originating in the perinatal period,"[{""feature"": ""age_group"", ""human_label"": ""Nhóm tuổi"", ""feature_group"": ""DEMOGRAPHIC"", ""mean_abs_shap"": 2.7398626552710117, ""normalized_importance"": 0.48004226101079606}, {""feature"": ""gender"", ""human_label"": ""Giới tính"", ""feature_group"": ""DEMOGRAPHIC"", ""mean_abs_shap"": 0.8638295037997581, ""normalized_importance"": 0.15134870623317892}, {""feature"": ""day_of_year_sin"", ""human_label"": ""Thời điểm trong năm"", ""feature_group"": ""SEASONAL_CALENDAR"", ""mean_abs_shap"": 0.3464004696490613, ""normalized_importance"": 0.06069167895902755}, {""feature"": ""temperature_min_7d"", ""human_label"": ""Nhiệt độ — 7 ngày gần đây"", ""feature_group"": ""WEATHER_7D"", ""mean_abs_shap"": 0.1867317125414092, ""normalized_importance"": 0.03271664487208739}, {""feature"": ""day_of_year_cos"", ""human_label"": ""Thời điểm trong năm"", ""feature_group"": ""SEASONAL_CALENDAR"", ""mean_abs_shap"": 0.17195856756917977, ""normalized_importance"": 0.03012829107228431}, {""feature"": ""wind_speed_mean_7d"", ""human_label"": ""Gió — 7 ngày gần đây"", ""feature_group"": ""WEATHER_7D"", ""mean_abs_shap"": 0.11987436861820194, ""normalized_importance"": 0.021002791084442616}, {""feature"": ""temperature_max_7d"", ""human_label"": ""Nhiệt độ — 7 ngày gần đây"", ""feature_group"": ""WEATHER_7D"", ""mean_abs_shap"": 0.11478315341151243, ""normalized_importance"": 0.020110776130915674}, {""feature"": ""rain_days_7d"", ""human_label"": ""Lượng mưa — 7 ngày gần đây"", ""feature_group"": ""WEATHER_7D"", ""mean_abs_shap"": 0.1028064893229476, ""normalized_importance"": 0.018012384484392508}, {""feature"": ""wind_speed_max_7d"", ""human_label"": ""Gió — 7 ngày gần đây"", ""feature_group"": ""WEATHER_7D"", ""mean_abs_shap"": 0.10145113020417511, ""normalized_importance"": 0.017774916502336747}, {""feature"": ""temperature_max_current"", ""human_label"": ""Nhiệt độ — hiện tại"", ""feature_group"": ""WEATHER_CURRENT"", ""mean_abs_shap"": 0.09780472564119165, ""normalized_importance"": 0.017136042036272857}]",DEMOGRAPHIC,0.2739306106562218,0.09467842209980339,0.631390967243975,0.03980598284197717,0.037123919877578314,0.1970007079366663,2.930988785010413e-14
254,Gai đôi cột sống - Spina bifida,"[{""feature"": ""age_group"", ""human_label"": ""Nhóm tuổi"", ""feature_group"": ""DEMOGRAPHIC"", ""mean_abs_shap"": 1.5258010183634791, ""normalized_importance"": 0.36890731138461746}, {""feature"": ""day_of_year_cos"", ""human_label"": ""Thời điểm trong năm"", ""feature_group"": ""SEASONAL_CALENDAR"", ""mean_abs_shap"": 0.42051354373220323, ""normalized_importance"": 0.10167152790699564}, {""feature"": ""gender"", ""human_label"": ""Giới tính"", ""feature_group"": ""DEMOGRAPHIC"", ""mean_abs_shap"": 0.2574033826612766, ""normalized_importance"": 0.06223484497390494}, {""feature"": ""temperature_min_7d"", ""human_label"": ""Nhiệt độ — 7 ngày gần đây"", ""feature_group"": ""WEATHER_7D"", ""mean_abs_shap"": 0.23785496747900145, ""normalized_importance"": 0.05750844015444937}, {""feature"": ""humidity_max_7d"", ""human_label"": ""Độ ẩm — 7 ngày gần đây"", ""feature_group"": ""WEATHER_7D"", ""mean_abs_shap"": 0.15907887027711387, ""normalized_importance"": 0.03846199971407561}, {""feature"": ""day_of_year_sin"", ""human_label"": ""Thời điểm trong năm"", ""feature_group"": ""SEASONAL_CALENDAR"", ""mean_abs_shap"": 0.15383968424378716, ""normalized_importance"": 0.03719527226394491}, {""feature"": ""wind_speed_max_7d"", ""human_label"": ""Gió — 7 ngày gần đây"", ""feature_group"": ""WEATHER_7D"", ""mean_abs_shap"": 0.1165090756317987, ""normalized_importance"": 0.02816949872620604}, {""feature"": ""precipitation_sum_7d"", ""human_label"": ""Lượng mưa — 7 ngày gần đây"", ""feature_group"": ""WEATHER_7D"", ""mean_abs_shap"": 0.10706127205118715, ""normalized_importance"": 0.02588521409441857}, {""feature"": ""temperature_mean_7d"", ""human_label"": ""Nhiệt độ — 7 ngày gần đây"", ""feature_group"": ""WEATHER_7D"", ""mean_abs_shap"": 0.10448423596397166, ""normalized_importance"": 0.025262139759800892}, {""feature"": ""temperature_max_7d"", ""human_label"": ""Nhiệt độ — 7 ngày gần đây"", ""feature_group"": ""WEATHER_7D"", ""mean_abs_shap"": 0.10427109835168996, ""normalized_importance"": 0.025210607467873264}]",DEMOGRAPHIC,0.4214269609680141,0.14743088267346355,0.4311421563585224,0.049382461370792156,0.08541410183351328,0.28663039776370863,2.1316282072803006e-14
255,Dị tật bẩm sinh khác của hệ thần kinh - Other congenital malforma,"[{""feature"": ""age_group"", ""human_label"": ""Nhóm tuổi"", ""feature_group"": ""DEMOGRAPHIC"", ""mean_abs_shap"": 0.9592155145571852, ""normalized_importance"": 0.6628953252053884}, {""feature"": ""month"", ""human_label"": ""Yếu tố mùa vụ theo tháng"", ""feature_group"": ""SEASONAL_CALENDAR"", ""mean_abs_shap"": 0.12648954878966198, ""normalized_importance"": 0.08741448538675299}, {""feature"": ""day_of_year_cos"", ""human_label"": ""Thời điểm trong năm"", ""feature_group"": ""SEASONAL_CALENDAR"", ""mean_abs_shap"": 0.08166445315720258, ""normalized_importance"": 0.056436727108563324}, {""feature"": ""day_of_year_sin"", ""human_label"": ""Thời điểm trong năm"", ""feature_group"": ""SEASONAL_CALENDAR"", ""mean_abs_shap"": 0.059718298601112975, ""normalized_importance"": 0.0412701633481943}, {""feature"": ""humidity_max_7d"", ""human_label"": ""Độ ẩm — 7 ngày gần đây"", ""feature_group"": ""WEATHER_7D"", ""mean_abs_shap"": 0.03361973109185629, ""normalized_importance"": 0.023233947154974992}, {""feature"": ""weather_code_current"", ""human_label"": ""Trạng thái thời tiết — hiện tại"", ""feature_group"": ""WEATHER_CURRENT"", ""mean_abs_shap"": 0.027180678460578905, ""normalized_importance"": 0.01878404218237275}, {""feature"": ""temperature_mean_7d"", ""human_label"": ""Nhiệt độ — 7 ngày gần đây"", ""feature_group"": ""WEATHER_7D"", ""mean_abs_shap"": 0.022815677129719585, ""normalized_importance"": 0.01576747402555168}, {""feature"": ""gender"", ""human_label"": ""Giới tính"", ""feature_group"": ""DEMOGRAPHIC"", ""mean_abs_shap"": 0.017944255243866485, ""normalized_importance"": 0.012400928399227034}, {""feature"": ""temperature_min_7d"", ""human_label"": ""Nhiệt độ — 7 ngày gần đây"", ""feature_group"": ""WEATHER_7D"", ""mean_abs_shap"": 0.016849447551678123, ""normalized_importance"": 0.01164432793756165}, {""feature"": ""humidity_min_7d"", ""human_label"": ""Độ ẩm — 7 ngày gần đây"", ""feature_group"": ""WEATHER_7D"", ""mean_abs_shap"": 0.0158579724970074, ""normalized_importance"": 0.010959138666928978}]",DEMOGRAPHIC,0.13958237055187384,0.1851213758435106,0.6752962536046154,0.02484289521939478,0.016441542086689194,0.09829793324578986,4.107825191113079e-15
256,Dị tật bẩm sinh khác của bộ máy tuần hoàn - Congenital malfor-mation of the circulatory system,"[{""feature"": ""age_group"", ""human_label"": ""Nhóm tuổi"", ""feature_group"": ""DEMOGRAPHIC"", ""mean_abs_shap"": 2.0029248448617376, ""normalized_importance"": 0.6134536286127138}, {""feature"": ""temperature_min_7d"", ""human_label"": ""Nhiệt độ — 7 ngày gần đây"", ""feature_group"": ""WEATHER_7D"", ""mean_abs_shap"": 0.14955323308654395, ""normalized_importance"": 0.04580500049368375}, {""feature"": ""day_of_year_cos"", ""human_label"": ""Thời điểm trong năm"", ""feature_group"": ""SEASONAL_CALENDAR"", ""mean_abs_shap"": 0.12779343814625527, ""normalized_importance"": 0.03914043432274981}, {""feature"": ""wind_speed_max_7d"", ""human_label"": ""Gió — 7 ngày gần đây"", ""feature_group"": ""WEATHER_7D"", ""mean_abs_shap"": 0.11569121431005641, ""normalized_importance"": 0.03543377845613293}, {""feature"": ""month"", ""human_label"": ""Yếu tố mùa vụ theo tháng"", ""feature_group"": ""SEASONAL_CALENDAR"", ""mean_abs_shap"": 0.10262243404558838, ""normalized_importance"": 0.03143108674488524}, {""feature"": ""humidity_max_7d"", ""human_label"": ""Độ ẩm — 7 ngày gần đây"", ""feature_group"": ""WEATHER_7D"", ""mean_abs_shap"": 0.0815698858171248, ""normalized_importance"": 0.02498313532253087}, {""feature"": ""wind_speed_mean_7d"", ""human_label"": ""Gió — 7 ngày gần đây"", ""feature_group"": ""WEATHER_7D"", ""mean_abs_shap"": 0.07775371640992167, ""normalized_importance"": 0.023814323134567227}, {""feature"": ""gender"", ""human_label"": ""Giới tính"", ""feature_group"": ""DEMOGRAPHIC"", ""mean_abs_shap"": 0.06402809702399118, ""normalized_importance"": 0.019610455456328255}, {""feature"": ""humidity_min_7d"", ""human_label"": ""Độ ẩm — 7 ngày gần đây"", ""feature_group"": ""WEATHER_7D"", ""mean_abs_shap"": 0.060501461159282025, ""normalized_importance"": 0.01853032128476831}, {""feature"": ""temperature_max_7d"", ""human_label"": ""Nhiệt độ — 7 ngày gần đây"", ""feature_group"": ""WEATHER_7D"", ""mean_abs_shap"": 0.05489215842069222, ""normalized_importance"": 0.016812310183252074}]",DEMOGRAPHIC,0.2784587407074366,0.08847717522352114,0.633064084069042,0.03217373651800836,0.04425092633518876,0.20203407785423946,1.021405182655144e-14
257,Sứt môi và hở hàm ếch - Cleft lip and cleft palate,"[{""feature"": ""age_group"", ""human_label"": ""Nhóm tuổi"", ""feature_group"": ""DEMOGRAPHIC"", ""mean_abs_shap"": 1.9559510585970288, ""normalized_importance"": 0.6418231630152866}, {""feature"": ""day_of_year_cos"", ""human_label"": ""Thời điểm trong năm"", ""feature_group"": ""SEASONAL_CALENDAR"", ""mean_abs_shap"": 0.3074702535205891, ""normalized_importance"": 0.10089287754942415}, {""feature"": ""wind_speed_max_7d"", ""human_label"": ""Gió — 7 ngày gần đây"", ""feature_group"": ""WEATHER_7D"", ""mean_abs_shap"": 0.1366092838413167, ""normalized_importance"": 0.04482678759619766}, {""feature"": ""month"", ""human_label"": ""Yếu tố mùa vụ theo tháng"", ""feature_group"": ""SEASONAL_CALENDAR"", ""mean_abs_shap"": 0.12536823088714863, ""normalized_importance"": 0.041138163522013764}, {""feature"": ""temperature_min_7d"", ""human_label"": ""Nhiệt độ — 7 ngày gần đây"", ""feature_group"": ""WEATHER_7D"", ""mean_abs_shap"": 0.06399527321398286, ""normalized_importance"": 0.020999323317265093}, {""feature"": ""humidity_max_7d"", ""human_label"": ""Độ ẩm — 7 ngày gần đây"", ""feature_group"": ""WEATHER_7D"", ""mean_abs_shap"": 0.06246963122283909, ""normalized_importance"": 0.020498701195826537}, {""feature"": ""wind_gust_max_7d"", ""human_label"": ""Gió — 7 ngày gần đây"", ""feature_group"": ""WEATHER_7D"", ""mean_abs_shap"": 0.05673299778746443, ""normalized_importance"": 0.01861628997680944}, {""feature"": ""gender"", ""human_label"": ""Giới tính"", ""feature_group"": ""DEMOGRAPHIC"", ""mean_abs_shap"": 0.05180836473114719, ""normalized_importance"": 0.01700032747559925}, {""feature"": ""temperature_mean_7d"", ""human_label"": ""Nhiệt độ — 7 ngày gần đây"", ""feature_group"": ""WEATHER_7D"", ""mean_abs_shap"": 0.03656188197564395, ""normalized_importance"": 0.011997367026264635}, {""feature"": ""weather_code_current"", ""human_label"": ""Trạng thái thời tiết — hiện tại"", ""feature_group"": ""WEATHER_CURRENT"", ""mean_abs_shap"": 0.03405490064469059, ""normalized_importance"": 0.011174729527038609}]",DEMOGRAPHIC,0.18983729973725452,0.15133920977185933,0.6588234904908858,0.01928500841811476,0.019745301479222686,0.15080698983991708,6.439293542825908e-15
258,"Không có, tịt hoặc hẹp ruột non - Absence, atresia and stenosis of small intestine","[{""feature"": ""age_group"", ""human_label"": ""Nhóm tuổi"", ""feature_group"": ""DEMOGRAPHIC"", ""mean_abs_shap"": 0.05559993000556482, ""normalized_importance"": 0.2743579880003716}, {""feature"": ""wind_speed_mean_7d"", ""human_label"": ""Gió — 7 ngày gần đây"", ""feature_group"": ""WEATHER_7D"", ""mean_abs_shap"": 0.050624630322667764, ""normalized_importance"": 0.24980735977904286}, {""feature"": ""day_of_year_sin"", ""human_label"": ""Thời điểm trong năm"", ""feature_group"": ""SEASONAL_CALENDAR"", ""mean_abs_shap"": 0.025604654271348927, ""normalized_importance"": 0.12634622792923153}, {""feature"": ""temperature_max_7d"", ""human_label"": ""Nhiệt độ — 7 ngày gần đây"", ""feature_group"": ""WEATHER_7D"", ""mean_abs_shap"": 0.02390389366103574, ""normalized_importance"": 0.11795382061740384}, {""feature"": ""day_of_year_cos"", ""human_label"": ""Thời điểm trong năm"", ""feature_group"": ""SEASONAL_CALENDAR"", ""mean_abs_shap"": 0.016663165999691698, ""normalized_importance"": 0.08222443260151678}, {""feature"": ""humidity_mean_7d"", ""human_label"": ""Độ ẩm — 7 ngày gần đây"", ""feature_group"": ""WEATHER_7D"", ""mean_abs_shap"": 0.01261614331165453, ""normalized_importance"": 0.062254389438322094}, {""feature"": ""temperature_min_7d"", ""human_label"": ""Nhiệt độ — 7 ngày gần đây"", ""feature_group"": ""WEATHER_7D"", ""mean_abs_shap"": 0.008260408293614603, ""normalized_importance"": 0.04076100454210748}, {""feature"": ""humidity_min_7d"", ""human_label"": ""Độ ẩm — 7 ngày gần đây"", ""feature_group"": ""WEATHER_7D"", ""mean_abs_shap"": 0.0060728816586697616, ""normalized_importance"": 0.029966649113950975}, {""feature"": ""rain_max_daily_7d"", ""human_label"": ""Lượng mưa — 7 ngày gần đây"", ""feature_group"": ""WEATHER_7D"", ""mean_abs_shap"": 0.0014381413668808768, ""normalized_importance"": 0.0070965120250700104}, {""feature"": ""temperature_mean_current"", ""human_label"": ""Nhiệt độ — hiện tại"", ""feature_group"": ""WEATHER_CURRENT"", ""mean_abs_shap"": 0.0008681205097398794, ""normalized_importance"": 0.004283742737989995}]",WEATHER_7D,0.5150846621775104,0.2085706605307483,0.27634467729174134,0.007244926661612979,0.0,0.5078397355158973,1.7763568394002505e-15
259,Dị tật bẩm sinh khác của bộ máy sinh dục tiết niệu - Other malformations of the genitourinary system,"[{""feature"": ""age_group"", ""human_label"": ""Nhóm tuổi"", ""feature_group"": ""DEMOGRAPHIC"", ""mean_abs_shap"": 2.638629383313484, ""normalized_importance"": 0.5244856464284712}, {""feature"": ""month"", ""human_label"": ""Yếu tố mùa vụ theo tháng"", ""feature_group"": ""SEASONAL_CALENDAR"", ""mean_abs_shap"": 0.28683963502674537, ""normalized_importance"": 0.057015688656278325}, {""feature"": ""temperature_min_7d"", ""human_label"": ""Nhiệt độ — 7 ngày gần đây"", ""feature_group"": ""WEATHER_7D"", ""mean_abs_shap"": 0.2418911692748753, ""normalized_importance"": 0.04808119210859217}, {""feature"": ""wind_speed_max_7d"", ""human_label"": ""Gió — 7 ngày gần đây"", ""feature_group"": ""WEATHER_7D"", ""mean_abs_shap"": 0.2216601538579348, ""normalized_importance"": 0.04405983266116053}, {""feature"": ""humidity_max_7d"", ""human_label"": ""Độ ẩm — 7 ngày gần đây"", ""feature_group"": ""WEATHER_7D"", ""mean_abs_shap"": 0.2075485737186601, ""normalized_importance"": 0.04125484561816005}, {""feature"": ""day_of_year_cos"", ""human_label"": ""Thời điểm trong năm"", ""feature_group"": ""SEASONAL_CALENDAR"", ""mean_abs_shap"": 0.17032074457972357, ""normalized_importance"": 0.0338549954707534}, {""feature"": ""temperature_max_current"", ""human_label"": ""Nhiệt độ — hiện tại"", ""feature_group"": ""WEATHER_CURRENT"", ""mean_abs_shap"": 0.1216123043784523, ""normalized_importance"": 0.024173121272336968}, {""feature"": ""wind_gust_max_7d"", ""human_label"": ""Gió — 7 ngày gần đây"", ""feature_group"": ""WEATHER_7D"", ""mean_abs_shap"": 0.11655324809794274, ""normalized_importance"": 0.023167522524600352}, {""feature"": ""rain_max_daily_7d"", ""human_label"": ""Lượng mưa — 7 ngày gần đây"", ""feature_group"": ""WEATHER_7D"", ""mean_abs_shap"": 0.11425835367152752, ""normalized_importance"": 0.02271136176389056}, {""feature"": ""temperature_max_7d"", ""human_label"": ""Nhiệt độ — 7 ngày gần đây"", ""feature_group"": ""WEATHER_7D"", ""mean_abs_shap"": 0.10170412450640848, ""normalized_importance"": 0.020215932492648966}]",DEMOGRAPHIC,0.3584642843930149,0.10985661643527292,0.5316790991717122,0.047926070558691976,0.060234694108540786,0.2503035197257822,2.042810365310288e-14
260,Tinh hoàn lạc chỗ - Undescended testicle,"[{""feature"": ""gender"", ""human_label"": ""Giới tính"", ""feature_group"": ""DEMOGRAPHIC"", ""mean_abs_shap"": 2.5986522884155216, ""normalized_importance"": 0.5850534588751523}, {""feature"": ""age_group"", ""human_label"": ""Nhóm tuổi"", ""feature_group"": ""DEMOGRAPHIC"", ""mean_abs_shap"": 1.074505526905192, ""normalized_importance"": 0.24191123140974494}, {""feature"": ""month"", ""human_label"": ""Yếu tố mùa vụ theo tháng"", ""feature_group"": ""SEASONAL_CALENDAR"", ""mean_abs_shap"": 0.11550788607836322, ""normalized_importance"": 0.02600512911202445}, {""feature"": ""temperature_min_7d"", ""human_label"": ""Nhiệt độ — 7 ngày gần đây"", ""feature_group"": ""WEATHER_7D"", ""mean_abs_shap"": 0.10630458908039063, ""normalized_importance"": 0.023933124032421357}, {""feature"": ""weather_code_current"", ""human_label"": ""Trạng thái thời tiết — hiện tại"", ""feature_group"": ""WEATHER_CURRENT"", ""mean_abs_shap"": 0.04844715074588474, ""normalized_importance"": 0.010907258829078703}, {""feature"": ""temperature_max_7d"", ""human_label"": ""Nhiệt độ — 7 ngày gần đây"", ""feature_group"": ""WEATHER_7D"", ""mean_abs_shap"": 0.04842981188206144, ""normalized_importance"": 0.010903355204766207}, {""feature"": ""wind_gust_max_7d"", ""human_label"": ""Gió — 7 ngày gần đây"", ""feature_group"": ""WEATHER_7D"", ""mean_abs_shap"": 0.042605706949997574, ""normalized_importance"": 0.009592132171755736}, {""feature"": ""wind_speed_mean_7d"", ""human_label"": ""Gió — 7 ngày gần đây"", ""feature_group"": ""WEATHER_7D"", ""mean_abs_shap"": 0.04189622117360506, ""normalized_importance"": 0.009432400487239277}, {""feature"": ""humidity_max_7d"", ""human_label"": ""Độ ẩm — 7 ngày gần đây"", ""feature_group"": ""WEATHER_7D"", ""mean_abs_shap"": 0.04187586895640408, ""normalized_importance"": 0.009427818444800473}, {""feature"": ""wind_speed_max_3d"", ""human_label"": ""Gió — 3 ngày gần đây"", ""feature_group"": ""WEATHER_3D"", ""mean_abs_shap"": 0.04008137589499841, ""normalized_importance"": 0.009023811191816665}]",DEMOGRAPHIC,0.1232908411585526,0.04974446855655023,0.8269646902848972,0.014532350749491583,0.019596392185584163,0.08916209822347686,9.325873406851315e-15
261,Dị dạng bẩm sinh của bộ máy sinh dục tiết niệu - Congenital malformations of genital organs,"[{""feature"": ""age_group"", ""human_label"": ""Nhóm tuổi"", ""feature_group"": ""DEMOGRAPHIC"", ""mean_abs_shap"": 2.156270043473415, ""normalized_importance"": 0.5762385643833744}, {""feature"": ""gender"", ""human_label"": ""Giới tính"", ""feature_group"": ""DEMOGRAPHIC"", ""mean_abs_shap"": 0.22581114934653662, ""normalized_importance"": 0.060345452980278484}, {""feature"": ""temperature_min_7d"", ""human_label"": ""Nhiệt độ — 7 ngày gần đây"", ""feature_group"": ""WEATHER_7D"", ""mean_abs_shap"": 0.16983744655112448, ""normalized_importance"": 0.045387119612119525}, {""feature"": ""day_of_year_sin"", ""human_label"": ""Thời điểm trong năm"", ""feature_group"": ""SEASONAL_CALENDAR"", ""mean_abs_shap"": 0.16422024248590994, ""normalized_importance"": 0.043885985922401505}, {""feature"": ""month"", ""human_label"": ""Yếu tố mùa vụ theo tháng"", ""feature_group"": ""SEASONAL_CALENDAR"", ""mean_abs_shap"": 0.14402808143300228, ""normalized_importance"": 0.038489861289430015}, {""feature"": ""humidity_max_7d"", ""human_label"": ""Độ ẩm — 7 ngày gần đây"", ""feature_group"": ""WEATHER_7D"", ""mean_abs_shap"": 0.11668482879318659, ""normalized_importance"": 0.03118268902942938}, {""feature"": ""wind_speed_max_7d"", ""human_label"": ""Gió — 7 ngày gần đây"", ""feature_group"": ""WEATHER_7D"", ""mean_abs_shap"": 0.10636659692590204, ""normalized_importance"": 0.028425259302027918}, {""feature"": ""wind_gust_max_7d"", ""human_label"": ""Gió — 7 ngày gần đây"", ""feature_group"": ""WEATHER_7D"", ""mean_abs_shap"": 0.07813023841521656, ""normalized_importance"": 0.02087941468907683}, {""feature"": ""rain_max_daily_7d"", ""human_label"": ""Lượng mưa — 7 ngày gần đây"", ""feature_group"": ""WEATHER_7D"", ""mean_abs_shap"": 0.07328719908308205, ""normalized_importance"": 0.019585167690446756}, {""feature"": ""wind_speed_max_3d"", ""human_label"": ""Gió — 3 ngày gần đây"", ""feature_group"": ""WEATHER_3D"", ""mean_abs_shap"": 0.06652639499272661, ""normalized_importance"": 0.01777841994338439}]",DEMOGRAPHIC,0.2639924959648946,0.09942348667145232,0.6365840173636529,0.03204988624663682,0.04193466316862615,0.19000794654963166,1.4210854715202004e-14
262,Dị dạng bẩm sinh hông - Congenital deformities of hip,"[{""feature"": ""age_group"", ""human_label"": ""Nhóm tuổi"", ""feature_group"": ""DEMOGRAPHIC"", ""mean_abs_shap"": 1.1803787487503998, ""normalized_importance"": 0.5805798864241641}, {""feature"": ""gender"", ""human_label"": ""Giới tính"", ""feature_group"": ""DEMOGRAPHIC"", ""mean_abs_shap"": 0.21043926889876133, ""normalized_importance"": 0.10350644398314411}, {""feature"": ""day_of_year_cos"", ""human_label"": ""Thời điểm trong năm"", ""feature_group"": ""SEASONAL_CALENDAR"", ""mean_abs_shap"": 0.10026870037269607, ""normalized_importance"": 0.049318060610550885}, {""feature"": ""day_of_year_sin"", ""human_label"": ""Thời điểm trong năm"", ""feature_group"": ""SEASONAL_CALENDAR"", ""mean_abs_shap"": 0.07570393224499794, ""normalized_importance"": 0.03723565883509273}, {""feature"": ""temperature_min_7d"", ""human_label"": ""Nhiệt độ — 7 ngày gần đây"", ""feature_group"": ""WEATHER_7D"", ""mean_abs_shap"": 0.06638944541675873, ""normalized_importance"": 0.032654244852027184}, {""feature"": ""wind_speed_max_7d"", ""human_label"": ""Gió — 7 ngày gần đây"", ""feature_group"": ""WEATHER_7D"", ""mean_abs_shap"": 0.06466610868363548, ""normalized_importance"": 0.03180660620566347}, {""feature"": ""month"", ""human_label"": ""Yếu tố mùa vụ theo tháng"", ""feature_group"": ""SEASONAL_CALENDAR"", ""mean_abs_shap"": 0.037528032423589784, ""normalized_importance"": 0.018458499719073942}, {""feature"": ""temperature_mean_3d"", ""human_label"": ""Nhiệt độ — 3 ngày gần đây"", ""feature_group"": ""WEATHER_3D"", ""mean_abs_shap"": 0.03470898831789189, ""normalized_importance"": 0.01707192756293893}, {""feature"": ""rain_max_daily_7d"", ""human_label"": ""Lượng mưa — 7 ngày gần đây"", ""feature_group"": ""WEATHER_7D"", ""mean_abs_shap"": 0.0346771423816868, ""normalized_importance"": 0.017056263853265575}, {""feature"": ""temperature_max_7d"", ""human_label"": ""Nhiệt độ — 7 ngày gần đây"", ""feature_group"": ""WEATHER_7D"", ""mean_abs_shap"": 0.023353767691927003, ""normalized_importance"": 0.01148676033731474}]",DEMOGRAPHIC,0.21090145042797412,0.10501221916471756,0.6840863304073083,0.0257035892452022,0.05039217244562412,0.1348056887371478,6.217248937900877e-15
263,Dị dạng bẩm sinh bàn chân - Congenital deformities of feet,"[{""feature"": ""age_group"", ""human_label"": ""Nhóm tuổi"", ""feature_group"": ""DEMOGRAPHIC"", ""mean_abs_shap"": 0.7664142761336022, ""normalized_importance"": 0.4951584879077099}, {""feature"": ""day_of_year_cos"", ""human_label"": ""Thời điểm trong năm"", ""feature_group"": ""SEASONAL_CALENDAR"", ""mean_abs_shap"": 0.2585595573055405, ""normalized_importance"": 0.1670479835988602}, {""feature"": ""day_of_year_sin"", ""human_label"": ""Thời điểm trong năm"", ""feature_group"": ""SEASONAL_CALENDAR"", ""mean_abs_shap"": 0.086110539243127, ""normalized_importance"": 0.055633572771694444}, {""feature"": ""gender"", ""human_label"": ""Giới tính"", ""feature_group"": ""DEMOGRAPHIC"", ""mean_abs_shap"": 0.07179027402417594, ""normalized_importance"": 0.046381656291191536}, {""feature"": ""season"", ""human_label"": ""Mùa mưa / mùa khô"", ""feature_group"": ""SEASONAL_CALENDAR"", ""mean_abs_shap"": 0.052364490304223785, ""normalized_importance"": 0.03383120936877937}, {""feature"": ""rain_max_daily_7d"", ""human_label"": ""Lượng mưa — 7 ngày gần đây"", ""feature_group"": ""WEATHER_7D"", ""mean_abs_shap"": 0.051970297621876015, ""normalized_importance"": 0.033576532676794606}, {""feature"": ""month"", ""human_label"": ""Yếu tố mùa vụ theo tháng"", ""feature_group"": ""SEASONAL_CALENDAR"", ""mean_abs_shap"": 0.04717138128761251, ""normalized_importance"": 0.03047608918341779}, {""feature"": ""temperature_min_7d"", ""human_label"": ""Nhiệt độ — 7 ngày gần đây"", ""feature_group"": ""WEATHER_7D"", ""mean_abs_shap"": 0.03219441079877602, ""normalized_importance"": 0.020799894086814565}, {""feature"": ""wind_speed_mean_7d"", ""human_label"": ""Gió — 7 ngày gần đây"", ""feature_group"": ""WEATHER_7D"", ""mean_abs_shap"": 0.022094970929924886, ""normalized_importance"": 0.01427493293994859}, {""feature"": ""wind_speed_max_7d"", ""human_label"": ""Gió — 7 ngày gần đây"", ""feature_group"": ""WEATHER_7D"", ""mean_abs_shap"": 0.021314719288746262, ""normalized_importance"": 0.013770834523642254}]",DEMOGRAPHIC,0.1714710008783466,0.28698885492275183,0.5415401441989014,0.007906257103092385,0.03185061496924485,0.13171412880600936,2.6645352591003757e-15
264,Dị dạng bẩm sinh khác của hệ xương và cơ - Other congenital malformations and deformations of the musculo skeletal system,"[{""feature"": ""age_group"", ""human_label"": ""Nhóm tuổi"", ""feature_group"": ""DEMOGRAPHIC"", ""mean_abs_shap"": 1.1748583740374703, ""normalized_importance"": 0.5585550092498319}, {""feature"": ""day_of_year_cos"", ""human_label"": ""Thời điểm trong năm"", ""feature_group"": ""SEASONAL_CALENDAR"", ""mean_abs_shap"": 0.21764535680996644, ""normalized_importance"": 0.10347366710116888}, {""feature"": ""wind_speed_max_7d"", ""human_label"": ""Gió — 7 ngày gần đây"", ""feature_group"": ""WEATHER_7D"", ""mean_abs_shap"": 0.11523554361103536, ""normalized_importance"": 0.0547856588929743}, {""feature"": ""temperature_min_7d"", ""human_label"": ""Nhiệt độ — 7 ngày gần đây"", ""feature_group"": ""WEATHER_7D"", ""mean_abs_shap"": 0.081415921215045, ""normalized_importance"": 0.038707023444089335}, {""feature"": ""gender"", ""human_label"": ""Giới tính"", ""feature_group"": ""DEMOGRAPHIC"", ""mean_abs_shap"": 0.06297064887340009, ""normalized_importance"": 0.029937711762718498}, {""feature"": ""humidity_max_7d"", ""human_label"": ""Độ ẩm — 7 ngày gần đây"", ""feature_group"": ""WEATHER_7D"", ""mean_abs_shap"": 0.06283302085728325, ""normalized_importance"": 0.029872280201337188}, {""feature"": ""wind_gust_max_7d"", ""human_label"": ""Gió — 7 ngày gần đây"", ""feature_group"": ""WEATHER_7D"", ""mean_abs_shap"": 0.05595869964122607, ""normalized_importance"": 0.02660406793399315}, {""feature"": ""day_of_year_sin"", ""human_label"": ""Thời điểm trong năm"", ""feature_group"": ""SEASONAL_CALENDAR"", ""mean_abs_shap"": 0.04828265621558274, ""normalized_importance"": 0.02295469827262869}, {""feature"": ""wind_speed_mean_7d"", ""human_label"": ""Gió — 7 ngày gần đây"", ""feature_group"": ""WEATHER_7D"", ""mean_abs_shap"": 0.04418732939861177, ""normalized_importance"": 0.02100768460810222}, {""feature"": ""month"", ""human_label"": ""Yếu tố mùa vụ theo tháng"", ""feature_group"": ""SEASONAL_CALENDAR"", ""mean_abs_shap"": 0.03898770024216393, ""normalized_importance"": 0.018535659914951593}]",DEMOGRAPHIC,0.26654325369870024,0.14496402528874916,0.5884927210125505,0.022599658301124596,0.021574513050763876,0.22236908234681177,6.217248937900877e-15
265,Dị dạng bẩm sinh khác - Other congenital malformations,"[{""feature"": ""age_group"", ""human_label"": ""Nhóm tuổi"", ""feature_group"": ""DEMOGRAPHIC"", ""mean_abs_shap"": 2.108446257344273, ""normalized_importance"": 0.551459285297853}, {""feature"": ""temperature_min_7d"", ""human_label"": ""Nhiệt độ — 7 ngày gần đây"", ""feature_group"": ""WEATHER_7D"", ""mean_abs_shap"": 0.2211554403908389, ""normalized_importance"": 0.05784269846710648}, {""feature"": ""wind_speed_max_7d"", ""human_label"": ""Gió — 7 ngày gần đây"", ""feature_group"": ""WEATHER_7D"", ""mean_abs_shap"": 0.15479894283618278, ""normalized_importance"": 0.040487308644436504}, {""feature"": ""day_of_year_cos"", ""human_label"": ""Thời điểm trong năm"", ""feature_group"": ""SEASONAL_CALENDAR"", ""mean_abs_shap"": 0.14774131163598236, ""normalized_importance"": 0.03864140138263104}, {""feature"": ""humidity_max_7d"", ""human_label"": ""Độ ẩm — 7 ngày gần đây"", ""feature_group"": ""WEATHER_7D"", ""mean_abs_shap"": 0.12707465148510486, ""normalized_importance"": 0.03323608379552233}, {""feature"": ""month"", ""human_label"": ""Yếu tố mùa vụ theo tháng"", ""feature_group"": ""SEASONAL_CALENDAR"", ""mean_abs_shap"": 0.12413050822890438, ""normalized_importance"": 0.03246604987588911}, {""feature"": ""rain_max_daily_7d"", ""human_label"": ""Lượng mưa — 7 ngày gần đây"", ""feature_group"": ""WEATHER_7D"", ""mean_abs_shap"": 0.10989952862771443, ""normalized_importance"": 0.02874396978367686}, {""feature"": ""wind_gust_max_7d"", ""human_label"": ""Gió — 7 ngày gần đây"", ""feature_group"": ""WEATHER_7D"", ""mean_abs_shap"": 0.08421795284210606, ""normalized_importance"": 0.022027012508278886}, {""feature"": ""weather_code_current"", ""human_label"": ""Trạng thái thời tiết — hiện tại"", ""feature_group"": ""WEATHER_CURRENT"", ""mean_abs_shap"": 0.08211256283702657, ""normalized_importance"": 0.021476352578754868}, {""feature"": ""day_of_year_sin"", ""human_label"": ""Thời điểm trong năm"", ""feature_group"": ""SEASONAL_CALENDAR"", ""mean_abs_shap"": 0.07856429286474735, ""normalized_importance"": 0.02054831070140507}]",DEMOGRAPHIC,0.34812656300915745,0.09165576195992522,0.5602176750309174,0.04221926515433814,0.06099047378819723,0.24491682406662207,1.2434497875801753e-14
266,"Dị thường nhiễm sắc thể, chưa xếp ở chỗ khác - Chromosomal abnormalities, not elsewhere sclassified","[{""feature"": ""age_group"", ""human_label"": ""Nhóm tuổi"", ""feature_group"": ""DEMOGRAPHIC"", ""mean_abs_shap"": 0.041941628724722464, ""normalized_importance"": 0.40107915978868014}, {""feature"": ""day_of_year_sin"", ""human_label"": ""Thời điểm trong năm"", ""feature_group"": ""SEASONAL_CALENDAR"", ""mean_abs_shap"": 0.01773739780580573, ""normalized_importance"": 0.1696190831186472}, {""feature"": ""wind_speed_max_3d"", ""human_label"": ""Gió — 3 ngày gần đây"", ""feature_group"": ""WEATHER_3D"", ""mean_abs_shap"": 0.009776156736267251, ""normalized_importance"": 0.09348737397585317}, {""feature"": ""wind_speed_mean_7d"", ""human_label"": ""Gió — 7 ngày gần đây"", ""feature_group"": ""WEATHER_7D"", ""mean_abs_shap"": 0.008540501438621938, ""normalized_importance"": 0.08167105678367209}, {""feature"": ""day_of_year_cos"", ""human_label"": ""Thời điểm trong năm"", ""feature_group"": ""SEASONAL_CALENDAR"", ""mean_abs_shap"": 0.00814330100547297, ""normalized_importance"": 0.07787271082432255}, {""feature"": ""wind_speed_mean_3d"", ""human_label"": ""Gió — 3 ngày gần đây"", ""feature_group"": ""WEATHER_3D"", ""mean_abs_shap"": 0.0052358540329617495, ""normalized_importance"": 0.0500693940642947}, {""feature"": ""humidity_mean_7d"", ""human_label"": ""Độ ẩm — 7 ngày gần đây"", ""feature_group"": ""WEATHER_7D"", ""mean_abs_shap"": 0.004730548137862686, ""normalized_importance"": 0.045237257831036375}, {""feature"": ""gender"", ""human_label"": ""Giới tính"", ""feature_group"": ""DEMOGRAPHIC"", ""mean_abs_shap"": 0.003658646839845343, ""normalized_importance"": 0.03498688642064388}, {""feature"": ""wind_gust_max_7d"", ""human_label"": ""Gió — 7 ngày gần đây"", ""feature_group"": ""WEATHER_7D"", ""mean_abs_shap"": 0.002978567765685242, ""normalized_importance"": 0.028483430261507764}, {""feature"": ""temperature_mean_current"", ""human_label"": ""Nhiệt độ — hiện tại"", ""feature_group"": ""WEATHER_CURRENT"", ""mean_abs_shap"": 0.001829344723426446, ""normalized_importance"": 0.017493646931342186}]",DEMOGRAPHIC,0.3164421598477063,0.24749179394296977,0.43606604620932404,0.017493646931342186,0.1435567680401479,0.15539174487621624,1.7763568394002505e-15
267,Đau bụng và khung chậu - Abdominal and pelvic pain,"[{""feature"": ""age_group"", ""human_label"": ""Nhóm tuổi"", ""feature_group"": ""DEMOGRAPHIC"", ""mean_abs_shap"": 2.001739593887307, ""normalized_importance"": 0.7478357660230058}, {""feature"": ""temperature_min_7d"", ""human_label"": ""Nhiệt độ — 7 ngày gần đây"", ""feature_group"": ""WEATHER_7D"", ""mean_abs_shap"": 0.10846750429352578, ""normalized_importance"": 0.040522693066398496}, {""feature"": ""wind_speed_max_7d"", ""human_label"": ""Gió — 7 ngày gần đây"", ""feature_group"": ""WEATHER_7D"", ""mean_abs_shap"": 0.06252160035155309, ""normalized_importance"": 0.023357628052452947}, {""feature"": ""day_of_year_cos"", ""human_label"": ""Thời điểm trong năm"", ""feature_group"": ""SEASONAL_CALENDAR"", ""mean_abs_shap"": 0.053965138624540956, ""normalized_importance"": 0.020160994419583474}, {""feature"": ""temperature_max_current"", ""human_label"": ""Nhiệt độ — hiện tại"", ""feature_group"": ""WEATHER_CURRENT"", ""mean_abs_shap"": 0.046954070850291935, ""normalized_importance"": 0.017541709046198437}, {""feature"": ""rain_max_daily_7d"", ""human_label"": ""Lượng mưa — 7 ngày gần đây"", ""feature_group"": ""WEATHER_7D"", ""mean_abs_shap"": 0.04048417005619606, ""normalized_importance"": 0.015124599832182494}, {""feature"": ""day_of_year_sin"", ""human_label"": ""Thời điểm trong năm"", ""feature_group"": ""SEASONAL_CALENDAR"", ""mean_abs_shap"": 0.037947749144279154, ""normalized_importance"": 0.014177010904325707}, {""feature"": ""gender"", ""human_label"": ""Giới tính"", ""feature_group"": ""DEMOGRAPHIC"", ""mean_abs_shap"": 0.03688272262071269, ""normalized_importance"": 0.013779124521642214}, {""feature"": ""temperature_mean_7d"", ""human_label"": ""Nhiệt độ — 7 ngày gần đây"", ""feature_group"": ""WEATHER_7D"", ""mean_abs_shap"": 0.03680249834983294, ""normalized_importance"": 0.013749153300984843}, {""feature"": ""humidity_max_7d"", ""human_label"": ""Độ ẩm — 7 ngày gần đây"", ""feature_group"": ""WEATHER_7D"", ""mean_abs_shap"": 0.03313296158608338, ""normalized_importance"": 0.012378240298590222}]",DEMOGRAPHIC,0.19000714052805767,0.048377968927294485,0.761614890544648,0.02178922959198233,0.02806111995501363,0.1401567909810617,5.329070518200751e-15
268,Sốt không rõ nguyên nhân - Fever of unknown origin,"[{""feature"": ""age_group"", ""human_label"": ""Nhóm tuổi"", ""feature_group"": ""DEMOGRAPHIC"", ""mean_abs_shap"": 0.7929188960338672, ""normalized_importance"": 0.5720999235999732}, {""feature"": ""temperature_min_3d"", ""human_label"": ""Nhiệt độ — 3 ngày gần đây"", ""feature_group"": ""WEATHER_3D"", ""mean_abs_shap"": 0.10183003778788216, ""normalized_importance"": 0.07347152039133835}, {""feature"": ""day_of_year_cos"", ""human_label"": ""Thời điểm trong năm"", ""feature_group"": ""SEASONAL_CALENDAR"", ""mean_abs_shap"": 0.09480756015976428, ""normalized_importance"": 0.06840472360465015}, {""feature"": ""day_of_year_sin"", ""human_label"": ""Thời điểm trong năm"", ""feature_group"": ""SEASONAL_CALENDAR"", ""mean_abs_shap"": 0.06267179864699611, ""normalized_importance"": 0.04521840934446334}, {""feature"": ""rain_max_daily_7d"", ""human_label"": ""Lượng mưa — 7 ngày gần đây"", ""feature_group"": ""WEATHER_7D"", ""mean_abs_shap"": 0.05360710288501232, ""normalized_importance"": 0.038678129148307656}, {""feature"": ""temperature_min_7d"", ""human_label"": ""Nhiệt độ — 7 ngày gần đây"", ""feature_group"": ""WEATHER_7D"", ""mean_abs_shap"": 0.044751989725257006, ""normalized_importance"": 0.032289065162690714}, {""feature"": ""temperature_max_7d"", ""human_label"": ""Nhiệt độ — 7 ngày gần đây"", ""feature_group"": ""WEATHER_7D"", ""mean_abs_shap"": 0.02624497696974473, ""normalized_importance"": 0.018936046794163806}, {""feature"": ""precipitation_sum_7d"", ""human_label"": ""Lượng mưa — 7 ngày gần đây"", ""feature_group"": ""WEATHER_7D"", ""mean_abs_shap"": 0.023567545858868496, ""normalized_importance"": 0.017004250059796337}, {""feature"": ""wind_speed_mean_7d"", ""human_label"": ""Gió — 7 ngày gần đây"", ""feature_group"": ""WEATHER_7D"", ""mean_abs_shap"": 0.023170773033281872, ""normalized_importance"": 0.016717973992546504}, {""feature"": ""temperature_mean_7d"", ""human_label"": ""Nhiệt độ — 7 ngày gần đây"", ""feature_group"": ""WEATHER_7D"", ""mean_abs_shap"": 0.021119743210716108, ""normalized_importance"": 0.015238132850330842}]",DEMOGRAPHIC,0.3088638274965324,0.11389354250087438,0.5772426300025933,0.023105817557780895,0.11056537307920904,0.17519263685954245,5.329070518200751e-15
270,"Các triệu chứng, dấu hiệu và kết quả bất thường về khám lâm sàng và xét nghiệm khác, chưa xếp ở chỗ khác - Other symptoms, signs and abnormal clinical and laboratory findings, not elsewhere classified","[{""feature"": ""age_group"", ""human_label"": ""Nhóm tuổi"", ""feature_group"": ""DEMOGRAPHIC"", ""mean_abs_shap"": 1.8441790006014562, ""normalized_importance"": 0.5889356618323937}, {""feature"": ""temperature_min_7d"", ""human_label"": ""Nhiệt độ — 7 ngày gần đây"", ""feature_group"": ""WEATHER_7D"", ""mean_abs_shap"": 0.23041844494833244, ""normalized_importance"": 0.07358376780658478}, {""feature"": ""humidity_max_7d"", ""human_label"": ""Độ ẩm — 7 ngày gần đây"", ""feature_group"": ""WEATHER_7D"", ""mean_abs_shap"": 0.1427967231216318, ""normalized_importance"": 0.04560190882322581}, {""feature"": ""wind_speed_max_7d"", ""human_label"": ""Gió — 7 ngày gần đây"", ""feature_group"": ""WEATHER_7D"", ""mean_abs_shap"": 0.1350442394146342, ""normalized_importance"": 0.043126165350744865}, {""feature"": ""month"", ""human_label"": ""Yếu tố mùa vụ theo tháng"", ""feature_group"": ""SEASONAL_CALENDAR"", ""mean_abs_shap"": 0.11189971474257987, ""normalized_importance"": 0.035734997817068896}, {""feature"": ""temperature_max_7d"", ""human_label"": ""Nhiệt độ — 7 ngày gần đây"", ""feature_group"": ""WEATHER_7D"", ""mean_abs_shap"": 0.0884456303947918, ""normalized_importance"": 0.02824497288807207}, {""feature"": ""rain_max_daily_7d"", ""human_label"": ""Lượng mưa — 7 ngày gần đây"", ""feature_group"": ""WEATHER_7D"", ""mean_abs_shap"": 0.08556941436238703, ""normalized_importance"": 0.02732645782415214}, {""feature"": ""weather_code_current"", ""human_label"": ""Trạng thái thời tiết — hiện tại"", ""feature_group"": ""WEATHER_CURRENT"", ""mean_abs_shap"": 0.06657682918296028, ""normalized_importance"": 0.021261205633933175}, {""feature"": ""temperature_max_current"", ""human_label"": ""Nhiệt độ — hiện tại"", ""feature_group"": ""WEATHER_CURRENT"", ""mean_abs_shap"": 0.060876071685948795, ""normalized_importance"": 0.019440677698004248}, {""feature"": ""day_of_year_cos"", ""human_label"": ""Thời điểm trong năm"", ""feature_group"": ""SEASONAL_CALENDAR"", ""mean_abs_shap"": 0.05864105374606805, ""normalized_importance"": 0.018726928235939206}]",DEMOGRAPHIC,0.34025157887875696,0.06832702223926414,0.5914213988819788,0.04197882361678598,0.03335817017645808,0.2649145850855129,6.661338147750939e-15
271,Vỡ xương sọ và các xương mặt - Fracture of skull and facial bones,"[{""feature"": ""age_group"", ""human_label"": ""Nhóm tuổi"", ""feature_group"": ""DEMOGRAPHIC"", ""mean_abs_shap"": 0.6860902691634786, ""normalized_importance"": 0.5995008788808925}, {""feature"": ""wind_speed_max_7d"", ""human_label"": ""Gió — 7 ngày gần đây"", ""feature_group"": ""WEATHER_7D"", ""mean_abs_shap"": 0.08983072959846031, ""normalized_importance"": 0.07849346327335355}, {""feature"": ""gender"", ""human_label"": ""Giới tính"", ""feature_group"": ""DEMOGRAPHIC"", ""mean_abs_shap"": 0.0691396495263539, ""normalized_importance"": 0.0604137422136936}, {""feature"": ""humidity_max_7d"", ""human_label"": ""Độ ẩm — 7 ngày gần đây"", ""feature_group"": ""WEATHER_7D"", ""mean_abs_shap"": 0.03941344161964869, ""normalized_importance"": 0.034439189641195835}, {""feature"": ""day_of_year_sin"", ""human_label"": ""Thời điểm trong năm"", ""feature_group"": ""SEASONAL_CALENDAR"", ""mean_abs_shap"": 0.03731356145328967, ""normalized_importance"": 0.03260432903777745}, {""feature"": ""rain_days_7d"", ""human_label"": ""Lượng mưa — 7 ngày gần đây"", ""feature_group"": ""WEATHER_7D"", ""mean_abs_shap"": 0.0335362256654166, ""normalized_importance"": 0.0293037194439128}, {""feature"": ""temperature_min_7d"", ""human_label"": ""Nhiệt độ — 7 ngày gần đây"", ""feature_group"": ""WEATHER_7D"", ""mean_abs_shap"": 0.032881326056052, ""normalized_importance"": 0.02873147274542584}, {""feature"": ""wind_gust_max_7d"", ""human_label"": ""Gió — 7 ngày gần đây"", ""feature_group"": ""WEATHER_7D"", ""mean_abs_shap"": 0.01911536392707682, ""normalized_importance"": 0.016702871312229764}, {""feature"": ""temperature_mean_7d"", ""human_label"": ""Nhiệt độ — 7 ngày gần đây"", ""feature_group"": ""WEATHER_7D"", ""mean_abs_shap"": 0.01772295852132849, ""normalized_importance"": 0.015486197206761976}, {""feature"": ""wind_speed_max_3d"", ""human_label"": ""Gió — 3 ngày gần đây"", ""feature_group"": ""WEATHER_3D"", ""mean_abs_shap"": 0.01572579171174908, ""normalized_importance"": 0.013741086816150506}]",DEMOGRAPHIC,0.2974636346682735,0.04262174423714034,0.6599146210945861,0.016837135900684405,0.03977618641401249,0.24085031235357662,1.8318679906315083e-15
272,"Gãy xương cổ, ngực, khung chậu - Fracture of neck, thorax or pelvis.","[{""feature"": ""age_group"", ""human_label"": ""Nhóm tuổi"", ""feature_group"": ""DEMOGRAPHIC"", ""mean_abs_shap"": 0.48703788938118314, ""normalized_importance"": 0.46000112499614}, {""feature"": ""day_of_year_sin"", ""human_label"": ""Thời điểm trong năm"", ""feature_group"": ""SEASONAL_CALENDAR"", ""mean_abs_shap"": 0.09618199805262637, ""normalized_importance"": 0.0908426803606587}, {""feature"": ""day_of_year_cos"", ""human_label"": ""Thời điểm trong năm"", ""feature_group"": ""SEASONAL_CALENDAR"", ""mean_abs_shap"": 0.07020473509977518, ""normalized_importance"": 0.06630748414047369}, {""feature"": ""humidity_min_7d"", ""human_label"": ""Độ ẩm — 7 ngày gần đây"", ""feature_group"": ""WEATHER_7D"", ""mean_abs_shap"": 0.06856093005609562, ""normalized_importance"": 0.06475493107252311}, {""feature"": ""temperature_min_7d"", ""human_label"": ""Nhiệt độ — 7 ngày gần đây"", ""feature_group"": ""WEATHER_7D"", ""mean_abs_shap"": 0.06008437970956879, ""normalized_importance"": 0.05674893650720705}, {""feature"": ""temperature_mean_7d"", ""human_label"": ""Nhiệt độ — 7 ngày gần đây"", ""feature_group"": ""WEATHER_7D"", ""mean_abs_shap"": 0.05133803816344367, ""normalized_importance"": 0.04848812756700331}, {""feature"": ""rain_max_daily_7d"", ""human_label"": ""Lượng mưa — 7 ngày gần đây"", ""feature_group"": ""WEATHER_7D"", ""mean_abs_shap"": 0.030403006185958655, ""normalized_importance"": 0.02871525471370424}, {""feature"": ""wind_gust_max_7d"", ""human_label"": ""Gió — 7 ngày gần đây"", ""feature_group"": ""WEATHER_7D"", ""mean_abs_shap"": 0.02266506141874977, ""normalized_importance"": 0.021406863773942582}, {""feature"": ""humidity_max_7d"", ""human_label"": ""Độ ẩm — 7 ngày gần đây"", ""feature_group"": ""WEATHER_7D"", ""mean_abs_shap"": 0.022482021071729492, ""normalized_importance"": 0.02123398448182838}, {""feature"": ""humidity_min_3d"", ""human_label"": ""Độ ẩm — 3 ngày gần đây"", ""feature_group"": ""WEATHER_3D"", ""mean_abs_shap"": 0.017706618806509252, ""normalized_importance"": 0.016723677456020842}]",DEMOGRAPHIC,0.36746892506911355,0.17035941841120644,0.4621716565196801,0.0331879187974961,0.06460701220436393,0.2696739940672535,2.6645352591003757e-15
273,Gãy xương đùi - Fracture of femur,"[{""feature"": ""age_group"", ""human_label"": ""Nhóm tuổi"", ""feature_group"": ""DEMOGRAPHIC"", ""mean_abs_shap"": 1.3075933986237886, ""normalized_importance"": 0.5720531466405039}, {""feature"": ""day_of_year_sin"", ""human_label"": ""Thời điểm trong năm"", ""feature_group"": ""SEASONAL_CALENDAR"", ""mean_abs_shap"": 0.12858760409726178, ""normalized_importance"": 0.056255211765538896}, {""feature"": ""gender"", ""human_label"": ""Giới tính"", ""feature_group"": ""DEMOGRAPHIC"", ""mean_abs_shap"": 0.12032396983416545, ""normalized_importance"": 0.05263999163069741}, {""feature"": ""temperature_mean_7d"", ""human_label"": ""Nhiệt độ — 7 ngày gần đây"", ""feature_group"": ""WEATHER_7D"", ""mean_abs_shap"": 0.0783079993746136, ""normalized_importance"": 0.034258613951796794}, {""feature"": ""day_of_year_cos"", ""human_label"": ""Thời điểm trong năm"", ""feature_group"": ""SEASONAL_CALENDAR"", ""mean_abs_shap"": 0.07606531618707058, ""normalized_importance"": 0.03327747258499118}, {""feature"": ""wind_speed_max_7d"", ""human_label"": ""Gió — 7 ngày gần đây"", ""feature_group"": ""WEATHER_7D"", ""mean_abs_shap"": 0.07498077263273482, ""normalized_importance"": 0.032803000510124934}, {""feature"": ""rain_max_daily_7d"", ""human_label"": ""Lượng mưa — 7 ngày gần đây"", ""feature_group"": ""WEATHER_7D"", ""mean_abs_shap"": 0.07131655538717352, ""normalized_importance"": 0.031199958610782317}, {""feature"": ""temperature_min_7d"", ""human_label"": ""Nhiệt độ — 7 ngày gần đây"", ""feature_group"": ""WEATHER_7D"", ""mean_abs_shap"": 0.06379918917944255, ""normalized_importance"": 0.027911219926335384}, {""feature"": ""temperature_max_current"", ""human_label"": ""Nhiệt độ — hiện tại"", ""feature_group"": ""WEATHER_CURRENT"", ""mean_abs_shap"": 0.05838713129656506, ""normalized_importance"": 0.025543523098744282}, {""feature"": ""wind_speed_max_3d"", ""human_label"": ""Gió — 3 ngày gần đây"", ""feature_group"": ""WEATHER_3D"", ""mean_abs_shap"": 0.042186633356916546, ""normalized_importance"": 0.018456040221213083}]",DEMOGRAPHIC,0.28227202251296807,0.09303483921583072,0.6246931382712013,0.04764742982115004,0.040395197389162814,0.1942293953026552,5.329070518200751e-15
274,Gãy các phần khác của chi do lao động và giao thông - Fracture of other lim bones,"[{""feature"": ""age_group"", ""human_label"": ""Nhóm tuổi"", ""feature_group"": ""DEMOGRAPHIC"", ""mean_abs_shap"": 2.7461711489389873, ""normalized_importance"": 0.4893837864497807}, {""feature"": ""day_of_year_sin"", ""human_label"": ""Thời điểm trong năm"", ""feature_group"": ""SEASONAL_CALENDAR"", ""mean_abs_shap"": 0.2811651311543, ""normalized_importance"": 0.05010527350238271}, {""feature"": ""humidity_max_7d"", ""human_label"": ""Độ ẩm — 7 ngày gần đây"", ""feature_group"": ""WEATHER_7D"", ""mean_abs_shap"": 0.26728586717041963, ""normalized_importance"": 0.04763190735250101}, {""feature"": ""temperature_min_7d"", ""human_label"": ""Nhiệt độ — 7 ngày gần đây"", ""feature_group"": ""WEATHER_7D"", ""mean_abs_shap"": 0.2645954999355303, ""normalized_importance"": 0.04715246815044717}, {""feature"": ""gender"", ""human_label"": ""Giới tính"", ""feature_group"": ""DEMOGRAPHIC"", ""mean_abs_shap"": 0.24710054282296254, ""normalized_importance"": 0.044034764303462676}, {""feature"": ""wind_speed_max_7d"", ""human_label"": ""Gió — 7 ngày gần đây"", ""feature_group"": ""WEATHER_7D"", ""mean_abs_shap"": 0.23259137647630374, ""normalized_importance"": 0.041449145862419406}, {""feature"": ""temperature_max_current"", ""human_label"": ""Nhiệt độ — hiện tại"", ""feature_group"": ""WEATHER_CURRENT"", ""mean_abs_shap"": 0.12464077416789193, ""normalized_importance"": 0.02221171613134232}, {""feature"": ""weather_code_current"", ""human_label"": ""Trạng thái thời tiết — hiện tại"", ""feature_group"": ""WEATHER_CURRENT"", ""mean_abs_shap"": 0.12377036394901811, ""normalized_importance"": 0.02205660393127364}, {""feature"": ""day_of_year_cos"", ""human_label"": ""Thời điểm trong năm"", ""feature_group"": ""SEASONAL_CALENDAR"", ""mean_abs_shap"": 0.122187726876929, ""normalized_importance"": 0.021774568733571555}, {""feature"": ""wind_gust_max_7d"", ""human_label"": ""Gió — 7 ngày gần đây"", ""feature_group"": ""WEATHER_7D"", ""mean_abs_shap"": 0.11956751755423566, ""normalized_importance"": 0.021307632082472404}]",DEMOGRAPHIC,0.38639753104115804,0.0801839182055985,0.5334185507532434,0.07064357216489368,0.06912173855227169,0.2466322203239927,1.865174681370263e-14
276,"Sai khớp, bong gân, tổn thương khu trú và ở nhiều vùng cơ thể - Dislocations, sprains and strains of specified and multiple body regions","[{""feature"": ""age_group"", ""human_label"": ""Nhóm tuổi"", ""feature_group"": ""DEMOGRAPHIC"", ""mean_abs_shap"": 0.1857373505506949, ""normalized_importance"": 0.3546017934471163}, {""feature"": ""month"", ""human_label"": ""Yếu tố mùa vụ theo tháng"", ""feature_group"": ""SEASONAL_CALENDAR"", ""mean_abs_shap"": 0.06392092131997579, ""normalized_importance"": 0.12203508487469712}, {""feature"": ""day_of_year_sin"", ""human_label"": ""Thời điểm trong năm"", ""feature_group"": ""SEASONAL_CALENDAR"", ""mean_abs_shap"": 0.06140204412000017, ""normalized_importance"": 0.11722615242284429}, {""feature"": ""day_of_year_cos"", ""human_label"": ""Thời điểm trong năm"", ""feature_group"": ""SEASONAL_CALENDAR"", ""mean_abs_shap"": 0.04419491160007884, ""normalized_importance"": 0.08437503209860493}, {""feature"": ""rain_max_daily_7d"", ""human_label"": ""Lượng mưa — 7 ngày gần đây"", ""feature_group"": ""WEATHER_7D"", ""mean_abs_shap"": 0.03770033350170208, ""normalized_importance"": 0.07197586179420143}, {""feature"": ""gender"", ""human_label"": ""Giới tính"", ""feature_group"": ""DEMOGRAPHIC"", ""mean_abs_shap"": 0.02855878860186217, ""normalized_importance"": 0.054523215857616845}, {""feature"": ""temperature_min_7d"", ""human_label"": ""Nhiệt độ — 7 ngày gần đây"", ""feature_group"": ""WEATHER_7D"", ""mean_abs_shap"": 0.02401306986534227, ""normalized_importance"": 0.0458447243657499}, {""feature"": ""temperature_mean_7d"", ""human_label"": ""Nhiệt độ — 7 ngày gần đây"", ""feature_group"": ""WEATHER_7D"", ""mean_abs_shap"": 0.01428723366901244, ""normalized_importance"": 0.02727657451454306}, {""feature"": ""wind_gust_max_7d"", ""human_label"": ""Gió — 7 ngày gần đây"", ""feature_group"": ""WEATHER_7D"", ""mean_abs_shap"": 0.011084943118420692, ""normalized_importance"": 0.021162898568311363}, {""feature"": ""precipitation_sum_7d"", ""human_label"": ""Lượng mưa — 7 ngày gần đây"", ""feature_group"": ""WEATHER_7D"", ""mean_abs_shap"": 0.01087524448245949, ""normalized_importance"": 0.020762550915161437}]",DEMOGRAPHIC,0.2574166696171103,0.3334583210781566,0.4091250093047331,0.0,0.02790387337653939,0.2295127962405709,2.220446049250313e-15
277,Thương tổn do chấn thương ở mắt và hốc mắt - Injury of eye and orbit,"[{""feature"": ""age_group"", ""human_label"": ""Nhóm tuổi"", ""feature_group"": ""DEMOGRAPHIC"", ""mean_abs_shap"": 0.11780398052638184, ""normalized_importance"": 0.27415632895799347}, {""feature"": ""month"", ""human_label"": ""Yếu tố mùa vụ theo tháng"", ""feature_group"": ""SEASONAL_CALENDAR"", ""mean_abs_shap"": 0.0662980176965272, ""normalized_importance"": 0.15429038193494252}, {""feature"": ""gender"", ""human_label"": ""Giới tính"", ""feature_group"": ""DEMOGRAPHIC"", ""mean_abs_shap"": 0.05377478489269125, ""normalized_importance"": 0.12514600568513404}, {""feature"": ""wind_speed_mean_3d"", ""human_label"": ""Gió — 3 ngày gần đây"", ""feature_group"": ""WEATHER_3D"", ""mean_abs_shap"": 0.03846180385764323, ""normalized_importance"": 0.08950925854625465}, {""feature"": ""wind_speed_mean_7d"", ""human_label"": ""Gió — 7 ngày gần đây"", ""feature_group"": ""WEATHER_7D"", ""mean_abs_shap"": 0.03739289374537304, ""normalized_importance"": 0.08702166456974682}, {""feature"": ""wind_gust_max_7d"", ""human_label"": ""Gió — 7 ngày gần đây"", ""feature_group"": ""WEATHER_7D"", ""mean_abs_shap"": 0.022171082093005542, ""normalized_importance"": 0.051597089066811964}, {""feature"": ""day_of_year_sin"", ""human_label"": ""Thời điểm trong năm"", ""feature_group"": ""SEASONAL_CALENDAR"", ""mean_abs_shap"": 0.021941687238773808, ""normalized_importance"": 0.05106323570432781}, {""feature"": ""temperature_mean_7d"", ""human_label"": ""Nhiệt độ — 7 ngày gần đây"", ""feature_group"": ""WEATHER_7D"", ""mean_abs_shap"": 0.01872194105728797, ""normalized_importance"": 0.04357016298005773}, {""feature"": ""humidity_max_3d"", ""human_label"": ""Độ ẩm — 3 ngày gần đây"", ""feature_group"": ""WEATHER_3D"", ""mean_abs_shap"": 0.011963903277639567, ""normalized_importance"": 0.027842690781332537}, {""feature"": ""wind_speed_max_7d"", ""human_label"": ""Gió — 7 ngày gần đây"", ""feature_group"": ""WEATHER_7D"", ""mean_abs_shap"": 0.011564344322744157, ""normalized_importance"": 0.026912827326914825}]",DEMOGRAPHIC,0.3953440477176021,0.20535361763927032,0.3993023346431275,0.022324049964473153,0.13261111540925394,0.240408882343875,1.7763568394002505e-15
278,Thương tổn do chấn thương trong sọ - Intracranial injury,"[{""feature"": ""age_group"", ""human_label"": ""Nhóm tuổi"", ""feature_group"": ""DEMOGRAPHIC"", ""mean_abs_shap"": 1.4935305932695637, ""normalized_importance"": 0.5875702540682505}, {""feature"": ""temperature_min_7d"", ""human_label"": ""Nhiệt độ — 7 ngày gần đây"", ""feature_group"": ""WEATHER_7D"", ""mean_abs_shap"": 0.1560858408676939, ""normalized_importance"": 0.06140577072098492}, {""feature"": ""day_of_year_sin"", ""human_label"": ""Thời điểm trong năm"", ""feature_group"": ""SEASONAL_CALENDAR"", ""mean_abs_shap"": 0.12016612714149158, ""normalized_importance"": 0.047274586923831685}, {""feature"": ""wind_speed_max_7d"", ""human_label"": ""Gió — 7 ngày gần đây"", ""feature_group"": ""WEATHER_7D"", ""mean_abs_shap"": 0.09340291358427492, ""normalized_importance"": 0.036745664208514786}, {""feature"": ""gender"", ""human_label"": ""Giới tính"", ""feature_group"": ""DEMOGRAPHIC"", ""mean_abs_shap"": 0.08728356118411577, ""normalized_importance"": 0.03433824821000921}, {""feature"": ""temperature_max_7d"", ""human_label"": ""Nhiệt độ — 7 ngày gần đây"", ""feature_group"": ""WEATHER_7D"", ""mean_abs_shap"": 0.08558351894813868, ""normalized_importance"": 0.033669434157574514}, {""feature"": ""humidity_max_7d"", ""human_label"": ""Độ ẩm — 7 ngày gần đây"", ""feature_group"": ""WEATHER_7D"", ""mean_abs_shap"": 0.0833911535640953, ""normalized_importance"": 0.03280693512908604}, {""feature"": ""wind_gust_max_7d"", ""human_label"": ""Gió — 7 ngày gần đây"", ""feature_group"": ""WEATHER_7D"", ""mean_abs_shap"": 0.05942312773027338, ""normalized_importance"": 0.023377667933518562}, {""feature"": ""temperature_max_current"", ""human_label"": ""Nhiệt độ — hiện tại"", ""feature_group"": ""WEATHER_CURRENT"", ""mean_abs_shap"": 0.05354086157350434, ""normalized_importance"": 0.021063524094882075}, {""feature"": ""month"", ""human_label"": ""Yếu tố mùa vụ theo tháng"", ""feature_group"": ""SEASONAL_CALENDAR"", ""mean_abs_shap"": 0.04150003808800249, ""normalized_importance"": 0.01632654063672645}]",DEMOGRAPHIC,0.29903660801613885,0.07905488970560129,0.6219085022782597,0.03135087740039645,0.026247147972522103,0.24143858264322032,8.881784197001252e-15
279,Thương tổn do chấn thương các nội tạng khác - Injury of other internal organs,"[{""feature"": ""age_group"", ""human_label"": ""Nhóm tuổi"", ""feature_group"": ""DEMOGRAPHIC"", ""mean_abs_shap"": 0.5683383686030231, ""normalized_importance"": 0.5246927284212826}, {""feature"": ""gender"", ""human_label"": ""Giới tính"", ""feature_group"": ""DEMOGRAPHIC"", ""mean_abs_shap"": 0.13444663589934291, ""normalized_importance"": 0.12412178398316526}, {""feature"": ""temperature_min_7d"", ""human_label"": ""Nhiệt độ — 7 ngày gần đây"", ""feature_group"": ""WEATHER_7D"", ""mean_abs_shap"": 0.06671061125024937, ""normalized_importance"": 0.06158755868899234}, {""feature"": ""day_of_year_sin"", ""human_label"": ""Thời điểm trong năm"", ""feature_group"": ""SEASONAL_CALENDAR"", ""mean_abs_shap"": 0.05975801363819264, ""normalized_importance"": 0.05516888697472453}, {""feature"": ""precipitation_sum_7d"", ""human_label"": ""Lượng mưa — 7 ngày gần đây"", ""feature_group"": ""WEATHER_7D"", ""mean_abs_shap"": 0.03772769597540351, ""normalized_importance"": 0.034830391245694634}, {""feature"": ""wind_gust_max_7d"", ""human_label"": ""Gió — 7 ngày gần đây"", ""feature_group"": ""WEATHER_7D"", ""mean_abs_shap"": 0.030192173095378763, ""normalized_importance"": 0.02787356010701977}, {""feature"": ""humidity_min_7d"", ""human_label"": ""Độ ẩm — 7 ngày gần đây"", ""feature_group"": ""WEATHER_7D"", ""mean_abs_shap"": 0.02340341712272998, ""normalized_importance"": 0.021606147786027267}, {""feature"": ""temperature_mean_7d"", ""human_label"": ""Nhiệt độ — 7 ngày gần đây"", ""feature_group"": ""WEATHER_7D"", ""mean_abs_shap"": 0.02164715961773132, ""normalized_importance"": 0.019984762370199825}, {""feature"": ""rain_days_7d"", ""human_label"": ""Lượng mưa — 7 ngày gần đây"", ""feature_group"": ""WEATHER_7D"", ""mean_abs_shap"": 0.01972069522043568, ""normalized_importance"": 0.018206241128869483}, {""feature"": ""month"", ""human_label"": ""Yếu tố mùa vụ theo tháng"", ""feature_group"": ""SEASONAL_CALENDAR"", ""mean_abs_shap"": 0.01954218837801896, ""normalized_importance"": 0.01804144274930606}]",DEMOGRAPHIC,0.2615924598424799,0.08959302775307243,0.6488145124044478,0.002612140025930108,0.0159185845279254,0.24306173528862443,1.7763568394002505e-15
281,"Các tổn thương khác do chấn thương xác định và ở nhiều nơi - Other injuries of specified, unspecified and multiple body regions","[{""feature"": ""age_group"", ""human_label"": ""Nhóm tuổi"", ""feature_group"": ""DEMOGRAPHIC"", ""mean_abs_shap"": 1.6091011407825506, ""normalized_importance"": 0.6183419296774784}, {""feature"": ""temperature_min_7d"", ""human_label"": ""Nhiệt độ — 7 ngày gần đây"", ""feature_group"": ""WEATHER_7D"", ""mean_abs_shap"": 0.17479526426400113, ""normalized_importance"": 0.06716994865277601}, {""feature"": ""wind_speed_max_7d"", ""human_label"": ""Gió — 7 ngày gần đây"", ""feature_group"": ""WEATHER_7D"", ""mean_abs_shap"": 0.12441725708131553, ""normalized_importance"": 0.04781079627563074}, {""feature"": ""gender"", ""human_label"": ""Giới tính"", ""feature_group"": ""DEMOGRAPHIC"", ""mean_abs_shap"": 0.08535446956856524, ""normalized_importance"": 0.03279983220567273}, {""feature"": ""humidity_max_7d"", ""human_label"": ""Độ ẩm — 7 ngày gần đây"", ""feature_group"": ""WEATHER_7D"", ""mean_abs_shap"": 0.06444818134733575, ""normalized_importance"": 0.024766008679314586}, {""feature"": ""day_of_year_sin"", ""human_label"": ""Thời điểm trong năm"", ""feature_group"": ""SEASONAL_CALENDAR"", ""mean_abs_shap"": 0.06243533075447265, ""normalized_importance"": 0.02399251477753404}, {""feature"": ""weather_code_current"", ""human_label"": ""Trạng thái thời tiết — hiện tại"", ""feature_group"": ""WEATHER_CURRENT"", ""mean_abs_shap"": 0.06102421902108195, ""normalized_importance"": 0.0234502557920044}, {""feature"": ""wind_gust_max_7d"", ""human_label"": ""Gió — 7 ngày gần đây"", ""feature_group"": ""WEATHER_7D"", ""mean_abs_shap"": 0.05332194815055886, ""normalized_importance"": 0.020490443688048223}, {""feature"": ""day_of_year_cos"", ""human_label"": ""Thời điểm trong năm"", ""feature_group"": ""SEASONAL_CALENDAR"", ""mean_abs_shap"": 0.042925411452548926, ""normalized_importance"": 0.016495284899779784}, {""feature"": ""temperature_max_7d"", ""human_label"": ""Nhiệt độ — 7 ngày gần đây"", ""feature_group"": ""WEATHER_7D"", ""mean_abs_shap"": 0.04170117921315606, ""normalized_importance"": 0.016024839564745454}]",DEMOGRAPHIC,0.2862421992035238,0.06261603891332516,0.6511417618831511,0.038725026493729185,0.015735169013132776,0.23178200369666183,4.440892098500626e-15
282,Hậu quả do dị vật vào hốc tự nhiên - Effects of foreign body entert hrough natural orifice,"[{""feature"": ""age_group"", ""human_label"": ""Nhóm tuổi"", ""feature_group"": ""DEMOGRAPHIC"", ""mean_abs_shap"": 1.7798461880431709, ""normalized_importance"": 0.719061092863275}, {""feature"": ""temperature_min_7d"", ""human_label"": ""Nhiệt độ — 7 ngày gần đây"", ""feature_group"": ""WEATHER_7D"", ""mean_abs_shap"": 0.10513187926821362, ""normalized_importance"": 0.042473470184794394}, {""feature"": ""gender"", ""human_label"": ""Giới tính"", ""feature_group"": ""DEMOGRAPHIC"", ""mean_abs_shap"": 0.09931780120685872, ""normalized_importance"": 0.04012457208737698}, {""feature"": ""day_of_year_cos"", ""human_label"": ""Thời điểm trong năm"", ""feature_group"": ""SEASONAL_CALENDAR"", ""mean_abs_shap"": 0.0731239203275839, ""normalized_importance"": 0.029542196633861133}, {""feature"": ""wind_gust_max_7d"", ""human_label"": ""Gió — 7 ngày gần đây"", ""feature_group"": ""WEATHER_7D"", ""mean_abs_shap"": 0.05514149021222591, ""normalized_importance"": 0.022277262204160205}, {""feature"": ""wind_speed_max_7d"", ""human_label"": ""Gió — 7 ngày gần đây"", ""feature_group"": ""WEATHER_7D"", ""mean_abs_shap"": 0.05286286002198704, ""normalized_importance"": 0.02135669146842387}, {""feature"": ""day_of_year_sin"", ""human_label"": ""Thời điểm trong năm"", ""feature_group"": ""SEASONAL_CALENDAR"", ""mean_abs_shap"": 0.047776360036560835, ""normalized_importance"": 0.019301736235246784}, {""feature"": ""temperature_max_7d"", ""human_label"": ""Nhiệt độ — 7 ngày gần đây"", ""feature_group"": ""WEATHER_7D"", ""mean_abs_shap"": 0.03528848830417844, ""normalized_importance"": 0.01425661337252586}, {""feature"": ""wind_speed_mean_7d"", ""human_label"": ""Gió — 7 ngày gần đây"", ""feature_group"": ""WEATHER_7D"", ""mean_abs_shap"": 0.029794590793504768, ""normalized_importance"": 0.012037068799156234}, {""feature"": ""humidity_max_7d"", ""human_label"": ""Độ ẩm — 7 ngày gần đây"", ""feature_group"": ""WEATHER_7D"", ""mean_abs_shap"": 0.029532807763024454, ""normalized_importance"": 0.011931307979342253}]",DEMOGRAPHIC,0.19007258308679256,0.05074175196255544,0.759185664950652,0.02651122905598488,0.016009176562795407,0.14755217746801227,9.325873406851315e-15
283,Bỏng và sự ăn mòn - Burnss and corrosions,"[{""feature"": ""age_group"", ""human_label"": ""Nhóm tuổi"", ""feature_group"": ""DEMOGRAPHIC"", ""mean_abs_shap"": 1.569904163193781, ""normalized_importance"": 0.6598018562385921}, {""feature"": ""gender"", ""human_label"": ""Giới tính"", ""feature_group"": ""DEMOGRAPHIC"", ""mean_abs_shap"": 0.22306234327958477, ""normalized_importance"": 0.09374900175650615}, {""feature"": ""day_of_year_cos"", ""human_label"": ""Thời điểm trong năm"", ""feature_group"": ""SEASONAL_CALENDAR"", ""mean_abs_shap"": 0.09629556745623838, ""normalized_importance"": 0.040471256554870404}, {""feature"": ""day_of_year_sin"", ""human_label"": ""Thời điểm trong năm"", ""feature_group"": ""SEASONAL_CALENDAR"", ""mean_abs_shap"": 0.07289256680073578, ""normalized_importance"": 0.030635405656405334}, {""feature"": ""wind_speed_max_7d"", ""human_label"": ""Gió — 7 ngày gần đây"", ""feature_group"": ""WEATHER_7D"", ""mean_abs_shap"": 0.06821100305249729, ""normalized_importance"": 0.028667830486145865}, {""feature"": ""temperature_min_7d"", ""human_label"": ""Nhiệt độ — 7 ngày gần đây"", ""feature_group"": ""WEATHER_7D"", ""mean_abs_shap"": 0.04945597362474122, ""normalized_importance"": 0.020785436439194466}, {""feature"": ""temperature_max_7d"", ""human_label"": ""Nhiệt độ — 7 ngày gần đây"", ""feature_group"": ""WEATHER_7D"", ""mean_abs_shap"": 0.04891803636834027, ""normalized_importance"": 0.020559351300601564}, {""feature"": ""rain_days_7d"", ""human_label"": ""Lượng mưa — 7 ngày gần đây"", ""feature_group"": ""WEATHER_7D"", ""mean_abs_shap"": 0.03473481258243718, ""normalized_importance"": 0.014598403109758977}, {""feature"": ""month"", ""human_label"": ""Yếu tố mùa vụ theo tháng"", ""feature_group"": ""SEASONAL_CALENDAR"", ""mean_abs_shap"": 0.025173731112846997, ""normalized_importance"": 0.010580056353833259}, {""feature"": ""weather_code_current"", ""human_label"": ""Trạng thái thời tiết — hiện tại"", ""feature_group"": ""WEATHER_CURRENT"", ""mean_abs_shap"": 0.02313802280693318, ""normalized_importance"": 0.009724485580474873}]",DEMOGRAPHIC,0.1647624234397926,0.081686718565109,0.7535508579950982,0.017536650028564478,0.02091254063718269,0.12631323277404544,7.993605777301127e-15
284,Nhiễm độc thuốc và các sinh phẩm - Poisoning by drugs and biological substances,"[{""feature"": ""age_group"", ""human_label"": ""Nhóm tuổi"", ""feature_group"": ""DEMOGRAPHIC"", ""mean_abs_shap"": 0.14721257360214987, ""normalized_importance"": 0.47644748880631466}, {""feature"": ""day_of_year_cos"", ""human_label"": ""Thời điểm trong năm"", ""feature_group"": ""SEASONAL_CALENDAR"", ""mean_abs_shap"": 0.03764042359724708, ""normalized_importance"": 0.1218216954007006}, {""feature"": ""temperature_min_7d"", ""human_label"": ""Nhiệt độ — 7 ngày gần đây"", ""feature_group"": ""WEATHER_7D"", ""mean_abs_shap"": 0.02481477503169277, ""normalized_importance"": 0.08031200705108112}, {""feature"": ""temperature_mean_7d"", ""human_label"": ""Nhiệt độ — 7 ngày gần đây"", ""feature_group"": ""WEATHER_7D"", ""mean_abs_shap"": 0.015242387765003952, ""normalized_importance"": 0.049331366175790925}, {""feature"": ""gender"", ""human_label"": ""Giới tính"", ""feature_group"": ""DEMOGRAPHIC"", ""mean_abs_shap"": 0.014638895234418258, ""normalized_importance"": 0.04737818722052047}, {""feature"": ""temperature_min_3d"", ""human_label"": ""Nhiệt độ — 3 ngày gần đây"", ""feature_group"": ""WEATHER_3D"", ""mean_abs_shap"": 0.010769552525178529, ""normalized_importance"": 0.03485521739505871}, {""feature"": ""precipitation_sum_7d"", ""human_label"": ""Lượng mưa — 7 ngày gần đây"", ""feature_group"": ""WEATHER_7D"", ""mean_abs_shap"": 0.008277425802092203, ""normalized_importance"": 0.026789550924132686}, {""feature"": ""wind_speed_max_7d"", ""human_label"": ""Gió — 7 ngày gần đây"", ""feature_group"": ""WEATHER_7D"", ""mean_abs_shap"": 0.007849433714996424, ""normalized_importance"": 0.02540437199453357}, {""feature"": ""temperature_max_current"", ""human_label"": ""Nhiệt độ — hiện tại"", ""feature_group"": ""WEATHER_CURRENT"", ""mean_abs_shap"": 0.007397579791326656, ""normalized_importance"": 0.023941965204325823}, {""feature"": ""rain_max_daily_7d"", ""human_label"": ""Lượng mưa — 7 ngày gần đây"", ""feature_group"": ""WEATHER_7D"", ""mean_abs_shap"": 0.0051595072643879775, ""normalized_importance"": 0.016698534774883457}]",DEMOGRAPHIC,0.33735303593150945,0.1388212880416557,0.5238256760268352,0.023941965204325823,0.0609047027945572,0.25250636793262643,1.7763568394002505e-15
285,Tác hại của các chất có nguồn gốc chủ yếu không phải thuốc - Toxic effects of substances chiefly nonmedical as to source,"[{""feature"": ""age_group"", ""human_label"": ""Nhóm tuổi"", ""feature_group"": ""DEMOGRAPHIC"", ""mean_abs_shap"": 0.08381972138496785, ""normalized_importance"": 0.49554851782781584}, {""feature"": ""wind_speed_mean_7d"", ""human_label"": ""Gió — 7 ngày gần đây"", ""feature_group"": ""WEATHER_7D"", ""mean_abs_shap"": 0.015569576240579431, ""normalized_importance"": 0.09204850960778786}, {""feature"": ""temperature_min_7d"", ""human_label"": ""Nhiệt độ — 7 ngày gần đây"", ""feature_group"": ""WEATHER_7D"", ""mean_abs_shap"": 0.014597665649216971, ""normalized_importance"": 0.08630250085170056}, {""feature"": ""day_of_year_sin"", ""human_label"": ""Thời điểm trong năm"", ""feature_group"": ""SEASONAL_CALENDAR"", ""mean_abs_shap"": 0.01332952983117076, ""normalized_importance"": 0.07880518620243157}, {""feature"": ""temperature_mean_7d"", ""human_label"": ""Nhiệt độ — 7 ngày gần đây"", ""feature_group"": ""WEATHER_7D"", ""mean_abs_shap"": 0.008259107074641052, ""normalized_importance"": 0.04882846425392197}, {""feature"": ""rain_max_daily_7d"", ""human_label"": ""Lượng mưa — 7 ngày gần đây"", ""feature_group"": ""WEATHER_7D"", ""mean_abs_shap"": 0.007750807174818466, ""normalized_importance"": 0.04582335689008047}, {""feature"": ""gender"", ""human_label"": ""Giới tính"", ""feature_group"": ""DEMOGRAPHIC"", ""mean_abs_shap"": 0.00588294119402487, ""normalized_importance"": 0.03478039226327051}, {""feature"": ""season"", ""human_label"": ""Mùa mưa / mùa khô"", ""feature_group"": ""SEASONAL_CALENDAR"", ""mean_abs_shap"": 0.005321743078737311, ""normalized_importance"": 0.031462546657923654}, {""feature"": ""humidity_mean_7d"", ""human_label"": ""Độ ẩm — 7 ngày gần đây"", ""feature_group"": ""WEATHER_7D"", ""mean_abs_shap"": 0.004961581051606351, ""normalized_importance"": 0.02933324157585478}, {""feature"": ""precipitation_sum_7d"", ""human_label"": ""Lượng mưa — 7 ngày gần đây"", ""feature_group"": ""WEATHER_7D"", ""mean_abs_shap"": 0.0043865825051162596, ""normalized_importance"": 0.02593380677986399}]",DEMOGRAPHIC,0.3506590438640886,0.11901204604482513,0.5303289100910864,0.013018206743909983,0.0010348438829597712,0.33660599323721885,1.3322676295501878e-15
287,Hậu quả của các nguyên nhân bên ngoài khác và không xác định - Other and unspecified effects of external causes,"[{""feature"": ""age_group"", ""human_label"": ""Nhóm tuổi"", ""feature_group"": ""DEMOGRAPHIC"", ""mean_abs_shap"": 0.8154142877444218, ""normalized_importance"": 0.6573701293359714}, {""feature"": ""gender"", ""human_label"": ""Giới tính"", ""feature_group"": ""DEMOGRAPHIC"", ""mean_abs_shap"": 0.05678906476771893, ""normalized_importance"": 0.04578216915292165}, {""feature"": ""wind_speed_mean_7d"", ""human_label"": ""Gió — 7 ngày gần đây"", ""feature_group"": ""WEATHER_7D"", ""mean_abs_shap"": 0.040039305448480764, ""normalized_importance"": 0.032278859711911294}, {""feature"": ""temperature_min_7d"", ""human_label"": ""Nhiệt độ — 7 ngày gần đây"", ""feature_group"": ""WEATHER_7D"", ""mean_abs_shap"": 0.039176113527900014, ""normalized_importance"": 0.031582972243415296}, {""feature"": ""wind_speed_max_7d"", ""human_label"": ""Gió — 7 ngày gần đây"", ""feature_group"": ""WEATHER_7D"", ""mean_abs_shap"": 0.0363266264154492, ""normalized_importance"": 0.029285774684080782}, {""feature"": ""day_of_year_cos"", ""human_label"": ""Thời điểm trong năm"", ""feature_group"": ""SEASONAL_CALENDAR"", ""mean_abs_shap"": 0.03547936842989173, ""normalized_importance"": 0.02860273282435632}, {""feature"": ""month"", ""human_label"": ""Yếu tố mùa vụ theo tháng"", ""feature_group"": ""SEASONAL_CALENDAR"", ""mean_abs_shap"": 0.029755979304651636, ""normalized_importance"": 0.02398865491813446}, {""feature"": ""day_of_year_sin"", ""human_label"": ""Thời điểm trong năm"", ""feature_group"": ""SEASONAL_CALENDAR"", ""mean_abs_shap"": 0.02451667641762773, ""normalized_importance"": 0.01976483732229568}, {""feature"": ""humidity_max_7d"", ""human_label"": ""Độ ẩm — 7 ngày gần đây"", ""feature_group"": ""WEATHER_7D"", ""mean_abs_shap"": 0.024016952576986716, ""normalized_importance"": 0.019361970300351354}, {""feature"": ""temperature_mean_7d"", ""human_label"": ""Nhiệt độ — 7 ngày gần đây"", ""feature_group"": ""WEATHER_7D"", ""mean_abs_shap"": 0.02110072479316465, ""normalized_importance"": 0.017010967792500855}]",DEMOGRAPHIC,0.22449147644632073,0.07235622506478646,0.703152298488893,0.007079109341938937,0.035021741332416305,0.1823906257719655,2.886579864025407e-15
288,"Một số biến chứng sớm của chấn thương, của chăm sóc ngoại khoa và y học, chưa xếp ở nơi khác - Certain early complications of trauma and complications of surgical and medical care, not elsewhere classified","[{""feature"": ""age_group"", ""human_label"": ""Nhóm tuổi"", ""feature_group"": ""DEMOGRAPHIC"", ""mean_abs_shap"": 0.7724039084676616, ""normalized_importance"": 0.5980353858815581}, {""feature"": ""gender"", ""human_label"": ""Giới tính"", ""feature_group"": ""DEMOGRAPHIC"", ""mean_abs_shap"": 0.129974520732993, ""normalized_importance"": 0.10063305196827647}, {""feature"": ""day_of_year_cos"", ""human_label"": ""Thời điểm trong năm"", ""feature_group"": ""SEASONAL_CALENDAR"", ""mean_abs_shap"": 0.08918118334193682, ""normalized_importance"": 0.06904872283605502}, {""feature"": ""temperature_min_7d"", ""human_label"": ""Nhiệt độ — 7 ngày gần đây"", ""feature_group"": ""WEATHER_7D"", ""mean_abs_shap"": 0.04980453725250718, ""normalized_importance"": 0.038561269988320594}, {""feature"": ""temperature_max_7d"", ""human_label"": ""Nhiệt độ — 7 ngày gần đây"", ""feature_group"": ""WEATHER_7D"", ""mean_abs_shap"": 0.045139571457789116, ""normalized_importance"": 0.03494941019762757}, {""feature"": ""wind_speed_max_7d"", ""human_label"": ""Gió — 7 ngày gần đây"", ""feature_group"": ""WEATHER_7D"", ""mean_abs_shap"": 0.03135165170854909, ""normalized_importance"": 0.02427408370413671}, {""feature"": ""day_of_year_sin"", ""human_label"": ""Thời điểm trong năm"", ""feature_group"": ""SEASONAL_CALENDAR"", ""mean_abs_shap"": 0.02989869534999934, ""normalized_importance"": 0.023149129121400103}, {""feature"": ""wind_speed_mean_7d"", ""human_label"": ""Gió — 7 ngày gần đây"", ""feature_group"": ""WEATHER_7D"", ""mean_abs_shap"": 0.028382161833142787, ""normalized_importance"": 0.021974949787229116}, {""feature"": ""rain_days_7d"", ""human_label"": ""Lượng mưa — 7 ngày gần đây"", ""feature_group"": ""WEATHER_7D"", ""mean_abs_shap"": 0.024165419430366993, ""normalized_importance"": 0.01871012792089501}, {""feature"": ""humidity_max_7d"", ""human_label"": ""Độ ẩm — 7 ngày gần đây"", ""feature_group"": ""WEATHER_7D"", ""mean_abs_shap"": 0.015066472028465835, ""normalized_importance"": 0.011665248343049398}]",DEMOGRAPHIC,0.20542552126544714,0.09590604088471782,0.6986684378498346,0.0037054227119268763,0.01821391988446759,0.18350617866905267,2.6645352591003757e-15
289,"Di chứng, thương tổn do chấn thương, do ngộ độc và hậu quả khác do nguyên nhân bên ngoài - Sequalae of injuries, of poisoning and of other consequences of external causes","[{""feature"": ""day_of_year_cos"", ""human_label"": ""Thời điểm trong năm"", ""feature_group"": ""SEASONAL_CALENDAR"", ""mean_abs_shap"": 0.4199249147408337, ""normalized_importance"": 0.29404774969053143}, {""feature"": ""age_group"", ""human_label"": ""Nhóm tuổi"", ""feature_group"": ""DEMOGRAPHIC"", ""mean_abs_shap"": 0.1906220899679503, ""normalized_importance"": 0.13348099774212155}, {""feature"": ""wind_speed_max_7d"", ""human_label"": ""Gió — 7 ngày gần đây"", ""feature_group"": ""WEATHER_7D"", ""mean_abs_shap"": 0.1497771192901326, ""normalized_importance"": 0.10487976144395975}, {""feature"": ""wind_gust_max_7d"", ""human_label"": ""Gió — 7 ngày gần đây"", ""feature_group"": ""WEATHER_7D"", ""mean_abs_shap"": 0.11041608843996266, ""normalized_importance"": 0.07731763750059899}, {""feature"": ""humidity_min_7d"", ""human_label"": ""Độ ẩm — 7 ngày gần đây"", ""feature_group"": ""WEATHER_7D"", ""mean_abs_shap"": 0.10786366587356924, ""normalized_importance"": 0.07553033199535045}, {""feature"": ""temperature_min_7d"", ""human_label"": ""Nhiệt độ — 7 ngày gần đây"", ""feature_group"": ""WEATHER_7D"", ""mean_abs_shap"": 0.0740239392924541, ""normalized_importance"": 0.05183443993936005}, {""feature"": ""temperature_mean_7d"", ""human_label"": ""Nhiệt độ — 7 ngày gần đây"", ""feature_group"": ""WEATHER_7D"", ""mean_abs_shap"": 0.05621101091738673, ""normalized_importance"": 0.03936113502169439}, {""feature"": ""humidity_max_7d"", ""human_label"": ""Độ ẩm — 7 ngày gần đây"", ""feature_group"": ""WEATHER_7D"", ""mean_abs_shap"": 0.04901112360093972, ""normalized_importance"": 0.03431949403039178}, {""feature"": ""gender"", ""human_label"": ""Giới tính"", ""feature_group"": ""DEMOGRAPHIC"", ""mean_abs_shap"": 0.045783809592001616, ""normalized_importance"": 0.0320596033009773}, {""feature"": ""temperature_min_3d"", ""human_label"": ""Nhiệt độ — 3 ngày gần đây"", ""feature_group"": ""WEATHER_3D"", ""mean_abs_shap"": 0.04545914332555231, ""normalized_importance"": 0.03183225935995688}]",WEATHER_7D,0.5241664655550933,0.31029293340180786,0.16554060104309884,0.022995731267839437,0.07092673838331032,0.4302439959039435,3.552713678800501e-15
290,Tai nạn giao thông - Transport accidént,"[{""feature"": ""age_group"", ""human_label"": ""Nhóm tuổi"", ""feature_group"": ""DEMOGRAPHIC"", ""mean_abs_shap"": 0.7453354549897213, ""normalized_importance"": 0.20629661274817457}, {""feature"": ""day_of_year_cos"", ""human_label"": ""Thời điểm trong năm"", ""feature_group"": ""SEASONAL_CALENDAR"", ""mean_abs_shap"": 0.2695690263671467, ""normalized_importance"": 0.07461227916781799}, {""feature"": ""wind_speed_mean_7d"", ""human_label"": ""Gió — 7 ngày gần đây"", ""feature_group"": ""WEATHER_7D"", ""mean_abs_shap"": 0.25579918844689353, ""normalized_importance"": 0.07080101418367904}, {""feature"": ""day_of_year_sin"", ""human_label"": ""Thời điểm trong năm"", ""feature_group"": ""SEASONAL_CALENDAR"", ""mean_abs_shap"": 0.2179320879666351, ""normalized_importance"": 0.06032002269001687}, {""feature"": ""month"", ""human_label"": ""Yếu tố mùa vụ theo tháng"", ""feature_group"": ""SEASONAL_CALENDAR"", ""mean_abs_shap"": 0.20694142579188313, ""normalized_importance"": 0.057277987907783025}, {""feature"": ""gender"", ""human_label"": ""Giới tính"", ""feature_group"": ""DEMOGRAPHIC"", ""mean_abs_shap"": 0.18513543853032358, ""normalized_importance"": 0.05124244876956825}, {""feature"": ""rain_max_daily_7d"", ""human_label"": ""Lượng mưa — 7 ngày gần đây"", ""feature_group"": ""WEATHER_7D"", ""mean_abs_shap"": 0.141096179505626, ""normalized_importance"": 0.039053105160709776}, {""feature"": ""wind_gust_max_7d"", ""human_label"": ""Gió — 7 ngày gần đây"", ""feature_group"": ""WEATHER_7D"", ""mean_abs_shap"": 0.14017617600466356, ""normalized_importance"": 0.03879846330153828}, {""feature"": ""humidity_mean_7d"", ""human_label"": ""Độ ẩm — 7 ngày gần đây"", ""feature_group"": ""WEATHER_7D"", ""mean_abs_shap"": 0.11667183152875146, ""normalized_importance"": 0.03229284677976178}, {""feature"": ""humidity_min_current"", ""human_label"": ""Độ ẩm — hiện tại"", ""feature_group"": ""WEATHER_CURRENT"", ""mean_abs_shap"": 0.10484754707428558, ""normalized_importance"": 0.02902007904169564}]",WEATHER_7D,0.5336202086652213,0.20884072981703597,0.2575390615177428,0.0924709781144996,0.13354389500336933,0.3076053355473523,1.4210854715202004e-14
291,Tai nạn do các nguyên nhân sức mạnh cơ học và không cố ý - exposure to inanimate mechanical forces,"[{""feature"": ""age_group"", ""human_label"": ""Nhóm tuổi"", ""feature_group"": ""DEMOGRAPHIC"", ""mean_abs_shap"": 0.6547860056207105, ""normalized_importance"": 0.499778701303638}, {""feature"": ""gender"", ""human_label"": ""Giới tính"", ""feature_group"": ""DEMOGRAPHIC"", ""mean_abs_shap"": 0.12769007744761457, ""normalized_importance"": 0.0974620418401185}, {""feature"": ""day_of_year_sin"", ""human_label"": ""Thời điểm trong năm"", ""feature_group"": ""SEASONAL_CALENDAR"", ""mean_abs_shap"": 0.09915799266428489, ""normalized_importance"": 0.07568434934808035}, {""feature"": ""day_of_year_cos"", ""human_label"": ""Thời điểm trong năm"", ""feature_group"": ""SEASONAL_CALENDAR"", ""mean_abs_shap"": 0.08891713909010102, ""normalized_importance"": 0.06786781011906227}, {""feature"": ""rain_max_daily_7d"", ""human_label"": ""Lượng mưa — 7 ngày gần đây"", ""feature_group"": ""WEATHER_7D"", ""mean_abs_shap"": 0.04194729324314902, ""normalized_importance"": 0.03201712248017659}, {""feature"": ""temperature_min_7d"", ""human_label"": ""Nhiệt độ — 7 ngày gần đây"", ""feature_group"": ""WEATHER_7D"", ""mean_abs_shap"": 0.03974118294800431, ""normalized_importance"": 0.030333264045855252}, {""feature"": ""humidity_min_7d"", ""human_label"": ""Độ ẩm — 7 ngày gần đây"", ""feature_group"": ""WEATHER_7D"", ""mean_abs_shap"": 0.0383748464714673, ""normalized_importance"": 0.02929038001362838}, {""feature"": ""wind_gust_max_7d"", ""human_label"": ""Gió — 7 ngày gần đây"", ""feature_group"": ""WEATHER_7D"", ""mean_abs_shap"": 0.03597728410325368, ""normalized_importance"": 0.027460391900879417}, {""feature"": ""month"", ""human_label"": ""Yếu tố mùa vụ theo tháng"", ""feature_group"": ""SEASONAL_CALENDAR"", ""mean_abs_shap"": 0.028233969570610754, ""normalized_importance"": 0.021550150008581615}, {""feature"": ""temperature_max_7d"", ""human_label"": ""Nhiệt độ — 7 ngày gần đây"", ""feature_group"": ""WEATHER_7D"", ""mean_abs_shap"": 0.025469256138549442, ""normalized_importance"": 0.019439926398590913}]",DEMOGRAPHIC,0.23765694738051926,0.16510230947572424,0.5972407431437565,0.012283791820056551,0.030982002375792805,0.1943911531846699,3.552713678800501e-15
292,"Tai nạn chết đuối, chết chìm - Accident drowning and submersion","[{""feature"": ""age_group"", ""human_label"": ""Nhóm tuổi"", ""feature_group"": ""DEMOGRAPHIC"", ""mean_abs_shap"": 0.04574088069143432, ""normalized_importance"": 0.3229582337539402}, {""feature"": ""month"", ""human_label"": ""Yếu tố mùa vụ theo tháng"", ""feature_group"": ""SEASONAL_CALENDAR"", ""mean_abs_shap"": 0.02586146713456098, ""normalized_importance"": 0.18259757183965766}, {""feature"": ""precipitation_sum_7d"", ""human_label"": ""Lượng mưa — 7 ngày gần đây"", ""feature_group"": ""WEATHER_7D"", ""mean_abs_shap"": 0.016168942256773712, ""normalized_importance"": 0.11416249433725849}, {""feature"": ""day_of_year_cos"", ""human_label"": ""Thời điểm trong năm"", ""feature_group"": ""SEASONAL_CALENDAR"", ""mean_abs_shap"": 0.016047539330894867, ""normalized_importance"": 0.11330531638349568}, {""feature"": ""temperature_max_current"", ""human_label"": ""Nhiệt độ — hiện tại"", ""feature_group"": ""WEATHER_CURRENT"", ""mean_abs_shap"": 0.014652208367758601, ""normalized_importance"": 0.10345343735220583}, {""feature"": ""day_of_year_sin"", ""human_label"": ""Thời điểm trong năm"", ""feature_group"": ""SEASONAL_CALENDAR"", ""mean_abs_shap"": 0.01269289717272083, ""normalized_importance"": 0.0896195173804328}, {""feature"": ""wind_speed_max_3d"", ""human_label"": ""Gió — 3 ngày gần đây"", ""feature_group"": ""WEATHER_3D"", ""mean_abs_shap"": 0.004354717895176127, ""normalized_importance"": 0.030746937502367042}, {""feature"": ""wind_speed_mean_7d"", ""human_label"": ""Gió — 7 ngày gần đây"", ""feature_group"": ""WEATHER_7D"", ""mean_abs_shap"": 0.0038048501856858446, ""normalized_importance"": 0.02686453949054735}, {""feature"": ""gender"", ""human_label"": ""Giới tính"", ""feature_group"": ""DEMOGRAPHIC"", ""mean_abs_shap"": 0.002307444594848301, ""normalized_importance"": 0.01629195196009497}, {""feature"": ""season"", ""human_label"": ""Mùa mưa / mùa khô"", ""feature_group"": ""SEASONAL_CALENDAR"", ""mean_abs_shap"": 0.0, ""normalized_importance"": 0.0}]",SEASONAL_CALENDAR,0.2752274086823787,0.38552240560358614,0.3392501857140352,0.10345343735220583,0.030746937502367042,0.14102703382780585,1.7763568394002505e-15
296,Tai nạn do tiếp xúc với động vật và cây độc - Contact with venomous animals and plants,"[{""feature"": ""age_group"", ""human_label"": ""Nhóm tuổi"", ""feature_group"": ""DEMOGRAPHIC"", ""mean_abs_shap"": 0.1957737406536791, ""normalized_importance"": 0.3434665010629224}, {""feature"": ""gender"", ""human_label"": ""Giới tính"", ""feature_group"": ""DEMOGRAPHIC"", ""mean_abs_shap"": 0.08566400405611788, ""normalized_importance"": 0.15028938836206412}, {""feature"": ""day_of_year_sin"", ""human_label"": ""Thời điểm trong năm"", ""feature_group"": ""SEASONAL_CALENDAR"", ""mean_abs_shap"": 0.06523142206619015, ""normalized_importance"": 0.11444235688414832}, {""feature"": ""day_of_year_cos"", ""human_label"": ""Thời điểm trong năm"", ""feature_group"": ""SEASONAL_CALENDAR"", ""mean_abs_shap"": 0.045806316245834054, ""normalized_importance"": 0.08036284700392815}, {""feature"": ""humidity_max_7d"", ""human_label"": ""Độ ẩm — 7 ngày gần đây"", ""feature_group"": ""WEATHER_7D"", ""mean_abs_shap"": 0.03203495955648045, ""normalized_importance"": 0.056202304935372316}, {""feature"": ""temperature_min_7d"", ""human_label"": ""Nhiệt độ — 7 ngày gần đây"", ""feature_group"": ""WEATHER_7D"", ""mean_abs_shap"": 0.023795951299712566, ""normalized_importance"": 0.0417477446417806}, {""feature"": ""temperature_min_3d"", ""human_label"": ""Nhiệt độ — 3 ngày gần đây"", ""feature_group"": ""WEATHER_3D"", ""mean_abs_shap"": 0.022873327434718007, ""normalized_importance"": 0.04012908838252566}, {""feature"": ""month"", ""human_label"": ""Yếu tố mùa vụ theo tháng"", ""feature_group"": ""SEASONAL_CALENDAR"", ""mean_abs_shap"": 0.021152310569496232, ""normalized_importance"": 0.03710972715974722}, {""feature"": ""wind_speed_mean_7d"", ""human_label"": ""Gió — 7 ngày gần đây"", ""feature_group"": ""WEATHER_7D"", ""mean_abs_shap"": 0.018418312444234676, ""normalized_importance"": 0.032313186179017225}, {""feature"": ""humidity_min_7d"", ""human_label"": ""Độ ẩm — 7 ngày gần đây"", ""feature_group"": ""WEATHER_7D"", ""mean_abs_shap"": 0.010586452706927344, ""normalized_importance"": 0.018572929432597564}]",DEMOGRAPHIC,0.2743291795271897,0.23191493104782368,0.49375588942498655,0.016020923708537048,0.0823931185169299,0.17591513730172278,1.3322676295501878e-15
297,Tai nạn ngộ độc do các chất độc - Accident poisoning by and exposure to noxious substances,"[{""feature"": ""age_group"", ""human_label"": ""Nhóm tuổi"", ""feature_group"": ""DEMOGRAPHIC"", ""mean_abs_shap"": 0.8375512847834321, ""normalized_importance"": 0.259769516124294}, {""feature"": ""gender"", ""human_label"": ""Giới tính"", ""feature_group"": ""DEMOGRAPHIC"", ""mean_abs_shap"": 0.3143140087893713, ""normalized_importance"": 0.09748561008465809}, {""feature"": ""day_of_year_cos"", ""human_label"": ""Thời điểm trong năm"", ""feature_group"": ""SEASONAL_CALENDAR"", ""mean_abs_shap"": 0.2565353442977407, ""normalized_importance"": 0.0795653513614209}, {""feature"": ""day_of_year_sin"", ""human_label"": ""Thời điểm trong năm"", ""feature_group"": ""SEASONAL_CALENDAR"", ""mean_abs_shap"": 0.18177265503021642, ""normalized_importance"": 0.05637743682052506}, {""feature"": ""temperature_min_7d"", ""human_label"": ""Nhiệt độ — 7 ngày gần đây"", ""feature_group"": ""WEATHER_7D"", ""mean_abs_shap"": 0.17517598693866432, ""normalized_importance"": 0.05433145670049199}, {""feature"": ""wind_speed_max_7d"", ""human_label"": ""Gió — 7 ngày gần đây"", ""feature_group"": ""WEATHER_7D"", ""mean_abs_shap"": 0.15390045971775945, ""normalized_importance"": 0.04773277610400438}, {""feature"": ""humidity_mean_7d"", ""human_label"": ""Độ ẩm — 7 ngày gần đây"", ""feature_group"": ""WEATHER_7D"", ""mean_abs_shap"": 0.12960834858387427, ""normalized_importance"": 0.0401984912553833}, {""feature"": ""temperature_mean_7d"", ""human_label"": ""Nhiệt độ — 7 ngày gần đây"", ""feature_group"": ""WEATHER_7D"", ""mean_abs_shap"": 0.12426062787611472, ""normalized_importance"": 0.038539876617854844}, {""feature"": ""temperature_min_3d"", ""human_label"": ""Nhiệt độ — 3 ngày gần đây"", ""feature_group"": ""WEATHER_3D"", ""mean_abs_shap"": 0.11594733525347307, ""normalized_importance"": 0.03596147928121691}, {""feature"": ""wind_gust_max_7d"", ""human_label"": ""Gió — 7 ngày gần đây"", ""feature_group"": ""WEATHER_7D"", ""mean_abs_shap"": 0.11401243308464813, ""normalized_importance"": 0.035361362477296696}]",DEMOGRAPHIC,0.49767885804080286,0.14506601575024522,0.35725512620895206,0.04256283528892135,0.11027195151670727,0.34484407123517424,1.4210854715202004e-14
299,Bạo lực đánh nhau - Assault,"[{""feature"": ""age_group"", ""human_label"": ""Nhóm tuổi"", ""feature_group"": ""DEMOGRAPHIC"", ""mean_abs_shap"": 0.7836548654297155, ""normalized_importance"": 0.4561273364945512}, {""feature"": ""day_of_year_sin"", ""human_label"": ""Thời điểm trong năm"", ""feature_group"": ""SEASONAL_CALENDAR"", ""mean_abs_shap"": 0.18314380093818436, ""normalized_importance"": 0.10659908819887826}, {""feature"": ""temperature_mean_7d"", ""human_label"": ""Nhiệt độ — 7 ngày gần đây"", ""feature_group"": ""WEATHER_7D"", ""mean_abs_shap"": 0.10092322187104727, ""normalized_importance"": 0.05874249291778067}, {""feature"": ""month"", ""human_label"": ""Yếu tố mùa vụ theo tháng"", ""feature_group"": ""SEASONAL_CALENDAR"", ""mean_abs_shap"": 0.08879180049391619, ""normalized_importance"": 0.051681383282980414}, {""feature"": ""wind_gust_max_7d"", ""human_label"": ""Gió — 7 ngày gần đây"", ""feature_group"": ""WEATHER_7D"", ""mean_abs_shap"": 0.08319111228915492, ""normalized_importance"": 0.048421495408777805}, {""feature"": ""wind_speed_mean_7d"", ""human_label"": ""Gió — 7 ngày gần đây"", ""feature_group"": ""WEATHER_7D"", ""mean_abs_shap"": 0.07126187020833137, ""normalized_importance"": 0.041478064497082946}, {""feature"": ""day_of_year_cos"", ""human_label"": ""Thời điểm trong năm"", ""feature_group"": ""SEASONAL_CALENDAR"", ""mean_abs_shap"": 0.06997417981762499, ""normalized_importance"": 0.040728562625719646}, {""feature"": ""temperature_min_7d"", ""human_label"": ""Nhiệt độ — 7 ngày gần đây"", ""feature_group"": ""WEATHER_7D"", ""mean_abs_shap"": 0.05827756713069258, ""normalized_importance"": 0.033920533956142834}, {""feature"": ""wind_speed_max_7d"", ""human_label"": ""Gió — 7 ngày gần đây"", ""feature_group"": ""WEATHER_7D"", ""mean_abs_shap"": 0.046685732664593325, ""normalized_importance"": 0.02717349158665754}, {""feature"": ""temperature_max_3d"", ""human_label"": ""Nhiệt độ — 3 ngày gần đây"", ""feature_group"": ""WEATHER_3D"", ""mean_abs_shap"": 0.026533529366457267, ""normalized_importance"": 0.015443875373740756}]",DEMOGRAPHIC,0.3306594892300144,0.1990090341075783,0.47033147666240716,0.0074143373967720345,0.06209789634024296,0.26114725549299944,4.440892098500626e-15
300,Tai biến của thuốc và các chất sinh học trong điều trị - Drugs medicament and biological substances causing adverseeffects in therapeutic use.,"[{""feature"": ""age_group"", ""human_label"": ""Nhóm tuổi"", ""feature_group"": ""DEMOGRAPHIC"", ""mean_abs_shap"": 1.8937394681764135, ""normalized_importance"": 0.7188241840073122}, {""feature"": ""gender"", ""human_label"": ""Giới tính"", ""feature_group"": ""DEMOGRAPHIC"", ""mean_abs_shap"": 0.19684682212738114, ""normalized_importance"": 0.07471896671531263}, {""feature"": ""temperature_min_7d"", ""human_label"": ""Nhiệt độ — 7 ngày gần đây"", ""feature_group"": ""WEATHER_7D"", ""mean_abs_shap"": 0.10461169220792639, ""normalized_importance"": 0.039708426397955646}, {""feature"": ""month"", ""human_label"": ""Yếu tố mùa vụ theo tháng"", ""feature_group"": ""SEASONAL_CALENDAR"", ""mean_abs_shap"": 0.05619140600682001, ""normalized_importance"": 0.021329091065505127}, {""feature"": ""wind_speed_max_7d"", ""human_label"": ""Gió — 7 ngày gần đây"", ""feature_group"": ""WEATHER_7D"", ""mean_abs_shap"": 0.045262234604876946, ""normalized_importance"": 0.017180604514478708}, {""feature"": ""humidity_max_7d"", ""human_label"": ""Độ ẩm — 7 ngày gần đây"", ""feature_group"": ""WEATHER_7D"", ""mean_abs_shap"": 0.043496932580121356, ""normalized_importance"": 0.016510532517355826}, {""feature"": ""wind_speed_mean_7d"", ""human_label"": ""Gió — 7 ngày gần đây"", ""feature_group"": ""WEATHER_7D"", ""mean_abs_shap"": 0.03188841565706838, ""normalized_importance"": 0.012104180511193125}, {""feature"": ""day_of_year_sin"", ""human_label"": ""Thời điểm trong năm"", ""feature_group"": ""SEASONAL_CALENDAR"", ""mean_abs_shap"": 0.03157919571779667, ""normalized_importance"": 0.011986807042317903}, {""feature"": ""rain_max_daily_7d"", ""human_label"": ""Lượng mưa — 7 ngày gần đây"", ""feature_group"": ""WEATHER_7D"", ""mean_abs_shap"": 0.03106823587456743, ""normalized_importance"": 0.011792857294455571}, {""feature"": ""humidity_min_7d"", ""human_label"": ""Độ ẩm — 7 ngày gần đây"", ""feature_group"": ""WEATHER_7D"", ""mean_abs_shap"": 0.02880995783979781, ""normalized_importance"": 0.010935661839175718}]",DEMOGRAPHIC,0.16334831414129436,0.04310853513608094,0.7935431507226248,0.012504259664362593,0.011524577810676206,0.13931947666625555,7.327471962526033e-15
304,Người tiếp xúc với các dịch vụ y tế làm các khám xét và điều tra - Person encountering health services for examination and investigation,"[{""feature"": ""age_group"", ""human_label"": ""Nhóm tuổi"", ""feature_group"": ""DEMOGRAPHIC"", ""mean_abs_shap"": 0.03801647651509872, ""normalized_importance"": 0.3619900109320331}, {""feature"": ""day_of_year_sin"", ""human_label"": ""Thời điểm trong năm"", ""feature_group"": ""SEASONAL_CALENDAR"", ""mean_abs_shap"": 0.021386986766056874, ""normalized_importance"": 0.20364526865537874}, {""feature"": ""month"", ""human_label"": ""Yếu tố mùa vụ theo tháng"", ""feature_group"": ""SEASONAL_CALENDAR"", ""mean_abs_shap"": 0.010883950772108398, ""normalized_importance"": 0.10363615516589118}, {""feature"": ""humidity_mean_7d"", ""human_label"": ""Độ ẩm — 7 ngày gần đây"", ""feature_group"": ""WEATHER_7D"", ""mean_abs_shap"": 0.007815887378123236, ""normalized_importance"": 0.0744222878289809}, {""feature"": ""day_of_year_cos"", ""human_label"": ""Thời điểm trong năm"", ""feature_group"": ""SEASONAL_CALENDAR"", ""mean_abs_shap"": 0.007723514988777954, ""normalized_importance"": 0.07354272493167673}, {""feature"": ""temperature_max_7d"", ""human_label"": ""Nhiệt độ — 7 ngày gần đây"", ""feature_group"": ""WEATHER_7D"", ""mean_abs_shap"": 0.006297577138375987, ""normalized_importance"": 0.05996505268605442}, {""feature"": ""temperature_min_7d"", ""human_label"": ""Nhiệt độ — 7 ngày gần đây"", ""feature_group"": ""WEATHER_7D"", ""mean_abs_shap"": 0.005260285179896679, ""normalized_importance"": 0.05008803719671773}, {""feature"": ""rain_max_daily_7d"", ""human_label"": ""Lượng mưa — 7 ngày gần đây"", ""feature_group"": ""WEATHER_7D"", ""mean_abs_shap"": 0.0044059736678042465, ""normalized_importance"": 0.04195334766338136}, {""feature"": ""wind_gust_max_3d"", ""human_label"": ""Gió — 3 ngày gần đây"", ""feature_group"": ""WEATHER_3D"", ""mean_abs_shap"": 0.002166596662060594, ""normalized_importance"": 0.020630169370723553}, {""feature"": ""gender"", ""human_label"": ""Giới tính"", ""feature_group"": ""DEMOGRAPHIC"", ""mean_abs_shap"": 0.0010635398126276577, ""normalized_importance"": 0.01012694556916221}]",SEASONAL_CALENDAR,0.24705889474585796,0.3808241487529467,0.3721169565011953,0.0,0.020630169370723553,0.2264287253751344,1.3322676295501878e-15
306,Người có nguy cơ liên quan đến bệnh truyền nhiễm - Other persons with potential health hazards related to communicable diseases,"[{""feature"": ""day_of_year_cos"", ""human_label"": ""Thời điểm trong năm"", ""feature_group"": ""SEASONAL_CALENDAR"", ""mean_abs_shap"": 0.26721092784458905, ""normalized_importance"": 0.44182724596658535}, {""feature"": ""day_of_year_sin"", ""human_label"": ""Thời điểm trong năm"", ""feature_group"": ""SEASONAL_CALENDAR"", ""mean_abs_shap"": 0.0848136131053485, ""normalized_importance"": 0.14023739747876646}, {""feature"": ""gender"", ""human_label"": ""Giới tính"", ""feature_group"": ""DEMOGRAPHIC"", ""mean_abs_shap"": 0.05412595790132538, ""normalized_importance"": 0.08949605133198218}, {""feature"": ""rain_max_daily_7d"", ""human_label"": ""Lượng mưa — 7 ngày gần đây"", ""feature_group"": ""WEATHER_7D"", ""mean_abs_shap"": 0.04777129646394727, ""normalized_importance"": 0.07898876188624597}, {""feature"": ""age_group"", ""human_label"": ""Nhóm tuổi"", ""feature_group"": ""DEMOGRAPHIC"", ""mean_abs_shap"": 0.03191725063363754, ""normalized_importance"": 0.052774454473235664}, {""feature"": ""wind_speed_mean_7d"", ""human_label"": ""Gió — 7 ngày gần đây"", ""feature_group"": ""WEATHER_7D"", ""mean_abs_shap"": 0.030595116698650476, ""normalized_importance"": 0.05058833581406898}, {""feature"": ""temperature_mean_7d"", ""human_label"": ""Nhiệt độ — 7 ngày gần đây"", ""feature_group"": ""WEATHER_7D"", ""mean_abs_shap"": 0.022228337702930215, ""normalized_importance"": 0.036754055340928474}, {""feature"": ""temperature_max_7d"", ""human_label"": ""Nhiệt độ — 7 ngày gần đây"", ""feature_group"": ""WEATHER_7D"", ""mean_abs_shap"": 0.013878697543539278, ""normalized_importance"": 0.02294811354733052}, {""feature"": ""humidity_max_7d"", ""human_label"": ""Độ ẩm — 7 ngày gần đây"", ""feature_group"": ""WEATHER_7D"", ""mean_abs_shap"": 0.010638207261068304, ""normalized_importance"": 0.017590035909434153}, {""feature"": ""temperature_min_7d"", ""human_label"": ""Nhiệt độ — 7 ngày gần đây"", ""feature_group"": ""WEATHER_7D"", ""mean_abs_shap"": 0.007391418648022528, ""normalized_importance"": 0.012221544123903558}]",SEASONAL_CALENDAR,0.2756648507494302,0.5820646434453518,0.14227050580521786,0.018017306632781057,0.02686661008202004,0.2307809340346291,7.993605777301127e-15
311,Bệnh do tiếp xúc với dịch vụ y tế phải chăm sóc và khám xét đặc biệt - Persons encountering health services for specific procedures and health care,"[{""feature"": ""age_group"", ""human_label"": ""Nhóm tuổi"", ""feature_group"": ""DEMOGRAPHIC"", ""mean_abs_shap"": 1.0789173383632629, ""normalized_importance"": 0.5321162464730058}, {""feature"": ""gender"", ""human_label"": ""Giới tính"", ""feature_group"": ""DEMOGRAPHIC"", ""mean_abs_shap"": 0.2141090299136683, ""normalized_importance"": 0.10559742556966684}, {""feature"": ""temperature_min_7d"", ""human_label"": ""Nhiệt độ — 7 ngày gần đây"", ""feature_group"": ""WEATHER_7D"", ""mean_abs_shap"": 0.12637598054885174, ""normalized_importance"": 0.062327956019332366}, {""feature"": ""humidity_max_7d"", ""human_label"": ""Độ ẩm — 7 ngày gần đây"", ""feature_group"": ""WEATHER_7D"", ""mean_abs_shap"": 0.06392218287400679, ""normalized_importance"": 0.031526077863274916}, {""feature"": ""weather_code_current"", ""human_label"": ""Trạng thái thời tiết — hiện tại"", ""feature_group"": ""WEATHER_CURRENT"", ""mean_abs_shap"": 0.05050464356627119, ""normalized_importance"": 0.024908619417229994}, {""feature"": ""wind_gust_max_7d"", ""human_label"": ""Gió — 7 ngày gần đây"", ""feature_group"": ""WEATHER_7D"", ""mean_abs_shap"": 0.04794623672681113, ""normalized_importance"": 0.023646826881362902}, {""feature"": ""day_of_year_sin"", ""human_label"": ""Thời điểm trong năm"", ""feature_group"": ""SEASONAL_CALENDAR"", ""mean_abs_shap"": 0.04673462522013998, ""normalized_importance"": 0.023049266582543897}, {""feature"": ""rain_max_daily_7d"", ""human_label"": ""Lượng mưa — 7 ngày gần đây"", ""feature_group"": ""WEATHER_7D"", ""mean_abs_shap"": 0.04432402049989371, ""normalized_importance"": 0.021860369259405623}, {""feature"": ""wind_speed_max_7d"", ""human_label"": ""Gió — 7 ngày gần đây"", ""feature_group"": ""WEATHER_7D"", ""mean_abs_shap"": 0.03916341522971983, ""normalized_importance"": 0.019315186409661518}, {""feature"": ""wind_speed_mean_3d"", ""human_label"": ""Gió — 3 ngày gần đây"", ""feature_group"": ""WEATHER_3D"", ""mean_abs_shap"": 0.036863877121928554, ""normalized_importance"": 0.01818106654428259}]",DEMOGRAPHIC,0.31820481756407537,0.04408151039325165,0.6377136720426726,0.041227618512138804,0.04255873969493286,0.23441845935700373,3.552713678800501e-15
312,Bệnh do tiếp xúc với dịch vụ y tế vì những lý do khác - Person encoutering health services for other reasons,"[{""feature"": ""age_group"", ""human_label"": ""Nhóm tuổi"", ""feature_group"": ""DEMOGRAPHIC"", ""mean_abs_shap"": 0.6914158677944736, ""normalized_importance"": 0.49253310163440384}, {""feature"": ""day_of_year_sin"", ""human_label"": ""Thời điểm trong năm"", ""feature_group"": ""SEASONAL_CALENDAR"", ""mean_abs_shap"": 0.12346947793040024, ""normalized_importance"": 0.08795401979452035}, {""feature"": ""wind_speed_max_7d"", ""human_label"": ""Gió — 7 ngày gần đây"", ""feature_group"": ""WEATHER_7D"", ""mean_abs_shap"": 0.1133017409866543, ""normalized_importance"": 0.0807109881448699}, {""feature"": ""day_of_year_cos"", ""human_label"": ""Thời điểm trong năm"", ""feature_group"": ""SEASONAL_CALENDAR"", ""mean_abs_shap"": 0.08439843674397234, ""normalized_importance"": 0.06012159361514726}, {""feature"": ""temperature_min_7d"", ""human_label"": ""Nhiệt độ — 7 ngày gần đây"", ""feature_group"": ""WEATHER_7D"", ""mean_abs_shap"": 0.055146944521129226, ""normalized_importance"": 0.03928416586286114}, {""feature"": ""gender"", ""human_label"": ""Giới tính"", ""feature_group"": ""DEMOGRAPHIC"", ""mean_abs_shap"": 0.05435711204496106, ""normalized_importance"": 0.03872152526206092}, {""feature"": ""rain_max_daily_7d"", ""human_label"": ""Lượng mưa — 7 ngày gần đây"", ""feature_group"": ""WEATHER_7D"", ""mean_abs_shap"": 0.04011297910029004, ""normalized_importance"": 0.028574655185574532}, {""feature"": ""wind_speed_mean_7d"", ""human_label"": ""Gió — 7 ngày gần đây"", ""feature_group"": ""WEATHER_7D"", ""mean_abs_shap"": 0.029061368780008166, ""normalized_importance"": 0.02070199249059389}, {""feature"": ""wind_gust_max_7d"", ""human_label"": ""Gió — 7 ngày gần đây"", ""feature_group"": ""WEATHER_7D"", ""mean_abs_shap"": 0.02699050722668477, ""normalized_importance"": 0.01922680525318296}, {""feature"": ""month"", ""human_label"": ""Yếu tố mùa vụ theo tháng"", ""feature_group"": ""SEASONAL_CALENDAR"", ""mean_abs_shap"": 0.02066729591204381, ""normalized_importance"": 0.014722438162181176}]",DEMOGRAPHIC,0.3059473215316865,0.1627980515718488,0.5312546268964647,0.017591670830581576,0.03147478451409484,0.2568808661870101,3.9968028886505635e-15
313,COVID-19 * U07.1 là bệnh nhân COVID-19 có kết quả xét nghiệm SARS-CoV-2 dương tính cập nhật theo hướng dẫn chẩn đoán và điều trị của Bộ Y tế.,"[{""feature"": ""age_group"", ""human_label"": ""Nhóm tuổi"", ""feature_group"": ""DEMOGRAPHIC"", ""mean_abs_shap"": 0.31696289695639535, ""normalized_importance"": 0.30743884691608275}, {""feature"": ""temperature_min_7d"", ""human_label"": ""Nhiệt độ — 7 ngày gần đây"", ""feature_group"": ""WEATHER_7D"", ""mean_abs_shap"": 0.12466906846153178, ""normalized_importance"": 0.12092303238630582}, {""feature"": ""day_of_year_cos"", ""human_label"": ""Thời điểm trong năm"", ""feature_group"": ""SEASONAL_CALENDAR"", ""mean_abs_shap"": 0.11874595826132826, ""normalized_importance"": 0.11517789884672319}, {""feature"": ""rain_max_daily_7d"", ""human_label"": ""Lượng mưa — 7 ngày gần đây"", ""feature_group"": ""WEATHER_7D"", ""mean_abs_shap"": 0.09473311296529, ""normalized_importance"": 0.09188658765579887}, {""feature"": ""day_of_year_sin"", ""human_label"": ""Thời điểm trong năm"", ""feature_group"": ""SEASONAL_CALENDAR"", ""mean_abs_shap"": 0.08307911532260383, ""normalized_importance"": 0.08058276745591256}, {""feature"": ""rain_days_7d"", ""human_label"": ""Lượng mưa — 7 ngày gần đây"", ""feature_group"": ""WEATHER_7D"", ""mean_abs_shap"": 0.0612317714080347, ""normalized_importance"": 0.059391889009978084}, {""feature"": ""month"", ""human_label"": ""Yếu tố mùa vụ theo tháng"", ""feature_group"": ""SEASONAL_CALENDAR"", ""mean_abs_shap"": 0.045773141359174985, ""normalized_importance"": 0.04439775738523605}, {""feature"": ""wind_speed_max_7d"", ""human_label"": ""Gió — 7 ngày gần đây"", ""feature_group"": ""WEATHER_7D"", ""mean_abs_shap"": 0.04430820417323776, ""normalized_importance"": 0.04297683839574628}, {""feature"": ""temperature_max_7d"", ""human_label"": ""Nhiệt độ — 7 ngày gần đây"", ""feature_group"": ""WEATHER_7D"", ""mean_abs_shap"": 0.03711668654353641, ""normalized_importance"": 0.036001410328668056}, {""feature"": ""wind_gust_max_7d"", ""human_label"": ""Gió — 7 ngày gần đây"", ""feature_group"": ""WEATHER_7D"", ""mean_abs_shap"": 0.03441135137033532, ""normalized_importance"": 0.0333773646307109}]",WEATHER_7D,0.4350348155875605,0.25147159286672244,0.31349359154571704,0.004269160356336682,0.019905055450451993,0.41086059978077183,1.5543122344752192e-15
