tree
version=v4
num_class=1
num_tree_per_iteration=1
label_index=0
max_feature_idx=44
objective=binary sigmoid:1
feature_names=age_group gender month season day_of_year_sin day_of_year_cos weather_code_current temperature_mean_current temperature_max_current temperature_min_current humidity_mean_current humidity_max_current humidity_min_current wind_speed_mean_current wind_speed_max_current precipitation_sum_current rain_sum_current wind_gust_max_current rain_day_current temperature_mean_3d temperature_max_3d temperature_min_3d humidity_mean_3d humidity_max_3d humidity_min_3d wind_speed_mean_3d wind_speed_max_3d precipitation_sum_3d rain_sum_3d rain_days_3d rain_max_daily_3d wind_gust_max_3d temperature_mean_7d temperature_max_7d temperature_min_7d humidity_mean_7d humidity_max_7d humidity_min_7d wind_speed_mean_7d wind_speed_max_7d precipitation_sum_7d rain_sum_7d rain_days_7d rain_max_daily_7d wind_gust_max_7d
feature_infos=-1:0:1:2:3:4:5 -1:0:1 [1:12] -1:1:0 [-0.99999942202469239:0.99998555065071859] [-0.99997919295908244:0.9999907524084426] [0:61] [23.658332999999999:32.533332999999999] [25.899999999999999:39.200000000000003] [17.899999999999999:29.300000000000001] [48.958333000000003:91.625] [63:100] [23:86] [2.8541669999999999:19.695833] [6.4000000000000004:30.100000000000001] [0:63.100000000000001] [0:63.100000000000001] [14:56.899999999999999] [0:1] [23.766667000000002:32.427778000000004] [27.699999999999999:39.200000000000003] [17.899999999999999:28.100000000000001] [52.569443999999997:90.694444000000004] [73:100] [23:79] [4.125:17.329167000000002] [9.6999999999999993:30.100000000000001] [0:93.900000000000006] [0:93.900000000000006] [0:3] [0:63.100000000000001] [17.300000000000001:56.899999999999999] [24.365476000000001:32.235118999999997] [28.699999999999999:39.200000000000003] [17.899999999999999:27.5] [55.767856999999999:89.523809999999997] [77:100] [23:72] [4.5327380000000002:15.469643] [11.6:30.100000000000001] [0:163.90000000000001] [0:163.90000000000001] [0:7] [0:63.100000000000001] [23:56.899999999999999]
tree_sizes=1588 1704 1594 1714 1681 1712 1543 1686 1592 1710 1682 1732 1700 1700 1714 1689 1681 1595 1593 1759 1697 1710 1687 1708 1718 1706 1716 1706 1702 1690 1703 1716 1715 1732 1518 1717 1705 1640 1720 1756 1703 1714 1730 1518 1511 1699 1699 1758 1726 1739 1728 1641 1705 1752 1386 1398 1627 1737 1394 1413 1618 1410 1731 1738 1379 1521 1397 1213 1708 1518 1744 1510 1409 1184 1517 1426 1403 1517 1755 1531 1524 1106 1513 1520 1425 1521 1734 1121 1647 1721 1745 1759 1754 1740 1522 1547

Tree=0
num_leaves=14
num_cat=4
split_feature=0 0 1 1 44 34 33 34 6 36 32 34 27
split_gain=6657.38 445.579 446.593 127.429 86.6793 81.4109 123.875 81.0492 71.4509 65.1853 11.6694 6.81874 1.21322
threshold=0 1 2 3 52.000000000000007 24.450000000000003 34.45000000000001 20.950000000000003 2.5000000000000004 95.500000000000014 27.230357000000001 18.250000000000004 1.0000000180025095e-35
decision_type=1 1 1 1 2 2 2 2 2 2 2 2 2
left_child=3 2 7 5 8 9 -7 -2 -5 -1 -4 -3 -13
right_child=1 11 10 4 -6 6 -8 -9 -10 -11 -12 12 -14
leaf_value=-0.1410884689774014 -0.27954275828566894 -0.23083190029171669 -0.28893674602739489 -0.17000390330393544 -0.27382492125761204 -0.18765622148878891 -0.10812186881373913 -0.18174178260905904 -0.13554086545730132 -0.10159228966387572 -0.26685960486497023 -0.27973513222565938 -0.29065406719012055
leaf_weight=137.60144287347794 22.026130244135857 6.1871152371168128 135.12659677863121 198.23517219722271 12.126745864748953 96.024028480052948 99.736297622323036 266.04595519602299 662.26881498098373 528.37964124977589 150.71812717616558 98.746359184384346 1044.6325366348028
leaf_count=556 89 25 546 801 49 388 403 1075 2676 2135 609 399 4221
internal_value=-0.201064 -0.27044 -0.232851 -0.132124 -0.145328 -0.118032 -0.146867 -0.189465 -0.143435 -0.10965 -0.277565 -0.288729 -0.28978
internal_weight=3457.85 1723.48 573.917 1734.37 872.631 861.741 195.76 288.072 860.504 665.981 285.845 1149.57 1143.38
internal_count=13972 6964 2319 7008 3526 3482 791 1164 3477 2691 1155 4645 4620
cat_boundaries=0 1 2 3 4
cat_threshold=13 2 1 1
is_linear=0
shrinkage=1


Tree=1
num_leaves=15
num_cat=5
split_feature=0 0 1 1 5 44 34 39 36 0 34 34 40 31
split_gain=6085.6 403.644 404.178 105.271 74.1452 70.7228 65.0026 132.413 59.8405 59.3513 11.258 2.54841 1.73654 0.0661161
threshold=0 1 2 3 -0.59867820553660911 52.000000000000007 24.450000000000003 18.750000000000004 95.500000000000014 4 26.050000000000004 18.250000000000004 1.0000000180025095e-35 52.000000000000007
decision_type=1 1 1 1 2 2 2 2 2 1 2 2 2 2
left_child=3 2 4 6 -2 9 8 -8 -1 -5 -4 -3 -13 -7
right_child=1 11 10 5 -6 13 7 -9 -10 -11 -12 12 -14 -15
leaf_value=0.055494396288942052 0.04728120955113202 -0.040610496418913525 -0.074848339177750023 0.065274291173215718 -0.0068782294837497595 -0.041211566517859198 -0.020892721693874308 0.075195363081853761 0.093804227103191126 0.032209617539255643 -0.0097056295841606369 -0.068334267938780613 -0.085545693776874376 -0.076095449104447266
leaf_weight=132.58907993137836 92.484205976128578 5.9207793474197379 278.09941720962524 569.54234920442104 194.40306022763252 5.1528053730726224 45.900643184781075 156.92369113862514 536.61421167850494 279.55011060833931 7.122441053390502 39.472748607397079 1091.1369625926018 6.3796637952327728
leaf_count=533 373 24 1134 2290 785 21 185 631 2152 1124 29 161 4457 26
internal_value=0.000235239 -0.0665065 -0.0306854 0.066055 0.0106848 0.0538957 0.0787365 0.0534541 0.086308 0.0555857 -0.0732612 -0.0840713 -0.0850057 -0.0650411
internal_weight=3441.29 1708.64 572.109 1732.65 286.887 860.625 872.028 202.824 669.203 849.092 285.222 1136.53 1130.61 11.5325
internal_count=13925 6963 2321 6962 1158 3461 3501 816 2685 3414 1163 4642 4618 47
cat_boundaries=0 1 2 3 4 5
cat_threshold=13 2 1 1 9
is_linear=0
shrinkage=0.05


Tree=2
num_leaves=14
num_cat=5
split_feature=0 0 1 1 44 34 34 39 0 37 32 34 40
split_gain=5512.92 391.906 389.632 106.186 69.4644 67.2358 58.8535 129.677 55.8831 51.7031 10.4667 4.58043 0.791133
threshold=0 1 2 3 52.000000000000007 20.950000000000003 24.450000000000003 18.750000000000004 4 25.500000000000004 27.230357000000001 18.250000000000004 1.0000000180025095e-35
decision_type=1 1 1 1 2 2 2 2 1 2 2 2 2
left_child=3 2 5 6 8 -2 9 -8 -5 -1 -4 -3 -13
right_child=1 11 10 4 -6 -7 7 -9 -10 -11 -12 12 -14
leaf_value=-0.032779663807722341 -0.074066550079030277 -0.029710301684773028 -0.081532048768484355 0.060766008360859096 -0.06722766992669825 0.018165055332524778 -0.023112321373463755 0.072088508887745595 0.029350659951877918 0.083348290043044615 -0.060639263427467255 -0.067090564533057534 -0.082570845074420585
leaf_weight=9.2330787330865842 20.330185547471046 5.6453706771135321 134.01694884896278 580.08456474542618 11.672176644206045 270.2579265832901 45.813868507742882 155.77962622046471 283.85947649180889 669.75854769349098 150.39228951931 36.629322975873947 1089.8569244742393
leaf_count=37 83 23 554 2324 48 1089 185 624 1139 2680 619 151 4515
internal_value=-3.59457e-05 -0.0638112 -0.028739 0.0619688 0.0498739 0.0114804 0.0746283 0.050446 0.0515319 0.0817233 -0.0707354 -0.0811761 -0.0821274
internal_weight=3463.33 1707.13 574.997 1756.2 875.616 290.588 880.585 201.593 863.944 678.992 284.409 1132.13 1126.49
internal_count=14071 7034 2345 7037 3511 1172 3526 809 3463 2717 1173 4689 4666
cat_boundaries=0 1 2 3 4 5
cat_threshold=13 2 1 1 9
is_linear=0
shrinkage=0.05


Tree=3
num_leaves=15
num_cat=4
split_feature=0 0 1 6 44 41 6 4 1 35 38 32 34 27
split_gain=5039.84 351.265 358.019 94.0908 93.4045 85.0191 81.1346 65.8941 58.3331 36.833 34.1007 9.22039 3.678 1.42664
threshold=0 1 2 2.5000000000000004 48.050000000000004 77.300000000000011 1.5000000000000002 -0.95244167294248061 3 58.401786000000008 9.9226190000000027 27.230357000000001 18.250000000000004 1.0000000180025095e-35
decision_type=1 1 1 2 2 2 2 2 1 2 2 2 2 2
left_child=3 2 7 6 8 -6 9 -2 -5 -1 -8 -4 -3 -14
right_child=1 12 11 4 5 -7 10 -9 -10 -11 -12 -13 13 -15
leaf_value=-0.038508474944209774 -0.069416296993096496 -0.032571222598094897 -0.079160631382326596 0.079832502847462017 -0.024302358115096574 0.073051484628680594 -0.044606544847199031 0.017384684375722877 0.058136286341384319 0.049986626700337905 0.035730763477871852 -0.059312273505661942 -0.069600011771661183 -0.080182204318187261
leaf_weight=11.492925673723219 22.833740532398224 6.1104070395231238 132.09234349429607 635.45706252753735 53.183134630322456 37.342365980148315 37.656023621559143 265.67807276546955 642.19844737648964 329.75251470506191 19.171490043401718 148.97301542758942 95.417288035154343 1006.5996452271938
leaf_count=46 92 25 555 2546 214 150 151 1071 2570 1321 77 620 400 4242
internal_value=0.000160472 -0.0616941 -0.0283326 0.0589313 0.0655044 0.0162161 0.0377088 0.0102989 0.0689812 0.0469024 -0.0173545 -0.068888 -0.0783948 -0.0793299
internal_weight=3443.96 1677.7 569.577 1766.25 1368.18 90.5255 398.073 288.512 1277.66 341.245 56.8275 281.065 1108.13 1102.02
internal_count=14080 7005 2338 7075 5480 364 1595 1163 5116 1367 228 1175 4667 4642
cat_boundaries=0 1 2 3 4
cat_threshold=13 2 1 1
is_linear=0
shrinkage=0.05


Tree=4
num_leaves=15
num_cat=6
split_feature=0 0 1 2 34 26 34 1 34 1 32 33 1 40
split_gain=4518.98 344.967 318.857 96.6149 184.884 149.031 65.277 22.821 13.2119 12.6141 10.468 2.27092 3.94942 1.87164
threshold=0 1 2 9.5000000000000018 20.350000000000005 14.950000000000001 20.950000000000003 3 22.350000000000005 4 27.230357000000001 30.750000000000004 5 1.0000000180025095e-35
decision_type=1 1 1 2 2 2 2 1 2 1 2 2 1 2
left_child=3 2 6 4 9 -6 -2 -5 -9 -1 -4 12 -3 -13
right_child=1 11 10 7 5 -7 -8 8 -10 -11 -12 13 -14 -15
leaf_value=-0.026316028147762512 -0.072713771788366244 -0.029709744833131227 -0.076596242584072216 0.092178969036681935 0.0076817988714743234 0.059039282515789139 0.016152402142378716 0.088304867034528001 0.056508101292976454 -0.08449150969355182 -0.055498066877987098 -0.060759097816803012 -0.074827979723510352 -0.077565625589327475
leaf_weight=19.720558151602745 21.365037322044373 11.30518501996994 125.65863683819771 178.96244776248932 160.45707470178604 1199.7685439437628 272.76302783191204 50.230027139186859 131.19421565532684 19.228901103138924 147.60214008390903 37.975010618567467 11.790222927927971 1025.3009368181229
leaf_count=79 88 48 538 720 644 4811 1097 201 525 77 622 161 50 4405
internal_value=3.38709e-06 -0.0591373 -0.0261987 0.05561 0.0499069 0.0529911 0.00947278 0.0790916 0.0657473 -0.0564326 -0.0654439 -0.0759054 -0.0548922 -0.077023
internal_weight=3413.32 1653.76 567.389 1759.56 1399.18 1360.23 294.128 360.387 181.424 38.9495 273.261 1086.37 23.0954 1063.28
internal_count=14066 7009 2345 7057 5611 5455 1185 1446 726 156 1160 4664 98 4566
cat_boundaries=0 1 2 3 4 5 6
cat_threshold=13 2 1 1 1 1
is_linear=0
shrinkage=0.05


Tree=5
num_leaves=15
num_cat=4
split_feature=0 0 1 1 36 34 34 34 34 33 36 32 34 40
split_gain=4169.8 313.496 298.261 92.1705 62.3294 107.286 60.6105 59.8106 48.0861 112.759 57.1544 9.35689 3.7766 1.54143
threshold=0 1 2 3 96.500000000000014 20.350000000000005 20.950000000000003 24.550000000000004 24.450000000000003 34.45000000000001 95.500000000000014 27.230357000000001 18.250000000000004 1.0000000180025095e-35
decision_type=1 1 1 1 2 2 2 2 2 2 2 2 2 2
left_child=3 2 6 8 5 -5 -2 -6 10 -10 -1 -4 -3 -14
right_child=1 12 11 4 7 -7 -8 -9 9 -11 -12 -13 13 -15
leaf_value=0.042344109045105584 -0.07208090119921895 -0.027374248587474583 -0.074105746758224303 -0.09035485659732137 0.057706217157523311 0.030941483582981901 0.015434664099197873 0.01275811584721002 0.0049320065591999434 0.079340402964999918 0.079199951232605037 -0.054045743168363282 -0.059285726989449519 -0.074993203988546336
leaf_weight=135.59575100243092 20.357286036014557 5.7812935709953299 128.30777889490128 18.682071670889854 517.14891108870506 252.4445863366127 269.57582838833332 87.116206869482994 97.970263928174973 105.32620410621166 538.19968284666538 143.30054175853729 38.559412717819214 1016.3444786369801
leaf_count=544 85 24 561 75 2073 1012 1083 349 393 424 2178 612 166 4462
internal_value=0.000275955 -0.0572911 -0.0257527 0.0535876 0.0423192 0.0222822 0.00906323 0.0512579 0.0653835 0.043682 0.0718568 -0.0637592 -0.0735523 -0.0744757
internal_weight=3374.71 1622.23 561.541 1752.48 875.392 271.127 289.933 604.265 877.092 203.296 673.795 271.608 1060.69 1054.9
internal_count=14041 6993 2341 7048 3509 1087 1168 2422 3539 817 2722 1173 4652 4628
cat_boundaries=0 1 2 3 4
cat_threshold=13 2 1 1
is_linear=0
shrinkage=0.05


Tree=6
num_leaves=13
num_cat=1
split_feature=1 34 33 36 40 34 36 44 6 5 39 43
split_gain=190.946 38.2733 94.2364 58.048 56.978 41.2798 40.141 33.3647 30.5086 26.7734 20.3761 11.7964
threshold=0 24.450000000000003 33.95000000000001 95.500000000000014 70.550000000000011 20.950000000000003 99.500000000000014 52.750000000000007 2.5000000000000004 -0.97874870457683605 19.550000000000004 43.800000000000004
decision_type=1 2 2 2 2 2 2 2 2 2 2 2
left_child=1 3 4 5 -3 -1 -4 8 9 -2 -10 -5
right_child=7 2 6 11 -6 -7 -8 -9 10 -11 -12 -13
leaf_value=-0.049075717568895172 -0.080180153371531934 -0.052483795427485241 0.023486760480340551 0.021647906229608146 0.0092388842043257327 0.0038321225148348508 -0.079787687222006368 -0.071819586080381137 -0.014645522950579687 -0.020463795170871792 -0.0018836200499245373 -0.049120441648919801
leaf_weight=43.447505474090576 18.976477682590485 105.39971612393856 214.70803037285805 1027.1608473956585 57.240504324436188 215.49620036780834 8.8751498609781247 22.065331801772118 556.84456358850002 359.0316739231348 712.73784998059273 5.0136800259351721
leaf_count=182 80 439 898 4317 238 897 37 94 2354 1514 3012 21
internal_value=-8.88725e-05 0.0118228 -0.00198288 0.0159509 -0.0308371 -0.00519979 0.0190503 -0.0120553 -0.0112118 -0.0236653 -0.00748817 0.0212569
internal_weight=3347 1677.34 386.223 1291.12 162.64 258.944 223.583 1669.66 1647.59 378.008 1269.58 1032.17
internal_count=14083 7029 1612 5417 677 1079 935 7054 6960 1594 5366 4338
cat_boundaries=0 1
cat_threshold=1
is_linear=0
shrinkage=0.05


Tree=7
num_leaves=15
num_cat=6
split_feature=0 0 1 44 6 5 5 1 1 32 33 1 19 40
split_gain=3814.92 298.908 267.567 76.4965 76.3053 118.54 56.5827 47.8532 7.86274 7.49937 3.19083 5.02414 2.26583 2.13152
threshold=0 1 2 52.750000000000007 2.5000000000000004 -0.97111920233974802 -0.52765736634565841 3 4 27.230357000000001 30.750000000000004 5 27.361111000000005 1.0000000180025095e-35
decision_type=1 1 1 2 2 2 2 1 1 2 2 1 2 2
left_child=3 2 6 4 5 -1 -2 -6 12 -4 11 -3 -5 -12
right_child=1 10 9 8 7 -7 -8 -9 -10 -11 13 -13 -14 -15
leaf_value=-0.075775295277177898 0.037812763947633575 -0.020918281780217027 -0.071309603296669785 0.013199033615935371 0.068110483458065849 0.039973205873746261 -0.008219164983327391 0.048807398842780104 -0.065415707274848175 -0.052812449731120495 -0.056080906458374796 -0.070659282636453283 -0.027344245781592853 -0.073290889999424416
leaf_weight=22.615696027874947 101.37422750890255 10.652456983923912 121.6240728199482 5.9228137135505676 652.26087772846222 369.6367145627737 191.12679436802864 666.75444878637791 11.342242330312729 141.22105519473553 36.186134546995163 11.316830232739449 5.9972479641437531 986.94195091724396
leaf_count=91 406 46 546 24 2663 1489 772 2678 47 614 159 50 24 4437
internal_value=-0.00010972 -0.0555837 -0.0246552 0.0511042 0.0526269 0.0331239 0.00780894 0.0583973 -0.037397 -0.0616093 -0.0715906 -0.0485016 -0.00773681 -0.0727376
internal_weight=3334.97 1600.44 555.346 1734.53 1711.27 392.252 292.501 1319.02 23.2623 262.845 1045.1 21.9693 11.9201 1023.13
internal_count=14046 7030 2338 7016 6921 1580 1178 5341 95 1160 4692 96 48 4596
cat_boundaries=0 1 2 3 4 5 6
cat_threshold=13 2 1 1 1 1
is_linear=0
shrinkage=0.05


Tree=8
num_leaves=14
num_cat=5
split_feature=0 0 1 2 34 26 34 1 34 1 5 34 27
split_gain=3468.93 286.565 239.274 82.0763 142.915 124.632 55.3547 18.6201 13.689 10.368 9.58514 4.61619 2.3889
threshold=0 1 2 9.5000000000000018 20.350000000000005 14.950000000000001 20.950000000000003 3 22.350000000000005 4 -0.58481178939031186 18.250000000000004 1.0000000180025095e-35
decision_type=1 1 1 2 2 2 2 1 2 1 2 2 2
left_child=3 2 6 4 9 -6 -2 -5 -9 -1 -4 -3 -13
right_child=1 11 10 7 5 -7 -8 8 -10 -11 -12 12 -14
leaf_value=-0.023820299692903904 -0.071611786255819779 -0.023385834992267329 -0.044326599772672517 0.0824536607177421 0.0042809494165104139 0.051388399998183822 0.013170096723940386 0.081179146705743166 0.04895655775555649 -0.078200177238684998 -0.066075699995110745 -0.060412367586445706 -0.071764878767471757
leaf_weight=17.932896137237549 19.728744804859161 6.4014964550733557 86.587967187166214 172.4103187918663 159.41787634789944 1188.3666022270918 270.76746955513954 49.235153332352638 128.73179170489311 18.854574203491211 170.49584144353867 92.869389727711678 918.85591784119606
leaf_count=72 84 27 388 719 645 4828 1086 199 519 76 769 421 4238
internal_value=-0.000135193 -0.0538951 -0.0234871 0.0484151 0.0431611 0.0458238 0.00718631 0.0703733 0.0582748 -0.0530234 -0.0589506 -0.0698236 -0.0707835
internal_weight=3300.66 1565.71 547.58 1734.95 1384.57 1347.78 290.496 350.377 177.967 36.7875 257.084 1018.13 1011.73
internal_count=14071 7013 2327 7058 5621 5473 1170 1437 718 148 1157 4686 4659
cat_boundaries=0 1 2 3 4 5
cat_threshold=13 2 1 1 1
is_linear=0
shrinkage=0.05


Tree=9
num_leaves=15
num_cat=4
split_feature=0 0 1 6 5 44 40 5 23 39 6 32 39 1
split_gain=3188.16 279.755 232.392 73.6133 120.636 85.5068 71.5029 58.6578 57.6604 54.5271 47.8884 10.0543 4.59704 5.12449
threshold=0 1 2 2.5000000000000004 -0.83375966452616657 48.050000000000004 77.300000000000011 -0.61236746317008228 98.500000000000014 19.550000000000004 1.5000000000000002 27.230357000000001 12.450000000000001 3
decision_type=1 1 1 2 2 2 2 2 2 2 2 2 2 1
left_child=3 2 7 4 8 9 -7 -2 -1 -5 -6 -4 13 -3
right_child=1 12 11 5 10 6 -8 -9 -10 -11 -12 -13 -14 -15
leaf_value=-0.076360567511473854 0.040796939219843287 0.0019374199529605684 -0.068211678391096625 0.044443846488123523 0.044221544104701027 -0.032557459052524558 0.058549661018829961 -0.0073826251111743782 0.073782110905395173 0.065692922063681367 -0.012522102138559879 -0.047244507723543973 -0.069400454390269636 -0.062935888384028693
leaf_weight=35.714303076267242 91.230443254113197 5.6436412930488569 120.9016932696104 576.94950258731842 307.05221408605576 51.918508470058441 35.32116711139679 199.79222674667835 6.908464476466178 662.12569671869278 41.847412943840027 136.51956997811794 977.38141486048698 5.4647431373596191
leaf_count=144 365 25 569 2371 1247 210 145 808 28 2720 169 614 4623 25
internal_value=-9.43796e-05 -0.0522154 -0.0224005 0.0465739 0.0276825 0.0524764 0.00457504 0.0078088 -0.0508914 0.0558426 0.0373993 -0.0573179 -0.068329 -0.0325388
internal_weight=3254.77 1536.93 548.444 1717.84 391.522 1326.31 87.2397 291.023 42.6228 1239.08 348.9 257.421 988.49 11.1084
internal_count=14063 7029 2356 7034 1588 5446 355 1173 172 5091 1416 1183 4673 50
cat_boundaries=0 1 2 3 4
cat_threshold=13 2 1 1
is_linear=0
shrinkage=0.05


Tree=10
num_leaves=15
num_cat=6
split_feature=0 0 1 0 2 34 1 4 34 2 38 32 39 1
split_gain=2937.1 256.568 214.707 73.9548 70.4858 80.004 56.6782 50.716 42.4408 28.9299 15.9238 9.17467 4.31514 4.53474
threshold=0 1 2 3 7.5000000000000009 20.350000000000005 4 -0.97876850416056749 25.350000000000005 9.5000000000000018 14.349107500000001 27.240773500000007 12.450000000000001 5
decision_type=1 1 1 1 2 2 1 2 2 2 2 2 2 1
left_child=3 2 7 4 5 -1 9 -2 -8 -5 -6 -4 13 -3
right_child=1 12 11 6 10 -7 8 -9 -10 -11 -12 -13 -14 -15
leaf_value=-0.040366887963358557 -0.077274998867449568 -0.00039175065203275392 -0.067437646098254034 0.036587095900810891 0.071466526522304341 0.046883809414716898 0.0076068435197227157 0.011445319080594022 0.080221413055709512 0.077627042031273977 -3.6244377166197987e-05 -0.047076486284507779 -0.067864868488863431 -0.061475003829761843
leaf_weight=26.554063990712166 16.105639636516571 5.8570636361837369 114.3653067946434 227.30423060059547 387.76953622698784 708.17432516813278 267.886340752244 276.64830043911934 20.787738263607025 53.691585913300514 7.9445916414260855 137.82399421930313 948.10937188565731 5.3428227156400681
leaf_count=107 65 26 553 945 1620 2912 1085 1116 84 231 32 630 4613 25
internal_value=-0.000296755 -0.0509903 -0.0224112 0.0445979 0.0524952 0.0436799 0.028229 0.00631799 0.0130948 0.0446763 0.0700345 -0.05654 -0.0667867 -0.0321816
internal_weight=3204.36 1504.25 544.943 1700.11 1130.44 734.728 569.67 292.754 288.674 280.996 395.714 252.189 959.309 11.1999
internal_count=14044 7028 2364 7016 4671 3019 2345 1181 1169 1176 1652 1183 4664 51
cat_boundaries=0 1 2 3 4 5 6
cat_threshold=13 2 1 9 1 1
is_linear=0
shrinkage=0.05


Tree=11
num_leaves=15
num_cat=3
split_feature=0 0 1 6 5 44 40 23 39 34 6 34 34 27
split_gain=2737.55 243.185 185.708 74.9072 102.327 74.1315 54.7234 52.295 47.677 46.6095 42.709 10.8119 5.49056 2.67669
threshold=0 1 2 2.5000000000000004 -0.83375966452616657 48.050000000000004 77.300000000000011 98.500000000000014 19.550000000000004 20.950000000000003 1.5000000000000002 26.050000000000004 18.250000000000004 1.0000000180025095e-35
decision_type=1 1 1 2 2 2 2 2 2 2 2 2 2 2
left_child=3 2 9 4 7 8 -7 -1 -5 -2 -6 -4 -3 -14
right_child=1 12 11 5 10 6 -8 -9 -10 -11 -12 -13 13 -15
leaf_value=-0.07421217500906678 -0.065528616380402901 -0.013464113119060903 -0.056106785241137297 0.041805589100676499 0.039811087649020638 -0.027441627264364495 0.052251449572171274 0.070028389853323256 0.061967988718582279 0.010516860103229759 -0.012663587552061584 0.0076535670262527934 -0.055211573249868889 -0.067196671562062452
leaf_weight=34.428258970379829 20.765070989727974 5.5448951423168173 234.10682862997055 557.41820658743382 304.76023551821709 52.134603157639503 35.239574983716011 6.8080231100320807 647.37411646544933 271.24175447225571 43.931150645017624 6.6104829311370841 83.72132021188736 849.41697905957699
leaf_count=139 90 24 1126 2331 1252 211 147 28 2715 1088 178 30 409 4266
internal_value=-4.01683e-05 -0.0496536 -0.0215108 0.0433999 0.0243555 0.0494591 0.00492757 -0.0493042 0.0526819 0.00490396 0.0331826 -0.0543314 -0.0651911 -0.0661816
internal_weight=3153.5 1471.41 532.724 1682.09 389.928 1292.17 87.3742 41.2363 1204.79 292.007 348.691 240.717 938.683 933.138
internal_count=14034 7033 2334 7001 1597 5404 358 167 5046 1178 1430 1156 4699 4675
cat_boundaries=0 1 2 3
cat_threshold=13 2 1
is_linear=0
shrinkage=0.05


Tree=12
num_leaves=15
num_cat=5
split_feature=0 0 1 1 0 4 34 39 36 34 44 5 34 4
split_gain=2458.83 230.016 173.184 80.8641 74.2438 52.113 47.8161 99.8342 44.694 37.411 24.3562 9.32332 5.61573 2.21329
threshold=0 1 2 3 4 -0.96689237009891416 24.450000000000003 18.750000000000004 95.500000000000014 25.250000000000004 48.050000000000004 -0.97874870457683605 18.250000000000004 0.99466373373798567
decision_type=1 1 1 1 1 2 2 2 2 2 2 2 2 2
left_child=3 2 5 6 10 -2 8 -8 -1 -6 -5 -4 -3 -14
right_child=1 12 11 4 9 -7 7 -9 -10 -11 -12 -13 13 -15
leaf_value=0.032554995631964269 -0.072577170905184382 -0.010995273525815082 -0.016758139963015034 0.056564016397046737 0.015004201327962109 0.010667461755164113 -0.033039150447004825 0.050368918058247739 0.065826146985043993 0.062646772806753973 -0.0033155498327999849 -0.055391673931383972 -0.065482595172871999 -0.048292855115834102
leaf_weight=130.61018881201744 19.216720700263977 5.3105509132146826 17.943859532475471 263.40505440533161 521.50281536579132 268.11340442299843 46.537383362650871 147.45223048329353 496.40255585312843 43.915999472141266 18.032894089818001 222.14894017577171 861.10931140184402 33.273803874850273
leaf_count=541 78 23 87 1093 2144 1082 188 620 2166 181 74 1092 4448 172
internal_value=-0.000314137 -0.0482939 -0.02094 0.0407894 0.0301304 0.00486763 0.0522303 0.0302928 0.0589585 0.0184824 0.050926 -0.0525858 -0.0638829 -0.0648977
internal_weight=3094.98 1427.12 527.423 1667.86 846.857 287.33 821.002 193.99 627.013 565.419 281.438 240.093 899.694 894.383
internal_count=13989 6982 2339 7007 3492 1160 3515 808 2707 2325 1167 1179 4643 4620
cat_boundaries=0 1 2 3 4 5
cat_threshold=13 2 1 1 1
is_linear=0
shrinkage=0.05


Tree=13
num_leaves=15
num_cat=5
split_feature=0 0 1 1 0 34 39 36 34 36 44 34 34 27
split_gain=2292.4 233.83 172.749 75.9559 59.9424 48.0504 98.6995 43.3264 42.8107 37.4784 19.7134 9.94145 3.94016 2.3251
threshold=0 1 2 3 4 24.450000000000003 18.750000000000004 95.500000000000014 20.950000000000003 96.500000000000014 50.20000000000001 26.050000000000004 18.250000000000004 0.15000000000000005
decision_type=1 1 1 1 1 2 2 2 2 2 2 2 2 2
left_child=3 2 8 5 10 7 -7 -1 -2 -6 -5 -4 -3 -14
right_child=1 12 11 4 9 6 -8 -9 -10 -11 -12 -13 13 -15
leaf_value=0.031983897359913624 -0.063403975263386633 -0.020359684909679706 -0.053176982670762797 0.051960495612625439 6.9195964123489206e-05 -0.034337488738528668 0.048786311959715327 0.064495520214680038 0.011477560500381581 0.027749434487518845 -0.037984267853995494 0.0074971266521669192 -0.054344696299595589 -0.064947894467777836
leaf_weight=133.69886240363121 19.546240001916885 6.4125296771526328 228.64531250298023 272.92054852843285 176.81761527061462 46.312448471784592 146.63912187516689 487.92026647925377 269.15351055562496 395.55926935374737 5.5533698499202719 6.7173666507005683 98.140482410788536 773.10502187907696
leaf_count=557 86 28 1152 1143 726 187 623 2171 1080 1634 23 31 510 4135
internal_value=8.11883e-05 -0.0468395 -0.0193547 0.0396203 0.0293487 0.050786 0.0287607 0.0575655 0.00620639 0.0188842 0.0483087 -0.0514209 -0.0628084 -0.0638172
internal_weight=3067.14 1401.72 524.062 1665.42 850.851 814.571 192.952 621.619 288.7 572.377 278.474 235.363 877.658 871.246
internal_count=14086 7022 2349 7064 3526 3538 810 2728 1166 2360 1166 1183 4673 4645
cat_boundaries=0 1 2 3 4 5
cat_threshold=13 2 1 1 1
is_linear=0
shrinkage=0.05


Tree=14
num_leaves=15
num_cat=4
split_feature=0 0 1 0 2 34 34 34 4 44 32 34 27 12
split_gain=2117.95 221.633 155.32 66.4855 59.9944 66.2436 46.1611 68.3914 44.2376 15.7377 10.5123 4.55397 3.10168 2.19106
threshold=0 1 2 3 7.5000000000000009 20.350000000000005 25.350000000000005 24.550000000000004 -0.95754239937548935 48.800000000000004 27.230357000000001 18.250000000000004 1.0000000180025095e-35 63.500000000000007
decision_type=1 1 1 1 2 2 2 2 2 2 2 2 2 2
left_child=3 2 8 4 5 -1 7 -5 -2 -6 -4 -3 -13 -8
right_child=1 11 10 6 9 -7 13 -9 -10 -11 -12 12 -14 -15
leaf_value=-0.040536754275996192 -0.060658681865233766 -0.015308214313477522 -0.061936319869875057 0.026561000025881704 0.064665760727450713 0.040712276519371739 0.079541013169037666 -0.02596880844573218 0.010841771493231529 0.010091103442251623 -0.039484078867684402 -0.050852120281861035 -0.063629027250329082 0.037948611311878176
leaf_weight=25.268436625599861 22.528827533125877 5.9003381431102744 103.72374521195889 442.35525542497635 360.60338169336319 687.34799717366695 34.366258695721626 71.21031342446804 268.25003750622272 14.131545990705488 124.34759736061096 77.760759875178337 763.74976979196072 6.5926170051097861
leaf_count=102 92 26 558 1888 1595 2930 146 294 1084 58 616 412 4223 28
internal_value=0.000260136 -0.0455357 -0.0187667 0.0384163 0.0459738 0.0377785 0.0229909 0.019241 0.00511319 0.06264 -0.0499209 -0.0614753 -0.0625101 0.0739104
internal_weight=3008.14 1366.26 518.85 1641.88 1087.35 712.616 554.524 513.566 290.779 374.735 228.071 847.411 841.511 40.9589
internal_count=14052 7011 2350 7041 4685 3032 2356 2182 1176 1653 1174 4661 4635 174
cat_boundaries=0 1 2 3 4
cat_threshold=13 2 1 9
is_linear=0
shrinkage=0.05


Tree=15
num_leaves=15
num_cat=6
split_feature=0 0 1 1 0 34 39 36 4 39 2 32 30 1
split_gain=1922.92 229.537 152.478 66.3712 54.6726 42.534 99.3654 45.0177 40.4005 37.3744 19.8018 11.2769 3.3569 7.38147
threshold=0 1 2 3 4 24.450000000000003 18.750000000000004 95.500000000000014 -0.97876850416056749 15.450000000000001 9.5000000000000018 27.230357000000001 0.65000000000000002 5
decision_type=1 1 1 1 1 2 2 2 2 2 2 2 2 1
left_child=3 2 8 5 10 7 -7 -1 -2 -6 -5 -4 13 -3
right_child=1 12 11 4 9 6 -8 -9 -10 -11 -12 -13 -14 -15
leaf_value=0.027493619625206939 -0.069815823470436481 -0.043961205442146212 -0.060792972875820729 0.039732929352622487 -0.029257018916949058 -0.035782273882834267 0.046923505635339702 0.060960277453798263 0.011467234360243335 0.020670316300604664 0.074160495223408493 -0.037345992072275604 -0.063335428100894139 -0.064510306350059429
leaf_weight=131.20691438019276 15.201704844832419 101.17089416086674 100.0641482770443 217.55048125982285 39.494559302926064 47.526408046483994 144.95126989483833 466.30007596313953 272.11892913281918 525.18083409965038 53.474917158484459 121.98921628296375 629.25072568655014 99.566649317741394
leaf_count=554 63 561 556 927 164 192 629 2153 1099 2189 234 615 3598 560
internal_value=5.44809e-06 -0.0441605 -0.0167886 0.0364449 0.0267899 0.0470727 0.0264225 0.0536695 0.00693944 0.0168351 0.0451149 -0.0481371 -0.0605197 -0.0544229
internal_weight=2965.05 1339.36 509.374 1625.69 835.701 789.985 192.478 597.507 287.321 564.675 271.025 222.053 829.988 200.738
internal_count=14094 7052 2333 7042 3514 3528 821 2707 1162 2353 1161 1171 4719 1121
cat_boundaries=0 1 2 3 4 5 6
cat_threshold=13 2 1 1 1 1
is_linear=0
shrinkage=0.05


Tree=16
num_leaves=15
num_cat=6
split_feature=0 0 1 2 34 26 2 1 33 32 1 33 1 43
split_gain=1815.99 215.118 134.281 63.5179 122.205 116.982 40.0732 19.5638 13.8221 11.6582 9.4495 4.06971 4.87085 2.38728
threshold=0 1 2 9.5000000000000018 20.350000000000005 14.950000000000001 2.5000000000000004 3 31.950000000000003 27.230357000000001 4 30.750000000000004 5 0.75000000000000011
decision_type=1 1 1 2 2 2 2 1 2 2 1 2 1 2
left_child=3 2 6 4 10 -6 -2 -5 -9 -4 -1 12 -3 -13
right_child=1 11 9 7 5 -7 -8 8 -10 -11 -12 13 -14 -15
leaf_value=-0.030049761845887087 -0.035852465851982665 -0.0087024018593879569 -0.059811343115606222 0.069455286164934807 -0.0074536546268132407 0.039159219324399648 0.013357832088892151 0.032765561551491157 0.064119712768481302 -0.035861626593685018 -0.082292471567381842 -0.053308285526613389 -0.059705309518911301 -0.062600338805814823
leaf_weight=18.947339117527008 48.91025398671627 9.9648381173610687 98.233853951096535 148.03762769699097 152.73428727686405 1114.8530374616385 241.10768845677376 108.40240289270878 55.083426356315613 120.49131734669209 18.36329260468483 134.87187434732914 8.5590466856956482 644.7382672727108
leaf_count=77 201 51 564 722 646 4858 972 467 237 618 74 777 47 3820
internal_value=0.000242481 -0.0433881 -0.0170229 0.0355712 0.0309038 0.0335413 0.00496405 0.0560986 0.0436553 -0.0468412 -0.0572391 -0.0597338 -0.0341196 -0.0610632
internal_weight=2923.3 1306.88 508.743 1616.42 1304.9 1267.59 290.018 311.523 163.486 218.725 37.3106 798.134 18.5239 779.61
internal_count=14131 7050 2355 7081 5655 5504 1173 1426 704 1182 151 4695 98 4597
cat_boundaries=0 1 2 3 4 5 6
cat_threshold=13 2 1 1 1 1
is_linear=0
shrinkage=0.05


Tree=17
num_leaves=14
num_cat=5
split_feature=0 0 1 44 0 6 34 5 32 34 1 4 32
split_gain=1623.69 209.403 133.305 70.1761 68.098 58.1412 42.7746 28.7007 10.414 5.06578 4.02815 2.16733 1.87677
threshold=0 1 2 52.000000000000007 3 2.5000000000000004 20.950000000000003 -0.92921788351138401 27.230357000000001 18.250000000000004 4 0.99466373373798567 27.296726500000002
decision_type=1 1 1 2 1 2 2 2 2 2 1 2 2
left_child=3 2 6 4 7 -6 -2 -1 -4 -3 12 -11 -5
right_child=1 9 8 10 5 -7 -8 -9 -10 11 -12 -13 -14
leaf_value=0.021739716061952599 -0.064341872544396078 -0.0096538156525054625 -0.059308892549502217 -0.00033704051317983862 0.0058181452229578452 0.033532349335582752 0.010345775050592957 0.056189572318967852 -0.036208963993424929 -0.060370429556712429 -0.067084033042634869 -0.042656333177488154 -0.039881385557874585
leaf_weight=72.140278548002243 19.603753328323364 5.5032348036766043 94.171574726700783 5.0472077578306198 248.88325719535351 795.09940958023071 275.53760515153408 437.12046222388744 117.88827468454838 736.38185726106167 13.146642223000526 28.790653958916664 6.46137934923172
leaf_count=320 88 25 559 22 1058 3535 1107 1973 615 4496 54 174 26
internal_value=-0.000404464 -0.0421015 -0.016237 0.0334245 0.0349732 0.0266819 0.00518439 0.0503745 -0.0466974 -0.0586555 -0.0486693 -0.0597605 -0.0239522
internal_weight=2855.78 1277.88 507.201 1577.9 1553.24 1043.98 295.141 509.261 212.06 770.676 24.6552 765.173 11.5086
internal_count=14052 7064 2369 6988 6886 4593 1195 2293 1174 4695 102 4670 48
cat_boundaries=0 1 2 3 4 5
cat_threshold=13 2 1 1 1
is_linear=0
shrinkage=0.05


Tree=18
num_leaves=14
num_cat=5
split_feature=0 0 1 2 39 21 21 5 1 0 5 33 43
split_gain=1497.93 208.258 118.597 67.4015 88.085 67.503 48.6821 42.7718 19.1436 27.4876 10.2652 3.73163 2.72694
threshold=0 1 2 9.5000000000000018 15.450000000000001 20.750000000000004 24.350000000000005 -0.61236746317008228 3 4 -0.58481178939031186 29.850000000000005 0.75000000000000011
decision_type=1 1 1 2 2 2 2 2 1 1 2 2 2
left_child=3 2 7 4 6 -6 -1 -2 -5 -10 -4 -3 -13
right_child=1 11 10 8 5 -7 -8 -9 9 -11 -12 12 -14
leaf_value=0.021653337346693072 0.033046555526594468 -0.010372826342791016 -0.027717706664486065 0.067363041483294708 -0.047432997836182843 0.031983472086959217 -0.075369787999648358 -0.0078673319808471431 0.054803891693080121 0.0062963345455130885 -0.052492360577753021 -0.050607443554811317 -0.060386284598933131
leaf_weight=21.297733083367348 93.631620526313782 4.4850628077983847 66.429795682430267 141.62929697334766 26.52563801407814 1186.0608355551958 30.540320426225662 195.73132191598415 104.05935552716255 57.201028153300285 134.44522914290428 129.14146384596825 611.66553999483585
leaf_count=93 376 24 368 725 109 5254 126 797 470 241 772 792 3887
internal_value=2.5122e-05 -0.0409448 -0.0147621 0.0323823 0.027474 0.0302086 -0.0358523 0.00543974 0.0537796 0.0415081 -0.0444772 -0.0577021 -0.0587521
internal_weight=2802.84 1235.53 490.238 1567.31 1264.42 1212.59 51.8381 289.363 302.89 161.26 200.875 745.292 740.807
internal_count=14034 7016 2313 7018 5582 5363 219 1173 1436 711 1140 4703 4679
cat_boundaries=0 1 2 3 4 5
cat_threshold=13 2 1 1 9
is_linear=0
shrinkage=0.05


Tree=19
num_leaves=15
num_cat=1
split_feature=1 34 36 34 33 38 39 5 41 5 5 44 41 12
split_gain=105.216 32.4213 58.2981 48.4149 36.0725 27.7995 46.8136 91.6585 54.6659 17.6555 29.472 6.84077 10.9377 4.49831
threshold=0 25.250000000000004 95.500000000000014 24.550000000000004 36.95000000000001 6.8250000000000011 18.950000000000003 -0.36648370705903521 66.050000000000011 -0.7444366621422277 0.41202506375868281 38.000000000000007 17.850000000000005 63.500000000000007
decision_type=1 2 2 2 2 2 2 2 2 2 2 2 2 2
left_child=5 2 4 -4 -2 9 7 -7 -8 -1 -11 13 -13 -3
right_child=1 11 3 -5 -6 6 8 -9 -10 10 -12 12 -14 -15
leaf_value=0.041589909957558374 -0.040062590720919888 0.0083667714034681359 -0.0023753328919602335 -0.034651783510025305 0.020906541952425681 -0.050659246795276641 0.0029528697907799852 0.012494038697051291 0.030488794122797772 -0.0098860115673011575 0.028436568483071391 0.0082929170329377605 0.047708336389290867 -0.031940153680737292
leaf_weight=88.756439939141273 226.03917387127876 26.661932572722435 861.51311619579792 133.3292206376791 26.542511031031609 97.582099810242653 595.13202430307865 136.99183839559555 257.70372481644154 76.303021609783173 143.19863276183605 42.097931459546089 29.91144023835659 8.2355224192142469
leaf_count=448 1141 137 4482 669 133 470 2950 702 1324 395 749 214 152 42
internal_value=-2.82093e-06 -0.00992736 -0.0121941 -0.00673149 -0.0335985 0.00962799 0.00585978 -0.0138811 0.0112994 0.0228588 0.0151305 0.01639 0.0250946 -0.00177012
internal_weight=2750 1354.33 1247.42 994.842 252.582 1395.67 1087.41 234.574 852.836 308.258 219.502 106.907 72.0094 34.8975
internal_count=14008 6970 6425 5151 1274 7038 5446 1172 4274 1592 1144 545 366 179
cat_boundaries=0 1
cat_threshold=1
is_linear=0
shrinkage=0.05


Tree=20
num_leaves=15
num_cat=5
split_feature=0 0 1 0 1 2 4 36 44 5 32 33 10 43
split_gain=1367.67 196.5 111.342 64.1871 56.3729 40.039 39.7937 33.0252 32.4636 25.595 13.2099 4.63786 5.73344 3.82539
threshold=0 1 2 3 4 9.5000000000000018 -0.95244167294248061 95.500000000000014 52.000000000000007 -0.92921788351138401 27.230357000000001 30.750000000000004 81.750000000000014 0.75000000000000011
decision_type=1 1 1 1 1 2 2 2 2 2 2 2 2 2
left_child=3 2 6 8 5 -5 -2 -6 9 -1 -4 12 -3 -13
right_child=1 11 10 4 7 -7 -8 -9 -10 -11 -12 13 -14 -15
leaf_value=0.020122127584908129 -0.056163066955766561 0.0010642475398824683 -0.05815716636614815 0.028954285711972189 -0.0096112373451389347 0.066182687540686888 0.010085920969453249 0.019207931962601996 -0.051803582312206886 0.053157902114332571 -0.031772853499379 -0.048729948105701845 -0.056395976648994407 -0.060024135739991283
leaf_weight=69.839791044592857 23.734005063772202 8.4087115377187747 88.296041548252106 406.72708407044411 129.41431479156017 88.129502475261688 270.93222513794899 420.42226168513298 7.4145297259092322 427.38986966013908 113.40562573075294 122.17154875397682 7.8955067545175543 572.96417832374573
leaf_count=316 98 43 560 1873 544 467 1098 1800 31 1991 619 776 48 3786
internal_value=-4.09036e-05 -0.0397275 -0.0147322 0.0309595 0.0232506 0.0357044 0.00457796 0.0124197 0.0460819 0.0485675 -0.0435527 -0.0566767 -0.0284126 -0.058112
internal_weight=2757.15 1207.81 496.368 1549.34 1044.69 494.857 294.666 549.837 504.644 497.23 201.702 711.44 16.3042 695.136
internal_count=14050 7028 2375 7022 4684 2340 1196 2344 2338 2307 1179 4653 91 4562
cat_boundaries=0 1 2 3 4 5
cat_threshold=13 2 1 1 1
is_linear=0
shrinkage=0.05


Tree=21
num_leaves=15
num_cat=4
split_feature=0 0 1 33 36 34 8 4 32 39 1 33 27 33
split_gain=1277.87 195.031 98.1426 61.2122 124.289 134.437 76.9846 37.9667 12.0589 5.89722 5.40648 2.77609 1.81037 0.501491
threshold=0 1 2 36.95000000000001 95.500000000000014 24.450000000000003 33.350000000000001 -0.97876850416056749 27.230357000000001 12.450000000000001 3 29.850000000000005 19.450000000000003 37.750000000000007
decision_type=1 1 1 2 2 2 2 2 2 2 1 2 2 2
left_child=3 2 7 4 6 -6 -1 -2 -4 10 -3 -11 13 -5
right_child=1 9 8 12 5 -7 -8 -9 -10 11 -12 -13 -14 -15
leaf_value=-0.035847739838013475 -0.06781444801146945 0.02060475720668245 -0.056065965421879707 0.075016444072106073 0.043328972100216356 0.0013707360997060275 0.017459059743251949 0.008502808684483356 -0.030475648845063315 -0.011546552789476833 -0.051561604542131746 -0.057888366062969127 0.028723843964477736 0.059749242905029691
leaf_weight=105.67805737257004 16.318761631846428 4.7018806636333448 83.526467397809029 52.244957447052002 914.6928181797266 241.27697597444057 184.51938533782959 275.92003916203976 113.66680401563644 3.810721591114997 3.8794290572404861 675.48151947557926 5.0126803070306769 47.126228630542755
leaf_count=450 69 24 549 232 4336 1040 808 1118 631 21 23 4597 23 218
internal_value=2.26775e-05 -0.0390502 -0.0140948 0.0297559 0.0272415 0.0345801 -0.00200954 0.00402449 -0.0415433 -0.056305 -0.0139966 -0.0576458 0.0668267 0.0684435
internal_weight=2727.86 1177.31 489.432 1550.55 1446.17 1155.97 290.197 292.239 197.193 687.874 8.58131 679.292 104.384 99.3712
internal_count=14139 7032 2367 7107 6634 5376 1258 1187 1180 4665 47 4618 473 450
cat_boundaries=0 1 2 3 4
cat_threshold=13 2 1 1
is_linear=0
shrinkage=0.05


Tree=22
num_leaves=15
num_cat=5
split_feature=0 0 1 1 0 34 34 37 34 40 2 32 27 44
split_gain=1199.78 173.695 94.5664 61.5467 42.4914 38.557 99.8348 38.8846 37.3313 31.3445 19.4478 10.0938 4.61575 14.4247
threshold=0 1 2 3 4 24.550000000000004 25.150000000000002 25.500000000000004 20.950000000000003 125.2 9.5000000000000018 27.296726500000002 1.0000000180025095e-35 33.300000000000004
decision_type=1 1 1 1 1 2 2 2 2 2 2 2 2 2
left_child=3 2 8 5 10 7 -7 -1 -2 -6 -5 -4 13 -3
right_child=1 12 11 4 9 6 -8 -9 -10 -11 -12 -13 -14 -15
leaf_value=-0.053335617623100288 -0.062995605487770015 -0.0046648567031642519 -0.054875580018858096 0.030724006945973287 0.01326620536529328 -0.016617776746928433 0.063295731063950339 0.047664291965644701 0.007979551712504326 -0.057025917608845893 0.066405334700110036 -0.031067190117606416 -0.057405838098903962 -0.056707353942674989
leaf_weight=8.91058102250099 18.892189502716064 18.982925966382027 87.270025655627251 204.38673405349255 528.00810508430004 90.0564294308424 67.623034536838531 553.02097107470036 269.32282550632954 15.376408278942106 47.599517107009888 102.54590940475464 601.56481236219406 45.144174039363861
leaf_count=37 86 119 586 926 2278 391 319 2773 1086 67 234 579 4264 301
internal_value=-4.77659e-05 -0.0385006 -0.0146347 0.0290504 0.019616 0.0398396 0.0178372 0.0459708 0.00312548 0.0109744 0.0362664 -0.0422436 -0.0551221 -0.0416099
internal_weight=2658.7 1143.72 478.031 1514.98 795.371 719.611 157.679 561.932 288.215 543.385 251.986 189.816 665.692 64.1271
internal_count=14046 7021 2337 7025 3505 3520 710 2810 1172 2345 1160 1165 4684 420
cat_boundaries=0 1 2 3 4 5
cat_threshold=13 2 1 1 1
is_linear=0
shrinkage=0.05


Tree=23
num_leaves=15
num_cat=5
split_feature=0 0 1 1 0 2 2 26 39 44 32 27 44 4
split_gain=1114.77 163.099 78.135 61.2997 42.4079 40.4926 37.5843 44.2015 31.7138 23.5969 11.5421 4.99705 15.2913 2.40386
threshold=0 1 2 3 4 2.5000000000000004 9.5000000000000018 15.050000000000002 15.450000000000001 52.000000000000007 27.230357000000001 1.0000000180025095e-35 33.300000000000004 0.99274428880883148
decision_type=1 1 1 1 1 2 2 2 2 2 2 2 2 2
left_child=3 2 5 6 9 -2 7 -1 -6 -5 -4 12 -3 -13
right_child=1 11 10 4 8 -7 -8 -9 -10 -11 -12 13 -14 -15
leaf_value=-0.0031022135548771637 -0.03878381064155504 -0.00098917116662122014 -0.054579709204521189 0.038755570722201808 -0.032789706934126771 0.010282188389747135 0.063451919487049147 0.038506604483125491 0.01349097022210094 -0.068880504544359095 -0.02889359940072497 -0.057630994611726265 -0.055918752516362351 -0.03955965390429117
leaf_weight=72.851037606596947 50.201706796884537 17.81794485449791 79.317597508430481 244.46125295758247 39.002457723021507 234.25452022254467 126.96198914945126 506.2721982896328 503.49142773449421 4.3200188577175131 107.49060250818729 551.24266545474529 43.164462834596634 28.790250718593597
leaf_count=333 210 112 560 1143 166 949 734 2457 2179 18 618 4065 298 207
internal_value=-0.000196759 -0.0379053 -0.0146917 0.0278876 0.0184796 0.00151734 0.0387841 0.0332761 0.00992678 0.0352086 -0.0400323 -0.0544359 -0.0401442 -0.0568036
internal_weight=2609.64 1112.28 471.264 1497.36 791.275 284.456 706.085 579.123 542.494 248.781 186.808 641.015 60.9824 580.033
internal_count=14049 7019 2337 7030 3506 1159 3524 2790 2345 1161 1178 4682 410 4272
cat_boundaries=0 1 2 3 4 5
cat_threshold=13 2 1 1 1
is_linear=0
shrinkage=0.05


Tree=24
num_leaves=15
num_cat=4
split_feature=0 0 1 34 34 39 36 5 20 32 41 39 1 41
split_gain=997.453 174.292 81.1189 59.2954 196.883 115.358 112.791 36.9779 12.7654 10.9054 6.45421 5.28299 5.52407 4.90658
threshold=0 1 2 25.150000000000002 24.550000000000004 19.150000000000002 95.500000000000014 -0.7444366621422277 33.250000000000007 27.230357000000001 30.200000000000006 12.450000000000001 3 1.0000000180025095e-35
decision_type=1 1 1 2 2 2 2 2 2 2 2 2 1 2
left_child=3 2 7 4 6 -6 -1 -2 10 -4 -5 12 -3 -13
right_child=1 11 9 8 5 -7 -8 -9 -10 -11 -12 13 -14 -15
leaf_value=0.0017254285827072631 0.032960947324604258 0.020229270983310219 -0.053697812799560166 -0.028657803069058348 -0.082330575922495541 0.0026499074711229561 0.03919728786274243 -0.0072043042432529437 0.063839851019952376 -0.028347533948353779 0.036951109310021608 -0.030906705781668781 -0.051006737276582219 -0.056110041942775468
leaf_weight=257.36431810259819 76.867722928524017 4.8430974036455137 74.737320750951767 5.1839051097631446 58.134651631116867 122.81403189897537 914.56399531662464 216.08765606582165 118.21848540008068 108.49060456454754 8.7307128906249982 24.126496776938438 4.2325191497802734 585.23044089972973
leaf_count=1133 311 26 547 22 241 540 4508 883 559 634 40 162 27 4475
internal_value=-0.000155241 -0.036167 -0.0126607 0.0264612 0.0234829 -0.0249548 0.0309767 0.00341082 0.0585372 -0.0389231 0.0122258 -0.0537288 -0.0147576 -0.0551644
internal_weight=2579.63 1094.62 476.183 1485.01 1352.88 180.949 1171.93 292.955 132.133 183.228 13.9146 618.433 9.07562 609.357
internal_count=14108 7065 2375 7043 6422 781 5641 1194 621 1181 62 4690 53 4637
cat_boundaries=0 1 2 3 4
cat_threshold=13 2 1 1
is_linear=0
shrinkage=0.05


Tree=25
num_leaves=15
num_cat=5
split_feature=0 0 1 0 1 4 44 43 34 5 32 27 44 34
split_gain=933.545 165.674 76.4631 69.1578 46.0186 35.075 27.7274 27.7091 27.2489 18.9518 11.9329 5.31615 12.3325 2.8267
threshold=0 1 2 3 4 -0.95244167294248061 52.000000000000007 43.800000000000004 25.250000000000004 -0.92921788351138401 27.230357000000001 1.0000000180025095e-35 33.300000000000004 18.250000000000004
decision_type=1 1 1 1 1 2 2 2 2 2 2 2 2 2
left_child=3 2 5 6 7 -2 9 -5 -6 -1 -4 12 -3 -13
right_child=1 11 10 4 8 -7 -8 -9 -10 -11 -12 13 -14 -15
leaf_value=0.019290282723542801 -0.0557453113435179 -0.0030792798026173171 -0.054294131266835535 0.031415218693359746 0.0047494291364956033 0.0084756201149670217 -0.047929045542354012 -0.053231714018074062 0.046659515807253242 0.048416286639350221 -0.027237266749445974 -0.012646961465988184 -0.05324281177262459 -0.0558982958646074
leaf_weight=67.119994521141052 22.115679383277893 17.749745324254036 71.391135975718498 449.35119557380676 494.43980987370014 264.40651935338974 7.5255404114723197 9.0079680532217008 41.121193677186966 396.49375851452351 103.50391025841236 4.4804871678352347 39.503638997673988 533.63804107159376
leaf_count=321 93 114 542 2298 2155 1076 32 39 187 2003 614 22 292 4260
internal_value=3.93621e-05 -0.0355734 -0.012311 0.0258012 0.0178457 0.00334198 0.0417942 0.0296394 0.00804831 0.0442501 -0.0385276 -0.0530515 -0.0380109 -0.0555623
internal_weight=2521.85 1056.79 461.417 1465.06 993.92 286.522 471.139 458.359 535.561 463.614 174.895 595.372 57.2534 538.119
internal_count=14048 7013 2325 7035 4679 1169 2356 2337 2342 2324 1156 4688 406 4282
cat_boundaries=0 1 2 3 4 5
cat_threshold=13 2 1 1 1
is_linear=0
shrinkage=0.05


Tree=26
num_leaves=15
num_cat=4
split_feature=0 0 1 0 2 26 33 44 34 44 37 30 44 34
split_gain=845.028 164.119 74.9486 58.9111 52.6389 53.9037 46.1626 53.9558 35.6796 14.0139 13.0778 4.45733 13.217 3.33699
threshold=0 1 2 3 7.5000000000000009 15.050000000000002 36.95000000000001 48.050000000000004 20.950000000000003 48.800000000000004 35.500000000000007 0.15000000000000005 31.850000000000005 18.250000000000004
decision_type=1 1 1 1 2 2 2 2 2 2 2 2 2 2
left_child=3 2 8 4 5 -1 7 -5 -2 -6 -4 12 -3 -13
right_child=1 11 10 6 9 -7 -8 -9 -10 -11 -12 13 -14 -15
leaf_value=-0.014456811057019263 -0.061153896322031345 -0.0030733838099081447 -0.060151800016163673 0.010265841615639468 0.051671215941476917 0.029430209580431823 0.066233756142457356 -0.062476094728031908 0.0084523394338969979 0.0021452506371964059 -0.028938784057196777 -0.0079336283771623654 -0.052563786291287863 -0.055516968843168646
leaf_weight=79.327725037932396 18.753931999206543 18.080662153661251 47.256729044020176 444.23363195359707 291.20873889327049 559.8190346211195 33.2818603515625 26.04840099811554 270.3194086253643 15.110661834478377 126.54826062172651 4.0763492286205283 53.682727716863155 495.54141394793987
leaf_count=354 88 123 301 2084 1574 2682 160 114 1093 64 875 20 415 4119
internal_value=-0.00016897 -0.0344874 -0.0116244 0.0244026 0.0318643 0.0239691 0.0100113 0.00611273 0.00374131 0.049243 -0.037721 -0.0524394 -0.0403084 -0.0551454
internal_weight=2483.29 1034.26 462.878 1449.03 945.466 639.147 503.564 470.282 289.073 306.319 173.805 571.381 71.7634 499.618
internal_count=14066 7034 2357 7032 4674 3036 2358 2198 1181 1638 1176 4677 538 4139
cat_boundaries=0 1 2 3 4
cat_threshold=13 2 1 9
is_linear=0
shrinkage=0.05


Tree=27
num_leaves=15
num_cat=5
split_feature=0 0 1 1 36 19 39 34 34 37 4 5 30 1
split_gain=782.684 154.116 64.8951 64.5645 41.4497 68.902 44.1078 37.0841 88.646 46.2123 34.0237 13.155 5.89406 11.3516
threshold=0 1 2 3 96.500000000000014 27.034027500000004 18.850000000000005 24.550000000000004 25.150000000000002 25.500000000000004 -0.97876850416056749 -0.93543596745397617 0.65000000000000002 4
decision_type=1 1 1 1 2 2 2 2 2 2 2 2 2 1
left_child=3 2 10 7 5 -5 -6 9 -9 -1 -2 -4 13 -3
right_child=1 12 11 4 6 -7 -8 8 -10 -11 -12 -13 -14 -15
leaf_value=-0.066831893226389091 -0.067256313856080205 -0.028393940841070522 -0.0012835625694512642 -0.067601415414488539 0.0058012042914166633 0.0076685208047609608 0.034992881389575299 -0.019086508051513715 0.058712053931482461 0.043523863968487841 0.0068293130339682406 -0.041953036878161036 -0.055764425708988853 -0.057565615371478245
leaf_weight=8.8147694468498212 15.430396258831022 72.098814077675343 23.097328551113605 34.614092901349068 238.51283341646194 206.91620354354382 283.0872517824173 87.882656320929527 61.345301687717438 504.07965740561485 272.2492627799511 144.81473070383072 410.08337985724211 67.987270027399063
leaf_count=37 67 564 152 147 1100 925 1323 388 318 2753 1111 1016 3554 561
internal_value=-0.000225965 -0.0337915 -0.0115459 0.0235393 0.0137638 -0.00335279 0.021681 0.0351233 0.0130732 0.0415009 0.00263634 -0.0363994 -0.0516256 -0.0428594
internal_weight=2431.01 1005.76 455.592 1425.25 763.13 241.53 521.6 662.122 149.228 512.894 287.68 167.912 550.169 140.086
internal_count=14016 7025 2346 6991 3495 1072 2423 3496 706 2790 1178 1168 4679 1125
cat_boundaries=0 1 2 3 4 5
cat_threshold=13 2 1 1 1
is_linear=0
shrinkage=0.05


Tree=28
num_leaves=15
num_cat=5
split_feature=0 0 1 2 34 0 36 44 33 1 21 40 19 5
split_gain=727.986 163.913 61.4944 47.8482 51.3283 46.8088 38.8251 16.3386 5.40964 6.25294 10.4014 4.48922 11.4791 3.47781
threshold=0 1 2 7.5000000000000009 20.350000000000005 3 96.500000000000014 48.800000000000004 30.750000000000004 4 22.350000000000005 1.0000000180025095e-35 27.512500000000003 -0.98212955754013376
decision_type=1 1 1 2 2 1 2 2 2 1 2 2 2 2
left_child=8 3 6 4 -2 -4 -3 -5 9 10 -1 12 -10 -13
right_child=1 2 5 7 -6 -7 -8 -9 11 -11 -12 13 -14 -15
leaf_value=0.05692587549174697 -0.047721239680085986 -0.0083072664577513253 -0.0001333536652579136 0.04946577070547685 0.025078985120612563 -0.033556138336860102 0.021226821011228796 -0.0037900503053491501 -0.055225961129410896 -0.052731000669295605 -0.046109371055582701 -0.036790554734536129 0.017369092320746512 -0.055184382145643834
leaf_weight=4.2830663025379163 24.330282717943192 162.87709367275238 266.52213563024998 277.76588639616966 599.23748618364334 166.26264933496714 347.23834101855755 15.042119488120077 13.514801792800428 6.504374623298645 3.596147894859314 36.040059708058834 8.0982402116060239 457.9291008412838
leaf_count=22 100 723 1156 1566 2920 1178 1628 64 103 48 28 327 56 4099
internal_value=-8.54193e-06 0.0147671 4.7556e-05 0.0297324 0.0221666 -0.0137978 0.0117989 0.0467263 -0.0510918 -0.0199495 0.0100029 -0.0529093 -0.0284599 -0.0539194
internal_weight=2389.24 1859.28 942.9 916.376 623.568 432.785 510.115 292.808 529.966 14.3836 7.87921 515.582 21.613 493.969
internal_count=14018 9335 4685 4650 3020 2334 2351 1630 4683 98 50 4585 159 4426
cat_boundaries=0 1 2 3 4 5
cat_threshold=48 9 1 4 1
is_linear=0
shrinkage=0.05


Tree=29
num_leaves=15
num_cat=6
split_feature=0 0 1 2 26 44 0 1 30 1 4 5 44 9
split_gain=685.831 158.795 61.2434 49.6787 56.7032 43.0152 42.7502 10.7154 5.49629 10.8245 15.0008 3.8426 16.9005 0.72081
threshold=0 1 2 7.5000000000000009 15.050000000000002 52.750000000000007 3 4 0.65000000000000002 5 0.99053107487289871 -0.98801846520836334 43.750000000000007 21.150000000000002
decision_type=1 1 1 2 2 2 1 1 2 1 2 2 2 2
left_child=8 3 5 4 -2 -3 -4 -5 9 10 -1 12 -10 -13
right_child=1 2 6 7 -6 -7 -8 -9 11 -11 -12 13 -14 -15
leaf_value=-0.034661740801175754 -0.018056433527856647 0.013156079937350762 -0.0012148040679140417 0.057783101553483686 0.027160344466906725 -0.10254690769206772 -0.033648426840182599 0.037559978811389644 -0.050746223304934404 -0.056684806080460164 0.043295853293169893 -0.022239103352412672 0.049264690517501535 -0.056479203369291298
leaf_weight=61.350217968225479 78.840034514665604 504.46483537554741 264.08279550075531 125.78901478648186 539.07810993492603 7.1725224107503882 160.14396044611931 159.35331124067307 24.346965715289119 63.167115807533264 5.9965217038989058 3.2773336172103873 4.2381050363183013 351.52981247752905
leaf_count=504 355 2332 1145 806 2668 30 1165 820 228 564 51 27 39 3307
internal_value=-9.95401e-05 0.0142142 -0.000296799 0.0290749 0.0213713 0.0113372 -0.0143286 0.0466521 -0.0505414 -0.0417868 -0.0271885 -0.05472 -0.0347543 -0.0562263
internal_weight=2352.83 1838.92 935.864 903.06 617.918 511.637 424.227 285.142 513.906 130.514 67.3467 383.392 28.5851 354.807
internal_count=14041 9321 4672 4649 3023 2362 2310 1626 4720 1119 555 3601 267 3334
cat_boundaries=0 1 2 3 4 5 6
cat_threshold=48 9 1 4 1 1
is_linear=0
shrinkage=0.05


Tree=30
num_leaves=15
num_cat=5
split_feature=0 0 1 2 26 34 0 44 43 4 2 1 34 5
split_gain=632.425 141.334 49.8386 48.6171 50.7253 41.9663 36.8002 13.1688 6.62058 13.1061 12.4984 12.1329 4.70765 3.07848
threshold=0 1 2 7.5000000000000009 15.050000000000002 20.950000000000003 3 48.800000000000004 0.75000000000000011 0.99053107487289871 1.5000000000000002 4 19.650000000000002 -0.99864786094873803
decision_type=1 1 1 2 2 2 1 2 2 2 2 1 2 2
left_child=8 3 5 4 -2 -3 -4 -5 9 10 -1 -11 -10 -14
right_child=1 2 6 7 -6 -7 -8 -9 12 11 -12 -13 13 -15
leaf_value=-0.010236592819158936 -0.017113621519066962 -0.041825832117336148 -0.0010409974480246633 0.047469245388030851 0.025443346975740435 0.014404573443360269 -0.031172244515109054 -0.002762383950979178 -0.013904430251290907 0.076015063040155859 -0.054859177013922671 -0.042612007702713742 -0.023093372027223415 -0.055241725397273879
leaf_weight=21.879362277686596 79.823748752474785 34.766790866851807 272.04621669650078 267.66232618689537 535.30944687128067 464.72968131303787 155.80522476881742 13.601341545581816 8.0853159725666028 3.9015657752752295 59.704477906227112 2.9824083596467972 9.5989068672060949 384.52008559554815
leaf_count=178 358 172 1179 1587 2676 2143 1157 58 52 32 540 28 92 3763
internal_value=-0.000145068 0.0134588 -0.000300189 0.027524 0.0199021 0.010415 -0.0128118 0.045039 -0.0498919 -0.0375723 -0.043161 0.025735 -0.0537392 -0.0545192
internal_weight=2314.42 1823.74 927.348 896.397 615.133 499.496 427.851 281.264 490.672 88.4678 81.5838 6.88397 402.204 394.119
internal_count=14015 9330 4651 4679 3034 2315 2336 1645 4685 778 718 60 3907 3855
cat_boundaries=0 1 2 3 4 5
cat_threshold=48 9 1 4 1
is_linear=0
shrinkage=0.05


Tree=31
num_leaves=15
num_cat=4
split_feature=0 0 1 2 34 44 35 44 30 44 1 4 32 33
split_gain=591.009 139.366 51.4232 44.9483 43.1511 40.1404 34.9998 14.5263 5.84622 15.9199 22.8971 3.66034 14.0171 2.1612
threshold=0 1 2 7.5000000000000009 20.350000000000005 52.750000000000007 87.532738500000008 48.800000000000004 0.15000000000000005 33.300000000000004 3 0.99274428880883148 29.736309500000004 29.850000000000005
decision_type=1 1 1 2 2 2 2 2 2 2 1 2 2 2
left_child=8 3 5 4 -2 -3 -4 -5 9 10 -1 13 -13 -10
right_child=1 2 6 7 -6 -7 -8 -9 11 -11 -12 12 -14 -15
leaf_value=0.051923807294509509 -0.044239063805698163 0.011606830618697489 -0.0088398915098416627 0.046694382336181166 0.022279685051022964 -0.098169353771488083 -0.055664938222902229 -0.0055274794076555552 -0.0067594507819594349 -0.051373382524858749 -0.052985774159766665 -0.052827887893556108 0.040282575212723645 -0.054214319610723066
leaf_weight=10.153375200927258 24.532696962356567 499.23372982442379 376.64465482532978 257.95979432761669 584.99036863446236 7.4765214174985877 43.7312181442976 13.827746093273161 2.7213836163282386 44.02059081941843 8.7486317083239555 14.105216428637506 4.6892345398664466 388.04558908939362
leaf_count=71 101 2323 2065 1573 2933 31 257 59 18 408 69 138 41 3948
internal_value=-0.000374353 0.0126865 -0.000910689 0.0268249 0.0195343 0.00979691 -0.0138316 0.044027 -0.0495075 -0.0352031 0.00314475 -0.0528199 -0.0287353 -0.0539019
internal_weight=2280.88 1808.4 927.086 881.311 609.523 506.71 420.376 271.788 472.484 62.9226 18.902 409.561 18.7945 390.767
internal_count=14035 9342 4676 4666 3034 2354 2322 1632 4693 548 140 4145 179 3966
cat_boundaries=0 1 2 3 4
cat_threshold=48 9 1 1
is_linear=0
shrinkage=0.05


Tree=32
num_leaves=15
num_cat=4
split_feature=0 0 36 20 39 2 34 1 33 1 24 43 4 5
split_gain=542.678 133.481 47.1749 78.5857 68.8999 42.6918 43.7792 13.0413 5.30853 5.94882 7.14571 4.52104 10.3887 4.68685
threshold=0 1 95.500000000000014 34.650000000000013 18.850000000000005 7.5000000000000009 25.150000000000002 2 30.750000000000004 3 62.500000000000007 0.75000000000000011 0.99053107487289871 -0.98521978256641018
decision_type=1 1 2 2 2 2 2 1 2 1 2 2 2 2
left_child=8 5 3 -3 -4 6 -2 -7 9 10 -1 12 -10 -13
right_child=1 2 4 -5 -6 7 -8 -9 11 -11 -12 13 -14 -15
leaf_value=0.045276272640293359 0.013122748731002776 -0.060727206336415464 -0.013387276700498454 0.00021813989172484534 0.018382844034529895 0.054986114393378152 0.053478494348559148 0.03226154143050243 -0.044640928634500726 -0.050703112761322916 -0.042550951475921889 -0.031982871447628652 0.016309709490236638 -0.05524412132980383
leaf_weight=4.8286076337099058 525.16662792861462 80.777322247624397 298.10339533537626 149.7347112223506 396.51007904112339 117.11190697550774 76.315500438213348 151.6643014550209 75.926552586257458 6.2055937051773071 2.8840659856796265 28.305081121623516 7.1883883774280539 331.52622382342815
leaf_count=25 2614 389 1521 731 2031 823 406 831 718 53 26 294 62 3540
internal_value=-0.000907797 0.0115308 -0.00174126 -0.0213087 0.00474859 0.0254853 0.0183233 0.0423303 -0.0488916 -0.0178787 0.0113199 -0.0509249 -0.0392382 -0.0535081
internal_weight=2252.25 1795.38 925.126 230.512 694.613 870.258 601.482 268.776 456.865 13.9183 7.71267 442.946 83.1149 359.831
internal_count=14064 9346 4672 1120 3552 4674 3020 1654 4718 104 51 4614 780 3834
cat_boundaries=0 1 2 3 4
cat_threshold=48 9 1 1
is_linear=0
shrinkage=0.05


Tree=33
num_leaves=15
num_cat=2
split_feature=0 0 6 5 6 44 40 5 39 6 4 4 7 5
split_gain=525.096 114.311 56.0111 77.87 64.3581 59.93 46.3344 43.9039 50.605 42.9066 16.2948 4.83743 16.5456 5.30287
threshold=0 1 2.5000000000000004 -0.97874870457683605 27.000000000000004 48.050000000000004 41.050000000000004 -0.59867820553660911 18.650000000000002 1.5000000000000002 -0.97876850416056749 0.99466373373798567 30.068750000000005 0.86004965528756494
decision_type=1 1 2 2 2 2 2 2 2 2 2 2 2 2
left_child=2 7 3 -1 5 -4 -6 8 -2 -5 -9 13 -13 -3
right_child=1 11 4 9 6 -7 -8 10 -10 -11 -12 12 -14 -15
leaf_value=-0.096575827910715673 -0.039162302646120375 -0.053438832056637325 0.03466360859437017 0.015258916413226806 -0.073881897589935158 -0.018069845687148457 0.0069814624349067017 -0.062230781528021951 0.027190538732546177 -0.035466250939274128 -0.019461378549105408 -0.05207883481640968 0.046011434415023263 -0.037312223257497341
leaf_weight=18.101942136883736 37.717624522745609 344.5246394649148 773.85272498428822 266.79645060002804 18.82236821949482 57.303480885922909 165.66124134510756 23.615478627383709 110.8056682497263 48.404468864202499 269.32142171263695 12.955035261809828 5.3192183375358573 72.848145820200443
leaf_count=77 193 3805 4183 1304 92 263 880 139 576 214 1451 135 45 697
internal_value=-0.00041794 -0.030317 0.019114 0.00146366 0.0250872 0.0310106 -0.00162265 -0.011645 0.010191 0.00738167 -0.0231093 -0.0484854 -0.0226211 -0.05072
internal_weight=2226.05 877.107 1348.94 333.303 1015.64 831.156 184.484 441.46 148.523 315.201 292.937 435.647 18.2743 417.373
internal_count=14054 7041 7013 1595 5418 4446 972 2359 769 1518 1590 4682 180 4502
cat_boundaries=0 1 2
cat_threshold=13 2
is_linear=0
shrinkage=0.05


Tree=34
num_leaves=13
num_cat=3
split_feature=0 0 34 36 2 34 20 37 1 5 41 4
split_gain=491.267 115.078 45.7571 70.5362 41.8011 46.6299 21.6254 5.47134 5.09034 10.5107 11.3927 8.90742
threshold=0 1 25.250000000000004 95.500000000000014 9.5000000000000018 20.250000000000004 36.750000000000007 55.500000000000007 2 0.8511460603353429 0.35000000000000003 0.99053107487289871
decision_type=1 1 2 2 2 2 2 2 1 2 2 2
left_child=8 4 3 -3 5 -2 -4 -6 9 11 -11 -1
right_child=1 2 6 -5 7 -7 -8 -9 -10 10 -12 -13
leaf_value=-0.051478139559210628 -0.055765151967960426 -0.031209355903291221 0.062688124704089188 0.003688028224471777 0.032288715673252297 0.022267879988678213 0.0081018158417466811 0.056109684293920881 -0.055119500180944449 0.028696578179223099 -0.033268688967215986 -0.0061324550076834496
leaf_weight=162.57506912946701 18.756185337901115 183.78091930598021 38.116007685661316 668.47075183689594 38.221120856702328 695.39946633577347 34.474007457494736 102.83131483197212 202.60471627861261 8.7627303376793844 31.620725870132446 11.908420525491236
leaf_count=1833 77 888 188 3448 260 3664 179 698 2338 68 308 115
internal_value=0.000187507 0.0116913 -0.000596632 -0.00386506 0.0248185 0.0201434 0.0372267 0.0499276 -0.0479084 -0.0431043 -0.0194544 -0.0484359
internal_weight=2197.52 1780.05 924.842 852.252 855.208 714.156 72.59 141.052 417.472 214.867 40.3835 174.483
internal_count=14064 9402 4703 4336 4699 3741 367 958 4662 2324 376 1948
cat_boundaries=0 1 2 3
cat_threshold=48 9 1
is_linear=0
shrinkage=0.05


Tree=35
num_leaves=15
num_cat=4
split_feature=0 0 33 36 34 8 1 5 34 27 38 5 33 1
split_gain=466.362 98.0527 55.9298 101.637 113.157 50.6801 42.5658 30.913 10.909 6.21867 11.1715 4.18511 3.15958 2.83536
threshold=0 1 36.95000000000001 95.500000000000014 24.550000000000004 33.350000000000001 2 0.79773375822167203 26.050000000000004 1.0000000180025095e-35 6.6723215000000007 -0.98212955754013376 37.750000000000007 3
decision_type=1 1 2 2 2 2 1 2 2 2 2 2 2 1
left_child=2 6 3 5 -5 -1 7 -2 -8 10 -3 -11 -4 -14
right_child=1 9 12 4 -6 -7 8 -9 -10 11 -12 -13 13 -15
leaf_value=-0.039936087535366593 0.0064375707662766742 0.032539912649278621 0.067058593122355029 0.030803432447055121 -0.013140055442847921 0.005002575413608051 -0.036574934058754664 -0.036213924118537931 0.031278954841607275 -0.029803104202740058 -0.039154313962895482 -0.052380381831704174 0.059424576757649686 0.030850406695341517
leaf_weight=100.81081652641296 234.72851388156414 5.5246587991714469 43.761043131351471 792.52817593514919 179.06805230677128 162.98521476984024 146.37649722397327 50.823409453034401 5.4420438259840003 26.702188991010189 38.554961904883385 331.49492907524109 19.109689965844154 23.641156762838364
leaf_count=448 961 40 226 4481 828 783 1141 217 32 311 377 3946 120 123
internal_value=-0.000618589 -0.0295378 0.0178471 0.0152312 0.0226993 -0.0122569 -0.0123737 -0.00125356 -0.0339539 -0.0473732 -0.0296461 -0.050785 0.0566416 0.0446894
internal_weight=2161.55 839.647 1321.9 1235.39 971.596 263.796 437.37 285.552 151.819 402.277 44.0796 358.197 86.5119 42.7508
internal_count=14034 7025 7009 6540 5309 1231 2351 1178 1173 4674 417 4257 469 243
cat_boundaries=0 1 2 3 4
cat_threshold=13 2 1 1
is_linear=0
shrinkage=0.05


Tree=36
num_leaves=15
num_cat=5
split_feature=0 0 1 0 44 34 39 5 5 1 30 5 44 4
split_gain=417.971 100.129 52.2036 42.5166 34.1127 33.7895 27.4693 22.1712 6.83789 11.67 13.1907 4.6511 20.9558 5.22602
threshold=0 1 2 3 48.050000000000004 24.450000000000003 24.950000000000003 -0.95242240592625282 0.8511460603353429 4 0.15000000000000005 -0.98212955754013376 43.750000000000007 0.99274428880883148
decision_type=1 1 1 1 2 2 2 2 2 1 2 2 2 2
left_child=8 4 5 -4 7 -3 -6 -2 11 10 -10 12 -1 -13
right_child=1 2 3 -5 6 -7 -8 -9 9 -11 -12 13 -14 -15
leaf_value=-0.048187328259056965 0.0032526602301992413 0.019489896017582442 0.0006579791320091632 -0.029153589465238446 -0.085170383060603094 -0.0059130122961042466 0.014666190980993988 0.041110686612374187 0.022527344048574108 -0.054068461436329984 -0.036853517308900074 -0.054582587295329457 0.065897797360987637 -0.025206143985005883
leaf_weight=21.681137546896938 43.992511138319969 521.37854396551847 499.27214474976063 146.91575789451599 9.3148866370320338 174.1529321372509 20.062320470809937 330.08150194585323 14.960536792874334 32.325505346059799 21.852166280150414 272.33669982850552 3.9839334040880194 18.679471254348755
leaf_count=262 233 2740 2321 1161 46 801 97 1982 122 368 238 3432 44 203
internal_value=-0.000187337 0.0102866 0.0036056 -0.00659478 0.0318197 0.0131299 -0.0187515 0.036679 -0.0465312 -0.0325713 -0.0127638 -0.0509315 -0.028671 -0.0527898
internal_weight=2130.99 1745.17 1341.72 646.188 403.451 695.531 29.3772 374.074 385.819 69.1382 36.8127 316.681 25.6651 291.016
internal_count=14050 9381 7023 3482 2358 3541 143 2215 4669 728 360 3941 306 3635
cat_boundaries=0 1 2 3 4 5
cat_threshold=48 1 1 12 1
is_linear=0
shrinkage=0.05


Tree=37
num_leaves=14
num_cat=2
split_feature=0 0 2 26 44 40 44 33 21 40 19 5 17
split_gain=386.446 88.1122 38.7813 42.982 38.0088 36.9221 11.4521 9.04632 5.55303 5.4752 11.6402 4.69873 0.0948822
threshold=0 1 7.5000000000000009 15.050000000000002 52.750000000000007 130.55000000000004 48.800000000000004 30.750000000000004 22.350000000000005 1.0000000180025095e-35 27.512500000000003 -0.98521978256641018 20.700000000000003
decision_type=1 1 2 2 2 2 2 2 2 2 2 2 2
left_child=7 2 3 -2 5 -3 -4 8 12 10 -9 -11 -1
right_child=1 4 6 -5 -6 -7 -8 9 -10 11 -12 -13 -14
leaf_value=0.027991404962565598 -0.020292497434654475 0.0013443974407007587 0.040699099823261947 0.019671339333323486 -0.083722944984481226 -0.068320441179144903 -0.0071107322816568357 -0.051727284228639973 -0.044172043411156291 -0.027207712184450068 0.026431433929047406 -0.051839944152775722 0.010577903942574983
leaf_weight=4.0654954910278303 76.959925770759583 877.42260302603245 230.08067568391562 497.05335666239262 12.819417707622049 18.440415874123573 12.953547388315199 10.596848748624327 4.0180700793862343 24.361802756786346 7.2693938463926306 318.65576756000519 3.1563871651887894
leaf_count=28 356 4523 1588 2649 62 98 56 106 48 297 57 4129 19
internal_value=-0.000696322 0.00933749 0.0211593 0.0142873 -0.00141813 -0.00016416 0.0381322 -0.0461422 -0.0029332 -0.0487512 -0.0202108 -0.0501747 0.0225929
internal_weight=2097.85 1725.73 817.048 574.013 908.682 895.863 243.034 372.124 11.24 360.884 17.8662 343.018 7.22188
internal_count=14016 9332 4649 3005 4683 4621 1644 4684 95 4589 163 4426 47
cat_boundaries=0 1 2
cat_threshold=48 9
is_linear=0
shrinkage=0.05


Tree=38
num_leaves=15
num_cat=4
split_feature=0 0 34 34 5 43 34 32 43 1 37 34 5 1
split_gain=363.568 86.6203 48.5498 96.6389 24.2641 50.2623 27.0006 22.2933 6.84466 11.2239 15.8454 5.13127 4.89957 3.64059
threshold=0 1 25.250000000000004 24.550000000000004 -0.84313311835787952 12.550000000000002 20.350000000000005 30.780952000000003 0.75000000000000011 2 29.500000000000004 19.950000000000006 -0.98212955754013376 3
decision_type=1 1 2 2 2 2 2 2 2 1 2 2 2 1
left_child=8 4 3 -3 5 -2 -6 -4 9 10 -1 13 -13 -10
right_child=1 2 7 -5 6 -7 -8 -9 11 -11 -12 12 -14 -15
leaf_value=-0.051750973053326571 -0.073991369998886253 0.0061700181455932868 0.053399887979244311 -0.032758678576910706 -0.01903584403069011 0.024378142941571642 0.041204237525769745 0.0051964775598295314 0.020137249108921944 -0.053358998346904246 0.012887750404102184 -0.028635803290526219 -0.053329343135707266 -0.043451294056314649
leaf_weight=14.673112340271471 14.73526158928871 1052.0190599262714 65.036520570516586 186.86578038334846 19.364398382604122 73.489912524819374 278.65768940001726 38.035647585988045 4.3604238182306281 31.360765658318996 23.245175659656525 25.904908373951912 257.48951004445553 2.9175025522708893
leaf_count=172 68 5666 335 873 105 407 1741 207 27 388 226 325 3542 26
internal_value=-0.000470996 0.00911864 0.00300978 0.000276568 0.0296719 0.00730346 0.0372395 0.0358327 -0.0454053 -0.0316648 -0.0128123 -0.0501172 -0.0511807 -0.00752318
internal_weight=2088.16 1728.2 1341.96 1238.88 386.247 88.2252 298.022 103.072 359.951 69.2791 37.9183 290.672 283.394 7.27793
internal_count=14108 9402 7081 6539 2321 475 1846 542 4706 786 398 3920 3867 53
cat_boundaries=0 1 2 3 4
cat_threshold=48 1 1 1
is_linear=0
shrinkage=0.05


Tree=39
num_leaves=15
num_cat=1
split_feature=1 40 36 7 39 6 5 6 44 40 6 38 44 14
split_gain=50.945 27.0977 29.7342 46.2741 28.1428 26.8129 44.7546 36.5842 33.4396 31.8878 19.4421 9.39232 6.79677 1.0388
threshold=0 132.00000000000003 95.500000000000014 27.102083500000003 15.450000000000001 2.5000000000000004 -0.97111920233974802 27.000000000000004 48.050000000000004 41.050000000000004 1.5000000000000002 8.5220240000000018 36.900000000000013 15.550000000000002
decision_type=1 2 2 2 2 2 2 2 2 2 2 2 2 2
left_child=5 2 3 -2 -4 6 11 8 -7 -9 -8 -1 -3 -14
right_child=1 12 4 -5 -6 7 10 9 -10 -11 -12 -13 13 -15
leaf_value=-0.010086333820706041 -0.077170863768561068 -0.11336984378685711 -0.032212918166641492 -0.013392817382767997 0.0012762315084616921 0.020441650649459655 0.0052957733493973072 -0.07477411487457522 -0.025614783971375787 -0.0018506706004622999 -0.034085873551723662 -0.10425213860411049 -0.056824630492122531 -0.021530510936422529
leaf_weight=3.5906697437167159 31.818132929503918 5.2719076350331333 68.208331890404224 218.90165859460831 669.90294246003032 599.25188789144158 203.47608059644699 16.004367023706436 41.344740375876427 127.08587419241667 36.013020556420088 12.336148701608179 5.4830071777105314 6.0133640021085739
leaf_count=21 197 37 467 1451 4752 4192 1282 97 251 880 208 69 38 49
internal_value=-9.65571e-06 -0.00802834 -0.00692126 -0.0217611 -0.00185787 0.00775074 -0.00629987 0.0123323 0.0174338 -0.0104694 -0.000743327 -0.0848727 -0.0692493 -0.0415637
internal_weight=2044.7 1005.6 988.831 250.72 738.111 1039.1 255.416 783.687 640.597 143.09 239.489 15.9268 16.7683 11.4964
internal_count=13991 6991 6867 1648 5219 7000 1580 5420 4443 977 1490 90 124 87
cat_boundaries=0 1
cat_threshold=1
is_linear=0
shrinkage=0.05


Tree=40
num_leaves=15
num_cat=5
split_feature=0 0 33 36 34 44 5 39 1 5 1 4 5 1
split_gain=347.54 84.1098 55.2776 95.0805 93.2131 66.0117 37.9507 42.8097 23.4173 7.09347 10.5379 4.07161 2.73829 3.43404
threshold=0 1 36.850000000000001 95.500000000000014 24.550000000000004 45.20000000000001 -0.59867820553660911 18.650000000000002 2 0.86869874770991873 3 0.99274428880883148 0.097680735332368721 4
decision_type=1 1 2 2 2 2 2 2 1 2 1 2 2 1
left_child=2 6 3 5 -5 -1 7 -2 -8 11 -11 -3 13 -4
right_child=1 9 12 4 -6 -7 8 -9 -10 10 -12 -13 -14 -15
leaf_value=-0.0033053358238021927 -0.037720473521246786 -0.051529247374256286 0.059632734858698466 0.027655697304955391 -0.012407021602841472 -0.072521379638938385 -0.012045289683465844 0.024821443171271093 -0.042451178478538312 -0.01133044490511935 -0.053062663530928311 -0.023792481735143981 0.068141965928935871 0.033579242968216454
leaf_weight=219.08445642888546 35.52474071085453 265.92196185514331 27.114283248782158 756.33186523616314 179.00694671273232 39.897542640566826 192.26738338172436 108.40752495825291 94.357132516801357 34.359514087438583 27.06016331911087 16.551262825727463 27.032940089702606 34.509451374411583
leaf_count=1046 189 3776 180 4470 830 181 793 574 804 347 348 197 136 184
internal_value=-0.000632814 -0.026863 0.0152993 0.0125638 0.0199834 -0.0142064 -0.0114098 0.00923136 -0.0221677 -0.0452572 -0.0302723 -0.0499937 0.0533048 0.0458119
internal_weight=2057.43 774.45 1282.98 1194.32 935.339 258.982 430.557 143.932 286.625 343.893 61.4197 282.473 88.6567 61.6237
internal_count=14055 7028 7027 6527 5300 1227 2360 763 1597 4668 695 3973 500 364
cat_boundaries=0 1 2 3 4 5
cat_threshold=13 2 1 1 1
is_linear=0
shrinkage=0.05


Tree=41
num_leaves=15
num_cat=4
split_feature=0 0 34 34 1 4 32 30 1 4 12 5 44 9
split_gain=314.889 76.9268 56.2681 126.156 35.8138 24.9562 13.3921 8.94899 14.0741 16.5419 4.83158 4.5292 16.7297 4.44624
threshold=0 1 25.250000000000004 24.550000000000004 2 -0.97876850416056749 27.230357000000001 0.65000000000000002 3 0.99053107487289871 63.500000000000007 -0.98212955754013376 43.750000000000007 21.350000000000005
decision_type=1 1 2 2 1 2 2 2 1 2 2 2 2 2
left_child=7 4 3 -3 5 -2 -6 8 9 -1 -4 12 -9 -13
right_child=1 2 10 -5 6 -7 -8 11 -10 -11 -12 13 -14 -15
leaf_value=-0.023477409038649005 -0.061999501433019445 0.019055486589505424 0.057512199733702231 -0.025343457010365507 -0.048749884411564456 0.0040463198667321145 -0.017395806895327087 -0.046735421035221283 -0.053158892590822765 0.063072470263803027 0.024987549926002085 0.0060542849184435999 0.056518407973012122 -0.053628541121883269
leaf_weight=45.673778131604195 14.112738803029059 987.4900101646781 76.478999391198158 189.99153232574463 57.19100483506918 265.96579572558403 86.650703437626362 19.426950264722112 40.036666233092546 5.2917670533061019 16.038598582148552 2.9713909253478041 3.9613894894719115 213.53906444087625
leaf_count=506 62 5627 450 863 562 1095 623 268 553 49 88 30 45 3220
internal_value=-0.000186014 0.00859818 0.0147366 0.0118761 -0.00969905 0.000509632 -0.0301126 -0.0439777 -0.031308 -0.0134501 0.0522013 -0.0504595 -0.0276465 -0.0527854
internal_weight=2024.82 1693.92 1270 1177.48 423.92 280.079 143.842 330.901 91.0022 50.9655 92.5176 239.899 23.3883 216.51
internal_count=14041 9370 7028 6490 2342 1157 1185 4671 1108 555 538 3563 313 3250
cat_boundaries=0 1 2 3 4
cat_threshold=48 2 1 1
is_linear=0
shrinkage=0.05


Tree=42
num_leaves=15
num_cat=3
split_feature=0 0 44 39 4 34 44 30 44 1 4 7 34 4
split_gain=298.271 79.2103 36.4317 40.7885 33.7383 32.2943 16.2647 8.23565 16.6174 19.0864 4.33002 11.1507 4.31565 2.64541
threshold=0 1 52.000000000000007 19.450000000000003 -0.452744437932114 25.150000000000002 52.750000000000007 0.15000000000000005 33.300000000000004 2 0.99466373373798567 30.068750000000005 18.250000000000004 0.99053107487289871
decision_type=1 1 2 2 2 2 2 2 2 1 2 2 2 2
left_child=7 4 3 -3 6 -6 -2 8 9 -1 12 -12 -9 -10
right_child=1 2 -4 -5 5 -7 -8 10 13 -11 11 -13 -14 -15
leaf_value=0.054609901399919537 0.039911369546551806 -0.014418844735374914 -0.080578213465579501 0.0075599638201187848 0.0091222361161360423 0.046219996685716865 -0.026482705591130279 0.0038901355230556095 -0.05096261904173395 -0.048426368561282684 -0.048754028430424028 0.043954464866232681 -0.050867096249332361 0.0011872382965826076
leaf_weight=10.286281406879425 197.29410665482283 346.49899131804705 13.646816238760946 536.76690533012152 516.62055086344481 65.326982751488686 9.0128046423196775 3.5102720931172362 28.114427883177999 6.5184119641780862 8.5280372127890569 3.9993031322956076 257.41878683120012 2.6043794825673094
leaf_count=73 1417 1832 67 2798 2825 398 39 21 378 72 116 37 3981 29
internal_value=-0.000641811 0.00784785 -0.00234081 -0.00106872 0.0193136 0.0133588 0.0368971 -0.043977 -0.0252911 0.0141678 -0.0487227 -0.0180958 -0.0501184 -0.0466432
internal_weight=2006.15 1685.17 896.913 883.266 788.254 581.948 206.307 320.98 47.5235 16.8047 273.456 12.5273 260.929 30.7188
internal_count=14083 9376 4697 4630 4679 3223 1456 4707 552 145 4155 153 4002 407
cat_boundaries=0 1 2 3
cat_threshold=48 9 1
is_linear=0
shrinkage=0.05


Tree=43
num_leaves=13
num_cat=3
split_feature=0 0 40 44 4 38 44 38 1 27 5 4
split_gain=276.09 71.8695 36.5681 35.7378 31.4916 35.9089 14.9156 10.2045 7.94591 12.0531 13.2736 12.2413
threshold=0 1 130.55000000000004 52.000000000000007 -0.48314718476766416 6.9169645000000015 34.750000000000007 9.2145835000000016 2 1.0500000000000003 -0.98212955754013376 0.99053107487289871
decision_type=1 1 2 2 2 2 2 2 1 2 2 2
left_child=8 4 3 -3 6 -6 -2 -4 9 11 -11 -1
right_child=1 2 7 -5 5 -7 -8 -9 -10 10 -12 -13
leaf_value=-0.025203798556562365 0.015848168231076681 0.000862612091184006 -0.091204361847344984 -0.079178459791282185 0.040024329209191661 0.0075660217007819308 0.046398541396760945 -0.0029217227379472999 -0.053249028543647103 0.0041400157312999003 -0.0513268756203661 0.044358853749110513
leaf_weight=43.753614887595177 59.789978571236134 860.71529014408588 13.425997212529184 13.175191044807432 102.7704047486186 480.72400348633528 128.79372948408127 4.3214885368943206 143.89106452837586 11.909704670310019 100.41166327893734 6.4320884197950354
leaf_count=515 455 4528 71 66 622 2647 915 24 2344 167 1591 60
internal_value=-0.000300271 0.00780635 -0.00189479 -0.000433247 0.018879 0.0133416 0.0368473 -0.0710102 -0.0430541 -0.0363897 -0.045461 -0.0155958
internal_weight=1970.11 1663.72 891.638 873.89 772.078 583.494 188.584 17.7475 306.398 162.507 112.321 50.1857
internal_count=14005 9328 4689 4594 4639 3269 1370 95 4677 2333 1758 575
cat_boundaries=0 1 2 3
cat_threshold=48 9 1
is_linear=0
shrinkage=0.05


Tree=44
num_leaves=13
num_cat=4
split_feature=0 0 1 2 26 34 5 1 27 39 5 39
split_gain=259.261 70.6497 36.0429 33.4174 42.5236 31.8218 30.9774 8.67844 13.6321 17.3805 11.013 6.52636
threshold=0 1 2 9.5000000000000018 15.050000000000002 20.950000000000003 -0.58481178939031186 3 1.0000000180025095e-35 19.450000000000003 -0.98212955754013376 14.300000000000002
decision_type=1 1 1 2 2 2 2 1 2 2 2 2
left_child=7 3 5 4 -2 -3 -4 8 9 -1 -10 -5
right_child=1 2 6 11 -6 -7 -8 -9 10 -11 -12 -13
leaf_value=0.052879728368790013 -0.017386578830373495 -0.038810110737680259 0.0063324242499371453 0.011318598812582686 0.019665964715471912 0.010672773802294422 -0.023037194146988748 -0.053035971438976919 0.0053151503106521171 -0.035829596681178882 -0.045047707736680813 0.047995321476231333
leaf_weight=8.749541178345682 88.990525767207146 33.987257272005081 135.73565189540386 14.564196534454821 562.02338478714228 458.43931098282337 262.12752079218626 137.33062837645411 11.646302439272402 11.737514868378637 126.65919976681471 102.40928449481726
leaf_count=64 445 174 764 114 3266 2187 1560 2347 162 140 1983 840
internal_value=1.84181e-05 0.00778593 -0.00183095 0.0188027 0.0145822 0.00718573 -0.0130267 -0.0422009 -0.0351979 0.00275389 -0.0407991 0.0435634
internal_weight=1954.4 1658.28 890.29 767.987 651.014 492.427 397.863 296.123 158.793 20.4871 138.306 116.973
internal_count=14046 9350 4685 4665 3711 2361 2324 4696 2349 204 2145 954
cat_boundaries=0 1 2 3 4
cat_threshold=48 9 1 1
is_linear=0
shrinkage=0.05


Tree=45
num_leaves=15
num_cat=4
split_feature=0 0 26 36 21 38 4 37 33 1 43 1 39 9
split_gain=245.393 72.1011 51.7934 70.2192 62.2096 20.4753 28.8239 14.9197 8.68361 6.87659 6.32268 8.30814 5.79454 2.62387
threshold=0 1 14.65 95.500000000000014 23.950000000000003 6.8250000000000011 0.61237135649459018 67.500000000000014 30.750000000000004 2 0.75000000000000011 3 26.250000000000004 22.150000000000002
decision_type=1 1 2 2 2 2 2 2 2 1 2 1 2 2
left_child=8 5 4 -4 -3 7 -7 -2 9 13 11 -10 -12 -1
right_child=1 2 3 -5 -6 6 -8 -9 10 -11 12 -13 -14 -15
leaf_value=0.061361291269385269 0.056792981882674787 0.00028127089619229303 -0.013626122700976691 0.014014760833562677 -0.058361196970783319 0.007713182620198971 0.039666585256113482 -0.03860355673813802 -0.012933111865577208 -0.043468503941009019 -0.051103607569222276 -0.051521884736903327 -0.013156136491309148 -0.0021408193988527
leaf_weight=3.0141981989145261 67.564910784363747 117.03543708473444 325.34343498945236 775.9488211274147 72.695523083209991 165.46878131479025 122.87598960101604 3.6844387948513022 33.757592666894197 3.6332768946886063 206.71749751642346 23.952668625861406 11.434450499713419 2.6252939254045486
leaf_count=17 500 685 1646 4331 354 1073 733 29 395 47 3633 389 192 28
internal_value=-0.00020218 0.0072731 0.00166986 0.00584415 -0.0223758 0.0267433 0.0214199 0.0513938 -0.0421317 0.00361671 -0.0451988 -0.0295542 -0.0491837 0.0359297
internal_weight=1935.75 1650.62 1291.02 1101.29 189.731 359.594 288.345 71.2493 285.135 9.27277 275.862 57.7103 218.152 5.63949
internal_count=14052 9351 7016 5977 1039 2335 1806 529 4701 92 4609 784 3825 45
cat_boundaries=0 1 2 3 4
cat_threshold=48 1 1 1
is_linear=0
shrinkage=0.05


Tree=46
num_leaves=15
num_cat=5
split_feature=0 0 1 40 2 1 4 32 30 1 4 5 31 9
split_gain=237.791 61.0222 53.3911 41.98 36.5586 30.5968 24.9954 13.6965 8.77383 11.7286 13.969 5.21289 8.42138 4.39613
threshold=0 1 2 127.05000000000001 9.5000000000000018 3 -0.97509794945709782 27.230357000000001 0.65000000000000002 4 0.99053107487289871 -0.99761278905001471 39.050000000000004 21.350000000000005
decision_type=1 1 1 2 2 1 2 2 2 1 2 2 2 2
left_child=8 5 4 -4 -3 6 -2 -7 9 10 -1 12 -10 -13
right_child=1 2 3 -5 -6 7 -8 -9 11 -11 -12 13 -14 -15
leaf_value=-0.022889931181594037 -0.059712498441130503 0.019389993957344379 0.0057696041964540676 -0.07312529803290202 0.056301220479785211 -0.047891283649565186 0.0040554508038853536 -0.01547330487274442 -0.038173782517715013 -0.051844881103004538 0.054702176679890482 0.0087817308916829963 0.062580361160233813 -0.051718808144774746
leaf_weight=42.22829445451498 15.310084059834479 471.7109684869647 668.61247918754816 16.29901634901762 77.785416163504124 53.632157631218433 264.8403404802084 84.539679177105427 5.714066617190837 31.831931319087744 5.7345190346240988 2.7784617543220511 2.0121001079678535 185.60670544952154
leaf_count=519 68 2810 3463 84 715 553 1096 622 92 549 51 29 23 3453
internal_value=0.000184085 0.0074316 0.0130078 0.00378825 0.0247078 -0.00893455 0.000370572 -0.0283102 -0.0418568 -0.0287552 -0.0126851 -0.0491382 -0.00777008 -0.0507848
internal_weight=1928.64 1652.73 1234.41 684.911 549.496 418.322 280.15 138.172 275.906 79.7947 47.9628 196.111 7.72617 188.385
internal_count=14127 9411 7072 3547 3525 2339 1164 1175 4716 1119 570 3597 115 3482
cat_boundaries=0 1 2 3 4 5
cat_threshold=48 2 1 1 1
is_linear=0
shrinkage=0.05


Tree=47
num_leaves=15
num_cat=1
split_feature=1 38 39 5 40 34 36 34 33 5 5 37 39 31
split_gain=50.0099 32.1705 61.3488 111.616 58.6175 28.7202 37.4588 37.7475 28.3295 24.2999 40.8558 9.70018 11.3043 3.27463
threshold=0 6.8250000000000011 18.750000000000004 -0.55656394595157355 65.65000000000002 25.250000000000004 94.500000000000014 24.550000000000004 36.850000000000001 -0.7444366621422277 0.38043945030393422 34.500000000000007 22.750000000000004 35.100000000000001
decision_type=1 2 2 2 2 2 2 2 2 2 2 2 2 2
left_child=1 9 3 -3 -4 6 8 -8 -2 -1 -11 13 -13 -7
right_child=5 2 4 -5 -6 11 7 -9 -10 10 -12 12 -14 -15
leaf_value=0.051209692908421103 -0.041552020109962395 -0.079530517483871022 0.00019215313753963588 0.0070293447115963087 0.034491719122608726 -0.033405376421344717 -0.0013618960432799174 -0.0333839325392064 0.022289986956458112 -0.024805703003426213 0.032218001251656685 0.018436894118355762 0.073401247694161592 0.0069689413843823699
leaf_weight=61.634583581238985 134.56106815487146 57.6875159740448 428.25412837415934 101.52116949856281 174.66126399859786 5.4395911768078831 598.72128245234489 107.76644210889935 19.291315622627735 45.813034508377314 94.996532592922449 31.643191903829575 12.935149379074572 21.864311244338751
leaf_count=455 929 354 2938 750 1368 44 4677 732 142 369 779 237 96 172
internal_value=-0.000382445 0.00759515 0.00287574 -0.0246353 0.0101692 -0.00863613 -0.0111783 -0.00628677 -0.0334547 0.0252604 0.013621 0.0215268 0.0356462 -0.00197064
internal_weight=1896.79 964.568 762.124 159.209 602.915 932.222 860.34 706.488 153.852 202.444 140.81 71.8822 44.5783 27.3039
internal_count=14042 7013 5410 1104 4306 7029 6480 5409 1071 1603 1148 549 333 216
cat_boundaries=0 1
cat_threshold=1
is_linear=0
shrinkage=0.05


Tree=48
num_leaves=15
num_cat=3
split_feature=0 0 33 44 5 39 4 30 44 1 5 26 4 27
split_gain=226.068 61.1939 52.4256 75.0946 26.3818 36.9061 25.5562 7.89077 12.8338 12.6022 5.1443 9.33728 4.99268 3.80629
threshold=0 1 36.95000000000001 48.050000000000004 -0.59867820553660911 18.650000000000002 0.9893236546938301 0.15000000000000005 33.300000000000004 2 -0.99864786094873803 20.950000000000003 0.9962888416657264 19.450000000000003
decision_type=1 1 2 2 2 2 2 2 2 1 2 2 2 2
left_child=7 4 3 -3 5 -2 -6 8 9 -1 11 -9 -12 -4
right_child=1 2 13 -5 6 -7 -8 10 -10 -11 12 -13 -14 -15
leaf_value=-0.045711770366428282 -0.035360913436457773 0.013490498048148168 0.055969134090292874 -0.038597220672443588 -0.023220105855165048 0.022923738306713456 0.031297652402994487 -0.042120579224333703 -0.043231664173709002 0.042802130607923039 -0.050044823798736149 0.073845546812055671 -0.011315025040599926 0.00060503158699555537
leaf_weight=5.2199766784906387 35.595703102648258 1071.3179280981421 69.910248212516308 73.011859424412251 251.52906487137079 104.61856953054667 22.63519062101841 3.7239219173789015 27.160504937171936 10.527463540434836 207.51963515952229 1.7441634908318517 9.3689312376081926 3.2695816755294791
leaf_count=72 191 6234 433 347 1458 563 124 63 423 73 3927 19 131 22
internal_value=1.39998e-05 0.00705094 0.0126827 0.0101363 -0.00939613 0.00798159 -0.0186217 -0.0418343 -0.0229651 0.0124839 -0.0472293 0.00056739 -0.0484314 0.053537
internal_weight=1897.15 1631.89 1217.51 1144.33 414.379 140.214 274.164 265.265 42.9079 15.7474 222.357 5.46809 216.889 73.1798
internal_count=14080 9372 7036 6581 2336 754 1582 4708 568 145 4140 82 4058 455
cat_boundaries=0 1 2 3
cat_threshold=48 2 2
is_linear=0
shrinkage=0.05


Tree=49
num_leaves=15
num_cat=2
split_feature=0 0 26 34 36 44 39 34 5 32 30 33 7 4
split_gain=198.959 60.7406 42.9872 64.337 50.913 28.1982 29.6086 22.3934 9.13131 7.75654 13.622 10.2288 6.34302 14.3809
threshold=0 1 14.950000000000001 23.950000000000003 95.500000000000014 48.050000000000004 24.950000000000003 20.350000000000005 0.8511460603353429 27.311905000000003 0.15000000000000005 30.850000000000005 30.068750000000005 0.99053107487289871
decision_type=1 1 2 2 2 2 2 2 2 2 2 2 2 2
left_child=8 5 3 -3 -4 7 -7 -2 12 11 -11 -10 -1 -14
right_child=1 2 4 -5 -6 6 -8 -9 9 10 -12 -13 13 -15
leaf_value=-0.049444278196605622 -0.022460602213122766 -0.0023467899750970723 -0.011122185031986129 -0.062318990038083721 0.012730476750372186 -0.087029842197627924 0.014287861600401831 0.032684214847174563 0.013709174553697634 0.043160296075453346 -0.041444763715546194 -0.050226012010450731 -0.048302552371224335 0.045960440405299202
leaf_weight=186.44853781163692 18.918532334268093 164.66825065761805 322.43861114233732 60.435660727322102 725.11998698115349 9.92354514449835 20.560096219182014 302.77361763268709 7.6119899898767462 9.4081327393651026 7.7733646146953097 26.610625024884939 10.258209623396395 5.3751787096261969
leaf_count=3681 109 976 1649 283 4127 49 108 2087 63 94 142 442 195 57
internal_value=-0.000231172 0.00627672 0.00111331 -0.0186525 0.00538502 0.024337 -0.0204114 0.0293816 -0.040464 -0.0225765 0.00470853 -0.0360197 -0.046873 -0.0150778
internal_weight=1878.32 1624.84 1272.66 225.104 1047.56 352.176 30.4836 321.692 253.486 51.4041 17.1815 34.2226 202.082 15.6334
internal_count=14062 9388 7035 1259 5776 2353 157 2196 4674 741 236 505 3933 252
cat_boundaries=0 1 2
cat_threshold=48 1
is_linear=0
shrinkage=0.05


Tree=50
num_leaves=15
num_cat=3
split_feature=0 0 6 6 5 44 34 32 15 1 44 5 44 21
split_gain=188.622 59.529 41.8827 55.7746 42.4955 29.0043 19.9417 19.789 7.58966 10.7463 14.6139 7.06842 15.4729 2.65702
threshold=0 1 2.5000000000000004 27.000000000000004 -0.97874870457683605 48.050000000000004 20.350000000000005 28.016964000000005 1.0000000180025095e-35 2 33.300000000000004 -0.99052477729077237 43.750000000000007 20.250000000000004
decision_type=1 1 2 2 2 2 2 2 2 1 2 2 2 2
left_child=8 5 4 -4 -3 6 -2 -7 9 10 -1 12 -10 -13
right_child=1 2 3 -5 -6 7 -8 -9 11 -11 -12 13 -14 -15
leaf_value=0.028771405170810622 -0.020746256661199964 -0.089738307823068214 0.011371701203822722 -0.019876628670098938 -0.010796055865192602 -0.042687370762668882 0.0317295921766629 0.049642749822459566 -0.03985778470775448 -0.051181558000075039 -0.033401562084172574 0.016407719247320714 0.076217530016882612 -0.050941908570954632
leaf_weight=14.557006414979694 18.592895209789276 17.135317645967007 781.59202450886369 173.71936610341072 294.18488639593124 24.014739103615288 301.48018468171358 6.6477163434028617 10.536949269473551 25.476012848317623 23.225877668708563 1.0464254319667805 2.8388052284717551 166.05046230182052
leaf_count=124 106 79 4451 954 1513 116 2118 40 193 488 356 7 33 3476
internal_value=-0.000668587 0.00559778 0.00047925 0.00567448 -0.0154145 0.0235059 0.0286262 -0.0217343 -0.0406711 -0.0267149 -0.00932332 -0.04763 -0.0116344 -0.050425
internal_weight=1861.1 1617.37 1266.63 955.311 311.32 350.736 320.073 30.6625 243.732 63.2589 37.7829 180.473 13.3758 167.097
internal_count=14054 9377 6997 5405 1592 2380 2224 156 4677 968 480 3709 226 3483
cat_boundaries=0 1 2 3
cat_threshold=48 1 1
is_linear=0
shrinkage=0.05


Tree=51
num_leaves=14
num_cat=2
split_feature=0 0 26 5 40 5 39 34 32 43 4 5 10
split_gain=174.706 53.3914 38.3386 67.3542 54.5191 24.48 39.1167 23.9711 7.93142 7.9131 9.98434 7.27287 1.89821
threshold=0 1 14.950000000000001 -0.23537842981696172 26.450000000000003 -0.83375966452616657 17.150000000000002 20.350000000000005 25.475297500000003 0.75000000000000011 0.9962888416657264 -0.98801846520836334 79.604166500000005
decision_type=1 1 2 2 2 2 2 2 2 2 2 2 2
left_child=8 5 3 -3 -4 6 -2 -7 12 10 -10 -11 -1
right_child=1 2 4 -5 -6 7 -8 -9 9 11 -12 -13 -14
leaf_value=0.027542262620064512 -0.077196198704829855 -0.048336603981465387 -0.0071579834966319566 0.0061034349156464133 0.015710551394569311 -0.023128344690612368 0.015019461595270185 0.035389660530991116 -0.031176834646946962 -0.013810495641928431 0.043974234496122547 -0.050832099464932237 -0.021775160288405562
leaf_weight=4.5470633581280699 12.799541011452673 99.429247289896011 491.20972081273794 130.37987986952066 553.13312046229839 18.205664575099945 68.007662087678909 239.10183637589216 45.680369660258293 15.406817696988581 4.0079709514975539 163.58106312155724 2.1172906681895256
leaf_count=32 64 487 2609 796 3168 105 412 1755 727 264 41 3580 33
internal_value=-0.000318473 0.0056393 0.000879248 -0.017558 0.00495771 0.0229842 -0.000352221 0.0311757 -0.0395502 -0.0427894 -0.024367 -0.0477398 0.0110771
internal_weight=1847.61 1612.27 1274.15 229.809 1044.34 338.115 80.8072 257.308 235.341 228.676 49.6883 178.988 6.66435
internal_count=14073 9396 7060 1283 5777 2336 476 1860 4677 4612 768 3844 65
cat_boundaries=0 1 2
cat_threshold=48 1
is_linear=0
shrinkage=0.05


Tree=52
num_leaves=15
num_cat=5
split_feature=0 1 0 38 39 34 5 32 27 0 1 5 17 9
split_gain=166.526 49.6629 35.8544 33.2513 59.0202 32.2342 26.2826 15.9459 10.023 16.0236 27.8339 5.97406 10.7199 4.41647
threshold=0 1 2 6.8250000000000011 18.950000000000003 25.350000000000005 -0.7444366621422277 27.230357000000001 0.75000000000000011 3 4 -0.98801846520836334 34.000000000000007 21.350000000000005
decision_type=1 1 1 2 2 2 2 2 2 1 1 2 2 2
left_child=8 3 7 6 -5 -4 -2 -3 9 10 -1 12 -10 -13
right_child=1 2 5 4 -6 -7 -8 -9 11 -11 -12 13 -14 -15
leaf_value=0.042022151318593687 0.064894410519485149 -0.048450434059833986 -0.00088896879349998649 -0.018686313475282025 0.017722761637955772 0.042678454574803293 0.021220212217769867 -0.013107874752665588 -0.047776887135643875 -0.041510600705059422 -0.049069046228652921 0.0098627853722124247 0.033629938843966527 -0.05139035137908661
leaf_weight=20.756315808743238 49.700681634247303 52.613975625485182 616.0487447232008 142.45817625522614 497.02972311526537 44.595101438462734 112.87883716076612 81.55033852159977 9.051998667418955 33.160762205719948 12.661676216870545 2.7019592784345141 5.8641025051474562 144.56465981900692
leaf_count=266 303 563 3232 780 2829 265 761 614 172 534 262 30 87 3363
internal_value=0.000157346 0.00595207 -0.00286789 0.014759 0.00959543 0.00208055 0.0348865 -0.0253484 -0.0387167 -0.0235171 0.00549061 -0.0471467 -0.0156705 -0.0502076
internal_weight=1825.64 1596.88 794.808 802.067 639.488 660.644 162.58 134.164 228.761 66.5788 33.418 162.183 14.9161 147.267
internal_count=14061 9347 4674 4673 3609 3497 1064 1177 4714 1062 528 3652 259 3393
cat_boundaries=0 1 2 3 4 5
cat_threshold=48 1 2 32 1
is_linear=0
shrinkage=0.05


Tree=53
num_leaves=15
num_cat=1
split_feature=0 34 34 39 37 40 44 5 4 20 30 32 33 5
split_gain=163.414 47.7712 100.254 99.6481 54.8867 16.7333 25.2544 8.25522 6.31173 11.054 6.11651 11.4355 5.70897 4.32402
threshold=0 25.250000000000004 24.550000000000004 19.150000000000002 25.500000000000004 25.550000000000004 35.100000000000001 0.86004965528756494 0.99466373373798567 36.250000000000007 0.15000000000000005 27.311905000000003 30.850000000000005 -0.98212955754013376
decision_type=1 2 2 2 2 2 2 2 2 2 2 2 2 2
left_child=7 2 4 -4 -2 6 -3 8 13 -10 11 -9 -12 -1
right_child=1 5 3 -5 -6 -7 -8 10 9 -11 12 -13 -14 -15
leaf_value=-0.023233853147753114 -0.07123487488423462 -0.071772447009411003 -0.072790260963361414 -0.0041568696894789311 0.010106752533096027 0.058756061897109357 0.029332689150212161 -0.031581127096190778 -0.046412537083527619 0.047545786049789769 0.0092421065163969668 0.039495100349092829 -0.050060509202636896 -0.051647932502744
leaf_weight=17.350985940545797 20.112049274146557 5.8625063672661772 77.540889229625463 162.30965218693018 1209.5845757834613 47.134558878839016 64.892184667289257 12.481640186160805 6.6960963457822782 4.2994123138487339 4.7286591157317188 8.7548757269978505 19.183366730809212 146.55426240339875
leaf_count=318 95 33 356 807 7353 279 417 159 127 42 42 90 416 3521
internal_value=-0.000302274 0.0053826 0.00294808 -0.0265553 0.00871959 0.0359028 0.0200719 -0.0396037 -0.046347 -0.0087725 -0.0216245 -0.00182113 -0.038433 -0.0487992
internal_weight=1807.49 1587.44 1469.55 239.851 1229.7 117.889 70.7547 220.049 174.901 10.9955 45.1485 21.2365 23.912 163.905
internal_count=14055 9340 8611 1163 7448 729 450 4715 4008 169 707 249 458 3839
cat_boundaries=0 1
cat_threshold=48
is_linear=0
shrinkage=0.05


Tree=54
num_leaves=12
num_cat=5
split_feature=0 0 33 36 5 44 1 1 0 27 33
split_gain=144.338 45.1086 47.4265 65.7275 30.489 32.1325 16.7469 8.89288 14.8726 25.287 4.59259
threshold=0 1 36.95000000000001 94.500000000000014 -0.59867820553660911 48.050000000000004 2 3 4 1.0500000000000003 37.750000000000007
decision_type=1 1 2 2 2 2 1 1 1 2 2
left_child=7 4 3 -3 5 -2 -6 8 9 -1 -4
right_child=1 2 10 -5 6 -7 -8 -9 -10 -11 -12
leaf_value=0.035085409706389313 0.017668187614946287 -0.018181327955204513 0.062048373991284204 0.01322625485522207 -0.01074817111523628 -0.060552321559209615 -0.037585252973530936 -0.051751155213719591 -0.045491307027506651 -0.031796627939047216 0.034121553328182883
leaf_weight=21.395763989537954 125.53102401643991 203.49809109419584 37.166322641074657 898.96070589870214 189.74237360060215 13.668086662888525 83.656703744083643 92.726449880748987 58.492770651355386 37.388601249083877 32.50757709890604
leaf_count=285 683 1007 230 5528 788 77 810 2336 1175 874 234
internal_value=-0.000353431 0.00489554 0.00988609 0.00741764 -0.00917046 0.00961053 -0.019067 -0.0382194 -0.0304047 -0.00623153 0.0496858
internal_weight=1794.73 1584.73 1172.13 1102.46 412.598 139.199 273.399 210.004 117.277 58.7844 69.6739
internal_count=14027 9357 6999 6535 2358 760 1598 4670 2334 1159 464
cat_boundaries=0 1 2 3 4 5
cat_threshold=48 2 1 1 32
is_linear=0
shrinkage=0.05


Tree=55
num_leaves=12
num_cat=4
split_feature=0 1 0 1 2 40 26 36 4 44 34
split_gain=133.246 44.3816 43.1316 43.8022 37.5401 32.7622 28.9791 28.3674 24.58 13.7911 10.3349
threshold=0 1 2 3 9.5000000000000018 130.55000000000004 15.050000000000002 96.500000000000014 -0.97876850416056749 38.000000000000007 26.550000000000004
decision_type=1 1 1 1 2 2 2 2 2 2 2
left_child=1 4 3 8 6 7 -1 -3 -2 -7 -5
right_child=2 5 -4 10 -6 9 -8 -9 -10 -11 -12
leaf_value=-0.015753592077825306 -0.059018976015779684 -0.011733269337097008 -0.047866636247535968 -0.034288166331403511 0.055155325734618871 -0.12707820132785821 0.020664379743027039 0.010396725477072655 0.0011143986305954454 -0.025968044533900232 0.054008016328544732
leaf_weight=63.032741151750088 16.937324225902557 218.04897716641426 99.458348605781794 173.66451778635383 68.134952276945114 5.5395095497369757 379.29183411598206 426.42075728625059 322.48903545737267 8.3554098904132825 2.5202253088355056
leaf_count=339 130 1078 2315 2330 702 27 2455 2374 2214 44 23
internal_value=-0.000180216 0.00971548 -0.0188225 -0.0123373 0.020848 0.00121275 0.0154509 0.00290272 -0.0020508 -0.0721032 -0.0327275
internal_weight=1783.89 1168.82 615.069 515.611 510.46 658.365 442.325 644.47 339.426 13.8949 176.185
internal_count=14031 7019 7012 4697 3496 3523 2794 3452 2344 71 2353
cat_boundaries=0 1 2 3 4
cat_threshold=13 1 34 1
is_linear=0
shrinkage=0.05


Tree=56
num_leaves=14
num_cat=3
split_feature=0 33 44 40 37 1 0 4 32 4 4 27 44
split_gain=126.048 47.8217 67.3609 75.4487 60.6949 44.4301 39.7813 29.3665 8.07169 19.2101 10.1766 3.53169 1.99081
threshold=0 36.95000000000001 48.050000000000004 89.250000000000014 32.500000000000007 1 2 -0.94705910369513513 27.230357000000001 0.40614137006726808 0.98802474685579855 19.250000000000004 35.800000000000004
decision_type=1 2 2 2 2 1 1 2 2 2 2 2 2
left_child=1 2 4 -4 -1 6 7 -2 10 -10 -7 12 -3
right_child=5 11 3 -5 -6 8 -8 -9 9 -11 -12 -13 -14
leaf_value=-0.017751945229076537 -0.051821602278649528 0.010511502298058598 -0.07518419986029462 0.033439888460489779 0.015248084456595158 -0.051156434049703353 -0.044773639550647157 0.0023710783174488411 -0.0023902880965190002 -0.043373749257281047 0.06375219277030536 0.00082778138615797645 0.05574080702078113
leaf_weight=165.25641553848982 26.171287707984447 3.0842940881848326 48.097708024084568 23.0001021027565 862.98422791063786 88.817501401528716 54.339638486504555 311.78585768677294 44.616188172250986 79.223166536539793 1.1572165936231602 3.3712602332234374 57.279620289802551
leaf_count=841 201 21 211 127 5411 1664 1176 2141 634 1204 21 25 392
internal_value=-0.00056984 0.00905311 0.00666515 -0.0400679 0.0099323 -0.0188584 -0.00913283 -0.00190975 -0.0374549 -0.0287459 -0.048994 0.0509013 0.0536388
internal_weight=1769.18 1163.07 1099.34 71.0978 1028.24 606.111 392.297 337.957 213.814 123.839 89.9747 63.7352 60.3639
internal_count=14069 7028 6590 338 6252 7041 3518 2342 3523 1838 1685 438 413
cat_boundaries=0 1 2 3
cat_threshold=13 1 34
is_linear=0
shrinkage=0.05


Tree=57
num_leaves=15
num_cat=1
split_feature=1 38 26 5 40 5 34 36 37 4 20 37 22 34
split_gain=44.407 27.2869 38.375 44.9491 41.942 24.9842 26.684 27.3045 21.352 23.8527 20.1402 7.93011 3.92176 1.68908
threshold=0 6.8250000000000011 14.65 -0.23537842981696172 65.65000000000002 0.98332250088165762 25.350000000000005 95.500000000000014 67.500000000000014 0.66527693225344786 34.45000000000001 34.500000000000007 88.409722500000015 23.050000000000004
decision_type=1 2 2 2 2 2 2 2 2 2 2 2 2 2
left_child=1 8 3 -3 -4 6 7 -2 9 -1 13 -8 -10 -7
right_child=5 2 4 -5 -6 10 11 -9 12 -11 -12 -13 -14 -15
leaf_value=0.033753299074002853 -0.029891482949533279 -0.066097715790551723 -0.00077907028034114676 0.013867969137064432 0.027835620439759696 0.035231673056745842 -0.0023867969148192113 -0.0073788423584094298 -0.063029236353319792 -0.041442772537695162 -0.073576631932742192 0.035282463322905119 0.0017959353051899059 0.068160695075741101
leaf_weight=162.96716083958745 174.13985247537494 39.567135764285922 462.45312012545764 30.48628306761384 176.07335489243269 29.216574542224407 21.51181298494339 587.97016676515341 6.6554737202823144 10.440127685666083 3.2663450613617888 38.233408998697996 3.2778562009334564 5.7325289994478217
leaf_count=1439 1300 248 3379 252 1501 256 198 4897 54 68 21 321 34 47
internal_value=-7.55227e-05 0.00773711 0.00327397 -0.0315923 0.0071426 -0.00817705 -0.0100268 -0.0125553 0.0248751 0.0290144 0.0308442 0.0219033 -0.0434301 0.0423786
internal_weight=1751.99 891.921 708.58 70.0534 638.526 860.071 821.855 762.11 183.341 173.407 38.2154 59.7452 9.93333 34.9491
internal_count=14015 6975 5380 500 4880 7040 6716 6197 1595 1507 324 519 88 303
cat_boundaries=0 1
cat_threshold=1
is_linear=0
shrinkage=0.05


Tree=58
num_leaves=12
num_cat=4
split_feature=0 33 44 40 6 0 1 4 2 33 1
split_gain=119.169 40.7792 53.9577 68.363 45.5499 38.3285 32.8869 20.6558 13.1077 4.90896 4.92118
threshold=0 36.95000000000001 48.050000000000004 89.250000000000014 2.5000000000000004 1 2 -0.97113884758256674 1.5000000000000002 37.750000000000007 3
decision_type=1 2 2 2 2 1 1 2 2 2 1
left_child=1 2 4 -4 -1 6 7 -2 -8 -3 -11
right_child=5 9 3 -5 -6 -7 8 -9 -10 10 -12
leaf_value=-0.0082880133013926646 -0.053273494574966197 0.060615276881501624 -0.069373975802119486 0.032510658499346368 0.015635704620172428 -0.04727955333856123 0.01359953596422704 -0.000884355799946588 -0.035662187138741461 0.053526912331589384 0.013335214167843976
leaf_weight=270.37209320068359 18.997138254344463 32.99994533509016 47.829160861670971 24.109669215977192 746.76781077310443 92.55723544023931 14.327456556260584 318.87833237461746 148.74163274280727 13.155119493603706 18.48992758244276
leaf_count=1414 150 216 209 135 4807 2338 212 2193 2123 119 121
internal_value=-0.000815635 0.00854288 0.00630376 -0.0352506 0.0092745 -0.0188188 -0.0126574 -0.00397846 -0.0312775 0.0468962 0.0311711
internal_weight=1747.23 1153.72 1089.08 71.9388 1017.14 593.502 500.945 337.875 163.069 64.645 31.645
internal_count=14037 7021 6565 344 6221 7016 4678 2343 2335 456 240
cat_boundaries=0 1 2 3 4
cat_threshold=13 34 1 1
is_linear=0
shrinkage=0.05


Tree=59
num_leaves=12
num_cat=3
split_feature=0 34 34 39 37 41 44 1 0 5 39
split_gain=111.366 46.7259 82.6516 92.1664 57.7959 17.1497 25.9186 10.1948 14.7568 23.9271 4.12102
threshold=0 25.250000000000004 24.550000000000004 19.150000000000002 25.500000000000004 25.550000000000004 35.100000000000001 1 2 0.8511460603353429 20.650000000000002
decision_type=1 2 2 2 2 2 2 1 1 2 2
left_child=7 2 4 -4 -2 6 -3 8 9 -1 -7
right_child=1 5 3 -5 -6 10 -8 -9 -10 -11 -12
leaf_value=-0.024040926426852797 -0.071100194052921659 -0.071841968057604982 -0.071752142319235865 -0.0039894829997225052 0.0084582079444956073 0.041418203945031817 0.028452313140980567 -0.051300689146652048 -0.043864312916283899 0.04697470685304303 0.075140731594767529
leaf_weight=44.126550279557705 22.286152049899101 6.220137231051921 72.983419742435217 156.36533590406179 1178.7004072368145 25.183713801205158 61.713552787899971 78.872359666973352 49.525431204587221 15.100841622799633 21.011943772435188
leaf_count=982 103 36 341 796 7374 153 427 2332 1149 185 135
internal_value=-0.000398494 0.00410832 0.00166713 -0.0257708 0.00692396 0.0347793 0.0183602 -0.0356499 -0.0271834 -0.0046784 0.0580239
internal_weight=1732.09 1544.46 1430.34 229.349 1200.99 114.129 67.9337 187.625 108.753 59.2274 46.1957
internal_count=14013 9365 8614 1137 7477 751 463 4648 2316 1167 288
cat_boundaries=0 1 2 3
cat_threshold=48 1 32
is_linear=0
shrinkage=0.05


Tree=60
num_leaves=14
num_cat=4
split_feature=0 1 1 2 8 0 40 5 4 44 32 4 4
split_gain=111.437 43.0822 36.601 34.9402 34.5629 31.3451 31.0905 28.5201 23.0557 9.91841 8.68876 20.4933 6.7202
threshold=0 1 2 9.5000000000000018 33.350000000000001 3 130.55000000000004 0.99138911339924218 -0.94705910369513513 36.900000000000013 27.230357000000001 0.40614137006726808 0.99053107487289871
decision_type=1 1 1 2 2 1 2 2 2 2 2 2 2
left_child=1 3 5 4 -1 8 7 -3 -2 -8 12 -12 -4
right_child=2 6 10 -5 -6 -7 9 -9 -10 -11 11 -13 -14
leaf_value=0.0044378586473285677 -0.045975537247902765 -0.00011785735344880299 -0.050509387866626357 0.054366464437304009 0.034308645017105725 -0.043321997862074614 -0.12319976589151294 0.059930792332954043 0.00050903943214382591 -0.034210479537934421 0.0010977835151270742 -0.042592682807476918 0.048940058614084618
leaf_weight=286.07179859280586 28.14823610521853 615.25531966239214 79.447201324626803 62.541679061949253 145.67992497980595 47.440830482169986 4.8215408623218527 19.430015951395035 314.10019004531205 9.3261020332574827 41.998459979891777 73.121336463838816 0.98339167237281699
leaf_count=1867 214 3340 1645 701 945 1151 23 112 2167 49 622 1227 19
internal_value=-0.000546664 0.00852783 -0.0180927 0.0197073 0.0145727 -0.00949983 0.000125084 0.00181183 -0.0033396 -0.0706693 -0.0360014 -0.0267812 -0.0487074
internal_weight=1728.37 1143.13 585.24 494.293 431.752 389.689 648.833 634.685 342.248 14.1476 195.55 115.12 80.4306
internal_count=14082 7037 7045 3513 2812 3532 3524 3452 2381 72 3513 1849 1664
cat_boundaries=0 1 2 3 4
cat_threshold=13 1 1 34
is_linear=0
shrinkage=0.05


Tree=61
num_leaves=12
num_cat=4
split_feature=0 0 39 27 5 5 40 2 1 0 29
split_gain=101.495 41.9563 36.5384 93.6222 93.2143 26.1585 39.0864 18.3292 9.8125 12.532 20.3463
threshold=0 1 19.450000000000003 20.750000000000004 0.097680735332368721 -0.85225707553516283 50.350000000000009 2.5000000000000004 2 3 1.5000000000000002
decision_type=1 1 2 2 2 2 2 2 1 1 2
left_child=8 5 4 -4 -3 6 -2 -7 9 10 -1
right_child=1 2 3 -5 -6 7 -8 -9 -10 -11 -12
leaf_value=0.035442937366270466 -0.055386950773366431 -0.033145676055161478 -0.0074682461517853044 0.029158967259448228 0.011686323987287748 0.0052710928149672619 0.020026937131030584 0.036308646751513407 -0.051093084420492263 -0.042880697417944556 -0.026538539142413737
leaf_weight=18.751306984573603 25.018858723342419 239.66685988008976 462.46136061474681 278.86805601045489 222.97210792452097 65.141371235251427 49.634288877248764 179.20493503659964 73.727461908012629 45.558830540627241 39.257543757557869
leaf_count=229 130 1313 2548 1720 1408 405 332 1485 2369 1147 921
internal_value=-0.000474546 0.00378388 -0.000543418 0.00633064 -0.01156 0.0195897 -0.00564491 0.0280894 -0.0351133 -0.0267158 -0.00533746
internal_weight=1700.26 1522.97 1203.97 741.329 462.639 318.999 74.6531 244.346 177.295 103.568 58.0089
internal_count=14007 9341 6989 4268 2721 2352 462 1890 4666 2297 1150
cat_boundaries=0 1 2 3 4
cat_threshold=48 1 1 32
is_linear=0
shrinkage=0.05


Tree=62
num_leaves=15
num_cat=2
split_feature=0 26 5 34 25 44 31 30 0 4 35 5 44 9
split_gain=95.9168 36.52 66.7176 62.0809 56.7364 43.3599 20.7522 10.8979 12.9624 16.2309 9.95861 6.62661 15.8814 4.23518
threshold=0 14.65 -0.23537842981696172 20.350000000000005 6.4368055000000011 48.050000000000004 27.550000000000001 0.65000000000000002 1 0.99053107487289871 82.75892850000001 -0.98212955754013376 43.750000000000007 21.350000000000005
decision_type=1 2 2 2 2 2 2 2 1 2 2 2 2 2
left_child=7 2 4 6 -2 -5 -3 8 9 -1 -4 12 -9 -13
right_child=1 3 10 5 -6 -7 -8 11 -10 -11 -12 13 -14 -15
leaf_value=-0.0061520132312317937 -0.0017881574180914955 0.020391635712890661 0.026739530147953335 0.012355984687209788 -0.075644978565401366 -0.020419284979677016 -0.060246469276067471 -0.039302094682604864 -0.037199768191845881 0.090293860367776729 -0.0019696874988868692 0.01943284088342731 0.078543630711599588 -0.050748340456587396
leaf_weight=28.179455991834402 46.05766287446022 9.2347136288881284 53.018339324742556 1132.5598448961973 58.86529079452157 109.87126858904958 42.777952268719673 10.719573207199572 24.433004533872008 4.1396213360130778 68.236484669148922 1.7107697129249562 2.7961247228085986 100.64851675927639
leaf_count=508 249 67 357 7096 287 581 214 266 545 51 501 27 42 3255
internal_value=-0.000172836 0.00392327 -0.0145463 0.00718948 -0.0435473 0.0094435 -0.0458148 -0.0343184 -0.0178961 0.00656902 0.0106994 -0.045076 -0.0111908 -0.0493987
internal_weight=1693.25 1520.62 226.178 1294.44 104.923 1242.43 52.0127 172.627 56.7521 32.3191 121.255 115.875 13.5157 102.359
internal_count=14046 9352 1394 7958 536 7677 281 4694 1104 559 858 3590 308 3282
cat_boundaries=0 1 2
cat_threshold=48 32
is_linear=0
shrinkage=0.05


Tree=63
num_leaves=15
num_cat=2
split_feature=0 34 34 39 36 24 40 27 39 1 34 4 17 4
split_gain=93.1071 42.5962 80.2887 79.1868 77.0589 14.7996 18.901 11.8641 11.3428 10.2544 4.78458 4.56235 3.67501 2.52358
threshold=0 25.150000000000002 24.550000000000004 19.150000000000002 96.500000000000014 63.500000000000007 25.550000000000004 1.0000000180025095e-35 19.450000000000003 1 18.250000000000004 0.99700008544936913 28.250000000000004 0.98049069993378934
decision_type=1 2 2 2 2 2 2 2 2 1 2 2 2 2
left_child=7 2 4 -4 -2 6 -3 8 9 -1 -9 -12 -7 -10
right_child=1 5 3 -5 -6 12 -8 10 13 -11 11 -13 -14 -15
leaf_value=-0.039897850701841535 -0.013017832215351686 0.019022528138953183 -0.072896869098528688 -0.00606783736284126 0.014858447516892768 0.012791724618568616 0.059269111254464428 0.017716809377859015 -0.041950041763948502 0.055861248001074351 -0.04516127960017545 -0.0027017379787179028 -0.04421028477047672 0.024402111083323217
leaf_weight=3.089638477191329 352.2123052701354 70.603034436702728 64.105881568044424 139.53335073590279 831.17223903536797 3.9069687575101835 50.552539557218552 2.8019474968314162 11.757478142157193 8.8019873350858706 131.64503156766295 6.7817206569015971 6.6426489874720573 0.96152421273291189
leaf_count=65 1903 484 306 706 5607 23 315 21 256 65 4104 129 33 18
internal_value=0.000156266 0.00412518 0.00156192 -0.0273591 0.00655761 0.0312153 0.0361633 -0.034195 -0.00401895 0.0298165 -0.0417924 -0.0431154 -0.0238203 -0.0355209
internal_weight=1684.57 1518.73 1387.02 203.639 1183.38 131.705 121.156 165.839 24.6106 11.8916 141.229 138.427 10.5496 12.719
internal_count=14035 9377 8522 1012 7510 855 799 4658 404 130 4254 4233 56 274
cat_boundaries=0 1 2
cat_threshold=48 2
is_linear=0
shrinkage=0.05


Tree=64
num_leaves=12
num_cat=6
split_feature=0 0 1 36 5 38 1 39 1 0 5
split_gain=77.778 42.0371 31.8441 26.5294 25.8131 35.3949 24.0591 22.9807 12.0597 17.5754 22.6071
threshold=0 1 2 96.500000000000014 -0.8611288361322974 7.4619050000000007 3 15.450000000000001 4 5 0.8511460603353429
decision_type=1 1 1 2 2 2 1 2 1 1 2
left_child=8 4 3 -3 5 -2 -6 -4 9 10 -1
right_child=1 2 7 -5 6 -7 -8 -9 -10 -11 -12
leaf_value=-0.01965930920455106 0.043052128493058589 -0.0072413998083770805 -0.046011800165649319 0.014513454047492831 0.046459268141950838 -0.030546823484640457 0.014041758490572735 -0.0065650565747548927 -0.05081045414143525 -0.042086362112347002 0.049826082100474213
leaf_weight=39.783311653882265 23.562773548066616 213.13745775073767 38.665295612066984 405.39477450400591 101.61657320708036 47.830073282122612 132.35251833498478 544.48642793297768 64.171383017674088 41.96589327044785 15.418093688786028
leaf_count=973 168 1077 234 2454 918 279 943 3269 2329 1168 182
internal_value=-0.000225871 0.00339067 -0.000873009 0.00701745 0.0196164 -0.00599678 0.028259 -0.00925482 -0.0320546 -0.0225418 0.000245879
internal_weight=1668.38 1507.05 1201.68 618.532 305.362 71.3928 233.969 583.152 161.339 97.1673 55.2014
internal_count=13994 9342 7034 3531 2308 447 1861 3503 4652 2323 1155
cat_boundaries=0 1 2 3 4 5 6
cat_threshold=48 1 1 1 1 32
is_linear=0
shrinkage=0.05


Tree=65
num_leaves=13
num_cat=3
split_feature=0 0 39 5 40 38 5 37 1 7 4 5
split_gain=79.2974 41.1447 40.3315 85.5699 82.9923 19.331 31.7193 22.1538 10.1786 13.1262 21.0715 13.6085
threshold=0 1 19.450000000000003 0.097680735332368721 66.450000000000017 6.9169645000000015 -0.83375966452616657 67.500000000000014 2 30.068750000000005 0.99053107487289871 -0.98212955754013376
decision_type=1 1 2 2 2 2 2 2 1 2 2 2
left_child=8 5 3 -3 -4 7 -7 -2 9 11 -11 -1
right_child=1 2 4 -5 -6 6 -8 -9 -10 10 -12 -13
leaf_value=0.033190793908913621 0.052378432306971492 -0.032475528674718979 -0.0043720027728574315 0.010696563376471095 0.031936694949520103 -0.018117493313961865 0.023917236096683146 -0.06429571889625961 -0.050700778004604242 -0.041107689735874725 0.11257540697028733 -0.035439454811315704
leaf_weight=7.1519389208406201 59.13759782537818 243.39219694212079 519.67720546200871 215.69865518808365 224.63017992302775 58.278569430112839 185.60432622209191 3.5319081470370284 61.09929571300745 3.7126994598656884 3.4292182438075542 79.879403186962008
leaf_count=153 561 1340 2894 1380 1433 344 1413 31 2320 101 31 2028
internal_value=7.13675e-05 0.00365446 -0.000567651 -0.0122124 0.00661402 0.0196743 0.0138396 0.0448964 -0.0327134 -0.0240704 0.0374473 -0.0294867
internal_weight=1665.22 1509.95 1203.4 459.091 744.307 306.552 243.883 62.6695 155.273 94.1733 7.14192 87.0313
internal_count=14029 9396 7047 2720 4327 2349 1757 592 4633 2313 132 2181
cat_boundaries=0 1 2 3
cat_threshold=48 1 1
is_linear=0
shrinkage=0.05


Tree=66
num_leaves=12
num_cat=4
split_feature=0 33 44 40 5 0 1 4 32 33 1
split_gain=76.0336 44.98 52.7342 55.6495 46.4075 29.5753 26.2957 26.1224 12.614 3.23016 2.70851
threshold=0 36.95000000000001 48.050000000000004 89.250000000000014 0.98332250088165762 1 2 -0.95244167294248061 27.230357000000001 37.750000000000007 3
decision_type=1 2 2 2 2 1 1 2 2 2 1
left_child=1 2 4 -4 -1 6 7 -2 -8 -3 -11
right_child=5 9 3 -5 -6 -7 8 -9 -10 10 -12
leaf_value=0.005250058113073601 -0.052122325041051104 0.059920071248832224 -0.065551434588080881 0.029037253009524051 0.059646840688893726 -0.044895779625811622 -0.046440237702129218 0.00094508230901713662 -0.016421822456359866 0.052172407652760489 0.019693181834951577
leaf_weight=938.27569681406021 24.077563902363181 31.82309253886342 49.601056970655918 21.75889091193676 39.937520787119865 67.410543827340007 57.750505149364471 307.64394951798022 91.159824037924409 11.729546993970871 17.195560663938522
leaf_count=5941 198 220 217 126 298 2323 1108 2153 1249 120 121
internal_value=-0.000645656 0.00687238 0.00448986 -0.036707 0.00752956 -0.015701 -0.0106934 -0.00305182 -0.0282957 0.0484099 0.0341673
internal_weight=1658.36 1110.32 1049.57 71.3599 978.213 548.042 480.632 331.722 148.91 60.7482 28.9251
internal_count=14074 7043 6582 343 6239 7031 4708 2351 2357 461 241
cat_boundaries=0 1 2 3 4
cat_threshold=13 34 1 1
is_linear=0
shrinkage=0.05


Tree=67
num_leaves=10
num_cat=0
split_feature=35 6 39 16 36 25 44 33 44
split_gain=36.2031 34.7413 49.5545 76.3778 55.4664 36.6983 53.9694 34.6529 15.1321
threshold=58.401786000000008 27.000000000000004 19.450000000000003 6.7500000000000009 99.500000000000014 6.8583335000000014 34.400000000000013 32.350000000000001 38.70000000000001
decision_type=2 2 2 2 2 2 2 2 2
left_child=8 5 4 -4 -3 7 -7 -2 -1
right_child=1 2 3 -5 -6 6 -8 -9 -10
leaf_value=0.0088277107935043533 0.0018251644154083661 -0.062763410327971766 -0.066232758599760674 0.027773558896546285 0.017951884656734838 -0.023451442502044909 0.004758360742342229 0.03377020029406471 -0.092324013058380047
leaf_weight=4.7009708471596268 167.64749611727893 79.813984299078584 27.443417569622397 88.949463326483965 28.381931845098734 210.69436471350491 850.58284890837967 171.23206078074872 13.886092673987148
leaf_count=33 1655 624 204 814 273 1710 7162 1478 92
internal_value=-2.59473e-05 0.000788162 -0.0174227 0.00523312 -0.0416197 0.00371958 -0.000858909 0.0180185 -0.0675965
internal_weight=1643.33 1624.75 224.589 116.393 108.196 1400.16 1061.28 338.88 18.5871
internal_count=14045 13920 1915 1018 897 12005 8872 3133 125
is_linear=0
shrinkage=0.05


Tree=68
num_leaves=15
num_cat=4
split_feature=0 1 38 39 5 40 37 39 5 0 1 4 19 5
split_gain=70.0193 36.8101 27.3071 48.8387 30.8135 23.7435 25.5772 11.9862 10.5878 10.971 14.4314 8.85512 12.773 9.68781
threshold=0 1 6.9169645000000015 18.950000000000003 -0.7444366621422277 125.2 32.500000000000007 19.250000000000004 0.8511460603353429 2 3 0.99466373373798567 30.138194500000001 -0.98212955754013376
decision_type=1 1 2 2 2 2 2 2 2 1 1 2 2 2
left_child=8 2 4 -4 -2 6 -3 -7 11 10 -10 13 -13 -1
right_child=1 5 3 -5 -6 7 -8 -9 9 -11 -12 12 -14 -15
leaf_value=-0.0034074417438008792 0.062394693164277718 -0.022686980900146741 -0.021765515746235035 0.01340445412428066 0.014687142822472075 -0.090569365015534239 0.0013473958587821887 -0.016106280023879271 0.044540942758336921 -0.031039823771748992 -0.043944170500163096 -0.043855355693236106 0.065009203263832513 -0.050979506224557915
leaf_weight=12.270676247775553 47.735924489796162 135.23598813638091 124.55969825387001 461.21589382737875 113.83624747395515 10.674160713329913 589.93039648607373 11.045005615800617 15.333157993853092 14.775364141911266 5.5158758237957963 4.9638628326356393 3.9238117933273315 91.502272130921483
leaf_count=311 323 791 705 2816 841 61 3756 75 185 374 182 132 41 3468
internal_value=-0.000253617 0.00308555 0.0109446 0.00590154 0.0290793 -0.00474122 -0.00315984 -0.0550778 -0.0317751 -0.00979957 0.0138516 -0.0413722 0.00592108 -0.0454405
internal_weight=1642.52 1494.23 747.348 585.776 161.572 746.886 725.166 21.7192 148.285 35.6244 20.849 112.661 8.88767 103.773
internal_count=14061 9368 4685 3521 1164 4683 4547 136 4693 741 367 3952 173 3779
cat_boundaries=0 1 2 3 4
cat_threshold=48 1 32 1
is_linear=0
shrinkage=0.05


Tree=69
num_leaves=13
num_cat=3
split_feature=0 34 34 39 36 0 1 4 32 20 36 4
split_gain=68.189 41.3912 77.6649 58.5669 52.4063 28.904 24.9173 21.624 12.7758 10.874 8.67638 4.31289
threshold=0 25.150000000000002 24.550000000000004 18.850000000000005 96.500000000000014 1 2 -0.94705910369513513 27.230357000000001 33.250000000000007 97.500000000000014 0.73865729060996177
decision_type=1 2 2 2 2 1 1 2 2 2 2 2
left_child=1 2 4 -4 -1 6 7 -2 -8 10 -3 -11
right_child=5 9 3 -5 -6 -7 8 -9 -10 11 -12 -13
leaf_value=-0.0079824131328476433 -0.04507649226240653 0.023777266242052775 -0.070612075494642199 -0.0066071476836600529 0.018608122464986884 -0.044405749382367382 -0.045968133453467411 0.0016281061463708361 -0.01523222095351293 0.061668573316888721 -0.061832585248664619 0.035361534118367503
leaf_weight=272.04025595635176 26.052515875548124 7.7514798641204816 52.295533925294876 109.23475731164217 577.00698200985789 63.513509694486856 55.321164740249515 294.78196898847818 88.6580267585814 30.293809063732624 3.4810634851455688 45.303128585219383
leaf_count=1436 216 46 232 540 4179 2370 1112 2093 1231 209 16 372
internal_value=-0.000257388 0.00684105 0.00403771 -0.0276357 0.010089 -0.0148358 -0.00986213 -0.00229269 -0.0272775 0.0398295 -0.00563983 0.046571
internal_weight=1625.73 1097.41 1010.58 161.53 849.047 528.327 464.814 320.834 143.979 86.8295 11.2325 75.5969
internal_count=14052 7030 6387 772 5615 7022 4652 2309 2343 643 62 581
cat_boundaries=0 1 2 3
cat_threshold=13 34 1
is_linear=0
shrinkage=0.05


Tree=70
num_leaves=15
num_cat=1
split_feature=1 34 34 5 40 5 25 26 5 34 33 34 2 34
split_gain=40.0983 26.0605 37.8836 26.2849 23.7666 23.3733 22.6589 36.8577 30.655 29.5902 14.0843 11.9062 8.49346 8.40505
threshold=0 24.950000000000003 24.550000000000004 -0.92921788351138401 70.550000000000011 -0.62587551141915865 6.5777775000000007 15.050000000000002 -0.8611288361322974 20.850000000000005 32.45000000000001 25.950000000000003 8.5000000000000018 21.450000000000003
decision_type=1 2 2 2 2 2 2 2 2 2 2 2 2 2
left_child=6 2 5 -3 -4 -2 10 8 -8 -9 12 -5 -1 -12
right_child=1 3 4 11 -6 -7 7 9 -10 -11 13 -13 -14 -15
leaf_value=-0.015200646487218744 0.0088537500179626458 0.082574665052721513 -0.06264519320945576 -0.005748518432807769 0.011733408699846778 -0.01352684858200344 -0.08980441450664578 -0.031899531655488082 -0.01180977434686503 0.010417988482808014 -0.02762279694750305 0.033143592743743198 0.019553283194767519 0.044195783881515377
leaf_weight=22.8492118306458 154.43213333748281 11.617148313671349 52.171913912519813 66.77012032456696 13.102755200117825 468.6976035265252 16.051650550216436 43.675797171890736 49.74652972817421 552.43698067031801 3.6749172862619153 26.771621560677886 67.245710983872414 69.438920119777322
leaf_count=200 1357 92 383 568 107 4264 105 312 406 4644 29 265 708 640
internal_value=-0.000249626 -0.00826886 -0.0118114 0.0148149 -0.0477632 -0.0079749 0.00746359 0.0033337 -0.0318964 0.00726925 0.0240905 0.00561523 0.0106691 0.040262
internal_weight=1618.68 793.563 688.404 105.159 65.2747 623.13 825.12 661.911 65.7982 596.113 163.209 93.5417 90.0949 73.1138
internal_count=14080 7036 6111 925 490 5621 7044 5467 511 4956 1577 833 908 669
cat_boundaries=0 1
cat_threshold=1
is_linear=0
shrinkage=0.05


Tree=71
num_leaves=13
num_cat=4
split_feature=0 33 36 39 5 0 1 4 32 33 1 41
split_gain=64.7291 34.9988 50.6283 57.1222 31.2905 27.4115 21.4652 18.0995 14.1396 4.25246 4.35145 1.78108
threshold=0 36.850000000000001 94.500000000000014 18.850000000000005 0.96849880583763492 1 2 -0.97876850416056749 27.240773500000007 37.750000000000007 3 11.250000000000002
decision_type=1 2 2 2 2 1 1 2 2 2 1 2
left_child=1 2 4 -4 -1 6 7 -2 -8 11 -11 -3
right_child=5 9 3 -5 -6 -7 8 -9 -10 10 -12 -13
leaf_value=-0.013211953287961518 -0.054906876826154284 0.058987369286373416 -0.0052787330167939697 0.021257270912937727 -0.09966490909367054 -0.044072502314980777 -0.046406107707833454 -0.00025660304051899739 -0.013617217660641744 0.050847646922331291 0.0096076541210100667 0.018939513160175673
leaf_weight=190.48557386547327 14.932708390057085 30.41104219853878 354.12146335467696 472.57790464162827 10.119978696107863 60.671112314797938 53.233178452588618 308.7107326798141 86.761907730251551 10.035192862153053 16.660609349608421 4.3702919445931903
leaf_count=962 127 220 2363 3187 43 2344 1123 2192 1241 112 121 27
internal_value=-0.000362599 0.00658273 0.00442885 0.00989778 -0.018046 -0.0146174 -0.00983087 -0.0029395 -0.0263259 0.0429814 0.0263863 0.0546253
internal_weight=1613.09 1088.78 1027.3 826.699 200.606 524.31 463.639 323.643 139.995 61.4771 26.6958 34.7813
internal_count=14062 7035 6555 5550 1005 7027 4683 2319 2364 480 233 247
cat_boundaries=0 1 2 3 4
cat_threshold=13 34 1 1
is_linear=0
shrinkage=0.05


Tree=72
num_leaves=12
num_cat=4
split_feature=0 1 2 26 0 34 34 1 4 32 42
split_gain=58.6018 36.4653 33.2244 28.9568 26.1033 22.6852 31.0003 20.3099 19.1452 11.5349 6.28547
threshold=0 1 9.5000000000000018 15.050000000000002 2 25.150000000000002 24.550000000000004 3 -0.96689237009891416 27.230357000000001 3.5000000000000004
decision_type=1 1 2 2 1 2 2 1 2 2 2
left_child=1 2 3 -1 7 6 -3 8 -2 -9 -7
right_child=4 5 -4 -5 -6 10 -8 9 -10 -11 -12
leaf_value=-0.020371478278107369 -0.052493985683328061 0.00031533824174806142 0.053195728025678984 0.017354160846027988 -0.04363395691494474 -0.0033136874788952057 -0.03241472231553482 -0.044810708605895401 -9.3969385245975441e-05 -0.014583744060523372 0.041085176221445224
leaf_weight=58.839861929416656 17.46994311735034 497.94015929102898 54.282995734363794 342.51179911568761 57.720849797129631 9.9671417251229268 83.63988684117794 50.223651144653559 310.12025622092187 86.382541719824076 36.165221713483334
leaf_count=336 157 2817 710 2457 2331 71 386 1109 2190 1234 246
internal_value=-0.000609853 0.00601958 0.0168256 0.0117865 -0.0141994 -0.00174268 -0.00443929 -0.00961398 -0.00303964 -0.0259417 0.0316258
internal_weight=1605.26 1083.35 455.635 401.352 521.917 627.712 581.58 464.196 327.59 136.606 46.1324
internal_count=14044 7023 3503 2793 7021 3520 3203 4690 2347 2343 317
cat_boundaries=0 1 2 3 4
cat_threshold=13 1 34 1
is_linear=0
shrinkage=0.05


Tree=73
num_leaves=10
num_cat=3
split_feature=0 5 33 43 0 4 1 37 33
split_gain=52.5807 31.3884 32.6781 45.6743 25.6744 22.6586 21.7414 18.1006 5.8044
threshold=0 0.99349222267034765 36.95000000000001 13.65 1 0.99552231814189462 2 42.500000000000007 37.750000000000007
decision_type=1 2 2 2 1 2 1 2 2
left_child=1 2 3 -1 5 6 -2 -7 -4
right_child=4 -3 8 -5 -6 7 -8 -9 -10
leaf_value=-0.0084016270704867068 -0.0044122095792587549 0.059928837758333367 0.057997181968415683 0.012979298215130042 -0.043241871420185596 0.013366301919008856 -0.028796841661133266 0.12319296584453027 0.023849996512529427
leaf_weight=494.57062980532646 315.21879106760025 25.135147526860237 27.492295145988464 502.66710508242249 55.168281876482069 14.225757537409665 128.01915054675192 4.2462301794439545 26.271010775119066
leaf_count=2919 2267 195 211 3457 2328 115 2279 41 236
internal_value=-0.000551573 0.00574241 0.00444537 0.00237784 -0.0134917 -0.00901347 -0.0115041 0.0436427 0.0420516
internal_weight=1593.01 1076.14 1051 997.238 516.878 461.71 443.238 18.472 53.7633
internal_count=14048 7018 6823 6376 7030 4702 4546 156 447
cat_boundaries=0 1 2 3
cat_threshold=13 34 1
is_linear=0
shrinkage=0.05


Tree=74
num_leaves=13
num_cat=3
split_feature=0 35 6 43 6 30 0 1 44 5 44 19
split_gain=51.2828 34.095 33.8118 41.5386 36.1932 13.0791 12.5021 14.7849 11.0317 8.04282 17.8959 4.64398
threshold=0 58.401786000000008 27.000000000000004 9.6000000000000032 2.5000000000000004 0.65000000000000002 1 2 38.70000000000001 -0.98801846520836334 43.750000000000007 25.518055500000006
decision_type=1 2 2 2 2 2 1 1 2 2 2 2
left_child=5 8 4 -4 -3 6 7 -1 -2 10 -7 -11
right_child=1 2 3 -5 -6 9 -8 -9 -10 11 -12 -13
leaf_value=0.035426072193412844 0.0067838398570172825 -0.0063462635060974153 -0.09244456566909981 -0.0083764204003603567 0.012421677099924127 -0.039058177857272371 -0.032243856373685119 -0.044830397672094902 -0.086129206693489779 0.012989681881184002 0.10012068824709408 -0.049951348929532485
leaf_weight=22.332495104521513 3.9533112868666676 362.29365135170519 14.947869613766668 191.01115399599075 877.59677010215819 6.9007765445858222 17.167713374830782 6.6786177121102837 13.072839099913834 2.6685756575316182 2.2640548460185528 72.791690856218338
leaf_count=275 21 2080 74 1223 5974 212 552 268 66 61 35 3262
internal_value=0.000188705 0.00294933 0.00381894 -0.014895 0.00693703 -0.0285325 -0.0090272 0.0120552 -0.0653761 -0.0422789 0.00179142 -0.0475847
internal_weight=1593.68 1462.88 1445.85 205.959 1239.89 130.804 46.1788 29.0111 17.0262 84.6251 9.16483 75.4603
internal_count=14103 9438 9351 1297 8054 4665 1095 543 87 3570 247 3323
cat_boundaries=0 1 2 3
cat_threshold=48 32 1
is_linear=0
shrinkage=0.05


Tree=75
num_leaves=12
num_cat=2
split_feature=0 0 2 44 39 26 40 25 37 4 4
split_gain=51.6911 32.5246 29.4332 28.2431 28.2809 27.0056 27.5124 27.197 13.4594 11.9258 2.55808
threshold=0 1 9.5000000000000018 52.000000000000007 25.250000000000004 15.050000000000002 50.350000000000009 6.9458335000000009 55.500000000000007 -0.17647087149565663 -0.39036798905311365
decision_type=1 1 2 2 2 2 2 2 2 2 2
left_child=2 -2 5 4 -3 7 -7 -1 9 -4 -10
right_child=1 3 8 -5 -6 6 -8 -9 10 -11 -12
leaf_value=0.0060046467859968212 -0.042762680341443066 -0.0071649451016668614 -0.021610088752927688 -0.076829280104270481 0.023157041917392034 0.0018572005375985059 0.026613251257891296 -0.051656965059905524 0.051989615343769682 0.050238346299379913 0.0012942187795087824
leaf_weight=44.836844950914383 51.886567682027817 785.59378505684435 14.80127787590027 12.60160527564585 84.254459578543901 307.59208159893751 175.85070907324553 36.316071033477783 59.094465930014849 8.1136082224547845 2.6498557627201071
leaf_count=267 2342 6300 151 96 655 1922 1368 174 664 93 27
internal_value=-0.000330163 -0.00782352 0.0104091 -0.00526796 -0.00420471 0.00641322 0.0108985 -0.0201137 0.0378873 0.00486666 0.0498692
internal_weight=1583.59 934.336 649.255 882.45 869.848 564.596 483.443 81.1529 84.6592 22.9149 61.7443
internal_count=14059 9393 4666 7051 6955 3731 3290 441 935 244 691
cat_boundaries=0 1 2
cat_threshold=9 16
is_linear=0
shrinkage=0.05


Tree=76
num_leaves=12
num_cat=4
split_feature=0 1 2 8 5 0 44 1 4 32 35
split_gain=49.7268 34.239 30.1208 28.2282 26.5521 23.7003 22.3383 19.0068 16.9136 12.9216 1.10478
threshold=0 1 9.5000000000000018 33.350000000000001 0.98899263613956456 2 35.100000000000001 3 -0.95754239937548935 27.230357000000001 63.630952500000006
decision_type=1 1 2 2 2 1 2 1 2 2 2
left_child=1 2 3 -1 6 7 -3 8 -2 -9 -6
right_child=5 4 -4 -5 10 -7 -8 9 -10 -11 -12
leaf_value=0.0025167705577542627 -0.045306107397379655 -0.01709348342654872 0.052699325866908467 0.030771433652850257 0.018151696147973392 -0.042487383722711047 0.0034362950380304453 -0.04589569979239308 0.00071835764685569583 -0.012870766215484343 0.060550858977156598
leaf_weight=263.22351009771228 20.343626726418734 196.1950720474124 50.618360012769699 132.24930061772466 2.876507036387923 50.328828785568476 403.12563785910606 45.878896942362189 307.88356244377792 83.723190540447831 16.064914062619209
leaf_count=1865 179 1084 714 935 18 2363 2303 1093 2187 1255 105
internal_value=9.09935e-06 0.00614414 0.0167427 0.0120191 -0.00141845 -0.012699 -0.00330166 -0.00850437 -0.0022632 -0.0248234 0.0553451
internal_weight=1572.51 1064.35 446.091 395.473 618.262 508.158 599.321 457.829 328.227 129.602 18.9414
internal_count=14101 7024 3514 2800 3510 7077 3387 4714 2366 2348 123
cat_boundaries=0 1 2 3 4
cat_threshold=13 1 34 1
is_linear=0
shrinkage=0.05


Tree=77
num_leaves=13
num_cat=3
split_feature=0 0 1 38 5 43 38 34 5 37 4 37
split_gain=47.3376 33.5559 27.7147 27.4291 22.7063 29.6898 34.7389 19.4012 18.115 15.9435 19.7607 15.7169
threshold=0 1 2 6.8693455000000005 -0.8611288361322974 18.650000000000002 8.4187500000000011 23.950000000000003 0.98899263613956456 32.500000000000007 0.61915405168109316 67.500000000000014
decision_type=1 1 1 2 2 2 2 2 2 2 2 2
left_child=4 -2 3 -3 5 6 -1 -7 -4 10 -6 -11
right_child=1 2 8 -5 9 7 -8 -9 -10 11 -12 -13
leaf_value=0.015728382043925411 -0.04187558634714518 0.023622680200868693 -0.012525886202668885 -0.001287015815279479 -0.036082409274337611 -0.023048642909967599 -0.085037094623063303 0.053712732510662754 0.035943916098154026 0.03764593446721206 0.024334355210083852 -0.024323420615416314
leaf_weight=14.949669301509855 47.258025881834328 140.57230806164443 561.01102207973599 503.32430254854262 20.016316298395395 12.416022229939697 18.188108325004578 21.027067564427853 19.015427704900503 152.99118091166019 37.032250285148621 10.296296782791613
leaf_count=106 2337 1143 4502 3550 119 89 90 157 173 1419 269 91
internal_value=-0.000565696 -0.00472991 -0.00293541 0.00417934 0.0173962 -0.00750102 -0.040449 0.0253727 -0.0108777 0.0257055 0.00287985 0.0336141
internal_weight=1558.1 1271.18 1223.92 643.897 286.917 66.5809 33.1378 33.4431 580.026 220.336 57.0486 163.287
internal_count=14045 11705 9368 4693 2340 442 196 246 4675 1898 388 1510
cat_boundaries=0 1 2 3
cat_threshold=1 16 1
is_linear=0
shrinkage=0.05


Tree=78
num_leaves=15
num_cat=1
split_feature=0 25 39 34 5 33 36 36 30 44 4 7 5 32
split_gain=42.356 32.3348 66.2757 112.451 91.5628 52.4129 27.8368 26.687 11.9406 15.1418 9.49117 10.1012 8.02866 6.04297
threshold=0 6.8013890000000012 19.450000000000003 23.250000000000004 0.78724360164103002 32.350000000000001 94.500000000000014 99.500000000000014 0.15000000000000005 33.300000000000004 0.99466373373798567 30.068750000000005 -0.98212955754013376 27.311905000000003
decision_type=1 2 2 2 2 2 2 2 2 2 2 2 2 2
left_child=8 5 3 -3 -4 7 -7 -2 9 13 12 -12 -10 -1
right_child=1 2 4 -5 -6 6 -8 -9 10 -11 11 -13 -14 -15
leaf_value=-1.4724094800780153e-05 -0.024622254517733134 0.017441316439959512 0.012523223710447038 -0.046349605778886638 -0.036071377543929355 -0.053601410846015156 0.041802591270417987 0.014474769715494891 -0.000489506102789993 -0.032421260690269613 -0.039436270387717735 0.070834529708223279 -0.04682824230607769 0.072516050943504676
leaf_weight=4.7974836509674805 76.602812971919775 110.9851108007133 693.15955732762814 180.15499709919095 111.68794085457921 7.2228364199399939 149.18940320611 98.773937653750181 10.604144404642282 13.670564156025646 3.1230159653350702 3.2931467369198799 79.23455614503473 6.1527180317789316
leaf_count=66 550 753 4460 1045 692 36 1040 778 318 404 111 36 3679 66
internal_value=-1.44827e-05 0.00247155 -0.00165452 -0.0220555 0.0057434 0.0161394 0.0370845 -0.0026452 -0.0271351 0.00167689 -0.0372364 0.0190808 -0.0414242 0.0433969
internal_weight=1548.65 1427.78 1095.99 291.14 804.847 331.789 156.412 175.377 120.876 24.6208 96.2549 6.41616 89.8387 10.9502
internal_count=14034 9354 6950 1798 5152 2404 1076 1328 4680 536 4144 147 3997 132
cat_boundaries=0 1
cat_threshold=48
is_linear=0
shrinkage=0.05


Tree=79
num_leaves=13
num_cat=3
split_feature=0 8 36 21 39 39 38 0 1 4 32 37
split_gain=40.3954 30.9294 58.8848 39.6825 34.5524 59.2312 22.9537 21.0916 17.9867 17.2498 15.0881 13.4226
threshold=0 33.350000000000001 95.500000000000014 24.550000000000004 23.550000000000004 24.950000000000003 9.9449405000000031 1 2 -0.97876850416056749 28.027381000000002 35.500000000000007
decision_type=1 2 2 2 2 2 2 1 1 2 2 2
left_child=1 2 6 -4 10 -6 -1 8 9 -2 -3 -10
right_child=7 4 3 -5 5 -7 -8 -9 11 -11 -12 -13
leaf_value=-0.051735016217667087 -0.054720218005783909 0.010733953817923405 0.013243511014361978 -0.01396755160099571 -0.046582490940175046 0.025641463456858894 0.0013700855323785309 -0.041421042152130105 -0.051870094337187644 0.00073147112516376491 0.041705522281968568 -0.014298834611348371
leaf_weight=68.237330015748739 13.693803099915383 57.683462925255299 464.98507195338607 187.1302580460906 45.307088810950518 72.365134991705418 28.745124101638794 44.561580119654536 31.470767034217715 307.50281580910087 128.67085955291986 93.693597191944718
leaf_count=318 130 344 3593 1059 254 453 144 2338 588 2195 851 1754
internal_value=-9.95251e-05 0.00541695 3.09069e-06 0.00542563 0.0188901 -0.00232498 -0.0361416 -0.0117908 -0.00790766 -0.00179514 0.0322272 -0.0240818
internal_weight=1544.05 1053.12 749.098 652.115 304.027 117.672 96.9825 490.923 446.361 321.197 186.354 125.164
internal_count=14021 7016 5114 4652 1902 707 462 7005 4667 2325 1195 2342
cat_boundaries=0 1 2 3
cat_threshold=13 34 1
is_linear=0
shrinkage=0.05


Tree=80
num_leaves=13
num_cat=2
split_feature=0 2 38 26 0 40 44 37 44 44 4 44
split_gain=44.3495 27.8395 30.8194 40.3843 25.8857 27.3305 27.1834 12.1605 23.9098 10.8934 8.04114 8.00528
threshold=0 7.5000000000000009 6.890476500000001 15.050000000000002 1 125.2 48.050000000000004 67.500000000000014 38.350000000000009 43.400000000000013 0.63257020223555627 31.500000000000004
decision_type=1 2 2 2 1 2 2 2 2 2 2 2
left_child=1 2 10 -4 -2 6 -6 11 -9 -7 -1 -3
right_child=4 7 3 -5 5 9 -8 8 -10 -11 -12 -13
leaf_value=0.043409258826557301 -0.041094943699208603 0.010910707420106679 -0.045046838547694874 0.0042282313956658107 -0.0012553707944937581 -0.076536355052887972 -0.03667141205237047 -0.057983258212044711 0.041218429805235005 0.0049161592766201884 -0.0027342455937012888 0.039320581206238853
leaf_weight=53.564451172947884 43.164596451446414 33.201870538294315 45.924473464488983 364.23473532497883 778.88176427036524 17.305398188531402 57.238457188010216 10.660066891461613 11.696932315826414 5.1420197188854209 11.278789699077604 109.58166211470962
leaf_count=421 2360 364 226 2355 6368 156 442 80 103 47 67 1112
internal_value=-0.000244585 0.00972764 0.00370907 -0.00138511 -0.00735314 -0.00515838 -0.00372076 0.0274982 -0.00653941 -0.0584641 0.0354635 0.0328362
internal_weight=1541.88 640.143 475.002 410.159 901.732 858.568 836.12 165.141 22.357 22.4474 64.8432 142.784
internal_count=14101 4728 3069 2581 9373 7013 6810 1659 183 203 488 1476
cat_boundaries=0 1 2
cat_threshold=9 16
is_linear=0
shrinkage=0.05


Tree=81
num_leaves=9
num_cat=2
split_feature=0 34 34 39 36 32 0 20
split_gain=35.517 27.4415 60.1917 54.3095 46.438 18.371 22.7182 18.807
threshold=0 25.150000000000002 24.550000000000004 18.850000000000005 96.500000000000014 30.780952000000003 1 33.250000000000007
decision_type=1 2 2 2 2 2 1 2
left_child=-1 2 4 -4 -2 7 -7 -3
right_child=1 5 3 -5 -6 6 -8 -9
leaf_value=-0.040637353874324045 -0.011105567843097446 -0.01291365396962903 -0.064068355306831123 -0.0083109975502045595 0.010472833882089912 0.032307203187218865 -0.031093149342270393 0.046811648255503914
leaf_weight=41.05702995415777 361.58359722793102 15.634216964244841 62.551290217787027 140.80461870599538 797.5427846647799 13.984723374247551 22.172904498875141 71.857985064387321
leaf_count=2328 2382 105 375 889 6944 147 213 600
internal_value=-3.78127e-05 0.00137441 -0.000670236 -0.0256913 0.00373779 0.023839 -0.00603546 0.0361138
internal_weight=1527.19 1486.13 1362.48 203.356 1159.13 123.65 36.1576 87.4922
internal_count=13983 11655 10590 1264 9326 1065 360 705
cat_boundaries=0 1 2
cat_threshold=16 5
is_linear=0
shrinkage=0.05


Tree=82
num_leaves=13
num_cat=3
split_feature=0 39 44 44 37 39 2 1 43 37 33 1
split_gain=36.1942 30.7808 86.9376 52.8987 53.1326 49.3051 20.2966 10.042 10.756 12.6224 12.3543 2.31745
threshold=0 25.250000000000004 48.050000000000004 52.000000000000007 25.500000000000004 23.550000000000004 7.5000000000000009 1 0.75000000000000011 29.500000000000004 30.750000000000004 2
decision_type=1 2 2 2 2 2 2 1 2 2 2 1
left_child=7 2 5 4 -3 -2 -4 8 9 -1 -10 -5
right_child=1 3 6 11 -6 -7 -8 -9 10 -11 -12 -13
leaf_value=-0.04514995755823642 0.0055081221298179592 -0.069894465939622674 -0.10051921731320267 -0.028660312260985601 0.044076699160271571 -0.024418523618967021 -0.030892528036247875 -0.049683532912600789 0.045602806372262203 0.034898540870765098 -0.03741609010969877 -0.064511032405006982
leaf_weight=6.055344324558976 1052.6767952144146 10.264159627258776 23.293142519891262 12.862135335803032 121.90681982040405 157.31295659206808 20.60277920588851 38.058249591849744 4.0950867850333443 15.523181162774561 47.431251242756844 9.9275216348469257
leaf_count=163 7179 50 106 60 810 964 116 2350 48 218 1893 56
internal_value=-0.000595472 0.00165969 -0.000933376 0.0226197 0.0347675 0.00160035 -0.0692556 -0.0267038 -0.0178352 0.0114306 -0.0300755 -0.0463327
internal_weight=1520.01 1408.85 1253.89 154.961 132.171 1209.99 43.8959 111.163 73.1049 21.5785 51.5263 22.7897
internal_count=14013 9341 8365 976 860 8143 222 4672 2322 381 1941 116
cat_boundaries=0 1 2 3
cat_threshold=48 1 1
is_linear=0
shrinkage=0.05


Tree=83
num_leaves=13
num_cat=3
split_feature=0 0 44 39 5 5 39 43 25 1 34 4
split_gain=33.7928 24.323 25.0908 47.1487 45.4269 24.0121 40.7233 46.4692 29.0337 24.8931 21.2495 13.8481
threshold=0 1 48.050000000000004 28.000000000000004 -0.76696334127844745 -0.89404254237865755 17.250000000000004 12.550000000000002 5.6659720000000009 2 20.350000000000005 0.10837544681456417
decision_type=1 1 2 2 2 2 2 2 2 1 2 2
left_child=5 -2 4 -4 -3 6 8 -8 -1 11 -11 -7
right_child=1 2 3 -5 -6 9 7 -9 -10 10 -12 -13
leaf_value=0.031856117657905421 -0.040080168436321145 0.01985952972126008 -0.071786229010943378 0.021535041688882373 -0.0082404180042569396 0.046348802788515539 -0.058313468898294175 0.020395762196948178 -0.11075952631733491 -0.047201224385454425 0.0079688589429116625 0.018408521038238247
leaf_weight=4.1918596178293255 38.735758846625686 186.65273695718497 34.194904363714159 21.383711719885468 614.91153785865754 63.751838210970163 23.590000070631504 77.998162604868412 13.919826388359068 17.633076794445515 276.36517094820738 149.49416173249483
leaf_count=29 2348 1530 264 180 5059 881 122 565 66 100 1855 1096
internal_value=0.000266394 -0.00593968 -0.00390851 -0.0361351 -0.00168046 0.00907996 -0.0108519 0.00172827 -0.0778121 0.0139742 0.00451115 0.0269389
internal_weight=1522.82 895.879 857.143 55.5786 801.564 626.944 119.7 101.588 18.1117 507.244 293.998 213.246
internal_count=14095 9381 7033 444 6589 4714 782 687 95 3932 1955 1977
cat_boundaries=0 1 2 3
cat_threshold=9 16 1
is_linear=0
shrinkage=0.05


Tree=84
num_leaves=12
num_cat=0
split_feature=39 44 44 37 39 40 39 4 2 26 4
split_gain=26.7483 77.8777 50.4361 41.7565 38.1092 61.3891 54.8223 16.7749 10.803 1.0792 0.277078
threshold=25.250000000000004 48.050000000000004 52.000000000000007 25.500000000000004 23.550000000000004 72.750000000000014 19.550000000000004 -0.51297808981038739 9.5000000000000018 19.950000000000003 -0.97113884758256674
decision_type=2 2 2 2 2 2 2 2 2 2 2
left_child=1 4 3 -2 6 -6 -1 9 -5 -3 -4
right_child=2 7 10 8 5 -7 -8 -9 -10 -11 -12
leaf_value=-0.0068384647048095317 -0.06446091358971627 -0.0047846522062531009 -0.020730675244744222 0.043449693054992293 -0.036376468003381852 0.039377110061377812 0.015203207575729467 -0.092060788377007818 -0.0033311214755145698 -0.034359630585373425 -0.049486218345971139
leaf_weight=608.13877542130649 9.7627371829003078 4.3246919168159392 3.0118092438206103 114.9429067550227 138.30159252230078 32.225819884799421 524.52893060818315 25.879307762719691 13.657975034788249 14.138426305726169 20.685759478248656
leaf_count=5712 71 46 23 1058 1129 323 5107 171 161 112 154
internal_value=0.000121672 -0.00219124 0.019249 0.0308192 4.99835e-05 -0.0219146 0.00337326 -0.0666078 0.038494 -0.0280339 -0.0468189
internal_weight=1509.6 1347.54 162.061 138.364 1303.2 170.527 1132.67 44.3424 128.601 18.4631 23.6976
internal_count=14067 12600 1467 1290 12271 1452 10819 329 1219 158 177
is_linear=0
shrinkage=0.05


Tree=85
num_leaves=13
num_cat=3
split_feature=0 0 39 5 37 5 39 43 1 37 34 4
split_gain=32.7945 25.3333 24.1034 91.9155 67.4048 18.7875 27.1973 31.5016 16.6794 16.6568 11.8229 8.70068
threshold=0 1 18.850000000000005 -0.26867065956352881 42.500000000000007 -0.85225707553516283 17.150000000000002 18.650000000000002 2 67.500000000000014 20.550000000000004 -0.031173458710879145
decision_type=1 1 2 2 2 2 2 2 1 2 2 2
left_child=5 -2 3 -3 -4 6 11 -8 10 -10 -7 -1
right_child=1 2 4 -5 -6 8 7 -9 9 -11 -12 -13
leaf_value=-0.11187461497176426 -0.039648026500056444 -0.040822194951219894 -0.012750466122636592 0.0075147812234205181 0.016344855058678189 -0.011702519445199648 -0.029566650814800977 0.046119739887787246 0.014889758451325386 -0.065217867152444736 0.045600454291959816 -0.019056586673922543
leaf_weight=6.1381728798151016 37.079831928014755 166.7670247387141 379.24241860955954 237.07573359832168 416.79486058093607 9.7508973330259305 27.577611736953259 25.524175845086575 112.62426023557782 5.9008968025445929 78.035803094506264 4.6588700339198095
leaf_count=27 2338 1190 2710 2009 3442 69 174 214 888 44 869 29
internal_value=-0.000526012 -0.00399474 -0.00254278 -0.0124975 0.00248486 0.0149068 -0.0081369 0.00699319 0.0227678 0.0103892 0.0391754 -0.0768344
internal_weight=1507.17 1236.96 1199.88 403.843 796.037 270.211 63.8988 53.1018 206.312 118.525 87.7867 10.797
internal_count=14003 11689 9351 3199 6152 2314 444 388 1870 932 938 56
cat_boundaries=0 1 2 3
cat_threshold=1 16 1
is_linear=0
shrinkage=0.05


Tree=86
num_leaves=15
num_cat=2
split_feature=0 33 44 5 40 5 4 39 44 35 44 38 33 1
split_gain=34.6642 27.474 36.4071 37.2166 34.3782 18.7566 24.8468 23.5881 32.712 17.298 16.4524 8.84294 4.76495 4.52424
threshold=0 36.95000000000001 48.050000000000004 0.98332250088165762 90.65000000000002 -0.59867820553660911 0.9893236546938301 18.650000000000002 48.050000000000004 74.389881000000017 29.350000000000005 6.8250000000000011 37.750000000000007 1
decision_type=1 2 2 2 2 2 2 2 2 2 2 2 2 1
left_child=1 2 3 -1 -4 7 10 11 -9 -8 -7 -2 -3 -14
right_child=5 12 4 -5 -6 6 9 8 -10 -11 -12 -13 13 -15
leaf_value=0.0033206923481506321 -0.0061871702202620444 0.056108916431873136 -0.055402422508376931 0.056722618145955798 0.023012686954971689 0.0055870497901422877 0.0023275807334664179 0.023072816560175836 -0.053452363027758291 0.088601120525147459 -0.028093878317473071 -0.055279142810864358 0.049711047063951477 0.0065499477874282471
leaf_weight=877.69540161453187 17.58833528496325 24.465886365622282 47.135184343904257 32.894660355523229 19.041582379490137 42.040719696320593 23.432908922433857 104.74413149058819 15.128079188056288 6.7506306366994968 249.60882305167615 18.839050860144198 9.2185279689729214 15.8592191003263
leaf_count=5935 254 209 215 297 123 558 276 1485 241 94 3865 319 119 122
internal_value=-0.000669798 0.00451373 0.00269479 0.00530992 -0.0328327 -0.0116338 -0.0187605 0.002327 0.0130529 0.0238454 -0.0232363 -0.0323746 0.0405049 0.0237137
internal_weight=1504.44 1026.31 976.767 910.59 66.1768 478.133 321.833 156.3 119.872 30.1835 291.65 36.4274 49.5436 25.0777
internal_count=14112 7020 6570 6232 338 7092 4793 2299 1726 370 4423 573 450 241
cat_boundaries=0 1 2
cat_threshold=13 1
is_linear=0
shrinkage=0.05


Tree=87
num_leaves=9
num_cat=2
split_feature=0 1 4 20 40 38 39 4
split_gain=29.6584 29.7815 25.4221 36.0156 24.9197 21.5361 26.0544 15.7321
threshold=0 1 -0.77245553105869302 31.250000000000004 26.450000000000003 6.4553575000000007 18.950000000000003 -0.85227431625818906
decision_type=1 1 2 2 2 2 2 2
left_child=-1 5 3 -3 -4 7 -7 -2
right_child=1 2 4 -5 -6 6 -8 -9
leaf_value=-0.039314109338622345 -0.0068905165960084407 -0.056357723413473039 -0.011392278963381866 -0.0011292796548653789 0.0088288762778752691 -0.011485957993409825 0.011034490464512502 0.040914883009351671
leaf_weight=35.717648559715599 21.938877997919917 54.964569459669292 323.67853331379592 62.558124900795519 286.10423202067614 175.85114829428494 468.70254039019346 74.658481454476714
leaf_count=2340 231 489 2511 604 2284 1313 3625 691
internal_value=-9.12675e-05 0.00114859 -0.00602746 -0.0272168 -0.00190579 0.00820469 0.00488205 0.0300981
internal_weight=1504.17 1468.46 727.305 117.523 609.783 741.151 644.554 96.5974
internal_count=14088 11748 5888 1093 4795 5860 4938 922
cat_boundaries=0 1 2
cat_threshold=16 1
is_linear=0
shrinkage=0.05


Tree=88
num_leaves=14
num_cat=1
split_feature=0 26 34 34 42 34 33 27 2 4 33 36 32
split_gain=29.7871 28.128 36.2963 32.8151 29.8388 27.0918 26.9514 18.0527 16.4802 22.2455 30.4758 18.4771 2.55459
threshold=0 14.950000000000001 20.950000000000003 23.950000000000003 2.5000000000000004 25.150000000000002 32.45000000000001 1.0500000000000003 9.5000000000000018 0.57077594689671507 34.650000000000013 99.500000000000014 27.296726500000002
decision_type=1 2 2 2 2 2 2 2 2 2 2 2 2
left_child=8 3 7 6 -4 -5 -2 -3 9 10 -1 -11 -10
right_child=1 2 4 5 -6 -7 -8 -9 12 11 -12 -13 -14
leaf_value=0.004038713566890134 -0.020023552908365588 -0.052273494737332053 0.026601057813118958 -0.06562776754828907 -0.00055043094748541573 0.033902082360354843 0.025631388989950144 0.0061258646056119278 0.052785465618355801 0.03279410367723979 -0.087759830506189365 -0.063635698387179959 -0.010144620987898381
leaf_weight=128.84114293009043 122.01617323514074 45.834003728814423 114.32255866937339 48.419889472890645 825.36575290840119 7.3014972526580086 42.904528638347983 18.174156994558871 28.649706846103076 99.312650438398123 8.7185774818062765 4.3203589469194403 1.3941719774156798
leaf_count=1035 1243 407 978 409 8061 63 407 184 442 782 45 24 22
internal_value=9.7379e-05 -0.00325226 0.000280807 -0.0193996 0.00277759 -0.052218 -0.00806341 -0.0358527 0.0147514 0.0108285 -0.00237089 0.0282043 0.0496325
internal_weight=1495.58 1224.34 1003.7 220.642 939.688 55.7214 164.921 64.0082 271.237 241.193 137.56 103.633 30.0439
internal_count=14102 11752 9630 2122 9039 472 1650 591 2350 1886 1080 806 464
cat_boundaries=0 1
cat_threshold=1
is_linear=0
shrinkage=0.05


Tree=89
num_leaves=15
num_cat=3
split_feature=0 1 2 8 5 26 1 5 2 25 2 43 5 13
split_gain=31.9117 26.0278 29.3989 21.6177 18.7332 20.4643 16.4131 16.4974 16.0097 15.82 13.2248 27.6192 10.4699 0.0737215
threshold=0 1 9.5000000000000018 33.350000000000001 0.99349222267034765 14.65 2 0.69521084835931835 10.500000000000002 6.5159725000000011 1.5000000000000002 0.75000000000000011 -0.58481178939031186 10.818750000000003
decision_type=1 1 2 2 2 2 1 2 2 2 2 2 2 2
left_child=1 2 3 -1 5 -3 7 8 -2 -9 11 -8 -12 -4
right_child=6 4 13 -5 -6 -7 10 9 -10 -11 12 -13 -14 -15
leaf_value=0.0010703427942168025 -0.0015108336941334214 -0.025372703554912952 0.053011523482539728 0.026486387884082571 0.056816138172857328 0.00055897961864462449 0.094259718508585111 0.0073944796297650793 0.057773052503673365 -0.037869111506758549 -0.014195790700963254 -0.046593193025899017 -0.04370663337955423 0.022872993900025371
leaf_weight=252.67843417823315 238.9257334060967 88.950339920818806 42.456069689244032 124.14270640537143 12.191753566265104 493.15946809947491 5.7505481550469977 27.710202421993017 10.956045677885411 60.52921243943274 55.525885246694088 6.2883278792724013 68.279967154376209 2.3521461859345427
leaf_count=1878 2581 492 688 937 94 2906 135 234 112 582 1148 189 2055 41
internal_value=-0.000411378 0.00458638 0.0141174 0.00949153 -0.00211079 -0.00344028 -0.0109765 -0.0052769 0.00130838 -0.0237312 -0.0258227 0.0227564 -0.0306911 0.0519633
internal_weight=1489.9 1015.93 421.629 376.821 594.302 582.11 473.966 338.121 249.882 88.2394 135.845 12.0389 123.806 44.8082
internal_count=14072 7036 3544 2815 3492 3398 7036 3509 2693 816 3527 324 3203 729
cat_boundaries=0 1 2 3
cat_threshold=13 1 1
is_linear=0
shrinkage=0.05


Tree=90
num_leaves=15
num_cat=2
split_feature=0 6 39 15 36 6 6 0 38 4 33 37 36 43
split_gain=34.2551 23.7922 39.0358 40.3668 37.1544 24.1243 21.9693 20.8036 14.8961 20.2883 29.1707 18.5423 15.2676 0.242027
threshold=0 27.000000000000004 19.450000000000003 5.9500000000000011 99.500000000000014 2.5000000000000004 1.5000000000000002 1 6.9169645000000015 0.55656748448714433 34.650000000000013 67.500000000000014 99.500000000000014 0.55000000000000016
decision_type=1 2 2 2 2 2 2 1 2 2 2 2 2 2
left_child=8 5 4 -4 -3 6 -2 -7 11 10 -10 13 -11 -1
right_child=1 2 3 -5 -6 7 -8 -9 9 12 -12 -13 -14 -15
leaf_value=0.02538333845417283 -0.0069551755250405181 -0.065708434652730047 -0.060989391431450712 0.020634193178009713 0.0096386065423729982 -0.034664507171357752 -0.044250919895310326 0.0056288837023079213 0.0040411309517701145 0.032043244912003818 -0.088352049530649443 -0.054150829684747076 -0.057013858344002327 0.052356342236543944
leaf_weight=3.7766227014362803 258.81217659497634 59.812445095740259 18.465894025284797 67.294172705151141 22.064350455999374 22.702877472154796 45.722072382457554 728.27728909719735 110.3985462859273 92.699597276747227 8.2537735402584058 3.8380244933068743 4.1793185025453559 40.589374829083681
leaf_count=35 2270 516 152 690 228 1510 377 5982 943 755 44 31 23 509
internal_value=-3.80798e-05 -0.00359204 -0.0210606 0.00255857 -0.0455324 -0.000834368 -0.0126812 0.00398017 0.0159297 0.0108055 -0.00307068 0.0413936 0.0276581 0.0506704
internal_weight=1486.89 1223.15 167.637 85.7601 81.8768 1055.51 304.534 750.98 263.735 215.531 118.652 48.204 96.8789 44.366
internal_count=14065 11725 1586 842 744 10139 2647 7492 2340 1765 987 575 778 544
cat_boundaries=0 1 2
cat_threshold=1 16
is_linear=0
shrinkage=0.05


Tree=91
num_leaves=15
num_cat=1
split_feature=34 34 39 41 36 33 8 37 20 0 4 12 17 32
split_gain=28.2981 44.9693 62.4942 49.6022 43.3015 56.265 46.568 16.5247 20.0373 14.0261 15.6901 12.3601 7.03115 4.70877
threshold=25.150000000000002 24.450000000000003 19.150000000000002 65.65000000000002 95.500000000000014 31.950000000000003 33.350000000000001 35.500000000000007 33.250000000000007 0 0.97112537654464559 50.500000000000007 28.250000000000004 30.153571500000002
decision_type=2 2 2 2 2 2 2 2 2 1 2 2 2 2
left_child=1 4 11 -4 6 -6 -1 9 12 10 -2 -3 -9 -11
right_child=7 2 3 -5 5 -7 -8 8 -10 13 -12 -13 -14 -15
leaf_value=-0.042641499954448971 -0.053589556803455313 0.029069764834822598 -0.019075401891002208 0.043870239730857297 -0.0089880639801404039 0.017892812671523806 -2.4737615635360413e-05 0.026997389236246533 0.050299467368803856 -0.015241792518182177 0.024884221547486894 -0.060936537549213424 -0.038232712267683815 0.045640771771683519
leaf_weight=97.361177326180041 18.229399043135349 3.4434094615280619 128.16233162162825 40.31304666120559 310.99061274854466 517.25781525159255 184.03955420060083 5.9399873474612823 59.231275458820164 3.3284342586994198 8.8033856460824591 78.645767784211785 9.4359258590266091 17.357681592926383
leaf_count=719 190 22 980 361 3454 5219 1459 53 596 32 83 591 73 246
internal_value=-0.000203713 -0.00228144 -0.0213686 -0.00384369 0.0020439 0.00780092 -0.0148684 0.0227309 0.0372712 -0.000300904 -0.0206807 -0.0568566 -0.0129234 0.0243604
internal_weight=1482.54 1360.21 250.565 168.475 1109.65 828.248 281.401 122.326 74.6072 47.7189 27.0328 82.0892 15.3759 20.6861
internal_count=14078 12805 1954 1341 10851 8673 2178 1273 722 551 273 613 126 278
cat_boundaries=0 1
cat_threshold=26
is_linear=0
shrinkage=0.05


Tree=92
num_leaves=15
num_cat=1
split_feature=34 34 39 40 36 33 39 32 0 20 24 39 36 17
split_gain=26.7869 42.2648 59.4702 47.1336 42.3768 50.595 35.8943 16.3847 16.7631 12.8858 9.40559 7.9895 6.02073 4.10942
threshold=25.150000000000002 24.450000000000003 19.150000000000002 65.65000000000002 95.500000000000014 31.950000000000003 24.950000000000003 30.780952000000003 0 33.250000000000007 50.500000000000007 20.750000000000004 97.500000000000014 31.150000000000002
decision_type=2 2 2 2 2 2 2 2 1 2 2 2 2 2
left_child=1 4 10 -4 6 -6 -1 9 11 13 -3 -9 -11 -2
right_child=7 2 3 -5 5 -7 -8 8 -10 12 -12 -13 -14 -15
leaf_value=-0.024628347520107948 0.014757153996040332 0.0032909200966684997 -0.018577541402813862 0.04316257967023035 -0.0082586599237807531 0.017164386141531353 0.016930931156726663 0.025398481442472594 0.027680428765753953 0.050010876043481547 -0.060276862370550958 -0.050985035112068568 0.01513354043846462 -0.033936339999950119
leaf_weight=219.13970982376486 8.6699932725168747 6.1846107617020598 128.34862218238413 39.627004792913795 316.26147080585361 510.34281254699454 67.22316970769316 3.4837239794433144 13.275429752655326 55.101663704030216 76.199516829568893 19.206209725700319 17.30900910589844 6.9264867189340285
leaf_count=1647 77 42 992 361 3480 5187 571 34 214 549 569 183 186 53
internal_value=-0.000454801 -0.00248399 -0.0210022 -0.00384324 0.00169676 0.00743922 -0.0148474 0.0217016 -0.00661106 0.0332162 -0.0555226 -0.0271991 0.0419935 -0.00760971
internal_weight=1487.3 1363.33 250.36 167.976 1112.97 826.604 286.363 123.973 35.9654 88.0072 82.3841 22.6899 72.4107 15.5965
internal_count=14145 12849 1964 1353 10885 8667 2218 1296 431 865 611 217 735 130
cat_boundaries=0 1
cat_threshold=42
is_linear=0
shrinkage=0.05


Tree=93
num_leaves=15
num_cat=2
split_feature=0 20 27 39 8 19 44 21 29 44 1 5 44 7
split_gain=26.8121 23.7188 40.483 50.0775 43.4177 25.6178 32.3807 19.0487 12.7509 12.6758 9.79871 7.69424 20.4206 6.00746
threshold=0 31.550000000000004 16.050000000000004 18.450000000000003 33.350000000000001 27.192361500000001 38.70000000000001 24.750000000000004 1.5000000000000002 33.300000000000004 1 -0.98212955754013376 43.750000000000007 30.372916500000006
decision_type=1 2 2 2 2 2 2 2 2 2 1 2 2 2
left_child=8 5 4 -4 -3 6 -2 -7 9 10 -1 12 -10 -11
right_child=1 2 3 -5 -6 7 -8 -9 11 13 -12 -13 -14 -15
leaf_value=0.054861467733878802 -0.018784620181804546 -0.015988688903768387 -0.0075213080366230319 0.032513260716010565 0.00963049730863497 -0.11437053885329938 0.013449155812947772 -0.025855719482799511 -0.039636319618429589 -0.039649179443767411 -0.038414912616430194 -0.044248071696628685 0.10457271564425452 0.029167924263354496
leaf_weight=11.214302926324306 184.89099675323814 292.86576593667269 115.98647500574589 236.177410248667 377.25511581078172 8.1239216066896933 133.2085848543793 20.825099967420101 7.3276055855676514 15.007087742909791 2.8790140161290756 60.11740100197494 2.4818593990057707 3.1802368834614745
leaf_count=103 1396 1898 777 1723 2426 38 1010 113 274 614 109 3436 43 84
internal_value=-0.00012284 0.00179744 0.00564435 0.0193438 -0.0015731 -0.00946624 -0.00528644 -0.0536849 -0.0235139 0.000250702 0.0345241 -0.0376486 0.00314834 -0.0267228
internal_weight=1471.54 1369.33 1022.28 352.164 670.121 347.049 318.1 28.949 102.208 32.2806 14.0933 69.9269 9.80946 18.1873
internal_count=14044 9381 6824 2500 4324 2557 2406 151 4663 910 212 3753 317 698
cat_boundaries=0 1 2
cat_threshold=48 1
is_linear=0
shrinkage=0.05


Tree=94
num_leaves=13
num_cat=3
split_feature=0 1 2 5 8 2 0 32 32 39 44 13
split_gain=27.279 29.4158 26.5732 22.4144 22.3899 21.7129 13.8184 14.0266 24.3397 10.7355 7.64667 0.0961336
threshold=0 1 9.5000000000000018 0.98332250088165762 33.250000000000007 1.5000000000000002 2 30.780952000000003 29.851785500000002 20.750000000000004 40.850000000000009 10.818750000000003
decision_type=1 1 2 2 2 2 1 2 2 2 2 2
left_child=1 2 4 5 -1 -3 7 8 -2 -9 -5 -4
right_child=6 3 11 10 -6 -7 -8 9 -10 -11 -12 -13
leaf_value=0.0011848984360829761 -0.0083509671801059292 -0.038941485672010279 0.052782566647293763 0.058263116910589989 0.027360554929157489 -0.0021950358793020454 -0.038226926828755059 0.034445553516751583 0.05553972471167079 -0.073102416217309105 -0.017022640404064562 0.022160819642512888
leaf_weight=242.89175409823656 401.08714786358178 42.560879781842232 39.584091449156404 18.169214978814129 122.17268973961473 523.20114767178893 32.012495316099375 2.2049347385764113 14.490051147527991 11.886302467435597 3.6211355328559867 2.2842386551201335
leaf_count=1837 4397 214 664 139 964 3133 2339 23 119 118 23 41
internal_value=-0.000623237 0.00404303 0.0143994 -0.00307325 0.00999567 -0.00502321 -0.0105216 -0.00755472 -0.0059953 -0.0551064 0.0455541 0.0516678
internal_weight=1456.17 994.485 406.933 587.552 365.064 565.762 461.681 429.668 415.577 14.0912 21.7904 41.8683
internal_count=14011 7015 3506 3509 2801 3347 6996 4657 4516 141 162 705
cat_boundaries=0 1 2 3
cat_threshold=13 1 34
is_linear=0
shrinkage=0.05


Tree=95
num_leaves=13
num_cat=1
split_feature=0 44 32 36 39 5 38 43 36 39 42 40
split_gain=28.2904 22.0236 22.1536 34.4712 21.2816 20.7341 29.0067 45.182 20.8818 35.697 27.7171 15.4683
threshold=0 52.000000000000007 26.743750000000002 96.500000000000014 15.450000000000001 -0.90161545992537195 7.5002975000000012 28.350000000000005 96.500000000000014 18.850000000000005 2.5000000000000004 84.350000000000009
decision_type=1 2 2 2 2 2 2 2 2 2 2 2
left_child=5 2 3 -2 -4 6 11 -8 10 -10 -7 -1
right_child=1 -3 4 -5 -6 8 7 -9 9 -11 -12 -13
leaf_value=0.044660366530664269 -0.074690153103835366 -0.071323290918430773 -0.042926553535758916 -0.012048491508831107 0.001117217296021541 0.025003752591871927 -0.044603451934195584 0.055841581689943701 0.0050720596427815973 0.041746508189325543 -0.012153971577541086 -0.034463390248111056
leaf_weight=26.055260367691517 23.999117966275662 11.900249200873075 27.707555833272636 186.51995576638728 613.92399889463559 75.935214102268219 66.004552774131298 12.552748516201971 148.0394136570394 119.71495965123177 143.35317053645849 7.1957937180995932
leaf_count=226 262 133 295 2178 6490 473 393 98 1293 1243 935 57
internal_value=-0.000637567 -0.0063904 -0.00547598 -0.019509 -0.000848562 0.00763889 -0.011577 -0.0280531 0.0122214 0.0215638 0.000768106 0.0270311
internal_weight=1462.9 864.051 852.151 210.519 641.632 598.851 111.808 78.5573 487.043 267.754 219.288 33.2511
internal_count=14076 9358 9225 2440 6785 4718 774 491 3944 2536 1408 283
cat_boundaries=0 1
cat_threshold=9
is_linear=0
shrinkage=0.05


end of trees

feature_importances:
age_group=186
gender=142
temperature_min_7d=118
day_of_year_cos=100
wind_gust_max_7d=84
day_of_year_sin=73
wind_speed_max_7d=71
temperature_max_7d=48
humidity_max_7d=45
temperature_mean_7d=44
month=41
precipitation_sum_7d=38
humidity_min_7d=28
weather_code_current=25
wind_speed_max_3d=23
wind_speed_mean_7d=22
precipitation_sum_3d=21
rain_max_daily_7d=20
rain_max_daily_3d=15
temperature_max_3d=11
temperature_max_current=9
rain_sum_7d=9
temperature_min_3d=8
temperature_mean_current=7
temperature_mean_3d=7
wind_speed_mean_3d=7
humidity_mean_7d=7
temperature_min_current=6
wind_gust_max_current=5
humidity_min_current=4
wind_gust_max_3d=4
humidity_min_3d=3
rain_days_7d=3
humidity_mean_current=2
wind_speed_mean_current=2
precipitation_sum_current=2
humidity_max_3d=2
rain_days_3d=2
wind_speed_max_current=1
rain_sum_current=1
humidity_mean_3d=1

parameters:
[boosting: gbdt]
[objective: binary]
[metric: binary_logloss]
[tree_learner: serial]
[device_type: cpu]
[data_sample_strategy: bagging]
[data: ]
[valid: ]
[num_iterations: 96]
[learning_rate: 0.05]
[num_leaves: 15]
[num_threads: 8]
[seed: 42]
[deterministic: 0]
[force_col_wise: 0]
[force_row_wise: 0]
[histogram_pool_size: -1]
[max_depth: 4]
[min_data_in_leaf: 20]
[min_sum_hessian_in_leaf: 0.001]
[bagging_fraction: 0.9]
[pos_bagging_fraction: 1]
[neg_bagging_fraction: 1]
[bagging_freq: 1]
[bagging_seed: 400]
[bagging_by_query: 0]
[feature_fraction: 0.9]
[feature_fraction_bynode: 1]
[feature_fraction_seed: 30056]
[extra_trees: 0]
[extra_seed: 12879]
[early_stopping_round: 0]
[early_stopping_min_delta: 0]
[first_metric_only: 0]
[max_delta_step: 0]
[lambda_l1: 0]
[lambda_l2: 1]
[linear_lambda: 0]
[min_gain_to_split: 0]
[drop_rate: 0.1]
[max_drop: 50]
[skip_drop: 0.5]
[xgboost_dart_mode: 0]
[uniform_drop: 0]
[drop_seed: 17869]
[top_rate: 0.2]
[other_rate: 0.1]
[min_data_per_group: 100]
[max_cat_threshold: 32]
[cat_l2: 10]
[cat_smooth: 10]
[max_cat_to_onehot: 4]
[top_k: 20]
[monotone_constraints: ]
[monotone_constraints_method: basic]
[monotone_penalty: 0]
[feature_contri: ]
[forcedsplits_filename: ]
[refit_decay_rate: 0.9]
[cegb_tradeoff: 1]
[cegb_penalty_split: 0]
[cegb_penalty_feature_lazy: ]
[cegb_penalty_feature_coupled: ]
[path_smooth: 0]
[interaction_constraints: ]
[verbosity: -1]
[saved_feature_importance_type: 0]
[use_quantized_grad: 0]
[num_grad_quant_bins: 4]
[quant_train_renew_leaf: 0]
[stochastic_rounding: 1]
[linear_tree: 0]
[max_bin: 255]
[max_bin_by_feature: ]
[min_data_in_bin: 3]
[bin_construct_sample_cnt: 200000]
[data_random_seed: 175]
[is_enable_sparse: 1]
[enable_bundle: 1]
[use_missing: 1]
[zero_as_missing: 0]
[feature_pre_filter: 1]
[pre_partition: 0]
[two_round: 0]
[header: 0]
[label_column: ]
[weight_column: ]
[group_column: ]
[ignore_column: ]
[categorical_feature: 0,1,3]
[forcedbins_filename: ]
[precise_float_parser: 0]
[parser_config_file: ]
[objective_seed: 16083]
[num_class: 1]
[is_unbalance: 0]
[scale_pos_weight: 1]
[sigmoid: 1]
[boost_from_average: 1]
[reg_sqrt: 0]
[alpha: 0.9]
[fair_c: 1]
[poisson_max_delta_step: 0.7]
[tweedie_variance_power: 1.5]
[lambdarank_truncation_level: 30]
[lambdarank_norm: 1]
[label_gain: ]
[lambdarank_position_bias_regularization: 0]
[eval_at: ]
[multi_error_top_k: 1]
[auc_mu_weights: ]
[num_machines: 1]
[local_listen_port: 12400]
[time_out: 120]
[machine_list_filename: ]
[machines: ]
[gpu_platform_id: -1]
[gpu_device_id: -1]
[gpu_device_id_list: ]
[gpu_use_dp: 0]
[num_gpu: 1]

end of parameters

pandas_categorical:[]
