tree
version=v4
num_class=1
num_tree_per_iteration=1
label_index=0
max_feature_idx=44
objective=binary sigmoid:1
feature_names=age_group gender month season day_of_year_sin day_of_year_cos weather_code_current temperature_mean_current temperature_max_current temperature_min_current humidity_mean_current humidity_max_current humidity_min_current wind_speed_mean_current wind_speed_max_current precipitation_sum_current rain_sum_current wind_gust_max_current rain_day_current temperature_mean_3d temperature_max_3d temperature_min_3d humidity_mean_3d humidity_max_3d humidity_min_3d wind_speed_mean_3d wind_speed_max_3d precipitation_sum_3d rain_sum_3d rain_days_3d rain_max_daily_3d wind_gust_max_3d temperature_mean_7d temperature_max_7d temperature_min_7d humidity_mean_7d humidity_max_7d humidity_min_7d wind_speed_mean_7d wind_speed_max_7d precipitation_sum_7d rain_sum_7d rain_days_7d rain_max_daily_7d wind_gust_max_7d
feature_infos=-1:0:1:2:3:4:5 -1:0:1 [1:12] -1:1:0 [-0.99999942202469239:0.99998555065071859] [-0.99997919295908244:0.9999907524084426] [0:61] [23.658332999999999:32.533332999999999] [25.899999999999999:39.200000000000003] [17.899999999999999:29.300000000000001] [48.958333000000003:91.625] [63:100] [23:86] [2.8541669999999999:19.695833] [6.4000000000000004:30.100000000000001] [0:63.100000000000001] [0:63.100000000000001] [14:56.899999999999999] [0:1] [23.766667000000002:32.427778000000004] [27.699999999999999:39.200000000000003] [17.899999999999999:28.100000000000001] [52.569443999999997:90.694444000000004] [73:100] [23:79] [4.125:17.329167000000002] [9.6999999999999993:30.100000000000001] [0:93.900000000000006] [0:93.900000000000006] [0:3] [0:63.100000000000001] [17.300000000000001:56.899999999999999] [24.365476000000001:32.235118999999997] [28.699999999999999:39.200000000000003] [17.899999999999999:27.5] [55.767856999999999:89.523809999999997] [77:100] [23:72] [4.5327380000000002:15.469643] [11.6:30.100000000000001] [0:163.90000000000001] [0:163.90000000000001] [0:7] [0:63.100000000000001] [23:56.899999999999999]
tree_sizes=1691 1707 1597 1595 1711 1706 1553 1711 1704 1706 1712 1718 1708 1618 1699 1724 1708 1707 1719 1757 1725 1722 1710 1706 1725 1715 1615 1718 1720 1718 1715 1722 1737 1733 1728 1704 1726 1625 1710 1760 1733 1714 1729 1734 1732 1736 1522 1755 1526 1727 1532 1728 1523 1748 1749 1516 1515 1758 1622 1428 1515 1724 1534 1632 1533 1748 1743 1732 1724 1528 1760 1727 1520 1732 1417 1429 1742 1754 1771 1523 1753 1759 1726 1748 1741 1632 1535 1769 1751 1733 1335 1646 1632 1622 1739 1759 1763 1761 1761 1761 1549 1747 1755 1520 1760 1539 1761 1645 1748 1736 1737 1546 1737 1733 1750

Tree=0
num_leaves=15
num_cat=4
split_feature=0 0 0 1 33 4 44 5 36 2 34 37 33 44
split_gain=7693.49 354.942 127.33 104.732 69.1005 47.8985 50.5116 43.1722 36.6557 28.6163 25.5028 24.0435 2.22503 3.07266
threshold=0 1 2 3 36.95000000000001 0.039769539193789956 46.250000000000007 -0.013976481981245098 96.500000000000014 2.5000000000000004 24.850000000000005 25.500000000000004 31.150000000000002 52.750000000000007
decision_type=1 1 1 1 2 2 2 2 2 2 2 2 2 2
left_child=1 5 4 9 8 10 -7 -6 -2 -3 -1 -5 13 -4
right_child=2 3 12 11 7 6 -8 -9 -10 -11 -12 -13 -14 -15
leaf_value=-0.16044773007271063 -0.34551014537628755 -0.23782912106231316 -0.3434487435760758 -0.34100932148077656 -0.29518660505908556 -0.18007019359542978 -0.23847239311746898 -0.18780706256332369 -0.31526578034543273 -0.1962442091001152 -0.22168832722775372 -0.2445124049291304 -0.35310803263722368 -0.29797352943051714
leaf_weight=505.01609909534454 140.00932708382607 52.564905256032944 90.146356210112572 5.6494991630315772 23.334887847304344 585.82850016653538 40.774646133184433 14.246563106775282 392.02611583471298 233.34887847304344 19.650431871414185 278.54487177729607 1044.9117147624493 5.8951295614242545
leaf_count=2056 570 214 367 23 95 2385 166 58 1596 950 80 1134 4254 24
internal_value=-0.265771 -0.191382 -0.340629 -0.225793 -0.317828 -0.174883 -0.183821 -0.25351 -0.323359 -0.203765 -0.162653 -0.246687 -0.351409 -0.341016
internal_weight=3431.95 1721.38 1710.57 570.108 569.617 1151.27 626.603 37.5815 532.035 285.914 524.667 284.194 1140.95 96.0415
internal_count=13972 7008 6964 2321 2319 4687 2551 153 2166 1164 2136 1157 4645 391
cat_boundaries=0 1 2 3 4
cat_threshold=13 9 2 1
is_linear=0
shrinkage=1


Tree=1
num_leaves=15
num_cat=4
split_feature=0 0 0 1 33 4 34 39 36 4 34 34 33 44
split_gain=7057.88 304.853 102.743 91.2562 57.5732 45.5597 41.5779 39.6514 32.1032 23.4358 20.9192 20.8925 3.9056 3.78585
threshold=0 1 2 3 37.100000000000009 0.056951373111866661 20.350000000000005 25.100000000000005 96.500000000000014 -0.52766804058324157 22.950000000000003 24.850000000000005 31.150000000000002 52.750000000000007
decision_type=1 1 1 1 2 2 2 2 2 2 2 2 2 2
left_child=1 5 4 10 8 11 -7 -6 -2 -5 -3 -1 13 -4
right_child=2 3 12 9 7 6 -8 -9 -10 -11 -12 -13 -14 -15
leaf_value=0.099943517625855072 -0.076518853880201798 0.035845985210580529 -0.072295418657968069 -0.0036331781519631534 -0.030033446320365711 0.010771688783817242 0.080055132026787004 0.080309094182484192 -0.048338686612600705 0.028360514675905803 0.067603800014632356 0.04261894255690591 -0.083884774095026704 -0.021398866213532809
leaf_weight=518.64409625530243 142.49702495336533 73.867222815752029 85.212354138493538 79.554990470409393 20.561808466911316 22.814557433128357 598.39331215620041 12.110850483179091 390.48266319930553 201.15873551368713 211.41091513633728 18.521503731608391 1035.1464631706476 4.8906368017196646
leaf_count=2088 587 299 351 323 84 92 2414 49 1601 817 854 75 4271 20
internal_value=0.000210125 0.0711621 -0.0721395 0.0389678 -0.051155 0.0863779 0.077532 0.0120378 -0.0560021 0.0193127 0.0595347 0.0980498 -0.0820909 -0.0697981
internal_weight=3415.27 1724.37 1690.9 565.992 565.652 1158.37 621.208 32.6727 532.98 280.714 285.278 537.166 1125.25 90.103
internal_count=13925 6962 6963 2293 2321 4669 2506 133 2188 1140 1153 2163 4642 371
cat_boundaries=0 1 2 3 4
cat_threshold=13 9 2 1
is_linear=0
shrinkage=0.05


Tree=2
num_leaves=14
num_cat=4
split_feature=0 0 0 1 33 43 37 44 33 43 5 33 44
split_gain=6396.79 290.349 106.983 86.1678 63.2373 44.0238 34.412 33.333 25.9019 25.4412 22.2074 2.70638 2.71923
threshold=0 1 2 3 36.95000000000001 56.500000000000007 32.500000000000007 42.300000000000004 33.850000000000001 18.850000000000005 0.71952396275653763 31.150000000000002 52.750000000000007
decision_type=1 1 1 1 2 2 2 2 2 2 2 2 2
left_child=1 5 4 10 8 6 -1 -6 -2 -5 -3 12 -4
right_child=2 3 11 9 7 -7 -8 -9 -10 -11 -12 -13 -14
leaf_value=0.062928531500758583 -0.045978942799679505 0.062864379969969048 -0.071035383682210809 0.0062001250846444762 -0.028869403048165179 -0.042428094789658692 0.086827561023792507 0.065380781483512354 -0.070508730550703932 0.037816057878617561 0.029140760513868425 -0.081046998252604238 -0.02784705349200596
leaf_weight=194.29006516933441 370.25513243675232 227.94441428780556 89.573390513658524 190.30891440808773 19.520059287548065 6.483772099018096 971.98905937373638 16.362145274877548 160.13689136505127 94.976706892251968 65.46798674762249 1023.3616137504578 5.60583372414112
leaf_count=780 1532 916 374 771 80 26 3895 66 667 385 264 4292 23
internal_value=2.06583e-05 0.0667243 -0.0693047 0.0358573 -0.0483111 0.0814809 0.0829036 0.0147157 -0.0535038 0.016821 0.0554643 -0.0793591 -0.0688077
internal_weight=3436.28 1751.46 1684.82 578.698 566.274 1172.76 1166.28 35.8822 530.392 285.286 293.412 1118.54 95.1792
internal_count=14071 7037 7034 2336 2345 4701 4675 146 2199 1156 1180 4689 397
cat_boundaries=0 1 2 3 4
cat_threshold=13 9 2 1
is_linear=0
shrinkage=0.05


Tree=3
num_leaves=14
num_cat=4
split_feature=0 0 0 1 33 4 44 36 2 36 37 34 33
split_gain=5822.75 250.982 101.668 71.267 59.1542 36.7508 44.1085 31.1227 25.2876 24.2529 21.3148 18.3802 1.96819
threshold=0 1 2 3 36.95000000000001 0.039769539193789956 45.900000000000013 96.500000000000014 3.5000000000000004 96.500000000000014 25.500000000000004 24.850000000000005 32.050000000000004
decision_type=1 1 1 1 2 2 2 2 2 2 2 2 2
left_child=1 5 4 9 7 11 -7 -2 -6 -3 -5 -1 -4
right_child=2 3 12 10 8 6 -8 -9 -10 -11 -12 -13 -14
leaf_value=0.08939017651370984 -0.072460667552046498 0.030237076383743018 -0.072860240152810715 -0.073182129203244947 0.062255502481473914 0.072832425490243879 0.021030936426231901 -0.04422884098659411 -0.019139635126943416 0.062111426619876467 0.019536342714539412 0.037799154489866635 -0.079678288147030041
leaf_weight=513.66200019419193 135.78675451874733 88.716671764850616 341.46099978685379 5.3728672862052909 14.454675257205961 601.83104705810547 45.161987036466599 384.60811145603657 24.09270079433918 203.84564383327961 285.85500109195709 19.957517385482788 751.21288861334324
leaf_count=2055 576 356 1456 22 58 2408 181 1605 99 817 1156 80 3211
internal_value=0.000256513 0.063224 -0.0669858 0.0345899 -0.0464692 0.076933 0.0692546 -0.0517202 0.0121847 0.0525818 0.0175812 0.087535 -0.076913
internal_weight=3416.02 1764.4 1651.62 583.79 558.942 1180.61 646.993 520.395 38.5474 292.562 291.228 533.62 1092.67
internal_count=14080 7075 7005 2351 2338 4724 2589 2181 157 1173 1178 2135 4667
cat_boundaries=0 1 2 3 4
cat_threshold=13 9 2 1
is_linear=0
shrinkage=0.05


Tree=4
num_leaves=15
num_cat=4
split_feature=0 0 0 1 33 6 5 36 44 39 34 43 33 43
split_gain=5258.29 239.099 95.4428 69.1624 46.1453 37.5372 56.8862 29.8268 27.942 24.7927 23.5847 21.7854 2.09362 2.19802
threshold=0 1 2 3 36.95000000000001 2.5000000000000004 -0.8142754349318998 96.500000000000014 40.850000000000009 20.000000000000004 24.550000000000004 31.350000000000005 32.050000000000004 29.550000000000004
decision_type=1 1 1 1 2 2 2 2 2 2 2 2 2 2
left_child=1 5 4 9 7 6 -1 -2 -6 -3 -7 -5 13 -4
right_child=2 3 12 11 8 10 -8 -9 -10 -11 -12 -13 -14 -15
leaf_value=-0.0078887827168308364 -0.070196281004184888 0.032461451123112404 -0.072783383121741999 0.0098796141904187867 -0.031697933362751056 0.082296721237424042 0.064708634565980291 -0.042377416424932743 0.050947533267448275 0.062120112718746817 0.060458279854880885 0.055638378298579531 -0.077397489835149755 -0.0577828871209266
leaf_weight=30.196784347295761 133.53236389160156 130.63429188728333 283.17207656800747 257.72676230967045 21.287425011396408 745.01926328241825 237.47302520275116 381.70008778572083 17.920157074928284 163.87910474836826 166.06937177479267 28.042896211147308 731.67979466915131 54.552118271589279
leaf_count=121 577 523 1231 1041 88 2987 951 1608 72 656 665 113 3196 237
internal_value=-0.000188066 0.0595287 -0.0648408 0.0316048 -0.0449279 0.0728558 0.0565198 -0.0497092 0.00640352 0.0491191 0.0783868 0.0145483 -0.0746022 -0.0705381
internal_weight=3382.89 1759.04 1623.84 580.283 554.44 1178.76 267.67 515.232 39.2076 294.513 911.089 285.77 1069.4 337.724
internal_count=14066 7057 7009 2333 2345 4724 1072 2185 160 1179 3652 1154 4664 1468
cat_boundaries=0 1 2 3 4
cat_threshold=13 9 2 1
is_linear=0
shrinkage=0.05


Tree=5
num_leaves=15
num_cat=4
split_feature=0 0 0 1 33 4 44 5 36 2 34 38 33 44
split_gain=4850.54 211.337 90.3149 64.5967 43.6829 35.3779 44.3335 30.6941 25.7375 24.1663 20.3232 14.2811 3.14156 2.74581
threshold=0 1 2 3 37.100000000000009 0.091259403071267911 46.250000000000007 -0.013976481981245098 96.500000000000014 2.5000000000000004 25.150000000000002 13.519047500000001 31.150000000000002 52.750000000000007
decision_type=1 1 1 1 2 2 2 2 2 2 2 2 2 2
left_child=1 5 4 9 8 11 -7 -6 -2 -3 -5 -1 13 -4
right_child=2 3 12 10 7 6 -8 -9 -10 -11 -12 -13 -14 -15
leaf_value=0.081576330877896563 -0.06674178446981914 0.017245796893495268 -0.063635695916160182 0.010648459995285584 -0.02205476370245316 0.06583766206031394 0.011111725703142403 0.076932573965858758 -0.040831797371399865 0.05495067281709462 0.056293976705614701 0.028265451378701026 -0.074055967065981554 -0.0215149924662935
leaf_weight=533.10644885897636 133.12286311388016 52.926759257912636 82.052587419748306 262.62379935383797 22.686644911766052 581.55563412606716 39.998255789279938 10.726411879062651 380.32848381996155 241.90404656529427 26.001076698303223 14.246986091136931 954.9709507226944 5.424581140279769
leaf_count=2152 586 212 362 1059 94 2335 160 43 1618 968 105 57 4267 23
internal_value=0.000315655 0.0575128 -0.0627133 0.0312974 -0.0432761 0.0701844 0.0623394 0.0110348 -0.0476662 0.0482632 0.0149407 0.0802428 -0.0723516 -0.0612964
internal_weight=3341.68 1752.36 1589.31 583.456 546.864 1168.91 621.554 33.4131 513.451 294.831 288.625 547.353 1042.45 87.4772
internal_count=14041 7048 6993 2344 2341 4704 2495 137 2204 1180 1164 2209 4652 385
cat_boundaries=0 1 2 3 4
cat_threshold=13 9 2 1
is_linear=0
shrinkage=0.05


Tree=6
num_leaves=13
num_cat=1
split_feature=43 33 44 43 37 34 39 1 5 19 31 19
split_gain=48.1508 56.9104 74.9525 43.3042 33.0516 24.7802 23.2673 19.9388 14.0177 8.29753 5.96206 3.13948
threshold=18.050000000000004 36.850000000000001 41.600000000000001 56.500000000000007 32.500000000000007 24.150000000000002 18.750000000000004 0 -0.013976481981245098 29.275694500000004 49.150000000000006 31.214583500000003
decision_type=2 2 2 2 2 2 2 1 2 2 2 2
left_child=1 2 5 6 -4 -1 7 -2 11 -10 -8 -3
right_child=3 8 4 -5 -6 -7 10 -9 9 -11 -12 -13
leaf_value=0.0008267392253544358 0.010502798401860941 0.0042360885018559785 -0.051769649598523516 -0.064795982381870537 -0.018319038740654849 -0.015341482296105212 0.015244411852363618 -0.010555141934113823 0.0052376431926267194 0.04372839831310707 -0.0086576437520405041 0.020450143441214652
leaf_weight=1190.2701004594564 224.83172413706779 94.564469307661057 100.15071848034859 19.191813111305237 281.83259189128876 294.87023712694645 730.19196070730686 222.81973826885223 18.168136239051819 64.723005369305611 26.444788873195648 43.132608562707901
leaf_count=5071 955 400 428 81 1199 1259 3102 947 76 271 112 182
internal_value=-2.42225e-05 -0.00463936 -0.00747915 0.00784827 -0.0272016 -0.00239158 0.00905875 2.09873e-05 0.0193228 0.035455 0.0143987 0.00942585
internal_weight=3311.19 2087.71 1867.12 1223.48 381.983 1485.14 1204.29 447.651 220.588 82.8911 756.637 137.697
internal_count=14083 8886 7957 5197 1627 6330 5116 1902 929 347 3214 582
cat_boundaries=0 1
cat_threshold=1
is_linear=0
shrinkage=0.05


Tree=7
num_leaves=15
num_cat=4
split_feature=0 0 0 1 37 34 34 33 36 5 5 37 33 44
split_gain=4473.07 195.537 81.6897 53.7179 34.3164 49.4608 33.3761 31.5997 24.5779 23.1051 22.9099 20.2436 2.41426 2.01156
threshold=0 1 2 3 32.500000000000007 24.450000000000003 21.050000000000004 37.100000000000009 96.500000000000014 -0.013976481981245098 0.71952396275653763 67.500000000000014 31.150000000000002 52.750000000000007
decision_type=1 1 1 1 2 2 2 2 2 2 2 2 2 2
left_child=1 4 7 10 6 -6 -1 8 -2 -9 -3 -5 13 -4
right_child=2 3 12 11 5 -7 -8 9 -10 -11 -12 -13 -14 -15
leaf_value=0.0073089242001058933 -0.065103416216797896 0.052819422721176283 -0.062317450143844488 0.018354969133054854 0.077958872910767807 0.050940990715764425 0.058549808747824984 -0.023353796315932786 -0.039693183545111206 0.065427007093529888 0.018630013761608593 -0.033709775079144653 -0.07231191948731501 -0.022009541157263019
leaf_weight=40.528192609548569 132.55871713161469 224.991285815835 79.019654765725136 272.00212639570236 732.15801259875298 231.28373026847839 151.63894963264465 22.422417506575584 374.22219975292683 9.6708354800939542 64.442971050739288 19.133463874459267 941.88884450495243 4.6879829317331305
leaf_count=163 598 902 355 1096 2977 933 610 93 1608 39 258 77 4317 20
internal_value=-0.000307125 0.0547841 -0.0613986 0.0295623 0.0670571 0.0715325 0.0478369 -0.0426238 -0.0464549 0.00456765 0.0452975 0.0148296 -0.0707063 -0.0603465
internal_weight=3300.65 1736.18 1564.47 580.57 1155.61 963.442 192.167 538.874 506.781 32.0933 289.434 291.136 1025.6 83.7076
internal_count=14046 7016 7030 2333 4683 3910 773 2338 2206 132 1160 1173 4692 375
cat_boundaries=0 1 2 3 4
cat_threshold=13 9 2 1
is_linear=0
shrinkage=0.05


Tree=8
num_leaves=15
num_cat=5
split_feature=0 0 0 1 4 44 39 39 43 1 34 35 4 44
split_gain=4071.78 200.911 84.5974 56.1023 34.2311 41.0992 27.0754 22.3644 18.9621 14.3341 11.741 1.66058 0.579021 0.22003
threshold=0 1 2 3 0.074116354202380164 46.250000000000007 29.150000000000002 20.000000000000004 31.350000000000005 4 24.850000000000005 86.538690500000016 -0.95754239937548935 52.750000000000007
decision_type=1 1 1 1 2 2 2 2 2 1 2 2 2 2
left_child=1 4 6 7 10 -6 9 -3 -5 -2 -1 13 -13 -4
right_child=2 3 11 8 5 -7 -8 -9 -10 -11 -12 12 -14 -15
leaf_value=0.076149554061650263 -0.033943542832123912 0.027337499225120576 -0.071483644035087696 0.0075680226467213776 0.060380354651632918 0.008605453204618585 0.060316934754193231 0.055365355450937417 0.049927487549800448 -0.050865901613639034 0.034510161411172462 -0.071650803561955037 -0.060742537033804403 -0.05134306666699321
leaf_weight=510.52897047996521 263.60467864573002 133.56928887963295 755.78925986588001 264.01826533675194 577.22174960374832 41.438619241118431 5.6559643596410742 160.94288164377213 28.441056877374649 260.06706944108009 19.962516218423843 63.627707436680794 165.0461992919445 13.097654387354849
leaf_count=2107 1159 536 3560 1063 2345 166 23 647 114 1145 80 296 770 60
internal_value=-9.90114e-05 0.0521285 -0.0594309 0.0269585 0.0646075 0.0569319 -0.0404561 0.0427895 0.0118435 -0.0424285 0.0746505 -0.0689483 -0.0640765 -0.0712077
internal_weight=3263.01 1736.12 1526.89 586.971 1149.15 618.66 529.328 294.512 292.459 523.672 530.491 997.561 228.674 768.887
internal_count=14071 7058 7013 2360 4698 2511 2327 1183 1177 2304 2187 4686 1066 3620
cat_boundaries=0 1 2 3 4 5
cat_threshold=13 9 2 1 1
is_linear=0
shrinkage=0.05


Tree=9
num_leaves=15
num_cat=4
split_feature=0 0 0 1 33 6 5 44 36 36 37 44 33 44
split_gain=3710.11 182.05 89.529 47.5553 36.7727 34.2656 51.9097 27.7434 23.4068 22.7038 20.5068 19.8296 2.14075 1.09676
threshold=0 1 2 3 37.100000000000009 2.5000000000000004 -0.8142754349318998 40.850000000000009 96.500000000000014 96.500000000000014 25.500000000000004 48.050000000000004 32.050000000000004 52.750000000000007
decision_type=1 1 1 1 2 2 2 2 2 2 2 2 2 2
left_child=1 5 4 9 8 6 -1 -6 -2 -3 -5 -7 13 -4
right_child=2 3 12 10 7 11 -8 -9 -10 -11 -12 -13 -14 -15
leaf_value=-0.015430066923844177 -0.061543007570050746 0.019334237878601508 -0.064202155455350601 -0.073547753487942888 -0.026838791300339077 0.069158085793251861 0.054055924949838775 0.062621261029505243 -0.036180222427389191 0.049849747420879276 0.014153401835849108 0.037883821796608937 -0.070344006427656813 -0.040670658439898914
leaf_weight=30.047248601913452 124.36283148825169 89.538350865244865 293.4557199627161 5.8408771157264701 19.650851845741272 812.94185416400433 226.01615571975708 13.977831661701201 371.40981581807137 203.1146254837513 291.77896429598331 58.313253492116928 662.44514970481396 11.721732988953589
leaf_count=122 583 360 1403 24 83 3372 925 57 1633 819 1173 239 3216 54
internal_value=-0.000311123 0.0496916 -0.057623 0.0258888 -0.0384999 0.0617843 0.0458739 0.01108 -0.0426535 0.040611 0.0121917 0.0671107 -0.0675352 -0.0634341
internal_weight=3214.62 1717.59 1497.02 590.273 529.401 1127.32 256.063 33.6287 495.773 292.653 297.62 871.255 967.623 305.177
internal_count=14063 7034 7029 2376 2356 4658 1047 140 2216 1179 1197 3611 4673 1457
cat_boundaries=0 1 2 3 4
cat_threshold=13 9 2 1
is_linear=0
shrinkage=0.05


Tree=10
num_leaves=15
num_cat=4
split_feature=0 0 0 1 4 34 33 36 38 36 4 34 33 4
split_gain=3413.04 165.472 91.5277 46.4949 29.0055 47.4185 28.5638 29.0798 21.9285 20.6071 20.3301 15.9191 2.8228 2.0351
threshold=0 1 2 3 0.039769539193789956 20.350000000000005 36.95000000000001 96.500000000000014 12.119345000000001 96.500000000000014 -0.52766804058324157 24.850000000000005 31.150000000000002 -0.46801505794253101
decision_type=1 1 1 1 2 2 2 2 2 2 2 2 2 2
left_child=1 4 6 9 11 -6 7 -2 -8 -3 -5 -1 13 -4
right_child=2 3 12 10 5 -7 8 -9 -10 -11 -12 -13 -14 -15
leaf_value=0.070953790744322995 -0.061752527367406385 0.019486007589238352 -0.047158050091231252 -0.0097899161551254759 -0.013796436439530999 0.055476947370220242 -0.033673241743580891 -0.033345102384934794 0.040528937053761031 0.048562331777846732 0.019552974402508159 0.023498007929868413 -0.067683044249492882 -0.068161362914320775
leaf_weight=484.97236187756062 122.27999331057072 90.173503160476685 51.767839089035988 81.318219915032387 25.414484575390816 586.82843223214149 18.482743084430695 363.57508084177971 19.377691179513931 200.68597933650017 209.53258548676968 19.631599456071854 859.15039819478989 27.110154271125793
leaf_count=2062 589 363 248 327 103 2427 78 1617 80 813 842 79 4285 131
internal_value=-4.0292e-05 0.0480209 -0.055829 0.0251077 0.059594 0.0525836 -0.0366546 -0.0406068 0.00437049 0.0396456 0.0113436 0.0691577 -0.0659854 -0.0551398
internal_weight=3160.3 1698.56 1461.74 581.71 1116.85 612.243 523.716 485.855 37.8604 290.859 290.851 504.604 938.028 78.878
internal_count=14044 7016 7028 2345 4671 2530 2364 2206 158 1176 1169 2141 4664 379
cat_boundaries=0 1 2 3 4
cat_threshold=13 9 2 1
is_linear=0
shrinkage=0.05


Tree=11
num_leaves=15
num_cat=3
split_feature=0 0 0 33 36 6 5 33 36 37 44 37 33 43
split_gain=3157.62 146.721 85.9618 36.9951 91.9952 33.9376 48.876 28.7948 24.8804 18.5909 16.7848 11.869 3.03171 1.5909
threshold=0 1 2 36.050000000000004 96.500000000000014 2.5000000000000004 -0.83375966452616657 36.95000000000001 97.500000000000014 34.500000000000007 48.050000000000004 25.500000000000004 32.050000000000004 34.600000000000001
decision_type=1 1 1 2 2 2 2 2 2 2 2 2 2 2
left_child=1 5 7 4 -3 6 -1 8 -2 -9 -7 -5 13 -4
right_child=2 3 12 11 -6 10 -8 9 -10 -11 -12 -13 -14 -15
leaf_value=-0.021626286299197484 -0.056054718296013266 -0.018636693038945478 -0.060889443492124586 -0.0014106602124394527 0.03174853363134094 0.064493341111279689 0.048889036829725431 0.024253123583605408 -0.031489579240004707 -0.062626322992024988 0.035449516141817371 0.065595733171762163 -0.067711197144104188 -0.036087127944602268
leaf_weight=26.937060639262199 157.27615600824356 117.1511270403862 280.28334611654282 7.3238056004047385 390.35721580684185 787.12073738873005 229.52854400873184 29.036023870110512 317.08399714529514 6.7542652487754813 57.409657746553421 62.968966692686081 624.61474643647671 11.861885055899618
leaf_count=110 759 471 1414 30 1579 3361 957 121 1425 29 239 254 3225 60
internal_value=-0.000201297 0.0461432 -0.0546613 0.0244691 0.020104 0.0571632 0.0414275 -0.0357778 -0.039735 0.00660083 0.0625633 0.0586925 -0.0646207 -0.0600089
internal_weight=3105.71 1678.8 1426.91 577.801 507.508 1101 256.466 510.15 474.36 35.7903 844.53 70.2928 916.76 292.145
internal_count=14034 7001 7033 2334 2050 4667 1067 2334 2184 150 3600 284 4699 1474
cat_boundaries=0 1 2 3
cat_threshold=13 9 2
is_linear=0
shrinkage=0.05


Tree=12
num_leaves=15
num_cat=4
split_feature=0 0 0 1 4 8 33 36 36 33 5 34 33 43
split_gain=2885.49 138.575 84.7204 37.8227 32.6116 36.7795 27.576 27.0722 19.9452 19.0714 18.8275 11.5548 3.47297 2.55
threshold=0 1 2 3 0.039769539193789956 33.250000000000007 36.95000000000001 96.500000000000014 96.500000000000014 36.050000000000004 -0.013976481981245098 24.850000000000005 32.050000000000004 29.550000000000004
decision_type=1 1 1 1 2 2 2 2 2 2 2 2 2 2
left_child=1 4 6 8 11 -6 7 -2 -3 -5 -8 -1 13 -4
right_child=2 3 12 9 5 -7 10 -9 -10 -11 -12 -13 -14 -15
leaf_value=0.06703074715211034 -0.059657360119008296 0.016793421338836097 -0.060855195679680466 0.0060760260968131989 0.034977377535085362 0.060019110605439824 -0.02154944363083737 -0.031417892030631132 0.045309336875761476 0.044601887690457642 0.050046052790875775 0.025963501743261255 -0.066541916193430584 -0.045293563685023658
leaf_weight=463.99753807485104 113.79985211789608 90.644271060824394 231.9256453961134 254.68985533714294 297.48857866227627 301.51584886014462 22.639850541949272 353.45942452549934 200.08750888705254 35.844468876719475 14.035865068435667 19.529368028044701 598.14997504651546 47.794172540307045
leaf_count=2045 577 366 1206 1022 1261 1271 96 1608 819 144 58 79 3192 245
internal_value=4.95474e-05 0.0442718 -0.0531269 0.0233798 0.0551417 0.0476614 -0.0344548 -0.0384083 0.0365067 0.0109658 0.00645137 0.0654291 -0.0632864 -0.0583671
internal_weight=3045.6 1663.8 1381.8 581.266 1082.53 599.004 503.935 467.259 290.732 290.534 36.6757 483.527 877.87 279.72
internal_count=13989 7007 6982 2351 4656 2532 2339 2185 1185 1166 154 2124 4643 1451
cat_boundaries=0 1 2 3 4
cat_threshold=13 9 2 1
is_linear=0
shrinkage=0.05


Tree=13
num_leaves=14
num_cat=3
split_feature=0 0 0 33 36 43 43 33 36 39 37 33 38
split_gain=2676.01 135.604 89.2167 35.1439 65.2105 32.1223 29.4943 25.772 26.6172 20.6922 9.60933 2.26649 2.56726
threshold=0 1 2 36.050000000000004 95.500000000000014 56.500000000000007 17.900000000000002 37.100000000000009 96.500000000000014 25.100000000000005 25.500000000000004 32.050000000000004 5.8008925000000007
decision_type=1 1 1 2 2 2 2 2 2 2 2 2 2
left_child=1 5 7 4 -3 6 -1 8 -2 -9 -5 12 -4
right_child=2 3 11 10 -6 -7 -8 9 -10 -11 -12 -13 -14
leaf_value=0.047859129099007858 -0.05771234917125654 -0.023976750201614491 -0.038740835969616319 0.0027667793102299928 0.025186912310996463 -0.053760670542368529 0.065421270581938515 -0.0228117326100486 -0.029699421466053658 0.05669185661638898 0.061850068199142016 -0.065467755225602525 -0.059903160162338258
leaf_weight=683.73814496397972 113.45739209651947 79.093214377760887 22.969801753759384 7.8398853838443747 431.35178655385971 6.1725928485393515 389.33949892222881 19.386795535683632 353.18205401301384 12.7113731354475 61.59768158197403 581.69340534508228 250.85153333842754
leaf_count=2956 589 318 123 32 1751 25 1732 83 1624 53 250 3212 1338
internal_value=-6.23841e-05 0.0423842 -0.0519869 0.0217731 0.017537 0.0531271 0.0542861 -0.0329823 -0.0366193 0.00943451 0.0553132 -0.0625067 -0.0582754
internal_weight=3013.39 1659.13 1354.25 579.883 510.445 1079.25 1073.08 498.738 466.639 32.0982 69.4376 855.515 273.821
internal_count=14086 7064 7022 2351 2069 4713 4688 2349 2213 136 282 4673 1461
cat_boundaries=0 1 2 3
cat_threshold=13 9 2
is_linear=0
shrinkage=0.05


Tree=14
num_leaves=15
num_cat=5
split_feature=0 0 0 1 6 5 39 2 1 43 44 20 44 35
split_gain=2502.71 122.674 80.5839 39.5113 32.1768 49.3912 22.2148 20.4854 19.8967 19.7391 17.3545 2.58415 3.28867 0.756902
threshold=0 1 2 3 2.5000000000000004 -0.83375966452616657 29.150000000000002 8.5000000000000018 4 18.850000000000005 48.050000000000004 31.350000000000005 52.750000000000007 87.428571500000018
decision_type=1 1 1 1 2 2 2 2 1 2 2 2 2 2
left_child=1 4 6 7 5 -1 8 -3 -2 -5 -6 12 -4 -13
right_child=2 3 11 9 10 -7 -8 -9 -10 -11 -12 13 -14 -15
leaf_value=-0.026331834922488379 -0.024088081862512663 0.027232966055427084 -0.056284659993647269 0.00023212615628952552 0.059396395212566504 0.0443201159135896 0.054524432909353264 0.057627378399841701 -0.044528884690726349 0.027553251687436282 0.029033859034480993 -0.064089202414203891 -0.014127945300375189 -0.04956438649497575
leaf_weight=27.139514833688736 243.73059540987015 208.51544134318829 181.13517794013023 195.54874901473522 751.64227999746799 223.38685414195061 6.2789490669965735 76.932548820972443 241.73784512281418 98.889348044991493 53.287530034780502 610.30406074225903 5.5539058148860923 28.415769308805466
leaf_count=112 1162 857 997 785 3379 965 27 318 1161 396 229 3479 27 158
internal_value=0.000403571 0.0415946 -0.050662 0.0219918 0.0520268 0.0365921 -0.0324359 0.0355973 -0.0343371 0.00947034 0.0574249 -0.060951 -0.0551125 -0.0635215
internal_weight=2952.5 1635.34 1317.16 579.886 1055.46 250.526 491.747 285.448 485.468 294.438 804.93 825.409 186.689 638.72
internal_count=14052 7041 7011 2356 4685 1077 2350 1175 2323 1181 3608 4661 1024 3637
cat_boundaries=0 1 2 3 4 5
cat_threshold=13 9 2 1 1
is_linear=0
shrinkage=0.05


Tree=15
num_leaves=15
num_cat=3
split_feature=0 0 0 43 6 33 36 39 34 36 5 33 4 35
split_gain=2287.32 118.975 88.4356 48.0877 42.8011 24.4267 21.1435 17.0261 11.6313 28.4037 12.4835 3.33446 2.57998 1.2429
threshold=0 1 2 56.500000000000007 2.5000000000000004 37.100000000000009 96.500000000000014 24.450000000000003 20.550000000000004 96.500000000000014 -0.85225707553516283 31.150000000000002 -0.46801505794253101 86.63392850000001
decision_type=1 1 1 2 2 2 2 2 2 2 2 2 2 2
left_child=1 8 5 4 -3 6 -2 -7 9 -1 -10 12 -4 -13
right_child=2 3 11 -5 -6 7 -8 -9 10 -11 -12 13 -14 -15
leaf_value=-0.026811675617977843 -0.05395210926405769 0.012279055335637718 -0.039594482469636483 -0.095752696071446403 0.035824742446503625 -0.019525985380889722 -0.028160446992101035 0.051151141456159004 0.046147524651949746 0.069534893749868196 0.066982953637274342 -0.063655854137875889 -0.062684557768624249 -0.055791852294730354
leaf_weight=12.587768495082857 105.29517230391502 252.09755998849869 44.816932484507561 6.6600633561611167 842.34616775810719 19.763638570904732 343.44903998076916 13.506069973111151 101.48364621400833 16.969395279884338 383.96645905077457 599.96441923081875 24.689987987279892 137.93588970601559
leaf_count=53 572 1058 244 27 3631 86 1618 57 457 78 1738 3546 138 791
internal_value=-0.000186215 0.039326 -0.0496216 0.0293021 0.0304173 -0.0306241 -0.0343188 0.00982125 0.0596964 0.0289683 0.0627311 -0.0603989 -0.0485692 -0.0622633
internal_weight=2905.53 1616.11 1289.42 1101.1 1094.44 482.014 448.744 33.2697 515.007 29.5572 485.45 807.407 69.5069 737.9
internal_count=14094 7042 7052 4716 4689 2333 2190 143 2326 131 2195 4719 382 4337
cat_boundaries=0 1 2 3
cat_threshold=13 1 2
is_linear=0
shrinkage=0.05


Tree=16
num_leaves=15
num_cat=4
split_feature=0 0 0 1 4 33 33 36 39 43 39 39 33 38
split_gain=2118.64 121.76 85.818 31.2362 31.1897 34.8552 23.8077 23.0136 19.993 19.3499 14.0475 10.4523 3.56573 2.1473
threshold=0 1 2 3 0.091259403071267911 34.550000000000004 37.100000000000009 96.500000000000014 20.000000000000004 25.250000000000004 24.450000000000003 12.850000000000003 32.050000000000004 5.7779760000000016
decision_type=1 1 1 1 2 2 2 2 2 2 2 2 2 2
left_child=1 4 6 8 11 -6 7 -2 -3 -5 -8 -1 13 -4
right_child=2 3 12 9 5 -7 10 -9 -10 -11 -12 -13 -14 -15
leaf_value=0.013618719337808324 -0.053940412275948528 0.015913918660656643 -0.034867057037000285 0.0012110543888371741 0.028443069660546591 0.053589008114674312 -0.016446706556315246 -0.02694491898789142 0.042798125890589761 0.032774073992169507 0.048780716794292078 0.05993118872813346 -0.062734559761495542 -0.055670903217661133
leaf_weight=13.214055642485617 104.01512797176838 126.17672321200371 19.871736109256744 236.66876541078091 284.01389290392399 275.89873765408993 18.955349653959274 343.26664613187313 157.05909660458565 60.120125561952591 13.156678199768065 454.08569799363613 523.89551942050457 232.39600883424282
leaf_count=63 581 523 115 949 1267 1228 83 1635 656 241 56 2154 3221 1359
internal_value=9.20758e-05 0.0379996 -0.0483426 0.0187463 0.0485573 0.0409073 -0.029728 -0.033329 0.0309198 0.00769332 0.0109439 0.0586535 -0.0592637 -0.0541763
internal_weight=2862.79 1607.24 1255.56 580.025 1027.21 559.913 479.394 447.282 283.236 296.789 32.112 467.3 776.163 252.268
internal_count=14131 7081 7050 2369 4712 2495 2355 2216 1179 1190 139 2217 4695 1474
cat_boundaries=0 1 2 3 4
cat_threshold=13 9 2 1
is_linear=0
shrinkage=0.05


Tree=17
num_leaves=15
num_cat=4
split_feature=0 0 0 1 6 5 33 36 44 39 32 37 33 4
split_gain=1905.3 117.861 89.921 31.7617 30.276 51.4005 23.7396 24.3155 21.0888 19.5591 18.5768 13.498 4.43069 3.06615
threshold=0 1 2 3 2.5000000000000004 -0.83375966452616657 36.95000000000001 96.500000000000014 48.050000000000004 20.000000000000004 25.797023500000005 34.500000000000007 31.150000000000002 -0.452744437932114
decision_type=1 1 1 1 2 2 2 2 2 2 2 2 2 2
left_child=1 4 6 9 5 -1 7 -2 -6 -3 -5 -8 13 -4
right_child=2 3 12 10 8 -7 11 -9 -10 -11 -12 -13 -14 -15
leaf_value=-0.03223851900815565 -0.053028036532563994 0.014473546662723836 -0.035835080774215253 0.076467475356460465 0.054344372842069159 0.039680416115417227 0.026297016649408467 -0.025095393382992194 0.021541591088555093 0.041190274129461697 0.0034450660988234148 -0.050391155953117141 -0.060315334444008543 -0.060813167561556795
leaf_weight=27.370564967393875 102.31736083328724 125.14274378120899 44.554966479539871 7.9931660443544379 703.4706414192915 211.80218978226185 27.902433067560196 338.19736179709435 54.571345403790474 154.80482310056686 281.49915039539337 6.1922408491373053 681.97299867868423 22.450702428817749
leaf_count=114 592 520 255 32 3348 951 120 1629 242 652 1129 28 4306 134
internal_value=-0.000333491 0.0360756 -0.0468543 0.0170634 0.0466275 0.0313502 -0.0279924 -0.0316887 0.0520144 0.0293413 0.00571758 0.01133 -0.0582284 -0.0449753
internal_weight=2790.24 1566.65 1223.59 569.44 997.215 239.173 474.609 440.515 758.042 279.948 289.492 34.0947 748.979 67.0057
internal_count=14052 6988 7064 2333 4655 1065 2369 2221 3590 1172 1161 148 4695 389
cat_boundaries=0 1 2 3 4
cat_threshold=13 9 2 1
is_linear=0
shrinkage=0.05


Tree=18
num_leaves=15
num_cat=4
split_feature=0 0 0 37 38 39 19 21 1 40 2 33 44 38
split_gain=1775.99 109.231 82.995 32.6227 30.3443 28.3115 27.5428 27.0411 17.5757 41.9846 26.7807 5.29784 3.85451 1.89384
threshold=0 1 2 32.500000000000007 14.349107500000001 20.250000000000004 29.197916500000002 24.550000000000004 3 3.7000000000000006 2.5000000000000004 31.150000000000002 52.750000000000007 5.9175595000000003
decision_type=1 1 1 2 2 2 2 2 1 2 2 2 2 2
left_child=1 3 8 6 5 -3 -1 -5 10 -10 -2 12 -4 -13
right_child=2 4 11 7 -6 -7 -8 -9 9 -11 -12 13 -14 -15
leaf_value=0.011793193086162203 -0.056853234399277787 0.0061587512473073851 -0.045959577785825351 0.056072052618647616 -0.091651931992961608 0.028594799928916816 0.055329648669032727 0.036169033890039039 -0.00074630089822306026 -0.050710548790523426 -0.011003730891892624 -0.045500183464573331 0.0031595032338267745 -0.060333080632451734
leaf_weight=117.39166778326035 37.197526454925537 265.05109868943691 60.051830753684044 553.51224966347218 5.3925728499889365 300.15356583893299 52.118362754583359 258.78717510402203 56.054250255227089 167.59066787362099 196.64876617491245 39.021688908338547 4.1407359391450873 620.34908956289291
leaf_count=525 204 1083 361 2713 22 1240 237 1198 295 845 969 250 21 4071
internal_value=-0.000200698 0.0348522 -0.0461699 0.0451488 0.0166164 0.0181029 0.0254251 0.0497835 -0.0276172 -0.0382466 -0.018508 -0.057311 -0.0427913 -0.0595255
internal_weight=2733.46 1552.41 1181.05 981.809 570.597 565.205 169.51 812.299 457.491 223.645 233.846 723.563 64.1926 659.371
internal_count=14034 7018 7016 4673 2345 2323 762 3911 2313 1140 1173 4703 382 4321
cat_boundaries=0 1 2 3 4
cat_threshold=13 9 2 1
is_linear=0
shrinkage=0.05


Tree=19
num_leaves=15
num_cat=1
split_feature=1 34 32 34 36 33 34 33 36 37 38 38 4 34
split_gain=34.8912 26.6747 24.5734 57.3181 44.9609 30.0353 16.78 51.3465 13.8914 12.2693 12.0588 9.88466 10.4039 4.22651
threshold=0 21.050000000000004 29.308928500000004 24.550000000000004 94.500000000000014 33.750000000000007 24.550000000000004 33.750000000000007 95.500000000000014 49.500000000000007 7.612797500000001 11.730059500000001 0.9893236546938301 20.250000000000004
decision_type=1 2 2 2 2 2 2 2 2 2 2 2 2 2
left_child=1 8 3 4 -2 -5 9 -8 10 -3 -1 12 -4 -10
right_child=2 6 11 5 -6 -7 7 -9 13 -11 -12 -13 -14 -15
leaf_value=-0.087080206849956071 -0.028438023548099656 0.0033054743809848709 0.011013709812743801 -0.054473330140436572 0.00085294747169792318 -0.012055250149279309 -0.033920519688748187 0.012255687313273735 -0.017396369552713693 0.015255363079951029 -0.023950118421477744 0.030608705355910783 -0.040026900412975852 0.0070981609137292555
leaf_weight=8.743867412209509 152.61132517457008 329.40659736096859 59.439626634120941 89.607838690280914 890.09798742830753 78.699770241975784 88.855386584997177 181.46669884026051 27.721848055720329 620.00366939604282 40.600787311792374 56.431969970464706 10.963377013802527 44.588188499212265
leaf_count=46 804 1738 305 455 4655 411 454 942 144 3270 211 282 58 233
internal_value=6.45714e-05 0.00576078 -0.00564672 -0.00784218 -0.00345723 -0.0348272 0.00799037 -0.0029916 -0.0164764 0.0111171 -0.0366442 0.0152128 0.00261624 -0.00240163
internal_weight=2679.24 1341.39 1337.85 1211.02 1042.71 168.308 1219.73 270.322 121.655 949.41 49.3447 126.835 70.403 72.31
internal_count=14008 7038 6970 6325 5459 866 6404 1396 634 5008 257 645 363 377
cat_boundaries=0 1
cat_threshold=1
is_linear=0
shrinkage=0.05


Tree=20
num_leaves=15
num_cat=3
split_feature=0 0 0 6 5 6 44 43 32 5 34 26 33 43
split_gain=1627.6 114.176 88.0288 43.5401 46.7254 34.3606 16.6317 23.9655 16.242 17.7 10.6275 9.1716 3.49703 2.64443
threshold=0 1 2 2.5000000000000004 -0.97111920233974802 27.000000000000004 41.600000000000001 17.750000000000004 26.530357500000004 0.99349222267034765 20.250000000000004 12.250000000000002 32.050000000000004 29.550000000000004
decision_type=1 1 1 2 2 2 2 2 2 2 2 2 2 2
left_child=1 6 8 4 -3 -5 10 -8 11 -10 -1 -2 13 -4
right_child=2 3 12 5 -6 -7 7 -9 9 -11 -12 -13 -14 -15
leaf_value=0.019879769126907785 -2.044336217245966e-05 -0.077488376483923829 -0.054408352108467832 0.034116959833914613 0.010961155391031562 0.0070981938724119552 0.019763670602335588 0.065396691467743934 -0.023893243803235015 0.044321750384587209 0.062299252627613148 -0.050596762696262003 -0.060566286679406937 -0.037742943036358487
leaf_weight=16.651170402765274 9.9990969449281675 14.951082244515417 187.51098451018333 662.21929293870926 233.47788774967194 143.79296317696571 72.955273821949959 47.990310311317444 359.10044790804386 8.8781014680862409 341.58479830622673 85.639033854007721 463.39783169329166 39.561020880937576
leaf_count=77 49 62 1212 2967 1005 650 330 243 1850 45 1688 431 3194 247
internal_value=-0.000415188 0.0332431 -0.0450304 0.0234541 0.00534872 0.0293116 0.0537742 0.0382583 -0.0264425 -0.0221318 0.0603884 -0.0453639 -0.056901 -0.0516831
internal_weight=2687.71 1533.62 1154.09 1054.44 248.429 806.012 479.182 120.946 463.617 367.979 358.236 95.6381 690.47 227.072
internal_count=14050 7022 7028 4684 1067 3617 2338 573 2375 1895 1765 480 4653 1459
cat_boundaries=0 1 2 3
cat_threshold=13 1 2
is_linear=0
shrinkage=0.05


Tree=21
num_leaves=15
num_cat=3
split_feature=0 0 0 43 43 44 43 33 36 5 34 33 4 35
split_gain=1540.36 111.198 82.799 40.7883 40.8887 15.7369 22.2351 15.223 21.054 14.9946 13.0546 5.17518 3.22127 1.32983
threshold=0 1 2 56.500000000000007 18.050000000000004 41.600000000000001 17.750000000000004 37.100000000000009 97.500000000000014 -0.013976481981245098 20.250000000000004 31.150000000000002 -0.452744437932114 86.538690500000016
decision_type=1 1 1 2 2 2 2 2 2 2 2 2 2 2
left_child=1 5 7 4 -3 10 -7 8 -2 -9 -1 12 -4 -13
right_child=2 3 11 -5 -6 6 -8 9 -10 -11 -12 13 -14 -15
leaf_value=0.01581279845005102 -0.045516147472552934 0.016535672020300488 -0.032127450103070658 -0.092041489474900942 0.037134798724845923 0.020026500974538574 0.064177413241270589 -0.016678335452997812 -0.021482541680874462 0.054148148210239715 0.061550947446672437 -0.060012692415407159 -0.058560073230826327 -0.05181628608413108
leaf_weight=17.214825332164764 134.98426793515682 678.21862807869911 41.430283382534981 6.680183693766593 375.55175639688969 73.099861145019531 47.304585739970207 22.3596271276474 289.24306763708591 10.003842964768408 336.15704974532127 480.31944911181927 19.78086020052433 125.50384637713432
leaf_count=80 787 2997 254 27 1715 333 247 98 1438 44 1708 3430 130 851
internal_value=-4.0145e-05 0.0324431 -0.0442778 0.0228733 0.0239052 0.0528582 0.0377583 -0.0261305 -0.0292188 0.00618155 0.0593737 -0.0560744 -0.0414734 -0.0584029
internal_weight=2657.85 1534.23 1123.63 1060.45 1053.77 473.776 120.404 456.591 424.227 32.3635 353.372 667.034 61.2111 605.823
internal_count=14139 7107 7032 4739 4712 2368 580 2367 2225 142 1788 4665 384 4281
cat_boundaries=0 1 2 3
cat_threshold=13 1 2
is_linear=0
shrinkage=0.05


Tree=22
num_leaves=15
num_cat=4
split_feature=0 0 0 4 20 1 39 5 33 36 37 39 33 5
split_gain=1386.42 104.65 84.835 33.6372 36.5513 29.1775 18.602 18.5311 16.7188 22.5269 13.4982 12.4251 5.93386 7.19164
threshold=0 1 2 0.039769539193789956 33.150000000000013 3 20.150000000000002 0.84658398682345093 37.100000000000009 96.500000000000014 34.500000000000007 12.850000000000003 32.050000000000004 -0.9575230291762723
decision_type=1 1 1 2 2 1 2 2 2 2 2 2 2 2
left_child=1 3 8 11 -5 6 -3 -7 9 -2 -10 -1 13 -4
right_child=2 5 12 4 -6 7 -8 -9 10 -11 -12 -13 -14 -15
leaf_value=0.0034153165058338599 -0.049171101184466832 0.010788005797654794 -0.011914573979937275 0.015245863809715121 0.043014311418966 -0.0029033641018616709 0.03683564883940179 0.03147796139947296 0.025670518629063145 -0.021185873802124444 -0.049793026037525098 0.054477550449333979 -0.059353079965182923 -0.050554858376208968
leaf_weight=12.433439224958418 93.46130582690239 125.33489920198917 13.583514258265494 182.06136816740036 347.00272689759731 245.34105677902699 153.36787289381027 45.614760279655457 25.961776435375214 318.04705142974854 6.6192598342895499 387.24413277208805 433.70921485126019 197.72884656488895
leaf_count=64 591 530 94 873 1666 986 666 183 113 1602 31 2057 3237 1353
internal_value=-0.000137283 0.0309777 -0.0428258 0.0414545 0.0335054 0.0134352 0.0252023 0.00257614 -0.0243717 -0.0276456 0.0093129 0.0529016 -0.0549095 -0.0481388
internal_weight=2587.51 1498.4 1089.11 928.742 529.064 569.659 278.703 290.956 444.089 411.508 32.581 399.678 645.022 211.312
internal_count=14046 7025 7021 4660 2539 2365 1196 1169 2337 2193 144 2121 4684 1447
cat_boundaries=0 1 2 3 4
cat_threshold=13 9 2 1
is_linear=0
shrinkage=0.05


Tree=23
num_leaves=15
num_cat=4
split_feature=0 0 0 34 33 36 44 43 1 43 2 34 33 4
split_gain=1321.71 103.178 75.4975 40.7843 172.536 62.5786 19.3241 24.2382 16.2999 36.5906 24.5898 9.37661 4.4227 2.73135
threshold=0 1 2 24.550000000000004 33.95000000000001 95.500000000000014 41.600000000000001 17.750000000000004 3 2.0500000000000003 2.5000000000000004 20.250000000000004 31.150000000000002 -0.452744437932114
decision_type=1 1 1 2 2 2 2 2 1 2 2 2 2 2
left_child=1 6 8 5 -5 -3 11 -8 10 -10 -2 -1 13 -4
right_child=2 3 12 4 -6 -7 7 -9 9 -11 -12 -13 -14 -15
leaf_value=0.018628434289315116 -0.054052831436147836 -0.0010204373295927423 -0.03164800324245165 -0.057692102094984626 0.035427165831636478 0.033008415021442382 0.015025187474668526 0.06217884055608678 0.0011560039862752135 -0.046999097854831674 -0.008822370064348049 0.059412220634034223 -0.057057405174448163 -0.057205344097750868
leaf_weight=15.937439799308775 34.988075479865074 170.43972317874432 38.775797381997108 77.457073584198952 134.92461428046227 649.60500827431679 72.0119858533144 43.750510558485985 51.625114530324936 165.59476771950722 185.88397489488125 314.96431991457939 563.65372501313686 18.182508409023285
leaf_count=76 210 742 249 334 606 3014 335 241 288 890 949 1682 4305 128
internal_value=-0.000543584 0.0299021 -0.0429435 0.020691 0.00135471 0.0259432 0.0501835 0.033226 -0.0253021 -0.0356016 -0.0161986 0.05751 -0.0547391 -0.0406528
internal_weight=2537.79 1479.09 1058.7 1032.43 212.382 820.045 446.664 115.762 438.092 217.22 220.872 330.902 620.612 56.9583
internal_count=14049 7030 7019 4696 940 3756 2334 576 2337 1178 1159 1758 4682 377
cat_boundaries=0 1 2 3 4
cat_threshold=13 1 2 1
is_linear=0
shrinkage=0.05


Tree=24
num_leaves=15
num_cat=3
split_feature=0 0 0 4 33 33 36 33 36 5 34 25 33 4
split_gain=1178.9 92.7614 90.6932 36.4554 38.0461 30.6017 62.6858 15.6383 24.1002 14.0977 12.7201 8.94554 6.26671 3.72406
threshold=0 1 2 0.091259403071267911 34.550000000000004 36.050000000000004 96.500000000000014 36.95000000000001 96.500000000000014 -0.013976481981245098 24.850000000000005 8.7402780000000018 31.150000000000002 -0.452744437932114
decision_type=1 1 1 2 2 2 2 2 2 2 2 2 2 2
left_child=2 7 3 10 -5 6 -4 8 -2 -9 -1 -7 13 -3
right_child=1 12 5 4 -6 11 -8 9 -10 -11 -12 -13 -14 -15
leaf_value=0.052418278353617787 -0.047827602525427421 -0.027560293077943034 -0.02409385137025372 0.016512874599130641 0.044119453325840073 -0.014848162179550636 0.018017901824820281 -0.015330035640961021 -0.018349711878025299 0.048386036047994352 0.0093208317587258182 0.049747354948567531 -0.056375416494171326 -0.056567606380930835
leaf_weight=381.46479849517345 88.934752464294434 38.878803268074989 113.96128153800964 256.47782297432423 245.70415157079697 5.4297191053628913 381.76558640599251 21.243568494915962 315.8371197283268 13.301438823342322 18.427519351243973 60.735906109213829 541.9803789332509 17.63908913731575
leaf_count=2142 593 255 463 1257 1217 23 1605 94 1629 59 79 257 4306 129
internal_value=-2.41907e-05 -0.040549 0.0287924 0.0387322 0.0300809 0.0123976 0.00830793 -0.021683 -0.0249284 0.00987467 0.0504605 0.0443043 -0.053756 -0.0374395
internal_weight=2501.78 1037.82 1463.97 902.074 502.182 561.892 495.727 439.317 404.772 34.545 399.892 66.1656 598.498 56.5179
internal_count=14108 7065 7043 4695 2474 2348 2068 2375 2222 153 2221 280 4690 384
cat_boundaries=0 1 2 3
cat_threshold=13 2 9
is_linear=0
shrinkage=0.05


Tree=25
num_leaves=15
num_cat=4
split_feature=0 0 0 34 33 36 1 43 43 44 44 34 33 5
split_gain=1081.16 113.537 83.3586 35.6147 147.729 62.6203 16.78 35.0619 24.0012 13.8037 22.2859 9.17203 7.13608 6.92677
threshold=0 1 2 24.550000000000004 33.750000000000007 95.500000000000014 3 2.0500000000000003 22.200000000000006 41.95000000000001 43.000000000000007 20.350000000000005 32.050000000000004 -0.9575230291762723
decision_type=1 1 1 2 2 2 1 2 2 2 2 2 2 2
left_child=1 9 6 5 -5 -3 8 -8 -2 11 -11 -1 13 -4
right_child=2 3 12 4 -6 -7 7 -9 -10 10 -12 -13 -14 -15
leaf_value=0.021200887616359843 -0.021926431451898504 -0.0036726578706877673 -0.00939343822842084 -0.057117360286023655 0.030127674653064353 0.030190384899962799 0.0038041232213095787 -0.043995721586209152 0.016061648960763873 -0.017160321577911138 0.04398737631101636 0.05741046392278281 -0.057831142537643099 -0.047723394732261497
leaf_weight=20.172783181071281 163.73895074427128 174.22658783197403 13.182061851024626 73.400183439254761 138.48706252872944 626.49169175326824 50.589969009160995 155.81196048855782 54.806006446480751 17.414016172289848 86.102511554956436 306.6833390891552 379.07324665784836 183.85576546192169
leaf_count=100 889 763 99 313 634 2969 286 870 280 87 448 1721 3195 1394
internal_value=-0.000192939 0.0274296 -0.039873 0.0178326 -0.000221344 0.0228268 -0.0216049 -0.0323179 -0.0123701 0.0490029 0.0336351 0.0552472 -0.0526906 -0.0452195
internal_weight=2444.04 1442.98 1001.06 1012.61 211.887 800.718 424.947 206.402 218.545 430.373 103.517 326.856 576.111 197.038
internal_count=14048 7035 7013 4679 947 3732 2325 1156 1169 2356 535 1821 4688 1493
cat_boundaries=0 1 2 3 4
cat_threshold=13 1 2 1
is_linear=0
shrinkage=0.05


Tree=26
num_leaves=14
num_cat=4
split_feature=0 0 0 6 5 39 35 32 27 44 1 33 38
split_gain=1018.56 99.6876 88.8391 35.3868 44.3111 33.6185 14.8127 14.7323 14.9528 13.3279 10.257 5.26457 4.51787
threshold=0 1 2 2.5000000000000004 -0.97874870457683605 18.750000000000004 58.401786000000008 26.623214000000004 21.950000000000003 41.95000000000001 3 32.050000000000004 5.8008925000000007
decision_type=1 1 1 2 2 2 2 2 2 2 1 2 2
left_child=1 6 7 4 -3 -5 -1 10 -9 -8 -2 12 -4
right_child=2 3 11 5 -6 -7 9 8 -10 -11 -12 -13 -14
leaf_value=-0.032300289280314247 -0.021922701482878688 -0.084549237912233691 -0.019734579040973494 0.0090556391782593126 0.0066245672705819705 0.031031272602691357 0.054705537590845191 -0.023784207935543325 -0.0014713515973954431 0.03312525740032489 -0.054737020660451607 -0.05738237950497798 -0.048499733383175828
leaf_weight=4.9602365046739569 51.81241475045681 13.147061243653296 16.910134524106979 270.05907505750656 228.79049752652645 494.05854079127312 314.16252981126308 210.10883809626102 116.74626640975475 100.56020057201385 46.964668601751328 367.47997694462538 167.83494228869677
leaf_count=24 273 55 128 1282 1015 2325 1805 1196 625 526 263 3230 1319
internal_value=-4.48383e-05 0.0268357 -0.0390994 0.0178388 0.00134248 0.0232865 0.0473964 -0.0205609 -0.0158433 0.0495651 -0.0379169 -0.0527075 -0.0459872
internal_weight=2403.6 1425.74 977.857 1006.06 241.938 764.118 419.683 425.632 326.855 414.723 98.7771 552.225 184.745
internal_count=14066 7032 7034 4677 1070 3607 2355 2357 1821 2331 536 4677 1447
cat_boundaries=0 1 2 3 4
cat_threshold=13 1 2 1
is_linear=0
shrinkage=0.05


Tree=27
num_leaves=15
num_cat=4
split_feature=0 0 0 43 39 8 1 40 39 44 43 34 33 43
split_gain=941.27 95.0057 81.8683 31.3186 79.9106 37.1742 19.5069 32.6198 25.6727 11.871 18.453 9.09689 6.38085 5.44959
threshold=0 1 2 18.050000000000004 18.750000000000004 33.250000000000007 3 3.7000000000000006 20.450000000000003 41.600000000000001 17.750000000000004 20.250000000000004 32.050000000000004 29.550000000000004
decision_type=1 1 1 2 2 2 1 2 2 2 2 2 2 2
left_child=1 9 6 5 -5 -3 8 -8 -2 11 -11 -1 13 -4
right_child=2 3 12 4 -6 -7 7 -9 -10 10 -12 -13 -14 -15
leaf_value=0.013525455399810708 0.0074760375826678138 3.9313071384241862e-05 -0.048413446866120688 -0.00076086296849111332 0.047756845622360738 0.024377147372778074 0.0024206608312656286 -0.043717270126548566 -0.026797939136112593 0.016371525994271965 0.059154543914733862 0.054658339005235201 -0.056952410727740869 -0.02389705651629763
leaf_weight=14.924784168601034 103.48541076481342 364.65214313566685 149.42659028619528 138.24817296862602 218.66993108391762 274.39427097141743 51.028098732233047 151.48463758826256 113.93325524032116 68.04450823366642 40.143057957291603 281.08063912391663 351.63767785578966 30.335396841168404
leaf_count=74 553 1684 1219 660 1070 1248 293 875 625 331 246 1678 3227 233
internal_value=-0.000273778 0.0257307 -0.0384007 0.0169941 0.0290144 0.0105113 -0.0205116 -0.0321369 -0.0105249 0.0462378 0.0326426 0.0526369 -0.0518346 -0.0444313
internal_weight=2351.49 1400.16 951.331 995.965 356.918 639.046 419.931 202.513 217.419 404.193 108.188 296.005 531.4 179.762
internal_count=14016 6991 7025 4662 1730 2932 2346 1168 1178 2329 577 1752 4679 1452
cat_boundaries=0 1 2 3 4
cat_threshold=13 1 2 1
is_linear=0
shrinkage=0.05


Tree=28
num_leaves=15
num_cat=4
split_feature=0 0 0 2 44 1 32 43 39 5 39 33 5 26
split_gain=866.204 83.2196 77.4532 33.3521 35.1035 28.0267 20.4654 17.8172 17.2717 15.8666 13.0796 7.76818 8.0606 6.12704
threshold=0 1 2 6.5000000000000009 41.95000000000001 3 26.530357500000004 31.350000000000005 20.000000000000004 0.98005052076767474 12.850000000000003 32.050000000000004 -0.9575230291762723 11.950000000000001
decision_type=1 1 1 2 2 1 2 2 2 2 2 2 2 2
left_child=2 6 3 4 -1 8 13 -7 -4 -8 -5 12 -3 -2
right_child=1 11 5 10 -6 7 9 -9 -10 -11 -12 -13 -14 -15
leaf_value=0.034199542002644183 0.0024063681918527341 -0.0021745053415265481 0.0077587682680620822 -0.0054920671921790181 0.0028943940426346777 -0.0048372324366261028 -0.016332582331365961 0.037101445736065344 0.033398406520534184 0.035932941670698305 0.048937535798780775 -0.056554817305936783 -0.045563296012472013 -0.045574385277563356
leaf_weight=372.17667138576508 7.1653937697410575 11.569071181118487 120.97462676465511 11.21895422041416 118.07969571650028 258.28021001815796 316.71313188225031 27.066804230213165 144.74722473323345 14.294604025781153 331.10132536292076 338.51706601679325 161.52068347483873 77.242945194244385
leaf_count=1994 38 93 524 63 580 1044 1796 112 656 79 2013 3243 1347 436
internal_value=3.20592e-05 -0.0371199 0.0250196 0.0347239 0.0266808 0.00996536 -0.0191966 -0.000743432 0.0217984 -0.0139741 0.0471429 -0.050963 -0.0426924 -0.0415208
internal_weight=2310.67 927.023 1383.65 832.577 490.256 551.069 415.416 285.347 265.722 331.008 342.32 511.607 173.09 84.4083
internal_count=14018 7032 6986 4650 2574 2336 2349 1156 1180 1875 2076 4683 1440 474
cat_boundaries=0 1 2 3 4
cat_threshold=13 2 9 1
is_linear=0
shrinkage=0.05


Tree=29
num_leaves=15
num_cat=3
split_feature=0 0 0 34 33 36 32 5 44 43 5 33 5 5
split_gain=810.174 81.8628 81.4681 34.3946 125.22 62.254 15.9058 15.2514 12.6707 20.3162 10.618 7.35504 7.35466 6.80653
threshold=0 1 2 24.550000000000004 33.95000000000001 96.500000000000014 26.530357500000004 0.9863035000474919 41.600000000000001 17.750000000000004 -0.96234030595689413 32.050000000000004 -0.46800559042974538 -0.96234030595689413
decision_type=1 1 1 2 2 2 2 2 2 2 2 2 2 2
left_child=1 8 6 5 -5 -3 10 -8 12 -10 -2 13 -1 -4
right_child=2 3 11 4 -6 -7 7 -9 9 -11 -12 -13 -14 -15
leaf_value=0.037958368543413633 0.05700338889999821 -0.0020696111270443979 -0.0043430512984286174 -0.050165897307829568 0.02889457526571005 0.029776311983190359 -0.016261260951938125 0.040933625380346617 0.012525172289324794 0.057999921758033958 -0.041722259944117275 -0.056177837812400239 0.056289502791665794 -0.045132481793321633
leaf_weight=91.750735342502594 1.9801179170608509 211.18505066633224 11.157450482249258 80.86885604262352 128.00319083034992 559.24305774271488 315.57223086804152 11.167336255311964 66.813933342695236 38.545743435621262 80.827451772987843 323.8711022734642 188.41331014037132 160.91143451631069
leaf_count=566 11 948 90 349 606 2753 1805 60 329 249 463 3241 1182 1389
internal_value=-0.00013904 0.024123 -0.0365578 0.0160187 -0.0018084 0.0210555 -0.0187707 -0.0141875 0.0436939 0.029551 -0.0387095 -0.0505204 0.0504426 -0.042528
internal_weight=2270.31 1364.82 905.487 979.3 208.872 770.428 409.547 326.74 385.524 105.36 82.8076 495.94 280.164 172.069
internal_count=14041 6982 7059 4656 955 3701 2339 1865 2326 578 474 4720 1748 1479
cat_boundaries=0 1 2 3
cat_threshold=13 1 2
is_linear=0
shrinkage=0.05


Tree=30
num_leaves=15
num_cat=4
split_feature=0 0 0 6 8 6 34 36 1 40 43 5 33 5
split_gain=747.012 81.4235 75.8431 33.7567 42.0242 30.6465 17.4911 33.0393 15.6784 32.5509 25.6244 11.6418 7.81612 6.1188
threshold=0 1 2 2.5000000000000004 33.350000000000001 27.000000000000004 20.550000000000004 96.500000000000014 3 3.7000000000000006 22.200000000000006 -0.4831374111459158 32.050000000000004 -0.97874870457683605
decision_type=1 1 1 2 2 2 2 2 1 2 2 2 2 2
left_child=1 6 8 4 -3 -5 7 -1 10 -10 -2 -8 13 -4
right_child=2 3 12 5 -6 -7 11 -9 9 -11 -12 -13 -14 -15
leaf_value=-0.051203055881023099 -0.020206588869663828 -0.02397150845257652 0.011929122789776864 0.025077761554850149 0.018048646613039836 -0.0016682147712122196 0.035300718918285366 0.058490939672774904 0.0049466562436604545 -0.041563079824628583 0.019026378225926233 0.054435840679613115 -0.055822718210176127 -0.043169884254203622
leaf_weight=12.751551225781443 151.73866839706898 109.01817229390144 4.8047760948538771 611.05594231188297 128.58773748576641 129.67552955448627 143.34272256493568 12.710615023970602 50.745432049036026 142.28768186271191 56.318516373634338 208.38579222559929 308.2430676445365 159.84392296522856
leaf_count=59 860 488 39 2975 583 636 871 78 296 861 294 1329 3223 1423
internal_value=-0.000183156 0.0229954 -0.0359696 0.0149924 -0.00125067 0.0203996 0.0427401 0.0036968 -0.0186738 -0.0293739 -0.0095465 0.0467597 -0.0498813 -0.0414997
internal_weight=2229.51 1355.53 873.982 978.337 237.606 740.731 377.191 25.4622 401.09 193.033 208.057 351.729 472.892 164.649
internal_count=14015 7019 6996 4682 1071 3611 2337 137 2311 1157 1154 2200 4685 1462
cat_boundaries=0 1 2 3 4
cat_threshold=13 1 2 1
is_linear=0
shrinkage=0.05


Tree=31
num_leaves=15
num_cat=3
split_feature=0 0 0 6 8 6 34 36 33 36 44 37 33 43
split_gain=683.878 74.4659 72.9846 33.524 39.379 32.2546 15.9735 29.6386 14.3258 20.2641 13.8851 10.5014 8.12833 5.72185
threshold=0 1 2 2.5000000000000004 33.650000000000013 27.000000000000004 20.550000000000004 96.500000000000014 37.100000000000009 96.500000000000014 41.95000000000001 34.500000000000007 32.050000000000004 29.550000000000004
decision_type=1 1 1 2 2 2 2 2 2 2 2 2 2 2
left_child=1 6 8 4 -3 -5 7 -1 9 -2 -8 -10 13 -4
right_child=2 3 12 5 -6 -7 10 -9 11 -11 -12 -13 -14 -15
leaf_value=-0.047164242596487688 -0.04388645247879272 -0.022767228744493898 -0.045004184863654602 0.024298841503417171 0.017875977618684424 -0.0029997948570090519 0.050972308565700009 0.057484279238327378 0.026044297138992367 -0.015418371219572111 0.027564624829356711 -0.048005412672456504 -0.055491421168436098 -0.018847005486995201
leaf_weight=13.04875208437443 79.52756791561842 116.69442903995514 132.14226960390806 605.38964869081974 119.7464419901371 131.45830705761909 249.19787082076073 12.055614143609999 26.244667217135433 290.28035371005535 90.524779707193375 4.8551039397716513 295.89013319462538 27.257782138884068
leaf_count=59 583 518 1228 2980 545 642 1667 77 116 1612 518 25 3233 232
internal_value=-0.000645024 0.021629 -0.0352815 0.0140366 -0.00219472 0.0194311 0.0408803 0.00336702 -0.0184426 -0.0216423 0.0448341 0.0133487 -0.0493242 -0.0406766
internal_weight=2194.31 1338.12 856.198 973.289 236.441 736.848 364.827 25.1044 400.908 369.808 339.723 31.0998 455.29 159.4
internal_count=14035 7006 7029 4685 1063 3622 2321 136 2336 2195 2185 141 4693 1460
cat_boundaries=0 1 2 3
cat_threshold=13 1 2
is_linear=0
shrinkage=0.05


Tree=32
num_leaves=15
num_cat=3
split_feature=0 0 0 4 8 33 36 37 43 33 43 39 33 5
split_gain=633.676 78.6149 76.7379 40.5426 36.6147 22.4277 51.0491 14.7514 14.8968 13.5394 13.0154 11.8066 8.48233 5.87642
threshold=0 1 2 0.091259403071267911 33.250000000000007 36.050000000000004 95.500000000000014 66.500000000000014 13.800000000000002 31.850000000000005 1.4500000000000002 12.850000000000003 32.050000000000004 -0.95242240592625282
decision_type=1 1 1 2 2 2 2 2 2 2 2 2 2 2
left_child=1 3 7 11 -5 6 -3 8 -2 -9 -7 -1 13 -4
right_child=2 5 12 4 -6 10 -8 9 -10 -11 -12 -13 -14 -15
leaf_value=-0.0065332421226716913 -0.023242972130425331 -0.033825585882403635 -0.0070091177820421312 0.0071510796645629475 0.035826741986532122 0.050886887147216356 0.009883566453294676 -0.057330364477463272 -0.002589300416644208 0.0090200062456740615 0.003660592742273388 0.04663739136881731 -0.055177663145781902 -0.042794940551836393
leaf_weight=10.549794659018515 190.90116146206856 79.225648388266563 12.923090927302836 218.44197328388691 227.32010415196419 40.190758347511292 398.32672807574272 36.39375226944685 160.69093725085258 9.3662238270044309 22.845005422830582 323.52618905901909 283.02894555777311 144.69314651936293
leaf_count=63 1171 323 111 1192 1277 177 1723 215 906 55 102 2142 3233 1374
internal_value=-0.000328155 0.0211993 -0.0340801 0.0313703 0.0218219 0.00619384 0.00257671 -0.016969 -0.0138376 -0.0438472 0.0340959 0.0449438 -0.0487209 -0.0399235
internal_weight=2158.42 1320.43 837.997 779.838 445.762 540.588 477.552 397.352 351.592 45.76 63.0358 334.076 440.645 157.616
internal_count=14064 6999 7065 4674 2469 2325 2046 2347 2077 270 279 2205 4718 1485
cat_boundaries=0 1 2 3
cat_threshold=13 9 2
is_linear=0
shrinkage=0.05


Tree=33
num_leaves=15
num_cat=3
split_feature=0 0 0 4 8 33 36 32 36 39 43 5 33 5
split_gain=585.363 77.397 73.7096 33.337 36.2714 22.4479 52.7657 15.6711 17.8604 12.1559 10.5164 9.06232 7.38056 6.33954
threshold=0 1 2 0.039769539193789956 33.250000000000007 36.050000000000004 96.500000000000014 26.530357500000004 97.500000000000014 12.850000000000003 1.4500000000000002 -0.96234030595689413 32.050000000000004 -0.9575230291762723
decision_type=1 1 1 2 2 2 2 2 2 2 2 2 2 2
left_child=2 7 3 9 -5 6 -4 11 -9 -1 -7 -2 13 -3
right_child=1 12 5 4 -6 10 -8 8 -10 -11 -12 -13 -14 -15
leaf_value=-0.010166047465820718 0.049135463593265621 -0.0034649674285112259 -0.027478902628773394 0.0081229596604558609 0.036262500731271935 0.048491141903407822 0.011441949039394789 -0.025952284364150313 -0.0018430376835289885 0.045067367777793334 0.0060386197697429927 -0.039463949398376164 -0.05487919723324846 -0.043076498076650677
leaf_weight=9.9571314901113492 2.1767618954181662 11.077510483562945 113.39991629123688 233.74153372645378 224.92870454490185 40.768541499972343 363.72530595958233 129.32997123897076 187.4996208101511 300.81418688595295 22.90383368730545 77.718076162040234 268.76759530603886 140.01352219283581
leaf_count=59 12 94 464 1285 1288 182 1582 838 1038 2051 102 471 3211 1377
internal_value=-0.000381424 -0.0333514 0.020276 0.0302266 0.0219713 0.00579802 0.00215338 -0.0163841 -0.0117351 0.0432708 0.0335499 -0.0364725 -0.0485562 -0.0402142
internal_weight=2126.82 816.583 1310.24 769.442 458.67 540.798 477.125 396.724 316.83 310.771 63.6724 79.8948 419.859 151.091
internal_count=14054 7041 7013 4683 2573 2330 2046 2359 1876 2110 284 483 4682 1471
cat_boundaries=0 1 2 3
cat_threshold=13 2 9
is_linear=0
shrinkage=0.05


Tree=34
num_leaves=15
num_cat=3
split_feature=0 0 0 6 5 44 44 43 33 36 37 34 33 5
split_gain=527.824 84.6225 67.9483 31.8114 34.1965 30.8313 17.8195 26.1541 14.8544 23.9803 10.0581 9.02735 7.75483 8.0259
threshold=0 1 2 2.5000000000000004 -0.97111920233974802 47.70000000000001 41.95000000000001 17.750000000000004 36.95000000000001 96.500000000000014 34.500000000000007 20.350000000000005 32.050000000000004 -0.9575230291762723
decision_type=1 1 1 2 2 2 2 2 2 2 2 2 2 2
left_child=2 8 6 4 -4 -5 11 -8 9 -2 -10 -1 13 -3
right_child=1 12 3 5 -6 -7 7 -9 10 -11 -12 -13 -14 -15
leaf_value=0.011789867924753871 -0.042746434792991207 0.0019461390851317829 -0.07325427958821773 0.020633307219193295 0.0017500310344267208 -0.019536080535356628 0.00024038924565674883 0.056394558913489649 0.028433870783404355 -0.010911492736983192 -0.040894219788023461 0.048970324970242174 -0.054598148684390058 -0.042620816296600604
leaf_weight=18.312069743871689 74.094562873244286 10.823902659118174 15.345581397414206 668.92626729607582 215.65336982905865 50.663110107183456 58.450907215476036 31.143163599073887 28.725318729877472 284.56402178108692 5.4309645593166342 239.40018744766712 256.34427497535944 134.46724563091993
leaf_count=100 585 92 64 3382 993 241 306 231 127 1620 29 1724 3204 1366
internal_value=0.000132537 -0.0317151 0.0197284 0.0124744 -0.00352689 0.017782 0.0385903 0.0201668 -0.0142237 -0.0175888 0.0165608 0.0463842 -0.0479872 -0.0393101
internal_weight=2092.34 794.45 1297.89 950.588 230.999 719.589 347.306 89.5941 392.815 358.659 34.1563 257.712 401.635 145.291
internal_count=14064 7023 7041 4680 1057 3623 2361 537 2361 2205 156 1824 4662 1458
cat_boundaries=0 1 2 3
cat_threshold=13 2 1
is_linear=0
shrinkage=0.05


Tree=35
num_leaves=15
num_cat=5
split_feature=0 0 0 4 34 1 39 4 1 43 2 34 33 5
split_gain=494.892 76.0197 69.2249 34.2726 30.6669 28.856 20.8813 17.581 16.9168 33.8474 27.095 9.02249 8.40615 6.49087
threshold=0 1 2 0.091259403071267911 25.150000000000002 3 20.000000000000004 -0.54220184589352438 4 2.0500000000000003 2.5000000000000004 24.850000000000005 32.050000000000004 -0.97874870457683605
decision_type=1 1 1 2 2 1 2 2 1 2 2 2 2 2
left_child=2 8 3 11 -5 6 -4 -7 10 -10 -2 -1 13 -3
right_child=1 12 5 4 -6 7 -8 -9 9 -11 -12 -13 -14 -15
leaf_value=0.043822749674129011 -0.050065858175214063 0.013373168866521554 0.0018117336005239984 0.014101887758626232 0.050761591095465755 -0.025371368858400752 0.030616239122198647 0.0019698039938632491 0.0096295736782724267 -0.038853159887798638 0.0022052541357542319 0.0055133814242951358 -0.054335557532697268 -0.040378710487738043
leaf_weight=293.78148642927408 27.868202209472656 5.4054484516382209 117.16322799026966 362.87774720788002 67.068083196878433 81.259964153170586 135.23080094158649 205.6886994689703 48.407940879464149 135.65119300782681 175.05716636776924 16.541620030999184 245.74227671325207 135.83291371911764
leaf_count=2123 203 45 522 2060 411 332 640 845 296 877 975 76 3213 1416
internal_value=-0.000209517 -0.0315135 0.0188333 0.0287533 0.019925 0.0049152 0.0173049 -0.00583407 -0.0148011 -0.026119 -0.00518357 0.041805 -0.047355 -0.038242
internal_weight=2053.58 773.965 1279.61 740.269 429.946 539.343 252.394 286.949 386.985 184.059 202.925 310.323 386.981 141.238
internal_count=14034 7025 7009 4670 2471 2339 1162 1177 2351 1173 1178 2199 4674 1461
cat_boundaries=0 1 2 3 4 5
cat_threshold=13 2 9 1 1
is_linear=0
shrinkage=0.05


Tree=36
num_leaves=15
num_cat=3
split_feature=0 0 0 34 33 36 44 43 5 19 41 33 34 5
split_gain=448.551 77.9504 69.7984 36.6535 110 45.4235 16.0166 21.867 12.2331 26.6776 17.0435 8.56792 7.738 5.41442
threshold=0 1 2 24.550000000000004 33.95000000000001 96.500000000000014 41.600000000000001 17.750000000000004 -0.82413948779581736 27.864583500000006 3.7000000000000006 32.050000000000004 20.250000000000004 -0.98801846520836334
decision_type=1 1 1 2 2 2 2 2 2 2 2 2 2 2
left_child=2 8 6 5 -5 -4 12 -8 9 -2 -10 13 -1 -3
right_child=1 11 3 4 -6 -7 7 -9 10 -11 -12 -13 -14 -15
leaf_value=0.0078568342347681737 0.01673753677261788 0.02538320390402557 -0.0040397128563510369 -0.053902316807255747 0.022279258651831058 0.023548110642290187 0.0035260495821882705 0.054110427732069213 -0.0012391029617552754 -0.051444797009948487 -0.026935928684678923 -0.054083674837055673 0.047818984301890577 -0.039030823778120609
leaf_weight=13.262092277407644 68.504579119384289 2.6983477994799605 206.2203082293272 78.326660111546516 116.75065067410469 536.19444437325001 62.478785589337349 31.588613770902157 94.913305409252644 17.080308958888054 201.21473183482885 233.83101023733616 223.92811184376478 135.23001062870026
leaf_count=73 400 23 953 341 587 2805 331 250 591 107 1239 3200 1704 1446
internal_value=-0.000119066 -0.0304214 0.0179843 0.0107121 -0.00842777 0.0158899 0.0375597 0.0209032 -0.0135786 0.00269328 -0.0187316 -0.0468279 0.0456269 -0.037597
internal_weight=2022.22 753.472 1268.75 937.492 195.077 742.415 331.258 94.0674 381.713 85.5849 296.128 371.759 237.19 137.928
internal_count=14050 7006 7044 4686 928 3758 2358 581 2337 507 1830 4669 1777 1469
cat_boundaries=0 1 2 3
cat_threshold=13 2 1
is_linear=0
shrinkage=0.05


Tree=37
num_leaves=14
num_cat=3
split_feature=0 0 0 34 34 36 35 37 43 4 44 33 43
split_gain=426.461 70.5762 62.2245 32.7305 98.6264 40.4169 12.6853 12.095 15.6057 14.5565 11.4526 9.32185 6.96407
threshold=0 1 2 24.550000000000004 25.150000000000002 96.500000000000014 58.401786000000008 66.500000000000014 19.050000000000004 -0.34235669412071196 41.600000000000001 32.050000000000004 29.550000000000004
decision_type=1 1 1 2 2 2 2 2 2 2 2 2 2
left_child=2 7 6 5 -5 -4 -1 8 -2 -9 -8 12 -3
right_child=1 11 3 4 -6 -7 10 9 -10 -11 -12 -13 -14
leaf_value=-0.042594027558468639 -0.018376974310178276 -0.041882557219469617 -0.0030623509778743225 -0.036996867087596322 0.034649077648923172 0.022979447170936067 0.044910355436426956 -0.050819037709863214 0.0048658283751927536 0.028608939208722612 0.023260056213975328 -0.053849364359988078 -0.01199767011561275
leaf_weight=4.0764188617467871 232.94362779706717 108.8478726297617 207.0756314098835 114.82281571626663 81.100751280784607 528.19971366226673 223.6709455922246 37.012667573988438 103.95294326543808 6.1326725855469695 89.061285734176636 224.5677052885294 24.918146632611752
leaf_count=22 1472 1221 951 519 416 2783 1736 234 605 36 558 3216 247
internal_value=-0.000263029 -0.0301245 0.0175152 0.0107017 -0.00731434 0.0156511 0.0365111 -0.0141064 -0.011212 -0.0391368 0.0388385 -0.0461868 -0.0364459
internal_weight=1986.38 738.376 1248.01 931.199 195.924 735.275 316.809 380.042 336.897 43.1453 312.732 358.334 133.766
internal_count=14016 7031 6985 4669 935 3734 2316 2347 2077 270 2294 4684 1468
cat_boundaries=0 1 2 3
cat_threshold=13 2 1
is_linear=0
shrinkage=0.05


Tree=38
num_leaves=15
num_cat=4
split_feature=0 0 0 4 34 6 31 44 1 43 2 33 39 4
split_gain=387.358 68.432 55.9607 33.0313 35.3357 22.7407 24.4626 22.2597 17.7375 35.4003 24.7436 12.1666 12.0032 7.06166
threshold=0 1 2 0.091259403071267911 25.150000000000002 27.000000000000004 28.250000000000004 50.20000000000001 3 2.0500000000000003 2.5000000000000004 31.150000000000002 12.850000000000003 -0.452744437932114
decision_type=1 1 1 2 2 2 2 2 1 2 2 2 2 2
left_child=2 8 3 12 -5 7 -7 -4 10 -10 -2 13 -1 -3
right_child=1 11 5 4 -6 6 -8 -9 9 -11 -12 -13 -14 -15
leaf_value=-0.01265329468391514 -0.047290410150674131 -0.0038332377401221491 0.009933496625844352 0.010795921981937115 0.051565318799112449 -0.085378156892483223 -0.0085239114331570626 -0.067286243775609406 0.011336797651870824 -0.03854710883153048 0.0034806660542991024 -0.049937958966607583 0.040890434413602156 -0.050678718591775584
leaf_weight=10.4384448826313 26.866238631308079 25.662905015051365 453.21691071987152 354.16492111235857 61.739254862070084 11.375288307666777 65.227096885442734 8.540567606687544 48.048636816442013 131.80797225236893 172.12018135935068 309.00916549563408 282.05819427222013 10.842720344662665
leaf_count=66 204 253 1986 2067 405 49 287 37 295 888 971 4328 2147 125
internal_value=-0.00036209 -0.029186 0.016496 0.0257147 0.0169571 0.00409371 -0.0208897 0.00836294 -0.0135402 -0.0252316 -0.0035764 -0.0453939 0.038943 -0.0187273
internal_weight=1971.12 724.358 1246.76 708.401 415.904 538.36 76.6024 461.757 378.843 179.857 198.986 345.515 292.497 36.5056
internal_count=14108 7064 7044 4685 2472 2359 336 2023 2358 1183 1175 4706 2213 378
cat_boundaries=0 1 2 3 4
cat_threshold=13 2 9 1
is_linear=0
shrinkage=0.05


Tree=39
num_leaves=15
num_cat=1
split_feature=1 32 34 36 39 4 39 44 35 39 19 38 35 37
split_gain=31.5387 25.9259 48.3813 41.2312 26.4089 23.3579 34.818 36.7811 25.7432 15.876 12.8715 11.1561 12.5533 5.88256
threshold=0 29.308928500000004 24.550000000000004 96.500000000000014 18.750000000000004 -0.013976118469459398 25.250000000000004 46.250000000000007 87.955357000000006 19.350000000000005 25.828472500000004 11.730059500000001 66.50892850000001 25.500000000000004
decision_type=1 2 2 2 2 2 2 2 2 2 2 2 2 2
left_child=5 2 3 -2 -4 8 7 -7 10 -10 -1 12 -3 -8
right_child=1 11 4 -5 -6 6 13 -9 9 -11 -12 -13 -14 -15
leaf_value=-0.01088245585564363 -0.024707338467655569 -0.032706485748622061 -0.069458706453246602 0.0024962117613076865 -0.020866692503706378 -0.0024645584122489268 -0.012166833689658575 -0.088687111800436452 -0.049191230031739197 0.004526910183408844 0.023482833441819964 0.03713204450781956 0.020082845622148758 0.040758390152911252
leaf_weight=29.202825754880905 183.82161031290889 16.040318433195353 42.249065484851599 564.77053172141314 83.069576554000378 478.5465225353837 5.3698230162262908 11.699251331388949 20.715995140373707 37.109678462147713 320.0082870721817 42.799620546400547 32.224649894982576 53.188667319715023
leaf_count=214 1302 118 292 4177 580 3461 38 73 152 288 2405 284 238 369
internal_value=-2.04814e-05 -0.0063937 -0.00904372 -0.00420784 -0.0376689 0.0064136 -0.000321911 -0.00469852 0.0154736 -0.0152266 0.0205862 0.0188594 0.00223113 0.0357823
internal_weight=1920.82 964.975 873.911 748.592 125.319 955.841 548.804 490.246 407.037 57.8257 349.211 91.0646 48.265 58.5585
internal_count=13991 6991 6351 5479 872 7000 3941 3534 3059 440 2619 640 356 407
cat_boundaries=0 1
cat_threshold=1
is_linear=0
shrinkage=0.05


Tree=40
num_leaves=15
num_cat=3
split_feature=0 0 0 39 43 5 44 43 33 36 33 5 34 5
split_gain=361.802 66.823 56.6229 30.6654 78.3099 75.7435 18.7851 23.6005 15.9298 26.4024 10.5469 9.23434 8.11845 6.80096
threshold=0 1 2 18.750000000000004 18.850000000000005 0.85561368268953431 41.600000000000001 17.750000000000004 36.95000000000001 96.500000000000014 32.050000000000004 -0.013976481981245098 20.250000000000004 -0.9575230291762723
decision_type=1 1 1 2 2 2 2 2 2 2 2 2 2 2
left_child=2 8 6 5 -5 -4 12 -8 9 -2 13 -10 -1 -3
right_child=1 10 3 4 -6 -7 7 -9 11 -11 -12 -13 -14 -15
leaf_value=0.0056809824445454918 -0.044169519921834599 0.003594131920139658 -0.018546008062444452 0.0049950554736667091 0.044534784848530434 0.037308124909744091 -0.0018309768664246319 0.052707057828867469 -0.0030463433551658758 -0.0095908219612107493 -0.053423314050152437 0.049719017804755274 0.046012545011366111 -0.037860671990516993
leaf_weight=13.602847747504709 68.45836279541254 10.642241194844244 220.28571823239326 443.54147753119469 173.65693578869104 82.646791249513626 60.372293829917908 28.497001349925995 19.215388059616089 273.54191389679909 205.27517556771636 13.443746358156202 205.35185820609331 114.24576608836651
leaf_count=76 588 98 1127 2179 957 418 328 245 91 1621 3218 60 1697 1352
internal_value=-0.000181098 -0.0284789 0.0161714 0.00968237 0.0161741 -0.00323513 0.0345647 0.0160492 -0.0130801 -0.0166211 -0.0449678 0.0195057 0.0435441 -0.0343276
internal_weight=1932.78 704.823 1227.95 920.131 617.198 302.933 307.824 88.8693 374.659 342 330.163 32.6591 218.955 124.888
internal_count=14055 7028 7027 4681 3136 1545 2346 573 2360 2209 4668 151 1773 1450
cat_boundaries=0 1 2 3
cat_threshold=13 2 1
is_linear=0
shrinkage=0.05


Tree=41
num_leaves=15
num_cat=4
split_feature=0 0 0 34 33 36 44 44 32 5 1 34 33 5
split_gain=333.867 67.7894 55.5695 27.8803 98.7611 36.4837 16.0378 27.4648 14.7911 15.8234 9.86665 9.54649 9.47044 6.31094
threshold=0 1 2 24.550000000000004 33.750000000000007 95.500000000000014 41.95000000000001 43.000000000000007 26.542559500000003 0.99138911339924218 3 20.350000000000005 32.050000000000004 -0.97874870457683605
decision_type=1 1 1 2 2 2 2 2 2 2 1 2 2 2
left_child=2 8 6 5 -5 -4 11 -8 10 -10 -2 -1 13 -3
right_child=1 12 3 4 -6 -7 7 -9 9 -11 -12 -13 -14 -15
leaf_value=0.005227868333359257 -0.014834683876905687 0.016754997045373834 -0.0071516470914114354 -0.053927993312304391 0.019614743367611112 0.019713293910618743 -0.039259216033669636 0.030354392864598553 -0.0097758672803987083 0.055626247378447624 -0.05180207967156663 0.045014826657371221 -0.053221978360516876 -0.03713531207337583
leaf_weight=16.590569838881493 38.982555590569973 5.1519196256995192 162.8979666531086 71.606752693653107 122.03980451822281 555.96216225624084 16.929475568234921 67.77409628033638 286.85069581121206 8.5699005052447301 34.558085948228836 201.95206832885742 196.41034007817507 115.94672897458076
leaf_count=96 237 45 747 308 628 2987 96 450 1810 48 247 1716 3224 1402
internal_value=-0.000287051 -0.0279053 0.0154202 0.0089932 -0.00771728 0.0136241 0.0337681 0.0161452 -0.0124138 -0.00769735 -0.0326682 0.042032 -0.0448887 -0.0347242
internal_weight=1902.22 686.47 1215.75 912.507 193.647 718.86 303.246 84.7036 368.961 295.421 73.5406 218.543 317.509 121.099
internal_count=14041 7013 7028 4670 936 3734 2358 546 2342 1858 484 1812 4671 1447
cat_boundaries=0 1 2 3 4
cat_threshold=13 2 1 1
is_linear=0
shrinkage=0.05


Tree=42
num_leaves=15
num_cat=4
split_feature=0 0 0 4 33 1 37 5 31 32 33 33 26 43
split_gain=311.424 67.3101 50.8415 37.7636 33.2485 22.8627 16.9219 16.6021 14.497 12.0638 15.0535 9.98141 9.09516 7.51522
threshold=0 1 2 0.091259403071267911 34.550000000000004 3 67.500000000000014 0.73136292505298039 23.600000000000005 26.530357500000004 33.850000000000001 32.050000000000004 12.050000000000002 29.550000000000004
decision_type=1 1 1 2 2 1 2 2 2 2 2 2 2 2
left_child=2 9 3 8 -5 7 -7 -4 -1 12 -11 13 -2 -3
right_child=1 11 5 4 -6 6 -8 -9 -10 10 -12 -13 -14 -15
leaf_value=-0.0079570683497102879 0.019392620042441536 -0.039935211938680118 0.02158739835336583 0.00084435045097437525 0.029743009257975558 -0.0029913747340083365 -0.051592407559176816 -0.0092426587558775905 0.041528551082537023 0.0016053652140227113 -0.021373006764863145 -0.053029603978976061 -0.036408569412507287 -0.007753854997964842
leaf_weight=15.376692466437815 7.5962409973144522 96.522453241050243 188.98955810070038 208.63620410114527 189.43152513355017 266.52373549342155 18.214176654815674 56.071985796093941 260.32807348668575 179.00770254433155 117.29025992751122 188.21976603195071 64.090270705521107 22.968369536101818
leaf_count=120 46 1221 914 1249 1195 1106 76 249 2115 1075 799 3237 432 249
internal_value=-0.000112465 -0.0270237 0.0151046 0.024188 0.0146366 0.0032957 -0.00626997 0.0145243 0.0387498 -0.0117218 -0.00753197 -0.0442868 -0.0303102 -0.033865
internal_weight=1879.27 675.695 1203.57 673.772 398.068 529.799 284.738 245.062 275.705 367.984 296.298 307.711 71.6865 119.491
internal_count=14083 7059 7024 4679 2444 2345 1182 1163 2235 2352 1874 4707 478 1470
cat_boundaries=0 1 2 3 4
cat_threshold=13 2 9 1
is_linear=0
shrinkage=0.05


Tree=43
num_leaves=15
num_cat=3
split_feature=0 0 0 39 5 43 6 5 37 43 33 33 34 43
split_gain=282.101 66.8388 54.4641 30.2542 71.5923 61.5227 14.8354 20.3361 13.2369 13.9686 12.4521 10.7364 9.62822 8.41792
threshold=0 1 2 18.750000000000004 0.85561368268953431 17.900000000000002 2.5000000000000004 -0.4831374111459158 66.500000000000014 0.15000000000000005 31.850000000000005 32.050000000000004 24.550000000000004 29.550000000000004
decision_type=1 1 1 2 2 2 2 2 2 2 2 2 2 2
left_child=2 8 6 4 -4 -5 7 -1 9 -2 -10 13 -8 -3
right_child=1 11 3 5 -6 -7 12 -9 10 -11 -12 -13 -14 -15
leaf_value=-0.02949253655189913 -0.054636359526858448 -0.038962920866426318 -0.019516723417962553 0.0041667757719041692 0.035632133957692005 0.038602615449572796 0.047156039842668244 0.029901620784680595 -0.053251820687433095 -0.0053833505639394831 0.012210242734643877 -0.052841837714532207 0.020484633759089554 -0.0039641361718990914
leaf_weight=18.239624261856079 14.116396285593508 94.770327936857939 216.42881426215172 417.30907632410526 79.69952093064785 187.38751377910376 163.9897121116519 57.50334107875824 30.052562206983566 311.89971286058426 9.0560459047555906 178.0143909715116 45.450502201914787 21.231810986995697
leaf_count=119 119 1237 1117 2065 411 1067 1466 407 204 1967 56 3209 330 231
internal_value=0.000130384 -0.0258457 0.0146707 0.00838675 -0.00460408 0.0148841 0.0334715 0.015401 -0.0107442 -0.00767654 -0.0381668 -0.0435356 0.0414929 -0.0326457
internal_weight=1845.15 659.141 1186.01 900.825 296.128 604.697 285.183 75.743 365.125 326.016 39.1086 294.017 209.44 116.002
internal_count=14005 7023 6982 4660 1528 3132 2322 526 2346 2086 260 4677 1796 1468
cat_boundaries=0 1 2 3
cat_threshold=13 2 1
is_linear=0
shrinkage=0.05


Tree=44
num_leaves=15
num_cat=3
split_feature=0 0 0 6 5 39 39 44 44 33 25 33 38 4
split_gain=258.183 58.7129 51.217 31.4577 39.005 22.8796 34.6362 26.3682 18.8411 12.8664 12.4561 18.2842 16.3432 7.71316
threshold=0 1 2 2.5000000000000004 -0.83375966452616657 25.250000000000004 23.150000000000002 52.000000000000007 48.050000000000004 31.150000000000002 7.0875000000000012 37.100000000000009 5.9392855000000013 -0.452744437932114
decision_type=1 1 1 2 2 2 2 2 2 2 2 2 2 2
left_child=2 10 3 4 -1 6 -4 -7 -5 13 12 -12 -2 -3
right_child=1 9 5 8 -6 7 -8 -9 -10 -11 11 -13 -14 -15
leaf_value=-0.054298199776306025 -0.033460193342902948 0.0014638561083958417 0.0042291903540080129 0.032537504258818704 0.014108869457587435 0.045598400399874367 -0.031514162041924997 -0.054371210658839146 -0.0038582323847146621 -0.048101886784352926 -0.023440202960198178 0.018569596101168755 0.010815871187132085 -0.049397517740402193
leaf_weight=23.144581168889999 25.583167612552643 23.567945875227451 389.78153313696384 439.4500727429986 151.42428175359964 46.88651168346405 81.002614974975586 6.7871022820472708 38.464185975492001 250.81968684494495 212.02298931032419 28.73311710357666 95.520193092525005 9.8653408512473089
leaf_count=111 154 260 1734 3390 933 216 357 30 231 4302 1473 136 585 134
internal_value=-0.00057753 -0.0257193 0.0133399 0.0226357 0.00478175 0.00154746 -0.00197453 0.0321939 0.0296063 -0.0427219 -0.0114968 -0.0183705 0.00126509 -0.0145428
internal_weight=1823.05 646.112 1176.94 652.483 174.569 524.458 470.784 53.6736 477.914 284.253 361.859 240.756 121.103 33.4333
internal_count=14046 7044 7002 4665 1044 2337 2091 246 3621 4696 2348 1609 739 394
cat_boundaries=0 1 2 3
cat_threshold=13 2 9
is_linear=0
shrinkage=0.05


Tree=45
num_leaves=15
num_cat=3
split_feature=0 0 0 39 43 38 43 31 37 43 4 33 43 39
split_gain=255.765 60.0934 52.0375 26.3256 47.4661 37.4409 13.4492 13.5346 11.9064 13.1082 11.946 10.1204 5.46134 4.2294
threshold=0 1 2 20.000000000000004 18.850000000000005 6.8250000000000011 17.750000000000004 41.95000000000001 66.500000000000014 0.15000000000000005 -0.34235669412071196 32.050000000000004 29.550000000000004 14.550000000000002
decision_type=1 1 1 2 2 2 2 2 2 2 2 2 2 2
left_child=2 8 6 5 -5 -4 7 -1 9 -2 -10 12 -3 -8
right_child=1 11 3 4 -6 -7 13 -9 10 -11 -12 -13 -14 -15
leaf_value=0.03187778285917494 -0.054135936288990417 -0.037750357320292402 0.015724038203219388 0.0063740418408440302 0.041604737341129808 -0.015062873800769407 -0.0068783100528174816 -0.004250694435474235 -0.048794421287526112 -0.0058355933883931206 0.029328947076574154 -0.052519833200398616 -0.0092268358307867858 0.051748276138185889
leaf_weight=153.93370160460472 13.758385121822355 86.672694176435471 173.53314286470413 369.47454848885536 128.21035820990801 226.46323852241039 2.9600990638136855 30.869335561990738 32.171412862837315 302.95992859452963 5.0547569766640654 164.71151953190565 21.717237673699856 86.517113476991653
leaf_count=1280 121 1209 938 1867 755 1140 27 173 226 1938 31 3246 246 855
internal_value=6.90137e-05 -0.0254467 0.01383 0.00776433 0.0155152 -0.00170047 0.0326174 0.0258525 -0.0109982 -0.00809757 -0.0376967 -0.0430213 -0.0321719 0.0497542
internal_weight=1799.01 627.046 1171.96 897.681 497.685 399.996 274.28 184.803 353.944 316.718 37.2262 273.101 108.39 89.4772
internal_count=14052 7017 7035 4700 2622 2078 2335 1453 2316 2059 257 4701 1455 882
cat_boundaries=0 1 2 3
cat_threshold=13 2 1
is_linear=0
shrinkage=0.05


Tree=46
num_leaves=13
num_cat=3
split_feature=0 0 4 44 1 4 2 38 33 5 20 33
split_gain=228.397 91.412 28.6232 34.1155 27.3695 37.4755 24.6606 10.6004 10.3708 7.56838 7.69076 5.84815
threshold=0 1 0.039769539193789956 41.95000000000001 2 -0.55657520495441892 2.5000000000000004 6.112797500000001 32.050000000000004 -0.95242240592625282 31.550000000000004 31.150000000000002
decision_type=1 1 2 2 1 2 2 2 2 2 2 2
left_child=8 2 7 -4 6 -6 -3 -2 9 10 -1 -11
right_child=1 4 3 -5 5 -7 -8 -9 -10 11 -12 -13
leaf_value=-0.01832866621830067 0.0082317366977319589 -0.020620771319983869 0.021729422549913949 -0.011726027042773982 -0.035760458173547741 -0.0033416643271366505 0.010923903074315049 0.038952279914771563 -0.052363559151313022 -0.016814195371316735 0.069326759617705402 -0.044096359134414592
leaf_weight=7.1181815564632398 33.03683552891016 73.99867756664753 295.12840504199266 101.88150072097778 121.48602676391602 328.38717873394489 356.29509124159813 212.89679656922817 157.91073090955615 30.421592488884926 2.6405280828475952 65.492084097117186
leaf_count=76 292 422 1998 568 637 1722 1905 1867 3260 372 29 979
internal_value=-0.000538125 0.00698511 0.0211643 0.0131361 -0.00350589 -0.0121561 0.00546385 0.0348756 -0.0425297 -0.0314683 0.00962853 -0.0357059
internal_weight=1786.69 1523.11 642.944 397.01 880.167 449.873 430.294 245.934 263.583 105.672 9.75871 95.9137
internal_count=14127 9411 4725 2566 4686 2359 2327 2159 4716 1456 105 1351
cat_boundaries=0 1 2 3
cat_threshold=48 9 1
is_linear=0
shrinkage=0.05


Tree=47
num_leaves=15
num_cat=1
split_feature=1 5 39 43 34 35 34 39 44 5 44 44 44 36
split_gain=29.2353 27.6448 40.7755 40.9541 35.3939 34.9435 22.9276 17.3316 30.1235 16.6763 16.2155 10.0216 8.11365 3.23227
threshold=0 0.83258597624099873 18.750000000000004 18.850000000000005 24.450000000000003 62.229166500000012 20.150000000000002 25.350000000000005 48.050000000000004 0.91852788691372023 38.70000000000001 32.95000000000001 54.550000000000004 99.500000000000014
decision_type=1 2 2 2 2 2 2 2 2 2 2 2 2 2
left_child=6 2 4 -4 -2 10 9 8 -8 -1 -3 -7 -9 -11
right_child=1 5 3 -5 -6 11 7 12 -10 13 -12 -13 -14 -15
leaf_value=-0.092502146005290747 -0.017462347576450953 0.0085737870023976839 -0.012487163991399548 0.017692914722233694 -0.065079345099921596 0.010818649883952191 0.0070452144553847769 0.034488212205799028 -0.049815325559256808 0.0042565509775938292 -0.080604856444620232 0.039353939139038174 -0.020176866473795955 -0.038101131665905771
leaf_weight=8.4548407159745711 161.62345858290792 7.9920256808400181 365.06960976868868 161.24435509368777 50.993891973048449 76.31921723112464 740.90155490487814 73.032956514507532 23.057077750563622 12.76421580836177 12.263755984604357 51.843429230153561 6.8262329138815394 5.8187434673309317
leaf_count=62 1300 60 2824 1355 381 613 6039 561 166 97 86 410 45 43
internal_value=-0.000370656 -0.00675416 -0.0107093 -0.00322502 -0.0291339 0.012877 0.00613404 0.00760377 0.00526623 -0.0383699 -0.0466709 0.0225769 0.0296238 -0.0102749
internal_weight=1758.21 887.35 738.931 526.314 212.617 148.418 870.856 843.818 763.959 27.0378 20.2558 128.163 79.8592 18.583
internal_count=14042 7029 5860 4179 1681 1169 7013 6811 6205 202 146 1023 606 140
cat_boundaries=0 1
cat_threshold=1
is_linear=0
shrinkage=0.05


Tree=48
num_leaves=13
num_cat=3
split_feature=0 0 4 33 1 4 2 33 34 38 5 5
split_gain=209.413 83.5232 31.5753 34.1425 23.4605 31.0031 20.5101 11.8848 10.19 7.30439 7.38701 6.26213
threshold=0 1 0.074116354202380164 34.550000000000004 2 -0.54220184589352438 9.5000000000000018 32.050000000000004 24.850000000000005 5.8008925000000007 0.26659387353423863 -0.95242240592625282
decision_type=1 1 2 2 1 2 2 2 2 2 2 2
left_child=7 2 8 -4 6 -6 -3 9 -2 10 -1 -11
right_child=1 4 3 -5 5 -7 -8 -9 -10 11 -12 -13
leaf_value=-0.042101594404898572 0.037604312058847719 -0.0005655533168748252 -0.0021326420295237985 0.027693111495356068 -0.032651675354966984 -0.0031736690491217081 0.026208454476046941 -0.052209537030485177 -0.0026498254681580889 0.0031078913307318111 0.039854795578435513 -0.038287236099496184
leaf_weight=3.38712380081415 227.71143180131912 343.82799894362688 204.64856012910604 179.43309213966131 122.32953058183193 323.21937277913094 89.304822996258736 149.4649418219924 16.745539247989655 10.071313165128229 6.4724046140909195 84.280296124517918
leaf_count=45 2120 1870 1284 1203 647 1697 471 3237 80 106 88 1232
internal_value=-0.000423291 0.00673653 0.0205018 0.0118369 -0.00324178 -0.0113221 0.00500246 -0.0414595 0.0348473 -0.0296321 0.0104154 -0.0338824
internal_weight=1760.9 1507.22 628.539 384.082 878.682 445.549 433.133 253.676 244.457 104.211 9.85953 94.3516
internal_count=14080 9372 4687 2487 4685 2344 2341 4708 2200 1471 133 1338
cat_boundaries=0 1 2 3
cat_threshold=48 9 1
is_linear=0
shrinkage=0.05


Tree=49
num_leaves=15
num_cat=3
split_feature=0 0 0 34 34 36 6 5 33 4 38 33 34 5
split_gain=194.041 50.3586 42.8175 21.2618 81.671 31.9956 15.4575 25.5844 12.754 11.9772 11.6591 11.1295 8.69585 6.5065
threshold=0 1 2 24.550000000000004 25.150000000000002 96.500000000000014 2.5000000000000004 -0.4831374111459158 32.050000000000004 0.99374995976406788 11.363690500000002 33.850000000000001 24.550000000000004 -0.95242240592625282
decision_type=1 1 1 2 2 2 2 2 2 2 2 2 2 2
left_child=2 9 6 5 -5 -4 7 -1 13 11 -11 -2 -8 -3
right_child=1 8 3 4 -6 -7 12 -9 -10 10 -12 -13 -14 -15
leaf_value=-0.038283391755620011 -0.0064446614989947526 0.0077293678587087578 -0.0060657642256033012 -0.035906262094573406 0.03086537786416373 0.017326419228091056 0.043537865457125791 0.027936751903153846 -0.052059916378399046 -0.011435774902146307 0.074998053856952671 -0.026188708330036184 0.017361719285001211 -0.032623300755575443
leaf_weight=18.878124266862869 234.06940465420485 10.835074596107004 207.65574827045202 110.74347701668739 76.644143268465996 489.40400186926126 147.14152508229017 54.140947051346302 141.46360901743174 7.2325579077005369 6.9266666173934937 102.32313446700573 42.788468867540359 90.167311675846577
leaf_count=123 1493 114 981 511 422 2800 1488 410 3213 52 41 735 332 1347
internal_value=-0.000238236 -0.023211 0.0117447 0.00627118 -0.00857686 0.0103591 0.0291641 0.0105305 -0.040634 -0.0102904 0.0330056 -0.0125102 0.0377626 -0.0282611
internal_weight=1740.41 593.018 1147.4 884.447 187.388 697.06 262.949 73.0191 242.466 350.552 14.1592 336.393 189.93 101.002
internal_count=14062 6995 7067 4714 933 3781 2353 533 4674 2321 93 2228 1820 1461
cat_boundaries=0 1 2 3
cat_threshold=13 2 1
is_linear=0
shrinkage=0.05


Tree=50
num_leaves=13
num_cat=2
split_feature=0 0 37 34 33 40 34 43 33 38 39 44
split_gain=176.594 72.0909 31.7675 50.0358 33.0935 22.7868 36.0742 26.7219 14.0794 7.20675 13.9841 6.44186
threshold=0 1 32.500000000000007 24.450000000000003 37.100000000000009 2.1500000000000008 20.350000000000005 18.050000000000004 32.050000000000004 6.4422620000000004 17.850000000000005 52.750000000000007
decision_type=1 1 2 2 2 2 2 2 2 2 2 2
left_child=8 2 4 -4 -2 6 -3 -7 9 10 -1 -11
right_child=1 5 3 -5 -6 7 -8 -9 -10 11 -12 -13
leaf_value=-0.037517117051795834 -0.015682788731984462 -0.041365127755988794 0.035788848956621079 0.00083895471423840848 0.046913814288858019 -0.016497002209071503 0.021482675535125093 0.0032413265749598285 -0.051919314609469691 -0.037147419195484435 0.039406632277348169 0.02253989016609112
leaf_weight=11.448424015194179 101.39730335772038 25.731723383069038 339.12784545868635 146.59219896793365 25.602538637816906 367.97769599407911 157.40113394707441 319.81389058381319 134.81854673475027 73.00048191845417 10.246083140373228 4.1727154105901709
leaf_count=175 607 145 2975 945 172 1989 829 1715 3211 1098 142 51
internal_value=-0.000302087 0.00614776 0.0191412 0.0252642 -0.0027957 -0.00311823 0.0124753 -0.00732756 -0.0396745 -0.0265971 -0.0010513 -0.0336731
internal_weight=1717.33 1483.64 612.72 485.72 127 870.924 183.133 687.792 233.686 98.8677 21.6945 77.1732
internal_count=14054 9377 4699 3920 779 4678 974 3704 4677 1466 317 1149
cat_boundaries=0 1 2
cat_threshold=48 9
is_linear=0
shrinkage=0.05


Tree=51
num_leaves=15
num_cat=3
split_feature=0 0 0 39 24 43 44 44 33 37 43 33 34 5
split_gain=172.136 46.541 40.9915 25.8289 62.4503 60.2365 14.7188 18.9709 13.2111 11.3447 15.091 11.2214 9.44801 7.88363
threshold=0 1 2 18.750000000000004 57.500000000000007 17.900000000000002 41.95000000000001 43.000000000000007 32.050000000000004 66.500000000000014 20.600000000000005 31.850000000000005 20.350000000000005 -0.95242240592625282
decision_type=1 1 1 2 2 2 2 2 2 2 2 2 2 2
left_child=2 9 6 4 -4 -5 12 -8 13 10 -2 -11 -1 -3
right_child=1 8 3 5 -6 -7 7 -9 -10 11 -12 -13 -14 -15
leaf_value=-0.00025299271752594839 -0.013441350951735365 0.01471104210071719 0.022354904854661226 0.0016018799066733235 -0.024791244794771246 0.036496883815943869 -0.038113946801644004 0.023806248150813725 -0.05178785482762064 -0.050151269517990198 0.011332877792260341 0.014330414283463641 0.041055482721621482 -0.031567878571399199
leaf_weight=15.088401652872561 232.91584845632315 9.698463559150694 115.87042242288589 407.16019766032696 175.14243686944246 176.68682478368282 14.805377312004564 56.525485582649708 128.86972694098949 28.901057697832584 82.524136282503605 8.2226453423500043 164.95413641631603 86.630780704319477
leaf_count=99 1585 105 607 2066 944 1090 90 435 3216 213 501 54 1712 1356
internal_value=3.60111e-05 -0.0219097 0.011397 0.00607847 -0.00600714 0.0122063 0.0288761 0.0106049 -0.0395201 -0.00980568 -0.00694469 -0.0358678 0.0376114 -0.0268052
internal_weight=1704 577.763 1126.23 874.86 291.013 583.847 251.373 71.3309 225.199 352.564 315.44 37.1237 180.043 96.3292
internal_count=14073 7030 7043 4707 1551 3156 2336 525 4677 2353 2086 267 1811 1461
cat_boundaries=0 1 2 3
cat_threshold=13 2 1
is_linear=0
shrinkage=0.05


Tree=52
num_leaves=13
num_cat=3
split_feature=0 0 43 5 1 4 2 43 33 39 39 38
split_gain=159.74 58.8844 26.812 39.7432 24.8916 32.793 23.9347 21.7481 13.6166 6.70627 23.053 0.923962
threshold=0 1 17.900000000000002 -0.85225707553516283 2 -0.57078386445773377 2.5000000000000004 56.500000000000007 32.050000000000004 17.850000000000005 18.250000000000004 5.6827385000000001
decision_type=1 1 2 2 1 2 2 2 2 2 2 2
left_child=8 2 3 -2 6 -6 -3 -4 9 11 -11 -1
right_child=1 4 7 -5 5 -7 -8 -9 -10 10 -12 -13
leaf_value=-0.013064371961141795 -0.025983208492050616 -0.019724834095296143 0.036879131389666572 0.017552675259686637 -0.033350638850691811 -0.0025238514140065059 0.011554156541261974 -0.057331213895347101 -0.051660033677942231 0.075254710659212173 -0.025898417945713917 -0.049613091427520989
leaf_weight=2.7760786227881935 60.869552940130234 72.907969355583191 182.10678871721029 345.00594951212406 116.52463423460722 325.12037072330713 354.8740841448307 5.4753246009349814 123.20075223222375 5.2109211944043627 62.943926233798265 24.872981332242489
leaf_count=43 372 417 1714 2550 626 1725 1917 26 3224 74 963 410
internal_value=-0.000106417 0.00594262 0.0179456 0.0109757 -0.00237226 -0.0107142 0.00618963 0.0338398 -0.0388593 -0.0260487 -0.0171882 -0.0465276
internal_weight=1681.89 1462.88 593.458 405.876 869.427 441.645 427.782 187.582 219.005 95.8039 68.1548 27.6491
internal_count=14061 9347 4662 2922 4685 2351 2334 1740 4714 1490 1037 453
cat_boundaries=0 1 2 3
cat_threshold=48 9 1
is_linear=0
shrinkage=0.05


Tree=53
num_leaves=15
num_cat=2
split_feature=0 0 34 33 37 33 44 33 43 4 4 38 5 5
split_gain=152.625 68.753 29.8828 81.9755 40.4301 18.0243 24.9773 13.8337 12.9596 7.66042 12.24 7.07151 7.4647 4.6537
threshold=0 1 24.550000000000004 33.750000000000007 32.500000000000007 36.050000000000004 48.800000000000004 31.150000000000002 1.3500000000000003 -0.452744437932114 -0.97113884758256674 5.7779760000000016 0.26659387353423863 -0.9575230291762723
decision_type=1 1 2 2 2 2 2 2 2 2 2 2 2 2
left_child=7 2 4 -4 -2 6 -3 9 -7 10 -1 12 -9 -13
right_child=1 5 3 -5 -6 8 -8 11 -10 -11 -12 13 -14 -15
leaf_value=-0.046422700751798267 -0.0011551893345968921 -0.0041882258733565063 -0.044202703587029241 0.031329137228026972 0.034125851103470058 0.029307548407706621 -0.053407316583701431 -0.044108478426722213 -0.0062647257969361964 -0.047129936131209055 0.033746906687576531 -0.024282677128378137 0.033460138426205675 -0.051035365251073772
leaf_weight=5.9478853046894118 106.88006567955017 729.26114142686129 61.059856459498405 84.292507395148277 336.12994340062141 66.600279085338116 25.734854511916637 5.0940348729491216 40.728019788861275 7.5278682783246031 14.25033763051033 21.290452100336552 5.3319361545145512 151.13366472348571
leaf_count=83 643 3936 323 631 3095 341 147 113 224 129 176 442 84 3688
internal_value=-1.78106e-05 0.00584434 0.0188686 -0.000485628 0.0256306 -0.00316784 -0.00593434 -0.0386874 0.0158757 -0.00730367 0.00906265 -0.0454849 -0.00498261 -0.0478911
internal_weight=1661.26 1450.69 588.362 145.352 443.01 862.324 754.996 210.576 107.328 27.7261 20.1982 182.85 10.426 172.424
internal_count=14055 9340 4692 954 3738 4648 4083 4715 565 388 259 4327 197 4130
cat_boundaries=0 1 2
cat_threshold=48 9
is_linear=0
shrinkage=0.05


Tree=54
num_leaves=15
num_cat=2
split_feature=0 0 37 34 33 33 36 33 40 38 4 4 35 5
split_gain=140.329 50.8331 23.4237 43.8934 25.802 21.2673 39.265 13.4427 12.3807 7.88894 9.49353 7.48829 11.6165 3.81472
threshold=0 1 32.500000000000007 24.550000000000004 37.100000000000009 36.350000000000001 96.500000000000014 31.150000000000002 2.7500000000000004 5.9175595000000003 -0.86976336936302323 -0.452744437932114 87.479166500000005 -0.95242240592625282
decision_type=1 1 2 2 2 2 2 2 2 2 2 2 2 2
left_child=7 2 4 -4 -2 6 -3 11 -7 10 -9 12 -1 -11
right_child=1 5 3 -5 -6 8 -8 9 -10 13 -12 -13 -14 -15
leaf_value=0.047580559001994718 -0.013427892783597031 -0.026528292449554888 0.03199496622454464 -0.0027543284059015141 0.043249703687078193 0.031383321337713849 0.00084191072129066985 0.033500819634009395 -0.0054243756690771959 -0.026256821006073346 -0.045734740161869361 -0.046946284104113799 -0.024978775359746019 -0.051151959293328289
leaf_weight=9.2463894635438972 99.823843583464622 166.35799207538366 326.57712028175592 125.55754602700472 24.076365031301975 67.52949333935976 603.49476666748524 6.4601069688796997 33.87771587818861 21.086480541154742 6.6957209669053537 7.4314274676144114 11.014760680496691 139.91221767291427
leaf_count=110 599 982 3072 811 169 344 3198 96 182 439 157 132 148 3588
internal_value=-0.000124035 0.00541292 0.0168013 0.0223603 -0.00215617 -0.00223211 -0.00509928 -0.0380475 0.0191539 -0.0450454 -0.00720849 -0.00726353 0.0088149 -0.0480736
internal_weight=1649.14 1447.29 576.035 452.135 123.9 871.26 769.853 201.847 101.407 174.155 13.1558 27.6926 20.2612 160.999
internal_count=14027 9357 4651 3883 768 4706 4180 4670 526 4280 253 390 258 4027
cat_boundaries=0 1 2
cat_threshold=48 9
is_linear=0
shrinkage=0.05


Tree=55
num_leaves=13
num_cat=3
split_feature=0 0 22 1 43 35 33 39 39 39 43 38
split_gain=131.595 50.858 25.4269 24.3159 16.2139 18.4723 13.5647 13.0613 6.40557 15.6363 5.79656 0.785465
threshold=0 1 88.270833500000023 2 17.750000000000004 83.410714500000026 32.050000000000004 19.350000000000005 17.850000000000005 18.250000000000004 56.500000000000007 5.6827385000000001
decision_type=1 1 2 1 2 2 2 2 2 2 2 2
left_child=6 4 3 -3 5 -2 8 -4 11 -10 -6 -1
right_child=1 2 7 -5 10 -7 -8 -9 9 -11 -12 -13
leaf_value=-0.01427297278038079 0.028017107727528207 0.010557038702637788 -0.047508406188489588 -0.0041193162888848922 0.049537751251869794 -0.010488589129419799 -0.051313262006160987 -0.0060616052593943232 0.057191479277236772 -0.023511040082205004 -0.02090396226691757 -0.048739934372836892
leaf_weight=2.8911109827458885 122.08230201900005 552.4915395155549 37.002847954630852 575.03099021315575 69.921215858310461 41.102632112801075 106.45052568055689 38.703115604817867 5.7417264133691779 56.799211703240871 2.5232866257429114 21.838631052523851
leaf_count=45 1063 3255 218 3305 881 384 3193 257 75 942 13 400
internal_value=0.000131625 0.0054286 0.00117297 0.00307515 0.0261382 0.0183136 -0.0373956 -0.0266748 -0.0242667 -0.0153185 0.046833 -0.0454218
internal_weight=1632.58 1438.86 1203.23 1127.52 235.629 163.185 193.721 75.706 87.2707 62.5409 72.4445 24.7297
internal_count=14031 9376 7035 6560 2341 1447 4655 475 1462 1017 894 445
cat_boundaries=0 1 2 3
cat_threshold=48 1 1
is_linear=0
shrinkage=0.05


Tree=56
num_leaves=13
num_cat=3
split_feature=0 0 35 1 39 43 5 33 39 5 33 38
split_gain=123.244 39.4639 25.7745 26.092 23.9324 15.8973 28.5411 14.089 9.00851 6.93161 6.8092 1.98845
threshold=0 1 88.366071500000018 2 21.250000000000004 17.750000000000004 -0.85225707553516283 32.050000000000004 14.550000000000002 -0.97874870457683605 31.150000000000002 9.3178575000000023
decision_type=1 1 2 1 2 2 2 2 2 2 2 2
left_child=7 5 3 -3 -4 6 -2 9 -7 11 -11 -1
right_child=1 2 4 -5 -6 8 -8 -9 -10 10 -12 -13
leaf_value=-0.0029556891396093415 -0.030034603635055203 0.010467546241166744 -0.076550779091198076 -0.004508401797326902 0.0018013731199306776 -0.03452407142781428 0.025258638925350088 -0.051204127230488387 0.047995674167545729 -0.0055298514495650177 -0.036382072519393294 0.060171496834050056
leaf_weight=1.958108402788638 27.287108801305294 571.36947071552277 19.046600267291069 590.45988655090332 18.879725970327854 2.7892069146037093 135.10510269924998 101.99380481801927 67.862849827855825 26.722826797515154 55.674319818615913 2.0533390492200851
leaf_count=22 189 3373 112 3404 134 28 1264 3208 881 389 1045 20
internal_value=0.000169258 0.00525594 0.00150814 0.0028592 -0.0385028 0.0236127 0.0158406 -0.0366794 0.0443016 -0.0233415 -0.0265624 0.0349162
internal_weight=1621.2 1432.8 1199.76 1161.83 37.9263 233.044 162.392 188.402 70.6521 86.4086 82.3971 4.01145
internal_count=14069 9385 7023 6777 246 2362 1453 4684 909 1476 1434 42
cat_boundaries=0 1 2 3
cat_threshold=48 1 1
is_linear=0
shrinkage=0.05


Tree=57
num_leaves=15
num_cat=1
split_feature=1 5 35 32 43 34 35 33 34 5 44 34 26 38
split_gain=29.6226 31.7672 41.4441 33.4402 50.7844 21.3185 18.6065 29.7029 17.25 16.2059 17.3964 14.9348 10.5369 10.1135
threshold=0 0.83258597624099873 62.229166500000012 29.308928500000004 13.550000000000002 21.050000000000004 87.824405000000013 32.050000000000004 23.450000000000003 0.91511078773075505 34.400000000000013 22.650000000000002 20.250000000000004 11.730059500000001
decision_type=1 2 2 2 2 2 2 2 2 2 2 2 2 2
left_child=5 3 11 4 -2 9 7 -7 -8 10 -1 -3 -4 -5
right_child=1 2 12 13 -6 6 8 -9 -10 -11 -12 -13 -14 -15
leaf_value=-0.083205090280631763 -0.034546975063474032 -0.074885586033380538 0.019575322297169673 0.0022950619329903275 -0.0043952622928854646 0.029976196977621557 -0.055539444634628836 0.0054485585740022503 0.00070619164437581963 0.0010006388671592841 -0.0084989095661466615 0.021030420813086485 0.062193949745560008 0.03785876872016293
leaf_weight=14.838383099064233 221.1799736097455 14.705400759354236 101.94021643698215 43.478119427338243 376.90489878132939 163.6055978089571 18.77518293634057 496.02728650160134 43.799977324903011 42.947964670136571 15.840760750696061 4.9707236383110276 16.381408020853996 36.224081628024578
leaf_count=120 1868 111 894 374 3331 1454 165 4339 399 368 130 40 140 282
internal_value=-0.000385121 -0.0070762 0.0147165 -0.0115284 -0.0155848 0.00647396 0.00909236 0.0115682 -0.016778 -0.0189876 -0.0461175 -0.0508094 0.0259476 0.0187273
internal_weight=1611.62 815.785 137.998 677.787 598.085 795.835 722.208 659.633 62.5752 73.6271 30.6791 19.6761 118.322 79.7022
internal_count=14015 7040 1185 5855 5199 6975 6357 5793 564 618 250 151 1034 656
cat_boundaries=0 1
cat_threshold=1
is_linear=0
shrinkage=0.05


Tree=58
num_leaves=14
num_cat=3
split_feature=0 0 34 34 26 34 33 34 39 32 44 39 1
split_gain=115.776 31.2125 26.8265 83.5325 46.6693 29.053 14.986 12.9807 19.8253 11.0858 12.188 7.21061 6.70846
threshold=0 1 25.250000000000004 24.550000000000004 16.850000000000005 20.350000000000005 32.050000000000004 25.650000000000002 19.450000000000003 26.530357500000004 28.250000000000004 17.850000000000005 2
decision_type=1 1 2 2 2 2 2 2 2 2 2 2 1
left_child=2 9 3 5 -5 -1 11 -4 -9 12 -11 -3 -2
right_child=1 6 7 4 -6 -7 -8 8 -10 10 -12 -13 -14
leaf_value=-0.02093504287052492 -0.013844131102348167 -0.044879268935669174 0.064801188626389852 -0.0745896995640144 -0.011013048835575434 0.015818399549156519 -0.051095658222538698 -0.087816009835961842 0.029901066599925433 0.042256974507040392 -0.0077844838774986189 -0.012401132606092507 -0.046285769231792749
leaf_weight=56.879777520895004 37.795651741325855 23.533002037554979 26.951525680720806 36.775643736124039 124.39295127987862 782.94555562734604 97.588228054344654 2.8925510868430129 48.77979338914156 11.755563244223593 268.95072919130325 60.52801213786006 28.260468803346157
leaf_count=307 243 446 172 185 667 5327 3229 17 346 71 1781 1007 239
internal_value=-0.000252931 -0.0191974 0.00912176 0.00697651 -0.0258905 0.0133072 -0.035824 0.0371488 0.0217693 -0.00965404 -0.00554626 -0.0219142 -0.0282068
internal_weight=1608.03 528.412 1079.62 1000.99 161.169 839.825 181.649 78.6239 51.6723 346.762 280.706 84.061 66.0561
internal_count=14037 7016 7021 6486 852 5634 4682 535 363 2334 1852 1453 482
cat_boundaries=0 1 2 3
cat_threshold=13 2 1
is_linear=0
shrinkage=0.05


Tree=59
num_leaves=12
num_cat=2
split_feature=0 0 33 44 5 44 39 33 5 41 34
split_gain=106.173 41.244 22.6113 36.567 18.8727 16.3643 19.5562 14.1137 12.8643 6.51531 27.6335
threshold=0 1 37.100000000000009 46.600000000000001 -0.013976481981245098 41.600000000000001 25.250000000000004 32.050000000000004 -0.46800559042974538 41.95000000000001 22.950000000000003
decision_type=1 1 2 2 2 2 2 2 2 2 2
left_child=7 5 3 -3 -4 8 -7 9 -2 -1 -11
right_child=1 2 4 -5 -6 6 -8 -9 -10 10 -12
leaf_value=-0.04961780373745777 0.013041315175482302 0.0017938946757744584 0.0085476061150384763 -0.030908810491256235 0.060309052773819621 -0.014438026996452032 0.03881127032398099 -0.050987857539288167 0.044287554745674799 0.070121984732454998 -0.026542354148035248
leaf_weight=16.192147944122553 50.074279215186834 1025.6502615883946 50.182418890297413 92.243892475962639 26.475270919501781 45.983659442514181 26.261956389993429 92.481468915939331 101.84630800783634 7.4856912046670905 57.815212346613407
leaf_count=345 547 6072 284 539 139 362 216 3209 1206 114 980
internal_value=4.34396e-05 0.00465459 0.000874404 -0.000929807 0.0269709 0.0238155 0.0051842 -0.0356023 0.0341412 -0.0220515 -0.0145709
internal_weight=1592.69 1418.72 1194.55 1117.89 76.6577 224.166 72.2456 173.975 151.921 81.4931 65.3009
internal_count=14013 9365 7034 6611 423 2331 578 4648 1753 1439 1094
cat_boundaries=0 1 2
cat_threshold=48 1
is_linear=0
shrinkage=0.05


Tree=60
num_leaves=13
num_cat=3
split_feature=0 0 1 5 5 43 5 33 39 43 39 5
split_gain=107.141 38.093 21.6625 32.7523 21.5544 14.9206 27.146 11.3436 7.03245 6.2505 5.58148 3.71232
threshold=0 1 2 0.84199059757024453 0.71952396275653763 17.750000000000004 -0.85225707553516283 32.050000000000004 14.550000000000002 29.550000000000004 21.650000000000002 -0.99052477729077237
decision_type=1 1 1 2 2 2 2 2 2 2 2 2
left_child=7 5 4 -4 -3 6 -2 9 -7 11 -11 -1
right_child=1 2 3 -5 -6 8 -8 -9 -10 10 -12 -13
leaf_value=0.035019794497842135 -0.029159946373357823 0.012814123852346412 -0.010860027388170733 0.020283909951296711 -0.010199107646231626 -0.029773784887559836 0.025107922222107185 -0.050886039038752828 0.047262002266406714 0.024249972019330324 -0.029744947295747448 -0.033550347419686592
leaf_weight=1.2614149078726757 27.157216668128967 460.14626441150904 507.39378654956818 100.27449137717485 129.7373401299119 2.460500579327344 128.4011856354773 88.210446765646338 63.20304149761796 10.439249936491253 7.232080250978469 62.94663542509079
leaf_count=13 182 2750 2952 575 776 26 1261 3211 872 142 106 1216
internal_value=-6.61363e-05 0.00452387 0.000917506 -0.00569592 0.00774396 0.0230782 0.0155082 -0.0362984 0.043972 -0.0245381 0.00174271 -0.0316868
internal_weight=1588.86 1418.77 1197.55 607.668 589.884 221.222 155.558 170.09 65.6635 81.8794 17.6713 64.2081
internal_count=14082 9394 7053 3527 3526 2341 1443 4688 898 1477 248 1229
cat_boundaries=0 1 2 3
cat_threshold=48 1 1
is_linear=0
shrinkage=0.05


Tree=61
num_leaves=15
num_cat=2
split_feature=0 34 34 26 37 0 20 33 32 26 32 17 5 19
split_gain=98.1124 30.0196 82.0534 49.0697 34.7593 28.3114 17.683 13.413 13.3844 11.0511 10.8769 8.65543 7.69131 6.13346
threshold=0 25.150000000000002 24.550000000000004 17.950000000000003 25.500000000000004 1 33.250000000000007 32.050000000000004 30.497916500000006 12.15 26.530357500000004 28.250000000000004 -0.95242240592625282 26.021527500000001
decision_type=1 2 2 2 2 1 2 2 2 2 2 2 2 2
left_child=1 2 4 -4 -1 9 11 12 -8 13 -11 -3 -7 -2
right_child=5 6 3 -5 -6 7 8 -9 -10 10 -12 -13 -14 -15
leaf_value=-0.057747396230306308 -0.018598302087949766 0.034051936983234714 -0.068740086287114963 -0.0077425769945137501 0.013760242734927916 0.020062732236564181 0.060014275404769904 -0.05078495232459234 0.018784866234292159 -0.030681064161523577 -0.0069138169685490627 -0.049696356402578107 -0.027282134477962364 0.051244037456422177
leaf_weight=16.39261682331562 3.7509591728448859 3.9219288378953916 48.557232461869717 99.414675362408161 801.76294612511992 9.0202371552586538 48.924249067902565 83.923633359372616 34.589490689337254 57.775887973606586 271.82160257548094 7.6979713141918182 70.329609539359808 10.343319840729235
leaf_count=78 23 26 244 532 5513 110 324 3206 254 439 1805 41 1350 62
internal_value=2.1616e-06 0.00863395 0.0060569 -0.0280861 0.0122588 -0.017867 0.035368 -0.0347605 0.0433623 -0.00901241 -0.0111602 -0.0209713 -0.0217174 0.0326559
internal_weight=1568.23 1061.26 966.127 147.972 818.156 506.965 95.1336 163.273 83.5137 343.692 329.597 11.6199 79.3498 14.0943
internal_count=14007 7012 6367 776 5591 6995 645 4666 578 2329 2244 67 1460 85
cat_boundaries=0 1 2
cat_threshold=13 2
is_linear=0
shrinkage=0.05


Tree=62
num_leaves=13
num_cat=2
split_feature=0 0 37 34 33 43 43 33 21 5 38 26
split_gain=84.8073 40.2993 29.3021 34.6245 27.0368 17.029 26.789 14.7633 9.05066 6.80215 8.6055 4.40326
threshold=0 1 32.500000000000007 24.450000000000003 37.100000000000009 43.800000000000004 34.600000000000001 32.050000000000004 25.350000000000005 -0.95242240592625282 6.4422620000000004 24.350000000000005
decision_type=1 1 2 2 2 2 2 2 2 2 2 2
left_child=7 2 4 -4 -2 6 -3 9 -7 11 -11 -1
right_child=1 5 3 -5 -6 8 -8 -9 -10 10 -12 -13
leaf_value=0.036556022921644629 -0.018306272786245491 -0.0038588234642336983 0.030482047718996631 -0.00017406958108903754 0.043305337670675979 -0.080403782734834478 0.041993532924511232 -0.050691749418875047 0.0053942859842220046 0.0042833151737377085 -0.035578378512358157 -0.035785433341653801
leaf_weight=7.1852849498391134 98.178299203515053 810.84057052433491 288.65851908549666 135.03302534297109 20.723239943385124 9.7007701173424703 32.157874077558517 80.546347865834832 4.144243210554122 18.059776790440083 50.812647104263306 1.9474069029092786
leaf_count=81 607 4434 2972 919 165 52 180 3229 23 313 1043 28
internal_value=-0.000220569 0.00379874 0.0143261 0.0207344 -0.00729643 -0.00296478 -0.00206201 -0.0336284 -0.0560884 -0.0198471 -0.0252141 0.019121
internal_weight=1557.99 1399.44 542.593 423.692 118.902 856.843 842.998 158.551 13.845 78.0051 68.8724 9.13269
internal_count=14046 9352 4663 3891 772 4689 4614 4694 75 1465 1356 109
cat_boundaries=0 1 2
cat_threshold=48 9
is_linear=0
shrinkage=0.05


Tree=63
num_leaves=14
num_cat=2
split_feature=0 0 39 44 4 44 33 4 4 35 34 44 4
split_gain=79.7673 34.798 20.9753 30.0984 15.055 22.3734 14.7985 8.50779 11.5386 8.02337 10.0109 2.78154 0.860096
threshold=0 1 29.150000000000002 47.70000000000001 0.091259403071267911 41.95000000000001 31.150000000000002 -0.452744437932114 -0.97113884758256674 86.538690500000016 22.950000000000003 52.750000000000007 -0.97113884758256674
decision_type=1 1 2 2 2 2 2 2 2 2 2 2 2
left_child=6 4 3 -3 11 -6 7 8 -1 12 -11 -2 -8
right_child=1 2 -4 -5 5 -7 9 -9 -10 10 -12 -13 -14
leaf_value=-0.043676207774644649 0.04300239976484975 0.0015269966243503554 0.057516070423331414 -0.032770970487376004 0.025940923984241748 -0.017779499302660515 -0.0030735691183464923 -0.045319365643087875 0.042276969760552369 0.068935435466443581 -0.028648332539643592 0.0016893493381690055 -0.050889441125679717
leaf_weight=4.5110304243862673 71.188066478818655 1098.12646022439 14.807341814041136 66.918485328555107 96.112392097711563 41.056872449815273 1.0847281701862801 6.1542536504566661 12.95060022175312 1.8786473795771588 37.806066295132041 4.4065713770687571 87.895706055685878
leaf_count=77 1083 6560 78 382 980 266 33 132 169 28 821 28 3398
internal_value=-0.00011131 0.00373793 0.000303802 -0.000469444 0.0218303 0.0128208 -0.0331863 0.00101 0.0189088 -0.0419816 -0.0224479 0.0406477 -0.0503472
internal_weight=1544.9 1392.62 1179.85 1165.04 212.764 137.169 152.281 23.6159 17.4616 128.665 39.6847 75.5946 88.9804
internal_count=14035 9377 7020 6942 2357 1246 4658 378 246 4280 849 1111 3431
cat_boundaries=0 1 2
cat_threshold=48 1
is_linear=0
shrinkage=0.05


Tree=64
num_leaves=13
num_cat=2
split_feature=0 0 40 44 43 36 8 35 33 43 4 38
split_gain=79.2227 30.0057 26.1136 40.9923 16.2782 15.8572 45.9576 20.7943 11.8094 7.2551 7.78456 4.71577
threshold=0 1 72.500000000000014 41.95000000000001 56.500000000000007 96.500000000000014 33.350000000000001 87.764881000000017 32.050000000000004 26.900000000000002 -0.97509794945709782 6.3949405000000015
decision_type=1 1 2 2 2 2 2 2 2 2 2 2
left_child=8 2 3 -2 -4 6 -3 -7 9 11 -11 -1
right_child=1 5 4 -5 -6 7 -8 -9 -10 10 -12 -13
leaf_value=-0.0054756058241269513 0.016054289385302175 -0.043840673282762747 0.036817768490425569 -0.019998002338418006 -0.051774625750400587 0.0053214219016232698 0.0018919166946874694 -0.023401490466687942 -0.050500895352670251 -0.045200022726292012 0.0164237338721431 -0.041154254258771873
leaf_weight=12.616734296083449 305.57027194276452 80.483559153974056 117.24994181469083 105.20848944038153 4.5744577050209037 535.61732169240713 168.36607434600592 70.402212731540203 72.518228756263852 5.9180076271295574 18.771933682262897 37.735315579921007
leaf_count=231 2688 484 1325 622 22 2850 948 403 3193 121 279 828
internal_value=-0.000373501 0.00342922 0.0126248 0.00679445 0.0330967 -0.00238745 -0.0130153 0.00195158 -0.0338634 -0.021786 0.000468466 -0.032495
internal_weight=1535.03 1387.47 532.603 410.779 121.824 854.869 248.85 606.02 147.56 75.042 24.6899 50.352
internal_count=13994 9342 4657 3310 1347 4685 1432 3253 4652 1459 400 1059
cat_boundaries=0 1 2
cat_threshold=48 9
is_linear=0
shrinkage=0.05


Tree=65
num_leaves=15
num_cat=2
split_feature=0 6 8 4 6 27 42 5 0 33 38 43 40 39
split_gain=77.8702 31.9137 44.5043 38.1031 25.64 36.5568 22.1573 20.9868 19.1944 14.2662 10.6091 9.70348 14.2988 8.30044
threshold=0 2.5000000000000004 33.650000000000013 -0.14250824554987662 27.000000000000004 16.250000000000004 2.5000000000000004 -0.97507822412530132 1 31.150000000000002 5.9175595000000003 0.15000000000000005 3.3500000000000001 17.850000000000005
decision_type=1 2 2 2 2 2 2 2 1 2 2 2 2 2
left_child=1 2 3 -1 7 -6 -4 -3 11 13 -11 -2 -13 -10
right_child=8 4 6 -5 5 -7 -8 -9 9 10 -12 12 -14 -15
leaf_value=0.011118244600770731 -0.052590486979740871 0.050129533464346947 0.041203534558366763 -0.04468171113696473 -0.077180688204801007 0.0025620561457492235 -0.0010667250132494685 0.014447596558270241 -0.040412923624685709 0.0051835845604349118 -0.045834032326322605 0.011299825009779475 -0.013607962240123242 0.021025349990159748
leaf_weight=44.445813614875078 11.788091972470282 43.602432869374752 45.383510433137417 94.811470605432987 15.278097026050089 122.28489761427045 93.339928545057774 582.57948552817106 7.0617401823401478 11.029853025451301 107.96613390557468 73.118945725262165 259.99187408387661 16.289406694471836
leaf_count=287 117 346 267 495 90 880 558 4117 133 255 3999 465 1774 246
internal_value=-0.000339441 0.00737278 -0.00704426 -0.0269201 0.0127189 -0.00678747 0.012958 0.0170082 -0.01662 -0.0319164 -0.0411014 -0.00951553 -0.00812316 0.00154889
internal_weight=1528.97 1041.73 277.981 139.257 763.745 137.563 138.723 626.182 487.246 142.347 118.996 344.899 333.111 23.3511
internal_count=14029 7040 1607 782 5433 970 825 4463 6989 4633 4254 2356 2239 379
cat_boundaries=0 1 2
cat_threshold=13 2
is_linear=0
shrinkage=0.05


Tree=66
num_leaves=15
num_cat=2
split_feature=0 34 34 23 36 0 20 32 33 40 40 17 39 7
split_gain=65.9948 24.3033 66.5145 40.0896 40.0868 21.8751 16.9688 14.1773 13.401 11.4905 20.5042 7.79076 6.0512 3.08105
threshold=0 25.150000000000002 24.550000000000004 96.500000000000014 95.500000000000014 1 33.250000000000007 30.497916500000006 32.050000000000004 0.45000000000000007 3.3500000000000001 28.250000000000004 17.850000000000005 29.343750000000004
decision_type=1 2 2 2 2 1 2 2 2 2 2 2 2 2
left_child=1 2 4 -4 -1 9 11 -8 12 13 -11 -3 -7 -2
right_child=5 6 3 -5 -6 8 7 -9 -10 10 -12 -13 -14 -15
leaf_value=-0.0092437213721953022 -0.052207533620811611 0.02959230669807858 -0.0012062469237656469 -0.053306506196123073 0.016479677469202297 -0.042458259246158342 0.057224484943493262 0.01410666025170991 -0.050336351266333984 0.019544911938037885 -0.012177745211943092 -0.050140982195667198 -0.0098310991956982105 -0.0025862946541004911
leaf_weight=202.15020605549216 17.00198978185654 3.8834385573863965 76.014115795493126 70.883692301809788 596.51075946912169 18.92453470826149 45.904952391982079 33.534070678055286 66.768387410789728 62.335548013448715 260.16560254991055 7.825423538684845 52.830291695892811 3.9165649861097327
leaf_count=1120 159 25 412 363 4507 437 321 254 3216 394 1786 41 1017 22
internal_value=-0.000502772 0.00660244 0.00427248 -0.026537 0.00996537 -0.0155829 0.0311811 0.0394245 -0.032011 -0.0081685 -0.00600468 -0.0234485 -0.0189015 -0.0434588
internal_weight=1518.65 1036.71 945.559 146.898 798.661 481.943 91.1479 79.439 138.523 343.42 322.501 11.7089 71.7548 20.9186
internal_count=14074 7043 6402 775 5627 7031 641 575 4670 2361 2180 66 1454 181
cat_boundaries=0 1 2
cat_threshold=13 2
is_linear=0
shrinkage=0.05


Tree=67
num_leaves=15
num_cat=0
split_feature=33 36 34 39 34 44 5 32 39 38 35 7 36 13
split_gain=23.3689 38.997 43.3404 37.1099 33.7589 37.7478 28.8054 12.6047 7.43155 4.702 4.62794 2.62924 2.12224 1.82317
threshold=36.850000000000001 94.500000000000014 24.450000000000003 18.750000000000004 21.050000000000004 45.20000000000001 -0.71502926860092908 30.497916500000006 19.750000000000004 12.262500000000001 64.55952400000001 30.372916500000006 89.500000000000014 8.2562500000000032
decision_type=2 2 2 2 2 2 2 2 2 2 2 2 2 2
left_child=1 4 6 -4 8 -6 -3 9 -1 11 12 -2 -9 -12
right_child=7 2 3 -5 5 -7 -8 10 -10 -11 13 -13 -14 -15
leaf_value=0.0045388106442558222 0.03118867691079957 0.022257684404837205 -0.041493026639083497 -0.001544412359237304 0.00015775329818512119 -0.055198104225589011 0.001977877263505829 0.007729142136604303 -0.06821249532647547 0.055520849290888491 0.017314005331251256 -0.0058986366465476024 0.036333250628785632 -0.015992676342327764
leaf_weight=3.740706803277134 27.216537525877357 234.01995044201612 91.37741528917104 157.04194783978164 148.09357363916934 37.880669290199876 687.6935216858983 18.198638012632728 36.425753949210048 23.694091506302357 4.1499651614576605 5.4076003096997729 9.7570813652127999 21.748654300346971
leaf_count=31 228 2270 748 1347 1382 301 6698 159 286 202 40 56 90 207
internal_value=0.000225484 -0.00153009 0.00214839 -0.0163464 -0.0204895 -0.0113525 0.00714539 0.0222884 -0.0614915 0.0386138 0.00482338 0.0250487 0.0186225 -0.0102104
internal_weight=1506.45 1396.27 1170.13 248.419 226.141 185.974 921.713 110.173 40.1665 56.3182 53.8543 32.6241 27.9557 25.8986
internal_count=14045 13063 11063 2095 2000 1683 8968 982 317 486 496 284 249 247
is_linear=0
shrinkage=0.05


Tree=68
num_leaves=15
num_cat=3
split_feature=0 1 37 32 0 39 4 32 25 5 44 37 37 37
split_gain=67.2466 23.8707 31.9871 25.0956 20.4514 19.2958 18.9411 12.76 10.6948 12.858 9.91074 9.24508 5.63725 4.0395
threshold=0 1 25.500000000000004 29.116071500000004 2 25.250000000000004 -0.35846811432664222 26.922619500000003 6.8013890000000012 0.99855310097228323 32.20000000000001 58.500000000000007 25.500000000000004 24.500000000000004
decision_type=1 1 2 2 1 2 2 2 2 2 2 2 2 2
left_child=1 5 13 -4 8 6 -1 11 9 -2 -10 -6 -7 -3
right_child=4 2 3 -5 7 12 -8 -9 10 -11 -12 -13 -14 -15
leaf_value=0.028444349021335764 0.0024371004971314946 -0.044004194224583702 -0.0010572066880096141 0.034892280107003543 -0.048772287349484127 -0.0094966651004379024 0.005534070210141879 -0.048384931407152373 -0.0416656954295829 0.092618758434684145 -0.0097378502513411 -0.0064936697316984055 0.049004354810697794 -0.10960501890267492
leaf_weight=127.56530608609319 92.093571484088898 8.2385840751230699 477.91724603250623 53.0282834880054 16.491613129153848 4.1707849353551856 304.72842757403851 67.5273183779791 26.535039953887463 3.1331291794776908 219.58674720302224 51.122975228354335 48.298633981496096 4.7287290543317786
leaf_count=1098 585 47 3090 350 592 20 2037 3105 185 16 1572 996 347 21
internal_value=0.000575736 0.00775246 0.000632067 0.0025921 -0.0147549 0.0158835 0.0123447 -0.0308417 -0.00762207 0.00633591 -0.0133348 -0.0173662 0.0442635 -0.0740611
internal_weight=1505.17 1028.68 543.913 530.946 476.49 484.763 432.294 135.142 341.348 95.2267 246.122 67.6146 52.4694 12.9673
internal_count=14061 7010 3508 3440 7051 3502 3135 4693 2358 601 1757 1588 367 68
cat_boundaries=0 1 2 3
cat_threshold=13 1 2
is_linear=0
shrinkage=0.05


Tree=69
num_leaves=13
num_cat=2
split_feature=0 0 40 44 43 43 43 33 32 39 39 8
split_gain=60.9728 28.0969 24.1832 28.627 16.4002 20.4699 13.6881 13.1626 8.9755 7.13552 19.0063 0.778525
threshold=0 1 65.65000000000002 41.600000000000001 43.800000000000004 34.600000000000001 56.500000000000007 32.050000000000004 28.811607000000006 17.850000000000005 18.250000000000004 27.950000000000003
decision_type=1 1 2 2 2 2 2 2 2 2 2 2
left_child=7 2 3 -2 5 -3 -4 9 -6 11 -11 -1
right_child=1 4 6 -5 8 -7 -8 -9 -10 10 -12 -13
leaf_value=-0.00015844995884237015 0.014781785043067545 -0.0028697302994867609 0.034468928635885118 -0.015464668758121851 -0.078240399347684231 0.03825739513445095 -0.040031755644204484 -0.050168817151631684 0.0068279201043486767 0.073732152491836414 -0.018955122236725665 -0.046759834816398428
leaf_weight=0.9502058476209666 279.22558643296361 793.49176179990172 127.3493114747107 107.60960275307298 9.78688235580921 30.454010710120201 5.6666644513607016 60.920009827241302 4.1396648660302153 5.2601311877369872 47.088558478280902 17.052905784919858
leaf_count=19 2523 4412 1512 627 55 174 27 3220 24 69 964 426
internal_value=0.000223784 0.00345892 0.0124702 0.00634966 -0.00222119 -0.00130509 0.0310201 -0.0309328 -0.0541905 -0.0181413 -0.00843416 -0.044438
internal_weight=1489 1357.72 519.851 386.835 837.872 823.946 133.016 131.272 13.9265 70.3518 52.3487 18.0031
internal_count=14052 9354 4689 3150 4665 4586 1539 4698 79 1478 1033 445
cat_boundaries=0 1 2
cat_threshold=48 9
is_linear=0
shrinkage=0.05


Tree=70
num_leaves=15
num_cat=1
split_feature=1 4 25 40 37 26 5 39 38 31 2 22 39 40
split_gain=28.5019 24.7872 36.0925 25.2408 35.5045 25.1995 19.0742 30.392 44.7197 21.4716 25.6683 16.0615 15.1058 13.4768
threshold=0 -0.55657520495441892 6.8583335000000014 62.500000000000007 57.500000000000007 14.950000000000001 0.71952396275653763 18.650000000000002 8.0431550000000005 27.550000000000001 8.5000000000000018 88.270833500000023 18.950000000000003 41.550000000000004
decision_type=1 2 2 2 2 2 2 2 2 2 2 2 2 2
left_child=6 3 13 4 -2 -4 9 -8 -9 10 -1 -11 -5 -3
right_child=1 2 5 12 -6 -7 7 8 -10 11 -12 -13 -14 -15
leaf_value=-0.045506678828397949 0.023333085217142405 0.0077226241795884587 -0.048413623611188006 -0.027993032176473972 -0.064360453724151875 -0.0042954577692119831 0.015923462573696538 -0.066715435685283334 0.003613940652380296 0.017128373015188571 0.025942019151685664 -0.016130738227510745 0.0073225274567730193 0.042536175270266478
leaf_weight=32.509978830814362 14.018176166340707 60.73091472312808 34.13547158241272 53.535755105316639 54.446279828436673 414.72093984670937 73.787508856505156 39.029998850077391 51.697226831689477 475.58903583884239 19.293177012354136 38.518443688750267 67.364794986322522 51.137706622481346
leaf_count=285 147 574 296 517 521 3763 734 352 492 4598 194 389 712 506
internal_value=0.000136025 -0.00670549 -0.00141045 -0.0222948 -0.0463277 -0.0077508 0.0071613 -0.00778963 -0.0270386 0.0115137 -0.0189095 0.01461 -0.00841685 0.0238726
internal_weight=1480.52 750.09 560.725 189.365 68.4645 448.856 730.425 164.515 90.7272 565.911 51.8032 514.107 120.901 111.869
internal_count=14080 7036 5139 1897 668 4059 7044 1578 844 5466 479 4987 1229 1080
cat_boundaries=0 1
cat_threshold=1
is_linear=0
shrinkage=0.05


Tree=71
num_leaves=15
num_cat=3
split_feature=0 1 39 39 34 0 39 36 30 33 44 44 4 41
split_gain=54.8495 27.1708 25.0442 45.7961 37.7147 18.5584 17.2977 40.0337 17.588 14.3136 10.232 18.4692 10.5602 5.93532
threshold=0 1 23.150000000000002 20.850000000000005 22.550000000000004 2 20.000000000000004 95.500000000000014 13.65 32.050000000000004 38.000000000000007 35.100000000000001 -0.34235669412071196 41.95000000000001
decision_type=1 1 2 2 2 1 2 2 2 2 2 2 2 2
left_child=1 6 3 -3 -4 10 7 -1 -8 13 11 -2 -12 -7
right_child=5 2 4 -5 -6 9 8 -9 -10 -11 12 -13 -14 -15
leaf_value=-0.05502527104992129 -0.01100776407976967 -0.0051416510048982941 -0.068208203994586936 0.032647102633066187 -0.0057274780206040725 -0.047700583851166073 0.016056270138145947 0.012596424506256322 0.0453288958998119 -0.050092280789865384 -0.035040135252724508 0.022406696686217639 -0.0074477305665167958 -0.0091144455358321361
leaf_weight=23.750895716249943 116.05687231197953 275.98628030717373 29.124794565141201 111.88428724557161 122.96412286162376 11.30672570876777 192.40394168719649 188.56083322688937 70.092742707580328 58.569449990987778 51.33396127820015 62.946159280836582 105.02851984277368 56.547236476093531
leaf_count=133 797 1851 145 765 754 334 1312 1451 624 3242 388 425 731 1110
internal_value=0.000186451 0.0066781 -0.000930905 0.00581473 -0.0180598 -0.0139062 0.0154553 0.00480922 0.0240151 -0.0298022 -0.00715768 0.000801585 -0.0166715 -0.0161436
internal_weight=1476.56 1014.77 539.959 387.871 152.089 461.789 474.808 212.312 262.497 126.423 335.366 179.003 156.362 67.854
internal_count=14062 7035 3515 2616 899 7027 3520 1584 1936 4686 2341 1222 1119 1444
cat_boundaries=0 1 2 3
cat_threshold=13 1 2
is_linear=0
shrinkage=0.05


Tree=72
num_leaves=13
num_cat=3
split_feature=0 0 35 43 1 37 33 39 39 39 39 38
split_gain=45.6651 27.049 17.6589 22.3577 17.3816 19.7868 16.637 15.3286 7.54516 15.5609 4.57143 1.09216
threshold=0 1 88.276786000000016 18.450000000000003 2 32.500000000000007 32.050000000000004 21.250000000000004 17.850000000000005 18.250000000000004 24.450000000000003 5.6827385000000001
decision_type=1 1 2 2 1 2 2 2 2 2 2 2
left_child=6 4 3 -3 10 -6 8 -4 11 -10 -2 -1
right_child=1 2 7 -5 5 -7 -8 -9 9 -11 -12 -13
leaf_value=-0.0054885052084775263 0.041685632010068696 -0.0037513429921333637 -0.063933404212928271 0.011463168853401139 -0.031478638087393443 0.018664959667635234 -0.04999889659067154 -0.00089644914797932748 0.066199584550870244 -0.013659653244574011 0.014501113729790537 -0.045661836597373273
leaf_weight=2.2298467010259655 73.579843644052744 761.43563402816653 18.862827397882938 352.38941800221801 25.304723516106606 77.274345610290766 55.42869028635323 18.801154971122742 6.0447974056005469 44.558875041082501 21.323132235556841 14.571751641109584
leaf_count=46 974 4516 116 2265 191 967 3221 146 75 935 195 397
internal_value=0.000178323 0.00291824 -8.33074e-05 0.00106815 0.0195008 0.0061108 -0.0276917 -0.0333036 -0.0129335 -0.00302218 0.0357926 -0.040938
internal_weight=1471.81 1348.97 1151.49 1113.83 197.482 102.579 122.834 37.664 67.4053 50.6037 94.903 16.8016
internal_count=14044 9370 7043 6781 2327 1158 4674 262 1453 1010 1169 443
cat_boundaries=0 1 2 3
cat_threshold=48 1 1
is_linear=0
shrinkage=0.05


Tree=73
num_leaves=15
num_cat=3
split_feature=0 1 37 32 39 44 0 33 38 24 42 5 37 37
split_gain=51.3376 23.3055 26.5865 22.8834 16.6061 20.9861 14.1794 13.6714 9.86532 14.9685 11.4289 6.965 6.18145 2.32094
threshold=0 1 25.500000000000004 29.330059500000001 25.250000000000004 48.050000000000004 2 32.050000000000004 8.7651785000000029 36.500000000000007 4.5000000000000009 -0.96234030595689413 25.500000000000004 24.500000000000004
decision_type=1 1 2 2 2 2 1 2 2 2 2 2 2 2
left_child=1 4 13 -4 5 -1 8 11 9 -2 -10 -8 -6 -3
right_child=6 2 3 -5 12 -7 7 -9 10 -11 -12 -13 -14 -15
leaf_value=0.013117860426723808 -0.048443018588020935 -0.044228474469607371 -0.0023191519726515411 0.036203548551625733 -0.015971440152671958 -0.04498676499824554 0.029558336553776255 -0.049911578650451961 0.0011663110055859054 0.0023832960149637798 -0.029522352269319596 -0.021159274828176006 0.047092335992479889 -0.097680413867704624
leaf_weight=399.29920977726579 14.689898192882536 8.6731638610362989 489.93556738272309 40.835706748068333 3.7779691368341437 15.205513078719376 6.7280466631054869 52.761495091021061 46.07779324427247 187.90680704265833 87.399187419563532 60.385808331891894 43.784644987434149 4.6328177899122229
leaf_count=3043 137 48 3194 283 18 79 84 3216 316 1234 664 1379 333 20
internal_value=-0.00045501 0.0058524 -0.00110443 0.000707159 0.014155 0.0108832 -0.0141738 -0.028682 -0.00825384 -0.00152186 -0.0189984 -0.0157156 0.0418574 -0.0683662
internal_weight=1462.09 1006.14 544.077 530.771 462.067 414.505 455.949 119.875 336.074 202.597 133.477 67.1139 47.5626 13.306
internal_count=14048 7018 3545 3477 3473 3122 7030 4679 2351 1371 980 1463 351 68
cat_boundaries=0 1 2 3
cat_threshold=13 1 2
is_linear=0
shrinkage=0.05


Tree=74
num_leaves=12
num_cat=2
split_feature=0 0 22 30 33 44 44 5 26 40 21
split_gain=41.371 27.1864 21.848 25.8059 14.9576 13.7113 22.0425 11.9555 9.52987 6.5341 16.0101
threshold=0 1 88.270833500000023 13.65 32.050000000000004 41.95000000000001 43.000000000000007 -0.46800559042974538 19.250000000000004 41.95000000000001 22.950000000000003
decision_type=1 1 2 2 2 2 2 2 2 2 2
left_child=4 5 3 -3 9 7 -7 -2 -4 -1 -11
right_child=1 2 8 -5 -6 6 -8 -9 -10 10 -12
leaf_value=-0.047359105628612598 0.0081384473781933465 -0.0035257066888835006 -0.040940896339848404 0.013357598159867659 -0.049819708435601309 -0.050888780596252264 0.017536299983918029 0.039923695569918566 -0.0038163142026861178 0.067228367268142283 -0.015598630014907317
leaf_weight=10.750204402953385 45.048532411456108 757.34560364857316 44.120747499167919 321.63382468372583 50.042693536728621 14.54480869323015 47.469694782048464 88.724814988672733 28.383514925837517 5.6029158961027852 49.522212380543351
leaf_count=346 573 4542 280 2053 3203 95 440 1251 204 81 1035
internal_value=0.000169879 0.0027184 -0.000278294 0.00151476 -0.0271324 0.0194201 0.000935066 0.0293597 -0.0266572 -0.0134676 -0.00613226
internal_weight=1463.19 1347.27 1151.48 1078.98 115.918 195.788 62.0145 133.773 72.5043 65.8753 55.1251
internal_count=14103 9438 7079 6595 4665 2359 535 1824 484 1462 1116
cat_boundaries=0 1 2
cat_threshold=48 1
is_linear=0
shrinkage=0.05


Tree=75
num_leaves=12
num_cat=2
split_feature=0 0 39 44 33 43 5 39 39 39 10
split_gain=35.3171 24.9021 17.8603 22.5179 15.5094 14.2134 23.1209 8.3791 8.18179 15.5397 1.27425
threshold=0 1 29.150000000000002 47.70000000000001 32.050000000000004 17.750000000000004 -0.85225707553516283 14.550000000000002 17.850000000000005 20.650000000000002 89.854166500000005
decision_type=1 1 2 2 2 2 2 2 2 2 2
left_child=4 5 3 -3 8 6 -2 -7 10 -10 -1
right_child=1 2 -4 -5 -6 7 -8 -9 9 -11 -12
leaf_value=-0.048413673244159516 -0.031897639400919608 -0.00014738936081358929 0.054386549581599289 -0.030191530958188002 -0.049742630818781643 -0.036412047227503644 0.019846835084947945 0.045527987870822795 0.028397038526800061 -0.026730632804190566 -0.0050573810151593908
leaf_weight=13.201487544924019 25.565234582871199 1066.6815825067461 13.269386678934096 65.239532720297575 48.128127914853394 2.6042374707758418 115.36012369394302 49.326814360916615 22.123901642858982 27.593460625037551 2.2081688623875371
leaf_count=387 184 6567 75 383 3231 28 1271 862 400 620 51
internal_value=-0.000698427 0.00166108 -0.00119459 -0.00190414 -0.0261977 0.0177677 0.0103013 0.0408086 -0.012271 -0.00212296 -0.0428876
internal_weight=1451.3 1338.05 1145.19 1131.92 113.255 192.856 140.925 51.9311 65.127 49.7174 15.4097
internal_count=14059 9370 7025 6950 4689 2345 1455 890 1458 1020 438
cat_boundaries=0 1 2
cat_threshold=48 1
is_linear=0
shrinkage=0.05


Tree=76
num_leaves=15
num_cat=2
split_feature=0 8 34 36 40 34 4 0 37 34 40 40 32 7
split_gain=40.4772 21.168 56.8021 65.1403 32.2002 26.9835 14.4008 10.9077 13.3487 24.4179 9.27829 16.3637 5.3603 2.61528
threshold=0 33.350000000000001 24.550000000000004 95.500000000000014 58.800000000000004 20.950000000000003 0.76140650896573492 1 58.500000000000007 22.950000000000003 0.45000000000000007 3.1500000000000008 29.217262000000002 27.800000000000001
decision_type=1 2 2 2 2 2 2 1 2 2 2 2 2 2
left_child=1 2 3 -1 -4 13 -7 10 -9 -10 12 -12 -2 -3
right_child=7 5 4 -5 -6 6 -8 8 9 -11 11 -13 -14 -15
leaf_value=-0.038070100745642481 -0.05136132339174812 -0.093572653856732524 -0.048487325397545043 0.013390171450720106 0.0029338663337106566 0.034447874997448079 0.010812276212836369 -0.049795948977485953 0.063196383937879116 -0.025443861807138864 0.017579110905180089 -0.011327175029429846 0.013754533489787422 -0.029355900770895168
leaf_weight=69.014965645968914 16.61113848537207 4.0908669382333738 80.974844008684158 505.71033437177539 48.259084083139896 98.342945914715528 187.79174427315593 43.684236813336611 7.944769235327839 59.634655617177486 59.637537248432636 254.30308095738292 3.4048503637313834 4.2466787621378899
leaf_count=357 169 18 414 4057 279 632 1241 2757 122 1853 379 1780 17 26
internal_value=-0.000519277 0.00507442 0.000410293 0.00715526 -0.0294103 0.016357 0.0190274 -0.012872 -0.0261942 -0.0142536 -0.00773968 -0.00579763 -0.0401573 -0.067511
internal_weight=1443.65 998.431 703.959 574.725 129.234 294.472 286.135 445.22 111.264 67.5794 333.957 313.941 20.016 8.33755
internal_count=14101 7024 5107 4414 693 1917 1873 7077 4732 1975 2345 2159 186 44
cat_boundaries=0 1 2
cat_threshold=13 2
is_linear=0
shrinkage=0.05


Tree=77
num_leaves=15
num_cat=2
split_feature=0 0 22 36 33 44 21 40 5 31 34 26 35 4
split_gain=37.3203 26.0992 16.6878 23.6298 14.2421 13.9903 20.0403 21.8552 12.5524 20.5975 10.8729 10.0067 7.8634 7.18862
threshold=0 1 88.270833500000023 96.500000000000014 31.150000000000002 41.95000000000001 24.950000000000003 72.500000000000014 -0.46800559042974538 34.400000000000013 20.350000000000005 19.250000000000004 86.538690500000016 -0.452744437932114
decision_type=1 1 2 2 2 2 2 2 2 2 2 2 2 2
left_child=5 2 3 -2 13 8 7 -7 9 -1 -10 -4 -6 -3
right_child=1 4 11 -5 12 6 -8 -9 10 -11 -12 -13 -14 -15
leaf_value=-0.020523161508673692 -0.010226332714280398 0.023716827467635371 -0.039149573141315536 0.0055256932333594298 -0.049094839349886066 -0.035547544071994383 0.047115977560132416 0.044438625521739314 -0.0012538017932509382 0.047255120942574627 0.049070032646073292 -0.00091888836763572674 -0.017314294981582486 -0.042440315289894573
leaf_weight=25.583268281072378 357.63563045114279 16.342345479875807 43.841917268931866 707.27945106104016 53.502318697981536 34.214577257633209 16.066388007253408 10.346231475472448 12.584693312644957 18.425300162285566 70.078694269061089 27.762060351669788 32.718095124699175 4.406167570501565
leaf_count=312 2144 251 282 4417 3435 208 127 191 96 263 1143 198 853 125
internal_value=-0.000498533 -0.00367758 -0.00133833 0.000230982 -0.0260893 0.0196657 0.000917107 -0.0164084 0.0301019 0.00827336 0.0414853 -0.0245437 -0.0373718 0.00836222
internal_weight=1430.79 1243.49 1136.52 1064.92 106.969 187.299 60.6272 44.5608 126.672 44.0086 82.6634 71.604 86.2204 20.7485
internal_count=14045 11705 7041 6561 4664 2340 526 399 1814 575 1239 480 4288 376
cat_boundaries=0 1 2
cat_threshold=1 14
is_linear=0
shrinkage=0.05


Tree=78
num_leaves=15
num_cat=1
split_feature=0 33 36 39 34 27 24 43 4 40 38 32 32 38
split_gain=33.4801 25.6375 28.1286 35.0613 29.6268 10.0789 14.7506 14.7151 18.811 16.1112 9.90044 8.91942 7.92702 6.68391
threshold=0 36.850000000000001 94.500000000000014 18.750000000000004 22.550000000000004 21.950000000000003 66.500000000000014 2.7500000000000004 -0.074117382312902935 0.65000000000000002 9.5273810000000019 26.711607000000004 30.497916500000006 11.614285500000003
decision_type=1 2 2 2 2 2 2 2 2 2 2 2 2 2
left_child=1 2 4 -4 -1 7 10 9 -9 -2 -7 -8 -3 -14
right_child=5 12 3 -5 -6 6 11 8 -10 -11 -12 -13 13 -15
leaf_value=-0.039589479247922284 -0.035369942463637442 0.051263322894670262 -0.0054487722042506218 0.016510358464117393 0.002298413570482551 0.0041264921712991266 -0.034199817819341193 -0.0091721870281676488 -0.046834601098352295 0.0075646231869690829 0.049879440260236919 -0.0035119619335128326 -0.011928751685722695 0.034732345068914976
leaf_weight=70.929512538015842 29.320112498477101 35.041983101516962 312.15233385562897 432.91982233151793 101.93068823963404 85.547798930667341 41.174409426748753 62.631407607346773 70.903729223646224 77.353741087019444 12.764813981950281 54.579777531325817 12.373003266751768 17.629117459058762
leaf_count=351 622 246 2267 3279 628 1233 589 952 1399 1279 164 779 98 148
internal_value=0.000110831 0.00521335 0.00309794 0.00731548 -0.0150182 -0.0112846 -0.00304425 -0.0183697 -0.0293694 -0.00445516 0.0105094 -0.0169249 0.0353573 0.015725
internal_weight=1417.25 982.976 917.932 745.072 172.86 434.276 194.067 240.209 133.535 106.674 98.3126 95.7542 65.0441 30.0021
internal_count=14034 7017 6525 5546 979 7017 2765 4252 2351 1901 1397 1368 492 246
cat_boundaries=0 1
cat_threshold=13
is_linear=0
shrinkage=0.05


Tree=79
num_leaves=13
num_cat=3
split_feature=0 1 5 35 39 0 35 5 37 21 43 30
split_gain=31.2416 24.4175 27.8322 35.4133 33.0478 18.9751 21.8555 17.7719 11.6845 18.8549 7.4684 2.28733
threshold=0 1 0.83258597624099873 62.229166500000012 18.750000000000004 2 87.824405000000013 -0.85225707553516283 58.500000000000007 22.950000000000003 29.550000000000004 7.0500000000000007
decision_type=1 1 2 2 2 1 2 2 2 2 2 2
left_child=8 5 4 -4 -3 7 -7 -2 -1 11 -11 -10
right_child=1 2 3 -5 -6 6 -8 -9 9 10 -12 -13
leaf_value=-0.04954031741941442 -0.0088603059242273168 -0.028733187932413858 -0.046951165819736088 0.029306205584997049 -0.0017893551709948505 0.0077557721633875606 -0.030194199637061461 0.044297359382762788 0.0052674399527638032 -0.035289308863204284 0.0035649179948713189 0.076314025066781241
leaf_weight=38.359921719878912 19.97971261292696 158.32832792773843 17.105487249791622 96.788643132895231 398.838125359267 514.23461811244488 39.973860319703817 67.98907396197319 1.6076323855668295 40.615756650455296 17.353740516118705 4.7187231741845608
leaf_count=2714 228 1103 101 672 2781 3233 285 948 38 1440 425 53
internal_value=-0.000389314 0.00177558 -0.00487712 0.0175443 -0.00948366 0.00875189 0.00488115 0.0290005 -0.0255412 -0.0145952 -0.0237947 0.0614431
internal_weight=1415.89 1313.24 671.061 113.894 557.166 642.177 554.208 87.9688 102.656 64.2959 57.9695 6.32636
internal_count=14021 9351 4657 773 3884 4694 3518 1176 4670 1956 1865 91
cat_boundaries=0 1 2 3
cat_threshold=48 1 1
is_linear=0
shrinkage=0.05


Tree=80
num_leaves=15
num_cat=2
split_feature=0 4 20 34 37 31 25 0 33 43 43 23 4 32
split_gain=30.4929 25.8244 30.9575 45.7984 32.5272 18.531 20.1905 16.1421 14.7508 13.6925 20.431 11.9347 6.59365 5.08738
threshold=0 0.022575936829235404 33.550000000000004 24.550000000000004 32.500000000000007 23.600000000000005 5.5895835000000007 1 32.050000000000004 43.800000000000004 34.600000000000001 99.500000000000014 -0.97509794945709782 28.811607000000006
decision_type=1 2 2 2 2 2 2 1 2 2 2 2 2 2
left_child=1 5 3 -3 -4 6 -1 9 12 10 -2 -7 -9 -11
right_child=7 2 4 -5 -6 11 -8 8 -10 13 -12 -13 -14 -15
leaf_value=-0.13220333752800445 -0.0042049464842166644 0.0026835519103829732 -0.0055068888477763436 -0.057589931265135952 0.036938529636077043 0.035988832209003008 0.0087659107777235904 -0.047087224417850584 -0.049404090977295569 -0.071365618613142237 0.036879770657280313 -0.00037909047506379267 -0.0030759776001791687 -0.0016077188176699645
leaf_weight=2.733924634754656 776.74621159955859 104.38267232477665 91.732389133423567 44.097175564616919 87.43137976154685 130.06497397087514 7.5949440933763981 9.2236250080168229 39.943785195238888 9.0567324534058553 30.489433020353317 27.223728789016604 51.791236666962504 3.5947656631469718
leaf_count=30 4408 891 654 246 807 1654 93 246 3245 55 177 353 1220 22
internal_value=-0.0005443 0.00934181 0.00134345 -0.0154826 0.0152964 0.0254296 -0.0369229 -0.00590304 -0.0238175 -0.00341099 -0.00260946 0.0297316 -0.0103812 -0.0531145
internal_weight=1416.11 495.261 327.644 148.48 179.164 167.618 10.3289 920.846 100.959 819.887 807.236 157.289 61.0149 12.6515
internal_count=14101 4728 2598 1137 1461 2130 123 9373 4711 4662 4585 2007 1466 77
cat_boundaries=0 1 2
cat_threshold=9 6
is_linear=0
shrinkage=0.05


Tree=81
num_leaves=15
num_cat=2
split_feature=0 34 34 26 36 24 34 27 24 43 4 40 5 1
split_gain=23.2116 19.3341 54.5157 25.1821 23.8155 13.1718 15.514 10.6148 14.4964 13.5225 18.4392 15.1028 9.30038 7.81828
threshold=0 25.150000000000002 24.550000000000004 16.850000000000005 95.500000000000014 63.500000000000007 25.650000000000002 21.950000000000003 66.500000000000014 2.7500000000000004 -0.13398594226331254 0.55000000000000016 -0.55656394595157355 1
decision_type=1 2 2 2 2 2 2 2 2 2 2 2 2 1
left_child=1 2 4 -4 -1 6 -3 9 12 11 -11 -2 -9 -10
right_child=7 5 3 -5 -6 -7 -8 8 13 10 -12 -13 -14 -15
leaf_value=-0.0076344939377422753 -0.036365885204746276 0.060662522742101703 -0.063231871142616913 -0.014364588950075793 0.012385129098899361 -0.032911152222417403 0.01438621812625536 0.024590816352987155 -0.0028270444963013272 -0.0080597260511605217 -0.045998674041641013 0.0070111697603810058 -0.0062645845105159213 -0.031897397283194254
leaf_weight=201.77110338956118 25.821048652753234 29.772333614528179 34.595933094620705 105.2316722497344 556.34776346758008 7.5833663940429679 46.124071449041367 57.69413130544126 53.284576302394271 61.194261799566448 67.391036848537624 78.812350583262742 41.250387642532587 40.163092467933893
leaf_count=1136 598 227 173 585 4469 41 375 803 678 954 1390 1302 579 673
internal_value=-0.000362626 0.00386948 0.00175539 -0.0268184 0.00705393 0.0267777 0.0330921 -0.00996485 -0.00148819 -0.0173469 -0.0281449 -0.00393619 0.0117931 -0.0155267
internal_weight=1407.04 981.426 897.946 139.828 758.119 83.4798 75.8964 425.611 192.392 233.219 128.585 104.633 98.9445 93.4477
internal_count=13983 7006 6363 758 5605 643 602 6977 2733 4244 2344 1900 1382 1351
cat_boundaries=0 1 2
cat_threshold=13 1
is_linear=0
shrinkage=0.05


Tree=82
num_leaves=15
num_cat=4
split_feature=0 4 8 38 37 38 0 1 4 5 33 5 1 4
split_gain=29.0088 19.9861 32.2978 37.8188 20.7937 15.9874 15.1446 16.5883 25.1412 17.9207 15.0531 14.7486 8.53754 6.63648
threshold=0 0.039769539193789956 33.150000000000013 6.8250000000000011 32.500000000000007 6.112797500000001 1 2 -0.54220184589352438 0.73136292505298039 32.050000000000004 -0.5129677127369543 3 -0.97509794945709782
decision_type=1 2 2 2 2 2 1 1 2 2 2 2 1 2
left_child=1 5 3 -3 -4 11 7 9 -9 -2 13 -1 -7 -8
right_child=6 2 4 -5 -6 12 10 8 -10 -11 -12 -13 -14 -15
leaf_value=-0.098288739840195996 0.010399324516178799 0.039006337653238216 0.001070091734698753 -0.023971804731819799 0.036826706833659704 0.044308051499926476 -0.046718746075895552 -0.029280595911352271 -0.0017674466162662977 -0.015047160359010263 -0.049278045204734361 0.0044108915378981419 0.019114465337936426 -0.0017151297110046895
leaf_weight=3.1949283331632641 313.76681835949421 28.121857825666666 81.682784922420979 131.61965058743954 80.078869238495827 64.935996361076832 8.764802046120165 114.23253075405955 297.65206069871783 87.741572562605143 37.131358624435961 20.529985461384058 74.239293180406094 51.385717565193772
leaf_count=30 1825 272 588 937 761 916 248 655 1674 507 3201 275 901 1223
internal_value=0.000490299 0.0102411 0.00319733 -0.0127111 0.0188886 0.0246632 -0.00476194 -0.00238221 -0.00945041 0.00481494 -0.0223961 -0.0128351 0.0311014 -0.00892957
internal_weight=1395.08 484.403 321.503 159.742 161.762 162.9 910.675 813.393 411.885 401.508 97.2819 23.7249 139.175 60.1505
internal_count=14013 4680 2558 1209 1349 2122 9333 4661 2329 2332 4672 305 1817 1471
cat_boundaries=0 1 2 3 4
cat_threshold=9 6 1 1
is_linear=0
shrinkage=0.05


Tree=83
num_leaves=15
num_cat=2
split_feature=0 40 8 4 37 0 43 43 33 5 35 43 4 32
split_gain=25.7752 19.3563 23.3113 24.0893 21.3885 15.4056 14.0473 15.3195 13.6596 12.9558 17.0857 13.2145 5.95067 5.82574
threshold=0 72.500000000000014 33.250000000000007 0.039769539193789956 32.500000000000007 1 43.800000000000004 34.600000000000001 32.050000000000004 0.08054732823231521 87.824405000000013 56.500000000000007 -0.97509794945709782 28.811607000000006
decision_type=1 2 2 2 2 1 2 2 2 2 2 2 2 2
left_child=1 2 3 -1 -4 6 7 -2 12 11 -11 -3 -7 -8
right_child=5 9 4 -5 -6 8 13 -9 -10 10 -12 -13 -14 -15
leaf_value=0.013347883658382111 -0.0029622732133948258 0.040910585129318729 0.0015558913342376282 -0.019558409009501315 0.038880275353183058 -0.046505114384109127 -0.071755995472852926 0.033396884870651206 -0.049196536495469678 0.046704977559183264 -0.057909200730261394 -0.036909626700191732 -0.0033537485631261674 0.0026942296992023395
leaf_weight=94.620867868885398 776.70546193793416 82.101200511679053 80.595617394894361 132.11900483816862 72.434193771332502 8.5130981467664224 9.2028526887297613 29.093540705740452 35.66654816409573 5.7748699057847253 8.311744958162306 5.0815637856721869 51.097731312736869 3.4440782591700545
leaf_count=1104 4436 1123 590 931 723 251 57 170 3227 92 126 25 1219 21
internal_value=0.000119924 0.00936363 0.00434603 -0.00582796 0.0193605 -0.00480131 -0.00243402 -0.00160975 -0.02278 0.0288692 -0.0147691 0.0360076 -0.0101819 -0.0527696
internal_weight=1394.76 481.039 379.77 226.74 153.03 913.723 818.446 805.799 95.2774 101.269 14.0866 87.1828 59.6108 12.6469
internal_count=14095 4714 3348 2035 1313 9381 4684 4606 4697 1366 218 1148 1470 78
cat_boundaries=0 1 2
cat_threshold=9 6
is_linear=0
shrinkage=0.05


Tree=84
num_leaves=15
num_cat=0
split_feature=43 43 39 39 4 39 37 33 37 43 5 31 44 17
split_gain=17.1291 31.7495 22.9597 60.6446 23.427 22.5344 20.5251 17.8373 15.5445 11.4587 10.8389 15.187 6.84817 5.57945
threshold=17.900000000000002 17.600000000000005 24.950000000000003 23.550000000000004 0.22700754078277599 18.750000000000004 63.500000000000007 32.350000000000001 61.500000000000007 21.050000000000001 -0.59867820553660911 49.150000000000006 46.250000000000007 38.70000000000001
decision_type=2 2 2 2 2 2 2 2 2 2 2 2 2 2
left_child=1 2 3 -1 -4 6 8 12 -2 -8 11 -7 -3 -12
right_child=5 7 4 -5 -6 10 9 -9 -10 -11 13 -13 -14 -15
leaf_value=-0.00076452706184753825 -0.0064143549262933655 -0.036256595076158596 -0.022301886827618991 -0.043999123788445199 0.026463288863654053 0.028891124344755482 0.028348555600990106 -0.10221137704198394 0.029235924491499105 -0.03605086202791067 0.0094223442851839381 -0.036272361479959207 0.033873623454286954 -0.02079500165842196
leaf_weight=633.66698661446571 92.276337603107095 18.048333357088271 30.828157787211239 92.021285196300596 109.91703724954277 146.2412207974121 7.0833352319896212 10.798510677181183 44.537156472913921 57.534784164279699 111.47006851248443 8.6857430487871152 3.4292004071176043 16.719053443521261
leaf_count=6402 906 191 268 852 1033 1634 76 78 458 556 1291 87 33 202
internal_value=-0.000472002 -0.00455615 -0.00271222 -0.00629992 0.0157 0.00709681 -0.00567137 -0.0524863 0.00531888 -0.0286671 0.0161691 0.0250286 -0.0240504 0.00535079
internal_weight=1383.26 898.71 866.433 725.688 140.745 484.548 201.432 32.276 136.813 64.6181 283.116 154.927 21.4775 128.189
internal_count=14067 8857 8555 7254 1301 5210 1996 302 1364 632 3214 1721 224 1493
is_linear=0
shrinkage=0.05


Tree=85
num_leaves=14
num_cat=2
split_feature=0 0 39 44 33 43 5 34 37 40 39 44 14
split_gain=26.059 17.0418 15.6129 22.8258 13.1905 11.1123 17.9008 21.9454 17.3731 5.97299 4.96868 2.39177 0.163977
threshold=0 1 29.150000000000002 46.600000000000001 32.050000000000004 17.750000000000004 -0.46800559042974538 24.950000000000003 32.500000000000007 41.95000000000001 14.550000000000002 31.150000000000002 25.350000000000005
decision_type=1 1 2 2 2 2 2 2 2 2 2 2 2
left_child=5 2 3 -2 9 6 7 -1 -8 -3 -7 -12 -4
right_child=1 4 12 -5 -6 10 8 -9 -10 -11 11 -13 -14
leaf_value=-0.040667818463027805 0.00032964352428450873 -0.046080413486555449 0.057673939206813379 -0.025917060696474054 -0.049107151258084347 -0.022733496576327415 0.0023350994401141723 0.03354842351201507 0.046890621499336781 -0.0029910219863187619 -0.0016504193123882142 0.046253021182490389 0.026611552571626947
leaf_weight=28.429590933024883 1013.9016753211617 8.6367566138505918 9.2971014380454999 89.203006103634834 34.019713603425771 2.4530263952910891 46.35568904876709 14.157935395836828 40.621799670159817 49.635375829413533 2.71053916029632 39.95924749225378 3.3167970031499854
leaf_count=241 6389 348 57 554 3224 27 383 134 677 1097 55 797 20
internal_value=-0.000307813 -0.00296119 -0.0011489 -0.00181436 -0.0224145 0.017146 0.010523 -0.0157915 0.0234407 -0.0100472 0.0392401 0.0432419 0.0520608
internal_weight=1382.7 1208.01 1115.72 1103.1 92.2918 174.688 129.565 42.5875 86.9775 58.2721 45.1228 42.6698 12.6139
internal_count=14003 11689 7020 6943 4669 2314 1435 375 1060 1445 879 852 77
cat_boundaries=0 1 2
cat_threshold=1 14
is_linear=0
shrinkage=0.05


Tree=86
num_leaves=13
num_cat=2
split_feature=0 1 5 39 35 34 4 32 5 40 34 35
split_gain=20.3026 18.1709 26.1103 33.236 28.0523 17.3574 18.2571 14.795 12.7447 7.76166 11.2432 1.85088
threshold=0 1 0.84199059757024453 18.750000000000004 62.229166500000012 20.150000000000002 -0.10837695015263894 26.922619500000003 0.91852788691372023 41.95000000000001 22.950000000000003 87.44642850000001
decision_type=1 1 2 2 2 2 2 2 2 2 2 2
left_child=7 5 3 -3 -4 8 -7 9 -2 -1 -11 -9
right_child=1 2 4 -5 -6 6 -8 11 -10 10 -12 -13
leaf_value=-0.046074444923227986 -0.087559819636363181 -0.027761680988880939 -0.040214542149709182 -0.00065978887487668327 0.029117862844757026 0.020698366692351741 0.0027451291810498854 -0.049413931284022466 -0.0068259824673018712 0.050934225853500714 -0.010037804401056989 0.002122959774134312
leaf_weight=9.1027420368045551 6.7719356864690807 157.51825319975615 16.40814846009016 395.19222812727094 91.808195957913995 224.21804796904325 382.43317972868681 36.315664757508785 13.686302494257687 8.4912059307098371 36.210612995550036 1.7429408752359439
leaf_count=536 41 1119 95 2796 658 1880 2677 3127 91 155 898 39
internal_value=5.79234e-05 0.00175025 -0.0040183 -0.00841981 0.0183335 0.00785446 0.00940378 -0.0213259 -0.036385 -0.00648785 0.00240503 -0.0470598
internal_weight=1379.9 1288.04 660.927 552.71 108.216 627.109 606.651 91.8632 20.4582 53.8046 44.7018 38.0586
internal_count=14112 9357 4668 3915 753 4689 4557 4755 132 1589 1053 3166
cat_boundaries=0 1 2
cat_threshold=48 1
is_linear=0
shrinkage=0.05


Tree=87
num_leaves=15
num_cat=1
split_feature=0 4 33 38 37 40 35 34 43 34 31 38 10 4
split_gain=20.9345 17.4395 24.4713 46.2444 26.553 12.5106 26.4232 22.386 19.5553 17.4153 14.0804 11.4484 10.5786 9.15461
threshold=0 0.022575936829235404 34.550000000000004 6.8250000000000011 32.500000000000007 2.0500000000000003 75.538690500000016 20.350000000000005 3.5500000000000003 23.250000000000004 27.550000000000001 6.1437500000000016 58.770833500000002 -0.79384350655589164
decision_type=1 2 2 2 2 2 2 2 2 2 2 2 2 2
left_child=1 11 3 -3 -4 7 8 10 -7 -8 -2 13 -9 -1
right_child=5 2 4 -5 -6 6 9 12 -10 -11 -12 -13 -14 -15
leaf_value=0.022649604126594846 0.0075244264441729535 0.039519882263571733 -0.0029577230023362178 -0.023696409867085187 0.039921004079161139 -0.007210341867186847 0.013305411723064174 -0.017201736432701391 -0.044614777802971871 -0.0074590693008742479 -0.068879891957765838 0.027743108606134732 0.019557223227143934 -0.036609541435014631
leaf_weight=11.278635697439315 10.032288410700859 35.397063788026571 77.893207468092442 140.70037106797099 66.095592387020588 66.600445678457618 128.1594216870144 22.165381962899119 73.586868328973651 462.22183426562697 13.465020691510288 132.06339849531651 131.59467665757984 12.997216515243052
leaf_count=157 107 366 553 992 686 699 1199 243 863 4701 175 1812 1378 157
internal_value=-0.000207441 0.00817164 0.00163756 -0.010838 0.0168646 -0.00464769 -0.00758888 0.00718827 -0.0270215 -0.00293666 -0.0372832 0.0219733 0.0141813 -0.00927072
internal_weight=1384.25 476.425 320.086 176.097 143.989 907.826 730.569 177.257 140.187 590.381 23.4973 156.339 153.76 24.2759
internal_count=14088 4723 2597 1358 1239 9365 7462 1903 1562 5900 282 2126 1621 314
cat_boundaries=0 1
cat_threshold=9
is_linear=0
shrinkage=0.05


Tree=88
num_leaves=15
num_cat=1
split_feature=0 34 34 26 36 43 43 24 33 37 43 20 36 33
split_gain=25.6386 18.4774 52.3003 24.0835 19.4044 12.6206 13.8145 15.1203 13.6681 11.8604 17.3844 11.8217 11.9858 9.1139
threshold=0 25.150000000000002 24.550000000000004 16.850000000000005 96.500000000000014 13.65 2.7500000000000004 36.500000000000007 31.950000000000003 66.500000000000014 30.750000000000004 33.250000000000007 89.500000000000014 31.850000000000005
decision_type=1 2 2 2 2 2 2 2 2 2 2 2 2 2
left_child=1 2 4 -4 -1 6 7 -2 -8 10 -7 -3 -13 -11
right_child=5 11 3 -5 -6 9 8 -9 -10 13 -12 12 -14 -15
leaf_value=-0.0041828640218340013 -0.024623892479669014 -0.018808836493129293 -0.060533765979642211 -0.013357425024601299 0.013066403783843756 0.010934653580823295 -0.0024682816480817143 0.014552259564185953 -0.048644801230407597 -0.036396445509896312 -0.025118380381254881 -0.0095893215807939004 0.044950980973027937 0.017232852414590369
leaf_weight=240.83218033984303 57.363999984692782 11.226645231246946 35.670050546526909 106.5110378600657 501.19552232697606 143.01431260583922 22.151264129206538 41.73971007950604 58.015449199359864 37.027771983295679 42.555088776163757 11.897805087268351 55.053032327443361 9.3609201693907362
leaf_count=1412 1209 66 177 606 4229 2088 349 717 1320 585 641 92 465 146
internal_value=-0.000296419 0.0041715 0.00214016 -0.025533 0.00746989 -0.0105818 -0.020764 -0.00814345 -0.0360731 -0.00311135 0.00257659 0.0273561 0.0352602 -0.0254391
internal_weight=1373.61 962.386 884.209 142.181 742.028 411.229 179.27 99.1037 80.1667 231.958 185.569 78.1775 66.9508 46.3887
internal_count=14102 7047 6424 783 5641 7055 3595 1926 1669 3460 2729 623 557 731
cat_boundaries=0 1
cat_threshold=13
is_linear=0
shrinkage=0.05


Tree=89
num_leaves=15
num_cat=3
split_feature=0 35 43 43 5 43 5 25 1 39 39 39 1 43
split_gain=20.618 16.8605 17.3389 28.7505 20.0797 11.3233 15.1022 18.1338 17.5693 9.98042 6.59272 4.47159 4.45079 2.08284
threshold=0 88.366071500000018 17.900000000000002 17.100000000000005 -0.80417042486635371 17.750000000000004 -0.85225707553516283 8.4222220000000014 1 21.250000000000004 14.550000000000002 22.550000000000004 2 56.500000000000007
decision_type=1 2 2 2 2 2 2 2 1 2 2 2 1 2
left_child=5 2 3 -2 -4 6 7 -1 -8 12 -7 -11 -3 -12
right_child=1 9 4 -5 -6 10 8 -9 -10 11 13 -13 -14 -15
leaf_value=0.023851899191360552 -0.0031645253136362121 -0.077590943290363756 0.021551991128510504 -0.045966350378929127 -0.0014353904357722522 -0.028781136231328275 0.039188934881112247 -0.059117781112526115 -0.0016510036457484613 0.013611863369083394 0.046651712006606866 -0.031124331511651587 -0.027651648451984253 -0.00057813837071551651
leaf_weight=10.595753092318775 709.30162129504606 11.161981912329793 152.45832429360598 40.546364818699658 249.07567849941552 2.7107348926365367 48.781837454065681 14.710397776216267 55.747080106288195 10.96649990975857 37.776179311797023 9.5761605482548458 9.7062392849475145 2.4579856246709815
leaf_count=100 6904 96 1532 386 2486 29 642 83 638 120 845 108 92 11
internal_value=0.000212269 -0.0021724 -0.00104924 -0.00553708 0.00732454 0.015808 0.00921026 -0.024792 0.017599 -0.0331517 0.0386888 -0.00771908 -0.0566898 0.0438223
internal_weight=1365.57 1192.79 1151.38 749.848 401.534 172.78 129.835 25.3062 104.529 41.4109 42.9449 20.5427 20.8682 40.2342
internal_count=14072 11724 11308 7290 4018 2348 1463 183 1280 416 885 228 188 856
cat_boundaries=0 1 2 3
cat_threshold=1 1 1
is_linear=0
shrinkage=0.05


Tree=90
num_leaves=11
num_cat=1
split_feature=0 39 6 6 22 32 43 43 31 35
split_gain=20.9695 20.4335 19.6153 25.5589 18.4082 10.9091 9.68926 6.41505 4.10714 3.1293
threshold=0 29.150000000000002 2.5000000000000004 1.5000000000000002 88.270833500000023 26.922619500000003 29.550000000000004 31.350000000000005 52.750000000000007 87.645833500000023
decision_type=1 2 2 2 2 2 2 2 2 2
left_child=5 2 3 -2 -4 6 8 -8 -1 -7
right_child=1 -3 4 -5 -6 9 7 -9 -10 -11
leaf_value=-0.025791972691141325 -0.0040222709289740128 0.055829694855259328 0.0062103542544198961 -0.042722067934956073 -0.01903439790772686 -0.049327426489614676 0.065754353148660738 -0.0029420702033038128 0.050542305555598438 0.023307291199920446
leaf_weight=38.262773213442415 264.99237037077546 15.921105630695818 868.00402771867812 49.914602620527148 77.787950873374939 33.797987231053412 4.8365445211529714 7.9412067625671625 0.94016118347644706 0.99223333224654098
leaf_count=1311 1760 107 6589 304 639 3063 67 190 11 24
internal_value=-0.000462054 0.0012401 0.00051682 -0.0102722 0.00411615 -0.0227797 -0.0105157 0.0259456 -0.0227497 -0.0466625
internal_weight=1363.39 1276.62 1260.7 314.907 945.792 86.7709 51.9807 12.7778 39.2029 34.7902
internal_count=14065 9399 9292 2064 7228 4666 1579 257 1322 3087
cat_boundaries=0 1
cat_threshold=48
is_linear=0
shrinkage=0.05


Tree=91
num_leaves=14
num_cat=2
split_feature=39 39 5 44 39 39 0 4 37 4 4 34 1
split_gain=18.8509 38.1374 29.3559 40.1704 22.0069 19.9049 27.939 27.7389 18.9726 25.012 6.94319 6.35111 6.04706
threshold=25.250000000000004 23.550000000000004 -0.90161545992537195 39.400000000000013 24.800000000000001 20.000000000000004 0 0.42179998225932674 25.500000000000004 -0.31799228562170639 -0.90893996196865012 24.350000000000005 1
decision_type=2 2 2 2 2 2 1 2 2 2 2 2 1
left_child=1 5 4 -4 -3 7 -7 -1 12 10 -10 -11 -2
right_child=8 2 3 -5 -6 6 -8 -9 9 11 -12 -13 -14
leaf_value=0.0033612619473799826 -0.0058498425540614617 -0.010497959183412741 -0.08523010647631693 -0.0032834382524364624 -0.094938564121544763 0.018047938371640416 -0.0088975133297224968 -0.019108011315043777 0.0081890539040245618 0.022304618747435008 -0.033849362801523085 0.048571490023203143 -0.084576446965876129
leaf_weight=410.70514050684869 4.6611789148300868 12.267380970064549 16.055640569888055 122.1744846329093 21.126477387733757 296.76555296219885 134.67732861917466 205.20356048364192 19.501980409026146 50.915506242774427 18.172558185644448 46.449087320826948 4.5132032344117761
leaf_count=4324 38 142 160 1198 146 2340 2322 2001 215 513 173 472 34
internal_value=6.31786e-05 -0.00196393 -0.0237396 -0.0133455 -0.0651261 0.00162357 0.00984724 -0.00414371 0.017093 0.0219168 -0.0124394 0.035202 -0.0490845
internal_weight=1363.19 1218.98 171.624 138.23 33.3939 1047.35 431.443 615.909 144.214 135.039 37.6745 97.3646 9.17438
internal_count=14078 12633 1646 1358 288 10987 4662 6325 1445 1373 388 985 72
cat_boundaries=0 1 2
cat_threshold=13 1
is_linear=0
shrinkage=0.05


Tree=92
num_leaves=14
num_cat=2
split_feature=0 43 5 36 37 0 33 39 44 43 39 44 7
split_gain=16.7686 12.9619 17.6437 18.5811 18.5709 12.5473 13.27 12.7002 19.3375 7.19382 4.86103 2.10784 0.103905
threshold=0 17.750000000000004 -0.46800559042974538 97.500000000000014 32.500000000000007 1 32.050000000000004 29.150000000000002 47.70000000000001 29.550000000000004 14.550000000000002 31.150000000000002 29.635417000000004
decision_type=1 2 2 2 2 1 2 2 2 2 2 2 2
left_child=1 2 3 -1 -4 7 9 8 -2 -7 -3 -12 -9
right_child=5 10 4 -5 -6 6 -8 12 -10 -11 11 -13 -14
leaf_value=0.0179864415747715 0.00035884061056901221 -0.021664336155451942 -0.00084760217116077873 -0.045575658404614645 0.046003958190551725 -0.017498771088069805 -0.048775956825516054 0.055274103638127049 -0.028440181245670833 0.022681476602792953 0.0021734123063913142 0.046546961623370207 0.026106293633652446
leaf_weight=19.646823652088642 1040.2583806924522 2.5173759050667277 46.566205140203238 25.352218709886074 37.698338724672794 43.09101920761168 28.796456454321742 8.1004207804799062 60.747371673583984 13.966134836897252 2.993827022612094 35.932826437056065 3.3976047337055197
leaf_count=174 6626 28 386 216 685 1242 3224 54 378 241 63 806 22
internal_value=-6.43626e-05 0.014099 0.00698816 -0.0180364 0.0204066 -0.00219131 -0.0194669 -0.000680583 -0.00125449 -0.0074424 0.0389122 0.0432741 0.0494336
internal_weight=1369.07 170.708 129.264 44.999 84.2645 1198.36 85.8536 1112.5 1101.01 57.0572 41.444 38.9267 11.498
internal_count=14145 2358 1461 390 1071 11787 4707 7080 7004 1483 897 869 76
cat_boundaries=0 1 2
cat_threshold=1 14
is_linear=0
shrinkage=0.05


Tree=93
num_leaves=14
num_cat=3
split_feature=0 34 5 31 36 0 39 44 22 34 44 1 33
split_gain=19.2058 12.9626 16.7594 18.2107 15.3243 12.9115 12.9578 19.2163 11.7082 10.5241 7.62318 4.35454 3.88803
threshold=0 20.550000000000004 -0.5129677127369543 25.400000000000002 96.500000000000014 1 29.150000000000002 47.70000000000001 85.673611500000007 22.950000000000003 41.95000000000001 2 31.050000000000004
decision_type=1 2 2 2 2 1 2 2 2 2 2 1 2
left_child=1 4 3 -3 11 6 7 -2 12 -10 -4 -1 -7
right_child=5 2 10 -5 -6 8 -8 -9 9 -11 -12 -13 -14
leaf_value=-0.015943714353576811 0.00019566414891300046 -0.088695364632372709 0.045829696450706614 0.0095709541620477272 0.044942942282695741 0.0061065127413610894 0.051960437891055117 -0.027793791794442847 0.053114276191178922 -0.015128572836636114 0.011792569285331815 -0.075832464948641057 -0.049341817356683748
leaf_weight=6.0096083953976649 1025.7667677626014 4.0806689113378516 57.35794897004962 64.58823512122035 5.032785225659608 3.2689467892050734 10.463715508580206 64.220711924135685 5.5249660573899737 41.556675397325307 24.111402785405517 6.9025393277406693 31.91230135736987
leaf_count=31 6565 35 1134 803 81 86 72 394 88 1396 233 33 3093
internal_value=-0.000150495 0.0151207 0.0208271 0.00254217 -0.0232198 -0.00243886 -0.000914273 -0.0014774 -0.0203204 -0.00618225 0.0360213 -0.0511084 -0.0441633
internal_weight=1350.8 168.083 150.138 68.6689 17.9449 1182.71 1100.45 1089.99 82.2629 47.0816 81.4694 12.9121 35.1812
internal_count=14044 2350 2205 838 145 11694 7031 6959 4663 1484 1367 64 3179
cat_boundaries=0 1 2 3
cat_threshold=1 14 1
is_linear=0
shrinkage=0.05


Tree=94
num_leaves=15
num_cat=2
split_feature=1 5 39 43 44 5 39 38 31 4 0 38 44 2
split_gain=18.041 23.3531 26.5497 24.0909 22.396 17.5603 30.6685 40.4171 26.5129 16.7408 14.5201 11.9036 11.6723 11.0329
threshold=0 0.84199059757024453 18.750000000000004 14.350000000000003 38.70000000000001 0.73136292505298039 18.650000000000002 7.6613095000000007 26.450000000000006 0.92922379131507438 1 8.9562500000000025 39.400000000000013 9.5000000000000018
decision_type=1 2 2 2 2 2 2 2 2 2 1 2 2 2
left_child=5 2 9 -4 -3 8 12 -8 13 -2 -10 -6 -7 -1
right_child=1 4 3 -5 11 6 7 -9 10 -11 -12 -13 -14 -15
leaf_value=-0.049661078539969553 -0.031199645939507071 0.023643937039927027 -0.014041285687195882 0.01030131547933328 -0.067623536914876672 0.02006590963228834 -0.08252902733983232 -0.0063863566902706038 0.019128306484814613 0.028756442207533119 0.00043692766526646143 0.024888551741664561 -0.072589572541340214 0.018867188433474395
leaf_weight=24.061141022015367 155.21756534324959 96.779077164828777 227.10878027416766 182.37770342454314 10.480278745759277 64.048185133840889 24.379321718588471 56.236618318594992 306.31935698539019 11.812619431409983 165.97402184456587 4.3683755397796622 2.6167824920266858 7.0830428861081591
leaf_count=224 1541 999 2204 2019 91 701 230 591 2585 117 2564 45 21 79
internal_value=-0.000382536 -0.00602231 -0.0100766 -0.00320086 0.0148201 0.0055817 -0.00955857 -0.030142 0.0100212 -0.0268136 0.0129879 -0.040554 0.0154099 -0.0339738
internal_weight=1338.86 688.144 576.517 409.486 111.628 650.718 147.281 80.6159 503.438 167.03 472.293 14.8487 66.665 31.1442
internal_count=14011 7016 5881 4223 1135 6995 1543 821 5452 1658 5149 136 722 303
cat_boundaries=0 1 2
cat_threshold=1 13
is_linear=0
shrinkage=0.05


Tree=95
num_leaves=15
num_cat=1
split_feature=0 40 44 32 44 40 43 34 5 33 5 26 35 37
split_gain=17.6356 19.1986 17.9414 34.7925 29.3677 11.8364 25.1924 23.2755 20.7691 19.5553 12.5951 12.4666 11.2148 6.63568
threshold=0 72.500000000000014 41.95000000000001 29.065178500000005 34.400000000000013 1.9500000000000002 13.550000000000002 20.350000000000005 -0.7614016681079937 31.950000000000003 0.98486764554468398 16.450000000000003 88.511904500000014 66.500000000000014
decision_type=1 2 2 2 2 2 2 2 2 2 2 2 2 2
left_child=1 2 4 -4 -1 7 9 11 -8 -7 -9 -2 -3 -14
right_child=5 12 3 -5 -6 6 8 10 -10 -11 -12 -13 13 -15
leaf_value=-0.0095977940316641017 0.0018199264229790532 0.034947746830633487 -0.027015002091429298 0.051177392573169937 0.024014666094287967 0.011528458644041511 0.013148303302843931 0.011301976074283742 -0.0083425172620225918 -0.025484568361240235 0.0662171672248556 -0.070086727943617796 -0.071666345562986095 0.0083707562133503426
leaf_weight=109.68823483772576 11.006397803314032 81.64004790596664 86.076928792521358 16.052306555211544 156.92229879461229 42.400413777679205 189.0040747364983 135.35645062802359 274.33400598075241 208.55321500543505 10.401799703948198 12.194298706948755 2.9442842677235586 7.0279895830899477
leaf_count=1089 119 1228 492 149 1632 428 1971 1483 2710 2392 96 159 42 86
internal_value=0.000503811 0.00832288 0.00338183 -0.0143479 0.0102017 -0.00362939 -0.00648516 0.00819726 0.000433418 -0.01921 0.0156454 -0.0373086 0.0288581 -0.0196379
internal_weight=1343.6 460.352 368.74 102.129 266.611 883.251 714.292 168.959 463.338 250.954 145.758 23.2007 91.6123 9.97227
internal_count=14076 4718 3362 641 2721 9358 7501 1857 4681 2820 1579 278 1356 128
cat_boundaries=0 1
cat_threshold=9
is_linear=0
shrinkage=0.05


Tree=96
num_leaves=15
num_cat=1
split_feature=43 8 34 36 39 0 33 34 25 31 39 34 4 34
split_gain=15.2086 33.5801 38.3063 32.6391 18.5814 26.4389 17.2144 23.1038 17.0582 15.4108 14.9092 14.3428 16.0826 11.5828
threshold=17.900000000000002 33.250000000000007 24.450000000000003 96.500000000000014 18.750000000000004 0 31.850000000000005 24.450000000000003 7.1833330000000002 49.150000000000006 21.450000000000003 20.350000000000005 0.76140650896573492 23.050000000000004
decision_type=2 2 2 2 2 1 2 2 2 2 2 2 2 2
left_child=1 2 3 -1 6 9 13 -8 -4 -6 -7 -3 -13 -2
right_child=4 11 8 -5 5 10 7 -9 -10 -11 -12 12 -14 -15
leaf_value=-0.031293373901288835 0.010297139605693811 -0.057916859807258352 0.017328064237850282 0.0024715039009336769 0.03248712232387576 0.015510161166886936 0.019889706392416825 -0.027818060817871412 -0.04558831233962158 -0.038982175415399438 -0.021285310736633489 0.023595094880798417 0.0012045206540329144 -0.034649539296643134
leaf_weight=92.091104022692889 18.623828414827585 7.2354576773941508 11.586531814653425 309.10218827100471 153.23419248498976 49.399744941852987 90.698879896663129 34.125493687577546 96.633264923933893 7.1127864532172671 59.746245006099343 121.03414616640657 234.274825474713 56.066647449508309
leaf_count=853 199 57 106 3300 1548 687 940 309 808 56 912 1270 2432 592
internal_value=-0.000327258 -0.00423127 -0.0124988 -0.00533752 0.00692447 0.0154646 -0.00463069 0.00672954 -0.0387552 0.0273969 -0.00425561 0.0073879 0.00887657 -0.0234543
internal_weight=1340.97 871.958 509.413 401.193 469.008 269.493 199.515 124.824 108.22 160.347 109.146 362.544 355.309 74.6905
internal_count=14069 8826 5067 4153 5243 3203 2040 1249 914 1604 1599 3759 3702 791
cat_boundaries=0 1
cat_threshold=13
is_linear=0
shrinkage=0.05


Tree=97
num_leaves=15
num_cat=1
split_feature=33 1 4 4 5 5 39 2 5 39 35 38 42 9
split_gain=17.3578 17.0973 24.5565 41.5626 21.5671 16.6924 25.8618 21.106 10.2009 5.4362 3.48623 2.91105 1.77177 0.349207
threshold=36.850000000000001 0 0.76140650896573492 -0.57078386445773377 -0.46800559042974538 0.71952396275653763 17.850000000000005 9.5000000000000018 -0.013976481981245098 21.750000000000004 64.949405000000013 12.119345000000001 6.5000000000000009 24.350000000000005
decision_type=2 1 2 2 2 2 2 2 2 2 2 2 2 2
left_child=1 5 3 -3 -4 7 -7 -1 9 12 -11 13 -2 -10
right_child=8 2 4 -5 -6 6 -8 -9 11 10 -12 -13 -14 -15
leaf_value=0.0045866860220864442 0.029649813154599559 -0.022779656907798609 -0.081308349026415039 0.0075555824124312505 -0.01899197117970099 0.017624771154230032 -0.025459571744606974 0.035050972951990909 0.0020005185781782073 0.0082946202745322797 -0.023547702421477721 0.051798477789643166 -0.0077018293719332935 0.023091659915185331
leaf_weight=386.1270853979513 21.784453904721889 167.60813988884911 15.013785167597232 340.89625168405473 114.74569607246667 53.303853387478739 96.55685006827116 65.763534871861339 2.7290065633133045 18.818796895910054 14.277777712326495 23.166983495466411 3.2684033391997209 8.4926204970106465
leaf_count=4174 247 1852 147 3410 1138 601 1000 770 20 190 164 245 43 75
internal_value=-0.000182237 -0.00174761 -0.00744279 -0.0024683 -0.0267689 0.00429546 -0.0101197 0.00908775 0.0205883 0.00756242 -0.00572982 0.0417782 0.0246683 0.0185458
internal_weight=1332.55 1240.02 638.264 508.504 129.759 601.751 149.861 451.891 92.538 58.1494 33.0966 34.3886 25.0529 11.2216
internal_count=14076 13092 6547 5262 1285 6545 1601 4944 984 644 354 340 290 95
cat_boundaries=0 1
cat_threshold=1
is_linear=0
shrinkage=0.05


Tree=98
num_leaves=15
num_cat=1
split_feature=0 2 44 32 33 43 36 37 43 39 20 17 32 5
split_gain=19.2156 15.206 18.951 28.7422 27.4077 12.452 12.1082 11.6325 15.1263 13.7603 11.576 8.87501 5.24792 0.0789818
threshold=0 6.5000000000000009 45.20000000000001 29.065178500000005 34.550000000000004 43.800000000000004 99.500000000000014 66.500000000000014 19.050000000000004 17.650000000000002 31.250000000000004 43.000000000000007 28.811607000000006 -0.77788789561442695
decision_type=1 2 2 2 2 2 2 2 2 2 2 2 2 2
left_child=1 2 4 -4 -1 7 11 8 -2 -9 -8 -3 -7 -14
right_child=5 6 3 -5 -6 12 10 9 -10 -11 -12 -13 13 -15
leaf_value=-0.005557176649153478 -0.0055983463121452616 0.039875580218466752 -0.050903020976428605 0.046579001415039151 0.026964765519035358 -0.069280270748769204 -0.029469949776535432 -0.078661856380371972 0.0097779534305478116 -0.013267921528509481 0.019128119827045247 -0.00015974168141332957 0.0061379000106747553 -0.0056071933080567953
leaf_weight=162.7980922460556 546.28272452671081 76.676544059067965 31.797949071973562 8.9721735604107362 106.30747639201581 9.2398695647716504 17.48578417301178 7.9168247003108254 225.00187926134095 91.135730993933976 35.374633137136698 16.834944495931268 1.709019171074033 2.0351705141365519
leaf_count=1307 5964 1144 173 84 1048 114 229 81 2248 960 577 159 22 24
internal_value=0.000399889 0.0086117 0.0025034 -0.0288489 0.00734256 -0.00389985 0.0220229 -0.0031881 -0.00110586 -0.0192285 0.0028036 0.0327426 -0.0507587 -8.24375e-05
internal_weight=1339.57 456.248 309.876 40.7701 269.106 883.321 146.372 870.337 771.285 99.0526 52.8604 93.5115 12.9841 3.74419
internal_count=14134 4721 2612 257 2355 9413 2109 9253 8212 1041 806 1303 160 46
cat_boundaries=0 1
cat_threshold=9
is_linear=0
shrinkage=0.05


Tree=99
num_leaves=15
num_cat=1
split_feature=0 34 34 23 37 32 34 11 34 4 5 38 24 26
split_gain=21.2111 20.6152 37.5196 23.7509 16.3531 10.9411 12.7095 10.0194 8.81666 14.6409 10.7912 5.31532 3.41408 1.65219
threshold=0 25.150000000000002 24.550000000000004 96.500000000000014 25.500000000000004 28.075297500000001 25.650000000000002 84.500000000000014 23.350000000000005 -0.90893996196865012 -0.4295879841196229 12.416964000000002 39.500000000000007 25.100000000000005
decision_type=1 2 2 2 2 2 2 2 2 2 2 2 2 2
left_child=1 2 4 -4 -1 -3 -7 11 9 -9 -10 12 -2 -13
right_child=7 5 3 -5 -6 6 -8 8 10 -11 -12 13 -14 -15
leaf_value=-0.041644118605180164 -0.048327636477030839 -0.039182138722757109 -0.00067170388458024765 -0.041879191126468873 0.0077506305321409898 0.059492628684603158 0.015962712630567064 0.055970683554104741 -0.0039286053501012899 -0.0018341582230283441 -0.025586499361346261 -0.012917295482618572 -0.0037952081527289844 0.034145403968606818
leaf_weight=16.1828353703022 27.219038636656478 4.6410458907484999 68.569201819598675 70.427847184240818 704.12962527386844 28.447571048513055 41.410274542868137 11.24433074146509 145.30691258842126 103.45285156671889 94.679619244299829 3.2315951520577064 5.290030716918408 2.4478800594806671
leaf_count=74 678 23 402 370 5597 243 374 139 2505 1851 1642 38 98 43
internal_value=4.95013e-05 0.00414839 0.00198948 -0.021701 0.00658471 0.0292437 0.0342784 -0.00954191 -0.00711067 0.00426752 -0.0125438 -0.0337997 -0.0414106 0.00944213
internal_weight=1326.68 933.808 859.31 138.997 720.312 74.4989 69.8578 392.872 354.684 114.697 239.987 38.1885 32.5091 5.67948
internal_count=14077 7083 6443 772 5671 640 617 6994 6137 1990 4147 857 776 81
cat_boundaries=0 1
cat_threshold=13
is_linear=0
shrinkage=0.05


Tree=100
num_leaves=13
num_cat=1
split_feature=0 39 44 40 4 43 5 37 23 39 44 35
split_gain=17.6648 12.0706 12.4699 22.0279 16.5315 10.2231 11.198 17.5366 16.1586 3.60662 2.46424 0.0981442
threshold=0 29.150000000000002 46.600000000000001 65.65000000000002 0.97875492728876534 17.750000000000004 -0.46800559042974538 32.500000000000007 95.500000000000014 14.550000000000002 31.150000000000002 64.050595500000014
decision_type=1 2 2 2 2 2 2 2 2 2 2 2
left_child=5 2 4 -4 -2 6 8 -8 -1 -7 -11 -3
right_child=1 11 3 -5 -6 9 7 -9 -10 10 -12 -13
leaf_value=0.037203518590267791 -7.6925417153736643e-05 0.049525990942026657 -0.042354189040846014 0.0060989922852634354 -0.024384959481218254 -0.014626005979783294 -0.0015225545267452804 0.045223279144678358 -0.029178140576123279 -0.0036978876440440264 0.045660786918471169 0.017496605416618276
leaf_weight=11.560292795300482 981.69446779903956 9.5686037996783835 51.532912975177169 41.977445123717189 74.310683528892696 2.572636764496564 44.974550489336252 35.130672972649336 33.354806620627642 2.5822220668196669 32.121441446244717 1.7472216244786967
leaf_count=120 9935 113 468 442 775 28 383 703 275 56 804 20
internal_value=-0.000625126 -0.00281903 -0.00336798 -0.0207688 -0.00180892 0.0142858 0.00816397 0.019283 -0.0116546 0.0378002 0.0419874 0.0464027
internal_weight=1323.13 1160.83 1149.52 93.5104 1056.01 162.297 125.02 80.1052 44.9151 37.2763 34.7037 11.3158
internal_count=14122 11753 11620 910 10710 2369 1481 1086 395 888 860 133
cat_boundaries=0 1
cat_threshold=1
is_linear=0
shrinkage=0.05


Tree=101
num_leaves=15
num_cat=2
split_feature=0 4 38 33 26 40 25 5 33 23 5 38 13 1
split_gain=14.9912 12.7358 26.1778 27.5856 15.836 9.71926 10.5581 15.476 13.9983 8.75054 8.19547 4.74853 1.96971 1.51093
threshold=0 0.022575936829235404 6.8250000000000011 34.550000000000004 12.850000000000003 132.00000000000003 6.8013890000000012 -0.70289845916694649 36.050000000000004 99.500000000000014 -0.52765736634565841 7.547619000000001 4.7645835000000014 1
decision_type=1 2 2 2 2 2 2 2 2 2 2 2 2 1
left_child=1 4 12 -4 10 6 7 -2 -8 -6 -1 -7 -3 -13
right_child=5 2 3 -5 9 11 8 -9 -10 -11 -12 13 -14 -15
leaf_value=-0.087503713358891594 0.025348309444202646 0.0037360110998963581 -0.018446637333459942 0.013525904884428952 0.033133754861779038 -0.069669340800711341 -0.0094274509343313453 -0.0022235317469126129 0.010755049604602883 -0.0020476701289339851 -0.0054073581312030087 -0.032583149513888902 0.048261449836678703 0.0086198841351318202
leaf_weight=2.7857249677181271 72.551057264208794 2.90147187560797 138.12448129616678 130.00676885247231 100.34066474065185 7.0069502526894194 519.3176737583708 164.76033399254084 102.03720334405079 21.272302780300379 16.222296744585037 3.2902479534968734 28.800504190847278 3.9486227137967944
leaf_count=25 760 33 995 1212 1553 81 5715 1606 1134 317 222 40 333 44
internal_value=0.000448845 0.00785505 0.00218858 -0.0029517 0.020391 -0.00334451 -0.00267694 0.00627675 -0.00610118 0.0270134 -0.0212111 -0.0429608 0.0444252 -0.0117896
internal_weight=1313.37 440.454 299.833 268.131 140.621 872.912 858.666 237.311 621.355 121.613 19.008 14.2458 31.702 7.23887
internal_count=14070 4690 2573 2207 2117 9380 9215 2366 6849 1870 247 165 366 84
cat_boundaries=0 1 2
cat_threshold=9 1
is_linear=0
shrinkage=0.05


Tree=102
num_leaves=15
num_cat=1
split_feature=33 4 39 37 44 2 8 14 34 26 38 1 37 25
split_gain=14.5181 20.3549 19.8064 16.7447 15.6072 27.9956 16.7198 12.7381 10.6373 3.78886 2.96551 3.62204 2.7917 1.32674
threshold=36.850000000000001 0.97696484778429815 22.850000000000005 40.500000000000007 46.600000000000001 6.5000000000000009 33.250000000000007 17.550000000000004 25.750000000000004 22.650000000000002 12.119345000000001 0 23.500000000000004 11.896527500000001
decision_type=2 2 2 2 2 2 2 2 2 2 2 1 2 2
left_child=1 4 7 -4 6 -6 -1 -3 10 13 11 -2 -11 -10
right_child=8 2 3 -5 5 -7 -8 -9 9 12 -12 -13 -14 -15
leaf_value=-0.0016588557363882415 0.042520301642498731 -0.031229423429059162 -0.080139338207991059 0.0043752943396859886 -0.061202193426435771 -0.002754512256811364 0.013629639708219014 0.024779675386066617 0.0053729199635509581 0.0052350987010813749 0.049139117661957409 0.0031225317044347055 -0.033464815242313671 0.027451478016966777
leaf_weight=825.9120766480919 10.189139678142965 20.021901701111346 21.588940237183127 7.7793221091851583 27.19062931323424 75.355620458722115 227.19614055054262 18.65269878692925 22.057596363127235 8.1852916982024926 21.821413362398744 12.548894442617893 9.1420917017385346 9.2977634789422137
leaf_count=8910 116 217 221 76 207 805 2430 225 246 75 241 116 98 109
internal_value=-0.00029118 -0.00174616 -0.0281183 -0.0583455 -0.000170446 -0.0186936 0.00164926 -0.00427262 0.0186196 0.00231988 0.0359859 0.0218246 -0.0158952 0.0125659
internal_weight=1316.94 1223.7 68.0429 29.3683 1155.65 102.546 1053.11 38.6746 93.2422 48.6827 44.5594 22.738 17.3274 31.3554
internal_count=14092 13091 739 297 12352 1012 11340 442 1001 528 473 232 173 355
cat_boundaries=0 1
cat_threshold=1
is_linear=0
shrinkage=0.05


Tree=103
num_leaves=13
num_cat=1
split_feature=0 22 30 30 43 2 26 34 39 44 24 34
split_gain=16.0934 12.1783 14.0894 20.1131 17.796 8.74894 10.4834 9.77877 8.39489 10.9836 6.14275 5.84017
threshold=0 88.256944500000017 13.65 15.050000000000002 3.5500000000000003 9.5000000000000018 13.15 20.700000000000006 19.350000000000005 33.650000000000006 57.500000000000007 23.950000000000003
decision_type=1 2 2 2 2 2 2 2 2 2 2 2
left_child=5 2 4 -4 -2 6 10 -8 9 -3 -1 -10
right_child=1 8 3 -5 -6 -7 7 -9 11 -11 -12 -13
leaf_value=0.010439928957692701 0.0040936133652285829 -0.0017331377726107424 0.035274987327010829 0.0023441801283267624 -0.011421609513935126 0.0491446595600998 -0.025974602042798497 0.018622345840807169 0.01508630687082628 -0.056733537445211216 -0.080277938056127443 -0.021276196928466291
leaf_weight=2.6988351307809344 333.78028413048014 14.171420449391006 54.848044540733099 274.15725758997723 412.01141678076237 16.156900269910693 12.772786960005758 122.72827911749482 19.035261316224933 24.576028192881495 3.8441804181784391 23.696509262546897
leaf_count=29 3332 131 541 2812 4220 477 75 1738 205 228 42 261
internal_value=5.34686e-06 -0.00208369 -0.000680181 0.00792429 -0.00448156 0.0144164 0.0111581 0.014259 -0.0206173 -0.0371675 -0.0464357 -0.00510361
internal_weight=1314.48 1156.28 1074.8 329.005 745.792 158.201 142.044 135.501 81.4792 38.7474 6.54302 42.7318
internal_count=14091 11730 10905 3353 7552 2361 1884 1813 825 359 71 466
cat_boundaries=0 1
cat_threshold=1
is_linear=0
shrinkage=0.05


Tree=104
num_leaves=15
num_cat=1
split_feature=1 5 35 34 39 35 4 39 32 31 32 23 39 4
split_gain=15.6375 21.6854 21.79 20.4339 17.3124 15.5209 15.1126 21.4911 14.9389 14.0427 11.1161 10.1281 8.35163 2.99958
threshold=0 0.81800285027139286 62.229166500000012 21.250000000000004 18.850000000000005 88.366071500000018 -0.10837695015263894 25.250000000000004 25.737797500000003 32.95000000000001 26.779762000000002 98.500000000000014 19.750000000000004 -0.8781231054254196
decision_type=1 2 2 2 2 2 2 2 2 2 2 2 2 2
left_child=5 3 12 10 -5 6 8 -8 -1 -4 -2 -7 -3 -13
right_child=1 2 9 4 -6 11 7 -9 -10 -11 -12 13 -14 -15
leaf_value=-0.051859824387120328 -0.082799192506315553 0.017683706940407433 0.011819037200897897 -0.020890571588844928 -0.0012563784791267824 -0.0061835426629975685 -0.0029476395143781947 0.035273171673388878 0.019534881284544871 0.054572932627656147 -0.016017354924419615 -0.014916352607001188 -0.057569315264468013 -0.090497416569639277
leaf_weight=6.6374339163303366 13.147703745868059 4.5590049317106631 78.536182301584631 161.55872470652685 363.39067780505866 13.013135362416508 348.24446643306874 40.108943047467619 222.57611688319594 24.799418498761952 12.192050357814876 2.152461277320981 12.300455699209122 6.2607299108058196
leaf_count=68 114 47 844 1674 3868 161 3669 444 2592 236 118 26 105 61
internal_value=3.46598e-05 -0.00529555 0.0138669 -0.0094986 -0.00732724 0.00562709 0.00710037 0.00108024 0.0172512 0.0225042 -0.0524956 -0.03526 -0.0373692 -0.0747993
internal_weight=1309.48 670.484 120.195 550.289 524.949 638.993 617.567 388.353 229.214 103.336 25.3398 21.4263 16.8595 8.41319
internal_count=14027 7006 1232 5774 5542 7021 6773 4113 2660 1080 232 248 152 87
cat_boundaries=0 1
cat_threshold=1
is_linear=0
shrinkage=0.05


Tree=105
num_leaves=13
num_cat=2
split_feature=0 1 5 43 44 39 35 33 39 38 4 10
split_gain=14.8439 14.7691 20.1028 23.3863 21.9206 15.6015 13.4557 10.9128 5.75255 9.62703 4.18404 1.53899
threshold=0 1 0.84199059757024453 19.050000000000004 38.70000000000001 26.050000000000004 87.824405000000013 32.050000000000004 17.850000000000005 6.9791665000000007 -0.34235669412071196 89.854166500000005
decision_type=1 1 2 2 2 2 2 2 2 2 2 2
left_child=7 5 3 -3 -4 6 -2 8 11 -10 -7 -1
right_child=1 2 4 -5 -6 10 -8 -9 9 -11 -12 -13
leaf_value=-0.046687596351677449 0.0061774208022979732 -0.016079330248220624 0.024431428492572842 0.0061514805127489136 -0.039714069486424843 0.00403777505183336 -0.02413724899218158 -0.048573333350591136 0.036018136036005476 -0.015383693902325602 0.041848123053739639 0.0022811128934336214
leaf_weight=9.6162829576060158 512.96364177763462 349.08291750401258 90.908404214307666 178.02178908325732 14.652285890653728 9.4107299111783487 38.432251490652561 26.131958152167499 11.738315260037778 30.974933220073581 35.902978396043181 1.783643178641795
leaf_count=392 3998 2445 674 1454 93 69 355 3260 197 833 278 51
internal_value=-0.000713206 0.000730044 -0.00458288 -0.00857377 0.0152386 0.00637356 0.00402462 -0.0201684 -0.00947834 -0.000756801 0.0342524 -0.0394598
internal_weight=1309.62 1229.37 632.665 527.105 105.561 596.71 551.396 80.2451 54.1132 42.7132 45.3137 11.3999
internal_count=14099 9366 4666 3899 767 4700 4353 4733 1473 1030 347 443
cat_boundaries=0 1 2
cat_threshold=48 1
is_linear=0
shrinkage=0.05


Tree=106
num_leaves=15
num_cat=1
split_feature=0 34 34 26 36 40 34 5 4 36 24 9 12 27
split_gain=15.7293 20.2978 26.5213 21.5783 16.1029 9.62191 8.78924 14.0669 10.5777 7.55716 7.13115 4.02679 2.77229 1.794
threshold=0 25.150000000000002 24.550000000000004 16.850000000000005 96.500000000000014 0.45000000000000007 23.350000000000005 -0.44505783185115427 0.97875492728876534 89.500000000000014 66.500000000000014 24.950000000000003 37.500000000000007 1.6500000000000001
decision_type=1 2 2 2 2 2 2 2 2 2 2 2 2 2
left_child=1 2 4 -4 -1 11 8 -8 -7 13 -11 -2 -13 -3
right_child=5 9 3 -5 -6 6 7 -9 -10 10 -12 12 -14 -15
leaf_value=-0.0044421362488448113 -0.050126525689523041 0.0071675157958286514 -0.053538180150159022 -0.0067477203868494444 0.011521085533484202 0.0015020768954740866 -0.001218108792487956 -0.025201362089447656 0.062608460482386885 0.041583796586580665 -0.017608326011816482 -0.024562403673966171 0.046092473098700765 -0.031594552736645104
leaf_weight=238.71641491726041 16.792044632602487 7.0494341589510423 31.608034692704678 102.37234030850232 463.57931879814714 113.51957424590364 149.07713234843686 102.77525706263259 6.5574218528345218 55.934977998957038 5.0418016389012328 2.3807719214819367 1.3702637185342608 3.8449643515050411
leaf_count=1444 487 57 161 596 4150 1933 2537 1889 108 515 26 43 21 33
internal_value=0.000761785 0.00436286 0.00220274 -0.0181012 0.00609645 -0.00748144 -0.00577298 -0.0110661 0.00532864 0.029721 0.0364844 -0.0401819 0.00551699 -0.0080189
internal_weight=1300.62 908.147 836.276 133.98 702.296 392.472 371.929 251.852 120.077 71.8712 60.9768 20.5431 3.75104 10.8944
internal_count=14000 6982 6351 757 5594 7018 6467 4426 2041 631 541 551 64 90
cat_boundaries=0 1
cat_threshold=13
is_linear=0
shrinkage=0.05


Tree=107
num_leaves=14
num_cat=1
split_feature=0 33 36 43 44 37 34 5 44 39 11 7 17
split_gain=12.1706 12.997 23.5819 24.626 17.1112 12.446 12.5121 11.8632 6.29487 5.30363 3.38028 3.13888 1.69381
threshold=0 36.850000000000001 94.500000000000014 3.7500000000000004 35.100000000000001 59.500000000000007 22.950000000000003 -0.013976481981245098 52.750000000000007 21.750000000000004 97.500000000000014 29.014583500000004 14.400000000000002
decision_type=1 2 2 2 2 2 2 2 2 2 2 2 2
left_child=5 2 4 -4 -2 12 10 9 -8 -3 -7 -9 -1
right_child=1 7 3 -5 -6 6 8 11 -10 -11 -12 -13 -14
leaf_value=0.020714140682005867 -0.051399472666084328 0.02322357929456172 0.020388820743813523 -0.00053361589453082027 -0.0095404492820535917 0.0035302449471699541 -0.020952722122983301 0.01472522415250406 0.044835528299250561 -0.0076993176368876067 0.075326496724471337 0.053011868069161285 -0.048832309721863101
leaf_weight=0.38540781661868351 27.567307891324162 23.359730526804924 171.51767461374402 760.87816063314676 173.61021581850946 2.5057230759412041 40.398297973442823 8.1005083099007624 3.0508995857089749 31.367479281499982 4.3770481087267399 23.430515438318253 26.250597900711
leaf_count=6 184 193 1264 6019 1178 48 1679 42 64 234 50 191 2855
internal_value=0.000117059 0.0013993 -2.05565e-05 0.00333286 -0.0155022 -0.0178518 -0.00522818 0.0200053 -0.0154285 0.00567968 0.0529522 0.0439308 -0.0471129
internal_weight=1296.8 1219.83 1133.57 932.396 201.178 76.968 50.332 86.2582 43.4492 54.7272 6.88277 31.531 26.636
internal_count=14007 9305 8645 7283 1362 4702 1841 660 1743 427 98 233 2861
cat_boundaries=0 1
cat_threshold=48
is_linear=0
shrinkage=0.05


Tree=108
num_leaves=15
num_cat=2
split_feature=0 1 5 35 8 36 39 44 39 4 5 44 40 43
split_gain=14.3582 12.8038 17.5855 11.9192 10.173 29.8604 19.4168 14.6221 21.4102 11.9033 8.37062 6.9723 6.63809 4.77331
threshold=0 1 -0.85225707553516283 59.13988100000001 33.350000000000001 96.500000000000014 18.750000000000004 37.250000000000007 24.950000000000003 0.40614137006726808 0.67007489853957602 36.550000000000004 65.65000000000002 0.55000000000000016
decision_type=1 1 2 2 2 2 2 2 2 2 2 2 2 2
left_child=1 2 12 -3 5 9 -7 11 -9 -2 -5 -6 -1 -4
right_child=4 3 13 10 7 6 -8 8 -10 -11 -12 -13 -14 -15
leaf_value=-0.031756994738487664 -0.012072940005549012 -0.072278587955222004 0.017215828603795662 -0.0027824806354762267 0.012044539242923057 -0.010229082450199063 0.0062346757092024072 -0.016904642577999521 0.017509460055460838 -0.043472211133879279 0.035937595600162069 0.040935158749340991 0.031733332409246529 0.053426699301633497
leaf_weight=12.504415454342963 59.961426296504214 4.2252802103757849 13.53760772757232 63.99404520727694 89.322925695683807 340.19693238288164 375.96156905824319 114.61534470994957 73.227129689883441 62.020856918301433 16.80920035392046 26.895886534824967 5.0034428276121607 37.802025849930942
leaf_count=102 607 28 149 862 936 3308 4000 1196 756 625 276 280 125 790
internal_value=-0.000673812 0.0131401 0.0298506 0.000947352 -0.00263655 -0.00550031 -0.00158947 0.0051631 -0.00346722 -0.0282613 0.00561317 0.0190227 -0.0128783 0.0443897
internal_weight=1296.08 153.876 68.8475 85.0285 1142.2 838.141 716.159 304.061 187.842 121.982 80.8032 116.219 17.5079 51.3396
internal_count=14040 2332 1166 1166 11708 8540 7308 3168 1952 1232 1138 1216 227 939
cat_boundaries=0 1 2
cat_threshold=1 1
is_linear=0
shrinkage=0.05


Tree=109
num_leaves=15
num_cat=0
split_feature=34 34 5 35 34 2 39 5 34 39 33 5 35 22
split_gain=11.9036 20.4263 21.8072 34.3848 21.2622 21.149 19.995 19.8351 7.93339 8.07621 6.10153 1.9526 0.570634 0.278381
threshold=25.250000000000004 24.550000000000004 -0.72694848937061807 84.672619000000012 24.950000000000003 6.5000000000000009 19.150000000000002 -0.03976928634766979 25.650000000000002 19.450000000000003 37.100000000000009 -0.7444366621422277 81.88392850000001 83.895833500000023
decision_type=2 2 2 2 2 2 2 2 2 2 2 2 2 2
left_child=1 2 3 -1 5 -3 -6 -4 11 -10 -11 13 -13 -2
right_child=8 4 7 -5 6 -7 -8 -9 9 10 -12 12 -14 -15
leaf_value=-0.026863672882078485 0.02816087863422927 -0.046664515556963576 -0.015714601102459383 0.025424056055308106 -0.040179482776263382 -0.0011055765875240182 0.017699230761032136 0.0024485153685322859 -0.062139821670372887 0.040293541837106171 0.0027530471072872102 0.058011747353772729 0.015476365567402981 0.0087099223648062912
leaf_weight=37.508423790801316 12.141117454040797 69.835580061888322 197.81940291402861 173.15274308109656 18.732980792876333 39.854719541035593 60.268304595258087 615.29580428265035 2.9459207882173351 13.302255745977162 45.200016279704869 11.043583838269111 1.7969606160186238 3.4931112742051473
leaf_count=364 144 622 2291 2025 162 361 575 6600 27 183 518 138 21 43
internal_value=0.000251755 -0.0010559 0.00173485 0.0160312 -0.0161269 -0.0302707 0.0036442 -0.00198419 0.0177011 0.00733857 0.0118227 0.0390556 0.0536074 0.0245999
internal_weight=1302.39 1212.47 1023.78 210.661 188.692 109.69 79.0013 813.115 89.923 61.4482 58.5023 28.4748 12.8405 15.6342
internal_count=14074 13000 11280 2389 1720 983 737 8891 1074 728 701 346 159 187
is_linear=0
shrinkage=0.05


Tree=110
num_leaves=15
num_cat=3
split_feature=34 31 0 44 44 5 40 43 36 24 1 32 25 1
split_gain=13.4478 16.2471 15.4285 13.2472 12.9518 12.4761 11.8709 16.5815 13.5791 3.26696 2.92668 7.89843 3.59966 1.04434
threshold=20.350000000000005 27.550000000000001 0 41.95000000000001 43.000000000000007 -0.46800559042974538 2.1500000000000008 13.550000000000002 94.500000000000014 51.500000000000007 1 26.530357500000004 7.3368055000000014 2
decision_type=2 2 1 2 2 2 2 2 2 2 1 2 2 1
left_child=1 9 3 5 -5 -2 8 -8 -4 -1 11 -3 -12 -11
right_child=2 10 6 4 -6 -7 7 -9 -10 13 12 -13 -14 -15
leaf_value=0.028531168186778547 0.0074157196853544176 -0.002868843885343822 0.00039001272038200472 -0.046745245000997478 0.011087972219964243 0.045268409671955022 -0.012536431115028871 0.0016678436386357639 0.027337563219975321 -0.019274172118523947 -0.013137481328297613 -0.066692545485158503 -0.066863077843248173 0.0059514333251579413
leaf_weight=10.827018635347487 39.115158954635262 13.459259737282993 133.21442453982309 11.849501192569731 38.308506732806563 49.42442824691534 321.60655580577441 565.26417614705861 71.049113659653813 6.9399776458740217 4.5789172677323249 6.661261537577956 15.013277530437334 7.7560859248042107
leaf_count=131 579 121 1335 85 445 1140 3314 5825 709 72 45 54 128 79
internal_value=-9.45121e-05 -0.0220411 0.00108659 0.0161346 -0.00322142 0.0288154 -0.000978014 -0.00349138 0.00985071 0.00891727 -0.0416681 -0.0261561 -0.0555545 -0.00642997
internal_weight=1295.07 65.2358 1229.83 138.698 50.158 88.5396 1091.13 886.871 204.264 25.5231 39.7127 20.1205 19.5922 14.6961
internal_count=14062 630 13432 2249 530 1719 11183 9139 2044 282 348 175 173 151
cat_boundaries=0 1 2 3
cat_threshold=1 1 1
is_linear=0
shrinkage=0.05


Tree=111
num_leaves=13
num_cat=1
split_feature=0 8 34 34 36 40 40 43 43 43 44 13
split_gain=12.1678 13.2779 25.0395 23.8068 26.964 20.4749 19.7759 8.3204 7.82713 10.9507 10.1847 0.464105
threshold=0 33.150000000000013 20.950000000000003 24.550000000000004 96.500000000000014 58.800000000000004 26.450000000000003 0.15000000000000005 31.450000000000003 22.050000000000004 45.900000000000013 9.7291665000000016
decision_type=1 2 2 2 2 2 2 2 2 2 2 2
left_child=1 3 11 4 -1 -5 -4 -2 9 -9 -10 -3
right_child=7 2 6 5 -6 -7 -8 8 10 -11 -12 -13
leaf_value=-0.022472598092504362 -0.049813679502723369 -0.064199542640193938 0.010471811394506182 -0.037848782688033475 0.0086542104420060575 0.0054809686730711259 0.05372382873709141 -0.0088687227056291531 -0.036753338830855867 0.01225978640528662 0.028953618522219799 -0.034182907031026388
leaf_weight=82.3931306861341 10.42628898238763 6.3202474117279035 244.84810527041554 71.655332321301103 419.35784622188658 43.276199890300632 28.765554515644908 258.04275246104226 35.787071181461215 79.404951993376017 6.2506806189194313 7.7897649891674519
leaf_count=465 356 28 1766 381 3823 272 238 4895 594 1166 61 45
internal_value=-0.000280384 0.00290553 0.011787 -0.00120359 0.00350831 -0.0216269 0.0151981 -0.00754014 -0.00644899 -0.00387543 -0.0265375 -0.0509871
internal_weight=1294.32 904.406 287.724 616.683 501.751 114.932 273.614 389.912 379.485 337.448 42.0378 14.11
internal_count=14090 7018 2077 4941 4288 653 2004 7072 6716 6061 655 73
cat_boundaries=0 1
cat_threshold=13
is_linear=0
shrinkage=0.05


Tree=112
num_leaves=15
num_cat=3
split_feature=35 1 4 37 39 4 34 0 39 39 13 35 1 26
split_gain=12.4701 13.5938 28.2716 27.5815 25.6771 16.1857 20.0054 17.404 6.7162 4.62161 2.73175 1.43559 0.518182 0.452408
threshold=88.366071500000018 0 -0.57078386445773377 57.500000000000007 23.150000000000002 -0.61237985104942771 23.350000000000005 1 21.250000000000004 22.550000000000004 6.8895835000000014 88.610119000000012 2 21.750000000000004
decision_type=2 1 2 2 2 2 2 1 2 2 2 2 1 2
left_child=1 5 3 -3 -4 6 -1 -7 10 -10 12 -12 -2 -11
right_child=8 2 4 -5 -6 7 -8 -9 9 13 11 -13 -14 -15
leaf_value=0.050629902358608182 -0.075069889242173338 0.032153588589409574 0.0090238378674615243 -0.031535391627034906 -0.015727711755301858 -0.034012408227135242 0.0085063172924262596 0.0042237901689494142 0.01639519592157257 -0.0031796693726195225 0.003118417450081921 -0.035151047612284575 -0.037404370748765202 -0.033600759368699031
leaf_weight=40.056032199412584 6.1008392944932002 18.719798065256327 343.43915947107598 129.58414633618668 149.59896201686934 20.871941588819027 91.629264035727829 448.87555715162307 10.69780712015927 1.6718407664448012 3.4423396214842779 6.3730558566749096 5.4937992673367262 8.0210136473178846
leaf_count=464 62 223 3649 1465 1454 1717 1140 3440 137 23 35 67 62 107
internal_value=-0.000124843 0.000788406 -0.00427245 -0.0233347 0.00149702 0.00618322 0.0216045 0.00182343 -0.0266606 -0.00560154 -0.0455721 -0.0226823 -0.06161 -0.0291417
internal_weight=1284.58 1242.77 641.342 148.304 493.038 601.433 131.685 469.747 41.8007 20.3907 21.41 9.8154 11.5946 9.69285
internal_count=14045 13552 6791 1688 5103 6761 1604 5157 493 267 226 102 124 130
cat_boundaries=0 1 2 3
cat_threshold=1 48 1
is_linear=0
shrinkage=0.05


Tree=113
num_leaves=15
num_cat=3
split_feature=0 35 1 5 37 5 33 36 38 8 39 38 23 1
split_gain=13.7922 12.2851 10.2676 14.5829 12.7799 16.7657 12.7732 8.71831 23.9339 13.6799 8.35054 7.12121 6.57404 5.17932
threshold=0 88.366071500000018 1 -0.85225707553516283 32.500000000000007 -0.3342621144462935 36.95000000000001 94.500000000000014 7.612797500000001 33.150000000000013 21.250000000000004 8.8104165000000005 89.500000000000014 2
decision_type=1 2 1 2 2 2 2 2 2 2 2 2 2 1
left_child=2 7 3 11 6 -6 -4 8 -2 -9 13 -1 -5 -3
right_child=1 10 4 12 5 -7 -8 9 -10 -11 -12 -13 -14 -15
leaf_value=0.021150916789212198 -0.05497633655346839 -0.076109459936500423 -0.043538391015917832 0.0090562407171825964 -0.0056393504827980841 0.048780436809691838 0.046088323609288134 -0.0018593971881439152 -0.0042560620283170611 0.015050709408306212 -0.0051649983899611871 -0.040630082962628336 0.05189060499684453 -0.022390808805243766
leaf_weight=8.1153586423024553 25.192451188573614 9.8629931416362524 20.294396579265598 12.253835963085292 37.127474976703525 21.695368904620409 4.0250238142907611 722.19304647156969 209.74295668280683 142.30248295422643 18.313784959726036 8.685143478214739 38.012064032256603 9.6513763880357146
leaf_count=135 259 91 148 154 475 498 46 7367 2168 1523 219 84 790 99
internal_value=-0.000426551 -0.00234252 0.0132761 0.0285556 0.00233589 0.014912 -0.0274702 -0.00138564 -0.00990483 0.000938307 -0.0300046 -0.0112755 0.0418288 -0.051928
internal_weight=1287.47 1137.26 150.209 67.0664 83.1423 58.8228 24.3194 1099.43 234.935 864.496 37.8282 16.8005 50.2659 19.5144
internal_count=14056 11726 2330 1163 1167 973 194 11317 2427 8890 409 219 944 190
cat_boundaries=0 1 2 3
cat_threshold=1 1 1
is_linear=0
shrinkage=0.05


Tree=114
num_leaves=15
num_cat=1
split_feature=0 4 38 32 36 44 36 22 32 34 39 32 32 4
split_gain=13.7721 14.174 23.6648 18.5512 20.1728 12.5176 11.6308 8.4171 8.0336 11.7963 4.37804 3.99084 3.73395 0.977666
threshold=0 0.98522604642031408 11.149702000000001 28.845238000000005 94.500000000000014 34.400000000000013 96.500000000000014 61.729166500000012 26.291964000000004 23.350000000000005 12.150000000000002 29.330059500000001 29.595238000000005 0.98372640911059162
decision_type=1 2 2 2 2 2 2 2 2 2 2 2 2 2
left_child=1 3 6 4 -1 -5 -3 12 10 -10 -9 -4 13 -2
right_child=7 2 11 5 -6 -7 -8 8 9 -11 -12 -13 -14 -15
leaf_value=-0.01583640614443443 -0.048142323474466737 -0.07433912260641895 -0.0014959969243537917 -0.01513518543711804 0.0056576573117107067 0.03243568508171462 -0.014246827204488735 0.036665959357546359 0.011461421715464767 -0.009807724410133568 -0.031873908941286472 0.040260511102068235 0.015319869367757573 0.0060020482428710343
leaf_weight=131.4276512041688 17.739003338851042 17.608972113579512 11.880817694589497 15.913924653083084 620.5867934813723 83.634324889630079 15.215048307552932 1.6705206483602513 88.765171626582742 237.60245666606352 36.43721572495997 9.9165245033800584 2.3574624117463818 0.6545152603648593
leaf_count=723 545 104 90 99 5089 725 130 26 1554 4225 623 105 33 20
internal_value=-0.000412303 0.00295968 -0.0214693 0.00458468 0.00188515 0.024756 -0.047729 -0.00819591 -0.00658502 -0.00400562 -0.0280086 0.0184335 -0.0386545 -0.0460055
internal_weight=1291.41 906.184 54.6214 851.563 752.014 99.5482 32.824 385.226 364.475 326.368 38.1077 21.7973 20.751 18.3935
internal_count=14091 7065 429 6636 5812 824 234 7026 6428 5779 649 195 598 565
cat_boundaries=0 1
cat_threshold=13
is_linear=0
shrinkage=0.05


end of trees

feature_importances:
age_group=226
temperature_max_7d=146
day_of_year_cos=117
temperature_min_7d=116
wind_speed_max_7d=116
rain_max_daily_7d=110
wind_gust_max_7d=95
day_of_year_sin=85
humidity_max_7d=69
gender=68
humidity_min_7d=58
wind_speed_mean_7d=46
humidity_mean_7d=39
temperature_mean_7d=38
precipitation_sum_7d=32
weather_code_current=22
wind_speed_max_3d=20
month=19
temperature_max_current=17
wind_gust_max_3d=15
humidity_min_3d=10
wind_speed_mean_3d=10
humidity_mean_3d=9
temperature_max_3d=8
humidity_max_3d=7
temperature_mean_3d=6
temperature_mean_current=5
wind_gust_max_current=5
temperature_min_3d=5
precipitation_sum_3d=5
rain_max_daily_3d=5
wind_speed_mean_current=4
humidity_mean_current=3
rain_sum_7d=3
rain_days_7d=3
temperature_min_current=2
humidity_max_current=2
wind_speed_max_current=2
humidity_min_current=1

parameters:
[boosting: gbdt]
[objective: binary]
[metric: binary_logloss]
[tree_learner: serial]
[device_type: cpu]
[data_sample_strategy: bagging]
[data: ]
[valid: ]
[num_iterations: 115]
[learning_rate: 0.05]
[num_leaves: 15]
[num_threads: 8]
[seed: 42]
[deterministic: 0]
[force_col_wise: 0]
[force_row_wise: 0]
[histogram_pool_size: -1]
[max_depth: 4]
[min_data_in_leaf: 20]
[min_sum_hessian_in_leaf: 0.001]
[bagging_fraction: 0.9]
[pos_bagging_fraction: 1]
[neg_bagging_fraction: 1]
[bagging_freq: 1]
[bagging_seed: 400]
[bagging_by_query: 0]
[feature_fraction: 0.9]
[feature_fraction_bynode: 1]
[feature_fraction_seed: 30056]
[extra_trees: 0]
[extra_seed: 12879]
[early_stopping_round: 0]
[early_stopping_min_delta: 0]
[first_metric_only: 0]
[max_delta_step: 0]
[lambda_l1: 0]
[lambda_l2: 1]
[linear_lambda: 0]
[min_gain_to_split: 0]
[drop_rate: 0.1]
[max_drop: 50]
[skip_drop: 0.5]
[xgboost_dart_mode: 0]
[uniform_drop: 0]
[drop_seed: 17869]
[top_rate: 0.2]
[other_rate: 0.1]
[min_data_per_group: 100]
[max_cat_threshold: 32]
[cat_l2: 10]
[cat_smooth: 10]
[max_cat_to_onehot: 4]
[top_k: 20]
[monotone_constraints: ]
[monotone_constraints_method: basic]
[monotone_penalty: 0]
[feature_contri: ]
[forcedsplits_filename: ]
[refit_decay_rate: 0.9]
[cegb_tradeoff: 1]
[cegb_penalty_split: 0]
[cegb_penalty_feature_lazy: ]
[cegb_penalty_feature_coupled: ]
[path_smooth: 0]
[interaction_constraints: ]
[verbosity: -1]
[saved_feature_importance_type: 0]
[use_quantized_grad: 0]
[num_grad_quant_bins: 4]
[quant_train_renew_leaf: 0]
[stochastic_rounding: 1]
[linear_tree: 0]
[max_bin: 255]
[max_bin_by_feature: ]
[min_data_in_bin: 3]
[bin_construct_sample_cnt: 200000]
[data_random_seed: 175]
[is_enable_sparse: 1]
[enable_bundle: 1]
[use_missing: 1]
[zero_as_missing: 0]
[feature_pre_filter: 1]
[pre_partition: 0]
[two_round: 0]
[header: 0]
[label_column: ]
[weight_column: ]
[group_column: ]
[ignore_column: ]
[categorical_feature: 0,1,3]
[forcedbins_filename: ]
[precise_float_parser: 0]
[parser_config_file: ]
[objective_seed: 16083]
[num_class: 1]
[is_unbalance: 0]
[scale_pos_weight: 1]
[sigmoid: 1]
[boost_from_average: 1]
[reg_sqrt: 0]
[alpha: 0.9]
[fair_c: 1]
[poisson_max_delta_step: 0.7]
[tweedie_variance_power: 1.5]
[lambdarank_truncation_level: 30]
[lambdarank_norm: 1]
[label_gain: ]
[lambdarank_position_bias_regularization: 0]
[eval_at: ]
[multi_error_top_k: 1]
[auc_mu_weights: ]
[num_machines: 1]
[local_listen_port: 12400]
[time_out: 120]
[machine_list_filename: ]
[machines: ]
[gpu_platform_id: -1]
[gpu_device_id: -1]
[gpu_device_id_list: ]
[gpu_use_dp: 0]
[num_gpu: 1]

end of parameters

pandas_categorical:[]
