tree
version=v4
num_class=1
num_tree_per_iteration=1
label_index=0
max_feature_idx=44
objective=binary sigmoid:1
feature_names=age_group gender month season day_of_year_sin day_of_year_cos weather_code_current temperature_mean_current temperature_max_current temperature_min_current humidity_mean_current humidity_max_current humidity_min_current wind_speed_mean_current wind_speed_max_current precipitation_sum_current rain_sum_current wind_gust_max_current rain_day_current temperature_mean_3d temperature_max_3d temperature_min_3d humidity_mean_3d humidity_max_3d humidity_min_3d wind_speed_mean_3d wind_speed_max_3d precipitation_sum_3d rain_sum_3d rain_days_3d rain_max_daily_3d wind_gust_max_3d temperature_mean_7d temperature_max_7d temperature_min_7d humidity_mean_7d humidity_max_7d humidity_min_7d wind_speed_mean_7d wind_speed_max_7d precipitation_sum_7d rain_sum_7d rain_days_7d rain_max_daily_7d wind_gust_max_7d
feature_infos=-1:0:1:2:3:4:5 -1:0:1 [1:12] -1:1:0 [-0.99999942202469239:0.99998555065071859] [-0.99997919295908244:0.9999907524084426] [0:61] [23.658332999999999:32.533332999999999] [25.899999999999999:39.200000000000003] [17.899999999999999:29.300000000000001] [48.958333000000003:91.625] [63:100] [23:86] [2.8541669999999999:19.695833] [6.4000000000000004:30.100000000000001] [0:63.100000000000001] [0:63.100000000000001] [14:56.899999999999999] [0:1] [23.766667000000002:32.427778000000004] [27.699999999999999:39.200000000000003] [17.899999999999999:28.100000000000001] [52.569443999999997:90.694444000000004] [73:100] [23:79] [4.125:17.329167000000002] [9.6999999999999993:30.100000000000001] [0:93.900000000000006] [0:93.900000000000006] [0:3] [0:63.100000000000001] [17.300000000000001:56.899999999999999] [24.365476000000001:32.235118999999997] [28.699999999999999:39.200000000000003] [17.899999999999999:27.5] [55.767856999999999:89.523809999999997] [77:100] [23:72] [4.5327380000000002:15.469643] [11.6:30.100000000000001] [0:163.90000000000001] [0:163.90000000000001] [0:7] [0:63.100000000000001] [23:56.899999999999999]
tree_sizes=1616 1619 1706 1608 1626 1725 1754 1630 1624 1606 1715 1732 1727 1725 1725 1729 1732 1728 1722 1757 1729 1732 1711 1714 1708 1715 1712 1719 1713 1690 1707 1698 1714 1719 1729 1700 1406 1729 1404 1631 1501 1736 1402 1509 1530 1530 1527 1315 1424 1524 1520 1426 1533 1523 1530 1512 1535 1313 1519 1409 1400 1314 1519 1530 1323 1424 1424 1733 1426 1529 1106 1537 1538 1102 1302 1107 1126 1418 1331 1427 1532 914 1515 1540 1739 1740 1542 1727 1124 1746 1751 1522 1758 1130 1020 1536 1721 1126 1756 1638 1426 1748 1206 1121 1105 1119 1765 1738 813 1216 1532 1737 1211 1762 1756 1742 1429 1735 905 1319 1752 1762 1760 1311 1763 1750 815 1738 1761 1650 1322 1722 1743 1532 1754 1742 1748 1003 1765 1731 1214 1335 1217 1733 1125 1021 1240 1215 1647 1731 1750 1754 1734 1751 1729 1746 1725 1736 1114 1758 1746 1752 1204 1765 1108 1757 1130 1111 919 1752 1752 1639 1232 1741 1733 1127 1726 1748 1758 1314 1760 1759 1006 918 1339 1536 1751 1127 1224 1726 1735 1315 1735 1747 1660 1762 1628 1125 1428 1130

Tree=0
num_leaves=14
num_cat=3
split_feature=0 0 1 4 34 8 19 5 42 31 34 38 5
split_gain=7179.81 388.928 284.016 260.154 334.384 112.62 39.8177 49.3262 33.5101 27.6326 11.961 0.642561 3.2465
threshold=0 1 2 0.10837544681456417 20.350000000000005 33.150000000000013 28.088194500000004 -0.80417042486635371 3.5000000000000004 49.150000000000006 24.050000000000004 5.6827385000000001 -0.6652727025667432
decision_type=1 1 1 2 2 2 2 2 2 2 2 2 2
left_child=3 2 8 6 -5 -6 9 -8 -2 -1 -4 12 -3
right_child=1 11 10 4 5 -7 7 -9 -10 -11 -12 -13 -14
leaf_value=0.0032524632778482276 -0.060360178640662593 -0.14088659084100191 -0.15593197165429196 -0.18560155387967919 -0.053459711525675913 -0.017131212533114712 -0.13452677166982582 -0.01188339960585176 -0.10287430087746773 -0.056195122820696886 -0.17874869439770991 -0.18260107852869112 -0.17809835169912552
leaf_weight=774.09087720513344 56.878092169761658 13.720592409372328 183.60647296905518 36.671401530504227 387.66910189390182 485.21004065871239 11.974335193634031 21.952947854995728 231.75327906012535 21.703482538461685 105.02489826083183 1126.8348347842693 28.439046084880829
leaf_count=3103 228 55 736 147 1554 1945 48 88 929 87 421 4517 114
internal_value=-0.0929594 -0.164351 -0.128894 -0.0212782 -0.0394424 -0.0332025 -0.000596286 -0.0551316 -0.0944142 0.00167884 -0.164503 -0.181358 -0.167388
internal_weight=3485.53 1746.26 577.263 1739.27 909.551 872.879 829.722 33.9273 288.631 795.794 288.631 1168.99 42.1596
internal_count=13972 7000 2314 6972 3646 3499 3326 136 1157 3190 1157 4686 169
cat_boundaries=0 1 2 3
cat_threshold=7 32 1
is_linear=0
shrinkage=1


Tree=1
num_leaves=14
num_cat=3
split_feature=0 0 1 4 34 8 4 19 5 31 34 39 38
split_gain=6475.71 381.728 246.513 220.791 295.413 101.022 35.4351 33.0005 34.0976 27.2487 15.2417 3.1012 0.811768
threshold=0 1 2 0.10837544681456417 20.350000000000005 33.150000000000013 0.60555468348150676 28.088194500000004 -0.80417042486635371 48.800000000000004 24.050000000000004 29.850000000000005 5.6827385000000001
decision_type=1 1 1 2 2 2 2 2 2 2 2 2 2
left_child=3 2 6 7 -5 -6 -2 9 -9 -1 -4 12 -3
right_child=1 11 10 4 5 -7 -8 8 -10 -11 -12 -13 -14
leaf_value=0.090894207217009845 0.010071242789818623 -0.071450249961992049 -0.057567319046202596 -0.089001486400279897 0.037753882138281861 0.07227389541713107 -0.026734634995368795 -0.032743196930909858 0.072661995405308696 0.038930257074912489 -0.082817821972362538 -0.036606900464436175 -0.086600469350012949
leaf_weight=770.49797928333282 199.51937034726143 41.707686617970467 183.38300693035126 35.196020483970642 384.47524107992649 483.4645240008831 96.048148632049561 11.199253946542742 20.499276638031006 28.232034772634506 103.66970378160477 5.2064791023731223 1105.261135160923
leaf_count=3082 800 168 738 142 1539 1934 385 45 82 113 418 21 4458
internal_value=-4.84692e-05 -0.0681291 -0.0334524 0.0680808 0.0512598 0.0570435 -0.00193908 0.0871096 0.0355593 0.0891085 -0.0669424 -0.0851818 -0.0861123
internal_weight=3468.36 1734.8 582.62 1733.56 903.136 867.94 295.568 830.429 31.6985 798.73 287.053 1152.18 1146.97
internal_count=13925 6988 2341 6937 3615 3473 1185 3322 127 3195 1156 4647 4626
cat_boundaries=0 1 2 3
cat_threshold=7 32 1
is_linear=0
shrinkage=0.05


Tree=2
num_leaves=15
num_cat=4
split_feature=0 0 1 2 34 26 42 34 32 34 1 39 20 5
split_gain=5925.1 332.914 224.474 202.314 262.009 116.359 31.8893 28.669 14.5749 11.8208 9.39297 5.75043 4.49909 0.99413
threshold=0 1 2 6.5000000000000009 20.350000000000005 14.950000000000001 3.5000000000000004 24.850000000000005 28.1711305 24.050000000000004 3 29.150000000000002 32.750000000000007 -0.78324956448884031
decision_type=1 1 1 2 2 2 2 2 2 2 1 2 2 2
left_child=3 2 6 4 12 -6 -2 8 -5 -4 -9 13 -1 -3
right_child=1 11 9 7 5 -7 -8 10 -10 -11 -12 -13 -14 -15
leaf_value=-0.026856517210443572 0.031189487534543165 -0.077619657130788347 -0.056418039923377621 0.086322148291108652 0.0070960803040120996 0.061182523460563853 -0.010747911260869429 0.061300659011997105 0.010557226886809353 -0.078690026328331011 0.0065851765178298596 -0.043676583238656613 -0.085377238341479422 -0.084269465899403748
leaf_weight=4.9315205812454215 54.926749378442764 278.51911810040474 188.59272338449955 744.15001991391182 113.41723968088627 822.54936380684376 238.35368782281876 15.481670841574669 6.7030044794082633 104.94474120438099 15.480813875794411 13.051706269383429 32.630975693464279 855.72498933970928
leaf_count=20 220 1134 763 2983 454 3292 956 62 27 427 62 53 133 3485
internal_value=-0.000193635 -0.0655356 -0.0332233 0.0643653 0.0494271 0.0546431 -0.00281441 0.0837019 0.0856607 -0.0646208 0.0350056 -0.0815903 -0.0785898 -0.0827064
internal_weight=3489.46 1734.11 586.818 1755.34 973.529 935.967 293.28 781.816 750.853 293.537 30.9625 1147.3 37.5625 1134.24
internal_count=14071 7038 2366 7033 3899 3746 1176 3134 3010 1190 124 4672 153 4619
cat_boundaries=0 1 2 3 4
cat_threshold=7 32 1 1
is_linear=0
shrinkage=0.05


Tree=3
num_leaves=14
num_cat=3
split_feature=0 0 1 4 34 43 38 19 26 34 39 39 38
split_gain=5397.35 322.746 204.88 190.303 257.99 96.0812 40.9669 30.4066 36.4729 22.4596 12.1105 6.20518 0.737685
threshold=0 1 2 0.10837544681456417 20.350000000000005 43.800000000000004 8.0687500000000032 28.088194500000004 14.65 24.950000000000003 27.750000000000004 29.150000000000002 5.3982145000000008
decision_type=1 1 1 2 2 2 2 2 2 2 2 2 2
left_child=3 2 6 7 -5 -6 -2 9 -9 -1 -4 12 -3
right_child=1 11 10 4 5 -7 -8 8 -10 -11 -12 -13 -14
leaf_value=0.082536479940006763 0.017746835109579789 -0.060894086382081374 -0.063189685802705314 -0.082845728717321931 0.054532369740536019 -0.037395956871733554 -0.019666411721747323 -0.038461353784764687 0.066518690973722192 0.021497039051041097 0.0017244191260303147 -0.038481575015808789 -0.079974701730086209
leaf_weight=776.45272360742092 139.39557427167892 21.9442358314991 274.67099730670452 36.350549384951591 858.72965744137764 28.731128081679344 151.81139940023422 11.429023414850233 24.634261041879654 16.215752720832825 7.3234410583972922 11.998773649334906 1108.6766332089901
leaf_count=3130 559 90 1123 150 3442 115 609 46 99 65 30 49 4573
internal_value=-3.45791e-05 -0.0628683 -0.0306724 0.0614912 0.0461466 0.0515175 -0.00175791 0.0792611 0.0331088 0.0813164 -0.0615037 -0.0785731 -0.0796585
internal_weight=3468.36 1715.82 573.201 1752.54 923.811 887.461 291.207 828.732 36.0633 792.668 281.994 1142.62 1130.62
internal_count=14080 7033 2321 7047 3707 3557 1168 3340 145 3195 1153 4712 4663
cat_boundaries=0 1 2 3
cat_threshold=7 32 1
is_linear=0
shrinkage=0.05


Tree=4
num_leaves=14
num_cat=3
split_feature=0 0 1 4 34 43 4 21 19 37 34 39 5
split_gain=4872.9 312.967 193.335 184.611 236.962 98.2171 34.8841 28.1175 20.3325 14.6726 13.2418 4.40945 0.865323
threshold=0 1 2 0.091259403071267911 20.350000000000005 3.5500000000000003 0.61915405168109316 24.950000000000003 28.118055500000004 60.500000000000007 24.050000000000004 29.150000000000002 -0.6905596507703472
decision_type=1 1 1 2 2 2 2 2 2 2 2 2 2
left_child=3 2 6 7 -5 -6 -2 8 -1 -9 -4 12 -3
right_child=1 11 10 4 5 -7 -8 9 -10 -11 -12 -13 -14
leaf_value=0.079920475069481633 0.011148183762925421 -0.072826900899573457 -0.050349275713347068 -0.080106662156770592 0.067044501335973061 0.033408031132759149 -0.02533807214463903 -0.016338924427795165 0.030694513194863195 0.051508672765917474 -0.074128344394723544 -0.040735824056060521 -0.07877905912270218
leaf_weight=743.35262453556061 196.30284793674946 321.72810891270638 182.91768050193787 36.477339059114456 394.25545518100262 490.59358282387257 97.07495678961277 9.1795216798782331 23.281610354781151 44.109966114163399 98.725741982460022 11.926808193325995 784.73533822596073
leaf_count=3024 787 1346 752 153 1587 1970 390 37 94 178 411 49 3288
internal_value=-0.000161598 -0.0603536 -0.0289035 0.0583891 0.0432826 0.0484539 -0.000969713 0.0760017 0.0784675 0.0397357 -0.0589174 -0.0760847 -0.0771157
internal_weight=3434.66 1693.41 575.021 1741.25 921.326 884.849 293.378 819.924 766.634 53.2895 281.643 1118.39 1106.46
internal_count=14066 7023 2340 7043 3710 3557 1177 3333 3118 215 1163 4683 4634
cat_boundaries=0 1 2 3
cat_threshold=7 32 1
is_linear=0
shrinkage=0.05


Tree=5
num_leaves=15
num_cat=3
split_feature=0 0 1 4 34 8 38 19 5 31 34 39 5 10
split_gain=4425.04 288.895 178.407 175.839 211.351 97.0592 32.1767 26.2031 34.0775 17.8086 14.5894 3.60884 1.57904 0.137823
threshold=0 1 2 0.10837544681456417 20.350000000000005 33.150000000000013 8.0687500000000032 28.088194500000004 -0.80417042486635371 49.150000000000006 24.050000000000004 29.150000000000002 -0.73865259438682551 62.604166500000012
decision_type=1 1 1 2 2 2 2 2 2 2 2 2 2 2
left_child=3 2 6 7 -5 -6 -2 9 -9 -1 -4 12 -3 -13
right_child=1 11 10 4 5 -7 -8 8 -10 -11 -12 13 -14 -15
leaf_value=0.076371777837994106 0.016208339055277649 -0.069314249595626931 -0.047777162973286325 -0.077632562330798308 0.027415013386588138 0.060920704006784523 -0.016835261766272251 -0.038208706357186054 0.065210907256441811 0.029552272223781807 -0.072669900271455853 -0.04743265121565067 -0.075980408111050293 -0.024032194821106877
leaf_weight=758.40551276504993 141.26880171895027 289.94721804559231 181.5371101051569 35.105435445904732 393.349051207304 486.6096206009388 151.80122795701027 11.674835935235022 20.967669650912285 22.587563022971153 97.63363029062748 5.3158445060253126 791.43132874369621 5.3246183693408966
leaf_count=3121 566 1233 753 150 1580 1971 610 47 85 91 413 22 3377 22
internal_value=0.000109955 -0.0578913 -0.0276992 0.0559614 0.0411692 0.0459915 -0.000906273 0.0732137 0.0281858 0.0750572 -0.0567111 -0.0732785 -0.0742587 -0.0387933
internal_weight=3392.96 1664.26 572.241 1728.7 915.064 879.959 293.07 813.636 32.6425 780.993 279.171 1092.02 1081.38 10.6405
internal_count=14041 6996 2342 7045 3701 3551 1176 3344 132 3212 1166 4654 4610 44
cat_boundaries=0 1 2 3
cat_threshold=7 32 1
is_linear=0
shrinkage=0.05


Tree=6
num_leaves=15
num_cat=1
split_feature=6 33 44 34 34 39 36 32 34 37 33 1 22 30
split_gain=94.052 69.81 82.1389 132.836 61.126 135.851 74.9679 78.291 58.1508 53.4041 45.6499 31.3539 2.01346 1.001
threshold=2.5000000000000004 36.850000000000001 41.600000000000001 24.150000000000002 24.450000000000003 19.050000000000004 96.500000000000014 26.964285500000003 25.150000000000002 32.500000000000007 33.95000000000001 0 73.131944500000017 0.25000000000000006
decision_type=2 2 2 2 2 2 2 2 2 2 2 1 2 2
left_child=1 2 3 -1 6 8 7 -2 -6 -4 -7 -8 13 -3
right_child=4 12 9 -5 5 10 11 -9 -10 -11 -12 -13 -14 -15
leaf_value=0.0032089928334668423 -0.061268292095698708 0.020052921731470323 -0.088296793157822087 -0.053868014698167557 -0.080429435410783484 -0.015708983046458201 0.020011286992197255 -0.0009626737016036847 -0.0082254862993327328 -0.027164368057872826 0.016884780249204815 0.0063085142239723419 0.0072017391794251227 0.033700102860485102
leaf_weight=395.03760357201099 64.837459236383438 26.908691465854645 62.724993005394936 136.34269455075264 81.370034947991371 184.39001399278641 835.47854907810688 295.00749488174915 42.531195297837257 84.38005430996418 254.50385284423828 836.05253711342812 12.91225606203079 49.369975388050079
leaf_count=1654 275 112 264 569 338 771 3494 1230 177 352 1062 3526 54 205
internal_value=0.000119979 -0.015242 -0.020712 -0.0115096 0.00467008 -0.00989935 0.00870944 -0.0119683 -0.0559085 -0.0536512 0.00318676 0.0131654 0.026137 0.0292076
internal_weight=3361.85 767.676 678.485 531.38 2594.17 562.795 2031.38 359.845 123.901 147.105 438.894 1671.53 89.1909 76.2787
internal_count=14083 3210 2839 2223 10873 2348 8525 1505 515 616 1833 7020 371 317
cat_boundaries=0 1
cat_threshold=1
is_linear=0
shrinkage=0.05


Tree=7
num_leaves=14
num_cat=3
split_feature=0 0 1 4 34 34 42 5 31 40 39 21 5
split_gain=4089.78 266.409 169.773 154.544 175.034 89.8959 30.5458 26.0109 39.2615 11.615 4.98022 1.49739 1.45386
threshold=0 1 2 0.10837544681456417 20.350000000000005 25.150000000000002 3.5000000000000004 -0.34234976856068172 27.550000000000001 0.35000000000000003 29.150000000000002 24.350000000000005 -0.70289845916694649
decision_type=1 1 1 2 2 2 2 2 2 2 2 2 2
left_child=3 2 6 7 -5 -6 -2 8 -1 -4 12 -9 -3
right_child=1 10 9 4 5 -7 -8 11 -10 -11 -12 -13 -14
leaf_value=0.0018773687968107657 0.03213057980607769 -0.067469930478844684 -0.016955855886179032 -0.073973241505659912 0.036780801500778053 0.079274288172518956 -0.0086525585802861172 0.079636441665523056 0.064608151322685173 -0.058042576644207325 -0.034808055550302607 0.058234358080598805 -0.073814845623381711
leaf_weight=27.036055445671082 56.131192550063133 305.95712611079216 19.494078814983368 31.605642080307007 719.41546756029129 151.03928810358047 232.81229086220264 416.81762377917767 330.79694744944572 260.16029603779316 11.818840920925139 21.850576877593994 765.41607101261616
leaf_count=112 225 1326 82 140 2915 615 935 1744 1377 1102 49 91 3333
internal_value=-0.000355334 -0.0561844 -0.0270762 0.0539506 0.0400176 0.0442367 -0.000646389 0.0703367 0.059887 -0.0552491 -0.0710382 0.0787053 -0.0720675
internal_weight=3350.35 1651.79 568.598 1698.56 902.06 870.455 288.943 796.501 357.833 279.654 1083.19 438.668 1071.37
internal_count=14046 7052 2344 6994 3670 3530 1160 3324 1489 1184 4708 1835 4659
cat_boundaries=0 1 2 3
cat_threshold=7 32 1
is_linear=0
shrinkage=0.05


Tree=8
num_leaves=14
num_cat=3
split_feature=0 0 4 34 1 26 7 21 34 37 5 39 5
split_gain=3732.31 261.06 146.845 164.599 138.622 84.6053 35.2627 23.4141 13.5052 12.0162 10.6517 3.09379 1.721
threshold=0 1 0.074116354202380164 20.350000000000005 2 14.950000000000001 30.466666500000002 24.950000000000003 24.050000000000004 60.500000000000007 -0.32613736746952132 29.150000000000002 -0.79382744783423187
decision_type=1 1 2 2 1 2 2 2 2 2 2 2 2
left_child=2 4 7 -4 6 -5 -2 10 -6 -9 -1 12 -3
right_child=1 11 3 5 8 -7 -8 9 -10 -11 -12 -13 -14
leaf_value=0.062690644188992686 -0.0057076207659156556 -0.06459195844111526 -0.07219069188070508 -0.00059432609469033625 -0.042762813172392562 0.048068153749067422 0.077231536555684863 -0.014950286864037514 -0.066901455190234146 0.045970286057026882 0.076085536688872343 -0.038908798427837649 -0.071552702065567214
leaf_weight=302.48448674380779 281.88835227489471 248.15656805038452 31.528750747442245 100.75474953651428 177.14748997986317 784.36096309125423 12.424236208200453 9.3684332817792875 95.194358468055725 43.848592445254326 418.70474269986153 12.212515041232107 794.22659896314144
leaf_count=1280 1132 1096 143 406 751 3205 50 38 418 181 1784 51 3536
internal_value=2.05873e-05 -0.0539989 0.0518245 0.0385139 -0.0253291 0.0425344 -0.00195672 0.0681782 -0.0514141 0.0351678 0.070562 -0.0689832 -0.0699591
internal_weight=3312.3 1621.25 1691.05 916.644 566.654 885.116 294.313 774.406 272.342 53.217 721.189 1054.6 1042.38
internal_count=14071 7034 7037 3754 2351 3611 1182 3283 1169 219 3064 4683 4632
cat_boundaries=0 1 2 3
cat_threshold=7 32 1
is_linear=0
shrinkage=0.05


Tree=9
num_leaves=14
num_cat=4
split_feature=0 0 4 34 1 34 4 34 19 34 1 39 36
split_gain=3479.98 244.59 137.648 156.304 135.331 85.0609 37.0922 23.0299 16.793 11.8379 8.77697 4.3734 1.50206
threshold=0 1 0.10837544681456417 20.350000000000005 2 25.150000000000002 -0.84315017450793706 24.850000000000005 28.118055500000004 24.450000000000003 3 29.850000000000005 99.500000000000014
decision_type=1 1 2 2 1 2 2 2 2 2 1 2 2
left_child=2 4 7 -4 6 -5 -2 8 -1 -6 -9 12 -3
right_child=1 11 3 5 9 -7 -8 10 -10 -11 -12 -13 -14
leaf_value=0.069111945292689589 -0.043467445304566414 -0.069678483084599202 -0.070557773270237517 0.033827637230536382 -0.044394242556247132 0.075137141606187327 0.0061555166794464372 0.048783797769212309 0.027629543348619019 -0.070117280107001786 -0.0047750832737968084 -0.020908159753448587 -0.062654780996391338
leaf_weight=727.82775236666203 43.420961558818817 806.62700165808201 31.589326232671738 708.02230788767338 207.01197063922882 151.65144339203835 246.38278044760227 13.969816669821739 27.097157567739487 62.383821532130241 15.31149585545063 5.9835790246725074 215.10075555741787
leaf_count=3148 174 3671 147 2898 893 630 990 58 112 280 63 25 974
internal_value=0.000278058 -0.052598 0.0503741 0.0371582 -0.0247053 0.0411937 -0.00140334 0.0659692 0.0676615 -0.0505882 0.0215445 -0.0673527 -0.0682625
internal_weight=3262.38 1586.91 1675.47 891.263 559.2 859.674 289.804 784.206 754.925 269.396 29.2813 1027.71 1021.73
internal_count=14063 7007 7056 3675 2337 3528 1164 3381 3260 1173 121 4670 4645
cat_boundaries=0 1 2 3 4
cat_threshold=7 32 1 1
is_linear=0
shrinkage=0.05


Tree=10
num_leaves=15
num_cat=3
split_feature=0 0 4 34 1 43 4 21 34 44 32 39 5 26
split_gain=3147.78 238.42 131.363 147.457 126.141 94.0198 29.5484 25.6443 13.563 12.0353 7.25785 3.7464 0.896471 0.30169
threshold=0 1 0.039769539193789956 20.350000000000005 2 3.5500000000000003 0.63257020223555627 24.950000000000003 24.050000000000004 48.800000000000004 28.1711305 29.150000000000002 -0.6905596507703472 29.150000000000002
decision_type=1 1 2 2 1 2 2 2 2 2 2 2 2 2
left_child=2 4 7 -4 6 -5 -2 10 -6 -9 -1 12 -3 -13
right_child=1 11 3 5 8 -7 -8 9 -10 -11 -12 13 -14 -15
leaf_value=0.067387895811003948 0.0095639731835887656 -0.062626935254386285 -0.069017820619114573 0.05781278753254402 -0.040047773581439579 0.025202224080526789 -0.024621239397365269 0.054555649086201134 -0.06445973166577175 0.0065870994954952983 0.01087147078237641 -0.022663563420468824 -0.06838923360114145 -0.045406381669442546
leaf_weight=663.23493881523609 200.716343998909 282.2504193931818 31.550220772624016 394.05527795851231 175.07215239107609 508.35111829638481 91.062917456030846 24.315814226865768 92.001305758953094 27.69786262512207 6.1554175764322272 7.2924553453922254 700.10795629024506 5.6247185468673706
leaf_count=2930 805 1306 151 1647 759 2088 367 103 421 114 25 31 3273 24
internal_value=8.69372e-05 -0.0508327 0.0479121 0.0357551 -0.0234861 0.0394906 -0.00115272 0.0642429 -0.0486663 0.0296179 0.0668852 -0.0657634 -0.066799 -0.0351178
internal_weight=3209.49 1554.13 1655.36 933.957 558.853 902.406 291.779 721.404 267.073 52.0137 669.39 995.276 982.358 12.9172
internal_count=14044 6986 7058 3886 2352 3735 1172 3172 1180 217 2955 4634 4579 55
cat_boundaries=0 1 2 3
cat_threshold=7 32 1
is_linear=0
shrinkage=0.05


Tree=11
num_leaves=15
num_cat=3
split_feature=0 0 6 1 6 34 39 36 5 34 7 34 39 5
split_gain=2889.58 228.848 134.059 120.146 86.7158 67.8727 172.102 103.857 51.2376 32.6357 29.3001 12.2431 2.44236 1.66862
threshold=0 1 2.5000000000000004 2 1.5000000000000002 24.450000000000003 19.050000000000004 96.500000000000014 -0.92272482904738273 23.950000000000003 30.445833500000003 24.050000000000004 29.850000000000005 -0.77243990499604276
decision_type=1 1 2 1 2 2 2 2 2 2 2 2 2 2
left_child=2 3 4 10 8 7 -7 -4 -1 -6 -2 -5 13 -3
right_child=1 12 5 11 9 6 -8 -9 -10 -11 -12 -13 -14 -15
leaf_value=-0.047918321167966405 -0.0042215152566878874 -0.059637210445308543 0.025412062257404468 -0.038927960571581204 0.0026386560132915702 -0.039066045125719068 0.053840267689120418 0.068351948961213729 0.034957716979652817 -0.07587150572397286 0.069392618251899782 -0.062321553796971532 -0.026097667402412535 -0.066395669625027826
leaf_weight=19.030990660190582 279.21586818993092 243.09283952414989 173.09175871312618 172.38350453972816 24.731671869754791 63.94735150039196 215.66541483998299 793.8710835725069 299.49126140773296 27.318887799978256 13.202363118529318 90.71420319378376 5.9150147438049308 731.53688330948353
leaf_count=78 1122 1150 735 756 109 262 916 3503 1278 112 53 425 25 3510
internal_value=-0.000218866 -0.0491496 0.0462777 -0.0223518 0.0200874 0.054412 0.0325291 0.0606997 0.0298716 -0.0392211 -0.000672748 -0.0471993 -0.0639152 -0.0647728
internal_weight=3153.21 1536.06 1617.15 555.516 370.573 1246.58 279.613 966.963 318.522 52.0506 292.418 263.098 980.545 974.63
internal_count=14034 7041 6993 2356 1577 5416 1178 4238 1356 221 1175 1181 4685 4660
cat_boundaries=0 1 2 3
cat_threshold=7 32 1
is_linear=0
shrinkage=0.05


Tree=12
num_leaves=15
num_cat=3
split_feature=0 0 4 34 1 34 5 5 31 39 31 39 5 22
split_gain=2673.94 205.572 116.38 130.957 94.6683 84.6553 31.7709 25.0599 37.1409 12.2764 2.57521 2.2909 2.36919 0.16692
threshold=0 1 0.10837544681456417 20.350000000000005 2 25.150000000000002 -0.86974577485258975 -0.39036009226888668 27.550000000000001 27.750000000000004 42.300000000000004 29.150000000000002 -0.71502926860092908 62.034722000000009
decision_type=1 1 2 2 1 2 2 2 2 2 2 2 2 2
left_child=2 4 7 -4 6 -5 -2 8 -1 -6 -9 12 -3 -13
right_child=1 11 3 5 9 -7 -8 10 -10 -11 -12 13 -14 -15
leaf_value=-0.0053059328271402428 0.031272866845697911 -0.058159058298912117 -0.068057757468550348 0.028904999759174418 -0.047016017083596595 0.071104060838606223 -0.01112239433607775 0.069137331173804967 0.054142504297862395 0.016043005432960566 0.046205239119781631 -0.045217200370194742 -0.065385066907372155 -0.023261491947545371
leaf_weight=28.613817632198334 53.353882774710655 264.51803648471832 30.363736063241959 698.4216538220644 245.12156793475151 143.24175602197647 235.5138688236475 383.01273588836193 298.45345722138882 7.511891394853591 21.244224727153778 4.5493647754192335 671.36936321854591 6.7152226120233536
leaf_count=124 214 1284 148 2916 1119 616 947 1777 1348 34 97 20 3316 29
internal_value=-7.42414e-05 -0.0481455 0.0445825 0.0324599 -0.0223817 0.0361627 -0.00321112 0.0595821 0.0489413 -0.0450851 0.0680492 -0.062449 -0.063407 -0.0350924
internal_weight=3092 1488.65 1603.35 872.027 541.501 841.663 288.868 731.324 327.067 252.633 404.257 947.152 935.887 11.2646
internal_count=13989 6963 7026 3680 2314 3532 1161 3346 1472 1153 1874 4649 4600 49
cat_boundaries=0 1 2 3
cat_threshold=7 32 1
is_linear=0
shrinkage=0.05


Tree=13
num_leaves=15
num_cat=3
split_feature=0 0 34 39 36 32 34 1 21 5 43 35 39 38
split_gain=2482.06 203.504 119.198 282.243 220.847 136.16 111.402 99.551 71.6924 26.1096 23.339 12.574 3.74965 2.18497
threshold=0 1 24.450000000000003 19.050000000000004 96.500000000000014 26.779762000000002 25.150000000000002 2 25.550000000000004 -0.91595872546125101 38.900000000000006 85.386905000000013 29.850000000000005 5.3982145000000008
decision_type=1 1 2 2 2 2 2 1 2 2 2 2 2 2
left_child=2 7 4 6 5 -1 -4 9 -5 -2 -6 -9 13 -3
right_child=1 12 3 8 10 -7 -8 11 -10 -11 -12 -13 -14 -15
leaf_value=-0.068606216494809566 0.033797201406257235 -0.039883687299143003 -0.083422053891798589 0.022384454065090584 0.064755788602577247 0.028081748052168617 0.036254872896334514 -0.05245933091762206 0.073743989634402193 -0.0077711673227179702 -0.028086011526355006 -0.028279076978169917 -0.018594425053089954 -0.062342947965326773
leaf_weight=40.783893793821335 43.683807209134102 17.810729637742043 74.533161282539368 158.11573243141174 874.31693664193153 283.83645793795586 25.537761345505714 166.23363754153252 119.90765881538391 243.39255693554878 6.3051655888557425 85.74740332365036 6.0610911250114432 911.4795741289854
leaf_count=189 175 87 303 680 3997 1211 107 772 529 979 26 396 26 4609
internal_value=-0.000207822 -0.0467099 0.0431199 0.0188315 0.0510749 0.0157609 -0.0528244 -0.0211162 0.04472 -0.00135043 0.0640599 -0.0443753 -0.0610431 -0.0619558
internal_weight=3057.75 1474.41 1583.34 378.094 1205.24 324.62 100.071 539.057 278.023 287.076 880.622 251.981 935.351 929.29
internal_count=14086 7044 7042 1619 5423 1400 410 2322 1209 1154 4023 1168 4722 4696
cat_boundaries=0 1 2 3
cat_threshold=7 32 1
is_linear=0
shrinkage=0.05


Tree=14
num_leaves=15
num_cat=3
split_feature=0 0 34 39 36 32 34 1 21 7 43 34 39 5
split_gain=2265.28 191.03 113.107 272.996 218.207 125.734 94.5504 89.1041 67.132 27.1842 23.0527 14.203 3.31057 1.95542
threshold=0 1 24.450000000000003 19.050000000000004 96.500000000000014 26.779762000000002 25.150000000000002 2 25.550000000000004 30.445833500000003 38.900000000000006 24.050000000000004 29.150000000000002 -0.6905596507703472
decision_type=1 1 2 2 2 2 2 1 2 2 2 2 2 2
left_child=2 7 4 6 5 -1 -4 9 -5 -2 -6 -9 13 -3
right_child=1 12 3 8 10 -7 -8 11 -10 -11 -12 -13 -14 -15
leaf_value=-0.067145043646940322 -0.0053561607666540089 -0.055669447791168017 -0.080663167198683272 0.021430749256452549 0.063034812341359089 0.026011858757906778 0.033124816074433482 -0.034015139339249149 0.071407336276899477 0.068004034385020187 -0.030466871375449275 -0.059958118083372938 -0.02913766308871725 -0.06247381665727092
leaf_weight=40.608407780528069 277.76099716126919 261.01475358009338 74.784966006875038 155.46102030575275 863.05257257819176 280.10701082646847 23.430274218320847 165.11129650473595 119.09180514514446 12.228087365627287 6.093929558992385 82.289516419172287 11.232864335179327 624.22270412743092
leaf_count=190 1117 1337 302 672 4034 1203 99 755 538 49 25 411 50 3270
internal_value=5.06677e-05 -0.0451534 0.0415551 0.0177241 0.0493488 0.0140445 -0.0534576 -0.0204922 0.0432894 -0.00203968 0.062345 -0.0428508 -0.0595091 -0.0605326
internal_weight=2996.49 1433.86 1562.63 372.768 1189.86 320.715 98.2152 537.39 274.553 289.989 869.147 247.401 896.47 885.237
internal_count=14052 6989 7063 1611 5452 1393 401 2332 1210 1166 4059 1166 4657 4607
cat_boundaries=0 1 2 3
cat_threshold=7 32 1
is_linear=0
shrinkage=0.05


Tree=15
num_leaves=15
num_cat=3
split_feature=0 0 34 39 36 32 1 34 21 4 43 35 39 5
split_gain=2092.8 208.624 97.4683 228.645 197.764 103.847 88.4988 83.2358 60.5899 29.9213 19.4412 13.4444 5.1039 1.91458
threshold=0 1 24.450000000000003 19.050000000000004 96.500000000000014 26.779762000000002 2 25.150000000000002 25.250000000000004 0.59868201182722736 38.900000000000006 85.386905000000013 29.150000000000002 -0.6905596507703472
decision_type=1 1 2 2 2 2 1 2 2 2 2 2 2 2
left_child=2 6 4 7 5 -1 9 -4 -5 -2 -6 -8 13 -3
right_child=1 12 3 8 10 -7 11 -9 -10 -11 -12 -13 -14 -15
leaf_value=-0.060007381858163102 0.011517452507581141 -0.054757640802274722 -0.072902209089817135 0.018756260725946175 0.06132806598063778 0.025177648320311094 -0.048844257036791801 0.033125511383694566 0.066213280593515167 -0.022158362329473495 -0.021994104904260049 -0.023528864123827872 -0.022040233680184373 -0.061513535636214527
leaf_weight=40.143054023385048 196.24358303844929 258.48954443633556 73.728674933314323 138.41914202272892 835.67996302247047 274.95240910351276 161.44855032861233 23.947255805134773 131.89820946753025 98.101171985268593 6.5982807576656333 82.124609023332596 10.689482405781744 614.67967681586742
leaf_count=190 787 1360 297 602 4000 1187 779 102 606 397 27 390 48 3322
internal_value=8.91799e-05 -0.0433801 0.0406263 0.0184099 0.0480189 0.0141696 -0.0178801 -0.0468351 0.0420711 0.00025673 0.06065 -0.0404399 -0.0584889 -0.0595785
internal_weight=2947.14 1421.78 1525.37 367.993 1157.37 315.095 537.918 97.6759 270.317 294.345 842.278 243.573 883.859 873.169
internal_count=14094 7083 7011 1607 5404 1377 2353 399 1208 1184 4027 1169 4730 4682
cat_boundaries=0 1 2 3
cat_threshold=7 32 1
is_linear=0
shrinkage=0.05


Tree=16
num_leaves=15
num_cat=3
split_feature=0 0 4 34 6 1 38 5 39 40 39 5 21 23
split_gain=1927.39 185.432 94.7851 98.7635 78.515 78.3644 28.0216 24.4652 36.287 12.3651 3.85102 3.27555 3.04084 0.670285
threshold=0 1 0.10837544681456417 20.350000000000005 27.000000000000004 2 8.0687500000000032 -0.39036009226888668 17.350000000000005 0.35000000000000003 29.150000000000002 -0.6905596507703472 24.250000000000004 83.500000000000014
decision_type=1 1 2 2 2 1 2 2 2 2 2 2 2 2
left_child=2 5 7 -4 -5 6 -2 8 -1 -7 11 -3 -9 -12
right_child=1 10 3 4 -6 9 -8 12 -10 -11 13 -13 -14 -15
leaf_value=-0.0040121639080543453 0.015096745554476846 -0.052199887734810352 -0.06442412910518254 0.036010030105338181 -0.018741199165971389 0.0015649608283560255 -0.015842469761560906 0.063341020981599869 0.048883877948665472 -0.042615307526600449 -0.040255298250539279 -0.060295631712003389 0.040370224933759108 -0.013688458449104952
leaf_weight=36.72154812514782 139.64887009561062 249.32947537302971 27.026773020625114 740.84990917146206 71.208607286214828 16.961833208799362 151.5749801248312 346.24246829748154 266.89437445998192 223.98489825427532 4.2942548394203168 593.40719795227051 22.135004654526711 7.4198149740695953
leaf_count=172 560 1348 145 3246 302 80 612 1790 1306 1095 20 3311 111 33
internal_value=0.000116939 -0.0422784 0.0390441 0.028039 0.0311918 -0.0181407 -0.00100548 0.0533037 0.0424941 -0.0395116 -0.0568902 -0.0579652 0.0620738 -0.0258278
internal_weight=2897.7 1386.62 1511.08 839.085 812.059 532.171 291.224 671.993 303.616 240.947 854.451 842.737 368.377 11.7141
internal_count=14131 7059 7072 3693 3548 2347 1172 3379 1478 1175 4712 4659 1901 53
cat_boundaries=0 1 2 3
cat_threshold=7 32 1
is_linear=0
shrinkage=0.05


Tree=17
num_leaves=15
num_cat=3
split_feature=0 0 6 6 1 34 39 36 37 42 34 34 39 5
split_gain=1754.04 172.297 116.807 91.2866 74.3157 57.4322 123.799 82.0179 50.8491 28.6343 27.6583 13.9826 3.42112 2.8598
threshold=0 1 2.5000000000000004 1.5000000000000002 2 24.450000000000003 19.050000000000004 96.500000000000014 25.500000000000004 3.5000000000000004 23.850000000000005 24.250000000000004 29.150000000000002 -0.6905596507703472
decision_type=1 1 2 2 1 2 2 2 2 2 2 2 2 2
left_child=2 4 3 8 9 7 -7 -4 -1 -2 -5 -6 13 -3
right_child=1 12 5 10 11 6 -8 -9 -10 -11 -12 -13 -14 -15
leaf_value=-0.063931035876287484 0.029913062612128234 -0.05118372588048662 0.020404716778978118 -0.0042638439110547844 -0.031333544612915536 -0.036048013178281935 0.044089151384146992 0.059395572184552339 0.0279038018922881 -0.0091152838125906892 -0.078080686141682995 -0.05918806586548634 -0.024590173160923684 -0.05898511519592034
leaf_weight=14.981410101056097 57.75584414601326 242.34002986550331 169.05658276379108 21.516880705952644 177.55620186030865 62.548264160752296 200.12255652248859 694.22692519426346 285.30806912481785 233.84855546057224 30.363495543599129 62.771035835146904 10.522382766008375 565.83141000568867
leaf_count=69 232 1346 749 102 856 258 921 3506 1299 942 125 337 48 3262
internal_value=-5.76215e-05 -0.0410725 0.0374464 0.0125223 -0.0179625 0.0455563 0.0249422 0.0517924 0.0231252 -0.00130943 -0.0481254 -0.038824 -0.0556507 -0.0567119
internal_weight=2828.75 1350.63 1478.12 352.17 531.932 1125.95 262.671 863.284 300.289 291.604 51.8804 240.327 818.694 808.171
internal_count=14052 7023 7029 1595 2367 5434 1179 4255 1368 1174 227 1193 4656 4608
cat_boundaries=0 1 2 3
cat_threshold=7 32 1
is_linear=0
shrinkage=0.05


Tree=18
num_leaves=15
num_cat=3
split_feature=0 0 6 6 1 5 6 40 44 7 38 39 36 5
split_gain=1623.47 179.161 100.264 79.2871 73.3635 53.562 52.4701 106.276 31.9993 27.425 25.8378 14.0106 1.89391 4.91536
threshold=0 1 2.5000000000000004 1.5000000000000002 2 -0.92272482904738273 27.000000000000004 41.050000000000004 48.050000000000004 30.285416500000004 10.845535500000002 27.750000000000004 98.500000000000014 -0.77243990499604276
decision_type=1 1 2 2 1 2 2 2 2 2 2 2 2 2
left_child=2 4 3 5 9 -1 8 -8 -4 -2 -5 -6 -3 -14
right_child=1 12 6 10 11 -7 7 -9 -10 -11 -12 -13 13 -15
leaf_value=-0.059195028415415442 -0.0036205106328600616 -0.05845549746801474 0.051669917396305109 -0.062962088150730608 -0.03965299421330723 0.028702079151874074 -0.086445645492232992 0.033041515873836524 0.012438205658432542 0.063782205087354479 0.017963140126563484 0.030810455385858339 -0.041691379119362139 -0.05593305928901518
leaf_weight=17.555869683623314 279.03141401708126 425.74385388195515 848.35548733174801 39.069511070847511 225.8178523927927 278.86880196630955 19.839872226119041 175.46834708750248 56.154007315635681 14.951147764921187 12.582814052700995 6.5823363065719596 100.81598281860352 269.50925217568874
leaf_count=74 1124 2507 4192 171 1141 1287 88 874 265 60 55 32 570 1594
internal_value=7.36774e-05 -0.0398047 0.036522 0.0133367 -0.0162954 0.0233148 0.0441729 0.0205252 0.0492507 1.20097e-05 -0.0432815 -0.0375338 -0.0549157 -0.0521787
internal_weight=2770.35 1322.45 1447.89 348.077 526.383 296.425 1099.82 195.308 904.509 293.983 51.6523 232.4 796.069 370.325
internal_count=14034 7028 7006 1587 2357 1361 5419 962 4457 1184 226 1173 4671 2164
cat_boundaries=0 1 2 3
cat_threshold=7 32 1
is_linear=0
shrinkage=0.05


Tree=19
num_leaves=15
num_cat=1
split_feature=6 33 44 34 37 6 41 39 44 39 1 15 37 20
split_gain=57.6945 53.0921 71.8615 104.66 48.0428 47.6246 60.9352 39.2682 25.9289 41.5933 26.1754 20.0832 1.28992 0.943075
threshold=2.5000000000000004 36.850000000000001 41.600000000000001 24.150000000000002 32.500000000000007 27.000000000000004 41.050000000000004 19.450000000000003 48.050000000000004 26.650000000000002 0 7.3500000000000005 33.500000000000007 37.100000000000009
decision_type=2 2 2 2 2 2 2 2 2 2 1 2 2 2
left_child=1 2 3 -1 -4 8 11 -8 10 -10 -2 -7 13 -3
right_child=5 12 4 -5 -6 6 7 -9 9 -11 -12 -13 -14 -15
leaf_value=0.0056268147132403357 0.015272623888930224 0.036725525204943495 -0.088441413719833467 -0.049539473714254031 -0.024749129856210486 -0.093490372734256907 -0.022855003343546579 0.011534327320551825 -0.053380371094762236 0.010026906011744939 0.0025119618552920196 -0.0037091876833895143 0.010698885696573757 0.022411503824276771
leaf_weight=323.7536511272192 822.91445477306843 27.917799487709999 51.72413182258606 115.98094449937344 70.107062608003616 27.406971737742424 164.20417875051498 165.95303782820702 43.42917038500309 61.279543831944466 785.44926422834396 8.0868255198001844 12.585900381207464 33.200100779533386
leaf_count=1633 4206 136 263 568 345 131 847 875 219 307 4205 42 66 165
internal_value=-5.32863e-05 -0.0132284 -0.0184702 -0.0090028 -0.0522899 0.00397753 -0.0123811 -0.00558662 0.00747442 -0.0165282 0.00904635 -0.073697 0.0264224 0.0294359
internal_weight=2713.99 635.27 561.566 439.735 121.831 2078.72 365.651 330.157 1713.07 104.709 1608.36 35.4938 73.7038 61.1179
internal_count=14008 3176 2809 2201 608 10832 1895 1722 8937 526 8411 173 367 301
cat_boundaries=0 1
cat_threshold=1
is_linear=0
shrinkage=0.05


Tree=20
num_leaves=15
num_cat=3
split_feature=0 0 4 34 8 1 31 4 19 35 20 39 5 26
split_gain=1459.87 182.204 99.3719 92.5082 76.3339 73.4597 25.9099 25.2109 20.8259 14.5334 11.5013 4.37789 3.38033 0.693461
threshold=0 1 0.10837544681456417 20.350000000000005 33.150000000000013 2 49.150000000000006 -0.84315017450793706 27.893750000000004 85.386905000000013 31.150000000000002 29.150000000000002 -0.70289845916694649 29.150000000000002
decision_type=1 1 2 2 2 1 2 2 2 2 2 2 2 2
left_child=2 5 6 -4 -5 7 8 -2 -1 -7 -8 12 -3 -13
right_child=1 11 3 4 -6 9 10 -9 -10 -11 -12 13 -14 -15
leaf_value=0.054872812471224823 -0.03188251000112298 -0.048657795689048336 -0.064000430610941031 0.0099763562581073988 0.041234369786599598 -0.044891588005914591 0.034396266304825521 0.0085429502767399509 0.020507490363862527 -0.017893171617361849 -0.03829065639500679 -0.0070812092872319255 -0.057220122466032489 -0.032962536474292842
leaf_weight=555.40493746101856 44.782703503966331 219.28649733960629 28.087324216961861 361.6842819750309 425.73020541667938 149.39110463857651 8.9827253073453921 243.82562901079655 49.597960144281387 77.540612027049065 10.991700351238249 6.0919200927019101 535.65587593615055 4.6555650234222412
leaf_count=3054 180 1289 154 1581 1965 778 43 983 235 391 47 28 3300 22
internal_value=0.000594399 -0.0380641 0.0350029 0.0237019 0.0269074 -0.014291 0.0502468 0.00218179 0.052094 -0.0357854 -0.00552109 -0.0536415 -0.0548007 -0.020144
internal_weight=2721.71 1281.23 1440.48 815.502 787.414 515.54 624.977 288.608 605.003 226.932 19.9744 765.69 754.942 10.7475
internal_count=14050 6971 7079 3700 3546 2332 3379 1163 3289 1169 90 4639 4589 50
cat_boundaries=0 1 2 3
cat_threshold=7 32 1
is_linear=0
shrinkage=0.05


Tree=21
num_leaves=15
num_cat=3
split_feature=0 0 34 39 36 32 34 21 1 43 33 35 39 5
split_gain=1401.54 152.789 92.5474 195.174 176.812 101.487 74.3157 64.2998 60.2999 46.9363 25.9867 11.4907 3.84669 2.50288
threshold=0 1 24.450000000000003 19.050000000000004 96.500000000000014 26.779762000000002 25.150000000000002 25.250000000000004 2 43.800000000000004 36.850000000000001 85.386905000000013 29.150000000000002 -0.72694848937061807
decision_type=1 1 2 2 2 2 2 2 1 2 2 2 2 2
left_child=2 8 4 6 5 -1 -4 -5 10 -6 -2 -10 13 -3
right_child=1 12 3 7 9 -7 -8 -9 11 -11 -12 -13 -14 -15
leaf_value=-0.063566527977251167 -0.0058219722157600261 -0.048350270749547702 -0.071737129880187642 0.01088689985822055 0.05529839628062843 0.020553295384108952 0.027574576015977199 0.060912569372749831 -0.044379587002876433 -0.094266120949674528 0.051161466114126246 -0.020304624392052523 -0.021894744003508361 -0.056180282025438039
leaf_weight=40.416280820965767 267.9627847969532 207.27225160598755 74.985039487481117 134.81587767601013 754.20413306355476 266.72647953033447 24.445100992918015 122.6266850233078 146.31784844398499 4.4157785922288886 20.616341665387154 78.886937722563744 11.276484072208403 530.60628768801689
leaf_count=200 1080 1251 303 614 4050 1206 107 614 777 18 83 401 53 3382
internal_value=-0.000165193 -0.0383257 0.0337469 0.0119029 0.0413597 0.00931377 -0.0472897 0.0348589 -0.0164257 0.0543049 -0.00158841 -0.0360734 -0.05289 -0.0540492
internal_weight=2685.57 1262.94 1422.64 356.873 1065.76 307.143 99.4301 257.443 513.784 758.62 288.579 225.205 749.155 737.879
internal_count=14139 7027 7112 1638 5474 1406 410 1228 2341 4068 1163 1178 4686 4633
cat_boundaries=0 1 2 3
cat_threshold=7 32 1
is_linear=0
shrinkage=0.05


Tree=22
num_leaves=15
num_cat=4
split_feature=0 0 4 33 44 1 4 31 1 34 20 39 5 13
split_gain=1290.37 155.869 89.9276 81.5636 230.757 49.29 24.9338 18.6652 16.6462 13.9592 7.26182 2.7057 2.24495 1.0575
threshold=0 1 0.022575936829235404 36.850000000000001 46.250000000000007 2 0.61915405168109316 49.150000000000006 3 23.850000000000005 31.150000000000002 29.150000000000002 -0.44505783185115427 8.0750000000000011
decision_type=1 1 2 2 2 1 2 2 1 2 2 2 2 2
left_child=2 5 7 4 -4 6 -2 8 -1 -7 -9 12 -3 -5
right_child=1 11 3 13 -6 9 -8 10 -10 -11 -12 -13 -14 -15
leaf_value=0.059491095846179322 0.007910989934319294 -0.049030415209336486 0.022269641492264271 0.032760902902040326 -0.12637128434680631 -0.022254511329723854 -0.023289349289785433 0.03280770418369227 0.041258232082016837 -0.048119912627010902 -0.025017786921711811 -0.025100459381062985 -0.056053070119777663 0.066853312585126376
leaf_weight=265.64846910536289 199.02788537740707 281.47371333837509 702.20038878917694 5.3125011622905722 26.131273493170738 124.84632025659084 93.194615006446838 8.9012110680341738 263.72110250592232 93.066268920898438 11.022978633642195 11.175162509083746 435.34638158977032 92.006679370999336
leaf_count=1544 799 1777 3245 28 111 635 379 44 1514 526 47 53 2873 471
internal_value=-0.000415897 -0.0372678 0.0328045 0.0225682 0.0167707 -0.0152329 -0.00208481 0.0487179 0.0505028 -0.0334705 0.00114928 -0.052252 -0.0533676 0.0653444
internal_weight=2613.07 1238.13 1374.94 825.651 728.332 510.135 292.223 549.294 529.37 217.913 19.9242 727.995 716.82 97.3192
internal_count=14046 7042 7004 3855 3356 2339 1178 3149 3058 1161 91 4703 4650 499
cat_boundaries=0 1 2 3 4
cat_threshold=7 32 1 1
is_linear=0
shrinkage=0.05


Tree=23
num_leaves=15
num_cat=4
split_feature=0 0 4 33 44 1 4 31 1 4 27 39 38 26
split_gain=1173.74 156.864 85.2028 79.604 216.344 47.7579 27.6133 20.4796 14.326 13.1438 7.64688 3.54064 2.90893 1.41253
threshold=0 1 0.022575936829235404 36.850000000000001 46.250000000000007 2 0.59177612190863982 48.800000000000004 3 -0.27694604220087021 33.750000000000007 29.150000000000002 5.3982145000000008 29.150000000000002
decision_type=1 1 2 2 2 1 2 2 1 2 2 2 2 2
left_child=2 5 7 4 -4 6 -2 8 -1 -7 -9 12 -3 -13
right_child=1 11 3 -5 -6 9 -8 10 -10 -11 -12 13 -14 -15
leaf_value=0.058107000276673842 0.01020999306444759 -0.025677535348409622 0.021661670307572174 0.064719724309011586 -0.11709141616194366 -0.015635413571017717 -0.022184136429007208 -0.012103169258342034 0.040886659465172975 -0.041404928212549888 0.050299662818383273 -0.0020892929635903564 -0.052766908164709907 -0.038308262078949856
leaf_weight=256.09379394352436 192.60465881228447 12.910988390445707 694.36112986505032 94.418926060199738 28.29047292470932 80.908418923616409 98.643669605255127 19.435058027505878 258.08659116923809 134.15610748529434 5.465432494878768 5.7238212674856168 678.49433229863644 4.2967877089977264
leaf_count=1542 773 81 3229 498 117 422 402 88 1520 743 28 27 4558 21
internal_value=-4.71987e-05 -0.0357251 0.0317584 0.0217689 0.0160754 -0.0137453 -0.000800027 0.0474189 0.0495596 -0.0318275 0.0030069 -0.0511337 -0.0522989 -0.0196866
internal_weight=2563.89 1207.74 1356.15 817.071 722.652 506.313 291.248 539.081 514.18 215.065 24.9005 701.426 691.405 10.0206
internal_count=14049 7027 7022 3844 3346 2340 1175 3178 3062 1165 116 4687 4639 48
cat_boundaries=0 1 2 3 4
cat_threshold=7 32 1 1
is_linear=0
shrinkage=0.05


Tree=24
num_leaves=15
num_cat=4
split_feature=0 0 6 6 1 34 39 36 5 38 38 35 0 39
split_gain=1070.44 152.405 87.5003 64.0809 51.7506 50.9667 118.785 78.5587 49.9546 26.7266 22.1708 12.5302 5.66251 9.4542
threshold=0 1 2.5000000000000004 1.5000000000000002 2 24.450000000000003 19.050000000000004 96.500000000000014 -0.8142754349318998 6.4553575000000007 9.9226190000000027 85.386905000000013 3 29.150000000000002
decision_type=1 1 2 2 1 2 2 2 2 2 2 2 1 2
left_child=2 4 3 8 9 7 -7 -4 -1 -2 -5 -6 13 -3
right_child=1 12 5 10 11 6 -8 -9 -10 -11 -12 -13 -14 -15
leaf_value=-0.042938951163728901 0.034900921128584138 -0.041702117061309503 0.013540559521531246 -0.06707901191131628 -0.040728821975109492 -0.039953021214265194 0.038656299536258175 0.052622154681748606 0.024829571707899858 -0.0060333042579458502 0.0024999178191967941 -0.015031739792004162 -0.058915630968497584 0.019809798299717903
leaf_weight=29.537106052041054 46.667316004633904 332.5229584351182 164.30991552770138 32.530489221215248 137.51769968867302 64.269331246614456 181.98660717904568 604.73960883915424 253.06248964369297 242.96735775470734 17.279038429260254 74.730650469660759 340.80183488130569 5.8173315525054923
leaf_count=131 187 2308 764 145 776 268 920 3537 1240 982 77 394 2351 28
internal_value=0.000112507 -0.0344695 0.0304502 0.0083787 -0.0128457 0.0379606 0.0180618 0.0443007 0.01762 0.000659604 -0.0433678 -0.031794 -0.04999 -0.0394274
internal_weight=2528.74 1181.03 1347.71 332.409 501.883 1015.31 246.256 769.05 282.6 289.635 49.8095 212.248 679.142 338.34
internal_count=14108 7026 7082 1593 2339 5489 1188 4301 1371 1169 222 1170 4687 2336
cat_boundaries=0 1 2 3 4
cat_threshold=7 32 1 8
is_linear=0
shrinkage=0.05


Tree=25
num_leaves=15
num_cat=4
split_feature=0 0 34 36 39 32 34 21 1 43 42 34 0 39
split_gain=1004.41 145.916 79.5529 158.316 152.033 78.5277 74.9528 60.1297 45.17 39.2898 23.6691 14.8621 4.72274 8.35235
threshold=0 1 24.450000000000003 96.500000000000014 19.050000000000004 26.779762000000002 25.150000000000002 25.550000000000004 2 43.800000000000004 3.5000000000000004 24.450000000000003 3 29.150000000000002
decision_type=1 1 2 2 2 2 2 2 1 2 2 2 1 2
left_child=2 8 3 5 6 -1 -4 -6 10 -5 -2 -10 13 -3
right_child=1 12 4 9 7 -7 -8 -9 11 -11 -12 -13 -14 -15
leaf_value=-0.059880327130204525 0.029095122343377786 -0.041161479696597308 -0.068545931040822947 0.051511326041887254 0.0099855775593186129 0.016606413696700271 0.032892956600659766 0.060850255131479007 -0.023398772634522457 -0.092037299298945163 -0.0070300685392379872 -0.056282781549798169 -0.058228798252640469 0.019339625901066998
leaf_weight=37.546620175242424 55.372367635369301 322.71873670816422 72.828976333141327 676.56153756380081 146.8173063993454 258.73769673705101 23.497730687260628 95.69069616496563 167.45911425352097 3.9261192530393592 230.73032969236374 43.51591844856739 327.73207605630159 5.2621318697929373
leaf_count=189 223 2302 295 4001 693 1201 104 534 904 16 932 278 2351 25
internal_value=7.89357e-05 -0.0338237 0.0298194 0.0372826 0.00913627 0.00674481 -0.0437174 0.0302236 -0.0126676 0.0505493 3.85954e-05 -0.030415 -0.049388 -0.038951
internal_weight=2468.4 1152.79 1315.61 976.772 338.835 296.284 96.3267 242.508 497.078 680.488 286.103 210.975 655.713 327.981
internal_count=14048 7015 7033 5407 1626 1390 399 1227 2337 4017 1155 1182 4678 2327
cat_boundaries=0 1 2 3 4
cat_threshold=7 32 1 8
is_linear=0
shrinkage=0.05


Tree=26
num_leaves=15
num_cat=4
split_feature=0 0 6 6 43 5 33 34 1 44 33 40 0 39
split_gain=913.02 148.632 78.2681 63.9319 82.4012 52.6035 83.2586 77.7682 47.0313 29.4364 24.7108 15.7682 5.01988 11.3804
threshold=0 1 2.5000000000000004 27.000000000000004 9.6000000000000032 0.5475998096715059 36.850000000000001 21.450000000000003 2 48.050000000000004 36.850000000000001 0.35000000000000003 3 29.150000000000002
decision_type=1 1 2 2 2 2 2 2 1 2 2 2 1 2
left_child=2 8 5 9 -5 6 -1 -7 10 -4 -2 -10 13 -3
right_child=1 12 3 4 -6 7 -8 -9 11 -11 -12 -13 -14 -15
leaf_value=-0.020166222774961249 -0.0025895483782338671 -0.040506061231787183 0.044817054753584211 -0.1080312549318293 0.018729914295834409 -0.025053783592130507 0.064304734029577384 0.06181143679979452 0.018695442757547084 0.0056722085607925129 0.052698830044698587 -0.033461834294467842 -0.057583228061862113 0.030510469223410819
leaf_weight=181.13012965023518 266.87844468653202 313.23686195164919 738.648692086339 12.920751884579657 161.96185897290707 36.848686501383781 33.743318721652031 81.289671495556831 15.041271686553953 51.694852113723755 20.859753489494324 192.19800651073456 312.90978898108006 5.0610421597957602
leaf_count=844 1078 2295 4211 55 913 190 185 409 81 263 84 1099 2335 24
internal_value=0.000327252 -0.0324502 0.028792 0.0362194 0.00880352 0.00808197 -0.00666463 0.0347343 -0.0112783 0.0422671 0.00158725 -0.0296047 -0.0485752 -0.0380919
internal_weight=2424.42 1126.19 1298.24 965.226 174.883 333.012 214.873 118.138 494.977 790.344 287.738 207.239 631.208 318.298
internal_count=14066 6996 7070 5442 968 1628 1029 599 2342 4474 1162 1180 4654 2319
cat_boundaries=0 1 2 3 4
cat_threshold=7 32 1 8
is_linear=0
shrinkage=0.05


Tree=27
num_leaves=15
num_cat=4
split_feature=0 0 4 8 34 39 1 44 31 25 5 27 0 5
split_gain=873.038 128.511 81.6565 85.7288 123.234 73.5978 31.9117 25.1469 21.2116 13.5091 12.7332 7.99838 6.177 10.1651
threshold=0 1 0.022575936829235404 33.250000000000007 24.450000000000003 22.950000000000003 2 44.100000000000001 48.800000000000004 5.1687500000000011 0.56191161272202661 33.750000000000007 3 -0.77243990499604276
decision_type=1 1 2 2 2 2 1 2 2 2 2 2 1 2
left_child=2 6 8 4 -4 -5 7 -2 9 -1 -8 -10 13 -3
right_child=1 12 3 5 -6 -7 10 -9 11 -11 -12 -13 -14 -15
leaf_value=0.0048348378299713788 0.0040782757444065374 -0.022666857195818263 0.020725967656798863 0.053632902676794651 -0.039059556519158836 0.0085080465611384517 -0.01951635336475812 -0.036628701962208042 -0.018229423118457898 0.048670752055560672 -0.046944009814007696 0.047516959617776695 -0.056978828780402807 -0.043641403227743819
leaf_weight=18.543851718306541 246.32751467823982 81.952121913433075 279.6699310541153 224.77669420838356 123.39953716099262 151.3809878975153 141.50919468700886 43.817222326993942 17.862797111272815 442.39140985906124 61.306397840380669 5.1308699399232855 300.92475842684507 230.61089158058167
leaf_count=122 995 585 1386 1156 538 757 831 177 83 2928 339 28 2337 1754
internal_value=-4.82823e-05 -0.032306 0.0282429 0.0184096 0.00237129 0.0355436 -0.0125786 -0.00217393 0.0445883 0.0469215 -0.0279967 -0.00218964 -0.047657 -0.0370502
internal_weight=2369.6 1106.45 1263.16 779.227 403.069 376.158 492.96 290.145 483.929 460.935 202.816 22.9937 613.488 312.563
internal_count=14016 7018 6998 3837 1924 1913 2342 1172 3161 3050 1170 111 4676 2339
cat_boundaries=0 1 2 3 4
cat_threshold=7 32 1 8
is_linear=0
shrinkage=0.05


Tree=28
num_leaves=15
num_cat=4
split_feature=0 0 25 26 34 43 1 5 36 5 39 34 0 5
split_gain=780.646 125.751 73.0497 85.182 110.89 59.0724 31.5879 26.1534 22.5618 26.5543 23.5236 14.6266 8.40673 8.83156
threshold=0 1 6.8583335000000014 14.950000000000001 23.950000000000003 18.050000000000004 2 -0.86974577485258975 95.500000000000014 0.90070004940655357 14.850000000000003 24.050000000000004 3 -0.6905596507703472
decision_type=1 1 2 2 2 2 1 2 2 2 2 2 1 2
left_child=2 6 8 4 -4 -5 7 -2 9 -1 -10 -8 13 -3
right_child=1 12 3 5 -6 -7 11 -9 10 -11 -12 -13 -14 -15
leaf_value=-0.10686417424760464 0.029882094990496006 -0.023566245288126928 0.042175227275360522 0.01580924221437633 -0.082529007585835645 0.044374564546115255 -0.01762163917999297 -0.0085304884753698764 0.017099413116629134 0.05421597426035224 0.056621449735211049 -0.046719072336420565 -0.056457308385990071 -0.042532369962859154
leaf_weight=4.2257063090801221 53.615796566009521 92.986417673528194 29.245242610573769 617.68346484005451 42.804976910352707 256.26215077936649 135.5037833750248 233.90707662701607 45.670824885368347 4.1339753121137619 247.01284290850163 64.04925873875618 291.02373711764812 211.21452816575766
leaf_count=18 215 678 185 3267 178 1509 748 947 284 22 1538 425 2348 1656
internal_value=-0.000296358 -0.0311979 0.0265636 0.0199127 -0.032027 0.0242264 -0.0116775 -0.00128876 0.0482076 -0.0299259 0.0505336 -0.0271472 -0.0466697 -0.0356626
internal_weight=2329.34 1082.3 1247.04 945.996 72.0502 873.946 487.076 287.523 301.043 8.35968 292.684 199.553 595.225 304.201
internal_count=14018 7017 7001 5139 363 4776 2335 1162 1862 40 1822 1173 4682 2334
cat_boundaries=0 1 2 3 4
cat_threshold=7 32 1 8
is_linear=0
shrinkage=0.05


Tree=29
num_leaves=15
num_cat=6
split_feature=0 0 4 20 34 44 1 4 0 1 34 19 0 5
split_gain=733.305 132.482 78.3525 76.0327 124.929 66.14 31.7797 25.4394 25.3087 49.0759 14.9293 9.22984 4.39091 6.50295
threshold=0 1 0.091259403071267911 33.350000000000001 24.550000000000004 38.70000000000001 2 -0.84315017450793706 3 4 24.050000000000004 28.088194500000004 5 -0.73865259438682551
decision_type=1 1 2 2 2 2 1 2 1 1 2 2 1 2
left_child=2 6 8 4 -4 -5 7 -2 11 -10 -8 -1 13 -3
right_child=1 12 3 5 -6 -7 10 -9 9 -11 -12 -13 -14 -15
leaf_value=0.053749219753015276 -0.03462170318951651 -0.025303193155398113 0.014615394725576009 0.047851471728274746 -0.06118670166290973 0.0096915975221027045 -0.016870447036720072 0.006034248830461904 0.049805295441829434 -0.0052885694600915863 -0.04651672214062598 0.015262666621028986 -0.055926649545911068 -0.042388905639033289
leaf_weight=303.02850204706192 44.641920521855354 83.689675837755203 220.59941616654396 225.54770809412003 71.025843799114227 228.93714612722397 137.26900786161423 244.09855991601944 78.728131949901581 81.634113863110542 61.930433988571167 17.43127416074276 281.28137867152691 211.15971796214581
leaf_count=2096 180 618 1091 1170 304 1154 765 987 547 547 423 89 2365 1705
internal_value=-0.000343079 -0.0305502 0.0258959 0.0159292 -0.00399234 0.0286927 -0.0107452 -0.000349331 0.0418339 0.0206222 -0.0262737 0.0501497 -0.0468081 -0.0364105
internal_weight=2291 1064.07 1226.93 746.11 291.625 454.485 487.94 288.74 480.822 160.362 199.199 320.46 576.131 294.849
internal_count=14041 7043 6998 3719 1395 2324 2355 1167 3279 1094 1188 2185 4688 2323
cat_boundaries=0 1 2 3 4 5 6
cat_threshold=7 32 1 5 1 8
is_linear=0
shrinkage=0.05


Tree=30
num_leaves=15
num_cat=5
split_feature=0 0 2 34 26 1 37 4 25 1 0 36 5 16
split_gain=670.321 132.021 71.537 71.7755 63.0586 26.5293 21.9593 15.0916 6.15416 7.55482 4.74709 6.6906 4.23794 0.1891
threshold=0 1 8.5000000000000018 20.350000000000005 14.950000000000001 2 66.500000000000014 -0.27694604220087021 5.0236110000000007 3 4 98.500000000000014 -0.29342786347392819 0.55000000000000016
decision_type=1 1 2 2 2 1 2 2 2 1 1 2 2 2
left_child=2 5 3 13 -5 6 -2 -7 9 -4 11 -3 -10 -1
right_child=1 10 8 4 -6 7 -8 -9 12 -11 -12 -13 -14 -15
leaf_value=-0.063537025354590396 0.0044399516314642907 -0.044168019181575285 0.049575346325201025 -0.012930051417524239 0.026153838019554489 -0.0066115720899979653 -0.040423261661554688 -0.035492228985935896 0.030808059384613506 -0.030056621330349087 -0.055413306464357409 -0.028380386967432537 0.052943463022881145 -0.031161720378897625
leaf_weight=23.196371614933017 257.24053578078747 154.65787520259619 4.795243561267851 117.67176878452301 808.2857361137867 74.458563521504402 29.497076421976089 116.4310632199049 29.624539859592915 5.1803943067789078 270.43267724663019 134.92537458986044 212.34441914409399 3.5424482971429816
leaf_count=130 1040 1259 35 576 4366 423 119 734 210 36 2369 1083 1614 21
internal_value=-0.000351289 -0.0296391 0.0249192 0.0188242 0.0211784 -0.00972726 -0.000299633 -0.0243202 0.0487862 0.00925135 -0.046107 -0.0357063 0.0503714 -0.0605259
internal_weight=2242.28 1037.64 1204.64 952.696 925.958 477.627 286.738 190.89 251.945 9.97564 560.016 289.583 241.969 26.7388
internal_count=14015 7027 6988 5093 4942 2316 1159 1157 1895 71 4711 2342 1824 151
cat_boundaries=0 1 2 3 4 5
cat_threshold=7 32 1 1 8
is_linear=0
shrinkage=0.05


Tree=31
num_leaves=15
num_cat=5
split_feature=0 0 2 33 36 1 4 35 25 1 0 38 33 7
split_gain=608.211 124.555 75.1 67.7126 99.7311 27.7465 25.1721 13.4226 6.30342 6.67728 4.96781 7.96315 3.61448 0.251264
threshold=0 1 8.5000000000000018 36.850000000000001 95.500000000000014 2 0.61915405168109316 85.386905000000013 4.9326385000000004 3 4 5.6827385000000001 31.250000000000004 31.435416500000006
decision_type=1 1 2 2 2 1 2 2 2 1 1 2 2 2
left_child=2 5 3 4 -1 6 -2 -7 9 -4 11 -3 -10 -5
right_child=1 10 8 13 -6 7 -8 -9 12 -11 -12 -13 -14 -15
leaf_value=-0.013727635301502186 0.0097508344820084712 0.0055197804955684077 0.047016277519781255 0.062994294822166952 0.023881699139802457 -0.034595343902597442 -0.021548070958239979 -0.0068359383810926979 0.038734117019522063 -0.034082545730442816 -0.054893706948460498 -0.037856886702893736 0.054109445855019089 0.042173035966837788
leaf_weight=245.67671893537045 198.90572203695774 10.761162862181662 3.817075200378893 70.235584497451782 618.09119629859924 122.74191635102034 93.657292246818542 68.098635241389275 67.333343341946602 4.3783547282218933 255.92873001843691 271.31080669164658 168.67928083240986 10.47653318941593
leaf_count=1207 800 84 29 423 3394 783 383 391 516 30 2336 2261 1325 73
internal_value=-0.000677926 -0.0288068 0.0235406 0.0173141 0.0131812 -0.00979702 -0.000308058 -0.0247771 0.048413 0.00469504 -0.045349 -0.0349536 0.0499049 0.0608409
internal_weight=2210.09 1021.4 1188.69 944.48 863.768 483.404 292.563 190.841 244.208 8.19543 538.001 282.072 236.013 80.7121
internal_count=14035 7038 6997 5097 4601 2357 1183 1174 1900 59 4681 2345 1841 496
cat_boundaries=0 1 2 3 4 5
cat_threshold=7 32 1 1 8
is_linear=0
shrinkage=0.05


Tree=32
num_leaves=15
num_cat=4
split_feature=0 0 6 5 33 34 6 40 44 1 33 40 0 39
split_gain=575.253 103.647 75.8248 50.1689 80.2264 75.8366 49.2709 71.7576 31.6281 23.642 21.8017 13.452 9.58378 9.17458
threshold=0 1 2.5000000000000004 0.5475998096715059 36.850000000000001 21.450000000000003 27.000000000000004 41.050000000000004 48.050000000000004 2 36.850000000000001 0.35000000000000003 3 29.150000000000002
decision_type=1 1 2 2 2 2 2 2 2 1 2 2 1 2
left_child=2 9 3 4 -1 -5 8 -8 -4 10 -2 -11 13 -3
right_child=1 12 6 5 -6 -7 7 -9 -10 11 -12 -13 -14 -15
leaf_value=-0.026116153417535471 -0.0062058464308742522 -0.03505426071496856 0.039204143909630125 -0.02937229323279705 0.061189420711031874 0.058266058413375468 -0.078426247597342846 0.01871040828307282 -0.0021044030107275646 0.021525957092636813 0.045445585104078895 -0.02871738259941279 -0.054450762510585442 0.030465789000082573
leaf_weight=171.85263887047768 270.55935430526733 267.05546756833792 658.12543974071741 36.362177431583405 30.068203449249268 72.704005196690559 21.010800391435623 138.75209454447031 49.734960824251175 13.696855425834654 21.094295188784599 175.66483093798161 247.72446539252996 4.7280114293098441
leaf_count=825 1095 2294 4188 193 185 403 95 871 268 79 85 1103 2356 24
internal_value=-0.000707192 -0.0284204 0.0228698 0.00187132 -0.0128779 0.0290464 0.0306488 0.00552736 0.0363029 -0.0110528 -0.00232756 -0.0249892 -0.0439385 -0.0326114
internal_weight=2179.13 1000.52 1178.61 310.987 201.921 109.066 867.623 159.763 707.86 481.015 291.654 189.362 519.508 271.783
internal_count=14064 7036 7028 1606 1010 596 5422 966 4456 2362 1180 1182 4674 2318
cat_boundaries=0 1 2 3 4
cat_threshold=7 32 1 8
is_linear=0
shrinkage=0.05


Tree=33
num_leaves=15
num_cat=4
split_feature=0 0 4 8 34 39 0 31 42 4 32 0 32 39
split_gain=518.046 105.402 70.0493 74.8163 108.196 63.5998 28.6619 34.3181 27.0033 44.6545 23.2147 12.1552 11.8369 9.1604
threshold=0 1 0.10837544681456417 33.150000000000013 24.450000000000003 22.950000000000003 2 49.150000000000006 3.5000000000000004 0.40614137006726808 27.000297500000006 3 27.624405000000003 29.150000000000002
decision_type=1 1 2 2 2 2 1 2 2 2 2 1 2 2
left_child=2 8 6 4 -4 -5 12 -8 10 -10 -2 13 -1 -3
right_child=1 11 3 5 -6 -7 7 -9 9 -11 -12 -13 -14 -15
leaf_value=0.052173381518255325 -0.02065695585622461 -0.033590320330724156 0.015464727667040924 0.04563276889293786 -0.044451015885453284 0.0033966133152576032 0.022490494171690231 -0.089732011547663679 -0.0031531334436546731 -0.039197626024091742 0.031751402258376644 -0.053990959931940585 0.020063943613991577 0.028580702122493331
leaf_weight=261.85433398932219 30.789972081780434 264.05029901117086 228.60415595769882 216.33989074826241 111.16278424859047 151.38537365198135 149.01890756189823 6.1629960238933554 253.04394699633121 129.26133771240711 62.68878311663866 234.8220631852746 34.120147436857224 5.3412310183048239
leaf_count=2028 150 2326 1176 1205 489 788 1112 30 1228 671 306 2327 191 27
internal_value=-0.000180017 -0.0267766 0.0223574 0.0127036 -0.00421104 0.0283013 0.0379291 0.0164353 -0.00932949 -0.0154106 0.0144532 -0.0426892 0.0469702 -0.0311061
internal_weight=2138.65 979.998 1158.65 707.492 339.767 367.725 451.156 155.182 475.784 382.305 93.4788 504.214 295.974 269.392
internal_count=14054 7035 7019 3658 1665 1993 3361 1142 2355 1899 456 4680 2219 2353
cat_boundaries=0 1 2 3 4
cat_threshold=7 32 5 8
is_linear=0
shrinkage=0.05


Tree=34
num_leaves=15
num_cat=3
split_feature=0 0 36 34 33 4 33 43 41 34 4 0 38 39
split_gain=475.258 101.996 70.5149 158.035 91.068 157.286 89.2877 33.2635 19.5816 28.1797 22.6723 11.9565 9.09133 2.44878
threshold=0 1 96.500000000000014 24.450000000000003 36.850000000000001 0.97112537654464559 33.750000000000007 43.800000000000004 0.45000000000000007 20.550000000000004 0.34235194516023087 2 5.3982145000000008 20.250000000000004
decision_type=1 1 2 2 2 2 2 2 2 2 2 1 2 2
left_child=2 8 4 7 5 -1 -5 -4 9 -2 -10 12 -3 -6
right_child=1 11 3 6 13 -7 -8 -9 10 -11 -12 -13 -14 -15
leaf_value=0.0079327647704212668 -0.039157208220063432 0.02871750887833904 0.044816753528099669 -0.040525434401217475 0.021989610643618391 -0.090169650787671474 0.030847058150764817 -0.090615914086657146 -0.0027184496821653632 0.053404242907858758 -0.026041657511336969 -0.053549878551334376 -0.033053259903527754 0.061083993838131671
leaf_weight=298.96354378759861 11.014485150575636 5.3732990548014632 556.56710629165173 102.35935695469379 5.8626378774642935 46.304208278656006 75.132607743144035 3.676947519183158 258.55464901030064 25.806376174092293 173.83836925774813 225.72916208952665 255.1453225761652 60.701614871621132
leaf_count=1513 53 42 4023 474 43 215 380 15 1253 122 898 2336 2296 401
internal_value=-0.000237142 -0.0261343 0.021333 0.0307611 0.004927 -0.00544626 -0.0103098 0.043768 -0.00894923 0.0254124 -0.0121337 -0.0421525 -0.0305077 0.0580172
internal_weight=2105.03 955.462 1149.57 737.736 411.832 345.268 177.492 560.244 469.214 36.8209 432.393 486.248 260.519 66.5643
internal_count=14064 7000 7064 4892 2172 1728 854 4038 2326 175 2151 4674 2338 444
cat_boundaries=0 1 2 3
cat_threshold=7 32 8
is_linear=0
shrinkage=0.05


Tree=35
num_leaves=15
num_cat=5
split_feature=0 0 2 34 42 1 38 40 0 5 25 1 33 15
split_gain=437.088 103.723 68.6921 64.5163 61.5952 27.8074 22.3399 13.1104 9.00202 11.9277 6.80832 7.1584 4.30121 0.366104
threshold=0 1 8.5000000000000018 20.350000000000005 2.5000000000000004 2 6.7913690000000004 0.35000000000000003 3 -0.6905596507703472 5.0236110000000007 4 31.250000000000004 0.55000000000000016
decision_type=1 1 2 2 2 1 2 2 1 2 2 1 2 2
left_child=2 5 3 13 -5 6 -2 -7 9 -3 11 -4 -12 -1
right_child=1 8 10 4 -6 7 -8 -9 -10 -11 12 -13 -14 -15
leaf_value=-0.063159002811834411 0.026263640473649638 -0.015774410579509571 0.046428718930529259 0.050691940266648874 0.011620204493240581 0.01971139918779706 -0.006608025382921017 -0.028034398629060632 -0.05313390185226155 -0.039475822900795071 0.034793254336448316 -0.03524839060419805 0.05215062339416774 -0.029462905803353579
leaf_weight=23.722985669970516 65.916314095258713 78.686262331902981 3.9434757903218252 115.45816887915134 763.02788902819157 15.028157100081442 226.11217924952507 166.55978809297085 215.41602519899607 175.75448993593454 59.279649339616299 4.8690326362848282 150.53053942322731 3.5775627195835105
leaf_count=136 265 670 33 623 4331 84 920 1081 2324 1664 505 35 1341 22
internal_value=-0.000619664 -0.025553 0.0203519 0.0144304 0.0168071 -0.00851147 0.000876034 -0.0239967 -0.0421433 -0.0310221 0.0456345 0.0023078 0.0474348 -0.0599404
internal_weight=2067.88 943.473 1124.41 905.787 878.486 473.616 292.028 181.588 469.857 254.441 218.623 8.81251 209.81 27.3005
internal_count=14034 7008 7026 5112 4954 2350 1185 1165 4658 2334 1914 68 1846 158
cat_boundaries=0 1 2 3 4 5
cat_threshold=7 32 1 8 1
is_linear=0
shrinkage=0.05


Tree=36
num_leaves=12
num_cat=4
split_feature=0 0 4 33 1 33 5 0 39 5 34
split_gain=408.591 101.507 79.9569 45.2162 45.139 26.2591 25.2138 11.5339 9.01313 9.80117 4.30606
threshold=0 1 1.0000000180025095e-35 36.850000000000001 2 36.850000000000001 -0.13398942717002901 3 29.850000000000005 -0.4295879841196229 25.050000000000004
decision_type=1 1 2 2 1 2 2 1 2 2 2
left_child=7 2 10 -4 5 -3 -6 8 9 -1 -2
right_child=1 4 3 -5 6 -7 -8 -9 -10 -11 -12
leaf_value=-0.019370407218921148 0.049350545625545549 0.0070192162562277187 0.0087687511520187465 0.059759990318351545 -0.026644161314340706 0.052865705482890581 -0.00048024407993832278 -0.052758244898976972 0.051219575677990875 -0.039972095266239356 -0.0024163923445805063
leaf_weight=100.22889678180218 249.21712775528431 438.8095630928874 437.46167553216219 47.351452678442001 176.05902507901192 32.678515128791332 191.93981014192104 208.15530655533075 2.459078609943389 146.88356506079435 3.9900430887937537
leaf_count=893 2072 2172 2274 330 1122 167 1203 2342 12 1444 19
internal_value=-6.3495e-05 0.0120414 0.0254606 0.0138618 6.73843e-05 0.010302 -0.0130359 -0.0410839 -0.0295308 -0.0317278 0.0485285
internal_weight=2035.23 1577.51 738.02 484.813 839.487 471.488 367.999 457.727 249.572 247.112 253.207
internal_count=14050 9359 4695 2604 4664 2339 2325 4691 2349 2337 2091
cat_boundaries=0 1 2 3 4
cat_threshold=24 5 1 8
is_linear=0
shrinkage=0.05


Tree=37
num_leaves=15
num_cat=3
split_feature=0 0 36 34 39 33 4 5 4 42 33 0 36 39
split_gain=389.059 94.4203 63.221 143.19 78.0526 77.0703 129.549 33.5897 19.6241 44.1629 32.2671 8.90554 9.51341 2.81205
threshold=0 1 96.500000000000014 24.450000000000003 18.750000000000004 36.850000000000001 0.97112537654464559 -0.29342786347392819 0.40614137006726808 4.5000000000000009 32.250000000000007 2 98.500000000000014 20.250000000000004
decision_type=1 1 2 2 2 2 2 2 2 2 2 1 2 2
left_child=2 8 5 7 -5 6 -1 -4 10 -10 -2 12 -3 -7
right_child=1 11 3 4 -6 13 -8 -9 9 -11 -12 -13 -14 -15
leaf_value=0.0068088017106800449 -0.014289257822911539 -0.040609650103030304 0.0275513882430258 -0.046021647020348527 0.02007272238230088 0.016342208853491216 -0.082113490003368109 0.053266604505556071 0.0077230716516525789 -0.041970877457983724 0.020025124967387956 -0.052379185667421925 -0.020454500854294632 0.059456677212094702
leaf_weight=291.1948089376092 166.89520674198866 128.10444523394108 235.14938771724701 81.128319442272186 97.043473936617374 5.0511219203472129 46.642603009939194 286.33195671439171 76.163462147116661 106.33632488548756 114.73377728462219 200.25638207048178 114.41083384305239 53.361843205988407
leaf_count=1498 807 1249 1663 350 517 39 212 2337 379 574 572 2352 1084 383
internal_value=-0.000624487 -0.0246863 0.0193406 0.0285445 -0.0101114 0.00354552 -0.00567412 0.0417459 -0.00839893 -0.0213028 -0.000288415 -0.0411418 -0.0299925 0.0560663
internal_weight=2002.8 906.9 1095.9 699.653 178.172 396.25 337.837 521.481 464.129 182.5 281.629 442.772 242.515 58.413
internal_count=14016 7017 6999 4867 867 2132 1710 4000 2332 953 1379 4685 2333 422
cat_boundaries=0 1 2 3
cat_threshold=7 32 8
is_linear=0
shrinkage=0.05


Tree=38
num_leaves=12
num_cat=4
split_feature=0 0 6 6 6 1 44 34 0 39 5
split_gain=350.83 87.2775 66.3016 56.6383 49.2321 22.0979 24.5858 16.5035 13.5646 8.60875 10.2918
threshold=0 1 2.5000000000000004 27.000000000000004 1.0000000180025095e-35 2 44.100000000000001 24.250000000000004 3 29.150000000000002 -0.4295879841196229
decision_type=1 1 2 2 2 1 2 2 1 2 2
left_child=8 5 4 -4 -3 6 -2 -7 9 10 -1
right_child=1 2 3 -5 -6 7 -8 -9 -10 -11 -12
leaf_value=-0.017516195201610643 0.0073642890860224006 0.015603960094328293 0.032564556044934849 -0.001567628619667863 -0.026086345830600322 -0.012963647538254004 -0.032399616912098382 -0.049622683220892548 -0.052037641498822035 0.033812309908582749 -0.039017653300268941
leaf_weight=97.65481822937727 244.60791617631912 168.65103519707918 644.97291304916143 149.59875770658255 120.55540216714144 136.44618890434504 45.183109238743782 39.092733524739742 193.49038349092007 4.5832492113113394 137.51898941397667
leaf_count=903 995 953 4482 977 626 838 184 319 2370 24 1437
internal_value=-0.000387237 0.0107795 0.0185207 0.0261444 -0.00180461 -0.00726156 0.00107435 -0.0213625 -0.0395842 -0.027692 -0.0302012
internal_weight=1982.36 1549.11 1083.78 794.572 289.206 465.33 289.791 175.539 433.247 239.757 235.174
internal_count=14108 9374 7038 5459 1579 2336 1179 1157 4734 2364 2340
cat_boundaries=0 1 2 3 4
cat_threshold=24 32 1 8
is_linear=0
shrinkage=0.05


Tree=39
num_leaves=14
num_cat=0
split_feature=25 26 34 33 36 4 4 5 36 13 4 13 4
split_gain=44.4766 65.3198 57.0001 45.4376 69.8295 33.3828 27.3909 29.5915 23.9761 20.1719 12.7848 12.2605 7.6315
threshold=6.8013890000000012 15.050000000000002 23.950000000000003 36.850000000000001 95.500000000000014 0.92273069556937581 -0.70291267844185523 0.097680735332368721 91.500000000000014 6.1187500000000012 0.99466373373798567 9.1770835000000019 0.85226249403558707
decision_type=2 2 2 2 2 2 2 2 2 2 2 2 2
left_child=5 2 11 4 -3 6 7 -1 -8 -4 -7 -2 -5
right_child=1 3 9 12 -6 10 8 -9 -10 -11 -12 -13 -14
leaf_value=-0.030557924636771046 0.0046045359922592651 -0.022170207145878768 0.023579718976663479 0.00076942548788954074 0.0038460780012927725 -0.092538102326968491 -0.084760788207581067 0.015311732901065687 0.026350894663599595 -0.078904002068514292 0.004713615093936736 -0.066105465939965732 0.03268247420470119
leaf_weight=54.632763758301735 53.699957512319088 368.10461738705635 4.7781236320734015 22.758749395608902 855.5090883821249 9.017951659858225 3.9860870242118827 94.556751810014248 296.79799821227789 59.566891238093376 4.959064692258834 5.9069693535566321 106.21476682275534
leaf_count=446 431 2324 28 183 6230 50 22 829 2227 337 35 46 803
internal_value=3.84954e-05 -0.00420567 -0.0387945 -0.00100961 -0.00399222 0.0135257 0.0159383 -0.00157722 0.0246024 -0.0710494 -0.0600222 -0.00337784 0.0271003
internal_weight=1940.49 1476.54 123.952 1352.59 1223.61 463.951 449.974 149.19 300.784 64.345 13.977 59.6069 128.974
internal_count=13991 10382 842 9540 8554 3609 3524 1275 2249 365 85 477 986
is_linear=0
shrinkage=0.05


Tree=40
num_leaves=13
num_cat=4
split_feature=0 0 4 34 1 44 20 0 38 4 39 5
split_gain=320.819 84.7631 77.6426 43.3447 39.0479 28.8053 24.3716 14.0759 7.92147 12.5861 8.09581 3.41844
threshold=0 1 1.0000000180025095e-35 25.150000000000002 2 41.600000000000001 33.350000000000001 3 5.6827385000000001 -0.35846811432664222 29.850000000000005 -0.52765736634565841
decision_type=1 1 2 2 1 2 2 1 2 2 2 2
left_child=7 2 11 -4 5 -3 -6 8 9 -1 -10 -2
right_child=1 4 3 -5 6 -7 -8 -9 10 -11 -12 -13
leaf_value=-0.033471996754779298 0.039231042108992073 0.01616360935520816 0.0056647487508631397 0.050495428673130685 -0.022514842881467434 -0.01225986496399583 0.0044882545434763357 -0.051648384427564697 -0.031000844959567227 0.068549281304625315 0.046770652966520256 0.05283492406531734
leaf_weight=5.7083266377449036 105.13706231862307 348.3205836340785 411.31664307415485 61.115852899849415 233.72791612148285 118.8520984351635 129.29864181578159 182.0779974386096 220.03785169869661 4.5597052574157697 2.5495564341545096 126.86342722922564
leaf_count=54 791 1763 2195 413 1544 585 813 2323 2240 36 12 1286
internal_value=-0.000324684 0.0102668 0.0229117 0.0115586 -0.000621895 0.00892173 -0.0129113 -0.038743 -0.0267772 0.0138953 -0.0299048 0.0468648
internal_weight=1949.57 1534.63 704.433 472.432 830.199 467.173 363.027 414.933 232.855 10.268 222.587 232
internal_count=14055 9390 4685 2608 4705 2348 2357 4665 2342 90 2252 2077
cat_boundaries=0 1 2 3 4
cat_threshold=24 5 1 8
is_linear=0
shrinkage=0.05


Tree=41
num_leaves=15
num_cat=3
split_feature=0 0 36 34 39 33 44 43 38 32 33 0 5 39
split_gain=308.237 74.5232 60.7025 123.129 91.5709 84.2453 90.2861 37.3327 19.4414 33.0643 22.6233 13.084 8.08569 4.28903
threshold=0 1 95.500000000000014 24.450000000000003 18.750000000000004 36.850000000000001 45.20000000000001 43.800000000000004 8.2255955000000025 27.211012000000004 36.850000000000001 2 -0.78324956448884031 20.250000000000004
decision_type=1 1 2 2 2 2 2 2 2 2 2 1 2 2
left_child=2 8 5 7 -5 6 -1 -4 9 -2 -10 12 -3 -7
right_child=1 11 3 4 -6 13 -8 -9 10 -11 -12 -13 -14 -15
leaf_value=-0.00060439307626490818 -0.01362858127762976 -0.012230111404621902 0.038353110653440811 -0.04808469798111855 0.019486000499533165 0.0085351969884794928 -0.081321709125718677 -0.091344375477013892 -0.026121474155300313 0.024122693479543822 0.019422520574474026 -0.051319560198828107 -0.033595207490426084 0.058194466081061484
leaf_weight=202.49670819193125 148.61608347296715 62.467302553355694 549.16077782213688 83.838114261627197 121.67879830300808 5.1700708866119376 40.7980797290802 4.6882434189319602 186.59617839753628 93.723416097462177 31.155297219753265 175.52493290230632 165.78518172353506 49.507183901965618
leaf_count=1045 720 570 4307 365 671 42 183 19 971 480 164 2336 1780 388
internal_value=-0.000842722 -0.0228395 0.0171872 0.0248458 -0.008178 -0.00177335 -0.0144173 0.0370926 -0.00855423 0.00101064 -0.0195462 -0.0384586 -0.0266639 0.0537365
internal_weight=1921.21 863.868 1057.34 759.366 205.517 297.972 243.295 553.849 460.091 242.339 217.751 403.777 228.252 54.6773
internal_count=14041 7021 7020 5362 1036 1658 1228 4326 2335 1200 1135 4686 2350 430
cat_boundaries=0 1 2 3
cat_threshold=7 32 8
is_linear=0
shrinkage=0.05


Tree=42
num_leaves=12
num_cat=4
split_feature=0 0 36 34 32 1 4 34 0 39 38
split_gain=288.721 72.7431 56.9762 137.316 77.6698 18.9809 22.2586 14.5209 14.326 9.4274 11.6132
threshold=0 1 96.500000000000014 24.450000000000003 26.779762000000002 2 0.61915405168109316 24.450000000000003 3 29.150000000000002 9.0440475000000031
decision_type=1 1 2 2 2 1 2 2 1 2 2
left_child=8 5 4 -4 -3 6 -2 -7 9 10 -1
right_child=1 2 3 -5 -6 7 -8 -9 -10 -11 -12
leaf_value=-0.019466859965424275 0.010578780584881133 -0.06639947243951376 0.039967908550083274 -0.011808392410024628 0.0094056009834258218 -0.012704839368507446 -0.019086406367031787 -0.049983678598688595 -0.050997484968896369 0.036919685150821467 -0.043716417134101827
leaf_weight=139.52549312263727 198.18947395682335 36.397259175777435 483.84104546159506 173.4926183745265 349.45558726787567 141.39606429636478 91.645724534988403 31.409525416791439 169.54267431050539 4.8521028459072104 78.397005818784237
leaf_count=1456 800 189 4051 862 1935 897 382 271 2357 25 858
internal_value=-8.27601e-05 0.00991579 0.0171988 0.0263052 0.0021018 -0.00652427 0.00116529 -0.0197293 -0.0376818 -0.025625 -0.0283504
internal_weight=1898.14 1505.83 1043.19 657.334 385.853 462.641 289.835 172.806 392.317 222.775 217.922
internal_count=14083 9387 7037 4913 2124 2350 1182 1168 4696 2339 2314
cat_boundaries=0 1 2 3 4
cat_threshold=24 32 1 8
is_linear=0
shrinkage=0.05


Tree=43
num_leaves=13
num_cat=4
split_feature=0 0 4 34 1 38 8 0 5 4 38 5
split_gain=269.936 65.0996 72.0094 44.7479 35.2959 29.0335 25.4599 13.92 10.8283 33.7378 11.0201 3.99675
threshold=0 1 0.022575936829235404 25.150000000000002 2 6.4553575000000007 33.150000000000013 3 -0.77243990499604276 0.30983042691905766 12.222916500000002 -0.10837475778693634
decision_type=1 1 2 2 1 2 2 1 2 2 2 2
left_child=7 2 11 -4 5 -3 -6 8 9 -1 -10 -2
right_child=1 4 3 -5 6 -7 -8 -9 10 -11 -12 -13
leaf_value=-0.030837950694255403 0.03862212543072141 0.039662299895925401 0.0039196715190674405 0.050357826735999478 -0.020729009061146796 0.0039401622736096459 0.0083217033214402769 -0.050633468024648368 -0.036681093719340273 0.051994974892496604 0.015589254504556633 0.053703798948409466
leaf_weight=43.199922062456608 127.47744437307119 65.750225201249123 396.74362493306398 58.717375047504902 245.45576750487089 386.74950508773327 108.02108033001423 161.89837763085961 145.86125418543816 16.046071469783783 10.289392702281473 88.641833454370499
leaf_count=405 1082 369 2153 414 1649 1952 699 2354 1665 151 96 1016
internal_value=-6.79184e-05 0.00961748 0.0210121 0.0100036 -3.21666e-05 0.00920676 -0.0118528 -0.0371939 -0.025123 -0.00791297 -0.0331595 0.0450268
internal_weight=1854.85 1477.56 671.58 455.461 805.977 452.5 353.477 377.295 215.397 59.246 156.151 216.119
internal_count=14005 9334 4665 2567 4669 2321 2348 4671 2317 556 1761 2098
cat_boundaries=0 1 2 3 4
cat_threshold=24 5 1 8
is_linear=0
shrinkage=0.05


Tree=44
num_leaves=13
num_cat=2
split_feature=0 0 6 6 27 5 6 25 38 42 4 32
split_gain=250.353 70.0969 54.5803 47.4616 56.9392 43.4059 39.2659 30.1821 20.8375 17.9586 39.7764 21.7722
threshold=0 1 2.5000000000000004 27.000000000000004 16.250000000000004 -0.97111920233974802 1.5000000000000002 6.6145835000000011 8.699107500000002 3.5000000000000004 0.64579916509010216 27.000297500000006
decision_type=1 1 2 2 2 2 2 2 2 2 2 2
left_child=2 9 5 7 -5 8 -7 -4 -1 11 -11 -2
right_child=1 -3 3 4 -6 6 -8 -9 -10 10 -12 -13
leaf_value=0.0050250565998522408 -0.025881129759556087 -0.050272728519798762 0.050631257751326555 -0.078825815274298383 0.010643577020901941 0.012199003645345787 -0.03949654775281395 0.023644044200500262 -0.10130887118565933 -0.009763873657713508 -0.041793844327712382 0.016723356025104438
leaf_weight=6.4308217316865948 43.182469949126244 153.05192459002137 134.71373670548201 19.835280641913414 120.41891690343618 215.35630769282579 43.250337235629559 459.53337732702494 14.47359189391136 416.06800308078527 125.76844660937786 92.381767712533474
leaf_count=30 306 2321 1192 96 871 1274 212 3274 63 2824 962 621
internal_value=-0.000231913 -0.0204403 0.0163623 0.0236712 -0.00247799 -0.00227683 0.00343441 0.0298367 -0.0698613 -0.0130043 -0.0172618 0.00306203
internal_weight=1844.46 830.453 1014.01 734.501 140.254 279.511 258.607 594.247 20.9044 677.401 541.836 135.564
internal_count=14046 7034 7012 5433 967 1579 1486 4466 93 4713 3786 927
cat_boundaries=0 1 2
cat_threshold=7 40
is_linear=0
shrinkage=0.05


Tree=45
num_leaves=13
num_cat=3
split_feature=0 0 36 34 33 40 34 4 0 36 34 33
split_gain=233.012 65.5372 54.2323 120.731 77.1042 17.2194 28.1765 23.2715 15.1186 9.0176 17.087 8.21866
threshold=0 1 95.500000000000014 23.850000000000005 36.850000000000001 0.45000000000000007 20.550000000000004 0.39036257410962039 2 98.500000000000014 23.950000000000003 37.100000000000009
decision_type=1 1 2 2 2 2 2 2 1 2 2 2
left_child=8 5 4 -4 -3 6 -2 -7 9 11 -11 -1
right_child=1 2 3 -5 -6 7 -8 -9 -10 10 -12 -13
leaf_value=-0.039878046414211193 -0.037951218367586727 -0.014308344228535917 0.045179079166392355 0.0039306651209043723 0.052581951037800605 -0.00084133040947150135 0.051409674236096284 -0.025133990622389048 -0.049999578248838307 -0.026488241960070564 0.01877218849276098 -0.00022361492061424815
leaf_weight=96.584776036441326 11.942995905876158 239.12387827783823 333.62511467933655 377.99615101516247 51.502816066145897 255.77382104843855 27.408058747649193 159.49065614491701 148.60362786054611 72.760131485760212 28.250642351806164 15.099577046930788
leaf_count=1134 59 1215 2928 2411 436 1287 128 877 2350 803 280 144
internal_value=-0.000345077 0.00861942 0.0157244 0.0233052 -0.00231486 -0.00704563 0.0240204 -0.0102094 -0.03567 -0.0236919 -0.0137699 -0.0345664
internal_weight=1818.16 1456.86 1002.25 711.621 290.627 454.616 39.3511 415.264 361.299 212.695 101.011 111.684
internal_count=14052 9341 6990 5339 1651 2351 187 2164 4711 2361 1083 1278
cat_boundaries=0 1 2 3
cat_threshold=24 32 8
is_linear=0
shrinkage=0.05


Tree=46
num_leaves=13
num_cat=3
split_feature=0 0 4 38 42 44 39 0 5 38 38 5
split_gain=220.016 57.2372 70.4802 43.0179 33.1822 36.6994 32.3897 15.817 10.0664 23.9181 14.2397 3.70529
threshold=0 1 0.022575936829235404 6.4910715000000012 3.5000000000000004 48.050000000000004 19.750000000000004 2 -0.4295879841196229 7.9178570000000006 12.222916500000002 -0.10837475778693634
decision_type=1 1 2 2 2 2 2 1 2 2 2 2
left_child=7 2 11 -4 6 -6 -3 8 9 -1 -10 -2
right_child=1 4 3 -5 5 -7 -8 -9 10 -11 -12 -13
leaf_value=0.017179730816078344 0.037815136033881619 0.054065936168384843 0.060569220675992907 0.0039949648189657834 -0.0025971216554640545 -0.051415775836128143 0.0051901160000700063 -0.049713887587690665 -0.038651207321806963 -0.034100317840819315 0.022618733327373658 0.052937069009183373
leaf_weight=40.314903549849987 120.999666467309 46.868017368018627 35.578740902245045 415.24224195629358 596.77329887449741 40.162768550217152 116.99788688868284 143.64650391787291 109.53673549741507 49.808923378586769 9.7288301661610586 80.813302628695965
leaf_count=391 1086 269 240 2359 3547 214 651 2374 1350 537 85 1024
internal_value=-0.000213697 0.00843626 0.0193221 0.00858397 -0.000577054 -0.00575121 0.0194125 -0.0349982 -0.0229255 -0.0112245 -0.0335067 0.0441017
internal_weight=1806.47 1453.44 652.634 450.821 800.802 636.936 163.866 353.036 209.389 90.1238 119.266 201.813
internal_count=14127 9390 4709 2599 4681 3761 920 4737 2363 928 1435 2110
cat_boundaries=0 1 2 3
cat_threshold=24 5 8
is_linear=0
shrinkage=0.05


Tree=47
num_leaves=11
num_cat=0
split_feature=37 34 39 43 25 34 36 2 12 4
split_gain=39.4361 41.6829 98.8153 49.4942 45.9982 41.3296 37.4265 29.5355 0.505561 0.431961
threshold=25.500000000000004 24.450000000000003 19.050000000000004 43.800000000000004 6.6145835000000011 24.950000000000003 94.500000000000014 3.5000000000000004 27.500000000000004 0.89017062131308955
decision_type=2 2 2 2 2 2 2 2 2 2
left_child=7 3 4 6 -3 -4 -2 9 -9 -1
right_child=1 2 5 -5 -6 -7 -8 8 -10 -11
leaf_value=-0.060594531043832646 -0.010359032856861933 0.019305172161278722 -0.018021140946909094 -0.089942425865850772 -0.061170208521209427 0.018652734573217256 0.010659210770979099 -0.0037519729979960679 0.021147247104990871 -0.095350253785631708
leaf_weight=10.635203141719105 266.38605313375592 20.605274822562933 133.4224171936512 12.501291763037441 111.23029697686434 178.31707307323813 1019.9052955359221 2.2661605551838866 8.2734993174672109 12.958760920912026
leaf_count=77 1752 132 915 74 667 1393 8857 23 78 74
internal_value=-0.00027007 0.000787038 -0.0124293 0.00530688 -0.0485416 0.00294913 0.00630175 -0.0527172 0.0159324 -0.0827846
internal_weight=1776.5 1742.37 443.575 1298.79 131.836 311.739 1286.29 34.1336 10.5397 23.594
internal_count=14042 13790 3107 10683 799 2308 10609 252 101 151
is_linear=0
shrinkage=0.05


Tree=48
num_leaves=12
num_cat=3
split_feature=0 0 6 42 6 0 42 4 4 4 10
split_gain=201.236 54.4433 46.2122 52.6415 45.5259 18.3836 15.0042 31.4239 19.8254 9.89578 15.088
threshold=0 1 2.5000000000000004 2.5000000000000004 27.000000000000004 2 3.5000000000000004 0.40614137006726808 0.84773968378660736 -0.90163369914317004 83.854166500000005
decision_type=1 1 2 2 2 1 2 2 2 2 2
left_child=5 6 3 -3 -4 9 8 -8 -2 -1 -11
right_child=1 2 4 -5 -6 -7 7 -9 -10 10 -12
leaf_value=-0.052686995405093251 -0.0057909986760716469 0.036907516249398198 0.028208479973421376 -0.014094116919448516 -0.0040671109729731965 -0.049386521488067499 -0.00022945654290301232 -0.031593281971187125 0.041274201352939473 -0.029963133779189733 -0.00066950007989338125
leaf_weight=22.856401689350605 59.457586422562599 65.271293796598911 568.71821860969067 212.90233638882637 134.89413012564182 136.76277846470475 243.34307409077883 117.88666126877069 34.678088471293449 107.63684077933431 73.907899133861065
leaf_count=278 291 396 4476 1201 954 2355 1220 669 173 1289 778
internal_value=0.000224839 0.00846577 0.015058 -0.00203764 0.0220237 -0.0336765 -0.00576718 -0.0105239 0.0117987 -0.0211799 -0.0181065
internal_weight=1778.32 1437.15 981.786 278.174 703.612 341.164 455.365 361.23 94.1357 204.401 181.545
internal_count=14080 9380 7027 1597 5430 4700 2353 1889 464 2345 2067
cat_boundaries=0 1 2 3
cat_threshold=24 32 8
is_linear=0
shrinkage=0.05


Tree=49
num_leaves=13
num_cat=3
split_feature=0 0 4 38 8 36 31 0 38 4 32 5
split_gain=189.422 55.1518 64.0318 40.2076 35.0553 46.0087 31.2619 16.0279 10.5611 10.8766 7.76447 4.39878
threshold=0 1 1.0000000180025095e-35 6.4910715000000012 33.250000000000007 95.500000000000014 36.900000000000013 2 5.6827385000000001 0.14250626876356548 26.711607000000004 -0.10837475778693634
decision_type=1 1 2 2 2 2 2 1 2 2 2 2
left_child=7 2 11 -4 5 -3 -6 8 9 -1 -10 -2
right_child=1 4 3 -5 6 -7 -8 -9 10 -11 -12 -13
leaf_value=-0.01671291063843372 0.036207728695563039 -0.051551163206567385 0.05955144315640503 0.0039149430243779742 0.031103628552641507 -0.0034413592720720972 -0.0057118054156286751 -0.049098431165112144 -0.043159661058290395 0.085210388474946608 -0.01949652168153216 0.05303588978811824
leaf_weight=5.5353654101490957 114.41155155003071 54.208524785935879 34.268007606267929 412.39635715633631 129.57242792099714 499.55492269992828 102.78857370465994 131.57057600468397 46.171819034963846 3.5556805953383446 147.60719714313745 73.681207418441772
leaf_count=60 1071 281 244 2375 747 3030 574 2363 573 27 1713 1004
internal_value=-0.000510275 0.00751323 0.0183633 0.00830686 -0.00138021 -0.00823532 0.014863 -0.0337374 -0.0217622 0.0276449 -0.0253274 0.0430454
internal_weight=1755.32 1420.88 634.757 446.664 786.124 553.763 232.361 334.441 202.87 9.09105 193.779 188.093
internal_count=14062 9326 4694 2619 4632 3311 1321 4736 2373 87 2286 2075
cat_boundaries=0 1 2 3
cat_threshold=24 5 8
is_linear=0
shrinkage=0.05


Tree=50
num_leaves=13
num_cat=3
split_feature=0 36 34 8 39 42 0 7 0 36 22 31
split_gain=175.567 47.6949 93.3879 90.5259 88.4081 68.5345 63.3268 33.5911 15.4518 10.2656 16.0797 11.797
threshold=0 95.500000000000014 24.450000000000003 33.350000000000001 19.050000000000004 2.5000000000000004 1 27.185416500000006 2 99.500000000000014 86.631944500000017 36.20000000000001
decision_type=1 2 2 2 2 2 1 2 1 2 2 2
left_child=8 3 6 7 -4 -5 -3 -2 9 11 -11 -1
right_child=1 2 4 5 -6 -7 -8 -9 -10 10 -12 -13
leaf_value=-0.04139692696349942 -0.076378606261290408 0.039159573052829938 -0.046770105762463036 0.041494656088288527 0.012055589847594132 -0.010423638816303323 0.009343404432782176 -0.02208077016348374 -0.048731948341572962 0.019911166726535923 -0.044566283132388286 -0.013276256924239553
leaf_weight=80.432605560868979 46.210919708013535 301.99742021784186 109.84605765342712 99.054824359714985 149.9771933555603 173.48627857118845 465.75553031265736 74.945662684738636 124.25013659894466 29.438082352280617 13.17150294780731 71.329828139394522
leaf_count=1012 240 2884 524 579 866 1028 2898 384 2332 331 150 826
internal_value=-0.000316232 0.00725931 0.0129764 -0.00747378 -0.0128982 0.00852873 0.0217383 -0.0432465 -0.0332133 -0.0212144 -0.000585043 -0.0283534
internal_weight=1739.9 1421.27 1027.58 393.698 259.823 272.541 767.753 121.157 318.622 194.372 42.6096 151.762
internal_count=14054 9403 7172 2231 1390 1607 5782 624 4651 2319 481 1838
cat_boundaries=0 1 2 3
cat_threshold=24 5 8
is_linear=0
shrinkage=0.05


Tree=51
num_leaves=12
num_cat=2
split_feature=0 33 36 34 44 0 32 10 2 33 4
split_gain=168.149 45.8988 77.8425 85.2641 65.0381 15.9792 8.77901 24.1797 16.7097 6.92646 2.27963
threshold=0 36.850000000000001 95.500000000000014 23.850000000000005 45.20000000000001 1 26.711607000000004 83.854166500000005 11.500000000000002 37.100000000000009 0.84313847884979054
decision_type=1 2 2 2 2 1 2 2 2 2 2
left_child=5 2 4 -4 -2 6 8 -8 -1 -3 -11
right_child=1 9 3 -5 -6 -7 7 -9 -10 10 -12
leaf_value=-0.052087005618422555 -0.0062235588377798313 0.07295119322969601 0.026678756798671446 -0.0023693947984129624 -0.067093401092153546 -0.048407041842535345 -0.032309181301035592 0.008264988454240875 0.034130298702955038 0.014732491695935799 0.039350937071995065
leaf_weight=39.829914182424545 262.38621593266726 15.347390219569204 499.90409592911601 509.35304724797606 51.761781461536884 118.43673283979297 87.607154306024313 62.129202034324408 5.8106722235679618 13.107294775545595 58.705612577497959
leaf_count=520 1388 103 3906 3186 239 2321 1101 676 75 101 457
internal_value=0.000129828 0.00754448 0.00526659 0.0120309 -0.0164341 -0.0323292 -0.0205223 -0.0155308 -0.0406139 0.0425347 0.0351216
internal_weight=1724.38 1410.57 1323.41 1009.26 314.148 313.814 195.377 149.736 45.6406 87.1603 71.8129
internal_count=14073 9380 8719 7092 1627 4693 2372 1777 595 661 558
cat_boundaries=0 1 2
cat_threshold=24 8
is_linear=0
shrinkage=0.05


Tree=52
num_leaves=13
num_cat=2
split_feature=0 0 36 34 32 42 8 4 5 42 4 4
split_gain=155.574 56.8395 45.7966 106.131 69.6205 87.1954 67.0154 46.6131 26.4782 17.6079 32.019 16.3337
threshold=0 1 96.500000000000014 24.450000000000003 26.779762000000002 2.5000000000000004 33.250000000000007 0.22700754078277599 -0.29342786347392819 3.5000000000000004 0.61915405168109316 0.94978112945126536
decision_type=1 1 2 2 2 2 2 2 2 2 2 2
left_child=2 9 4 8 7 -6 -5 -1 -4 11 -11 -2
right_child=1 -3 3 6 5 -7 -8 -9 -10 10 -12 -13
leaf_value=0.060340538692128132 -0.004097109283830478 -0.048173821368221889 0.022321059426365319 -0.027288096988587647 0.048075384075235233 -0.0087876811733609127 0.05079916619484072 -0.086880368338912717 0.048043513932824876 -0.0080914114358775716 -0.037410991988745056 0.037931315417318409
leaf_weight=5.68027739226818 101.54128416627645 115.48868689313531 194.02228684723377 133.53811940550804 92.147796049714088 243.25689385086298 33.560865312814713 32.141160622239113 212.78219237923622 390.48986479640007 121.63520766794682 28.87350857257843
leaf_count=29 734 2365 1676 654 579 1366 206 176 2331 2742 1016 187
internal_value=-0.000335414 -0.0170813 0.0131128 0.0221051 -0.000386291 0.00693113 -0.0113958 -0.063785 0.0358602 -0.0107761 -0.0151145 0.00542571
internal_weight=1705.16 758.029 947.13 573.903 373.226 335.405 167.099 37.8214 406.804 642.54 512.125 130.415
internal_count=14061 7044 7017 4867 2150 1945 860 205 4007 4679 3758 921
cat_boundaries=0 1 2
cat_threshold=7 40
is_linear=0
shrinkage=0.05


Tree=53
num_leaves=13
num_cat=3
split_feature=0 6 0 42 39 34 4 6 0 25 34 40
split_gain=139.323 43.3366 48.256 41.2994 59.7642 44.4891 32.1892 31.8171 18.3929 9.94978 19.9699 11.7898
threshold=0 2.5000000000000004 1 2.5000000000000004 22.950000000000003 20.950000000000003 0.24372619187392147 27.000000000000004 2 7.2013890000000016 23.550000000000004 2.5500000000000003
decision_type=1 2 1 2 2 2 2 2 1 2 2 2
left_child=8 3 6 5 -5 -2 -3 -4 9 10 -1 -11
right_child=1 2 7 4 -6 -7 -8 -9 -10 11 -12 -13
leaf_value=-0.029497049863568853 -0.044263269916899418 0.040611189713638619 0.0080057804702360954 -9.9374407193926565e-06 -0.047595294103468237 0.0411824924632739 0.012950784002479017 -0.021688110501569727 -0.047841193848939811 -0.0017050002293520117 0.024537800176863526 -0.037218065736300904
leaf_weight=34.709296394139528 18.727754563093185 186.32624971866608 480.0599002763629 183.79135823249817 101.94063676893711 67.189856544137001 243.1383211016655 110.04473515599966 110.14939264953136 31.891742721199989 31.825758833438158 87.497727360576391
leaf_count=441 121 2147 2961 1086 531 396 1489 645 2362 403 338 1135
internal_value=-8.74565e-05 0.00659378 0.0119661 -0.00796006 -0.0170938 0.0222626 0.0244499 0.00240043 -0.0305906 -0.0182691 -0.0036699 -0.0278246
internal_weight=1687.29 1391.22 1019.57 371.65 285.732 85.9176 429.465 590.105 296.074 185.925 66.5351 119.389
internal_count=14055 9376 7242 2134 1617 517 3636 3606 4679 2317 779 1538
cat_boundaries=0 1 2 3
cat_threshold=24 5 8
is_linear=0
shrinkage=0.05


Tree=54
num_leaves=13
num_cat=2
split_feature=0 0 25 26 43 34 4 5 38 43 36 17
split_gain=130.994 53.1759 40.8689 59.9081 47.0099 42.8148 35.5158 20.4955 35.2009 21.8274 17.1508 6.1846
threshold=0 1 6.8583335000000014 15.050000000000002 18.050000000000004 23.950000000000003 0.92273069556937581 -0.7444366621422277 7.8068455000000005 21.550000000000004 94.500000000000014 23.200000000000003
decision_type=1 1 2 2 2 2 2 2 2 2 2 2
left_child=2 7 6 5 -5 -4 10 8 -2 -9 -1 -8
right_child=1 -3 3 4 -6 -7 11 9 -10 -11 -12 -13
leaf_value=-0.045727944477780835 0.028160838441031694 -0.047525601822386312 0.017599075789546642 0.0032408221789755397 0.033039777243921126 -0.069205209211198215 -0.10365644302120272 -0.0099313856048698305 -0.016413568709379538 -0.036415756061531482 0.040386199773209244 -0.017913490195497313
leaf_weight=5.1815275549888602 81.754617594182491 104.81636767834425 21.014601107686758 494.60098722204566 179.83726972341537 40.739442132413387 3.6882791221141797 358.29161091521382 94.339178867638111 98.871522106230259 175.5123506821692 4.747898131608963
leaf_count=25 548 2340 219 3249 1499 182 16 2688 695 740 1799 27
internal_value=-0.000364657 -0.0159448 0.0121079 0.00689078 0.0112238 -0.0398564 0.0329094 -0.00999536 0.00432304 -0.0157262 0.0376787 -0.0624125
internal_weight=1663.4 738.073 925.322 736.192 674.438 61.754 189.13 633.257 176.094 457.163 180.694 8.43618
internal_count=14027 7011 7016 5149 4748 401 1867 4671 1243 3428 1824 43
cat_boundaries=0 1 2
cat_threshold=7 40
is_linear=0
shrinkage=0.05


Tree=55
num_leaves=13
num_cat=4
split_feature=0 0 4 34 1 25 4 0 31 38 40 2
split_gain=131.084 40.1462 49.877 39.6756 31.1161 22.055 21.6262 13.7447 9.65142 23.0976 7.84131 4.16322
threshold=0 1 1.0000000180025095e-35 25.150000000000002 2 5.1687500000000011 0.63257020223555627 3 36.900000000000013 9.0440475000000031 0.35000000000000003 9.5000000000000018
decision_type=1 1 2 2 1 2 2 1 2 2 2 2
left_child=7 2 11 -4 6 -6 -3 8 10 -10 -1 -2
right_child=1 4 3 -5 5 -7 -8 -9 9 -11 -12 -13
leaf_value=0.022127454176524789 0.03307238680518159 0.015201108796972496 0.0013701559584147953 0.047715620403216308 -0.083537895916933239 -0.010398374410095172 -0.0082137770682828917 -0.047173780901978352 0.030530648679560343 -0.027929827049624052 -0.032658384603519205 0.050887549374837387
leaf_weight=6.2760427705943576 107.70018049702048 294.68741680681705 373.70483504980803 51.701277494430542 9.6730064451694471 327.84093703329563 147.18275614827871 99.355811581015587 26.285699851810932 43.438488364219666 107.28156346455216 56.662697497755289
leaf_count=92 1133 1606 2199 407 67 2286 738 2315 302 541 1404 941
internal_value=-0.000281536 0.00617612 0.0159086 0.00710139 -0.00130743 -0.0127351 0.0074009 -0.0306136 -0.0194738 -0.00577043 -0.0294638 0.0394846
internal_weight=1651.79 1369.15 589.769 425.406 779.384 337.514 441.87 282.638 183.282 69.7242 113.558 164.363
internal_count=14031 9377 4680 2606 4697 2353 2344 4654 2339 843 1496 2074
cat_boundaries=0 1 2 3 4
cat_threshold=24 5 1 8
is_linear=0
shrinkage=0.05


Tree=56
num_leaves=13
num_cat=2
split_feature=0 26 34 34 44 34 36 4 0 36 4 43
split_gain=125.653 41.1716 63.2567 54.5441 51.2261 44.5838 27.742 22.1071 11.6022 9.78736 13.8539 11.5529
threshold=0 15.050000000000002 23.850000000000005 20.350000000000005 45.20000000000001 25.150000000000002 94.500000000000014 0.21022171450811272 1 99.500000000000014 0.27694220057652758 20.050000000000004
decision_type=1 2 2 2 2 2 2 2 1 2 2 2
left_child=8 2 6 7 -5 -4 -2 -3 9 10 -1 -11
right_child=1 3 5 4 -6 -7 -8 -9 -10 11 -12 -13
leaf_value=-0.044578601858945625 -0.097170451529519683 0.025609159332433701 -0.056215142609559399 0.016289910425430629 -0.013253120131814742 0.05308235740634118 0.012296647357015446 -0.066444440510525879 -0.046910999934481147 0.019887775852051238 -0.012683450482918255 -0.033579858732695228
leaf_weight=63.686316356062889 5.0462320372462264 7.6130599752068511 85.567001298069954 917.52145148068666 173.84430003166199 9.6657008826732618 137.16839652508497 31.052511483430862 96.011633053421974 26.283946491777897 74.276958152651787 15.043796822428702
leaf_count=836 23 76 486 6259 1100 56 1205 189 2337 316 1011 175
internal_value=-0.000795125 0.00547527 -0.0133729 0.00949245 0.0115762 -0.0446856 0.00776103 -0.0481309 -0.0309272 -0.0201509 -0.0276217 9.13959e-05
internal_weight=1642.78 1367.48 237.447 1130.03 1091.37 95.2327 142.215 38.6656 275.303 179.291 137.963 41.3277
internal_count=14069 9394 1770 7624 7359 542 1228 265 4675 2338 1847 491
cat_boundaries=0 1 2
cat_threshold=24 8
is_linear=0
shrinkage=0.05


Tree=57
num_leaves=11
num_cat=0
split_feature=35 8 4 44 44 42 34 33 44 5
split_gain=33.266 35.4912 76.0031 52.8719 40.1474 49.1449 39.0477 24.1524 13.3456 1.77563
threshold=58.401786000000008 33.350000000000001 0.59177612190863982 34.400000000000013 38.70000000000001 2.5000000000000004 24.550000000000004 33.550000000000004 38.70000000000001 0.94636490295939868
decision_type=2 2 2 2 2 2 2 2 2 2
left_child=8 2 6 -4 7 -6 -2 -3 -1 -10
right_child=1 4 3 -5 5 -7 -8 -9 9 -11
leaf_value=0.0055714835889689434 0.0071296610864057409 -0.060396986274976 -0.056588449460858496 -0.0084985695826714624 0.028754594211827827 -0.017347720903523486 -0.021151740313711934 0.031008634508763174 -0.11289340041616246 -0.056147437526504876
leaf_weight=4.6962906420230892 752.77174602635205 6.5821627750992766 100.59293890930712 131.64143524318933 87.724782437086105 164.8865513689816 144.64028400927782 210.87856286391616 6.5534224361181241 6.4925262145698071
leaf_count=34 7504 42 682 978 681 1235 995 1767 43 54
internal_value=-2.39252e-05 0.000751512 -0.00405313 -0.0294821 0.0122818 -0.00128744 0.00255294 0.0279781 -0.0662504 -0.0906609
internal_weight=1617.46 1599.72 1129.65 232.234 470.072 252.611 897.412 217.461 17.7422 13.0459
internal_count=14015 13884 10159 1660 3725 1916 8499 1809 131 97
is_linear=0
shrinkage=0.05


Tree=58
num_leaves=13
num_cat=3
split_feature=0 0 2 26 43 13 26 25 34 25 33 1
split_gain=108.326 47.227 36.6544 44.6947 50.7457 43.8694 16.9775 31.3621 16.7991 7.40024 7.20071 6.63717
threshold=0 1 8.5000000000000018 14.950000000000001 17.750000000000004 7.3479165000000011 15.050000000000002 7.7291665000000007 23.250000000000004 5.0236110000000007 31.250000000000004 2
decision_type=1 1 2 2 2 2 2 2 2 2 2 1
left_child=2 6 3 5 -5 -1 8 -8 -2 11 -11 -4
right_child=1 -3 9 4 -6 -7 7 -9 -10 10 -12 -13
leaf_value=-0.0042454202576804384 -0.0065402625732711066 -0.046629756400602018 0.038614603294892205 0.003082890457752814 0.033921567777448633 -0.079305727171216145 0.011184941912689371 -0.014735195162824006 -0.044737808274938881 0.018595937146827553 0.045761858894197802 -0.054486660516375233
leaf_weight=72.877925515174866 54.639544982463121 92.278494896367192 2.3963014632463446 486.50280513614416 182.91625671088696 25.623180583119392 178.41553337872028 333.24829498305917 60.780995573848486 36.322707045823336 88.527547851204872 3.5384524986147881
leaf_count=455 399 2338 32 3106 1409 124 1264 2575 464 504 1332 35
internal_value=-0.000537757 -0.0148723 0.0109832 0.00691441 0.0115475 -0.0243717 -0.00947571 -0.00569274 -0.0268668 0.0354734 0.038069 -0.0167473
internal_weight=1618.07 719.363 898.705 767.92 669.419 98.5011 627.084 511.664 115.421 130.785 124.85 5.93475
internal_count=14037 7040 6997 5094 4515 579 4702 3839 863 1903 1836 67
cat_boundaries=0 1 2 3
cat_threshold=7 40 1
is_linear=0
shrinkage=0.05


Tree=59
num_leaves=12
num_cat=3
split_feature=0 7 34 37 34 0 5 31 38 41 1
split_gain=103.467 42.3685 61.746 66.6899 53.9775 16.0069 10.6701 8.89118 19.7689 7.23378 4.62316
threshold=0 29.931250000000002 24.450000000000003 25.500000000000004 25.150000000000002 1 0.14888728888808322 36.900000000000013 9.0440475000000031 0.75000000000000011 2
decision_type=1 2 2 2 2 1 2 2 2 2 1
left_child=5 2 3 -2 -4 7 10 9 -9 -1 -3
right_child=1 6 4 -5 -6 -7 -8 8 -10 -11 -12
leaf_value=0.01722272839505953 -0.079908414511700637 0.058251060471718921 -0.027756889032245186 0.011528187716088257 0.024191305177700208 -0.046271304895818821 -0.033962263998694772 0.030554025935805737 -0.024560379002150707 -0.030014712622836982 0.030558532701531485
leaf_weight=8.1711963675916177 19.376914866268635 39.37991289049387 229.44015280902386 957.40815275534987 63.027253448963165 87.419006424024701 3.6628585159778586 25.668012376874685 40.750099938362837 100.74915332347155 31.052866853773594
leaf_count=118 101 277 1217 7085 397 2310 22 293 540 1383 270
internal_value=5.33541e-05 0.0057196 0.00360009 0.00963445 -0.0165177 -0.0279831 0.0422568 -0.0166718 -0.00312354 -0.0263465 0.0466405
internal_weight=1606.11 1343.35 1269.25 976.785 292.467 262.757 74.0956 175.338 66.4181 108.92 70.4328
internal_count=14013 9369 8800 7186 1614 4644 569 2334 833 1501 547
cat_boundaries=0 1 2 3
cat_threshold=24 8 1
is_linear=0
shrinkage=0.05


Tree=60
num_leaves=12
num_cat=4
split_feature=0 0 4 8 1 8 7 0 4 10 5
split_gain=102.707 36.7771 46.4516 37.8803 32.4158 23.3656 17.0139 13.8108 8.5815 13.9459 4.39614
threshold=0 1 1.0000000180025095e-35 33.150000000000013 2 33.150000000000013 30.445833500000003 3 -0.90893996196865012 83.854166500000005 -0.10837475778693634
decision_type=1 1 2 2 1 2 2 1 2 2 2
left_child=7 2 10 -4 6 -6 -3 8 -1 -10 -2
right_child=1 4 3 -5 5 -7 -8 -9 9 -11 -12
leaf_value=-0.05086984378019882 0.031820635298131901 0.0052102517983350118 -0.0080588577619076264 0.022020647845603682 -0.022230383344854554 0.0063075165846225153 0.053233670907576296 -0.045974073818020843 -0.026872287979337824 0.0033367292232721387 0.050469880812059664
leaf_weight=17.398273095488548 99.1313721165061 424.79657155275345 212.94689116626978 204.10655202716589 228.45014499500394 103.80286694690585 18.303556844592094 84.016508242115378 92.16316782310605 64.422528993338346 54.942334346473217
leaf_count=268 1069 2277 1261 1360 1641 703 104 2320 1315 761 1003
internal_value=1.18486e-05 0.00560483 0.0151205 0.00667956 -0.00151791 -0.0133224 0.0073094 -0.0282134 -0.017413 -0.0145014 0.0387535
internal_weight=1604.48 1346.48 571.127 417.053 775.353 332.253 443.1 258 173.984 156.586 154.074
internal_count=14082 9418 4693 2621 4725 2344 2381 4664 2344 2076 2072
cat_boundaries=0 1 2 3 4
cat_threshold=24 5 1 8
is_linear=0
shrinkage=0.05


Tree=61
num_leaves=11
num_cat=2
split_feature=0 0 33 4 44 8 5 38 42 13
split_gain=93.3839 41.7353 36.7423 60.4705 92.1024 54.1264 17.5716 23.2925 21.6407 2.76823
threshold=0 1 36.850000000000001 0.81428061195174062 37.250000000000007 33.350000000000001 -0.7444366621422277 8.8104165000000005 3.5000000000000004 8.0750000000000011
decision_type=1 1 2 2 2 2 2 2 2 2
left_child=2 6 3 5 -5 -1 7 -2 -8 -4
right_child=1 -3 9 4 -6 -7 8 -9 -10 -11
leaf_value=0.0090488741225785256 0.019065482919763548 -0.04568171153055274 0.0031192901639846013 0.019300066935497365 -0.047533730780007645 0.047720951718286664 0.0033689606805772871 -0.01908845742565999 -0.02109713410769827 0.054748640222756662
leaf_weight=518.22336397692561 105.21249118447304 80.697254983708262 2.8763867914676657 98.55110539495945 106.13423298299313 108.82037694007158 125.47278144210577 63.20774369686842 319.89855871349573 47.07178558409214
leaf_count=4685 728 2322 30 592 521 724 912 491 2531 471
internal_value=-0.000203879 -0.0137968 0.0105435 0.00812746 -0.0154175 0.0158255 -0.00887431 0.00471824 -0.0142123 0.051895
internal_weight=1576.17 694.489 881.677 831.729 204.685 627.044 613.792 168.42 445.371 49.9482
internal_count=14007 6984 7023 6522 1113 5409 4662 1219 3443 501
cat_boundaries=0 1 2
cat_threshold=7 40
is_linear=0
shrinkage=0.05


Tree=62
num_leaves=13
num_cat=2
split_feature=0 0 25 44 44 4 4 36 26 25 2 17
split_gain=82.0677 42.5667 39.3907 45.295 77.0312 65.6651 31.9093 19.8713 16.0028 26.4222 20.8757 4.69566
threshold=0 1 6.8583335000000014 34.400000000000013 37.250000000000007 0.40614137006726808 0.92273069556937581 91.500000000000014 14.65 7.8895835000000005 10.500000000000002 23.200000000000003
decision_type=1 1 2 2 2 2 2 2 2 2 2 2
left_child=2 8 6 5 -5 -4 7 -1 10 -10 -2 -8
right_child=1 -3 3 4 -6 -7 11 -9 9 -11 -12 -13
leaf_value=-0.075385486241096825 -0.044759286116641567 -0.045407487538602687 0.028391379745897918 0.044032396010561331 0.00086156043709140206 -0.043306773889009491 -0.093400871032085164 0.039005867452921894 0.0092002272245224719 -0.013685292461595262 0.0050843377478585186 -0.018491231774553255
leaf_weight=2.9930584430694571 58.634635366499424 77.904641278088093 46.560978423804045 135.7045113183558 423.41618833318353 96.914924092590809 3.7948425412178022 162.07167452201247 208.30993749946356 316.58483274653554 32.140993699431419 4.8264621123671532
leaf_count=12 457 2342 469 1028 3143 510 16 1815 1499 2489 238 28
internal_value=2.61003e-05 -0.0127143 0.0101424 0.00496738 0.0113995 -0.0200037 0.0315088 0.0364902 -0.00785301 -0.00460271 -0.027248 -0.0577449
internal_weight=1569.86 693.575 876.283 702.597 559.121 143.476 173.686 165.065 615.67 524.895 90.7756 8.6213
internal_count=14046 7025 7021 5150 4171 979 1871 1827 4683 3988 695 44
cat_boundaries=0 1 2
cat_threshold=7 40
is_linear=0
shrinkage=0.05


Tree=63
num_leaves=13
num_cat=2
split_feature=0 36 34 42 35 39 39 0 4 32 35 2
split_gain=83.2382 39.1618 66.2394 85.8013 63.2136 51.0409 32.1607 14.2704 14.1709 9.63222 50.5646 10.9939
threshold=0 95.500000000000014 21.050000000000004 2.5000000000000004 70.770833500000023 18.950000000000003 19.250000000000004 1 0.9893236546938301 27.082143000000006 86.931547500000008 11.500000000000002
decision_type=1 2 2 2 2 2 2 1 2 2 2 2
left_child=7 2 6 -4 8 -6 -2 9 -3 11 -11 -1
right_child=1 4 3 -5 5 -7 -8 -9 -10 10 -12 -13
leaf_value=-0.038922575162819835 0.029307031378925603 0.037946136690381584 0.042411626355875143 -0.015820762351268225 -0.0082616791540796788 0.01675351001304393 -0.073870922231920863 -0.04508737863300176 0.091784643768257998 -0.013803929546026328 0.16581904791847879 0.020120376293480915
leaf_weight=58.231587387621403 8.3780150115489942 100.03185944259167 86.446657970547676 227.66940634697676 366.86622231453657 456.79210938513279 47.771261744201183 74.514990685507655 13.816776789724825 98.99967772513628 3.0792999863624564 8.4639163762330991
leaf_count=856 49 727 552 1337 2917 3413 267 2335 97 1336 32 117
internal_value=-5.6306e-05 0.00499498 -0.00871858 0.00028888 0.0104679 0.00561497 -0.0582323 -0.0262482 0.0452223 -0.0156807 -0.00682935 -0.0312433
internal_weight=1551.06 1307.77 370.265 314.116 937.507 823.658 56.1493 243.289 113.849 168.774 102.079 66.6955
internal_count=14035 9359 2205 1889 7154 6330 316 4676 824 2341 1368 973
cat_boundaries=0 1 2
cat_threshold=24 8
is_linear=0
shrinkage=0.05


Tree=64
num_leaves=11
num_cat=2
split_feature=0 35 8 4 39 0 13 4 22 5
split_gain=72.7292 32.5362 35.4941 68.7926 53.4623 14.7214 10.9045 8.99255 18.2469 1.13607
threshold=0 58.401786000000008 33.350000000000001 0.35846314187849704 22.950000000000003 1 11.172917000000002 -0.90893996196865012 84.937500000000014 0.94636490295939868
decision_type=1 2 2 2 2 1 2 2 2 2
left_child=5 6 3 -3 -4 7 9 -1 -9 -2
right_child=1 2 4 -5 -6 -7 -8 8 -10 -11
leaf_value=-0.050241049431581933 -0.10958594996536437 0.0091574154845806884 0.03374702712822758 -0.020401280206870747 -0.0035016924383890059 -0.044750496719519472 0.0053918894308216427 -0.024021341866737971 0.012601466969707412 -0.052234110406059645
leaf_weight=16.043839074671268 6.1263006106019002 603.11085173487663 220.75587657466531 290.97437293455005 170.01118950545788 71.165105221793056 3.7520774751901618 99.973827376961708 50.518736690282822 4.7622482255101204
leaf_count=274 29 5067 1510 1653 1004 2325 23 1465 610 34
internal_value=-0.000588765 0.00412357 0.00502407 -0.00047432 0.0175736 -0.0253699 -0.067536 -0.0148286 -0.0117254 -0.0910059
internal_weight=1537.19 1299.49 1284.85 894.085 390.767 237.702 14.6406 166.536 150.493 10.8885
internal_count=13994 9320 9234 6720 2514 4674 86 2349 2075 63
cat_boundaries=0 1 2
cat_threshold=24 8
is_linear=0
shrinkage=0.05


Tree=65
num_leaves=12
num_cat=2
split_feature=0 0 33 4 39 8 5 42 38 13 7
split_gain=75.4968 34.9721 33.9164 48.8249 56.161 49.7764 17.1606 27.3921 21.9755 3.36508 0.575684
threshold=0 1 36.850000000000001 0.81428061195174062 22.850000000000005 33.350000000000001 -0.72694848937061807 3.5000000000000004 7.8068455000000005 8.0750000000000011 31.797917000000005
decision_type=1 1 2 2 2 2 2 2 2 2 2
left_child=2 6 3 5 -5 -1 8 -8 -2 -4 -11
right_child=1 -3 9 4 -6 -7 7 -9 -10 10 -12
leaf_value=0.0076910364629531897 0.023292565822699174 -0.044405877220673212 -0.0065497886137497012 0.0096590119755890248 -0.043478623153091547 0.045585201474195369 0.0056901507464077565 -0.021897510891873029 -0.012200540246343816 0.05528311202388822 0.025626276244483021
leaf_weight=508.91355167329311 82.461451828479767 67.980813603848219 2.2781056612730017 109.88814607262611 89.385574176907539 103.60602314770222 126.67766956612468 306.6251314021647 90.413523450493813 41.120101235806942 4.3765220120549193
leaf_count=4711 557 2317 24 666 420 729 922 2490 706 426 61
internal_value=-0.00026837 -0.0126806 0.0095068 0.00717462 -0.0142743 0.0141646 -0.00839464 -0.0138376 0.00476628 0.0501251 0.0530428
internal_weight=1533.73 674.159 859.568 811.793 199.274 612.52 606.178 433.303 172.875 47.7747 45.4966
internal_count=14029 6992 7037 6526 1086 5440 4675 3412 1263 511 487
cat_boundaries=0 1 2
cat_threshold=7 40
is_linear=0
shrinkage=0.05


Tree=66
num_leaves=12
num_cat=2
split_feature=0 35 8 4 39 0 13 4 22 14 2
split_gain=62.5895 31.1452 33.9793 66.8333 45.026 14.3891 9.34238 8.41945 11.1103 0.672068 0.58339
threshold=0 58.401786000000008 33.250000000000007 0.39036257410962039 22.950000000000003 1 11.172917000000002 -0.88622299073327826 84.937500000000014 22.150000000000002 2.5000000000000004
decision_type=1 2 2 2 2 1 2 2 2 2 2
left_child=5 6 3 -3 -4 7 10 9 -9 -1 -2
right_child=1 2 4 -5 -6 -7 -8 8 -10 -11 -12
leaf_value=-0.050008276510003905 -0.0518348581976679 0.0081796416853591718 0.031282795095629028 -0.021402908269478552 -0.0027950293348205967 -0.044108586128811772 0.0056691802877415019 -0.020348942679970613 0.0088116673334245332 -0.0052718101202004495 -0.1029021262946615
leaf_weight=15.604741830378773 4.7864092886447889 617.83983603492379 224.76027933135629 275.11234418302774 169.59275332838297 65.411394840106368 3.3401303440332404 98.110648896545172 48.023888036608696 1.1489758826792229 6.4036002233624458
leaf_count=279 34 5190 1571 1553 1010 2323 21 1469 574 20 30
internal_value=-0.000715949 0.00358057 0.00445382 -0.000948282 0.0166575 -0.0242245 -0.0667849 -0.0139545 -0.0107712 -0.04741 -0.0871028
internal_weight=1530.14 1301.84 1287.31 892.952 394.353 228.3 14.5301 162.888 146.135 16.7537 11.19
internal_count=14074 9409 9324 6743 2581 4665 85 2342 2043 299 64
cat_boundaries=0 1 2
cat_threshold=24 8
is_linear=0
shrinkage=0.05


Tree=67
num_leaves=15
num_cat=0
split_feature=33 44 2 4 39 34 4 37 4 10 31 4 22 37
split_gain=29.6225 48.5051 74.009 38.0277 58.4134 32.9451 20.9492 7.99174 4.91096 3.37431 1.12193 0.77793 0.477472 0.323918
threshold=36.850000000000001 46.600000000000001 6.5000000000000009 0.65883702558178847 24.800000000000001 20.250000000000004 -0.30163705152652737 33.500000000000007 0.99053107487289871 67.875000000000014 37.600000000000001 0.85226249403558707 63.541667000000011 28.500000000000004
decision_type=2 2 2 2 2 2 2 2 2 2 2 2 2 2
left_child=1 3 -3 5 -5 -1 -4 8 9 -2 11 -9 -12 -10
right_child=7 2 6 4 -6 -7 -8 10 13 -11 12 -13 -14 -15
leaf_value=-0.034203058113505568 0.020839848662369202 -0.094763068496870481 -0.020189014247644549 -0.019323441427716817 0.034584805287957349 0.0087526526968386715 0.040161374186665204 0.00058838893657048178 0.029728626946887785 0.049514951466549981 0.0069036022278180708 0.023132397644657597 -0.01803382930317848 0.070996916928187451
leaf_weight=46.15570686198771 45.107530660927296 33.241751389577985 66.739508874714375 358.61565228924155 57.477773981168866 842.51453378982842 17.278985057026148 9.8407343402504939 2.768332064151763 13.821149321272967 1.9704854041337947 5.3182509597390881 6.5940859243273735 8.8208629265427572
leaf_count=465 461 204 624 2796 420 8384 170 103 21 133 23 69 79 93
internal_value=-0.000326031 -0.00213263 -0.0327949 0.000646021 -0.0118117 0.00648568 -0.00745114 0.0266702 0.0350125 0.0282793 0.0014598 0.00943963 -0.0121745 0.0642836
internal_weight=1516.27 1422.02 117.26 1304.76 416.093 888.67 84.0185 94.2414 70.5179 58.9287 23.7236 15.159 8.56457 11.5892
internal_count=14045 13063 998 12065 3216 8849 794 982 708 594 274 172 102 114
is_linear=0
shrinkage=0.05


Tree=68
num_leaves=12
num_cat=2
split_feature=0 0 32 36 5 39 36 20 8 15 9
split_gain=69.2999 33.2896 32.7929 55.0512 86.4709 65.0166 14.822 24.617 23.9979 1.86494 0.291494
threshold=0 1 29.595238000000005 94.500000000000014 -0.056951011027366542 24.950000000000003 98.500000000000014 33.350000000000001 30.150000000000002 9.7500000000000018 27.950000000000003
decision_type=1 1 2 2 2 2 2 2 2 2 2
left_child=2 6 3 5 -5 -1 7 -2 -8 10 -4
right_child=1 -3 9 4 -6 -7 8 -9 -10 -11 -12
leaf_value=-0.03411037139206588 -0.031408770016627383 -0.043855218993690138 0.055992126164122927 0.0012812662544492768 0.040964121393459466 0.029607006828798844 -0.028577999729371129 -0.0030562186228910776 0.0070953037478620473 0.0022368010024286489 0.0202503416345844
leaf_weight=138.45011837035418 136.22164402529597 63.419125998392701 37.523426253348589 407.88011178001761 205.97390407323837 55.280384793877602 57.730713214725256 173.72262761741877 237.961948543787 1.8616547062993039 2.0810925774276248
leaf_count=744 1127 2347 399 3131 2401 314 433 1394 1722 18 31
internal_value=3.11171e-05 -0.0118968 0.00946199 0.00731153 0.0146415 -0.0158701 -0.00782771 -0.0155782 5.76398e-05 0.0524135 0.054659
internal_weight=1518.11 669.056 849.051 807.585 613.854 193.731 605.637 309.944 295.693 41.4662 39.6045
internal_count=14061 7023 7038 6590 5532 1058 4676 2521 2155 448 430
cat_boundaries=0 1 2
cat_threshold=7 40
is_linear=0
shrinkage=0.05


Tree=69
num_leaves=13
num_cat=2
split_feature=0 25 39 39 34 0 39 27 26 25 2 36
split_gain=68.1782 36.2552 43.154 70.6099 57.2434 30.1599 27.1685 30.5851 15.7046 21.3434 15.4346 14.5177
threshold=0 6.8013890000000012 20.000000000000004 23.150000000000002 23.850000000000005 1 14.750000000000002 12.050000000000002 14.65 7.7291665000000007 10.500000000000002 95.500000000000014
decision_type=1 2 2 2 2 1 2 2 2 2 2 2
left_child=1 6 4 -4 -3 8 7 -1 10 -10 -2 -8
right_child=5 2 3 -5 -6 -7 11 -9 9 -11 -12 -13
leaf_value=0.041680560657124388 -0.04336341058634452 0.010271434562916364 0.033774254644868419 -0.0053838549034503714 -0.040512840717921723 -0.043606103630313975 -0.031307370514142389 -0.072475514252288625 0.0077284901811133988 -0.013358287289043844 -0.00018982953551425417 0.042437101202962721
leaf_weight=9.9471902586519736 57.539486240595579 113.68808376044035 210.12102966010571 252.66822649165988 106.80106297135353 61.525037964805961 6.3430831506848326 11.792201850563286 190.76999413222075 320.12644470483065 32.040902707725763 128.14613206684589
leaf_count=135 465 1039 1855 1705 609 2370 35 99 1382 2586 240 1532
internal_value=-0.000771776 0.00864812 0.00376371 0.0124297 -0.0143994 -0.0126521 0.0304007 -0.0207058 -0.00875315 -0.00548472 -0.0280938 0.0387536
internal_weight=1501.51 839.507 683.278 462.789 220.489 662.002 156.229 21.7394 600.477 510.896 89.5804 134.489
internal_count=14052 7009 5208 3560 1648 7043 1801 234 4673 3968 705 1567
cat_boundaries=0 1 2
cat_threshold=7 40
is_linear=0
shrinkage=0.05


Tree=70
num_leaves=9
num_cat=0
split_feature=22 42 34 20 44 40 39 4
split_gain=27.1073 28.6571 54.5373 40.6458 39.3341 80.6984 54.9488 29.3755
threshold=55.000000000000007 2.5000000000000004 20.950000000000003 32.750000000000007 45.20000000000001 51.650000000000013 19.550000000000004 0.24372619187392147
decision_type=2 2 2 2 2 2 2 2
left_child=-1 2 3 -2 6 -6 -3 -4
right_child=1 4 7 -5 5 -7 -8 -9
leaf_value=-0.081503603826689544 0.021962476980201203 -0.011624262651828664 -0.060107462826988249 -0.064053312902454501 -0.058906494207725348 0.0091782027664460454 0.010580643964830515 0.039026067621925675
leaf_weight=9.3487083259969932 24.501368306577206 512.190718408674 7.0375440269708625 29.159027315676212 86.663293823599815 85.968694055452943 608.52593464963138 134.55415210127831
leaf_count=69 298 5095 78 257 592 881 5683 1127
internal_value=-0.000860702 -0.000299873 0.0175046 -0.0250952 -0.0029992 -0.0251435 0.000431226 0.0337118
internal_weight=1497.95 1488.6 195.252 53.6604 1293.35 172.632 1120.72 141.592
internal_count=14080 14011 1760 555 12251 1473 10778 1205
is_linear=0
shrinkage=0.05


Tree=71
num_leaves=13
num_cat=2
split_feature=0 43 39 43 44 41 0 31 35 36 39 20
split_gain=57.4276 32.392 63.1464 52.1181 52.2533 43.2978 30.1201 21.3813 18.1192 17.0035 21.367 15.6145
threshold=0 17.900000000000002 19.450000000000003 17.600000000000005 45.20000000000001 63.800000000000004 1 49.150000000000006 87.44642850000001 98.500000000000014 21.100000000000005 33.350000000000001
decision_type=1 2 2 2 2 2 1 2 2 2 2 2
left_child=1 3 5 4 -1 -3 9 -4 -5 11 -11 -2
right_child=6 2 7 8 -6 -7 -8 -9 -10 10 -12 -13
leaf_value=0.010695823646837545 -0.028756674362326724 0.037602264193161906 0.050546317309849279 -0.097249515152155089 -0.033085223629279424 -0.023125606377303792 -0.043223100872320321 -0.030044285144889528 0.020849064029523898 -0.0080696375094752894 0.021380521340131478 -0.0060062529762859871
leaf_weight=460.50521321222186 136.11661815643311 43.169905059039593 130.72211001068354 16.419165290892128 78.973441410809755 86.507389396429062 58.500255088321865 8.1418551951646787 3.6065785959362975 207.84161570295691 86.350903011858463 169.13942163810134
leaf_count=3788 1149 381 1346 92 456 833 2344 54 57 1556 630 1376
internal_value=-0.000722055 0.00800065 0.0223366 0.0012351 0.00423743 -0.0027761 -0.0116401 0.0456401 -0.0760003 -0.00783454 0.00061767 -0.0162117
internal_weight=1485.99 828.046 268.541 559.504 539.479 129.677 657.949 138.864 20.0257 599.449 294.193 305.256
internal_count=14062 7007 2614 4393 4244 1214 7055 1400 149 4711 2186 2525
cat_boundaries=0 1 2
cat_threshold=7 40
is_linear=0
shrinkage=0.05


Tree=72
num_leaves=13
num_cat=2
split_feature=0 36 34 33 32 42 39 4 0 36 8 42
split_gain=53.4086 32.4622 70.5233 71.6422 54.663 63.2921 35.2193 35.0114 28.9719 14.0264 21.5418 20.8376
threshold=0 96.500000000000014 24.550000000000004 33.750000000000007 26.779762000000002 2.5000000000000004 15.050000000000002 0.22700754078277599 1 98.500000000000014 30.150000000000002 3.5000000000000004
decision_type=1 2 2 2 2 2 2 2 1 2 2 2
left_child=1 4 6 -4 7 -6 -3 -1 9 11 -11 -2
right_child=8 2 3 -5 5 -7 -8 -9 -10 10 -12 -13
leaf_value=0.053449343310954037 0.0038413217834539627 -0.018209394099909456 -0.054985313625922398 0.021480744428659177 0.041838922700106557 -0.010371639306524322 0.032409538824864637 -0.08372128355684709 -0.042828329476938445 -0.027061556687218304 0.0068632977105139228 -0.024114133280967686
leaf_weight=4.7968208491802207 97.919282462447882 37.739886444061995 60.261056683957577 60.458386421203613 76.649836663156748 228.96363831311464 327.20675567537546 29.027474775910378 55.695054146461189 57.278684176504612 236.44573073461652 206.1579034589231
leaf_count=29 719 399 299 373 575 1364 3809 174 2331 441 1732 1799
internal_value=-0.000592353 0.00782546 0.0161986 -0.0168279 -0.00393733 0.00281685 0.0271395 -0.0632921 -0.0111654 -0.00749489 0.000178298 -0.0151288
internal_weight=1478.6 825.104 485.666 120.719 339.438 305.613 364.947 33.8243 653.497 597.802 293.724 304.077
internal_count=14044 7022 4880 672 2142 1939 4208 203 7022 4691 2173 2518
cat_boundaries=0 1 2
cat_threshold=7 40
is_linear=0
shrinkage=0.05


Tree=73
num_leaves=9
num_cat=3
split_feature=0 0 4 38 1 44 39 5
split_gain=47.2845 31.3961 46.6573 31.8123 27.221 25.2166 18.7145 4.29272
threshold=0 1 -0.013976118469459398 6.4910715000000012 2 44.100000000000001 27.450000000000006 -0.10837475778693634
decision_type=1 1 2 2 1 2 2 2
left_child=-1 2 7 -4 5 -3 -6 -2
right_child=1 4 3 -5 6 -7 -8 -9
leaf_value=-0.042493447390329585 0.029423556501591397 0.0082752843347258034 0.055390726994312481 -0.0016121702251186869 -0.016361637011508848 -0.02222689744333604 0.040388907753415096 0.049295439863992416
leaf_weight=53.468479350209236 88.904181364923716 417.41765252500772 25.263086136430502 359.05491246655583 380.49104611948133 79.868823185563087 14.169927209615706 45.191046487540007
leaf_count=2328 1072 2971 246 2362 3430 531 103 1005
internal_value=-0.000619169 0.00128927 0.010949 0.00226894 -0.00439013 0.00334158 -0.0142271 0.0364358
internal_weight=1463.83 1410.36 518.413 384.318 891.947 497.286 394.661 134.095
internal_count=14048 11720 4685 2608 7035 3502 3533 2077
cat_boundaries=0 1 2 3
cat_threshold=16 5 1
is_linear=0
shrinkage=0.05


Tree=74
num_leaves=11
num_cat=3
split_feature=0 7 37 21 0 4 37 31 13 1
split_gain=49.412 32.3514 41.8733 37.9442 11.1333 8.15647 16.1954 5.77279 3.79744 0.479223
threshold=0 29.931250000000002 25.500000000000004 24.450000000000003 1 -0.90893996196865012 61.500000000000007 34.750000000000007 8.9562500000000025 2
decision_type=1 2 2 2 1 2 2 2 2 1
left_child=4 2 -2 -4 5 -1 -7 9 -9 -3
right_child=1 7 3 -5 -6 6 -8 8 -10 -11
leaf_value=-0.049383144161828305 -0.07179993915803029 0.070824427466951181 0.0095953392475618612 -0.0091764739939967001 -0.042206474262066529 -0.020989219020964896 0.015777844965850427 -0.0086421697137859885 0.032838025447759371 0.04128681369955356
leaf_weight=13.972124613821505 18.107573412358761 11.100006133317947 744.93633075803518 420.26177872717381 51.699555630795658 102.89279345050454 41.241202216595411 6.0443748384714118 36.393108662217855 8.6669625863432884
leaf_count=273 104 77 6117 2621 2342 1561 530 50 354 74
internal_value=-0.000382354 0.00345642 0.00162111 0.00282269 -0.0221908 -0.0133261 -0.0104328 0.038338 0.0268671 0.0604852
internal_weight=1455.32 1245.51 1183.31 1165.2 209.806 158.106 144.134 62.2045 42.4375 19.767
internal_count=14103 9397 8842 8738 4706 2364 2091 555 404 151
cat_boundaries=0 1 2 3
cat_threshold=24 8 1
is_linear=0
shrinkage=0.05


Tree=75
num_leaves=9
num_cat=2
split_feature=0 6 6 40 7 6 0 32
split_gain=43.7621 29.5035 36.9724 35.1557 34.2386 31.9142 30.9514 4.39277
threshold=0 2.5000000000000004 27.000000000000004 41.050000000000004 29.931250000000002 1.5000000000000002 1 30.497916500000006
decision_type=1 2 2 2 2 2 1 2
left_child=-1 4 6 -4 5 -2 -3 -6
right_child=1 2 3 -5 7 -7 -8 -9
leaf_value=-0.041863141552860111 -0.0079214661220792775 0.019073178746169598 -0.06656366957377953 -0.0051639778751911931 0.058308011454653856 -0.048517737529247131 -0.0002667574629885878 0.015080832651019255
leaf_weight=49.65462351962924 288.43219436705112 452.9410280585289 26.087358120828867 168.90133931860328 16.562790825963024 57.326387271285057 382.3305289670825 10.180968146771191
leaf_count=2342 2073 4476 154 1452 133 367 2951 111
internal_value=-0.000279073 0.00150915 0.0058797 -0.0136763 -0.0105218 -0.0147728 0.0104558 0.0429888
internal_weight=1452.42 1402.76 1030.26 194.989 372.502 345.759 835.272 26.7438
internal_count=14059 11717 9033 1606 2684 2440 7427 244
cat_boundaries=0 1 2
cat_threshold=16 7
is_linear=0
shrinkage=0.05


Tree=76
num_leaves=9
num_cat=1
split_feature=0 26 34 25 36 39 25 36
split_gain=42.2321 29.9359 44.7103 37.8022 38.2219 29.8394 24.6499 23.5624
threshold=0 15.050000000000002 23.250000000000004 7.1131945000000005 90.500000000000014 19.550000000000004 6.4368055000000011 94.500000000000014
decision_type=1 2 2 2 2 2 2 2
left_child=-1 2 7 4 -3 -5 -4 -2
right_child=1 3 6 5 -6 -7 -8 -9
leaf_value=-0.041566094632744487 -0.082705051651198999 -0.098605270922040453 -0.010260588017662589 -0.016779801762574233 0.02668336402054582 0.0051130044102614966 -0.052384438843521591 0.017058866684807158
leaf_weight=48.028369562700391 5.3214898556470862 5.2966946996748439 66.241314209997654 196.11816421151161 219.41998486220837 738.71660383418202 73.422446113079786 94.896650347858667
leaf_count=2363 29 34 612 1543 2055 5934 527 1004
internal_value=-0.000133793 0.00160219 -0.014428 0.00494181 0.0233065 0.000507109 -0.0326204 0.0109967
internal_weight=1447.46 1399.43 239.882 1159.55 224.717 934.835 139.664 100.218
internal_count=14101 11738 2172 9566 2089 7477 1139 1033
cat_boundaries=0 1
cat_threshold=16
is_linear=0
shrinkage=0.05


Tree=77
num_leaves=12
num_cat=3
split_feature=0 4 33 44 0 44 26 5 44 1 17
split_gain=43.5177 47.0169 30.276 71.3489 27.5049 25.0066 23.5123 3.76206 12.5713 0.733666 0.600576
threshold=0 0.022575936829235404 36.850000000000001 46.250000000000007 1 52.750000000000007 15.050000000000002 -0.10837475778693634 31.150000000000002 2 17.100000000000005
decision_type=1 2 2 2 1 2 2 2 2 1 2
left_child=1 7 3 -3 -2 6 -6 8 -1 -7 -9
right_child=4 2 -4 -5 5 9 -8 10 -10 -11 -12
leaf_value=-0.040992270921109672 -0.041144278226675629 0.0036645258137643108 0.053262360430944337 -0.093488738855289799 -0.021578062620689124 -0.048031835841115436 -0.00012264801722302693 0.0083724252035734577 0.034832637198174636 -0.090831803683755902 0.050090441062603588
leaf_weight=5.0294603407382956 45.716005087830126 330.91663037613034 25.802348516881466 19.039193511009216 154.41597279533744 7.168185103684662 715.86675452813506 1.3328820094466198 82.090827647596598 5.5581732653081417 42.61075347289443
leaf_count=42 2337 2151 333 79 1296 48 5633 34 1034 47 1011
internal_value=-0.000794614 0.0108562 0.0020449 -0.00187238 -0.00719685 -0.00495467 -0.00394992 0.0367332 0.0300397 -0.07198 0.0490395
internal_weight=1435.55 506.822 375.758 349.956 928.725 883.009 870.283 131.064 87.1203 12.7264 43.9436
internal_count=14045 4684 2563 2230 9361 7024 6929 2121 1076 95 1045
cat_boundaries=0 1 2 3
cat_threshold=5 16 1
is_linear=0
shrinkage=0.05


Tree=78
num_leaves=11
num_cat=2
split_feature=0 4 0 38 44 44 26 5 39 39
split_gain=39.3568 40.0588 27.9093 27.006 34.2312 20.6498 20.5094 3.9577 9.9378 0.668843
threshold=0 1.0000000180025095e-35 1 6.4910715000000012 34.400000000000013 52.750000000000007 15.050000000000002 -0.10837475778693634 18.750000000000004 11.950000000000001
decision_type=1 2 1 2 2 2 2 2 2 2
left_child=1 7 -2 -3 -5 6 -4 8 -1 -9
right_child=2 3 5 4 -6 -7 -8 9 -10 -11
leaf_value=-0.00096061741324080473 -0.040813226825070846 0.05473076557407968 -0.019517345477506387 -0.026726522466368571 0.0087981155174995263 -0.065368908680941598 0.00056667825313949443 0.0060471656459210746 0.038357732859352595 0.049754004040689317
leaf_weight=21.192670088261366 44.047423270530999 22.683826923370361 153.62703258916736 90.617295451462269 259.97612916305661 12.484830681234596 714.08249675109982 1.1980554610490788 64.879093006253242 39.577697517350316
leaf_count=253 2338 236 1288 529 1812 94 5632 26 831 995
internal_value=-4.15822e-05 0.0111158 -0.00613835 0.00305581 -0.000433778 -0.00392078 -0.00300755 0.0354942 0.0287769 0.0486453
internal_weight=1424.37 500.125 924.242 373.277 350.593 880.194 867.71 126.848 86.0718 40.7758
internal_count=14034 4682 9352 2577 2341 7014 6920 2105 1084 1021
cat_boundaries=0 1 2
cat_threshold=5 16
is_linear=0
shrinkage=0.05


Tree=79
num_leaves=12
num_cat=2
split_feature=0 32 36 5 39 0 5 43 44 39 26
split_gain=39.5095 27.4199 45.1053 67.4668 57.4285 21.297 13.4006 20.2249 16.0565 3.85617 3.1821
threshold=0 29.595238000000005 94.500000000000014 -0.056951011027366542 24.950000000000003 1 -0.7444366621422277 21.550000000000004 44.800000000000004 20.250000000000004 19.050000000000004
decision_type=1 2 2 2 2 1 2 2 2 2 2
left_child=1 2 4 -4 -1 6 8 -8 -2 10 -3
right_child=5 9 3 -5 -6 -7 7 -9 -10 -11 -12
leaf_value=-0.033567281102763136 0.014562184909601879 0.040556658849375891 -2.7145346873891544e-05 0.036886190357593544 0.027587363149161326 -0.040433764871984731 -0.005977246338849238 -0.032828027701596464 -0.020355937760561823 0.054686558430225046 -0.025972912721324067
leaf_weight=134.4295382797718 120.56948033347726 2.4841153025627127 380.23964944109321 182.52940083295107 52.713384881615639 42.242955304682255 332.91803881898522 88.078648533672094 44.18950654566288 32.000420156866312 2.7535945288836956
leaf_count=736 865 24 3119 2389 307 2338 2703 747 364 395 34
internal_value=-0.000479402 0.00694563 0.0049209 0.0119896 -0.0162865 -0.00973798 -0.00681978 -0.0116593 0.0051306 0.0483416 0.00702378
internal_weight=1415.15 787.15 749.912 562.769 187.143 627.999 585.756 420.997 164.759 37.2381 5.23771
internal_count=14021 7004 6551 5508 1043 7017 4679 3450 1229 453 58
cat_boundaries=0 1 2
cat_threshold=7 40
is_linear=0
shrinkage=0.05


Tree=80
num_leaves=13
num_cat=2
split_feature=0 34 34 36 4 20 36 0 34 37 36 4
split_gain=36.3049 28.2665 63.7248 43.4871 38.1522 22.4214 13.0265 9.31745 8.5916 15.9825 9.32095 6.72496
threshold=0 25.150000000000002 24.550000000000004 95.500000000000014 0.17646842360078757 33.250000000000007 97.500000000000014 1 22.650000000000002 30.500000000000004 99.500000000000014 0.66527693225344786
decision_type=1 2 2 2 2 2 2 1 2 2 2 2
left_child=7 2 3 -2 -4 6 -3 8 10 -10 -1 -7
right_child=1 5 4 -5 -6 11 -8 -9 9 -11 -12 -13
leaf_value=-0.050895431942249873 -0.011567189091654722 0.0050620248230641429 0.009629586562319872 0.012527679007219234 -0.040934457796460808 0.057633012785351392 -0.087083068330056496 -0.040149335885329401 0.045762204641270086 -0.012822850152149311 0.015536715977055826 0.027297595867252097
leaf_weight=23.057699952274564 257.88470942527056 11.274956941604616 51.847650177776814 676.65615890733898 129.05956858024001 27.871560052037239 4.7355347983539096 40.994025021791458 11.972169529646633 113.82703206501901 6.256792113184928 61.643214620649815
leaf_count=432 1495 67 317 6011 700 186 21 2360 139 1702 95 576
internal_value=-0.000325422 0.00293554 0.000608961 0.00587349 -0.0264696 0.0275675 -0.0257095 -0.0196901 -0.0119825 -0.00693044 -0.0366716 0.0372753
internal_weight=1417.08 1220.97 1115.45 934.541 180.907 105.525 16.0105 196.108 155.114 125.799 29.3145 89.5148
internal_count=14101 9373 8523 7506 1017 850 88 4728 2368 1841 527 762
cat_boundaries=0 1 2
cat_threshold=24 8
is_linear=0
shrinkage=0.05


Tree=81
num_leaves=7
num_cat=1
split_feature=0 35 29 40 34 13
split_gain=32.2407 25.2926 25.4116 41.3572 33.7692 8.47376
threshold=0 58.401786000000008 1.5000000000000002 1.1500000000000001 20.950000000000003 11.172917000000002
decision_type=1 2 2 2 2 2
left_child=-1 5 4 -4 -3 -2
right_child=1 2 3 -5 -6 -7
leaf_value=-0.039677992137109541 -0.079704763051646255 -0.018006800521305943 -0.050240445373894396 0.00052825175652489208 0.02506476636428533 0.0041606616421577076
leaf_weight=38.936110453680158 11.762884497642515 57.288758974522352 40.730362955480814 1035.3942141849548 209.33769398182631 3.816900633275508
leaf_count=2328 81 538 299 9050 1659 28
internal_value=-0.000218263 0.00122408 0.0019895 -0.00143816 0.0157775 -0.0601468
internal_weight=1397.27 1358.33 1342.75 1076.12 266.626 15.5798
internal_count=13983 11655 11546 9349 2197 109
cat_boundaries=0 1
cat_threshold=16
is_linear=0
shrinkage=0.05


Tree=82
num_leaves=13
num_cat=2
split_feature=0 34 34 36 4 0 26 38 2 36 36 36
split_gain=34.4215 26.7731 51.5962 58.0962 30.19 18.4136 12.6406 19.1279 13.9958 9.53468 28.3564 2.71095
threshold=0 25.250000000000004 24.550000000000004 96.500000000000014 0.17646842360078757 1 14.65 8.2369050000000019 10.500000000000002 97.500000000000014 98.500000000000014 88.500000000000014
decision_type=1 2 2 2 2 1 2 2 2 2 2 2
left_child=1 2 3 -1 -4 6 8 -8 -2 11 -11 -3
right_child=5 9 4 -5 -6 -7 7 -9 -10 10 -12 -13
leaf_value=-0.0080657226955812966 -0.03919870846519935 0.0039313239328933646 0.01349168334923668 0.02444912257482075 -0.034842251890919183 -0.039319539057937808 0.006403965204789204 -0.01312494941496844 0.0030154586947038994 -0.095421982493802016 0.053149433940025276 0.054186769988729726
leaf_weight=234.29688069969416 55.161380890756845 3.0484121516346923 44.344030559062958 329.78413392044604 113.73428258299828 37.505653343163431 241.05041322484612 259.30468131229281 29.981520030647516 3.9792501926422092 8.0466914549469948 39.542261768132448
leaf_count=1410 482 42 260 4167 605 2331 1802 2171 229 17 67 430
internal_value=-0.000613571 0.00637513 0.00387703 0.0109534 -0.0212841 -0.009277 -0.00666295 -0.00372272 -0.0244713 0.0398886 0.000437328 0.0507625
internal_weight=1399.78 776.776 722.159 564.081 158.078 623.004 585.498 500.355 85.1429 54.6166 12.0259 42.5907
internal_count=14013 6998 6442 5577 865 7015 4684 3973 711 556 84 472
cat_boundaries=0 1 2
cat_threshold=7 40
is_linear=0
shrinkage=0.05


Tree=83
num_leaves=13
num_cat=2
split_feature=0 43 39 43 44 38 40 31 0 5 43 6
split_gain=31.4446 29.9402 52.9007 52.1391 64.913 53.5046 38.1989 23.5825 19.4002 16.4929 23.5944 15.5165
threshold=0 17.900000000000002 19.450000000000003 3.5500000000000003 41.600000000000001 11.053273500000001 66.050000000000011 49.150000000000006 1 -0.7444366621422277 21.550000000000004 2.5000000000000004
decision_type=1 2 2 2 2 2 2 2 1 2 2 2
left_child=1 3 6 4 -1 -5 -3 -4 9 11 -11 -2
right_child=8 2 7 5 -6 -7 -8 -9 -10 10 -12 -13
leaf_value=0.033059755303107584 -0.035947237932889411 0.034752543654139836 0.049319773537240867 -0.022619307879893517 -0.026520517706563298 0.036718906790325093 -0.023643062579746674 -0.035693524678401506 -0.03903205075697113 -0.0045118012777225717 -0.033374049396061582 0.013342959757126925
leaf_weight=176.67310462705791 16.94350603967905 42.903056871145964 119.34537916071713 250.00797001644969 60.714559324085712 43.837848491966724 76.348472626879811 8.0531649589538556 36.414898772723973 334.53716037981212 88.966945722699165 146.12934408336878
leaf_count=1568 150 417 1380 2136 431 279 791 54 2348 2715 756 1070
internal_value=0.000332509 0.00699109 0.0214385 0.000386856 0.0177741 -0.0136723 -0.00251982 0.0437097 -0.00796385 -0.00535214 -0.0106393 0.00803376
internal_weight=1400.88 777.884 246.65 531.233 237.388 293.846 119.252 127.399 622.992 586.577 423.504 163.073
internal_count=14095 7056 2642 4414 1999 2415 1208 1434 7039 4691 3471 1220
cat_boundaries=0 1 2
cat_threshold=7 40
is_linear=0
shrinkage=0.05


Tree=84
num_leaves=15
num_cat=0
split_feature=29 40 39 39 38 20 19 2 26 4 19 43 7 39
split_gain=23.9707 49.4553 42.8845 63.5234 54.599 33.5733 33.0762 42.2906 30.9627 29.1454 27.626 20.5205 17.7223 8.602
threshold=1.5000000000000002 1.2500000000000002 19.550000000000004 23.550000000000004 6.9169645000000015 36.150000000000013 27.310416500000006 2.5000000000000004 19.250000000000004 0.59177612190863982 28.359027500000003 3.8500000000000001 28.579166500000003 23.250000000000004
decision_type=2 2 2 2 2 2 2 2 2 2 2 2 2 2
left_child=6 5 4 -4 -3 9 7 8 -1 -2 11 -8 -12 -9
right_child=1 2 3 -5 -6 -7 10 13 -10 -11 12 -13 -14 -15
leaf_value=0.0012869042580037169 0.001379648141381666 0.0054458092572772752 0.019704909093921003 -0.014368316456736821 -0.029375892067950604 0.026334412295578331 0.055409562564431449 0.0079395328091273806 -0.070100178977676147 -0.095409880836167207 -0.044685024932537724 -0.046380326654520999 0.016834010304185933 0.051505845094948426
leaf_weight=28.632705721072853 10.329060217365621 216.62565232533962 390.05584356375039 209.49849438481033 232.75683301500976 10.619877042248843 71.31231143232435 27.169482785277069 31.266383538022637 30.143806345760822 12.488897914066909 4.5770057067275038 88.813363414257765 18.996097395196557
leaf_count=291 123 2569 4194 1918 2170 119 650 395 264 206 99 42 853 174
internal_value=2.66348e-05 -0.00331531 -0.000952873 0.00779482 -0.0126152 -0.0508669 0.0129711 -0.00906159 -0.0365152 -0.0712706 0.0261365 0.0487471 0.00888707 0.026578
internal_weight=1383.29 1100.03 1048.94 599.554 449.382 51.0927 283.256 106.065 59.8991 40.4729 177.192 75.8893 101.302 46.1656
internal_count=14067 11299 10851 6112 4739 448 2768 1124 555 329 1644 692 952 569
is_linear=0
shrinkage=0.05


Tree=85
num_leaves=15
num_cat=2
split_feature=0 33 36 35 4 33 1 34 42 33 10 33 37 39
split_gain=34.4489 23.8042 43.944 50.2536 43.5634 9.30244 8.70512 6.83904 10.2978 17.9005 12.8137 6.15719 15.9046 0.106373
threshold=0 36.850000000000001 95.500000000000014 69.601190500000016 0.97112537654464559 37.100000000000009 1 22.650000000000002 3.5000000000000004 34.750000000000007 83.937500000000014 31.550000000000004 50.500000000000007 25.350000000000005
decision_type=1 2 2 2 2 2 1 2 2 2 2 2 2 2
left_child=7 2 4 -4 -2 -3 -7 11 9 -9 -10 12 -1 -13
right_child=1 5 3 -5 -6 6 -8 8 10 -11 -12 13 -14 -15
leaf_value=0.11039259770191992 -0.0077924995902002277 0.070044874095974263 0.044578457755096307 0.0026318619456243662 -0.062064263008790546 0.039083622851589422 -0.00015599618223252788 0.11323265395548905 -0.041726573233907459 -0.0054177094754810466 -0.0092074644002081204 -0.050774430886470594 -0.043006561999796321 -0.020453879473687406
leaf_weight=1.4582915883511294 241.9855577275157 11.733683124184607 77.827182928100228 759.85828783363104 42.73441019281745 31.173852436244488 25.193680096417665 2.920539551414552 47.337944958359003 16.379956956021488 83.250984222628176 28.022471776232127 4.41660135705024 2.1647094311192623
leaf_count=32 1412 99 629 6395 216 278 283 71 1337 296 1926 841 123 65
internal_value=-0.000645297 0.00254179 0.000808844 0.00657752 -0.016127 0.031046 0.0218483 -0.0200194 -0.0161903 0.0172298 -0.021223 -0.04047 0.00558958 -0.0493257
internal_weight=1376.46 1190.51 1122.41 837.685 284.72 68.1012 56.3675 185.951 149.889 19.3005 130.589 36.0621 5.87489 30.1872
internal_count=14003 9312 8652 7024 1628 660 561 4691 3630 367 3263 1061 155 906
cat_boundaries=0 1 2
cat_threshold=24 1
is_linear=0
shrinkage=0.05


Tree=86
num_leaves=13
num_cat=2
split_feature=0 43 39 8 8 4 4 17 0 4 40 32
split_gain=32.7722 24.1552 45.9042 42.6712 42.4132 54.1075 42.9953 22.5756 17.1651 14.3556 35.0857 21.7721
threshold=0 18.050000000000004 19.450000000000003 29.950000000000003 33.250000000000007 0.022575936829235404 0.81428061195174062 46.250000000000007 1 0.63257020223555627 11.850000000000003 27.052083000000003
decision_type=1 2 2 2 2 2 2 2 1 2 2 2
left_child=1 4 3 -3 5 -1 -6 -4 9 11 -11 -2
right_child=8 2 7 -5 6 -7 -8 -9 -10 10 -12 -13
leaf_value=0.017192369194321318 -0.011982221958043153 -0.078331836777064984 0.04720435444286581 0.0095802735044063954 0.042676665799250252 -0.028249069003764428 -0.0005495752662100558 -0.039205820438093571 -0.038539360988614622 -0.0020996453266815085 -0.049821715985480464 0.010802710232530981
leaf_weight=100.6151079069823 222.12048423662782 15.015156837180255 112.5874473080039 98.980231832712889 93.187098005786538 183.92340187728405 147.72924040257931 7.362239144742488 34.639305480755866 112.45987720414996 57.650562487542629 196.79248194769025
leaf_count=1407 1742 183 1342 1004 755 1141 1122 69 2366 919 578 1484
internal_value=-0.000186214 0.00674748 0.0201635 -0.00257974 0.000875562 -0.0121767 0.0162777 0.0416204 -0.00859668 -0.00616156 -0.0184693 -0.00127832
internal_weight=1383.06 759.4 233.945 113.995 525.455 284.539 240.916 119.95 623.663 589.023 170.11 418.913
internal_count=14112 7023 2598 1187 4425 2548 1877 1411 7089 4723 1497 3226
cat_boundaries=0 1 2
cat_threshold=7 40
is_linear=0
shrinkage=0.05


Tree=87
num_leaves=15
num_cat=3
split_feature=0 43 43 1 43 44 4 39 44 32 0 32 34 33
split_gain=28.0122 34.8961 32.2776 28.8551 25.9507 45.7876 44.8309 18.3174 18.9967 18.12 17.5187 19.2669 14.988 14.7263
threshold=0 18.050000000000004 43.800000000000004 1 3.5500000000000003 41.600000000000001 1.0000000180025095e-35 27.450000000000006 48.800000000000004 28.780059500000004 2 27.082143000000006 24.850000000000005 36.850000000000001
decision_type=1 2 2 1 2 2 2 2 2 2 1 2 2 2
left_child=1 4 -3 10 5 -1 -6 8 -5 -4 13 -12 -9 -2
right_child=3 2 9 7 6 -7 -8 12 -10 -11 11 -13 -14 -15
leaf_value=0.033300293496651395 0.0047341836167149329 0.03844754337430794 -0.07105395399863039 -0.015763036038922439 0.0278028922983681 -0.028208535888110061 -0.026083777042541712 0.062502756582274596 -0.08594101200536719 0.0476583451777913 -0.046182878587601769 0.00037173666824878715 -0.058123821570801239 0.043729628806838124
leaf_weight=109.03591335378587 377.80582742020488 126.87364193797112 10.480921879410742 371.11376606114209 52.400537054985762 40.865922041237354 138.79732796549797 11.460687807761131 8.9660876616835576 3.6640493944287291 35.262198886834085 57.367963084019721 2.4037953466176978 24.902970984578133
leaf_count=1023 2161 1679 50 4456 811 294 831 104 103 27 969 1392 26 162
internal_value=-0.000162957 0.00941852 0.0304393 -0.00540728 0.000939781 0.0164561 -0.0112475 -0.0155494 -0.0176397 -0.0391869 0.00256492 -0.0159509 0.0390855 0.00707276
internal_weight=1371.4 482.118 141.019 889.283 341.1 149.902 191.198 393.944 380.08 14.145 495.339 92.6302 13.8645 402.709
internal_count=14088 4715 1756 9373 2959 1317 1642 4689 4559 77 4684 2361 130 2323
cat_boundaries=0 1 2 3
cat_threshold=5 1 34
is_linear=0
shrinkage=0.05


Tree=88
num_leaves=9
num_cat=1
split_feature=0 6 6 6 27 44 39 40
split_gain=25.9415 22.0115 34.6297 32.0219 31.2822 29.5108 24.1651 9.48567
threshold=0 2.5000000000000004 27.000000000000004 1.5000000000000002 16.250000000000004 48.050000000000004 22.650000000000002 4.9000000000000012
decision_type=1 2 2 2 2 2 2 2
left_child=-1 3 5 6 -4 -3 -2 -5
right_child=1 2 4 7 -6 -7 -8 -9
leaf_value=-0.037976389219818718 0.0096457319065032122 0.012220863275608937 -0.066399547085071203 -0.012333684380956649 -0.0062833351683457914 -0.024920611926785144 -0.019070209335222618 -0.057619810835303223
leaf_weight=32.724368637427688 166.1702939979732 739.56190177612007 24.020146369934082 17.303133264183998 162.32688510045409 56.720939783379436 129.45209794119 38.335012696683407
leaf_count=2354 1367 7046 157 129 1457 434 910 248
internal_value=-7.5813e-05 0.00115757 0.00500625 -0.00955966 -0.0143454 0.00954726 -0.00295079 -0.0440025
internal_weight=1366.61 1333.89 982.63 351.261 186.347 796.283 295.622 55.6381
internal_count=14102 11748 9094 2654 1614 7480 2277 377
cat_boundaries=0 1
cat_threshold=16
is_linear=0
shrinkage=0.05


Tree=89
num_leaves=15
num_cat=2
split_feature=0 43 43 13 39 1 25 4 4 7 5 39 19 4
split_gain=28.799 29.9774 29.6808 28.8839 30.2054 25.401 20.2176 18.4389 23.3814 17.4367 16.884 16.3406 13.8513 10.3209
threshold=0 18.050000000000004 43.800000000000004 6.5500000000000007 25.250000000000004 1 5.1687500000000011 0.69056404122701587 -0.84315017450793706 29.931250000000002 -0.13398942717002901 18.750000000000004 28.295139000000002 -0.61237985104942771
decision_type=1 2 2 2 2 1 2 2 2 2 2 2 2 2
left_child=1 3 11 -1 -5 7 13 8 -2 -9 -8 -3 -4 -7
right_child=5 2 12 4 -6 6 10 9 -10 -11 -12 -13 -14 -15
leaf_value=0.040229184989129078 -0.018685062484527979 0.013958343377699947 -0.069725066455585072 -0.01061700024532799 0.034938430523431596 -0.11632597209175383 -0.024137259492115093 -0.020669509058019068 0.014110900475884381 0.025593526827369702 -0.0030918883174040224 0.051762432373336012 0.035760975293015446 -0.016744199186281752
leaf_weight=41.056401830166578 66.282782359980047 47.887434998527169 9.4929889440536481 251.72149436920881 41.51779075525701 6.3833782859146595 185.14486245624721 123.8182799005881 283.20900351367891 23.454171089455485 195.97424834640697 73.640906471759081 3.6967280805110923 4.6139779062941653
leaf_count=593 724 608 45 2060 301 80 2188 1107 2619 248 2379 1045 28 47
internal_value=-0.000573377 0.00932593 0.0293426 0.00147409 -0.00407029 -0.00584048 -0.0154024 0.00160558 0.00785543 -0.0131789 -0.013352 0.0371015 -0.0397235 -0.0794242
internal_weight=1357.89 469.014 134.718 334.296 293.239 888.881 392.116 496.764 349.492 147.272 381.119 121.528 13.1897 10.9974
internal_count=14072 4680 1726 2954 2361 9392 4694 4698 3343 1355 4567 1653 73 127
cat_boundaries=0 1 2
cat_threshold=5 1
is_linear=0
shrinkage=0.05


Tree=90
num_leaves=15
num_cat=2
split_feature=0 4 33 38 1 4 32 39 22 20 38 32 17 4
split_gain=28.4297 32.1278 24.4448 25.3724 20.7226 21.6138 25.5238 17.3065 14.6769 13.1571 10.6799 3.99722 6.8594 2.00611
threshold=0 1.0000000180025095e-35 36.850000000000001 6.4910715000000012 1 0.67167992559793654 27.157142500000003 27.450000000000006 88.229166500000005 33.45000000000001 13.519047500000001 27.082143000000006 21.050000000000001 -0.97876850416056749
decision_type=1 2 2 2 1 2 2 2 2 2 2 2 2 2
left_child=1 11 3 -3 5 6 -2 8 -6 -7 -9 13 -13 -1
right_child=4 2 -4 -5 7 9 -8 10 -10 -11 -12 12 -14 -15
leaf_value=0.018445989467280877 -0.0035864408141701686 0.053443299244662651 0.052349058092441593 -0.0039431697743702362 -0.012889352447526628 -0.041852836131212531 0.023635038611124894 0.058694180615137093 -0.051574249897595084 -0.0060948674069216131 -0.041263820786846671 -0.055612104696744796 0.026488265788247978 0.046394723829568441
leaf_weight=9.3816720191389305 190.69935206696391 19.532085172832012 22.537048142403364 310.18065086752176 349.86082514561713 32.119270733557642 155.67459321953356 11.624330052174626 25.549269025214016 117.34538293723017 2.620595594868063 1.7747744247317303 44.7314488645643 52.715207897126675
leaf_count=239 1957 236 335 2011 4216 311 1341 109 343 1092 27 34 562 1252
internal_value=0.000334769 0.0102639 0.00312076 -0.000392291 -0.00489908 0.00182767 0.00868082 -0.0135671 -0.0156522 -0.0140062 0.0388047 0.0341289 0.0222505 0.0425315
internal_weight=1346.35 460.853 352.25 329.713 885.494 495.839 346.374 389.655 375.41 149.465 14.2449 108.603 46.5062 62.0969
internal_count=14065 4669 2582 2247 9396 4701 3298 4695 4559 1403 136 2087 596 1491
cat_boundaries=0 1 2
cat_threshold=5 1
is_linear=0
shrinkage=0.05


Tree=91
num_leaves=13
num_cat=0
split_feature=26 34 34 31 44 34 36 37 41 13 5 39
split_gain=24.1027 37.7379 31.1373 28.7425 24.9777 21.7542 16.2034 15.1962 11.2031 8.13016 6.87792 0.0235235
threshold=15.050000000000002 23.850000000000005 20.250000000000004 29.350000000000005 31.150000000000002 25.150000000000002 95.500000000000014 59.500000000000007 0.65000000000000002 7.0250000000000012 0.99138911339924218 19.350000000000005
decision_type=2 2 2 2 2 2 2 2 2 2 2 2
left_child=1 6 10 8 -5 9 -1 -8 -4 -3 -2 -7
right_child=2 5 3 4 -6 11 7 -9 -10 -11 -12 -13
leaf_value=-0.066518489691499497 -0.061011279826830689 -0.033331272574642176 0.067953758928751148 -0.043748694262756412 0.002904947286043142 0.033621672557105256 0.019863275403175541 -0.014368261219654059 0.022188458360426436 -0.066448838456978465 0.01697066058056652 0.013481031050419874
leaf_weight=7.3026550626382223 21.925015144050125 46.950177129358053 17.15562588814646 28.54931022785604 986.20191011112183 6.9564241804182512 76.074724241159856 55.035980667918921 58.238581475801766 35.178316920995712 2.7918293522670856 2.1480958508327603
leaf_count=53 216 452 171 290 10009 62 987 763 718 289 46 22
internal_value=-0.000542483 -0.0152561 0.00249928 0.00377876 0.0015506 -0.0400323 0.00124476 0.005494 0.0333554 -0.0481453 -0.0518856 0.0306742
internal_weight=1344.51 229.646 1114.86 1090.15 1014.75 91.233 138.413 131.111 75.3942 82.1285 24.7168 9.10452
internal_count=14078 2628 11450 11188 10299 825 1803 1750 889 741 262 84
is_linear=0
shrinkage=0.05


Tree=92
num_leaves=15
num_cat=1
split_feature=0 43 43 43 39 20 22 20 34 39 31 32 39 4
split_gain=24.1936 26.7348 37.3088 28.2552 24.1119 18.5885 29.664 26.9272 22.9174 24.7209 18.9596 15.7975 14.5811 10.8751
threshold=0 17.900000000000002 17.600000000000005 43.800000000000004 24.950000000000003 31.550000000000004 85.152778000000026 33.150000000000013 23.250000000000004 19.450000000000003 31.150000000000002 28.780059500000004 18.750000000000004 0.2603727204637144
decision_type=1 2 2 2 2 2 2 2 2 2 2 2 2 2
left_child=1 2 4 12 -1 8 7 -7 13 -10 -8 -5 -3 -2
right_child=5 3 -4 11 -6 6 10 -9 9 -11 -12 -13 -14 -15
leaf_value=-0.0020755633227623549 0.012173498114259669 0.01413908255356933 -0.082040493433775619 -0.067784085242888911 0.033398786299809267 -0.021480755350513341 -0.018157285980718686 0.0020550164024520415 -0.055292229625671402 -0.013504539028956573 0.028912305585481187 0.04595168502081981 0.049612128283099015 -0.048452654602027447
leaf_weight=257.73571077175438 65.283321874216199 50.153734959661961 11.961726905778049 10.335473865270613 57.807753060013056 189.56706917379051 25.864427449181676 335.02460792148486 54.48003891762346 100.34894892666489 108.42430243361741 3.3823444172739974 71.225416176021099 7.3363347789272657
leaf_count=2421 781 629 101 51 433 2051 287 3427 594 1104 1090 27 1075 74
internal_value=-0.000486791 0.00866388 0.00110713 0.027477 0.00450834 -0.00530504 -0.00110181 -0.00647459 -0.0176552 -0.0284689 0.0197794 -0.038524 0.03519 0.00547384
internal_weight=1348.93 462.602 327.505 135.097 315.543 886.329 658.88 524.592 227.449 154.829 134.289 13.7178 121.379 72.6197
internal_count=14145 4737 2955 1782 2854 9408 6855 5478 2553 1698 1377 78 1704 855
cat_boundaries=0 1
cat_threshold=5
is_linear=0
shrinkage=0.05


Tree=93
num_leaves=9
num_cat=1
split_feature=0 44 39 40 26 34 34 4
split_gain=23.7084 21.6798 41.2349 38.7766 22.5996 34.8565 34.4648 12.1295
threshold=0 46.600000000000001 27.450000000000006 51.650000000000013 15.050000000000002 20.250000000000004 23.850000000000005 -0.39036798905311365
decision_type=1 2 2 2 2 2 2 2
left_child=-1 4 3 -3 6 -6 -2 -4
right_child=1 2 7 -5 5 -7 -8 -9
leaf_value=-0.037369338733220119 0.0046001244391473762 -0.070148759525621135 -0.026589098156876434 -0.0025708637949072321 -0.052311557246715018 0.0078306879868412799 -0.036291754334878246 0.034486982592832054
leaf_weight=30.817053407430649 129.29809696041048 44.802249953150749 9.7802871540188772 39.710891326889396 23.738321574404836 936.68553581275046 84.456341862678528 33.962914526462555
leaf_count=2333 1502 267 64 435 212 8310 645 276
internal_value=-0.000310685 0.000874154 -0.0185562 -0.0387968 0.00301797 0.00629132 -0.0116504 0.0205423
internal_weight=1333.25 1302.43 128.256 84.5131 1174.18 960.424 213.754 43.7432
internal_count=14044 11711 1042 702 10669 8522 2147 340
cat_boundaries=0 1
cat_threshold=16
is_linear=0
shrinkage=0.05


Tree=94
num_leaves=8
num_cat=1
split_feature=0 37 39 39 4 5 38
split_gain=22.9735 19.9178 31.5687 69.6758 34.9148 13.5413 0.0599207
threshold=0 25.500000000000004 25.250000000000004 23.550000000000004 -0.35846811432664222 -0.15101602693478736 13.849107000000002
decision_type=1 2 2 2 2 2 2
left_child=-1 5 3 -3 -4 6 -2
right_child=1 2 4 -5 -6 -7 -8
leaf_value=-0.037001396957746784 0.0064737708738617575 0.0045358014513966561 -0.022064675140649751 -0.029818549631275434 0.03834835415083529 -0.065483642989618562 0.019247668236218304
leaf_weight=29.753435175865889 2.9594691470265415 962.80067379586399 30.18522978387773 173.27911288663745 104.74420436285436 17.285456085577607 3.8431191630661488
leaf_count=2339 37 9037 300 1260 860 135 43
internal_value=-3.36377e-05 0.00112039 0.00199832 -0.000725668 0.0247704 -0.0429905 0.0152323
internal_weight=1324.85 1295.1 1271.01 1136.08 134.929 24.088 6.80259
internal_count=14011 11672 11457 10297 1160 215 80
cat_boundaries=0 1
cat_threshold=16
is_linear=0
shrinkage=0.05


Tree=95
num_leaves=13
num_cat=2
split_feature=0 34 34 36 36 0 5 43 44 36 5 36
split_gain=22.8548 22.7474 34.3841 48.0743 25.8685 14.6211 12.8702 18.7636 16.6417 8.42282 22.7314 3.30136
threshold=0 25.250000000000004 24.550000000000004 96.500000000000014 98.500000000000014 1 -0.71502926860092908 21.550000000000004 44.800000000000004 97.500000000000014 -0.70289845916694649 88.500000000000014
decision_type=1 2 2 2 2 1 2 2 2 2 2 2
left_child=1 2 3 -1 -4 6 8 -8 -2 11 -11 -3
right_child=5 9 4 -5 -6 -7 7 -9 -10 10 -12 -13
leaf_value=-0.0076800434058878937 0.0157459367798999 -0.0045543319887857946 -0.0067971735857758932 0.022551521536632885 -0.058122856504310427 -0.036648382858264564 -0.0043226365721764715 -0.031094501069769565 -0.01954380235262539 0.051404016135407286 -0.083805132092722057 0.053347720620316223
leaf_weight=228.90051895752549 126.24776596389711 2.4781335145235053 120.20967394858599 306.79861318320036 29.963244460523129 28.778135030530393 317.08022725954652 81.618938583880663 44.362637996673584 7.2321190237998962 3.9945019930601102 35.54893939755857
leaf_count=1442 927 37 707 4191 155 2345 2645 735 384 68 17 423
internal_value=0.000154413 0.00601867 0.00371558 0.00964354 -0.0173547 -0.00703457 -0.0048713 -0.00986727 0.00650938 0.0385755 0.000376153 0.0495544
internal_weight=1333.21 735.126 685.872 535.699 150.173 598.088 569.31 398.699 170.61 49.2537 11.2266 38.0271
internal_count=14076 7040 6495 5633 862 7036 4691 3380 1311 545 85 460
cat_boundaries=0 1 2
cat_threshold=7 40
is_linear=0
shrinkage=0.05


Tree=96
num_leaves=15
num_cat=3
split_feature=0 4 8 43 39 1 0 38 5 5 34 32 32 31
split_gain=22.9095 27.4308 24.8168 37.7805 27.9238 20.9066 18.9657 21.3758 15.5744 18.764 17.4069 14.6731 6.11994 8.37885
threshold=0 0.022575936829235404 33.150000000000013 13.65 22.950000000000003 1 2 5.6827385000000001 -0.11692317777808839 0.53312596302726967 23.250000000000004 25.737797500000003 27.039880500000002 23.600000000000005
decision_type=1 2 2 2 2 1 1 2 2 2 2 2 2 2
left_child=1 12 3 -3 -4 6 11 -8 10 -10 -7 -2 -1 -14
right_child=5 2 4 -5 -6 8 7 -9 9 -11 -12 -13 13 -15
leaf_value=0.041742414914216118 0.066676317933994422 -0.034631843697835826 0.033759928764206214 0.011481567653632134 -0.0071406572715704136 0.03782557810767985 0.07292420237705366 -0.026617658317640208 0.013212309762735311 -0.017904687812100889 -0.028349516474310082 0.0044088556423011798 -0.065366250181422822 0.021795865530918713
leaf_weight=55.065004007890821 8.7058345861732942 88.620649233460426 90.038108367472887 87.319194585084915 76.508606720715761 9.6756147313863021 4.8040201477706423 84.552260971628129 83.634995417669415 112.42778817983344 178.61870111711323 388.98083925247192 1.9594006277620781 49.598351819440722
leaf_count=1454 52 562 830 650 518 111 92 2263 1009 1396 2171 2273 34 654
internal_value=-0.00106576 0.00799804 0.00125272 -0.0118101 0.0150404 -0.00576653 0.00105026 -0.0184737 -0.0145345 -0.00463134 -0.0247672 0.00579054 0.0301951 0.0173027
internal_weight=1320.51 449.109 342.487 175.94 166.547 871.4 487.043 89.3563 384.357 196.063 188.294 397.687 106.623 51.5578
internal_count=14069 4702 2560 1212 1348 9367 4680 2355 4687 2405 2282 2325 2142 688
cat_boundaries=0 1 2 3
cat_threshold=5 1 34
is_linear=0
shrinkage=0.05


Tree=97
num_leaves=9
num_cat=1
split_feature=0 6 5 6 39 44 6 38
split_gain=20.4854 20.0019 30.0184 29.5087 25.992 20.5546 20.3591 19.1485
threshold=0 2.5000000000000004 -0.92272482904738273 27.000000000000004 19.450000000000003 48.050000000000004 1.5000000000000002 8.5220240000000018
decision_type=1 2 2 2 2 2 2 2
left_child=-1 2 7 5 -5 -3 -4 -2
right_child=1 3 6 4 -6 -7 -8 -9
leaf_value=-0.036106482370632347 0.022469292504864308 0.01119723642757227 0.00059232481778425587 -0.034090600370781675 0.0040321448580278594 -0.020709820526199636 -0.034605704942658411 -0.077306987760861742
leaf_weight=27.361968075856566 5.5411117393523481 716.46710694208741 266.47527744621038 81.912568366155028 96.633180415257812 53.385778721421957 47.564364474266768 22.827273035421968
leaf_count=2352 38 7033 2138 733 876 429 338 139
internal_value=-9.69301e-05 0.000965772 -0.00936848 0.00471294 -0.0135501 0.00896063 -0.00483168 -0.0577165
internal_weight=1318.17 1290.81 342.408 948.399 178.546 769.853 314.04 28.3684
internal_count=14076 11724 2653 9071 1609 7462 2476 177
cat_boundaries=0 1
cat_threshold=16
is_linear=0
shrinkage=0.05


Tree=98
num_leaves=15
num_cat=1
split_feature=0 5 44 37 39 39 34 34 5 23 43 44 10 40
split_gain=24.1412 23.9499 49.6063 57.542 45.703 56.6819 35.1396 31.3521 13.5387 16.108 12.8665 13.7546 13.1503 12.8171
threshold=0 0.26659387353423863 41.600000000000001 32.500000000000007 18.750000000000004 23.550000000000004 20.250000000000004 23.250000000000004 -0.76696334127844745 97.500000000000014 21.550000000000004 40.500000000000007 85.395833500000023 92.100000000000009
decision_type=1 2 2 2 2 2 2 2 2 2 2 2 2 2
left_child=1 4 6 -4 7 -6 -3 -1 9 13 12 -12 -10 -2
right_child=8 2 3 -5 5 -7 -8 -9 10 -11 11 -13 -14 -15
leaf_value=0.050012561288743811 -0.0276324638614131 -0.036666794876417268 -0.063005667632104176 0.04822278713864802 0.027173512153421505 -0.014911587713909153 0.034679401056409251 -0.032626203257292402 -0.012750040376421634 0.018943148024986041 -0.017626018833696477 -0.062701076717795484 0.012620792237340556 0.015863460404704332
leaf_weight=11.730837270617483 48.248656167183071 18.143010403960943 34.020408730953932 16.531537586823106 184.23205611109734 139.98136438429356 192.00190418772399 125.90304834395647 285.35755824996158 85.997614784631878 66.69921245938167 22.325283116661012 61.318014800082892 25.012750749476254
leaf_count=128 595 227 191 121 2069 1121 2217 974 3486 869 878 295 679 284
internal_value=-0.000578578 0.00553164 0.017693 -0.0264018 -0.00123694 0.009013 0.0283752 -0.0252728 -0.00795525 0.00436668 -0.0126411 -0.0295007 -0.0082392 -0.0127685
internal_weight=1317.5 722.544 260.697 50.5519 461.847 324.213 210.145 137.634 594.959 159.259 435.7 89.0245 346.676 73.2614
internal_count=14134 7048 2756 312 4292 3190 2444 1102 7086 1748 5338 1173 4165 879
cat_boundaries=0 1
cat_threshold=7
is_linear=0
shrinkage=0.05


Tree=99
num_leaves=14
num_cat=0
split_feature=26 13 25 34 39 43 44 32 34 4 40 33 7
split_gain=22.1604 31.708 29.533 28.6484 22.2267 74.1007 40.7359 21.7085 20.849 17.3675 14.5146 10.3377 1.79098
threshold=15.050000000000002 8.3687500000000021 7.1131945000000005 23.550000000000004 19.550000000000004 5.0000000000000009 38.70000000000001 27.574405000000002 23.250000000000004 0.77244481603295057 123.55000000000003 33.95000000000001 25.981250000000003
decision_type=2 2 2 2 2 2 2 2 2 2 2 2 2
left_child=1 8 3 7 5 -4 -6 -2 11 -10 -5 -1 -3
right_child=2 12 4 10 6 -7 -8 -9 9 -11 -12 -13 -14
leaf_value=0.014118547526661463 -0.011334688809883213 -0.019264597781956962 0.034077537223950037 0.041978227295889244 0.022553132966292726 -0.035247535254930538 -0.0041737567306724113 0.043370871526213606 -0.013546187004407349 -0.06878334993715271 -0.037212527464351067 -0.064740134333268626 -0.077976192474937256
leaf_weight=84.969319499097764 79.128996504005045 2.2381205102428821 52.847432649694383 104.67980021983385 200.63854316296056 135.28358640987426 485.87139869714156 22.439875508658588 95.701508473139256 15.901517899706958 5.3748484943062058 3.3860139660537234 17.573507155291736
leaf_count=1181 1015 34 532 1133 2312 1348 4775 265 1103 128 76 23 152
internal_value=0.000612747 -0.0138304 0.00354488 0.0202583 -0.000517535 -0.0156964 0.00365885 0.00105656 -0.00767656 -0.0219575 0.0378105 0.0104058 -0.0725879
internal_weight=1306.03 219.77 1086.26 211.624 874.641 188.131 686.51 101.569 199.958 111.603 110.055 88.3553 19.8116
internal_count=14077 2621 11456 2489 8967 1880 7087 1280 2435 1231 1209 1204 186
is_linear=0
shrinkage=0.05


Tree=100
num_leaves=12
num_cat=2
split_feature=0 39 39 4 8 37 0 40 39 11 4
split_gain=21.1526 23.0541 53.9427 64.3148 40.1688 33.9992 12.7393 13.079 21.9782 14.71 11.3145
threshold=0 25.250000000000004 23.550000000000004 0.97314989601849466 33.350000000000001 25.500000000000004 1 0.55000000000000016 19.750000000000004 85.500000000000014 -0.35846811432664222
decision_type=1 2 2 2 2 2 1 2 2 2 2
left_child=1 2 4 -4 -1 -3 7 8 -2 -9 -7
right_child=6 5 3 -5 -6 10 -8 9 -10 -11 -12
leaf_value=0.0014160396966701491 0.058973911909666936 -0.066641123056106588 -0.0061701655434025868 -0.088832569457171967 0.033986432999809572 0.0048757799283615467 -0.03574787527550205 -0.03282809277952195 -0.0064078019888951527 -0.0048697267643753612 0.051302611465187047
leaf_weight=375.85767137631774 19.494934618473053 7.2737590521574012 93.348320230841637 30.53876568749547 125.57440279237926 17.253680491819978 26.475094663910568 51.396911662071943 34.017653070390224 467.11641924642026 56.967150030657649
leaf_count=4263 139 33 658 165 1210 176 2365 440 273 3885 515
internal_value=-0.000300024 0.00552112 0.00231774 -0.027095 0.0096241 0.0304444 -0.00714529 -0.005172 0.018056 -0.00769892 0.0407183
internal_weight=1305.31 706.814 625.319 123.887 501.432 81.4946 598.501 572.026 53.5126 518.513 74.2208
internal_count=14122 7020 6296 823 5473 724 7102 4737 412 4325 691
cat_boundaries=0 1 2
cat_threshold=7 40
is_linear=0
shrinkage=0.05


Tree=101
num_leaves=15
num_cat=2
split_feature=0 43 43 44 1 43 4 42 4 32 25 21 40 44
split_gain=18.5964 26.4839 38.4562 20.9326 19.4923 18.7161 18.6356 21.6864 17.6418 25.4914 15.264 14.8543 14.2803 12.8745
threshold=0 13.550000000000002 11.900000000000002 41.95000000000001 1 43.800000000000004 0.94978112945126536 3.5000000000000004 0.65883702558178847 27.103274000000003 5.1687500000000011 24.950000000000003 13.250000000000002 31.150000000000002
decision_type=1 2 2 2 1 2 2 2 2 2 2 2 2 2
left_child=1 2 3 -1 8 13 10 -8 9 -2 -6 -4 -10 -3
right_child=4 5 11 -5 6 -7 7 -9 12 -11 -12 -13 -14 -15
leaf_value=0.014412108314787887 -0.0047592422789742607 -0.012949711777264629 -0.072648939797163997 -0.019031489771271611 -0.071763873183587665 -0.035085643693529532 0.058120897786608484 -0.011354906738253713 -0.00058617478386408287 0.022664057825360961 -0.014917992970250458 0.010473157503118549 -0.032865252362892929 0.032941240546978216
leaf_weight=169.5963420458138 175.29369347449392 16.569535750895739 23.002116380259398 63.516605328768492 11.356358459219335 11.797123931348322 17.889208159409463 27.065552163403481 95.403719711583108 162.52950952015817 320.35302122728899 6.6278769895434371 52.498128985986114 142.782330641523
leaf_count=1725 1831 204 160 421 132 73 177 351 913 1446 4017 47 521 2052
internal_value=-0.000171288 0.00815213 -0.00164188 0.00525732 -0.004407 0.0235834 -0.0129785 0.0169553 0.00216237 0.00846228 -0.017074 -0.0543206 -0.0121875 0.0281185
internal_weight=1296.28 433.892 262.743 233.113 862.389 171.149 376.664 44.9548 485.725 337.823 331.709 29.63 147.902 159.352
internal_count=14070 4682 2353 2146 9388 2329 4677 528 4711 3277 4149 207 1434 2256
cat_boundaries=0 1 2
cat_threshold=5 1
is_linear=0
shrinkage=0.05


Tree=102
num_leaves=10
num_cat=0
split_feature=35 40 34 38 36 44 39 8 13
split_gain=19.6588 18.4388 41.915 22.3419 21.0899 52.2362 28.8371 14.3513 4.92172
threshold=58.401786000000008 0.45000000000000007 20.550000000000004 11.2630955 96.500000000000014 34.000000000000007 18.950000000000003 31.850000000000005 11.172917000000002
decision_type=2 2 2 2 2 2 2 2 2
left_child=8 2 7 -4 5 -3 -6 -2 -1
right_child=1 4 3 -5 6 -7 -8 -9 -10
leaf_value=-0.072174620393674185 0.028021301389011401 -0.059401316866095094 0.050800153035922203 -0.018824189040163759 -0.0067417682593029112 -0.0037949926537638695 0.012161456318666232 -0.058851774112505743 -0.001371201679819428
leaf_weight=10.723142630420623 5.7379003306850818 47.541905898135155 63.84302581474185 13.463253244757651 377.5273335869424 326.34001925215125 431.15697396919131 17.347487246617675 3.1539934957399955
leaf_count=100 91 368 587 133 4528 2992 5071 190 32
internal_value=-0.000110185 0.000552049 0.0210155 0.0385892 -0.00120145 -0.0110053 0.00333922 -0.0369924 -0.0572563
internal_weight=1296.84 1282.96 100.392 77.3063 1182.57 373.882 808.684 23.0854 13.8771
internal_count=14092 13960 1001 720 12959 3360 9599 281 132
is_linear=0
shrinkage=0.05


Tree=103
num_leaves=9
num_cat=1
split_feature=0 33 44 2 4 34 4 32
split_gain=17.7461 17.2064 28.1199 44.839 21.8089 7.14763 6.19541 2.62462
threshold=0 36.850000000000001 46.600000000000001 6.5000000000000009 0.96904697354198299 25.850000000000005 0.98667101781630184 30.676786000000003
decision_type=1 2 2 2 2 2 2 2
left_child=-1 2 4 -4 -2 6 -3 -7
right_child=1 5 3 -5 -6 7 -8 -9
leaf_value=-0.035227525958932686 0.003323271075299665 0.021177586527785786 -0.07668079762910085 -0.004117486186559014 -0.021388591171847934 -0.033844205053906652 0.059455313739196436 0.008158452532134812
leaf_weight=25.235466453712434 993.07329225726426 35.055385930463672 29.893214294686913 68.880932496860623 97.094264401122928 3.4383676089346435 15.540100105106829 21.995868496596813
leaf_count=2342 9362 355 174 668 714 45 146 285
internal_value=-0.000730556 0.000261124 -0.00121953 -0.0266266 0.00110476 0.0231646 0.0338588 0.00141474
internal_weight=1290.21 1264.97 1188.94 98.7741 1090.17 76.0297 50.5955 25.4342
internal_count=14091 11749 10918 842 10076 831 501 330
cat_boundaries=0 1
cat_threshold=16
is_linear=0
shrinkage=0.05


Tree=104
num_leaves=9
num_cat=0
split_feature=22 20 36 34 33 36 33 4
split_gain=19.0543 21.2338 39.7614 34.9029 28.9703 29.5748 20.7756 18.4524
threshold=55.000000000000007 33.350000000000001 94.500000000000014 24.550000000000004 35.100000000000009 96.500000000000014 33.550000000000004 0.534952257794027
decision_type=2 2 2 2 2 2 2 2
left_child=-1 2 7 -4 6 -6 -3 -2
right_child=1 4 3 -5 5 -7 -8 -9
leaf_value=-0.073616972111933604 0.0036836207251713517 -0.03959382876382269 0.0028745370930178121 -0.025981142680523397 -0.0078824853628712676 0.037321002669668334 0.027492281182075834 -0.076970662595706521
leaf_weight=7.6966894315555683 9.5392925208434445 11.431483590975402 623.24573654262349 124.94256207533181 247.32756008533761 41.356883966363966 187.47748742997646 25.67265024734661
leaf_count=65 76 97 7908 1028 2324 492 1820 217
internal_value=0.000141208 0.000645385 -0.00445169 -0.00197242 0.00882703 -0.00130016 0.023458 -0.0556222
internal_weight=1278.69 1270.99 783.4 748.188 487.593 288.684 198.909 35.2119
internal_count=14027 13962 9229 8936 4733 2816 1917 293
is_linear=0
shrinkage=0.05


Tree=105
num_leaves=9
num_cat=1
split_feature=0 39 44 37 34 33 4 2
split_gain=17.8262 18.0669 26.5855 25.3158 22.764 9.99392 7.0386 5.13829
threshold=0 15.050000000000002 30.400000000000002 57.500000000000007 20.250000000000004 33.95000000000001 0.878110924644389 8.5000000000000018
decision_type=1 2 2 2 2 2 2 2
left_child=-1 3 5 6 -4 -3 -2 -5
right_child=1 2 4 7 -6 -7 -8 -9
leaf_value=-0.034961580255734502 0.012243256701393397 0.018528932032956708 -0.048699049843571436 -0.070160309818920255 0.0016325575487259039 0.060922451193531735 -0.05288949528043782 -0.027380446090028873
leaf_weight=24.652411078102887 34.340165168046951 39.964341433718801 21.931311247870326 20.109106995165348 1104.0500303283334 21.538909990340471 3.7060111146420232 13.467735353857277
leaf_count=2369 374 480 216 152 10121 180 28 179
internal_value=-9.36853e-05 0.000886619 0.00237233 -0.0233173 0.000609881 0.0341126 0.00470674 -0.0542894
internal_weight=1283.76 1259.11 1187.48 71.623 1125.98 61.5033 38.0462 33.5768
internal_count=14099 11730 10997 733 10337 660 402 331
cat_boundaries=0 1
cat_threshold=16
is_linear=0
shrinkage=0.05


Tree=106
num_leaves=15
num_cat=1
split_feature=0 34 34 36 36 5 36 32 40 32 4 44 35 40
split_gain=20.3068 22.6362 30.6174 32.2388 25.6944 12.2031 17.0733 13.3641 11.7553 14.4249 11.8911 7.02162 18.0893 5.18637
threshold=0 25.250000000000004 24.550000000000004 96.500000000000014 98.500000000000014 -0.76696334127844745 97.500000000000014 27.052083000000003 0.55000000000000016 28.295238000000001 0.99374995976406788 34.400000000000013 81.154761500000021 93.750000000000014
decision_type=1 2 2 2 2 2 2 2 2 2 2 2 2 2
left_child=1 2 3 -1 -4 6 13 -8 9 -7 -10 12 -3 -2
right_child=5 11 4 -5 -6 8 7 -9 10 -11 -12 -13 -14 -15
leaf_value=-0.0052445201122911954 -0.036554250040972763 -0.077707774581841541 -0.0057616554064352518 0.020275648699785043 -0.056986376472085001 0.023997185191004872 -0.015589244353275425 0.022713026617374718 -0.017007599447420692 -0.034271846361307909 0.020602000192234477 0.049465886487645418 0.051219600276745159 0.0029220807369761443
leaf_weight=217.56149127334356 25.801743967458606 3.4607912600040418 114.30598612874746 284.97721136175096 30.251103281974792 42.346491315867752 29.093805553857237 94.795681908261031 341.26811577845365 13.117893124930559 21.565164286643267 35.846996119245887 5.9746298044919968 11.862785814795641
leaf_count=1440 349 15 695 4166 162 478 313 974 4324 136 282 481 48 137
internal_value=3.74356e-06 0.00574393 0.00340518 0.00923886 -0.0167992 -0.00682978 0.00470329 0.0136654 -0.0114475 0.00985307 -0.0147218 0.0396105 0.00101573 -0.0243668
internal_weight=1272.23 692.378 647.096 502.539 144.557 579.852 161.554 123.889 418.298 55.4644 362.833 45.2824 9.43542 37.6645
internal_count=14000 7007 6463 5606 857 6993 1773 1287 5220 614 4606 544 63 486
cat_boundaries=0 1
cat_threshold=7
is_linear=0
shrinkage=0.05


Tree=107
num_leaves=15
num_cat=3
split_feature=0 39 39 4 44 37 1 0 32 7 34 43 33 17
split_gain=19.507 19.9844 32.7448 36.0335 29.4509 24.7333 18.9852 15.0602 15.3009 14.2942 13.0372 15.8468 9.51894 5.21762
threshold=0 25.250000000000004 23.550000000000004 0.97314989601849466 34.400000000000013 25.500000000000004 1 2 27.082143000000006 30.445833500000003 24.550000000000004 21.950000000000003 33.95000000000001 46.600000000000001
decision_type=1 2 2 2 2 2 1 1 2 2 2 2 2 2
left_child=1 2 4 -4 -1 -3 7 9 -9 -2 11 -8 -12 -7
right_child=6 5 3 -5 -6 13 10 8 -10 -11 12 -13 -14 -15
leaf_value=-0.0082365249898593527 0.0036122989476515392 -0.059708699268463894 -0.0044465298970017058 -0.081803005462448453 0.024222935290730566 0.057551224469421382 -0.0022652606230459567 -0.046612000739127336 -0.0025939566035236856 0.052912730188069926 -0.055340542006836926 -0.028268586814382116 -0.01776721957447186 0.009560185298264634
leaf_weight=114.03017488494515 378.33788632228971 4.9576933383941642 56.946118354797363 19.526260931044817 177.86004140600562 36.287875225767493 220.99230922712013 30.105976171791553 54.388857720419765 14.309209775179623 27.753150633536279 78.827244468033314 44.421008143573999 7.2047358043491831
leaf_count=1342 2230 24 428 107 2275 404 2693 952 1396 103 336 1056 601 60
internal_value=-0.00098976 0.00775333 0.00392107 -0.0249995 0.0115575 0.037789 -0.00531422 0.00122714 -0.0166877 0.00540158 -0.0138278 -0.00917319 -0.0327741 0.0499949
internal_weight=1265.95 416.813 368.363 76.4724 291.89 48.4503 849.136 477.142 84.4948 392.647 371.994 299.82 72.1742 43.4926
internal_count=14007 4640 4152 535 3617 488 9367 4681 2348 2333 4686 3749 937 464
cat_boundaries=0 1 2 3
cat_threshold=5 1 34
is_linear=0
shrinkage=0.05


Tree=108
num_leaves=6
num_cat=1
split_feature=0 22 42 34 36
split_gain=16.8561 17.1493 18.0626 31.5057 30.4026
threshold=0 55.000000000000007 2.5000000000000004 20.550000000000004 94.500000000000014
decision_type=1 2 2 2 2
left_child=-1 -2 3 -3 -4
right_child=1 2 4 -5 -6
leaf_value=-0.034275941908273357 -0.071651541971570809 -0.022398157598369002 -0.018287104590626383 0.029862425759323921 0.0034462118425892538
leaf_weight=23.191799036692828 7.0003153774887314 36.989411655813456 195.99413558654487 120.68356380611658 877.64964131265879
leaf_count=2357 51 419 1512 1026 8675
internal_value=0.000366923 0.00130887 0.0017921 0.0175384 -0.00053454
internal_weight=1261.51 1238.32 1231.32 157.673 1073.64
internal_count=14040 11683 11632 1445 10187
cat_boundaries=0 1
cat_threshold=16
is_linear=0
shrinkage=0.05


Tree=109
num_leaves=10
num_cat=0
split_feature=35 20 36 34 33 2 33 5 13
split_gain=17.8356 17.6722 34.2274 32.7451 26.9594 26.3434 22.3768 16.8805 4.1484
threshold=58.401786000000008 33.350000000000001 95.500000000000014 24.550000000000004 35.100000000000009 1.5000000000000002 33.550000000000004 -0.26867065956352881 11.172917000000002
decision_type=2 2 2 2 2 2 2 2 2
left_child=8 2 7 -4 6 -6 -3 -2 -1
right_child=1 4 3 -5 5 -7 -8 -9 -10
leaf_value=-0.069280056140398547 -0.0045439948686948287 -0.04527136540214223 0.0034913471558953336 -0.026001516394441305 -0.079830076539779318 0.0010731888605787726 0.026030613735449983 -0.060777979925977776 -0.0058944223517352554
leaf_weight=10.330276536755262 20.901789618190378 10.78148919623345 604.24496672581881 110.44456763938069 9.4459381913766247 273.09213093528524 190.40624052099884 36.773102478124201 3.5995009448379269
leaf_count=104 165 94 7784 925 63 2721 1841 342 35
internal_value=-6.50384e-05 0.000580236 -0.00411178 -0.0010963 0.00806499 -0.00190362 0.0220046 -0.0408232 -0.0543929
internal_weight=1270.02 1256.09 772.364 714.69 483.726 282.538 201.188 57.6749 13.9298
internal_count=14074 13935 9216 8709 4719 2784 1935 507 139
is_linear=0
shrinkage=0.05


Tree=110
num_leaves=13
num_cat=2
split_feature=0 22 20 4 39 34 2 1 4 40 37 32
split_gain=16.5288 15.0088 15.7146 38.7188 23.6255 6.8671 26.6581 22.0926 11.3965 6.44995 10.019 4.42224
threshold=0 55.000000000000007 33.350000000000001 0.35846314187849704 22.950000000000003 23.750000000000004 10.500000000000002 1 0.99700008544936913 0.8500000000000002 29.500000000000004 29.308928500000004
decision_type=1 2 2 2 2 2 2 1 2 2 2 2
left_child=5 -2 3 -3 -4 9 8 -8 -7 10 -1 -11
right_child=1 2 4 -5 -6 6 7 -9 -10 11 -12 -13
leaf_value=-0.04098214533829185 -0.068514647004745119 0.0049664107192682926 0.019547710732074272 -0.02194980719633427 -0.0044144176936554494 -0.014377979186921519 0.23073599297409231 -0.027708567668231016 0.087115033590007218 -0.036675409135668052 0.034214915802039551 0.025294054476187679
leaf_weight=6.8339180061593678 6.5350682586431494 480.84157695248723 251.68956947699189 183.88723459281027 172.96602412126958 82.654433123301715 1.118525017052888 1.0415997914969921 1.8732387665659178 58.030392550397664 9.1955537884496135 2.3534053480252615
leaf_count=212 43 4924 2017 1257 1141 2173 23 23 64 1950 214 21
internal_value=-0.000462308 0.00179784 0.00229857 -0.00250134 0.00980028 -0.0147764 -0.00593274 0.136783 -0.0111365 -0.0265116 0.00163183 -0.0338875
internal_weight=1259.02 1095.92 1089.38 664.729 424.656 163.101 86.6878 2.16012 84.5277 76.4133 16.0295 60.3838
internal_count=14062 9382 9339 6181 3158 4680 2283 46 2237 2397 426 1971
cat_boundaries=0 1 2
cat_threshold=24 1
is_linear=0
shrinkage=0.05


Tree=111
num_leaves=15
num_cat=2
split_feature=0 4 33 44 1 44 4 39 5 5 5 34 21 44
split_gain=17.8752 22.5526 19.2521 38.5234 18.07 17.3409 16.8459 11.8267 11.0609 9.17392 5.34724 13.66 3.37164 0.388222
threshold=0 1.0000000180025095e-35 36.850000000000001 46.250000000000007 1 44.100000000000001 0.63257020223555627 14.65 -0.11692317777808839 -0.98212955754013376 -0.10837475778693634 23.950000000000003 22.450000000000003 44.45000000000001
decision_type=1 2 2 2 1 2 2 2 2 2 2 2 2 2
left_child=1 10 3 -3 5 6 -2 12 -9 -7 11 -1 -6 -12
right_child=4 2 -4 -5 7 9 -8 8 -10 -11 13 -13 -14 -15
leaf_value=-0.0073996100272469001 0.013365083064049266 0.0032468888086295759 0.050951120413812029 -0.07433906124217611 -0.019398569534777081 0.04940050398353215 -0.0085702802046147761 -0.01952968058898286 -0.0019403954690941595 -0.023782633993744532 0.049726641575357243 0.038695189069339053 -0.071998379282150457 0.01343233852430876
leaf_weight=25.275631908327341 268.4031398864463 286.0538519769907 17.887335602194071 15.943799570202826 5.6629512356594196 3.6287024766206732 128.82813002122566 177.89956643665209 179.10572967026383 72.279568780213594 25.918104112148288 41.841679634526372 9.4195563429966551 1.6733552981168021
leaf_count=526 2672 2200 324 74 76 36 1298 2245 2279 676 948 534 135 67
internal_value=-0.000219214 0.00815935 0.00197821 -0.00108105 -0.00437846 0.00205385 0.00624745 -0.0126586 -0.0107354 -0.0196874 0.0296503 0.0214826 -0.0546832 0.0480723
internal_weight=1259.82 414.594 319.885 301.998 845.227 473.14 397.231 372.088 357.005 75.9083 94.7088 67.1173 15.0825 27.5915
internal_count=14090 4673 2598 2274 9417 4682 3970 4735 4524 712 2075 1060 211 1015
cat_boundaries=0 1 2
cat_threshold=5 1
is_linear=0
shrinkage=0.05


Tree=112
num_leaves=10
num_cat=0
split_feature=43 43 13 43 36 21 43 37 13
split_gain=16.5159 24.8648 17.6713 27.5528 26.9195 15.8291 9.55131 2.02695 0.133181
threshold=43.800000000000004 35.600000000000001 7.7812500000000009 3.5500000000000003 89.500000000000014 25.350000000000005 36.250000000000007 61.500000000000007 7.2833335000000003
decision_type=2 2 2 2 2 2 2 2 2
left_child=1 2 4 -4 -1 -2 -3 -8 -7
right_child=5 6 3 -5 -6 8 7 -9 -10
leaf_value=-0.055066198920002078 -0.063672591396680259 0.084391496236521965 0.0072814695252691967 -0.013007289710989387 0.0093231144080210115 0.026554445642025484 0.040644649566589752 0.011973196534452734 0.0085483692638267782
leaf_weight=15.831872396636752 17.781300904229287 8.8374268282204849 268.68673704331741 440.41023176442832 464.38522725366056 4.2580163078382602 10.896321345586331 15.387334101833401 2.9464616291224957
leaf_count=130 147 81 2802 4705 5806 39 132 170 33
internal_value=9.72222e-05 0.000933598 -0.000307366 -0.00532017 0.0070903 -0.0393482 0.0418018 0.0249135 0.0211299
internal_weight=1249.42 1224.44 1189.31 709.097 480.217 24.9858 35.1211 26.2837 7.20448
internal_count=14045 13826 13443 7507 5936 219 383 302 72
is_linear=0
shrinkage=0.05


Tree=113
num_leaves=15
num_cat=1
split_feature=0 34 34 36 4 36 39 44 5 4 4 36 5 32
split_gain=15.9027 20.6977 27.3489 33.373 22.3815 14.3496 15.8921 19.5045 17.2582 10.3461 7.5422 6.75951 15.9459 2.71948
threshold=0 25.250000000000004 24.550000000000004 96.500000000000014 0.17646842360078757 98.500000000000014 21.250000000000004 42.650000000000006 -0.98801846520836334 -0.85227431625818906 0.99466373373798567 97.500000000000014 -0.70289845916694649 31.130655000000001
decision_type=1 2 2 2 2 2 2 2 2 2 2 2 2 2
left_child=1 2 3 -1 -4 9 8 -8 -7 -2 -11 13 -13 -3
right_child=5 11 4 -5 -6 6 7 -9 -10 10 -12 12 -14 -15
leaf_value=-0.0064384111132602707 -0.060594084989972957 0.053281093624406764 0.013804151826703852 0.019832353382749586 -0.029294320878790681 0.047646232520536833 0.035016216112792965 -0.017481325736382388 -0.0098583001608633508 -0.014147508270332166 0.022684117011134642 0.048662564903709751 -0.073800520854248389 0.0031560970844402448
leaf_weight=214.54422265663743 10.617124182172118 29.873866461217403 42.202735796570778 274.80730701051652 100.10913546383381 13.006706377491353 59.369127806276083 24.308381381910294 191.8789673242718 265.04882958438247 13.788398216012864 5.7245581671595573 3.3957394659519178 3.1088314447551957
leaf_count=1458 157 380 257 4166 598 118 609 300 2220 3439 195 64 15 80
internal_value=-0.000253536 0.00493217 0.00271329 0.00832494 -0.0165063 -0.00627318 0.00151049 0.0197393 -0.00599406 -0.0142273 -0.0122516 0.0385307 0.000279279 0.0487884
internal_weight=1251.78 673.766 631.663 489.352 142.312 578.018 288.563 83.6775 204.886 289.454 278.837 42.103 9.1203 32.9827
internal_count=14056 7018 6479 5624 855 7038 3247 909 2338 3791 3634 539 79 460
cat_boundaries=0 1
cat_threshold=7
is_linear=0
shrinkage=0.05


Tree=114
num_leaves=15
num_cat=1
split_feature=42 37 34 5 36 39 39 38 7 39 34 1 2 9
split_gain=16.7513 41.3861 28.2098 31.8609 31.7446 25.3629 35.6569 34.7848 20.082 14.5108 10.4468 7.12709 5.99271 0.521525
threshold=3.5000000000000004 29.500000000000004 21.050000000000004 0.97263757644091864 96.500000000000014 19.550000000000004 23.550000000000004 7.0270830000000002 28.256250000000005 19.250000000000004 21.950000000000003 0 2.5000000000000004 23.550000000000004
decision_type=2 2 2 2 2 2 2 2 2 2 2 1 2 2
left_child=2 12 4 8 9 7 -7 -3 -4 -1 -5 -6 13 -2
right_child=1 5 3 10 11 6 -8 -9 -10 -11 -12 -13 -14 -15
leaf_value=0.017956990766606274 -0.026456967720861747 0.0029169246240319381 0.052192840512804928 -0.069045809377510203 0.041624289365531253 0.015249248981036502 -0.010886981742784532 -0.026030860328772838 0.01539450508779123 -0.058155262369651656 0.021127475355500525 -0.0042134893614584803 -0.084277375356264561 0.0046086894776996871
leaf_weight=7.2009409265592685 3.271264951676133 217.79039745638147 57.009968531318009 11.045885179657487 17.94935220759362 347.45534768607467 207.73841262189671 196.92243068711832 106.44163863081485 32.615632984321564 3.8457383094355455 15.044725315645335 16.430523217190057 1.5937730697914956
leaf_count=76 45 2873 555 133 232 4177 2022 2067 1127 365 53 227 119 20
internal_value=-0.000142301 -0.00306671 0.0113655 0.0220381 -0.0147203 -0.00151688 0.00546779 -0.0108582 0.0284687 -0.0442874 -0.0458946 0.021214 -0.0704198 -0.0172294
internal_weight=1242.36 991.202 251.154 178.343 72.8107 969.907 555.194 414.713 163.452 39.8166 14.8916 32.9941 21.2956 4.86504
internal_count=14091 11323 2768 1868 900 11139 6199 4940 1682 441 186 459 184 65
cat_boundaries=0 1
cat_threshold=1
is_linear=0
shrinkage=0.05


Tree=115
num_leaves=15
num_cat=0
split_feature=26 34 40 40 20 4 39 32 20 43 25 37 5 36
split_gain=15.9647 26.767 21.1007 46.3288 29.5117 27.88 26.3072 24.0909 17.7814 14.0157 13.9378 10.0917 15.2458 11.0322
threshold=15.050000000000002 23.850000000000005 32.850000000000009 14.050000000000002 32.550000000000004 0.37446826358596375 24.950000000000003 27.689583000000002 32.95000000000001 14.350000000000003 6.7229165000000011 59.500000000000007 -0.21022037796396445 94.500000000000014
decision_type=2 2 2 2 2 2 2 2 2 2 2 2 2 2
left_child=1 11 3 6 7 -5 -2 -4 -3 -6 -10 13 -13 -1
right_child=2 8 4 5 9 -7 -8 -9 10 -11 -12 12 -14 -15
leaf_value=-0.061876761734213331 -0.0038843432954394001 -0.04965154206271806 0.0074041375676282203 0.0020388031297379644 0.061292534420537718 -0.052391566758406366 0.025252396036855154 -0.037052874418430332 0.036999718044394607 0.021010304355474251 -0.037114867263272656 -0.051445067816919987 0.0046746345484485327 0.017824013822889929
leaf_weight=3.6466897428035727 333.31419029366225 57.572545547969639 357.30964167322963 35.342205722350627 31.04601545445621 68.936704217921942 99.853056172840297 32.313293277285993 12.33356395410374 72.140555374789983 11.102159647271035 17.704364416655153 33.869857451878488 72.135093964636326
leaf_count=28 3556 592 4546 402 288 627 964 274 119 764 100 203 560 1009
internal_value=-5.611e-05 -0.0126442 0.00249957 -0.0043492 0.00996236 -0.0340999 0.00287491 0.00363169 -0.0349239 0.0336021 0.00180752 0.00168902 -0.0152022 0.0132328
internal_weight=1238.62 208.364 1030.26 537.446 492.81 104.279 433.167 389.623 81.0083 103.187 23.4357 127.356 51.5742 75.7818
internal_count=14032 2611 11421 5549 5872 1029 4520 4820 811 1052 219 1800 763 1037
is_linear=0
shrinkage=0.05


Tree=116
num_leaves=12
num_cat=2
split_feature=0 32 5 44 43 0 5 43 43 39 20
split_gain=16.715 18.2613 22.493 47.8555 42.0669 9.82075 9.82301 14.4945 12.0973 6.42005 3.84434
threshold=0 29.595238000000005 0.24997576770840005 41.600000000000001 17.900000000000002 1 -0.6905596507703472 21.550000000000004 10.100000000000001 20.250000000000004 36.650000000000013
decision_type=1 2 2 2 2 1 2 2 2 2 2
left_child=1 2 4 -4 -1 6 8 -8 -2 10 -3
right_child=5 9 3 -5 -6 -7 7 -9 -10 -11 -12
leaf_value=-0.019369394327731351 -0.043179975380364471 0.032296286880387735 0.02653092654714255 -0.028128706075820617 0.013357056186885433 -0.033725592430808291 -0.0047412248062848389 -0.028933369154021605 0.0084315810296560056 0.052767473235826125 -0.054576106281788384
leaf_weight=212.57881833799183 11.235921332612632 1.4434596896171599 189.42071658466011 49.82909369468689 180.8167710583657 22.088403606321663 305.61189967952669 76.830794332548976 158.10044891014695 24.048982083797455 1.8066602312028406
leaf_count=1644 121 20 2456 321 2119 2354 2614 732 1236 403 33
internal_value=-0.000685928 0.00471192 0.0030205 0.0150771 -0.00433158 -0.00685357 -0.00513968 -0.00966409 0.00477362 0.044083 -0.0174729
internal_weight=1233.81 659.945 632.645 239.25 393.396 573.867 551.779 382.443 169.336 27.2991 3.25012
internal_count=14053 6996 6540 2777 3763 7057 4703 3346 1357 456 53
cat_boundaries=0 1 2
cat_threshold=7 40
is_linear=0
shrinkage=0.05


Tree=117
num_leaves=15
num_cat=2
split_feature=26 34 26 20 34 0 25 38 36 0 24 24 26 22
split_gain=15.8617 24.8434 20.6857 17.885 17.7304 17.609 12.4565 12.3221 9.83761 12.134 5.49592 5.08524 4.58759 3.95292
threshold=15.050000000000002 23.850000000000005 15.950000000000001 32.95000000000001 20.250000000000004 0 6.7229165000000011 8.3339285000000007 94.500000000000014 1 62.500000000000007 45.500000000000007 16.450000000000003 86.51388900000002
decision_type=2 2 2 2 2 1 2 2 2 1 2 2 2 2
left_child=1 8 7 10 12 -6 -5 13 -1 -10 -3 -9 -4 -2
right_child=2 3 4 6 5 -7 -8 11 9 -11 -12 -13 -14 -15
leaf_value=-0.063616804722206266 0.028749844511228868 -0.059213870814900108 0.016486698253848891 0.035833309627732256 -0.015246700115994586 0.004498459215262679 -0.036446447083136428 0.017405612334264936 0.02936433989218569 -0.0045512240329685085 -0.024722057212830911 -0.042634510467495029 -0.056714356938033242 0.061306012738305798
leaf_weight=4.4996833004988721 57.787581683136523 38.425013371743262 2.0132452026009586 12.569640693254771 120.35121722542681 802.17457358911633 9.6408965890295786 5.4261977956630272 24.826886933296919 94.218120402190834 19.465068958699703 7.214826206676662 15.368653580080716 11.732373129110782
leaf_count=33 733 357 30 121 3409 6707 92 78 576 1158 247 98 197 153
internal_value=0.000399676 -0.0123078 0.00294117 -0.0338101 0.00082548 0.00179244 0.00424041 0.0268434 0.00179285 0.00477456 -0.048233 -0.0174755 -0.0478002 0.0350355
internal_weight=1225.71 203.645 1022.07 80.1006 939.908 922.526 22.2105 82.161 123.545 119.045 57.8901 12.641 17.3819 69.52
internal_count=13989 2584 11405 817 10343 10116 213 1062 1767 1734 604 176 227 886
cat_boundaries=0 1 2
cat_threshold=24 5
is_linear=0
shrinkage=0.05


Tree=118
num_leaves=7
num_cat=1
split_feature=35 0 14 43 6 25
split_gain=16.077 14.9406 13.4809 23.7922 22.1516 1.96073
threshold=58.401786000000008 0 14.65 27.950000000000006 27.000000000000004 11.137500000000001
decision_type=2 1 2 2 2 2
left_child=5 -2 4 -4 -3 -1
right_child=1 2 3 -5 -6 -7
leaf_value=-0.065218251479989053 -0.033075991053020871 -0.00029478064028498749 0.0019274412984434126 0.02720261476381769 -0.030912936794310064 -0.013598778716825275
leaf_weight=9.2822920302860421 20.885874662781134 311.13293104153126 708.57105437107384 106.22771601192653 71.922732184641063 2.9995770025998345
leaf_count=99 2332 3367 6507 1081 692 29
internal_value=0.000128752 0.000724423 0.00160339 0.00525195 -0.00610918 -0.0545844
internal_weight=1231.02 1218.74 1197.85 814.799 383.056 12.2819
internal_count=14107 13979 11647 7588 4059 128
cat_boundaries=0 1
cat_threshold=16
is_linear=0
shrinkage=0.05


Tree=119
num_leaves=11
num_cat=2
split_feature=37 39 39 4 39 4 0 0 5 13
split_gain=14.8101 17.3121 35.334 46.5931 30.8894 19.6956 8.60391 8.5403 8.33021 0.14182
threshold=25.500000000000004 25.250000000000004 23.550000000000004 0.96465729447553372 20.750000000000004 -0.35846811432664222 0 1 -0.15101602693478736 13.581250000000002
decision_type=2 2 2 2 2 2 1 1 2 2
left_child=8 2 4 -4 -2 6 -3 -7 9 -1
right_child=1 5 3 -5 -6 7 -8 -9 -10 -11
leaf_value=-0.0011298788671391547 -0.0040242589327317765 0.01648830030519342 -0.0067211243639026148 -0.066271170910847624 0.01540839359460705 0.040366386543970033 -0.029289966199644524 0.0064115314818592832 -0.059358197292650988 0.013247449016394717
leaf_weight=2.5003164075315025 604.79698177287355 9.5919164009392244 126.94923360599205 43.442665749695152 307.74353200616315 50.43304153624922 18.986974018625919 49.998985411599278 15.122125017456709 3.6045392388477921
leaf_count=41 7225 117 1207 313 3686 504 237 511 168 57
internal_value=-4.349e-05 0.000697694 -0.00137082 -0.0222019 0.00253887 0.017938 -0.0182154 0.0283039 -0.0404885 0.0080288
internal_weight=1233.17 1211.94 1082.93 170.392 912.541 129.011 28.5789 100.432 21.227 6.10486
internal_count=14066 13800 12431 1520 10911 1369 354 1015 266 98
cat_boundaries=0 1 2
cat_threshold=5 7
is_linear=0
shrinkage=0.05


Tree=120
num_leaves=15
num_cat=1
split_feature=33 37 44 40 38 35 39 34 24 4 0 36 25 39
split_gain=14.8618 20.7639 57.4273 24.7938 23.8717 22.9501 17.44 7.96168 5.65199 3.23217 2.82145 4.3267 3.81512 1.8326
threshold=36.850000000000001 32.500000000000007 41.600000000000001 0.55000000000000016 11.120238000000002 69.601190500000016 27.100000000000005 25.850000000000005 29.500000000000004 0.97112537654464559 0 89.500000000000014 8.7194445000000034 15.250000000000002
decision_type=2 2 2 2 2 2 2 2 2 2 1 2 2 2
left_child=1 2 5 13 -5 -1 -4 8 -2 -10 12 -12 -9 -3
right_child=7 3 6 4 -6 -7 -8 10 9 -11 11 -13 -14 -15
leaf_value=0.008444910489786529 0.0076499162499367368 0.0049051354594040961 -0.077596358844626998 -0.0032164705227629396 0.021401182951062119 -0.061977731421408382 -0.012139874718424881 -0.034434613134295536 0.020524482356218576 0.055323020889630252 0.0094913643898367917 -0.040088615879434436 0.040547744222774774 0.053596994858134663
leaf_weight=111.63328121579252 16.375990188680589 2.3379362560808685 38.788840258261189 829.2704904214479 110.72765278164297 11.893834890332071 14.235349684022365 1.3094917610287646 11.933397712651638 21.536423075944185 7.3776404508389595 8.8602433558553439 7.446605795994401 22.47244774736464
leaf_count=1139 154 32 324 9827 1164 131 116 23 185 262 89 114 179 262
internal_value=-0.000437917 -0.00186052 -0.0175745 0.00103021 -0.000296958 0.001221 -0.0605733 0.0209963 0.0323558 0.0438713 -0.00203139 -0.011593 0.0133105 0.0493765
internal_weight=1216.2 1141.36 176.551 964.809 939.998 123.527 53.0242 74.8398 49.8458 33.4698 24.994 16.2379 8.7561 24.8104
internal_count=14001 12995 1710 11285 10991 1270 440 1006 601 447 405 203 202 294
cat_boundaries=0 1
cat_threshold=7
is_linear=0
shrinkage=0.05


Tree=121
num_leaves=15
num_cat=1
split_feature=0 43 43 39 43 8 10 34 5 20 39 43 20 30
split_gain=14.8228 21.946 33.701 20.6025 19.3299 15.9205 19.3246 16.0901 14.2744 13.4893 9.70509 6.58646 6.08198 2.84791
threshold=0 17.900000000000002 17.600000000000005 24.950000000000003 43.800000000000004 30.450000000000003 85.395833500000023 21.550000000000004 -0.5129677127369543 33.350000000000001 18.750000000000004 21.950000000000003 33.350000000000001 14.250000000000002
decision_type=1 2 2 2 2 2 2 2 2 2 2 2 2 2
left_child=1 2 3 -1 10 7 9 -2 -8 -7 -3 -9 -6 -4
right_child=5 4 13 -5 12 6 8 11 -10 -11 -12 -13 -14 -15
leaf_value=-0.0023846091247521841 0.022587382093273267 0.015376098587053437 -0.10422932021525635 0.03303829070668287 -0.057878895035580413 -0.014861517403426498 0.024552567888967206 -0.012881998506761225 -0.004857624505175814 0.0015256078510990018 0.046985133573579953 -0.036812373146234423 0.021139692055091846 -0.038598741010366693
leaf_weight=221.71133148856461 18.944186419248581 44.332727942615747 6.2384095527231676 49.343693381175399 7.4225550368428213 222.80356610170566 109.19470418337733 53.924988514278084 65.491278775036335 285.76370462263003 56.713978305459023 64.803914617281407 2.8192244730889797 4.4522945582866669
leaf_count=2385 241 619 58 427 46 2629 1111 625 831 3129 1073 792 27 44
internal_value=-1.3318e-05 0.00784407 0.000591641 0.00416162 0.0267346 -0.00382901 -0.00073949 -0.0193221 0.0135615 -0.00566868 0.0334037 -0.0261419 -0.0361821 -0.0825362
internal_weight=1213.96 393.034 281.746 271.055 111.288 820.926 683.253 137.673 174.686 508.567 101.047 118.729 10.2418 10.6907
internal_count=14037 4679 2914 2812 1765 9358 7700 1658 1942 5758 1692 1417 73 102
cat_boundaries=0 1
cat_threshold=5
is_linear=0
shrinkage=0.05


Tree=122
num_leaves=15
num_cat=1
split_feature=0 34 34 36 4 11 31 33 4 38 5 36 5 5
split_gain=14.4512 17.2016 23.9852 29.2703 23.2502 10.0483 8.75245 8.04024 8.00464 18.8386 8.07352 6.45799 14.8551 5.16578
threshold=0 25.250000000000004 24.550000000000004 96.500000000000014 0.17646842360078757 98.500000000000014 29.000000000000004 31.650000000000002 0.99552231814189462 10.886607000000003 -0.85225707553516283 97.500000000000014 -0.70289845916694649 0.16587474750015926
decision_type=1 2 2 2 2 2 2 2 2 2 2 2 2 2
left_child=1 2 3 -1 -4 8 13 -8 10 -10 -2 -3 -13 -7
right_child=5 11 4 -5 -6 6 7 -9 9 -11 -12 12 -14 -15
leaf_value=-0.0061764901490497723 0.0019606422066706076 0.047613737110748892 0.016346724507524252 0.01894916414751191 -0.02885387931018446 -0.042789360724792523 -0.020423622009833182 0.02591314501582059 -0.052237496427958101 0.056512760139431711 -0.013973186850170955 0.047776891365932134 -0.069571517118662538 0.00079004988378003822
leaf_weight=202.7942009344697 102.33774235798046 29.851029554381967 39.496613040566444 268.36457393877208 95.995156656950712 9.2354548522271234 10.413910144008694 56.324335563462228 4.8519621072337058 11.922569034621118 351.73146263253875 5.6019446849822998 3.5593664646148664 20.15523781767115
leaf_count=1430 1176 457 249 4228 590 119 132 597 82 139 4545 67 16 232
internal_value=-0.000242691 0.0048365 0.00281214 0.00814451 -0.0156544 -0.00600459 0.00855652 0.0184879 -0.00911653 0.023888 -0.0103856 0.0366675 -0.000175336 -0.0138613
internal_weight=1212.64 645.663 606.651 471.159 135.492 566.973 96.1289 66.7382 470.844 16.7745 454.069 39.0123 9.16131 29.3907
internal_count=14059 7037 6497 5658 839 7022 1080 729 5942 221 5721 540 83 351
cat_boundaries=0 1
cat_threshold=7
is_linear=0
shrinkage=0.05


Tree=123
num_leaves=11
num_cat=2
split_feature=43 43 0 43 1 43 21 37 25 4
split_gain=14.7117 19.3941 15.524 19.4331 18.1955 10.6295 9.28913 2.17411 0.224183 0.181907
threshold=43.800000000000004 35.600000000000001 0 18.050000000000004 1 36.250000000000007 25.350000000000005 61.500000000000007 6.2256945000000004 0.59868201182722736
decision_type=2 2 1 2 1 2 2 2 2 2
left_child=1 2 3 -1 -4 -3 -2 -7 -8 -10
right_child=6 5 4 -5 -6 7 8 -9 9 -11
leaf_value=0.002288259338653897 -0.059792921002822463 0.085853953509581374 0.0027597522168564016 0.029591217798625155 -0.012587892660626042 0.038077621307765402 0.0195625278961831 0.0080306893433101448 0.010713594325936285 -0.0064924122981581643
leaf_weight=281.28447971399873 15.208030837355183 7.8638729946687809 438.78976755891927 83.903708411380649 343.5203587457072 9.7753869523294288 2.2640582947060457 15.260084649547933 1.8511578477919099 2.3676757030189037
leaf_count=2912 154 73 4467 1541 4483 129 21 168 19 28
internal_value=0.00036619 0.00113184 3.07094e-05 0.00839565 -0.00393676 0.0384043 -0.0395132 0.0207748 0.00969345 0.00166355
internal_weight=1202.09 1180.4 1147.5 365.188 782.31 32.8993 21.6909 25.0355 6.48289 4.21883
internal_count=13995 13773 13403 4453 8950 370 222 297 68 47
cat_boundaries=0 1 2
cat_threshold=5 1
is_linear=0
shrinkage=0.05


Tree=124
num_leaves=15
num_cat=1
split_feature=8 13 37 34 14 22 0 44 33 4 4 4 32 36
split_gain=14.5056 19.5768 38.4347 23.0369 17.6848 16.9398 16.6873 26.117 29.8104 28.9363 16.2611 13.7739 16.2359 13.6806
threshold=33.150000000000013 7.7812500000000009 62.500000000000007 23.850000000000005 14.850000000000003 88.291667000000004 0 45.20000000000001 36.95000000000001 0.97508442350096225 -0.85227431625818906 0.9962888416657264 28.1711305 95.500000000000014
decision_type=2 2 2 2 2 2 1 2 2 2 2 2 2 2
left_child=1 4 3 -3 13 -6 7 9 -9 -2 -4 12 -8 -1
right_child=6 2 10 -5 5 -7 11 8 -10 -11 -12 -13 -14 -15
leaf_value=-0.054343568557968042 0.033771685181804588 -0.0075191058897939277 -0.023975072768206734 -0.039777902733428461 0.02422447448343476 -0.04374381994437021 0.012969396066424964 -0.047534468509560182 0.049659297835886747 -0.015419794488453084 0.013997235485148696 0.041656151719861256 -0.020656530068820102 -0.00092293349680437793
leaf_weight=11.535925345728172 153.86402684077621 100.37209692597389 34.680039066821337 123.93179610744119 118.02699254569598 9.0241246665827912 54.480063625378534 27.429593905806541 10.006062457337974 36.42116155475378 133.96244121948257 13.757898311596362 101.26392416516319 273.50922727258876
leaf_count=121 1489 1214 591 1230 1422 118 616 155 144 322 1477 169 1298 3677
internal_value=-9.78737e-05 -0.00395489 -0.0119257 -0.0254401 0.00365598 0.0190929 0.00770936 0.0161199 -0.0209397 0.0243249 0.00609322 -0.00431086 -0.00888631 -0.00326732
internal_weight=1202.27 805.043 392.946 224.304 412.096 127.051 397.223 227.721 37.4357 190.285 168.642 169.502 155.744 285.045
internal_count=14043 9850 4512 2444 5338 1540 4193 2110 299 1811 2068 2083 1914 3798
cat_boundaries=0 1
cat_threshold=7
is_linear=0
shrinkage=0.05


Tree=125
num_leaves=15
num_cat=0
split_feature=6 5 8 44 26 10 37 6 20 27 35 38 32 21
split_gain=14.7562 24.7828 16.9564 18.4224 20.6261 16.891 15.8739 14.4508 18.1391 14.1261 12.7993 7.80796 7.14382 4.39476
threshold=2.5000000000000004 -0.92272482904738273 30.650000000000002 34.750000000000007 18.650000000000002 85.312500000000014 57.500000000000007 1.5000000000000002 35.250000000000007 27.450000000000003 82.568452500000021 11.730059500000001 26.930357000000004 23.950000000000003
decision_type=2 2 2 2 2 2 2 2 2 2 2 2 2 2
left_child=1 10 6 4 -4 -5 12 8 -3 -8 -1 -9 -2 -12
right_child=2 7 3 5 -6 -7 9 11 -10 -11 13 -13 -14 -15
leaf_value=0.014592683854826222 0.030960468612319006 0.010355538512794714 0.0018783819587089756 0.0058248398145110888 -0.038638438866439549 0.026499860875348925 -0.040093316547974808 -0.041087227663696185 -0.017404352047978602 -0.0076337307455262918 -0.01214329597565366 0.021625874441574301 -0.0079141885868390886 -0.080676331310506944
leaf_weight=4.9580215467140105 29.390164404641837 145.64520253590308 181.22479789168574 305.60268193180673 36.977022559847683 145.54779868200421 44.841442655306309 35.157626705942675 97.289710351731628 127.21014954033308 3.1116330050863352 5.114591807126998 18.783377342391759 18.161109825596213
leaf_count=46 423 1611 2267 3446 364 1822 593 349 944 1792 32 44 193 133
internal_value=-0.000451915 -0.00983867 0.00282063 0.00677901 -0.00513264 0.0125388 -0.00918672 -0.0054378 -0.000787418 -0.0162764 -0.0554091 -0.0327916 0.0159501 -0.0716471
internal_weight=1199.02 309.438 889.577 669.352 218.202 451.15 220.225 283.207 242.935 172.052 26.2308 40.2722 48.1735 21.2727
internal_count=14059 3159 10900 7899 2631 5268 3001 2948 2555 2385 211 393 616 165
is_linear=0
shrinkage=0.05


Tree=126
num_leaves=6
num_cat=1
split_feature=0 22 20 36 4
split_gain=13.4305 12.8974 13.3497 30.6217 21.3452
threshold=0 55.000000000000007 33.350000000000001 94.500000000000014 0.73865729060996177
decision_type=1 2 2 2 2
left_child=-1 -2 3 -3 -4
right_child=1 2 4 -5 -6
leaf_value=-0.032671233126477739 -0.064479399135071711 -0.051583836018798249 0.021519919541524289 -0.001023821495982498 -0.00086003654882508347
leaf_weight=20.17631751508452 6.5683448538184157 30.31743282917887 172.19627930223942 685.57085847388953 276.65393879637122
leaf_count=2356 56 242 1524 7411 2399
internal_value=-0.000282262 0.000576818 0.00100364 -0.00323398 0.00775453
internal_weight=1191.48 1171.31 1164.74 715.888 448.85
internal_count=13988 11632 11576 7653 3923
cat_boundaries=0 1
cat_threshold=16
is_linear=0
shrinkage=0.05


Tree=127
num_leaves=15
num_cat=2
split_feature=0 4 8 30 44 1 44 4 25 34 5 32 5 34
split_gain=13.5397 15.6496 16.9193 27.6862 14.8734 13.803 16.1715 15.1268 13.6687 12.3989 8.15354 6.23178 6.02952 10.5311
threshold=0 0.022575936829235404 33.150000000000013 13.65 45.20000000000001 1 44.100000000000001 0.69676570133721638 5.1687500000000011 24.250000000000004 -0.98212955754013376 27.318452500000003 -0.10837475778693634 23.950000000000003
decision_type=1 2 2 2 2 1 2 2 2 2 2 2 2 2
left_child=1 12 3 -3 -4 6 7 -2 11 -10 -8 -7 13 -1
right_child=5 2 4 -5 -6 8 10 -9 9 -11 -12 -13 -14 -15
leaf_value=-0.0078683934025918292 0.012406164452989719 -0.024229660885361326 0.022139524630909603 0.020002761821810211 -0.021738407533769682 -0.094775629193089295 0.044370165458883719 -0.0093102996578572437 -0.0032418768455003419 -0.024309199206442804 -0.02375036988589023 -0.015888938411791932 0.047408733401374047 0.033591179514949943
leaf_weight=24.282199190929532 277.44806366600096 101.32756365090609 116.55266895517707 53.166288644075394 22.276539765298367 5.930130838416515 3.7863502670079461 111.77919039339758 250.82630938105285 96.000494288047776 67.586444948799908 4.6654057847335935 24.001783814281225 39.050834888592362
leaf_count=532 2824 761 1160 469 190 84 37 1167 3256 1316 652 51 1015 544
internal_value=8.25795e-05 0.00774249 0.00238064 -0.00897712 0.0149938 -0.00353831 0.00214013 0.0061617 -0.0109402 -0.00912636 -0.0195734 -0.0644062 0.0263965 0.0178202
internal_weight=1198.68 380.658 293.323 154.494 138.829 818.022 460.6 389.227 357.422 346.827 71.3728 10.5955 87.3348 63.333
internal_count=14058 4671 2580 1230 1350 9387 4680 3991 4707 4572 689 135 2091 1076
cat_boundaries=0 1 2
cat_threshold=5 1
is_linear=0
shrinkage=0.05


Tree=128
num_leaves=15
num_cat=1
split_feature=33 44 41 39 39 39 0 4 34 24 4 4 5 13
split_gain=12.9677 19.8524 33.1078 15.0289 14.8357 30.3473 11.6496 6.53323 5.81427 4.04344 2.17649 2.10199 2.87923 0.470114
threshold=36.850000000000001 46.600000000000001 51.650000000000013 23.950000000000003 25.250000000000004 23.550000000000004 0 -0.37447345805034538 25.950000000000003 28.500000000000004 0.97314989601849466 0.84313847884979054 -0.15101602693478736 13.447917000000002
decision_type=2 2 2 2 2 2 1 2 2 2 2 2 2 2
left_child=1 4 7 -4 5 -1 -6 -3 9 13 -11 -10 -13 -2
right_child=8 2 3 -5 6 -7 -8 -9 11 10 -12 12 -14 -15
leaf_value=0.0024660347696412121 -0.0073284646137152971 -0.02696847038411922 -0.042042669593214343 0.021949709063459444 0.037381472121035424 -0.023294964612203383 -0.0061401661715970411 -0.068619955557894519 -0.022332613433594366 0.021041799034071117 0.046864486666593236 0.018575648945738616 -0.036333902684814137 0.012939804394721716
leaf_weight=841.05347327818163 6.0810024049133045 16.866170615423471 11.29852424841374 35.254323911387473 34.823329421691597 131.28497594688088 25.350886890897527 27.982428938383237 6.8782583195716169 16.694224826525897 22.712125528603792 12.585340776015073 1.9368348540738196 3.8061193870380521
leaf_count=10214 57 136 172 464 338 1178 314 226 118 251 267 224 32 34
internal_value=-0.00020375 -0.00151761 -0.0237214 0.00586104 0.000468985 -0.00103257 0.0243525 -0.053886 0.0204143 0.0297031 0.0367164 -0.00135231 0.00938334 0.00094583
internal_weight=1194.61 1123.91 91.4014 46.5528 1032.51 972.338 60.1742 44.8486 70.6939 49.2935 39.4064 21.4004 14.5222 9.88712
internal_count=14025 13042 998 636 12044 11392 652 362 983 609 518 374 256 91
cat_boundaries=0 1
cat_threshold=7
is_linear=0
shrinkage=0.05


Tree=129
num_leaves=14
num_cat=1
split_feature=0 33 5 37 44 2 33 38 5 8 38 4 13
split_gain=14.5473 18.9442 21.5666 42.2036 41.8675 10.4664 17.97 22.4131 9.60383 9.26207 8.402 5.99636 2.61272
threshold=0 36.850000000000001 0.26659387353423863 39.500000000000007 46.600000000000001 5.5000000000000009 33.45000000000001 7.830655000000001 -0.83375966452616657 30.850000000000005 10.253571500000001 -0.77245553105869302 8.0750000000000011
decision_type=1 2 2 2 2 2 2 2 2 2 2 2 2
left_child=1 2 3 -1 -4 6 8 -8 -2 11 -11 -7 -3
right_child=5 12 4 -5 -6 9 7 -9 -10 10 -12 -13 -14
leaf_value=-0.049344720202633252 0.022772731536737638 -0.012659951964028932 0.021367543083595699 0.0022631595464161405 -0.067683129932402192 -0.02478387244735605 0.02378900770138348 -0.016192626986218987 -0.048698089339418466 0.010059539082399066 -0.022705814386755313 -0.0019178526711767165 0.051361291144977617
leaf_weight=43.793434131890535 4.688449718290939 1.3289608284831071 208.76653533149511 342.0393654955551 13.121133580803869 46.556807913351804 44.641518786316738 150.65201117820106 42.168492364697158 180.18446432985365 20.984145931433886 72.666313890367746 23.080701040104032
leaf_count=257 52 28 2674 3569 67 634 495 2024 671 1992 307 844 468
internal_value=-3.28022e-05 0.00513084 0.00343748 -0.00370694 0.0158216 -0.00582175 -0.0137469 -0.00697872 -0.0412204 1.10185e-05 0.00654634 -0.0109789 0.0475147
internal_weight=1194.67 632.13 607.72 385.833 221.888 562.542 242.15 195.294 46.8569 320.392 201.169 119.223 24.4097
internal_count=14082 7063 6567 3826 2741 7019 3242 2519 723 3777 2299 1478 496
cat_boundaries=0 1
cat_threshold=7
is_linear=0
shrinkage=0.05


Tree=130
num_leaves=11
num_cat=2
split_feature=0 34 43 43 0 33 33 40 44 31
split_gain=13.6473 16.5198 20.9718 23.2079 8.83636 7.38477 18.5408 16.7223 4.83009 11.5651
threshold=0 25.250000000000004 43.800000000000004 31.200000000000006 1 34.650000000000013 34.550000000000004 11.850000000000003 38.000000000000007 31.500000000000004
decision_type=1 2 2 2 1 2 2 2 2 2
left_child=1 2 3 -1 5 6 -2 -7 9 -3
right_child=4 8 -4 -5 -6 7 -8 -9 -10 -11
leaf_value=0.0017803016324951613 -0.0021283568239079138 0.051976458536619169 -0.05952721004365389 0.040547112839849929 -0.032115362603037011 -0.0057848965867607193 0.081786307013437087 -0.052132096510798226 0.052553469024171184 -0.03021836899703427
leaf_weight=542.56195722706616 407.45507000945508 8.2926555648446065 12.060368336737154 40.573593163862824 19.24834252265282 104.17442386038601 5.6904503963887683 23.027974180877209 21.048252239823341 7.0372437704354516
leaf_count=5811 3477 78 78 622 2336 907 41 270 367 101
internal_value=0.000100779 0.00509635 0.00314653 0.00454243 -0.00552867 -0.00395976 -0.000777869 -0.0145165 0.037424 0.0147047
internal_weight=1191.17 631.574 595.196 583.136 559.596 540.348 413.146 127.202 36.3782 15.3299
internal_count=14088 7057 6511 6433 7031 4695 3518 1177 546 179
cat_boundaries=0 1 2
cat_threshold=7 40
is_linear=0
shrinkage=0.05


Tree=131
num_leaves=15
num_cat=3
split_feature=39 44 39 32 39 4 4 10 24 38 0 1 13 1
split_gain=13.2021 32.319 20.5427 47.9389 26.459 17.8221 13.5525 12.8605 9.14978 8.64914 8.44997 4.70298 3.93615 2.3427
threshold=25.250000000000004 48.050000000000004 23.550000000000004 27.574405000000002 20.750000000000004 -0.35846811432664222 -0.35846811432664222 58.645833500000002 25.500000000000004 11.879464000000002 0 1 12.570833500000001 2
decision_type=2 2 2 2 2 2 2 2 2 2 1 1 2 1
left_child=1 2 4 -4 -1 10 11 9 -9 -7 13 -3 -12 -2
right_child=5 6 3 -5 -6 7 -8 8 -10 -11 12 -13 -14 -15
leaf_value=-0.0031995766744835822 0.0040118127714307622 0.014329316765613324 0.031453698906012233 -0.033555700625225102 0.015323289523999709 0.023475032774102421 -0.072563278152524224 -0.046055736561585077 0.03388048894115777 -0.058158109917909429 -0.020060371813967793 -0.038239531769001328 -0.068127498506438386 0.054485164638094989
leaf_weight=577.75337184546515 4.1907691350206715 8.3278400180861354 37.127101850230247 110.73462631111033 288.15904744854197 4.9708263687789422 20.98587001208216 2.8892082234378895 88.680036402307451 6.4927163016982377 9.40455946931616 6.9497124422341559 9.121028228197245 4.5992549043148756
leaf_count=7213 60 82 461 975 3591 51 163 31 965 58 139 83 105 59
internal_value=0.000215557 -0.00165236 2.85844e-05 -0.0171306 0.00297504 0.0151608 -0.0473842 0.0246431 0.030888 -0.0237169 -0.0202128 -0.0104642 -0.0304224 0.0164679
internal_weight=1180.39 1050.04 1013.77 147.862 865.912 130.348 36.2634 103.033 91.5692 11.4635 27.3156 15.2776 18.5256 8.79002
internal_count=14036 12568 12240 1436 10804 1468 328 1105 996 109 363 165 244 119
cat_boundaries=0 1 2 3
cat_threshold=5 1 1
is_linear=0
shrinkage=0.05


Tree=132
num_leaves=15
num_cat=2
split_feature=0 43 43 39 43 1 4 44 4 40 39 39 5 19
split_gain=11.8081 19.0353 21.5751 19.9123 16.2137 14.9557 14.6643 13.9101 13.6587 11.2159 11.0608 10.5071 7.52916 6.07712
threshold=0 17.900000000000002 17.600000000000005 24.950000000000003 43.800000000000004 1 0.94425825643485939 46.600000000000001 0.63257020223555627 94.90000000000002 24.950000000000003 18.750000000000004 -0.9575230291762723 28.295139000000002
decision_type=1 2 2 2 2 1 2 2 2 2 2 2 2 2
left_child=1 2 3 -1 11 7 9 8 -2 -7 -8 -3 -9 -6
right_child=5 4 -4 -5 13 6 10 12 -10 -11 -12 -13 -14 -15
leaf_value=-0.0038529387915917628 0.010848512523686842 0.012273575164302428 -0.067842368110332285 0.031818709646095282 -0.055773216921531622 -0.019617875571992075 -0.0051761247475616504 0.022508583856911062 -0.0085988839579236309 0.0076400517945128775 0.044664062825474415 0.046519687770141926 -0.034368075571409695 0.027508979040743783
leaf_weight=214.06776906549931 279.9556139188353 41.170856271870434 10.324881169945 46.828122557140887 7.1326166838407499 265.5966882170178 27.899610384134576 6.216228710487484 132.16264140210114 43.415566566865891 17.325476159341633 50.737016014754772 35.125613904325292 2.3037540838122368
leaf_count=2407 2861 605 102 432 47 3515 392 58 1383 607 176 1062 350 30
internal_value=-0.000771636 0.00648275 -0.000275955 0.0026468 0.02503 -0.00415057 -0.0118845 0.00181261 0.00460619 -0.0157759 0.0144705 0.0314761 -0.0254864 -0.0347534
internal_weight=1180.26 372.565 271.221 260.896 101.344 807.697 354.237 453.46 412.118 309.012 45.2251 91.9079 41.3418 9.43637
internal_count=14027 4685 2941 2839 1744 9342 4690 4652 4244 4122 568 1667 408 77
cat_boundaries=0 1 2
cat_threshold=5 1
is_linear=0
shrinkage=0.05


Tree=133
num_leaves=13
num_cat=0
split_feature=26 13 34 25 36 39 34 31 26 34 14 4
split_gain=12.8338 22.2223 19.8828 18.6813 29.7921 24.9464 16.0597 17.413 7.1673 3.95182 1.57735 0.812071
threshold=15.050000000000002 8.3354165000000027 20.250000000000004 7.8250000000000011 89.500000000000014 19.550000000000004 23.250000000000004 29.700000000000003 14.850000000000003 19.200000000000003 12.550000000000002 1.0000000180025095e-35
decision_type=2 2 2 2 2 2 2 2 2 2 2 2
left_child=1 6 9 4 -4 -5 8 -8 -1 -2 11 -3
right_child=2 10 3 5 -6 -7 7 -9 -10 -11 -12 -13
leaf_value=0.013638197198658148 0.0088115369892695691 0.002917541520549875 -0.056859120964310977 -0.024486517032849146 0.016387129159459068 0.002363311997294581 -0.03242230988896163 0.014397675006702169 -0.047141547486768257 -0.056471401169479775 -0.070258569158067857 -0.039915973168982551
leaf_weight=77.003643279429525 2.3942079814150956 1.6857457305304735 13.592756513971834 101.51011578459293 298.18174572754651 553.43747395323589 72.632161880144849 26.528424378950149 4.2021746409591278 16.119414688553661 14.835764894261954 1.6418384511489419
leaf_count=1170 41 32 111 1084 3769 6277 873 341 56 220 159 18
internal_value=-0.000376666 -0.0119411 0.00196337 0.00296903 0.0130222 -0.00182912 -0.0064642 -0.0198779 0.00995782 -0.04801 -0.0631525 -0.0225566
internal_weight=1183.77 198.53 985.236 966.722 311.775 654.948 180.366 99.1606 81.2058 18.5136 18.1633 3.32758
internal_count=14151 2649 11502 11241 3880 7361 2440 1214 1226 261 209 50
is_linear=0
shrinkage=0.05


Tree=134
num_leaves=15
num_cat=2
split_feature=0 8 36 42 4 40 1 34 31 4 37 36 10 31
split_gain=14.8653 13.9387 20.7626 21.7097 19.8072 34.5736 22.2514 12.643 9.12614 14.2768 15.9233 7.41638 7.59852 7.34226
threshold=0 33.150000000000013 95.500000000000014 2.5000000000000004 0.39036257410962039 32.850000000000009 1 24.050000000000004 36.900000000000013 -0.27694604220087021 67.500000000000014 99.500000000000014 86.270833500000023 37.250000000000007
decision_type=1 2 2 2 2 2 1 2 2 2 2 2 2 2
left_child=8 4 3 -3 6 -6 -2 -4 11 13 -11 -1 -13 -10
right_child=1 2 7 -5 5 -7 -8 -9 9 10 -12 12 -14 -15
leaf_value=-0.035213862125471743 0.012576704059992373 0.021952529291482822 0.041478777405228699 -0.011270051567801637 -0.038960091893710497 0.0028820992838563004 -0.0090230375878398144 0.0097359009888606102 0.050648837863147028 0.0076639260571265749 0.13578088491959492 0.013404828915990805 -0.037476578732884396 -0.044872896234050594
leaf_weight=62.344331598374993 263.20025276672095 74.246775919571519 62.739371878094971 140.91063174977899 88.60042910464108 109.66890019737184 216.36101990099996 63.346658842638135 1.4229601051192755 40.627445659600198 1.5914896242320526 19.629211141495038 10.409545890521256 17.595848347991705
leaf_count=2204 2566 628 617 1070 571 864 2543 490 37 1021 21 521 270 597
internal_value=-0.000775357 0.00146829 0.00970894 0.000242957 -0.0026669 -0.0159176 0.00283317 0.025733 -0.0147155 -0.000655953 0.0155234 -0.0255042 -0.00486681 -0.035553
internal_weight=1172.69 1019.07 341.243 215.157 677.831 198.269 479.561 126.086 153.621 61.2377 42.2189 92.3831 30.0388 19.0188
internal_count=14020 9349 2805 1698 6544 1435 5109 1107 4671 1676 1042 2995 791 634
cat_boundaries=0 1 2
cat_threshold=24 1
is_linear=0
shrinkage=0.05


Tree=135
num_leaves=15
num_cat=2
split_feature=20 36 34 36 0 44 44 4 11 5 40 0 4 4
split_gain=14.9867 24.111 19.8683 26.0703 18.0295 17.5132 29.4956 50.9121 24.2167 16.8821 37.4701 16.5522 12.5166 3.27656
threshold=33.350000000000001 94.500000000000014 24.550000000000004 98.500000000000014 0 38.70000000000001 40.150000000000006 0.94425825643485939 78.500000000000014 -0.5129677127369543 30.750000000000004 1 0.534952257794027 0.34235194516023087
decision_type=2 2 2 2 1 2 2 2 2 2 2 1 2 2
left_child=1 12 4 -4 -3 9 7 -7 -8 10 -2 -11 13 -1
right_child=5 2 3 -5 -6 6 8 -9 -10 11 -12 -13 -14 -15
leaf_value=-0.017654287018244029 -0.043246119235688704 0.015701089705934975 -0.01013686178376663 -0.070091453505506968 -0.0044363966219664952 0.0216824926654119 -0.031908062672238009 -0.073628446908395123 0.015476345014200577 -0.01740154806823805 0.036866740874042986 0.029544062239820836 -0.068564839424893415 0.04177611102213144
leaf_weight=5.6922145043499786 30.807293036021292 136.45158487278968 89.490368013735861 21.892921381164342 440.72717510350049 23.343084515072405 31.934455628972501 32.72584184538573 148.39366979664192 17.563595706596971 25.995157470460981 141.62843060959131 20.971836124313995 2.5556740798056126
leaf_count=53 331 2647 837 183 5297 280 301 260 1475 314 278 1578 213 20
internal_value=-0.000639659 -0.00512934 -0.00320606 -0.02244 0.000538086 0.00647944 -0.00292409 -0.0342632 0.00695531 0.0167373 -0.00657963 0.0250463 -0.0488456 0.0032868
internal_weight=1170.17 717.782 688.562 111.383 577.179 452.392 236.397 56.0689 180.328 215.994 56.8025 159.192 29.2197 8.24789
internal_count=14067 9250 8964 1020 7944 4817 2316 540 1776 2501 609 1892 286 73
cat_boundaries=0 1 2
cat_threshold=5 8
is_linear=0
shrinkage=0.05


Tree=136
num_leaves=15
num_cat=2
split_feature=13 33 5 5 44 44 37 39 44 44 1 34 20 1
split_gain=12.6144 15.2817 15.2372 27.9491 25.9209 14.477 41.5175 27.2917 8.61287 7.40323 7.10432 6.47664 5.10008 4.23515
threshold=6.7479170000000011 36.850000000000001 -0.7444366621422277 0.063390085881955258 35.100000000000001 41.95000000000001 32.500000000000007 20.650000000000002 39.400000000000013 31.500000000000004 0 25.950000000000003 33.350000000000001 1
decision_type=2 2 2 2 2 2 2 2 2 2 1 2 2 1
left_child=2 5 9 4 -4 7 -7 -2 -5 12 -11 -3 -1 -13
right_child=1 11 3 8 -6 6 -8 -9 -10 10 -12 13 -14 -15
leaf_value=-0.050874155536974233 -0.010720125304174467 0.029430461270071324 -0.055402250282922817 0.018483587968088015 0.0071158956386005046 -0.056683250708899638 -0.0047968051162696566 0.011325966714021463 -0.020105852576270428 0.04465820067382982 0.014655094287460016 0.015151126172822497 0.013293690197181197 -0.028089489394346925
leaf_weight=3.9734614128246886 306.93162732105702 47.570962651632726 33.697289329022169 120.82822573324665 31.364256056956947 47.459004191914573 189.71869843848981 257.00010741292499 15.574225704418494 42.740899153519422 38.550056544365361 12.202779307030141 7.4136674269102514 8.9355486994609237
leaf_count=41 3653 618 409 1856 467 386 2165 2905 241 464 467 188 67 189
internal_value=-6.16302e-05 -0.00308928 0.00887167 0.0011191 -0.0256126 -0.00503749 -0.0153736 -0.000670816 0.0139632 0.0255324 0.030781 0.0193721 -0.0113967 -0.00357062
internal_weight=1163.96 869.819 294.142 201.464 65.0615 801.109 237.178 563.932 136.402 92.6781 81.291 68.7093 11.3871 21.1383
internal_count=14116 10104 4012 2973 876 9109 2551 6558 2097 1039 931 995 108 377
cat_boundaries=0 1 2
cat_threshold=1 1
is_linear=0
shrinkage=0.05


Tree=137
num_leaves=8
num_cat=2
split_feature=0 26 13 26 5 1 20
split_gain=12.5151 11.411 12.4389 16.056 15.0686 2.23629 0.939482
threshold=0 10.500000000000002 6.7479170000000011 15.050000000000002 -0.7444366621422277 1 31.750000000000004
decision_type=1 2 2 2 2 1 2
left_child=-1 5 4 -4 -3 6 -2
right_child=1 2 3 -5 -6 -7 -8
leaf_value=-0.031682794985981186 0.0011709846481171595 0.027432513394701603 -0.023917624811662923 0.00078054403438915763 0.0027651649105475493 -0.082809074437007746 -0.041242072756031777
leaf_weight=18.555901136249304 2.1886335685849181 91.001907706260681 70.790030972100794 788.47052208986133 190.09632608201355 3.3479898329824209 2.0509259644895792
leaf_count=2340 24 868 768 7621 2360 37 19
internal_value=0.000456416 0.00126777 0.00170974 -0.00127965 0.0108198 -0.0561447 -0.0233021
internal_weight=1166.5 1147.95 1140.36 859.261 281.098 7.58755 4.23956
internal_count=14037 11697 11617 8389 3228 80 43
cat_boundaries=0 1 2
cat_threshold=16 1
is_linear=0
shrinkage=0.05


Tree=138
num_leaves=15
num_cat=1
split_feature=0 34 5 34 43 4 37 4 32 39 43 21 39 34
split_gain=13.5576 15.146 21.3534 34.0356 29.7647 8.34432 24.0044 14.4529 12.2504 15.8012 15.7064 5.68767 4.65153 17.1669
threshold=0 25.250000000000004 0.16587474750015926 23.250000000000004 17.900000000000002 0.63257020223555627 36.500000000000007 0.99818282439137029 27.103274000000003 23.150000000000002 22.850000000000005 24.850000000000005 20.650000000000002 25.650000000000002
decision_type=1 2 2 2 2 2 2 2 2 2 2 2 2 2
left_child=1 2 4 -4 -1 8 7 -7 9 -2 -10 -8 13 -3
right_child=5 12 3 -5 -6 6 11 -9 10 -11 -12 -13 -14 -15
leaf_value=-0.018950314540293084 -0.015559830903763103 0.051634068995066652 0.0030659340130228395 0.045628837162197622 0.010737754512378239 -0.0070816780535140822 -0.060007677986972943 0.062460583248845472 -0.0013554955743897174 0.021963683116130877 0.031835351189791194 -0.025037208411885576 0.052034811373302785 -0.051714301531675971
leaf_weight=178.81829531863332 185.8585934266448 9.9757144488394243 175.30329706240445 63.241052598692477 158.24832013435662 95.204556102165952 25.58892162097618 7.1010939707048228 131.20739629189484 32.109457622282207 47.89900292060338 25.009380629519001 19.7701953407377 5.384708557277917
leaf_count=1480 2312 119 2180 815 2044 1222 476 73 1575 429 504 461 379 58
internal_value=-0.000114792 0.00497224 0.00307683 0.0144933 -0.00502163 -0.00574854 -0.0157373 -0.00169682 -0.00201664 -0.00995708 0.00764831 -0.0435429 0.0364597 0.0144581
internal_weight=1160.72 610.742 575.611 238.544 337.067 549.978 152.904 102.306 397.074 217.968 179.106 50.5983 35.1306 15.3604
internal_count=14127 7075 6519 2995 3524 7052 2232 1295 4820 2741 2079 937 556 177
cat_boundaries=0 1
cat_threshold=7
is_linear=0
shrinkage=0.05


Tree=139
num_leaves=15
num_cat=3
split_feature=0 1 0 38 4 39 39 4 39 37 38 7 34 17
split_gain=12.229 14.6423 13.6464 16.0073 13.3591 13.1905 19.2764 22.85 17.9275 17.5361 12.3397 12.0485 10.6357 3.23909
threshold=0 1 2 5.6827385000000001 0.94978112945126536 25.250000000000004 23.550000000000004 0.97314989601849466 20.000000000000004 25.500000000000004 11.120238000000002 30.445833500000003 24.750000000000004 46.600000000000001
decision_type=1 1 1 2 2 2 2 2 2 2 2 2 2 2
left_child=5 2 11 -4 12 6 8 -8 -1 -7 -6 -2 -3 -11
right_child=1 4 3 -5 10 9 7 -9 -10 13 -12 -13 -14 -15
leaf_value=-0.00047248988271524154 0.0043588027405834394 -0.011315438104816354 0.064243741140184121 -0.023493581117839529 -0.014807695509443042 -0.051989844797177567 -0.0025256698974263484 -0.067970294847357199 0.026697881805323766 0.054688642637761777 0.038541372587105958 0.049611560027684576 -0.03750838463228761 0.011723408972617731
leaf_weight=151.73943871073425 353.77623999491334 260.20265807514079 4.6313941888511172 74.043826241744682 19.061012909281999 4.2550437599420539 52.643229497596622 16.901400454342365 100.16485350579023 26.993802529759705 22.925188683671877 14.365897864103315 44.97672494337894 5.9590616114437571
leaf_count=2097 2248 3515 85 2224 270 26 440 104 1554 394 259 107 641 60
internal_value=-0.000461006 -0.00391017 0.00202641 -0.015626 -0.011647 0.00707626 0.00395868 -0.0191687 0.0103941 0.0350534 0.0145408 0.00608934 -0.0152856 0.0474931
internal_weight=1152.64 793.983 446.817 78.6752 347.166 358.657 321.449 69.5446 251.904 37.2079 41.9862 368.142 305.179 32.9529
internal_count=14024 9349 4664 2309 4685 4675 4195 544 3651 480 529 2355 4156 454
cat_boundaries=0 1 2 3
cat_threshold=5 1 34
is_linear=0
shrinkage=0.05


Tree=140
num_leaves=10
num_cat=0
split_feature=35 29 40 39 34 34 5 36 13
split_gain=11.3645 12.8862 27.0368 20.7352 20.5795 18.8655 27.5105 25.9382 1.75203
threshold=58.401786000000008 1.5000000000000002 1.2500000000000002 19.550000000000004 23.250000000000004 20.950000000000003 0.97648852793709995 96.500000000000014 11.172917000000002
decision_type=2 2 2 2 2 2 2 2 2
left_child=8 5 4 -4 -3 7 -7 -2 -1
right_child=1 2 3 -5 -6 6 -8 -9 -10
leaf_value=-0.061086099075959632 -0.053763005561478595 -0.070255704379579939 -0.0095361115815318365 0.0059693899364724389 0.0062015278733219921 0.024671347130852783 -0.044174513944539917 0.01852867140059139 -0.012434080814871379
leaf_weight=7.6441694558598083 23.038208549842238 24.05130176153034 375.8291914362926 502.99172700056806 13.33367487369105 159.71661752089858 15.037722077220677 24.868435482028872 3.1276421756483614
leaf_count=94 287 239 4758 6100 171 1813 186 388 34
internal_value=-0.000340552 0.000164502 -0.00245972 -0.000664865 -0.0435354 0.0109254 0.0185295 -0.0166247 -0.049216
internal_weight=1149.64 1138.87 916.206 878.821 37.385 222.661 174.754 47.9066 10.7718
internal_count=14070 13942 11268 10858 410 2674 1999 675 128
is_linear=0
shrinkage=0.05


Tree=141
num_leaves=11
num_cat=1
split_feature=43 43 25 36 26 43 21 0 25 4
split_gain=12.803 15.1099 11.7181 23.0809 22.0569 9.72954 7.10466 5.62627 0.223429 0.132019
threshold=43.800000000000004 35.600000000000001 7.7597220000000009 89.500000000000014 19.550000000000004 36.250000000000007 25.350000000000005 0 6.2909720000000009 0.63920241694561786
decision_type=2 2 2 2 2 2 2 1 2 2
left_child=1 2 3 -1 -4 -3 -2 -7 -8 -10
right_child=6 5 4 -5 -6 7 8 -9 9 -11
leaf_value=-0.055097277360860203 -0.057369242630766953 0.079021830753772782 -0.016897972704811311 0.0082822136718796024 0.0022628837133365854 -0.010090132089026342 0.012746261526929818 0.028465623555452263 0.0047435479818210011 -0.011465155005358567
leaf_weight=13.881841219030319 13.860092831309887 7.8630294324830166 229.89372231159359 420.19586909445934 429.17304594884627 12.219266934320329 3.1680423263460389 12.541703437920662 1.6762067349627616 1.5390788903459904
leaf_count=121 153 78 2610 5687 5014 106 34 203 20 20
internal_value=5.29167e-05 0.000777886 -0.000237372 0.00613335 -0.00443622 0.0337918 -0.0384026 0.0169188 0.00497211 -0.00389445
internal_weight=1146.01 1125.77 1093.14 434.078 659.067 32.624 20.2434 24.761 6.38333 3.21529
internal_count=14046 13819 13432 5808 7624 387 227 309 74 40
cat_boundaries=0 1
cat_threshold=40
is_linear=0
shrinkage=0.05


Tree=142
num_leaves=10
num_cat=0
split_feature=35 20 37 39 33 34 32 32 13
split_gain=11.5235 12.3162 24.5017 24.7533 20.6077 19.9726 17.3873 16.9355 2.33132
threshold=58.401786000000008 33.350000000000001 43.500000000000007 18.650000000000002 35.100000000000009 23.250000000000004 26.779762000000002 28.811607000000006 11.172917000000002
decision_type=2 2 2 2 2 2 2 2 2
left_child=8 2 3 -2 6 -4 -3 -6 -1
right_child=1 4 5 -5 7 -7 -8 -9 -10
leaf_value=-0.060797877870338038 0.011046422975277463 -0.052950669039745636 0.017307115492194654 -0.047354517468051111 -0.01730577307244123 -0.0046711749703240452 0.023008787043715322 0.0090144047132536941 -0.008853238047117384
leaf_weight=8.1935988252516818 26.06286825845018 6.9424063868354997 129.22966816741973 56.357358704786748 105.55803044792265 500.14856583694927 176.18586872168817 142.35589140467346 3.3247788506560019
leaf_count=101 343 66 2006 651 1001 6277 1875 1785 35
internal_value=2.59715e-06 0.000524759 -0.00351324 -0.028976 0.00718558 -0.000138096 0.0198572 -0.00221683 -0.047709
internal_weight=1154.36 1142.84 711.798 82.4202 431.042 629.378 183.128 247.914 11.5184
internal_count=14140 14004 9277 994 4727 8283 1941 2786 136
is_linear=0
shrinkage=0.05


Tree=143
num_leaves=15
num_cat=3
split_feature=0 43 39 44 39 34 6 37 1 4 0 38 32 39
split_gain=11.5865 14.8193 21.4531 31.4838 15.2081 16.4134 14.6665 13.7192 12.6127 12.1922 12.0598 16.8099 12.0576 10.2672
threshold=0 13.550000000000002 24.950000000000003 41.95000000000001 18.450000000000003 23.850000000000005 2.5000000000000004 25.500000000000004 1 0.94978112945126536 2 5.6827385000000001 25.882440500000005 25.100000000000005
decision_type=1 2 2 2 2 2 2 2 1 2 1 2 2 2
left_child=1 2 3 -1 5 -3 -6 -4 10 -10 12 -12 -2 -11
right_child=8 4 7 -5 6 -7 -8 -9 9 13 11 -13 -14 -15
leaf_value=0.0018254940792566761 0.054629358849067 0.031038770231500049 -0.043241142024304957 -0.051712577472268387 -0.013170273014324767 -0.023650334179885633 0.042301161516835536 0.043528742395910362 -0.01437141408086947 -0.0043048890338269882 0.065201140270933697 -0.022409891105274516 0.004147639450151939 0.046313889280164999
leaf_weight=145.53166644461453 11.249638438224791 22.644230772741139 4.4272969849407664 32.828699704259634 13.818841386586426 31.685527451336384 70.293302305042744 33.693487098440528 304.40735742030665 27.183613314293325 4.9349351702257982 75.825744315516204 354.84256442822516 14.726572305895386
leaf_count=1736 80 517 38 219 130 285 1402 341 4157 389 87 2277 2265 146
internal_value=-0.00034515 0.00703725 -0.000949026 -0.00826201 0.0199473 -0.000707319 0.0331401 0.0326037 -0.00369536 -0.0108895 0.00180953 -0.0145454 0.00568852 0.0141466
internal_weight=1148.09 354.923 216.481 178.36 138.442 54.3298 84.1121 38.1208 793.17 346.318 446.853 80.7607 366.092 41.9102
internal_count=14069 4668 2334 1955 2334 802 1532 379 9401 4692 4709 2364 2345 535
cat_boundaries=0 1 2 3
cat_threshold=5 1 34
is_linear=0
shrinkage=0.05


Tree=144
num_leaves=9
num_cat=1
split_feature=0 6 5 7 39 44 40 19
split_gain=11.4199 11.7344 18.3447 15.0201 14.6336 19.0749 16.6783 11.5136
threshold=0 2.5000000000000004 -0.92272482904738273 29.931250000000002 20.750000000000004 44.800000000000004 0.8500000000000002 28.202777500000003
decision_type=1 2 2 2 2 2 2 2
left_child=-1 2 7 -4 6 -6 -3 -2
right_child=1 4 3 -5 5 -7 -8 -9
leaf_value=-0.030986143957056417 -0.065410756836552439 0.03144193790363075 -0.0071935659998362727 0.037279314730331789 0.018703034184123894 -0.0057981408036167975 -0.0046103802971626728 0.020247549819071353
leaf_weight=17.512322058202699 18.961674830876294 33.679289403371513 245.99146150052547 19.574893253855407 263.60787703748792 112.95532759372145 427.37963347509503 4.3823483148589721
leaf_count=2344 135 354 2248 237 2812 1151 4729 37
internal_value=0.00027395 0.00105243 -0.00761084 -0.00378792 0.0040586 0.0113577 -0.00191449 -0.049159
internal_weight=1144.04 1126.53 288.91 265.566 837.622 376.563 461.059 23.344
internal_count=14047 11703 2657 2485 9046 3963 5083 172
cat_boundaries=0 1
cat_threshold=16
is_linear=0
shrinkage=0.05


Tree=145
num_leaves=8
num_cat=1
split_feature=0 43 43 13 21 43 13
split_gain=10.339 10.4141 13.8424 10.7532 7.41912 6.8398 0.387772
threshold=0 43.800000000000004 35.600000000000001 7.7812500000000009 25.350000000000005 36.250000000000007 7.2833335000000003
decision_type=1 2 2 2 2 2 2
left_child=-1 2 3 -2 -3 -4 -6
right_child=1 4 5 -5 6 -7 -8
leaf_value=-0.030547009797045332 0.0060172927269309907 -0.056357994384628608 0.073259365076275867 -0.0041585428401814247 0.017130737450440119 0.018759692413449824 -0.0061129207213820157
leaf_weight=16.896932394010946 434.87794691789895 12.596320088952782 7.2312155626714256 641.02114900946617 3.8225752264261237 22.985332898795605 2.2032342031598091
leaf_count=2342 4949 125 62 6290 35 252 24
internal_value=-0.000480899 0.000266501 0.000908581 -4.37063e-05 -0.0358385 0.0337312 0.00897166
internal_weight=1141.63 1124.74 1106.12 1075.9 18.6221 30.2165 6.02581
internal_count=14079 11737 11553 11239 184 314 59
cat_boundaries=0 1
cat_threshold=16
is_linear=0
shrinkage=0.05


Tree=146
num_leaves=10
num_cat=1
split_feature=35 0 5 34 38 4 40 32 13
split_gain=11.1248 10.8937 18.0187 44.2037 23.6502 8.58279 22.6988 11.1121 1.81977
threshold=58.401786000000008 0 0.28313308994381586 23.050000000000004 11.120238000000002 0.63257020223555627 11.850000000000003 27.082143000000006 11.172917000000002
decision_type=2 1 2 2 2 2 2 2 2
left_child=8 2 4 -4 -2 7 -7 -3 -1
right_child=1 5 3 -5 -6 6 -8 -9 -10
leaf_value=-0.059152944487777373 -0.0064188136387812976 -0.0080862016694080007 0.0026561451088280372 0.053958730898791177 0.025085171845725496 -0.0011753989762946469 -0.043500691297914479 0.0086786381414261406 -0.010525094120147099
leaf_weight=7.8251228411681932 310.61535792704672 207.20098588219844 139.45743290614337 59.144115989096463 72.652866237796843 102.86043868772686 44.810560736106709 187.17609457159415 3.1015866445377469
leaf_count=99 3458 2642 1795 874 840 1308 871 2129 32
internal_value=0.000647321 0.00115605 0.00584575 0.018128 -0.000397134 -0.00391523 -0.0142252 -0.000127582 -0.0473896
internal_weight=1134.84 1123.92 581.87 198.602 383.268 542.048 147.671 394.377 10.9267
internal_count=14048 13917 6967 2669 4298 6950 2179 4771 131
cat_boundaries=0 1
cat_threshold=7
is_linear=0
shrinkage=0.05


Tree=147
num_leaves=10
num_cat=0
split_feature=35 29 41 34 34 5 36 39 13
split_gain=10.5929 11.5859 23.9585 20.8125 17.2037 26.6023 22.7489 16.3934 1.48385
threshold=58.401786000000008 1.5000000000000002 1.1500000000000001 23.250000000000004 20.950000000000003 0.97648852793709995 96.500000000000014 19.550000000000004 11.172917000000002
decision_type=2 2 2 2 2 2 2 2 2
left_child=8 4 3 -3 6 -6 -2 -4 -1
right_child=1 2 7 -5 5 -7 -8 -9 -10
leaf_value=-0.058323951011478692 -0.052083176033059647 -0.071438892333873641 -0.0086395160387735381 0.0082043469205158124 0.023966792768872369 -0.044304646013029469 0.016713627892942364 0.0052620632101302734 -0.012540104127987471
leaf_weight=7.7193961577722785 21.955826814752072 21.643213764065877 370.4402499605203 12.566072383895515 155.77039325167425 14.779350250493733 24.456183064728975 493.28584222914651 3.04545769514516
leaf_count=104 285 198 4776 157 1803 180 389 6106 33
internal_value=-0.000342293 0.000155598 -0.00235212 -0.0427815 0.0104974 0.0178268 -0.0162437 -0.000703229 -0.0475382
internal_weight=1125.66 1114.9 897.935 34.2093 216.962 170.55 46.412 863.726 10.7649
internal_count=14031 13894 11237 355 2657 1983 674 10882 137
is_linear=0
shrinkage=0.05


Tree=148
num_leaves=14
num_cat=1
split_feature=8 34 34 39 30 38 44 36 5 33 32 38 1
split_gain=12.0999 17.3674 17.0677 16.8856 19.7461 16.5436 23.9645 16.7801 13.2922 9.58144 6.51543 5.19777 1.18008
threshold=30.250000000000004 20.250000000000004 23.250000000000004 19.450000000000003 14.950000000000001 8.699107500000002 34.400000000000013 85.500000000000014 0.24997576770840005 32.95000000000001 26.010714500000002 7.7473215000000009 0
decision_type=2 2 2 2 2 2 2 2 2 2 2 2 1
left_child=2 10 9 8 -5 7 -7 -3 -4 11 12 -1 -2
right_child=1 5 3 4 -6 6 -8 -9 -10 -11 -12 -13 -14
leaf_value=0.0060834610886791231 0.015907581331267989 -0.060203479337774715 -0.060061503772253791 -0.048436572455679477 0.011308503054992121 -0.061398591024633159 -0.0016195672503148376 0.010418686454664457 0.013159834959828929 -0.058112142646100408 -0.059135475313160928 0.043879746449841828 -0.019962770760518059
leaf_weight=23.002918806858361 3.7841191499028382 7.5733394772978491 35.498191225109622 19.017936325864866 43.889248750638217 16.443572758929804 433.05044782464392 496.78550484764855 7.0805502082221201 3.234073581872507 14.678316653473301 14.477643407881258 3.408593705506064
leaf_count=407 62 66 416 240 655 161 4958 6363 128 44 225 211 64
internal_value=-1.02855e-05 0.00200373 -0.0133739 -0.0239259 -0.00722876 0.00303308 -0.00393787 0.00924121 -0.0478627 0.013883 -0.0410584 0.021444 -0.001453
internal_weight=1121.92 975.724 146.201 105.486 62.9072 953.853 449.494 504.359 42.5787 40.7146 21.871 37.4806 7.19271
internal_count=14000 11899 2101 1439 895 11548 5119 6429 544 662 351 618 126
cat_boundaries=0 1
cat_threshold=1
is_linear=0
shrinkage=0.05


Tree=149
num_leaves=15
num_cat=3
split_feature=0 1 0 4 39 44 39 39 4 44 37 25 32 17
split_gain=11.7491 12.6773 13.3026 15.4766 13.1404 13.041 12.0066 22.5866 21.0554 19.692 14.5535 11.2627 10.2652 3.11828
threshold=0 1 2 0.14250626876356548 26.250000000000004 52.750000000000007 25.250000000000004 23.550000000000004 0.97314989601849466 34.400000000000013 25.500000000000004 5.1687500000000011 25.882440500000005 46.600000000000001
decision_type=1 1 1 2 2 2 2 2 2 2 2 2 2 2
left_child=6 2 12 -4 11 -6 7 9 -9 -1 -8 -3 -2 -12
right_child=1 4 3 -5 5 -7 10 8 -10 -11 13 -13 -14 -15
leaf_value=-0.0057054895979905306 0.051626255238670642 -0.062118155579310455 -0.039213136848432383 0.0045377305673522019 0.036926035066655309 -0.059682253691241909 -0.049064736400129594 -0.0040926001110837308 -0.066893227607670386 0.023488592218150597 0.053483316388595117 -0.01166430008090362 0.0047776085476304263 0.010995519444023497
leaf_weight=96.424852128140628 11.117084039375184 10.551365919876842 38.928036597091705 40.563112380448729 22.407527767820287 3.1824026796966782 3.7515459507703772 50.320951346307993 17.23683837801218 141.84984906483442 25.608535210601989 306.15226800250821 348.46825112216175 5.8735357634723178
leaf_count=1339 78 127 1163 1205 250 49 25 434 106 2288 414 4246 2258 59
internal_value=-0.000117824 -0.00349263 0.00208618 -0.0152181 -0.0107358 0.023119 0.00748463 0.00446344 -0.0208577 0.0116999 0.0349277 -0.0135355 0.0061934 0.046139
internal_weight=1122.44 781.37 439.076 79.4911 342.294 25.5899 341.066 305.832 67.5578 238.275 35.2336 316.704 359.585 31.4821
internal_count=14041 9376 4704 2368 4672 299 4665 4167 540 3627 498 4373 2336 473
cat_boundaries=0 1 2 3
cat_threshold=5 1 34
is_linear=0
shrinkage=0.05


Tree=150
num_leaves=15
num_cat=0
split_feature=13 5 8 35 5 4 36 35 5 36 36 34 12 6
split_gain=11.1677 18.1069 15.0849 28.8016 19.9628 16.444 14.6689 19.1207 12.4215 23.6773 16.7579 9.15972 8.86916 8.49541
threshold=7.7812500000000009 -0.7614016681079937 33.150000000000013 86.300595500000014 -0.89404254237865755 -0.86976336936302323 96.500000000000014 69.699404500000014 -0.26037106507032776 98.500000000000014 89.500000000000014 22.950000000000003 75.500000000000014 2.5000000000000004
decision_type=2 2 2 2 2 2 2 2 2 2 2 2 2 2
left_child=1 12 3 4 -2 -5 7 -4 9 -3 -10 -8 13 -1
right_child=2 8 6 5 -6 -7 11 -9 10 -11 -12 -13 -14 -15
leaf_value=-0.013495951274527969 -0.043008631547807055 0.021554864683316573 0.0045981580032844055 -0.0198664983549727 -0.011886937171356884 0.020341997694643874 -0.00662494556125058 -0.033160873581057092 -0.04976994065115059 -0.036706215900099842 0.0075798906805038318 0.03936861906243707 -0.040344899388229993 0.027722532437423255
leaf_weight=13.403456708649172 73.328842273913324 24.842342022806406 202.19654764723964 35.214715767651796 172.03909221605863 84.869275164557621 14.469954362139104 39.155462466180325 12.469658230897037 53.549162141513079 235.55674744094722 39.119400587398559 4.8168573542498043 115.60147742275149
leaf_count=146 681 304 2261 621 2088 1120 197 392 105 687 3607 492 46 1299
internal_value=-0.000593645 0.00537864 -0.00475768 -0.0115333 -0.0213246 0.00848414 0.00364835 -0.00163919 -0.000985209 -0.0182043 0.00450832 0.0270558 0.0207935 0.0233691
internal_weight=1120.63 460.24 660.393 365.452 245.368 120.084 294.941 241.352 326.418 78.3915 248.026 53.5894 133.822 129.005
internal_count=14046 6194 7852 4510 2769 1741 3342 2653 4703 991 3712 689 1491 1445
is_linear=0
shrinkage=0.05


Tree=151
num_leaves=15
num_cat=2
split_feature=0 5 36 20 39 39 33 35 20 4 1 4 39 39
split_gain=10.3898 15.9919 27.8827 43.8789 20.994 36.9677 25.7737 9.01941 20.2915 12.6186 10.0049 27.5321 15.7333 6.71103
threshold=0 0.24997576770840005 96.500000000000014 33.250000000000007 18.750000000000004 23.550000000000004 32.350000000000001 85.303571500000018 31.550000000000004 0.55656748448714433 1 0.94978112945126536 22.350000000000005 22.650000000000002
decision_type=1 2 2 2 2 2 2 2 2 2 1 2 2 2
left_child=1 4 3 -3 6 -6 -1 10 13 -10 12 -12 -2 -9
right_child=7 2 -4 -5 5 -7 -8 8 9 -11 11 -13 -14 -15
leaf_value=-0.05165651362334827 0.0070670488171427695 -0.047940829331179345 0.042851883917407671 0.018010408078687867 0.02325117635183992 -0.014360406904155305 -0.0025341955018258009 -0.021145723490612625 0.023779739958072737 -0.05446677599231943 -0.031721815354787596 0.026599683253172274 -0.021910492061487825 0.0066824875660308342
leaf_weight=38.945985715836287 131.60159727721475 31.444343289360404 63.956733284518123 112.31951159611344 144.51037189923227 117.6579702552408 80.882138867862523 68.248615197371691 91.747556144138798 4.5251600393094114 107.0214922579471 24.09357669041492 71.456190334167331 30.952850232599303
leaf_count=457 1464 240 1616 951 2095 1083 639 905 1017 64 1871 388 795 438
internal_value=-7.00154e-05 0.00445697 0.0156623 0.00335389 -0.00154483 0.00638113 -0.0187951 -0.00509726 0.0033276 0.0195797 -0.0101727 -0.0208845 -0.00318757 -0.0124827
internal_weight=1119.36 589.717 207.721 143.764 381.996 262.168 119.828 529.647 195.474 96.2727 334.173 131.115 203.058 99.2015
internal_count=14023 7081 2807 1191 4274 3178 1096 6942 2424 1081 4518 2259 2259 1343
cat_boundaries=0 1 2
cat_threshold=7 1
is_linear=0
shrinkage=0.05


Tree=152
num_leaves=15
num_cat=0
split_feature=29 40 34 34 5 32 36 26 39 39 38 7 26 6
split_gain=10.7101 25.5546 17.8937 17.3872 22.8573 22.2187 21.3005 16.7717 15.3354 22.4785 21.4971 6.69335 5.18805 4.14593
threshold=1.5000000000000002 1.2500000000000002 23.250000000000004 20.950000000000003 0.97648852793709995 28.1711305 96.500000000000014 17.250000000000004 19.550000000000004 23.550000000000004 7.9011905000000011 27.800000000000001 15.450000000000001 1.5000000000000002
decision_type=2 2 2 2 2 2 2 2 2 2 2 2 2 2
left_child=3 2 7 6 5 -5 11 -2 10 -10 -3 -1 -8 -4
right_child=1 8 13 4 -6 -7 12 -9 9 -11 -12 -13 -14 -15
leaf_value=-0.059485991476143564 0.0071363789092710808 -0.0012723352867401179 -0.029101134338956804 0.041931184454262388 -0.042035524075656118 0.0042265023102486142 -0.0039068395099197042 -0.085722278253860501 0.013685991891188926 -0.0086308719107052404 -0.030010514634569177 0.024822576001723835 0.041118294078635459 0.022742905850325346
leaf_weight=20.120690402807671 6.1475295587442842 285.18204015260562 5.0906565920449784 78.234065337339416 13.721657336107453 77.575990395387635 14.67130846437067 19.894861552980728 312.51559983752668 175.43259383458644 83.34845286142081 2.0986608965322366 10.136112739332019 9.5534026748500747
leaf_count=302 93 3892 59 893 182 916 239 176 4176 1918 888 23 152 122
internal_value=0.00040191 -0.00200947 -0.040238 0.0103552 0.0178011 0.0233051 -0.0162992 -0.0643489 -0.000148639 0.00566114 -0.00783551 -0.0507968 0.0153705 0.00401239
internal_weight=1113.72 897.165 40.6865 216.558 169.532 155.81 47.0268 26.0424 856.479 487.948 368.53 22.2194 24.8074 14.6441
internal_count=14031 11324 450 2707 1991 1809 716 269 10874 6094 4780 325 391 181
is_linear=0
shrinkage=0.05


Tree=153
num_leaves=15
num_cat=2
split_feature=0 5 34 39 34 39 35 36 34 44 34 4 1 25
split_gain=10.577 16.5611 27.9305 41.2064 20.322 21.9514 17.9543 8.08394 12.9593 14.2511 13.6341 10.2233 8.69188 2.31423
threshold=0 0.28313308994381586 23.050000000000004 19.450000000000003 23.150000000000002 18.750000000000004 58.401786000000008 98.500000000000014 23.550000000000004 31.500000000000004 23.250000000000004 -0.861146256326485 1 5.8951385000000007
decision_type=1 2 2 2 2 2 2 2 2 2 2 2 1 2
left_child=1 4 3 -3 13 -6 -4 11 10 -10 -9 -2 -13 -1
right_child=7 2 6 -5 5 -7 -8 8 9 -11 -12 12 -14 -15
leaf_value=-0.0057684262119881667 -0.059669225628917348 0.040611000656398284 -0.054330564720034828 -0.016680258332015207 -0.022239755476780018 0.0043403701672920158 0.052416880447690196 0.00082586864283588912 -0.049466124372645075 0.016385873514150599 -0.032655971392395941 -0.0018659274992224445 -0.020912758927807487 0.055137706675200175
leaf_weight=1.5196500346064592 9.5182153733912838 48.174660087563097 3.4433944821357718 85.797015727497637 110.95443616993725 252.91427039168775 54.9060401879251 98.262775676557794 7.82840280199889 124.8373604035005 42.998173058731481 155.17256498499773 96.780354900402017 16.034964852966368
leaf_count=23 148 915 17 897 997 3097 884 1157 156 1381 569 1786 1802 197
internal_value=7.3654e-05 0.00474604 0.0167506 0.00406926 -0.00121076 -0.00380344 0.0453081 -0.00492947 0.000983619 0.012159 -0.00952352 -0.0112922 -0.00923596 0.0498385
internal_weight=1109.14 573.744 192.321 133.972 381.423 363.869 58.3494 535.398 273.927 132.666 141.261 261.471 251.953 17.5546
internal_count=14026 7027 2713 1812 4314 4094 901 6999 3263 1537 1726 3736 3588 220
cat_boundaries=0 1 2
cat_threshold=7 1
is_linear=0
shrinkage=0.05


Tree=154
num_leaves=15
num_cat=3
split_feature=0 43 43 39 44 39 34 1 39 34 31 37 1 31
split_gain=9.9735 13.8238 20.9491 15.3343 11.7727 10.8305 10.8838 9.76431 13.0926 12.4673 7.21503 2.51365 1.10036 0.87411
threshold=0 17.900000000000002 17.600000000000005 24.950000000000003 52.750000000000007 19.450000000000003 23.850000000000005 1 26.950000000000003 24.950000000000003 49.150000000000006 63.500000000000007 2 52.000000000000007
decision_type=1 2 2 2 2 2 2 1 2 2 2 2 1 2
left_child=1 2 3 -1 7 6 -3 9 -9 -2 -7 -4 13 -6
right_child=4 5 11 -5 12 10 -8 8 -10 -11 -12 -13 -14 -15
leaf_value=-0.0018444321120643006 -0.00080797126254947098 0.037293710334055354 -0.076872215900117183 0.031678213683569573 -0.005099060574187797 0.05115653219236397 -0.0086183921012161716 -0.011387147765898361 0.03056384647342197 0.024606549492813795 -0.019706149299430483 -0.0080241884162722214 -0.071985733965370988 -0.043581949265506008
leaf_weight=191.39858836773783 374.07397909054998 19.86564565077424 8.2614904996007663 40.487963978201151 2.5453552508261037 33.594968415796757 33.106004826724529 314.15737165126484 18.816056551877409 54.392935022478923 3.4851011484861365 1.8399838153272856 4.5233367849141359 3.8504224568605423
leaf_count=2388 4005 471 72 437 25 907 328 4439 201 580 34 31 63 39
internal_value=-0.000144678 0.00696786 0.000924567 0.0041196 -0.00325544 0.0237842 0.00897172 -0.00252231 -0.00893211 0.00246813 0.0441537 -0.066184 -0.0526105 -0.031027
internal_weight=1104.4 332.04 241.988 231.887 772.359 90.0517 52.9717 761.44 332.973 428.467 37.0801 10.1015 10.9191 6.39578
internal_count=14020 4668 2928 2825 9352 1740 799 9225 4640 4585 941 103 127 64
cat_boundaries=0 1 2 3
cat_threshold=5 1 1
is_linear=0
shrinkage=0.05


Tree=155
num_leaves=15
num_cat=0
split_feature=22 44 39 26 5 4 39 34 26 5 20 5 31 40
split_gain=10.0325 11.781 21.0715 33.4252 21.4959 16.9244 62.2358 20.4971 10.4745 11.0299 9.23109 3.16609 4.22174 1.58963
threshold=88.173611500000007 38.70000000000001 20.650000000000002 20.550000000000004 0.14888728888808322 0.97112537654464559 25.100000000000005 24.050000000000004 21.750000000000004 0.44312301391210612 31.450000000000003 -0.84313311835787952 39.400000000000013 66.850000000000009
decision_type=2 2 2 2 2 2 2 2 2 2 2 2 2 2
left_child=1 2 3 -1 -4 7 -7 -3 9 10 -2 -10 -13 -11
right_child=8 5 4 -5 -6 6 -8 -9 11 13 -12 12 -14 -15
leaf_value=0.0022910422799640967 -0.050062209338590638 -0.012731444242693825 0.042813793476224105 -0.12513108045789453 -8.2579208773551584e-05 -0.065157088016997503 0.029383521749408531 0.010191853893170634 0.035563957981521753 -0.010897942545295691 0.0092456783441513743 0.033132904017251531 -0.027351545196759655 0.027571665706662765
leaf_weight=449.5989915560931 36.366711167618632 187.39974144299049 67.236519019119442 4.2061507627367964 51.050179875455797 42.271938544465229 28.355296044144779 201.15702011261601 8.0866007287986594 3.3128234203904849 7.6164027841296038 3.6801511696539801 6.5575677664019167 7.2979465092066675
leaf_count=5870 504 2356 969 31 679 385 308 2278 117 64 119 66 121 133
internal_value=-0.000302932 0.000971541 0.00575485 0.00083748 0.0244551 -0.00498748 -0.0273208 -0.000868284 -0.018097 -0.0289458 -0.0398148 0.0140502 -0.00459561 0.0156568
internal_weight=1104.19 1031.28 572.092 453.805 118.287 459.184 70.6272 388.557 72.9182 54.5939 43.9831 18.3243 10.2377 10.6108
internal_count=14000 12876 7549 5901 1648 5327 693 4634 1124 820 623 304 187 197
is_linear=0
shrinkage=0.05


Tree=156
num_leaves=15
num_cat=0
split_feature=29 40 34 26 34 36 5 32 39 44 38 26 7 26
split_gain=8.80229 21.5814 15.5134 13.324 12.7273 22.1556 16.5683 22.2596 11.8187 19.1275 18.5179 5.89028 5.42769 3.64873
threshold=1.5000000000000002 1.1500000000000001 23.250000000000004 17.250000000000004 20.950000000000003 96.500000000000014 0.97648852793709995 28.1711305 19.550000000000004 42.300000000000004 7.1994045000000009 14.65 27.800000000000001 18.850000000000005
decision_type=2 2 2 2 2 2 2 2 2 2 2 2 2 2
left_child=4 2 3 -2 5 12 7 -6 10 -10 -3 -7 -1 -8
right_child=1 8 -4 -5 6 11 13 -9 9 -11 -12 -13 -14 -15
leaf_value=-0.058025259428491051 0.021296508930272996 0.0024487843944646379 0.0045705962832806504 -0.079794827279853153 0.038614482389076416 -0.0041076384081991726 -0.0045385963250456378 0.00095934752346098792 0.012594777480966841 -0.0076257107792813313 -0.020383658238126066 0.044136455257315368 0.021871072955046564 -0.057641204261093808
leaf_weight=19.266417544800792 3.4563831230625537 208.876763123204 12.548532037064431 18.976295169908553 78.878791908035055 13.295736983884128 5.5504508386366052 77.259840646293014 296.88605215551797 191.69678985653445 153.23735475004651 10.809407877735792 1.8586663804016996 7.4226775566348806
leaf_count=312 52 2993 158 162 919 227 98 927 3872 2276 1762 162 21 89
internal_value=0.000189461 -0.0020129 -0.0399424 -0.0639747 0.00925688 -0.0140804 0.0155447 0.0201068 -0.00040815 0.00466184 -0.00724284 0.0184227 -0.0503249 -0.0368724
internal_weight=1100.02 885.678 34.9812 22.4327 214.342 45.2302 169.112 156.139 850.697 488.583 362.114 24.1051 21.1251 12.9731
internal_count=14030 11275 372 214 2755 722 2033 1846 10903 6148 4755 389 333 187
is_linear=0
shrinkage=0.05


Tree=157
num_leaves=15
num_cat=0
split_feature=29 40 14 13 44 32 2 5 32 20 17 39 14 39
split_gain=9.78154 24.6976 11.9818 17.1581 14.9651 11.5906 17.6336 16.3188 23.9378 9.82205 10.8957 9.52152 3.72791 3.60131
threshold=1.5000000000000002 1.2500000000000002 14.950000000000001 8.285416500000002 32.20000000000001 26.964285500000003 2.5000000000000004 0.97648852793709995 28.1711305 36.150000000000013 29.350000000000005 19.250000000000004 15.450000000000001 19.750000000000004
decision_type=2 2 2 2 2 2 2 2 2 2 2 2 2 2
left_child=5 9 3 -3 -4 6 11 8 -7 10 -2 -1 -8 -9
right_child=1 2 4 -5 -6 7 12 13 -10 -11 -12 -13 -14 -15
leaf_value=0.0039258292261732386 -0.011223416963917404 -0.0035690940722584831 -0.023915878120000192 -0.034368968325858652 0.0062996311822434052 0.042310088036372345 0.0039503937427242692 -0.0026059645951102598 0.001653653227882182 0.0096889840684425722 -0.073365306504568406 -0.058557511290202029 0.042086319745586395 -0.05692758428690059
leaf_weight=8.7504033478908259 11.001988542382607 282.20907769713085 43.955463423044421 52.917397242970765 464.12917471025139 66.79281028942205 19.687688124366108 4.915247952565549 77.883248007157817 7.3794758110307148 20.94483142637182 18.238930915598758 8.6760962451808137 7.5001591246109456
leaf_count=104 138 3953 512 602 5790 772 357 79 929 119 184 295 107 88
internal_value=-0.000704655 -0.00302466 -0.00119507 -0.00852026 0.00364378 0.00890211 -0.0106356 0.0158102 0.0205852 -0.0412511 -0.0529548 -0.0388829 0.0166517 -0.037219
internal_weight=1094.98 882.537 843.211 335.126 508.085 212.445 55.3531 157.091 144.676 39.3263 31.9468 26.9893 28.3638 12.4154
internal_count=14029 11298 10857 4555 6302 2731 863 1868 1701 441 322 399 464 167
is_linear=0
shrinkage=0.05


Tree=158
num_leaves=9
num_cat=1
split_feature=0 13 36 39 14 14 40 44
split_gain=10.2489 8.04307 14.9119 19.6455 15.7894 14.6797 17.748 14.224
threshold=0 7.7812500000000009 95.500000000000014 19.350000000000005 13.15 16.350000000000005 9.1000000000000014 32.20000000000001
decision_type=1 2 2 2 2 2 2 2
left_child=-1 2 3 -2 -4 6 -3 -7
right_child=1 5 4 -5 -6 7 -8 -9
leaf_value=-0.03011187633388366 0.031794318046170104 0.021352874790735086 -0.0010622130175462529 -0.042834991889661486 0.018660312458498838 -0.045029933613235568 -0.023756669000402523 0.0031258825334974276
leaf_weight=16.28833101131022 11.452149141579865 25.456311439163983 198.64948485279456 30.245558919850737 206.24492857418954 14.848319474607704 127.25444526132196 472.83331757877022
leaf_count=2323 106 304 2451 312 2323 137 1295 4819
internal_value=0.000159838 0.000909127 0.00606063 -0.0220737 0.00900526 -0.00267306 -0.0161471 0.00157055
internal_weight=1103.27 1086.98 446.592 41.6977 404.894 640.392 152.711 487.682
internal_count=14070 11747 5192 418 4774 6555 1599 4956
cat_boundaries=0 1
cat_threshold=16
is_linear=0
shrinkage=0.05


Tree=159
num_leaves=15
num_cat=1
split_feature=0 34 5 37 36 4 40 36 37 8 14 14 37 36
split_gain=11.7194 11.5016 15.4505 25.1026 24.9186 8.34431 21.4057 18.792 8.4929 8.30081 8.23539 5.8235 3.82635 3.35186
threshold=0 25.150000000000002 0.23328369003117272 39.500000000000007 96.500000000000014 0.63257020223555627 11.850000000000003 95.500000000000014 27.500000000000004 31.750000000000004 14.750000000000002 17.150000000000002 34.500000000000007 88.500000000000014
decision_type=1 2 2 2 2 2 2 2 2 2 2 2 2 2
left_child=1 2 3 -1 -4 8 7 -7 -2 11 -10 -3 -8 -11
right_child=5 9 4 -5 -6 6 12 -9 10 13 -12 -13 -14 -15
leaf_value=-0.043037295198367707 -0.063509871453649461 -0.054185464288991375 0.0016518677540791249 0.00081105808759753407 0.040193133734888573 -0.017212673573129323 0.014036203092958548 0.02879896941275047 -0.0094176993321602662 -0.019454180000082824 0.0053215074328696148 0.027198615655487021 -0.049299231389586334 0.042115147098240005
leaf_weight=35.937060311436653 4.5225518703227854 3.8465117681771508 136.11329693347216 280.29128312971443 59.67380998423323 74.712996836635284 2.1192245418205848 30.404995569610037 166.01123272883706 1.7985499091446389 218.12769673555158 3.179938942193985 39.470841038506478 34.42319805175066
leaf_count=306 78 21 1191 3221 1618 1013 31 340 2095 38 2622 23 818 558
internal_value=-0.000472297 0.00457759 0.00254112 -0.00429195 0.0135434 -0.00568791 -0.0159111 -0.003758 -0.00194402 0.0291196 -0.00105617 -0.0185539 -0.0458182 0.0386175
internal_weight=1090.63 555.264 512.015 316.228 195.787 535.37 146.708 105.118 388.661 43.2482 384.139 7.02645 41.5901 36.2217
internal_count=13973 6976 6336 3527 2809 6997 2202 1353 4795 640 4717 44 849 596
cat_boundaries=0 1
cat_threshold=7
is_linear=0
shrinkage=0.05


Tree=160
num_leaves=15
num_cat=2
split_feature=0 5 34 39 38 39 44 35 35 1 4 38 21 43
split_gain=14.1171 12.4846 29.6005 33.2031 23.1766 35.6069 13.8436 13.1798 6.94644 12.9269 19.6994 15.4749 11.1543 8.42869
threshold=0 0.28313308994381586 23.050000000000004 19.450000000000003 11.120238000000002 23.550000000000004 45.20000000000001 58.401786000000008 85.943452500000021 1 0.94978112945126536 7.6806545000000011 24.950000000000003 21.950000000000003
decision_type=1 2 2 2 2 2 2 2 2 1 2 2 2 2
left_child=1 4 3 -3 5 -1 -6 -4 9 11 -11 -2 13 -10
right_child=8 2 7 -5 6 -7 -8 -9 12 10 -12 -13 -14 -15
leaf_value=0.0028097710879855537 0.012567090774820038 0.03647765917062902 -0.049377106565122536 -0.016122121773764157 0.048729710338394822 -0.038611720513783865 0.0041098792633360781 0.051529519813379436 0.010177741751189708 -0.030320307754891775 0.017389402803850571 -0.013869106651030914 0.048534980850958462 -0.013614407951075309
leaf_weight=239.45120237953961 95.247704749461263 45.358950352296233 2.6741473972797385 84.049237906001508 32.847111446782947 65.19353851210326 36.153096934780478 52.748226892203093 75.137712184805423 119.04238287045155 25.702019309974276 129.35223451082129 11.065757873002438 71.849329113727435
leaf_count=2912 955 932 14 897 492 544 363 892 902 2094 406 1527 109 987
internal_value=-0.000529105 0.00496933 0.0156492 0.002453 -0.000208675 -0.0061517 0.0257436 0.0458719 -0.0063243 -0.0101897 -0.0217874 -0.00265211 0.00231823 -0.0014656
internal_weight=1085.87 558.476 184.831 129.408 373.645 304.645 69.0002 55.4224 527.397 369.344 144.744 224.6 158.053 146.987
internal_count=14026 7046 2735 1829 4311 3456 855 906 6980 4982 2500 2482 1998 1889
cat_boundaries=0 1 2
cat_threshold=7 1
is_linear=0
shrinkage=0.05


Tree=161
num_leaves=15
num_cat=2
split_feature=0 44 39 5 44 5 39 43 34 4 7 36 1 43
split_gain=10.4906 10.8761 25.9102 24.4202 21.9133 16.6931 39.0836 16.719 6.67771 12.2895 28.9151 9.32943 11.9691 8.12104
threshold=0 38.70000000000001 20.750000000000004 -0.26867065956352881 37.600000000000001 -0.40613878790836588 24.800000000000001 18.750000000000004 22.650000000000002 0.2603727204637144 28.114583500000006 99.500000000000014 1 21.950000000000003
decision_type=1 2 2 2 2 2 2 2 2 2 2 2 1 2
left_child=8 2 3 -2 -4 7 -7 -3 11 13 -11 -1 -13 -10
right_child=1 5 4 -5 -6 6 -8 -9 9 10 -12 12 -14 -15
leaf_value=-0.050491862798370639 -0.011459861516013064 -0.0059644495036161593 0.014013418788358892 0.012502165370182027 0.064852749333411133 -0.029214383523435829 0.013912882365244567 0.023711466553698376 -0.008837115037166561 0.05299273338115993 -0.019641373738234727 -0.041607142086031314 0.08093633166261098 -0.046006076101380022
leaf_weight=20.478076259023513 196.08314854744822 109.19282264448702 70.535639310255647 229.91247594635934 29.802799873054028 140.25007103662938 82.876297218725085 82.534522715955973 41.914168611634523 21.961109852883965 33.088147874339484 3.3376065827906123 2.7461203492712229 22.172272318974137
leaf_count=879 1722 893 738 2619 397 1375 801 865 1190 578 1045 97 91 793
internal_value=0.000121855 0.00209242 0.00688077 0.00147159 0.0296048 -0.00393428 -0.0132049 0.00686714 -0.0118688 -0.00747545 0.00976345 -0.0348942 0.0173245 -0.0222059
internal_weight=1086.89 941.188 526.334 425.996 100.338 414.854 223.126 191.727 145.698 119.136 55.0493 26.5618 6.08373 64.0864
internal_count=14083 9410 5476 4341 1135 3934 2176 1758 4673 3606 1623 1067 188 1983
cat_boundaries=0 1 2
cat_threshold=24 1
is_linear=0
shrinkage=0.05


Tree=162
num_leaves=10
num_cat=0
split_feature=43 43 44 39 34 21 43 37 4
split_gain=8.84778 9.54622 8.43958 18.5592 17.227 6.06461 5.57542 2.2251 0.269743
threshold=43.800000000000004 35.600000000000001 38.70000000000001 20.750000000000004 24.950000000000003 25.350000000000005 36.250000000000007 61.500000000000007 0.62587949062545845
decision_type=2 2 2 2 2 2 2 2 2
left_child=1 2 3 -1 -4 -2 -3 -8 -7
right_child=5 6 4 -5 -6 8 7 -9 -10
leaf_value=-0.001016671770799513 -0.054301094939927734 0.066092254326950664 -0.010164087201553363 0.021587833817712797 0.014916301380633355 0.013676708999937868 0.033803027632060813 0.0021188982996881056 -0.0056962245127795191
leaf_weight=462.12037915189285 11.598602614714766 6.3860009070485857 378.72745175450109 111.98655030666851 82.602722103707492 3.5636713784188023 8.3380332184024173 13.985961120575665 2.2374476538971066
leaf_count=6207 153 68 4667 1622 951 39 133 174 32
internal_value=-0.0004146 0.000179617 -0.000621597 0.00342248 -0.00565081 -0.0347909 0.028124 0.0148949 0.00646581
internal_weight=1081.55 1064.15 1035.44 574.107 461.33 17.3997 28.71 22.324 5.80112
internal_count=14046 13822 13447 7829 5618 224 375 307 71
is_linear=0
shrinkage=0.05


Tree=163
num_leaves=15
num_cat=1
split_feature=0 31 39 4 37 39 40 11 40 32 11 39 32 39
split_gain=11.9343 10.7642 13.0676 15.4312 14.3582 10.1195 7.30731 7.21363 7.12477 15.2728 7.31926 7.07251 7.90811 5.89448
threshold=0 46.250000000000007 25.250000000000004 0.97696484778429815 25.500000000000004 27.450000000000006 90.050000000000026 97.500000000000014 0.55000000000000016 28.295238000000001 85.500000000000014 23.150000000000002 27.223809500000005 25.250000000000004
decision_type=1 2 2 2 2 2 2 2 2 2 2 2 2 2
left_child=1 2 3 -1 -4 6 -3 8 9 -2 -10 12 -9 -13
right_child=7 5 4 -5 -6 -7 -8 11 10 -11 -12 13 -14 -15
leaf_value=0.0073323301818990581 0.024770950549916723 -0.048843589040592404 -0.048374035972234462 -0.023385337921973448 0.044748297446678825 0.017455883330146471 0.021812151961380179 -0.0081131218335403193 -0.02992965234745908 -0.037230352859512685 -0.0089033836778686076 0.056157986462816015 0.018296032117667522 -0.002457291258658846
leaf_weight=430.68556146975607 36.146935257012956 21.683886313810948 3.8560050055384627 44.187509961426258 34.557696414645761 11.259604174643753 3.7645300123840562 96.454579365439713 47.843132611829787 12.590513453353195 284.79122529888991 9.8363037141971308 38.974673920427449 6.9651234466582528
leaf_count=5763 442 148 28 418 492 123 79 1189 681 131 3976 109 430 95
internal_value=-0.000357506 0.00476786 0.00673705 0.00443088 0.0344104 -0.0209514 -0.0379621 -0.00562335 -0.00939447 0.00832743 -0.0120083 0.00345681 -0.000434533 0.0330857
internal_weight=1083.6 549.995 513.287 474.873 38.4137 36.708 25.4484 533.602 381.372 48.7374 332.634 152.231 135.429 16.8014
internal_count=14104 7051 6701 6181 520 350 227 7053 5230 573 4657 1823 1619 204
cat_boundaries=0 1
cat_threshold=7
is_linear=0
shrinkage=0.05


Tree=164
num_leaves=9
num_cat=2
split_feature=0 34 29 40 39 34 1 4
split_gain=9.5169 9.25869 13.3552 18.3049 11.1706 7.44134 2.51144 2.38031
threshold=0 20.250000000000004 1.5000000000000002 1.2500000000000002 19.750000000000004 19.200000000000003 1 -0.29343379936893915
decision_type=1 2 2 2 2 2 1 2
left_child=-1 5 4 -4 -3 6 -2 -7
right_child=1 2 3 -5 -6 7 -8 -9
leaf_value=-0.029279638518651643 0.029805239796737593 0.033796917425610994 -0.035858446943695242 0.00083754635302363961 0.0063530492824470444 0.0067733434847894475 -0.01840680586462105 -0.055504569286301958
leaf_weight=15.227850895491429 4.6019985685125011 51.094356804154813 34.45461247023195 818.31071257404983 130.90388386044651 1.4877210706472404 4.2890653619542718 13.529410498216745
leaf_count=2306 73 597 347 9000 1365 25 74 216
internal_value=0.000488936 0.00120925 0.00194396 -0.00068536 0.0142002 -0.0289055 0.00703808 -0.0492971
internal_weight=1073.9 1058.67 1034.76 852.765 181.998 23.9082 8.89106 15.0171
internal_count=14003 11697 11309 9347 1962 388 147 241
cat_boundaries=0 1 2
cat_threshold=16 1
is_linear=0
shrinkage=0.05


Tree=165
num_leaves=15
num_cat=1
split_feature=0 34 34 36 36 33 4 32 38 39 34 36 4 36
split_gain=10.4641 12.0617 16.3819 22.9876 18.4397 10.9744 18.1172 9.32532 15.9764 11.2413 6.45748 5.77066 9.0624 2.33953
threshold=0 25.250000000000004 24.550000000000004 97.500000000000014 96.500000000000014 35.350000000000001 0.79383249484937135 27.223809500000005 7.6994045000000009 22.850000000000005 22.450000000000003 97.500000000000014 0.71503381463111937 89.500000000000014
decision_type=1 2 2 2 2 2 2 2 2 2 2 2 2 2
left_child=1 2 4 -4 -1 7 -7 9 -9 -2 -8 13 -13 -3
right_child=5 11 3 -5 -6 6 10 8 -10 -11 -12 12 -14 -15
leaf_value=-0.0046754321547523526 -0.01383565121246849 0.0055264463212884906 0.0052134370440187561 -0.0384043269167684 0.017264177600999603 -0.068421908134179185 0.04553639633432488 0.020260370895393984 -0.0091951038321404794 0.011204655421772907 -0.013805417581338115 0.043354469834254714 -0.05671293340777548 0.052574808874401163
leaf_weight=164.07289776578546 189.33759301609825 3.3062635520473185 73.028397656977177 50.270865699276328 227.89414406102151 15.304229068337007 3.9116101912222794 100.16851552354638 83.655256263562478 57.797595829702914 75.251560737611726 3.8089603781700125 3.2785351872444153 20.180972981266677
leaf_count=1438 2520 90 495 369 4168 230 35 1128 1273 754 1046 63 17 378
internal_value=4.8582e-05 0.00484883 0.00309298 -0.012736 0.00809198 -0.00493625 -0.0203692 -0.00162826 0.00687843 -0.00795791 -0.0103418 0.0349401 -0.0042236 0.046448
internal_weight=1071.27 545.841 515.266 123.299 391.967 525.426 94.4674 430.959 183.824 247.135 79.1632 30.5747 7.0875 23.4872
internal_count=14004 7018 6470 864 5606 6986 1311 5675 2401 3274 1081 548 80 468
cat_boundaries=0 1
cat_threshold=7
is_linear=0
shrinkage=0.05


Tree=166
num_leaves=9
num_cat=1
split_feature=0 29 43 34 34 36 5 14
split_gain=8.95658 8.32158 19.0844 16.1855 11.9891 17.1346 13.5923 10.6658
threshold=0 1.5000000000000002 0.65000000000000002 23.250000000000004 20.950000000000003 96.500000000000014 0.97648852793709995 14.950000000000001
decision_type=1 2 2 2 2 2 2 2
left_child=-1 4 3 -3 5 -2 -6 -4
right_child=1 2 7 -5 6 -7 -8 -9
leaf_value=-0.029072521315088286 -0.047823460793467318 -0.059228045284111366 -0.0067531921239632796 0.00093173240284045349 0.020231262124321102 0.015200390481624549 -0.032581466624174556 0.0049392490783668657
leaf_weight=14.982534314272925 18.934395934455097 24.67380852997303 324.43026819359511 19.750634014606476 147.54261425789446 22.722593429032713 12.379392005968837 485.78422327945009
leaf_count=2347 273 224 3814 216 1514 325 152 5205
internal_value=-6.85064e-05 0.000638975 -0.00151304 -0.0330499 0.00975691 -0.0138955 0.015966 0.000254748
internal_weight=1071.2 1056.22 854.639 44.4244 201.579 41.657 159.922 810.214
internal_count=14070 11723 9459 440 2264 598 1666 9019
cat_boundaries=0 1
cat_threshold=16
is_linear=0
shrinkage=0.05


Tree=167
num_leaves=9
num_cat=2
split_feature=0 1 39 44 34 32 35 34
split_gain=8.40783 7.5369 13.0257 12.6459 10.3329 13.2987 5.32538 3.85308
threshold=0 1 27.250000000000004 38.70000000000001 25.150000000000002 28.132440500000005 86.428571500000018 26.550000000000004
decision_type=1 1 2 2 2 2 2 2
left_child=-1 4 3 -3 5 -2 -4 -6
right_child=1 2 6 -5 7 -7 -8 -9
leaf_value=-0.028679330659450754 0.0065483466009057523 0.0011436048729374735 0.022002919382286656 -0.015538278314325672 0.031408244452408418 -0.012425187438296039 0.092843937233104967 -0.013079253476741798
leaf_weight=14.520013606990688 403.80630558356643 268.96963692875579 16.188111890107397 195.51773256575689 41.799164894036949 118.67425054684281 2.4798827748745671 4.9392467876896253
leaf_count=2347 4335 3417 144 2271 454 1005 30 66
internal_value=-0.000323092 0.000363812 -0.00422082 -0.00589663 0.00426223 0.00222327 0.0356556 0.0265314
internal_weight=1066.89 1052.37 483.155 464.487 569.219 522.481 18.668 46.7384
internal_count=14069 11722 5862 5688 5860 5340 174 520
cat_boundaries=0 1 2
cat_threshold=16 1
is_linear=0
shrinkage=0.05


Tree=168
num_leaves=7
num_cat=1
split_feature=24 0 32 34 4 37
split_gain=8.35815 8.08179 7.21372 14.574 8.91978 2.29016
threshold=74.500000000000014 0 26.147024000000005 20.350000000000005 0.29342972903661901 63.500000000000007
decision_type=2 1 2 2 2 2
left_child=1 -1 4 -4 -3 -2
right_child=5 2 3 -5 -6 -7
leaf_value=-0.028367531649715446 -0.077569572316498261 0.025209022468148691 -0.05145843351155413 5.3911736469937531e-05 -0.035469318999455872 -0.0090914376143792063
leaf_weight=14.163638798636384 3.4487746190279713 48.025705219246447 12.926000238861887 979.39355356385931 6.0220724097453049 2.0899361332412809
leaf_count=2333 47 698 218 10606 102 34
internal_value=-0.000715928 -0.000368113 0.000305539 -0.000668219 0.0179266 -0.0570726
internal_weight=1066.07 1060.53 1046.37 992.32 54.0478 5.53871
internal_count=14038 13957 11624 10824 800 81
cat_boundaries=0 1
cat_threshold=16
is_linear=0
shrinkage=0.05


Tree=169
num_leaves=15
num_cat=2
split_feature=0 8 36 4 40 44 42 38 37 35 38 1 26 4
split_gain=8.12094 10.7185 16.2937 15.6313 27.4513 16.0268 15.3586 10.2233 6.57962 15.1152 12.2086 18.8125 11.5901 9.60032
threshold=0 33.150000000000013 94.500000000000014 0.39036257410962039 32.850000000000009 39.050000000000004 2.5000000000000004 10.886607000000003 61.500000000000007 87.44642850000001 12.562500000000002 1 16.450000000000003 -0.27694604220087021
decision_type=1 2 2 2 2 2 2 2 2 2 2 1 2 2
left_child=8 3 6 5 -5 -2 -3 -4 10 13 12 -12 -1 -10
right_child=1 2 7 4 -6 -7 -8 -9 9 -11 11 -13 -14 -15
leaf_value=0.00073299571075827533 0.010378508396129853 0.019829138824119068 0.015359951926848801 -0.036554299005390367 0.0028032025921534438 -0.0087521061405158255 -0.011639599669331223 0.050187167819034539 -0.0060862347476987808 -0.041496843138208818 -0.046084965842976555 0.095303393278599213 -0.037269529041345777 0.045662508365618942
leaf_weight=30.332628011004999 276.59095595078543 58.390970963984728 99.81605969928205 78.294101010076702 100.10702123120427 179.83359090518206 110.69510188139975 26.332684541121125 16.948893313296139 12.44060071010608 3.2768468793947241 4.554109450429678 58.042009771103039 17.537329324521124
leaf_count=964 3288 584 984 576 882 1889 988 249 618 545 61 64 2087 332
internal_value=-0.000171983 0.00157381 0.00944476 -0.00207103 -0.0145769 0.00283829 -0.000719721 0.0229674 -0.0108076 0.00374482 -0.0189832 0.0376207 -0.0243637 0.0207748
internal_weight=1073.19 930.06 295.235 634.826 178.401 456.425 169.086 126.149 143.132 46.9268 96.2056 7.83096 88.3746 34.4862
internal_count=14111 9440 2805 6635 1458 5177 1572 1233 4671 1495 3176 125 3051 950
cat_boundaries=0 1 2
cat_threshold=24 1
is_linear=0
shrinkage=0.05


Tree=170
num_leaves=15
num_cat=2
split_feature=0 20 40 37 1 4 4 37 37 4 40 4 33 5
split_gain=11.2307 11.3059 23.0007 24.2776 15.6608 25.0915 16.1917 8.76744 16.9621 14.0174 13.744 15.2334 7.65358 5.09047
threshold=0 33.150000000000013 27.050000000000004 50.500000000000007 1 -0.452744437932114 -0.55657520495441892 51.500000000000007 52.500000000000007 0.59868201182722736 11.850000000000003 0.9893236546938301 32.45000000000001 0.60383265664488517
decision_type=1 2 2 2 1 2 2 2 2 2 2 2 2 2
left_child=1 4 3 -3 5 -1 -6 10 13 -10 11 -2 -12 -9
right_child=7 2 -4 -5 6 -7 -8 8 9 -11 12 -13 -14 -15
leaf_value=0.041768456274520194 -0.012524004942913131 0.01246376921781695 0.049987760342362797 -0.046870589811413163 -0.034837839752465155 -0.0034928047639153832 -0.00089321909990738185 0.078772720778487015 0.00064994015256635018 -0.045312608035516254 0.012319107587053742 0.031918260726399188 -0.051151290504344138 0.0083498107796829927
leaf_weight=44.702242923434824 154.04478415421909 182.9706238489598 35.787144554778934 18.038949990645051 49.817502357065678 92.377812119200826 113.98625289555639 7.6406260728836042 289.43976813647896 16.595031486358494 5.2382666284684083 21.052526250714436 28.930158592062071 4.0189917893148959
leaf_count=1078 2072 2072 410 103 934 1126 1291 73 3592 353 84 240 593 47
internal_value=0.000348349 0.00537506 0.013623 0.00693334 -0.000961689 0.0114626 -0.0113655 -0.00479213 0.000357851 -0.00198189 -0.0128029 -0.00702966 -0.0413472 0.0570754
internal_weight=1064.64 537.681 236.797 201.01 300.884 137.08 163.804 526.96 317.694 306.035 209.266 175.097 34.1684 11.6596
internal_count=14068 7014 2585 2175 4429 2204 2225 7054 4065 3945 2989 2312 677 120
cat_boundaries=0 1 2
cat_threshold=7 1
is_linear=0
shrinkage=0.05


Tree=171
num_leaves=14
num_cat=0
split_feature=31 5 38 26 13 40 40 20 31 9 5 10 5
split_gain=10.5274 9.8506 9.54724 8.82488 15.2437 10.8931 22.775 15.8091 10.3802 5.38486 3.78417 2.01826 0.547896
threshold=46.250000000000007 -0.9575230291762723 10.977381000000001 15.050000000000002 8.3687500000000021 32.850000000000009 14.050000000000002 31.450000000000003 30.050000000000001 24.450000000000003 0.31595530242620651 88.520833500000023 -0.97507822412530132
decision_type=2 2 2 2 2 2 2 2 2 2 2 2 2
left_child=3 12 9 4 8 6 -5 -7 -1 -3 -4 -6 -2
right_child=1 2 10 5 11 7 -8 -9 -10 -11 -12 -13 -14
leaf_value=-0.010245945212538316 0.0071823546601032908 -0.00031713911027162362 -0.0044803151468338865 0.0032922009869221672 -0.062676114138071296 -0.0065253475601511068 -0.02574804587330505 0.015465448254970704 0.02272246538180139 -0.068761409356904488 -0.046325792400668545 -0.0046882826996090749 0.042005201102935943
leaf_weight=137.7982477900805 2.0131287332624197 3.5359430608805296 30.830002592643723 338.5013650021865 12.895697808009571 114.71562368178274 83.284928103210405 279.21287757309619 27.863835809286684 14.561860268237067 5.6238049954408771 1.8722905148752023 4.6056528571061781
leaf_count=2043 33 62 321 4334 155 1787 994 3561 414 154 59 31 61
internal_value=-0.000367032 -0.0203288 -0.0273791 0.000877918 -0.00909803 0.00309296 -0.00248936 0.00906122 -0.0045977 -0.0561056 -0.0120004 -0.056088 0.0337466
internal_weight=1057.32 61.1704 54.5516 996.145 180.43 815.715 421.786 393.929 165.662 18.0978 36.4538 14.768 6.61878
internal_count=14009 690 596 13319 2643 10676 5328 5348 2457 216 380 186 94
is_linear=0
shrinkage=0.05


Tree=172
num_leaves=10
num_cat=1
split_feature=43 43 42 24 39 21 43 0 35
split_gain=7.65908 9.16361 7.78733 18.2576 9.35773 6.22024 5.39255 4.6866 0.270867
threshold=43.800000000000004 35.600000000000001 4.5000000000000009 32.500000000000007 19.750000000000004 25.350000000000005 36.250000000000007 0 82.389881000000017
decision_type=2 2 2 2 2 2 2 1 2
left_child=1 2 4 -4 -1 -2 -3 -8 -7
right_child=5 6 3 -5 -6 8 7 -9 -10
leaf_value=0.021004035792943326 -0.053720625990404794 0.06191932894766923 -0.048563216190157993 -0.0015658049176515525 0.00077137406957335491 -0.0047678705602786104 0.025866680369328016 -0.0097930903990767204 0.014710419618912861
leaf_weight=81.789190024603158 10.779604752664456 7.4398762471973923 20.275185498641804 724.21926309552509 184.78342433087528 2.2424055440351358 9.5653721243143046 11.854153784923259 3.7299717627465725
leaf_count=1189 151 76 230 9645 2369 31 149 151 44
internal_value=-3.25981e-05 0.000522812 -0.000283111 -0.00290913 0.00703441 -0.0325985 0.0278216 0.0137445 0.00776213
internal_weight=1056.68 1039.93 1011.07 744.494 266.573 16.752 28.8594 21.4195 5.97238
internal_count=14035 13809 13433 9875 3558 226 376 300 75
cat_boundaries=0 1
cat_threshold=7
is_linear=0
shrinkage=0.05


Tree=173
num_leaves=15
num_cat=3
split_feature=0 43 44 4 44 43 1 0 4 32 25 34 21 8
split_gain=10.1918 11.4794 13.4659 29.1828 21.7802 11.6324 8.89594 10.5327 14.7168 9.13906 9.01426 10.8254 6.68247 4.48397
threshold=0 18.850000000000005 34.400000000000013 0.42179998225932674 36.900000000000013 43.800000000000004 1 2 0.24372619187392147 30.676786000000003 5.1687500000000011 24.250000000000004 24.950000000000003 31.350000000000005
decision_type=1 2 2 2 2 2 1 1 2 2 2 2 2 2
left_child=1 2 3 -1 -4 12 7 9 -9 -2 13 -12 -3 -8
right_child=6 5 4 -5 -6 -7 10 8 -10 -11 11 -13 -14 -15
leaf_value=0.025014859580240224 0.0038528436221733665 0.040285729427509978 0.042825509939847635 -0.04508104825556257 5.5564460675518625e-05 -0.033169560354601911 -0.089665482366770188 -0.036756640507831125 0.0071501815369033744 0.050027995719834822 -0.0023289072730462448 -0.023070419454628375 0.0041720852852334357 -0.02063064246011637
leaf_weight=23.446021664887667 332.22461303509772 49.418880602810532 36.692171578295529 37.246288277208805 141.56682049762458 7.0512775853276244 4.0318478873232362 39.626336648361757 35.474046584451571 10.08617620822042 231.29173777659889 85.548831550055183 17.506645541638136 5.9380654068663716
leaf_count=564 2267 1335 574 281 1713 77 62 1231 1104 80 3272 1304 158 72
internal_value=-0.000165647 0.00725703 0.00212309 -0.0180358 0.00904896 0.0245585 -0.00334476 0.00144831 -0.0143146 0.00520358 -0.00955437 -0.0079842 0.0310395 -0.0541773
internal_weight=1057.15 312.928 238.951 60.6923 178.259 73.9768 744.222 417.411 75.1004 342.311 326.81 316.841 66.9255 9.96991
internal_count=14094 4702 3132 845 2287 1570 9392 4682 2335 2347 4710 4576 1493 134
cat_boundaries=0 1 2 3
cat_threshold=5 1 34
is_linear=0
shrinkage=0.05


Tree=174
num_leaves=15
num_cat=2
split_feature=0 43 43 39 39 34 1 39 5 4 37 38 31 13
split_gain=8.32767 12.0016 19.0441 13.6123 10.1029 11.4457 7.91725 10.4004 10.0206 9.11977 12.98 12.2998 5.59727 1.556
threshold=0 17.900000000000002 17.600000000000005 24.950000000000003 19.450000000000003 23.850000000000005 1 14.65 -0.13398942717002901 -0.83377653105606597 64.500000000000014 6.2892860000000015 49.150000000000006 7.7500000000000009
decision_type=1 2 2 2 2 2 1 2 2 2 2 2 2 2
left_child=1 2 3 -1 5 -3 9 -8 -9 10 -2 -11 -6 -4
right_child=6 4 13 -5 12 -7 7 8 -10 11 -12 -13 -14 -15
leaf_value=-0.0020138337590592578 0.0082738627272862138 0.038410857202571431 -0.01279029439324003 0.031076247455536839 0.050454563835281352 -0.010306327606197254 -0.052542581132447176 -0.016034611706489659 0.0016624455581732344 0.031307303224908933 -0.038420124577262849 0.0011313775779073188 -0.010146430805801363 -0.071846175660369632
leaf_weight=174.49439811706543 27.173144672065973 18.248680656775832 1.8295280430465926 36.788480828981847 30.03650553477928 31.456200513988733 12.209489019471219 159.12080249097198 159.49541524826782 36.678469128906727 31.133927151327953 326.28906535485294 3.9988994225859633 8.2844305373728258
leaf_count=2356 330 468 37 432 909 336 209 2210 2295 405 388 3578 37 68
internal_value=-0.000386093 0.00644572 0.000529083 0.00386705 0.0226582 0.00798452 -0.00320575 -0.00902498 -0.0071982 0.0012987 -0.0168865 0.00425834 0.043248 -0.0632755
internal_weight=1057.24 305.137 221.397 211.283 83.7403 49.7049 752.1 330.826 318.616 421.275 58.3071 362.968 34.0354 10.114
internal_count=14058 4643 2893 2788 1750 804 9415 4714 4505 4701 718 3983 946 105
cat_boundaries=0 1 2
cat_threshold=5 1
is_linear=0
shrinkage=0.05


Tree=175
num_leaves=9
num_cat=1
split_feature=0 6 5 8 27 38 6 37
split_gain=7.7396 7.73331 17.0548 11.2824 10.4405 10.3567 10.2291 7.97216
threshold=0 2.5000000000000004 -0.92272482904738273 30.350000000000005 16.050000000000004 8.8303570000000011 1.5000000000000002 57.500000000000007
decision_type=1 2 2 2 2 2 2 2
left_child=-1 2 5 7 -5 -2 -4 -3
right_child=1 3 6 4 -6 -7 -8 -9
leaf_value=-0.02756217270437273 8.4686618949428584e-05 0.012823265925229914 0.0016679970846092227 4.4305858915278572e-05 0.012906577882593254 -0.071232932176206701 -0.028204650180108953 -0.015018272869342212
leaf_weight=13.282865874352865 7.6121106855571297 32.169140836689621 206.67146312212572 318.55158270709217 311.59852286055684 14.353276334702967 32.253524489235133 115.39606093754992
leaf_count=2329 69 377 2173 3622 3612 98 332 1486
internal_value=0.000353577 0.00099234 -0.00643184 0.00350064 0.00641485 -0.0475903 -0.00246539 -0.00890337
internal_weight=1051.89 1038.61 260.89 777.715 630.15 21.9654 238.925 147.565
internal_count=14098 11769 2672 9097 7234 167 2505 1863
cat_boundaries=0 1
cat_threshold=16
is_linear=0
shrinkage=0.05


Tree=176
num_leaves=15
num_cat=3
split_feature=31 27 0 6 43 35 43 1 14 40 25 4 22 1
split_gain=7.55664 14.6228 8.29618 12.471 12.0266 8.48029 16.3343 10.6321 8.43481 5.50322 4.44205 4.40241 1.23438 1.13821
threshold=46.600000000000001 29.550000000000004 0 27.000000000000004 17.900000000000002 85.303571500000018 20.350000000000005 1 12.050000000000002 1.2500000000000002 15.062500000000002 -0.31799228562170639 58.618055500000004 2
decision_type=2 2 1 2 2 2 2 1 2 2 2 2 2 1
left_child=2 9 3 4 -1 7 -7 -4 -5 12 -11 -3 -2 -13
right_child=1 11 5 8 -6 6 -8 -9 -10 10 -12 13 -14 -15
leaf_value=0.0043386240969849462 -0.026880169335006046 -0.0041987480997756369 -0.0012108419623967494 -0.043908054481782893 0.024185482164403384 0.021616909954284697 -0.0083133802533583122 -0.020089114411423435 -0.004004749293791003 -0.053150614747309123 -0.0075252859396659271 0.022320333372687119 0.013693967982339662 0.07124766398447932
leaf_weight=312.1003111959435 1.5401086844503868 6.3518186539877206 191.75335921987426 15.596360502764581 100.31487302295864 80.840377988992259 102.0385990726063 121.19927213841584 66.79724040068686 23.491222944459881 7.2886130020488045 3.5695344097912294 6.2539446419104934 3.1209848104044795
leaf_count=3975 19 98 2204 174 1817 940 1346 2213 759 240 64 48 75 47
internal_value=6.18366e-05 -0.0184032 0.00104152 0.00555259 0.00921295 -0.00350359 0.0049627 -0.00856266 -0.011994 -0.0336849 -0.0429234 0.025974 0.00353156 0.0514405
internal_weight=1042.26 51.6162 990.64 494.809 412.415 495.832 182.879 312.953 82.3936 38.5739 30.7798 13.0423 7.79405 6.69052
internal_count=14019 591 13428 6725 5792 6703 2286 4417 933 398 304 193 94 95
cat_boundaries=0 1 2 3
cat_threshold=7 1 1
is_linear=0
shrinkage=0.05


Tree=177
num_leaves=15
num_cat=2
split_feature=0 5 34 38 38 35 44 35 20 1 4 38 4 34
split_gain=10.396 12.6768 22.439 29.1521 16.7375 30.2217 9.26671 8.09331 12.9127 9.83735 19.0313 11.9589 8.81695 6.19735
threshold=0 0.23328369003117272 23.250000000000004 11.480357000000003 11.120238000000002 73.461309500000013 45.20000000000001 85.080357500000005 31.550000000000004 1 0.94978112945126536 6.044642500000001 0.55656748448714433 23.250000000000004
decision_type=1 2 2 2 2 2 2 2 2 1 2 2 2 2
left_child=1 4 3 -3 5 -1 -6 9 13 11 -11 -2 -10 -9
right_child=7 2 -4 -5 6 -7 -8 8 12 10 -12 -13 -14 -15
leaf_value=-0.052157822960718837 0.038421610762663094 0.011655260755159083 0.047384110814671081 -0.081882237219805809 0.044453359341501741 -0.00015742110129066581 0.0052436586391408722 0.015327149138951236 0.01785350670824749 -0.031772933724853861 0.016207240559048607 -0.0069135886834786157 -0.042419484941708059 -0.016473758798273268
leaf_weight=30.465862611308694 14.843531938269733 130.6280726166442 41.436699514277279 7.8969386070966712 26.436079295352101 249.49499898776412 34.113017054274678 18.036697414703667 101.88408739026636 94.34761257993523 25.710904340608977 177.45462707185652 5.511679404298774 80.422625138424337
leaf_count=283 137 2043 723 56 457 3080 352 216 1118 1816 411 2094 85 1163
internal_value=-0.0001644 0.00477844 0.015564 0.00577429 -0.000810745 -0.0059817 0.0228069 -0.00512182 0.00247062 -0.0102809 -0.0214488 -0.00323349 0.0143974 -0.0105526
internal_weight=1038.68 520.472 179.962 138.525 340.51 279.961 60.5491 518.212 205.855 312.357 120.059 192.298 107.396 98.4593
internal_count=14034 6994 2822 2099 4172 3363 809 7040 2582 4458 2227 2231 1203 1379
cat_boundaries=0 1 2
cat_threshold=7 1
is_linear=0
shrinkage=0.05


Tree=178
num_leaves=15
num_cat=1
split_feature=0 8 4 44 13 24 44 8 11 14 38 31 5 34
split_gain=8.1418 11.5474 19.4319 23.5678 14.28 23.4592 12.5307 10.7654 5.71862 8.00079 9.98096 5.49292 7.7045 6.87825
threshold=0 33.150000000000013 0.81925054981890411 37.250000000000007 7.7812500000000009 65.500000000000014 48.800000000000004 29.950000000000003 97.500000000000014 14.050000000000002 7.9761905000000004 29.000000000000004 0.38043945030393422 23.550000000000004
decision_type=1 2 2 2 2 2 2 2 2 2 2 2 2 2
left_child=1 4 6 -4 7 -6 -3 -1 9 -2 -11 12 -10 -13
right_child=8 2 3 -5 5 -7 -8 -9 11 10 -12 13 -14 -15
leaf_value=-0.024181386940255838 -0.021789134797923312 0.04087869871724846 0.039484301222685828 -0.012938552369937682 -0.023518760275906589 0.01158755095238824 -0.050503595822802075 0.015511523461270233 -0.039468435706085006 0.0099165025801696994 -0.010112922959174457 -0.0063351703722959469 0.005221503253799175 0.019251178694190157
leaf_weight=18.587255991995335 78.336273852211889 64.053032680414617 28.671243591234088 76.292864973191172 118.46567694656551 78.294100557919592 3.152811422944068 137.0725803989917 14.630169742624274 89.778974353044759 196.91947611840442 41.674917212221771 24.666167321847752 68.261576001881622
leaf_count=349 1198 886 373 813 1186 1082 17 2326 226 1109 2898 522 307 751
internal_value=0.000142692 0.00447778 0.0151357 0.00161838 -0.000630387 -0.0095614 0.0359141 0.0106477 -0.00428329 -0.00773152 -0.00382809 0.00386155 -0.0119833 0.00958219
internal_weight=1038.86 524.59 172.17 104.964 352.42 196.76 67.2058 155.66 514.268 365.035 286.698 149.233 39.2963 109.936
internal_count=14043 7032 2089 1186 4943 2268 903 2675 7011 5205 4007 1806 533 1273
cat_boundaries=0 1
cat_threshold=7
is_linear=0
shrinkage=0.05


Tree=179
num_leaves=11
num_cat=0
split_feature=22 39 26 13 31 31 44 36 7 2
split_gain=8.38384 8.08515 6.89151 14.2451 10.5996 10.384 16.901 4.20482 0.983103 0.443947
threshold=89.819444500000017 17.550000000000004 15.050000000000002 8.3687500000000021 30.050000000000001 29.350000000000005 31.150000000000002 94.500000000000014 26.297916500000003 7.5000000000000009
decision_type=2 2 2 2 2 2 2 2 2 2
left_child=2 -2 3 4 -1 7 -7 -4 -5 -3
right_child=1 9 5 8 -6 6 -8 -9 -10 -11
leaf_value=-0.0095994730461138027 0.0096096416334564057 -0.033134831409900395 0.050749470816350312 -0.021600137717418578 0.024549781393024047 -0.040924025138581385 0.0024039181879665348 0.015940083374140195 -0.062585259761145137 -0.11177177162101347
leaf_weight=132.6557837909786 2.8965877962764344 1.4205278829904275 9.9681967981159669 3.3159001725725821 26.395554194925353 22.181528024026193 773.22815227520186 51.709158532088622 10.614036066224797 2.1015019589103758
leaf_count=2030 42 23 119 55 395 288 10144 851 127 33
internal_value=0.000471656 -0.0524922 0.000852278 -0.0082225 -0.00381422 0.00269124 0.00114577 0.0222859 -0.0549293 -0.0943966
internal_weight=1036.49 6.41862 1030.07 172.981 159.051 857.087 795.41 61.6774 13.9299 3.52203
internal_count=14107 98 14009 2607 2425 11402 10432 970 182 56
is_linear=0
shrinkage=0.05


Tree=180
num_leaves=15
num_cat=1
split_feature=0 8 4 42 19 38 34 31 11 34 34 43 37 4
split_gain=7.65688 11.8897 19.1169 18.7237 13.9586 12.3826 11.8393 10.369 6.39973 6.74957 7.80786 5.84704 5.77766 13.9161
threshold=0 33.150000000000013 0.75014288946266361 2.5000000000000004 28.572917000000004 10.791369000000001 21.450000000000003 31.500000000000004 97.500000000000014 23.550000000000004 23.850000000000005 21.700000000000006 34.500000000000007 0.7210268013660811
decision_type=1 2 2 2 2 2 2 2 2 2 2 2 2 2
left_child=1 4 6 -4 5 -1 -3 -6 12 11 -11 -10 -2 -14
right_child=8 2 3 -5 7 -7 -8 -9 9 10 -12 -13 13 -15
leaf_value=-0.0023856081245202687 0.0015659240311889225 -0.014221764727885068 0.043475053693781754 -0.0071650539066369593 0.01369173210174948 0.024595306640263968 0.048676440090196178 -0.05876170970596515 0.0010617342300068163 0.036967372306850974 0.0032012470260943935 -0.032586648270669517 -0.006651982236733767 -0.037224935805927173
leaf_weight=279.85270677460358 110.08924272365402 8.4069905988872033 21.920691205188632 88.733013492077589 6.4962744936347034 49.11765927542001 46.776457536034286 16.021049316972494 56.638164203846827 24.935101833194494 51.008389379247092 15.700110670295542 209.54484877851792 44.44491746078711
leaf_count=4289 1510 88 362 942 50 518 669 103 691 283 624 233 2845 878
internal_value=-6.36289e-05 0.00418388 0.0152564 0.00316637 -0.000950088 0.00170517 0.0390116 -0.0381654 -0.00434887 0.0043022 0.0146243 -0.00658598 -0.00799352 -0.0121269
internal_weight=1029.69 517.325 165.837 110.654 351.488 328.97 55.1834 22.5173 512.361 148.282 75.9435 72.3383 364.079 253.99
internal_count=14085 7021 2061 1304 4960 4807 757 153 7064 1831 907 924 5233 3723
cat_boundaries=0 1
cat_threshold=7
is_linear=0
shrinkage=0.05


Tree=181
num_leaves=15
num_cat=1
split_feature=20 40 37 44 4 34 36 4 36 40 43 33 1 25
split_gain=7.80992 13.8536 18.2901 18.2212 15.3001 13.6943 23.2281 20.2154 15.4174 16.0488 14.1668 4.00144 5.15011 2.46314
threshold=33.150000000000013 29.600000000000005 50.500000000000007 36.900000000000013 0.42179998225932674 24.550000000000004 96.500000000000014 0.35846314187849704 98.500000000000014 59.550000000000004 21.950000000000003 34.95000000000001 0 8.8034720000000011
decision_type=2 2 2 2 2 2 2 2 2 2 2 2 1 2
left_child=5 2 3 -2 -4 6 7 -1 9 -7 -8 12 -3 -13
right_child=1 11 4 -5 -6 8 10 -9 -10 -11 -12 13 -14 -15
leaf_value=0.012370313406843856 0.020437556567277332 0.049117318519288709 0.019382957248066358 -0.0041710279093738001 -0.066844667808146144 -0.029587029328175359 0.0089910729344346192 -0.066998577400173107 -0.062393502428637206 0.015817378208070425 -0.008643293278045425 -0.019633573269634105 0.014920771403332082 0.02092710995063736
leaf_weight=11.84801990969572 114.43667344294954 25.039102110778913 6.8662537310738143 215.18896405381383 15.843080664286388 46.857527712010778 301.41665875934996 22.187917014933191 17.28182409144938 31.972230234649032 181.74147404159885 5.8739578219829109 21.199072976596653 7.2368718222714961
leaf_count=171 1587 271 66 2633 148 466 4484 278 174 371 2907 97 266 117
internal_value=-0.000154417 0.00516552 0.00137013 0.00440835 -0.0410555 -0.00372804 -0.000492212 -0.0398055 -0.0209563 -0.0112042 0.0023537 0.0273014 0.0340868 0.00265141
internal_weight=1024.99 411.684 352.335 329.626 22.7093 613.306 517.194 34.0359 96.1116 78.8298 483.158 59.349 46.2382 13.1108
internal_count=14036 5185 4434 4220 214 8851 7840 449 1011 837 7391 751 537 214
cat_boundaries=0 1
cat_threshold=1
is_linear=0
shrinkage=0.05


Tree=182
num_leaves=8
num_cat=2
split_feature=26 0 13 26 36 19 1
split_gain=7.34956 7.42602 7.61074 11.897 10.789 1.98042 0.514438
threshold=10.500000000000002 0 7.7812500000000009 19.550000000000004 89.500000000000014 27.165278000000004 1
decision_type=2 1 2 2 2 2 1
left_child=5 -2 4 -4 -3 6 -1
right_child=1 2 3 -5 -6 -7 -8
leaf_value=0.0051955228754845097 -0.027095307835031692 -0.039134740308809313 -0.011321783434054218 0.0031636620499850727 0.0078269141143062892 -0.065800922228066092 -0.026931359538211287
leaf_weight=1.8571737813763312 12.798403040913399 11.635656586382536 229.89812653698027 366.30478042690083 399.07938540214673 4.1645302086835727 1.6297221792628989
leaf_count=26 2329 105 2495 4029 5021 46 28
internal_value=0.000140135 0.00052896 0.00116389 -0.00243159 0.00640466 -0.0457506 -0.0124758
internal_weight=1027.37 1019.72 1006.92 596.203 410.715 7.65143 3.4869
internal_count=14079 13979 11650 6524 5126 100 54
cat_boundaries=0 1 2
cat_threshold=16 1
is_linear=0
shrinkage=0.05


Tree=183
num_leaves=7
num_cat=1
split_feature=0 35 26 34 26 20
split_gain=7.19787 7.36151 7.65712 12.7014 10.1431 0.586993
threshold=0 58.401786000000008 15.050000000000002 23.250000000000004 15.950000000000001 36.45000000000001
decision_type=1 2 2 2 2 2
left_child=-1 5 3 -3 -4 -2
right_child=1 2 4 -5 -6 -7
leaf_value=-0.026958730551686572 -0.052464700261708276 0.0077887680684952058 0.021261840924716495 -0.019687338572524776 0.0016350021763180272 -0.015367342792565115
leaf_weight=12.662647865130566 5.5745104155503196 71.445616025011986 71.095077489502728 99.797571294475347 760.07431768113747 2.5778971090912819
leaf_count=2347 80 1019 902 1165 8523 26
internal_value=0.00031168 0.000936941 0.00135244 -0.00824517 0.00333734 -0.0436948
internal_weight=1023.23 1010.56 1002.41 171.243 831.169 8.15241
internal_count=14062 11715 11609 2184 9425 106
cat_boundaries=0 1
cat_threshold=16
is_linear=0
shrinkage=0.05


Tree=184
num_leaves=11
num_cat=1
split_feature=43 0 43 35 5 36 4 39 21 8
split_gain=8.13909 7.06528 13.1783 12.4151 10.9279 5.91168 9.24565 8.7786 4.18362 0.0681915
threshold=43.800000000000004 0 31.200000000000006 88.366071500000018 0.26659387353423863 98.500000000000014 -0.861146256326485 23.150000000000002 25.350000000000005 33.350000000000001
decision_type=2 1 2 2 2 2 2 2 2 2
left_child=1 2 4 -4 -1 6 -3 -7 -2 -10
right_child=8 5 3 -5 -6 7 -8 -9 9 -11
leaf_value=-0.0030303575597895836 -0.052562963918272768 -0.057590364305561782 0.04647878932097755 -0.052099189072006682 0.012924780577659632 -0.0018766155621835784 -0.0073340233582116568 0.026443224303495355 -0.0048155219487625665 0.0047697047653051331
leaf_weight=303.88380061369389 10.085917292453813 8.5543875169241783 27.533750660717491 2.7623012852855018 164.67729881219566 228.80362081836211 237.07913053728407 30.066752150887623 2.3473881313111624 3.1796017573215067
leaf_count=3613 153 152 542 72 2653 2830 3558 371 34 42
internal_value=-0.000134633 0.000439653 0.0046045 0.0361132 0.00259271 -0.00369748 -0.00931065 0.00150172 -0.034846 0.000584656
internal_weight=1018.97 1003.36 498.857 30.2961 468.561 504.504 245.634 258.87 15.6129 5.52699
internal_count=14020 13791 6880 614 6266 6911 3710 3201 229 76
cat_boundaries=0 1
cat_threshold=7
is_linear=0
shrinkage=0.05


Tree=185
num_leaves=13
num_cat=1
split_feature=31 5 43 39 37 22 0 9 5 21 7 20
split_gain=7.65114 9.2596 7.20514 7.02986 8.6382 7.92217 6.63496 6.68472 4.72715 4.48269 0.254004 0.128974
threshold=46.600000000000001 -0.95242240592625282 43.800000000000004 25.350000000000005 25.500000000000004 88.173611500000007 0 24.550000000000004 0.31595530242620651 25.350000000000005 26.752083500000001 33.45000000000001
decision_type=2 2 2 2 2 2 1 2 2 2 2 2
left_child=2 10 3 5 -5 -1 8 -8 -3 -4 -2 -11
right_child=1 6 9 4 -6 -7 7 -9 -10 11 -12 -13
leaf_value=0.0019440112738868445 0.037941404847238708 0.030196822028549525 -0.051895103443303239 -0.046398431306725607 0.023290328752956412 -0.017319806823727028 -0.0055484481786128468 -0.058054496023987191 -0.039037298304412993 0.010236560388297193 0.013972725444385931 -0.0029853170113751382
leaf_weight=835.41663364024134 4.0034338762052348 10.0418887687847 9.2231372740352509 3.894753366126678 56.93932732148096 56.009450249024667 8.4668829842703435 22.564743960974738 2.2522144364193091 2.0570707228034726 3.7670757081359625 3.8433719826862216
leaf_count=11490 54 141 149 55 744 910 108 215 24 23 55 56
internal_value=0.000284051 -0.0183823 0.00128795 0.00184727 0.0181505 0.000715589 -0.0273903 -0.0337975 0.00886371 -0.0318599 0.0292396 0.00243968
internal_weight=1018.48 51.0962 967.384 952.26 60.8341 891.426 43.3257 31.0316 12.2941 15.1236 7.77051 5.90044
internal_count=14024 597 13427 13199 799 12400 488 323 165 228 109 79
cat_boundaries=0 1
cat_threshold=9
is_linear=0
shrinkage=0.05


Tree=186
num_leaves=15
num_cat=1
split_feature=6 7 8 22 8 37 38 6 20 19 38 23 33 1
split_gain=7.10234 12.279 10.5631 18.5391 13.3198 10.8853 10.8775 9.87132 15.1357 9.20464 4.27992 3.70158 3.49271 1.17358
threshold=2.5000000000000004 29.931250000000002 30.650000000000002 84.972222000000002 33.150000000000013 58.500000000000007 11.480357000000003 1.5000000000000002 35.250000000000007 27.263194500000001 8.6839285000000022 91.500000000000014 32.150000000000013 0
decision_type=2 2 2 2 2 2 2 2 2 2 2 2 2 1
left_child=1 7 5 4 -4 10 -7 8 -1 -5 -2 13 -9 -3
right_child=2 11 3 9 -6 6 -8 12 -10 -11 -12 -13 -14 -15
leaf_value=0.003554469864304478 0.0049140528358236589 0.02329145694333927 -0.008016486762923979 0.011108832078438859 0.01045060616761858 -0.019364918575883478 0.021472516665671362 0.0044216615460239521 -0.026284687627247474 0.03532421345591296 0.040849951735178122 0.054151326282291572 -0.04022302733309624 -0.0097825974649352887
leaf_weight=135.82944385689916 33.485174587578513 4.7228702139109391 225.67056553205475 117.2147138833534 170.53604166419245 127.22497106913943 17.84033737401478 4.8704274599440387 60.721927234670147 59.184056037804112 10.164765750057994 8.4501716473605466 30.564548406051472 4.2502306802198291
leaf_count=1750 537 80 3018 1834 2339 2035 258 55 682 660 128 133 375 84
internal_value=0.000173746 -0.00713222 0.00257341 0.00595311 -6.15447e-05 -0.00765871 -0.0142301 -0.0102137 -0.00575033 0.0193867 0.0140099 0.032224 -0.0341338 0.00821541
internal_weight=1010.73 249.41 761.321 572.605 396.207 188.715 145.065 231.986 196.551 176.399 43.6499 17.4233 35.435 8.9731
internal_count=13968 3159 10809 7851 5357 2958 2293 2862 2432 2494 665 297 430 164
cat_boundaries=0 1
cat_threshold=1
is_linear=0
shrinkage=0.05


Tree=187
num_leaves=9
num_cat=1
split_feature=0 39 44 2 34 40 40 5
split_gain=6.63307 5.9263 16.5716 10.4172 8.41076 9.21364 7.19661 0.497608
threshold=0 25.350000000000005 48.050000000000004 7.5000000000000009 22.450000000000003 70.550000000000011 32.850000000000009 0.9863035000474919
decision_type=1 2 2 2 2 2 2 2
left_child=-1 2 6 -4 7 -6 -2 -3
right_child=1 4 3 -5 5 -7 -8 -9
leaf_value=-0.026478280057361265 -0.0041724255245905997 0.054811192798838254 -0.060878623846616457 -0.003190312056267445 -0.0031592835814716544 0.034079872733284465 0.0048547446942873371 0.014843827860018874
leaf_weight=12.195270183205139 416.75719144707546 9.888988577295093 17.193434418179098 13.936103669926522 63.550581778865308 21.419898968189955 467.27099784533493 1.8259042501449574
leaf_count=2346 4798 99 137 145 619 276 5631 29
internal_value=-3.92358e-05 0.000561135 -0.000682161 -0.0359558 0.0122733 0.00651542 0.000599162 0.0502392
internal_weight=1024.04 1011.84 915.158 31.1295 96.6854 84.9705 884.028 11.7149
internal_count=14080 11734 10711 282 1023 895 10429 128
cat_boundaries=0 1
cat_threshold=16
is_linear=0
shrinkage=0.05


Tree=188
num_leaves=10
num_cat=1
split_feature=24 0 43 43 39 11 14 31 4
split_gain=6.6543 6.55688 8.7804 20.8722 16.6969 5.88681 6.03389 4.81111 1.35236
threshold=74.500000000000014 0 17.900000000000002 17.600000000000005 18.750000000000004 97.500000000000014 13.65 31.500000000000004 -0.70291267844185523
decision_type=2 1 2 2 2 2 2 2 2
left_child=1 2 3 -1 -4 6 -3 -7 -2
right_child=8 5 4 -5 -6 7 -8 -9 -10
leaf_value=0.0023208012670147128 -0.078653431609135405 -0.020928909763877263 -0.003129897164005645 -0.055170674330958895 0.029573841917484495 -0.0069549591507699626 -0.0044286951351930164 0.011115488751519893 -0.020424544989796643
leaf_weight=331.30100543890148 1.9912867809180168 67.68803460925119 74.821541178971529 15.574581222608684 80.190157474484295 59.455214162473567 291.27047989686253 93.606043401756324 2.9780409827362737
leaf_count=4227 32 1066 977 155 1598 808 4109 1027 43
internal_value=-0.000389041 -7.90699e-05 0.00393959 -0.000411717 0.0138694 -0.0040167 -0.0075896 0.00409661 -0.0530252
internal_weight=1018.88 1013.91 501.887 346.876 155.012 512.02 358.959 153.061 4.96933
internal_count=14042 13967 6957 4382 2575 7010 5175 1835 75
cat_boundaries=0 1
cat_threshold=7
is_linear=0
shrinkage=0.05


Tree=189
num_leaves=15
num_cat=3
split_feature=0 37 2 34 1 25 34 0 32 32 32 31 39 9
split_gain=6.82484 9.86009 10.6894 9.4998 8.04661 9.80188 9.27739 9.11306 12.5786 11.1326 3.99098 3.47906 3.38956 1.47915
threshold=0 65.500000000000014 9.5000000000000018 25.150000000000002 1 5.1687500000000011 24.250000000000004 2 27.157142500000003 25.882440500000005 27.318452500000003 35.45000000000001 20.650000000000002 25.750000000000004
decision_type=1 2 2 2 1 2 2 1 2 2 2 2 2 2
left_child=1 2 3 -1 7 10 -7 9 -9 -2 -6 12 -3 -13
right_child=4 11 -4 -5 5 6 -8 8 -10 -11 -12 13 -14 -15
leaf_value=-0.0025655349860782312 0.052625154411697808 0.02398962323538343 0.04444574040673243 0.032397119482394036 -0.082107806742189884 -0.0022863297024604094 -0.021867502665911271 -0.041825145410147688 0.00049242080791344484 0.0033049885826866342 -0.0154529952365838 0.050473440704019025 -0.03752237962262072 0.0083560743486315574
leaf_weight=227.78987033851445 10.86688297241926 6.6627564402297157 13.58971962938085 20.231952449306846 5.320594421355052 225.81849613296799 81.765660716919228 26.81093763752142 47.580671288771555 326.60315986629575 4.3566137673333287 16.458228218369189 2.1848897729068995 2.8725324366241685
leaf_count=2736 82 138 848 417 82 3280 1287 1050 1296 2269 52 451 56 23
internal_value=-0.000622665 0.0057422 0.0028534 0.000405128 -0.00319171 -0.00920692 -0.00754562 0.00137563 -0.0133418 0.00489919 -0.056358 0.0335131 0.00653171 0.0449337
internal_weight=1018.91 289.79 261.612 248.022 729.123 317.261 307.584 411.862 74.3916 337.47 9.67721 28.1784 8.84765 19.3308
internal_count=14067 4669 4001 3153 9398 4701 4567 4697 2346 2351 134 668 194 474
cat_boundaries=0 1 2 3
cat_threshold=5 1 34
is_linear=0
shrinkage=0.05


Tree=190
num_leaves=15
num_cat=0
split_feature=29 40 34 26 34 36 5 32 39 5 40 26 7 34
split_gain=7.11166 16.5243 10.8897 12.6095 10.6027 15.6438 14.6107 14.416 10.2759 19.8473 14.7913 5.01529 3.88579 3.18446
threshold=1.5000000000000002 1.2500000000000002 23.250000000000004 17.250000000000004 20.950000000000003 96.500000000000014 0.97648852793709995 28.1711305 19.450000000000003 0.063390085881955258 50.350000000000009 15.450000000000001 27.800000000000001 22.450000000000003
decision_type=2 2 2 2 2 2 2 2 2 2 2 2 2 2
left_child=4 2 3 -2 5 12 7 -6 9 -3 -10 -7 -1 -8
right_child=1 8 -4 -5 6 11 13 -9 10 -11 -12 -13 -14 -15
leaf_value=-0.056363090238764138 0.01559329613114442 -0.01632281428870045 0.0014729895778591354 -0.07451631703800432 0.034654928281535512 -0.0078579889136486548 -0.053145375102763487 0.0028634992806244979 -0.0052314771304332692 0.010431942075020606 0.012498974500162727 0.037134884451936405 0.018579595910888272 -0.001293549285697277
leaf_weight=15.490251369716136 4.533523163059729 210.61674650060013 12.800024573574772 17.366795704001561 71.846722369897179 13.272978950291874 7.8601900080684555 70.234988871961832 222.67545181198511 102.2591734706657 247.33620352752041 10.170967793790622 1.4573046127334226 4.5238259059842676
leaf_count=305 82 2657 182 180 913 244 114 924 2719 1865 3623 157 18 80
internal_value=-3.53836e-05 -0.00208311 -0.0353502 -0.0559966 0.00852328 -0.0140394 0.0144756 0.0190694 -0.000565377 -0.00757302 0.00410562 0.0123824 -0.0492427 -0.035716
internal_weight=1012.45 817.588 34.7003 21.9003 194.857 40.3915 154.466 142.082 782.888 312.876 470.012 23.4439 16.9476 12.384
internal_count=14063 11308 444 262 2755 724 2031 1837 10864 4522 6342 401 323 194
is_linear=0
shrinkage=0.05


Tree=191
num_leaves=11
num_cat=2
split_feature=43 43 0 33 21 43 0 7 44 38
split_gain=6.40089 8.68651 5.76789 5.90874 4.09288 3.67363 3.31181 0.370309 0.152073 0.0677601
threshold=43.800000000000004 35.600000000000001 0 36.850000000000001 25.350000000000005 36.250000000000007 1 28.964583500000003 41.600000000000001 6.6723215000000007
decision_type=2 2 1 2 2 2 1 2 2 2
left_child=1 2 -1 -4 -2 8 -7 -6 -3 -9
right_child=4 5 3 -5 7 6 -8 9 -10 -11
leaf_value=-0.025417964545013428 -0.051148287043096818 0.02359472383873043 -0.00065007939512816458 0.015639918543998144 -0.011382931174174485 -0.0080683736647020991 0.023851090120676415 0.0022108747380532243 0.061922287087443274 0.016375445669234771
leaf_weight=11.214800658635795 8.8955682452651654 2.1340803904458907 902.77366533898748 58.320662754587829 2.0959111365955314 10.457036795094607 9.2469535258132982 1.768465325701982 5.5639469847083092 1.6558231590315697
leaf_count=2256 146 23 10401 821 30 95 203 24 56 21
internal_value=7.29078e-05 0.00056538 -0.000230563 0.000350013 -0.0319005 0.0278216 0.0149627 0.00220399 0.0552312 0.0112133
internal_weight=1014.13 999.711 972.309 961.094 14.4158 27.402 19.704 5.5202 7.69803 3.42429
internal_count=14076 13855 13478 11222 221 377 298 75 79 45
cat_boundaries=0 1 2
cat_threshold=16 40
is_linear=0
shrinkage=0.05


Tree=192
num_leaves=15
num_cat=3
split_feature=0 43 43 43 1 4 0 4 25 4 33 38 32 5
split_gain=7.07158 12.3176 12.6802 8.54804 8.33192 11.2709 8.82277 13.3621 8.64398 8.35457 8.03821 7.73742 5.32219 3.63551
threshold=0 22.200000000000006 21.950000000000003 43.800000000000004 1 0.99374995976406788 2 0.14250626876356548 5.1687500000000011 -0.77245553105869302 36.850000000000001 10.886607000000003 28.075297500000001 -0.62587551141915865
decision_type=1 2 2 2 1 2 1 2 2 2 2 2 2 2
left_child=1 2 10 12 6 8 9 -8 -6 -2 -1 -7 -3 -4
right_child=4 3 13 -5 5 11 7 -9 -10 -11 -12 -13 -14 -15
leaf_value=0.0014571278042903181 -0.011031455390883243 0.043259345434009694 -0.014372723937096828 -0.026066610000321584 -0.055512845998595073 -0.022891120703977419 -0.036424377724736799 0.0058885222863211779 -0.0090874981961214518 0.0094652465745568692 0.04684538947534439 0.05625894609482246 -0.0019403428429967573 -0.12222179893885304
leaf_weight=222.6710303556174 59.830616166815162 38.258456019684672 1.5572987608611586 5.6100567542016497 9.4393610922852513 3.6844577292213208 34.37474159616977 38.982074796571396 291.43358067562804 273.47558155283332 9.2057739491574448 9.7812557599972916 7.7077170480042687 1.5676733925938595
leaf_count=3110 433 1019 32 74 122 72 1127 1177 4379 1910 331 110 92 21
internal_value=9.78501e-05 0.006595 0.0019213 0.028703 -0.00254622 -0.00868177 0.00214359 -0.0124835 -0.0107231 0.00559656 0.00345252 0.0345168 0.0358002 -0.0849899
internal_weight=1007.58 286.578 235.002 51.5762 721.002 314.339 406.663 73.3568 300.873 333.306 231.877 13.4657 45.9662 3.12497
internal_count=14009 4679 3494 1185 9330 4683 4647 2304 4501 2343 3441 182 1111 53
cat_boundaries=0 1 2 3
cat_threshold=5 1 34
is_linear=0
shrinkage=0.05


Tree=193
num_leaves=15
num_cat=2
split_feature=31 0 5 34 38 26 2 32 5 27 1 38 25 23
split_gain=7.07274 7.00429 11.1994 21.1796 18.3774 6.94632 5.90322 14.247 6.07936 4.88036 3.66831 5.06479 3.1056 3.00909
threshold=46.600000000000001 0 0.23328369003117272 23.250000000000004 11.120238000000002 27.450000000000006 2.5000000000000004 28.132440500000005 0.9863035000474919 29.550000000000004 1 12.119345000000001 13.424305500000001 87.500000000000014
decision_type=2 1 2 2 2 2 2 2 2 2 1 2 2 2
left_child=1 2 4 -4 -1 9 7 -3 -8 12 11 -7 -2 -12
right_child=5 6 3 -5 -6 10 8 -9 -10 -11 13 -13 -14 -15
leaf_value=-0.0057528275964735757 -0.053496973600367738 -0.0054771106448804332 0.0054619060513889737 0.047519682331096158 0.029454141378671389 0.039486468308684006 -0.00017830542039550386 -0.057122807861203689 -0.037761671891472087 -0.0012458605713142506 -0.013125087728804608 -0.037127102747893978 -0.013930455175131818 0.051217434438796838
leaf_weight=263.35885949619114 17.075385583797473 67.804560328135267 129.66366532631218 38.049058381002396 42.110243666917086 2.2495110840536636 391.5592143915128 15.711070837220175 10.064183784648774 10.427662420202976 2.0953090214170516 5.665874813683331 8.0615374238695932 5.1066277768695727
leaf_count=3272 190 1030 2094 711 687 30 5355 217 124 158 30 58 85 62
internal_value=-0.000450965 0.000520165 0.00478794 0.0152287 -0.000819122 -0.0184684 -0.00366678 -0.0157537 -0.00121155 -0.0302874 0.00949083 -0.0133671 -0.0418263 0.0331799
internal_weight=1009 958.321 473.182 167.713 305.469 50.6819 485.139 83.5156 401.623 35.5646 15.1173 7.91539 25.1369 7.20194
internal_count=14103 13490 6764 2805 3959 613 6726 1247 5479 433 180 88 275 92
cat_boundaries=0 1 2
cat_threshold=7 1
is_linear=0
shrinkage=0.05


Tree=194
num_leaves=14
num_cat=1
split_feature=25 26 35 32 36 26 33 0 4 40 35 8 7
split_gain=6.29683 11.351 14.5059 11.442 11.0766 12.1226 11.8272 12.6212 10.9015 10.3996 9.66552 2.86139 1.31052
threshold=7.7291665000000007 19.550000000000004 65.642857000000006 26.389583500000004 89.500000000000014 18.650000000000002 32.350000000000001 0 0.99865421017599987 99.000000000000014 79.714286000000001 35.050000000000004 28.522916500000004
decision_type=2 2 2 2 2 2 2 1 2 2 2 2 2
left_child=4 2 11 -4 5 -1 7 -6 9 -3 -8 -2 -10
right_child=1 8 3 -5 6 -7 10 -9 12 -11 -12 -13 -14
leaf_value=0.058024499704476276 0.028239066908477224 -0.0025827667024845842 0.023288752611323797 -0.021694755442093996 0.018543142726703501 -0.062987503622760288 -0.00066727845930098341 -0.010275657189938659 0.0088311960757210851 0.025020057721990469 0.021469199422041705 -0.0065509250209659659 0.061058401853606031
leaf_weight=1.7279210491105903 21.804725125606641 339.05981922225328 14.60873014538083 168.93613707175246 39.961896878667176 9.8492455458617751 75.393651949765626 142.52631060266867 1.8414669835474322 36.929293116321787 141.21982276218478 7.5353572946041814 7.3825140143744648
leaf_count=22 324 4488 275 2037 1019 105 1096 2065 31 633 1764 123 102
internal_value=-0.000280093 -0.00355122 -0.0127879 -0.0180076 0.00448092 -0.0417487 0.00592294 -0.00344758 0.00157326 0.000187533 0.0137968 0.0193826 0.0525154
internal_weight=1008.78 598.098 212.885 183.545 410.679 11.5772 399.102 182.488 385.213 375.989 216.613 29.3401 9.22398
internal_count=14084 8013 2759 2312 6071 127 5944 3084 5254 5121 2860 447 133
cat_boundaries=0 1
cat_threshold=12
is_linear=0
shrinkage=0.05


Tree=195
num_leaves=15
num_cat=1
split_feature=20 33 31 42 37 36 4 36 34 44 32 0 38 36
split_gain=6.45768 15.812 16.1554 20.083 14.692 13.7415 13.089 13.2186 12.1725 18.5764 11.2495 8.88162 7.08083 6.64631
threshold=33.350000000000001 35.350000000000001 37.250000000000007 3.5000000000000004 43.500000000000007 85.500000000000014 0.35846314187849704 96.500000000000014 23.250000000000004 31.150000000000002 26.779762000000002 0 7.626488000000001 99.500000000000014
decision_type=2 2 2 2 2 2 2 2 2 2 2 1 2 2
left_child=4 5 11 -4 6 -2 13 -8 12 -10 -7 -3 -6 -1
right_child=1 2 3 -5 8 10 7 -9 9 -11 -12 -13 -14 -15
leaf_value=0.013090602169193125 -0.052729309989807606 0.023667762690822117 0.0049451581308021762 -0.038995048990959576 0.0063556883377836109 -0.046184866797122082 -0.06027296432859567 0.004125998746704199 -0.039522303975458556 -0.0015102676364907534 0.020099271968676037 -0.0062517241759261549 0.034897082861231582 -0.04498186318933136
leaf_weight=22.722668912494559 6.2391071870806618 42.318139590322971 48.232553769310471 54.919574806059245 83.478934545302764 5.7202054536901406 29.110304112837184 10.669457638985476 33.822384961007629 418.69962269533426 174.56777129566763 43.435776385071222 28.684063467429951 5.2190062652807674
leaf_count=380 76 620 644 644 1504 85 379 149 511 5760 2130 616 487 102
internal_value=-0.000348935 0.00483799 -0.00534749 -0.018599 -0.00343097 0.0151269 -0.0252598 -0.0433227 -0.000773064 -0.00443224 0.017753 0.0106232 0.0138986 0.00106426
internal_weight=1007.84 375.433 188.906 103.152 632.406 186.527 67.7214 39.7798 564.685 452.522 180.288 85.7539 112.163 27.9417
internal_count=14087 4815 2524 1288 9272 2291 1010 528 8262 6271 2215 1236 1991 482
cat_boundaries=0 1
cat_threshold=7
is_linear=0
shrinkage=0.05


Tree=196
num_leaves=14
num_cat=2
split_feature=31 5 14 14 34 13 27 36 39 2 1 4 1
split_gain=7.04988 10.3041 7.08527 10.5273 8.15842 8.40091 7.47004 5.48313 5.13947 4.07636 2.90181 0.365363 1.34705
threshold=46.600000000000001 -0.95242240592625282 14.65 14.250000000000002 20.250000000000004 7.5416665000000007 30.950000000000003 99.500000000000014 27.450000000000006 7.5000000000000009 0 -0.04836157422433459 1
decision_type=2 2 2 2 2 2 2 2 2 2 1 2 1
left_child=2 11 3 6 -4 -6 -1 -5 9 -3 -10 12 -2
right_child=1 8 4 7 5 -7 -8 -9 10 -11 -12 -13 -14
leaf_value=0.0023575681794012885 0.010916135985591274 -0.060417317830065355 -0.046009005850612752 -0.049058658534328517 0.015115850379181273 0.0011905511345034511 -0.015584197795144226 0.0012593139774603568 -0.024188489217860817 -0.019118707452547123 0.014494643453843131 0.0077250354672739182 0.060497038656389723
leaf_weight=205.33076452795649 3.1520963842049241 13.047617910662668 7.1641900580143547 18.742406560166277 138.69178730156273 482.97774131956976 79.749664766015485 7.3920410764403632 9.3323379456996918 12.746648651314898 8.2223626687191427 1.8053545425645996 2.4942542198114097
leaf_count=3188 39 129 158 237 1913 6479 1275 114 97 181 94 28 36
internal_value=-0.000370229 -0.0183279 0.000618657 -0.00554089 0.00367102 0.00431651 -0.00269847 -0.0353045 -0.0276847 -0.0414842 -0.00626519 0.0329387 0.0386252
internal_weight=990.849 50.8007 940.049 311.215 628.834 621.67 285.08 26.1344 43.349 25.7943 17.5547 7.45171 5.64635
internal_count=13968 604 13364 4814 8550 8392 4463 351 501 310 191 103 75
cat_boundaries=0 1 2
cat_threshold=1 1
is_linear=0
shrinkage=0.05


Tree=197
num_leaves=9
num_cat=1
split_feature=43 0 35 29 32 13 20 4
split_gain=6.26287 6.13875 6.01469 5.62498 3.00346 0.691946 0.117448 0.00807049
threshold=43.800000000000004 0 58.401786000000008 1.5000000000000002 28.780059500000004 11.172917000000002 33.45000000000001 0.59868201182722736
decision_type=2 1 2 2 2 2 2 2
left_child=1 -1 5 -4 -2 -3 -6 -8
right_child=4 2 3 -5 6 -7 7 -9
leaf_value=-0.02548207351918394 -0.050025375378323071 -0.050480865065099668 0.0092897190111628763 -0.00040329585032586004 0.0068975447795525252 -0.012147277237088158 -0.0018198894204112194 -0.008124771187560444
leaf_weight=11.27255777613027 8.1513439225382154 5.032928842585533 183.86276031564921 785.88791385805234 1.5591112161055196 2.4460458159446716 1.46743884915486 2.1757294135168195
leaf_count=2316 152 85 2206 9200 19 23 19 35
internal_value=1.55312e-05 0.000491172 0.00106612 0.00144216 -0.032775 -0.0408549 -0.00203811 -0.00652411
internal_weight=1001.86 988.502 977.23 969.751 13.3536 7.47897 5.20228 3.64317
internal_count=14055 13830 11514 11406 225 108 73 54
cat_boundaries=0 1
cat_threshold=16
is_linear=0
shrinkage=0.05


Tree=198
num_leaves=12
num_cat=0
split_feature=37 39 44 44 4 26 34 5 38 4 24
split_gain=6.83661 6.56141 16.0928 8.25012 7.61426 6.80366 5.19389 2.72279 0.210824 0.152012 0.0127433
threshold=25.500000000000004 25.350000000000005 48.050000000000004 52.750000000000007 -0.35846811432664222 10.500000000000002 23.450000000000003 -0.15101602693478736 11.524702500000002 0.96687895796550427 23.500000000000004
decision_type=2 2 2 2 2 2 2 2 2 2 2
left_child=7 2 5 6 -4 -2 -3 9 -5 -1 -11
right_child=1 3 4 8 -6 -7 -8 -9 -10 10 -12
leaf_value=-0.011746456541447478 -0.04534467331231444 0.04676071696929255 -0.0086908872418803608 -0.0064530458015158269 -0.059583344168553536 0.001213721222954364 0.013439895780215514 -0.050710456900942918 -0.024115397057927725 0.00036520543734830287 0.0065025634604017725
leaf_weight=1.3878025715239335 6.9189879592740899 13.828064073808489 14.128717007115485 3.0344665469601741 15.27236808510497 861.92866618628614 63.276298157987185 8.0625511070247722 10.784333085757678 1.4750707731582227 1.4792993715964255
leaf_count=29 89 177 171 42 164 12265 812 168 115 31 31
internal_value=0.000362723 0.000842526 -0.00045902 0.0135659 -0.0362173 0.000791255 0.0199379 -0.0351062 -0.0209341 -0.0020633 0.00430554
internal_weight=1001.58 989.172 898.249 90.9232 29.4011 868.848 77.1044 12.4047 13.8188 4.34217 2.95437
internal_count=14094 13835 12689 1146 335 12354 989 259 157 91 62
is_linear=0
shrinkage=0.05


Tree=199
num_leaves=9
num_cat=1
split_feature=0 25 26 34 36 33 44 32
split_gain=5.89688 6.14578 11.7862 16.9723 11.4866 11.4376 10.4461 4.2423
threshold=0 7.7597220000000009 19.550000000000004 23.850000000000005 89.500000000000014 32.350000000000001 41.95000000000001 27.946131000000005
decision_type=1 2 2 2 2 2 2 2
left_child=-1 4 3 -3 7 -6 -4 -2
right_child=1 2 6 -5 5 -7 -8 -9
leaf_value=-0.025362451921232418 -0.059469391765461344 0.0037728293290284045 0.010935064400841995 -0.025051518760543779 -0.0025067492722210057 0.014567111389424105 -0.0057107871731360473 0.015927327687195136
leaf_weight=11.167020388122182 8.0896029521245492 91.932031742297113 189.28239013021812 113.25031884899363 178.93866793485358 215.40271028899588 185.85460949176922 1.8899099216796447
leaf_count=2356 80 1136 2311 1121 2562 2421 2016 24
internal_value=0.000147173 0.000712017 -0.00257666 -0.0121811 0.00544452 0.00683283 0.00269493 -0.0450407
internal_weight=995.807 984.64 580.319 205.182 404.321 394.341 375.137 9.97951
internal_count=14027 11671 6584 2257 5087 4983 4327 104
cat_boundaries=0 1
cat_threshold=16
is_linear=0
shrinkage=0.05


end of trees

feature_importances:
age_group=286
temperature_min_7d=211
day_of_year_sin=200
wind_speed_max_7d=190
day_of_year_cos=145
humidity_max_7d=115
rain_max_daily_7d=104
wind_gust_max_7d=102
gender=100
wind_speed_mean_7d=78
temperature_mean_7d=70
temperature_max_7d=69
humidity_min_7d=58
precipitation_sum_7d=58
wind_speed_max_3d=55
weather_code_current=49
wind_gust_max_3d=45
temperature_max_current=43
temperature_max_3d=42
wind_speed_mean_current=41
wind_speed_mean_3d=41
humidity_mean_7d=41
rain_days_7d=32
month=27
temperature_mean_current=27
temperature_min_3d=26
humidity_mean_3d=20
wind_speed_max_current=16
temperature_mean_3d=16
humidity_mean_current=12
rain_days_3d=11
humidity_min_3d=10
precipitation_sum_3d=10
wind_gust_max_current=9
humidity_max_current=8
rain_sum_7d=7
temperature_min_current=5
humidity_max_3d=4
rain_max_daily_3d=4
precipitation_sum_current=3
humidity_min_current=2
rain_sum_current=1

parameters:
[boosting: gbdt]
[objective: binary]
[metric: binary_logloss]
[tree_learner: serial]
[device_type: cpu]
[data_sample_strategy: bagging]
[data: ]
[valid: ]
[num_iterations: 200]
[learning_rate: 0.05]
[num_leaves: 15]
[num_threads: 8]
[seed: 42]
[deterministic: 0]
[force_col_wise: 0]
[force_row_wise: 0]
[histogram_pool_size: -1]
[max_depth: 4]
[min_data_in_leaf: 20]
[min_sum_hessian_in_leaf: 0.001]
[bagging_fraction: 0.9]
[pos_bagging_fraction: 1]
[neg_bagging_fraction: 1]
[bagging_freq: 1]
[bagging_seed: 400]
[bagging_by_query: 0]
[feature_fraction: 0.9]
[feature_fraction_bynode: 1]
[feature_fraction_seed: 30056]
[extra_trees: 0]
[extra_seed: 12879]
[early_stopping_round: 0]
[early_stopping_min_delta: 0]
[first_metric_only: 0]
[max_delta_step: 0]
[lambda_l1: 0]
[lambda_l2: 1]
[linear_lambda: 0]
[min_gain_to_split: 0]
[drop_rate: 0.1]
[max_drop: 50]
[skip_drop: 0.5]
[xgboost_dart_mode: 0]
[uniform_drop: 0]
[drop_seed: 17869]
[top_rate: 0.2]
[other_rate: 0.1]
[min_data_per_group: 100]
[max_cat_threshold: 32]
[cat_l2: 10]
[cat_smooth: 10]
[max_cat_to_onehot: 4]
[top_k: 20]
[monotone_constraints: ]
[monotone_constraints_method: basic]
[monotone_penalty: 0]
[feature_contri: ]
[forcedsplits_filename: ]
[refit_decay_rate: 0.9]
[cegb_tradeoff: 1]
[cegb_penalty_split: 0]
[cegb_penalty_feature_lazy: ]
[cegb_penalty_feature_coupled: ]
[path_smooth: 0]
[interaction_constraints: ]
[verbosity: -1]
[saved_feature_importance_type: 0]
[use_quantized_grad: 0]
[num_grad_quant_bins: 4]
[quant_train_renew_leaf: 0]
[stochastic_rounding: 1]
[linear_tree: 0]
[max_bin: 255]
[max_bin_by_feature: ]
[min_data_in_bin: 3]
[bin_construct_sample_cnt: 200000]
[data_random_seed: 175]
[is_enable_sparse: 1]
[enable_bundle: 1]
[use_missing: 1]
[zero_as_missing: 0]
[feature_pre_filter: 1]
[pre_partition: 0]
[two_round: 0]
[header: 0]
[label_column: ]
[weight_column: ]
[group_column: ]
[ignore_column: ]
[categorical_feature: 0,1,3]
[forcedbins_filename: ]
[precise_float_parser: 0]
[parser_config_file: ]
[objective_seed: 16083]
[num_class: 1]
[is_unbalance: 0]
[scale_pos_weight: 1]
[sigmoid: 1]
[boost_from_average: 1]
[reg_sqrt: 0]
[alpha: 0.9]
[fair_c: 1]
[poisson_max_delta_step: 0.7]
[tweedie_variance_power: 1.5]
[lambdarank_truncation_level: 30]
[lambdarank_norm: 1]
[label_gain: ]
[lambdarank_position_bias_regularization: 0]
[eval_at: ]
[multi_error_top_k: 1]
[auc_mu_weights: ]
[num_machines: 1]
[local_listen_port: 12400]
[time_out: 120]
[machine_list_filename: ]
[machines: ]
[gpu_platform_id: -1]
[gpu_device_id: -1]
[gpu_device_id_list: ]
[gpu_use_dp: 0]
[num_gpu: 1]

end of parameters

pandas_categorical:[]
