tree
version=v4
num_class=1
num_tree_per_iteration=1
label_index=0
max_feature_idx=44
objective=binary sigmoid:1
feature_names=age_group gender month season day_of_year_sin day_of_year_cos weather_code_current temperature_mean_current temperature_max_current temperature_min_current humidity_mean_current humidity_max_current humidity_min_current wind_speed_mean_current wind_speed_max_current precipitation_sum_current rain_sum_current wind_gust_max_current rain_day_current temperature_mean_3d temperature_max_3d temperature_min_3d humidity_mean_3d humidity_max_3d humidity_min_3d wind_speed_mean_3d wind_speed_max_3d precipitation_sum_3d rain_sum_3d rain_days_3d rain_max_daily_3d wind_gust_max_3d temperature_mean_7d temperature_max_7d temperature_min_7d humidity_mean_7d humidity_max_7d humidity_min_7d wind_speed_mean_7d wind_speed_max_7d precipitation_sum_7d rain_sum_7d rain_days_7d rain_max_daily_7d wind_gust_max_7d
feature_infos=-1:0:1:2:3:4:5 -1:0:1 [1:12] -1:1:0 [-0.99999942202469239:0.99998555065071859] [-0.99997919295908244:0.9999907524084426] [0:61] [23.658332999999999:32.533332999999999] [25.899999999999999:39.200000000000003] [17.899999999999999:29.300000000000001] [48.958333000000003:91.625] [63:100] [23:86] [2.8541669999999999:19.695833] [6.4000000000000004:30.100000000000001] [0:63.100000000000001] [0:63.100000000000001] [14:56.899999999999999] [0:1] [23.766667000000002:32.427778000000004] [27.699999999999999:39.200000000000003] [17.899999999999999:28.100000000000001] [52.569443999999997:90.694444000000004] [73:100] [23:79] [4.125:17.329167000000002] [9.6999999999999993:30.100000000000001] [0:93.900000000000006] [0:93.900000000000006] [0:3] [0:63.100000000000001] [17.300000000000001:56.899999999999999] [24.365476000000001:32.235118999999997] [28.699999999999999:39.200000000000003] [17.899999999999999:27.5] [55.767856999999999:89.523809999999997] [77:100] [23:72] [4.5327380000000002:15.469643] [11.6:30.100000000000001] [0:163.90000000000001] [0:163.90000000000001] [0:7] [0:63.100000000000001] [23:56.899999999999999]
tree_sizes=1669 1624 1720 1609 1722 1490 1117 1512 1628 1505 1701 1506 1700 1709 1713 1486 1707 1500 1715 1213 1685 1617 1625 1607 1624 1627 1713 1701 1601 1727 1706 1729 1730 1721 1692 1724 1709 1729 1739 1733 1733 1714 1711 1624 1717 1694 1725 1748 1716 1721 1709 1726 1730 1732 1733 1718 1732 1744 1716 1713 1712 1612 1748 1727 1749 1711 1633 1735 1716 1721 1750 1503 1738 1626 1516 1721 1634 1639 1639 1727 1655 1760 1711 1538 1743 1740 1627 1739 1636 1630 1726 1763 1538 1757 1736 1711 1743 1448 1695 1739 1741 1638 1746 1645 1641 1413 1752 1759 1422 1733 1749 1547 1611 1758 1552 1639 1766 1524 1546 1633 1724

Tree=0
num_leaves=15
num_cat=3
split_feature=0 0 1 34 33 34 34 34 4 34 38 34 34 24
split_gain=8190.14 640.495 70.143 67.9649 157.505 66.3214 37.0766 26.5078 8.9333 3.50291 2.07309 1.14455 4.15152 0.33641
threshold=0 1 2 24.550000000000004 33.95000000000001 25.150000000000002 20.350000000000005 20.250000000000004 0.98667101781630184 26.550000000000004 6.259821500000001 23.950000000000003 23.650000000000002 33.500000000000007
decision_type=1 1 1 2 2 2 2 2 2 2 2 2 2 2
left_child=8 2 6 7 -5 -4 -2 -3 9 10 -1 12 -10 -13
right_child=1 3 5 4 -6 -7 -8 -9 11 -11 -12 13 -14 -15
leaf_value=0.28699787826520218 0.33441743923344963 0.42917231753916585 0.37103874384659336 0.39306959957952231 0.46431320395736664 0.45555003117356813 0.41816450597913013 0.46574863241261732 0.30492941572700794 0.31654722057010143 0.27435709371508865 0.32738663999279732 0.35767284379444303 0.28391674185596349
leaf_weight=126.65724584460258 13.002835124731062 55.141652658581734 253.55528493225574 120.87820801138878 216.23233225941658 24.560910791158676 267.28049978613853 1295.2268543690443 24.56091079115868 12.039662152528761 914.05115061998367 5.7790378332138053 6.2606243193149558 29.135982409119606
leaf_count=526 54 229 1053 502 898 102 1110 5379 102 50 3796 24 26 121
internal_value=0.388393 0.443404 0.396352 0.458823 0.438856 0.378715 0.4141 0.464286 0.278478 0.276194 0.275796 0.299698 0.314334 0.289206
internal_weight=3364.36 2245.88 558.4 1687.48 337.111 278.116 280.283 1350.37 1118.48 1052.75 1040.71 65.7366 30.8215 34.915
internal_count=13972 9327 2319 7008 1400 1155 1164 5608 4645 4372 4322 273 128 145
cat_boundaries=0 1 2 3
cat_threshold=48 2 1
is_linear=0
shrinkage=1


Tree=1
num_leaves=14
num_cat=2
split_feature=0 0 34 34 43 34 4 12 19 33 5 34 34
split_gain=7321.77 567.111 63.5222 63.5972 61.9582 44.0934 7.46473 6.30039 3.14804 2.84164 2.58957 1.65586 2.93225
threshold=0 1 25.250000000000004 24.550000000000004 56.500000000000007 24.550000000000004 0.98802474685579855 63.500000000000007 29.951389000000002 37.750000000000007 -0.9575230291762723 23.950000000000003 23.650000000000002
decision_type=1 1 2 2 2 2 2 2 2 2 2 2 2
left_child=6 2 3 -2 5 -3 8 -4 10 -10 -1 12 -8
right_child=1 4 7 -5 -6 -7 11 -9 9 -11 -12 -13 -14
leaf_value=-0.093362546026989096 0.011430304821162085 0.073555387294175961 0.075946830932023812 -0.039984756714642467 -0.059479454792884259 0.052596805970512688 -0.075267239175041856 0.019476460598071389 -0.063327720190875014 -0.09770322235638601 -0.10616612293899164 -0.092317234037946519 -0.029469063119284735
leaf_weight=119.45581364631653 447.24792402982712 1317.2185657322407 35.524169355630875 68.475727587938309 8.661126494407652 325.86553908884525 21.740699455142025 6.6758629083633414 20.099345922470093 26.455846190452576 910.04452446103096 34.267014399170876 6.296467423439025
leaf_count=487 1859 5558 149 285 36 1368 89 28 82 108 3710 140 26
internal_value=0.000501437 0.0535193 0.00926141 0.00453945 0.0683084 0.0694333 -0.101943 0.0676711 -0.103975 -0.084506 -0.104773 -0.0818651 -0.0663512
internal_weight=3348.03 2209.67 557.924 515.724 1651.75 1643.08 1138.36 42.2 1076.06 46.5552 1029.5 62.3042 28.0372
internal_count=13925 9283 2321 2144 6962 6926 4642 177 4387 190 4197 255 115
cat_boundaries=0 1 2
cat_threshold=48 2
is_linear=0
shrinkage=0.05


Tree=2
num_leaves=15
num_cat=3
split_feature=0 0 1 34 33 34 35 34 20 5 38 19 5 13
split_gain=6586.78 573.425 66.4958 62.757 138.071 56.8269 29.985 22.5447 4.20528 6.25771 5.3552 4.02517 3.97598 3.61251
threshold=0 1 2 24.550000000000004 33.95000000000001 25.250000000000004 86.023809500000013 20.250000000000004 33.45000000000001 -0.9575230291762723 6.259821500000001 28.231250000000003 0.16587474750015926 13.018750000000002
decision_type=1 1 1 2 2 2 2 2 2 2 2 2 2 2
left_child=8 2 6 7 -5 -4 -2 -3 9 13 -11 -10 -13 -1
right_child=1 3 5 4 -6 -7 -8 -9 11 10 -12 12 -14 -15
leaf_value=-0.087757582411943189 0.013900473018977171 0.038944926379641781 -0.016629177365775141 0.0041302130379476379 0.070973949052835161 0.067000196325665215 0.050420546881871545 0.072677095943659689 -0.079928019708077835 -0.087247317065579574 -0.10380151059218073 -0.087912367330139407 -0.10515537581908976 -0.04156198726953745
leaf_weight=104.86757563054562 202.74004009366035 55.423739433288574 261.35662832856178 121.56992119550705 211.55112516880035 21.035200089216232 77.451065689325333 1253.3833051472902 118.38075460493565 100.92270436882973 563.4475814551115 167.33812427520752 101.03270703554153 7.1909467726945868
leaf_count=423 848 236 1083 510 904 90 324 5387 477 407 2270 676 407 29
internal_value=0.000199228 0.0509388 0.00680149 0.0659159 0.0466652 -0.0101852 0.0241388 0.0712795 -0.0955426 -0.0991912 -0.101422 -0.0904449 -0.0947701 -0.085187
internal_weight=3367.69 2204.51 562.583 1641.93 333.121 282.392 280.191 1308.81 1163.18 776.429 664.37 386.752 268.371 112.059
internal_count=14071 9382 2345 7037 1414 1173 1172 5623 4689 3129 2677 1560 1083 452
cat_boundaries=0 1 2 3
cat_threshold=48 2 1
is_linear=0
shrinkage=0.05


Tree=3
num_leaves=14
num_cat=3
split_feature=0 0 34 33 1 34 34 34 19 41 4 34 38
split_gain=5981.85 523.747 57.3414 137.104 56.7604 51.664 30.0782 20.5223 6.75221 6.37842 2.66574 3.12944 2.78643
threshold=0 1 24.550000000000004 33.95000000000001 2 25.250000000000004 20.350000000000005 20.250000000000004 29.848611000000002 1.2500000000000002 0.99374995976406788 24.150000000000002 6.259821500000001
decision_type=1 1 2 2 1 2 2 2 2 2 2 2 2
left_child=8 4 7 -4 6 -6 -2 -3 10 -10 12 -12 -1
right_child=1 2 3 -5 5 -7 -8 -9 9 -11 11 -13 -14
leaf_value=-0.083092827530241942 -0.051315773302434933 0.037749147634059427 0.0027258581628247141 0.069667458134094251 -0.014922927449647516 0.065055898397184911 0.026553667563653113 0.069988981624038119 -0.096486518422402551 -0.060217466319784918 -0.05568324554076505 -0.09426857717849782 -0.094630522633527295
leaf_weight=133.6917072981596 12.104132771492003 55.340422987937927 121.47193789482117 205.93815211951733 262.37181839346886 20.882722750306129 264.49123488366604 1237.9294730722904 23.19702260196209 47.5547044724226 21.855292201042175 12.965880274772642 925.49427442252636
leaf_count=536 50 238 510 897 1084 91 1113 5430 93 191 88 52 3707
internal_value=0.000222715 0.049034 0.063486 0.0449155 0.00678048 -0.00881843 0.0229734 0.0686396 -0.090762 -0.0732878 -0.0926531 -0.0722813 -0.093254
internal_weight=3345.29 2180.53 1620.68 327.41 559.85 283.255 276.595 1293.27 1164.76 70.7517 1094.01 34.8212 1059.19
internal_count=14080 9413 7075 1407 2338 1175 1163 5668 4667 284 4383 140 4243
cat_boundaries=0 1 2 3
cat_threshold=48 2 1
is_linear=0
shrinkage=0.05


Tree=4
num_leaves=15
num_cat=3
split_feature=0 0 34 33 1 34 34 34 4 38 5 5 38 40
split_gain=5381.11 489.503 59.4686 122.725 56.1 52.2499 28.035 22.3986 8.42315 3.4394 5.83122 5.63901 2.57741 7.78587
threshold=0 1 24.550000000000004 33.95000000000001 2 25.150000000000002 20.350000000000005 20.250000000000004 0.98667101781630184 6.259821500000001 0.16587474750015926 -0.9575230291762723 10.886607000000003 6.4500000000000011
decision_type=1 1 2 2 1 2 2 2 2 2 2 2 2 2
left_child=8 4 7 -4 6 -6 -2 -3 9 10 -1 -11 -10 -14
right_child=1 2 3 -5 5 -7 -8 -9 12 11 -12 -13 13 -15
leaf_value=-0.093427919475053717 -0.04526962206673571 0.034477088188659175 0.0023840188100480199 0.066145026353831224 -0.016050647649395174 0.058666488251419457 0.025965951316287556 0.068148170133183666 -0.081487120211111555 -0.075225144804441105 -0.067699367632419405 -0.090594807522163576 -0.069022482284217104 -0.01907799246619438
leaf_weight=46.746822372078896 13.672252178192137 54.772727876901627 120.44942969083786 201.43073844909668 255.07643426954746 24.769790172576904 266.64648532867432 1208.2374633848667 25.731578573584557 103.49617382884026 87.246990293264389 860.55924035608768 30.217211291193962 11.695978447794912
leaf_count=187 56 238 506 896 1051 109 1129 5417 103 414 349 3443 121 47
internal_value=0.000233344 0.0471679 0.0614137 0.0423666 0.00645544 -0.00925193 0.0223429 0.0667164 -0.085769 -0.0876655 -0.077301 -0.0890245 -0.0666501 -0.0558547
internal_weight=3310.75 2145.06 1584.89 321.88 560.165 279.846 280.319 1263.01 1165.69 1098.05 133.994 964.055 67.6448 41.9132
internal_count=14066 9402 7057 1402 2345 1160 1185 5655 4664 4393 536 3857 271 168
cat_boundaries=0 1 2 3
cat_threshold=48 2 1
is_linear=0
shrinkage=0.05


Tree=5
num_leaves=13
num_cat=5
split_feature=0 0 0 34 1 34 5 35 0 4 32 34
split_gain=4875.9 482.287 52.5666 64.6344 51.5386 45.9104 29.1021 25.7923 8.26957 21.7063 15.4663 6.15783
threshold=0 1 2 20.250000000000004 3 25.150000000000002 -0.85225707553516283 86.812500000000014 4 0.99700008544936913 27.223809500000005 24.450000000000003
decision_type=1 1 1 2 1 2 2 2 1 2 2 2
left_child=8 4 6 -4 7 -6 -3 -2 9 10 -1 -11
right_child=1 2 3 -5 5 -7 -8 -9 -10 11 -12 -13
leaf_value=-0.081116414643374782 0.012860228315985626 0.050942508175482251 -0.044830474279966753 0.047589259032270757 -0.015804873888988599 0.056157825415842688 0.072495229738810091 0.051081952314645997 -0.092643013373905236 0.018487898899159198 -0.063555543545327831 -0.039959557694810209
leaf_weight=273.42771670222282 220.08178809285164 207.62243282794952 18.911526918411255 496.57915337383747 260.14403212070465 23.240568280220032 826.95807687938213 54.600734829902649 575.93084554374218 7.7403712868690517 294.24831728637218 8.4932819604873639
leaf_count=1097 934 932 83 2261 1069 104 3772 234 2310 31 1180 34
internal_value=0.000225388 0.0454689 0.0598548 0.0432805 0.00512647 -0.00972644 0.0675708 0.0206156 -0.0816662 -0.0693265 -0.0721417 -0.0126355
internal_weight=3267.98 2108.14 1550.07 515.491 558.067 283.385 1034.58 274.683 1159.84 583.91 567.676 16.2337
internal_count=14041 9389 7048 2344 2341 1173 4704 1168 4652 2342 2277 65
cat_boundaries=0 1 2 3 4 5
cat_threshold=48 2 9 1 32
is_linear=0
shrinkage=0.05


Tree=6
num_leaves=9
num_cat=1
split_feature=43 7 34 34 34 11 33 1
split_gain=49.1578 33.7241 87.4503 63.0327 31.077 2.45386 2.63959 1.22598
threshold=56.500000000000007 29.931250000000002 24.550000000000004 24.950000000000003 20.350000000000005 73.500000000000014 38.100000000000009 0
decision_type=2 2 2 2 2 2 2 1
left_child=1 2 4 -4 -1 -3 -7 -2
right_child=7 5 3 -5 -6 6 -8 -9
leaf_value=-0.019213632319762319 -0.052859006057024698 -0.011617078410992607 -0.041624943992760538 -0.0042460956299798305 0.0043466979243515988 0.025599120509222851 0.011777049045713396 -0.092942187083190853
leaf_weight=147.56450448930264 9.6483258605003357 5.0157634019851676 200.8547370582819 256.18417532742023 2421.5115355849266 135.74039867520332 49.826830148696899 9.9756461977958679
leaf_count=629 40 22 847 1102 10588 595 219 41
internal_value=0.000193808 0.000686944 -0.000600822 -0.020728 0.00298647 0.0210308 0.0219708 -0.0767534
internal_weight=3236.32 3216.7 3026.11 457.039 2569.08 190.583 185.567 19.624
internal_count=14083 14002 13166 1949 11217 836 814 81
cat_boundaries=0 1
cat_threshold=1
is_linear=0
shrinkage=0.05


Tree=7
num_leaves=13
num_cat=3
split_feature=0 0 34 33 33 44 34 0 4 5 39 4
split_gain=4467.83 439.46 55.3886 115.476 52.2946 80.1702 14.1883 11.168 16.5987 10.0034 5.29631 1.61588
threshold=0 1 24.550000000000004 33.95000000000001 36.850000000000001 48.800000000000004 20.250000000000004 2 0.98667101781630184 -0.9575230291762723 22.450000000000003 0.85226249403558707
decision_type=1 1 2 2 2 2 2 1 2 2 2 2
left_child=7 4 6 -4 5 -2 -3 8 9 -1 -10 -6
right_child=1 2 3 -5 11 -7 -8 -9 10 -11 -12 -13
leaf_value=-0.048463555571176993 0.005331459805880033 0.036682690965281532 0.00096218651875093996 0.063223982494273329 0.032132699756116899 -0.099299056302295616 0.064569861505552814 -0.088760123857894876 -0.011323273037001516 -0.071669126957058404 -0.050298183492676056 0.068387037096372547
leaf_weight=61.415043205022812 501.69294781982899 52.132008910179138 120.16619856655598 194.97412268817425 6.4713697135448447 17.999983623623848 1141.8824504166842 581.47867487370968 16.964405566453934 484.48652857542038 18.70171745121479 29.675082340836525
leaf_count=247 2105 230 508 907 29 75 5371 2348 68 1954 75 129
internal_value=-6.78876e-05 0.0440189 0.0580544 0.0395611 0.00552407 0.00152375 0.063384 -0.0780226 -0.0658383 -0.0691518 -0.0325744 0.0629361
internal_weight=3228.04 2064.99 1509.15 315.14 555.839 519.693 1194.01 1163.05 581.568 545.902 35.6661 36.1465
internal_count=14046 9354 7016 1415 2338 2180 5601 4692 2344 2201 143 158
cat_boundaries=0 1 2 3
cat_threshold=48 2 32
is_linear=0
shrinkage=0.05


Tree=8
num_leaves=14
num_cat=2
split_feature=0 0 34 35 34 34 34 4 12 34 5 34 7
split_gain=4113.96 414.538 52.751 91.5612 49.127 56.2222 21.9053 6.49179 4.91561 3.00528 2.47498 2.16054 1.37899
threshold=0 1 24.550000000000004 83.485119000000012 25.250000000000004 24.550000000000004 20.250000000000004 0.99700008544936913 63.500000000000007 26.550000000000004 -0.9575230291762723 24.450000000000003 30.068750000000005
decision_type=1 1 2 2 2 2 2 2 2 2 2 2 2
left_child=7 4 6 -4 5 -2 -3 9 -6 10 -1 -9 -13
right_child=1 2 3 -5 8 -7 -8 11 -10 -11 -12 12 -14
leaf_value=-0.067451578574020093 0.0074548217039469532 0.028922249487928861 0.056679777463381369 -0.0018801805879099587 0.065113302515245428 -0.040880294034350603 0.062992012874617503 -0.033761000499783769 0.015765193470261857 -0.045442683371037303 -0.078020875563268977 -0.080217381104467425 -0.040525152561036615
leaf_weight=120.67673382163048 443.1249827593565 51.800705105066299 207.75797317922115 98.032918468117714 33.781258568167686 68.589151665568352 1125.6182180792093 15.944375142455099 6.7962697446346274 12.659587100148199 985.68995216488838 8.3822520673275012 8.211015582084654
leaf_count=489 1859 231 979 415 154 284 5433 64 30 51 4015 34 33
internal_value=-0.000161065 0.0425091 0.0563115 0.0379612 0.00506608 0.000908981 0.0615189 -0.0752719 0.057426 -0.0766147 -0.07693 -0.0506284 -0.0639959
internal_weight=3187.07 2035.5 1483.21 305.791 552.292 511.714 1177.42 1151.56 40.5775 1119.03 1106.37 32.5376 16.5933
internal_count=14071 9385 7058 1394 2327 2143 5664 4686 184 4555 4504 131 67
cat_boundaries=0 1 2
cat_threshold=48 2
is_linear=0
shrinkage=0.05


Tree=9
num_leaves=13
num_cat=4
split_feature=0 0 0 34 34 36 5 0 19 40 5 34
split_gain=3775.36 369.109 60.9891 61.8359 44.4119 46.9053 26.2157 8.88012 16.7668 21.4483 11.6917 3.84676
threshold=0 1 2 20.250000000000004 25.250000000000004 95.500000000000014 -0.77243990499604276 3 29.354861000000003 1.2500000000000002 -0.95242240592625282 26.550000000000004
decision_type=1 1 1 2 2 2 2 1 2 2 2 2
left_child=7 4 6 -4 5 -2 -3 8 10 -10 -1 -6
right_child=1 2 3 -5 11 -7 -8 -9 9 -11 -12 -13
leaf_value=-0.043725069433193327 -0.027453421997564589 0.049109558558781213 -0.050773692937286452 0.041669448231280777 0.062864081191904467 0.0099322457641766327 0.068592737088054717 -0.082471680149930823 -0.077300680376303235 -0.010270807891065589 -0.067838633883160637 0.014160935569251881
leaf_weight=64.836710691452026 104.13016529381275 246.39464059472084 17.991758197546005 472.89560578763485 34.124508202075958 414.51581716537476 706.57883767783642 565.75819063186646 17.610770583152771 34.310952112078667 453.1095003336668 5.3536689579486838
leaf_count=264 435 1168 79 2297 158 1738 3490 2336 72 139 1862 25
internal_value=-1.4858e-05 0.0412352 0.0546216 0.0374241 0.00621809 0.00238782 0.0629522 -0.072432 -0.0610916 -0.034037 -0.0649102 0.0567724
internal_weight=3137.61 2001.99 1443.86 490.887 558.124 518.646 952.973 1135.63 569.868 51.9217 517.946 39.4782
internal_count=14063 9390 7034 2376 2356 2173 4658 4673 2337 211 2126 183
cat_boundaries=0 1 2 3 4
cat_threshold=48 2 9 32
is_linear=0
shrinkage=0.05


Tree=10
num_leaves=15
num_cat=5
split_feature=0 0 0 34 44 1 5 0 33 5 35 38 26 38
split_gain=3462.87 347.467 51.7072 55.3052 42.5069 36.7435 26.2128 12.842 18.3902 15.798 14.127 1.78702 0.900846 0.528058
threshold=0 1 2 20.250000000000004 50.20000000000001 3 -0.84313311835787952 4 33.45000000000001 -0.93543596745397617 76.428571500000018 5.9175595000000003 25.950000000000003 5.6446430000000012
decision_type=1 1 1 2 2 1 2 1 2 2 2 2 2 2
left_child=7 4 6 -4 5 -2 -3 8 9 -1 -10 13 -6 -9
right_child=1 2 3 -5 12 -7 -8 11 10 -11 -12 -13 -14 -15
leaf_value=-0.042801824519914433 0.022027001942203247 0.045542629166116982 -0.047011086329213692 0.041478536177933248 -0.098948126837781883 -0.0038711896236987044 0.066721872032657212 -0.073373002484833347 -0.040552505979724165 -0.071570901390899264 -0.072878643976974244 -0.082006440094089195 -0.050904760156689759 -0.0489489513226826
leaf_weight=64.277102038264275 269.18397079408169 195.00528886914253 17.562370717525482 459.03510913252831 6.3800567239522916 277.23117856681347 734.12901178002357 17.286288291215897 177.66077317297459 281.49467818439007 43.967665284872055 517.80395597219467 6.1056462079286575 15.860703185200689
leaf_count=264 1158 943 76 2269 26 1155 3728 72 733 1173 182 2174 25 66
internal_value=0.000557729 0.0404767 0.053775 0.0373442 0.00663677 0.00890413 0.0616676 -0.0692849 -0.0579784 -0.0663617 -0.0472641 -0.0795662 -0.0809712 -0.0634619
internal_weight=3082.98 1964.63 1405.73 476.597 558.901 546.415 929.134 1118.35 567.4 345.772 221.628 550.951 12.4857 33.147
internal_count=14044 9380 7016 2345 2364 2313 4671 4664 2352 1437 915 2312 51 138
cat_boundaries=0 1 2 3 4 5
cat_threshold=48 2 9 1 32
is_linear=0
shrinkage=0.05


Tree=11
num_leaves=13
num_cat=4
split_feature=0 0 0 34 44 34 4 5 0 32 5 5
split_gain=3155.36 352.061 52.629 50.4533 43.5871 39.3983 32.9839 26.2399 15.8308 15.8683 22.0552 6.85752
threshold=0 1 2 24.550000000000004 46.600000000000001 25.150000000000002 0.93237596376505805 -0.86974577485258975 3 27.157142500000003 0.79773375822167203 0.39629089145655316
decision_type=1 1 1 2 2 2 2 2 1 2 2 2
left_child=8 4 7 -4 5 -2 -6 -3 9 11 -11 -1
right_child=1 2 3 -5 6 -7 -8 -9 -10 10 -12 -13
leaf_value=-0.057792757737901171 0.0046330433660639082 0.042945036214597589 0.045019884424780776 0.0048210166414881768 -0.058553599498849265 0.053747093352699851 0.040818505779120696 0.065140543095688647 -0.077186356009798146 -0.053541621623948391 -0.012397380897494262 -0.076672063795161838
leaf_weight=136.97751131653786 456.07463549077511 173.28961087763309 366.85394321382046 99.406530112028122 41.022693872451782 43.878854155540466 9.6600974798202497 728.70184114575386 547.8766512721777 280.67582178115845 37.627980753779411 106.39756001532078
leaf_count=578 1918 855 1862 472 170 205 41 3812 2343 1171 157 450
internal_value=-0.000111986 0.0386381 0.0522478 0.0357138 0.00445894 0.00904227 -0.03919 0.0602613 -0.0668476 -0.055474 -0.0487319 -0.0663263
internal_weight=3028.44 1918.89 1368.25 466.26 550.636 499.953 50.6828 901.991 1109.56 561.679 318.304 243.375
internal_count=14034 9335 7001 2334 2334 2123 211 4667 4699 2356 1328 1028
cat_boundaries=0 1 2 3 4
cat_threshold=48 2 9 32
is_linear=0
shrinkage=0.05


Tree=12
num_leaves=15
num_cat=5
split_feature=0 0 34 33 34 34 34 0 4 1 1 44 38 38
split_gain=2904.88 330.061 53.5556 113.785 38.9393 60.3404 18.4974 10.8016 18.5752 11.6189 8.75966 3.24093 1.62841 0.524518
threshold=0 1 24.550000000000004 33.95000000000001 25.250000000000004 24.550000000000004 20.250000000000004 2 0.9893236546938301 3 4 38.350000000000009 5.9175595000000003 5.5770835000000014
decision_type=1 1 2 2 2 2 2 1 2 1 1 2 2 2
left_child=7 4 6 -4 5 -2 -3 8 9 -1 -10 -6 13 -9
right_child=1 2 3 -5 11 -7 -8 12 10 -11 -12 -13 -14 -15
leaf_value=-0.065326349446944099 0.0075488455384641068 0.025723039592476821 -0.0067712290983837856 0.057246344953849948 0.031310490234808065 -0.04233635132820162 0.057858191072036595 -0.073041231022534792 0.010324388396292111 -0.04950984214263681 -0.042890911169880253 0.065352112066105666 -0.077298877906910257 -0.049426688511331855
leaf_weight=258.18020099401474 444.60594204068184 49.262283504009247 114.79929259419441 173.81399111449718 14.565218910574911 69.163428351283073 998.1614124327898 12.970387369394301 15.141667231917381 257.12378138303757 14.169565126299858 22.528603121638298 498.86073380708694 21.679562509059906
leaf_count=1099 1874 232 504 911 70 285 5360 56 62 1095 58 110 2180 93
internal_value=-7.77933e-05 0.037275 0.0507231 0.0318472 0.00430415 0.000764123 0.0563728 -0.0651669 -0.0543451 -0.0575455 -0.0159671 0.0531582 -0.074893 -0.0600671
internal_weight=2965.03 1886.9 1336.04 288.613 550.863 513.769 1047.42 1078.13 544.615 515.304 29.3112 37.0938 533.511 34.6499
internal_count=13989 9346 7007 1415 2339 2159 5592 4643 2314 2194 120 180 2329 149
cat_boundaries=0 1 2 3 4 5
cat_threshold=48 2 32 1 1
is_linear=0
shrinkage=0.05


Tree=13
num_leaves=15
num_cat=5
split_feature=0 0 0 34 1 34 35 5 0 20 5 35 38 38
split_gain=2720.22 306.351 53.9472 49.7816 41.9421 34.2675 32.7045 27.5757 12.5013 14.8401 13.503 10.6693 2.40539 1.37187
threshold=0 1 2 24.450000000000003 3 25.150000000000002 86.023809500000013 -0.73865259438682551 4 33.45000000000001 -0.93543596745397617 76.428571500000018 5.8788690000000008 5.5770835000000014
decision_type=1 1 1 2 1 2 2 2 1 2 2 2 2 2
left_child=8 4 7 -4 6 -6 -2 -3 9 10 -1 -11 13 -10
right_child=1 2 3 -5 5 -7 -8 -9 12 11 -12 -13 -14 -15
leaf_value=-0.037970598521033377 0.0082279307581790469 0.043970849405470552 0.043318703473036145 0.0046654986575581014 -0.013451482664428452 0.05014056695268676 0.046964650636857737 0.064343121112396082 -0.070691326451588252 -0.035921034141472206 -0.064138760118225877 -0.070615701339820647 -0.075248571771874828 -0.041707527952924407
leaf_weight=66.053772151470184 193.78557755053043 241.50024315714836 340.02926582098007 110.56563775241375 261.23160894215107 22.066526561975479 75.121918618679047 619.98545657098293 11.797411739826204 158.02616932988167 288.16854128241539 26.667531073093414 496.4994174093008 17.707303553819656
leaf_count=280 837 1241 1811 540 1073 110 329 3472 52 670 1257 115 2222 77
internal_value=0.000286421 0.0366448 0.0498175 0.0331318 0.00498377 -0.00833926 0.0191833 0.0580171 -0.0630903 -0.0522973 -0.0593797 -0.0412838 -0.0728505 -0.0552341
internal_weight=2929.21 1864.29 1312.08 450.595 552.206 283.298 268.907 861.486 1064.92 538.916 354.222 184.694 526.004 29.5047
internal_count=14086 9413 7064 2351 2349 1183 1166 4713 4673 2322 1537 785 2351 129
cat_boundaries=0 1 2 3 4 5
cat_threshold=48 2 9 1 32
is_linear=0
shrinkage=0.05


Tree=14
num_leaves=15
num_cat=4
split_feature=0 0 0 34 34 34 5 0 19 40 5 8 38 38
split_gain=2475.52 301.972 54.3783 47.1977 39.6405 48.4817 26.2631 14.3591 13.2802 21.238 11.6272 3.0971 2.60943 0.800592
threshold=0 1 2 20.250000000000004 25.250000000000004 24.450000000000003 -0.84313311835787952 3 29.354861000000003 1.2500000000000002 -0.9575230291762723 33.45000000000001 5.9175595000000003 5.5770835000000014
decision_type=1 1 1 2 2 2 2 1 2 2 2 2 2 2
left_child=7 4 6 -4 5 -2 -3 8 10 -10 -1 -6 13 -9
right_child=1 2 3 -5 11 -7 -8 12 9 -11 -12 -13 -14 -15
leaf_value=-0.031362147824971084 0.0073044545785598686 0.040423085725263597 -0.047136265130531083 0.035892201995700007 0.024868985268129074 -0.033409675576126723 0.062415481033964187 -0.068538389808818531 -0.071205205329304896 -0.0024121552610803037 -0.05658630198939836 0.062563743391437526 -0.07348759737020305 -0.043505321135899416
leaf_weight=55.875295206904411 427.80368782579899 181.77815333008766 16.99700653553009 426.57782997190952 9.1507949382066709 87.149802699685097 648.00599503517151 10.865745261311533 15.980571836233137 33.28465947508812 427.88830664753914 26.882816940546036 476.43299716711044 20.879529446363449
leaf_count=238 1809 951 75 2281 44 360 3734 49 69 139 1886 137 2188 92
internal_value=0.000133823 0.0351862 0.0485806 0.0318944 0.00388624 0.00036267 0.0569664 -0.0610101 -0.0502634 -0.0256998 -0.0537436 0.0539211 -0.0709786 -0.053905
internal_weight=2865.55 1824.35 1273.36 443.575 550.987 514.953 829.784 1041.21 533.029 49.2652 483.764 36.0336 508.178 31.7453
internal_count=14052 9391 7041 2356 2350 2169 4685 4661 2332 208 2124 181 2329 141
cat_boundaries=0 1 2 3 4
cat_threshold=48 2 9 32
is_linear=0
shrinkage=0.05


Tree=15
num_leaves=13
num_cat=5
split_feature=0 0 34 33 33 36 0 4 37 1 1 37
split_gain=2312.37 270.741 58.2621 109.048 33.3311 45.6906 17.7017 16.7684 15.1799 10.7244 10.5979 4.92373
threshold=0 1 24.550000000000004 33.95000000000001 36.850000000000001 95.500000000000014 2 0.98802474685579855 24.500000000000004 3 4 34.500000000000007
decision_type=1 1 2 2 2 2 1 2 2 1 1 2
left_child=6 4 8 -4 5 -2 7 10 -3 -9 -1 -6
right_child=1 2 3 -5 11 -7 -8 9 -10 -11 -12 -13
leaf_value=-0.059060601855618768 -0.029999263197283934 -0.017166137105690399 -0.010908135840774885 0.053090455813080521 0.058919683557757202 0.0084583487398135343 -0.069521934079006184 0.014110927053592036 0.053933045099074907 -0.041539343571559917 -0.04377043600381645 0.0066485530792767663
leaf_weight=249.5626578181982 93.751863405108452 7.1389475017786017 111.59445314109325 162.87654794752598 29.587711915373802 416.75412908196449 502.51682697236538 16.410973280668259 959.15105651319027 16.469805777072906 247.14673845469952 5.6047222912311545
leaf_count=1116 394 35 501 921 141 1770 2366 68 5585 69 1100 28
internal_value=-6.63788e-05 0.0343003 0.0472265 0.0271248 0.0045575 0.00135096 -0.059285 -0.0483543 0.0533906 -0.0141673 -0.0515559 0.0510087
internal_weight=2818.57 1786.46 1240.76 274.471 545.698 510.506 1032.11 529.59 966.29 32.8808 496.709 35.1924
internal_count=14094 9375 7042 1422 2333 2164 4719 2353 5620 137 2216 169
cat_boundaries=0 1 2 3 4 5
cat_threshold=48 2 32 1 1
is_linear=0
shrinkage=0.05


Tree=16
num_leaves=15
num_cat=5
split_feature=0 0 0 34 1 5 6 0 4 32 34 38 38 5
split_gain=2135.63 273.927 60.686 43.1003 36.7236 27.0249 47.2544 18.3803 15.4928 10.7341 5.14693 1.23459 1.93354 0.00389713
threshold=0 1 2 20.250000000000004 3 -0.77243990499604276 2.5000000000000004 4 0.99700008544936913 27.157142500000003 24.450000000000003 5.7779760000000016 5.6446430000000012 -0.6905596507703472
decision_type=1 1 1 2 1 2 2 1 2 2 2 2 2 2
left_child=7 5 3 -3 -4 6 -2 8 9 -1 -10 12 -9 -7
right_child=1 2 4 -5 -6 13 -8 11 10 -11 -12 -13 -14 -15
leaf_value=-0.057545437519062936 -0.023979968031601757 -0.043387621848621688 0.017268647595790217 0.033238744830663684 -0.0085367229367052655 0.051262829464001639 0.048849435361301673 -0.062128662514338455 0.030398325384432948 -0.042251608964409423 -0.025119877041229741 -0.07017580547101121 -0.026530921634894136 0.062149654798497926
leaf_weight=223.18449495732784 24.671908587217331 18.375524327158928 267.74976076185703 409.70330357551575 282.20093964040279 33.065672188997269 186.24457310140133 16.160771191120151 7.3410774618387205 281.64398758113384 7.3667802959680557 460.93537221848965 7.9064263701438895 542.70276471972466
leaf_count=1028 126 81 1173 2288 1182 193 1026 76 30 1258 31 2236 36 3367
internal_value=0.000210677 0.0332837 0.0152007 0.0291761 0.00396352 0.0552454 0.0402573 -0.0576233 -0.0467443 -0.0491134 0.00276182 -0.0679818 -0.0519592 0.0616144
internal_weight=2769.25 1764.71 978.03 428.079 549.951 786.685 210.916 1004.54 519.536 504.828 14.7079 485.003 24.0672 575.768
internal_count=14131 9436 4724 2369 2355 4712 1152 4695 2347 2286 61 2348 112 3560
cat_boundaries=0 1 2 3 4 5
cat_threshold=48 9 4 1 32
is_linear=0
shrinkage=0.05


Tree=17
num_leaves=13
num_cat=4
split_feature=0 0 44 34 4 5 6 0 4 1 30 5
split_gain=1950.03 255.72 53.4762 56.331 45.8068 29.6293 47.6465 17.5325 15.075 11.2839 8.45181 0.930644
threshold=0 1 48.050000000000004 20.250000000000004 0.93237596376505805 -0.79382744783423187 2.5000000000000004 2 0.98667101781630184 3 0.55000000000000016 -0.6905596507703472
decision_type=1 1 2 2 2 2 2 1 2 1 2 2
left_child=7 5 3 -3 -4 6 -2 8 9 -1 -10 -7
right_child=1 2 4 -5 -6 11 -8 -9 10 -11 -12 -13
leaf_value=-0.056651579180834293 -0.026817079650490155 -0.042092870724692054 -0.052095746444985526 0.020190678765389634 0.047408390688753854 0.048658285072994245 0.046551728210853724 -0.066527300450801838 -0.048067686066473339 -0.040761215254744465 0.00438405535241875 0.061058921824751124
leaf_weight=237.70423723757267 24.687877371907234 36.975406512618065 49.402784898877144 866.40954664349556 14.157218575477598 40.821238458156586 173.13004174828529 466.67993286252022 10.551830425858496 244.75954394042492 22.479564189910889 514.53688678145409
leaf_count=1104 123 156 226 4249 71 242 975 2328 45 1124 94 3315
internal_value=-0.000308276 0.0317356 0.0143238 0.0175977 -0.0295414 0.0535613 0.0373064 -0.0561548 -0.0455707 -0.0486912 -0.0132917 0.0602365
internal_weight=2702.3 1720.12 966.945 903.385 63.56 753.176 197.818 982.175 515.495 482.464 33.0314 555.358
internal_count=14052 9357 4702 4405 297 4655 1098 4695 2367 2228 139 3557
cat_boundaries=0 1 2 3 4
cat_threshold=48 9 32 1
is_linear=0
shrinkage=0.05


Tree=18
num_leaves=15
num_cat=3
split_feature=0 0 44 6 4 5 43 0 20 5 39 38 4 5
split_gain=1839.77 236.45 48.6701 46.8868 46.4853 29.3209 45.9683 16.7495 14.7363 14.4704 12.6752 2.63554 4.6669 0.249178
threshold=0 1 48.050000000000004 2.5000000000000004 0.93237596376505805 -0.77243990499604276 13.65 2 33.45000000000001 -0.9575230291762723 22.850000000000005 5.9175595000000003 -0.78326540922535159 -0.6905596507703472
decision_type=1 1 2 2 2 2 2 1 2 2 2 2 2 2
left_child=7 5 3 -3 -4 6 -2 8 9 -1 -10 12 -9 -7
right_child=1 2 4 -5 -6 13 -8 11 10 -11 -12 -13 -14 -15
leaf_value=-0.026444414456356535 -0.012403706094585227 -0.0031808370339248652 -0.048764805944500625 0.024204561956489731 0.048516777291593344 0.048392920700511356 0.048477437852026989 -0.023407195822530931 -0.021942021720202494 -0.056063436867406828 -0.049839160955542826 -0.067606754107123343 -0.066109705647595871 0.06043270842455533
leaf_weight=51.587431266903877 37.779587045311928 202.48570524156094 51.287777841091156 681.03054919838905 15.171042695641516 29.738924041390419 163.27087107300758 13.309997648000719 106.01479241251945 278.22721682488918 68.451385974884033 427.70272679626942 15.22130601108074 499.76177276670933
leaf_count=231 196 989 230 3362 77 184 949 65 480 1334 312 2207 74 3344
internal_value=3.14048e-05 0.0315266 0.0146682 0.0179318 -0.0261676 0.0529058 0.0370324 -0.0548063 -0.0443537 -0.0515246 -0.0331091 -0.0650435 -0.047656 0.059849
internal_weight=2641.04 1680.53 949.975 883.516 66.4588 730.551 201.05 960.515 504.281 329.815 174.466 456.234 28.5313 529.501
internal_count=14034 9331 4658 4351 307 4673 1145 4703 2357 1565 792 2346 139 3528
cat_boundaries=0 1 2 3
cat_threshold=48 9 32
is_linear=0
shrinkage=0.05


Tree=19
num_leaves=10
num_cat=2
split_feature=43 32 34 41 36 33 1 41 1
split_gain=43.6567 31.1955 60.4944 50.5705 24.9017 3.72912 2.44843 1.3435 0.236765
threshold=56.500000000000007 29.670238000000005 24.550000000000004 65.65000000000002 95.500000000000014 38.100000000000009 0 3.7000000000000006 1
decision_type=2 2 2 2 2 2 1 2 1
left_child=1 2 4 -4 -1 7 -7 -3 -2
right_child=8 5 3 -5 -6 6 -8 -9 -10
leaf_value=-0.0084715064690516553 -0.054540182251083549 0.020606103401654152 -0.029449616714663521 0.013694646165435476 0.0053256510942748612 -0.00097598203145200779 0.021604638909922789 0.032986936036884892 -0.092297135930750576
leaf_weight=407.93693377077579 7.5215689837932587 48.51843686401844 286.27169747650623 88.290588706731796 1632.680760666728 23.839597567915916 23.014370784163475 57.528823912143707 8.8106919974088687
leaf_count=2230 35 272 1442 437 8967 134 131 320 40
internal_value=2.87166e-05 0.000562268 -0.000828223 -0.0192704 0.00256468 0.0223887 0.0103352 0.0275679 -0.0790587
internal_weight=2584.41 2568.08 2415.18 374.562 2040.62 152.901 46.854 106.047 16.3323
internal_count=14008 13933 13076 1879 11197 857 265 592 75
cat_boundaries=0 1 2
cat_threshold=1 1
is_linear=0
shrinkage=0.05


Tree=20
num_leaves=15
num_cat=5
split_feature=0 0 0 34 1 5 43 0 33 37 5 43 38 4
split_gain=1627.35 247.034 58.4804 48.1398 34.522 27.3066 45.1701 25.6547 18.738 13.5874 13.5669 10.5433 2.70731 5.13896
threshold=0 1 2 20.250000000000004 3 -0.8611288361322974 13.65 4 33.45000000000001 47.500000000000007 -0.93543596745397617 56.500000000000007 5.8788690000000008 -0.78326540922535159
decision_type=1 1 1 2 1 2 2 1 2 2 2 2 2 2
left_child=7 5 3 -3 -4 6 -2 8 10 -10 -1 -7 13 -9
right_child=1 2 4 -5 -6 11 -8 12 9 -11 -12 -13 -14 -15
leaf_value=-0.027646483452335821 -0.015942098016180184 -0.049820609546929566 0.014849471167568082 0.031324302040362503 -0.010201154031171529 0.058860061174624778 0.048475213775349614 -0.019905353925240728 -0.02366160073309085 -0.0581201605407402 -0.055521428716285098 -0.013095135599544181 -0.066440647892903687 -0.065063883762523991
leaf_weight=57.59553687274456 34.637869700789452 18.290305614471436 268.85208903253078 394.53532284498215 279.50406059622765 545.55033239722252 119.23436982929707 12.39803931117058 165.07921643555164 34.660213395953178 233.27767170965672 4.8051201552152625 409.69840151071548 15.070535466074942
leaf_count=263 177 79 1196 2287 1179 3745 713 61 756 166 1147 21 2185 75
internal_value=0.00026971 0.0297831 0.0129343 0.0269658 0.00204824 0.052227 0.0339651 -0.0524394 -0.0411267 -0.0299008 -0.0501156 0.0582092 -0.0638141 -0.0460966
internal_weight=2593.19 1665.41 961.182 412.826 548.356 704.228 153.872 927.78 490.613 199.739 290.873 550.355 437.167 27.4686
internal_count=14050 9397 4741 2366 2375 4656 890 4653 2332 922 1410 3766 2321 136
cat_boundaries=0 1 2 3 4 5
cat_threshold=48 9 4 1 32
is_linear=0
shrinkage=0.05


Tree=21
num_leaves=14
num_cat=4
split_feature=0 0 0 34 34 5 4 0 32 5 4 4 4
split_gain=1543.27 234.66 51.7015 49.9622 31.1818 29.1603 30.0466 23.4064 13.9617 22.1671 8.70971 0.22903 1.82331
threshold=0 1 2 24.550000000000004 25.250000000000004 -0.73865259438682551 0.074116354202380164 3 27.157142500000003 0.79773375822167203 -0.9354548908432756 -0.82415615971448097 -0.92923668111203817
decision_type=1 1 1 2 2 2 2 1 2 2 2 2 2
left_child=7 5 3 -3 -4 6 -2 8 10 -10 -1 12 -9
right_child=1 2 4 -5 -6 -7 -8 11 9 -11 -12 -13 -14
leaf_value=-0.030447708901056355 0.05379394212054163 0.036176316193553514 -0.00055037457733491833 -0.0054503233005962822 0.048070162742176542 0.058876674397119078 0.01562295400526178 -0.064326803051425588 -0.039063979404857258 0.0040488766707520302 -0.056771990367228797 -0.065599758814052125 -0.043032002146424345
leaf_weight=43.843121588230133 111.35462819039822 315.76558350026608 511.807781457901 93.010010436177254 34.245757758617401 483.36912180483341 97.36350716650486 41.756543293595314 243.36462144553661 33.755863830447197 162.91972315311432 354.40235380828381 27.297278538346291
leaf_count=221 672 1896 2184 481 183 3491 567 229 1150 157 813 1948 147
internal_value=0.000430051 0.0292282 0.0127963 0.0260783 0.00253482 0.0513432 0.0361472 -0.0515702 -0.0405683 -0.0338168 -0.0513635 -0.0627966 -0.0566433
internal_weight=2554.26 1646.92 954.829 408.776 546.054 692.087 208.718 907.34 483.883 277.12 206.763 423.456 69.0538
internal_count=14139 9474 4744 2377 2367 4730 1239 4665 2341 1307 1034 2324 376
cat_boundaries=0 1 2 3 4
cat_threshold=48 9 4 32
is_linear=0
shrinkage=0.05


Tree=22
num_leaves=14
num_cat=3
split_feature=0 0 44 6 4 5 6 0 19 43 5 4 4
split_gain=1442.58 213.345 48.1395 51.2725 49.2842 28.4011 30.8698 23.0345 13.7531 21.7446 10.7834 0.602349 2.3184
threshold=0 1 48.050000000000004 2.5000000000000004 0.93237596376505805 -0.73865259438682551 2.5000000000000004 2 29.354861000000003 1.1500000000000001 -0.9575230291762723 -0.82415615971448097 -0.9354548908432756
decision_type=1 1 2 2 2 2 2 1 2 2 2 2 2
left_child=7 5 3 -3 -4 6 -2 8 10 -10 -1 12 -9
right_child=1 2 4 -5 -6 -7 -8 11 9 -11 -12 -13 -14
leaf_value=-0.021080248979551519 -0.012019706486103003 -0.0058612308368189937 -0.05082749487538199 0.022830344357550464 0.052291355879782356 0.058120916701952796 0.043222349935015884 -0.063359682367644055 -0.051453433626011583 0.016839177778235778 -0.046056999761061292 -0.064591005301201154 -0.040374455301533926
leaf_weight=51.594361409544945 29.123898386955261 202.223687723279 50.996047616004944 670.84692005813122 14.031045973300932 456.25444321334362 173.76220828294754 39.407648652791977 20.042809650301933 25.330386310815811 378.09952141344547 346.58434522151947 27.057642847299576
leaf_count=240 154 995 229 3404 74 3430 1076 223 93 112 1894 1973 149
internal_value=0.000283966 0.0286389 0.0129497 0.0161856 -0.0281223 0.0503888 0.0352724 -0.0504407 -0.0395177 -0.0137869 -0.0431139 -0.0616528 -0.0547397
internal_weight=2485.35 1597.24 938.098 873.071 65.0271 659.141 202.886 888.117 475.067 45.3732 429.694 413.05 66.4653
internal_count=14046 9362 4702 4399 303 4660 1230 4684 2339 205 2134 2345 372
cat_boundaries=0 1 2 3
cat_threshold=48 9 32
is_linear=0
shrinkage=0.05


Tree=23
num_leaves=14
num_cat=4
split_feature=0 0 0 34 35 5 4 0 4 5 34 38 4
split_gain=1309.96 217.826 51.0728 44.5637 28.7622 28.3669 34.6733 27.3021 13.6801 9.60633 4.87479 2.22496 3.38025
threshold=0 1 2 24.450000000000003 86.342262000000019 -0.7444366621422277 0.056951373111866661 3 0.99700008544936913 -0.9575230291762723 24.450000000000003 5.7779760000000016 -0.83377653105606597
decision_type=1 1 1 2 2 2 2 1 2 2 2 2 2
left_child=7 5 3 -3 -4 6 -2 8 9 -1 -10 12 -9
right_child=1 2 4 -5 -6 -7 -8 11 10 -11 -12 -13 -14
leaf_value=-0.019409760913958501 0.053813101681124 0.035474202143295289 -0.0055304343600626046 -0.0027569783394386007 0.020880866051425018 0.057438130405248894 0.011560184264969657 -0.016558647343395818 0.03121007406669539 -0.042754864501931188 -0.02119492180084849 -0.06338255968319377 -0.060018655453688709
leaf_weight=52.268854200839996 104.20119382441044 292.08922688663006 398.92853209376335 102.82792384922504 137.88182163238525 443.04963281750679 91.446976155042648 9.1694417744874972 8.395548000931738 399.12252624332905 7.4659607857465735 378.76937292516232 10.219746366143225
leaf_count=245 662 1808 1736 543 601 3467 550 48 35 2027 33 2238 56
internal_value=3.87698e-05 0.0272124 0.0114551 0.0249087 0.00125626 0.0496158 0.0342231 -0.0489951 -0.0376941 -0.0401005 0.00674912 -0.0608873 -0.0412859
internal_weight=2435.84 1570.43 931.728 394.917 536.81 638.698 195.648 865.411 467.253 451.391 15.8615 398.159 19.3892
internal_count=14049 9367 4688 2351 2337 4679 1212 4682 2340 2272 68 2342 104
cat_boundaries=0 1 2 3 4
cat_threshold=48 9 4 32
is_linear=0
shrinkage=0.05


Tree=24
num_leaves=14
num_cat=3
split_feature=0 0 33 34 5 31 0 33 5 37 34 38 4
split_gain=1220.2 207.432 47.6538 81.9562 30.8415 26.9888 26.0295 14.6677 14.4438 13.3097 3.34788 3.28945 5.1432
threshold=0 1 36.850000000000001 24.450000000000003 -0.70289845916694649 27.550000000000001 2 33.45000000000001 -0.94137724084408114 47.500000000000007 26.550000000000004 5.8788690000000008 -0.78326540922535159
decision_type=1 1 2 2 2 2 1 2 2 2 2 2 2
left_child=6 4 3 -3 5 -2 7 8 -1 -9 -4 12 -8
right_child=1 2 10 -5 -6 -7 11 9 -10 -11 -12 -13 -14
leaf_value=-0.021144662925537246 -0.023932506923816484 0.015925603194093786 0.058673397511012727 -0.022213685072875838 0.057288752191892389 0.038910931561121728 -0.014175289062613457 -0.020368645261203175 -0.050845000008398526 -0.055576205485315534 0.017541033035890646 -0.062637076861610991 -0.06049373901523758
leaf_weight=52.90864285826683 18.135355338454247 698.66848646104336 52.181179866194725 175.43456125259399 415.60957092046738 186.48168793320656 11.581590920686724 156.13071121275425 217.38488887250423 32.206474721431732 6.6240228563547126 361.01291497051716 13.457626819610594
leaf_count=252 102 3578 289 819 3393 1200 61 753 1168 166 37 2214 76
internal_value=6.81767e-05 0.0263287 0.0111001 0.00825432 0.0486421 0.0332518 -0.0479361 -0.0368155 -0.0451307 -0.026651 0.0544109 -0.0597614 -0.0404368
internal_weight=2397.82 1553.13 932.908 874.103 620.227 204.617 844.683 458.631 270.294 188.337 58.8052 386.052 25.0392
internal_count=14108 9418 4723 4397 4695 1302 4690 2339 1420 919 326 2351 137
cat_boundaries=0 1 2 3
cat_threshold=48 9 32
is_linear=0
shrinkage=0.05


Tree=25
num_leaves=14
num_cat=3
split_feature=0 0 8 34 42 5 31 0 32 5 4 4 36
split_gain=1124.8 217.382 51.5485 106.571 26.3527 25.4842 28.2222 25.2659 12.5549 23.8327 8.64875 0.679342 2.84207
threshold=0 1 33.350000000000001 24.550000000000004 2.5000000000000004 -0.73865259438682551 27.550000000000001 2 27.223809500000005 0.81800285027139286 -0.9354548908432756 -0.82415615971448097 99.500000000000014
decision_type=1 1 2 2 2 2 2 1 2 2 2 2 2
left_child=7 5 3 -3 -4 6 -2 8 10 -10 -1 12 -9
right_child=1 2 4 -5 -6 -7 -8 11 9 -11 -12 -13 -14
leaf_value=-0.024759711199251824 -0.023557240806291443 0.011213141710449445 0.056229891393457979 -0.043147044478976132 0.019230940829047374 0.056472726060365054 0.040268407544919144 -0.060840264272046078 -0.03470033958882892 0.013036347712943111 -0.051536178333412369 -0.062027180787412386 -0.035672794234569337
leaf_weight=40.748041749000549 18.614184409379959 565.196623519063 65.569645658135414 106.2404643446207 181.10920682549477 407.8514214605093 170.40834705531597 39.310394644737244 220.67030934989452 29.119384571909904 159.33677946031094 308.91293795406818 23.979223251342773
leaf_count=223 103 2916 344 474 943 3462 1118 248 1106 141 867 1962 141
internal_value=-0.000285062 0.0252271 0.00965118 0.00256044 0.0292529 0.0485779 0.0338922 -0.0470098 -0.0360102 -0.0291056 -0.0462333 -0.0588895 -0.052008
internal_weight=2337.07 1514.99 918.116 671.437 246.679 596.874 189.023 822.077 449.875 249.79 200.085 372.203 63.2896
internal_count=14048 9360 4677 3390 1287 4683 1221 4688 2337 1247 1090 2351 389
cat_boundaries=0 1 2 3
cat_threshold=48 9 32
is_linear=0
shrinkage=0.05


Tree=26
num_leaves=15
num_cat=4
split_feature=0 0 34 33 1 0 44 43 34 33 5 35 38 4
split_gain=1041.21 188.056 44.9525 90.6685 36.0049 28.0951 25.7811 25.3829 21.7134 14.401 16.6034 12.2671 4.15622 5.91298
threshold=0 1 24.550000000000004 33.95000000000001 2 3 46.600000000000001 17.750000000000004 20.250000000000004 33.45000000000001 -0.93543596745397617 76.428571500000018 5.9175595000000003 -0.78326540922535159
decision_type=1 1 2 2 1 1 2 2 2 2 2 2 2 2
left_child=5 4 8 -4 7 9 -6 -2 -3 10 -1 -11 13 -7
right_child=1 2 3 -5 6 12 -8 -9 -10 11 -12 -13 -14 -15
leaf_value=-0.017214617953969814 0.00211548111298572 0.0078242096164378144 -0.014985043009710826 0.047578805731506885 -0.0066788076044721478 -0.0098441992613163311 -0.058926986781439927 0.034304606186801798 0.046568270879957491 -0.017526437454662241 -0.048937954049925167 -0.050790676299022043 -0.0610958637201015 -0.058803466599466385
leaf_weight=53.194619089365005 162.71289473772049 38.627596244215965 105.60319258272648 126.22607279568911 251.40564468502998 11.735051572322847 25.106565847992897 97.347752869129181 691.13544097542763 147.69388249516487 208.10224854946136 33.848996832966805 331.16667205095291 13.220319673418997
leaf_count=261 735 233 509 907 1072 64 104 446 5383 726 1174 181 2191 80
internal_value=0.000302744 0.0248438 0.03804 0.0191377 0.000905747 -0.0454313 -0.011618 0.01425 0.044531 -0.0342457 -0.04257 -0.0239729 -0.0578979 -0.0370471
internal_weight=2297.13 1498.17 961.592 231.829 536.573 798.962 276.512 260.061 729.763 442.84 261.297 181.543 356.122 24.9554
internal_count=14066 9389 7032 1416 2357 4677 1176 1181 5616 2342 1435 907 2335 144
cat_boundaries=0 1 2 3 4
cat_threshold=48 2 1 32
is_linear=0
shrinkage=0.05


Tree=27
num_leaves=15
num_cat=4
split_feature=0 0 33 44 5 43 0 4 34 1 34 4 36 5
split_gain=969.785 178.873 42.7729 73.4524 30.8315 36.0452 29.8632 14.2069 9.17649 5.13179 1.61616 0.976774 3.25291 0.730104
threshold=0 1 36.850000000000001 48.800000000000004 -0.77243990499604276 13.65 2 0.99700008544936913 20.950000000000003 3 26.550000000000004 -0.82415615971448097 99.500000000000014 -0.6905596507703472
decision_type=1 1 2 2 2 2 1 2 2 1 2 2 2 2
left_child=6 4 3 -3 5 -2 7 8 -1 -9 -4 12 -8 -6
right_child=1 2 10 -5 13 -7 11 9 -10 -11 -12 -13 -14 -15
leaf_value=-0.062168336322822107 -0.013976842964639427 0.010581669899210415 0.055753342000991628 -0.063472037720605362 0.041534053041381053 0.041280428951850606 -0.059268018443244856 -0.016301605176997948 -0.033290809096087066 0.037756556620026693 0.024077734433633213 -0.060593297209602028 -0.03166939135983534 0.055914962636108345
leaf_weight=30.35439732670784 37.070768475532532 813.78621120750904 48.990266531705856 33.931553676724434 24.104671277105808 136.06176990270615 34.941812008619308 7.6376386731863022 388.81135869026184 8.1276702731847745 6.7591734975576392 286.58650089800358 21.499149084091187 362.51383851468563
leaf_count=177 203 4191 287 152 187 954 238 34 2096 35 39 1967 132 3324
internal_value=0.000393313 0.0243336 0.0102558 0.00754623 0.0464203 0.0294365 -0.044351 -0.0330153 -0.035525 0.0121574 0.0524049 -0.0572513 -0.0494897 0.0551278
internal_weight=2241.18 1463.22 903.467 847.718 559.751 173.133 777.959 434.931 419.166 15.7653 55.7494 343.027 56.441 386.619
internal_count=14016 9337 4669 4343 4668 1157 4679 2342 2273 69 326 2337 370 3511
cat_boundaries=0 1 2 3 4
cat_threshold=48 9 32 2
is_linear=0
shrinkage=0.05


Tree=28
num_leaves=14
num_cat=3
split_feature=0 0 33 36 5 0 26 33 36 30 38 2 34
split_gain=911.408 175.984 48.025 62.146 30.2636 27.4859 24.9765 12.3687 12.6412 11.9849 2.72575 2.92291 1.69149
threshold=0 1 36.850000000000001 95.500000000000014 -0.6905596507703472 2 14.65 33.45000000000001 91.500000000000014 12.450000000000001 5.9175595000000003 9.5000000000000018 26.550000000000004
decision_type=1 1 2 2 2 1 2 2 2 2 2 2 2
left_child=5 4 3 -3 6 7 -2 9 -9 -1 11 -7 -4
right_child=1 2 12 -5 -6 10 -8 8 -10 -11 -12 -13 -14
leaf_value=-0.053455739149340924 -0.012523855375558224 -0.020958629003050094 0.056812289304654498 0.01326573675563503 0.055596313682494861 -0.056905509085386954 0.037976391980572809 -0.044787997211422709 -0.015008551796818368 -0.030767597464092425 -0.059787913279788288 -0.020024770279262319 0.02493445071978374
leaf_weight=108.67909140884876 28.190754368901253 163.84481219947338 50.583635956048965 678.9716422110796 344.69415264576674 11.046167880296709 166.10782190412283 49.136365950107574 129.87673069536686 138.72051814198494 308.17585042864084 12.798385873436926 6.9968169927597037
leaf_count=631 172 823 308 3513 3299 71 1179 254 664 786 2203 74 41
internal_value=3.4962e-05 0.0233698 0.00954072 0.00659551 0.0458186 -0.0439524 0.0306227 -0.032856 -0.023386 -0.0409092 -0.0566928 -0.0387128 0.0534305
internal_weight=2197.82 1439.39 900.397 842.816 538.993 758.433 194.299 426.413 179.013 247.4 332.02 23.8446 57.5805
internal_count=14018 9335 4685 4336 4650 4683 1351 2335 918 1417 2348 145 349
cat_boundaries=0 1 2 3
cat_threshold=48 9 32
is_linear=0
shrinkage=0.05


Tree=29
num_leaves=15
num_cat=3
split_feature=0 0 34 4 26 0 5 6 19 40 43 34 38 4
split_gain=834.316 174.695 42.5452 91.7853 49.1227 31.1276 30.1895 36.4709 15.9538 16.1146 10.7817 10.2022 3.62083 4.91202
threshold=0 1 20.250000000000004 0.21022171450811272 15.050000000000002 2 -0.84313311835787952 2.5000000000000004 29.848611000000002 1.2500000000000002 56.500000000000007 23.850000000000005 5.9175595000000003 -0.78326540922535159
decision_type=1 1 2 2 2 1 2 2 2 2 2 2 2 2
left_child=5 6 3 -3 -4 8 7 -2 11 -10 -8 -1 13 -7
right_child=1 2 4 -5 -6 12 10 -9 9 -11 -12 -13 -14 -15
leaf_value=-0.027292578669456613 -0.035217734640787007 0.034377719711638034 -0.014666056524544675 -0.12149732224347672 0.016707395654412354 -0.010266638474418381 0.054312865374736709 0.03649136055735086 -0.049753378424341424 0.029344479894104131 -0.025571702543464459 -0.043894413913649712 -0.059181644582240601 -0.056560296086114306
leaf_weight=228.17119623720646 20.033374294638634 18.334851250052452 150.55700312554836 17.753889963030815 708.91110583394766 11.142535284161569 379.82681426405907 117.39078194648027 8.4028554111719149 19.462290704250336 3.7286723256111136 166.64609397947788 298.31997711956501 12.099041953682898
leaf_count=1292 107 79 791 75 3727 63 3691 834 44 89 17 930 2221 81
internal_value=4.90176e-05 0.0225329 0.00885125 -0.0435135 0.0112009 -0.0424506 0.0453821 0.0258589 -0.0310844 0.00459487 0.0534718 -0.0343931 -0.0558687 -0.0357051
internal_weight=2160.78 1416.54 895.557 36.0887 859.468 744.244 520.98 137.424 422.682 27.8651 383.555 394.817 321.562 23.2416
internal_count=14041 9321 4672 154 4518 4720 4649 941 2355 133 3708 2222 2365 144
cat_boundaries=0 1 2 3
cat_threshold=48 9 32
is_linear=0
shrinkage=0.05


Tree=30
num_leaves=15
num_cat=5
split_feature=0 0 0 34 0 34 5 4 4 1 32 38 4 5
split_gain=758.736 175.334 42.4523 38.5042 31.732 30.9242 29.3739 33.0107 12.781 10.9967 9.84379 3.5561 4.20608 0.104236
threshold=0 1 2 24.550000000000004 3 25.250000000000004 -0.7444366621422277 0.056951373111866661 0.98667101781630184 4 29.736309500000004 5.9175595000000003 -0.78326540922535159 -0.6905596507703472
decision_type=1 1 1 2 1 2 2 2 2 1 2 2 2 2
left_child=4 6 3 -3 8 -4 7 -2 10 -10 -1 12 -6 -8
right_child=1 2 5 -5 11 -7 13 -9 9 -11 -12 -13 -14 -15
leaf_value=-0.035201525799454958 0.049624099577798564 0.030057198258417801 -0.0047766010520882106 -0.007976562355595733 -0.012587355383720276 0.045777103314068285 0.039272595525277801 0.0059604326026744424 0.028534852318909482 -0.030906304805540331 -0.00084431812164415898 -0.05862330933276564 -0.055757068967018944 0.054658237222778162
leaf_weight=357.66453084349632 88.578223958611488 278.31384819746017 488.80412214994431 86.881297022104263 11.738289669156076 31.243006974458694 13.051565781235693 84.362550869584084 15.799442857503891 13.494927316904068 22.187589645385742 286.73911689966917 11.40186335146427 319.85480304062366
leaf_count=2073 662 1875 2129 465 67 182 119 568 71 63 109 2223 79 3330
internal_value=-0.000217778 0.0213068 0.00762159 0.0204532 -0.0415517 -0.00162623 0.0445842 0.0284812 -0.0300222 0.001036 -0.0332022 -0.0552234 -0.035287 0.0541745
internal_weight=2110.12 1391.09 885.242 365.195 719.026 520.047 505.847 172.941 409.146 29.2944 379.852 309.879 23.1402 332.906
internal_count=14015 9330 4651 2340 4685 2311 4679 1230 2316 134 2182 2369 146 3449
cat_boundaries=0 1 2 3 4 5
cat_threshold=48 9 4 32 1
is_linear=0
shrinkage=0.05


Tree=31
num_leaves=15
num_cat=3
split_feature=0 0 32 34 0 34 35 32 43 4 6 38 4 34
split_gain=709.651 154.154 44.3373 83.1009 30.6178 21.3562 51.356 11.7888 14.9945 10.8371 5.25971 3.87518 4.5499 2.57496
threshold=0 1 29.595238000000005 24.450000000000003 2 24.550000000000004 83.485119000000012 27.157142500000003 28.350000000000005 -0.94139628442229051 2.5000000000000004 5.9175595000000003 -0.78326540922535159 26.800000000000004
decision_type=1 1 2 2 1 2 2 2 2 2 2 2 2 2
left_child=4 5 3 -3 7 10 -7 9 -9 -1 -2 12 -6 -4
right_child=1 2 13 -5 11 6 -8 8 -10 -11 -12 -13 -14 -15
leaf_value=-0.014344631586513499 0.03740476901942897 0.013231236177132556 0.057749422975764977 -0.026364916547863212 -0.0093017879376334212 0.053415124882723479 -0.010689220860305125 -0.027173447127960233 0.013049063516352447 -0.046758867965155521 0.053501568365584617 -0.058089348474249937 -0.054989694750225172 0.013340780178571899
leaf_weight=33.294656679034233 75.591054707765579 673.55619356036186 44.200673900544643 163.92890994250774 11.001919701695444 71.911590717732906 54.171576663851738 216.54592508077621 25.338359370827675 133.6075871437788 286.23092564940453 271.66606590896845 10.843692317605017 4.2744710296392432
leaf_count=205 783 3607 278 765 63 657 287 1175 144 833 2939 2195 78 26
internal_value=-7.75908e-05 0.0207923 0.00809128 0.00545851 -0.0405942 0.0431686 0.0260053 -0.0294288 -0.0229236 -0.0404166 0.050251 -0.0545198 -0.0333946 0.0541823
internal_weight=2076.16 1373.87 885.96 837.485 702.298 487.905 126.083 408.787 241.884 166.902 361.822 293.512 21.8456 48.4751
internal_count=14035 9342 4676 4372 4693 4666 944 2357 1319 1038 3722 2336 141 304
cat_boundaries=0 1 2 3
cat_threshold=48 9 32
is_linear=0
shrinkage=0.05


Tree=32
num_leaves=15
num_cat=3
split_feature=0 0 34 33 39 44 0 35 34 32 40 43 4 5
split_gain=668.173 156.867 54.0651 86.492 28.2758 30.6316 27.8323 26.1222 23.4797 11.6043 16.5558 11.0202 1.67097 12.804
threshold=0 1 24.550000000000004 33.95000000000001 15.250000000000002 46.600000000000001 2 80.711309500000013 20.250000000000004 29.670238000000005 2.4500000000000006 28.350000000000005 -0.82415615971448097 0.3484035575467645
decision_type=1 1 2 2 2 2 1 2 2 2 2 2 2 2
left_child=6 4 8 -4 7 -6 9 -2 -3 11 -11 -1 13 -8
right_child=1 2 3 -5 5 -7 12 -9 -10 10 -12 -13 -14 -15
leaf_value=-0.036159606462099744 0.034701581410311808 0.0016236274697001936 -0.021092853763037531 0.042932856989313033 0.0057460553015549268 -0.035274704019193318 -0.057521171525342363 -0.068522946803173654 0.04371656346827419 -0.038522109212270055 0.033182855972775663 -0.012298711686526116 -0.057807135930275755 0.0039095445685589317
leaf_weight=313.63773523271084 7.2628435343503943 35.202642664313316 101.70943620800972 107.58307208120823 443.70520263910294 49.699450477957726 39.164336919784546 25.840175852179527 583.75875436514616 14.088870435953142 16.255980357527733 58.776949629187584 234.67689294368029 10.598546303808687
leaf_count=1866 31 237 501 896 1989 214 312 113 5365 72 77 347 1971 73
internal_value=-0.000331647 0.0200124 0.0335033 0.0118661 -0.00146145 0.00155114 -0.0401172 -0.0455219 0.0413291 -0.0292948 -0.000276039 -0.0324367 -0.05378 -0.0446183
internal_weight=2041.96 1354.76 828.254 209.293 526.508 493.405 687.199 33.103 618.961 402.76 30.3449 372.415 284.44 49.7629
internal_count=14064 9346 6999 1397 2347 2203 4718 144 5602 2362 149 2213 2356 385
cat_boundaries=0 1 2 3
cat_threshold=48 2 32
is_linear=0
shrinkage=0.05


Tree=33
num_leaves=15
num_cat=3
split_feature=0 0 34 33 4 0 34 36 34 4 5 32 36 44
split_gain=596.765 153.406 46.8022 73.5964 74.6412 34.769 27.07 35.8599 23.853 26.0864 16.5765 13.0136 9.95829 4.57469
threshold=0 1 24.450000000000003 33.95000000000001 0.15951094710994368 2 25.250000000000004 95.500000000000014 20.250000000000004 0.21022171450811272 -0.98801846520836334 29.670238000000005 99.500000000000014 38.350000000000009
decision_type=1 1 2 2 2 1 2 2 2 2 2 2 2 2
left_child=2 6 8 4 -4 11 7 -2 9 -1 -10 -3 -5 -8
right_child=1 5 3 12 -6 -7 13 -9 10 -11 -12 -13 -14 -15
leaf_value=0.042923899596698921 -0.030742481033406384 -0.029828142021029888 0.027296885913881117 0.047137359324293665 -0.050452710646575583 -0.0531167732810926 0.018137905144997978 0.0022454632430134857 0.011068529447147282 -0.041220280358368375 0.046068217977439624 0.0040840511704023901 -0.025163681803001998 0.059779596658783685
leaf_weight=17.479679234325886 102.97458501160145 365.31644156575203 59.822484217584133 104.89935021102428 61.783827997744083 269.65260963141918 12.12672331929207 396.17489694058895 37.036802284419537 17.365227319300175 506.94674305617809 30.413075804710388 4.3912047222256652 17.448398396372795
leaf_count=120 440 2206 329 909 337 2327 70 1739 304 114 4863 149 37 110
internal_value=0.000267824 -0.0221302 0.033149 0.0144409 -0.0122942 -0.0380046 -0.00178548 -0.00460781 0.0411456 0.00100991 0.04371 -0.026549 0.0440305 0.0438569
internal_weight=2003.83 1194.11 809.725 230.897 121.606 665.382 528.725 499.149 578.828 34.8449 543.984 395.73 109.291 29.5751
internal_count=14054 7041 7013 1612 666 4682 2359 2179 5401 234 5167 2355 946 180
cat_boundaries=0 1 2 3
cat_threshold=13 2 32
is_linear=0
shrinkage=0.05


Tree=34
num_leaves=15
num_cat=5
split_feature=0 0 1 44 5 43 0 39 4 1 43 34 38 4
split_gain=565.908 147.925 45.5893 39.0389 35.0887 48.2912 30.3534 30.161 11.1359 12.2116 6.65219 6.33593 4.02464 4.00172
threshold=0 1 2 48.800000000000004 -0.84313311835787952 13.65 3 20.000000000000004 0.9962888416657264 4 56.500000000000007 24.350000000000005 5.9175595000000003 -0.78326540922535159
decision_type=1 1 1 2 2 2 1 2 2 1 2 2 2 2
left_child=6 4 7 -4 5 -2 8 -3 9 -1 -6 -10 13 -8
right_child=1 2 3 -5 10 -7 12 -9 11 -11 -12 -13 -14 -15
leaf_value=-0.038729369405809927 -0.032459430427893315 0.0033199759425277552 -0.0012230741473122642 -0.066692973615236337 0.052063837630089385 0.037910430671251036 -0.0097259803325126671 0.030133534629411558 0.0420035518075354 -0.020320000604416667 -0.011582882615818052 -0.019708486118752297 -0.056739066290506859 -0.053169777075039941
leaf_weight=181.90011137723923 31.942384347319603 190.34003742039204 424.60454097390175 23.062398560345173 319.21082811057568 93.990192867815495 11.373285189270975 233.32943340390921 7.9599512964487058 186.72184176743031 3.824045553803443 6.9293389767408371 239.57392325252295 9.9253936409950239
leaf_count=1127 181 1044 2252 112 3732 769 69 1295 35 1131 17 33 2187 80
internal_value=-0.000158106 0.0185671 0.00631401 -0.00473701 0.0416276 0.0199462 -0.0381902 0.0181233 -0.0270665 -0.0294845 0.051277 0.0138505 -0.0527864 -0.0314477
internal_weight=1964.69 1320.3 871.336 447.667 448.967 125.933 644.384 423.669 383.511 368.622 323.035 14.8893 260.873 21.2987
internal_count=14064 9402 4703 2364 4699 950 4662 2339 2326 2258 3749 68 2336 149
cat_boundaries=0 1 2 3 4 5
cat_threshold=48 9 1 32 1
is_linear=0
shrinkage=0.05


Tree=35
num_leaves=15
num_cat=3
split_feature=0 0 32 34 5 4 0 33 40 38 38 5 34 14
split_gain=521.418 147.08 40.1168 68.8952 37.1346 33.8062 28.4747 11.149 15.4181 13.2815 4.52667 8.19419 2.57476 0.0202336
threshold=0 1 29.670238000000005 24.550000000000004 -0.73865259438682551 0.056951373111866661 2 33.45000000000001 70.950000000000017 6.259821500000001 5.9175595000000003 0.3484035575467645 26.800000000000004 8.7500000000000018
decision_type=1 1 2 2 2 2 1 2 2 2 2 2 2 2
left_child=6 4 3 -3 5 -2 7 8 -1 -9 11 -8 -4 -6
right_child=1 2 12 -5 13 -7 10 9 -10 -11 -12 -13 -14 -15
leaf_value=-0.047147614159621466 0.045689667300828983 0.0096430885124544757 0.05634711724666043 -0.02834086611284696 0.033344646305015907 -0.00028648497699568763 -0.055084064768339915 0.042460654112168483 -0.020089250375401272 -0.020763318102519739 -0.05631867525122012 0.008086058392256722 0.011829943591743578 0.053544033862617614
leaf_weight=117.93853820860386 78.577755995094776 679.99667941778898 38.210798420011997 143.76393438875675 6.2271185889840117 80.331650659441948 11.255137197673323 7.8536359816789618 98.939435511827469 156.63149508833885 228.98080150783062 8.4435821473598462 4.2081022858619681 266.41500148922205
leaf_count=787 668 3740 262 661 79 577 84 42 637 884 2183 57 27 3346
internal_value=-0.000599379 0.0175034 0.00539821 0.00298775 0.041062 0.0225914 -0.0375378 -0.0267925 -0.0349525 -0.0175062 -0.0521832 -0.0289246 0.052305 0.0532062
internal_weight=1927.77 1297.73 866.18 823.761 431.552 158.909 630.043 381.363 216.878 164.485 248.68 19.6987 42.4189 272.642
internal_count=14034 9360 4690 4401 4670 1245 4674 2350 1424 926 2324 141 289 3425
cat_boundaries=0 1 2 3
cat_threshold=48 9 32
is_linear=0
shrinkage=0.05


Tree=36
num_leaves=15
num_cat=4
split_feature=0 0 34 23 34 0 1 43 34 34 4 34 5 33
split_gain=486.315 128.112 48.635 72.7394 41.9262 34.6115 27.5606 28.3534 26.7948 22.6256 23.07 22.05 20.132 14.0191
threshold=0 1 24.550000000000004 96.500000000000014 25.050000000000004 2 3 17.750000000000004 24.650000000000002 20.250000000000004 0.21022171450811272 25.150000000000002 -0.98521978256641018 33.45000000000001
decision_type=1 1 2 2 2 1 1 2 2 2 2 2 2 2
left_child=2 6 9 8 -5 13 7 -2 -4 10 -1 -8 -11 -3
right_child=1 5 3 4 -6 -7 11 -9 -10 12 -12 -13 -14 -15
leaf_value=0.038164620131554521 -0.0030436582070765914 -0.033478087583177545 -0.036075791751987177 -0.042844196946008356 0.040264316733393306 -0.051651324632278318 -0.016861732192730482 0.03154809473600724 0.044035062778727797 0.0073691948404995995 -0.044202246307811666 0.039455347397807684 0.044316331674677557 -0.013782356507878941
leaf_weight=16.580724604427814 157.12593649327755 210.08766506612301 10.846104286611078 66.938576728105545 18.681857839226723 240.09248488396406 251.27196560800076 93.936024948954582 103.51323126256466 40.366751238703728 15.462700262665747 17.728246942162514 486.10960376262665 161.91589751839638
leaf_count=122 730 1409 77 353 146 2342 1052 446 831 342 103 109 5070 918
internal_value=0.000322012 -0.0203668 0.0310483 0.0102328 -0.0244549 -0.0357592 -0.00188498 0.00997282 0.0361903 0.0390246 -0.00171673 -0.0130178 0.0415028 -0.0243136
internal_weight=1890.66 1132.16 758.5 199.98 85.6204 612.096 520.062 251.062 114.359 558.52 32.0434 269 526.476 372.004
internal_count=14050 7006 7044 1407 499 4669 2337 1176 908 5637 225 1161 5412 2327
cat_boundaries=0 1 2 3 4
cat_threshold=13 2 32 1
is_linear=0
shrinkage=0.05


Tree=37
num_leaves=15
num_cat=3
split_feature=0 0 8 36 0 5 42 6 26 5 5 38 4 21
split_gain=447.33 137.027 36.2145 93.6434 32.9581 32.8776 27.4407 27.1627 13.2932 10.9011 4.53312 3.84568 3.5622 0.200377
threshold=0 1 33.350000000000001 95.500000000000014 2 -0.6905596507703472 2.5000000000000004 2.5000000000000004 14.750000000000002 -0.96234030595689413 0.82777578779003613 5.9175595000000003 -0.78326540922535159 20.950000000000003
decision_type=1 1 2 2 1 2 2 2 2 2 2 2 2 2
left_child=4 5 3 -3 8 7 -4 -2 10 -10 -1 12 -6 -7
right_child=1 2 6 -5 11 13 -8 -9 9 -11 -12 -13 -14 -15
leaf_value=-0.056098550752947278 -0.022328969230920693 -0.059233585555258053 0.051951328628801335 0.0053061213125505033 -0.0081454633662199748 0.04039052555748112 0.011879825753476823 0.032524868093421325 0.0057115898967002943 -0.024122727957878103 -0.020010105853665465 -0.055595068247957083 -0.051478691636597511 0.053650361759154774
leaf_weight=40.498880088329315 26.38598146289587 61.324695512652397 57.204258650541306 571.27551027387381 10.31093803048134 19.296112082898617 164.1249492764473 133.35225542634726 33.985093370079994 279.57000122964382 12.933097109198568 213.28301391005516 8.5597609132528287 225.06415152549744
leaf_count=275 163 303 336 3102 66 227 942 1159 194 1769 94 2210 76 3100
internal_value=-0.000342102 0.0165771 0.00500653 -0.00103401 -0.0355204 0.040247 0.0224237 0.0233814 -0.0242736 -0.0208812 -0.0478915 -0.0513969 -0.0294029 0.0527722
internal_weight=1857.17 1258.03 853.929 632.6 599.141 404.099 221.329 159.738 366.987 313.555 53.432 232.154 18.8707 244.36
internal_count=14016 9332 4683 3405 4684 4649 1278 1322 2332 1963 369 2352 142 3327
cat_boundaries=0 1 2 3
cat_threshold=48 9 32
is_linear=0
shrinkage=0.05


Tree=38
num_leaves=15
num_cat=2
split_feature=0 0 34 34 2 26 34 5 39 34 4 5 38 4
split_gain=423.507 112.779 46.9395 72.7503 48.8525 36.6814 33.616 33.2564 30.4465 21.3251 24.5517 16.6628 3.91827 3.32956
threshold=0 1 24.550000000000004 24.950000000000003 6.5000000000000009 14.65 20.350000000000005 0.68274389090025245 18.750000000000004 20.250000000000004 0.21022171450811272 -0.98521978256641018 5.9175595000000003 -0.78326540922535159
decision_type=1 1 2 2 2 2 2 2 2 2 2 2 2 2
left_child=2 5 9 4 -4 7 -7 -2 -5 10 -1 -11 13 -3
right_child=1 12 3 8 -6 6 -8 -9 -10 11 -12 -13 -14 -15
leaf_value=0.042137106537101232 -0.053949533282190369 -0.0084140584337004439 -0.055981580529617395 -0.017696237462170732 0.020925091926929009 -0.062843300720976172 -0.0053916406945302255 -8.6368498189081524e-05 0.047976938838441958 0.0084129233799799287 -0.041671309586278509 0.042176463396917663 -0.055257430028307568 -0.050824353597189946
leaf_weight=15.640709683299063 85.953354626893997 10.393288776278498 52.198336079716682 21.462514646351337 33.057585209608078 25.396258339285851 731.32197054475546 42.748927518725395 87.868355862796307 40.301643848419189 17.405001848936081 460.13325268775225 205.99276147037745 8.109680347144602
leaf_count=120 463 67 315 159 173 133 3867 231 748 347 115 5067 2228 75
internal_value=-0.000526124 -0.0198934 0.0288625 0.00818389 -0.0262645 -0.0114925 -0.00740017 -0.0361973 0.0350412 0.0369156 -0.00193179 0.0394796 -0.0509425 -0.028655
internal_weight=1837.98 1109.92 728.067 194.587 85.2559 885.421 756.718 128.702 109.331 533.481 33.0457 500.435 224.496 18.503
internal_count=14108 7064 7044 1395 488 4694 4000 694 907 5649 235 5414 2370 142
cat_boundaries=0 1 2
cat_threshold=13 34
is_linear=0
shrinkage=0.05


Tree=39
num_leaves=15
num_cat=0
split_feature=26 5 43 8 4 38 26 31 39 31 27 8 39 4
split_gain=41.0291 49.449 40.394 61.4414 60.4627 35.3151 34.5801 34.9432 23.2174 13.7241 13.2837 8.92035 7.7969 6.08032
threshold=14.65 -0.19337245081799001 17.750000000000004 33.250000000000007 0.10837544681456417 6.5285715000000009 17.650000000000002 36.550000000000004 22.950000000000003 49.150000000000006 16.550000000000004 31.250000000000004 14.300000000000002 -0.30983472475487861
decision_type=2 2 2 2 2 2 2 2 2 2 2 2 2 2
left_child=1 5 3 4 -2 11 7 -4 -5 -8 -7 -1 13 -3
right_child=2 12 6 8 -6 10 9 -9 -10 -11 -12 -13 -14 -15
leaf_value=-0.039048201199504445 0.0020239160895136202 -0.022932965095627676 0.0070468512138688382 0.019733304846075269 -0.032720321705046497 -0.082003632748286925 0.025516175068128033 -0.046601660308258824 -0.0031046407998967297 -0.022124082076267038 -0.040716330609493784 0.015146158682090769 0.009030694448066711 0.026426355656176057
leaf_weight=9.4507139995694143 253.30155109614134 39.298379927873611 177.55097367614508 265.77277867496014 246.41705955564976 35.438718505203724 336.73303528130054 35.570436723530293 190.52401034533978 15.089900739490984 51.184640869498253 26.768339976668358 104.26590990275145 6.5176067948341361
leaf_count=75 2015 313 1421 2100 1803 211 2642 257 1560 107 377 200 859 51
internal_value=1.62842e-05 -0.0177978 0.00322247 -0.00304194 -0.01514 -0.0411844 0.0138099 -0.00208303 0.0102115 0.0234159 -0.0583506 0.000335906 0.00149009 -0.0154968
internal_weight=1793.88 272.924 1520.96 956.015 499.719 122.842 564.944 213.121 456.297 351.823 86.6234 36.2191 150.082 45.816
internal_count=13991 2086 11905 7478 3818 863 4427 1678 3660 2749 588 275 1223 364
is_linear=0
shrinkage=0.05


Tree=40
num_leaves=15
num_cat=3
split_feature=0 0 34 34 4 0 35 39 34 4 5 32 38 5
split_gain=392.217 108.694 38.5407 64.5268 46.2561 33.9041 24.5646 22.787 18.5107 22.3801 20.0549 11.8477 6.16813 9.66808
threshold=0 1 24.550000000000004 24.950000000000003 1.0000000180025095e-35 2 86.342262000000019 19.050000000000004 20.250000000000004 0.21022171450811272 -0.98521978256641018 27.157142500000003 5.9175595000000003 0.3484035575467645
decision_type=1 1 2 2 2 1 2 2 2 2 2 2 2 2
left_child=2 5 8 4 -4 6 -2 -5 9 -1 -10 -7 13 -3
right_child=1 12 3 7 -6 11 -8 -9 10 -11 -12 -13 -14 -15
leaf_value=0.041893329486999857 -0.008599153114068862 -0.053488571655594057 0.025511130389802014 -0.0088029378649844715 -0.048679625522860974 -0.034036733944212173 0.016266412154942553 0.047834100496877703 0.0056706188678847802 -0.037936082614440085 0.041993045049823839 -0.015407175311843539 -0.055184548766991859 0.016620167220604901
leaf_weight=15.818127341568468 392.96364658325911 10.126653686165811 32.586468130350113 22.041727304458618 55.689104303717613 142.302614800632 131.82196168601513 84.794042110443115 41.968737944960594 17.36880636960268 438.69296013563871 219.39094780385494 193.01599635183811 8.1456031650304777
leaf_count=124 1765 84 174 161 328 1024 595 754 364 111 5011 1321 2180 59
internal_value=3.5126e-05 -0.0186245 0.0287706 0.0101895 -0.0213135 -0.0105856 -0.0022905 0.0361758 0.0363513 0.000226016 0.0388399 -0.0221983 -0.0501593 -0.0229941
internal_weight=1806.73 1097.77 708.96 195.111 88.2756 886.479 524.786 106.836 513.849 33.1869 480.662 361.694 211.288 18.2723
internal_count=14055 7028 7027 1417 502 4705 2360 915 5610 235 5375 2345 2323 143
cat_boundaries=0 1 2 3
cat_threshold=13 34 2
is_linear=0
shrinkage=0.05


Tree=41
num_leaves=15
num_cat=4
split_feature=0 0 34 33 4 0 1 34 4 5 33 39 38 5
split_gain=355.923 103.584 44.0437 64.379 51.3013 33.9837 22.8921 18.2934 21.3407 17.6645 12.362 11.0625 4.34325 7.17749
threshold=0 1 24.550000000000004 33.95000000000001 1.0000000180025095e-35 2 3 20.250000000000004 0.21022171450811272 -0.98521978256641018 33.45000000000001 19.150000000000002 5.9175595000000003 0.3484035575467645
decision_type=1 1 2 2 2 1 1 2 2 2 2 2 2 2
left_child=2 5 7 4 -4 6 -2 8 -1 -9 -7 -5 13 -3
right_child=1 12 3 11 -6 10 -8 9 -10 -11 -12 -13 -14 -15
leaf_value=0.042303452819868213 0.008707202460067379 -0.052709878023845858 0.019374879098280701 0.0073179667988583046 -0.051310404598922971 -0.031287457613674546 -0.01224455789374735 0.0055352960530796486 -0.037989131825947334 0.040825535852451904 -0.012380325621027866 0.047954936358601583 -0.05460909816037042 0.0099022874280053994
leaf_weight=14.188407741487028 246.22096720337868 9.5615444257855433 45.604213312268257 22.742833353579044 56.531657114624977 198.18815904855728 274.88832288235426 39.0197758898139 17.184151902794838 428.72842523083091 156.41865339130163 67.120886012911797 185.9858218729496 7.5998359918594351
leaf_count=115 1157 83 249 190 261 1418 1185 340 107 5065 917 701 2198 55
internal_value=-0.000553694 -0.0184328 0.0272156 0.00720965 -0.0198672 -0.0106083 -0.00230315 0.0354257 -0.00149133 0.0378997 -0.0223765 0.0378642 -0.0498847 -0.0259639
internal_weight=1769.98 1078.86 691.12 192 102.136 875.716 521.109 499.121 31.3726 467.748 354.607 89.8637 203.147 17.1614
internal_count=14041 7013 7028 1401 510 4677 2342 5627 222 5405 2335 891 2336 138
cat_boundaries=0 1 2 3 4
cat_threshold=13 34 2 1
is_linear=0
shrinkage=0.05


Tree=42
num_leaves=15
num_cat=4
split_feature=0 0 26 34 34 0 5 4 4 1 36 38 5 21
split_gain=339.793 116.36 34.4587 70.2119 58.2659 33.8993 30.9641 20.6608 12.5137 14.7771 10.7346 4.95848 7.04542 0.303135
threshold=0 1 14.950000000000001 23.950000000000003 20.250000000000004 2 -0.6905596507703472 0.056951373111866661 0.98802474685579855 3 96.500000000000014 5.9175595000000003 0.3484035575467645 20.950000000000003
decision_type=1 1 2 2 2 1 2 2 2 1 2 2 2 2
left_child=5 6 3 -3 -4 8 7 -2 9 -1 -10 12 -7 -8
right_child=1 2 4 -5 -6 11 13 -9 10 -11 -12 -13 -14 -15
leaf_value=-0.035067328011221713 0.041228559256251109 0.0030599207921527417 -0.071086539750064084 -0.07374786464125109 0.0122696794512267 -0.052386666219115446 0.038337460640077203 0.0044318779517232548 -0.019038052120842603 -0.013640054001767122 0.041837329722795108 -0.054319695697280304 0.008185191274274372 0.052689298896704345
leaf_weight=160.16433876752853 72.143549405038357 117.50054087489843 20.669547632336617 38.809392295777798 655.87138932943344 9.3533740043640154 17.133933123201132 80.299163177609444 14.049344554543497 164.87157750874758 13.070806443691252 179.21411599218845 8.5126826465129835 196.06140788272023
leaf_count=1115 710 657 86 188 3766 83 220 629 71 1101 63 2213 61 3120
internal_value=0.00030563 0.0152131 0.0046761 -0.0163579 0.00962184 -0.0318894 0.0383768 0.0220011 -0.0209605 -0.0242737 0.0107458 -0.0492776 -0.0246218 0.0517202
internal_weight=1747.73 1198.49 832.851 156.31 676.541 549.236 365.638 152.443 352.156 325.036 27.1202 197.08 17.8661 213.195
internal_count=14083 9376 4697 845 3852 4707 4679 1339 2350 2216 134 2357 144 3340
cat_boundaries=0 1 2 3 4
cat_threshold=48 9 32 1
is_linear=0
shrinkage=0.05


Tree=43
num_leaves=14
num_cat=3
split_feature=0 0 6 5 44 0 5 4 26 5 38 5 40
split_gain=296.42 121.445 36.4325 46.7052 39.9173 34.2192 33.1465 20.6561 13.867 15.6107 6.16848 8.09863 4.80041
threshold=0 1 2.5000000000000004 -0.97111920233974802 48.800000000000004 2 -0.71502926860092908 0.056951373111866661 14.750000000000002 -0.94703994556331683 5.9175595000000003 0.3484035575467645 12.050000000000002
decision_type=1 1 2 2 2 1 2 2 2 2 2 2 2
left_child=5 6 3 -3 -4 8 7 -2 12 -10 11 -7 -1
right_child=1 2 4 -5 -6 10 -8 -9 9 -11 -12 -13 -14
leaf_value=-0.013000957340917111 0.040752525339406459 -0.10149158488095039 0.01194424328209126 -0.0086928696983372394 -0.043625608260367398 -0.051810881532105925 0.051968274977613055 0.0026905464835773551 0.012869053299042046 -0.020756103805116135 -0.054036357979554507 0.013163930095832064 -0.053599166562462663
leaf_weight=9.9640651047229749 65.866259321570396 13.700707465410231 603.73832263052464 178.45808321982622 33.169952906668186 9.0635437071323413 206.87767517194152 76.669379472732544 39.159202881157398 257.02728319168091 171.08551827818155 8.5406233146786672 36.980176284909248
leaf_count=77 664 65 3470 988 166 84 3378 597 237 1721 2209 61 288
internal_value=-0.000171988 0.0138022 0.00319076 -0.0158005 0.00898633 -0.0307869 0.0381145 0.0204405 -0.0198149 -0.0162821 -0.0485487 -0.0212753 -0.045433
internal_weight=1710.3 1178.48 829.067 192.159 636.908 531.82 349.413 142.536 343.131 296.186 188.69 17.6042 46.9442
internal_count=14005 9328 4689 1053 3636 4677 4639 1261 2323 1958 2354 145 365
cat_boundaries=0 1 2 3
cat_threshold=48 9 32
is_linear=0
shrinkage=0.05


Tree=44
num_leaves=15
num_cat=4
split_feature=0 0 33 44 5 0 6 4 38 1 34 38 25 34
split_gain=292.256 105.781 34.3464 60.3628 32.8827 31.5017 22.7037 11.4933 14.2306 8.30167 3.59435 2.55309 2.79392 0.525149
threshold=0 1 36.850000000000001 48.800000000000004 -0.6905596507703472 2 2.5000000000000004 0.98667101781630184 10.923512000000001 3 26.550000000000004 5.9175595000000003 5.9243055000000009 21.350000000000005
decision_type=1 1 2 2 2 1 2 2 2 1 2 2 2 2
left_child=5 4 3 -3 6 7 -2 8 -1 -9 -4 12 -7 -6
right_child=1 2 10 -5 13 11 -8 9 -10 -11 -12 -13 -14 -15
leaf_value=-0.019217639232972025 -0.022508714718797604 0.0042119879502235938 0.051281406551480349 -0.063092191573398543 0.041200500359414305 -0.039938891261447902 0.028587046453202505 0.035340457437366274 -0.048316551435762023 -0.018292196360556956 0.0077500825124451004 -0.053750719219540916 0.0079263108262988546 0.052929653387086509
leaf_weight=268.5787101611495 25.629037648439407 747.75257708132267 38.730841800570488 33.865506887435913 33.53675739094615 12.808885835111143 121.9019394479692 13.996306285262108 49.719620503485203 13.024783790111542 5.8311067819595328 161.36930303648114 3.5342040359973899 160.17774686589837
leaf_count=1900 166 4199 287 157 499 112 1173 68 340 67 42 2182 27 2827
internal_value=-0.000407014 0.0135031 0.00363648 0.00121898 0.0365314 -0.0310859 0.0196189 -0.0206495 -0.0239001 0.00975809 0.0458803 -0.0489795 -0.0297278 0.0511211
internal_weight=1690.46 1167.43 826.18 781.618 341.245 523.032 147.531 345.319 318.298 27.0211 44.5619 177.712 16.3431 193.715
internal_count=14046 9350 4685 4356 4665 4696 1339 2375 2240 135 329 2321 139 3326
cat_boundaries=0 1 2 3 4
cat_threshold=48 9 32 1
is_linear=0
shrinkage=0.05


Tree=45
num_leaves=15
num_cat=5
split_feature=0 0 0 34 39 34 0 34 34 33 34 38 1 6
split_gain=266.71 89.9593 36.1097 26.3726 56.0866 33.2476 25.1532 22.4531 14.3778 30.2898 12.052 6.66029 9.11951 6.03967
threshold=0 1 2 24.450000000000003 18.750000000000004 20.250000000000004 3 25.150000000000002 24.550000000000004 33.95000000000001 20.950000000000003 5.9175595000000003 4 2.5000000000000004
decision_type=1 1 1 2 2 2 1 2 2 2 2 2 1 2
left_child=2 6 8 5 -5 -4 7 -2 13 -10 -8 12 -3 -1
right_child=1 11 3 4 -6 -7 10 -9 9 -11 -12 -13 -14 -15
leaf_value=0.028325508780711814 -0.004274075811744312 0.017905006013214601 -0.04334835158764052 -0.070423647700046055 0.014926136537572007 0.027551119463122099 -0.055580863906233235 0.037530891294092816 -0.0017783015744801131 0.053385817540829911 -0.017007142510268729 -0.05350421200879172 -0.052851166798312137 0.049189175270751548
leaf_weight=49.015555441379547 477.99259725213051 8.2080586552619934 17.145297840237617 26.297004848718643 64.447184138000011 197.9763186275959 20.91739496588707 33.428826630115509 57.858831986784935 42.580968327820301 317.34652409702539 156.22155029326677 8.2690707743167877 182.46698091924191
leaf_count=785 2109 71 78 132 406 1723 175 207 331 614 2176 2209 70 2966
internal_value=0.00017381 -0.0156036 0.0252983 0.0118346 -0.0103056 0.021726 -0.00858323 -0.0014454 0.0369274 0.021904 -0.0189895 -0.0475617 -0.0185964 0.0449122
internal_weight=1660.17 1022.38 637.788 305.866 90.7442 215.122 849.685 511.421 331.922 100.44 338.264 172.699 16.4771 231.483
internal_count=14052 7017 7035 2339 538 1801 4667 2316 4696 945 2351 2350 141 3751
cat_boundaries=0 1 2 3 4 5
cat_threshold=13 34 9 2 1
is_linear=0
shrinkage=0.05


Tree=46
num_leaves=15
num_cat=3
split_feature=0 0 0 5 4 40 32 36 38 39 37 38 5 5
split_gain=246.634 92.5061 30.7468 34.1892 31.1736 23.5052 50.1658 27.4626 20.2989 31.3504 10.9963 4.30185 6.13 1.10095
threshold=0 1 2 -0.77243990499604276 0.056951373111866661 0.35000000000000003 26.779762000000002 92.500000000000014 6.4553575000000007 20.150000000000002 67.500000000000014 5.9175595000000003 0.36447543099728857 -0.6905596507703472
decision_type=1 1 1 2 2 2 2 2 2 2 2 2 2 2
left_child=2 5 3 4 -1 6 -2 -7 10 -10 -4 12 -3 -5
right_child=1 11 8 13 -6 7 -8 -9 9 -11 -12 -13 -14 -15
leaf_value=0.043316000044242103 -0.0487227967315291 -0.05102541736401052 0.049989070192411361 0.032961825748432809 -0.0057164230125231657 -0.037094814728754075 0.050871008501026549 -0.0069038177454086849 -0.014544391093342077 0.020998930587766168 -0.045756499908587829 -0.053265957726199936 0.0075188493004253358 0.051225445649993831
leaf_weight=58.505829308182001 16.909889005124569 8.6430005952715891 41.314487136900425 16.1622633934021 70.759268127381802 83.432002358138561 42.575169548392296 706.95825424790382 100.63314513862133 158.51791343837976 2.4647922217845908 150.72233974188566 7.9172450900077811 180.30072923749685
leaf_count=628 93 86 351 195 547 465 223 3900 736 1238 22 2230 58 3355
internal_value=0.000404635 -0.0147663 0.0247765 0.0356972 0.016638 -0.00775433 0.0222219 -0.0101336 0.0121945 0.00719395 0.0436971 -0.0477143 -0.0242019 0.0498975
internal_weight=1645.82 1017.16 628.658 325.728 129.265 849.875 59.4851 790.39 302.93 259.151 43.7793 167.283 16.5602 196.463
internal_count=14127 7055 7072 4725 1175 4681 316 4365 2347 1974 373 2374 144 3550
cat_boundaries=0 1 2 3
cat_threshold=13 34 9
is_linear=0
shrinkage=0.05


Tree=47
num_leaves=15
num_cat=1
split_feature=26 5 43 44 39 39 44 38 44 25 1 32 39 33
split_gain=33.2529 44.1296 41.951 52.1718 53.7827 38.3343 59.0183 30.2918 28.3009 16.722 14.719 8.91181 7.29883 7.24345
threshold=14.65 -0.022575793296316444 17.750000000000004 41.600000000000001 25.350000000000005 18.750000000000004 38.000000000000007 6.5285715000000009 30.050000000000001 8.4222220000000014 0 27.288988000000003 14.300000000000002 32.550000000000004
decision_type=2 2 2 2 2 2 2 2 2 2 1 2 2 2
left_child=1 7 3 8 -5 6 -4 11 -2 -9 -7 -1 -3 -14
right_child=2 12 5 4 -6 10 -8 9 -10 -11 -12 -13 13 -15
leaf_value=-0.025502831007455391 0.036314442022831982 -0.014062540351645126 0.010844629067856663 -0.04256268111302608 0.006963383880381019 0.033938804745470015 -0.061618117036762655 -0.045885670971875445 0.00037793673292933424 -0.11761860112911215 0.013409276456447844 0.025277782392052545 0.016209315647230004 -0.025845813640538246
leaf_weight=15.084297221153973 59.598565768450499 41.676376670598984 117.87292527034879 144.03569731861353 87.72294319793582 172.94087545201182 35.810684837400913 75.425413824617863 571.38687300682068 8.8160920292139036 179.67030545696616 17.673334248363972 79.939715601503849 10.809856381267307
leaf_count=132 530 369 1046 1135 764 1567 284 564 5059 64 1539 140 753 96
internal_value=9.63703e-06 -0.0167434 0.00307186 -0.00363345 -0.0238672 0.0144826 -0.00632952 -0.0389796 0.00382434 -0.0546845 0.0235456 0.00183145 0.00304741 0.0109727
internal_weight=1618.46 249.425 1369.04 862.744 231.759 506.295 153.684 116.999 630.985 84.2415 352.611 32.7576 132.426 90.7496
internal_count=14042 2118 11924 7488 1899 4436 1330 900 5589 628 3106 272 1218 849
cat_boundaries=0 1
cat_threshold=1
is_linear=0
shrinkage=0.05


Tree=48
num_leaves=15
num_cat=4
split_feature=0 0 5 8 36 0 6 42 4 5 36 38 1 43
split_gain=232.108 92.6502 33.0284 31.8437 74.8183 31.3815 30.8721 27.2785 13.5133 15.3841 9.34143 6.43797 7.97801 5.00399
threshold=0 1 -0.85225707553516283 33.350000000000001 95.500000000000014 2 2.5000000000000004 2.5000000000000004 0.98667101781630184 -0.94137724084408114 96.500000000000014 5.9175595000000003 3 56.500000000000007
decision_type=1 1 2 2 2 1 2 2 2 2 2 2 1 2
left_child=5 2 6 4 -3 8 -2 -5 9 -1 -10 12 -7 -4
right_child=1 3 13 7 -6 11 -8 -9 10 -11 -12 -13 -14 -15
leaf_value=0.0059852114856937533 -0.044372953299609733 -0.053504969594776602 0.049225441036922855 0.050965161925375979 0.00395318192800147 -0.051929556672438641 0.025974492740124464 0.0097815775944114364 -0.013372290772586479 -0.025924786018215951 0.043691947499105127 -0.053038497917861062 0.014032029969985258 -0.00091135434079692526
leaf_weight=43.729688763618469 18.108895421028137 62.198797009885311 204.53188943862915 53.753397107124329 546.35099323093891 7.9831150993704796 84.889966018497944 153.95610617101192 13.760711863636972 261.48414499312639 13.208617299795149 142.77112372592092 8.6842062771320361 5.0633040517568579
leaf_count=279 102 307 3726 338 3105 73 838 935 72 1939 63 2207 75 21
internal_value=0.000316839 0.0127942 0.0355226 0.00373348 -0.00199766 -0.0279927 0.0132985 0.0206327 -0.0178147 -0.0213482 0.0151386 -0.0466796 -0.0187125 0.0480157
internal_weight=1620.47 1128.85 312.594 816.259 608.55 491.622 102.999 207.71 332.183 305.214 26.9693 159.438 16.6673 209.595
internal_count=14080 9372 4687 4685 3412 4708 940 1273 2353 2218 135 2355 148 3747
cat_boundaries=0 1 2 3 4
cat_threshold=48 9 32 2
is_linear=0
shrinkage=0.05


Tree=49
num_leaves=15
num_cat=3
split_feature=0 0 5 7 36 0 43 32 40 34 38 5 14 34
split_gain=218.253 87.4931 32.2415 31.1899 44.5627 28.2934 19.9118 12.4004 17.4575 14.9057 6.54415 8.39731 3.97438 0.832012
threshold=0 1 -0.6905596507703472 29.931250000000002 95.500000000000014 2 18.050000000000004 29.670238000000005 3.0500000000000003 23.850000000000005 5.9175595000000003 0.3484035575467645 14.750000000000002 21.350000000000005
decision_type=1 1 2 2 2 1 2 2 2 2 2 2 2 2
left_child=5 2 6 4 -3 7 -2 9 -9 -1 11 -7 -5 -4
right_child=1 3 13 12 -6 10 -8 8 -10 -11 -12 -13 -14 -15
leaf_value=-0.012099751730271602 -0.0019510133159623079 -0.0223164041948134 0.038725606475075836 0.0060327641143468743 0.0070847131800037579 -0.050464056058569268 0.035872823204519545 -0.028790176195829537 0.052004252808040691 -0.034823615698032231 -0.053174877995043703 0.017312362841837129 0.054331265275518542 0.052308565042227334
leaf_weight=172.09951607137918 68.195449162274599 162.24710032343864 29.294565673917532 5.2217511162161818 611.20208295434713 8.5258415043354052 69.835670158267021 11.701828867197039 13.254737511277197 125.47478579729795 136.80659769102931 8.0470209866762143 31.04923677444458 136.59477244317532
leaf_count=1268 577 891 505 34 3490 90 768 69 68 906 2215 58 247 2876
internal_value=-0.00033036 0.0117812 0.0342202 0.0030132 0.000896363 -0.0282908 0.017306 -0.0183586 0.0144711 -0.021766 -0.0465504 -0.0184425 0.0477264 0.0501564
internal_weight=1589.55 1113.64 303.92 809.72 773.449 475.91 138.031 322.531 24.9566 297.574 153.379 16.5729 36.271 165.889
internal_count=14062 9388 4726 4662 4381 4674 1345 2311 137 2174 2363 148 281 3381
cat_boundaries=0 1 2 3
cat_threshold=48 9 32
is_linear=0
shrinkage=0.05


Tree=50
num_leaves=15
num_cat=5
split_feature=0 0 5 1 44 0 2 38 35 5 33 38 1 34
split_gain=197.872 81.9424 32.1905 31.7318 37.5618 28.3151 27.7915 18.8033 12.002 17.9556 16.8789 5.44104 6.98289 0.938021
threshold=0 1 -0.6905596507703472 2 46.600000000000001 3 6.5000000000000009 6.8250000000000011 76.428571500000018 -0.93543596745397617 33.45000000000001 5.9175595000000003 4 21.350000000000005
decision_type=1 1 2 1 2 1 2 2 2 2 2 2 1 2
left_child=5 2 7 6 -5 8 -3 -2 10 -10 -1 12 -7 -4
right_child=1 3 13 4 -6 11 -8 -9 9 -11 -12 -13 -14 -15
leaf_value=-0.053802906060377645 0.053493661209363143 0.0011719544230067496 0.037922175967754629 -0.0017818730936083372 -0.052292323712078405 -0.051442078252443069 0.027763539161249618 0.0072586200396098609 0.001127074156270515 -0.034739795364970065 0.00015766172052898329 -0.05258303430328775 0.011481622576737639 0.052154195463892453
leaf_weight=15.522708795964716 26.620750781148672 220.88247196376324 28.076166611164808 376.04321604967117 39.809903278946877 7.7051369287073612 176.12188643962145 110.02389544993639 45.90825329720974 143.63613697141409 117.87400628626347 128.8492333330214 8.3344360888004321 129.60485915839672
leaf_count=142 319 1296 505 2111 207 74 1064 1016 300 1175 728 2185 73 2859
internal_value=-0.000279931 0.0112408 0.0333992 0.00287875 -0.00673112 -0.0271714 0.0130088 0.0165892 -0.0174941 -0.0260924 -0.00647507 -0.0459847 -0.0199909 0.049875
internal_weight=1575.01 1107.18 294.326 812.857 415.853 467.83 397.004 136.645 322.941 189.544 133.397 144.889 16.0396 157.681
internal_count=14054 9377 4699 4678 2318 4677 2360 1335 2345 1475 870 2332 147 3364
cat_boundaries=0 1 2 3 4 5
cat_threshold=48 9 1 32 2
is_linear=0
shrinkage=0.05


Tree=51
num_leaves=15
num_cat=2
split_feature=0 0 34 23 33 26 34 5 34 44 4 4 38 5
split_gain=180.802 73.702 33.6082 50.5773 36.6401 28.0446 27.4678 27.2812 19.9086 16.8262 15.6639 13.1974 5.55616 6.77083
threshold=0 1 24.450000000000003 95.500000000000014 33.95000000000001 14.65 20.350000000000005 0.68274389090025245 20.250000000000004 52.000000000000007 0.21022171450811272 0.99552231814189462 5.9175595000000003 0.3484035575467645
decision_type=1 1 2 2 2 2 2 2 2 2 2 2 2 2
left_child=2 5 8 11 -5 7 -7 -2 10 -10 -1 -4 13 -3
right_child=1 12 3 4 -6 6 -8 -9 9 -11 -12 -13 -14 -15
leaf_value=0.029215896422983313 -0.045833141138706096 -0.049534370535523287 0.046267087771930934 -0.031873006390574506 0.028222188306010917 -0.055838241741562482 -0.0015134904178924469 0.0042940041300812823 0.035089701113407055 -0.062154158008487281 -0.040805986707021041 -0.019603243834829354 -0.0523747606666706 0.012908385335727832
leaf_weight=14.105435170233251 80.929441757500172 7.7935969457030279 62.299037113785744 86.131390132009983 34.893730204552412 23.079993806779385 692.78090085834265 40.350792460143566 358.48691112175584 3.6287429481744757 16.006313145160675 8.0809750594198686 122.59517819061875 7.927796334028244
leaf_count=131 472 88 671 506 341 133 3865 239 5136 44 111 103 2175 58
internal_value=0.000188906 -0.012941 0.0219639 0.00512723 -0.0144572 -0.00704144 -0.00334042 -0.0292568 0.0307048 0.0339467 -0.00812042 0.0385352 -0.045498 -0.0191576
internal_weight=1559.09 975.458 583.633 191.405 121.025 837.141 715.861 121.28 392.227 362.116 30.1117 70.38 138.317 15.7214
internal_count=14073 7030 7043 1621 847 4709 3998 711 5422 5180 242 774 2321 146
cat_boundaries=0 1 2
cat_threshold=13 34
is_linear=0
shrinkage=0.05


Tree=52
num_leaves=15
num_cat=3
split_feature=0 0 34 33 2 40 34 43 34 5 4 34 38 1
split_gain=166.185 70.689 37.4945 53.8506 44.7819 22.1092 59.0288 27.9807 18.7385 13.9629 13.4704 11.1228 6.53372 7.35851
threshold=0 1 24.550000000000004 33.95000000000001 6.5000000000000009 0.35000000000000003 20.950000000000003 17.750000000000004 20.250000000000004 -0.98521978256641018 0.21022171450811272 24.650000000000002 5.9175595000000003 2
decision_type=1 1 2 2 2 2 2 2 2 2 2 2 2 1
left_child=2 5 8 4 -4 6 -2 -7 10 -10 -1 -5 13 -3
right_child=1 12 3 11 -6 7 -8 -9 9 -11 -12 -13 -14 -15
leaf_value=0.028512955539011828 -0.049712517223126182 0.014083172158467321 -0.051977128264565957 -0.028532638633675403 0.015470336318892866 -0.016926688095081133 0.055924625936953742 0.0024710720335423372 0.0032753958750609512 0.03613900882682318 -0.038610992359294161 0.039700082181893442 -0.052187241765147024 -0.050621087646724933
leaf_weight=12.523112285882236 18.545334368944168 8.6456765830516797 54.551411204040051 5.8333215378224841 43.530678652226925 464.72359073162079 40.31493853032589 309.04118018597364 36.013261958956718 333.29248546808958 15.796018198132513 68.020980965346098 119.21639436855912 7.2866358384490004
leaf_count=120 107 75 251 58 251 2596 212 1775 359 5004 108 855 2216 74
internal_value=-3.22265e-05 -0.0126031 0.0211622 0.0020046 -0.0221887 -0.00684919 0.0223667 -0.00918604 0.0299512 0.0329518 -0.00896776 0.0340016 -0.044868 -0.0167512
internal_weight=1537.34 967.774 569.561 171.936 98.0821 832.625 58.8603 773.765 397.625 369.306 28.3191 73.8543 135.149 15.9323
internal_count=14061 7055 7006 1415 502 4690 319 4371 5591 5363 228 913 2365 149
cat_boundaries=0 1 2 3
cat_threshold=13 34 1
is_linear=0
shrinkage=0.05


Tree=53
num_leaves=15
num_cat=3
split_feature=0 0 5 39 21 39 0 26 5 43 5 38 5 34
split_gain=156.689 74.2896 33.1468 32.1659 39.8065 36.281 29.8074 20.5681 11.7292 28.5502 20.3873 3.71227 4.74904 0.547614
threshold=0 1 -0.6905596507703472 15.450000000000001 24.450000000000003 15.850000000000003 2 16.250000000000004 -0.9575230291762723 29.550000000000004 -0.6391983530350368 5.9175595000000003 0.36447543099728857 21.350000000000005
decision_type=1 1 2 2 2 2 1 2 2 2 2 2 2 2
left_child=6 2 7 4 -3 -5 8 -2 9 -1 -10 12 -8 -4
right_child=1 3 13 5 -6 -7 11 -9 10 -11 -12 -13 -14 -15
leaf_value=-0.017456117968478593 -0.015561955987373777 -0.0056838386895824069 0.038721977914455447 0.059792538852243039 -0.093490605095459076 0.0026816939774977886 -0.048985123137658453 0.027406113157791786 -0.045796395197866546 0.073881496502527566 -0.012519301253280683 -0.051991282609033865 0.0052850664241740107 0.051844597753394228
leaf_weight=28.445286467671394 38.649716340005398 41.822873339056969 26.390143215656281 27.955572105944157 17.761931821703911 705.94433804601431 7.3431261219084245 93.94966359809041 57.690598987042904 11.079894632101057 219.91980522871017 113.90747139230371 7.4596587270498276 116.00627889484167
leaf_count=185 323 243 505 165 81 4159 87 1014 476 66 1626 2220 55 2850
internal_value=-0.000443254 0.0099507 0.0318603 0.00202574 -0.0329697 0.00493555 -0.0249827 0.0148592 -0.0154665 0.00933939 -0.0195742 -0.0453665 -0.0230326 0.0496996
internal_weight=1514.33 1068.48 274.996 793.485 59.5848 733.9 445.846 132.599 317.136 39.5252 277.61 128.71 14.8028 142.396
internal_count=14055 9340 4692 4648 324 4324 4715 1337 2353 251 2102 2362 142 3355
cat_boundaries=0 1 2 3
cat_threshold=48 9 32
is_linear=0
shrinkage=0.05


Tree=54
num_leaves=15
num_cat=3
split_feature=0 0 34 33 4 26 44 5 0 34 5 39 38 5
split_gain=141.265 64.5651 32.0971 41.6092 40.7504 25.0263 29.012 27.4471 16.0268 26.4069 17.4748 13.2986 7.30056 8.14473
threshold=0 1 24.450000000000003 33.95000000000001 1.0000000180025095e-35 15.050000000000002 30.050000000000001 0.77652048701313048 2 20.250000000000004 -0.96234030595689413 19.150000000000002 5.9175595000000003 0.3484035575467645
decision_type=1 1 2 2 2 2 2 2 1 2 2 2 2 2
left_child=2 5 8 4 -4 7 -7 -2 10 -10 -1 -5 13 -3
right_child=1 12 3 11 -6 6 -8 -9 9 -11 -12 -13 -14 -15
leaf_value=0.0066123325997488854 -0.038695880852630593 -0.048439790503833596 0.019775221369169458 -0.0028045013059993427 -0.041183416311121046 0.046314374146676156 -0.0041943434936335643 0.0077047575652564454 -0.042458824175134503 0.022763547641074702 0.05043982423583037 0.044698227275694863 -0.05179596257538998 0.021969577587773653
leaf_weight=27.545474495738745 103.40975691378117 7.0513855554163438 46.396625835448503 19.827612221240997 64.404971808195114 28.727481201291084 651.49492944777012 45.452346727252007 16.050979360938072 180.76925503462553 139.06847149506211 55.101161871105433 107.72262647747993 7.5196697562932968
leaf_count=340 602 87 307 197 353 155 3665 266 74 1729 3241 758 2199 54
internal_value=0.000322263 -0.0113017 0.0202805 0.00371064 -0.0157093 -0.00600214 -0.00199638 -0.0245714 0.0292715 0.0164264 0.0408402 0.0322567 -0.0437697 -0.0130263
internal_weight=1500.54 951.378 549.165 185.73 110.802 829.085 680.222 148.862 363.434 196.82 166.614 74.9288 122.294 14.5711
internal_count=14027 7028 6999 1615 660 4688 3820 868 5384 1803 3581 955 2340 141
cat_boundaries=0 1 2 3
cat_threshold=13 34 9
is_linear=0
shrinkage=0.05


Tree=55
num_leaves=15
num_cat=4
split_feature=0 0 0 34 34 4 40 34 36 35 4 38 1 21
split_gain=133.606 63.7474 27.2635 21.1561 25.6202 19.7991 19.3098 56.9137 27.622 13.5797 38.5031 5.9256 6.63602 0.959377
threshold=0 1 2 20.250000000000004 24.450000000000003 0.21022171450811272 0.35000000000000003 20.550000000000004 92.500000000000014 83.410714500000026 0.056951373111866661 5.9175595000000003 3 20.950000000000003
decision_type=1 1 1 2 2 2 2 2 2 2 2 2 1 2
left_child=2 6 9 5 -5 -4 7 -2 -8 13 -11 12 -3 -1
right_child=1 11 3 4 -6 -7 8 -9 -10 10 -12 -13 -14 -15
leaf_value=0.027575964557292457 -0.051111360383368054 0.014325712159682862 0.014572031393439275 0.023285313887197345 -0.0099945311124696908 -0.090616843126168675 -0.035182832120052104 0.053199407008282629 -0.0043218531165666691 0.044355269996246012 -0.0075971953919750264 -0.051605608896645574 -0.049948584621574116 0.048383570850936947
leaf_weight=10.733769685029982 17.887366138398647 7.932073771953581 7.6800296902656582 178.50571046769619 84.627623148262501 8.9649974107742292 80.079044088721275 41.958531923592091 690.16242751479149 86.379993982613087 59.823801845312119 101.75323800370097 6.4895136803388596 100.72296012192965
leaf_count=205 104 71 39 1738 526 36 458 222 3913 1715 528 2175 69 2232
internal_value=0.000766506 -0.010518 0.0204334 0.00876106 0.0125847 -0.0440074 -0.00537362 0.0216943 -0.00757181 0.0322301 0.0231901 -0.0436311 -0.0159602 0.0466427
internal_weight=1483.7 946.262 537.439 279.778 263.133 16.645 830.087 59.8459 770.241 257.661 146.204 116.175 14.4216 111.457
internal_count=14031 7012 7019 2339 2264 75 4697 326 4371 4680 2243 2315 140 2437
cat_boundaries=0 1 2 3 4
cat_threshold=13 34 9 1
is_linear=0
shrinkage=0.05


Tree=56
num_leaves=15
num_cat=3
split_feature=0 0 34 34 4 4 8 44 36 36 5 37 38 1
split_gain=134.352 60.0502 26.8312 41.5265 32.9916 21.238 27.2076 25.7669 20.2898 15.7475 55.9012 17.8047 4.35212 5.15405
threshold=0 1 24.550000000000004 24.950000000000003 1.0000000180025095e-35 -0.92923668111203817 33.150000000000013 40.850000000000009 98.500000000000014 98.500000000000014 -0.97507822412530132 67.500000000000014 5.8788690000000008 2
decision_type=1 1 2 2 2 2 2 2 2 2 2 2 2 1
left_child=2 5 9 4 -4 7 -7 -2 -5 10 -1 -11 13 -3
right_child=1 12 3 8 -6 6 -8 -9 -10 11 -12 -13 -14 -15
leaf_value=-0.065320865913194651 0.037044529055989997 0.010076385461549873 0.020483988243546219 0.04181338287068128 -0.045448899138057788 -0.015760183891876688 0.00437190093064005 -0.02391287888700469 -0.015497322379681292 0.041743539516032185 0.026473054852657604 -0.018137390330385604 -0.051511674393563578 -0.049118062499148608
leaf_weight=17.614463746547699 54.520789913833141 7.0439887568354589 28.874706625938416 63.306134078651667 51.820679038763046 497.35209120064974 252.48688599467278 24.391930922865868 19.740177225321531 179.94877101108432 154.00299284607172 12.783510047942398 99.102674022316933 6.1056293211877346
leaf_count=161 326 63 174 741 325 2854 1379 145 149 2817 2447 214 2206 68
internal_value=3.32739e-05 -0.0112613 0.0199775 0.00351308 -0.0218946 -0.00630705 -0.00898448 0.0181391 0.0281683 0.0278936 0.0167277 0.0376986 -0.0440107 -0.0189376
internal_weight=1469.1 941.004 528.091 163.742 80.6954 828.752 749.839 78.9127 83.0463 364.35 171.617 192.732 112.252 13.1496
internal_count=14069 7041 7028 1389 499 4704 4233 471 890 5639 2608 3031 2337 131
cat_boundaries=0 1 2 3
cat_threshold=13 34 1
is_linear=0
shrinkage=0.05


Tree=57
num_leaves=15
num_cat=0
split_feature=43 26 8 34 36 37 36 36 21 34 33 31 4 34
split_gain=28.1972 59.1978 56.9326 59.4898 45.4091 32.2363 26.1308 22.718 30.2885 18.54 14.3911 12.7402 13.0997 9.68897
threshold=17.750000000000004 17.650000000000002 33.250000000000007 24.450000000000003 95.500000000000014 67.500000000000014 97.500000000000014 94.500000000000014 25.250000000000004 23.850000000000005 33.550000000000004 49.150000000000006 -0.30163705152652737 24.050000000000004
decision_type=2 2 2 2 2 2 2 2 2 2 2 2 2 2
left_child=2 5 3 4 -1 9 -5 8 -4 -2 -9 13 -13 -3
right_child=1 11 7 6 -6 -7 -8 10 -10 -11 -12 12 -14 -15
leaf_value=-0.043256452702366582 0.011940644053523606 0.018394881411850278 -0.01285364107016748 -0.020664184937197964 0.0015433491512290012 -0.059083164707969787 -0.066624198349098579 -0.045746888160199228 0.027873986651715244 -0.015529574632047131 0.027542248742224131 -0.056918466549635283 0.04257928736634873 0.037623236230588671
leaf_weight=67.066733170300722 124.14579596370459 139.63006462156773 150.18400697782636 59.323157534003258 334.30462996289134 26.054960496723652 66.662596639245749 6.1275891400873652 64.396522903814912 119.63835646212101 151.04704644531012 8.27693387493491 4.2571830488741389 129.12640421465039
leaf_count=616 1295 1465 1506 420 3408 234 473 42 744 1060 1453 73 32 1194
internal_value=0.00052421 0.00941959 -0.00493281 -0.0154845 -0.00603133 -0.00730188 -0.0453161 0.0100367 -0.000558507 -0.00154888 0.0244139 0.0254294 -0.0224752 0.0277385
internal_weight=1450.24 551.13 899.112 527.357 401.371 269.839 125.986 371.755 214.581 243.784 157.175 281.291 12.5341 268.756
internal_count=14015 5353 8662 4917 4024 2589 893 3745 2250 2355 1495 2764 105 2659
is_linear=0
shrinkage=0.05


Tree=58
num_leaves=15
num_cat=4
split_feature=0 0 33 44 0 35 32 19 40 34 38 1 14 32
split_gain=131.185 59.312 32.1778 52.8046 21.4175 15.4079 45.2554 12.419 16.8038 14.3348 6.68758 6.94392 1.26183 1.19537
threshold=0 1 36.850000000000001 48.800000000000004 2 83.410714500000026 27.574405000000002 29.490277500000001 1.2500000000000002 23.850000000000005 5.8788690000000008 3 26.250000000000004 25.882440500000005
decision_type=1 1 2 2 1 2 2 2 2 2 2 1 2 2
left_child=4 5 3 -3 7 13 -7 9 -9 -1 11 -6 -4 -2
right_child=1 2 12 -5 10 6 -8 8 -10 -11 -12 -13 -14 -15
leaf_value=-0.0097040732125065997 0.016168317918051921 0.0030129476691891028 0.04823553936928289 -0.061749976057902591 0.01941544154586031 0.036768790959453464 -0.027443270722932556 -0.044259833251170097 0.03430770683758002 -0.032799107082053629 -0.051368066518265615 -0.048610746148871009 0.0086692487279232764 0.047203338468135944
leaf_weight=162.48381174355745 4.5714394785463801 712.15384986996651 36.947143882513046 31.927732177078724 7.3101029321551305 107.07736087962985 35.959612213075161 8.4234130159020406 23.849923513829708 115.10115285217762 94.905099159106612 5.9415661655366421 2.6464292407035819 99.996601447463036
leaf_count=1259 103 4183 307 151 64 1964 302 57 124 904 2204 70 18 2327
internal_value=-0.000184168 0.00939715 0.00248834 0.000154894 -0.0234527 0.0302277 0.0205474 -0.0154554 0.0130875 -0.0193638 -0.0428222 -0.0123558 0.0458696 0.0460126
internal_weight=1449.3 1031.28 783.675 744.082 418.015 247.605 143.037 309.858 32.2733 277.585 108.157 13.2517 39.5936 104.568
internal_count=14037 9355 4659 4334 4682 4696 2266 2344 181 2163 2338 134 325 2430
cat_boundaries=0 1 2 3 4
cat_threshold=48 9 32 1
is_linear=0
shrinkage=0.05


Tree=59
num_leaves=15
num_cat=3
split_feature=0 0 39 39 5 22 0 30 5 43 5 38 5 34
split_gain=114.01 56.633 33.1568 30.6416 27.7587 27.1935 24.7078 17.2417 13.1092 21.3393 17.917 4.23497 4.69508 1.48829
threshold=0 1 15.450000000000001 15.850000000000003 -0.6905596507703472 76.51388900000002 2 13.65 -0.94703994556331683 19.200000000000006 -0.67801649466304881 5.7779760000000016 0.38043945030393422 21.350000000000005
decision_type=1 1 2 2 2 2 1 2 2 2 2 2 2 2
left_child=6 4 5 -4 7 -3 8 -2 9 -1 -10 12 -8 -6
right_child=1 2 3 -5 13 -7 11 -9 10 -11 -12 -13 -14 -15
leaf_value=-0.027019030686428986 -0.0046837257938924029 0.05608521328685015 0.057897601043052596 0.0033404697083801991 0.033388960750966874 -0.044743417057023234 -0.046385478606098887 0.03326058638051816 -0.046077978229528582 0.043713689475406103 -0.012076462273593559 -0.050746392444468491 0.014533334677699928 0.051356716497146286
leaf_weight=18.568313390016556 60.837236169725657 6.7480651959776869 25.723180718719959 703.11665596812963 22.177004393190145 53.999912574887276 5.2033990882337076 57.537444196641445 46.51380480825901 22.564413726329803 217.59968653321266 91.338564142584801 5.7214286401867867 95.380531398579478
leaf_count=130 601 38 161 4210 500 291 68 714 416 142 1650 2200 42 2850
internal_value=3.49845e-05 0.00892791 0.00233948 0.00534266 0.0298908 -0.0328162 -0.0219918 0.0138837 -0.0136852 0.0118998 -0.0182158 -0.0430493 -0.0159384 0.0482774
internal_weight=1433.03 1025.52 789.588 728.84 235.932 60.748 407.51 118.375 305.246 41.1327 264.113 102.263 10.9248 117.558
internal_count=14013 9365 4700 4371 4665 329 4648 1315 2338 272 2066 2310 110 3350
cat_boundaries=0 1 2 3
cat_threshold=48 9 32
is_linear=0
shrinkage=0.05


Tree=60
num_leaves=15
num_cat=4
split_feature=0 0 1 44 5 39 0 43 32 5 4 38 4 21
split_gain=102.552 52.7548 29.355 34.7343 28.7471 26.571 25.0418 17.6145 10.9351 24.9296 18.6352 5.1551 5.48472 0.584364
threshold=0 1 2 47.350000000000009 -0.6905596507703472 18.750000000000004 3 18.050000000000004 27.223809500000005 0.79773375822167203 -0.9354548908432756 5.9175595000000003 -0.78326540922535159 20.950000000000003
decision_type=1 1 1 2 2 2 1 2 2 2 2 2 2 2
left_child=6 4 5 -4 7 -3 8 -2 10 -10 -1 12 -8 -6
right_child=1 2 3 -5 13 -7 11 -9 9 -11 -12 -13 -14 -15
leaf_value=0.012569399456004063 -0.0053129144754351975 -0.0059315894464877878 -0.0025726864180531505 -0.055953211308542694 0.030601331147356116 0.021812331857536574 0.012607234579756691 0.032430693257663276 -0.01241916274207619 0.040875591700931316 -0.03403271004919755 -0.050950171276165593 -0.047870927764147919 0.04992295440183795
leaf_weight=26.699980840086937 62.211112294346094 130.49468456208706 374.81674207746983 32.183205410838127 10.25256848707795 251.77529760450125 7.3598585464060307 59.97120875492692 155.58776599913836 24.530086614191532 99.575417973101139 85.09514737688005 6.0157935656607133 102.02829843014479
leaf_count=225 572 785 2182 168 217 1574 62 765 1102 150 891 2184 74 3131
internal_value=0.000312375 0.00873598 0.0023868 -0.0069205 0.0290444 0.0123507 -0.0206626 0.0133258 -0.0125265 -0.00497539 -0.0241577 -0.0421758 -0.0160311 0.0484444
internal_weight=1428.6 1023.73 789.27 407 234.463 382.27 404.864 122.182 306.393 180.118 126.275 98.4708 13.3757 112.281
internal_count=14082 9394 4709 2350 4685 2359 4688 1337 2368 1252 1116 2320 136 3348
cat_boundaries=0 1 2 3 4
cat_threshold=48 9 1 32
is_linear=0
shrinkage=0.05


Tree=61
num_leaves=14
num_cat=4
split_feature=0 0 1 5 44 0 39 38 34 40 38 5 34
split_gain=89.6934 48.0674 29.977 29.927 28.9562 25.3824 21.0066 17.3386 12.5342 17.3968 5.03682 5.43318 1.09193
threshold=0 1 2 -0.6905596507703472 52.000000000000007 3 17.650000000000002 6.8250000000000011 20.950000000000003 1.0000000180025095e-35 5.9175595000000003 0.3484035575467645 21.350000000000005
decision_type=1 1 1 2 2 1 2 2 2 2 2 2 2
left_child=5 3 6 7 -4 8 -3 -2 -1 -10 11 -7 -5
right_child=1 2 4 12 -6 10 -8 -9 9 -11 -12 -13 -14
leaf_value=-0.053060866245810481 0.05195196031049272 -0.0089461028414135509 -0.0054650696946706443 0.034086537111460556 -0.10011024483613834 -0.047186465133231263 0.01876042718666468 0.0028768455523512362 0.066857380765000515 -0.011358006987273872 -0.050786843144296059 0.012733646742257186 0.05111940091535444
leaf_weight=16.521790720522404 21.003471188247204 89.077259488403797 396.43227063119411 20.643510084599257 7.2554745376110068 6.2121253386139852 286.80102445185184 99.628224082291126 6.3103739917278281 277.8827992901206 81.045434612780809 7.2668010964989662 86.058431403711438
leaf_count=172 312 526 2295 501 35 87 1815 1028 36 2136 2180 55 2829
internal_value=0.00014633 0.00807125 0.00201751 0.0277793 -0.0074093 -0.0197184 0.0121881 0.0117783 -0.0115764 -0.00939293 -0.0417143 -0.0162338 0.0481712
internal_weight=1402.14 1006.9 779.566 227.334 403.688 395.239 375.878 120.632 300.715 284.193 94.5244 13.4789 106.702
internal_count=14007 9341 4671 4670 2330 4666 2341 1340 2344 2172 2322 142 3330
cat_boundaries=0 1 2 3 4
cat_threshold=48 9 1 32
is_linear=0
shrinkage=0.05


Tree=62
num_leaves=15
num_cat=2
split_feature=0 0 34 34 4 39 36 8 20 14 39 34 38 5
split_gain=88.2856 45.3292 25.9052 41.1009 28.6155 21.5001 19.8493 32.5214 16.031 14.4921 40.9784 13.7525 5.91919 5.74026
threshold=0 1 24.550000000000004 24.950000000000003 1.0000000180025095e-35 19.050000000000004 91.500000000000014 33.350000000000001 36.45000000000001 14.950000000000001 25.100000000000005 23.450000000000003 5.9175595000000003 0.3484035575467645
decision_type=1 1 2 2 2 2 2 2 2 2 2 2 2 2
left_child=2 6 9 4 -4 -5 8 -8 -2 10 -1 -11 13 -3
right_child=1 12 3 5 -6 -7 7 -9 -10 11 -12 -13 -14 -15
leaf_value=0.020365473464206231 -0.044685887057395512 -0.046822690674892545 0.014996435760860455 -0.019558911206829219 -0.047705708771060867 0.039940851198701104 -0.0082426321406843788 0.017562025899763977 -0.00017266736792135397 0.018152120680324665 -0.07873504676197994 0.0455625580406228 -0.050636003586423499 0.014316569700281207
leaf_weight=132.75563591532409 53.248804233968258 6.0133280269801599 27.687534958124161 19.50404005125165 49.989811513572931 60.251727510243654 571.73071175813675 154.20053954422474 32.264035560190678 82.338030336424708 10.33299466781318 108.27491947449744 77.902490306645632 7.7194302827119827
leaf_count=2159 289 87 171 163 308 755 3364 830 213 1472 131 1849 2198 57
internal_value=-0.00018457 -0.00943455 0.0166617 0.000272134 -0.0254494 0.0253283 -0.00538039 -0.00274465 -0.0280872 0.0248678 0.0127123 0.0338787 -0.0409105 -0.0138162
internal_weight=1394.21 903.079 491.135 157.433 77.6773 79.7558 811.444 725.931 85.5128 333.702 143.089 190.613 91.6352 13.7328
internal_count=14046 7038 7008 1397 479 918 4696 4194 502 5611 2290 3321 2342 144
cat_boundaries=0 1 2
cat_threshold=13 34
is_linear=0
shrinkage=0.05


Tree=63
num_leaves=15
num_cat=4
split_feature=0 0 1 44 0 4 35 4 32 43 4 38 4 33
split_gain=80.9737 43.6274 27.2341 25.8442 23.2948 21.3386 17.336 33.8889 13.0943 17.186 9.80521 5.4589 5.58227 0.592357
threshold=0 1 2 48.800000000000004 3 0.039769539193789956 82.75892850000001 -0.27694604220087021 27.157142500000003 28.350000000000005 -0.9354548908432756 5.9175595000000003 -0.83377653105606597 34.050000000000004
decision_type=1 1 1 2 1 2 2 2 2 2 2 2 2 2
left_child=4 6 5 -4 8 -3 13 -8 10 -10 -1 12 -6 -2
right_child=1 2 3 -5 11 -7 7 -9 9 -11 -12 -13 -14 -15
leaf_value=0.0023962498966081614 0.037968877562589341 0.025260572645259341 -0.0035283939730960424 -0.059166494064767088 0.015516727414352054 0.0012332681263699597 0.045743583841885524 -0.0044641919805358072 -0.0085896086183096503 0.038892410731598159 -0.0326949301908862 -0.050482805224806249 -0.047203621227090438 0.051336516298621099
leaf_weight=25.616399772465229 32.747935134917498 168.42554003745317 384.03423382341862 21.083541162312031 7.0185804925858974 203.50599122419953 58.382932856678963 77.067481618374586 160.40569847077131 20.613478191196918 86.316953714936972 74.418246107175946 5.5025852732360345 49.751075414940715
leaf_count=218 862 1078 2224 112 61 1265 1552 834 1135 153 817 2201 73 1450
internal_value=0.000577641 0.00807305 0.00236894 -0.00656253 -0.0187435 0.0121524 0.0273188 0.0173534 -0.0109782 -0.00299865 -0.0247141 -0.0407379 -0.0134991 0.0465485
internal_weight=1374.89 994.999 777.049 405.118 379.892 371.932 217.949 135.45 292.953 181.019 111.933 86.9394 12.5212 82.499
internal_count=14035 9377 4679 2336 4658 2343 4698 2386 2323 1288 1035 2335 134 2312
cat_boundaries=0 1 2 3 4
cat_threshold=48 9 1 32
is_linear=0
shrinkage=0.05


Tree=64
num_leaves=15
num_cat=2
split_feature=0 0 34 36 40 34 37 40 36 5 33 5 38 5
split_gain=75.9942 40.9078 26.5322 38.4937 26.9911 26.0068 18.2984 23.9376 16.192 26.3239 7.27215 5.38961 4.51309 4.48069
threshold=0 1 24.550000000000004 97.500000000000014 56.000000000000007 24.650000000000002 25.500000000000004 0.35000000000000003 99.500000000000014 -0.98521978256641018 30.850000000000005 -0.15101602693478736 5.9175595000000003 0.3484035575467645
decision_type=1 1 2 2 2 2 2 2 2 2 2 2 2 2
left_child=2 6 8 5 -5 -4 11 -8 9 -1 -10 -2 13 -3
right_child=1 12 3 4 -6 -7 7 -9 10 -11 -12 -13 -14 -15
leaf_value=-0.034188036674353939 -0.0076251545880985736 -0.045862247578955496 -0.031203205114480544 -0.057022500959077731 0.0043502669958679326 0.035920834613124147 0.027676370232613708 -0.0068649069816418828 -0.024556084876536481 0.022399458632684451 0.046564103798168506 -0.078594894088616959 -0.050325378732685389 0.011344291868534671
leaf_weight=21.73917193710804 3.8464492633938798 5.375373996794222 17.602831318974495 37.333441819995642 33.384170480072498 65.394644597545266 52.839237131178379 736.32697696238756 3.1794607583433381 223.09745645150542 75.218001779168844 9.9496695101261103 70.746934236958623 6.7225106507539749
leaf_count=215 32 82 116 240 200 830 294 4284 35 3983 1384 56 2192 51
internal_value=-0.000606988 -0.00923791 0.015282 -0.00149827 -0.0283931 0.0214826 -0.00549061 -0.00452007 0.0237133 0.0172564 0.0434068 -0.0606607 -0.0406573 -0.0156348
internal_weight=1362.76 885.807 476.949 153.715 70.7176 82.9975 802.962 789.166 323.234 244.837 78.3975 13.7961 82.8448 12.0979
internal_count=13994 6991 7003 1386 440 946 4666 4578 5617 4198 1419 88 2325 133
cat_boundaries=0 1 2
cat_threshold=13 34
is_linear=0
shrinkage=0.05


Tree=65
num_leaves=15
num_cat=5
split_feature=0 0 5 6 5 39 0 26 1 4 32 38 1 34
split_gain=70.9245 39.0221 29.201 27.8311 30.215 27.2029 20.9151 19.4124 11.8513 26.4654 18.1334 4.94781 5.32687 1.90306
threshold=0 1 -0.6905596507703472 2.5000000000000004 -0.97111920233974802 19.550000000000004 2 16.250000000000004 3 0.98522604642031408 29.989881000000004 5.9175595000000003 4 21.350000000000005
decision_type=1 1 2 2 2 2 1 2 1 2 2 2 1 2
left_child=6 2 7 4 -3 -5 8 -2 9 -1 -10 12 -8 -4
right_child=1 3 13 5 -6 -7 11 -9 10 -11 -12 -13 -14 -15
leaf_value=-0.029311074029542597 -0.020855130058287367 -0.085541040554755088 0.029992642916083303 -0.0051908271006029759 -0.0094820943668445824 0.016417963731130827 0.011558532783557762 0.023101148185972271 -0.0067531780072506084 0.039072567129593366 0.057927647927801751 -0.050896979238803479 -0.048394805549521802 0.050832733165075576
leaf_weight=127.41977583244443 35.473427034914494 13.162730224430559 19.189250629395247 261.00826594233513 173.17489543929696 327.44685063883662 7.5372657515108568 80.158528164029121 137.24339650571346 15.028882518410681 10.758362919092177 66.88437956571579 5.7554797977209091 75.717355333268642
leaf_count=1086 318 62 517 1568 1020 2038 71 1026 1093 77 60 2172 74 2847
internal_value=-0.000209889 0.00681383 0.0253657 0.00148812 -0.0152828 0.00684088 -0.0185355 0.0095531 -0.0112466 -0.0218743 -0.00169426 -0.0403979 -0.0159698 0.0469757
internal_weight=1355.96 985.331 210.539 774.793 186.338 588.455 370.628 115.632 290.45 142.449 148.002 80.1771 13.2927 94.9066
internal_count=14029 9396 4708 4688 1082 3606 4633 1344 2316 1163 1153 2317 145 3364
cat_boundaries=0 1 2 3 4 5
cat_threshold=48 9 32 1 1
is_linear=0
shrinkage=0.05


Tree=66
num_leaves=14
num_cat=2
split_feature=0 0 43 26 8 5 43 38 39 38 5 43 34
split_gain=71.9221 44.9383 27.3436 58.2677 50.9173 25.9552 22.2878 23.2347 21.1808 5.65935 5.42996 4.1651 1.37522
threshold=0 1 17.750000000000004 17.150000000000002 33.250000000000007 -0.84313311835787952 18.350000000000005 8.8104165000000005 17.150000000000002 5.8788690000000008 0.3484035575467645 56.500000000000007 21.350000000000005
decision_type=1 1 2 2 2 2 2 2 2 2 2 2 2
left_child=5 9 4 -4 -3 6 7 -1 -8 10 -2 12 -7
right_child=1 2 3 -5 -6 11 8 -9 -10 -11 -12 -13 -14
leaf_value=0.020926889770288018 -0.045520250340230273 -0.019987559635277 -0.013741345159762801 0.024990060196445452 0.0077708173086870579 0.029079577340220659 -0.034896512313284021 -0.047261513684015113 0.053363675660646641 -0.050119734177979804 0.017574237523498511 -0.0061965624293773862 0.047360874203841247
leaf_weight=22.647041525691748 5.2333141602575761 386.96125357598066 169.2352894321084 225.29758756607771 286.98396629095078 18.467151775956154 7.9049292020499697 25.714604239910841 30.648787524551153 64.930878974497318 6.6810275465250015 3.9306047260761252 95.918797738850117
leaf_count=226 84 2497 1134 1533 1882 514 81 171 476 2190 49 16 3221
internal_value=6.09242e-05 -0.00488946 -0.00203858 0.00838345 -0.0081733 0.0265277 0.00694339 -0.0155528 0.0348424 -0.03931 -0.0115185 0.0429589 0.044687
internal_weight=1350.56 1145.32 1068.48 394.533 673.945 205.232 86.9154 48.3616 38.5537 76.8452 11.9143 118.317 114.386
internal_count=14074 9369 7046 2667 4379 4705 954 397 557 2323 133 3751 3735
cat_boundaries=0 1 2
cat_threshold=9 16
is_linear=0
shrinkage=0.05


Tree=67
num_leaves=15
num_cat=0
split_feature=38 26 32 40 8 39 33 13 25 26 22 36 39 14
split_gain=22.6148 36.9197 37.0122 35.4887 52.926 41.0862 28.2013 15.228 13.1972 8.66003 7.66602 5.29306 3.48549 0.326441
threshold=6.4553575000000007 14.950000000000001 26.738393000000006 72.750000000000014 33.250000000000007 19.350000000000005 31.750000000000004 8.2229170000000007 8.4222220000000014 10.500000000000002 77.500000000000014 99.500000000000014 14.950000000000001 17.250000000000004
decision_type=2 2 2 2 2 2 2 2 2 2 2 2 2 2
left_child=6 2 10 4 -3 -5 11 9 -4 -8 -2 -1 -13 -9
right_child=1 3 8 5 -6 -7 7 13 -10 -11 -12 12 -14 -15
leaf_value=-0.046132407365520274 0.036553652238355896 -0.018063205888437094 -0.037142681063834442 -0.020757881564551068 0.0093323230308417389 0.026629190439873492 -0.034662083517566493 -0.064422068112063455 -0.098909989899964912 0.03017291261996349 -0.0043478112353513383 0.0093890133373721509 -0.020597065431916774 -0.0194586283232943
leaf_weight=11.468963410705326 14.430561034008859 376.3458289373666 90.75081928819418 57.914220614358783 330.0261184386909 205.93506707251072 4.5338886734098187 3.162388188764452 9.1561941392719728 148.37280862778425 43.821615241467953 15.75745585374534 22.404567681252956 1.7499281913042066
leaf_count=128 154 3727 819 600 3677 2261 54 34 72 1553 512 164 268 22
internal_value=-0.000290929 -0.00308356 -0.0254038 0.000577362 -0.00526856 0.0161887 0.0148409 0.0251452 -0.0437276 0.0280377 0.00623045 -0.0177747 -0.00829195 -0.054405
internal_weight=1335.83 1128.38 158.159 970.221 706.372 263.849 207.45 157.819 99.907 152.907 58.2522 49.631 38.162 4.91232
internal_count=14045 11822 1557 10265 7404 2861 2223 1663 891 1607 666 560 432 56
is_linear=0
shrinkage=0.05


Tree=68
num_leaves=15
num_cat=5
split_feature=0 0 5 1 44 4 0 38 1 38 4 38 4 21
split_gain=61.9102 32.9698 28.0498 26.1172 25.8743 22.9297 18.4629 17.5522 10.1924 22.6409 20.0099 5.36875 5.47486 1.76949
threshold=0 1 -0.6905596507703472 2 46.600000000000001 1.0000000180025095e-35 3 6.8250000000000011 4 6.259821500000001 0.98522604642031408 5.8788690000000008 -0.78326540922535159 20.950000000000003
decision_type=1 1 2 1 2 2 1 2 1 2 2 2 2 2
left_child=6 2 7 5 -5 -3 8 -2 10 -10 -1 12 -8 -4
right_child=1 3 13 4 -6 -7 11 -9 9 -11 -12 -13 -14 -15
leaf_value=-0.02699093314870088 0.051129196287883288 0.025111708125472788 0.021291784122375371 -0.0031651638542978563 -0.045247208426440991 6.0233252612092259e-05 0.01663341614276526 -0.00051421204295130679 0.051019859769822234 -0.0091999009427944402 0.036278159502568734 -0.049991423177442623 -0.04653823471438736 0.048874221254567217
leaf_weight=127.81583902984858 18.925938220694661 160.71549458801746 8.6735515370964986 364.47982653230429 39.621026359498501 209.91304683312774 6.7940901443362236 94.284584272652864 16.650381274521351 134.01097650825977 12.973073549568651 62.762527028098702 5.2389842048287374 77.141273964196444
leaf_count=1107 325 1047 217 2136 213 1306 56 1031 133 1041 65 2216 75 3093
internal_value=-0.000437041 0.00616776 0.0237822 0.00137307 -0.00739271 0.0109616 -0.0176537 0.00849134 -0.0109489 -0.00225217 -0.0209462 -0.0390263 -0.0123309 0.0463638
internal_weight=1340 973.755 199.025 774.729 404.101 370.629 366.246 113.211 291.45 150.661 140.789 74.7956 12.0331 85.8148
internal_count=14061 9368 4666 4702 2349 2353 4693 1356 2346 1174 1172 2347 131 3310
cat_boundaries=0 1 2 3 4 5
cat_threshold=48 9 1 32 1
is_linear=0
shrinkage=0.05


Tree=69
num_leaves=15
num_cat=4
split_feature=0 0 33 44 0 35 32 26 4 38 38 1 34 32
split_gain=65.0622 32.4858 26.7261 41.786 16.6675 14.2412 33.4783 11.0835 12.4501 8.12945 5.14337 4.80519 4.41198 1.59317
threshold=0 1 36.850000000000001 48.800000000000004 2 83.410714500000026 27.689583000000002 14.950000000000001 -0.9354548908432756 6.259821500000001 5.9175595000000003 3 26.550000000000004 25.882440500000005
decision_type=1 1 2 2 1 2 2 2 2 2 2 1 2 2
left_child=4 5 3 -3 7 13 -7 9 -9 -1 11 -6 -4 -2
right_child=1 2 12 -5 10 6 -8 8 -10 -11 -12 -13 -14 -15
leaf_value=-0.0022400084986399912 0.0077245791289228538 0.0026992798806819585 0.050222411731691341 -0.054890898781726809 0.012342824716156293 0.028630704899537431 -0.035683329290907215 0.027736162080805638 -0.011103105190833455 -0.050551642788450701 -0.049762124665176259 -0.047108901005756126 0.0002343917081511166 0.044422581595340016
leaf_weight=12.695972830057142 3.5699565559625617 698.28091638535261 31.358358081430197 31.982954882085323 7.4023895375430566 93.399046901613474 24.84180736541748 21.758086524903774 224.42392997443676 27.401334203779697 59.765860060229897 4.8324256464838982 5.1222353205084792 72.091371469199657
leaf_count=121 104 4181 284 156 71 2066 176 180 1730 297 2234 65 44 2343
internal_value=0.000176869 0.00696389 0.00219049 0.000105421 -0.0176911 0.0247084 0.0149327 -0.0112288 -0.00757209 -0.0356815 -0.0384923 -0.0129242 0.0433971 0.0428144
internal_weight=1318.93 960.647 766.744 730.264 358.28 193.902 118.241 286.279 246.182 40.0973 72.0007 12.2348 36.4806 75.6613
internal_count=14052 9354 4665 4337 4698 4689 2242 2328 1910 418 2370 136 328 2447
cat_boundaries=0 1 2 3 4
cat_threshold=48 9 32 1
is_linear=0
shrinkage=0.05


Tree=70
num_leaves=15
num_cat=1
split_feature=32 34 40 39 8 37 26 33 1 4 26 40 25 5
split_gain=23.388 33.4419 32.1412 38.1172 27.9205 21.4816 17.937 7.14023 2.66512 5.26287 2.45158 1.6833 1.98878 0.889503
threshold=29.670238000000005 24.550000000000004 62.500000000000007 19.350000000000005 33.150000000000013 25.500000000000004 14.950000000000001 38.100000000000009 0 0.85226249403558707 20.850000000000005 1.2500000000000002 8.5687500000000032 -0.048362832084465547
decision_type=2 2 2 2 2 2 2 2 1 2 2 2 2 2
left_child=1 5 4 -4 -3 -1 -7 11 9 -9 -10 13 -13 -2
right_child=7 2 3 -5 -6 6 -8 8 10 -11 -12 12 -14 -15
leaf_value=-0.053406243244087083 0.0026299568184742135 -0.046077397602896121 -0.033092214880153431 0.037630749841953075 -0.0047991003251803693 -0.0096604161264317936 0.0068903481784813774 -0.063868087450436026 0.054925081567587242 0.01038685852794507 0.0010097119605713201 0.0079159507902851686 0.046681877801225791 0.035164547970500781
leaf_weight=15.930126627907155 5.6528702564537525 104.33152092434466 31.290122566744685 45.561667831614614 67.455178905278444 206.53711134754121 774.99796050414443 2.7689814083278179 2.2618754021823406 5.8924622628837824 6.071656720712781 4.1393523123115292 35.5264858212322 2.5224695000797492
leaf_count=152 90 753 218 375 642 2289 8797 31 33 94 93 56 424 33
internal_value=-0.000119027 -0.00165223 -0.0180194 0.00878077 -0.0299903 0.00244157 0.00340141 0.0289255 0.000954294 -0.0175053 0.0199602 0.0386389 0.0429306 0.0154068
internal_weight=1310.94 1246.1 248.638 76.8518 171.787 997.465 981.535 64.8362 16.995 8.66144 8.33353 47.8412 39.6658 8.17534
internal_count=14080 13226 1988 593 1395 11238 11086 854 251 125 126 603 480 123
cat_boundaries=0 1
cat_threshold=1
is_linear=0
shrinkage=0.05


Tree=71
num_leaves=13
num_cat=3
split_feature=0 0 5 22 33 30 0 34 5 4 5 43
split_gain=58.2977 32.8016 25.0734 24.6074 20.8937 19.7214 16.0675 11.0965 13.5722 5.11722 11.2918 4.646
threshold=0 1 -0.84313311835787952 55.000000000000007 36.850000000000001 13.65 2 20.950000000000003 0.81800285027139286 -0.82415615971448097 0.3484035575467645 56.500000000000007
decision_type=1 1 2 2 2 2 1 2 2 2 2 2
left_child=6 2 5 -3 -5 -2 7 -1 -9 10 -8 -4
right_child=1 3 11 4 -6 -7 9 8 -10 -11 -12 -13
leaf_value=-0.051967302683568722 -0.016748041583049333 -0.10019746922930413 0.04336398679924458 0.00053515702676617866 0.039844813903827707 0.031849646920225537 -0.047777073840965384 -0.013016538447034046 0.020611649191193092 -0.050756056717769185 0.034564915172685319 -0.0075171237801499192
leaf_weight=14.832118861377237 46.401511508971453 4.893108904361724 104.14068312197924 723.62768350541592 34.461118541657925 36.335437033325434 9.8744199145585281 237.53593379631639 33.410847686231136 53.210482407361269 5.8516564760357133 4.4017881453037253
leaf_count=175 401 23 3763 4308 312 551 295 1911 256 1974 75 18
internal_value=-9.80351e-05 0.00634461 0.0242929 0.00156368 0.00237223 0.00472 -0.017097 -0.0108444 -0.00880925 -0.037958 -0.016903 0.0412508
internal_weight=1308.98 954.261 191.279 762.982 758.089 82.7369 354.715 285.779 270.947 68.9366 15.7261 108.542
internal_count=14062 9376 4733 4643 4620 952 4686 2342 2167 2344 370 3781
cat_boundaries=0 1 2 3
cat_threshold=48 9 32
is_linear=0
shrinkage=0.05


Tree=72
num_leaves=15
num_cat=3
split_feature=0 0 43 39 8 0 35 32 35 39 33 4 4 32
split_gain=51.7504 30.4907 23.1343 57.7782 41.0744 14.9206 13.1487 29.2879 12.1241 18.5915 15.4601 7.16653 8.33999 1.67096
threshold=0 1 17.750000000000004 18.850000000000005 33.350000000000001 2 83.410714500000026 27.574405000000002 76.428571500000018 23.650000000000002 32.550000000000004 -0.82415615971448097 -0.9354548908432756 25.882440500000005
decision_type=1 1 2 2 2 1 2 2 2 2 2 2 2 2
left_child=5 6 4 -4 -3 8 13 -8 9 -1 -10 12 -7 -2
right_child=1 2 3 -5 -6 11 7 -9 10 -11 -12 -13 -14 -15
leaf_value=0.013390429017619082 0.0060612535083024825 -0.016031927038060594 -0.012851720266295302 0.032490523197631578 0.014157279967963156 -0.046475189606776025 0.031043470549314174 -0.024142365748500337 -0.0086086150149493109 -0.029082687280196903 -0.042111069352062311 -0.050668393797322256 0.022460332699852443 0.043901811258319351
leaf_weight=90.30640010535717 3.4103686008602372 301.93706239759922 121.94166710227728 163.41101438552141 178.45332169532776 7.4724129270762196 79.330426141619682 33.452817233279347 108.55137563496828 34.895283121615648 49.929894752800465 50.545211480930448 8.2080379109829646 67.457732576876879
leaf_count=626 104 1697 729 1055 1214 225 1954 295 1029 256 432 1957 149 2322
internal_value=0.000332273 0.00639301 0.00186123 0.0131369 -0.00481126 -0.015815 0.0241155 0.0146064 -0.00987196 0.00141599 -0.0193615 -0.03624 -0.0112072 0.0421905
internal_weight=1299.3 949.394 765.743 285.353 480.39 349.909 183.651 112.783 283.683 125.202 158.481 66.2257 15.6805 70.8681
internal_count=14044 9370 4695 1784 2911 4674 4675 2249 2343 882 1461 2331 374 2426
cat_boundaries=0 1 2 3
cat_threshold=48 9 32
is_linear=0
shrinkage=0.05


Tree=73
num_leaves=14
num_cat=3
split_feature=0 0 38 26 32 39 36 20 21 4 38 1 37
split_gain=43.7499 27.0915 24.5315 23.9113 29.4074 20.1891 17.7346 23.0124 16.7565 12.6984 7.50494 6.24307 6.23558
threshold=0 1 6.4553575000000007 15.450000000000001 27.489881000000004 20.150000000000002 91.500000000000014 33.45000000000001 24.850000000000005 -0.99630266176052629 5.9175595000000003 2 67.500000000000014
decision_type=1 1 2 2 2 2 2 2 2 2 2 1 2
left_child=2 6 9 4 -4 -5 8 -8 -2 -1 11 -3 -11
right_child=1 10 3 5 -6 -7 7 -9 -10 12 -12 -13 -14
leaf_value=-0.074909604490452891 -0.041470592780983771 0.02216141297873277 0.011231942343400067 -0.0046333686322309747 -0.050474664450466472 0.023074239719719072 -0.0069324608735681862 0.013102931552927381 0.0062811199171457881 0.051165519093200523 -0.049314459063642367 -0.046280842880550711 -0.015531223270150869
leaf_weight=1.3486567027866829 54.674191568046808 7.5135095380246621 42.246869448572397 94.882493246346712 34.115089936181903 210.94605251401663 509.32854491472244 198.2951967343688 27.06576331704855 53.134530765935779 51.314866559579968 4.4878602083772421 3.3115352448076001
leaf_count=27 308 71 670 1495 252 3484 3112 1098 184 1024 2190 67 66
internal_value=-1.37202e-05 -0.00660456 0.012609 0.0082454 -0.0166319 0.0144909 -0.00382206 -0.00130744 -0.0257742 0.0429787 -0.0355937 -0.00502342 0.0470504
internal_weight=1292.67 852.68 439.985 382.191 76.362 305.829 789.364 707.624 81.74 57.7947 63.3162 12.0014 56.4461
internal_count=14048 7030 7018 5901 922 4979 4702 4210 492 1117 2328 138 1090
cat_boundaries=0 1 2 3
cat_threshold=13 34 1
is_linear=0
shrinkage=0.05


Tree=74
num_leaves=13
num_cat=3
split_feature=0 0 7 36 5 38 38 38 1 10 21 5
split_gain=44.8667 31.1131 28.4862 33.7823 26.302 15.7592 18.9461 7.22283 6.49955 4.52157 2.18274 9.52946
threshold=0 1 29.931250000000002 95.500000000000014 -0.6905596507703472 6.8250000000000011 10.962202500000002 5.9175595000000003 2 58.937500000000007 20.950000000000003 0.86004965528756494
decision_type=1 1 2 2 2 2 2 2 1 2 2 2
left_child=4 7 3 -3 5 -1 -7 8 -2 -4 11 -6
right_child=1 2 9 -5 10 6 -8 -9 -10 -11 -12 -13
leaf_value=0.050424190156361272 0.021190426513087435 -0.021783026499483951 -0.027847832819048707 0.00084695218379426604 -0.068591422181248765 -0.012046536137442828 0.046499357336228092 -0.050163962960825405 -0.046991118348191127 0.036354924756466948 0.048966362883819427 0.045103895692761631
leaf_weight=16.626578580588102 7.6052951477467996 207.91501054540277 2.1895959936082354 782.71103551238775 1.5067908205091942 73.961836570873857 15.942542981356381 49.009349232539535 4.9146955944597721 51.166037485003471 66.005875053815544 6.285163301974535
leaf_count=320 73 1323 19 5298 49 785 235 2197 72 398 3159 175
internal_value=-0.000367062 -0.00419487 -0.001971 -0.00391986 0.0220107 0.00719414 -0.00126741 -0.0359062 -0.00707014 0.0332563 0.0459596 0.0178168
internal_weight=1285.84 1105.51 1043.98 990.626 180.329 106.531 89.9044 61.5293 12.52 53.3556 73.7978 7.79195
internal_count=14103 9380 7038 6621 4723 1340 1020 2342 145 417 3383 224
cat_boundaries=0 1 2 3
cat_threshold=9 16 1
is_linear=0
shrinkage=0.05


Tree=75
num_leaves=15
num_cat=3
split_feature=0 0 5 43 32 34 25 39 4 5 1 5 19 34
split_gain=38.6739 28.9987 25.2679 23.3343 22.6279 39.6746 22.335 17.2358 6.24676 11.876 5.39977 3.44737 6.8277 2.787
threshold=0 1 -0.84313311835787952 18.350000000000005 29.670238000000005 24.550000000000004 8.4222220000000014 17.050000000000004 -0.82415615971448097 0.3484035575467645 2 -0.6905596507703472 27.340278000000005 21.350000000000005
decision_type=1 1 2 2 2 2 2 2 2 2 1 2 2 2
left_child=2 8 3 6 5 -3 -1 -5 9 -2 -6 12 -4 -13
right_child=1 4 11 7 10 -7 -8 -9 -10 -11 -12 13 -14 -15
leaf_value=0.01908349179714193 -0.047003775780253963 0.00095201272759517965 -0.0081340626223340637 -0.030233111184316971 0.012528180561074959 -0.025289417841300278 -0.04999479146702198 0.052119605000506442 -0.050361721532039355 0.038625291482512654 0.044432003555783667 0.023181099015916362 0.042904766461409671 0.050189007924222234
leaf_weight=19.213994257152081 8.7153194174170476 819.75318323820829 10.719844006001951 7.6527700051665297 26.833319798111916 173.72521453350782 27.337131522595882 25.222638549283147 44.217822812497616 5.9960659928619853 27.514679286628962 14.726486101746557 14.814154557883738 54.951770131476223
leaf_count=208 300 5620 151 75 216 998 186 470 1964 78 217 498 241 2837
internal_value=-0.000510992 -0.00401281 0.0206317 0.000922059 -0.00190935 -0.00365753 -0.021681 0.0326229 -0.035231 -0.011866 0.029191 0.0390376 0.0219783 0.0448896
internal_weight=1281.39 1106.76 174.639 79.4265 1047.83 993.478 46.5511 32.8754 58.9292 14.7114 54.348 95.2123 25.534 69.6783
internal_count=14059 9393 4666 939 7051 6618 394 545 2342 378 433 3727 392 3335
cat_boundaries=0 1 2 3
cat_threshold=9 16 1
is_linear=0
shrinkage=0.05


Tree=76
num_leaves=14
num_cat=2
split_feature=0 0 38 26 44 26 34 5 4 39 22 4 5
split_gain=47.7733 24.0686 21.2449 24.1847 22.4381 16.8992 22.4644 19.1651 12.0387 11.3331 6.00131 4.39227 9.36213
threshold=0 1 6.4553575000000007 20.650000000000002 46.250000000000007 14.65 20.350000000000005 0.68274389090025245 -0.99630266176052629 23.650000000000002 89.611111000000008 -0.82415615971448097 0.3484035575467645
decision_type=1 1 2 2 2 2 2 2 2 2 2 2 2
left_child=2 5 8 4 -4 7 -7 -2 -1 -5 -10 12 -3
right_child=1 11 3 9 -6 6 -8 -9 10 -11 -12 -13 -14
leaf_value=-0.069846104929005851 -0.036768007657095786 -0.046891158539514019 0.0038937597214681397 0.04367198308853304 -0.056281745658553345 -0.051119523382104973 -6.517127607507719e-05 0.0072158687514887326 0.049795814809058786 0.013597789336738894 -0.042470575624829504 -0.05025336031638257 0.031105598040702339
leaf_weight=1.44046633504331 75.830796010792255 8.6927249263972026 227.83298625051975 54.526924914680421 15.616152342408894 21.278448633849621 655.52822549641132 36.122219264507294 50.685470986180007 75.05898947454989 1.0997580960392941 42.459373902529478 5.4975513573735943
leaf_count=29 472 312 3572 1088 152 140 3871 231 1058 1102 23 1979 72
internal_value=-0.000350401 -0.00721042 0.0131023 0.00913027 -0.000180673 -0.00467478 -0.00174334 -0.0226381 0.0426751 0.0264899 0.0470689 -0.0360146 -0.0166154
internal_weight=1271.67 845.409 426.261 373.035 243.449 788.76 676.807 111.953 53.2257 129.586 51.7852 56.6497 14.1903
internal_count=14101 7077 7024 5914 3724 4714 4011 703 1110 2190 1081 2363 384
cat_boundaries=0 1 2
cat_threshold=13 34
is_linear=0
shrinkage=0.05


Tree=77
num_leaves=14
num_cat=2
split_feature=0 0 36 34 43 5 43 4 44 4 5 34 4
split_gain=40.6015 24.449 25.1996 41.887 34.8781 22.846 17.0844 17.2765 8.39184 6.15844 10.5462 2.07138 8.14627
threshold=0 1 95.500000000000014 21.050000000000004 4.7500000000000009 -0.6905596507703472 18.050000000000004 0.039769539193789956 38.70000000000001 -0.82415615971448097 0.3484035575467645 21.350000000000005 0.61915405168109316
decision_type=1 1 2 2 2 2 2 2 2 2 2 2 2
left_child=5 9 3 -3 -4 6 7 -1 -8 10 -2 12 -7
right_child=1 2 4 -5 -6 11 8 -9 -10 -11 -12 -13 -14
leaf_value=0.022360478990045562 -0.046385798360682129 -0.061996500093611795 0.024745148768548157 -0.0071247187558644148 -0.0029374823626625388 0.043736175962096425 0.009170684895856835 -0.033321497291258793 0.051506698614443673 -0.050127645740562048 0.034867050506554406 0.050063709930713518 -0.041206425975556266
leaf_weight=22.464224994182587 8.0482260975986701 40.873691584914923 136.57435638457537 207.40739976614714 657.10750596225262 11.381651759147642 25.077350240200758 33.517685111612082 21.863543825224042 40.089558192528784 6.2045408543199292 51.849009478464723 2.7976469136774531
leaf_count=276 306 249 888 1404 4483 381 334 283 435 1955 76 2858 117
internal_value=-0.000802254 -0.00436915 -0.00247848 -0.0163705 0.0018512 0.0212398 0.00761395 -0.0109773 0.0295525 -0.0341009 -0.0110477 0.0452176 0.025366
internal_weight=1265.26 1096.31 1041.96 248.281 793.682 168.951 102.923 55.9819 46.9409 54.3423 14.2528 66.0283 14.1793
internal_count=14045 9361 7024 1653 5371 4684 1328 559 769 2337 382 3356 498
cat_boundaries=0 1 2
cat_threshold=9 16
is_linear=0
shrinkage=0.05


Tree=78
num_leaves=14
num_cat=2
split_feature=0 0 38 26 20 5 43 36 39 4 5 34 31
split_gain=35.9979 22.8803 21.5598 35.3783 22.2618 20.9378 14.0988 16.1485 15.6751 7.42398 12.3049 2.77525 11.121
threshold=0 1 6.4553575000000007 14.950000000000001 31.750000000000004 -0.6905596507703472 18.050000000000004 96.500000000000014 18.050000000000004 -0.82415615971448097 0.3484035575467645 21.350000000000005 41.600000000000001
decision_type=1 1 2 2 2 2 2 2 2 2 2 2 2
left_child=5 9 4 -4 -3 6 7 -1 -8 10 -2 12 -7
right_child=1 2 3 -5 -6 11 8 -9 -10 -11 -12 -13 -14
leaf_value=0.046544299003210048 -0.046096309208843299 -0.007248261651680416 -0.030216551416525485 -0.00082824158708517644 0.030736669228030474 0.034887116818781531 -0.0072728620924166669 -0.021555280704397231 0.05167345221214778 -0.050024584209206781 0.042564624060145828 0.049980924190947705 -0.10463137757210689
leaf_weight=9.7126103527843934 7.7688775081187469 64.771158337593079 117.39992148801684 758.57807870581746 93.213114399462938 13.87953867204487 18.487396100535989 45.958423253148794 27.061404956504703 38.33649152237922 6.0860317721962929 49.527801921591163 0.61027846485376436
leaf_count=113 310 465 774 5104 643 497 188 453 584 1955 73 2855 20
internal_value=-0.000149567 -0.00351644 -0.00171076 -0.00479687 0.0152158 0.0208285 0.00777451 -0.00906267 0.028106 -0.0327638 -0.00690671 0.0442349 0.0226354
internal_weight=1251.39 1086.15 1033.96 875.978 157.984 165.237 101.22 55.671 45.5488 52.1914 13.8549 64.0176 14.4898
internal_count=14034 9324 6986 5878 1108 4710 1338 566 772 2338 383 3372 517
cat_boundaries=0 1 2
cat_threshold=9 16
is_linear=0
shrinkage=0.05


Tree=79
num_leaves=15
num_cat=4
split_feature=0 1 4 8 39 13 32 40 0 5 43 5 38 1
split_gain=34.1327 30.3864 23.8567 25.9639 22.8631 17.3998 22.4262 10.2019 9.44798 11.3054 21.6998 20.6057 7.3725 6.68314
threshold=0 1 0.056951373111866661 33.250000000000007 18.350000000000005 6.3583335000000014 29.670238000000005 130.55000000000004 2 -0.93543596745397617 19.050000000000004 -0.71502926860092908 5.9175595000000003 3
decision_type=1 1 2 2 2 2 2 2 1 2 2 2 2 1
left_child=8 2 4 -4 -2 7 -7 -3 9 10 -1 -11 13 -10
right_child=1 5 3 -5 -6 6 -8 -9 12 11 -12 -13 -14 -15
leaf_value=-0.024814236475396646 0.0059966646002439783 0.017210306282770857 -0.0093914003349604876 0.02329096559056467 0.041188598891215039 -0.011218633936121937 0.049725828956216994 -0.065161818849109307 0.027089266252251228 -0.050046226281531415 0.046757831477074283 -0.0074690788737947272 -0.048436335281004383 -0.045942954384625805
leaf_weight=18.382871553301811 75.503468052484095 101.95350828208029 144.49554369878024 103.40523154474795 119.3116490514949 356.22729571256787 14.782773526385425 2.9335849545896044 6.8693555481731874 32.08336378261447 22.549487635493279 205.52213460206985 39.125802648253739 4.2062595542520285
leaf_count=152 819 1028 1254 1283 1338 3325 279 25 69 341 152 1687 2197 72
internal_value=0.000179948 0.00513362 0.0146029 0.00427999 0.0276497 -0.00357991 -0.00866318 0.0143128 -0.0133857 -0.00890411 0.0147893 -0.0134038 -0.0321817 -0.00215441
internal_weight=1247.35 918.613 442.716 247.901 194.815 475.897 371.01 104.887 328.739 278.538 40.9324 237.605 50.2014 11.0756
internal_count=14021 9351 4694 2537 2157 4657 3604 1053 4670 2332 304 2028 2338 141
cat_boundaries=0 1 2 3 4
cat_threshold=48 1 32 1
is_linear=0
shrinkage=0.05


Tree=80
num_leaves=14
num_cat=1
split_feature=0 43 26 44 38 31 40 31 43 43 5 43 22
split_gain=29.3572 24.9747 51.4887 42.3157 46.9044 32.893 26.4957 14.3385 11.5978 36.4032 28.1281 18.0732 12.597
threshold=0 17.750000000000004 17.650000000000002 41.600000000000001 11.015178500000001 36.550000000000004 3.3500000000000001 49.150000000000006 32.550000000000004 28.350000000000005 -0.91595872546125101 21.950000000000003 79.625000000000014
decision_type=1 2 2 2 2 2 2 2 2 2 2 2 2
left_child=8 3 5 6 -5 -3 -2 -4 9 11 -11 -1 -10
right_child=1 2 7 4 -6 -7 -8 -9 12 10 -12 -13 -14
leaf_value=-0.01048860205884216 0.022583811934931669 0.0051361763318077515 0.038944921869520671 -0.049731407908025625 0.0063563779666383482 -0.056683223631643499 -0.0033651338123112371 -0.025139332515940239 0.054285097147609755 0.11066473766671753 0.00085596267770144015 -0.048772645844498558 -0.055089187011833997
leaf_weight=243.79696895368397 153.70855485275388 158.03676681779325 153.63281488139182 82.640675147995353 66.874707523733377 23.888116685673594 269.56551090907305 8.5924148801714164 2.1412200145423439 9.4241176303476113 13.273596012964843 34.480086616240442 24.141606352292001
leaf_count=3467 1748 1550 1765 616 699 181 2758 73 30 102 186 568 358
internal_value=-0.00024441 0.00435633 0.0150286 -0.001995 -0.0247691 -0.00324668 0.00608904 0.0354174 -0.0128504 -0.0103725 0.0491946 -0.0153899 -0.0445155
internal_weight=1244.2 916.94 344.15 572.789 149.515 181.925 423.274 162.225 327.258 300.975 22.6977 278.277 26.2828
internal_count=14101 9390 3569 5821 1315 1731 4506 1838 4711 4323 288 4035 388
cat_boundaries=0 1
cat_threshold=48
is_linear=0
shrinkage=0.05


Tree=81
num_leaves=15
num_cat=1
split_feature=0 40 34 36 39 32 34 23 36 25 5 4 40 33
split_gain=30.2623 18.4549 36.3049 20.5375 20.7006 15.3284 14.5621 22.7936 19.6398 28.0127 15.5899 15.1058 14.9214 13.0046
threshold=0 0.35000000000000003 21.050000000000004 92.500000000000014 19.550000000000004 29.217262000000002 24.450000000000003 95.500000000000014 89.500000000000014 7.6888890000000005 -0.98801846520836334 0.99818282439137029 55.550000000000004 35.100000000000009
decision_type=1 2 2 2 2 2 2 2 2 2 2 2 2 2
left_child=6 2 -2 5 -5 -3 8 11 9 -1 -10 -8 -9 -4
right_child=1 3 13 4 -6 -7 7 12 10 -11 -12 -13 -14 -15
leaf_value=-0.13091476385844011 -0.039086469100563168 -0.047992819630473527 0.068866392988144315 -0.013748459956320933 0.0037154720464848828 -0.0029557385527467272 0.037564008798310573 -0.030516556075192294 -0.014718075776453267 0.0089130352025937852 0.026635661427111199 -0.052387428332451073 0.0069706332382148892 0.010500408515461241
leaf_weight=4.1500161048024884 16.385253114625812 49.032294267788529 25.022653512656689 310.81835376285017 371.5395703278482 30.577479720115662 42.212290890514851 57.018841490149498 24.775707636028528 11.389958727173505 219.94548488222063 4.3540111891925326 48.365929180756211 15.722996574826537
leaf_count=59 160 401 194 2643 3162 290 700 417 297 259 4794 78 402 127
internal_value=0.000607776 -0.00495029 0.0221596 -0.0070742 -0.00424794 -0.0309457 0.0114793 -0.000547099 0.0189155 -0.034086 0.0224061 0.0282289 -0.0134082 0.0471351
internal_weight=1231.31 819.099 57.1309 761.968 682.358 79.6098 412.212 151.951 260.261 15.54 244.721 46.5663 105.385 40.7457
internal_count=13983 6977 481 6496 5805 691 7006 1597 5409 318 5091 778 819 321
cat_boundaries=0 1
cat_threshold=13
is_linear=0
shrinkage=0.05


Tree=82
num_leaves=15
num_cat=3
split_feature=0 5 0 44 36 30 38 39 4 5 1 24 34 34
split_gain=29.8556 22.04 21.1984 20.6808 20.0877 15.6864 19.6906 9.73956 6.46316 9.74178 6.05384 4.59513 5.09967 3.3419
threshold=0 -0.84313311835787952 1 52.000000000000007 91.500000000000014 13.65 8.8104165000000005 18.050000000000004 -0.82415615971448097 0.3484035575467645 2 68.500000000000014 24.550000000000004 21.350000000000005
decision_type=1 2 1 2 2 2 2 2 2 2 1 2 2 2
left_child=1 5 8 4 -4 6 -1 -7 9 -2 -5 13 -13 -3
right_child=2 11 3 10 -6 7 -8 -9 -10 -11 -12 12 -14 -15
leaf_value=0.014503184848884944 -0.04540714918546998 0.018843867553219325 -0.020675794184639915 -0.084823825820702706 0.0022973737605036003 -0.026673826972854055 -0.049585387711157988 0.042266236614205768 -0.049764685519884971 0.035246752460729093 -0.021925203131659594 0.043746868319291199 -0.012884765838937115 0.049293446167485017
leaf_weight=24.076926428824663 6.9629514440894109 12.737524051219223 105.38213956356049 7.8159587979316711 900.5612965747714 5.6673116050660637 22.199994873255491 24.706133496016264 34.406076702289283 6.0984043516218662 8.4339294657111186 5.9984637275338164 8.4302362203598005 56.001411969773471
leaf_count=255 303 475 753 49 6150 66 152 483 1954 74 50 341 47 2861
internal_value=0.000340505 0.0197596 -0.00273565 -0.00104816 -0.000127427 0.0015708 -0.0166399 0.0289627 -0.0320409 -0.00792094 -0.055342 0.0386528 0.0119682 0.0440022
internal_weight=1229.48 159.818 1069.66 1022.19 1005.94 76.6504 46.2769 30.3734 47.4674 13.0614 16.2499 83.1676 14.4287 68.7389
internal_count=14013 4680 9333 7002 6903 956 407 549 2331 377 99 3724 388 3336
cat_boundaries=0 1 2 3
cat_threshold=9 16 2
is_linear=0
shrinkage=0.05


Tree=83
num_leaves=13
num_cat=2
split_feature=0 0 44 39 4 5 38 38 4 5 34 4
split_gain=27.4749 20.2382 19.347 23.5543 23.4015 19.0071 13.439 15.3408 6.23342 8.73855 3.04623 10.3641
threshold=0 1 48.800000000000004 28.000000000000004 -0.074117382312902935 -0.6905596507703472 6.8250000000000011 10.962202500000002 -0.82415615971448097 0.36447543099728857 21.350000000000005 0.61915405168109316
decision_type=1 1 2 2 2 2 2 2 2 2 2 2
left_child=5 8 4 -4 -3 6 -1 -8 9 -2 11 -7
right_child=1 2 3 -5 -6 10 7 -9 -10 -11 -12 -13
leaf_value=0.049707077667007847 -0.045072229167284823 0.010246913975310287 -0.063946933067643416 0.002970492043060251 -0.0056241563084816169 0.042893572257710573 -0.0099006990834344041 0.047454400367762578 -0.049648438389674046 0.031440225087540088 0.049721880176814601 -0.052465283175600189
leaf_weight=14.603232584893702 6.6520575545728189 379.55079017207026 25.361395470798016 26.070347633212805 595.03207070752978 10.472283132374285 72.138537209481001 12.869619872421024 33.058845932595432 6.3250398021191359 43.247706296853721 2.8653497323393813
leaf_count=327 301 2773 150 180 3930 395 805 225 1975 72 2845 117
internal_value=0.00027287 -0.002644 -0.00102026 -0.0306173 0.000560991 0.0191332 0.00705331 -0.000766766 -0.0316566 -0.00819873 0.0432292 0.020177
internal_weight=1228.25 1072.05 1026.01 51.4317 974.583 156.197 99.6114 85.0082 46.0359 12.9771 56.5853 13.3376
internal_count=14095 9381 7033 330 6703 4714 1357 1030 2348 373 3357 512
cat_boundaries=0 1 2
cat_threshold=9 16
is_linear=0
shrinkage=0.05


Tree=84
num_leaves=15
num_cat=0
split_feature=38 39 39 40 44 44 20 37 13 26 37 44 26 10
split_gain=19.4751 32.5475 41.7015 38.5553 37.3335 24.1371 23.2143 19.8751 16.1246 13.9079 9.25755 5.15221 7.31992 4.70801
threshold=6.4553575000000007 20.150000000000002 23.550000000000004 0.35000000000000003 39.800000000000004 38.000000000000007 31.750000000000004 32.500000000000007 8.2229170000000007 19.750000000000004 38.500000000000007 34.400000000000013 16.250000000000004 85.562500000000014
decision_type=2 2 2 2 2 2 2 2 2 2 2 2 2 2
left_child=6 3 7 9 -4 -5 11 -3 10 -2 -8 12 -1 -13
right_child=1 2 4 5 -6 -7 8 -9 -10 -11 -12 13 -14 -15
leaf_value=-0.0077744829883906272 0.057319700761692682 -0.010672287750093311 -0.080322389282895021 -0.012122795062193029 -0.0051998813816859345 -0.046691361120379651 -0.043341301381118885 0.021086377466714806 -0.060884043435955493 -0.052504646855347809 0.035544846301503903 0.01637944257278455 0.036211569654226984 -0.036490801953918642
leaf_weight=40.323767693713307 22.836021994240586 58.373020566999912 16.684281465597451 315.52289218362421 258.58312966767699 59.45301270019263 3.0395212080329648 297.10775422211736 3.8810255341231814 2.4897043704986563 105.65249661076814 4.7319797687232521 11.270492494106291 18.595284854061902
leaf_count=479 261 708 173 3559 2921 607 35 3582 54 21 1222 65 139 241
internal_value=0.000185305 -0.00251403 0.00456214 -0.0136474 -0.0100274 -0.0177133 0.0149638 0.015856 0.0292208 0.0449389 0.0329638 -0.0065607 0.00233985 -0.0255335
internal_weight=1218.54 1031.05 630.748 400.302 275.267 374.976 187.495 355.481 112.573 25.3257 108.692 74.9215 51.5943 23.3273
internal_count=14067 11832 7384 4448 3094 4166 2235 4290 1311 282 1257 924 618 306
is_linear=0
shrinkage=0.05


Tree=85
num_leaves=15
num_cat=2
split_feature=0 5 34 40 4 36 44 26 1 4 22 34 4 5
split_gain=25.8736 19.7634 17.9749 42.7462 31.1146 26.2704 9.92339 9.22501 11.7323 11.2593 8.53656 3.098 9.39157 2.89371
threshold=0 -0.6905596507703472 20.350000000000005 0.35000000000000003 0.21022171450811272 94.500000000000014 41.95000000000001 16.250000000000004 1 0.10837544681456417 75.944444500000017 21.350000000000005 0.61915405168109316 0.80798785254895478
decision_type=1 2 2 2 2 2 2 2 1 2 2 2 2 2
left_child=1 7 4 6 10 -5 -4 8 -1 -9 -2 12 -3 -6
right_child=2 11 3 5 13 -7 -8 9 -10 -11 -12 -13 -14 -15
leaf_value=0.013984815568237004 0.037568073425421122 0.042484477364546115 0.051648642229491573 -0.022396084662603379 -0.030054529684713373 -0.00061132017607039508 -0.0021623226481916218 0.039195608940575992 -0.04445367691789294 -0.002458794135844431 -0.017590399029386188 0.049650215307423223 -0.04702066180928495 -0.07905296202283893
leaf_weight=16.208583412691951 11.24349439237267 10.012207016348837 42.793915251269937 166.76056064106524 5.5204656403511789 790.76587449014187 10.553974024951456 28.560263076797128 16.434591431170702 35.711481157690287 15.489756309427319 41.478625405579805 3.0772241689264765 20.108412619680166
leaf_count=157 94 389 360 1522 52 6942 99 581 155 415 121 2850 120 146
internal_value=-0.000641462 0.0179662 -0.00344341 -0.00198077 -0.0317594 -0.00442471 0.0411591 0.00545365 -0.0158835 0.016368 0.00612633 0.0429241 0.0195987 -0.0700237
internal_weight=1214.72 151.483 1063.24 1010.87 52.3621 957.526 53.3479 96.9149 32.6432 64.2717 26.7333 54.5681 13.0894 25.6289
internal_count=14003 4667 9336 8923 413 8464 459 1308 312 996 215 3359 509 198
cat_boundaries=0 1 2
cat_threshold=9 1
is_linear=0
shrinkage=0.05


Tree=86
num_leaves=14
num_cat=3
split_feature=0 1 43 39 43 34 6 0 34 5 20 4 5
split_gain=25.7702 22.7541 22.1781 36.023 30.5434 17.6712 16.113 10.3536 11.0568 12.4562 7.11389 5.44273 7.60675
threshold=0 1 17.750000000000004 18.750000000000004 17.600000000000005 25.250000000000004 2.5000000000000004 2 20.950000000000003 0.79773375822167203 33.250000000000007 -0.83377653105606597 0.3484035575467645
decision_type=1 1 2 2 2 2 2 1 2 2 2 2 2
left_child=7 2 4 -4 -2 6 -3 8 -1 -10 -7 12 -9
right_child=1 5 3 -5 -6 10 -8 11 9 -11 -12 -13 -14
leaf_value=-0.050856296266447165 0.0076933995833489005 -0.022346923526130373 0.00081853946020085493 0.048875473949368586 -0.079118309130607314 -0.036871257373303837 0.00010761251328475561 -0.044799619147847282 -0.0096373628596612779 0.020549653668542778 0.04685057867867929 -0.049627015960738097 0.027963458787383356
leaf_weight=12.941803548485039 262.67484725639224 103.25301759876311 69.212235382758081 88.419517025351524 9.5397719163447601 2.1134344357997206 341.87566116452217 6.377905270084737 227.56719145178795 39.220602497458458 21.685753130353987 32.092370135709643 6.065021438524127
leaf_count=173 2831 955 684 1105 69 23 3351 302 1917 299 339 1992 72
internal_value=0.000340866 0.00470201 0.01305 0.027913 0.00437263 -0.0028617 -0.00513941 -0.0115149 -0.00717262 -0.00513939 0.0382288 -0.031966 -0.00989107
internal_weight=1223.04 898.774 429.846 157.632 272.215 468.928 445.129 324.265 279.73 266.788 23.7992 44.5353 12.4429
internal_count=14112 9357 4689 1789 2900 4668 4306 4755 2389 2216 362 2366 374
cat_boundaries=0 1 2 3
cat_threshold=48 1 32
is_linear=0
shrinkage=0.05


Tree=87
num_leaves=15
num_cat=2
split_feature=0 32 34 26 37 35 32 25 43 33 1 40 12 19
split_gain=26.0621 18.1529 29.6806 28.5988 23.1717 15.3685 24.2284 19.0686 12.1471 4.69796 4.41958 2.81969 1.82694 7.03337
threshold=0 29.595238000000005 24.550000000000004 19.050000000000004 25.500000000000004 83.410714500000026 27.574405000000002 7.9569445000000014 14.250000000000002 38.100000000000009 1 1.2500000000000002 31.500000000000004 26.263194500000001
decision_type=1 2 2 2 2 2 2 2 2 2 1 2 2 2
left_child=5 2 4 -4 -2 12 8 -8 -7 11 -11 -3 13 -1
right_child=1 9 3 -5 -6 6 7 -9 -10 10 -12 -13 -14 -15
leaf_value=-0.094221086486170447 -0.064328687336848753 0.0065355676122323169 -0.043825109386970922 -0.0030227631054437491 0.00020117261664077629 -0.018438196622114406 0.017818959905536138 -0.05935451246720877 0.035423071472026647 -0.025972410559510512 0.025390475467573878 0.039655947574869531 0.043046369727602146 0.03758256564027361
leaf_weight=0.38123473897576277 13.15110616199672 8.5335128456354123 86.137126224115491 84.993763531558216 821.5031351139769 12.379553677514194 12.961355866864325 18.474479874596 51.904582584276795 7.2373738158494216 7.5200261324644089 31.984534981660545 50.511255621910095 2.7936827456578612
leaf_count=10 102 103 640 653 7378 235 154 131 1737 86 86 317 2280 176
internal_value=-0.00041341 -0.00321891 -0.00479108 -0.0236955 -0.000891346 0.018391 0.00744651 -0.0279666 0.0249272 0.0243929 0.000151234 0.0330059 0.0407746 0.00297848
internal_weight=1210.47 1061.06 1005.79 171.131 834.654 149.406 95.72 31.4358 64.2841 55.2754 14.7574 40.518 53.6862 3.17492
internal_count=14088 9365 8773 1293 7480 4723 2257 285 1972 592 172 420 2466 186
cat_boundaries=0 1 2
cat_threshold=9 1
is_linear=0
shrinkage=0.05


Tree=88
num_leaves=14
num_cat=2
split_feature=0 1 4 20 39 34 34 13 44 32 20 33 22
split_gain=24.6927 22.7334 19.5323 30.1428 22.0914 16.4954 21.6682 10.0692 9.52881 13.7799 8.83898 8.27252 0.192208
threshold=0 1 0.039769539193789956 33.350000000000001 18.350000000000005 25.250000000000004 24.550000000000004 15.981250000000001 44.100000000000001 26.229762000000004 33.250000000000007 31.150000000000002 85.993055500000011
decision_type=1 1 2 2 2 2 2 2 2 2 2 2 2
left_child=7 2 4 -4 -2 6 -3 8 9 -1 -7 -10 -9
right_child=1 5 3 -5 -6 10 -8 12 11 -11 -12 -13 -14
leaf_value=-0.051565850341551846 0.0035633381629993307 -1.8935931658163967e-05 -0.01488925459799427 0.020022407922196936 0.039158189168542329 -0.042498309045432281 -0.027250654249366252 0.024775583699812476 0.023236611935697281 -0.0066963253706737837 0.046713092468008241 -0.043075354976965824 0.08228227124848092
leaf_weight=17.392269085161388 72.97252621781081 354.75044684763998 117.87569195963442 127.87377603165805 108.06470818351954 2.3818382360041168 90.991751863621175 1.4610025845468038 4.7276281323283902 254.73418077453971 21.289219736121595 37.07425494119525 1.4926225766539571
leaf_count=370 812 3733 1002 1557 1339 24 585 25 79 3621 337 602 16
internal_value=-0.000142601 0.00411008 0.012494 0.00328427 0.024909 -0.00343548 -0.00562645 -0.0119 -0.0132343 -0.00974235 0.0363777 -0.0352081 0.0672981
internal_weight=1213.08 896.2 426.787 245.749 181.037 469.413 445.742 316.882 313.928 272.126 23.6711 41.8019 2.95363
internal_count=14102 9389 4710 2559 2151 4679 4318 4713 4672 3991 361 681 41
cat_boundaries=0 1 2
cat_threshold=48 1
is_linear=0
shrinkage=0.05


Tree=89
num_leaves=14
num_cat=3
split_feature=0 38 14 2 40 0 4 39 42 4 37 38 1
split_gain=24.8163 18.0213 22.8631 22.2515 16.3961 13.4187 15.6776 19.6867 18.1031 13.3897 6.84186 6.77763 7.19415
threshold=0 6.4553575000000007 14.950000000000001 9.5000000000000018 65.65000000000002 1 -0.9354548908432756 23.150000000000002 3.5000000000000004 -0.99630266176052629 67.500000000000014 6.2047620000000014 2
decision_type=1 2 2 2 2 1 2 2 2 2 2 2 1
left_child=1 9 3 -3 -4 6 7 -2 -8 -1 -11 12 -7
right_child=5 2 4 -5 -6 11 8 -9 -10 10 -12 -13 -14
leaf_value=-0.085598455596797005 0.030425594793014155 -0.02065043563695183 0.0074760643571261222 0.031072271686028941 0.038050860037706136 0.02414041807260469 0.0095879298431322743 -0.036861827027563895 -0.010003247475405899 0.04953204612446177 -0.023864659742473104 -0.049118029478904576 -0.047179452954179468
leaf_weight=1.1679943334311236 59.735432244837284 103.34482449572533 155.73288718424737 25.031712752766907 60.418061879463494 7.7098651416599733 149.37270066142082 12.351469568908213 547.17576080933213 41.801182520575821 2.8516115024685851 29.684665212407708 4.9663974223658442
leaf_count=28 377 1326 2795 584 1206 124 907 82 3334 1031 66 2084 128
internal_value=-0.000215442 0.00997983 0.00625957 -0.010403 0.0161581 -0.00518789 -0.00344523 0.0185499 -0.00579426 0.0393529 0.0444247 -0.0295797 -0.00520841
internal_weight=1201.34 390.348 344.527 128.377 216.151 810.996 768.635 72.0869 696.548 45.8208 44.6528 42.3609 12.6763
internal_count=14072 7036 5911 1910 4001 7036 4700 459 4241 1125 1097 2336 252
cat_boundaries=0 1 2 3
cat_threshold=13 34 1
is_linear=0
shrinkage=0.05


Tree=90
num_leaves=15
num_cat=3
split_feature=0 0 8 36 39 35 4 25 4 1 21 31 13 10
split_gain=22.1404 17.0266 16.5958 36.1821 25.0521 15.3972 21.7468 18.6302 5.16934 6.8127 2.48258 8.10698 2.3351 1.49232
threshold=0 1 33.250000000000007 91.500000000000014 23.350000000000005 83.410714500000026 -0.27694604220087021 7.7979165000000004 -0.82415615971448097 2 20.950000000000003 41.600000000000001 16.097916500000004 88.520833500000023
decision_type=1 1 2 2 2 2 2 2 2 1 2 2 2 2
left_child=5 8 3 -3 -4 10 12 -8 9 -2 11 -1 -7 -12
right_child=1 2 4 -5 -6 6 7 -9 -10 -11 13 -13 -14 -15
leaf_value=0.03537238715241095 0.022775179180995683 -0.087834349433597414 0.020304560069655544 -0.0035642376604961661 -0.010121074072308471 0.04400339233989501 0.020589827870463248 -0.033260171232869784 -0.049283805653505708 -0.04698362398189268 0.045901136245168887 -0.084001793129119054 -0.017857310792330352 -0.01901428805806276
leaf_weight=5.2259542755782595 6.7393555706366879 11.972730129957197 182.1384692452848 712.89259896799922 106.51534451171756 28.761332750320438 27.621864378452301 35.771128578111529 28.35086561832577 5.4484160644933581 44.216634456068277 0.85198207199573506 1.0934126218780864 0.39570896327495475
leaf_count=195 185 72 1232 4969 755 1458 420 350 1967 190 2235 22 12 3
internal_value=0.000104546 -0.00246633 -0.00102834 -0.00507523 0.0090811 0.0177628 0.00677493 -0.00984105 -0.0305252 -0.00960774 0.04089 0.00913501 0.0412325 0.0449211
internal_weight=1198 1054.06 1013.52 724.865 288.654 143.938 93.2477 63.393 40.5386 12.1878 50.6903 6.07794 29.8547 44.6123
internal_count=14065 9370 7028 5041 1987 4695 2240 770 2342 375 2455 217 1470 2238
cat_boundaries=0 1 2 3
cat_threshold=9 16 1
is_linear=0
shrinkage=0.05


Tree=91
num_leaves=15
num_cat=1
split_feature=43 39 44 44 39 0 44 36 21 41 44 34 44 5
split_gain=21.3811 42.1651 32.5688 32.4898 40.2501 27.8829 30.5004 26.9666 25.9108 21.5349 40.2202 22.7144 15.5217 10.9983
threshold=17.750000000000004 18.850000000000005 38.000000000000007 41.600000000000001 25.350000000000005 0 49.150000000000006 99.500000000000014 25.350000000000005 2.2500000000000004 35.100000000000001 20.350000000000005 48.050000000000004 0.3484035575467645
decision_type=2 2 2 2 2 1 2 2 2 2 2 2 2 2
left_child=3 2 7 9 8 12 -7 -2 -5 11 -11 -1 -3 -6
right_child=1 5 -4 4 13 6 -8 -9 -10 10 -12 -13 -14 -15
leaf_value=-0.020822763460031642 -0.016424553369628347 -0.015160039240653071 -0.049223300270950683 -0.04962124335009932 0.019586195343114721 0.039551458344049516 -0.033422326826050425 0.02551748650078588 0.017182304030406517 -0.023614887817021899 0.0086866390275407487 0.023661336169400214 0.055799078381292971 -0.029727993433723794
leaf_weight=35.05689883325249 89.799674320034683 62.513208695687354 39.166632695123553 104.4547078544274 49.295976692810655 162.50849014613777 14.941655911505221 65.314679115079343 16.32478407677263 177.66114821657538 208.39743196126074 142.26428329478949 7.7819884764030567 13.634821041487156
leaf_count=379 1017 938 371 993 601 1974 130 806 215 2028 2539 1800 119 168
internal_value=-0.000387435 0.00831793 -0.00909609 -0.00554232 -0.0237403 0.0219556 0.0314895 0.00128649 -0.040525 0.000423327 -0.00620088 0.0147993 -0.00581628 0.00860372
internal_weight=1189.12 442.026 194.281 747.09 183.71 247.745 177.45 155.114 120.779 563.38 386.059 177.321 70.2952 62.9308
internal_count=14078 5355 2194 8723 1977 3161 2104 1823 1208 6746 4567 2179 1057 769
cat_boundaries=0 1
cat_threshold=48
is_linear=0
shrinkage=0.05


Tree=92
num_leaves=13
num_cat=2
split_feature=0 1 34 34 43 39 43 20 34 34 5 5
split_gain=22.8877 21.9417 17.1918 20.1284 16.9898 32.4171 28.346 15.0188 9.52811 9.48274 13.246 11.8315
threshold=0 1 25.150000000000002 24.550000000000004 17.750000000000004 18.750000000000004 17.600000000000005 33.250000000000007 20.950000000000003 23.850000000000005 -0.98212955754013376 -0.91595872546125101
decision_type=1 1 2 2 2 2 2 2 2 2 2 2
left_child=8 4 3 -3 6 -6 -2 -4 -1 10 -10 -11
right_child=1 2 7 -5 5 -7 -8 -9 9 11 -12 -13
leaf_value=-0.050281649584653768 0.0084200640029967102 -0.00033113871540766445 -0.038171621998950772 -0.027636622978139985 0.0011459987889678753 0.047132305853381205 -0.073509394998945432 0.049195277763713907 0.088497688339517086 0.0042989269926296319 -0.0033987136381721482 -0.028219258152978485
leaf_weight=14.140005843713878 258.9476861115545 352.92732468992472 5.2987709604203728 82.457549314014614 71.130673425272107 82.216663097962737 10.008409328758715 24.659822659566998 3.0234431345015755 38.637652527540922 153.6443137191236 98.10651141917333
leaf_count=354 2844 3766 44 516 697 1109 72 390 37 563 2208 1545
internal_value=0.000355735 0.00443181 -0.00300589 -0.00555401 0.01272 0.025947 0.00511029 0.0330089 -0.0111665 -0.00949635 -0.00107521 -0.0190666
internal_weight=1195.2 887.647 465.343 435.385 422.303 153.347 268.956 29.9586 307.552 293.412 156.668 136.744
internal_count=14145 9438 4716 4282 4722 1806 2916 434 4707 4353 2245 2108
cat_boundaries=0 1 2
cat_threshold=48 1
is_linear=0
shrinkage=0.05


Tree=93
num_leaves=15
num_cat=1
split_feature=0 38 14 40 34 23 21 26 40 32 33 31 4 40
split_gain=20.8245 16.6241 21.3029 14.5826 29.9683 16.8468 22.3428 16.8964 13.9284 12.7618 11.536 10.9524 9.08349 7.01034
threshold=0 6.4553575000000007 14.950000000000001 0.35000000000000003 20.950000000000003 90.500000000000014 24.950000000000003 17.150000000000002 66.050000000000011 26.389583500000004 35.100000000000009 27.200000000000003 -0.99763297024448894 138.35000000000005
decision_type=1 2 2 2 2 2 2 2 2 2 2 2 2 2
left_child=1 12 9 4 11 6 -5 -7 -4 -3 -6 -2 -1 -14
right_child=3 2 8 5 10 7 -8 -9 -10 -11 -12 -13 13 -15
leaf_value=-0.067946438484863064 0.028905799565809256 0.026604238552453415 0.0079928366142134211 -0.041798922153110582 0.061112791472025987 -0.013491708571450101 0.013085059461909455 0.002985432865257829 0.037015379833989941 -0.016504108727583618 0.0055444667167539501 -0.061480347424792227 0.04599973499210213 -0.060648079908013609
leaf_weight=1.0666332729160775 3.9085014574229708 19.381238193251193 155.42426725011319 65.092673009261489 26.32841887511313 256.76608816208318 25.222281484864652 391.78400541702285 55.735638989135623 110.05138568021357 14.516044622287152 11.429412967525421 41.704931584652513 0.76804378908127446
leaf_count=23 35 417 2806 544 192 2287 256 3439 1201 1502 125 126 1075 16
internal_value=0.000157486 0.0095577 0.00602996 -0.00445469 0.0198289 -0.0063857 -0.026496 -0.00354873 0.0157917 -0.00989459 0.0419684 -0.0380881 0.0385447 0.0427205
internal_weight=1179.18 384.132 340.593 795.047 56.1824 738.865 90.315 648.55 211.16 129.433 40.8445 15.3379 43.5396 42.473
internal_count=14044 7040 5926 7004 478 6526 800 5726 4007 1919 317 161 1114 1091
cat_boundaries=0 1
cat_threshold=13
is_linear=0
shrinkage=0.05


Tree=94
num_leaves=15
num_cat=2
split_feature=0 44 5 43 39 8 38 43 39 5 44 1 27 2
split_gain=21.7364 18.8264 17.3984 16.2129 40.3419 36.4975 15.1346 15.1889 8.71431 4.74028 7.42434 2.5276 3.49268 1.77104
threshold=0 52.000000000000007 -0.92272482904738273 14.350000000000003 18.850000000000005 33.250000000000007 8.699107500000002 17.750000000000004 17.250000000000004 -0.6905596507703472 38.70000000000001 1 28.650000000000002 2.5000000000000004
decision_type=1 2 2 2 2 2 2 2 2 2 2 1 2 2
left_child=2 3 6 5 -5 -2 8 -8 -1 10 -4 12 -3 -11
right_child=1 11 9 4 -6 -7 7 -9 -10 13 -12 -13 -14 -15
leaf_value=-0.016233663852467977 -0.020968812929803259 0.002005124842288162 -0.0011764066829030395 -0.012625186016221738 0.017033755388265067 0.0047792928011289211 -0.053704301960718827 0.028399538795974247 0.045137519391929143 0.024931739458211456 0.040237639768089618 -0.075694313085361287 -0.06118250447981765 0.04927840155802015
leaf_weight=8.3981904722750205 275.64424472115934 4.2796231647953373 22.414623205550015 197.81147971563041 269.97706479020417 273.28588230069727 18.873724542558197 7.131000291556119 15.021408637985585 14.219961751252411 19.825173060409725 7.8762132739648223 3.3451791703701019 32.438119554892182
leaf_count=82 2391 34 280 1767 2578 2465 111 173 301 822 402 67 27 2511
internal_value=-0.000631275 -0.00317424 0.0172236 -0.00234277 0.00449184 -0.00816469 -0.00527103 -0.0309719 0.0233665 0.0315652 0.0187422 -0.0561869 -0.0295963 0.0425371
internal_weight=1170.54 1032.22 138.322 1016.72 467.789 548.93 49.4243 26.0047 23.4196 88.8979 42.2398 15.501 7.6248 46.6581
internal_count=14011 9329 4682 9201 4345 4856 667 284 383 4015 682 128 61 3333
cat_boundaries=0 1 2
cat_threshold=9 1
is_linear=0
shrinkage=0.05


Tree=95
num_leaves=15
num_cat=5
split_feature=0 1 43 39 43 34 29 0 1 40 21 20 38 1
split_gain=19.9761 20.7345 18.8588 28.7524 20.9637 15.9593 15.6566 8.61765 8.57945 15.0877 13.4784 5.68928 4.26738 4.12297
threshold=0 1 17.750000000000004 18.750000000000004 17.600000000000005 25.250000000000004 1.5000000000000002 2 3 1.0000000180025095e-35 22.250000000000004 33.250000000000007 5.9175595000000003 4
decision_type=1 1 2 2 2 2 2 1 1 2 2 2 2 1
left_child=7 2 4 -4 -2 6 -3 8 9 -1 -10 -7 13 -9
right_child=1 5 3 -5 -6 11 -8 12 10 -11 -12 -13 -14 -15
leaf_value=0.064606167736569062 0.0063425881598056571 0.014099099646059468 0.0019464609012711173 0.046426894486924324 -0.065404122118924296 -0.028656157251649009 -0.010528602215924481 0.015323064359550276 0.048212110424582233 -0.020480983606978018 -0.0041056204237579167 0.045156347431231737 -0.048994096713460611 -0.045261986949294182
leaf_weight=4.483425445854663 257.70466797053814 77.74116999655962 67.6623669359833 77.687576360534877 9.6010155640542489 2.2975612152367857 358.57758438587189 6.080535273998974 12.640046391636131 122.05295827239752 125.34587049856782 19.769540557172149 28.496598563622683 3.719092670828104
leaf_count=39 2838 840 679 1108 70 23 3479 69 132 1127 1047 349 2204 72
internal_value=-0.000574764 0.00329019 0.0114452 0.0258754 0.00353145 -0.00398856 -0.00611835 -0.0113994 -0.00735728 -0.0169833 0.00099929 0.0365621 -0.0314478 -0.00973182
internal_weight=1173.86 871.041 412.656 145.35 267.306 458.386 436.319 302.819 264.522 126.536 137.986 22.0671 38.2962 9.79963
internal_count=14076 9386 4695 1787 2908 4691 4319 4690 2345 1166 1179 372 2345 141
cat_boundaries=0 1 2 3 4 5
cat_threshold=48 1 32 1 1
is_linear=0
shrinkage=0.05


Tree=96
num_leaves=15
num_cat=2
split_feature=0 38 38 39 4 36 43 40 34 36 4 1 33 4
split_gain=18.4278 15.6138 15.7356 29.909 12.3457 17.2476 14.0823 14.0597 27.8009 14.612 11.1589 7.642 6.37164 4.58371
threshold=0 6.4553575000000007 11.149702000000001 23.650000000000002 -0.94139628442229051 98.500000000000014 20.600000000000005 0.45000000000000007 20.550000000000004 96.500000000000014 -0.99630266176052629 1 31.050000000000004 -0.98523971305672664
decision_type=1 2 2 2 2 2 2 2 2 2 2 1 2 2
left_child=1 10 3 -3 5 13 -7 8 -6 -9 -1 -4 -12 -2
right_child=4 2 11 -5 7 6 -8 9 -10 -11 12 -13 -14 -15
leaf_value=-0.071342344271692101 0.020963742697822044 0.0079489742948465128 0.050714000410832641 -0.033637520765745818 -0.039891909795342795 0.054647030656505613 0.0051217282079104968 -0.020921338350494156 0.035196163363648135 -0.004399040888113606 -0.015003550448199258 0.011662078437346547 0.048471876655993271 -0.050935978916630292
leaf_weight=1.3998064510524262 2.1866047643125048 233.47258125850931 23.336810256820172 52.009872040245682 15.793049128726123 24.051984074525535 34.15551162417978 186.61938045173883 45.962651473470032 469.3620315361768 3.9560907650738946 27.446003177203238 36.94601131323725 9.9344426169991475
leaf_count=29 22 4152 526 708 169 215 317 1678 378 4155 88 527 1010 95
internal_value=-0.000609842 0.00831795 0.00488237 0.000281678 -0.00494637 0.0148457 0.0261635 -0.0069725 0.0156639 -0.00912414 0.0368055 0.0302409 0.0421209 -0.0373563
internal_weight=1166.63 378.567 336.265 285.482 788.066 70.3285 58.2075 717.737 61.7557 655.981 42.3019 50.7828 40.9021 12.121
internal_count=14069 7040 5913 4860 7029 649 532 6380 547 5833 1127 1053 1098 117
cat_boundaries=0 1 2
cat_threshold=13 1
is_linear=0
shrinkage=0.05


Tree=97
num_leaves=12
num_cat=1
split_feature=0 6 5 6 27 44 14 6 34 13 44
split_gain=19.4785 20.7157 31.7672 26.2031 36.9048 22.6452 14.693 13.6332 8.12863 7.73902 9.57241
threshold=0 2.5000000000000004 -0.97874870457683605 27.000000000000004 16.250000000000004 47.70000000000001 12.950000000000001 1.0000000180025095e-35 20.950000000000003 15.981250000000001 44.100000000000001
decision_type=1 2 2 2 2 2 2 2 2 2 2
left_child=8 2 6 5 -5 -3 -2 -4 -1 10 -10
right_child=1 3 7 4 -6 -7 -8 -9 9 -11 -12
leaf_value=-0.049673019383561182 -0.0056329189522426239 0.015464748839496162 0.0077904502886909036 -0.079949640069460579 -0.0020452699129200782 -0.02298509445813407 -0.093161975282486126 -0.019334837857364652 -0.007175015622389827 0.062402875764492029 -0.033551841255009159
leaf_weight=12.604275127407162 7.090598180890086 485.70344510022551 108.43099836539477 16.611261498183012 111.54200176196173 40.687356545589864 14.730933174490927 79.378854850772768 247.49423201242462 2.6671572895720592 39.151428590063006
leaf_count=342 37 5618 1243 123 1161 352 66 767 3659 36 672
internal_value=-0.000736323 0.00310529 -0.0105051 0.00752103 -0.0126841 0.0124548 -0.0662137 -0.00371588 -0.0114312 -0.00999358 -0.0108818
internal_weight=1166.09 864.175 209.631 654.544 128.153 526.391 21.8215 187.81 301.917 289.313 286.646
internal_count=14076 9367 2113 7254 1284 5970 103 2010 4709 4367 4331
cat_boundaries=0 1
cat_threshold=48
is_linear=0
shrinkage=0.05


Tree=98
num_leaves=15
num_cat=4
split_feature=0 40 35 0 5 25 34 30 36 34 31 33 1 1
split_gain=17.512 15.9996 15.9132 14.9038 14.5191 12.6367 8.24473 8.41648 4.15225 3.70777 7.10539 3.43804 3.3431 0.118694
threshold=0 130.55000000000004 58.401786000000008 1 -0.6905596507703472 7.8576385000000011 24.950000000000003 13.65 98.500000000000014 21.350000000000005 41.600000000000001 36.20000000000001 2 3
decision_type=1 2 2 1 2 2 2 2 2 2 2 2 1 1
left_child=4 2 11 -4 6 12 7 -1 -8 10 -6 -2 -3 -7
right_child=1 5 3 -5 9 13 8 -9 -10 -11 -12 -13 -14 -15
leaf_value=-0.016437728824875559 -0.075657398093326653 -0.092093843736815964 -0.028019495795274341 0.0010083077031433246 0.028869225828296291 0.0049784442180583277 0.050579163828166518 0.017815635086683334 0.0046586179034420975 0.049224328482375936 -0.074099877994276128 -0.0086925684856105894 -0.035195396299308415 0.021388868374533708
leaf_weight=41.134607885032892 7.5571125429123622 7.444815254304558 35.33355270838365 959.09873979911208 10.166996163316067 2.5808084243908516 12.364382568746805 30.23148728441447 8.142178688198328 33.137603994458914 0.99597796797752458 2.8359597343951464 6.5434909728355724 3.0674604661762714
leaf_count=440 63 65 2290 6837 486 35 206 609 92 2864 24 27 64 32
internal_value=0.000428721 -0.00187281 -0.000995041 -0.000321554 0.0165604 -0.045472 0.00627053 -0.00188194 0.0334107 0.0409461 0.0143452 -0.0597515 -0.0696017 0.0157673
internal_weight=1160.64 1024.46 1004.83 994.432 136.173 19.6366 91.8727 71.3661 20.5066 44.3006 11.163 10.3931 13.9883 5.64827
internal_count=14134 9413 9217 9127 4721 196 1347 1049 298 3374 510 90 129 67
cat_boundaries=0 1 2 3 4
cat_threshold=9 16 2 1
is_linear=0
shrinkage=0.05


Tree=99
num_leaves=15
num_cat=2
split_feature=0 32 34 39 37 5 38 39 33 1 27 5 7 34
split_gain=18.1755 17.1024 25.0351 21.7874 21.6159 13.2451 9.15446 11.358 8.23667 4.09251 2.76543 2.18293 4.29819 3.73836
threshold=0 29.595238000000005 24.550000000000004 19.050000000000004 25.500000000000004 -0.85225707553516283 6.8250000000000011 26.050000000000004 38.100000000000009 1 0.95000000000000007 -0.6905596507703472 27.266666500000003 21.350000000000005
decision_type=1 2 2 2 2 2 2 2 2 1 2 2 2 2
left_child=5 2 4 -4 -2 6 -1 -8 10 -10 -3 12 -7 -13
right_child=1 8 3 -5 -6 11 7 -9 9 -11 -12 13 -14 -15
leaf_value=0.047170109905716837 -0.064279888119100584 0.017568484902543268 -0.045596277618734499 -0.0078016441314419623 0.0010257394309196128 -0.0056865861623642848 -0.013851232499977363 0.048380280584536695 -0.032185687292685283 0.019019268708377945 0.046718224451746386 0.013799478310172031 0.036889061752532946 0.049130023125777196
leaf_weight=8.7510073063895089 11.877841618377714 14.512160658836363 58.49267248949036 107.68517799023539 788.00516978930682 9.4730847543105501 50.761972280219197 7.550897645764052 7.0561285251751524 6.6486883126199245 24.73525738529861 10.982528124004601 13.84870454482734 31.81428830884397
leaf_count=240 100 170 459 868 7314 154 552 140 88 82 257 505 263 2885
internal_value=0.000177223 -0.0021534 -0.00370095 -0.0212981 -2.30652e-05 0.0168009 0.00230201 -0.00511309 0.0252262 -0.00774029 0.0366441 0.0337569 0.0200725 0.0405856
internal_weight=1152.2 1019.01 966.061 166.178 799.883 133.182 67.0639 58.3129 52.9522 13.7048 39.2474 66.1186 23.3218 42.7968
internal_count=14077 9338 8741 1327 7414 4739 932 692 597 170 427 3807 417 3390
cat_boundaries=0 1 2
cat_threshold=9 1
is_linear=0
shrinkage=0.05


Tree=100
num_leaves=15
num_cat=0
split_feature=8 43 44 39 44 39 39 4 39 39 4 44 21 34
split_gain=17.3822 36.2574 43.3681 34.7142 28.9232 26.3189 18.4275 17.6845 17.473 33.2434 46.1791 10.8698 10.6773 9.18
threshold=33.250000000000007 14.350000000000003 29.700000000000003 18.750000000000004 38.000000000000007 24.650000000000002 14.300000000000002 -0.074117382312902935 22.950000000000003 24.550000000000004 0.93845596220871974 48.800000000000004 24.650000000000002 20.350000000000005
decision_type=2 2 2 2 2 2 2 2 2 2 2 2 2 2
left_child=1 2 6 4 -3 -5 -1 -4 11 10 -10 13 -11 -2
right_child=8 3 7 5 -6 -7 -8 -9 9 12 -12 -13 -14 -15
leaf_value=-0.018040887788061736 -0.063650105668623044 -0.00098400154052450187 -0.0065153692027620129 0.02313102564216532 -0.045561808914974883 -0.010959950816360016 0.03893578320860977 -0.034504362869588912 0.019696385479828674 0.0022245740913021742 -0.07481029618585229 -0.073540862572777241 0.042649369503047034 0.022701850737008724
leaf_weight=20.331128601916134 2.192465027794241 161.05482452828437 83.803727198857814 242.62754836911336 46.025167096406221 73.091737065464258 42.555820868350565 175.33245824230835 22.038507151417434 40.691425289958715 29.135794753674418 2.1117970440536729 26.421322244219482 185.17007717257366
leaf_count=255 21 1960 1060 3227 467 802 525 1825 296 552 362 22 381 2367
internal_value=0.000391385 -0.00331561 -0.0164871 0.00481348 -0.0110631 0.015229 0.0205214 -0.0255127 0.0105451 -0.00451386 -0.034513 0.0199206 0.0185317 0.0213588
internal_weight=1152.58 844.822 322.023 522.799 207.08 315.719 62.8869 259.136 307.761 118.287 51.1743 189.474 67.1127 187.363
internal_count=14122 10121 3665 6456 2427 4029 780 2885 4001 1591 658 2410 933 2388
is_linear=0
shrinkage=0.05


Tree=101
num_leaves=14
num_cat=2
split_feature=0 44 7 4 5 22 0 5 38 26 31 21 36
split_gain=19.0658 15.0592 15.5192 19.2476 14.2078 14.0712 14.9876 11.7931 8.34377 8.91066 1.61571 4.14073 0.456802
threshold=0 46.600000000000001 26.756250000000005 0.93237596376505805 -0.6905596507703472 55.000000000000007 1 -0.94703994556331683 6.8250000000000011 16.350000000000005 41.600000000000001 22.250000000000004 91.500000000000014
decision_type=1 2 2 2 2 2 1 2 2 2 2 2 2
left_child=4 5 7 -4 8 -2 -7 -3 -1 -10 12 -12 -6
right_child=1 2 3 -5 10 6 -8 -9 9 -11 11 -13 -14
leaf_value=0.047708683913766883 -0.076962316876811709 0.051985493297215614 -0.047958197448001068 0.014450398436075228 0.022635141818447047 0.0050582475046514492 -0.0086629669421584201 -0.013961973983895305 -0.021750974781929652 0.013998223150333836 -0.051732459675674851 0.037777343432635668 0.049329285819322187
leaf_weight=10.518346755765377 4.836136362515389 9.8967529684305209 51.061318223830312 15.684336462058125 4.3393822722136965 646.0707845017314 274.67453801026568 17.135414968710393 25.250380888581276 50.908458665944636 0.94256746768951361 2.9515080680139363 32.536291868891567
leaf_count=326 44 80 429 160 372 4236 4272 159 175 835 21 289 2672
internal_value=0.00085939 -0.00149727 -0.0204943 -0.0332962 0.018268 0.000431344 0.000920903 0.0111753 0.00804291 0.00201733 0.0436671 0.00996791 0.0468686
internal_weight=1146.81 1019.36 93.7778 66.7457 127.447 925.581 920.745 27.0322 86.6772 76.1588 40.7697 3.89408 36.8757
internal_count=14070 9380 828 589 4690 8552 8508 239 1336 1010 3354 310 3044
cat_boundaries=0 1 2
cat_threshold=9 6
is_linear=0
shrinkage=0.05


Tree=102
num_leaves=15
num_cat=0
split_feature=6 5 6 27 5 34 42 14 30 44 39 26 39 38
split_gain=14.4713 23.1677 15.3459 22.927 16.8958 14.1113 17.9524 12.9706 12.9198 18.4782 15.6008 11.2783 5.9082 1.85178
threshold=2.5000000000000004 -0.97874870457683605 27.000000000000004 16.250000000000004 -0.8142754349318998 21.050000000000004 2.5000000000000004 12.950000000000001 14.250000000000002 48.050000000000004 18.750000000000004 19.850000000000005 19.250000000000004 9.3062500000000021
decision_type=2 2 2 2 2 2 2 2 2 2 2 2 2 2
left_child=1 7 8 11 -5 12 -7 -1 9 -2 -10 -4 -3 -9
right_child=2 5 3 4 -6 6 -8 13 10 -11 -12 -13 -14 -15
leaf_value=0.00037062037173244913 0.0045650711777308816 -0.001965642170448523 -0.089884557175280655 0.018695242484139906 -0.016247684015590545 0.028400928494964329 -0.0075902711137824531 -0.040933082466820349 -0.0021207742276032502 -0.034423364775019623 0.02558784899577073 -0.010868168382516289 -0.051195845414325342 -0.090694867406996768
leaf_weight=7.4006894342601326 447.33834383869544 8.6093135895207542 11.423011383041741 53.788672727532685 92.922585462685674 41.723413556814194 182.3034956837073 5.3158846031874445 75.906557494774461 31.60224884422496 151.70311451563612 7.5775437718257299 20.567732933908701 11.637976016849278
leaf_count=53 5723 107 119 551 1205 547 2119 33 921 319 2005 65 259 66
internal_value=0.000221098 -0.00970216 0.00338623 -0.0102668 -0.00339674 -0.00511796 -0.000790744 -0.0552806 0.00659834 0.00192611 0.0163783 -0.0604913 -0.0372159 -0.078241
internal_weight=1149.82 277.559 872.262 165.712 146.711 253.204 224.027 24.3546 706.55 478.941 227.61 19.0006 29.177 16.9539
internal_count=14092 3184 10908 1940 1756 3032 2666 152 8968 6042 2926 184 366 99
is_linear=0
shrinkage=0.05


Tree=103
num_leaves=14
num_cat=1
split_feature=0 5 36 8 34 39 5 38 38 34 5 39 43
split_gain=17.6762 14.8132 14.5214 15.7588 31.8413 23.7244 14.9025 9.00316 8.53321 2.35411 5.11473 1.12172 0.213209
threshold=0 -0.71502926860092908 85.500000000000014 33.250000000000007 24.550000000000004 22.950000000000003 0.71952396275653763 6.9169645000000015 10.962202500000002 21.050000000000004 0.78724360164103002 22.350000000000005 7.5500000000000016
decision_type=1 2 2 2 2 2 2 2 2 2 2 2 2
left_child=1 7 6 4 -4 -5 11 12 -9 10 -3 -2 -1
right_child=2 9 3 5 -6 -7 -8 8 -10 -11 -12 -13 -14
leaf_value=0.007672227913327047 -0.020243008759309261 -0.034501886730735003 -0.00053609148932008525 0.020684283720336788 -0.029300348004077187 -0.0091451870234264543 -0.085467401826027495 -0.0067989323783270317 0.04037055071710674 0.049162217073358903 0.038837051641668133 0.015377857532904844 0.047772873863217151
leaf_weight=0.77843897044658561 2.2860597688704747 2.4953012820333225 609.10291559295729 167.81502116099 113.26750678708777 109.39317638566718 9.4142416222020966 65.676099243573844 10.198378081433473 31.73662936873734 7.0066992919892073 5.8726883977651596 10.658171653747557
leaf_count=6 21 87 5780 1510 898 1025 80 728 225 3011 328 58 334
internal_value=0.000283689 0.0169769 -0.00198785 -0.00119221 -0.00508059 0.00892228 -0.0458144 0.00644707 -1.6151e-05 0.0426095 0.0181263 0.00427651 0.0458798
internal_weight=1145.7 128.55 1017.15 999.579 722.37 277.208 17.573 87.3111 75.8745 41.2386 9.502 8.15875 11.4366
internal_count=14091 4719 9372 9213 6678 2535 159 1293 953 3426 415 79 340
cat_boundaries=0 1
cat_threshold=9
is_linear=0
shrinkage=0.05


Tree=104
num_leaves=14
num_cat=1
split_feature=0 34 42 23 34 20 32 38 41 4 41 41 34
split_gain=19.2507 19.6797 18.9208 32.0327 21.6036 9.83181 8.32445 7.62839 7.59481 6.54914 3.29377 2.99612 1.47556
threshold=0 25.250000000000004 3.5000000000000004 90.500000000000014 20.350000000000005 33.250000000000007 26.188393000000001 11.822619500000002 117.15000000000002 0.98667101781630184 114.2 55.150000000000013 26.800000000000004
decision_type=1 2 2 2 2 2 2 2 2 2 2 2 2
left_child=6 2 4 -4 -2 11 10 8 -8 -9 -1 -3 -7
right_child=1 5 3 -5 -6 12 7 9 -10 -11 -12 -13 -14
leaf_value=-0.050883904563780238 -0.011084358785214649 -0.060350706228166275 -0.043405964811046194 0.0018172682529582756 0.031577113674336348 0.04820386902760343 -0.0038755724653003589 -0.044353386364983594 -0.044844963500899365 0.015111049554027551 0.026766910230535203 0.011856666516900509 0.0016642187872998794
leaf_weight=14.799914504867044 41.456170197576284 2.1463754558935753 40.788498782552779 620.97961520403624 99.799830189440399 34.871730495709926 237.74622682761401 22.621546413283799 10.896912535652516 5.2285811984911552 0.88580814655870277 2.1384413540363312 1.8645674195140589
leaf_count=351 366 19 454 6558 1278 632 3653 399 175 55 18 23 46
internal_value=0.000390597 0.00422206 0.00252331 -0.00103138 0.0190668 0.0376299 -0.0104422 -0.00869344 -0.00584352 -0.0330527 -0.0451574 -0.0288893 0.0459484
internal_weight=1136.22 844.045 803.024 661.768 141.256 41.0211 292.179 276.493 248.643 27.8501 15.6857 4.28482 36.7363
internal_count=14027 9376 8656 7012 1644 720 4651 4282 3828 454 369 42 678
cat_boundaries=0 1
cat_threshold=48
is_linear=0
shrinkage=0.05


Tree=105
num_leaves=12
num_cat=3
split_feature=0 0 40 30 5 25 38 38 1 4 31
split_gain=15.6527 13.3108 13.7445 15.1693 12.9981 9.71314 7.59392 5.47479 5.33268 7.49793 3.37728
threshold=0 1 130.55000000000004 14.250000000000002 -0.6905596507703472 9.1875000000000018 6.8250000000000011 6.2047620000000014 2 -0.82415615971448097 41.600000000000001
decision_type=1 1 2 2 2 2 2 2 1 2 2
left_child=7 4 3 -3 6 -4 -2 8 9 -1 -6
right_child=1 2 5 -5 10 -7 -8 -9 -10 -11 -12
leaf_value=0.055867176875203595 0.046985090144003074 -0.0038219717091975388 -0.063041241238703014 0.009773818610538134 0.046485574221264044 0.015270420978546077 0.0013303838580822141 -0.04864408831375306 -0.04505149485449169 -0.03834078878836486 -0.0034985279470467427
leaf_weight=4.3505199076607823 9.3317941650748235 669.84668458625674 13.439596114680173 294.54839692264795 33.897231694310904 4.992351457476615 77.465379009954631 24.349941798951477 4.1809804793447256 2.6026049228385073 3.5929177831858388
leaf_count=40 322 4729 100 2187 3039 45 1015 2115 129 85 293
internal_value=0.000346389 0.00152209 -0.000497174 0.000336318 0.016232 -0.042136 0.00671809 -0.0280902 -0.00598472 0.0202174 0.0417288
internal_weight=1142.6 1107.11 982.827 964.395 124.287 18.4319 86.7972 35.484 11.1341 6.95312 37.4901
internal_count=14099 11730 7061 6916 4669 145 1337 2369 254 125 3332
cat_boundaries=0 1 2 3
cat_threshold=16 9 1
is_linear=0
shrinkage=0.05


Tree=106
num_leaves=15
num_cat=1
split_feature=26 44 34 5 0 27 39 36 40 35 36 19 13 8
split_gain=15.5517 25.9656 28.5395 24.8731 19.7581 16.1614 13.0307 10.2284 4.1401 7.76002 2.19369 1.49004 1.13557 0.995158
threshold=15.050000000000002 30.400000000000002 20.250000000000004 0.77652048701313048 0 16.050000000000004 19.850000000000005 99.500000000000014 0.35000000000000003 74.613095000000001 99.500000000000014 28.359027500000003 9.6312500000000032 31.050000000000004
decision_type=2 2 2 2 1 2 2 2 2 2 2 2 2 2
left_child=3 10 13 5 -4 6 -1 -7 -5 -10 11 -2 -12 -3
right_child=1 2 4 8 -6 7 -8 -9 9 -11 12 -13 -14 -15
leaf_value=-0.027798464243563976 0.053640849468653884 -0.018010819541580236 0.014668818707937487 0.047163095637411216 -0.0017588448010570378 -0.020481290060117785 -0.083499309593395132 0.012428075899872076 -0.032046516466577607 0.019199242117347672 0.025446866630875739 0.019187192507300471 -0.014522570153248119 -0.060448084071873409
leaf_weight=43.657596342265606 26.538529933895919 2.6475053583271828 252.81628589192405 8.4048510659486038 595.66695448569953 67.937813990749419 13.713688214309512 35.090991362463683 7.9685955671593538 42.28793657803908 5.4976541306823483 5.2279002116993061 1.703058063983917 17.196329007390887
leaf_count=457 327 31 5332 95 5377 776 117 470 94 567 86 68 24 179
internal_value=0.000810609 0.00369923 0.00188331 -0.0111157 0.00329947 -0.0212725 -0.0423152 -0.00926084 0.0165475 0.0106071 0.0431048 0.0487293 0.0153754 -0.0559219
internal_weight=1126.36 907.294 868.327 219.061 848.483 160.4 57.3713 103.029 58.6614 50.2565 38.9671 31.7664 7.20071 19.8438
internal_count=14000 11424 10919 2576 10709 1820 574 1246 756 661 505 395 110 210
cat_boundaries=0 1
cat_threshold=13
is_linear=0
shrinkage=0.05


Tree=107
num_leaves=15
num_cat=1
split_feature=0 26 36 4 31 44 42 23 32 33 36 33 34 9
split_gain=15.1742 11.187 14.3005 16.1868 12.3737 14.8356 10.7283 25.1126 12.8403 19.2187 12.7573 12.639 10.4627 9.24781
threshold=0 20.650000000000002 99.500000000000014 0.75580964594513067 41.600000000000001 43.000000000000007 3.5000000000000004 85.500000000000014 27.240773500000007 35.100000000000009 96.500000000000014 32.550000000000004 24.450000000000003 21.850000000000005
decision_type=1 2 2 2 2 2 2 2 2 2 2 2 2 2
left_child=1 2 3 -1 13 -6 8 -8 11 -10 -9 -2 -4 -3
right_child=6 4 12 -5 5 -7 7 10 9 -11 -12 -13 -14 -15
leaf_value=-0.0103670386250912 0.015908861764556893 -0.019837024624478821 0.034546553718774485 0.026601481579122496 -0.039200068700841882 0.019986705615369048 -0.063936040083681284 -0.020351586673287882 0.045141524751488603 0.00022925688700047237 -0.0018814822391108499 -0.033196859817521122 -0.029621290697327024 0.046743306910929878
leaf_weight=161.37494103843346 22.057840740773827 5.3204592484980813 44.398188663180918 35.227968614548445 13.163895286154 41.049186846707016 17.931367275305092 114.74464891199023 38.705417975783348 59.560638207010925 487.54021242633462 29.688241590745747 6.6018814556300631 45.243467582855374
leaf_count=2545 217 93 1249 872 176 713 163 1054 304 560 4426 300 63 1272
internal_value=-0.000343456 0.00810429 0.00250819 -0.0036418 0.0219461 0.00516543 -0.0042636 -0.00721997 0.00764387 0.018196 -0.00542823 -0.0123598 0.0258302 0.0394887
internal_weight=1122.61 352.38 247.603 196.603 104.777 54.2131 770.228 620.216 150.012 98.2661 602.285 51.7461 51.0001 50.5639
internal_count=14007 6983 4729 3417 2254 889 7024 5643 1381 864 5480 517 1312 1365
cat_boundaries=0 1
cat_threshold=13
is_linear=0
shrinkage=0.05


Tree=108
num_leaves=12
num_cat=2
split_feature=0 8 4 38 4 27 42 4 5 1 36
split_gain=13.4871 13.7738 27.6847 22.0354 16.5985 16.29 15.2645 6.33386 7.32085 11.6538 2.8502
threshold=0 33.250000000000007 0.022575936829235404 6.4422620000000004 -0.62588817255938378 8.7500000000000018 2.5000000000000004 -0.82415615971448097 0.3484035575467645 1 93.500000000000014
decision_type=1 2 2 2 2 2 2 2 2 1 2
left_child=7 2 4 -4 -2 6 -3 8 -1 -10 -7
right_child=1 5 3 -5 -6 10 -8 -9 9 -11 -12
leaf_value=-0.043296462100024719 -0.003397610054262392 0.02535333315972306 0.021548352548968808 -0.017435481763499548 0.01567558582217812 0.0099472265027916416 -0.0018889904750216604 -0.048771396785850393 0.079767145629233802 -0.041865176417596309 0.046887129883970799
leaf_weight=5.0989648015238327 232.45425305375829 70.842956780456007 40.276134959422052 304.04531617928296 222.42408805293962 6.9831975232809773 180.45592670561746 22.91742173070088 3.6955230925232172 2.5651297457516193 31.204669140279293
leaf_count=298 2865 849 426 2762 2343 83 2022 1979 40 40 333
internal_value=0.000127021 0.00122582 -0.00214954 -0.0128263 0.00594263 0.0105619 0.00586087 -0.0266196 -0.00313682 0.0310294 0.0405583
internal_weight=1122.96 1088.69 799.2 344.321 454.878 289.487 251.299 34.277 11.3596 6.26065 38.1879
internal_count=14040 11683 8396 3188 5208 3287 2871 2357 378 80 416
cat_boundaries=0 1 2
cat_threshold=16 1
is_linear=0
shrinkage=0.05


Tree=109
num_leaves=15
num_cat=2
split_feature=39 34 39 40 8 39 32 0 38 38 1 23 8 5
split_gain=13.3034 18.1179 17.1157 17.6739 31.1273 25.0059 7.32855 6.23932 5.26906 4.516 3.96447 3.23146 1.24231 1.14681
threshold=15.450000000000001 22.350000000000005 15.850000000000003 65.65000000000002 33.250000000000007 17.650000000000002 25.629762000000003 0 6.044642500000001 5.6827385000000001 1 99.500000000000014 30.350000000000005 0.93158198870884079
decision_type=2 2 2 2 2 2 2 1 2 2 1 2 2 2
left_child=1 6 7 4 -4 -5 -1 8 -2 11 -11 -3 -8 -9
right_child=2 9 3 5 -6 -7 12 13 -10 10 -12 -13 -14 -15
leaf_value=-0.027716572137249068 0.023665679549355677 0.014068928773931361 -0.013906468103315625 -0.018515351234790856 0.0078828257191006241 0.016009039830955678 -0.0060228648713442539 0.064013023966583871 -0.041903025808887988 -0.023741706443798364 -0.053392216931883778 -0.036887310299908736 0.036785657928811014 0.033035663485168357
leaf_weight=5.8993239169940379 4.4464567806571722 7.7191361780278367 377.65198402991518 63.772382691502571 288.13977076485753 276.7566562150605 1.5903169391676808 17.188573752064261 6.2605769438669086 24.727162529248744 25.336332909297198 3.8549169194884598 16.477310325019062 8.1743519697338325
leaf_count=62 49 88 4381 667 3845 3718 23 225 118 256 264 54 218 106
internal_value=-7.47472e-05 -0.0189054 0.00148832 0.000258965 -0.00447887 0.00950822 0.0174666 0.0348541 -0.00807784 -0.0331012 -0.0394991 -0.00448669 0.0328994 0.0403539
internal_weight=1128 85.6045 1042.39 1006.32 665.792 340.529 23.967 36.07 10.707 61.6375 50.0635 11.5741 18.0676 25.3629
internal_count=14074 965 13109 12611 8226 4385 303 498 167 662 520 142 241 331
cat_boundaries=0 1 2
cat_threshold=48 1
is_linear=0
shrinkage=0.05


Tree=110
num_leaves=15
num_cat=2
split_feature=0 40 43 20 26 25 5 39 39 11 21 25 17 1
split_gain=13.3504 12.7693 15.4336 20.2328 18.8248 12.2652 11.4676 6.13822 15.7796 3.11699 3.08989 6.68825 0.697709 0.0230407
threshold=0 130.55000000000004 17.750000000000004 33.350000000000001 17.650000000000002 7.8576385000000011 -0.6905596507703472 25.650000000000002 24.650000000000002 98.500000000000014 20.950000000000003 9.8562500000000011 19.250000000000004 1
decision_type=1 2 2 2 2 2 2 2 2 2 2 2 2 1
left_child=6 2 3 -2 -4 9 7 8 -1 -3 11 -8 -12 -7
right_child=1 5 4 -5 -6 13 10 -9 -10 -11 12 -13 -14 -15
leaf_value=0.012990357908816395 -0.014618242855723091 -0.080356809565721499 -0.0040986054641290381 0.0032902289252500052 0.019088182141692975 0.0079202524195256703 0.032489587340843229 0.047500573474189588 -0.04234584122345883 -0.014691226476156838 0.0039853459659689614 -0.075338551696544909 0.047340602840060128 0.02069859346169918
leaf_weight=64.603183263912797 310.43538333103061 9.787219278514387 173.82428585505113 318.9308580448851 174.74707595538348 2.5144775267690411 4.3069133292883626 7.2457181848585597 15.033454630523918 2.7896118694916359 1.1564468648284698 0.97464003227651108 29.158240899909288 3.1591360801830888
leaf_count=1066 2849 94 1627 2947 1761 35 186 166 111 28 111 33 3016 32
internal_value=0.000316593 -0.00165849 -0.000880379 -0.00555232 0.00754683 -0.042003 0.0151702 0.00642831 0.00214864 -0.0679467 0.0398936 0.00376545 0.0458668 0.0170708
internal_weight=1118.67 996.188 977.938 629.366 348.571 18.2504 122.479 86.8824 79.6366 12.5768 35.5962 5.28155 30.3147 5.67361
internal_count=14062 9373 9184 5796 3388 189 4689 1343 1177 122 3346 219 3127 67
cat_boundaries=0 1 2
cat_threshold=9 1
is_linear=0
shrinkage=0.05


Tree=111
num_leaves=13
num_cat=2
split_feature=0 1 4 20 39 44 4 4 34 43 43 22
split_gain=13.0326 17.9049 13.7414 21.1067 18.4171 12.2953 13.5899 9.30269 8.10267 9.0871 26.3322 13.0115
threshold=0 1 0.074116354202380164 33.550000000000004 18.350000000000005 47.350000000000009 -0.98803845231459231 -0.34235669412071196 20.950000000000003 32.550000000000004 28.350000000000005 79.625000000000014
decision_type=1 1 2 2 2 2 2 2 2 2 2 2
left_child=8 2 4 -4 -2 6 -3 -7 -1 10 -10 -11
right_child=1 5 3 -5 -6 7 -8 -9 9 11 -12 -13
leaf_value=-0.049131583069875716 0.0019317259224896598 0.045077073714846649 -0.012158373655773783 0.018720648716191023 0.035357773730053263 -0.059251498324293161 -0.0032533503381195817 -0.0089623583707767931 -0.010010197347643883 0.054177049092271293 0.046481635678574579 -0.051775870112108449
leaf_weight=11.457153849769382 71.05636579124257 14.104687931947408 116.39588395133615 103.71029221452773 97.504342096392065 15.662014459725468 392.25353013863787 21.484968439675868 235.72612065635622 2.5375863863155272 21.606785726267844 19.634250247152522
leaf_count=346 827 167 1047 1442 1348 135 4206 197 3709 31 285 350
internal_value=-0.000391332 0.00280809 0.0106629 0.00241016 0.0213616 -0.00402084 -0.00146926 -0.0311628 -0.00929791 -0.00782723 -0.00510533 -0.0378347
internal_weight=1123.13 832.172 388.667 220.106 168.561 443.505 406.358 37.147 290.962 279.505 257.333 22.1718
internal_count=14090 9369 4664 2489 2175 4705 4373 332 4721 4375 3994 381
cat_boundaries=0 1 2
cat_threshold=48 1
is_linear=0
shrinkage=0.05


Tree=112
num_leaves=14
num_cat=0
split_feature=22 36 25 25 26 40 4 34 38 2 2 38 13
split_gain=16.6617 16.1433 15.8856 15.637 15.0805 15.5397 13.822 12.6896 11.9136 5.3963 3.46565 1.07015 0.105491
threshold=88.270833500000023 91.500000000000014 9.8250000000000011 6.9909725000000007 14.65 65.65000000000002 0.21022171450811272 21.950000000000003 5.1419640000000006 9.5000000000000018 9.5000000000000018 11.772321500000002 12.570833500000001
decision_type=2 2 2 2 2 2 2 2 2 2 2 2 2
left_child=1 3 8 -1 7 -6 -5 -3 -2 -10 11 -4 -12
right_child=2 4 10 6 5 -7 -8 -9 9 -11 12 -13 -14
leaf_value=-0.10854065703495003 0.052469979733938979 0.017186555492431185 0.019233090677315892 -0.084712238856042121 0.002144984482550055 0.01750296205426204 -0.0076772737848282459 -0.016309373713018195 -0.048309804127593836 -0.016167524037121676 -0.028566359948973524 0.054183046193367557 -0.0052392374147869555
leaf_weight=3.4357167235575607 3.0610665949061504 34.809663052204996 6.5514357201755029 5.2162235816940656 516.05220154626295 241.15712466323748 97.812320837751031 135.16759796673432 39.42353918030858 21.355747260153294 1.1987187732011073 4.6245183851569891 1.3312202496454117
leaf_count=40 41 465 88 61 6365 3212 1405 1534 426 302 21 64 21
internal_value=0.000224132 0.00190936 -0.0219774 -0.0164395 0.0040317 0.00705285 -0.0123543 -0.00938934 -0.0324058 -0.0374606 0.0254978 0.0369573 -0.0212534
internal_weight=1111.2 1033.65 77.5462 106.464 927.187 757.209 103.029 169.977 63.8404 60.7793 13.7059 11.176 2.52994
internal_count=14045 13082 963 1506 11576 9577 1466 1999 769 728 194 152 42
is_linear=0
shrinkage=0.05


Tree=113
num_leaves=15
num_cat=1
split_feature=0 44 40 32 39 22 5 25 11 38 4 34 4 6
split_gain=14.2731 14.1406 14.0191 11.8705 19.0516 11.465 10.5351 8.81783 7.62529 8.07193 2.87084 2.70741 8.7 0.581676
threshold=0 46.600000000000001 130.55000000000004 26.463690500000002 28.000000000000004 55.000000000000007 -0.6905596507703472 9.1875000000000018 94.500000000000014 6.8250000000000011 -0.34235669412071196 21.350000000000005 0.61915405168109316 1.5000000000000002
decision_type=1 2 2 2 2 2 2 2 2 2 2 2 2 2
left_child=6 2 5 10 -5 -2 8 -4 13 -10 -3 12 -8 -1
right_child=1 3 7 4 -6 -7 11 -9 9 -11 -12 -13 -14 -15
leaf_value=0.0021565336306181427 -0.069036599952451885 0.0060759521149669022 -0.062320650209892581 -0.046547075416043138 0.0060865722507304956 0.00087272092420529824 0.045026869846453897 0.012045907210074466 0.045855994951842026 -0.0057126709468500137 0.056225768175684282 0.048534211552605261 -0.044364981596207304 0.044754837140262793
leaf_weight=0.96927931159734448 4.9036315456032744 9.8059774581342918 13.492770682089033 50.022646761033684 25.612122268415987 888.27897386206314 7.0751680382527393 5.1029121670871964 7.5996402734890571 63.529800494201481 3.2032642317935816 24.110928520094603 3.1719741253182292 11.198444423265755
leaf_count=19 46 103 128 447 244 8339 392 61 288 766 28 2820 121 254
internal_value=-0.000356548 -0.00234536 -0.000505225 -0.0213175 -0.0288769 0.000412137 0.0153367 -0.0423401 0.00683171 0.000356408 0.0215564 0.0395171 0.0158716 0.0417829
internal_weight=1118.08 1000.42 911.778 88.644 75.6348 893.183 117.655 18.5957 83.2972 71.1294 13.0092 34.3581 10.2471 12.1677
internal_count=14056 9396 8574 822 691 8385 4660 189 1327 1054 131 3333 513 273
cat_boundaries=0 1
cat_threshold=9
is_linear=0
shrinkage=0.05


Tree=114
num_leaves=13
num_cat=1
split_feature=0 42 37 39 44 34 36 5 34 5 38 39
split_gain=15.2436 16.4336 33.818 27.783 22.056 20.4174 26.5214 18.0853 7.35892 9.36786 10.7301 10.6259
threshold=0 3.5000000000000004 37.500000000000007 19.550000000000004 45.20000000000001 21.050000000000004 96.500000000000014 0.96849880583763492 20.950000000000003 0.79773375822167203 6.259821500000001 17.050000000000004
decision_type=1 2 2 2 2 2 2 2 2 2 2 2
left_child=8 5 4 -4 -3 6 -2 -7 -1 11 -11 -10
right_child=1 2 3 -5 -6 7 -8 -9 9 10 -12 -13
leaf_value=-0.04876829789924432 -0.032945367354919465 -0.018954050366027271 -0.0057602342754784642 0.015875230589028105 -0.099696716343180267 0.044274273365777543 0.03158680470419039 -0.02401000639309446 -0.042925970767080247 0.048094706616517172 -0.0044657653528143524 -0.0082374231209493502
leaf_weight=10.616872017737476 32.784716410562396 83.404929558746517 297.91951763629913 293.85578839387745 8.5411763330921513 71.564560160506517 29.117908502928913 10.546041240915654 23.808994163293391 13.734880708158014 28.039208101574332 209.62875603628345
leaf_count=333 300 1072 3109 3289 95 1116 306 134 511 150 433 3243
internal_value=0.000353756 0.00379359 0.000595889 0.00499187 -0.0274464 0.0191279 -0.00257098 0.0353207 -0.00939106 -0.00804093 0.0135359 -0.0119434
internal_weight=1113.56 827.735 683.721 591.775 91.9461 144.013 61.9026 82.1106 285.829 275.212 41.7741 233.438
internal_count=14091 9421 7565 6398 1167 1856 606 1250 4670 4337 583 3754
cat_boundaries=0 1
cat_threshold=48
is_linear=0
shrinkage=0.05


Tree=115
num_leaves=14
num_cat=0
split_feature=38 39 44 44 43 5 34 34 33 13 39 22 39
split_gain=14.3664 17.714 26.5415 33.0802 24.088 32.0531 18.1072 17.2168 16.7932 13.419 11.4562 4.96185 3.11237
threshold=6.4553575000000007 20.150000000000002 38.000000000000007 35.100000000000001 17.750000000000004 -0.98212955754013376 24.050000000000004 23.650000000000002 31.750000000000004 8.2229170000000007 21.100000000000005 77.020833500000009 13.000000000000002
decision_type=2 2 2 2 2 2 2 2 2 2 2 2 2
left_child=8 2 3 -2 5 -3 -6 -4 11 10 -10 -1 -13
right_child=1 4 7 -5 6 -7 -8 -9 9 -11 -12 12 -14
leaf_value=0.039699899878166835 -0.014895741699722027 -0.06668532251198693 -0.082490308159770376 0.022172887168131927 0.00022908107751523529 -0.0007566638077092932 0.032545388851626493 -0.022815786132191457 0.030207451840512115 -0.060841583329948601 -0.018616158935077527 0.0088054797648666663 -0.026030318947566262
leaf_weight=2.9897404857911161 235.30351450433955 18.391811714041978 17.483387570828199 79.792788910679519 77.720603628316894 374.47207279596478 97.045469619333744 38.460270773619413 111.0878696788568 3.7886621737852684 12.786144600249825 7.4725506138056508 31.250957419164479
leaf_count=42 2787 127 230 1023 1214 4778 1264 381 1449 53 163 94 427
internal_value=-0.000261873 -0.00268373 -0.0111642 -0.00546829 0.00286954 -0.00400457 0.018257 -0.0425863 0.0130969 0.0220569 0.0250592 -0.0141995 -0.0192555
internal_weight=1108.05 938.67 371.04 315.096 567.63 392.864 174.766 55.9437 169.376 127.663 123.874 41.7132 38.7235
internal_count=14032 11804 4421 3810 7383 4905 2478 611 2228 1665 1612 563 521
is_linear=0
shrinkage=0.05


Tree=116
num_leaves=15
num_cat=1
split_feature=0 6 5 44 39 25 14 6 5 5 37 33 34 13
split_gain=14.9955 17.0308 17.7213 16.0085 22.6793 17.5935 12.1965 10.4878 7.77414 16.4292 15.0506 22.4197 8.30065 8.09568
threshold=0 2.5000000000000004 -0.97874870457683605 47.70000000000001 19.550000000000004 10.492361000000001 12.950000000000001 1.5000000000000002 -0.9575230291762723 -0.6391983530350368 61.500000000000007 32.750000000000007 20.950000000000003 11.904166500000002
decision_type=1 2 2 2 2 2 2 2 2 2 2 2 2 2
left_child=8 2 6 4 -3 -5 -2 -4 10 -10 11 -1 -11 -12
right_child=1 3 7 5 -6 -7 -8 -9 9 12 13 -13 -14 -15
leaf_value=0.092641163585546971 0.0045847191717675794 0.00063693345961440872 0.0020947774349594265 -0.060700880006942043 0.020703097926418796 0.0011227800729130993 -0.073148588433150571 -0.030279584176845793 -0.040129073692129168 -0.048428930985689067 -0.043529047969045137 -0.0067126354095970791 -0.0042718950345190052 0.039015681923438184
leaf_weight=9.2039381046779472 7.1189132668077972 286.4431331991218 149.69271029997617 15.696691209916024 276.09093060554005 36.913210388738662 15.437042936682699 29.010705801658332 43.912767379544675 10.277656115125863 12.083625438623129 12.520928377285598 195.53305524168536 2.9971954887732855
leaf_count=102 37 3174 1740 130 3575 348 68 281 948 343 167 192 2918 30
internal_value=0.000401798 0.00385618 -0.00869264 0.00803187 0.0105046 -0.0181111 -0.049462 -0.00330013 -0.00923292 -0.0127154 0.0116644 0.0376039 -0.00670049 -0.0257179
internal_weight=1102.93 816.403 201.259 615.144 562.534 52.6099 22.556 178.703 286.529 249.723 36.8057 21.7249 205.811 15.0808
internal_count=14053 9353 2126 7227 6749 478 105 2021 4700 4209 491 294 3261 197
cat_boundaries=0 1
cat_threshold=48
is_linear=0
shrinkage=0.05


Tree=117
num_leaves=13
num_cat=0
split_feature=36 25 8 34 40 36 5 42 34 7 37 12
split_gain=14.1671 16.9263 15.8841 19.4649 20.9386 13.4677 12.107 11.4421 9.15912 11.9142 0.972817 0.250051
threshold=91.500000000000014 6.9909725000000007 33.250000000000007 24.550000000000004 62.500000000000007 96.500000000000014 0.96849880583763492 2.5000000000000004 25.150000000000002 28.552083500000006 57.500000000000007 37.500000000000007
decision_type=2 2 2 2 2 2 2 2 2 2 2 2
left_child=1 -1 3 5 -5 -2 7 -3 9 -4 -10 -8
right_child=2 6 8 4 -6 -7 11 -9 10 -11 -12 -13
leaf_value=-0.11005180203358488 -0.018385717774815218 0.013486430271055644 0.024210034993917801 -0.030686318744750248 0.0071941230217032236 0.0053430989325856026 -0.076625599157101237 -0.021846856068917193 0.037357519852897356 -0.003056132353023969 -0.0017822108842557368 -0.025948536870251688
leaf_weight=3.7017038734629741 65.81969530461356 38.099993472453207 71.897164427675307 98.443521743640304 57.1067760810256 569.28953127493151 5.863080247770994 54.595027868635952 38.449705047067255 88.516540231648833 1.5615599239245046 1.6925609121099112
leaf_count=44 834 568 947 851 509 7701 70 797 562 1067 19 20
internal_value=0.000314825 -0.0171549 0.00216262 -0.00102941 -0.0168223 0.00285892 -0.0126716 -0.00733505 0.0146975 0.0092388 0.0358238 -0.0696331
internal_weight=1095.04 103.952 991.084 790.66 155.55 635.109 100.251 92.695 200.425 160.414 40.0113 7.55564
internal_count=13989 1499 12490 9895 1360 8535 1455 1365 2595 2014 581 90
is_linear=0
shrinkage=0.05


Tree=118
num_leaves=13
num_cat=1
split_feature=36 43 2 38 39 37 37 2 25 11 0 9
split_gain=12.8505 14.7796 21.1172 20.926 18.7069 17.0433 23.7172 16.7546 12.7013 7.54548 7.86885 4.01513
threshold=91.500000000000014 4.7500000000000009 2.5000000000000004 8.0687500000000032 18.750000000000004 32.500000000000007 30.500000000000004 3.5000000000000004 7.3118055000000011 71.500000000000014 0 23.350000000000005
decision_type=2 2 2 2 2 2 2 2 2 2 1 2
left_child=8 5 3 -3 -4 6 -2 -7 11 -10 -11 -1
right_child=1 2 4 -5 -6 7 -8 -9 9 10 -12 -13
leaf_value=-0.005069381960509118 0.016326871003928406 -0.089299758194997469 -0.00913970443209235 -0.0057925022534767853 0.0070052935934106237 0.036979713822238754 -0.035654849085592466 -0.00068136162858846514 -0.067400929073734794 -0.014863270311552068 0.014459530596269364 -0.092473549045941447
leaf_weight=1.7813750691711892 57.453333940822631 12.20665717450902 298.80987226194702 17.715745545458049 445.80714371800423 89.625831532292068 34.141361408866942 43.753783269785345 4.5988209238275877 69.116250151302665 23.237110820133239 5.7513580908998847
leaf_count=22 803 148 3564 263 5649 1158 429 576 55 689 683 68
internal_value=0.000373556 0.00212321 -0.0011578 -0.041645 0.000522844 0.0133742 -0.00322481 0.0247123 -0.0162253 -0.0109554 -0.00745273 -0.0748203
internal_weight=1104 999.514 774.539 29.9224 744.617 224.974 91.5947 133.38 104.485 96.9522 92.3534 7.53273
internal_count=14107 12590 9624 411 9213 2966 1232 1734 1517 1427 1372 90
cat_boundaries=0 1
cat_threshold=50
is_linear=0
shrinkage=0.05


Tree=119
num_leaves=14
num_cat=2
split_feature=0 40 36 32 43 5 25 38 39 1 34 4 37
split_gain=12.7142 12.5351 13.3677 22.6419 20.3145 9.33521 6.97192 6.07691 7.00791 3.67828 3.59907 6.82946 0.130465
threshold=0 130.55000000000004 95.500000000000014 29.595238000000005 4.7500000000000009 -0.6905596507703472 9.1875000000000018 6.8250000000000011 25.650000000000002 1 21.350000000000005 0.61915405168109316 67.500000000000014
decision_type=1 2 2 2 2 2 2 2 2 1 2 2 2
left_child=5 2 3 -2 -4 7 9 -1 -9 -3 11 -7 -8
right_child=1 6 4 -5 -6 10 12 8 -10 -11 -12 -13 -14
leaf_value=0.045826519891735744 -0.019532283919554017 -0.082854846683560648 0.019727419407819229 0.020001589505766814 -0.0020974905875137057 0.038576173038213063 0.0012254649345377134 -0.0032171509774725836 0.046961197681983612 -0.024926695964392013 0.048422444976877435 -0.03952944595897824 0.017060363320388815
leaf_weight=7.8011671733111134 188.50229242048226 7.2007632283493876 128.2077523781918 43.914715325459838 609.12260320689529 6.891924281138925 2.8560483185574403 67.97424375731498 6.7405800465494385 5.9208860120270419 22.918229893781245 3.3856907906010747 1.6806693049147723
leaf_count=315 1703 66 1168 535 5775 394 35 866 162 63 2840 123 21
internal_value=-0.000453917 -0.0023391 -0.00158006 -0.0120088 0.00171903 0.0144753 -0.0429582 0.0065249 0.00187026 -0.060332 0.0377021 0.0116227 0.00911346
internal_weight=1103.12 987.406 969.747 232.417 737.33 115.712 17.6584 82.516 74.7148 13.1216 33.1958 10.2776 4.53672
internal_count=14066 9366 9181 2238 6943 4700 185 1343 1028 129 3357 517 56
cat_boundaries=0 1 2
cat_threshold=9 2
is_linear=0
shrinkage=0.05


Tree=120
num_leaves=15
num_cat=3
split_feature=0 33 44 33 5 5 40 0 4 38 1 4 10 34
split_gain=14.187 12.4327 19.9781 18.9153 13.5048 8.06564 6.82816 8.9554 5.70752 10.9981 7.41532 4.96443 2.18686 2.83237
threshold=0 36.850000000000001 48.800000000000004 35.750000000000007 -0.9575230291762723 -0.84313311835787952 1.4500000000000002 1 0.039769539193789956 9.1110120000000023 2 0.97112537654464559 87.604166500000005 21.050000000000004
decision_type=1 2 2 2 2 2 2 1 2 2 1 2 2 2
left_child=5 2 3 -2 -4 8 7 -3 10 -10 -1 -8 13 -7
right_child=1 6 4 -5 -6 12 11 -9 9 -11 -12 -13 -14 -15
leaf_value=0.053625843875284289 0.00078068922152293985 -0.021155177860266265 0.046713243199950343 -0.023444208791859791 -0.049598247593114812 0.011056593167159545 0.020534695175646205 0.021072116364978088 0.016439477327923516 -0.03521886335918567 -0.0022344599577869633 0.065122397152652736 0.011976912253242579 0.044577435458155269
leaf_weight=10.483974221162498 799.96140830265358 12.045857936143875 3.3004141990095368 88.599781495984644 31.935284998267889 8.8557454855181259 18.336679178290073 16.971500291489065 22.836713716387749 17.18927913159132 12.150176449678838 9.8180660773068649 12.054823037004097 30.855476220604032
leaf_count=253 7581 93 22 787 281 403 206 282 357 101 251 93 570 2721
internal_value=0.000290575 -0.00171829 -0.00314441 -0.00165845 -0.0395369 0.0161296 0.0206878 0.00339402 0.00530491 -0.00606305 0.0248138 0.0377836 0.0319403 0.0375574
internal_weight=1095.4 980.969 923.797 888.561 35.2357 114.426 57.1721 29.0174 62.6601 40.026 22.6342 28.1547 51.766 39.7112
internal_count=14001 9345 8671 8368 303 4656 674 375 962 458 504 299 3694 3124
cat_boundaries=0 1 2 3
cat_threshold=9 32 1
is_linear=0
shrinkage=0.05


end of trees

feature_importances:
age_group=256
temperature_min_7d=197
day_of_year_cos=165
day_of_year_sin=132
wind_speed_mean_7d=106
wind_speed_max_7d=78
gender=72
wind_gust_max_7d=60
rain_max_daily_7d=58
temperature_max_7d=56
humidity_max_7d=51
temperature_mean_7d=41
precipitation_sum_7d=41
wind_speed_max_3d=37
temperature_max_current=23
weather_code_current=22
humidity_mean_7d=22
humidity_min_7d=21
wind_speed_mean_3d=19
temperature_min_3d=16
temperature_max_3d=15
wind_gust_max_3d=14
humidity_mean_3d=12
wind_speed_mean_current=11
temperature_mean_3d=11
month=10
wind_speed_max_current=10
rain_days_7d=10
rain_max_daily_3d=8
temperature_mean_current=7
humidity_max_3d=7
precipitation_sum_3d=7
rain_sum_7d=7
humidity_mean_current=4
humidity_max_current=4
humidity_min_current=4
temperature_min_current=2
humidity_min_3d=2
wind_gust_max_current=1
rain_days_3d=1

parameters:
[boosting: gbdt]
[objective: binary]
[metric: binary_logloss]
[tree_learner: serial]
[device_type: cpu]
[data_sample_strategy: bagging]
[data: ]
[valid: ]
[num_iterations: 121]
[learning_rate: 0.05]
[num_leaves: 15]
[num_threads: 8]
[seed: 42]
[deterministic: 0]
[force_col_wise: 0]
[force_row_wise: 0]
[histogram_pool_size: -1]
[max_depth: 4]
[min_data_in_leaf: 20]
[min_sum_hessian_in_leaf: 0.001]
[bagging_fraction: 0.9]
[pos_bagging_fraction: 1]
[neg_bagging_fraction: 1]
[bagging_freq: 1]
[bagging_seed: 400]
[bagging_by_query: 0]
[feature_fraction: 0.9]
[feature_fraction_bynode: 1]
[feature_fraction_seed: 30056]
[extra_trees: 0]
[extra_seed: 12879]
[early_stopping_round: 0]
[early_stopping_min_delta: 0]
[first_metric_only: 0]
[max_delta_step: 0]
[lambda_l1: 0]
[lambda_l2: 1]
[linear_lambda: 0]
[min_gain_to_split: 0]
[drop_rate: 0.1]
[max_drop: 50]
[skip_drop: 0.5]
[xgboost_dart_mode: 0]
[uniform_drop: 0]
[drop_seed: 17869]
[top_rate: 0.2]
[other_rate: 0.1]
[min_data_per_group: 100]
[max_cat_threshold: 32]
[cat_l2: 10]
[cat_smooth: 10]
[max_cat_to_onehot: 4]
[top_k: 20]
[monotone_constraints: ]
[monotone_constraints_method: basic]
[monotone_penalty: 0]
[feature_contri: ]
[forcedsplits_filename: ]
[refit_decay_rate: 0.9]
[cegb_tradeoff: 1]
[cegb_penalty_split: 0]
[cegb_penalty_feature_lazy: ]
[cegb_penalty_feature_coupled: ]
[path_smooth: 0]
[interaction_constraints: ]
[verbosity: -1]
[saved_feature_importance_type: 0]
[use_quantized_grad: 0]
[num_grad_quant_bins: 4]
[quant_train_renew_leaf: 0]
[stochastic_rounding: 1]
[linear_tree: 0]
[max_bin: 255]
[max_bin_by_feature: ]
[min_data_in_bin: 3]
[bin_construct_sample_cnt: 200000]
[data_random_seed: 175]
[is_enable_sparse: 1]
[enable_bundle: 1]
[use_missing: 1]
[zero_as_missing: 0]
[feature_pre_filter: 1]
[pre_partition: 0]
[two_round: 0]
[header: 0]
[label_column: ]
[weight_column: ]
[group_column: ]
[ignore_column: ]
[categorical_feature: 0,1,3]
[forcedbins_filename: ]
[precise_float_parser: 0]
[parser_config_file: ]
[objective_seed: 16083]
[num_class: 1]
[is_unbalance: 0]
[scale_pos_weight: 1]
[sigmoid: 1]
[boost_from_average: 1]
[reg_sqrt: 0]
[alpha: 0.9]
[fair_c: 1]
[poisson_max_delta_step: 0.7]
[tweedie_variance_power: 1.5]
[lambdarank_truncation_level: 30]
[lambdarank_norm: 1]
[label_gain: ]
[lambdarank_position_bias_regularization: 0]
[eval_at: ]
[multi_error_top_k: 1]
[auc_mu_weights: ]
[num_machines: 1]
[local_listen_port: 12400]
[time_out: 120]
[machine_list_filename: ]
[machines: ]
[gpu_platform_id: -1]
[gpu_device_id: -1]
[gpu_device_id_list: ]
[gpu_use_dp: 0]
[num_gpu: 1]

end of parameters

pandas_categorical:[]
