tree
version=v4
num_class=1
num_tree_per_iteration=1
label_index=0
max_feature_idx=44
objective=binary sigmoid:1
feature_names=age_group gender month season day_of_year_sin day_of_year_cos weather_code_current temperature_mean_current temperature_max_current temperature_min_current humidity_mean_current humidity_max_current humidity_min_current wind_speed_mean_current wind_speed_max_current precipitation_sum_current rain_sum_current wind_gust_max_current rain_day_current temperature_mean_3d temperature_max_3d temperature_min_3d humidity_mean_3d humidity_max_3d humidity_min_3d wind_speed_mean_3d wind_speed_max_3d precipitation_sum_3d rain_sum_3d rain_days_3d rain_max_daily_3d wind_gust_max_3d temperature_mean_7d temperature_max_7d temperature_min_7d humidity_mean_7d humidity_max_7d humidity_min_7d wind_speed_mean_7d wind_speed_max_7d precipitation_sum_7d rain_sum_7d rain_days_7d rain_max_daily_7d wind_gust_max_7d
feature_infos=-1:0:1:2:3:4:5 -1:0:1 [1:12] -1:1:0 [-0.99999942202469239:0.99998555065071859] [-0.99997919295908244:0.9999907524084426] [0:61] [23.658332999999999:32.533332999999999] [25.899999999999999:39.200000000000003] [17.899999999999999:29.300000000000001] [48.958333000000003:91.625] [63:100] [23:86] [2.8541669999999999:19.695833] [6.4000000000000004:30.100000000000001] [0:63.100000000000001] [0:63.100000000000001] [14:56.899999999999999] [0:1] [23.766667000000002:32.427778000000004] [27.699999999999999:39.200000000000003] [17.899999999999999:28.100000000000001] [52.569443999999997:90.694444000000004] [73:100] [23:79] [4.125:17.329167000000002] [9.6999999999999993:30.100000000000001] [0:93.900000000000006] [0:93.900000000000006] [0:3] [0:63.100000000000001] [17.300000000000001:56.899999999999999] [24.365476000000001:32.235118999999997] [28.699999999999999:39.200000000000003] [17.899999999999999:27.5] [55.767856999999999:89.523809999999997] [77:100] [23:72] [4.5327380000000002:15.469643] [11.6:30.100000000000001] [0:163.90000000000001] [0:163.90000000000001] [0:7] [0:63.100000000000001] [23:56.899999999999999]
tree_sizes=1453 1492 1480 1505 1500 1504 1760 1489 1509 1412 1481 1406 1514 1470 1498 1517 1494 1499 1518 1756 1526 1516 1541 1510 1506 1423 1499 1520 1523 1506 1507 1516 1400 1307 1508 1536 1520 1509 1388 1756 1515 1401 1518 1523 1529 1520 1103 1547 1112 1110 1113 1526 1096 1116 1097 1099 1002 1652 1125 1018 1510 1116 1118 1643 1111 1100 1128 1735 1641 1099 1759 1099 1736 1107 1116 1102 1131 1025 1009 1643 1020

Tree=0
num_leaves=13
num_cat=5
split_feature=0 0 4 1 42 19 0 32 0 26 4 43
split_gain=2541.78 117.769 208.235 129.732 126.993 80.3701 70.4497 61.6983 39.8878 29.6018 14.6752 7.0331
threshold=0 1 0.79383249484937135 2 2.5000000000000004 30.368750000000002 3 27.052083000000003 4 15.850000000000003 0.90162119223771342 5.0000000000000009
decision_type=1 1 2 1 2 2 1 2 1 2 2 2
left_child=1 2 3 -1 -4 9 7 11 -9 -3 -7 -2
right_child=6 5 4 -5 -6 10 -8 8 -10 -11 -12 -13
leaf_value=-0.93599109141414738 -1.0706112430933854 -1.0312134971296232 -0.94300963473671862 -0.97971289820144758 -1.0353386930413084 -0.97350633141212839 -1.0966497490751914 -1.0437158147033094 -1.0724054407130286 -1.0014243363979676 -0.87411627574396333 -1.0896205170902022
leaf_weight=344.82772904634476 70.167306303977966 112.61658829450607 47.101258099079132 342.88940566778183 164.56365483999252 7.5594611763954189 451.82317954301834 269.42694962024689 275.04808741807938 319.823357462883 12.017604947090147 290.3608421087265
leaf_count=1779 362 581 243 1769 849 39 2331 1390 1419 1650 62 1498
internal_value=-1.03089 -0.98255 -0.971671 -0.957685 -1.01448 -1.00508 -1.07904 -1.06955 -1.05927 -1.00917 -0.907864 -1.08604
internal_weight=2708.23 1351.4 899.382 687.717 211.665 452.017 1356.83 905.003 544.475 432.44 19.5771 360.528
internal_count=13972 6972 4640 3548 1092 2332 7000 4669 2809 2231 101 1860
cat_boundaries=0 1 2 3 4 5
cat_threshold=7 6 1 40 32
is_linear=0
shrinkage=1


Tree=1
num_leaves=13
num_cat=5
split_feature=0 4 0 1 42 0 34 0 21 38 34 33
split_gain=2292.82 101.191 162.987 101.618 96.8784 73.2694 54.8456 63.6189 53.095 51.3183 41.7023 28.6924
threshold=0 0.79383249484937135 1 2 3.5000000000000004 3 24.950000000000003 4 25.750000000000004 8.8827380000000016 21.050000000000004 32.050000000000004
decision_type=1 2 1 1 2 1 2 1 2 2 2 2
left_child=1 2 3 -1 10 6 11 -8 -6 -4 -3 -2
right_child=5 4 9 -5 8 -7 7 -9 -10 -11 -12 -13
leaf_value=0.086065131721630231 -0.055662560233603178 -0.059534209751284511 0.010690720190435835 0.047949589281654416 -0.012512125566890795 -0.06504269279126966 0.028816432836572925 -0.038992570478787736 0.050865449967768088 0.053022747099067749 0.065459700706320859 -0.035283471777256104
leaf_weight=359.17096883058548 272.01181699335575 6.3642158955335608 247.80001264810562 350.85559391975403 165.32531404495239 431.86074578762054 58.938038527965546 57.934287711977959 40.239987447857857 100.09886674582958 104.86427788436413 502.79965695738792
leaf_count=1775 1441 32 1268 1768 851 2301 306 305 205 510 528 2635
internal_value=-1.92056e-05 0.0450293 0.0527798 0.0663907 0.0204788 -0.0467948 -0.0372721 -0.00570584 8.03974e-05 0.0223472 0.0578411 -0.0425005
internal_weight=2698.26 1374.72 1057.93 710.027 316.794 1323.54 891.684 116.872 205.565 347.899 111.228 774.811
internal_count=13925 6937 5321 3543 1616 6988 4687 611 1056 1778 560 4076
cat_boundaries=0 1 2 3 4 5
cat_threshold=7 6 1 40 32
is_linear=0
shrinkage=0.05


Tree=2
num_leaves=13
num_cat=5
split_feature=0 0 1 35 0 32 7 43 0 39 5 43
split_gain=2106.56 94.7987 90.6181 72.4436 69.5375 60.3868 56.4948 47.5495 46.7086 40.5159 12.1332 11.3229
threshold=0 1 2 84.452381000000017 3 27.197321500000005 30.522916500000004 25.800000000000004 4 14.850000000000003 -0.4295879841196229 24.500000000000004
decision_type=1 1 1 2 1 2 2 2 1 2 2 2
left_child=1 2 3 -1 5 11 9 -4 -7 -3 -8 -2
right_child=4 6 7 -5 -6 8 10 -9 -10 -11 -12 -13
leaf_value=0.049755143285394314 -0.057307850136922182 -0.04122686127300261 0.027619217949957406 0.08914576919909345 -0.063979029051855568 -0.0080956427291661096 0.043664097940432287 0.067152029373684891 -0.040187438213544327 0.022219207985750229 0.13124686326717208 -0.038531540934022876
leaf_weight=278.1484864205122 271.43855813145638 25.857762590050697 373.25667415559292 208.22197958827019 421.72776409983635 243.17272052168846 7.5388480126857784 95.758056938648224 237.26696227490902 419.98410199582577 12.65381148457527 128.47335629165173
leaf_count=1358 1470 133 1854 994 2323 1275 37 475 1272 2122 60 698
internal_value=-0.00019675 0.0417378 0.0510919 0.0667671 -0.0459394 -0.0366147 0.0218255 0.0358163 -0.0249977 0.0184555 0.102151 -0.051387
internal_weight=2723.5 1421.42 955.385 486.37 1302.08 880.352 466.035 469.015 480.44 445.842 20.1927 399.912
internal_count=14071 7033 4681 2352 7038 4715 2352 2329 2547 2255 97 2168
cat_boundaries=0 1 2 3 4 5
cat_threshold=7 6 1 40 32
is_linear=0
shrinkage=0.05


Tree=3
num_leaves=13
num_cat=4
split_feature=0 4 0 35 37 0 32 38 0 42 39 43
split_gain=1921.74 78.5781 131.783 96.1456 84.9935 67.6816 49.918 43.1904 37.6583 30.5627 29.6303 8.24188
threshold=0 0.80417553764032002 1 68.148809500000013 32.500000000000007 2 27.157142500000003 9.1699405000000009 3 3.5000000000000004 19.450000000000003 5.0000000000000009
decision_type=1 2 1 2 2 1 2 2 1 2 2 2
left_child=1 2 4 9 -1 6 11 -4 -8 -3 -5 -2
right_child=5 3 7 10 -6 -7 8 -9 -10 -11 -12 -13
leaf_value=0.0042015294989751466 -0.033253063143307435 0.059320721464338068 0.0088270252575678686 -0.043261031594265066 0.063056719109698664 -0.062994410037538473 -0.010136761775824109 0.048090120258382829 -0.039148332651800906 0.016788901544447687 0.003732836585190131 -0.053559473379966908
leaf_weight=67.439763009548187 67.633412748575211 105.0770121961832 267.46379928290844 49.742732807993889 694.31616462767124 411.57800656557083 246.88348318636417 94.201473385095596 240.95432974398136 71.932988703250885 98.539932861924171 303.38196049630642
leaf_count=322 374 506 1350 254 3294 2346 1301 464 1319 360 497 1693
internal_value=-0.000334265 0.0388934 0.0454277 0.0174488 0.0571098 -0.0450142 -0.0357101 0.018644 -0.0255252 0.0422281 -0.0122159 -0.0499571
internal_weight=2719.15 1448.71 1123.42 325.293 761.756 1270.43 858.853 361.665 487.838 177.01 148.283 371.015
internal_count=14080 7047 5430 1617 3616 7033 4687 1814 2620 866 751 2067
cat_boundaries=0 1 2 3 4
cat_threshold=7 6 40 32
is_linear=0
shrinkage=0.05


Tree=4
num_leaves=13
num_cat=4
split_feature=0 0 4 42 8 0 32 7 0 39 43 4
split_gain=1710.12 74.7573 130.767 93.2134 79.9479 71.4395 54.6204 51.2408 38.5169 33.3136 9.62223 9.19048
threshold=0 1 0.80926549319045582 2.5000000000000004 33.350000000000001 2 27.125298000000004 30.522916500000004 3 14.850000000000003 35.100000000000001 0.90892735371523092
decision_type=1 1 2 2 2 1 2 2 1 2 2 2
left_child=1 2 4 -4 -1 6 10 9 -8 -3 -2 -9
right_child=5 7 3 -5 -6 -7 8 11 -10 -11 -12 -13
leaf_value=0.047595729645503654 -0.051039949828327318 -0.037771915051177662 0.069530411674093837 -0.0086848572220132956 0.094466472293630976 -0.06204810961405216 -0.0084673505196605613 0.044452720963599542 -0.037296735136673774 0.018872363252766703 -0.0066903391668173638 0.12176844938308536
leaf_weight=676.91232100129128 336.7561072409153 26.705150604248047 48.725331231951714 162.09824967384338 105.85762430727482 393.65933078527451 253.25577785074711 7.7961427867412594 242.07752971351147 429.85337847471237 13.027417063713072 12.298044234514235
leaf_count=3138 1929 140 227 816 497 2324 1343 37 1353 2133 74 55
internal_value=-0.000229367 0.0361157 0.0441981 0.00963508 0.0540467 -0.043302 -0.0338849 0.0186506 -0.0235255 0.0154838 -0.049412 0.0953009
internal_weight=2709.02 1470.25 993.594 210.824 782.77 1238.78 845.117 476.653 495.333 456.559 349.784 20.0942
internal_count=14066 7043 4678 1043 3635 7023 4699 2365 2696 2273 2003 92
cat_boundaries=0 1 2 3 4
cat_threshold=7 6 40 32
is_linear=0
shrinkage=0.05


Tree=5
num_leaves=13
num_cat=4
split_feature=0 26 5 34 4 0 32 4 0 39 1 43
split_gain=1569.14 66.4039 100.444 95.3773 77.848 65.9838 57.5875 54.2492 37.1603 32.5865 18.2673 12.6539
threshold=0 14.950000000000001 0.26659387353423863 20.350000000000005 0.80417553764032002 1 27.197321500000005 0.21022171450811272 2 18.850000000000005 3 24.500000000000004
decision_type=1 2 2 2 2 1 2 2 1 2 1 2
left_child=1 2 9 7 -5 6 11 -3 -8 -1 -4 -2
right_child=5 3 10 4 -6 -7 8 -9 -10 -11 -12 -13
leaf_value=-0.037548678882660266 -0.055201050715696302 0.048919207301838269 0.057758736644147574 0.049217606455973374 0.01984394566368371 -0.061170306448807346 -0.0068903085998886157 -0.069399437033497768 -0.036082302545338424 0.017292430636596016 0.021316394238868636 -0.034694953309905248
leaf_weight=88.044268473982811 248.31822155416012 13.194284677505491 72.100069686770439 873.21975287795067 306.65583011507988 377.49811559915543 236.58433456718922 30.292135313153267 223.69225153326988 38.229200333356857 68.402167230844498 118.65557570755482
leaf_count=425 1461 62 337 4070 1498 2310 1257 144 1275 180 329 693
internal_value=-0.000430849 0.0337686 0.0113395 0.0389222 0.0416065 -0.0426509 -0.0335082 -0.0332075 -0.0220565 -0.0209402 0.0402932 -0.048683
internal_weight=2694.89 1490.14 266.776 1223.36 1179.88 1204.75 827.25 43.4864 460.277 126.273 140.502 366.974
internal_count=14041 7045 1271 5774 5568 6996 4686 206 2532 605 666 2154
cat_boundaries=0 1 2 3 4
cat_threshold=7 40 32 1
is_linear=0
shrinkage=0.05


Tree=6
num_leaves=15
num_cat=1
split_feature=1 5 39 43 34 4 40 33 37 39 5 39 39 34
split_gain=62.7871 45.274 65.6318 47.6104 42.2402 42.0241 71.5051 68.8964 45.8685 37.9552 30.7002 11.4504 9.29753 8.97904
threshold=0 -0.95242240592625282 17.250000000000004 19.200000000000006 25.250000000000004 0.85226249403558707 8.3500000000000032 35.600000000000009 32.500000000000007 27.450000000000006 -0.39827153806311177 19.550000000000004 22.850000000000005 22.550000000000004
decision_type=1 2 2 2 2 2 2 2 2 2 2 2 2 2
left_child=5 2 -2 -4 10 7 9 8 -1 -7 -3 -8 -6 -9
right_child=1 4 3 -5 12 6 11 13 -10 -11 -12 -13 -14 -15
leaf_value=-0.027823509848793573 -0.062548593814605244 -0.027317646165797162 0.0014670754685202729 0.062177111372835617 0.0090063900957039391 -0.00057711090408973703 -0.06431306926956562 0.0027238156903064783 0.011357372456638901 0.06671458047749021 -0.0088249888107557687 -0.028967891289815167 0.041611651825513823 0.066380226565354986
leaf_weight=80.157817766070366 20.848377391695976 316.26119670271873 65.934463530778885 62.388437554240227 69.747594639658928 138.52654515206814 41.048594385385513 6.1895306110382071 944.45595632493496 23.686382502317429 772.96428765356541 57.485061436891556 31.385547921061516 59.988053619861603
leaf_count=421 111 1659 342 325 361 722 227 32 4890 121 4096 310 160 306
internal_value=-0.000417373 -0.00808586 0.0177992 0.0312358 -0.0113419 0.00718334 -0.0108198 0.0114928 0.00826802 0.0095974 -0.0142145 -0.0441907 0.0194334 0.0605557
internal_weight=2691.07 1339.53 149.171 128.323 1190.36 1351.54 260.747 1090.79 1024.61 162.213 1089.23 98.5337 101.133 66.1776
internal_count=14083 7054 778 667 6276 7029 1380 5649 5311 843 5755 537 521 338
cat_boundaries=0 1
cat_threshold=1
is_linear=0
shrinkage=0.05


Tree=7
num_leaves=13
num_cat=5
split_feature=0 0 0 4 42 1 9 0 19 39 5 4
split_gain=1445.81 69.2026 58.8316 100.859 86.6404 77.7705 50.5823 51.3648 46.8863 27.6015 18.0897 8.75892
threshold=0 1 2 0.80926549319045582 2.5000000000000004 3 24.950000000000003 4 30.368750000000002 14.850000000000003 -0.97507822412530132 0.90162119223771342
decision_type=1 1 1 2 2 1 2 1 2 2 2 2
left_child=2 6 3 5 -5 -1 10 -8 9 -4 -2 -10
right_child=1 -3 8 4 -6 -7 7 -9 11 -11 -12 -13
leaf_value=0.062885645073563548 -0.009399145062815327 -0.060385273788134491 -0.036968242011712754 0.064031084401252478 -0.0095107396004328829 0.031697285120650426 0.0075724927832343282 -0.035708538499668652 0.038174875879946203 0.016306197712091804 -0.043609563761653231 0.10583512583906288
leaf_weight=412.6632616519928 42.474921479821205 369.74434313178062 24.839632779359818 52.395216330885887 159.46004249155521 394.6049977093935 136.29405802488327 124.80040545761585 9.0849285274744052 429.08475594222546 511.57161147892475 15.345877319574354
leaf_count=1814 241 2348 133 236 805 1816 730 728 42 2082 3005 66
internal_value=-0.00032353 -0.0413809 0.0322303 0.0392632 0.00889271 0.0476984 -0.0320714 -0.0142462 0.0167011 0.0133161 -0.0410085 0.0831652
internal_weight=2682.36 1184.89 1497.48 1019.12 211.855 807.268 815.141 261.094 478.355 453.924 554.047 24.4308
internal_count=14046 7052 6994 4671 1041 3630 4704 1458 2323 2215 3246 108
cat_boundaries=0 1 2 3 4 5
cat_threshold=7 40 6 1 32
is_linear=0
shrinkage=0.05


Tree=8
num_leaves=13
num_cat=4
split_feature=0 0 0 4 42 8 32 39 44 0 5 32
split_gain=1325.62 69.4216 59.2842 102.804 81.1415 63.143 49.8116 42.6077 42.1237 38.2612 34.8349 8.51451
threshold=0 1 2 0.80926549319045582 2.5000000000000004 33.250000000000007 27.052083000000003 18.750000000000004 46.250000000000007 3 0.76556758748011056 25.091369000000004
decision_type=1 1 1 2 2 2 2 2 2 1 2 2
left_child=2 6 3 5 -5 -1 11 10 -9 -8 -4 -2
right_child=1 -3 7 4 -6 -7 9 8 -10 -11 -12 -13
leaf_value=0.040173393058926997 0.0053249563195872452 -0.059618924055346495 -0.022232730920127907 0.060340808308258366 -0.010447088005526409 0.079848031531852548 -0.0071528164282771535 0.033048391239577909 -0.016916546534238016 -0.035541184487169822 0.028091241686148002 -0.048759396050463449
leaf_weight=701.39442138373852 7.2707315385341635 354.27652230858803 105.63078263401985 52.819532707333565 162.52098770439625 117.81788963079453 261.88898177444935 282.53386031091213 48.918294280767441 238.50649565458298 49.787620037794113 291.95251406729221
leaf_count=3110 45 2335 529 233 824 520 1419 1346 229 1420 246 1815
internal_value=-4.18353e-06 -0.0402072 0.0305568 0.0375343 0.00711469 0.0459697 -0.0309144 0.0152286 0.0256455 -0.0215791 -0.00603514 -0.0474319
internal_weight=2675.32 1153.9 1521.42 1034.55 215.341 819.212 799.619 486.871 331.452 500.395 155.418 299.223
internal_count=14071 7034 7037 4687 1057 3630 4699 2350 1575 2839 775 1860
cat_boundaries=0 1 2 3 4
cat_threshold=7 40 6 32
is_linear=0
shrinkage=0.05


Tree=9
num_leaves=12
num_cat=3
split_feature=0 0 34 4 39 5 43 32 0 13 40
split_gain=1219.55 67.4115 59.0304 66.5359 50.8231 140.497 75.9302 46.388 28.5681 11.3651 9.16046
threshold=0 1 20.350000000000005 0.21022171450811272 18.750000000000004 0.097680735332368721 14.250000000000002 27.107440500000003 2 7.2229165000000011 11.250000000000002
decision_type=1 1 2 2 2 2 2 2 1 2 2
left_child=2 7 3 9 5 -4 -6 10 -9 -1 -2
right_child=1 -3 4 -5 6 -7 -8 8 -10 -11 -12
leaf_value=0.0033909251077232326 -0.02769698345783855 -0.058906406877461417 -0.012585162807203443 -0.069471511643593997 0.024549990813954786 0.042137535825915562 0.052222662978028772 -0.0077746507164332714 -0.033235727388371848 0.059308467066984727 -0.050064960187848721
leaf_weight=19.817025125026703 61.59608556330204 341.22522763907909 212.62859717011452 30.875340834259987 535.02275618910789 259.6082227230072 466.52693435549736 250.37816189229488 222.87233218550682 15.987316787242888 245.77447843551636
leaf_count=91 390 2336 1006 147 2461 1179 2099 1357 1353 73 1571
internal_value=3.36066e-05 -0.0394068 0.0288317 -0.0167901 0.0311012 0.0175237 0.0374793 -0.030183 -0.0206748 0.0292922 -0.0456868
internal_weight=2662.31 1121.85 1540.47 66.6797 1473.79 472.237 1001.55 780.621 473.25 35.8043 307.371
internal_count=14063 7007 7056 311 6745 2185 4560 4671 2710 164 1961
cat_boundaries=0 1 2 3
cat_threshold=7 40 32
is_linear=0
shrinkage=0.05


Tree=10
num_leaves=13
num_cat=5
split_feature=0 0 0 4 42 1 9 0 19 39 26 4
split_gain=1090.28 69.0723 54.7137 74.818 79.7385 66.1765 46.3751 43.2659 40.6576 28.3514 18.9387 7.44294
threshold=0 1 2 0.85226249403558707 2.5000000000000004 3 24.950000000000003 4 30.368750000000002 14.850000000000003 25.250000000000004 0.90892735371523092
decision_type=1 1 1 2 2 1 2 1 2 2 2 2
left_child=2 6 3 5 -5 -1 10 -8 9 -4 -2 -10
right_child=1 -3 8 4 -6 -7 7 -9 11 -11 -12 -13
leaf_value=0.053558725783820038 -0.0396334394562734 -0.058218141762391956 -0.042117640074669352 0.060340703869855433 -0.01276220204449406 0.02576518062841214 0.008533170446702305 -0.032096402083290301 0.036368294084382823 0.012132983235808553 0.0078129960768626334 0.095732873916709094
leaf_weight=442.42414624989033 498.24126151204109 324.99713696539402 24.489097967743874 48.944372400641441 146.46902658045292 421.07330417633057 132.72985169291496 114.57385835051537 10.789951369166376 445.12373991310596 21.642932683229446 14.704394966363905
leaf_count=1883 3116 2312 133 210 740 1876 716 711 48 2107 131 61
internal_value=1.97525e-05 -0.0380488 0.0268541 0.0334193 0.00576157 0.040051 -0.0288025 -0.0112926 0.0123916 0.00922047 -0.037647 0.072929
internal_weight=2646.2 1092.19 1554.02 1058.91 195.413 863.497 767.188 247.304 495.107 469.613 519.884 25.4943
internal_count=14044 6986 7058 4709 950 3759 4674 1427 2349 2240 3247 109
cat_boundaries=0 1 2 3 4 5
cat_threshold=7 40 6 1 32
is_linear=0
shrinkage=0.05


Tree=11
num_leaves=12
num_cat=3
split_feature=0 0 34 4 39 5 43 32 0 43 21
split_gain=1020.17 63.2859 47.0973 68.2736 44.2059 139.769 63.0136 41.2749 29.4922 15.2448 7.545
threshold=0 1 20.350000000000005 0.21022171450811272 18.750000000000004 0.76556758748011056 14.250000000000002 27.157142500000003 2 35.100000000000001 21.700000000000006
decision_type=1 1 2 2 2 2 2 2 1 2 2
left_child=2 7 3 10 5 -4 -6 9 -9 -2 -1
right_child=1 -3 4 -5 6 -7 -8 8 -10 -11 -12
leaf_value=0.041239506812919442 -0.045867973285931708 -0.057608935285018585 -0.0028702417467371907 -0.068747649249434425 0.02133122293609329 0.056601142522572423 0.046435726796378779 -0.0065926951419838474 -0.03291757324119364 0.0080399111275856784 -0.017033030987147174
leaf_weight=29.831204995512962 293.66264416277409 316.70666962862015 336.38412092626095 31.00817146897316 536.14847479760647 138.82436318695545 472.6411851644516 242.8621741682291 208.04062283039093 13.437828600406645 6.1910439729690543
leaf_count=134 1970 2343 1559 150 2430 614 2078 1328 1314 86 28
internal_value=-0.000691356 -0.0379128 0.0251892 -0.0154564 0.0272039 0.0145857 0.0331276 -0.028977 -0.0196589 -0.0434907 0.0310348
internal_weight=2625.74 1074.71 1551.03 67.0304 1484 475.208 1008.79 758.003 450.903 307.1 36.0222
internal_count=14034 7041 6993 312 6681 2173 4508 4698 2642 2056 162
cat_boundaries=0 1 2 3
cat_threshold=7 40 32
is_linear=0
shrinkage=0.05


Tree=12
num_leaves=13
num_cat=3
split_feature=0 0 26 5 34 44 9 4 0 39 4 5
split_gain=916.495 68.4972 44.3136 79.702 67.5568 48.6396 44.2727 41.2892 37.6065 28.2445 17.4941 11.875
threshold=0 1 14.950000000000001 0.26659387353423863 20.350000000000005 46.600000000000001 25.050000000000004 0.21022171450811272 2 18.850000000000005 -0.32614396506100213 0.85561368268953431
decision_type=1 1 2 2 2 2 2 2 1 2 2 2
left_child=2 6 3 9 7 -6 10 -4 -8 -1 -2 -5
right_child=1 -3 4 11 5 -7 8 -9 -10 -11 -12 -13
leaf_value=-0.039627439686484328 -0.046338704608217256 -0.057003780728601183 0.035942052767449294 0.01702171925781483 0.03361009575306894 0.0021260214614626338 0.012044237685307491 -0.067166662332236213 -0.029042247862489462 0.010533511333264694 -0.027514826637109326 0.045699591214994437
leaf_weight=84.665055751800537 208.13222208619118 302.70493079721928 13.710155814886091 78.14076329767704 1115.6099548041821 137.9705965667963 111.38056927919388 28.476776942610741 93.407203897833824 41.209514275193214 321.57097053527832 69.328664526343346
leaf_count=414 1421 2329 60 349 4968 603 597 142 602 182 2014 308
internal_value=-8.55205e-06 -0.0362595 0.0240393 0.0058723 0.0280495 0.0301494 -0.0269951 -0.0336014 -0.00757207 -0.0232519 -0.0349845 0.0307208
internal_weight=2606.31 1037.2 1569.11 273.344 1295.77 1253.58 734.491 42.1869 204.788 125.875 529.703 147.469
internal_count=13989 6963 7026 1253 5773 5571 4634 202 1199 596 3435 657
cat_boundaries=0 1 2 3
cat_threshold=7 40 32
is_linear=0
shrinkage=0.05


Tree=13
num_leaves=13
num_cat=6
split_feature=0 0 0 37 1 34 8 0 32 5 5 1
split_gain=876.125 63.5715 42.8561 48.6425 47.1348 40.9673 39.4973 37.1105 20.7519 16.8072 15.4869 2.64386
threshold=0 1 2 25.500000000000004 3 24.950000000000003 33.250000000000007 4 27.000297500000006 -0.98521978256641018 0.63089349388778826 5
decision_type=1 1 1 2 1 2 2 1 2 2 2 1
left_child=2 5 3 11 -5 8 9 -7 -2 -4 -8 -1
right_child=1 -3 6 4 -6 7 10 -9 -10 -11 -12 -13
leaf_value=-0.067643532605363182 -0.043612125131063204 -0.056453783721114904 0.036057545757510558 0.040872149894034759 0.019733030635490818 0.026134985334969447 0.022486289893443125 -0.028279018174962187 -0.024826716510173503 -0.0016486554644360924 0.059826845661017571 -0.025558449031329335
leaf_weight=9.5534992665052414 246.60336065292358 293.53635741770267 31.467414811253548 537.8762184381485 523.42033486068249 57.633391216397285 106.25613509118557 46.703868597745895 379.281603500247 328.55991069972515 37.863348335027695 8.7501325905323029
leaf_count=44 1754 2351 145 2295 2320 298 482 304 2337 1543 172 41
internal_value=-0.000189906 -0.036018 0.0230598 0.028801 0.0304749 -0.0270873 0.010413 0.0015372 -0.0322861 0.00173772 0.0326411 -0.0498908
internal_weight=2607.51 1023.76 1583.75 1079.6 1061.3 730.222 504.147 104.337 625.885 360.027 144.119 18.3036
internal_count=14086 7044 7042 4700 4615 4693 2342 602 4091 1688 654 85
cat_boundaries=0 1 2 3 4 5 6
cat_threshold=7 40 6 1 32 1
is_linear=0
shrinkage=0.05


Tree=14
num_leaves=13
num_cat=4
split_feature=0 0 32 6 8 4 0 4 42 43 0 43
split_gain=761.514 66.7122 39.9818 36.7468 56.4107 70.9703 45.0236 61.824 44.9482 32.3408 25.599 15.7376
threshold=0 1 27.197321500000005 2.5000000000000004 33.250000000000007 -0.17647087149565663 2 0.79383249484937135 2.5000000000000004 5.9500000000000011 3 24.500000000000004
decision_type=1 1 2 2 2 2 1 2 2 2 1 2
left_child=3 2 11 4 5 -1 7 -5 -6 -8 -4 -2
right_child=1 -3 10 6 8 -7 9 -9 -10 -11 -12 -13
leaf_value=0.025747851264924383 -0.047850841386849793 -0.05589971486552367 -0.0033868699689124562 0.037888236057878659 0.059063646709784146 -0.041665776549865335 0.03439830621952044 0.0010265084026656955 0.0083962228957243559 0.0017968462773040449 -0.028659593440186801 -0.023171718221696183
leaf_weight=63.931339427828789 199.57936856150627 279.34197294712067 225.40173134207726 709.74223694205284 63.65699115395546 97.219666495919228 102.47630216181278 135.48906053602695 136.80289646983147 287.67917054891586 187.46477496623993 100.01081973314285
leaf_count=279 1455 2329 1250 2988 271 448 466 642 627 1342 1249 706
internal_value=-0.000368661 -0.0345604 -0.0254709 0.0209592 0.00704707 -0.0149278 0.025192 0.031614 0.0246992 0.0101659 -0.015678 -0.0397168
internal_weight=2588.8 991.799 712.457 1597 361.611 161.151 1235.39 845.231 200.46 390.155 412.867 299.59
internal_count=14052 6989 4660 7063 1625 727 5438 3630 898 1808 2499 2161
cat_boundaries=0 1 2 3 4
cat_threshold=7 40 6 32
is_linear=0
shrinkage=0.05


Tree=15
num_leaves=13
num_cat=3
split_feature=0 0 26 5 34 4 32 4 34 0 4 43
split_gain=753.349 65.0528 47.1757 72.1455 55.8346 39.9099 35.8737 30.6853 29.9179 24.2618 18.4201 18.3266
threshold=0 1 14.950000000000001 0.26659387353423863 20.350000000000005 0.79383249484937135 27.211012000000004 0.21022171450811272 25.150000000000002 2 0.39036257410962039 24.500000000000004
decision_type=1 1 2 2 2 2 2 2 2 1 2 2
left_child=2 6 3 8 7 -6 11 -4 -1 -8 -5 -2
right_child=1 -3 4 10 5 -7 9 -9 -10 -11 -12 -13
leaf_value=-0.031323557425669279 -0.047709945307882889 -0.055421545025599241 0.025180615383803808 0.029412995720748333 0.03256876131638297 0.012398791496281272 -0.0040855942229928409 -0.065806564972086729 0.063281645377701451 -0.028634205979273394 -0.05274388085362855 -0.020805806059583473
leaf_weight=119.05164705216885 195.44416046142578 272.43314974009991 13.841119512915609 148.54327711462975 938.30204428732395 334.27082890272141 229.05529734492302 24.614258497953415 8.0613857954740507 189.18427205085754 6.2560977339744559 96.992204636335373
leaf_count=564 1467 2366 59 649 4011 1538 1272 126 36 1284 28 694
internal_value=0.000168184 -0.0340328 0.0213635 0.00292944 0.025485 0.0272845 -0.0251138 -0.0332497 -0.0248767 -0.0160121 0.0257755 -0.038888
internal_weight=2576.05 983.109 1592.94 281.912 1311.03 1272.57 710.676 38.4554 127.113 418.24 154.799 292.436
internal_count=14094 7083 7011 1277 5734 5549 4717 185 600 2556 677 2161
cat_boundaries=0 1 2 3
cat_threshold=7 40 32
is_linear=0
shrinkage=0.05


Tree=16
num_leaves=13
num_cat=4
split_feature=0 0 39 33 5 43 37 0 2 4 1 38
split_gain=658.6 70.0744 37.0073 36.9988 36.6949 33.613 31.3681 32.1665 19.6943 18.1833 7.80665 5.5104
threshold=0 1 14.850000000000003 32.050000000000004 0.097680735332368721 27.150000000000002 25.500000000000004 2 6.5000000000000009 0.95752911693909504 3 5.6142855000000003
decision_type=1 1 2 2 2 2 2 1 2 2 1 2
left_child=2 3 4 8 11 -5 9 -8 -2 -4 -6 -1
right_child=1 -3 6 5 10 -7 7 -9 -10 -11 -12 -13
leaf_value=-0.018200155214459408 0.012419696389073471 -0.054920181977429622 -0.063575995657696671 -0.021686457436518636 0.032680756687593307 0.014626646491822271 0.027672457549449483 0.011122077868770411 -0.046672784872540438 0.016516065623657133 -0.0052371467151872244 -0.065721541841766734
leaf_weight=9.4669561535119993 14.897995993494986 259.52905393391848 15.926866143941881 429.93322481215 26.08450636267662 74.064093336462975 1022.5125738829374 479.01470191776752 178.47953491657972 11.608095854520796 26.736421957612038 23.158027410507202
leaf_count=46 106 2348 79 2769 113 469 4366 2174 1367 49 121 124
internal_value=0.000334022 -0.0323217 0.0197745 -0.0231895 -0.0120112 -0.0163317 0.0216866 0.0226617 -0.0420798 -0.0304155 0.0137471 -0.0528834
internal_weight=2571.41 956.904 1614.51 697.375 85.4459 503.997 1529.06 1501.53 193.378 27.535 52.8209 32.625
internal_count=14131 7059 7072 4711 404 3238 6668 6540 1473 128 234 170
cat_boundaries=0 1 2 3 4
cat_threshold=7 40 6 1
is_linear=0
shrinkage=0.05


Tree=17
num_leaves=13
num_cat=4
split_feature=0 0 9 1 21 5 39 0 34 34 35 26
split_gain=585.816 66.7324 40.3398 36.1935 42.1872 58.7896 43.1839 35.3569 33.211 34.0474 27.9202 20.9873
threshold=0 1 24.950000000000003 2 22.550000000000004 0.26659387353423863 18.750000000000004 3 25.250000000000004 24.550000000000004 65.994048000000006 25.250000000000004
decision_type=1 1 2 1 2 2 2 1 2 2 2 2
left_child=3 2 11 4 6 -6 -1 -4 9 -5 -10 -2
right_child=1 -3 7 8 5 -7 -8 -9 10 -11 -12 -13
leaf_value=0.033437495071399335 -0.034303219959899621 -0.054435729032673977 0.010529061100081108 0.011478801874174743 0.020556324569037776 0.052422723310406295 -0.026869079826798856 -0.0268745456742931 0.0005768998501060142 -0.02028447994718054 0.069764110840032117 0.017373503816217495
leaf_weight=49.531508460640907 428.54208635538816 246.90165492892265 134.04909844696522 634.04237797856331 491.98351830244064 205.66826403141022 70.960519820451736 102.74480682611465 22.735370755195618 96.362259387969971 39.742560297250748 20.008868776261806
leaf_count=209 3106 2328 734 2801 2133 870 314 722 99 432 171 133
internal_value=-0.000410149 -0.0317397 -0.0228325 0.017814 0.0252998 0.0300122 -0.00200726 -0.0064325 0.010292 0.00726627 0.044993 -0.0319645
internal_weight=2543.27 932.247 685.345 1611.03 818.144 697.652 120.492 236.794 792.883 730.405 62.4779 448.551
internal_count=14052 7023 4695 7029 3526 3003 523 1456 3503 3233 270 3239
cat_boundaries=0 1 2 3 4
cat_threshold=7 40 1 32
is_linear=0
shrinkage=0.05


Tree=18
num_leaves=13
num_cat=3
split_feature=0 0 9 26 5 25 39 4 25 0 26 4
split_gain=543.217 65.887 34.9687 34.6907 57.7087 44.2078 34.0566 30.9944 26.3789 23.5254 14.8452 12.5532
threshold=0 1 24.950000000000003 14.950000000000001 0.26659387353423863 6.7881945000000004 20.350000000000005 -0.62588817255938378 6.4368055000000011 2 25.250000000000004 0.39036257410962039
decision_type=1 1 2 2 2 2 2 2 2 1 2 2
left_child=3 2 10 4 8 7 -7 -5 -1 -4 -2 -6
right_child=1 -3 9 5 11 6 -8 -9 -10 -11 -12 -13
leaf_value=-0.0032661857574829466 -0.032814980078443488 -0.054008004140390087 0.0070756926621602908 0.013611776313654731 0.024439166373100656 0.0031148613854138311 0.022167813610779203 0.054094392144199671 -0.049167770789643031 -0.023799930711911291 0.011125885747220341 -0.041485724698481968
leaf_weight=69.670741975307465 419.67642310261726 238.66316925734282 133.80240193009377 70.761686131358147 149.74600405991077 336.70946598052979 774.71943818032742 146.77478082478046 56.060007333755493 99.40064961463213 19.68172425031662 6.699524149298667
leaf_count=321 3112 2346 730 301 643 1476 3337 620 278 711 129 30
internal_value=-0.000441586 -0.0310783 -0.0222033 0.0169818 0.00115952 0.0204656 0.0164037 0.0410485 -0.023959 -0.00684428 -0.0308258 0.0213705
internal_weight=2522.37 911.224 672.561 1611.14 282.176 1328.97 1111.43 217.536 125.731 233.203 439.358 156.446
internal_count=14034 7028 4682 7006 1272 5734 4813 921 599 1441 3241 673
cat_boundaries=0 1 2 3
cat_threshold=7 40 32
is_linear=0
shrinkage=0.05


Tree=19
num_leaves=15
num_cat=1
split_feature=1 5 39 38 4 39 33 37 34 5 5 39 24 33
split_gain=42.6539 42.6663 60.547 38.0583 35.2427 65.3968 60.6863 42.3212 32.335 30.5885 29.7029 8.76305 7.09237 2.04457
threshold=0 -0.95242240592625282 17.250000000000004 8.5220240000000018 0.878110924644389 27.450000000000006 35.600000000000009 32.500000000000007 25.250000000000004 -0.39827153806311177 0.23328369003117272 22.850000000000005 46.500000000000007 37.350000000000009
decision_type=1 2 2 2 2 2 2 2 2 2 2 2 2 2
left_child=4 2 -2 -4 6 10 7 -1 9 -3 -6 -10 -8 -7
right_child=1 8 3 -5 5 13 12 -9 11 -11 -12 -13 -14 -15
leaf_value=-0.027780280135636232 -0.062006267593262568 -0.026502736785185513 0.056220950637558692 -0.00016129109853223829 -0.032147995883848562 0.047965396969367746 0.042261231211785183 0.0099676991387833459 0.0068422635107347266 -0.0071207761311134548 0.011524647405599173 0.038668564441879404 0.078559978117910628 0.087117153118789925
leaf_weight=80.03455026447773 18.857879921793938 285.43818370252848 69.334497086703777 52.090556852519512 149.02633659541607 14.54540141671896 56.464888274669647 890.88695745170116 68.030738905072212 707.75075963884592 51.992148295044899 31.107624277472496 20.303656831383705 8.8950150310993195
leaf_count=466 113 1623 368 288 853 75 299 4909 361 4056 288 161 102 46
internal_value=-2.93668e-05 -0.00665524 0.0192125 0.0322296 0.00639076 -0.0115527 0.0102423 0.00683069 -0.00999186 -0.0127121 -0.0208512 0.0171151 0.0527482 0.065779
internal_weight=2504.76 1232.61 140.283 121.425 1272.15 224.459 1047.69 970.922 1092.33 993.189 201.018 99.1384 76.7685 23.4404
internal_count=14008 6970 769 656 7038 1262 5776 5375 6201 5679 1141 522 401 121
cat_boundaries=0 1
cat_threshold=1
is_linear=0
shrinkage=0.05


Tree=20
num_leaves=13
num_cat=2
split_feature=0 0 33 26 34 5 44 43 4 34 2 4
split_gain=489.64 66.5657 33.2708 31.6987 52.7384 46.5524 37.8046 30.6201 30.5335 25.2392 20.0398 10.9457
threshold=0 1 32.050000000000004 14.950000000000001 20.350000000000005 0.26659387353423863 46.600000000000001 24.200000000000006 0.21022171450811272 25.150000000000002 1.5000000000000002 0.39036257410962039
decision_type=1 1 2 2 2 2 2 2 2 2 2 2
left_child=3 2 10 5 8 9 -6 -4 -5 -1 -2 -7
right_child=1 -3 7 4 6 11 -8 -9 -10 -11 -12 -13
leaf_value=-0.02829180327925368 0.046195681614606209 -0.053559320176391693 -0.02023259533201506 0.021969850681280163 0.02408484976446508 0.021770528168664413 -0.0031420117921512145 0.013097658528043569 -0.064852916461680718 0.053956503654343374 -0.043027962212695697 -0.040097035108193985
leaf_weight=115.53138753771782 5.7466757223010054 226.37689230591059 398.74278636276722 14.967358812689779 1164.5314499288797 150.48823300004005 142.9108069986105 82.536335483193398 27.881519377231598 9.2216316163539869 170.90967441350222 6.6058844923973075
leaf_count=562 45 2321 2667 63 4986 643 607 537 148 40 1401 30
internal_value=-0.00017789 -0.0299255 -0.0210468 0.0160333 0.0193128 0.000875547 0.0211087 -0.0145014 -0.0347158 -0.0218314 -0.0398818 0.0189318
internal_weight=2516.45 884.312 657.935 1632.14 1350.29 281.847 1307.44 481.279 42.8489 124.753 176.656 157.094
internal_count=14050 6971 4650 7079 5804 1275 5593 3204 211 602 1446 673
cat_boundaries=0 1 2
cat_threshold=7 40
is_linear=0
shrinkage=0.05


Tree=21
num_leaves=13
num_cat=3
split_feature=0 0 34 0 4 39 8 8 5 43 4 35
split_gain=455.255 65.301 34.1673 32.0832 53.7906 58.4399 48.6851 28.4896 23.2719 22.1569 17.0078 14.6783
threshold=0 1 25.150000000000002 2 0.80417553764032002 29.150000000000002 33.250000000000007 33.350000000000001 -0.95242240592625282 7.3000000000000016 0.99466373373798567 81.154761500000021
decision_type=1 1 2 1 2 2 2 2 2 2 2 2
left_child=3 2 8 4 6 -6 -1 10 -2 -4 -5 -9
right_child=1 -3 9 7 5 -7 -8 11 -10 -11 -12 -13
leaf_value=0.021044672765474656 0.001223245126706499 -0.053153722279983918 -0.016960600867319736 -0.0037944456474112071 -0.0070270589274463438 0.099817358211258977 0.05449641969492787 0.02698901212764326 -0.028680319469160765 0.037608238513391165 0.081248494050093281 -0.041754530350162196
leaf_weight=755.69298107922077 74.505199939012527 217.39469257742167 35.106202110648155 371.94334565103054 223.6996892541647 12.571150228381155 126.84405936300755 141.10872536897659 508.00834531337023 37.553336471319199 4.9741444885730735 7.3421748578548423
leaf_count=3136 501 2324 213 1700 1036 52 520 611 3768 221 23 34
internal_value=-0.000232058 -0.0292096 -0.0205181 0.0152397 0.0200628 -0.000945508 0.0259088 0.00476786 -0.02486 0.0113704 -0.00246012 0.0233324
internal_weight=2516.74 872.568 655.173 1644.18 1118.81 236.271 882.537 525.368 582.514 72.6595 376.917 148.451
internal_count=14139 7027 4703 7112 4744 1088 3656 2368 4269 434 1723 645
cat_boundaries=0 1 2 3
cat_threshold=7 40 6
is_linear=0
shrinkage=0.05


Tree=22
num_leaves=13
num_cat=2
split_feature=0 0 32 39 34 34 4 4 25 36 5 43
split_gain=426.773 62.8154 32.9021 32.3258 90.8718 69.9118 53.6131 47.6659 43.8458 34.729 23.2265 12.5431
threshold=0 1 27.197321500000005 18.750000000000004 24.450000000000003 22.550000000000004 0.94138322595482449 -0.66528616069191593 6.6145835000000011 94.500000000000014 -0.59867820553660911 24.500000000000004
decision_type=1 1 2 2 2 2 2 2 2 2 2 2
left_child=3 2 11 4 7 9 -7 -1 -6 -5 -4 -2
right_child=1 -3 10 5 8 6 -8 -9 -10 -11 -12 -13
leaf_value=-0.0077277777255887097 -0.042693061658633943 -0.052778172450814669 0.0033027748765184503 -0.032576867046670857 0.032324351977753518 0.030832184708034741 -0.0012274791137553318 0.026109154737289759 -0.063038710422477912 0.0099111304635599203 -0.021479208774570026 -0.019061587071078509
leaf_weight=168.39265994727612 166.06510595977306 210.2375603467226 158.29972062259912 80.495231181383133 14.184294313192366 752.96892781555653 157.58551248908043 269.94690696895123 63.110796466469765 116.53534209728241 232.89927750825882 88.514211274683475
leaf_count=732 1446 2345 996 361 63 3155 711 1172 303 507 1548 707
internal_value=-0.000498636 -0.0288497 -0.0203062 0.0145491 0.00428645 0.0194499 0.0252885 0.0131223 -0.0453495 -0.00752384 -0.0114683 -0.0345834
internal_weight=2479.24 856.016 645.778 1623.22 515.635 1107.59 910.554 438.34 77.2951 197.031 391.199 254.579
internal_count=14046 7042 4697 7004 2270 4734 3866 1904 366 868 2544 2153
cat_boundaries=0 1 2
cat_threshold=7 40
is_linear=0
shrinkage=0.05


Tree=23
num_leaves=13
num_cat=3
split_feature=0 0 4 43 43 1 5 34 34 44 32 19
split_gain=393.774 65.6757 36.954 30.9178 43.058 28.54 28.0597 27.1838 26.6367 25.8929 18.3035 13.3746
threshold=0 1 -0.30983472475487861 27.750000000000004 37.550000000000004 2 -0.77788789561442695 24.950000000000003 20.250000000000004 46.600000000000001 28.780059500000004 28.145833500000006
decision_type=1 1 2 2 2 1 2 2 2 2 2 2
left_child=3 2 11 5 6 8 -5 -4 -1 -7 -6 -2
right_child=1 -3 7 4 10 9 -8 -9 -10 -11 -12 -13
leaf_value=-0.030877163139074289 -0.038844299331090473 -0.052387692068020145 -0.017472091583166847 0.060841734278702479 -0.043605589397088557 0.0073284313816809488 0.024224499631604269 0.012763259651186652 0.020601027463072089 -0.026619896239251102 0.021856434928611439 0.049390239735431288
leaf_weight=25.252340212464333 194.10503729432821 201.16100864857435 343.70582865178585 88.264498740434647 24.042650640010834 614.55132763087749 132.23537848889828 93.993226394057274 667.59182211756706 60.825976610183716 17.791990607976913 3.5746454596519461
leaf_count=117 1644 2342 2454 365 115 2687 564 564 2834 262 78 23
internal_value=0.000213885 -0.027465 -0.0188173 0.0145019 0.0302934 0.0115601 0.0390906 -0.0109649 0.018683 0.00423613 -0.0159047 -0.0370082
internal_weight=2467.1 836.54 635.379 1630.56 262.335 1368.22 220.5 437.699 692.844 675.377 41.8346 197.68
internal_count=14049 7027 4685 7022 1122 5900 929 3018 2951 2949 193 1667
cat_boundaries=0 1 2 3
cat_threshold=7 40 1
is_linear=0
shrinkage=0.05


Tree=24
num_leaves=13
num_cat=4
split_feature=0 0 33 0 4 42 1 38 44 4 44 2
split_gain=375.83 57.8558 39.3225 35.0021 45.3958 60.1451 46.9423 29.4974 37.3482 25.8848 19.6079 16.0879
threshold=0 1 32.050000000000004 2 0.80926549319045582 3.5000000000000004 3 11.183035500000001 45.20000000000001 0.98372640911059162 46.250000000000007 5.5000000000000009
decision_type=1 1 2 1 2 2 1 2 2 2 2 2
left_child=3 2 11 4 6 -6 -1 10 -9 -4 -5 -2
right_child=1 -3 9 7 5 -7 -8 8 -10 -11 -12 -13
leaf_value=0.034831679218625448 0.021453329429359357 -0.052026175095664123 -0.0086741423445820844 -9.4889672787994253e-05 0.030447177158191948 -0.021645833225698446 0.011825930219953082 0.057839985607030922 -0.011094137916234316 -0.048327889167494691 -0.047368194495026696 -0.045056282267357951
leaf_weight=451.9258808940649 9.0952986478805524 193.48381843417883 418.00410654395819 425.27078619599342 89.846532210707664 141.04987449944019 437.42828717827797 47.846262469887733 32.406762048602104 44.760793276131153 22.128226906061172 152.90564170479774
leaf_count=1833 73 2351 2910 1918 382 678 1830 201 142 306 98 1386
internal_value=-0.000499155 -0.02798 -0.0197618 0.0132442 0.0182561 -0.00133149 0.0235423 0.00244807 0.0302099 -0.0126056 -0.00253344 -0.0412135
internal_weight=2466.15 818.25 624.766 1647.9 1120.25 230.896 889.354 527.652 80.253 462.765 447.399 162.001
internal_count=14108 7026 4675 7082 4723 1060 3663 2359 343 3216 2016 1459
cat_boundaries=0 1 2 3 4
cat_threshold=7 40 6 1
is_linear=0
shrinkage=0.05


Tree=25
num_leaves=12
num_cat=2
split_feature=0 0 34 26 5 4 33 44 26 32 25
split_gain=325.272 61.2836 33.376 37.6702 37.1386 33.512 33.1519 32.0708 31.0991 17.1412 8.38081
threshold=0 1 20.350000000000005 14.950000000000001 0.85561368268953431 0.21022171450811272 32.050000000000004 46.600000000000001 25.250000000000004 25.475297500000003 6.6458330000000005
decision_type=1 1 2 2 2 2 2 2 2 2 2
left_child=2 6 5 4 -4 10 9 -5 -8 -2 -1
right_child=1 -3 3 7 -6 -7 8 -9 -10 -11 -12
leaf_value=-0.01650776034377396 0.037408186409721621 -0.051670531649603793 -0.012777587323229953 0.019857399325797526 0.035649887825321712 -0.064212007125921289 -0.014679411317079947 -0.0052463450653231934 0.043019423385554915 -0.041663366197258141 0.028805836741998936
leaf_weight=18.559124514460564 6.4333392530679694 185.48458134382963 210.75634878873825 1170.0022860169411 47.702255383133888 26.926213711500168 433.94361342489719 142.31847867369652 23.723768971860409 150.62805712968111 20.446899309754372
leaf_count=79 56 2351 969 4952 199 146 3054 602 152 1402 86
internal_value=-0.000606855 -0.0265193 0.0121583 0.0136989 -0.00373665 -0.022385 -0.0181554 0.017133 -0.0116012 -0.0382084 0.00737185
internal_weight=2436.92 800.213 1636.71 1570.78 258.459 65.9322 614.729 1312.32 457.667 157.061 39.006
internal_count=14048 7015 7033 6722 1168 311 4664 5554 3206 1458 165
cat_boundaries=0 1 2
cat_threshold=7 40
is_linear=0
shrinkage=0.05


Tree=26
num_leaves=13
num_cat=4
split_feature=0 0 33 0 4 42 1 7 43 4 2 4
split_gain=303.137 62.213 31.9347 26.9492 45.3099 61.3306 44.8062 27.2437 26.2205 18.7195 17.4699 10.0925
threshold=0 1 32.050000000000004 2 0.8697513045430848 2.5000000000000004 3 30.522916500000004 24.200000000000006 -0.63921128368950708 6.5000000000000009 0.90892735371523092
decision_type=1 1 2 1 2 2 1 2 2 2 2 2
left_child=3 2 10 4 6 -6 -1 9 -4 -5 -2 -9
right_child=1 -3 8 7 5 -7 -8 11 -10 -11 -12 -13
leaf_value=0.032071915679917018 0.017703681477910124 -0.051298271643001284 -0.01621405452578191 -0.016584897979210519 0.042006001452167846 -0.021909535027301894 0.010067734828394227 0.013134630376466087 0.015039810428677719 0.0057550189203566379 -0.042294814150709265 0.080113730585059661
leaf_weight=474.93307718634605 12.748457841575144 176.46442677825689 374.11926279217005 123.25941921770573 49.787569537758827 142.90288305282593 452.75505724549294 9.7763184159994143 80.900455325841904 381.19093868136406 138.28351830691099 13.886271238327025
leaf_count=1931 99 2335 2670 557 202 684 1898 40 543 1702 1349 56
internal_value=7.03626e-05 -0.0253487 -0.0170132 0.0122241 0.0166283 -0.00526336 0.0213553 0.00273194 -0.0106365 0.000274382 -0.0371473 0.0540956
internal_weight=2431.01 782.516 606.052 1648.49 1120.38 192.69 927.688 528.113 455.02 504.45 151.032 23.6626
internal_count=14066 6996 4661 7070 4715 886 3829 2355 3213 2259 1448 96
cat_boundaries=0 1 2 3 4
cat_threshold=7 40 6 1
is_linear=0
shrinkage=0.05


Tree=27
num_leaves=13
num_cat=3
split_feature=0 0 8 36 34 4 0 19 34 33 39 34
split_gain=278.76 56.4662 27.8431 54.5951 60.1269 48.1663 34.535 31.6125 31.3047 25.8257 24.3208 13.8832
threshold=0 1 33.250000000000007 95.500000000000014 24.550000000000004 0.79904096188274243 2 27.512500000000003 21.050000000000004 32.050000000000004 25.250000000000004 20.850000000000005
decision_type=1 1 2 2 2 2 1 2 2 2 2 2
left_child=2 9 3 8 -5 7 -7 -4 -1 11 -11 -2
right_child=1 -3 5 4 -6 6 -8 -9 -10 10 -12 -13
leaf_value=-0.066617522788335715 0.0075518285882795622 -0.050955002992003562 -0.019922597990960179 0.014356919938430352 -0.021118850843378868 0.019758688329573591 -0.016544687519249309 0.047458357974694998 -0.0069960760837257611 -0.015800249773364146 0.022277373058918651 -0.041222007089331707
leaf_weight=34.874013811349869 16.065355189144611 169.11237954348326 18.841742232441902 945.53251327574253 135.78824445605278 180.14815065264702 90.713034525513649 169.07265584170818 57.696269378066063 406.02179708331823 45.873034194111824 132.33455185592175
leaf_count=175 147 2337 82 4016 585 789 405 695 251 2918 302 1314
internal_value=-0.000941216 -0.0255404 0.0107504 0.00672403 0.00988661 0.0212497 0.00770256 0.0406325 -0.0299292 -0.0175926 -0.0118942 -0.0359267
internal_weight=2402.07 769.407 1632.67 1173.89 1081.32 458.776 270.861 187.914 92.5703 600.295 451.895 148.4
internal_count=14016 7018 6998 5027 4601 1971 1194 777 426 4681 3220 1461
cat_boundaries=0 1 2 3
cat_threshold=7 40 3
is_linear=0
shrinkage=0.05


Tree=28
num_leaves=13
num_cat=3
split_feature=0 0 43 8 34 43 5 34 5 33 1 32
split_gain=264.327 57.6929 29.5697 34.3216 45.5081 32.1366 29.6864 27.518 26.3398 24.5387 21.9822 17.0073
threshold=0 1 27.750000000000004 33.250000000000007 24.550000000000004 37.550000000000004 0.60383265664488517 23.750000000000004 -0.77788789561442695 32.050000000000004 2 28.780059500000004
decision_type=1 1 2 2 2 2 2 2 2 2 1 2
left_child=2 7 3 4 -1 8 -5 10 -4 -9 -2 -7
right_child=1 -3 5 6 -6 11 -8 9 -10 -11 -12 -13
leaf_value=0.0068060818182041159 -0.014269800957175375 -0.050639622624912908 0.054690413275587116 0.011232451443673568 -0.026696852959657725 -0.042897223661828389 0.039499414236562794 -0.036675442078964442 0.019341173883692803 -0.00039718928048772148 -0.042682492199802871 0.021145258221666595
leaf_weight=805.09262406826019 138.70232435315847 162.84285182505846 90.110264271497726 324.44004416465759 114.9450076520443 22.087477207183838 129.90231807529926 55.637009188532829 129.31471753120422 263.46683681756258 135.61884178221226 17.976844176650047
leaf_count=3454 1195 2348 369 1416 495 108 533 535 548 1747 1192 78
internal_value=-0.000284018 -0.024516 0.0110229 0.00815558 0.00259595 0.026543 0.0193833 -0.0165562 0.0340401 -0.00681726 -0.0284205 -0.0143462
internal_weight=2390.14 756.268 1633.87 1374.38 920.038 259.489 454.342 593.425 219.425 319.104 274.321 40.0643
internal_count=14018 7017 7001 5898 3949 1103 1949 4669 917 2282 2387 186
cat_boundaries=0 1 2 3
cat_threshold=7 40 1
is_linear=0
shrinkage=0.05


Tree=29
num_leaves=13
num_cat=4
split_feature=0 0 32 4 42 1 5 0 38 5 33 5
split_gain=237.711 50.0736 50.0237 34.8363 51.2416 43.6612 29.1089 22.2293 20.5682 33.6703 20.4895 15.9128
threshold=0 1 27.268750000000001 0.85226249403558707 2.5000000000000004 2 -0.94137724084408114 3 5.6142855000000003 -0.6652727025667432 32.550000000000004 0.16587474750015926
decision_type=1 1 2 2 2 1 2 1 2 2 2 2
left_child=7 3 10 5 -5 -2 -4 8 9 -1 -3 -10
right_child=1 2 6 4 -6 -7 -8 -9 11 -11 -12 -13
leaf_value=0.15267873446097241 0.028826379629792055 -0.010342788949694585 0.039393944826434497 0.037690093244668342 -0.019512434562560205 0.0068932916499520672 0.0035147396097646999 -0.050329793344397439 -0.03619408987963528 -0.044392330462508407 -0.040528464708039343 -0.010918593540466419
leaf_weight=3.289271354675293 464.66628564894199 306.03515488654375 64.756428062915802 51.769329681992531 150.79472775757313 444.13015931844711 404.77976643294096 156.97414552792907 153.24046524614096 3.6852666661143294 68.234854198992252 106.41382571309805
leaf_count=25 1888 1880 327 209 723 1852 2061 2365 1300 37 413 961
internal_value=-0.000507906 0.00689357 -0.00229873 0.013827 -0.00477984 0.018127 0.00853625 -0.033968 -0.0227228 0.0560397 -0.0159394 -0.0259171
internal_weight=2378.77 1955.17 843.806 1111.36 202.564 908.796 469.536 423.603 266.629 6.97454 374.27 259.654
internal_count=14041 9353 4681 4672 932 3740 2388 4688 2323 62 2293 2261
cat_boundaries=0 1 2 3 4
cat_threshold=24 6 1 8
is_linear=0
shrinkage=0.05


Tree=30
num_leaves=13
num_cat=4
split_feature=0 0 33 43 43 4 37 0 43 5 43 1
split_gain=220.132 45.5591 45.8661 32.548 47.0717 29.8621 28.582 22.0167 20.1335 27.0628 15.0177 11.3963
threshold=0 1 36.95000000000001 27.950000000000006 37.550000000000004 -0.67803021058859214 25.500000000000004 2 32.250000000000007 0.063390085881955258 11.200000000000001 3
decision_type=1 1 2 2 2 2 2 1 2 2 2 1
left_child=7 3 5 6 -5 -3 -2 8 10 -10 -1 -4
right_child=1 2 11 4 -6 -7 -8 -9 9 -11 -12 -13
leaf_value=-0.015293973329326735 -0.051342204357207648 -0.024733065496441449 0.057461251581743394 0.044286478649771678 -0.026734018254154324 -0.0008068724633877065 0.010586891319563274 -0.050015649193008972 -0.00079427574495263473 0.15032853193202458 -0.040535840956646148 0.015199324886511746
leaf_weight=123.05097021907568 18.041307970881462 164.80274505913258 33.471449971199036 144.57694271206856 27.088484033942223 611.28592813014984 916.04837456345558 150.61802061274648 23.35922255367041 2.3910192996263495 115.65342563390732 31.498026177287102
leaf_count=1045 86 1020 156 591 125 3328 3849 2369 192 20 1085 149
internal_value=-0.000809084 0.00628615 -0.00248824 0.0129189 0.0329897 -0.0059129 0.00933715 -0.033372 -0.0222739 0.0183333 -0.0276419 0.0375131
internal_weight=2361.89 1946.81 841.058 1105.76 171.665 776.089 934.09 415.073 264.455 25.7502 238.704 64.9695
internal_count=14015 9304 4653 4651 716 4348 3935 4711 2342 212 2130 305
cat_boundaries=0 1 2 3 4
cat_threshold=24 6 8 1
is_linear=0
shrinkage=0.05


Tree=31
num_leaves=13
num_cat=3
split_feature=0 0 33 4 42 37 0 43 39 44 39 40
split_gain=203.037 41.4428 40.8962 33.9732 53.5458 42.9931 23.3658 24.3814 39.3958 22.9788 19.7283 11.3201
threshold=0 1 36.95000000000001 0.82899317702918729 2.5000000000000004 32.500000000000007 2 32.250000000000007 21.950000000000003 46.600000000000001 12.450000000000001 1.1500000000000001
decision_type=1 1 2 2 2 2 1 2 2 2 2 2
left_child=6 3 9 5 -5 -2 7 10 -9 -3 -1 -4
right_child=1 2 11 4 -6 -7 -8 8 -10 -11 -12 -13
leaf_value=0.094496555684647682 -0.019290932950408179 -0.0027881865520171549 0.056688296740938185 0.037097391577765274 -0.019485547325068565 0.020345275728427245 -0.049649399168421836 -0.020914196866395538 0.10631523970410842 -0.035115595663871728 -0.02845453310446569 0.014677269466651453
leaf_weight=2.3574933633208266 73.8447455316782 717.63815221935511 31.722350791096687 55.278637066483498 161.76496638357639 821.26774072647095 142.21954406425357 16.514435030519966 8.4069017320871335 58.554112605750561 233.09584010392427 33.302534580230713
leaf_count=24 324 4040 150 223 776 3353 2336 136 66 334 2119 154
internal_value=-0.000361544 0.0063456 -0.00203767 0.0126444 -0.00497045 0.0170575 -0.0321989 -0.0210411 0.0244508 -0.00526893 -0.026829 0.0357205
internal_weight=2355.97 1953.37 841.217 1112.16 217.044 895.112 402.594 260.375 24.9213 776.192 235.453 65.0249
internal_count=14035 9354 4678 4676 999 3677 4681 2345 202 4374 2143 304
cat_boundaries=0 1 2 3
cat_threshold=24 6 8
is_linear=0
shrinkage=0.05


Tree=32
num_leaves=12
num_cat=4
split_feature=0 0 4 6 8 1 33 0 39 39 21
split_gain=191.918 39.5829 35.9859 31.4856 35.4862 26.6342 23.2855 22.6633 20.6393 24.7661 16.0037
threshold=0 1 -0.67803021058859214 2.5000000000000004 33.250000000000007 2 36.95000000000001 3 12.450000000000001 19.450000000000003 23.750000000000004
decision_type=1 1 2 2 2 1 2 1 2 2 2
left_child=7 3 10 4 -2 -5 -4 8 -1 -10 -3
right_child=1 2 6 5 -6 -7 -8 -9 9 -11 -12
leaf_value=0.098206105059532353 -0.024608050186235523 -0.039979294633339123 -0.0001106161442359791 0.025439940323828389 0.013634847554707182 0.0079089732343942936 0.03053350831225702 -0.049366987170384138 -0.043881671372138907 -0.011144890500658415 -0.0086735439313047075
leaf_weight=2.5856513455510131 109.00018943846226 74.549902737140656 615.53682512044907 439.78119321167469 134.2757506519556 428.65209007263184 67.932876631617546 137.35451827198267 90.592765785753727 159.17271772772074 90.38997858017683
leaf_count=24 474 488 3355 1815 585 1798 314 2356 868 1426 561
internal_value=-0.000341773 0.006074 -0.00206717 0.0122464 -0.00353054 0.0168058 0.00297539 -0.0318838 -0.0207032 -0.0231465 -0.0229788
internal_weight=2349.82 1960.12 848.41 1111.71 243.276 868.433 683.47 389.706 252.351 249.765 164.94
internal_count=14064 9390 4718 4672 1059 3613 3669 4674 2318 2294 1049
cat_boundaries=0 1 2 3 4
cat_threshold=24 6 1 8
is_linear=0
shrinkage=0.05


Tree=33
num_leaves=11
num_cat=3
split_feature=0 0 32 39 4 5 34 0 39 39
split_gain=183.579 39.1478 36.0603 32.1441 54.6081 29.7999 21.1913 19.8992 18.2013 21.9789
threshold=0 1 27.275297500000004 29.150000000000002 0.94138322595482449 -0.96234030595689413 24.750000000000004 2 12.450000000000001 19.450000000000003
decision_type=1 1 2 2 2 2 2 1 2 2
left_child=7 3 6 4 -2 -4 -3 8 -1 -10
right_child=1 2 5 -5 -6 -7 -8 -9 9 -11
leaf_value=0.086140212059314408 0.01467356645078971 -0.015740558721798636 0.039701575753575725 0.089201659580296633 -0.021786271221204256 0.0018589817157549004 0.075178506128348463 -0.049011258510680597 -0.043146816972907426 -0.012310810878918867
leaf_weight=2.8742624372243872 990.1807309538126 365.22584599256516 58.572551175951958 12.288477465510367 113.68152968585491 411.41296004503965 5.5482490807771674 129.91688121110201 90.870484739542007 159.09299430251122
leaf_count=25 4106 2279 289 50 533 2087 30 2327 893 1435
internal_value=-0.000605413 0.00563568 -0.00251306 0.0117385 0.0109024 0.00664945 -0.0141815 -0.0317649 -0.0212292 -0.023648
internal_weight=2339.66 1956.91 840.76 1116.15 1103.86 469.986 370.774 382.755 252.838 249.963
internal_count=14054 9374 4685 4689 4639 2376 2309 4680 2353 2328
cat_boundaries=0 1 2 3
cat_threshold=24 6 8
is_linear=0
shrinkage=0.05


Tree=34
num_leaves=13
num_cat=3
split_feature=0 32 4 5 8 4 34 0 38 5 43 1
split_gain=163.317 34.609 48.2613 48.1988 44.208 40.4458 31.1837 23.1266 22.4692 34.6845 17.2907 11.6282
threshold=0 29.217262000000002 0.77244481603295057 0.16587474750015926 33.250000000000007 0.84313847884979054 24.050000000000004 1 5.6142855000000003 -0.6652727025667432 32.250000000000007 2
decision_type=1 2 2 2 2 2 2 1 2 2 2 1
left_child=7 2 4 5 -2 -3 -4 8 9 -1 -10 -5
right_child=1 3 6 11 -6 -7 -8 -9 10 -11 -12 -13
leaf_value=0.15827145860171868 0.0035007978251626148 0.049343305067317676 -0.0045232717405533666 0.10550161187537324 0.029138037406756263 -0.0024613944777346942 -0.039622215357866274 -0.048718715281661433 -0.027046974016636922 -0.043206157157491598 0.018361350964335273 0.043924911567352613
leaf_weight=3.38932815939188 1256.5738223046064 53.712635889649391 212.27839488536119 17.812187597155571 193.20174790173769 120.72279325127602 89.348993808031082 124.89067429676652 216.37651874870062 3.5072427392005912 22.507460005581379 17.031280696392059
leaf_count=24 6061 230 1045 77 875 554 473 2336 2086 40 188 75
internal_value=-0.000375048 0.00542352 0.00314804 0.0246189 0.00693503 0.0136808 -0.015017 -0.0303093 -0.0192685 0.0633142 -0.0227099 0.0774685
internal_weight=2331.35 1960.68 1751.4 209.279 1449.78 174.435 301.627 370.671 245.781 6.89657 238.884 34.8435
internal_count=14064 9390 8454 936 6936 784 1518 4674 2338 64 2274 152
cat_boundaries=0 1 2 3
cat_threshold=24 8 1
is_linear=0
shrinkage=0.05


Tree=35
num_leaves=13
num_cat=2
split_feature=0 0 32 5 43 39 8 34 4 25 5 5
split_gain=155.429 47.0403 27.7235 25.946 23.9046 37.9404 31.9795 42.8309 40.7713 29.1775 15.0376 12.3577
threshold=0 1 27.052083000000003 -0.73865259438682551 27.750000000000004 19.450000000000003 33.250000000000007 24.550000000000004 0.79904096188274243 6.8583335000000014 -0.6391983530350368 0.18281312110578127
decision_type=1 1 2 2 2 2 2 2 2 2 2 2
left_child=4 2 11 -4 6 9 7 -1 -8 -6 -7 -2
right_child=1 -3 3 -5 5 10 8 -9 -10 -11 -12 -13
leaf_value=0.0039345903865611346 -0.045564964597118007 -0.048388606244438241 0.010945276080386307 -0.01606962758097551 0.019704509769485928 0.05278980625596344 0.034914199686040752 -0.028103418607592686 0.0039766110653653595 -0.035456296570368015 0.022218964442445487 -0.018264308202429382
leaf_weight=810.05488848686218 77.251535087823868 118.91359453648329 135.41700419783592 254.56240068376064 56.304660379886627 73.358700037002563 174.05086520314217 118.71798291802406 272.67801043391228 40.226954787969589 93.409623429179192 93.079999059438705
leaf_count=3477 856 2324 942 1885 240 300 716 511 1199 186 397 1001
internal_value=-0.000632428 -0.0205496 -0.0138235 -0.00668493 0.00770834 0.0215304 0.00510479 -0.000186407 0.0160813 -0.00341012 0.0359011 -0.0308398
internal_weight=2318.03 679.225 560.311 389.979 1638.8 263.3 1375.5 928.773 446.729 96.5316 166.768 170.332
internal_count=14034 7008 4684 2827 7026 1123 5903 3988 1915 426 697 1857
cat_boundaries=0 1 2
cat_threshold=7 40
is_linear=0
shrinkage=0.05


Tree=36
num_leaves=13
num_cat=3
split_feature=0 0 39 43 34 5 5 4 1 44 4 37
split_gain=148.837 47.1817 25.5149 51.4622 39.0706 31.88 27.0536 24.2146 26.9129 24.4048 20.588 10.4425
threshold=0 1 17.050000000000004 1.3500000000000003 20.350000000000005 -0.96687281075841669 -0.96687281075841669 -0.70291267844185523 2 44.45000000000001 -0.12546116083924147 51.500000000000007
decision_type=1 1 2 2 2 2 2 2 1 2 2 2
left_child=2 7 3 11 10 -5 -6 9 -9 -2 -4 -1
right_child=1 -3 4 5 6 -7 -8 8 -10 -11 -12 -13
leaf_value=0.045684996603686218 -0.046720801694849663 -0.048122642533876284 0.026581081284484984 -0.074333721532053351 0.033373066594234932 -0.010009794119084935 0.0098422231474243043 0.0031042115505669943 -0.020947471322918437 0.033315846744156601 -0.062224394441940556 -0.02071012175976257
leaf_weight=47.756034761667252 77.825135409832001 114.84870701655746 7.9692744612693778 20.302090093493462 135.45791991055012 207.16357183456421 1189.0984577834606 236.04540954530239 227.85684856772423 10.111313402652739 26.057917922735214 6.1576966643333426
leaf_count=197 900 2342 33 95 556 936 5043 1848 1827 101 146 26
internal_value=-8.35775e-05 -0.0198128 0.00801595 -0.00562348 0.0109019 -0.0160512 0.012272 -0.0130956 -0.008729 -0.0372467 -0.0412608 0.0378627
internal_weight=2306.65 666.687 1639.96 281.379 1358.58 227.466 1324.56 551.839 463.902 87.9364 34.0272 53.9137
internal_count=14050 7018 7032 1254 5778 1031 5599 4676 3675 1001 179 223
cat_boundaries=0 1 2 3
cat_threshold=7 40 1
is_linear=0
shrinkage=0.05


Tree=37
num_leaves=13
num_cat=3
split_feature=0 0 34 34 5 5 39 26 4 43 0 44
split_gain=143.87 44.1235 24.1691 75.5451 50.247 44.7144 44.2625 27.8538 22.2068 24.6676 21.5638 20.4097
threshold=0 1 24.550000000000004 25.250000000000004 -0.72694848937061807 -0.3744658827978154 19.150000000000002 14.65 -0.72696319516528884 24.200000000000006 2 44.45000000000001
decision_type=1 1 2 2 2 2 2 2 2 2 1 2
left_child=2 8 4 6 7 -6 -4 -1 11 -10 -5 -2
right_child=1 -3 3 10 5 -7 -8 -9 9 -11 -12 -13
leaf_value=-0.015123142061791446 -0.046951804548782519 -0.047836812248730168 -0.061459865445535777 0.049419120351067498 -0.022035248947464385 0.0095446065109492453 -0.0088893614108780973 0.035010908857373339 -0.014864461917136746 0.014563668633832761 0.0059876980213202065 0.028507884440075505
leaf_weight=30.589790016412735 70.731620326638222 110.41714344546199 55.374296836555004 43.252121359109879 127.00222481787205 902.74511484801769 139.69895885884762 249.32391706109047 378.8251359090209 86.793965756893158 84.967849969863892 9.5636461302638036
leaf_count=136 852 2352 265 181 554 3888 596 1025 3055 664 354 94
internal_value=-0.000266511 -0.0198436 0.00768385 -0.00450136 0.0107516 0.00563216 -0.0240496 0.0294978 -0.0133487 -0.00935944 0.0251952 -0.037724
internal_weight=2289.29 656.332 1632.95 323.293 1309.66 1029.75 195.073 279.914 545.914 465.619 128.22 80.2953
internal_count=14016 7017 6999 1396 5603 4442 861 1161 4665 3719 535 946
cat_boundaries=0 1 2 3
cat_threshold=7 40 2
is_linear=0
shrinkage=0.05


Tree=38
num_leaves=12
num_cat=4
split_feature=0 32 5 44 5 27 0 0 39 39 1
split_gain=124.286 39.4317 42.5688 42.0322 55.3673 45.3496 35.6119 22.486 17.9944 20.6329 9.56225
threshold=0 29.217262000000002 0.19969739736768835 46.600000000000001 -0.76696334127844745 31.950000000000003 1 2 12.450000000000001 19.450000000000003 3
decision_type=1 2 2 2 2 2 1 1 2 2 1
left_child=7 3 6 4 -2 -5 -3 8 -1 -10 -4
right_child=1 2 10 5 -6 -7 -8 -9 9 -11 -12
leaf_value=0.083936958896459885 0.019947860610296582 -0.021527850062753876 0.10147482563178892 -0.04457352569167175 -0.0013502950166054482 0.011927761885523455 0.026671859580627497 -0.04757350605279808 -0.039901441278122354 -0.0088390247986097834 0.043701233177787652
leaf_weight=3.2776204198598853 410.60396782308817 44.7519641071558 17.240485593676567 93.739617131650448 1179.3910403624177 56.247915133833885 131.3039229363203 106.60830545797944 82.392674639821053 151.16324701160192 16.109010174870491
leaf_count=28 1899 195 74 448 5822 269 596 2370 892 1444 71
internal_value=-0.000714013 0.00421887 0.0246853 0.00176722 0.00415887 -0.0234459 0.014658 -0.0279551 -0.0174045 -0.0199205 0.0756528
internal_weight=2292.83 1949.39 209.405 1739.98 1590 149.988 176.056 343.442 236.834 233.556 33.3495
internal_count=14108 9374 936 8438 7721 717 791 4734 2364 2336 145
cat_boundaries=0 1 2 3 4
cat_threshold=24 4 8 1
is_linear=0
shrinkage=0.05


Tree=39
num_leaves=15
num_cat=1
split_feature=1 43 43 4 33 39 37 5 44 40 44 8 4 4
split_gain=29.8453 33.5597 30.7854 29.5214 49.4844 46.2182 31.683 27.0121 24.9893 22.3093 17.8044 10.0258 7.70684 7.09725
threshold=0 25.000000000000004 21.950000000000003 0.88621069759564464 35.600000000000009 27.450000000000006 32.500000000000007 0.23328369003117272 46.600000000000001 132.00000000000003 41.600000000000001 36.750000000000007 -0.90163369914317004 -0.90163369914317004
decision_type=1 2 2 2 2 2 2 2 2 2 2 2 2 2
left_child=3 2 8 4 6 7 -1 -5 -2 10 -3 -6 -4 -11
right_child=1 9 12 5 11 -7 -8 -9 -10 13 -12 -13 -14 -15
leaf_value=-0.026225649796360957 -0.0053692289542797769 0.0062033227353593574 0.0047294298734751397 -0.031709809127569454 0.055189005180487853 0.05697835684084876 0.0086140718073573486 0.012950686682164231 -0.035458700999897244 -0.0022709035768272096 0.03771967866651766 0.0057999005236000585 -0.055220908562921958 -0.064678497367629845
leaf_weight=70.057666476815939 752.72263192757964 164.28468785062432 5.9129203706979743 131.78330794721842 64.546270117163658 20.701711744070053 802.30743812024593 44.81806643679738 75.044850442558527 7.4481013268232372 60.89815179258585 12.4839492700994 44.110516309738159 11.043596446514128
leaf_count=459 4688 1016 38 834 357 113 4899 269 471 47 363 69 291 77
internal_value=-0.000118344 -0.00591534 -0.0104709 0.0055513 0.00920865 -0.012005 0.00578935 -0.0203667 -0.00813661 0.0104708 0.0148556 0.0473616 -0.0481808 -0.040948
internal_weight=2268.16 1121.47 877.791 1146.7 949.395 197.303 872.365 176.601 827.767 243.675 225.183 77.0302 50.0234 18.4917
internal_count=13991 6991 5488 7000 5784 1216 5358 1103 5159 1503 1379 426 329 124
cat_boundaries=0 1
cat_threshold=1
is_linear=0
shrinkage=0.05


Tree=40
num_leaves=13
num_cat=3
split_feature=0 39 5 5 39 43 0 38 5 5 0 21
split_gain=112.707 28.9042 35.5138 29.455 67.2597 35.0235 22.5153 19.6351 25.5453 20.555 9.56338 4.31721
threshold=0 15.450000000000001 0.36447543099728857 -0.7444366621422277 24.650000000000002 1.8500000000000003 1 5.6142855000000003 -0.6652727025667432 0.16587474750015926 2 24.350000000000005
decision_type=1 2 2 2 2 2 1 2 2 2 1 2
left_child=6 2 11 4 -3 -5 7 8 -1 -9 -4 -2
right_child=1 3 10 5 -6 -7 -8 9 -10 -11 -12 -13
leaf_value=0.1310885979852677 -0.032420203441350402 0.025494485718753554 0.016996678284972765 0.012662397827463555 -0.018045929164005721 -0.0043362573564833919 -0.04718152302389389 -0.032623475394840298 -0.041324061799679249 -0.0019757610178951323 -0.016420113498999338 -0.063946375543905448
leaf_weight=3.978190541267395 23.767094880342484 398.07411236315966 41.858029067516327 469.17916412651539 113.26265830546618 851.39959817379713 100.03659583255649 131.14863242954016 3.1208738610148421 93.592447444796562 25.745571300387383 28.027678065001965
leaf_count=26 131 1821 170 2216 523 4185 2323 1302 42 972 175 169
internal_value=-0.000546873 0.0040796 -0.0196359 0.00565743 0.0158338 0.00170809 -0.0269911 -0.0165366 0.0595492 -0.0199257 0.00430071 -0.050368
internal_weight=2283.19 1951.31 119.398 1831.92 511.337 1320.58 331.877 231.84 7.09906 224.741 67.6036 51.7948
internal_count=14055 9390 645 8745 2344 6401 4665 2342 68 2274 345 300
cat_boundaries=0 1 2 3
cat_threshold=24 8 6
is_linear=0
shrinkage=0.05


Tree=41
num_leaves=12
num_cat=4
split_feature=0 34 34 39 0 0 39 39 0 38 37
split_gain=101.816 37.9293 53.8894 55.8834 43.1919 23.4388 22.0014 20.6136 19.7224 13.5167 6.58551
threshold=0 25.250000000000004 24.550000000000004 19.150000000000002 1 2 12.450000000000001 19.450000000000003 3 10.745238000000002 34.500000000000007
decision_type=1 2 2 2 1 1 2 2 1 2 2
left_child=5 2 4 -4 -2 6 -1 -8 10 -10 -3
right_child=1 8 3 -5 -6 -7 7 -9 9 -11 -12
leaf_value=0.10472501610177538 0.012096907322543963 0.028698761939061901 -0.058812671913992955 -0.0052922744265296046 -0.0047761906594172105 -0.046909430210498121 -0.038468985912348881 -0.0069511905691316241 0.024536271177380973 -0.015055726605969015 0.059482709388079973
leaf_weight=2.7195351570844641 888.39310383796692 32.151704132556915 67.007548481225967 173.27608282864094 650.3321183398366 96.41132291033864 79.71790162846446 146.81684705615044 46.083997189998627 38.852158844470978 47.767204642295837
leaf_count=22 3735 149 343 802 3756 2336 898 1430 190 164 216
internal_value=-0.000693684 0.00368654 0.00157258 -0.0203993 0.00501468 -0.0260844 -0.0155798 -0.0181627 0.0265743 0.00578783 0.0423698
internal_weight=2269.53 1943.86 1779.01 240.284 1538.73 325.666 229.254 226.535 164.855 84.9362 79.9189
internal_count=14041 9355 8636 1145 7491 4686 2350 2328 719 354 365
cat_boundaries=0 1 2 3 4
cat_threshold=24 6 8 34
is_linear=0
shrinkage=0.05


Tree=42
num_leaves=13
num_cat=3
split_feature=0 0 32 0 38 37 5 33 38 5 33 4
split_gain=96.6527 27.7566 29.6478 25.8089 25.5173 25.2978 22.5504 19.0304 18.2619 22.4319 19.0042 1.30537
threshold=0 1 27.268750000000001 2 14.349107500000001 25.500000000000004 -0.98212955754013376 32.550000000000004 5.6142855000000003 -0.6652727025667432 34.550000000000004 -0.51297808981038739
decision_type=1 1 2 1 2 2 2 2 2 2 2 2
left_child=3 4 7 8 5 -2 -4 -3 9 -1 -10 -6
right_child=1 2 6 -5 11 -7 -8 -9 10 -11 -12 -13
leaf_value=0.11768420247373304 -0.047515269854703432 -0.0076900439595830768 0.040999583620377471 -0.046649132847651188 -0.076058322860802038 0.011537371812679531 0.0025311850887742185 -0.037506844126817748 -0.027085812524818925 -0.040909357165066558 0.0048757777993552907 -0.031023901091537721
leaf_weight=4.5865084379911423 17.477544948458672 304.00765977799892 40.859746679663658 93.162829253822565 6.7200519144535065 1083.5252334028482 425.76553191244602 64.178472220897675 150.7825098335743 3.0428747646510592 66.663766294717789 4.8253186047077161
leaf_count=28 85 1916 200 2357 28 4564 2170 404 1658 43 610 20
internal_value=0.000319734 0.00453083 -0.00235715 -0.0247489 0.00967178 0.0105577 0.00598012 -0.0129749 -0.0139328 0.0570206 -0.0173097 -0.0612097
internal_weight=2265.6 1947.36 834.811 318.238 1112.55 1101 466.625 368.186 225.076 7.62938 217.446 11.5454
internal_count=14083 9387 4690 4696 4697 4649 2370 2320 2339 71 2268 48
cat_boundaries=0 1 2 3
cat_threshold=24 6 8
is_linear=0
shrinkage=0.05


Tree=43
num_leaves=13
num_cat=3
split_feature=0 0 39 5 34 5 38 12 34 5 40 1
split_gain=99.1215 38.0341 23.3553 69.7893 51.9085 42.0195 33.4564 25.737 22.2298 25.9483 20.462 18.7968
threshold=0 1 18.750000000000004 0.097680735332368721 22.550000000000004 0.33222858587828868 7.0178570000000002 56.500000000000007 23.750000000000004 0.18281312110578127 2.2500000000000004 2
decision_type=1 1 2 2 2 2 2 2 2 2 2 1
left_child=2 8 3 6 7 -6 -1 -4 11 -10 -5 -2
right_child=1 -3 4 10 5 -7 -8 -9 9 -11 -12 -13
leaf_value=-0.004826872742553172 -0.0093729545878994593 -0.046339970364991621 -0.020767584399567489 0.033673024294683766 0.010306904560794219 0.039268092378249034 -0.044229152107103903 0.03262812090453681 -0.0072749153549796879 0.045240674673423686 0.004712214238582515 -0.037759362376863372
leaf_weight=108.20117943733931 119.68661873787642 89.133238147944212 165.23796032369137 82.237883061170578 763.91644209623337 149.15368543565273 106.84329260885715 25.198535047471523 268.02061796188354 24.778744645416737 229.79600211977959 114.39823447540402
leaf_count=489 1178 2354 736 340 3232 617 521 106 2084 184 970 1194
internal_value=-0.000508741 -0.0174151 0.0059553 -0.0026634 0.0101245 0.0150756 -0.0245177 -0.0135687 -0.0116743 -0.00269182 0.0124281 -0.0233471
internal_weight=2246.6 616.017 1630.58 527.078 1103.51 913.07 215.044 190.436 526.884 292.799 312.034 234.085
internal_count=14005 6994 7011 2320 4691 3849 1010 842 4640 2268 1310 2372
cat_boundaries=0 1 2 3
cat_threshold=7 40 1
is_linear=0
shrinkage=0.05


Tree=44
num_leaves=13
num_cat=2
split_feature=0 32 4 4 8 38 29 19 0 43 39 20
split_gain=84.5189 28.6335 37.0511 36.7412 33.4355 32.6422 25.9889 24.5902 22.4976 15.5228 28.1446 15.5791
threshold=0 29.217262000000002 0.79383249484937135 0.97875492728876534 33.250000000000007 11.480357000000003 1.5000000000000002 29.785416500000004 1 32.250000000000007 21.950000000000003 32.550000000000004
decision_type=1 2 2 2 2 2 2 2 1 2 2 2
left_child=8 2 4 7 -2 -5 -4 -3 9 11 -11 -1
right_child=1 3 6 5 -6 -7 -8 -9 -10 10 -12 -13
leaf_value=-0.034309501042311695 0.0018256063587966536 0.060498645380165354 0.0097778037072005324 -0.056072353916685372 0.02412643067930946 0.017011590176581045 -0.024539589523880315 0.018149963993121725 -0.045957204690224518 -0.017453336184286947 0.091952229012672027 -0.0061211924605621909
leaf_weight=91.549456644803286 1263.7305540926754 56.66179832816124 75.34855280071497 23.398684531450272 192.89754978567362 40.015677556395531 200.43356718122959 87.792920857667923 84.15701600164175 15.443427979946138 8.2508015334606153 105.34754491597414
leaf_count=1116 6162 245 361 116 881 178 1059 385 2321 146 64 1012
internal_value=-0.000185096 0.00370018 0.00160976 0.021208 0.00479337 -0.0104068 -0.015162 0.0350628 -0.0241832 -0.014088 0.0228247 -0.0193348
internal_weight=2245.03 1940.28 1732.41 207.869 1456.63 63.4144 275.782 144.455 304.748 220.591 23.6942 196.897
internal_count=14046 9387 8463 924 7043 294 1420 630 4659 2338 210 2128
cat_boundaries=0 1 2
cat_threshold=24 8
is_linear=0
shrinkage=0.05


Tree=45
num_leaves=13
num_cat=3
split_feature=0 0 43 32 38 1 34 34 39 37 39 2
split_gain=85.0245 36.6237 20.6697 29.7862 20.7125 18.4399 26.117 41.8097 40.2901 17.4415 22.3373 17.865
threshold=0 1 24.200000000000006 27.197321500000005 7.1479165000000009 2 24.550000000000004 22.550000000000004 18.750000000000004 66.500000000000014 25.650000000000002 9.5000000000000018
decision_type=1 1 2 2 2 1 2 2 2 2 2 2
left_child=5 2 3 -2 -4 6 7 -1 -8 10 -7 -11
right_child=1 -3 4 -5 -6 9 8 -9 -10 11 -12 -13
leaf_value=-0.0062959641328484556 -0.037761359764065444 -0.045725587909776121 0.036564171112472808 -0.007790755261372382 -0.007323973000111568 0.00031184275573933906 -0.053274677964236461 0.02267681478733986 0.006372406184891025 -0.029594388786768344 0.033293728191094211 0.03211635601814853
leaf_weight=166.34865679591894 114.61241489648819 81.747613279148936 39.375297911465168 295.69836713001132 79.697922352701426 660.88377866894007 35.6093555316329 489.83726865798235 124.18311639130116 76.637418255209923 54.661008045077324 12.965179219841955
leaf_count=716 1433 2350 362 2223 694 2877 165 2093 526 326 233 54
internal_value=-0.000402126 -0.0161266 -0.0107182 -0.0162339 0.00737267 0.00559688 0.0109236 0.0153336 -0.00716846 0.00026105 0.0028743 -0.0204091
internal_weight=2232.26 611.132 529.384 410.311 119.073 1621.13 815.978 656.186 159.792 805.147 715.545 89.6026
internal_count=14052 7062 4712 3656 1056 6990 3500 2809 691 3490 3110 380
cat_boundaries=0 1 2 3
cat_threshold=7 40 1
is_linear=0
shrinkage=0.05


Tree=46
num_leaves=9
num_cat=3
split_feature=0 0 43 5 4 36 1 44
split_gain=76.6988 36.9747 25.2893 33.2767 25.2681 25.9527 22.1975 17.6866
threshold=0 1 27.950000000000006 -0.8142754349318998 -0.66528616069191593 98.500000000000014 2 46.250000000000007
decision_type=1 1 2 2 2 2 1 2
left_child=-1 2 6 -4 5 -3 -2 -6
right_child=1 4 3 -5 7 -7 -8 -9
leaf_value=-0.045470157236286307 0.01248935269627866 0.020106965422610423 0.054461838457046788 0.0086902751230094038 0.00099653316397216849 -0.029092027070053861 -0.0028870223278778663 -0.022918611376149083
leaf_weight=79.100411090999842 467.76460486650467 31.208275735378265 62.388929903507233 107.57555522024632 771.61157596856356 165.58483089134097 469.47644935548306 84.910979725420475
leaf_count=2374 1973 216 262 458 4927 1374 1993 550
internal_value=-0.000268884 0.0016092 0.00795213 0.0257119 -0.00507153 -0.0212276 0.00479226 -0.00139825
internal_weight=2239.62 2160.52 1107.21 169.964 1053.32 196.793 937.241 856.523
internal_count=14127 11753 4686 720 7067 1590 3966 5477
cat_boundaries=0 1 2 3
cat_threshold=16 6 1
is_linear=0
shrinkage=0.05


Tree=47
num_leaves=13
num_cat=1
split_feature=6 5 5 39 44 1 6 6 43 34 25 38
split_gain=30.855 37.5453 33.6054 70.3488 38.7672 29.9722 23.7479 21.506 21.4534 19.2244 10.9441 4.62582
threshold=2.5000000000000004 -0.97111920233974802 -0.97111920233974802 17.250000000000004 43.750000000000007 0 27.000000000000004 1.5000000000000002 25.000000000000004 21.050000000000004 11.215277500000001 8.3011905000000024
decision_type=2 2 2 2 2 1 2 2 2 2 2 2
left_child=1 11 3 -2 -5 6 -4 9 -7 -3 -9 -1
right_child=2 7 5 4 -6 8 -8 10 -10 -11 -12 -13
leaf_value=-0.015285277480403531 -0.068272932944877324 -0.03489658950198838 0.01095306686054056 0.04558618637873324 -0.017093715955343366 -0.011661459804516805 -0.012511791756479025 -0.047431448266964105 0.007670884996128547 -7.9414322906294513e-05 -0.0017478458116863193 -0.07396492270545367
leaf_weight=4.5596363749355104 17.945386318489909 43.43093128874898 648.93715090490878 129.12333457544446 29.880014978349209 576.15842972323298 128.4047492723912 46.156551437452435 190.21653011627495 368.23535584844649 18.266741927713156 24.628876874223351
leaf_count=29 123 296 4066 732 187 3704 826 317 1207 2292 111 152
internal_value=-0.000666511 -0.011517 0.0025246 0.0230994 0.0337741 0.000152785 0.00706594 -0.00807016 -0.00685937 -0.0038283 -0.0347029 -0.0656083
internal_weight=2225.94 505.278 1720.67 176.949 159.003 1543.72 777.342 476.09 766.375 411.666 64.4233 29.1885
internal_count=14042 3197 10845 1042 919 9803 4892 3016 4911 2588 428 181
cat_boundaries=0 1
cat_threshold=1
is_linear=0
shrinkage=0.05


Tree=48
num_leaves=9
num_cat=2
split_feature=0 0 9 43 26 34 39 34
split_gain=72.2364 32.5797 21.1545 22.1403 19.2901 18.5955 50.6808 27.2629
threshold=0 1 25.050000000000004 9.6000000000000032 25.250000000000004 24.550000000000004 18.750000000000004 24.350000000000005
decision_type=1 1 2 2 2 2 2 2
left_child=-1 5 4 -4 -3 7 -7 -2
right_child=1 2 3 -5 -6 6 -8 -9
leaf_value=-0.045116045980288115 0.0055308107465589706 -0.019286656432784186 -0.013767050776691032 0.02223432565115176 0.030437743836126172 -0.044444941061495644 0.004461175834264447 0.031637172292573533
leaf_weight=75.200406223535538 1199.8330169096589 330.56228094920516 80.659763798117638 88.612162631005049 19.845955468714237 65.893728077411652 253.87448179721832 108.19324374198914
leaf_count=2355 5153 3353 564 629 152 322 1082 470
internal_value=-0.00023425 0.00156042 -0.00921831 0.00509921 -0.0163918 0.00504035 -0.00572391 0.00771271
internal_weight=2222.68 2147.47 519.68 169.272 350.408 1627.79 319.768 1308.03
internal_count=14080 11725 4698 1193 3505 7027 1404 5623
cat_boundaries=0 1 2
cat_threshold=16 7
is_linear=0
shrinkage=0.05


Tree=49
num_leaves=9
num_cat=2
split_feature=0 0 5 33 36 39 34 44
split_gain=66.872 31.164 19.9723 34.5465 27.3594 19.666 25.5654 22.1465
threshold=0 1 -0.73865259438682551 33.95000000000001 98.500000000000014 15.850000000000003 23.450000000000003 46.600000000000001
decision_type=1 1 2 2 2 2 2 2
left_child=-1 5 3 -3 -4 6 -2 -7
right_child=1 2 4 -5 -6 7 -8 -9
leaf_value=-0.044821714911048388 0.00355772763148697 -0.0055328290570652444 -0.0062790012852624952 0.057229084441065663 -0.03527790853643465 0.0080854830155664883 -0.0378574753539219 -0.012420715558538136
leaf_weight=72.320124283432961 95.151342183351517 131.48502792045474 231.96966578811407 25.282472833991051 124.72745696827769 1323.3313419297338 60.086981751024723 145.30939796566963
leaf_count=2363 408 1084 1905 153 1542 5679 306 622
internal_value=-0.000878285 0.000834577 -0.0097759 0.0048876 -0.0164894 0.00423277 -0.0126123 0.0060495
internal_weight=2209.66 2137.34 513.465 156.768 356.697 1623.88 155.238 1468.64
internal_count=14062 11699 4684 1237 3447 7015 714 6301
cat_boundaries=0 1 2
cat_threshold=16 7
is_linear=0
shrinkage=0.05


Tree=50
num_leaves=9
num_cat=2
split_feature=0 0 43 5 39 8 5 42
split_gain=62.8311 25.7535 25.0198 29.1932 23.7322 20.9385 23.9213 12.0345
threshold=0 1 27.950000000000006 -0.83375966452616657 29.150000000000002 33.350000000000001 -0.98212955754013376 3.5000000000000004
decision_type=1 1 2 2 2 2 2 2
left_child=-1 2 4 -4 -2 6 -3 -7
right_child=1 5 3 -5 -6 7 -8 -9
leaf_value=-0.044427491179670299 0.0020213194598977507 0.016021440951630748 0.054307111770592234 0.0096648401741804089 0.06902833025779341 0.016900010192794256 -0.012832187532213253 -0.0025308323721650993
leaf_weight=68.442792432382703 920.63142210245132 80.111433729529381 52.816636353731155 116.43251648545265 12.408327326178549 137.26080204546452 635.48939296603203 187.57289254665375
leaf_count=2332 3906 473 225 495 52 820 4644 1107
internal_value=-0.000764885 0.000853123 0.0061494 0.0238333 0.00298538 -0.00476365 -0.00958418 0.00570648
internal_weight=2211.17 2142.72 1102.29 169.249 933.04 1040.43 715.601 324.834
internal_count=14054 11722 4678 720 3958 7044 5117 1927
cat_boundaries=0 1 2
cat_threshold=16 6
is_linear=0
shrinkage=0.05


Tree=51
num_leaves=13
num_cat=3
split_feature=0 5 43 39 35 43 0 32 0 43 39 34
split_gain=62.9468 25.5187 54.7978 43.4297 40.6434 39.9817 40.4856 31.5829 17.3403 16.3981 25.1533 13.6991
threshold=0 -0.7444366621422277 12.550000000000002 18.150000000000002 81.500000000000014 1.8500000000000003 1 27.709226500000003 2 32.250000000000007 21.950000000000003 22.350000000000005
decision_type=1 2 2 2 2 2 1 2 1 2 2 2
left_child=8 2 4 -4 -2 7 -7 -3 9 11 -11 -1
right_child=1 5 3 -5 -6 6 -8 -9 -10 10 -12 -13
leaf_value=0.009148650311945998 0.061453611322929119 -0.0053884890653647655 -0.012805001776069764 0.026653564521002218 -0.041012808986669272 -0.031827284872825122 -0.0022066057500126249 0.02105276301563172 -0.044079774471273175 -0.01640864894041193 0.084066085797858056 -0.025406089151260209
leaf_weight=34.647761903703213 10.398591369390486 180.08897899091244 85.686407461762428 361.77527518942952 66.101798370480537 125.01180994138122 795.62923865765333 300.32865628600121 65.346598096191883 15.038701672106983 9.3302060142159444 154.0688097961247
leaf_count=404 44 910 419 1670 317 1171 3481 1368 2321 145 67 1756
internal_value=-0.000275246 0.00297873 0.0123965 0.0190858 -0.0264715 -0.000528362 -0.00662818 0.0111504 -0.0220213 -0.0134249 0.0238578 -0.0190472
internal_weight=2203.45 1925.02 523.962 447.462 76.5004 1401.06 920.641 480.418 278.432 213.085 24.3689 188.717
internal_count=14073 9380 2450 2089 361 6930 4652 2278 4693 2372 212 2160
cat_boundaries=0 1 2 3
cat_threshold=24 32 8
is_linear=0
shrinkage=0.05


Tree=52
num_leaves=9
num_cat=3
split_feature=0 1 5 39 0 37 33 4
split_gain=58.8208 25.8926 33.3983 48.5924 36.3761 27.3701 22.2034 0.50014
threshold=0 1 -0.94137724084408114 17.250000000000004 2 25.500000000000004 36.050000000000004 0.95752911693909504
decision_type=1 1 2 2 1 2 2 2
left_child=-1 5 3 -3 -4 7 -7 -2
right_child=1 2 4 -5 -6 6 -8 -9
leaf_value=-0.043877969761789086 -0.060481841706558993 -0.059992424936030291 -0.0022137157177788032 0.029191255731340262 -0.02575061482222973 0.0050546283591970456 0.027160408734877142 -0.033887348017683123
leaf_weight=63.868224684149027 10.699177235364916 16.468493584543467 707.68012982606888 123.25736057758331 205.59410876408219 926.54225365072489 128.60495544970036 8.5603118911385518
leaf_count=2365 69 108 3078 622 2047 5093 637 42
internal_value=-0.000318051 0.00121016 -0.00435402 0.0183282 -0.00784052 0.0066737 0.00777212 -0.0509174
internal_weight=2191.28 2127.41 1053 139.726 913.274 1074.41 1055.15 19.2595
internal_count=14061 11696 5855 730 5125 5841 5730 111
cat_boundaries=0 1 2 3
cat_threshold=16 1 7
is_linear=0
shrinkage=0.05


Tree=53
num_leaves=9
num_cat=2
split_feature=0 34 34 39 5 0 38 37
split_gain=55.9321 24.89 41.0252 47.2434 38.2586 31.7709 15.6352 5.25233
threshold=0 25.350000000000005 24.550000000000004 19.150000000000002 -0.72694848937061807 1 10.745238000000002 34.500000000000007
decision_type=1 2 2 2 2 1 2 2
left_child=-1 2 4 -4 -2 7 -7 -3
right_child=1 5 3 -5 -6 6 -8 -9
leaf_value=-0.043541129331283457 0.016593171838412923 0.027802779649966265 -0.052460156514257998 -0.0057268939911190222 -0.0015379268979869539 0.015966744520293043 -0.022779366491417354 0.056866757952978714
leaf_weight=61.158124776557088 374.02712721005082 28.097186058759689 73.009116016328335 201.93780836090446 1297.2104828841984 58.637191243469715 45.214218154549599 46.653038680553436
leaf_count=2362 1951 128 447 1057 7377 291 234 208
internal_value=-0.000247791 0.00121732 -0.000420297 -0.0182815 0.00252735 0.0190329 -0.000875208 0.0410361
internal_weight=2185.94 2124.79 1946.18 274.947 1671.24 178.602 103.851 74.7502
internal_count=14055 11693 10832 1504 9328 861 525 336
cat_boundaries=0 1 2
cat_threshold=16 34
is_linear=0
shrinkage=0.05


Tree=54
num_leaves=9
num_cat=3
split_feature=0 1 4 39 44 43 0 40
split_gain=52.061 23.1096 26.8385 37.4551 33.4246 25.4793 26.011 15.1086
threshold=0 1 0.94138322595482449 24.950000000000003 45.900000000000013 25.000000000000004 2 123.55000000000003
decision_type=1 1 2 2 2 2 1 2
left_child=-1 2 4 -4 -2 6 -3 -7
right_child=1 5 3 -5 -6 7 -8 -9
leaf_value=-0.04315201299057924 0.012214168477320791 -0.003328874310797242 -0.034281426201074085 0.020463161069307598 -0.019347871426896607 0.015199974372303344 -0.02428501633254472 -0.022169711677639876
leaf_weight=58.153714811429381 845.2866293489933 631.83845363557339 86.283295802772045 47.838936910033226 92.214901313185692 202.04415586218238 187.08119558542967 30.303802732378244
leaf_count=2340 4592 2753 493 235 507 1091 1840 176
internal_value=-0.000459113 0.000928968 0.00609755 -0.0147481 0.00909234 -0.00433166 -0.00847685 0.0102519
internal_weight=2181.05 2122.89 1071.62 134.122 937.502 1051.27 818.92 232.348
internal_count=14027 11687 5827 728 5099 5860 4593 1267
cat_boundaries=0 1 2 3
cat_threshold=16 1 7
is_linear=0
shrinkage=0.05


Tree=55
num_leaves=9
num_cat=3
split_feature=0 0 4 0 37 4 34 44
split_gain=49.2946 24.598 23.159 44.3216 40.8372 17.2898 21.2806 15.214
threshold=0 1 0.82899317702918729 2 32.500000000000007 -0.67803021058859214 23.550000000000004 46.250000000000007
decision_type=1 1 2 1 2 2 2 2
left_child=-1 2 4 -4 -2 6 -3 -7
right_child=1 5 3 -5 -6 7 -8 -9
leaf_value=-0.042737001703747036 -0.02552420465385534 -0.035693628675066529 0.014195194584215674 -0.029675492369345371 0.013044205005739509 0.0007916181628230194 -0.0018145233419510041 -0.021575184029885692
leaf_weight=55.173099987208843 73.994742944836617 89.471545342355967 105.30528475344181 105.89647224545479 817.14814575016499 754.15601413324475 95.277658935636282 83.545093774795532
leaf_count=2315 329 802 484 496 3387 4909 755 554
internal_value=-0.00023767 0.00108142 0.0062334 -0.00856724 0.00981671 -0.00448037 -0.0183255 -0.00146212
internal_weight=2179.97 2124.79 1102.34 211.202 891.143 1022.45 184.749 837.701
internal_count=14031 11716 4696 980 3716 7020 1557 5463
cat_boundaries=0 1 2 3
cat_threshold=16 6 2
is_linear=0
shrinkage=0.05


Tree=56
num_leaves=8
num_cat=2
split_feature=0 32 0 37 34 42 5
split_gain=47.243 23.5862 38.9971 27.7606 28.7636 19.5407 12.7931
threshold=0 29.248512000000002 1 25.500000000000004 24.550000000000004 6.5000000000000009 0.3484035575467645
decision_type=1 2 1 2 2 2 2
left_child=-1 3 6 -2 -5 -4 -3
right_child=1 2 5 4 -6 -7 -8
leaf_value=-0.042477924925097089 -0.059966019451447486 0.036622695003026971 -0.013096601547108185 0.002251138577991133 -0.015565695860248483 0.035092659369249067 0.10912298088112032
leaf_weight=53.532357946038246 18.659738823771477 89.60642396658659 102.06395319104195 1618.4165767841041 262.36875417456031 25.439250700175762 5.9094116240739814
leaf_count=2337 129 417 530 9077 1425 127 27
internal_value=-0.000332495 0.00094558 0.0162944 -0.000859221 -0.000241253 -0.0030466 0.0382312
internal_weight=2176 2122.46 223.019 1899.45 1880.79 127.503 95.5158
internal_count=14069 11732 1101 10631 10502 657 444
cat_boundaries=0 1 2
cat_threshold=16 34
is_linear=0
shrinkage=0.05


Tree=57
num_leaves=14
num_cat=1
split_feature=1 37 33 4 43 42 37 35 19 40 44 4 7
split_gain=21.8216 24.1346 21.521 48.2182 20.3354 22.4279 36.4894 21.4118 19.0149 14.7548 10.936 2.34766 0.426452
threshold=0 25.500000000000004 36.050000000000004 0.81428061195174062 25.000000000000004 3.5000000000000004 32.500000000000007 67.080357500000005 29.848611000000002 138.35000000000005 41.600000000000001 -0.90163369914317004 30.962500000000002
decision_type=1 2 2 2 2 2 2 2 2 2 2 2 2
left_child=1 12 3 -3 5 7 -7 -2 -4 10 -6 -11 -1
right_child=4 2 8 -5 9 6 -8 -9 -10 11 -12 -13 -14
leaf_value=-0.056887011496361717 0.014810463592545559 0.0072056641566186352 0.041907439462908605 -0.026333343318294122 0.0033127228230136565 -0.05374115734177122 -0.010246258212925102 -0.020339010352139485 0.0036228248733725095 -0.008797779220188701 0.027776348744998021 -0.062022021406109365 -0.02878497750141322
leaf_weight=13.120162926614286 152.05029673688114 830.09922097437084 70.41617969609797 122.03760023601353 162.51570924185216 51.781517297029495 571.05642028152943 59.472566798329353 59.793360060080886 3.2580810822546482 62.729366969317198 7.2897381093353015 5.4477504137903443
leaf_count=100 983 5253 408 837 1058 331 3826 390 345 20 377 55 32
internal_value=-0.000427265 0.00451296 0.00550308 0.00288377 -0.00550896 -0.00917111 -0.0139427 0.0048785 0.0244884 0.00743368 0.0102183 -0.0477673 -0.0505344
internal_weight=2171.07 1100.91 1082.35 952.137 1070.15 834.361 622.838 211.523 130.21 235.793 225.245 10.5478 18.5679
internal_count=14015 6975 6843 6090 7040 5530 4157 1373 753 1510 1435 75 132
cat_boundaries=0 1
cat_threshold=1
is_linear=0
shrinkage=0.05


Tree=58
num_leaves=9
num_cat=1
split_feature=0 8 37 34 4 40 44 37
split_gain=44.753 21.9243 44.8119 34.7864 28.6148 24.4345 19.8856 16.5869
threshold=0 33.250000000000007 37.500000000000007 24.550000000000004 0.97875492728876534 2.7500000000000004 30.400000000000002 32.500000000000007
decision_type=1 2 2 2 2 2 2 2
left_child=-1 2 6 -4 7 -6 -2 -3
right_child=1 4 3 -5 5 -7 -8 -9
leaf_value=-0.042139835984358047 0.019504583896471941 0.0037256936129888476 0.0035436962691856966 -0.018895472650207745 0.0068244315217830774 -0.038408643704682999 -0.038253145776100499 0.02182628556450638
leaf_weight=51.404551209881902 16.556432072073221 229.1612207442522 1151.3164475560188 202.17021656036377 66.485124588012695 52.823386400938034 111.27791411429644 283.06105682253838
leaf_count=2338 93 1201 6514 1110 336 307 679 1459
internal_value=-0.000409668 0.000820529 -0.00250154 0.000180483 0.0086174 -0.0133551 -0.0306793 0.0137514
internal_weight=2164.26 2112.85 1481.32 1353.49 631.531 119.309 127.834 512.222
internal_count=14037 11699 8396 7624 3303 643 772 2660
cat_boundaries=0 1
cat_threshold=16
is_linear=0
shrinkage=0.05


Tree=59
num_leaves=8
num_cat=1
split_feature=0 39 44 5 37 20 37
split_gain=43.0989 20.8347 61.6617 32.863 24.5128 23.6936 14.6815
threshold=0 25.250000000000004 47.350000000000009 -0.7444366621422277 25.500000000000004 33.750000000000007 66.500000000000014
decision_type=1 2 2 2 2 2 2
left_child=-1 2 3 -2 -3 -6 -4
right_child=1 4 6 -5 5 -7 -8
leaf_value=-0.041705539030155496 0.012399978190300788 -0.05816085724337438 -0.070425482275519716 -0.0028330400037218451 0.0034382970531600839 0.036157753445447111 -0.011984368802962782
leaf_weight=48.784064689651132 478.26600934192538 9.8365704268217069 36.570055585354567 1354.3374097757041 116.68005998432636 104.6315603107214 15.711763359606264
leaf_count=2310 2494 63 207 7702 631 517 89
internal_value=0.000165029 0.00134025 -0.000393983 0.00114701 0.0154804 0.0190004 -0.0534173
internal_weight=2164.82 2116.03 1884.89 1832.6 231.148 221.312 52.2818
internal_count=14013 11703 10492 10196 1211 1148 296
cat_boundaries=0 1
cat_threshold=16
is_linear=0
shrinkage=0.05


Tree=60
num_leaves=13
num_cat=4
split_feature=0 0 4 1 36 8 36 32 21 4 0 25
split_gain=41.4473 21.4093 18.2438 21.3625 20.6395 14.5995 33.643 27.7353 24.1268 21.0057 30.7003 20.594
threshold=0 1 -0.72696319516528884 2 98.500000000000014 33.150000000000013 95.500000000000014 26.409821500000003 22.850000000000005 0.79904096188274243 3 8.3291670000000018
decision_type=1 1 2 1 2 2 2 2 2 2 1 2
left_child=5 2 4 -4 -2 6 8 -8 -1 11 -11 -7
right_child=1 -3 3 -5 -6 9 7 -9 -10 10 -12 -13
leaf_value=-0.061893016796502234 0.025907423292049092 -0.041383170446739274 0.0055266574715741425 -0.016519189902506472 -0.045883339185824573 0.008011100244821278 0.018279198435746661 -0.0012387425623343704 -0.007206546366760689 0.013498610350177709 -0.020084272256976742 0.040187916778101497
leaf_weight=33.542086057364941 11.553611192852257 47.027140064164996 231.41129669547081 207.61176520958543 53.979988414794207 104.8266886472702 232.62635098397732 823.40827754884958 49.205611228942871 189.18597704172134 92.299058571457863 94.697276160120964
leaf_count=179 119 2320 1884 1883 826 449 980 3580 223 824 421 394
internal_value=-0.000317469 -0.0120167 -0.00845508 -0.00491256 -0.0330274 0.00372258 0.000657625 0.00307395 -0.0298483 0.0110396 0.00222152 0.023407
internal_weight=2171.38 551.584 504.557 439.023 65.5336 1619.79 1138.78 1056.03 82.7477 481.009 281.485 199.524
internal_count=14082 7032 4712 3767 945 7050 4962 4560 402 2088 1245 843
cat_boundaries=0 1 2 3 4
cat_threshold=7 40 1 3
is_linear=0
shrinkage=0.05


Tree=61
num_leaves=9
num_cat=2
split_feature=0 0 4 38 44 34 34 5
split_gain=38.1374 20.6947 16.1815 21.3686 21.0259 15.2405 41.1057 26.4558
threshold=0 1 -0.72696319516528884 6.8250000000000011 44.45000000000001 24.550000000000004 25.250000000000004 -0.72694848937061807
decision_type=1 1 2 2 2 2 2 2
left_child=-1 5 4 -4 -3 7 -7 -2
right_child=1 2 3 -5 -6 6 -8 -9
leaf_value=-0.041043414828490915 0.019357437468511429 -0.043336886726475427 0.018373152818612386 -0.010125985581741876 0.035671985883140918 -0.021709977136530216 0.014808291784445374 0.0020660837971846289
leaf_weight=45.252442434430122 281.76400446146727 54.637151293456554 79.907385911792517 351.45487559214234 9.1422936692833883 182.90215143561363 131.72688902914524 1017.5723210051656
leaf_count=2322 1185 856 696 3019 91 848 553 4437
internal_value=-0.000412728 0.000669407 -0.00816328 -0.0048164 -0.0316357 0.00341607 -0.00642226 0.00582776
internal_weight=2154.36 2109.11 495.142 431.362 63.7794 1613.97 314.629 1299.34
internal_count=14007 11685 4662 3715 947 7023 1401 5622
cat_boundaries=0 1 2
cat_threshold=16 7
is_linear=0
shrinkage=0.05


Tree=62
num_leaves=9
num_cat=2
split_feature=0 0 32 26 6 5 38 5
split_gain=34.8198 21.2812 19.5629 22.5746 18.0346 24.0447 17.0425 13.4083
threshold=0 1 27.186012000000002 14.950000000000001 2.5000000000000004 -0.97111920233974802 14.349107500000001 0.76556758748011056
decision_type=1 1 2 2 2 2 2 2
left_child=-1 4 7 -4 5 -2 -6 -3
right_child=1 2 3 -5 6 -7 -8 -9
leaf_value=-0.040765638211850454 -0.068348036548077862 -0.020244308595723463 -0.029320602406139845 0.0029569504471909976 0.008593884609381942 -0.0035491562014973322 -0.056123230108049094 0.0002385053306306436
leaf_weight=43.902257274836302 14.305948629975317 279.58944121003151 58.936921220272779 562.0095336586237 845.30306068062782 223.78591832518578 9.311387971043585 111.67416774481535
leaf_count=2342 65 2301 420 3405 3580 1004 40 889
internal_value=-0.0014577 -0.000423302 -0.00561572 -0.00014888 0.00439464 -0.00771223 0.00782399 -0.0144124
internal_weight=2148.82 2104.92 1012.21 620.946 1092.71 238.092 854.614 391.264
internal_count=14046 11704 7015 3825 4689 1069 3620 3190
cat_boundaries=0 1 2
cat_threshold=16 6
is_linear=0
shrinkage=0.05


Tree=63
num_leaves=14
num_cat=1
split_feature=0 39 21 4 25 4 38 33 42 2 2 24 26
split_gain=36.456 20.0757 22.248 21.2826 47.216 26.7435 15.1292 14.141 40.7277 20.4218 12.8501 9.05986 2.63183
threshold=0 15.450000000000001 24.350000000000005 -0.67803021058859214 6.8583335000000014 -0.90163369914317004 5.6142855000000003 34.550000000000004 6.5000000000000009 9.5000000000000018 7.5000000000000009 52.500000000000007 15.450000000000001
decision_type=1 2 2 2 2 2 2 2 2 2 2 2 2
left_child=6 2 11 5 -5 -3 10 9 -9 -8 12 -2 -1
right_child=1 3 -4 4 -6 -7 7 8 -10 -11 -12 -13 -14
leaf_value=0.023373977465164914 0.02438308187683913 0.0054522327561108939 -0.059621872688643496 0.025153750955341656 0.0022395160028522878 -0.021691002472909015 -0.038332875418004057 -0.021386813725547533 0.068819952699757811 0.0033406158058746811 -0.037624697266560529 -0.013944079442540107 0.10757588375433412
leaf_weight=2.044657325372099 18.494185600429773 200.99479342997074 23.656246043741703 279.00287939235568 1141.7758394889534 163.97750935703516 125.25556524749845 57.401000876910985 14.925502981990574 38.122360158711672 2.5305566834285855 73.318818032741547 3.401529248803854
leaf_count=25 94 1028 167 1295 5542 843 2455 991 227 872 73 390 33
internal_value=0.000300067 0.002664 -0.0174383 0.00398779 0.00675378 -0.00676883 -0.0174738 -0.0205407 -0.00208682 -0.0286477 0.0458772 -0.00604419 0.084494
internal_weight=2144.9 1901.22 115.469 1785.75 1420.78 364.972 243.681 235.704 72.3265 163.378 7.97674 91.813 5.44619
internal_count=14035 9359 651 8708 6837 1871 4676 4545 1218 3327 131 484 58
cat_boundaries=0 1
cat_threshold=24
is_linear=0
shrinkage=0.05


Tree=64
num_leaves=9
num_cat=2
split_feature=0 43 5 8 44 4 0 5
split_gain=34.2882 19.122 27.6021 23.7418 27.941 23.3258 22.2551 17.1838
threshold=0 27.750000000000004 -0.83375966452616657 33.150000000000013 47.000000000000007 0.97508442350096225 1 -0.22700609751797862
decision_type=1 2 2 2 2 2 1 2
left_child=-1 3 6 4 -2 -5 -3 -4
right_child=1 2 7 5 -6 -7 -8 -9
leaf_value=-0.040177731338487462 -0.0031732518084445129 0.04488024154856543 -0.010476966419561652 0.011325416779316968 -0.031238247067787401 -0.012341780082067488 -0.0027667465801459725 0.017400151177716899
leaf_weight=41.126695588231087 1020.6647960059345 73.668862506747246 128.04332071915269 506.39902920275927 96.163397021591663 130.10070515424013 41.219785258173943 95.714461743831635
leaf_count=2325 5915 354 714 2644 560 708 228 546
internal_value=-0.000120291 0.000873819 0.0117367 -0.00122481 -0.00561554 0.00647606 0.031543 0.00147209
internal_weight=2133.1 2091.97 338.646 1753.33 1116.83 636.5 114.889 223.758
internal_count=13994 11669 1842 9827 6475 3352 582 1260
cat_boundaries=0 1 2
cat_threshold=16 38
is_linear=0
shrinkage=0.05


Tree=65
num_leaves=9
num_cat=3
split_feature=0 1 5 39 0 4 5 33
split_gain=32.3384 20.1128 24.2555 35.7326 22.5544 22.3407 36.8528 26.8505
threshold=0 1 -0.95242240592625282 17.250000000000004 2 0.88621069759564464 0.063390085881955258 35.600000000000009
decision_type=1 1 2 2 1 2 2 2
left_child=-1 5 3 -3 -4 7 -7 -2
right_child=1 2 4 -5 -6 6 -8 -9
leaf_value=-0.039792177498452708 0.0061553565688385256 -0.058220714319125982 -0.0027469881509337032 0.026017186014617263 -0.02170637525549738 -0.0310326763020079 0.013939440602294646 0.037441625437557524
leaf_weight=39.448271036148071 810.72757048159838 13.256275773048399 715.88466562330723 109.49706598371267 193.69944434985518 98.140374522656202 83.460791915655136 74.001091487705708
leaf_count=2317 4487 93 3143 553 2065 578 436 357
internal_value=-0.00023247 0.000715831 -0.00425342 0.0165233 -0.00707241 0.00553285 -0.0104011 0.00881154
internal_weight=2138.12 2098.67 1032.34 122.753 909.584 1066.33 181.601 884.729
internal_count=14029 11712 5854 646 5208 5858 1014 4844
cat_boundaries=0 1 2 3
cat_threshold=16 1 7
is_linear=0
shrinkage=0.05


Tree=66
num_leaves=9
num_cat=1
split_feature=0 6 5 4 5 43 6 14
split_gain=31.3975 20.196 36.1888 23.2567 33.0041 22.8062 17.9506 1.68639
threshold=0 2.5000000000000004 -0.97874870457683605 -0.63921128368950708 -0.34234976856068172 19.200000000000006 1.5000000000000002 11.750000000000002
decision_type=1 2 2 2 2 2 2 2
left_child=-1 2 7 4 -3 -5 -4 -2
right_child=1 3 6 5 -6 -7 -8 -9
leaf_value=-0.039442141678817634 -0.028468003096643026 -0.028426424069592372 -0.0010528735199639191 0.0025751828289251886 0.002387587883015433 0.017400301150480971 -0.030846848838229742 -0.075575758574289137
leaf_weight=38.023774933069944 3.9550412073731449 120.34824368357658 391.19214896857738 829.96124894171953 305.62426618114114 376.66177650913596 57.071475192904472 18.367890194058418
leaf_count=2323 27 715 2185 4517 1839 2016 350 102
internal_value=0.000117283 0.00103342 -0.0080771 0.00366915 -0.00636435 0.0072136 -0.00490636 -0.068808
internal_weight=2141.21 2103.18 470.587 1632.6 425.973 1206.62 448.264 22.3229
internal_count=14074 11751 2664 9087 2554 6533 2535 129
cat_boundaries=0 1
cat_threshold=16
is_linear=0
shrinkage=0.05


Tree=67
num_leaves=15
num_cat=0
split_feature=32 44 27 5 5 26 35 5 33 44 26 17 19 10
split_gain=16.6552 27.2055 43.2408 24.7979 50.0454 49.4188 21.3265 25.2963 26.2177 15.0376 9.86876 3.1451 2.58094 0.0902601
threshold=29.217262000000002 46.250000000000007 31.950000000000003 -0.7444366621422277 -0.013976481981245098 14.65 72.267857500000005 0.14888728888808322 36.750000000000007 49.150000000000006 26.650000000000002 24.650000000000002 29.785416500000004 78.541666500000005
decision_type=2 2 2 2 2 2 2 2 2 2 2 2 2 2
left_child=1 3 9 5 -5 -1 7 8 -2 -3 -4 13 -9 -8
right_child=6 2 10 4 -6 -7 11 12 -10 -11 -12 -13 -14 -15
leaf_value=-0.030498633836406358 -0.060829432811733891 -0.054966468283007081 -0.0007434507752045286 -0.019170152262575315 0.0027197294170539679 0.016264007395308318 0.0077890027513305843 0.041755225005664948 0.0024421432894204086 -0.014398646508167863 0.043519714003238424 0.048197529230478271 -0.001029106337987368 0.020214046709530569
leaf_weight=64.739973105490208 17.724228999577463 67.624725227244198 55.387004595249891 369.26802224479616 884.98747773934156 403.09247406572104 3.928599531762301 38.403635138645768 129.84158019069582 35.594387629069388 15.285876573063431 37.017980698496103 3.8190946839749804 8.362099524587391
leaf_count=457 125 476 373 2627 5945 2438 23 218 759 232 96 208 22 46
internal_value=-0.000408455 -0.00197862 -0.0207679 -7.03763e-05 -0.00373505 0.00974161 0.0119989 0.00430266 -0.00551574 -0.0412493 0.00930388 0.0409474 0.0379511 0.0171274
internal_weight=2135.08 1895.98 173.892 1722.09 1254.26 467.832 239.097 189.789 147.566 103.219 70.6729 49.3087 42.2227 12.2907
internal_count=14045 12644 1177 11467 8572 2895 1401 1124 884 708 469 277 240 69
is_linear=0
shrinkage=0.05


Tree=68
num_leaves=14
num_cat=2
split_feature=0 6 5 4 5 40 25 39 1 39 38 24 38
split_gain=31.2105 18.6882 30.7556 20.6068 29.7042 24.0402 17.6201 16.4246 16.3008 16.2757 23.3549 5.30216 1.22067
threshold=0 2.5000000000000004 -0.97874870457683605 -0.65234524191686594 -0.42179730054635828 50.350000000000009 11.137500000000001 12.450000000000001 1 19.450000000000003 5.9175595000000003 64.500000000000014 8.5220240000000018
decision_type=1 2 2 2 2 2 2 2 1 2 2 2 2
left_child=7 2 12 4 -3 -5 -4 8 -1 11 -11 -9 -2
right_child=1 3 6 5 -6 -7 -8 9 -10 10 -12 -13 -14
leaf_value=0.14789214035785878 -0.030100084622264212 -0.030570093620758534 -0.011444984864275589 0.0013279817337027008 0.0019798706362061666 0.016360115412800056 0.01152726455336125 -0.04595152913304857 -0.034671840884593137 0.08604601784713109 -0.014305343255476784 -0.013877165579258673 -0.074872280951461104
leaf_weight=1.9392479788511983 3.8036821708083179 91.014515355229378 284.38865236192942 630.9443189650774 293.7142676897347 459.04690952599049 117.06446776539087 58.377493154257536 1.5587609400972724 5.0411362955346695 150.05612625367939 17.875776225700974 15.425049643963574
leaf_count=26 24 474 1470 3050 1527 2209 552 1286 25 65 2809 466 78
internal_value=-0.000670496 0.0014984 -0.00777762 0.00415813 -0.0057797 0.00766792 -0.00473424 -0.0174317 0.0769173 -0.0199333 -0.0105133 -0.0387094 -0.0679416
internal_weight=2130.25 1895.4 420.682 1474.72 384.729 1089.99 401.453 234.849 3.49801 231.351 155.097 76.2533 19.2287
internal_count=14061 9384 2124 7260 2001 5259 2022 4677 51 4626 2874 1752 102
cat_boundaries=0 1 2
cat_threshold=24 1
is_linear=0
shrinkage=0.05


Tree=69
num_leaves=9
num_cat=3
split_feature=0 0 1 4 2 32 26 34
split_gain=28.6257 16.4743 18.6195 29.0961 22.8713 13.3485 15.585 14.7761
threshold=0 1 2 0.94704596667653973 10.500000000000002 27.268750000000001 14.950000000000001 24.750000000000004
decision_type=1 1 1 2 2 2 2 2
left_child=-1 2 3 -2 -4 7 -7 -3
right_child=1 5 4 -5 -6 6 -8 -9
leaf_value=-0.039057220530944209 0.015186356739746965 -0.012414762423026166 -0.0061621264399433131 -0.022181934216890152 0.02306696491721813 -0.026228218922206378 0.003026868232434999 0.057053351070166361
leaf_weight=36.572833402082324 475.36600073426962 418.94428702816367 469.72794076800346 57.598663158714771 77.025942996144295 48.82832059264183 526.0977278649807 6.8235795311629763
leaf_count=2370 2033 3426 2045 275 312 357 3192 42
internal_value=-0.000709681 0.000169727 0.00443155 0.0111139 -0.00200978 -0.00442683 0.000501014 -0.0111704
internal_weight=2116.99 2080.41 1079.72 532.965 546.754 1000.69 574.926 425.768
internal_count=14052 11682 4665 2308 2357 7017 3549 3468
cat_boundaries=0 1 2 3
cat_threshold=16 6 1
is_linear=0
shrinkage=0.05


Tree=70
num_leaves=15
num_cat=1
split_feature=26 5 34 31 5 20 37 4 44 1 2 4 4 26
split_gain=14.4246 34.0687 28.9451 20.1647 21.8066 18.8768 18.5809 16.0075 11.9462 9.49172 20.1055 13.2854 7.88327 1.07297
threshold=14.850000000000003 0.26659387353423863 20.350000000000005 27.550000000000001 0.97648852793709995 32.850000000000001 59.500000000000007 0.21022171450811272 43.400000000000013 0 1.5000000000000002 0.27694220057652758 0.57077594689671507 16.050000000000004
decision_type=2 2 2 2 2 2 2 2 2 1 2 2 2 2
left_child=1 5 7 12 -5 8 -7 13 -1 10 -3 -11 -4 -2
right_child=2 9 3 4 -6 6 -8 -9 -10 11 -12 -13 -14 -15
leaf_value=-0.042729885392519276 -0.010734805811740168 0.06855873010902834 0.035588552572380139 0.0024374753690263929 -0.02691323709989827 -0.016069567805010919 0.06006098979093271 -0.058989609936440084 0.022945337581639268 -4.8401724066563522e-05 0.0056554393973506237 -0.061135228113817996 -0.011466496288465883 0.01215175602668804
leaf_weight=101.59934146888554 9.9713520212098974 14.178057027049361 58.853489096276462 1600.6599702881649 64.888728745281696 38.830762254074216 9.0338565912097675 29.349235855974257 6.8168359622359267 78.449815027415752 79.317372383549809 9.0398800335824472 9.9658358348533493 8.6041180323809368
leaf_count=813 67 94 382 10346 431 274 54 280 44 566 535 64 74 56
internal_value=-0.000481574 -0.0099476 0.00131427 0.00238283 0.00127853 -0.0269716 -0.000765785 -0.0366146 -0.0384285 0.00482008 0.0158189 -0.00697975 0.0287078 -5.45803e-05
internal_weight=2119.56 337.266 1782.29 1734.37 1665.55 156.281 47.8646 47.9247 108.416 180.985 93.4954 87.4897 68.8193 18.5755
internal_count=14080 2444 11636 11233 10777 1185 328 403 857 1259 629 630 456 123
cat_boundaries=0 1
cat_threshold=1
is_linear=0
shrinkage=0.05


Tree=71
num_leaves=9
num_cat=3
split_feature=0 0 4 0 37 22 19 5
split_gain=26.9239 14.9272 16.1846 33.6678 26.5394 16.1823 13.355 7.97185
threshold=0 1 0.80417553764032002 2 32.500000000000007 88.805555500000011 30.538889000000001 0.77652048701313048
decision_type=1 1 2 1 2 2 2 2
left_child=-1 2 4 -4 -2 6 -3 -7
right_child=1 5 3 -5 -6 7 -8 -9
leaf_value=-0.038582597193004324 -0.021660454598225333 -0.0043887886551235277 0.011075371717402931 -0.026364444279461264 0.010091708727321409 -0.046545001864180771 0.022888519143574516 0.038122233719556059
leaf_weight=34.812585754320025 70.928150475025177 928.13841398060322 114.69066354632378 107.00032602995634 780.13673546910286 28.688224084675316 46.163817316293716 2.3225486725568762
leaf_count=2344 325 6547 531 511 3276 257 254 17
internal_value=-0.000669366 0.000168787 0.0042501 -0.00771896 0.00742315 -0.00418518 -0.00307421 -0.039211
internal_weight=2112.88 2078.07 1072.76 221.691 851.065 1005.31 974.302 31.0108
internal_count=14062 11718 4643 1042 3601 7075 6801 274
cat_boundaries=0 1 2 3
cat_threshold=16 6 2
is_linear=0
shrinkage=0.05


Tree=72
num_leaves=15
num_cat=2
split_feature=0 26 34 44 30 25 43 39 39 35 20 1 4 22
split_gain=27.7792 21.9009 28.5691 27.278 18.2513 17.382 16.909 22.1874 16.984 15.5788 14.5103 14.3178 13.4238 13.0904
threshold=0 14.950000000000001 20.350000000000005 30.400000000000002 3.3000000000000003 6.8583335000000014 32.250000000000007 21.950000000000003 12.450000000000001 84.452381000000017 32.550000000000004 1 0.21022171450811272 79.625000000000014
decision_type=1 2 2 2 2 2 2 2 2 2 2 1 2 2
left_child=6 4 12 -4 9 -6 8 13 11 -2 -10 -1 -3 -8
right_child=1 2 3 -5 5 -7 7 -9 10 -11 -12 -13 -14 -15
leaf_value=0.13677202588283452 0.0025545632159819521 -0.0011234938654040589 0.037833843671657014 0.0038707697130084271 -0.009020145711185203 -0.039740175391829557 0.077055477672409542 0.071243075054346711 -0.039197422156349561 0.073082323414344827 -0.011854954510252027 -0.033892767585992904 -0.059084350311898896 -0.03783596689397617
leaf_weight=2.0921284519135943 71.356910426169634 16.411633737385273 60.629057377576828 1466.0494696348906 172.13475105166435 62.318730168044567 2.0377166131511357 10.957713881507514 87.889571267180145 7.8065958358347407 109.68616198562086 1.498690606094897 24.685817535966635 13.262028124183415
leaf_count=25 357 80 287 7108 918 388 31 131 2181 39 2033 26 188 252
internal_value=-0.000326237 0.00170342 0.0041262 0.00524343 -0.0103286 -0.0173198 -0.016407 0.0200444 -0.0220521 0.0103345 -0.0241541 0.0736751 -0.0365151 -0.0187454
internal_weight=2108.82 1881.39 1567.78 1526.68 313.617 234.453 227.424 26.2575 201.167 79.1635 197.576 3.59082 41.0975 15.2997
internal_count=14044 9365 7663 7395 1702 1306 4679 414 4265 396 4214 51 268 283
cat_boundaries=0 1 2
cat_threshold=24 1
is_linear=0
shrinkage=0.05


Tree=73
num_leaves=9
num_cat=2
split_feature=0 32 0 44 27 5 42 5
split_gain=25.5248 18.1875 40.9317 23.7952 39.9815 21.3489 20.4766 17.9697
threshold=0 29.217262000000002 1 46.600000000000001 33.750000000000007 -0.7444366621422277 6.5000000000000009 0.3484035575467645
decision_type=1 2 1 2 2 2 2 2
left_child=-1 3 7 5 -5 -2 -4 -3
right_child=1 2 6 4 -6 -7 -8 -9
leaf_value=-0.037927772434504833 0.0097717839428444284 0.032157266610494159 -0.01555915306341734 -0.038828478735552369 0.013481415149081589 -0.0027140698236151339 0.033781005055565284 0.10542920722186673
leaf_weight=32.589350184425712 475.52975913323462 92.005326755344868 105.16744413226843 98.059803549200296 57.217438731342554 1214.9749545622617 25.24295662343502 8.5411159843206388
leaf_count=2328 2515 429 564 580 320 7146 127 39
internal_value=-6.02194e-05 0.000731013 0.0139308 -0.000923327 -0.0195901 0.000801833 -0.00541235 0.03583
internal_weight=2109.33 2076.74 230.957 1845.78 155.277 1690.5 130.41 100.546
internal_count=14048 11720 1159 10561 900 9661 691 468
cat_boundaries=0 1 2
cat_threshold=16 34
is_linear=0
shrinkage=0.05


Tree=74
num_leaves=9
num_cat=2
split_feature=0 1 43 43 4 5 19 43
split_gain=23.3396 17.0929 20.6881 30.4438 19.7201 28.541 26.6224 11.7344
threshold=0 1 25.000000000000004 21.550000000000004 0.86113431103781346 0.097680735332368721 27.684028000000001 36.70000000000001
decision_type=1 1 2 2 2 2 2 2
left_child=-1 4 3 -3 6 -6 -2 -4
right_child=1 2 7 -5 5 -7 -8 -9
leaf_value=-0.037609841806862006 0.0017570952778571153 -0.0059139493476996728 0.012983115312400349 -0.043735658752337508 -0.026251743218086921 0.011788293015585895 0.020933600125911542 -0.018939113965893956
leaf_weight=31.598612777888775 604.99512956663966 736.80595237948 196.7823352329433 56.401177227497101 113.63713183626533 85.735633082687855 257.37045682966709 32.785986628383398
leaf_count=2342 3450 4250 1086 351 671 447 1316 190
internal_value=-0.000973752 -0.000219238 -0.00483101 -0.00865495 0.0042216 -0.00991632 0.00749788 0.00836175
internal_weight=2116.11 2084.51 1022.78 793.207 1061.74 199.373 862.366 229.568
internal_count=14103 11761 5877 4601 5884 1118 4766 1276
cat_boundaries=0 1 2
cat_threshold=16 1
is_linear=0
shrinkage=0.05


Tree=75
num_leaves=9
num_cat=3
split_feature=0 43 8 34 35 5 0 0
split_gain=22.8783 14.9953 19.5224 29.2039 19.3231 18.7086 18.1627 17.6773
threshold=0 23.950000000000006 33.150000000000013 24.550000000000004 87.699404500000014 0.28313308994381586 1 2
decision_type=1 2 2 2 2 2 1 1
left_child=-1 2 3 -2 6 -6 -3 -4
right_child=1 4 7 -5 5 -7 -8 -9
leaf_value=-0.037237649661670119 -0.003063841746010845 0.021000677250664495 0.018777581204836802 -0.028304556565946888 -0.019850602673978611 0.033797506453028217 -0.0022884278237934245 -0.00021696421830091775
leaf_weight=30.478670607320964 828.11758841574192 242.53478003665805 154.7202011346817 132.06873485818505 90.628299169242382 18.809324949979782 129.29714217782021 477.75419228151441
leaf_count=2342 4914 1221 683 766 538 108 810 2677
internal_value=-0.000470954 0.000265245 -0.0020713 -0.00656141 0.00799132 -0.0104074 0.0134198 0.00474492
internal_weight=2104.41 2073.93 1592.66 960.186 481.27 109.438 371.832 632.474
internal_count=14059 11717 9040 5680 2677 646 2031 3360
cat_boundaries=0 1 2 3
cat_threshold=16 38 2
is_linear=0
shrinkage=0.05


Tree=76
num_leaves=9
num_cat=1
split_feature=0 22 21 6 5 26 39 34
split_gain=22.2586 15.7117 21.7235 19.6857 27.7784 18.4019 8.36777 0.553227
threshold=0 88.270833500000023 24.550000000000004 2.5000000000000004 -0.97874870457683605 14.850000000000003 19.350000000000005 24.550000000000004
decision_type=1 2 2 2 2 2 2 2
left_child=-1 3 6 4 -2 -5 -3 -4
right_child=1 2 7 5 -6 -7 -8 -9
leaf_value=-0.036948054694943097 -0.063674792745879352 -0.023670216255484586 -0.029439490200968706 -0.008049721345238417 -0.0047639988212187234 0.0068629373431750009 0.0037653764616860813 -0.068295330956435862
leaf_weight=29.656838349066675 19.97165884077549 46.106646249070764 3.326028689742091 247.66650057211518 443.30613659322262 1232.7098680734634 67.225553292781115 16.250310324132442
leaf_count=2363 126 292 19 1521 2543 6746 391 100
internal_value=-0.000309723 0.000406951 -0.0161573 0.00154945 -0.00743529 0.0043643 -0.00750558 -0.0634453
internal_weight=2106.22 2076.56 132.909 1943.65 463.278 1480.38 113.332 19.5763
internal_count=14101 11738 802 10936 2669 8267 683 119
cat_boundaries=0 1
cat_threshold=16
is_linear=0
shrinkage=0.05


Tree=77
num_leaves=8
num_cat=1
split_feature=0 43 8 34 43 5 40
split_gain=20.9013 17.6052 21.5 28.3319 18.0441 23.8992 17.3845
threshold=0 23.950000000000006 33.150000000000013 24.550000000000004 56.500000000000007 -0.61236746317008228 26.450000000000003
decision_type=1 2 2 2 2 2 2
left_child=-1 2 3 -2 5 -3 -4
right_child=1 4 6 -5 -6 -7 -8
leaf_value=-0.036466982866596401 -0.0034740669046327034 0.022039726489295308 0.0024550523490380529 -0.028453426775539588 -0.05737798747978106 -0.00047324948398884067 0.032075282328393913
leaf_weight=28.324042159132659 835.55790456943214 221.13926260918379 567.06150096654892 130.43773560598493 9.1383222453296167 251.09387315809727 53.303687665611506
leaf_count=2337 4959 1138 3041 764 68 1471 267
internal_value=-0.000357094 0.000329616 -0.00221102 -0.00687295 0.00869635 0.0100935 0.00504764
internal_weight=2096.06 2067.73 1586.36 965.996 481.371 472.233 620.365
internal_count=14045 11708 9031 5723 2677 2609 3308
cat_boundaries=0 1
cat_threshold=16
is_linear=0
shrinkage=0.05


Tree=78
num_leaves=8
num_cat=2
split_feature=0 34 43 37 0 43 44
split_gain=20.2978 13.2169 22.917 21.6125 20.0855 50.6362 10.2387
threshold=0 25.350000000000005 43.800000000000004 25.500000000000004 1 7.3000000000000016 34.400000000000013
decision_type=1 2 2 2 1 2 2
left_child=-1 2 3 -2 6 -6 -3
right_child=1 4 -4 -5 5 -7 -8
leaf_value=-0.036096288767535158 -0.056990838546658866 -0.011775224994710173 -0.057782692769116767 0.00042399774956536682 -0.060631874710101265 0.032921314597514496 0.031512439421088591
leaf_weight=27.362806390970945 15.536559820175169 15.158074870705603 16.368240982294083 1856.7474071346223 27.142432607710361 28.83495981246233 104.82128757238388
leaf_count=2338 127 67 129 10586 170 162 455
internal_value=-5.86681e-05 0.000607997 -0.000612989 -8.26098e-05 0.0136774 -0.0108114 0.024007
internal_weight=2091.97 2064.61 1888.65 1872.28 175.957 55.9774 119.979
internal_count=14034 11696 10842 10713 854 332 522
cat_boundaries=0 1 2
cat_threshold=16 35
is_linear=0
shrinkage=0.05


Tree=79
num_leaves=14
num_cat=2
split_feature=0 4 32 43 0 39 39 5 25 32 19 26 23
split_gain=20.784 15.3292 21.0103 16.5132 13.6177 12.9652 29.3897 22.2095 19.101 28.5887 18.8745 17.2939 1.60195
threshold=0 0.99466373373798567 29.217262000000002 24.200000000000006 1 20.350000000000005 20.950000000000003 0.8511460603353429 6.8902780000000012 26.401488000000004 28.118055500000004 11.950000000000001 98.500000000000014
decision_type=1 2 2 2 1 2 2 2 2 2 2 2 2
left_child=5 2 3 -2 -4 8 10 -8 11 -10 -7 -1 -3
right_child=1 12 4 -5 -6 6 7 -9 9 -11 -12 -13 -14
leaf_value=-0.024131127031019457 -0.017463597321015208 -0.055879000778681659 0.031770457491956755 0.0047809489769057474 -0.011496376447764555 0.042200778705051983 0.0054248402866818625 -0.028152792857524141 0.023127184167540456 -0.016033204088260575 0.00027641464842096601 0.009973147835386156 -0.0066908649613384207
leaf_weight=41.155658915638924 304.06203343719244 17.648460353724662 41.478728450834751 114.3325508646667 24.558374378830194 85.557744473218918 680.90660247951746 52.089614674448967 53.818695068359375 313.15087295696139 38.935373038053513 315.62934924662113 2.1387758227065197
leaf_count=188 4642 229 199 1509 406 363 2960 238 230 1479 172 1374 32
internal_value=-0.000163299 -0.0088907 -0.00724634 -0.011388 0.0187729 0.00266287 0.00683579 0.00300358 -0.00224699 -0.0102428 0.0291956 0.00598272 -0.05114
internal_weight=2085.46 504.219 484.432 418.395 66.0371 1581.24 857.489 732.996 723.755 366.97 124.493 356.785 19.7872
internal_count=14021 7017 6756 6151 605 7004 3733 3198 3271 1709 535 1562 261
cat_boundaries=0 1 2
cat_threshold=7 32
is_linear=0
shrinkage=0.05


Tree=80
num_leaves=8
num_cat=1
split_feature=0 26 44 37 32 5 43
split_gain=18.8005 16.0374 30.5 19.9709 19.8922 8.96553 6.5958
threshold=0 25.250000000000004 46.600000000000001 32.500000000000007 27.035417000000006 -0.97507822412530132 0.25000000000000006
decision_type=1 2 2 2 2 2 2
left_child=-1 2 3 -2 -4 -3 -7
right_child=1 5 4 -5 -6 6 -8
leaf_value=-0.035637868908918104 -0.011696517781250216 -0.037609141260250493 -0.00043520091282467089 0.0028851368312427586 -0.043238029755142168 0.066695079218624151 0.018203119019008004
leaf_weight=26.242119824513793 275.33190345019102 5.8393248096108428 45.359498299658298 1561.9585806187242 66.670752443373203 6.7696990445256224 99.866147805005312
leaf_count=2360 1565 29 267 8924 400 33 523
internal_value=-0.000430375 0.000206562 -0.000855704 0.000694791 -0.0260649 0.0184803 0.0218726
internal_weight=2088.04 2061.8 1949.32 1837.29 112.03 112.475 106.636
internal_count=14101 11741 11156 10489 667 585 556
cat_boundaries=0 1
cat_threshold=16
is_linear=0
shrinkage=0.05


end of trees

feature_importances:
age_group=186
day_of_year_cos=88
day_of_year_sin=83
wind_speed_max_7d=64
temperature_min_7d=58
rain_max_daily_7d=58
gender=37
temperature_mean_7d=34
wind_gust_max_7d=30
humidity_min_7d=26
wind_speed_max_3d=24
temperature_max_7d=24
wind_speed_mean_7d=21
temperature_max_current=19
rain_days_7d=17
temperature_mean_3d=11
wind_speed_mean_3d=11
weather_code_current=10
precipitation_sum_7d=10
month=9
humidity_mean_7d=9
temperature_min_3d=8
temperature_min_current=6
humidity_max_7d=6
temperature_mean_current=4
temperature_max_3d=4
humidity_mean_3d=3
humidity_min_3d=3
precipitation_sum_3d=3
humidity_mean_current=1
humidity_min_current=1
wind_speed_mean_current=1
wind_speed_max_current=1
wind_gust_max_current=1
humidity_max_3d=1
rain_days_3d=1
rain_max_daily_3d=1
wind_gust_max_3d=1

parameters:
[boosting: gbdt]
[objective: binary]
[metric: binary_logloss]
[tree_learner: serial]
[device_type: cpu]
[data_sample_strategy: bagging]
[data: ]
[valid: ]
[num_iterations: 81]
[learning_rate: 0.05]
[num_leaves: 15]
[num_threads: 8]
[seed: 42]
[deterministic: 0]
[force_col_wise: 0]
[force_row_wise: 0]
[histogram_pool_size: -1]
[max_depth: 4]
[min_data_in_leaf: 20]
[min_sum_hessian_in_leaf: 0.001]
[bagging_fraction: 0.9]
[pos_bagging_fraction: 1]
[neg_bagging_fraction: 1]
[bagging_freq: 1]
[bagging_seed: 400]
[bagging_by_query: 0]
[feature_fraction: 0.9]
[feature_fraction_bynode: 1]
[feature_fraction_seed: 30056]
[extra_trees: 0]
[extra_seed: 12879]
[early_stopping_round: 0]
[early_stopping_min_delta: 0]
[first_metric_only: 0]
[max_delta_step: 0]
[lambda_l1: 0]
[lambda_l2: 1]
[linear_lambda: 0]
[min_gain_to_split: 0]
[drop_rate: 0.1]
[max_drop: 50]
[skip_drop: 0.5]
[xgboost_dart_mode: 0]
[uniform_drop: 0]
[drop_seed: 17869]
[top_rate: 0.2]
[other_rate: 0.1]
[min_data_per_group: 100]
[max_cat_threshold: 32]
[cat_l2: 10]
[cat_smooth: 10]
[max_cat_to_onehot: 4]
[top_k: 20]
[monotone_constraints: ]
[monotone_constraints_method: basic]
[monotone_penalty: 0]
[feature_contri: ]
[forcedsplits_filename: ]
[refit_decay_rate: 0.9]
[cegb_tradeoff: 1]
[cegb_penalty_split: 0]
[cegb_penalty_feature_lazy: ]
[cegb_penalty_feature_coupled: ]
[path_smooth: 0]
[interaction_constraints: ]
[verbosity: -1]
[saved_feature_importance_type: 0]
[use_quantized_grad: 0]
[num_grad_quant_bins: 4]
[quant_train_renew_leaf: 0]
[stochastic_rounding: 1]
[linear_tree: 0]
[max_bin: 255]
[max_bin_by_feature: ]
[min_data_in_bin: 3]
[bin_construct_sample_cnt: 200000]
[data_random_seed: 175]
[is_enable_sparse: 1]
[enable_bundle: 1]
[use_missing: 1]
[zero_as_missing: 0]
[feature_pre_filter: 1]
[pre_partition: 0]
[two_round: 0]
[header: 0]
[label_column: ]
[weight_column: ]
[group_column: ]
[ignore_column: ]
[categorical_feature: 0,1,3]
[forcedbins_filename: ]
[precise_float_parser: 0]
[parser_config_file: ]
[objective_seed: 16083]
[num_class: 1]
[is_unbalance: 0]
[scale_pos_weight: 1]
[sigmoid: 1]
[boost_from_average: 1]
[reg_sqrt: 0]
[alpha: 0.9]
[fair_c: 1]
[poisson_max_delta_step: 0.7]
[tweedie_variance_power: 1.5]
[lambdarank_truncation_level: 30]
[lambdarank_norm: 1]
[label_gain: ]
[lambdarank_position_bias_regularization: 0]
[eval_at: ]
[multi_error_top_k: 1]
[auc_mu_weights: ]
[num_machines: 1]
[local_listen_port: 12400]
[time_out: 120]
[machine_list_filename: ]
[machines: ]
[gpu_platform_id: -1]
[gpu_device_id: -1]
[gpu_device_id_list: ]
[gpu_use_dp: 0]
[num_gpu: 1]

end of parameters

pandas_categorical:[]
