tree
version=v4
num_class=1
num_tree_per_iteration=1
label_index=0
max_feature_idx=44
objective=binary sigmoid:1
feature_names=age_group gender month season day_of_year_sin day_of_year_cos weather_code_current temperature_mean_current temperature_max_current temperature_min_current humidity_mean_current humidity_max_current humidity_min_current wind_speed_mean_current wind_speed_max_current precipitation_sum_current rain_sum_current wind_gust_max_current rain_day_current temperature_mean_3d temperature_max_3d temperature_min_3d humidity_mean_3d humidity_max_3d humidity_min_3d wind_speed_mean_3d wind_speed_max_3d precipitation_sum_3d rain_sum_3d rain_days_3d rain_max_daily_3d wind_gust_max_3d temperature_mean_7d temperature_max_7d temperature_min_7d humidity_mean_7d humidity_max_7d humidity_min_7d wind_speed_mean_7d wind_speed_max_7d precipitation_sum_7d rain_sum_7d rain_days_7d rain_max_daily_7d wind_gust_max_7d
feature_infos=-1:0:1:2:3:4:5 -1:0:1 [1:12] -1:1:0 [-0.99999942202469239:0.99998555065071859] [-0.99997919295908244:0.9999907524084426] [0:61] [23.658332999999999:32.533332999999999] [25.899999999999999:39.200000000000003] [17.899999999999999:29.300000000000001] [48.958333000000003:91.625] [63:100] [23:86] [2.8541669999999999:19.695833] [6.4000000000000004:30.100000000000001] [0:63.100000000000001] [0:63.100000000000001] [14:56.899999999999999] [0:1] [23.766667000000002:32.427778000000004] [27.699999999999999:39.200000000000003] [17.899999999999999:28.100000000000001] [52.569443999999997:90.694444000000004] [73:100] [23:79] [4.125:17.329167000000002] [9.6999999999999993:30.100000000000001] [0:93.900000000000006] [0:93.900000000000006] [0:3] [0:63.100000000000001] [17.300000000000001:56.899999999999999] [24.365476000000001:32.235118999999997] [28.699999999999999:39.200000000000003] [17.899999999999999:27.5] [55.767856999999999:89.523809999999997] [77:100] [23:72] [4.5327380000000002:15.469643] [11.6:30.100000000000001] [0:163.90000000000001] [0:163.90000000000001] [0:7] [0:63.100000000000001] [23:56.899999999999999]
tree_sizes=1609 1725 1613 1727 1734 1736 1534 1734 1727 1732 1730 1730 1740 1730 1740 1718 1732 1741 1732 1417 1728 1738 1728 1512 1413 1718 1407 1507 1513 1522 1410 1516 1410 1515 1394 1522 1736 1523 1521 1206 1521 1517 1523 1424 1320 1519 1507 1744 1528 1515 1520 1524 1534 1529 1511 1385 1534 1101 1413 1518 1410 1102 1306 1112 1112 1111 1116 1209 1108 1324 1226 1114 1111 1112 1116 1115 1117 1639

Tree=0
num_leaves=14
num_cat=3
split_feature=0 0 4 34 0 33 2 5 32 44 5 4 4
split_gain=4926.61 727.212 183.967 272.092 149.152 67.3903 55.6067 12.8937 7.40084 8.09376 1.49668 0.724192 0.0727218
threshold=0 1 0.074116354202380164 20.350000000000005 2 31.650000000000002 4.5000000000000009 -0.074115882986646578 26.889285500000003 34.400000000000013 0.92843842216862604 -0.95244167294248061 -0.98803845231459231
decision_type=1 1 2 2 1 2 2 2 2 2 2 2 2
left_child=8 5 4 -4 -3 7 -7 -2 9 10 -1 12 -10
right_child=1 2 3 -5 -6 6 -8 -9 11 -11 -12 -13 -14
leaf_value=-0.25547655550166626 -0.20675301605863067 -0.092486816571538052 -0.27311745028098794 -0.13532747647443119 -0.14389973562986375 -0.2022848020168489 -0.16801397374251928 -0.24295929380515252 -0.26238342074145399 -0.26847413837091882 -0.23865740624726262 -0.27256650380124031 -0.23106717935703677
leaf_weight=103.12500905990601 46.108778089284897 534.7130878418684 36.440808489918709 886.72633992135525 270.45525212585926 206.99370808899403 273.67790865898132 57.016230970621109 5.9495197534561148 230.54389044642448 39.415568366646767 763.52170169353485 8.9242796301841718
leaf_count=416 186 2157 147 3577 1091 835 1104 230 24 930 159 3080 36
internal_value=-0.184214 -0.142163 -0.125876 -0.140857 -0.108054 -0.190564 -0.18278 -0.227145 -0.268245 -0.262087 -0.251239 -0.272175 -0.247745
internal_weight=3463.61 2312.13 1728.34 923.167 805.168 583.797 480.672 103.125 1151.48 373.084 142.541 778.396 14.8738
internal_count=13972 9327 6972 3724 3248 2355 1939 416 4645 1505 575 3140 60
cat_boundaries=0 1 2 3
cat_threshold=48 8 5
is_linear=0
shrinkage=1


Tree=1
num_leaves=15
num_cat=3
split_feature=0 0 4 34 0 33 4 4 34 39 25 4 44 4
split_gain=4493.66 661.945 166.924 239.084 116.509 57.4446 52.4492 18.2577 7.89643 8.61562 5.8707 4.37014 3.55124 3.00886
threshold=0 1 0.091259403071267911 20.350000000000005 2 36.850000000000001 0.60555468348150676 0.97112537654464559 22.450000000000003 19.750000000000004 6.5423610000000005 0.534952257794027 32.95000000000001 -0.99467753128998015
decision_type=1 1 2 2 1 2 2 2 2 2 2 2 2 2
left_child=8 5 4 -4 -3 6 -2 -7 9 11 -10 -1 -11 -12
right_child=1 2 3 -5 -6 7 -8 -9 10 12 13 -13 -14 -15
leaf_value=-0.064580124247687304 -0.00090331503403730294 0.086221741842533312 -0.08559383193979718 0.04633981276481762 0.040200940156304536 0.076693362275508353 -0.035601861336608226 0.0081240350859737073 -0.074249542558707887 -0.038516183165454076 -0.061172815479385537 -0.032835207954586103 -0.085593775715916878 -0.086728926002928683
leaf_weight=95.688611924648285 390.46093367040157 544.06927911937237 34.846130877733231 874.24125941097736 273.83207677304745 24.529108241200447 150.06262335181236 16.084892749786377 197.4646709561348 6.6547894924879065 22.590477228164673 15.956833973526953 91.569656282663345 709.85352917015553
leaf_count=389 1576 2181 142 3513 1101 99 606 65 804 27 92 65 373 2892
internal_value=9.13683e-05 0.0401724 0.0556965 0.0411942 0.0724258 -0.0061388 -0.0105844 0.0503848 -0.0806843 -0.0712248 -0.0836071 -0.0603748 -0.0828245 -0.0860252
internal_weight=3447.9 2308.13 1726.99 909.087 817.901 581.138 540.524 40.614 1139.78 209.87 929.909 111.645 98.2244 732.444
internal_count=13925 9283 6937 3655 3282 2346 2182 164 4642 854 3788 454 400 2984
cat_boundaries=0 1 2 3
cat_threshold=48 8 5
is_linear=0
shrinkage=0.05


Tree=2
num_leaves=14
num_cat=3
split_feature=0 0 2 34 0 33 38 39 21 33 2 44 25
split_gain=4147.21 611.197 140.999 215.901 112.851 62.4097 50.4104 12.435 7.12163 6.28831 3.6221 2.93929 2.18465
threshold=0 1 6.5000000000000009 20.350000000000005 2 31.650000000000002 7.0270830000000002 27.100000000000005 22.950000000000003 32.550000000000004 8.5000000000000018 32.95000000000001 6.1631945000000004
decision_type=1 1 2 2 1 2 2 2 2 2 2 2 2
left_child=8 5 3 -3 -4 7 -7 -2 9 11 -10 -1 -12
right_child=1 2 4 -5 -6 6 -8 -9 10 -11 12 -13 -14
leaf_value=-0.049552125868994788 -0.047304931806737657 -0.076656304092608374 0.082569433861229613 0.044962004532732226 0.036688225725593791 0.027773255803984903 -0.0088194506637743041 0.014660199990816384 -0.083129824926765933 -0.077708708887725797 -0.063166243330424671 -0.070324112287596663 -0.077924363960396092
leaf_weight=60.539569541811943 93.01019199192524 37.09135702252388 521.74486871063709 934.69105181097984 261.04758855700493 127.232287093997 352.78314526379108 8.409022241830824 684.2631771415472 121.07201865315437 71.463989794254303 40.79523141682148 158.90685434639454
leaf_count=248 377 153 2087 3746 1047 513 1425 34 2825 499 294 168 655
internal_value=-6.51626e-05 0.038028 0.052742 0.040246 0.0688567 -0.00652891 0.000917341 -0.0420742 -0.0779401 -0.0692669 -0.0808224 -0.05852 -0.073639
internal_weight=3473.05 2336.01 1754.57 971.782 782.792 581.435 480.015 101.419 1137.04 222.407 914.634 101.335 230.371
internal_count=14071 9382 7033 3899 3134 2349 1938 411 4689 915 3774 416 949
cat_boundaries=0 1 2 3
cat_threshold=48 8 5
is_linear=0
shrinkage=0.05


Tree=3
num_leaves=15
num_cat=3
split_feature=0 0 4 34 0 33 37 4 34 39 25 4 8 4
split_gain=3768.3 569.097 144.224 209.564 98.168 56.6577 50.6046 14.7675 7.35882 7.84867 4.51555 3.41963 2.08281 1.81841
threshold=0 1 0.10837544681456417 20.350000000000005 2 36.850000000000001 34.500000000000007 0.98522604642031408 22.450000000000003 18.850000000000005 6.5423610000000005 0.35846314187849704 28.450000000000003 -0.79384350655589164
decision_type=1 1 2 2 1 2 2 2 2 2 2 2 2 2
left_child=8 5 4 -4 -3 6 -2 -7 9 11 13 -1 -11 -10
right_child=1 2 3 -5 -6 7 -8 -9 10 12 -12 -13 -14 -15
leaf_value=-0.057867998618971121 -0.043968733795734245 0.078174347616198972 -0.080112172088074016 0.041842400284279324 0.036276165720145359 0.065484577609383407 -0.0039600046885755469 -0.0051826418570581241 -0.05988103616971871 -0.034733261075831648 -0.079968064340451006 -0.029763318410669412 -0.0762377946695839 -0.074192271034900142
leaf_weight=66.371304973959923 94.970228761434555 559.22494038939476 35.777682065963745 888.81924112141132 274.69396975636482 31.339000403881073 449.32747882604599 9.4028155207633954 70.370934650301933 5.5880422741174689 718.80006210505962 17.11382132768631 111.42409631609917 125.08189152181149
leaf_count=275 385 2240 150 3557 1100 126 1817 38 293 23 3016 71 466 523
internal_value=0.000248847 0.0362223 0.0504243 0.0370419 0.0658038 -0.00660895 -0.0110086 0.0494418 -0.0749959 -0.065696 -0.0777808 -0.0525272 -0.0745668 -0.0693707
internal_weight=3458.31 2343.56 1758.52 924.597 833.919 585.04 544.298 40.7418 1114.75 200.497 914.253 83.4851 117.012 195.453
internal_count=14080 9413 7047 3707 3340 2366 2202 164 4667 835 3832 346 489 816
cat_boundaries=0 1 2 3
cat_threshold=48 8 5
is_linear=0
shrinkage=0.05


Tree=4
num_leaves=15
num_cat=3
split_feature=0 0 4 20 0 33 38 5 38 21 44 4 5 4
split_gain=3446.35 493.985 140.069 197.588 101.063 54.5579 47.2155 14.1657 8.01585 5.59236 2.18651 1.90965 1.88648 1.7741
threshold=0 1 0.091259403071267911 33.350000000000001 2 31.650000000000002 7.0270830000000002 -0.074115882986646578 7.4404760000000012 22.450000000000003 28.250000000000004 -0.79384350655589164 0.99445195900249039 -0.99866806308218525
decision_type=1 1 2 2 1 2 2 2 2 2 2 2 2 2
left_child=8 5 4 -4 -3 7 -7 -2 9 10 -1 -11 13 -10
right_child=1 2 3 -5 -6 6 -8 -9 12 11 -12 -13 -14 -15
leaf_value=-0.033994020273027198 -0.016834547588532565 0.075654855161764553 0.0047634399996659572 0.052534084693527154 0.033758180021312686 0.027606960981511011 -0.0077965227672039047 -0.054820071197556587 -0.046518758069071138 -0.061037612765006979 -0.057939595221830037 -0.07265033662639804 -0.044194149334153138 -0.077222229510200691
leaf_weight=21.081578731536865 44.5555130392313 553.77727599442005 345.48322507739067 579.58127677440643 276.18417842686176 127.22004225850105 353.69932568073273 57.244426310062408 10.135675877332686 103.01080566644669 35.673268646001816 220.24759611487389 9.04433625936508 695.73562045395374
leaf_count=88 181 2228 1389 2321 1105 512 1432 234 43 436 150 938 38 2971
internal_value=0.000385894 0.0346518 0.0478893 0.0347176 0.0630871 -0.00536537 0.00160679 -0.0385202 -0.0723945 -0.066396 -0.0497876 -0.0691494 -0.076497 -0.0768478
internal_weight=3432.67 2337.75 1755.03 925.065 829.961 582.719 480.919 101.8 1094.93 380.013 56.7548 323.258 714.916 705.871
internal_count=14066 9402 7043 3710 3333 2359 1944 415 4664 1612 238 1374 3052 3014
cat_boundaries=0 1 2 3
cat_threshold=48 8 5
is_linear=0
shrinkage=0.05


Tree=5
num_leaves=15
num_cat=3
split_feature=0 0 4 34 0 34 5 5 32 44 40 36 9 40
split_gain=3106.25 444.007 129.88 136.422 109.152 66.8779 51.5948 27.0405 6.50714 6.61486 3.6294 0.86875 0.933382 0.643007
threshold=0 1 0.074116354202380164 20.350000000000005 2 21.050000000000004 0.31595530242620651 -0.21022037796396445 26.889285500000003 34.400000000000013 13.250000000000002 99.500000000000014 22.650000000000002 123.55000000000003
decision_type=1 1 2 2 1 2 2 2 2 2 2 2 2 2
left_child=8 2 7 -4 5 -3 -6 -2 9 10 -1 12 -10 -11
right_child=1 4 3 -5 6 -7 -8 -9 11 13 -12 -13 -14 -15
leaf_value=-0.041618767467397393 0.060426597921001725 -0.029325196029540215 -0.077108130265457098 0.043480955319389752 0.0059455811482617563 0.030716575358422479 -0.024960614499917926 0.083672876184073153 -0.061469799702799421 -0.071976637086334339 -0.061188876568346297 -0.066281785880066307 -0.076080246058161327 -0.054450820669564783
leaf_weight=47.776471599936485 262.55785769224167 49.993545770645142 23.508028894662857 606.22133328020573 365.5232440829277 534.38624309003353 212.88983266055584 274.89487524330616 39.031871393322945 191.81488828361034 87.343975782394409 111.44856509566307 570.89651907980442 22.919733688235283
leaf_count=202 1064 203 100 2426 1478 2138 866 1114 169 833 374 484 2491 99
internal_value=-0.000213551 0.032172 0.0539166 0.0388642 0.0100445 0.0251097 -0.00536063 0.0724499 -0.0702625 -0.0644605 -0.0546258 -0.0739559 -0.0752474 -0.0703671
internal_weight=3401.21 2329.97 1167.18 629.729 1162.79 584.38 578.413 537.453 1071.23 349.855 135.12 721.377 609.928 214.735
internal_count=14041 9389 4704 2526 4685 2341 2344 2178 4652 1508 576 3144 2660 932
cat_boundaries=0 1 2 3
cat_threshold=48 5 2
is_linear=0
shrinkage=0.05


Tree=6
num_leaves=13
num_cat=0
split_feature=2 34 34 34 38 36 32 40 34 5 4 4
split_gain=85.2674 136.444 104.622 183.127 42.1447 18.072 13.7866 11.2188 6.84542 5.37905 4.98979 0.763525
threshold=7.5000000000000009 20.350000000000005 25.150000000000002 24.450000000000003 13.519047500000001 97.500000000000014 26.469345500000006 93.250000000000014 25.150000000000002 -0.83375966452616657 0.22700754078277599 -0.52766804058324157
decision_type=2 2 2 2 2 2 2 2 2 2 2 2
left_child=1 10 3 -3 6 -4 7 -2 -8 11 -1 -6
right_child=4 2 5 -5 9 -7 8 -9 -10 -11 -12 -13
leaf_value=-0.019879444952451888 0.0094904613927873534 0.00056212536835512647 0.029740345425065429 -0.037296703960380255 -0.035064337670514631 -0.0030899770665308106 0.016914638652109112 -0.0094384311049748836 -0.035064337670514638 -0.073814112225982317 -0.077985768590836446 -0.0072691091080142947
leaf_weight=4.7753864526748648 352.63674156367779 1413.3372085094452 243.25517995655537 411.67420692741871 5.4929459244012833 50.387188151478767 711.78799441456795 99.659278631210327 5.4929459244012824 13.423917353153227 64.560853660106659 5.0459388643503207
leaf_count=20 1471 5872 1011 1714 23 209 2968 416 23 56 279 21
internal_value=5.32598e-05 -0.00581023 -0.00353402 -0.00799357 0.010798 0.0241155 0.0121607 0.00530803 0.0164683 -0.053532 -0.0743234 -0.0235395
internal_weight=3381.53 2187.99 2118.65 1825.01 1193.54 293.642 1169.58 452.296 717.281 23.9628 69.3362 10.5389
internal_count=14083 9105 8806 7586 4978 1220 4878 1887 2991 100 299 44
is_linear=0
shrinkage=0.05


Tree=7
num_leaves=15
num_cat=3
split_feature=0 0 4 20 0 33 37 4 32 44 5 40 4 32
split_gain=2909.92 419.485 115.668 166.602 79.8415 54.9849 44.5687 13.3444 5.81175 5.16829 2.96511 1.35953 0.814982 1.17222
threshold=0 1 0.091259403071267911 33.150000000000013 2 36.850000000000001 34.500000000000007 0.97112537654464559 26.889285500000003 28.250000000000004 -0.29342786347392819 26.450000000000003 -0.95754239937548935 27.125298000000004
decision_type=1 1 2 2 1 2 2 2 2 2 2 2 2 2
left_child=8 5 4 -4 -3 6 -2 -7 9 11 -11 -1 13 -10
right_child=1 2 3 -5 -6 7 -8 -9 12 10 -12 -13 -14 -15
leaf_value=-0.033447762395617961 -0.041499809268619459 0.068977261279742824 0.0011464242024660507 0.046367741836004506 0.031228320486101163 0.070269495896225706 -0.0035978146300068518 0.012336487249069016 -0.061593821991386188 -0.075135069652336073 -0.061257347196134737 -0.062279031500829168 -0.072470502625625127 -0.022482529233218265
leaf_weight=25.168244794011116 92.931441709399223 534.81066258251667 303.63425341248512 617.98575137555599 274.62378415465355 25.728730425238609 446.43476167321205 16.622977450489998 6.6908311992883664 81.066908538341522 228.3512771576643 6.9323529303073874 704.67721267044544 4.8575518578290939
leaf_count=107 381 2190 1223 2482 1099 103 1809 67 29 360 1001 30 3144 21
internal_value=-0.00033369 0.0310727 0.0434075 0.0314866 0.0574606 -0.00575705 -0.0101929 0.04834 -0.0686142 -0.063018 -0.0651236 -0.0413675 -0.0721477 -0.0482453
internal_weight=3370.52 2312.77 1731.05 921.62 809.434 581.718 539.366 42.3517 1057.74 341.519 309.418 32.1006 716.226 11.5484
internal_count=14046 9354 6994 3705 3289 2360 2190 170 4692 1498 1361 137 3194 50
cat_boundaries=0 1 2 3
cat_threshold=48 8 5
is_linear=0
shrinkage=0.05


Tree=8
num_leaves=15
num_cat=3
split_feature=0 0 4 34 0 36 34 32 38 21 4 4 40 5
split_gain=2682 380.665 120.42 105.297 93.3182 64.4804 48.7801 42.5878 6.73365 5.62876 2.47133 1.97353 2.81311 2.05304
threshold=0 1 0.14250626876356548 20.350000000000005 2 94.500000000000014 25.250000000000004 26.207738000000003 7.4404760000000012 22.450000000000003 -0.79384350655589164 -0.99467753128998015 115.65000000000002 0.99445195900249039
decision_type=1 1 2 2 1 2 2 2 2 2 2 2 2 2
left_child=8 2 5 -4 6 -2 -3 -6 9 -1 -11 12 -10 -13
right_child=1 4 3 -5 7 -7 -8 -9 11 10 -12 13 -14 -15
leaf_value=-0.043889403499424995 -0.095816071877647291 0.01959982860962628 -0.073107157340610393 0.03900780716439424 -0.048996911446971519 0.069073775863963738 0.072986793422460561 -0.00063439837783467457 -0.064171930628002263 -0.054800150583550269 -0.067228002304905207 -0.071306600950947444 -0.020798526334738623 -0.03869167413601303
leaf_weight=52.600098133087158 5.1632888317108145 533.82113209366798 20.839760601520538 573.22412946820259 48.807707846164703 554.79666163027287 45.744909107685089 529.18244189023972 10.261869773268701 94.492638647556305 213.90168310701847 645.06713984906673 7.6397102624177924 8.6910744458436948
leaf_count=229 21 2143 92 2301 201 2296 184 2147 46 420 969 2950 34 38
internal_value=0.000102027 0.0300185 0.050302 0.0349586 0.00951379 0.0673853 0.0235269 -0.00471446 -0.0664771 -0.0608653 -0.0636095 -0.0703866 -0.0477415 -0.0709328
internal_weight=3344.23 2311.58 1154.02 594.064 1157.56 559.96 579.566 577.99 1032.65 360.994 308.394 671.66 17.9016 653.758
internal_count=14071 9385 4710 2393 4675 2317 2327 2348 4686 1618 1389 3068 80 2988
cat_boundaries=0 1 2 3
cat_threshold=48 5 2
is_linear=0
shrinkage=0.05


Tree=9
num_leaves=15
num_cat=3
split_feature=0 0 4 34 0 33 36 5 21 39 25 4 4 4
split_gain=2473.41 352.688 91.0474 149.956 61.6766 44.3734 36.7657 12.0007 5.5011 5.41601 5.30309 3.05689 2.42323 1.73442
threshold=0 1 0.074116354202380164 25.150000000000002 2 31.650000000000002 96.500000000000014 -0.074115882986646578 22.450000000000003 18.550000000000004 6.5423610000000005 -0.99467753128998015 -0.074117382312902935 -0.79384350655589164
decision_type=1 1 2 2 1 2 2 2 2 2 2 2 2 2
left_child=8 5 4 -4 -3 7 -7 -2 9 12 13 -12 -1 -10
right_child=1 2 3 -5 -6 6 -8 -9 10 -11 11 -13 -14 -15
leaf_value=-0.049361820461836695 -0.01640976675477572 0.062970504488301604 0.020352328226248731 0.074034057450386201 0.029464032897733933 -0.01763425944393272 0.011362270237525424 -0.05136052848299047 -0.049855906074570022 -0.062612914702038905 -0.045940086141373515 -0.07017541702891561 -0.024270187647395965 -0.062956685039706736
leaf_weight=26.907152950763702 46.8840172290802 522.45976373553276 771.57518956065178 155.86884571611881 278.43285344541073 169.45303004980087 303.79962733387947 53.906227588653564 67.712156012654305 82.188785895705223 20.930509552359581 655.60769818723202 20.14852648973465 131.93067963421345
leaf_count=118 191 2195 3115 630 1116 692 1227 224 305 381 95 3077 88 609
internal_value=9.9657e-05 0.0286633 0.0399333 0.0294443 0.0525258 -0.00538144 0.000964471 -0.0354236 -0.0649131 -0.0545092 -0.0671239 -0.0694945 -0.0393466 -0.058784
internal_weight=3307.81 2302.38 1728.34 927.444 800.893 574.043 473.253 100.79 1005.43 129.244 876.181 676.538 47.0557 199.643
internal_count=14063 9390 7056 3745 3311 2334 1919 415 4673 587 4086 3172 206 914
cat_boundaries=0 1 2 3
cat_threshold=48 8 5
is_linear=0
shrinkage=0.05


Tree=10
num_leaves=15
num_cat=3
split_feature=0 0 4 34 0 33 34 21 32 44 33 4 4 35
split_gain=2256.31 313.559 101.715 107.408 79.06 51.0198 45.4788 30.7552 8.04543 7.71357 3.18503 2.19413 1.71804 1.40239
threshold=0 1 0.10837544681456417 20.350000000000005 2 31.650000000000002 21.050000000000004 25.050000000000004 26.889285500000003 34.400000000000013 30.850000000000005 -0.99467753128998015 -0.49813634056773481 85.547619000000012
decision_type=1 1 2 2 1 2 2 2 2 2 2 2 2 2
left_child=8 2 7 -4 6 -6 -3 -2 9 10 -1 -11 13 -10
right_child=1 4 3 -5 5 -7 -8 -9 12 11 -12 -13 -14 -15
leaf_value=-0.069512746154215488 0.064853922872658454 -0.02262306637739386 -0.072092200376163443 0.036625465995356848 -0.03721513904622941 0.0022736262324973568 0.026207088051921169 -0.0039178939110374343 -0.067094473202674962 -0.043565437331163526 -0.04250628658893086 -0.065270018471294322 -0.068489340925833114 -0.050418512501572234
leaf_weight=14.697870656847952 503.88707093894482 51.577371761202812 22.725112497806549 588.62971840798855 97.89810186624527 472.45227921009064 535.48895832896233 16.683487519621849 42.874794483184814 21.662898480892181 113.82255440950394 172.88228452205658 556.98676237463951 55.529498144984245
leaf_count=67 2147 210 102 2375 406 1916 2154 70 206 100 517 824 2688 262
internal_value=0.000155242 0.0273116 0.045987 0.0324731 0.0087865 -0.00447932 0.0215199 0.0626466 -0.0629826 -0.0564963 -0.0461077 -0.0630883 -0.0670485 -0.0582861
internal_weight=3267.8 2289.34 1131.93 611.355 1157.42 570.35 587.066 520.571 978.457 323.066 128.52 194.545 655.391 98.4043
internal_count=14044 9380 4694 2477 4686 2322 2364 2217 4664 1508 584 924 3156 468
cat_boundaries=0 1 2 3
cat_threshold=48 5 2
is_linear=0
shrinkage=0.05


Tree=11
num_leaves=15
num_cat=3
split_feature=0 0 4 34 34 0 36 39 21 39 25 4 4 4
split_gain=2101.54 285.79 93.8689 93.8012 73.3718 68.9655 60.1626 36.3193 6.29201 6.57348 4.98251 3.9619 3.33443 2.63592
threshold=0 1 0.14250626876356548 20.350000000000005 21.050000000000004 2 94.500000000000014 19.250000000000004 22.450000000000003 18.550000000000004 6.5423610000000005 -0.99467753128998015 -0.074117382312902935 -0.79384350655589164
decision_type=1 1 2 2 2 1 2 2 2 2 2 2 2 2
left_child=8 2 6 -4 7 -6 -2 -3 9 12 13 -12 -1 -10
right_child=1 4 3 -5 5 -7 -8 -9 10 -11 11 -13 -14 -15
leaf_value=-0.046177861617940068 -0.094028512337836906 0.0050356701435283983 -0.070223351709466239 0.034536332409467727 0.024873763217584211 -0.00068878095843369325 0.061570572493937964 -0.05615515504768806 -0.046170382198207877 -0.059707331463386026 -0.041033535211522087 -0.067301006064983709 -0.017943839693244874 -0.060906478451486494
leaf_weight=26.270099103450775 5.437950760126113 39.679124921560287 21.300855785608292 563.28791156411171 527.75959910452366 524.94233410060406 522.14373378455639 60.747733071446419 68.078149542212486 80.631349951028824 20.478475585579872 618.90000480413437 20.18714913725853 125.75205738842487
leaf_count=119 22 162 98 2281 2127 2135 2258 252 318 393 96 3073 90 610
internal_value=-0.00022548 0.0260495 0.044096 0.0306058 0.00839188 0.0123677 0.0597919 -0.0321671 -0.0617978 -0.0508511 -0.0641454 -0.0665251 -0.0345459 -0.0559943
internal_weight=3225.6 2265.3 1112.17 584.589 1153.13 1052.7 527.582 100.427 960.297 127.089 833.209 639.378 46.4572 193.83
internal_count=14034 9335 4659 2379 4676 4262 2280 414 4699 602 4097 3169 209 928
cat_boundaries=0 1 2 3
cat_threshold=48 5 2
is_linear=0
shrinkage=0.05


Tree=12
num_leaves=15
num_cat=2
split_feature=0 0 4 34 34 34 5 33 34 39 5 11 44 34
split_gain=1913.57 281.168 91.5091 88.0021 76.2775 87.7088 21.5897 18.6202 8.75755 6.929 5.5074 4.72108 4.34931 1.61029
threshold=0 1 0.10837544681456417 20.350000000000005 25.150000000000002 24.550000000000004 -0.21022037796396445 33.95000000000001 22.450000000000003 19.750000000000004 0.84658398682345093 98.500000000000014 32.95000000000001 23.550000000000004
decision_type=1 1 2 2 2 2 2 2 2 2 2 2 2 2
left_child=8 2 6 -4 5 -3 -2 -6 9 10 -1 -10 -11 -13
right_child=1 4 3 -5 7 -7 -8 -9 11 12 -12 13 -14 -15
leaf_value=-0.022298689690041007 0.048077053880377696 0.0087284712811872139 -0.06859937731423342 0.033623708833206256 -0.037008351581253505 -0.035598145221165278 0.069314385147401666 0.052754153478111937 -0.065234003543033381 -0.014897556728302076 -0.04862926731906065 -0.060162409709655841 -0.064726912654666971 -0.045748286275754654
leaf_weight=32.832775324583054 251.84575785696507 916.09069603681564 20.939988195896149 578.54693572223186 5.4456909149885169 126.06610660254955 255.55796580016613 99.840743213891983 621.7278661429882 5.4056822806596747 63.029001116752625 62.766207829117775 70.476178124547005 66.810491010546684
leaf_count=156 1103 3721 99 2352 22 510 1133 406 3167 25 297 309 358 331
internal_value=0.000104407 0.0249338 0.0428671 0.0299448 0.00739156 0.00333745 0.0588887 0.0478069 -0.0601163 -0.0497267 -0.0399343 -0.0632212 -0.0614171 -0.0531377
internal_weight=3177.38 2254.33 1106.89 599.487 1147.44 1042.16 507.404 105.286 923.048 171.744 95.8618 751.305 75.8819 129.577
internal_count=13989 9346 4687 2451 4659 4231 2236 428 4643 836 453 3807 383 640
cat_boundaries=0 1 2
cat_threshold=48 5
is_linear=0
shrinkage=0.05


Tree=13
num_leaves=15
num_cat=3
split_feature=0 0 34 39 36 0 33 44 38 21 5 40 34 37
split_gain=1757.79 278.727 69.7155 176.697 132.44 65.1508 43.5678 38.1519 7.89813 3.82617 3.90211 3.03176 3.15379 2.50796
threshold=0 1 24.450000000000003 18.750000000000004 96.500000000000014 2 36.850000000000001 52.000000000000007 7.4404760000000012 22.750000000000004 0.85561368268953431 128.60000000000002 23.950000000000003 60.500000000000007
decision_type=1 1 2 2 2 1 2 2 2 2 2 2 2 2
left_child=8 2 4 -4 -2 7 -7 -3 9 10 -1 -10 -13 -11
right_child=1 5 3 -5 -6 6 -8 -9 11 13 -12 12 -14 -15
leaf_value=-0.021875221419426938 0.015910961700273993 0.019827917462712744 -0.053429050721773723 0.04226598325722139 0.060986758295142156 -0.0094863945790347685 0.043031409418392397 -0.084347057863986344 -0.063597480664755901 -0.062017115216213274 -0.048994093431081062 -0.0073598833356566685 -0.057402404100337437 -0.049951539325381711
leaf_weight=22.508994698524475 223.33146128058434 572.49252097308636 62.60490819811821 199.35905246436596 610.67207880318165 540.07737547159195 41.613154873251915 7.9571950733661643 566.132458999753 112.7742994427681 43.964749097824097 6.4241754263639432 5.8874854445457458 145.79069145023823
leaf_count=107 931 2317 257 830 2675 2204 167 32 2976 582 210 31 31 736
internal_value=-0.000115131 0.0234717 0.0415037 0.0192803 0.0489498 0.00623666 -0.00556643 0.0179485 -0.0586384 -0.0524651 -0.0402715 -0.0630228 -0.0338049 -0.0554326
internal_weight=3161.59 2258.11 1095.97 261.964 834.004 1162.14 581.691 580.45 903.483 325.039 66.4737 578.444 12.3117 258.565
internal_count=14086 9413 4693 1087 3606 4720 2371 2349 4673 1635 317 3038 62 1318
cat_boundaries=0 1 2 3
cat_threshold=48 5 2
is_linear=0
shrinkage=0.05


Tree=14
num_leaves=15
num_cat=3
split_feature=0 0 4 26 34 0 39 5 21 39 36 5 38 4
split_gain=1632.95 236.994 76.4998 83.0086 62.9076 55.473 33.3011 27.6789 9.23108 8.35614 4.50395 5.57214 2.47659 1.42432
threshold=0 1 0.074116354202380164 14.950000000000001 21.050000000000004 2 19.250000000000004 -0.21022037796396445 22.950000000000003 18.550000000000004 99.500000000000014 -0.99628250747696534 5.9392855000000013 -0.95244167294248061
decision_type=1 1 2 2 2 1 2 2 2 2 2 2 2 2
left_child=8 2 7 -4 6 -6 -3 -2 9 12 13 -12 -1 -10
right_child=1 4 3 -5 5 -7 -8 -9 10 -11 11 -13 -14 -15
leaf_value=-0.0044000109071227018 0.041981626458704333 0.0040176868106363735 -0.025179005688934143 0.034058563010131271 0.021352578864989365 -0.0015791693311288308 -0.054219734641770191 0.066438491732685345 -0.052048983108767245 -0.056653074407451542 -0.0019087538414478734 -0.053872268453795127 -0.036670459969280547 -0.064472070267634463
leaf_weight=6.8337120264768592 238.56296338140965 40.679561093449593 65.639125734567642 542.04723198711872 527.41410659253597 521.63422361016273 60.401149690151215 241.96862082183361 53.394926175475121 106.80801697075367 5.4349287003278723 138.45521104335785 67.302395507693291 497.15611732006073
leaf_count=33 1081 166 268 2241 2137 2123 252 1123 275 566 29 721 328 2709
internal_value=-0.000195615 0.0224558 0.0391344 0.0276292 0.00645381 0.0101475 -0.0309725 0.0544091 -0.0576727 -0.0475245 -0.061074 -0.0519363 -0.033794 -0.0633638
internal_weight=3113.73 2238.35 1088.22 607.686 1150.13 1049.05 101.081 480.532 875.385 180.944 694.441 143.89 74.1361 550.551
internal_count=14052 9391 4713 2509 4678 4260 418 2204 4661 927 3734 750 361 2984
cat_boundaries=0 1 2 3
cat_threshold=48 5 2
is_linear=0
shrinkage=0.05


Tree=15
num_leaves=15
num_cat=4
split_feature=0 0 4 33 33 0 34 32 0 31 4 37 36 34
split_gain=1512.2 220.883 74.5872 74.9884 62.4068 56.2363 27.0559 7.80865 16.0866 18.4637 5.57018 2.27346 4.41849 1.83026
threshold=0 1 0.074116354202380164 36.850000000000001 37.100000000000009 2 25.050000000000004 26.889285500000003 3 31.150000000000002 0.84313847884979054 60.500000000000007 99.500000000000014 22.050000000000004
decision_type=1 1 2 2 2 1 2 2 1 2 2 2 2 2
left_child=7 2 6 -4 5 -3 -2 8 9 -1 -6 13 -13 -9
right_child=1 4 3 -5 10 -7 -8 11 -10 -11 -12 12 -14 -15
leaf_value=-0.010513036609867056 0.054458253497839275 0.014502186258273132 0.019598864998424049 0.071766749300540791 0.081628600194045872 -0.0080840829762857148 -0.059415901959441533 -0.0514070267410522 -0.062672104175562265 -0.047084432291342078 0.043320120138768715 -0.059789376613658844 -0.039687934620833469 -0.064375568525852522
leaf_weight=62.79429903626442 461.93083584308624 539.71138493716717 523.4351764023304 78.644075512886047 12.909864500164984 542.36589913070202 4.4988035708665839 57.759484723210335 146.25453728437424 77.642668381333351 58.086525216698647 106.15510328114033 49.711833357810974 359.92604652047157
leaf_count=319 2164 2190 2166 329 53 2217 19 314 771 420 237 598 266 2031
internal_value=-0.000265303 0.0215383 0.0378671 0.0265208 0.00619217 0.00324359 0.0532352 -0.0561311 -0.0494592 -0.0288801 0.0513231 -0.0603511 -0.0536721 -0.0627093
internal_weight=3081.83 2221.58 1068.51 602.079 1153.07 1082.08 466.43 860.244 286.692 140.437 70.9964 573.552 155.867 417.686
internal_count=14094 9375 4678 2495 4697 4407 2183 4719 1510 739 290 3209 864 2345
cat_boundaries=0 1 2 3 4
cat_threshold=48 5 2 32
is_linear=0
shrinkage=0.05


Tree=16
num_leaves=15
num_cat=3
split_feature=0 0 4 34 34 33 36 39 38 0 21 34 5 4
split_gain=1395.49 206.14 71.5547 76.6528 69.7953 49.9515 44.5312 26.0678 9.93745 19.5859 16.2049 3.46174 3.9985 2.31062
threshold=0 1 0.12545942051955486 20.350000000000005 21.050000000000004 36.850000000000001 94.500000000000014 19.250000000000004 7.4404760000000012 2 22.450000000000003 21.850000000000005 0.99445195900249039 -0.99467753128998015
decision_type=1 1 2 2 2 2 2 2 2 1 2 2 2 2
left_child=8 2 6 -4 7 -6 -2 -3 9 10 -1 12 -10 -13
right_child=1 4 3 -5 5 -7 -8 -9 11 -11 -12 13 -14 -15
leaf_value=0.0070746498891682127 -0.092745986797111185 -0.0020534814858937994 -0.068504163740786383 0.028703163786817355 0.0067314393697526995 0.047107056503511956 0.052935723704671235 -0.054196967670558496 -0.050831769922357176 -0.061667356088162623 -0.036635506374022367 -0.038928719861972154 -0.0012063847457642874 -0.062320142798844347
leaf_weight=25.095898196101189 4.4312283694744101 39.631646648049355 20.104115292429924 566.55231712758541 974.58609572052956 82.20233479142189 473.68031717836857 59.963972643017769 75.547696962952614 148.02876855432987 126.18749630451202 17.18753756582737 4.3383961468935004 434.7283139526844
leaf_count=123 18 162 95 2347 3967 337 2257 253 422 806 694 90 21 2539
internal_value=0.000172163 0.0208622 0.0366888 0.0252611 0.00608113 0.00991362 0.0513948 -0.0336744 -0.0546743 -0.0475567 -0.027575 -0.0596097 -0.048185 -0.0615184
internal_weight=3052.27 2221.15 1064.77 586.656 1156.38 1056.79 478.112 99.5956 831.114 299.312 151.283 531.802 79.8861 451.916
internal_count=14131 9436 4717 2442 4719 4304 2275 415 4695 1623 817 3072 443 2629
cat_boundaries=0 1 2 3
cat_threshold=48 5 32
is_linear=0
shrinkage=0.05


Tree=17
num_leaves=15
num_cat=3
split_feature=0 0 34 39 36 33 4 4 32 0 44 4 26 32
split_gain=1309.71 197.506 81.9801 229.748 136.204 38.061 47.0726 13.6959 10.2505 18.052 22.6369 2.1567 2.29615 0.791346
threshold=0 1 24.450000000000003 19.050000000000004 96.500000000000014 36.850000000000001 0.60555468348150676 0.97112537654464559 26.889285500000003 2 34.400000000000013 -0.95244167294248061 16.450000000000003 27.891964500000004
decision_type=1 1 2 2 2 2 2 2 2 1 2 2 2 2
left_child=8 5 4 -4 -3 6 -2 -7 9 10 -1 12 -10 -13
right_child=1 2 3 -5 -6 7 -8 -9 11 -11 -12 13 -14 -15
leaf_value=-0.0039817725875128523 0.00027860677897238815 0.0081734996562720652 -0.057192802164747529 0.031511062338145802 0.045618846443875871 0.062729178873965105 -0.033087087096164265 0.0053973596036265767 -0.054868452212640854 -0.060438804098456061 -0.044905901914928277 -0.056175026286403411 -0.0090425219908440591 -0.062652326173092965
leaf_weight=58.099771186709404 381.56395426392555 332.87786249816418 96.783724069595337 287.14064882695675 901.95248900353909 24.976909458637238 145.20660646259785 17.730409488081932 4.6767180413007718 132.64823952317238 80.468684613704681 281.46375404298306 6.2037556022405624 242.50762449204922
leaf_count=297 1559 1396 397 1220 4016 101 597 71 25 743 460 1663 33 1474
internal_value=0.000110613 0.0201922 0.0290889 0.00905916 0.0355393 -0.00516878 -0.00896406 0.0395953 -0.0539441 -0.0461973 -0.0260332 -0.0587855 -0.0317002 -0.0592865
internal_weight=2994.3 2188.23 1618.75 383.924 1234.83 569.478 526.771 42.7073 806.069 271.217 138.568 534.852 10.8805 523.971
internal_count=14052 9357 7029 1617 5412 2328 2156 172 4695 1500 757 3195 58 3137
cat_boundaries=0 1 2 3
cat_threshold=48 8 32
is_linear=0
shrinkage=0.05


Tree=18
num_leaves=15
num_cat=3
split_feature=0 0 4 20 33 36 5 38 0 21 7 21 44 4
split_gain=1214.37 170.163 70.0182 74.9442 50.3256 45.8256 25.2154 9.50865 18.746 14.3453 5.02352 2.63323 3.80944 3.39376
threshold=0 1 0.074116354202380164 33.150000000000013 37.100000000000009 96.500000000000014 -0.21022037796396445 7.4404760000000012 2 22.450000000000003 29.518750000000001 22.950000000000003 34.750000000000007 -0.95244167294248061
decision_type=1 1 2 2 2 2 2 2 1 2 2 2 2 2
left_child=7 2 6 -4 5 -3 -2 8 9 -1 -6 12 -9 -13
right_child=1 4 3 -5 10 -7 -8 11 -10 -11 -12 13 -14 -15
leaf_value=0.0075928769087706257 0.037120270937601473 -0.013904443352740565 -0.0019658610664414215 0.035731367855099498 0.077102047645885421 0.0095797190751961674 0.061425647666105282 -0.033656903277718107 -0.059715923610904748 -0.034599191197547077 0.039958889126251562 -0.042241654113134776 -0.056708600600196217 -0.061288779222713231
leaf_weight=23.697413414716721 217.742491081357 281.45108084380627 197.50467202067375 394.97414614260197 12.335813239216803 784.51740512251854 223.76197203993797 35.380821123719215 139.99920174479485 122.28371998667717 54.199955508112907 35.45752190053463 56.362096846103668 370.15222397446632
leaf_count=117 1060 1163 826 1669 51 3198 1138 197 813 701 226 204 344 2327
internal_value=0.000222352 0.0195253 0.0341483 0.0231827 0.00597432 0.0033719 0.0495496 -0.0526982 -0.0456305 -0.0259776 0.047885 -0.0577199 -0.0482774 -0.0597317
internal_weight=2949.82 2166.49 1033.98 592.479 1132.5 1065.97 441.504 783.333 285.98 145.981 66.5358 497.353 91.7429 405.61
internal_count=14034 9331 4693 2495 4638 4361 2198 4703 1631 818 277 3072 541 2531
cat_boundaries=0 1 2 3
cat_threshold=48 5 32
is_linear=0
shrinkage=0.05


Tree=19
num_leaves=12
num_cat=0
split_feature=43 34 36 44 5 21 19 34 38 7 4
split_gain=57.0445 54.0614 74.4685 64.6378 77.3237 52.9352 49.1953 39.1693 10.0685 4.30836 0.0117163
threshold=43.800000000000004 21.050000000000004 96.500000000000014 45.20000000000001 0.36447543099728857 25.350000000000005 27.893750000000004 24.450000000000003 8.699107500000002 29.287500000000005 0.63920241694561786
decision_type=2 2 2 2 2 2 2 2 2 2 2
left_child=1 2 6 7 -5 -2 -1 -3 -4 10 -7
right_child=5 3 8 4 -6 9 -8 -9 -10 -11 -12
leaf_value=-0.058842626695232596 -0.090166964656859638 0.01009129511022297 0.01063749022634375 -0.0095693140229374061 -0.096145984852283373 -0.0011488376279510501 0.056538281396404322 -0.0056283373561219659 -0.022526698522332144 0.046745391224251774 -0.0049197950651578308
leaf_weight=109.89120709896088 31.548824161291122 1728.9458004534245 113.84360194206238 332.5421207100153 26.992813348770142 4.5315564721822756 9.2951364517211896 513.31430840492249 27.604564294219017 6.9281348884105673 4.5647981613874435
leaf_count=538 147 8349 531 1619 127 21 43 2447 132 32 22
internal_value=0.00024588 0.00115725 -0.0205087 0.00333468 -0.0163179 -0.0534853 -0.0494487 0.00649174 0.00405257 0.0197875 -0.00334106
internal_weight=2910 2862.43 260.635 2601.8 359.535 47.5733 119.186 2242.26 141.448 16.0245 9.09635
internal_count=14008 13786 1244 12542 1746 222 581 10796 663 75 43
is_linear=0
shrinkage=0.05


Tree=20
num_leaves=15
num_cat=3
split_feature=0 0 4 34 34 34 33 5 38 0 32 5 33 4
split_gain=1125.77 154.574 62.2772 71.6531 61.0997 60.863 26.0309 24.4958 9.18205 18.3005 9.73741 3.57839 4.45281 3.42644
threshold=0 1 0.074116354202380164 20.350000000000005 25.150000000000002 24.450000000000003 33.750000000000007 -0.24372464231556021 7.4404760000000012 2 26.883631000000005 0.95691861501572217 32.550000000000004 -0.99467753128998015
decision_type=1 1 2 2 2 2 2 2 2 1 2 2 2 2
left_child=8 2 7 -4 5 -3 -6 -2 9 10 -1 13 -13 -10
right_child=1 4 3 -5 6 -7 -8 -9 11 -11 -12 12 -14 -15
leaf_value=-0.012098797477138996 0.035250887094893595 0.0075195218350379628 -0.066501143110061819 0.025911794624934759 -0.063257731602567369 -0.02578336834707641 0.048306792901903914 0.059528585037959027 -0.032004809890449924 -0.05889751770096463 -0.038691748148572486 -0.018057394568089701 -0.058003446074944821 -0.059064911597038749
leaf_weight=63.416471660137177 212.24808180332184 880.41854621469975 20.835151553153992 572.9252939671278 4.6825532168149939 161.48940949141979 97.698135420680046 216.75827564299107 15.951457574963568 135.54911138117313 77.788022577762604 16.112686678767208 13.437596648931502 429.28661516308784
leaf_count=336 1051 3609 103 2411 19 657 408 1139 89 811 465 90 85 2777
internal_value=0.000405209 0.0187075 0.0327921 0.0225627 0.00592635 0.002338 0.0426417 0.0476273 -0.051883 -0.044857 -0.0251491 -0.0569661 -0.0375264 -0.0581693
internal_weight=2918.6 2167.06 1022.77 593.76 1144.29 1041.91 102.381 429.006 751.542 276.754 141.204 474.788 29.5503 445.238
internal_count=14050 9397 4704 2514 4693 4266 427 2190 4653 1612 801 3041 175 2866
cat_boundaries=0 1 2 3
cat_threshold=48 5 32
is_linear=0
shrinkage=0.05


Tree=21
num_leaves=15
num_cat=3
split_feature=0 0 34 34 36 33 36 39 32 0 5 37 36 9
split_gain=1032.19 165.032 69.9044 219.759 105.455 39.8177 34.4023 11.6531 9.55127 18.662 17.0714 3.86316 4.28214 1.50115
threshold=0 1 24.450000000000003 25.150000000000002 96.500000000000014 31.650000000000002 96.500000000000014 20.650000000000002 26.889285500000003 2 -0.29342786347392819 60.500000000000007 99.500000000000014 22.650000000000002
decision_type=1 1 2 2 2 2 2 2 2 1 2 2 2 2
left_child=8 5 4 -4 -3 7 -7 -2 9 10 -1 13 -13 -10
right_child=1 2 3 -5 -6 6 -8 -9 11 -11 -12 12 -14 -15
leaf_value=-0.060013518736656592 -0.050262361822810089 0.0076573355530564899 -0.022987617252283706 0.054432593094607289 0.04078743044536931 -0.017801751825207036 0.01018210060626268 -0.01514965000651625 -0.044086097600498253 -0.057935571794097807 -0.015742958912387774 -0.054216771468772157 -0.033434409601447536 -0.060218131996415541
leaf_weight=26.846876621246338 53.03308892250061 331.05845066905022 234.09112225472927 149.25805857777596 879.33041872084141 168.58600471913815 310.67802847921848 44.134552344679832 29.412862822413445 122.89704178273678 105.95756822824478 85.624717071652412 44.769704222679138 315.43595507740974
leaf_count=171 223 1406 989 649 4068 701 1255 183 185 756 593 573 272 2115
internal_value=8.39643e-05 0.0174122 0.0256888 0.00721935 0.0317397 -0.00552404 0.000321925 -0.0346306 -0.0508598 -0.0432893 -0.0233304 -0.0559016 -0.0473901 -0.0589736
internal_weight=2901.11 2170.17 1593.74 383.349 1210.39 576.432 479.264 97.1676 730.945 255.701 132.804 475.243 130.394 344.849
internal_count=14139 9474 7112 1638 5474 2362 1956 406 4665 1520 764 3145 845 2300
cat_boundaries=0 1 2 3
cat_threshold=48 8 32
is_linear=0
shrinkage=0.05


Tree=22
num_leaves=15
num_cat=3
split_feature=0 0 34 4 20 36 34 26 34 0 39 25 4 2
split_gain=959.086 145.094 58.4615 56.1385 73.9713 40.5789 39.7943 19.1887 9.80671 14.7381 17.3463 7.13506 5.4236 3.70808
threshold=0 1 21.050000000000004 0.12545942051955486 33.350000000000001 94.500000000000014 25.150000000000002 19.250000000000004 22.450000000000003 2 20.950000000000003 6.1631945000000004 -0.99467753128998015 7.5000000000000009
decision_type=1 1 2 2 2 2 2 2 2 1 2 2 2 2
left_child=8 3 7 5 -5 -2 -4 -3 9 10 -1 13 -13 -10
right_child=1 2 6 4 -6 -7 -8 -9 11 -11 -12 12 -14 -15
leaf_value=-0.00049052362066973293 -0.09297704212775354 -0.017460040120943252 0.0044007697898929199 -0.0035582957277780487 0.03399177226852048 0.045972103789502949 0.03721810192235072 -0.065581709439647945 -0.05349229620819073 -0.053961831238086171 -0.053804211925845773 -0.025853914657781443 -0.057604632881123455 -0.03193462683617914
leaf_weight=51.951598733663559 4.4244604706764212 66.543124929070473 942.66751237213612 206.6991158425808 357.02061887085438 423.18851810693741 101.46481169760227 29.851667076349258 37.043407306075096 67.36817342042923 20.611698716878891 16.243508264422417 457.03206011652946 60.19860452413559
leaf_count=285 18 277 3859 874 1539 2236 429 130 242 423 138 94 3147 355
internal_value=-0.000368107 0.0164224 0.00413694 0.0303564 0.0202414 0.0443208 0.00762239 -0.0328828 -0.050229 -0.0384418 -0.014226 -0.0539265 -0.0565717 -0.0406077
internal_weight=2842.31 2131.86 1140.53 991.333 563.72 427.613 1044.13 96.3948 710.449 139.931 72.5633 570.518 473.276 97.242
internal_count=14046 9362 4695 4667 2413 2254 4288 407 4684 846 423 3838 3241 597
cat_boundaries=0 1 2 3
cat_threshold=48 5 32
is_linear=0
shrinkage=0.05


Tree=23
num_leaves=13
num_cat=3
split_feature=0 0 2 34 34 34 39 38 0 5 35 5
split_gain=885.492 144.778 55.9098 61.6052 41.2153 53.7597 18.1345 9.26861 23.0926 11.8682 6.75349 2.95319
threshold=0 1 9.5000000000000018 20.350000000000005 25.150000000000002 24.550000000000004 22.250000000000004 8.7651785000000029 2 -0.24372464231556021 70.092262000000019 0.98770287048522643
decision_type=1 1 2 2 2 2 2 2 1 2 2 2
left_child=7 2 3 -2 5 -3 -6 8 9 -1 -4 -9
right_child=1 4 10 -5 6 -7 -8 11 -10 -11 -12 -13
leaf_value=-0.044187219099475275 -0.061514491475043821 0.0047376639083151657 0.018456735294158876 0.026696968035753457 0.053471142768154269 -0.030189682286078569 0.01024670980455571 -0.058195041005767195 -0.058084708537209206 -0.019859901129974461 0.05896496727542444 -0.018487967694907525
leaf_weight=83.787468701601028 19.379609256982803 913.20725591480732 12.223233282566069 793.5927986651659 53.928465187549591 124.26663687825203 44.501449599862099 263.81341636180878 203.11364121735096 130.82884649932384 156.64958190917969 5.9414479434490195
leaf_count=577 98 3758 69 3628 229 506 189 1916 1373 780 890 36
internal_value=-0.000316548 0.0157145 0.029712 0.0245212 0.00344647 0.000529091 0.0342284 -0.0491643 -0.0449009 -0.02821 0.0561588 -0.057392
internal_weight=2805.23 2117.75 981.845 812.972 1135.9 1037.47 98.4299 687.485 417.73 214.616 168.873 269.755
internal_count=14049 9367 4685 3726 4682 4264 418 4682 2730 1357 959 1952
cat_boundaries=0 1 2 3
cat_threshold=48 5 32
is_linear=0
shrinkage=0.05


Tree=24
num_leaves=12
num_cat=3
split_feature=0 0 33 4 4 20 21 0 32 44 19
split_gain=817.873 120.122 68.5789 70.7989 43.9507 44.4334 13.2697 13.0845 22.3844 20.3228 6.96688
threshold=0 1 37.100000000000009 0.73283908552571664 0.074116354202380164 33.350000000000001 25.150000000000002 2 27.891964500000004 39.050000000000004 30.138194500000001
decision_type=1 1 2 2 2 2 2 1 2 2 2
left_child=7 4 3 -3 6 -6 -2 8 9 -1 -4
right_child=1 2 10 -5 5 -7 -8 -9 -10 -11 -12
leaf_value=-0.019512578548575098 0.057882765044230913 0.011892430987118324 0.067551899122452602 -0.01361143312683954 -1.0353048813604521e-05 0.040253099119510305 -0.017282897809459592 -0.058156150017410237 -0.058152604843230697 -0.050517493963636473 0.03799087533270732
leaf_weight=169.31532569229603 192.48810525238514 1180.2153629660606 35.458050802350044 352.66136176884174 110.35330644249916 179.75988590717316 5.6375941932201377 325.3142077922821 95.523069784045219 77.53175887465477 59.310518234968185
leaf_count=1057 1074 5168 151 1477 471 788 26 2351 725 557 263
internal_value=-4.1184e-05 0.0152089 0.00853616 0.00601983 0.0367758 0.0249903 0.0556679 -0.0478313 -0.0365158 -0.0294154 0.0496411
internal_weight=2783.57 2115.88 1627.65 1532.88 488.239 290.113 198.126 667.684 342.37 246.847 94.7686
internal_count=14108 9418 7059 6645 2359 1259 1100 4690 2339 1614 414
cat_boundaries=0 1 2 3
cat_threshold=48 1 32
is_linear=0
shrinkage=0.05


Tree=25
num_leaves=15
num_cat=4
split_feature=0 0 34 39 37 32 4 1 21 0 33 11 35 34
split_gain=791.585 131.398 65.6363 198.248 110.338 34.7617 38.4673 12.8645 8.47173 13.0036 13.7205 6.28278 4.3934 2.23699
threshold=0 1 24.450000000000003 18.750000000000004 25.500000000000004 26.662797500000003 -0.54220184589352438 2 22.950000000000003 3 32.550000000000004 98.500000000000014 85.729166500000005 20.850000000000005
decision_type=1 1 2 2 2 2 2 1 2 1 2 2 2 2
left_child=8 5 4 -4 -3 7 -7 -2 9 10 -1 13 -13 -10
right_child=1 2 3 -5 -6 6 -8 -9 11 -11 -12 12 -14 -15
leaf_value=0.0045274744907519114 -0.043786245432095819 -0.093634975664838721 -0.059498564647252616 0.025178077805703959 0.030592120166681426 0.03117787982061139 -0.006173655955269395 -0.012288397445050392 -0.0078168788813124026 -0.052108978847668623 -0.037968130090111608 -0.053031867767389634 -0.029205936925299256 -0.054763374337100802
leaf_weight=38.308519050478935 65.019078448414803 17.214964419603348 90.476479113101959 281.91214154660702 1135.3994476497173 84.727564871311188 350.83847115933895 65.825272649526596 2.9164037108421317 66.923329442739487 36.307358667254448 34.768557794392109 55.973353236913681 411.28282338380814
leaf_count=207 272 78 374 1252 5329 341 1439 275 19 470 250 248 367 3127
internal_value=2.19332e-05 0.0149964 0.022617 0.00450058 0.0286572 -0.00556143 0.00114685 -0.0281537 -0.0478622 -0.0371759 -0.014466 -0.0517243 -0.0388136 -0.0544524
internal_weight=2737.89 2091.41 1525 372.389 1152.61 566.41 435.566 130.844 646.48 141.539 74.6159 504.941 90.7419 414.199
internal_count=14048 9360 7033 1626 5407 2327 1780 547 4688 927 457 3761 615 3146
cat_boundaries=0 1 2 3 4
cat_threshold=48 8 1 32
is_linear=0
shrinkage=0.05


Tree=26
num_leaves=12
num_cat=3
split_feature=0 0 33 4 4 8 0 32 44 21 7
split_gain=712.199 122.16 61.8971 78.9867 34.8698 37.3578 13.6552 21.3658 18.7227 12.7075 5.56453
threshold=0 1 37.100000000000009 0.75580964594513067 0.074116354202380164 33.250000000000007 2 27.891964500000004 39.050000000000004 25.150000000000002 29.806250000000002
decision_type=1 1 2 2 2 2 1 2 2 2 2
left_child=6 4 3 -3 9 -6 7 8 -1 -2 -4
right_child=1 2 10 -5 5 -7 -8 -9 -10 -11 -12
leaf_value=-0.018460484966635483 0.055976805060676406 0.010982588326506875 0.065011148573352745 -0.016702917818983126 0.007561131015412656 0.043630325913578592 -0.056979051698736183 -0.057059925406049677 -0.048989566622323177 -0.017621861897142682 0.037230959694419273
leaf_weight=165.25521031022072 182.39576917886734 1186.2888544946909 28.64301098883152 328.07085284590721 142.33546826243401 144.88319224119186 299.6980748847127 87.466601274907589 72.682264350354671 5.6253238171339026 68.103188365697861
leaf_count=1066 1066 5225 126 1377 615 648 2335 719 557 26 306
internal_value=7.77306e-05 0.0141325 0.00742428 0.00497774 0.0361918 0.025844 -0.0462661 -0.034859 -0.0279521 0.0536933 0.0460366
internal_weight=2711.45 2086.35 1611.11 1514.36 475.24 287.219 625.102 325.404 237.937 188.021 96.7462
internal_count=14066 9389 7034 6602 2355 1263 4677 2342 1623 1092 432
cat_boundaries=0 1 2 3
cat_threshold=48 1 32
is_linear=0
shrinkage=0.05


Tree=27
num_leaves=13
num_cat=4
split_feature=0 0 0 44 4 8 33 0 33 37 21 37
split_gain=648.205 122.419 52.246 46.2995 34.6328 38.3277 33.1761 15.0888 20.6401 28.9453 7.84516 5.94794
threshold=0 1 2 45.20000000000001 0.074116354202380164 33.250000000000007 31.350000000000005 3 32.650000000000013 51.500000000000007 25.150000000000002 60.500000000000007
decision_type=1 1 1 2 2 2 2 1 2 2 2 2
left_child=7 4 3 -3 10 -6 -4 8 9 -1 -2 -10
right_child=1 2 6 -5 5 -7 -8 -9 11 -11 -12 -13
leaf_value=0.028344170721579881 0.055185104750426164 0.017246553771858988 -0.039876986102798669 -0.014542383618648244 0.0065288393329906592 0.043484007370832634 -0.0015015591219799363 -0.056385822068471862 -0.05107755194309041 -0.030820990811859003 -0.0043793354238796682 -0.011156544491303325
leaf_weight=23.259196206927299 175.74335719645023 904.0339530557394 62.379963025450706 130.36581039428711 139.7626640945673 140.73660264909267 506.38800400495529 287.64599771797657 138.20724835246801 145.69322760403156 5.5604712665081015 10.690612144768236
leaf_count=127 1060 4086 263 583 605 638 2076 2337 1116 1015 26 84
internal_value=-0.000261124 0.0131101 0.00644857 0.0131035 0.0355479 0.0251592 -0.00567343 -0.0452782 -0.0336762 -0.022557 0.0533443 -0.0483048
internal_weight=2670.47 2064.97 1603.17 1034.4 461.803 280.499 568.768 605.496 317.85 168.952 181.304 148.898
internal_count=14016 9337 7008 4669 2329 1243 2339 4679 2342 1142 1086 1200
cat_boundaries=0 1 2 3 4
cat_threshold=48 1 6 32
is_linear=0
shrinkage=0.05


Tree=28
num_leaves=13
num_cat=3
split_feature=0 0 33 36 2 34 0 38 5 21 8 19
split_gain=622.589 98.7566 58.8588 56.6004 33.6181 35.1311 11.7646 19.9449 13.1531 11.2779 7.45443 5.63559
threshold=0 1 37.100000000000009 94.500000000000014 6.5000000000000009 25.150000000000002 2 8.7651785000000029 -0.24372464231556021 25.150000000000002 28.650000000000002 30.295139000000002
decision_type=1 1 2 2 2 2 1 2 2 2 2 2
left_child=6 4 3 -3 5 -2 7 8 -1 -6 -9 -4
right_child=1 2 11 -5 9 -7 -8 10 -10 -11 -12 -13
leaf_value=-0.041592953950216907 0.015791315586086725 -0.017314032378706445 0.061298715733925868 0.0087027934220088466 0.05425901331455283 0.064192263821091139 -0.05589847144777297 0.015481306739699927 -0.014733104980433027 -0.014247553435362992 -0.054099552663753638 0.034530761228215787
leaf_weight=74.52624424546957 242.99607354402542 249.70058697462082 34.683294758200645 1258.3423569649458 159.83891893923283 43.621418669819832 278.20991574972868 3.5797931328415862 119.68507616966963 5.8554859161376944 110.1279176697135 59.53852353990078
leaf_count=588 1086 1059 154 5532 997 206 2348 22 771 27 954 274
internal_value=-0.00029651 0.0127052 0.00675459 0.00438633 0.0331238 0.0233552 -0.0452614 -0.0340541 -0.0252005 0.0517671 -0.0517931 0.0449244
internal_weight=2640.71 2054.58 1602.26 1508.04 452.312 286.617 586.129 307.919 194.211 165.694 113.708 94.2218
internal_count=14018 9335 7019 6591 2316 1292 4683 2335 1359 1024 976 428
cat_boundaries=0 1 2 3
cat_threshold=48 1 32
is_linear=0
shrinkage=0.05


Tree=29
num_leaves=13
num_cat=3
split_feature=0 0 34 43 4 36 34 0 32 44 37 34
split_gain=598.533 99.848 52.5179 45.7137 34.2995 34.2823 31.7802 10.3078 19.3128 16.9801 8.15318 6.33089
threshold=0 1 21.050000000000004 3.5500000000000003 0.074116354202380164 96.500000000000014 25.150000000000002 2 26.889285500000003 39.050000000000004 60.500000000000007 24.950000000000003
decision_type=1 1 2 2 2 2 2 1 2 2 2 2
left_child=7 4 5 -4 11 -3 -6 8 9 -1 -10 -2
right_child=1 2 3 -5 6 -7 -8 -9 10 -11 -12 -13
leaf_value=-0.0059654881333244996 0.05330995087153223 -0.049569398478490623 0.02491245202653318 0.0043029320463111162 0.015487537871682744 0.00042040520483222534 0.061705866270035326 -0.055397739303897131 -0.051607490951790617 -0.047416548817815783 -0.027631861901178525 -0.0032315698887380555
leaf_weight=80.728813663125038 164.25880718231201 63.431898474693298 355.29370503127575 1101.3920466005802 233.53109656274319 73.291986376047134 43.551196187734604 268.92994163185358 134.61465712636709 34.829634055495262 53.657343029975891 4.9892781972885123
leaf_count=487 1055 285 1535 4848 1036 327 211 2365 1161 278 429 24
internal_value=-0.000219613 0.0124974 0.00651769 0.00934335 0.0331751 -0.0229635 0.0229478 -0.0448865 -0.0339722 -0.0187586 -0.0449566 0.051634
internal_weight=2612.5 2039.74 1593.41 1456.69 446.33 136.724 277.082 572.76 303.83 115.558 188.272 169.248
internal_count=14041 9321 6995 6383 2326 612 1247 4720 2355 765 1590 1079
cat_boundaries=0 1 2 3
cat_threshold=48 1 32
is_linear=0
shrinkage=0.05


Tree=30
num_leaves=12
num_cat=3
split_feature=0 0 38 44 43 34 40 0 32 44 19
split_gain=533.529 92.568 62.1391 53.1988 36.3321 39.7993 22.1511 17.5988 22.7311 20.3817 17.5507
threshold=0 1 6.4910715000000012 34.400000000000013 38.900000000000006 21.050000000000004 130.55000000000004 2 27.891964500000004 39.050000000000004 28.841666500000002
decision_type=1 1 2 2 2 2 2 1 2 2 2
left_child=7 2 6 -4 5 -3 -2 8 9 -1 -6
right_child=1 4 3 -5 10 -7 -8 -9 -10 -11 -12
leaf_value=-0.013287242516259581 0.05930217958577199 -0.026912313793875438 -0.0056356401077277372 0.025648444500289275 -0.080607918149635735 0.0066806524258501898 -0.052510709532676371 -0.05492868068525817 -0.055384919377643005 -0.046926605186135381 0.010767939225847517
leaf_weight=151.74889181554317 128.20617388188839 95.721868455410004 174.78551897406578 604.73983329534531 18.196091070771221 997.72786650061607 3.8510683476924887 258.80732202529907 75.626228019595146 63.824811920523643 6.9383215308189383
leaf_count=1041 735 411 869 3050 75 4138 23 2369 722 553 29
internal_value=0.000164516 0.0120325 0.0237953 0.0186357 0.00230817 0.00371798 0.0556713 -0.0430221 -0.0308258 -0.0234175 -0.0559369
internal_weight=2580.17 2030.17 911.583 779.525 1118.58 1093.45 132.057 550.007 291.2 215.574 25.1344
internal_count=14015 9330 4677 3919 4653 4549 758 4685 2316 1594 104
cat_boundaries=0 1 2 3
cat_threshold=48 5 32
is_linear=0
shrinkage=0.05


Tree=31
num_leaves=13
num_cat=3
split_feature=0 0 34 34 37 33 38 0 38 21 39 8
split_gain=489.023 84.277 65.0054 191.642 94.8927 29.4227 43.2083 15.9982 22.5771 11.5825 11.0205 7.55265
threshold=0 1 24.450000000000003 25.150000000000002 25.500000000000004 31.650000000000002 6.8250000000000011 2 8.7651785000000029 22.450000000000003 20.650000000000002 28.650000000000002
decision_type=1 1 2 2 2 2 2 1 2 2 2 2
left_child=7 5 4 -4 -3 10 -7 8 9 -1 -2 -10
right_child=1 2 3 -5 -6 6 -8 -9 11 -11 -12 -13
leaf_value=0.0025758235052929547 -0.04658070692438529 -0.090880019629181102 -0.029467723398528142 0.04662930899689214 0.025195863710862128 0.027334262216214513 -0.0085699011512210578 -0.054419608157952395 0.01758684145954411 -0.027688087408068641 -0.012355854145620626 -0.05313184010641045
leaf_weight=39.9469253718853 50.281875938177109 16.93910476565361 222.64924055337906 130.31486162543297 1084.6402138918638 107.56253451108932 366.29645772278309 244.63505052030087 3.473872333765029 147.70312868058681 45.242114007472992 98.993088938295841
leaf_count=243 215 78 967 627 5325 431 1511 2336 22 1132 188 960
internal_value=-0.000407015 0.0108681 0.0172332 -0.00132023 0.0233301 -0.00541078 -0.000379518 -0.0424323 -0.0307056 -0.021266 -0.0306671 -0.0505875
internal_weight=2558.68 2023.93 1454.54 352.964 1101.58 569.383 473.859 534.752 290.117 187.65 95.524 102.467
internal_count=14035 9342 6997 1594 5403 2345 1942 4693 2357 1375 403 982
cat_boundaries=0 1 2 3
cat_threshold=48 8 32
is_linear=0
shrinkage=0.05


Tree=32
num_leaves=12
num_cat=3
split_feature=0 0 34 34 4 8 24 0 32 44 21
split_gain=472.22 87.6862 50.8262 90.3996 33.0431 31.804 28.949 11.8838 19.3604 15.7667 9.98772
threshold=0 1 25.150000000000002 24.450000000000003 0.074116354202380164 33.150000000000013 66.500000000000014 2 27.891964500000004 39.050000000000004 25.150000000000002
decision_type=1 1 2 2 2 2 2 1 2 2 2
left_child=7 4 3 -3 10 -6 -4 8 9 -1 -2
right_child=1 2 6 -5 5 -7 -8 -9 -10 -11 -12
leaf_value=-0.016039695295555181 0.050786379432790713 0.0074895705064549961 0.038351817040415015 -0.026392503601002155 0.0020147717459289786 0.036228395854039634 -0.068781030139114949 -0.053994737671906226 -0.055337046679108548 -0.045994229725770046 -0.01303071278850234
leaf_weight=151.17965684831142 157.30448214709759 1202.6874568462372 133.49477705359459 234.36152774095535 130.6535816937685 140.75432878732681 5.7226871997117987 236.67724270373583 70.346036523580551 62.128958493471146 5.9984879791736594
leaf_count=1060 1080 5374 610 982 577 671 24 2356 727 575 28
internal_value=-0.000717717 0.0103109 0.0047245 0.00194939 0.0299506 0.0198261 0.0334889 -0.0426585 -0.0315371 -0.0249383 0.0483772
internal_weight=2531.31 2010.98 1576.27 1437.05 434.711 271.408 139.217 520.332 283.655 213.309 163.303
internal_count=14064 9346 6990 6356 2356 1248 634 4718 2362 1635 1108
cat_boundaries=0 1 2 3
cat_threshold=48 1 32
is_linear=0
shrinkage=0.05


Tree=33
num_leaves=13
num_cat=3
split_feature=0 0 4 33 34 36 34 4 0 21 25 39
split_gain=434.224 82.5449 51.0358 62.385 39.2333 31.1837 29.8093 19.467 14.5576 20.0681 19.2276 17.3481
threshold=0 1 0.10837544681456417 36.850000000000001 21.050000000000004 94.500000000000014 25.150000000000002 0.091259403071267911 2 22.750000000000004 6.4902780000000009 20.850000000000005
decision_type=1 1 2 2 2 2 2 2 1 2 2 2
left_child=8 2 5 -4 7 -2 -6 -3 9 11 -11 -1
right_child=1 4 3 -5 6 -7 -8 -9 -10 10 -12 -13
leaf_value=0.01166650423458581 -0.088996389316885693 0.0025388701192414539 0.0057717051292925465 0.058016487064101285 0.0012741685882509367 0.038420849336873696 0.030207778058015028 -0.045231205911710815 -0.053520650267291775 -0.013215523977642181 -0.046957901384658239 -0.04820013365452841
leaf_weight=42.986056469380856 3.954866647720336 31.782632321119308 471.8603979498148 64.062193587422371 934.28353743255138 343.95236787199974 97.407557174563408 63.2015430778265 223.85102757066488 58.79812616109848 158.29174566268921 15.706094093620775
leaf_count=261 16 133 2116 325 3867 2203 435 277 2327 431 1523 140
internal_value=-0.000187856 0.0102201 0.0215865 0.0121133 0.00118109 0.0367215 0.00403255 -0.029387 -0.0413834 -0.0298566 -0.0379214 -0.00489298
internal_weight=2510.14 2010.51 883.83 535.923 1126.68 347.907 1031.69 94.9842 499.633 275.782 217.09 58.6922
internal_count=14054 9372 4660 2441 4712 2219 4302 410 4682 2355 1954 401
cat_boundaries=0 1 2 3
cat_threshold=48 5 32
is_linear=0
shrinkage=0.05


Tree=34
num_leaves=12
num_cat=4
split_feature=0 0 2 26 33 4 1 0 32 44 39
split_gain=404.284 78.0466 58.827 92.8787 26.7895 35.4409 18.5158 15.6553 20.8204 16.3583 15.335
threshold=0 1 9.5000000000000018 14.950000000000001 31.650000000000002 0.60555468348150676 2 3 27.891964500000004 39.050000000000004 27.100000000000005
decision_type=1 1 2 2 2 2 1 1 2 2 2
left_child=7 4 3 -3 10 -6 -4 8 9 -1 -2
right_child=1 2 6 -5 5 -7 -8 -9 -10 -11 -12
leaf_value=-0.01287796289149584 -0.036234978342920485 -0.026488953582622789 0.052493742671510371 0.016629118443945542 0.0098726020092643162 -0.018218739387400654 0.024657093602207265 -0.053145271727993493 -0.054697349639510152 -0.044417497831425096 0.03233608386047513
leaf_weight=146.13845300674438 86.809223338961601 140.81874305009842 119.47027509659529 1050.4713093787432 287.88345547020435 182.66676408052444 125.19772467762232 215.93626256287098 63.857691012322903 56.981277406215668 8.2192411124706251
leaf_count=1048 370 649 694 4992 1168 766 729 2336 714 564 34
internal_value=-0.00011754 0.00983148 0.0160088 0.0115143 -0.00585834 -0.00104792 0.038408 -0.0406516 -0.0288432 -0.0219 -0.0300291
internal_weight=2484.45 2001.54 1435.96 1191.29 565.579 470.55 244.668 482.914 266.977 203.12 95.0285
internal_count=14064 9402 7064 5641 2338 1934 1423 4662 2326 1612 404
cat_boundaries=0 1 2 3 4
cat_threshold=48 8 1 32
is_linear=0
shrinkage=0.05


Tree=35
num_leaves=13
num_cat=3
split_feature=0 0 33 4 4 20 0 34 43 21 4 25
split_gain=372.101 75.3944 44.2756 61.8583 33.2467 33.0526 16.2338 19.9301 16.038 8.10193 6.53218 3.58269
threshold=0 1 37.100000000000009 0.76140650896573492 0.074116354202380164 33.350000000000001 2 24.050000000000004 33.750000000000007 25.150000000000002 0.8697513045430848 6.0458335000000014
decision_type=1 1 2 2 2 2 1 2 2 2 2 2
left_child=6 4 3 -3 9 -6 7 8 -1 -2 -4 -9
right_child=1 2 10 -5 5 -7 -8 11 -10 -11 -12 -13
leaf_value=-0.022724760750238687 0.049753421070967571 0.0074101078186901764 0.061947614391112821 -0.017475328202431094 -0.0034684062457023728 0.032286463656839126 -0.052720474190523871 -0.00081179693737344454 0.058061843531319525 -0.0095584046225016123 0.029705460870555672 -0.052806070834123892
leaf_weight=181.04478578269482 143.29767968505621 1161.5055419504642 21.902193039655685 317.04413650929928 107.87623804807663 159.59398351609707 205.68521089851856 3.5012745112180701 5.4238162934780112 5.6895407438278189 66.55756139755249 73.04825683683157
leaf_count=1461 1057 5252 112 1346 473 779 2324 30 41 27 314 818
internal_value=-0.000284068 0.00922787 0.00410766 0.00206574 0.0278922 0.0179066 -0.0398195 -0.0280193 -0.0200777 0.0474398 0.0382917 -0.0504691
internal_weight=2452.17 1983.47 1567.01 1478.55 416.457 267.47 468.703 263.018 186.469 148.987 88.4598 76.5495
internal_count=14034 9360 7024 6598 2336 1252 4674 2350 1502 1084 426 848
cat_boundaries=0 1 2 3
cat_threshold=48 1 32
is_linear=0
shrinkage=0.05


Tree=36
num_leaves=15
num_cat=3
split_feature=0 0 25 26 34 43 4 39 11 21 39 0 34 34
split_gain=375.943 72.4203 56.5683 56.2152 38.2529 29.7369 25.7042 19.6781 8.18395 9.59332 7.53115 6.95364 9.34468 2.88609
threshold=0 1 6.8583335000000014 14.850000000000003 21.050000000000004 3.5500000000000003 0.92273069556937581 19.250000000000004 98.500000000000014 22.750000000000004 18.550000000000004 2 23.550000000000004 20.700000000000006
decision_type=1 1 2 2 2 2 2 2 2 2 2 1 2 2
left_child=8 2 6 -4 7 -6 -2 -3 9 10 -1 12 -10 -11
right_child=1 4 3 -5 5 -7 -8 -9 11 13 -12 -13 -14 -15
leaf_value=-0.011414949428403825 0.045815182599396279 -0.0028529753865085983 -0.04044975718996411 0.016481152442847705 0.018218953383820808 -0.0017955764978361257 -0.048767384698217051 -0.049670184920554875 -0.0273233350166667 0.0045449682516529753 -0.042237592964551485 -0.041623338611434933 0.016106906063562437 -0.050268057293034164
leaf_weight=34.295461237430573 198.53293455392122 38.160747200250626 45.708207875490189 613.51060691475868 242.43790672719479 780.32109688222408 6.6681873053312293 53.946633324027061 27.572754710912704 2.2615247666835776 49.333366766571999 32.317191854119301 20.982984289526939 286.16998917609453
leaf_count=246 1215 159 232 3220 1033 3252 28 242 199 18 485 351 166 3204
internal_value=-0.000814405 0.00864072 0.0194263 0.0124784 0.000169938 0.00296189 0.04252 -0.0305124 -0.0413403 -0.0454337 -0.0298817 -0.0272328 -0.00716346 -0.0498241
internal_weight=2432.22 1979.29 864.42 659.219 1114.87 1022.76 205.201 92.1074 452.933 372.06 83.6288 80.8729 48.5557 288.432
internal_count=14050 9381 4695 3452 4686 4285 1243 401 4669 3953 731 716 365 3222
cat_boundaries=0 1 2 3
cat_threshold=48 5 32
is_linear=0
shrinkage=0.05


Tree=37
num_leaves=13
num_cat=3
split_feature=0 0 44 5 34 33 36 0 38 5 4 19
split_gain=323.354 69.1026 55.607 77.8763 58.9918 26.504 22.8206 17.7245 19.7284 11.1224 9.11455 5.58876
threshold=0 1 45.20000000000001 0.3484035575467645 20.950000000000003 31.350000000000005 96.500000000000014 2 8.7651785000000029 -0.30982845708428081 -0.90893996196865012 25.111111500000003
decision_type=1 1 2 2 2 2 2 1 2 2 2 2
left_child=7 5 4 -4 -3 10 -7 8 9 -1 -2 -10
right_child=1 2 3 -5 -6 6 -8 -9 11 -11 -12 -13
leaf_value=-0.035128066323927412 -0.011381004861056322 -0.017954788409540217 -0.00033105253775982043 -0.1078007507726744 0.021551068527993433 -0.017941913703215989 0.0047832566766603905 -0.052048646735457574 0.026472606548865841 -0.0079710913816327025 -0.051544590994182175 -0.049542690941462131
leaf_weight=56.960818327963352 22.928614974021912 102.47244743257761 160.20928005874157 17.83970695734024 1117.0523504912853 162.94251921772957 337.84004062414169 192.11097554117441 1.9043542891740788 110.27407964318991 38.947204291820526 79.474814377725124
leaf_count=560 97 512 795 75 5617 695 1371 2352 11 805 170 956
internal_value=-0.000376241 0.00837091 0.0143074 -0.011641 0.0182195 -0.00636629 -0.00263198 -0.0385295 -0.0263201 -0.0173747 -0.0370793 -0.0474641
internal_weight=2400.96 1960.23 1397.57 178.049 1219.52 562.658 500.783 440.725 248.614 167.235 61.8758 81.3792
internal_count=14016 9332 6999 870 6129 2333 2066 4684 2332 1365 267 967
cat_boundaries=0 1 2 3
cat_threshold=48 8 32
is_linear=0
shrinkage=0.05


Tree=38
num_leaves=13
num_cat=3
split_feature=0 0 33 4 4 38 0 32 5 21 19 21
split_gain=294.85 60.6881 41.4237 59.6106 34.6407 30.1511 18.406 20.6249 16.1051 9.16283 8.6481 0.144752
threshold=0 1 37.100000000000009 0.75580964594513067 0.056951373111866661 6.4910715000000012 2 27.891964500000004 -0.30982845708428081 25.150000000000002 30.138194500000001 22.650000000000002
decision_type=1 1 2 2 2 2 1 2 2 2 2 2
left_child=6 4 3 -3 9 -6 7 8 -1 -2 -4 -9
right_child=1 2 10 -5 5 -7 -8 11 -10 -11 -12 -13
leaf_value=-0.037824078659064703 0.047797216920142355 0.0062228931668939398 0.057237665821581019 -0.018066790653555098 0.068413375435562515 0.0089856362370560865 -0.05171247500398627 -0.020869748793848918 -0.0072711879126720466 -0.01768761460887518 0.023693997200479947 -0.053619564084155406
leaf_weight=66.972581177949905 133.45578893274069 1159.3257092982531 31.418830901384354 321.88277165591717 22.497601494193077 238.90731297433376 185.59332051128149 2.052786409854888 119.75748986750841 5.0796677768230429 53.947562411427498 54.517767228186131
leaf_count=700 1049 5286 149 1374 110 1138 2370 24 900 24 272 712
internal_value=-0.000846661 0.00739665 0.00288077 0.000935852 0.0245348 0.0143415 -0.0378635 -0.0255194 -0.0183724 0.0452865 0.0365594 -0.0528143
internal_weight=2395.41 1966.52 1566.57 1481.21 399.94 261.405 428.894 243.301 186.73 138.535 85.3664 56.5706
internal_count=14108 9402 7081 6660 2321 1248 4706 2336 1600 1073 421 736
cat_boundaries=0 1 2 3
cat_threshold=48 1 32
is_linear=0
shrinkage=0.05


Tree=39
num_leaves=10
num_cat=0
split_feature=43 44 5 34 36 21 39 39 19
split_gain=52.3023 46.5207 63.7802 47.474 65.7007 44.656 42.9724 41.6892 3.39461
threshold=43.800000000000004 45.20000000000001 0.36447543099728857 21.050000000000004 96.500000000000014 25.350000000000005 27.100000000000005 19.550000000000004 28.841666500000002
decision_type=2 2 2 2 2 2 2 2 2
left_child=1 3 6 4 -1 -2 -3 -5 -7
right_child=5 2 -4 7 -6 8 -8 -9 -10
leaf_value=-0.048739846116527569 -0.089755797908753474 -0.025355086228880382 -0.095936673870629 -0.0025403799194160127 0.0064670500974888913 -0.007975118567460188 0.017296219851422202 0.012708747004235769 0.041468749647139293
leaf_weight=98.646704584360123 28.311059810221195 175.15379936248064 23.226214185357094 812.57801228761673 116.923065520823 5.5406480208039266 87.992154784500599 997.73831626772881 7.2017771154642105
leaf_count=563 151 1067 126 4846 655 31 532 5977 43
internal_value=-0.000451286 0.000553512 -0.0182737 0.00322256 -0.0189045 -0.055712 -0.0110816 0.00586641 0.0209537
internal_weight=2353.31 2312.26 286.372 2025.89 215.57 41.0535 263.146 1810.32 12.7424
internal_count=13991 13766 1725 12041 1218 225 1599 10823 74
is_linear=0
shrinkage=0.05


Tree=40
num_leaves=13
num_cat=3
split_feature=0 0 34 34 4 33 24 0 32 44 21 21
split_gain=273.167 60.915 41.642 80.3949 31.5126 28.3386 25.0858 19.478 20.4516 15.7985 6.81705 0.218446
threshold=0 1 25.150000000000002 24.450000000000003 0.074116354202380164 36.850000000000001 63.500000000000007 2 27.891964500000004 39.050000000000004 25.150000000000002 22.650000000000002
decision_type=1 1 2 2 2 2 2 1 2 2 2 2
left_child=7 4 3 -3 10 -6 -4 8 9 -1 -2 -10
right_child=1 2 6 -5 5 -7 -8 -9 11 -11 -12 -13
leaf_value=-0.0086366081975428732 0.046867958042849676 0.0056567739949268817 0.035673002074167813 -0.026385310440055588 0.00888348451213615 0.060168049997653829 -0.045973426305605095 -0.05130984293510648 -0.019093482807997129 -0.041520002102951412 -0.0075644616980020786 -0.053348967853765007
leaf_weight=137.55733468383551 131.66245425492525 1188.7721844166517 122.96949857473373 233.31501851975918 230.55711121857166 29.590825229883194 9.3335700184106809 174.38415382802486 1.9252046272158612 49.120926722884178 5.7434132546186438 51.526318855583668
leaf_count=1059 1070 5420 593 986 1083 166 42 2323 24 561 27 701
internal_value=-0.000459763 0.00741709 0.00287155 0.000384936 0.0246338 0.014925 0.0296114 -0.0367739 -0.0244326 -0.0174644 0.0445545 -0.0524885
internal_weight=2366.46 1951.94 1554.39 1422.09 397.554 260.148 132.303 414.514 240.13 186.678 137.406 53.4515
internal_count=14055 9387 7041 6406 2346 1249 635 4668 2345 1620 1097 725
cat_boundaries=0 1 2 3
cat_threshold=48 1 32
is_linear=0
shrinkage=0.05


Tree=41
num_leaves=13
num_cat=3
split_feature=0 0 4 43 43 19 34 0 38 21 21 34
split_gain=271.989 60.5105 34.5096 34.2096 31.5203 29.7633 27.6877 14.8259 19.89 11.5763 7.59898 7.34607
threshold=0 1 0.056951373111866661 43.800000000000004 31.350000000000005 28.572917000000004 20.350000000000005 2 7.4404760000000012 22.450000000000003 25.150000000000002 21.850000000000005
decision_type=1 1 2 2 2 2 2 1 2 2 2 2
left_child=7 2 10 4 -3 -5 -4 8 9 -1 -2 -10
right_child=1 3 6 5 -6 -7 -8 -9 11 -11 -12 -13
leaf_value=0.021888953035841301 0.048655476378513265 0.0015911819037639358 -0.063262858871961675 -0.080080766257865685 0.027209008269136449 0.039388829454807511 0.017962499804804462 -0.050990947986518723 -0.014814128991613384 -0.018771832896530845 -0.0088928014275697371 -0.045643838354086724
leaf_weight=21.212715558707714 124.988574847579 1389.2740917652845 9.9762337654829008 20.659532278776172 130.45011742413044 6.1879717260599127 254.5145728290081 168.17493050917983 25.20142450928688 83.046194888651371 5.7124703526496878 104.17630892246962
leaf_count=118 1049 6311 50 87 586 28 1232 2336 218 694 27 1305
internal_value=-0.000474941 0.00732452 0.0245343 0.00278473 0.00380661 -0.0521191 0.014672 -0.0373453 -0.0256719 -0.0103696 0.0460918 -0.0397982
internal_weight=2343.58 1941.76 395.192 1546.57 1519.72 26.8475 264.491 401.812 233.637 104.259 130.701 129.378
internal_count=14041 9370 2358 7012 6897 115 1282 4671 2335 812 1076 1523
cat_boundaries=0 1 2 3
cat_threshold=48 1 32
is_linear=0
shrinkage=0.05


Tree=42
num_leaves=13
num_cat=3
split_feature=0 0 34 34 4 38 24 0 32 44 21 21
split_gain=238.673 53.6821 35.8736 85.8452 31.6885 26.6182 24.7017 18.5791 19.2402 15.1876 5.98519 0.243703
threshold=0 1 25.150000000000002 24.450000000000003 0.074116354202380164 6.8250000000000011 63.500000000000007 2 27.891964500000004 39.050000000000004 25.150000000000002 22.650000000000002
decision_type=1 1 2 2 2 2 2 1 2 2 2 2
left_child=7 4 3 -3 10 -6 -4 8 9 -1 -2 -10
right_child=1 2 6 -5 5 -7 -8 -9 11 -11 -12 -13
leaf_value=-0.0082972574135952472 0.045516207304458586 0.005288824291627507 0.033356509884272287 -0.027762659887220806 0.053539870714982035 0.0064900266314610964 -0.044063193481627828 -0.05067292013543423 -0.01816069120646098 -0.041336969354229633 -0.0081948597215364891 -0.05289292650345772
leaf_weight=134.32269825786352 125.35653129965067 1183.0470295697451 121.51839630305767 234.5415308624506 33.936700865626335 218.36411276459694 10.392727032303808 162.35393102094531 1.8593784794211377 46.290462113916874 5.1159500032663336 47.926686070859432
leaf_count=1056 1090 5406 594 990 164 1062 46 2357 24 564 24 706
internal_value=-0.000945271 0.00633111 0.00211967 -0.000195295 0.0228439 0.013005 0.0269713 -0.0359175 -0.0236846 -0.0169462 0.0433638 -0.0519789
internal_weight=2325.03 1932.27 1549.5 1417.59 382.773 252.301 131.911 392.753 230.399 180.613 130.472 49.7861
internal_count=14083 9376 7036 6396 2340 1226 640 4707 2350 1620 1114 730
cat_boundaries=0 1 2 3
cat_threshold=48 1 32
is_linear=0
shrinkage=0.05


Tree=43
num_leaves=12
num_cat=2
split_feature=0 43 34 37 44 21 0 32 44 4 21
split_gain=223.044 50.1711 51.1116 63.3758 55.3855 46.3713 20.8573 19.863 15.7863 3.49746 0.254481
threshold=0 43.800000000000004 20.950000000000003 32.500000000000007 45.20000000000001 25.350000000000005 1 27.891964500000004 41.95000000000001 0.62587949062545845 22.650000000000002
decision_type=1 2 2 2 2 2 1 2 2 2 2
left_child=6 2 3 -2 -4 -3 7 8 -1 -7 -9
right_child=1 5 4 -5 -6 9 -8 10 -10 -11 -12
leaf_value=-0.0088336382037644389 -0.062775989800247275 -0.089129177064707119 0.01379771410728532 0.0057728524258678785 -0.011769004167908777 0.055169277201434087 -0.050342550442834144 -0.017697373797905671 -0.050554285525600665 0.0002098223358666365 -0.052618835401876118
leaf_weight=150.1557587236166 54.432675950229168 24.196306705474854 1495.2225376516581 85.691611848771572 245.98035620898008 5.8746047765016538 155.39641476795077 1.8284216374158848 25.857948537915945 5.0134272575378418 45.214186981320381
leaf_count=1250 275 101 7317 419 1165 28 2354 24 351 23 698
internal_value=-0.000286818 0.00668936 0.00784048 -0.0211118 0.0101812 -0.0516899 -0.0347967 -0.0221093 -0.0152137 0.0320094 -0.0516582
internal_weight=2294.86 1916.41 1881.33 140.124 1741.2 35.0843 378.453 223.056 176.014 10.888 47.0426
internal_count=14005 9328 9176 694 8482 152 4677 2323 1601 51 722
cat_boundaries=0 1 2
cat_threshold=48 32
is_linear=0
shrinkage=0.05


Tree=44
num_leaves=11
num_cat=2
split_feature=0 33 34 39 37 0 32 44 4 25
split_gain=217.58 52.7573 82.8706 127.91 90.2397 17.8863 19.1764 14.3432 4.09572 7.33018
threshold=0 36.850000000000001 24.450000000000003 18.750000000000004 32.500000000000007 1 27.891964500000004 41.95000000000001 0.84313847884979054 11.313888500000003
decision_type=1 2 2 2 2 1 2 2 2 2
left_child=5 2 4 -4 -2 6 7 -1 -3 -10
right_child=1 8 3 -5 -6 -7 -8 -9 9 -11
leaf_value=-0.010313566298964683 -0.017841686577722626 0.059700777817339595 -0.06063904933830775 0.0032920618842886811 0.015604791516347373 -0.049951602484870766 -0.05248046754661792 -0.050286978768728376 0.0098721997158028943 0.040768003348075038
leaf_weight=153.89112584292889 242.10470931231976 19.013156309723854 113.21464887261391 248.08276219666004 1185.1958735585213 146.40804262459278 45.429088018834591 25.467938959598541 26.050601914525032 81.285038501024246
leaf_count=1286 1111 109 482 1125 5977 2321 728 361 130 416
internal_value=-0.000150564 0.00668945 0.00450776 -0.0168532 0.00992294 -0.0346102 -0.0227539 -0.0162369 0.0378209 0.0334299
internal_weight=2286.14 1914.95 1788.6 361.297 1427.3 371.196 224.788 179.359 126.349 107.336
internal_count=14046 9350 8695 1607 7088 4696 2375 1647 655 546
cat_boundaries=0 1 2
cat_threshold=48 32
is_linear=0
shrinkage=0.05


Tree=45
num_leaves=13
num_cat=3
split_feature=0 0 43 34 4 33 34 0 32 39 34 21
split_gain=206.518 52.2547 31.0285 32.743 26.309 25.1286 24.0505 16.9771 17.3848 9.97855 7.50606 0.259629
threshold=0 1 43.800000000000004 20.950000000000003 0.056951373111866661 36.850000000000001 25.350000000000005 2 27.875298000000004 20.550000000000004 24.950000000000003 22.650000000000002
decision_type=1 1 2 2 2 2 2 1 2 2 2 2
left_child=7 4 3 -3 10 -6 -4 8 9 -1 -2 -10
right_child=1 2 6 -5 5 -7 -8 -9 11 -11 -12 -13
leaf_value=-0.0076918504534055068 0.045038941699138385 -0.023296309629798242 -0.080707432276629743 0.0051612523582350205 0.0085186803941588989 0.058160947052521117 0.018466890919731093 -0.04969607019710108 -0.017352832481560134 -0.033173647488523597 -0.017450270483499133 -0.052207020827492935
leaf_weight=115.56053034961224 115.79634403437376 107.94974546134472 18.489226311445236 1400.5533759891987 226.08326900750399 27.818639695644379 8.4394038915634173 142.34104954078794 1.8160634487867344 57.215228989720345 4.5144436061382285 42.727843850851059
leaf_count=918 1054 515 80 6383 1091 167 38 2350 25 688 23 720
internal_value=-0.000311955 0.00628526 0.00213203 0.00311072 0.0227789 0.0141645 -0.050078 -0.034479 -0.0225979 -0.0162726 0.0425696 -0.0511982
internal_weight=2269.31 1909.64 1535.43 1508.5 374.213 253.902 26.9286 359.661 217.32 172.776 120.311 44.5439
internal_count=14052 9351 7016 6898 2335 1258 118 4701 2351 1606 1077 745
cat_boundaries=0 1 2 3
cat_threshold=48 1 32
is_linear=0
shrinkage=0.05


Tree=46
num_leaves=13
num_cat=4
split_feature=0 0 2 39 33 4 1 0 32 44 5 21
split_gain=181.704 50.8664 44.623 78.5246 27.0001 28.5103 21.0885 20.6796 18.68 14.9274 10.5036 0.38175
threshold=0 1 9.5000000000000018 15.050000000000002 31.650000000000002 0.60555468348150676 2 3 27.875298000000004 39.050000000000004 -0.074115882986646578 22.650000000000002
decision_type=1 1 2 2 2 2 1 1 2 2 2 2
left_child=7 4 3 -3 10 -6 -4 8 9 -1 -2 -10
right_child=1 2 6 -5 5 -7 -8 -9 11 -11 -12 -13
leaf_value=-0.005576714891672733 -0.012492397749316562 -0.05967465287826456 0.047129356386705026 0.0095240042696525789 0.0078193490330498074 -0.01752281908626924 0.015998264411538957 -0.049416334983433896 -0.014275497346879017 -0.040060366162339614 -0.045251230516869044 -0.051966641146765302
leaf_weight=130.14857985079288 45.956612944602966 41.614951364696026 108.49566737562418 1085.6750040054321 287.47137653827667 179.39436289668083 111.21776274591684 137.65142643451691 1.6076615229248989 40.537206515669823 53.976063326001167 40.651485420763493
leaf_count=1050 192 183 707 5447 1171 765 711 2374 23 551 235 718
internal_value=-0.000512217 0.00560189 0.0108705 0.00691885 -0.00688769 -0.00193508 0.0315148 -0.0330283 -0.0205278 -0.0139521 -0.0304593 -0.0508959
internal_weight=2264.4 1913.8 1347 1127.29 566.798 466.866 219.713 350.596 212.945 170.686 99.9327 42.2591
internal_count=14127 9411 7048 5630 2363 1936 1418 4716 2342 1601 427 741
cat_boundaries=0 1 2 3 4
cat_threshold=48 8 1 32
is_linear=0
shrinkage=0.05


Tree=47
num_leaves=15
num_cat=0
split_feature=6 44 39 5 4 33 7 6 43 32 43 2 4 21
split_gain=43.0482 52.349 62.5274 46.8451 36.9894 46.4768 43.3929 34.5471 50.7519 29.112 21.7277 15.7133 8.24119 4.95695
threshold=2.5000000000000004 48.050000000000004 27.100000000000005 -0.83375966452616657 0.73283908552571664 36.850000000000001 27.560416500000006 27.000000000000004 9.6000000000000032 26.643750000000001 16.850000000000005 6.5000000000000009 -0.35846811432664222 23.950000000000003
decision_type=2 2 2 2 2 2 2 2 2 2 2 2 2 2
left_child=3 7 10 11 6 -6 -5 9 -9 -2 -3 13 -4 -1
right_child=1 2 12 4 5 -7 -8 8 -10 -11 -12 -13 -14 -15
leaf_value=-0.013637268456998303 -0.0031790404088305156 -0.095694614329432812 -0.0077506560771601757 -0.014703805171558197 -0.031045644665324664 0.021972497483137166 0.030849388654338707 -0.093593512801167622 -0.0046555221527605937 0.013635900574070953 -0.034684176287388846 -0.020247313315523062 0.03275718539974222 -0.081687089352376618
leaf_weight=3.4007562547922126 348.29998727142811 27.150589879602194 24.446373045444489 103.5586619451642 202.22023064643145 51.121028065681458 103.68120317533612 16.098344072699547 261.68518509715796 981.81875022873282 34.170944005250931 21.288061086088419 24.160955779254436 31.701451886445284
leaf_count=21 2233 150 162 642 1207 356 650 95 1670 6148 230 135 157 186
internal_value=-0.000211699 0.00359616 -0.0296294 -0.0128472 -0.00752183 -0.0203029 0.00812496 0.00588473 -0.010127 0.00923372 -0.0627991 -0.0554549 0.0126388 -0.0756547
internal_weight=2234.8 1717.83 109.929 516.971 460.581 253.341 207.24 1607.9 277.784 1330.12 61.3215 56.3903 48.6073 35.1022
internal_count=14042 10845 699 3197 2855 1563 1292 10146 1765 8381 380 342 319 207
is_linear=0
shrinkage=0.05


Tree=48
num_leaves=13
num_cat=2
split_feature=0 0 34 34 39 36 25 33 33 36 13 10
split_gain=166.876 68.4879 44.4873 120.575 110.218 67.8788 24.1455 22.6123 14.0783 13.1918 25.7843 3.54717
threshold=0 1 25.250000000000004 24.450000000000003 19.150000000000002 96.500000000000014 7.8895835000000005 31.650000000000002 36.850000000000001 97.500000000000014 7.8729165000000014 64.812500000000014
decision_type=1 1 2 2 2 2 2 2 2 2 2 2
left_child=2 6 3 5 -5 -1 7 -2 -8 11 -11 -4
right_child=1 -3 9 4 -6 -7 8 -9 -10 10 -12 -13
leaf_value=-0.0038801158773062333 -0.025412892734134641 -0.04908558639543556 0.032562007255670759 -0.07207121199547685 0.00022724050206255125 0.024545766705370418 -0.02295192384432064 0.0043785625402095315 0.006960019190472475 0.042310018829214507 -0.084394880474894879 0.059530106284995415
leaf_weight=298.97764061391354 79.626814812421799 130.90401155129075 21.162991762161255 77.348403841257095 161.10500655323267 702.8278816640377 345.44750774279237 302.38176224753261 43.919659689068794 12.110727801918985 4.7894017845392218 55.966995194554329
leaf_count=1387 437 2355 134 324 746 4029 2229 1717 315 60 22 325
internal_value=-0.000287705 -0.0167802 0.0109131 0.00846094 -0.0234276 0.016067 -0.0106849 -0.00188138 -0.0195687 0.043976 0.00369379 0.0526421
internal_weight=2236.57 902.28 1334.29 1240.26 238.453 1001.81 771.376 382.009 389.367 94.0301 16.9001 77.13
internal_count=14080 7053 7027 6486 1070 5416 4698 2154 2544 541 82 459
cat_boundaries=0 1 2
cat_threshold=7 40
is_linear=0
shrinkage=0.05


Tree=49
num_leaves=13
num_cat=3
split_feature=0 0 44 5 34 5 39 39 0 32 44 21
split_gain=157.771 49.2808 41.6021 61.1755 48.4447 21.8157 31.3306 28.8704 21.1559 18.0555 13.6496 0.40393
threshold=0 1 45.20000000000001 0.36447543099728857 20.950000000000003 0.29958852271690523 17.350000000000005 14.850000000000003 2 27.891964500000004 41.95000000000001 22.650000000000002
decision_type=1 1 2 2 2 2 2 2 1 2 2 2
left_child=8 5 4 -4 -3 7 -7 -2 9 10 -1 -11
right_child=1 2 3 -5 -6 6 -8 -9 -10 11 -12 -13
leaf_value=-0.0070715853737802845 -0.065989538459562416 -0.019220804304249915 -0.0023009083959921657 -0.10160880330304729 0.017253243212061606 0.011125849553977935 -0.031270844272242249 0.0037246461623242546 -0.048777871856817173 -0.013509454156334727 -0.049037095358192194 -0.05165393859495019
leaf_weight=145.30896563082933 14.53651177883148 98.8356002420187 156.5550784766674 16.219143733382225 1051.5482781603932 59.726310610771179 155.9744116216898 335.52863322198391 125.60577764734626 1.564946837723254 21.455931801348925 36.901285454630852
leaf_count=1254 61 515 808 66 5626 249 671 1392 2363 23 345 689
internal_value=-0.000300629 0.0053286 0.0105901 -0.0121545 0.0141056 -0.0069437 -0.0195343 0.00065003 -0.0315693 -0.0190917 -0.012731 -0.0504837
internal_weight=2219.76 1888.92 1323.16 172.774 1150.38 565.766 215.701 350.065 330.837 205.231 166.765 38.4662
internal_count=14062 9388 7015 874 6141 2373 920 1453 4674 2311 1599 712
cat_boundaries=0 1 2 3
cat_threshold=48 8 32
is_linear=0
shrinkage=0.05


Tree=50
num_leaves=13
num_cat=3
split_feature=0 0 38 44 40 0 34 34 43 32 44 21
split_gain=143.801 51.7682 43.7947 43.184 27.9111 21.2618 19.4138 25.1676 21.475 17.9239 13.2664 0.407892
threshold=0 1 6.4910715000000012 34.400000000000013 130.55000000000004 2 25.150000000000002 24.550000000000004 7.9500000000000011 27.891964500000004 41.95000000000001 22.650000000000002
decision_type=1 1 2 2 2 1 2 2 2 2 2 2
left_child=5 2 4 -4 -2 9 7 -3 -8 10 -1 -11
right_child=1 6 3 -5 -6 -7 8 -9 -10 11 -12 -13
leaf_value=-0.0067971319532909415 0.050168197536045928 -0.0012035406893359764 -0.012494531354061528 0.017046688850652882 -0.082015043924781206 -0.048418005703282377 -0.001653687477639276 -0.025142813120639443 0.048191964634947161 -0.013255948548485212 -0.048717643807546285 -0.05146335501352986
leaf_weight=147.39592349156737 98.646264359354973 872.95223388075829 160.60242160409689 528.75548911094666 3.2858921438455573 118.68815014883876 48.852674528956413 124.60329432785511 37.655734464526176 1.550635877996682 20.733924966305494 35.746860593557358
leaf_count=1276 732 3728 884 3068 24 2332 242 521 178 23 348 698
internal_value=-0.000473566 0.00489282 0.0145321 0.0101562 0.0451517 -0.0306511 -0.0022185 -0.00421595 0.0203461 -0.0184469 -0.0122243 -0.0502625
internal_weight=2199.47 1875.35 791.29 689.358 101.932 324.115 1084.06 997.556 86.5084 205.427 168.13 37.2975
internal_count=14054 9377 4708 3952 756 4677 4669 4249 420 2345 1624 721
cat_boundaries=0 1 2 3
cat_threshold=48 5 32
is_linear=0
shrinkage=0.05


Tree=51
num_leaves=13
num_cat=3
split_feature=0 0 34 36 39 2 26 44 0 33 37 37
split_gain=134.426 47.1126 28.0062 64.7039 47.4353 26.6503 72.2594 23.3204 21.8011 17.8694 24.967 11.3068
threshold=0 1 24.450000000000003 96.500000000000014 18.750000000000004 7.5000000000000009 14.950000000000001 48.050000000000004 2 32.550000000000004 51.500000000000007 60.500000000000007
decision_type=1 1 2 2 2 2 2 2 1 2 2 2
left_child=8 2 3 -2 -4 6 -3 -7 9 10 -1 -11
right_child=1 5 4 -5 -6 7 -8 -9 -10 11 -12 -13
leaf_value=0.046078235211036267 -0.0032548311219862871 -0.039552076825421223 -0.053117941385404155 0.048752815879687814 0.021279059122148725 0.013028143086346282 0.0013044631695680079 -0.032747876491660909 -0.048095862498867818 -0.041909271792889335 -0.01577389596267437 0.016463048374077378
leaf_weight=18.475761145353317 92.909562215209007 122.19786198437214 29.529844298958778 166.24231585115194 70.8483876734972 477.23998834192753 889.74936872720718 28.599242299795151 113.1927783973515 76.528589069843292 99.876492723822594 8.7586278356611711
leaf_count=112 469 532 130 1327 410 2354 4044 130 2321 1144 996 104
internal_value=-0.000204967 0.00492796 0.0209296 0.0301665 -0.000915546 0.00101419 -0.00366335 0.0103805 -0.0297575 -0.0176217 -0.0058131 -0.0357934
internal_weight=2194.15 1877.32 359.53 259.152 100.378 1517.79 1011.95 505.839 316.832 203.639 118.352 85.2872
internal_count=14073 9396 2336 1796 540 7060 4576 2484 4677 2356 1108 1248
cat_boundaries=0 1 2 3
cat_threshold=48 1 32
is_linear=0
shrinkage=0.05


Tree=52
num_leaves=13
num_cat=2
split_feature=0 33 36 20 34 0 32 5 37 7 32 32
split_gain=131.88 44.6717 76.1106 72.4779 59.9997 20.4271 19.8102 17.1864 9.39582 4.63272 9.15571 4.94985
threshold=0 36.850000000000001 94.500000000000014 33.250000000000007 24.450000000000003 1 26.889285500000003 -0.29342786347392819 60.500000000000007 30.522916500000004 31.001190500000003 29.248512000000002
decision_type=1 2 2 2 2 1 2 2 2 2 2 2
left_child=5 2 3 -2 -4 6 7 -1 -8 11 -11 -3
right_child=1 9 4 -5 -6 -7 8 -9 -10 10 -12 -13
leaf_value=-0.051281844449036121 -0.085796718416348186 0.010383659025431043 0.012895552294505827 -0.010877198631985684 -0.011947533279674289 -0.047883714733286904 -0.042715279466456174 0.0083669247815002824 -0.011312013751413609 0.0038327691462494507 0.045365637360940139 0.048632683349411412
leaf_weight=13.341085061430929 35.968916162848473 10.633474379777907 1132.207092396915 258.23099745810032 308.54729798436165 110.62506834790111 74.876433543860912 75.47013483941555 36.049186557531357 30.034628003835678 23.064509391784668 57.266324147582054
leaf_count=178 165 49 5950 1169 1393 2365 1155 583 433 174 142 305
internal_value=-0.000226584 0.00486814 0.00283618 -0.0202965 0.00757064 -0.0298096 -0.0178222 -0.00106465 -0.0327019 0.0341404 0.0223784 0.0428803
internal_weight=2166.32 1855.95 1734.95 294.2 1440.75 310.362 199.737 88.8112 110.926 120.999 53.0991 67.8998
internal_count=14061 9347 8677 1334 7343 4714 2349 761 1588 670 316 354
cat_boundaries=0 1 2
cat_threshold=48 32
is_linear=0
shrinkage=0.05


Tree=53
num_leaves=13
num_cat=2
split_feature=0 33 4 34 8 0 32 5 5 39 22 21
split_gain=122.627 41.6901 68.6771 82.3269 75.0978 20.0532 16.472 14.5145 4.9438 11.1888 0.95116 0.463212
threshold=0 36.850000000000001 0.77244481603295057 24.050000000000004 33.250000000000007 1 27.891964500000004 -0.29342786347392819 0.16587474750015926 22.250000000000004 66.861111000000008 22.650000000000002
decision_type=1 2 2 2 2 1 2 2 2 2 2 2
left_child=5 2 4 -4 -2 6 7 -1 9 -3 -10 -8
right_child=1 8 3 -5 -6 -7 11 -9 10 -11 -12 -13
leaf_value=-0.032738932012985493 0.002928390236761991 0.046251284162780723 0.003097286031568169 -0.044687906580124712 0.035778101035056985 -0.047558399017557387 -0.011557200382437393 -0.0010442840239545598 0.057057601506094693 0.011056975302899478 0.024539486552031864 -0.050952309296265631
leaf_weight=52.903641868382692 1155.1280382052064 40.987721711397171 221.47366355359554 150.85576650500298 203.88160207867622 105.54321155697107 1.4581979401409615 109.70914089307189 21.958439603447918 50.700496912002563 4.9613517522811881 32.1233014985919
leaf_count=701 6046 244 1002 663 964 2362 23 921 108 290 23 708
internal_value=-0.000255676 0.00461523 0.00266623 -0.0163316 0.00787926 -0.0292229 -0.017358 -0.0114927 0.0331907 0.0271193 0.0521581 -0.0496253
internal_weight=2151.68 1849.95 1731.34 372.329 1359.01 301.737 196.194 162.613 118.608 91.6882 26.9198 33.5815
internal_count=14055 9340 8675 1665 7010 4715 2353 1622 665 534 131 731
cat_boundaries=0 1 2
cat_threshold=48 32
is_linear=0
shrinkage=0.05


Tree=54
num_leaves=13
num_cat=3
split_feature=0 0 34 34 37 39 38 33 1 36 40 10
split_gain=107.357 54.1728 39.9056 100.762 57.8145 52.657 20.0906 23.9995 13.2588 9.70548 21.0911 3.55324
threshold=0 1 25.250000000000004 24.550000000000004 25.500000000000004 19.150000000000002 7.0270830000000002 31.250000000000004 2 97.500000000000014 25.550000000000004 64.812500000000014
decision_type=1 1 2 2 2 2 2 2 1 2 2 2
left_child=2 6 3 4 -1 -5 7 -2 -8 11 -11 -4
right_child=1 -3 9 5 -6 -7 8 -9 -10 10 -12 -13
leaf_value=-0.080565837310338853 -0.034006371027279325 -0.047217019422751506 0.028695216686260846 -0.065133668132959108 0.013880125868405674 -0.008929620597323544 -0.022774134780651493 0.010101136182534427 -0.0067924996347738511 -0.064182271803474508 0.045671887123783644 0.055648559766179044
leaf_weight=15.48755434155464 35.749642573297024 100.21992585808039 20.770728051662445 60.973785042762756 1001.0080894008279 128.43170989304781 259.52561018243432 190.97092008590698 261.00922802463174 5.874280825257304 11.01125283539295 51.769887141883373
leaf_count=74 194 2340 140 257 5540 597 1703 1062 1712 26 58 324
internal_value=-0.00056864 -0.0142986 0.00846339 0.00612089 0.0123634 -0.02727 -0.00926276 0.00302741 -0.0147889 0.0405707 0.00600315 0.0484261
internal_weight=2142.8 847.475 1295.33 1205.9 1016.5 189.405 747.255 226.721 520.535 89.4261 16.8855 72.5406
internal_count=14027 7011 7016 6468 5614 854 4671 1256 3415 548 84 464
cat_boundaries=0 1 2 3
cat_threshold=7 40 1
is_linear=0
shrinkage=0.05


Tree=55
num_leaves=12
num_cat=5
split_feature=0 37 0 34 43 2 0 33 37 1 1
split_gain=104.356 38.0938 38.0001 28.4768 25.8154 22.5609 20.9784 16.8652 24.0978 7.62047 4.31293
threshold=0 25.500000000000004 1 24.450000000000003 3.5500000000000003 3.5000000000000004 2 32.550000000000004 51.500000000000007 3 4
decision_type=1 2 1 2 2 2 1 2 2 1 1
left_child=6 5 3 -3 -4 -2 7 8 -1 -9 -7
right_child=1 2 4 -5 -6 10 -8 9 -10 -11 -12
leaf_value=0.046293429398815172 -0.077339730010867774 0.029897972268746593 0.012871670217886187 -0.0022022115133494597 -0.0020278290207294131 -0.02176844412877102 -0.046874569970341146 -0.017678757885754137 -0.014373934028943512 -0.049536687055396676 0.035273375373911606
leaf_weight=18.74623654037714 21.310541272163391 245.50295207649469 397.33995231986046 95.814639739692211 1075.3051033616066 5.4121874049305898 95.142578881233931 38.397177025675774 94.838108565658331 39.249748591333628 5.9472589269280434
leaf_count=110 103 1779 1857 518 5050 33 2315 620 984 626 36
internal_value=0.000165079 0.00456573 0.00556566 0.0203133 0.0019848 -0.0481147 -0.0273365 -0.0155949 -0.00404462 -0.0342077 0.00853355
internal_weight=2133.01 1846.63 1813.96 341.318 1472.65 32.67 286.374 191.231 113.584 77.6469 11.3594
internal_count=14031 9376 9204 2297 6907 172 4655 2340 1094 1246 69
cat_boundaries=0 1 2 3 4 5
cat_threshold=48 1 32 1 1
is_linear=0
shrinkage=0.05


Tree=56
num_leaves=13
num_cat=2
split_feature=0 0 44 43 33 34 5 37 38 33 38 21
split_gain=101.054 48.8232 39.6768 56.9677 103.448 39.4073 82.0614 53.2154 19.6865 22.9727 15.4284 14.2709
threshold=0 1 45.20000000000001 12.550000000000002 36.95000000000001 20.950000000000003 0.3484035575467645 32.500000000000007 7.0752975000000005 31.250000000000004 9.9836310000000008 24.950000000000003
decision_type=1 1 2 2 2 2 2 2 2 2 2 2
left_child=2 8 5 4 -4 7 -7 -1 9 -2 -5 -10
right_child=1 -3 3 10 -6 6 -8 -9 11 -11 -12 -13
leaf_value=-0.064302253130539472 -0.032768566585636309 -0.046597676146984485 -0.080586467762509884 0.035992551494034228 0.042344858691549081 0.0044117412848946541 0.034228377470247616 0.010918068455751823 -0.019380440656506862 0.0091740387164568719 -0.0055799933669981212 0.0010435617785370538
leaf_weight=37.593137830495834 37.928880944848061 91.782780643552542 56.743435457348824 40.067715398967266 23.582941085100174 673.19633893668652 350.40371882915497 59.569655559957027 395.59700205549598 201.43290617316961 48.380497708916664 108.91776232048869
leaf_count=201 211 2337 244 223 128 3692 1978 309 2556 1124 272 794
internal_value=-0.000473722 -0.0139129 0.00828292 -0.0141941 -0.0444183 0.0117512 0.0146422 -0.0185439 -0.00925984 0.0024192 0.0134445 -0.0149778
internal_weight=2125.2 835.659 1289.54 168.775 80.3264 1120.76 1023.6 97.1628 743.877 239.362 88.4482 504.515
internal_count=14069 7022 7047 867 372 6180 5670 510 4685 1335 495 3350
cat_boundaries=0 1 2
cat_threshold=7 40
is_linear=0
shrinkage=0.05


Tree=57
num_leaves=9
num_cat=0
split_feature=43 22 44 5 44 21 22 12
split_gain=38.5463 34.7444 31.4909 46.509 36.2995 30.767 2.35081 0.541566
threshold=43.800000000000004 55.000000000000007 45.20000000000001 0.36447543099728857 34.400000000000013 25.350000000000005 83.895833500000023 35.500000000000007
decision_type=2 2 2 2 2 2 2 2
left_child=1 7 4 -4 -3 -2 -7 -1
right_child=5 2 3 -5 -6 6 -8 -9
leaf_value=-0.10708918928685665 -0.078503830856028772 -0.006114244561737146 -0.0084344333145065335 -0.084120819085650972 0.0088267346396538066 0.039396446694956309 -0.0044629622742306 -0.051560701245133456
leaf_weight=5.3214654959738237 26.159408941864967 620.13673184253275 240.94015087001026 21.201965551823378 1176.0420772898942 5.5726836957037431 5.3664855808019638 4.1488213688135147
leaf_count=33 160 3988 1610 125 7996 40 32 31
internal_value=-7.62849e-05 0.000841527 0.00130304 -0.0148523 0.00366778 -0.0499124 0.0193085 -0.0900107
internal_weight=2104.89 2067.79 2058.32 262.142 1796.18 37.0986 10.9392 9.47029
internal_count=14015 13783 13719 1735 11984 232 72 64
is_linear=0
shrinkage=0.05


Tree=58
num_leaves=12
num_cat=3
split_feature=0 0 34 39 33 37 34 43 25 33 1
split_gain=94.7878 46.5274 39.351 101.855 57.4034 46.1061 44.661 42.8679 20.4092 16.4892 15.0791
threshold=0 1 24.450000000000003 19.050000000000004 33.95000000000001 25.500000000000004 25.150000000000002 43.800000000000004 7.8895835000000005 31.650000000000002 2
decision_type=1 1 2 2 2 2 2 2 2 2 1
left_child=2 8 5 6 -5 -1 -4 -7 9 -2 -10
right_child=1 -3 3 4 -6 7 -8 -9 10 -11 -12
leaf_value=-0.072263436854989802 -0.021808942262923414 -0.046304115711106084 -0.069946394876195653 -0.018680678417914959 0.032313925668404832 0.015519390257602251 0.012838328418950613 -0.085750742756124709 -0.027513197110902901 0.0044421601330653813 -0.0074981200944586992
leaf_weight=14.626407116651533 74.228126406669617 88.087690614163876 71.209459349513054 94.54943635314703 129.89042692631483 930.0329432785511 20.678288191556931 9.5890911072492582 187.88513910211623 291.08680503629148 189.5842812359333
leaf_count=75 425 2338 299 441 745 5299 99 39 1284 1705 1288
internal_value=-0.000700695 -0.0137279 0.00786844 -0.00733571 0.0108439 0.0129933 -0.051379 0.0143958 -0.00924536 -0.000936761 -0.017507
internal_weight=2101.45 830.872 1270.58 316.328 224.44 954.248 91.8877 939.622 742.784 365.315 377.469
internal_count=14037 7040 6997 1584 1186 5413 398 5338 4702 2130 2572
cat_boundaries=0 1 2 3
cat_threshold=7 40 1
is_linear=0
shrinkage=0.05


Tree=59
num_leaves=13
num_cat=3
split_feature=0 34 37 42 6 43 1 0 32 44 2 21
split_gain=85.5553 37.0288 50.035 43.8437 40.6672 21.4624 19.6337 19.2655 16.4408 12.3452 9.39234 0.580225
threshold=0 20.950000000000003 32.500000000000007 2.5000000000000004 2.5000000000000004 7.8500000000000005 1 2 27.891964500000004 41.95000000000001 11.500000000000002 22.650000000000002
decision_type=1 2 2 2 2 2 1 1 2 2 2 2
left_child=7 2 10 6 -5 -4 -3 8 9 -1 -2 -10
right_child=1 3 5 4 -6 -7 -8 -9 11 -11 -12 -13
leaf_value=-0.003808003667239092 -0.070539003070921744 0.047255961509220894 0.019790653235146845 -0.012882125101884738 0.0072995772794561351 -0.035804319011874301 0.012745834574087352 -0.045944058992961924 -0.0084701853019368521 -0.0473375101666203 -0.011979594570238894 -0.050518419969849009
leaf_weight=139.28576943278313 40.960458546876907 82.727458409965038 55.728438168764114 313.56081160157919 1208.5396501421928 24.020056955516338 83.163465514779091 83.50526194088161 1.3033715672791029 17.481223497539759 8.7331356406211835 28.448482422158122
leaf_count=1278 225 404 290 1545 6330 117 407 2310 23 346 47 691
internal_value=-0.000144379 0.00380473 -0.0218456 0.00580599 0.00313631 0.00280955 0.0301356 -0.0258277 -0.0147645 -0.0089313 -0.0606871 -0.0490117
internal_weight=2087.46 1817.43 129.442 1687.99 1522.1 79.7485 165.891 270.024 186.519 156.767 49.6936 29.7519
internal_count=14013 9365 679 8686 7875 407 811 4648 2338 1624 272 714
cat_boundaries=0 1 2 3
cat_threshold=48 1 32
is_linear=0
shrinkage=0.05


Tree=60
num_leaves=12
num_cat=3
split_feature=0 0 38 44 40 26 21 32 0 32 44
split_gain=86.5194 32.5912 39.1494 33.0377 23.5402 19.9469 31.8368 26.8829 17.3189 15.7162 12.2591
threshold=0 1 6.4910715000000012 34.400000000000013 130.55000000000004 14.950000000000001 23.850000000000005 26.643750000000001 2 27.956845000000005 39.050000000000004
decision_type=1 1 2 2 2 2 2 2 1 2 2
left_child=8 2 4 -4 -2 6 -3 -7 9 10 -1
right_child=1 5 3 -5 -6 7 -8 -9 -10 -11 -12
leaf_value=-0.0025554904353536248 0.04729101083938695 0.0015861788369057911 -0.012099128520450317 0.014128653651884688 -0.077482965989520813 -0.01633815716920009 -0.039030250600993584 0.0059234991640960862 -0.045645466126545527 -0.050354007937213487 -0.036236825977377173
leaf_weight=124.4755788706243 89.775627993047237 111.6978490203619 157.18730664998293 498.78985676914454 3.068819746375083 166.53971725702286 83.83207006752491 710.81046979874372 80.248749993741512 27.48343899846077 33.568136636167765
leaf_count=1089 730 487 885 3055 23 744 364 3106 2320 699 580
internal_value=0.00014329 0.00407698 0.0120094 0.00783502 0.0423851 -0.00152521 -0.0159378 0.00168397 -0.025915 -0.0153035 -0.00989219
internal_weight=2087.48 1821.7 748.822 655.977 92.8444 1072.88 195.53 877.35 265.776 185.527 158.044
internal_count=14082 9394 4693 3940 753 4701 851 3850 4688 2368 1669
cat_boundaries=0 1 2 3
cat_threshold=48 5 32
is_linear=0
shrinkage=0.05


Tree=61
num_leaves=9
num_cat=3
split_feature=0 0 1 4 2 8 4 24
split_gain=73.2555 40.7725 36.8234 41.4542 38.5475 17.3997 24.6593 9.24353
threshold=0 1 2 0.86113431103781346 9.5000000000000018 29.850000000000005 0.61915405168109316 68.500000000000014
decision_type=1 1 1 2 2 2 2 2
left_child=-1 2 4 -4 -2 7 -7 -3
right_child=1 5 3 -5 -6 6 -8 -9
leaf_value=-0.045336583209093645 0.0099336498149263895 -0.016207360009715635 0.0049538075492368558 -0.026233142940695082 0.043823208233762345 0.00097852882149515401 -0.020018800646534562 -0.052481661756336034
leaf_weight=76.954724812880158 527.83111448585987 45.448210265487432 493.33103785663843 134.83545773476362 99.021875411272049 451.12807789817452 201.57846312411129 29.136695798486471
leaf_count=2322 2799 271 2827 675 722 2732 1474 185
internal_value=-0.000685843 0.00129159 0.00673128 -0.0017715 0.0153483 -0.0080556 -0.00552688 -0.0308848
internal_weight=2059.27 1982.31 1255.02 628.166 626.853 727.291 652.707 74.5849
internal_count=14007 11685 7023 3502 3521 4662 4206 456
cat_boundaries=0 1 2 3
cat_threshold=16 7 1
is_linear=0
shrinkage=0.05


Tree=62
num_leaves=11
num_cat=3
split_feature=0 22 43 0 34 0 32 5 21 8
split_gain=75.3093 34.0322 32.0947 31.1632 25.7485 16.4362 14.4824 12.7179 0.593991 0.496203
threshold=0 55.000000000000007 43.800000000000004 1 25.350000000000005 2 27.891964500000004 -0.30982845708428081 22.650000000000002 32.850000000000001
decision_type=1 2 2 1 2 1 2 2 2 2
left_child=5 9 3 -3 -4 6 7 -1 -8 -2
right_child=1 2 4 -5 -6 -7 8 -9 -10 -11
leaf_value=-0.030388305342488389 -0.050010764855556222 0.012703500645171121 -0.074751451874000993 -0.00078672134361218384 0.020689590385624186 -0.045081128514884723 -0.007823681089340763 0.00035900432839686353 -0.050115348066131452 -0.10767483003289494
leaf_weight=48.418624747544527 3.6947939097881299 717.3478761985898 21.670510098338127 1042.9671482592821 9.7379714101552981 74.487419951707125 1.276526585221293 105.20159073546529 26.047742011025548 4.8798868954181671
leaf_count=699 23 4584 101 4573 49 2342 24 923 706 22
internal_value=-0.000295525 0.00335836 0.00387728 0.00478244 -0.0454353 -0.0251126 -0.01478 -0.00946591 -0.0484856 -0.090646
internal_weight=2055.73 1800.3 1791.72 1760.32 31.4085 255.432 180.944 153.62 27.3243 8.57468
internal_count=14046 9352 9307 9157 150 4694 2352 1622 730 45
cat_boundaries=0 1 2 3
cat_threshold=48 5 32
is_linear=0
shrinkage=0.05


Tree=63
num_leaves=9
num_cat=2
split_feature=0 0 4 44 34 34 39 36
split_gain=67.2194 40.0925 26.8233 25.4187 22.3827 36.5297 17.0782 11.6163
threshold=0 1 0.091259403071267911 41.600000000000001 25.150000000000002 24.450000000000003 22.250000000000004 94.500000000000014
decision_type=1 1 2 2 2 2 2 2
left_child=-1 2 7 -4 5 -3 -6 -2
right_child=1 4 3 -5 6 -7 -8 -9
leaf_value=-0.044742425902004362 -0.061278135850624207 -0.000193308265625893 0.017303224318078812 -0.021132073827197641 0.034789018511323426 -0.021611929732088281 -0.0021556866712230871 0.041378605633438405
leaf_weight=71.136581858620048 1.9832880496978749 1281.0717300157994 176.25976692140102 55.875323258340359 69.332104763016105 234.69741811789572 56.138247590512037 99.250347062945366
leaf_count=2335 8 7218 952 294 460 1289 376 1103
internal_value=-0.000421355 0.00141648 0.0169315 0.00800082 -0.00182667 -0.00352177 0.0183728 0.0387877
internal_weight=2045.74 1974.61 333.369 232.135 1641.24 1515.77 125.47 101.234
internal_count=14035 11700 2357 1246 9343 8507 836 1111
cat_boundaries=0 1 2
cat_threshold=16 1
is_linear=0
shrinkage=0.05


Tree=64
num_leaves=9
num_cat=2
split_feature=0 44 39 40 0 5 4 39
split_gain=63.4106 36.3509 57.7997 78.7297 38.3057 40.5915 18.8767 3.04518
threshold=0 45.20000000000001 27.450000000000006 51.650000000000013 1 0.3484035575467645 0.60555468348150676 28.200000000000006
decision_type=1 2 2 2 1 2 2 2
left_child=-1 4 3 -3 5 -2 -6 -4
right_child=1 2 7 -5 6 -7 -8 -9
leaf_value=-0.044396595556181702 0.0018490678044971254 -0.063407205826556345 0.049936187496145666 8.0382536533332022e-05 -0.00028622070689195291 0.021738766072870078 -0.019076274215133329 0.021423082968822404
leaf_weight=67.9096370767802 646.16880315169692 89.352149179205298 12.753803059458731 106.25601433590055 459.52604892291129 424.61952171474695 187.50623975880444 41.249185930937529
leaf_count=2325 3636 480 82 659 2719 2479 1365 249
internal_value=-0.000447106 0.00131056 -0.0164735 -0.0290952 0.00391041 0.0096591 -0.00566508 0.0289424
internal_weight=2035.34 1967.43 249.611 195.608 1717.82 1070.79 647.032 54.003
internal_count=13994 11669 1470 1139 10199 6115 4084 331
cat_boundaries=0 1 2
cat_threshold=16 7
is_linear=0
shrinkage=0.05


Tree=65
num_leaves=9
num_cat=2
split_feature=0 0 4 8 34 34 43 34
split_gain=60.2929 34.8435 21.517 23.6549 19.9075 33.0029 16.6946 9.97511
threshold=0 1 0.056951373111866661 33.250000000000007 25.150000000000002 24.450000000000003 7.9500000000000011 25.050000000000004
decision_type=1 1 2 2 2 2 2 2
left_child=-1 2 7 -4 5 -3 -6 -2
right_child=1 4 3 -5 6 -7 -8 -9
leaf_value=-0.04407158527294925 0.039101433332605448 -0.00010233382727063928 -0.0068478394684973291 0.025017911303122642 0.0007528965075645418 -0.020287942362790957 0.037198215622025216 -0.051900240530843182
leaf_weight=65.059006197378039 92.312006007879972 1276.3536571115255 123.18601086735725 108.90150426328182 69.203354278579354 239.67782947234809 56.618961211293936 2.2810069918632498
leaf_count=2317 1075 7200 620 644 480 1312 371 10
internal_value=-0.000389261 0.00129326 0.0159247 0.00814758 -0.00170456 -0.00330486 0.017317 0.0363871
internal_weight=2033.59 1968.53 326.681 232.088 1641.85 1516.03 125.822 94.593
internal_count=14029 11712 2349 1264 9363 8512 851 1085
cat_boundaries=0 1 2
cat_threshold=16 1
is_linear=0
shrinkage=0.05


Tree=66
num_leaves=9
num_cat=2
split_feature=0 6 5 0 44 36 6 38
split_gain=56.4637 33.0449 39.6021 37.5575 30.0837 28.0996 11.7019 10.1493
threshold=0 2.5000000000000004 -0.97111920233974802 1 48.050000000000004 94.500000000000014 27.000000000000004 8.9562500000000025
decision_type=1 2 2 1 2 2 2 2
left_child=-1 2 7 6 -5 -4 -3 -2
right_child=1 3 5 4 -6 -7 -8 -9
leaf_value=-0.043754322342186833 -0.030101671111590834 0.028393078438977083 -0.021169760592064379 0.0030125035366048549 -0.027616682582379634 0.0045386350499449692 -0.00050894395080538655 -0.092696748648521177
leaf_weight=62.496040921658278 12.74104379117489 193.79700781404972 191.7752579934895 1190.0521075185388 84.954222975298762 236.28576329909265 42.655985597521067 15.893377428874372
leaf_count=2323 72 1498 1118 6777 483 1389 329 85
internal_value=-0.000726732 0.000878812 -0.0108886 0.00444504 0.000944224 -0.00700146 0.0222615 -0.0668003
internal_weight=2030.65 1968.15 456.695 1511.46 1275.01 428.061 236.453 28.6344
internal_count=14074 11751 2664 9087 7260 2507 1827 157
cat_boundaries=0 1 2
cat_threshold=16 1
is_linear=0
shrinkage=0.05


Tree=67
num_leaves=10
num_cat=0
split_feature=22 8 36 34 39 39 33 33 12
split_gain=30.3487 29.6912 71.3369 60.7839 41.0688 94.2767 20.2437 19.8314 0.281047
threshold=55.000000000000007 33.350000000000001 94.500000000000014 24.450000000000003 22.950000000000003 24.950000000000003 33.650000000000013 33.550000000000004 35.500000000000007
decision_type=2 2 2 2 2 2 2 2 2
left_child=8 2 6 -4 7 -6 -2 -3 -1
right_child=1 4 3 -5 5 -7 -8 -9 -10
leaf_value=-0.10060848406901252 -0.079053044431936462 -0.060169289100025218 0.0042251795801670437 -0.022871279819412487 -0.045505917332685414 0.020667869882567452 -0.028930494959011496 0.022884374861809238 -0.048837907215996929
leaf_weight=5.453117720782755 30.0654900316149 6.4180170856416217 1115.3490749932826 253.07379105873406 90.9336011800915 128.90044917911291 63.504423957318068 322.4715693295002 3.8670556396245956
leaf_count=33 202 41 7922 1641 612 902 409 2250 33
internal_value=-0.000418483 2.04634e-05 -0.00370213 -0.000799035 0.00992744 -0.0067868 -0.0457013 0.0210862 -0.0859419
internal_weight=2020.04 2010.72 1461.99 1368.42 548.724 219.834 93.5699 328.89 9.32017
internal_count=14045 13979 10174 9563 3805 1514 611 2291 66
is_linear=0
shrinkage=0.05


Tree=68
num_leaves=9
num_cat=2
split_feature=0 22 8 36 4 0 32 44
split_gain=55.858 30.9438 28.6025 66.3556 40.555 14.0249 14.4024 10.4423
threshold=0 55.000000000000007 33.350000000000001 94.500000000000014 0.76140650896573492 1 27.956845000000005 41.95000000000001
decision_type=1 2 2 2 2 1 2 2
left_child=5 -2 3 -3 -4 6 7 -1
right_child=1 2 4 -5 -6 -7 -8 -9
leaf_value=-0.0041993155188434416 -0.0863653775858782 -0.043363585743110999 0.032067279340560043 0.0019571727792709222 0.0023611629864569491 -0.043516155418477642 -0.049863782823398421 -0.046319524455482257
leaf_weight=137.99979763478041 8.7720422446727735 85.672546714544296 177.85480047017336 1184.0817808769643 321.76489907503128 60.724191639572382 23.84196387976408 15.510414041578768
leaf_count=1313 46 411 892 6382 1637 2347 681 352
internal_value=-0.000740541 0.00235559 0.00285729 -0.00113242 0.0129789 -0.022918 -0.0137358 -0.00872731
internal_weight=2016.22 1778.15 1769.37 1269.75 499.62 238.076 177.352 153.51
internal_count=14061 9368 9322 6793 2529 4693 2346 1665
cat_boundaries=0 1 2
cat_threshold=48 32
is_linear=0
shrinkage=0.05


Tree=69
num_leaves=11
num_cat=2
split_feature=0 34 34 39 36 24 36 0 32 44
split_gain=52.7793 35.1398 58.5155 84.1748 50.5595 27.9064 16.2762 14.1958 13.6871 10.662
threshold=0 25.150000000000002 24.550000000000004 19.150000000000002 96.500000000000014 66.500000000000014 97.500000000000014 1 27.956845000000005 41.95000000000001
decision_type=1 2 2 2 2 2 2 1 2 2
left_child=7 2 4 -4 -2 6 -3 8 9 -1
right_child=1 5 3 -5 -6 -7 -8 -9 -10 -11
leaf_value=-0.0037404316396621043 -0.010959973764068383 0.038821709094170515 -0.066646293003557663 -0.0017711519647617435 0.010127122572234212 -0.063274233779753497 -0.0052103764753448564 -0.043231325979685001 -0.049628615614613486 -0.046273806590083143
leaf_weight=136.74327975697815 395.32221233844757 114.9073379561305 73.76932780444622 151.09788897633553 1004.7600111328065 7.417442947626113 25.359519869089127 58.684382762759924 22.265910571441054 15.546878462657331
leaf_count=1300 1905 694 326 694 5574 32 129 2370 666 362
internal_value=-0.000512764 0.00247756 0.000362426 -0.0232548 0.00416947 0.0257577 0.0308804 -0.0223063 -0.0131257 -0.00835609
internal_weight=2005.87 1772.63 1624.95 224.867 1400.08 147.684 140.267 233.24 174.556 152.29
internal_count=14052 9354 8499 1020 7479 855 823 4698 2328 1662
cat_boundaries=0 1 2
cat_threshold=48 32
is_linear=0
shrinkage=0.05


Tree=70
num_leaves=10
num_cat=1
split_feature=43 37 22 44 21 2 1 4 12
split_gain=26.7258 26.8413 24.1682 24.3987 21.3347 12.3672 4.74721 3.14942 0.138935
threshold=43.800000000000004 25.500000000000004 55.000000000000007 34.400000000000013 25.350000000000005 3.5000000000000004 0 0.61237135649459018 68.500000000000014
decision_type=2 2 2 2 2 2 1 2 2
left_child=1 5 -3 -4 -2 -1 -7 -6 -9
right_child=4 2 3 -5 7 6 -8 8 -10
leaf_value=-0.067305180541645762 -0.071431275448983894 -0.08532157853817561 -0.0071928827776243549 0.0049969532651887175 0.043636769913902071 -0.031628132184554673 0.026139920815749368 -0.01395425731868861 -0.0001685856686032708
leaf_weight=20.256679650396109 22.298016084358096 7.0941387005150309 591.12530923634768 1337.3733280617744 3.9311206266283971 6.3466315753757936 5.9091298617422581 3.4184265583753586 3.1592092998325825
leaf_count=152 151 47 4006 9540 31 54 53 23 23
internal_value=-0.000627265 0.000129833 0.000897502 0.00125872 -0.0447066 -0.0442355 -0.00390443 0.0132787 -0.00822909
internal_weight=2000.91 1968.11 1935.59 1928.5 32.8068 32.5124 12.2558 10.5088 6.57764
internal_count=14080 13852 13593 13546 228 259 107 77 46
cat_boundaries=0 1
cat_threshold=1
is_linear=0
shrinkage=0.05


Tree=71
num_leaves=9
num_cat=2
split_feature=0 0 4 34 2 26 35 35
split_gain=49.5562 31.2554 19.9781 23.6148 18.7485 47.0551 14.3361 10.2166
threshold=0 1 0.056951373111866661 25.150000000000002 7.5000000000000009 14.950000000000001 87.00892850000001 88.770833500000023
decision_type=1 1 2 2 2 2 2 2
left_child=-1 2 7 -4 5 -3 -6 -2
right_child=1 4 3 -5 6 -7 -8 -9
leaf_value=-0.042821098769474146 0.038007440215172064 -0.034420702020377052 0.0013999735780611056 0.049449384731073687 0.011540061907270381 -0.0018989261267357918 -0.0047981436940809155 -0.054260477589154248
leaf_weight=55.694854653440416 88.852418821305037 125.45797562412918 200.61077471077442 28.317488208413124 357.83671116270125 924.477693175897 213.82044960558414 2.2577735781669608
leaf_count=2344 1067 684 1059 207 2058 5367 1245 31
internal_value=-0.000443171 0.00100907 0.0150142 0.0075327 -0.00183752 -0.00581404 0.00543127 0.0351567
internal_weight=1997.33 1941.63 320.038 228.928 1621.59 1049.94 571.657 91.1102
internal_count=14062 11718 2364 1266 9354 6051 3303 1098
cat_boundaries=0 1 2
cat_threshold=16 1
is_linear=0
shrinkage=0.05


Tree=72
num_leaves=9
num_cat=2
split_feature=0 6 44 39 6 0 20 38
split_gain=46.8251 28.1065 35.3644 52.5772 31.8852 31.0718 25.6492 19.4353
threshold=0 2.5000000000000004 48.050000000000004 27.100000000000005 1.5000000000000002 1 33.350000000000001 10.845535500000002
decision_type=1 2 2 2 2 1 2 2
left_child=-1 4 5 -4 6 -3 -2 -6
right_child=1 2 3 -5 7 -7 -8 -9
leaf_value=-0.04245732471304009 -0.021507286848060532 0.012191101998851997 -0.056084549296774436 0.016312152238450797 -0.056529622537547432 -0.0030826837787998299 0.0052970585786390875 0.0076505056408144607
leaf_weight=53.253421928733587 139.30875579826534 848.60749493166804 55.985194681212306 44.14744527451694 50.60305461846292 541.96794117614627 244.45960197225213 15.006323408335446
leaf_count=2331 834 5070 319 273 288 3393 1448 88
internal_value=-0.000463672 0.000924259 0.00423367 -0.0243199 -0.0100185 0.00630576 -0.00446359 -0.0419557
internal_weight=1993.34 1940.09 1490.71 100.133 449.378 1390.58 383.768 65.6094
internal_count=14044 11713 9055 592 2658 8463 2282 376
cat_boundaries=0 1 2
cat_threshold=16 7
is_linear=0
shrinkage=0.05


Tree=73
num_leaves=9
num_cat=2
split_feature=0 33 36 20 0 19 32 38
split_gain=44.4613 28.3219 57.7829 54.5374 36.235 7.40324 7.82742 0.13559
threshold=0 37.100000000000009 94.500000000000014 33.250000000000007 1 30.368750000000002 31.001190500000003 13.700595000000002
decision_type=1 2 2 2 1 2 2 2
left_child=-1 2 3 -2 -4 7 -7 -3
right_child=1 5 4 -5 -6 6 -8 -9
leaf_value=-0.042117920838846593 -0.077003491061581331 0.046189319967809374 0.013820311343784773 -0.012427894958861815 -0.0021925063924608411 -0.0011563664735863763 0.037081478562770519 0.020302887228736355
leaf_weight=51.139317452907562 36.354256823658943 34.582709131762385 533.34471383690834 267.72046625241637 1003.4137961585075 30.540140517055988 22.743122706189752 2.7949391454458228
leaf_count=2328 208 249 3730 1517 5575 229 193 19
internal_value=-0.000488883 0.000848092 -0.000497946 -0.0203755 0.00344586 0.0279786 0.0155473 0.0448331
internal_weight=1982.63 1931.49 1840.83 304.075 1536.76 90.6609 53.2833 37.3776
internal_count=14048 11720 11030 1725 9305 690 422 268
cat_boundaries=0 1 2
cat_threshold=16 5
is_linear=0
shrinkage=0.05


Tree=74
num_leaves=9
num_cat=2
split_feature=0 0 38 4 40 43 5 20
split_gain=43.3206 27.3132 39.6493 29.7058 21.4883 14.0767 13.2974 7.87257
threshold=0 1 6.4910715000000012 -0.28519255817492867 130.55000000000004 38.900000000000006 -0.88620506325989179 34.150000000000013
decision_type=1 1 2 2 2 2 2 2
left_child=-1 2 4 -4 -2 6 -3 -7
right_child=1 5 3 -5 -6 7 -8 -9
leaf_value=-0.041817116805834623 0.045854254896515761 -0.013937492805599781 0.025045061421471261 -0.0011814672021047293 -0.080370873071865662 -0.062381688356892374 -0.00017873085756197832 0.0005263200602555288
leaf_weight=49.398095187731087 81.74187783524394 212.26364293135703 137.99546814709902 483.33078885823488 2.6285798847675315 14.526426162570717 994.77061053179204 7.2925674859434357
leaf_count=2342 750 1207 1262 2686 20 103 5685 48
internal_value=-0.00011529 0.00118055 0.00894571 0.00467428 0.0410263 -0.00331857 -0.00260782 -0.0422543
internal_weight=1983.95 1934.55 705.697 621.326 84.3705 1228.85 1207.03 21.819
internal_count=14103 11761 4718 3948 770 7043 6892 151
cat_boundaries=0 1 2
cat_threshold=16 5
is_linear=0
shrinkage=0.05


Tree=75
num_leaves=9
num_cat=2
split_feature=0 0 34 5 4 33 2 4
split_gain=41.6307 26.0524 30.4759 54.0643 43.8134 17.4405 22.7782 7.59077
threshold=0 1 20.950000000000003 0.51849435583340198 -0.19337636264337832 31.250000000000004 7.5000000000000009 -0.90893996196865012
decision_type=1 1 2 2 2 2 2 2
left_child=-1 2 4 -4 -2 7 -7 -3
right_child=1 5 3 -5 -6 6 -8 -9
leaf_value=-0.041456268078348402 0.050080373225123404 -0.0065149377153562345 0.0019785605553339284 0.027673013629334893 -0.037686513010439633 -0.01055597157570819 0.009168806657364784 -0.040838928748293229
leaf_weight=47.381072164513171 16.544592842459679 24.757568519562483 849.54332828521729 268.79899775236845 75.725485518574715 412.18637766689062 225.73018973320723 47.542025139555335
leaf_count=2342 115 156 4886 1646 402 2920 1299 293
internal_value=0.000143669 0.00139928 0.00584156 0.00817355 -0.0215812 -0.0061465 -0.00357283 -0.0293346
internal_weight=1968.21 1920.83 1210.61 1118.34 92.2701 710.216 637.917 72.2996
internal_count=14059 11717 7049 6532 517 4668 4219 449
cat_boundaries=0 1 2
cat_threshold=16 7
is_linear=0
shrinkage=0.05


Tree=76
num_leaves=9
num_cat=2
split_feature=0 6 6 6 40 0 4 42
split_gain=39.5076 26.8498 33.7273 32.6314 52.1077 31.5445 24.686 22.7297
threshold=0 2.5000000000000004 1.0000000180025095e-35 27.000000000000004 41.050000000000004 1 1.0000000180025095e-35 2.5000000000000004
decision_type=1 2 2 2 2 1 2 2
left_child=-1 2 7 5 -5 -3 -4 -2
right_child=1 3 6 4 -6 -7 -8 -9
leaf_value=-0.041200472412439154 0.022875567288724401 0.018649408201285297 0.00974692718927124 -0.074748026328968389 -0.0037994833324764953 0.0017089784096435412 -0.035942054377291192 -0.0083228112900591983
leaf_weight=46.061355541460216 84.203373549506068 419.08376808837056 36.84497295320034 28.057792738080025 237.82323505356908 784.51731555908918 141.3960111066699 184.47134461067617
leaf_count=2363 501 2980 238 154 1461 4466 820 1118
internal_value=-0.000200535 0.00101547 -0.00969758 0.00428493 -0.0115385 0.00778708 -0.0264958 0.00150341
internal_weight=1962.46 1916.4 446.916 1469.48 265.881 1203.6 178.241 268.675
internal_count=14101 11738 2677 9061 1615 7446 1058 1619
cat_boundaries=0 1 2
cat_threshold=16 5
is_linear=0
shrinkage=0.05


Tree=77
num_leaves=14
num_cat=2
split_feature=0 33 36 44 34 32 0 44 4 23 33 21 21
split_gain=37.6115 26.9132 49.9289 69.909 32.2204 13.569 11.0493 9.76257 5.25738 6.74698 1.36427 0.459455 0.156515
threshold=0 36.850000000000001 94.500000000000014 41.600000000000001 24.450000000000003 27.891964500000004 1 41.95000000000001 0.8697513045430848 93.500000000000014 37.750000000000007 22.650000000000002 22.450000000000003
decision_type=1 2 2 2 2 2 1 2 2 2 2 2 2
left_child=5 2 3 -2 -4 6 7 -1 10 -10 -3 12 -7
right_child=1 8 4 -5 -6 11 -8 -9 9 -11 -12 -13 -14
leaf_value=-0.00293159761513122 -0.001083407158979926 0.021333246330150768 0.0084296912229749835 -0.053747961124738279 -0.010205242735613074 -0.020786809596110206 -0.03774365189392323 -0.045496475740133713 0.025869685504750287 -0.014207917472632442 0.056691035859137519 -0.049954420194549515 0.0028000406505896617
leaf_weight=132.27492747455835 187.96812959015369 5.3606220036745098 1058.2358443215489 93.823738574981689 296.09090001881123 0.65590019989758619 31.233660842292011 14.021855594590305 74.371341094374657 11.547893680632113 14.955487951636313 33.829496125690639 0.86193998157978058
leaf_count=1257 900 38 5978 450 1392 18 1609 349 445 61 117 1400 31
internal_value=-0.000526361 0.00194348 0.000363953 -0.0187463 0.00435109 -0.0198202 -0.0149454 -0.00682881 0.0262206 0.0203816 0.0488 -0.0486719 -0.0116002
internal_weight=1955.23 1742.35 1636.12 281.792 1354.33 212.878 177.53 146.297 106.235 85.9192 20.3161 35.3473 1.51784
internal_count=14045 9381 8720 1350 7370 4664 3215 1606 661 506 155 1449 49
cat_boundaries=0 1 2
cat_threshold=48 32
is_linear=0
shrinkage=0.05


end of trees

feature_importances:
age_group=191
temperature_min_7d=103
day_of_year_sin=93
temperature_max_7d=54
wind_gust_max_7d=49
temperature_min_3d=47
day_of_year_cos=42
temperature_mean_7d=41
wind_speed_max_7d=41
humidity_max_7d=34
wind_speed_mean_7d=29
humidity_min_7d=22
rain_max_daily_7d=22
month=17
precipitation_sum_7d=13
temperature_max_current=12
wind_speed_mean_3d=12
gender=10
weather_code_current=10
temperature_max_3d=10
temperature_mean_3d=9
wind_speed_max_3d=8
humidity_mean_3d=7
temperature_mean_current=5
humidity_min_3d=5
humidity_mean_7d=5
humidity_max_current=3
humidity_min_current=3
temperature_min_current=2
humidity_mean_current=2
rain_days_7d=2
wind_speed_mean_current=1
humidity_max_3d=1
wind_gust_max_3d=1

parameters:
[boosting: gbdt]
[objective: binary]
[metric: binary_logloss]
[tree_learner: serial]
[device_type: cpu]
[data_sample_strategy: bagging]
[data: ]
[valid: ]
[num_iterations: 78]
[learning_rate: 0.05]
[num_leaves: 15]
[num_threads: 8]
[seed: 42]
[deterministic: 0]
[force_col_wise: 0]
[force_row_wise: 0]
[histogram_pool_size: -1]
[max_depth: 4]
[min_data_in_leaf: 20]
[min_sum_hessian_in_leaf: 0.001]
[bagging_fraction: 0.9]
[pos_bagging_fraction: 1]
[neg_bagging_fraction: 1]
[bagging_freq: 1]
[bagging_seed: 400]
[bagging_by_query: 0]
[feature_fraction: 0.9]
[feature_fraction_bynode: 1]
[feature_fraction_seed: 30056]
[extra_trees: 0]
[extra_seed: 12879]
[early_stopping_round: 0]
[early_stopping_min_delta: 0]
[first_metric_only: 0]
[max_delta_step: 0]
[lambda_l1: 0]
[lambda_l2: 1]
[linear_lambda: 0]
[min_gain_to_split: 0]
[drop_rate: 0.1]
[max_drop: 50]
[skip_drop: 0.5]
[xgboost_dart_mode: 0]
[uniform_drop: 0]
[drop_seed: 17869]
[top_rate: 0.2]
[other_rate: 0.1]
[min_data_per_group: 100]
[max_cat_threshold: 32]
[cat_l2: 10]
[cat_smooth: 10]
[max_cat_to_onehot: 4]
[top_k: 20]
[monotone_constraints: ]
[monotone_constraints_method: basic]
[monotone_penalty: 0]
[feature_contri: ]
[forcedsplits_filename: ]
[refit_decay_rate: 0.9]
[cegb_tradeoff: 1]
[cegb_penalty_split: 0]
[cegb_penalty_feature_lazy: ]
[cegb_penalty_feature_coupled: ]
[path_smooth: 0]
[interaction_constraints: ]
[verbosity: -1]
[saved_feature_importance_type: 0]
[use_quantized_grad: 0]
[num_grad_quant_bins: 4]
[quant_train_renew_leaf: 0]
[stochastic_rounding: 1]
[linear_tree: 0]
[max_bin: 255]
[max_bin_by_feature: ]
[min_data_in_bin: 3]
[bin_construct_sample_cnt: 200000]
[data_random_seed: 175]
[is_enable_sparse: 1]
[enable_bundle: 1]
[use_missing: 1]
[zero_as_missing: 0]
[feature_pre_filter: 1]
[pre_partition: 0]
[two_round: 0]
[header: 0]
[label_column: ]
[weight_column: ]
[group_column: ]
[ignore_column: ]
[categorical_feature: 0,1,3]
[forcedbins_filename: ]
[precise_float_parser: 0]
[parser_config_file: ]
[objective_seed: 16083]
[num_class: 1]
[is_unbalance: 0]
[scale_pos_weight: 1]
[sigmoid: 1]
[boost_from_average: 1]
[reg_sqrt: 0]
[alpha: 0.9]
[fair_c: 1]
[poisson_max_delta_step: 0.7]
[tweedie_variance_power: 1.5]
[lambdarank_truncation_level: 30]
[lambdarank_norm: 1]
[label_gain: ]
[lambdarank_position_bias_regularization: 0]
[eval_at: ]
[multi_error_top_k: 1]
[auc_mu_weights: ]
[num_machines: 1]
[local_listen_port: 12400]
[time_out: 120]
[machine_list_filename: ]
[machines: ]
[gpu_platform_id: -1]
[gpu_device_id: -1]
[gpu_device_id_list: ]
[gpu_use_dp: 0]
[num_gpu: 1]

end of parameters

pandas_categorical:[]
