tree
version=v4
num_class=1
num_tree_per_iteration=1
label_index=0
max_feature_idx=44
objective=binary sigmoid:1
feature_names=age_group gender month season day_of_year_sin day_of_year_cos weather_code_current temperature_mean_current temperature_max_current temperature_min_current humidity_mean_current humidity_max_current humidity_min_current wind_speed_mean_current wind_speed_max_current precipitation_sum_current rain_sum_current wind_gust_max_current rain_day_current temperature_mean_3d temperature_max_3d temperature_min_3d humidity_mean_3d humidity_max_3d humidity_min_3d wind_speed_mean_3d wind_speed_max_3d precipitation_sum_3d rain_sum_3d rain_days_3d rain_max_daily_3d wind_gust_max_3d temperature_mean_7d temperature_max_7d temperature_min_7d humidity_mean_7d humidity_max_7d humidity_min_7d wind_speed_mean_7d wind_speed_max_7d precipitation_sum_7d rain_sum_7d rain_days_7d rain_max_daily_7d wind_gust_max_7d
feature_infos=-1:0:1:2:3:4:5 -1:0:1 [1:12] -1:1:0 [-0.99999942202469239:0.99998555065071859] [-0.99997919295908244:0.9999907524084426] [0:61] [23.658332999999999:32.533332999999999] [25.899999999999999:39.200000000000003] [17.899999999999999:29.300000000000001] [48.958333000000003:91.625] [63:100] [23:86] [2.8541669999999999:19.695833] [6.4000000000000004:30.100000000000001] [0:63.100000000000001] [0:63.100000000000001] [14:56.899999999999999] [0:1] [23.766667000000002:32.427778000000004] [27.699999999999999:39.200000000000003] [17.899999999999999:28.100000000000001] [52.569443999999997:90.694444000000004] [73:100] [23:79] [4.125:17.329167000000002] [9.6999999999999993:30.100000000000001] [0:93.900000000000006] [0:93.900000000000006] [0:3] [0:63.100000000000001] [17.300000000000001:56.899999999999999] [24.365476000000001:32.235118999999997] [28.699999999999999:39.200000000000003] [17.899999999999999:27.5] [55.767856999999999:89.523809999999997] [77:100] [23:72] [4.5327380000000002:15.469643] [11.6:30.100000000000001] [0:163.90000000000001] [0:163.90000000000001] [0:7] [0:63.100000000000001] [23:56.899999999999999]
tree_sizes=1399 1284 1297 1520 1411 1515 1619 1514 1519 1409 1526 1406 1427 1720 1498 1514 1618 1530 1515 1737 1741 1619 1728 1733 1766 1715 1727 1724 1651 1732 1748 1727 1633 1734 1611 1645 1616 1647 1735 1623 1649 1615 1607 1726 1743 1713 1507 1716 1709 1522 1745 1508 1519 1518 1408 1492 1517 1535 1492 1506 1514 1530 1417 1527 1757 1419 1529 1422 1094 1108 1532 1101 1507 1129 1503 1543 1530 1076 1745 1116 1015 1759 1638 1425 1736 1103 1125 1428 1094 1526 1515 1743 1017 1751 1737 1126 1743 1129 1634 1745 1767 1114 1638 1769 921 1213 1610

Tree=0
num_leaves=12
num_cat=2
split_feature=0 2 34 26 33 5 1 32 4 5 4
split_gain=6091.49 185.96 240.693 194.192 45.8985 47.2387 14.5687 3.96819 2.58023 7.59558 0.074802
threshold=0 8.5000000000000018 20.350000000000005 14.65 31.050000000000004 -0.29342786347392819 1 26.340773500000001 0.074116354202380164 -0.71502926860092908 -0.51297808981038739
decision_type=1 2 2 2 2 2 1 2 2 2 2
left_child=8 2 7 -4 5 -3 -6 -2 9 10 -1
right_child=1 4 3 -5 6 -7 -8 -9 -10 -11 -12
leaf_value=-0.10311176100045313 -0.08430482687072044 -0.055221479716277021 -0.04554366192951731 0.012899463814640057 0.050911426048164711 0.023241752009356853 0.032985547881020143 -0.11722586041475061 -0.1312790785690657 -0.12864434802539793 -0.11678204174641538
leaf_weight=46.736429661512375 25.99245285987854 24.242960840463638 156.7044994533062 1492.0667651295662 258.92481887340546 83.475762069225311 264.42322236299515 25.242670565843582 619.5701023042202 370.89230811595917 123.71407851576805
leaf_count=187 104 97 627 5970 1036 334 1058 101 2479 1484 495
internal_value=-0.0341079 0.0124594 0.00401389 0.00734126 0.0358505 0.00555094 0.0419995 -0.101806 -0.127172 -0.124018 -0.113458
internal_weight=3491.99 2331.07 1700.01 1648.77 631.067 107.719 523.348 51.2351 1160.91 541.343 170.451
internal_count=13972 9327 6802 6597 2525 431 2094 205 4645 2166 682
cat_boundaries=0 1 2
cat_threshold=48 1
is_linear=0
shrinkage=1


Tree=1
num_leaves=11
num_cat=4
split_feature=0 1 0 2 0 2 34 33 4 5
split_gain=5606.09 175.351 134.526 106.994 87.014 63.4014 58.8394 32.618 1.77792 6.41507
threshold=0 1 2 8.5000000000000018 3 8.5000000000000018 21.700000000000006 31.050000000000004 0.074116354202380164 -0.71502926860092908
decision_type=1 1 1 2 1 2 2 2 2 2
left_child=8 2 6 4 -3 -4 -2 -5 9 -1
right_child=1 3 5 7 -6 -7 -8 -9 -10 -11
leaf_value=-0.076317092852921001 -0.029611351965359623 0.038021311702345052 0.061327891949112034 0.021063146433742651 0.0055486684333706481 0.092026106776142591 0.036030252438671341 0.063951462857076619 -0.092725168508162148 -0.090464505150573596
leaf_weight=170.4536641985178 38.72484016418457 420.43529039621353 638.14548037946224 54.98567795753479 421.43654863536358 236.86212450265884 250.69532379508018 258.92955821752548 616.58958831429482 368.72236600518227
leaf_count=684 155 1682 2553 220 1686 948 1003 1036 2477 1481
internal_value=0.000513925 0.0452917 0.059188 0.0316439 0.0223085 0.0689463 0.026271 0.0565298 -0.0889619 -0.0861415
internal_weight=3475.98 2320.21 1164.43 1155.79 841.872 875.008 289.42 313.915 1155.77 539.176
internal_count=13925 9283 4659 4624 3368 3501 1158 1256 4642 2165
cat_boundaries=0 1 2 3 4
cat_threshold=48 1 2 5
is_linear=0
shrinkage=0.05


Tree=2
num_leaves=11
num_cat=3
split_feature=0 1 0 2 26 2 34 5 5 2
split_gain=5095.71 171.816 122.913 104.652 107.633 57.9848 56.3127 27.4069 1.67651 4.1734
threshold=0 1 2 8.5000000000000018 14.950000000000001 8.5000000000000018 20.950000000000003 0.79773375822167203 -0.7444366621422277 6.5000000000000009
decision_type=1 1 1 2 2 2 2 2 2 2
left_child=8 2 6 4 -3 -4 -2 -5 9 -1
right_child=1 3 5 7 -6 -7 -8 -9 -10 -11
leaf_value=-0.088086383822072928 -0.051960248922259956 -0.029884668727133103 0.058201424282286876 0.043786220523742994 0.026216764668303506 0.087447238504929303 0.031884636583704988 0.076720335349054203 -0.087793280662980699 -0.073218703247285064
leaf_weight=146.19297571480274 20.720933094620705 95.475683569908142 640.71069902181625 222.29099053144455 759.94044414162636 238.87567038834095 272.03330375254154 92.323850065469742 853.97006779909134 158.32196147739887
leaf_count=592 83 382 2566 891 3041 960 1089 370 3458 639
internal_value=6.09308e-05 0.0424519 0.056166 0.0290369 0.0199275 0.0654905 0.0249443 0.0536632 -0.0852441 -0.0806214
internal_weight=3500.86 2342.37 1172.34 1170.03 855.416 879.586 292.754 314.615 1158.49 304.515
internal_count=14071 9382 4698 4684 3423 3526 1172 1261 4689 1231
cat_boundaries=0 1 2 3
cat_threshold=48 1 2
is_linear=0
shrinkage=0.05


Tree=3
num_leaves=13
num_cat=3
split_feature=0 0 4 32 38 1 34 4 4 38 4 4
split_gain=4593.66 160.032 101.24 100.935 80.3029 69.0116 40.1542 1.87108 1.47326 1.83816 0.459528 0.0790546
threshold=0 1 0.10837544681456417 26.643750000000001 14.349107500000001 2 24.850000000000005 0.074116354202380164 -0.70291267844185523 5.8008925000000007 -0.43733984355855576 -0.52766804058324157
decision_type=1 1 2 2 2 1 2 2 2 2 2 2
left_child=7 4 6 -4 5 -2 -3 8 9 -1 -10 -6
right_child=1 2 3 -5 11 -7 -8 -9 10 -11 -12 -13
leaf_value=-0.065655787175614641 0.067575578711355444 0.044807736661183949 -0.053870835124774946 0.01883506437185915 -0.048573472271087617 0.04300395639871378 -0.025947705066145795 -0.085303302560793118 -0.068782937715384157 -0.085901976359313972 -0.078530537370517101 -0.089811463746783934
leaf_weight=31.502365931868553 578.38516327738762 534.14125961065292 51.151882469654083 567.04605992138386 5.2342629879713058 582.88891860842705 20.215561851859093 603.70189118385315 116.44910721480846 210.25997726619244 178.37186022102833 5.7335199564695341
leaf_count=129 2328 2146 205 2272 21 2337 81 2474 475 861 728 23
internal_value=0.000184332 0.0401868 0.0264607 0.0127418 0.0535429 0.0552897 0.0421854 -0.0816734 -0.0789576 -0.0835452 -0.0749259 -0.0758342
internal_weight=3485.08 2344.8 1172.55 618.198 1172.24 1161.27 554.357 1140.29 536.583 241.762 294.821 10.9678
internal_count=14080 9413 4704 2477 4709 4665 2227 4667 2193 990 1203 44
cat_boundaries=0 1 2 3
cat_threshold=48 5 1
is_linear=0
shrinkage=0.05


Tree=4
num_leaves=12
num_cat=3
split_feature=0 1 0 2 26 44 2 34 4 5 4
split_gain=4176.5 143.131 102.016 87.1329 87.207 84.1032 61.0039 56.3703 1.81704 5.26342 0.185064
threshold=0 1 2 7.5000000000000009 14.950000000000001 48.050000000000004 8.5000000000000018 20.250000000000004 0.074116354202380164 -0.71502926860092908 -0.51297808981038739
decision_type=1 1 1 2 2 2 2 2 2 2 2
left_child=8 2 7 4 -3 -5 -4 -2 9 10 -1
right_child=1 3 6 5 -6 -7 -8 -9 -10 -11 -12
leaf_value=-0.058223264189830683 -0.087143386753659832 -0.031732301648640493 0.051658833520573988 0.049635581332684142 0.021782519057772134 -0.049869513785261443 0.081675144874568562 0.027436173299353807 -0.082301608885025565 -0.080074474840389473 -0.070218357774469761
leaf_weight=46.76851886510849 10.197026342153547 84.952359303832054 632.69780030846596 391.40180037915707 671.69202555716038 21.671617060899734 237.44429589807987 285.02146953344345 597.38098545372486 356.46088938415051 123.05393560230732
leaf_count=192 41 340 2551 1577 2693 87 969 1144 2485 1480 507
internal_value=-2.52462e-06 0.0380868 0.0506556 0.0258576 0.0157402 0.0443073 0.0592538 0.0224401 -0.0787575 -0.0760798 -0.0672751
internal_weight=3458.74 2335.08 1165.36 1169.72 756.644 413.073 870.142 295.218 1123.66 526.283 169.822
internal_count=14066 9402 4705 4697 3033 1664 3520 1185 4664 2179 699
cat_boundaries=0 1 2 3
cat_threshold=48 1 2
is_linear=0
shrinkage=0.05


Tree=5
num_leaves=13
num_cat=3
split_feature=0 0 4 32 38 6 34 4 5 38 38 1
split_gain=3816.64 142.081 90.3739 90.1152 68.9383 72.7634 37.1307 1.6662 4.81117 2.47978 1.34595 0.414857
threshold=0 1 -0.24372957273992743 26.964285500000003 14.349107500000001 2.5000000000000004 24.850000000000005 0.074116354202380164 -0.71502926860092908 6.5821430000000012 6.2892860000000015 2
decision_type=1 1 2 2 2 2 2 2 2 2 2 1
left_child=7 4 6 -4 5 -2 -3 8 9 -1 -10 -6
right_child=1 2 3 -5 11 -7 -8 -9 10 -11 -12 -13
leaf_value=-0.044933709163608088 0.02727674423972164 0.044817336239690829 -0.027649635812921278 0.020397856079535884 -0.043524757088246539 0.05740433944639433 -0.025655770198966095 -0.079702719049145082 -0.068452226285400972 -0.067813069667861978 -0.080219028141234883 -0.084383617000468564
leaf_weight=22.063849478960037 262.57597680389881 412.62281295657158 115.03802296519279 615.57854527235031 5.480722248554228 886.56028924882412 18.958245381712914 582.38311906158924 89.405088424682617 142.79650324583054 265.60564747452736 5.7486459612846375
leaf_count=92 1062 1672 463 2474 22 3597 76 2466 377 595 1122 23
internal_value=-5.20937e-05 0.0362886 0.0233498 0.0128052 0.0489068 0.0505499 0.0416695 -0.0762271 -0.0736514 -0.0650404 -0.0774563 -0.0696313
internal_weight=3424.82 2322.56 1162.2 730.617 1160.37 1149.14 431.581 1102.25 519.871 164.86 355.011 11.2294
internal_count=14041 9389 4685 2937 4704 4659 1748 4652 2186 687 1499 45
cat_boundaries=0 1 2 3
cat_threshold=48 5 1
is_linear=0
shrinkage=0.05


Tree=6
num_leaves=14
num_cat=2
split_feature=36 34 33 34 8 40 36 1 35 1 26 5 4
split_gain=84.9493 145.744 133.327 119.287 65.6865 54.0176 51.1449 50.1311 39.386 25.8478 24.6399 21.5365 1.50938
threshold=96.500000000000014 24.550000000000004 33.95000000000001 20.350000000000005 33.150000000000013 56.000000000000007 99.500000000000014 0 86.050595000000015 1 14.65 0.36447543099728857 0.74443451080969758
decision_type=2 2 2 2 2 2 2 1 2 1 2 2 2
left_child=3 7 5 12 8 -3 -4 10 -5 -6 -2 -9 -1
right_child=1 2 6 4 9 -7 -8 11 -10 -11 -12 -13 -14
leaf_value=-0.080234618316012696 0.0032341374099882077 -0.082959871785097838 0.016867180878227108 -0.033994084472353407 0.010099205700718324 -0.025794662037733236 -0.070499033245429776 -0.0028757892618419146 0.041487027503733627 -0.008938157105633537 0.022270469415287392 0.012282540791344117 -0.054492746672637898
leaf_weight=51.945835456252098 216.88849623501301 89.547694772481918 144.32570998370647 242.88852699100971 355.9029046446085 78.382192865014076 17.941864266991615 662.81359121203423 17.767588034272194 355.3004395365715 791.41908733546734 361.22699436545372 17.942597001791
leaf_count=214 904 369 596 1000 1475 323 74 2730 73 1463 3292 1496 74
internal_value=2.23135e-05 0.00526696 -0.0254942 -0.0118655 -0.00729025 -0.0565883 0.0068345 0.0102748 -0.02871 0.000589391 0.018183 0.00247803 -0.0744878
internal_weight=3404.29 2362.55 330.197 1041.75 971.859 167.93 162.268 2032.35 260.656 711.203 1008.31 1024.04 69.8884
internal_count=14083 9784 1362 4299 4011 692 670 8422 1073 2938 4196 4226 288
cat_boundaries=0 1 2
cat_threshold=1 1
is_linear=0
shrinkage=0.05


Tree=7
num_leaves=13
num_cat=3
split_feature=0 0 44 1 34 5 4 34 4 5 38 38
split_gain=3534.74 132.803 76.8638 75.3495 70.2191 69.3738 68.4967 56.9898 1.3462 5.03415 2.92203 2.59977
threshold=0 1 46.250000000000007 2 21.050000000000004 0.36447543099728857 0.98372640911059162 20.250000000000004 0.074116354202380164 -0.71502926860092908 6.5821430000000012 5.8788690000000008
decision_type=1 1 2 1 2 2 2 2 2 2 2 2
left_child=8 2 7 4 -3 -4 -5 -2 9 10 -1 -11
right_child=1 3 5 6 -6 -7 -8 -9 -10 11 -12 -13
leaf_value=-0.042097864656478606 -0.0086074960840239259 -0.020150761135279572 0.021938004313477231 0.01450111301066025 0.040873915713180185 -0.10353113859211671 -0.05480438976803597 0.054338563437728631 -0.077107314703031643 -0.058351550526323959 -0.065718253844188931 -0.077204253416196189
leaf_weight=22.363000929355621 37.047699153423309 51.149162381887436 101.78521850705147 544.50392806529999 528.87538948655128 11.34535790979862 37.167803570628166 990.62958014011383 579.50906704366207 37.474272817373276 144.14439299702644 307.33898822963238
leaf_count=94 151 207 414 2195 2147 46 149 4045 2508 160 610 1320
internal_value=-0.000110445 0.0349941 0.0473456 0.0225343 0.0354671 0.00855839 0.00998616 0.0520632 -0.073817 -0.0713855 -0.0628161 -0.07533
internal_weight=3393.33 2302.5 1140.81 1161.7 580.025 113.131 581.672 1027.68 1090.83 511.321 166.507 344.813
internal_count=14046 9354 4656 4698 2354 460 2344 4196 4692 2184 704 1480
cat_boundaries=0 1 2 3
cat_threshold=48 5 1
is_linear=0
shrinkage=0.05


Tree=8
num_leaves=13
num_cat=3
split_feature=0 1 0 36 34 20 2 34 5 4 36 38
split_gain=3225.39 124.915 95.1202 72.2279 82.9839 79.1359 53.8676 40.0852 2.21816 5.62007 2.67587 0.553954
threshold=0 1 2 96.500000000000014 24.450000000000003 33.550000000000004 8.5000000000000018 20.250000000000004 -0.7444366621422277 0.039769539193789956 99.500000000000014 6.2392855000000003
decision_type=1 1 1 2 2 2 2 2 2 2 2 2
left_child=8 2 7 5 -5 -3 -4 -2 9 10 -1 -10
right_child=1 3 6 4 -6 -7 -8 -9 11 -11 -12 -13
leaf_value=-0.063317647540129363 -0.079998715989213029 -0.039725880531030273 0.046272584294424525 0.037305473532806346 -0.0052649202056066742 0.015855766727060554 0.075048600621387046 0.021940381968371968 -0.065953051831760756 -0.075450604721316025 -0.044017053360998683 -0.075134950257508978
leaf_weight=118.07453612983227 9.0217590779066068 82.513473987579346 627.89858198165894 662.93981143832207 138.05108740925789 273.68863262236118 224.79052241146564 279.85479016602039 91.42754453420639 130.19219201803207 34.468221098184586 692.62539759278297
leaf_count=508 37 332 2577 2696 556 1103 951 1133 399 576 147 3056
internal_value=-0.00021685 0.0331119 0.044992 0.0216495 0.029971 0.00290523 0.0533132 0.0178751 -0.0716381 -0.0669613 -0.0592716 -0.0741496
internal_weight=3365.55 2298.76 1141.57 1157.19 800.991 356.202 852.689 288.877 1066.79 282.735 152.543 784.053
internal_count=14071 9385 4698 4687 3252 1435 3528 1170 4686 1231 655 3455
cat_boundaries=0 1 2 3
cat_threshold=48 1 2
is_linear=0
shrinkage=0.05


Tree=9
num_leaves=12
num_cat=3
split_feature=0 0 1 34 4 2 36 44 5 4 4
split_gain=2973.96 121.334 89.5551 70.739 53.5575 40.8112 58.3946 32.7019 1.36013 4.59202 0.169272
threshold=0 1 2 21.050000000000004 0.10837544681456417 1.5000000000000002 96.500000000000014 46.250000000000007 -0.7444366621422277 0.022575936829235404 -0.51297808981038739
decision_type=1 1 1 2 2 2 2 2 2 2 2
left_child=8 5 3 -3 -4 6 -2 -7 9 10 -1
right_child=1 2 4 -5 -6 7 -8 -9 -10 -11 -12
leaf_value=-0.049674153350363244 -0.042254268277272272 -0.0098297798116939936 0.026701718344604913 0.041073949708871627 0.0020106440279431094 0.061821905144662383 0.061511304383063514 0.019591952493071305 -0.07205238304474762 -0.073271281098269775 -0.060991414141698376
leaf_weight=40.141106858849525 25.578426465392113 74.48295921087265 418.91797986626625 771.70396734774113 460.81514975428581 456.90505392849445 26.722460702061653 52.241088554263115 763.3087717294693 132.24130874872208 104.22087666392326
leaf_count=174 104 305 1712 3193 1856 1896 110 214 3444 599 456
internal_value=-6.70907e-05 0.0317926 0.0248354 0.036587 0.0137852 0.052291 0.0109228 0.0575358 -0.0697435 -0.0656476 -0.0582079
internal_weight=3327.28 2287.37 1725.92 846.187 879.733 561.447 52.3009 509.146 1039.91 276.603 144.362
internal_count=14063 9390 7066 3498 3568 2324 214 2110 4673 1229 630
cat_boundaries=0 1 2 3
cat_threshold=48 1 1
is_linear=0
shrinkage=0.05


Tree=10
num_leaves=13
num_cat=1
split_feature=0 2 34 26 33 5 44 32 5 4 24 38
split_gain=2738.56 109.711 177.785 176.663 27.1853 44.5937 10.2886 3.89239 3.34839 6.72018 6.12793 1.64691
threshold=0 8.5000000000000018 20.350000000000005 14.65 31.050000000000004 -0.29342786347392819 48.050000000000004 26.086309500000002 -0.7444366621422277 0.074116354202380164 66.500000000000014 5.9175595000000003
decision_type=1 2 2 2 2 2 2 2 2 2 2 2
left_child=8 2 7 -4 5 -3 -6 -2 9 10 -1 -10
right_child=1 4 3 -5 6 -7 -8 -9 11 -11 -12 -13
leaf_value=-0.043393019797208311 -0.034613023552149659 -0.035905538017835241 -0.023103530570955703 0.032656991973965821 0.055358879534226406 0.042792606777602202 0.007335201824295548 -0.073139848624757628 -0.056862224939457973 -0.072024336736562597 -0.065120305364035319 -0.071203806807305967
leaf_weight=77.697977378964424 11.129098013043402 22.254705250263214 156.56087443232536 1466.6522633433342 481.42038178443909 80.765014111995697 11.754020184278486 41.021453380584717 46.046463847160339 116.86004512012005 75.090827405452728 697.32330849766731
leaf_count=345 45 92 635 6015 2040 338 49 166 209 545 334 3231
internal_value=0.000305019 0.030781 0.0243358 0.0272679 0.049337 0.0256102 0.0542315 -0.065724 -0.0676328 -0.0622903 -0.0544253 -0.070393
internal_weight=3284.58 2271.56 1675.36 1623.21 596.194 103.02 493.174 52.1506 1013.02 269.649 152.789 743.37
internal_count=14044 9380 6861 6650 2519 430 2089 211 4664 1224 679 3440
cat_boundaries=0 1
cat_threshold=48
is_linear=0
shrinkage=0.05


Tree=11
num_leaves=12
num_cat=3
split_feature=0 0 44 5 1 34 6 4 5 4 24
split_gain=2561.1 118.136 63.8427 59.3647 59.2271 66.726 57.9857 54.4956 2.38302 5.00253 5.62419
threshold=0 1 46.600000000000001 0.36447543099728857 2 21.700000000000006 2.5000000000000004 0.98372640911059162 -0.7444366621422277 0.074116354202380164 66.500000000000014
decision_type=1 1 2 2 1 2 2 2 2 2 2
left_child=8 2 6 -4 5 -3 -2 -6 9 10 -1
right_child=1 4 3 -5 7 -7 -8 -9 -10 -11 -12
leaf_value=-0.043934854692108637 0.023379276306891131 -0.014116886319694454 0.017322724140433478 -0.10161553255991727 0.010619107506187539 0.036107819693251761 0.051996965150924362 -0.051611764342730751 -0.068975628074892853 -0.070470156655276214 -0.064915627540400353
leaf_weight=76.891074985265732 232.4772015362978 75.871260806918144 89.181757181882858 10.873472660779951 534.87787120044231 490.3320821672678 775.88945683836937 36.663851425051689 728.60400560498238 113.45274420082569 75.90681816637516
leaf_count=346 966 312 369 44 2178 2039 3280 147 3464 544 345
internal_value=-5.93778e-05 0.0295115 0.0412803 0.00351951 0.0177606 0.0293647 0.0454289 0.00654388 -0.0664161 -0.0616653 -0.054712
internal_weight=3241.02 2246.17 1108.42 100.055 1137.75 566.203 1008.37 571.542 994.855 266.251 152.798
internal_count=14034 9335 4659 413 4676 2351 4246 2325 4699 1235 691
cat_boundaries=0 1 2 3
cat_threshold=48 5 1
is_linear=0
shrinkage=0.05


Tree=12
num_leaves=12
num_cat=2
split_feature=0 0 4 38 6 34 34 5 4 36 38
split_gain=2307.87 106.416 63.9119 60.7511 57.0752 50.3547 30.7641 2.75916 6.38502 4.58557 0.415837
threshold=0 1 -0.22701068973476937 14.349107500000001 2.5000000000000004 21.050000000000004 24.850000000000005 -0.7444366621422277 0.039769539193789956 99.500000000000014 6.2892860000000015
decision_type=1 1 2 2 2 2 2 2 2 2 2
left_child=7 3 6 4 -2 -4 -3 8 9 -1 -9
right_child=1 2 5 -5 -6 -7 -8 10 -10 -11 -12
leaf_value=-0.056574685222832911 0.019605124237479166 0.035141703838819212 -0.029027962924977609 -0.073555292129580993 0.046710288042528386 0.012323030158904746 -0.027588147309586326 -0.060062181739707815 -0.068828048111584952 -0.032920874569503537 -0.068369009799746333
leaf_weight=106.60433721542358 255.44450058043003 399.07901249825954 82.409803688526154 10.941889986395834 838.4486983269453 628.78898958861828 19.838066086173058 92.080195158720016 118.19940711557865 31.870427384972572 607.6738995462656
leaf_count=494 1064 1676 335 44 3579 2568 80 442 582 144 2981
internal_value=-0.00012364 0.0276873 0.0164964 0.0388589 0.0404044 0.00749747 0.0321125 -0.064686 -0.0596648 -0.0514057 -0.0673632
internal_weight=3191.38 2234.95 1130.12 1104.84 1093.89 711.199 418.917 956.428 256.674 138.475 699.754
internal_count=13989 9346 4659 4687 4643 2903 1756 4643 1220 638 3423
cat_boundaries=0 1 2
cat_threshold=48 5
is_linear=0
shrinkage=0.05


Tree=13
num_leaves=15
num_cat=4
split_feature=0 1 0 0 34 34 34 36 5 38 36 24 17 25
split_gain=2158.01 118.348 87.8091 56.6214 37.449 35.6427 35.433 30.0228 1.85255 1.50515 1.25919 2.39301 0.721394 0.707908
threshold=0 1 2 3 20.250000000000004 20.250000000000004 25.350000000000005 96.500000000000014 -0.7444366621422277 5.9175595000000003 99.500000000000014 58.500000000000007 17.450000000000006 5.8951385000000007
decision_type=1 1 1 1 2 2 2 2 2 2 2 2 2 2
left_child=8 2 5 6 -4 -2 -3 -5 10 13 -1 -12 -11 -10
right_child=1 3 4 7 -6 -7 -8 -9 9 12 11 -13 -14 -15
leaf_value=-0.061454030038657487 -0.07835260602225913 0.023234123703013629 -0.0095252591775914636 -0.012733636391698305 0.049082685018971194 0.016356229699207674 0.070493939100013683 0.011747908952953075 -0.057511513493100491 -0.041358050876170165 -0.017052346631963994 -0.052950549733958165 -0.067015094562061381 -0.034848228519070205
leaf_weight=196.18993903696537 9.3286708146333677 516.93168787658215 27.922841683030128 181.65958261489868 788.31829100847244 272.47418664395809 42.330292344093323 397.59675511717796 31.997789308428764 8.6384697258472425 6.5043053776025763 45.467123061418533 635.96022298932076 10.871081709861754
leaf_count=962 39 2168 117 732 3421 1127 176 1633 156 43 30 217 3212 53
internal_value=-0.000166236 0.0265065 0.0383334 0.0153091 0.0464996 0.0125126 0.0264584 0.00399277 -0.0634911 -0.0659378 -0.0590242 -0.0488646 -0.0667359 -0.0526897
internal_weight=3172.19 2236.56 1098.04 1138.52 816.241 281.803 559.262 579.256 935.629 687.468 248.161 51.9714 644.599 42.8689
internal_count=14086 9413 4704 4709 3538 1166 2344 2365 4673 3464 1209 247 3255 209
cat_boundaries=0 1 2 3 4
cat_threshold=48 1 2 5
is_linear=0
shrinkage=0.05


Tree=14
num_leaves=13
num_cat=3
split_feature=0 0 2 26 36 34 34 1 4 5 24 38
split_gain=1992.93 98.9 76.6442 133.118 36.2973 49.016 22.0906 18.0478 2.51749 4.96253 4.32888 2.65495
threshold=0 1 9.5000000000000018 14.65 98.500000000000014 20.350000000000005 24.750000000000004 2 0.074116354202380164 -0.71502926860092908 66.500000000000014 5.8788690000000008
decision_type=1 1 2 2 2 2 2 1 2 2 2 2
left_child=8 4 3 -3 5 -2 -6 -4 9 10 -1 -11
right_child=1 2 7 -5 6 -7 -8 -9 -10 11 -12 -13
leaf_value=-0.040603864385946618 -0.057024660643231556 -0.033467941479652166 0.05290537432817799 0.019209570535232662 0.063061471430669092 0.037561138022583158 2.1986957529059381e-05 0.029095936426665966 -0.065876838438652247 -0.04622823005264836 -0.059722631027438355 -0.065229041902923293
leaf_weight=72.317529544234276 13.524350970983503 132.17474727332592 161.6965054422617 1212.0123874843121 231.14006564021111 283.52158287167549 14.782709866762159 166.5358961224556 472.11314786970615 32.214575260877609 71.801958069205284 258.07643999159336
leaf_count=344 55 543 720 5061 1025 1214 63 710 2474 160 350 1333
internal_value=-3.27297e-05 0.0255232 0.0192029 0.0140087 0.044223 0.0330778 0.0592875 0.0409502 -0.062044 -0.0591618 -0.050475 -0.0632864
internal_weight=3121.91 2215.39 1672.42 1344.19 542.969 297.046 245.923 328.232 906.524 434.411 144.119 290.291
internal_count=14052 9391 7034 5604 2357 1269 1088 1430 4661 2187 694 1493
cat_boundaries=0 1 2 3
cat_threshold=48 1 1
is_linear=0
shrinkage=0.05


Tree=15
num_leaves=13
num_cat=3
split_feature=0 1 0 2 26 2 40 33 4 5 37 5
split_gain=1860.35 92.0807 83.6613 54.0674 85.9568 51.6266 36.0133 27.933 2.95241 6.18639 3.72164 0.187741
threshold=0 1 2 8.5000000000000018 14.950000000000001 8.5000000000000018 32.850000000000009 31.050000000000004 0.074116354202380164 -0.71502926860092908 66.500000000000014 0.26659387353423863
decision_type=1 1 1 2 2 2 2 2 2 2 2 2
left_child=8 2 6 4 -3 -4 -2 -5 9 10 -1 -11
right_child=1 3 5 7 -6 -7 -8 -9 -10 11 -12 -13
leaf_value=-0.042074990156729442 -0.0084513087475550988 -0.035565346113436917 0.036385467410835141 -0.00024270391729347068 0.01409665054233503 0.065909195360314116 0.027429921350455629 0.040260926647890542 -0.064549492450423504 -0.066174196586651343 -0.062206368243058099 -0.058333627457768322
leaf_weight=102.57668672502041 131.69363036751747 97.919903144240379 595.7098246216774 51.60372506082058 732.02469676733017 199.8630828410387 147.23178054392338 241.7439206391573 467.7276771068573 125.66413763165474 38.50086784362793 155.76414772868156
leaf_count=501 545 396 2586 218 3022 942 617 1049 2533 670 193 822
internal_value=-4.1309e-05 0.0246607 0.0352347 0.014743 0.0082016 0.0433318 0.0101562 0.0331592 -0.0605812 -0.0574767 -0.0479681 -0.0620565
internal_weight=3088.02 2197.79 1074.5 1123.29 829.945 795.573 278.925 293.348 890.234 422.506 141.078 281.428
internal_count=14094 9375 4690 4685 3418 3528 1162 1267 4719 2186 694 1492
cat_boundaries=0 1 2 3
cat_threshold=48 1 2
is_linear=0
shrinkage=0.05


Tree=16
num_leaves=14
num_cat=3
split_feature=0 1 0 36 34 34 2 34 5 4 24 38 5
split_gain=1717 95.7388 82.7099 50.7189 71.1515 67.5724 46.0174 27.744 3.82259 7.76303 4.87617 1.64296 1.25331
threshold=0 1 2 96.500000000000014 21.050000000000004 24.450000000000003 8.5000000000000018 21.700000000000006 -0.71502926860092908 0.074116354202380164 69.500000000000014 6.2392855000000003 0.90438663683299525
decision_type=1 1 1 2 2 2 2 2 2 2 2 2 2
left_child=8 2 7 4 -3 -5 -4 -2 9 10 -1 12 -10
right_child=1 3 6 5 -6 -7 -8 -9 11 -11 -12 -13 -14
leaf_value=-0.039171386341071118 -0.031108182573022853 -0.05797193892567 0.036044499445471799 0.027719265485961861 0.0068780390516710692 -0.010691684558970451 0.064027070669471081 0.016030657954939406 -0.045547665039399048 -0.06454338282645021 -0.061968937928767544 -0.063625865724710837 -0.063711002549649717
leaf_weight=105.47669419646263 34.794061169028282 47.991129621863365 586.54784366488457 633.65789638459682 308.57495325803757 139.1380640566349 199.16893921792507 245.77378734946251 48.898806512355804 104.20223864912987 35.867064401507378 537.91572463512421 26.696204274892807
leaf_count=525 143 195 2573 2693 1268 571 963 1030 259 584 185 2997 145
internal_value=0.000211992 0.0236647 0.0345143 0.013609 -0.001988 0.0207987 0.0426677 0.00974887 -0.0592741 -0.0537245 -0.0453511 -0.0623688 -0.0527101
internal_weight=3054.7 2195.65 1066.28 1129.36 356.566 772.796 785.717 280.568 859.057 245.546 141.344 613.511 75.595
internal_count=14131 9436 4709 4727 1463 3264 3536 1173 4695 1294 710 3401 404
cat_boundaries=0 1 2 3
cat_threshold=48 1 2
is_linear=0
shrinkage=0.05


Tree=17
num_leaves=13
num_cat=2
split_feature=0 6 5 44 39 0 6 23 4 5 44 44
split_gain=1579.15 97.3281 116.926 99.1482 98.7695 62.9601 59.0559 48.9416 3.28829 6.12091 5.90402 2.31144
threshold=0 2.5000000000000004 -0.83375966452616657 48.050000000000004 26.650000000000002 1 1.5000000000000002 98.500000000000014 0.039769539193789956 -0.71502926860092908 46.250000000000007 34.000000000000007
decision_type=1 2 2 2 2 1 2 2 2 2 2 2
left_child=8 2 7 5 -5 -3 -4 -2 9 10 -1 -11
right_child=1 3 6 4 -6 -7 -8 -9 -10 11 -12 -13
leaf_value=-0.037351512458296807 -0.084472961883280628 0.049999082599606053 0.018387532128150013 -0.070556703389826878 0.023179949402840152 0.02511343400150319 -0.036670189267076096 0.043806331135428991 -0.062458136939243319 -0.052115885362384429 -0.06176489809031166 -0.064345516798977459
leaf_weight=90.698968052864075 46.820552065968513 368.45886518061161 394.73455907404423 47.929254531860352 65.198284134268761 1175.3159770071507 54.597577065229416 8.1601722687482816 443.67575946450233 102.87158739566803 39.651342317461967 155.07209913432598
leaf_count=460 194 1679 1675 201 276 5069 229 34 2569 575 209 882
internal_value=-0.000240016 0.0223029 0.00316544 0.0282569 -0.0168041 0.0315677 0.011631 -0.0649915 -0.0583241 -0.0549503 -0.0451915 -0.0596883
internal_weight=2993.18 2161.22 504.313 1656.9 113.128 1543.77 449.332 54.9807 831.97 388.294 130.35 257.944
internal_count=14052 9357 2132 7225 477 6748 1904 228 4695 2126 669 1457
cat_boundaries=0 1 2
cat_threshold=48 1
is_linear=0
shrinkage=0.05


Tree=18
num_leaves=13
num_cat=3
split_feature=0 0 2 26 2 36 44 1 4 5 43 38
split_gain=1491.7 89.6956 71.4673 103.818 37.6881 48.3474 22.3384 13.2733 3.18377 5.86599 5.25812 2.48995
threshold=0 1 9.5000000000000018 14.950000000000001 1.5000000000000002 96.500000000000014 46.250000000000007 2 0.074116354202380164 -0.71502926860092908 32.250000000000007 5.9175595000000003
decision_type=1 1 2 2 2 2 2 1 2 2 2 2
left_child=8 4 3 -3 5 -2 -6 -4 9 10 -1 -11
right_child=1 2 7 -5 6 -7 -8 -9 -10 11 -12 -13
leaf_value=-0.047326829188406361 -0.049973744142494052 -0.027706066002604612 0.047895954560148099 0.015761103523553806 0.048815170829597132 0.04678249156026737 0.013138472164442486 0.026890886952350614 -0.061910885171308452 -0.043234425593889743 -0.0022563258798892647 -0.061337056592070775
leaf_weight=127.11577582359314 24.377996847033501 154.93382488191128 151.59845149517059 1157.090102314949 417.05297116935253 25.281484425067902 50.0133276283741 159.98883861303329 418.52459527552128 33.189400404691696 6.9237133562564841 221.28557655215263
leaf_count=667 102 643 718 4918 1917 113 216 704 2515 183 36 1302
internal_value=-0.000189102 0.0216653 0.0156431 0.010611 0.039867 -0.000764323 0.0450312 0.0372311 -0.0576584 -0.0544105 -0.0450327 -0.0591545
internal_weight=2947.38 2140.34 1623.61 1312.02 516.726 49.6595 467.066 311.587 807.039 388.514 134.039 254.475
internal_count=14034 9331 6983 5561 2348 215 2133 1422 4703 2188 703 1485
cat_boundaries=0 1 2 3
cat_threshold=48 1 1
is_linear=0
shrinkage=0.05


Tree=19
num_leaves=15
num_cat=2
split_feature=34 36 34 39 34 33 37 1 19 2 37 44 38 1
split_gain=61.4454 81.9197 53.0859 159.915 75.9002 69.8589 58.2208 39.2926 24.9753 24.5257 8.00802 6.43491 2.43116 1.2562
threshold=21.050000000000004 95.500000000000014 24.450000000000003 19.050000000000004 25.150000000000002 33.95000000000001 25.500000000000004 0 27.893750000000004 1.5000000000000002 31.500000000000004 33.300000000000004 6.0776785000000002 1
decision_type=2 2 2 2 2 2 2 1 2 2 2 2 2 1
left_child=1 8 6 4 -4 -5 -2 -8 10 11 -1 -3 -11 -10
right_child=2 9 3 5 -6 -7 7 -9 13 12 -12 -13 -14 -15
leaf_value=-0.053272150754374095 -0.083737004367471099 -0.03193208100253269 -0.07179962461429866 -0.019977690392273012 0.0054449481269429056 0.018312040098174342 0.014564948199974878 0.00036763781171110217 0.036040325221064581 -0.0039234454717986022 -0.087340066411541906 0.012251402529053032 0.018825982252324562 0.00016652149039662141
leaf_weight=67.741493716835976 16.722427412867546 50.040160238742828 123.8308928757906 187.88788236677647 42.492367699742317 321.61539806425571 952.96483059227467 996.4543215483427 4.7576721757650358 13.29912133514881 28.755090370774269 9.2761484980583173 82.729307129979134 4.2516190260648727
leaf_count=318 78 234 583 875 202 1542 4757 4727 23 65 135 44 405 20
internal_value=5.13667e-05 -0.023052 0.0023403 -0.00973927 -0.0521505 0.00418059 0.00649528 0.00731184 -0.0568272 0.000104022 -0.0642158 -0.0249339 0.0156674 0.0208189
internal_weight=2902.82 260.851 2641.97 675.827 166.323 509.503 1966.14 1949.42 105.506 155.345 96.4966 59.3163 96.0284 9.00929
internal_count=14008 1244 12764 3202 785 2417 9562 9484 496 748 453 278 470 43
cat_boundaries=0 1 2
cat_threshold=1 1
is_linear=0
shrinkage=0.05


Tree=20
num_leaves=15
num_cat=1
split_feature=0 36 34 33 32 44 26 4 5 4 24 38 17 5
split_gain=1386.14 85.2547 144.695 168.888 126.614 71.6809 56.2732 27.3411 3.23535 6.76564 4.59049 1.17613 1.29657 1.24314
threshold=0 96.500000000000014 24.550000000000004 33.95000000000001 26.738393000000006 45.20000000000001 14.65 0.22700754078277599 -0.71502926860092908 0.074116354202380164 66.500000000000014 5.9175595000000003 17.450000000000006 0.26659387353423863
decision_type=1 2 2 2 2 2 2 2 2 2 2 2 2 2
left_child=8 4 6 -4 7 -6 -3 -2 9 10 -1 13 -13 -10
right_child=1 2 3 -5 5 -7 -8 -9 11 -11 -12 12 -14 -15
leaf_value=-0.03279734750880766 0.0265244609388137 0.014025125819914903 -0.053122796067003264 0.034583765644364675 0.021741919351501833 -0.02175559356758593 0.040014249039069125 -0.072083640368683907 -0.060430889192450737 -0.061868205316087749 -0.053167703494689571 -0.031743813341337468 -0.060892766599516514 -0.036165492335074788
leaf_weight=65.624194353818893 7.4993037432432166 266.23608906567097 109.68775701522827 107.92569690942764 494.36386740207672 116.2503814548254 980.4542333483696 56.020044639706612 13.448569089174269 94.174562469124794 60.815035209059715 7.2524700462818137 508.62090016901493 22.110696896910667
leaf_count=342 31 1190 458 464 2123 486 4414 231 76 589 337 43 3141 125
internal_value=0.000301787 0.0210482 0.0279172 -0.00966538 0.00642027 0.0134387 0.0344798 -0.060211 -0.0566545 -0.0512601 -0.0429354 -0.0597415 -0.0605452 -0.0467446
internal_weight=2910.48 2138.44 1464.3 217.613 674.134 610.614 1246.69 63.5193 772.046 220.614 126.439 551.433 515.873 35.5593
internal_count=14050 9397 6526 922 2871 2609 5604 262 4653 1268 679 3385 3184 201
cat_boundaries=0 1
cat_threshold=48
is_linear=0
shrinkage=0.05


Tree=21
num_leaves=14
num_cat=3
split_feature=0 0 2 26 2 36 34 1 4 5 44 44 23
split_gain=1244.11 84.1279 52.4828 116.986 38.129 41.9476 20.9482 16.4751 4.56901 7.27584 6.15846 3.0367 0.060595
threshold=0 1 9.5000000000000018 14.950000000000001 1.5000000000000002 96.500000000000014 24.550000000000004 2 0.074116354202380164 -0.71502926860092908 46.250000000000007 34.000000000000007 80.500000000000014
decision_type=1 1 2 2 2 2 2 1 2 2 2 2 2
left_child=8 4 3 -3 5 -2 -6 -4 9 10 -1 -11 -10
right_child=1 2 7 -5 6 -7 -8 -9 12 11 -12 -13 -14
leaf_value=-0.033009628668755252 -0.046192716184535271 -0.030765972871957894 0.044249767605935859 0.014782408243549148 0.048213024482270855 0.043449742551332 0.022648814954012584 0.020857941748532227 -0.044526848719233784 -0.04840175615204359 -0.058653641006471961 -0.061957278628107029 -0.060571556728758906
leaf_weight=89.092101320624352 26.357514798641205 159.41524554789066 147.57999356091022 1164.8155637979507 351.04998511075974 23.959490209817886 107.3744363039732 159.53200931847095 14.177809461951254 98.986952722072601 35.373641580343246 140.98731330037117 370.1588623970747
leaf_count=480 110 661 723 5007 1670 110 478 715 92 605 203 887 2398
internal_value=-0.000149348 0.0192786 0.0135302 0.00928007 0.0370352 -0.00349269 0.0422876 0.0322058 -0.0551498 -0.0512917 -0.0407072 -0.0565898 -0.0600968
internal_weight=2888.86 2140.08 1631.34 1324.23 508.741 50.317 458.424 307.112 748.777 364.44 124.466 239.974 384.337
internal_count=14139 9474 7106 5668 2368 220 2148 1438 4665 2175 683 1492 2490
cat_boundaries=0 1 2 3
cat_threshold=48 1 1
is_linear=0
shrinkage=0.05


Tree=22
num_leaves=15
num_cat=3
split_feature=0 1 0 2 34 2 44 33 4 5 44 44 23 23
split_gain=1171.12 90.4286 77.553 52.699 57.6107 39.7874 30.1649 5.03341 3.81527 6.65821 5.50689 2.40437 0.707126 1.21981
threshold=0 1 2 11.500000000000002 21.050000000000004 8.5000000000000018 48.050000000000004 32.95000000000001 0.074116354202380164 -0.71502926860092908 46.250000000000007 34.000000000000007 80.500000000000014 79.500000000000014
decision_type=1 1 1 2 2 2 2 2 2 2 2 2 2 2
left_child=8 2 6 4 -3 -4 -2 -5 9 10 -1 -11 13 -10
right_child=1 3 5 7 -6 -7 -8 -9 12 11 -12 -13 -14 -15
leaf_value=-0.033502717932471969 0.010546482824286231 -0.037402365878056516 0.031725603763078924 0.060633137339863502 0.0093638624089533093 0.058980387281612846 -0.0541196555224061 0.022128133075896943 -0.047893132177006373 -0.04845662356912233 -0.057837107739195287 -0.061173194715850893 -0.059697298086739327 -0.0088488898611628498
leaf_weight=90.444489344954491 255.27396850287914 69.743118703365326 561.6289290189743 49.230193436145782 955.38184598088264 178.15272909402847 18.408873796463013 12.097006157040594 11.078348994255064 96.528489202260971 35.390283450484276 133.45935817062855 357.29100067913532 3.0227929055690756
leaf_count=496 1095 288 2568 226 4100 952 77 56 74 607 210 873 2404 20
internal_value=-0.000144656 0.0188134 0.0296399 0.00886926 0.00614883 0.0378489 0.00580431 0.0535148 -0.0543509 -0.0507803 -0.0407487 -0.0560688 -0.0590858 -0.0406636
internal_weight=2827.13 2099.92 1013.46 1086.45 1025.12 739.782 273.683 61.3272 727.215 355.823 125.835 229.988 371.392 14.1011
internal_count=14046 9362 4692 4670 4388 3520 1172 282 4684 2186 706 1480 2498 94
cat_boundaries=0 1 2 3
cat_threshold=48 1 2
is_linear=0
shrinkage=0.05


Tree=23
num_leaves=15
num_cat=3
split_feature=0 1 0 2 43 2 34 33 4 5 24 38 37 37
split_gain=1071.26 79.8545 73.9369 50.5908 49.5461 44.0905 29.2529 6.30163 5.11165 7.61816 5.21477 4.76182 0.030638 1.5959
threshold=0 1 2 11.500000000000002 14.250000000000002 8.5000000000000018 20.250000000000004 32.95000000000001 0.074116354202380164 -0.71502926860092908 66.500000000000014 6.2892860000000015 27.500000000000004 26.500000000000004
decision_type=1 1 1 2 2 2 2 2 2 2 2 2 2 2
left_child=8 2 6 4 -3 -4 -2 -5 9 10 -1 -11 13 -10
right_child=1 3 5 7 -6 -7 -8 -9 12 11 -12 -13 -14 -15
leaf_value=-0.027825241647132994 -0.077980100929708154 -0.0053615469144914947 0.029362445797899157 0.059415163908072936 0.016602128760371541 0.058192557899109321 0.0079254279264316472 0.015440214390993462 -0.056898577660075993 -0.041167261421911697 -0.04955997288882151 -0.059652257546130252 -0.059682954162969259 -0.031090701778936115
leaf_weight=63.798166081309319 9.3025151789188367 514.63535755872726 552.32988792657852 50.364736065268517 510.7071832716465 176.1815302670002 261.05806684494019 10.696874275803564 31.492832630872726 58.608641430735588 57.336735859513283 161.83934292197227 316.27536988258362 12.835043132305143
leaf_count=350 40 2172 2553 237 2225 971 1119 50 223 370 344 1099 2208 88
internal_value=-0.000459806 0.0175523 0.0278349 0.00824282 0.00558374 0.0359126 0.00452633 0.0520845 -0.0533896 -0.0492198 -0.0384345 -0.0549459 -0.0586689 -0.0502767
internal_weight=2787.46 2085.28 998.872 1086.4 1025.34 728.511 270.361 61.0616 702.186 341.583 121.135 220.448 360.603 44.3279
internal_count=14049 9367 4683 4684 4397 3524 1159 287 4682 2163 694 1469 2519 311
cat_boundaries=0 1 2 3
cat_threshold=48 1 2
is_linear=0
shrinkage=0.05


Tree=24
num_leaves=15
num_cat=1
split_feature=0 6 5 44 39 44 36 23 4 5 44 38 20 23
split_gain=1021.36 72.0491 88.0368 74.676 86.2926 63.1954 54.7172 44.2762 4.91985 6.84676 6.5472 4.18259 0.115938 0.551823
threshold=0 2.5000000000000004 -0.83375966452616657 48.050000000000004 26.650000000000002 35.100000000000001 95.500000000000014 98.500000000000014 -0.005375728450543499 -0.71502926860092908 46.250000000000007 6.2892860000000015 35.550000000000004 94.500000000000014
decision_type=1 2 2 2 2 2 2 2 2 2 2 2 2 2
left_child=8 2 7 5 -5 -3 -4 -2 9 10 -1 -11 -10 -14
right_child=1 3 6 4 -6 -7 -8 -9 12 11 -12 -13 13 -15
leaf_value=-0.028880701736780392 -0.079139216932999579 0.012405643361970916 -0.0083471733574694579 -0.0655003631254963 0.021852197910907881 0.033712539573977643 0.027028703777182944 0.042028318316251506 -0.059457682440021101 -0.040649706411632548 -0.056186054429854297 -0.058588244042297545 -0.05379341920277602 -0.031497168091920096
leaf_weight=76.99843168258667 44.590730488300323 563.38410525023937 234.16994373500347 49.239260420203209 63.843724191188812 916.59475250542164 203.42102992534637 8.3758871406316739 274.83538296818733 56.122098743915558 33.309844940900803 150.64211818575859 79.913189515471458 8.0981829613447172
leaf_count=437 185 2595 1002 208 277 4207 908 36 1986 363 210 1064 572 58
internal_value=-5.77611e-06 0.0173829 0.000708501 0.0226229 -0.0164241 0.0256155 0.00812199 -0.0595546 -0.0527218 -0.0483752 -0.0375568 -0.0539383 -0.0578257 -0.0521188
internal_weight=2763.54 2083.62 490.558 1593.06 113.083 1479.98 437.591 52.9666 679.919 317.072 110.308 206.764 362.847 88.0114
internal_count=14108 9418 2131 7287 485 6802 1910 221 4690 2074 647 1427 2616 630
cat_boundaries=0 1
cat_threshold=48
is_linear=0
shrinkage=0.05


Tree=25
num_leaves=15
num_cat=4
split_feature=0 0 1 34 4 37 1 4 4 5 44 44 23 23
split_gain=972.143 91.7813 52.4434 48.3577 42.5968 24.022 22.8898 19.1094 4.16362 7.77132 6.3358 2.72672 0.257133 1.4126
threshold=0 1 2 21.050000000000004 0.98372640911059162 25.500000000000004 3 0.93237596376505805 -0.074117382312902935 -0.72694848937061807 46.250000000000007 34.000000000000007 80.500000000000014 79.500000000000014
decision_type=1 1 1 2 2 2 1 2 2 2 2 2 2 2
left_child=8 5 3 -3 -4 7 -7 -2 9 10 -1 -11 13 -10
right_child=1 2 4 -5 -6 6 -8 -9 12 11 -12 -13 -14 -15
leaf_value=-0.026621798036514134 -0.089288893640727271 -0.018605204838391089 0.0052451326070378154 0.024460652906720438 -0.03905363592233245 0.049864404069823468 0.027618851721008787 0.039231517503885996 -0.049143515004355473 -0.045039772226559513 -0.054917241591860226 -0.059356427909283908 -0.057846013175556189 -0.0072225799047388461
leaf_weight=66.471087172627449 5.8982235342264158 71.327089056372643 761.0941991508007 682.63773681223392 57.429787993431091 222.77631108462811 251.21348901093006 4.2108986675739288 9.460034638643263 75.884460225701332 30.301413029432297 123.24490025639534 348.00748790055513 2.9646025151014319
leaf_count=382 24 311 3261 3195 237 1157 1155 20 70 522 198 900 2595 21
internal_value=-0.000102943 0.0168335 0.0107939 0.0203673 0.00209315 0.0357763 0.0381573 -0.0370419 -0.0525736 -0.0483418 -0.0359527 -0.0541529 -0.057359 -0.040424
internal_weight=2712.92 2056.59 1572.49 753.965 818.524 484.099 473.99 10.1091 656.334 295.902 96.7725 199.129 360.432 12.4246
internal_count=14048 9360 7004 3506 3498 2356 2312 44 4688 2002 580 1422 2686 91
cat_boundaries=0 1 2 3 4
cat_threshold=48 1 1 1
is_linear=0
shrinkage=0.05


Tree=26
num_leaves=15
num_cat=3
split_feature=0 1 0 2 34 2 40 4 5 44 33 38 23 44
split_gain=869.506 71.4006 63.8486 42.1649 48.3078 40.4855 28.9064 5.58746 8.4957 6.96036 4.84038 4.47219 0.936953 1.79364
threshold=0 1 2 11.500000000000002 21.050000000000004 8.5000000000000018 33.900000000000006 -0.074117382312902935 -0.71502926860092908 46.250000000000007 32.95000000000001 6.3586310000000017 80.500000000000014 40.850000000000009
decision_type=1 1 1 2 2 2 2 2 2 2 2 2 2 2
left_child=7 2 6 4 -3 -4 -2 8 9 -1 -5 -10 13 -9
right_child=1 3 5 10 -6 -7 -8 12 11 -11 -12 -13 -14 -15
leaf_value=-0.023705084938562007 -0.01261355525909659 -0.035085452537107244 0.027166192234276833 0.054174822209207364 0.0075092168934639304 0.055685697125299277 0.019915479258711285 -0.051753555193505565 -0.039033012837157155 -0.053837652273831665 0.015431864006420338 -0.057594444479237672 -0.056812339531960722 -0.011597159180728714
leaf_weight=67.129125535488129 130.51624403893948 70.604061350226402 538.19526097178459 48.663434132933617 947.17279617488384 163.16221687197685 141.14772464334965 6.7760468795895559 57.10096849501133 28.02776300907135 10.809548065066336 130.69776271283627 336.88871019333601 5.4657067805528641
leaf_count=391 558 292 2560 237 4113 955 623 51 394 189 51 998 2613 41
internal_value=-9.77995e-05 0.0157388 0.0256272 0.00693765 0.00452285 0.0333953 0.00414645 -0.0508554 -0.0458899 -0.033048 0.0475047 -0.0521874 -0.0561895 -0.0360543
internal_weight=2682.36 2050.27 973.021 1077.25 1017.78 701.357 271.664 632.086 282.956 95.1569 59.473 187.799 349.13 12.2418
internal_count=14066 9389 4696 4693 4405 3515 1181 4677 1972 580 288 1392 2705 92
cat_boundaries=0 1 2 3
cat_threshold=48 1 2
is_linear=0
shrinkage=0.05


Tree=27
num_leaves=15
num_cat=3
split_feature=0 0 34 4 26 1 40 34 4 5 44 44 23 31
split_gain=815.642 76.3163 47.4858 51.5302 51.1395 24.3142 23.8511 20.8783 5.21138 6.45687 6.04798 3.65685 0.32624 1.45886
threshold=0 1 21.050000000000004 0.12545942051955486 14.65 2 1.0000000180025095e-35 20.250000000000004 0.074116354202380164 -0.71502926860092908 46.250000000000007 34.000000000000007 80.500000000000014 40.850000000000009
decision_type=1 1 2 2 2 1 2 2 2 2 2 2 2 2
left_child=8 5 3 -3 -4 7 -7 -2 9 10 -1 -11 13 -10
right_child=1 2 4 -5 -6 6 -8 -9 12 11 -12 -13 -14 -15
leaf_value=-0.028105676994811143 -0.03322747481155524 0.025781472942502714 -0.011343799325606375 -0.038502537053677191 0.016157774102538904 -0.052643812096566447 0.025691137171300685 0.048623305132950656 -0.047891991503026358 -0.042372265273523058 -0.055229007682993138 -0.058204862564965182 -0.056776968074445593 -0.0052356216683186454
leaf_weight=81.161727324128151 7.4271846264600745 45.062071248888969 195.45760379731655 96.196843594312668 1220.5101018697023 9.2106524407863599 242.83512526750565 208.11904382705688 8.8608849644660932 80.069876328110695 29.563941970467567 111.62424098700285 295.6044800132513 2.8501935452222815
leaf_count=487 35 211 883 402 5512 40 1129 1125 69 589 207 885 2421 21
internal_value=-0.000285287 0.0150153 0.00953531 -0.0179586 0.0123562 0.0326268 0.0226318 0.0456625 -0.0504568 -0.0460999 -0.0357772 -0.0518459 -0.0562175 -0.0387391
internal_weight=2634.55 2024.82 1557.23 141.259 1415.97 467.592 252.046 215.546 609.735 302.42 110.726 191.694 307.316 11.7111
internal_count=14016 9337 7008 613 6395 2329 1169 1160 4679 2168 694 1474 2511 90
cat_boundaries=0 1 2 3
cat_threshold=48 1 1
is_linear=0
shrinkage=0.05


Tree=28
num_leaves=14
num_cat=1
split_feature=0 36 34 34 20 22 33 26 2 5 44 38 36
split_gain=753.68 65.2753 123.556 164.301 115.306 62.4381 60.8416 55.9426 6.42524 7.55949 7.84635 5.59503 0.187405
threshold=0 96.500000000000014 24.550000000000004 24.950000000000003 33.45000000000001 84.750000000000014 36.850000000000001 14.750000000000002 6.5000000000000009 -0.71502926860092908 46.250000000000007 6.2392855000000003 83.500000000000014
decision_type=1 2 2 2 2 2 2 2 2 2 2 2 2
left_child=8 4 7 -4 5 -2 -6 -3 12 10 -10 -11 -1
right_child=1 2 3 -5 6 -7 -8 -9 9 11 -12 -13 -14
leaf_value=-0.030765979626263873 -0.053696817266571689 0.0069274194716640557 -0.063036061638563443 0.025138106514936972 0.0024653992257162296 0.027570784936418808 0.041724244544410066 0.033239349830316137 -0.023614927426500273 -0.034170764785821699 -0.054631977082220742 -0.055985670684528602 -0.055830393397314229
leaf_weight=4.7476930841803542 117.05286668241024 262.80170789361 94.510055303573608 117.3654775172472 378.33340364694595 28.883296206593513 132.5831822603941 881.27653273940086 73.595164760947227 45.792297542095184 29.209583193063736 134.08685802668333 301.99070477485657
leaf_count=39 493 1247 402 525 1676 128 595 4269 446 330 212 1103 2553
internal_value=-0.000216797 0.01438 0.0207145 -0.0143046 0.00151053 -0.0375344 0.0127147 0.0272067 -0.0494098 -0.0443234 -0.0328691 -0.0506518 -0.0555437
internal_weight=2602.23 2012.81 1355.95 211.876 656.853 145.936 510.917 1144.08 589.422 282.684 102.805 179.879 306.738
internal_count=14018 9335 6443 927 2892 621 2271 5516 4683 2091 658 1433 2592
cat_boundaries=0 1
cat_threshold=48
is_linear=0
shrinkage=0.05


Tree=29
num_leaves=15
num_cat=3
split_feature=0 0 34 34 2 36 0 44 4 5 26 38 23 33
split_gain=728.746 66.2418 46.0264 128.813 30.5907 36.8318 24.128 18.8845 4.50855 6.32892 5.13432 3.72652 1.28588 3.36411
threshold=0 1 25.350000000000005 24.550000000000004 1.5000000000000002 96.500000000000014 2 46.250000000000007 0.074116354202380164 -0.71502926860092908 21.750000000000004 6.2892860000000015 80.500000000000014 36.600000000000009
decision_type=1 1 2 2 2 2 1 2 2 2 2 2 2 2
left_child=8 4 3 -3 5 -2 -4 -6 9 10 -1 -11 13 -10
right_child=1 2 6 -5 7 -7 -8 -9 12 11 -12 -13 -14 -15
leaf_value=-0.027392525988204477 -0.049218564333572405 0.01294672698393763 0.052399879442551284 -0.029228527333616295 0.039694858001096629 0.038078250777943697 0.00048268248138765474 0.0058120742287983626 -0.050806001955460325 -0.037866523277533731 -0.052132224599115845 -0.055847099998752286 -0.055760907619150063 0.0049267234021146715
leaf_weight=77.293683186173439 23.823519751429558 1209.3808015286922 76.893793374300003 211.92078550159931 363.18927302956581 22.564434617757797 40.550880670547485 46.782026380300522 7.0253239646553975 50.119470551609993 31.468187794089317 131.02670715004206 272.38438473641872 3.8383772820234299
leaf_count=485 101 5568 351 904 1896 112 172 217 59 373 227 1124 2422 30
internal_value=-0.000111744 0.0142003 0.00908382 0.00664213 0.0308321 -0.00684743 0.0390943 0.035852 -0.049258 -0.0451907 -0.0349602 -0.0511074 -0.0549803 -0.032359
internal_weight=2568.26 1995.11 1538.75 1421.3 456.359 46.388 117.445 409.971 573.156 289.908 108.762 181.146 283.248 10.8637
internal_count=14041 9321 6995 6472 2326 213 523 2113 4720 2209 712 1497 2511 89
cat_boundaries=0 1 2 3
cat_threshold=48 1 12
is_linear=0
shrinkage=0.05


Tree=30
num_leaves=15
num_cat=2
split_feature=0 0 44 33 4 32 8 2 4 5 24 38 20 31
split_gain=652.316 66.8245 45.7445 41.2693 34.5927 45.9962 18.842 7.2661 6.15962 8.76354 5.96734 5.52127 0.375611 1.19264
threshold=0 1 52.750000000000007 36.95000000000001 0.10837544681456417 26.964285500000003 30.250000000000004 8.5000000000000018 0.074116354202380164 -0.72694848937061807 66.500000000000014 5.9175595000000003 35.550000000000004 39.050000000000004
decision_type=1 1 2 2 2 2 2 2 2 2 2 2 2 2
left_child=8 2 3 -2 6 -6 -3 -4 9 10 -1 -11 -10 -14
right_child=1 4 7 -5 5 -7 -8 -9 12 11 -12 -13 13 -15
leaf_value=-0.019195778457910359 0.021289871790174813 -0.0027772168770224606 -0.089580514153777865 0.062890519790264679 -0.041062171376922189 0.0013230096564958611 0.019962167971782033 -0.010818164463333883 -0.056709054884751954 -0.026885549691868516 -0.043853046436027082 -0.053923744936609667 -0.053873087224765331 -0.036121557951214828
leaf_weight=54.33697372674942 863.55800876021385 122.35047496855259 8.9320982843637449 63.422172665596008 72.479696527123451 496.1329997330904 353.10452289879322 4.5838181674480429 200.67448393255472 25.179791986942291 48.457799598574638 149.93124593049288 44.877840042114258 25.248442262411118
leaf_count=338 4310 573 37 308 305 2128 1647 22 1869 185 349 1313 404 227
internal_value=-0.000416644 0.0129659 0.0226041 0.0242008 0.00413869 -0.00414233 0.014117 -0.0654543 -0.0481149 -0.0432897 -0.0311298 -0.0502106 -0.0546595 -0.0480795
internal_weight=2533.27 1984.56 940.496 926.98 1044.07 568.613 475.455 13.5159 548.707 277.906 102.795 175.111 270.801 70.1263
internal_count=14015 9330 4677 4618 4653 2433 2220 59 4685 2185 687 1498 2500 631
cat_boundaries=0 1 2
cat_threshold=48 5
is_linear=0
shrinkage=0.05


Tree=31
num_leaves=15
num_cat=3
split_feature=0 1 0 2 2 39 40 4 4 43 13 38 23 39
split_gain=610.341 72.3593 56.5777 43.6013 41.6161 37.513 24.6925 6.09133 6.00957 5.77045 3.90767 3.69814 1.45245 3.04689
threshold=0 1 2 8.5000000000000018 11.500000000000002 14.850000000000003 33.900000000000006 0.074116354202380164 -0.70291267844185523 8.5500000000000025 9.6312500000000032 5.9175595000000003 80.500000000000014 25.250000000000004
decision_type=1 1 1 2 2 2 2 2 2 2 2 2 2 2
left_child=7 2 6 -4 5 -3 -2 8 11 -10 -6 -1 13 -9
right_child=1 4 3 -5 10 -7 -8 12 9 -11 -12 -13 -14 -15
leaf_value=-0.0297057903886635 -0.013595142923362918 -0.040517956310710174 0.023574255414050192 0.054190077111556316 0.049547258884615357 0.0033004396142813624 0.016865865632747293 -0.049448210950117172 -0.052694480108963798 -0.030046196387134311 0.0001361194714305071 -0.056383158866901352 -0.055034547667407424 0.0041771449946356757
leaf_weight=19.488977588713169 126.36388655006886 50.531305432319641 520.4679938852787 150.31468994915485 49.793242901563644 935.70194666087627 138.31478849053383 6.3118529766798002 39.998980544507504 120.17746366560459 4.3495234102010718 90.906922861933708 249.14347125589848 3.9251627847552299
leaf_count=146 544 222 2582 954 255 4138 625 57 347 858 22 846 2407 32
internal_value=-0.00042581 0.0123976 0.0225435 0.0300579 0.00338108 0.00101656 0.00224223 -0.0475078 -0.0426847 -0.0359937 0.0456523 -0.0519826 -0.0541804 -0.0303448
internal_weight=2505.79 1975.84 935.461 670.783 1040.38 986.233 264.679 529.953 270.572 160.176 54.1428 110.396 259.38 10.237
internal_count=14035 9342 4705 3536 4637 4360 1169 4693 2197 1205 277 992 2496 89
cat_boundaries=0 1 2 3
cat_threshold=48 1 2
is_linear=0
shrinkage=0.05


Tree=32
num_leaves=14
num_cat=3
split_feature=0 0 6 6 44 2 36 44 4 0 5 20 5
split_gain=572.151 63.8071 46.944 57.1035 50.565 28.6449 34.6641 22.5367 6.09808 12.8747 19.9996 0.761557 7.20932
threshold=0 1 2.5000000000000004 1.5000000000000002 48.050000000000004 1.5000000000000002 96.500000000000014 46.250000000000007 0.074116354202380164 2 -0.71502926860092908 35.550000000000004 0.41202506375868281
decision_type=1 1 2 2 2 2 2 2 2 1 2 2 2
left_child=8 5 3 -3 -4 6 -2 -7 9 10 -1 -10 -13
right_child=1 2 4 -5 -6 7 -8 -9 11 -11 -12 12 -14
leaf_value=-0.0011263340992044475 -0.047739967532989536 -0.00051873630576236964 0.014796809633947017 -0.056804333552630953 -0.025510727890277224 0.037751809198631983 0.03743421755850302 0.0012504733424265691 -0.055947263915000427 -0.054113397440874157 -0.040756103066748491 -0.055438804792008849 -0.015922650065205417
leaf_weight=51.86690966039896 24.587599158287048 307.41742759943008 1076.9851734042168 51.805314868688583 82.960656270384789 351.91740791499615 21.43665923178196 48.123659297823906 183.30528593808413 131.79791130870581 81.674768276512623 49.912003234028816 16.249152570962906
leaf_count=361 104 1358 5051 221 360 1916 110 226 1860 1101 754 488 154
internal_value=-0.000367799 0.0119684 0.00695955 -0.00877112 0.0118945 0.028449 -0.00811607 0.0333749 -0.0467185 -0.0418876 -0.0237236 -0.0535342 -0.0461152
internal_weight=2480.04 1965.23 1519.17 359.223 1159.95 446.065 46.0243 400.041 514.806 265.34 133.542 249.466 66.1612
internal_count=14064 9346 6990 1579 5411 2356 214 2142 4718 2216 1115 2502 642
cat_boundaries=0 1 2 3
cat_threshold=48 1 32
is_linear=0
shrinkage=0.05


Tree=33
num_leaves=15
num_cat=3
split_feature=0 0 34 4 34 43 39 43 4 0 5 23 43 6
split_gain=524.575 56.9887 46.7026 58.714 44.3751 28.4066 72.7766 31.276 6.82287 14.6708 20.5504 1.403 3.8326 0.115694
threshold=0 1 20.250000000000004 0.21022171450811272 24.550000000000004 14.350000000000003 18.850000000000005 11.750000000000002 0.074116354202380164 2 -0.71502926860092908 80.500000000000014 1.0500000000000003 1.0000000180025095e-35
decision_type=1 1 2 2 2 2 2 2 2 1 2 2 2 2
left_child=8 2 3 -2 -4 7 -7 -3 9 10 -1 12 -10 -13
right_child=1 5 4 -5 -6 6 -8 -9 11 -11 -12 13 -14 -15
leaf_value=0.0018488718235972854 0.038385106427724004 0.00036026843355310657 0.028992162996511962 -0.092918441824590359 0.0019692033245289967 -0.011262814546113579 0.028062590138288941 -0.03462942531202489 -0.049345308925564421 -0.053392582256946812 -0.039192158734739302 -0.046120888092853529 0.011632906777810689 -0.055392582780261469
leaf_weight=49.379809394478798 14.202808141708372 487.07635532319546 685.09472651779652 18.75085124373436 195.32124103605747 195.99546341598034 291.68416181206703 72.500820875167847 6.5540949553251249 123.45288040488958 78.418228410184383 44.943422175943851 3.4193612262606621 186.06355686485767
leaf_count=344 80 2143 3574 77 929 906 1341 322 62 1074 745 468 29 1960
internal_value=-0.000142159 0.0114888 0.020583 -0.0368637 0.0230061 0.00342573 0.0122672 -0.00422681 -0.0457055 -0.0404288 -0.0217541 -0.0529061 -0.0292842 -0.0537953
internal_weight=2452.86 1960.63 913.37 32.9537 880.416 1047.26 487.68 559.577 492.231 251.251 127.798 240.98 9.97346 231.007
internal_count=14054 9372 4660 157 4503 4712 2247 2465 4682 2163 1089 2519 91 2428
cat_boundaries=0 1 2 3
cat_threshold=48 5 32
is_linear=0
shrinkage=0.05


Tree=34
num_leaves=14
num_cat=4
split_feature=0 1 0 2 2 39 39 33 4 0 5 23 33
split_gain=494.158 60.0602 48.3557 41.425 37.4819 33.4443 27.5501 7.77857 7.08995 13.5558 19.5109 1.52077 3.23544
threshold=0 1 2 8.5000000000000018 11.500000000000002 14.850000000000003 15.450000000000001 32.95000000000001 0.056951373111866661 3 -0.71502926860092908 80.500000000000014 36.600000000000009
decision_type=1 1 1 2 2 2 2 2 2 1 2 2 2
left_child=8 2 6 -4 5 -3 -2 -6 9 10 -1 12 -10
right_child=1 4 3 -5 7 -7 -8 -9 11 -11 -12 -13 -14
leaf_value=0.001903695650857016 -0.05479560897009448 -0.038868431302131468 0.021227104023822826 0.051941075199257919 0.051958642122462255 0.0027204012750489358 0.0063898780262737036 0.004504395926938333 -0.048398542902408137 -0.052785773489483045 -0.038823646563995312 -0.053873597683711173 0.0077129686998798231
leaf_weight=47.745812989771366 18.881426200270653 49.943338960409164 500.70233418047428 140.90006708353758 43.813462167978287 945.08061310648918 245.69908957183361 10.946104571223257 6.0340694338083249 118.14960646629333 75.186277471482754 222.12919491529465 3.6635647118091583
leaf_count=333 82 221 2541 946 236 4227 1093 56 60 1071 737 2431 30
internal_value=-0.000215877 0.0109219 0.0204006 0.0276127 0.00283207 0.000596001 0.00176704 0.0427237 -0.0454787 -0.039996 -0.0213917 -0.0529374 -0.0284613
internal_weight=2428.87 1955.97 906.183 641.602 1049.78 995.024 264.581 54.7596 472.909 241.082 122.932 231.827 9.69763
internal_count=14064 9402 4662 3487 4740 4448 1175 292 4662 2141 1070 2521 90
cat_boundaries=0 1 2 3 4
cat_threshold=48 1 2 32
is_linear=0
shrinkage=0.05


Tree=35
num_leaves=14
num_cat=2
split_feature=0 6 5 36 6 40 21 23 4 0 5 20 5
split_gain=465.461 59.6934 87.402 50.2053 49.6031 74.7319 49.38 31.4551 5.79616 10.6433 18.5049 1.03478 7.68842
threshold=0 2.5000000000000004 -0.83375966452616657 95.500000000000014 27.000000000000004 41.050000000000004 22.350000000000005 98.500000000000014 0.074116354202380164 1 -0.71502926860092908 35.550000000000004 0.41202506375868281
decision_type=1 2 2 2 2 2 2 2 2 1 2 2 2
left_child=8 2 7 -4 6 -6 -3 -2 9 10 -1 -10 -13
right_child=1 4 3 -5 5 -7 -8 -9 11 -11 -12 12 -14
leaf_value=-0.0007847532776348626 -0.082001533033957338 -0.0061868140400907516 -0.01332846964415119 0.021527875569463464 -0.080600118156331169 0.0049412171021040912 0.023590063603267993 0.026896411884162627 -0.054974180124449407 -0.052347377178065417 -0.040152271402797285 -0.054348929143962943 -0.011896186368128489
leaf_weight=49.919817939400673 43.785288736224174 160.16499844938517 226.96273183822632 187.93519546091557 27.621862769126892 235.77036102861166 1045.905130520463 7.2887209355831137 161.35687632113695 115.35046403110027 73.399091564118862 43.687869891524315 14.884239576756952
leaf_count=348 185 766 1005 896 125 1165 5185 33 1863 1085 742 484 152
internal_value=-0.00043531 0.0103481 -0.00518349 0.00247411 0.0153438 -0.0043004 0.0196339 -0.0662427 -0.045112 -0.0402278 -0.0225378 -0.0522482 -0.0439417
internal_weight=2394.03 1935.43 465.972 414.898 1469.46 263.392 1206.07 51.074 458.598 238.669 123.319 219.929 58.5721
internal_count=14034 9360 2119 1901 7241 1290 5951 218 4674 2175 1090 2499 636
cat_boundaries=0 1 2
cat_threshold=48 32
is_linear=0
shrinkage=0.05


Tree=36
num_leaves=14
num_cat=4
split_feature=0 0 44 34 1 4 34 4 0 5 13 42 20
split_gain=421.201 57.6029 48.2395 41.8454 31.464 53.4654 36.296 8.87569 18.3368 19.6658 3.70311 1.08961 2.76123
threshold=0 1 52.750000000000007 25.350000000000005 2 0.98372640911059162 21.700000000000006 -0.005375728450543499 3 -0.71502926860092908 14.418750000000001 2.5000000000000004 35.550000000000004
decision_type=1 1 2 2 1 2 2 2 1 2 2 2 2
left_child=7 2 3 -2 6 -6 -3 8 9 -1 -4 12 -9
right_child=1 4 10 -5 5 -7 -8 11 -10 -11 -12 -13 -14
leaf_value=0.0057938087159131683 0.017771930684859508 -0.022160255892330425 -0.029880803016404722 0.058788139390337148 -0.0020361543421717342 -0.062723047609903604 0.016512330351892795 -0.052817019024312233 -0.051641025046592792 -0.035804038350210926 -0.091406808234997153 -0.053890477892027458 -0.024895982384703256
leaf_weight=47.806131944060326 816.90909241139889 69.877865299582481 5.1805280148982993 66.605163678526878 498.81621392071247 38.147845953702927 424.31331364810467 24.158288910984993 106.54256587475538 68.162772171199322 8.247389152646063 178.40290313214064 18.598536513745785
leaf_count=331 4289 314 24 347 2171 155 2046 294 1043 710 35 2088 203
internal_value=-0.00012182 0.0100352 0.0192526 0.020927 0.00189901 -0.00645615 0.0110104 -0.0434344 -0.0369715 -0.0172761 -0.0713862 -0.0516962 -0.0415183
internal_weight=2371.77 1928.1 896.942 883.514 1031.16 536.964 494.191 443.671 222.511 115.969 13.4279 221.16 42.7568
internal_count=14050 9381 4695 4636 4686 2326 2360 4669 2084 1041 59 2585 497
cat_boundaries=0 1 2 3 4
cat_threshold=48 5 1 32
is_linear=0
shrinkage=0.05


Tree=37
num_leaves=14
num_cat=2
split_feature=0 2 39 33 40 39 39 39 4 0 5 8 42
split_gain=406.93 56.0991 97.0812 132.16 119.665 22.9708 15.2481 12.4833 8.54932 15.4899 20.854 0.368846 0.804258
threshold=0 9.5000000000000018 20.150000000000002 31.850000000000005 66.050000000000011 20.650000000000002 14.750000000000002 23.150000000000002 0.074116354202380164 1 -0.73865259438682551 35.150000000000013 3.5000000000000004
decision_type=1 2 2 2 2 2 2 2 2 1 2 2 2
left_child=8 2 3 -2 -4 6 -3 -7 9 10 -1 -10 -13
right_child=1 5 4 -5 -6 7 -8 -9 11 -11 -12 12 -14
leaf_value=0.0043908170840946661 -0.067981451377333607 0.010113622317486458 0.0043868917640884995 -0.00040365028232756603 0.043173152247110685 -0.0091235316415523553 0.041567603119372049 0.031705394789548327 -0.054416737187587633 -0.051371876119950269 -0.037717117204733142 -0.035678375745432263 -0.052900191167910018
leaf_weight=49.606676191091537 82.54896205663681 48.22775637358427 669.26073867082596 539.78604627400637 282.09261547029018 53.194917678833008 207.17129243165255 27.636431194841862 150.36119390279055 107.39909951388836 70.525242909789085 26.93801199644804 24.805036932229996
leaf_count=343 400 257 3097 2514 1417 296 1194 157 1894 1091 752 305 299
internal_value=-0.000139939 0.00980199 0.00588326 -0.00946212 0.0159209 0.028362 0.0356907 0.00505284 -0.0434744 -0.0374475 -0.0188781 -0.0521823 -0.0447808
internal_weight=2339.55 1909.92 1573.69 622.335 951.353 336.23 255.399 80.8313 429.635 227.531 120.132 202.104 51.743
internal_count=14016 9332 7428 2914 4514 1904 1451 453 4684 2186 1095 2498 604
cat_boundaries=0 1 2
cat_threshold=48 32
is_linear=0
shrinkage=0.05


Tree=38
num_leaves=15
num_cat=3
split_feature=0 1 34 34 4 2 34 33 4 0 5 23 43 38
split_gain=389.032 58.0415 59.1859 41.3808 33.497 32.5637 31.138 8.37655 6.97025 12.0128 17.1975 0.826031 2.54195 0.370637
threshold=0 1 20.250000000000004 24.550000000000004 0.21022171450811272 11.500000000000002 21.050000000000004 32.95000000000001 0.074116354202380164 2 -0.71502926860092908 80.500000000000014 1.0500000000000003 12.327381000000003
decision_type=1 1 2 2 2 2 2 2 2 1 2 2 2 2
left_child=8 2 4 -4 -2 6 -3 -7 9 10 -1 12 -10 -13
right_child=1 5 3 -5 -6 7 -8 -9 11 -11 -12 13 -14 -15
leaf_value=0.00071865516279971686 0.0087772536084278832 -0.032951941227142997 0.027246236049511447 0.00086035993093946234 -0.089739482496321604 0.049557654563479062 0.0016887201975418601 0.00071318312094708985 -0.047252905772932598 -0.050915652678680957 -0.038006371261644245 -0.053404594434825807 0.0060605602947543177 -0.036513746512978208
leaf_weight=49.3976044729352 15.420588105916975 68.848978295922279 660.63084705173969 191.71491929888725 18.128675565123558 41.130105167627335 909.58033972978592 11.124850139021872 5.6539749279618245 103.82863593101501 67.203614518046379 174.0627069696784 3.0561321899294853 12.85264630615711
leaf_count=342 83 290 3605 925 77 233 4131 58 63 1098 743 2274 28 158
internal_value=-0.000254741 0.00931368 0.0187399 0.0213193 -0.0455138 0.00129165 -0.000779989 0.0393675 -0.0434307 -0.0379467 -0.0200308 -0.0515945 -0.029849 -0.0524436
internal_weight=2332.63 1916.58 885.895 852.346 33.5493 1030.68 978.429 52.255 416.055 220.43 116.601 195.625 8.71011 186.915
internal_count=14108 9402 4690 4530 160 4712 4421 291 4706 2183 1085 2523 91 2432
cat_boundaries=0 1 2 3
cat_threshold=48 1 32
is_linear=0
shrinkage=0.05


Tree=39
num_leaves=14
num_cat=0
split_feature=34 34 39 36 43 20 33 12 38 39 4 39 39
split_gain=44.0564 107.077 117.859 79.1445 67.6435 64.6395 45.0543 26.6492 10.2772 29.5202 6.55315 1.8987 0.203255
threshold=25.350000000000005 24.550000000000004 19.150000000000002 96.500000000000014 18.750000000000004 33.45000000000001 32.45000000000001 50.500000000000007 8.0172620000000023 19.050000000000004 0.95242846126021108 17.150000000000002 17.750000000000004
decision_type=2 2 2 2 2 2 2 2 2 2 2 2 2
left_child=1 3 7 5 -4 -1 -5 -3 11 -10 -11 -2 -13
right_child=8 2 4 6 -6 -7 -8 -9 9 10 -12 12 -14
leaf_value=-0.048364894191550434 0.013426554333089542 0.045685665658304765 -0.02400053735649359 0.0011988441532415199 0.042585456458829121 -0.0050529287324940419 0.020156869070496596 -0.081920062588172499 -0.085106696981195384 0.014694394985590742 0.041075547322686506 0.032823974530400889 0.052432282780997069
leaf_weight=110.35966128110886 5.213082715868949 3.677684321999549 172.38142170011997 797.9834006279707 47.931375652551651 381.72232630848885 515.21645180881023 88.903732679784298 5.7943731844425193 85.97968602180481 32.613171845674515 8.7651402950286847 29.114075094461441
leaf_count=620 32 22 963 5166 278 2231 3183 497 35 539 195 54 176
internal_value=-0.000490609 -0.00244685 -0.0294007 0.00223852 -0.00938709 -0.0148449 0.00864645 -0.0764171 0.0241183 0.016593 0.022232 0.0449716 0.0488559
internal_weight=2285.66 2118.18 312.894 1805.28 220.313 492.082 1313.2 92.5814 167.48 124.387 118.593 43.0923 37.8792
internal_count=13991 12960 1760 11200 1241 2851 8349 519 1031 769 734 262 230
is_linear=0
shrinkage=0.05


Tree=40
num_leaves=14
num_cat=2
split_feature=0 43 39 5 44 4 5 5 4 0 5 20 5
split_gain=348.324 51.727 89.0322 104.169 67.4105 101.938 68.0894 26.3734 8.42393 16.2197 17.4348 0.997739 6.88349
threshold=0 18.050000000000004 18.850000000000005 -0.36648370705903521 46.600000000000001 0.93237596376505805 -0.98801846520836334 -0.42179730054635828 0.074116354202380164 1 -0.71502926860092908 35.550000000000004 0.41202506375868281
decision_type=1 2 2 2 2 2 2 2 2 1 2 2 2
left_child=8 4 3 -3 6 -6 -2 -4 9 10 -1 -10 -13
right_child=1 2 7 -5 5 -7 -8 -9 11 -11 -12 12 -14
leaf_value=0.0031086776037986806 -0.052325587088193529 -0.029762388068096071 0.045370629477103269 0.031293340300724025 -0.067978632516892068 0.034554228223317739 0.0090750976408357758 0.018579644653307668 -0.05387835601214469 -0.050418433631159401 -0.035697908676456322 -0.05320889362083854 -0.010981407758353705
leaf_weight=51.330040201544762 46.148923322558403 150.23380790650845 245.67445687949657 128.83622327446938 73.170052021741867 35.260239407420158 1071.1266980990767 149.81135083734989 133.74265224486589 99.014479883015156 64.924975104629993 37.163963541388512 13.738703101873396
leaf_count=354 212 713 1238 705 307 160 5248 804 1851 1087 737 480 159
internal_value=-6.97204e-05 0.00890995 0.020066 -0.00156415 0.00283159 -0.0346251 0.00649443 0.0352946 -0.0418327 -0.035777 -0.0172151 -0.0509155 -0.0422428
internal_weight=2300.18 1900.26 674.556 279.07 1225.71 108.43 1117.28 395.486 399.915 215.269 116.255 184.645 50.9027
internal_count=14055 9387 3460 1418 5927 467 5460 2042 4668 2178 1091 2490 639
cat_boundaries=0 1 2
cat_threshold=48 32
is_linear=0
shrinkage=0.05


Tree=41
num_leaves=14
num_cat=4
split_feature=0 0 34 34 0 2 33 36 4 0 5 44 44
split_gain=321.853 55.464 39.3974 104.646 31.3234 27.0554 29.7161 19.5628 7.62144 13.3653 14.2383 0.986113 8.66932
threshold=0 1 25.350000000000005 24.550000000000004 2 1.5000000000000002 33.95000000000001 99.500000000000014 -0.039770090859911449 3 -0.72694848937061807 40.500000000000007 41.20000000000001
decision_type=1 1 2 2 1 2 2 2 2 1 2 2 2
left_child=8 5 3 -3 -4 6 -2 -7 9 10 -1 -10 -13
right_child=1 2 4 -5 -6 7 -8 -9 11 -11 -12 12 -14
leaf_value=0.0035988634071863444 0.020390142887882681 0.0064935660235259504 0.047757925115549223 -0.032241379329213393 -0.0079307030133356285 0.022753124456662683 -0.060620138488528243 0.051945929492878851 -0.053289694936585578 -0.04952395318196734 -0.033880311162270929 -0.0030897983805098163 -0.051417536111063269
leaf_weight=43.165178798139095 27.380581483244896 1155.1761097982526 70.636868923902512 204.33102238178253 38.892375245690346 301.64662064611912 17.89331516623497 71.264417141675949 133.75380177423358 88.174435034394264 59.76629551500082 11.534306176006792 49.448284972459078
leaf_count=297 138 5614 348 882 168 1674 80 466 1852 1013 695 140 674
internal_value=-0.000950258 0.00761979 0.0029666 0.000652367 0.0316941 0.0234709 -0.0122452 0.028456 -0.0418932 -0.0354562 -0.0166753 -0.050137 -0.0424741
internal_weight=2273.06 1887.22 1469.04 1359.51 109.529 418.185 45.2739 372.911 385.842 191.106 102.931 194.736 60.9826
internal_count=14041 9370 7012 6496 516 2358 218 2140 4671 2005 992 2666 814
cat_boundaries=0 1 2 3 4
cat_threshold=48 1 12 32
is_linear=0
shrinkage=0.05


Tree=42
num_leaves=14
num_cat=5
split_feature=0 1 0 38 33 44 39 0 4 0 38 44 44
split_gain=319.461 50.0875 49.9826 28.0134 27.4779 23.2759 41.4328 28.2317 7.19446 11.96 12.4176 1.10088 8.68243
threshold=0 1 2 8.0172620000000023 36.850000000000001 46.250000000000007 27.450000000000006 3 -0.039770090859911449 4 6.4422620000000004 40.850000000000009 41.20000000000001
decision_type=1 1 1 2 2 2 2 1 2 1 2 2 2
left_child=8 2 3 -2 -4 7 -7 -3 9 10 -1 -10 -13
right_child=1 5 4 -5 -6 6 -8 -9 11 -11 -12 12 -14
leaf_value=0.011395520272775246 0.01605373706448213 0.012557659000632382 0.022170361517988249 -0.016659030977417263 0.063091470477033257 -0.041695034551900878 0.025669748601626758 -0.0049558205674088713 -0.053050259343432084 -0.049116900694300573 -0.028558292117575934 0.0015353398003000529 -0.050155444516000069
leaf_weight=25.198828414082527 120.48692700266838 426.51999288797379 563.34742338955402 140.87747363746166 43.679960966110229 73.899093315005302 32.035272538661957 477.83821684122086 129.34125702828169 85.395863458514214 77.869860835373402 9.6382895037531835 48.779874745756388
leaf_count=243 560 2113 3260 633 246 323 138 2103 1865 1020 767 117 695
internal_value=-0.000163718 0.00831578 0.0171585 -0.00151717 0.0248059 0.000787823 -0.0212739 0.00339273 -0.0415355 -0.0353021 -0.0171286 -0.0497725 -0.0417448
internal_weight=2254.91 1878.68 868.392 261.364 607.027 1010.29 105.934 904.358 376.224 188.465 103.069 187.759 58.4182
internal_count=14083 9376 4699 1193 3506 4677 461 4216 4707 2030 1010 2677 812
cat_boundaries=0 1 2 3 4 5
cat_threshold=48 1 2 5 32
is_linear=0
shrinkage=0.05


Tree=43
num_leaves=15
num_cat=4
split_feature=0 34 34 39 36 0 1 44 4 0 5 42 32 24
split_gain=285.309 49.8799 106.761 108.499 94.7079 33.9792 20.8214 12.6852 7.25136 13.2859 15.0869 1.58863 4.3193 0.872683
threshold=0 25.250000000000004 24.550000000000004 19.150000000000002 96.500000000000014 1 2 34.400000000000013 -0.022576249993022598 3 -0.71502926860092908 2.5000000000000004 28.497917000000005 27.500000000000004
decision_type=1 2 2 2 2 1 1 2 2 1 2 2 2 2
left_child=8 2 4 -4 -2 6 -3 -7 9 10 -1 12 -10 -13
right_child=1 5 3 -5 -6 7 -8 -9 11 -11 -12 13 -14 -15
leaf_value=0.0039525493580181061 -0.010044243501540652 0.027648359045630941 -0.073563303911925379 -0.0030092748683814841 0.018174083019194671 0.0057063043180609688 -0.041571548255916607 0.058736985759590701 -0.05111806283443824 -0.048801898685762922 -0.034413162061408029 -0.018135286110665279 -0.013760657865373525 -0.052551959354752188
leaf_weight=45.38265373557806 414.72754347324371 20.036029800772667 78.076114177703857 175.55728398263454 1044.8199730589986 13.084865614771841 21.527467653155327 92.412821188569069 20.146119322627783 84.108765549957752 57.304751709103584 3.2245450243353835 13.727269068360327 138.04435799643397
leaf_count=317 1893 89 336 786 5576 66 90 492 321 1044 697 43 177 2078
internal_value=-0.000646313 0.00731867 0.00494857 -0.0249316 0.0101545 0.0352035 -0.00675164 0.0477877 -0.0405747 -0.0344235 -0.0160363 -0.0492061 -0.0368076 -0.0518994
internal_weight=2222.18 1860.24 1713.18 253.633 1459.55 147.061 41.5635 105.498 361.938 186.796 102.687 175.142 33.8734 141.269
internal_count=14005 9328 8591 1122 7469 737 179 558 4677 2058 1014 2619 498 2121
cat_boundaries=0 1 2 3 4
cat_threshold=48 2 1 32
is_linear=0
shrinkage=0.05


Tree=44
num_leaves=15
num_cat=2
split_feature=0 6 5 44 40 39 6 23 4 0 5 23 43 38
split_gain=277.172 49.5387 67.432 47.0259 62.8255 51.2343 38.7113 30.7629 6.6672 11.1036 13.316 2.14125 3.47653 0.507742
threshold=0 2.5000000000000004 -0.83375966452616657 48.050000000000004 77.300000000000011 20.150000000000002 1.5000000000000002 98.500000000000014 0.074116354202380164 1 -0.72694848937061807 80.500000000000014 1.0500000000000003 12.327381000000003
decision_type=1 2 2 2 2 2 2 2 2 1 2 2 2 2
left_child=8 2 7 5 -5 -3 -4 -2 9 10 -1 12 -10 -13
right_child=1 3 6 4 -6 -7 -8 -9 11 -11 -12 13 -14 -15
leaf_value=-5.4645075183170951e-05 -0.075105585159554719 0.0054684071780863406 0.0064718953646627402 -0.049913272887077517 0.029090675135565271 0.025365769700224514 -0.038897005524812525 0.030683494654723881 -0.044333475426323966 -0.048614915074288473 -0.034802791892051932 -0.051713536826371302 0.018019983666077623 -0.033274004763302445
leaf_weight=49.42894235253334 44.687835335731506 681.60687969624996 346.78247963637114 64.735990032553673 39.934540003538132 616.05434995889664 53.367831990122795 7.5233793407678595 4.3734217435121527 84.214023780077696 61.356692463159561 137.763502150774 3.0900843963027 11.185260102152823
leaf_count=350 192 3544 1644 279 197 3222 236 36 59 1083 767 2247 30 160
internal_value=-0.000130017 0.00764366 -0.00669183 0.0123239 -0.0197812 0.0149268 0.000339189 -0.0595717 -0.0401413 -0.0347029 -0.0178424 -0.0492079 -0.0194387 -0.05056
internal_weight=2206.11 1854.69 452.362 1402.33 104.671 1297.66 400.15 52.2112 351.412 195 110.786 156.412 7.46351 148.949
internal_count=14046 9350 2108 7242 476 6766 1880 228 4696 2200 1117 2496 89 2407
cat_boundaries=0 1 2
cat_threshold=48 32
is_linear=0
shrinkage=0.05


Tree=45
num_leaves=15
num_cat=4
split_feature=0 0 26 2 43 1 4 37 4 0 33 20 4 13
split_gain=255.161 56.599 34.582 55.8748 46.3647 22.8563 21.5845 21.1107 7.22463 12.7938 13.8663 1.82526 3.99396 0.146737
threshold=0 1 14.65 9.5000000000000018 14.350000000000003 2 -0.98523971305672664 32.500000000000007 0.039769539193789956 3 32.250000000000007 35.550000000000004 0.90892735371523092 4.6125000000000007
decision_type=1 1 2 2 2 1 2 2 2 1 2 2 2 2
left_child=8 5 3 -3 -4 7 -7 -2 9 10 -1 13 -13 -10
right_child=1 2 4 -5 -6 6 -8 -9 11 -11 -12 12 -14 -15
leaf_value=-0.030041550269422231 0.0024413096314919625 -0.037496050639680291 -0.0028731506688750128 0.013874725759024846 0.016666181993844963 -0.059814454529893195 0.016513828088874943 0.0458478075574177 -0.021149379705210847 -0.048114877972428693 0.0085053431461889865 -0.019192906204658935 -0.051464504136130962 -0.052932016885039283
leaf_weight=68.999072372913361 34.917963199317455 125.38316276669502 696.36713716387749 90.365747779607773 536.95403904467821 8.7173788100481016 211.29138526320457 143.04494694620371 2.1562389321625224 80.107710164040327 34.441656932234764 19.027848087251186 22.997248191386461 111.44756763800979
leaf_count=760 198 545 3246 494 2731 50 1102 985 33 1075 296 272 361 1904
internal_value=-0.00032743 0.00705428 0.00239085 -0.0160148 0.00564035 0.0235135 0.0132325 0.0373923 -0.0394751 -0.0335146 -0.0157412 -0.0487664 -0.0376385 -0.0525186
internal_weight=2186.22 1847.04 1449.07 215.749 1233.32 397.972 220.009 177.963 339.177 183.548 103.441 155.629 42.0251 113.604
internal_count=14052 9351 7016 1039 5977 2335 1152 1183 4701 2131 1056 2570 633 1937
cat_boundaries=0 1 2 3 4
cat_threshold=48 1 1 32
is_linear=0
shrinkage=0.05


Tree=46
num_leaves=13
num_cat=4
split_feature=0 1 0 2 39 2 39 0 38 4 5 33
split_gain=239.009 44.0382 51.6278 38.9648 31.571 26.4974 25.8332 7.76936 13.4176 14.128 10.0585 7.17352
threshold=0 1 2 9.5000000000000018 23.550000000000004 11.500000000000002 14.850000000000003 3 6.4422620000000004 -0.42180583328916638 -0.7444366621422277 32.95000000000001
decision_type=1 1 1 2 2 2 2 1 2 2 2 2
left_child=7 2 4 -4 -2 6 -3 8 9 -1 -10 -7
right_child=1 5 3 -5 -6 11 -8 -9 10 -11 -12 -13
leaf_value=0.02853188388004162 0.0057310335139620187 -0.037756300742967097 0.018140548161845006 0.053900881975824766 -0.036049475181530621 0.044713542124893514 -7.373828907082311e-05 -0.050317434734139702 -0.016419131063415318 -0.037320721399404393 -0.044077008059649127 -0.0023246674962196638
leaf_weight=18.96640104055405 194.59131486713886 46.872377172112465 501.45218493044376 89.392881728708744 57.824947163462639 39.245025768876076 910.88639059662819 152.30203845724463 53.517656743526459 12.757999215275047 92.087740585207939 10.029543817043303
leaf_count=197 904 213 2810 715 260 238 4217 2374 519 168 1458 54
internal_value=-0.000124902 0.0069234 0.0153831 0.0232402 -0.00379501 -0.000100063 -0.00195537 -0.0386308 -0.0262409 0.001718 -0.0340926 0.0352834
internal_weight=2179.93 1850.29 843.261 590.845 252.416 1007.03 957.759 329.632 177.33 31.7244 145.605 49.2746
internal_count=14127 9411 4689 3525 1164 4722 4430 4716 2342 365 1977 292
cat_boundaries=0 1 2 3 4
cat_threshold=48 1 2 32
is_linear=0
shrinkage=0.05


Tree=47
num_leaves=15
num_cat=0
split_feature=44 39 4 4 4 34 34 44 43 2 34 9 4 9
split_gain=44.9319 81.5076 46.0419 43.2959 53.972 53.3374 60.4204 49.275 13.4769 13.1074 11.8457 5.80484 5.37309 0.919636
threshold=48.050000000000004 26.650000000000002 -0.35846811432664222 -0.30163705152652737 -0.66528616069191593 25.150000000000002 24.450000000000003 35.45000000000001 10.65 7.5000000000000009 24.850000000000005 24.850000000000005 0.97696484778429815 24.750000000000004
decision_type=2 2 2 2 2 2 2 2 2 2 2 2 2 2
left_child=3 9 11 4 7 6 -5 -1 -7 -2 -6 -3 -4 -11
right_child=1 2 12 5 10 8 -8 -9 -10 13 -12 -13 -14 -15
leaf_value=-0.02044121251351215 -0.094870072598665686 -0.011800734841572194 0.040753276126231343 -0.0022807453405732764 0.033068812211033326 0.011124409541405039 -0.030944783769107833 0.014777938997592263 0.039683759077181413 -0.028066669633030936 -0.036124226828808566 -0.058708774070528651 0.0088715041964924687 -0.0525355555881373
leaf_weight=161.87003979086876 30.133833065629005 10.178676787763836 37.054123874753714 943.98751690238714 223.3498307466507 120.70085283741355 227.36451984941959 253.507921628654 62.780585769563913 9.8225273117423075 5.5756509825587264 21.486147701740265 21.287272535264492 20.89701072499156
leaf_count=1132 166 66 229 5990 1524 805 1375 1879 419 65 30 117 132 113
internal_value=-0.000853126 -0.027073 0.00325803 0.00113803 0.011798 -0.00393637 -0.00786621 0.00103714 0.0210585 -0.071262 0.0312338 -0.044453 0.029466 -0.0458432
internal_weight=2150 150.86 90.0062 1999.14 644.303 1354.83 1171.35 415.378 183.481 60.8534 228.925 31.6648 58.3414 30.7195
internal_count=14042 888 544 13154 4565 8589 7365 3011 1224 344 1554 183 361 178
is_linear=0
shrinkage=0.05


Tree=48
num_leaves=15
num_cat=5
split_feature=0 1 34 0 4 33 0 4 4 0 5 23 43 38
split_gain=221.827 43.2412 47.7183 38.395 24.9974 27.6691 25.4178 24.6125 8.14238 14.1881 11.2555 2.34942 4.31636 0.756089
threshold=0 1 20.250000000000004 2 0.9893236546938301 34.550000000000004 3 0.21022171450811272 0.074116354202380164 4 -0.71502926860092908 80.500000000000014 1.0500000000000003 12.327381000000003
decision_type=1 1 2 1 2 2 1 2 2 1 2 2 2 2
left_child=8 2 7 -4 5 -3 -6 -2 9 10 -1 12 -10 -13
right_child=1 4 3 -5 6 -7 -8 -9 11 -11 -12 13 -14 -15
leaf_value=0.001932344517858926 0.0033449647736378757 -0.0033477082694246749 0.00019239631821896559 0.024223618949381926 0.011434275042356756 0.016843734599386633 -0.053154022317767793 -0.086008220602320717 -0.044027762769651702 -0.047466402527860205 -0.030779790970725491 -0.05140169620936208 0.027063213227477491 -0.030553197655165228
leaf_weight=48.6884745657444 13.842093065381052 721.30225663632154 245.10595373809338 559.01083752512932 24.036656305193901 220.76722361147404 31.439639016985893 16.185319498181343 4.4224303774535647 76.156515032052994 55.89152455702424 121.56890878453851 2.6667794436216354 9.9735034368932229
leaf_count=349 79 3453 1130 3404 116 992 128 70 66 1102 745 2260 28 158
internal_value=-0.000314327 0.00645289 0.0148819 0.0172112 -0.000538671 0.00139685 -0.0328495 -0.0460378 -0.0380398 -0.0318709 -0.0143199 -0.0485207 -0.0172455 -0.0500634
internal_weight=2151.06 1831.69 834.144 804.117 997.546 942.069 55.4763 30.0274 319.368 180.737 104.58 138.632 7.08921 131.542
internal_count=14080 9372 4683 4534 4689 4445 244 149 4708 2196 1094 2512 94 2418
cat_boundaries=0 1 2 3 4 5
cat_threshold=48 1 2 5 32
is_linear=0
shrinkage=0.05


Tree=49
num_leaves=13
num_cat=3
split_feature=0 0 34 36 26 36 4 34 0 4 8 20
split_gain=208.194 45.0918 31.2747 41.052 35.4284 26.2599 31.8511 16.3428 8.635 12.7213 12.4476 4.77009
threshold=0 1 21.050000000000004 94.500000000000014 14.950000000000001 98.500000000000014 0.60555468348150676 24.750000000000004 2 0.074116354202380164 30.950000000000003 35.550000000000004
decision_type=1 1 2 2 2 2 2 2 1 2 2 2
left_child=8 5 3 -3 -4 6 -2 -7 9 10 -1 -11
right_child=1 2 4 -5 -6 7 -8 -9 -10 11 -12 -13
leaf_value=-0.033548216238222496 -0.0074893550640248666 -0.063528467684762446 -0.013582798120629134 -0.0029601427367464076 0.0083297144245829385 0.04177702021545654 0.029612931745363509 -0.015844362368353047 -0.049719227161076171 -0.051763782358173617 0.0013648765463302524 -0.020327626301573112
leaf_weight=46.713316824287176 116.87432358413935 38.531666934490204 221.48480717837811 96.065716564655304 1079.8653333410621 148.83047367632389 112.9089203774929 12.897475197911261 139.91293888911605 46.884369771927595 54.750070039182901 18.65021862462163
leaf_count=518 621 163 1088 458 5326 1028 637 67 2363 922 559 312
internal_value=-9.07246e-05 0.0063707 0.00219954 -0.0206399 0.00459272 0.0211911 0.010791 0.0371127 -0.0374507 -0.0247347 -0.0148795 -0.0432575
internal_weight=2134.37 1827.46 1435.95 134.597 1301.35 391.511 229.783 161.728 306.911 166.998 101.463 65.5346
internal_count=14062 9388 7035 621 6414 2353 1258 1095 4674 2311 1077 1234
cat_boundaries=0 1 2 3
cat_threshold=48 1 32
is_linear=0
shrinkage=0.05


Tree=50
num_leaves=15
num_cat=2
split_feature=0 25 39 5 43 40 39 5 2 0 8 23 33 42
split_gain=191.708 45.07 80.6692 85.7448 82.0137 62.8095 32.1785 9.34506 8.09113 12.9354 14.6606 2.3186 3.76106 0.992649
threshold=0 6.6145835000000011 20.150000000000002 -0.38243420677835344 17.750000000000004 130.55000000000004 14.750000000000002 -0.21022037796396445 6.5000000000000009 1 30.550000000000004 80.500000000000014 36.600000000000009 2.5000000000000004
decision_type=1 2 2 2 2 2 2 2 2 1 2 2 2 2
left_child=8 5 3 -3 -4 6 -2 -7 11 10 -10 12 -1 -13
right_child=1 2 4 -5 -6 7 -8 -9 9 -11 -12 13 -14 -15
leaf_value=-0.042972827096044226 -0.011782249191964158 -0.039433704309030163 0.00074946829576585743 0.0027237784586975791 0.033110415934542774 -0.11633907928332313 0.03075958036727133 -0.018054686322893834 -0.03966932570572243 -0.04624184835383674 0.00035830523517731963 -0.035480776904070518 0.023560739732010283 -0.051519549403233167
leaf_weight=4.050301492214202 51.1813073605299 203.77049683779478 665.55966941267252 293.19074722379446 276.41363528370857 7.9334487989544868 315.16570577770472 3.8917717039585096 35.288384679704905 66.306672479957342 61.842523902654648 22.042627550661564 2.8238314688205719 104.74040518328547
leaf_count=66 269 979 3258 1517 1529 38 1764 23 408 1045 638 428 29 2063
internal_value=-0.000468061 0.00568565 0.00167459 -0.0146067 0.0102705 0.0210529 0.0248003 -0.0879227 -0.0369498 -0.0303569 -0.0131047 -0.0474702 -0.0161203 -0.0490305
internal_weight=2114.2 1817.11 1438.93 496.961 941.973 378.172 366.347 11.8252 297.095 163.438 97.1309 133.657 6.87413 126.783
internal_count=14054 9377 7283 2496 4787 2094 2033 61 4677 2091 1046 2586 95 2491
cat_boundaries=0 1 2
cat_threshold=48 32
is_linear=0
shrinkage=0.05


Tree=51
num_leaves=13
num_cat=3
split_feature=0 34 34 39 36 0 38 0 4 38 44 8
split_gain=170.431 45.0901 89.0565 89.0316 74.8886 27.978 18.5739 12.7326 12.5477 11.564 8.9911 6.1284
threshold=0 25.250000000000004 24.550000000000004 19.150000000000002 96.500000000000014 1 8.0940475000000021 2 0.074116354202380164 6.4422620000000004 34.400000000000013 35.150000000000013
decision_type=1 2 2 2 2 1 2 1 2 2 2 2
left_child=7 2 4 -4 -2 6 -3 8 9 -1 -7 -10
right_child=1 5 3 -5 -6 10 -8 -9 11 -11 -12 -13
leaf_value=0.016680232189735487 -0.0094244936419583866 0.043719184357084544 -0.065835106160792953 -0.00319069031064095 0.015788369606221268 0.0094847414525863274 -0.026911263353955012 -0.049009880582383716 -0.050347256073739736 -0.021686455090437661 0.0557429283549358 -0.013934123889867853
leaf_weight=25.471370883285999 416.1353442966938 12.284535393118857 82.916972100734711 175.32911190390587 1002.2066396847367 12.50207808613777 30.173517793416977 126.01631702855229 44.3422796651721 76.589310243725777 84.344243563711643 16.8075355514884
leaf_count=266 1926 54 358 797 5582 65 131 2321 950 843 483 297
internal_value=-1.87777e-05 0.00571883 0.00346951 -0.0234808 0.0083896 0.0329802 -0.00482864 -0.034931 -0.0216524 -0.0120423 0.0452997 -0.040724
internal_weight=2105.12 1815.89 1676.59 258.246 1418.34 139.304 42.4581 289.227 163.21 102.061 96.8463 61.1498
internal_count=14073 9396 8663 1155 7508 733 185 4677 2356 1109 548 1247
cat_boundaries=0 1 2 3
cat_threshold=48 2 32
is_linear=0
shrinkage=0.05


Tree=52
num_leaves=13
num_cat=3
split_feature=0 34 34 39 36 0 38 20 0 4 33 38
split_gain=171.391 40.4413 74.1041 98.6721 76.0415 26.4339 17.927 10.9123 8.93621 10.4353 10.6775 6.03093
threshold=0 25.350000000000005 24.550000000000004 19.150000000000002 96.500000000000014 1 8.0940475000000021 33.350000000000001 2 0.039769539193789956 32.250000000000007 10.626488500000002
decision_type=1 2 2 2 2 1 2 2 1 2 2 2
left_child=8 2 4 -4 -2 6 -3 -7 9 10 -1 -11
right_child=1 5 3 -5 -6 7 -8 -9 -10 11 -12 -13
leaf_value=-0.026129643807346843 -0.010101819332423309 0.044281327362270993 -0.067535175756024191 -0.00084131384858779259 0.015409231246794414 -0.013858649952022932 -0.026880485665994998 0.053642901087592482 -0.048778299332933095 -0.050446405940622586 0.0082335624820273397 -0.014496960569337154
leaf_weight=64.588507052510977 413.4021233767271 11.462574541568754 78.55925190448761 183.15233962982893 989.85259494930506 6.0410270392894736 29.628446668386459 85.36400330811739 123.12438660860062 43.978909075260162 33.898230701684952 17.149383679032326
leaf_count=782 1906 51 339 839 5553 35 128 496 2365 945 300 322
internal_value=-0.000328219 0.00542885 0.00333385 -0.021042 0.00789177 0.0319394 -0.00521104 0.0442872 -0.0357492 -0.023202 -0.0143383 -0.0407566
internal_weight=2080.2 1797.46 1664.97 261.712 1403.25 132.496 41.091 91.405 282.739 159.615 98.4867 61.1283
internal_count=14061 9347 8637 1178 7459 710 179 531 4714 2349 1082 1267
cat_boundaries=0 1 2 3
cat_threshold=48 2 32
is_linear=0
shrinkage=0.05


Tree=53
num_leaves=13
num_cat=3
split_feature=0 34 34 39 37 0 37 0 38 5 4 44
split_gain=153.261 41.1355 75.4282 82.9994 62.5844 32.64 12.7382 11.3322 13.1875 12.5384 10.8569 5.76301
threshold=0 25.350000000000005 24.550000000000004 19.150000000000002 25.500000000000004 1 31.500000000000004 2 6.4422620000000004 -0.71502926860092908 -0.42180583328916638 34.400000000000013
decision_type=1 2 2 2 2 1 2 1 2 2 2 2
left_child=7 2 4 -4 -2 6 -3 8 10 -10 -1 -7
right_child=1 5 3 -5 -6 11 -8 -9 9 -11 -12 -13
leaf_value=0.028464028202635955 -0.073942418966841783 0.058703128101687985 -0.062555355536116339 -0.0025217169613005776 0.0090673975343053288 0.017389998012568256 -0.022052655644391361 -0.048427484660719888 -0.010391120376936734 -0.042600485234934961 -0.03273768948858987 0.056632749670554455
leaf_weight=19.513650380074981 22.097694888710976 4.6989943981170645 82.697945803403854 184.74639553576708 1369.7141529619694 11.920481473207472 34.018182635307312 117.19778258726001 51.358716953545809 75.35489634796977 10.234770257025955 75.950459159910679
leaf_count=205 95 20 356 843 7353 64 148 2362 553 1436 159 461
internal_value=-0.000304466 0.00509875 0.00302168 -0.0212489 0.00769731 0.0324866 -0.0088037 -0.0343885 -0.0213823 -0.0297292 0.00702803 0.0463493
internal_weight=2059.5 1785.84 1659.26 267.444 1391.81 126.588 38.7172 273.66 156.462 126.714 29.7484 87.8709
internal_count=14055 9340 8647 1199 7448 693 168 4715 2353 1989 364 525
cat_boundaries=0 1 2 3
cat_threshold=48 2 32
is_linear=0
shrinkage=0.05


Tree=54
num_leaves=12
num_cat=3
split_feature=0 0 40 39 43 2 34 0 4 8 38
split_gain=145.749 38.2423 29.8658 64.8001 40.7647 20.4439 27.5747 10.7613 12.9152 12.3134 4.26103
threshold=0 1 130.55000000000004 22.350000000000005 18.050000000000004 10.500000000000002 20.250000000000004 2 0.074116354202380164 30.950000000000003 11.149702000000001
decision_type=1 1 2 2 2 2 2 1 2 2 2
left_child=7 5 4 -4 -3 6 -2 8 9 -1 -10
right_child=1 2 3 -5 -6 -7 -8 -9 10 -11 -12
leaf_value=-0.030990566530494687 -0.071220447561872 -0.0036981162261679728 -0.10540184937492827 0.045958476958789268 0.01441736085699348 0.054751564253983337 0.018082683841353059 -0.04808197922304587 -0.048911389526737979 0.0044853428571046622 -0.013460882852360878
leaf_weight=43.070203877985477 7.9112666398286811 916.76723747700453 17.586262285709385 10.675537161529062 468.40578740090132 36.686772078275681 326.36313941329718 111.29441402107477 42.909557361155748 54.480126317590475 11.675438821315764
leaf_count=523 34 4437 79 66 2465 310 1966 2340 1009 574 224
internal_value=-7.74837e-06 0.00517963 0.00136977 -0.0486107 0.00243374 0.0192385 0.015763 -0.0339445 -0.0210574 -0.0113334 -0.0417073
internal_weight=2047.83 1784.4 1413.43 28.2618 1385.17 370.961 334.274 263.43 152.135 97.5503 54.585
internal_count=14027 9357 7047 145 6902 2310 2000 4670 2330 1097 1233
cat_boundaries=0 1 2 3
cat_threshold=48 1 32
is_linear=0
shrinkage=0.05


Tree=55
num_leaves=13
num_cat=5
split_feature=0 1 0 2 38 2 39 0 38 4 1 33
split_gain=126.117 39.6257 44.7418 35.7101 26.9324 22.9803 24.5557 13.6664 13.5099 13.0891 9.68414 8.36702
threshold=0 1 2 9.5000000000000018 8.0687500000000032 11.500000000000002 14.850000000000003 3 6.4422620000000004 -0.42180583328916638 4 32.95000000000001
decision_type=1 1 1 2 2 2 2 1 2 2 1 2
left_child=7 2 4 -4 -2 6 -3 8 9 -1 -10 -7
right_child=1 5 3 -5 -6 11 -8 -9 10 -11 -12 -13
leaf_value=0.034498742754529549 0.012428815442395902 -0.038294319064310328 0.015621089592748136 0.051980715757988183 -0.020352215660345084 0.042922690607234804 -0.001996687566321285 -0.047749528332302282 -0.041383911505435918 -0.033078449429951438 -0.012852238785598347 -0.0097268822237572966
leaf_weight=18.687927186489109 116.13101662695408 48.192402139306068 475.56450369954109 78.123216323554516 133.83972552418709 35.873700261116028 885.52750100195408 105.75302349403501 61.12755667604506 10.319968979805706 59.547022907063365 9.0777774155139905
leaf_count=194 562 222 2794 702 609 235 4201 2315 997 162 987 51
internal_value=-0.000254934 0.00451653 0.0127618 0.0204668 -0.00493729 -0.00221423 -0.00390909 -0.0323507 -0.0189472 0.0101561 -0.0275263 0.03231
internal_weight=2037.77 1782.33 803.658 553.688 249.971 978.671 933.72 255.435 149.682 29.0079 120.675 44.9515
internal_count=14031 9376 4667 3496 1171 4709 4423 4655 2340 356 1984 286
cat_boundaries=0 1 2 3 4 5
cat_threshold=48 1 2 32 1
is_linear=0
shrinkage=0.05


Tree=56
num_leaves=13
num_cat=4
split_feature=0 1 34 0 36 33 8 4 0 4 20 20
split_gain=121.714 40.0549 42.3478 32.7365 24.4517 64.3377 30.9547 20.8181 11.6237 12.6625 12.9848 4.61645
threshold=0 1 20.250000000000004 2 94.500000000000014 34.550000000000004 33.150000000000013 0.21022171450811272 3 0.074116354202380164 31.150000000000002 35.550000000000004
decision_type=1 1 2 1 2 2 2 2 1 2 2 2
left_child=8 2 7 -4 5 -3 -6 -2 9 10 -1 -11
right_child=1 4 3 -5 6 -7 -8 -9 -10 11 -12 -13
leaf_value=-0.037216450765169572 0.00053299459599184817 -0.064568692876021919 -0.0010138645935495669 0.021382233905257335 -0.0032305198243459052 -0.0017726987012666772 0.023090100223792265 -0.080989562040860705 -0.047465150436245322 -0.050695037635967055 0.0019657868685726996 -0.016751049115678089
leaf_weight=29.656205225735903 14.178675182163717 53.521756395697594 241.31856319308281 528.25299241393805 627.09823907911777 162.17478294670582 134.87415687739849 16.456989958882332 102.06218655966222 35.636945199221373 67.851564310491085 15.631382964551447
leaf_count=387 85 225 1129 3395 3124 738 616 73 2337 923 726 311
internal_value=-0.000660441 0.00400669 0.0123175 0.0146315 -0.00276027 -0.0175806 0.00145256 -0.0444354 -0.0324933 -0.0196617 -0.010208 -0.0408642
internal_weight=2028.71 1777.88 800.207 769.572 977.669 215.697 761.972 30.6357 250.838 148.776 97.5078 51.2683
internal_count=14069 9385 4682 4524 4703 963 3740 158 4684 2347 1113 1234
cat_boundaries=0 1 2 3 4
cat_threshold=48 1 2 32
is_linear=0
shrinkage=0.05


Tree=57
num_leaves=13
num_cat=0
split_feature=10 44 5 34 26 36 34 2 4 2 11 5
split_gain=31.8721 33.6724 50.9147 40.5142 42.9943 38.2187 36.0899 20.8095 0.904802 0.138657 0.0929513 0.0416725
threshold=90.645833500000023 46.250000000000007 0.36447543099728857 21.050000000000004 14.750000000000002 95.500000000000014 24.550000000000004 8.5000000000000018 -0.92274349529687905 6.5000000000000009 97.500000000000014 0.75438814418115718
decision_type=2 2 2 2 2 2 2 2 2 2 2 2
left_child=1 3 6 5 -5 -1 -3 9 10 -2 -9 -10
right_child=7 2 -4 4 -6 -7 -8 8 11 -11 -12 -13
leaf_value=-0.044052119484451147 -0.05374738080058683 0.0070842881003437335 -0.087441673422618812 -0.012201531057377875 0.010172429251343559 0.0018962697031254866 -0.037908973662884544 -0.025773048942683452 0.0077914763591766792 -0.10378654645379325 -0.0082799881313886017 0.00058051916951941613
leaf_weight=79.585978735238314 4.0488721244037178 127.87112065777183 21.877617727965117 255.28412495553493 1326.0980371981859 103.04667504876852 67.214809905737638 2.9392378479242325 3.9853697717189771 9.4934557080268842 2.6480477415025234 3.6399432346224785
leaf_count=493 23 869 125 1772 9451 745 374 22 32 56 22 31
internal_value=0.000943869 0.00168852 -0.0168535 0.00397734 0.00655515 -0.0182576 -0.00853194 -0.052266 -0.00634613 -0.0935506 -0.0199979 0.00481571
internal_weight=2007.73 1980.98 216.964 1764.01 1581.38 182.633 195.086 26.7549 13.2126 13.5423 5.58729 7.62531
internal_count=14015 13829 1368 12461 11223 1238 1243 186 107 79 44 63
is_linear=0
shrinkage=0.05


Tree=58
num_leaves=13
num_cat=4
split_feature=0 0 26 2 31 25 33 4 0 38 1 44
split_gain=117.506 37.0317 26.3771 45.6606 39.0316 20.823 24.0152 15.72 10.0765 12.037 10.6962 10.3107
threshold=0 1 14.950000000000001 9.5000000000000018 29.350000000000005 6.6784725000000007 36.95000000000001 -0.98523971305672664 2 6.4422620000000004 3 35.45000000000001
decision_type=1 1 2 2 2 2 2 2 1 2 1 2
left_child=8 5 3 -3 -4 7 -7 -2 9 11 -11 -1
right_child=1 2 4 -5 -6 6 -8 -9 -10 10 -12 -13
leaf_value=0.024203186651112662 -0.04248751862931649 -0.032884302036983941 0.034322735120096301 0.010254367626234856 0.0005163633942187561 0.0078704052055283986 0.060328516122989076 0.047738171807429119 -0.047202310112165108 -0.043680882406370365 -0.012983770354876906 -0.042047015399363896
leaf_weight=21.829880759119991 4.4294948726892462 143.9077410697937 91.928543604910374 105.71222127974033 1051.595549531281 270.39021401852369 22.787614367902279 69.161819733679295 98.357458021491766 57.369860094040632 57.57113335095346 6.9286722242832175
leaf_count=267 35 643 498 617 5259 1646 153 504 2338 993 991 93
internal_value=-0.000749374 0.00381266 4.4269e-05 -0.0146474 0.00326169 0.0177085 0.012139 0.0418106 -0.0326127 -0.0199803 -0.02855 0.00736524
internal_weight=2001.97 1759.91 1393.14 249.62 1143.52 366.769 293.178 73.5913 242.057 143.7 114.941 28.7586
internal_count=14037 9355 7017 1260 5757 2338 1799 539 4682 2344 1984 360
cat_boundaries=0 1 2 3 4
cat_threshold=48 1 32 1
is_linear=0
shrinkage=0.05


Tree=59
num_leaves=13
num_cat=4
split_feature=0 34 34 39 37 0 20 1 0 5 26 38
split_gain=110.319 37.2374 73.7706 73.1962 54.7447 27.1419 23.4294 22.9259 12.2425 11.9894 14.0918 12.265
threshold=0 25.150000000000002 24.550000000000004 19.150000000000002 25.500000000000004 1 33.250000000000007 2 3 -0.71502926860092908 21.750000000000004 5.9175595000000003
decision_type=1 2 2 2 2 1 2 1 1 2 2 2
left_child=8 2 4 -4 -2 7 -7 -3 9 10 -1 -11
right_child=1 5 3 -5 -6 6 -8 -9 -10 11 -12 -13
leaf_value=0.013907424824620269 -0.067199568433569418 0.028445430483063007 -0.06509346234366449 -0.0044700400770593309 0.0079267778643425588 -0.019006942961033932 0.051489136361775815 -0.038010466457408597 -0.046867127353170834 0.020721150616094062 -0.040768723918228014 -0.037655024062036552
leaf_weight=40.906843028962612 23.700713261961937 23.735355064272881 72.79534749686718 153.57124293595552 1349.0249608755112 12.892970539629458 96.220935173332691 26.344696655869484 93.439177861437201 9.5262565612792951 15.396220182999967 77.245394289493561
leaf_count=456 103 106 316 701 7374 66 589 110 2310 106 190 1586
internal_value=0.000122408 0.00449499 0.00221671 -0.024166 0.00658171 0.027504 0.0394772 -0.00549732 -0.0311442 -0.0182629 -0.00149445 -0.0310831
internal_weight=1994.8 1758.29 1599.09 226.367 1372.73 159.194 109.114 50.0801 236.514 143.075 56.3031 86.7717
internal_count=14013 9365 8494 1017 7477 871 655 216 4648 2338 646 1692
cat_boundaries=0 1 2 3 4
cat_threshold=48 2 1 32
is_linear=0
shrinkage=0.05


Tree=60
num_leaves=13
num_cat=4
split_feature=0 1 0 2 4 33 44 0 4 5 42 43
split_gain=100.742 37.0616 35.8866 35.332 24.5269 27.3527 22.2571 12.7511 11.1865 11.9851 7.60989 6.178
threshold=0 1 2 9.5000000000000018 0.9916835347852474 34.45000000000001 48.050000000000004 3 0.074116354202380164 -0.71502926860092908 2.5000000000000004 11.900000000000002
decision_type=1 1 1 2 2 2 2 1 2 2 2 2
left_child=7 2 6 -4 5 -3 -2 8 9 -1 -10 -6
right_child=1 4 3 -5 11 -7 -8 -9 10 -11 -12 -13
leaf_value=0.010081759578052536 0.00040175740894406317 -0.005985212919902401 0.014407721002261665 0.051669524692976171 -0.025307426078904689 0.013276780164815436 -0.056225166306927976 -0.046531956214621653 -0.00018214389191775217 -0.02547637067435099 -0.048181742198034991 -0.067075204916501638
leaf_weight=44.936744354665279 233.74803575873375 665.54089697450399 465.62732369452715 73.029026828706264 34.418283000588417 253.74707962572575 17.74281907081604 89.459684818983078 10.497457148507236 48.185295682400465 37.828060328960419 12.245952814817427
leaf_count=353 1111 3308 2812 701 156 1173 77 2320 251 753 1011 56
internal_value=-7.08435e-05 0.00407254 0.0121198 0.0191903 -0.00247374 -0.000659759 -0.00365539 -0.0303316 -0.0174672 -0.00839272 -0.0379702 -0.0374457
internal_weight=1987.01 1756.1 790.147 538.656 965.952 919.288 251.491 230.907 141.448 93.122 48.3255 46.6642
internal_count=14082 9394 4701 3513 4693 4481 1188 4688 2368 1106 1262 212
cat_boundaries=0 1 2 3 4
cat_threshold=48 1 2 32
is_linear=0
shrinkage=0.05


Tree=61
num_leaves=13
num_cat=3
split_feature=0 43 39 35 8 4 0 20 0 5 4 5
split_gain=99.5725 33.2059 73.4933 81.598 52.2221 101.542 31.4482 25.9458 10.1676 10.5603 11.7673 11.1243
threshold=0 18.050000000000004 18.850000000000005 87.401786000000016 33.350000000000001 0.2603727204637144 1 30.250000000000004 2 -0.71502926860092908 0.039769539193789956 0.26659387353423863
decision_type=1 2 2 2 2 2 1 2 1 2 2 2
left_child=8 4 3 -3 5 -2 -6 -4 9 10 -1 -11
right_child=1 2 7 -5 6 -7 -8 -9 -10 11 -12 -13
leaf_value=0.0097470909197606426 0.0045992685134127846 0.009643294665388432 -0.010440217498962557 -0.054919932983225631 -0.0085075761445101341 -0.036282504764925727 0.019255836497748095 0.033182431230640623 -0.046234764678802803 -0.051467488044539926 -0.044540575737585852 -0.014278626382022368
leaf_weight=42.864873468875885 417.44130919128656 189.9732875674963 37.839165098965168 64.820823170244694 139.44515536725521 237.59417354315519 341.05553762614727 308.53905367106199 85.862894453108311 36.048662323504686 11.926555244252084 46.39363494515419
leaf_count=331 2375 1043 216 364 597 1111 1825 1810 2322 780 311 922
internal_value=-0.000178864 0.00392482 0.0134389 -0.00693239 -0.00108494 -0.0102621 0.011421 0.0284007 -0.0307999 -0.0184285 -0.00265635 -0.0309617
internal_weight=1959.81 1736.71 601.172 254.794 1135.54 655.035 480.501 346.378 223.097 137.234 54.7914 82.4423
internal_count=14007 9341 3433 1407 5908 3486 2422 2026 4666 2344 642 1702
cat_boundaries=0 1 2 3
cat_threshold=48 2 32
is_linear=0
shrinkage=0.05


Tree=62
num_leaves=12
num_cat=3
split_feature=0 34 34 39 36 32 0 0 5 5 4
split_gain=92.473 32.3031 71.2272 66.6726 53.0975 21.8148 21.6258 10.6785 9.10959 12.1603 10.2839
threshold=0 25.150000000000002 24.550000000000004 19.150000000000002 96.500000000000014 28.111012000000006 1 2 -0.71502926860092908 0.26659387353423863 0.074116354202380164
decision_type=1 2 2 2 2 2 1 1 2 2 2
left_child=7 2 4 -4 -2 -3 -7 8 10 -10 -1
right_child=1 5 3 -5 -6 6 -8 -9 9 -11 -12
leaf_value=0.0070270566329676265 -0.0092574900522370378 -0.04733248411532754 -0.063943765837499944 -0.0058131124962927522 0.012306793199750319 -0.0017023994614010368 0.042007548035385485 -0.045973685325021031 -0.051271028369680977 -0.012007774928062412 -0.047071251197925712
leaf_weight=45.379535913467407 406.49445313960314 8.7219300270080549 71.518194779753685 154.95949093997478 953.01695895940065 46.468992367386818 94.759409964084625 83.049886368215084 35.252360347658396 45.05023580044508 9.8429560419172031
leaf_count=351 1915 37 314 712 5571 201 602 2342 805 907 289
internal_value=-0.000312166 0.00361175 0.00152794 -0.0243703 0.005857 0.0257349 0.0305485 -0.0301425 -0.017718 -0.0296627 -0.00328125
internal_weight=1954.51 1735.94 1585.99 226.478 1359.51 149.95 141.228 218.575 135.525 80.3026 55.2225
internal_count=14046 9352 8512 1026 7486 840 803 4694 2352 1712 640
cat_boundaries=0 1 2 3
cat_threshold=48 2 32
is_linear=0
shrinkage=0.05


Tree=63
num_leaves=13
num_cat=3
split_feature=0 1 34 42 36 33 22 4 0 4 33 8
split_gain=83.4927 34.1682 37.2171 26.0051 25.8355 56.156 22.5695 15.425 11.4384 9.20438 11.2081 7.84445
threshold=0 1 20.250000000000004 2.5000000000000004 94.500000000000014 34.550000000000004 89.520833500000023 0.21022171450811272 2 0.074116354202380164 31.750000000000004 35.150000000000013
decision_type=1 1 2 2 2 2 2 2 1 2 2 2
left_child=8 2 7 -4 5 -3 -6 -2 9 10 -1 -11
right_child=1 4 3 -5 6 -7 -8 -9 -10 11 -12 -13
leaf_value=-0.033598181965231171 -0.0032824734774342273 -0.062732823240110133 0.038769845508855094 0.0098564368663230026 0.0026420543690403612 -0.0034880222893559744 -0.058311701015211825 -0.076682677667914464 -0.045635123299838459 -0.050083524207920831 0.0035762872483314622 -0.0023123340572115594
leaf_weight=29.254681698977947 12.951506592333319 52.384941533207893 87.53375156223774 653.15626375377178 736.39972417056561 160.02705233544111 14.506528183817862 15.261690884828566 79.250827027484775 30.286934858188033 60.978492245078087 11.985710997134445
leaf_count=414 81 222 469 4040 3677 744 74 70 2335 947 681 281
internal_value=-0.000406049 0.00328168 0.0111537 0.0133211 -0.00297269 -0.0183244 0.00138852 -0.0442535 -0.0292267 -0.0166672 -0.00871228 -0.0369052
internal_weight=1943.98 1732.22 768.903 740.69 963.318 212.412 750.906 28.2132 211.757 132.506 90.2332 42.2726
internal_count=14035 9377 4660 4509 4717 966 3751 151 4658 2323 1095 1228
cat_boundaries=0 1 2 3
cat_threshold=48 1 32
is_linear=0
shrinkage=0.05


Tree=64
num_leaves=15
num_cat=2
split_feature=0 44 39 4 4 32 44 4 4 0 44 36 32 40
split_gain=81.254 37.0847 79.5189 47.2867 36.5531 55.4516 49.1466 16.0648 12.4947 13.253 12.9984 2.38176 3.89817 0.699019
threshold=0 48.050000000000004 26.650000000000002 -0.35846811432664222 -0.30163705152652737 26.964285500000003 35.100000000000001 -0.35846811432664222 -0.022576249993022598 1 34.400000000000013 84.500000000000014 29.248512000000002 0.25000000000000006
decision_type=1 2 2 2 2 2 2 2 2 1 2 2 2 2
left_child=8 4 7 -4 6 -6 -2 -3 9 10 -1 12 -10 -13
right_child=1 2 3 -5 5 -7 -8 -9 11 -11 -12 13 -14 -15
leaf_value=0.022260601635070581 -0.0026669156167214263 -0.038996023634599863 -0.04040529402152529 0.041097184876439548 -0.024016184247199174 0.0055353045797027168 0.029702647416415501 -0.096348250179631459 -0.034887926963116288 -0.040297748893384625 -0.019288790049722174 -0.023879066675355033 0.057403299576497105 -0.048160243795929203
leaf_weight=27.396360497921705 194.5181957706809 26.18752957880497 27.41809556633234 46.740289613604546 191.06268235296011 914.04638993740082 293.66527466475964 26.339112922549248 2.0466499514877792 37.411264024674892 54.982985112816095 6.2261362466961137 0.83223401755094517 76.565297337248921
leaf_count=327 1210 122 125 238 977 4694 1864 112 61 1015 684 197 14 2354
internal_value=-0.00026214 0.00335234 -0.0225597 0.0108271 0.00544653 0.000409044 0.0168258 -0.0690176 -0.0291407 -0.0198574 -0.00479468 -0.0451046 -0.00028746 -0.046641
internal_weight=1925.44 1719.98 126.685 74.1584 1593.29 1105.11 488.183 52.5266 205.461 119.791 82.3793 85.6703 2.87888 82.7914
internal_count=13994 9342 597 363 8745 5671 3074 234 4652 2026 1011 2626 75 2551
cat_boundaries=0 1 2
cat_threshold=48 32
is_linear=0
shrinkage=0.05


Tree=65
num_leaves=12
num_cat=3
split_feature=0 0 40 39 38 2 34 0 38 4 5
split_gain=75.7354 36.0549 26.8748 45.9549 27.711 19.6607 22.3852 9.85368 6.63151 10.8079 8.38338
threshold=0 1 130.55000000000004 22.350000000000005 6.4553575000000007 10.500000000000002 20.250000000000004 2 6.4422620000000004 -0.42180583328916638 -0.7444366621422277
decision_type=1 1 2 2 2 2 2 1 2 2 2
left_child=7 5 4 -4 -3 6 -2 8 9 -1 -10
right_child=1 2 3 -5 -6 -7 -8 -9 10 -11 -12
leaf_value=0.025350434034914833 -0.062952948069717948 0.017816711896205175 -0.096283757264061201 0.037136289656063796 -0.0026317947780769998 0.053396022104446522 0.015784993265238582 -0.044995306785963245 -0.0065925278227331498 -0.039320049668500751 -0.036095030887744566
leaf_weight=18.397135108709339 8.3251083642244321 192.48039331287146 17.159860208630565 9.3374349698424322 1152.0737487375736 33.493264019489288 313.23112642019987 72.619293007999659 41.939436795189977 8.6949200052767974 57.284019399434328
leaf_count=198 38 1077 79 64 5827 319 1992 2317 505 160 1453
internal_value=-0.000402888 0.00302966 -0.000688885 -0.0496269 0.000306588 0.0169783 0.0135576 -0.0287651 -0.0165773 0.00393425 -0.0238152
internal_weight=1925.04 1726.1 1371.05 26.4973 1344.55 355.049 321.556 198.935 126.316 27.0921 99.2235
internal_count=14029 9396 7047 143 6904 2349 2030 4633 2316 358 1958
cat_boundaries=0 1 2 3
cat_threshold=48 1 32
is_linear=0
shrinkage=0.05


Tree=66
num_leaves=13
num_cat=3
split_feature=0 0 26 5 25 25 33 4 0 4 4 44
split_gain=68.7923 31.6944 23.6793 43.0041 32.1927 21.8033 21.2087 17.1852 10.6221 8.14362 10.3418 7.74052
threshold=0 1 14.950000000000001 -0.23537842981696172 6.8013890000000012 6.6784725000000007 36.95000000000001 -0.99467753128998015 2 -0.074117382312902935 -0.70291267844185523 40.850000000000009
decision_type=1 1 2 2 2 2 2 2 1 2 2 2
left_child=8 5 3 -3 -4 7 -7 -2 9 10 -1 -11
right_child=1 2 4 -5 -6 6 -8 -9 -10 11 -12 -13
leaf_value=-0.030233976334224356 -0.06934368129492717 -0.038833959696242919 0.022652742649767757 0.0029285945456346122 -0.0012539832654409307 0.006068919355481402 0.058201259448641941 0.046087357474684752 -0.044684758130803054 -0.04657575094446504 0.0067720922378988599 -0.0033741963209110272
leaf_weight=28.9585932046175 2.5211967229843131 105.51606768369675 164.20963787287474 146.01194483041763 953.18747262656689 263.69504845142365 20.103880293667316 67.419230449944735 69.756815727800131 32.344110226258636 50.307825662195683 15.287263343110679
leaf_count=509 19 481 933 817 4810 1656 152 536 2323 942 491 405
internal_value=-0.000620262 0.00264399 -0.000840615 -0.0146752 0.0022764 0.0157476 0.00995329 0.0410075 -0.0278101 -0.0157094 -0.00695566 -0.0330647
internal_weight=1919.32 1722.66 1368.93 251.528 1117.4 353.739 283.799 69.9404 196.655 126.898 79.2664 47.6314
internal_count=14074 9404 7041 1298 5743 2363 1808 555 4670 2347 1000 1347
cat_boundaries=0 1 2 3
cat_threshold=48 1 32
is_linear=0
shrinkage=0.05


Tree=67
num_leaves=12
num_cat=0
split_feature=44 5 22 34 33 36 37 40 37 10 4
split_gain=33.7818 45.4459 33.0267 34.0754 37.3593 33.1023 31.722 52.5988 26.7511 9.47143 5.00009
threshold=46.250000000000007 0.36447543099728857 88.861111000000008 21.050000000000004 31.050000000000004 94.500000000000014 54.500000000000007 66.450000000000017 61.500000000000007 87.354166500000005 0.97696484778429815
decision_type=2 2 2 2 2 2 2 2 2 2 2
left_child=2 6 3 5 -5 -1 10 -8 -4 -10 -2
right_child=1 -3 8 4 -6 -7 7 -9 9 -11 -12
leaf_value=-0.051667158450733587 0.04268819246842525 -0.08499332533096865 -0.11463802491706519 -0.039590755115473761 0.0068551078264799175 -0.0039567845597857244 -0.057489997061666243 0.0042941518289452653 -0.093110608906114167 -0.01209604992986427 0.0091190538348572703
leaf_weight=50.168093252927065 20.403944941237569 22.596458330750465 8.3582786712795478 43.659903017804027 1431.2261976785958 126.24377297796309 60.641473827883601 77.794779554009438 3.0489533245563498 38.019466657191515 24.489507522433996
leaf_count=317 141 130 52 358 10708 912 357 577 24 301 168
internal_value=-0.000568162 -0.0196438 0.00175173 0.00296724 0.00545431 -0.0177394 -0.0111717 -0.0229884 -0.0381107 -0.020181 0.0249738
internal_weight=1906.65 205.926 1700.72 1651.3 1474.89 176.412 183.33 138.436 49.4267 41.0684 44.8935
internal_count=14045 1373 12672 12295 11066 1229 1243 934 377 325 309
is_linear=0
shrinkage=0.05


Tree=68
num_leaves=9
num_cat=3
split_feature=0 0 44 4 22 4 1 32
split_gain=63.8429 33.4794 35.5212 41.9639 33.8593 22.2601 36.2146 25.256
threshold=0 1 46.250000000000007 0.93237596376505805 55.000000000000007 0.98667101781630184 2 26.280654500000001
decision_type=1 1 2 2 2 2 1 2
left_child=-1 2 4 -4 -2 7 -7 -3
right_child=1 5 3 -5 -6 6 -8 -9
leaf_value=-0.044435755772812106 -0.10542592836259793 -0.026165983869607713 -0.035223819961832825 0.051396242331602719 0.014661177341491456 0.0071290897115935462 -0.066744605529276621 0.00031111663281104869
leaf_weight=67.670982660725713 4.9350839853286734 98.961523512378335 75.149601884186268 16.202202267944813 665.10283380374312 30.882474776357412 34.412031084299088 909.64047074876726
leaf_count=2347 23 680 388 92 4177 206 205 5943
internal_value=-0.000326878 0.00155634 0.00950555 -0.0194707 0.0136209 -0.00411887 -0.0322239 -0.00231009
internal_weight=1902.96 1835.29 761.39 91.3518 670.038 1073.9 65.2945 1008.6
internal_count=14061 11714 4680 480 4200 7034 411 6623
cat_boundaries=0 1 2 3
cat_threshold=16 5 1
is_linear=0
shrinkage=0.05


Tree=69
num_leaves=9
num_cat=2
split_feature=0 0 8 39 43 23 33 4
split_gain=60.7104 32.7059 22.6413 45.9402 39.4013 20.7849 21.3238 9.78901
threshold=0 1 30.450000000000003 20.350000000000005 17.750000000000004 98.500000000000014 36.95000000000001 -0.98803845231459231
decision_type=1 1 2 2 2 2 2 2
left_child=-1 5 3 -3 -4 6 -2 -7
right_child=1 2 4 -5 -6 7 -8 -9
leaf_value=-0.04417209512615896 0.0039347549840339875 -0.036870497818792022 -0.0049824096940424729 0.0054779028795614764 0.014628516663344799 -0.015823584699205757 0.057118583173393404 0.041579250660322226
leaf_weight=65.506569588556886 238.6909071803093 125.91258377209306 861.93235577829182 128.81948053278029 363.23866877891123 7.6718980595469466 19.483130566775799 79.025182642042637
leaf_count=2370 1472 813 5306 854 2365 64 156 652
internal_value=-0.00053699 0.00128766 -0.00197156 -0.015517 0.000839026 0.0149022 0.00815318 0.0363771
internal_weight=1890.28 1824.77 1479.9 254.732 1225.17 344.871 258.174 86.6971
internal_count=14052 11682 9338 1667 7671 2344 1628 716
cat_boundaries=0 1 2
cat_threshold=16 1
is_linear=0
shrinkage=0.05


Tree=70
num_leaves=13
num_cat=0
split_feature=44 5 21 6 39 43 5 35 4 13 26 2
split_gain=29.0325 43.7431 30.9637 30.1548 46.9321 67.6606 33.7637 28.338 23.879 20.1874 16.983 16.5416
threshold=46.250000000000007 0.36447543099728857 24.750000000000004 27.000000000000004 18.850000000000005 9.6000000000000032 -0.23537842981696172 58.401786000000008 -0.30163705152652737 11.172917000000002 25.100000000000005 8.5000000000000018
decision_type=2 2 2 2 2 2 2 2 2 2 2 2
left_child=3 2 11 7 6 -6 -5 9 -9 -1 -4 -2
right_child=1 -3 10 4 5 -7 -8 8 -10 -11 -12 -13
leaf_value=-0.081071291888192051 0.020791702919630919 -0.082252814511487277 -0.050277426683638632 -0.056810653506977019 -0.098201497329802281 0.020724261827131118 0.0021620351712558663 0.015356689723546556 0.0011295056277410753 0.027988202235667309 -0.0038281816265917632 -0.024923146127772213
leaf_weight=15.000164639204742 74.343643711879849 22.574794409796596 50.059609657153487 75.853305706754327 12.515483515337108 103.17416208609939 35.369872758165002 413.84696704521775 1020.9188993386924 5.2004657052457324 32.305489907041192 25.904622012749314
leaf_count=101 519 134 299 504 84 822 290 3473 7401 35 217 201
internal_value=-0.000419583 -0.0181279 -0.00979597 0.00175031 -0.0151626 0.00712738 -0.0382047 0.00439662 0.00524106 -0.0529991 -0.0323234 0.00884929
internal_weight=1887.07 205.188 182.613 1681.88 226.913 115.69 111.223 1454.97 1434.77 20.2006 82.3651 100.248
internal_count=14080 1370 1236 12710 1700 906 794 11010 10874 136 516 720
is_linear=0
shrinkage=0.05


Tree=71
num_leaves=9
num_cat=3
split_feature=0 0 8 43 39 1 2 37
split_gain=58.3143 31.7637 25.123 27.152 24.3744 20.5716 18.8471 18.5538
threshold=0 1 30.050000000000004 17.750000000000004 20.350000000000005 2 10.500000000000002 32.500000000000007
decision_type=1 1 2 2 2 1 2 2
left_child=-1 5 4 -4 -3 7 -7 -2
right_child=1 2 3 -5 -6 6 -8 -9
leaf_value=-0.043790351328639593 -0.0059839577172319412 -0.036367665324525102 -0.0039373157824756947 0.01166201088558722 -0.00054788194371559521 6.1405560350857822e-05 0.050836972017717807 0.038865913671627506
leaf_weight=62.262312211096287 28.483289211988449 94.197408404201269 884.65082059428096 406.22023625299335 94.837107812985778 181.08036640286446 19.327599696815014 114.87543494999409
leaf_count=2344 188 598 5451 2678 627 1018 160 998
internal_value=-4.72328e-05 0.00170006 -0.00151096 0.000976816 -0.0184946 0.0151416 0.00518636 0.0299752
internal_weight=1885.93 1823.67 1479.91 1290.87 189.035 343.767 200.408 143.359
internal_count=14062 11718 9354 8129 1225 2364 1178 1186
cat_boundaries=0 1 2 3
cat_threshold=16 1 1
is_linear=0
shrinkage=0.05


Tree=72
num_leaves=13
num_cat=4
split_feature=0 1 34 42 2 33 4 0 25 1 4 33
split_gain=56.7295 33.045 29.7882 25.7921 21.7697 19.1003 12.2361 8.9383 8.67921 11.4554 11.1311 7.5753
threshold=0 1 20.250000000000004 2.5000000000000004 11.500000000000002 31.050000000000004 0.21022171450811272 2 6.8013890000000012 3 -0.35846811432664222 32.95000000000001
decision_type=1 1 2 2 2 2 2 1 2 1 2 2
left_child=7 2 6 -4 5 -3 -2 8 10 -10 -1 -6
right_child=1 4 3 -5 11 -7 -8 -9 9 -11 -12 -13
leaf_value=0.022164481975670298 -0.0045590524868273745 -0.039247818442635939 0.03751197495041609 0.0084711686663123866 0.041772084078464694 -0.0040929607125950529 -0.071264587055574202 -0.043428308067424475 -0.043911152513888885 -0.0070696148413416206 -0.031813007756187596 -0.0082156632303829382
leaf_weight=25.629336077719927 12.909679979085924 39.480824172496796 86.028791878372431 639.98282488808036 32.734039798378944 860.27474301308393 14.070115171372889 59.46770709194243 41.271682066842914 43.043748866766691 13.899200668558477 9.3968285769224149
leaf_count=319 79 192 472 4061 231 4211 69 2331 864 878 282 55
internal_value=-0.000715593 0.00220818 0.0100228 0.0119592 -0.00401981 -0.0056774 -0.0406501 -0.0263063 -0.0152126 -0.0254065 0.00286803 0.0306909
internal_weight=1878.19 1694.88 752.991 726.012 941.886 899.756 26.9798 183.312 123.844 84.3154 39.5285 42.1309
internal_count=14044 9370 4681 4533 4689 4403 148 4674 2343 1742 601 286
cat_boundaries=0 1 2 3 4
cat_threshold=48 1 32 1
is_linear=0
shrinkage=0.05


Tree=73
num_leaves=9
num_cat=1
split_feature=0 44 39 4 4 4 39 2
split_gain=51.0247 30.2899 67.9963 34.2864 33.3908 63.4964 45.3345 7.62734
threshold=0 48.050000000000004 26.650000000000002 -0.35846811432664222 -0.30163705152652737 -0.65234524191686594 15.050000000000002 7.5000000000000009
decision_type=1 2 2 2 2 2 2 2
left_child=-1 4 7 -4 5 -2 -6 -3
right_child=1 2 3 -5 6 -7 -8 -9
leaf_value=-0.043075312386600263 0.00093005577578516305 -0.084619843405341399 -0.034440100159563738 0.032249075340582613 -0.044295901692233297 0.037576888295072441 0.00043187469772893393 -0.043694021537596613
leaf_weight=56.944616080261767 350.61473559774458 26.139549426734447 29.810083638876677 50.556141460314393 58.740784123539925 177.35292967781425 1095.3207289706916 27.300462812185287
leaf_count=2328 2589 133 157 313 335 1254 6789 150
internal_value=-0.00053482 0.00105352 -0.0217465 0.00739294 0.00288538 0.0132881 -0.00188111 -0.0648991
internal_weight=1872.78 1815.84 133.806 80.3662 1682.03 527.968 1154.06 53.44
internal_count=14048 11720 753 470 10967 3843 7124 283
cat_boundaries=0 1
cat_threshold=16
is_linear=0
shrinkage=0.05


Tree=74
num_leaves=13
num_cat=4
split_feature=0 33 1 44 2 0 4 37 7 31 38 1
split_gain=54.5203 54.7608 42.1896 40.4725 37.2456 28.0974 19.8101 17.0925 14.6922 3.79316 3.76656 3.68279
threshold=0 36.850000000000001 1 46.250000000000007 9.5000000000000018 2 0.98049069993378934 40.500000000000007 31.435416500000006 35.45000000000001 14.070238000000002 3
decision_type=1 2 1 2 2 1 2 2 2 2 2 1
left_child=1 2 4 -4 -1 6 8 -8 -2 11 -11 -3
right_child=5 9 3 -5 -6 -7 7 -9 -10 10 -12 -13
leaf_value=0.0091076761632896408 -0.0045267987354151639 0.049410574465872076 -0.00068478554998450015 -0.043291943385725382 0.048993413573200278 -0.042763839214536373 -0.058302215773682609 0.011136006613640392 -0.07449467001634516 0.057132807975354388 -6.5792199594925694e-05 0.0081915479272068308
leaf_weight=406.69659809023142 573.07408877648413 9.309689924120903 584.83163908869028 60.611312866210938 67.530781157314777 54.889704098924994 32.182996386662126 11.702630601823328 6.6084735896438351 52.197697095572948 3.0403468236327162 12.453265994787216
leaf_count=2547 4304 74 3017 282 733 2342 236 91 48 339 20 70
internal_value=-6.15252e-05 0.00634358 0.00357133 -0.00474666 0.0148786 -0.011279 -0.00781428 -0.0399501 -0.00545136 0.0469055 0.0540394 0.0272201
internal_weight=1875.13 1196.67 1119.67 645.443 474.227 678.458 623.568 43.8856 579.683 77.001 55.238 21.763
internal_count=14103 7082 6579 3299 3280 7021 4679 327 4352 503 359 144
cat_boundaries=0 1 2 3 4
cat_threshold=13 1 34 1
is_linear=0
shrinkage=0.05


Tree=75
num_leaves=13
num_cat=2
split_feature=0 6 5 6 40 6 44 23 0 5 5 26
split_gain=46.9769 29.9034 48.2938 33.3801 44.7467 33.0269 32.2619 19.6175 9.09443 7.51312 13.2469 12.0334
threshold=0 2.5000000000000004 -0.83375966452616657 27.000000000000004 41.050000000000004 1.5000000000000002 48.050000000000004 98.500000000000014 1 -0.71502926860092908 0.26659387353423863 21.750000000000004
decision_type=1 2 2 2 2 2 2 2 1 2 2 2
left_child=8 2 7 6 -5 -4 -3 -2 9 11 -11 -1
right_child=1 3 5 4 -6 -7 -8 -9 -10 10 -12 -13
leaf_value=0.013800071255230882 -0.069275289513123145 0.012234427337797815 0.0025387064189179142 -0.071649299551782869 -0.003254172597534358 -0.040081498134023341 -0.021781120595588517 0.018742018285753774 -0.042435228512489459 -0.050697613872019015 -0.0068854832845275469 -0.038963114252865451
leaf_weight=38.60325482301414 40.803444661200047 951.73574524000287 326.65159373357892 26.066380552947521 206.30319563299417 51.784384183585644 74.304951600730419 7.0222450420260421 52.774871358647943 29.216109611093998 41.08634907566011 13.861142070963977
leaf_count=459 192 5585 1675 122 1161 240 357 38 2342 787 911 190
internal_value=-0.000638226 0.00198895 -0.00943089 0.0058774 -0.0112006 -0.00338362 0.00975224 -0.0562325 -0.0244475 -0.0138613 -0.0255485 -0.000608043
internal_weight=1860.21 1684.67 426.262 1258.41 232.37 378.436 1026.04 47.8257 175.542 122.767 70.3025 52.4644
internal_count=14059 9370 2145 7225 1283 1915 5942 230 4689 2347 1698 649
cat_boundaries=0 1 2
cat_threshold=48 32
is_linear=0
shrinkage=0.05


Tree=76
num_leaves=13
num_cat=2
split_feature=0 32 34 39 36 0 4 26 37 4 38 34
split_gain=47.9599 49.4442 49.0002 56.5365 54.8649 25.7347 19.2764 15.332 15.0421 8.17877 12.6567 1.72113
threshold=0 29.330059500000001 24.550000000000004 18.750000000000004 94.500000000000014 1 0.98049069993378934 14.750000000000002 40.500000000000007 0.9916835347852474 11.480357000000003 26.250000000000004
decision_type=1 2 2 2 2 1 2 2 2 2 2 2
left_child=1 2 4 -4 -1 6 7 -2 -8 11 -11 -3
right_child=5 9 3 -5 -6 -7 8 -9 -10 10 -12 -13
leaf_value=-0.01807389443076168 -0.023263114240419484 0.051269171781865741 -0.059691491927461815 -0.00069264173662825408 0.013281562845390393 -0.042145972604660027 -0.056532025209704545 -0.0016817723500074603 0.0090803211088053438 -0.039740458158706499 0.037918561566754133 0.030245753220607841
leaf_weight=171.5358152911067 98.463920637965202 59.478230655193329 61.544413104653358 115.82552187144756 729.34022656828165 51.058024422265589 32.282234964892268 477.9108055960387 11.504240550100802 7.1236295551061657 13.970793031156061 18.285921812057495
leaf_count=847 736 382 287 586 4671 2363 241 3645 92 34 84 133
internal_value=-0.00043612 0.00563603 0.00256418 -0.0213841 0.00729775 -0.0109975 -0.00774323 -0.00540249 -0.0394755 0.0393438 0.0110813 0.0467724
internal_weight=1848.32 1177.1 1078.25 177.37 900.876 671.219 620.161 576.375 43.7865 98.8586 21.0944 77.7642
internal_count=14101 7024 6391 873 5518 7077 4714 4381 333 633 118 515
cat_boundaries=0 1 2
cat_threshold=13 34
is_linear=0
shrinkage=0.05


Tree=77
num_leaves=9
num_cat=4
split_feature=0 1 0 2 38 4 33 0
split_gain=43.2933 25.7237 37.374 30.64 26.3218 21.8233 31.7743 11.7674
threshold=0 1 2 9.5000000000000018 6.4553575000000007 0.9893236546938301 34.550000000000004 3
decision_type=1 1 1 2 2 2 2 1
left_child=-1 2 3 -2 -4 6 -3 -7
right_child=1 5 4 -5 -6 7 -8 -9
leaf_value=-0.04173256389774925 0.011974165671251796 -0.0070118407988493852 0.026504093355332981 0.048925852826416205 -0.012546579910889985 0.0025417327051982818 0.014857997433374657 -0.047124863189622709
leaf_weight=48.598320311866701 435.10705168545246 719.83263076283038 51.124195812270045 63.652651399374008 250.44612458720803 23.728546217083931 214.8186621889472 31.503447793424129
leaf_count=2337 2812 4283 376 727 1958 125 1239 188
internal_value=0.000196922 0.00158198 0.00825118 0.0164493 -0.00567323 -0.00379705 -0.00197481 -0.03405
internal_weight=1838.81 1790.21 800.33 498.76 301.57 989.883 934.651 55.232
internal_count=14045 11708 5873 3539 2334 5835 5522 313
cat_boundaries=0 1 2 3 4
cat_threshold=16 1 13 5
is_linear=0
shrinkage=0.05


Tree=78
num_leaves=15
num_cat=2
split_feature=0 26 2 34 33 25 4 4 38 0 4 23 43 4
split_gain=41.6125 27.3558 42.0109 39.0858 33.4486 31.483 10.9136 10.0326 10.1744 9.60375 7.87221 5.30354 4.82715 4.44178
threshold=0 14.950000000000001 9.5000000000000018 20.250000000000004 32.45000000000001 6.8013890000000012 0.039769539193789956 -0.67803021058859214 5.8008925000000007 1 -0.92923668111203817 80.500000000000014 1.0500000000000003 0.48314048284850658
decision_type=1 2 2 2 2 2 2 2 2 1 2 2 2 2
left_child=6 2 4 13 -2 -5 7 8 -1 -9 -4 12 -8 -3
right_child=1 3 10 5 -6 -7 11 9 -10 -11 -12 -13 -14 -15
leaf_value=0.014984451733347851 -0.050517404417646516 -0.031300107247590359 -0.014611478248341182 0.025397838405561757 -0.0070826291099366188 0.0035893595833787215 -0.03357765406732284 0.0075044717905239549 -0.047662148873796356 -0.028930159281060602 0.017705228950278314 -0.045214865596843956 0.061119015586065029 -0.071073748786978849
leaf_weight=7.656528413295745 79.652551218867302 24.076841853559017 22.51314590498805 192.80518313497305 99.261853873729706 1136.11594876647 1.8292542099952691 55.271909799426794 30.392210285179317 14.120569139719008 97.213411342352629 55.961293607950211 1.6406323015689848 11.414966121315954
leaf_count=130 387 126 143 1244 484 6234 60 547 905 547 683 2461 30 53
internal_value=-8.61305e-05 0.00235794 -0.0113107 0.00537307 -0.0265931 0.00677014 -0.0230784 -0.0147169 -0.0349949 -0.00325896 0.0115578 -0.04152 0.0148534 -0.0456893
internal_weight=1829.93 1663.05 298.641 1364.41 178.914 1328.92 166.872 107.441 38.0487 69.3925 119.727 59.4312 3.46989 35.4918
internal_count=14034 9354 1697 7657 871 7478 4680 2129 1035 1094 826 2551 90 179
cat_boundaries=0 1 2
cat_threshold=48 32
is_linear=0
shrinkage=0.05


Tree=79
num_leaves=9
num_cat=2
split_feature=0 22 39 25 5 0 5 44
split_gain=42.3446 25.1738 25.3729 29.4032 21.8307 6.80461 6.35801 9.27951
threshold=0 55.000000000000007 15.050000000000002 6.8013890000000012 -0.39827153806311177 1 0.89309379682046119 34.400000000000013
decision_type=1 2 2 2 2 1 2 2
left_child=5 -2 4 -4 -3 6 7 -1
right_child=1 2 3 -5 -6 -7 -8 -9
leaf_value=0.013185214995280357 -0.075614526431194679 -0.055107349764939653 0.018037657344268019 0.00098165483856901066 -0.0057602220476258093 -0.041072068456295935 -0.048510489111705239 -0.019903893872157408
leaf_weight=28.324469901621342 9.2820039987564069 31.225028872489929 317.25872660428286 1227.0393813997507 74.517092656344175 45.063699226826429 11.804744947701691 76.794178599491715
leaf_count=488 43 150 2000 6716 442 2338 303 1541
internal_value=-7.00877e-05 0.00236951 0.00286808 0.00449502 -0.0207119 -0.0236178 -0.0139374 -0.0109477
internal_weight=1821.31 1659.32 1650.04 1544.3 105.742 161.987 116.923 105.119
internal_count=14021 9351 9308 8716 592 4670 2332 2029
cat_boundaries=0 1 2
cat_threshold=48 32
is_linear=0
shrinkage=0.05


Tree=80
num_leaves=8
num_cat=1
split_feature=0 22 43 43 8 37 9
split_gain=36.908 25.4719 28.1044 49.9271 43.697 19.6411 2.63454
threshold=0 89.534722500000015 17.750000000000004 20.350000000000005 33.350000000000001 61.500000000000007 24.750000000000004
decision_type=1 2 2 2 2 2 2
left_child=-1 2 4 -4 -2 -3 -7
right_child=1 5 3 -5 -6 6 -8
leaf_value=-0.040793813509958796 -0.011518212311625253 -0.1049338843063215 0.035959666287904389 0.0023911424593451914 0.0083735418891046215 0.0027664840575665553 -0.041064587538696462
leaf_weight=43.740776198916137 653.23059587273747 8.7758366037160176 142.59051454253495 485.29309711419046 476.73391311615705 10.05576992407441 4.1140595097094765
leaf_count=2360 4248 46 985 3343 3011 81 27
internal_value=-0.000354582 0.000885026 0.00158685 0.0100595 -0.00312586 -0.0503322 -0.0118275
internal_weight=1824.53 1780.79 1757.85 627.884 1129.96 22.9457 14.1698
internal_count=14101 11741 11587 4328 7259 154 108
cat_boundaries=0 1
cat_threshold=16
is_linear=0
shrinkage=0.05


Tree=81
num_leaves=15
num_cat=1
split_feature=0 5 44 5 27 4 8 4 44 44 34 30 44 34
split_gain=37.3336 25.9551 28.3617 50.2122 36.1817 6.39349 7.27555 7.30613 6.6954 23.6111 5.07051 4.35958 1.17784 0.496262
threshold=0 0.99445195900249039 34.750000000000007 -0.39827153806311177 33.150000000000013 -0.022576249993022598 30.950000000000003 -0.70291267844185523 40.850000000000009 41.20000000000001 22.150000000000002 34.600000000000001 27.200000000000003 23.250000000000004
decision_type=1 2 2 2 2 2 2 2 2 2 2 2 2 2
left_child=5 2 3 -2 -4 6 11 -8 -7 -10 12 -1 -3 -12
right_child=1 10 4 -5 -6 8 7 -9 9 -11 13 -13 -14 -15
leaf_value=-0.03384145712462059 -0.029441787649972191 -0.0028995077477055602 0.00030196070135809128 0.0033683927584384436 0.021229724336516057 -0.048946886784028518 -0.029148336379559193 0.0089867992615656166 0.088397491891985758 -0.03951815673939138 0.064415674975813159 0.04380793323872792 0.02770913983627192 0.028512004854183239
leaf_weight=42.868380293250084 185.39721947163343 3.5107685849070576 841.97361646965146 310.97727109864354 272.66887720301747 39.057007293216884 17.852921343408525 36.712279212661088 3.6224153228104141 15.613673109561203 15.30391635745764 1.0559989837929595 19.198273915797472 3.5687065199017516
leaf_count=996 944 23 4640 1823 1684 1832 481 532 104 679 95 18 110 22
internal_value=-0.000253634 0.00201644 0.00100958 -0.00892085 0.00543585 -0.0227301 -0.0161335 -0.00379048 -0.0372488 -0.012252 0.0405594 -0.0310411 0.0230544 0.0594029
internal_weight=1809.38 1652.6 1611.02 496.374 1114.64 156.783 98.4896 54.5652 58.2931 19.2361 41.5817 43.9244 22.709 18.8726
internal_count=13983 9341 9091 2767 6324 4642 2027 1013 2615 783 250 1014 133 117
cat_boundaries=0 1
cat_threshold=48
is_linear=0
shrinkage=0.05


Tree=82
num_leaves=14
num_cat=2
split_feature=0 2 34 20 32 0 4 2 5 36 34 4 4
split_gain=34.7663 27.5767 32.0572 33.0106 25.8523 24.8907 17.9295 13.9529 8.17047 4.49292 6.81454 4.4888 0.342737
threshold=0 10.500000000000002 20.250000000000004 31.550000000000004 26.280654500000001 1 0.98213580174693116 10.500000000000002 -0.54219087765047058 99.500000000000014 20.250000000000004 -0.55657520495441892 0.27694220057652758
decision_type=1 2 2 2 2 1 2 2 2 2 2 2 2
left_child=1 2 12 -4 7 -6 -7 8 -2 -3 -11 -9 -1
right_child=4 9 3 -5 5 6 -8 11 -10 10 -12 -13 -14
leaf_value=-0.03540321988870964 0.022347544586083887 0.055316186251957639 -0.014507854347798896 0.012450138653319088 -0.039315368787796207 -0.00033088651344826401 -0.026016153209994383 -0.029788061682531144 -0.05150625117372714 -0.033260261633656044 0.033552891500237082 0.0031779036875406331 -0.071392031052305127
leaf_weight=4.2387592494487754 3.4770997837185851 25.042837236076593 146.32178502157331 495.5288388505578 36.968064159154892 874.57461405266076 72.667396067641675 15.261890087276695 53.641234390437603 3.4633517041802397 35.283660769462585 27.832503663375974 11.264063015580176
leaf_count=20 30 229 952 3031 2106 5863 476 139 470 31 348 267 51
internal_value=-0.000944428 0.00750272 0.00453177 0.00629155 -0.00657211 -0.00415357 -0.0023024 -0.0306987 -0.0467032 0.0387338 0.0268943 -0.00890778 -0.0642936
internal_weight=1805.57 721.143 657.353 641.851 1084.42 984.21 947.242 100.213 57.1183 63.7898 38.747 43.0944 15.5028
internal_count=14013 4662 4054 3983 9351 8445 6339 906 500 608 379 406 71
cat_boundaries=0 1 2
cat_threshold=5 16
is_linear=0
shrinkage=0.05


Tree=83
num_leaves=12
num_cat=2
split_feature=0 32 34 39 36 0 43 33 40 6 38
split_gain=34.7932 48.6327 38.365 46.2128 44.3673 19.6377 17.8867 17.8612 14.7469 6.2638 3.42852
threshold=0 29.330059500000001 24.550000000000004 18.750000000000004 94.500000000000014 1 17.750000000000004 31.350000000000005 0.8500000000000002 27.000000000000004 10.886607000000003
decision_type=1 2 2 2 2 1 2 2 2 2 2
left_child=1 2 4 -4 -1 6 8 -8 -2 10 -3
right_child=5 9 3 -5 -6 -7 7 -9 -10 -11 -12
leaf_value=-0.016254994920209997 0.0079608843411741563 0.030359219939069995 -0.053958866501662123 -0.00057998571819915291 0.01174769421380573 -0.039829289658050826 -0.024721018053613115 0.010681919538606354 -0.0180747921090211 -0.025616693905211846 0.051790318516643265
leaf_weight=175.25358599424362 65.216236235573888 41.246809471398592 61.167235843837261 116.65661659091711 716.6117134988308 39.346970581449568 42.870756292715669 188.95134680438787 312.15649824216962 2.9048661962151519 47.156090535223484
leaf_count=866 516 270 288 598 4685 2348 340 1444 2392 19 329
internal_value=-0.000206971 0.00496515 0.00200111 -0.0191401 0.00623306 -0.00939117 -0.00675366 0.00405681 -0.0135662 0.0398295 0.0422425
internal_weight=1809.54 1161 1069.69 177.824 891.865 648.542 609.195 231.822 377.373 91.3078 88.4029
internal_count=14095 7055 6437 886 5551 7040 4692 1784 2908 618 599
cat_boundaries=0 1 2
cat_threshold=13 34
is_linear=0
shrinkage=0.05


Tree=84
num_leaves=15
num_cat=0
split_feature=44 39 4 36 39 5 20 5 11 2 40 4 9 13
split_gain=25.4376 55.9009 31.3837 23.1479 39.4318 83.2036 37.5953 29.8944 24.4798 9.75836 8.13096 6.96795 3.78058 0.471359
threshold=48.050000000000004 26.650000000000002 -0.35846811432664222 94.500000000000014 19.550000000000004 -0.36648370705903521 33.45000000000001 -0.16799793862756093 75.500000000000014 7.5000000000000009 0.15000000000000005 0.98049069993378934 24.850000000000005 10.18125
decision_type=2 2 2 2 2 2 2 2 2 2 2 2 2 2
left_child=3 9 12 6 5 -5 10 -6 -8 -2 -1 -4 -3 -11
right_child=1 2 11 4 7 -7 8 -9 -10 13 -12 -13 -14 -15
leaf_value=-0.018944016886544901 -0.08219810404725246 -0.0075969975834578405 0.041071827958214471 -0.023669888615856425 0.022252921675216916 0.011518082906465669 -0.055098871784260608 0.00014906144419335538 -0.00063891636157246392 -0.020054913804536154 -0.072732166344743152 0.0014720103664388499 -0.046999348930876789 -0.041377618036240314
leaf_weight=10.775465170852838 26.31035243626684 9.1642618449404853 34.62163124512881 300.05361686646938 376.29611422214657 379.16134459152818 21.200046264566481 257.29190644435585 292.96042064856738 6.4389471421018269 25.418546075932682 16.253682903945446 20.1652069427073 20.517589303664863
leaf_count=76 162 65 263 2121 3032 3273 140 2154 2191 46 169 121 122 132
internal_value=-0.00040955 -0.0213273 0.00512869 0.00128095 0.00432886 -0.00403869 -0.0101196 0.0132912 -0.00447713 -0.060523 -0.0576585 0.0286927 -0.0353441 -0.0371839
internal_weight=1796.63 133.472 80.2048 1663.16 1312.8 679.215 350.354 633.588 314.16 53.2669 36.194 50.8753 29.3295 26.9565
internal_count=14067 911 571 13156 10580 5394 2576 5186 2331 340 245 384 187 178
is_linear=0
shrinkage=0.05


Tree=85
num_leaves=9
num_cat=3
split_feature=0 0 8 43 39 1 37 4
split_gain=30.3282 23.3958 21.6884 29.5628 24.1153 16.7322 17.7167 16.138
threshold=0 1 30.950000000000003 14.350000000000003 20.350000000000005 2 32.500000000000007 -0.98523971305672664
decision_type=1 1 2 2 2 1 2 2
left_child=-1 5 4 -4 -3 6 -2 -7
right_child=1 2 3 -5 -6 7 -8 -9
leaf_value=-0.039434562330667312 -0.0079827763902910621 -0.024263722846449679 -0.0046306157495076715 0.012951571430914136 0.00080549469761872757 -0.059035350043873572 0.036569593629353248 0.0068334980657544682
leaf_weight=37.748382732272148 28.206094663590193 201.24053674470633 684.66264262422919 366.08441262319684 182.37252496182919 8.8007829487323743 100.37111515924335 181.63751413673162
leaf_count=2338 197 1355 4329 2419 1248 54 957 1106
internal_value=-0.000535163 0.000545968 -0.00220023 0.00150158 -0.0123745 0.0125552 0.0268099 0.003497
internal_weight=1791.12 1753.38 1434.36 1050.75 383.613 319.016 128.577 190.438
internal_count=14003 11665 9351 6748 2603 2314 1154 1160
cat_boundaries=0 1 2 3
cat_threshold=16 1 1
is_linear=0
shrinkage=0.05


Tree=86
num_leaves=9
num_cat=1
split_feature=0 20 43 39 8 32 4 30
split_gain=28.9856 24.8654 27.9916 58.5242 51.3717 21.805 12.9639 7.67656
threshold=0 30.350000000000005 14.350000000000003 17.650000000000002 33.350000000000001 26.623214000000004 -0.65234524191686594 26.200000000000006
decision_type=1 2 2 2 2 2 2 2
left_child=-1 5 4 -4 -3 6 -2 -7
right_child=1 2 3 -5 -6 7 -8 -9
leaf_value=-0.039193584280714344 -0.03981040313529402 -0.015874885639181255 -0.014711087679294844 0.017172905433455326 0.0074668929649427829 -0.10042298553880527 0.0076317706501757582 -0.026940989180055708
leaf_weight=36.846632252447307 23.911649903282523 470.47864431235939 194.52708675339818 545.40914024785161 470.53115137200803 10.663057621568443 33.507584970444441 6.4841701537370673
leaf_count=2366 163 3085 1272 3874 3011 56 247 38
internal_value=-0.000799238 0.000250188 0.00151207 0.00878215 -0.00420781 -0.0278068 -0.0124683 -0.0756518
internal_weight=1792.36 1755.51 1680.95 739.936 941.01 74.5665 57.4192 17.1472
internal_count=14112 11746 11242 5146 6096 504 410 94
cat_boundaries=0 1
cat_threshold=16
is_linear=0
shrinkage=0.05


Tree=87
num_leaves=12
num_cat=2
split_feature=0 33 44 40 39 0 4 42 32 4 22
split_gain=27.6174 43.1562 43.3233 50.6632 27.8436 17.2104 17.0077 26.7923 15.9916 3.49015 2.61013
threshold=0 36.850000000000001 46.250000000000007 66.450000000000017 25.250000000000004 1 0.39036257410962039 2.5000000000000004 26.455654500000005 0.99818282439137029 63.687500000000007
decision_type=1 2 2 2 2 1 2 2 2 2 2
left_child=1 2 4 -4 -1 6 8 -8 -2 10 -3
right_child=5 9 3 -5 -6 -7 7 -9 -10 -11 -12
leaf_value=0.002927726193357945 -0.017032100638496982 0.060430081821881421 -0.0596077406698459 0.0088411197250791509 0.040848101591029924 -0.03872724887963918 0.016209158339893903 -0.024869194707326826 0.0066937632178180693 -0.0010129195243206218 0.036377036032828033
leaf_weight=928.92495598644018 95.922688396647573 21.264677606523037 58.153058186173439 49.366957426071167 50.085243172943592 35.106604209635407 48.893683647736907 197.15946967434138 264.76085432246327 4.3181232437491408 42.727924164384604
leaf_count=5711 757 156 255 305 322 2340 378 1559 1974 28 303
internal_value=-0.000621571 0.00399659 0.00158949 -0.0283881 0.0049074 -0.00884863 -0.00646099 -0.0166739 0.000354297 0.0422844 0.0451767
internal_weight=1796.68 1154.84 1086.53 107.52 979.01 641.843 606.737 246.053 360.684 68.3107 63.9926
internal_count=14088 7080 6593 560 6033 7008 4668 1937 2731 487 459
cat_boundaries=0 1 2
cat_threshold=13 34
is_linear=0
shrinkage=0.05


Tree=88
num_leaves=9
num_cat=3
split_feature=0 22 44 40 0 32 1 2
split_gain=26.8076 21.7632 23.1072 30.5795 24.4301 15.5169 4.92766 1.94956
threshold=0 89.520833500000023 46.250000000000007 51.650000000000013 1 26.563393000000001 2 6.5000000000000009
decision_type=1 2 2 2 1 2 1 2
left_child=-1 2 4 -4 -2 6 -3 -7
right_child=1 5 3 -5 -6 7 -8 -9
leaf_value=-0.038384516637159971 0.016611563102978826 0.031398171615072211 -0.035321141313431413 0.0049087441891458731 0.00043289781399805582 -0.039503410860278892 -0.026439338788012474 -0.093552247420205417
leaf_weight=33.939134266693145 276.31127459928393 5.0949815232306737 92.806388396769762 94.716034442186356 1258.4282767549157 4.7899664090946308 8.3308999966829997 8.8477211743593198
leaf_count=2354 2090 54 534 603 8337 29 53 48
internal_value=-0.00025309 0.000723382 0.00143839 -0.0150831 0.00346558 -0.04295 -0.00383557 -0.0785643
internal_weight=1783.26 1749.33 1722.26 187.522 1534.74 27.0636 13.4259 13.6377
internal_count=14102 11748 11564 1137 10427 184 107 77
cat_boundaries=0 1 2 3
cat_threshold=16 1 1
is_linear=0
shrinkage=0.05


Tree=89
num_leaves=13
num_cat=2
split_feature=0 2 26 35 5 0 43 43 21 26 8 33
split_gain=28.975 30.108 29.5064 24.9236 23.1699 19.0831 18.7957 19.5982 6.61417 3.81893 5.46096 2.48018
threshold=0 10.500000000000002 15.050000000000002 58.401786000000008 -0.9575230291762723 1 43.800000000000004 33.750000000000007 25.350000000000005 17.450000000000003 30.550000000000004 30.950000000000003
decision_type=1 2 2 2 2 1 2 2 2 2 2 2
left_child=1 2 4 -4 -1 -2 7 -7 -8 11 -11 -3
right_child=5 9 3 -5 -6 6 8 -9 -10 10 -12 -13
leaf_value=-0.070799544518149293 -0.03793318408128972 0.014961873189980915 -0.075213215966908442 0.010511402680757209 -0.0088108530048691142 -0.004594846288923567 -0.078433093977863258 0.028752267931806352 -0.0070886993213502272 0.049259743708591541 -0.011360467398057666 0.052248859245971696
leaf_weight=17.469984263181686 32.44762974511832 6.0973724201321593 7.6265094727277747 536.79425743967295 84.158717878162861 982.82155746873468 10.313109955750404 45.134757852181792 4.8569995369762173 5.6840346790850145 7.7022365108132362 41.034135665744543
leaf_count=88 2336 57 38 3444 496 6600 75 345 36 60 77 420
internal_value=-0.000163757 0.00763549 0.00455322 0.00917483 -0.0200527 -0.00531117 -0.00391117 -0.00310415 -0.0574418 0.0411721 0.0160147 0.0478361
internal_weight=1782.14 706.567 646.049 544.421 101.629 1075.57 1043.13 1027.96 15.1701 60.5178 13.3863 47.1315
internal_count=14072 4680 4066 3482 584 9392 7056 6945 111 614 137 477
cat_boundaries=0 1 2
cat_threshold=5 16
is_linear=0
shrinkage=0.05


Tree=90
num_leaves=13
num_cat=3
split_feature=0 0 4 8 38 1 4 2 36 4 2 33
split_gain=27.2329 20.7765 20.56 24.5101 21.2271 14.0173 20.8926 20.1737 14.1154 14.1145 10.819 2.23001
threshold=0 1 0.9893236546938301 33.350000000000001 11.120238000000002 2 -0.98523971305672664 9.5000000000000018 98.500000000000014 0.55656748448714433 9.5000000000000018 33.45000000000001
decision_type=1 1 2 2 2 1 2 2 2 2 2 2
left_child=5 -2 3 -3 -4 8 10 -8 9 -1 -7 -10
right_child=1 2 4 -5 -6 6 7 -9 11 -11 -12 -13
leaf_value=-0.0068381735751829268 -0.037556881060701049 -0.0044682094807032948 -0.052583444449432616 0.010904474113566171 -0.00032928621509660809 -0.0031594748349025414 0.002117352665879211 0.051293180969117669 0.054535233257737584 0.034267939327360102 -0.10680064556584341 0.020834753330640377
leaf_weight=41.026789698749781 31.290065695066005 1007.5572518184781 38.623395996168256 348.02234592847526 38.170270973816514 4.3864950314164144 154.86453422158957 23.119222983717918 35.566784836351871 40.954517338424921 5.1168071329593658 7.6439578831195822
leaf_count=294 2342 6695 239 2202 247 27 903 211 470 339 29 67
internal_value=-9.21601e-05 -0.00297373 -0.0019378 -0.000516402 -0.0269486 0.0130421 0.00475828 0.00875594 0.0263454 0.0138623 -0.0638178 0.0491797
internal_weight=1776.34 1463.66 1432.37 1355.58 76.7937 312.679 187.487 177.984 125.192 81.9813 9.5033 43.2107
internal_count=14065 11725 9383 8897 486 2340 1170 1114 1170 633 56 537
cat_boundaries=0 1 2 3
cat_threshold=1 16 1
is_linear=0
shrinkage=0.05


Tree=91
num_leaves=15
num_cat=2
split_feature=34 34 39 41 37 0 12 0 20 25 37 39 17 2
split_gain=24.7503 35.9608 50.4561 36.5464 32.0211 31.7795 25.8388 23.8982 17.3275 14.9986 19.4503 7.71706 7.13576 3.59864
threshold=25.150000000000002 24.550000000000004 19.150000000000002 70.550000000000011 25.500000000000004 0 50.500000000000007 1 33.250000000000007 8.9534725000000019 31.500000000000004 25.650000000000002 28.250000000000004 3.5000000000000004
decision_type=2 2 2 2 2 1 2 1 2 2 2 2 2 2
left_child=1 4 6 -4 -1 -6 -3 8 12 11 -11 -9 -2 -10
right_child=7 2 3 -5 5 -7 -8 9 13 10 -12 -13 -14 -15
leaf_value=-0.057714088428677549 0.030810088218144863 0.063819138168323145 -0.016283711056829846 0.044030769230924381 0.011238510377116311 -0.0042129197248441412 -0.061427415135641539 0.032053686060174648 0.00065893891570982001 0.035216087096052583 -0.050067750032982195 -0.059100717078733239 -0.044464651363159524 0.047937964555249672
leaf_weight=21.925585053861141 4.0468259789049608 3.5854186518117777 124.61796007165685 30.399534833617508 536.58478263020515 839.26047019194812 69.311529252678156 20.228887424804274 4.2845755741000167 8.1023338148370367 25.889379032887518 1.6826759865507472 7.7678056582808495 73.420212220400572
leaf_count=151 27 22 834 220 3708 7402 468 239 26 89 282 21 37 552
internal_value=-0.000342939 -0.00211508 -0.0204854 -0.0042494 0.000892805 0.00186801 -0.0544869 0.019347 0.0331943 -0.00753066 -0.0293139 0.0227796 -0.0182888 0.0453725
internal_weight=1771.11 1625.69 227.914 155.017 1397.77 1375.85 72.8969 145.423 89.5194 55.9033 33.9917 21.9116 11.8146 77.7048
internal_count=14078 12805 1544 1054 11261 11110 490 1273 642 631 371 260 64 578
cat_boundaries=0 1 2
cat_threshold=5 13
is_linear=0
shrinkage=0.05


Tree=92
num_leaves=8
num_cat=1
split_feature=0 44 5 32 20 2 39
split_gain=23.5413 23.5191 28.9396 26.7116 40.9289 31.3482 19.7775
threshold=0 46.250000000000007 0.36447543099728857 26.463690500000002 30.350000000000005 9.5000000000000018 26.250000000000004
decision_type=1 2 2 2 2 2 2
left_child=-1 3 6 5 -5 -2 -3
right_child=1 2 -4 4 -6 -7 -8
leaf_value=-0.037276021338847852 -0.027335587320993338 -0.026589254840425181 -0.0690166201350709 -0.083983652254968594 0.0067223249709373436 0.0071897130795135367 0.0074635171182910109
leaf_weight=30.456330273766071 143.08048742357641 79.352135967463255 21.46538476459682 11.5626581357792 1279.9855259256437 120.31188319809735 90.131728809326887
leaf_count=2359 923 491 111 64 8643 999 555
internal_value=-3.50726e-05 0.0008441 -0.0156647 0.0028856 0.00584593 -0.0115976 -0.00854239
internal_weight=1776.35 1745.89 190.949 1554.94 1291.55 263.392 169.484
internal_count=14145 11786 1157 10629 8707 1922 1046
cat_boundaries=0 1
cat_threshold=16
is_linear=0
shrinkage=0.05


Tree=93
num_leaves=15
num_cat=2
split_feature=0 1 34 42 5 44 35 4 38 5 26 42 4 35
split_gain=22.4091 24.8096 26.5722 23.7384 19.9896 15.8676 12.8179 9.0612 7.72569 7.57861 9.76454 8.34145 7.53419 18.3328
threshold=0 1 20.250000000000004 2.5000000000000004 0.9863035000474919 34.750000000000007 62.919643000000008 0.21022171450811272 6.4422620000000004 -0.7444366621422277 21.750000000000004 3.5000000000000004 -0.42180583328916638 83.636904500000014
decision_type=1 1 2 2 2 2 2 2 2 2 2 2 2 2
left_child=8 2 7 -4 5 -3 -6 -2 12 10 -10 -11 13 -1
right_child=1 4 3 -5 6 -7 -8 -9 9 11 -12 -13 -14 -15
leaf_value=0.12793704336321718 -0.007596030426967936 -0.015398431494626037 0.035746953359438706 0.007064748797932948 -0.03486151690870528 -0.00082158587132707234 0.045748415058091629 -0.067421623735153244 0.0049535650568529668 -0.009077381970791519 -0.042503569137653449 -0.049320918428947452 -0.031468274424404613 -0.00010651335208993901
leaf_weight=2.2988343313336435 11.780061189085247 268.92246356606483 81.050410073250532 605.44076607748866 5.1293664649128905 605.84636742994189 29.192451514303684 13.431250825524328 32.596453507896513 18.938048084732145 15.109016383066772 43.042163405101746 9.9580766847357136 18.309077898040414
leaf_count=39 82 1371 478 4044 29 3144 163 70 666 854 354 2075 331 344
internal_value=-7.73717e-05 0.00163009 0.00862541 0.0104982 -0.00383191 -0.00531528 0.0330554 -0.0408242 -0.0184877 -0.0259424 -0.0106409 -0.0373639 0.00238087 0.0194367
internal_weight=1761.04 1620.79 711.702 686.491 909.091 874.769 34.3218 25.2113 140.252 109.686 47.7055 61.9802 30.566 20.6079
internal_count=14044 9381 4674 4522 4707 4515 192 152 4663 3949 1020 2929 714 383
cat_boundaries=0 1 2
cat_threshold=48 1
is_linear=0
shrinkage=0.05


Tree=94
num_leaves=15
num_cat=2
split_feature=0 6 40 39 4 1 39 36 19 43 22 8 37 15
split_gain=22.2813 18.2893 32.372 46.8107 16.7469 24.0779 17.8594 16.4142 19.7134 19.9154 5.62926 4.89324 6.48512 4.41163
threshold=0 27.000000000000004 41.050000000000004 19.450000000000003 0.9893236546938301 1 14.750000000000002 99.500000000000014 29.042361000000003 18.050000000000004 73.131944500000017 29.750000000000004 51.500000000000007 7.3500000000000005
decision_type=1 2 2 2 2 1 2 2 2 2 2 2 2 2
left_child=7 4 13 -4 6 -6 -2 8 9 -1 -10 -9 -13 -3
right_child=1 2 3 -5 5 -7 -8 11 10 -11 -12 12 -14 -15
leaf_value=-0.010216260651746835 -0.025620268632022377 -0.085990567637617768 -0.034192053347797444 0.016113474660872814 0.0080395562059235107 -0.047390352640931138 0.0018413363052968501 -0.013005260549456507 0.0509580350696947 0.020869432672247765 0.0048282495328464334 0.0050761483458956445 0.052312219298787543 -0.019969001024682347
leaf_weight=143.93919890746474 61.583568833302706 16.756802253890786 96.720369449816644 86.940710221417248 34.185418388806283 44.111474038101733 1095.6300354478881 3.8803011067211619 27.45237148553133 78.943603191524744 8.9081598669290525 9.3921764306724054 34.99257218837738 3.7916622171178451
leaf_count=933 498 117 721 749 288 298 8957 39 236 618 74 87 363 33
internal_value=-0.000817089 -0.00343688 -0.017284 -0.0104203 -0.00116385 -0.0233928 0.00035905 0.0111692 0.00647608 0.000838122 0.0400882 0.0380013 0.0426488 -0.0753001
internal_weight=1747.23 1439.72 204.21 183.661 1235.51 78.2969 1157.21 307.508 259.243 222.883 36.3605 48.265 44.3847 20.5485
internal_count=14011 11661 1620 1470 10041 586 9455 2350 1861 1551 310 489 450 150
cat_boundaries=0 1 2
cat_threshold=1 1
is_linear=0
shrinkage=0.05


Tree=95
num_leaves=9
num_cat=1
split_feature=0 36 8 34 33 39 36 39
split_gain=21.3158 19.5436 36.0136 41.3608 35.4091 51.7796 21.7386 20.0278
threshold=0 94.500000000000014 33.150000000000013 24.450000000000003 36.45000000000001 24.950000000000003 89.500000000000014 23.550000000000004
decision_type=1 2 2 2 2 2 2 2
left_child=-1 4 3 -3 5 -2 -6 -4
right_child=1 2 7 -5 6 -7 -8 -9
leaf_value=-0.036527276737944668 -0.034027044375406067 0.0045137449309823278 0.027770695953840754 -0.019693756456999317 0.03657916868064285 0.024985572887372159 -0.0037622694439458301 -0.011901685117866181
leaf_weight=28.357918774243444 179.11459723394364 898.83085990324616 194.95989750418812 218.4954541111365 48.390449123457074 46.055520728230476 102.61503521259874 37.39005743060261
leaf_count=2345 1054 6496 1287 1310 343 287 713 241
internal_value=-0.000142381 0.00068384 0.00349747 -0.000233459 -0.00937554 -0.0218997 0.00932094 0.0213629
internal_weight=1754.21 1725.85 1349.68 1117.33 376.176 225.17 151.005 232.35
internal_count=14076 11731 9334 7806 2397 1341 1056 1528
cat_boundaries=0 1
cat_threshold=16
is_linear=0
shrinkage=0.05


Tree=96
num_leaves=15
num_cat=2
split_feature=0 32 1 2 36 4 42 34 40 34 5 40 4 33
split_gain=22.2617 38.1647 30.8403 33.2614 20.293 15.0134 20.5752 19.3164 18.0911 15.042 23.1286 12.8144 7.95229 18.595
threshold=0 29.330059500000001 1 9.5000000000000018 94.500000000000014 0.35846314187849704 2.5000000000000004 21.050000000000004 1.6500000000000001 24.050000000000004 0.046214085385334856 66.450000000000017 0.9893236546938301 36.750000000000007
decision_type=1 2 1 2 2 2 2 2 2 2 2 2 2 2
left_child=1 2 3 -1 -4 9 7 -7 -8 10 -2 -11 -3 -14
right_child=5 12 4 -5 -6 6 8 -9 -10 11 -12 -13 13 -15
leaf_value=0.0058813372001383091 -0.023438399295795723 0.044990968742763031 -0.026594343096359521 0.04670846617301791 -0.0020370796341346044 -0.050291897306663426 -0.056618175200542853 0.023816617541290531 -0.01741083769331405 -0.0035467465165606943 0.0057440343882327041 0.033758565853136364 -0.047096237470019883 0.042170523524499605
leaf_weight=377.44565165042877 121.45103049976751 62.148632727563381 100.31219667196274 56.562419936060905 497.10887764394283 9.8738589105196279 34.926235901657492 45.430496212095022 173.80248045735061 43.457848374731839 151.70895659085363 47.535786283202469 8.1593832746148127 15.165351781994103
leaf_count=2499 1252 485 460 726 2730 128 404 477 2030 449 1792 497 40 100
internal_value=-0.00042026 0.00380959 0.00116754 0.0112973 -0.00619801 -0.0078704 -0.0170491 0.0099273 -0.02421 -0.00140235 -0.00726908 0.016097 0.0357503 0.0102911
internal_weight=1745.09 1116.9 1031.43 434.008 597.421 628.187 264.033 55.3044 208.729 364.154 273.16 90.9936 85.4734 23.3247
internal_count=14069 7040 6415 3225 3190 7029 3039 605 2434 3990 3044 946 625 140
cat_boundaries=0 1 2
cat_threshold=13 1
is_linear=0
shrinkage=0.05


Tree=97
num_leaves=9
num_cat=1
split_feature=0 10 44 5 32 2 31 4
split_gain=20.3342 18.2556 19.6561 29.1183 22.9128 11.3692 0.986997 0.802512
threshold=0 90.645833500000023 46.250000000000007 0.36447543099728857 26.623214000000004 8.5000000000000018 36.550000000000004 -0.92274349529687905
decision_type=1 2 2 2 2 2 2 2
left_child=-1 2 4 -4 -2 6 -3 -7
right_child=1 5 3 -5 -6 7 -8 -9
leaf_value=-0.036098109382084943 -0.0086672946091569843 -0.087313660601868126 -0.0065942445831082448 -0.067505834480145036 0.0064719526829474907 -0.01836355891829591 -0.040832166751960795 0.0060405205367649291
leaf_weight=27.253602365963161 315.44846055749804 7.4085163064301032 166.20065455138683 21.294622210785747 1188.9579813927412 5.2261722516268492 4.8711335072293878 6.5571118667721731
leaf_count=2352 2321 37 1035 114 8096 36 29 56
internal_value=-4.15414e-05 0.000757645 0.00138875 -0.0138337 0.00329386 -0.0415991 -0.0733385 -0.00537309
internal_weight=1743.22 1715.96 1691.9 187.495 1504.41 24.0629 12.2796 11.7833
internal_count=14076 11724 11566 1149 10417 158 66 92
cat_boundaries=0 1
cat_threshold=16
is_linear=0
shrinkage=0.05


Tree=98
num_leaves=14
num_cat=2
split_feature=0 1 5 34 42 2 33 24 5 5 2 7 44
split_gain=21.0002 26.5135 22.8903 22.3395 24.4248 14.0885 9.71578 5.84294 10.1379 10.9438 10.324 4.33079 2.33537
threshold=0 1 0.98899263613956456 20.250000000000004 2.5000000000000004 11.500000000000002 32.750000000000007 69.500000000000014 -0.71502926860092908 0.31595530242620651 6.5000000000000009 28.127083500000001 32.20000000000001
decision_type=1 1 2 2 2 2 2 2 2 2 2 2 2
left_child=7 3 5 6 -5 -3 -2 8 10 -10 -1 -4 -9
right_child=1 2 11 4 -6 -7 -8 12 9 -11 -12 -13 -14
leaf_value=-0.035742087564422355 -0.0026261234269639583 -0.0059404618996388367 0.046902559464077065 0.037082459142142102 0.007832779695911115 0.028994914389850468 -0.065734053836726744 0.010033353486721668 -0.049806118321977483 -0.0100434650113089 0.016920157368284117 -0.0068695474580981533 -0.051062318621100999
leaf_weight=11.510486675426362 11.306549638509752 847.83536002039909 25.245174594223503 80.230218775570393 597.4628317207098 28.893997341394424 12.465231120586393 1.400919475127014 28.419349091593176 43.638382129371166 35.406776785850525 4.0923447385430327 15.317071254365144
leaf_count=592 79 4322 145 487 4076 217 68 38 1473 1725 467 24 421
internal_value=0.000715995 0.00234947 -0.003285 0.00965515 0.0113451 -0.00475739 -0.0370358 -0.0174093 -0.0145424 -0.0261928 0.00352394 0.0394226 -0.0456653
internal_weight=1743.22 1607.53 906.067 701.465 677.693 876.729 23.7718 135.693 118.975 72.0577 46.9173 29.3375 16.718
internal_count=14134 9418 4708 4710 4563 4539 147 4716 4257 3198 1059 169 459
cat_boundaries=0 1 2
cat_threshold=48 1
is_linear=0
shrinkage=0.05


Tree=99
num_leaves=15
num_cat=2
split_feature=0 8 10 39 2 27 8 1 5 37 43 4 5 2
split_gain=20.7193 16.8484 24.3456 22.2121 64.8671 26.6131 22.2048 15.1847 19.173 28.3855 28.239 16.2594 23.285 19.5915
threshold=0 30.950000000000003 85.479166500000005 20.350000000000005 9.5000000000000018 33.95000000000001 33.150000000000013 1 -0.85225707553516283 32.500000000000007 18.350000000000005 -0.98523971305672664 -0.056951011027366542 9.5000000000000018
decision_type=1 2 2 2 2 2 2 1 2 2 2 2 2 2
left_child=7 3 6 4 -2 -5 -3 8 10 -10 -1 12 -9 -13
right_child=1 2 -4 5 -6 -7 -8 11 9 -11 -12 13 -14 -15
leaf_value=-0.058683011706180094 -0.048027257627378347 -0.011412126877057543 0.016396877918940015 -0.019678515461199086 0.0088834266119279109 0.018475562445456142 0.0046669025688600933 0.046521689271384184 -0.0086789725936887874 0.053116353827119961 0.040327438672516751 -0.00027130738618657738 -0.10621233949240355 0.048658380347053283
leaf_weight=13.957262314856054 113.68850384000689 420.92757426481694 192.60472124489024 84.004799795802683 88.389698003418744 97.856716180220246 436.3814011993818 3.0418990179896355 25.249336771667004 66.811570815742016 12.935605015605686 153.86158172041178 6.4945405870676023 22.593384940177202
leaf_count=98 826 3362 1638 697 852 865 3473 20 194 757 132 911 35 217
internal_value=-0.000346835 -0.00287904 0.000381229 -0.0118471 -0.0232132 0.000840336 -0.00323179 0.0112563 0.025496 0.0362568 -0.0113201 0.00266335 -0.0577023 0.00623257
internal_weight=1738.8 1433.85 1049.91 383.94 202.078 181.862 857.309 304.945 118.954 92.0609 26.8929 185.991 9.53644 176.455
internal_count=14077 11713 8473 3240 1678 1562 6835 2364 1181 951 230 1183 55 1128
cat_boundaries=0 1 2
cat_threshold=1 1
is_linear=0
shrinkage=0.05


Tree=100
num_leaves=15
num_cat=1
split_feature=20 43 8 4 43 39 0 4 5 26 4 27 21 44
split_gain=19.2607 30.6934 29.2712 66.6711 24.5058 33.4005 23.0771 20.7367 56.2429 29.2271 20.8921 19.0234 13.9183 12.8959
threshold=31.250000000000004 18.050000000000004 33.250000000000007 0.29342972903661901 20.350000000000005 18.750000000000004 0 -0.65234524191686594 -0.32613736746952132 23.850000000000005 -0.17647087149565663 47.650000000000006 24.950000000000003 38.000000000000007
decision_type=2 2 2 2 2 2 1 2 2 2 2 2 2 2
left_child=7 2 3 -2 -3 -6 -4 8 9 -1 12 -12 -9 -10
right_child=1 4 6 -5 5 -7 -8 10 13 -11 11 -13 -14 -15
leaf_value=-0.094830006212104967 0.0029903439243570058 0.036117827598829678 0.014168461141203976 -0.033332428678030955 -0.013018198766360742 0.021138498839318842 -0.0083883234255419468 0.019297755410924815 0.011792837339322447 0.012814754982623248 -0.040702875767172908 0.022214012864589912 -0.039363465028923676 -0.021974919870145059
leaf_weight=32.53046135418117 343.06251259800047 94.419984493404627 317.2879061922431 198.84051992464811 121.93698972696438 170.5314345327206 166.18604008480906 99.45231537334621 51.884659453295171 7.4949988760054103 42.086800962686539 15.921027553267775 10.308259585872291 59.918065167963505
leaf_count=221 2823 821 1918 1417 966 1535 1887 914 479 75 315 131 69 551
internal_value=-0.000384188 0.002126 -0.00240386 -0.0103744 0.0141068 0.00690193 0.00653294 -0.0114485 -0.0247719 -0.0748519 0.000684365 -0.0233507 0.0134829 -0.00633858
internal_weight=1731.86 1412.27 1025.38 541.903 386.888 292.468 483.474 319.597 151.828 40.0255 167.768 58.0078 109.761 111.803
internal_count=14122 11367 8045 4240 3322 2501 3805 2755 1326 296 1429 446 983 1030
cat_boundaries=0 1
cat_threshold=13
is_linear=0
shrinkage=0.05


Tree=101
num_leaves=9
num_cat=2
split_feature=0 36 8 8 34 42 38 0
split_gain=19.0303 19.1408 32.6731 27.2012 37.0283 22.1356 16.1171 12.134
threshold=0 94.500000000000014 33.350000000000001 33.150000000000013 24.450000000000003 2.5000000000000004 7.7845240000000002 1
decision_type=1 2 2 2 2 2 2 1
left_child=-1 2 6 4 -3 -4 -2 -5
right_child=1 3 5 7 -6 -7 -8 -9
leaf_value=-0.035469843558117102 -0.061665470092848687 0.0049156072308349655 0.017805508001607195 0.032357209490756954 -0.018431900910540564 -0.011285681775537518 -0.018146760745028807 0.0074651694014998124
leaf_weight=25.716581099200994 34.121301295235753 887.82123368885368 102.46910577453673 92.509744506329298 208.93247777875513 176.67935503274202 57.253720404580235 135.4509574463591
leaf_count=2350 195 6512 665 616 1267 1194 345 926
internal_value=0.000147552 0.000912187 -0.00911329 0.00372796 0.000455149 -0.000581523 -0.0348892 0.0194032
internal_weight=1720.95 1695.24 370.523 1324.71 1096.75 279.148 91.375 227.961
internal_count=14070 11720 2399 9321 7779 1859 540 1542
cat_boundaries=0 1 2
cat_threshold=16 5
is_linear=0
shrinkage=0.05


Tree=102
num_leaves=14
num_cat=2
split_feature=34 34 39 43 36 33 20 38 39 24 1 39 1
split_gain=19.1484 27.2347 43.7345 36.1994 23.1292 51.7455 41.1266 14.9536 15.3567 12.3648 11.4672 4.10478 4.36457
threshold=25.150000000000002 24.550000000000004 19.150000000000002 17.750000000000004 96.500000000000014 32.45000000000001 33.45000000000001 8.0172620000000023 19.050000000000004 49.500000000000007 0 17.750000000000004 1
decision_type=2 2 2 2 2 2 2 2 2 2 1 2 1
left_child=1 4 9 -4 6 -6 -1 11 -9 -3 -10 12 -2
right_child=7 2 3 -5 5 -7 -8 8 10 -11 -12 -13 -14
leaf_value=-0.039107226987163374 0.047474474163190394 0.022180319045069924 -0.016848158638071993 0.0397987225112807 -0.0046291323180056429 0.019025241938527979 -0.00090662469539555123 -0.076024949346005108 0.030548830262290317 -0.056526495342870575 -0.0042081727594432752 0.056095397227092683 -0.0034713851474545421
leaf_weight=90.017802033573389 7.0820113979279977 4.882552375085651 115.71573440590873 36.19416989479214 584.16170875402167 381.32570721581578 312.11069805407897 4.3248981218785039 41.709277459420264 64.914603743702173 52.934050926938653 23.472499126568437 8.4984868518076819
leaf_count=636 64 31 790 260 5183 3220 2254 30 456 452 441 214 61
internal_value=-0.00055744 -0.00211271 -0.0183273 -0.00317942 0.000527336 0.00472334 -0.00953375 0.0172379 0.00673143 -0.0507852 0.0112685 0.0430308 0.0211523
internal_weight=1727.34 1589.32 221.707 151.91 1367.62 965.487 402.129 138.021 98.9682 69.7972 94.6433 39.053 15.5805
internal_count=14092 12826 1533 1050 11293 8403 2890 1266 927 483 897 339 125
cat_boundaries=0 1 2
cat_threshold=1 1
is_linear=0
shrinkage=0.05


Tree=103
num_leaves=15
num_cat=1
split_feature=36 33 39 41 8 34 41 34 33 0 39 39 4 39
split_gain=17.6663 31.6311 47.2335 31.9506 24.7376 33.4938 54.9685 40.3755 19.7631 22.7795 15.9978 21.6807 14.4222 9.61495
threshold=94.500000000000014 36.45000000000001 24.950000000000003 0.15000000000000005 33.150000000000013 24.450000000000003 65.65000000000002 24.050000000000004 36.600000000000009 0 23.550000000000004 23.750000000000004 0.93845596220871974 15.450000000000001
decision_type=2 2 2 2 2 2 2 2 2 1 2 2 2 2
left_child=1 2 3 -1 5 7 -7 -2 -3 -10 13 -12 -4 -6
right_child=4 8 12 -5 10 6 -8 -9 9 -11 11 -13 -14 -15
leaf_value=0.00083654516865685384 -0.0017753417839268919 0.047985974974174714 -0.00090345271236090107 -0.046228747066360244 -0.055253850738612192 -0.037377878507692225 0.015056335134087974 0.025526112294597655 0.015877998577578902 -0.023665357542963075 -0.093983391628884083 0.0046082968434617132 0.055324303071342784 0.024452611684581058
leaf_weight=49.536856890190393 734.66445119166747 24.132450010161847 26.560760057065636 131.19217015011236 2.9470044495537868 138.57112176902592 77.175731129944324 164.99482819717377 77.330262172967196 50.979706356767565 5.7383427354507139 31.862332799937576 18.943862925283611 187.16847782023251
leaf_count=341 6385 177 193 936 23 954 595 1403 562 561 43 255 141 1522
internal_value=-0.000612954 -0.0101365 -0.0219612 -0.0333948 0.00207763 -0.000993085 -0.0186385 0.00325445 0.00744084 -0.000496977 0.0170573 -0.012483 0.0231908 0.0229344
internal_weight=1721.8 378.676 226.234 180.729 1343.12 1115.41 215.747 899.659 152.442 128.31 227.716 37.6007 45.5046 190.115
internal_count=14091 2911 1611 1277 11180 9337 1549 7788 1300 1123 1843 298 334 1545
cat_boundaries=0 1
cat_threshold=13
is_linear=0
shrinkage=0.05


Tree=104
num_leaves=7
num_cat=1
split_feature=0 22 8 43 39 12
split_gain=17.6623 17.4343 18.3581 28.0744 18.6897 3.92917
threshold=0 55.000000000000007 30.850000000000005 17.750000000000004 18.850000000000005 35.500000000000007
decision_type=1 2 2 2 2 2
left_child=-1 5 4 -4 -3 -2
right_child=1 2 3 -5 -6 -7
leaf_value=-0.035037901177163849 -0.090395470496271113 -0.020253112883251032 -0.00058330193569919384 0.016311715762697146 0.0012545595476082944 -0.018337164986459219
leaf_weight=24.727312794420868 5.2376591023057681 181.40103024337441 939.66325823031366 332.00089692417532 226.11344319302589 3.6074104383587837
leaf_count=2337 28 1304 6289 2416 1626 27
internal_value=-0.000248746 0.00048588 0.000877207 0.00383693 -0.00834551 -0.0658546
internal_weight=1712.75 1688.02 1679.18 1271.66 407.514 8.84507
internal_count=14027 11690 11635 8705 2930 55
cat_boundaries=0 1
cat_threshold=16
is_linear=0
shrinkage=0.05


Tree=105
num_leaves=10
num_cat=0
split_feature=22 39 38 40 39 32 37 38 19
split_gain=17.8407 17.7392 21.408 49.1424 43.0546 15.0442 4.67804 4.60542 1.72752
threshold=55.000000000000007 14.750000000000002 7.4619050000000007 130.55000000000004 19.550000000000004 26.673809500000004 54.500000000000007 5.2648805000000012 26.400000000000002
decision_type=2 2 2 2 2 2 2 2 2
left_child=8 5 3 -3 -4 6 -2 -7 -1
right_child=1 2 4 -5 -6 7 -8 -9 -10
leaf_value=-0.022306090436022788 -0.018084394076586425 0.012433303483927105 -0.022319276992895196 -0.074425804182730287 0.0020448017987741091 -0.010239225343961392 0.012396933523717599 -0.057002709104501094 -0.07944971156171543
leaf_weight=2.829479599837212 27.517452717293054 484.08020224794745 226.48267764504999 15.862692677415906 893.00499927671626 7.1148996483534566 21.608314541168511 26.746918079443276 6.5387219316326082
leaf_count=23 221 4271 1671 112 7312 54 190 203 42
internal_value=-0.000617481 -0.000219114 0.000942308 0.00953428 -0.0028998 -0.0226246 -0.00469713 -0.0477525 -0.0660066
internal_weight=1711.79 1702.42 1619.43 499.943 1119.49 82.9876 49.1258 33.8618 9.3682
internal_count=14099 14034 13366 4383 8983 668 411 257 65
is_linear=0
shrinkage=0.05


Tree=106
num_leaves=14
num_cat=4
split_feature=0 1 44 2 5 39 4 0 1 19 7 35 44
split_gain=22.3755 29.9115 23.6058 23.542 25.0973 21.1505 14.9443 11.6875 11.5097 11.4411 10.5269 2.81518 1.22237
threshold=0 1 52.000000000000007 9.5000000000000018 0.71952396275653763 27.450000000000006 0.9893236546938301 2 3 26.073611000000003 29.931250000000002 74.389881000000017 40.500000000000007
decision_type=1 1 2 2 2 2 2 1 1 2 2 2 2
left_child=1 3 5 4 -1 -3 7 9 10 -2 -8 -10 -5
right_child=6 2 -4 12 -6 -7 8 -9 11 -11 -12 -13 -14
leaf_value=0.016388416185054232 -0.029448727848930292 -0.0026861924261339927 -0.072654670255762319 0.04941434771463063 -0.015311183905319704 0.055553333435990886 -0.032241280284483698 -0.034294534073212701 -0.079042422818929994 -0.0019106712601032845 0.053176324114271291 -0.023700704446868628 0.020984487001587664
leaf_weight=316.32798914983869 39.66282306984067 614.91001584753394 10.780064985156057 43.811307625845075 76.894368372857571 14.994527719914911 11.682940172962843 23.117235318291932 12.710682974196972 523.52111077401787 4.0581641276367018 4.0917885596863917 6.4352767616510382
leaf_count=2321 333 3388 49 608 450 81 138 2231 145 4078 48 45 85
internal_value=2.4871e-05 0.00434315 -0.00252738 0.0143501 0.0101665 -0.00121398 -0.00748444 -0.00573759 -0.0400775 -0.00383093 -0.00835905 -0.0676538 0.0462538
internal_weight=1703 1084.15 640.685 443.469 393.222 629.905 618.845 586.301 32.5436 563.184 15.7411 16.8025 50.2466
internal_count=14000 6982 3518 3464 2771 3469 7018 6642 376 4411 186 190 693
cat_boundaries=0 1 2 3 4
cat_threshold=13 1 34 1
is_linear=0
shrinkage=0.05


end of trees

feature_importances:
age_group=205
day_of_year_sin=144
day_of_year_cos=99
temperature_min_7d=97
month=73
wind_gust_max_7d=71
wind_speed_max_7d=68
gender=61
wind_speed_mean_7d=54
temperature_max_7d=49
humidity_max_7d=45
rain_max_daily_7d=34
temperature_max_current=27
wind_speed_max_3d=27
temperature_max_3d=23
humidity_max_3d=23
humidity_min_7d=22
precipitation_sum_7d=22
temperature_mean_7d=21
weather_code_current=19
rain_days_7d=13
humidity_mean_3d=11
humidity_min_3d=11
wind_speed_mean_3d=9
humidity_mean_7d=7
wind_speed_mean_current=5
wind_gust_max_3d=5
temperature_min_current=4
humidity_mean_current=4
temperature_mean_3d=4
temperature_min_3d=4
temperature_mean_current=3
humidity_min_current=3
wind_gust_max_current=3
precipitation_sum_3d=3
rain_sum_7d=3
humidity_max_current=2
rain_max_daily_3d=2
precipitation_sum_current=1

parameters:
[boosting: gbdt]
[objective: binary]
[metric: binary_logloss]
[tree_learner: serial]
[device_type: cpu]
[data_sample_strategy: bagging]
[data: ]
[valid: ]
[num_iterations: 107]
[learning_rate: 0.05]
[num_leaves: 15]
[num_threads: 8]
[seed: 42]
[deterministic: 0]
[force_col_wise: 0]
[force_row_wise: 0]
[histogram_pool_size: -1]
[max_depth: 4]
[min_data_in_leaf: 20]
[min_sum_hessian_in_leaf: 0.001]
[bagging_fraction: 0.9]
[pos_bagging_fraction: 1]
[neg_bagging_fraction: 1]
[bagging_freq: 1]
[bagging_seed: 400]
[bagging_by_query: 0]
[feature_fraction: 0.9]
[feature_fraction_bynode: 1]
[feature_fraction_seed: 30056]
[extra_trees: 0]
[extra_seed: 12879]
[early_stopping_round: 0]
[early_stopping_min_delta: 0]
[first_metric_only: 0]
[max_delta_step: 0]
[lambda_l1: 0]
[lambda_l2: 1]
[linear_lambda: 0]
[min_gain_to_split: 0]
[drop_rate: 0.1]
[max_drop: 50]
[skip_drop: 0.5]
[xgboost_dart_mode: 0]
[uniform_drop: 0]
[drop_seed: 17869]
[top_rate: 0.2]
[other_rate: 0.1]
[min_data_per_group: 100]
[max_cat_threshold: 32]
[cat_l2: 10]
[cat_smooth: 10]
[max_cat_to_onehot: 4]
[top_k: 20]
[monotone_constraints: ]
[monotone_constraints_method: basic]
[monotone_penalty: 0]
[feature_contri: ]
[forcedsplits_filename: ]
[refit_decay_rate: 0.9]
[cegb_tradeoff: 1]
[cegb_penalty_split: 0]
[cegb_penalty_feature_lazy: ]
[cegb_penalty_feature_coupled: ]
[path_smooth: 0]
[interaction_constraints: ]
[verbosity: -1]
[saved_feature_importance_type: 0]
[use_quantized_grad: 0]
[num_grad_quant_bins: 4]
[quant_train_renew_leaf: 0]
[stochastic_rounding: 1]
[linear_tree: 0]
[max_bin: 255]
[max_bin_by_feature: ]
[min_data_in_bin: 3]
[bin_construct_sample_cnt: 200000]
[data_random_seed: 175]
[is_enable_sparse: 1]
[enable_bundle: 1]
[use_missing: 1]
[zero_as_missing: 0]
[feature_pre_filter: 1]
[pre_partition: 0]
[two_round: 0]
[header: 0]
[label_column: ]
[weight_column: ]
[group_column: ]
[ignore_column: ]
[categorical_feature: 0,1,3]
[forcedbins_filename: ]
[precise_float_parser: 0]
[parser_config_file: ]
[objective_seed: 16083]
[num_class: 1]
[is_unbalance: 0]
[scale_pos_weight: 1]
[sigmoid: 1]
[boost_from_average: 1]
[reg_sqrt: 0]
[alpha: 0.9]
[fair_c: 1]
[poisson_max_delta_step: 0.7]
[tweedie_variance_power: 1.5]
[lambdarank_truncation_level: 30]
[lambdarank_norm: 1]
[label_gain: ]
[lambdarank_position_bias_regularization: 0]
[eval_at: ]
[multi_error_top_k: 1]
[auc_mu_weights: ]
[num_machines: 1]
[local_listen_port: 12400]
[time_out: 120]
[machine_list_filename: ]
[machines: ]
[gpu_platform_id: -1]
[gpu_device_id: -1]
[gpu_device_id_list: ]
[gpu_use_dp: 0]
[num_gpu: 1]

end of parameters

pandas_categorical:[]
