tree
version=v4
num_class=1
num_tree_per_iteration=1
label_index=0
max_feature_idx=44
objective=binary sigmoid:1
feature_names=age_group gender month season day_of_year_sin day_of_year_cos weather_code_current temperature_mean_current temperature_max_current temperature_min_current humidity_mean_current humidity_max_current humidity_min_current wind_speed_mean_current wind_speed_max_current precipitation_sum_current rain_sum_current wind_gust_max_current rain_day_current temperature_mean_3d temperature_max_3d temperature_min_3d humidity_mean_3d humidity_max_3d humidity_min_3d wind_speed_mean_3d wind_speed_max_3d precipitation_sum_3d rain_sum_3d rain_days_3d rain_max_daily_3d wind_gust_max_3d temperature_mean_7d temperature_max_7d temperature_min_7d humidity_mean_7d humidity_max_7d humidity_min_7d wind_speed_mean_7d wind_speed_max_7d precipitation_sum_7d rain_sum_7d rain_days_7d rain_max_daily_7d wind_gust_max_7d
feature_infos=-1:0:1:2:3:4:5 -1:0:1 [1:12] -1:1:0 [-0.99999942202469239:0.99998555065071859] [-0.99997919295908244:0.9999907524084426] [0:61] [23.658332999999999:32.533332999999999] [25.899999999999999:39.200000000000003] [17.899999999999999:29.300000000000001] [48.958333000000003:91.625] [63:100] [23:86] [2.8541669999999999:19.695833] [6.4000000000000004:30.100000000000001] [0:63.100000000000001] [0:63.100000000000001] [14:56.899999999999999] [0:1] [23.766667000000002:32.427778000000004] [27.699999999999999:39.200000000000003] [17.899999999999999:28.100000000000001] [52.569443999999997:90.694444000000004] [73:100] [23:79] [4.125:17.329167000000002] [9.6999999999999993:30.100000000000001] [0:93.900000000000006] [0:93.900000000000006] [0:3] [0:63.100000000000001] [17.300000000000001:56.899999999999999] [24.365476000000001:32.235118999999997] [28.699999999999999:39.200000000000003] [17.899999999999999:27.5] [55.767856999999999:89.523809999999997] [77:100] [23:72] [4.5327380000000002:15.469643] [11.6:30.100000000000001] [0:163.90000000000001] [0:163.90000000000001] [0:7] [0:63.100000000000001] [23:56.899999999999999]
tree_sizes=1482 1511 1502 1509 1515 1506 1744 1506 1508 1511 1521 1515 1516 1425 1508 1516 1530 1517 1519 1729 1427 1425 1523 1415 1423 1514 1517 1415 1509 1509 1529 1534 1535 1525 1428 1517 1520 1426 1531 1527 1323 1530 1428 1525 1320 1529 1528 1637 1526 1427 1321 1428 1325 1109 1519 1094 1114 1741 1006 1114 1110 1118 1111 1121 1124 1540 1020 1728 1439 1096 1751 1423 1096 1102 1107 1109 1310 1436 1326 1541 1123 1121 1536 1121 1721 1746 1520 1539 1096 1429 1427 1729 1753 1752 1322 1762 1645 1525 1722 1731 1657 1530 1748 1738 1329 1128 1731 1519 1545 1123 1130 1741 1219 1659 1766 1650 1757 1744 900 1751 1749 1535 1732 1734 1645 1766 1735 1524 1763 1115 1656 1126 1748 1747 1440 1439 1741 1112 1534 1661 1757 1743 1762 1747 1775

Tree=0
num_leaves=13
num_cat=3
split_feature=0 0 4 34 34 37 42 0 4 34 32 44
split_gain=6027.45 220.558 189.592 215.876 86.9514 57.5966 44.2511 20.9239 31.8555 25.7669 20.5854 18.8911
threshold=0 1 -0.013976118469459398 20.350000000000005 21.050000000000004 33.500000000000007 2.5000000000000004 2 -0.30163705152652737 23.350000000000005 27.838690500000002 52.000000000000007
decision_type=1 1 2 2 2 2 2 1 2 2 2 2
left_child=7 4 11 -4 5 -2 -6 8 9 -1 -10 -3
right_child=1 2 3 -5 6 -7 -8 -9 10 -11 -12 -13
leaf_value=0.053342999140951294 0.043923730696815405 0.21736700077490836 0.068712245216149923 0.18742010662724429 0.21321571081201995 0.14793597169214431 0.16199515321345634 0.035574013256353482 0.041400974926370016 0.091931479314168188 0.066603683424065571 0.17052710144799579
leaf_weight=67.662420034408569 23.88085412979126 739.8089602291584 39.055146858096123 940.55739025771618 45.522878184914589 28.358514279127121 479.10963597893715 579.85698933899403 191.54435083270073 137.06615234911442 179.35516487061977 23.88085412979126
leaf_count=272 96 2974 157 3781 183 114 1926 2331 770 551 721 96
internal_value=0.141479 0.187907 0.196932 0.182618 0.160101 0.0994544 0.166568 0.0486879 0.0636301 0.0788132 0.053355 0.215943
internal_weight=3475.66 2320.17 1743.3 979.613 576.872 52.2394 524.633 1155.49 575.628 204.729 370.9 763.69
internal_count=13972 9327 7008 3938 2319 210 2109 4645 2314 823 1491 3070
cat_boundaries=0 1 2 3
cat_threshold=48 2 32
is_linear=0
shrinkage=1


Tree=1
num_leaves=13
num_cat=3
split_feature=0 0 4 34 34 42 35 0 4 34 34 4
split_gain=5361.24 201.818 169.369 180.45 76.8295 40.1999 30.3566 22.0461 31.89 23.3603 19.8962 13.8472
threshold=0 1 -0.022576249993022598 20.350000000000005 21.050000000000004 3.5000000000000004 74.613095000000001 2 -0.30163705152652737 23.350000000000005 24.850000000000005 0.99865421017599987
decision_type=1 1 2 2 2 2 2 1 2 2 2 2
left_child=7 4 10 -4 6 -6 -2 8 9 -1 -3 -10
right_child=1 2 3 -5 5 -7 -8 -9 11 -11 -12 -13
leaf_value=-0.081822184365734754 -0.065446192537111647 0.072610692463772261 -0.06497598734141842 0.043746907175220541 0.057256960352489499 0.017904974033125676 0.017395643906298573 -0.09989981146145932 -0.084586827725445735 -0.045302668790181425 0.028635239806940195 -0.022914541577901033
leaf_weight=68.451294869184494 35.170889005064964 726.43759405612946 38.938193053007126 929.55483603477478 75.282799452543259 450.53773191571236 15.415503591299055 575.06803585588932 368.22402881085873 137.70883584022522 28.471362113952637 10.239491000771521
leaf_count=274 141 2940 156 3751 304 1814 62 2301 1474 552 115 41
internal_value=4.18098e-05 0.0442046 0.052916 0.0393132 0.0176552 0.0236371 -0.0403534 -0.0871311 -0.0729581 -0.0577647 0.0709922 -0.082983
internal_weight=3459.5 2299.81 1723.4 968.493 576.407 525.821 50.5864 1159.69 584.624 206.16 754.909 378.464
internal_count=13925 9283 6962 3907 2321 2118 203 4642 2341 826 3055 1515
cat_boundaries=0 1 2 3
cat_threshold=48 2 32
is_linear=0
shrinkage=0.05


Tree=2
num_leaves=13
num_cat=3
split_feature=0 0 2 34 34 37 32 42 0 34 5 39
split_gain=4895.29 191.89 157.375 177.824 62.1212 56.3809 43.9199 42.2421 20.2002 21.1849 22.9885 1.41823
threshold=0 1 6.5000000000000009 20.350000000000005 21.050000000000004 33.500000000000007 28.1711305 3.5000000000000004 2 22.650000000000002 -0.19337245081799001 15.750000000000002
decision_type=1 1 2 2 2 2 2 2 1 2 2 2
left_child=8 4 3 -3 5 -2 -4 -6 9 11 -11 -1
right_child=1 2 6 -5 7 -7 -8 -9 -10 10 -12 -13
leaf_value=-0.066356704405093711 -0.090814660380811887 -0.067924160086855673 0.068746953701598737 0.041581220629211643 0.05621794636867055 0.012766176902245597 -0.054285870057796386 0.015876953085166314 -0.095082153414149273 -0.074642244004011524 -0.051049965103239829 -0.092080793875129435
leaf_weight=19.24458321928978 23.497278422117233 37.749867245554924 764.75752845406532 921.87915678322315 75.056678801774979 27.870767593383789 6.630663499236106 454.81018424034119 580.14966516196728 273.15157450735569 185.19627824425697 113.70752714574337
leaf_count=77 94 151 3122 3737 305 112 27 1834 2323 1093 741 455
internal_value=-0.000130277 0.0420222 0.0504999 0.0372073 0.0163052 -0.0354442 0.0676205 0.0216865 -0.0829482 -0.069524 -0.0652416 -0.0888805
internal_weight=3483.7 2312.25 1731.02 959.629 581.235 51.368 771.388 529.867 1171.45 591.3 458.348 132.952
internal_count=14071 9382 7037 3888 2345 206 3149 2139 4689 2366 1834 532
cat_boundaries=0 1 2 3
cat_threshold=48 2 32
is_linear=0
shrinkage=0.05


Tree=3
num_leaves=13
num_cat=3
split_feature=0 0 4 34 34 37 43 32 0 4 32 32
split_gain=4490.67 180.467 148.786 174.595 58.322 44.3938 36.8076 23.3312 14.5645 24.715 19.6667 15.35
threshold=0 1 1.0000000180025095e-35 20.350000000000005 21.050000000000004 33.500000000000007 1.8500000000000003 28.1711305 2 -0.30163705152652737 26.939583500000001 27.838690500000002
decision_type=1 1 2 2 2 2 2 2 1 2 2 2
left_child=8 4 7 -4 5 -2 -6 -3 9 10 -1 -11
right_child=1 2 3 -5 6 -7 -8 -9 -10 11 -12 -13
leaf_value=-0.064812437008253995 -0.084566404463898404 0.066181028000228445 -0.066073058590664813 0.040186340449812147 0.046158451631059319 0.0079726716021428033 0.013715224042653539 -0.032907895187380985 -0.090916400820245657 -0.086397218033804943 -0.031639630084566148 -0.064614717028218832
leaf_weight=137.85207414627075 23.176803007721901 754.27320577204227 39.459342151880264 928.13689179718494 110.17384247481823 27.598584920167923 417.16804943978786 5.4302984476089469 582.78985932469368 190.76257759332657 70.723965510725975 179.68635430932045
leaf_count=552 93 3113 158 3782 449 111 1685 22 2346 766 283 720
internal_value=-2.25402e-06 0.0403592 0.0485753 0.0357893 0.0153625 -0.035085 0.0205679 0.0654304 -0.0797199 -0.0669657 -0.0537688 -0.076034
internal_weight=3467.23 2305.42 1727.3 967.596 578.117 50.7754 527.342 759.704 1161.81 579.025 208.576 370.449
internal_count=14080 9413 7075 3940 2338 204 2134 3135 4667 2321 835 1486
cat_boundaries=0 1 2 3
cat_threshold=48 2 32
is_linear=0
shrinkage=0.05


Tree=4
num_leaves=13
num_cat=3
split_feature=0 4 8 6 33 0 34 34 0 4 33 33
split_gain=4056.39 170.501 239.235 219.113 80.8734 71.9237 53.448 20.4715 19.1394 26.0058 23.9305 18.8317
threshold=0 -0.022576249993022598 33.250000000000007 2.5000000000000004 36.850000000000001 1 24.850000000000005 24.850000000000005 2 -0.28519255817492867 32.550000000000004 33.850000000000001
decision_type=1 2 2 2 2 1 2 2 1 2 2 2
left_child=8 5 3 -3 -4 6 -2 -7 9 10 -1 -11
right_child=1 2 4 -5 -6 7 -8 -9 -10 11 -12 -13
leaf_value=-0.055077723919843107 0.033161501493923183 -0.05092063923198939 0.038515416373771712 0.020354063127625183 0.080348993810138852 0.064954840855436305 -0.079183478358957671 0.021543433248422339 -0.087249513358331282 -0.085083705381377148 0.0036177413544308612 -0.061348191580409966
leaf_weight=190.42050854861736 242.01009917259216 134.72282432019711 481.31776617467403 523.82426428794861 153.27119340002537 711.39111824333668 10.138357266783713 29.532110810279846 571.99252080917358 170.7304842621088 18.966859430074692 201.17654246091843
leaf_count=764 979 549 1969 2139 628 2975 41 122 2324 690 76 810
internal_value=0.000145277 0.0386778 0.0268468 0.00571788 0.0487299 0.0544303 0.0272721 0.0624146 -0.0758844 -0.0632885 -0.049769 -0.0724433
internal_weight=3439.49 2286.21 1293.14 658.547 634.589 993.072 252.148 740.923 1153.29 581.294 209.387 371.907
internal_count=14066 9402 5285 2688 2597 4117 1020 3097 4664 2340 840 1500
cat_boundaries=0 1 2 3
cat_threshold=48 2 32
is_linear=0
shrinkage=0.05


Tree=5
num_leaves=13
num_cat=3
split_feature=0 0 4 34 34 37 38 32 0 4 33 33
split_gain=3682.04 152.802 129.355 160.636 55.5325 44.2632 32.9222 29.3463 21.3614 24.8289 24.2378 17.3705
threshold=0 1 0.022575936829235404 20.350000000000005 21.050000000000004 33.500000000000007 14.349107500000001 28.1711305 2 -0.30163705152652737 31.750000000000004 33.850000000000001
decision_type=1 1 2 2 2 2 2 2 1 2 2 2
left_child=8 4 7 -4 5 -2 -6 -3 9 10 -1 -11
right_child=1 2 3 -5 6 -7 -8 -9 -10 11 -12 -13
leaf_value=-0.065948809843755979 -0.083489993143170432 0.061661683343922691 -0.067708236577906075 0.036938243751244416 0.020527331826118569 0.0091363566567169013 -0.091055884948102031 -0.039152839538084669 -0.0840283912392146 -0.081637069909194504 -0.031362815518502805 -0.058700851117406389
leaf_weight=94.251489385962486 23.767010450363159 734.2203653305769 37.311226278543472 912.92016565799713 519.27997919917107 26.544379785656929 5.7256595492362967 6.659560650587081 561.35509505867958 166.0486940741539 115.98454158008099 201.99204935133457
leaf_count=380 96 3111 150 3760 2115 107 23 27 2310 678 466 818
internal_value=0.000250398 0.0370818 0.0447677 0.0327624 0.0140733 -0.0353945 0.0191396 0.0607039 -0.0726539 -0.0602499 -0.047107 -0.0692421
internal_weight=3406.06 2266.43 1691.11 950.231 575.317 50.3114 525.006 740.88 1139.63 578.277 210.236 368.041
internal_count=14041 9389 7048 3910 2341 203 2138 3138 4652 2342 846 1496
cat_boundaries=0 1 2 3
cat_threshold=48 2 32
is_linear=0
shrinkage=0.05


Tree=6
num_leaves=15
num_cat=1
split_feature=4 8 6 34 39 44 33 34 34 40 34 44 4 1
split_gain=111.624 164.98 138.01 77.4408 70.0807 103.001 41.9893 39.6385 42.8145 41.3962 37.7439 22.2105 9.02228 3.01996
threshold=-0.10837695015263894 33.250000000000007 2.5000000000000004 24.450000000000003 22.950000000000003 40.500000000000007 33.550000000000004 24.850000000000005 23.550000000000004 125.2 23.950000000000003 31.150000000000002 -0.65234524191686594 0
decision_type=2 2 2 2 2 2 2 2 2 2 2 2 2 1
left_child=7 2 10 -4 6 -6 -3 8 9 -1 -2 -10 -9 -14
right_child=1 4 3 -5 5 -7 -8 12 11 -11 -12 -13 13 -15
leaf_value=0.0061985581100098604 -0.039179589185045709 -0.0666740866751689 -0.0027747064336967157 -0.036605744018241862 -0.06878786571351185 0.0023616210046817606 0.020933320542243439 0.021804021325383789 -0.017199218396546197 -0.060001829233227916 -0.082988784947462396 0.023882601113514632 -0.04865701629090799 -0.022953661460527634
leaf_weight=641.78361575305462 122.63395813107491 13.072008579969404 614.23679043352604 232.53771647810936 59.502040982246399 319.04563185572624 552.53427015244961 7.011980637907981 34.032581925392151 23.518693596124649 85.458101332187653 626.39353151619434 25.159587621688843 26.361331403255463
leaf_count=2699 504 54 2541 961 246 1324 2288 29 143 99 350 2632 104 109
internal_value=4.03078e-05 -0.00751583 -0.0210963 -0.0120975 0.0076634 -0.00897379 0.0187945 0.0109497 0.0127339 0.00377181 -0.0574818 0.0217428 -0.0289957 -0.036193
internal_weight=3383.28 1999.02 1054.87 846.775 944.154 378.548 565.606 1384.26 1325.73 665.302 208.092 660.426 58.5329 51.5209
internal_count=14083 8268 4356 3502 3912 1570 2342 5815 5573 2798 854 2775 242 213
cat_boundaries=0 1
cat_threshold=1
is_linear=0
shrinkage=0.05


Tree=7
num_leaves=13
num_cat=3
split_feature=0 0 4 34 34 5 37 32 0 4 33 33
split_gain=3369.71 136.796 110.619 141.658 55.4502 35.4553 31.9774 30.7471 22.6606 22.398 23.6509 15.8601
threshold=0 1 0.022575936829235404 25.150000000000002 21.050000000000004 0.97263757644091864 33.500000000000007 28.1711305 2 -0.28519255817492867 32.550000000000004 33.850000000000001
decision_type=1 1 2 2 2 2 2 2 1 2 2 2
left_child=8 4 7 -4 6 -6 -2 -3 9 10 -1 -11
right_child=1 2 3 -5 5 -7 -8 -9 -10 11 -12 -13
leaf_value=-0.050634804688968485 -0.077586825588665531 0.058502407804496774 0.022946980411039541 0.076087881297815366 0.021459436582494731 -0.040056606435205366 0.001145389690861545 -0.045719052919856867 -0.081235225919623316 -0.078262088077833719 0.0069026083965580661 -0.056215782467360545
leaf_weight=190.76181356608868 23.22957219183445 723.16115202009678 786.1498826444149 148.66935010254383 498.17196846008301 23.676734462380409 27.511665418744087 6.4568591415882102 561.63061159849167 164.68491551280022 19.447482749819756 199.02179370820522
leaf_count=771 95 3120 3250 620 2035 97 111 26 2348 683 78 812
internal_value=-0.00028055 0.0352982 0.0426605 0.0314705 0.0134962 0.0185971 -0.0357015 0.0575188 -0.0700344 -0.0577517 -0.0453043 -0.0663855
internal_weight=3372.57 2237.03 1664.44 934.819 572.59 521.849 50.7412 729.618 1135.55 573.916 210.209 363.707
internal_count=14046 9354 7016 3870 2338 2132 206 3146 4692 2344 849 1495
cat_boundaries=0 1 2 3
cat_threshold=48 2 32
is_linear=0
shrinkage=0.05


Tree=8
num_leaves=13
num_cat=3
split_feature=0 4 8 6 39 0 37 32 0 4 34 32
split_gain=3126.35 127.077 193.199 168.728 69.4595 61.8775 45.7856 25.1902 19.2269 20.2668 22.7546 15.0933
threshold=0 0.022575936829235404 33.250000000000007 2.5000000000000004 22.950000000000003 1 55.500000000000007 28.1711305 2 -0.30163705152652737 23.350000000000005 27.838690500000002
decision_type=1 2 2 2 2 1 2 2 1 2 2 2
left_child=8 5 3 -3 -4 6 -2 -7 9 10 -1 -11
right_child=1 2 4 -5 -6 7 -8 -9 -10 11 -12 -13
leaf_value=-0.06762462509659084 -0.024123754607332692 -0.046417750776081484 0.057617577078418719 0.01742210922954519 0.0232762390954258 0.056983293582037131 0.033317792517303477 -0.037584785703986184 -0.07867911933609692 -0.074607808551210131 -0.031911648888623793 -0.053248464316468472
leaf_weight=68.355147764086723 40.671514928340912 129.31696134805679 363.7221478074789 502.08355510234833 250.51038421690464 719.73889811336994 212.46591985225677 6.4697239100933066 548.28874644637108 186.19599325954914 136.65683487057686 178.94586874544621
leaf_count=280 166 526 1524 2072 1046 3157 868 26 2335 783 552 736
internal_value=-4.62847e-05 0.0342045 0.0237314 0.00429436 0.0436723 0.0478364 0.0231203 0.0553294 -0.0678524 -0.0561488 -0.0440895 -0.0643142
internal_weight=3343.42 2224.98 1245.63 631.401 614.233 979.346 253.137 726.209 1118.44 570.154 205.012 365.142
internal_count=14071 9385 5168 2598 2570 4217 1034 3183 4686 2351 832 1519
cat_boundaries=0 1 2 3
cat_threshold=48 2 32
is_linear=0
shrinkage=0.05


Tree=9
num_leaves=13
num_cat=3
split_feature=0 6 33 34 0 5 4 0 4 34 33 19
split_gain=2874.63 121.067 97.7905 86.0464 80.005 50.3587 45.9735 24.191 16.5746 17.4845 15.4283 1.10148
threshold=0 2.5000000000000004 36.850000000000001 24.450000000000003 1 0.96849880583763492 0.24372619187392147 2 -0.27694604220087021 23.250000000000004 33.850000000000001 28.785416500000004
decision_type=1 2 2 2 1 2 2 1 2 2 2 2
left_child=7 2 3 -2 5 -3 -6 8 9 -1 -10 -4
right_child=1 4 11 -5 6 -7 -8 -9 10 -11 -12 -13
leaf_value=-0.065367980884778937 0.015691184021322743 0.024942232217371761 0.03711859495444917 -0.036971961911286905 0.054894970927412884 -0.042058112570947888 0.035351556583798613 -0.076404581366373292 -0.072939056720964485 -0.032984351398080335 -0.050964460100693866 0.075465823225026277
leaf_weight=60.178429082036018 347.16438339650631 416.28593122959137 5.0278560519218436 98.80572098493576 730.27754129469395 29.173094391822815 527.04682393372059 537.22886919975281 157.3711112588644 148.38620613515377 194.78410330414772 52.346100434660912
leaf_count=249 1460 1711 21 409 3232 119 2214 2336 675 603 810 224
internal_value=0.000492945 0.0333641 0.0119416 0.00396693 0.0398817 0.0200216 0.0463688 -0.0652358 -0.0532708 -0.0425955 -0.0609632 0.0727988
internal_weight=3304.08 2206.13 503.344 445.97 1702.78 445.459 1257.32 1097.95 560.72 208.565 352.155 57.374
internal_count=14063 9390 2114 1869 7276 1830 5446 4673 2337 852 1485 245
cat_boundaries=0 1 2 3
cat_threshold=48 2 32
is_linear=0
shrinkage=0.05


Tree=10
num_leaves=13
num_cat=3
split_feature=0 0 4 34 34 4 0 4 33 38 32 4
split_gain=2608.69 113.813 94.4561 131.942 45.8278 35.4198 23.396 21.7885 22.6553 18.7697 15.7689 14.6765
threshold=0 1 -0.005375728450543499 20.350000000000005 20.350000000000005 -0.88622299073327826 2 -0.30983472475487861 31.750000000000004 14.349107500000001 27.859821000000004 -0.24372957273992743
decision_type=1 1 2 2 2 2 1 2 2 2 2 2
left_child=6 4 9 -4 11 -6 7 8 -1 -3 -9 -2
right_child=1 2 3 -5 5 -7 -8 10 -10 -11 -12 -13
leaf_value=-0.058269106723960566 0.0020881865259258898 0.054019764217937853 -0.058778866634684179 0.032243207263739304 0.047471721191770802 0.0099647744342547546 -0.074338959913579361 -0.070752818815505963 -0.024448260062101185 -0.0012268194063636722 -0.048709484228504407 -0.078910177819117119
leaf_weight=88.198722034692764 8.1123793274164218 666.68548467755318 40.784548550844193 888.16522808372974 71.719669431447983 476.22025726735592 519.65677829086781 179.88216309249401 117.28105375170708 15.691357672214506 172.47681978344917 16.650537371635437
leaf_count=366 33 3030 165 3753 296 1966 2312 784 478 68 724 69
internal_value=9.48066e-05 0.0314779 0.0383777 0.0281881 0.0117076 0.0149516 -0.0631933 -0.0515738 -0.0391772 0.0527494 -0.0601312 -0.0533239
internal_weight=3261.52 2184.03 1611.33 928.95 572.703 547.94 1077.5 557.839 205.48 682.377 352.359 24.7629
internal_count=14044 9380 7016 3918 2364 2262 4664 2352 844 3098 1508 102
cat_boundaries=0 1 2 3
cat_threshold=48 2 32
is_linear=0
shrinkage=0.05


Tree=11
num_leaves=13
num_cat=3
split_feature=0 0 4 34 5 37 6 0 44 4 34 33
split_gain=2396.6 122.977 91.5028 121.309 39.263 38.7936 36.9346 24.2341 22.7805 17.9018 20.353 15.6468
threshold=0 1 -0.04836157422433459 25.150000000000002 0.96849880583763492 40.500000000000007 2.5000000000000004 2 52.000000000000007 -0.28519255817492867 23.350000000000005 33.850000000000001
decision_type=1 1 2 2 2 2 2 1 2 2 2 2
left_child=7 4 8 -4 6 -6 -2 9 -3 10 -1 -11
right_child=1 2 3 -5 5 -7 -8 -9 -10 11 -12 -13
leaf_value=-0.061237276397302171 -0.011704650317878526 0.05357227077940914 0.019645088024328169 0.069606582507507272 -0.092108917083766922 0.007554734958627643 0.020119439205095936 -0.072506452655577716 0.0028265905687600429 -0.069926454799535048 -0.027273992061741942 -0.047738872529347373
leaf_weight=66.502431228756905 116.47765192389488 626.34832198917866 796.00368937849998 142.76451516151428 17.26233097910881 20.683213710784912 409.53628541529179 513.73270942270756 23.04292456805706 153.72747175395489 137.61291322112083 193.68150116503239
leaf_count=282 484 2906 3370 623 71 84 1695 2343 102 687 563 824
internal_value=-0.000424782 0.0299138 0.0371074 0.027309 0.00933355 -0.0389855 0.0130636 -0.0613925 0.0517787 -0.0498247 -0.0385841 -0.0577293
internal_weight=3217.38 2152.12 1588.16 938.768 563.959 37.9455 526.014 1065.26 649.391 551.524 204.115 347.409
internal_count=14034 9335 7001 3993 2334 155 2179 4699 3008 2356 845 1511
cat_boundaries=0 1 2 3
cat_threshold=48 2 32
is_linear=0
shrinkage=0.05


Tree=12
num_leaves=13
num_cat=3
split_feature=0 34 36 34 39 37 19 0 4 33 0 33
split_gain=2167.22 105.456 136.789 111.122 308.103 92.8214 33.3861 26.7052 19.4557 19.0388 16.1568 13.5153
threshold=0 21.050000000000004 96.500000000000014 24.450000000000003 19.050000000000004 25.500000000000004 27.893750000000004 1 -0.28519255817492867 32.550000000000004 2 33.850000000000001
decision_type=1 2 2 2 2 2 2 1 2 2 1 2
left_child=7 2 6 5 -5 -3 -2 8 9 -1 -4 -10
right_child=1 3 10 4 -6 -7 -8 -9 11 -11 -12 -13
leaf_value=-0.040714579548041328 -0.059838062610244359 -0.096756201280967777 -0.0057482972991439044 -0.055008353749335728 0.034716501902433194 0.040218208267572941 0.051541636793787121 -0.070816647849696379 -0.067395580570603297 0.012012260387741428 0.042035635158404444 -0.046399801152674357
leaf_weight=178.81985746324062 83.715420171618462 11.558528408408163 26.509781911969185 127.83988705277443 370.97648613154888 1433.3126859813929 6.5565681159496298 497.33872160315514 150.29451720416546 18.48206627368927 74.044662341475487 186.47380177676678
leaf_count=748 346 49 109 536 1612 6334 28 2329 688 75 332 803
internal_value=-0.00031736 0.0284204 -0.00688351 0.0320344 0.0116572 0.0390563 -0.0512723 -0.0594598 -0.0476683 -0.0357398 0.0330787 -0.0559417
internal_weight=3165.92 2134.51 190.826 1943.69 498.816 1444.87 90.272 1031.41 534.07 197.302 100.554 336.768
internal_count=13989 9346 815 8531 2148 6383 374 4643 2314 823 441 1491
cat_boundaries=0 1 2 3
cat_threshold=48 32 2
is_linear=0
shrinkage=0.05


Tree=13
num_leaves=12
num_cat=2
split_feature=0 33 36 34 44 0 34 5 7 24 20
split_gain=2041.46 102.66 163.94 200.374 103.879 26.3303 15.2554 16.5348 2.55224 2.21473 0.234334
threshold=0 36.850000000000001 95.500000000000014 24.450000000000003 45.20000000000001 1 22.650000000000002 -0.18493013702746816 28.789583500000003 39.500000000000007 34.850000000000001
decision_type=1 2 2 2 2 1 2 2 2 2 2
left_child=5 2 4 -4 -2 6 8 -8 -1 -3 -11
right_child=1 9 3 -5 -6 -7 7 -9 -10 10 -12
leaf_value=-0.065303176468113691 0.0066167138800608044 0.071439819958890302 0.040725288982267141 -0.0038417791337569786 -0.065458680933420554 -0.069285989759858474 -0.050765915644621663 -0.029941390129245349 -0.026684414218288283 0.02749701964575485 0.053497701472546649
leaf_weight=110.72783698141575 330.15318956971169 121.23656067252159 1279.9175396412611 313.83374971151352 57.884450078010559 488.07787990570068 245.52738328278065 165.75055228173733 6.4149395376443854 4.5408481657505062 21.987332224845886
leaf_count=504 1409 542 5755 1342 247 2351 1082 708 28 20 98
internal_value=-5.51423e-05 0.0277534 0.0248604 0.0319525 -0.00427556 -0.0579865 -0.0463497 -0.0424663 -0.0634321 0.0679911 0.0502077
internal_weight=3146.05 2129.55 1981.79 1593.75 388.038 1016.5 528.421 411.278 117.143 147.765 26.5282
internal_count=14086 9413 8753 7097 1656 4673 2322 1790 532 660 118
cat_boundaries=0 1 2
cat_threshold=48 32
is_linear=0
shrinkage=0.05


Tree=14
num_leaves=13
num_cat=3
split_feature=0 0 4 34 5 43 38 0 32 34 5 19
split_gain=1855.89 118.368 82.121 114.796 39.4844 32.5218 31.1335 29.3001 21.4429 15.9285 22.0614 4.54463
threshold=0 1 0.022575936829235404 25.150000000000002 0.97263757644091864 1.0500000000000003 6.4422620000000004 2 28.1711305 22.650000000000002 0.29958852271690523 28.785416500000004
decision_type=1 1 2 2 2 2 2 1 2 2 2 2
left_child=7 4 8 -4 6 -6 -2 9 -3 11 -11 -1
right_child=1 2 3 -5 5 -7 -8 -9 -10 10 -12 -13
leaf_value=-0.064418845659982654 0.038861153437134185 0.048148926561887545 0.016268159968661468 0.066367411085103731 0.010403720342136579 -0.084188223759498415 0.004797790825134594 -0.067871966037032355 -0.040321813965421033 -0.046580429478694833 -0.018216120446157735 -0.016775572565598251
leaf_weight=107.87734653055668 78.050475433468819 649.56187909841537 755.60982589423656 134.01320107281208 15.603798195719717 20.11355909705162 445.70876862108707 469.55806340277195 6.2128436416387549 319.86728078126907 89.485105529427528 6.123167395591735
leaf_count=503 328 3158 3249 609 65 82 1875 2329 25 1416 386 27
internal_value=-0.000139251 0.0264253 0.0336046 0.0238812 0.00632881 -0.0437061 0.00993829 -0.0561246 0.0472506 -0.0444045 -0.0404394 -0.062028
internal_weight=3097.79 2104.87 1545.4 889.623 559.477 35.7174 523.759 992.911 655.775 523.353 409.352 114.001
internal_count=14052 9391 7041 3858 2350 147 2203 4661 3183 2332 1802 530
cat_boundaries=0 1 2 3
cat_threshold=48 2 32
is_linear=0
shrinkage=0.05


Tree=15
num_leaves=13
num_cat=3
split_feature=0 0 4 33 5 43 0 20 40 4 32 33
split_gain=1731.47 97.4318 82.1249 109.347 33.5345 34.8333 32.6209 27.4792 21.4711 17.1034 16.9678 16.0137
threshold=0 1 -0.022576249993022598 36.850000000000001 0.96407344085605595 1.0500000000000003 2 36.850000000000001 130.55000000000004 -0.27694604220087021 26.280654500000001 33.850000000000001
decision_type=1 1 2 2 2 2 1 2 2 2 2 2
left_child=6 4 8 -4 7 -6 9 -2 -3 10 -1 -11
right_child=1 2 3 -5 5 -7 -8 -9 -10 11 -12 -13
leaf_value=-0.06670741890069358 0.0079567413102790367 0.048331755727678199 0.016475810827220938 0.0701992168438587 0.013742597825935319 -0.079717634827577405 -0.06659089480638207 0.058119572563088556 -0.0011777941055645036 -0.063529849124461593 -0.025264265373175988 -0.040405752305267245
leaf_weight=28.677768409252167 487.60025860369205 594.38039198517799 803.32747073471546 106.58891555666924 18.00634953379631 20.654253005981445 462.44060234725475 27.968645378947258 22.686029180884361 139.808548361063 169.38541419804096 182.34981015324593
leaf_count=128 2050 2952 3475 502 75 84 2366 124 113 685 722 818
internal_value=-0.000165223 0.0256469 0.0322191 0.0228392 0.0072648 -0.0369392 -0.0545106 0.0107852 0.0465126 -0.0426156 -0.0315698 -0.0506066
internal_weight=3063.87 2081.21 1526.98 909.916 554.23 38.6606 982.662 515.569 617.066 520.222 198.063 322.158
internal_count=14094 9375 7042 3977 2333 159 4719 2174 3065 2353 850 1503
cat_boundaries=0 1 2 3
cat_threshold=48 2 32
is_linear=0
shrinkage=0.05


Tree=16
num_leaves=13
num_cat=2
split_feature=0 33 34 36 39 0 4 34 33 27 5 25
split_gain=1607.42 91.3204 143.459 190.273 174.582 31.3852 17.1759 20.1257 13.9373 4.06295 0.138772 0.0719562
threshold=0 36.850000000000001 24.450000000000003 96.500000000000014 19.050000000000004 1 -0.28519255817492867 23.250000000000004 33.850000000000001 19.250000000000004 -0.61236746317008228 8.9534725000000019
decision_type=1 2 2 2 2 1 2 2 2 2 2 2
left_child=5 2 3 -2 -4 6 7 -1 -8 11 -11 -3
right_child=1 9 4 -5 -6 -7 8 -9 -10 10 -12 -13
leaf_value=-0.056258575126125199 -0.00076346963235349207 0.045440564572794252 -0.053510602747896589 0.039086131046791865 0.018374670364523307 -0.065388677549901991 -0.061867322962475761 -0.020438019286282735 -0.039961909681372768 0.017136073321095055 0.036251509386413798 0.067122461011969212
leaf_weight=54.2731112241745 405.00175134837627 9.3652172237634641 125.7638995051384 1149.0526864379644 252.15452274680138 444.52489811182022 137.27701090276241 142.91719447076321 176.60435529053211 5.2133776247501373 4.9632577002048475 122.18389301002026
leaf_count=246 1741 45 527 5382 1113 2348 691 607 803 23 23 582
internal_value=2.71387e-05 0.0247382 0.0219918 0.0287071 -0.00562544 -0.0532687 -0.0415713 -0.0305311 -0.0497084 0.0634928 0.0288683 0.0659334
internal_weight=3029.3 2073.7 1931.97 1554.05 377.918 955.597 511.072 197.19 313.881 141.726 10.1766 131.549
internal_count=14131 9436 8763 7123 1640 4695 2347 853 1494 673 46 627
cat_boundaries=0 1 2
cat_threshold=48 32
is_linear=0
shrinkage=0.05


Tree=17
num_leaves=13
num_cat=3
split_feature=0 0 4 34 4 8 0 39 39 34 5 7
split_gain=1463.76 94.3086 71.6378 106.609 40.326 50.1322 32.7429 18.6903 16.9558 15.1634 19.2526 3.9179
threshold=0 1 0.039769539193789956 20.350000000000005 -0.89406062840022227 33.350000000000001 2 18.850000000000005 17.650000000000002 22.650000000000002 0.29958852271690523 28.789583500000003
decision_type=1 1 2 2 2 2 1 2 2 2 2 2
left_child=6 4 7 -4 8 -6 9 -3 -2 11 -11 -1
right_child=1 2 3 -5 5 -7 -8 -9 -10 10 -12 -13
leaf_value=-0.060091492056217659 -0.0060938491998224946 0.033592864908566271 -0.06416127213502841 0.024536986196738088 -0.0097949564638845892 0.024801252534571383 -0.064267321884840564 0.051332556742118375 0.055232331124555015 -0.042003696381331196 -0.015091703587474102 -0.016421494328484675
leaf_weight=102.03390273451805 14.107895836234091 284.4501066505909 34.38458788394928 825.85907229781151 342.73249228298664 149.58775658905506 426.35711808502674 335.38408140838146 51.60342113673687 312.72591729462147 86.250303477048874 6.3564520627260199
leaf_count=509 61 1461 140 3668 1440 645 2328 1719 223 1446 383 29
internal_value=-0.000288722 0.0234522 0.0300956 0.0209213 0.00559066 0.000745804 -0.0517765 0.0432588 0.0421719 -0.0401389 -0.0362382 -0.057704
internal_weight=2971.83 2038.11 1480.08 860.244 558.032 492.32 933.724 619.834 65.7113 507.367 398.976 108.39
internal_count=14052 9357 6988 3808 2369 2085 4695 3180 284 2367 1829 538
cat_boundaries=0 1 2 3
cat_threshold=48 2 32
is_linear=0
shrinkage=0.05


Tree=18
num_leaves=13
num_cat=3
split_feature=0 6 5 6 0 8 6 0 38 4 33 33
split_gain=1372.36 91.8296 83.1608 78.6714 61.9975 41.5716 34.2918 30.8886 25.8376 17.7185 15.0397 14.8546
threshold=0 2.5000000000000004 -0.97111920233974802 1.5000000000000002 1 33.350000000000001 27.000000000000004 2 8.3011905000000024 -0.30163705152652737 33.850000000000001 31.750000000000004
decision_type=1 2 2 2 1 2 2 1 2 2 2 2
left_child=7 2 8 -4 5 -3 -6 9 -2 11 -11 -1
right_child=1 4 3 -5 6 -7 -8 -9 -10 10 -12 -13
leaf_value=-0.044048792347729321 0.025427743890202172 0.0041242587118587052 0.017594199208034983 -0.041652917268770573 0.039159709473669042 0.044440068586164172 0.015852999902715794 -0.063266342420872299 -0.097596482736086509 -0.060536013018826974 -0.037612479089861289 -0.015671373784575393
leaf_weight=81.421297371387482 4.7069945931434658 343.89600890874863 381.20031422376633 64.686364054679871 921.57364557683468 77.619716584682465 192.70855516195297 415.41837275028229 24.108839198946953 133.00101606547832 173.88630747795105 108.81772863864899
leaf_count=371 20 1457 1712 279 4475 339 949 2346 100 704 814 468
internal_value=-0.000417686 0.0226554 0.00353805 0.00892504 0.0287057 0.0113668 0.0348344 -0.0509118 -0.0773219 -0.0394417 -0.0477116 -0.0279836
internal_weight=2923.05 2010.5 474.703 445.887 1535.8 421.516 1114.28 912.545 28.8158 497.126 306.887 190.239
internal_count=14034 9331 2111 1991 7220 1796 5424 4703 120 2357 1518 839
cat_boundaries=0 1 2 3
cat_threshold=48 2 32
is_linear=0
shrinkage=0.05


Tree=19
num_leaves=15
num_cat=0
split_feature=34 26 34 36 44 5 25 34 41 39 41 27 5 7
split_gain=76.146 76.8941 83.1803 75.2092 74.7911 89.6042 63.3987 40.6534 38.8209 18.3321 14.0954 7.73403 5.63312 1.76288
threshold=21.050000000000004 14.65 23.950000000000003 96.500000000000014 45.20000000000001 0.36447543099728857 6.6145835000000011 24.450000000000003 130.55000000000004 19.250000000000004 2.8500000000000001 5.5000000000000009 0.9863035000474919 27.266666500000003
decision_type=2 2 2 2 2 2 2 2 2 2 2 2 2 2
left_child=3 2 8 9 7 -6 -4 -3 -2 13 -11 12 -5 -1
right_child=1 4 6 11 5 -7 -8 -9 -10 10 -12 -13 -14 -15
leaf_value=-0.026135956802050882 0.00097870769609695514 0.013942796037555225 0.0067956540164377027 0.011012921539745108 -0.0078255783492186797 -0.09959389516296642 -0.079400187195895797 -0.0028386374761763355 -0.089845055748366556 -0.071785450995625097 -0.030537950116591037 -0.030751000100565279 -0.014567850300530434 0.0069450645499618286
leaf_weight=4.9552751630544689 243.51975367963314 1431.1426743865013 29.146128639578819 89.638179421424866 315.4876838773489 28.0752023011446 77.088286131620407 482.07274889945984 11.361659884452818 79.341533944010735 30.933388158679008 16.387034863233566 27.286315366625786 11.565408721566198
leaf_count=23 1225 7003 138 447 1552 127 353 2309 57 362 142 77 139 54
internal_value=-0.000139545 0.00242763 -0.0189627 -0.0258877 0.00585726 -0.015592 -0.0559089 0.00971511 -0.00340517 -0.0532954 -0.0605935 0.000383077 0.0049703 -0.00390277
internal_weight=2878 2617.89 361.116 260.107 2256.78 343.563 106.234 1913.22 254.881 126.796 110.275 133.312 116.924 16.5207
internal_count=14008 12764 1773 1244 10991 1679 491 9312 1282 581 504 663 586 77
is_linear=0
shrinkage=0.05


Tree=20
num_leaves=12
num_cat=2
split_feature=0 33 36 34 44 0 34 5 19 27 4
split_gain=1251.34 86.9656 148.568 156.875 82.4646 33.6357 16.2858 17.0007 3.33922 2.89827 1.06939
threshold=0 36.850000000000001 95.500000000000014 24.450000000000003 45.20000000000001 1 22.650000000000002 -0.18493013702746816 28.785416500000004 19.450000000000003 0.99966190462023474
decision_type=1 2 2 2 2 1 2 2 2 2 2
left_child=5 2 4 -4 -2 6 8 -8 -1 10 -3
right_child=1 9 3 -5 -6 -7 7 -9 -10 -11 -12
leaf_value=-0.058552782607405943 0.00089425141655723379 0.063907077629547102 0.034269419744319921 -0.0058366251351583973 -0.063976774421156027 -0.062315702862970057 -0.042356349007021198 -0.020665817557130255 -0.015199497260550893 0.026699632909870086 0.027582297796020495
leaf_weight=96.470490455627441 318.56446282565594 119.67317877709866 1191.6248059868813 306.1487699598074 56.887111812829971 396.96730071306229 225.71764346957207 155.8969648629427 5.5257637202739707 7.9379819631576529 4.2171059548854819
leaf_count=508 1393 598 5765 1340 243 2321 1093 705 26 37 21
internal_value=-0.000110808 0.0217031 0.0190266 0.0260732 -0.00907862 -0.0494342 -0.0377098 -0.0335725 -0.0563744 0.0609389 0.0629014
internal_weight=2885.63 2005.05 1873.23 1497.77 375.452 880.578 483.611 381.615 101.996 131.828 123.89
internal_count=14050 9397 8741 7105 1636 4653 2332 1798 534 656 619
cat_boundaries=0 1 2
cat_threshold=48 32
is_linear=0
shrinkage=0.05


Tree=21
num_leaves=12
num_cat=2
split_feature=0 33 34 39 36 0 4 33 33 19 39
split_gain=1117.42 86.7236 127.702 158.337 155.757 40.6709 16.7507 19.7233 15.8206 3.99664 0.503276
threshold=0 36.850000000000001 24.450000000000003 19.050000000000004 96.500000000000014 1 -0.27694604220087021 32.550000000000004 33.850000000000001 28.677083500000006 20.650000000000002
decision_type=1 2 2 2 2 1 2 2 2 2 2
left_child=5 2 4 -4 -2 6 7 -1 -8 -3 -11
right_child=1 9 3 -5 -6 -7 8 -9 -10 10 -12
leaf_value=-0.029436957708535411 -0.0027119430037239349 0.021605228996391872 -0.052582096008822493 0.015114537778776244 0.033818803811193586 -0.061432622840015022 -0.057633141052591721 0.02533847366891237 -0.033368588860366082 0.046988164007200448 0.06375708372312569
leaf_weight=173.6251747906208 397.80125147104263 8.1124177277088148 131.31783251464367 247.89464522898197 1092.4726176708937 383.55414122343063 120.33514060080051 17.381239593029022 166.75637526810169 20.38707709312439 104.48483940958977
leaf_count=787 1738 38 548 1114 5394 2324 676 73 805 104 538
internal_value=-0.000305008 0.0201791 0.0174836 -0.00840483 0.0240723 -0.0475606 -0.0353005 -0.0243465 -0.0437039 0.0591653 0.0614144
internal_weight=2864.12 2002.47 1869.49 379.212 1490.27 861.652 478.098 191.006 287.092 132.984 124.872
internal_count=14139 9474 8794 1662 7132 4665 2341 860 1481 680 642
cat_boundaries=0 1 2
cat_threshold=48 32
is_linear=0
shrinkage=0.05


Tree=22
num_leaves=13
num_cat=3
split_feature=0 0 4 34 0 34 43 44 34 5 36 7
split_gain=1045.34 93.7257 63.6919 106.425 40.9515 34.0984 27.0357 20.8562 14.345 21.7763 10.0573 4.45563
threshold=0 1 0.022575936829235404 25.150000000000002 2 20.350000000000005 1.8500000000000003 52.000000000000007 22.650000000000002 -0.18493013702746816 99.500000000000014 28.789583500000003
decision_type=1 1 2 2 1 2 2 2 2 2 2 2
left_child=4 5 7 -4 8 10 -7 -3 11 -10 -2 -1
right_child=1 2 3 -5 -6 6 -8 -9 9 -11 -12 -13
leaf_value=-0.05517063286802934 -0.072867290520370651 0.041247969373303911 0.01043638535102968 0.060425968061403414 -0.060625537495038954 0.025928711348184693 -0.0016031776274422268 -0.010127674828686943 -0.040658464133778528 -0.016081934994207719 -0.00069980686424829855 -0.0078280842099715791
leaf_weight=89.654078274965286 18.114606112241749 553.09592774510384 723.01611469686031 123.99925217032433 373.25563186407089 113.59608696401119 401.38076283037663 20.117569997906685 218.67869557440281 156.30876784026623 6.4851473718881598 5.6390649974346152
leaf_count=497 78 3062 3241 624 2345 506 1726 98 1095 720 27 27
internal_value=-0.000403589 0.019626 0.0263765 0.0178173 -0.0465875 0.00168582 0.00450842 0.0394304 -0.0343148 -0.0304841 -0.0546125 -0.0524795
internal_weight=2803.34 1959.81 1420.23 847.015 843.536 539.577 514.977 573.213 470.281 374.987 24.5998 95.2931
internal_count=14046 9362 7025 3865 4684 2337 2232 3160 2339 1815 105 524
cat_boundaries=0 1 2 3
cat_threshold=48 2 32
is_linear=0
shrinkage=0.05


Tree=23
num_leaves=12
num_cat=3
split_feature=0 0 33 36 0 4 32 44 34 5 39
split_gain=1003.93 83.2239 56.5919 98.1717 36.299 32.954 36.8516 17.8241 14.6505 15.9519 2.97939
threshold=0 1 36.850000000000001 94.500000000000014 2 -0.89406062840022227 27.103274000000003 48.050000000000004 22.650000000000002 -0.20180761162458913 15.750000000000002
decision_type=1 1 2 2 1 2 2 2 2 2 2
left_child=4 5 3 -3 8 7 -7 -2 10 -10 -1
right_child=1 2 -4 -5 -6 6 -8 -9 9 -11 -12
leaf_value=-0.028400430415158981 0.043822103079858503 -0.0064533416819316132 0.064067147846686573 0.029628989127538249 -0.059848345554333271 -0.021335017336710366 0.0079933988099419664 -0.037935422489765835 -0.039483760032257051 -0.018353659825722894 -0.056905625755047408
leaf_weight=13.941294625401495 60.02826215326786 227.75672329962254 90.809052765369415 1084.1799076497555 359.17579606175423 162.53472493588924 309.4571271687746 6.7143585979938498 211.37238730490208 159.43984572589397 78.719179734587669
leaf_count=76 269 1000 501 5529 2342 698 1340 30 1078 739 447
internal_value=-0.00018528 0.019428 0.0258593 0.0233648 -0.0461167 0.00249999 -0.00212986 0.0351587 -0.0343344 -0.0304722 -0.0529659
internal_weight=2764.13 1941.48 1402.75 1311.94 822.649 538.734 471.992 66.7426 463.473 370.812 92.6605
internal_count=14049 9367 7030 6529 4682 2337 2038 299 2340 1817 523
cat_boundaries=0 1 2 3
cat_threshold=48 2 32
is_linear=0
shrinkage=0.05


Tree=24
num_leaves=12
num_cat=2
split_feature=0 38 26 34 34 41 0 13 4 33 33
split_gain=902.579 76.8285 121.203 152.632 119.522 58.5346 42.8929 22.4923 15.7067 21.3041 15.3984
threshold=0 6.4422620000000004 14.950000000000001 23.950000000000003 21.050000000000004 130.55000000000004 1 8.2229170000000007 -0.27694604220087021 32.350000000000001 33.850000000000001
decision_type=1 2 2 2 2 2 1 2 2 2 2
left_child=6 5 3 -3 -4 7 8 -2 9 -1 -10
right_child=1 2 4 -5 -6 -7 -8 -9 10 -11 -12
leaf_value=-0.028817332737496024 0.049126733185949817 0.011680008056454265 -0.02593536436995892 -0.074588216147465219 0.024094752727815791 -0.085709552151628177 -0.059132265385585081 -0.024030852578958331 -0.054693316515669305 0.01659120766158324 -0.030099792710641837
leaf_weight=153.11857508122921 265.57059356570244 137.33697713911533 130.57596156001091 80.60772393643856 1304.6697422862053 7.7692383080720893 347.26414181292057 10.370731741189955 112.00996579229832 30.346066936850548 159.61525364220142
leaf_count=719 1356 703 573 339 6354 39 2351 54 681 133 806
internal_value=-0.000173179 0.0183002 0.0142524 -0.0204216 0.0195282 0.042397 -0.0444106 0.0463004 -0.0320466 -0.0212573 -0.0404048
internal_weight=2739.25 1936.9 1653.19 217.945 1435.25 283.711 802.354 275.941 455.09 183.465 271.625
internal_count=14108 9418 7969 1042 6927 1449 4690 1410 2339 852 1487
cat_boundaries=0 1 2
cat_threshold=48 32
is_linear=0
shrinkage=0.05


Tree=25
num_leaves=13
num_cat=3
split_feature=0 33 34 36 34 0 21 42 25 34 4 1
split_gain=849.852 78.929 112.292 145.607 130.616 39.8584 13.8922 16.3979 2.47944 2.17924 1.31009 0.425187
threshold=0 36.850000000000001 24.450000000000003 96.500000000000014 25.150000000000002 1 22.650000000000002 1.5000000000000002 8.7194445000000034 22.450000000000003 0.99966190462023474 2
decision_type=1 2 2 2 2 1 2 2 2 2 2 1
left_child=5 2 3 -2 -4 6 9 -8 11 -1 -10 -3
right_child=1 8 4 -5 -6 -7 7 -9 10 -11 -12 -13
leaf_value=-0.058410815448098355 -0.0044537653319465754 0.016145532196198818 -0.026738790778652016 0.031358024105493834 0.042171051112446192 -0.058443935261732471 0.023920377188263425 -0.030794983458193832 0.060304453193868658 -0.025924382150469341 0.022648196735999698 0.040306593611967978
leaf_weight=53.598323836922646 391.41697822511196 5.9444973617792112 274.55923147499561 1029.5367422103882 90.667612314224243 334.08235518634319 13.513556838035582 372.05589666962624 106.03459294140339 8.2869637310504896 3.9770248085260382 4.9496730715036392
leaf_count=329 1727 31 1212 5331 417 2351 66 1895 594 47 22 26
internal_value=-0.000280398 0.0177181 0.0151442 0.0214971 -0.00956347 -0.0438326 -0.0317828 -0.0288204 0.0567595 -0.054542 0.0591594 0.0295888
internal_weight=2688.62 1907.09 1786.18 1420.95 365.227 781.537 447.455 385.569 120.906 61.8853 110.012 10.8942
internal_count=14048 9360 8687 7058 1629 4688 2337 1961 673 376 616 57
cat_boundaries=0 1 2 3
cat_threshold=48 32 1
is_linear=0
shrinkage=0.05


Tree=26
num_leaves=13
num_cat=2
split_feature=0 34 26 34 44 39 0 4 32 4 5 14
split_gain=781.4 72.6193 97.1403 90.755 72.5654 68.4343 42.7363 32.4552 13.7626 19.067 5.2694 0.305981
threshold=0 21.050000000000004 14.65 23.950000000000003 45.20000000000001 19.250000000000004 1 0.14250626876356548 26.280654500000001 -0.27694604220087021 0.96849880583763492 20.950000000000003
decision_type=1 2 2 2 2 2 1 2 2 2 2 2
left_child=6 5 3 -3 -4 10 8 -7 11 -10 -2 -1
right_child=1 2 4 -5 -6 7 -8 -9 9 -11 -12 -13
leaf_value=-0.061149706037623854 0.035423858967799926 0.012558114898824505 0.029915293092035052 -0.052380887078019633 -0.00089835671366656357 0.019611635107661576 -0.057793574539740655 -0.048831882029763733 -0.014162399497901441 -0.036655003801916462 0.0039887288394213549 -0.028990187061248281
leaf_weight=35.940306544303894 48.625342205166817 161.38846243917942 1250.0352668762207 79.502643451094627 225.43895661830902 20.64741262793541 319.28668414801359 93.135938569903374 154.83296190202236 247.48679068684578 18.605664059519768 3.5252738595008841
leaf_count=207 237 861 6242 336 1118 105 2335 398 721 1393 92 21
internal_value=-3.22595e-05 0.0171391 0.0204058 -0.00900201 0.0252098 -0.0128351 -0.042475 -0.0363493 -0.0302689 -0.0280553 0.0269104 -0.0590645
internal_weight=2658.45 1897.38 1716.37 240.891 1475.47 181.014 761.072 113.783 441.785 402.32 67.231 39.4656
internal_count=14066 9389 8557 1197 7360 832 4677 503 2342 2114 329 228
cat_boundaries=0 1 2
cat_threshold=48 32
is_linear=0
shrinkage=0.05


Tree=27
num_leaves=12
num_cat=3
split_feature=0 0 33 34 0 8 37 4 4 34 33
split_gain=708.255 72.0562 51.6762 96.8565 45.2112 31.2291 76.3526 18.0179 17.6712 18.8036 15.438
threshold=0 1 36.850000000000001 24.450000000000003 2 33.350000000000001 53.500000000000007 0.89404822654372251 -0.26037633224328088 23.250000000000004 33.850000000000001
decision_type=1 1 2 2 1 2 2 2 2 2 2
left_child=4 5 3 -3 8 6 -2 -7 9 -1 -10
right_child=1 2 -4 -5 -6 7 -8 -9 10 -11 -12
leaf_value=-0.04449035652504179 -0.042053100498406999 0.027079226696793659 0.060856871042946042 -0.00688239793300902 -0.057188302276564587 0.036974846928534193 0.0069321709420199842 0.00064976518920091628 -0.053209813063309901 -0.0079055525103398673 -0.027668708226535943
leaf_weight=46.762873098254204 109.59529051184654 993.42940087616444 81.427123248577118 265.67238472402096 307.24174374341965 75.677171245217323 282.61635804176331 61.597790792584419 101.67804998159409 135.01888175308704 151.5995027422905
leaf_count=246 468 5277 493 1221 2337 340 1249 289 670 625 801
internal_value=-0.000300543 0.0161085 0.0222779 0.0199135 -0.041266 0.00035339 -0.00682787 0.0207977 -0.0288885 -0.0175088 -0.0380911
internal_weight=2612.32 1870.02 1340.53 1259.1 742.301 529.487 392.212 137.275 435.059 181.782 253.278
internal_count=14016 9337 6991 6498 4679 2346 1717 629 2342 871 1471
cat_boundaries=0 1 2 3
cat_threshold=48 2 32
is_linear=0
shrinkage=0.05


Tree=28
num_leaves=13
num_cat=3
split_feature=0 0 34 34 0 38 5 26 21 42 20 7
split_gain=649.353 72.4952 55.1136 113.719 47.4367 34.6886 38.3468 19.8613 13.7319 17.4421 11.5928 4.34541
threshold=0 1 25.250000000000004 24.450000000000003 2 6.4422620000000004 0.95936279103287792 12.65 22.650000000000002 1.5000000000000002 33.250000000000007 28.293750000000003
decision_type=1 1 2 2 1 2 2 2 2 2 2 2
left_child=4 5 3 -3 8 7 -7 -2 11 -10 -4 -1
right_child=1 2 10 -5 -6 6 -8 -9 9 -11 -12 -13
leaf_value=-0.054913567793139287 -0.024990836504630062 0.026120474703477926 -0.0067565135621353162 -0.01286472118257647 -0.056621074790441511 -0.0018666870414244191 -0.059804496427779609 0.040948883240185897 0.030100301895672393 -0.026716060484228862 0.062129333889176519 0.00015333455479422679
leaf_weight=52.407113462686539 13.058501005172728 998.13797208666801 6.339129924774169 229.49624991416931 296.60360527783632 420.63720248639584 29.645640715956688 66.080165654420853 13.238646149635313 357.80231818556786 91.768346935510635 3.8341573327779761
leaf_count=348 58 5368 31 1062 2348 1869 124 298 66 1899 525 22
internal_value=-0.000342485 0.0153376 0.0215799 0.018828 -0.0401506 -0.000415024 -0.00580525 0.0298922 -0.0275832 -0.0246134 0.0576551 -0.0512224
internal_weight=2579.05 1855.16 1325.74 1227.63 723.886 529.422 450.283 79.1387 427.282 371.041 98.1075 56.2413
internal_count=14018 9335 6986 6430 4683 2349 1993 356 2335 1965 556 370
cat_boundaries=0 1 2 3
cat_threshold=48 2 32
is_linear=0
shrinkage=0.05


Tree=29
num_leaves=13
num_cat=3
split_feature=0 0 4 34 0 38 5 26 40 34 34 37
split_gain=615.184 67.5423 56.0493 93.3689 45.0491 25.9432 31.4832 24.7263 21.243 15.6462 14.6688 3.3575
threshold=0 1 0.039769539193789956 25.150000000000002 2 6.4422620000000004 0.95936279103287792 12.65 130.55000000000004 22.650000000000002 22.850000000000005 55.500000000000007
decision_type=1 1 2 2 1 2 2 2 2 2 2 2
left_child=4 5 8 -4 9 7 -7 -2 -3 11 -11 -1
right_child=1 2 3 -5 -6 6 -8 -9 -10 10 -12 -13
leaf_value=-0.05224948091179115 -0.031674732934167747 0.035696091809802204 0.0056985205210657785 0.055376145805383317 -0.056086584259391795 -0.0015139108100216466 -0.053864838881646185 0.039317106937618668 -0.017799856328699269 0.029014207078808016 -0.025261856376995292 -0.021491802758049659
leaf_weight=68.363664172589779 14.349300384521483 501.0503021478653 682.66723151504993 108.85777455568314 286.87457001954317 419.25518406927586 29.836526662111282 63.473943576216698 18.69795985519886 12.130240529775618 331.76527790725231 12.444792553782461
leaf_count=456 63 3057 3187 628 2365 1861 125 290 110 65 1758 76
internal_value=-0.000526793 0.0147641 0.0208353 0.0125919 -0.0396431 -0.000461949 -0.00510392 0.0259916 0.0337411 -0.0274004 -0.0232688 -0.0478333
internal_weight=2549.77 1838.19 1311.27 791.525 711.579 526.915 449.092 77.8232 519.748 424.704 343.896 80.8085
internal_count=14041 9321 6982 3815 4720 2339 1986 353 3167 2355 1823 532
cat_boundaries=0 1 2 3
cat_threshold=48 2 32
is_linear=0
shrinkage=0.05


Tree=30
num_leaves=13
num_cat=2
split_feature=0 26 34 34 34 42 0 40 36 4 33 34
split_gain=564.376 66.2253 123.835 106.147 83.0877 65.0891 48.9649 46.641 46.0523 14.7355 18.6879 16.2695
threshold=0 14.950000000000001 23.950000000000003 21.050000000000004 25.150000000000002 2.5000000000000004 1 130.55000000000004 96.500000000000014 -0.29343379936893915 33.95000000000001 23.350000000000005
decision_type=1 2 2 2 2 2 1 2 2 2 2 2
left_child=6 2 7 8 -4 -5 9 -2 -3 11 -11 -1
right_child=1 3 4 5 -6 -7 -8 -9 -10 10 -12 -13
leaf_value=-0.03780028569855233 0.017383228406960965 -0.045053523356234595 -0.073475093135184785 0.054863964241345126 0.06811238671798063 0.019360519615779496 -0.055579697690901125 -0.099469224412223931 0.017422906554427155 -0.051114811342048906 -0.022574212215012296 -0.0042545041496346511
leaf_weight=51.640337213873863 230.58092917501926 86.176157265901566 78.801527693867683 143.8923873603344 11.108352243900297 1219.6994515508413 276.09318745881319 7.8799761086702338 43.91384619474411 96.908703200519085 146.07308813929558 116.31378577649593
leaf_count=282 1269 368 328 729 52 6329 2369 39 216 687 804 543
internal_value=-9.11529e-05 0.0144793 -0.00575751 0.0190259 -0.0554252 0.0231445 -0.038351 0.0131226 -0.0239916 -0.0256285 -0.0341199 -0.0147314
internal_weight=2509.08 1822.05 328.371 1493.68 89.9099 1363.59 687.029 238.461 130.09 410.936 242.982 167.954
internal_count=14015 9330 1688 7642 380 7058 4685 1308 584 2316 1491 825
cat_boundaries=0 1 2
cat_threshold=48 32
is_linear=0
shrinkage=0.05


Tree=31
num_leaves=13
num_cat=2
split_feature=0 6 6 44 4 44 0 42 38 34 39 7
split_gain=523.257 76.6626 74.2415 46.7629 79.7483 55.4653 46.5906 46.0207 22.45 15.0238 13.3564 3.82073
threshold=0 2.5000000000000004 1.5000000000000002 35.100000000000001 0.59177612190863982 48.050000000000004 1 2.5000000000000004 10.845535500000002 22.650000000000002 23.450000000000003 28.789583500000003
decision_type=1 2 2 2 2 2 1 2 2 2 2 2
left_child=6 2 7 4 -3 -5 9 -2 -4 11 -11 -1
right_child=1 3 8 5 -6 -7 -8 -9 -10 10 -12 -13
leaf_value=-0.048509789805125027 0.034336162111090002 0.017942010959353709 -0.066415116903842886 0.03080656519474393 -0.030442655655757198 -0.010563564964697274 -0.055053290490165954 -0.0057723178257159963 0.0032035338565051009 -0.015234734551899746 -0.038006004858857967 -0.0014077544073161216
leaf_weight=73.101595744490623 95.070849224925041 385.12278670072556 53.931898564100266 784.64584745466709 108.29729317128658 89.846614897251129 261.28052096068859 279.04137170314789 14.559898093342779 247.68676073849201 87.488877356052399 4.6353919357061377
leaf_count=515 469 2081 235 4185 492 462 2336 1350 68 1347 470 25
internal_value=-0.000328538 0.0136851 -0.00431972 0.0196097 0.00728231 0.0265489 -0.0375723 0.00448457 -0.0517825 -0.0253693 -0.021274 -0.0457547
internal_weight=2484.71 1810.52 442.604 1367.91 493.42 874.492 674.193 374.112 68.4918 412.913 335.176 77.737
internal_count=14035 9342 2122 7220 2573 4647 4693 1819 303 2357 1817 540
cat_boundaries=0 1 2
cat_threshold=48 32
is_linear=0
shrinkage=0.05


Tree=32
num_leaves=13
num_cat=2
split_feature=0 6 33 44 5 8 0 31 34 5 32 13
split_gain=495.324 75.4587 54.6984 64.3631 46.5982 56.9476 46.3309 14.7948 13.9355 18.909 5.09499 2.27662
threshold=0 2.5000000000000004 36.850000000000001 41.95000000000001 -0.97111920233974802 33.350000000000001 1 27.550000000000001 22.650000000000002 -0.18493013702746816 27.574405000000002 9.0770835000000023
decision_type=1 2 2 2 2 2 1 2 2 2 2 2
left_child=6 2 3 -2 7 -6 8 -3 10 -10 -1 -4
right_child=1 4 11 -5 5 -7 -8 -9 9 -11 -12 -13
leaf_value=-0.052616405469532168 -2.8960560234016324e-05 -0.024365577809448036 0.016805834684817625 -0.049943820592786826 0.010674763147031337 0.036923989327833133 -0.054600170669205916 0.051797696805818097 -0.031129080010038852 -0.007067874259489299 -0.020408934744356778 0.055586573465814915
leaf_weight=55.192978523671627 323.72292563319206 6.1651714444160453 5.4588803946971884 79.678544223308563 966.53526481986046 262.35712844133377 252.83996360003948 121.64770071208477 191.84899000823498 142.89379572868347 18.022196553647518 34.279285237193108
leaf_count=411 1523 34 33 355 5173 1369 2356 644 1116 723 112 215
internal_value=-0.000206912 0.0133979 -0.00443373 -0.0099871 0.0193199 0.0163042 -0.0368725 0.0479633 -0.0247403 -0.0209096 -0.0450702 0.0508025
internal_weight=2460.64 1799.84 443.14 403.401 1356.71 1228.89 660.798 127.813 407.958 334.743 73.2152 39.7382
internal_count=14064 9346 2126 1878 7220 6542 4718 678 2362 1839 523 248
cat_boundaries=0 1 2
cat_threshold=48 32
is_linear=0
shrinkage=0.05


Tree=33
num_leaves=13
num_cat=3
split_feature=0 0 4 8 0 5 39 19 44 39 4 39
split_gain=437.379 69.6455 53.6757 84.5723 47.3599 28.8103 25.8626 24.8551 24.697 13.1888 33.6861 11.7102
threshold=0 1 0.022575936829235404 33.150000000000013 2 0.97263757644091864 18.850000000000005 27.575694500000004 52.000000000000007 23.450000000000003 0.98213580174693116 26.950000000000003
decision_type=1 1 2 2 1 2 2 2 2 2 2 2
left_child=4 5 6 -4 9 8 -3 -7 -2 10 -1 -11
right_child=1 2 3 -5 -6 7 -8 -9 -10 11 -12 -13
leaf_value=-0.022984833835627147 0.0012658996732881674 0.018685978047833063 -0.0060222637350271016 0.026802034484882699 -0.054118516855671456 -0.071109911091582087 0.041929075149225926 0.023863166003995098 -0.083324383897442331 -0.050455050374764034 0.049662411391984407 -0.0090400329854423301
leaf_weight=291.66237115859985 479.66285787522793 220.86144797503948 392.86599595844746 390.48054388165474 239.53166630864143 25.636219993233681 267.64590053260326 8.7306935489177686 7.7863838821649543 71.207493305206299 15.954114452004431 23.00651715695858
leaf_count=1731 2180 1426 1843 2033 2327 107 1711 39 33 409 87 128
internal_value=-0.000639864 0.0120491 0.0183421 0.0103532 -0.0357217 -0.00335114 0.0314802 -0.0469901 -0.000253146 -0.0236055 -0.0190684 -0.0405429
internal_weight=2435.03 1793.67 1271.85 783.347 641.362 521.816 488.507 34.3669 487.449 401.83 307.616 94.214
internal_count=14054 9372 7013 3876 4682 2359 3137 146 2213 2355 1818 537
cat_boundaries=0 1 2 3
cat_threshold=48 2 32
is_linear=0
shrinkage=0.05


Tree=34
num_leaves=12
num_cat=2
split_feature=0 38 39 34 41 0 5 13 34 5 39
split_gain=411.459 63.9941 87.7052 76.4387 60.2951 47.9183 42.8772 20.7538 13.6584 17.9423 3.39007
threshold=0 6.4422620000000004 14.950000000000001 21.050000000000004 130.55000000000004 1 0.91159213926341531 8.2229170000000007 22.650000000000002 -0.18493013702746816 15.750000000000002
decision_type=1 2 2 2 2 1 2 2 2 2 2
left_child=5 4 6 -4 7 8 -3 -2 10 -10 -1
right_child=1 2 3 -5 -6 -7 -8 -9 9 -11 -12
leaf_value=-0.016131806243232155 0.043293503044739043 -0.069067480382654076 -0.023691672150885662 0.014550927612239306 -0.082612099898074345 -0.053693635979328684 0.025922879026127072 -0.029869251059613383 -0.029027192989440322 -0.0050460580814358398 -0.047543838188603679
leaf_weight=11.544271916151045 232.87287214398384 51.240275278687477 144.08833074569702 1321.438394933939 9.4886095672845823 230.58820468187332 14.795543819665907 9.4419032335281354 179.73677597939968 138.08890348672867 60.572422660887241
leaf_count=81 1338 239 661 6985 47 2336 79 53 1079 708 458
internal_value=-0.000206309 0.0120118 0.00822588 0.0107774 0.0353903 -0.0349146 -0.0477154 0.0403316 -0.0226414 -0.0186564 -0.0428049
internal_weight=2403.9 1783.37 1531.56 1465.53 251.803 620.531 66.0358 242.315 389.942 317.826 72.1167
internal_count=14064 9402 7964 7646 1438 4662 318 1391 2326 1787 539
cat_boundaries=0 1 2
cat_threshold=48 32
is_linear=0
shrinkage=0.05


Tree=35
num_leaves=13
num_cat=3
split_feature=0 33 36 34 4 0 4 1 33 27 39 5
split_gain=380.231 65.6451 94.5114 112.077 73.9736 46.4575 15.0791 20.9796 18.6009 5.48445 0.776644 0.318845
threshold=0 36.850000000000001 95.500000000000014 24.450000000000003 0.97112537654464559 1 -0.15951315977791497 2 33.850000000000001 19.250000000000004 20.650000000000002 -0.61236746317008228
decision_type=1 2 2 2 2 1 2 1 2 2 2 2
left_child=5 2 4 -4 -2 6 7 -1 -8 10 -3 -11
right_child=1 9 3 -5 -6 -7 8 -9 -10 11 -12 -13
leaf_value=0.0051870847829427061 -0.0047843205417935457 0.035283799034801493 0.022907884427259342 -0.012480818334167962 -0.070886940789714872 -0.053264061237965926 -0.051565531199393423 -0.029225183913982329 -0.020581580199997802 -0.0011337203626800307 0.055625157808361886 0.017655312945900652
leaf_weight=88.839061103761196 307.0497594922781 12.353190183639525 1018.638632029295 285.92280995845795 48.123695239424706 219.95001923292875 75.777398727834225 86.821105137467384 138.2030103802681 4.2059939354658127 81.97851000726223 3.6079096049070349
leaf_count=473 1414 82 5737 1314 218 2324 605 458 814 22 551 22
internal_value=-0.000523933 0.0112715 0.00892418 0.0151481 -0.0139147 -0.0342029 -0.022276 -0.0118905 -0.0317428 0.0500486 0.0533594 0.00856056
internal_weight=2371.47 1761.88 1659.73 1304.56 355.173 609.591 389.641 175.66 213.98 102.146 94.3317 7.8139
internal_count=14034 9360 8683 7051 1632 4674 2350 931 1419 677 633 44
cat_boundaries=0 1 2 3
cat_threshold=48 32 1
is_linear=0
shrinkage=0.05


Tree=36
num_leaves=13
num_cat=3
split_feature=0 0 0 4 8 4 8 39 39 34 5 19
split_gain=342.875 57.9227 52.9693 50.9727 86.2474 27.0846 31.5184 26.1076 18.6564 16.3564 13.5737 3.99389
threshold=0 1 2 0.022575936829235404 33.150000000000013 -0.8781231054254196 33.350000000000001 18.850000000000005 17.050000000000004 22.650000000000002 0.26659387353423863 28.785416500000004
decision_type=1 1 1 2 2 2 2 2 2 2 2 2
left_child=2 5 9 7 -5 8 -7 -3 -2 11 -11 -1
right_child=1 3 -4 4 -6 6 -8 -9 -10 10 -12 -13
leaf_value=-0.046193132546800741 -0.031718141502755315 0.017042294678542153 -0.052887466652163331 -0.0074941264985678435 0.025959205678053543 -0.016210729567842232 0.012793692297273144 0.040694792550000254 0.038208228563811834 -0.021555749726048012 0.0024533040859827777 0.002232202371902756
leaf_weight=61.719286866486073 10.694793730974196 216.88745777308941 212.5955702662468 387.83201934397221 381.1889742910862 312.6330621689558 132.68598353862762 257.67343512177467 55.211961001157761 237.48355529457331 77.911022484302521 4.4715324193239203
leaf_count=492 50 1455 2342 1836 2028 1385 633 1725 269 1408 401 26
internal_value=-3.07249e-06 0.0111282 -0.032482 0.0169358 0.00910023 -0.00305818 -0.00755935 0.0299435 0.0265567 -0.01995 -0.0156359 -0.0429372
internal_weight=2348.99 1754.81 594.181 1243.58 769.021 511.226 445.319 474.561 65.9068 381.585 315.395 66.1908
internal_count=14050 9381 4669 7044 3864 2337 2018 3180 319 2327 1809 518
cat_boundaries=0 1 2 3
cat_threshold=48 2 32
is_linear=0
shrinkage=0.05


Tree=37
num_leaves=12
num_cat=2
split_feature=0 38 39 34 0 35 40 19 4 33 33
split_gain=322.682 58.4578 81.6842 73.3136 50.9694 41.3538 40.2689 17.3221 16.6232 17.9547 17.3913
threshold=0 6.4422620000000004 14.950000000000001 21.050000000000004 1 81.672619000000012 130.55000000000004 27.512500000000003 -0.30163705152652737 32.350000000000001 33.850000000000001
decision_type=1 2 2 2 1 2 2 2 2 2 2
left_child=4 6 5 -4 8 -3 7 -2 9 -1 -10
right_child=1 2 3 -5 -6 -7 -8 -9 10 -11 -12
leaf_value=-0.01562248794646634 0.029140076151131501 0.020916185698024052 -0.024287714356366119 0.01333993391078123 -0.052509017079985523 -0.069229117309629357 -0.069723991583501066 0.060680483591844858 -0.047399680288328097 0.028077819921072555 -0.018005135726004925
leaf_weight=134.12389724701643 175.35751039534807 16.454081609845161 143.03816784918308 1283.7001251503825 204.57275873422623 49.767951428890228 8.2287462800741178 59.284316211938858 81.766119033098221 27.503477469086647 134.00211334228516
leaf_count=712 1078 87 659 6916 2352 231 40 321 682 131 807
internal_value=-0.000146797 0.0106728 0.00702154 0.00955319 -0.0320152 -0.0468529 0.0334345 0.0373327 -0.0197337 -0.00805926 -0.0293116
internal_weight=2317.8 1735.83 1492.96 1426.74 581.968 66.222 242.871 234.642 377.396 161.627 215.768
internal_count=14016 9332 7893 7575 4684 318 1439 1399 2332 843 1489
cat_boundaries=0 1 2
cat_threshold=48 32
is_linear=0
shrinkage=0.05


Tree=38
num_leaves=13
num_cat=2
split_feature=0 33 36 34 44 0 4 32 33 24 31 10
split_gain=294.89 59.8207 100.252 94.5636 78.3396 51.7133 14.6642 19.8372 17.4017 4.41147 1.5678 0.845275
threshold=0 36.850000000000001 95.500000000000014 24.450000000000003 45.20000000000001 1 -0.28519255817492867 26.361012000000006 33.850000000000001 39.500000000000007 38.000000000000007 56.645833500000002
decision_type=1 2 2 2 2 1 2 2 2 2 2 2
left_child=5 2 4 -4 -2 6 7 -1 -8 11 -11 -3
right_child=1 9 3 -5 -6 -7 8 -9 -10 10 -12 -13
leaf_value=-0.04352537944495545 -0.0054201814708108031 0.018179879969755577 0.02150547082782411 -0.010987996269989482 -0.069174141104782982 -0.052156401087674456 -0.046527775847243762 0.00066843431529154914 -0.016774732957042703 0.015100121698433428 0.049258760225395701 0.055270719740263069
leaf_weight=30.524093128740788 298.79919129610062 2.8284273892641059 1000.3120423257351 287.71866796910763 56.497935742139816 197.55955557525158 78.762303195893764 130.38919816911221 133.18047127127647 14.452984690666201 4.149603769183158 72.270314358174801
leaf_count=182 1391 21 5779 1331 248 2370 683 663 808 90 30 512
internal_value=-0.000328695 0.00993417 0.00775935 0.0142442 -0.0157238 -0.0311722 -0.0188776 -0.00793186 -0.0279982 0.0486404 0.0248439 0.054131
internal_weight=2307.44 1737.03 1643.33 1288.03 355.297 570.416 372.856 160.913 211.943 93.7013 18.6026 75.0987
internal_count=14108 9402 8749 7110 1639 4706 2336 845 1491 653 120 533
cat_boundaries=0 1 2
cat_threshold=48 32
is_linear=0
shrinkage=0.05


Tree=39
num_leaves=13
num_cat=0
split_feature=44 5 39 44 26 34 34 34 4 2 36 40
split_gain=43.4792 68.4987 50.0715 49.9017 49.0894 75.8235 73.5033 59.9245 50.4892 37.4729 35.2758 33.196
threshold=46.600000000000001 0.36447543099728857 26.250000000000004 52.000000000000007 14.950000000000001 23.950000000000003 21.050000000000004 25.150000000000002 0.93845596220871974 6.5000000000000009 96.500000000000014 121.60000000000001
decision_type=2 2 2 2 2 2 2 2 2 2 2 2
left_child=4 2 9 -4 5 11 10 -7 -8 -2 -6 -1
right_child=1 -3 3 -5 6 7 8 -9 -10 -11 -12 -13
leaf_value=0.002678853769855525 -0.11495072419492543 -0.098597991073699862 0.035344077751494306 -0.042951540206498162 -0.044005251058764308 -0.06430589761000774 0.013141387823465633 0.047678816213200567 -0.011562744476365686 -0.02425610147844617 0.0052414657435334057 -0.082434843351795545
leaf_weight=283.39606357365847 13.166132390499113 24.794555157423019 68.999792248010635 27.744021788239479 102.02423543483019 91.775535121560097 1262.5589937418699 12.973716080188749 246.49627260863781 62.839292958378792 55.897255532443523 10.93674600124359
leaf_count=1862 72 126 465 159 543 479 7961 75 1445 395 345 64
internal_value=-0.000218504 -0.0225679 -0.0111507 0.0126809 0.00192829 -0.0138019 0.0057002 -0.0501163 0.00910111 -0.0412555 -0.0266508 -0.000752197
internal_weight=2263.6 197.544 172.749 96.7438 2066.06 399.082 1666.98 104.749 1509.06 76.0054 157.921 294.333
internal_count=13991 1217 1091 624 12774 2480 10294 554 9406 467 888 1926
is_linear=0
shrinkage=0.05


Tree=40
num_leaves=11
num_cat=2
split_feature=0 0 32 34 36 39 5 36 43 9
split_gain=277.673 100.801 47.6104 78.2108 100.852 86.293 33.0115 23.3501 13.9812 0.0255946
threshold=0 1 29.595238000000005 24.450000000000003 96.500000000000014 19.050000000000004 0.96407344085605595 99.500000000000014 0.95000000000000007 28.150000000000002
decision_type=1 1 2 2 2 2 2 2 2 2
left_child=2 6 3 4 -1 -5 7 -2 -8 -4
right_child=1 -3 9 5 -6 -7 8 -9 -10 -11
leaf_value=-0.0041383078894893007 -0.013572272959185809 -0.051756690427887733 0.059829059108216148 -0.049465825200626728 0.031763875258256573 0.011479162807937475 -0.017487126247958191 0.0069818271246478887 -0.069274850027615562 0.027896496682812161
leaf_weight=285.86716784536839 647.33961150795221 185.82219976186752 57.5436946824193 91.793082550168037 617.07179223746061 154.51547753810883 22.656251579523087 174.92293898761272 32.728566758334637 2.6231972500681868
leaf_count=1379 3462 2323 427 401 4019 778 138 910 195 23
internal_value=-0.000555994 -0.0190869 0.0157684 0.0135973 0.0204054 -0.0113417 -0.0116147 -0.00919655 -0.0487759 0.0589157
internal_weight=2272.88 1063.47 1209.41 1149.25 902.939 246.309 877.647 822.263 55.3848 60.1669
internal_count=14055 7028 7027 6577 5398 1179 4705 4372 333 450
cat_boundaries=0 1 2
cat_threshold=13 34
is_linear=0
shrinkage=0.05


Tree=41
num_leaves=13
num_cat=2
split_feature=0 38 26 43 34 40 0 13 39 4 39 7
split_gain=268.958 59.2695 69.0753 84.1484 69.2722 48.8539 43.1039 24.3376 12.4645 26.5623 10.575 0.0638575
threshold=0 6.4910715000000012 14.950000000000001 17.750000000000004 23.950000000000003 130.55000000000004 1 8.2229170000000007 23.450000000000003 0.98213580174693116 26.950000000000003 26.664583500000003
decision_type=1 2 2 2 2 2 1 2 2 2 2 2
left_child=6 5 4 -4 -3 7 8 -2 9 -1 -10 -7
right_child=1 2 3 -5 -6 11 -8 -9 10 -11 -12 -13
leaf_value=-0.018499166963049617 0.03984347591289001 0.0020273533606494907 0.00054857698698810567 0.027964633799874267 -0.058210373369108115 -0.046186615856471679 -0.051417439919372199 -0.035862102726844834 -0.046760491328139517 0.05039784993845621 -0.0060555943575821237 -0.0886842555866236
leaf_weight=265.43843841552734 226.60858266800642 119.41242808103561 839.6467040553689 418.85522450506687 78.430663257837296 4.6555178761482221 179.00916759669781 10.388809904456137 64.348469942808151 13.816880255937575 21.543635055422783 4.8492758572101593
leaf_count=1722 1416 683 4410 2425 329 23 2336 62 407 78 128 22
internal_value=-0.000641079 0.00916244 0.00536777 0.00968816 -0.0220253 0.0318395 -0.0308817 0.0363882 -0.0196051 -0.0149226 -0.036738 -0.0742469
internal_weight=2247 1702.85 1456.35 1258.5 197.843 246.502 544.157 236.997 365.147 279.255 85.8921 9.50479
internal_count=14041 9370 7847 6835 1012 1523 4671 1478 2335 1800 535 45
cat_boundaries=0 1 2
cat_threshold=48 32
is_linear=0
shrinkage=0.05


Tree=42
num_leaves=12
num_cat=2
split_feature=0 33 4 34 8 0 32 4 40 13 5
split_gain=237.213 57.6246 68.815 95.8427 88.2121 50.0313 12.5579 16.3385 5.00211 1.0529 0.842951
threshold=0 36.850000000000001 0.79383249484937135 24.050000000000004 33.250000000000007 1 26.207738000000003 -0.26037633224328088 43.150000000000013 9.8395835000000016 -0.022575793296316444
decision_type=1 2 2 2 2 1 2 2 2 2 2
left_child=5 2 4 -4 -2 6 10 -8 9 -3 -1
right_child=1 8 3 -5 -6 -7 7 -9 -10 -11 -12
leaf_value=-0.015493679545190948 0.0064979825683462323 0.034808964608060662 0.0091934858259659687 -0.045450536326116509 0.043132863201324999 -0.051096950677121014 -0.0022502026002055599 -0.02440803731825968 0.00014975742537589809 0.054059179808169627 -0.055392124283311667
leaf_weight=2.4179413020610836 1079.7168979123235 16.530225820839405 192.26699374616146 136.39554673433304 192.92917749285698 172.97171942517161 144.57226373255253 195.67147529870272 5.1899240016937247 67.771481677889824 21.298590198159218
leaf_count=15 6187 119 944 610 975 2357 755 1409 29 512 171
internal_value=-0.000254982 0.00896002 0.00681473 -0.013553 0.0120812 -0.0288657 -0.0171113 -0.0150272 0.0478372 0.0507368 -0.0521158
internal_weight=2227.73 1690.8 1601.31 328.663 1272.65 536.932 363.96 340.244 89.4916 84.3017 23.7165
internal_count=14083 9376 8716 1554 7162 4707 2350 2164 660 631 186
cat_boundaries=0 1 2
cat_threshold=48 32
is_linear=0
shrinkage=0.05


Tree=43
num_leaves=13
num_cat=2
split_feature=0 34 34 36 26 0 20 34 42 40 8 4
split_gain=221.604 51.5145 98.8965 70.472 63.1131 47.0408 23.9809 12.8956 15.4466 11.5973 10.1644 2.90375
threshold=0 25.250000000000004 24.550000000000004 96.500000000000014 19.050000000000004 1 33.250000000000007 21.450000000000003 1.5000000000000002 55.150000000000013 31.750000000000004 -0.59869031648930193
decision_type=1 2 2 2 2 1 2 2 2 2 2 2
left_child=5 2 3 -2 -4 7 9 11 -9 -3 -8 -1
right_child=1 6 4 -5 -6 -7 10 8 -10 -11 -12 -13
leaf_value=0.002058837290496141 -0.0062991864820234299 -0.083295677166431104 -0.050376375847808498 0.018953225276833532 0.00079972446933424088 -0.050757929714016006 -0.01642948773389109 0.037394683700917607 -0.01693462363595858 0.021616950499423724 0.051135177988785169 -0.054556333600722456
leaf_weight=2.3993461653590229 392.86543098092079 4.5547628402709943 113.08535118401051 926.74480187147856 127.59379537403584 165.51532041281462 5.4451602697372428 12.728734269738196 314.36499702185392 4.385239839553833 99.337025836110115 25.409602403640747
leaf_count=18 1893 22 495 5576 627 2354 27 73 1979 22 666 253
internal_value=-0.000493583 0.00838982 0.00605804 0.0114362 -0.0233548 -0.0286414 0.0407819 -0.0171112 -0.0147129 -0.0348365 0.047502 -0.0497697
internal_weight=2194.43 1674.01 1560.29 1319.61 240.679 520.418 113.722 354.903 327.094 8.94 104.782 27.8089
internal_count=14005 9328 8591 7469 1122 4677 737 2323 2052 44 693 271
cat_boundaries=0 1 2
cat_threshold=48 32
is_linear=0
shrinkage=0.05


Tree=44
num_leaves=11
num_cat=2
split_feature=0 0 32 34 34 2 5 44 37 21
split_gain=216.523 86.6677 43.2197 62.4535 76.5539 54.0597 27.852 27.4209 15.5295 0.134992
threshold=0 1 29.595238000000005 24.550000000000004 24.950000000000003 4.5000000000000009 0.96407344085605595 52.000000000000007 39.500000000000007 27.650000000000002
decision_type=1 1 2 2 2 2 2 2 2 2
left_child=2 6 3 5 -5 -1 7 -2 -8 -4
right_child=1 -3 9 4 -6 -7 8 -9 -10 -11
leaf_value=0.0046835151238105955 -0.0069884828194498221 -0.050376343545509066 0.058711812445922024 -0.043829927368837944 0.017592466699034592 0.029101065309730778 -0.076690862882049751 -0.07394328583712656 -0.021648502738764116 0.025282371560883549
leaf_weight=421.98426157236099 791.85054792463779 156.18973561003804 51.604307897388935 99.663168475031853 101.44332766532898 489.90332464873791 21.985116750001907 14.608420476317404 31.583116494119167 2.4379224777221671
leaf_count=2109 4317 2321 418 464 509 3477 138 71 197 25
internal_value=-0.000344761 -0.0171196 0.0142886 0.0122595 -0.0129131 0.0178191 -0.0105199 -0.00829139 -0.0452301 0.0576905
internal_weight=2183.25 1016.22 1167.04 1112.99 201.106 911.888 860.027 806.459 53.5682 54.0422
internal_count=14046 7044 7002 6559 973 5586 4723 4388 335 443
cat_boundaries=0 1 2
cat_threshold=13 34
is_linear=0
shrinkage=0.05


Tree=45
num_leaves=13
num_cat=2
split_feature=0 33 4 34 8 0 32 4 24 20 31 8
split_gain=187.67 51.9465 74.4122 85.6915 79.4515 47.4136 13.8544 17.6346 2.86803 1.10059 0.741183 0.00276397
threshold=0 36.850000000000001 0.79383249484937135 24.050000000000004 33.250000000000007 1 26.207738000000003 -0.27694604220087021 39.500000000000007 38.800000000000004 38.000000000000007 32.150000000000013
decision_type=1 2 2 2 2 1 2 2 2 2 2 2
left_child=5 2 4 -4 -2 6 11 -8 9 -3 -10 -1
right_child=1 8 3 -5 -6 -7 7 -9 10 -11 -12 -13
leaf_value=-0.054921974484941016 0.0059600774841158779 0.052749032909915762 0.0065581859405394157 -0.044243567143954922 0.041067305127339367 -0.050098201134250488 0.00024584250524576994 -0.023141889210048359 0.017937730687987586 0.020511411087868036 0.045228224249210046 -0.024205921750354128
leaf_weight=20.526192814111713 1046.7745631933212 61.605065993964672 194.59818744659424 143.47157740592957 189.59617061913013 151.5601951405406 138.60666796565056 191.51825612038374 13.807195253670217 4.5533132031559935 3.2568036988377562 2.3004635125398627
leaf_count=168 6109 497 962 635 984 2350 731 1426 95 41 28 26
internal_value=-0.000457532 0.00769318 0.00568915 -0.0150682 0.0113726 -0.026822 -0.0156149 -0.0133512 0.046002 0.0508688 0.0253618 -0.0529723
internal_weight=2162.17 1657.66 1574.44 338.07 1236.37 504.512 352.952 330.125 83.2224 66.1584 17.064 22.8267
internal_count=14052 9351 8690 1597 7093 4701 2351 2157 661 538 123 194
cat_boundaries=0 1 2
cat_threshold=48 32
is_linear=0
shrinkage=0.05


Tree=46
num_leaves=13
num_cat=2
split_feature=0 0 33 44 2 4 32 4 24 21 31 37
split_gain=185.451 46.668 46.0477 67.8359 119.963 66.615 12.0458 12.3759 5.8451 2.22316 1.83745 1.14886
threshold=0 1 36.850000000000001 46.600000000000001 6.5000000000000009 0.93237596376505805 26.280654500000001 -0.10837695015263894 39.500000000000007 23.750000000000004 38.000000000000007 36.500000000000007
decision_type=1 1 2 2 2 2 2 2 2 2 2 2
left_child=1 6 3 5 -5 -2 9 -8 11 -1 -10 -4
right_child=2 -3 8 4 -6 -7 7 -9 10 -11 -12 -13
leaf_value=-0.052749916686254811 0.013463750050786103 -0.049809722983250322 0.053038062644584438 -0.10911326595571556 0.00086704495793511543 -0.018855107583993926 -0.0021723761405910958 -0.021798758453792852 0.0075924228076824449 -0.0021162484201377734 0.045556400410473097 0.011663968575947276
leaf_weight=23.089887812733654 1271.7586579993367 146.51737575605512 61.688529878854752 32.98600435256958 91.621652990579605 181.38603831827641 146.59980345517397 177.32147394865751 13.534181639552118 2.4762936979532233 3.4128043651580802 2.3893939256668082
leaf_count=201 7229 2374 519 137 531 853 807 1319 91 15 30 21
internal_value=0.000191647 -0.0262953 0.00823162 0.00637793 -0.0288837 0.00941942 -0.0152181 -0.0129503 0.0448131 -0.0481099 0.0173501 0.0516982
internal_weight=2154.78 496.005 1658.78 1577.75 124.608 1453.14 349.487 323.921 81.0249 25.5662 16.947 64.0779
internal_count=14127 4716 9411 8750 668 8082 2342 2126 661 216 121 540
cat_boundaries=0 1 2
cat_threshold=48 32
is_linear=0
shrinkage=0.05


Tree=47
num_leaves=14
num_cat=0
split_feature=44 34 39 43 39 5 39 36 4 2 19 27 4
split_gain=44.7426 52.7786 75.8489 103.012 67.3871 52.3446 48.7681 42.6839 39.3178 29.5769 17.8096 7.26563 0.0969766
threshold=46.600000000000001 21.050000000000004 19.550000000000004 1.3500000000000003 23.550000000000004 0.36447543099728857 26.250000000000004 96.500000000000014 -0.35846811432664222 6.5000000000000009 27.893750000000004 5.5000000000000009 0.91248814248966259
decision_type=2 2 2 2 2 2 2 2 2 2 2 2 2
left_child=1 7 3 -3 -4 6 9 10 -8 -2 -1 -9 -7
right_child=5 2 4 -5 -6 12 8 11 -10 -11 -12 -13 -14
leaf_value=-0.051334603447104832 -0.10419053645110513 0.043743699225319087 0.022609193641777409 -0.01381031171974454 -0.0057539425856139807 -0.095835977473997275 -0.031601177523043374 0.0069006196182028389 0.036779827428826128 -0.026158492360891218 0.024403761241368269 -0.032726024202994926 -0.058173767161798041
leaf_weight=93.677380349487066 14.678637847304342 86.675822634249926 663.50074603408575 686.71273786947131 305.27642118185759 19.156924534589056 32.225917246192694 81.493937123566866 56.448659457266331 59.246568139642477 7.8766491264104834 12.45560300350189 6.6017589867115012
leaf_count=523 78 568 4509 4584 1930 100 194 585 425 392 46 76 32
internal_value=-0.000675101 0.00159108 0.00435946 -0.00731191 0.0136748 -0.0238729 -0.0131207 -0.0229751 0.0118537 -0.0428364 -0.0452796 0.00135768 -0.0887182
internal_weight=2126.03 1937.67 1742.17 773.389 968.777 188.358 162.6 195.504 88.6746 73.9252 101.554 93.9495 25.7587
internal_count=14042 12821 11591 5152 6439 1221 1089 1230 619 470 569 661 132
is_linear=0
shrinkage=0.05


Tree=48
num_leaves=13
num_cat=2
split_feature=0 0 43 39 13 43 40 5 5 44 32 19
split_gain=179.928 78.9038 40.4029 69.0387 57.1854 80.6076 38.7774 30.2456 25.6699 22.4657 14.0612 13.1929
threshold=0 1 17.750000000000004 18.850000000000005 6.5500000000000007 3.5500000000000003 125.2 0.97648852793709995 0.11478523713130602 46.600000000000001 27.578273500000005 27.748611000000004
decision_type=1 1 2 2 2 2 2 2 2 2 2 2
left_child=2 7 4 6 10 -6 -4 9 -5 -2 -1 -9
right_child=1 -3 3 8 5 -7 -8 11 -10 -11 -12 -13
leaf_value=0.024298769844826304 -0.0049425014760509228 -0.049485015828483851 0.010248291590104874 0.050316228274398578 0.0187133194807379 -0.017556971872851584 -0.06617128501926077 -0.067525848840739519 0.00054132657149869241 -0.033887510423961591 0.059474848164914197 -0.0024995563334334918
leaf_weight=88.100774303078651 726.97690735012293 139.4070164822042 156.25030995160341 200.45636511594057 294.74256286025047 316.78585663437843 17.560250788927078 30.321004591882229 29.749550029635429 72.919927671551704 43.014233998954296 10.491879425942896
leaf_count=626 4035 2355 1018 1365 1705 1767 90 194 212 394 253 66
internal_value=-0.000195169 -0.0158302 0.0131941 0.0260151 0.00637099 -7.35187e-05 0.00219318 -0.00968251 0.043914 -0.00762019 0.0362016 -0.0512689
internal_weight=2126.78 980.117 1146.66 404.016 742.643 611.528 173.811 840.71 230.206 799.897 131.115 40.8129
internal_count=14080 7044 7036 2685 4351 3472 1108 4689 1577 4429 879 260
cat_boundaries=0 1 2
cat_threshold=13 34
is_linear=0
shrinkage=0.05


Tree=49
num_leaves=12
num_cat=2
split_feature=0 0 34 34 36 26 5 32 37 20 8
split_gain=160.213 78.0729 40.8963 68.8353 79.1042 55.0927 24.3438 19.6406 18.2998 10.8017 2.90546
threshold=0 1 25.250000000000004 24.550000000000004 96.500000000000014 19.050000000000004 0.95691861501572217 26.188393000000001 38.500000000000007 33.250000000000007 31.750000000000004
decision_type=1 1 2 2 2 2 2 2 2 2 2
left_child=2 6 3 4 -1 -5 7 -2 -8 -4 -11
right_child=1 -3 9 5 -6 -7 8 -9 -10 10 -12
leaf_value=-0.0054277191536414686 -0.038779180200738672 -0.049189887607587718 -0.013138947091071794 -0.046607841750393217 0.026183694622117854 0.0087542805023304061 -0.074280309010395104 -0.004784243072467052 -0.016055763170406009 0.009484306467867706 0.058307866792635069
leaf_weight=294.31938022375107 44.152446739375591 134.01342241466045 5.8890536725521079 86.296053469181061 601.24343671649694 92.065370447933674 22.753787189722061 730.58426275849342 32.951944444328547 3.6614213883876792 59.27744559943676
leaf_count=1467 264 2363 31 381 4200 478 152 4004 212 20 490
internal_value=-0.000148646 -0.0150635 0.0124641 0.0101515 0.0158004 -0.0181419 -0.0089853 -0.00676912 -0.0407289 0.0496699 0.0556603
internal_weight=2107.21 964.456 1142.75 1073.92 895.563 178.361 830.442 774.737 55.7057 68.8279 62.9389
internal_count=14062 6995 7067 6526 5667 859 4632 4268 364 541 510
cat_boundaries=0 1 2
cat_threshold=13 34
is_linear=0
shrinkage=0.05


Tree=50
num_leaves=11
num_cat=2
split_feature=0 0 32 34 36 39 5 44 37 34
split_gain=142.141 76.5326 40.2866 61.7501 79.8255 63.1858 24.3272 22.0867 14.8344 0.240012
threshold=0 1 29.595238000000005 24.450000000000003 96.500000000000014 19.050000000000004 0.95936279103287792 52.000000000000007 39.500000000000007 27.300000000000004
decision_type=1 1 2 2 2 2 2 2 2 2
left_child=2 6 3 4 -1 -5 7 -2 -8 -4
right_child=1 -3 9 5 -6 -7 8 -9 -10 -11
leaf_value=-0.0051193654476447935 -0.00493685395383529 -0.048829437497603295 0.057313644335012542 -0.044629866839807276 0.027479464230803108 0.0079546689885384245 -0.072179991272718999 -0.067767036674916417 -0.018093514600479203 0.022247298442861104
leaf_weight=283.44442448765039 774.71184519305825 126.60651111230254 46.3242571875453 91.824790582060814 553.87518783658743 147.91708137840033 21.306432772427797 13.253820195794104 31.556207936257124 2.2094238102436057
leaf_count=1395 4284 2332 431 405 4002 767 146 66 199 27
internal_value=-4.62484e-05 -0.0140162 0.0119806 0.0100489 0.0164514 -0.0122877 -0.00821134 -0.00607823 -0.0408286 0.0561987
internal_weight=2093.03 967.435 1125.6 1077.06 837.32 239.742 840.828 787.966 52.8626 48.5337
internal_count=14054 7027 7027 6569 5397 1172 4695 4350 345 458
cat_boundaries=0 1 2
cat_threshold=13 34
is_linear=0
shrinkage=0.05


Tree=51
num_leaves=12
num_cat=2
split_feature=0 38 26 43 34 0 40 13 37 25 36
split_gain=139.924 47.5409 64.551 67.1746 61.4236 41.5146 34.9514 25.5188 13.1403 19.2292 0.396315
threshold=0 6.4553575000000007 14.950000000000001 17.750000000000004 23.950000000000003 1 130.55000000000004 8.2229170000000007 27.500000000000004 8.6750000000000025 87.500000000000014
decision_type=1 2 2 2 2 1 2 2 2 2 2
left_child=5 6 4 -4 -3 8 7 -2 10 -10 -1
right_child=1 2 3 -5 -6 -7 -8 -9 9 -11 -12
leaf_value=-0.024513457311481874 0.036895040367657013 0.00081796659635389893 -0.00015403778023419265 0.025061166340265124 -0.055650712169952044 -0.048506479040779343 -0.06473762991861004 -0.038904619483177832 -0.021596704221651331 0.00327338603343674 -0.057046317537775074
leaf_weight=3.3338138908147839 200.71194051206112 115.53479951620102 806.63979626446962 391.72014341503382 81.541682794690132 120.71663528680801 8.6919917762279493 10.959453597664831 193.78561913222075 128.9355690330267 16.283856526017189
leaf_count=22 1371 708 4420 2440 349 2321 41 67 1365 845 124
internal_value=0.000147205 0.00711144 0.00373768 0.00810234 -0.0227093 -0.0237582 0.0286834 0.032806 -0.013793 -0.011681 -0.0529748
internal_weight=2078.86 1615.8 1395.44 1198.36 197.076 463.055 220.363 211.671 342.339 322.721 19.6177
internal_count=14073 9396 7917 6860 1057 4677 1479 1438 2356 2210 146
cat_boundaries=0 1 2
cat_threshold=48 32
is_linear=0
shrinkage=0.05


Tree=52
num_leaves=11
num_cat=2
split_feature=0 0 32 36 34 42 5 36 37 21
split_gain=139.093 67.6605 38.4109 53.6635 57.5336 56.0517 23.3392 18.0482 12.0547 0.313553
threshold=0 1 29.595238000000005 94.500000000000014 24.450000000000003 2.5000000000000004 0.96407344085605595 99.500000000000014 39.500000000000007 27.650000000000002
decision_type=1 1 2 2 2 2 2 2 2 2
left_child=2 6 3 5 -5 -1 7 -2 -8 -4
right_child=1 -3 9 4 -6 -7 8 -9 -10 -11
leaf_value=0.019113274545249519 -0.010769558445573662 -0.048278704537923288 0.056837553157496404 0.023039223921687148 -0.0072523467646672946 -0.032735221478688785 -0.071640817652871169 0.0078216994557292856 -0.020770389709263259 0.020174767092252285
leaf_weight=85.163375467061996 619.98696571215987 117.78034339472651 44.697075538337231 631.11634372919798 207.90912315249443 131.31713593751192 19.598648488521576 164.50971801578999 29.626912608742714 2.0325757339596739
leaf_count=439 3470 2365 433 4464 1032 612 137 893 190 26
internal_value=-0.000340705 -0.014257 0.0116977 0.00980953 0.0155333 -0.0123439 -0.00888461 -0.00686596 -0.0420471 0.055699
internal_weight=2053.74 951.503 1102.24 1055.51 839.025 216.481 833.722 784.497 49.2256 46.7297
internal_count=14061 7055 7006 6547 5496 1051 4690 4363 327 459
cat_boundaries=0 1 2
cat_threshold=13 34
is_linear=0
shrinkage=0.05


Tree=53
num_leaves=9
num_cat=2
split_feature=0 0 34 34 34 38 20 4
split_gain=121.063 67.3121 40.8497 66.346 21.9359 20.5926 8.02977 2.77009
threshold=0 1 25.250000000000004 24.550000000000004 20.350000000000005 14.349107500000001 33.250000000000007 -0.14250824554987662
decision_type=1 1 2 2 2 2 2 2
left_child=-1 2 3 -2 7 -6 -4 -3
right_child=1 4 6 -5 5 -7 -8 -9
leaf_value=-0.047964539390597159 0.01464590080762372 -0.026738821511783684 -0.0055716548041477975 -0.018614015440521634 -0.0051893556649006594 -0.075244969059658412 0.054763658165611517 -0.061918526825798764
leaf_weight=112.52170993760228 852.16987738013268 11.488055206835272 5.8758339136838904 181.01024451106787 787.66008581593633 9.6390347033739072 59.382882989943027 17.841836806386709
leaf_count=2362 5603 73 31 874 4409 46 521 136
internal_value=2.82399e-05 0.00308989 0.0111552 0.00880649 -0.00763315 -0.0061295 0.049329 -0.0494751
internal_weight=2037.59 1925.07 1098.44 1033.18 826.629 797.299 65.2587 29.3299
internal_count=14055 11693 7029 6477 4664 4455 552 209
cat_boundaries=0 1 2
cat_threshold=16 13
is_linear=0
shrinkage=0.05


Tree=54
num_leaves=13
num_cat=2
split_feature=0 8 43 38 39 39 39 0 33 32 39 5
split_gain=114.229 44.1238 86.8924 121.871 88.7859 61.1454 115.059 36.5213 31.6869 11.4188 14.2794 4.34071
threshold=0 33.250000000000007 13.65 6.8622025000000013 19.450000000000003 22.950000000000003 24.550000000000004 1 33.550000000000004 26.280654500000001 23.450000000000003 -0.074115882986646578
decision_type=1 2 2 2 2 2 2 1 2 2 2 2
left_child=7 2 3 -2 -4 8 -7 9 -3 11 -11 -1
right_child=1 5 4 -5 -6 6 -8 -9 -10 10 -12 -13
leaf_value=0.010901534447970592 0.027541102100536164 -0.057744920598532715 -0.0083907741260372884 -0.033942032708953032 0.027147282704063164 -0.044847254048442177 0.032302338600874059 -0.047625512146908792 0.03728957853038406 -0.0051065344997806451 -0.030105693394309869 -0.053539099891834377
leaf_weight=2.6113346219062832 108.60572799295187 8.2140049785375577 320.47968172281981 304.73926589637995 387.1783367395401 87.393591657280922 105.62542296946049 106.80661668255925 260.16676317155361 234.21587092429399 74.794298894703388 21.505657777190208
leaf_count=18 702 36 1977 1549 2476 438 633 2340 1546 1585 517 210
internal_value=-0.000539006 0.00575407 0.000429387 -0.01776 0.0110639 0.0187863 -0.00267994 -0.0227509 0.0341774 -0.0135082 -0.011235 -0.0464054
internal_weight=2022.34 1582.4 1121 413.345 707.658 461.4 193.019 439.934 268.381 333.127 309.01 24.117
internal_count=14027 9357 6704 2251 4453 2653 1071 4670 1582 2330 2102 228
cat_boundaries=0 1 2
cat_threshold=48 32
is_linear=0
shrinkage=0.05


Tree=55
num_leaves=9
num_cat=3
split_feature=0 0 33 36 34 44 1 31
split_gain=104.75 56.7329 33.7204 55.5269 21.235 18.6198 5.10706 1.45941
threshold=0 1 36.850000000000001 94.500000000000014 20.250000000000004 52.000000000000007 2 49.150000000000006
decision_type=1 1 2 2 2 2 1 2
left_child=-1 2 3 -2 6 -6 -3 -4
right_child=1 4 7 -5 5 -7 -8 -9
leaf_value=-0.047272567909988975 -0.014900974822656652 -0.026431584320123803 0.053820748082169856 0.013944627456037112 -0.0051143876552323803 -0.064592802054474999 -0.07805684346401158 0.0074557097153944213
leaf_weight=101.17588083073497 207.93295110762119 10.463207326829433 43.047403946518898 828.94347173720598 793.52760460227728 12.390699654817579 11.111973397433758 2.1285264641046515
leaf_count=2315 989 77 476 5536 4476 64 80 18
internal_value=-0.000311068 0.00243528 0.00992993 0.00815121 -0.00736664 -0.00610776 -0.0553003 0.051845
internal_weight=2010.72 1909.55 1082.05 1036.88 827.493 805.918 21.5752 45.1759
internal_count=14031 11716 7019 6525 4697 4540 157 494
cat_boundaries=0 1 2 3
cat_threshold=16 13 1
is_linear=0
shrinkage=0.05


Tree=56
num_leaves=9
num_cat=2
split_feature=0 0 32 36 34 5 32 9
split_gain=97.9023 53.7223 34.6226 42.8597 21.0497 43.1273 29.3961 0.398731
threshold=0 1 29.595238000000005 94.500000000000014 23.450000000000003 0.19969739736768835 27.574405000000002 28.050000000000004
decision_type=1 1 2 2 2 2 2 2
left_child=-1 2 3 -2 6 -6 -3 -4
right_child=1 4 7 -5 5 -7 -8 -9
leaf_value=-0.047013210538018851 -0.012307352455010965 -0.027132516652655866 0.055855248040761821 0.01259401347635007 -0.0075988313359231412 0.033388197451118713 0.0072615814297038259 0.017429237438889657
leaf_weight=97.812144057825208 217.91250498592854 232.28623241558671 37.606196690350771 821.31090921163559 436.72757916152477 74.208970949053764 84.180163770914078 1.8351944535970677
leaf_count=2337 1061 1396 406 5535 2444 386 478 26
internal_value=-0.00088489 0.00174303 0.00905575 0.00736569 -0.00778412 -0.00159224 -0.0179896 0.0545425
internal_weight=2003.88 1906.07 1078.66 1039.22 827.403 510.937 316.466 39.4414
internal_count=14069 11732 7028 6596 4704 2830 1874 432
cat_boundaries=0 1 2
cat_threshold=16 13
is_linear=0
shrinkage=0.05


Tree=57
num_leaves=15
num_cat=1
split_feature=26 34 42 43 5 34 5 36 34 1 19 38 33 30
split_gain=36.275 58.1598 66.3852 67.8405 36.0344 28.5873 22.2474 21.5948 19.3101 17.0385 15.7054 8.93795 7.66862 6.93792
threshold=14.65 21.050000000000004 2.5000000000000004 17.750000000000004 0.68274389090025245 25.150000000000002 0.97648852793709995 96.500000000000014 23.950000000000003 0 27.893750000000004 7.3892855000000006 31.950000000000003 1.8500000000000003
decision_type=2 2 2 2 2 2 2 2 2 1 2 2 2 2
left_child=4 7 6 -4 5 8 -3 10 -1 11 -2 -6 -11 -9
right_child=1 2 3 -5 9 -7 -8 13 -10 12 -12 -13 -14 -15
leaf_value=-0.0193274877995094 -0.04718548559922988 0.041122046426665705 -0.0073532269324948904 0.015029119800888145 0.044529013597710297 0.05071567704987362 -0.035217791507184328 0.011788303041441791 -0.051811335716200682 -0.024900196671350516 0.027443233310252547 -0.0061788258532761509 0.018367312130898129 -0.029763827978763403
leaf_weight=117.50549701228738 88.058137346059084 146.39176135882735 811.25015908665955 579.52060041576624 32.938601221889257 10.07918383926153 9.4616148136556131 34.045891728252172 76.163778472691774 31.555190082639456 7.0172256007790557 11.380853705108164 14.086719639599321 13.082447838038204
leaf_count=892 521 1041 5512 4369 268 67 73 263 436 251 43 84 109 86
internal_value=-0.000185949 0.0026372 0.00545654 0.00197738 -0.0163729 -0.0279684 0.0362926 -0.0278502 -0.0323028 0.00990778 -0.0414491 0.0316587 -0.0114388 -0.000124998
internal_weight=1982.54 1688.83 1546.62 1390.77 293.71 203.748 155.853 142.204 193.669 89.9614 95.0754 44.3195 45.6419 47.1283
internal_count=14015 11908 10995 9881 2107 1395 1114 913 1328 712 564 352 360 349
cat_boundaries=0 1
cat_threshold=1
is_linear=0
shrinkage=0.05


Tree=58
num_leaves=8
num_cat=2
split_feature=0 0 26 34 13 38 38
split_gain=94.5825 46.6838 35.4038 59.3324 49.2541 16.2339 19.8259
threshold=0 1 14.950000000000001 20.950000000000003 6.7770835000000007 14.349107500000001 10.586309500000002
decision_type=1 1 2 2 2 2 2
left_child=-1 2 4 -4 -2 6 -3
right_child=1 5 3 -5 -6 -7 -8
leaf_value=-0.046729467570986082 0.010120692755026089 -0.010145494884087227 -0.030371487327724458 0.0170740062366222 -0.041574271138657096 -0.071885548254310483 0.0091959102915254755
leaf_weight=93.913012811914086 114.77219643443823 646.48806566372514 70.838425032794476 806.71173844486475 75.653881400823593 8.5256516039371473 165.74344711378217
leaf_count=2338 821 3708 348 5418 434 42 928
internal_value=-0.000518799 0.00203893 0.00889167 0.0132139 -0.010527 -0.00687759 -0.00619225
internal_weight=1982.65 1888.73 1067.98 877.55 190.426 820.757 812.232
internal_count=14037 11699 7021 5766 1255 4678 4636
cat_boundaries=0 1 2
cat_threshold=16 13
is_linear=0
shrinkage=0.05


Tree=59
num_leaves=9
num_cat=2
split_feature=0 0 34 34 20 44 39 38
split_gain=88.7616 42.7054 37.9154 55.9738 21.7192 17.8825 24.6876 24.0287
threshold=0 1 25.150000000000002 24.550000000000004 33.250000000000007 46.600000000000001 25.250000000000004 10.586309500000002
decision_type=1 1 2 2 2 2 2 2
left_child=-1 2 3 -2 -4 7 -7 -3
right_child=1 5 4 -5 -6 6 -8 -9
leaf_value=-0.046369886185233945 0.011246589024952444 -0.0082725503285649375 -0.016127539990553059 -0.021203750096923282 0.054608251362470356 -0.064687735452992681 -0.0060582080786992509 0.015580792539077399
leaf_weight=88.956344230100513 824.83233992010355 624.93386640027165 12.614730492234228 157.42152421176434 62.502146899700165 29.335904639214277 44.565435513854027 126.04494421184063
leaf_count=2310 5598 3579 66 756 589 161 252 702
internal_value=-0.000453879 0.00197534 0.00858956 0.00602964 0.0426734 -0.00650454 -0.0298847 -0.00425359
internal_weight=1971.21 1882.25 1057.37 982.254 75.1169 824.88 73.9013 750.979
internal_count=14013 11703 7009 6354 655 4694 413 4281
cat_boundaries=0 1 2
cat_threshold=16 13
is_linear=0
shrinkage=0.05


Tree=60
num_leaves=9
num_cat=2
split_feature=0 8 4 39 39 25 1 33
split_gain=86.0705 39.9475 86.5106 75.8885 84.2274 60.1378 54.4175 31.2101
threshold=0 33.250000000000007 0.022575936829235404 22.950000000000003 24.550000000000004 6.8583335000000014 1 33.550000000000004
decision_type=1 2 2 2 2 2 1 2
left_child=-1 2 6 7 -5 -4 -2 -3
right_child=1 3 5 4 -6 -7 -8 -9
leaf_value=-0.046090147961394434 0.022181463106521963 -0.059213733338731082 0.011420588609959132 -0.042431438934414888 0.019095363932616214 -0.025859716938013519 -0.0046604703522943281 0.03176694931057817
leaf_weight=85.647599814459682 378.64773757010698 8.8248792588710767 142.4499365799129 100.57970526069403 122.05073886364698 442.27712190151215 375.08750646561384 314.58611411601305
leaf_count=2320 2597 45 868 547 776 2371 2589 1969
internal_value=-6.48742e-05 0.00228257 -0.00235642 0.013679 -0.00876658 -0.0167736 0.00883541 0.0291095
internal_weight=1970.15 1884.5 1338.46 546.041 222.63 584.727 753.735 323.411
internal_count=14082 11762 8425 3337 1323 3239 5186 2014
cat_boundaries=0 1 2
cat_threshold=16 1
is_linear=0
shrinkage=0.05


Tree=61
num_leaves=9
num_cat=2
split_feature=0 0 32 4 5 44 37 21
split_gain=80.2954 39.6328 32.2494 37.4943 20.3236 16.9551 12.6428 0.536714
threshold=0 1 29.595238000000005 0.022575936829235404 0.95936279103287792 52.000000000000007 39.500000000000007 27.650000000000002
decision_type=1 1 2 2 2 2 2 2
left_child=-1 2 3 -2 5 -3 -6 -4
right_child=1 4 7 -5 6 -7 -8 -9
leaf_value=-0.045782553426593105 0.019129328892842964 -0.0034754320048150803 0.054904356184271322 -0.00080750668876140646 -0.068461719394124251 -0.061478630881762843 -0.016623389059421737 0.013626032110316606
leaf_weight=82.082972915843129 373.32651568204165 756.20673329010606 35.373397685587406 637.16592684388161 18.783150237053633 11.818226926028727 31.258354540914297 1.5990543067455281
leaf_count=2322 3169 4261 427 3389 144 62 206 27
internal_value=-0.000458844 0.00179452 0.00819844 0.00656979 -0.00640516 -0.00444676 -0.0370411 0.0535249
internal_weight=1947.61 1865.53 1047.46 1010.49 818.066 768.025 50.0415 36.9725
internal_count=14007 11685 7012 6558 4673 4323 350 454
cat_boundaries=0 1 2
cat_threshold=16 13
is_linear=0
shrinkage=0.05


Tree=62
num_leaves=9
num_cat=2
split_feature=0 0 26 34 34 5 44 43
split_gain=76.6295 37.5494 29.9534 50.7778 43.3968 19.7563 17.6739 10.3033
threshold=0 1 14.950000000000001 20.950000000000003 23.950000000000003 0.95936279103287792 52.000000000000007 1.0500000000000003
decision_type=1 1 2 2 2 2 2 2
left_child=-1 2 4 -4 -2 6 -3 -7
right_child=1 5 3 -5 -6 7 -8 -9
leaf_value=-0.045523871357606438 0.0066203262664153066 -0.0034223396530832042 -0.028587920498756039 0.015582049419986739 -0.044349528734242 -0.011537984047610503 -0.060712734258606488 -0.057909204494925273
leaf_weight=79.376818791031837 127.07811665534973 759.73866304382682 70.033725954592228 784.05014923587441 61.050818800926208 22.633376404643059 12.710732541978357 26.002465222030878
leaf_count=2342 982 4281 349 5397 280 164 69 182
internal_value=-0.000560083 0.0016143 0.00787873 0.011931 -0.0100672 -0.00633624 -0.00444234 -0.0369969
internal_weight=1942.67 1863.3 1042.21 854.084 188.129 821.085 772.449 48.6358
internal_count=14046 11704 7008 5746 1262 4696 4350 346
cat_boundaries=0 1 2
cat_threshold=16 13
is_linear=0
shrinkage=0.05


Tree=63
num_leaves=9
num_cat=1
split_feature=0 44 39 39 39 2 21 4
split_gain=73.4317 35.7272 48.796 73.031 46.2207 64.9671 15.2926 10.8439
threshold=0 46.600000000000001 25.250000000000004 23.550000000000004 27.450000000000006 6.5000000000000009 24.050000000000004 -0.39036798905311365
decision_type=1 2 2 2 2 2 2 2
left_child=-1 2 3 -2 5 -3 -4 -6
right_child=1 4 6 -5 7 -7 -8 -9
leaf_value=-0.0451921438598459 0.0059697783767578986 -0.092183589871582206 0.0056727377582970959 -0.026567943256407892 -0.017471666577092811 -0.012001982876467998 0.050978728424959555 0.035527239075413844
leaf_weight=75.802801214158535 1397.1274096667767 35.771351080387831 25.807493723928928 195.72309723123908 12.562322832643984 81.909236736595631 68.565855570137501 34.451605707406998
leaf_count=2335 8952 168 163 1142 62 531 415 267
internal_value=-0.000241933 0.00185525 0.00403882 0.00195751 -0.0202919 -0.0369461 0.0387787 0.0212968
internal_weight=1927.72 1851.92 1687.22 1592.85 164.695 117.681 94.3733 47.0139
internal_count=14035 11700 10672 10094 1028 699 578 329
cat_boundaries=0 1
cat_threshold=16
is_linear=0
shrinkage=0.05


Tree=64
num_leaves=9
num_cat=1
split_feature=0 44 19 39 39 39 4 44
split_gain=69.3864 38.3062 50.0584 58.0012 41.6993 70.5759 13.7118 10.7588
threshold=0 46.600000000000001 26.649305500000001 27.450000000000006 25.250000000000004 23.550000000000004 -0.35846811432664222 44.100000000000001
decision_type=1 2 2 2 2 2 2 2
left_child=-1 4 6 -4 5 -2 -3 -6
right_child=1 2 3 -5 7 -7 -8 -9
leaf_value=-0.044854108823564665 0.0061603090745524555 0.0068805651914894883 -0.057328699283941367 0.014097998437117759 0.047974343103862178 -0.025537994448309887 0.070808571204094103 0.010268318027411289
leaf_weight=72.360437283292413 1388.5513861402869 22.198469676077366 90.350612714886665 40.768479987978935 63.459492277354002 200.00688062980771 12.727143689990042 27.699678622186184
leaf_count=2325 8909 158 507 287 379 1159 85 185
internal_value=-0.000230182 0.00177584 -0.0210515 -0.0351816 0.00405413 0.00215579 0.0314989 0.0367527
internal_weight=1918.12 1845.76 166.045 131.119 1679.72 1588.56 34.9256 91.1592
internal_count=13994 11669 1037 794 10632 10068 243 564
cat_boundaries=0 1
cat_threshold=16
is_linear=0
shrinkage=0.05


Tree=65
num_leaves=13
num_cat=2
split_feature=0 8 4 25 39 39 34 33 0 37 25 26
split_gain=67.3012 32.8759 68.6737 70.8501 52.4606 80.6991 39.6324 26.1216 25.5117 11.5312 14.5399 1.81738
threshold=0 33.250000000000007 0.022575936829235404 6.8583335000000014 22.950000000000003 24.550000000000004 23.550000000000004 33.550000000000004 1 27.500000000000004 8.6750000000000025 21.550000000000004
decision_type=1 2 2 2 2 2 2 2 1 2 2 2
left_child=8 2 6 -4 7 -6 -2 -3 9 11 -11 -1
right_child=1 4 3 -5 5 -7 -8 -9 -10 10 -12 -13
leaf_value=-0.012201057680232989 -0.0021798785890761179 -0.05103378001462136 0.019447879976463966 -0.023650172280087145 -0.038253856159567723 0.027306862580104015 0.024093581455635688 0.034248821723884125 -0.04452194329287238 -0.018306993225536531 0.003882682675813879 -0.056641517248221612
leaf_weight=3.4464623816311386 268.04846747964621 8.4679034650325757 125.08315728604794 391.92221147567034 88.393772080540657 97.84515918046236 307.61576121300459 241.28435381501913 69.189092796295881 182.48566294461489 123.02391818538308 14.847793847322462
leaf_count=33 1957 38 706 1892 439 632 2196 1536 2317 1340 828 115
internal_value=-0.000154365 0.00461323 7.80684e-06 -0.0132057 0.0162343 -0.00384805 0.0118772 0.0311653 -0.0183161 -0.0114378 -0.00938804 -0.0493356
internal_weight=1921.65 1528.66 1092.67 517.005 435.991 186.239 575.664 249.752 392.993 323.804 305.51 18.2943
internal_count=14029 9396 6751 2598 2645 1071 4153 1574 4633 2316 2168 148
cat_boundaries=0 1 2
cat_threshold=48 32
is_linear=0
shrinkage=0.05


Tree=66
num_leaves=8
num_cat=1
split_feature=0 44 39 39 38 39 5
split_gain=62.2484 35.9261 43.59 72.5959 52.7788 41.405 31.3261
threshold=0 46.250000000000007 20.650000000000002 23.550000000000004 6.4553575000000007 22.250000000000004 0.36447543099728857
decision_type=1 2 2 2 2 2 2
left_child=-1 2 4 -4 -2 -3 -7
right_child=1 5 3 -5 -6 6 -8
leaf_value=-0.044210518288403326 0.016903537480481449 -0.085195751480702991 0.025426593113674092 -0.0069604690877220488 -0.010238450775714274 -0.0035416306374182506 -0.077613092024811939
leaf_weight=66.451159322634339 239.86523572728038 20.23625597730279 449.7544085867703 280.24388721212745 697.78423466905951 146.09732250869274 14.83387581259012
leaf_count=2323 1727 108 2972 1651 4253 971 69
internal_value=-0.000293649 0.00153857 0.00384777 0.0130008 -0.0032845 -0.0195376 -0.0108063
internal_weight=1915.27 1848.82 1667.65 729.998 937.649 181.167 160.931
internal_count=14074 11751 10603 4623 5980 1148 1040
cat_boundaries=0 1
cat_threshold=16
is_linear=0
shrinkage=0.05


Tree=67
num_leaves=15
num_cat=0
split_feature=8 2 39 44 38 43 34 44 34 40 4 44 33 40
split_gain=32.0605 57.2153 57.0657 79.1916 49.687 61.6546 43.1971 40.1443 35.9588 35.0812 28.549 20.3176 19.1265 15.7872
threshold=33.250000000000007 6.5000000000000009 22.950000000000003 40.500000000000007 6.4553575000000007 12.550000000000002 23.550000000000004 48.800000000000004 23.250000000000004 125.2 0.85673801594079257 48.800000000000004 33.550000000000004 98.450000000000003
decision_type=2 2 2 2 2 2 2 2 2 2 2 2 2 2
left_child=1 4 11 10 13 -6 9 -8 -5 -3 -4 12 -2 -1
right_child=2 6 3 8 5 -7 7 -9 -10 -11 -12 -13 -14 -15
leaf_value=0.035139078003138056 -0.046699366150276797 -0.0053577636902961811 0.007759781906335729 -0.019214577537694108 -0.039943522316795523 -0.0059019052121320617 0.021425581673846256 -0.023653230185781381 0.025069480329516836 -0.081283999249249894 -0.089872141787769477 -0.078143055916514215 0.026375297916252868 -0.024383077768344183
leaf_weight=54.987122606486082 8.3380599990487081 328.41694256849587 9.2952120881527645 84.050581132993102 246.32509086839855 288.66469186916947 351.79579472355545 56.578991092741489 98.48522655852139 14.965200172737239 34.539674885571003 3.9644117355346671 308.86223060078919 13.146877544000743
leaf_count=425 52 2775 67 524 1518 1868 2908 380 788 98 186 23 2327 106
internal_value=-0.000912863 -0.00503875 0.00928725 -0.00991467 -0.016497 -0.021621 0.00416372 0.0151375 0.00468482 -0.00889318 -0.0694579 0.0228104 0.0243137 0.0234673
internal_weight=1902.42 1354.88 547.535 226.371 603.124 534.99 751.757 408.375 182.536 343.382 43.8349 321.165 317.2 68.134
internal_count=14045 10078 3967 1565 3917 3386 6161 3288 1312 2873 253 2402 2379 531
is_linear=0
shrinkage=0.05


Tree=68
num_leaves=12
num_cat=2
split_feature=0 0 7 4 44 4 5 36 43 11 22
split_gain=61.2676 38.0009 27.5742 31.6783 43.5878 34.3269 16.1502 14.3084 10.6661 1.21106 0.953758
threshold=0 1 29.931250000000002 0.039769539193789956 46.250000000000007 -0.55657520495441892 0.98174098242282859 99.500000000000014 1.0500000000000003 80.500000000000014 62.590277500000006
decision_type=1 1 2 2 2 2 2 2 2 2 2
left_child=2 6 3 5 -5 -1 7 -2 -8 10 -4
right_child=1 -3 9 4 -6 -7 8 -9 -10 -11 -12
leaf_value=0.0049351768637719215 -0.0088126280584845812 -0.043988884031831051 0.036614285098872199 0.0032145210859122948 -0.050684952370315152 0.036023555090126884 -0.0058033723409641295 0.0074187032076669761 -0.064561117829403464 0.055411697417811157 -0.0059115403599353678
leaf_weight=206.45678035914898 610.83314214274287 64.658809280022979 2.0388493351638313 584.82390960678458 39.074987560510635 155.29895580559969 13.130318310111763 173.67134397476912 18.530796822160482 29.945601809769869 1.9046102203428743
leaf_count=1874 3520 2347 28 3184 227 1314 92 955 137 362 21
internal_value=-0.000237742 -0.00983053 0.00806862 0.00659423 -0.000236927 0.0183437 -0.00657541 -0.00521451 -0.0411172 0.0518456 0.0190342
internal_weight=1900.37 880.824 1019.54 985.655 623.899 361.756 816.166 784.504 31.6611 33.8891 3.94346
internal_count=14061 7051 7010 6599 3411 3188 4704 4475 229 411 49
cat_boundaries=0 1 2
cat_threshold=13 34
is_linear=0
shrinkage=0.05


Tree=69
num_leaves=9
num_cat=2
split_feature=0 26 43 44 39 34 34 1
split_gain=57.4902 35.8928 41.4208 53.7174 40.5133 29.1944 23.5093 10.3058
threshold=0 14.65 17.750000000000004 45.20000000000001 18.850000000000005 22.350000000000005 25.150000000000002 1
decision_type=1 2 2 2 2 2 2 1
left_child=-1 5 3 -3 -4 7 -7 -2
right_child=1 2 4 -5 -6 6 -8 -9
leaf_value=-0.04372339364163369 0.036699320027403941 0.0028353260494877008 -0.0034009686505009832 -0.031195766648010187 0.02537702025291675 -0.027035925559972859 0.054632502780512772 -0.0048316032850756942
leaf_weight=62.585994873195887 28.804198428988457 873.7135747037828 186.20178598165512 132.68358325585723 354.14971654117107 208.5288446135819 8.2900247797369939 29.534452013671398
leaf_count=2370 214 5447 1229 773 2470 1282 51 216
internal_value=-0.000393915 0.00135015 0.00431964 -0.00167785 0.0154723 -0.0152486 -0.0236769 0.0159468
internal_weight=1884.49 1821.91 1546.75 1006.4 540.352 275.158 216.819 58.3387
internal_count=14052 11682 9919 6220 3699 1763 1333 430
cat_boundaries=0 1 2
cat_threshold=16 1
is_linear=0
shrinkage=0.05


Tree=70
num_leaves=15
num_cat=1
split_feature=26 43 8 34 4 39 33 5 5 34 1 34 38 25
split_gain=27.0226 37.4645 45.9817 66.5299 58.8355 36.6826 47.5555 36.7941 29.4868 21.1985 14.6504 12.7726 9.56958 7.33662
threshold=14.65 17.750000000000004 33.350000000000001 24.450000000000003 0.80926549319045582 18.850000000000005 31.850000000000005 0.11478523713130602 0.68274389090025245 25.150000000000002 0 23.950000000000003 7.3476190000000008 6.4020835000000007
decision_type=2 2 2 2 2 2 2 2 2 2 1 2 2 2
left_child=8 2 3 -2 -4 6 -3 -7 9 11 12 -1 -10 -12
right_child=1 5 4 -5 -6 7 -8 -9 10 -11 13 -13 -14 -15
leaf_value=-0.01851836402977999 -0.0035149018370543433 -0.041847103210662914 0.030005222966885778 -0.043584507479463137 -0.0058007337019147474 0.027852265375283632 0.011512505796170395 -0.01859053896690822 0.044866473720294009 0.045994410279193654 0.0078421350842303502 -0.045491999743225833 -0.0078514320557700815 -0.032549445881609546
leaf_weight=117.21987437643111 417.83598186634481 59.901067554950714 181.89945784211159 136.83236188068986 307.12564720772207 317.97936184890568 131.92263373360038 48.517403496429324 30.323038198053837 9.0558378025889379 24.297860220074654 71.742680806666613 11.502637723460792 19.44703172147274
leaf_count=911 3113 491 1300 803 2280 2597 977 393 265 67 205 432 91 155
internal_value=-0.000545612 0.00197537 -0.00361727 -0.0134604 0.00755183 0.0124177 -0.00528079 0.0216702 -0.0147437 -0.0253039 0.00970353 -0.0289449 0.0305235 -0.0104403
internal_weight=1885.6 1602.01 1043.69 554.668 489.025 558.32 191.824 366.497 283.589 198.018 85.5706 188.963 41.8257 43.7449
internal_count=14080 11954 7496 3916 3580 4458 1468 2990 2126 1410 716 1343 356 360
cat_boundaries=0 1
cat_threshold=1
is_linear=0
shrinkage=0.05


Tree=71
num_leaves=12
num_cat=2
split_feature=0 39 39 41 8 37 4 0 34 32 21
split_gain=56.2413 29.0009 64.2329 78.4167 59.2075 47.9204 47.3185 21.058 10.94 16.6706 0.214668
threshold=0 25.250000000000004 23.550000000000004 75.050000000000011 33.350000000000001 25.500000000000004 -0.35846811432664222 1 25.850000000000005 28.845238000000005 26.050000000000004
decision_type=1 2 2 2 2 2 2 1 2 2 2
left_child=7 2 4 -4 -2 -3 -7 8 9 -1 -10
right_child=1 5 3 -5 -6 6 -8 -9 10 -11 -12
leaf_value=-0.014366070626028394 7.4080051729682518e-05 -0.064256895719528903 -0.038303725708048582 0.045424321707944332 0.027837364945718771 -0.014627184371797088 0.050889461354921985 -0.043329775743790329 -0.02614110781580541 0.018905788051177989 -0.056982016533242613
leaf_weight=267.25757879018784 903.03951984271407 12.953533202409742 168.66382477805018 32.606349147856236 242.89958457648754 37.302289538085461 100.57468374818563 59.41252525895834 3.3755407482385626 42.908715412020683 11.695034332573412
leaf_count=1977 5722 53 867 226 1596 242 670 2344 21 267 77
internal_value=-0.000698581 0.00370865 0.00139762 -0.024582 0.00597808 0.0244497 0.0331864 -0.017471 -0.0114843 -0.00971724 -0.0521307
internal_weight=1882.69 1498.04 1347.21 201.27 1145.94 150.831 137.877 384.649 325.237 310.166 15.0706
internal_count=14062 9376 8411 1093 7318 965 912 4686 2342 2244 98
cat_boundaries=0 1 2
cat_threshold=48 32
is_linear=0
shrinkage=0.05


Tree=72
num_leaves=9
num_cat=3
split_feature=0 0 33 36 34 35 1 31
split_gain=50.8857 30.2227 26.7947 35.1423 14.7559 14.6595 4.72168 1.96023
threshold=0 1 36.850000000000001 94.500000000000014 20.250000000000004 88.678571500000018 2 49.150000000000006
decision_type=1 1 2 2 2 2 1 2
left_child=-1 2 3 -2 6 -6 -3 -4
right_child=1 4 7 -5 5 -7 -8 -9
leaf_value=-0.04296917296883615 -0.012988694582541933 -0.021205561562082888 0.051869482053146711 0.01028558399904912 -0.0040073398699312507 -0.052076505430375543 -0.072925112643914353 -0.0026895744052861867
leaf_weight=56.763092417269945 204.52238847315311 9.8734725676476955 33.377921640872955 769.40540657937527 773.53644778206944 15.203726805746554 9.1508847177028656 1.6283210590481747
leaf_count=2331 1005 78 472 5531 4450 87 75 15
internal_value=-0.000426535 0.00115566 0.00689329 0.00538973 -0.00600722 -0.00499869 -0.0484826 0.0493274
internal_weight=1873.46 1816.7 1008.93 973.928 807.765 788.74 19.0244 35.0062
internal_count=14044 11713 7023 6536 4690 4537 153 487
cat_boundaries=0 1 2 3
cat_threshold=16 13 1
is_linear=0
shrinkage=0.05


Tree=73
num_leaves=9
num_cat=2
split_feature=0 39 44 43 5 32 4 1
split_gain=47.2519 29.9664 36.3173 37.2558 34.5694 17.3044 12.6821 9.04648
threshold=0 15.250000000000002 29.700000000000003 13.65 0.80798785254895478 26.889285500000003 0.45273815774107123 1
decision_type=1 2 2 2 2 2 2 1
left_child=-1 4 5 -4 6 -3 -2 -6
right_child=1 2 3 -5 7 -7 -8 -9
leaf_value=-0.042631607110659012 -0.025404454586235321 0.0027044290863834685 -0.0067968192279516757 0.0084309950633224603 0.044388497333056727 0.049923846479884994 -0.066434114322090232 -0.0066700003181293602
leaf_weight=54.461660895496607 53.705769225955009 29.574427517130971 824.95743980631232 780.89500958099961 16.336285799741745 56.082227557897568 30.050662137567997 16.911360137164593
leaf_count=2328 352 218 5052 5308 129 380 155 126
internal_value=-0.000902666 0.000609058 0.00231061 0.000608811 -0.0237494 0.0338399 -0.0407355 0.0189812
internal_weight=1862.97 1808.51 1691.51 1605.85 117.004 85.6567 83.7564 33.2476
internal_count=14048 11720 10958 10360 762 598 507 255
cat_boundaries=0 1 2
cat_threshold=16 1
is_linear=0
shrinkage=0.05


Tree=74
num_leaves=9
num_cat=2
split_feature=0 0 32 36 44 38 27 21
split_gain=46.914 30.7854 26.4207 29.2124 13.3341 22.4193 17.5806 0.673817
threshold=0 1 29.595238000000005 95.500000000000014 45.900000000000013 10.586309500000002 38.95000000000001 27.650000000000002
decision_type=1 1 2 2 2 2 2 2
left_child=-1 2 3 -2 5 -3 -6 -4
right_child=1 4 7 -5 6 -7 -8 -9
leaf_value=-0.042335495158457789 -0.0090430140740530938 -0.0076368329649763207 0.053441870001319572 0.010800262969615856 -0.03851591322248718 0.01613661256202957 0.012105643723729765 0.009173229611345186
leaf_weight=52.593237014487386 248.05963510274887 603.77972513437271 29.758100207895044 726.75609637051821 61.205641236156225 117.65575492754579 23.13012033700943 1.358209617435931
leaf_count=2342 1257 3523 427 5370 371 661 124 28
internal_value=-0.000121609 0.00135261 0.00715201 0.00574669 -0.00588622 -0.00374276 -0.0246532 0.0518554
internal_weight=1864.3 1811.7 1005.93 974.816 805.771 721.435 84.3358 31.1163
internal_count=14103 11761 7082 6627 4679 4184 495 455
cat_boundaries=0 1 2
cat_threshold=16 13
is_linear=0
shrinkage=0.05


Tree=75
num_leaves=9
num_cat=2
split_feature=0 39 34 42 4 1 4 25
split_gain=43.9233 34.6758 39.242 33.7666 29.2935 26.6366 10.0221 1.65934
threshold=0 14.950000000000001 20.250000000000004 2.5000000000000004 0.45273815774107123 1 0.21022171450811272 7.9111110000000009
decision_type=1 2 2 2 2 1 2 2
left_child=-1 4 6 -4 5 -2 -3 -6
right_child=1 2 3 -5 7 -7 -8 -9
leaf_value=-0.041995038996575383 0.018425773540780267 -0.004902874211433669 0.024121970238616786 0.0014666766048899572 -0.075755922552457777 -0.038195682450585397 -0.057076799531719208 -0.03201876545854053
leaf_weight=50.508768945001066 39.557508300989866 12.97478570230305 184.28879849612713 1465.2995433211327 22.993365190923218 41.725182872265577 32.452139422297478 4.7234060838818541
leaf_count=2342 275 104 1187 9537 120 285 183 26
internal_value=-0.000445326 0.000967899 0.00273716 0.00401076 -0.026232 -0.0107509 -0.0426015 -0.0696769
internal_weight=1854.52 1804.01 1695.02 1649.59 108.999 81.2827 45.4269 27.7168
internal_count=14059 11717 11011 10724 706 560 287 146
cat_boundaries=0 1 2
cat_threshold=16 1
is_linear=0
shrinkage=0.05


Tree=76
num_leaves=11
num_cat=2
split_feature=0 38 39 30 43 40 13 0 34 19
split_gain=49.5755 37.106 48.4952 54.244 41.6293 33.277 19.3966 16.6752 12.1771 14.4309
threshold=0 6.4422620000000004 20.650000000000002 13.65 3.8500000000000001 130.55000000000004 8.2229170000000007 1 25.850000000000005 29.428472000000003
decision_type=1 2 2 2 2 2 2 1 2 2
left_child=7 5 4 -4 -3 6 -2 8 9 -1
right_child=1 2 3 -5 -6 -7 -8 -9 -10 -11
leaf_value=-0.012014269814605783 0.032656127243577644 0.014242516647504018 0.0010793907475176998 0.032163307041874763 -0.017406988660650394 -0.067024401787372984 -0.039538269910645379 -0.041721587415451594 -0.054550327420126776 0.034020579944726279
leaf_weight=292.05615344084799 174.38025107234716 135.01220295205712 514.77348420023918 192.00228268653154 440.80989544466138 8.5745667964220029 9.003096938133238 48.965487690642476 14.734649837017058 17.120370417833328
leaf_count=2164 1354 790 3120 1387 2620 40 58 2363 99 106
internal_value=-0.000304951 0.00383755 0.000787543 0.00955714 -0.00997435 0.0243058 0.0289166 -0.0163192 -0.011235 -0.00936367
internal_weight=1847.43 1474.56 1282.6 706.776 575.822 191.958 183.383 372.877 323.911 309.177
internal_count=14101 9369 7917 4507 3410 1452 1412 4732 2369 2270
cat_boundaries=0 1 2
cat_threshold=48 32
is_linear=0
shrinkage=0.05


Tree=77
num_leaves=12
num_cat=2
split_feature=0 33 36 4 34 0 5 4 43 32 21
split_gain=43.3213 26.3706 34.0205 40.0167 39.0044 24.9916 18.7679 16.8128 8.41943 2.68768 0.702177
threshold=0 36.850000000000001 94.500000000000014 0.78857998149907527 24.450000000000003 1 0.97263757644091864 0.71503381463111937 1.0500000000000003 28.362798000000002 27.650000000000002
decision_type=1 2 2 2 2 1 2 2 2 2 2
left_child=1 2 3 -1 -4 6 7 -2 -8 -3 -11
right_child=5 9 4 -5 -6 -7 8 -9 -10 10 -12
leaf_value=0.0095937541050888937 -0.00033310956563842125 -0.014759176613966052 0.016399524794815046 -0.034357623751300956 -0.0095117039585271429 -0.041293049933303884 -0.013292389298300858 -0.016741227122609496 -0.060869771474387338 0.053091083488707072 0.0081913597123016348
leaf_weight=98.975143283605576 542.60777796804905 1.1875413209199894 554.12898295372725 106.84137503057718 195.95225776731968 46.55357606895268 17.192929651588202 218.21124032512307 21.22441641241312 31.453051716089249 1.306333728134631
leaf_count=512 3112 11 4472 498 1044 2337 124 1286 158 464 27
internal_value=-0.000886455 0.00618881 0.00468646 -0.0132776 0.00962679 -0.00912958 -0.00672096 -0.00505494 -0.0404548 0.0489191 0.0515963
internal_weight=1835.63 989.845 955.898 205.817 750.081 845.79 799.236 760.819 38.4173 33.9469 32.7594
internal_count=14045 7028 6526 1010 5516 7017 4680 4398 282 502 491
cat_boundaries=0 1 2
cat_threshold=13 34
is_linear=0
shrinkage=0.05


Tree=78
num_leaves=11
num_cat=2
split_feature=0 38 39 40 43 40 13 0 33 25
split_gain=41.4183 27.7593 45.1152 49.6037 37.0999 32.1845 24.0434 15.6408 10.7636 12.8024
threshold=0 6.4553575000000007 20.650000000000002 65.65000000000002 3.8500000000000001 130.55000000000004 8.2229170000000007 1 37.750000000000007 8.6750000000000025
decision_type=1 2 2 2 2 2 2 1 2 2
left_child=7 5 4 -4 -3 6 -2 8 9 -1
right_child=1 2 3 -5 -6 -7 -8 -9 -10 -11
leaf_value=-0.017686864885348975 0.030063629614832166 0.013155175157718087 0.00079280914726328621 0.030498706713985625 -0.016685394323578889 -0.064948716111217428 -0.04853260587274974 -0.040948686116748748 -0.055773916643845567 0.0029798201384916129
leaf_weight=176.33351881243289 172.42876352369785 135.21688333153725 496.48508199676871 195.04145617038012 443.49929989874363 9.3942652940750104 9.4286659583449346 44.779255002737045 11.849644742906092 129.33797948807478
leaf_count=1357 1374 793 2963 1493 2626 43 62 2338 84 901
internal_value=-0.000530167 0.00324715 0.000588977 0.00920314 -0.00970249 0.020976 0.0257456 -0.0154001 -0.0105466 -0.00896102
internal_weight=1823.79 1461.49 1270.24 691.527 578.716 191.252 181.857 362.3 317.521 305.671
internal_count=14034 9354 7875 4456 3419 1479 1436 4680 2342 2258
cat_boundaries=0 1 2
cat_threshold=48 32
is_linear=0
shrinkage=0.05


Tree=79
num_leaves=13
num_cat=2
split_feature=0 8 4 42 4 39 44 6 0 32 4 19
split_gain=37.3266 34.2138 46.14 46.1397 44.9008 38.6976 29.7274 28.2881 16.1381 11.6795 16.7678 0.149477
threshold=0 33.350000000000001 0.80417553764032002 2.5000000000000004 0.37446826358596375 20.000000000000004 48.800000000000004 2.5000000000000004 1 26.207738000000003 -0.24372957273992743 26.400000000000002
decision_type=1 2 2 2 2 2 2 2 1 2 2 2
left_child=8 4 6 -4 7 -6 -3 -2 9 11 -11 -1
right_child=1 2 3 -5 5 -7 -8 -9 -10 10 -12 -13
leaf_value=-0.05084238200433832 -0.018430387353090633 0.041341174629302709 0.040454534212295848 -0.0099508522541390185 -0.030658133378631644 0.0041634370300199118 -0.076147604521122833 0.0096897324714542189 -0.040585286995731766 0.0059201898067425193 -0.017974239699665131 -0.017753566943856141
leaf_weight=15.546268580481412 103.34527327120304 149.26669166982174 59.102718867361546 184.6355742290616 195.35932796448469 134.03216670453548 4.6918160319328299 626.90581174939871 43.004157209768891 131.17124242335558 164.66144381836057 1.7876510880887497
leaf_count=171 620 943 423 1158 942 706 21 4538 2338 749 1388 24
internal_value=-0.000116502 0.00345035 0.0159594 0.00238702 -0.00122256 -0.0165192 0.0372925 0.00569041 -0.0143739 -0.00951949 -0.00739528 -0.0485844
internal_weight=1813.51 1457.34 397.697 243.738 1059.64 329.391 153.959 730.251 356.171 313.167 295.833 17.3339
internal_count=14021 9351 2545 1581 6806 1648 964 5158 4670 2332 2137 195
cat_boundaries=0 1 2
cat_threshold=48 32
is_linear=0
shrinkage=0.05


Tree=80
num_leaves=9
num_cat=1
split_feature=0 26 34 44 5 5 36 4
split_gain=34.722 26.7834 39.0258 32.8207 31.16 30.8148 13.402 5.95439
threshold=0 14.950000000000001 20.250000000000004 45.20000000000001 -0.23537842981696172 -0.52765736634565841 94.500000000000014 0.21022171450811272
decision_type=1 2 2 2 2 2 2 2
left_child=-1 4 7 -4 5 -2 -6 -3
right_child=1 2 3 -5 6 -7 -8 -9
leaf_value=-0.040303486981738301 -0.014254051029279451 -0.00063703147832130903 0.0082938237740910262 -0.013225000613644436 -0.067275458053570367 -0.065387012137068878 0.0039050471507688306 -0.056151773534876749
leaf_weight=41.728728673420846 98.67130533605814 5.7639121972024432 1200.367225214839 206.92926828190684 5.8614091128110877 41.510788194835186 181.78861430846155 29.572171594947577
leaf_count=2360 608 45 7987 1364 28 220 1317 172
internal_value=-0.00032002 0.000867204 0.00380504 0.00512255 -0.0120067 -0.0297515 0.00133683 -0.0473631
internal_weight=1812.19 1770.46 1442.63 1407.3 327.832 140.182 187.65 35.3361
internal_count=14101 11741 9568 9351 2173 828 1345 217
cat_boundaries=0 1
cat_threshold=16
is_linear=0
shrinkage=0.05


Tree=81
num_leaves=9
num_cat=2
split_feature=0 8 4 39 44 1 13 32
split_gain=32.6935 26.0545 49.9687 48.4753 72.6457 47.4734 44.6471 21.8566
threshold=0 33.150000000000013 0.039769539193789956 22.950000000000003 40.150000000000006 1 7.7812500000000009 27.709226500000003
decision_type=1 2 2 2 2 1 2 2
left_child=-1 2 5 7 -5 -2 -4 -3
right_child=1 3 6 4 -6 -7 -8 -9
leaf_value=-0.039823448564574003 0.018525953957007277 -0.0053057268512195117 -0.00025649398834123849 -0.071366240633497433 0.0050573794386052778 -0.0073900739089585348 -0.029669415092022845 0.028638033996560515
leaf_weight=39.581125289201736 352.12658926844597 57.548571556806564 259.03670204803348 36.53519482165575 180.61710454151034 352.88644834794104 256.08603871241212 261.25099067017436
leaf_count=2328 2608 374 1564 181 1147 2592 1406 1783
internal_value=-0.000190561 0.000946156 -0.00308527 0.0101303 -0.00806885 0.00556188 -0.0149079 0.0225132
internal_weight=1795.67 1756.09 1220.14 535.952 217.152 705.013 515.123 318.8
internal_count=13983 11655 8170 3485 1328 5200 2970 2157
cat_boundaries=0 1 2
cat_threshold=16 1
is_linear=0
shrinkage=0.05


Tree=82
num_leaves=13
num_cat=2
split_feature=0 32 36 42 43 4 34 0 5 23 33 36
split_gain=35.2471 25.4127 40.299 40.006 49.0536 27.7354 23.6511 20.9608 15.343 14.7448 9.4635 7.65949
threshold=0 26.700297500000001 96.500000000000014 2.5000000000000004 18.150000000000002 -0.52766804058324157 20.950000000000003 1 0.98174098242282859 86.500000000000014 32.750000000000007 98.500000000000014
decision_type=1 2 2 2 2 2 2 1 2 2 2 2
left_child=1 2 10 6 -5 -4 -3 8 9 -2 -1 -10
right_child=7 3 5 4 -6 -7 -8 -9 11 -11 -12 -13
leaf_value=-0.0075584528031269714 0.021747196661812788 -0.04149604508774541 -0.014975912515392216 -0.0028208010457670264 0.026155341966577445 0.025539375150487827 0.049516984920111057 -0.039490040505909672 -0.017374692946278171 -0.0060243556815789715 -0.06504865441765971 -0.069569629499227986
leaf_weight=9.5083863735198957 50.26485825330019 7.0578827857971183 99.704372778534889 452.70070118829608 214.51430357247591 71.768913224339485 82.456562664359808 38.213533360511065 17.226808283478025 709.97278970107436 31.969205319881439 12.066410697996615
leaf_count=41 308 34 954 2974 1673 591 592 2331 140 4144 146 85
internal_value=-3.11049e-05 0.00640525 -0.0087576 0.0107627 0.00652043 0.00203123 0.0419618 -0.00755587 -0.00548885 -0.00416202 -0.0523577 -0.0404615
internal_weight=1797.42 969.68 212.951 756.729 667.215 171.473 89.5144 827.744 789.531 760.238 41.4776 29.2932
internal_count=14013 7005 1732 5273 4647 1545 626 7008 4677 4452 187 225
cat_boundaries=0 1 2
cat_threshold=13 34
is_linear=0
shrinkage=0.05


Tree=83
num_leaves=9
num_cat=1
split_feature=0 44 39 39 39 2 21 4
split_gain=30.0306 27.45 37.6344 35.9386 44.2322 34.4371 13.9095 7.3712
threshold=0 46.600000000000001 27.450000000000006 25.250000000000004 23.550000000000004 6.5000000000000009 24.050000000000004 -0.39036798905311365
decision_type=1 2 2 2 2 2 2 2
left_child=-1 3 5 4 -2 -3 -5 -4
right_child=1 2 7 6 -6 -7 -8 -9
leaf_value=-0.039170744098877386 0.0043195123414986871 -0.075672773118980019 -0.011755896976971056 0.0014118363638021222 -0.021246980755890654 -0.015579772441575971 0.046193702023503903 0.033081398283163858
leaf_weight=36.977987235412002 1328.3412173744291 33.936131868511438 12.301550932228563 23.908772639930248 192.84626296535134 77.386233113706112 62.738291330635548 30.657619137316942
leaf_count=2348 8995 171 62 162 1148 527 415 267
internal_value=-0.00013913 0.000918657 -0.0191526 0.00286104 0.00106653 -0.0344095 0.033994 0.0202667
internal_weight=1799.09 1762.12 154.282 1607.83 1521.19 111.322 86.6471 42.9592
internal_count=14095 11747 1027 10720 10143 698 577 329
cat_boundaries=0 1
cat_threshold=16
is_linear=0
shrinkage=0.05


Tree=84
num_leaves=15
num_cat=0
split_feature=26 44 38 43 40 33 39 5 5 5 13 33 42 37
split_gain=26.0916 27.0895 33.1705 49.5075 30.7172 32.1309 30.5408 19.7202 19.0237 20.5354 19.5746 9.61285 12.684 10.1342
threshold=14.65 45.20000000000001 11.120238000000002 0.8500000000000002 70.550000000000011 36.95000000000001 23.550000000000004 -0.78858226040708135 -0.23537842981696172 -0.6523320455745395 7.1979165000000007 31.950000000000003 5.5000000000000009 39.500000000000007
decision_type=2 2 2 2 2 2 2 2 2 2 2 2 2 2
left_child=8 2 6 -4 5 -3 -2 -6 9 10 -1 12 -10 -13
right_child=1 4 3 -5 7 -7 -8 -9 11 -11 -12 13 -14 -15
leaf_value=0.0030342388405406569 0.0056070675284025512 -0.039875189841589671 -0.013399072490770773 0.046140176109616876 0.030116216674747582 0.022584416408246308 -0.01798090245643107 -0.020484964089342417 0.013704578020917539 -0.058182557653670891 -0.049347752016527933 -0.0295583121630245 -0.022203192328971895 0.030546171689892005
leaf_weight=54.088702661916614 988.94967763870955 109.7603197414428 51.277426052838564 105.96267735492438 48.977473111823201 24.601584832184017 158.32363129686564 30.438598109409213 36.355724717490375 39.442999124526978 25.531335733830929 8.0207870230078679 71.661984431557357 32.403787995688617
leaf_count=407 7883 685 530 769 456 266 1119 262 342 244 169 67 584 284
internal_value=5.63075e-05 0.00259559 0.00530116 0.0267619 -0.0138621 -0.0283565 0.00233911 0.0107082 -0.014312 -0.0291113 -0.0141666 -0.00232642 -0.0101028 0.018195
internal_weight=1785.8 1518.29 1304.51 157.24 213.778 134.362 1147.27 79.4161 267.505 119.063 79.62 148.442 108.018 40.4246
internal_count=14067 11970 10301 1299 1669 951 9002 718 2097 820 576 1277 926 351
is_linear=0
shrinkage=0.05


Tree=85
num_leaves=15
num_cat=2
split_feature=0 34 34 5 26 5 0 24 5 43 19 11 32 36
split_gain=32.5737 25.2466 34.0917 36.2917 35.5087 19.3567 19.5398 16.8699 14.3307 8.07178 7.74624 6.50478 6.42795 4.90109
threshold=0 25.150000000000002 24.550000000000004 -0.75013812021657655 19.050000000000004 0.95936279103287792 1 63.500000000000007 0.23328369003117272 1.0500000000000003 26.103472000000004 94.500000000000014 27.311905000000003 97.500000000000014
decision_type=1 2 2 2 2 2 1 2 2 2 2 2 2 2
left_child=1 2 3 -1 -4 6 8 13 -2 12 -11 -9 -7 -3
right_child=5 7 4 -5 -6 9 -8 11 -10 10 -12 -13 -14 -15
leaf_value=0.032337594283834294 -0.0088486525351478603 0.055602980368786775 -0.042161039848427902 0.0032134315613852101 0.0062253962964165313 -0.040725089133980569 -0.038120390801442194 0.018856044033757569 0.0056542603739151154 -0.002278900974384471 -0.0714234852339177 -0.059403473391773709 0.010820597432561009 0.016561515969354779
leaf_weight=128.36156811565161 477.18550497293472 40.892121590673923 74.156132698059082 619.49868720397353 76.070360355079174 11.333297663368286 33.079008302651346 4.243897542357443 263.73041974380612 5.1307815434411195 19.517826885916293 4.750428095459938 11.216776519082485 11.285229176282881
leaf_count=1141 2772 502 340 4456 419 131 2171 24 1553 51 210 22 116 95
internal_value=-0.000272745 0.0059555 0.00387983 0.00824876 -0.0177804 -0.00752741 -0.00569649 0.0368347 -0.00363663 -0.0383726 -0.0576806 -0.0242854 -0.0157147 0.0476291
internal_weight=1780.45 959.258 898.087 747.86 150.226 821.194 773.995 61.1717 740.916 47.1987 24.6486 8.99433 22.5501 52.1774
internal_count=14003 6999 6356 5597 759 7004 6496 643 4325 508 261 46 247 597
cat_boundaries=0 1 2
cat_threshold=13 34
is_linear=0
shrinkage=0.05


Tree=86
num_leaves=13
num_cat=2
split_feature=0 8 4 4 42 43 19 35 0 32 4 33
split_gain=30.0265 26.6257 46.2239 42.827 43.6453 33.5597 29.009 25.977 12.5061 11.7967 15.9754 1.42752
threshold=0 33.250000000000007 0.37446826358596375 0.76140650896573492 2.5000000000000004 13.65 27.567361500000001 61.800595000000008 1 26.280654500000001 -0.30163705152652737 31.850000000000005
decision_type=1 2 2 2 2 2 2 2 1 2 2 2
left_child=8 2 7 6 -5 -4 -3 -2 9 11 -11 -1
right_child=1 3 5 4 -6 -7 -8 -9 -10 10 -12 -13
leaf_value=-0.051532511581462825 -0.054271177243215132 -0.02081965963888853 -0.03438436767711333 0.037435787728431189 -0.01043059101432383 -0.0018180838012798383 0.044093845451803587 0.00732607529499631 -0.038547227693299005 0.0064689689709631825 -0.016783234058196369 -0.013252702759643673
leaf_weight=16.534192580729727 16.555625677108765 19.28869654238224 148.04961095750332 62.397987432777882 190.40679298713803 168.83696536719799 126.67915844172239 697.29515705257654 34.701199523173273 128.86597348749638 170.77418953552842 3.8097929768264285
leaf_count=164 87 102 691 467 1212 899 853 5046 2366 718 1440 67
internal_value=-0.000256685 0.00299448 -0.00123167 0.0139688 0.00148487 -0.0170934 0.0354327 0.00582359 -0.0130489 -0.00909455 -0.00679493 -0.0453207
internal_weight=1784.2 1429.51 1030.74 398.773 252.805 316.887 145.968 713.851 354.685 319.984 299.64 20.344
internal_count=14112 9357 6723 2634 1679 1590 955 5133 4755 2389 2158 231
cat_boundaries=0 1 2
cat_threshold=48 32
is_linear=0
shrinkage=0.05


Tree=87
num_leaves=13
num_cat=2
split_feature=0 32 42 43 33 4 34 0 34 44 27 35
split_gain=33.728 24.708 35.4976 51.1281 33.0206 27.1125 25.7193 16.1912 13.9815 11.1548 7.40381 2.26734
threshold=0 26.700297500000001 2.5000000000000004 18.150000000000002 32.750000000000007 -0.65234524191686594 20.950000000000003 1 20.350000000000005 45.900000000000013 2.7500000000000004 78.889881000000017
decision_type=1 2 2 2 2 2 2 1 2 2 2 2
left_child=1 4 6 -4 5 -1 -3 8 11 -10 -6 -2
right_child=7 2 3 -5 10 -7 -8 -9 9 -11 -12 -13
leaf_value=-0.020350845123638443 -0.049613373711404583 -0.041307758732464103 -0.0036705380319122316 0.026105955644718272 -0.063011757798182702 0.018810730458395781 0.047800578994027149 -0.038064417260763983 -0.0031165002299817436 -0.02250702204108028 -0.0070904082254930785 -0.0052078243816594807
leaf_weight=85.134531468153 20.257155841216449 8.217897489666937 450.03092459961772 210.97169278934598 29.091513082385063 89.77385550737381 81.322720870375633 33.040408409200609 676.1356545407325 82.384944401681423 7.7096578776836386 3.6147618331015101
leaf_count=794 182 41 2990 1695 135 768 612 2340 3956 506 45 24
internal_value=-0.000738099 0.00557845 0.00988965 0.00585828 -0.00941783 -0.000258021 0.0392564 -0.00815805 -0.00638488 -0.00524942 -0.051794 -0.0433691
internal_weight=1777.69 962.253 750.543 661.003 211.71 174.908 89.5406 815.433 782.393 758.521 36.8012 23.8719
internal_count=14088 7080 5338 4685 1742 1562 653 7008 4668 4462 180 206
cat_boundaries=0 1 2
cat_threshold=13 34
is_linear=0
shrinkage=0.05


Tree=88
num_leaves=9
num_cat=2
split_feature=0 26 34 42 39 1 34 4
split_gain=25.1549 23.2496 32.5152 43.9128 22.3714 22.0466 34.8733 15.5703
threshold=0 14.65 21.050000000000004 2.5000000000000004 19.250000000000004 1 23.950000000000003 -0.71504373327588355
decision_type=1 2 2 2 2 1 2 2
left_child=-1 5 4 -4 -3 6 -2 -7
right_child=1 2 3 -5 -6 7 -8 -9
leaf_value=-0.037743866122130522 0.019149424315742791 0.020458901845169335 0.033922552276461009 0.002804469722959441 -0.031048281906309878 -0.050677563041143472 -0.037621295622523795 -0.014531000633819069
leaf_weight=32.021931632421911 89.497663740068674 25.749084208160639 123.97800075449049 1223.7137406244874 102.12927043251693 44.510565929114819 37.587614323943853 89.991010569036007
leaf_count=2354 661 172 912 8298 608 302 205 590
internal_value=2.73468e-05 0.000956563 0.00339944 0.00569014 -0.0205987 -0.0127474 0.0021959 -0.0267787
internal_weight=1769.18 1737.16 1475.57 1347.69 127.878 261.587 127.085 134.502
internal_count=14102 11748 9990 9210 780 1758 866 892
cat_boundaries=0 1 2
cat_threshold=16 1
is_linear=0
shrinkage=0.05


Tree=89
num_leaves=12
num_cat=2
split_feature=0 40 43 43 39 25 0 5 36 36 39
split_gain=25.8765 21.3886 23.9979 37.6687 34.5963 21.6822 16.2815 14.8613 12.5951 9.12983 4.41478
threshold=0 130.55000000000004 17.750000000000004 17.600000000000005 18.850000000000005 7.2076385000000007 1 0.97648852793709995 99.500000000000014 98.500000000000014 21.250000000000004
decision_type=1 2 2 2 2 2 1 2 2 2 2
left_child=1 2 3 -1 -4 -3 7 8 -2 -9 -7
right_child=6 5 4 -5 -6 10 -8 9 -10 -11 -12
leaf_value=0.0034316745205569283 -0.0068681155702257305 -0.081705652799705056 -0.00053666013370406898 -0.066619212216004114 0.034032816223392881 -0.022092141441089137 -0.037290066241553337 -0.012719950178696674 0.008728620022806919 -0.065104754362956221 0.0456563829421332
leaf_weight=615.03662768192589 588.15479037351906 12.760983593761923 130.94450857490301 18.808215230703354 160.72094974294305 3.2626723200082761 30.627199010923505 18.890549801290035 164.96881187334657 14.784524384886025 4.9113287702202797
leaf_count=4261 3509 66 1023 109 1500 17 2336 156 931 104 60
internal_value=-8.60302e-05 0.00551343 0.00672139 0.00125138 0.0185639 -0.0432474 -0.00655537 -0.00486133 -0.00344467 -0.036933 0.0191539
internal_weight=1763.87 946.445 925.51 633.845 291.665 20.935 817.426 786.799 753.124 33.6751 8.174
internal_count=14072 7036 6893 4370 2523 143 7036 4700 4440 260 77
cat_boundaries=0 1 2
cat_threshold=13 34
is_linear=0
shrinkage=0.05


Tree=90
num_leaves=12
num_cat=2
split_feature=0 39 39 40 39 37 4 0 40 38 42
split_gain=23.6569 27.8869 50.36 55.1569 48.6293 31.066 43.2399 10.6776 10.6599 28.4811 12.6994
threshold=0 25.250000000000004 23.550000000000004 75.050000000000011 20.650000000000002 25.500000000000004 -0.35846811432664222 1 2.1500000000000008 10.545833500000002 1.5000000000000002
decision_type=1 2 2 2 2 2 2 1 2 2 2
left_child=7 2 4 -4 -2 -3 -7 8 10 -10 -1
right_child=1 5 3 -5 -6 6 -8 -9 9 -11 -12
leaf_value=0.0066862512677260391 -0.0027809598276302017 -0.054420539384140376 -0.033807100069788806 0.041157096890564605 0.019813216049464219 -0.015507164106402186 0.04910562726738419 -0.036952925344406813 -0.012219598605589185 0.030352522156342182 -0.043217189463878765
leaf_weight=18.206019628793001 731.51359228789806 10.704835534095762 167.36646065860987 27.851703710854053 351.95747574232519 35.475537329912186 91.025315219536424 29.657315200194716 202.86350734718144 47.678809557110071 39.72662677615881
leaf_count=156 4777 46 879 216 2550 239 692 2342 1541 305 322
internal_value=-0.000216372 0.00264066 0.0003529 -0.0229567 0.00457009 0.0239957 0.0310063 -0.01188 -0.00828008 -0.00402956 -0.0276871
internal_weight=1754.03 1415.89 1278.69 195.218 1083.47 137.206 126.501 338.132 308.475 250.542 57.9326
internal_count=14065 9399 8422 1095 7327 977 931 4666 2324 1846 478
cat_boundaries=0 1 2
cat_threshold=48 32
is_linear=0
shrinkage=0.05


Tree=91
num_leaves=15
num_cat=2
split_feature=0 41 1 4 20 2 26 25 37 26 33 39 25 33
split_gain=24.5687 33.9166 25.9599 50.0866 28.5226 28.329 26.4273 24.9346 23.1665 22.4466 17.775 17.7402 15.7547 1.79026
threshold=0 132.00000000000003 1 -0.091260668982868137 33.350000000000001 10.500000000000002 13.450000000000001 6.8347225000000007 63.500000000000007 19.050000000000004 32.250000000000007 15.15 7.5159725000000011 31.750000000000004
decision_type=1 2 1 2 2 2 2 2 2 2 2 2 2 2
left_child=1 7 3 10 -5 6 -4 11 -7 -9 -2 -1 -3 -14
right_child=2 12 5 4 -6 8 -8 9 -10 -11 -12 -13 13 -15
leaf_value=-0.0093162001666506136 0.012467107595676137 -0.10128066619145795 -0.051996460975008478 -0.027758129769248407 0.0021551001363030895 -0.031156971941675406 -0.00537343101354203 -0.0090024831899761203 -0.12010374866121368 0.012840253941001342 0.04518215865220071 0.036789761252320585 -0.018115201882093052 0.037075667314464295
leaf_weight=25.343716450035572 177.67750390898436 9.3743876516818982 31.586304134689271 133.88039364572614 194.43330152984709 61.889758430421352 458.23583211284131 201.38225157931447 7.5733012640848747 279.99265615083277 53.736173392273486 108.3856206946075 1.9397254884243 2.1074332594871521
leaf_count=206 1514 47 254 1139 1592 546 3822 1373 66 2051 440 986 15 27
internal_value=-0.000684681 0.00715554 -0.0051091 0.00245724 -0.0100902 -0.0127635 -0.00847974 0.00903244 -0.0424214 0.00370267 0.0202255 0.0280477 -0.0685619 0.0122755
internal_weight=1747.54 628.526 1119.01 559.727 328.314 559.285 489.822 615.104 69.4631 481.375 231.414 133.729 13.4215 4.04716
internal_count=14078 4705 9373 4685 2731 4688 4076 4616 612 3424 1954 1192 89 42
cat_boundaries=0 1 2
cat_threshold=9 1
is_linear=0
shrinkage=0.05


Tree=92
num_leaves=15
num_cat=1
split_feature=44 39 39 40 39 19 39 5 0 5 4 4 21 32
split_gain=25.4028 32.5105 36.6691 60.3587 57.5966 27.835 35.0902 19.7131 12.7182 25.1044 12.0789 7.00961 3.86332 1.81342
threshold=46.600000000000001 25.250000000000004 23.550000000000004 75.050000000000011 20.650000000000002 26.649305500000001 27.450000000000006 -0.96687281075841669 0 0.42763731121559989 -0.35846811432664222 -0.43733984355855576 24.150000000000002 26.463690500000002
decision_type=2 2 2 2 2 2 2 2 1 2 2 2 2 2
left_child=1 2 4 -4 -1 10 7 -7 12 -10 13 -8 -3 -2
right_child=5 8 3 -5 -6 6 11 -9 9 -11 -12 -13 -14 -15
leaf_value=-0.0047516885259719418 0.0093292992672424201 0.029220967170546449 -0.033860711373857703 0.03827474272940231 0.017551124222588033 0.020417274482301975 -0.029714362642358605 -0.056277728746682291 -0.034114851456780081 0.054691800183294115 0.06210203177157736 0.021745467803823516 0.06050157034901147 -0.01952977848327235
leaf_weight=894.03906571958214 14.016356847248973 18.139405183494091 158.47225864510983 34.568056656047702 426.88745033275336 8.8831901485100371 7.6112874327227464 76.741720284800977 20.357659672386944 11.684310684911905 10.563648490235208 28.330147249624133 34.412996368482709 7.54268705099821
leaf_count=7154 134 110 1083 300 3659 90 46 512 229 122 104 301 239 62
internal_value=-0.000692792 0.0011787 -0.000515871 -0.0208126 0.0024638 -0.0200405 -0.0309336 -0.0481771 0.0311578 -0.000810502 0.0208733 0.0103385 0.0425132 -0.00118554
internal_weight=1752.25 1598.56 1513.97 193.04 1320.93 153.689 121.566 85.6249 84.5944 32.042 32.1227 35.9414 52.5524 21.559
internal_count=14145 12896 12196 1383 10813 1249 949 602 700 351 300 347 349 196
cat_boundaries=0 1
cat_threshold=7
is_linear=0
shrinkage=0.05


Tree=93
num_leaves=15
num_cat=1
split_feature=0 33 4 34 20 21 5 33 36 38 19 4 4 14
split_gain=26.618 23.139 32.8406 50.5772 44.4988 11.2492 10.5451 22.1377 20.2204 6.38732 5.83379 2.45827 1.90563 0.334299
threshold=0 36.850000000000001 0.80417553764032002 24.050000000000004 33.350000000000001 22.650000000000002 0.60383265664488517 31.850000000000005 93.500000000000014 9.7642855000000015 28.462500000000002 0.99966190462023474 -0.58482361983252518 15.550000000000002
decision_type=1 2 2 2 2 2 2 2 2 2 2 2 2 2
left_child=5 2 4 -4 -2 10 8 -8 -7 13 12 -11 -1 -3
right_child=1 9 3 -5 -6 6 7 -9 -10 11 -12 -13 -14 -15
leaf_value=-0.0068255129328018554 0.00028321517486946441 -0.017528009048939901 0.0050167827376339409 -0.036649153940334654 0.025318495508825908 -0.050943273645668009 -0.051826427618283447 0.025126140697158374 -0.0088407135230054081 0.044215653178020745 0.033353796710251654 -0.008210940060998 -0.050571111981844719 0.0034287886459607626
leaf_weight=3.1081090616062346 834.19801709800959 3.8983335457742205 165.8455775976181 128.57747016847134 224.47488374635577 31.980423769913614 10.772650807164608 44.69782080501318 216.32146758912131 43.396400218829513 1.7799145942553867 2.052313480526208 26.770954627543688 2.6531725376844406
leaf_count=49 5813 30 899 609 1401 415 138 529 2821 581 26 22 685 26
internal_value=-0.000290026 0.00275262 0.00150163 -0.0132416 0.00561043 -0.0127098 -0.0100512 0.00952844 -0.014446 0.0351814 -0.0410217 0.0417224 -0.046389 -0.00971092
internal_weight=1740.53 1405.1 1353.1 294.423 1058.67 335.431 303.772 55.4705 248.302 52.0002 31.659 45.4487 29.8791 6.55151
internal_count=14044 9381 8722 1508 7214 4663 3903 667 3236 659 760 603 734 56
cat_boundaries=0 1
cat_threshold=48
is_linear=0
shrinkage=0.05


Tree=94
num_leaves=11
num_cat=2
split_feature=0 7 36 39 4 0 5 36 36 11
split_gain=24.4537 24.27 23.3637 43.5897 23.28 14.0528 11.7233 14.0382 9.84356 2.55435
threshold=0 29.931250000000002 94.500000000000014 19.550000000000004 0.9916835347852474 1 0.98174098242282859 99.500000000000014 98.500000000000014 71.500000000000014
decision_type=1 2 2 2 2 1 2 2 2 2
left_child=1 2 4 -4 -1 6 7 -2 -8 -3
right_child=5 9 3 -5 -6 -7 8 -9 -10 -11
leaf_value=-0.0064024047923606532 -0.0076278937997724255 -0.011452222737095986 -0.004364211599438045 0.020479875212837027 -0.069477083631520484 -0.036345112717087576 -0.010152053545169005 0.0090214270765372421 -0.069087454877541685 0.053819091835597736
leaf_weight=178.91453228518367 580.00717464461923 1.2499355524778391 355.5117072314024 349.17069291323423 14.963615253567694 27.996312168892473 16.706561909988526 160.97782047837973 11.856770124286411 26.305639451369643
leaf_count=1010 3512 5 2667 2845 72 2339 138 917 90 416
internal_value=-0.000381262 0.00512035 0.00372912 0.00795763 -0.0116021 -0.00674782 -0.00517404 -0.00400357 -0.0361258 0.050561
internal_weight=1723.66 926.116 898.561 704.682 193.878 797.545 769.548 740.985 28.5633 27.5556
internal_count=14011 7015 6594 5512 1082 6996 4657 4429 228 421
cat_boundaries=0 1 2
cat_threshold=13 34
is_linear=0
shrinkage=0.05


Tree=95
num_leaves=15
num_cat=1
split_feature=0 32 33 42 38 39 34 34 5 20 13 36 19 37
split_gain=22.5 23.2359 41.7286 36.775 40.7102 27.4523 23.8382 9.56314 15.7806 17.1406 14.2947 8.12457 3.98819 4.33382
threshold=0 26.700297500000001 32.750000000000007 2.5000000000000004 6.8250000000000011 22.150000000000002 21.700000000000006 22.650000000000002 -0.18493013702746816 31.350000000000005 9.4125000000000032 96.500000000000014 29.110416500000003 59.500000000000007
decision_type=1 2 2 2 2 2 2 2 2 2 2 2 2 2
left_child=7 2 5 6 -5 -2 -3 12 10 -10 -9 -4 13 -1
right_child=1 3 11 4 -6 -7 -8 8 9 -11 -12 -13 -14 -15
leaf_value=-0.039463175157551461 -0.0096066596647514484 0.0038459523613059185 -0.060156299967906474 0.023429197856528101 -0.0024316692252472167 0.030175178529053354 0.050145117226908023 -0.031216475418479991 -0.025878923843376724 0.015120890009435152 -4.7897721828961646e-05 0.0056554955771035359 0.028183964840277954 0.025030253670739244
leaf_weight=43.226511063054204 225.09940211102366 45.512029681354761 40.95856674015522 188.43545384332538 773.06703223474324 52.661202870309353 71.166532374918461 96.331750962883234 33.803124711848795 94.4278714498505 59.14077722793445 5.095687896013259 1.8444155529141415 2.1143880970776072
leaf_count=999 1601 237 204 1467 4746 473 624 1405 397 1049 784 34 20 36
internal_value=-0.00044688 0.00234346 -0.00936663 0.00588755 0.00265563 -0.00198315 0.0322717 -0.0119517 -0.00877737 0.00419626 -0.0194362 -0.0529091 -0.0329394 -0.0359804
internal_weight=1732.88 1402 323.815 1078.18 961.502 277.761 116.679 330.889 283.704 128.231 155.473 46.0543 47.1853 45.3409
internal_count=14076 9386 2312 7074 6213 2074 861 4690 3635 1446 2189 238 1055 1035
cat_boundaries=0 1
cat_threshold=48
is_linear=0
shrinkage=0.05


Tree=96
num_leaves=14
num_cat=2
split_feature=0 40 38 1 4 33 26 2 38 26 25 39 13
split_gain=20.8684 31.0755 28.4262 23.7863 47.502 29.4659 23.3254 23.2944 16.461 15.7846 12.6092 12.5542 10.7234
threshold=0 132.00000000000003 6.4422620000000004 1 -0.091260668982868137 33.550000000000004 13.450000000000001 10.500000000000002 13.849107000000002 14.950000000000001 7.5159725000000011 17.750000000000004 8.2229170000000007
decision_type=1 2 2 1 2 2 2 2 2 2 2 2 2
left_child=1 2 12 4 8 -6 11 -8 -2 -4 -3 -5 -1
right_child=3 10 9 6 5 -7 7 -9 -10 -11 -12 -13 -14
leaf_value=0.043520595387771477 0.022445201399328655 -0.10058671542509577 -0.016064372076775475 -0.060041860697774424 -0.030346862035051738 0.0013317616658356009 -0.0050967036090467958 -0.040608153074026515 -0.052727833980676667 0.0081260061781185371 0.0058291163307174322 -0.0061640011366854005 -0.036098448580801683
leaf_weight=64.359735436737537 221.07298995601013 8.3318951204419118 78.226172812283039 35.419504627585411 111.86459575593472 209.73273414839059 452.20439896266907 50.494527842849493 6.6049465872347346 453.72152010723948 3.8173530250787726 15.729709682520477 3.7879439443349829
leaf_count=687 1909 41 505 301 985 1758 3817 448 46 3373 40 131 28
internal_value=-0.000622418 0.00671233 0.00847454 -0.00471377 0.00261513 -0.00974726 -0.0120587 -0.00873726 0.0200434 0.00454519 -0.0692499 -0.0439089 0.038637
internal_weight=1715.37 612.245 600.095 1103.12 549.275 321.597 553.848 502.699 227.678 531.948 12.1492 51.1492 68.1477
internal_count=14069 4674 4593 9395 4698 2743 4697 4265 1955 3878 81 432 715
cat_boundaries=0 1 2
cat_threshold=9 1
is_linear=0
shrinkage=0.05


Tree=97
num_leaves=13
num_cat=2
split_feature=44 39 39 4 39 39 5 39 21 5 1 1
split_gain=23.3651 31.0343 42.7727 52.5681 47.6804 25.9899 18 15.9332 8.84502 4.33417 3.81812 2.31915
threshold=46.250000000000007 25.250000000000004 23.550000000000004 0.98049069993378934 20.650000000000002 22.250000000000004 -0.95242240592625282 27.450000000000006 24.350000000000005 0.63089349388778826 0 1
decision_type=2 2 2 2 2 2 2 2 2 2 1 1
left_child=1 2 4 -4 -1 -2 11 -8 10 -10 -3 -7
right_child=5 8 3 -5 -6 6 7 -9 9 -11 -12 -13
leaf_value=-0.0034463992939220175 -0.071635281177481899 -0.0083804928316889068 -0.0077759575501647922 -0.070800688699820119 0.017157028676095559 0.054589138829993125 -0.028304448998286841 0.010206761696887532 0.035911815781862116 0.075227530123994843 0.026887565895871535 0.016030787854937431
leaf_weight=877.40840776730329 19.030315120704472 14.414013524539769 141.71313884528354 42.287344199605286 411.79549486935139 8.0113737182691693 91.70074253808707 37.206452111713588 39.902988114394248 9.3812409490346891 14.573262668214738 8.9829760529100895
leaf_count=7114 131 124 1058 275 3598 83 710 361 346 63 123 90
internal_value=-0.000347559 0.00155874 -8.10655e-05 -0.0225648 0.00314291 -0.0181809 -0.0107686 -0.017196 0.0320343 0.0447428 0.00965577 0.0362313
internal_weight=1716.41 1551.48 1473.2 184 1289.2 164.932 145.902 128.907 78.2715 49.2842 28.9873 16.9943
internal_count=14076 12701 12045 1333 10712 1375 1244 1071 656 409 247 173
cat_boundaries=0 1 2
cat_threshold=1 1
is_linear=0
shrinkage=0.05


Tree=98
num_leaves=15
num_cat=3
split_feature=39 44 34 5 44 35 35 21 1 1 25 21 27 1
split_gain=22.0216 32.7011 27.1545 46.0276 34.2091 21.3428 12.374 11.4444 15.2086 6.18994 6.48513 6.05802 5.91617 1.88778
threshold=14.950000000000001 29.700000000000003 23.350000000000005 0.47369649395226454 41.600000000000001 82.568452500000021 85.729166500000005 24.450000000000003 0 1 7.0979165000000011 22.650000000000002 4.2500000000000009 2
decision_type=2 2 2 2 2 2 2 2 1 1 2 2 2 1
left_child=5 6 4 -4 -3 9 11 8 -7 10 -1 -2 -11 -8
right_child=1 2 3 -5 -6 7 13 -9 -10 12 -12 -13 -14 -15
leaf_value=0.04740588485005956 0.011778730359281085 -0.0031652153587543013 0.0014877803180738348 0.03814050936914512 -0.036716854750462713 0.0091366189595171541 -0.0033214880018659527 -0.063050030372427679 -0.048631663904551009 -0.029840288071849665 -0.020358403085249561 0.045258387592695848 0.027061288929719787 -0.056407227079891646
leaf_weight=12.899851973168554 18.560167203657329 424.43402886576951 922.42393931746483 93.432577916420996 91.598948824685067 21.400590083561838 3.2000780869275323 26.244168560951948 22.729840011335909 11.953671814873816 4.0927165285684159 58.9843595540151 6.1288677956908932 2.8498209426179528
leaf_count=138 178 3396 7744 729 646 173 28 179 176 110 33 522 57 25
internal_value=0.000370302 0.00182068 0.000149408 0.00489308 -0.00918033 -0.0216578 0.0320835 -0.0373677 -0.0210358 0.0100244 0.0308603 0.0374971 -0.0101467 -0.0327818
internal_weight=1720.93 1615.48 1531.89 1015.86 516.033 105.45 83.5944 70.3746 44.1304 35.0751 16.9926 77.5445 18.0825 6.0499
internal_count=14134 13268 12515 8473 4042 866 753 528 349 338 171 700 167 53
cat_boundaries=0 1 2 3
cat_threshold=1 1 1
is_linear=0
shrinkage=0.05


Tree=99
num_leaves=15
num_cat=0
split_feature=44 39 39 39 4 37 4 2 40 34 29 4 5 5
split_gain=21.4602 28.4893 33.3693 50.028 47.5435 25.0822 30.3412 17.2059 10.8031 8.18443 5.76873 4.03071 3.86599 3.10347
threshold=46.250000000000007 25.250000000000004 23.550000000000004 20.650000000000002 0.98049069993378934 65.500000000000014 0.93237596376505805 6.5000000000000009 75.050000000000011 23.950000000000003 2.5000000000000004 -0.35846811432664222 0.6174544326165855 0.26659387353423863
decision_type=2 2 2 2 2 2 2 2 2 2 2 2 2 2
left_child=1 2 3 -1 -4 6 7 -2 -7 10 -3 -10 -11 -8
right_child=5 9 4 -5 -6 8 13 -9 11 12 -12 -13 -14 -15
leaf_value=-0.0033924382598877383 -0.070693716683784755 0.020517054949672726 -0.0054339194338235619 0.017877195882881759 -0.06518197851842826 -0.014605897359605638 0.010212004024390516 -0.025023986718597242 0.014794558703095885 0.03335811917180774 -0.032607024019064013 0.052317104059853292 0.067516889822626922 0.05356745256420984
leaf_weight=883.32590340310708 34.778922285418957 17.90293487068266 143.46846970915794 401.24623352335766 42.443390222266316 24.669064027257264 16.177218521013859 53.054045809432864 21.169416530057788 43.154735893011093 6.0294400434941045 10.857568034902213 11.500230383127926 4.8774907402694216
leaf_count=7132 224 157 1064 3559 277 162 203 423 198 374 53 108 78 65
internal_value=0.000134911 0.00196751 0.000390257 0.00326004 -0.0193501 -0.0169183 -0.0308655 -0.0436999 0.00993865 0.0311044 0.00636215 0.0287141 0.0416296 0.0222291
internal_weight=1714.66 1549.07 1470.48 1284.57 185.912 165.584 108.888 87.833 56.696 78.5873 23.9324 32.027 54.655 21.0547
internal_count=14077 12694 12032 10691 1341 1383 915 647 468 662 210 306 452 268
is_linear=0
shrinkage=0.05


Tree=100
num_leaves=14
num_cat=1
split_feature=0 6 5 6 43 6 19 38 4 34 4 20 2
split_gain=22.9504 20.7959 36.3671 30.0216 44.6764 26.9443 22.3851 15.8629 12.3056 22.5797 11.4852 16.5192 14.1897
threshold=0 2.5000000000000004 -0.97111920233974802 27.000000000000004 9.6000000000000032 1.5000000000000002 27.323611000000003 8.9562500000000025 0.99865421017599987 24.550000000000004 -0.30163705152652737 31.350000000000005 4.5000000000000009
decision_type=1 2 2 2 2 2 2 2 2 2 2 2 2
left_child=8 2 7 6 -5 -4 -3 -2 10 -10 11 -1 -12
right_child=1 3 5 4 -6 -7 -8 -9 9 -11 12 -13 -14
leaf_value=-0.021972354302282535 -0.013713111675711818 0.003082703620004049 0.0035894926484146654 -0.083229855008882858 -0.0030388029332014659 -0.034893670035844496 0.019532746940151082 -0.094129735030424821 0.11605598078222504 -0.044988689748139105 -0.0099713701495920456 0.011075819677486588 -0.039036416570964967
leaf_weight=65.214929611422122 10.424253173172476 440.27230277657509 273.79581504687667 18.264147579669952 177.43998207896948 53.514262944459915 389.75313385203481 15.385268211364744 4.0381177105009547 3.0974966920912266 103.76187265757471 87.200116137973964 70.672493915539235
leaf_count=801 58 3263 1745 75 1211 281 2674 67 41 45 1642 896 1323
internal_value=0.000182203 0.0030452 -0.00738403 0.00666894 -0.0109077 -0.00278951 0.0108213 -0.0633731 -0.0113631 0.0492111 -0.0131782 -0.00311579 -0.0219025
internal_weight=1712.83 1378.85 353.12 1025.73 195.704 327.31 830.025 25.8095 333.985 7.13561 326.849 152.415 174.434
internal_count=14122 9374 2151 7223 1286 2026 5937 125 4748 86 4662 1697 2965
cat_boundaries=0 1
cat_threshold=48
is_linear=0
shrinkage=0.05


Tree=101
num_leaves=13
num_cat=2
split_feature=0 32 36 43 42 5 0 35 19 30 37 9
split_gain=21.4714 19.9974 25.7337 29.8869 21.6642 14.9564 14.0234 12.8615 6.97227 4.26879 2.85923 0.908275
threshold=0 29.595238000000005 94.500000000000014 4.7500000000000009 2.5000000000000004 0.98005052076767474 1 88.678571500000018 27.609722500000004 20.250000000000004 41.500000000000007 28.050000000000004
decision_type=1 2 2 2 2 2 1 2 2 2 2 2
left_child=1 2 4 -4 -1 6 7 -2 9 -7 -10 -3
right_child=5 11 3 -5 -6 8 -8 -9 10 -11 -12 -13
leaf_value=0.010917606445912402 -0.0023097051248927502 0.051802981989509125 0.029811783125374899 0.003312322861697586 -0.024444898036285287 -0.063918895839772769 -0.035271791188349826 -0.04831955753182119 -0.045777630181081233 0.011732406902490944 0.0095391783008659161 0.0019799077380320759
leaf_weight=65.120119702070951 721.69368992745876 22.342158980667595 130.229796230793 564.13754950836301 125.5793262720108 18.011357019189752 25.315842119976878 14.520447514951227 2.1919923746027035 1.7541308887302864 7.8430352434515953 1.036552496254443
leaf_count=435 4379 416 992 4536 613 213 2236 90 30 22 81 27
internal_value=-0.000187986 0.0050302 0.00385046 0.00831807 -0.0123753 -0.00616294 -0.00485237 -0.00323756 -0.0404097 -0.0569634 -0.00559732 0.0497658
internal_weight=1699.78 908.446 885.067 694.367 190.699 791.33 761.53 736.214 29.8005 19.7655 10.035 23.3787
internal_count=14070 7019 6576 5528 1048 7051 6705 4469 346 235 111 443
cat_boundaries=0 1 2
cat_threshold=13 34
is_linear=0
shrinkage=0.05


Tree=102
num_leaves=15
num_cat=0
split_feature=14 30 36 34 44 39 25 4 17 33 40 32 36 44
split_gain=21.178 26.4408 29.8562 26.1008 40.1897 39.7294 40.4579 37.2475 25.4049 21.7807 18.1561 11.348 18.4796 10.2458
threshold=15.050000000000002 0.8500000000000002 99.500000000000014 23.350000000000005 41.600000000000001 18.750000000000004 6.8013890000000012 0.97875492728876534 27.200000000000003 31.650000000000002 130.55000000000004 27.260119500000005 96.500000000000014 43.750000000000007
decision_type=2 2 2 2 2 2 2 2 2 2 2 2 2 2
left_child=1 11 10 4 8 6 -5 -7 -2 -4 -3 12 -1 -6
right_child=3 2 9 5 13 7 -8 -9 -10 -11 -12 -13 -14 -15
leaf_value=-0.059799475986932138 0.041266879381386262 -0.017123401183925659 -0.023744199395865459 0.025047804449053197 -0.059276684061252284 0.020231275666224235 -0.040894978090899779 -0.013956209635753173 -0.0036082295052591268 0.015354243523052789 -0.063688926567093004 0.034716148148066749 0.012889438505065727 -0.022755148852611096
leaf_weight=9.3166331183165294 35.437532785348594 348.58950478350744 47.776297632604837 34.170279381796718 31.529405240435153 491.21388044254854 68.399153392761946 94.321023049298674 233.75953692290932 131.26816956652328 21.474462160374969 42.841015823185444 56.376161514781415 52.425329954829067
leaf_count=66 304 2768 421 307 212 4368 466 744 1821 1170 139 388 542 376
internal_value=-0.000421724 -0.00743986 -0.0118973 0.00401371 -0.00702337 0.00968018 -0.0188969 0.0147098 0.00243007 0.00484727 -0.0199899 0.0150146 0.00183854 -0.0370072
internal_weight=1698.9 657.642 549.108 1041.26 353.152 688.104 102.569 585.535 269.197 179.044 370.064 108.534 65.6928 83.9547
internal_count=14092 5494 4498 8598 2713 5885 773 5112 2125 1591 2907 996 608 588
is_linear=0
shrinkage=0.05


Tree=103
num_leaves=15
num_cat=0
split_feature=44 22 4 32 37 4 2 39 38 41 4 14 20 34
split_gain=18.5224 23.7755 28.1772 35.0625 21.2886 27.0489 19.6077 11.8287 10.9236 10.3657 4.62018 4.40126 3.04172 1.54978
threshold=46.250000000000007 89.048611500000007 -0.94139628442229051 26.623214000000004 65.500000000000014 0.92602006027323125 6.5000000000000009 17.050000000000004 7.3169645000000001 81.550000000000011 -0.61237985104942771 16.050000000000004 30.750000000000004 23.150000000000002
decision_type=2 2 2 2 2 2 2 2 2 2 2 2 2 2
left_child=1 2 7 -4 5 6 -2 -1 11 -6 -10 -3 -11 -7
right_child=4 8 3 -5 9 13 -8 -9 10 12 -12 -13 -14 -15
leaf_value=-0.012401811442364186 -0.071310318838014058 -0.035871257012381606 -0.016523722026898127 0.0041518350499623203 -0.013213436201234309 -0.0073254539303272458 -0.022148915610196981 0.034349931921684569 0.021467956982995202 0.0077954785692986688 -0.028153294215478415 -0.092375106789805331 0.042318219342845652 0.024964555805659268
leaf_weight=15.419351240620015 33.115151795558631 8.9813481010496634 248.84121619258076 1142.8953958912753 25.978813729248941 4.1066794479265836 53.544844510965049 88.261735363863409 6.3801001096144345 10.605489587411286 12.226625930983571 8.055770240724085 17.336954195052385 18.576172837987542
leaf_count=127 226 71 2121 9314 181 41 425 847 56 107 93 66 176 240
internal_value=-0.000356652 0.00135435 0.00232787 0.000445855 -0.0163127 -0.028906 -0.041534 0.027345 -0.0384378 0.00928556 -0.0109114 -0.0662285 0.0299373 0.0190561
internal_weight=1694.33 1531.06 1495.42 1391.74 163.264 109.343 86.66 103.681 35.6438 53.9213 18.6067 17.0371 27.9424 22.6829
internal_count=14091 12695 12409 11435 1396 932 651 974 286 464 149 137 283 281
is_linear=0
shrinkage=0.05


Tree=104
num_leaves=11
num_cat=2
split_feature=0 33 36 41 4 0 24 34 34 32
split_gain=20.1289 20.1382 16.4734 32.2562 25.4956 12.9291 12.0089 11.0755 0.863334 0.540208
threshold=0 36.850000000000001 94.500000000000014 6.4500000000000011 0.78857998149907527 1 74.500000000000014 20.350000000000005 27.300000000000004 28.529166500000006
decision_type=1 2 2 2 2 1 2 2 2 2
left_child=1 2 4 -4 -1 6 7 -2 9 -3
right_child=5 8 3 -5 -6 -7 -8 -9 -10 -11
leaf_value=0.010189117040385097 -0.038325104190233536 0.0094900923332629089 0.031245717447913053 0.0023113609326831709 -0.026524992781466056 -0.035364596906093143 -0.080456284596074318 -0.0030300385696587005 0.0012386491277289807 0.051441260077879483
leaf_weight=87.519906166940928 21.936429826542735 1.3177837878465712 114.65417775511742 577.43205008283257 100.82282390445471 25.564252269919962 4.1893905997276297 731.76630342192948 1.0095982365310181 23.147481501102448
leaf_count=510 208 17 912 4620 491 2337 23 4423 28 458
internal_value=-0.000231628 0.00481884 0.00357573 0.00714293 -0.00950081 -0.00605439 -0.00457395 -0.00410672 0.0478439 0.049643
internal_weight=1689.36 905.904 880.429 692.086 188.343 783.456 757.892 753.703 25.4749 24.4653
internal_count=14027 7036 6533 5532 1001 6991 4654 4631 503 475
cat_boundaries=0 1 2
cat_threshold=13 34
is_linear=0
shrinkage=0.05


Tree=105
num_leaves=9
num_cat=1
split_feature=0 38 14 34 33 34 39 39
split_gain=17.7505 17.2884 27.5903 27.8131 25.1852 20.9067 13.8758 10.0917
threshold=0 6.4422620000000004 15.050000000000002 20.850000000000005 31.950000000000003 23.950000000000003 18.350000000000005 17.350000000000005
decision_type=1 2 2 2 2 2 2 2
left_child=-1 4 5 -4 6 -3 -2 -6
right_child=1 2 3 -5 7 -7 -8 -9
leaf_value=-0.035132861496359656 0.003138709859590267 -0.0028786560224388922 -0.030731738013133388 0.005463315342147469 0.01138272020507885 -0.023909109514140835 -0.044121350582239413 0.037960923749946383
leaf_weight=25.047866112552583 56.829059336334467 297.15373924933374 55.43599371239543 892.60261903330684 68.752450563013554 195.55695065110922 20.312262911349535 76.140390269458294
leaf_count=2369 459 2114 357 6227 564 1212 139 658
internal_value=-0.000422254 0.000330598 -0.00167167 0.00331668 0.0132871 -0.0112572 -0.00971083 0.0255139
internal_weight=1687.83 1662.78 1440.75 948.039 222.034 492.711 77.1413 144.893
internal_count=14099 11730 9910 6584 1820 3326 598 1222
cat_boundaries=0 1
cat_threshold=16
is_linear=0
shrinkage=0.05


Tree=106
num_leaves=15
num_cat=3
split_feature=0 4 1 4 8 40 38 13 44 44 39 39 0 5
split_gain=20.6113 22.2663 24.3978 36.9157 31.8711 22.1571 21.358 17.7966 14.4529 13.7158 14.1799 9.18765 6.59233 1.9553
threshold=0 -0.90163369914317004 1 -0.091260668982868137 33.350000000000001 130.55000000000004 6.4553575000000007 8.2229170000000007 34.400000000000013 40.850000000000009 17.650000000000002 21.250000000000004 2 0.029024409397335454
decision_type=1 2 1 2 2 2 2 2 2 2 2 2 1 2
left_child=5 9 3 -3 -4 6 7 -1 -8 10 -2 -7 -11 -13
right_child=1 2 4 -5 -6 11 8 -9 -10 12 -12 13 -14 -15
leaf_value=0.0433040583763626 -0.0014044030344457364 0.020937292078090735 -0.023312790688300111 -0.0085387439275015371 0.0047808541494819548 -0.077663739766022796 -0.0080568311550913724 -0.059228334941558117 0.010814385352885402 0.0077570000261058397 0.039384181703611278 0.036462647721300707 -0.02778974234257563 -0.023028562666232516
leaf_weight=59.197849947959185 32.336163252126426 158.61385924555361 328.14042980642989 316.5625845529139 145.18602054473013 9.5906373262405378 137.6082836613059 3.6963523104786864 378.87526460178196 24.000048566609621 61.098291204310954 2.0876104012131687 12.854336500167845 1.5974838286638258
leaf_count=681 254 1374 2822 2739 1278 44 870 28 2989 163 556 31 153 18
internal_value=0.000127811 -0.00397923 -0.00668138 0.00132366 -0.0147036 0.00753791 0.00916649 0.0364455 0.00578062 0.0152904 0.0254025 -0.0539196 -0.0103399 0.0112626
internal_weight=1671.45 1078.79 948.503 475.176 473.326 592.653 579.378 62.8942 516.484 130.289 93.4345 13.2757 36.8544 3.68509
internal_count=14000 9339 8213 4113 4100 4661 4568 709 3859 1126 810 93 316 49
cat_boundaries=0 1 2 3
cat_threshold=9 1 6
is_linear=0
shrinkage=0.05


Tree=107
num_leaves=13
num_cat=3
split_feature=0 40 13 26 24 4 32 0 25 39 1 12
split_gain=19.7677 18.0613 18.3778 17.2365 14.7513 15.5019 19.0068 11.2624 10.9854 9.3267 0.404855 0.054543
threshold=0 130.55000000000004 6.7937500000000011 14.950000000000001 74.500000000000014 -0.90163369914317004 27.223809500000005 1 7.7979165000000004 15.450000000000001 2 71.500000000000014
decision_type=1 2 2 2 2 2 2 1 2 2 1 2
left_child=1 2 9 -4 5 7 -7 -2 11 -1 -6 -3
right_child=4 8 3 -5 10 6 -8 -9 -10 -11 -12 -13
leaf_value=-0.0038247222156315795 0.022710289615873656 -0.041264317170398863 -0.026622350285237375 0.0068087410421414467 -0.040384833041585563 -0.014805654407111372 -0.00027522605582078294 -0.0067705496066157297 0.029917140700637945 0.030038167749484829 -0.09979367374995933 -0.08140671077872684
leaf_weight=24.30073769390583 77.972266878932714 3.9500087127089483 41.755016401410103 392.71765484474599 2.8313195146620265 366.20376918604597 581.48573899175972 48.687348220963031 2.9096123799681655 117.28919268399477 2.5723005305044353 6.3920270204544067
leaf_count=198 559 23 260 2993 24 3245 4954 553 38 1106 23 31
internal_value=-0.000108922 0.00717932 0.00866267 0.00354209 -0.00411803 -0.00370162 -0.00589973 0.0126623 -0.0483491 0.0242403 -0.079833 -0.0710648
internal_weight=1669.07 589.314 576.063 434.473 1079.75 1074.35 947.69 126.66 13.2516 141.59 5.40362 10.342
internal_count=14007 4649 4557 3253 9358 9311 8199 1112 92 1304 47 54
cat_boundaries=0 1 2 3
cat_threshold=9 6 1
is_linear=0
shrinkage=0.05


Tree=108
num_leaves=13
num_cat=1
split_feature=44 39 39 40 39 5 39 4 0 5 2 21
split_gain=17.7335 21.5593 23.4728 46.6027 35.5151 20.1126 17.8232 21.0985 10.708 21.6218 10.0852 5.74935
threshold=46.600000000000001 25.250000000000004 23.550000000000004 75.050000000000011 20.650000000000002 0.38043945030393422 26.250000000000004 -0.43733984355855576 0 0.6174544326165855 6.5000000000000009 24.150000000000002
decision_type=2 2 2 2 2 2 2 2 1 2 2 2
left_child=1 2 4 -4 -1 6 10 -8 11 -10 -2 -3
right_child=5 8 3 -5 -6 -7 7 -9 9 -11 -12 -13
leaf_value=-0.0033981202542982115 -0.069965123848705346 0.020880843417425507 -0.028366693456118999 0.035703278772502588 0.014650188150379363 -0.066195468042316116 -0.041152809741610716 0.024512748088673819 -0.025776953516248993 0.070293941662889006 -0.018578663590194756 0.058017512020773543
leaf_weight=860.38352063577622 11.084284710232167 18.050537094473839 153.09397258190438 33.890440160408616 397.78467334387824 17.212780389003456 15.210649789776651 49.128444455564022 23.752019204664979 6.6736567458137861 52.316772916354239 30.375555545091629
leaf_count=7109 72 115 1075 310 3606 123 113 524 268 82 407 236
internal_value=-0.000341751 0.00125197 -0.000145384 -0.016626 0.00231517 -0.0169915 -0.0098987 0.00859626 0.026543 -0.00238065 -0.0285094 0.0373257
internal_weight=1668.96 1524 1445.15 186.984 1258.17 144.953 127.74 64.3391 78.8518 30.4257 63.4011 48.4261
internal_count=14040 12801 12100 1385 10715 1239 1116 637 701 350 479 351
cat_boundaries=0 1
cat_threshold=7
is_linear=0
shrinkage=0.05


Tree=109
num_leaves=9
num_cat=1
split_feature=0 6 43 39 27 8 34 15
split_gain=16.8919 15.9016 32.5781 28.2791 17.0121 18.5343 8.22526 3.70211
threshold=0 27.000000000000004 9.6000000000000032 18.750000000000004 47.250000000000007 33.150000000000013 24.350000000000005 1.4500000000000002
decision_type=1 2 2 2 2 2 2 2
left_child=-1 4 7 -4 5 -2 -6 -3
right_child=1 2 3 -5 6 -7 -8 -9
leaf_value=-0.034542466099662078 -0.0032267737651892241 -0.023575713635718754 -0.025635667976494182 0.010426998999734143 0.01388244480398235 0.0090876847228187497 0.047308549219885317 -0.082901261963780989
leaf_weight=23.749162308406085 843.32035140972584 4.3401381149888065 96.581435680389404 121.85609834454954 68.637843146920204 477.86582046281546 24.903477985411882 15.175452724099157
leaf_count=2342 5970 20 623 902 542 3422 182 71
internal_value=-4.06451e-05 0.000680505 -0.0112466 -0.00556215 0.00269794 0.0012308 0.0231877 -0.0714999
internal_weight=1676.43 1652.68 237.953 218.438 1414.73 1321.19 93.5413 19.5156
internal_count=14074 11732 1616 1525 10116 9392 724 91
cat_boundaries=0 1
cat_threshold=16
is_linear=0
shrinkage=0.05


Tree=110
num_leaves=9
num_cat=1
split_feature=0 8 4 34 4 36 19 34
split_gain=16.0676 16.1026 42.3454 31.8823 29.5135 36.8356 29.3791 29.2906
threshold=0 33.150000000000013 0.022575936829235404 23.550000000000004 0.75014288946266361 96.500000000000014 27.575694500000004 24.450000000000003
decision_type=1 2 2 2 2 2 2 2
left_child=-1 2 3 -2 6 -6 -3 -4
right_child=1 4 7 -5 5 -7 -8 -9
leaf_value=-0.03415907032753121 -0.0060846491937899226 -0.023980504944223394 -0.0056763660267124903 0.015801842960809855 -0.00923897291615868 0.03504688461741131 0.033030794367841364 -0.032245919519039275
leaf_weight=22.962929117958993 311.55606414191425 25.84195545502007 341.91710172966123 355.11567315459251 253.38996978104115 56.58385844156146 149.60240099392831 148.26371641457081
leaf_count=2346 2426 172 2201 2777 1825 396 1079 840
internal_value=-0.000117423 0.000583381 -0.00262052 0.00557982 0.00822063 -0.00106815 0.024545 -0.0137621
internal_weight=1665.23 1642.27 1156.85 666.672 485.418 309.974 175.444 490.181
internal_count=14062 11716 8244 5203 3472 2221 1251 3041
cat_boundaries=0 1
cat_threshold=16
is_linear=0
shrinkage=0.05


Tree=111
num_leaves=15
num_cat=2
split_feature=0 25 33 44 34 26 5 36 4 34 36 40 25 1
split_gain=19.9019 20.4379 32.5652 28.0901 50.6635 29.2769 25.4233 18.1328 8.65619 15.8662 9.58362 13.6628 12.1231 0.982388
threshold=0 6.8013890000000012 32.350000000000001 34.400000000000013 23.850000000000005 16.550000000000004 -0.19337245081799001 95.500000000000014 0.99865421017599987 24.550000000000004 99.500000000000014 115.65000000000002 8.6750000000000025 1
decision_type=1 2 2 2 2 2 2 2 2 2 2 2 2 1
left_child=8 2 6 4 -3 -5 -2 -4 10 13 12 -12 -1 -10
right_child=1 3 7 5 -6 -7 -8 -9 9 -11 11 -13 -14 -15
leaf_value=-0.029906435354365209 -0.030200241247900605 0.0022251273360979693 -0.02699866547850921 -0.02421589928234175 -0.046309756144230108 0.0070836806648602105 0.01174702021434653 0.036998279131787881 0.036404922931050798 -0.043675090200593764 -0.0027344040507654519 0.080564610029883799 -0.0071609485119256428 0.11296959203872288
leaf_weight=105.97103635105304 50.251944530755281 143.14958337321877 11.380471438169478 82.336701977998018 85.03058909624815 722.28290559351444 121.35662066191435 130.08030517399311 2.0492798378691068 2.871025575324893 72.339914392214268 4.2782289851456872 131.38550390675664 2.4149199444800615
leaf_count=1823 336 879 58 531 437 5114 983 1031 22 45 953 34 1821 23
internal_value=0.000151311 0.00283529 0.0140255 -0.000539633 -0.0159844 0.00385471 -0.00064015 0.0316964 -0.0108173 0.0393179 -0.0124532 0.00289491 -0.0173988 0.0909174
internal_weight=1667.18 1345.87 313.069 1032.8 228.18 804.62 171.609 141.461 321.31 7.33523 313.975 76.6181 237.357 4.4642
internal_count=14090 9369 2408 6961 1316 5645 1319 1089 4721 90 4631 987 3644 45
cat_boundaries=0 1 2
cat_threshold=48 1
is_linear=0
shrinkage=0.05


Tree=112
num_leaves=10
num_cat=2
split_feature=0 7 43 4 43 0 38 38 10
split_gain=16.3122 20.1135 17.325 32.899 30.2943 10.6559 9.32946 12.7179 1.79193
threshold=0 29.931250000000002 17.750000000000004 -0.66528616069191593 17.600000000000005 1 14.349107500000001 10.886607000000003 55.187500000000007
decision_type=1 2 2 2 2 1 2 2 2
left_child=1 2 4 -4 -1 6 7 -2 -3
right_child=5 8 3 -5 -6 -7 -8 -9 -10
leaf_value=0.00031084642061870549 -0.0067340621222798771 -0.0052771462354884906 -0.009816531141881038 0.025377204120655406 -0.063004067234250657 -0.03359302803264904 -0.058887329907514711 0.01021918557604517 0.052603735845311639
leaf_weight=552.70932941511273 606.01899902150035 1.2359158694744135 101.29511515796185 189.38816986978054 18.560772065073252 21.856670998036861 6.7292506322264662 134.34582567773759 21.967974225059152
leaf_count=3875 3812 5 1068 1571 113 2338 43 811 409
internal_value=-0.000181282 0.00442272 0.00320648 0.0131215 -0.00185278 -0.00546636 -0.004168 -0.00364811 0.0494302
internal_weight=1654.11 885.157 861.953 290.683 571.27 768.951 747.094 740.365 23.2039
internal_count=14045 7041 6627 2639 3988 7004 4666 4623 414
cat_boundaries=0 1 2
cat_threshold=13 34
is_linear=0
shrinkage=0.05


Tree=113
num_leaves=14
num_cat=1
split_feature=44 39 39 39 44 32 5 39 34 1 5 19 4
split_gain=16.4566 20.4274 20.1996 30.5168 41.0692 30.0156 15.2109 14.0536 7.88841 4.67598 3.08375 2.90783 1.0808
threshold=46.250000000000007 22.250000000000004 25.250000000000004 23.550000000000004 39.800000000000004 27.103274000000003 -0.95242240592625282 27.450000000000006 23.950000000000003 0 0.42763731121559989 26.659027500000004 -0.98523971305672664
decision_type=2 2 2 2 2 2 2 2 2 1 2 2 2
left_child=2 12 3 5 -5 -1 11 -8 9 -4 -10 -3 -2
right_child=1 6 8 4 -6 -7 7 -9 10 -11 -12 -13 -14
leaf_value=-0.0062899754503226088 -0.024302496915362733 0.065598083732795673 -0.020430151622164324 -0.073518433891932661 -0.0090094234658538285 0.0093198281291331543 -0.025869187883083261 0.01104430600830035 0.026731431243996857 0.023182624075667985 0.054437029527775405 0.018313366601028343 -0.07194170332586193
leaf_weight=553.00301381805912 2.7471573706716326 4.7699641697108737 10.950685408432037 28.534444332122803 152.3115422539413 692.52877150429413 88.790670232847333 35.508547318633646 30.841394734103233 11.662327060010284 17.921248712576926 10.236188868992029 14.379234807332976
leaf_count=4883 22 51 101 179 1152 5826 714 363 294 106 141 117 107
internal_value=-0.000710434 -0.0160883 0.000905355 -0.000401906 -0.0195362 0.00238975 -0.00951731 -0.0153201 0.0266744 0.00209171 0.0378031 0.0365029 -0.0660624
internal_weight=1654.19 156.432 1497.75 1426.38 180.846 1245.53 139.305 124.299 71.3757 22.613 48.7626 15.0062 17.1264
internal_count=14056 1374 12682 12040 1331 10709 1245 1077 642 207 435 168 129
cat_boundaries=0 1
cat_threshold=1
is_linear=0
shrinkage=0.05


Tree=114
num_leaves=15
num_cat=1
split_feature=0 6 5 8 6 42 26 5 4 2 43 32 44 40
split_gain=17.0654 20.8703 27.922 28.7417 25.7848 21.9023 14.6543 12.528 9.08775 15.1769 31.055 13.232 8.5263 8.02977
threshold=0 2.5000000000000004 -0.96234030595689413 33.350000000000001 1.5000000000000002 2.5000000000000004 15.850000000000003 0.6174544326165855 -0.30163705152652737 4.5000000000000009 5.7500000000000009 27.586607500000003 45.550000000000004 115.65000000000002
decision_type=1 2 2 2 2 2 2 2 2 2 2 2 2 2
left_child=8 4 6 -4 5 -2 -3 -6 11 10 -10 13 -11 -1
right_child=1 2 3 -5 7 -7 -8 -9 9 12 -12 -13 -14 -15
leaf_value=-0.010143871222990763 0.023915575247545878 -0.0045117876985587557 -0.0011395749356791737 0.021515954415414366 -0.052307521561001817 -0.0094528603967940269 0.041102962144156124 -0.00082044836320820439 -0.021215858674750059 -0.044027049573039399 0.043378288763229716 0.049558411689731241 0.010328574523055519 0.028653876668197284
leaf_weight=120.48547437507659 62.388789197430015 22.44900630787015 729.06306709721684 172.23567237518728 42.217360213398933 218.40640462003648 77.632665686309338 16.30433351546526 81.102138360962272 56.958280433900654 23.077753927092999 10.674273902550338 7.8538097669370464 14.009818115737287
leaf_count=1434 476 130 5099 1381 213 1363 661 98 1288 1143 415 102 142 146
internal_value=-0.000116318 0.00235909 0.00600731 0.00320888 -0.00832409 -0.0019803 0.0309278 -0.0382178 -0.0103991 -0.0185756 -0.00663069 -0.00153031 -0.0373835 -0.00592082
internal_weight=1654.86 1340.7 1001.38 901.299 339.317 280.795 100.082 58.5217 314.162 168.992 104.18 145.17 64.8121 134.495
internal_count=14091 9421 7271 6480 2150 1839 791 311 4670 2988 1703 1682 1285 1580
cat_boundaries=0 1
cat_threshold=48
is_linear=0
shrinkage=0.05


Tree=115
num_leaves=14
num_cat=1
split_feature=10 44 4 32 39 39 5 17 1 22 44 4 39
split_gain=16.0441 16.4006 23.9966 32.3808 18.046 14.2559 13.8782 8.10518 9.56253 2.32813 1.56639 1.26442 0.966121
threshold=90.645833500000023 46.250000000000007 -0.94139628442229051 26.623214000000004 22.250000000000004 17.050000000000004 -0.95242240592625282 30.800000000000004 0 88.270833500000023 33.300000000000004 -0.98523971305672664 18.350000000000005
decision_type=2 2 2 2 2 2 2 2 1 2 2 2 2
left_child=1 2 5 -4 11 -1 -6 8 12 -9 -10 -3 -2
right_child=7 4 3 -5 6 -7 -8 9 10 -11 -12 -13 -14
leaf_value=-0.016761936704306143 0.040858707208090102 -0.020912273157860851 -0.015875730262543394 0.003832750901066332 0.03482050001675021 0.033137019082660139 -0.014460620349243898 -0.034343322456411134 -0.07420015151281624 -0.091824839907196518 -0.019797229269489444 -0.067384596101481398 0.0015819941045838643
leaf_weight=16.477040894329548 4.1317520374432224 2.8835348915308741 255.76652021892369 1105.6617204668 15.190712644718586 86.359790513291955 122.77666086750105 4.8904423546046001 2.9899272569455206 5.7960140453651547 3.4895065114833415 14.775691343937067 2.3728719791397452
leaf_count=142 31 24 2201 9278 174 859 1059 33 22 42 30 113 24
internal_value=-0.000364556 0.000244758 0.00188846 0.000121256 -0.0151339 0.0250575 -0.00882307 -0.0403826 -0.012151 -0.0707092 -0.0514655 -0.0613237 0.0286507
internal_weight=1643.56 1619.89 1464.27 1361.43 155.627 102.837 137.967 23.6705 12.9841 10.6865 6.47943 17.6592 6.50462
internal_count=14032 13850 12480 11479 1370 1001 1233 182 107 75 52 137 55
cat_boundaries=0 1
cat_threshold=1
is_linear=0
shrinkage=0.05


Tree=116
num_leaves=15
num_cat=1
split_feature=12 2 1 20 34 38 34 37 5 8 39 22 13 14
split_gain=17.5302 16.7868 35.2607 31.1007 28.1669 25.0672 23.4832 20.2549 11.4621 11.5937 7.07303 5.54408 2.43514 1.90152
threshold=75.500000000000014 6.5000000000000009 0 33.350000000000001 24.550000000000004 6.9395835000000003 23.550000000000004 64.500000000000014 -0.93543596745397617 27.850000000000005 22.350000000000005 88.229166500000005 13.200000000000001 20.450000000000003
decision_type=2 2 1 2 2 2 2 2 2 2 2 2 2 2
left_child=1 3 7 4 -1 -5 -4 -3 11 13 -11 12 -2 -10
right_child=8 2 6 5 -6 -7 -8 -9 9 10 -12 -13 -14 -15
leaf_value=-0.0072275114157500627 -0.01833454975954139 0.029663714271977309 -0.017935605770055225 0.04016548955724334 -0.040915479251027731 0.0013094910093241841 0.0096795545465598529 0.0025439751156566028 -0.00070161762354025098 -0.053863953982520342 -0.016534099886062376 0.04420798472015821 0.025555224145070582 0.039969811654505527
leaf_weight=312.76167799951509 11.369355275761338 188.34569123759866 155.49011009000242 44.182494735810906 76.609150206902996 511.36521889665164 150.62285271193832 108.50468014925718 9.8998334961943311 36.052981432992965 21.121610462665558 6.8442816426977506 3.2942616604268542 3.0301588396541765
leaf_count=2459 98 1833 1404 445 528 4242 1395 973 86 283 175 69 31 32
internal_value=-0.000231428 0.0010322 0.00754379 -0.0031265 -0.0139435 0.00446631 -0.0043603 0.0197927 -0.0213622 -0.0310549 -0.0405947 0.0102068 -0.00747246 0.0110149
internal_weight=1639.49 1547.88 602.963 944.919 389.371 555.548 306.113 296.85 91.6125 70.1046 57.1746 21.5079 14.6636 12.93
internal_count=14053 13279 5605 7674 2987 4687 2799 2806 774 576 458 198 129 118
cat_boundaries=0 1
cat_threshold=1
is_linear=0
shrinkage=0.05


Tree=117
num_leaves=15
num_cat=0
split_feature=8 2 25 43 36 5 32 42 26 34 5 44 32 34
split_gain=15.3814 33.6079 28.8347 61.9961 24.3664 33.706 30.8521 27.2429 20.0777 18.7582 27.9577 26.5846 14.0201 12.1793
threshold=33.150000000000013 6.5000000000000009 7.7847220000000013 18.250000000000004 94.500000000000014 0.6174544326165855 27.859821000000004 2.5000000000000004 15.050000000000002 23.550000000000004 -0.34234976856068172 31.150000000000002 29.248512000000002 24.050000000000004
decision_type=2 2 2 2 2 2 2 2 2 2 2 2 2 2
left_child=1 2 8 -4 5 7 -7 -2 -1 10 -3 -11 13 -6
right_child=4 9 3 -5 12 6 -8 -9 -10 11 -12 -13 -14 -15
leaf_value=-0.019443613448095233 0.016092464508771678 -0.034111761292634428 -0.042228668574233921 0.0091915964360147224 0.026373440443125919 -0.035285066899106918 0.043251946608655494 -0.025464653903362239 0.010970024217577557 -0.03709282700804286 0.0031262708442638372 0.016194127888420458 0.061565837109461334 0.001041527462294665
leaf_weight=83.716704681050032 54.82525384798646 62.049102690070868 166.2320605055429 89.780500452965498 118.3479960123077 15.124978750012813 57.003032486652955 134.54730573296547 149.96353237447329 24.254900802392513 250.6647781515494 329.17405772721395 17.959414160810411 78.903854975476861
leaf_count=622 558 504 1121 670 1074 105 462 1182 1262 188 2384 3092 187 578
internal_value=0.000374664 -0.00274242 -0.0126733 -0.0242306 0.00792228 -0.00233724 0.0265257 -0.0134121 3.78163e-05 0.00456598 -0.00434773 0.0124428 0.0203416 0.0162966
internal_weight=1632.55 1155.84 489.693 256.013 476.712 261.501 72.128 189.373 233.68 666.143 312.714 353.429 215.211 197.252
internal_count=13989 9843 3675 1791 4146 2307 567 1740 1884 6168 2888 3280 1839 1652
is_linear=0
shrinkage=0.05


Tree=118
num_leaves=7
num_cat=2
split_feature=0 24 36 34 14 1
split_gain=14.4869 13.6247 15.592 40.2029 21.6794 0.563949
threshold=0 74.500000000000014 99.500000000000014 24.550000000000004 15.050000000000002 1
decision_type=1 2 2 2 2 1
left_child=-1 2 4 -4 -2 -3
right_child=1 5 3 -5 -6 -7
leaf_value=-0.033279138561328053 -0.010732364504313405 -0.032368505938061141 0.015317958204620664 -0.062202477722246921 0.003013070813658029 -0.071876420770462954
leaf_weight=21.268070640740916 425.42923839297146 4.6536266021430475 294.31372900307178 16.75139481574297 875.5611409060657 4.5523101910948753
leaf_count=2352 2971 31 2383 86 6254 30
internal_value=-0.000104631 0.00055254 0.000919974 0.0109574 -0.00148653 -0.0570334
internal_weight=1642.53 1621.26 1612.06 311.065 1300.99 9.20594
internal_count=14107 11755 11694 2469 9225 61
cat_boundaries=0 1 2
cat_threshold=16 1
is_linear=0
shrinkage=0.05


Tree=119
num_leaves=15
num_cat=2
split_feature=0 40 25 4 1 4 32 34 37 26 40 4 25 38
split_gain=17.8504 17.9011 21.1694 16.014 20.2041 44.67 24.9534 14.3029 14.1666 13.6622 11.1547 7.6782 6.58305 1.73811
threshold=0 132.00000000000003 6.3805555000000007 -0.90893996196865012 1 -0.10837695015263894 27.797619000000005 23.750000000000004 66.500000000000014 19.550000000000004 113.15000000000002 -0.72696319516528884 7.5159725000000011 7.9485120000000009
decision_type=1 2 2 2 1 2 2 2 2 2 2 2 2 2
left_child=1 2 11 7 5 -5 -6 8 -2 -4 -9 -1 -3 -14
right_child=3 12 9 4 6 -7 -8 10 -10 -11 -12 -13 13 -15
leaf_value=0.0088964097097118614 0.042684651323644476 -0.074550784031962081 -0.0037362984562051651 0.022531956169840522 -0.022756519302956243 -0.0099715883049958601 0.00076279127258955821 -0.020416985379389324 -0.0031383485767726206 0.013101530110448451 0.037162872435288326 0.041865702902111578 -0.023828976722493501 0.03339874843731238
leaf_weight=26.587800905108452 47.316999065689743 8.1031787544488889 257.01949429512024 158.70086802495643 288.71995647368021 311.64427991956472 184.55304141994566 38.189767464995384 25.713653186801821 225.20229340530932 9.7419936917722207 55.704291202127934 1.6724757030606263 1.6688351482152937
leaf_count=289 430 40 1872 1383 2580 2768 1569 324 229 1872 83 587 12 28
internal_value=-0.000260294 0.00675646 0.00816771 -0.00408435 -0.00632072 0.00102009 -0.0136029 0.0129353 0.0267262 0.00413797 -0.00819373 0.0314483 -0.0524888 0.00586307
internal_weight=1640.54 575.958 564.514 1064.58 943.618 470.345 473.273 120.962 73.0307 482.222 47.9318 82.2921 11.4445 3.34131
internal_count=14066 4700 4620 9366 8300 4151 4149 1066 659 3744 407 876 80 40
cat_boundaries=0 1 2
cat_threshold=9 1
is_linear=0
shrinkage=0.05


Tree=120
num_leaves=15
num_cat=2
split_feature=29 34 5 43 39 5 44 36 39 4 32 23 0 0
split_gain=14.2652 27.4908 25.4955 23.8429 33.1316 45.7692 29.6588 21.0165 20.1682 19.5333 25.6016 10.6416 9.39595 2.76569
threshold=1.5000000000000002 20.850000000000005 0.97648852793709995 0.65000000000000002 19.550000000000004 -0.8142754349318998 45.20000000000001 96.500000000000014 22.550000000000004 0.59177612190863982 28.295238000000001 91.500000000000014 0 1
decision_type=2 2 2 2 2 2 2 2 2 2 2 2 1 1
left_child=1 7 8 9 5 -5 -6 12 -3 -2 -11 -4 -1 -9
right_child=3 2 11 4 6 -7 -8 13 -10 10 -12 -13 -14 -15
leaf_value=0.0078954496734043398 0.019705256391290681 0.03957877710742793 -0.063335200103799991 0.018198185646695657 0.011952400117175868 -0.01689480916207077 -0.013317879603624339 -0.0058777304924545436 0.0076383513028219149 -0.099051582530453042 -0.022349408116494971 0.00815635123143214 -0.046621505922018011 0.018610969851813902
leaf_weight=13.139437045902014 14.372236817609517 103.16609125724062 11.419386503053831 116.00698880152777 544.3803060958162 451.99896454950795 146.62631447636522 15.568954211659728 95.160763356136158 14.602230844553558 38.859517039265484 8.6078072888776642 29.361710258759558 22.105510649271309
leaf_count=106 138 939 90 1087 4816 3625 1217 121 882 88 315 101 224 252
internal_value=-0.000114946 0.00974156 0.0189149 -0.00233824 -0.00077101 -0.00970819 0.00657874 -0.0151668 0.0243684 -0.0309927 -0.0447335 -0.0336811 -0.0388756 0.0118931
internal_weight=1625.38 298.53 218.354 1326.85 1259.01 568.006 691.007 80.1756 198.327 67.834 53.4617 20.0272 42.5011 37.6745
internal_count=14001 2715 2012 11286 10745 4712 6033 703 1821 541 403 191 330 373
cat_boundaries=0 1 2
cat_threshold=40 34
is_linear=0
shrinkage=0.05


Tree=121
num_leaves=13
num_cat=2
split_feature=0 32 36 40 42 5 0 38 36 10 4 19
split_gain=15.2874 16.9323 15.7533 24.3755 19.007 11.1864 10.4376 9.43853 5.81354 4.24598 1.93413 1.01857
threshold=0 29.595238000000005 94.500000000000014 4.9000000000000012 2.5000000000000004 0.97648852793709995 1 14.349107500000001 98.500000000000014 69.791666500000005 -0.15951315977791497 32.072222000000004
decision_type=1 2 2 2 2 2 1 2 2 2 2 2
left_child=1 2 4 -4 -1 6 7 -2 9 -7 -10 -3
right_child=5 11 3 -5 -6 8 -8 -9 10 -11 -12 -13
leaf_value=0.013255948583112236 -0.0018297946566286302 0.051049762299929968 0.02960715890873037 0.0031330180848686165 -0.020711955804624732 -0.04617533244864612 -0.032360426522664076 -0.057628110531098543 -0.017577268217771346 0.0043972681533930727 -0.068080391470887125 -0.0013226371929838136
leaf_weight=61.272198397666216 700.40498482435942 19.462826689705256 102.03791167959571 558.81934238225222 121.25652293115854 5.3663355410099056 19.645805921172723 6.6635596230626097 3.3265101779252282 11.48853690177202 10.13351408345625 0.92032131738960643
leaf_count=444 4356 416 881 4632 610 93 2230 44 33 140 125 33
internal_value=0.000215885 0.00473265 0.00366881 0.00725924 -0.00929933 -0.00493451 -0.0037333 -0.00240237 -0.0342672 -0.0133886 -0.0576778 0.0487338
internal_weight=1620.8 863.769 843.386 660.857 182.529 757.029 726.714 707.069 30.3149 16.8549 13.46 20.3831
internal_count=14037 7016 6567 5513 1054 7021 6630 4400 391 233 158 449
cat_boundaries=0 1 2
cat_threshold=13 34
is_linear=0
shrinkage=0.05


Tree=122
num_leaves=15
num_cat=2
split_feature=44 39 4 32 19 4 39 2 0 5 4 5 7 1
split_gain=14.8314 21.1075 21.6327 19.7569 18.2382 17.9821 17.1263 14.0316 9.8537 21.2831 7.26432 3.12693 3.0769 2.8691
threshold=46.600000000000001 25.250000000000004 -0.94139628442229051 26.606547500000005 26.649305500000001 0.93237596376505805 17.050000000000004 6.5000000000000009 0 0.42763731121559989 -0.35846811432664222 0.26659387353423863 26.664583500000003 1
decision_type=2 2 2 2 2 2 2 2 1 2 2 2 2 1
left_child=1 2 6 -4 10 7 -1 -6 12 -10 13 -7 -3 -2
right_child=4 8 3 -5 5 11 -8 -9 9 -11 -12 -13 -14 -15
leaf_value=-0.019522447486826567 -0.01780452774597217 0.011140292378636788 -0.014163934111931642 0.001435910226860506 -0.062199604671757482 0.0082088501962696864 0.031768091790916851 -0.01999962417058378 -0.033170415005486946 0.049993974648536416 0.050941281595652144 0.055932433227297657 0.051384655005173141 0.018040501483398929
leaf_weight=19.4026691429317 9.8563404711894709 6.1220046691596499 250.5695093665272 1049.747691083001 28.308869623113424 12.948828295804562 84.139040466863662 65.192548260558397 19.231889667455111 11.414022164419292 10.123551124706863 3.9063039664179078 38.905979480594397 10.493028269149365
leaf_count=161 93 49 2162 8934 214 170 865 492 231 122 108 57 304 97
internal_value=9.50914e-05 0.00157469 0.000179349 -0.00157873 -0.0153509 -0.0247664 0.022062 -0.0332992 0.0271203 -0.00121198 0.0184507 0.0217823 0.0380149 0.000658004
internal_weight=1620.36 1479.53 1403.86 1300.32 140.829 110.357 103.542 93.5014 75.6739 30.6459 30.4729 16.8551 45.028 20.3494
internal_count=14059 12828 12122 11096 1231 933 1026 706 706 353 298 227 353 190
cat_boundaries=0 1 2
cat_threshold=7 1
is_linear=0
shrinkage=0.05


Tree=123
num_leaves=15
num_cat=2
split_feature=44 19 39 22 4 44 19 26 1 5 4 5 1 5
split_gain=13.9745 16.494 17.7643 15.6928 15.157 26.0905 24.9845 13.9514 14.4444 11.6057 7.79831 3.31158 2.03142 1.17258
threshold=46.600000000000001 26.649305500000001 27.450000000000006 88.805555500000011 0.66527693225344786 34.400000000000013 27.438889000000003 22.150000000000002 0 -0.96687281075841669 -0.63921128368950708 0.26659387353423863 1 -0.40613878790836588
decision_type=2 2 2 2 2 2 2 2 1 2 2 2 1 2
left_child=3 10 9 4 6 -6 -1 8 -5 -3 12 -4 -2 -9
right_child=1 2 11 7 5 -7 -8 13 -10 -11 -12 -13 -14 -15
leaf_value=0.00034389943843435007 -0.019505544194696203 0.017656131009286043 -0.00077835134234500525 -0.0053511575700733198 -0.026579496675825143 0.0012247073230183243 0.017843783255250156 0.0044755679903435795 -0.062669048736991403 -0.043914560303727701 0.046288526013796266 0.040965250594853585 0.012259208043749864 0.053920712983098862
leaf_weight=632.94402667484246 9.2043274990282971 8.0603136643767339 29.043823714368045 20.877476731780916 106.9273323174566 386.23232128936797 299.95619505806826 1.8288585534319279 22.700109620112926 68.521640409249812 12.206725834868847 4.6721282117068759 8.9909116411581653 4.02981621492654
leaf_count=5774 87 90 280 178 752 3169 2640 19 183 497 136 64 84 42
internal_value=-0.000169408 -0.015168 -0.0241161 0.00127013 0.00223803 -0.00484541 0.00598373 -0.0261411 -0.0359448 -0.0372901 0.0170295 0.00601958 -0.0039885 0.0413888
internal_weight=1616.2 140.7 110.298 1475.5 1426.06 493.16 932.9 49.4363 43.5776 76.582 30.402 33.716 18.1952 5.85867
internal_count=13995 1238 931 12757 12335 3921 8414 422 361 587 307 344 171 61
cat_boundaries=0 1 2
cat_threshold=1 1
is_linear=0
shrinkage=0.05


Tree=124
num_leaves=14
num_cat=2
split_feature=0 32 36 39 4 5 4 40 32 40 1 43 19
split_gain=17.4189 16.5377 15.1277 28.9733 15.5225 10.0789 11.1358 22.6502 20.2426 8.29649 9.79303 7.9355 1.09228
threshold=0 29.595238000000005 94.500000000000014 19.550000000000004 0.9916835347852474 0.97263757644091864 0.67802080537253961 13.250000000000002 27.782440500000003 27.050000000000004 1 1.0500000000000003 32.072222000000004
decision_type=1 2 2 2 2 2 2 2 2 2 1 2 2
left_child=1 2 4 -4 -1 6 8 -8 -2 11 -11 -7 -3
right_child=5 12 3 -5 -6 9 7 -9 -10 10 -12 -13 -14
leaf_value=-0.0049924953675813937 -0.0048895719425955143 0.05083291955693673 -0.00329997531519005 0.017708787219697809 -0.058049845446205207 -0.014871897177180016 -0.0017463858941215349 -0.034931988260351786 0.023075481517921957 -0.043218558899953713 0.090493694206700198 -0.067227274363163045 -0.0033869559846878131
leaf_weight=168.81224594265223 431.26717780274339 18.957170246168975 338.61328319087625 316.96986374258995 14.039725594222544 15.255565763451161 137.36320880544372 81.286544516682625 75.103911557700485 1.7259302730672053 1.9471798287704587 14.161006948677821 0.84765911102294822
leaf_count=985 3859 425 2667 2838 80 185 1315 751 671 21 23 193 30
internal_value=-0.000487279 0.00436879 0.00332284 0.00686912 -0.00935992 -0.00596225 -0.00478435 -0.0141865 -0.000704548 -0.0326226 0.0318611 -0.0414571 0.048461
internal_weight=1616.35 858.24 838.435 655.583 182.852 758.111 725.021 218.65 506.371 33.0897 3.67311 29.4166 19.8048
internal_count=14043 7025 6570 5505 1065 7018 6596 2066 4530 422 44 378 455
cat_boundaries=0 1 2
cat_threshold=13 1
is_linear=0
shrinkage=0.05


Tree=125
num_leaves=15
num_cat=1
split_feature=0 6 5 5 6 32 2 39 41 38 44 42 5 5
split_gain=14.5175 20.1115 25.3842 21.3574 22.3591 21.7357 16.4496 14.6177 9.2956 17.6565 21.6147 11.248 10.5655 8.05167
threshold=0 2.5000000000000004 -0.97874870457683605 -0.94137724084408114 27.000000000000004 27.197321500000005 6.5000000000000009 18.450000000000003 2.1500000000000008 10.845535500000002 45.20000000000001 2.5000000000000004 -0.38243420677835344 0.26659387353423863
decision_type=1 2 2 2 2 2 2 2 2 2 2 2 2 2
left_child=8 2 6 5 -5 -3 -2 -4 11 12 -11 13 -10 -1
right_child=1 3 7 4 -6 -7 -8 -9 9 10 -12 -13 -14 -15
leaf_value=-0.052098072181638602 -0.082399160682798234 -0.0029331649600827223 0.018908113310532132 0.0071697425604673494 -0.013782464350505131 0.041112358564488555 0.015589875623797775 -0.009493880795330133 -0.023592322819858635 0.048817127540728929 -0.024096098457799541 -0.05143041731426589 -0.0011527542671326367 0.0057271164011017343
leaf_weight=6.7781877089291802 16.546621426939968 42.948567483574152 54.455818872898817 702.82739358767867 154.49367757886648 78.852331414818764 5.2904300987720481 247.12087916955352 94.800738004269078 28.020983037073165 14.885943747824056 25.725228369003162 116.18281356454827 25.948603152995929
leaf_count=99 74 377 371 5239 1032 621 30 1625 1557 302 203 437 1663 429
internal_value=0.000257238 0.00259023 -0.00818345 0.00618003 0.00338239 0.0256839 -0.0590164 -0.00431978 -0.00923693 -0.00534078 0.0235483 -0.0273394 -0.0112992 -0.00743892
internal_weight=1614.88 1302.54 323.414 979.122 857.321 121.801 21.8371 301.577 312.342 253.89 42.9069 58.452 210.984 32.7268
internal_count=14059 9369 2100 7269 6271 998 104 1996 4690 3725 505 965 3220 528
cat_boundaries=0 1
cat_threshold=48
is_linear=0
shrinkage=0.05


Tree=126
num_leaves=15
num_cat=2
split_feature=0 38 33 36 30 8 39 37 43 40 44 5 40 1
split_gain=17.089 15.5186 35.335 27.1747 20.108 37.1474 36.0805 14.4985 9.45297 29.7639 13.1512 9.62379 9.10345 11.9166
threshold=0 6.8250000000000011 32.350000000000001 99.500000000000014 13.65 33.250000000000007 19.450000000000003 37.500000000000007 5.5000000000000009 13.250000000000002 35.800000000000004 -0.95242240592625282 0.35000000000000003 1
decision_type=1 2 2 2 2 2 2 2 2 2 2 2 2 1
left_child=8 2 3 -2 5 -3 -6 -4 12 10 -10 -11 13 -1
right_child=1 4 7 -5 6 -7 -8 -9 9 11 -12 -13 -14 -15
leaf_value=-0.031766904166765385 -0.027450697534742663 -0.014564187332886367 -0.027726557725234743 0.01529924523290813 -0.013337899762796724 0.0081367037954395427 0.023201819585898269 0.040554960649744648 0.0019906082780923829 -0.037564985979257851 0.10688804180692156 -0.0053911438650728685 -0.032495992312322718 0.043050491694754472
leaf_weight=9.6521787513047457 61.316157694905996 409.65970587730408 7.74145284295082 91.147349551320076 101.68679918348789 320.26847853139043 197.23171393945813 99.291056036949158 4.7588511467911285 25.737615528982133 7.208209034986794 182.04624996636994 70.177016322035342 9.6603544072713703
leaf_count=160 404 2479 45 784 608 2402 1674 900 98 521 69 2481 1206 157
internal_value=5.76256e-05 0.00260666 0.0135284 -0.00196032 -0.000133173 -0.00460628 0.0107686 0.0354054 -0.0102886 -0.00499388 0.0685447 -0.00953726 -0.0242284 0.0059346
internal_weight=1597.58 1288.34 259.496 152.464 1028.85 729.928 298.919 107.033 309.24 219.751 11.9671 207.784 89.4895 19.3125
internal_count=13988 9296 2133 1188 7163 4881 2282 945 4692 3169 167 3002 1523 317
cat_boundaries=0 1 2
cat_threshold=48 1
is_linear=0
shrinkage=0.05


Tree=127
num_leaves=13
num_cat=3
split_feature=0 34 34 36 23 36 25 0 34 44 2 1
split_gain=12.8719 17.4907 23.6836 33.1259 26.4289 11.3654 18.6823 9.06241 8.52504 8.19182 5.69376 5.25339
threshold=0 25.150000000000002 24.550000000000004 96.500000000000014 96.500000000000014 97.500000000000014 7.6166665000000009 1 20.250000000000004 52.000000000000007 7.5000000000000009 2
decision_type=1 2 2 2 2 2 2 1 2 2 2 1
left_child=1 2 3 -1 -4 10 -7 8 11 -10 -3 -2
right_child=7 5 4 -5 -6 6 -8 -9 9 -11 -12 -13
leaf_value=-0.0090815737636649255 -0.0089232643196437075 0.053527552301646901 0.0055689064145157527 0.014192006152367579 -0.038293721621848673 0.047559460689054089 -0.073211053569907245 -0.032109430719249071 -0.0024667472738736183 -0.047340496710903728 -0.0042357490340617903 -0.067945443110751555
leaf_weight=234.76128140091896 7.5903584389016014 31.864977361634374 67.025598686188459 434.50704606249928 68.952624887228012 5.7131457738578302 5.1510955952107906 19.246484753442928 709.77832016721368 9.3229320086538774 4.7412478327751151 7.2437734799459577
leaf_count=1433 80 511 403 4199 364 72 32 2320 4483 62 21 78
internal_value=-0.000315176 0.00387109 0.0021578 0.00602689 -0.0167904 0.0330884 -0.0110462 -0.00503804 -0.00386447 -0.00311346 0.0461323 -0.0402157
internal_weight=1605.9 852.717 805.247 669.268 135.978 47.4705 10.8642 753.182 733.935 719.101 36.6062 14.8341
internal_count=14058 7035 6399 5632 767 636 104 7023 4703 4545 532 158
cat_boundaries=0 1 2 3
cat_threshold=13 34 1
is_linear=0
shrinkage=0.05


Tree=128
num_leaves=15
num_cat=1
split_feature=8 19 27 39 44 0 25 32 33 36 14 41 4 41
split_gain=12.1972 22.6737 23.4698 21.1045 36.0891 25.9217 17.1424 20.593 18.9703 16.8633 24.8389 16.4482 15.6274 5.48679
threshold=33.150000000000013 28.607638500000004 13.400000000000002 22.950000000000003 40.150000000000006 0 12.168750000000001 28.638392500000005 33.550000000000004 99.500000000000014 14.950000000000001 112.40000000000002 0.85673801594079257 8.5500000000000025
decision_type=2 2 2 2 2 1 2 2 2 2 2 2 2 2
left_child=1 9 13 6 12 -6 8 -8 -2 10 -1 -11 -5 -3
right_child=3 2 -4 4 5 -7 7 -9 -10 11 -12 -13 -14 -15
leaf_value=-0.015636856058134776 -0.033741325724846886 -0.0088021216372315587 0.016316675441181271 0.026272021436652245 0.018511615943592501 -0.020601496727284046 -0.12570889984301428 -0.00040263934063340618 0.0217059549116244 0.005833103813753876 0.0020800803536098482 0.063301405957590026 -0.068133973800383038 -0.076436072301525063
leaf_weight=348.24787321989425 15.580937523394821 3.7768512158654657 11.848362242337314 4.6382193602621582 96.984608830884099 59.113162260502577 3.4881824254989615 12.191934206057338 245.08073526364751 279.17405740357935 455.83869217801839 12.053370385430751 27.30316694220528 21.769330226816237
leaf_count=2870 128 21 100 43 680 688 23 157 2264 2690 3917 136 171 137
internal_value=-0.000398229 -0.00319579 -0.0409642 0.00641774 -0.00648409 0.00352986 0.0151886 -0.0341434 0.0182753 -0.00187017 -0.00560297 0.00842009 -0.0540439 -0.067145
internal_weight=1597.09 1132.71 37.3945 464.381 188.039 156.098 276.342 15.6801 260.662 1095.31 804.087 291.227 31.9414 25.5462
internal_count=14025 9871 258 4154 1582 1368 2572 180 2392 9613 6787 2826 214 158
cat_boundaries=0 1
cat_threshold=7
is_linear=0
shrinkage=0.05


Tree=129
num_leaves=9
num_cat=2
split_feature=0 43 38 8 39 22 1 34
split_gain=12.4798 12.2348 24.0235 33.5818 23.0217 28.0614 23.0204 18.6666
threshold=0 17.750000000000004 6.8250000000000011 33.350000000000001 18.850000000000005 82.479166500000005 1 24.350000000000005
decision_type=1 2 2 2 2 2 1 2
left_child=-1 2 6 -4 5 -3 -2 -6
right_child=1 4 3 -5 7 -7 -8 -9
leaf_value=-0.031769617339137669 0.033590788586831538 0.032793250861484893 -0.015230149650415784 0.0048619786235951732 0.0083198887590830335 -0.011398601688636203 -0.0031214443658345997 0.035615727766165652
leaf_weight=18.709457895485684 81.955207597464323 41.917981255799532 445.78841977100819 388.36049670539796 229.97733067721128 219.72503240033984 87.675405621528625 85.569012422114611
leaf_count=2326 716 274 2895 2941 1947 1558 729 696
internal_value=0.000344025 0.000938794 -0.00239043 -0.0058811 0.00673895 -0.0042207 0.0147086 0.015811
internal_weight=1599.68 1580.97 1003.78 834.149 577.189 261.643 169.631 315.546
internal_count=14082 11756 7281 5836 4475 1832 1445 2643
cat_boundaries=0 1 2
cat_threshold=16 1
is_linear=0
shrinkage=0.05


Tree=130
num_leaves=14
num_cat=1
split_feature=44 39 39 44 39 39 39 40 38 0 39 21 13
split_gain=13.205 19.3645 27.0021 34.5563 27.2715 13.7003 8.65217 12.5139 6.67905 6.08762 16.8638 7.27354 0.478217
threshold=46.250000000000007 25.250000000000004 23.550000000000004 39.800000000000004 23.250000000000004 22.250000000000004 27.450000000000006 69.000000000000014 14.349107500000001 0 26.950000000000003 24.150000000000002 11.672916500000001
decision_type=2 2 2 2 2 2 2 2 2 1 2 2 2
left_child=1 2 4 -4 -1 12 7 -7 -8 10 -3 -11 -2
right_child=5 9 3 -5 -6 6 8 -9 -10 11 -12 -13 -14
leaf_value=0.0015721553868720687 -0.062133015982436937 -0.041276494614714922 -0.067800598793648983 -0.0083096628233031641 0.05037639200898756 -0.034018444045401081 0.021580514055661137 0.0013351948014088705 -0.030154460790405565 0.012382964835503942 0.072453197696909596 0.05162530000657211 -0.023699889228312773
leaf_weight=1170.7802366036922 12.748980124481021 11.020417820662258 28.189316167263314 151.52474815724418 28.344360614195466 49.567887561861426 30.333690317813307 49.418996610678732 6.8646160098724058 19.114344075787812 3.4887925162911424 33.628437362145633 2.6827298421412697
leaf_count=10431 109 87 180 1190 255 372 360 487 45 167 19 363 23
internal_value=-0.000134845 0.00134051 5.36304e-05 -0.0179647 0.00276678 -0.0141231 -0.00884846 -0.0165314 0.0114938 0.0273376 -0.00670085 0.0319531 -0.0573005
internal_weight=1597.71 1446.09 1378.84 179.714 1199.12 151.617 136.185 98.9869 37.1983 67.252 14.5092 52.7428 15.4317
internal_count=14088 12692 12056 1370 10686 1396 1264 859 405 636 106 530 132
cat_boundaries=0 1
cat_threshold=32
is_linear=0
shrinkage=0.05


Tree=131
num_leaves=9
num_cat=1
split_feature=22 0 32 42 5 5 19 9
split_gain=12.3029 12.9778 13.8284 13.1231 11.2748 9.13241 6.44789 1.08905
threshold=55.000000000000007 0 29.595238000000005 2.5000000000000004 0.98486764554468398 0.18281312110578127 27.609722500000004 28.050000000000004
decision_type=2 1 2 2 2 2 2 2
left_child=-1 2 3 -2 5 -3 -6 -4
right_child=1 4 7 -5 6 -7 -8 -9
leaf_value=-0.055627437450494734 0.020077904329035653 -0.0084415914080345177 0.050034708380077064 0.00072127158661849423 -0.05835820328327973 0.0030547684544633804 -0.0025048152442891584 -0.0042208798758207261
leaf_weight=9.1007836526259762 98.770484711974859 443.2690132886637 16.236364155076448 716.2795396335423 14.293097538058648 281.96485619340092 7.9443692603381342 0.82000784017145534
leaf_count=63 805 4072 414 5728 208 2611 107 28
internal_value=-0.000621156 -0.000269241 0.00400337 0.0030887 -0.00501117 -0.00397385 -0.039371 0.047337
internal_weight=1588.68 1579.58 832.106 815.05 747.471 725.234 22.2375 17.0564
internal_count=14036 13973 6975 6533 6998 6683 315 442
cat_boundaries=0 1
cat_threshold=13
is_linear=0
shrinkage=0.05


Tree=132
num_leaves=15
num_cat=1
split_feature=36 39 39 32 32 34 39 32 10 5 0 19 10 39
split_gain=13.2499 25.2734 25.0131 25.3204 20.9665 17.1434 34.4902 17.312 14.3234 12.9005 9.66239 9.06124 1.58386 1.53182
threshold=94.500000000000014 24.950000000000003 22.850000000000005 27.727976000000002 29.248512000000002 24.550000000000004 18.750000000000004 27.103274000000003 66.14583300000001 0.47369649395226454 0 28.5354165 59.145833500000002 17.150000000000002
decision_type=2 2 2 2 2 2 2 2 2 2 1 2 2 2
left_child=1 2 3 -1 5 7 -7 -2 -4 10 -3 -6 -11 -13
right_child=4 9 8 -5 11 6 -8 -9 -10 12 -12 13 -14 -15
leaf_value=-0.036115926420893903 -0.0015078778447054427 0.016636234243933849 -0.017750284060168136 0.0079988680651582357 -0.022489264907200986 -0.036499326673884842 0.0044285547201001092 0.011740033147650037 -0.058014052972294797 0.017736558209358887 -0.016109572481468822 0.018834443314995092 0.059936870228283728 0.063188012815163161
leaf_weight=44.923179494217038 577.06769857299514 45.384547907859087 45.754489497514442 110.64715196285397 3.6090183202177313 82.71075913333334 133.18958226614632 429.35885528917424 44.139128044014797 3.9227442136034396 27.323525845771655 3.3417896181345013 13.062543158419428 18.93957656249404
leaf_count=294 5361 358 366 1096 33 569 1020 3938 282 31 346 34 98 201
internal_value=-3.51747e-06 -0.00881518 -0.0170983 -0.00488922 0.00236765 0.00140572 -0.0113468 0.00414995 -0.0379412 0.0137918 0.00435028 0.0460411 0.0517188 0.0576305
internal_weight=1583.37 335.157 245.464 155.57 1248.22 1222.33 215.9 1006.43 89.8936 89.6934 72.7081 25.8904 16.9853 22.2814
internal_count=14027 2871 2038 1390 11156 10888 1589 9299 648 833 704 268 129 235
cat_boundaries=0 1
cat_threshold=7
is_linear=0
shrinkage=0.05


Tree=133
num_leaves=15
num_cat=2
split_feature=0 29 34 43 38 36 39 5 43 40 38 40 1 32
split_gain=13.957 15.1874 28.4566 27.1521 26.1261 24.8966 23.6531 18.9258 10.1883 27.8879 10.3538 5.87872 7.75166 6.04383
threshold=0 1.5000000000000002 20.850000000000005 13.65 6.6130950000000004 96.500000000000014 19.450000000000003 0.97648852793709995 5.5000000000000009 11.250000000000002 11.053273500000001 0.35000000000000003 1 29.040178500000003
decision_type=1 2 2 2 2 2 2 2 2 2 2 2 1 2
left_child=8 2 5 4 -3 -2 -5 -4 11 -10 -11 12 -1 -13
right_child=1 3 7 6 -6 -7 -8 -9 9 10 -12 13 -14 -15
leaf_value=-0.030809598110316333 -0.039065311212312132 0.022949054131072077 0.030119484107186942 -0.0036762756371172172 -0.014387123347515027 0.019136367040540912 0.016111777982507323 -0.023849852660658647 0.074596065504691875 -0.012346591466572732 0.021985220797652465 -0.042981522367523957 0.029161747745866523 -0.012156075831339113
leaf_weight=9.5289675039239228 39.675172556191683 52.23854448646307 151.34637426491827 300.0941604077816 394.77813624031842 32.674048814922571 302.37711587548256 17.438811169937253 9.6796968821436149 182.44985702075064 24.021455720532686 41.482621739036404 10.035933272447437 27.087101262295619
leaf_count=158 225 491 1241 2084 2502 248 2542 130 112 2771 282 843 159 363
internal_value=-0.000360441 0.00193063 0.0132333 -0.00065807 -0.00998252 -0.012878 0.00626548 0.0244358 -0.00979486 -0.00422846 -0.00826562 -0.0243448 -0.000124783 -0.0311543
internal_weight=1594.91 1290.62 241.134 1049.49 447.017 72.3492 602.471 168.785 304.286 216.151 206.471 88.1346 19.5649 68.5697
internal_count=14151 9463 1844 7619 2993 473 4626 1371 4688 3165 3053 1523 317 1206
cat_boundaries=0 1 2
cat_threshold=48 1
is_linear=0
shrinkage=0.05


Tree=134
num_leaves=12
num_cat=1
split_feature=44 39 4 34 19 5 39 4 2 2 0
split_gain=11.844 13.162 16.8458 28.0945 27.5448 13.11 9.91406 14.7152 7.34793 5.6562 10.9631
threshold=46.600000000000001 25.350000000000005 0.67802080537253961 24.050000000000004 27.431250000000002 0.41202506375868281 26.250000000000004 -0.35846811432664222 6.5000000000000009 2.5000000000000004 0
decision_type=2 2 2 2 2 2 2 2 2 2 1
left_child=1 2 4 -4 -1 6 8 -8 -2 -3 -11
right_child=5 9 3 -5 -6 -7 7 -9 -10 10 -12
leaf_value=-0.0016960816036141252 -0.061096109269997735 0.056993309617675542 0.0051220840508917872 -0.02028951413516189 0.016643951849459767 -0.062290392174021325 -0.024162620405440881 0.023563173748661348 -0.015138717318522144 0.029518438791619406 -0.015650442124015573
leaf_weight=654.42228665924631 9.9295417135581356 10.525063509121535 212.68999526067637 220.91308834752999 296.83029653830454 11.846281030680982 26.111237920355052 39.00110738677904 48.765110692940652 26.637912280857567 14.875867206137622
leaf_count=6043 77 79 1620 1929 2689 101 192 479 386 212 213
internal_value=-8.48464e-05 0.00125207 0.000315655 -0.00784157 0.00403824 -0.0141516 -0.00908329 0.00434827 -0.0238067 0.0256962 0.0166074
internal_weight=1572.55 1436.89 1384.86 433.603 951.253 135.653 123.807 65.1123 58.6947 52.0388 41.5138
internal_count=14020 12785 12281 3549 8732 1235 1134 671 463 504 425
cat_boundaries=0 1
cat_threshold=7
is_linear=0
shrinkage=0.05


Tree=135
num_leaves=12
num_cat=1
split_feature=12 0 36 4 4 4 4 5 27 14 6
split_gain=12.4791 11.1286 10.4844 33.1358 31.5631 9.62391 9.18592 8.62262 5.40481 3.77509 1.39252
threshold=75.500000000000014 0 96.500000000000014 0.97112537654464559 0.98522604642031408 0.15951094710994368 -0.65234524191686594 -0.4831374111459158 28.650000000000002 17.050000000000004 27.000000000000004
decision_type=2 1 2 2 2 2 2 2 2 2 2
left_child=1 -1 4 -4 -3 6 7 -2 -8 -7 -11
right_child=5 2 3 -5 -6 9 8 -9 -10 10 -12
leaf_value=-0.030804572936258989 -0.074602644876674465 -0.00053462488608845254 0.0016240754275563822 0.041253996984884016 -0.04035210370528633 -0.073429980787138624 -0.02456470390367611 -0.015532859497020782 0.014201900610882133 -0.038181967031860609 0.006805917018416068
leaf_weight=17.25725756760221 7.5097174081020048 444.98065413115546 909.06690142210573 55.002466131001711 55.042398679070175 8.9856115784496051 11.33092734729871 25.504754931665957 32.323108651675284 2.5899521531537166 2.8120985371060669
leaf_count=2227 57 3136 7133 390 390 53 96 231 310 22 22
internal_value=-0.000827846 0.000282004 0.000873492 0.00392546 -0.00498951 -0.0186904 -0.0112812 -0.0307676 0.00381479 -0.0548732 -0.017358
internal_weight=1572.41 1481.35 1464.09 964.069 500.023 91.0562 76.6685 33.0145 43.654 14.3877 5.40205
internal_count=14067 13276 11049 7523 3526 791 694 288 406 97 44
cat_boundaries=0 1
cat_threshold=16
is_linear=0
shrinkage=0.05


Tree=136
num_leaves=15
num_cat=2
split_feature=0 34 43 43 36 5 37 42 34 44 38 7 1 26
split_gain=14.4848 15.079 16.4089 17.9701 9.55155 14.3001 9.52114 13.2412 13.411 12.6698 19.9289 9.39067 5.54863 1.91548
threshold=0 25.250000000000004 43.800000000000004 17.750000000000004 97.500000000000014 -0.70289845916694649 31.500000000000004 3.5000000000000004 21.050000000000004 48.800000000000004 10.745238000000002 26.787500000000005 1 20.550000000000004
decision_type=1 2 2 2 2 2 2 2 2 2 2 2 1 2
left_child=1 2 3 -1 -3 -6 7 8 -2 10 -8 -11 -4 -9
right_child=6 4 12 -5 5 -7 9 13 -10 11 -12 -13 -14 -15
leaf_value=-0.00066582451649477205 -0.05677278807994033 0.051734523717653004 -0.01190284785211292 0.015516649966689508 0.045164134321151524 -0.075877327447150894 -0.0050109628285440536 -0.024014045631094803 1.4639414004564536e-05 0.01228603909571554 0.020120057738275625 -0.058384494039048412 -0.071986650211491796 -0.071543035766886059
leaf_weight=529.90239606797695 11.786052428185938 25.539072944782674 7.4505247324705124 252.62764300405979 4.4856811743229628 3.4142659306526175 545.40831409639213 4.2243759455159298 55.634690959239379 6.0866226712241795 91.201683373888955 15.922028823290018 8.1282097548246366 11.266377609455956
leaf_count=3927 213 476 36 2508 66 14 5094 39 568 50 800 177 39 109
internal_value=0.000379981 0.00487814 0.00353427 0.00457157 0.0373355 -0.00979631 -0.00466686 -0.0205944 -0.0105972 -0.00270436 -0.00138475 -0.0391556 -0.0457028 -0.0608239
internal_weight=1573.08 831.548 798.109 782.53 33.439 7.89995 741.53 82.9115 67.4207 658.619 636.61 22.0087 15.5787 15.4908
internal_count=14116 7066 6510 6435 556 80 7050 929 781 6121 5894 227 75 148
cat_boundaries=0 1 2
cat_threshold=13 2
is_linear=0
shrinkage=0.05


Tree=137
num_leaves=9
num_cat=2
split_feature=0 38 39 43 44 0 40 26
split_gain=11.2141 11.369 17.713 25.9109 23.9922 16.3161 19.0063 16.5054
threshold=0 6.4422620000000004 20.250000000000004 3.8500000000000001 41.95000000000001 1 44.550000000000004 12.850000000000003
decision_type=1 2 2 2 2 1 2 2
left_child=-1 5 3 -3 -4 7 -7 -2
right_child=1 2 4 -5 -6 6 -8 -9
leaf_value=-0.030977192492834468 -0.0088033423263761089 0.012376833786949407 0.011253181596592859 -0.013592292493759789 -0.0063826054719932765 0.022916092884566759 -0.025492720376477186 0.034021993158008128
leaf_weight=17.519823323818855 29.059283681213856 122.53603136632591 455.26190351974219 432.58934005722404 333.18054793588817 32.350810999050736 50.841682013124228 93.54053170979023
leaf_count=2340 210 902 3540 2894 2545 314 415 877
internal_value=9.44097e-05 0.000661057 -0.00101373 -0.00784803 0.00380199 0.0115793 -0.00591677 0.0220946
internal_weight=1566.88 1549.36 1343.57 555.125 788.442 205.792 83.1925 122.6
internal_count=14037 11697 9881 3796 6085 1816 729 1087
cat_boundaries=0 1 2
cat_threshold=16 11
is_linear=0
shrinkage=0.05


Tree=138
num_leaves=13
num_cat=0
split_feature=44 4 32 33 44 39 39 5 19 43 4 19
split_gain=11.4676 16.4923 21.6745 18.3632 16.0675 16.0204 15.2539 11.7624 7.92799 11.1935 7.99327 1.53229
threshold=46.600000000000001 -0.92923668111203817 26.606547500000005 32.750000000000007 42.300000000000004 25.250000000000004 17.050000000000004 0.41202506375868281 26.649305500000001 12.300000000000002 -0.63921128368950708 26.709722000000003
decision_type=2 2 2 2 2 2 2 2 2 2 2 2
left_child=1 4 3 -3 6 -4 -1 8 10 -10 -2 -6
right_child=7 2 5 -5 11 -7 -8 -9 9 -11 -12 -13
leaf_value=-0.0093474917538980528 -0.0081603194278497913 -0.007208512854047746 0.0017089700292307255 -0.04423005895425957 -0.045259280611541143 0.028681140756106095 0.03567842416657737 -0.060742653804307947 0.0037409897275617714 -0.030604825107649381 0.043141860101799531 -0.00028575933581582563
leaf_weight=23.82837254460901 17.523192754946653 205.5845378448721 1015.6616373620927 39.159545348258689 8.4121182439848763 57.220525815151632 82.353203147184104 11.017001612810416 41.422954854555428 53.905144178075716 12.059855831321327 2.387029612902551
leaf_count=189 170 1852 8975 306 83 570 871 96 401 448 139 27
internal_value=0.000392859 0.00171128 0.000107573 -0.0132879 0.0196208 0.00317286 0.0255811 -0.0134328 -0.00881087 -0.0157966 0.0134804 -0.0361851
internal_weight=1570.54 1434.61 1317.63 244.744 116.981 1072.88 106.182 135.928 124.911 95.3281 29.583 10.7991
internal_count=14127 12873 11703 2158 1170 9545 1060 1254 1158 849 309 110
is_linear=0
shrinkage=0.05


Tree=139
num_leaves=14
num_cat=1
split_feature=0 6 5 5 38 8 6 27 37 25 36 34 36
split_gain=13.4878 18.4296 19.3226 18.4044 16.2935 15.9665 14.832 13.6165 9.76773 9.79372 11.3607 10.8921 3.99394
threshold=0 2.5000000000000004 -0.97111920233974802 -0.97111920233974802 8.9562500000000025 33.150000000000013 1.5000000000000002 12.800000000000002 27.500000000000004 8.6750000000000025 99.500000000000014 25.950000000000003 85.500000000000014
decision_type=1 2 2 2 2 2 2 2 2 2 2 2 2
left_child=8 3 7 4 -2 -4 -5 -3 12 10 -10 -11 -1
right_child=1 2 5 6 -6 -7 -8 -9 9 11 -12 -13 -14
leaf_value=0.020174512677926634 -0.00078951265511873674 -0.027101128146377614 0.00015310927705757544 0.00043802263683122576 -0.084179379595420545 0.016868679646957957 -0.029827793919342083 0.036822408373910619 -0.026579679647901658 0.0075187065070652509 9.3958647498765282e-05 -0.047876237564283081 -0.05529567766279489
leaf_weight=1.4756474290043105 9.9362290278077143 8.7194200903177244 690.03426655754447 238.2142796991393 13.337832778692244 179.16389309428632 47.759560761973262 69.383457571268082 94.459172620205209 113.5313631745521 68.598464387003332 8.6231142301112396 13.876031972467898
leaf_count=15 59 51 5050 1691 61 1525 274 636 1779 1550 927 122 284
internal_value=3.24621e-06 0.00229421 0.0057716 -0.0082682 -0.0500775 0.00361404 -0.0047029 0.0294336 -0.00931739 -0.00744317 -0.0154259 0.00325128 -0.0472511
internal_weight=1557.11 1256.55 947.301 309.248 23.2741 869.198 285.974 78.1029 300.564 285.212 163.058 122.154 15.3517
internal_count=14024 9347 7262 2085 120 6575 1965 687 4677 4378 2706 1672 299
cat_boundaries=0 1
cat_threshold=48
is_linear=0
shrinkage=0.05


Tree=140
num_leaves=15
num_cat=2
split_feature=4 33 5 34 0 35 37 1 39 22 44 4 26 44
split_gain=10.701 22.4811 46.4933 34.6107 27.5731 24.7094 23.3483 21.3556 22.3255 22.423 18.1988 26.4609 11.4463 3.0302
threshold=0.039769539193789956 33.550000000000004 -0.75581183015052977 24.550000000000004 0 86.931547500000008 50.500000000000007 1 21.550000000000004 88.805555500000011 48.800000000000004 -0.78326540922535159 16.550000000000004 54.550000000000004
decision_type=2 2 2 2 1 2 2 1 2 2 2 2 2 2
left_child=7 3 -3 4 -2 -5 -4 10 9 -9 11 -1 -10 -12
right_child=1 2 6 5 -6 -7 -8 8 12 -11 13 -13 -14 -15
leaf_value=2.3657165668031154e-05 0.013616108903787203 0.050210363942459695 0.0006799858101500726 -0.063863711131750434 -0.01933396215764643 0.0051094708725327367 -0.039392813562103036 -0.0083209922708458953 -0.023812852703115114 -0.063897518661414396 -0.013959786072383774 0.030162465300310803 0.020473025704293556 -0.051867991304532728
leaf_weight=127.29912267671898 100.13138120993972 44.877438984811306 504.59929249994457 49.756391682196409 140.47286410699598 17.259896366856992 38.168478041887283 209.16009572776966 16.297413157531992 18.931619106791914 19.576407258166004 169.19854241656139 96.386882417835295 6.8904449571855357
leaf_count=1214 678 418 4479 354 1338 138 265 1969 167 153 154 1777 921 45
internal_value=-0.00029455 -0.00385959 0.00187612 -0.014787 -0.00585831 -0.0462859 -0.00220527 0.00451262 -0.00421451 -0.0131926 0.0137056 0.0172662 0.0139149 -0.025358
internal_weight=1559.01 895.266 587.645 307.621 240.604 67.0163 542.768 663.741 340.776 228.092 322.965 296.498 112.684 26.4669
internal_count=14070 7670 5162 2508 2016 492 4744 6400 3210 2122 3190 2991 1088 199
cat_boundaries=0 1 2
cat_threshold=9 1
is_linear=0
shrinkage=0.05


Tree=141
num_leaves=15
num_cat=2
split_feature=0 29 34 36 43 20 13 4 43 12 4 40 44 1
split_gain=10.9088 15.5954 28.3464 23.348 19.0003 24.0074 23.7476 14.2823 8.92169 24.2005 11.1445 7.34846 5.92679 13.4384
threshold=0 1.5000000000000002 20.850000000000005 96.500000000000014 13.65 32.550000000000004 6.4604165000000009 0.99700008544936913 5.7500000000000009 49.500000000000007 -0.099819732675876779 16.500000000000004 40.500000000000007 1
decision_type=1 2 2 2 2 2 2 2 2 2 2 2 2 1
left_child=8 2 3 -2 6 -6 -3 -4 12 11 -11 -10 13 -1
right_child=1 4 7 -5 5 -7 -8 -9 9 10 -12 -13 -14 -15
leaf_value=-0.036174172846058027 -0.039047555417260078 0.019846417454966691 0.028392018211673881 0.018036123160173168 0.00012821067313779246 0.026581287821051975 -0.013730714668124304 -0.034386636167705445 0.078263863793044203 -0.00111858993223355 -0.027657759917897869 -0.0028866047526325631 -0.0410726524833879 0.011642203031011067
leaf_weight=29.219215054996312 38.195047330111265 60.430441183969378 152.81365334521979 32.165466990321875 485.97575632669032 103.15367497317493 371.33204509690404 8.8017957173287851 10.147672068327664 149.81806301488541 52.793150993762538 3.6283045695163301 28.323538856930099 27.878554409835488
leaf_count=492 225 515 1293 249 3863 739 2422 68 110 1808 1175 63 530 494
internal_value=-0.000464907 0.00161053 0.0132964 -0.0130646 -0.00103948 0.00479721 -0.00899618 0.0247826 -0.00881927 -0.00366812 -0.00813561 0.0581417 -0.0226951 -0.0130288
internal_weight=1554.68 1252.87 231.976 70.3605 1020.89 589.129 431.762 161.615 301.808 216.387 202.611 13.776 85.4213 57.0978
internal_count=14046 9374 1835 474 7539 4602 2937 1361 4672 3156 2983 173 1516 986
cat_boundaries=0 1 2
cat_threshold=48 1
is_linear=0
shrinkage=0.05


Tree=142
num_leaves=15
num_cat=1
split_feature=0 34 34 23 36 37 38 38 30 42 34 36 25 33
split_gain=10.878 13.9496 14.9767 21.9648 20.8703 7.77235 10.753 16.0586 13.276 10.0041 12.5068 7.63922 14.1338 5.47404
threshold=0 25.050000000000004 24.550000000000004 96.500000000000014 96.500000000000014 31.500000000000004 10.845535500000002 13.519047500000001 1.0500000000000003 3.5000000000000004 21.050000000000004 97.500000000000014 7.6166665000000009 33.750000000000007
decision_type=1 2 2 2 2 2 2 2 2 2 2 2 2 2
left_child=1 2 4 -4 -1 9 8 -8 -7 10 -2 13 -13 -3
right_child=5 11 3 -5 -6 6 7 -9 -10 -11 -12 12 -14 -15
leaf_value=-0.0071136683264178355 -0.056347663069882703 0.00040590800702118942 0.0073964854614033118 -0.034096781131354316 0.011592338681405167 0.012486191903302756 0.016996480987406717 -0.055637544223601711 -0.0091403117657226536 -0.055012252605046455 0.00035434592999031202 0.047219089420288733 -0.057838695124972576 0.048855408842340894
leaf_weight=229.53687188774347 11.015308442758394 7.1849630475044242 62.066326968371868 63.975897781550884 421.73608600348234 82.758269699756056 98.052841169759631 7.2721434854902318 466.70619617972989 15.056605153600684 50.953775522531942 5.2611265350133163 5.5688521862030029 30.304179806262255
leaf_count=1452 211 31 395 357 4220 852 849 79 4348 149 554 75 38 530
internal_value=-0.000377193 0.00353792 0.00194206 -0.0137671 0.00499873 -0.00477614 -0.00305868 0.0115054 -0.00586624 -0.0197619 -0.0104595 0.0293682 -0.00712505 0.0398216
internal_weight=1557.45 825.634 777.315 126.042 651.273 731.815 654.789 105.325 549.464 77.0257 61.9691 48.3191 10.83 37.4891
internal_count=14140 7098 6424 752 5672 7042 6128 928 5200 914 765 674 113 561
cat_boundaries=0 1
cat_threshold=13
is_linear=0
shrinkage=0.05


Tree=143
num_leaves=15
num_cat=0
split_feature=32 33 42 2 44 33 34 24 39 4 5 26 32 34
split_gain=10.59 20.9388 16.1768 21.3222 18.4747 16.1607 15.3754 15.3169 24.1224 13.1819 7.49109 6.38324 4.95851 1.68121
threshold=26.606547500000005 32.750000000000007 2.5000000000000004 6.5000000000000009 46.250000000000007 31.950000000000003 20.950000000000003 67.500000000000014 22.150000000000002 0.24372619187392147 0.28313308994381586 18.650000000000002 26.446726000000002 20.350000000000005
decision_type=2 2 2 2 2 2 2 2 2 2 2 2 2 2
left_child=1 7 6 4 -4 -5 -2 10 -9 -8 -1 13 -13 -3
right_child=2 11 3 5 -6 -7 9 8 -10 -11 -12 12 -14 -15
leaf_value=0.020634830195581776 -0.038272711634358102 -0.018298950250463668 -0.0037476089800981016 -0.0039332098991142362 -0.042742696294514493 0.017083857596202769 -0.034849903821748913 -0.033784802285405778 0.01620644893554125 0.028503313526652502 -0.0012791833967844089 -0.031142336717609999 -0.074969118470267784 0.022637159383514162
leaf_weight=53.362097952514887 10.005674675805492 8.1856964551843685 658.33507243986242 147.0514022000134 30.862731097266078 239.5910013129469 8.0474214971763995 76.767154465429485 34.268572794739157 107.48470048652962 137.61297057126649 15.927189145004379 13.75178713025525 2.5101995118893674
leaf_count=552 89 76 5607 1382 284 2344 83 633 370 1131 1269 141 87 21
internal_value=-0.000506424 -0.00825031 0.00170556 -0.000283165 -0.00555323 0.00910093 0.0186162 -0.00366762 -0.0183492 0.0238292 0.0049196 -0.0416124 -0.0532313 -0.00757767
internal_weight=1543.76 342.386 1201.38 1075.84 689.198 386.642 125.538 302.011 111.036 115.532 190.975 40.3749 29.679 10.6959
internal_count=14069 3149 10920 9617 5891 3726 1303 2824 1003 1214 1821 325 228 97
is_linear=0
shrinkage=0.05


Tree=144
num_leaves=15
num_cat=1
split_feature=0 32 43 43 32 39 5 39 5 36 44 32 38 19
split_gain=11.1245 13.9192 18.5085 23.5834 17.3341 16.4997 15.7525 15.1993 9.24233 10.8239 11.764 9.48109 7.46693 6.86903
threshold=0 26.623214000000004 18.150000000000002 17.600000000000005 26.308333500000003 19.450000000000003 -0.75013812021657655 18.650000000000002 0.98174098242282859 99.500000000000014 40.500000000000007 27.574405000000002 9.8752975000000021 27.748611000000004
decision_type=1 2 2 2 2 2 2 2 2 2 2 2 2 2
left_child=1 4 3 -3 7 -4 -6 -1 9 11 -11 -2 13 -10
right_child=8 2 5 -5 6 -7 -8 -9 12 10 -12 -13 -14 -15
leaf_value=0.034167177704103741 -0.013417902967502355 0.0045962356726270423 0.0075291730193952355 -0.048399914932893397 0.042170611558187882 0.038414056510167487 -0.029073768889944118 -0.0079368713645317709 -0.063555762709277194 0.01155342162355261 -0.038613152091848298 -0.00023619711353652347 0.028708109506152088 -0.0045233690903957856
leaf_weight=32.716340094804764 279.26866631757002 426.29043391253799 99.255331374704838 21.078326765447855 7.6293768975883713 76.493853272870183 87.356754370033741 58.077016871422529 14.383774951682431 149.73889450891875 11.695613166317342 265.83871059969533 3.4091531694866708 7.4891480617225161
leaf_count=291 2734 3496 851 127 133 912 722 461 215 1309 105 2549 40 102
internal_value=-0.000231353 0.00378728 0.00741371 0.00199688 -0.00814786 0.0211129 -0.0229716 0.00744177 -0.00466041 -0.00363556 0.00770361 -0.00700163 -0.0338462 -0.0444249
internal_weight=1540.72 808.897 623.118 447.369 185.779 175.749 94.9861 90.7934 731.824 706.542 161.435 545.107 25.2821 21.8729
internal_count=14047 6993 5386 3623 1607 1763 855 752 7054 6697 1414 5283 357 317
cat_boundaries=0 1
cat_threshold=13
is_linear=0
shrinkage=0.05


end of trees

feature_importances:
age_group=230
temperature_min_7d=170
day_of_year_sin=151
wind_speed_max_7d=137
day_of_year_cos=110
wind_gust_max_7d=81
temperature_max_7d=74
temperature_mean_7d=70
humidity_max_7d=67
wind_speed_mean_7d=51
rain_max_daily_7d=49
precipitation_sum_7d=41
gender=39
temperature_mean_3d=35
wind_speed_max_3d=35
temperature_max_current=34
humidity_min_7d=33
rain_days_7d=28
wind_speed_mean_3d=26
month=23
weather_code_current=23
wind_speed_mean_current=19
temperature_min_3d=18
temperature_max_3d=15
temperature_mean_current=12
precipitation_sum_3d=12
rain_sum_7d=11
wind_speed_max_current=9
humidity_min_3d=9
humidity_mean_7d=9
humidity_mean_3d=8
humidity_mean_current=6
rain_max_daily_3d=6
wind_gust_max_3d=6
temperature_min_current=4
humidity_min_current=4
humidity_max_3d=4
rain_days_3d=4
humidity_max_current=3
wind_gust_max_current=2
precipitation_sum_current=1

parameters:
[boosting: gbdt]
[objective: binary]
[metric: binary_logloss]
[tree_learner: serial]
[device_type: cpu]
[data_sample_strategy: bagging]
[data: ]
[valid: ]
[num_iterations: 145]
[learning_rate: 0.05]
[num_leaves: 15]
[num_threads: 8]
[seed: 42]
[deterministic: 0]
[force_col_wise: 0]
[force_row_wise: 0]
[histogram_pool_size: -1]
[max_depth: 4]
[min_data_in_leaf: 20]
[min_sum_hessian_in_leaf: 0.001]
[bagging_fraction: 0.9]
[pos_bagging_fraction: 1]
[neg_bagging_fraction: 1]
[bagging_freq: 1]
[bagging_seed: 400]
[bagging_by_query: 0]
[feature_fraction: 0.9]
[feature_fraction_bynode: 1]
[feature_fraction_seed: 30056]
[extra_trees: 0]
[extra_seed: 12879]
[early_stopping_round: 0]
[early_stopping_min_delta: 0]
[first_metric_only: 0]
[max_delta_step: 0]
[lambda_l1: 0]
[lambda_l2: 1]
[linear_lambda: 0]
[min_gain_to_split: 0]
[drop_rate: 0.1]
[max_drop: 50]
[skip_drop: 0.5]
[xgboost_dart_mode: 0]
[uniform_drop: 0]
[drop_seed: 17869]
[top_rate: 0.2]
[other_rate: 0.1]
[min_data_per_group: 100]
[max_cat_threshold: 32]
[cat_l2: 10]
[cat_smooth: 10]
[max_cat_to_onehot: 4]
[top_k: 20]
[monotone_constraints: ]
[monotone_constraints_method: basic]
[monotone_penalty: 0]
[feature_contri: ]
[forcedsplits_filename: ]
[refit_decay_rate: 0.9]
[cegb_tradeoff: 1]
[cegb_penalty_split: 0]
[cegb_penalty_feature_lazy: ]
[cegb_penalty_feature_coupled: ]
[path_smooth: 0]
[interaction_constraints: ]
[verbosity: -1]
[saved_feature_importance_type: 0]
[use_quantized_grad: 0]
[num_grad_quant_bins: 4]
[quant_train_renew_leaf: 0]
[stochastic_rounding: 1]
[linear_tree: 0]
[max_bin: 255]
[max_bin_by_feature: ]
[min_data_in_bin: 3]
[bin_construct_sample_cnt: 200000]
[data_random_seed: 175]
[is_enable_sparse: 1]
[enable_bundle: 1]
[use_missing: 1]
[zero_as_missing: 0]
[feature_pre_filter: 1]
[pre_partition: 0]
[two_round: 0]
[header: 0]
[label_column: ]
[weight_column: ]
[group_column: ]
[ignore_column: ]
[categorical_feature: 0,1,3]
[forcedbins_filename: ]
[precise_float_parser: 0]
[parser_config_file: ]
[objective_seed: 16083]
[num_class: 1]
[is_unbalance: 0]
[scale_pos_weight: 1]
[sigmoid: 1]
[boost_from_average: 1]
[reg_sqrt: 0]
[alpha: 0.9]
[fair_c: 1]
[poisson_max_delta_step: 0.7]
[tweedie_variance_power: 1.5]
[lambdarank_truncation_level: 30]
[lambdarank_norm: 1]
[label_gain: ]
[lambdarank_position_bias_regularization: 0]
[eval_at: ]
[multi_error_top_k: 1]
[auc_mu_weights: ]
[num_machines: 1]
[local_listen_port: 12400]
[time_out: 120]
[machine_list_filename: ]
[machines: ]
[gpu_platform_id: -1]
[gpu_device_id: -1]
[gpu_device_id_list: ]
[gpu_use_dp: 0]
[num_gpu: 1]

end of parameters

pandas_categorical:[]
