tree
version=v4
num_class=1
num_tree_per_iteration=1
label_index=0
max_feature_idx=44
objective=binary sigmoid:1
feature_names=age_group gender month season day_of_year_sin day_of_year_cos weather_code_current temperature_mean_current temperature_max_current temperature_min_current humidity_mean_current humidity_max_current humidity_min_current wind_speed_mean_current wind_speed_max_current precipitation_sum_current rain_sum_current wind_gust_max_current rain_day_current temperature_mean_3d temperature_max_3d temperature_min_3d humidity_mean_3d humidity_max_3d humidity_min_3d wind_speed_mean_3d wind_speed_max_3d precipitation_sum_3d rain_sum_3d rain_days_3d rain_max_daily_3d wind_gust_max_3d temperature_mean_7d temperature_max_7d temperature_min_7d humidity_mean_7d humidity_max_7d humidity_min_7d wind_speed_mean_7d wind_speed_max_7d precipitation_sum_7d rain_sum_7d rain_days_7d rain_max_daily_7d wind_gust_max_7d
feature_infos=-1:0:1:2:3:4:5 -1:0:1 [1:12] -1:1:0 [-0.99999942202469239:0.99998555065071859] [-0.99997919295908244:0.9999907524084426] [0:61] [23.658332999999999:32.533332999999999] [25.899999999999999:39.200000000000003] [17.899999999999999:29.300000000000001] [48.958333000000003:91.625] [63:100] [23:86] [2.8541669999999999:19.695833] [6.4000000000000004:30.100000000000001] [0:63.100000000000001] [0:63.100000000000001] [14:56.899999999999999] [0:1] [23.766667000000002:32.427778000000004] [27.699999999999999:39.200000000000003] [17.899999999999999:28.100000000000001] [52.569443999999997:90.694444000000004] [73:100] [23:79] [4.125:17.329167000000002] [9.6999999999999993:30.100000000000001] [0:93.900000000000006] [0:93.900000000000006] [0:3] [0:63.100000000000001] [17.300000000000001:56.899999999999999] [24.365476000000001:32.235118999999997] [28.699999999999999:39.200000000000003] [17.899999999999999:27.5] [55.767856999999999:89.523809999999997] [77:100] [23:72] [4.5327380000000002:15.469643] [11.6:30.100000000000001] [0:163.90000000000001] [0:163.90000000000001] [0:7] [0:63.100000000000001] [23:56.899999999999999]
tree_sizes=1379 1370 1377 1298 1508 1410 1440 1484 1484 1485 1514 1497 1306 1512 1384 1405 1404 1396 1480 1540 1518 1501 1505 1499 1505 1395 1106 997 1507 1494 989 986 1097 1107 1086 1001 1089 1106 1113 1549 1107 1079 1004 1004 1097 1093 1106 1736 1095 1110 1110 1105 998 1005 1113 914 1109 1644 1092 1006 1110 986 1009 1100 1003 1103 1101 1648 1112 1115 1206 1107 1107 1105 1104 1114 1098 1122 1126 912 1014

Tree=0
num_leaves=12
num_cat=2
split_feature=0 0 34 4 44 5 5 4 33 33 7
split_gain=4427.85 341.028 82.3584 103.751 72.574 70.1385 56.3123 51.9876 51.6166 28.7528 6.8384
threshold=0 1 20.350000000000005 0.21022171450811272 45.20000000000001 0.90438663683299525 0.36447543099728857 0.92922379131507438 37.100000000000009 31.850000000000005 28.114583500000006
decision_type=1 1 2 2 2 2 2 2 2 2 2
left_child=2 5 3 9 7 8 -6 -4 -2 -1 -7
right_child=1 -3 4 -5 6 10 -8 -9 -10 -11 -12
leaf_value=-0.99807253965106779 -1.0596676666174301 -1.1055725048209373 -0.93315986210167468 -1.1029273811360862 -0.97203977422328025 -1.1027386388329963 -1.0994053188134443 -0.9732900747323906 -1.0095832615216427 -0.87809683825897 -1.0614454855938604
leaf_weight=12.549599036574365 735.59957429766655 896.81365422904491 646.20781500637531 18.534792423248291 104.45127813518047 99.624509274959564 8.6881839483976346 99.431438520550728 54.445952743291855 8.4951131939887983 12.742669790983198
leaf_count=65 3810 4645 3347 96 541 516 45 515 282 44 66
internal_value=-1.03839 -1.08361 -0.948375 -1.01847 -0.944121 -1.06124 -0.982267 -0.938416 -1.05618 -0.944554 -1.0983
internal_weight=2697.58 1799.23 898.358 39.5795 858.779 902.413 113.139 745.639 790.046 21.0447 112.367
internal_count=13972 9319 4653 205 4448 4674 586 3862 4092 109 582
cat_boundaries=0 1 2
cat_threshold=5 10
is_linear=0
shrinkage=1


Tree=1
num_leaves=12
num_cat=5
split_feature=0 0 34 5 5 44 1 0 36 1 7
split_gain=3838.95 326.112 73.1387 83.3443 71.3203 60.6989 60.8435 52.5232 30.8755 7.94448 5.72848
threshold=0 1 20.350000000000005 0.97648852793709995 0.89691351184655443 52.000000000000007 2 3 99.500000000000014 4 28.114583500000006
decision_type=1 1 2 2 2 2 1 1 2 1 2
left_child=2 4 3 8 7 6 -4 -2 -1 -7 -6
right_child=1 -3 5 -5 10 9 -8 -9 -10 -11 -12
leaf_value=-0.055173636277173511 -0.0033974170513839013 -0.065717612055552002 0.10007742860850036 0.14751047327575273 -0.063910881040813314 -0.053994822895082555 0.073118800510952625 -0.029514753234111221 0.047483206036247699 0.019828791457746631 -0.025002727990471169
leaf_weight=21.709787473082542 394.37723189592361 867.34336507320404 437.63125066459179 8.2637025713920575 97.016952782869339 6.969832628965376 438.85399742424488 387.46422289311886 9.9135536253452319 5.9741422533988953 12.412867173552511
leaf_count=115 2060 4642 2170 40 518 35 2176 2024 50 30 65
internal_value=-0.000394871 -0.0437723 0.0812475 0.0154504 -0.0218754 0.08509 0.086678 -0.0167822 -0.0225229 -0.0209439 -0.0597638
internal_weight=2687.93 1758.61 929.316 39.887 891.271 889.429 876.485 781.841 31.6233 12.944 109.43
internal_count=13925 9309 4616 205 4667 4411 4346 4084 165 65 583
cat_boundaries=0 1 2 3 4 5
cat_threshold=5 10 1 8 1
is_linear=0
shrinkage=0.05


Tree=2
num_leaves=12
num_cat=5
split_feature=0 0 5 34 33 0 1 0 44 33 7
split_gain=3428.87 323.559 65.24 62.8519 79.7355 55.0796 59.3071 40.0877 37.9533 24.4443 5.12234
threshold=0 1 0.90438663683299525 20.350000000000005 32.750000000000007 2 3 4 50.20000000000001 31.850000000000005 28.114583500000006
decision_type=1 1 2 2 2 1 1 1 2 2 2
left_child=3 2 7 4 9 8 -7 -2 -5 -1 -4
right_child=1 -3 10 5 -6 6 -8 -9 -10 -11 -12
leaf_value=0.027723145319037659 -0.0041212474984226762 -0.064658599666784319 -0.061699250396839517 0.096407744153820765 -0.062279973660525373 0.078192041825349501 0.042165758104087354 -0.027038211521370783 -0.00085463148995628248 0.13159046063858357 -0.024724586871305427
leaf_weight=13.692963495850565 393.09166175127029 846.98328575491905 93.433842301368713 458.72656343877316 18.188552558422089 236.34030057489872 229.97180929780006 387.72080306708813 10.235807806253431 9.5894827246665937 12.450148433446882
leaf_count=69 2057 4689 516 2193 100 1125 1106 2055 51 44 66
internal_value=-0.000319586 -0.0424611 -0.0207254 0.0741229 0.0142626 0.0775508 0.0592845 -0.0159195 0.0923231 0.074161 -0.0576237
internal_weight=2710.43 1733.68 886.696 976.745 41.471 935.274 466.312 780.812 468.962 23.2824 105.884
internal_count=14071 9383 4694 4688 213 4475 2231 4112 2244 113 582
cat_boundaries=0 1 2 3 4 5
cat_threshold=5 10 1 1 8
is_linear=0
shrinkage=0.05


Tree=3
num_leaves=11
num_cat=2
split_feature=0 0 34 34 39 37 34 20 38 33
split_gain=3135.2 305.801 55.3879 82.4195 76.63 75.4016 51.3967 42.9462 9.20784 10.6185
threshold=0 1 25.250000000000004 24.450000000000003 19.150000000000002 25.500000000000004 20.950000000000003 36.95000000000001 13.849107000000002 34.550000000000004
decision_type=1 1 2 2 2 2 2 2 2 2
left_child=2 6 3 5 -5 -1 -2 -8 9 -4
right_child=1 -3 8 4 -6 -7 7 -9 -10 -11
leaf_value=-0.0610598602351132 -0.064334797589743989 -0.063667758139359473 0.074594557065838923 -0.020774545138086256 0.055723516128955403 0.074861259862178578 -0.020062502064515944 0.029803736563292261 0.032305415426446431 0.12741988934273069
leaf_weight=9.6372766047716123 61.72187864780426 814.17238387465477 18.123903602361679 46.246902301907539 107.55067524313927 769.0040205270052 772.96390900015831 44.862682655453682 4.4732668548822394 54.514333009719849
leaf_count=51 344 4667 84 214 503 3583 4127 233 21 253
internal_value=1.99313e-06 -0.0414923 0.0693138 0.0664867 0.032735 0.0731028 -0.0204323 -0.017294 0.111085 0.115431
internal_weight=2703.27 1693.72 1009.55 932.439 153.798 778.641 879.548 817.827 77.1115 72.6382
internal_count=14080 9371 4709 4351 717 3634 4704 4360 358 337
cat_boundaries=0 1 2
cat_threshold=5 10
is_linear=0
shrinkage=0.05


Tree=4
num_leaves=13
num_cat=2
split_feature=0 0 5 33 34 37 39 39 37 21 4 38
split_gain=2742.93 301.749 58.9038 48.7161 59.4108 63.2986 58.3214 36.1293 10.7884 5.38473 3.2325 0.228588
threshold=0 1 0.8852232634113919 36.95000000000001 24.450000000000003 25.500000000000004 19.050000000000004 29.150000000000002 27.500000000000004 23.150000000000002 0.97696484778429815 12.327381000000003
decision_type=1 1 2 2 2 2 2 2 2 2 2 2
left_child=3 2 7 4 5 -1 -6 -2 10 -4 -5 -10
right_child=1 -3 9 8 6 -7 -8 -9 11 -11 -12 -13
leaf_value=-0.059912821550485156 -0.015822985431333886 -0.06275261086976297 -0.059122276704054046 0.02357385396206144 -0.0069025998296803337 0.068300090611549735 0.053925428619418639 0.075990035993998589 0.12431922958698727 -0.030060320737837848 0.077740336840581681 0.088647939448992921
leaf_weight=9.0248789340257627 748.63277730345726 785.11564779281616 88.148742586374283 5.42691746354103 57.467312380671501 776.53544324636459 122.95248959958553 9.8960802257060987 38.112436458468437 23.590073674917221 9.0232210755348188 14.149941459298132
leaf_count=49 4011 4664 510 25 266 3522 561 51 170 132 41 64
internal_value=-0.000401528 -0.0402078 -0.0193395 0.0631622 0.0607931 0.0667528 0.0346192 -0.0145267 0.105389 -0.0533078 0.06024 0.116507
internal_weight=2688.08 1655.38 870.268 1032.69 965.98 785.56 180.42 758.529 66.7125 111.739 14.4501 52.2624
internal_count=14066 9368 4704 4698 4398 3571 827 4062 300 642 66 234
cat_boundaries=0 1 2
cat_threshold=5 10
is_linear=0
shrinkage=0.05


Tree=5
num_leaves=12
num_cat=2
split_feature=0 0 5 34 4 34 34 33 33 36 7
split_gain=2543.97 284.125 53.88 50.7646 65.1396 43.1757 85.9011 37.4357 24.9826 7.41922 6.07381
threshold=0 1 0.89691351184655443 20.350000000000005 0.21022171450811272 25.250000000000004 24.450000000000003 37.100000000000009 31.850000000000005 97.500000000000014 28.114583500000006
decision_type=1 1 2 2 2 2 2 2 2 2 2
left_child=3 2 7 4 8 6 -5 -2 -1 -7 -4
right_child=1 -3 10 5 -6 9 -8 -9 -10 -11 -12
leaf_value=0.012939790517787438 -0.017884923530250615 -0.06190081925685012 -0.058218417775643322 0.066452936416974473 -0.062599280234569135 0.1039299378616402 0.025792282980796978 0.024978786240992524 0.11124996571993394 0.054113302043621726 -0.018477001422413632
leaf_weight=14.500290483236315 703.39593330025673 755.01241654157639 88.297544106841087 768.76964361965656 18.244943797588348 72.018569186329842 158.37310515344143 54.047610819339752 11.113690465688704 12.300314575433729 12.094060391187666
leaf_count=68 3810 4652 530 3400 100 314 720 278 47 55 67
internal_value=-6.16126e-05 -0.0394622 -0.0191794 0.0599408 0.00765731 0.0627901 0.0595426 -0.0147975 0.0581731 0.0973822 -0.0536603
internal_weight=2668.17 1612.85 857.835 1055.32 43.8589 1011.46 927.143 757.444 25.614 84.3189 100.392
internal_count=14041 9337 4685 4704 215 4489 4120 4088 115 369 597
cat_boundaries=0 1 2
cat_threshold=5 10
is_linear=0
shrinkage=0.05


Tree=6
num_leaves=12
num_cat=1
split_feature=33 44 34 4 31 5 1 36 36 5 32
split_gain=57.8963 56.0792 54.1755 53.9502 30.1919 7.9177 7.24186 8.04018 4.24697 1.46833 1.46425
threshold=36.95000000000001 48.800000000000004 20.350000000000005 0.91596454896554913 27.550000000000001 0.24997576770840005 0 89.500000000000014 92.500000000000014 -0.94703994556331683 27.970238000000005
decision_type=2 2 2 2 2 2 1 2 2 2 2
left_child=1 2 4 -4 -1 6 7 -2 -8 -3 -11
right_child=5 9 3 -5 -6 -7 8 -9 -10 10 -12
leaf_value=-0.0070271157548532125 0.0081904560755678962 -0.022895752834618154 0.0038020293153618826 -0.019426196852295886 -0.059610611550741099 0.057014060866514296 0.020465158620662859 0.043370735676821114 -0.0035857995422228432 -0.046913795692445748 -0.017324301389634644
leaf_weight=51.750289127230644 23.100541725754738 12.429388388991354 1996.9832157045603 284.72785229980946 57.493560075759888 19.13829505443573 52.65483133494854 58.381949871778488 27.497656598687172 66.617253184318542 6.1085152328014365
leaf_count=287 118 66 10563 1510 342 98 270 296 142 359 32
internal_value=-0.000187245 -0.00218583 -0.000757428 0.000896209 -0.0349908 0.0270494 0.0231728 0.0336172 0.0122716 -0.0418177 -0.0446972
internal_weight=2656.88 2476.11 2390.95 2281.71 109.244 180.773 161.635 81.4825 80.1525 85.1552 72.7258
internal_count=14083 13159 12702 12073 629 924 826 414 412 457 391
cat_boundaries=0 1
cat_threshold=1
is_linear=0
shrinkage=0.05


Tree=7
num_leaves=13
num_cat=5
split_feature=0 0 5 0 1 34 0 36 33 40 32 7
split_gain=2252.7 290.331 57.0261 55.7019 44.3699 71.6262 40.2789 32.1472 35.2163 28.1565 21.9912 5.87644
threshold=0 1 0.89691351184655443 2 3 21.550000000000004 4 99.500000000000014 36.850000000000001 0.35000000000000003 27.782440500000003 28.114583500000006
decision_type=1 1 2 1 1 2 1 2 2 2 2 2
left_child=3 2 6 7 5 -5 -2 8 -1 -6 -9 -4
right_child=1 -3 11 4 9 -7 -8 10 -10 -11 -12 -13
leaf_value=0.058438772418539287 -0.0012991288408083967 -0.061115818889219221 -0.057884123784049613 -0.015267631458185793 0.088497833569649409 0.065843615255496105 -0.024510216454440303 0.098889949199589711 0.10914266240338172 0.02296634120874139 -0.0059836717029512904 -0.018980901491242361
leaf_weight=380.57322256267071 382.15109926462173 733.44805161654949 86.779450327157974 30.380068182945251 16.749273896217346 235.33118756115437 369.59770731627941 108.27657768130302 38.50957590341568 247.51831971108913 5.1223347783088675 12.31923124194145
leaf_count=1670 2052 4692 541 138 76 1022 2036 467 163 1097 23 69
internal_value=-0.000351235 -0.038031 -0.0176054 0.0556524 0.0413327 0.0565473 -0.0130711 0.0687798 0.0633467 0.0274377 0.0941418 -0.0532859
internal_weight=2646.76 1584.3 850.847 1062.46 529.979 265.711 751.749 532.482 419.083 264.268 113.399 99.0987
internal_count=14046 9390 4698 4656 2333 1160 4088 2323 1833 1173 490 610
cat_boundaries=0 1 2 3 4 5
cat_threshold=5 10 1 1 8
is_linear=0
shrinkage=0.05


Tree=8
num_leaves=13
num_cat=5
split_feature=0 0 5 0 1 34 0 6 34 44 38 7
split_gain=2048.72 282.394 50.6181 48.3891 37.5267 61.8734 36.0179 28.4821 30.5031 29.9667 27.3407 6.5554
threshold=0 1 0.90438663683299525 2 3 21.550000000000004 4 2.5000000000000004 21.450000000000003 50.20000000000001 12.562500000000002 28.114583500000006
decision_type=1 1 2 1 1 2 1 2 2 2 2 2
left_child=3 2 6 7 5 -5 -2 8 -1 -9 -6 -4
right_child=1 -3 11 4 10 -7 -8 9 -10 -11 -12 -13
leaf_value=-0.018578429269002661 -0.00171466172509261 -0.060376140633570254 -0.057798580091102829 -0.011726465996275906 0.029822169102344476 0.061215364421784435 -0.023716195561031508 0.073338392456510054 0.053181979888122913 -0.014721117581019084 -0.040362628525720617 -0.015669017213939485
leaf_weight=16.779367253184319 383.28581413626671 705.15796035528183 77.366507083177567 32.686859637498856 253.27442620694637 242.29993034899235 366.92098066210747 420.37998886406422 102.10507036745548 9.5749310404062253 13.830572158098219 11.491701886057852
leaf_count=77 2060 4686 502 149 1115 1034 2048 1791 438 44 62 65
internal_value=-8.31585e-05 -0.0370384 -0.0168977 0.0520756 0.0388418 0.0525339 -0.0128312 0.0641267 0.0429832 0.0713477 0.026051 -0.0525851
internal_weight=2635.15 1544.22 839.065 1090.93 542.092 274.987 750.207 548.839 118.884 429.955 267.105 88.8582
internal_count=14071 9361 4675 4710 2360 1183 4108 2350 515 1835 1177 567
cat_boundaries=0 1 2 3 4 5
cat_threshold=5 10 1 1 8
is_linear=0
shrinkage=0.05


Tree=9
num_leaves=13
num_cat=5
split_feature=0 0 5 0 0 1 34 44 34 40 37 33
split_gain=1831.44 270.901 52.9865 42.8159 36.8733 35.8771 54.6663 28.1527 28.474 23.5412 7.55659 2.62427
threshold=0 1 0.90438663683299525 2 3 4 21.550000000000004 50.20000000000001 20.350000000000005 0.35000000000000003 66.500000000000014 33.650000000000013
decision_type=1 1 2 1 1 1 2 2 2 2 2 2
left_child=3 2 4 7 -2 6 -5 8 -1 -7 -9 -4
right_child=1 -3 11 5 -6 9 -8 10 -10 -11 -12 -13
leaf_value=0.0052719459185245812 -0.0010958085101627846 -0.059684979936329555 -0.06013276200200756 -0.012767297772323489 -0.023400279382813055 0.077492421348579824 0.05719188854538524 -0.060251173479537783 0.064578253868026764 0.019590188572083944 0.017327940276812125 -0.038976374147280689
leaf_weight=21.253754690289497 379.81305588781834 676.57725478708744 56.992737650871277 31.108650594949722 364.79119142889977 18.034400552511215 246.30726483464241 4.5586808323860151 517.97503545880318 255.74505031108856 6.4526539891958237 31.645357266068459
leaf_count=103 2044 4673 382 143 2062 80 1036 21 2170 1117 30 202
internal_value=-0.000518629 -0.0361776 -0.016561 0.0482408 -0.0123683 0.0359995 0.0493292 0.0595575 0.0622548 0.0236725 -0.017132 -0.0530986
internal_weight=2611.26 1509.82 833.242 1101.44 744.604 551.195 277.416 550.24 539.229 273.779 11.0113 88.6381
internal_count=14063 9363 4690 4700 4106 2376 1179 2324 2273 1197 51 584
cat_boundaries=0 1 2 3 4 5
cat_threshold=5 10 1 8 1
is_linear=0
shrinkage=0.05


Tree=10
num_leaves=13
num_cat=2
split_feature=0 0 5 34 34 39 43 39 36 13 4 7
split_gain=1676.67 262.034 47.6043 34.9075 53.1366 67.8273 39.8859 31.624 8.2379 11.5258 11.1099 6.52025
threshold=0 1 0.90438663683299525 25.250000000000004 24.450000000000003 19.150000000000002 43.800000000000004 29.150000000000002 97.500000000000014 7.2833335000000003 0.93544191479114935 28.114583500000006
decision_type=1 1 2 2 2 2 2 2 2 2 2 2
left_child=3 2 7 4 6 -6 -1 -2 10 -10 -5 -4
right_child=1 -3 11 8 5 -7 -8 -9 9 -11 -12 -13
leaf_value=0.049376841912991659 -0.01344681082464038 -0.059040454322570282 -0.057027253925890455 0.094863824107646808 -0.031516724202234912 0.037877712810528465 -0.070451610444719412 0.069907990410118401 0.07004941165758119 -0.020175427743566537 0.049023034183143223 -0.014958162973178236
leaf_weight=847.07449163496494 729.76676742732525 649.40573871135712 73.233813136816025 54.800977528095245 49.053797170519829 118.47779983282089 6.167695313692092 10.580697715282438 8.0762639194726926 5.2074450850486746 22.245563238859177 11.495495572686194
leaf_count=3573 4057 4664 510 224 216 507 26 52 34 22 92 67
internal_value=-0.000450758 -0.0352935 -0.0160717 0.0456837 0.0433739 0.0174924 0.0484292 -0.0121629 0.0760275 0.0357435 0.082426 -0.0515607
internal_weight=2585.59 1474.48 825.077 1111.1 1020.77 167.532 853.242 740.347 90.3302 13.2837 77.0465 84.7293
internal_count=14044 9350 4686 4694 4322 723 3599 4109 372 56 316 577
cat_boundaries=0 1 2
cat_threshold=5 10
is_linear=0
shrinkage=0.05


Tree=11
num_leaves=13
num_cat=4
split_feature=0 0 5 0 0 36 33 39 40 34 4 7
split_gain=1521.75 258.507 44.1647 34.6469 32.0154 35.5097 29.3588 28.6331 38.9636 37.2494 16.9819 5.07144
threshold=0 1 0.90438663683299525 2 3 99.500000000000014 37.100000000000009 19.550000000000004 0.35000000000000003 20.550000000000004 0.75014288946266361 28.114583500000006
decision_type=1 1 2 1 1 2 2 2 2 2 2 2
left_child=4 2 3 -2 5 6 -1 8 -6 -9 -7 -4
right_child=1 -3 11 -5 7 10 -8 9 -10 -11 -12 -13
leaf_value=0.042978807055166261 -0.00070292707263943917 -0.058441221926778197 -0.054953764889936432 -0.022462077493710222 0.1023782725564511 0.082214993068210215 0.09080145321061725 -0.042288986944389581 0.013557269151078242 0.045506725060696349 -0.0042661436212378589 -0.016398173700617771
leaf_weight=405.79509130120277 378.67131677269936 628.71437048912048 71.059579893946648 354.91237813234329 12.168426454067228 114.50039947032928 34.979142501950264 11.805931702256201 209.21723729372025 318.31194199621677 5.8689127415418616 10.877800136804579
leaf_count=1692 2052 4699 514 2046 50 467 141 60 887 1337 25 64
internal_value=-0.00063684 -0.0343817 -0.0153024 -0.0115617 0.043078 0.0528138 0.0469709 0.032333 0.0188777 0.0422487 0.077998 -0.0500947
internal_weight=2556.88 1444.24 815.521 733.584 1112.65 561.144 440.774 551.504 221.386 330.118 120.369 81.9374
internal_count=14034 9375 4676 4098 4659 2325 1833 2334 937 1397 492 578
cat_boundaries=0 1 2 3 4
cat_threshold=5 10 8 1
is_linear=0
shrinkage=0.05


Tree=12
num_leaves=11
num_cat=2
split_feature=0 0 34 44 38 4 5 39 40 2
split_gain=1384.3 258.023 43.3511 41.2116 48.4887 61.7401 35.3382 29.8156 20.3443 18.9783
threshold=0 1 20.950000000000003 45.20000000000001 10.886607000000003 0.93544191479114935 0.36447543099728857 29.150000000000002 69.000000000000014 2.5000000000000004
decision_type=1 1 2 2 2 2 2 2 2 2
left_child=3 2 -2 4 5 -1 8 -4 -5 -6
right_child=1 -3 7 6 9 -7 -8 -9 -10 -11
leaf_value=0.044359913273534009 -0.059714547204705065 -0.057860479300350466 -0.012412543881299896 0.0045608296011213668 0.11050486534990234 -0.0075451997648845739 -0.069921878775571933 0.073960766265777036 0.04429440622821549 0.062333565931025993
leaf_weight=797.11054421961308 48.280047312378883 596.71175315231085 747.88424915075302 69.66283030807972 28.296782702207565 61.433023661375046 10.129468902945517 9.1439462751150113 59.346891298890114 101.11274686455727
leaf_count=3313 338 4643 4277 293 116 257 45 44 248 415
internal_value=4.03608e-05 -0.0330148 -0.0140732 0.0410798 0.045033 0.0406414 0.0158208 -0.0112731 0.0230391 0.0736333
internal_weight=2529.11 1402.02 805.308 1127.09 987.953 858.544 139.139 757.028 129.01 129.41
internal_count=13989 9302 4659 4687 4101 3570 586 4321 541 531
cat_boundaries=0 1 2
cat_threshold=5 10
is_linear=0
shrinkage=0.05


Tree=13
num_leaves=13
num_cat=3
split_feature=0 0 5 8 36 34 34 44 33 0 32 7
split_gain=1267.67 252.155 45.8705 33.2428 81.2728 57.46 38.5551 33.0822 53.2513 28.0688 19.0136 5.19461
threshold=0 1 0.89309379682046119 33.350000000000001 95.500000000000014 24.450000000000003 21.700000000000006 45.20000000000001 36.95000000000001 2 26.981845500000002 28.114583500000006
decision_type=1 1 2 2 2 2 2 2 2 1 2 2
left_child=3 2 9 4 6 -6 -1 10 -9 -2 -5 -4
right_child=1 -3 11 7 5 -7 -8 8 -10 -11 -12 -13
leaf_value=-0.059524912487953822 -5.5436030582020222e-05 -0.057329966545900946 -0.053332489221408236 -0.01713827911454131 0.044733625859776145 0.0075798523376943488 0.014399993715948484 -0.041951553482399644 0.065664040046050795 -0.019712297808550529 0.062070509327016965 -0.013904985072216783
leaf_weight=29.869785323739052 377.39839366078377 576.51429891586304 73.40566086769104 7.4083580821752539 630.19055484235287 125.15619151294231 40.445945367217064 21.779480949044228 22.261160150170326 348.35770446062088 258.30333252251148 10.366647645831106
leaf_count=141 2058 4673 553 33 2581 528 169 94 91 2047 1056 62
internal_value=-0.000174435 -0.0321492 -0.0136882 0.0387938 0.0338118 0.0385956 -0.0173973 0.0531702 0.0126949 -0.00977673 0.0598061 -0.048675
internal_weight=2521.46 1386.04 809.528 1135.41 825.662 755.347 70.3157 309.752 44.0406 725.756 265.712 83.7723
internal_count=14086 9393 4720 4693 3419 3109 310 1274 185 4105 1089 615
cat_boundaries=0 1 2 3
cat_threshold=5 10 8
is_linear=0
shrinkage=0.05


Tree=14
num_leaves=12
num_cat=5
split_feature=0 0 5 1 44 4 0 34 0 38 7
split_gain=1141.28 243.842 46.6897 34.7329 36.1579 33.2591 31.9961 31.3835 27.8601 25.7759 3.74808
threshold=0 1 0.90438663683299525 2 52.000000000000007 0.091259403071267911 3 20.350000000000005 4 12.614880500000002 28.114583500000006
decision_type=1 1 2 1 2 2 1 2 1 2 2
left_child=3 2 8 4 5 -1 7 -5 -2 -8 -4
right_child=1 -3 10 6 -6 -7 9 -9 -10 -11 -12
leaf_value=0.0595113855042032 0.00025751926016363396 -0.056822573276918642 -0.055432209397735945 -0.039424905352327892 -0.061415686084411815 0.035010145678949244 0.017688335048127349 0.043903196180552606 -0.019378712077205044 -0.052520429738017183 -0.021463595497429086
leaf_weight=267.37652939558029 374.95642225444317 551.86190355569124 63.718048200011253 11.034451723098753 7.0314130634069434 301.10488626360893 268.89710891246796 277.49896071851254 345.61361956596375 12.784150198101996 11.274045228958128
leaf_count=1083 2047 4661 508 51 31 1240 1126 1127 2055 55 68
internal_value=-0.000315913 -0.0313934 -0.0132194 0.0361862 0.045194 0.0466182 0.0276649 0.0392361 -0.00943958 0.0138379 -0.0506751
internal_weight=2493.15 1347.42 795.562 1145.73 575.513 568.481 570.215 288.533 720.57 281.681 74.9921
internal_count=14052 9339 4678 4713 2354 2323 2359 1178 4102 1181 576
cat_boundaries=0 1 2 3 4 5
cat_threshold=5 10 1 1 8
is_linear=0
shrinkage=0.05


Tree=15
num_leaves=12
num_cat=2
split_feature=0 0 34 39 5 35 31 6 40 32 5
split_gain=1060.98 236.458 39.2646 28.6813 56.0864 27.9154 27.8946 28.6356 26.6419 16.9964 15.0441
threshold=0 1 20.950000000000003 15.15 0.45847758937963173 65.642857000000006 45.20000000000001 2.5000000000000004 81.100000000000009 26.028571500000002 -0.89404254237865755
decision_type=1 1 2 2 2 2 2 2 2 2 2
left_child=3 2 -2 4 10 -4 7 -5 -8 -6 -1
right_child=1 -3 5 6 9 -7 8 -9 -10 -11 -12
leaf_value=0.018438761925526525 -0.058523704628420915 -0.05635813739032064 0.011425346182105648 0.023554065870806523 -0.004803286361296781 -0.014695095793023439 -0.018295746681079039 0.043798367775443589 0.043318995228509377 0.069030347461694702 -0.056213289496283653
leaf_weight=8.2638927996158582 44.114300034940243 535.91813626140356 121.38887047022581 231.4694459438324 10.841963127255438 627.77053143084049 42.620935440063477 766.23330676555634 28.379741743206978 25.646367415785789 27.917613118886948
leaf_count=34 337 4719 691 957 46 3669 180 3125 116 104 116
internal_value=-0.00057594 -0.0308203 -0.0130326 0.0346082 0.00444942 -0.0104531 0.0369764 0.0391299 0.00659193 0.0475489 -0.0391254
internal_weight=2470.57 1329.19 793.274 1141.37 72.6698 749.159 1068.7 997.703 71.0007 36.4883 36.1815
internal_count=14094 9416 4697 4678 300 4360 4378 4082 296 150 150
cat_boundaries=0 1 2
cat_threshold=5 10
is_linear=0
shrinkage=0.05


Tree=16
num_leaves=12
num_cat=3
split_feature=0 0 5 0 38 33 39 36 38 32 4
split_gain=959.349 240.7 41.4549 34.1031 30.1387 29.0707 26.9129 20.3054 27.8285 15.6151 3.22475
threshold=0 1 0.91159213926341531 2 13.849107000000002 37.100000000000009 22.050000000000004 99.500000000000014 11.211011500000001 27.782440500000003 0.3261394409934788
decision_type=1 1 2 1 2 2 2 2 2 2 2
left_child=3 2 5 7 6 -2 -5 8 -1 -9 -4
right_child=1 -3 10 4 -6 -7 -8 9 -10 -11 -12
leaf_value=0.031990883006793598 -0.011142684447027646 -0.055901663247122202 -0.053434052913915481 0.016888587025579434 -0.062804400266284227 0.026309564717586487 0.039804226234761042 0.064978087342859911 0.064344282738221847 -0.018298951066257368 -0.018690795463536216
leaf_weight=373.59850609302521 668.09194050729275 511.32642930746078 58.060348846018314 368.44726876914501 9.0291262269020063 55.219071179628372 197.94038262963295 117.72903384268284 81.837069168686867 5.5013355463743201 9.1256847828626615
leaf_count=1519 3888 4695 473 1515 39 285 815 472 334 23 73
internal_value=-3.35806e-05 -0.0293416 -0.0116301 0.0329915 0.0230693 -0.00825113 0.0249532 0.0422437 0.0379327 0.061143 -0.0490583
internal_weight=2455.91 1301.82 790.497 1154.08 575.417 723.311 566.388 578.666 455.436 123.23 67.186
internal_count=14131 9414 4719 4717 2369 4173 2330 2348 1853 495 546
cat_boundaries=0 1 2 3
cat_threshold=5 10 1
is_linear=0
shrinkage=0.05


Tree=17
num_leaves=12
num_cat=4
split_feature=0 0 34 0 35 1 34 37 39 39 43
split_gain=877.932 224.448 37.7234 32.7854 32.7246 26.8411 50.5185 21.7657 20.6128 45.9319 16.0779
threshold=0 1 20.950000000000003 2 67.080357500000005 3 21.550000000000004 58.500000000000007 23.550000000000004 23.750000000000004 38.900000000000006
decision_type=1 1 2 1 2 1 2 2 2 2 2
left_child=3 2 -2 8 -4 6 -5 -7 10 -10 -1
right_child=1 -3 4 5 -6 7 -8 -9 9 -11 -12
leaf_value=0.047301639937515204 -0.057695259115209542 -0.055472719331536358 0.011448563551621313 -0.024460381519264593 -0.014788043913265415 0.022729872832619066 0.040009657084057036 -0.0053221865539549058 -0.072787531045386059 0.031890211364045039 -0.013432158947065623
leaf_weight=435.68904556334019 42.074993908405304 490.11723900586367 147.94660945236683 33.82179519534111 590.41642386466265 158.66838221251965 253.95678769052029 121.41467110812664 10.553578093647955 117.41765934228897 10.773779779672621
leaf_count=1761 343 4695 844 147 3510 660 1025 501 43 479 44
internal_value=-0.00064799 -0.0291242 -0.0120362 0.0310069 -0.00952261 0.0212947 0.0323742 0.0105938 0.0400273 0.0227602 0.0458093
internal_weight=2412.85 1270.56 780.438 1142.3 738.363 567.862 287.779 280.083 574.434 127.971 446.463
internal_count=14052 9392 4697 4660 4354 2333 1172 1161 2327 522 1805
cat_boundaries=0 1 2 3 4
cat_threshold=5 10 1 1
is_linear=0
shrinkage=0.05


Tree=18
num_leaves=13
num_cat=6
split_feature=0 0 0 21 5 9 1 40 3 5 1 33
split_gain=824.352 120.372 85.1196 37.0261 36.7579 42.2284 30.5216 32.5389 28.4044 24.584 19.4447 11.4038
threshold=0 1 2 25.950000000000003 0.097680735332368721 23.450000000000003 3 132.00000000000003 4 -0.90892157495189674 5 35.600000000000009
decision_type=1 1 1 2 2 2 1 2 1 2 1 2
left_child=1 6 4 8 10 -6 7 -1 -3 -8 -2 -5
right_child=2 3 -4 11 5 -7 9 -9 -10 -11 -12 -13
leaf_value=0.038940141880907025 -0.019723180459613156 0.0040762699416278794 -0.05506776886932209 -0.016796024757663106 -0.033894920101356051 0.018891353094472353 -0.0033264282569655558 -0.046178620705263025 -0.023951200764399255 0.025323151851095245 -0.050393947939381012 0.067206358002651539
leaf_weight=565.66553241014481 106.75558610260487 224.33241972327232 470.46056503802538 4.4754032045602825 63.375531442463398 91.100615471601486 88.186272278428078 10.654193699359892 150.14176782220602 487.24581150710583 103.18400397896767 22.016591161489487
leaf_count=2295 654 1254 4703 25 466 561 360 43 933 1995 632 113
internal_value=-0.000829813 0.0206869 -0.0405858 -0.00302601 -0.0208239 -0.00284351 0.0288928 0.0372893 -0.00719493 0.0209344 -0.0349651 0.0529207
internal_weight=2387.59 1552.72 834.876 400.966 364.416 154.476 1151.75 576.32 374.474 575.432 209.94 26.492
internal_count=14034 7018 7016 2325 2313 1027 4693 2338 2187 2355 1286 138
cat_boundaries=0 1 2 3 4 5 6
cat_threshold=13 5 2 1 2 1
is_linear=0
shrinkage=0.05


Tree=19
num_leaves=13
num_cat=1
split_feature=1 38 44 34 32 4 39 33 44 30 5 19
split_gain=44.8701 43.3126 32.4869 30.5889 24.546 22.9282 22.7965 20.773 25.2468 13.9906 12.0058 9.97334
threshold=0 5.9175595000000003 52.000000000000007 20.550000000000004 29.595238000000005 0.022575936829235404 17.650000000000002 36.95000000000001 45.20000000000001 26.650000000000002 0.26659387353423863 29.951389000000002
decision_type=1 2 2 2 2 2 2 2 2 2 2 2
left_child=2 6 3 5 -5 -1 9 8 -3 -2 -8 -9
right_child=1 7 -4 4 -6 -7 10 11 -10 -11 -12 -13
leaf_value=0.010284434282385069 0.016185376631164951 -0.008720816930269713 -0.06199412590424741 0.0073528521955745288 0.035847969365954233 -0.051374792385184311 0.024914861474553126 0.036120649352185862 -0.032910395045485576 -0.06034141216448289 0.082628778792062693 0.00057785340213523909
leaf_weight=24.800889372825623 27.967224344611168 895.16861452907324 16.045813396573067 1031.460411593318 80.672320410609245 36.352992258965969 18.141631342470646 31.241628602147102 121.92695261538029 6.5236795693635932 19.670910872519016 50.973957881331444
leaf_count=170 168 5351 99 6061 452 256 106 174 732 37 115 287
internal_value=-0.000278404 -0.00722019 0.00656029 0.00754983 0.00945019 -0.0266058 0.0300092 -0.00969387 -0.0116501 0.000418586 0.0562943 0.0143557
internal_weight=2360.95 1171.61 1189.33 1173.29 1112.13 61.1539 72.3034 1099.31 1017.1 34.4909 37.8125 82.2156
internal_count=14008 6970 7038 6939 6513 426 426 6544 6083 205 221 461
cat_boundaries=0 1
cat_threshold=1
is_linear=0
shrinkage=0.05


Tree=20
num_leaves=13
num_cat=3
split_feature=0 0 0 34 5 34 34 43 5 36 39 4
split_gain=774.92 114.206 86.3873 45.7554 35.0495 39.274 30.7791 38.5864 29.2434 17.9088 8.14698 7.72027
threshold=0 1 2 25.250000000000004 0.063390085881955258 22.650000000000002 25.250000000000004 43.800000000000004 0.8511460603353429 99.500000000000014 23.150000000000002 0.93544191479114935
decision_type=1 1 1 2 2 2 2 2 2 2 2 2
left_child=1 6 4 8 9 -6 7 -1 -3 -2 -5 -8
right_child=2 3 -4 10 5 -7 11 -9 -10 -11 -12 -13
leaf_value=0.027255195587337511 -0.040544485238702813 -0.0026505030895481617 -0.054664732029225074 0.03269765516682132 -0.029687703683980205 0.019605239631001019 0.065391420419826707 -0.060789388579475218 -0.044752224084786442 -0.0009803081850146098 0.086355350081490409 0.028245742457311169
leaf_weight=1055.7027827352285 174.00598523020744 317.44521230459213 445.65073648095131 23.901525408029556 73.616373598575592 87.160662852227688 66.899152457714081 11.683390468358992 46.43057195097208 34.250416561961174 10.703452765941618 20.491553425788879
leaf_count=4300 1087 1774 4653 123 537 535 272 49 367 216 54 83
internal_value=-0.000272124 0.0204154 -0.0394576 -0.00278838 -0.0200426 -0.00300894 0.0283731 0.0262355 -0.00813061 -0.0340734 0.0512534 0.0570995
internal_weight=2367.94 1553.26 814.684 398.481 369.033 160.777 1154.78 1067.39 363.876 208.256 34.605 87.3907
internal_count=14050 7022 7028 2318 2375 1072 4704 4349 2141 1303 177 355
cat_boundaries=0 1 2 3
cat_threshold=13 5 2
is_linear=0
shrinkage=0.05


Tree=21
num_leaves=13
num_cat=4
split_feature=0 0 0 34 5 34 8 36 4 10 1 33
split_gain=667.969 108.56 100.631 48.3271 38.6911 45.9154 30.8542 60.9723 44.4285 28.481 21.858 10.8718
threshold=0 1 2 25.950000000000003 0.097680735332368721 22.550000000000004 33.250000000000007 95.500000000000014 0.92602006027323125 83.520833500000023 3 37.350000000000009
decision_type=1 1 1 2 2 2 2 2 2 2 1 2
left_child=1 6 4 9 10 -6 7 -1 -8 -3 -2 -5
right_child=2 3 -4 11 5 -7 8 -9 -10 -11 -12 -13
leaf_value=-0.024409353492008484 -0.015448096270832025 -0.021150794517491706 -0.054299801339349529 0.11949323190049765 -0.030896879014738615 0.023765420956930499 0.053059089789101371 0.025138428044374786 0.014923062755606203 0.0059847554060047563 -0.048075915092859516 0.039059901566824158
leaf_weight=66.76269006729126 105.61043891310692 199.40483126789331 427.98519623279572 6.5672336369752911 64.25270190089941 92.416184931993484 210.76023833453655 767.56627136468887 121.05324429273605 186.19075262546539 101.52340659499168 13.149406373500822
leaf_count=289 664 1218 4665 34 484 561 857 3109 490 1048 658 62
internal_value=-0.000484924 0.0183653 -0.0376297 -0.00399105 -0.0170006 0.00129366 0.0261003 0.0211492 0.0392328 -0.00806639 -0.0315943 0.0703255
internal_weight=2363.24 1571.45 791.788 405.312 363.803 156.669 1166.14 834.329 331.813 385.596 207.134 19.7166
internal_count=14139 7107 7032 2362 2367 1045 4745 3398 1347 2266 1322 96
cat_boundaries=0 1 2 3 4
cat_threshold=13 5 2 1
is_linear=0
shrinkage=0.05


Tree=22
num_leaves=13
num_cat=4
split_feature=0 0 0 34 1 25 5 34 34 5 39 37
split_gain=640.773 100.363 88.9466 41.0254 36.0345 40.9164 38.1351 30.0537 34.527 24.8001 10.1072 9.21113
threshold=0 1 2 25.350000000000005 3 6.0458335000000014 -0.4295879841196229 25.250000000000004 24.450000000000003 0.8511460603353429 23.150000000000002 23.500000000000004
decision_type=1 1 1 2 1 2 2 2 2 2 2 2
left_child=1 7 4 9 6 -6 -2 8 -1 -3 -5 -9
right_child=2 3 -4 10 5 -7 -8 11 -10 -11 -12 -13
leaf_value=0.02706481170428502 -0.031361215488006668 -0.0039668993425387138 -0.053951503052757845 0.027716144788052562 0.026632144343957144 -0.044175981449114332 0.015401353384377203 -0.0030208435212535074 0.0025979323315204325 -0.042973142758766542 0.086465637659852615 0.057664746500323855
leaf_weight=884.94067379832268 70.665875867009163 321.49515376985073 411.42028664797544 25.976189658045769 22.882741406559944 151.10125301033258 110.34515424817801 6.6503184884786597 172.49204112589359 45.712061174213886 10.216752365231512 83.132381588220596
leaf_count=3592 449 1803 4684 131 152 1013 723 27 708 375 49 340
internal_value=-0.000741265 0.0177302 -0.0378254 -0.00378651 -0.0180763 -0.0347642 -0.00292654 0.0252603 0.0230799 -0.00892614 0.0461792 0.0531859
internal_weight=2317.03 1550.62 766.415 403.4 354.995 173.984 181.011 1147.22 1057.43 367.207 36.1929 89.7827
internal_count=14046 7025 7021 2358 2337 1165 1172 4667 4300 2178 180 367
cat_boundaries=0 1 2 3 4
cat_threshold=13 5 2 1
is_linear=0
shrinkage=0.05


Tree=23
num_leaves=13
num_cat=4
split_feature=0 0 0 39 34 25 5 32 36 33 1 7
split_gain=601.652 89.7837 87.0091 40.6341 44.6144 41.7882 37.9936 38.9822 25.07 26.4725 14.1759 12.3393
threshold=0 1 2 19.450000000000003 20.550000000000004 6.8013890000000012 0.097680735332368721 29.065178500000005 99.500000000000014 36.95000000000001 3 25.610416500000003
decision_type=1 1 1 2 2 2 2 2 2 2 1 2
left_child=2 6 8 5 -5 -4 10 -8 9 -1 -2 -10
right_child=1 -3 3 4 -6 -7 7 -9 11 -11 -12 -13
leaf_value=0.024066886819941846 -0.01896958911212053 -0.053611465943595088 0.011443932260404736 -0.055436292055599128 0.018736517204905278 -0.021944614344640678 -0.0066243429876486522 0.084143765013641569 -0.015952218863547848 0.067695291799639221 -0.0461270971013127 0.057034023379385401
leaf_weight=415.53642070293427 101.35549910366535 393.59769033640623 191.94417724013329 20.053150735795498 583.22451807558537 181.29166026413441 142.76462046056986 11.889392822980879 5.6859564483165732 37.41911418735981 94.690886318683624 115.90336458384991
leaf_count=1685 650 4682 939 124 2746 887 977 62 23 156 648 470
internal_value=-0.000322754 -0.0369582 0.0173958 0.00808793 0.0161833 -0.00478917 -0.0172059 0.000849422 0.0327666 0.0278123 -0.0322543 0.0535186
internal_weight=2295.36 744.298 1551.06 976.514 603.278 373.236 350.7 154.654 574.545 452.956 196.046 121.589
internal_count=14049 7019 7030 4696 2870 1826 2337 1039 2334 1841 1298 493
cat_boundaries=0 1 2 3 4
cat_threshold=13 2 1 1
is_linear=0
shrinkage=0.05


Tree=24
num_leaves=13
num_cat=4
split_feature=0 0 0 1 38 5 39 37 44 34 2 34
split_gain=526.085 97.7833 85.9796 34.5731 73.5508 32.0282 28.7124 38.1559 32.1532 26.1418 25.0851 10.6132
threshold=0 1 2 3 5.8788690000000008 -0.4295879841196229 15.050000000000002 56.500000000000007 45.20000000000001 25.250000000000004 6.5000000000000009 25.450000000000003
decision_type=1 1 1 1 2 2 2 2 2 2 2 2
left_child=2 3 6 5 -5 -2 7 -1 -8 10 -4 -11
right_child=1 -3 9 4 -6 -7 8 -9 -10 11 -12 -13
leaf_value=0.029526558452678216 -0.026955729207529595 -0.053290256833731536 -0.021252812471066279 0.090688365594813469 -0.040551336247231645 0.015848894084918547 0.028178369675609844 -0.042753571579068055 0.002810858181276452 0.096343614417111104 0.0049295120635508933 0.022941088806169074
leaf_weight=34.403430864214897 70.010351538658142 377.37419082224369 185.74406463652849 10.506822958588598 158.94620657712221 112.6333302333951 939.9395706653595 36.752695515751839 144.30618625879288 5.196467161178588 178.73515600711107 29.883789956569672
leaf_count=140 459 4690 1118 67 1114 735 3825 151 591 27 1047 144
internal_value=-0.000733212 -0.0354534 0.0156942 -0.0153008 -0.0319296 -0.000616265 0.0225941 -0.00788181 0.0248078 -0.00432905 -0.00843503 0.0361832
internal_weight=2284.43 729.471 1554.96 352.097 169.453 182.644 1155.4 71.1561 1084.25 399.559 364.479 35.0803
internal_count=14108 7065 7043 2375 1181 1194 4707 291 4416 2336 2165 171
cat_boundaries=0 1 2 3 4
cat_threshold=13 2 5 1
is_linear=0
shrinkage=0.05


Tree=25
num_leaves=12
num_cat=4
split_feature=0 0 0 39 34 5 39 1 44 4 39
split_gain=517.117 87.4402 82.879 52.8479 42.2617 31.0097 29.9851 25.2308 19.5718 20.063 4.16892
threshold=0 1 2 18.850000000000005 20.550000000000004 0.26659387353423863 29.150000000000002 3 50.20000000000001 0.022575936829235404 28.000000000000004
decision_type=1 1 1 2 2 2 2 1 2 2 2
left_child=2 6 8 5 -5 -4 7 -2 9 -1 -10
right_child=1 -3 3 4 -6 -7 -8 -9 10 -11 -12
leaf_value=0.04313673217040101 -0.0054852609482486355 -0.052976753595945815 -0.024955303404305254 -0.054513142911200144 0.017281618515342694 0.0059018826971910313 0.089715627492907429 -0.03292232435140692 -0.059642634520302135 0.024025365476995186 -0.0016302457558823335
leaf_weight=250.56310035288334 175.38841437548399 360.88574473559856 163.82382929325104 20.23252522200346 629.61325776576996 160.2863360568881 5.5318659245967856 160.29104328155518 5.3720584660768491 315.80534939467907 6.1377163827419281
leaf_count=1016 1155 4688 775 130 2959 815 25 1145 23 1291 26
internal_value=-0.000329225 -0.0356093 0.015773 0.00667972 0.014966 -0.00972389 -0.0161596 -0.0186457 0.0306877 0.0325414 -0.0313101
internal_weight=2253.93 702.097 1551.83 973.956 649.846 324.11 341.211 335.679 577.878 566.368 11.5098
internal_count=14048 7013 7035 4679 3089 1590 2325 2300 2356 2307 49
cat_boundaries=0 1 2 3 4
cat_threshold=13 2 1 1
is_linear=0
shrinkage=0.05


Tree=26
num_leaves=9
num_cat=2
split_feature=0 0 5 26 34 37 44 7
split_gain=466.677 151.594 36.3045 27.4626 49.2875 30.5778 20.856 3.75747
threshold=0 1 0.91852788691372023 15.050000000000002 23.950000000000003 25.500000000000004 50.20000000000001 28.114583500000006
decision_type=1 1 2 2 2 2 2 2
left_child=-1 3 6 4 -2 -5 -3 -4
right_child=1 2 7 5 -6 -7 -8 -9
leaf_value=-0.052675421719146021 0.01745050527232191 -0.0034091974900210204 -0.052239343302698173 -0.034520880892533697 -0.040420854919434632 0.026232523725374907 -0.058773728427095655 -0.014786458126752562
leaf_weight=344.60307168215513 171.32522279024124 667.52923449128866 46.479370847344398 20.364799857139587 45.791619479656219 916.57986590266228 16.462206900119781 8.935107156634329
leaf_count=4677 697 4049 460 92 189 3735 107 60
internal_value=-9.62437e-05 0.00972243 -0.00790594 0.0209849 0.00511563 0.0248766 -0.00482556 -0.0465695
internal_weight=2238.07 1893.47 739.406 1154.06 217.117 936.945 683.991 55.4145
internal_count=14066 9389 4676 4713 886 3827 4156 520
cat_boundaries=0 1 2
cat_threshold=48 5
is_linear=0
shrinkage=0.05


Tree=27
num_leaves=8
num_cat=2
split_feature=0 0 34 35 8 36 4
split_gain=432.846 140.477 34.9066 25.947 25.4738 60.0641 36.5512
threshold=0 1 20.950000000000003 64.291666500000005 33.250000000000007 96.500000000000014 0.94138322595482449
decision_type=1 1 2 2 2 2 2
left_child=-1 4 -3 -4 5 -2 -6
right_child=1 2 3 -5 6 -7 -8
leaf_value=-0.052384481804674615 -0.019708329685056505 -0.055652354718939673 0.019819726623249379 -0.0093226137423671439 0.0435255878009633 0.020489423451939 0.0075764183035173047
leaf_weight=329.68587548285723 106.112519338727 35.857169978320599 86.250487446784973 614.51981465518475 217.56493207812309 709.06050388514996 105.24091599881649
leaf_count=4679 450 350 497 3838 895 2881 426
internal_value=-0.000521926 0.00885426 -0.00810586 -0.00571266 0.0198053 0.0152391 0.0318651
internal_weight=2204.29 1874.61 736.627 700.77 1137.98 815.173 322.806
internal_count=14016 9337 4685 4335 4652 3331 1321
cat_boundaries=0 1 2
cat_threshold=48 5
is_linear=0
shrinkage=0.05


Tree=28
num_leaves=13
num_cat=3
split_feature=0 0 0 34 34 5 34 36 36 38 43 8
split_gain=419.026 83.6745 62.7909 40.5444 40.6905 29.0521 31.3612 21.223 19.4872 28.8496 15.7106 13.3757
threshold=0 1 2 25.250000000000004 24.450000000000003 0.13185577213185917 23.350000000000005 99.500000000000014 99.500000000000014 11.211011500000001 34.150000000000013 29.750000000000004
decision_type=1 1 1 2 2 2 2 2 2 2 2 2
left_child=2 5 8 4 -4 7 -7 -2 9 -1 -5 -10
right_child=1 -3 3 10 -6 6 -8 -9 11 -11 -12 -13
leaf_value=0.016743584319724801 -0.035765798734968907 -0.05210620690542396 0.00779972814220279 0.03173423860671188 -0.020946362909161135 -0.014458525128500372 0.034684647414908731 0.0084589959240570466 -0.011702949191587516 0.049752784346830635 0.10724622316699553 0.050520375589613267
leaf_weight=364.43306975066662 157.7736991494894 315.6322018802166 737.57626731693745 77.833355322480202 146.74367037415504 100.21013195812702 46.796819843351841 32.309898972511292 9.0030766874551755 80.546799808740616 6.8659436702728263 109.46447718143463
leaf_count=1491 1105 4683 3596 343 700 749 274 221 37 334 31 454
internal_value=-0.000261279 -0.0334808 0.0140274 0.00613387 0.00301134 -0.0149456 0.0013139 -0.0282437 0.0272253 0.0228168 0.0390354 0.0457333
internal_weight=2185.19 652.723 1532.47 969.019 884.32 337.091 147.007 190.084 563.447 444.98 84.6993 118.468
internal_count=14018 7032 6986 4670 4296 2349 1023 1326 2316 1825 374 491
cat_boundaries=0 1 2 3
cat_threshold=13 2 1
is_linear=0
shrinkage=0.05


Tree=29
num_leaves=13
num_cat=4
split_feature=0 0 0 34 34 1 38 5 33 37 43 42
split_gain=396.218 76.3812 53.0754 37.9191 38.2472 23.9503 56.209 26.3463 20.8303 35.8103 15.0609 5.9039
threshold=0 1 2 25.250000000000004 24.550000000000004 3 5.8788690000000008 -0.39827153806311177 37.100000000000009 27.500000000000004 34.150000000000013 5.5000000000000009
decision_type=1 1 1 2 2 1 2 2 2 2 2 2
left_child=2 5 8 4 -4 7 -7 -2 9 -1 -5 -10
right_child=1 -3 3 10 -6 6 -8 -9 11 -11 -12 -13
leaf_value=-0.030993492635728814 -0.027479912195927814 -0.051846268873513873 0.0069352312283023068 0.030415680258786534 -0.023128605896384522 0.079271682012965167 -0.038279042293849597 0.012036787489613482 0.07682670879253696 0.026232090235154354 0.10306767808512979 0.024638607690645284
leaf_weight=28.08585287630558 68.242654293775558 304.11421730741858 761.5723883882165 76.52583535015583 121.84353883564472 9.9986656159162504 146.50785771012306 106.96542207151651 23.754525020718575 503.89412401616573 7.18186992406845 8.5423094481229764
leaf_count=118 468 4720 3701 337 586 63 1102 706 103 2066 32 39
internal_value=-0.000731805 -0.0335719 0.0130502 0.00577504 0.00276727 -0.0156918 -0.0303135 -0.00342337 0.0251703 0.0231584 0.0377922 0.0641778
internal_weight=2167.23 635.829 1531.4 967.124 883.416 331.715 156.507 175.208 564.277 531.98 83.7077 32.2968
internal_count=14041 7059 6982 4656 4287 2339 1165 1174 2326 2184 369 142
cat_boundaries=0 1 2 3 4
cat_threshold=13 2 1 1
is_linear=0
shrinkage=0.05


Tree=30
num_leaves=8
num_cat=3
split_feature=0 0 34 37 26 1 2
split_gain=368.364 112.855 33.6005 22.1608 22.1304 20.1222 10.3118
threshold=0 1 20.950000000000003 25.500000000000004 15.050000000000002 2 3.5000000000000004
decision_type=1 1 2 2 2 1 2
left_child=-1 3 -3 6 -5 -4 -2
right_child=1 2 5 4 -6 -7 -8
leaf_value=-0.051569466529796354 -0.066449150503905471 -0.055204060966006545 0.0034291881964621839 0.0043147901126061117 0.022355891285950093 -0.013630948863075748 0.0047262315700043614
leaf_weight=288.68829293549061 10.071897834539413 33.926433145999908 352.5543320775032 209.70201179385185 908.9874672293663 337.47699258476496 9.1868420839309692
leaf_count=4685 50 347 2138 860 3729 2168 38
internal_value=-0.000101814 0.00813479 -0.00725135 0.0178991 0.0189809 -0.00492215 -0.0339396
internal_weight=2150.59 1861.91 723.958 1137.95 1118.69 690.031 19.2587
internal_count=14015 9330 4653 4677 4589 4306 88
cat_boundaries=0 1 2 3
cat_threshold=48 5 1
is_linear=0
shrinkage=0.05


Tree=31
num_leaves=8
num_cat=3
split_feature=0 0 34 6 6 6 1
split_gain=335.379 97.4173 29.8804 24.634 33.0737 26.9874 21.488
threshold=0 1 20.950000000000003 2.5000000000000004 1.5000000000000002 27.000000000000004 2
decision_type=1 1 2 2 2 2 1
left_child=-1 3 -3 4 -2 -5 -4
right_child=1 2 6 5 -6 -7 -8
leaf_value=-0.051313823204781742 0.0096266405907933089 -0.054745656643058499 0.0030412677549683121 0.024067028033742898 -0.041396236722619106 0.0012570244262550228 -0.014544261536975564
leaf_weight=276.4122071787715 220.87900964915752 31.20247682929039 358.87940666079521 717.09747284650803 36.069630816578865 158.38854619860649 335.15572566539049
leaf_count=4693 912 332 2173 2952 151 646 2176
internal_value=-0.00104051 0.0067035 -0.00754864 0.0158157 0.0023315 0.0199465 -0.00545965
internal_weight=2134.08 1857.67 725.238 1132.43 256.949 875.486 694.035
internal_count=14035 9342 4681 4661 1063 3598 4349
cat_boundaries=0 1 2 3
cat_threshold=48 5 1
is_linear=0
shrinkage=0.05


Tree=32
num_leaves=9
num_cat=3
split_feature=0 0 5 1 5 40 5 7
split_gain=322.411 96.8772 32.3564 26.991 27.2504 26.6278 20.7194 4.97022
threshold=0 1 0.92519182738459493 2 -0.90161545992537195 130.55000000000004 0.19969739736768835 28.114583500000006
decision_type=1 1 2 1 2 2 2 2
left_child=-1 3 6 5 -5 -2 -3 -4
right_child=1 2 7 4 -6 -7 -8 -9
leaf_value=-0.051073818471048971 0.025185154832975228 -0.011162472432491782 -0.053447466885626217 -0.016741143626461327 0.012995795829161744 -0.049678587489990031 0.0072996942176652051 -0.0088342826444831411
leaf_weight=265.68191914260387 558.3577169328928 436.96032778918743 40.875016190111637 91.039067804813385 474.62966798245907 11.239158451557158 231.87423469126225 7.8580029159784308
leaf_count=4718 2312 2734 447 371 1952 46 1430 54
internal_value=-0.000715515 0.00676813 -0.00755617 0.0158077 0.00818882 0.0236235 -0.00476059 -0.0465761
internal_weight=2118.52 1852.83 717.568 1135.27 565.669 569.597 668.835 48.733
internal_count=14064 9346 4665 4681 2323 2358 4164 501
cat_boundaries=0 1 2 3
cat_threshold=48 5 1
is_linear=0
shrinkage=0.05


Tree=33
num_leaves=9
num_cat=2
split_feature=0 0 5 37 34 34 9 21
split_gain=302.118 83.8364 31.4768 24.1253 24.2393 17.9593 8.24946 3.30618
threshold=0 1 0.93158198870884079 25.500000000000004 25.250000000000004 20.950000000000003 26.550000000000004 23.450000000000003
decision_type=1 1 2 2 2 2 2 2
left_child=-1 3 5 6 -5 -3 -2 -4
right_child=1 2 7 4 -6 -7 -8 -9
leaf_value=-0.050812139178349869 -0.063441511446837837 -0.054277633216796517 -0.052185790201286698 0.014001878731275036 0.043645949354498517 -0.0028942746299129561 0.0036583144313948909 -0.0072189646885469257
leaf_weight=252.03508499264717 11.882593020796778 16.460060901939869 39.066117081791162 1036.8320468664169 73.199784129858017 662.02490477263927 6.9461950361728659 4.9426809921860686
leaf_count=4682 58 152 433 4256 317 4088 29 39
internal_value=-0.000657638 0.0064335 -0.0068173 0.0148982 0.0159942 -0.00421888 -0.0397514 -0.0474081
internal_weight=2103.39 1851.35 722.494 1128.86 1110.03 678.485 18.8288 44.0088
internal_count=14054 9372 4712 4660 4573 4240 87 472
cat_boundaries=0 1 2
cat_threshold=48 5
is_linear=0
shrinkage=0.05


Tree=34
num_leaves=9
num_cat=3
split_feature=0 0 5 1 44 5 39 7
split_gain=290.126 76.1295 30.9265 23.249 28.4 21.3816 19.863 2.69342
threshold=0 1 0.92519182738459493 2 52.000000000000007 -0.90892157495189674 29.150000000000002 28.114583500000006
decision_type=1 1 2 1 2 2 2 2
left_child=-1 3 6 4 -2 -5 -3 -4
right_child=1 2 7 5 -6 -7 -8 -9
leaf_value=-0.050560997249279815 0.023487442275815656 -0.0045241374697651566 -0.05132788962486598 -0.014471480723180047 -0.06737619715161812 0.011921459203951828 0.062125682350413471 -0.014646488109176951
leaf_weight=239.87288258597255 551.29764690995216 660.69177855551243 37.453531716018915 90.151111364364624 7.7965696305036536 487.75631581246853 10.373358711600302 6.8920758590102187
leaf_count=4662 2293 4157 447 367 33 2010 46 49
internal_value=-8.30003e-05 0.00671383 -0.0060246 0.0147099 0.0221023 0.00778639 -0.00340295 -0.0460757
internal_weight=2092.29 1852.41 715.411 1137 559.094 577.907 671.065 44.3456
internal_count=14064 9402 4699 4703 2326 2377 4203 496
cat_boundaries=0 1 2 3
cat_threshold=48 5 1
is_linear=0
shrinkage=0.05


Tree=35
num_leaves=8
num_cat=2
split_feature=0 0 34 38 8 35 4
split_gain=268.096 68.6364 27.6175 23.3991 35.6953 19.0752 17.1627
threshold=0 1 20.950000000000003 6.3949405000000015 33.350000000000001 64.145833000000025 -0.99275805973510278
decision_type=1 1 2 2 2 2 2
left_child=-1 3 -3 6 -5 -4 -2
right_child=1 2 5 4 -6 -7 -8
leaf_value=-0.050329955955441555 -0.04217049172267176 -0.053844582501407223 0.017613694587093054 0.0041373924270955561 0.025073086115635763 -0.0075612209101928347 0.034281670733344899
leaf_weight=229.90024775639176 6.8745166361331931 28.481192383915186 85.093291461467743 671.7473002076149 291.47302359342575 598.03739238530397 157.93411801755428
leaf_count=4674 28 343 492 2774 1219 3850 654
internal_value=-0.000720516 0.00574538 -0.0063664 0.0133737 0.010492 -0.00440418 0.0308576
internal_weight=2069.54 1839.64 711.612 1128.03 963.22 683.131 164.809
internal_count=14034 9360 4685 4675 3993 4342 682
cat_boundaries=0 1 2
cat_threshold=48 5
is_linear=0
shrinkage=0.05


Tree=36
num_leaves=9
num_cat=3
split_feature=0 0 1 34 11 36 33 34
split_gain=257.6 64.6827 30.3594 36.6381 28.2559 19.2578 23.7507 19.416
threshold=0 1 2 20.550000000000004 98.500000000000014 99.500000000000014 36.95000000000001 24.550000000000004
decision_type=1 1 1 2 2 2 2 2
left_child=-1 5 3 -3 -4 6 -2 -7
right_child=1 2 4 -5 -6 7 -8 -9
leaf_value=-0.050092798695470168 0.012077136272500053 -0.048187837408278228 -0.012804702970593041 0.0097028353991547595 0.016376139486471528 0.042596634062847354 0.055242337257046852 -0.05157823219710557
leaf_weight=219.47912278398871 409.80899356305599 27.588206194341183 524.39839892834425 628.56487143039703 97.622625611722469 112.67877826094627 33.698273226618767 4.9306780695915213
leaf_count=4669 1697 215 2954 3326 528 485 156 20
internal_value=-0.000248691 0.0059629 -0.000295966 0.00719918 -0.008206 0.0199516 0.0154738 0.0382469
internal_weight=2058.77 1839.29 1278.17 656.153 622.021 561.117 443.507 117.609
internal_count=14050 9381 7023 3541 3482 2358 1853 505
cat_boundaries=0 1 2 3
cat_threshold=48 1 1
is_linear=0
shrinkage=0.05


Tree=37
num_leaves=9
num_cat=2
split_feature=0 0 39 44 38 34 36 5
split_gain=239.536 58.2595 27.0516 41.6186 33.9747 18.1072 19.5095 18.2889
threshold=0 1 19.450000000000003 45.20000000000001 6.4422620000000004 20.350000000000005 99.500000000000014 0.97648852793709995
decision_type=1 1 2 2 2 2 2 2
left_child=-1 5 4 -4 -3 7 -7 -2
right_child=1 2 3 -5 -6 6 -8 -9
leaf_value=-0.049869958323679985 -0.043166374666481953 0.0082634345270164722 0.010622214893926309 -0.018248743065824857 -0.019558266945151087 0.016018809486742464 0.040011067137935785 0.058285883863964508
leaf_weight=210.46231601014733 19.926677435636524 166.43434097245336 636.53229469805956 154.2625125721097 318.48825338855386 417.38737559318542 106.44961866736412 4.7141332030296317
leaf_count=4684 88 930 3463 822 1801 1744 464 20
internal_value=-0.000756387 0.00517905 -0.000719967 0.00497434 -0.010012 0.0186441 0.0209613 -0.0222409
internal_weight=2034.66 1824.2 1275.72 790.795 484.923 548.478 523.837 24.6408
internal_count=14016 9332 7016 4285 2731 2316 2208 108
cat_boundaries=0 1 2
cat_threshold=48 1
is_linear=0
shrinkage=0.05


Tree=38
num_leaves=9
num_cat=2
split_feature=0 0 5 6 6 6 5 7
split_gain=227.73 53.2875 26.7728 23.8544 30.4617 26.6966 21.3081 6.63615
threshold=0 1 0.90070004940655357 2.5000000000000004 1.5000000000000002 27.000000000000004 0.19969739736768835 28.114583500000006
decision_type=1 1 2 2 2 2 2 2
left_child=-1 3 6 4 -2 -5 -3 -4
right_child=1 2 7 5 -6 -7 -8 -9
leaf_value=-0.049654276436515765 0.0053705083100744171 -0.0094503460707945457 -0.047508045174257725 0.019860630428285477 -0.043900366301929859 -0.0027940613190435863 0.0095021931531542887 -0.00086762658173126703
leaf_weight=202.12912531942129 217.11860653758049 435.51751036196947 43.965165738016367 710.11545856297016 35.641095176339149 158.86369378864765 223.67085870355368 9.2297047227621061
leaf_count=4706 907 2766 539 2970 150 653 1352 65
internal_value=-0.000725904 0.00493405 -0.00571683 0.0116879 -0.00172269 0.0157205 -0.00301486 -0.0395809
internal_weight=2036.25 1834.12 712.383 1121.74 252.76 868.979 659.188 53.1949
internal_count=14108 9402 4722 4680 1057 3623 4118 604
cat_boundaries=0 1 2
cat_threshold=48 5
is_linear=0
shrinkage=0.05


Tree=39
num_leaves=13
num_cat=1
split_feature=1 38 44 4 33 5 44 39 44 4 33 34
split_gain=29.8868 39.5453 28.5551 32.4537 56.8139 34.2608 23.2195 23.0624 24.6392 20.7128 17.1772 12.6955
threshold=0 5.9175595000000003 52.000000000000007 0.056951373111866661 33.550000000000004 -0.75013812021657655 31.150000000000002 22.050000000000004 39.800000000000004 0.98667101781630184 32.050000000000004 23.050000000000004
decision_type=1 2 2 2 2 2 2 2 2 2 2 2
left_child=2 6 3 5 -5 -1 11 8 -3 -9 -8 -2
right_child=1 7 -4 4 -6 -7 10 9 -10 -11 -12 -13
leaf_value=0.037721365544237058 0.031538246448326611 -0.011421562660677039 -0.066201447939302091 -0.025316547995431701 0.0092788027223985707 0.0075834431400607699 0.077118043730701025 0.0049556859528449146 -0.042819211476567448 -0.034570359754408884 0.016716602103954925 -0.056008215188326285
leaf_weight=133.22832505777478 6.1490804255008689 502.47837749868631 12.652203187346457 171.69046529382467 378.42980223894119 319.42322039231658 24.286123707890511 318.49053630977869 70.649437133222818 35.981589209288359 23.338310360908508 9.1554835475981218
leaf_count=911 43 3605 90 1214 2570 2215 159 2221 496 246 158 63
internal_value=-0.000379673 -0.00655564 0.0056454 0.00661696 -0.00154462 0.0165175 0.0314966 -0.00916827 -0.0153598 0.00085753 0.0484709 -0.0210567
internal_weight=2005.95 990.529 1015.42 1002.77 550.12 452.652 62.929 927.6 573.128 354.472 47.6244 15.3046
internal_count=13991 6991 7000 6910 3784 3126 423 6568 4101 2467 317 106
cat_boundaries=0 1
cat_threshold=1
is_linear=0
shrinkage=0.05


Tree=40
num_leaves=9
num_cat=2
split_feature=0 0 5 6 6 6 44 5
split_gain=219.644 53.4358 29.0014 22.9014 25.1713 23.506 17.7422 2.47958
threshold=0 1 0.93158198870884079 2.5000000000000004 1.5000000000000002 27.000000000000004 50.20000000000001 0.99855310097228323
decision_type=1 1 2 2 2 2 2 2
left_child=-1 3 6 4 -2 -5 -3 -4
right_child=1 2 7 5 -6 -7 -8 -9
leaf_value=-0.049403422154323341 0.0056473484037653267 -0.0016168233886404667 -0.052228676526557577 0.020040114103638984 -0.038618213717048856 -0.001400962335107223 -0.056458877142082899 -0.014766777861695966
leaf_weight=191.44594398140907 216.11629138886929 652.94630587100983 32.660304188728333 711.23748371005058 36.69107623398304 155.63494515419006 14.090625271201132 6.2089041396975508
leaf_count=4668 903 4122 411 2986 155 641 103 66
internal_value=2.43439e-05 0.00547246 -0.00526401 0.0122267 -0.000903956 0.0161935 -0.0028581 -0.046765
internal_weight=2017.03 1825.59 705.906 1119.68 252.807 866.872 667.037 38.8692
internal_count=14055 9387 4702 4685 1058 3627 4225 477
cat_boundaries=0 1 2
cat_threshold=48 5
is_linear=0
shrinkage=0.05


Tree=41
num_leaves=9
num_cat=4
split_feature=0 0 1 38 34 36 33 1
split_gain=204.429 50.1791 25.7178 35.3569 29.0692 20.5093 26.136 14.039
threshold=0 1 2 5.9392855000000013 20.550000000000004 99.500000000000014 37.100000000000009 3
decision_type=1 1 1 2 2 2 2 1
left_child=-1 5 4 -4 -3 6 -2 -7
right_child=1 2 3 -5 -6 7 -8 -9
leaf_value=-0.049181029363588258 0.0093969582632498563 -0.044839482727666982 0.035044040686105893 -0.011329361865329962 0.0083972649532507541 0.054640867682609374 0.057928647555923821 0.018456659794107759
leaf_weight=183.15579750016332 414.59382286667824 25.758511837571859 43.293783038854599 575.47040225937963 621.37910213693976 54.513177588582039 28.803694427013397 54.82007722556591
leaf_count=4671 1733 209 225 3289 3289 246 139 240
internal_value=-0.000402339 0.00477855 -0.00074584 -0.00803339 0.00621233 0.0171985 0.0126729 0.0368297
internal_weight=2001.79 1818.63 1265.9 618.764 647.138 552.731 443.398 109.333
internal_count=14041 9370 7012 3514 3498 2358 1872 486
cat_boundaries=0 1 2 3 4
cat_threshold=48 1 1 1
is_linear=0
shrinkage=0.05


Tree=42
num_leaves=8
num_cat=2
split_feature=0 0 34 6 5 39 35
split_gain=198.44 48.6773 24.8571 20.9235 24.308 21.3826 18.5774
threshold=0 1 20.950000000000003 2.5000000000000004 0.5475998096715059 20.000000000000004 64.291666500000005
decision_type=1 1 2 2 2 2 2
left_child=-1 3 -3 4 -2 -5 -4
right_child=1 2 6 5 -6 -7 -8
leaf_value=-0.048977713175175359 -0.012641381188646168 -0.053039069892153179 0.017997623383976265 0.007247949504863075 0.019370313142375889 0.023029408731794099 -0.0066197397395050556
leaf_weight=176.38514339923859 161.90400339663029 25.245071552693844 87.062365926802158 420.89113882184029 92.249853193759918 439.8478719741106 590.87198763340712
leaf_count=4707 676 344 497 1763 390 1856 3850
internal_value=2.72737e-05 0.00504743 -0.00521597 0.0115084 -0.000991765 0.0153298 -0.00343645
internal_weight=1994.46 1818.07 703.179 1114.89 254.154 860.739 677.934
internal_count=14083 9376 4691 4685 1066 3619 4347
cat_boundaries=0 1 2
cat_threshold=48 5
is_linear=0
shrinkage=0.05


Tree=43
num_leaves=8
num_cat=2
split_feature=0 0 34 8 36 4 35
split_gain=182.515 40.4144 23.8183 21.6833 56.0859 31.9818 19.8383
threshold=0 1 20.950000000000003 33.350000000000001 95.500000000000014 0.81925054981890411 64.050595500000014
decision_type=1 1 2 2 2 2 2
left_child=-1 3 -3 4 -2 -5 -4
right_child=1 2 6 5 -6 -7 -8
leaf_value=-0.048734679206200997 -0.036817549254560031 -0.052684982608498514 0.019286692084829648 0.041549163793498427 0.010009882811477307 0.0082353840075505193 -0.006660901956724175
leaf_weight=167.50740453787148 69.007137551903725 24.475393865257502 83.21791959553957 120.29873503744602 739.35582834482193 179.00982460379601 587.8839335590601
leaf_count=4677 300 351 470 512 3090 763 3842
internal_value=-0.000499144 0.00425262 -0.00515214 0.0101511 0.00597184 0.0217187 -0.00341944
internal_weight=1970.76 1803.25 695.577 1107.67 808.363 299.309 671.102
internal_count=14005 9328 4663 4665 3390 1275 4312
cat_boundaries=0 1 2
cat_threshold=48 5
is_linear=0
shrinkage=0.05


Tree=44
num_leaves=9
num_cat=3
split_feature=0 0 1 38 34 39 39 39
split_gain=171.609 41.5069 21.5718 32.4517 27.5419 19.9892 33.6644 16.1708
threshold=0 1 2 5.9392855000000013 20.550000000000004 23.550000000000004 23.750000000000004 20.650000000000002
decision_type=1 1 1 2 2 2 2 2
left_child=-1 5 4 -4 -3 7 -7 -2
right_child=1 2 3 -5 -6 6 -8 -9
leaf_value=-0.04852146310611135 0.013475703724966965 -0.045527120521070302 0.032730411140256023 -0.011198033248219622 0.0071894292515402164 -0.085145522652430014 0.0058958571537089232 0.034187890046548597
leaf_weight=160.71470296941698 275.96305081248283 24.806697692722082 44.439848244190216 567.18140219897032 625.59767441079021 10.182089567184446 109.51631070673466 144.12696848809719
leaf_count=4696 1190 212 231 3261 3319 41 467 629
internal_value=-0.000755671 0.00377759 -0.00121386 -0.00795802 0.00511199 0.0152388 -0.00248981 0.0206461
internal_weight=1962.53 1801.81 1262.03 611.621 650.404 539.788 119.698 420.09
internal_count=14046 9350 7023 3492 3531 2327 508 1819
cat_boundaries=0 1 2 3
cat_threshold=48 1 1
is_linear=0
shrinkage=0.05


Tree=45
num_leaves=9
num_cat=3
split_feature=0 0 34 34 1 38 38 30
split_gain=169.633 33.2678 40.8914 39.9076 21.6477 52.7286 17.8281 10.8168
threshold=0 1 25.250000000000004 24.450000000000003 2 5.7779760000000016 10.977381000000001 6.0500000000000007
decision_type=1 1 2 2 1 2 2 2
left_child=-1 4 3 -3 6 -6 -2 -4
right_child=1 2 7 -5 5 -7 -8 -9
leaf_value=-0.048300987872499618 -0.0062826563030105092 0.00923752243248494 0.024549278222469342 -0.013466136449971784 0.086538984638666716 -0.032812874868638736 0.034218527051792472 0.056905202098439127
leaf_weight=153.80218546651304 135.1666605360806 1141.6561750024557 77.837620362639427 232.10879765450954 8.9923999384045583 132.46526155620813 32.947852782905102 40.190046697854996
leaf_count=4701 952 5416 360 1074 53 1109 202 185
internal_value=0.000269391 0.00468288 0.00778256 0.00539455 -0.0100086 -0.0246715 0.00181035 0.0359524
internal_weight=1955.17 1801.36 1491.79 1373.76 309.572 141.458 168.115 118.028
internal_count=14052 9351 7035 6490 2316 1162 1154 545
cat_boundaries=0 1 2 3
cat_threshold=48 2 1
is_linear=0
shrinkage=0.05


Tree=46
num_leaves=9
num_cat=2
split_feature=0 0 5 4 44 4 36 7
split_gain=156.614 33.986 25.7711 26.1139 24.0976 26.9827 17.2606 1.09808
threshold=0 1 0.063390085881955258 -0.86976336936302323 50.20000000000001 0.93544191479114935 99.500000000000014 26.787500000000005
decision_type=1 1 2 2 2 2 2 2
left_child=-1 2 6 -4 5 -3 -2 -6
right_child=1 4 3 -5 7 -7 -8 -9
leaf_value=-0.048088606606674002 -0.032208679070445001 0.010537373714741697 0.052378821367875264 -0.0052573857697597471 -0.019217425317258445 -0.0092067932292965223 0.0099217953481496503 -0.04159854197568031
leaf_weight=147.55580323375762 136.95094688236713 1267.4128236323595 22.41676589846611 121.44666051864624 10.955757096409796 199.5884608477354 29.022097878158092 21.793821826577187
leaf_count=4716 1061 6014 139 930 51 901 209 106
internal_value=-0.000432177 0.00372323 -0.0111039 0.00402305 0.00684495 0.0078467 -0.0248264 -0.0349026
internal_weight=1957.14 1809.59 309.836 143.863 1499.75 1467 165.973 32.7496
internal_count=14127 9411 2339 1069 7072 6915 1270 157
cat_boundaries=0 1 2
cat_threshold=48 2
is_linear=0
shrinkage=0.05


Tree=47
num_leaves=15
num_cat=2
split_feature=33 44 40 39 4 34 4 21 19 36 1 31 25 1
split_gain=24.1555 43.0661 62.2649 39.3328 33.3101 25.9532 9.70947 8.76817 6.58589 8.93518 5.59698 4.52923 1.68341 1.0553
threshold=36.95000000000001 45.20000000000001 51.650000000000013 25.650000000000002 0.039769539193789956 23.750000000000004 0.22700754078277599 24.950000000000003 29.951389000000002 93.500000000000014 0 49.150000000000006 14.449306000000002 1
decision_type=2 2 2 2 2 2 2 2 2 2 1 2 2 1
left_child=1 3 7 4 -1 -4 -5 -3 11 10 -10 12 -2 -11
right_child=8 2 5 6 -6 -7 -8 -9 9 13 -12 -13 -14 -15
leaf_value=0.0071593506596728598 0.041066960844341374 -0.069350736607032629 0.047422595017043261 -0.029401141165054125 -0.0074691734756939052 -0.011682780070014498 0.051897063585058661 -0.032492833824557026 0.031437113898677552 -0.010377947709801091 0.0031585418729527938 -0.01236437342415307 0.003867705019438165 -0.043345727739183486
leaf_weight=750.4161840416491 43.957001989707351 53.003029672428966 21.638185046613216 3.3707076162099829 806.17523775622249 102.43219390325248 43.564355092123151 27.21308789215982 35.082922097295523 5.1772171109914762 34.452903663739562 4.3565055578947058 3.4977841861546031 5.5205263234674931
leaf_count=5417 287 373 153 24 5935 739 304 200 240 37 244 28 22 39
internal_value=-0.000290964 -0.00180323 -0.0233658 0.000956653 -0.000416849 -0.00107791 0.045567 -0.0574008 0.0202713 0.011074 0.0176694 0.0340346 0.0384615 -0.0296419
internal_weight=1939.86 1807.81 204.286 1603.53 1556.59 124.07 46.9351 80.2161 132.045 80.2336 69.5358 51.8113 47.4548 10.6977
internal_count=14042 13145 1465 11680 11352 892 328 573 897 560 484 337 309 76
cat_boundaries=0 1 2
cat_threshold=1 1
is_linear=0
shrinkage=0.05


Tree=48
num_leaves=9
num_cat=3
split_feature=0 0 1 38 34 34 36 4
split_gain=149.455 32.0907 21.8564 28.5169 23.4822 18.1201 16.2805 13.7632
threshold=0 1 2 6.4422620000000004 20.550000000000004 20.350000000000005 99.500000000000014 0.21022171450811272
decision_type=1 1 1 2 2 2 2 2
left_child=-1 5 4 -4 -3 7 -7 -2
right_child=1 2 3 -5 -6 6 -8 -9
leaf_value=-0.047856451255907526 0.0066264371338249145 -0.043040129773515026 0.017146909385810229 -0.012079421329639394 0.0076465277652288006 0.011670922946983759 0.034006770825415943 -0.067949937570593089
leaf_weight=140.77910524792969 13.087960168719293 22.730441071093082 98.670850928872824 514.66466642916203 624.73153704404831 413.15454141795635 101.40576614439487 10.466627657413481
leaf_count=4708 55 200 544 2972 3314 1771 467 49
internal_value=-0.000200923 0.0037978 -0.000594884 -0.00735735 0.00580344 0.0138955 0.0161301 -0.0279298
internal_weight=1939.69 1798.91 1260.8 613.336 647.462 538.115 514.56 23.5546
internal_count=14080 9372 7030 3516 3514 2342 2238 104
cat_boundaries=0 1 2 3
cat_threshold=48 1 1
is_linear=0
shrinkage=0.05


Tree=49
num_leaves=9
num_cat=2
split_feature=0 0 5 37 8 4 4 5
split_gain=139.529 31.4598 23.0211 20.5095 24.8604 17.2524 7.18687 4.8385
threshold=0 1 0.93158198870884079 25.500000000000004 33.350000000000001 0.039769539193789956 0.96687895796550427 0.99803555425430601
decision_type=1 1 2 2 2 2 2 2
left_child=-1 3 5 6 -5 -3 -2 -4
right_child=1 2 7 4 -6 -7 -8 -9
leaf_value=-0.047602010670489379 -0.061880197332229894 0.0061219434767696189 -0.051661510710335472 0.0051334125336456732 0.022352960743033751 -0.010100739118602643 0.0027650069980077788 -0.0038375160876313302
leaf_weight=133.60787626169622 12.680680558085443 298.62784232199192 29.483087878674269 799.80723242461681 283.49735946953297 360.89803884550929 6.149099886417388 6.6029775552451602
leaf_count=4674 63 1914 402 3383 1221 2305 27 73
internal_value=-0.000344296 0.00343792 -0.00484723 0.00866332 0.00965617 -0.0027571 -0.0416947 -0.0432502
internal_weight=1931.35 1797.75 695.612 1102.13 1083.3 659.526 18.8298 36.0861
internal_count=14062 9388 4694 4694 4604 4219 90 475
cat_boundaries=0 1 2
cat_threshold=48 5
is_linear=0
shrinkage=0.05


Tree=50
num_leaves=9
num_cat=2
split_feature=0 0 39 44 25 33 37 42
split_gain=130.577 26.6291 20.5843 33.3032 26.0114 18.295 29.6981 6.30079
threshold=0 1 19.450000000000003 45.20000000000001 6.8013890000000012 37.100000000000009 32.500000000000007 5.5000000000000009
decision_type=1 1 2 2 2 2 2 2
left_child=-1 5 4 -4 -3 6 -2 -7
right_child=1 2 3 -5 -6 7 -8 -9
leaf_value=-0.047373348559119031 -0.019644032185350931 0.0020172775151978311 0.0089909031919032101 -0.016931368141469665 -0.021525366134334992 0.064530930149556784 0.014920648165947329 0.0093613592448634382
leaf_weight=127.81985101848841 71.350469842553139 242.2836543880403 626.50691464915872 153.42109349742532 226.20093021541834 20.712670385837558 443.87015809118748 7.2926987260580054
leaf_count=4677 309 1371 3469 839 1318 105 1925 41
internal_value=-0.000652768 0.00295275 -0.00108981 0.00387653 -0.00937158 0.0120804 0.0101052 0.0509826
internal_weight=1919.46 1791.64 1248.41 779.928 468.485 543.226 515.221 28.0054
internal_count=14054 9377 6997 4308 2689 2380 2234 146
cat_boundaries=0 1 2
cat_threshold=48 1
is_linear=0
shrinkage=0.05


Tree=51
num_leaves=9
num_cat=2
split_feature=0 0 39 34 5 36 38 4
split_gain=126.687 26.3608 24.1676 30.3855 24.3595 16.4865 24.4048 15.7918
threshold=0 1 19.450000000000003 22.550000000000004 0.26659387353423863 99.500000000000014 11.149702000000001 0.75014288946266361
decision_type=1 1 2 2 2 2 2 2
left_child=-1 5 4 -4 -3 6 -2 -7
right_child=1 2 3 -5 -6 7 -8 -9
leaf_value=-0.047141670116949072 0.0027325684859114355 -0.019806293981881454 -0.017886160102266676 0.009083887992363945 0.0028508668626157393 0.035510524366095274 0.033395518773384224 -0.043042344284281331
leaf_weight=122.249237107113 348.17277772724628 258.50802927464247 123.124696072191 658.59793262183666 218.11827789619565 98.051787599921227 78.818554863333702 6.0120032280683509
leaf_count=4677 1496 1438 795 3516 1311 460 355 25
internal_value=-9.9296e-05 0.0033835 -0.000585825 0.00481856 -0.00945345 0.01261 0.00845746 0.0306059
internal_weight=1911.65 1789.4 1258.35 781.723 476.626 531.055 426.991 104.064
internal_count=14073 9396 7060 4311 2749 2336 1851 485
cat_boundaries=0 1 2
cat_threshold=48 1
is_linear=0
shrinkage=0.05


Tree=52
num_leaves=8
num_cat=2
split_feature=0 33 4 33 36 5 0
split_gain=119.899 27.7014 35.6545 44.837 41.3494 6.70277 8.39258
threshold=0 36.95000000000001 0.91596454896554913 35.250000000000007 96.500000000000014 0.24997576770840005 1
decision_type=1 2 2 2 2 2 1
left_child=-1 2 3 -2 -4 6 -3
right_child=1 5 4 -5 -6 -7 -8
leaf_value=-0.046937908397090458 0.0013646038851223511 -0.0077439543605960521 -0.037405963662172748 0.033171065977627472 0.0089846407146311306 0.056117976083235259 0.026176665225417763
leaf_weight=117.83119116537273 1336.4114731699228 22.396908178925514 117.18707724660635 119.82910633087158 80.377277284860611 15.097260296344755 87.884128972887993
leaf_count=4714 7123 137 589 598 417 67 416
internal_value=-0.000353305 0.00300332 0.0012952 0.00400282 -0.0185822 0.0255833 0.0209365
internal_weight=1897.01 1779.18 1653.8 1456.24 197.564 125.378 110.281
internal_count=14061 9347 8727 7721 1006 620 553
cat_boundaries=0 1 2
cat_threshold=48 2
is_linear=0
shrinkage=0.05


Tree=53
num_leaves=8
num_cat=2
split_feature=0 44 0 39 38 35 35
split_gain=111.642 28.3368 25.3701 24.8488 21.1371 0.0683581 0.226271
threshold=0 50.20000000000001 1 19.450000000000003 11.211011500000001 86.428571500000018 84.860119000000012
decision_type=1 2 1 2 2 2 2
left_child=-1 2 4 -4 -2 6 -3
right_child=1 5 3 -5 -6 -7 -8
leaf_value=-0.046699489231173043 0.0087471336244404601 -0.025326093132302198 -0.009682057732223642 0.0049654903262344131 0.038679653719938256 -0.029247542361897239 -0.048355903491449977
leaf_weight=112.6715213060379 458.28793117403984 5.075501240789893 469.42217069491744 752.05752715468407 66.902599975466728 9.6069645434617978 20.26255089789629
leaf_count=4715 2017 30 2700 4121 308 51 113
internal_value=-0.000759313 0.00241897 0.00333504 -0.000661556 0.0123909 -0.0415152 -0.0448795
internal_weight=1894.29 1781.62 1746.67 1221.48 525.191 34.945 25.3381
internal_count=14055 9340 9146 6821 2325 194 143
cat_boundaries=0 1 2
cat_threshold=48 1
is_linear=0
shrinkage=0.05


Tree=54
num_leaves=9
num_cat=2
split_feature=0 0 5 37 34 4 4 5
split_gain=108.392 28.0689 21.2865 19.2237 19.5359 17.1519 4.66212 4.10047
threshold=0 1 0.92519182738459493 25.500000000000004 25.450000000000003 0.039769539193789956 0.96687895796550427 0.99803555425430601
decision_type=1 1 2 2 2 2 2 2
left_child=-1 3 5 6 -5 -3 -2 -4
right_child=1 2 7 4 -6 -7 -8 -9
leaf_value=-0.046419727059820483 -0.058826055192181183 0.0061166647970796913 -0.049650878723007157 0.0074003111780989624 0.037334899195981437 -0.010088747136321735 -0.0012561320191879452 -0.0061169293367274186
leaf_weight=106.77987549453974 12.043709903955461 299.17392574623227 29.131084926426411 1010.6154431253672 56.709094658493996 357.16548854485154 4.8754667043685904 6.9653865396976462
leaf_count=4670 61 1915 419 4299 276 2286 22 79
internal_value=4.06992e-05 0.00310123 -0.00472273 0.00809513 0.00902425 -0.0027039 -0.0432325 -0.0416417
internal_weight=1883.46 1776.68 692.436 1084.24 1067.32 656.339 16.9192 36.0965
internal_count=14027 9357 4699 4658 4575 4201 83 498
cat_boundaries=0 1 2
cat_threshold=48 5
is_linear=0
shrinkage=0.05


Tree=55
num_leaves=7
num_cat=1
split_feature=0 44 4 39 20 35
split_gain=101.193 21.7259 24.4255 49.8313 44.3703 0.75507
threshold=0 50.20000000000001 0.039769539193789956 25.250000000000004 31.850000000000005 86.961309500000013
decision_type=1 2 2 2 2 2
left_child=-1 2 4 -4 -2 -3
right_child=1 5 3 -5 -6 -7
leaf_value=-0.046160666052989435 0.0015741479966961157 -0.038729002288849346 -0.0058653785306901438 0.030138076424982976 0.026855384907731872 -0.01620043229770117
leaf_weight=101.82740991748869 516.48169722035527 29.548854060471058 856.89070871472359 107.23492342978716 260.49331580847502 6.6079053431749335
leaf_count=4655 2679 166 4584 522 1390 35
internal_value=-0.000237931 0.00266229 0.00348271 -0.00183381 0.0100737 -0.0351586
internal_weight=1879.08 1777.26 1741.1 964.126 776.975 36.1568
internal_count=14031 9376 9175 5106 4069 201
cat_boundaries=0 1
cat_threshold=48
is_linear=0
shrinkage=0.05


Tree=56
num_leaves=9
num_cat=2
split_feature=0 0 39 44 4 39 38 43
split_gain=93.4255 23.3825 18.0597 24.8133 21.4259 16.8519 33.3851 13.602
threshold=0 1 19.450000000000003 45.20000000000001 -0.99467753128998015 23.550000000000004 11.120238000000002 38.900000000000006
decision_type=1 1 2 2 2 2 2 2
left_child=-1 5 4 -4 -3 7 -7 -2
right_child=1 2 3 -5 -6 6 -8 -9
leaf_value=-0.045940631994756745 0.016897447888715469 -0.069268180517478184 0.0070371980834320882 -0.015526327643822422 -0.0078164892440932433 -0.031090012597896621 0.021872172787972429 -0.036990113501687856
leaf_weight=98.033486699685454 401.8420440107584 13.663689218461512 626.06600059941411 150.25324296578765 457.7678289078176 61.865768432617188 55.541518434882164 11.14681403338909
leaf_count=4684 1802 72 3463 829 2659 263 251 46
internal_value=-0.00101561 0.00173411 -0.00201573 0.00265577 -0.00974042 0.0104173 -0.00606223 0.0153572
internal_weight=1876.18 1778.15 1247.75 776.319 471.432 530.396 117.407 412.989
internal_count=14069 9385 7023 4292 2731 2362 514 1848
cat_boundaries=0 1 2
cat_threshold=48 1
is_linear=0
shrinkage=0.05


Tree=57
num_leaves=14
num_cat=1
split_feature=44 32 33 40 26 5 32 36 4 5 33 31 1
split_gain=22.26 30.4264 38.32 34.5794 24.3511 29.8427 22.4826 49.3941 33.9716 15.7584 10.5908 5.90028 0.8783
threshold=45.20000000000001 26.291964000000004 36.95000000000001 51.650000000000013 14.550000000000002 0.13185577213185917 26.759821500000005 96.500000000000014 0.93845596220871974 -0.6391983530350368 30.750000000000004 49.150000000000006 0
decision_type=2 2 2 2 2 2 2 2 2 2 2 2 1
left_child=4 12 3 -3 5 9 7 -6 -8 -1 -7 -4 -2
right_child=1 2 11 -5 6 10 8 -9 -10 -11 -12 -13 -14
leaf_value=-0.015464362160321375 0.065481298639236379 -0.05466878893893895 0.031359089316017622 -0.010410651145326903 -0.060166555939971222 -0.035873139284422997 0.011944411464883448 0.00035935305231279171 -0.012242664691277737 -0.05351609447429926 0.0085748020464022096 -0.025798521989715075 0.032009692714289571
leaf_weight=68.672696929425001 7.8188630733638984 74.468457374721766 35.984788861125708 107.7530519310385 37.557338945567608 14.070875890552996 908.93350159004331 267.91821614280343 171.89066191017628 45.435057999566197 120.58037106692791 4.380476212128996 7.2557379975914955
leaf_count=511 56 563 235 796 371 132 6757 1994 1242 336 937 31 54
internal_value=3.89328e-05 -0.0142261 -0.01895 -0.0286973 0.00211983 -0.0122541 0.00470609 -0.00725417 0.00809002 -0.030949 0.00369984 0.0246826 0.0523642
internal_weight=1872.72 237.661 222.587 182.222 1635.06 248.759 1386.3 305.476 1080.82 114.108 134.651 40.3653 15.0746
internal_count=14015 1735 1625 1359 12280 1916 10364 2365 7999 847 1069 266 110
cat_boundaries=0 1
cat_threshold=1
is_linear=0
shrinkage=0.05


Tree=58
num_leaves=9
num_cat=3
split_feature=0 1 38 0 40 4 32 4
split_gain=91.5377 22.6422 34.8678 38.9051 26.7268 29.158 18.7184 10.1939
threshold=0 1 5.9392855000000013 2 132.00000000000003 0.056951373111866661 26.930357000000004 -0.90163369914317004
decision_type=1 1 2 1 2 2 2 2
left_child=-1 4 6 -4 5 -2 -3 -6
right_child=1 2 3 -5 7 -7 -8 -9
leaf_value=-0.045689255896155363 0.019106926058517652 0.057324969142750329 -0.030720572983058709 -0.0012027847027432303 -0.0031928127049148714 0.00085129174120458198 0.002850634650785971 -0.081881420599045643
leaf_weight=93.789755940437317 402.133375659585 33.39196103811264 123.14170956239104 686.63933575898409 6.6518117338418987 478.37885669246316 29.326725170016289 10.16520758718252
leaf_count=4682 2094 162 1088 3282 32 2495 150 52
internal_value=-0.000277666 0.00239777 -0.00332233 -0.00611758 0.0079838 0.00920093 0.0322977 -0.052683
internal_weight=1863.62 1769.83 872.5 809.781 897.329 880.512 62.7187 16.817
internal_count=14037 9355 4682 4370 4673 4589 312 84
cat_boundaries=0 1 2 3
cat_threshold=48 1 2
is_linear=0
shrinkage=0.05


Tree=59
num_leaves=8
num_cat=2
split_feature=0 0 34 5 34 34 39
split_gain=83.6516 20.8444 18.5585 17.7748 31.3654 16.4313 13.4339
threshold=0 1 20.950000000000003 0.99138911339924218 20.350000000000005 22.150000000000002 29.150000000000002
decision_type=1 1 2 2 2 2 2
left_child=-1 3 -3 4 -2 -5 -4
right_child=1 2 6 5 -6 -7 -8
leaf_value=-0.045399063330018447 -0.039441463762304244 -0.051645843205214696 -0.0047685063335102989 0.069512380213748684 0.0064340872055851182 0.0014875626472482871 0.047156716246942759
leaf_weight=89.141678670421243 37.702007472515106 19.904537364840508 658.12945950776339 19.723646372556686 1005.8084482699633 15.607505723834036 11.701617360115049
leaf_count=4648 179 329 4311 85 4344 67 50
internal_value=-0.000943329 0.00156945 -0.00517132 0.00588772 0.00474043 0.0403305 -0.00379245
internal_weight=1857.72 1768.58 689.736 1078.84 1043.51 35.3312 669.831
internal_count=14013 9365 4690 4675 4523 152 4361
cat_boundaries=0 1 2
cat_threshold=48 5
is_linear=0
shrinkage=0.05


Tree=60
num_leaves=9
num_cat=2
split_feature=0 0 39 5 5 40 44 5
split_gain=82.2148 23.2839 21.2028 32.485 18.9362 17.9891 13.1426 4.09156
threshold=0 1 15.050000000000002 0.45847758937963173 0.93158198870884079 66.050000000000011 50.20000000000001 0.99803555425430601
decision_type=1 1 2 2 2 2 2 2
left_child=-1 2 3 -2 6 -4 -3 -6
right_child=1 4 5 -5 7 -7 -8 -9
leaf_value=-0.045180075239038803 -0.052356617315912117 -0.0022577024798381808 0.0037556161391958231 0.015682098441924495 -0.050607299918100757 0.017842951812048976 -0.053780478771841993 -0.0066118249288956198
leaf_weight=86.035837470553815 35.76490530371666 643.41966061294079 671.59042140096426 32.868232265114784 25.73463561758399 341.60068242251873 11.62368783354759 6.9977566711604586
leaf_count=4688 150 4127 2936 142 396 1465 100 78
internal_value=-0.000365452 0.00208108 0.00662983 -0.0200158 -0.00506552 0.00851812 -0.00325255 -0.0416765
internal_weight=1855.64 1769.6 1081.82 68.6331 687.776 1013.19 655.043 32.7324
internal_count=14082 9394 4693 292 4701 4401 4227 474
cat_boundaries=0 1 2
cat_threshold=48 5
is_linear=0
shrinkage=0.05


Tree=61
num_leaves=8
num_cat=3
split_feature=0 1 38 0 44 40 39
split_gain=79.1662 23.0275 28.1195 36.452 22.3761 21.9062 19.376
threshold=0 1 6.001488000000001 2 52.000000000000007 132.00000000000003 17.950000000000003
decision_type=1 1 2 1 2 2 2
left_child=-1 4 6 -4 5 -2 -3
right_child=1 2 3 -5 -6 -7 -8
leaf_value=-0.04489154166279636 0.010032682310006955 0.0019036668312102834 -0.030415284375842924 -0.0012876731864376392 -0.060510442649817059 -0.049101758238079836 0.054927390834324422
leaf_weight=81.98991009965539 868.34368031658232 36.220825709402561 117.50589975528419 677.25360414013267 10.753412477672098 14.972441136837004 31.988714799284935
leaf_count=4666 4540 194 1068 3244 63 77 155
internal_value=7.60642e-05 0.00244023 -0.00337043 -0.00602542 0.00807353 0.00897595 0.0272049
internal_weight=1839.03 1757.04 862.969 794.76 894.07 883.316 68.2095
internal_count=14007 9341 4661 4312 4680 4617 349
cat_boundaries=0 1 2 3
cat_threshold=48 1 2
is_linear=0
shrinkage=0.05


Tree=62
num_leaves=8
num_cat=1
split_feature=0 44 44 32 33 26 7
split_gain=74.2285 20.168 26.6291 26.5864 33.0088 21.594 2.225
threshold=0 45.20000000000001 44.800000000000004 26.229762000000004 36.95000000000001 14.550000000000002 27.368750000000002
decision_type=1 2 2 2 2 2 2
left_child=-1 2 5 -3 -5 -2 -4
right_child=1 3 6 4 -6 -7 -8
leaf_value=-0.044656075595796783 -0.010946365464231866 0.055979926381936863 0.015669236760217156 -0.025700759834758405 0.025323134535773457 0.0056323170022846139 0.060485225197970997
leaf_weight=78.995994587428868 231.17914377897978 12.522609002888201 4.1407907903194454 172.32701068744063 37.945693448185921 1275.5290151163936 21.003153279423714
leaf_count=4694 1262 64 21 924 175 6799 107
internal_value=-0.000365502 0.00189636 0.00395323 -0.0121156 -0.0164167 0.00308302 0.0539864
internal_weight=1833.64 1754.65 1531.85 222.795 210.273 1506.71 25.1439
internal_count=14046 9352 8189 1163 1099 8061 128
cat_boundaries=0 1
cat_threshold=48
is_linear=0
shrinkage=0.05


Tree=63
num_leaves=9
num_cat=3
split_feature=0 1 40 4 38 0 44 4
split_gain=69.1125 20.9068 24.9721 28.4263 24.5471 32.554 23.108 9.28165
threshold=0 1 132.00000000000003 0.039769539193789956 5.9392855000000013 2 31.150000000000002 -0.90163369914317004
decision_type=1 1 2 2 2 1 2 2
left_child=-1 2 3 -2 6 -6 -3 -4
right_child=1 4 7 -5 5 -7 -8 -9
leaf_value=-0.044337402185904103 0.018023421122090526 -0.024496689833761173 -0.0051446155064855982 -8.1222499734760113e-05 -0.029298031730034785 -0.0018592610019072461 0.043784417142333193 -0.079676746617285285
leaf_weight=75.050697410479188 395.7655389495194 16.069046393036842 6.9291633069515255 478.00643934123218 118.36635894700885 688.55847549811006 46.177291139960289 10.107467927038668
leaf_count=4658 2069 87 34 2504 1099 3308 223 53
internal_value=-0.000584001 0.00154887 0.00693688 0.00813031 -0.00395709 -0.00630113 0.0260489 -0.0513288
internal_weight=1835.03 1759.98 890.809 873.772 869.171 806.925 62.2463 17.0366
internal_count=14035 9377 4660 4573 4717 4407 310 87
cat_boundaries=0 1 2 3
cat_threshold=48 1 2
is_linear=0
shrinkage=0.05


Tree=64
num_leaves=8
num_cat=2
split_feature=0 44 1 38 40 4 32
split_gain=64.8141 18.7682 17.0471 22.8809 21.936 1.30376 0.243707
threshold=0 50.20000000000001 1 5.9175595000000003 130.55000000000004 -0.31799228562170639 26.738393000000006
decision_type=1 2 1 2 2 2 2
left_child=-1 2 4 -4 -2 6 -3
right_child=1 5 3 -5 -6 -7 -8
leaf_value=-0.044052597712485632 0.0079500448894666894 -0.017005938925685714 0.026975465229639745 -0.0053833541982878617 -0.048636966613757042 -0.0099390013045115022 -0.041207650593731465
leaf_weight=71.819860062561929 859.54797143116593 3.1396402940154102 57.73297368735075 782.82444719597697 16.489211544394493 5.3005997464060775 25.503720253705978
leaf_count=4652 4490 17 285 4280 85 29 156
internal_value=-0.000832578 0.00120936 0.00195361 -0.0031314 0.00683069 -0.0350612 -0.039218
internal_weight=1822.36 1750.54 1716.59 840.557 876.037 33.944 28.6434
internal_count=13994 9342 9140 4565 4575 202 173
cat_boundaries=0 1 2
cat_threshold=48 1
is_linear=0
shrinkage=0.05


Tree=65
num_leaves=9
num_cat=2
split_feature=0 33 4 33 33 40 0 37
split_gain=61.1261 18.1851 25.7997 50.0004 33.795 6.27526 7.3484 5.9831
threshold=0 36.95000000000001 0.91596454896554913 35.250000000000007 35.750000000000007 1.2500000000000002 1 27.500000000000004
decision_type=1 2 2 2 2 2 1 2
left_child=-1 2 3 -2 -4 7 -7 -3
right_child=1 5 4 -5 -6 6 -8 -9
leaf_value=-0.043744833725810645 -0.0008180202958936307 0.009030662493970578 0.00022900401483134247 0.033088417061361251 -0.042089889562662589 0.020646169136752084 -0.010519546688139703 0.040537736918081928
leaf_weight=68.540821820497513 1324.3493355866522 23.852566584944725 112.84310499578714 117.45130540430546 80.055460423231125 28.599030569195747 28.180855348706245 43.461976803839207
leaf_count=4633 7175 112 588 593 413 149 150 216
internal_value=-0.000873809 0.00106334 -0.000336456 0.00196507 -0.0174604 0.0194431 0.00701634 0.029669
internal_weight=1827.33 1758.79 1634.7 1441.8 192.899 124.094 56.7799 67.3145
internal_count=14029 9396 8769 7768 1001 627 299 328
cat_boundaries=0 1 2
cat_threshold=48 5
is_linear=0
shrinkage=0.05


Tree=66
num_leaves=9
num_cat=2
split_feature=0 34 34 5 34 0 33 4
split_gain=58.072 17.8195 26.8008 43.338 41.7119 16.1775 5.42924 5.41936
threshold=0 25.950000000000003 24.450000000000003 0.26659387353423863 24.350000000000005 1 37.350000000000009 0.96687895796550427
decision_type=1 2 2 2 2 1 2 2
left_child=-1 2 4 -4 -2 7 -7 -3
right_child=1 5 3 -5 -6 6 -8 -9
leaf_value=-0.043508898261618266 0.00084993002339166755 0.0068527433202697557 -0.01763028193238985 0.052882177548928967 0.040341934201987235 0.079441044574535311 0.036626938928051259 -0.035945661043595444
leaf_weight=66.250466927886009 1282.153394844383 22.781416222453117 315.70994471013546 22.43906132876873 69.543910101056099 12.784043073654173 24.164612181484699 9.7858055457472783
leaf_count=4670 6895 131 1688 104 351 61 123 51
internal_value=-0.00108222 0.000781918 -0.000241127 -0.0128091 0.00291009 0.0254125 0.04206 -0.00515835
internal_weight=1825.61 1759.36 1689.85 338.149 1351.7 69.5159 36.9487 32.5672
internal_count=14074 9404 9038 1792 7246 366 184 182
cat_boundaries=0 1 2
cat_threshold=48 6
is_linear=0
shrinkage=0.05


Tree=67
num_leaves=14
num_cat=0
split_feature=40 39 8 34 36 43 4 39 44 22 4 44 5
split_gain=16.8132 31.8205 31.3252 45.284 52.9638 35.2117 25.6123 42.5663 32.5948 23.5234 14.5292 9.56885 2.31622
threshold=72.500000000000014 14.750000000000002 33.250000000000007 24.450000000000003 96.500000000000014 17.900000000000002 0.94425825643485939 24.950000000000003 45.20000000000001 87.236111000000008 -0.99630266176052629 48.800000000000004 -0.8611288361322974
decision_type=2 2 2 2 2 2 2 2 2 2 2 2 2
left_child=2 12 3 4 -1 -5 8 -8 -4 11 -11 -3 -2
right_child=1 9 6 5 -6 -7 7 -9 -10 10 -12 -13 -14
leaf_value=-0.035176559221177073 -0.0089819816669770534 0.022373856442973565 0.018357418393328315 -0.047637340508394591 0.0032353804242326355 0.0089739477079459826 -0.030300023785441246 0.020017461061607577 -0.038767170646280311 0.037644741099473793 -0.0043864245087942219 -0.027417513055148359 -0.062404446977976119
leaf_weight=108.18743930198252 2.7297601252794292 245.42192503623664 323.17369680013508 114.28114157728851 503.12445824220777 35.686585983261466 100.78010651469231 70.701646388508379 26.125623214058578 21.465698448009789 241.52591070812196 9.2249278556555492 15.78390617854893
leaf_count=929 21 1873 2462 905 4003 276 749 488 200 154 1790 75 120
internal_value=-0.000103036 0.00732394 -0.00321225 -0.00967134 -0.00360895 -0.0341958 0.00623011 -0.00955843 0.0139863 0.00966947 -0.000826186 0.0204699 -0.0553915
internal_weight=1818.21 536.152 1282.06 761.28 611.312 149.968 520.781 171.482 349.299 517.638 262.992 254.647 18.5137
internal_count=14045 4033 10012 6113 4932 1181 3899 1237 2662 3892 1944 1948 141
is_linear=0
shrinkage=0.05


Tree=68
num_leaves=9
num_cat=2
split_feature=0 0 4 43 6 5 5 7
split_gain=57.5303 17.9233 20.2343 39.0414 27.228 18.3792 14.2877 4.30493
threshold=0 1 -0.85227431625818906 15.350000000000001 2.5000000000000004 0.93158198870884079 -0.97507822412530132 28.114583500000006
decision_type=1 1 2 2 2 2 2 2
left_child=-1 2 3 -2 -4 6 -3 -7
right_child=1 5 4 -5 -6 7 -8 -9
leaf_value=-0.043251558266017787 -0.085417717410335742 0.020415636830093301 -0.0063551920921664663 -0.0026310993555223542 0.013496532738029178 -0.050082790268352599 -0.0053319498999773868 -0.0035675556566091473
leaf_weight=63.848264583386481 14.815132915973662 58.277921117842197 230.90772043913603 143.83508062362671 678.64121000468731 25.642207575961951 592.35287445783615 6.3137860894203177
leaf_count=4693 63 377 1008 629 2980 427 3835 49
internal_value=-0.000321777 0.0015059 0.00552911 -0.0108485 0.00845532 -0.00477797 -0.00299791 -0.0412795
internal_weight=1814.63 1750.79 1068.2 158.65 909.549 682.587 650.631 31.956
internal_count=14061 9368 4680 692 3988 4688 4212 476
cat_boundaries=0 1 2
cat_threshold=48 5
is_linear=0
shrinkage=0.05


Tree=69
num_leaves=9
num_cat=1
split_feature=0 34 42 34 31 44 10 36
split_gain=54.7232 17.9428 28.7176 24.2226 23.2771 21.9827 16.4184 0.623753
threshold=0 20.350000000000005 2.5000000000000004 22.650000000000002 27.900000000000002 45.20000000000001 72.187500000000014 99.500000000000014
decision_type=1 2 2 2 2 2 2 2
left_child=-1 4 3 -3 6 -4 -2 -6
right_child=1 2 5 -5 7 -7 -8 -9
leaf_value=-0.042960836269950467 0.054513476974088738 0.0021935211570119585 0.0024046454962745717 0.040199226888880293 -0.062541524309964833 -0.016059806509990233 -0.02330323124937177 -0.028439312662783489
leaf_weight=61.273310732096434 9.910440959036352 80.788669612258673 1342.6174782328308 86.422402001917362 22.939710978418592 182.16900487989187 16.942587545141578 4.0803486611694089
leaf_count=4698 74 454 7085 423 189 982 119 28
internal_value=-0.000324643 0.00143319 0.00235262 0.0219588 -0.0266991 0.000189584 0.00634207 -0.0585904
internal_weight=1807.14 1745.87 1692 167.211 53.8731 1524.79 26.853 27.0201
internal_count=14052 9354 8944 877 410 8067 193 217
cat_boundaries=0 1
cat_threshold=48
is_linear=0
shrinkage=0.05


Tree=70
num_leaves=10
num_cat=0
split_feature=34 34 5 43 37 43 39 40 33
split_gain=17.0966 30.8034 26.9784 30.1005 22.6118 20.7817 4.28057 3.89927 5.8983
threshold=25.250000000000004 24.550000000000004 0.3484035575467645 17.900000000000002 25.500000000000004 38.900000000000006 25.650000000000002 106.75000000000001 34.550000000000004
decision_type=2 2 2 2 2 2 2 2 2
left_child=1 4 3 -3 -1 -6 7 8 -2
right_child=6 2 -4 -5 5 -7 -8 -9 -10
leaf_value=-0.060584584463086316 -0.0080693088310499778 -0.036871784099572223 0.049111390075670086 0.0027339412880524744 0.0024858210391181558 -0.049554265519453473 0.04459906072744807 0.051141586643857019 0.017451216147982222
leaf_weight=13.684564457274972 28.837605427019298 137.13627702649683 12.841771074570714 73.297973928973079 1409.3627743776888 18.449994320049882 11.54130918625742 5.6753734014928332 96.465199165977538
leaf_count=152 222 1068 89 571 10963 144 89 43 739
internal_value=-0.00010903 -0.00153562 -0.0187734 -0.0231287 0.00114553 0.00177915 0.0164496 0.01365 0.0115605
internal_weight=1807.29 1664.77 223.276 210.434 1441.5 1427.81 142.519 130.978 125.303
internal_count=14080 12987 1728 1639 11259 11107 1093 1004 961
is_linear=0
shrinkage=0.05


Tree=71
num_leaves=9
num_cat=2
split_feature=0 34 34 36 37 0 41 37
split_gain=51.4627 16.5153 31.2486 27.3934 22.3641 21.0007 18.0512 7.2959
threshold=0 25.350000000000005 24.550000000000004 98.500000000000014 25.500000000000004 1 1.1500000000000001 32.500000000000007
decision_type=1 2 2 2 2 1 2 2
left_child=-1 2 4 -4 -2 6 -3 -7
right_child=1 5 3 -5 -6 7 -8 -9
leaf_value=-0.042636255448414512 -0.060295097217688491 0.036863997492615756 -0.0092046244373308172 -0.054718130520728686 0.0032281901047937476 0.0036911162980895586 -0.056512626007492663 0.035779982120766822
leaf_weight=58.559996235184371 12.997208319604395 6.5629009380936649 178.45571932941675 39.752686627209187 1385.2374465167522 22.771426498889923 16.391366109251976 82.848629742860794
leaf_count=4686 101 41 966 215 7411 109 127 406
internal_value=-0.000461395 0.00121477 -0.000154972 -0.017708 0.00259504 0.0183973 -0.0207347 0.0264778
internal_weight=1803.58 1745.02 1616.44 218.208 1398.23 128.574 22.9543 105.62
internal_count=14062 9376 8693 1181 7512 683 168 515
cat_boundaries=0 1 2
cat_threshold=48 2
is_linear=0
shrinkage=0.05


Tree=72
num_leaves=9
num_cat=2
split_feature=0 40 39 39 44 44 44 1
split_gain=48.2694 16.7313 29.039 26.7807 49.5607 35.4184 20.3761 1.25209
threshold=0 72.500000000000014 14.750000000000002 25.250000000000004 41.600000000000001 45.20000000000001 34.400000000000013 1
decision_type=1 2 2 2 2 2 2 1
left_child=-1 3 7 4 -2 -5 -4 -3
right_child=1 2 6 5 -6 -7 -8 -9
leaf_value=-0.042313733126912084 -0.00059082531082815348 -0.033114108379173265 0.031816571130063594 0.04831542015888686 -0.031690668206709675 -0.0047244190615518171 0.0058944842689721937 -0.06667883445667705
leaf_weight=56.04716410022229 948.72225697152317 9.4399833083152771 92.166060380637646 56.883994875475764 147.10860647261143 68.635223008692265 410.85694624483585 8.7954761758446693
leaf_count=4674 5191 48 479 302 806 358 2138 48
internal_value=-0.000684045 0.000915809 0.00841163 -0.0022801 -0.00479088 0.0195046 0.0106977 -0.0519281
internal_weight=1798.66 1742.61 521.258 1221.35 1095.83 125.519 503.023 18.2355
internal_count=14044 9370 2713 6657 5997 660 2617 96
cat_boundaries=0 1 2
cat_threshold=48 1
is_linear=0
shrinkage=0.05


Tree=73
num_leaves=9
num_cat=2
split_feature=0 0 5 5 9 32 23 5
split_gain=45.5876 15.6642 17.7614 15.1241 23.9462 17.4427 12.6772 3.10328
threshold=0 1 0.93769647993491489 0.99138911339924218 22.650000000000002 27.019940500000001 87.500000000000014 0.99803555425430601
decision_type=1 1 2 2 2 2 2 2
left_child=-1 3 6 4 -2 -5 -3 -4
right_child=1 2 7 5 -6 -7 -8 -9
leaf_value=-0.042011337386198416 -0.019608213355735829 0.01807760477258108 -0.051829265847118812 0.075417088220740253 0.005906077994614573 0.0050559302702331979 -0.0057831247346376308 -0.011162961509980926
leaf_weight=53.850929813459516 101.10590260475874 60.478953514248133 22.066152280196551 14.938500449061392 926.45555777847767 20.037184819579124 590.30907969921827 6.7043651565909377
leaf_count=4679 446 338 367 66 4085 88 3903 76
internal_value=-0.000851607 0.000681184 -0.0051983 0.00445621 0.003379 0.0363689 -0.00354137 -0.0430461
internal_weight=1795.95 1742.1 679.559 1062.54 1027.56 34.9757 650.788 28.7705
internal_count=14048 9369 4684 4685 4531 154 4241 443
cat_boundaries=0 1 2
cat_threshold=48 5
is_linear=0
shrinkage=0.05


Tree=74
num_leaves=9
num_cat=2
split_feature=0 0 5 5 21 44 32 7
split_gain=45.5376 18.22 16.3567 15.5417 16.6205 11.2407 10.1123 3.96725
threshold=0 1 0.93158198870884079 0.99138911339924218 20.250000000000004 50.20000000000001 27.073809500000003 28.114583500000006
decision_type=1 1 2 2 2 2 2 2
left_child=-1 3 5 4 -2 -3 -5 -4
right_child=1 2 7 6 -6 -7 -8 -9
leaf_value=-0.041675136851034793 -0.045957251613131023 -0.0020951833836741086 -0.049405980521953968 0.067170609867955103 0.0055473477505247433 -0.052157497578419081 0.011559643684357856 -0.0046145825703178493
leaf_weight=51.545907139778137 14.916572347283362 643.75653893314302 23.464780593290929 15.590840205550192 1019.6459282264113 10.414787221699951 17.112506002187729 6.4710775688290587
leaf_count=4665 72 4143 423 71 4500 103 75 51
internal_value=0.000253972 0.00173899 -0.0045884 0.00580023 0.00476108 -0.0029706 0.0392777 -0.0401858
internal_weight=1802.92 1751.37 684.107 1067.27 1034.56 654.171 32.7033 29.9359
internal_count=14103 9438 4720 4718 4572 4246 146 474
cat_boundaries=0 1 2
cat_threshold=48 5
is_linear=0
shrinkage=0.05


Tree=75
num_leaves=9
num_cat=2
split_feature=0 0 39 5 44 23 4 33
split_gain=41.5458 18.4921 15.655 22.4945 20.2169 13.2512 17.3736 14.2936
threshold=0 1 19.450000000000003 0.24997576770840005 45.20000000000001 98.500000000000014 -0.861146256326485 31.950000000000003
decision_type=1 1 2 2 2 2 2 2
left_child=-1 5 3 -3 -4 6 -2 -7
right_child=1 2 4 -5 -6 7 -8 -9
leaf_value=-0.041388213441661222 -0.033311091179539384 -0.020250115760948151 0.0056416254070761791 0.0018523310106290933 -0.015048926102603721 0.0041358279718832691 0.0067899184718987985 0.035167930682135778
leaf_weight=49.718305175192654 28.410663738846779 245.48107681423426 621.43658965267241 215.70222892053425 144.70769394561648 67.816110849380493 331.01282869279385 81.752462163567543
leaf_count=4689 128 1402 3470 1315 838 316 1508 393
internal_value=-0.000735628 0.000685866 -0.00264151 -0.00993083 0.00171912 0.00859529 0.0035365 0.0212185
internal_weight=1786.04 1736.32 1227.33 461.183 766.144 508.992 359.423 149.569
internal_count=14059 9370 7025 2717 4308 2345 1636 709
cat_boundaries=0 1 2
cat_threshold=48 1
is_linear=0
shrinkage=0.05


Tree=76
num_leaves=9
num_cat=3
split_feature=0 1 40 44 38 0 32 5
split_gain=39.3343 17.8633 22.3819 19.4222 15.8372 26.5515 19.4611 6.92984
threshold=0 1 132.00000000000003 52.000000000000007 5.9175595000000003 2 26.930357000000004 -0.091258822863740582
decision_type=1 1 2 2 2 1 2 2
left_child=-1 2 3 -2 6 -6 -3 -4
right_child=1 4 7 -5 5 -7 -8 -9
leaf_value=-0.041132889873638098 0.007205382323239095 0.046403166507430475 -0.076576682383191735 -0.057964972025478248 -0.027961948150999005 -0.0026764335987198764 -0.011185222648431766 -0.0063492799804369367
leaf_weight=48.184332384262234 862.04243753291667 31.142711386084557 9.6640465110540372 10.595650672912596 113.26615633256733 677.39915097691119 26.401591643691063 5.5275753587484351
leaf_count=4732 4547 153 53 69 1092 3294 134 27
internal_value=-0.00105209 0.000318366 0.00527474 0.00634863 -0.00486587 -0.00671645 0.0202416 -0.0529942
internal_weight=1784.22 1736.04 887.83 872.638 848.21 790.665 57.5443 15.1916
internal_count=14101 9369 4696 4616 4673 4386 287 80
cat_boundaries=0 1 2 3
cat_threshold=48 1 2
is_linear=0
shrinkage=0.05


Tree=77
num_leaves=9
num_cat=1
split_feature=0 9 36 35 29 4 34 4
split_gain=37.3839 16.2647 30.4812 26.2693 19.2737 31.6551 15.2399 8.48234
threshold=0 22.650000000000002 95.500000000000014 70.770833500000023 1.5000000000000002 0.82414472752956958 22.550000000000004 0.91248814248966259
decision_type=1 2 2 2 2 2 2 2
left_child=-1 2 7 -4 6 -6 -3 -2
right_child=1 4 3 -5 5 -7 -8 -9
leaf_value=-0.04068909927086832 -0.058964887872885834 -0.0043345050156653317 0.025780428063337298 -0.022406118733560881 0.0035911549135097393 -0.016105943670130133 0.02498302006174619 -0.010488085954121911
leaf_weight=45.611488176975399 36.36136563681066 62.896580258384347 51.897665938362479 59.784697918221354 1110.1239622179419 248.84101352095604 147.02866701036692 12.551861017942427
leaf_count=4664 268 373 327 370 5920 1321 741 61
internal_value=-0.000709027 0.00059993 -0.0145014 1.5755e-05 0.00215782 -2.47852e-05 0.0162202 -0.0469844
internal_weight=1775.1 1729.49 160.596 111.682 1568.89 1358.96 209.925 48.9132
internal_count=14045 9381 1026 697 8355 7241 1114 329
cat_boundaries=0 1
cat_threshold=48
is_linear=0
shrinkage=0.05


Tree=78
num_leaves=9
num_cat=1
split_feature=0 26 34 13 44 36 34 36
split_gain=35.9029 18.5209 34.6351 19.1014 19.1325 16.3789 15.6391 13.5149
threshold=0 15.050000000000002 23.850000000000005 7.7500000000000009 34.400000000000013 89.500000000000014 25.150000000000002 94.500000000000014
decision_type=1 2 2 2 2 2 2 2
left_child=-1 2 7 5 -5 -3 -4 -2
right_child=1 3 6 4 -6 -7 -8 -9
leaf_value=-0.040388510132343361 -0.073993409950729269 -0.04098014766271689 -0.041193653272400661 -0.020665693156454369 0.0015258251267336752 0.012717388201456951 0.022478697510140439 0.0030059875379329342
leaf_weight=44.014198396354914 4.8550769537687293 13.686315663158892 89.335586726665497 109.27844539098442 813.58860838413239 471.67812975496054 10.162769272923468 212.65259439870715
leaf_count=4680 24 82 489 626 4335 2562 55 1181
internal_value=-0.000626999 0.000640462 -0.0102556 0.00310334 -0.00112144 0.0111221 -0.0345312 0.000956488
internal_weight=1769.25 1725.24 317.006 1408.23 922.867 485.364 99.4984 217.508
internal_count=14034 9354 1749 7605 4961 2644 544 1205
cat_boundaries=0 1
cat_threshold=48
is_linear=0
shrinkage=0.05


Tree=79
num_leaves=7
num_cat=1
split_feature=0 35 44 39 13 15
split_gain=34.2162 15.9822 15.9697 14.6182 7.94988 0.543869
threshold=0 58.401786000000008 50.20000000000001 19.450000000000003 11.172917000000002 5.3500000000000005
decision_type=1 2 2 2 2 2
left_child=-1 4 3 -3 -2 -4
right_child=1 2 5 -5 -6 -7
leaf_value=-0.0400292962654758 -0.073409042713635811 -0.0040217494907958977 -0.044648644968621781 0.0055362379404344849 0.0098155950694048723 -0.026512736713984682
leaf_weight=42.201357961632311 9.7678912281990034 655.48489897511899 9.7342077232897264 1023.2953927740455 3.6173964887857428 22.592595089226961
leaf_count=4670 68 3622 66 5437 18 140
internal_value=-0.000536857 0.000680277 0.00112479 0.00180412 -0.0517986 -0.0331497
internal_weight=1766.69 1724.49 1711.11 1678.78 13.3853 32.3268
internal_count=14021 9351 9265 9059 86 206
cat_boundaries=0 1
cat_threshold=48
is_linear=0
shrinkage=0.05


Tree=80
num_leaves=8
num_cat=1
split_feature=0 34 5 42 4 34 38
split_gain=32.5185 14.519 25.0296 23.4494 23.3428 19.9371 6.923
threshold=0 20.350000000000005 0.97648852793709995 2.5000000000000004 0.85226249403558707 21.450000000000003 6.5285715000000009
decision_type=1 2 2 2 2 2 2
left_child=-1 2 6 5 -5 -3 -2
right_child=1 3 -4 4 -6 -7 -8
leaf_value=-0.039752788279828699 -0.0066221531358672016 -0.011737340109117296 0.044314531852959055 0.0021213831716178641 -0.014147682466719325 0.028440691007046895 -0.054225393338843977
leaf_weight=40.898627280257642 10.473286828026174 39.959246492013335 9.4671007692813856 1245.5405936352909 266.85842186957598 128.12765219435096 30.60455547273159
leaf_count=4711 77 228 76 6680 1414 656 259
internal_value=-0.000757208 0.000413677 -0.0257232 0.0012171 -0.000756698 0.0188763 -0.0425342
internal_weight=1771.93 1731.03 50.5449 1680.49 1512.4 168.087 41.0778
internal_count=14101 9390 412 8978 8094 884 336
cat_boundaries=0 1
cat_threshold=48
is_linear=0
shrinkage=0.05


end of trees

feature_importances:
age_group=164
temperature_min_7d=84
day_of_year_cos=73
day_of_year_sin=47
wind_gust_max_7d=44
wind_speed_max_7d=43
gender=38
temperature_max_7d=36
humidity_max_7d=31
wind_speed_mean_7d=28
temperature_mean_current=19
precipitation_sum_7d=19
humidity_min_7d=18
temperature_mean_7d=15
weather_code_current=13
humidity_mean_7d=11
rain_max_daily_7d=10
temperature_max_current=8
temperature_min_3d=5
wind_speed_max_3d=5
wind_gust_max_3d=5
temperature_min_current=4
wind_speed_mean_3d=4
rain_days_7d=4
month=3
wind_speed_mean_current=3
humidity_mean_current=2
temperature_mean_3d=2
temperature_max_3d=2
humidity_max_3d=2
rain_max_daily_3d=2
season=1
humidity_max_current=1
precipitation_sum_current=1
humidity_mean_3d=1
rain_days_3d=1
rain_sum_7d=1

parameters:
[boosting: gbdt]
[objective: binary]
[metric: binary_logloss]
[tree_learner: serial]
[device_type: cpu]
[data_sample_strategy: bagging]
[data: ]
[valid: ]
[num_iterations: 81]
[learning_rate: 0.05]
[num_leaves: 15]
[num_threads: 8]
[seed: 42]
[deterministic: 0]
[force_col_wise: 0]
[force_row_wise: 0]
[histogram_pool_size: -1]
[max_depth: 4]
[min_data_in_leaf: 20]
[min_sum_hessian_in_leaf: 0.001]
[bagging_fraction: 0.9]
[pos_bagging_fraction: 1]
[neg_bagging_fraction: 1]
[bagging_freq: 1]
[bagging_seed: 400]
[bagging_by_query: 0]
[feature_fraction: 0.9]
[feature_fraction_bynode: 1]
[feature_fraction_seed: 30056]
[extra_trees: 0]
[extra_seed: 12879]
[early_stopping_round: 0]
[early_stopping_min_delta: 0]
[first_metric_only: 0]
[max_delta_step: 0]
[lambda_l1: 0]
[lambda_l2: 1]
[linear_lambda: 0]
[min_gain_to_split: 0]
[drop_rate: 0.1]
[max_drop: 50]
[skip_drop: 0.5]
[xgboost_dart_mode: 0]
[uniform_drop: 0]
[drop_seed: 17869]
[top_rate: 0.2]
[other_rate: 0.1]
[min_data_per_group: 100]
[max_cat_threshold: 32]
[cat_l2: 10]
[cat_smooth: 10]
[max_cat_to_onehot: 4]
[top_k: 20]
[monotone_constraints: ]
[monotone_constraints_method: basic]
[monotone_penalty: 0]
[feature_contri: ]
[forcedsplits_filename: ]
[refit_decay_rate: 0.9]
[cegb_tradeoff: 1]
[cegb_penalty_split: 0]
[cegb_penalty_feature_lazy: ]
[cegb_penalty_feature_coupled: ]
[path_smooth: 0]
[interaction_constraints: ]
[verbosity: -1]
[saved_feature_importance_type: 0]
[use_quantized_grad: 0]
[num_grad_quant_bins: 4]
[quant_train_renew_leaf: 0]
[stochastic_rounding: 1]
[linear_tree: 0]
[max_bin: 255]
[max_bin_by_feature: ]
[min_data_in_bin: 3]
[bin_construct_sample_cnt: 200000]
[data_random_seed: 175]
[is_enable_sparse: 1]
[enable_bundle: 1]
[use_missing: 1]
[zero_as_missing: 0]
[feature_pre_filter: 1]
[pre_partition: 0]
[two_round: 0]
[header: 0]
[label_column: ]
[weight_column: ]
[group_column: ]
[ignore_column: ]
[categorical_feature: 0,1,3]
[forcedbins_filename: ]
[precise_float_parser: 0]
[parser_config_file: ]
[objective_seed: 16083]
[num_class: 1]
[is_unbalance: 0]
[scale_pos_weight: 1]
[sigmoid: 1]
[boost_from_average: 1]
[reg_sqrt: 0]
[alpha: 0.9]
[fair_c: 1]
[poisson_max_delta_step: 0.7]
[tweedie_variance_power: 1.5]
[lambdarank_truncation_level: 30]
[lambdarank_norm: 1]
[label_gain: ]
[lambdarank_position_bias_regularization: 0]
[eval_at: ]
[multi_error_top_k: 1]
[auc_mu_weights: ]
[num_machines: 1]
[local_listen_port: 12400]
[time_out: 120]
[machine_list_filename: ]
[machines: ]
[gpu_platform_id: -1]
[gpu_device_id: -1]
[gpu_device_id_list: ]
[gpu_use_dp: 0]
[num_gpu: 1]

end of parameters

pandas_categorical:[]
