tree
version=v4
num_class=1
num_tree_per_iteration=1
label_index=0
max_feature_idx=44
objective=binary sigmoid:1
feature_names=age_group gender month season day_of_year_sin day_of_year_cos weather_code_current temperature_mean_current temperature_max_current temperature_min_current humidity_mean_current humidity_max_current humidity_min_current wind_speed_mean_current wind_speed_max_current precipitation_sum_current rain_sum_current wind_gust_max_current rain_day_current temperature_mean_3d temperature_max_3d temperature_min_3d humidity_mean_3d humidity_max_3d humidity_min_3d wind_speed_mean_3d wind_speed_max_3d precipitation_sum_3d rain_sum_3d rain_days_3d rain_max_daily_3d wind_gust_max_3d temperature_mean_7d temperature_max_7d temperature_min_7d humidity_mean_7d humidity_max_7d humidity_min_7d wind_speed_mean_7d wind_speed_max_7d precipitation_sum_7d rain_sum_7d rain_days_7d rain_max_daily_7d wind_gust_max_7d
feature_infos=-1:0:1:2:3:4:5 -1:0:1 [1:12] -1:1:0 [-0.99999942202469239:0.99998555065071859] [-0.99997919295908244:0.9999907524084426] [0:61] [23.658332999999999:32.533332999999999] [25.899999999999999:39.200000000000003] [17.899999999999999:29.300000000000001] [48.958333000000003:91.625] [63:100] [23:86] [2.8541669999999999:19.695833] [6.4000000000000004:30.100000000000001] [0:63.100000000000001] [0:63.100000000000001] [14:56.899999999999999] [0:1] [23.766667000000002:32.427778000000004] [27.699999999999999:39.200000000000003] [17.899999999999999:28.100000000000001] [52.569443999999997:90.694444000000004] [73:100] [23:79] [4.125:17.329167000000002] [9.6999999999999993:30.100000000000001] [0:93.900000000000006] [0:93.900000000000006] [0:3] [0:63.100000000000001] [17.300000000000001:56.899999999999999] [24.365476000000001:32.235118999999997] [28.699999999999999:39.200000000000003] [17.899999999999999:27.5] [55.767856999999999:89.523809999999997] [77:100] [23:72] [4.5327380000000002:15.469643] [11.6:30.100000000000001] [0:163.90000000000001] [0:163.90000000000001] [0:7] [0:63.100000000000001] [23:56.899999999999999]
tree_sizes=1649 1699 1691 1604 1613 1602 1752 1615 1616 1611 1726 1619 1610 1724 1731 1735 1699 1701 1714 1770 1734 1727 1738 1708 1716 1683 1688 1712 1710 1732 1716 1634 1623 1723 1720 1610 1409 1726 1610 1768 1409 1423 1629 1739 1609 1707 1410 1758 1633 1728 1702 1424 1528 1426 1522 1391 1397 1758 1410 1419 1735 1627 1447 1403 1760 1418 1090 1732 1748 1408 1419 1534 1628 1405 1395 1389 1337 1425 1328 1735 1755 1408 1737 1410 1314 1512 1751

Tree=0
num_leaves=15
num_cat=5
split_feature=0 0 34 34 2 1 5 1 1 4 40 37 2 43
split_gain=5765.58 394.97 146.576 119.221 104.727 99.7351 59.7288 58.5958 43.6023 17.072 5.75816 3.88976 1.73384 1.26209
threshold=0 1 20.350000000000005 25.350000000000005 9.5000000000000018 2 0.97263757644091864 3 4 0.29342972903661901 123.55000000000003 31.500000000000004 7.5000000000000009 36.250000000000007
decision_type=1 1 2 2 2 1 2 1 1 2 2 2 2 2
left_child=2 4 6 5 7 -4 9 -2 -6 -1 13 -5 -12 -3
right_child=1 10 3 11 8 -7 -8 -9 -10 -11 12 -13 -14 -15
leaf_value=-0.97072870118521648 -0.98537751507364302 -1.049106459518264 -0.86434149118914294 -0.87628861063362562 -0.91147587777905281 -0.89989635306390769 -0.8672847871759739 -1.0251791926894289 -0.98048705026007732 -1.0419267335790372 -1.0463777563919172 -0.8059714594055204 -1.0197665030994008 -1.0360100869620936
leaf_weight=16.443895518779755 185.24147361516953 1292.7279308438301 403.96509593725204 7.9247689247131339 45.369302093982697 415.45601087808609 9.1134842634201032 183.85463905334473 45.369302093982697 15.651418626308439 11.094676494598387 60.030124604701996 32.095314145088196 43.78434830904007
leaf_count=83 935 6525 2039 40 229 2097 46 928 229 79 56 303 162 221
internal_value=-0.98295 -1.03417 -0.882083 -0.876717 -0.993214 -0.882245 -0.973432 -1.00526 -0.945574 -1.00617 -1.04763 -0.8125 -1.02787 -1.04872
internal_weight=2768.12 1839.54 928.585 887.376 459.835 819.421 41.2088 369.096 90.7386 32.0953 1379.7 67.9549 43.19 1336.51
internal_count=13972 9285 4687 4479 2321 4136 208 1863 458 162 6964 343 218 6746
cat_boundaries=0 1 2 3 4 5
cat_threshold=9 4 1 1 1
is_linear=0
shrinkage=1


Tree=1
num_leaves=15
num_cat=4
split_feature=0 0 34 44 39 2 5 1 1 5 38 40 26 23
split_gain=5118.67 380.526 104.958 106.636 103.442 101.644 58.1499 54.0825 40.1589 12.5891 8.3325 7.90093 3.10239 2.77331
threshold=0 1 20.350000000000005 52.000000000000007 19.050000000000004 9.5000000000000018 0.95436825032516992 2 3 0.97648852793709995 7.4752975000000008 127.05000000000001 25.950000000000003 98.500000000000014
decision_type=1 1 2 2 2 2 2 1 1 2 2 2 2 2
left_child=2 5 6 4 -4 7 10 -2 -7 -8 -1 -3 -5 -13
right_child=1 11 3 12 -6 8 9 -9 -10 -11 -12 13 -14 -15
leaf_value=0.0081917085305478667 -0.0021344979506414735 -0.064097787404910164 0.075824220334419296 -0.06192893447289765 0.11162230849548174 0.068482972042319179 0.034129668792955474 -0.040902017525401319 0.0030312539685111942 0.11986194557867227 -0.057760811772832821 -0.055866342338065617 -0.012360017460054681 -0.024874064595968619
leaf_weight=6.3761858940124538 181.90378510951996 1303.7901624292135 323.52921877801418 7.04223784804344 589.60951656103134 47.853520631790161 9.8269165456295031 177.21375918388367 45.230173051357269 8.5407249927520734 15.839802294969557 13.139359176158903 6.2110470235347748 21.429018378257751
leaf_count=32 919 6785 1561 34 2840 234 49 912 228 41 82 68 30 110
internal_value=0.00049668 -0.0494993 0.0925852 0.0969872 0.0990357 -0.00905425 0.0144488 -0.0213256 0.0370497 0.0781246 -0.0392943 -0.0629795 -0.0411958 -0.0378936
internal_weight=2757.54 1790.56 966.976 926.392 913.139 452.201 40.5836 359.118 93.0837 18.3676 22.216 1338.36 13.2533 34.5684
internal_count=13925 9256 4669 4465 4401 2293 204 1831 462 90 114 6963 64 178
cat_boundaries=0 1 2 3 4
cat_threshold=9 4 1 1
is_linear=0
shrinkage=0.05


Tree=2
num_leaves=15
num_cat=4
split_feature=0 0 34 44 2 1 1 5 43 38 5 40 26 2
split_gain=4569 370.903 106.707 94.1247 83.2141 82.9652 47.6679 46.134 38.5777 9.43482 8.56757 5.62311 2.79719 1.87826
threshold=0 1 20.350000000000005 52.000000000000007 9.5000000000000018 2 3 0.95936279103287792 21.050000000000001 7.4860120000000014 0.97648852793709995 123.55000000000003 25.950000000000003 7.5000000000000009
decision_type=1 1 2 2 2 1 1 2 2 2 2 2 2 2
left_child=2 4 7 5 6 -4 -2 9 -6 -1 -9 -3 -5 -13
right_child=1 11 3 12 8 -7 -8 10 -10 -11 -12 13 -14 -15
leaf_value=0.0049106002486167533 -0.0023954180432867057 -0.062954602520759045 0.1053583370232601 -0.061238601600746873 0.054749920863847001 0.075331227606974971 -0.038665778245238008 0.028209523774640494 -0.011276449656108693 -0.057033052222495252 0.10239102872399351 -0.060960361086451323 -0.012208632594967864 -0.033659101351857505
leaf_weight=9.394052207469942 187.26335346698761 1268.9310223013163 479.50128082931042 7.458733916282652 63.186520412564278 474.9969886392355 174.72216090559959 8.36523185670376 33.305214121937752 16.008349150419235 8.5057441145181638 10.846738070249556 5.3583077490329742 30.636471748352051
leaf_count=47 947 6816 2210 37 309 2216 917 41 163 85 39 58 26 160
internal_value=0.000126658 -0.048235 0.0844661 0.088697 -0.00877154 0.0905101 -0.0199606 0.00736006 0.0320783 -0.0348073 0.0692459 -0.0618542 -0.0431082 -0.0420645
internal_weight=2778.48 1768.89 1009.59 967.315 458.477 954.498 361.986 42.2734 96.4917 25.4024 16.871 1310.41 12.817 41.4832
internal_count=14071 9370 4701 4489 2336 4426 1864 212 472 132 80 7034 63 218
cat_boundaries=0 1 2 3 4
cat_threshold=9 4 1 1
is_linear=0
shrinkage=0.05


Tree=3
num_leaves=14
num_cat=3
split_feature=0 0 34 1 34 44 2 4 2 4 4 37 43
split_gain=4021.8 378.143 98.375 85.007 79.1822 72.2694 62.5834 39.588 26.532 4.74468 4.83838 1.93801 0.353921
threshold=0 1 25.350000000000005 2 20.350000000000005 52.000000000000007 8.5000000000000018 0.29342972903661901 9.5000000000000018 -0.82415615971448097 -0.94139628442229051 31.500000000000004 36.250000000000007
decision_type=1 1 2 1 2 2 2 2 2 2 2 2 2
left_child=2 3 4 6 7 -6 -2 -1 -5 10 -3 -4 -11
right_child=1 9 11 8 5 -7 -8 -9 -10 12 -12 -13 -14
leaf_value=0.042013027036679446 -0.002480738817471375 -0.060365227850030727 0.085154411902325547 -0.038339405011639877 0.078130882922980593 -0.036574492739828143 0.054636477312310888 -0.055551950094039265 0.0032746923450905612 -0.063204042621426565 -0.043094238044145139 0.13650002688668006 -0.05233089167779148
leaf_weight=27.781067416071892 169.47824808955193 116.34780804812908 8.4966040849685651 174.96127831935883 910.06412303447723 13.399296715855597 65.841338410973549 15.289391577243803 48.7690769135952 1019.5971087366343 86.169797912240028 69.563410520553589 41.54352168738842
leaf_count=133 858 642 38 936 4097 67 315 84 242 5659 475 305 229
internal_value=0.000171151 -0.0466784 0.0771134 -0.00713586 0.073341 0.0764288 0.013664 0.00690422 -0.0292941 -0.0608574 -0.0532644 0.132059 -0.062828
internal_weight=2767.3 1722.71 1044.59 459.05 966.534 923.463 235.32 43.0705 223.73 1263.66 202.518 78.06 1061.14
internal_count=14080 9356 4724 2351 4381 4164 1173 217 1178 7005 1117 343 5888
cat_boundaries=0 1 2 3
cat_threshold=9 4 1
is_linear=0
shrinkage=0.05


Tree=4
num_leaves=14
num_cat=3
split_feature=0 0 34 1 34 33 34 2 5 40 37 4 30
split_gain=3600.55 349.251 79.4955 72.2712 64.974 111.492 74.2096 49.4336 39.8253 8.44132 2.90089 2.2858 0.91664
threshold=0 1 25.350000000000005 2 24.550000000000004 33.95000000000001 20.950000000000003 8.5000000000000018 -0.98801846520836334 127.05000000000001 31.500000000000004 -0.22701068973476937 36.70000000000001
decision_type=1 1 2 1 2 2 2 2 2 2 2 2 2
left_child=2 3 4 7 6 -6 -1 -2 -5 12 -4 -11 -3
right_child=1 9 10 8 5 -7 -8 -9 -10 11 -12 -13 -14
leaf_value=0.024036800260159724 -0.0033836962512038132 -0.061104027929799576 0.07432691319367811 0.060402118926921093 -0.0058115086509402912 0.085166859931186722 0.077344578079222626 0.046599182804546037 -0.033690101300083174 -0.023845781302131514 0.12436467291623583 -0.056882492039744117 -0.04129409680946855
leaf_weight=72.445482954382896 168.8909318447113 1177.4492293894291 8.7187019288539869 10.998544692993162 74.660593718290329 60.16605244576931 782.64715392887592 68.887819439172745 204.97762885689735 24.267352342605594 71.411480665206909 7.2161023169755927 14.482543855905531
leaf_count=345 856 6754 38 60 333 264 3442 323 1094 132 302 41 82
internal_value=-0.000136945 -0.0457596 0.0711102 -0.00760146 0.0677612 0.0351155 0.0728616 0.0112316 -0.0286422 -0.0597183 0.119903 -0.0329359 -0.0608981
internal_weight=2747.22 1677.17 1070.05 453.755 989.919 134.827 855.093 237.779 215.976 1223.42 80.1302 31.4835 1191.93
internal_count=14066 9342 4724 2333 4384 597 3787 1179 1154 7009 340 173 6836
cat_boundaries=0 1 2 3
cat_threshold=9 4 1
is_linear=0
shrinkage=0.05


Tree=5
num_leaves=14
num_cat=4
split_feature=0 0 34 1 1 2 36 39 5 40 2 33 43
split_gain=3278.23 342.532 76.0385 69.3439 68.6754 50.8382 50.4633 40.9736 38.1198 6.98597 2.1209 1.7528 0.553197
threshold=0 1 25.350000000000005 2 3 8.5000000000000018 95.500000000000014 18.850000000000005 -0.98521978256641018 123.55000000000003 7.5000000000000009 38.800000000000004 36.250000000000007
decision_type=1 1 2 1 1 2 2 2 2 2 2 2 2
left_child=2 4 3 6 5 -2 -1 -5 -6 12 -11 -4 -3
right_child=1 9 11 7 8 -7 -8 -9 -10 10 -12 -13 -14
leaf_value=0.044091767477815576 -0.0035360398718666634 -0.060646689257709802 0.11683317205277913 0.030291962187328193 0.052455668153296789 0.047344013785295055 0.084358764245720669 0.060603267923242915 -0.033261977213178022 -0.057735773209016308 -0.028414476347782748 0.071768811511057337 -0.048803834346666214
leaf_weight=100.72852069139481 170.99233692884445 1105.8425701856613 75.638068050146103 176.51888133585453 12.978160709142683 67.79888254404068 406.48474568128586 319.11491732299328 201.46444290876389 9.3621049374341947 29.074868366122246 8.4286197423934919 35.972564712166786
leaf_count=439 868 6567 312 775 69 312 1746 1396 1095 55 161 36 210
internal_value=-0.000171751 -0.0448381 0.0667341 0.0633938 -0.00722069 0.0110473 0.0764646 0.0498907 -0.0278549 -0.0590837 -0.0368392 0.113212 -0.0603166
internal_weight=2720.4 1633.49 1086.91 1002.85 453.234 238.791 507.213 495.634 214.443 1180.25 38.437 84.0667 1141.82
internal_count=14041 9337 4704 4356 2344 1180 2185 2171 1164 6993 216 348 6777
cat_boundaries=0 1 2 3 4
cat_threshold=9 4 1 1
is_linear=0
shrinkage=0.05


Tree=6
num_leaves=15
num_cat=1
split_feature=1 34 44 40 39 44 43 35 39 32 34 4 37 44
split_gain=77.8681 41.68 32.2951 31.2698 29.4429 32.6233 30.6183 29.9767 25.7398 22.2704 18.329 15.9465 8.92164 8.74625
threshold=0 20.350000000000005 45.20000000000001 66.450000000000017 19.250000000000004 48.800000000000004 14.350000000000003 87.401786000000016 20.650000000000002 26.563393000000001 23.250000000000004 0.21022171450811272 51.500000000000007 34.400000000000013
decision_type=1 2 2 2 2 2 2 2 2 2 2 2 2 2
left_child=1 11 8 -4 7 6 -6 9 -3 -2 -7 12 -1 -9
right_child=4 2 3 -5 5 10 -8 13 -10 -11 -12 -13 -14 -15
leaf_value=0.013260596792773215 0.0071996137115219018 0.006269263781167914 -0.029098247232900627 0.013797001770408039 -0.0090831954681272181 0.023849213885530476 0.010740704028123082 -0.019786535959949683 0.021411107078534747 -0.020131533646297765 -0.048552602018019503 -0.062805374573505005 -0.038101969134298169 -0.061927630957923224
leaf_weight=18.215518742799759 96.525319159030914 637.10720372200012 95.847360864281654 74.873769164085388 449.3178619146347 9.7529972940683347 342.24871426820755 18.4072265625 502.3798792809248 319.77839094400406 54.329609245061874 24.708044975996017 14.208149597048758 45.791318073868752
leaf_count=94 511 3262 499 384 2379 51 1792 97 2575 1691 293 140 75 240
internal_value=-0.000296899 0.00808854 0.00991995 -0.0103147 -0.0088777 -0.0033077 -0.000509222 -0.018769 0.012958 -0.0137924 -0.0373363 -0.0333597 -0.00971321 -0.0503336
internal_weight=2703.49 1367.34 1310.21 170.721 1336.15 855.649 791.567 480.502 1139.49 416.304 64.0826 57.1317 32.4237 64.1985
internal_count=14083 7029 6720 883 7054 4515 4171 2539 5837 2202 344 309 169 337
cat_boundaries=0 1
cat_threshold=1
is_linear=0
shrinkage=0.05


Tree=7
num_leaves=14
num_cat=3
split_feature=0 0 34 1 37 26 5 44 34 40 37 4 4
split_gain=2954.79 321.034 65.9247 59.9259 57.3297 79.8933 37.2599 35.3431 29.5371 7.16786 2.21681 2.00989 1.30732
threshold=0 1 25.350000000000005 2 32.500000000000007 15.250000000000002 -0.97507822412530132 43.750000000000007 20.950000000000003 127.05000000000001 31.500000000000004 -0.22701068973476937 -0.82415615971448097
decision_type=1 1 2 1 2 2 2 2 2 2 2 2 2
left_child=2 3 4 7 8 -6 -5 -2 -1 12 -4 -11 -3
right_child=1 9 10 6 5 -7 -8 -9 -10 11 -12 -13 -14
leaf_value=-0.015005103233652501 0.018788519521909262 -0.052905277439216504 0.06642030250807815 0.041594842726150182 0.036906693542022077 0.073112684949201312 -0.032796006048913522 -0.032211942202544842 0.041362612392325165 -0.023649486006586482 0.10899086305080348 -0.055240709968707814 -0.05983201017744371
leaf_weight=27.626220241189003 196.45345532894135 163.48656471073627 9.2993878722190839 17.567340299487114 203.39424715936184 649.7375295907259 194.69029539823532 40.085038363933563 131.87813383340836 23.422884196043018 76.949715569615364 7.0595269352197638 951.95421110093594
leaf_count=137 959 998 39 93 875 2762 1080 201 558 131 312 43 5858
internal_value=-0.000235313 -0.043595 0.0624995 -0.0070882 0.0593776 0.0645342 -0.0264729 0.0100465 0.031567 -0.0576894 0.105215 -0.0324881 -0.0588651
internal_weight=2693.6 1594.72 1098.89 448.796 1012.64 853.132 212.258 236.538 159.504 1145.92 86.2491 30.4824 1115.44
internal_count=14046 9363 4683 2333 4332 3637 1173 1160 695 7030 351 174 6856
cat_boundaries=0 1 2 3
cat_threshold=9 4 1
is_linear=0
shrinkage=0.05


Tree=8
num_leaves=14
num_cat=3
split_feature=0 0 2 44 39 35 5 1 43 40 4 26 43
split_gain=2651.69 329.438 61.3281 59.9142 59.0324 123.096 113.615 35.0682 23.9038 7.20435 2.76528 2.20961 1.30678
threshold=0 1 9.5000000000000018 52.000000000000007 17.650000000000002 87.285714500000026 0.48877522411129343 2 21.050000000000001 123.55000000000003 -0.99054481509840819 25.950000000000003 36.250000000000007
decision_type=1 1 2 2 2 2 2 1 2 2 2 2 2
left_child=3 2 7 4 5 -1 -6 -2 -4 12 -11 -5 -3
right_child=1 9 8 11 6 -7 -8 -9 -10 10 -12 -13 -14
leaf_value=0.052900267693666063 -0.00072616169615102638 -0.058463446777045493 0.045586628395867579 -0.061622374078140675 0.077683391962676859 -0.046968335289282626 0.036534772239781042 -0.032366028571869487 -0.005461342130294481 -0.010228297977082917 -0.042145993103698959 -0.017115435714280477 -0.044865906234507251
leaf_weight=211.84590278565884 187.40118570625782 1032.6389898955822 67.139286190271378 7.3368150591850263 623.61999022960663 35.2890265583992 233.25416009128094 163.48280493915081 34.269193664193153 10.249022811651228 25.000665187835693 5.7481757998466492 36.165225550532341
leaf_count=899 940 6583 318 36 2588 150 998 935 167 58 148 27 224
internal_value=5.6717e-05 -0.0420171 -0.00549727 0.0585119 0.0603038 0.038508 0.0665378 -0.0155178 0.028451 -0.0567761 -0.0334039 -0.044674 -0.0580457
internal_weight=2673.44 1556.35 452.292 1117.09 1104.01 247.135 856.874 350.884 101.408 1104.05 35.2497 13.085 1068.8
internal_count=14071 9373 2360 4698 4635 1049 3586 1875 485 7013 206 63 6807
cat_boundaries=0 1 2 3
cat_threshold=9 4 1
is_linear=0
shrinkage=0.05


Tree=9
num_leaves=14
num_cat=3
split_feature=0 0 34 2 34 33 33 1 30 40 37 2 43
split_gain=2405.59 306.308 54.5342 54.2203 52.1347 74.2412 62.6567 32.0454 21.921 6.83744 2.88623 2.07689 1.95746
threshold=0 1 25.350000000000005 9.5000000000000018 24.450000000000003 33.95000000000001 31.250000000000004 2 21.150000000000002 123.55000000000003 31.500000000000004 7.5000000000000009 36.250000000000007
decision_type=1 1 2 2 2 2 2 1 2 2 2 2 2
left_child=2 3 4 7 6 -6 -1 -2 -5 12 -4 -11 -3
right_child=1 9 10 8 5 -7 -8 -9 -10 11 -12 -13 -14
leaf_value=0.020262620774900486 -0.0013684230350755218 -0.057501292904400092 0.057648901888760498 0.036547607121706217 -0.00032547488487036196 0.065860250097770828 0.062289023103882159 -0.031582003607154623 -0.02399043439388673 -0.054983001642040431 0.097849431917186772 -0.024766885920973956 -0.042101249956088965
leaf_weight=101.83969455957413 188.5043757557869 998.30953942239285 10.281859531998633 83.510055109858513 102.40192618966103 71.262061104178429 756.47715438902378 163.36703127622604 17.437788665294647 8.0390014797449094 76.433160468935966 27.223803475499153 34.555276572704315
leaf_count=431 946 6599 42 394 434 293 3152 951 85 52 306 158 220
internal_value=-0.00028006 -0.0410971 0.0550759 -0.00604557 0.052268 0.027055 0.057332 -0.0154457 0.0259575 -0.0557437 0.0937944 -0.0329817 -0.0570273
internal_weight=2639.64 1520.95 1118.7 452.819 1031.98 173.664 858.317 351.871 100.948 1068.13 86.715 35.2628 1032.86
internal_count=14063 9405 4658 2376 4310 727 3583 1897 479 7029 348 210 6819
cat_boundaries=0 1 2 3
cat_threshold=9 4 1
is_linear=0
shrinkage=0.05


Tree=10
num_leaves=15
num_cat=3
split_feature=0 0 34 1 38 39 2 5 5 4 4 4 43 21
split_gain=2216.23 297.84 55.3534 55.0415 47.731 52.2612 38.7141 38.3201 34.3307 10.8204 6.26186 6.89744 0.523021 0.41858
threshold=0 1 20.350000000000005 2 14.349107500000001 19.050000000000004 8.5000000000000018 0.97263757644091864 -0.98212955754013376 0.29342972903661901 -0.83377653105606597 -0.9354548908432756 36.250000000000007 20.250000000000004
decision_type=1 1 2 1 2 2 2 2 2 2 2 2 2 2
left_child=2 3 7 6 5 -4 -2 9 -5 -1 11 -3 -12 -9
right_child=1 10 4 8 -6 -7 -8 13 -10 -11 12 -13 -14 -15
leaf_value=-0.0014169403994439157 -0.0025222330125387613 -0.054403074383227737 0.040739371812225693 0.048731559344828722 -0.050980910250188728 0.064021209284117322 0.041461166216774065 0.045549857493569205 -0.030534891784655089 -0.057011282620993468 -0.058085458329391049 -0.032389234958183091 -0.04680708034535528 0.090599254243052874
leaf_weight=18.493600949645042 171.59215146303177 101.12925401329994 381.26217865943909 13.827166974544523 9.8320465981960279 695.2973907738924 69.560553357005119 4.7410746663808805 189.85424089431763 15.705802232027052 827.89579121768475 64.579964131116867 37.053752109408379 6.0404957979917526
leaf_count=84 867 674 1577 73 45 2837 309 20 1096 83 5685 426 243 25
internal_value=-0.00027039 -0.0405136 0.0521004 -0.00573664 0.0548089 0.0558214 0.0102836 -0.00175446 -0.024942 -0.0278425 -0.0553043 -0.0460696 -0.0576569 0.0763369
internal_weight=2606.87 1475.49 1131.37 444.834 1086.39 1076.56 241.153 44.981 203.681 34.1994 1030.66 165.709 864.95 10.7816
internal_count=14044 9373 4671 2345 4459 4414 1176 212 1169 167 7028 1100 5928 45
cat_boundaries=0 1 2 3
cat_threshold=9 4 1
is_linear=0
shrinkage=0.05


Tree=11
num_leaves=14
num_cat=3
split_feature=0 0 44 2 34 1 5 39 43 40 2 17 40
split_gain=2025.56 280.195 51.315 51.2145 48.9054 47.1302 35.0895 28.6362 21.5447 8.53377 2.85881 2.11763 1.50301
threshold=0 1 52.000000000000007 9.5000000000000018 20.350000000000005 2 0.95936279103287792 21.100000000000005 21.050000000000001 123.55000000000003 7.5000000000000009 44.45000000000001 78.750000000000014
decision_type=1 1 2 2 2 1 2 2 2 2 2 2 2
left_child=2 3 4 7 6 -6 -1 -2 -5 12 -11 -4 -3
right_child=1 9 11 8 5 -7 -8 -9 -10 10 -12 -13 -14
leaf_value=-0.03824759852103056 -0.029852252809822202 -0.056858202260876657 -0.057846387686658354 0.041170935711632467 0.06373679434569704 0.042616212781852653 0.050841374335894245 -0.00085888901762490679 -0.0074960918218894062 -0.053957964206303555 -0.019882600746593166 -0.015076977997184098 -0.050491984585402772
leaf_weight=25.273516640067101 165.45881509780884 742.67392149567604 8.3911543339490873 68.307725563645363 546.73071692883968 533.4780809879303 18.078981012105942 174.5085084438324 33.441169902682304 8.0917104184627515 26.967268660664558 5.5065896213054648 216.96554738283157
leaf_count=128 903 5291 41 314 2210 2185 77 955 162 56 163 26 1523
internal_value=5.86668e-05 -0.0392843 0.049642 -0.00557661 0.0512672 0.0533551 -0.000786817 -0.0150158 0.0252586 -0.0540282 -0.0290256 -0.0430497 -0.0554729
internal_weight=2573.87 1436.41 1137.46 441.716 1123.56 1080.21 43.3525 339.967 101.749 994.698 35.059 13.8977 959.639
internal_count=14034 9367 4667 2334 4600 4395 205 1858 476 7033 219 67 6814
cat_boundaries=0 1 2 3
cat_threshold=9 4 1
is_linear=0
shrinkage=0.05


Tree=12
num_leaves=14
num_cat=3
split_feature=0 0 34 34 33 5 2 1 33 40 37 2 2
split_gain=1802.75 264.868 57.8213 53.6808 76.3977 54.3042 49.324 27.6103 20.2114 7.50979 3.37938 2.28607 2.05831
threshold=0 1 25.350000000000005 24.550000000000004 33.95000000000001 -0.54219087765047058 9.5000000000000018 2 31.250000000000004 123.55000000000003 31.500000000000004 7.5000000000000009 8.5000000000000018
decision_type=1 1 2 2 2 2 2 1 2 2 2 2 2
left_child=2 6 3 5 -5 -1 7 -2 -8 12 -4 -11 -3
right_child=1 9 10 4 -6 -7 8 -9 -10 11 -12 -13 -14
leaf_value=0.067579432911756152 -0.0021604771530053385 -0.056464517725793452 0.048139708173621676 -0.018784783534807833 0.054081499303825366 0.039932950887666505 -0.014391356645537964 -0.030671142932117031 0.037293416809813337 -0.053010439168787608 0.08931977211537287 -0.021300000028396077 -0.049682808036621326
leaf_weight=247.2109496742487 187.76119096577168 679.62411847710609 9.4653967022895795 78.16554456949234 65.062044948339462 661.63293065130711 24.498081311583519 154.28082768619061 75.764097079634666 7.5245439857244483 77.911683082580566 26.864827409386635 238.23440480232239
leaf_count=997 949 5019 38 330 262 2715 115 936 351 54 314 164 1745
internal_value=-0.0004593 -0.0384454 0.0459583 0.0430365 0.0144607 0.047519 -0.00590026 -0.0150724 0.0246473 -0.0533221 0.085454 -0.0295402 -0.0547603
internal_weight=2534 1394.55 1139.45 1052.07 143.228 908.844 442.304 342.042 100.262 952.248 87.3771 34.3894 917.859
internal_count=13989 9333 4656 4304 592 3712 2351 1885 466 6982 352 218 6764
cat_boundaries=0 1 2 3
cat_threshold=9 4 1
is_linear=0
shrinkage=0.05


Tree=13
num_leaves=15
num_cat=3
split_feature=0 0 34 36 39 34 1 5 37 40 37 43 44 20
split_gain=1695.06 256.404 46.9345 45.6737 68.265 52.6076 42.6712 37.7453 29.715 7.46394 3.02179 1.94612 1.61316 1.48888
threshold=0 1 25.350000000000005 95.500000000000014 18.850000000000005 21.050000000000004 2 -0.97507822412530132 43.500000000000007 123.55000000000003 31.500000000000004 28.200000000000006 35.45000000000001 33.350000000000001
decision_type=1 1 2 2 2 2 1 2 2 2 2 2 2 2
left_child=2 6 3 5 -5 -1 8 -8 -2 11 -4 -3 -11 -12
right_child=1 9 10 4 -6 -7 7 -9 -10 12 13 -13 -14 -15
leaf_value=-0.032964171932409574 -0.01632608198666621 -0.055385876882246936 0.046583225562953967 0.030339113638746685 0.059063973112724134 0.031982323822867385 0.045352942522106629 -0.029865453436983172 0.020650571701349225 -0.009871031421606934 0.042899796358541381 -0.046471032865653489 -0.035520793108106789 0.086189295599599064
leaf_weight=36.751840576529503 81.331993222236633 779.55168415606022 10.483431071043013 367.47011816501617 484.46746189892292 181.58735375106335 17.465058401226997 181.93792177736759 159.18240143358707 9.6602790504694003 5.1780617684125891 111.47548425197601 22.269427493214607 70.801810204982758
leaf_count=169 409 5981 42 1499 1959 735 94 1084 764 60 21 835 146 288
internal_value=-0.000244474 -0.0378874 0.0440478 0.0414905 0.046724 0.0209498 -0.00590436 -0.0230839 0.00813078 -0.0528827 0.0799023 -0.0543239 -0.0282959 0.0838347
internal_weight=2519.61 1362.87 1156.74 1070.28 851.938 218.339 439.917 199.403 240.514 922.957 86.4633 891.027 31.9297 75.9799
internal_count=14086 9373 4713 4362 3458 904 2351 1178 1173 7022 351 6816 206 309
cat_boundaries=0 1 2 3
cat_threshold=9 4 1
is_linear=0
shrinkage=0.05


Tree=14
num_leaves=15
num_cat=2
split_feature=0 0 22 39 5 44 44 2 38 9 30 30 40 43
split_gain=1534.12 256.929 45.5288 46.0672 43.822 66.3629 52.0628 41.5755 26.4527 23.9473 21.2246 18.3954 6.57773 2.63279
threshold=0 1 88.743055500000011 19.350000000000005 0.74298546529340237 29.700000000000003 46.250000000000007 9.5000000000000018 5.6142855000000003 24.850000000000005 21.150000000000002 31.200000000000006 123.55000000000003 36.250000000000007
decision_type=1 1 2 2 2 2 2 2 2 2 2 2 2 2
left_child=2 7 4 11 6 -6 -1 8 -2 -5 -9 -4 13 -3
right_child=1 12 3 9 5 -7 -8 10 -10 -11 -12 -13 -14 -15
leaf_value=0.053624069449517545 0.078156100862977501 -0.054283886488419197 -0.074016929756710773 0.075479497674507554 0.06539641325164787 0.0075709587494849828 0.014397921262784051 0.033337091664393491 -0.015627499953078695 -0.040996927159881597 -0.025522461778231448 0.024903966494207494 -0.02887833292828066 -0.03640087284708176
leaf_weight=773.18173405528069 6.7152005136013022 826.83738631755114 19.281914293766025 16.082171931862835 69.866665661334991 166.53163580596447 95.959970146417618 83.677964717149734 330.47174865007401 5.2287088036537162 17.920070827007294 5.5710783153772345 31.381040200591087 29.687320247292519
leaf_count=3125 37 6583 79 65 287 689 396 383 1848 21 88 23 207 221
internal_value=-0.000289347 -0.0368003 0.0417217 -0.00643635 0.0441137 0.0248645 0.0493147 -0.00497361 -0.0135342 0.0463449 0.0228077 -0.0517371 -0.0522751 -0.0537072
internal_weight=2478.39 1326.69 1151.7 46.1639 1105.54 236.398 869.142 438.785 337.187 21.3109 101.598 24.853 887.906 856.525
internal_count=14052 9367 4685 188 4497 976 3521 2356 1885 86 471 102 7011 6804
cat_boundaries=0 1 2
cat_threshold=9 4
is_linear=0
shrinkage=0.05


Tree=15
num_leaves=15
num_cat=2
split_feature=0 0 34 34 39 33 2 39 39 24 37 4 40 39
split_gain=1391.98 241.822 47.063 52.8654 66.2922 53.5077 42.1446 28.368 18.9703 12.27 7.30489 5.75627 5.91864 1.28751
threshold=0 1 25.150000000000002 24.450000000000003 18.250000000000004 31.250000000000004 9.5000000000000018 21.250000000000004 13.900000000000002 63.500000000000007 31.500000000000004 -0.82415615971448097 91.350000000000009 15.750000000000002
decision_type=1 1 2 2 2 2 2 2 2 2 2 2 2 2
left_child=2 6 3 5 -5 -1 7 -2 -8 10 -4 12 -3 -13
right_child=1 11 9 4 -6 -7 8 -9 -10 -11 -12 13 -14 -15
leaf_value=0.0072408057242428596 -0.028680773351287065 -0.051188406115409493 0.039946441975733243 -0.0537282983769959 0.025635405745659087 0.045293386532239736 -0.040834783342645446 0.00046246062659580463 0.029143352616728874 0.0078577555086817852 0.082299601546521189 -0.045122225828218079 -0.029727235460413139 -0.055007850340421743
leaf_weight=105.16032968461514 166.57529696822166 82.56982945650816 14.987182006239889 32.026950165629387 128.77229008078575 785.2181463688612 9.9055503159761411 166.37117624282837 94.141711488366127 7.3111929446458808 81.151091620326042 68.625243812799454 62.160809859633446 647.12819537520409
leaf_count=431 941 667 60 132 525 3176 46 933 432 30 336 569 458 5358
internal_value=-0.000796606 -0.0361875 0.0389459 0.0360504 0.00959389 0.0408123 -0.00536026 -0.0141603 0.022156 0.0714694 0.0761763 -0.0515777 -0.0422382 -0.0541243
internal_weight=2452.1 1297.48 1154.63 1051.18 160.799 890.378 436.994 332.946 104.047 103.449 96.1383 860.484 144.731 715.753
internal_count=14094 9404 4690 4264 657 3607 2352 1874 478 426 396 7052 1125 5927
cat_boundaries=0 1 2
cat_threshold=9 4
is_linear=0
shrinkage=0.05


Tree=16
num_leaves=15
num_cat=5
split_feature=0 0 1 5 39 1 4 5 4 4 0 40 39 4
split_gain=1288.47 230.419 44.7843 39.9268 38.359 35.6274 32.7236 31.1909 7.27411 7.48853 31.9108 3.48232 1.37349 3.79327
threshold=0 1 2 0.70747208174348741 18.850000000000005 3 0.96904697354198299 -0.98801846520836334 -0.82415615971448097 -0.94139628442229051 4 127.05000000000001 15.750000000000002 -0.29343379936893915
decision_type=1 1 1 2 2 1 2 2 2 2 1 2 2 2
left_child=1 2 3 -1 -4 6 -3 -7 9 11 -11 -2 13 -10
right_child=8 5 4 -5 -6 7 -8 -9 12 10 -12 -13 -14 -15
leaf_value=0.054733907042910583 -0.054472153336447372 0.01327874675369776 0.0097198922689429521 0.02332969004887064 0.036977787985893344 0.052939044728116141 -0.050891451021154735 -0.0262904382717924 -0.030207766443299301 0.021892868502433702 -0.046025125708622605 -0.02264487778695512 -0.054427028688109391 -0.056161538474037764
leaf_weight=446.86021916568279 70.698871292173862 219.94227880239487 195.69942294061184 133.60887537896633 383.31105114519596 12.393175080418585 20.846660256385803 184.75026750564575 31.922314286231995 21.171132817864418 39.333609268069267 12.061468422412871 619.31330644339323 33.884421467781067
leaf_count=1811 592 1071 797 546 1558 64 108 1126 274 168 311 78 5337 290
internal_value=-0.000455397 0.0257546 0.0374004 0.047558 0.0277975 -0.00524 0.00753561 -0.0210677 -0.050667 -0.0402985 -0.0262141 -0.0501594 -0.0535117 -0.0442122
internal_weight=2425.8 1597.41 1159.48 580.469 579.01 437.932 240.789 197.143 828.385 143.265 60.5047 82.7603 685.12 65.8067
internal_count=14131 7081 4712 2357 2355 2369 1179 1190 7050 1149 479 670 5901 564
cat_boundaries=0 1 2 3 4 5
cat_threshold=13 9 1 1 2
is_linear=0
shrinkage=0.05


Tree=17
num_leaves=15
num_cat=5
split_feature=0 0 1 1 20 39 4 5 4 4 0 40 39 4
split_gain=1180.51 202.353 46.3237 34.7057 30.6679 30.4389 29.1411 28.287 8.20131 7.63034 33.4599 3.89286 1.76119 4.32514
threshold=0 1 2 3 30.850000000000005 18.850000000000005 0.96904697354198299 -0.98801846520836334 -0.83377653105606597 -0.94139628442229051 4 115.65000000000002 15.750000000000002 -0.452744437932114
decision_type=1 1 1 1 2 2 2 2 2 2 1 2 2 2
left_child=1 2 4 6 -1 -4 -3 -5 9 11 -11 -2 13 -10
right_child=8 3 5 7 -6 -7 -8 -9 12 10 -12 -13 -14 -15
leaf_value=0.010165712557951196 -0.054963781721799304 0.012701703787573841 0.0096033140474099249 0.046377286792166461 0.049384901035539393 0.033809257014440867 -0.049234199856676535 -0.026506805290357129 -0.02228558927195038 0.0250555115128691 -0.045115027978257088 -0.024812047258571876 -0.053926895117381614 -0.051737718326879803
leaf_weight=55.825514391064644 59.648076891899109 220.189966827631 200.64570771157742 13.488301947712896 515.5482766777277 372.68411573767662 19.792438790202141 176.69963058829308 20.462836034595966 19.900608636438847 36.965695694088936 16.051582328975201 602.1508936136961 44.227922856807709
leaf_count=227 523 1067 816 68 2097 1515 105 1093 179 155 301 113 5400 393
internal_value=-0.000877941 0.0242171 0.0351801 -0.00510581 0.0455775 0.0253695 0.00741046 -0.0211223 -0.0499633 -0.0385298 -0.0240164 -0.0489772 -0.0529233 -0.0429026
internal_weight=2374.28 1574.87 1144.7 430.17 571.374 573.33 239.982 190.188 799.408 132.566 56.8663 75.6997 666.842 64.6908
internal_count=14052 6988 4655 2333 2324 2331 1172 1161 7064 1092 456 636 5972 572
cat_boundaries=0 1 2 3 4 5
cat_threshold=13 9 1 1 2
is_linear=0
shrinkage=0.05


Tree=18
num_leaves=15
num_cat=3
split_feature=0 0 9 37 2 39 43 40 5 1 43 43 43 9
split_gain=1111.14 186.056 39.1019 40.4735 35.399 25.8794 19.1993 9.12635 8.87851 6.5432 8.25548 2.7179 10.006 1.98543
threshold=0 1 26.150000000000002 32.500000000000007 9.5000000000000018 20.650000000000002 21.050000000000001 127.05000000000001 -0.031174269516803247 2 34.600000000000001 28.200000000000006 28.950000000000006 24.550000000000004
decision_type=1 1 2 2 2 2 2 2 2 1 2 2 2 2
left_child=1 2 3 -1 5 -3 -6 11 -4 10 -9 -2 -13 -11
right_child=7 4 8 -5 6 -7 -8 9 -10 13 -12 12 -14 -15
leaf_value=0.008988883901281209 -0.052491182028683352 -0.028855483910796953 0.073119414284626941 0.035887805152398818 0.03518594815675518 -0.00048905161643934608 -0.01008287945142239 0.032258582453447891 0.0043350702293988175 -0.0546982615160354 -0.047350616225151784 0.0070172025927662087 -0.047126521508556812 -0.0054546632003766408
leaf_weight=166.32423619925976 644.17322248965502 141.82506485283375 71.770246461033821 904.72410748898983 70.419881224632263 184.05819806456566 34.299324348568916 8.7296646237373334 5.1540073454380027 9.0647583827376348 3.9067337214946756 9.1852982565760595 86.796687074005604 2.8688592165708551
leaf_count=685 5990 821 304 3663 316 1042 166 58 21 63 30 81 772 22
internal_value=-0.000478059 0.0234663 0.0339578 0.0317229 -0.0046529 -0.0128847 0.0204036 -0.0495305 0.0686256 -0.019167 0.00597873 -0.0511795 -0.0419261 -0.0441971
internal_weight=2343.3 1578.58 1147.97 1071.05 430.602 325.883 104.719 764.725 76.9243 24.57 12.6364 740.155 95.982 11.9336
internal_count=14034 7018 4673 4348 2345 1863 482 7016 325 173 88 6843 853 85
cat_boundaries=0 1 2 3
cat_threshold=13 9 1
is_linear=0
shrinkage=0.05


Tree=19
num_leaves=15
num_cat=1
split_feature=1 34 44 36 4 39 44 43 5 37 37 4 4 19
split_gain=47.6844 36.9299 37.145 31.9585 24.4497 22.4765 30.344 23.7721 20.3057 17.9287 15.1544 11.2288 9.14585 8.49369
threshold=0 21.050000000000004 44.100000000000001 95.500000000000014 0.9916835347852474 19.550000000000004 46.250000000000007 17.750000000000004 0.36447543099728857 67.500000000000014 65.500000000000014 -0.99630266176052629 -0.30983472475487861 27.893750000000004
decision_type=1 2 2 2 2 2 2 2 2 2 2 2 2 2
left_child=1 3 4 13 -3 9 7 -7 -4 11 -8 -2 -5 -1
right_child=5 2 8 12 -6 6 10 -9 -10 -11 -12 -13 -14 -15
leaf_value=-0.063547234645394413 -0.06812623020449185 0.015642799842455788 -0.0067051632099239594 -0.042634497823360117 -0.020636598534585576 -0.0042530362563323876 -0.038917201425659444 0.017643393808527721 -0.074680340265598805 -0.056083613758576123 0.00098408203881012227 -0.012341806522683293 0.0086764759942808325 0.012484855837173401
leaf_weight=35.928324490785599 8.2767739966511709 854.14054665714502 168.64595844596624 9.3161198049783689 48.265950888395309 370.14615069329739 71.812060847878456 185.15452639758587 10.777982503175734 25.438009545207024 35.276510886847973 426.55470859259367 53.912729106843472 3.7480090409517279
leaf_count=234 50 5030 1010 54 298 2330 449 1128 66 154 228 2631 323 23
internal_value=-0.000169528 0.00682465 0.00955184 -0.0216619 0.0136817 -0.00754995 -0.00164616 0.00306651 -0.0111797 -0.0160243 -0.0258856 -0.0135575 0.000570248 -0.0562345
internal_weight=2307.39 1184.74 1081.83 102.905 902.406 1122.66 662.389 555.301 179.424 460.269 107.089 434.831 63.2288 39.6763
internal_count=14008 7038 6404 634 5328 6970 4135 3458 1076 2835 677 2681 377 257
cat_boundaries=0 1
cat_threshold=1
is_linear=0
shrinkage=0.05


Tree=20
num_leaves=15
num_cat=2
split_feature=0 0 34 34 2 39 43 4 5 43 37 34 39 5
split_gain=1038.09 170.103 41.9682 36.88 34.8163 25.0738 18.517 7.87243 7.8831 7.60422 2.83971 2.45906 2.02026 4.82079
threshold=0 1 25.350000000000005 24.450000000000003 9.5000000000000018 21.100000000000005 21.050000000000001 -0.82415615971448097 -0.35846086284744716 21.550000000000004 31.500000000000004 22.850000000000005 15.750000000000002 0.75438814418115718
decision_type=1 1 2 2 2 2 2 2 2 2 2 2 2 2
left_child=1 2 3 -1 5 -3 -6 8 9 -2 -4 -10 13 -9
right_child=7 4 10 -5 6 -7 -8 12 11 -11 -12 -13 -14 -15
leaf_value=0.03476760325111708 -0.051399324231163515 -0.026186112676349661 0.035526773468644614 0.0098189940539844672 0.035238237445050995 0.0014146390122550768 -0.0096447536901311092 -0.054978053264479458 -0.016582752694129992 0.0026685451427982082 0.07238613432474203 -0.046454079610052629 -0.052850012968732145 -0.025063943268720957
leaf_weight=884.10229969024658 8.3841512501239794 159.80517093837261 8.8808244317769987 179.07062222063541 71.004685148596764 168.314393222332 33.220128655433655 30.099107347428799 8.9958896264433843 20.886148050427437 68.590007439255714 93.601662240922451 546.89822564274073 29.150742165744305
leaf_count=3589 74 936 36 729 316 953 161 286 81 161 302 834 5315 277
internal_value=-0.000104198 0.0228318 0.032935 0.0305787 -0.00397901 -0.0120666 0.0209767 -0.0486054 -0.0375134 -0.014005 0.0686674 -0.0440203 -0.0517533 -0.0409207
internal_weight=2311 1572.99 1140.64 1063.17 432.344 328.12 104.225 738.016 131.868 29.2703 77.4708 102.598 606.148 59.2498
internal_count=14050 7022 4656 4318 2366 1889 477 7028 1150 235 338 915 5878 563
cat_boundaries=0 1 2
cat_threshold=13 9
is_linear=0
shrinkage=0.05


Tree=21
num_leaves=15
num_cat=3
split_feature=0 0 44 34 1 5 4 40 2 44 43 36 26 34
split_gain=975.462 162.571 42.3694 38.1148 35.2837 32.5086 29.9989 9.12186 2.38587 4.06341 2.62183 2.05258 1.54495 1.08162
threshold=0 1 52.000000000000007 25.150000000000002 2 -0.98801846520836334 0.96904697354198299 127.05000000000001 8.5000000000000018 32.95000000000001 36.250000000000007 98.500000000000014 25.950000000000003 23.750000000000004
decision_type=1 1 2 2 1 2 2 2 2 2 2 2 2 2
left_child=1 2 3 -1 6 -6 -3 8 10 -10 -2 -9 -4 -13
right_child=7 4 12 -5 5 -7 -8 11 9 -11 -12 13 -14 -15
leaf_value=0.029748381898699244 -0.053271965050892628 0.013092467538563541 -0.064831400861263919 0.062229391283680727 0.052341828056786034 -0.026590695384720472 -0.05024210715216855 -0.046624303845768607 -0.033389312651819443 -0.050128358089597196 -0.033826378185084292 0.000219310247399597 -0.026786816009816042 -0.022569606413821667
leaf_weight=1041.8055252581835 473.84018611162901 222.16542021930218 7.8934782445430738 99.091554164886475 13.154680013656614 177.40132668614388 19.424327790737152 4.0865234807133701 65.573189958930016 122.75919549912214 24.913816034793854 11.400811716914179 7.184310644865036 8.5542341247200948
leaf_count=4229 4813 1076 37 433 66 1128 107 35 627 1192 226 77 31 62
internal_value=-0.000305051 0.0214789 0.0312386 0.0326215 -0.00475534 -0.0208969 0.00781412 -0.0485357 -0.0502828 -0.0445073 -0.0523702 -0.017973 -0.0494974 -0.0101606
internal_weight=2299.25 1588.12 1155.97 1140.9 432.146 190.556 241.59 711.128 687.086 188.332 498.754 24.0416 15.0778 19.955
internal_count=14139 7107 4730 4662 2377 1194 1183 7032 6858 1819 5039 174 68 139
cat_boundaries=0 1 2 3
cat_threshold=13 9 1
is_linear=0
shrinkage=0.05


Tree=22
num_leaves=15
num_cat=2
split_feature=0 0 34 34 2 39 21 32 4 40 4 34 43 43
split_gain=881.309 141.809 40.7228 42.9148 29.2507 19.4246 16.704 14.308 8.36994 7.36518 9.11883 5.15925 1.8665 7.7152
threshold=0 1 25.150000000000002 24.450000000000003 9.5000000000000018 21.100000000000005 24.050000000000004 28.111012000000006 -0.82415615971448097 91.350000000000009 -0.92923668111203817 22.850000000000005 36.250000000000007 38.900000000000006
decision_type=1 1 2 2 2 2 2 2 2 2 2 2 2 2
left_child=1 2 3 -1 5 -3 -6 -4 9 11 -11 -2 -10 -14
right_child=8 4 7 -5 6 -7 -8 -9 12 10 -12 -13 13 -15
leaf_value=0.03086947368656287 -0.0095637748867818586 -0.024520522942642554 -0.02262086212548467 0.0027933093700387699 0.024465621203102278 -0.00018050654683624012 -0.049660251872426911 0.064736072777110729 -0.051666849924758729 -0.036770494376123855 0.0050574742669963176 -0.052167195824907787 0.0060743833706043554 -0.053382992968655313
leaf_weight=878.18936160206795 8.6415184810757619 158.03509816527367 4.4659687578678122 161.28235657513142 93.882398277521133 169.18462063372135 7.3361085802316657 91.81093692779541 537.7857980132103 34.830812647938728 20.13285455852747 58.745786659419537 7.8480694293975857 15.594154685735701
leaf_count=3574 81 942 18 658 428 961 34 410 5669 308 158 583 74 148
internal_value=-0.000726644 0.0199691 0.0291938 0.0265201 -0.00460351 -0.0119747 0.0186599 0.060493 -0.047639 -0.0358296 -0.0216326 -0.0469236 -0.0509926 -0.0340435
internal_weight=2247.77 1564.19 1135.75 1039.47 428.438 327.22 101.219 96.2769 683.579 122.351 54.9637 67.3873 561.228 23.4422
internal_count=14046 7025 4660 4232 2365 1903 462 428 7021 1130 466 664 5891 222
cat_boundaries=0 1 2
cat_threshold=13 9
is_linear=0
shrinkage=0.05


Tree=23
num_leaves=15
num_cat=5
split_feature=0 0 1 5 1 5 44 39 4 43 0 39 44 39
split_gain=835.445 126.068 40.9661 29.752 29.6141 31.4826 30.1529 26.8275 8.16196 6.82439 11.2886 1.78408 11.9128 1.56462
threshold=0 1 2 0.68274389090025245 3 -0.97507822412530132 43.750000000000007 18.950000000000003 -0.83377653105606597 20.050000000000004 4 26.050000000000004 45.20000000000001 15.750000000000002
decision_type=1 1 1 2 1 2 2 2 2 2 1 2 2 2
left_child=1 2 3 -1 6 -6 -3 -4 9 -2 -11 13 -13 -10
right_child=8 4 7 -5 5 -7 -8 -9 11 10 -12 12 -14 -15
leaf_value=0.044514689848945549 -0.053306245490988724 0.015591780148539586 0.0042897841339080839 0.017868280986094116 0.043087089590067296 -0.025643411196773505 -0.031548651070512884 0.026944742875273521 -0.041098645609404537 0.0038554806767315329 -0.036802085050080736 0.0050650577614111828 -0.053726397051251817 -0.052752608522428024
leaf_weight=425.64085747301579 36.152335040271282 199.8691972643137 203.57103787362576 141.42064380645752 17.584232434630394 167.35467340052128 39.852629363536835 366.11599411070347 53.240985698997974 28.468227587640285 51.191474802792072 11.440789945423601 32.008358091115952 445.00248104333878
leaf_count=1772 372 970 823 578 92 1085 204 1506 561 254 475 125 364 4868
internal_value=-0.000428785 0.0194813 0.0281473 0.0379124 -0.00384103 -0.0189118 0.0076564 0.018871 -0.0472465 -0.0352452 -0.0264892 -0.0506132 -0.0384801 -0.0515921
internal_weight=2218.91 1561.41 1136.75 567.062 424.661 184.939 239.722 569.687 657.505 115.812 79.6597 541.693 43.4491 498.243
internal_count=14049 7030 4679 2350 2351 1177 1174 2329 7019 1101 729 5918 489 5429
cat_boundaries=0 1 2 3 4 5
cat_threshold=13 9 1 1 2
is_linear=0
shrinkage=0.05


Tree=24
num_leaves=15
num_cat=4
split_feature=0 0 34 1 44 39 41 41 37 0 4 23 4 8
split_gain=784.204 100.656 35.5274 35.2806 26.2581 63.0153 20.7376 6.55288 5.75467 4.27522 9.57346 2.61155 1.23699 0.680137
threshold=0 1 25.350000000000005 2 41.20000000000001 21.750000000000004 68.050000000000011 130.55000000000004 31.500000000000004 3 0.78325454425165997 98.500000000000014 -0.99866806308218525 29.750000000000004
decision_type=1 1 2 1 2 2 2 2 2 1 2 2 2 2
left_child=1 2 3 -1 5 -3 -6 9 -4 10 -2 -9 -11 -13
right_child=7 4 8 -5 6 -7 -8 11 -10 12 -12 13 -14 -15
leaf_value=0.033571211853421296 -0.028823821819795203 -0.0075955744063248348 0.020380665786939978 0.015326191339669124 -0.043080322743098413 0.044553125619313544 0.0012633230641458416 -0.041315607917968809 0.065810066117152594 -0.024267008082117892 -0.054272931516193605 -0.019536912561845005 -0.055258203476318171 0.005016327070087403
leaf_weight=521.93774376809597 159.18711540102959 241.25623291730881 9.0897522270679456 543.43258680403233 59.418718799948692 75.150384813547134 46.680325224995613 5.6522327661514291 63.087398648262024 5.4520533680915824 50.296481609344482 2.9366647228598604 404.39062415063381 9.0283280014991742
leaf_count=2152 1753 1324 38 2204 352 413 259 52 301 57 577 21 4543 62
internal_value=-0.000421924 0.0186709 0.0264011 0.0242877 -0.00228361 0.00489171 -0.0237408 -0.0467022 0.0604455 -0.0482955 -0.0335681 -0.0161918 -0.0536013 -0.00205206
internal_weight=2197 1560.05 1137.55 1065.37 422.506 316.407 106.099 636.944 72.1772 619.326 209.484 17.6172 409.843 11.965
internal_count=14108 7043 4695 4356 2348 1737 611 7065 339 6930 2330 135 4600 83
cat_boundaries=0 1 2 3 4
cat_threshold=13 9 1 2
is_linear=0
shrinkage=0.05


Tree=25
num_leaves=15
num_cat=4
split_feature=0 0 34 36 1 4 5 40 1 34 25 9 30 10
split_gain=738.955 102.878 36.6754 38.7172 23.2971 24.686 19.364 9.87533 8.66751 8.82105 3.96042 2.72819 2.67604 4.36566
threshold=0 1 25.350000000000005 95.500000000000014 2 0.97314989601849466 -0.98801846520836334 125.2 3 23.950000000000003 13.800000000000002 24.750000000000004 36.70000000000001 86.562500000000014
decision_type=1 1 2 2 1 2 2 2 1 2 2 2 2 2
left_child=1 2 3 -1 5 -3 -6 12 9 -9 -4 -10 -2 -14
right_child=7 4 10 -5 6 -7 -8 8 11 -11 -12 -13 13 -15
leaf_value=0.005065797177370066 -0.048743547107578493 0.011811842184893397 0.064404557117594657 0.028789179146871353 0.0398854785412142 -0.048094288492619944 -0.021072569599672367 0.037849116250041212 -0.053654650964319164 -0.045433682892536617 0.020585238155117837 0.0041850344007680123 -0.04567079020699967 0.021446867117734289
leaf_weight=216.78245535492897 575.87990223616362 222.52290464937687 65.663625061511993 840.36474949121475 13.198361694812773 17.647165879607201 168.38458909094334 9.2541365474462491 10.421438887715338 3.6540281251072892 6.8744900375604621 2.3138013184070596 4.4526291266083708 3.5470303669571877
leaf_count=893 6731 1077 320 3441 64 100 1111 65 84 33 29 20 47 33
internal_value=-7.9394e-05 0.0182544 0.026108 0.0239338 -0.00291082 0.0072289 -0.0164476 -0.04624 -0.0158495 0.0127019 0.0605882 -0.0436064 -0.0483359 -0.0168347
internal_weight=2160.96 1551.44 1129.69 1057.15 421.753 240.17 181.583 609.523 25.6434 12.9082 72.5381 12.7352 583.88 7.99966
internal_count=14048 7035 4683 4334 2352 1177 1175 7013 202 98 349 104 6811 80
cat_boundaries=0 1 2 3 4
cat_threshold=13 9 1 1
is_linear=0
shrinkage=0.05


Tree=26
num_leaves=15
num_cat=4
split_feature=0 0 22 6 39 44 39 32 40 1 43 0 43 9
split_gain=672.124 95.2045 35.292 39.1891 38.1747 26.2468 42.2059 15.3827 9.49012 6.98798 8.49669 5.83473 10.4205 2.64609
threshold=0 1 88.520833500000023 2.5000000000000004 17.450000000000003 43.750000000000007 21.750000000000004 26.743750000000002 125.2 2 34.600000000000001 3 36.250000000000007 24.750000000000004
decision_type=1 1 2 2 2 2 2 2 2 1 2 1 2 2
left_child=1 2 3 -1 -4 6 -3 -7 11 10 -10 12 -2 -11
right_child=8 5 4 -5 -6 7 -8 -9 9 13 -12 -13 -14 -15
leaf_value=0.0097800909138346659 -0.035717093297092176 -0.0091378823168250956 -0.082320950410329732 0.032330817001325278 0.010080554685142431 0.014112805590036429 0.028352456819590206 -0.04387259640984998 0.036995711909799056 -0.052514468666632785 -0.045207657718544132 -0.052988768670798707 0.022687141252086242 0.0052485688228492838
leaf_weight=254.06216192245483 184.85830728709698 248.90767747163773 13.81251138448715 810.84734722971916 44.862570106983185 13.98296609520912 106.31210352480412 53.094957366585732 8.8031089231371862 8.8889103978872281 3.6652665957808503 372.21251885592937 7.3187721818685523 2.2662691324949273
leaf_count=1058 2214 1377 56 3376 184 78 582 321 61 74 34 4555 76 20
internal_value=-0.0002453 0.017074 0.0246656 0.026965 -0.0126864 -0.00323773 0.00213052 -0.0317553 -0.045251 -0.0142303 0.0112684 -0.0473223 -0.0317437 -0.0413131
internal_weight=2133.9 1545.88 1123.58 1064.91 58.6751 422.298 355.22 67.0779 588.013 23.6236 12.4684 564.39 192.177 11.1552
internal_count=14066 7032 4674 4434 240 2358 1959 399 7034 189 95 6845 2290 94
cat_boundaries=0 1 2 3 4
cat_threshold=13 9 1 2
is_linear=0
shrinkage=0.05


Tree=27
num_leaves=15
num_cat=4
split_feature=0 0 26 34 34 1 4 5 0 43 43 33 4 40
split_gain=604.34 83.43 39.4064 52.2576 49.6049 25.5192 23.2142 18.6039 11.8651 14.8784 25.306 11.0994 10.6296 13.1995
threshold=0 1 14.750000000000002 22.650000000000002 23.250000000000004 2 0.96904697354198299 -0.96234030595689413 3 36.250000000000007 38.900000000000006 31.750000000000004 -0.99054481509840819 115.65000000000002
decision_type=1 1 2 2 2 1 2 2 1 2 2 2 2 2
left_child=1 2 4 -4 -1 6 -3 -7 9 11 -11 -2 13 -10
right_child=8 5 3 -5 -6 7 -8 -9 12 10 -12 -13 -14 -15
leaf_value=0.030419835237445288 -0.0092888648451771548 0.011611066214573404 0.0043935284192876071 0.033195309546874781 -0.02266895426434002 0.026183771618991936 -0.0471444429969263 -0.023667664730827796 -0.045420553716112144 0.10911425946818909 -0.045742101660114699 -0.039290512485635698 -0.054634361149440008 0.042728392916115736
leaf_weight=79.168216079473495 39.931624673306942 220.24539306759834 200.26230135560036 742.17221920192242 96.533709958195686 20.390647619962692 17.210929498076439 157.14678107202053 10.057790659368036 4.1289841234683973 4.591519869863987 146.22270438075066 355.07438711076975 5.9418151453137389
leaf_count=323 448 1063 825 3122 398 110 100 1050 124 36 50 1812 4509 46
internal_value=-0.000576668 0.015743 0.0228332 0.0270862 0.00128871 -0.00345669 0.0071726 -0.0178275 -0.0442332 -0.0284677 0.0312615 -0.0329389 -0.0514548 -0.0120967
internal_weight=2099.08 1533.13 1118.14 942.435 175.702 414.994 237.456 177.537 565.949 194.875 8.7205 186.154 371.074 15.9996
internal_count=14016 6991 4668 3947 721 2323 1163 1160 7025 2346 86 2260 4679 170
cat_boundaries=0 1 2 3 4
cat_threshold=13 9 1 2
is_linear=0
shrinkage=0.05


Tree=28
num_leaves=15
num_cat=3
split_feature=0 0 34 36 2 39 33 0 43 43 2 25 40 30
split_gain=593.066 68.6018 35.2443 33.1374 31.2906 25.1644 16.6376 7.89818 15.3513 22.9118 8.81989 3.8362 3.25251 1.05122
threshold=0 1 25.350000000000005 95.500000000000014 9.5000000000000018 20.650000000000002 31.250000000000004 2 36.250000000000007 38.900000000000006 8.5000000000000018 13.800000000000002 125.2 33.750000000000007
decision_type=1 1 2 2 2 2 2 1 2 2 2 2 2 2
left_child=1 2 3 -1 5 -3 -6 8 10 -10 -2 -4 -9 -14
right_child=7 4 11 -5 6 -7 -8 12 9 -11 -12 -13 13 -15
leaf_value=0.0023447121270829684 -0.041875671932057733 -0.026215608073469537 0.060756678521980662 0.024368026908214539 -0.01261417534954375 0.0023031592059852032 0.034030362632182953 -0.054149847750621954 0.10168929007998312 -0.045215648500569749 -0.017454712602641899 0.017725111205506881 -0.034539852214732228 -0.0032767034617288086
leaf_weight=215.5510990768671 125.2714196741581 132.69937784969807 61.298711806535721 825.92864023149014 25.007884100079536 183.18612471222878 74.491615429520607 340.59490016102791 4.3529800772666913 4.4216293022036552 55.346149288117886 6.7554760277271262 11.631407670676706 3.7015098929405204
leaf_count=890 1636 818 316 3415 118 1060 340 4555 36 50 627 29 95 33
internal_value=-0.000569695 0.0154572 0.0219368 0.0198166 -0.00196973 -0.00972213 0.022298 -0.0447962 -0.0298016 0.0306097 -0.0345297 0.0568036 -0.0516423 -0.0276553
internal_weight=2070.24 1524.92 1109.53 1041.48 415.385 315.886 99.4995 545.32 189.392 8.77461 180.618 68.0542 355.928 15.3329
internal_count=14018 6986 4650 4305 2336 1878 458 7032 2349 86 2263 345 4683 128
cat_boundaries=0 1 2 3
cat_threshold=13 9 2
is_linear=0
shrinkage=0.05


Tree=29
num_leaves=15
num_cat=3
split_feature=0 0 44 22 44 26 32 0 40 4 44 4 40 26
split_gain=536.472 64.1097 35.6375 34.8742 22.6174 35.5041 19.206 12.5697 13.8769 16.9589 9.67507 7.79125 9.16669 1.1983
threshold=0 1 52.000000000000007 88.520833500000023 43.750000000000007 21.450000000000003 26.419940500000006 2 78.750000000000014 -0.94139628442229051 29.700000000000003 -0.99054481509840819 115.65000000000002 25.950000000000003
decision_type=1 1 2 2 2 2 2 1 2 2 2 2 2 2
left_child=1 2 3 -1 5 -3 -6 8 10 -10 -2 12 -9 -4
right_child=7 4 13 -5 6 -7 -8 11 9 -11 -12 -13 -14 -15
leaf_value=0.024169129149038085 -0.0019382506820587891 -0.0048593409582570243 -0.067187620446195362 -0.016492579106968414 0.03957838699006129 0.035981550012183353 -0.039372421002089451 -0.04464063343268547 -0.052458538965878446 0.010751053334718052 -0.042398833517396019 -0.054159793218071288 0.030123680062852928 -0.030865806014521619
leaf_weight=1034.6241687238216 17.030432142317295 285.51831633597612 7.957448869943617 54.888875678181648 8.0605598539113981 64.358673200011253 57.053265124559402 9.6478918418288213 13.597550734877585 38.002712517976761 115.66105421632528 327.78924044966698 5.7886580005288115 7.1681383401155472
leaf_count=4357 212 1586 36 226 45 354 348 129 145 430 1552 4547 44 30
internal_value=-0.000546306 0.0145605 0.0208441 0.0221074 -0.0022716 0.00273434 -0.0291481 -0.0434632 -0.0272807 -0.00658639 -0.0372592 -0.0510352 -0.0164773 -0.052956
internal_weight=2047.15 1519.63 1104.64 1089.51 414.991 349.877 65.1138 527.518 184.292 51.6003 132.691 343.226 15.4365 15.1256
internal_count=14041 6982 4649 4583 2333 1940 393 7059 2339 575 1764 4720 173 66
cat_boundaries=0 1 2 3
cat_threshold=13 9 2
is_linear=0
shrinkage=0.05


Tree=30
num_leaves=15
num_cat=4
split_feature=0 0 1 5 38 20 32 34 43 0 43 4 44 4
split_gain=512.473 53.294 40.1776 30.1694 23.7367 32.7578 26.3744 22.1517 9.32719 9.635 17.2087 10.7004 2.55268 7.10409
threshold=0 1 2 0.73136292505298039 5.8788690000000008 31.850000000000005 26.409821500000003 25.350000000000005 28.200000000000006 3 28.600000000000005 -0.99275805973510278 29.700000000000003 -0.30983472475487861
decision_type=1 1 1 2 2 2 2 2 2 1 2 2 2 2
left_child=1 2 3 -1 5 -3 -6 -4 12 10 -10 -11 13 -2
right_child=8 4 7 -5 6 -7 -8 -9 9 11 -12 -13 -14 -15
leaf_value=0.036151590478300459 -0.014649260138836407 -0.0039874365451669285 0.0081897326386749358 0.0077593393374673844 0.023540549428612473 0.10632025293064046 -0.010412655964659144 0.049104580458992637 0.10611230407274326 0.0066869185496075166 -0.012039175838064188 -0.053856991450788518 -0.049123334535967157 -0.052261507800032053
leaf_weight=420.50905314087868 24.054519176483154 15.38876958191395 531.3974077552557 121.08386285603046 68.623677611351013 10.867447257041929 319.93289729952812 34.351793244481087 2.4292439967393902 8.327600531280039 29.421467080712318 48.166826166212559 363.44579922035336 27.930638432502747
leaf_count=1827 308 76 2175 503 353 56 1855 174 26 75 316 619 5254 398
internal_value=-0.000293298 0.0142029 0.0199238 0.0298299 -0.00118922 0.0438946 -0.00437108 0.0107563 -0.0434553 -0.028966 -5.51778e-05 -0.0383084 -0.0475031 -0.0354626
internal_weight=2025.93 1522.15 1107.34 541.593 414.813 26.2562 388.557 565.749 503.776 88.3451 31.8507 56.4944 415.431 51.9852
internal_count=14015 7019 4679 2330 2340 132 2208 2349 6996 1036 342 694 5960 706
cat_boundaries=0 1 2 3 4
cat_threshold=13 9 1 2
is_linear=0
shrinkage=0.05


Tree=31
num_leaves=14
num_cat=3
split_feature=0 0 38 26 4 39 37 0 4 4 39 4 40
split_gain=457.026 49.8172 36.1423 34.554 25.4494 29.0654 24.3378 13.0676 12.9919 39.3526 9.93017 9.59807 13.5919
threshold=0 1 14.349107500000001 14.750000000000002 0.27694220057652758 21.250000000000004 56.500000000000007 2 -0.82415615971448097 -0.94705910369513513 15.750000000000002 -0.99054481509840819 115.65000000000002
decision_type=1 1 2 2 2 2 2 1 2 2 2 2 2
left_child=1 2 3 -1 6 -6 -3 8 9 -2 -10 12 -9
right_child=7 4 -4 -5 5 -7 -8 11 10 -11 -12 -13 -14
leaf_value=-0.00071555267025403754 -0.052487923252907159 0.033675705916161945 -0.072672520451984635 0.023441673739893851 -0.038340788656066785 0.0024231313748714384 -0.0014707396620452088 -0.048613646294463193 0.005289205327080884 0.049963612329136403 -0.03861014438418995 -0.053714910744079504 0.043281200912498562
leaf_weight=176.56194068491459 17.38328754901886 67.992566734552383 9.7746270447969419 913.09890729188919 80.33834320306778 94.330623529851437 171.91009435802698 8.7890026010572893 14.104490049183367 18.123121671378613 124.54121898114681 298.65405990183353 5.8739287927746764
leaf_count=729 207 345 43 3894 522 559 914 125 184 173 1772 4524 44
internal_value=-0.000674939 0.0129176 0.0184774 0.0195303 -0.00192332 -0.0164376 0.00858881 -0.0422312 -0.0257989 -0.000258594 -0.0341383 -0.0501801 -0.0113879
internal_weight=2001.48 1514.01 1099.44 1089.66 414.572 174.669 239.903 487.469 174.152 35.5064 138.646 313.317 14.6629
internal_count=14035 7006 4666 4623 2340 1081 1259 7029 2336 380 1956 4693 169
cat_boundaries=0 1 2 3
cat_threshold=13 9 2
is_linear=0
shrinkage=0.05


Tree=32
num_leaves=14
num_cat=3
split_feature=0 0 34 34 44 39 24 0 4 43 32 4 40
split_gain=431.873 53.2815 35.8957 35.8027 22.7695 33.9231 13.6907 12.2828 12.2184 13.5933 12.186 10.5716 10.6362
threshold=0 1 25.150000000000002 24.450000000000003 43.750000000000007 21.850000000000005 63.500000000000007 2 0.78325454425165997 36.250000000000007 26.743750000000002 -0.99054481509840819 115.65000000000002
decision_type=1 1 2 2 2 2 2 1 2 2 2 2 2
left_child=1 2 3 -1 5 -3 -4 8 9 -2 -6 12 -9
right_child=7 4 6 -5 10 -7 -8 11 -10 -11 -12 -13 -14
leaf_value=0.019795521874685043 -0.023748255271325319 -0.0078233648696458789 0.055879345645929904 -0.0063119484074139719 0.010855914434467448 0.026514700781609304 -0.021296566709385793 -0.043413630536269329 -0.052397483874622175 0.0416949040388295 -0.041457104545688572 -0.053504758196672081 0.036187483430521854
leaf_weight=862.1534401923418 127.02759804949164 247.49789107590914 75.417695596814156 154.39297147095203 13.781028166413305 100.23153994977474 5.7065551728010169 8.8580395579338056 36.560904916375875 7.5623642802238455 49.996503435075283 286.29390761256218 6.352171763777732
leaf_count=3614 1723 1395 395 640 75 535 25 131 556 68 320 4541 46
internal_value=-0.000587854 0.0125113 0.0182499 0.015828 -0.00287255 0.00212209 0.0502573 -0.0417344 -0.0255366 -0.0197907 -0.0301602 -0.0497066 -0.00998856
internal_weight=1981.83 1509.18 1097.67 1016.55 411.507 347.729 81.1243 472.655 171.151 134.59 63.7775 301.504 15.2102
internal_count=14064 6999 4674 4254 2325 1930 420 7065 2347 1791 395 4718 177
cat_boundaries=0 1 2 3
cat_threshold=13 9 2
is_linear=0
shrinkage=0.05


Tree=33
num_leaves=15
num_cat=3
split_feature=0 0 34 39 5 2 39 33 0 43 43 4 2 40
split_gain=406.425 41.901 35.7473 35.0843 26.2841 19.2209 18.0977 15.3072 12.8605 13.7142 18.5379 10.3092 8.82682 7.05698
threshold=0 1 20.350000000000005 17.650000000000002 0.96407344085605595 9.5000000000000018 21.100000000000005 31.250000000000004 2 36.250000000000007 38.900000000000006 -0.99467753128998015 8.5000000000000018 115.65000000000002
decision_type=1 1 2 2 2 2 2 2 1 2 2 2 2 2
left_child=1 2 4 -4 -1 6 -3 -7 9 12 -11 13 -2 -10
right_child=8 5 3 -5 -6 7 -8 -9 11 10 -12 -13 -14 -15
leaf_value=-0.050666629117826913 -0.038123124389195531 -0.020690159031081203 0.0017435362407322503 0.02409395666270911 0.024687410167899888 -0.015925390802487498 0.0035889456389073156 0.027680726154242382 -0.039005637701657089 0.085849661178981573 -0.044097408185229017 -0.053317364158821393 -0.012708745975085279 0.03341058645746952
leaf_weight=31.556306287646294 107.07661630213261 145.05342435091734 223.38184881210327 822.38193616271019 17.197221636772156 26.177119970321655 161.2358708307147 78.779604390263557 6.0126109495758993 5.223809786140917 4.0691638365387917 274.31016999483109 51.965408097952604 5.4800857603549957
leaf_count=139 1628 919 926 3548 70 122 932 357 92 39 50 4551 642 39
internal_value=-0.000435004 0.0121083 0.0172132 0.019326 -0.0241244 -0.00157269 -0.00793914 0.0167573 -0.0413177 -0.0249955 0.0301929 -0.0496486 -0.0299505 -0.0045649
internal_weight=1959.9 1505.76 1094.52 1045.76 48.7535 411.246 306.289 104.957 454.138 168.335 9.29297 285.803 159.042 11.4927
internal_count=14054 7013 4683 4474 209 2330 1851 479 7041 2359 89 4682 2270 131
cat_boundaries=0 1 2 3
cat_threshold=13 9 2
is_linear=0
shrinkage=0.05


Tree=34
num_leaves=15
num_cat=4
split_feature=0 0 1 33 44 39 39 37 0 43 4 39 4 41
split_gain=363.704 47.8394 33.8139 28.3345 23.9128 30.1816 22.2116 16.7565 13.8669 14.0934 12.473 10.644 9.25782 10.4126
threshold=0 1 2 31.250000000000004 43.750000000000007 21.750000000000004 18.850000000000005 66.500000000000014 3 20.050000000000004 -0.94705910369513513 15.750000000000002 -0.99054481509840819 115.65000000000002
decision_type=1 1 1 2 2 2 2 2 1 2 2 2 2 2
left_child=1 2 3 -1 5 -3 -4 -6 9 11 -11 -2 13 -10
right_child=8 4 6 -5 7 -7 -8 -9 12 10 -12 -13 -14 -15
leaf_value=-0.0083969045607451935 0.0080032380923908252 -0.008714080995201684 -0.0053363304123502306 0.029404505925539139 -0.049302864402027718 0.022771181003323728 0.015272688735025615 0.0064223935905186533 -0.047535691653290302 -0.050822341105250836 0.0062594864326879955 -0.041608882364102116 -0.053124682951617069 0.032514021166102573
leaf_weight=54.918258532881737 11.85968032851815 239.12773850560188 203.41894559562206 473.70027107000351 42.748180702328682 110.44112247228622 362.84686668217182 19.19945216178894 7.7921519950032216 10.988664254546164 46.646777436137199 94.565156418830156 258.3370235003531 6.6137059926986694
leaf_count=230 157 1368 828 2093 277 585 1548 112 124 133 577 1494 4491 47
internal_value=-0.000904865 0.0107901 0.0162357 0.0254689 -0.0037443 0.0012698 0.00787298 -0.0322043 -0.0404912 -0.0239031 -0.00530477 -0.0360572 -0.0491557 -0.01106
internal_weight=1943.2 1506.4 1094.88 528.619 411.516 349.569 566.266 61.9476 436.803 164.06 57.6354 106.425 272.743 14.4059
internal_count=14064 7041 4699 2323 2342 1953 2376 389 7023 2361 710 1651 4662 171
cat_boundaries=0 1 2 3 4
cat_threshold=13 9 1 2
is_linear=0
shrinkage=0.05


Tree=35
num_leaves=14
num_cat=4
split_feature=0 1 34 6 0 5 39 0 4 5 43 4 40
split_gain=356.568 44.022 34.8675 30.2145 25.4124 22.9362 20.9856 12.7565 12.3903 12.2762 9.9001 9.25049 6.76668
threshold=0 1 20.250000000000004 2.5000000000000004 2 -0.98801846520836334 18.850000000000005 3 0.78325454425165997 0.99138911339924218 36.250000000000007 -0.99275805973510278 115.65000000000002
decision_type=1 1 2 2 1 2 2 1 2 2 2 2 2
left_child=1 2 9 -4 6 -6 -3 8 10 -1 -2 12 -9
right_child=7 4 3 -5 5 -7 -8 11 -10 -11 -12 -13 -14
leaf_value=-0.055444414494485922 -0.021347814644726845 -0.0051950771245797339 0.0027100082332150595 0.027079075202285037 0.047082453926726081 -0.019520777063442133 0.015114394364521425 -0.03985256017660592 -0.051864185154744447 0.022813446340996392 0.036864197985927188 -0.052953037682211684 0.02901246416004984
leaf_weight=19.479934439063076 118.84190714359283 196.99615502357483 163.59184934198856 574.51113902032375 13.088387966156004 162.72900439798832 355.86641912162304 6.5928713232278806 33.956923369318247 6.0138552188873282 6.884333685040473 248.65064438432455 5.7720030248165131
leaf_count=89 1718 801 753 2638 63 1114 1526 109 575 25 58 4525 40
internal_value=-0.000271335 0.0112336 0.0196899 0.0216889 0.00251126 -0.0135576 0.00774163 -0.0403212 -0.0239082 -0.0368195 -0.0178946 -0.0489894 -0.00794043
internal_weight=1912.98 1492.28 763.597 738.103 728.68 175.817 552.863 420.699 159.683 25.4938 125.726 261.016 12.3649
internal_count=14034 7009 3505 3391 3504 1177 2327 7025 2351 114 1776 4674 149
cat_boundaries=0 1 2 3 4
cat_threshold=13 1 9 2
is_linear=0
shrinkage=0.05


Tree=36
num_leaves=12
num_cat=3
split_feature=0 44 0 37 4 0 4 39 4 43 5
split_gain=335 38.9492 36.6468 33.6263 19.6602 11.9255 11.1412 15.677 7.61376 6.5353 0.930733
threshold=0 52.000000000000007 1 32.500000000000007 0.27694220057652758 2 0.78325454425165997 25.250000000000004 -0.99054481509840819 32.550000000000004 -0.90161545992537195
decision_type=1 2 1 2 2 1 2 2 2 2 2
left_child=1 2 3 -1 -4 6 7 -2 9 -7 -3
right_child=5 10 4 -5 -6 8 -8 -9 -10 -11 -12
leaf_value=-0.0032470930359613155 -0.023687018349780906 -0.028873317210589913 0.008119716471510172 0.020563108450337521 -0.014111948937988797 -0.042129429553940806 -0.051564931653400065 0.037950438425166738 -0.05276663780096788 0.022149389700331163 -0.065209428386075505
leaf_weight=177.37648749351501 113.90314849093556 4.7578566968441036 234.42588689178228 895.3445877879858 171.18146680295467 7.8040391542017442 31.276233904063702 10.438682939857243 235.26436986029148 6.3222314417362213 14.512983262538908
leaf_count=764 1630 23 1231 3880 1075 127 555 152 4494 48 71
internal_value=-0.000247516 0.0107095 0.0117176 0.0164733 -0.00124392 -0.0399692 -0.0237185 -0.018251 -0.0486792 -0.0137989 -0.0581052
internal_weight=1902.61 1497.6 1478.33 1072.72 405.607 405.009 155.618 124.342 249.391 14.1263 19.2708
internal_count=14050 7044 6950 4644 2306 7006 2337 1782 4669 175 94
cat_boundaries=0 1 2 3
cat_threshold=13 9 2
is_linear=0
shrinkage=0.05


Tree=37
num_leaves=15
num_cat=3
split_feature=0 39 34 44 0 37 20 0 40 4 39 4 33 40
split_gain=303.564 34.8374 61.7249 36.9167 43.1945 42.1665 34.3635 12.0379 12.2163 14.067 13.1726 8.14516 5.09547 3.69666
threshold=0 15.450000000000001 23.350000000000005 46.250000000000007 1 65.500000000000014 30.850000000000005 2 78.750000000000014 -0.94139628442229051 26.050000000000004 -0.99467753128998015 33.250000000000007 111.55000000000001
decision_type=1 2 2 2 1 2 2 1 2 2 2 2 2 2
left_child=1 2 6 4 -3 -5 -1 8 10 -10 -2 13 -4 -9
right_child=7 3 12 5 -6 -7 -8 11 9 -11 -12 -13 -14 -15
leaf_value=-0.033575378576600444 -0.038918707489991211 0.026776556568996652 -0.064761851631851483 -0.032501195732267833 0.0070496886300485812 0.024608441464262693 0.045131585481318702 -0.042094878147269525 -0.050501516044954987 0.01133335715032152 0.02924462860550206 -0.052420312333854129 -0.021018294764013446 0.013197111245639629
leaf_weight=20.629271224141121 98.38744492828846 440.76379881799221 41.573234461247921 91.433510385453701 787.4976309388876 48.814117208123207 38.020331725478172 3.8123455308377725 11.149101488292215 36.920075714588165 6.9220842458307734 228.43318333849311 9.3706602305173856 7.2620161138474941
leaf_count=89 1631 1932 189 439 3894 234 166 69 144 448 124 4556 42 59
internal_value=-0.00103281 0.00940649 -0.017544 0.0116447 0.0144199 -0.0125903 0.0173486 -0.0394681 -0.0232399 -0.00374545 -0.0342053 -0.0483838 -0.0572752 -0.00774702
internal_weight=1870.99 1478.1 109.593 1368.51 1228.26 140.248 58.6496 392.886 153.379 48.0692 105.31 239.508 50.9439 11.0744
internal_count=14016 6985 486 6499 5826 673 255 7031 2347 592 1755 4684 231 128
cat_boundaries=0 1 2 3
cat_threshold=13 1 2
is_linear=0
shrinkage=0.05


Tree=38
num_leaves=14
num_cat=4
split_feature=0 1 34 6 0 34 5 0 4 43 4 5 40
split_gain=278.554 38.6822 38.5159 26.0591 19.8216 23.4884 22.5747 15.4773 12.368 10.9386 8.8628 7.53154 5.52442
threshold=0 1 20.250000000000004 2.5000000000000004 2 25.350000000000005 -0.9575230291762723 3 0.78325454425165997 36.250000000000007 -0.99054481509840819 0.99138911339924218 115.65000000000002
decision_type=1 1 2 2 1 2 2 1 2 2 2 2 2
left_child=1 2 11 -4 5 -3 -6 8 9 -2 12 -1 -9
right_child=7 4 3 -5 6 -7 -8 10 -10 -11 -12 -13 -14
leaf_value=-0.053925244469291866 -0.01923654261532038 0.0031426679128841112 0.0018676039508938988 0.024379553842377173 0.031696757504487305 0.046988451591388473 -0.020995320886008924 -0.04001388452348334 -0.051229269333115716 0.039210906665859468 -0.052450997346601372 0.0097836973484818415 0.018836269568485244
leaf_weight=21.177137807011608 113.85772599279881 523.3301577270031 166.42150478065014 566.52663911879063 22.552765928208828 31.453406557440758 151.24522077292204 6.8755286037921888 29.276107721030712 7.6829845085740081 216.00530726835132 5.5162413120269767 7.2051710486412048
leaf_count=98 1738 2176 769 2625 123 176 1054 126 556 64 4531 23 49
internal_value=-0.000654145 0.00916435 0.0171126 0.0192776 0.00099076 0.00560768 -0.0132571 -0.0381797 -0.0211351 -0.0152521 -0.047878 -0.0408818 -0.0106478
internal_weight=1869.13 1488.22 759.642 732.948 728.582 554.784 173.798 380.903 150.817 121.541 230.086 26.6934 14.0807
internal_count=14108 7044 3515 3394 3529 2352 1177 7064 2358 1802 4706 121 175
cat_boundaries=0 1 2 3 4
cat_threshold=13 1 9 2
is_linear=0
shrinkage=0.05


Tree=39
num_leaves=15
num_cat=1
split_feature=1 34 44 39 32 39 39 5 35 40 32 4 44 4
split_gain=36.3545 28.1743 27.5055 27.5264 19.8144 17.7186 31.5257 24.0262 23.5416 22.6635 18.0421 13.2591 10.6351 5.8974
threshold=0 20.350000000000005 44.100000000000001 20.000000000000004 29.350893000000003 19.550000000000004 22.650000000000002 0.47369649395226454 87.401786000000016 74.200000000000003 26.563393000000001 0.21022171450811272 34.400000000000013 -0.37447345805034538
decision_type=1 2 2 2 2 2 2 2 2 2 2 2 2 2
left_child=1 11 3 -3 -4 8 7 -7 10 -8 -2 13 -10 -1
right_child=5 2 4 -5 -6 6 9 -9 12 -11 -12 -13 -14 -15
leaf_value=-0.058834734325703623 0.010295696573863441 0.0029864992488401994 -0.018817723417893832 0.022024687110470384 0.04171900046396404 0.021246883302538613 -0.023828976452896829 -0.010900019347433995 -0.011461967753688747 0.0077002615918985943 -0.017388580758096073 -0.064220723350300463 -0.063513322946082459 0.0031260693338617564
leaf_weight=3.6850757449865368 76.101317763328552 394.49369764328003 121.50195356830955 365.67364982143044 14.244627717882393 175.71692162752151 178.15834421291947 85.854041244834661 14.478215057402847 82.998906172811985 250.43761870265007 17.947576675564051 33.203007854521275 20.818738989531994
leaf_count=26 547 2881 925 2764 121 1399 1442 673 102 630 1950 144 248 139
internal_value=-0.000315268 0.00656138 0.00845989 0.0121616 -0.0122066 -0.00750874 -0.00155495 0.0106941 -0.015799 -0.0138175 -0.0109249 -0.0327784 -0.0482683 -0.00813362
internal_weight=1835.31 938.365 895.914 760.167 135.747 896.948 522.728 261.571 374.22 261.157 326.539 42.4514 47.6812 24.5038
internal_count=13991 7000 6691 5645 1046 6991 4144 2072 2847 2072 2497 309 350 165
cat_boundaries=0 1
cat_threshold=1
is_linear=0
shrinkage=0.05


Tree=40
num_leaves=12
num_cat=3
split_feature=0 44 34 1 5 0 37 34 4 39 40
split_gain=267.825 37.4753 31.8257 34.9327 30.3633 13.7016 11.9607 25.5144 9.5144 9.44627 6.6952
threshold=0 52.000000000000007 20.250000000000004 1 0.99138911339924218 2 55.500000000000007 22.650000000000002 -0.99054481509840819 26.950000000000003 115.65000000000002
decision_type=1 2 2 1 2 1 2 2 2 2 2
left_child=1 2 4 -4 -1 6 9 -8 10 -2 -7
right_child=5 -3 3 -5 -6 8 7 -9 -10 -11 -12
leaf_value=-0.049414912961666752 -0.043438858446711838 -0.058230149560276036 0.019526228588629242 0.0037849493678607468 0.040414130783687711 -0.039821223638323001 0.085941850864507882 -0.017663577989351299 -0.052298960909207153 0.032047938973439043 0.026500325618558779
leaf_weight=38.58634202927351 60.91257831454277 19.180045619606972 717.93201880156994 692.55554862320423 11.508486643433569 6.824277173727749 5.4416321255266658 77.200320366770029 204.19481704011559 3.7396391406655303 6.459823302924633
leaf_count=186 1109 97 3337 3358 49 130 75 1104 4495 72 43
internal_value=-9.38413e-05 0.00941624 0.0104082 0.0118053 -0.0283911 -0.0378169 -0.0212592 -0.00989565 -0.0474677 -0.0386509 -0.00797282
internal_weight=1844.54 1479.76 1460.58 1410.49 50.0948 364.773 147.294 82.642 217.479 64.6522 13.2841
internal_count=14055 7027 6930 6695 235 7028 2360 1179 4668 1181 173
cat_boundaries=0 1 2 3
cat_threshold=13 1 2
is_linear=0
shrinkage=0.05


Tree=41
num_leaves=12
num_cat=2
split_feature=0 44 35 39 30 0 4 39 4 40 5
split_gain=245.71 32.9135 31.7144 53.399 32.8272 15.2903 12.1534 12.8272 8.09727 4.70675 0.652805
threshold=0 52.000000000000007 88.437500000000014 21.850000000000005 13.550000000000002 1 0.78325454425165997 26.050000000000004 -0.99054481509840819 111.55000000000001 -0.90161545992537195
decision_type=1 2 2 2 2 1 2 2 2 2 2
left_child=1 2 4 -4 -1 6 7 -2 9 -7 -3
right_child=5 10 3 -5 -6 8 -8 -9 -10 -11 -12
leaf_value=0.0055690854995250503 -0.018302676946286803 -0.027331411000161218 -0.081132189645472808 0.022210240602033096 0.021711773113856719 -0.04393078705147925 -0.050899893735128356 0.05071226131101178 -0.052155739929220915 0.013774898474230475 -0.059574443737830531
leaf_weight=935.85599721968174 109.96923228725791 4.6919856667518642 24.039964504539967 24.287922069430351 474.47249252349138 4.9736298583447915 27.480824384838343 6.2151764705777159 195.25510739535093 7.8280354030430317 15.173758633434771
leaf_count=4471 1685 23 109 111 2236 101 561 96 4506 64 78
internal_value=-0.00029471 0.00869525 0.00963986 -0.0297985 0.0110115 -0.037195 -0.020139 -0.0142095 -0.0473697 -0.0102032 -0.053634
internal_weight=1830.24 1478.52 1458.66 48.3279 1410.33 351.722 143.665 116.184 208.057 12.8017 19.8657
internal_count=14041 7028 6927 220 6707 7013 2342 1781 4671 165 101
cat_boundaries=0 1 2
cat_threshold=13 2
is_linear=0
shrinkage=0.05


Tree=42
num_leaves=14
num_cat=3
split_feature=0 0 26 34 21 44 39 5 0 4 4 36 40
split_gain=231.512 33.2018 28.5706 50.4812 42.4503 19.3128 41.1065 18.0547 17.0608 12.7785 9.98824 9.87645 5.54011
threshold=0 1 14.750000000000002 23.450000000000003 22.950000000000003 41.600000000000001 21.750000000000004 0.08054732823231521 2 0.78325454425165997 -0.99054481509840819 90.500000000000014 115.65000000000002
decision_type=1 1 2 2 2 2 2 2 1 2 2 2 2
left_child=1 2 3 -1 -4 6 -3 -7 9 11 12 -2 -10
right_child=8 5 4 -5 -6 7 -8 -9 10 -11 -12 -13 -14
leaf_value=0.02021625163125209 0.05606989305727024 -0.0078861519977169933 -0.0056128799161335495 -0.033095010039090295 0.022626416182820457 -0.0082530117524228057 0.032962072410856615 -0.055234446976313856 -0.038906938504975383 -0.050693627889854986 -0.052027592270819295 -0.015501925621024993 0.020239030906517685
leaf_weight=94.590609729290009 4.0696493014693251 233.71363746374846 162.70926976203918 81.953130647540092 721.30141279101372 67.689520247280598 82.508258938789368 28.585627496242523 6.4039271473884565 26.419869091361761 187.23478248342872 111.1636939458549 7.5821529403328896
leaf_count=396 77 1328 695 349 3239 401 429 187 130 565 4528 1710 49
internal_value=0.000308023 0.00897 0.0136357 -0.00457831 0.0174283 -0.00306832 0.00284223 -0.022627 -0.0360362 -0.0186338 -0.0466861 -0.0125136 -0.00763173
internal_weight=1815.93 1473.05 1060.55 176.544 884.011 412.497 316.222 96.2751 342.874 141.653 201.221 115.233 13.9861
internal_count=14083 7024 4679 745 3934 2345 1757 588 7059 2352 4707 1787 179
cat_boundaries=0 1 2 3
cat_threshold=13 9 2
is_linear=0
shrinkage=0.05


Tree=43
num_leaves=15
num_cat=2
split_feature=0 39 34 44 5 20 0 4 4 39 13 33 4 40
split_gain=208.254 28.7975 57.597 36.4823 49.8401 35.5966 16.9295 12.9178 37.8641 8.29071 7.01031 6.33372 5.73663 2.51839
threshold=0 15.450000000000001 23.350000000000005 29.700000000000003 0.76556758748011056 30.850000000000005 1 -0.82415615971448097 -0.94705910369513513 15.750000000000002 9.5875000000000004 33.250000000000007 -0.99275805973510278 111.55000000000001
decision_type=1 2 2 2 2 2 1 2 2 2 2 2 2 2
left_child=1 2 5 10 -5 -1 7 8 -2 -9 -3 -4 13 -8
right_child=6 3 11 4 -6 -7 12 9 -10 -11 -12 -13 -14 -15
leaf_value=-0.035521356172100026 -0.050631284864067851 0.046387310448789111 -0.064582104547705951 0.011634573419284094 -0.014903913453339088 0.044616530317402633 -0.04194097651125811 0.0095334789499704822 0.056891004924274305 -0.03312419092315072 -0.013932030034652564 -0.016628529475622843 -0.051905924780939743 0.0034332928315956007
leaf_weight=20.63384935259819 14.051098097115757 71.924565106630325 40.84325847029686 1061.610464848578 211.36108369380236 37.862457282841206 3.9505457133054716 12.464857079088686 16.982826545834541 95.941537450999022 4.7245213091373435 9.2515219151973707 178.68091398477554 7.6447462402284145
leaf_count=91 209 329 187 5172 973 167 86 191 173 1773 21 42 4529 62
internal_value=-0.000968465 0.00721045 -0.0174042 0.00925577 0.00721995 0.016227 -0.0361773 -0.0187565 0.00814776 -0.028177 0.0425378 -0.0562248 -0.047221 -0.0141284
internal_weight=1787.93 1458.21 108.591 1349.62 1272.97 58.4963 329.717 139.44 31.0339 108.406 76.6491 50.0948 190.276 11.5953
internal_count=14005 6982 487 6495 6145 258 7023 2346 382 1964 350 229 4677 148
cat_boundaries=0 1 2
cat_threshold=13 2
is_linear=0
shrinkage=0.05


Tree=44
num_leaves=14
num_cat=4
split_feature=0 1 43 43 40 0 39 0 5 4 39 4 40
split_gain=197.467 30.8183 29.8704 32.975 20.0802 19.5861 21.6222 15.7329 14.0734 11.5227 11.0926 7.70273 3.86464
threshold=0 1 27.750000000000004 26.650000000000002 132.00000000000003 2 18.850000000000005 3 -0.97874870457683605 0.78325454425165997 25.250000000000004 -0.99054481509840819 115.65000000000002
decision_type=1 1 2 2 2 1 2 1 2 2 2 2 2
left_child=1 2 3 -1 -4 6 -3 9 -7 10 -2 12 -9
right_child=7 5 4 -5 -6 8 -8 11 -10 -11 -12 -13 -14
leaf_value=0.012406146453241541 -0.017856229065149356 -0.0086853047084814484 0.044815869224829753 -0.04455375810489292 -0.017985986092585071 0.025993456260292553 0.012046027390476222 -0.037635672209572479 -0.020240273257055009 -0.050341703455843427 0.034421878051759662 -0.051776291664284928 0.013845288763564818
leaf_weight=605.68183769285679 102.11069979146123 195.3448029756546 104.47511903941631 25.553358271718025 13.929918035864828 17.589678421616554 349.30115367472172 5.8480196483433229 151.3978454247117 24.332243859767914 10.327526856213806 170.14743707329035 6.979952834546566
leaf_count=2844 1637 801 497 115 63 86 1531 126 1065 560 151 4525 45
internal_value=-0.000571813 0.007268 0.0143903 0.0100335 0.0373387 -0.000121658 0.00452522 -0.0354809 -0.014453 -0.0184511 -0.0127933 -0.0464421 -0.0106483
internal_weight=1783.02 1463.27 749.64 631.235 118.405 713.633 544.646 319.746 168.988 136.77 112.438 182.975 12.828
internal_count=14046 7002 3519 2959 560 3483 2332 7044 1151 2348 1788 4696 171
cat_boundaries=0 1 2 3 4
cat_threshold=13 1 9 2
is_linear=0
shrinkage=0.05


Tree=45
num_leaves=15
num_cat=5
split_feature=0 1 0 34 22 0 34 0 43 37 33 39 4 40
split_gain=189.021 28.7125 26.6431 28.633 21.5609 17.1501 18.5495 14.3302 13.1568 15.93 12.9105 10.4674 9.16421 4.28545
threshold=0 1 2 20.250000000000004 88.465277500000013 3 25.350000000000005 4 20.050000000000004 65.500000000000014 31.750000000000004 15.750000000000002 -0.99054481509840819 111.55000000000001
decision_type=1 1 1 2 2 1 2 1 2 2 2 2 2 2
left_child=1 2 4 -4 -1 6 -3 8 11 -10 -7 -2 13 -9
right_child=7 5 3 -5 -6 10 -8 12 9 -11 -12 -13 -14 -15
leaf_value=0.031857767902281904 0.014989152951927865 0.0025108082739150536 -0.05781713757915459 0.0093352349787126244 -0.028654710987209432 0.012743030230012345 0.042732959308756584 -0.042491052751593004 -0.018796097953584279 0.040043238579610355 -0.020840839878957552 -0.038450926791643802 -0.051655002098095586 0.013790735163694688
leaf_weight=239.69730931520462 9.9392233788967115 515.98203392326832 15.428661495447157 479.18880404531956 14.925064608454703 35.526756405830383 29.362464845180511 4.3153830431401721 33.986157290637493 16.138323333114386 134.8045666590333 72.056900065392256 162.44077125377953 8.4094612188637239
leaf_count=1118 152 2166 74 2263 65 225 173 102 509 193 951 1462 4532 67
internal_value=-0.000101411 0.00743624 0.0143215 0.00698713 0.0271504 0.000321904 0.00466531 -0.0350474 -0.0182815 0.000560802 -0.0130414 -0.0318706 -0.0458658 -0.00700138
internal_weight=1772.2 1464.92 749.24 494.617 254.622 715.676 545.344 307.286 132.121 50.1245 170.331 81.9961 175.166 12.7248
internal_count=14052 7035 3520 2337 1183 3515 2339 7017 2316 702 1176 1614 4701 169
cat_boundaries=0 1 2 3 4 5
cat_threshold=13 1 1 9 2
is_linear=0
shrinkage=0.05


Tree=46
num_leaves=12
num_cat=3
split_feature=0 44 0 9 38 0 4 36 4 40 5
split_gain=174.901 30.3146 27.9873 33.4476 20.4226 16.4735 11.2491 10.5658 7.2888 5.45808 0.439629
threshold=0 52.000000000000007 1 26.350000000000005 5.720238000000001 2 0.78325454425165997 90.500000000000014 -0.99054481509840819 115.65000000000002 -0.90161545992537195
decision_type=1 2 1 2 2 1 2 2 2 2 2
left_child=1 2 3 -1 -4 6 7 -2 9 -7 -3
right_child=5 10 4 -5 -6 8 -8 -9 -10 -11 -12
leaf_value=0.010294172974100776 0.06091168563522889 -0.029163383229494945 0.045193841218831347 0.052563487600406328 -0.0058678023596342496 -0.044584155564113458 -0.049978664701485133 -0.014687664649251315 -0.051546142331346162 0.016449925185377485 -0.059045321660787957
leaf_weight=992.40550419688225 3.8567746281623831 4.8782276362180736 19.622504137456417 48.20798659324646 388.85875783860683 5.6623468026518804 22.26354056969285 105.32664475217462 155.28319913707674 7.3014864549040794 14.61739622056484
leaf_count=4371 75 24 98 286 2217 130 553 1711 4540 46 76
internal_value=-0.000158903 0.00700441 0.00790102 0.012184 -0.00323162 -0.0342614 -0.0170487 -0.0114886 -0.0458377 -0.0114923 -0.0533559
internal_weight=1768.28 1468.59 1449.09 1040.61 408.481 299.694 131.447 109.183 168.247 12.9638 19.4956
internal_count=14127 7072 6972 4657 2315 7055 2339 1786 4716 176 100
cat_boundaries=0 1 2 3
cat_threshold=13 9 2
is_linear=0
shrinkage=0.05


Tree=47
num_leaves=15
num_cat=1
split_feature=44 32 39 34 44 39 39 32 34 39 33 4 1 12
split_gain=25.9647 36.583 35.9018 70.4946 70.0294 64.0232 37.4122 37.3662 31.333 15.8836 21.9159 18.2027 1.78372 2.36664
threshold=46.250000000000007 26.419940500000006 19.550000000000004 23.050000000000004 38.000000000000007 23.550000000000004 23.250000000000004 27.230357000000001 23.250000000000004 26.250000000000004 31.850000000000005 -0.35846811432664222 0 71.500000000000014
decision_type=2 2 2 2 2 2 2 2 2 2 2 2 1 2
left_child=2 12 4 6 8 -5 -4 -6 -1 10 -3 -11 -2 -14
right_child=1 9 3 5 7 -7 -8 -9 -10 11 -12 -13 13 -15
leaf_value=0.01126873164741302 0.055618188133565144 0.006613736046247618 -0.030359656308371827 0.026763761300412376 -0.074246534541985654 -0.0075793305869081605 0.017403462765076285 -0.0099836294400659185 -0.011017401777490566 -0.053080748097098777 -0.062521643618339867 0.00065617721899274752 -0.010958601454263261 0.037847993929909965
leaf_weight=296.50363771617413 10.863378925248981 14.674093682318924 146.28537889569998 458.26037706434727 52.528473420068622 192.09538286179304 56.058482129126787 39.786853881552815 334.65668234415352 20.208295065909624 48.613423243165016 61.240723185241222 3.1263446882367134 6.6576643474400043
leaf_count=2319 83 111 1194 3761 391 1598 437 343 2648 175 396 510 25 51
internal_value=-0.00031926 -0.0191048 0.00166272 0.00860898 -0.00652483 0.0166238 -0.0171066 -0.0469537 -0.000546659 -0.0280174 -0.0466381 -0.0131586 0.04178 0.0226825
internal_weight=1741.56 165.384 1576.18 852.7 723.476 650.356 202.344 92.3153 631.16 144.737 63.2875 81.449 20.6474 9.78401
internal_count=14042 1351 12691 6990 5701 5359 1631 734 4967 1192 507 685 159 76
cat_boundaries=0 1
cat_threshold=1
is_linear=0
shrinkage=0.05


Tree=48
num_leaves=14
num_cat=3
split_feature=0 0 44 39 40 44 35 5 0 4 4 4 40
split_gain=157.527 26.8018 43.0338 40.1981 51.0789 41.4341 29.7856 20.2273 16.8051 11.4548 9.86607 8.43667 3.71241
threshold=0 1 41.600000000000001 20.250000000000004 66.450000000000017 38.000000000000007 87.955357000000006 0.13185577213185917 2 0.78325454425165997 -0.94705910369513513 -0.99054481509840819 111.55000000000001
decision_type=1 1 2 2 2 2 2 2 1 2 2 2 2
left_child=1 2 6 5 -5 -3 -1 -4 9 10 -2 12 -10
right_child=8 3 7 4 -6 -7 -8 -9 11 -11 -12 -13 -14
leaf_value=0.027313558300382065 -0.04998271689818215 -0.0039686536683992447 0.0039475734439406093 -0.00061511530833846637 0.03304482347691691 -0.050628453028671278 -0.031872782097791867 -0.038640403443576686 -0.042233739526904485 -0.049818708427321216 -0.0047188615270413693 -0.051432064643675703 0.010030198301646354
leaf_weight=368.5347141623497 12.833456289023159 385.18620128929615 88.896760016679764 326.66551396995783 171.05153881758451 53.320711493492126 21.738323628902435 39.515706032514572 4.2582968510687342 21.620265182107687 95.065807145088911 147.5059705786407 8.8164144344627839
leaf_count=1669 207 1907 410 1677 841 269 93 170 109 560 1569 4531 68
internal_value=-0.000386195 0.0063844 0.0154014 0.00126797 0.0109959 -0.00974459 0.0239438 -0.00935512 -0.033322 -0.0161662 -0.0105121 -0.0452358 -0.00878291
internal_weight=1745.01 1454.91 518.686 936.224 497.717 438.507 390.273 128.412 290.1 129.52 107.899 160.581 13.0747
internal_count=14080 7036 2342 4694 2518 2176 1762 580 7044 2336 1776 4708 177
cat_boundaries=0 1 2 3
cat_threshold=13 1 2
is_linear=0
shrinkage=0.05


Tree=49
num_leaves=15
num_cat=3
split_feature=0 22 39 44 0 32 43 30 0 37 4 44 4 40
split_gain=154.085 24.5119 31.5785 29.5931 32.8897 27.5548 22.8309 17.4268 13.6836 13.6851 18.2241 10.2818 7.13611 4.75384
threshold=0 88.520833500000023 19.450000000000003 46.600000000000001 1 26.419940500000006 35.100000000000001 27.300000000000001 2 63.500000000000007 0.29342972903661901 30.400000000000002 -0.99054481509840819 115.65000000000002
decision_type=1 2 2 2 1 2 2 2 1 2 2 2 2 2
left_child=1 3 7 4 -1 -5 -4 -3 9 11 -11 -2 13 -10
right_child=8 2 6 5 -6 -7 -8 -9 12 10 -12 -13 -14 -15
leaf_value=0.020792692097025622 0.010260208503035063 -0.071119775989257811 0.027356882075066615 0.062172701203883955 0.0039047091441196669 -0.024085208584820075 -0.071936389016052579 0.0048382467484801321 -0.043903891099006831 -0.007781978739872227 0.087747534825921347 -0.035755088777171845 -0.05132248126810536 0.013819642556237556
leaf_weight=447.58484080433846 13.91775233671069 28.962568417191505 33.315412268042564 9.2019049227237684 821.06293350458145 103.56084604561329 5.9809897541999808 9.9323798865079862 5.2247107941657287 29.727744437754154 4.9705560132861129 77.044824615120888 139.56596829928458 7.5505251288414001
leaf_count=2046 232 132 155 44 4107 510 28 45 129 428 64 1597 4498 47
internal_value=-0.000266509 0.00629581 -0.0207278 0.00788484 0.0100691 -0.0165616 0.0108341 -0.0520877 -0.0336398 -0.0172153 0.00797738 -0.0286795 -0.0451161 -0.0112611
internal_weight=1737.6 1459.6 78.1914 1381.41 1268.65 112.763 39.2964 38.8949 278.002 125.661 34.6983 90.9626 152.341 12.7752
internal_count=14062 7067 360 6707 6153 554 183 177 6995 2321 492 1829 4674 176
cat_boundaries=0 1 2 3
cat_threshold=13 1 2
is_linear=0
shrinkage=0.05


Tree=50
num_leaves=15
num_cat=5
split_feature=0 0 34 34 19 38 5 0 43 1 34 40 1 37
split_gain=135.269 25.3791 28.8157 34.9581 15.8944 23.6756 16.8938 15.6185 8.99474 13.6287 11.9858 6.8691 8.13202 6.66826
threshold=0 1 25.350000000000005 24.550000000000004 26.906250000000004 5.6827385000000001 0.96407344085605595 2 20.050000000000004 3 23.550000000000004 115.65000000000002 4 31.500000000000004
decision_type=1 1 2 2 2 2 2 1 2 1 2 2 1 2
left_child=1 2 3 -1 6 -6 -3 8 9 -2 -10 -9 -13 -4
right_child=7 4 13 -5 5 -7 -8 11 10 -11 -12 12 -14 -15
leaf_value=0.011921654022826959 -0.0066758578357991837 0.0019524876069589602 0.0045538970645160499 -0.015145260267114706 0.070136621714514027 -0.015188548351845778 0.053974756622117884 -0.050816320331136366 0.036188273086631917 -0.048684605947556525 -0.016205860147665171 0.0198543849945556 -0.050025255195968892 0.053161503293774892
leaf_weight=846.87203611433506 40.20820557884872 137.54042112827301 8.5779908597469312 137.94552767276764 7.4284417852759352 246.66669502109289 16.615928843617439 130.92530057765543 14.919649656862019 36.811641354113817 33.725538603961468 7.9340561479330045 6.9264468681067228 44.704876244068146
leaf_count=3748 841 732 43 601 38 1474 84 4448 213 805 491 115 114 307
internal_value=-0.000289685 0.00585156 0.00998668 0.00811882 -0.00464934 -0.0124289 0.0078715 -0.0319549 -0.015385 -0.0271206 0.000268856 -0.0441564 -0.0138169 0.0455642
internal_weight=1717.8 1446.35 1038.1 984.818 408.251 254.095 154.156 271.451 125.665 77.0198 48.6452 145.786 14.8605 53.2829
internal_count=14054 7027 4699 4349 2328 1512 816 7027 2350 1646 704 4677 229 350
cat_boundaries=0 1 2 3 4 5
cat_threshold=13 9 2 1 1
is_linear=0
shrinkage=0.05


Tree=51
num_leaves=12
num_cat=2
split_feature=0 0 37 8 2 39 39 37 4 40 2
split_gain=128.499 38.3908 29.7348 64.5516 22.2874 23.5828 20.9092 17.9797 7.50986 2.86324 0.83539
threshold=0 1 32.500000000000007 33.150000000000013 8.5000000000000018 20.000000000000004 24.950000000000003 56.500000000000007 -0.99054481509840819 111.55000000000001 9.5000000000000018
decision_type=1 1 2 2 2 2 2 2 2 2 2
left_child=8 2 6 -4 5 -3 -2 -6 9 -1 -11
right_child=1 4 3 -5 7 -7 -8 -9 -10 10 -12
leaf_value=-0.040790960390327598 -0.021411555421105743 -0.030990079628044023 0.006798586398704589 0.041725937256655299 0.033518709001208728 -0.0044304077092844748 0.014969408650490007 -0.0023148593584421048 -0.051138408032199559 0.019673788687828174 -0.0089086490198964103
leaf_weight=3.6805036924779406 115.96368058025837 130.0307897105813 699.2490212097764 162.3222923502326 47.781979382038116 231.91484997607768 58.771327763795853 123.55523811653256 127.35499111376703 4.6907913684844953 3.8359081670641899
leaf_count=107 517 1302 3128 805 331 2125 258 930 4501 37 32
internal_value=-0.000272402 0.00393528 0.00951569 0.0134197 -0.00688205 -0.0140312 -0.00915943 0.0078148 -0.0444063 -0.00924073 0.00723
internal_weight=1709.15 1569.59 1036.31 861.571 533.283 361.946 174.735 171.337 139.562 12.2072 8.5267
internal_count=14073 9396 4708 3933 4688 3427 775 1261 4677 176 69
cat_boundaries=0 1 2
cat_threshold=48 9
is_linear=0
shrinkage=0.05


Tree=52
num_leaves=13
num_cat=2
split_feature=0 0 9 6 2 43 34 37 4 43 40 24
split_gain=123.833 32.0221 29.9872 30.4481 17.8574 20.2622 15.975 7.30483 6.93502 3.40228 0.441683 0.134664
threshold=0 1 26.350000000000005 2.5000000000000004 9.5000000000000018 21.050000000000001 23.050000000000004 31.500000000000004 -0.99054481509840819 32.550000000000004 120.15000000000002 66.500000000000014
decision_type=1 1 2 2 2 2 2 2 2 2 2 2
left_child=8 2 3 -2 6 -6 -3 -4 9 10 -1 -11
right_child=1 4 7 -5 5 -7 -8 -9 -10 11 -12 -13
leaf_value=-0.042907030710747363 -0.0089660423107983684 -0.03076456586558466 0.0051346224537284768 0.012116859557528725 0.023242865782093655 -0.017698908614006147 -0.0061299364269358347 0.056816774363022848 -0.051043399267608439 0.0031781014047596815 -0.0020937961072628858 0.017283680715828358
leaf_weight=4.5163321569561941 220.69348555803299 82.511740887537599 8.5172414630651456 754.03265009820461 90.115674141794443 44.341744434088469 314.20788675174117 38.63452573120594 122.23930630646646 3.5832242928445339 0.87406718730926503 3.5298143364489079
leaf_count=121 966 852 42 3394 629 328 2876 260 4538 23 6 26
internal_value=-9.63648e-05 0.00401237 0.00916051 0.00733906 -0.00587652 0.00970999 -0.011318 0.0477817 -0.0441758 -0.0109421 -0.0376523 0.0114455
internal_weight=1687.8 1553.05 1021.88 974.726 531.177 134.457 396.72 47.1518 134.743 12.5034 5.3904 7.11304
internal_count=14061 9347 4662 4360 4685 957 3728 302 4714 176 127 49
cat_boundaries=0 1 2
cat_threshold=48 9
is_linear=0
shrinkage=0.05


Tree=53
num_leaves=12
num_cat=2
split_feature=0 0 34 34 32 4 5 4 37 40 12
split_gain=110.119 29.4077 32.3967 37.6085 17.4821 24.9213 19.6022 9.12344 4.64346 3.22042 0.446059
threshold=0 1 25.350000000000005 24.450000000000003 26.520535500000005 0.27694220057652758 0.28313308994381586 -0.99054481509840819 31.500000000000004 111.55000000000001 70.500000000000014
decision_type=1 1 2 2 2 2 2 2 2 2 2
left_child=7 2 3 -2 5 -3 -6 9 -4 -1 -11
right_child=1 4 8 -5 6 -7 -8 -9 -10 10 -12
leaf_value=-0.039879986213509522 0.01050268714201317 0.017946988488815548 0.010190023733721994 -0.015293584130572309 -0.019289241574236633 -0.055613442792648862 0.0039517355595681935 -0.050946916912003495 0.053702222184394716 0.02115608917583978 -0.00061998229643191356
leaf_weight=3.3681676611304274 805.98918564617634 107.01691833510995 7.7902247458696356 170.35725328326225 271.19579781964421 11.911410529166458 135.6413371488452 116.40857677534223 41.486000046133995 4.5665772482752782 3.9759005755186081
leaf_count=106 3601 795 39 743 2508 126 1219 4541 309 38 30
internal_value=-0.000776472 0.00303132 0.00793544 0.0059906 -0.00650181 0.0101772 -0.0115499 -0.0433618 0.0471628 -0.00461018 0.0120181
internal_weight=1679.71 1551.39 1025.62 976.346 525.765 118.928 406.837 128.319 49.2762 11.9106 8.54248
internal_count=14055 9340 4692 4344 4648 921 3727 4715 348 174 68
cat_boundaries=0 1 2
cat_threshold=48 9
is_linear=0
shrinkage=0.05


Tree=54
num_leaves=13
num_cat=3
split_feature=0 10 43 39 8 10 0 43 43 44 4 1
split_gain=109.382 25.5236 25.8108 44.156 39.9638 21.2668 12.3417 10.1359 18.5994 8.69954 8.40119 9.89365
threshold=0 90.645833500000023 17.750000000000004 18.850000000000005 33.350000000000001 91.437500000000014 1 28.200000000000006 28.600000000000005 30.400000000000002 -0.99054481509840819 2
decision_type=1 2 2 2 2 2 1 2 2 2 2 1
left_child=1 2 4 -4 -1 -3 7 9 -9 -2 11 -8
right_child=6 5 3 -5 -6 -7 10 8 -10 -11 -12 -13
leaf_value=-0.0081378914251812925 0.0091853942359180728 -0.077174393888816695 -0.0030769583641447121 0.026441602512155628 0.013680333819757813 0.033665103471785494 0.033353341532589502 0.11841493563786393 -0.0051164568980776618 -0.031007760240838955 -0.050855204076565463 -0.049692656364616145
leaf_weight=522.66628301143646 15.689182627946137 15.409837923943998 211.03919928520918 315.25520917773247 349.25849106907845 5.2255432084202758 6.5104031376540643 2.4681811034679439 24.531251758337021 79.602529933676124 109.76311071403325 5.8874747231602669
leaf_count=2501 252 70 1014 1569 1821 24 90 26 327 1753 4490 90
internal_value=-0.00036499 0.00502368 0.00588898 0.0146215 0.000607285 -0.0488476 -0.0304973 -0.0154995 0.0100022 -0.0243635 -0.0429904 -0.00684884
internal_weight=1663.31 1418.85 1398.22 526.294 871.925 20.6354 244.452 122.291 26.9994 95.2917 122.161 12.3979
internal_count=14027 6999 6905 2583 4322 94 7028 2358 353 2005 4670 180
cat_boundaries=0 1 2 3
cat_threshold=13 2 1
is_linear=0
shrinkage=0.05


Tree=55
num_leaves=12
num_cat=4
split_feature=0 34 1 44 38 34 4 1 44 40 1
split_gain=97.7206 31.2698 30.425 26.9213 16.642 9.68292 8.80592 8.88808 5.96023 5.65324 0.0358432
threshold=0 20.250000000000004 1 44.100000000000001 13.423214500000002 19.450000000000003 -0.99054481509840819 2 28.250000000000004 111.55000000000001 3
decision_type=1 2 1 2 2 2 2 1 2 2 1
left_child=6 5 3 -3 -4 8 7 9 -2 -1 -7
right_child=1 2 4 -5 -6 10 -8 -9 -10 -11 -12
leaf_value=-0.032870861931168775 0.011394085742836091 0.015385885566651667 -0.001702107527027856 -0.010689782325940866 -0.050929576634164579 -0.045153588485098026 -0.050766636154283278 -0.048435652591215281 -0.034050317958346836 0.056942848135829574 -0.068794450506164159
leaf_weight=1.7394025940448026 11.995414361357691 643.01591030322015 717.52431662380695 116.22642635926604 16.59229158051312 11.671878330409527 104.37247966043651 5.3043190836906433 15.740093629807232 4.8331761658191681 10.89514284580946
leaf_count=53 67 3818 4442 699 116 73 4482 87 90 33 71
internal_value=-0.000414488 0.00303875 0.00437422 0.0113854 -0.0028825 -0.0353284 -0.0425358 -0.00491133 -0.0146834 0.0319721 -0.059002
internal_weight=1659.91 1543.66 1493.36 759.242 734.117 50.3025 116.249 11.8769 27.7355 6.57258 22.567
internal_count=14031 9376 9075 4517 4558 301 4655 173 157 86 144
cat_boundaries=0 1 2 3 4
cat_threshold=48 1 1 1
is_linear=0
shrinkage=0.05


Tree=56
num_leaves=12
num_cat=4
split_feature=0 1 34 36 34 0 13 5 4 1 40
split_gain=94.2391 27.3538 29.2401 31.5709 25.2924 17.0173 16.5555 12.8787 8.51285 8.32974 4.79673
threshold=0 1 21.050000000000004 95.500000000000014 21.550000000000004 2 13.335417000000001 -0.98801846520836334 -0.99054481509840819 3 111.55000000000001
decision_type=1 1 2 2 2 1 2 2 2 1 2
left_child=8 2 3 -2 -4 6 -3 -7 9 10 -1
right_child=1 5 4 -5 -6 7 -8 -9 -10 -11 -12
leaf_value=-0.032037323921598179 -0.063083683836491447 0.003674706420895658 0.055950339681110017 0.0048712790339150167 0.010745889594653005 0.025456391781379158 -0.032985400669487332 -0.018840095800877907 -0.050686665347056098 -0.048179998986488143 0.051371995623739598
leaf_weight=1.6279852315783481 26.21975345723331 502.8003137037158 31.495948847383261 45.58673195913434 683.7196335606277 16.955672025680542 31.802781708538532 207.00244560651481 100.16373479180038 5.2299651391804218 5.0838032104074955
leaf_count=51 162 2207 174 250 4096 128 142 2226 4512 86 35
internal_value=-0.000124175 0.00320799 0.0097534 -0.0204678 0.0128119 -0.00354467 0.00141001 -0.0147333 -0.0422359 -0.00554919 0.0296097
internal_weight=1657.69 1545.58 787.022 71.8065 715.216 758.561 534.603 223.958 112.105 11.9418 6.71179
internal_count=14069 9385 4682 412 4270 4703 2349 2354 4684 172 86
cat_boundaries=0 1 2 3 4
cat_threshold=48 1 9 1
is_linear=0
shrinkage=0.05


Tree=57
num_leaves=15
num_cat=1
split_feature=1 43 43 5 43 38 26 35 35 32 4 5 5 4
split_gain=25.731 23.6125 33.4532 24.3215 23.987 19.6641 19.0125 16.6543 15.1266 18.231 30.3627 23.2466 11.4976 5.49922
threshold=0 27.750000000000004 25.250000000000004 -0.98212955754013376 34.600000000000001 8.2910715000000028 18.850000000000005 87.586309500000013 88.276786000000016 26.401488000000004 -0.84315017450793706 0.98005052076767474 -0.92921788351138401 -0.99763297024448894
decision_type=1 2 2 2 2 2 2 2 2 2 2 2 2 2
left_child=1 2 3 -1 6 -4 -3 -6 9 10 -2 -11 -10 -14
right_child=8 4 5 -5 7 -7 -8 -9 12 11 -12 -13 13 -15
leaf_value=-0.033057284189723715 0.051282018745695448 0.018781231850734902 -0.062759959975150464 0.0074348267902666909 0.013519898941704253 0.0064179060334591392 0.063607450790804584 -0.05105198535597201 0.038234272001085229 -0.0061807945811016493 -0.0045438003555092026 -0.05072053393669898 0.0019248593377845229 -0.059248873912148198
leaf_weight=38.483864728361368 35.152406916022301 56.265075230970979 29.193615101277828 613.31824931316078 33.847628429532051 15.308633647859095 41.440207809209824 13.008502554148434 3.4458586946129826 636.60823377594352 74.209625035524368 29.744118828326464 4.2325851842761066 24.057392535731196
leaf_count=331 275 432 223 5172 283 123 310 101 28 5637 613 246 30 211
internal_value=-0.0001757 0.00594256 0.00211075 0.0049971 0.0242578 -0.0393449 0.0382454 -0.00509915 -0.00654662 -0.00513452 0.0137025 -0.00824195 -0.0398513 -0.0503432
internal_weight=1648.32 840.866 696.304 651.802 144.561 44.5022 97.7053 46.8561 807.45 775.714 109.362 666.352 31.7358 28.29
internal_count=14015 6975 5849 5503 1126 346 742 384 7040 6771 888 5883 269 241
cat_boundaries=0 1
cat_threshold=1
is_linear=0
shrinkage=0.05


Tree=58
num_leaves=12
num_cat=3
split_feature=0 0 9 6 32 4 4 37 4 1 40
split_gain=88.0603 25.3273 25.3681 27.0068 17.7561 22.9734 17.6888 8.71765 8.46199 8.08227 4.7174
threshold=0 1 26.350000000000005 2.5000000000000004 26.520535500000005 0.27694220057652758 -0.94705910369513513 31.500000000000004 -0.99054481509840819 2 111.55000000000001
decision_type=1 1 2 2 2 2 2 2 2 1 2
left_child=8 2 3 -2 5 -3 -6 -4 9 10 -1
right_child=1 4 7 -5 6 -7 -8 -9 -10 -11 -12
leaf_value=-0.031887312260348737 -0.0092792469972138494 0.01784969771643222 -0.001634301436465771 0.010459299829456627 -0.053577852123767047 -0.054556489360972821 -0.0085014815553219377 0.055037856079458249 -0.050604212874079617 -0.047805850620111584 0.051073385705717123
leaf_weight=1.6144231222569922 224.69593127071857 109.08125210553408 8.2761082947254163 747.03136080503464 22.158408664166927 11.192523339763282 378.01270781643689 35.303451471030712 95.379873303696513 5.0932455528527498 5.0411353036761284
leaf_count=53 991 815 41 3408 183 128 3533 256 4509 87 33
internal_value=-0.000239712 0.00294119 0.00751481 0.00589024 -0.0059521 0.0107174 -0.0111248 0.0444801 -0.0418471 -0.00518625 0.0294132
internal_weight=1642.88 1535.75 1015.31 971.727 520.445 120.274 400.171 43.5796 107.129 11.7488 6.65556
internal_count=14037 9355 4696 4399 4659 943 3716 297 4682 173 86
cat_boundaries=0 1 2 3
cat_threshold=48 9 1
is_linear=0
shrinkage=0.05


Tree=59
num_leaves=12
num_cat=2
split_feature=0 35 39 41 39 44 43 41 1 5 25
split_gain=84.2398 25.7643 35.9663 26.356 61.5106 41.3539 11.7253 5.68633 5.38268 5.26204 2.91549
threshold=0 88.437500000000014 21.850000000000005 66.450000000000017 17.650000000000002 45.20000000000001 35.100000000000001 111.55000000000001 1 -0.14250536273956088 5.4319445000000011
decision_type=1 2 2 2 2 2 2 2 1 2 2
left_child=7 3 10 5 -5 -2 -4 -1 9 -9 -3
right_child=1 2 6 4 -6 -7 -8 8 -10 -11 -12
leaf_value=-0.050472048960337301 0.0033634700850749405 -0.02418772628666721 0.02596501559641631 -0.022732333917478198 0.023512578533234494 -0.03025357543500173 -0.05956237290977659 -0.038565863759813468 -0.047933145219898152 0.034017322114513096 -0.076471059938980734
leaf_weight=86.746053731068969 920.6662513371557 4.3310308307409313 22.190420199185613 88.548354770988226 366.49993560090661 100.56331970728934 3.8700614087283602 2.8972962498664847 6.3331937417387953 6.0596855524927369 23.153595823794603
leaf_count=4345 5694 23 127 529 2184 655 21 97 150 56 132
internal_value=0.000170416 0.00322467 -0.0305056 0.00448972 0.0144836 2.67487e-05 0.0115322 -0.0414945 -0.0160621 0.00902372 -0.0693706
internal_weight=1631.86 1529.82 53.5451 1476.28 455.048 1021.23 26.0605 102.036 15.2902 8.95698 27.4846
internal_count=14013 9365 303 9062 2713 6349 148 4648 303 153 155
cat_boundaries=0 1 2
cat_threshold=48 1
is_linear=0
shrinkage=0.05


Tree=60
num_leaves=15
num_cat=3
split_feature=0 8 37 44 39 39 44 0 43 33 0 39 44 39
split_gain=79.5584 24.0331 46.2515 50.6738 47.979 25.9122 61.5548 17.1504 11.6129 7.02018 9.53222 6.58337 24.8523 6.28847
threshold=0 33.350000000000001 44.500000000000007 29.700000000000003 18.850000000000005 22.950000000000003 39.050000000000004 1 28.200000000000006 32.850000000000001 2 26.050000000000004 45.20000000000001 15.750000000000002
decision_type=1 2 2 2 2 2 2 1 2 2 1 2 2 2
left_child=1 2 3 -1 -4 7 -7 -3 11 10 -10 13 -13 -2
right_child=8 5 4 -5 -6 6 -8 -9 9 -11 -12 12 -14 -15
leaf_value=0.037529088318897369 -0.012782707244211664 0.034681765637892201 -0.0078046591180278282 -0.033826130657462573 0.015815395021051427 -0.10105041079130805 0.0094692017531514596 0.00084115306608600546 0.01430159276390419 -0.046817340223088394 -0.027090419360845299 0.092035225147788113 -0.046470997549814153 -0.041919722364228064
leaf_weight=28.779798232018948 22.745772963389754 148.85501362383366 390.70706418156624 153.97133444994688 475.8047512024641 12.824347853660582 141.09431205689907 60.278784416615963 31.98212481662631 8.240855045616625 9.5955417901277524 3.8664262928068629 8.6825790759175998 133.83069823682308
leaf_count=135 650 767 1827 772 2378 61 718 379 522 258 254 127 339 4895
internal_value=-0.000258366 0.00415355 0.000342051 -0.022446 0.00516848 0.0152521 -0.000332021 0.0266688 -0.0275438 -0.00739615 0.00133335 -0.0350193 -0.000153256 -0.037795
internal_weight=1631.26 1412.32 1049.26 182.751 866.512 363.052 153.919 209.134 218.944 49.8185 41.5777 169.125 12.549 156.576
internal_count=14082 7037 5112 907 4205 1925 779 1146 7045 1034 776 6011 466 5545
cat_boundaries=0 1 2 3
cat_threshold=13 9 34
is_linear=0
shrinkage=0.05


Tree=61
num_leaves=14
num_cat=3
split_feature=0 0 39 5 34 35 39 38 4 1 43 4 4
split_gain=76.4562 26.4989 35.516 32.5209 42.1647 31.681 28.9345 22.8944 6.68852 5.62581 1.98769 0.0432806 0.166739
threshold=0 1 22.450000000000003 0.87709077819680659 22.950000000000003 87.669642500000023 20.250000000000004 8.7651785000000029 -0.99467753128998015 2 32.550000000000004 -0.99054481509840819 -0.99275805973510278
decision_type=1 1 2 2 2 2 2 2 2 1 2 2 2
left_child=8 2 5 6 -5 -2 -3 -4 9 10 -1 12 -10
right_child=1 3 7 4 -6 -7 -8 -9 11 -11 -12 -13 -14
leaf_value=-0.0093045002582891664 0.026054269492058215 -0.0088148374233160253 0.032017843513822204 -0.034574259586035237 0.035820021595970655 -0.026468191780908219 0.0096079681882204494 -0.016307094191040202 -0.028438813931677954 -0.045558186229020206 0.044409285623678837 -0.0503950075038474 -0.0013218032599373337
leaf_weight=2.3341232538223249 310.16111495345831 371.54908181540668 29.180951431393623 129.10176244936883 24.584054116159678 30.82759952545166 497.11394277960062 130.06232163310051 1.0096083655953405 3.9789809584617615 3.4387620985507965 83.56547246966511 0.93191463500261207
leaf_count=50 1461 2526 145 849 154 136 3460 610 23 67 17 4488 21
internal_value=-0.000227461 0.00261733 0.0119197 -0.00201273 -0.023155 0.0212424 0.00172699 -0.00730712 -0.04124 -0.00564864 0.0245242 -0.0499541 -0.0202971
internal_weight=1617.84 1522.58 500.232 1022.35 153.686 340.989 868.663 159.243 95.2589 9.75187 5.77289 85.507 1.94152
internal_count=14007 9341 2352 6989 1003 1597 5986 755 4666 134 67 4532 44
cat_boundaries=0 1 2 3
cat_threshold=48 1 1
is_linear=0
shrinkage=0.05


Tree=62
num_leaves=12
num_cat=1
split_feature=0 6 5 44 39 34 4 38 4 32 39
split_gain=70.9735 23.3894 39.3992 25.0555 28.1336 21.5083 15.8119 13.1059 7.93153 2.13416 1.80085
threshold=0 2.5000000000000004 -0.97111920233974802 48.800000000000004 19.550000000000004 21.050000000000004 -0.30163705152652737 8.5220240000000018 -0.99054481509840819 26.378273500000002 19.250000000000004
decision_type=1 2 2 2 2 2 2 2 2 2 2
left_child=8 2 7 4 -3 -4 -5 -2 9 -1 -11
right_child=1 3 5 6 -6 -7 -8 -9 -10 10 -12
leaf_value=-0.039213874955928069 -0.0019479100242342691 -0.00090364760252225555 -0.038127649490411412 -0.048200105472566541 0.014916598610578827 0.00051732568952916826 0.010258480068866427 -0.093759388942361688 -0.050315989712344023 -0.031265004800269315 0.016797267338777701
leaf_weight=2.4571959897875777 5.0675331018865135 531.61361505463719 40.29264915175736 32.880455922335386 594.90699837356806 280.96448635868728 17.102457882836461 16.316395040601492 80.003154875710607 1.5466906353831271 7.6047915555536747
leaf_count=62 30 3150 250 209 3749 1759 110 95 4518 61 53
internal_value=-0.000155144 0.0025464 -0.00891604 0.00591104 0.00745672 -0.00443287 -0.0283887 -0.0730611 -0.0404087 -0.00560371 0.0063946
internal_weight=1610.76 1519.14 342.641 1176.5 1126.52 321.257 49.9829 21.3839 91.6118 11.6087 9.15148
internal_count=14046 9352 2134 7218 6899 2009 319 125 4694 176 114
cat_boundaries=0 1
cat_threshold=48
is_linear=0
shrinkage=0.05


Tree=63
num_leaves=12
num_cat=3
split_feature=0 1 34 44 14 13 34 4 39 1 27
split_gain=66.4623 23.5351 21.3698 24.276 14.1495 16.14 7.3038 6.7875 6.08922 5.53982 2.68262
threshold=0 1 20.250000000000004 44.100000000000001 11.250000000000002 13.335417000000001 23.450000000000003 -0.99054481509840819 18.050000000000004 2 52.70000000000001
decision_type=1 1 2 2 2 2 2 2 2 1 2
left_child=7 2 8 -4 6 -6 -3 9 -2 10 -1
right_child=1 4 3 -5 5 -7 -8 -9 -10 -11 -12
leaf_value=-0.015873683905998245 -0.010864647025584758 -0.010649873971945042 0.013657559848156434 -0.011153250644779188 0.00040783246718543564 -0.030205561083418264 -0.040428501272508813 -0.050241828766536614 -0.060419621293292314 -0.046023803434984037 0.041831415823006105
leaf_weight=2.63616109266877 12.744686469435694 50.321107111871243 629.61766850017011 116.07872356101871 622.86182064935565 45.249904742464423 35.097101673483849 75.918374405242503 12.148269623517988 4.4046539859846234 4.0925421975553036
leaf_count=60 68 287 3796 713 3914 295 221 4489 83 82 27
internal_value=-0.000461053 0.00209408 0.0082468 0.00978562 -0.00417278 -0.0017076 -0.0232117 -0.040366 -0.0364479 -0.00770057 0.0200951
internal_weight=1611.17 1524.12 770.589 745.696 753.53 668.112 85.4182 87.0517 24.893 11.1334 6.7287
internal_count=14035 9377 4660 4509 4717 4209 508 4658 151 169 87
cat_boundaries=0 1 2 3
cat_threshold=48 1 1
is_linear=0
shrinkage=0.05


Tree=64
num_leaves=15
num_cat=1
split_feature=0 39 34 44 43 34 43 43 39 44 43 39 14 26
split_gain=63.8142 21.8659 50.4382 33.1579 30.1875 23.1642 11.2924 11.1271 8.16102 17.7972 7.57645 7.46562 5.98105 5.86767
threshold=0 15.450000000000001 23.050000000000004 29.700000000000003 17.750000000000004 21.050000000000004 28.200000000000006 28.600000000000005 25.250000000000004 44.800000000000004 32.850000000000009 15.750000000000002 15.550000000000002 11.750000000000002
decision_type=1 2 2 2 2 2 2 2 2 2 2 2 2 2
left_child=1 2 5 12 -5 -1 8 -8 11 -10 -9 -2 -3 -4
right_child=6 3 13 4 -6 -7 7 10 9 -11 -12 -13 -14 -15
leaf_value=-0.020351282623147712 -0.0094706018838686783 0.044963783881253917 -0.0067355073344220993 -0.0027187340360481601 0.013384557177762596 0.047925277482937303 0.065619175672489191 -0.041079939313372227 0.052447824014092516 -0.046388392900977203 0.0021914685393563667 -0.042426832223270712 0.0097721668384095958 -0.056770277197780467
leaf_weight=21.100764438509941 20.936392281204462 58.795208349823952 6.98636770248413 743.03282458335161 477.13559325784445 27.751243978738785 3.9792204778641453 14.732105400413273 7.573910444974902 8.7162501718848926 28.073195897974074 115.83678653091192 15.948220171034334 47.936203524470329
leaf_count=97 637 279 33 3782 2387 124 78 414 245 382 531 4704 76 225
internal_value=-5.89976e-05 0.00377904 -0.0181703 0.00557989 0.00358411 0.0186178 -0.0257135 -0.0053538 -0.0335304 -6.00506e-05 -0.0132989 -0.0374875 0.037683 -0.0506399
internal_weight=1598.53 1398.69 103.775 1294.91 1220.17 48.852 199.848 46.7845 153.063 16.2902 42.8053 136.773 74.7434 54.9226
internal_count=13994 7003 479 6524 6169 221 6991 1023 5968 627 945 5341 355 258
cat_boundaries=0 1
cat_threshold=13
is_linear=0
shrinkage=0.05


Tree=65
num_leaves=12
num_cat=2
split_feature=0 22 26 43 5 39 30 37 4 1 43
split_gain=60.8308 25.0047 24.1636 23.5763 31.4626 30.5899 18.5371 14.9885 6.97305 5.62483 3.5965
threshold=0 88.520833500000023 19.350000000000005 17.750000000000004 -0.98521978256641018 15.450000000000001 31.200000000000006 65.500000000000014 -0.99054481509840819 1 32.550000000000004
decision_type=1 2 2 2 2 2 2 2 2 1 2
left_child=8 3 6 4 -2 -5 -3 -4 9 10 -1
right_child=1 2 7 5 -6 -7 -8 -9 -10 -11 -12
leaf_value=-0.02292497560330474 -0.046325506319554774 -0.063813448896801642 -0.041470857581636322 -0.030396680584407039 0.0010186717273296985 0.015870430282876963 0.007910109464306871 0.02826324320932689 -0.050119034290094171 -0.045377832476190476 0.04574156873566973
leaf_weight=2.2310563083738071 35.540036305785179 36.517320929095149 10.021609302610157 37.667342256754637 884.36213845014572 481.3177388869226 11.586403727531431 24.738387923687696 69.809272360987961 4.2677852315828204 4.2413935735821724
leaf_count=60 210 212 57 216 5560 2935 65 141 4461 88 24
internal_value=2.61701e-05 0.00239061 -0.0241365 0.00395058 -0.000858769 0.0124604 -0.0467286 0.00756082 -0.0395661 -0.00624885 0.0221718
internal_weight=1602.3 1521.75 82.8637 1438.89 919.902 518.985 48.1037 34.76 80.5495 10.7402 6.47245
internal_count=14029 9396 475 8921 5770 3151 277 198 4633 172 84
cat_boundaries=0 1 2
cat_threshold=48 1
is_linear=0
shrinkage=0.05


Tree=66
num_leaves=9
num_cat=3
split_feature=0 38 35 39 0 4 1 40
split_gain=54.3558 23.0291 23.463 29.0008 25.4599 8.69917 6.05234 2.39814
threshold=0 14.349107500000001 88.437500000000014 21.850000000000005 1 -0.99054481509840819 2 115.65000000000002
decision_type=1 2 2 2 1 2 1 2
left_child=5 2 4 -4 -2 6 7 -1
right_child=1 -3 3 -5 -6 -7 -8 -9
leaf_value=-0.017607485751348986 0.012812141038985562 -0.061898982986525346 -0.066709707226019377 0.0069037779538326577 -0.0011801149026443596 -0.050049611939600697 -0.045042023664722319 0.039008589527507437
leaf_weight=1.9623371735215167 475.85936335474253 13.103979051113127 25.995449870824814 26.189151495695114 979.20785970799625 66.955796527676284 4.204278782941401 5.4109293222427368
leaf_count=63 2264 93 153 151 6743 4492 89 26
internal_value=-0.000534207 0.00168673 0.0022914 -0.0303312 0.0034814 -0.0383952 -0.00290114 0.0236374
internal_weight=1598.89 1520.36 1507.25 52.1846 1455.07 78.5333 11.5775 7.37327
internal_count=14074 9404 9311 304 9007 4670 178 89
cat_boundaries=0 1 2 3
cat_threshold=48 1 1
is_linear=0
shrinkage=0.05


Tree=67
num_leaves=15
num_cat=0
split_feature=34 34 5 34 39 2 36 34 17 4 5 19 32 12
split_gain=18.8406 41.7338 40.2375 28.9886 25.6887 22.784 16.5788 16.0932 6.87643 5.70456 2.9143 2.27535 1.03834 0.263997
threshold=21.050000000000004 21.550000000000004 0.97648852793709995 21.700000000000006 17.650000000000002 2.5000000000000004 95.500000000000014 20.250000000000004 16.000000000000004 0.27694220057652758 0.9953013416090124 26.021527500000001 26.844047500000006 70.500000000000014
decision_type=2 2 2 2 2 2 2 2 2 2 2 2 2 2
left_child=2 5 6 10 -5 12 9 -8 -7 -1 -3 13 -2 -4
right_child=1 3 11 4 -6 8 7 -9 -10 -11 -12 -13 -14 -15
leaf_value=-0.0077006825545657053 0.00161745423298548 -0.079324687716915629 0.01316830822971554 -0.012335404283316852 0.0040554158154033583 -0.012763157451552161 -0.046764410389807012 0.0063496754313131388 0.062258492796971591 -0.059271363945427959 -0.016617165199017677 0.04667424642619334 -0.027068990665744398 0.029411358677007639
leaf_weight=6.4639783911406985 4.7380027370527369 11.504353839904068 13.739241093397146 307.10350294969976 1065.522095290944 2.9429504610598078 21.861290385015309 37.377990013919771 44.553775031119585 43.613701242953539 2.905496426858007 13.586918430402873 7.8381241522729397 3.9174976386129847
leaf_count=55 43 91 109 2590 9619 22 183 317 357 421 22 110 72 34
internal_value=-0.000304665 0.00139743 -0.0177143 -0.000383415 0.000381916 0.0418488 -0.0319733 -0.0137021 0.0574427 -0.0528958 -0.0685797 0.0316203 -0.0169384 0.0181554
internal_weight=1587.67 1447.11 140.561 1387.04 1372.63 60.0729 109.317 59.2393 47.4967 50.0777 14.4099 31.2437 12.5761 17.6567
internal_count=14045 12816 1229 12322 12209 494 976 500 379 476 113 253 115 143
is_linear=0
shrinkage=0.05


Tree=68
num_leaves=15
num_cat=2
split_feature=0 10 39 44 39 10 43 4 4 39 1 39 44 13
split_gain=52.6893 21.2705 20.0414 55.8073 34.808 14.5762 10.0407 9.32238 20.4864 9.0282 11.7986 8.24496 7.21684 0.123419
threshold=0 90.645833500000023 23.550000000000004 39.800000000000004 20.650000000000002 91.437500000000014 20.050000000000004 -0.82415615971448097 -0.92923668111203817 15.750000000000002 1 26.050000000000004 39.400000000000013 8.5854165000000027
decision_type=1 2 2 2 2 2 2 2 2 2 1 2 2 2
left_child=1 2 4 -4 -1 13 9 8 -8 10 -2 -11 -9 -3
right_child=6 5 3 -5 -6 -7 7 12 -10 11 -12 -13 -14 -15
leaf_value=0.00049413018945425552 0.04348601029213689 -0.080128398212412286 -0.090070353697349878 -0.0019581944227780026 0.019566825463029583 0.027519944950894888 -0.020082974790561772 -0.045865025000826724 0.055292018159233638 -0.045418050079985367 -0.040502667348118949 0.0019392849902835374 -0.0029017890246626314 -0.043596223942433995
leaf_weight=696.28418343886733 7.3155484963208419 9.5689622536301631 18.135561153292656 296.00963189452887 363.46278559416533 4.3188563212752333 25.086319907568395 22.882968701422215 12.78999979328364 87.881024558097124 7.411851717159152 10.161567958071826 16.78842871915549 4.9524369686841956
leaf_count=3458 230 46 87 1495 1880 20 499 873 246 4016 245 430 512 24
internal_value=-0.000436791 0.0029997 0.00376086 -0.00731456 0.0070478 -0.0483866 -0.0243529 -0.0115653 0.00613705 -0.0351081 0.00132937 -0.0405397 -0.0282019 -0.0712808
internal_weight=1583.05 1392.73 1373.89 314.145 1059.75 18.8403 190.318 77.5477 37.8763 112.77 14.7274 98.0426 39.6714 14.5214
internal_count=14061 7010 6920 1582 5338 90 7051 2130 745 4921 475 4446 1385 70
cat_boundaries=0 1 2
cat_threshold=13 1
is_linear=0
shrinkage=0.05


Tree=69
num_leaves=12
num_cat=3
split_feature=0 0 20 37 39 2 38 34 4 1 40
split_gain=50.8327 23.3858 22.6844 26.9897 25.0874 13.807 15.7989 15.3608 9.13247 5.90808 2.53837
threshold=0 1 30.850000000000005 32.500000000000007 21.750000000000004 9.5000000000000018 5.2648805000000012 23.250000000000004 -0.99054481509840819 2 115.65000000000002
decision_type=1 1 2 2 2 2 2 2 2 1 2
left_child=8 2 4 -4 -2 6 -3 -7 9 10 -1
right_child=1 5 3 -5 -6 7 -8 -9 -10 -11 -12
leaf_value=-0.017393028621179706 -0.030841370615647398 0.083506304866211856 -0.0084516097110973899 0.013621201926740788 0.023171322870796113 0.020557164126412841 -0.012283912458207993 -0.01439718476104873 -0.049945717847051922 -0.044109448668917348 0.041405032529920061
leaf_weight=1.9438250456005315 73.491035908460617 3.3676909729838362 170.91392090171576 716.13179059326649 29.377918750047684 82.680687246844172 380.2473462857306 49.453172301873565 62.479742002673447 3.8937826408073306 5.2470809668302536
leaf_count=64 322 29 775 3450 142 586 3681 369 4522 87 25
internal_value=0.000138061 0.00223986 0.0067156 0.00936354 -0.0153415 -0.00631159 -0.0112281 0.00746507 -0.037592 -0.000695384 0.0253279
internal_weight=1579.23 1505.66 989.915 887.046 102.869 515.749 383.615 132.134 73.5644 11.0847 7.19091
internal_count=14052 9354 4689 4225 464 4665 3710 955 4698 176 89
cat_boundaries=0 1 2 3
cat_threshold=48 9 1
is_linear=0
shrinkage=0.05


Tree=70
num_leaves=12
num_cat=0
split_feature=10 40 39 8 34 30 44 27 10 13 26
split_gain=20.0848 20.5526 49.9819 39.0763 55.1235 24.5363 23.8511 23.0304 17.6453 1.11175 0.448729
threshold=90.645833500000023 66.050000000000011 17.650000000000002 33.150000000000013 24.450000000000003 31.450000000000003 34.000000000000007 8.1500000000000004 91.500000000000014 8.7166665000000023 13.550000000000002
decision_type=2 2 2 2 2 2 2 2 2 2 2
left_child=1 3 5 4 -1 -3 -4 -5 9 10 -2
right_child=8 2 6 7 -6 -7 -8 -9 -10 -11 -12
leaf_value=-0.0046972792890242997 -0.033470584875211935 -0.035573485124425479 0.046177135189945484 0.0033819654649483001 -0.043420734371745304 0.039599188488348223 0.010959713608699566 0.037895853482343436 0.041237813568238746 -0.030785509841001115 -0.081332940374329296
leaf_weight=500.62007119972259 2.6262649558484616 77.735989729873836 54.367237649857998 369.5121839446947 111.65667443815619 11.742755280807613 375.56477393768728 54.654513480141759 3.9099582536146036 3.7955125002190462 11.2916421033442
leaf_count=4307 21 681 443 3521 1037 109 3216 585 31 33 96
internal_value=-0.000357663 0.00032224 0.00843071 -0.00374551 -0.0118183 -0.0253796 0.01551 0.0079078 -0.0471302 -0.0677974 -0.0751505
internal_weight=1577.48 1555.85 519.411 1036.44 612.277 89.4787 429.932 424.167 21.6234 17.7134 13.9179
internal_count=14080 13899 4449 9450 5344 790 3659 4106 181 150 117
is_linear=0
shrinkage=0.05


Tree=71
num_leaves=13
num_cat=2
split_feature=0 33 39 37 32 4 38 35 4 0 43 4
split_gain=47.7797 21.9851 47.0343 33.6709 29.7216 40.5423 34.8138 16.392 8.69936 10.7893 11.6168 5.55584
threshold=0 31.250000000000004 21.850000000000005 63.500000000000007 26.446726000000002 0.27694220057652758 6.3949405000000015 87.095238000000009 0.78325454425165997 1 36.250000000000007 -0.99054481509840819
decision_type=1 2 2 2 2 2 2 2 2 1 2 2
left_child=1 2 3 -1 5 -3 -6 -4 9 10 -2 -11
right_child=8 4 7 -5 6 -7 -8 -9 -10 11 -12 -13
leaf_value=-0.0098905554149593816 -0.012432385003688585 0.039887948760980424 -0.042063925991809199 -0.068253241438133785 0.022720521718813603 -0.031195727300306876 -0.0019468271746924473 0.037114666844940851 -0.049599373627977061 -0.0074111181802571039 0.051722346472383912 -0.049627207706384659
leaf_weight=57.776841230690479 87.667796086519957 107.46109947562218 6.9022260010242453 42.721237882971764 167.48572319000959 23.8239706158638 946.19926245510578 40.321172744035721 31.011829352006316 9.8441791888326389 6.6817784570157519 45.175866074860096
leaf_count=264 1724 509 35 201 808 127 4897 194 1685 165 59 3394
internal_value=-0.000948517 0.00225955 -0.015897 -0.0351283 0.00444308 0.0268503 0.00177992 0.0249095 -0.0243741 -0.0204628 -0.00669232 -0.0359277
internal_weight=1573.07 1392.69 147.721 100.498 1244.97 131.285 1113.68 47.2234 180.381 149.37 94.3496 55.02
internal_count=14062 7035 694 465 6341 636 5705 229 7027 5342 1783 3559
cat_boundaries=0 1 2
cat_threshold=13 2
is_linear=0
shrinkage=0.05


Tree=72
num_leaves=14
num_cat=3
split_feature=0 1 34 36 34 35 32 4 4 1 8 4 4
split_gain=45.6382 22.1483 21.216 23.8349 21.5648 13.5735 19.3845 6.84198 5.97392 4.31993 1.68192 0.0623002 0.137249
threshold=0 1 21.050000000000004 94.500000000000014 21.550000000000004 88.276786000000016 26.401488000000004 -0.99467753128998015 -0.99763297024448894 2 30.250000000000004 -0.99054481509840819 -0.99275805973510278
decision_type=1 1 2 2 2 2 2 2 2 1 2 2 2
left_child=7 2 3 -2 -4 6 -3 9 -7 10 -1 12 -9
right_child=1 5 4 -5 -6 8 -8 11 -10 -11 -12 -13 -14
leaf_value=-0.010808763796202972 -0.068919388091452802 0.016826693389089622 0.051926412388476256 -0.0013643068630078267 0.0083526205131594002 0.018404212765604017 -0.006577142247697499 -0.026541272483947359 -0.047840966786664871 -0.041911537536849286 0.040446778896655169 -0.049795771766118435 -0.0012443913328914727
leaf_weight=1.9081344790756682 16.741852749139071 102.58015255630016 28.71583872102201 49.603630943223834 666.56825592555106 3.4213147573173073 606.55516312271357 0.8366079144179821 23.136441595852375 3.0287953410297632 3.6479276437312365 56.50234467163682 0.9031695146113623
leaf_count=29 106 602 164 297 4114 20 3923 21 144 63 34 4504 23
internal_value=-0.000272179 0.00165799 0.00764091 -0.0191816 0.0102242 -0.00451532 -0.00317273 -0.0376062 -0.0389487 -0.00128251 0.0238802 -0.0491962 -0.0186563
internal_weight=1564.15 1497.32 761.63 66.3455 695.284 735.693 709.135 66.827 26.5578 8.58486 5.55606 58.2421 1.73978
internal_count=14044 9370 4681 403 4278 4689 4525 4674 164 126 63 4548 44
cat_boundaries=0 1 2 3
cat_threshold=48 1 1
is_linear=0
shrinkage=0.05


Tree=73
num_leaves=12
num_cat=3
split_feature=0 1 44 32 4 14 13 10 4 1 43
split_gain=45.5175 19.4304 17.3319 24.0569 23.9067 13.3208 14.2016 5.04247 5.00351 3.19537 2.00094
threshold=0 1 44.100000000000001 29.350893000000003 0.9916835347852474 11.250000000000002 13.335417000000001 87.270833500000023 -0.99054481509840819 2 32.550000000000004
decision_type=1 1 2 2 2 2 2 2 2 1 2
left_child=8 2 4 -4 -2 7 -7 -3 9 10 -1
right_child=1 5 3 -5 -6 6 -8 -9 -10 -11 -12
leaf_value=-0.022937575360468847 0.012846637305878936 -0.015906322866111582 -0.018505089061543811 0.054370657557278226 -0.033797273021640976 0.00057277251234263754 -0.029019127090551294 -0.046536271823948552 -0.049722780463114437 -0.043067146556013999 0.027057127099818442
leaf_weight=2.2113868892192823 614.9479933604598 66.633855300024152 100.45743276178837 11.772991113364695 27.811453187838197 615.23786170780659 42.402281187474728 16.606374615803361 53.918015407398343 3.5899630533531308 4.562756884843111
leaf_count=61 3767 406 617 78 190 3933 278 100 4507 87 24
internal_value=6.59344e-05 0.00196064 0.007614 -0.0104477 0.010779 -0.00377645 -0.00137637 -0.0224969 -0.0378775 -0.0106322 0.00988543
internal_weight=1560.15 1495.87 754.99 112.23 642.759 740.88 657.64 83.2402 64.2821 10.3641 6.77414
internal_count=14048 9369 4652 695 3957 4717 4211 506 4679 172 85
cat_boundaries=0 1 2 3
cat_threshold=48 1 1
is_linear=0
shrinkage=0.05


Tree=74
num_leaves=12
num_cat=4
split_feature=0 1 0 35 2 40 43 4 4 1 40
split_gain=41.1955 18.6067 19.0524 20.5715 15.2545 12.6608 14.5575 8.00911 5.04888 3.07034 2.7434
threshold=0 1 2 87.955357000000006 1.5000000000000002 130.55000000000004 17.750000000000004 -0.98214942551678475 -0.99054481509840819 3 115.65000000000002
decision_type=1 1 1 2 2 2 2 2 2 1 2
left_child=8 2 3 -2 -4 6 -3 -7 9 10 -1
right_child=1 5 4 -5 -6 7 -8 -9 -10 -11 -12
leaf_value=-0.032896148337494574 0.023535508141173576 -0.0088173036457393217 -0.025798209234894232 -0.032443336982372277 0.0040213820480514391 0.0099535839664663308 0.0057885305741170899 -0.067594751897894545 -0.04963993342616705 -0.042514450462384272 0.027952810865136103
leaf_weight=1.7332341466099004 211.75764732807875 453.4484950248152 45.968489095568657 16.922269865870476 492.93998561799526 4.2233514711260787 272.26266018487513 11.475047484040259 51.116365689784288 3.4268323695287108 4.9854448437690735
leaf_count=61 1102 2927 312 81 3221 25 1701 69 4495 86 23
internal_value=-0.000454297 0.00130529 0.00676633 0.0184659 0.00140863 -0.00433248 -0.00333726 -0.0473852 -0.0373345 -0.00994187 0.0100273
internal_weight=1570.26 1509 767.588 228.68 538.908 741.41 725.711 15.6984 61.2619 10.1455 6.71868
internal_count=14103 9438 4716 1183 3533 4722 4628 94 4665 170 84
cat_boundaries=0 1 2 3 4
cat_threshold=48 1 1 1
is_linear=0
shrinkage=0.05


Tree=75
num_leaves=12
num_cat=4
split_feature=0 44 39 32 0 4 40 4 1 1 40
split_gain=37.0727 22.7669 31.0284 24.9524 24.7315 18.1566 11.9474 8.03563 4.64731 3.3345 1.9268
threshold=0 46.250000000000007 25.250000000000004 26.419940500000006 1 0.97314989601849466 108.85000000000001 -0.99054481509840819 2 3 115.65000000000002
decision_type=1 2 2 2 1 2 2 2 1 1 2
left_child=7 2 4 9 -2 -5 -4 8 10 -3 -1
right_child=1 3 6 5 -6 -7 -8 -9 -10 -11 -12
leaf_value=-0.015424116750129266 0.011957377405623814 0.057422255216811484 0.041426187070369561 -0.032848951915134254 -0.0027908216013123972 0.018315244185286988 -0.046086307413997246 -0.049571925900711564 -0.041990894794645905 0.013918269721189154 0.037466494929938719
leaf_weight=1.7905199453234653 409.99821406602859 8.6151183508336544 64.411287682130933 107.88885187916458 867.85668062418699 19.954151894897223 3.3418291658163062 49.048432555049658 3.2810829523950815 9.7081603370606899 4.8585279285907745
leaf_count=63 2006 51 409 682 6012 131 20 4522 82 59 22
internal_value=7.39124e-05 0.00172947 0.00378057 -0.0169328 0.00201845 -0.0247829 0.0365022 -0.035501 -0.000302769 0.0362858 0.0230692
internal_weight=1550.75 1491.77 1345.61 146.166 1277.85 127.843 67.7531 58.9786 9.93013 18.3233 6.64905
internal_count=14059 9370 8447 923 8018 813 429 4689 167 110 85
cat_boundaries=0 1 2 3 4
cat_threshold=48 1 1 1
is_linear=0
shrinkage=0.05


Tree=76
num_leaves=11
num_cat=1
split_feature=0 40 4 30 39 8 4 36 42 4
split_gain=37.0178 19.1064 28.5005 18.431 35.7448 28.6422 9.32867 9.09863 25.0259 6.18419
threshold=0 132.00000000000003 -0.98214942551678475 13.550000000000002 18.850000000000005 33.350000000000001 0.78325454425165997 90.500000000000014 5.5000000000000009 -0.83377653105606597
decision_type=1 2 2 2 2 2 2 2 2 2
left_child=1 3 -3 5 -5 -1 7 8 -2 -9
right_child=6 2 -4 4 -6 -7 -8 9 -10 -11
leaf_value=-0.0081245491202939276 -0.039069242706450347 0.042413972258952305 -0.073772727324231444 -0.0061681479607745837 0.022296301920825493 0.010198237917999035 -0.049340618372172032 -0.0045649233442752622 0.16234032118630864 -0.027428612872844108
leaf_weight=542.73951432108879 3.1323817148804656 6.6688567250967052 17.223842080682516 178.85584946349263 285.22338481247425 349.95738316327333 27.375819412060082 44.224147602915764 1.5698593258857725 91.173464971594512
leaf_count=2668 172 33 85 869 1491 1878 1695 1094 60 4056
internal_value=-0.000299697 0.00245367 -0.040942 0.00326553 0.0113364 -0.000938228 -0.0217339 -0.0175684 0.0448495 -0.020049
internal_weight=1548.14 1380.67 23.8927 1356.78 464.079 892.697 167.476 140.1 4.70224 135.398
internal_count=14101 7024 118 6906 2360 4546 7077 5382 232 5150
cat_boundaries=0 1
cat_threshold=13
is_linear=0
shrinkage=0.05


Tree=77
num_leaves=12
num_cat=2
split_feature=0 44 37 37 22 26 35 4 4 1 8
split_gain=34.9221 22.0404 25.1733 23.1329 32.3978 30.0702 23.0068 22.4557 5.88161 3.3135 1.41464
threshold=0 46.250000000000007 65.500000000000014 32.500000000000007 66.861111000000008 19.050000000000004 86.693452500000021 0.93237596376505805 -0.99054481509840819 1 30.250000000000004
decision_type=1 2 2 2 2 2 2 2 2 1 2
left_child=8 3 7 4 -2 -5 -4 -3 9 10 -1
right_child=1 2 6 5 -6 -7 -8 -9 -10 -11 -12
leaf_value=-0.015693860015899942 -0.0002395847252818674 -0.045697880100581657 -0.031860889744698466 0.00049953137000521136 -0.04619412155310778 0.017688174304655475 0.039548919657161424 0.0067577305401085742 -0.049451835256888843 -0.041839424766848196 0.026683660877983378
leaf_weight=2.1974435392767173 146.2410531193018 71.494760077446699 17.001358741894364 766.64529871754348 50.991945195943117 379.88998812250793 29.449723035097122 28.067135851830244 45.284733091946691 3.2637583194300532 4.7307287268340588
leaf_count=40 955 450 120 4675 316 2505 179 181 4495 83 46
internal_value=-0.000107695 0.00146457 -0.0169081 0.00348291 -0.0122936 0.00620522 0.0132919 -0.0309902 -0.0355692 -0.00675992 0.0129584
internal_weight=1545.26 1489.78 146.013 1343.77 197.233 1146.54 46.4511 99.5619 55.4767 10.1919 6.92817
internal_count=14045 9381 930 8451 1271 7180 299 631 4664 169 86
cat_boundaries=0 1 2
cat_threshold=48 1
is_linear=0
shrinkage=0.05


Tree=78
num_leaves=11
num_cat=1
split_feature=0 44 35 39 37 4 32 17 39 24
split_gain=33.2315 18.3336 17.1262 23.4449 20.0566 6.3206 1.38954 1.26723 0.51159 0.122219
threshold=0 52.000000000000007 88.437500000000014 21.850000000000005 32.500000000000007 -0.99275805973510278 26.378273500000002 52.000000000000007 19.450000000000003 66.500000000000014
decision_type=1 2 2 2 2 2 2 2 2 2
left_child=5 2 4 -4 -2 6 -1 9 -8 -3
right_child=1 7 3 -5 -6 -7 8 -9 -10 -11
leaf_value=-0.035406491130256727 -0.010111010069455507 -0.025394749535848027 -0.060310753191492809 0.0077484640670096999 0.0058428897214504493 -0.049480006663962767 -0.014778486050257184 -0.020921636665318401 0.011744670019190127 -0.059799700100031196
leaf_weight=1.698372533544896 235.35522838588804 2.5031206049025085 24.398805804550648 24.814649775624275 1183.5331413652748 43.845165521837771 1.4821012709289787 5.4527257382869712 6.4050652347505093 10.407119570299981
leaf_count=55 1526 16 149 147 7397 4523 59 36 43 83
internal_value=1.8959e-05 0.00153152 0.00217787 -0.0265227 0.00319131 -0.0351415 -0.00427485 -0.0467958 0.00565854 -0.0554342
internal_weight=1539.9 1486.46 1468.1 49.2135 1418.89 53.4307 9.58554 18.363 7.88717 12.9102
internal_count=14034 9354 9219 296 8923 4680 157 135 102 99
cat_boundaries=0 1
cat_threshold=48
is_linear=0
shrinkage=0.05


Tree=79
num_leaves=15
num_cat=3
split_feature=0 9 22 30 26 0 5 32 32 4 37 1 8 5
split_gain=30.0185 22.9389 18.2553 28.2835 20.2081 16.2015 17.1276 30.9452 21.8108 6.21662 5.64557 3.44879 2.58208 0.0341758
threshold=0 26.350000000000005 88.465277500000013 13.550000000000002 18.850000000000005 1 0.31595530242620651 28.845238000000005 26.419940500000006 -0.99054481509840819 31.500000000000004 2 33.250000000000007 -0.16799793862756093
decision_type=1 2 2 2 2 1 2 2 2 2 2 1 2 2
left_child=1 2 3 -1 -4 6 8 -8 -2 11 13 -7 -12 -3
right_child=5 10 4 -5 -6 9 7 -9 -10 -11 12 -13 -14 -15
leaf_value=-0.0013365859864959858 0.022926201000504388 0.0007918292720908676 -0.048910804786607892 0.017790621766786401 0.011694512663692478 0.015412368808388022 -0.00093076830382124985 0.072646180961130902 -0.018621845454895331 -0.049289823381850333 0.0081081021567459104 -0.041223208616784593 0.056033898891174487 0.0070809141418475777
leaf_weight=591.66382656991482 34.751138150691986 4.363345593214035 32.846894860267639 285.94522063434124 22.626693680882454 6.7418805006891471 182.6054594386369 14.501756692305205 278.72296322323382 41.031796306371689 3.5271837785840061 3.1324211414903402 27.710960656404495 3.9136293083429319
leaf_count=2720 263 22 146 1410 111 87 1617 136 2652 4498 23 85 232 19
internal_value=-0.000611495 0.00469516 0.00314063 0.00490865 -0.0244216 -0.00970649 -0.00658396 0.00482188 -0.0139577 -0.0342902 0.0415779 -0.0046928 0.0510418 0.00420825
internal_weight=1534.09 972.598 933.083 877.609 55.4736 561.487 510.581 197.107 313.474 50.9061 39.5151 9.8743 31.2381 8.27697
internal_count=14021 4683 4387 4130 257 9338 4668 1753 2915 4670 296 172 255 41
cat_boundaries=0 1 2 3
cat_threshold=9 6 1
is_linear=0
shrinkage=0.05


Tree=80
num_leaves=15
num_cat=1
split_feature=0 34 34 33 5 5 5 33 32 21 5 43 37 44
split_gain=29.7613 23.1372 26.1117 40.9347 26.1053 15.0685 34.2474 22.2272 18.5722 14.3635 11.657 8.46505 4.92941 3.99521
threshold=0 25.350000000000005 24.550000000000004 33.95000000000001 -0.54219087765047058 0.31595530242620651 0.51849435583340198 31.250000000000004 26.409821500000003 23.650000000000002 -0.6391983530350368 27.050000000000004 31.500000000000004 34.400000000000013
decision_type=1 2 2 2 2 2 2 2 2 2 2 2 2 2
left_child=1 2 4 -4 -1 8 7 -7 11 -8 -10 -2 -3 -14
right_child=5 12 3 -5 -6 6 9 -9 10 -11 -12 -13 13 -15
leaf_value=0.022295964550682619 0.034754614219206073 0.0054947991445300519 -0.040355438701324013 0.015822966008883867 0.0015185145947356389 -0.053674840552942762 -0.01541832545279446 0.053580839902268099 -0.010546356024139593 0.024169718129074598 -0.030107266919982497 -0.012858188120540038 0.0094615886929317206 0.05556338144547647
leaf_weight=200.93334800004959 23.428407152183354 8.6898818463087064 77.402339845895767 54.565677359700203 602.11563454568386 4.706328658387064 142.60855687828735 37.576183818280697 159.22043691622093 26.337276147212833 148.02509035076946 14.427380440756677 6.1084843948483458 29.325275458395481
leaf_count=999 306 44 342 260 2766 65 2487 582 2775 405 2575 178 46 271
internal_value=-0.000247184 0.00498805 0.00334758 -0.0171827 0.00673857 -0.0093749 0.000976254 0.0406783 -0.015966 -0.00914097 -0.0200375 0.0167448 0.0400118 0.0480936
internal_weight=1535.47 979.141 935.017 131.968 803.049 556.33 211.228 42.2825 345.101 168.946 307.246 37.8558 44.1236 35.4338
internal_count=14101 4728 4367 602 3765 9373 3539 647 5834 2892 5350 484 361 317
cat_boundaries=0 1
cat_threshold=9
is_linear=0
shrinkage=0.05


Tree=81
num_leaves=12
num_cat=2
split_feature=0 35 39 40 39 44 43 4 26 1 40
split_gain=26.4168 16.9746 21.3541 16.9151 45.0998 33.9335 9.54397 6.75778 3.2885 3.11009 1.03808
threshold=0 88.437500000000014 21.850000000000005 66.050000000000011 17.650000000000002 45.20000000000001 35.100000000000001 -0.99054481509840819 13.15 1 115.65000000000002
decision_type=1 2 2 2 2 2 2 2 2 1 2
left_child=7 3 8 5 -5 -2 -4 9 -3 10 -1
right_child=1 2 6 4 -6 -7 -8 -9 -10 -11 -12
leaf_value=-0.012763222231776889 0.0012784953604959444 -0.011812983179980342 0.018650893084884889 -0.022761254394573532 0.017795160442285674 -0.03010594723594422 -0.057439388412863869 -0.04918464367158721 -0.066454362742919132 -0.039259789416563669 0.026747611044012066
leaf_weight=1.6114131510257701 883.30144218541682 3.6976535730063942 21.589458797127012 83.94726842828095 355.71549864858389 94.424606926739216 4.0467308461666098 38.491030022501945 21.369620382785797 2.678504484705627 5.0143417119979858
leaf_count=62 5640 21 128 525 2221 647 23 4473 136 84 23
internal_value=-0.000460034 0.000852827 -0.0272829 0.00188385 0.0100174 -0.00178014 0.00493436 -0.0333229 -0.0591566 -0.00163797 0.0167248
internal_weight=1515.89 1468.09 50.7035 1417.39 439.663 977.726 25.6362 47.7953 25.0673 9.30426 6.62575
internal_count=13983 9341 308 9033 2746 6287 151 4642 157 169 85
cat_boundaries=0 1 2
cat_threshold=48 1
is_linear=0
shrinkage=0.05


Tree=82
num_leaves=15
num_cat=2
split_feature=0 34 34 33 5 2 35 33 38 23 37 1 20 4
split_gain=28.4683 23.1317 26.7903 34.7513 25.0804 15.8704 15.8369 14.2649 11.9286 11.4918 3.49641 7.60606 3.96372 2.96997
threshold=0 25.350000000000005 24.550000000000004 33.95000000000001 0.74298546529340237 9.5000000000000018 87.961309500000013 30.850000000000005 5.2648805000000012 82.500000000000014 31.500000000000004 1 33.350000000000001 -0.99630266176052629
decision_type=1 2 2 2 2 2 2 2 2 2 2 1 2 2
left_child=1 2 4 -4 -1 8 7 -7 -2 -10 11 -3 -12 -8
right_child=5 10 3 -5 -6 6 13 -9 9 -11 12 -13 -14 -15
leaf_value=0.012933961741058226 0.067731812046212467 0.052491793376776091 -0.038842733398865015 0.013142418146246199 -0.0067701014929339182 -0.043008386358371981 -0.0047281065077180639 0.017470816195736271 0.024213728885666787 -0.016432183105719436 -0.0053876374931658795 -0.035774863293435925 0.053825214374589009 -0.047000783462713941
leaf_weight=567.17491146922112 3.4713745703920713 3.9812418520450583 75.492779411375523 54.771893449127674 224.89924016594887 9.715361616574226 6.1284332778304842 112.52377331769094 17.343253364786506 388.99882865231484 2.9153968170285216 3.8303904086351395 30.471622966229916 13.709071469027547
leaf_count=2738 53 22 335 262 995 134 47 1479 329 7067 20 18 290 224
internal_value=0.000315651 0.00548231 0.00387851 -0.0170511 0.00733777 -0.00864122 0.00557366 0.0123541 -0.0137812 -0.0146422 0.041744 0.0100626 0.0486484 -0.034795
internal_weight=1515.43 963.537 922.339 130.265 792.074 551.89 142.077 122.239 409.813 406.342 41.1987 7.81163 33.387 19.8375
internal_count=14013 4680 4330 597 3733 9333 1884 1613 7449 7396 350 40 310 271
cat_boundaries=0 1 2
cat_threshold=9 1
is_linear=0
shrinkage=0.05


Tree=83
num_leaves=12
num_cat=3
split_feature=0 1 6 5 8 35 32 5 4 1 40
split_gain=25.3394 19.3614 20.4982 35.7862 22.2797 11.115 15.299 8.20078 7.46425 3.48758 1.20499
threshold=0 1 2.5000000000000004 -0.83375966452616657 30.650000000000002 88.276786000000016 26.401488000000004 -0.91595872546125101 -0.99054481509840819 2 115.65000000000002
decision_type=1 1 2 2 2 2 2 2 2 1 2
left_child=8 2 3 -2 -4 6 -3 -7 9 10 -1
right_child=1 5 4 -5 -6 7 -8 -9 -10 -11 -12
leaf_value=-0.013072605606246887 -0.071923570671285339 0.014958974829368971 -0.0035766173596723421 0.00015559382185835428 0.017899400938484879 0.02511223037387162 -0.0060706771880021868 -0.047223823077925942 -0.049100589000224466 -0.039487723675999273 0.029323601350250219
leaf_weight=1.6283912695944289 18.438368337228894 100.2469946667552 169.95718615688384 150.86194629129022 413.76497132889926 4.0543727613985565 593.10767086781561 22.232985131442547 36.737412097863853 2.769928952679038 5.2846261858940125
leaf_count=62 112 591 1008 953 2651 25 3911 147 4521 90 24
internal_value=0.000344699 0.00160133 0.00721218 -0.00807073 0.011651 -0.00424942 -0.00301299 -0.0355558 -0.0322511 9.94143e-05 0.018947
internal_weight=1519.08 1472.66 753.022 169.3 583.722 719.642 693.355 26.2874 46.4204 9.68295 6.91302
internal_count=14095 9398 4724 1065 3659 4674 4502 172 4697 176 86
cat_boundaries=0 1 2 3
cat_threshold=48 1 1
is_linear=0
shrinkage=0.05


Tree=84
num_leaves=11
num_cat=0
split_feature=10 36 4 21 33 21 33 10 4 20
split_gain=14.9873 16.2294 29.9742 26.1803 25.6677 26.0772 25.3812 15.2682 13.7297 1.3876
threshold=90.645833500000023 95.500000000000014 0.9893236546938301 24.150000000000002 33.850000000000001 24.550000000000004 36.750000000000007 91.500000000000014 0.35846314187849704 30.750000000000004
decision_type=2 2 2 2 2 2 2 2 2 2
left_child=1 2 3 -1 5 -3 -4 9 -6 -2
right_child=7 4 6 -5 8 -7 -8 -9 -10 -11
leaf_value=-0.016748932977005339 -0.031371188334689631 0.0044226522976351847 -0.10262199651360718 0.013098666732176462 0.055628439116799905 -0.01631852857002777 -0.011363163544383409 0.03934234402795167 0.015245530899976753 -0.073102446075315547
leaf_weight=170.5755373951979 5.2190588079392972 785.49595471890643 13.936418169643732 127.53737934306264 23.424489424098283 186.71134999440983 16.12854300905019 3.9658032474108031 165.77731334231794 11.007539463229476
leaf_count=1631 54 6882 129 1370 231 1724 181 33 1738 94
internal_value=0.000345211 0.000938591 -0.00886292 -0.00397856 0.00371343 0.000426656 -0.0556073 -0.041407 0.0205114 -0.0622804
internal_weight=1509.78 1489.59 328.178 298.113 1161.41 972.207 30.065 20.1924 189.202 16.2266
internal_count=14067 13886 3311 3001 10575 8606 310 181 1969 148
is_linear=0
shrinkage=0.05


Tree=85
num_leaves=13
num_cat=3
split_feature=0 34 1 5 4 43 1 4 26 11 40 15
split_gain=24.3565 18.066 17.6526 16.8294 15.6383 12.0497 5.21857 4.40169 3.93892 3.6206 0.948023 0.351127
threshold=0 20.250000000000004 1 0.97263757644091864 0.99374995976406788 43.800000000000004 2 -0.99054481509840819 21.100000000000005 98.500000000000014 138.35000000000005 10.850000000000003
decision_type=1 2 1 2 2 2 1 2 2 2 2 2
left_child=7 3 4 8 -3 -4 -5 9 -2 10 -1 -11
right_child=1 2 5 6 -6 -7 -8 -9 -10 11 -12 -13
leaf_value=-0.047170077420472176 -0.051200486359244707 0.0083143932105489201 -0.0034862000128260576 -0.014603737748173105 -0.030696087471522516 -0.056669338377105187 0.047633277037429235 -0.049011795818271232 0.0058191515049880937 0.03213135624563656 0.00082109929151859794 0.003595223711225966
leaf_weight=3.3263658713549358 32.975443258881569 687.03270716313273 687.68694729171693 5.4070334136486036 25.720062747597694 9.824523935094474 6.5678084045648575 34.8797447248362 3.1139447577297679 2.273015215061605 1.3058927133679388 2.0286904377862811
leaf_count=99 221 4300 4462 31 187 76 36 4498 21 38 8 26
internal_value=-0.000936245 0.000297651 0.00133643 -0.0295267 0.00686564 -0.00431535 0.0205716 -0.0336532 -0.0462563 -0.00866989 -0.0358971 0.0218902
internal_weight=1502.14 1458.33 1410.26 48.0642 712.753 697.511 11.9748 43.8137 36.0894 8.93396 4.63226 4.30171
internal_count=14003 9334 9025 309 4487 4538 67 4669 242 171 107 64
cat_boundaries=0 1 2 3
cat_threshold=48 1 1
is_linear=0
shrinkage=0.05


Tree=86
num_leaves=15
num_cat=1
split_feature=0 33 4 4 32 4 38 32 43 39 44 34 4 39
split_gain=25.8472 17.4574 41.157 34.848 24.0124 41.6001 25.0556 14.5664 11.1164 12.8114 19.949 8.48879 11.233 6.4534
threshold=0 31.250000000000004 -0.97113884758256674 -0.59869031648930193 26.446726000000002 0.2603727204637144 6.3949405000000015 26.401488000000004 20.050000000000004 26.050000000000004 45.20000000000001 23.350000000000005 -0.84315017450793706 13.250000000000002
decision_type=1 2 2 2 2 2 2 2 2 2 2 2 2 2
left_child=1 2 7 -4 5 -3 -6 -1 9 13 -11 12 -10 -2
right_child=8 4 3 -5 6 -7 -8 -9 11 10 -12 -13 -14 -15
leaf_value=0.062871542296865854 0.029254700688803949 0.037829712474392263 -0.058693185258586668 -0.0040643748599308756 0.019212805031106291 -0.034047141048636931 -0.0019893449045831671 -0.031367232636052476 0.065943285789111156 0.099565851322100135 -0.042163345415629008 -0.014220205157184593 -0.022003981587377399 -0.041767731965415722
leaf_weight=19.0917616263032 2.6664285208098581 103.40960624441504 48.87723396718502 70.784827262163162 163.19540648907423 24.110042802989483 919.74850666895509 4.4927483946084967 7.5133068561553955 3.6023625200614315 4.5218839189037681 52.971172511111945 5.6524720876477641 73.918172283098102
leaf_count=95 93 505 238 335 808 133 4882 24 151 132 306 1734 266 4410
internal_value=-0.000570839 0.00167766 -0.0147546 -0.0266796 0.00364669 0.0240808 0.00122051 0.0443738 -0.0194565 -0.0326277 0.0247053 -0.00524996 0.029297 -0.0389498
internal_weight=1504.56 1353.71 143.247 119.662 1210.46 127.52 1082.94 23.5845 150.846 84.7088 8.12425 66.137 13.1658 76.5846
internal_count=14112 7020 692 573 6328 638 5690 119 7092 4941 438 2151 417 4503
cat_boundaries=0 1
cat_threshold=13
is_linear=0
shrinkage=0.05


end of trees

feature_importances:
age_group=166
day_of_year_sin=132
wind_speed_max_7d=94
temperature_min_7d=86
gender=76
rain_max_daily_7d=68
day_of_year_cos=64
precipitation_sum_7d=64
wind_gust_max_7d=62
humidity_min_7d=39
month=36
temperature_mean_7d=27
temperature_max_7d=24
wind_speed_max_3d=18
humidity_mean_7d=18
wind_speed_mean_7d=17
humidity_max_7d=13
rain_max_daily_3d=12
temperature_max_current=10
humidity_mean_current=10
temperature_min_current=9
temperature_max_3d=8
humidity_mean_3d=8
weather_code_current=7
wind_speed_mean_current=6
temperature_min_3d=6
rain_sum_7d=5
humidity_min_3d=4
humidity_min_current=3
wind_speed_max_current=3
wind_gust_max_current=3
temperature_mean_3d=3
humidity_max_3d=3
wind_speed_mean_3d=3
precipitation_sum_3d=2
humidity_max_current=1
precipitation_sum_current=1
rain_days_7d=1

parameters:
[boosting: gbdt]
[objective: binary]
[metric: binary_logloss]
[tree_learner: serial]
[device_type: cpu]
[data_sample_strategy: bagging]
[data: ]
[valid: ]
[num_iterations: 87]
[learning_rate: 0.05]
[num_leaves: 15]
[num_threads: 8]
[seed: 42]
[deterministic: 0]
[force_col_wise: 0]
[force_row_wise: 0]
[histogram_pool_size: -1]
[max_depth: 4]
[min_data_in_leaf: 20]
[min_sum_hessian_in_leaf: 0.001]
[bagging_fraction: 0.9]
[pos_bagging_fraction: 1]
[neg_bagging_fraction: 1]
[bagging_freq: 1]
[bagging_seed: 400]
[bagging_by_query: 0]
[feature_fraction: 0.9]
[feature_fraction_bynode: 1]
[feature_fraction_seed: 30056]
[extra_trees: 0]
[extra_seed: 12879]
[early_stopping_round: 0]
[early_stopping_min_delta: 0]
[first_metric_only: 0]
[max_delta_step: 0]
[lambda_l1: 0]
[lambda_l2: 1]
[linear_lambda: 0]
[min_gain_to_split: 0]
[drop_rate: 0.1]
[max_drop: 50]
[skip_drop: 0.5]
[xgboost_dart_mode: 0]
[uniform_drop: 0]
[drop_seed: 17869]
[top_rate: 0.2]
[other_rate: 0.1]
[min_data_per_group: 100]
[max_cat_threshold: 32]
[cat_l2: 10]
[cat_smooth: 10]
[max_cat_to_onehot: 4]
[top_k: 20]
[monotone_constraints: ]
[monotone_constraints_method: basic]
[monotone_penalty: 0]
[feature_contri: ]
[forcedsplits_filename: ]
[refit_decay_rate: 0.9]
[cegb_tradeoff: 1]
[cegb_penalty_split: 0]
[cegb_penalty_feature_lazy: ]
[cegb_penalty_feature_coupled: ]
[path_smooth: 0]
[interaction_constraints: ]
[verbosity: -1]
[saved_feature_importance_type: 0]
[use_quantized_grad: 0]
[num_grad_quant_bins: 4]
[quant_train_renew_leaf: 0]
[stochastic_rounding: 1]
[linear_tree: 0]
[max_bin: 255]
[max_bin_by_feature: ]
[min_data_in_bin: 3]
[bin_construct_sample_cnt: 200000]
[data_random_seed: 175]
[is_enable_sparse: 1]
[enable_bundle: 1]
[use_missing: 1]
[zero_as_missing: 0]
[feature_pre_filter: 1]
[pre_partition: 0]
[two_round: 0]
[header: 0]
[label_column: ]
[weight_column: ]
[group_column: ]
[ignore_column: ]
[categorical_feature: 0,1,3]
[forcedbins_filename: ]
[precise_float_parser: 0]
[parser_config_file: ]
[objective_seed: 16083]
[num_class: 1]
[is_unbalance: 0]
[scale_pos_weight: 1]
[sigmoid: 1]
[boost_from_average: 1]
[reg_sqrt: 0]
[alpha: 0.9]
[fair_c: 1]
[poisson_max_delta_step: 0.7]
[tweedie_variance_power: 1.5]
[lambdarank_truncation_level: 30]
[lambdarank_norm: 1]
[label_gain: ]
[lambdarank_position_bias_regularization: 0]
[eval_at: ]
[multi_error_top_k: 1]
[auc_mu_weights: ]
[num_machines: 1]
[local_listen_port: 12400]
[time_out: 120]
[machine_list_filename: ]
[machines: ]
[gpu_platform_id: -1]
[gpu_device_id: -1]
[gpu_device_id_list: ]
[gpu_use_dp: 0]
[num_gpu: 1]

end of parameters

pandas_categorical:[]
