tree
version=v4
num_class=1
num_tree_per_iteration=1
label_index=0
max_feature_idx=44
objective=binary sigmoid:1
feature_names=age_group gender month season day_of_year_sin day_of_year_cos weather_code_current temperature_mean_current temperature_max_current temperature_min_current humidity_mean_current humidity_max_current humidity_min_current wind_speed_mean_current wind_speed_max_current precipitation_sum_current rain_sum_current wind_gust_max_current rain_day_current temperature_mean_3d temperature_max_3d temperature_min_3d humidity_mean_3d humidity_max_3d humidity_min_3d wind_speed_mean_3d wind_speed_max_3d precipitation_sum_3d rain_sum_3d rain_days_3d rain_max_daily_3d wind_gust_max_3d temperature_mean_7d temperature_max_7d temperature_min_7d humidity_mean_7d humidity_max_7d humidity_min_7d wind_speed_mean_7d wind_speed_max_7d precipitation_sum_7d rain_sum_7d rain_days_7d rain_max_daily_7d wind_gust_max_7d
feature_infos=-1:0:1:2:3:4:5 -1:0:1 [1:12] -1:1:0 [-0.99999942202469239:0.99998555065071859] [-0.99997919295908244:0.9999907524084426] [0:61] [23.658332999999999:32.533332999999999] [25.899999999999999:39.200000000000003] [17.899999999999999:29.300000000000001] [48.958333000000003:91.625] [63:100] [23:86] [2.8541669999999999:19.695833] [6.4000000000000004:30.100000000000001] [0:63.100000000000001] [0:63.100000000000001] [14:56.899999999999999] [0:1] [23.766667000000002:32.427778000000004] [27.699999999999999:39.200000000000003] [17.899999999999999:28.100000000000001] [52.569443999999997:90.694444000000004] [73:100] [23:79] [4.125:17.329167000000002] [9.6999999999999993:30.100000000000001] [0:93.900000000000006] [0:93.900000000000006] [0:3] [0:63.100000000000001] [17.300000000000001:56.899999999999999] [24.365476000000001:32.235118999999997] [28.699999999999999:39.200000000000003] [17.899999999999999:27.5] [55.767856999999999:89.523809999999997] [77:100] [23:72] [4.5327380000000002:15.469643] [11.6:30.100000000000001] [0:163.90000000000001] [0:163.90000000000001] [0:7] [0:63.100000000000001] [23:56.899999999999999]
tree_sizes=1144 1171 1192 1070 1297 1086 1212 1290 1175 1293 1298 1406 1406 1287 1304 1412 1411 1535 1411 1425 1408 1395 1519 1413 1638 1616 1500 1526 1513 1514 1518 1504 1516 1738 1417 1412 1406 1740 1517 1540 1308 1411 1405 1499 1413 1303 1399 1416 1302 1537 1389 1629 1422 1744 1296 1298 1316 1429 1421 1199 1505 1410 1738 1211 1302 1420 1523 1740 1421 1205 1323 1295 1415 1518 1285 1215 1207 1412 1654 1424 1761 1409 1511 1215 1729 1300 1510 1085 1630 1420 1405 1325 1747 1424 1424 1119 1522 1641 1525 1126 1312 990 1436

Tree=0
num_leaves=10
num_cat=4
split_feature=1 0 0 3 44 2 42 43 35
split_gain=4288.69 3802.66 502.553 159.697 121.051 6.98411 26.8589 0.863129 0.209983
threshold=0 1 2 3 52.000000000000007 11.500000000000002 5.5000000000000009 32.550000000000004 88.770833500000023
decision_type=1 1 1 1 2 2 2 2 2
left_child=1 5 3 -3 -4 7 -7 -1 -2
right_child=8 2 4 -5 -6 6 -8 -9 -10
leaf_value=-1.2252883830237722 -1.2284544566953679 -1.0720846700073854 -1.0094490566450052 -1.1596833571368912 -1.1956920278659631 -1.2256101544531719 -1.1179219635230255 -1.2119842479722203 -1.21279116348491
leaf_weight=356.81597104668617 1254.0258301198483 119.36192625761032 623.11279132962227 91.788958489894867 8.5258518755435926 19.409918099641803 7.2560441493988028 35.554616332054138 18.68431368470192
leaf_count=1967 6913 658 3435 506 47 107 40 196 103
internal_value=-1.16353 -1.09823 -1.03794 -1.11236 -1.01436 -1.2211 -1.19573 -1.22421 -1.22826
internal_weight=2534.54 1261.83 842.79 211.151 631.639 419.037 26.666 392.371 1272.71
internal_count=13972 6956 4646 1164 3482 2310 147 2163 7016
cat_boundaries=0 1 2 3 4
cat_threshold=1 48 2 2
is_linear=0
shrinkage=1


Tree=1
num_leaves=10
num_cat=4
split_feature=1 0 0 3 44 2 43 43 35
split_gain=3865 3271.63 420.733 132.973 103.123 7.25534 8.43775 1.81266 0.273494
threshold=0 1 2 3 52.750000000000007 10.500000000000002 11.750000000000002 32.550000000000004 88.770833500000023
decision_type=1 1 1 1 2 2 2 2 2
left_child=1 5 3 -3 -4 7 -7 -1 -2
right_child=8 2 4 -5 -6 6 -8 -9 -10
leaf_value=-0.062162751132637174 -0.06420694155220856 0.07992179509769827 0.13677268387092786 0.00045691498424106245 -0.032761053906195312 -0.021833310214058866 -0.062080952913001065 -0.046133323508238726 -0.048158935123164326
leaf_weight=322.1719109416008 1195.0201386809349 125.9556435495615 675.70053136348724 89.958962202072144 8.7369895428419095 31.764139965176582 23.378880336880684 34.465989321470261 17.843817487359047
leaf_count=1836 6822 663 3452 495 49 179 133 195 101
internal_value=0.00030432 0.0597571 0.112386 0.0448983 0.132629 -0.0566587 -0.0396989 -0.060747 -0.0640107
internal_weight=2525 1312.13 900.352 215.915 684.438 411.781 55.143 356.638 1212.86
internal_count=13925 7002 4659 1158 3501 2343 312 2031 6923
cat_boundaries=0 1 2 3 4
cat_threshold=1 48 2 2
is_linear=0
shrinkage=0.05


Tree=2
num_leaves=10
num_cat=3
split_feature=1 0 0 5 38 2 43 43 35
split_gain=3627.05 2825.43 284.302 95.4496 92.039 7.01044 8.30215 1.7988 0.036602
threshold=0 1 2 -0.61236746317008228 14.349107500000001 10.500000000000002 11.750000000000002 32.550000000000004 89.020833500000023
decision_type=1 1 1 2 2 2 2 2 2
left_child=1 5 3 -3 -4 7 -7 -1 -2
right_child=8 2 4 -5 -6 6 -8 -9 -10
leaf_value=-0.061160600254857193 -0.063380169290474353 0.094194014483252986 0.12178871017576409 0.024904646561711076 -0.059170996769848966 -0.021067225145933385 -0.061185711339439279 -0.045109638679307881 -0.043357656583707459
leaf_weight=307.48304331302643 1182.1537300795317 74.39073520898819 724.83456322550774 149.11513590812683 6.5440636277198783 31.411188781261444 23.08456614613533 33.775749683380127 9.2908705472946149
leaf_count=1814 6994 377 3492 795 34 179 136 196 54
internal_value=0.000300871 0.0563759 0.102281 0.0462245 0.118473 -0.0555425 -0.0388578 -0.0597084 -0.0632605
internal_weight=2542.08 1350.64 954.884 223.506 731.379 395.755 54.4958 341.259 1191.44
internal_count=14071 7023 4698 1172 3526 2325 315 2010 7048
cat_boundaries=0 1 2 3
cat_threshold=1 48 2
is_linear=0
shrinkage=0.05


Tree=3
num_leaves=9
num_cat=4
split_feature=1 0 0 3 36 2 43 43
split_gain=3245.98 2432.21 231.897 88.168 74.4057 6.1401 6.61295 0.455205
threshold=0 1 2 3 98.500000000000014 10.500000000000002 11.750000000000002 32.550000000000004
decision_type=1 1 1 1 2 2 2 2
left_child=1 5 3 -3 -4 7 -7 -1
right_child=-2 2 4 -5 -6 6 -8 -9
leaf_value=-0.060272462627126391 -0.062317063219881209 0.069171063645966521 0.09258555821989721 0.0056850770383940936 0.12475562361997215 -0.023112487216417111 -0.060191174562286044 -0.047655537518554968
leaf_weight=299.26331493258476 1152.1523204445839 134.79740309715271 410.19400142133236 91.884951233863831 355.4141651391983 30.84756501019001 21.302384212613106 31.245743483304977
leaf_count=1829 7070 664 1890 499 1634 178 130 186
internal_value=-0.000441929 0.0514145 0.0921534 0.0417419 0.106277 -0.0551563 -0.039106 -0.059227
internal_weight=2527.1 1374.95 992.291 226.682 765.608 382.659 52.1499 330.509
internal_count=14080 7010 4687 1163 3524 2323 308 2015
cat_boundaries=0 1 2 3 4
cat_threshold=1 48 2 2
is_linear=0
shrinkage=0.05


Tree=4
num_leaves=11
num_cat=3
split_feature=1 0 0 5 44 2 42 39 35 33
split_gain=2922.46 2121.63 211.955 79.7733 72.1123 8.46011 33.0107 3.94835 0.464339 0.261988
threshold=0 1 2 -0.6391983530350368 52.000000000000007 11.500000000000002 5.5000000000000009 13.250000000000002 88.770833500000023 31.050000000000004
decision_type=1 1 1 2 2 2 2 2 2 2
left_child=1 5 3 -3 -4 7 -7 -1 -2 -10
right_child=8 2 4 -5 -6 6 -8 -9 9 -11
leaf_value=-0.0031600205253771679 -0.061634336451822695 0.080892557947663798 0.10002568144274269 0.018536410770441818 -0.0335977177997272 -0.060251653425265894 0.065044265391807563 -0.058230011729859289 -0.028275881930208475 -0.052129099958773385
leaf_weight=3.4049128443002692 1085.7682523280382 75.098307654261589 783.09166513383389 160.00504745543003 9.784015163779257 17.541685581207279 6.4143468737602225 345.30626384913921 6.6278491020202663 9.7887054681777936
leaf_count=21 6919 355 3469 830 51 104 36 2179 41 61
internal_value=-0.000546102 0.0473679 0.0839355 0.0371399 0.0971133 -0.0542508 -0.025441 -0.0577029 -0.0614225 -0.0446753
internal_weight=2502.83 1400.65 1027.98 235.103 792.876 372.667 23.956 348.711 1102.18 16.4166
internal_count=14066 7045 4705 1185 3520 2340 140 2200 7021 102
cat_boundaries=0 1 2 3
cat_threshold=1 48 2
is_linear=0
shrinkage=0.05


Tree=5
num_leaves=9
num_cat=3
split_feature=1 0 0 34 34 2 43 43
split_gain=2742.54 1887.31 179.149 71.015 65.9127 6.70048 7.12576 1.52342
threshold=0 1 2 20.950000000000003 20.850000000000005 10.500000000000002 11.750000000000002 32.550000000000004
decision_type=1 1 1 2 2 2 2 2
left_child=1 5 3 -3 -4 7 -7 -1
right_child=-2 2 4 -5 -6 6 -8 -9
leaf_value=-0.058631920458113745 -0.060815258442953248 -0.062530136883500842 0.039529574569669948 0.04438098221495871 0.095628811702830024 -0.01941531211728929 -0.058663506355167643 -0.042853441283030272
leaf_weight=278.57505016028881 1058.6296675950289 15.845826119184492 58.305717751383781 219.78280153870583 761.85965211689472 29.764444440603256 19.732579410076141 30.615386217832565
leaf_count=1829 7005 85 251 1083 3288 177 129 194
internal_value=1.56938e-05 0.0455537 0.0787789 0.0354589 0.0905905 -0.0529106 -0.0359139 -0.0572128
internal_weight=2473.11 1414.48 1055.79 235.629 820.165 358.687 49.497 309.19
internal_count=14041 7036 4707 1168 3539 2329 306 2023
cat_boundaries=0 1 2 3
cat_threshold=1 48 2
is_linear=0
shrinkage=0.05


Tree=6
num_leaves=10
num_cat=1
split_feature=1 34 44 6 36 34 38 4 35
split_gain=2493.98 79.1238 70.1805 57.9453 43.6806 13.1581 10.1227 1.71771 0.322349
threshold=0 20.850000000000005 52.000000000000007 2.5000000000000004 96.500000000000014 20.250000000000004 8.1711310000000008 -0.95244167294248061 89.020833500000023
decision_type=1 2 2 2 2 2 2 2 2
left_child=1 4 3 -3 5 -1 -6 -4 -2
right_child=8 2 7 -5 6 -7 -8 -9 -10
leaf_value=-0.069144333324643537 -0.06021243031075988 0.026790567825341095 -0.023781173610102593 0.052331591793058199 0.03692357649074747 -0.010239480708965069 -0.01114363636327817 -0.062164697560498375 -0.037895986527861358
leaf_weight=20.259930998086929 1017.5544813871384 288.3784936517477 6.1654633581638363 1018.6867369115353 44.588370934128761 17.841040134429932 13.900623157620428 11.730322584509848 7.9358972609043112
leaf_count=104 7002 1436 33 5006 224 92 70 64 52
internal_value=-0.000678624 0.0421827 0.0453653 0.0467213 -0.00149285 -0.042529 0.0255045 -0.0508992 -0.0600768
internal_weight=2447.04 1421.55 1324.96 1307.07 96.59 38.101 58.489 17.8958 1025.49
internal_count=14083 7029 6539 6442 490 196 294 97 7054
cat_boundaries=0 1
cat_threshold=1
is_linear=0
shrinkage=0.05


Tree=7
num_leaves=11
num_cat=4
split_feature=1 0 0 3 36 5 4 35 5 33
split_gain=2288.34 1667.46 155.801 66.87 61.4845 3.28319 26.6065 0.850704 0.579545 0.422646
threshold=0 1 2 3 95.500000000000014 0.79773375822167203 -0.37447345805034538 88.770833500000023 -0.94137724084408114 31.050000000000004
decision_type=1 1 1 1 2 2 2 2 2 2
left_child=1 5 3 -3 -4 8 -7 -2 -1 -9
right_child=7 2 4 -5 -6 6 -8 9 -10 -11
leaf_value=-0.048038160698291761 -0.059611246521387211 0.053278876758605244 0.056878901504434837 -4.4835230244318755e-05 0.089599693728582161 0.017444353240163381 -0.058932827138239809 -0.022844393800867085 -0.059188965809425502 -0.048458123911087031
leaf_weight=44.396549493074417 971.11908270418644 148.26551842689514 194.61300477385521 96.998336851596832 639.48398342728615 13.843513950705526 54.743627563118935 5.8163223713636389 243.18973670899868 8.0924190282821638
leaf_count=292 6953 673 820 505 2669 81 356 39 1602 56
internal_value=-0.000720245 0.0395406 0.0701252 0.0310161 0.0810717 -0.053545 -0.0434878 -0.0593751 -0.05764 -0.0399978
internal_weight=2420.56 1435.53 1079.36 245.264 834.097 356.173 68.5871 985.028 287.586 13.9087
internal_count=14046 6998 4667 1178 3489 2331 437 7048 1894 95
cat_boundaries=0 1 2 3 4
cat_threshold=1 48 2 2
is_linear=0
shrinkage=0.05


Tree=8
num_leaves=10
num_cat=4
split_feature=1 0 0 3 2 2 42 5 35
split_gain=2094.4 1492.26 138.785 64.8256 58.5571 3.59378 18.278 1.71268 1.21264
threshold=0 1 2 3 9.5000000000000018 11.500000000000002 5.5000000000000009 -0.94137724084408114 89.413690500000016
decision_type=1 1 1 1 2 2 2 2 2
left_child=1 5 3 -3 -4 7 -7 -1 -2
right_child=8 2 4 -5 -6 6 -8 -9 -10
leaf_value=-0.043172979369955615 -0.058810703517829001 0.049815818300868203 0.069228081113053119 -0.0027160102123968718 0.10216611501095484 -0.059013953204262386 0.034439498037939491 -0.057251232486218932 -0.016487908849240861
leaf_weight=41.749712854623795 939.77960561215878 150.75411134958267 680.72003915905952 95.640506356954575 175.60208424925804 17.21942995488644 6.5757042914628974 281.92518791556358 2.6287110149860373
leaf_count=283 6999 672 2809 498 719 108 35 1930 18
internal_value=-0.000714945 0.036988 0.065128 0.0283505 0.0752165 -0.0526062 -0.032841 -0.0555739 -0.0587103
internal_weight=2392.6 1450.19 1102.72 246.395 856.322 347.47 23.7951 323.675 942.408
internal_count=14071 7054 4698 1170 3528 2356 143 2213 7017
cat_boundaries=0 1 2 3 4
cat_threshold=1 48 2 2
is_linear=0
shrinkage=0.05


Tree=9
num_leaves=11
num_cat=4
split_feature=1 0 0 3 44 2 43 43 33 33
split_gain=1970.94 1305.61 115.966 63.3799 60.2619 7.80679 8.77314 2.56387 0.00218961 0.524622
threshold=0 1 2 3 47.70000000000001 10.500000000000002 11.750000000000002 32.550000000000004 31.150000000000002 31.050000000000004
decision_type=1 1 1 1 2 2 2 2 2 2
left_child=1 5 3 -3 -4 7 -7 -1 9 -2
right_child=8 2 4 -5 -6 6 -8 -9 -10 -11
leaf_value=-0.056983851691614712 -0.056103916270076298 0.048847515461600662 0.075127150452235891 -0.0028839186462039854 0.019981683933280245 -0.013746678434604096 -0.057460985355362017 -0.037783825426456211 -0.058773057526729039 -0.040894444066527022
leaf_weight=256.50791685283184 52.043399855494499 153.19438634812832 799.89534679055214 95.942259684205055 53.729318514466286 28.533478513360023 19.235860958695412 27.479557737708092 837.18340313434601 24.329184979200363
leaf_count=1832 400 673 3252 500 227 175 135 186 6495 188
internal_value=-0.000884594 0.035664 0.0615168 0.0278793 0.0708545 -0.0505274 -0.0321669 -0.0552651 -0.0582516 -0.05185
internal_weight=2348.07 1434.52 1102.76 249.137 853.625 331.757 47.7693 283.987 913.556 76.3726
internal_count=14063 6980 4652 1173 3479 2328 310 2018 7083 588
cat_boundaries=0 1 2 3 4
cat_threshold=1 48 2 2
is_linear=0
shrinkage=0.05


Tree=10
num_leaves=11
num_cat=3
split_feature=1 0 0 38 34 2 43 43 35 38
split_gain=1808.28 1202.11 123.185 60.2759 54.8814 6.10941 6.41013 1.26698 1.02409 3.16026
threshold=0 1 2 14.349107500000001 20.950000000000003 10.500000000000002 11.750000000000002 32.550000000000004 88.770833500000023 6.2892860000000015
decision_type=1 1 1 2 2 2 2 2 2 2
left_child=1 5 4 -4 -3 7 -7 -1 -2 -10
right_child=8 2 3 -5 -6 6 -8 -9 9 -11
leaf_value=-0.056701822793459637 -0.057858712026391403 -0.061583074737710013 0.069258631936797599 -0.067330650807064685 0.03116751285599972 -0.018307639109355966 -0.056793026992451728 -0.041223107615811286 -0.0012697667509758469 -0.053120225167133467
leaf_weight=246.71071673184633 856.397526293993 16.180721715092659 860.29382637143135 7.4059390723705283 236.41802397370338 28.367021963000298 18.155483737587929 27.96087434887886 4.3091963827610007 8.5893889069557172
leaf_count=1831 6924 90 3475 34 1091 176 132 194 32 65
internal_value=-0.000675387 0.0336658 0.0578342 0.0672426 0.0240581 -0.0507686 -0.0342057 -0.0552814 -0.0575942 -0.0371356
internal_weight=2310.79 1441.49 1120.3 867.7 252.599 321.194 46.5225 274.672 869.296 12.8986
internal_count=14044 7023 4690 3509 1181 2333 308 2025 7021 97
cat_boundaries=0 1 2 3
cat_threshold=1 48 2
is_linear=0
shrinkage=0.05


Tree=11
num_leaves=12
num_cat=3
split_feature=1 0 0 44 34 2 37 43 35 2 14
split_gain=1687.1 1097.45 109.978 57.3156 50.5605 6.50713 6.93073 1.80857 0.48517 1.17533 0.0749575
threshold=0 1 2 52.000000000000007 20.950000000000003 10.500000000000002 54.500000000000007 32.550000000000004 88.770833500000023 10.500000000000002 7.9500000000000011
decision_type=1 1 1 2 2 2 2 2 2 2 2
left_child=1 5 4 -4 -3 7 -7 -1 10 -10 -2
right_child=8 2 3 -5 -6 6 -8 -9 9 -11 -12
leaf_value=-0.056079123233350098 -0.034866182629605967 -0.060583572391934119 0.06596665852644408 -0.045329527929561013 0.029749431703367177 -0.057562657264647793 -0.017177959916873358 -0.039059634254059034 -0.05105820918431711 -0.015048033010874077 -0.057535834852068674
leaf_weight=238.47230397164822 5.8286402970552436 15.642392113804815 865.14615592360497 11.069294244050978 238.33861587941647 16.873699337244034 29.496941417455673 27.922371983528137 6.6847171485424024 4.8344269990921021 811.45868218690157
leaf_count=1840 49 90 3474 53 1088 115 198 199 53 36 6839
internal_value=-0.000384537 0.0322652 0.0549437 0.0637835 0.0230655 -0.0497639 -0.0327784 -0.054448 -0.0571986 -0.0383544 -0.057417
internal_weight=2271.77 1442.96 1130.2 876.215 253.981 312.765 46.3706 266.395 828.806 11.5191 817.287
internal_count=14034 7057 4705 3527 1178 2352 313 2039 6977 89 6888
cat_boundaries=0 1 2 3
cat_threshold=1 48 2
is_linear=0
shrinkage=0.05


Tree=12
num_leaves=12
num_cat=3
split_feature=1 0 0 36 34 2 4 43 35 14 14
split_gain=1578.83 993.076 93.0187 54.5349 43.7785 4.14833 4.91477 1.93477 1.17504 1.01211 0.19079
threshold=0 1 2 98.500000000000014 20.950000000000003 10.500000000000002 -0.58482361983252518 32.550000000000004 88.770833500000023 13.250000000000002 7.9500000000000011
decision_type=1 1 1 2 2 2 2 2 2 2 2
left_child=1 5 4 -4 -3 7 -7 -1 10 -10 -2
right_child=8 2 3 -5 -6 6 -8 -9 9 -11 -12
leaf_value=-0.055228043537950071 -0.032836451272183063 -0.059381668547984816 0.049277848480221507 0.074617438935658476 0.028619538362373367 -0.055942506807032458 -0.020556911809461811 -0.037490426513137748 -0.012868898798548049 -0.045864083981004222 -0.05720049582162752
leaf_weight=227.63585490733385 5.3356482833623877 14.10164615511894 470.15365427732468 405.19789357483387 237.83828483521938 16.574973329901695 26.822116747498512 26.376825720071793 4.6180529594421369 7.509507454931736 779.60013741999865
leaf_count=1827 46 84 1892 1623 1076 126 173 193 36 60 6853
internal_value=-0.000478851 0.0310422 0.0522411 0.0603901 0.0225857 -0.049313 -0.0350276 -0.0535404 -0.0567891 -0.0352372 -0.0570769
internal_weight=2221.76 1424.7 1127.29 875.352 251.94 297.41 43.3971 254.013 797.063 12.1276 784.936
internal_count=13989 6994 4675 3515 1160 2319 299 2020 6995 96 6899
cat_boundaries=0 1 2 3
cat_threshold=1 48 2
is_linear=0
shrinkage=0.05


Tree=13
num_leaves=11
num_cat=4
split_feature=1 0 0 36 3 37 33 35 33 33
split_gain=1463.3 885.293 80.8337 50.0942 43.104 3.36743 16.4249 1.31362 0.345782 0.886522
threshold=0 1 2 98.500000000000014 3 45.500000000000007 35.100000000000009 89.413690500000016 31.150000000000002 31.050000000000004
decision_type=1 1 1 2 1 2 2 2 2 2
left_child=1 5 4 -4 -3 -1 -7 8 9 -2
right_child=7 2 3 -5 -6 6 -8 -9 -10 -11
leaf_value=-0.057674680430078673 -0.053689021951135202 0.038296059827922807 0.046039314655877406 0.070243762434420168 -0.0039717739917357556 -0.047512319192203605 0.035521927831719639 -0.01274917719289962 -0.056892145789736205 -0.035898023391914821
leaf_weight=102.34125812351704 42.9750662073493 158.2596260458231 477.72192387282848 403.82735253870487 96.806716650724411 180.71032252162695 5.4688198566436759 2.4109021425247184 704.75322359800339 20.317884460091591
leaf_count=847 389 670 1919 1619 496 1439 44 18 6463 182
internal_value=-0.000682075 0.0293263 0.0489599 0.0565533 0.0214629 -0.0479562 -0.0448965 -0.0561555 -0.056275 -0.0486251
internal_weight=2195.59 1425.14 1136.62 881.549 255.066 288.52 186.179 770.457 768.046 63.293
internal_count=14086 7034 4704 3538 1166 2330 1483 7052 7034 571
cat_boundaries=0 1 2 3 4
cat_threshold=1 48 2 2
is_linear=0
shrinkage=0.05


Tree=14
num_leaves=11
num_cat=3
split_feature=1 0 0 35 34 2 43 5 35 2
split_gain=1381.53 824.742 79.053 55.4034 41.7055 5.80962 6.29358 2.55188 0.358985 0.882737
threshold=0 1 2 58.705357000000014 20.950000000000003 10.500000000000002 11.750000000000002 -0.94703994556331683 88.770833500000023 10.500000000000002
decision_type=1 1 1 2 2 2 2 2 2 2
left_child=1 5 4 -4 -3 7 -7 -1 -2 -10
right_child=8 2 3 -5 -6 6 -8 -9 9 -11
leaf_value=-0.036750975887863045 -0.05609473893583003 -0.058735613808395516 -0.046283813644188071 0.057009830958637799 0.026197731248764823 -0.014564949851243984 -0.054800733385402658 -0.054592213173671744 -0.050140500957592204 -0.018113409842115912
leaf_weight=32.230226047337055 722.74931468069553 14.431435346603392 12.476438403129576 864.81571692228317 243.67481738328934 25.879861190915108 15.662942573428152 204.74926505237818 6.7396103739738447 5.3530991449952126
leaf_count=270 6916 89 50 3476 1087 174 129 1760 59 42
internal_value=-0.000288428 0.0286105 0.0473132 0.0548651 0.0204512 -0.0475203 -0.0306667 -0.0523304 -0.0558567 -0.0384293
internal_weight=2148.76 1413.92 1135.4 877.292 258.106 278.522 41.5428 236.979 734.842 12.0927
internal_count=14052 7035 4702 3526 1176 2333 303 2030 7017 101
cat_boundaries=0 1 2 3
cat_threshold=1 48 2
is_linear=0
shrinkage=0.05


Tree=15
num_leaves=12
num_cat=3
split_feature=1 0 0 35 5 2 37 5 22 33 14
split_gain=1268.75 757.688 72.4076 47.8893 40.4558 6.66764 7.16263 0.833443 0.518605 1.82906 0.470369
threshold=0 1 2 58.705357000000014 -0.6523320455745395 10.500000000000002 54.500000000000007 -0.30982845708428081 89.611111000000008 31.350000000000005 7.9500000000000011
decision_type=1 1 1 2 2 2 2 2 2 2 2
left_child=1 5 4 -4 -3 7 -7 -1 10 -10 -2
right_child=8 2 3 -5 -6 6 -8 -9 9 -11 -12
leaf_value=-0.047680149953057804 -0.027614546603043841 0.047410670415265053 -0.043465926895639287 0.053530713154998383 0.005337407939909309 -0.055779075376355174 -0.012909975172349665 -0.056782466626666916 0.002523009978913888 -0.047548482940362034 -0.055930424787754389
leaf_weight=115.69682092219591 4.3847837150096884 84.851025149226189 12.212660148739813 863.36108693480492 171.72442997992039 15.210399806499479 26.548468604683876 115.11932767927647 2.4400327056646338 5.2412877231836319 694.1320697888732
leaf_count=1013 42 350 49 3479 812 115 195 1040 21 51 6927
internal_value=-0.000968601 0.0265132 0.0443404 0.0515418 0.018657 -0.0473156 -0.0294641 -0.0524453 -0.0555938 -0.0331844 -0.0557924
internal_weight=2110.92 1404.72 1132.15 875.574 256.575 272.575 41.7589 230.816 706.198 7.68132 698.517
internal_count=14094 7053 4690 3528 1162 2363 310 2053 7041 72 6969
cat_boundaries=0 1 2 3
cat_threshold=1 48 2
is_linear=0
shrinkage=0.05


Tree=16
num_leaves=12
num_cat=3
split_feature=1 0 0 34 4 2 37 43 35 35 2
split_gain=1198.78 681.922 68.2305 72.4595 15.0026 4.78873 5.61456 2.28558 1.37052 0.205572 1.04347
threshold=0 1 2 20.850000000000005 0.72695311118111527 10.500000000000002 54.500000000000007 32.550000000000004 89.413690500000016 88.770833500000023 10.500000000000002
decision_type=1 1 1 2 2 2 2 2 2 2 2
left_child=1 5 4 -4 -3 7 -7 -1 9 -2 -11
right_child=8 2 3 -5 -6 6 -8 -9 -10 10 -12
leaf_value=-0.052610185705795592 -0.055334381930475629 0.059332169650714452 -0.020765544462082331 0.038354213877462615 0.086251664800444203 -0.054975497512597241 -0.015706291138650016 -0.033033157392209259 -0.010874175352080377 -0.048113236705672024 -0.0098742089343826708
leaf_weight=197.44057507067919 668.81501318514347 213.47104802727699 54.860065400600433 788.41907846927643 78.310106962919235 14.078021600842474 26.115042582154274 23.222893610596657 2.3066106140613547 5.5061178356409055 3.3225676566362381
leaf_count=1849 6978 865 249 3280 315 111 193 193 18 52 28
internal_value=-0.000610138 0.0259058 0.0424788 0.0340844 0.0646198 -0.0459616 -0.0304614 -0.0507082 -0.0550047 -0.0551387 -0.0361912
internal_weight=2075.87 1395.92 1135.06 843.279 291.781 260.857 40.1931 220.663 679.95 677.644 8.82869
internal_count=14131 7055 4709 3529 1180 2346 304 2042 7076 7058 80
cat_boundaries=0 1 2 3
cat_threshold=1 48 1
is_linear=0
shrinkage=0.05


Tree=17
num_leaves=13
num_cat=2
split_feature=1 0 6 5 44 2 43 43 35 14 22 22
split_gain=1113.26 622.086 65.5903 78.7663 64.7494 6.10295 6.84972 2.52311 1.37307 0.358552 0.174181 0.0430748
threshold=0 1 2.5000000000000004 -0.8142754349318998 48.050000000000004 10.500000000000002 11.750000000000002 32.550000000000004 89.413690500000016 7.9500000000000011 86.034722500000015 89.611111000000008
decision_type=1 1 2 2 2 2 2 2 2 2 2 2
left_child=1 5 3 -3 -4 7 -7 -1 9 10 -2 -11
right_child=8 2 4 -5 -6 6 -8 -9 -10 11 -12 -13
leaf_value=-0.052839963973251296 -0.038243467850800149 -0.056944109038450111 0.050947139471906558 0.028503362120397654 -0.003634679363171401 -0.010783580616358708 -0.053823947516374704 -0.032354721706316363 -0.010552006650487568 -0.05513962818976087 -0.012131572551556885 -0.033835416363263066
leaf_weight=188.17533095180988 2.1387636959552756 29.653003260493279 813.00330367684364 226.72570852935314 58.083719193935394 24.206595934927464 14.650617018342016 22.811034679412842 2.2891644090414038 634.02931337058544 2.5454512685537338 5.9659584835171691
leaf_count=1834 22 121 3375 954 241 171 130 194 18 6905 26 61
internal_value=-0.000655473 0.0247558 0.0404069 0.0184376 0.0473077 -0.0455469 -0.0279547 -0.0507883 -0.0547075 -0.0548477 -0.0286845 -0.0549941
internal_weight=2024.28 1377.31 1127.47 256.379 871.087 249.844 38.8572 210.986 646.969 644.679 4.68421 639.995
internal_count=14052 7020 4691 1075 3616 2329 301 2028 7032 7014 48 6966
cat_boundaries=0 1 2
cat_threshold=1 48
is_linear=0
shrinkage=0.05


Tree=18
num_leaves=12
num_cat=3
split_feature=1 0 0 38 5 2 37 43 35 33 38
split_gain=1026.18 563.076 73.1336 50.5137 37.492 5.52597 6.8121 3.26701 1.76553 0.82668 4.90656
threshold=0 1 2 14.349107500000001 -0.6523320455745395 10.500000000000002 54.500000000000007 32.550000000000004 89.413690500000016 31.150000000000002 6.3949405000000015
decision_type=1 1 1 2 2 2 2 2 2 2 2
left_child=1 5 4 -4 -3 7 -7 -1 9 10 -2
right_child=8 2 3 -5 -6 6 -8 -9 -10 -11 -12
leaf_value=-0.051856088666436123 -0.017206791951552496 0.040546130964285013 0.047261419034131044 -0.073109303679607815 0.00080499796234774338 -0.054407111305089573 -0.011068756481751638 -0.029092650327003602 -0.0038890610959255814 -0.055197793490069563 -0.054119247934197291
leaf_weight=183.08417792618275 13.377799034118651 88.291186556220055 848.48467800021172 7.9554687142372122 177.09140391647816 13.968367367982863 24.745194993913174 22.043566085398197 1.8935799598693837 564.33572146296501 37.306872002780437
leaf_count=1859 144 358 3465 35 815 116 189 192 15 6431 415
internal_value=-0.000804511 0.0233717 0.0381851 0.0455284 0.013618 -0.0444027 -0.0276821 -0.0495629 -0.0542747 -0.0544232 -0.0448979
internal_weight=1982.58 1365.66 1121.82 856.44 265.383 243.841 38.7136 205.128 616.914 615.02 50.6847
internal_count=14034 7029 4673 3500 1173 2356 305 2051 7005 6990 559
cat_boundaries=0 1 2 3
cat_threshold=1 48 2
is_linear=0
shrinkage=0.05


Tree=19
num_leaves=12
num_cat=1
split_feature=1 34 44 36 43 7 38 33 38 22 4
split_gain=969.125 73.9618 54.1235 43.2346 34.0967 18.8767 9.49047 1.16898 5.17205 2.60739 0.918435
threshold=0 20.850000000000005 52.000000000000007 96.500000000000014 56.500000000000007 27.800000000000001 8.1711310000000008 31.150000000000002 6.3949405000000015 85.673611500000007 -0.95244167294248061
decision_type=1 2 2 2 2 2 2 2 2 2 2
left_child=1 3 4 5 -3 -1 -5 8 9 -2 -4
right_child=7 2 10 6 -6 -7 -8 -9 -10 -11 -12
leaf_value=-0.071169509050702226 -0.039999285413853947 0.027869941263197501 -0.03343927975560642 0.02130181912282357 -0.077099022341543422 0.035360165714442678 -0.025757431286877731 -0.054903102087536626 -0.053787608101443611 0.0011597343446717579 -0.06793501346370702
leaf_weight=35.011534035205841 5.8587124943733206 1237.9978823289275 6.3218625932931927 39.932914383709431 6.8529613837599745 4.0929222702980033 13.579517021775244 536.98072300106287 36.070541568100452 8.6412443965673429 11.602571077644823
leaf_count=195 67 6399 34 213 35 23 74 6397 419 87 65
internal_value=-0.000440333 0.022809 0.0259732 -0.0201504 0.0272307 -0.0594158 0.00910645 -0.0540206 -0.0437672 -0.0169783 -0.0581784
internal_weight=1942.94 1355.39 1262.78 92.6169 1244.85 39.1045 53.5124 587.551 50.5705 14.5 17.9244
internal_count=14008 7038 6533 505 6434 218 287 6970 573 154 99
cat_boundaries=0 1
cat_threshold=1
is_linear=0
shrinkage=0.05


Tree=20
num_leaves=12
num_cat=3
split_feature=1 0 0 2 5 2 43 5 35 23 22
split_gain=902.378 504.819 71.3027 50.5227 36.233 7.29055 7.79981 2.86906 1.86143 5.07211 0.121666
threshold=0 1 2 9.5000000000000018 -0.6523320455745395 10.500000000000002 11.750000000000002 -0.94137724084408114 88.770833500000023 99.500000000000014 90.145833500000023
decision_type=1 1 1 2 2 2 2 2 2 2 2
left_child=1 5 4 -4 -3 7 -7 -1 10 -10 -2
right_child=8 2 3 -5 -6 6 -8 -9 9 -11 -12
leaf_value=-0.03282969400493134 -0.054104270471414376 0.037692926005539196 0.037013983151868858 0.067866915676900591 -0.00085387714817949803 -0.0070184338515019836 -0.053387462728073522 -0.052318131734288044 -0.048500345531120578 0.024575247944206305 -0.022305148668535557
leaf_weight=28.788939014077187 555.07898361980915 90.78721621632576 682.16726085543633 166.6912706643343 181.40698370337486 24.337434448301792 13.810039632022379 168.94503474980593 6.5552972033619863 2.7283822894096375 2.1997181102633467
leaf_count=282 6909 366 2811 697 830 174 126 1736 70 23 26
internal_value=-0.00067482 0.0214545 0.0353088 0.0426436 0.0116668 -0.0438983 -0.0247398 -0.0496602 -0.0536195 -0.0267228 -0.0540189
internal_weight=1923.5 1356.93 1121.05 848.859 272.194 235.881 38.1475 197.734 566.562 9.28368 557.279
internal_count=14050 7022 4704 3508 1196 2318 300 2018 7028 93 6935
cat_boundaries=0 1 2 3
cat_threshold=1 48 2
is_linear=0
shrinkage=0.05


Tree=21
num_leaves=12
num_cat=4
split_feature=1 0 0 3 2 2 43 43 35 33 2
split_gain=847.978 471.936 60.4464 56.5859 24.861 6.0017 7.15561 2.7046 1.57887 0.648054 1.96387
threshold=0 1 2 3 9.5000000000000018 10.500000000000002 11.750000000000002 32.550000000000004 89.413690500000016 31.150000000000002 10.500000000000002
decision_type=1 1 1 1 2 2 2 2 2 2 2
left_child=1 5 4 -4 -3 7 -7 -1 9 10 -2
right_child=8 2 3 -5 -6 6 -8 -9 -10 -11 -12
leaf_value=-0.051617351153128488 -0.05280592978070732 0.041041818528363395 0.034426454167455441 0.0018745219991680184 0.067655709493161034 -0.0094863310564035526 -0.053240286679802407 -0.030052529041964288 -0.0057922593932485597 -0.054261111663080057 -0.028224428580595325
leaf_weight=168.79601258784533 27.247239969670773 452.5429549664259 328.84242857992649 224.48593488335609 112.51282864809036 24.632243789732456 14.626092560589312 21.352969266474247 1.9988263323903073 499.9524078220129 17.706204332411289
leaf_count=1823 345 1877 1358 1004 478 177 139 194 16 6517 211
internal_value=-0.000874862 0.0204336 0.0337104 0.0208708 0.0456449 -0.0437228 -0.0267049 -0.0493656 -0.053329 -0.0534924 -0.0439487
internal_weight=1894.7 1347.79 1118.38 553.328 565.056 229.407 39.2583 190.149 546.905 544.906 44.9534
internal_count=14139 7050 4717 2362 2355 2333 316 2017 7089 7073 556
cat_boundaries=0 1 2 3 4
cat_threshold=1 48 5 2
is_linear=0
shrinkage=0.05


Tree=22
num_leaves=13
num_cat=3
split_feature=1 0 0 6 34 2 37 5 35 33 2 10
split_gain=789.457 432.333 63.278 48.1506 28.8961 7.79093 8.00516 2.94681 1.72272 0.700332 1.98078 0.103805
threshold=0 1 2 2.5000000000000004 20.950000000000003 10.500000000000002 54.500000000000007 -0.94137724084408114 89.413690500000016 31.150000000000002 10.500000000000002 91.270833500000023
decision_type=1 1 1 2 2 2 2 2 2 2 2 2
left_child=1 5 4 -4 -3 7 -7 -1 9 10 -2 -11
right_child=8 2 3 -5 -6 6 -8 -9 -10 11 -12 -13
leaf_value=-0.031475581027719877 -0.052500634487668063 -0.058083058221860433 0.017879821526906897 0.046404558319998519 0.014307758919359282 -0.053613322838072734 -0.0057628595316594582 -0.051466256625946616 -0.0031935051299972908 -0.054105516294555345 -0.027619474677040529 -0.023180884449984698
leaf_weight=27.726930096745491 26.179030917584896 13.595857769250868 194.19341585040092 644.84759894013405 254.07162956893444 12.66410833597183 25.042502194643021 157.93600381910801 1.8610201030969609 468.82933296263218 17.409797869622707 2.3377799689769736
leaf_count=289 346 86 801 2719 1086 110 196 1758 15 6396 213 31
internal_value=-0.000620731 0.0197549 0.0324432 0.0393632 0.010054 -0.0425256 -0.0228038 -0.0486655 -0.0530165 -0.0531901 -0.0434052 -0.0540015
internal_weight=1846.7 1330.08 1106.71 839.041 267.667 223.37 37.7066 185.663 516.617 514.756 43.5888 471.167
internal_count=14046 7045 4692 3520 1172 2353 306 2047 7001 6986 559 6427
cat_boundaries=0 1 2 3
cat_threshold=1 48 2
is_linear=0
shrinkage=0.05


Tree=23
num_leaves=12
num_cat=3
split_feature=1 0 0 34 5 2 43 5 35 38 14
split_gain=749.016 395.886 63.7852 54.1978 16.4981 7.74884 7.97655 2.94598 1.61174 2.87347 0.763798
threshold=0 1 2 20.850000000000005 -0.80417042486635371 10.500000000000002 11.750000000000002 -0.94137724084408114 88.770833500000023 6.2892860000000015 7.9500000000000011
decision_type=1 1 1 2 2 2 2 2 2 2 2
left_child=1 5 4 -4 -3 7 -7 -1 10 -10 -2
right_child=8 2 3 -5 -6 6 -8 -9 9 -11 -12
leaf_value=-0.030419576880660444 -0.021210115356538359 0.03123955260788415 -0.025054347812188207 0.027262212395442145 0.061298383469405318 -0.0042846106450810861 -0.052332136232767647 -0.050677925509800284 0.0054458756214709001 -0.047171135094905552 -0.053381707072274021
leaf_weight=26.770429067313671 3.6160670593380919 62.465874016284943 52.139981508255005 769.89792594313622 212.79047776758671 24.163271568715572 12.620359435677527 151.24746069312096 3.8634548485279065 5.8783452436327934 482.39722509682178
leaf_count=287 46 266 245 3265 907 178 126 1755 34 70 6870
internal_value=-0.000447105 0.0193373 0.0313749 0.0236304 0.0527068 -0.0415451 -0.0217183 -0.0478184 -0.0527432 -0.0277396 -0.0531864
internal_weight=1807.85 1312.1 1097.29 822.038 275.256 214.802 36.7836 178.018 495.755 9.7418 486.013
internal_count=14049 7029 4683 3510 1173 2346 304 2042 7020 104 6916
cat_boundaries=0 1 2 3
cat_threshold=1 48 1
is_linear=0
shrinkage=0.05


Tree=24
num_leaves=14
num_cat=2
split_feature=1 0 34 38 39 2 4 5 35 38 14 22 22
split_gain=700.58 364.987 66.2285 61.0189 50.0683 7.39251 7.86534 2.68351 1.73839 3.0574 0.668033 0.265704 0.254092
threshold=0 1 20.850000000000005 14.349107500000001 19.250000000000004 10.500000000000002 -0.58482361983252518 -0.94703994556331683 88.770833500000023 6.2892860000000015 7.9500000000000011 86.034722500000015 90.145833500000023
decision_type=1 1 2 2 2 2 2 2 2 2 2 2 2
left_child=1 5 4 -4 -3 7 -7 -1 10 -10 11 -2 -12
right_child=8 2 3 -5 -6 6 -8 -9 9 -11 12 -13 -14
leaf_value=-0.030776881492478949 -0.033740894774562581 0.029524652978353844 0.034436527483667538 -0.079564665426806583 -0.053272853691277579 -0.052475237237031895 -0.0044530352569317217 -0.050883491701501804 0.0082660226473606404 -0.046708456490280353 -0.053244091316642143 -0.0063105933193025598 -0.018814148603997154
leaf_weight=25.316510006785393 1.6336802542209619 32.214634656906128 1010.4541552960873 10.961991056799887 39.738387227058411 12.592045746743677 23.441147513687611 144.21863811463118 3.6546052917838079 5.660152442753315 463.8280263915658 2.1963410079479218 1.9314767271280278
leaf_count=277 22 148 4316 47 180 126 177 1743 32 70 6916 28 26
internal_value=-0.000853241 0.0182073 0.0296003 0.0331364 -0.0163064 -0.0416555 -0.0221985 -0.0480791 -0.0524816 -0.0264292 -0.0529411 -0.0225741 -0.0531419
internal_weight=1777.84 1298.94 1093.37 1021.42 71.953 205.568 36.0332 169.535 478.904 9.31476 469.59 3.83002 465.76
internal_count=14108 7014 4691 4363 328 2323 303 2020 7094 102 6992 50 6942
cat_boundaries=0 1 2
cat_threshold=1 48
is_linear=0
shrinkage=0.05


Tree=25
num_leaves=14
num_cat=3
split_feature=1 0 0 44 4 37 33 35 5 19 14 22 22
split_gain=664.824 331.092 65.1085 49.6291 16.9616 5.72228 22.2328 1.75555 1.25573 0.93817 0.633526 0.40062 0.157866
threshold=0 1 2 52.000000000000007 0.69056404122701587 45.500000000000007 35.100000000000009 88.770833500000023 0.71952396275653763 26.052083500000006 7.9500000000000011 90.145833500000023 86.034722500000015
decision_type=1 1 1 2 2 2 2 2 2 2 2 2 2
left_child=1 5 4 -4 -3 -1 -7 10 -9 -10 12 -12 -2
right_child=7 2 3 -5 -6 6 -8 8 9 -11 11 -13 -14
leaf_value=-0.054110607753453034 -0.03268530674451272 0.043823097277417067 0.022955329652130572 -0.075589702341837886 0.072081844595857841 -0.038918521121926841 0.072870635519590887 -0.043644690831345978 -0.025133431604659692 0.011671758100966654 -0.053006296269808476 -0.015164945963854416 -0.0086943767929172078
leaf_weight=67.289058692753315 1.5157982110977166 191.86767122149467 804.01246607303619 12.03109836578369 78.934900984168053 128.40580844134092 3.7119397968053809 4.0646965727210027 2.3548414036631584 2.7046709060668945 439.16537714004517 1.6651424095034588 2.3607129603624344
leaf_count=846 21 840 3454 52 340 1446 41 55 23 23 6854 23 30
internal_value=-0.000244323 0.0181162 0.0288822 0.0211528 0.0504393 -0.039866 -0.0352539 -0.0522073 -0.025891 -0.0067792 -0.052688 -0.052898 -0.0228542
internal_weight=1740.08 1286.25 1086.85 816.044 270.803 199.407 132.118 453.831 9.12421 5.05951 444.707 440.831 3.87651
internal_count=14048 7019 4686 3506 1180 2333 1487 7029 101 46 6928 6877 51
cat_boundaries=0 1 2 3
cat_threshold=1 48 1
is_linear=0
shrinkage=0.05


Tree=26
num_leaves=13
num_cat=4
split_feature=1 0 0 6 5 2 0 43 33 38 33 10
split_gain=619.351 304.78 57.8691 55.8513 17.5572 7.65236 10.2068 3.36425 1.36906 5.28375 3.76007 0.213273
threshold=0 1 2 2.5000000000000004 -0.3342621144462935 10.500000000000002 3 32.550000000000004 31.150000000000002 6.3949405000000015 31.050000000000004 91.270833500000023
decision_type=1 1 1 2 2 2 1 2 2 2 2 2
left_child=1 5 4 -4 -3 7 -7 -1 9 10 -2 -10
right_child=8 2 3 -5 -6 6 -8 -9 11 -11 -12 -13
leaf_value=-0.04887700451853623 -0.034063346996143586 0.033876874991745125 -0.0037708357831559482 0.027382970060153916 0.060484709539094073 0.010428923895255991 -0.035810511994645765 -0.02368040185711548 -0.053240070114072495 -0.051771058956257644 0.019384966425244718 -0.020108826464622098
leaf_weight=140.37981515750289 6.2434740215539914 111.30078805983067 186.06062293052673 630.00801387429237 155.91577838361263 17.957652688026428 17.436097711324692 17.795701570808887 392.90009352564812 27.001006554812193 5.1460714489221573 2.0734372958540908
leaf_count=1839 78 490 801 2714 691 159 154 189 6427 424 69 31
internal_value=-0.000475118 0.0170577 0.0272954 0.0200388 0.047788 -0.0394567 -0.0196823 -0.0462088 -0.0520538 -0.040041 -0.0102986 -0.0531174
internal_weight=1710.22 1276.85 1083.29 816.069 267.217 193.569 35.3938 158.176 433.364 38.3906 11.3895 394.974
internal_count=14066 7037 4696 3515 1181 2341 313 2028 7029 571 147 6458
cat_boundaries=0 1 2 3 4
cat_threshold=1 48 1 32
is_linear=0
shrinkage=0.05


Tree=27
num_leaves=13
num_cat=2
split_feature=1 0 34 44 37 35 40 33 23 22 25 10
split_gain=579.993 296.241 55.5474 51.2883 45.7904 4.44438 17.5765 1.84866 2.75715 2.74403 1.26375 0.198534
threshold=0 1 20.850000000000005 52.000000000000007 32.500000000000007 75.907738500000008 30.200000000000006 31.150000000000002 99.500000000000014 85.673611500000007 5.9243055000000009 91.270833500000023
decision_type=1 1 2 2 2 2 2 2 2 2 2 2
left_child=1 5 4 -4 -3 -1 -7 8 10 -10 -2 -9
right_child=7 2 3 -5 -6 6 -8 11 9 -11 -12 -13
leaf_value=-0.053695209488956321 -0.0072974511568469572 -0.063473847778040035 0.03121743342153125 -0.058307063036372231 0.017436224579125827 0.0033569519272142129 -0.045312162633862785 -0.0530443999938277 -0.042586184523161763 0.006668406236799625 -0.049653240230058543 -0.020335149876938116
leaf_weight=64.407839633524418 2.2909590974450138 28.707330331206322 986.10787545144558 15.376155108213423 41.736665338277817 22.624391131103039 98.796854808926582 373.48553137481213 3.8509626500308496 6.2401133589446545 25.552075248211622 2.0996022820472708
leaf_count=872 33 132 4282 67 193 215 1245 6401 61 68 415 32
internal_value=-0.000396611 0.0164963 0.0265204 0.0297861 -0.0159632 -0.0404147 -0.0362903 -0.0516939 -0.038545 -0.0142731 -0.046542 -0.052916
internal_weight=1671.28 1257.76 1071.93 1001.48 70.444 185.829 121.421 413.519 37.9341 10.0911 27.843 375.585
internal_count=14016 7006 4674 4349 325 2332 1460 7010 577 129 448 6433
cat_boundaries=0 1 2
cat_threshold=1 48
is_linear=0
shrinkage=0.05


Tree=28
num_leaves=13
num_cat=3
split_feature=1 0 0 2 5 7 5 17 33 38 35 10
split_gain=534.904 269.007 66.6311 46.034 26.0997 4.22542 8.91126 1.59719 1.45402 4.49107 2.83465 0.155682
threshold=0 1 2 9.5000000000000018 -0.57077231802681661 27.102083500000003 -0.94137724084408114 18.900000000000002 31.150000000000002 6.3949405000000015 85.657738000000009 91.270833500000023
decision_type=1 1 1 2 2 2 2 2 2 2 2 2
left_child=1 5 4 -4 -3 6 -1 -7 9 10 -2 -10
right_child=8 2 3 -5 -6 7 -8 -9 11 -11 -12 -13
leaf_value=0.011639791140016705 -0.042781477396825369 0.023678227740767704 0.026436786582597099 0.056893757361099175 -0.0085329444650803672 -0.001572559026562942 -0.038689165278654153 -0.049942395403514896 -0.052860045781187248 -0.051236781343818531 0.0047194742236967065 -0.021246029179925963
leaf_weight=9.5792345553636533 3.9339703544974318 96.455844700336456 638.49650773406029 154.67385436594486 176.35681073367596 1.8034596443176258 70.086719244718552 99.297102954238653 356.04795444756746 24.06623137742281 8.172644339501856 2.191580217331647
leaf_count=117 62 387 2792 710 784 20 856 1358 6393 410 95 34
internal_value=-0.000899307 0.0151606 0.024659 0.0320369 0.00279835 -0.0398434 -0.0325682 -0.0491034 -0.0515752 -0.0390636 -0.0128021 -0.0527263
internal_weight=1641.16 1246.75 1065.98 793.17 272.813 180.767 79.666 101.101 394.412 36.1728 12.1066 358.24
internal_count=14018 7024 4673 3502 1171 2351 973 1378 6994 567 157 6427
cat_boundaries=0 1 2 3
cat_threshold=1 48 2
is_linear=0
shrinkage=0.05


Tree=29
num_leaves=13
num_cat=3
split_feature=1 0 34 34 2 0 44 5 33 38 35 10
split_gain=505.446 238.454 53.6961 115.463 7.44185 10.4832 6.06401 3.57781 1.53798 4.95029 2.83413 0.200684
threshold=0 1 25.250000000000004 24.550000000000004 10.500000000000002 2 34.400000000000013 -0.94137724084408114 31.150000000000002 6.3949405000000015 85.657738000000009 91.270833500000023
decision_type=1 1 2 2 2 1 2 2 2 2 2 2
left_child=1 4 3 -3 7 -6 -4 -1 9 10 -2 -10
right_child=8 2 6 -5 5 -7 -8 -9 11 -11 -12 -13
leaf_value=-0.025590127192159074 -0.041737196160482534 0.027146215571641003 0.023352336635566025 -0.022382214421406036 0.012188293122190223 -0.034836127227096329 0.066260531677642232 -0.048966605452948002 -0.052832089384587833 -0.051085108144215109 0.0072055785296430757 -0.02017502929669443
leaf_weight=23.173985727131367 3.5470382720231992 839.80982966721058 10.828752443194388 136.04531767964363 16.615924343466759 16.686893805861473 75.591414138674736 118.44796117022634 339.82979796826839 24.18818175047636 7.803062416613102 2.0940151177346698
leaf_count=295 58 3728 47 588 154 157 329 1738 6393 431 90 33
internal_value=-0.000909292 0.0145479 0.0233944 0.0202255 -0.0381632 -0.018305 0.0612126 -0.0453477 -0.0514774 -0.0386742 -0.0102306 -0.0526915
internal_weight=1614.66 1237.2 1062.28 975.855 174.925 33.3028 86.4202 141.622 377.462 35.5383 11.3501 341.924
internal_count=14041 7036 4692 4316 2344 311 376 2033 7005 579 148 6426
cat_boundaries=0 1 2 3
cat_threshold=1 48 32
is_linear=0
shrinkage=0.05


Tree=30
num_leaves=13
num_cat=3
split_feature=1 0 0 2 5 2 35 43 35 38 38 10
split_gain=477.875 225.902 58.3214 43.9731 24.2928 5.85724 7.18692 4.29972 1.18359 2.3127 0.338284 0.217019
threshold=0 1 2 9.5000000000000018 -0.61236746317008228 10.500000000000002 80.151785500000017 32.550000000000004 88.610119000000012 6.4422620000000004 6.001488000000001 91.270833500000023
decision_type=1 1 1 2 2 2 2 2 2 2 2 2
left_child=1 5 4 -4 -3 7 -7 -1 11 10 -10 -2
right_child=8 2 3 -5 -6 6 -8 -9 9 -11 -12 -13
leaf_value=-0.048050505853380027 -0.051990633345078134 0.022673562945072806 0.024284844801865824 0.054614978988599849 -0.0086880264842388987 -0.052208390341381951 -0.0033244993079052741 -0.018459549731071955 -0.011974375908225114 -0.046590504765126647 0.010882781375684877 -0.019056393223274695
leaf_weight=121.13582918047905 348.15793175250292 94.026864111423492 628.62263870239258 148.00213961303234 175.36209832131863 10.557007133960722 21.947376392781734 15.526170395314692 2.4319651871919614 6.8973308615386486 2.0750170908868313 1.9979743734002102
leaf_count=1854 6826 378 2791 700 776 98 208 187 22 120 23 32
internal_value=-0.00088016 0.0141402 0.0227532 0.0297452 0.00221963 -0.0380394 -0.0202857 -0.0448472 -0.0512622 -0.0302775 -0.00138568 -0.0518575
internal_weight=1576.74 1215.18 1046.01 776.625 269.389 169.166 32.5044 136.662 361.56 11.4043 4.50698 350.156
internal_count=14015 6992 4645 3491 1154 2347 306 2041 7023 165 45 6858
cat_boundaries=0 1 2 3
cat_threshold=1 48 2
is_linear=0
shrinkage=0.05


Tree=31
num_leaves=13
num_cat=3
split_feature=1 0 6 33 44 2 0 33 38 39 38 10
split_gain=445.682 207.491 56.4334 54.2288 48.5447 7.15393 9.33021 2.97948 7.58852 5.02499 2.95207 0.281361
threshold=0 1 2.5000000000000004 36.95000000000001 48.050000000000004 10.500000000000002 2 31.150000000000002 6.3949405000000015 15.15 8.3011905000000024 91.270833500000023
decision_type=1 1 2 2 2 2 1 2 2 2 2 2
left_child=1 5 3 -3 -4 10 -7 8 9 -2 -1 -9
right_child=7 2 4 -5 -6 6 -8 11 -10 -11 -12 -13
leaf_value=-0.052999962167633807 -0.041701599929959123 -0.0070525007973753634 0.031703289217998622 0.070031030951806725 -0.017635574858370487 0.010751022525416059 -0.033911021485052976 -0.052359404361781083 -0.050529084460367524 0.023711329087450706 -0.036184806172731128 -0.017870907907450849
leaf_weight=62.954891446977854 3.5615186989307386 218.1769899725914 756.26641915738583 24.467786014080048 52.749071598052979 17.207838207483292 15.911819495260714 309.33811331540346 21.454971749335527 7.2388560995459557 67.584903635084629 1.9023406207561482
leaf_count=965 60 960 3411 107 227 160 157 6390 419 86 1062 31
internal_value=-0.000393275 0.0138262 0.021924 0.000975968 0.0284685 -0.0371047 -0.017859 -0.0505971 -0.0339644 0.000434868 -0.0446355 -0.0522065
internal_weight=1558.82 1215.32 1051.66 242.645 809.015 163.659 33.1197 343.496 32.2553 10.8004 130.54 311.24
internal_count=14035 7049 4705 1067 3638 2344 317 6986 565 146 2027 6421
cat_boundaries=0 1 2 3
cat_threshold=1 48 32
is_linear=0
shrinkage=0.05


Tree=32
num_leaves=13
num_cat=3
split_feature=1 0 0 2 5 37 4 33 23 4 25 10
split_gain=413.595 186.526 60.1596 49.0886 18.6313 5.5512 24.5557 2.93223 4.22499 3.41805 1.36789 0.241514
threshold=0 1 2 4.5000000000000009 -0.55656394595157355 45.500000000000007 0.85226249403558707 31.150000000000002 99.500000000000014 -0.57078386445773377 5.9243055000000009 91.270833500000023
decision_type=1 1 1 2 2 2 2 2 2 2 2 2
left_child=1 5 4 -4 -3 -1 -7 8 10 -10 -2 -9
right_child=7 2 3 -5 -6 6 -8 11 9 -11 -12 -13
leaf_value=-0.052564787045873189 -0.0039476748803408462 0.023627637121353948 -0.0031953576897348485 0.022650211708169075 0.052820741748915725 -0.037326263184799272 0.064952903993269015 -0.0523758257215933 0.018162961422110376 -0.039874195370418863 -0.048299065947574694 -0.018888305963535329
leaf_weight=51.34582893550396 2.0851209573447731 85.184713214635849 289.55699788033962 500.55355587601662 165.76064316928387 102.09830157831311 5.3296806886792174 295.68036577105522 5.7715130969882011 3.0677189491689187 21.714229077100754 1.9914567284286011
leaf_count=855 33 394 1286 2214 790 1423 77 6403 62 60 434 33
internal_value=-0.00108149 0.0125646 0.0202239 0.0130217 0.0414009 -0.0364526 -0.0316998 -0.0505382 -0.0341412 -0.00398469 -0.0447292 -0.0522158
internal_weight=1530.14 1199.83 1041.06 790.111 250.945 158.774 107.428 330.31 32.6386 8.83923 23.7994 297.672
internal_count=14064 7039 4684 3500 1184 2355 1500 7025 589 122 467 6436
cat_boundaries=0 1 2 3
cat_threshold=1 48 1
is_linear=0
shrinkage=0.05


Tree=33
num_leaves=15
num_cat=2
split_feature=0 0 34 34 2 34 19 2 43 43 33 43 42 4
split_gain=226.788 49.3975 40.0604 68.8535 22.1643 30.6554 7.19412 4.35335 6.43493 16.7215 3.23531 2.01366 6.9966 0.261145
threshold=0 1 25.250000000000004 24.550000000000004 9.5000000000000018 20.250000000000004 31.047222000000001 10.500000000000002 11.750000000000002 8.3500000000000032 31.150000000000002 32.550000000000004 6.5000000000000009 0.90162119223771342
decision_type=1 1 2 2 2 2 2 2 2 2 2 2 2 2
left_child=7 4 3 -3 5 -2 -4 11 9 -9 -6 13 -13 -1
right_child=1 2 6 -5 10 -7 -8 8 -10 -11 -12 12 -14 -15
leaf_value=-0.05067630242823247 -0.085300516504945537 0.0052023109332773963 0.046562678661869264 -0.03535920090131852 0.077312230103990132 0.022876372854044355 0.010475547890742192 -0.04006919714762526 -0.051540696111681307 0.038814771822592568 0.045734588002187097 0.055886446308176831 -0.037952776385473508 -0.040556961912325988
leaf_weight=153.23351773992181 5.7715623080730429 757.54847318679094 55.410107105970383 120.36542173102498 14.143509961664675 235.27380529046059 19.208328604698181 18.292712233960632 17.754802759736776 9.368232034146784 40.645465470850468 1.3019877672195459 21.378867972642183 35.761077105998993
leaf_count=2983 41 5627 407 867 109 1833 141 244 265 103 347 19 357 711
internal_value=-0.000643114 0.00825495 0.00258748 -0.000392734 0.0257562 0.0199445 0.0375345 -0.0423917 -0.02881 -0.0129306 0.0551259 -0.0471497 -0.0304335 -0.0489851
internal_weight=1505.46 1248.37 952.532 877.914 295.834 241.045 74.6184 257.091 45.4157 27.6609 54.789 211.675 22.6809 188.995
internal_count=14054 9372 7042 6494 2330 1874 548 4682 612 347 456 4070 376 3694
cat_boundaries=0 1 2
cat_threshold=48 1
is_linear=0
shrinkage=0.05


Tree=34
num_leaves=12
num_cat=2
split_feature=1 0 34 34 8 35 33 33 38 21 10
split_gain=401.294 160.312 48.1451 100.564 7.86836 6.68431 21.4478 1.89251 4.9947 2.97822 0.229021
threshold=0 1 25.250000000000004 24.550000000000004 37.850000000000001 75.907738500000008 35.100000000000009 31.150000000000002 6.3949405000000015 22.850000000000005 91.270833500000023
decision_type=1 1 2 2 2 2 2 2 2 2 2
left_child=1 5 3 -3 -4 -1 -7 8 9 -2 -9
right_child=7 2 4 -5 -6 6 -8 10 -10 -11 -12
leaf_value=-0.05222654987511556 -0.040604798273561005 0.023495135968233199 0.062664023836003488 -0.023440521775159304 0.012196334317927859 -0.03319792020030151 0.087202126974149974 -0.052043039186288054 -0.050087933101713771 0.01093968645521195 -0.018940742451732495
leaf_weight=48.159182496368885 3.2698113173246401 814.69722592830658 71.160214141011238 131.86349734663963 9.2648474276065809 95.207955479621887 2.9080048725008956 282.7919493727386 19.834680669009686 7.3053265027701855 2.0014386922121039
leaf_count=865 61 3724 322 574 42 1420 39 6473 424 86 34
internal_value=-0.000453378 0.0130099 0.0199401 0.0169388 0.0570714 -0.0344653 -0.0287857 -0.0504496 -0.0358513 -0.00712883 -0.0518775
internal_weight=1488.46 1173.26 1026.99 946.561 80.4251 146.275 98.116 315.203 30.4098 10.5751 284.793
internal_count=14064 6986 4662 4298 364 2324 1459 7078 571 147 6507
cat_boundaries=0 1 2
cat_threshold=1 48
is_linear=0
shrinkage=0.05


Tree=35
num_leaves=12
num_cat=3
split_feature=1 0 36 32 34 0 34 35 38 14 38
split_gain=370.131 154.574 47.5038 115.757 62.7242 46.532 24.6148 1.56629 2.6323 1.1427 0.411898
threshold=0 1 95.500000000000014 29.065178500000005 24.550000000000004 2 20.950000000000003 88.437500000000014 6.4422620000000004 7.9500000000000011 5.8788690000000008
decision_type=1 1 2 2 2 1 2 2 2 2 2
left_child=1 2 3 -1 -4 6 -3 9 10 -2 -9
right_child=7 5 4 -5 -6 -7 -8 8 -10 -11 -12
leaf_value=-0.026604784835622106 -0.013594142806907955 -0.057499262717819258 0.04026419393003218 0.055332692644870021 -0.0040999155626954562 -0.046604906960054142 -0.0010055701233457235 -0.01391850857594148 -0.046543554812831359 -0.051592719861873554 0.0096241133069824604
leaf_weight=116.39043967425823 2.8436103872954837 19.481520097702742 471.19312655925751 67.120224788784981 95.634962141513824 70.466557092964649 329.73537134006619 2.5663788355886918 7.649251151829958 282.17411341145635 2.902091134339571
leaf_count=511 49 172 2254 310 430 1170 2191 23 165 6725 34
internal_value=-0.000763163 0.0119173 0.0253007 0.00350185 0.0327851 -0.0123223 -0.00419261 -0.0504007 -0.029371 -0.0512625 -0.00186822
internal_weight=1468.16 1170.02 750.339 183.511 566.828 419.683 349.217 298.135 13.1177 285.018 5.46847
internal_count=14034 7038 3505 821 2684 3533 2363 6996 222 6774 57
cat_boundaries=0 1 2 3
cat_threshold=1 13 34
is_linear=0
shrinkage=0.05


Tree=36
num_leaves=12
num_cat=3
split_feature=1 0 0 36 34 4 20 33 2 35 10
split_gain=345.529 150.302 43.4742 41.8741 43.4462 25.1286 22.993 3.21913 4.10788 6.83891 0.29291
threshold=0 1 2 99.500000000000014 25.250000000000004 -0.10837695015263894 31.150000000000002 31.150000000000002 10.500000000000002 85.657738000000009 91.270833500000023
decision_type=1 1 1 2 2 2 2 2 2 2 2
left_child=1 3 5 4 -1 -3 -5 8 -2 -10 -9
right_child=7 2 -4 6 -6 -7 -8 10 9 -11 -12
leaf_value=0.014763677384239809 -0.049198841536401951 0.010474070852734552 -0.046203589932975409 0.013057164303779617 0.060703780421401357 -0.016586401862534319 0.059302518813696803 -0.051767138055710454 -0.045554869609380474 0.019945471544975696 -0.017272937478952005
leaf_weight=543.62395425140858 15.19458792358637 152.01717003062367 67.87018571048975 35.765554800629616 56.046872392296791 194.42567783221602 115.97696082293987 253.37706734240055 6.5122626125812513 7.6144644878804684 1.875052087008952
leaf_count=2517 350 968 1174 181 272 1371 578 6373 142 90 34
internal_value=-0.000377093 0.011689 -0.0124209 0.0248168 0.0191513 -0.0045845 0.0485594 -0.0496726 -0.0318969 -0.0112649 -0.0515821
internal_weight=1450.3 1165.73 414.313 751.413 599.671 346.443 151.743 284.573 29.3213 14.1267 255.252
internal_count=14050 7061 3513 3548 2789 2339 759 6989 582 232 6407
cat_boundaries=0 1 2 3
cat_threshold=1 13 34
is_linear=0
shrinkage=0.05


Tree=37
num_leaves=15
num_cat=2
split_feature=0 0 34 39 39 2 4 2 43 35 33 5 35 4
split_gain=176.528 49.4882 37.8629 38.1311 25.2321 18.3198 28.0878 4.87004 6.84695 15.801 3.04469 2.21107 16.8492 1.8067
threshold=0 1 20.850000000000005 15.450000000000001 19.250000000000004 9.5000000000000018 0.61237135649459018 10.500000000000002 11.750000000000002 79.714286000000001 31.150000000000002 -0.94137724084408114 87.130952500000021 0.85226249403558707
decision_type=1 1 2 2 2 2 2 2 2 2 2 2 2 2
left_child=7 5 4 -4 -3 6 -2 11 9 -9 -7 12 -1 -13
right_child=1 2 3 -5 -6 10 -8 8 -10 -11 -12 13 -14 -15
leaf_value=-0.048720817908006205 0.00467252360882535 -0.00071919667163020454 -0.037845464506850147 0.00652503657849116 -0.064763842902225061 0.074385761563658268 0.040597335317386962 -0.050146515683407757 -0.050794446748851058 0.025937285430803887 0.043096270621727363 -0.052103481904140908 0.044935428801378796 -0.037234730476522947
leaf_weight=23.375596102327112 132.98712778091431 27.574726730585098 50.527621686458588 804.13106697425246 33.836985107511282 13.159801911562679 91.436724677681923 11.563529014587404 15.559348896145819 14.003114040940998 39.628838650882244 113.64279060065746 5.1444214135408393 41.40939000248909
leaf_count=479 1086 227 388 6132 269 112 751 185 259 166 367 2564 100 931
internal_value=-0.000941669 0.00681707 0.00110746 0.00386068 -0.0364792 0.0249225 0.0194245 -0.0405005 -0.0256849 -0.0090669 0.0521344 -0.0458568 -0.0308772 -0.0483966
internal_weight=1417.98 1193.28 916.07 854.659 61.4117 277.212 224.424 224.698 41.126 25.5666 52.7886 183.572 28.52 155.052
internal_count=14016 9332 7016 6520 496 2316 1837 4684 610 351 479 4074 579 3495
cat_boundaries=0 1 2
cat_threshold=48 1
is_linear=0
shrinkage=0.05


Tree=38
num_leaves=13
num_cat=2
split_feature=1 0 34 26 39 2 42 39 33 38 39 10
split_gain=319.89 119.431 50.2056 44.8171 41.2536 7.85644 23.0393 7.79978 2.67303 5.46352 2.8749 0.371472
threshold=0 1 20.850000000000005 15.050000000000002 19.250000000000004 11.500000000000002 5.5000000000000009 13.250000000000002 31.150000000000002 6.3949405000000015 15.15 91.270833500000023
decision_type=1 1 2 2 2 2 2 2 2 2 2 2
left_child=1 5 4 -4 -3 7 -7 -1 9 10 -2 -10
right_child=8 2 3 -5 -6 6 -8 -9 11 -11 -12 -13
leaf_value=0.043052652459646568 -0.039434667809435976 0.018660943363053847 -0.0041469643711015752 0.024654072229494055 -0.058168582271461981 -0.049731595503895637 0.069303527323245059 -0.040789073838937144 -0.051626951354880872 -0.049400450318695388 0.011970549491796156 -0.015271864489868248
leaf_weight=2.0663318298757067 2.9323187135159987 30.710642799735069 163.13914074003696 776.84170864522457 38.402824774384499 8.7793394699692708 5.9566945210099211 116.47255835309625 242.27271438390017 17.208714492619038 7.8840841986238956 1.7262210361659516
leaf_count=25 58 152 771 3587 180 103 40 2203 6442 421 94 32
internal_value=-0.00100119 0.0106109 0.0164652 0.0196564 -0.0242501 -0.0323258 -0.000268091 -0.0389796 -0.0496268 -0.0326697 -0.00412328 -0.0514331
internal_weight=1414.39 1142.37 1009.09 939.981 69.1135 133.275 14.736 118.539 272.024 28.0251 10.8164 243.999
internal_count=14108 7061 4690 4358 332 2371 143 2228 7047 573 152 6474
cat_boundaries=0 1 2
cat_threshold=1 48
is_linear=0
shrinkage=0.05


Tree=39
num_leaves=13
num_cat=1
split_feature=1 6 5 44 39 40 23 34 33 38 39 14
split_gain=297.67 39.6343 58.7561 36.8958 46.0457 44.0673 29.7248 27.9512 3.50344 6.83053 3.50334 0.359651
threshold=0 2.5000000000000004 -0.83375966452616657 48.050000000000004 20.350000000000005 77.300000000000011 98.500000000000014 22.650000000000002 31.150000000000002 6.3949405000000015 17.850000000000005 8.1000000000000014
decision_type=1 2 2 2 2 2 2 2 2 2 2 2
left_child=1 2 6 4 -3 -5 -1 -4 9 10 -2 -10
right_child=8 3 7 5 -6 -7 -8 -9 11 -11 -12 -13
leaf_value=-0.095193548748932988 -0.023439233625891891 0.0069471088188440035 -0.02192792461214902 -0.059257477682458294 0.030870319181972861 0.027109032621750892 0.041709751549401923 0.014316719630709679 -0.01563957429721444 -0.049214775520297946 0.029521394588652335 -0.051500632151953565
leaf_weight=23.714882049709562 5.6667123213410395 428.86412039399147 81.195621084421873 33.626904644072056 379.05434137582779 24.96068237349391 4.1302478313446036 149.76597270742059 1.7692662514746178 16.687275648117065 4.8763924278318882 228.6386775970459
leaf_count=136 99 2701 506 198 2375 146 26 912 37 427 52 6376
internal_value=-0.000820224 0.0102884 -0.00686134 0.0154127 0.0181955 -0.0226244 -0.0741448 0.00153515 -0.0491927 -0.0302248 0.00149151 -0.051294
internal_weight=1382.95 1125.31 258.807 866.506 807.918 58.5876 27.8451 230.962 257.638 27.2304 10.5431 230.408
internal_count=13991 7000 1580 5420 5076 344 162 1418 6991 578 151 6413
cat_boundaries=0 1
cat_threshold=1
is_linear=0
shrinkage=0.05


Tree=40
num_leaves=11
num_cat=3
split_feature=1 0 36 32 34 0 38 2 35 21
split_gain=289.594 109.429 41.9877 96.2946 63.8074 41.1564 23.5777 2.19818 7.02568 6.09585
threshold=0 1 95.500000000000014 29.144940500000001 24.450000000000003 2 5.6142855000000003 10.500000000000002 85.657738000000009 23.350000000000005
decision_type=1 1 2 2 2 1 2 2 2 2
left_child=1 2 3 -1 -4 6 -3 -2 -9 -10
right_child=7 5 4 -5 -6 -7 -8 8 9 -11
leaf_value=-0.024504801975604132 -0.051614470427367935 -0.076065614150730071 0.03771762554156758 0.052462402643782539 -0.0042999207041280922 -0.04528054028365322 -0.0010182572418924033 -0.050053994514533753 0.028781690677735772 -0.038003005741393786
leaf_weight=121.36924444139004 210.46095899119973 9.8073887750506383 427.47916628420353 59.843834847211838 114.25665408372879 60.869538806378841 332.10366287454963 26.09452935680747 6.1528563946485502 5.5504194982349873
leaf_count=539 6128 65 2141 294 529 1156 2283 725 79 116
internal_value=-0.000632911 0.0101563 0.0216078 0.00106128 0.0288642 -0.0106712 -0.00329051 -0.0494013 -0.0360653 -0.00339002
internal_weight=1373.99 1125.73 722.949 181.213 541.736 402.781 341.911 248.259 37.7978 11.7033
internal_count=14055 7007 3503 833 2670 3504 2348 7048 920 195
cat_boundaries=0 1 2 3
cat_threshold=1 13 34
is_linear=0
shrinkage=0.05


Tree=41
num_leaves=12
num_cat=3
split_feature=1 0 2 26 0 34 4 33 38 12 14
split_gain=268.97 106.524 44.7984 70.3473 38.3947 21.2287 12.6163 2.40332 4.57967 2.58374 0.417198
threshold=0 1 9.5000000000000018 14.950000000000001 2 20.950000000000003 -0.62588817255938378 31.150000000000002 6.3949405000000015 62.500000000000007 8.1000000000000014
decision_type=1 1 2 2 1 2 2 2 2 2 2
left_child=1 2 3 -1 5 -3 -4 8 9 -2 -9
right_child=7 4 6 -5 -6 -7 -8 10 -10 -11 -12
leaf_value=-0.032233061940365848 -0.038897896550876533 -0.056396350439949762 0.060914275821411214 0.021447150370320384 -0.04501731098317184 -0.0011418325306013397 0.028329571389289834 -0.01411133369964318 -0.048674988829511705 0.01119530737731721 -0.051272275172069962
leaf_weight=68.217835560441017 2.7626122459769267 17.383751060813665 75.293725356459618 520.8578132390976 59.576079592108727 320.28045561909676 53.619404017925262 1.6667602062225331 14.843755770474671 7.2387688867747784 209.45695771835744
leaf_count=322 58 168 418 2495 1176 2157 283 37 417 87 6423
internal_value=-0.000797475 0.00947405 0.0207904 0.0151866 -0.0112208 -0.00402572 0.0476836 -0.0491776 -0.0319332 -0.00491958 -0.0510468
internal_weight=1351.2 1115.23 717.989 589.076 397.24 337.664 128.913 235.969 24.8451 10.0014 211.124
internal_count=14041 7019 3518 2817 3501 2325 701 7022 562 145 6460
cat_boundaries=0 1 2 3
cat_threshold=1 13 34
is_linear=0
shrinkage=0.05


Tree=42
num_leaves=12
num_cat=3
split_feature=1 0 36 32 34 0 4 33 38 39 10
split_gain=253.228 103.348 37.0283 83.4742 57.5573 36.1859 23.6518 3.09482 5.44079 2.84083 0.353743
threshold=0 1 95.500000000000014 29.144940500000001 24.450000000000003 2 -0.091260668982868137 31.150000000000002 6.3949405000000015 15.15 91.270833500000023
decision_type=1 1 2 2 2 1 2 2 2 2 2
left_child=1 2 3 -1 -4 6 -3 8 9 -2 -9
right_child=7 5 4 -5 -6 -7 -8 10 -10 -11 -12
leaf_value=-0.021926442373380081 -0.03815987284283661 0.010277330605449254 0.035977814446623547 0.051391790215812631 -0.0042418779035467832 -0.044534389367187788 -0.015965882454215846 -0.05115946293239601 -0.048532562349865666 0.014485361565901127 -0.015422008380042741
leaf_weight=122.66309276223183 2.6599174551665801 153.62134651094675 417.61526200175285 55.585011973977089 112.70623585581779 57.007961645722389 192.18685735017061 199.22788543067873 14.529397422447799 7.5535540468990803 1.7503455728292454
leaf_count=545 60 991 2155 282 524 1181 1384 6411 425 89 36
internal_value=-0.000601117 0.00921537 0.0205332 0.00109632 0.0274383 -0.0109324 -0.00419078 -0.0487622 -0.0298895 -0.00140551 -0.0509261
internal_weight=1337.11 1111.39 708.57 178.248 530.321 402.816 345.808 225.721 24.7429 10.2135 200.978
internal_count=14083 7062 3506 827 2679 3556 2375 7021 574 149 6447
cat_boundaries=0 1 2 3
cat_threshold=1 13 34
is_linear=0
shrinkage=0.05


Tree=43
num_leaves=13
num_cat=3
split_feature=1 0 0 34 4 39 44 33 38 27 10 10
split_gain=236.16 87.1821 46.0275 42.4611 17.7431 8.05847 17.0894 3.77253 6.25775 3.35794 0.799685 0.472405
threshold=0 1 2 20.850000000000005 0.59868201182722736 21.950000000000003 45.900000000000013 31.150000000000002 6.3949405000000015 15.15 89.750000000000014 91.270833500000023
decision_type=1 1 1 2 2 2 2 2 2 2 2 2
left_child=1 5 4 -4 -3 6 -1 8 9 -2 -7 -9
right_child=7 2 3 -5 -6 10 -8 11 -10 -11 -12 -13
leaf_value=-0.026265011759077684 -0.038282435831188823 0.024780207735852312 -0.035904980925599926 0.010980914705520008 0.055199356812228831 -0.051409994411526286 0.10695561094090084 -0.051048965759327262 -0.048402064609496066 0.018426948427701637 -0.004285641569981828 -0.01242810980247943
leaf_weight=78.606966763734818 2.7242449596524256 145.6472292393446 50.871987655758858 703.86721476912498 73.193430364131927 39.323909033089876 1.5122035592794407 188.85672242566943 14.33520516566932 7.7361184768378735 1.1157617792487133 1.5467800199985493
leaf_count=1443 65 780 253 3257 383 842 26 6376 440 86 22 32
internal_value=-0.000568396 0.00885979 0.0138201 0.00767575 0.0336293 -0.0296772 -0.022463 -0.0483235 -0.028061 0.00160613 -0.0502446 -0.0508018
internal_weight=1309.34 1094.14 973.58 754.739 218.841 120.559 80.1192 215.199 24.7956 10.4604 40.4397 190.404
internal_count=14005 7006 4673 3510 1163 2333 1469 6999 591 151 864 6408
cat_boundaries=0 1 2 3
cat_threshold=1 48 1
is_linear=0
shrinkage=0.05


Tree=44
num_leaves=12
num_cat=3
split_feature=1 0 6 5 44 0 4 22 38 38 14
split_gain=232.366 86.5327 39.2966 59.6494 41.1158 34.0991 25.1119 2.08609 4.49703 2.46776 0.655355
threshold=0 1 2.5000000000000004 -0.83375966452616657 47.70000000000001 2 -0.10837695015263894 88.465277500000013 6.4422620000000004 5.9392855000000013 7.7500000000000009
decision_type=1 1 2 2 2 1 2 2 2 2 2
left_child=1 2 3 -1 -4 6 -3 10 9 -9 -2
right_child=7 5 4 -5 -6 -7 -8 8 -10 -11 -12
leaf_value=-0.080871089440000057 -0.0069219164960386582 0.011584316554195871 0.030279225918879618 0.0096168162316645524 -0.022053639329493949 -0.043717024969775718 -0.015647295328866218 -0.013599673592127172 -0.046672776277173526 0.048222027913036779 -0.050545571805342318
leaf_weight=19.738241910934448 1.209202829748391 152.57113233953714 490.44140593707561 148.54145802557468 39.930982872843742 52.137300312519073 187.74166700989008 3.7494274172931901 9.2065752372145635 1.4862533062696455 190.09807902015746
leaf_count=86 22 994 2558 695 180 1151 1379 52 293 26 6610
internal_value=-0.00022437 0.00897748 0.0193599 -0.00141193 0.0263051 -0.00975202 -0.00334255 -0.0488297 -0.0272672 0.00886856 -0.0503073
internal_weight=1296.85 1091.1 698.652 168.28 530.372 392.45 340.313 205.75 14.4423 5.23568 191.307
internal_count=14046 7043 3519 781 2738 3524 2373 7003 371 78 6632
cat_boundaries=0 1 2 3
cat_threshold=1 13 34
is_linear=0
shrinkage=0.05


Tree=45
num_leaves=11
num_cat=3
split_feature=1 0 36 32 34 0 4 22 21 38
split_gain=216.062 94.3953 37.663 76.4511 52.001 30.3276 24.8638 2.25842 6.27038 2.38219
threshold=0 1 95.500000000000014 29.144940500000001 24.450000000000003 2 -0.12546116083924147 88.270833500000023 23.450000000000003 6.7669645000000012
decision_type=1 1 2 2 2 1 2 2 2 2
left_child=1 2 3 -1 -4 6 -3 -2 9 -9
right_child=7 5 4 -5 -6 -7 -8 8 -10 -11
leaf_value=-0.022680337646497163 -0.050387567746814924 0.010193527008865333 0.034571983902161263 0.047843245070160106 -0.0038868408052078213 -0.043625686790434236 -0.017297068600258765 0.031134686819756847 -0.047835657335414346 -0.030136138686853328
leaf_weight=121.34211246669292 179.19257251732051 144.48358074948192 403.68227705359459 55.027379915118217 112.03913748264313 52.02137453854084 188.44004418887198 4.1858796030283001 11.857611952349542 1.3765682298690078
leaf_count=543 6543 930 2158 292 527 1188 1389 49 394 39
internal_value=-0.00054189 0.0082687 0.0191399 -0.000531257 0.0262256 -0.0114741 -0.0052156 -0.0486036 -0.0285131 0.01369
internal_weight=1273.65 1077.04 692.091 176.369 515.721 384.945 332.924 196.613 17.4201 5.56245
internal_count=14052 7027 3520 835 2685 3507 2319 7025 482 88
cat_boundaries=0 1 2 3
cat_threshold=1 13 34
is_linear=0
shrinkage=0.05


Tree=46
num_leaves=12
num_cat=3
split_feature=1 0 2 39 0 38 4 33 38 27 10
split_gain=204.741 79.1128 40.7139 39.1581 32.4134 19.8476 12.4137 4.24414 6.04475 3.08471 0.533702
threshold=0 1 9.5000000000000018 15.450000000000001 2 5.6142855000000003 -0.63921128368950708 31.150000000000002 6.3949405000000015 15.15 91.270833500000023
decision_type=1 1 2 2 1 2 2 2 2 2 2
left_child=1 2 3 -1 5 -3 -4 8 9 -2 -9
right_child=7 4 6 -5 -6 -7 -8 10 -10 -11 -12
leaf_value=-0.05145431857716707 -0.036977839618511879 -0.072003511223954736 0.059422134596093891 0.015872550995800511 -0.043195168003801993 -0.0011534376819553264 0.026455051436952388 -0.050753803253989899 -0.047660561398146679 0.01892051752227572 -0.010718049776496996
leaf_weight=21.531197249889374 2.4531563930213469 9.1952198855578882 67.297703146934509 542.96325504779816 49.990428902208805 326.00992437265813 53.824346408247948 165.44326917640865 12.27772683277726 7.6908950321376324 1.4478095099329937
leaf_count=103 66 64 411 2707 1194 2289 304 6438 431 88 32
internal_value=0.000133073 0.00861883 0.018638 0.0132181 -0.00945434 -0.00320988 0.0451088 -0.0476581 -0.0254497 0.00329736 -0.0504724
internal_weight=1260.12 1070.81 685.617 564.494 385.196 335.205 121.122 189.313 22.4218 10.1441 166.891
internal_count=14127 7072 3525 2810 3547 2353 715 7055 585 154 6470
cat_boundaries=0 1 2 3
cat_threshold=1 13 34
is_linear=0
shrinkage=0.05


Tree=47
num_leaves=12
num_cat=1
split_feature=1 34 26 2 44 4 2 40 43 5 43
split_gain=188.394 40.6956 38.4265 66.4425 33.8593 29.6517 3.67882 10.0186 3.78132 2.68352 2.45627
threshold=0 20.350000000000005 15.15 9.5000000000000018 50.20000000000001 0.21022171450811272 10.500000000000002 55.550000000000004 23.500000000000004 0.80798785254895478 0.35000000000000003
decision_type=1 2 2 2 2 2 2 2 2 2 2
left_child=1 5 3 -3 -4 10 -2 -8 -9 -7 -1
right_child=6 2 4 -5 -6 9 7 8 -10 -11 -12
leaf_value=-0.017359351793785449 -0.050973378252620542 -0.036015308592547611 0.015869600448829433 0.024424418041977758 -0.048266314763044521 -0.038284960923524868 -0.048968408364165474 0.02892606174000216 -0.035663330150481398 -0.087779931156519289 0.013636057600658186
leaf_weight=9.680028799921276 150.65291495621204 108.26470260508358 806.06472133100033 76.978842046111822 20.168908489868045 6.0453057400882271 20.056067068129781 7.2435758672654611 2.1849670726805925 16.884239887818694 14.928461071103809
leaf_count=68 6113 687 5352 527 127 40 767 86 63 111 101
internal_value=-0.000555451 0.00749766 0.00963522 -0.010903 0.0142475 -0.0372451 -0.0476791 -0.0297269 0.0119736 -0.076876 0.00124189
internal_weight=1239.15 1059.02 1011.48 185.244 826.234 47.538 180.138 29.4846 9.42854 22.9295 24.6085
internal_count=14042 7013 6693 1214 5479 320 7029 916 149 151 169
cat_boundaries=0 1
cat_threshold=1
is_linear=0
shrinkage=0.05


Tree=48
num_leaves=11
num_cat=3
split_feature=1 0 34 34 8 39 0 2 40 43
split_gain=177.802 70.4166 38.6621 74.6627 10.6684 7.75041 12.5849 3.57427 8.60376 3.15905
threshold=0 1 25.250000000000004 24.550000000000004 37.850000000000001 22.350000000000005 2 10.500000000000002 55.550000000000004 23.500000000000004
decision_type=1 1 2 2 2 2 1 2 2 2
left_child=1 5 3 -3 -4 6 -1 -2 -9 -10
right_child=7 2 4 -5 -6 -7 -8 8 9 -11
leaf_value=-3.7603987752592818e-05 -0.050891077753946468 0.014848600417768185 0.053544412285700782 -0.026162603853571699 -0.0090054447998271381 -0.050974500363558543 -0.039837617828184596 -0.048784684473655256 0.021743611830993586 -0.035940160456865676
leaf_weight=45.941203104332089 143.51016272045672 745.28810925036669 63.220721736550331 129.42755198478699 7.3304603844881049 33.881648942828178 33.507046733051538 19.099298654124144 7.9644822869449836 2.2529672496020794
leaf_count=779 6114 3740 325 580 38 802 777 767 90 68
internal_value=-0.000630812 0.0070587 0.0115372 0.00875742 0.0470103 -0.0285794 -0.0220663 -0.0475002 -0.02977 0.00695417
internal_weight=1231.42 1058.6 945.267 874.716 70.5512 113.33 79.4482 172.827 29.3167 10.2174
internal_count=14080 7041 4683 4320 363 2358 1556 7039 925 158
cat_boundaries=0 1 2 3
cat_threshold=1 48 32
is_linear=0
shrinkage=0.05


Tree=49
num_leaves=13
num_cat=2
split_feature=0 0 33 44 39 2 4 39 38 37 2 38
split_gain=95.1388 40.1259 30.5999 44.8713 22.2321 19.9046 30.5454 5.25231 13.4458 18.4181 8.35545 1.86606
threshold=0 1 36.95000000000001 48.800000000000004 24.450000000000003 9.5000000000000018 0.59868201182722736 21.950000000000003 8.3011905000000024 45.500000000000007 11.500000000000002 6.413393000000001
decision_type=1 1 2 2 2 2 2 2 2 2 2 2
left_child=7 5 3 -3 -4 6 -2 8 10 -10 -1 -7
right_child=1 2 4 -5 -6 11 -8 -9 9 -11 -12 -13
leaf_value=-0.048063973329090515 -8.3043937133901808e-05 -0.00079939955850760042 0.00469663886785315 -0.063973052693792651 0.068721468113884729 0.069244439245770284 0.039919815079324308 -0.050963968736406462 -0.047483943770550478 0.033781314952230371 -0.0046944581192604759 0.042408506827931305
leaf_weight=66.889425773173571 115.93390347808599 742.37156731635332 28.389327101409435 28.215775389224291 25.23497561365366 16.222061982378364 80.099440265446901 52.528013344854116 10.936821887269618 15.764263970777391 13.553383234888313 25.645987465977669
leaf_count=1942 1098 6348 250 221 216 180 779 1716 364 423 229 296
internal_value=-0.000843867 0.00468541 -0.000625394 -0.00319247 0.0355325 0.0222992 0.0163818 -0.0355058 -0.0308094 -1.76346e-05 -0.0409042 0.054179
internal_weight=1221.78 1062.11 824.212 770.587 53.6243 237.901 196.033 159.672 107.144 26.7011 80.4428 41.868
internal_count=14062 9388 7035 6569 466 2353 1877 4674 2958 787 2171 476
cat_boundaries=0 1 2
cat_threshold=48 1
is_linear=0
shrinkage=0.05


Tree=50
num_leaves=12
num_cat=3
split_feature=1 0 2 26 0 38 5 33 38 28 14
split_gain=160.609 61.0729 33.0579 68.3739 26.5982 19.9773 16.281 4.69642 5.55884 2.5061 0.584038
threshold=0 1 9.5000000000000018 14.950000000000001 2 5.6142855000000003 0.76556758748011056 31.150000000000002 6.3949405000000015 15.15 8.1000000000000014
decision_type=1 1 2 2 1 2 2 2 2 2 2
left_child=1 2 3 -1 5 -3 -4 8 9 -2 -9
right_child=7 4 6 -5 -6 -7 -8 10 -10 -11 -12
leaf_value=-0.0363583204141378 -0.034957298283231374 -0.072676005038259814 0.057016345194993226 0.016959090781634843 -0.042000126486008149 -0.0020788649532497787 0.018988470742530551 -0.0093301279753646073 -0.046747099990397993 0.017515565057802395 -0.050459327383630043
leaf_weight=67.65643498301506 2.0788066182285565 9.3376428782939893 62.04620036482811 485.65686695277691 44.14301660656929 329.81296798586845 53.488696426153183 1.3774979468435038 10.206236977130173 7.8112505450844765 141.52649531513453
leaf_count=321 64 62 405 2481 1169 2292 313 37 416 88 6406
internal_value=-0.00087145 0.0062967 0.0152774 0.0103859 -0.00952343 -0.0041097 0.0397248 -0.046897 -0.0226178 0.00428898 -0.0501305
internal_weight=1215.14 1052.14 668.848 553.313 383.294 339.151 115.535 163 20.0963 9.89006 142.904
internal_count=14054 7043 3520 2802 3523 2354 718 7011 568 152 6443
cat_boundaries=0 1 2 3
cat_threshold=1 13 34
is_linear=0
shrinkage=0.05


Tree=51
num_leaves=14
num_cat=2
split_feature=0 0 34 34 2 4 44 2 43 35 5 4 38
split_gain=81.1353 39.917 32.8131 46.2208 16.8563 27.249 8.62638 7.85318 11.6301 20.8196 3.55951 17.5776 1.88136
threshold=0 1 25.250000000000004 24.550000000000004 9.5000000000000018 0.62587949062545845 39.050000000000004 10.500000000000002 11.750000000000002 79.714286000000001 -0.30982845708428081 0.85226249403558707 6.413393000000001
decision_type=1 1 2 2 2 2 2 2 2 2 2 2 2
left_child=7 4 3 -3 5 -2 -4 10 9 -9 11 -1 -6
right_child=1 2 6 -5 12 -7 -8 8 -10 -11 -12 -13 -14
leaf_value=-0.041345088004339149 0.001635531750712534 0.0013568246094524739 0.01840095085301718 -0.033912311761102473 0.068470687926878382 0.039953953156762229 0.057311921028121007 -0.047741280778887583 -0.049707866959373626 0.050846394079832796 -0.050848300991308375 0.040997831754225993 0.040894978997191342
leaf_weight=55.314506204798818 115.99516058154404 646.71561008505523 37.4651816226542 107.46245534718037 14.8562412019819 76.422990377992392 23.589463589712977 8.1905420757830161 12.225012082606552 11.891630221158264 57.719229167327285 6.5162098370492449 24.382483737543225
leaf_count=1794 1093 5646 337 868 177 771 209 188 265 166 2069 195 295
internal_value=-0.000600559 0.00446748 -0.000825809 -0.00370691 0.0222883 0.0169824 0.0341161 -0.0334441 -0.0132303 0.01028 -0.041526 -0.0321527 0.0527776
internal_weight=1198.75 1046.89 815.233 754.178 231.657 192.418 61.0546 151.857 32.3072 20.0822 119.55 61.8307 39.2387
internal_count=14073 9396 7060 6514 2336 1864 546 4677 619 354 4058 1989 472
cat_boundaries=0 1 2
cat_threshold=48 1
is_linear=0
shrinkage=0.05


Tree=52
num_leaves=12
num_cat=2
split_feature=1 0 36 21 34 5 39 39 2 40 25
split_gain=155.231 54.4675 38.0304 74.5324 48.6281 26.1595 24.972 23.327 3.13742 7.29371 3.27771
threshold=0 1 95.500000000000014 24.050000000000004 24.550000000000004 -0.6905596507703472 18.450000000000003 28.200000000000006 10.500000000000002 55.550000000000004 6.4020835000000007
decision_type=1 1 2 2 2 2 2 2 2 2 2
left_child=1 2 3 -1 -4 6 -3 -7 -2 -10 -11
right_child=8 5 4 -5 -6 7 -8 -9 9 10 -12
leaf_value=-0.038658770258116225 -0.050723118809315994 -0.032558509138336231 0.02956955024604457 0.027168094706204661 -0.010578467315099656 -0.020157083757190771 0.023915994721660661 0.07532560399821929 -0.048452170981461262 0.024558920532500486 -0.029948930613077202
leaf_weight=84.207433640956879 128.31930229440331 24.395590016618371 395.89344246685505 85.839599534869194 92.572812467813492 256.86879579909146 85.136613821610808 5.5958988722413769 17.379631346091632 6.3810837436467391 3.4194316063076258
leaf_count=378 6120 225 2233 459 439 2454 777 58 761 77 80
internal_value=-0.000890965 0.00614973 0.0146545 -0.00546486 0.0219547 -0.00905449 0.0111569 -0.0178432 -0.0472915 -0.0298657 0.00452888
internal_weight=1186.01 1030.51 658.513 170.047 488.466 371.997 109.532 262.465 155.499 27.1801 9.80052
internal_count=14061 7023 3509 837 2672 3514 1002 2512 7038 918 157
cat_boundaries=0 1 2
cat_threshold=1 13
is_linear=0
shrinkage=0.05


Tree=53
num_leaves=15
num_cat=2
split_feature=0 34 34 33 3 8 5 4 32 44 38 39 22 38
split_gain=77.9546 34.6908 55.193 52.2127 36.5429 8.0622 6.79147 25.1212 11.2072 4.89061 4.09242 13.3666 2.62436 1.02784
threshold=0 25.250000000000004 24.550000000000004 33.95000000000001 1 37.850000000000001 0.80798785254895478 -0.35846811432664222 26.053571500000004 33.300000000000004 8.2369050000000019 21.850000000000005 65.333333000000025 5.6827385000000001
decision_type=1 2 2 2 1 2 2 2 2 2 2 2 2 2
left_child=6 2 4 -4 -2 9 10 8 -8 -3 -1 -12 -7 -9
right_child=1 5 3 -5 -6 12 7 13 -10 -11 11 -13 -14 -15
leaf_value=-0.051352064498690342 0.017178805995333068 0.0031118073890660895 -0.051690145656855625 0.0098176771055045707 -0.0040502903924957501 0.011538160781879817 -0.039129774499266676 0.0047069027762411588 0.067157886769288119 0.047324095723527242 -8.5817265244092229e-05 -0.04901419835597725 -0.041432424006215531 -0.049627894593492101
leaf_weight=54.622340084984899 428.00047422945499 7.1303481478244057 83.428613170981407 57.880499601364136 383.71314939111471 5.4061728566884977 2.5681147277355221 0.73710232041776436 8.9493793118745071 60.168855220079422 22.065316215157509 37.009361105039716 2.7455552332103252 19.158228535205126
leaf_count=1763 4011 65 679 484 3437 53 52 16 111 585 718 1393 26 662
internal_value=-0.000273056 0.00467953 0.00212307 -0.0266045 0.00715075 0.0371322 -0.0332136 -0.0143053 0.0422257 0.042754 -0.0411632 -0.0310443 -0.00888051 -0.0474859
internal_weight=1173.58 1028.47 953.023 141.309 811.714 75.4509 145.11 31.4128 11.5175 67.2992 113.697 59.0747 8.15173 19.8953
internal_count=14055 9340 8611 1163 7448 729 4715 841 163 650 3874 2111 79 678
cat_boundaries=0 1 2
cat_threshold=48 2
is_linear=0
shrinkage=0.05


Tree=54
num_leaves=11
num_cat=3
split_feature=1 0 0 34 4 2 5 2 40 43
split_gain=147.456 47.377 37.6697 37.0656 19.0957 27.8376 3.9783 3.22233 7.40471 2.33554
threshold=0 1 2 20.850000000000005 0.59868201182722736 8.5000000000000018 0.69521084835931835 10.500000000000002 55.550000000000004 23.500000000000004
decision_type=1 1 1 2 2 2 2 2 2 2
left_child=1 4 -3 -4 5 -1 -6 -2 -9 -10
right_child=7 2 3 -5 6 -7 -8 8 9 -11
leaf_value=0.0012932276094674488 -0.050644141642432909 -0.040978052002220683 -0.036917775592987784 0.0064623256172468479 0.054570525800439362 0.049886424678021311 0.006646303063446303 -0.048316641984910591 0.018146708802336677 -0.033838890324934832
leaf_weight=86.770019829273224 121.12522841431201 39.679907793179154 51.815435618162155 728.10211998783052 60.09425300359726 43.676096625626087 4.9820015132427207 16.824901124462489 7.6896177027374488 1.8945810254663227
leaf_count=456 6104 1175 325 4342 360 318 26 771 86 64
internal_value=-0.000503057 0.0062995 0.000824832 0.00349198 0.0276771 0.017819 0.0510577 -0.0470358 -0.0292421 0.00564413
internal_weight=1162.65 1015.12 819.597 779.918 195.522 130.446 65.0763 147.534 26.4091 9.5842
internal_count=14027 7002 5842 4667 1160 774 386 7025 921 150
cat_boundaries=0 1 2 3
cat_threshold=1 1 16
is_linear=0
shrinkage=0.05


Tree=55
num_leaves=11
num_cat=3
split_feature=1 0 0 4 4 44 2 40 43 26
split_gain=141.311 51.316 29.8002 30.213 20.1937 26.7875 4.04399 8.55277 2.49727 1.60881
threshold=0 1 2 -0.27694604220087021 0.96687895796550427 48.050000000000004 10.500000000000002 55.550000000000004 23.500000000000004 19.450000000000003
decision_type=1 1 1 2 2 2 2 2 2 2
left_child=1 4 -3 -4 5 -1 -2 -8 -9 -6
right_child=6 2 3 -5 9 -7 7 8 -10 -11
leaf_value=0.02047646949129896 -0.050571861151130361 -0.040424144716500895 0.015578002181875904 -0.0084976198653581563 0.036629248522780038 -0.030380490387316685 -0.048137827244705729 0.022049772092844158 -0.032862744107443491 0.063530681348997239
leaf_weight=351.33722643554211 115.67702367436141 37.511529847979546 206.52095125243068 349.24127203598619 14.547290965914724 27.072395846247673 16.06328979879618 7.8804863095283491 1.7508096955716608 23.855646282434464
leaf_count=1981 6122 1150 1293 2220 82 127 769 88 62 137
internal_value=0.000164265 0.00673123 -0.00282073 0.00045265 0.0198927 0.0167675 -0.0464738 -0.026821 0.0099154 0.0545285
internal_weight=1151.46 1010.09 593.274 555.762 416.813 378.41 141.372 25.6946 9.6313 38.4029
internal_count=14031 6990 4663 3513 2327 2108 7041 919 150 219
cat_boundaries=0 1 2 3
cat_threshold=1 5 16
is_linear=0
shrinkage=0.05


Tree=56
num_leaves=11
num_cat=2
split_feature=1 0 34 34 37 4 7 2 40 25
split_gain=130.075 42.9699 35.9235 53.602 8.02804 20.7098 6.90878 3.21355 6.28981 2.03315
threshold=0 1 25.250000000000004 24.550000000000004 45.500000000000007 0.85226249403558707 30.722916500000004 10.500000000000002 55.550000000000004 7.1458335000000011
decision_type=1 1 2 2 2 2 2 2 2 2
left_child=1 4 3 -3 -1 -6 -4 -2 -9 -10
right_child=7 2 6 -5 5 -7 -8 8 9 -11
leaf_value=-0.050094521653220973 -0.050500334249344164 0.011401023539562863 0.056103315086482745 -0.023575069904393561 -0.025065505999897375 0.082947874973492264 0.019379332569008995 -0.047945514016194568 0.013228376378518881 -0.034637353736181764
leaf_weight=27.356024978682399 109.99379892088473 720.78202595561743 43.096406117081642 128.18273605406284 63.742150098085403 3.7954202182590953 20.116441614925861 15.296721037477257 8.2809391245245916 1.9179930184036482
leaf_count=853 6111 3757 234 576 1421 76 115 769 101 56
internal_value=-0.000825182 0.00537783 0.00873801 0.00609856 -0.0249827 -0.0178738 0.0449003 -0.0466327 -0.0286709 0.0019377
internal_weight=1142.56 1007.07 912.178 848.965 94.8936 67.5376 63.2128 135.489 25.4957 10.1989
internal_count=14069 7032 4682 4333 2350 1497 349 7037 926 157
cat_boundaries=0 1 2
cat_threshold=1 48
is_linear=0
shrinkage=0.05


Tree=57
num_leaves=12
num_cat=1
split_feature=1 33 36 20 20 7 35 2 40 32 44
split_gain=126.309 33.4396 55.9825 37.2469 30.6132 17.7945 5.87697 3.29259 6.33324 2.43979 2.08692
threshold=0 36.95000000000001 95.500000000000014 30.850000000000005 33.45000000000001 30.835416500000004 63.925595000000008 10.500000000000002 55.550000000000004 26.115476500000003 40.850000000000009
decision_type=1 2 2 2 2 2 2 2 2 2 2
left_child=1 2 4 -4 -1 10 -7 -2 -9 -10 -3
right_child=7 5 3 -5 -6 6 -8 8 9 -11 -12
leaf_value=-0.058426789965074589 -0.050428126377455154 0.038356642946786305 -0.019333676331119116 0.013888604916656451 -0.0099113540131953119 0.039422965358805462 -0.012214426388226264 -0.047805804922050991 -0.021461855200622663 0.023634213640037441 0.071109195707646053
leaf_weight=41.131091339513659 104.53377336449921 11.195793446153401 95.82285313308239 659.92672917805612 145.07354219816625 7.4925316944718388 14.799239801242946 14.839213981293144 4.6610264461487514 5.3934683352708817 26.182559072971344
leaf_count=268 6102 91 684 4601 971 59 114 782 70 86 187
internal_value=-9.61874e-05 0.00592503 0.00360361 0.00965631 -0.0208829 0.0419076 0.00608894 -0.0463819 -0.0280994 0.00267841 0.062554
internal_weight=1131.05 1001.62 941.954 755.75 186.205 59.6701 22.2918 129.427 24.8937 10.0545 37.3784
internal_count=14015 6975 6524 5285 1239 451 173 7040 938 156 278
cat_boundaries=0 1
cat_threshold=1
is_linear=0
shrinkage=0.05


Tree=58
num_leaves=12
num_cat=2
split_feature=1 0 4 44 32 39 35 40 2 40 43
split_gain=111.181 43.6276 29.595 32.3298 28.0013 22.0108 32.5078 25.6499 4.18733 7.31775 2.17706
threshold=0 1 -0.19337636264337832 48.800000000000004 26.643750000000001 20.000000000000004 87.401786000000016 75.050000000000011 10.500000000000002 55.550000000000004 23.500000000000004
decision_type=1 1 2 2 2 2 2 2 2 2 2
left_child=1 5 3 -3 -4 6 -1 -7 -2 -10 -11
right_child=8 2 4 -5 -6 7 -8 -9 9 10 -12
leaf_value=0.011353486677376304 -0.050362018828590295 0.014739912305583497 -0.058736114725110478 -0.05360650531437771 -0.0091849336078532167 0.016954192702092485 -0.05589040030511349 0.054636323142433489 -0.047562528036108026 0.018034208220236284 -0.032807324641540785
leaf_weight=159.78456869721413 99.656191620975733 215.52377486228943 30.333515405654907 17.827195772901177 324.95868871361017 168.22451557964087 19.239170506596565 61.570874407887459 13.929580491036178 8.2993308566510642 1.7510825470089919
leaf_count=928 6104 1683 273 137 2589 925 120 355 771 87 65
internal_value=-0.00122264 0.00433663 -0.00442269 0.00931202 -0.0135684 0.016631 0.00385666 0.0272436 -0.0457482 -0.0253258 0.00700882
internal_weight=1121.1 997.462 588.643 233.351 355.292 408.819 179.024 229.795 123.636 23.98 10.0504
internal_count=14037 7010 4682 1820 2862 2328 1048 1280 7027 923 152
cat_boundaries=0 1 2
cat_threshold=1 5
is_linear=0
shrinkage=0.05


Tree=59
num_leaves=10
num_cat=3
split_feature=1 0 0 2 34 5 2 41 43
split_gain=107.909 44.6244 30.5176 29.6367 15.9986 20.9974 4.26799 7.30019 2.16284
threshold=0 1 2 4.5000000000000009 20.250000000000004 -0.36648370705903521 10.500000000000002 55.550000000000004 23.500000000000004
decision_type=1 1 1 2 2 2 2 2 2
left_child=1 4 -3 -4 -1 -6 -2 -8 -9
right_child=6 2 3 -5 5 -7 7 8 -10
leaf_value=-0.040098371106880831 -0.050295780016049854 -0.039810416740157652 -0.010915737523330008 0.0093975885230081022 0.010925554289201313 0.045929109352951893 -0.047427403620503787 0.018421633140830115 -0.032556309848337385
leaf_weight=7.4897293448448172 95.122287018224597 35.4448003731668 282.95636739395559 487.46070491336286 76.333638153970242 99.030724160373211 13.518823986873032 8.2556680049747193 1.7169140111655004
leaf_count=39 6114 1149 1704 2976 443 655 781 87 65
internal_value=-0.000632033 0.00478984 -0.000438541 0.00190776 0.0263023 0.0308409 -0.0454888 -0.0247654 0.0074779
internal_weight=1107.33 988.716 805.862 770.417 182.854 175.364 118.614 23.4914 9.97258
internal_count=14013 6966 5829 4680 1137 1098 7047 933 152
cat_boundaries=0 1 2 3
cat_threshold=1 1 16
is_linear=0
shrinkage=0.05


Tree=60
num_leaves=13
num_cat=3
split_feature=1 0 36 26 20 38 0 33 38 27 10 25
split_gain=98.7547 41.3574 32.1899 32.5777 27.479 18.1721 19.8649 5.38985 4.52024 1.63018 0.814684 0.504048
threshold=0 1 99.500000000000014 15.050000000000002 31.250000000000004 5.6142855000000003 2 31.150000000000002 6.3949405000000015 15.15 91.270833500000023 4.7361110000000002
decision_type=1 1 2 2 2 2 1 2 2 2 2 2
left_child=1 2 3 -1 -4 11 -7 8 9 -2 -9 -3
right_child=7 5 4 -5 -6 6 -8 10 -10 -11 -12 -13
leaf_value=-0.023895447899205516 -0.030913523689665101 -0.028556583968610362 -0.0045251832763766762 0.011570720256148248 0.05013257490703811 -0.0029056057347132246 -0.039044173969029004 -0.050255316080359547 -0.044764284529726375 0.014717728759357849 -0.0032482645224416965 -0.0779236526983208
leaf_weight=74.974164970219135 1.5181517433375145 2.245927281677722 31.243041217327118 438.69807277619839 84.48831956833601 322.27525544911623 33.02793001011014 95.217488364316523 7.2858004570007315 8.0339176803827268 1.0751090496778477 8.4684612639248353
leaf_count=397 65 22 199 2374 543 2312 1119 6419 436 87 30 79
internal_value=-0.00113907 0.00390811 0.011574 0.00635781 0.0354647 -0.00933089 -0.00754245 -0.0451937 -0.0177036 0.00522303 -0.0497693 -0.0708965
internal_weight=1108.55 995.421 629.404 513.672 115.731 366.018 355.303 113.13 16.8379 9.55207 96.2926 10.7144
internal_count=14082 7045 3513 2771 742 3532 3431 7037 588 152 6449 101
cat_boundaries=0 1 2 3
cat_threshold=1 13 34
is_linear=0
shrinkage=0.05


Tree=61
num_leaves=12
num_cat=2
split_feature=1 0 20 34 4 2 26 35 2 40 32
split_gain=99.4295 38.5993 28.8721 36.0921 16.3692 21.174 15.1167 7.1649 4.63777 7.2551 2.51669
threshold=0 1 30.850000000000005 20.350000000000005 0.72695311118111527 9.5000000000000018 19.250000000000004 59.77678550000001 10.500000000000002 55.550000000000004 25.986012000000006
decision_type=1 1 2 2 2 2 2 2 2 2 2
left_child=1 4 6 -4 5 -1 -3 -6 -2 -10 -11
right_child=8 2 3 -5 7 -7 -8 -9 9 10 -12
leaf_value=0.0074234980016039086 -0.05016625168094882 -0.044485049154807499 -0.053970610493900374 0.005793576224281451 -0.012920456732355324 0.055785421865937712 0.0010344299758886732 0.056644717210556722 -0.046980081505370946 -0.022090228984803527 0.026391122038658756
leaf_weight=109.51985965669155 86.259920771233737 49.881738614290953 25.221342779695988 692.33972103334963 3.6624378114938727 27.667052909731865 28.360410721972585 45.029553465545177 12.13430416211486 3.29386258125305 6.3510317113250494
leaf_count=614 6112 357 198 5031 21 243 211 302 767 49 102
internal_value=0.000403369 0.00542939 0.000456901 0.00362076 0.0252274 0.01751 -0.0281808 0.0512576 -0.0448959 -0.0227357 0.00931428
internal_weight=1089.72 981.682 795.803 717.561 185.879 137.187 78.2421 48.692 108.039 21.7792 9.64489
internal_count=14007 6977 5797 5229 1180 857 568 323 7030 918 151
cat_boundaries=0 1 2
cat_threshold=1 1
is_linear=0
shrinkage=0.05


Tree=62
num_leaves=15
num_cat=1
split_feature=0 26 5 20 34 44 4 4 2 42 43 43 39 4
split_gain=48.6941 27.2476 50.9219 39.1823 37.6792 27.8439 14.1928 11.6641 7.16606 17.849 5.24744 10.7484 5.4898 0.181956
threshold=0 14.65 0.097680735332368721 33.150000000000013 20.250000000000004 52.750000000000007 0.22700754078277599 0.21022171450811272 11.500000000000002 5.5000000000000009 32.550000000000004 35.100000000000001 13.250000000000002 -0.46801505794253101
decision_type=1 2 2 2 2 2 2 2 2 2 2 2 2 2
left_child=8 2 3 -2 7 -6 -4 -3 10 -10 12 -12 -1 -11
right_child=1 4 6 -5 5 -7 -8 -9 9 13 11 -13 -14 -15
leaf_value=0.031731112438290653 -0.064332354444909187 0.0095032127182369738 0.021955928762120044 0.02599632001200743 0.0094170922233887226 -0.0619486289818518 -0.039620248151945425 -0.081207566120847396 -0.047091884316018601 0.021922618584535931 0.045192995355474781 -0.044978098743095378 -0.041858119903631634 0.067895155208072711
leaf_weight=1.9151045661419619 58.135622225701809 4.3218108378350761 61.507713188417256 14.472518858499823 787.25558445882052 12.922352547757326 10.065320619381962 14.743680784478782 7.4044277416542155 1.5640532709658144 5.1316816369071585 6.1758410986512899 93.323767721652985 4.4843563642352819
leaf_count=47 513 44 656 131 7658 114 94 142 209 23 155 221 3983 56
internal_value=-0.000925836 0.00293976 -0.0170001 -0.0462191 0.00650133 0.0081887 0.0128699 -0.0611962 -0.0295312 0.00226887 -0.0362761 -0.00370884 -0.040064 0.0608041
internal_weight=1083.42 963.425 144.181 72.6081 819.243 800.178 71.573 19.0655 119.999 13.4528 106.546 11.3075 95.2389 6.04841
internal_count=14046 9352 1394 644 7958 7772 750 186 4694 288 4406 376 4030 79
cat_boundaries=0 1
cat_threshold=48
is_linear=0
shrinkage=0.05


Tree=63
num_leaves=10
num_cat=2
split_feature=1 0 20 34 2 22 21 4 14
split_gain=94.4005 33.2819 27.1039 34.9854 20.2398 2.89952 3.44845 1.26662 0.734515
threshold=0 1 30.850000000000005 20.350000000000005 9.5000000000000018 88.465277500000013 23.450000000000003 -0.69057362043749781 7.7500000000000009
decision_type=1 1 2 2 2 2 2 2 2
left_child=1 -1 4 -4 -3 8 7 -7 -2
right_child=5 2 3 -5 -6 6 -8 -9 -10
leaf_value=-0.038861387872622222 -0.0034439384562499585 -0.040985532552772846 -0.042896113824600068 0.010804870478040967 0.0058197643465430528 0.035581726834522119 -0.043422560409811531 -0.008532965475383722 -0.049291301452891838
leaf_weight=32.484137733466923 1.0393732525408257 49.579800792038441 30.525492291897535 817.4771899394691 42.10327784717083 1.8201916282996533 5.1382118407636881 3.1503492128103954 91.911766211502254
leaf_count=1171 24 296 195 5062 281 39 305 46 6616
internal_value=-0.000751878 0.00408888 0.0059631 0.00882355 -0.0196604 -0.0460155 -0.0181482 0.0108755 -0.0488208
internal_weight=1075.23 972.17 939.686 848.003 91.6831 103.06 10.1088 4.97054 92.9511
internal_count=14035 7005 5834 5257 577 7030 390 85 6640
cat_boundaries=0 1 2
cat_threshold=1 16
is_linear=0
shrinkage=0.05


Tree=64
num_leaves=11
num_cat=2
split_feature=1 0 34 34 44 33 38 26 22 22
split_gain=84.7674 31.7945 28.0515 45.784 7.69039 4.61564 4.00815 1.25764 1.03953 2.55781
threshold=0 1 25.250000000000004 24.550000000000004 39.050000000000004 31.150000000000002 6.3726190000000011 13.15 88.805555500000011 88.861111000000008
decision_type=1 1 2 2 2 2 2 2 2 2
left_child=1 -1 3 -3 -4 6 7 -2 -7 -10
right_child=5 2 4 -5 -6 8 -8 -9 9 -11
leaf_value=-0.038355594264627042 -0.028646007687029074 0.0085562769678432307 0.023106828846547783 -0.023657765610281371 0.05915015740468707 -0.05004396322366509 -0.044241310833340139 0.013437642098346345 0.040930210806189721 -0.036172692523113836
leaf_weight=31.166631232947111 1.2663171216845492 747.81518109515309 39.889438319951296 128.36874166876078 24.949287086725235 79.70071361400187 6.525795158930122 7.4771207589656115 0.62518024258315508 2.4314435115084052
leaf_count=1168 56 4682 274 699 177 6265 431 82 16 144
internal_value=-0.000159865 0.00432485 0.00611984 0.00381504 0.0376637 -0.0442321 -0.0174538 0.00502816 -0.0489054 -0.0142004
internal_weight=1070.22 972.189 941.023 876.184 64.8387 98.0266 15.2692 8.74344 82.7573 3.05662
internal_count=13994 7000 5832 5381 451 6994 569 138 6425 160
cat_boundaries=0 1 2
cat_threshold=1 16
is_linear=0
shrinkage=0.05


Tree=65
num_leaves=12
num_cat=2
split_feature=1 0 6 5 22 4 2 2 40 35 24
split_gain=79.6388 31.6787 31.3224 28.0652 26.5725 17.7611 22.2352 4.83774 6.56728 4.44607 1.98531
threshold=0 1 2.5000000000000004 -0.97874870457683605 88.930555500000011 0.72695311118111527 9.5000000000000018 10.500000000000002 55.550000000000004 59.919643000000008 70.500000000000014
decision_type=1 1 2 2 2 2 2 2 2 2 2
left_child=1 5 3 -3 -4 6 -1 -2 -9 -7 -10
right_child=7 2 4 -5 -6 9 -8 8 10 -11 -12
leaf_value=0.0041141180905583446 -0.049971115470188676 -0.096027345952936383 0.0071448917663403519 -0.013516017404396494 -0.044400203821982287 -0.0014663511176115866 0.055086350469125113 -0.046397630408354623 0.020921244471830702 0.05513328694739647 -0.024635827624092096
leaf_weight=109.34344015270472 74.105380312539637 9.9934902247041446 580.69990205857903 177.37265636771917 25.136267028748989 3.7286713495850554 25.658839724957943 10.652494926005604 7.3658506562933308 40.724807262420654 2.4106365311890841
leaf_count=620 6102 60 4320 1272 186 22 239 768 96 289 55
internal_value=-0.000428376 0.00384648 -0.00058547 -0.0184033 0.00493663 0.0221364 0.0141358 -0.043992 -0.0209832 0.050458 0.00844432
internal_weight=1067.19 972.658 793.202 187.366 605.836 179.456 135.002 94.5344 20.429 44.4535 9.77649
internal_count=14029 7008 5838 1332 4506 1170 859 7021 919 311 151
cat_boundaries=0 1 2
cat_threshold=1 1
is_linear=0
shrinkage=0.05


Tree=66
num_leaves=13
num_cat=2
split_feature=1 0 6 5 44 4 2 35 33 38 32 14
split_gain=75.9829 34.1529 24.0954 26.5609 23.2396 15.3463 21.1119 5.5289 4.61516 3.08831 1.31909 0.73522
threshold=0 1 2.5000000000000004 -0.97874870457683605 52.000000000000007 0.63920241694561786 9.5000000000000018 59.13988100000001 31.150000000000002 6.3949405000000015 26.350297500000003 8.1000000000000014
decision_type=1 1 2 2 2 2 2 2 2 2 2 2
left_child=1 5 3 -3 -4 6 -1 -7 9 10 -2 -10
right_child=8 2 4 -5 -6 7 -8 -9 11 -11 -12 -13
leaf_value=0.0035720283730006352 0.0097059417825547667 -0.091142333430932254 0.0047824508850790133 -0.01216461422523249 -0.07012048141328274 -0.017151550305061065 0.054551769803868055 0.050277895645728966 -0.0047623315930537084 -0.043283636842057549 -0.031513077799275702 -0.049950994180478298
leaf_weight=99.890101283788681 7.9395693819969875 10.379952462390063 596.2000626726076 175.8518186705187 9.5404760288074595 2.77003289759159 24.543436303734779 48.79455728828907 1.1358031667768944 5.8104726262390605 1.4798809643834827 74.770346002653241
leaf_count=565 111 66 4444 1270 68 15 240 346 38 434 46 6431
internal_value=-0.000905538 0.00322112 -0.00133448 -0.0170299 0.0034891 0.0224212 0.0139821 0.0463982 -0.0442947 -0.0176319 0.000827132 -0.0493455
internal_weight=1059.11 967.97 791.972 186.232 605.741 175.998 124.434 51.5646 91.1361 15.2299 9.41945 75.9061
internal_count=14074 7014 5848 1336 4512 1166 805 361 7060 591 157 6469
cat_boundaries=0 1 2
cat_threshold=1 1
is_linear=0
shrinkage=0.05


Tree=67
num_leaves=15
num_cat=0
split_feature=22 6 5 44 44 39 33 7 8 23 26 13 7 2
split_gain=24.5855 24.7354 34.5289 31.6915 32.6669 28.5013 24.3647 17.9713 7.23771 3.68828 3.5488 3.13447 1.06109 0.474458
threshold=88.861111000000008 2.5000000000000004 -0.97874870457683605 48.050000000000004 43.000000000000007 26.650000000000002 31.250000000000004 26.627083500000001 29.150000000000002 98.500000000000014 21.750000000000004 6.8895835000000014 26.493750000000002 9.5000000000000018
decision_type=2 2 2 2 2 2 2 2 2 2 2 2 2 2
left_child=1 2 11 4 -3 -5 10 -4 9 -8 12 -1 -2 -10
right_child=6 3 7 5 -6 -7 8 -9 13 -11 -12 -13 -14 -15
leaf_value=-0.017301042309619059 -0.00033594149318682566 0.0039218787823724682 -0.049214567297179317 -0.073318978851194372 0.034417354307981068 0.0025273839838392364 -0.049039165030527847 -0.0032225892425409666 -0.10027091657519971 0.016841431353182511 0.038804429690061586 -0.097531790330495388 -0.032443344087638035 -0.039185707626289715
leaf_weight=1.8920410303398956 10.699868454597892 610.49479215871543 22.66814046818763 22.285106354393065 101.64408005680889 26.325063487514853 6.4486279189586657 208.8791310954839 11.457745602354406 2.3899280605837703 4.6767059983685604 11.381517001427708 2.3970144139602771 2.1726181032136074
leaf_count=23 110 8359 293 274 1410 342 81 2737 131 33 67 124 30 31
internal_value=-0.000364483 0.00118618 -0.0126059 0.00563541 0.00831668 -0.033021 -0.0382012 -0.00791741 -0.0716545 -0.031324 0.00565371 -0.0881089 -0.00809689 -0.0938781
internal_weight=1045.81 1005.57 244.821 760.749 712.139 48.6102 40.2425 231.547 22.4689 8.83856 17.7736 13.2736 13.0969 13.6304
internal_count=14045 13562 3177 10385 9769 616 483 3030 276 114 207 147 140 162
is_linear=0
shrinkage=0.05


Tree=68
num_leaves=12
num_cat=2
split_feature=1 0 36 32 20 5 39 39 2 30 38
split_gain=71.1299 30.4331 36.7241 53.4226 33.2622 19.0242 25.9274 21.519 4.06292 5.56031 1.26338
threshold=0 1 95.500000000000014 29.144940500000001 31.550000000000004 -0.70289845916694649 26.250000000000004 18.450000000000003 10.500000000000002 12.600000000000001 6.5687500000000005
decision_type=1 1 2 2 2 2 2 2 2 2 2
left_child=1 2 3 -1 -4 7 -7 -3 -2 -10 -11
right_child=8 5 4 -5 -6 6 -8 -9 9 10 -12
leaf_value=-0.028477367800893251 -0.04984493820805206 -0.03332382215869345 -0.0016600863049427647 0.036013391826599468 0.027008314816443196 -0.019706781383730835 0.049817847535079875 0.021567785443674489 -0.046255829758794748 0.013302237540199789 -0.028545360362480423
leaf_weight=115.23171263933182 67.356525995768607 21.951775837689638 153.50818567723036 43.423223294317722 295.16981656104326 242.30117217730731 13.250498714856802 80.006826425902545 10.064655230380597 8.164163785055278 1.2697490900754917
leaf_count=544 6112 218 925 291 1742 2413 138 763 742 96 77
internal_value=-0.000885313 0.00303357 0.00975592 -0.0107115 0.017218 -0.00841892 -0.0159218 0.0095407 -0.0439578 -0.0221816 0.00547379
internal_weight=1051.7 964.843 607.333 158.655 448.678 357.51 255.552 101.959 86.8551 19.4986 9.43391
internal_count=14061 7034 3502 835 2667 3532 2551 981 7027 915 173
cat_boundaries=0 1 2
cat_threshold=1 13
is_linear=0
shrinkage=0.05


Tree=69
num_leaves=10
num_cat=2
split_feature=1 10 0 33 2 38 2 40 26
split_gain=68.1765 30.2572 30.8819 33.5827 9.34996 5.92621 4.10822 4.9662 1.6354
threshold=0 90.645833500000023 1 36.95000000000001 11.500000000000002 6.9169645000000015 10.500000000000002 55.550000000000004 18.250000000000004
decision_type=1 2 1 2 2 2 2 2 2
left_child=1 2 4 -4 -1 -3 -2 -8 -9
right_child=6 5 3 -5 -6 -7 7 8 -10
leaf_value=-0.032074118273870154 -0.04978202662466856 -0.016758403313400987 0.0046561433550479448 0.045245214270557908 0.015835846595939961 -0.094304010317827827 -0.045772573559571254 0.017366305755382595 -0.021530719263152854
leaf_weight=73.036200332455337 64.284871471580118 4.055500976741313 800.70023081451654 53.456571489572525 11.188672078773378 8.1912554558366519 9.3599744187667984 6.4972995668649656 3.2445276509970427
leaf_count=2184 6123 32 4285 314 144 56 767 92 55
internal_value=-0.000600759 0.00321933 0.0042742 0.00716255 -0.0229103 -0.0718285 -0.0436728 -0.0216593 0.00361323
internal_weight=1034.02 950.628 938.382 854.157 84.2249 12.2468 83.3867 19.1018 9.74183
internal_count=14052 7015 6927 4599 2328 88 7037 914 147
cat_boundaries=0 1 2
cat_threshold=1 48
is_linear=0
shrinkage=0.05


Tree=70
num_leaves=11
num_cat=1
split_feature=1 35 26 2 33 44 2 40 32 17
split_gain=63.6957 25.3126 23.2054 50.4145 27.2596 5.16182 4.77544 5.01997 1.50839 0.3087
threshold=0 58.705357000000014 15.050000000000002 9.5000000000000018 31.050000000000004 38.70000000000001 10.500000000000002 55.550000000000004 25.986012000000006 35.45000000000001
decision_type=1 2 2 2 2 2 2 2 2 2
left_child=1 5 3 -3 -4 9 -2 -8 -9 -1
right_child=6 2 4 -5 -6 -7 7 8 -10 -11
leaf_value=-0.032345999209691771 -0.049717186887638355 -0.035884307519617652 -0.035039716398559649 0.016980630753967274 0.010117152756768879 -0.08599599441926202 -0.045481364296234082 -0.021092846992469341 0.015832121479287958 -0.0084474382336086982
leaf_weight=3.2267863880842906 61.196602905634791 98.127542041242123 34.06647312361747 81.910933060571551 725.65183095727116 7.8066412629559636 8.8245130926370638 3.1550866700708848 7.3633175836876035 3.4001767355948687
leaf_count=22 6123 668 244 646 5387 55 755 51 107 22
internal_value=-0.000436259 0.00318519 0.00422392 -0.0118717 0.00804888 -0.0603375 -0.0428541 -0.0197644 0.00388652 -0.0227994
internal_weight=1034.73 954.19 939.757 180.038 759.718 14.4336 80.5395 19.3429 10.5184 6.62696
internal_count=14080 7044 6945 1314 5631 99 7036 913 158 44
cat_boundaries=0 1
cat_threshold=1
is_linear=0
shrinkage=0.05


Tree=71
num_leaves=11
num_cat=4
split_feature=1 0 36 21 34 0 4 2 0 41
split_gain=59.0956 28.5212 29.2992 50.0607 40.0843 15.8313 18.4592 5.59061 13.7218 22.2669
threshold=0 1 95.500000000000014 24.050000000000004 24.450000000000003 2 -0.091260668982868137 10.500000000000002 3 55.550000000000004
decision_type=1 1 2 2 2 1 2 2 1 2
left_child=1 2 3 -1 -4 6 -3 -2 9 -9
right_child=7 5 4 -5 -6 -7 -8 8 -10 -11
leaf_value=-0.035932313793114068 -0.049650687676926153 0.0090820367655450422 0.024567481605662397 0.020978522726083183 -0.01064895511876217 -0.037804371724201952 -0.015024045591754832 -0.032725915246344987 -0.031428837538964936 0.17047397446507129
leaf_weight=80.461444824934006 58.192033567931503 142.59879819490016 342.99360603839159 72.599702395498753 104.97517325729132 29.554753099568188 176.82883553206921 1.8178671337664125 15.181673856452109 2.2956533934921026
leaf_count=370 6115 958 2178 445 527 1176 1361 133 772 27
internal_value=-0.000246396 0.00319529 0.0097045 -0.00897751 0.0163097 -0.00805786 -0.00413869 -0.0419454 -0.0174058 0.0310719
internal_weight=1027.5 950.012 601.03 153.061 447.969 348.982 319.428 77.4872 19.2952 4.11352
internal_count=14062 7015 3520 815 2705 3495 2319 7047 932 160
cat_boundaries=0 1 2 3 4
cat_threshold=1 13 34 1
is_linear=0
shrinkage=0.05


Tree=72
num_leaves=12
num_cat=2
split_feature=1 0 43 43 4 2 21 35 2 40 43
split_gain=55.9676 28.896 24.9256 38.9988 13.7874 17.5139 10.2545 5.85532 5.14335 5.39758 1.63698
threshold=0 1 38.900000000000006 33.750000000000007 0.72695311118111527 9.5000000000000018 25.350000000000005 59.13988100000001 10.500000000000002 55.550000000000004 23.500000000000004
decision_type=1 1 2 2 2 2 2 2 2 2 2
left_child=1 4 3 -3 5 -1 -4 -6 -2 -10 -11
right_child=8 2 6 -5 7 -7 -8 -9 9 10 -12
leaf_value=0.0051884590709016494 -0.049583880774163848 -0.0023357375202615075 -0.076562924902171509 0.052043076132275816 -0.019491368962773998 0.053638218790507203 0.017227135577625122 0.051446832849973582 -0.045128894561810379 0.016157374590619063 -0.030141848770844245
leaf_weight=105.88987686485052 55.36519122030586 726.17010547127575 13.997375827282669 33.536947876214981 2.630375772714614 21.713631115853786 3.2149583324789992 39.540529116988182 8.2651630979962665 8.479707667604087 1.4267491223290552
leaf_count=618 6105 5480 93 257 14 231 26 306 761 86 67
internal_value=-0.000315089 0.00296629 -0.00123959 0.000130051 0.0209534 0.0137859 -0.0590606 0.0466731 -0.0420317 -0.0176358 0.00733698
internal_weight=1020.23 946.694 776.919 759.707 169.774 127.604 17.2123 42.1709 73.5368 18.1716 9.90646
internal_count=14044 7025 5856 5737 1169 849 119 320 7019 914 153
cat_boundaries=0 1 2
cat_threshold=1 1
is_linear=0
shrinkage=0.05


Tree=73
num_leaves=13
num_cat=3
split_feature=1 0 44 3 5 31 36 22 38 19 11 32
split_gain=53.7077 27.1445 22.3485 27.4499 13.8082 26.3694 18.9409 4.25266 2.74876 0.997696 0.484728 0.527869
threshold=0 1 52.000000000000007 2 -0.31800055644052067 27.550000000000001 96.500000000000014 88.270833500000023 6.413393000000001 25.956944500000002 99.500000000000014 26.291964000000004
decision_type=1 1 2 1 2 2 2 2 2 2 2 2
left_child=1 4 3 -3 5 -1 -6 10 9 -9 -2 -12
right_child=7 2 -4 -5 6 -7 -8 8 -10 -11 11 -13
leaf_value=-0.074761477956088257 -0.048895782935607431 0.0074867958210671093 -0.069106688526778606 -0.011648634464627272 0.010354180964314282 0.015717393393125161 0.056847658618692044 0.031320547624420964 -0.040274140582045301 -0.0051235220297942306 0.0013904298019586008 -0.033200143827147012
leaf_weight=8.0802110880613309 57.364391068927944 428.26984133105725 11.191837936639784 331.65136422310024 43.01948381960392 70.464154541492462 44.810371890664101 1.9236279241740684 3.8814758039079607 4.6260772095993161 1.6502718259580427 1.9138950202614067
leaf_count=40 6338 3253 85 2479 272 450 402 23 379 81 47 199
internal_value=-0.00106939 0.0021319 -0.0019225 -0.000868787 0.019757 0.00558657 0.0344479 -0.0425745 -0.0117095 0.00831083 -0.0475843 -0.0203885
internal_weight=1008.85 937.487 771.113 759.921 166.374 78.5444 87.8299 71.3597 10.4312 6.54971 60.9286 3.56417
internal_count=14048 6981 5817 5732 1164 490 674 7067 483 104 6584 246
cat_boundaries=0 1 2 3
cat_threshold=1 1 2
is_linear=0
shrinkage=0.05


Tree=74
num_leaves=11
num_cat=4
split_feature=1 0 0 2 44 27 40 2 0 40
split_gain=49.4153 27.2778 21.3599 22.7265 12.5918 17.7973 8.20946 5.07835 11.3166 16.215
threshold=0 1 2 4.5000000000000009 48.050000000000004 33.750000000000007 130.55000000000004 10.500000000000002 3 55.550000000000004
decision_type=1 1 1 2 2 2 2 2 1 2
left_child=1 4 -3 -4 6 -6 -1 -2 9 -9
right_child=7 2 3 -5 5 -7 -8 8 -10 -11
leaf_value=0.02722496252982147 -0.049458312069252525 -0.037457640232122565 -0.011170009414599318 0.0068349857121238894 -0.057802759342378753 0.053139230319140751 -0.045522814062226136 -0.031153576006429536 -0.029910082019154346 0.14594829944791385
leaf_weight=148.90064258873463 50.553051547147334 28.698997917585075 276.88387361075729 473.57749318704009 9.9790223911404592 4.4738336578011504 3.1092937514185897 1.5984584549441931 13.656208470929416 2.423772694543004
leaf_count=1083 6119 1175 1702 2999 54 24 22 132 766 27
internal_value=-0.000655748 0.00232718 -0.00170505 0.000183548 0.0200055 -0.0222446 0.0254491 -0.0414328 -0.0170639 0.0278749
internal_weight=1013.85 945.623 779.16 750.461 166.463 14.4529 152.01 68.2315 17.6784 4.02223
internal_count=14103 7059 5876 4701 1183 78 1105 7044 925 159
cat_boundaries=0 1 2 3 4
cat_threshold=1 1 16 1
is_linear=0
shrinkage=0.05


Tree=75
num_leaves=10
num_cat=2
split_feature=1 0 34 26 39 33 10 2 19
split_gain=50.8412 24.3541 23.0228 25.2138 19.5573 2.86329 0.767119 0.749309 1.01223
threshold=0 1 20.850000000000005 15.050000000000002 19.250000000000004 31.150000000000002 91.270833500000023 10.500000000000002 26.368055500000004
decision_type=1 1 2 2 2 2 2 2 2
left_child=1 -1 4 -4 -3 7 -7 -2 -9
right_child=5 2 3 -5 -6 6 -8 8 -10
leaf_value=-0.036998489932926745 -0.038512024469795209 0.005961229846171005 -0.012675009132119606 0.0097800788902113866 -0.050138574974210919 -0.049462267107028224 -0.0029830149414854798 -0.018665177661965803 0.016321063685094492
leaf_weight=27.577371777966619 3.201600861269978 27.325453422963619 151.32494471780956 698.23185148835182 34.428918600082397 51.190578975714743 1.0380328446626652 8.0439747087657434 1.841319531202317
leaf_count=1172 343 180 954 4507 219 6424 31 200 29
internal_value=-0.000993602 0.00199281 0.00357832 0.00577013 -0.0256158 -0.043305 -0.0486119 -0.0201781 -0.0112477
internal_weight=1004.2 938.889 911.311 849.557 61.7544 65.3155 52.2286 13.0869 9.88529
internal_count=14059 7032 5860 5461 399 7027 6455 572 229
cat_boundaries=0 1 2
cat_threshold=1 16
is_linear=0
shrinkage=0.05


Tree=76
num_leaves=10
num_cat=2
split_feature=1 22 0 38 2 2 40 4 43
split_gain=45.2926 23.8599 24.1842 23.7336 8.01495 4.63135 4.39359 2.56765 1.32104
threshold=0 89.534722500000015 1 14.349107500000001 8.5000000000000018 10.500000000000002 55.550000000000004 -0.63921128368950708 23.500000000000004
decision_type=1 2 1 2 2 2 2 2 2
left_child=1 2 -1 -4 -3 -2 -7 -6 -8
right_child=5 4 3 -5 7 6 8 -9 -10
leaf_value=-0.036289141192405568 -0.049320780596161962 -0.098794550870129616 0.0059464737139736145 -0.070188530666578472 0.0049172996854972735 -0.044174681088690368 0.013981615100962082 -0.050613799582993502 -0.028779429574614154
leaf_weight=26.025200719945133 45.907513227779418 6.2720410060137493 888.78384820744395 9.3597882147878391 4.3185798861086369 6.9862523009069291 8.0116833504289371 2.7533645313233137 1.2856478430330742
leaf_count=1159 6135 39 5746 54 35 760 83 23 67
internal_value=-0.00026783 0.00249125 0.0034808 0.00502004 -0.0615071 -0.0412414 -0.0169277 -0.0202949 0.00584795
internal_weight=999.704 937.513 924.169 898.144 13.344 62.1911 16.2836 7.07194 9.29733
internal_count=14101 7056 6959 5800 97 7045 910 58 150
cat_boundaries=0 1 2
cat_threshold=1 16
is_linear=0
shrinkage=0.05


Tree=77
num_leaves=12
num_cat=2
split_feature=1 33 44 40 36 7 35 38 0 19 38
split_gain=41.4902 24.5063 46.9761 60.1349 35.5433 14.6494 7.15367 6.01851 12.4159 14.2834 1.59939
threshold=0 36.95000000000001 48.050000000000004 77.300000000000011 95.500000000000014 30.750000000000004 65.029762000000019 6.413393000000001 1 26.417361500000002 12.119345000000001
decision_type=1 2 2 2 2 2 2 2 1 2 2
left_child=1 2 4 -4 -1 10 -7 8 9 -2 -3
right_child=7 5 3 -5 -6 6 -8 -9 -10 -11 -12
leaf_value=-0.016774013585997703 0.1425700315279762 0.038284272784664737 -0.089495084855998039 0.018181287375473153 0.0089723268965440604 0.021508691272387765 -0.039275845749689155 -0.049265822481219676 -0.029135315727617114 -0.029191177814778563 0.066792567255136992
leaf_weight=166.96989009017125 2.6965167005546391 14.587179562076924 30.095151422545314 21.746470095589757 663.33826751075685 13.663073408417405 6.2269943961873642 43.485405317507684 12.853398955892773 1.3646825230680404 18.288397548720241
leaf_count=1171 38 126 193 145 5078 124 54 5953 869 145 149
internal_value=0.000262797 0.00287465 0.000876214 -0.0448378 0.00378095 0.0356473 0.00150967 -0.0395538 -0.013229 0.0304082 0.0556467
internal_weight=995.315 934.915 882.15 51.8416 830.308 52.7656 19.8901 60.4 16.9146 4.0612 32.8756
internal_count=14045 7040 6587 338 6249 453 178 7005 1052 183 275
cat_boundaries=0 1 2
cat_threshold=1 1
is_linear=0
shrinkage=0.05


Tree=78
num_leaves=14
num_cat=1
split_feature=0 38 26 5 34 40 5 39 40 39 40 26 35
split_gain=34.9154 28.7271 29.3802 42.7775 31.1439 18.9654 17.1768 20.5489 20.3295 13.6743 13.0867 12.4362 11.988
threshold=0 6.4553575000000007 14.950000000000001 -0.77788789561442695 20.250000000000004 130.55000000000004 -0.7614016681079937 28.200000000000006 50.350000000000009 18.450000000000003 52.70000000000001 10.500000000000002 81.404762000000019
decision_type=1 2 2 2 2 2 2 2 2 2 2 2 2
left_child=1 5 3 -3 -4 11 8 10 12 -10 -8 -1 -2
right_child=6 2 4 -5 -6 -7 7 -9 9 -11 -12 -13 -14
leaf_value=-0.05569183038863245 0.037296324248196809 -0.088310525560217776 -0.061675987987143494 -0.0035544385117774963 0.0096162302376120862 -0.072235633790898146 -0.013049281067179161 0.06201335535858387 -0.027167192303888522 0.028750195261898898 -0.036124873602173348 0.041149805514984206 -0.050476597260669109
leaf_weight=2.612771008629351 4.0468223183415857 19.464089480228722 14.888262643478809 54.960000335238874 434.42195027973503 3.2143690250813952 172.82573199644685 6.6469961237162343 12.543728334363548 58.820557601749897 96.097903226967901 83.200011878274381 19.162780157290399
leaf_count=31 82 172 129 625 4987 32 3416 119 250 1085 1694 1041 371
internal_value=-0.000629196 0.00666966 0.00228895 -0.0265976 0.00712219 0.0328699 -0.0125395 -0.0191695 0.00546579 0.018682 -0.0213985 0.0375937 -0.0342641
internal_weight=982.906 612.761 523.734 74.4241 449.31 89.0272 370.145 275.571 94.5739 71.3643 268.924 85.8128 23.2096
internal_count=14034 7017 5913 797 5116 1104 7017 5229 1788 1335 5110 1072 453
cat_boundaries=0 1
cat_threshold=13
is_linear=0
shrinkage=0.05


Tree=79
num_leaves=12
num_cat=2
split_feature=1 0 39 38 40 4 44 39 2 35 21
split_gain=40.6575 22.0427 21.1929 28.7266 24.3642 20.1863 22.0393 18.1146 4.11572 3.97083 1.46624
threshold=0 1 20.000000000000004 6.9169645000000015 75.050000000000011 -0.10837695015263894 48.800000000000004 24.950000000000003 10.500000000000002 86.181548000000006 23.250000000000004
decision_type=1 1 2 2 2 2 2 2 2 2 2
left_child=1 2 3 -1 -4 6 -3 -7 -2 -10 -11
right_child=8 5 4 -5 -6 7 -8 -9 9 10 -12
leaf_value=0.020987047094190733 -0.049176242543186227 0.011064324714867766 0.011759165578524395 -0.021021674575335134 0.050605635846517706 -0.017466106736455815 -0.047184880202685742 0.015413320349829805 -0.044301722227417718 0.020943383589325838 -0.014886456696450624
leaf_weight=73.499488435685635 41.560080356895924 218.0110117373988 153.18604420870543 88.697334431111813 54.270858556032181 273.81295177293941 16.555155801586807 48.625059607438743 6.8709316961467293 4.7633156254887563 4.6920586433261633
leaf_count=527 6114 1801 938 530 358 2320 133 398 743 61 98
internal_value=-0.000565955 0.001992 0.011265 -0.00197347 0.0221154 -0.00429601 0.00677037 -0.0124754 -0.0408528 -0.0180493 0.00344022
internal_weight=984.544 926.658 369.654 162.197 207.457 557.004 234.566 322.438 57.8864 16.3263 9.45537
internal_count=14021 7005 2353 1057 1296 4652 1934 2718 7016 902 159
cat_boundaries=0 1 2
cat_threshold=1 5
is_linear=0
shrinkage=0.05


Tree=80
num_leaves=15
num_cat=1
split_feature=0 34 34 33 37 5 35 32 5 35 10 44 4 31
split_gain=27.7674 27.6743 38.3405 36.8541 30.0993 8.35233 21.8478 11.4849 7.60294 28.2498 6.53072 7.75561 4.62551 3.51212
threshold=0 25.250000000000004 24.550000000000004 33.95000000000001 25.500000000000004 0.79773375822167203 79.714286000000001 26.263392500000005 -0.94137724084408114 86.755952500000021 64.187500000000014 34.750000000000007 0.85226249403558707 35.45000000000001
decision_type=1 2 2 2 2 2 2 2 2 2 2 2 2 2
left_child=5 2 4 -4 -2 8 -7 -8 9 -1 13 -12 -10 -3
right_child=1 10 3 -5 -6 6 7 -9 12 -11 11 -13 -14 -15
leaf_value=-0.046737020459279452 -0.078062549146742502 0.045169837092848837 -0.048150378432736098 0.0068720148365111373 0.0052995398420830724 -0.047825688562873447 -0.038237643539008111 0.070633416979530517 -0.051076393727611594 0.10469438785656562 -0.0012362560335432329 0.051572609272130636 -0.017730705736588144 -0.012801445081406612
leaf_weight=9.0372999706305546 10.004042619839309 2.4564198143780223 74.367502948734909 50.670092697720975 686.06771524250507 11.55034908372909 2.4951922437176099 8.9333944749087077 45.400032814126462 3.4431243501603594 8.3417495894245786 39.404920374974608 15.266738727688788 9.7122994065284711
leaf_count=470 99 35 666 482 7403 684 91 125 2302 124 90 498 915 117
internal_value=-0.00111954 0.00179308 -0.000598165 -0.0259756 0.00399118 -0.0251531 -0.00134482 0.0456996 -0.0359057 -0.000292521 0.0343301 0.0425104 -0.0431086 0.00144228
internal_weight=977.151 881.025 821.109 125.038 696.072 96.1261 22.9789 11.4286 73.1472 12.4804 59.9154 47.7467 60.6668 12.1687
internal_count=14101 9390 8650 1148 7502 4711 900 216 3811 594 740 588 3217 152
cat_boundaries=0 1
cat_threshold=48
is_linear=0
shrinkage=0.05


Tree=81
num_leaves=12
num_cat=2
split_feature=1 20 34 26 39 2 27 4 2 0 40
split_gain=37.3173 22.3422 28.2544 24.6432 17.5221 43.0897 18.0199 11.7663 5.12558 10.2021 11.218
threshold=0 30.850000000000005 20.350000000000005 14.65 19.450000000000003 9.5000000000000018 34.150000000000013 0.21022171450811272 10.500000000000002 1 55.550000000000004
decision_type=1 2 2 2 2 2 2 2 2 1 2
left_child=1 4 7 -4 5 -1 -6 -3 -2 10 -10
right_child=8 2 3 -5 6 -7 -8 -9 9 -11 -12
leaf_value=-0.094143919979736673 -0.049095539738676544 -6.0028074565581549e-05 -0.014444049557127012 0.010437040727487914 -0.031311577243934595 0.0050814097793312266 0.029705680115510353 -0.064298065011468661 -0.028329837663751523 -0.028166469257360993 0.12574051249359694
leaf_weight=20.611321876756847 39.322481979615986 11.008296510204675 115.6211616769433 681.04772362951189 22.487241105176508 21.964264287613332 23.957573574967682 19.235237376298755 1.2734708925709113 11.988056959118692 2.7126214131712914
leaf_count=144 6096 88 850 5220 179 176 182 142 122 761 23
internal_value=-4.50568e-06 0.00242149 0.00499119 0.00681245 -0.0212388 -0.0440128 0.000125601 -0.0416665 -0.0395179 -0.014438 0.0268529
internal_weight=971.229 915.933 826.912 796.669 89.0204 42.5756 46.4448 30.2435 55.2966 15.9741 3.98609
internal_count=13983 6981 6300 6070 681 320 361 230 7002 906 145
cat_boundaries=0 1 2
cat_threshold=1 1
is_linear=0
shrinkage=0.05


Tree=82
num_leaves=13
num_cat=3
split_feature=1 0 44 39 22 5 26 39 33 0 5 14
split_gain=35.8212 22.781 24.7308 31.9698 25.5778 18.7553 22.9877 19.8258 5.04072 8.62817 1.23508 0.964492
threshold=0 1 47.70000000000001 26.650000000000002 88.861111000000008 -0.6905596507703472 16.450000000000003 27.450000000000006 31.150000000000002 2 0.70747208174348741 8.1000000000000014
decision_type=1 1 2 2 2 2 2 2 2 1 2 2
left_child=1 2 4 -4 -1 6 -3 -7 9 10 -2 -10
right_child=8 5 3 -5 -6 7 -8 -9 11 -11 -12 -13
leaf_value=0.013264135950788581 0.0079654589018658458 -0.03210199889551079 -0.076025892954771107 0.008499190249104607 -0.04659166674946244 -0.018304878905078838 0.023387887340136866 0.063323084958096715 0.0025365368996880648 -0.025799983607753388 0.095952892234139595 -0.049123267852023325
leaf_weight=511.20686192810535 0.6622509290464208 23.741607937030494 18.330527573823929 26.134423263370991 17.529915735125542 235.60821139486507 75.510882397182286 6.7198253013193598 0.82600009441375633 9.7151329615153355 2.7452312055975199 40.066140885930508
leaf_count=3177 51 245 86 142 104 2431 751 63 36 495 44 6388
internal_value=-0.000340218 0.0020142 0.00803086 -0.0272518 0.0111955 -0.00807495 0.00992666 -0.0157904 -0.039526 -0.0114599 0.025862 -0.0480441
internal_weight=968.797 914.782 573.202 44.465 528.737 341.581 99.2525 242.328 54.0148 13.1226 3.40748 40.8921
internal_count=14013 6999 3509 228 3281 3490 996 2494 7014 590 95 6424
cat_boundaries=0 1 2 3
cat_threshold=1 13 1
is_linear=0
shrinkage=0.05


Tree=83
num_leaves=10
num_cat=2
split_feature=1 10 0 6 32 33 38 12 14
split_gain=34.2825 22.3874 21.7194 23.0498 8.01236 4.5109 1.76574 0.885069 0.801883
threshold=0 90.645833500000023 1 2.5000000000000004 26.570536000000001 31.150000000000002 6.3949405000000015 62.500000000000007 8.1000000000000014
decision_type=1 2 1 2 2 2 2 2 2
left_child=1 2 -1 -4 -3 6 7 -2 -7
right_child=5 4 3 -5 -6 8 -8 -9 -10
leaf_value=-0.035735778836488326 -0.02827380077969309 -0.0064356984803497609 -0.010024413681963208 0.0087543373506132997 -0.087599435925901081 -0.0012696686606147992 -0.038558895852005781 0.0075862830196130604 -0.049058723253567513
leaf_weight=24.631632029544562 1.1413910817354898 4.7491316422820082 215.30698786396533 668.01660953275859 8.379055346362291 0.95291684940457244 3.2329058111645272 7.7641621539369226 38.37612269539386
leaf_count=1163 57 39 1334 4486 57 35 426 92 6406
internal_value=-0.000549507 0.00168805 0.00265703 0.00412429 -0.0607721 -0.0398627 -0.0119705 0.000599881 -0.047961
internal_weight=972.551 921.083 907.955 883.324 13.1282 51.4675 12.1385 8.90555 39.329
internal_count=14095 7079 6983 5820 96 7016 575 149 6441
cat_boundaries=0 1 2
cat_threshold=1 16
is_linear=0
shrinkage=0.05


Tree=84
num_leaves=15
num_cat=0
split_feature=6 39 40 6 5 44 5 39 33 36 33 20 35 15
split_gain=19.51 40.0305 50.8448 22.2799 31.9466 18.4049 24.3487 24.2016 15.8129 15.6073 15.1588 12.0702 8.03798 7.15479
threshold=27.000000000000004 18.850000000000005 41.550000000000004 2.5000000000000004 -0.97874870457683605 48.050000000000004 -0.75013812021657655 26.650000000000002 30.850000000000005 99.500000000000014 36.95000000000001 32.850000000000001 86.63392850000001 6.7500000000000009
decision_type=2 2 2 2 2 2 2 2 2 2 2 2 2 2
left_child=3 9 13 4 -1 6 -5 -7 -4 11 -6 -2 -11 -3
right_child=1 2 8 5 10 7 -8 -9 -10 12 -12 -13 -14 -15
leaf_value=-0.08548593343421354 -0.07309893986991943 -0.10654805332879419 -0.10307288460193725 0.027829014536518232 -0.0099003122331840394 -0.069036543989571972 0.0041907394534316513 0.0090372949462427157 0.026733181540637724 0.028387512038995061 0.035196004352095536 0.031840083477772674 -0.041868908905379837 -0.012680397385517204
leaf_weight=12.307841815520076 37.21281189378351 8.8991344301030022 1.4635188207030285 147.10956459492445 192.67923720739782 16.407785281073302 413.71199702797458 22.629460874013603 65.55695066601038 7.6383820772171003 19.637155320495367 2.4061776176095 6.7175515927374363 2.9256788273341945
leaf_count=152 511 114 22 2162 2699 219 6293 309 965 126 312 36 108 39
internal_value=0.000209507 -0.0175005 0.00527075 0.00308025 -0.0103215 0.00810751 0.0104298 -0.0246827 0.022425 -0.050255 -0.00558391 -0.0660987 -0.00507317 -0.0861231
internal_weight=957.303 132.82 78.8453 824.483 224.624 599.859 560.822 39.0372 67.0205 53.9749 212.316 39.619 14.3559 11.8248
internal_count=14067 1921 1140 12146 3163 8983 8455 528 987 781 3011 547 234 153
is_linear=0
shrinkage=0.05


Tree=85
num_leaves=11
num_cat=3
split_feature=1 35 0 10 33 0 35 31 22 22
split_gain=32.9572 22.1792 20.5928 19.0158 4.23238 6.97692 3.0913 1.13773 0.280505 0.39376
threshold=0 58.401786000000008 1 90.645833500000023 31.150000000000002 2 85.657738000000009 36.550000000000004 88.805555500000011 88.861111000000008
decision_type=1 2 1 2 2 1 2 2 2 2
left_child=1 7 -3 -4 5 6 -2 -1 -6 -10
right_child=4 2 3 -5 8 -7 -8 -9 9 -11
leaf_value=-0.03190387422062093 -0.016618041354959492 -0.035283267769842364 0.0050276293713157807 -0.054432588618104016 -0.048939785345223634 -0.024798928526671815 0.090205375657457884 -0.084858214784111888 0.0084499592827823773 -0.02677147423080551
leaf_weight=3.2750062113627774 0.48433256382122492 23.672356496565044 857.8120767492801 12.665030982345341 35.770770078292117 9.0518317464739066 2.8710584240034223 6.0352270789444447 0.66562482248991628 1.119984646560624
leaf_count=23 34 1144 5679 77 6293 487 65 44 17 140
internal_value=-0.000416743 0.00178806 0.00262594 0.00405452 -0.0395375 -0.0128841 0.0226064 -0.0711319 -0.0477803 -0.0153218
internal_weight=953.423 903.46 894.149 870.477 49.9636 12.4072 3.35539 9.31023 37.5564 1.78561
internal_count=14003 6967 6900 5756 7036 586 99 67 6450 157
cat_boundaries=0 1 2 3
cat_threshold=1 16 1
is_linear=0
shrinkage=0.05


Tree=86
num_leaves=13
num_cat=3
split_feature=1 0 44 2 4 2 33 0 35 44 22 22
split_gain=30.3987 19.6946 20.1924 23.6795 14.0109 17.8196 4.89114 7.36284 4.55424 1.25102 0.25755 0.424798
threshold=0 1 52.000000000000007 4.5000000000000009 0.69056404122701587 9.5000000000000018 31.150000000000002 2 59.13988100000001 38.70000000000001 88.805555500000011 88.861111000000008
decision_type=1 1 2 2 2 2 2 1 2 2 2 2
left_child=1 4 3 -3 5 -1 7 9 -6 -2 -8 -12
right_child=6 2 -4 -5 8 -7 10 -9 -10 -11 11 -13
leaf_value=0.00057257260124915662 0.014312150956325332 -0.012166149375434971 -0.06716408292323077 0.0062425343134520309 -0.013437988878915067 0.052410606476179324 -0.048861037116047334 -0.024442914146193359 0.04781444408104113 0.089435458893854958 0.009086284103991666 -0.027381584273784471
leaf_weight=97.943135246634483 1.1818563616834565 278.66486656852067 10.59517748095095 464.40177686978132 2.8739708438515654 18.961879201233387 34.125355805037543 8.8431301263626647 37.737152442336082 2.4902337281964719 0.6474602916277935 1.1718600688036529
leaf_count=603 57 2148 83 3656 15 234 6311 487 320 40 16 142
internal_value=-0.000286623 0.00178372 -0.00166863 -0.000668163 0.0172269 0.00935385 -0.0384636 -0.0104805 0.043261 0.0234035 -0.0476594 -0.0157838
internal_weight=959.638 911.178 753.662 743.067 157.516 116.905 48.4599 12.5152 40.6111 3.67209 35.9447 1.81932
internal_count=14112 7059 5887 5804 1172 837 7053 584 335 97 6469 158
cat_boundaries=0 1 2 3
cat_threshold=1 1 1
is_linear=0
shrinkage=0.05


Tree=87
num_leaves=9
num_cat=3
split_feature=1 0 35 43 44 38 0 19
split_gain=27.0235 18.5254 18.1865 17.9846 7.24998 5.46462 9.48223 7.35059
threshold=0 1 58.705357000000014 38.900000000000006 38.70000000000001 6.413393000000001 2 26.417361500000002
decision_type=1 1 2 2 2 2 1 2
left_child=1 -1 4 -4 -3 6 7 -2
right_child=5 2 3 -5 -6 -7 -8 -9
leaf_value=-0.034891569083959385 0.1030424540410801 -0.010701593707503307 0.004828751951521236 -0.041276753403909988 -0.082614459103243942 -0.048759732492466547 -0.026756937131104937 -0.025652817068991481
leaf_weight=23.011377703398466 3.3580708289518935 6.5771694965660554 850.09154247958213 20.6969601996243 7.4354855855926871 31.656218802323565 10.821927740471436 1.0318112694658337
leaf_count=1167 40 36 5653 124 47 6011 873 137
internal_value=-0.000554383 0.0013748 0.00271952 0.00368682 -0.0518217 -0.0371699 -0.0115313 0.0257926
internal_weight=954.681 907.813 884.801 870.789 14.0127 46.868 15.2118 4.38988
internal_count=14088 7027 5860 5777 83 7061 1050 177
cat_boundaries=0 1 2 3
cat_threshold=1 16 1
is_linear=0
shrinkage=0.05


Tree=88
num_leaves=14
num_cat=2
split_feature=1 34 34 33 37 8 44 22 0 22 34 14 25
split_gain=27.1038 18.6024 32.1195 35.9041 26.7356 7.12358 6.6082 4.18895 4.09837 2.81694 2.38749 0.768884 0.0622547
threshold=0 25.250000000000004 24.550000000000004 33.95000000000001 25.500000000000004 37.850000000000001 34.400000000000013 88.270833500000023 1 65.333333000000025 23.250000000000004 7.7500000000000009 5.3750000000000009
decision_type=1 2 2 2 2 2 2 2 1 2 2 2 2
left_child=1 2 4 -4 -1 6 -3 11 10 -7 -9 -2 -13
right_child=7 5 3 -5 -6 9 -8 8 -10 -11 -12 12 -14
leaf_value=-0.07231013645552041 0.0016725984640268228 -0.005596293537687199 -0.044697675387329765 0.0089570069274396823 0.0049651078855244817 0.0073046252550261342 0.04255685261968345 0.093810798208806043 -0.018406719097244152 -0.053389273672269644 -0.0017274284688996184 -0.019146826024609171 -0.047664685198337171
leaf_weight=10.374136160593478 0.77535374648868938 8.2382827950641495 76.960563458036631 51.481754619628191 711.47356731956825 4.0751061802729955 43.146833978593349 1.7749916370958074 5.637454284587875 2.2909625992178917 0.80892355786636461 2.0368876319844267 32.857752179261297
leaf_count=77 23 64 491 368 5609 37 412 11 401 20 71 288 6230
internal_value=-0.000345409 0.00152786 -0.000351859 -0.023289 0.00375604 0.0287385 0.0348773 -0.038271 -0.00531825 -0.0188201 0.0189341 -0.045514 -0.0465798
internal_weight=951.933 908.041 850.29 128.442 721.848 57.7512 51.3851 43.8914 8.22137 6.36607 2.58392 35.67 34.8946
internal_count=14102 7078 6545 859 5686 533 476 7024 483 57 82 6541 6518
cat_boundaries=0 1 2
cat_threshold=1 1
is_linear=0
shrinkage=0.05


Tree=89
num_leaves=12
num_cat=2
split_feature=1 20 22 39 38 37 39 21 38 0 19
split_gain=25.3463 17.606 23.9965 49.1553 29.8554 15.6868 34.8482 12.5591 4.00632 6.78286 5.77576
threshold=0 30.850000000000005 86.368055500000011 18.750000000000004 7.4752975000000008 67.500000000000014 22.150000000000002 24.550000000000004 6.413393000000001 1 26.417361500000002
decision_type=1 2 2 2 2 2 2 2 2 1 2
left_child=1 5 4 -4 -3 7 -7 -1 9 10 -2
right_child=8 2 3 -5 -6 6 -8 -9 -10 -11 -12
leaf_value=0.0028071288924030012 0.0902249023658587 0.014354929583288684 -0.022817518270490299 0.036551412167868134 -0.0085410916217641478 -0.088188368415985902 0.027517232716386859 -0.06716856390208388 -0.048582956635778565 -0.025493066788151775 -0.025079367198399191
leaf_weight=53.519802172668278 3.0349474968388659 209.21988617163152 47.770305706188083 122.66682623513043 440.20851315557957 18.67894168198109 9.1399087132886034 6.274710181169211 28.657965518068522 9.9386386408004892 0.98746201302856196
leaf_count=433 37 1644 395 986 3346 136 71 42 5971 870 141
internal_value=-0.000836721 0.000951756 0.00323642 0.0198754 -0.00115418 -0.0202229 -0.0505375 -0.00552003 -0.0380672 -0.0146769 0.020916
internal_weight=950.098 907.479 819.866 170.437 649.428 87.6134 27.8189 59.7945 42.619 13.961 4.02241
internal_count=14072 7053 6371 1381 4990 682 207 475 7019 1048 178
cat_boundaries=0 1 2
cat_threshold=1 1
is_linear=0
shrinkage=0.05


Tree=90
num_leaves=12
num_cat=3
split_feature=0 1 43 43 2 4 40 21 1 30 43
split_gain=26.3465 27.924 16.2402 24.8242 13.1727 18.0612 12.8166 11.5181 5.89649 0.247753 1.0699
threshold=0 1 38.900000000000006 33.750000000000007 9.5000000000000018 0.61237135649459018 66.050000000000011 25.350000000000005 2 12.600000000000001 23.500000000000004
decision_type=1 1 2 2 2 2 2 2 1 2 2
left_child=4 2 3 -2 5 6 -1 -4 -7 -6 -11
right_child=1 -3 7 -5 9 8 -8 -9 -10 10 -12
leaf_value=-0.017544189051115135 -0.0029654266529994394 -0.049611553542846458 -0.071817373907857515 0.041973753666870839 0.040427448241510511 0.040522803495068566 0.019725255614089495 0.022279322929190323 -0.033962496367854145 0.078074415433090627 0.031610255816417764
leaf_weight=49.964309265371412 704.34621341014281 31.309530499391258 12.517174462787809 31.130604945123196 12.748821218032392 46.815349463373423 41.14401637413539 3.758753875270485 2.0820808541029683 5.980011454317717 4.1374188391491771
leaf_count=554 5496 5858 91 249 294 386 541 31 385 80 100
internal_value=-0.000187327 -0.00404336 -0.00213584 -0.00100887 0.0174456 0.0125535 -0.000682088 -0.050055 0.0367341 0.0529277 0.0636258
internal_weight=945.934 783.062 751.753 735.477 162.872 140.006 91.1083 16.2759 48.8974 22.8663 10.1174
internal_count=14065 11725 5867 5745 2340 1866 1095 122 771 474 180
cat_boundaries=0 1 2 3
cat_threshold=1 1 1
is_linear=0
shrinkage=0.05


Tree=91
num_leaves=11
num_cat=1
split_feature=1 33 44 4 7 39 8 33 23 44
split_gain=23.979 19.4583 35.0477 25.0206 24.1985 17.1689 6.2529 5.04753 1.27442 0.956797
threshold=0 36.95000000000001 48.800000000000004 0.89787622492179153 26.787500000000005 24.450000000000003 35.650000000000013 31.150000000000002 98.500000000000014 39.400000000000013
decision_type=1 2 2 2 2 2 2 2 2 2
left_child=1 2 3 -1 -4 6 -3 8 -2 -10
right_child=7 5 4 -5 -6 -7 -8 -9 9 -11
leaf_value=0.0049206942422204943 -0.035090215481596333 0.042871239776202365 0.026401996257591272 -0.020405129666462254 -0.072616557640952137 0.060609839149955082 -0.010461820962783891 -0.048634756761628276 -0.0092826642462061053 0.02218375827575024
leaf_weight=700.75528226979077 2.2611617201473555 6.3547828346490887 7.4491276238113633 112.26835982501507 25.742429849226028 24.066808925941586 20.79403898306191 28.94798866007477 6.2581365141086263 2.6246586525812745
leaf_count=5488 304 63 49 854 178 208 190 6463 239 42
internal_value=-0.000562925 0.00114599 -0.000681057 0.00140275 -0.0502717 0.0307685 0.00310149 -0.0379129 -0.00834993 0.00131883
internal_weight=937.523 897.431 846.215 813.024 33.1916 51.2156 27.1488 40.0919 11.144 8.8828
internal_count=14078 7030 6569 6342 227 461 253 7048 585 281
cat_boundaries=0 1
cat_threshold=1
is_linear=0
shrinkage=0.05


Tree=92
num_leaves=15
num_cat=2
split_feature=26 2 33 38 34 0 33 0 40 39 31 39 30 44
split_gain=21.9683 35.5805 30.4663 31.0103 23.8732 24.722 24.6209 17.9382 13.1159 11.851 9.32673 8.60588 6.36548 3.00009
threshold=15.050000000000002 9.5000000000000018 32.45000000000001 6.8250000000000011 20.350000000000005 0 31.050000000000004 1 70.550000000000011 19.450000000000003 27.550000000000001 22.350000000000005 0.35000000000000003 40.850000000000009
decision_type=2 2 2 2 2 1 2 1 2 2 2 2 2 2
left_child=1 2 9 -4 10 11 -7 12 -9 -1 -2 -6 -3 -12
right_child=4 7 3 -5 5 6 -8 8 -10 -11 13 -13 -14 -15
leaf_value=-0.078359439715840445 0.0098682691166669667 -0.0063488059306096335 0.041042263196710511 -0.036961288240032995 -0.011988628355571436 -0.034437238662053428 0.0097743803038413402 0.0001481472154761452 -0.05986534496227347 -0.014135456596114647 -0.071562946910787656 -0.049671653496760282 0.046976520344967368 -0.024641673864062595
leaf_weight=36.548962192144245 6.1190035862382528 6.5796338347718111 18.337598563637584 36.509802827611566 42.4811692815274 32.158675086684525 636.5432534806896 35.502591502619907 11.241645098663865 9.5029582497663778 13.896066467277707 23.369073908776045 29.589952229522169 6.311711471527814
leaf_count=492 88 112 270 473 2177 316 7090 502 144 133 220 1510 521 97
internal_value=-0.000888289 -0.0163521 -0.0361487 -0.0106138 0.00286402 0.00456523 0.00748813 0.00788244 -0.0125977 -0.0656887 -0.043032 -0.0225338 0.0294446 -0.0587605
internal_weight=944.692 183.813 100.899 54.8474 760.879 734.552 668.702 82.9138 46.7442 46.0519 26.3268 65.8502 36.1696 20.2078
internal_count=14145 2647 1368 743 11498 11093 7406 1279 646 625 405 3687 633 317
cat_boundaries=0 1 2
cat_threshold=48 41
is_linear=0
shrinkage=0.05


Tree=93
num_leaves=12
num_cat=2
split_feature=1 20 34 44 39 5 27 23 38 0 19
split_gain=21.1983 17.6513 25.0049 19.5603 12.7885 30.6878 10.2785 8.63192 4.44151 6.93079 5.00782
threshold=0 30.850000000000005 20.350000000000005 46.600000000000001 20.450000000000003 -0.14250536273956088 34.150000000000013 97.500000000000014 6.413393000000001 1 26.439583500000001
decision_type=1 2 2 2 2 2 2 2 2 1 2
left_child=1 4 7 -4 5 -1 -6 -3 9 10 -2
right_child=8 2 3 -5 6 -7 -8 -9 -10 -11 -12
leaf_value=-0.088477426385889735 0.084619307316562822 -0.057981399407299086 0.0076992013815298608 -0.019573299571217954 -0.024896774384566438 -0.0059190912346013371 0.024404719222093335 0.0024167380277117516 -0.048325772576842348 -0.024726670537388612 -0.024003361055831653
leaf_weight=17.296761256176978 3.4060101117938739 20.675935689359907 706.51705675479025 71.524426849093288 19.420443852432072 29.659085574559867 20.920592562295496 8.0291027724742872 25.106073461472988 9.4518135234247875 0.90769143938086916
leaf_count=117 38 169 5569 522 149 248 162 68 5978 885 139
internal_value=-0.000451033 0.00113853 0.00345751 0.00517017 -0.0200886 -0.0375413 0.000642527 -0.0415748 -0.0361224 -0.0121 0.0213562
internal_weight=932.915 894.043 806.747 778.041 87.2969 46.9558 40.341 28.705 38.8716 13.7655 4.3137
internal_count=14044 7004 6328 6091 676 365 311 237 7040 1062 177
cat_boundaries=0 1 2
cat_threshold=1 1
is_linear=0
shrinkage=0.05


Tree=94
num_leaves=12
num_cat=2
split_feature=0 1 5 31 8 44 4 36 38 4 31
split_gain=22.9308 24.879 17.392 22.4331 15.4917 15.4852 17.2702 13.6538 19.522 10.9662 1.2467
threshold=0 1 -0.31800055644052067 27.550000000000001 30.950000000000003 52.000000000000007 -0.29343379936893915 96.500000000000014 9.1110120000000023 0.29342972903661901 20.700000000000003
decision_type=1 1 2 2 2 2 2 2 2 2 2
left_child=2 5 3 9 -5 6 -2 8 -4 -1 -9
right_child=1 -3 7 4 -6 -7 -8 10 -10 -11 -12
leaf_value=-0.11645582920740571 0.0090721561287343579 -0.049521882707786534 -0.029739394379032648 -0.023213137314586893 0.026712002908622121 -0.064465123957965095 -0.0070820486839332404 -0.0011896297111629803 0.038492392497309139 -0.003442084982242348 0.052857447955447473
leaf_weight=4.7060573550406826 252.28763414733112 28.031952413963154 16.500165893929079 22.883359397761524 43.761572612915188 8.8929548016749305 476.15508993063122 1.0490023051388551 25.317953390069306 3.5412388674449176 42.830558263231069
leaf_count=44 2027 5841 176 282 640 78 3715 22 374 36 776
internal_value=-0.000419414 -0.00406616 0.0161318 -0.000512192 0.00947985 -0.00232837 -0.00148246 0.0323761 0.0115044 -0.0735496 0.0515677
internal_weight=925.958 765.368 160.59 74.8922 66.6449 737.336 728.443 85.6977 41.8181 8.2473 43.8796
internal_count=14011 11661 2350 1002 922 5820 5742 1348 550 80 798
cat_boundaries=0 1 2
cat_threshold=1 1
is_linear=0
shrinkage=0.05


Tree=95
num_leaves=9
num_cat=1
split_feature=0 26 2 33 34 44 43 26
split_gain=20.4509 16.8871 37.385 28.945 21.178 19.1019 10.7186 8.12611
threshold=0 15.050000000000002 9.5000000000000018 32.45000000000001 20.250000000000004 46.600000000000001 26.650000000000002 16.450000000000003
decision_type=1 2 2 2 2 2 2 2
left_child=-1 2 3 -2 7 -6 -4 -3
right_child=1 4 6 -5 5 -7 -8 -9
leaf_value=-0.036405384322604477 -0.061738336374000585 0.01375702090343464 0.021240669560607037 -0.0073540432619496054 0.0088482319834505777 -0.016553771903792851 -0.030612922074676519 -0.069305349686495404
leaf_weight=26.571963443187997 45.470692591043189 3.4152944057714185 65.003839520737529 52.323748841648921 630.56853588600643 82.900353495031595 10.831744482740758 12.139152889139948
leaf_count=2345 509 45 904 608 8334 1010 150 171
internal_value=-0.000257683 0.00123473 -0.0127206 -0.0330096 0.00458824 0.00587765 0.0135323 -0.051338
internal_weight=929.225 902.653 173.63 97.7944 729.023 713.469 75.8356 15.5544
internal_count=14076 11731 2171 1117 9560 9344 1054 216
cat_boundaries=0 1
cat_threshold=16
is_linear=0
shrinkage=0.05


Tree=96
num_leaves=13
num_cat=3
split_feature=0 1 34 5 4 39 0 34 39 4 36 19
split_gain=21.2494 23.511 17.0601 14.7527 21.2533 30.262 14.5414 13.7787 13.5696 8.09081 7.71492 0.953148
threshold=0 1 20.950000000000003 -0.31800055644052067 0.55656748448714433 18.850000000000005 2 20.250000000000004 19.250000000000004 0.21022171450811272 89.500000000000014 26.854861000000003
decision_type=1 1 2 2 2 2 1 2 2 2 2 2
left_child=3 2 8 4 5 -1 -4 9 -2 -5 -9 -6
right_child=1 -3 6 7 11 -7 -8 10 -10 -11 -12 -13
leaf_value=-0.068549888354792518 -0.0020656957476586635 -0.049376317210029115 -0.033533383485533023 0.032643227393445759 0.0041539105431115933 0.008904978857183431 0.0012348691670844144 -0.0069137440853717994 -0.054104059202559042 -0.068418974067761304 0.042562309169499851 0.052121602896043999
leaf_weight=16.707684026565403 23.148457606323063 26.591271490557119 20.463777457363904 2.3622834063135079 1.299653226975354 43.173254224937409 670.27490121964365 8.606947497231884 26.516362871509045 4.4453684517648071 67.849355624988675 15.358670737361534
leaf_count=183 188 5864 1098 43 16 543 4341 120 242 38 1152 241
internal_value=-0.000508662 -0.00400361 -0.00236367 0.0154731 0.000537725 -0.0134771 -0.000309078 0.0308692 -0.0303688 -0.0336607 0.0369753 0.0488264
internal_weight=926.798 766.995 740.403 159.803 76.5393 59.8809 690.739 83.264 49.6648 6.80765 76.4563 16.6583
internal_count=14069 11733 5869 2336 983 726 5439 1353 430 81 1272 257
cat_boundaries=0 1 2 3
cat_threshold=1 1 16
is_linear=0
shrinkage=0.05


Tree=97
num_leaves=14
num_cat=2
split_feature=0 38 26 5 5 38 5 39 33 20 5 1 20
split_gain=20.9479 23.4039 18.8911 32.9477 20.8212 14.8937 14.7306 17.0593 16.7432 13.006 12.4499 5.52358 2.90547
threshold=0 6.4553575000000007 14.950000000000001 -0.86974577485258975 0.77652048701313048 5.6142855000000003 -0.84313311835787952 26.250000000000004 32.150000000000013 31.850000000000005 0.097680735332368721 1 32.95000000000001
decision_type=1 2 2 2 2 2 2 2 2 2 2 1 2
left_child=1 9 3 -3 -4 12 8 -8 -7 10 -1 -11 -2
right_child=5 2 4 -5 -6 6 7 -9 -10 11 -12 -13 -14
leaf_value=-0.027001715902854023 -0.074542699530812814 -0.087672578293413295 0.011284833807454937 -0.0044385635719826908 -0.017698500605580269 0.048862755209960911 -0.015812152673008849 0.040896608860361242 -0.0039304417729264995 0.053961528512348783 0.029608668409036712 -0.029856835307340748 0.0055900799249027659
leaf_weight=13.845335711957885 9.2036224612966162 13.989942561602218 338.19413519068621 58.066218880470842 74.87979506701231 21.072252470068634 258.48751540773083 13.033736373530699 46.582525362609886 39.285289727151394 27.364761355798692 1.4589359757956106 1.1219270906876762
leaf_count=176 173 122 4292 666 813 406 5243 280 939 288 376 281 21
internal_value=6.69918e-05 0.00596426 0.00186867 -0.0215776 0.00600084 -0.00939352 -0.00775373 -0.0129499 0.0129851 0.0306124 0.0104002 0.0503169 -0.066111
internal_weight=916.586 567.084 485.13 72.0562 413.074 349.502 339.176 271.521 67.6548 81.9543 41.2101 40.7442 10.3255
internal_count=14076 7014 5893 788 5105 7062 6868 5523 1345 1121 552 569 194
cat_boundaries=0 1 2
cat_threshold=13 1
is_linear=0
shrinkage=0.05


Tree=98
num_leaves=13
num_cat=2
split_feature=0 1 6 5 22 5 2 39 36 20 35 17
split_gain=20.4248 22.7391 15.8298 17.606 16.6459 12.232 16.0571 26.5656 12.6565 14.3645 7.0494 3.95159
threshold=0 1 2.5000000000000004 -0.97874870457683605 88.229166500000005 -0.31800055644052067 5.5000000000000009 18.850000000000005 96.500000000000014 32.850000000000001 87.324405000000013 16.400000000000002
decision_type=1 1 2 2 2 2 2 2 2 2 2 2
left_child=5 2 3 -2 -4 6 10 -8 9 -7 -1 -10
right_child=1 -3 4 -5 -6 8 7 -9 11 -11 -12 -13
leaf_value=0.051097404735541307 -0.078159941815551789 -0.049255288990983019 0.0048812920279799159 -0.011082307102277238 -0.023892555248229079 -0.067932111362906625 -0.067180221383277727 0.0093108383501583295 -0.030574238175682014 0.020154309818090063 -0.042446733553213462 0.050997277037242661
leaf_weight=16.528718590037901 9.4425567174330336 25.468724319012836 506.25791916623712 167.36666987789795 54.797775742132217 4.3104779622517517 14.615554210962726 40.873570876428857 0.91402964340522785 35.683376915287226 1.516127417795359 41.246969002997503
leaf_count=287 64 5898 4104 1283 434 44 164 526 15 497 13 805
internal_value=-0.0002594 -0.00367139 -0.00208314 -0.015084 0.00203347 0.0156233 0.00174004 -0.0116691 0.0297582 0.00923495 0.0414217 0.0485614
internal_weight=919.022 763.334 737.865 176.809 561.056 155.689 73.534 55.4891 82.1549 39.9939 18.0448 42.161
internal_count=14134 11783 5885 1347 4538 2351 990 690 1361 541 300 820
cat_boundaries=0 1 2
cat_threshold=1 1
is_linear=0
shrinkage=0.05


Tree=99
num_leaves=9
num_cat=1
split_feature=0 34 34 33 5 19 44 44
split_gain=17.6432 16.1833 20.6365 35.9299 22.8049 7.43375 6.23938 5.90469
threshold=0 25.250000000000004 24.550000000000004 33.95000000000001 -0.71502926860092908 31.047222000000001 34.750000000000007 37.600000000000001
decision_type=1 2 2 2 2 2 2 2
left_child=-1 2 4 -4 -2 6 -3 -7
right_child=1 5 3 -5 -6 7 -8 -9
leaf_value=-0.035130157981169141 0.019963417746617834 -0.0041095362098928839 -0.041166319216931202 0.012911580636002182 -0.0019911404249309348 0.049371877356522542 0.044849075935588879 -0.020423191166795279
leaf_weight=23.833781971014105 149.19733149150852 7.6900023322086772 74.550862021627836 51.115300711244345 555.97799752117135 2.9720161086879662 36.302819382864982 11.841904001310466
leaf_count=2314 2021 105 838 612 7383 48 578 178
internal_value=-0.00021917 0.00113617 -0.000658574 -0.0192416 0.00267558 0.0262699 0.0363899 -0.00418408
internal_weight=913.482 889.648 830.841 125.666 705.175 58.8067 43.9928 14.8139
internal_count=14077 11763 10854 1450 9404 909 683 226
cat_boundaries=0 1
cat_threshold=16
is_linear=0
shrinkage=0.05


Tree=100
num_leaves=11
num_cat=2
split_feature=1 22 0 2 5 40 38 19 26 26
split_gain=17.9873 18.5847 15.1674 22.7995 14.1049 4.84691 3.658 1.99248 1.21648 1.1054
threshold=0 89.534722500000015 1 9.5000000000000018 -0.6905596507703472 88.550000000000011 6.413393000000001 26.417361500000002 18.650000000000002 13.950000000000001
decision_type=1 2 1 2 2 2 2 2 2 2
left_child=1 2 3 -1 -4 -3 7 9 -7 -2
right_child=6 5 4 -5 -6 8 -8 -9 -10 -11
leaf_value=0.0023350288812116864 -0.030072966716760859 -0.083142351308491569 0.0086413901601208928 0.03141774320593551 -0.013929614636333972 -0.036193447930742133 -0.048024833919264126 -0.039502934075343915 0.0061742161537015608 0.0089724440537867125
leaf_weight=459.27771528065205 1.298789101652799 6.982436163350938 98.00783287268132 78.019853234291077 230.14873669482768 2.707411790266633 21.7259846808156 3.6556682526133946 2.6610898748040199 7.5802888649050146
leaf_count=2785 84 50 1013 693 2475 21 5997 836 23 145
internal_value=-0.000930478 0.000475511 0.00137704 0.00648806 -0.00697096 -0.0580677 -0.0359456 -0.0130078 -0.0175206 0.00079509
internal_weight=912.066 877.805 865.454 537.298 328.157 12.3509 34.2607 12.5347 5.3685 8.87908
internal_count=14122 7060 6966 3478 3488 94 7062 1065 44 229
cat_boundaries=0 1 2
cat_threshold=1 13
is_linear=0
shrinkage=0.05


Tree=101
num_leaves=8
num_cat=3
split_feature=0 1 44 20 38 0 5
split_gain=17.621 14.2033 14.589 15.2991 5.07263 5.08914 0.276831
threshold=0 1 52.000000000000007 30.850000000000005 6.413393000000001 2 -0.30982845708428081
decision_type=1 1 2 2 2 1 2
left_child=-1 2 3 -2 5 -3 -4
right_child=1 4 6 -5 -6 -7 -8
leaf_value=-0.034972871963062896 -0.016619119881775432 0.018829025746376835 -0.057904276874714215 0.0057141082199549317 -0.047630012610341083 -0.020467563963976965 -0.029335535061402497
leaf_weight=23.518429797375575 84.305188626050949 4.8133557704277354 7.2236586371436715 760.10634529264644 18.255761175649241 6.8481793102109805 5.3133827541023475
leaf_count=2350 574 180 56 5235 4932 714 29
internal_value=8.56235e-05 0.00143144 0.00264579 0.00346736 -0.0318498 -0.00533574 -0.0488579
internal_weight=910.384 886.866 856.949 844.412 29.9173 11.6615 12.537
internal_count=14070 11720 5894 5809 5826 894 85
cat_boundaries=0 1 2 3
cat_threshold=16 1 1
is_linear=0
shrinkage=0.05


Tree=102
num_leaves=12
num_cat=1
split_feature=1 26 2 33 40 39 24 25 2 40 10
split_gain=16.939 16.6251 31.484 23.8387 19.6597 58.3042 26.8978 10.1617 3.45522 2.12466 0.746925
threshold=0 15.050000000000002 9.5000000000000018 31.650000000000002 65.65000000000002 19.250000000000004 69.500000000000014 5.1055555000000004 10.500000000000002 55.550000000000004 86.729166500000005
decision_type=1 2 2 2 2 2 2 2 2 2 2
left_child=1 2 3 -1 6 -6 -3 -4 -2 -10 -11
right_child=8 4 7 -5 5 -7 -8 -9 9 10 -12
leaf_value=-0.080276329437356145 -0.047801688815791971 0.00083978454376937425 -0.05208587439289495 -0.018668416449857367 -0.024452175679272464 0.032082426364347369 -0.06814347725780695 0.016808811100757784 -0.039615561163806608 0.018675518220364951 -0.008924797240501485
leaf_weight=19.03518424462527 19.943512129480954 463.08127068937756 4.8291540555655947 77.486380518879741 62.054294642060995 164.91990558663383 13.575007074046878 68.902608223259449 3.6793478610925368 3.0874225487932545 5.1631217000540346
leaf_count=127 6146 3738 43 544 517 1366 100 601 761 38 111
internal_value=-0.000209041 0.00111515 -0.0128593 -0.0315168 0.00450993 0.0165865 -0.00126338 0.0116599 -0.0354445 -0.0126873 0.00230582
internal_weight=905.757 873.884 170.253 96.5216 703.63 226.974 476.656 73.7318 31.8734 11.9299 8.25054
internal_count=14092 7036 1315 671 5721 1883 3838 644 7056 910 149
cat_boundaries=0 1
cat_threshold=1
is_linear=0
shrinkage=0.05


end of trees

feature_importances:
age_group=152
month=95
gender=91
temperature_min_7d=65
wind_speed_mean_7d=62
temperature_max_7d=60
day_of_year_cos=59
humidity_mean_7d=54
rain_max_daily_7d=50
day_of_year_sin=49
wind_gust_max_7d=48
wind_speed_max_7d=45
precipitation_sum_7d=31
humidity_mean_3d=30
wind_speed_max_3d=24
humidity_mean_current=22
humidity_max_7d=22
wind_speed_max_current=18
temperature_max_3d=16
weather_code_current=14
temperature_mean_7d=14
humidity_min_7d=14
temperature_mean_3d=11
season=10
temperature_min_3d=10
temperature_mean_current=8
temperature_max_current=7
humidity_max_3d=7
wind_speed_mean_3d=7
precipitation_sum_3d=6
wind_gust_max_3d=6
rain_days_7d=6
wind_gust_max_current=3
rain_max_daily_3d=3
humidity_min_current=2
humidity_min_3d=2
rain_sum_7d=2
humidity_max_current=1
wind_speed_mean_current=1
precipitation_sum_current=1
rain_sum_3d=1

parameters:
[boosting: gbdt]
[objective: binary]
[metric: binary_logloss]
[tree_learner: serial]
[device_type: cpu]
[data_sample_strategy: bagging]
[data: ]
[valid: ]
[num_iterations: 103]
[learning_rate: 0.05]
[num_leaves: 15]
[num_threads: 8]
[seed: 42]
[deterministic: 0]
[force_col_wise: 0]
[force_row_wise: 0]
[histogram_pool_size: -1]
[max_depth: 4]
[min_data_in_leaf: 20]
[min_sum_hessian_in_leaf: 0.001]
[bagging_fraction: 0.9]
[pos_bagging_fraction: 1]
[neg_bagging_fraction: 1]
[bagging_freq: 1]
[bagging_seed: 400]
[bagging_by_query: 0]
[feature_fraction: 0.9]
[feature_fraction_bynode: 1]
[feature_fraction_seed: 30056]
[extra_trees: 0]
[extra_seed: 12879]
[early_stopping_round: 0]
[early_stopping_min_delta: 0]
[first_metric_only: 0]
[max_delta_step: 0]
[lambda_l1: 0]
[lambda_l2: 1]
[linear_lambda: 0]
[min_gain_to_split: 0]
[drop_rate: 0.1]
[max_drop: 50]
[skip_drop: 0.5]
[xgboost_dart_mode: 0]
[uniform_drop: 0]
[drop_seed: 17869]
[top_rate: 0.2]
[other_rate: 0.1]
[min_data_per_group: 100]
[max_cat_threshold: 32]
[cat_l2: 10]
[cat_smooth: 10]
[max_cat_to_onehot: 4]
[top_k: 20]
[monotone_constraints: ]
[monotone_constraints_method: basic]
[monotone_penalty: 0]
[feature_contri: ]
[forcedsplits_filename: ]
[refit_decay_rate: 0.9]
[cegb_tradeoff: 1]
[cegb_penalty_split: 0]
[cegb_penalty_feature_lazy: ]
[cegb_penalty_feature_coupled: ]
[path_smooth: 0]
[interaction_constraints: ]
[verbosity: -1]
[saved_feature_importance_type: 0]
[use_quantized_grad: 0]
[num_grad_quant_bins: 4]
[quant_train_renew_leaf: 0]
[stochastic_rounding: 1]
[linear_tree: 0]
[max_bin: 255]
[max_bin_by_feature: ]
[min_data_in_bin: 3]
[bin_construct_sample_cnt: 200000]
[data_random_seed: 175]
[is_enable_sparse: 1]
[enable_bundle: 1]
[use_missing: 1]
[zero_as_missing: 0]
[feature_pre_filter: 1]
[pre_partition: 0]
[two_round: 0]
[header: 0]
[label_column: ]
[weight_column: ]
[group_column: ]
[ignore_column: ]
[categorical_feature: 0,1,3]
[forcedbins_filename: ]
[precise_float_parser: 0]
[parser_config_file: ]
[objective_seed: 16083]
[num_class: 1]
[is_unbalance: 0]
[scale_pos_weight: 1]
[sigmoid: 1]
[boost_from_average: 1]
[reg_sqrt: 0]
[alpha: 0.9]
[fair_c: 1]
[poisson_max_delta_step: 0.7]
[tweedie_variance_power: 1.5]
[lambdarank_truncation_level: 30]
[lambdarank_norm: 1]
[label_gain: ]
[lambdarank_position_bias_regularization: 0]
[eval_at: ]
[multi_error_top_k: 1]
[auc_mu_weights: ]
[num_machines: 1]
[local_listen_port: 12400]
[time_out: 120]
[machine_list_filename: ]
[machines: ]
[gpu_platform_id: -1]
[gpu_device_id: -1]
[gpu_device_id_list: ]
[gpu_use_dp: 0]
[num_gpu: 1]

end of parameters

pandas_categorical:[]
