tree
version=v4
num_class=1
num_tree_per_iteration=1
label_index=0
max_feature_idx=44
objective=binary sigmoid:1
feature_names=age_group gender month season day_of_year_sin day_of_year_cos weather_code_current temperature_mean_current temperature_max_current temperature_min_current humidity_mean_current humidity_max_current humidity_min_current wind_speed_mean_current wind_speed_max_current precipitation_sum_current rain_sum_current wind_gust_max_current rain_day_current temperature_mean_3d temperature_max_3d temperature_min_3d humidity_mean_3d humidity_max_3d humidity_min_3d wind_speed_mean_3d wind_speed_max_3d precipitation_sum_3d rain_sum_3d rain_days_3d rain_max_daily_3d wind_gust_max_3d temperature_mean_7d temperature_max_7d temperature_min_7d humidity_mean_7d humidity_max_7d humidity_min_7d wind_speed_mean_7d wind_speed_max_7d precipitation_sum_7d rain_sum_7d rain_days_7d rain_max_daily_7d wind_gust_max_7d
feature_infos=-1:0:1:2:3:4:5 -1:0:1 [1:12] -1:1:0 [-0.99999942202469239:0.99998555065071859] [-0.99997919295908244:0.9999907524084426] [0:61] [23.658332999999999:32.533332999999999] [25.899999999999999:39.200000000000003] [17.899999999999999:29.300000000000001] [48.958333000000003:91.625] [63:100] [23:86] [2.8541669999999999:19.695833] [6.4000000000000004:30.100000000000001] [0:63.100000000000001] [0:63.100000000000001] [14:56.899999999999999] [0:1] [23.766667000000002:32.427778000000004] [27.699999999999999:39.200000000000003] [17.899999999999999:28.100000000000001] [52.569443999999997:90.694444000000004] [73:100] [23:79] [4.125:17.329167000000002] [9.6999999999999993:30.100000000000001] [0:93.900000000000006] [0:93.900000000000006] [0:3] [0:63.100000000000001] [17.300000000000001:56.899999999999999] [24.365476000000001:32.235118999999997] [28.699999999999999:39.200000000000003] [17.899999999999999:27.5] [55.767856999999999:89.523809999999997] [77:100] [23:72] [4.5327380000000002:15.469643] [11.6:30.100000000000001] [0:163.90000000000001] [0:163.90000000000001] [0:7] [0:63.100000000000001] [23:56.899999999999999]
tree_sizes=1508 1417 1412 1418 1423 1526 1537 1632 1527 1531 1736 1741 1536 1530 1637 1618 1745 1529 1734 1746 1734 1725 1739 1725 1726 1643 1721 1733 1751 1737 1754 1720 1761 1730 1743 1746 1751 1723 1738 1746 1728 1304 1114 1716 1733 1427 1614 1722 1428 1716 1747 1409 1407 1424 1405 1721 1540 1096 1309 1732 1433 1097 1418 1090 1429 1715 1007 1397 1096 1691 1650 1008 1625 1102 1114 1116 1115 1117 1759 1409 1128 1112 1126 905 1104 1735 1531 1541 1107 1530 1414 1512 814 1125 1537 1743 1762 1531 1424 1730 1736 1126 1528 1531 1128 1750 1714 1643 1754 1764 1724 1766 1741 1739 1536 1735 1547 1744 1093 1515 1739 1526 1336 1722 1728 1735 1536 1744 1624 1731 1766 1759 1711 1337 1744 812 1535 1213 1759 1736 788 1742 1735 1120 1554 1086 1030 1010 1724

Tree=0
num_leaves=13
num_cat=2
split_feature=0 0 2 34 4 44 44 19 20 5 44 44
split_gain=4320.7 576.237 161.837 129.743 125.602 121.168 83.4632 52.3593 5.44061 3.39367 0.440758 0.125734
threshold=0 1 4.5000000000000009 20.950000000000003 0.10837544681456417 52.000000000000007 48.800000000000004 30.368750000000002 28.750000000000004 -0.97874870457683605 32.600000000000001 31.850000000000005
decision_type=1 1 2 2 2 2 2 2 2 2 2 2
left_child=8 3 7 4 -2 -5 -4 -3 -1 10 -10 -11
right_child=1 2 6 5 -6 -7 -8 -9 9 11 -12 -13
leaf_value=-0.41253017789978635 -0.30878310784218926 -0.40337634052730365 -0.35484506269699106 -0.31462816609158573 -0.43441880917473596 -0.45368458901373659 -0.43666131653323709 -0.33997517841842023 -0.43153881553652884 -0.46337726624330067 -0.45721852620417425 -0.47020222217248908
leaf_weight=5.5396559387445441 32.756226420402527 375.25147619843483 684.02708113193512 1025.3180578798056 47.44835738837719 15.173840180039404 31.792807996273041 34.683063268661499 8.670765817165373 181.36351834237576 72.738091021776199 850.45761390030384
leaf_count=23 136 1558 2840 4257 197 63 132 144 36 753 302 3531
internal_value=-0.387323 -0.347374 -0.373002 -0.322019 -0.382773 -0.316718 -0.358543 -0.39791 -0.467148 -0.468114 -0.455053 -0.469077
internal_weight=3365.22 2246.45 1125.75 1120.7 80.2046 1040.49 715.82 409.935 1118.77 1113.23 81.4089 1031.82
internal_count=13972 9327 4674 4653 333 4320 2972 1702 4645 4622 338 4284
cat_boundaries=0 1 2
cat_threshold=48 5
is_linear=0
shrinkage=1


Tree=1
num_leaves=12
num_cat=2
split_feature=0 0 2 34 44 4 44 43 20 5 2
split_gain=3996.31 480.92 142.773 120.828 114.013 113.101 80.2298 61.3731 3.30614 2.88533 1.02496
threshold=0 1 4.5000000000000009 20.950000000000003 52.000000000000007 0.10837544681456417 48.800000000000004 1.9500000000000002 28.750000000000004 -0.97874870457683605 1.5000000000000002
decision_type=1 1 2 2 2 2 2 2 2 2 2
left_child=8 3 7 5 -5 -2 -4 -3 -1 -10 -11
right_child=1 2 6 4 -6 -7 -8 -9 9 10 -12
leaf_value=-0.029993895316593418 0.073383632317550462 0.0080450940719087229 0.032539685769418417 0.069129236741653138 -0.064626971110327933 -0.045612721697838789 -0.046942182390793036 -0.031348027542681144 -0.065593088909825334 -0.069663257408226612 -0.079661691235758794
leaf_weight=5.272481530904769 32.958123385906219 240.2424875497818 687.62630823254585 1028.5841784030199 15.441687926650046 47.4746984988451 32.429425716400146 166.66036060452461 81.46960087120533 95.918449535965919 916.62302634119987
leaf_count=22 135 999 2838 4217 65 199 136 694 343 405 3872
internal_value=0.000736194 0.0388594 0.015399 0.0619949 0.067091 0.00344956 0.0288999 -0.00812694 -0.0769611 -0.0778627 -0.0787842
internal_weight=3350.7 2251.42 1126.96 1124.46 1044.03 80.4328 720.056 406.903 1099.28 1094.01 1012.54
internal_count=13925 9283 4667 4616 4282 334 2974 1693 4642 4620 4277
cat_boundaries=0 1 2
cat_threshold=48 5
is_linear=0
shrinkage=0.05


Tree=2
num_leaves=12
num_cat=2
split_feature=0 0 2 34 34 39 44 44 20 5 2
split_gain=3618.96 460.229 143.706 107.681 105.423 98.2936 96.7785 70.0142 5.1094 3.83469 0.749507
threshold=0 1 5.5000000000000009 20.950000000000003 25.150000000000002 19.250000000000004 52.000000000000007 48.800000000000004 28.750000000000004 -0.97874870457683605 1.5000000000000002
decision_type=1 1 2 2 2 2 2 2 2 2 2
left_child=8 3 4 5 -3 -2 -5 -4 -1 -10 -11
right_child=1 2 7 6 -6 -7 -8 -9 9 10 -12
leaf_value=-0.020876366662964836 0.065745715501081312 -0.01649577260339409 0.03326462308719913 0.064697184800630303 0.043817302095524285 -0.042502176263647787 -0.05942685137398851 -0.041171459154350075 -0.062076528363038563 -0.06759005516997646 -0.077151952383295877
leaf_weight=5.239287555217742 35.69251711666584 431.17404155433178 586.38909162580967 1052.8070569038391 86.061454191803932 47.953302726149559 15.205691605806349 32.55894809961319 79.973832726478577 91.729298532009125 912.30129623413086
leaf_count=22 147 1795 2407 4275 354 201 65 138 342 394 3931
internal_value=0.000148908 0.03584 0.012939 0.0580971 -0.00639525 0.00391932 0.062876 0.0292889 -0.0744266 -0.0753519 -0.0763465
internal_weight=3377.09 2287.84 1136.18 1151.66 517.235 83.6458 1068.01 618.948 1089.24 1084 1004.03
internal_count=14071 9382 4694 4688 2149 348 4340 2545 4689 4667 4325
cat_boundaries=0 1 2
cat_threshold=48 5
is_linear=0
shrinkage=0.05


Tree=3
num_leaves=12
num_cat=2
split_feature=0 0 2 2 26 38 43 33 20 17 4
split_gain=3266.5 443.763 123.59 92.8007 175.492 52.831 42.3981 22.4697 1.67775 0.919574 0.400717
threshold=0 1 4.5000000000000009 9.5000000000000018 14.950000000000001 13.519047500000001 1.9500000000000002 31.250000000000004 28.750000000000004 16.000000000000004 0.49812943072827087
decision_type=1 1 2 2 2 2 2 2 2 2 2
left_child=8 3 6 4 -2 -4 -3 -5 -1 -10 -11
right_child=1 2 5 7 -6 -7 -8 -9 9 10 -12
leaf_value=-0.032430371766534467 -0.011646397648682298 0.0021041083406210764 0.024974507729637638 0.055736309161663666 0.055953171816499926 -0.073836250179520807 -0.030478255912146337 0.092986601118888512 -0.036187411607732839 -0.071453880528273714 -0.07653702368099409
leaf_weight=4.7408977150917044 108.32444317638874 246.40816770493984 714.38857181370258 60.720102861523628 822.66052067279816 12.845164611935614 166.72403851151466 172.02911928296089 4.5562676787376395 656.82176619768143 395.22041268646717
leaf_count=20 439 1025 2923 245 3331 55 701 694 20 2886 1741
internal_value=-0.000333062 0.0330852 0.010642 0.0547721 0.0480836 0.0231302 -0.0110867 0.0835487 -0.072474 -0.0733081 -0.0734343
internal_weight=3365.44 2304.1 1140.37 1163.73 930.985 727.234 413.132 232.749 1061.34 1056.6 1052.04
internal_count=14080 9413 4704 4709 3770 2978 1726 939 4667 4647 4627
cat_boundaries=0 1 2
cat_threshold=48 5
is_linear=0
shrinkage=0.05


Tree=4
num_leaves=12
num_cat=2
split_feature=0 0 2 34 34 4 44 44 20 5 2
split_gain=3022.14 331.78 113.929 101.616 89.2661 91.9619 89.9641 68.8184 4.77244 2.70798 1.71806
threshold=0 1 5.5000000000000009 25.150000000000002 20.950000000000003 0.10837544681456417 52.000000000000007 48.800000000000004 28.750000000000004 -0.97874870457683605 1.5000000000000002
decision_type=1 1 2 2 2 2 2 2 2 2 2
left_child=8 4 3 -3 5 -2 -6 -4 -1 -10 -11
right_child=1 2 7 -5 6 -7 -8 -9 9 10 -12
leaf_value=-0.018844790740714431 0.062796414368128717 -0.014740267898272767 0.030659341903337668 0.04403152110653287 0.056573200378986582 -0.043017697526294328 -0.059930450085888265 -0.045942139151104698 -0.059460080165655349 -0.062570565634891745 -0.073310129531465082
leaf_weight=5.1753425598144522 34.075407549738884 433.50908797979355 590.64349585771561 87.541953355073929 1067.6429298520088 48.527016282081604 16.059328898787498 29.985483035445213 76.083845317363739 90.299658536911011 864.80165512859821
leaf_count=22 137 1814 2404 357 4288 204 69 129 338 404 3900
internal_value=-5.03748e-05 0.031788 0.0123275 -0.00480057 0.0505445 0.000862076 0.0547931 0.0268904 -0.0705435 -0.0714679 -0.0723613
internal_weight=3344.35 2307.98 1141.68 521.051 1166.3 82.6024 1083.7 620.629 1036.36 1031.19 955.101
internal_count=14066 9402 4704 2171 4698 341 4357 2533 4664 4642 4304
cat_boundaries=0 1 2
cat_threshold=48 5
is_linear=0
shrinkage=0.05


Tree=5
num_leaves=13
num_cat=2
split_feature=0 0 2 34 6 6 43 6 20 5 44 44
split_gain=2755.9 345.28 97.4447 94.0072 88.8718 69.6895 64.3049 59.0676 2.94852 2.63997 1.13799 0.177855
threshold=0 1 5.5000000000000009 25.150000000000002 2.5000000000000004 27.000000000000004 18.550000000000004 1.5000000000000002 28.750000000000004 -0.97874870457683605 31.850000000000005 32.600000000000001
decision_type=1 1 2 2 2 2 2 2 2 2 2 2
left_child=8 4 3 -3 7 -6 -4 -2 -1 11 -11 -10
right_child=1 2 6 -5 5 -7 -8 -9 9 10 -12 -13
leaf_value=-0.024133857968890074 0.03338116304234743 -0.015598001598263585 0.0072808968427869689 0.040788506061269686 0.063265573440155154 0.026864147132133188 0.039485023922165116 -0.033348221844132393 -0.039574595982905941 -0.064257876019447324 -0.071830772349317923 -0.059834322242123088
leaf_weight=4.9171229302883139 226.7370397746563 429.5200470238924 309.79110637307167 88.256280303001404 743.1556102335453 162.29985754191875 310.36610738933086 37.987932279706001 9.5651752054691297 164.91398710012436 763.23589566349983 65.716542214155197
leaf_count=21 912 1803 1262 358 2986 652 1262 154 43 759 3531 298
internal_value=-0.000258928 0.0298609 0.00999406 -0.00592668 0.0489073 0.0567776 0.0234355 0.0237161 -0.068779 -0.0696583 -0.0705558 -0.0578127
internal_weight=3316.46 2308.11 1137.93 517.776 1170.18 905.455 620.157 264.725 1008.35 1003.43 928.15 75.2817
internal_count=14041 9389 4685 2161 4704 3638 2524 1066 4652 4631 4290 341
cat_boundaries=0 1 2
cat_threshold=48 5
is_linear=0
shrinkage=0.05


Tree=6
num_leaves=13
num_cat=1
split_feature=6 44 5 43 2 34 2 8 22 1 39 25
split_gain=121.813 73.4048 76.018 112.31 79.2346 54.8254 60.1308 60.3483 2.80376 2.42537 1.62054 1.33073
threshold=2.5000000000000004 52.000000000000007 -0.82413948779581736 12.550000000000002 9.5000000000000018 25.350000000000005 9.5000000000000018 33.550000000000004 77.673611000000008 0 22.750000000000004 11.941667000000001
decision_type=2 2 2 2 2 2 2 2 2 1 2 2
left_child=5 2 3 -2 -4 6 7 -1 -8 10 -7 -11
right_child=1 -3 4 -5 -6 9 8 -9 -10 11 -12 -13
leaf_value=-0.043426683593175822 -0.036647835639634058 -0.063996004383989849 -0.0052847775475338655 0.029695151919764646 0.016679390199155202 0.046483893458720012 0.0079146956233929183 -0.011956186863908504 0.028356491414920922 0.025034135630877887 0.019878757541035214 0.0038375039001573687
leaf_weight=285.03852063417435 71.494945913553238 36.471041649580002 1310.3246370404959 538.02807778120041 596.79813688993454 19.064388722181324 27.593555182218552 328.18463554978371 46.210292741656303 18.399504035711292 11.36101223528385 12.651205301284788
leaf_count=1224 303 162 5599 2277 2532 81 117 1412 196 78 48 54
internal_value=0.000277522 0.00547845 0.00651028 0.0218661 0.00159363 -0.0174463 -0.0214998 -0.0266312 0.0209218 0.0274734 0.0374981 0.016787
internal_weight=3301.62 2553.12 2516.65 609.523 1907.12 748.503 687.027 613.223 73.8038 61.4761 30.4254 31.0507
internal_count=14083 10873 10711 2580 8131 3210 2949 2636 313 261 129 132
cat_boundaries=0 1
cat_threshold=1
is_linear=0
shrinkage=0.05


Tree=7
num_leaves=14
num_cat=2
split_feature=0 0 6 44 34 44 34 5 19 38 44 32 33
split_gain=2584.88 286.623 87.7648 72.9957 75.7429 43.8617 34.1869 3.26989 1.61753 1.09526 0.719233 0.378361 1.48433
threshold=0 1 2.5000000000000004 52.000000000000007 20.950000000000003 48.800000000000004 25.350000000000005 -0.98212955754013376 24.463889000000005 14.349107500000001 32.95000000000001 27.103274000000003 32.650000000000013
decision_type=1 1 2 2 2 2 2 2 2 2 2 2 2
left_child=7 3 6 4 -2 -4 -3 11 -9 -5 -10 -1 -13
right_child=1 2 5 9 -6 -7 -8 8 10 -11 -12 12 -14
leaf_value=-0.068532926525070467 0.0018005452275049868 -0.019925624689220069 0.020919287853960938 -0.069846575597728278 0.0519484791868585 -0.034354529803666593 0.04514556160161428 -0.030451356970502205 -0.063830823000083067 -0.029947937805774694 -0.070252489665566242 -0.036972835027005602 -0.058003818150449485
leaf_weight=13.706282913684843 81.109307691454887 237.93038101494312 845.2578743994236 10.204000696539877 1063.0822345465422 36.603883415460587 21.105992302298546 4.9653143137693396 202.87799495458603 4.8166060149669638 713.14368645846844 22.720694705843925 33.169623270630836
leaf_count=63 335 997 3458 45 4255 158 85 22 956 21 3394 104 153
internal_value=-3.51312e-05 0.029041 0.0109805 0.0465459 0.0483983 0.0185887 -0.0144705 -0.0671263 -0.0687274 -0.0597204 -0.0689014 -0.0547739 -0.0502544
internal_weight=3290.69 2300.11 1140.9 1159.21 1144.19 881.862 259.036 990.584 920.987 15.0206 916.022 69.5966 55.8903
internal_count=14046 9354 4698 4656 4590 3616 1082 4692 4372 66 4350 320 257
cat_boundaries=0 1 2
cat_threshold=48 5
is_linear=0
shrinkage=0.05


Tree=8
num_leaves=13
num_cat=2
split_feature=0 0 2 2 26 34 43 44 20 5 43 2
split_gain=2341.75 274.553 77.8373 70.0008 141.773 52.359 37.6715 24.9278 4.1846 2.49294 5.88784 2.16309
threshold=0 1 4.5000000000000009 9.5000000000000018 14.950000000000001 24.550000000000004 1.9500000000000002 38.70000000000001 28.750000000000004 -0.86974577485258975 19.750000000000004 1.5000000000000002
decision_type=1 1 2 2 2 2 2 2 2 2 2 2
left_child=8 3 6 4 -2 -4 -3 -5 -1 10 -10 -11
right_child=1 2 5 7 -6 -7 -8 -9 9 11 -12 -13
leaf_value=-0.01756197487066528 -0.015916924299547709 0.0042886932163647843 0.026214108580846551 0.07740947483091716 0.045104600048943969 -0.0059599201101663973 -0.026735997439546813 0.037912556013482812 -0.067772942047244197 -0.057591224308887135 -0.047528937839258073 -0.069018450543790896
leaf_weight=5.2771341651678076 107.06149622797966 242.45426206290722 569.29358920454979 184.16831520199776 826.05034345388412 162.05679492652416 162.78850395977497 54.914982810616493 101.48340694606304 85.125135987997055 77.514388233423233 692.89004996418953
leaf_count=23 432 1014 2303 738 3320 663 695 220 489 412 370 3392
internal_value=-0.000292903 0.0270199 0.00927418 0.0439804 0.0380937 0.0190864 -0.00820925 0.0685331 -0.0653852 -0.0663129 -0.0593191 -0.0678437
internal_weight=3271.08 2308.79 1136.59 1172.2 933.112 731.35 405.243 239.083 962.29 957.013 178.998 778.015
internal_count=14071 9385 4675 4710 3752 2966 1709 958 4686 4663 859 3804
cat_boundaries=0 1 2
cat_threshold=48 5
is_linear=0
shrinkage=0.05


Tree=9
num_leaves=13
num_cat=2
split_feature=0 0 6 2 6 5 44 34 20 5 43 2
split_gain=2187.03 223.177 86.5313 75.2365 73.9315 59.4889 42.822 35.3451 2.85424 2.50646 3.14175 2.04607
threshold=0 1 2.5000000000000004 4.5000000000000009 27.000000000000004 -0.92272482904738273 48.800000000000004 20.350000000000005 28.750000000000004 -0.97874870457683605 30.300000000000004 1.5000000000000002
decision_type=1 1 2 2 2 2 2 2 2 2 2 2
left_child=8 2 5 7 -4 -2 -5 -3 -1 10 -10 -11
right_child=1 3 4 6 -6 -7 -8 -9 9 11 -12 -13
leaf_value=-0.020719706433541749 -0.070231157467898764 -0.065526700993188705 0.055779613532873487 0.022224309635713722 0.018311479092372369 0.022896513191016071 -0.036596715812073327 -0.0034177071464933299 -0.060644630305498298 -0.055686811539138452 -0.034365014006472704 -0.067023140774688725
leaf_weight=4.7916670441627494 17.463488087058067 23.386734262108803 743.35881747305393 705.74780055880547 161.48896637558937 246.01826569437981 31.480298697948456 380.04212708771229 50.712300211191177 80.408920630812645 21.059213921427727 775.51713880896568
leaf_count=21 70 99 2990 2847 649 991 138 1606 245 399 100 3908
internal_value=-3.68603e-05 0.0260659 0.0414257 0.0100881 0.0491202 0.0164818 0.0196664 -0.00717128 -0.0642214 -0.065115 -0.0535119 -0.0660244
internal_weight=3241.48 2308.99 1168.33 1140.66 904.848 263.482 737.228 403.429 932.489 927.698 71.7715 855.926
internal_count=14063 9390 4700 4690 3639 1061 2985 1705 4673 4652 345 4307
cat_boundaries=0 1 2
cat_threshold=48 5
is_linear=0
shrinkage=0.05


Tree=10
num_leaves=15
num_cat=2
split_feature=0 0 34 39 34 2 4 39 5 43 32 2 33 39
split_gain=1999.01 216.269 74.339 79.7334 78.3677 65.3549 70.7329 45.0708 3.8046 4.16548 6.44205 3.29068 6.67973 1.6181
threshold=0 1 20.950000000000003 19.250000000000004 24.450000000000003 1.5000000000000002 0.9193901325473397 18.550000000000004 -0.97874870457683605 19.750000000000004 27.103274000000003 1.5000000000000002 31.650000000000002 16.000000000000004
decision_type=1 1 2 2 2 2 2 2 2 2 2 2 2 2
left_child=8 2 3 -2 -4 7 -7 -3 9 -1 -11 12 -10 -13
right_child=1 5 4 -5 -6 6 -8 -9 11 10 -12 13 -14 -15
leaf_value=-0.060513648021590795 0.050282096315415095 0.010992680740057241 0.051631450001192264 -0.047645734873449169 0.020510002609333527 0.018593042637271535 -0.017368840658818527 -0.056003246039384828 -0.0049063073636910108 -0.063681502788372604 -0.014706049914266956 -0.056381787387372033 -0.056872453944544876 -0.066565849438975741
leaf_weight=40.640105053782463 35.670440703630447 41.975767970085144 809.95929551124573 47.000695645809174 272.03627100586891 876.03487654030323 161.17201280593872 60.427129521965981 6.9374879598617545 10.184963971376421 18.928861156105995 90.286495298147202 76.297859594225883 660.01870749890804
leaf_count=202 145 177 3260 194 1095 3569 682 258 34 50 91 463 386 3438
internal_value=0.000137678 0.0248567 0.040001 -0.00529647 0.043833 0.00914498 0.0129936 -0.0287004 -0.0624617 -0.0498226 -0.033385 -0.0642069 -0.0526509 -0.065417
internal_weight=3207.57 2304.28 1164.67 82.6711 1082 1139.61 1037.21 102.403 903.294 69.7539 29.1138 833.541 83.2353 750.305
internal_count=14044 9380 4694 339 4355 4686 4251 435 4664 343 141 4321 420 3901
cat_boundaries=0 1 2
cat_threshold=48 5
is_linear=0
shrinkage=0.05


Tree=11
num_leaves=15
num_cat=2
split_feature=0 0 34 4 39 6 5 34 5 37 43 20 2 5
split_gain=1850.65 217.589 74.6737 78.4294 72.7346 66.8744 45.0169 29.5656 3.69192 4.20492 7.20363 3.26948 1.48132 1.0538
threshold=0 1 20.950000000000003 0.091259403071267911 19.550000000000004 2.5000000000000004 -0.83375966452616657 25.350000000000005 -0.98521978256641018 59.500000000000007 19.200000000000006 28.750000000000004 1.5000000000000002 -0.99938741687870725
decision_type=1 1 2 2 2 2 2 2 2 2 2 2 2 2
left_child=8 2 3 -2 -4 7 -7 -3 9 10 -1 -10 -13 -11
right_child=1 5 4 -5 -6 6 -8 -9 11 13 -12 12 -14 -15
leaf_value=-0.057768946576416097 0.053932213699172983 -0.020218673162452679 0.026245522544462274 -0.045258980326647352 0.053001420851216077 0.034245852789241277 0.0077880882856622563 0.040931989590184223 -0.016124973152903361 -0.031120673025478104 -0.0028004687544612482 -0.053912634746059986 -0.064318771799348848 -0.063282953935612576
leaf_weight=10.508213415741922 31.503649234771729 231.0911757349968 423.99932351708412 50.542389586567879 646.07317087054253 210.4051837772131 675.22966924309731 20.678501322865486 4.4770464748144141 6.1453628093004218 12.586512640118597 77.837704345583916 741.38504274189472 29.731335580348969
leaf_count=54 127 975 1712 211 2609 851 2767 83 20 31 61 406 3977 150
internal_value=-0.000436955 0.0232866 0.0385776 -0.00698121 0.0424342 0.00757665 0.0141053 -0.0150541 -0.0614968 -0.0478562 -0.0291709 -0.0631599 -0.063397 -0.0587671
internal_weight=3172.19 2289.52 1152.12 82.046 1070.07 1137.4 885.635 251.77 882.671 58.9714 23.0947 823.7 819.223 35.8767
internal_count=14034 9335 4659 338 4321 4676 3618 1058 4699 296 115 4403 4383 181
cat_boundaries=0 1 2
cat_threshold=48 5
is_linear=0
shrinkage=0.05


Tree=12
num_leaves=13
num_cat=2
split_feature=0 0 2 39 34 38 39 37 20 5 33 17
split_gain=1701.57 179.656 72.8813 114.826 77.2523 69.0762 68.5428 52.6276 4.33911 3.51683 3.78373 1.90946
threshold=0 1 1.5000000000000002 18.650000000000002 24.450000000000003 7.4491070000000006 19.450000000000003 65.500000000000014 28.750000000000004 -0.99938741687870725 32.750000000000007 16.000000000000004
decision_type=1 1 2 2 2 2 2 2 2 2 2 2
left_child=8 2 3 -2 -4 7 -7 -3 -1 10 -10 -11
right_child=1 5 4 -5 -6 6 -8 -9 9 11 -12 -13
leaf_value=-0.011596021735752802 0.052928209699890809 0.030510472081741992 0.048100545976548961 -0.051536825207045389 0.016853028618334914 -0.034348654722178421 0.0057376363607047308 -0.029187783366930314 -0.00024845932437170053 -0.017753372504627638 -0.056517968746598014 -0.062051168157145009
leaf_weight=4.9003839790821067 47.601260408759117 360.98783682286739 784.44091080129147 56.345641568303108 266.33775040507317 128.46716445684433 603.7805567085743 40.317617043852806 5.806399464607237 3.4057337939739218 5.1732743382453918 825.54784181714058
leaf_count=22 193 1464 3187 231 1076 532 2501 162 29 18 27 4547
internal_value=-0.000325929 0.0220782 0.0359455 -0.00364979 0.0402039 0.00774227 -0.00133244 0.0244552 -0.0605088 -0.0614996 -0.0292656 -0.0618908
internal_weight=3133.11 2288.28 1154.73 103.947 1050.78 1133.55 732.248 401.305 844.834 839.933 10.9797 828.954
internal_count=13989 9346 4687 424 4263 4659 3033 1626 4643 4621 56 4565
cat_boundaries=0 1 2
cat_threshold=48 5
is_linear=0
shrinkage=0.05


Tree=13
num_leaves=13
num_cat=2
split_feature=0 0 33 36 6 5 34 21 20 5 33 44
split_gain=1604.76 165.717 61.6641 117.358 54.7006 39.9835 32.6531 7.85448 3.88722 3.47545 2.78622 1.88761
threshold=0 1 36.95000000000001 95.500000000000014 2.5000000000000004 -0.83375966452616657 25.350000000000005 27.050000000000004 28.750000000000004 -0.97874870457683605 33.95000000000001 32.95000000000001
decision_type=1 1 2 2 2 2 2 2 2 2 2 2
left_child=8 2 3 -2 6 -6 -3 -4 -1 10 -10 -11
right_child=1 4 7 -5 5 -7 -8 -9 9 11 -12 -13
leaf_value=-0.013437708562202486 -0.0020218769351681566 -0.017587096880045987 0.084921394342686918 0.040114751750995346 0.032710028785620973 0.0079092393544544625 0.045525702340883559 0.030218858694602987 -0.049810247796263654 -0.055155849039598963 -0.0056929652831304942 -0.063148152454859607
leaf_weight=5.1020498424768439 203.67194685339928 237.34042805433273 66.144519194960594 872.78186133503914 213.30415153503418 676.85687550902367 21.466682285070419 8.8854175359010679 60.978585004806519 171.03536865115166 4.0911407619714728 581.93715298175812
leaf_count=23 832 1004 268 3557 860 2770 86 36 323 960 21 3346
internal_value=0.000109603 0.0215625 0.0349583 0.0321478 0.00793325 0.0138821 -0.0121971 0.0789259 -0.0593402 -0.0603343 -0.0471646 -0.0614083
internal_weight=3123.6 2300.45 1151.48 1076.45 1148.97 890.161 258.807 75.0299 823.144 818.042 65.0697 752.973
internal_count=14086 9413 4693 4389 4720 3630 1090 304 4673 4650 344 4306
cat_boundaries=0 1 2
cat_threshold=48 5
is_linear=0
shrinkage=0.05


Tree=14
num_leaves=14
num_cat=2
split_feature=0 0 6 6 6 5 5 34 5 42 20 43 2
split_gain=1477.91 152.948 64.9926 68.6473 57.4051 53.3184 36.5441 27.9858 3.47894 3.40936 3.0734 2.03335 1.57248
threshold=0 1 2.5000000000000004 27.000000000000004 2.5000000000000004 -0.83375966452616657 -0.83375966452616657 25.350000000000005 -0.97507822412530132 6.5000000000000009 28.750000000000004 19.750000000000004 1.5000000000000002
decision_type=1 1 2 2 2 2 2 2 2 2 2 2 2
left_child=8 2 5 -4 7 -2 -6 -3 9 -1 -10 -11 -12
right_child=1 4 3 -5 6 -7 -8 -9 10 11 12 -13 -14
leaf_value=-0.0043600820973273479 -0.052005655435969328 -0.018972009892492814 0.046609101919997738 0.010572338091097141 0.031358478906514053 0.019540049983685009 0.0075383993124546527 0.038668220803728386 -0.014616535848698695 -0.057302713665617427 -0.050699744460171663 -0.035361895565149924 -0.061469662104518763
leaf_weight=4.7364912927150717 28.246445372700691 230.0757861584425 721.80683287978172 162.56581522524357 210.81964838504791 238.83790692687035 675.73871622979641 22.238673314452171 4.416190728545188 37.919697567820549 71.668674677610397 24.846974775195122 650.45738469064236
leaf_count=24 114 978 2966 661 849 972 2762 89 20 211 409 132 3865
internal_value=-4.37286e-05 0.0203546 0.0331919 0.0400042 0.00718209 0.0118077 0.0132317 -0.0137591 -0.0583539 -0.0462638 -0.0602141 -0.0493079 -0.0604724
internal_weight=3084.38 2290.33 1151.46 884.373 1138.87 267.084 886.558 252.314 794.045 67.5032 726.542 62.7667 722.126
internal_count=14052 9391 4713 3627 4678 1086 3611 1067 4661 367 4294 343 4274
cat_boundaries=0 1 2
cat_threshold=48 5
is_linear=0
shrinkage=0.05


Tree=15
num_leaves=14
num_cat=2
split_feature=0 0 2 26 43 39 34 34 5 42 20 33 2
split_gain=1376.33 137.527 62.9086 130.702 42.4468 64.1126 51.9197 21.4634 4.63778 4.93604 3.94903 2.9973 1.62597
threshold=0 1 9.5000000000000018 14.65 19.200000000000006 18.150000000000002 25.350000000000005 23.850000000000005 -0.97874870457683605 6.5000000000000009 28.750000000000004 33.95000000000001 1.5000000000000002
decision_type=1 1 2 2 2 2 2 2 2 2 2 2 2
left_child=8 2 3 -2 6 -6 -3 -4 9 -1 -10 -11 -12
right_child=1 4 7 -5 5 -7 -8 -9 10 11 12 -13 -14
leaf_value=0.0050354454427159502 -0.031089867807634553 -0.004113796088937095 0.060040738601028668 0.032176403004680491 -0.010823688961452417 0.034545957320047178 0.03847068336212215 0.0052095157861325571 -0.012400118304364618 -0.050297942156217412 -0.049734846668226834 -0.0044253486998256202 -0.060623692555422951
leaf_weight=4.7017281055450431 89.858138591051102 696.48094475269318 207.87680028378963 819.76695196330547 110.99309122562408 256.8237546235323 78.761580690741539 19.733840197324753 5.0547620654106131 53.405999407172203 70.370438799262047 4.0276519507169715 639.68566627800465
leaf_count=24 363 2893 867 3366 448 1040 316 82 23 299 413 21 3939
internal_value=-0.000349182 0.0192587 0.031556 0.0258993 0.00684001 0.0208629 0.000256606 0.0553305 -0.0573367 -0.0432412 -0.0593 -0.0472118 -0.059616
internal_weight=3057.54 2280.3 1137.24 909.625 1143.06 367.817 775.243 227.611 777.246 62.1354 715.111 57.4337 710.056
internal_count=14094 9375 4678 3729 4697 1488 3209 949 4719 344 4375 320 4352
cat_boundaries=0 1 2
cat_threshold=48 5
is_linear=0
shrinkage=0.05


Tree=16
num_leaves=15
num_cat=2
split_feature=0 0 33 36 38 39 36 21 2 37 39 5 39 43
split_gain=1275.25 123.102 60.2142 111.675 51.8504 60.064 43.7844 7.25637 4.04025 7.50791 5.06102 4.52165 2.93577 2.77176
threshold=0 1 36.95000000000001 95.500000000000014 7.4491070000000006 18.150000000000002 94.500000000000014 27.050000000000004 1.5000000000000002 38.500000000000007 17.850000000000005 -0.97874870457683605 16.000000000000004 19.750000000000004
decision_type=1 1 2 2 2 2 2 2 2 2 2 2 2 2
left_child=8 2 3 -2 6 -6 -3 -4 9 -1 -11 13 -13 -10
right_child=1 4 7 -5 5 -7 -8 -9 11 10 -12 12 -14 -15
leaf_value=-0.057229923209004052 -0.0057656270360462274 -0.062513850081698699 0.079315584843790629 0.035182952239920871 -0.047945440626330695 0.0032538845832623905 0.024333166678701352 0.027369630460632045 -0.052746892174085971 -0.047025753526661954 -0.0052416531050030442 -0.048319122398773368 -0.061237417151752405 -0.028589586024693515
leaf_weight=44.02164751291275 206.13474872708321 14.133721008896826 65.844239205121994 859.40078142285347 61.531201243400574 681.56805334985256 391.58048486709595 9.0011027753353101 35.694205030798912 11.91329872608185 17.173533156514168 73.330550268292427 540.25316308438778 24.567341074347496
leaf_count=268 846 60 273 3561 256 2823 1580 37 209 71 95 456 3463 133
internal_value=-6.57969e-05 0.018469 0.0300966 0.0272632 0.00675072 -0.00104433 0.0211614 0.0735117 -0.0563123 -0.0442473 -0.0233496 -0.0583882 -0.0597747 -0.0435259
internal_weight=3036.15 2289.19 1140.38 1065.54 1148.81 743.099 405.714 74.8453 746.954 73.1085 29.0868 673.845 613.584 60.2615
internal_count=14131 9436 4717 4407 4719 3079 1640 310 4695 434 166 4261 3919 342
cat_boundaries=0 1 2
cat_threshold=48 5
is_linear=0
shrinkage=0.05


Tree=17
num_leaves=13
num_cat=2
split_feature=0 6 0 5 44 6 4 12 20 5 33 44
split_gain=1183.59 104.442 87.1476 62.3139 60.5951 50.2896 30.5326 12.7446 3.89846 3.94613 3.77443 2.42222
threshold=0 2.5000000000000004 1 -0.97111920233974802 52.000000000000007 1.5000000000000002 0.91248814248966259 60.500000000000007 28.750000000000004 -0.99938741687870725 32.750000000000007 32.20000000000001
decision_type=1 2 1 2 2 2 2 2 2 2 2 2
left_child=8 3 4 7 -3 -5 -4 -2 -1 10 -10 -11
right_child=1 2 6 5 -6 -7 -8 -9 9 11 -12 -13
leaf_value=-0.009391534542289864 -0.018301412705292865 0.036637239457775417 0.015094455005662217 0.0085889799110603973 -0.065889231748135574 -0.038065256860698275 -0.015040367334533468 -0.089799027631681044 0.0058773495222730864 -0.049676629754052022 -0.0518171110602932 -0.058912346473865368
leaf_weight=4.8050799369812003 9.3897780478000659 848.1790778785944 797.75125369429588 413.66234144568443 13.780129641294478 66.111949980258942 93.136895030736923 21.951858282089233 5.4874915182590467 134.09896633028984 4.4894621968269348 572.42744952440262
leaf_count=22 38 3543 3233 1729 57 276 392 89 30 848 27 3768
internal_value=-0.000421856 0.017378 0.0232509 -0.00242974 0.0345236 0.00209432 0.0117984 -0.0696069 -0.0557061 -0.0567796 -0.0224396 -0.0572321
internal_weight=2985.27 2263.96 1752.85 511.116 861.959 479.774 890.888 31.3416 721.308 716.503 9.97695 706.526
internal_count=14052 9357 7225 2132 3600 2005 3625 127 4695 4673 57 4616
cat_boundaries=0 1 2
cat_threshold=48 5
is_linear=0
shrinkage=0.05


Tree=18
num_leaves=15
num_cat=2
split_feature=0 0 2 26 2 4 39 44 5 43 43 2 20 5
split_gain=1104.79 99.7294 58.7126 115.801 47.425 47.4046 44.7724 26.1099 4.69985 5.2642 5.73726 4.32064 6.75589 2.21691
threshold=0 1 9.5000000000000018 14.950000000000001 1.5000000000000002 0.92602006027323125 18.550000000000004 38.70000000000001 -0.98212955754013376 30.300000000000004 33.250000000000007 1.5000000000000002 31.350000000000005 -0.99938741687870725
decision_type=1 1 2 2 2 2 2 2 2 2 2 2 2 2
left_child=8 2 3 -2 6 -6 -3 -4 9 13 -11 12 -10 -1
right_child=1 4 7 -5 5 -7 -8 -9 11 10 -12 -13 -14 -15
leaf_value=-0.024549211923455785 -0.026468568370342255 0.011974974009337783 0.059987939418227859 0.028615591352698234 0.013965685161975631 -0.016318428039436717 -0.055617752723615049 0.019173038477505167 -0.0054851102118194349 0.0072287388820419119 -0.05309695468555671 -0.058147242907459207 -0.049694438435373675 -0.056862761604913041
leaf_weight=9.3530605137348122 107.70542380213737 42.460416898131371 172.00639267265797 789.92229959368706 880.33797192573547 150.55745357275009 55.967587485909462 52.244797244668007 10.456095635890959 10.765870153903959 5.0427330136299124 576.97740769386292 57.373215213418007 27.543798074126247
leaf_count=54 437 178 740 3294 3575 643 242 222 56 58 30 3963 370 172
internal_value=-0.000116133 0.0169489 0.0275004 0.021984 0.00630289 0.0095313 -0.0266321 0.0506064 -0.0545996 -0.0393449 -0.0140284 -0.0566291 -0.0430581 -0.0495355
internal_weight=2948.71 2251.2 1121.88 897.628 1129.32 1030.9 98.428 224.251 697.512 52.7055 15.8086 644.807 67.8293 36.8969
internal_count=14034 9331 4693 3731 4638 4218 420 962 4703 314 88 4389 426 226
cat_boundaries=0 1 2
cat_threshold=48 5
is_linear=0
shrinkage=0.05


Tree=19
num_leaves=15
num_cat=1
split_feature=34 34 36 39 32 43 5 32 44 31 33 1 39 11
split_gain=71.7766 169.43 125.166 99.9563 90.6208 78.8913 56.6036 46.5181 11.0503 31.909 2.61486 9.10035 2.69016 1.00026
threshold=25.250000000000004 24.550000000000004 96.500000000000014 19.150000000000002 26.779762000000002 17.750000000000004 -0.76696334127844745 29.330059500000001 34.400000000000013 31.500000000000004 38.250000000000007 0 25.100000000000005 94.500000000000014
decision_type=2 2 2 2 2 2 2 2 2 2 2 1 2 2
left_child=1 2 4 7 -1 -5 -4 -3 9 13 12 -12 -10 -2
right_child=8 3 6 5 -6 -7 -8 -9 10 -11 11 -13 -14 -15
leaf_value=-0.06673985685161446 0.0074353492745923054 -0.083568035118324877 0.023736050344618245 -0.034166794702651507 -0.0097852307108246828 0.02973280710488492 0.0035064049847237464 0.050920805653728154 0.037407780467257505 -0.087088587505344497 0.040357114829481247 -0.0025979344352677677 0.020754889455086079 0.034557377817450941
leaf_weight=80.113886281847954 5.0719349384307924 99.696823433041573 474.25546665489674 180.96827319264412 506.55113799870014 64.892717733979225 1270.9837205708027 6.2234561741352072 118.76041887700558 7.1790878027677527 24.40400068461895 23.738032251596451 36.085898533463478 15.870460271835325
leaf_count=389 24 475 2242 879 2465 306 6122 29 563 34 117 114 174 75
internal_value=-0.000280567 -0.00258673 0.00229788 -0.0348808 -0.0176632 -0.017249 0.0090141 -0.0752637 0.0263948 -0.00288994 0.0304461 0.0195548 0.033685 0.028627
internal_weight=2914.8 2683.69 2331.9 351.781 586.665 245.861 1745.24 105.92 231.11 28.1215 202.988 48.142 154.846 20.9424
internal_count=14008 12907 11218 1689 2854 1185 8364 504 1101 133 968 231 737 99
cat_boundaries=0 1
cat_threshold=1
is_linear=0
shrinkage=0.05


Tree=20
num_leaves=15
num_cat=2
split_feature=0 2 39 5 42 1 19 39 2 37 5 32 43 39
split_gain=1018.04 95.8471 129.704 222.676 139.137 32.8191 31.7852 11.1858 4.35367 9.25622 5.5212 5.21732 5.05647 0.910458
threshold=0 9.5000000000000018 18.750000000000004 0.84199059757024453 6.5000000000000009 1 27.025694500000004 25.350000000000005 1.5000000000000002 38.500000000000007 -0.86974577485258975 27.797619000000005 19.750000000000004 15.850000000000003
decision_type=1 2 2 2 2 1 2 2 2 2 2 2 2 2
left_child=8 2 4 -4 -2 7 -7 -3 9 -1 12 -11 -10 -12
right_child=1 5 3 -5 -6 6 -8 -9 10 11 13 -13 -14 -15
leaf_value=-0.055725043505044237 0.027261838477714958 0.052257914886947435 0.024612730023836162 -0.048682853375865996 -0.032491127833912122 0.012656003703589457 0.056172873152737182 -0.013008005753117838 -0.055171137829506924 -0.0027823268405659627 -0.049183822562991447 -0.052982226297366375 -0.033769723244786748 -0.059858756365750755
leaf_weight=39.441189736127853 144.90801663696766 217.20784425735474 1254.576095238328 112.021139934659 292.58917973935604 174.2367382645607 54.665058985352516 6.4000246077775946 69.427412256598473 19.373974829912189 55.986868187785149 6.124254196882247 58.105642527341843 416.98876704275608
leaf_count=268 602 907 5224 478 1205 726 229 26 474 115 384 40 367 3005
internal_value=3.37788e-05 0.0160924 0.0109909 0.0185734 -0.0126827 0.0367169 0.0232476 0.0503403 -0.0537992 -0.0407606 -0.0560335 -0.016384 -0.045759 -0.0587016
internal_weight=2922.05 2256.6 1804.09 1366.6 437.497 452.51 228.902 223.608 665.448 64.9394 600.509 25.4982 127.533 472.976
internal_count=14050 9397 7509 5702 1807 1888 955 933 4653 423 4230 155 841 3389
cat_boundaries=0 1 2
cat_threshold=48 1
is_linear=0
shrinkage=0.05


Tree=21
num_leaves=15
num_cat=2
split_feature=0 0 2 26 2 39 37 33 5 2 32 43 32 39
split_gain=947.207 99.3309 56.1463 109.482 41.425 52.1449 40.4512 24.3185 4.65791 4.57322 7.29873 4.01309 8.60099 2.91182
threshold=0 1 9.5000000000000018 14.65 10.500000000000002 18.150000000000002 52.500000000000007 31.250000000000004 -0.97507822412530132 1.5000000000000002 26.086309500000002 19.750000000000004 27.157142500000003 16.000000000000004
decision_type=1 1 2 2 2 2 2 2 2 2 2 2 2 2
left_child=8 2 3 -2 5 -3 -6 -4 11 10 -10 -1 -13 -11
right_child=1 4 7 -5 6 -7 -8 -9 9 13 -12 12 -14 -15
leaf_value=-0.050502723264909469 -0.03204285337972055 -0.02106654401810662 0.019584626142218554 0.026237037569304067 -0.0078586428052847598 0.0069719052589279256 0.04646600859026357 0.058511159960675956 -0.0040321478532177974 -0.044982011496247684 -0.048693465573903444 -0.053430002689255345 0.0034105539808058681 -0.058486064084848167
leaf_weight=32.162681668996811 88.565902784466743 209.13609491288662 54.955288216471672 814.92262801527977 50.446625575423241 785.37028309702873 104.16440889239311 162.4860223531723 11.204030722379683 64.94614639878273 53.940386533737183 11.217958167195322 14.372452139854429 456.26574785262346
leaf_count=214 359 858 239 3429 202 3252 417 718 63 459 372 70 79 3408
internal_value=9.36489e-06 0.0152285 0.0257958 0.0204949 0.00477359 0.00106042 0.0288043 0.0488077 -0.052983 -0.0552212 -0.0411894 -0.0387245 -0.0225787 -0.0568927
internal_weight=2914.16 2270.05 1120.93 903.489 1149.12 994.506 154.611 217.441 644.109 586.356 65.1444 57.7531 25.5904 521.212
internal_count=14139 9474 4745 3788 4729 4110 619 957 4665 4302 435 363 149 3867
cat_boundaries=0 1 2
cat_threshold=48 5
is_linear=0
shrinkage=0.05


Tree=22
num_leaves=15
num_cat=2
split_feature=0 0 33 36 43 39 2 21 5 2 37 43 43 5
split_gain=871.494 90.0279 57.9763 92.1848 40.0392 60.0667 49.5271 5.59749 5.33888 4.85853 6.18631 4.67844 5.7629 2.75883
threshold=0 1 36.95000000000001 95.500000000000014 18.550000000000004 18.150000000000002 9.5000000000000018 27.050000000000004 -0.98212955754013376 1.5000000000000002 38.500000000000007 30.300000000000004 33.250000000000007 -0.99938741687870725
decision_type=1 1 2 2 2 2 2 2 2 2 2 2 2 2
left_child=8 2 3 -2 6 -6 -3 -4 11 10 -10 13 -13 -1
right_child=1 4 7 -5 5 -7 -8 -9 9 -11 -12 12 -14 -15
leaf_value=-0.020542334063630183 -0.0090654344860114748 -0.0089106829506444222 0.073061356325093293 0.028807811098530273 -0.01175112901026123 0.02999556962318374 0.023998677895627568 0.026199208290275184 -0.052957977006612506 -0.05623319931930465 -0.019905684629951778 0.0096567012743711544 -0.051594774808556856 -0.054688502236700715
leaf_weight=9.8659446239471382 198.96294924616814 602.0258721858263 62.843452498316765 825.01396231353283 124.77045483887196 274.28643552958965 140.08108121156693 8.7209072858095151 36.495770543813705 511.04321663081646 25.676631420850754 10.390104889869688 4.8742953538894644 25.113595411181453
leaf_count=61 826 2514 273 3531 509 1111 561 37 265 3938 161 56 31 172
internal_value=-0.000510657 0.0141006 0.0243119 0.0214472 0.00415897 0.0169462 -0.00267473 0.0677904 -0.052257 -0.0545275 -0.0398389 -0.0359929 -0.0118721 -0.0458962
internal_weight=2860.16 2236.71 1095.54 1023.98 1141.16 399.057 742.107 71.5644 623.46 573.216 62.1724 50.2439 15.2644 34.9795
internal_count=14046 9362 4667 4357 4695 1620 3075 310 4684 4364 426 320 87 233
cat_boundaries=0 1 2
cat_threshold=48 5
is_linear=0
shrinkage=0.05


Tree=23
num_leaves=15
num_cat=3
split_feature=0 2 34 39 0 32 1 5 34 43 2 32 4 39
split_gain=838.269 82.9497 117.222 134.002 29.2566 28.7444 20.5202 4.54793 9.55026 5.59359 5.36529 8.2558 1.91005 1.22976
threshold=0 9.5000000000000018 20.350000000000005 18.750000000000004 1 27.107440500000003 2 -0.86974577485258975 23.350000000000005 29.550000000000004 1.5000000000000002 26.086309500000002 0.24372619187392147 15.850000000000003
decision_type=1 2 2 2 1 2 1 2 2 2 2 2 2 2
left_child=7 2 12 -4 5 -3 -6 8 -1 -10 11 -9 -2 -12
right_child=1 4 3 -5 6 -7 -8 10 9 -11 13 -13 -14 -15
leaf_value=0.03194895372737485 -0.028892201905261785 0.00014051952289028194 -0.012478592127141187 0.019696065049020991 0.054339745441184861 0.072688324867994536 0.029130928425659581 0.0012575186024140718 -0.050578915445640506 -0.021028270758536367 -0.04642088616139093 -0.047707888398196951 -0.071436078465364872 -0.058246762781060626
leaf_weight=3.4785541445016852 4.8164466470479956 103.83235788345337 429.69899053871632 1302.6716368496418 168.8952082246542 14.721392616629599 163.21765033900738 10.319996446371077 93.445105463266373 21.754033461213112 50.337043613195419 49.413511872291565 41.890996798872948 371.47972350567579
leaf_count=26 21 416 1783 5468 734 59 704 59 698 136 382 362 182 3019
internal_value=0.000233834 0.0143899 0.00958984 0.0117128 0.0335942 0.00893446 0.0408492 -0.0516699 -0.0427174 -0.0452276 -0.0548538 -0.0393669 -0.0677465 -0.0569487
internal_weight=2829.97 2229.74 1779.08 1732.37 450.667 118.554 332.113 600.228 118.678 115.199 481.55 59.7335 46.7074 421.817
internal_count=14049 9367 7454 7251 1913 475 1438 4682 860 834 3822 421 203 3401
cat_boundaries=0 1 2 3
cat_threshold=48 2 1
is_linear=0
shrinkage=0.05


Tree=24
num_leaves=15
num_cat=2
split_feature=0 2 39 44 0 37 38 44 2 5 39 39 39 5
split_gain=774.438 77.8869 116.949 80.8055 74.4706 18.0324 11.7852 4.86719 5.91618 8.12087 5.87533 6.81246 5.77187 3.77777
threshold=0 1.5000000000000002 18.650000000000002 52.000000000000007 1 31.500000000000004 7.0422620000000009 33.300000000000004 1.5000000000000002 -0.91595872546125101 16.000000000000004 15.65 17.850000000000005 -0.99465740988130902
decision_type=1 2 2 2 1 2 2 2 2 2 2 2 2 2
left_child=7 2 5 4 -3 -2 -4 8 12 -10 11 -9 -1 -12
right_child=1 3 6 -5 -6 -7 -8 10 9 -11 13 -13 -14 -15
leaf_value=-0.046697313877401975 -0.061717423220339643 0.027469229384305977 0.020120295105412335 -0.06348079884016232 0.0079655468054567729 0.029471663817396927 -0.055666631811480106 -0.046913270714474327 -0.015373420799923055 -0.054615691651794002 -0.030566994187611357 0.040218351473718557 -0.0059741713805333664 -0.05635866515734033
leaf_weight=14.717684268951414 4.8458005934953681 977.1232948154211 4.9203817993402472 30.205609828233719 1027.9988157600164 89.46840164065361 101.12752179801464 3.9416009634733191 16.536476507782936 90.354379087686539 18.681412890553474 3.1343765556812286 20.261785492300987 412.16381607949734
leaf_count=106 21 4228 21 128 4208 375 437 31 112 727 125 25 133 3431
internal_value=3.73616e-05 0.0134321 -0.0161923 0.0164208 0.0176555 0.0241881 -0.0519952 -0.050902 -0.0428359 -0.0487435 -0.0545713 -0.00811652 -0.0239302 -0.0553137
internal_weight=2815.48 2235.69 200.362 2035.33 2005.12 94.3142 106.048 579.792 141.87 106.891 437.921 7.07598 34.9795 430.845
internal_count=14108 9418 854 8564 8436 396 458 4690 1078 839 3612 56 239 3556
cat_boundaries=0 1 2
cat_threshold=48 5
is_linear=0
shrinkage=0.05


Tree=25
num_leaves=14
num_cat=1
split_feature=0 34 34 5 39 36 4 5 34 43 5 43 25
split_gain=718.248 92.2802 202.278 122.432 94.42 11.4803 30.4151 4.52224 8.76466 5.58886 4.64098 8.16313 3.29264
threshold=0 25.250000000000004 24.550000000000004 -0.7444366621422277 19.150000000000002 97.500000000000014 0.71503381463111937 -0.86974577485258975 23.350000000000005 29.550000000000004 0.63089349388778826 14.100000000000001 12.270139000000002
decision_type=1 2 2 2 2 2 2 2 2 2 2 2 2
left_child=7 2 3 -2 -4 12 -7 8 -1 -10 -9 -12 -3
right_child=1 5 4 -5 -6 6 -8 10 9 -11 11 -13 -14
leaf_value=0.029481617142282708 0.041674548903035652 0.057744460499590311 -0.073977991672165219 0.009340299103851972 -0.010444067672746755 0.042789374037735133 -0.085131016276323412 -0.057349287656547489 -0.049155721096637926 -0.01933485692225196 -0.05072797908539986 -0.019298201366501469 0.038237549619591159
leaf_weight=3.6033275872468939 369.89205116033554 110.66020965576172 83.327655538916588 1394.3193732202053 192.13185074925423 20.905588001012806 4.9225940108299246 293.64223102480173 87.861336469650269 21.300459966063499 125.69933477789164 26.700364127755165 38.128693580627441
leaf_count=27 1550 464 346 5924 809 86 20 2582 701 139 1040 199 161
internal_value=3.18173e-05 0.0128572 0.00991536 0.0161394 -0.0298614 0.0477008 0.0161446 -0.0500569 -0.0409924 -0.0435652 -0.0533715 -0.0453832 0.0530343
internal_weight=2773.1 2214.29 2039.67 1764.21 275.46 174.617 25.8282 558.807 112.765 109.162 446.042 152.4 148.789
internal_count=14048 9360 8629 7474 1155 731 106 4688 867 840 3821 1239 625
cat_boundaries=0 1
cat_threshold=48
is_linear=0
shrinkage=0.05


Tree=26
num_leaves=15
num_cat=3
split_feature=0 0 33 34 4 44 0 34 2 37 24 5 43 7
split_gain=661.959 77.3509 55.4673 81.37 38.4745 44.1468 38.3364 5.94249 4.56795 6.86515 6.75817 5.96611 5.70653 4.14464
threshold=0 1 36.95000000000001 24.450000000000003 0.93845596220871974 46.600000000000001 2 26.400000000000002 1.5000000000000002 38.500000000000007 41.500000000000007 -0.86974577485258975 19.750000000000004 28.177083500000006
decision_type=1 1 2 2 2 2 1 2 2 2 2 2 2 2
left_child=8 2 3 -2 5 -3 -6 -4 9 13 -11 12 -10 -1
right_child=1 4 7 -5 6 -7 -8 -9 11 10 -12 -13 -14 -15
leaf_value=-0.056120090946257639 0.025423233383064181 0.0091336754030609379 0.07211214622980272 -0.010153034195278417 0.006460353300306124 -0.029229307272443092 -0.044152784330275335 0.033003839444339003 -0.051980906491212842 0.033357374519839965 -0.02792336875244263 -0.055332615043008328 -0.027941013653635639 0.0028095573922684199
leaf_weight=28.382127530872825 813.12307550013065 912.42746929824352 54.68659596145153 199.67605194449425 70.108289644122124 80.728213131427765 71.146369278430939 14.919343680143355 56.895445927977562 4.9982168078422573 17.787379965186119 374.43315048515797 51.581945158541203 3.2177311405539504
leaf_count=237 3557 3739 249 840 298 337 302 67 478 36 117 3406 377 26
internal_value=-0.00042162 0.0116941 0.0212193 0.0184062 0.00248914 0.00598909 -0.021813 0.0643158 -0.0496337 -0.0354172 -0.0136436 -0.0521839 -0.0409094 -0.0502173
internal_weight=2754.11 2216.82 1082.41 1012.8 1134.41 993.156 141.255 69.6059 537.296 54.3855 22.7856 482.911 108.477 31.5999
internal_count=14066 9389 4713 4397 4676 4076 600 316 4677 416 153 4261 855 263
cat_boundaries=0 1 2 3
cat_threshold=48 5 8
is_linear=0
shrinkage=0.05


Tree=27
num_leaves=15
num_cat=2
split_feature=0 0 44 39 6 44 5 44 5 43 43 39 39 5
split_gain=625.163 74.7488 49.513 54.4924 33.1537 31.7443 20.0602 5.5957 4.91248 5.88427 5.22649 4.46149 4.33161 4.05927
threshold=0 1 52.000000000000007 20.150000000000002 2.5000000000000004 48.800000000000004 -0.97874870457683605 33.300000000000004 -0.91595872546125101 0.15000000000000005 19.750000000000004 16.000000000000004 15.65 -0.99761278905001471
decision_type=1 1 2 2 2 2 2 2 2 2 2 2 2 2
left_child=7 2 3 -2 6 -6 -3 8 10 -10 -1 12 -9 -13
right_child=1 4 -4 -5 5 -7 -8 11 9 -11 -12 13 -14 -15
leaf_value=-0.049258838621155189 0.010092601359288154 -0.074819147903403702 -0.06562834738926801 0.033009138836307565 0.0090404632248063995 -0.037168938864704147 -0.010279890603948388 -0.044314058485966597 -0.0053691495094809376 -0.047225961837386171 0.0075161019127884462 -0.020595735678353336 0.027357379967329468 -0.054740484160780971
leaf_weight=5.3317769244313267 479.82007597386837 11.735205784440039 15.234720602631567 566.88869144022465 851.41750563681126 37.88551938533783 235.49254052340984 3.3258401900529853 9.4269982650876027 103.72663337737322 10.668550640344618 10.532270997762678 3.1819362193346024 371.1191893517971
leaf_count=43 2098 49 64 2490 3468 163 1005 29 74 890 71 75 26 3471
internal_value=-0.000184423 0.0115004 0.0210009 0.0225237 0.00250709 0.00703234 -0.0136325 -0.0490444 -0.0401524 -0.0438164 -0.0131876 -0.0531525 -0.0102945 -0.0538545
internal_weight=2715.79 2198.47 1061.94 1046.71 1136.53 889.303 247.228 517.313 129.154 113.154 16.0003 388.159 6.50778 381.651
internal_count=14016 9337 4652 4588 4685 3631 1054 4679 1078 964 114 3601 55 3546
cat_boundaries=0 1 2
cat_threshold=48 5
is_linear=0
shrinkage=0.05


Tree=28
num_leaves=15
num_cat=1
split_feature=0 34 34 36 39 20 38 5 34 2 43 44 5 39
split_gain=584.594 71.8552 176.943 129.884 92.0324 10.0621 11.7279 4.81934 9.00388 6.64412 5.99952 5.43165 4.13112 1.34533
threshold=0 25.250000000000004 24.550000000000004 96.500000000000014 19.150000000000002 33.250000000000007 8.0431550000000005 -0.86974577485258975 23.350000000000005 1.5000000000000002 29.550000000000004 33.300000000000004 -0.75581183015052977 15.850000000000003
decision_type=1 2 2 2 2 2 2 2 2 2 2 2 2 2
left_child=7 2 3 -2 -4 6 -3 8 -1 11 -10 -9 -7 -11
right_child=1 5 4 -5 -6 12 -8 9 10 13 -12 -13 -14 -15
leaf_value=0.033748642234618098 -0.0089558790371569077 0.041192355428715917 -0.073797961683868527 0.022177828515513833 -0.0101942099091877 0.061609078973334321 -0.056937021462676707 -0.020124675358272344 -0.047811761990093592 -0.043191609888995237 -0.016296243044066527 -0.054365877690980946 0.040040836431547572 -0.056177170523638124
leaf_weight=3.4009508937597266 451.40795728564262 5.4051936417818052 80.289430379867554 1292.7871010899544 190.71448886394501 31.957756072282791 4.8162504136562347 31.415435746312141 80.374504834413528 41.994747206568718 20.22576479613781 19.479802779853344 132.84770764410496 302.0357052013278
leaf_count=26 1931 23 336 5516 806 133 20 233 709 378 139 178 570 3020
internal_value=-0.00026899 0.0109079 0.00827711 0.0141197 -0.0292399 0.0415991 -0.00599878 -0.0485059 -0.0389332 -0.0521473 -0.0416983 -0.0340253 0.0445695 -0.0547218
internal_weight=2689.15 2190.23 2015.2 1744.2 271.004 175.027 10.2214 498.927 104.001 394.926 100.6 50.8952 164.805 344.03
internal_count=14018 9335 8589 7447 1142 746 43 4683 874 3809 848 411 703 3398
cat_boundaries=0 1
cat_threshold=48
is_linear=0
shrinkage=0.05


Tree=29
num_leaves=15
num_cat=2
split_feature=0 2 44 0 38 35 35 5 2 43 37 32 5 2
split_gain=540.869 72.9967 70.3839 67.8801 67.2045 40.9145 21.9487 5.8408 7.08134 7.00163 14.4949 6.46607 1.3915 0.935276
threshold=0 1.5000000000000002 52.000000000000007 1 7.5002975000000012 63.40178550000001 69.092262000000019 -0.86974577485258975 1.5000000000000002 19.750000000000004 62.500000000000007 26.086309500000002 -0.99761278905001471 10.500000000000002
decision_type=1 2 2 1 2 2 2 2 2 2 2 2 2 2
left_child=7 4 3 -3 5 -2 -6 9 11 12 -11 -9 -1 -10
right_child=1 2 -4 -5 6 -7 -8 8 13 10 -12 -13 -14 -15
leaf_value=-0.02923838859092584 -0.072823304978894679 0.024296844788366793 -0.061395673367962811 0.0054899176165505333 -0.025520989416061863 0.024883489242882802 -0.07220151921930483 0.001906251087559308 -0.05580273020908947 -0.00014905230199463784 -0.054860375095409822 -0.041585048806563336 -0.054137388596011443 -0.04577919773203229
leaf_weight=11.232578232884405 11.307232931256292 935.62211319804192 29.925337731838226 1015.301167294383 61.660202413797379 82.762347459793091 43.78658539056778 10.501527696847914 266.18801512569189 29.696730256080627 19.443774528801441 42.983339831233025 41.187147177755833 63.897672578692436
leaf_count=91 49 4168 131 4168 269 348 188 65 2783 215 170 378 400 618
internal_value=-0.000136811 0.0105372 0.0134902 0.0146698 -0.0181769 0.0124966 -0.0454012 -0.0472771 -0.0511945 -0.0367364 -0.0224595 -0.0331675 -0.0494492 -0.0540065
internal_weight=2665.5 2180.36 1980.85 1950.92 199.516 94.0696 105.447 485.131 383.571 101.56 49.1405 53.4849 52.4197 330.086
internal_count=14041 9321 8467 8336 854 397 457 4720 3844 876 385 443 491 3401
cat_boundaries=0 1 2
cat_threshold=48 5
is_linear=0
shrinkage=0.05


Tree=30
num_leaves=15
num_cat=1
split_feature=0 6 6 27 44 5 6 38 5 33 44 2 42 36
split_gain=508.757 65.2654 69.9203 65.441 63.0235 54.6713 44.2217 5.97682 5.56472 5.22212 4.21005 4.96419 4.05742 1.21074
threshold=0 2.5000000000000004 27.000000000000004 16.250000000000004 48.800000000000004 -0.97874870457683605 1.5000000000000002 8.5220240000000018 -0.97874870457683605 33.95000000000001 32.95000000000001 1.5000000000000002 6.5000000000000009 99.500000000000014
decision_type=1 2 2 2 2 2 2 2 2 2 2 2 2 2
left_child=8 5 4 -4 -3 7 -7 -2 9 12 11 -10 -1 -12
right_child=1 2 3 -5 -6 6 -8 -9 10 -11 13 -13 -14 -15
leaf_value=0.011607029775189671 -0.02480576223543185 0.021581875690744004 -0.075568906867565247 0.00066680595858078281 -0.0309900499011459 0.0038507923045115462 -0.040119433078965996 -0.09130620459809724 -0.022641283614508248 0.026570184993810253 -0.05503979802799961 -0.047638520885735502 -0.039952707249874153 -0.043417019445180741
leaf_weight=3.8101893067359915 5.2029328942298916 1315.0271576344967 30.392377838492393 272.35201385617256 58.736541330814362 409.18216077983379 65.448325276374817 18.641409933567047 31.170869126915932 3.0486963838338843 264.36240302026272 73.382853761315346 36.509153924882412 50.851775661110878
leaf_count=23 22 5663 126 1148 259 1755 280 77 238 19 2845 731 297 532
internal_value=-0.000430568 0.00975647 0.0145222 -0.00721006 0.0193132 -0.00607357 -0.00228401 -0.078378 -0.0473784 -0.0300934 -0.0502144 -0.0404711 -0.0349173 -0.053308
internal_weight=2638.12 2174.98 1676.51 302.744 1373.76 498.475 474.63 23.8443 463.136 43.368 419.768 104.554 40.3193 315.214
internal_count=14015 9330 7196 1274 5922 2134 2035 99 4685 339 4346 969 320 3377
cat_boundaries=0 1
cat_threshold=48
is_linear=0
shrinkage=0.05


Tree=31
num_leaves=15
num_cat=2
split_feature=0 2 39 2 35 1 32 39 44 44 4 39 39 39
split_gain=472.314 65.1535 109.413 152.862 127.429 29.571 27.1661 7.88357 4.65213 4.88175 7.00273 4.78912 4.42279 4.33662
threshold=0 9.5000000000000018 18.750000000000004 1.5000000000000002 87.532738500000008 1 27.107440500000003 23.350000000000005 32.95000000000001 30.800000000000004 0.39036257410962039 16.000000000000004 15.65 17.850000000000005
decision_type=1 2 2 2 2 1 2 2 2 2 2 2 2 2
left_child=8 2 4 -4 -2 7 -7 -3 9 13 -11 12 -10 -1
right_child=1 5 3 -5 -6 6 -8 -9 11 10 -12 -13 -14 -15
leaf_value=-0.051116712140017 -0.007259529678781346 0.042384462616461144 -0.047814230276263005 0.017109089199234876 -0.094656405115428166 0.00665859253805393 0.059725495830949042 0.0024805075901314952 -0.04200356831621363 -0.011666623482062819 -0.052402248178416613 -0.051417938290673974 0.033079178243057991 0.001259237220142346
leaf_weight=54.766591861844063 389.36809141933918 200.69051378965378 97.022975727915764 1213.160425901413 45.742447555065155 186.73167151212692 26.757235676050186 13.323547035455702 2.9135759547352782 33.573875077068806 14.961688272655008 333.35743460059166 2.9470351934432983 4.2024685516953459
leaf_count=537 1637 889 424 5213 190 814 118 57 29 280 161 3624 26 36
internal_value=-0.000377707 0.00930482 0.00505523 0.0122685 -0.0166434 0.0268188 0.0135571 0.0399233 -0.0465558 -0.0376375 -0.0250283 -0.0506316 -0.00492951 -0.0474254
internal_weight=2619.52 2172.8 1745.29 1310.18 435.111 427.503 213.489 214.014 446.723 107.505 48.5356 339.218 5.86061 58.9691
internal_count=14035 9342 7464 5637 1827 1878 932 946 4693 1014 441 3679 55 573
cat_boundaries=0 1 2
cat_threshold=48 1
is_linear=0
shrinkage=0.05


Tree=32
num_leaves=15
num_cat=1
split_feature=0 6 44 6 39 5 33 12 5 43 37 2 44 39
split_gain=439.751 62.8828 62.8295 69.8087 58.5265 51.0149 34.0579 9.61634 6.45733 8.14696 14.8376 6.70356 5.22959 2.26488
threshold=0 2.5000000000000004 48.800000000000004 27.000000000000004 28.000000000000004 -0.97111920233974802 36.95000000000001 60.500000000000007 -0.86974577485258975 19.750000000000004 62.500000000000007 1.5000000000000002 31.850000000000005 15.850000000000003
decision_type=1 2 2 2 2 2 2 2 2 2 2 2 2 2
left_child=8 5 3 -3 -4 7 -7 -2 9 -1 -11 12 -10 -13
right_child=1 2 4 -5 -6 6 -8 -9 11 10 -12 13 -14 -15
leaf_value=-0.048747638053824267 -0.022963684361198757 0.020479239594645232 -0.070662207811518399 -0.0066115474403080077 0.01724599628619148 -0.0074026054024455895 0.03601117047986855 -0.087601772433554423 -0.013888571478105106 0.0043728901447535372 -0.053452366684049048 -0.038993927811177151 -0.047508325744991788 -0.054929102620083652
leaf_weight=47.133302442729473 9.0599800050258654 1307.290750965476 40.858680367469788 290.11317102611065 33.983294576406479 415.42931862175465 49.677368462085724 20.626976519823074 23.509389169514179 27.783492460846901 17.317312732338905 37.310819260776043 24.226144559681416 255.95866507291794
leaf_count=494 38 5669 179 1221 151 1783 219 86 190 210 171 386 235 3032
internal_value=-0.000467682 0.00878327 0.013455 0.0155581 -0.0310449 -0.00682398 -0.00269833 -0.0692664 -0.0458016 -0.0343181 -0.0185081 -0.0501374 -0.0315756 -0.0530412
internal_weight=2600.28 2167.04 1672.25 1597.4 74.842 494.794 465.107 29.687 433.239 92.2341 45.1008 341.005 47.7355 293.269
internal_count=14064 9346 7220 6890 330 2126 2002 124 4718 875 381 3843 425 3418
cat_boundaries=0 1
cat_threshold=48
is_linear=0
shrinkage=0.05


Tree=33
num_leaves=15
num_cat=3
split_feature=0 0 43 34 4 0 2 21 5 44 23 39 37 43
split_gain=404.351 69.1247 52.0107 51.1698 33.8678 34.6215 29.9599 21.8603 6.48925 6.21544 6.12801 5.91018 5.14138 5.54576
threshold=0 1 38.900000000000006 20.950000000000003 0.93237596376505805 2 1.5000000000000002 25.250000000000004 -0.98212955754013376 32.95000000000001 93.500000000000014 16.000000000000004 59.500000000000007 19.200000000000006
decision_type=1 1 2 2 2 1 2 2 2 2 2 2 2 2
left_child=8 2 3 -2 6 -6 -3 -4 12 10 -10 -11 13 -1
right_child=1 4 7 -5 5 -7 -8 -9 9 11 -12 -13 -14 -15
leaf_value=-0.040542308939313175 -0.019162594376842132 -0.023451932889260254 -0.08126744511382597 0.02258620405214188 0.0036338300895828717 -0.044059857917995632 0.0057846013576437474 0.031418752487574857 -0.0021281343944186612 0.00027738712718773336 -0.04107161672217316 -0.053178578508477896 -0.041431074889247591 0.016094061431303756
leaf_weight=5.7376418635249165 78.916941866278648 96.151619777083397 17.536748468875889 931.49536077678204 74.576678574085236 72.35459204018116 893.6476829200983 5.0130740702152243 11.611529894173144 5.2585068568587294 82.94958883523941 275.97147616744041 20.898967005312443 11.101266533136366
leaf_count=58 344 424 73 4221 315 309 3664 22 100 51 860 3360 186 67
internal_value=-0.000557199 0.00813859 0.0174457 0.0193097 -0.000405002 -0.0227242 0.00292369 -0.0559457 -0.0451976 -0.0483079 -0.0363619 -0.0521816 -0.0254453 -0.00439495
internal_weight=2583.22 2169.69 1032.96 1010.41 1136.73 146.931 989.799 22.5498 413.529 375.791 94.5611 281.23 37.7379 16.8389
internal_count=14054 9372 4660 4565 4712 624 4088 95 4682 4371 960 3411 311 125
cat_boundaries=0 1 2 3
cat_threshold=48 5 8
is_linear=0
shrinkage=0.05


Tree=34
num_leaves=15
num_cat=2
split_feature=0 34 34 36 39 5 34 0 34 10 43 2 37 39
split_gain=385.709 62.2061 144.849 114.963 84.1425 7.57241 9.25702 7.46585 13.3582 9.65824 6.02994 5.74161 6.94469 1.84251
threshold=0 25.250000000000004 24.550000000000004 94.500000000000014 19.150000000000002 -0.86974577485258975 23.350000000000005 1 26.400000000000002 81.312500000000014 29.550000000000004 1.5000000000000002 38.500000000000007 15.850000000000003
decision_type=1 2 2 2 2 2 2 1 2 2 2 2 2 2
left_child=5 2 3 -2 -4 6 -1 8 -3 -9 -8 12 -7 -13
right_child=1 7 4 -5 -6 11 10 9 -10 -11 -12 13 -14 -15
leaf_value=0.044763915381503198 -0.017151431923825424 -0.0021899623420911559 -0.07039098241079858 0.016906136772696759 -0.0097787304047618206 -0.049637862071612651 -0.042586148706649327 0.054496874365535686 0.061541920159476349 0.018485347410286984 -0.0097325470573533506 -0.03913704279523119 -0.010212016691624054 -0.054388682298336703
leaf_weight=2.9555879086256018 298.67691504955292 36.572531208395958 81.568749725818634 1433.3798719495535 188.11716212332249 24.305458284914494 62.741907641291618 94.420134946703911 9.582750201225279 24.824231028556824 18.791325137019157 35.580678321421146 21.147404097020626 231.79765946418047
leaf_count=24 1286 148 346 6242 804 265 682 428 39 109 141 390 162 2998
internal_value=-0.000238003 0.00812389 0.00571642 0.0110267 -0.0283037 -0.0448314 -0.0319349 0.037539 0.00995534 0.0435909 -0.0352239 -0.0496302 -0.0319093 -0.0525125
internal_weight=2564.46 2167.14 2001.74 1732.06 269.686 397.32 84.4888 165.4 46.1553 119.244 81.5332 312.831 45.4529 267.378
internal_count=14064 9402 8678 7528 1150 4662 847 724 187 537 823 3815 427 3388
cat_boundaries=0 1 2
cat_threshold=48 2
is_linear=0
shrinkage=0.05


Tree=35
num_leaves=15
num_cat=2
split_feature=0 0 34 39 39 38 4 40 5 33 2 37 39 5
split_gain=353.02 55.6948 46.4299 60.9242 59.4091 27.7673 49.0172 43.0292 6.47841 6.06131 5.63273 6.13392 4.54737 1.90826
threshold=0 1 20.950000000000003 19.550000000000004 19.250000000000004 7.4491070000000006 -0.70291267844185523 94.90000000000002 -0.99628250747696534 32.750000000000007 1.5000000000000002 38.500000000000007 16.000000000000004 -0.99864786094873803
decision_type=1 1 2 2 2 2 2 2 2 2 2 2 2 2
left_child=8 2 4 -4 -2 6 -3 -7 9 13 11 -10 -12 -1
right_child=1 5 3 -5 -6 7 -8 -9 10 -11 12 -13 -14 -15
leaf_value=0.030201409007413745 0.030006023222798408 -0.013496016872785864 0.0035043185269688507 0.029411687166160889 -0.057598395998142531 -0.010693381487846414 0.023077755685147229 0.025731878164784745 -0.045185646226819219 -0.048120620839129699 -0.031779293816261246 -0.0074894154793622774 -0.05113575358997461 -0.011034561328363272
leaf_weight=5.2148968651890746 32.545718804001808 139.9266260266304 377.57674585282803 568.88063235580921 45.057109698653221 633.66411577165127 261.44517268240452 91.987578019499779 23.649911537766457 6.0085584819316855 41.1198795363307 20.03172954171896 282.67194187641144 4.3823495209217063
leaf_count=39 147 566 1717 2619 192 2664 1076 379 267 62 458 154 3658 36
internal_value=-0.000442696 0.00749384 0.0158846 0.0190909 -0.0209438 -0.000210244 0.0103255 -0.00604686 -0.0439622 -0.0125829 -0.0464502 -0.0284532 -0.048783 0.0121076
internal_weight=2534.16 2151.08 1024.06 946.457 77.6028 1127.02 401.372 725.652 383.079 15.6058 367.473 43.6816 323.792 9.59725
internal_count=14034 9360 4675 4336 339 4685 1642 3043 4674 137 4537 421 4116 75
cat_boundaries=0 1 2
cat_threshold=48 5
is_linear=0
shrinkage=0.05


Tree=36
num_leaves=15
num_cat=2
split_feature=0 0 39 34 34 44 4 5 5 43 37 2 44 39
split_gain=327.524 58.1525 46.3798 80.6538 48.8131 29.5435 36.3116 28.5341 7.82124 7.7051 15.8371 5.26089 4.52746 3.32944
threshold=0 1 15.050000000000002 23.850000000000005 21.050000000000004 46.600000000000001 0.93237596376505805 -0.96687281075841669 -0.86974577485258975 19.750000000000004 62.500000000000007 1.5000000000000002 31.850000000000005 15.850000000000003
decision_type=1 1 2 2 2 2 2 2 2 2 2 2 2 2
left_child=8 2 3 -2 -4 6 -3 -7 9 -1 -11 12 -10 -13
right_child=1 5 4 -5 -6 7 -8 -9 11 10 -12 13 -14 -15
leaf_value=-0.045372895819769742 0.017250835055013087 0.0050912465998907636 -0.019372932367660776 -0.097788664262126249 0.021752847447123344 0.061921469130638798 -0.023271140846671094 -0.035103642216428789 -0.013982701211419427 0.010827531776000121 -0.052105677670991273 -0.034580719945942022 -0.047178895204672666 -0.053906693157365695
leaf_weight=40.385579198598862 40.645551159977913 901.37145894765854 77.814088732004166 23.145003125071526 881.40993805229664 7.3615973591804496 127.98355011641979 89.637750506401062 21.648141585290432 24.685371808707714 15.498643040657042 33.026208214461803 20.856311544775963 212.37312880903482
leaf_count=490 192 3724 340 99 4064 30 547 385 185 199 177 383 234 3001
internal_value=-0.000608234 0.00692198 0.0154982 -0.0253538 0.0183999 -0.000941968 0.00154568 -0.0271834 -0.0434446 -0.0301503 -0.0141211 -0.0485516 -0.0309816 -0.0514567
internal_weight=2517.84 2149.37 1023.01 63.7906 959.224 1126.35 1029.36 96.9993 368.473 80.5696 40.184 287.904 42.5045 245.399
internal_count=14050 9381 4695 291 4404 4686 4271 415 4669 866 376 3803 419 3384
cat_boundaries=0 1 2
cat_threshold=48 5
is_linear=0
shrinkage=0.05


Tree=37
num_leaves=15
num_cat=3
split_feature=0 2 39 40 22 0 26 34 5 0 43 2 37 39
split_gain=304.256 55.4965 86.6108 122.783 108.414 28.0273 23.883 20.5061 6.81304 10.69 17.2676 8.51 6.00636 3.41106
threshold=0 9.5000000000000018 17.650000000000002 66.050000000000011 83.951388500000022 1 14.65 23.850000000000005 -0.87810534180523914 2 19.750000000000004 1.5000000000000002 38.500000000000007 15.850000000000003
decision_type=1 2 2 2 2 1 2 2 2 1 2 2 2 2
left_child=8 2 4 -4 -2 6 -3 -7 9 10 -1 12 -10 -13
right_child=1 5 3 -5 -6 7 -8 -9 11 -11 -12 13 -14 -15
leaf_value=-0.037191301110570993 0.0097826367983569872 -0.030015550283860267 -0.0023405617433449144 0.029162999860386382 -0.053031805709026297 0.035198128504145762 0.017108643216872728 -0.010609566556585535 -0.043659885886186675 -0.044107330065012502 0.027730713602549542 -0.034011312375441159 -0.0057857532041235386 -0.053694128413919774
leaf_weight=19.030396848917007 130.86765576899052 40.521102517843246 984.61962479352951 449.84156133234501 142.96866388618946 280.59984911978245 75.286024451255798 26.309508502483368 21.27799454331398 38.672805823385715 19.974979244172573 32.384294219315052 20.409343361854553 205.70931374281645
leaf_count=240 558 164 4302 1969 599 1315 305 120 258 421 182 386 160 3037
internal_value=-0.000605864 0.00661854 0.00263037 0.00755227 -0.0230861 0.0228476 0.000464261 0.0302666 -0.0425699 -0.0299224 -0.00326576 -0.0474784 -0.0256873 -0.0511704
internal_weight=2488.47 2131.01 1708.3 1434.46 273.836 422.716 115.807 306.909 357.459 77.6782 39.0054 279.781 41.6873 238.094
internal_count=14016 9332 7428 6271 1157 1904 469 1435 4684 843 422 3841 418 3423
cat_boundaries=0 1 2 3
cat_threshold=48 2 32
is_linear=0
shrinkage=0.05


Tree=38
num_leaves=15
num_cat=2
split_feature=0 34 34 36 39 36 4 5 0 26 2 37 33 39
split_gain=294.551 55.4048 141.68 96.6056 66.9113 7.14616 30.1314 6.64631 8.10253 8.49174 7.92802 6.76902 3.69619 3.2738
threshold=0 25.250000000000004 24.550000000000004 95.500000000000014 19.150000000000002 97.500000000000014 0.71503381463111937 -0.97507822412530132 1 17.250000000000004 1.5000000000000002 38.500000000000007 37.95000000000001 16.000000000000004
decision_type=1 2 2 2 2 2 2 2 1 2 2 2 2 2
left_child=7 2 3 -2 -4 12 -7 8 9 -1 11 -9 -3 -12
right_child=1 5 4 -5 -6 6 -8 10 -10 -11 13 -13 -14 -15
leaf_value=-0.035943870480145322 -0.013988828626316724 0.044996526278751399 -0.066958013084420426 0.01550208243589284 -0.012799889248122987 0.037570381768284866 -0.088385419129222792 -0.043625862084351916 -0.037150439843293109 0.029467641706326632 -0.033758016121972767 -0.0032546633883373376 0.026149516827781012 -0.051894055300158698
leaf_weight=6.4830167368054417 347.69442526996136 92.032317280769348 81.813323527574539 1365.3031728118658 185.28754067420959 20.293249234557155 5.1204305291175833 21.547663979232311 19.699583947658539 13.849113784730433 36.615339621901512 19.567139603197575 43.926793128252029 228.15822986885905
leaf_count=67 1512 411 353 6020 799 88 21 269 189 126 441 156 198 3458
internal_value=-0.000478641 0.006501 0.00422657 0.00951152 -0.0295765 0.0346116 0.00980699 -0.0425425 -0.0236866 0.00538105 -0.0463112 -0.0249461 0.0391427 -0.0495225
internal_weight=2487.39 2141.47 1980.1 1713 267.101 161.373 25.4137 345.92 40.0317 20.3321 305.888 41.1148 135.959 264.774
internal_count=14108 9402 8684 7532 1152 718 109 4706 382 193 4324 425 609 3899
cat_boundaries=0 1 2
cat_threshold=48 32
is_linear=0
shrinkage=0.05


Tree=39
num_leaves=15
num_cat=1
split_feature=26 43 5 44 33 34 5 20 25 5 39 17 33 1
split_gain=43.1438 64.1085 82.2733 76.122 70.128 60.6612 59.5733 52.2652 42.2151 33.6061 32.406 23.825 21.1548 20.8462
threshold=14.65 18.550000000000004 -0.8142754349318998 45.20000000000001 36.95000000000001 20.350000000000005 0.13185577213185917 33.150000000000013 7.0638890000000005 -0.11692317777808839 17.950000000000003 49.150000000000006 31.750000000000004 0
decision_type=2 2 2 2 2 2 2 2 2 2 2 2 2 1
left_child=6 3 11 5 -5 -2 7 10 -9 -4 -1 -3 13 -8
right_child=1 2 9 4 -6 -7 12 8 -10 -11 -12 -13 -14 -15
leaf_value=-0.068755613463061693 -0.044247727593404187 0.03781100227083016 -0.012391260945133955 -0.054092198933941238 0.019159838539866258 0.0032050215374545736 0.011269639265465909 0.048054632476590732 -0.071418442954198635 0.015854558674283741 -0.019068090242897035 -0.057524406962983388 0.023725704779294129 -0.030172210115040524
leaf_weight=89.408657111227512 70.600936885923147 272.21751213818789 227.83478828892112 125.99222039058805 43.411598701030016 1133.0141379982233 58.365082018077374 26.754000328481197 9.1137425266206247 194.0765390843153 53.085955437272787 5.8603628873825064 74.391195833683014 61.319874245673418
leaf_count=497 407 1515 1304 738 264 6521 338 142 50 1123 292 33 424 343
internal_value=-0.000579343 0.00223783 0.0145413 -0.00404071 -0.0353183 0.000387145 -0.0162239 -0.0369978 0.0165836 0.000608404 -0.0505066 0.0356029 0.00295989 -0.0100369
internal_weight=2445.45 2073.01 699.989 1373.02 169.404 1203.62 372.439 178.362 35.8677 421.911 142.495 278.078 194.076 119.685
internal_count=13991 11905 3975 7930 1002 6928 2086 981 192 2427 789 1548 1105 681
cat_boundaries=0 1
cat_threshold=1
is_linear=0
shrinkage=0.05


Tree=40
num_leaves=15
num_cat=3
split_feature=0 33 36 34 20 0 34 33 44 0 2 5 39 33
split_gain=260.675 49.0397 101.168 99.2831 56.715 32.6511 25.0227 12.5859 7.69083 15.3872 15.8958 8.25797 8.59257 4.7234
threshold=0 36.95000000000001 94.500000000000014 24.450000000000003 33.650000000000013 1 26.400000000000002 38.100000000000009 33.300000000000004 2 1.5000000000000002 -0.99628250747696534 16.000000000000004 32.750000000000007
decision_type=1 2 2 2 2 1 2 2 2 1 2 2 2 2
left_child=8 2 4 -4 -2 6 -3 -7 9 10 -1 13 -13 -10
right_child=1 5 3 -5 -6 7 -8 -9 11 -11 -12 12 -14 -15
leaf_value=0.040611870665976671 -0.071066354870931117 -0.031090227160052053 0.015313842819778762 -0.015256394926227199 -0.012417581349380147 0.064384197599013315 0.068323222716313442 0.022883952349449965 0.018520905953870816 -0.045404675581284283 -0.021592332078499667 0.015233446221646985 -0.050167146852132284 -0.043880488880026956
leaf_weight=13.689051516354082 47.787718966603279 29.294108867645264 1346.3567043542862 329.9452877342701 270.41320054233074 69.17115880548954 7.0191480070352545 26.764915272593498 7.4192886948585492 45.915468282997608 33.165583681315184 4.7177762836217871 223.11614388972521 3.7505556419491768
leaf_count=120 208 122 5969 1431 1169 332 29 127 58 538 427 52 3431 42
internal_value=-0.000174033 0.00631787 0.00438321 0.00929122 -0.0214206 0.0357175 -0.00832656 0.0481903 -0.0406509 -0.0290646 -0.00243999 -0.0467021 -0.0487522 -0.0043159
internal_weight=2458.53 2126.75 1994.5 1676.3 318.201 132.249 36.3133 95.9361 331.774 92.7701 46.8546 239.004 227.834 11.1698
internal_count=14055 9387 8777 7400 1377 610 151 459 4668 1085 547 3583 3483 100
cat_boundaries=0 1 2 3
cat_threshold=48 2 32
is_linear=0
shrinkage=0.05


Tree=41
num_leaves=11
num_cat=3
split_feature=0 0 34 38 5 39 39 4 0 4
split_gain=249.984 54.422 35.3766 34.5358 35.5081 26.6545 18.3064 6.81783 15.6642 23.5308
threshold=0 1 20.850000000000005 14.349107500000001 -0.78858226040708135 19.550000000000004 19.250000000000004 0.49812943072827087 2 -0.26037633224328088
decision_type=1 1 2 2 2 2 2 2 1 2
left_child=7 2 6 4 -3 -4 -2 8 9 -1
right_child=1 3 5 -5 -6 -7 -8 -9 -10 -11
leaf_value=-0.041352196057384584 0.013368803501560568 0.01578427679891314 0.009524007844834731 -0.075231292927736004 -0.0019053637693939654 0.033982368046242099 -0.056038502220853853 -0.052848095182412048 -0.049965785670315954 0.0045316288953635266
leaf_weight=55.371721815317869 16.302506074309349 367.43425281345844 185.67036288976669 13.544979840517042 1232.4749155342579 281.36355389654636 20.74948813021183 103.14589292928576 107.39280730485916 55.051779847592115
leaf_count=856 74 1598 861 64 5350 1332 91 1757 1461 597
internal_value=-0.000303275 0.00599319 0.0201631 0.00145957 0.00216455 0.0243 -0.0259512 -0.040657 -0.0365269 -0.0171061
internal_weight=2438.5 2117.54 504.086 1613.45 1599.91 467.034 37.052 320.962 217.816 110.424
internal_count=14041 9370 2358 7012 6948 2193 165 4671 2914 1453
cat_boundaries=0 1 2 3
cat_threshold=48 1 32
is_linear=0
shrinkage=0.05


Tree=42
num_leaves=9
num_cat=2
split_feature=0 44 34 34 10 4 0 4
split_gain=249.054 50.216 45.1708 109.654 10.8001 6.05976 12.5937 21.3614
threshold=0 52.000000000000007 25.250000000000004 24.550000000000004 81.750000000000014 0.49812943072827087 1 -0.22701068973476937
decision_type=1 2 2 2 2 2 1 2
left_child=5 2 3 -2 -4 6 7 -1
right_child=1 -3 4 -5 -6 -7 -8 -9
leaf_value=-0.041322905042250085 0.0097531007182166535 -0.059055605315453522 0.039530073202399568 -0.025779794998818918 0.0076012618337477009 -0.052659782501731124 -0.049598646180525015 0.0026818900057085024
leaf_weight=55.789512999355793 1677.8239097595215 27.928489029407501 125.30608780682087 248.40111812949181 34.206574454903603 99.013267990201712 104.06987079977989 53.392523493617773
leaf_count=889 7447 128 572 1077 152 1765 1475 578
internal_value=0.000132481 0.00635222 0.00728636 0.00515987 0.0327731 -0.0407555 -0.0369105 -0.0183125
internal_weight=2425.93 2113.67 2085.74 1926.23 159.513 312.265 213.252 109.182
internal_count=14083 9376 9248 8524 724 4707 2942 1467
cat_boundaries=0 1 2
cat_threshold=48 32
is_linear=0
shrinkage=0.05


Tree=43
num_leaves=15
num_cat=3
split_feature=0 26 34 39 44 5 20 0 5 0 43 5 4 39
split_gain=225.457 50.9919 69.2806 81.0118 61.8958 61.5025 47.3933 20.6384 7.44124 9.66658 14.2025 7.26443 8.85406 2.81701
threshold=0 14.65 20.950000000000003 19.250000000000004 46.600000000000001 0.13185577213185917 33.150000000000013 1 -0.90892157495189674 2 19.750000000000004 0.91511078773075505 0.091259403071267911 16.000000000000004
decision_type=1 2 2 2 2 2 2 1 2 1 2 2 2 2
left_child=8 5 3 -3 -4 6 -2 -7 9 10 -1 13 -13 -10
right_child=1 2 4 -5 -6 7 -8 -9 11 -11 -12 12 -14 -15
leaf_value=-0.031615334636879731 -0.048794629811785395 0.045219017660564201 0.014673172588077071 -0.054781627332997233 -0.016584457747938066 -0.017948316942706908 0.021134164221283794 0.018475115713663028 -0.03052511193995959 -0.04027681914431365 0.031948368838891669 -0.051545946590420659 -0.006472572021583284 -0.05200465212295409
leaf_weight=16.522076819092035 124.79899218678474 26.12434746325016 1494.9592613279819 80.355823025107384 176.29372918605804 46.309298440814018 29.401302501559258 119.95361042022705 22.377317424863577 28.568050846457481 16.63005019724369 18.501405779272318 25.450012348592281 171.70807440206409
leaf_count=222 530 112 6653 358 797 189 127 562 316 357 146 263 267 3106
internal_value=-0.000325633 0.00553521 0.00887141 -0.0300545 0.011368 -0.0127698 -0.0354111 0.00831492 -0.0400829 -0.0252613 0.000210296 -0.045481 -0.0261709 -0.0496973
internal_weight=2397.95 2098.2 1777.73 106.48 1671.25 320.463 154.2 166.263 299.757 61.7202 33.1521 238.037 43.9514 194.085
internal_count=14005 9328 7920 470 7450 1408 657 751 4677 725 368 3952 530 3422
cat_boundaries=0 1 2 3
cat_threshold=48 2 32
is_linear=0
shrinkage=0.05


Tree=44
num_leaves=15
num_cat=3
split_feature=0 0 34 38 5 35 39 39 5 0 37 44 39 44
split_gain=207.216 49.1829 34.4002 33.7313 75.4706 58.5578 30.5383 12.5454 7.64593 8.29408 8.47707 7.44014 10.0114 5.56012
threshold=0 1 21.050000000000004 7.4491070000000006 -0.76696334127844745 86.342262000000019 19.550000000000004 19.250000000000004 -0.97874870457683605 2 59.500000000000007 32.95000000000001 16.000000000000004 30.800000000000004
decision_type=1 1 2 2 2 2 2 2 2 1 2 2 2 2
left_child=8 2 7 4 -3 -5 -4 -2 9 10 -1 13 -13 -10
right_child=1 3 6 5 -6 -7 -8 -9 11 -11 -12 12 -14 -15
leaf_value=0.04898777088175009 0.010501588538990723 0.041177153117239275 0.007826461577927742 -0.010793885588255746 -0.00011254351180199379 0.017378099810633246 0.034524225400476498 -0.042985219366595107 -0.04131259071712428 -0.032992664605550011 -0.016094654564319532 0.023258664602839579 -0.050594426004730991 -0.013119300177848986
leaf_weight=8.1629240810871142 17.493275448679924 149.45128268003464 182.26459196209908 802.74880719184875 418.54481834173203 238.43401283025742 261.32524606585503 26.960992008447647 40.550348397344351 15.400180902332066 10.231828041374682 4.166881062090396 179.52016530558467 32.47920610383153
leaf_count=66 81 655 857 3514 1814 1040 1269 120 555 172 105 50 3335 413
internal_value=-0.000274357 0.00527291 0.0190027 0.00100808 0.0108049 -0.00433193 0.0235968 -0.0221695 -0.0390427 -0.0173276 0.00912064 -0.043338 -0.0488022 -0.0291205
internal_weight=2387.73 2097.22 488.044 1609.18 567.996 1041.18 443.59 44.4543 290.512 33.7949 18.3948 256.717 183.687 73.0296
internal_count=14046 9350 2327 7023 2469 4554 2126 201 4696 343 171 4353 3385 968
cat_boundaries=0 1 2 3
cat_threshold=48 1 32
is_linear=0
shrinkage=0.05


Tree=45
num_leaves=12
num_cat=2
split_feature=0 34 34 39 37 24 38 4 0 4 17
split_gain=197.405 50.5936 121.844 74.7559 73.5329 38.4741 13.3184 6.3707 13.6204 17.621 5.23465
threshold=0 25.150000000000002 24.550000000000004 19.850000000000005 25.500000000000004 63.500000000000007 7.4860120000000014 0.49812943072827087 1 -0.24372957273992743 28.250000000000004
decision_type=1 2 2 2 2 2 2 2 1 2 2
left_child=7 2 4 -4 -2 6 -3 8 9 -1 -7
right_child=1 5 3 -5 -6 10 -8 -9 -10 -11 -12
leaf_value=-0.039054340832009732 -0.081755102474933103 0.065009726623727629 -0.071464019312888025 -0.011472104591611297 0.0082590790528025253 -0.0036112151474975147 0.028933911416983499 -0.052147650422070861 -0.048618012128515686 0.0024548798710864518 -0.070951810598859522
leaf_weight=48.362735643982887 22.010518282651901 31.711466580629349 76.955809265375137 157.00498495995998 1650.2474732249975 4.2625989317893973 140.49088375270367 86.838162619620562 93.202902264893055 52.807059410959482 8.7237676680088025
leaf_count=861 101 139 342 686 7377 20 649 1770 1474 596 37
internal_value=-0.000656397 0.00470147 0.0022928 -0.0314252 0.00702615 0.0296018 0.0359143 -0.0391581 -0.035122 -0.0160091 -0.0506867
internal_weight=2372.62 2091.41 1906.22 233.961 1672.26 185.189 172.202 281.211 194.373 101.17 12.9864
internal_count=14052 9351 8506 1028 7478 845 788 4701 2931 1457 57
cat_boundaries=0 1 2
cat_threshold=48 32
is_linear=0
shrinkage=0.05


Tree=46
num_leaves=14
num_cat=4
split_feature=0 0 33 38 39 4 0 2 5 0 30 5 4
split_gain=191.435 45.8758 42.0911 63.2855 49.4798 24.5679 30.4948 24.2875 7.96188 10.2906 14.6244 6.60695 7.81847
threshold=0 1 31.250000000000004 6.4553575000000007 21.850000000000005 0.93544191479114935 2 1.5000000000000002 -0.86974577485258975 3 19.750000000000004 0.63089349388778826 -0.59869031648930193
decision_type=1 1 2 2 2 2 1 2 2 1 2 2 2
left_child=8 2 4 -4 -2 7 -7 -3 9 10 -1 -10 -13
right_child=1 5 3 -5 -6 6 -8 -9 11 -11 -12 12 -14
leaf_value=-0.020689317897426104 -0.043943816523373022 -0.022760422164081667 0.049576229299117057 0.011071408945365036 0.034085493924815545 0.0044154802470078988 -0.04178550250825392 0.0035941115538389804 -0.052286243526753734 -0.040263955995565787 0.045585067686680456 0.0091855598702734863 -0.038546002296215846
leaf_weight=26.263322647660971 62.348338469862938 96.034244582056999 123.10277795791626 769.87840810418129 29.036776378750801 68.268742293119431 68.482247844338417 881.491699680686 125.4773573577404 30.2070052921772 10.982350692152975 9.3658434189856035 70.169144097715616
leaf_count=341 300 427 613 3649 147 291 299 3685 2606 434 99 149 1087
internal_value=-7.90459e-06 0.00517592 0.0129875 0.016429 -0.0190501 -0.00178442 -0.0215693 0.000984372 -0.0385871 -0.0244987 -0.000369842 -0.0449541 -0.032881
internal_weight=2371.11 2098.64 984.366 892.981 91.3851 1114.28 136.751 977.526 272.465 67.4527 37.2457 205.012 79.535
internal_count=14127 9411 4709 4262 447 4702 590 4112 4716 874 440 3842 1236
cat_boundaries=0 1 2 3 4
cat_threshold=48 5 8 32
is_linear=0
shrinkage=0.05


Tree=47
num_leaves=15
num_cat=2
split_feature=44 35 4 26 34 5 5 5 25 4 44 1 1 19
split_gain=41.6783 59.5967 71.3391 45.7154 60.913 49.6635 45.0091 43.3142 38.7736 24.302 15.704 15.1925 4.41593 2.24584
threshold=46.600000000000001 86.961309500000013 0.93237596376505805 14.65 20.350000000000005 0.13185577213185917 -0.8142754349318998 -0.96687281075841669 6.4368055000000011 0.21022171450811272 47.350000000000009 0 1 29.275694500000004
decision_type=2 2 2 2 2 2 2 2 2 2 2 1 1 2
left_child=3 2 7 5 9 8 -6 -2 -1 -5 12 -7 -3 -4
right_child=1 10 13 4 6 11 -8 -9 -10 -11 -12 -13 -14 -15
leaf_value=-0.011370834734957798 0.041911222358311302 0.0066116300157276434 0.039921218776786518 0.0017896531953983654 0.022588637890904647 0.017373554484112038 0.0028814314546392748 -0.068929757850219722 -0.059642635571544013 -0.06249818595028054 0.037923542220403478 -0.010802967148192996 -0.041586602956097438 0.012673846486474325
leaf_weight=89.281983725726604 9.0188270509242994 8.9934879094362259 11.320873454213141 21.72922008484602 367.48752522841096 94.28077743947506 1357.3704077079892 97.90839035436511 77.86859193444252 44.094209138303995 39.921599697321653 95.136962920427322 8.5462785661220551 23.672948434948921
leaf_count=501 54 55 72 126 2145 568 8182 593 451 284 242 564 51 154
internal_value=-1.10554e-05 -0.0218198 -0.0391353 0.0020232 0.00527999 -0.0143014 0.00709078 -0.0592791 -0.0340796 -0.0415667 0.020885 0.0032392 -0.0178494 0.0223529
internal_weight=2346.63 199.382 141.921 2147.25 1790.68 356.568 1724.86 106.927 167.151 65.8234 57.4614 189.418 17.5398 34.9938
internal_count=14042 1221 873 12821 10737 2084 10327 647 952 410 348 1132 106 226
cat_boundaries=0 1 2
cat_threshold=1 1
is_linear=0
shrinkage=0.05


Tree=48
num_leaves=12
num_cat=2
split_feature=0 2 39 6 39 6 40 0 4 4 43
split_gain=166.502 43.8663 81.3161 46.3899 54.7048 53.2105 16.5495 8.94517 16.6307 19.9717 8.7216
threshold=0 1.5000000000000002 18.650000000000002 27.000000000000004 18.850000000000005 2.5000000000000004 1.3500000000000003 1 0.49812943072827087 -0.26037633224328088 3.7500000000000004
decision_type=1 2 2 2 2 2 2 1 2 2 2
left_child=7 2 6 5 -5 -3 -2 8 9 -1 -4
right_child=1 3 10 4 -6 -7 -8 -9 -10 -11 -12
leaf_value=-0.036852340284813288 -0.0072803515478170391 -0.0050782770449443026 -0.037274672642211043 -0.036684965894340914 0.0070334489956087451 0.015673687409746149 0.034987406418430539 -0.049258230138945536 -0.051190196622540075 0.0079799816424969711 -0.069595010293360321
leaf_weight=45.48027965053916 42.878178730607033 417.62213182449341 59.500162050127983 122.62439024448395 169.26639330387115 1181.1143942773342 48.628171324729919 126.12668418511748 39.613325860351324 52.740457728505135 36.793489769101143
leaf_count=872 183 1862 272 524 749 5403 210 2355 886 595 169
internal_value=-0.000222547 0.00459273 -0.018371 0.00690655 -0.0113954 0.0102531 0.0153169 -0.0367968 -0.0225961 -0.0129414 -0.0502125
internal_weight=2342.39 2078.43 187.8 1890.63 291.891 1598.74 91.5064 263.961 137.834 98.2207 96.2937
internal_count=14080 9372 834 8538 1273 7265 393 4708 2353 1467 441
cat_boundaries=0 1 2
cat_threshold=48 32
is_linear=0
shrinkage=0.05


Tree=49
num_leaves=15
num_cat=3
split_feature=0 2 39 0 5 39 39 43 44 0 44 39 5 39
split_gain=165.732 46.4946 68.99 50.2011 47.1604 25.9666 15.8385 12.5499 6.57644 10.281 10.1761 8.8335 8.47342 6.93262
threshold=0 1.5000000000000002 18.650000000000002 1 0.5475998096715059 19.450000000000003 18.350000000000005 3.7500000000000004 33.300000000000004 2 30.800000000000004 16.000000000000004 -0.99465740988130902 15.65
decision_type=1 2 2 1 2 2 2 2 2 1 2 2 2 2
left_child=8 2 6 5 -5 -3 -2 -4 9 10 -1 13 -13 -10
right_child=1 3 7 4 -6 -7 -8 -9 11 -11 -12 12 -14 -15
leaf_value=-0.027522285427817313 -0.0004806240767710881 0.0061606131550232699 -0.03294140692747017 -0.0027166704483614443 0.018913383137494213 0.031373904691618514 0.045769556986550809 -0.070301276215365138 -0.036168801830364951 -0.041195388943747621 0.021738322961985426 -0.0063262757435998684 -0.04925487979585097 0.070706297777698587
leaf_weight=19.524420525878668 68.784613475203514 164.92299935221672 62.576820239424706 1125.7162323147058 323.61689038574696 269.66888462007046 24.316257864236832 37.769307166337967 2.0125377848744384 34.007986575365067 20.440582811832428 12.704861108213661 162.78024577349424 2.2139145210385323
leaf_count=283 295 795 288 4963 1422 1344 105 176 29 532 251 128 3426 25
internal_value=-0.000467469 0.00426081 -0.0190009 0.0066808 0.00210821 0.0213517 0.0119571 -0.0475582 -0.0377367 -0.0260483 -0.00193852 -0.0444653 -0.0462004 0.0226318
internal_weight=2331.06 2077.37 193.447 1883.93 1449.33 434.592 93.1009 100.346 253.685 73.973 39.965 179.712 175.485 4.22645
internal_count=14062 9388 864 8524 6385 2139 400 464 4674 1066 534 3608 3554 54
cat_boundaries=0 1 2 3
cat_threshold=48 1 32
is_linear=0
shrinkage=0.05


Tree=50
num_leaves=15
num_cat=2
split_feature=0 34 34 36 39 24 5 44 0 44 5 39 17 32
split_gain=153.545 42.3732 115.898 76.4667 68.4402 32.9956 10.9511 8.86261 13.7169 11.9135 4.74319 5.27312 4.29316 2.59271
threshold=0 25.150000000000002 24.550000000000004 94.500000000000014 19.150000000000002 63.500000000000007 -0.78858226040708135 33.300000000000004 1 30.800000000000004 -0.96687281075841669 16.000000000000004 28.250000000000004 27.103274000000003
decision_type=1 2 2 2 2 2 2 2 1 2 2 2 2 2
left_child=7 2 3 -2 -4 6 -3 8 9 -1 13 -12 -7 -9
right_child=1 5 4 -5 -6 12 -8 10 -10 -11 11 -13 -14 -15
leaf_value=-0.025895601205603292 -0.016778335936972973 0.058095506351868477 -0.071600088768355066 0.01152308604740665 -0.012869703574625385 -0.0058996382669152456 0.026274896777005077 -0.048629044365070824 -0.04078752184808021 0.028015514094282747 0.0073173330731701701 -0.049974701340308507 -0.066604317589053469 -0.014833788544649751
leaf_weight=18.458228215575218 288.21304130554199 34.436866864562035 71.024855926632881 1366.4309201091528 161.2685299962759 4.5206203758716574 134.96937450766563 7.5284444801509407 33.080399602651596 20.658649500459433 3.8886394575238219 139.74202509969473 8.4132995754480344 21.695858303457499
leaf_count=275 1276 157 325 6215 710 21 637 97 537 256 48 3209 36 255
internal_value=-0.000351248 0.00414894 0.00193819 0.00658627 -0.0310567 0.0271177 0.0330463 -0.0368839 -0.0231571 0.00205311 -0.0445726 -0.0483837 -0.0473331 -0.0248606
internal_weight=2314.33 2069.28 1886.94 1654.64 232.293 182.34 169.406 245.052 72.1973 39.1169 172.855 143.631 12.9339 29.2243
internal_count=14054 9377 8526 7491 1035 851 794 4677 1068 531 3609 3257 57 352
cat_boundaries=0 1 2
cat_threshold=48 32
is_linear=0
shrinkage=0.05


Tree=51
num_leaves=12
num_cat=3
split_feature=0 2 26 34 38 19 0 34 0 4 37
split_gain=135.802 39.9818 62.2468 66.1159 61.2359 22.4077 29.8365 13.1501 9.37802 15.6006 21.6323
threshold=0 9.5000000000000018 15.050000000000002 20.350000000000005 6.413393000000001 27.025694500000004 1 22.950000000000003 2 0.49812943072827087 62.500000000000007
decision_type=1 2 2 2 2 2 1 2 1 2 2
left_child=8 2 4 -4 -2 6 -3 -7 9 10 -1
right_child=1 5 3 -5 -6 7 -8 -9 -10 -11 -12
leaf_value=0.004063121700492835 0.021313760162417008 -0.012944756935037792 -0.058910155409708564 0.0059555842553388871 -0.040903009073914719 0.012471151929780228 0.020556536389053647 0.052308832077692227 -0.048334750389626924 -0.050715057949611897 -0.047793725821269215
leaf_weight=66.261197399348021 52.36567297577858 86.325435996055603 39.40711285173893 1417.6600296497345 154.19412444531918 31.798907235264778 223.24505831301212 62.892851531505585 110.37556435912848 34.445839891210198 27.789627894759178
leaf_count=925 222 353 197 6403 676 152 1092 301 2321 869 562
internal_value=-0.00026098 0.00392743 0.000515477 0.00416206 -0.0251035 0.0180293 0.011448 0.0392009 -0.0350858 -0.0207913 -0.0116009
internal_weight=2306.76 2067.89 1663.63 1457.07 206.56 404.262 309.57 94.6918 238.872 128.497 94.0508
internal_count=14073 9396 7498 6600 898 1898 1445 453 4677 2356 1487
cat_boundaries=0 1 2 3
cat_threshold=48 2 32
is_linear=0
shrinkage=0.05


Tree=52
num_leaves=12
num_cat=3
split_feature=0 33 36 34 20 0 34 33 4 0 4
split_gain=133.998 43.8396 75.5408 62.0961 54.1861 25.5318 25.1491 13.4455 6.90933 14.3989 18.2525
threshold=0 36.95000000000001 94.500000000000014 24.450000000000003 33.650000000000013 1 26.400000000000002 38.100000000000009 0.49812943072827087 2 -0.26037633224328088
decision_type=1 2 2 2 2 1 2 2 2 1 2
left_child=8 2 4 -4 -2 6 -3 -7 9 10 -1
right_child=1 5 3 -5 -6 7 -8 -9 -10 -11 -12
leaf_value=-0.038318507678722746 -0.070888359710200924 -0.030965468189309162 0.01083763378311485 -0.013816865028001352 -0.01214649200579437 0.060123471111223903 0.064911557175872978 0.01717867925741582 -0.05126860753108621 -0.046570564236149109 0.0060860551910045151
leaf_weight=40.848389193415642 45.346142217516899 28.501660779118538 1298.8325086534023 316.93788455426693 261.2716264128685 64.8409044444561 7.918300285935401 26.623204410076141 65.27350515499711 74.818674720823765 51.254558436572552
leaf_count=884 205 120 5950 1422 1150 330 34 136 1739 1490 601
internal_value=-0.000594847 0.00355198 0.00167575 0.00599603 -0.0210361 0.0317998 -0.00705677 0.043265 -0.0356912 -0.0314562 -0.0124685
internal_weight=2282.47 2050.27 1922.39 1615.77 306.618 127.884 36.42 91.4641 232.195 166.922 92.1029
internal_count=14061 9347 8727 7372 1355 620 154 466 4714 2975 1485
cat_boundaries=0 1 2 3
cat_threshold=48 2 32
is_linear=0
shrinkage=0.05


Tree=53
num_leaves=12
num_cat=2
split_feature=0 34 34 5 39 0 4 37 10 40 33
split_gain=119.89 43.0353 81.9708 65.8895 50.6366 9.39477 14.9293 18.3091 7.56419 20.9803 4.97203
threshold=0 25.250000000000004 24.550000000000004 -0.7444366621422277 19.150000000000002 1 0.49812943072827087 63.500000000000007 81.750000000000014 30.750000000000004 37.95000000000001
decision_type=1 2 2 2 2 1 2 2 2 2 2
left_child=5 2 3 -2 -4 6 7 -1 10 -10 -3
right_child=1 8 4 -5 -6 -7 -8 -9 9 -11 -12
leaf_value=0.0016774955136842609 0.025608406375825163 0.042580406213736086 -0.058510560811462775 0.00059050167332436382 -0.010169499100857966 -0.047692537176421336 -0.050386689017231284 -0.050425447338085252 -0.081543810551341148 0.024307562629584258 0.020452377469663389
leaf_weight=70.022855035960674 328.73688137531281 76.440925106406212 76.332485347986221 1304.1161425411701 182.77962183952332 102.23878949321806 31.72707804851234 21.183527367189527 4.5820300728082648 28.197930082678795 42.500237599015236
leaf_count=1008 1533 370 356 5915 807 2362 880 465 19 132 208
internal_value=-0.000346468 0.0035347 0.00149025 0.00563986 -0.0245806 -0.0340816 -0.0197746 -0.0108395 0.0290837 0.00753555 0.03491
internal_weight=2268.86 2043.69 1891.97 1632.85 259.112 225.172 122.933 91.2064 151.721 32.78 118.941
internal_count=14055 9340 8611 7448 1163 4715 2353 1473 729 151 578
cat_boundaries=0 1 2
cat_threshold=48 32
is_linear=0
shrinkage=0.05


Tree=54
num_leaves=12
num_cat=3
split_feature=0 26 2 43 5 44 33 0 4 0 4
split_gain=118.215 38.7786 47.8772 47.3188 74.0985 58.8297 27.2556 9.86591 7.11044 13.229 17.8494
threshold=0 14.65 10.500000000000002 18.550000000000004 -0.83375966452616657 45.20000000000001 31.950000000000003 1 0.49812943072827087 2 -0.26037633224328088
decision_type=1 2 2 2 2 2 2 1 2 1 2
left_child=8 2 6 5 -5 -3 -2 -4 9 10 -1
right_child=1 3 7 4 -6 -7 -8 -9 -10 -11 -12
leaf_value=-0.038511477394348514 -0.046975522301217223 0.0049216877508579454 -0.0090162576487613361 0.042324200802698192 0.0047342511072513546 -0.028464332563833711 -0.010589448379666071 0.023684028473968152 -0.051012257852169632 -0.045608248158408179 0.0062308136168912195
leaf_weight=38.292033366858959 89.978521659970284 1011.2268027961254 29.319574773311615 202.84883624315262 368.19290171563625 150.72830636799335 120.29992613196373 70.764380007982254 59.996357224881649 66.939900519326329 50.977701868861914
leaf_count=873 398 4605 120 964 1685 697 534 354 1751 1455 591
internal_value=-0.000354898 0.00343335 -0.0127995 0.00636599 0.0181378 0.000570116 -0.0263078 0.0155611 -0.0345748 -0.0301765 -0.0118613
internal_weight=2259.57 2043.36 310.362 1733 571.042 1161.96 210.278 100.084 216.206 156.21 89.2697
internal_count=14027 9357 1406 7951 2649 5302 932 474 4670 2919 1464
cat_boundaries=0 1 2 3
cat_threshold=48 2 32
is_linear=0
shrinkage=0.05


Tree=55
num_leaves=15
num_cat=3
split_feature=0 34 34 37 39 24 4 44 0 44 39 1 30 17
split_gain=109.327 39.2908 84.2462 61.9995 58.0961 27.9787 11.569 7.97706 10.3791 11.4328 5.1126 4.87236 4.85875 4.84647
threshold=0 25.150000000000002 24.550000000000004 25.500000000000004 19.150000000000002 63.500000000000007 0.61237135649459018 33.300000000000004 1 30.800000000000004 16.000000000000004 2 16.250000000000004 28.250000000000004
decision_type=1 2 2 2 2 2 2 2 1 2 2 1 2 2
left_child=7 2 3 -2 -4 6 -3 8 9 -1 11 -9 -12 -7
right_child=1 5 4 -5 -6 13 -8 10 -10 -11 12 -13 -14 -15
leaf_value=-0.027371197393124515 -0.078263936598613193 0.057261771816710438 -0.067026822755007362 0.0059984950060367349 -0.011190461617570214 -0.00064455504057016886 0.024211382053637251 0.06089310682272997 -0.037890711936501842 0.025743872947203112 -0.050158143906860644 -0.034737557916170003 -0.028821032282031447 -0.062670151573789454
leaf_weight=17.71146384999156 21.131049558520317 33.719193950295448 65.48676361143589 1623.7993711233139 157.4295420050621 4.745073437690734 128.40503637492657 1.6395843513309947 26.871937524527311 21.096724987030029 96.213132271543145 1.7677804231643677 44.179645039141178 8.4897427856922132
leaf_count=278 103 159 315 7423 696 22 621 23 539 264 2601 25 925 37
internal_value=-0.000525424 0.00307064 0.00095513 0.00486915 -0.0278198 0.025645 0.0313942 -0.0339797 -0.0206702 0.00113837 -0.0422207 0.0146542 -0.043695 -0.0420396
internal_weight=2252.69 2043.21 1867.85 1644.93 222.916 175.359 162.124 209.48 65.6801 38.8082 143.8 3.40736 140.393 13.2348
internal_count=14031 9376 8537 7526 1011 839 780 4655 1081 542 3574 48 3526 59
cat_boundaries=0 1 2 3
cat_threshold=48 32 1
is_linear=0
shrinkage=0.05


Tree=56
num_leaves=13
num_cat=2
split_feature=0 2 39 39 37 40 37 0 31 43 4 5
split_gain=96.9913 35.7137 63.4864 42.2169 123.89 86.2244 13.2646 10.441 14.3602 10.8578 9.78215 7.18449
threshold=0 1.5000000000000002 18.650000000000002 19.450000000000003 65.500000000000014 66.050000000000011 31.500000000000004 1 33.300000000000004 19.750000000000004 0.34235194516023087 -0.96687281075841669
decision_type=1 2 2 2 2 2 2 1 2 2 2 2
left_child=7 2 6 4 -3 -5 -2 8 9 -1 -4 -10
right_child=1 3 10 5 -6 -7 -8 -9 11 -11 -12 -13
leaf_value=-0.019070903521202626 -0.058549469590713166 0.0027477535183057372 -0.032750360465989989 0.0012665564559960589 -0.065613282877474491 0.030015384485778125 0.017240204214536353 -0.046801087327859196 -0.0018113695242886309 0.024248753282372189 -0.066836851155742449 -0.045594879462193677
leaf_weight=34.600149475038052 5.2163401097059241 617.84333220124245 60.858261823654175 769.29969747364521 73.231471106410027 393.66289541125298 85.411423951387405 89.869202183559537 11.856061905622481 23.367554862052202 35.197054877877235 45.25311878696084
leaf_count=608 23 2854 288 3504 322 1862 368 2337 136 350 164 1253
internal_value=-0.000271055 0.00308622 -0.0176861 0.00520283 -0.00458063 0.0110155 0.0122865 -0.0321424 -0.0176102 -0.00149309 -0.0458005 -0.0366929
internal_weight=2245.67 2040.72 186.683 1854.04 691.075 1162.96 90.6278 204.946 115.077 57.9677 96.0553 57.1092
internal_count=14069 9385 843 8542 3176 5366 391 4684 2347 958 452 1389
cat_boundaries=0 1 2
cat_threshold=48 32
is_linear=0
shrinkage=0.05


Tree=57
num_leaves=9
num_cat=0
split_feature=44 26 34 34 31 13 31 32
split_gain=35.1215 31.8107 40.5558 35.1906 36.218 32.3425 20.6462 19.3294
threshold=52.000000000000007 14.65 20.350000000000005 23.450000000000003 29.700000000000003 7.5416665000000007 27.550000000000001 26.584821500000004
decision_type=2 2 2 2 2 2 2 2
left_child=1 3 6 7 -5 -4 -3 -1
right_child=-2 2 5 4 -6 -7 -8 -9
leaf_value=-0.0087415732267865417 -0.055026376190133189 0.012007136926639645 0.013842334527510887 -0.046818532365239196 0.0055418555624264995 -0.00029739013804573432 -0.054792319427558737 0.027307591594248094
leaf_weight=131.21332005783916 27.755628218874335 15.23521166667342 609.98254583030939 107.80347949266434 47.139441462233663 1196.0846697688103 43.243529450148344 50.738437635824084
leaf_count=810 188 96 3809 665 290 7531 313 313
internal_value=-0.000125684 0.000591171 0.00314769 -0.0135253 -0.0309552 0.00448319 -0.0374801 0.00140529
internal_weight=2229.2 2201.44 1864.55 336.895 154.943 1806.07 58.4787 181.952
internal_count=14015 13827 11749 2078 955 11340 409 1123
is_linear=0
shrinkage=0.05


Tree=58
num_leaves=11
num_cat=3
split_feature=0 44 0 39 4 4 4 0 33 39
split_gain=103.62 34.449 34.1679 35.9938 20.1815 6.55308 10.744 12.6665 5.1228 0.146284
threshold=0 52.000000000000007 1 20.150000000000002 0.93845596220871974 0.48314048284850658 0.091259403071267911 2 32.350000000000001 27.100000000000005
decision_type=1 2 1 2 2 2 2 1 2 2
left_child=5 2 3 -2 -4 6 8 -8 -1 -3
right_child=1 9 4 -5 -6 -7 7 -9 -10 -11
leaf_value=-0.047646515526558166 0.00026458677050192705 -0.029172957992813959 0.0001533879062124851 0.020048267353285697 -0.020371736732322177 -0.050764933455582556 0.01215518246389957 -0.03266302938891829 -0.02245174488968818 -0.055697685049810965
leaf_weight=63.075588308274746 434.21693339943886 4.3003437221050289 939.63138701021671 487.68738140165806 136.2544469833374 55.003973556682467 28.334533080458641 17.173132671043277 33.838496707379818 22.293359130620956
leaf_count=1620 2127 22 4036 2470 590 1796 345 343 578 110
internal_value=-0.00059009 0.00285383 0.00363253 0.0106254 -0.00243984 -0.0341623 -0.029823 -0.00950599 -0.0391687 -0.0526212
internal_weight=2221.81 2024.38 1997.79 921.904 1075.89 197.426 142.422 45.5077 96.9141 26.5937
internal_count=14037 9355 9223 4597 4626 4682 2886 688 2198 132
cat_boundaries=0 1 2 3
cat_threshold=48 5 32
is_linear=0
shrinkage=0.05


Tree=59
num_leaves=15
num_cat=3
split_feature=0 33 5 25 34 5 34 0 39 26 39 1 9 33
split_gain=82.3931 54.1871 53.2555 51.7476 44.7577 36.9689 47.5644 33.8898 28.5731 25.1781 23.6113 14.4751 25.123 11.693
threshold=0 36.95000000000001 -0.72694848937061807 6.5777775000000007 24.550000000000004 0.48877522411129343 23.550000000000004 1 24.650000000000002 10.500000000000002 20.150000000000002 2 27.650000000000002 38.800000000000004
decision_type=1 2 2 2 2 2 2 1 2 2 2 1 2 2
left_child=1 3 7 9 -5 10 -7 8 -2 -1 -4 13 -13 -3
right_child=2 11 5 4 -6 6 -8 -9 -10 -11 -12 12 -14 -15
leaf_value=-0.049703897612010259 0.025354608658982477 0.073908143344661642 -0.052230532591344497 0.0040222135971909566 -0.02146433815944547 -0.01511360321041608 0.060592153708242197 -0.037328495843260277 -0.023624285144322892 0.024485975575625971 -0.022693254174141794 0.037439489969147338 -0.072221358175592082 -0.0052874289383731147
leaf_weight=10.967556461691855 149.0605234708637 38.581111967563629 113.95693915896118 853.51650223135948 214.75685460865498 218.78578185662627 21.923638312146068 26.426753509789705 36.307214828208089 308.46736943721771 171.76401141285896 38.681549161672592 5.0735817402601233 5.1373984515666953
leaf_count=49 1006 205 1117 4016 988 2014 208 640 268 1493 1751 204 26 28
internal_value=-0.000272146 0.00654609 -0.0137893 0.00416844 -0.00111667 -0.0224818 -0.00799622 0.00717258 0.0148872 0.0217916 -0.034615 0.0445322 0.0233943 0.0646917
internal_weight=2213.41 1475.18 738.225 1387.71 1068.27 526.43 240.709 211.794 185.368 319.435 285.721 87.4736 43.7551 43.7185
internal_count=14013 7009 7004 6546 5004 5090 2222 1914 1274 1542 2868 463 230 233
cat_boundaries=0 1 2 3
cat_threshold=13 34 1
is_linear=0
shrinkage=0.05


Tree=60
num_leaves=12
num_cat=2
split_feature=0 20 39 2 38 36 33 35 0 4 37
split_gain=85.4765 40.8571 59.3818 62.0925 55.8784 62.8249 45.6173 35.8183 8.77542 13.3642 16.5867
threshold=0 31.250000000000004 21.250000000000004 9.5000000000000018 7.4491070000000006 94.500000000000014 36.95000000000001 86.342262000000019 1 0.49812943072827087 63.500000000000007
decision_type=1 2 2 2 2 2 2 2 1 2 2
left_child=8 2 3 -2 5 -3 -6 -4 9 10 -1
right_child=1 4 7 -5 6 -7 -8 -9 -10 -11 -12
leaf_value=0.0031509994185231083 -0.053123127219600663 -0.051903198351762908 -0.035967042794913077 -0.0033005317726224601 -0.0036155975566428949 0.023959778671236873 0.028614036182785477 0.026355727437479316 -0.046006370827026938 -0.049640735535517962 -0.049678685415585955
leaf_weight=64.811915200203657 114.67467695474625 27.956313133239746 27.830493405461311 136.43821549415588 982.10473044216633 494.84484846889973 122.59111525118351 115.34305968880653 80.421676721423864 25.844398017972708 18.236492296680808
leaf_count=991 509 124 130 640 4480 2330 622 559 2320 900 477
internal_value=-0.000224561 0.00284835 -0.0115594 -0.0261733 0.00636129 0.0198117 -1.6343e-05 0.0140758 -0.0313848 -0.0173559 -0.00890285
internal_weight=2211.1 2021.78 394.286 251.113 1627.5 522.801 1104.7 143.174 189.314 108.893 83.0484
internal_count=14082 9394 1838 1149 7556 2454 5102 689 4688 2368 1468
cat_boundaries=0 1 2
cat_threshold=48 32
is_linear=0
shrinkage=0.05


Tree=61
num_leaves=9
num_cat=3
split_feature=0 0 33 38 39 4 0 44
split_gain=74.9086 48.5944 40.4384 49.0334 43.847 23.1096 26.9608 23.8422
threshold=0 1 31.250000000000004 6.4553575000000007 20.350000000000005 0.93845596220871974 2 46.600000000000001
decision_type=1 1 2 2 2 2 1 2
left_child=-1 2 4 -4 -2 7 -7 -3
right_child=1 5 3 -5 -6 6 -8 -9
leaf_value=-0.045679379408018035 -0.051051976872299155 -0.0006479381989618492 0.044268711397172936 0.0086164641689811319 0.019050641569635755 0.00170094956451709 -0.041852556184120059 -0.029333960588025888
leaf_weight=77.231591030955315 52.219100594520569 959.25365286506712 110.26792950928211 730.63839443027973 37.683693766593933 67.632039502263069 75.483839124441147 77.355440685525537
leaf_count=2322 251 5615 601 3635 207 290 592 494
internal_value=-0.000542321 0.00134023 0.00982135 0.0133386 -0.0217814 -0.00538032 -0.0241876 -0.0028148
internal_weight=2187.77 2110.53 930.809 840.906 89.9028 1179.72 143.116 1036.61
internal_count=14007 11685 4694 4236 458 6991 882 6109
cat_boundaries=0 1 2 3
cat_threshold=16 5 8
is_linear=0
shrinkage=0.05


Tree=62
num_leaves=12
num_cat=3
split_feature=0 0 6 6 43 2 5 33 0 4 37
split_gain=75.0037 33.0816 31.987 39.6248 35.2142 16.4782 30.1134 22.8475 9.77111 13.3126 17.0675
threshold=0 1 27.000000000000004 2.5000000000000004 9.6000000000000032 1.5000000000000002 0.5475998096715059 33.050000000000004 2 0.49812943072827087 62.500000000000007
decision_type=1 1 2 2 2 2 2 2 1 2 2
left_child=8 2 3 -2 -4 7 -7 -3 9 10 -1
right_child=1 5 4 -5 -6 6 -8 -9 -10 -11 -12
leaf_value=0.0057265191221470037 -0.0039894659673310497 0.011621299498483041 -0.10372727480123578 0.020732766302473549 -0.0054629616754257194 -0.0061021648723829569 0.014709437764107814 -0.040858178819910322 -0.045413791515950104 -0.049406184248574202 -0.045542428223238118
leaf_weight=61.862621620297432 227.56020469963551 30.584749355912209 8.8243340700864774 559.83017364144325 128.8394223600626 762.09862234443426 224.09193669259548 61.101917043328285 74.734777254983783 23.962077448144555 20.923955637961626
leaf_count=909 1067 138 37 2962 611 3300 945 292 2342 886 557
internal_value=-0.000134452 0.00271681 0.00960133 0.0135919 -0.0124644 -0.00322892 -0.00136304 -0.0234156 -0.0299522 -0.0158963 -0.00762039
internal_weight=2184.41 2002.93 925.054 787.39 137.664 1077.88 986.191 91.6867 181.483 106.749 82.7866
internal_count=14046 9352 4677 4029 648 4675 4245 430 4694 2352 1466
cat_boundaries=0 1 2 3
cat_threshold=48 5 32
is_linear=0
shrinkage=0.05


Tree=63
num_leaves=9
num_cat=3
split_feature=0 0 33 4 44 4 34 1
split_gain=68.5603 36.465 53.1111 46.6433 46.3736 41.0102 21.714 15.7624
threshold=0 1 36.95000000000001 0.90162119223771342 46.600000000000001 -0.75015329512557205 22.450000000000003 2
decision_type=1 1 2 2 2 2 2 1
left_child=-1 2 4 5 -2 -3 -5 -4
right_child=1 3 7 6 -6 -7 -8 -9
leaf_value=-0.045019410677581959 0.0062274760465181912 -0.027622104459397931 0.066010647069455905 0.041759690718193576 -0.02844161521213805 0.0046045331011899133 -0.047773621689164283 0.0220469591992799
leaf_weight=71.03374950774014 1274.6779850721359 127.36754623427987 41.565407812595367 6.588747337460517 103.35754826664925 426.56686846166849 85.950834218412638 42.02645055949688
leaf_count=2335 6070 910 231 53 496 3021 690 229
internal_value=-0.000170939 0.00156691 0.00593126 -0.00823468 0.00360843 -0.00284184 -0.0410206 0.0444295
internal_weight=2179.14 2108.1 1461.63 646.474 1378.04 553.934 92.5396 83.5919
internal_count=14035 11700 7026 4674 6566 3931 743 460
cat_boundaries=0 1 2 3
cat_threshold=16 13 1
is_linear=0
shrinkage=0.05


Tree=64
num_leaves=12
num_cat=2
split_feature=0 44 35 4 20 39 4 44 0 4 37
split_gain=64.2181 34.2098 45.8773 65.2056 37.762 56.2212 49.4152 21.0447 9.14509 12.601 15.3806
threshold=0 46.600000000000001 86.961309500000013 0.93237596376505805 31.250000000000004 21.250000000000004 0.93845596220871974 47.350000000000009 1 0.49812943072827087 63.500000000000007
decision_type=1 2 2 2 2 2 2 2 1 2 2
left_child=8 4 3 -3 5 -2 -6 -4 9 10 -1
right_child=1 2 7 -5 6 -7 -8 -9 -10 -11 -12
leaf_value=0.0037156274226851169 -0.023204099516057498 -0.056162342973448881 -0.02530809610916776 0.027098385784704374 0.011163073193828404 0.024958933820245333 -0.014279155241663592 0.043361741077946866 -0.044716195028513608 -0.049187260681478523 -0.049217922340753548
leaf_weight=64.96687563881278 246.12593187391758 92.807026475667953 15.717921078205107 30.701914504170418 1271.5099792927504 79.371865630149841 223.63817797601223 33.411729946732521 68.268298039212823 22.367706155404449 16.358557442203164
leaf_count=985 1128 442 72 152 5955 392 1041 160 2325 876 466
internal_value=-0.000634449 0.00196022 -0.0192371 -0.0354139 0.00399042 -0.0114192 0.00735053 0.0213258 -0.0289854 -0.0153334 -0.00740043
internal_weight=2165.25 1993.28 172.639 123.509 1820.65 325.498 1495.15 49.1297 171.961 103.693 81.3254
internal_count=13994 9342 826 594 8516 1520 6996 232 4652 2327 1451
cat_boundaries=0 1 2
cat_threshold=48 32
is_linear=0
shrinkage=0.05


Tree=65
num_leaves=15
num_cat=3
split_feature=0 33 5 25 34 5 34 26 0 39 5 33 37 1
split_gain=61.547 46.6436 44.7618 42.9603 39.0471 33.9863 45.1002 26.7084 25.572 24.0648 23.7395 18.6501 6.05048 5.82909
threshold=0 36.95000000000001 -0.7444366621422277 6.5777775000000007 24.550000000000004 0.51849435583340198 23.550000000000004 15.15 1 18.150000000000002 -0.75581183015052977 38.100000000000009 63.500000000000007 2
decision_type=1 2 2 2 2 2 2 2 1 2 2 2 2 1
left_child=1 3 8 10 -5 7 -7 -4 9 -2 -1 13 -10 -3
right_child=2 11 5 4 -6 6 -8 -9 12 -11 -12 -13 -14 -15
leaf_value=0.042183600880460609 -0.021773165942334308 0.07196890228771205 -0.065721656981965318 0.0033402398748433684 -0.020624279825763894 -0.012416563118788552 0.066095872199152958 -0.024569780876650699 -0.011498859144733328 0.030901660722217422 0.011158332887277703 0.0035182938805550408 -0.04863117132651381 0.038385617847286023
leaf_weight=84.186633393168449 26.24844191968441 30.096156224608421 46.76505677588284 852.36442600190639 211.26140044629574 203.2512471023947 19.096024258062243 245.3197141289711 42.975247303023934 108.8923208117485 227.54700763523579 23.586446046829224 14.202422715723513 30.518480464816093
leaf_count=429 122 171 473 4048 978 1933 178 2599 754 482 1115 131 448 168
internal_value=-0.000318717 0.00554258 -0.0123183 0.00335406 -0.00143459 -0.0201754 -0.00540788 -0.0313603 0.00805714 0.0191772 0.0196451 0.041482 -0.0182608 0.0559577
internal_weight=2166.31 1459.56 706.75 1375.36 1063.63 514.432 222.347 292.085 192.318 135.141 311.734 84.2011 57.1777 60.6146
internal_count=14029 7040 6989 6570 5026 5183 2111 3072 1806 604 1544 470 1202 339
cat_boundaries=0 1 2 3
cat_threshold=13 2 1
is_linear=0
shrinkage=0.05


Tree=66
num_leaves=8
num_cat=2
split_feature=0 0 34 39 38 5 36
split_gain=59.121 36.2172 30.1334 24.6525 22.9879 19.6079 12.7702
threshold=0 1 21.050000000000004 19.550000000000004 14.349107500000001 -0.83375966452616657 94.500000000000014
decision_type=1 1 2 2 2 2 2
left_child=-1 2 6 -4 5 -3 -2
right_child=1 4 3 -5 -6 -7 -8
leaf_value=-0.044223317531283335 -0.065679149570989512 0.0086781596044004563 0.003230395300618868 0.028034918365487289 -0.066457658767251807 -0.0048228832317678896 -0.0075453014164636378
leaf_weight=64.066096680238843 12.695930182933806 338.69446187652647 171.78252230584621 240.26298043131828 12.95760804787278 1290.4424683693796 31.467438235878944
leaf_count=2323 57 1904 866 1288 91 7393 152
internal_value=-0.000624205 0.000933619 0.013222 0.0177267 -0.00254562 -0.00201244 -0.0253416
internal_weight=2162.37 2098.3 456.209 412.046 1642.09 1629.14 44.1634
internal_count=14074 11751 2363 2154 9388 9297 209
cat_boundaries=0 1 2
cat_threshold=16 1
is_linear=0
shrinkage=0.05


Tree=67
num_leaves=12
num_cat=0
split_feature=32 37 34 34 5 42 19 4 44 14 26
split_gain=29.5421 43.05 43.0801 56.1913 40.4189 3.92702 1.61701 1.47855 1.09785 0.82087 0.476115
threshold=29.989881000000004 25.500000000000004 24.550000000000004 24.950000000000003 -0.7444366621422277 4.5000000000000009 31.113194500000002 0.76140650896573492 42.300000000000004 13.15 21.750000000000004
decision_type=2 2 2 2 2 2 2 2 2 2 2
left_child=1 -1 4 -4 -3 6 8 -7 -2 -9 -8
right_child=5 2 3 -5 -6 7 10 9 -10 -11 -12
leaf_value=-0.072542914682057508 0.032714944566601088 0.016768403919305983 -0.040388555674049628 0.0014646252752243596 -0.0021184147194744807 0.015646024110755673 -0.0051611749657390939 0.008604613009417764 0.010790796623618985 0.040372289660300473 0.009948464965345967
leaf_weight=20.443886758759618 12.015641748905184 357.18868010118604 149.577712116763 171.43039733357728 1353.6299150064588 10.56490647792816 9.0346650443971175 2.7872234117239705 12.816327627748249 41.885242629796267 10.00282417796552
leaf_count=149 87 2347 978 1129 8716 71 66 20 94 316 72
internal_value=-0.000776172 -0.00206894 -0.0013245 -0.0181022 0.00183231 0.0257472 0.0140979 0.0345839 0.0222552 0.038622 0.00287813
internal_weight=2151.38 2052.27 2031.83 321.008 1710.82 99.1068 43.8695 55.2374 24.832 44.6725 19.0375
internal_count=14045 13319 13170 2107 11063 726 319 407 181 336 138
is_linear=0
shrinkage=0.05


Tree=68
num_leaves=9
num_cat=3
split_feature=0 0 6 39 6 4 0 8
split_gain=57.5768 38.2921 31.0641 34.758 32.2006 16.4146 21.936 17.6942
threshold=0 1 27.000000000000004 19.450000000000003 2.5000000000000004 0.93237596376505805 2 33.250000000000007
decision_type=1 1 2 2 2 2 1 2
left_child=-1 2 4 -4 -2 7 -7 -3
right_child=1 5 3 -5 -6 6 -8 -9
leaf_value=-0.043939508372167695 -0.0032201558931171459 -0.0058788259102178619 -0.037750796636977134 0.012139453273275839 0.019340401488345607 0.0015534295785602009 -0.036814210767986126 0.010310832710188747
leaf_weight=62.076526562683284 221.54288126528263 814.03291694819927 68.775007233023643 69.132896587252617 549.62179838865995 73.092590689659119 74.558913849294186 211.8832187615335
leaf_count=2347 1047 4797 308 347 2978 315 625 1297
internal_value=-0.000315324 0.0012105 0.00885793 -0.0128336 0.0128633 -0.00474062 -0.0203103 -0.00252838
internal_weight=2144.72 2082.64 909.073 137.908 771.165 1173.57 147.652 1025.92
internal_count=14061 11714 4680 655 4025 7034 940 6094
cat_boundaries=0 1 2 3
cat_threshold=16 5 8
is_linear=0
shrinkage=0.05


Tree=69
num_leaves=15
num_cat=5
split_feature=0 26 34 34 39 25 0 0 44 43 1 1 39 30
split_gain=59.0258 30.6354 43.6265 36.8449 61.1492 33.3814 32.5096 18.6786 8.89463 9.68972 14.6039 7.88644 6.96004 6.01492
threshold=0 14.65 23.450000000000003 20.950000000000003 19.250000000000004 6.4368055000000011 1 2 32.95000000000001 0.15000000000000005 3 4 16.000000000000004 15.950000000000001
decision_type=1 2 2 2 2 2 1 1 2 2 1 1 2 2
left_child=8 2 7 4 -3 -4 -5 -2 9 10 -1 -11 -10 -14
right_child=1 3 5 6 -6 -7 -8 -9 12 11 -12 -13 13 -15
leaf_value=-0.038314263106527073 -0.01959782390408003 0.038796754490361164 -0.010829836084546266 0.019438905386393104 -0.049428985828079933 -0.059580827604934362 0.0023660366965898242 0.015135425996927149 0.025694078244581454 1.2681241874148005e-05 0.11222561388634932 -0.041347444474781281 -0.049632754523461976 -0.023537042202600656
leaf_weight=2.2119343131780616 45.452445268630981 26.254055187106133 78.513741463422775 354.39411022514105 70.353879943490028 63.345576554536819 1218.9580704122782 116.18267133831978 3.4335363823920479 23.519645117223263 2.6086343601346016 21.599247369915247 69.173260977491736 36.677184572443366
leaf_count=32 189 116 355 1891 346 303 5587 567 56 483 37 458 2616 1016
internal_value=-0.000581548 0.00184793 -0.0127302 0.00451441 -0.025301 -0.0328637 0.00636007 0.00503347 -0.0288326 -0.0128033 0.0484348 -0.0202544 -0.0385893 -0.0408955
internal_weight=2132.68 1973.45 303.494 1669.96 96.6079 141.859 1573.35 161.635 159.223 49.9395 4.82057 45.1189 109.284 105.85
internal_count=14052 9354 1414 7940 462 658 7478 756 4698 1010 69 941 3688 3632
cat_boundaries=0 1 2 3 4 5
cat_threshold=48 1 2 1 1
is_linear=0
shrinkage=0.05


Tree=70
num_leaves=14
num_cat=1
split_feature=34 34 39 43 37 5 24 12 40 44 4 15 1
split_gain=27.8318 56.3051 51.8981 45.9215 44.6187 36.6301 22.3249 13.0015 9.85457 11.3514 4.80825 3.88329 0.326133
threshold=25.150000000000002 24.550000000000004 19.850000000000005 17.750000000000004 25.500000000000004 -0.7444366621422277 63.500000000000007 57.500000000000007 39.650000000000013 35.100000000000001 0.76140650896573492 34.150000000000013 0
decision_type=2 2 2 2 2 2 2 2 2 2 2 2 1
left_child=1 4 7 -4 -1 -6 8 -3 9 -2 12 -10 -8
right_child=6 2 3 -5 5 -7 10 -9 11 -11 -12 -13 -14
leaf_value=-0.071481657145899213 -0.032863927725280843 -0.020200989315250828 -0.025403378651309795 0.03420207076341078 0.016161063246336951 -0.0018865335940124565 -0.033891964251094774 -0.072684022455856354 0.049004724561416517 0.020699348950694346 0.008749869848648657 -0.0056674522815249135 -0.069213213779132962
leaf_weight=19.972329425625503 9.9145855959504825 16.290810519829392 120.33699548989534 43.09030606597662 354.73826432973146 1340.1692903162912 4.8241634089499703 53.527401993051171 37.591240053996444 115.92144113779068 3.3683333769440642 3.3330781012773505 5.3981649260967961
leaf_count=152 68 118 770 266 2348 8759 32 387 251 850 24 23 32
internal_value=-0.000394957 -0.00213795 -0.0251315 -0.00957499 0.00100229 0.00189807 0.0183406 -0.0608962 0.0234149 0.0162533 -0.0412598 0.044523 -0.0570496
internal_weight=2128.48 1948.13 233.246 163.427 1714.88 1694.91 180.351 69.8182 166.76 125.836 13.5907 40.9243 10.2223
internal_count=14080 12800 1541 1036 11259 11107 1280 505 1192 918 88 274 64
cat_boundaries=0 1
cat_threshold=1
is_linear=0
shrinkage=0.05


Tree=71
num_leaves=8
num_cat=2
split_feature=0 0 34 44 38 5 36
split_gain=52.3359 28.896 27.6174 21.744 18.5546 16.3269 9.38864
threshold=0 1 21.050000000000004 46.600000000000001 14.349107500000001 -0.82413948779581736 94.500000000000014
decision_type=1 1 2 2 2 2 2
left_child=-1 2 6 -4 5 -3 -2
right_child=1 4 3 -5 -6 -7 -8
leaf_value=-0.043418243827701097 -0.061216209556567328 0.0079055886354683184 0.020234569952111599 -0.017836088267507651 -0.063801323984573027 -0.0044181141372283961 -0.010175917808835758
leaf_weight=57.968585829250515 11.928385272622107 339.93304943293333 361.82858138531446 41.057930469512939 11.16360874660313 1269.0251221712679 31.502214193344116
leaf_count=2344 55 1955 1944 210 87 7312 155
internal_value=-0.000572607 0.000855607 0.0119597 0.0163203 -0.00226341 -0.00181113 -0.0252566
internal_weight=2124.41 2066.44 446.317 402.887 1620.12 1608.96 43.4306
internal_count=14062 11718 2364 2154 9354 9267 210
cat_boundaries=0 1 2
cat_threshold=16 1
is_linear=0
shrinkage=0.05


Tree=72
num_leaves=14
num_cat=2
split_feature=0 26 38 34 44 40 31 2 31 0 4 39 43
split_gain=55.4181 28.757 39.5184 33.5878 31.9515 27.5957 17.9309 10.5213 7.83938 9.32079 8.70905 3.50589 1.64458
threshold=0 14.65 8.1711310000000008 20.350000000000005 46.600000000000001 53.000000000000007 27.550000000000001 9.5000000000000018 33.300000000000004 1 0.45273815774107123 16.000000000000004 29.550000000000004
decision_type=1 2 2 2 2 2 2 2 2 1 2 2 2
left_child=8 2 5 6 -5 -2 -3 -4 9 10 -1 -10 -13
right_child=1 3 7 4 -6 -7 -8 -9 11 -11 -12 12 -14
leaf_value=0.0071763492705205602 0.011902834314398328 0.013387693745467742 -0.060401406578710598 0.0082655429403670141 -0.015011085706970663 -0.021274054166685732 -0.052724002000363826 0.011790716225117405 0.019120587447672886 -0.036751552635251886 -0.046461561752608606 -0.046880212826830969 -0.023255613223941509
leaf_weight=43.8738909419626 129.98521745204926 13.567151620984076 44.143400445580482 1452.3806431517005 163.15519334375858 119.240991987288 37.026269942522049 5.348684847354888 1.784293696284293 26.556077964603901 8.1047093858942372 60.679350352846086 11.932667786255477
leaf_count=693 619 63 208 6903 798 547 206 26 29 959 277 2385 331
internal_value=-0.000251147 0.00206907 -0.0121807 0.00464209 0.00590697 -0.00399206 -0.0350796 -0.0525205 -0.0281844 -0.0186237 -0.00160353 -0.0416341 -0.0433665
internal_weight=2117.78 1964.85 298.718 1666.13 1615.54 249.226 50.5934 49.4921 152.931 78.5347 51.9786 74.3963 72.612
internal_count=14044 9370 1400 7970 7701 1166 269 234 4674 1929 970 2745 2716
cat_boundaries=0 1 2
cat_threshold=48 32
is_linear=0
shrinkage=0.05


Tree=73
num_leaves=9
num_cat=3
split_feature=0 2 39 22 40 1 31 0
split_gain=47.5873 27.6614 54.2138 83.6995 53.3236 34.9423 29.3443 6.69412
threshold=0 9.5000000000000018 17.650000000000002 83.951388500000022 66.050000000000011 1 39.400000000000013 2
decision_type=1 2 2 2 2 1 2 1
left_child=-1 2 3 -2 -4 7 -7 -3
right_child=1 5 4 -5 -6 6 -8 -9
leaf_value=-0.042663790580534683 0.0064943984447744232 0.033925687487538159 -0.0044348966091404315 -0.048902969165122677 0.016699313858549777 0.0044464316659679828 -0.059779727913528771 0.0090196392974172378
leaf_weight=53.027246725745499 131.58828272670507 131.24276992678642 941.27341417782009 140.04725880362093 435.84646757878363 188.72679998725653 18.624612959101796 67.334392881020904
leaf_count=2328 709 701 5372 749 2517 1096 103 473
internal_value=-0.000213096 0.00110486 -0.0017702 -0.0221415 0.00226116 0.0127853 -0.00158169 0.0277198
internal_weight=2107.71 2054.68 1648.76 271.636 1377.12 405.929 207.351 198.577
internal_count=14048 11720 9347 1458 7889 2373 1199 1174
cat_boundaries=0 1 2 3
cat_threshold=16 1 13
is_linear=0
shrinkage=0.05


Tree=74
num_leaves=9
num_cat=1
split_feature=0 13 33 26 25 4 4 33
split_gain=46.4192 26.4848 39.731 30.3595 28.6701 27.8385 27.005 22.573
threshold=0 6.7479170000000011 32.350000000000001 14.65 5.3048615000000003 -0.26037633224328088 0.10837544681456417 32.750000000000007
decision_type=1 2 2 2 2 2 2 2
left_child=-1 2 4 5 -2 -3 -5 -4
right_child=1 3 7 6 -6 -7 -8 -9
leaf_value=-0.042361994033122144 -0.036981896681308038 -0.00059591296643238592 0.04437331634758309 0.0087619712698700034 0.004531281265942491 -0.05251782978708696 -0.005675251534610631 0.014112141523645455
leaf_weight=51.266145869158208 48.564766373485327 48.566338233649731 89.846888715401292 523.19223520904779 257.62223650887609 54.165632659569383 846.71902833040804 196.6313446406275
leaf_count=2342 260 270 517 3015 1479 314 4820 1086
internal_value=0.000177833 0.00145176 0.0103747 -0.00213402 -0.00215214 -0.0282142 -0.000159063 0.0237242
internal_weight=2116.57 2065.31 592.665 1472.64 306.187 102.732 1369.91 286.478
internal_count=14103 11761 3342 8419 1739 584 7835 1603
cat_boundaries=0 1
cat_threshold=16
is_linear=0
shrinkage=0.05


Tree=75
num_leaves=9
num_cat=2
split_feature=0 0 34 43 5 5 39 37
split_gain=43.7331 29.0817 24.8755 18.8199 52.3974 34.8673 17.4881 9.12167
threshold=0 1 20.850000000000005 18.250000000000004 -0.83375966452616657 0.063390085881955258 19.550000000000004 50.500000000000007
decision_type=1 1 2 2 2 2 2 2
left_child=-1 2 7 5 -5 -3 -4 -2
right_child=1 3 6 4 -6 -7 -8 -9
leaf_value=-0.042039864760359175 -0.011764985037326927 -0.017205244348431042 0.0036279147334889756 0.026332100637395335 -0.0053781140264300134 0.0015352097273731693 0.024804214997586959 -0.070258028827295566
leaf_weight=49.365519895218313 23.964193001389503 416.24809646885842 165.66166119277477 194.10963275842369 391.25584674905986 612.23755300231278 237.30863077193499 8.5354709625244123
leaf_count=2342 123 2467 861 1132 2256 3517 1320 41
internal_value=-9.29042e-05 0.00113705 0.0124354 -0.00197517 0.0051641 -0.00605876 0.0161291 -0.0287659
internal_weight=2098.69 2049.32 435.47 1613.85 585.365 1028.49 402.97 32.4997
internal_count=14059 11717 2345 9372 3388 5984 2181 164
cat_boundaries=0 1 2
cat_threshold=16 1
is_linear=0
shrinkage=0.05


Tree=76
num_leaves=9
num_cat=2
split_feature=0 0 6 39 6 43 5 34
split_gain=41.1296 27.2908 28.4118 36.8431 32.6486 15.2083 24.8922 20.0855
threshold=0 1 27.000000000000004 19.450000000000003 2.5000000000000004 19.200000000000006 -0.87810534180523914 22.350000000000005
decision_type=1 1 2 2 2 2 2 2
left_child=-1 2 4 -4 -2 7 -7 -3
right_child=1 5 3 -5 -6 6 -8 -9
leaf_value=-0.04172540667653804 -0.0049689515535953381 0.0063153364210875211 -0.039629862460138832 0.012319023399855814 0.017823235164464636 0.024130570089669335 -0.0042835024390387609 -0.01271243359660129
leaf_weight=47.722245744429529 222.24540480226278 179.44547433592379 67.356069102883339 67.443913161754608 532.17018681019545 107.27979588508606 266.72295116260648 601.96226122323424
leaf_count=2363 1068 1100 300 349 2980 602 1621 3718
internal_value=-0.000469081 0.000714264 0.00725131 -0.0137392 0.0111111 -0.00433765 0.00390947 -0.00834034
internal_weight=2092.35 2044.63 889.216 134.8 754.416 1155.41 374.003 781.408
internal_count=14101 11738 4697 649 4048 7041 2223 4818
cat_boundaries=0 1 2
cat_threshold=16 5
is_linear=0
shrinkage=0.05


Tree=77
num_leaves=9
num_cat=1
split_feature=0 44 35 4 4 33 34 2
split_gain=39.699 27.7587 42.9198 58.3075 27.9755 55.6397 48.969 15.2359
threshold=0 46.600000000000001 86.961309500000013 0.93237596376505805 0.94138322595482449 34.550000000000004 23.150000000000002 7.5000000000000009
decision_type=1 2 2 2 2 2 2 2
left_child=-1 4 3 -3 5 -2 -6 -4
right_child=1 2 7 -5 6 -7 -8 -9
leaf_value=-0.041267586646878296 0.0011045829272537955 -0.052891168138307645 0.048944408141246003 0.024928592228438653 0.036807644160160816 0.0253632575529485 -0.024703008550548314 -0.0056487053216735944
leaf_weight=45.30479809269309 1363.2768036490306 93.67115424759686 24.159792933613062 31.602894678711891 38.502978254109621 284.97338533960283 179.37403778079897 25.59747795574367
leaf_count=2337 7736 559 140 197 217 1659 1051 149
internal_value=0.000154018 0.00128892 -0.0176862 -0.0332176 0.0030841 0.00531161 -0.0137144 0.0213012
internal_weight=2086.46 2041.16 175.031 125.274 1866.13 1648.25 217.877 49.7573
internal_count=14045 11708 1045 756 10663 9395 1268 289
cat_boundaries=0 1
cat_threshold=16
is_linear=0
shrinkage=0.05


Tree=78
num_leaves=15
num_cat=1
split_feature=0 2 39 39 5 40 20 44 4 2 39 5 5 39
split_gain=38.0294 31.9785 55.8765 31.6423 97.1384 58.3541 21.2876 9.85677 9.10526 8.85234 8.43412 8.12253 7.96998 7.66423
threshold=0 1.5000000000000002 19.350000000000005 19.450000000000003 0.097680735332368721 66.050000000000011 31.650000000000002 33.300000000000004 0.10837544681456417 1.5000000000000002 17.850000000000005 -0.86974577485258975 -0.91595872546125101 16.000000000000004
decision_type=1 2 2 2 2 2 2 2 2 2 2 2 2 2
left_child=7 2 6 4 -3 -5 -2 9 -4 10 -1 -9 -11 -13
right_child=1 3 8 5 -6 -7 -8 11 -10 12 -12 13 -14 -15
leaf_value=-0.024926132453806815 -0.050006840483467999 -0.021257175691065569 0.011632042928302635 0.00081622728757334338 0.017484004921949521 0.025148680321599372 0.014574586135171833 -0.014744615772809689 -0.055370261673106595 0.015200645462516246 0.045184431269917336 0.027952014717470559 -0.038871415389032417 -0.050331634066580415
leaf_weight=5.8538780286908176 13.848698288202284 378.89006221294403 5.1207851469516745 725.13319888710976 280.89183276891708 372.2733456492424 90.087622940540314 32.470230596140027 70.187178589403629 9.0722705069929379 11.088051628321407 2.6940272711217395 21.8486093217507 56.71592996828258
leaf_count=95 63 1780 23 3458 1381 1888 403 720 358 112 131 44 727 2851
internal_value=-5.15538e-05 0.00182178 -0.0182276 0.00388652 -0.00476222 0.00908591 0.00557508 -0.0242458 -0.0507215 -0.00736146 0.0209203 -0.0354778 -0.0230273 -0.0463778
internal_weight=2076.18 1936.43 179.244 1757.19 659.782 1097.41 103.936 139.743 75.308 47.8628 16.9419 91.8802 30.9209 59.41
internal_count=14034 9354 847 8507 3161 5346 466 4680 381 1065 226 3615 839 2895
cat_boundaries=0 1
cat_threshold=48
is_linear=0
shrinkage=0.05


Tree=79
num_leaves=12
num_cat=3
split_feature=0 32 36 8 35 4 37 43 38 1 1
split_gain=38.2575 26.2125 45.1683 50.4957 48.5225 7.99913 9.70513 13.0958 3.72655 11.6647 1.47706
threshold=0 29.989881000000004 94.500000000000014 33.750000000000007 68.827381000000017 0.49812943072827087 63.500000000000007 19.750000000000004 11.879464000000002 1 2
decision_type=1 2 2 2 2 2 2 2 2 1 1
left_child=5 2 3 -2 -4 6 7 -1 10 -10 -3
right_child=1 8 4 -5 -6 -7 -8 -9 9 -11 -12
leaf_value=-0.026819138157145896 -0.044882646374003382 0.025896254624974614 0.030527665324019418 -0.0025995414018908395 0.00076581945570919395 -0.04931666871046949 -0.049323479201874326 0.013536535672446923 0.041655160241232891 -0.010191076417986077 0.04552257934221466
leaf_weight=53.782127583399415 106.50660447776318 24.487150430679321 151.10566382855177 206.12074621766806 1375.0944469198585 30.054918609559536 21.432399479672313 30.978385432623327 20.646694473922253 21.117020942270756 25.530487947165966
leaf_count=1426 502 134 714 953 6690 1758 928 558 112 110 136
internal_value=-0.000385217 0.00148214 0.00018136 -0.0171018 0.00373053 -0.0249532 -0.0199899 -0.012084 0.0274199 0.0158148 0.03661
internal_weight=2066.86 1930.61 1838.83 312.627 1526.2 136.248 106.193 84.7605 91.7814 41.7637 50.0176
internal_count=14021 9351 8859 1455 7404 4670 2912 1984 492 222 270
cat_boundaries=0 1 2 3
cat_threshold=48 1 1
is_linear=0
shrinkage=0.05


Tree=80
num_leaves=9
num_cat=1
split_feature=0 13 31 22 26 4 20 34
split_gain=35.5467 24.177 35.9929 36.0207 34.0163 39.7938 30.5242 27.1285
threshold=0 6.7479170000000011 28.250000000000004 84.333333000000025 15.050000000000002 -0.26037633224328088 31.350000000000005 20.350000000000005
decision_type=1 2 2 2 2 2 2 2
left_child=-1 2 3 -2 5 -3 -4 -6
right_child=1 4 6 -5 7 -7 -8 -9
leaf_value=-0.040613356294728252 0.0088382296473014984 0.003646241729366448 -0.0047203470612381263 -0.034122008863019117 -0.038107034381418166 -0.050302977841012786 0.026966718847125933 0.0012321652094804062
leaf_weight=42.024099904112518 127.77824041806161 61.543368523940444 103.8080145958811 77.636726075783372 44.399246168322861 75.525080714374781 280.02398493699729 1262.2867051344365
leaf_count=2360 714 346 592 430 297 438 1631 7293
internal_value=-0.000197414 0.000853057 0.00938335 -0.00748527 -0.00262664 -0.026229 0.0184069 -0.000132641
internal_weight=2075.03 2033 589.247 205.415 1443.75 137.068 383.832 1306.69
internal_count=14101 11741 3367 1144 8374 784 2223 7590
cat_boundaries=0 1
cat_threshold=16
is_linear=0
shrinkage=0.05


Tree=81
num_leaves=9
num_cat=2
split_feature=0 34 34 39 36 24 4 1
split_gain=32.3744 24.3624 53.4936 46.5634 34.6823 19.6086 8.85383 2.19742
threshold=0 25.150000000000002 24.550000000000004 19.150000000000002 94.500000000000014 63.500000000000007 0.58481550752069722 1
decision_type=1 2 2 2 2 2 2 1
left_child=-1 2 4 -4 -2 6 -3 -7
right_child=1 5 3 -5 -6 7 -8 -9
leaf_value=-0.040014301638484379 -0.013819476309658109 0.047889038367998654 -0.061100365099188848 -0.0097790483917956431 0.0053332848316659113 -0.016023115015412499 0.017364593003236745 -0.062237400709648595
leaf_weight=39.490682415664196 285.87295366916806 28.894801963120699 60.955899760127068 155.96314227208495 1341.8661682605743 5.6864774376153928 129.69679440557957 5.7069061258807778
leaf_count=2328 1601 173 393 871 7725 33 824 35
internal_value=-0.000470433 0.000520105 -0.00115028 -0.0244149 0.00196315 0.0185781 0.0231913 -0.0423257
internal_weight=2054.13 2014.64 1844.66 216.919 1627.74 169.985 158.592 11.3934
internal_count=13983 11655 10590 1264 9326 1065 997 68
cat_boundaries=0 1 2
cat_threshold=16 1
is_linear=0
shrinkage=0.05


Tree=82
num_leaves=9
num_cat=1
split_feature=0 20 36 5 39 37 8 35
split_gain=31.4697 23.7439 53.2095 44.5186 38.191 42.3544 33.1624 28.9902
threshold=0 31.250000000000004 99.500000000000014 -0.71502926860092908 21.250000000000004 65.500000000000014 33.150000000000013 86.342262000000019
decision_type=1 2 2 2 2 2 2 2
left_child=-1 4 6 -4 5 -2 -3 -6
right_child=1 2 3 -5 7 -7 -8 -9
leaf_value=-0.039708400911343728 -0.0096641568803550702 -0.0081344072605871853 0.049258679784680223 0.0087814473955454882 -0.034498223241471893 -0.056095516965642814 0.007887780803429327 0.02191528284694734
leaf_weight=38.219808115623891 193.67862439155579 719.18598813936114 100.58881934732199 206.76512708701193 27.482506174594164 65.07036997191608 584.5360196325928 113.51564114168286
leaf_count=2331 1074 4171 596 1233 159 359 3388 702
internal_value=-0.000207872 0.000755899 0.0034669 0.0221454 -0.0101326 -0.0215118 -0.000950169 0.010754
internal_weight=2049.04 2010.82 1611.08 307.354 399.747 258.749 1303.72 140.998
internal_count=14013 11682 9388 1829 2294 1433 7559 861
cat_boundaries=0 1
cat_threshold=16
is_linear=0
shrinkage=0.05


Tree=83
num_leaves=7
num_cat=2
split_feature=0 44 0 39 43 38
split_gain=31.0268 24.0116 24.3124 26.4822 13.0274 1.33631
threshold=0 52.000000000000007 1 20.150000000000002 19.200000000000006 14.954762000000002
decision_type=1 2 1 2 2 2
left_child=-1 2 3 -2 -4 -3
right_child=1 5 4 -5 -6 -7
leaf_value=-0.039447385482638264 -0.0011676519317050874 -0.052669872402261175 -0.0067958422021538005 0.016346652152310081 0.0046658465398359168 -0.013128400997122987
leaf_weight=37.209098229184747 407.99075704813004 20.332684645429257 767.7588624060154 456.93867352604866 365.07692060247064 3.259441182948648
leaf_count=2348 2134 138 4753 2515 2182 25
internal_value=0.000199395 0.00113779 0.00174703 0.00800088 -0.00307413 -0.0479629
internal_weight=2058.57 2021.36 1997.77 864.929 1132.84 23.5921
internal_count=14095 11747 11584 4649 6935 163
cat_boundaries=0 1 2
cat_threshold=16 5
is_linear=0
shrinkage=0.05


Tree=84
num_leaves=9
num_cat=0
split_feature=22 22 2 39 36 8 32 35
split_gain=21.9508 22.5971 30.4748 47.464 27.3048 57.3386 19.0305 17.5685
threshold=55.000000000000007 67.298611500000007 9.5000000000000018 18.750000000000004 95.500000000000014 33.650000000000013 27.107440500000003 71.550595500000014
decision_type=2 2 2 2 2 2 2 2
left_child=-1 4 3 -3 5 -2 -4 -6
right_child=1 2 6 -5 7 -7 -8 -9
leaf_value=-0.075590516985718087 -0.041284451828781994 -0.021506223180605993 0.005694138329117417 6.226838667234526e-05 0.035075559296212123 0.01368452417771319 0.038925674654231683 -0.041717803627752022
leaf_weight=8.5708273537456972 58.870028369128704 356.48393519688398 332.57398139219731 890.35943768266588 116.32731332816184 227.55556059163064 48.590030806139112 7.1294148899614802
leaf_count=66 417 2334 2327 6164 762 1596 357 44
internal_value=-4.60059e-05 0.000308633 -0.00233448 -0.00611665 0.0107869 0.00228224 0.0100212 0.0303413
internal_weight=2046.46 2037.89 1628.01 1246.84 409.882 286.426 381.164 123.457
internal_count=14067 14001 11182 8498 2819 2013 2684 806
is_linear=0
shrinkage=0.05


Tree=85
num_leaves=15
num_cat=3
split_feature=0 5 33 2 5 34 20 1 34 39 39 19 1 43
split_gain=28.7282 37.9635 35.3738 39.5002 32.5674 43.9254 32.1962 27.5725 26.3364 23.5872 20.7542 20.7121 21.3921 12.5102
threshold=0 -0.73865259438682551 36.95000000000001 9.5000000000000018 0.5475998096715059 23.550000000000004 30.850000000000005 1 22.350000000000005 24.650000000000002 18.150000000000002 31.933333000000001 2 17.750000000000004
decision_type=1 2 2 2 2 2 2 1 2 2 2 2 1 2
left_child=2 9 3 6 8 -6 -1 -5 -3 10 -2 -4 -13 -11
right_child=1 4 11 7 5 -7 -8 -9 -10 13 -12 12 -14 -15
leaf_value=-0.033952563231704792 -0.013045333420822779 0.033442760063457443 0.045287473458967061 0.03589952299781432 -0.0085046533037534695 0.072168761069694318 5.5498533400080469e-05 0.0035114859872340705 -0.031715349167870437 -0.055477431983820859 0.030545270361444804 0.051111768527661278 -0.094510054920617814 0.0033071472447520978
leaf_weight=73.957405216991901 35.809145098552108 15.729449511505662 69.922022640705109 127.18049143254757 185.99166862014681 17.546933649107814 972.85263614356518 135.33195758610964 251.28498677071184 16.762655702419579 107.86755637545139 3.5541260913014394 4.9123761802911758 18.236809457652271
leaf_count=356 371 177 416 706 1904 170 4764 708 2911 207 1075 22 27 189
internal_value=-0.000144733 -0.00873973 0.00391451 0.00197615 -0.0163155 -0.00123102 -0.00237729 0.0192793 -0.0277665 0.0107048 0.0196659 0.0363512 -0.0344382 -0.0256061
internal_weight=2036.94 649.229 1387.71 1309.32 470.553 203.539 1046.81 262.512 267.014 178.676 143.677 78.3885 8.4665 34.9995
internal_count=14003 7004 6999 6534 5162 2074 5120 1414 3088 1842 1446 465 49 396
cat_boundaries=0 1 2 3
cat_threshold=13 1 1
is_linear=0
shrinkage=0.05


Tree=86
num_leaves=13
num_cat=2
split_feature=0 33 22 2 39 39 0 44 8 43 5 21
split_gain=31.3203 30.4974 41.042 43.3732 37.0087 55.3928 21.5517 18.1547 17.3173 14.823 21.0399 17.3055
threshold=0 31.250000000000004 88.861111000000008 8.5000000000000018 20.350000000000005 17.850000000000005 1 52.750000000000007 29.150000000000002 19.200000000000006 -0.99273797715557011 23.050000000000004
decision_type=1 2 2 2 2 2 1 2 2 2 2 2
left_child=1 4 3 -3 5 -1 -2 -6 -4 11 -11 -8
right_child=6 2 8 -5 7 -7 9 -9 -10 10 -12 -13
leaf_value=-0.0019128175631059011 -0.038996454740295637 0.0062607610918232765 0.00049805622842832799 0.036949820121417495 0.035323820394780069 -0.10442104035155651 0.003953590349808001 -0.061901041216671664 -0.09766324443410844 0.048437954162850849 0.00087072087336028639 -0.012773760675780744
leaf_weight=30.125831589102745 35.596627844497561 621.0288565158844 7.0665539503097561 140.51019784808159 28.403174869716167 22.480079278349876 213.99268649611622 4.7966850101947776 11.288953423500059 23.921735033392906 346.58121423982084 552.61816572677344
leaf_count=151 2366 3259 39 873 183 106 1324 22 53 124 2109 3503
internal_value=-0.000212632 0.00695272 0.0101512 0.0119642 -0.0210993 -0.0468484 -0.00551578 0.0198776 -0.0617995 -0.00410411 0.00406404 -0.0081054
internal_weight=2038.41 865.7 779.895 761.539 85.8058 52.6059 1172.71 33.1999 18.3555 1137.11 370.503 766.611
internal_count=14112 4686 4224 4132 462 257 9426 205 92 7060 2233 4827
cat_boundaries=0 1 2
cat_threshold=5 16
is_linear=0
shrinkage=0.05


Tree=87
num_leaves=13
num_cat=1
split_feature=0 34 34 37 39 24 4 4 35 43 35 19
split_gain=29.8864 26.7863 46.7324 43.3056 40.6203 18.4815 9.74917 7.84543 10.0755 10.1768 3.65686 1.30285
threshold=0 25.150000000000002 24.550000000000004 25.500000000000004 19.150000000000002 66.500000000000014 0.55656748448714433 0.43733377705052545 86.538690500000016 19.750000000000004 87.366071500000018 27.537500000000005
decision_type=1 2 2 2 2 2 2 2 2 2 2 2
left_child=7 2 3 -2 -4 6 -3 8 9 -1 -9 -10
right_child=1 5 4 -5 -6 -7 -8 10 11 -11 -12 -13
leaf_value=-0.022594793223241181 -0.071946364285869244 0.054783185594988397 -0.058327961616158025 0.0033921496615607542 -0.0090241711509762394 -0.049152217920792246 0.019284931812252964 -0.049626000337756299 -0.049192031414590644 0.015190757315829412 0.031371686854686852 0.010550294235891038
leaf_weight=46.162939252331853 18.315759539604187 22.4433324187994 56.936515361070633 1532.0777335688472 151.51356714963913 8.006957180798052 127.70620441436768 29.760455300565813 20.472904782742265 27.76708999555558 0.81462387926876445 0.6192378792911758
leaf_count=1348 107 118 324 7449 709 39 676 1815 963 483 37 20
internal_value=-0.000371239 0.00123381 -0.000536921 0.00245633 -0.0227053 0.0208831 0.0249183 -0.0229686 -0.0173695 -0.00838973 -0.0465427 -0.0470399
internal_weight=2042.6 1917 1758.84 1550.39 208.45 158.156 150.15 125.597 95.0222 73.93 30.5751 21.0921
internal_count=14088 9422 8589 7556 1033 833 794 4666 2814 1831 1852 983
cat_boundaries=0 1
cat_threshold=48
is_linear=0
shrinkage=0.05


Tree=88
num_leaves=9
num_cat=2
split_feature=0 31 0 39 43 27 12 10
split_gain=26.2891 23.236 21.0716 32.6791 11.6735 11.5926 1.43972 0.756658
threshold=0 50.20000000000001 1 15.050000000000002 19.200000000000006 31.950000000000003 76.500000000000014 87.770833500000023
decision_type=1 2 1 2 2 2 2 2
left_child=-1 2 3 -2 -4 6 -3 -7
right_child=1 5 4 -5 -6 7 -8 -9
leaf_value=-0.038364484111816519 -0.029409866143499077 -0.051402706409177761 -0.0068744321726114804 0.0097332036377717895 0.0040336596890395522 0.018226856408352064 -0.09779854818308692 -0.010541941255758375
leaf_weight=33.331461485475302 56.189213313162327 9.9083363395184296 762.19823952950537 794.66636260598898 360.62404419574887 3.3014397472143164 5.2503417991101733 3.927925756201148
leaf_count=2354 291 69 4778 4355 2182 18 28 27
internal_value=-0.000281583 0.000562527 0.00115187 0.00703419 -0.00334081 -0.0489798 -0.0725302 0.00321432
internal_weight=2029.4 1996.07 1973.68 850.856 1122.82 22.388 15.1587 7.22937
internal_count=14102 11748 11606 4646 6960 142 97 45
cat_boundaries=0 1 2
cat_threshold=16 5
is_linear=0
shrinkage=0.05


Tree=89
num_leaves=13
num_cat=2
split_feature=0 33 38 39 39 39 4 35 0 4 21 8
split_gain=27.4907 34.3573 38.822 52.5452 29.4544 35.6886 24.2101 18.856 18.6931 11.3718 19.5797 15.6396
threshold=0 31.250000000000004 6.4553575000000007 15.050000000000002 21.850000000000005 17.850000000000005 -0.99467753128998015 87.095238000000009 1 0.93237596376505805 22.850000000000005 33.250000000000007
decision_type=1 2 2 2 2 2 2 2 1 2 2 2
left_child=1 4 6 -4 5 -1 -3 -6 -2 11 -11 -10
right_child=8 2 3 -5 7 -7 -8 -9 9 10 -12 -13
leaf_value=-0.0030678867294107407 -0.037903517351341121 -0.071443515311411562 -0.064278615667301031 0.0081802820132573003 -0.059189626103878568 -0.078876942331094782 0.043466927311774171 0.04703324096646086 -0.0054356363129788518 0.047297400197857831 -0.022841320650222485 0.009954200736223752
leaf_weight=30.713261127471924 31.875324218533933 3.9280356019735327 25.03517609834671 644.39271812140942 4.4364324063062694 30.568698421120644 97.935124464333057 18.032883830368519 793.00243725348264 9.8555129207670671 127.86585996765643 207.44589929934591
leaf_count=152 2336 18 121 3479 21 154 608 127 4834 63 865 1294
internal_value=-0.000373019 0.00639736 0.0097817 0.00537864 -0.0237629 -0.0415423 0.0383843 0.0244318 -0.005331 -0.0040647 -0.0175173 -0.00223776
internal_weight=2025.09 855.042 771.291 669.428 83.7513 61.282 101.863 22.4693 1170.05 1138.17 137.721 1000.45
internal_count=14072 4680 4226 3600 454 306 626 148 9392 7056 928 6128
cat_boundaries=0 1 2
cat_threshold=5 16
is_linear=0
shrinkage=0.05


Tree=90
num_leaves=12
num_cat=3
split_feature=0 0 37 33 20 39 4 13 35 33 1
split_gain=27.6515 20.5742 16.9548 28.5073 23.4528 25.5409 18.2527 15.8597 26.8752 15.9979 10.5265
threshold=0 1 32.500000000000007 36.95000000000001 31.250000000000004 15.450000000000001 0.96904697354198299 6.7479170000000011 86.110119000000012 36.95000000000001 2
decision_type=1 1 2 2 2 2 2 2 2 2 1
left_child=2 -2 3 6 10 -6 -1 8 -3 -9 -4
right_child=1 7 4 -5 5 -7 -8 9 -10 -11 -12
leaf_value=-0.016359055090468724 -0.037601351225739321 0.014553574262478672 0.010724186983176351 0.054968630528079016 -0.034982931673854356 0.027387182134274081 -0.11341944961030691 -0.0070861815954120673 -0.01080138032324774 0.014688544920600828 -0.02549021149675167
leaf_weight=53.436683006584644 30.979843109846115 299.18829925917089 38.684481672942638 12.546920239925383 16.736368849873543 247.22069733589888 4.3990343809127799 1025.4118946846575 159.45260510966182 90.975583002902567 39.774111025035381
leaf_count=264 2342 1730 224 100 88 1422 20 6119 937 597 222
internal_value=-2.94798e-05 -0.00300874 0.0113394 -0.0106221 0.0162015 0.0233155 -0.0255438 -0.00207225 0.00573427 -0.00530018 -0.00772424
internal_weight=2018.81 1606.01 412.798 70.3826 342.416 263.957 57.8357 1575.03 458.641 1116.39 78.4586
internal_count=14065 11725 2340 384 1956 1510 284 9383 2667 6716 446
cat_boundaries=0 1 2 3
cat_threshold=1 16 1
is_linear=0
shrinkage=0.05


Tree=91
num_leaves=13
num_cat=3
split_feature=44 35 4 5 0 4 36 33 2 1 1 24
split_gain=23.4018 34.8386 36.4664 30.4845 22.7677 22.7834 52.537 47.2621 9.63282 20.8959 3.86786 1.39457
threshold=46.600000000000001 86.961309500000013 0.93237596376505805 -0.96687281075841669 0 0.94704596667653973 96.500000000000014 34.550000000000004 7.5000000000000009 1 2 29.500000000000004
decision_type=2 2 2 2 1 2 2 2 2 1 1 2
left_child=4 2 3 -2 -1 7 -7 -6 10 -10 -3 -4
right_child=1 8 11 -5 5 6 -8 -9 9 -11 -12 -13
leaf_value=-0.036517835351749746 0.041688229440763613 0.016643466495664474 0.0038538439528314401 -0.057464903448875559 0.00018369768926884103 -0.032978461418833829 0.019731025968744778 0.022484589130171897 0.041215144997552376 -0.044992250604113208 0.058772817620977302 0.025400200876365173
leaf_weight=27.830470172688365 7.8431760612875214 11.317208921536803 15.265663159079851 81.553726666606963 1326.1243526237085 127.4330504257232 73.978380082175136 288.43611668609083 12.496558570303023 13.677739418111742 11.914747586473823 14.634263471700249
leaf_count=2143 53 84 118 598 7754 766 436 1737 91 95 87 116
internal_value=-0.000237426 -0.0180054 -0.0325485 -0.0484008 0.00139718 0.00218696 -0.0136164 0.00417913 0.0170597 -0.00383163 0.0397837 0.0148803
internal_weight=2012.51 168.703 119.297 89.3969 1843.8 1815.97 201.411 1614.56 49.4063 26.1743 23.232 29.8999
internal_count=14078 1242 885 651 12836 10693 1202 9491 357 186 171 234
cat_boundaries=0 1 2 3
cat_threshold=16 1 1
is_linear=0
shrinkage=0.05


Tree=92
num_leaves=6
num_cat=1
split_feature=0 22 6 43 43
split_gain=22.1058 22.0012 19.2665 42.2271 22.3495
threshold=0 55.000000000000007 27.000000000000004 9.6000000000000032 18.550000000000004
decision_type=1 2 2 2 2
left_child=-1 -2 4 -4 -3
right_child=1 2 3 -5 -6
leaf_value=-0.036839184651271194 -0.074724962432516792 -0.00050335931189537453 -0.087092985373432574 -0.005979552063873704 0.012147009305278711
leaf_weight=28.866183454636484 8.6052427720278484 1201.4666533432901 16.059862942434847 273.81783449556679 491.11767350416631
leaf_count=2359 59 7116 87 1533 2991
internal_value=2.82118e-05 0.000762038 0.00113105 -0.0107574 0.00317226
internal_weight=2019.93 1991.07 1982.46 289.878 1692.58
internal_count=14145 11786 11727 1620 10107
cat_boundaries=0 1
cat_threshold=16
is_linear=0
shrinkage=0.05


Tree=93
num_leaves=9
num_cat=1
split_feature=0 34 34 39 36 24 4 4
split_gain=20.3856 19.9184 41.2937 51.3827 38.9917 14.9868 8.30929 3.64263
threshold=0 25.150000000000002 24.450000000000003 19.850000000000005 94.500000000000014 63.500000000000007 0.55656748448714433 0.76140650896573492
decision_type=1 2 2 2 2 2 2 2
left_child=-1 2 4 -4 -2 6 -3 -7
right_child=1 5 3 -5 -6 7 -8 -9
leaf_value=-0.036399330218162586 -0.015383055042312755 0.046874798708519932 -0.051159260892907066 -0.0043514430106143384 0.0055332312716761412 -0.048789188646461833 0.015813439070094588 0.0097464001075023132
leaf_weight=27.696621301118284 268.77126936521381 25.73825541883707 85.151033446192741 184.20115994848311 1279.3543816078454 9.1551845818757993 123.30225136596709 3.2019400354474774
leaf_count=2333 1547 159 551 1053 7504 57 820 20
internal_value=-0.000459644 0.000244117 -0.00125309 -0.0192834 0.00189435 0.017023 0.0214542 -0.0340275
internal_weight=2006.57 1978.88 1817.48 269.352 1548.13 161.398 149.041 12.3571
internal_count=14044 11711 10655 1604 9051 1056 979 77
cat_boundaries=0 1
cat_threshold=16
is_linear=0
shrinkage=0.05


Tree=94
num_leaves=13
num_cat=2
split_feature=0 26 25 25 35 39 40 30 0 43 5 39
split_gain=26.2597 21.4507 32.8756 27.3546 25.9849 25.7714 20.7964 17.8568 13.9647 12.576 20.0552 13.701
threshold=0 15.050000000000002 7.0638890000000005 6.8013890000000012 87.645833500000023 20.150000000000002 56.70000000000001 2.8500000000000001 1 19.200000000000006 -0.87810534180523914 23.650000000000002
decision_type=1 2 2 2 2 2 2 2 1 2 2 2
left_child=1 2 6 4 -3 -5 -1 -4 -2 11 -11 -10
right_child=8 3 7 5 -6 -7 -8 -9 9 10 -12 -13
leaf_value=0.023198842020251784 -0.035984856523965734 0.042880007107716882 0.018676592881297062 -0.010487204501003357 -0.036349178779371355 0.012437965516749201 -0.018705438395982956 -0.06030030938454034 -0.0047399163342544725 0.021523650134712864 -0.0044677951637996987 -0.020648907902428348
leaf_weight=62.519920095801353 26.694147549569607 88.203648246824741 8.2982005923986417 174.40199442207813 10.938947930932043 406.79329327493906 54.485945649445057 37.453842908143997 581.26943827793002 102.12714497745037 263.89864402078092 175.79296171572059
leaf_count=360 2339 560 45 892 63 2294 278 191 3605 581 1631 1172
internal_value=-0.000911011 0.00575381 -0.0104387 0.00972164 0.0338625 0.00555251 0.00369219 -0.0458829 -0.00579846 -0.0047389 0.00282313 -0.00845641
internal_weight=1992.88 843.096 162.758 680.338 99.1426 581.195 117.006 45.752 1149.78 1123.09 366.026 757.062
internal_count=14011 4683 874 3809 623 3186 638 236 9328 6989 2212 4777
cat_boundaries=0 1 2
cat_threshold=5 16
is_linear=0
shrinkage=0.05


Tree=95
num_leaves=15
num_cat=2
split_feature=0 5 5 34 33 37 9 39 33 44 39 27 1 19
split_gain=20.6347 37.832 32.4344 35.4584 28.0231 30.2855 29.9108 23.3801 19.8647 19.1686 17.0721 13.8305 7.60088 5.65023
threshold=0 -0.73865259438682551 0.5475998096715059 23.550000000000004 36.95000000000001 25.500000000000004 24.250000000000004 19.450000000000003 38.100000000000009 47.70000000000001 18.150000000000002 47.650000000000006 1 31.451389000000002
decision_type=1 2 2 2 2 2 2 2 2 2 2 2 1 2
left_child=4 9 7 -4 5 -1 -7 -3 12 10 -2 -11 -6 -10
right_child=1 2 3 -5 8 6 -8 -9 13 11 -12 -13 -14 -15
leaf_value=-0.06878375527295201 -0.013107853548972471 -0.04715239872059044 -0.0066183464126136383 0.067527843703854937 0.069528774099136367 0.010020774131074505 -0.0052782365756254271 -0.015743616323749248 0.013482895858337155 -0.058221395903709151 0.025983383656066152 0.039434406717099649 0.029451394524717997 -0.037668289778230314
leaf_weight=14.147219091653822 35.253626888152212 91.430403671693057 179.47611360950395 16.706252268515527 24.723916858434677 634.88270998746157 641.15376198291779 169.83361420826986 12.012882709503176 14.104403683915736 124.43658790877089 3.9935774598270646 26.702453821897507 8.2987305298447591
leaf_count=80 388 1074 1878 175 160 3234 3262 2033 75 201 1255 42 167 52
internal_value=-0.000287633 -0.00765212 -0.0153707 6.14455e-06 0.00318323 0.00150305 0.00233556 -0.0268731 0.0334023 0.0117546 0.0173256 -0.0357358 0.0496778 -0.00820285
internal_weight=1997.16 635.235 457.446 196.182 1361.92 1290.18 1276.04 261.264 71.738 177.788 159.69 18.098 51.4264 20.3116
internal_count=14076 7046 5160 2053 7030 6576 6496 3107 454 1886 1643 243 327 127
cat_boundaries=0 1 2
cat_threshold=13 1
is_linear=0
shrinkage=0.05


Tree=96
num_leaves=15
num_cat=1
split_feature=0 2 39 5 34 33 22 2 31 39 13 37 24 14
split_gain=20.6453 26.2507 47.9385 27.6103 75.3966 70.4362 14.7034 10.3997 9.26176 12.9292 8.54469 6.84022 11.1391 0.698383
threshold=0 1.5000000000000002 19.350000000000005 0.51849435583340198 22.350000000000005 34.650000000000013 78.173611000000008 1.5000000000000002 31.500000000000004 17.850000000000005 12.827083500000002 55.500000000000007 63.500000000000007 24.550000000000004
decision_type=1 2 2 2 2 2 2 2 2 2 2 2 2 2
left_child=7 2 6 4 -3 -5 -2 8 9 -1 -4 13 -13 -9
right_child=1 3 10 5 -6 -7 -8 11 -10 -11 -12 12 -14 -15
leaf_value=-0.029218175278140881 0.010455020842472233 0.062357409685088128 -0.054015304135021161 0.0015141631496710705 -0.003571165474592632 0.048931894385845373 -0.05507589947825571 -0.049694050696159196 -0.043437986673471062 0.063747813526789876 0.0078123616532509033 0.0029311109581827833 -0.038342856601631933 -0.0056843889099841187
leaf_weight=5.1539116660133031 90.909065529704094 43.928097687661648 66.061562404036522 308.18770157545805 1246.1891745552421 104.03002242743969 8.4442922919988614 29.576454577967528 4.8395596742629996 9.2290442353114468 5.8396765738725653 30.230249208398163 34.258568476885557 1.2134312698617566
leaf_count=106 417 209 353 1563 6298 473 43 1859 180 134 27 853 1475 79
internal_value=-0.000878195 0.000438823 -0.0181601 0.00232201 -0.00127976 0.0135703 0.00439206 -0.0205083 0.0108104 0.0307011 -0.0489555 -0.0290036 -0.0192457 -0.048193
internal_weight=1988.09 1873.59 171.255 1702.33 1290.12 412.218 99.3534 114.501 19.2225 14.383 71.9012 95.2787 64.4888 30.7899
internal_count=14069 9383 840 8543 6507 2036 460 4686 420 240 380 4266 2328 1938
cat_boundaries=0 1
cat_threshold=48
is_linear=0
shrinkage=0.05


Tree=97
num_leaves=13
num_cat=2
split_feature=39 44 39 37 2 34 0 44 40 4 4 1
split_gain=19.6639 79.341 35.4486 35.5104 50.4348 30.472 42.0139 29.2711 27.2184 72.3281 19.7954 2.77172
threshold=23.550000000000004 39.800000000000004 22.050000000000004 67.500000000000014 9.5000000000000018 20.950000000000003 0 46.250000000000007 75.050000000000011 0.52033990680116082 -0.94139628442229051 1
decision_type=2 2 2 2 2 2 1 2 2 2 2 1
left_child=2 -2 3 7 -5 11 -7 -1 9 -3 -10 -4
right_child=1 8 5 4 -6 6 -8 -9 10 -11 -12 -13
leaf_value=0.0010974966746810305 -0.097710929843965288 -0.045850439219878018 -0.062402897593609633 -0.071645581640436884 0.031563982562024799 0.046524828916104308 0.0042635326219776191 -0.06027404701371445 -0.032467770434565855 0.0057392115754633802 0.025928948029277327 -0.020650393545390097
leaf_weight=1223.5394769664854 23.496018663980067 105.06184980971739 8.600510885939002 38.167190352454782 16.279743033461273 96.920745231211185 149.71232214244083 18.741976971272379 16.402460948564112 188.49399637291208 89.376398110762239 9.3384933974593878
leaf_count=8577 175 762 66 253 120 594 1182 131 128 1372 650 66
internal_value=-0.000807884 -0.0103594 0.00178382 -0.00162341 -0.040773 0.0184266 0.023043 0.000123865 -0.00498855 -0.0128174 0.0166545 -0.0429058
internal_weight=1984.13 422.831 1561.3 1296.73 54.4469 264.572 246.633 1242.28 399.335 293.556 105.779 17.939
internal_count=14076 3087 10989 9081 373 1908 1776 8708 2912 2134 778 132
cat_boundaries=0 1 2
cat_threshold=5 1
is_linear=0
shrinkage=0.05


Tree=98
num_leaves=12
num_cat=2
split_feature=31 0 34 43 43 39 27 0 40 9 5
split_gain=20.5272 20.0291 24.755 18.3026 17.9514 16.7521 9.95663 7.87958 7.55296 1.10117 0.107249
threshold=50.20000000000001 0 21.050000000000004 37.550000000000004 31.350000000000005 19.550000000000004 23.950000000000003 1 1.0500000000000003 25.150000000000002 -0.34234976856068172
decision_type=2 1 2 2 2 2 2 1 2 2 2
left_child=1 2 8 4 -3 -4 -2 -5 -1 10 -8
right_child=6 3 5 7 -6 -7 9 -9 -10 -11 -12
leaf_value=-0.049431970155962804 -0.076741977076415238 -0.0029061019876111894 0.0022701601513168898 0.0072091397288667168 0.017641848940903704 0.024019777730540464 -0.0064835072903424058 -0.042839144615923135 -0.0064776001792726844 0.015444294219588081 -0.02294412863425694
leaf_weight=17.925415776669979 11.815147644840183 1410.3045863676816 156.41942145675421 13.195193856954575 113.95498307328671 203.68094523251057 2.5658221952617168 26.749792234972119 23.053257577121258 2.7335068518295884 3.8822296662256104
leaf_count=95 100 10466 862 66 846 1249 20 264 115 20 31
internal_value=-0.000198575 0.000338868 0.0101496 -0.00223217 -0.00135936 0.0146047 -0.0482316 -0.0352361 -0.0259972 -0.00760946 -0.018144
internal_weight=1986.28 1965.28 401.079 1564.2 1524.26 360.1 20.9967 39.945 40.9787 9.18156 6.44805
internal_count=14134 13963 2321 11642 11312 2111 171 330 210 71 51
cat_boundaries=0 1 2
cat_threshold=1 8
is_linear=0
shrinkage=0.05


Tree=99
num_leaves=15
num_cat=2
split_feature=26 34 34 25 33 20 43 1 39 4 13 5 0 26
split_gain=18.6733 26.4694 26.4361 25.0049 24.944 19.6647 29.1078 19.3202 19.2141 11.9834 11.4953 10.43 7.17849 1.58989
threshold=14.65 23.450000000000003 20.350000000000005 6.4368055000000011 32.45000000000001 30.450000000000003 18.550000000000004 0 20.850000000000005 0.21022171450811272 4.8208335000000009 0.45847758937963173 1 15.750000000000002
decision_type=2 2 2 2 2 2 2 1 2 2 2 2 1 2
left_child=1 7 9 4 -3 8 -7 12 -4 13 -5 -9 -1 -2
right_child=2 3 5 10 -6 6 -8 11 -10 -11 -12 -13 -14 -15
leaf_value=-0.0009932214353186549 -0.030531678854454031 -0.028433303091593611 -0.043540928363614735 0.046670542757751537 0.029749484501350787 -0.00062602049407085945 0.014107555244398882 0.015407041918435064 0.0054821307578324235 -0.053730948753994527 -0.056277293145804312 -0.024903473435631748 0.029667391107608701 0.0037993351357752704
leaf_weight=37.315328039228916 3.2178168613463667 54.845846962183714 43.053165871649981 2.1197932362556449 26.544970719143748 1060.8623751220293 489.03142816852778 20.66623965697363 36.22099914541468 29.485311143565923 57.432079530786723 62.919273350853473 43.636518104933202 16.027631426230073
leaf_count=186 23 360 272 11 177 7488 3530 132 264 282 450 422 374 106
internal_value=-0.000385032 -0.0117342 0.00168697 -0.027555 -0.00932669 0.00278151 0.0040289 0.00190251 -0.0213526 -0.0342261 -0.0519026 -0.0148725 0.0191934 -0.00316532
internal_weight=1983.38 305.48 1677.9 140.943 81.3908 1629.17 1549.89 164.537 79.2742 48.7308 59.5519 83.5855 80.9518 19.2454
internal_count=14077 2112 11965 998 537 11554 11018 1114 536 411 461 554 560 129
cat_boundaries=0 1 2
cat_threshold=1 3
is_linear=0
shrinkage=0.05


Tree=100
num_leaves=15
num_cat=2
split_feature=0 2 39 8 34 21 22 44 4 4 4 39 1 30
split_gain=19.0127 20.4603 40.7967 26.0505 54.5759 47.368 15.4993 9.73568 12.9054 17.7858 8.24552 7.32809 9.29251 8.20136
threshold=0 1.5000000000000002 19.350000000000005 33.150000000000013 24.550000000000004 23.050000000000004 78.173611000000008 32.20000000000001 0.19337368024598431 0.42179998225932674 0.10837544681456417 16.000000000000004 1 15.950000000000001
decision_type=1 2 2 2 2 2 2 2 2 2 2 2 1 2
left_child=7 2 6 4 -3 -5 -2 8 -1 -10 -4 12 -9 -13
right_child=1 3 10 5 -6 -7 -8 11 9 -11 -12 13 -14 -15
leaf_value=-0.025103169057834107 0.010934545165071934 0.0028547724684943772 0.016011181612125051 0.043930485154536035 -0.028131178441153627 0.0047495151067375556 -0.057527702152385223 0.095832215339932414 0.069516707830382607 -0.042296077631546247 -0.048988249494328132 -0.046609718315646004 -0.035897367624862848 -0.013431920333862543
leaf_weight=18.607582365162671 92.794039994478226 1014.1930902078748 4.8040796816349021 93.815275892615318 164.23828787356615 415.50283428281546 8.0723162293434125 1.6814990690909317 10.356532720848916 4.3838288099504998 65.649239435791969 45.935693690553308 1.8934994437731802 32.69128257362172
leaf_count=532 425 5112 22 446 870 2096 43 34 133 229 360 2701 39 1080
internal_value=-0.000350624 0.000922346 -0.0154853 0.00260149 -0.00148394 0.0120385 0.00494457 -0.0191035 0.00202462 0.0356888 -0.044394 -0.0298922 0.0334656 -0.0331571
internal_weight=1974.62 1859.07 171.32 1687.75 1178.43 509.318 100.866 115.55 33.3479 14.7404 70.4533 82.202 3.575 78.627
internal_count=14122 9374 850 8524 5982 2542 468 4748 894 362 382 3854 73 3781
cat_boundaries=0 1 2
cat_threshold=48 1
is_linear=0
shrinkage=0.05


Tree=101
num_leaves=9
num_cat=1
split_feature=0 36 20 35 4 36 31 4
split_gain=17.9405 16.8666 52.2817 33.7143 36.1381 25.436 19.8628 7.15181
threshold=0 94.500000000000014 33.650000000000013 68.461309500000013 0.46800856592688467 93.500000000000014 49.150000000000006 0.45273815774107123
decision_type=1 2 2 2 2 2 2 2
left_child=-1 2 7 4 -3 -4 -5 -2
right_child=1 3 5 6 -6 -7 -8 -9
leaf_value=-0.035127583661257337 -0.019556998730051504 -0.0034379374237225599 0.0047327597070869858 0.0014580333984937559 0.048069388898796132 -0.028598469204298038 -0.045333943414243037 -0.071364842749605237
leaf_weight=24.634746553376317 9.4721988560631853 58.501022141426802 276.3567346194759 1390.3013967010193 80.072654897347093 71.128868088126183 22.055763138458133 32.758159625343978
leaf_count=2350 66 362 1696 8345 466 441 148 196
internal_value=3.05561e-05 0.000672173 -0.00861 0.00301296 0.0264559 -0.00215249 0.000695758 -0.0604656
internal_weight=1965.28 1940.65 389.716 1550.93 138.574 347.486 1412.36 42.2304
internal_count=14070 11720 2399 9321 828 2137 8493 262
cat_boundaries=0 1
cat_threshold=16
is_linear=0
shrinkage=0.05


Tree=102
num_leaves=13
num_cat=0
split_feature=34 34 39 38 36 36 20 23 32 40 44 34
split_gain=16.8399 35.3076 35.5242 34.855 33.0374 39.2395 31.7681 11.4317 10.4069 8.23929 12.7534 4.33146
threshold=25.150000000000002 24.550000000000004 19.150000000000002 8.8104165000000005 94.500000000000014 93.500000000000014 31.250000000000004 93.500000000000014 28.075297500000001 39.650000000000013 34.400000000000013 25.650000000000002
decision_type=2 2 2 2 2 2 2 2 2 2 2 2
left_child=1 4 7 -4 5 -1 -6 -3 -2 10 -10 -11
right_child=8 2 3 -5 6 -7 -8 -9 9 11 -12 -13
leaf_value=-0.0048437700429524938 -0.048446271712424993 0.022122833158212934 0.035503426817557311 -0.021387009264974943 -0.0082752973941084811 -0.050387518062512217 0.0089671159755704832 -0.061914631314150627 -0.049090123682784766 0.042033382184234899 0.015281699508811628 -0.01837717169598754
leaf_weight=216.5395126095973 5.2462621992453924 3.905874772462993 33.850816654041409 117.7918960605748 369.59040536219254 59.604593520052731 956.69712391356006 50.042265739524737 7.301885080523788 35.790202839300036 109.70508139068261 2.6764533668756476
leaf_count=1502 39 31 214 836 2575 421 6795 452 50 267 889 21
internal_value=-0.000244162 -0.00162596 -0.0210804 -0.00853811 0.000881615 -0.0148205 0.00415964 -0.0555384 0.0152144 0.0176584 0.0108826 0.037471
internal_weight=1968.74 1808.02 205.591 151.643 1602.43 276.144 1326.29 53.9481 160.72 155.474 117.007 38.4667
internal_count=14092 12826 1533 1050 11293 1923 9370 483 1266 1227 939 288
is_linear=0
shrinkage=0.05


Tree=103
num_leaves=13
num_cat=2
split_feature=0 34 35 37 2 0 29 37 5 41 37 4
split_gain=19.332 18.7529 15.1626 18.7918 17.067 14.493 14.3262 37.5251 17.5214 9.93052 12.297 4.01179
threshold=0 21.050000000000004 88.145833500000023 68.500000000000014 9.5000000000000018 1 1.5000000000000002 29.500000000000004 0.80798785254895478 1.0500000000000003 50.500000000000007 0.21022171450811272
decision_type=1 2 2 2 2 1 2 2 2 2 2 2
left_child=1 9 4 -4 -3 -2 8 -8 -7 11 -11 -1
right_child=5 2 3 -5 -6 6 7 -9 -10 10 -12 -13
leaf_value=-0.01404341525996617 -0.034740245249283055 0.010940307611088156 -0.060043071803272889 0.041743400463873988 0.04246387648537335 0.018769281804250911 -0.062861108659277951 -0.0031479309243477856 -0.0052048622305271046 0.023034724569888625 -0.053939552858780597 -0.068000228623366479
leaf_weight=5.7492551207542446 23.801539769861847 293.95666560530663 13.491154842078688 5.7649058476090422 49.586291365325451 163.00622037798166 25.900448323227465 1209.3782321042381 141.72299985215068 15.770243585109712 6.5132333636283866 10.808386944234369
leaf_count=30 2342 1684 75 44 355 1005 166 7368 849 79 34 60
internal_value=-0.000256392 0.00938005 0.0131592 -0.0290137 0.0156004 -0.00277797 -0.00204109 -0.00444979 0.00763887 -0.0230093 -0.000814419 -0.0511319
internal_weight=1965.45 401.64 362.799 19.2561 343.543 1563.81 1540.01 1235.28 304.729 38.8411 22.2835 16.5576
internal_count=14091 2361 2158 119 2039 11730 9388 7534 1854 203 113 90
cat_boundaries=0 1 2
cat_threshold=1 16
is_linear=0
shrinkage=0.05


Tree=104
num_leaves=9
num_cat=1
split_feature=0 36 5 5 29 37 36 5
split_gain=16.1196 16.2755 54.0859 50.4828 24.9 48.6101 29.9287 6.09253
threshold=0 99.500000000000014 -0.7614016681079937 -0.55656394595157355 1.5000000000000002 29.500000000000004 95.500000000000014 -0.99273797715557011
decision_type=1 2 2 2 2 2 2 2
left_child=-1 4 7 -4 6 -6 -2 -3
right_child=1 2 3 -5 5 -7 -8 -9
leaf_value=-0.0343535394068736 -0.0014585708494186502 0.019456955601587632 -0.059339445659529047 0.0060454617950326476 -0.063800204821867629 -0.0036453038324988449 0.029399172795803365 0.049757646868384679
leaf_weight=23.016481030732393 211.21022572275251 24.059953831136227 31.95137687260285 282.569874801673 33.594504154287279 1157.5170172955841 124.04717423859984 69.918149024248123
leaf_count=2337 1320 143 184 1701 207 6988 709 438
internal_value=-0.000233196 0.000365791 0.00921932 -0.000763833 -0.00200575 -0.00539403 0.0100124 0.0422867
internal_weight=1957.88 1934.87 408.499 314.521 1526.37 1191.11 335.257 93.9781
internal_count=14027 11690 2466 1885 9224 7195 2029 581
cat_boundaries=0 1
cat_threshold=16
is_linear=0
shrinkage=0.05


Tree=105
num_leaves=15
num_cat=2
split_feature=0 5 33 39 44 5 34 37 44 43 19 1 20 33
split_gain=19.2091 34.1512 34.1108 26.9689 64.3452 25.4029 37.6678 23.9142 22.6073 16.6344 15.6359 19.3722 14.4622 3.34182
threshold=0 -0.72694848937061807 36.95000000000001 23.550000000000004 40.150000000000006 0.5475998096715059 23.550000000000004 67.500000000000014 35.45000000000001 10.500000000000002 31.933333000000001 1 31.550000000000004 38.100000000000009
decision_type=1 2 2 2 2 2 2 2 2 2 2 1 2 2
left_child=2 9 3 7 -5 8 -7 -1 -3 -2 13 -12 -11 -4
right_child=1 5 10 4 -6 6 -8 -9 -10 12 11 -13 -14 -15
leaf_value=0.0065569896562229285 -0.046644721882935003 -0.047066338141598316 0.051312265078214875 -0.092959228634628799 -0.0055726917138298211 -0.0085500866726204022 0.066611872828564414 -0.027076479961587303 -0.015098860877895214 -0.0081071709146626654 0.049849382855599755 -0.092419397964448424 0.024430321013291009 0.019388164121523173
leaf_weight=947.8243353664875 10.779623919166623 81.663809015415609 48.78690467774868 22.156861424446106 235.13903945684433 177.97263914206997 17.3817048817873 54.990108571946621 172.04967750096694 47.680527711287141 3.6447895020246497 4.0771475732326508 115.81404131278396 11.822689384222029
leaf_count=4959 159 986 321 109 1204 1915 180 285 2102 549 25 23 1206 76
internal_value=-0.000561864 -0.00772397 0.00283883 0.000980757 -0.0134287 -0.0151296 -0.00155735 0.00468754 -0.0255328 0.0108954 0.0370048 -0.0272516 0.0149497 0.0455008
internal_weight=1951.78 623.342 1328.44 1260.11 257.296 449.068 195.354 1002.81 253.713 174.274 68.3315 7.72194 163.495 60.6096
internal_count=14099 7097 7002 6557 1313 5183 2095 5244 3088 1914 445 48 1755 397
cat_boundaries=0 1 2
cat_threshold=13 1
is_linear=0
shrinkage=0.05


Tree=106
num_leaves=15
num_cat=3
split_feature=44 35 4 5 39 4 36 8 2 1 1 7 1 14
split_gain=16.4485 30.0785 34.2213 26.8787 20.5216 20.2362 42.6075 31.2601 11.8795 14.4453 4.70678 2.63974 2.36005 0.629435
threshold=46.600000000000001 86.961309500000013 0.93237596376505805 -0.96687281075841669 26.950000000000003 0.94425825643485939 96.500000000000014 33.550000000000004 7.5000000000000009 0 1 29.039583000000004 2 22.050000000000004
decision_type=2 2 2 2 2 2 2 2 2 1 1 2 1 2
left_child=4 2 3 -2 5 7 -7 -1 12 -10 13 -4 -3 -6
right_child=1 8 11 -5 10 6 -8 -9 9 -11 -12 -13 -14 -15
leaf_value=-5.1157856794310472e-05 0.03985464983023522 0.023600796980597263 0.03807342274873219 -0.053993496876801453 0.035029627840409638 -0.031612596439203576 0.015844538499145747 0.018188402728052781 0.030960137358452933 -0.041166876376247059 0.077172279270228489 0.0064198709428063454 0.058187973417249406 0.0078202446590698565
leaf_weight=1274.2374998095911 7.7499799542129031 11.743905762210488 9.1381041137501615 75.895229541696608 4.9650447741150856 123.2670341883786 75.57021201075986 287.00309397093952 12.718946916051209 13.07742711994797 9.1442606803029776 20.323691808618605 11.818614079616964 4.4404430249705911
leaf_count=9103 56 89 76 602 31 907 543 2073 90 91 58 165 87 29
internal_value=0.000568404 -0.0146107 -0.0287469 -0.0449301 0.00196235 0.00139568 -0.013587 0.00331132 0.0177103 -0.00577627 0.0529088 0.0171654 0.0426119 0.0241698
internal_weight=1941.09 162.466 113.107 83.6452 1778.63 1760.08 198.837 1561.24 49.3589 25.7964 18.5497 29.4618 23.5625 9.40549
internal_count=14000 1256 899 658 12744 12626 1450 11176 357 181 118 241 176 60
cat_boundaries=0 1 2 3
cat_threshold=1 1 1
is_linear=0
shrinkage=0.05


Tree=107
num_leaves=14
num_cat=1
split_feature=34 34 39 37 43 36 12 24 43 36 15 1 11
split_gain=15.3253 28.0215 34.2212 28.1821 28.1032 18.2002 14.5518 9.5555 8.21305 13.3481 3.97795 2.92979 3.75209
threshold=25.150000000000002 24.550000000000004 19.150000000000002 25.500000000000004 17.750000000000004 94.500000000000014 50.500000000000007 63.500000000000007 12.550000000000002 97.500000000000014 30.750000000000004 0 94.500000000000014
decision_type=2 2 2 2 2 2 2 2 2 2 2 1 2
left_child=1 3 6 -1 -4 -5 -3 8 9 -2 -10 12 -9
right_child=7 2 4 5 -6 -7 -8 11 10 -11 -12 -13 -14
leaf_value=-0.063583021511280188 0.016627967806605883 0.050329549825704228 -0.019807717612168763 -0.010599183097834579 0.029335950771413447 0.0037324562987984034 -0.060239219830462001 0.034529302984949106 0.042810921453251854 -0.039195467617199414 -0.0053117726911227209 -0.052793931373636395 -0.034293772904361815
leaf_weight=15.93047842569649 96.876055090688169 2.4324372992850831 110.08701118221506 266.38037233427167 38.44898194540292 1290.9906370220706 48.71502863895148 2.6670874371193332 34.881591246463358 11.068949919193981 4.6434507593512526 5.1271259237546474 3.313634539488703
leaf_count=153 804 21 795 1869 250 9178 462 23 273 77 34 44 24
internal_value=-0.000329903 -0.00166481 -0.0192599 0.000579174 -0.00697562 0.00127587 -0.0541166 0.014512 0.01792 0.0105965 0.0371658 -0.0284761 -0.00305253
internal_weight=1931.56 1772.98 199.683 1573.3 148.536 1557.37 51.1475 158.578 147.47 107.945 39.525 11.1078 5.98072
internal_count=14007 12728 1528 11200 1045 11047 483 1279 1188 881 307 91 47
cat_boundaries=0 1
cat_threshold=1
is_linear=0
shrinkage=0.05


Tree=108
num_leaves=15
num_cat=1
split_feature=2 39 0 40 4 5 26 33 36 4 25 4 9 33
split_gain=17.6325 36.8134 21.4264 19.8616 24.3818 22.5641 16.4949 13.0825 27.1851 8.30193 7.37565 6.81021 4.87135 3.20757
threshold=1.5000000000000002 19.350000000000005 0 0.35000000000000003 0.83849049182116964 0.5475998096715059 16.150000000000002 36.850000000000001 94.500000000000014 0.40614137006726808 8.2694445000000005 0.074116354202380164 21.350000000000005 33.95000000000001
decision_type=2 2 1 2 2 2 2 2 2 2 2 2 2 2
left_child=1 6 7 4 -4 -5 11 8 -2 -8 12 -1 -3 -12
right_child=2 10 3 5 -6 -7 9 -9 -10 -11 13 -13 -14 -15
leaf_value=0.015821335146675081 -0.020310659607322097 -0.007976776128226927 -0.0020497276638361392 -0.0061151062451203653 0.054926374156200324 0.0098572516462570609 0.011599905423259803 0.053690503391441408 0.016997948951518693 0.057035849168899533 -0.011262654445622374 -0.021322912976708061 -0.062834504520287465 -0.041651452194682449
leaf_weight=15.427247372455893 58.470438256859779 4.9288350520655504 41.597239851020277 1042.2976760712918 33.123091911897063 279.62893377942964 33.303886201232672 17.51078150421381 274.23017618060112 13.865061166696249 22.098156035877764 50.45622305944562 34.209854349028319 14.559733774513004
leaf_count=98 289 35 314 8018 242 2067 210 157 1673 90 136 307 269 135
internal_value=-6.2908e-05 -0.014535 0.00150906 -0.0012977 0.0235993 -0.00273155 0.0035814 0.0123593 0.0103999 0.0258624 -0.0412508 -0.0125187 -0.056297 -0.024118
internal_weight=1935.71 188.849 1746.86 1396.65 74.7203 1321.93 113.052 350.211 332.701 47.1689 75.7966 65.8835 39.1387 36.6579
internal_count=14040 1280 12760 10641 556 10085 705 2119 1962 300 575 405 304 271
cat_boundaries=0 1
cat_threshold=1
is_linear=0
shrinkage=0.05


Tree=109
num_leaves=15
num_cat=1
split_feature=0 2 39 5 33 34 37 44 5 44 5 11 20 30
split_gain=15.8235 16.5302 35.3406 18.8676 63.1053 60.1134 12.9694 8.59708 9.38873 8.36543 7.82409 6.92689 6.77009 6.45494
threshold=0 1.5000000000000002 19.350000000000005 0.53312596302726967 34.650000000000013 22.350000000000005 38.500000000000007 32.95000000000001 -0.86974577485258975 30.800000000000004 0.63089349388778826 89.500000000000014 33.95000000000001 15.950000000000001
decision_type=1 2 2 2 2 2 2 2 2 2 2 2 2 2
left_child=7 2 6 5 -5 -3 -2 9 13 12 -11 -4 -1 -9
right_child=1 3 11 4 -6 -7 -8 8 -10 10 -12 -13 -14 -15
leaf_value=-0.037356860817412844 0.022250823886025256 0.054410168792327823 -0.025963118558432131 6.9475100881674929e-05 0.046395960884848098 -0.0029211492363995697 -0.013653659513394759 -0.036819563441948755 -0.045315764557796706 -0.0076541592942155528 0.051565324848700057 -0.059099139319274588 0.045313478051298872 0.00971301576543631
leaf_weight=15.211399235762658 50.605826556682587 46.4843570291996 36.589954674243927 290.83572967350483 97.376258231699467 1231.2490178905427 48.131300151348114 11.071683030808346 40.776143733179197 11.48231701180339 9.4533365527167899 31.202197998762131 2.0504355062730601 18.686623925343156
leaf_count=530 233 228 204 1497 454 6365 227 378 2935 290 152 177 53 351
internal_value=-0.000516582 0.000633022 -0.0143356 0.00214079 0.011779 -0.000794498 0.00478709 -0.0181261 -0.0300048 -0.000609557 0.0202177 -0.0418518 -0.0255933 -0.0082338
internal_weight=1941.21 1832.47 166.529 1665.95 388.212 1277.73 98.7371 108.732 70.5345 38.1975 20.9357 67.7922 17.2618 29.7583
internal_count=14074 9385 841 8544 1951 6593 460 4689 3664 1025 442 381 583 729
cat_boundaries=0 1
cat_threshold=48
is_linear=0
shrinkage=0.05


Tree=110
num_leaves=15
num_cat=3
split_feature=43 43 43 0 20 43 43 37 34 1 1 43 35 9
split_gain=15.7857 21.2687 20.1622 20.1911 16.8583 27.9494 22.0716 12.1732 10.1463 5.01602 4.86503 2.51659 1.41308 0.00591091
threshold=37.550000000000004 31.350000000000005 35.100000000000001 0 31.250000000000004 18.250000000000004 21.950000000000003 67.500000000000014 24.850000000000005 1 2 43.800000000000004 82.389881000000017 26.350000000000005
decision_type=2 2 2 1 2 2 2 2 2 1 1 2 2 2
left_child=1 4 7 -4 6 -6 -1 -3 9 11 12 -2 -10 -12
right_child=8 2 3 -5 5 -7 -8 -9 10 -11 13 -13 -14 -15
leaf_value=0.00061420022677258906 -0.0017370339397397097 0.03875403855334611 0.022485452460134767 -0.035528826572811943 -0.0021442110004888377 0.014685597790479638 -0.02555763142387979 -0.0090626587336985337 -0.038016354886476589 -0.058131614672558646 0.048781914158274653 -0.03808545343755345 0.006596114720562961 0.022270034771688998
leaf_weight=181.92908548517153 9.5955912750214356 84.537332197185606 19.51039732247591 20.282549427356571 1098.0755894149188 317.10351754492149 143.50862507941201 15.364814582280813 3.1204419685527665 18.737388747744262 2.9079854651354253 8.6536044701933843 2.6713607362471521 3.178103587590158
leaf_count=1307 70 610 99 201 8039 2323 986 109 23 149 22 80 20 24
internal_value=4.81761e-05 0.000784114 0.0194834 -0.0104281 -0.000726941 0.0016346 -0.0109698 0.031383 -0.0277186 -0.0403678 0.0117456 -0.0200563 -0.0194981 0.0400341
internal_weight=1929.18 1880.31 139.695 39.7929 1740.62 1415.18 325.438 99.9021 48.8645 36.9866 11.8779 18.2492 5.7918 6.08609
internal_count=14062 13674 1019 300 12655 10362 2293 719 388 299 89 150 43 46
cat_boundaries=0 1 2 3
cat_threshold=6 1 1
is_linear=0
shrinkage=0.05


Tree=111
num_leaves=15
num_cat=1
split_feature=0 2 39 39 5 40 22 31 4 4 4 27 39 20
split_gain=17.0215 15.9178 25.1991 18.3547 59.7635 42.9189 10.9772 7.95037 7.10176 5.79623 15.4706 3.5113 5.71821 4.79726
threshold=0 1.5000000000000002 19.350000000000005 19.450000000000003 0.08054732823231521 75.550000000000011 78.173611000000008 33.300000000000004 0.29342972903661901 0.45273815774107123 0.19337368024598431 38.95000000000001 16.150000000000002 31.750000000000004
decision_type=1 2 2 2 2 2 2 2 2 2 2 2 2 2
left_child=7 2 6 4 -3 -5 -2 9 -4 10 -1 12 -9 -13
right_child=1 3 8 5 -6 -7 -8 11 -10 -11 -12 13 -14 -15
leaf_value=-0.018102700885685139 0.0070711336471788707 -0.018090066753169907 -0.021268297847550709 0.00014533522958437085 0.013238697519959151 0.022751585395097081 -0.051405426867180595 0.043642646053929944 -0.054993524433249064 -0.045716007892012835 0.041639807445063265 -0.036690350079588874 -0.047451167369258029 0.018415616682543236
leaf_weight=37.773741497658193 92.130937129259109 347.89975992962718 34.921757087111473 753.43534744158387 269.11286204308271 290.07561172544956 7.783718302845954 1.0607237303629506 30.688981398940086 7.6320706785190842 14.040535096544771 7.962561132386325 33.523669481044635 6.2266402654349804
leaf_count=1148 426 1756 200 3812 1390 1565 42 15 178 554 226 350 2270 158
internal_value=-0.00026742 0.000923616 -0.0138097 0.00240526 -0.00442657 0.0064452 0.00205134 -0.0185729 -0.0376318 -0.0077796 -0.00143189 -0.0350388 -0.0435093 -0.0128879
internal_weight=1934.27 1826.05 165.525 1660.52 617.013 1043.51 99.9147 108.22 65.6107 59.4463 51.8143 48.7736 34.5844 14.1892
internal_count=14090 9369 846 8523 3146 5377 468 4721 378 1928 1374 2793 2285 508
cat_boundaries=0 1
cat_threshold=48
is_linear=0
shrinkage=0.05


Tree=112
num_leaves=15
num_cat=1
split_feature=26 34 1 38 39 44 20 4 35 42 4 7 15 4
split_gain=16.7179 23.95 23.7075 21.775 16.6556 60.9625 24.2475 16.1908 12.0915 10.4718 10.1008 4.90586 1.40661 1.21767
threshold=14.65 20.350000000000005 0 7.830655000000001 23.550000000000004 39.800000000000004 30.950000000000003 -0.99054481509840819 85.610119000000012 2.5000000000000004 0.21022171450811272 27.568750000000005 0.55000000000000016 0.76696112484652035
decision_type=2 2 1 2 2 2 2 2 2 2 2 2 2 2
left_child=2 10 3 8 6 -6 -3 -4 -1 -9 12 -5 -2 -12
right_child=1 4 7 11 5 -7 -8 9 -10 -11 13 -13 -14 -15
leaf_value=0.025094232855750055 -0.012341059546479974 -0.013160408890825016 -0.08734198556163203 -0.011916489728811213 -0.08950178332395814 -0.00082765760281399271 0.0089989909721484799 0.02166843835075229 -0.0071842170212003528 -0.024253174985941484 -0.0578476149321141 -0.058840495459160626 0.016352903983128119 -0.025373988581482883
leaf_weight=73.743265360360965 14.679122782777997 138.85695193428546 8.644200718495993 10.34099058667198 19.456548010930419 369.53799481131136 1057.4238071837462 12.964708273299037 46.82545945676975 128.0475470602978 20.987441896228123 12.893670154502614 4.9183829901739946 6.0501329652033737
leaf_count=523 97 975 52 80 146 2764 7628 84 344 916 234 111 35 56
internal_value=0.000471814 0.00244904 -0.0104944 0.00400116 0.00349662 -0.00548104 0.00641802 -0.0243572 0.0126022 -0.0199083 -0.0324871 -0.0393096 -0.00469543 -0.0517452
internal_weight=1925.37 1631.91 293.46 143.803 1585.28 388.995 1196.28 149.656 120.569 141.012 46.6351 23.2347 19.5975 27.0376
internal_count=14045 11935 2110 1058 11513 2910 8603 1052 867 1000 422 191 132 290
cat_boundaries=0 1
cat_threshold=1
is_linear=0
shrinkage=0.05


Tree=113
num_leaves=15
num_cat=2
split_feature=34 36 39 4 37 34 39 0 24 40 44 1 11 4
split_gain=18.782 26.3062 39.394 51.5803 31.4126 29.7188 42.2083 26.0295 11.2497 7.81631 9.28785 3.06235 2.47329 1.04136
threshold=25.150000000000002 94.500000000000014 24.950000000000003 0.9550229469509578 25.500000000000004 24.450000000000003 19.750000000000004 0 63.500000000000007 39.650000000000013 35.100000000000001 1 94.500000000000014 0.57077594689671507
decision_type=2 2 2 2 2 2 2 1 2 2 2 1 2 2
left_child=1 2 3 -1 -4 7 -7 -3 9 10 -2 12 -10 -11
right_child=8 5 4 -5 -6 6 -8 -9 11 13 -12 -13 -14 -15
leaf_value=-0.014265147543968973 -0.033290701604270466 0.012786398294537097 -0.0668768380798518 -0.075253835176801787 0.023504084938684382 -0.046543064725752377 -0.00021703102265822023 -0.0019065220192928595 0.026826296720548572 0.048882688120661044 0.017364098492461198 -0.057460495569567595 -0.030722702305705025 0.028049065123510103
leaf_weight=170.67050748551264 8.99876596406102 492.22500950843096 9.9564129556529206 42.741772894747555 78.771652267780155 73.484198119258508 144.69253497314639 750.32659207470715 2.498851011740042 18.477096728049219 102.06907956022769 4.8200496232602745 3.0282926857471466 17.690833438653499
leaf_count=1192 65 2975 77 328 572 624 1019 5987 23 142 854 40 23 135
internal_value=-0.000283607 -0.00176533 -0.0151693 -0.0267738 0.0127299 0.00101565 -0.0159613 0.00400703 0.0161989 0.0197873 0.0129996 -0.0321068 -0.00458069 0.0397212
internal_weight=1920.45 1762.87 302.14 213.412 88.7281 1460.73 218.177 1242.55 157.583 147.236 111.068 10.3472 5.52714 36.1679
internal_count=14056 12774 2169 1520 649 10605 1643 8962 1282 1196 919 86 46 277
cat_boundaries=0 1 2
cat_threshold=5 1
is_linear=0
shrinkage=0.05


Tree=114
num_leaves=13
num_cat=2
split_feature=0 39 5 36 32 20 0 34 5 24 38 5
split_gain=17.0801 19.0118 30.3852 21.0696 40.3071 34.0796 11.5154 10.0308 44.2154 16.1362 6.13874 4.89775
threshold=0 15.050000000000002 0.08054732823231521 94.500000000000014 28.811607000000006 31.250000000000004 1 22.350000000000005 0.67007489853957602 32.500000000000007 5.6142855000000003 0.92191100909954782
decision_type=1 2 2 2 2 2 1 2 2 2 2 2
left_child=1 2 10 4 -3 -5 -2 8 -8 -9 -1 -4
right_child=6 3 11 5 -6 -7 7 9 -10 -11 -12 -13
leaf_value=-0.013512999565212243 -0.033425505058988038 -0.028030134719532362 0.023395931611626467 -0.0094773163470960962 0.019680119310747854 0.019279492116373878 0.050237259646252912 -0.030180820455660673 -0.0059628428036477207 -0.0033722211418202377 -0.07692949042509345 -0.016704661522974642
leaf_weight=5.354592069983485 21.194693925557658 100.02403281629086 21.138336509466175 134.0672308281064 77.869042538106441 436.70543692260981 44.91622629808262 59.147528382949531 146.48475722875446 847.64751535886899 18.421425387263298 10.741204448044298
leaf_count=25 2341 472 128 789 501 2634 282 412 928 5431 94 54
internal_value=0.000153263 0.00566766 -0.0222067 0.00784229 -0.00715268 0.0125201 -0.00382697 -0.00292992 0.00741824 -0.00515219 -0.0637693 0.00978767
internal_weight=1923.71 804.321 55.6556 748.666 177.893 570.773 1119.39 1098.2 191.401 906.795 23.776 31.8795
internal_count=14091 4697 301 4396 973 3423 9394 7053 1210 5843 119 182
cat_boundaries=0 1 2
cat_threshold=5 16
is_linear=0
shrinkage=0.05


Tree=115
num_leaves=15
num_cat=2
split_feature=32 36 35 39 35 4 37 8 4 29 10 37 1 1
split_gain=14.1878 23.8489 31.6247 23.8888 22.3353 28.2412 26.3359 21.6862 3.27497 2.93966 2.42242 1.91104 1.66829 1.06109
threshold=29.989881000000004 94.500000000000014 66.803571500000018 24.950000000000003 68.827381000000017 0.56369777965491019 35.500000000000007 33.650000000000013 0.98522604642031408 1.5000000000000002 69.291666500000005 34.500000000000007 0 1
decision_type=2 2 2 2 2 2 2 2 2 2 2 2 1 1
left_child=1 2 7 -4 5 -3 -6 -1 9 12 13 -11 -2 -10
right_child=8 4 3 -5 6 -7 -8 -9 10 11 -12 -13 -14 -15
leaf_value=-0.032615203205634526 0.0121231596734488 -0.0012468104925253288 -0.059387574753291678 0.00524560346585179 -0.037683566571291634 0.042678071875210451 0.00034164225121357042 0.003437922571769011 0.061995755548835865 0.030027507354158475 0.0025354289200536168 0.0098457604335693821 -0.018850858815129556 0.026826019236129636
leaf_weight=53.674183276249096 7.1888779797591251 77.148052937351167 54.16345657245256 19.090530346613377 46.150274863932282 68.517934713046998 1328.6291408005636 175.25757579086348 6.9105909336358318 23.511638170108199 3.8478425419889382 25.311720029450953 8.3645885386504215 6.600352965760977
leaf_count=397 70 582 394 148 330 486 9726 1248 53 228 35 209 72 54
internal_value=-0.000617485 -0.00153593 -0.0143407 -0.0426999 0.00101675 0.0195646 -0.000961297 -0.00512 0.019634 0.014039 0.0384885 0.0199722 -0.00466703 0.0478474
internal_weight=1904.37 1822.63 302.186 73.254 1520.45 145.666 1374.78 228.932 81.7356 64.3768 17.3588 48.8234 15.5535 13.5109
internal_count=14032 13311 2187 542 11124 1068 10056 1645 721 579 142 437 142 107
cat_boundaries=0 1 2
cat_threshold=1 1
is_linear=0
shrinkage=0.05


Tree=116
num_leaves=13
num_cat=1
split_feature=32 37 37 36 32 0 34 34 19 5 26 35
split_gain=14.3791 21.5409 15.8874 29.1778 16.3322 5.68645 12.0493 11.6208 4.03175 2.2308 1.76562 1.40066
threshold=29.851785500000002 25.500000000000004 26.500000000000004 94.500000000000014 26.821131000000005 0 26.150000000000002 26.050000000000004 31.451389000000002 -0.013976481981245098 22.750000000000004 72.267857500000005
decision_type=2 2 2 2 2 1 2 2 2 2 2 2
left_child=1 -1 4 -4 -3 7 9 11 -9 -7 -8 -2
right_child=5 2 3 -5 -6 6 10 8 -10 -11 -12 -13
leaf_value=-0.060520394740939287 0.057727243518608279 -0.030244827962251388 -0.017121550896829214 0.0013975003665367327 0.039738087396210646 -0.016849563166481337 0.048006395951626452 0.021291770732175162 -0.017305523473312035 -0.062104339218634556 0.010016783245500038 0.016050276033037551
leaf_weight=14.027341586770488 24.969641033560041 9.5345216591376794 246.75924763316289 1502.0313036767766 42.436011400073767 17.220300490036607 7.8181896512396616 18.896800629794601 9.3563137017190439 2.6300633200444308 5.6770284897647798 3.2074978947639456
leaf_count=154 187 79 1779 10954 305 202 97 122 62 30 65 17
internal_value=6.57663e-05 -0.000905142 -0.000407427 -0.00122388 0.0265704 0.0194861 -0.000952405 0.0268589 0.00835524 -0.0255366 0.0338189 0.0536957
internal_weight=1904.56 1814.79 1800.76 1748.79 51.9705 89.7758 33.3456 56.4303 28.2531 19.8504 13.4952 28.1771
internal_count=14053 13271 13117 12733 384 782 394 388 184 232 162 204
cat_boundaries=0 1
cat_threshold=13
is_linear=0
shrinkage=0.05


Tree=117
num_leaves=15
num_cat=1
split_feature=43 43 8 36 34 34 34 0 5 34 7 34 35 32
split_gain=15.2029 36.306 19.0639 30.1215 25.901 10.8822 10.5224 8.59819 11.4041 10.7888 9.12981 7.32509 5.34161 5.22638
threshold=35.100000000000001 31.350000000000005 33.550000000000004 95.500000000000014 22.350000000000005 23.350000000000005 23.250000000000004 0 -0.4831374111459158 24.850000000000005 28.058333500000003 24.550000000000004 85.610119000000012 26.868452500000004
decision_type=2 2 2 2 2 2 2 1 2 2 2 2 2 2
left_child=1 2 3 -1 -4 6 -3 8 11 13 -10 -2 -7 -9
right_child=7 5 4 -5 -6 12 -8 9 10 -11 -12 -13 -14 -15
leaf_value=-0.027508369222826647 0.037715892145913546 0.029632629064088686 0.035354907722627359 -0.0012018908881869031 0.002947102253969356 0.018105438898829509 -0.031174046072781122 -0.006370496628666459 -0.059149508620948005 0.024315802195489802 0.020749090996942693 -0.017945398313760262 0.049654480499960865 -0.054562242518184312
leaf_weight=119.22966716811061 17.9768610149622 15.483574063051492 72.903773043304682 1147.3892739212606 373.34410118171945 20.398815909866244 11.527289650868624 7.0333648687228552 9.6808027103543264 5.4924059896729878 4.7497100979089728 7.8697469346225253 49.993399578146636 34.279905737377703
leaf_count=969 95 119 513 8283 2826 151 74 65 52 54 24 55 371 338
internal_value=0.000143165 0.00112956 -0.000566829 -0.00369793 0.0083088 0.0306638 0.00349598 -0.020142 0.000859938 -0.0314547 -0.033211 0.020731 0.0408936 -0.0467023
internal_weight=1897.35 1810.27 1712.87 1266.62 446.248 97.4031 27.0109 87.0828 40.2771 46.8057 14.4305 25.8466 70.3922 41.3133
internal_count=13989 13306 12591 9252 3339 715 193 683 226 457 76 150 522 403
cat_boundaries=0 1
cat_threshold=3
is_linear=0
shrinkage=0.05


Tree=118
num_leaves=9
num_cat=3
split_feature=0 43 43 22 38 0 5 1
split_gain=14.1508 14.1935 35.3394 13.6156 12.9595 7.42159 11.8335 11.5383
threshold=0 35.100000000000001 31.350000000000005 55.000000000000007 6.7098215000000012 1 -0.3342621144462935 2
decision_type=1 2 2 2 2 1 2 1
left_child=-1 2 3 -2 -4 6 -3 -7
right_child=1 5 4 -5 -6 7 -8 -9
leaf_value=-0.033114880172711754 -0.068319206817767972 0.020375808357386394 0.001813097212131084 0.0001920420485737842 0.04281509369407957 -0.010197821291483689 -0.033758388084375389 -0.060564302067978616
leaf_weight=20.653589701745659 6.2829256085678926 26.299485266208649 26.99243734497577 1702.985132641159 67.17916857264936 22.639934860169888 15.018733710050581 22.8756542080082
leaf_count=2352 55 153 161 10528 435 173 78 172
internal_value=4.16925e-05 0.000593243 0.00155146 -9.95908e-05 0.0312052 -0.0190315 0.000295928 -0.0298517
internal_weight=1910.93 1890.27 1803.44 1709.27 94.1716 86.8338 41.3182 45.5156
internal_count=14107 11755 11179 10583 596 576 231 345
cat_boundaries=0 1 2 3
cat_threshold=16 3 1
is_linear=0
shrinkage=0.05


Tree=119
num_leaves=13
num_cat=3
split_feature=0 34 39 39 25 26 38 0 40 35 1 9
split_gain=14.8301 17.6128 13.8056 32.6128 31.8557 12.0305 11.572 11.5375 8.27226 6.66165 5.64372 2.25179
threshold=0 21.050000000000004 19.550000000000004 23.550000000000004 6.5777775000000007 10.500000000000002 14.349107500000001 1 1.0500000000000003 69.601190500000016 2 23.850000000000005
decision_type=1 2 2 2 2 2 2 1 2 2 1 2
left_child=1 8 4 -4 -3 11 7 -7 10 -10 -1 -2
right_child=5 2 3 -5 -6 6 -8 -9 9 -11 -12 -13
leaf_value=-0.015638649075691319 -0.0087298427003774087 0.028000826480777653 0.037654368351721118 -0.0033529033297334076 -0.018874197301048987 -0.032479482220664171 -0.057746492993849666 -0.0014105658122854489 0.024526511927016457 -0.028685722106453006 -0.077093630524325829 -0.064804515601965151
leaf_weight=7.3786207213997841 2.651693611405789 60.258647039532661 114.40013097971678 83.35345982760191 87.762878738343716 19.586079694330692 8.3901228101458383 1483.2409122302197 10.25265968590975 11.340175241231917 8.1585499644279462 8.1979813612997514
leaf_count=44 20 380 792 494 477 2287 110 9238 55 60 49 60
internal_value=-0.000568729 0.0080917 0.0118303 0.0204398 0.00026818 -0.00278614 -0.0024093 -0.00206217 -0.0239993 -0.00345235 -0.0506191 -0.052993
internal_weight=1904.97 382.905 345.775 197.754 148.022 1522.07 1511.22 1502.83 37.13 21.5928 15.5372 10.8497
internal_count=14066 2351 2143 1286 857 11715 11635 11525 208 115 93 80
cat_boundaries=0 1 2 3
cat_threshold=1 16 2
is_linear=0
shrinkage=0.05


Tree=120
num_leaves=15
num_cat=2
split_feature=0 37 20 36 40 25 11 44 27 1 5 39 43 2
split_gain=12.4737 12.8696 19.1347 28.7423 12.7124 10.5569 9.1525 9.0977 8.17144 8.68751 7.97219 7.42214 6.67935 2.35525
threshold=0 69.500000000000014 31.250000000000004 99.500000000000014 116.10000000000001 8.1826385000000013 94.500000000000014 32.95000000000001 0.35000000000000003 1 -0.99938741687870725 16.000000000000004 14.100000000000001 9.5000000000000018
decision_type=1 2 2 2 2 2 2 2 2 1 2 2 2 2
left_child=7 2 4 -4 -2 13 -7 8 9 -1 -9 -12 -10 -3
right_child=1 5 3 -5 -6 6 -8 10 12 -11 11 -13 -14 -15
leaf_value=-0.0073137683674223053 -0.01437208568815217 -0.038273735960624625 -0.00082113521825244538 0.017482330467214438 0.015107731962529443 -0.02502094021157026 0.050647219050946095 0.034781002990413923 -0.040158184206742581 0.088965930321726755 0.036204799806875201 -0.037462669719516666 0.0077327962702997679 0.0056762339283639588
leaf_weight=4.2544847731478495 292.09946217387915 4.5906716734170896 1149.4568853229284 262.66506078839302 40.954340126365423 3.9964462071657172 28.91253750026226 3.7939550261944524 10.827197470469402 3.8590884851291776 2.8574236482381812 58.564390005310997 18.27751880697906 6.2192902565002441
leaf_count=89 1452 19 5981 1450 231 25 155 50 370 81 51 3532 485 30
internal_value=-0.000292716 0.000724018 4.93555e-05 0.00259341 -0.0107127 0.0272138 0.0409912 -0.0163714 0.00177856 0.0432172 -0.0290723 -0.0335105 -0.0108252 -0.0146484
internal_weight=1891.33 1788.89 1745.18 1412.12 333.054 43.7189 32.909 102.434 37.2183 8.11357 65.2158 61.4218 29.1047 10.81
internal_count=14001 9343 9114 7431 1683 229 180 4658 1025 170 3633 3583 855 49
cat_boundaries=0 1 2
cat_threshold=48 1
is_linear=0
shrinkage=0.05


Tree=121
num_leaves=13
num_cat=3
split_feature=0 33 38 39 39 39 4 44 0 44 1 38
split_gain=14.6689 22.2092 26.0423 29.9454 22.7824 33.3766 16.1092 14.6092 9.75106 8.94833 26.4226 16.8311
threshold=0 31.250000000000004 6.4553575000000007 15.050000000000002 21.850000000000005 16.000000000000004 -0.99467753128998015 52.750000000000007 1 31.500000000000004 2 7.4404760000000012
decision_type=1 2 2 2 2 2 2 2 1 2 1 2
left_child=1 4 6 -4 5 -1 -3 -6 -2 10 -10 -11
right_child=8 2 3 -5 7 -7 -8 -9 9 11 -12 -13
leaf_value=0.010811225738408167 -0.032115137708435403 -0.056985258746972758 -0.052416912996968934 0.0063912889342594512 0.044896368700090318 -0.064442583965314812 0.037738596431241514 -0.053369494542457679 0.0060136203248166483 0.0099665170541727126 -0.032094673549763336 -0.0052699811547182443
leaf_weight=23.880691558122635 19.006129533285275 3.8687932640314093 21.465241335332394 597.21399692818522 16.837816402316097 36.434010997414589 85.303158283233643 3.89879485964775 89.812199965119362 250.35530124418437 90.611710844561458 648.93742270441726
leaf_count=125 2363 17 116 3492 131 181 596 21 550 1537 550 4358
internal_value=-0.000135785 0.00502732 0.00793581 0.00426963 -0.0195481 -0.0349566 0.0330425 0.0248156 -0.00385485 -0.00303852 -0.0131964 -0.00102191
internal_weight=1887.63 788.903 707.851 618.679 81.0513 60.3147 89.172 20.7366 1098.72 1079.72 180.424 899.293
internal_count=14037 4679 4221 3608 458 306 613 152 9358 6995 1100 5895
cat_boundaries=0 1 2 3
cat_threshold=5 16 1
is_linear=0
shrinkage=0.05


Tree=122
num_leaves=11
num_cat=1
split_feature=26 13 38 44 34 5 33 5 1 11
split_gain=13.4149 13.4917 17.6215 22.2998 20.7969 17.4212 22.4556 15.9794 2.69657 2.37151
threshold=10.500000000000002 6.7479170000000011 11.053273500000001 48.050000000000004 22.550000000000004 -0.80417042486635371 32.050000000000004 -0.30982845708428081 0 98.500000000000014
decision_type=2 2 2 2 2 2 2 2 1 2
left_child=8 5 3 -3 -4 6 -2 -7 9 -1
right_child=1 2 4 -5 -6 7 -8 -9 -10 -11
leaf_value=0.012412584592698117 -0.067674703911098283 -0.0039036619241261763 -0.03857757183534042 -0.043247970931663604 0.012391064449925588 -0.017627959150417264 0.028329161253215402 0.0070525393910544831 -0.068466139239370324 -0.043098134711129416
leaf_weight=2.7947757537476701 5.4877773309126487 1021.7992719968315 20.656008522026241 36.348248704336584 267.99858966656029 81.076812871731818 117.32978568645194 325.53822907223366 6.943629304645583 3.3904938467312604
leaf_count=21 33 7533 158 270 2112 557 911 2391 49 24
internal_value=-1.42525e-05 0.000351073 -0.00230758 -0.00529473 0.00862318 0.0071059 0.0235276 0.00210021 -0.0485522 -0.0197792
internal_weight=1889.36 1876.23 1346.8 1058.15 288.655 529.433 122.818 406.615 13.1289 6.18527
internal_count=14059 13965 10073 7803 2270 3892 944 2948 94 45
cat_boundaries=0 1
cat_threshold=1
is_linear=0
shrinkage=0.05


Tree=123
num_leaves=15
num_cat=2
split_feature=0 33 22 2 39 39 35 8 34 39 4 26 2 1
split_gain=16.9849 19.1411 30.3335 25.4716 21.0403 24.8871 14.555 13.1955 12.2076 20.0251 17.3613 15.0568 14.6315 6.40153
threshold=0 31.250000000000004 88.861111000000008 8.5000000000000018 21.850000000000005 17.850000000000005 87.095238000000009 29.150000000000002 21.550000000000004 14.65 0.89017062131308955 19.750000000000004 10.500000000000002 1
decision_type=1 2 2 2 2 2 2 2 2 2 2 2 2 1
left_child=1 4 3 -3 5 -1 -6 -4 10 13 11 -2 -11 -10
right_child=8 2 7 -5 6 -7 -8 -9 9 12 -12 -13 -14 -15
leaf_value=0.0017877829418802796 0.012818637701632453 0.0055159852379843902 0.0018774761238591689 0.030617906683114524 -0.052773568927038286 -0.063305446775924507 0.044573770347962956 -0.083864723409832642 -0.019764150170308217 -0.0068481638908695838 0.066705431876434282 -0.031746717410467161 0.013218824740116762 -0.067882703412503007
leaf_weight=27.451935455203056 98.685993880731985 560.13298987969756 6.9206075966358211 122.49849996715784 3.979247689247134 30.43972534686327 17.006027452647686 11.54002423584461 14.131047231145203 834.6259359929245 11.329684576950966 22.41702640755102 100.98397073475644 15.09027983690612
leaf_count=140 799 3231 42 868 22 153 137 56 127 7148 88 246 799 139
internal_value=1.66319e-05 0.00561344 0.00831753 0.0100587 -0.0175222 -0.0329323 0.0245539 -0.0532765 -0.00397813 -0.00596968 0.010169 0.00437684 -0.00467046 -0.0460372
internal_weight=1877.23 779.969 701.092 682.631 78.8769 57.8917 20.9853 18.4606 1097.26 964.831 132.433 121.103 935.61 29.2213
internal_count=13995 4649 4197 4099 452 293 159 98 9346 8213 1133 1045 7947 266
cat_boundaries=0 1 2
cat_threshold=5 1
is_linear=0
shrinkage=0.05


Tree=124
num_leaves=15
num_cat=3
split_feature=0 5 5 1 26 33 39 44 22 1 21 39 39 37
split_gain=13.2141 27.8918 22.9996 35.1542 20.592 20.1206 22.4004 44.6721 20.5719 14.7827 24.0732 13.561 12.944 12.3191
threshold=0 -0.71502926860092908 0.56191161272202661 1 16.250000000000004 36.95000000000001 23.450000000000003 39.800000000000004 88.145833500000023 2 27.050000000000004 24.650000000000002 18.150000000000002 25.500000000000004
decision_type=1 2 2 1 2 2 2 2 2 1 2 2 2 2
left_child=5 11 4 -4 -3 6 8 -8 -1 13 -11 12 -2 -7
right_child=1 2 3 -5 -6 9 7 -9 -10 10 -12 -13 -14 -15
leaf_value=0.0070168836204122544 -0.010434807331538594 -0.050307038751459213 0.021769259899130079 -0.02143610660063781 -0.015316763040816146 -0.02189940708262042 -0.089005867528171745 -0.0061897869973515096 -0.019041845914179539 0.02282702232588631 -0.090976347902660223 -0.01816446447732737 0.025643368318644638 0.065368977876302692
leaf_weight=875.67003897204995 31.638286907924339 53.967167146271095 92.581475149141625 93.748121352866292 186.21716030780226 4.2158466577529934 16.47780105471611 241.69669819623232 81.938910622149706 31.601102311164141 4.4240624085068694 32.2175399789121 107.53956990130246 27.449234548956156
leaf_count=4761 389 668 1008 1021 2379 29 85 1271 436 211 26 415 1138 206
internal_value=-0.00014702 -0.00621974 -0.0131613 3.29293e-05 -0.0233547 0.00271192 0.00124452 -0.0117985 0.0047696 0.0290609 0.00677174 0.0106695 0.017426 0.0534355
internal_weight=1881.38 597.909 426.514 186.33 240.184 1283.47 1215.78 258.174 957.609 67.6902 36.0252 171.395 139.178 31.6651
internal_count=14043 7018 5076 2029 3047 7025 6553 1356 5197 472 237 1942 1527 235
cat_boundaries=0 1 2 3
cat_threshold=13 1 1
is_linear=0
shrinkage=0.05


Tree=125
num_leaves=15
num_cat=0
split_feature=38 44 27 34 25 37 6 5 30 5 25 22 34 41
split_gain=13.2437 29.6093 23.7468 22.3214 21.0096 24.0933 22.0139 16.9858 16.2192 7.42084 7.16472 6.71912 3.80873 3.63463
threshold=11.053273500000001 48.050000000000004 28.950000000000003 22.550000000000004 9.8888890000000007 67.500000000000014 2.5000000000000004 0.6174544326165855 8.8500000000000032 0.33222858587828868 13.424305500000001 87.465277500000013 23.450000000000003 1.4500000000000002
decision_type=2 2 2 2 2 2 2 2 2 2 2 2 2 2
left_child=1 4 10 9 5 -1 -6 8 -5 -2 -3 -4 -9 -11
right_child=3 2 11 7 6 -7 -8 12 -10 13 -12 -13 -14 -15
leaf_value=0.0029939792057594888 0.023073892976089094 -0.07876765311516043 0.042717904147550008 0.00067151102245789239 -0.034391776892409846 -0.028802864016706266 -0.0030177513278791266 0.07808743457921688 0.028761034794719132 -0.069178907581312329 0.0036930958537205005 -0.021022022382424514 0.033238703343699404 -0.019043562907284223
leaf_weight=1252.8038151252549 3.4115866245701936 24.152107520261783 6.4203338203951708 163.56331605999731 87.627133060246706 61.55005314736627 152.05001432355493 9.2255890392698365 73.966952118789777 10.661589678842576 2.8448558016680172 8.4045283456798625 14.108503174968062 6.6870577665977171
leaf_count=9284 31 187 46 1344 626 450 1114 65 596 84 22 68 96 46
internal_value=-0.000366992 -0.00213255 -0.0431484 0.00960984 -0.0010017 0.0014842 -0.0145835 0.0136227 0.0095025 -0.0391233 -0.0702567 0.00753744 0.0534508 -0.0519452
internal_weight=1877.48 1595.85 41.8218 281.625 1554.03 1314.35 239.677 260.864 237.53 20.7602 26.997 14.8249 23.3341 17.3486
internal_count=14059 11797 323 2262 11474 9734 1740 2101 1940 161 209 114 161 130
is_linear=0
shrinkage=0.05


Tree=126
num_leaves=13
num_cat=2
split_feature=0 33 38 39 39 39 4 44 0 34 5 43
split_gain=12.548 17.3786 27.599 31.8954 19.7371 28.4717 19.0522 10.6579 9.30728 9.44509 17.2978 13.8798
threshold=0 31.250000000000004 6.4422620000000004 15.050000000000002 21.250000000000004 17.850000000000005 -0.99467753128998015 52.750000000000007 1 21.550000000000004 0.69521084835931835 19.200000000000006
decision_type=1 2 2 2 2 2 2 2 1 2 2 2
left_child=1 4 6 -4 5 -1 -3 -6 -2 10 -10 -11
right_child=8 2 3 -5 7 -7 -8 -9 9 11 -12 -13
leaf_value=0.0027548195524105933 -0.031677468973092635 -0.058506624589567659 -0.054008202430533891 0.0056862106142378356 0.038166784289223002 -0.066260864538670597 0.03980781270006542 -0.049909792493960596 0.042059876737157637 -0.0092005503361412121 -0.00063647452544796969 0.0034689640421693355
leaf_weight=29.38209068775177 18.322849007789046 4.386772856116294 22.260065771639347 590.65597352012992 18.104012802243236 29.249683305621147 78.726393662393093 3.2851397246122351 30.307990287430584 608.48533724248409 97.782602143939584 334.31925537483767
leaf_count=150 2356 19 118 3480 145 143 574 19 202 4017 644 2121
internal_value=-0.000299053 0.00452476 0.00712541 0.00343377 -0.0173462 -0.0322089 0.0339848 0.0230142 -0.0037441 -0.00294895 0.00971362 -0.00470902
internal_weight=1865.27 776.05 696.029 612.916 80.0209 58.6318 83.1132 21.3892 1089.22 1070.9 128.091 942.805
internal_count=13988 4648 4191 3598 457 293 593 164 9340 6984 846 6138
cat_boundaries=0 1 2
cat_threshold=5 16
is_linear=0
shrinkage=0.05


Tree=127
num_leaves=15
num_cat=2
split_feature=0 34 39 2 39 29 37 0 39 20 36 5 5 8
split_gain=13.5971 14.9974 12.5108 26.5576 23.1714 12.2661 25.6808 14.4769 12.4653 12.0905 9.39114 9.09088 7.4063 6.77327
threshold=0 21.050000000000004 19.550000000000004 9.5000000000000018 23.550000000000004 1.5000000000000002 29.500000000000004 1 18.150000000000002 36.150000000000013 94.500000000000014 0.97648852793709995 0.98770287048522643 33.45000000000001
decision_type=1 2 2 2 2 2 2 1 2 2 2 2 2 2
left_child=1 12 3 -3 -4 7 9 11 -8 -7 -9 -2 13 -1
right_child=5 2 4 -5 -6 6 8 10 -10 -11 -12 -13 -14 -15
leaf_value=-0.039563144064845651 0.019861700594947563 -0.011486934149370635 0.035695313853865068 0.036799840803528515 0.00019416475962196289 -0.074975080678874248 -0.010956642500094762 -0.023840664823020552 0.00037889446623235465 0.0025709464072222886 0.0060364634415237652 -0.013386560289787517 0.031284852483748099 0.019133001248164264
leaf_weight=26.735692769289017 169.00818604649976 105.90612860396504 109.7478012740612 37.81553976982832 78.591190051287413 17.374495477182794 338.16285561071709 49.032300734659657 850.97663350286894 6.8302443926222614 54.782261029817164 22.681657560169697 5.0605245232582083 5.3398066386580458
leaf_count=151 1213 577 790 280 477 159 2582 461 6637 53 463 158 28 29
internal_value=0.000444582 0.00889699 0.0125173 0.0013846 0.0209605 -0.00167597 -0.00391221 0.0074318 -0.00285116 -0.0538588 -0.00745616 0.0150952 -0.0206212 -0.0295086
internal_weight=1878.05 369.197 332.061 143.722 188.339 1508.85 1213.34 295.504 1189.14 24.2047 103.815 191.69 37.136 32.0755
internal_count=14058 2332 2124 857 1267 11726 9431 2295 9219 212 924 1371 208 180
cat_boundaries=0 1 2
cat_threshold=1 44
is_linear=0
shrinkage=0.05


Tree=128
num_leaves=14
num_cat=3
split_feature=32 36 20 5 35 1 4 5 19 1 0 34 34
split_gain=12.4634 13.0903 30.0632 26.3073 25.3715 18.5008 13.9537 5.56176 4.14226 11.1556 7.69555 5.27557 4.30522
threshold=29.989881000000004 94.500000000000014 33.650000000000013 0.14888728888808322 68.827381000000017 0 0.46800856592688467 0.93469109537144635 31.933333000000001 1 2 26.050000000000004 26.150000000000002
decision_type=2 2 2 2 2 1 2 2 2 1 1 2 2
left_child=1 2 7 -4 6 -6 -3 -1 10 -10 11 -2 -12
right_child=8 4 3 -5 5 -7 -8 -9 9 -11 12 -13 -14
leaf_value=-0.058195778617524889 0.056369551345746595 0.0025298618251656971 -0.04481987444584988 0.0019833142737581896 0.0047390555613180674 -0.0069414586720895517 0.034360576965120647 0.002973223881984659 0.042985942214771679 -0.049067393871134651 -0.01793120398428015 0.019295533970487562 0.0228719199146077
leaf_weight=33.584278050810099 23.427789729088545 59.349500189302489 33.717841132776812 221.53203750611283 670.99902291584294 683.17083842377178 81.563123445492238 4.0576105571817598 5.0000371849164349 6.3264208836480975 17.526022362522784 18.316542644053698 8.9495491120032948
leaf_count=274 187 448 279 1588 5052 5036 596 33 46 46 207 123 110
internal_value=-7.69183e-05 -0.000943127 -0.01059 -0.00435004 0.000952547 -0.00115447 0.0210664 -0.0516958 0.019163 -0.00824009 0.023766 0.0331734 -0.00279191
internal_weight=1867.52 1787.97 292.892 255.25 1495.08 1354.17 140.913 37.6419 79.5464 11.3265 68.2199 41.7443 26.4756
internal_count=14025 13306 2174 1867 11132 10088 1044 307 719 92 627 310 317
cat_boundaries=0 1 2 3
cat_threshold=1 1 13
is_linear=0
shrinkage=0.05


Tree=129
num_leaves=15
num_cat=3
split_feature=0 43 43 8 44 44 4 4 0 40 1 5 39 37
split_gain=15.2411 13.528 36.3704 16.3741 10.7142 8.81401 11.7133 12.6014 8.29057 10.4935 7.18545 6.07368 6.53887 4.37821
threshold=0 35.100000000000001 31.350000000000005 33.150000000000013 37.250000000000007 32.600000000000001 0.17646842360078757 0.42179998225932674 1 104.95000000000002 2 -0.99938741687870725 16.000000000000004 57.500000000000007
decision_type=1 2 2 2 2 2 2 2 1 2 1 2 2 2
left_child=5 2 3 -2 -4 6 13 -8 9 -3 -10 -7 -13 -1
right_child=1 8 4 -5 -6 11 7 -9 10 -11 -12 12 -14 -15
leaf_value=-0.047486320225334354 -0.0029374118895894915 0.029573104283301739 0.017350891610815492 0.0078868197807746756 0.053288040995711841 0.027928511836079452 0.056061089650609131 -0.040881665457360827 -0.014727447819350896 -0.020808832634012998 -0.056155202871576326 0.030193636310743538 -0.036957831496444091 0.0033071432172389957
leaf_weight=9.3390744337812119 1089.7596453092992 17.939893499016762 47.27232987433672 513.04057011753321 38.145725209265947 3.5852256189100435 11.912767774425445 3.7163466732017687 20.824558399617672 21.756591349840164 22.184116836637259 3.1236181752756229 61.179470334900543 6.9866561088711014
leaf_count=327 5752 103 240 2709 243 50 140 239 110 125 116 56 3644 228
internal_value=0.000137856 0.00125535 0.00223399 0.000530075 0.0338305 -0.0178533 0.00201913 0.0319375 -0.0183591 0.00170768 -0.0300568 -0.0296923 -0.0332834 -0.0268128
internal_weight=1870.77 1770.92 1688.22 1602.8 85.4181 99.8432 31.9548 15.6291 82.7052 39.6965 43.0087 67.8883 64.3031 16.3257
internal_count=14082 9398 8944 8461 483 4684 934 379 454 228 226 3750 3700 555
cat_boundaries=0 1 2 3
cat_threshold=48 3 1
is_linear=0
shrinkage=0.05


Tree=130
num_leaves=15
num_cat=1
split_feature=43 39 40 25 43 40 2 8 31 0 37 44 29 33
split_gain=13.5933 37.0872 51.0522 31.8261 25.3923 23.9419 48.15 52.7549 23.7053 21.5789 15.0959 27.924 23.1621 11.396
threshold=18.250000000000004 18.850000000000005 70.200000000000003 6.8013890000000012 35.100000000000001 14.050000000000002 6.5000000000000009 33.150000000000013 49.150000000000006 0 32.500000000000007 41.600000000000001 1.5000000000000002 31.550000000000004
decision_type=2 2 2 2 2 2 2 2 2 1 2 2 2 2
left_child=5 2 13 -4 8 10 7 -7 -3 -8 12 -12 -1 -2
right_child=1 4 3 -5 -6 6 9 -9 -10 -11 11 -13 -14 -15
leaf_value=0.0045364133143486101 -0.021838013257405219 0.024086691722898592 -0.005140411348689377 -0.046537173352118461 -0.014876060811811576 -0.044819790529277953 0.027263715761495794 0.0070906209662702328 -0.038910772189653241 -0.0047022947218951054 0.0051532373394781476 0.049988331271177695 -0.025437505195821178 0.027239753995638577
leaf_weight=192.10811306210235 12.867109420243649 318.60759979463182 108.37417553644627 80.603414274519309 56.430941520724446 153.5394824212417 56.559018284082413 71.268781490274705 14.788722101831807 232.89933678181842 354.08559861290269 37.548587808618322 95.813496306771412 88.525906734867021
leaf_count=1539 86 2486 757 601 430 1114 371 553 109 1845 2541 262 744 650
internal_value=0.000243611 0.00588024 -0.00763285 -0.0229491 0.0159395 -0.00297017 -0.0110991 -0.0284046 0.0211843 0.00239285 0.00318878 0.00956824 -0.00549172 0.0208592
internal_weight=1874.02 680.198 290.371 188.978 389.827 1193.82 514.267 224.808 333.396 289.458 679.556 391.634 287.922 101.393
internal_count=14088 5119 2094 1358 3025 8969 3883 1667 2595 2216 5086 2803 2283 736
cat_boundaries=0 1
cat_threshold=1
is_linear=0
shrinkage=0.05


Tree=131
num_leaves=15
num_cat=1
split_feature=43 43 39 33 5 35 44 42 38 31 0 39 30 25
split_gain=11.7182 31.808 24.0374 38.5019 18.0342 46.2686 23.8124 29.7444 21.6083 16.4612 16.3887 14.1002 7.28873 6.79931
threshold=18.250000000000004 21.950000000000003 21.250000000000004 31.850000000000005 -0.98212955754013376 84.776786000000016 45.20000000000001 2.5000000000000004 11.015178500000001 50.20000000000001 0 18.250000000000004 14.250000000000002 6.5159725000000011
decision_type=2 2 2 2 2 2 2 2 2 2 1 2 2 2
left_child=4 9 3 -3 5 13 8 -8 -6 11 -4 -2 -7 -1
right_child=1 2 10 -5 6 12 7 -9 -10 -11 -12 -13 -14 -15
leaf_value=-0.010292813286220434 0.0052753842986075035 -0.031803141977666947 0.023703931363608009 0.0039721510315513337 -0.0024120639167864422 -0.018343209679224599 0.017159548530483817 -0.037824852404801206 0.01756184319564524 -0.067739957019392963 -0.0075942618985303384 0.035316266138029705 0.037928796135354957 -0.080929310313442915
leaf_weight=4.2668064348399666 58.772257699863985 120.27199522906449 110.82171420007944 197.48950573103502 855.98481630079914 7.8293569386005428 33.3738934379071 87.581362930592149 159.81548588653095 3.937390308128669 61.173463575541973 117.8614898303058 16.550575954839587 25.761989039368927
leaf_count=33 436 839 676 1479 6323 55 266 730 1234 33 683 938 120 191
internal_value=-0.00014507 0.00513871 -0.00148516 -0.00962601 -0.00312033 -0.0309757 -0.00176103 -0.0226373 0.000744605 0.0230136 0.0135238 0.0254066 0.0198469 -0.0715477
internal_weight=1861.49 670.328 489.757 317.762 1191.16 54.4087 1136.76 120.955 1015.8 180.571 171.995 176.634 24.3799 30.0288
internal_count=14036 5084 3677 2318 8952 399 8553 996 7557 1407 1359 1374 175 224
cat_boundaries=0 1
cat_threshold=7
is_linear=0
shrinkage=0.05


Tree=132
num_leaves=15
num_cat=4
split_feature=0 33 4 35 33 43 43 43 43 34 27 1 0 1
split_gain=12.3017 14.7016 20.1562 18.5524 16.016 11.647 10.395 12.8977 12.1587 9.29061 9.27703 6.71754 5.57258 12.2742
threshold=0 31.250000000000004 -0.37447345805034538 87.955357000000006 34.550000000000004 26.900000000000002 37.550000000000004 31.450000000000003 35.100000000000001 18.800000000000004 33.150000000000013 1 2 3
decision_type=1 2 2 2 2 2 2 2 2 2 2 1 1 1
left_child=1 5 3 -3 -4 10 7 9 -9 -2 -1 -7 13 -8
right_child=6 2 4 -5 -6 11 12 8 -10 -11 -12 -13 -14 -15
leaf_value=-0.019963087722919937 0.033223314931359639 0.040768639715586981 -0.0056294663271873151 -0.031653846007871737 0.020685045565814963 -0.017150866075649696 0.060399939494092628 0.02830085140259879 -0.0091951918021323104 -0.0027842073238734753 0.041338417902474583 -0.092620845697741344 -0.03477031751754419 -0.037308746278848115
leaf_weight=19.121394120156769 17.16222168924287 76.982560187578201 147.1696978546679 9.2316204011440259 93.915167242288589 6.079556889832018 5.8065799027681351 66.780616421950981 31.155936931725591 1333.1891771841329 7.9030411541461936 5.9683537930250168 22.976948390132748 5.1695562526583672
leaf_count=107 125 549 899 60 606 34 31 532 244 10470 59 31 251 29
internal_value=0.000375736 0.00843757 0.012137 0.0327398 0.00466451 -0.0199759 -0.00166693 -0.00102718 0.0164001 -0.00230232 -0.00120065 -0.0587707 -0.0286227 0.00823341
internal_weight=1848.61 366.371 327.299 86.2142 241.085 39.0723 1482.24 1448.29 97.9366 1350.35 27.0244 12.0479 33.9531 10.9761
internal_count=14027 2345 2114 609 1505 231 11682 11371 776 10595 166 65 311 60
cat_boundaries=0 1 2 3 4
cat_threshold=1 1 8 1
is_linear=0
shrinkage=0.05


Tree=133
num_leaves=11
num_cat=1
split_feature=44 39 44 37 4 4 0 32 32 32
split_gain=13.6532 13.5305 33.0705 27.4133 22.3604 20.9324 9.34382 0.815085 0.00385633 0.419117
threshold=52.000000000000007 26.050000000000004 48.050000000000004 25.500000000000004 0.94704596667653973 -0.59869031648930193 0 26.835714500000005 27.371131000000002 27.455059500000001
decision_type=2 2 2 2 2 2 1 2 2 2
left_child=1 2 4 -3 -1 -4 -5 -2 -9 -10
right_child=7 3 5 6 -6 -7 -8 8 9 -11
leaf_value=0.0023670613780700234 -0.014750107518441075 -0.060429726201340753 0.0092329050627541539 0.032268210120607869 -0.0167055790175616 -0.069576451415805027 -0.0020159955365899058 -0.055451012952693807 -0.0081254491374492168 -0.039827599337297133
leaf_weight=1527.5901241858955 3.4875758043490377 9.4831932908855361 11.796724227722732 72.645715281367302 169.84963930258527 26.722875544801354 32.972837798530236 7.6192949528340232 2.023605396039784 4.7314842997584492
leaf_count=11427 33 83 99 410 1316 218 399 76 24 66
internal_value=7.13333e-05 0.000502342 -0.000602538 0.0170278 0.000449898 -0.045818 0.024484 -0.0422533 -0.0475328 -0.032603
internal_weight=1868.92 1851.06 1735.96 115.102 1697.44 38.5196 105.619 17.862 14.3744 6.75509
internal_count=14151 13952 13060 892 12743 317 809 199 166 90
cat_boundaries=0 1
cat_threshold=13
is_linear=0
shrinkage=0.05


Tree=134
num_leaves=15
num_cat=2
split_feature=34 34 26 4 36 40 0 24 5 43 44 43 1 7
split_gain=11.3889 18.6515 34.1146 22.8974 20.3802 40.8699 18.9101 8.95033 6.64713 6.6048 10.2689 3.79045 2.86576 1.30461
threshold=25.150000000000002 24.550000000000004 17.950000000000003 0.99552231814189462 96.500000000000014 14.050000000000002 0 63.500000000000007 -0.99864786094873803 12.550000000000002 35.100000000000001 30.750000000000004 1 28.502083500000001
decision_type=2 2 2 2 2 2 1 2 2 2 2 2 1 2
left_child=1 4 8 -4 5 -1 -6 9 -3 10 -2 -11 13 -9
right_child=7 2 3 -5 6 -7 -8 12 -10 11 -12 -13 -14 -15
leaf_value=-0.0025614807765083135 -0.04093291616470747 -0.0023838077055705221 0.0031061864956693115 -0.068408598854632657 0.01214997254044391 -0.04893985384620822 -0.0011104917033645618 -0.022964416272168685 -0.057057071564212351 0.046093612601343176 0.014649207975372905 0.012043788936121673 -0.052612109714898804 0.020037012922062669
leaf_weight=332.58032698952593 8.1593627696856839 6.4302623379044226 129.98668833938427 11.24057050491683 431.05653014406562 54.442929644603282 688.17598085780628 2.5162517440039647 44.742943617864512 23.730043443385512 92.290024145040661 13.561765370424835 5.2175708173308522 2.5439375161658973
leaf_count=2501 61 62 969 101 2768 405 5527 22 419 204 811 104 43 23
internal_value=-3.31886e-05 -0.00119521 -0.0158126 -0.00302678 0.000681183 -0.00919488 0.00410142 0.0132206 -0.0503644 0.0166279 0.00977537 0.0343488 -0.0298693 -0.001607
internal_weight=1846.68 1698.66 192.4 141.227 1506.26 387.023 1119.23 148.019 51.1732 137.741 100.449 37.2918 10.2778 5.06019
internal_count=14020 12752 1551 1070 11201 2906 8295 1268 481 1180 872 308 88 45
cat_boundaries=0 1 2
cat_threshold=5 1
is_linear=0
shrinkage=0.05


Tree=135
num_leaves=6
num_cat=1
split_feature=22 0 8 43 5
split_gain=11.7939 11.2848 10.4 23.5348 18.4316
threshold=55.000000000000007 0 30.450000000000003 17.750000000000004 -0.10837475778693634
decision_type=2 1 2 2 2
left_child=-1 -2 4 -4 -3
right_child=1 2 3 -5 -6
leaf_value=-0.064529465315511014 -0.031025593344671549 -0.018945921373804936 -0.0015876931787411185 0.012095511748918588 0.0047037385086901393
leaf_weight=6.046430939808487 17.352508738520555 165.8866396737285 1040.5635482429061 449.09768100222573 162.07864277344197
leaf_count=67 2349 1058 6633 2953 1007
internal_value=3.33224e-05 0.000281094 0.00076327 0.00254282 -0.00727962
internal_weight=1841.03 1834.98 1817.63 1489.66 327.965
internal_count=14067 14000 11651 9586 2065
cat_boundaries=0 1
cat_threshold=16
is_linear=0
shrinkage=0.05


Tree=136
num_leaves=13
num_cat=1
split_feature=34 34 23 43 37 30 5 24 21 36 38 1
split_gain=11.9306 19.3546 34.0224 26.4956 19.5735 18.842 13.6928 6.96744 5.15883 6.68875 1.62055 0.921221
threshold=25.150000000000002 24.550000000000004 96.500000000000014 13.800000000000002 25.500000000000004 10.15 -0.72694848937061807 66.500000000000014 25.650000000000002 97.500000000000014 7.830655000000001 0
decision_type=2 2 2 2 2 2 2 2 2 2 2 1
left_child=1 4 5 -4 -1 -3 -6 8 10 -10 -2 -9
right_child=7 2 3 -5 6 -7 -8 11 9 -11 -12 -13
leaf_value=-0.057887355596021553 0.047197277086495279 -0.012158759783853369 -0.072155163294369343 -0.015805676502222286 0.010647504741317933 0.032725074620991008 -0.0011574257030873985 -0.011806173975406432 0.015976921693663149 -0.016783118043026689 0.021505956767561299 -0.052550745169168737
leaf_weight=13.115837428136727 13.194753848016264 66.423690566327423 34.88703295099549 51.625852851546369 308.08929148688912 34.810030253836885 1195.9850214917678 3.3924606086220583 96.433862154837698 17.699678929056972 16.522590841865167 2.7825931358383968
leaf_count=153 104 545 290 432 2369 270 8772 28 858 142 128 25
internal_value=3.14485e-05 -0.00116103 -0.0162606 -0.0390939 0.000716959 0.00344404 0.00126612 0.0135011 0.0158069 0.0107949 0.0340783 -0.0349316
internal_weight=1854.96 1704.94 187.747 86.5129 1517.19 101.234 1504.07 150.026 143.851 114.134 29.7173 6.17505
internal_count=14116 12831 1537 722 11294 815 11141 1285 1232 1000 232 53
cat_boundaries=0 1
cat_threshold=1
is_linear=0
shrinkage=0.05


Tree=137
num_leaves=10
num_cat=0
split_feature=35 8 36 34 4 40 5 38 13
split_gain=10.5812 11.6761 30.2231 21.688 14.5081 24.8214 21.5476 14.0742 9.00017
threshold=58.401786000000008 33.550000000000004 95.500000000000014 24.450000000000003 0.97875492728876534 2.5500000000000003 0.81800285027139286 10.923512000000001 11.172917000000002
decision_type=2 2 2 2 2 2 2 2 2
left_child=8 2 7 -4 6 -6 -3 -2 -1
right_child=1 4 3 -5 5 -7 -8 -9 -10
leaf_value=-0.071032865962908531 -0.03510916472657135 0.017041295445295732 0.0025916158163451853 -0.015131032349784091 0.016734251262102481 -0.03483507132517092 -0.017155234781086333 0.0060575905855136522 0.013129893975932942
leaf_weight=8.6419871491380018 95.398447570856661 286.51089191972278 1064.8875340388622 204.98445201816503 43.090355230495334 48.757568063214421 54.016498799668625 26.121511366800405 4.3281963448971501
leaf_count=96 773 2226 7917 1630 372 375 393 223 32
internal_value=-0.000668896 -0.000336655 -0.00256721 -0.000278853 0.00683068 -0.0107217 0.0115825 -0.0262829 -0.044018
internal_weight=1836.74 1823.77 1391.39 1269.87 432.375 91.8479 340.527 121.52 12.9702
internal_count=14037 13909 10543 9547 3366 747 2619 996 128
is_linear=0
shrinkage=0.05


Tree=138
num_leaves=15
num_cat=1
split_feature=0 2 39 5 33 34 25 44 4 4 4 30 33 37
split_gain=11.1122 11.1297 25.3075 14.1496 44.877 43.194 13.2593 8.61677 7.70211 12.6444 7.51298 6.40883 7.28937 5.25764
threshold=0 1.5000000000000002 19.350000000000005 0.53312596302726967 34.650000000000013 22.350000000000005 7.0763890000000016 32.95000000000001 0.091259403071267911 0.42179998225932674 0.40614137006726808 16.250000000000004 32.050000000000004 57.500000000000007
decision_type=1 2 2 2 2 2 2 2 2 2 2 2 2 2
left_child=7 2 6 5 -5 -3 -2 8 13 -10 -4 -9 -13 -1
right_child=1 3 10 4 -6 -7 -8 11 9 -11 -12 12 -14 -15
leaf_value=-0.046931662141434113 -0.010611871056295684 0.048871081500924438 -0.022667627817285693 0.00080170444350995563 0.040646817665077502 -0.0021947326734616016 0.026631158586867605 -0.042169395305467101 0.045751954001263917 -0.043086558569699597 -0.059852090561816854 -0.04609107233673676 0.0079424211901545846 0.0070544369502722349
leaf_weight=8.5358183304779249 59.093065790832043 41.925178825855255 39.872955236583948 285.42527230829 92.937776230275631 1171.9871481917799 38.713764481246471 34.764903431758285 14.539683105424048 4.5187852694652966 21.545277059078217 8.1689633715432155 18.844151556724682 8.1242930381558818
leaf_count=319 288 217 267 1528 453 6398 183 2657 180 276 113 525 469 254
internal_value=1.74026e-05 0.000973251 -0.0115834 0.00224149 0.0106703 -0.000392286 0.00424995 -0.0155135 0.00245163 0.0235903 -0.0364617 -0.0282453 -0.00945974 -0.0216966
internal_weight=1849 1751.5 159.225 1592.28 378.363 1213.91 97.8068 97.4966 35.7186 19.0585 61.4182 61.778 27.0131 16.6601
internal_count=14127 9447 851 8596 1981 6615 471 4680 1029 456 380 3651 994 573
cat_boundaries=0 1
cat_threshold=48
is_linear=0
shrinkage=0.05


Tree=139
num_leaves=15
num_cat=3
split_feature=0 34 6 37 5 36 33 5 0 7 40 27 37 1
split_gain=10.905 16.1825 11.5655 10.6947 10.0977 28.3797 28.8034 20.7877 23.7051 21.6089 8.84962 6.63523 6.35684 5.75243
threshold=0 20.850000000000005 27.000000000000004 32.500000000000007 -0.83375966452616657 99.500000000000014 33.95000000000001 -0.4295879841196229 1 27.322916500000002 41.050000000000004 0.15000000000000005 50.500000000000007 2
decision_type=1 2 2 2 2 2 2 2 1 2 2 2 2 1
left_child=1 11 3 -3 5 6 -2 9 -9 -6 -4 13 -13 -1
right_child=4 2 10 -5 7 -7 -8 8 -10 -11 -12 12 -14 -15
leaf_value=-0.077542777025005838 -0.0097590263535366484 -0.0056030302607186604 -0.061893748597024657 0.019693371338712448 -0.032925743405817907 0.033860909216172581 0.039824191530434982 0.0057103274792169086 -0.010624543957862371 -0.0037202131589251877 -0.0022460476616591135 0.02612272497130616 -0.040762647553644574 -0.01395992713432088
leaf_weight=7.7594602331519145 197.0889295055531 50.85290164873004 6.0812959223985663 223.75966948270798 113.93322373682167 69.220635254867375 33.375191601924598 556.34727430343628 354.08428897894919 141.72464971081354 51.745897971093655 7.5980760753154737 5.0549866482615471 6.8831939809024334
leaf_count=49 1646 314 28 1550 861 535 255 2854 4320 1196 299 46 28 43
internal_value=-0.000204384 0.00746487 0.0107335 0.0150056 -0.0021268 0.00603138 -0.00243749 -0.00424504 -0.000701221 -0.0168132 -0.00946429 -0.028679 -0.0016269 -0.050457
internal_weight=1825.51 359.735 332.44 274.613 1465.77 299.685 230.464 1166.09 910.432 255.658 57.8272 27.2957 12.6531 14.6427
internal_count=14024 2357 2191 1864 11667 2436 1901 9231 7174 2057 327 166 74 92
cat_boundaries=0 1 2 3
cat_threshold=1 12 1
is_linear=0
shrinkage=0.05


Tree=140
num_leaves=6
num_cat=2
split_feature=0 22 26 1 34
split_gain=9.90992 9.73471 10.0963 18.4692 13.7446
threshold=0 55.000000000000007 14.65 1 20.350000000000005
decision_type=1 2 2 1 2
left_child=-1 -2 3 -3 -4
right_child=1 2 4 -5 -6
leaf_value=-0.030229677967305763 -0.062480952559139713 0.0047077942086087097 -0.026507919885623898 -0.021097766625332453 0.0027295110914585482
leaf_weight=16.257830773014575 5.1841459469869724 135.7150291884318 40.313074000645429 140.12685324111953 1493.0163524460513
leaf_count=2343 51 879 317 875 9605
internal_value=-0.000306512 0.000143854 0.000358516 -0.00843021 0.00194405
internal_weight=1830.61 1814.36 1809.17 275.842 1533.33
internal_count=14070 11727 11676 1754 9922
cat_boundaries=0 1 2
cat_threshold=16 1
is_linear=0
shrinkage=0.05


Tree=141
num_leaves=15
num_cat=2
split_feature=34 34 26 36 37 0 13 20 0 32 17 44 9 40
split_gain=10.1368 18.0318 27.8104 21.1996 18.5797 12.6929 9.10222 7.29947 5.93631 9.05264 5.19681 3.46206 0.996001 0.961187
threshold=25.150000000000002 24.550000000000004 17.950000000000003 98.500000000000014 25.500000000000004 0 6.3583335000000014 33.250000000000007 1 31.413690000000006 28.250000000000004 40.850000000000009 25.750000000000004 55.150000000000013
decision_type=2 2 2 2 2 1 2 2 1 2 2 2 2 2
left_child=1 4 6 -4 -1 -6 -3 10 9 -9 13 -10 -12 -2
right_child=7 2 3 -5 5 -7 -8 8 11 -11 12 -13 -14 -15
leaf_value=-0.059752363199358061 -0.010262114871368544 -0.0015848336086710726 0.003932454935983952 -0.051243439451979206 0.0067140248708755365 -0.0026419672114745135 -0.058507838887573896 0.044017206152075418 0.012630644741130369 -0.027636798285084987 -0.020495902607816915 -0.0086859188045330851 -0.060912586853182349 0.025193785279648689
leaf_weight=11.637222261866553 2.3333839760161927 8.591087411856277 116.10573837335687 19.45707074389793 595.32810394838452 892.37223906104919 38.913235542713664 38.0554727204144 64.239997399039567 4.2895748242735854 4.4721855331445095 26.08276701788418 3.9057663518469781 4.1684919078834355
leaf_count=149 22 73 919 141 3679 7411 404 331 558 38 40 216 32 33
internal_value=-8.86754e-05 -0.00119347 -0.0159627 -0.00430408 0.000619273 0.00113134 -0.0484583 0.0124319 0.0161723 0.0294859 -0.0198348 0.00581098 -0.0438241 0.0127976
internal_weight=1829.95 1682.4 183.067 135.563 1499.34 1487.7 47.5043 147.548 132.668 42.345 14.8798 90.3228 8.37795 6.50188
internal_count=14046 12776 1537 1060 11239 11090 477 1270 1143 369 127 774 72 55
cat_boundaries=0 1 2
cat_threshold=5 5
is_linear=0
shrinkage=0.05


Tree=142
num_leaves=15
num_cat=0
split_feature=26 34 38 33 38 25 38 20 40 26 4 7 39 4
split_gain=10.3883 16.8659 14.51 14.5012 16.9307 12.4608 26.5783 19.2751 11.0354 9.19772 7.55155 3.34256 3.20005 1.46905
threshold=14.65 20.350000000000005 8.1711310000000008 32.45000000000001 6.413393000000001 9.8888890000000007 10.977381000000001 31.250000000000004 24.650000000000002 14.250000000000002 0.21022171450811272 27.181250000000002 23.350000000000005 0.76696112484652035
decision_type=2 2 2 2 2 2 2 2 2 2 2 2 2 2
left_child=2 10 3 8 -5 7 -7 -3 -1 12 -2 -11 -4 -12
right_child=1 5 9 4 -6 6 -8 -9 -10 11 13 -13 -14 -15
leaf_value=0.0073345005728437168 -0.0057867136187367257 -0.0092100946324434364 -0.0034390371070904483 0.045967397494400347 -0.0060252821727554756 -0.01563185071233604 0.0071517798334686383 0.0091228511211883887 -0.019346778548986292 -0.0097801511405638097 -0.05605088152702651 -0.072532196827727963 -0.043069149034650013 -0.020694171573289847
leaf_weight=55.719748406205326 19.207994663156569 172.45130798220634 18.060508565744389 26.864252877887338 35.284378644195385 241.75690562161617 269.89893668901641 829.36138864257373 123.06252217642032 2.8705362393520799 16.628559001372199 13.997030633036045 6.2066546618007115 5.4925760666374108
leaf_count=388 131 1257 157 187 299 1817 2227 6294 910 23 229 110 53 58
internal_value=0.000248933 0.00185181 -0.00856173 -0.0038109 0.016821 0.00272071 -0.00362296 0.00596099 -0.0110367 -0.035637 -0.0292799 -0.0629981 -0.0148784 -0.0485467
internal_weight=1836.86 1554.8 282.066 240.931 62.1486 1513.47 511.656 1001.81 178.782 41.1347 41.3291 16.8676 24.2672 22.1211
internal_count=14140 12013 2127 1784 486 11595 4044 7551 1298 343 418 133 210 287
is_linear=0
shrinkage=0.05


Tree=143
num_leaves=9
num_cat=1
split_feature=0 43 39 40 43 44 5 44
split_gain=9.7829 9.83891 31.329 54.4449 20.3568 17.6012 26.6023 25.2016
threshold=0 18.550000000000004 18.850000000000005 67.450000000000003 35.100000000000001 45.20000000000001 -0.98212955754013376 45.550000000000004
decision_type=1 2 2 2 2 2 2 2
left_child=-1 5 3 -3 -4 6 -2 -7
right_child=1 2 4 -5 -6 7 -8 -9
leaf_value=-0.030070247994021783 -0.036706770858894892 0.023223519001755538 0.020198568973970755 -0.023690302054103388 -0.012584086287132271 -0.08564604675498283 0.001386333921519196 -0.012362533029222179
leaf_weight=16.051151064573787 47.017260674387217 93.59482157882303 299.25296027958393 177.83454601280391 55.518007278442383 12.161914635449646 1005.9668460097164 113.59752354561351
leaf_count=2357 307 601 2023 1093 357 77 6432 822
internal_value=-0.00022522 0.00022197 0.00528321 -0.00748752 0.0150475 -0.0024671 -0.000347791 -0.0200694
internal_weight=1821 1804.94 626.2 271.429 354.771 1178.74 1052.98 125.759
internal_count=14069 11712 4074 1694 2380 7638 6739 899
cat_boundaries=0 1
cat_threshold=16
is_linear=0
shrinkage=0.05


Tree=144
num_leaves=13
num_cat=1
split_feature=39 44 39 37 40 0 13 44 4 40 20 4
split_gain=9.41769 43.2016 22.1718 36.8877 30.249 24.4633 20.71 20.5389 17.3395 15.6833 48.268 15.9996
threshold=23.550000000000004 39.800000000000004 21.650000000000002 67.500000000000014 39.650000000000013 0 5.8166665000000011 41.600000000000001 -0.99630266176052629 75.050000000000011 32.750000000000007 -0.94139628442229051
decision_type=2 2 2 2 2 1 2 2 2 2 2 2
left_child=2 -2 3 8 7 -6 -5 -4 -1 10 -3 -11
right_child=1 9 4 6 5 -7 -8 -9 -10 11 -12 -13
leaf_value=-0.044662713114492165 -0.07880708131827488 -0.043911962710204894 0.0059039480613534076 0.0023080498498652571 0.042609673246756741 -0.0011259256143041367 -0.069403938431695386 -0.043067487763170896 0.00097472249218700114 -0.030570020228959834 0.0031940873446028636 0.02277583335446267
leaf_weight=20.233700668439269 19.029270982020535 73.454928613384254 135.26204296108335 14.90390658774413 94.250006455928087 54.403291772352532 29.629620794090442 24.403982987510972 1049.4036057902267 16.04970947583206 201.25908135902137 81.218837819062173
leaf_count=132 170 580 1076 107 618 603 220 211 7973 129 1580 648
internal_value=-0.000409296 -0.00727143 0.00148074 -0.00180565 0.0133242 0.029475 -0.0458807 -0.00180251 7.05163e-05 -0.00341044 -0.00951504 0.013752
internal_weight=1813.5 391.012 1422.49 1114.17 308.319 148.653 44.5335 159.666 1069.64 371.983 274.714 97.2685
internal_count=14047 3107 10940 8432 2508 1221 327 1287 8105 2937 2160 777
cat_boundaries=0 1
cat_threshold=7
is_linear=0
shrinkage=0.05


Tree=145
num_leaves=9
num_cat=0
split_feature=26 26 26 5 34 2 31 11
split_gain=9.43341 9.96566 11.3728 14.3584 11.8008 3.95568 2.70062 1.88705
threshold=10.500000000000002 11.750000000000002 14.65 -0.92921788351138401 20.350000000000005 10.500000000000002 25.400000000000002 97.500000000000014
decision_type=2 2 2 2 2 2 2 2
left_child=5 6 3 -3 -4 -1 7 -2
right_child=1 2 4 -5 -6 -7 -8 -9
leaf_value=-0.053141287479492705 0.02559343714093474 -0.04265742152616981 -0.025077552804893807 -0.0058656512804431135 0.0018310012459399954 0.00919900355256437 0.042245720375251775 -0.001839809957088245
leaf_weight=10.751265604980288 13.95372728072107 29.827264873543754 40.882954517146572 193.32272888626903 1500.3644692980452 2.9082743758335701 13.710416331421582 10.575773617951198
leaf_count=76 100 231 418 1504 11563 23 94 70
internal_value=-0.000199096 0.000125696 -0.000428324 -0.0109518 0.00110143 -0.0401462 0.0250478 0.014157
internal_weight=1816.3 1802.64 1764.4 223.15 1541.25 13.6595 38.2399 24.5295
internal_count=14079 13980 13716 1735 11981 99 264 170
is_linear=0
shrinkage=0.05


Tree=146
num_leaves=8
num_cat=1
split_feature=0 39 44 39 5 37 29
split_gain=9.10756 8.11969 45.7357 19.2139 19.6443 19.2598 15.5411
threshold=0 23.350000000000005 39.800000000000004 22.050000000000004 0.097680735332368721 67.500000000000014 1.5000000000000002
decision_type=1 2 2 2 2 2 2
left_child=-1 3 -3 5 -5 -2 -4
right_child=1 2 6 4 -6 -7 -8
leaf_value=-0.029398934129755534 0.00097875868554258118 -0.076378576975160428 0.013614077414089319 0.029374991581083351 -0.0012884169733724969 -0.029988231049804071 -0.0084589702770939256
leaf_weight=15.219577618408948 1131.7392140740994 20.816090889740735 112.26999313011765 118.24557858798653 92.798678555991501 51.539505200926214 268.50441514817066
leaf_count=2323 7269 156 748 847 600 317 1788
internal_value=-0.000143298 0.000282887 -0.00597119 0.00208919 0.0159494 -0.000394239 -0.0019322
internal_weight=1811.13 1795.91 401.59 1394.32 211.044 1183.28 380.774
internal_count=14048 11725 2692 9033 1447 7586 2536
cat_boundaries=0 1
cat_threshold=16
is_linear=0
shrinkage=0.05


Tree=147
num_leaves=8
num_cat=2
split_feature=22 0 33 4 43 38 0
split_gain=9.28645 9.56552 15.1233 17.7058 9.15268 9.07695 8.24052
threshold=55.000000000000007 0 31.250000000000004 -0.37447345805034538 26.900000000000002 14.349107500000001 1
decision_type=2 1 2 2 2 2 1
left_child=-1 2 4 -4 -2 6 -3
right_child=1 5 3 -5 -6 -7 -8
leaf_value=-0.060339285078878736 -0.0043489479493819382 -0.029276333076366998 0.030845349842556366 0.0039940877040936804 -0.056304555584719806 -0.053941036270473447 -0.00088135904774588848
leaf_weight=5.3771421045530579 24.939695082604885 15.064751126454212 82.977046024054289 229.71559361368418 11.98980652540922 7.270026179845444 1430.8631582856178
leaf_count=69 159 2311 619 1485 66 111 9211
internal_value=-0.000108977 0.000104019 0.00739723 0.011195 -0.022257 -0.00169374 -0.00140565
internal_weight=1808.2 1802.82 349.622 312.693 36.9295 1453.2 1445.93
internal_count=14031 13962 2329 2104 225 11633 11522
cat_boundaries=0 1 2
cat_threshold=1 16
is_linear=0
shrinkage=0.05


Tree=148
num_leaves=15
num_cat=4
split_feature=43 43 20 38 0 5 0 24 43 35 1 34 30 1
split_gain=10.0417 23.2486 10.3504 16.9509 13.2145 6.59584 10.9075 13.5504 8.77913 3.43079 3.28284 5.99442 3.60501 1.67473
threshold=35.100000000000001 33.250000000000007 31.250000000000004 7.4491070000000006 0 -0.76696334127844745 1 65.500000000000014 56.500000000000007 87.145833500000023 2 24.450000000000003 38.900000000000006 3
decision_type=2 2 2 2 1 2 1 2 2 2 1 2 2 1
left_child=1 2 4 -4 -1 6 7 -2 -8 13 12 -12 -7 -3
right_child=5 9 3 -5 -6 10 8 -9 -10 -11 11 -13 -14 -15
leaf_value=0.0063008909405357976 0.031300391055509247 -0.0023985922771753653 0.0095107255139928615 -0.0024328366427595542 -0.014724875615371847 -0.0040372983735086311 0.036989031102787964 -0.082725914227622238 -0.043268735842856731 0.051057612647844197 -0.051291575933810576 0.017658719520614027 -0.048643848020362507 0.032948113689144048
leaf_weight=104.42439649486914 3.0594906257465482 6.0417177625931782 439.27071474539116 912.51463788619731 228.30285407602787 18.830597288324501 19.936348596122119 7.9222364695742726 3.198620931361801 23.111494533251971 21.045124863041568 3.1714800433255723 5.0555641831597304 6.1866338918916881
leaf_count=825 29 53 3366 7183 1633 135 164 77 54 208 156 22 39 56
internal_value=-0.000460647 0.000359941 -0.000493361 0.00145246 -0.00837938 -0.0174236 -0.000520843 -0.0277975 0.0173648 0.0399278 -0.0291571 -0.0419194 -0.0150537 0.0166231
internal_weight=1802.07 1719.85 1684.51 1351.79 332.727 82.2195 34.1167 10.9817 23.135 35.3398 48.1028 24.2166 23.8862 12.2284
internal_count=14000 13324 13007 10549 2458 676 324 106 218 317 352 178 174 109
cat_boundaries=0 1 2 3 4
cat_threshold=40 40 1 1
is_linear=0
shrinkage=0.05


end of trees

feature_importances:
age_group=231
wind_speed_max_7d=169
day_of_year_cos=150
temperature_min_7d=143
day_of_year_sin=112
wind_gust_max_7d=104
rain_max_daily_7d=93
month=89
temperature_max_7d=68
humidity_min_7d=64
gender=58
humidity_max_7d=46
temperature_max_3d=43
wind_speed_mean_7d=40
wind_speed_max_3d=38
humidity_mean_7d=33
weather_code_current=31
precipitation_sum_7d=29
temperature_mean_7d=27
wind_speed_mean_3d=20
humidity_mean_3d=18
temperature_max_current=17
humidity_min_3d=16
wind_gust_max_3d=16
temperature_mean_3d=12
rain_max_daily_3d=11
wind_speed_mean_current=10
temperature_min_3d=9
precipitation_sum_3d=9
temperature_mean_current=7
temperature_min_current=7
humidity_max_current=7
wind_gust_max_current=7
rain_days_7d=7
rain_days_3d=6
humidity_mean_current=5
humidity_min_current=5
wind_speed_max_current=3
precipitation_sum_current=3
humidity_max_3d=3
rain_sum_7d=2

parameters:
[boosting: gbdt]
[objective: binary]
[metric: binary_logloss]
[tree_learner: serial]
[device_type: cpu]
[data_sample_strategy: bagging]
[data: ]
[valid: ]
[num_iterations: 149]
[learning_rate: 0.05]
[num_leaves: 15]
[num_threads: 8]
[seed: 42]
[deterministic: 0]
[force_col_wise: 0]
[force_row_wise: 0]
[histogram_pool_size: -1]
[max_depth: 4]
[min_data_in_leaf: 20]
[min_sum_hessian_in_leaf: 0.001]
[bagging_fraction: 0.9]
[pos_bagging_fraction: 1]
[neg_bagging_fraction: 1]
[bagging_freq: 1]
[bagging_seed: 400]
[bagging_by_query: 0]
[feature_fraction: 0.9]
[feature_fraction_bynode: 1]
[feature_fraction_seed: 30056]
[extra_trees: 0]
[extra_seed: 12879]
[early_stopping_round: 0]
[early_stopping_min_delta: 0]
[first_metric_only: 0]
[max_delta_step: 0]
[lambda_l1: 0]
[lambda_l2: 1]
[linear_lambda: 0]
[min_gain_to_split: 0]
[drop_rate: 0.1]
[max_drop: 50]
[skip_drop: 0.5]
[xgboost_dart_mode: 0]
[uniform_drop: 0]
[drop_seed: 17869]
[top_rate: 0.2]
[other_rate: 0.1]
[min_data_per_group: 100]
[max_cat_threshold: 32]
[cat_l2: 10]
[cat_smooth: 10]
[max_cat_to_onehot: 4]
[top_k: 20]
[monotone_constraints: ]
[monotone_constraints_method: basic]
[monotone_penalty: 0]
[feature_contri: ]
[forcedsplits_filename: ]
[refit_decay_rate: 0.9]
[cegb_tradeoff: 1]
[cegb_penalty_split: 0]
[cegb_penalty_feature_lazy: ]
[cegb_penalty_feature_coupled: ]
[path_smooth: 0]
[interaction_constraints: ]
[verbosity: -1]
[saved_feature_importance_type: 0]
[use_quantized_grad: 0]
[num_grad_quant_bins: 4]
[quant_train_renew_leaf: 0]
[stochastic_rounding: 1]
[linear_tree: 0]
[max_bin: 255]
[max_bin_by_feature: ]
[min_data_in_bin: 3]
[bin_construct_sample_cnt: 200000]
[data_random_seed: 175]
[is_enable_sparse: 1]
[enable_bundle: 1]
[use_missing: 1]
[zero_as_missing: 0]
[feature_pre_filter: 1]
[pre_partition: 0]
[two_round: 0]
[header: 0]
[label_column: ]
[weight_column: ]
[group_column: ]
[ignore_column: ]
[categorical_feature: 0,1,3]
[forcedbins_filename: ]
[precise_float_parser: 0]
[parser_config_file: ]
[objective_seed: 16083]
[num_class: 1]
[is_unbalance: 0]
[scale_pos_weight: 1]
[sigmoid: 1]
[boost_from_average: 1]
[reg_sqrt: 0]
[alpha: 0.9]
[fair_c: 1]
[poisson_max_delta_step: 0.7]
[tweedie_variance_power: 1.5]
[lambdarank_truncation_level: 30]
[lambdarank_norm: 1]
[label_gain: ]
[lambdarank_position_bias_regularization: 0]
[eval_at: ]
[multi_error_top_k: 1]
[auc_mu_weights: ]
[num_machines: 1]
[local_listen_port: 12400]
[time_out: 120]
[machine_list_filename: ]
[machines: ]
[gpu_platform_id: -1]
[gpu_device_id: -1]
[gpu_device_id_list: ]
[gpu_use_dp: 0]
[num_gpu: 1]

end of parameters

pandas_categorical:[]
