tree
version=v4
num_class=1
num_tree_per_iteration=1
label_index=0
max_feature_idx=44
objective=binary sigmoid:1
feature_names=age_group gender month season day_of_year_sin day_of_year_cos weather_code_current temperature_mean_current temperature_max_current temperature_min_current humidity_mean_current humidity_max_current humidity_min_current wind_speed_mean_current wind_speed_max_current precipitation_sum_current rain_sum_current wind_gust_max_current rain_day_current temperature_mean_3d temperature_max_3d temperature_min_3d humidity_mean_3d humidity_max_3d humidity_min_3d wind_speed_mean_3d wind_speed_max_3d precipitation_sum_3d rain_sum_3d rain_days_3d rain_max_daily_3d wind_gust_max_3d temperature_mean_7d temperature_max_7d temperature_min_7d humidity_mean_7d humidity_max_7d humidity_min_7d wind_speed_mean_7d wind_speed_max_7d precipitation_sum_7d rain_sum_7d rain_days_7d rain_max_daily_7d wind_gust_max_7d
feature_infos=-1:0:1:2:3:4:5 -1:0:1 [1:12] -1:1:0 [-0.99999942202469239:0.99998555065071859] [-0.99997919295908244:0.9999907524084426] [0:61] [23.658332999999999:32.533332999999999] [25.899999999999999:39.200000000000003] [17.899999999999999:29.300000000000001] [48.958333000000003:91.625] [63:100] [23:86] [2.8541669999999999:19.695833] [6.4000000000000004:30.100000000000001] [0:63.100000000000001] [0:63.100000000000001] [14:56.899999999999999] [0:1] [23.766667000000002:32.427778000000004] [27.699999999999999:39.200000000000003] [17.899999999999999:28.100000000000001] [52.569443999999997:90.694444000000004] [73:100] [23:79] [4.125:17.329167000000002] [9.6999999999999993:30.100000000000001] [0:93.900000000000006] [0:93.900000000000006] [0:3] [0:63.100000000000001] [17.300000000000001:56.899999999999999] [24.365476000000001:32.235118999999997] [28.699999999999999:39.200000000000003] [17.899999999999999:27.5] [55.767856999999999:89.523809999999997] [77:100] [23:72] [4.5327380000000002:15.469643] [11.6:30.100000000000001] [0:163.90000000000001] [0:163.90000000000001] [0:7] [0:63.100000000000001] [23:56.899999999999999]
tree_sizes=1660 1698 1682 1680 1677 1393 1754 1608 1498 1501 1499 1500 1502 1503 1608 1618 1607 1611 1501 1753 1713 1617 1607 1608 1483 1607 1623 1611 1620 1594 1623 1588 1614 1545 1625 1610 1596 1535 1494 1754 1203 1400 1380 1601 1110 1408 906 1539 1102 1648 1102 1106 1094 1113 1626 911 909 1123 1120 998 1105 1105 995 1096 1124 891 1100 1745 1099 1112 1744 1007 1118 920 1492 1102 1126 1509 1116 903 1016 1096 1735 896 1218 1110 1104 1509 1098 1116 1124 1325 897 1727 1111 1758 1016 917

Tree=0
num_leaves=15
num_cat=4
split_feature=0 1 0 1 4 2 33 36 33 36 25 33 25 43
split_gain=2766.12 1083.95 752.462 577.302 72.5124 65.9862 71.3198 57.7358 44.2447 39.0332 25.3864 14.1663 5.32043 1.54238
threshold=0 1 2 3 -0.9354548908432756 7.5000000000000009 33.550000000000004 96.500000000000014 31.250000000000004 96.500000000000014 10.330555500000001 38.800000000000004 12.325000000000001 36.250000000000007
decision_type=1 1 1 1 2 2 2 2 2 2 2 2 2 2
left_child=1 5 3 9 -5 6 -1 10 -9 -2 -3 13 -7 -4
right_child=2 7 11 4 -6 12 -8 8 -10 -11 -12 -13 -14 -15
leaf_value=-1.5503369202599597 -1.6612485941523978 -1.7375230746062194 -1.7558612449676958 -1.6585422020415514 -1.7393772030905235 -1.410357405350732 -1.4558338056106472 -1.7141204868197428 -1.6208138466589213 -1.6218024749768514 -1.6649126190819461 -1.6840629974285632 -1.5746708945419425 -1.7415026925084642
leaf_weight=42.118999093770981 93.655911028385162 22.629151687026024 876.12750288844109 30.084999352693558 272.59625500440598 51.536911934614182 55.98425966501236 14.388477951288221 90.516606748104095 209.94097374379635 23.544782102108002 6.6710215955972663 2.6160869002342215 35.186368808150291
leaf_count=322 716 173 6698 230 2084 394 428 110 692 1605 180 51 20 269
internal_value=-1.69819 -1.56305 -1.72585 -1.68268 -1.73124 -1.4649 -1.49451 -1.65399 -1.63364 -1.63381 -1.70059 -1.75421 -1.41592 -1.75536
internal_weight=1827.6 303.335 1524.26 606.278 302.681 152.256 98.1033 151.079 104.905 303.597 46.1739 917.985 54.153 911.314
internal_count=13972 2319 11653 4635 2314 1164 750 1155 802 2321 353 7018 414 6967
cat_boundaries=0 1 2 3 4
cat_threshold=2 1 36 1
is_linear=0
shrinkage=1


Tree=1
num_leaves=15
num_cat=4
split_feature=0 0 1 1 4 4 35 23 36 39 33 44 33 43
split_gain=2266.49 706.264 690.995 529.458 65.038 44.9624 75.3769 43.3151 38.4207 37.1796 33.9405 27.5554 11.0637 1.54954
threshold=0 1 2 3 -0.92923668111203817 0.039769539193789956 82.94642850000001 98.500000000000014 96.500000000000014 20.250000000000004 31.250000000000004 47.350000000000009 38.800000000000004 36.250000000000007
decision_type=1 1 1 1 2 2 2 2 2 2 2 2 2 2
left_child=2 3 5 8 -5 11 -7 9 -2 -4 -9 -1 13 -3
right_child=1 12 7 4 -6 6 -8 10 -10 -11 -12 -13 -14 -15
leaf_value=0.22693913929237156 0.031671765340153861 -0.057372068672141285 -0.013655513060274686 0.033801490193154531 -0.042249788662938992 0.18238341821397927 0.070162195070968006 -0.023706525185651472 0.070038708052994475 0.046348458551748878 0.097015831463575744 0.10840129515268673 0.0065649980907973304 -0.042858171442988244
leaf_weight=72.779026284813881 95.630462199449539 835.30229777097702 40.633515819907188 30.719946160912514 262.66211865842342 74.287757590413094 20.865081310272217 6.3373712450265876 223.83694536983967 68.057897210121155 41.764631375670433 8.218545734882353 6.734434872865676 34.131996020674706
leaf_count=469 713 6650 303 229 2067 489 144 49 1625 508 303 56 51 269
internal_value=-0.000592418 -0.0271297 0.115179 0.0140102 -0.0341987 0.186327 0.158761 0.0418719 0.0586885 0.0239964 0.0809519 0.21638 -0.0557226 -0.0568522
internal_weight=1821.96 1489.02 332.944 612.849 293.382 176.15 95.1528 156.793 319.467 108.691 48.102 80.9976 876.169 869.434
internal_count=13925 11604 2321 4634 2296 1158 633 1163 2338 811 352 525 6970 6919
cat_boundaries=0 1 2 3 4
cat_threshold=2 36 1 1
is_linear=0
shrinkage=0.05


Tree=2
num_leaves=15
num_cat=6
split_feature=0 1 0 1 0 0 33 34 23 39 25 2 33 43
split_gain=2034.84 713.802 285.831 289.659 224.381 87.0657 85.6665 52.7555 47.5969 41.5427 26.7812 23.9541 12.6305 2.21735
threshold=0 1 2 3 4 5 37.100000000000009 24.450000000000003 98.500000000000014 25.250000000000004 5.0236110000000007 6.5000000000000009 38.800000000000004 36.250000000000007
decision_type=1 1 1 1 1 1 2 2 2 2 2 2 2 2
left_child=1 4 3 7 11 8 -6 -2 -3 -7 -5 -1 13 -4
right_child=2 5 12 10 6 9 -8 -9 -10 -11 -12 -13 -14 -15
leaf_value=0.14060418305119285 0.061256940077826776 0.020398898704456755 -0.056909925683097544 0.080915220974561497 0.053804775394232396 -0.025449268687966837 0.19920397916603871 -0.0057361719680820962 0.078555137328742961 0.059731952929579002 -0.052702575705950078 0.18199410336283428 0.0091815638382738481 -0.040624686323655769
leaf_weight=107.19302780926228 129.36489222943783 111.42082795500755 807.87498578429222 2.9922641813755027 157.58888593316078 129.08036121726036 10.039296239614485 37.729647383093834 51.164093464612961 15.128456011414526 145.46655768156052 91.680564820766449 7.1627638041973105 33.236182630062103
leaf_count=648 908 818 6700 23 1107 1035 73 268 355 121 1167 524 54 270
internal_value=-6.84751e-05 0.0684727 -0.0399901 0.00112528 0.116494 0.0131385 0.0600796 0.0461859 0.0368178 -0.015122 -0.0494861 0.152853 -0.0551034 -0.0563154
internal_weight=1837.12 673.296 1163.83 315.553 366.502 306.794 167.628 167.095 162.585 144.209 148.459 198.874 848.274 841.111
internal_count=14071 4681 9390 2366 2352 2329 1180 1176 1173 1156 1190 1172 7024 6970
cat_boundaries=0 1 2 3 4 5 6
cat_threshold=6 1 32 1 2 2
is_linear=0
shrinkage=0.05


Tree=3
num_leaves=15
num_cat=6
split_feature=0 1 0 1 0 0 33 4 36 39 2 43 33 43
split_gain=1770.06 528.711 279.425 251.281 193.757 74.5914 61.2683 57.0972 49.1148 43.8517 39.8655 20.8056 9.85986 1.61626
threshold=0 1 2 3 4 5 37.100000000000009 -0.99275805973510278 94.500000000000014 21.250000000000004 1.5000000000000002 36.250000000000007 38.800000000000004 36.250000000000007
decision_type=1 1 1 1 1 1 2 2 2 2 2 2 2 2
left_child=1 4 3 8 11 10 -6 -5 -2 -7 -3 -1 13 -4
right_child=2 5 12 7 6 9 -8 -9 -10 -11 -12 -13 -14 -15
leaf_value=0.14208392669433753 -0.011339173580734139 -0.039784166803316909 -0.056287435135228672 0.10826295592249156 0.045310049239450111 -0.038021442876304302 0.16747781058155578 -0.054353316372739449 0.055452197601029041 0.016911477384254039 0.044704069309493895 0.051766579219561563 0.002637500993470117 -0.041353116168987875
leaf_weight=206.72512991726398 34.008829161524773 14.591032922267912 780.37076335400343 4.7168794721364966 163.30150556564331 80.567932829260826 10.162763148546217 134.09039187431335 136.89471052587032 64.703359514474869 152.55963456630707 8.1147800087928754 7.2078844606876364 32.401053659617901
leaf_count=1117 242 108 6745 35 1108 658 65 1118 926 520 1067 46 54 271
internal_value=-0.000688262 0.0611956 -0.0392876 0.00163982 0.10095 0.0135736 0.0504923 -0.0480925 0.0421725 -0.0127355 0.0350516 0.132777 -0.0545632 -0.0557436
internal_weight=1830.42 700.726 1129.69 309.711 388.304 312.422 173.464 138.807 170.904 145.271 167.151 214.84 819.98 812.772
internal_count=14080 4689 9391 2321 2336 2353 1173 1153 1168 1178 1175 1163 7070 7016
cat_boundaries=0 1 2 3 4 5 6
cat_threshold=6 1 32 1 2 2
is_linear=0
shrinkage=0.05


Tree=4
num_leaves=15
num_cat=6
split_feature=0 1 0 1 0 0 33 4 4 36 23 2 37 43
split_gain=1650 454.915 269.094 234.786 136.98 59.1582 50.8201 46.0209 44.7475 41.8545 39.9273 22.6583 6.05777 2.36366
threshold=0 1 2 3 4 5 37.100000000000009 -0.99054481509840819 -0.78326540922535159 94.500000000000014 98.500000000000014 7.5000000000000009 23.500000000000004 36.250000000000007
decision_type=1 1 1 1 1 1 2 2 2 2 2 2 2 2
left_child=1 4 3 9 11 10 -6 -5 -7 -2 -3 -1 -4 -14
right_child=2 5 12 7 6 8 -8 -9 -10 -11 -12 -13 13 -15
leaf_value=0.1100804925202805 -0.010258316446145742 0.016349235007486935 -0.00034567324535793531 0.079749366290675847 0.044912179403133572 0.044103277281294061 0.15096508662708513 -0.054544664039881223 -0.025766954430393049 0.050933066625111524 0.067976249131328978 0.14621341235642354 -0.055812591467929162 -0.038729142742453787
leaf_weight=147.62119989097118 34.326913207769394 113.28313503414392 5.0813513398170462 5.8494659215211859 168.78179270029068 27.703206054866314 11.380435630679129 129.23502498865128 113.34227714687586 142.55183063447475 55.644463464617729 86.602166593074799 748.70215410739183 30.977089740335941
leaf_count=768 246 802 38 41 1113 216 66 1122 938 931 358 417 6743 267
internal_value=5.5713e-06 0.0580693 -0.0385399 0.001213 0.0930778 0.0129869 0.0496661 -0.0481861 -0.0110516 0.0390667 0.0317846 0.118948 -0.0541411 -0.0551843
internal_weight=1821.08 724.359 1096.72 311.963 414.386 309.973 180.162 135.084 141.045 176.879 168.928 234.223 784.761 779.679
internal_count=14066 4678 9388 2340 2364 2314 1179 1163 1154 1177 1160 1185 7048 7010
cat_boundaries=0 1 2 3 4 5 6
cat_threshold=6 1 32 1 2 2
is_linear=0
shrinkage=0.05


Tree=5
num_leaves=12
num_cat=4
split_feature=0 1 0 0 4 36 2 4 33 43 43
split_gain=1452.14 598.898 214.278 140.026 65.5074 34.1142 32.5074 22.3718 10.1401 1.95123 7.72369
threshold=0 1 2 3 -0.9354548908432756 99.500000000000014 1.5000000000000002 0.091259403071267911 39.150000000000013 36.250000000000007 37.550000000000004
decision_type=1 1 1 1 2 2 2 2 2 2 2
left_child=1 2 7 6 -5 -4 -3 -1 9 -2 -11
right_child=8 3 5 4 -6 -7 -8 -9 -10 10 -12
leaf_value=0.12670834607093834 -0.055346256082549949 -0.042134123929147074 0.034038629791886814 0.038014466708228473 -0.03855373330895831 0.07128712181033231 0.035244967253313761 0.093385378244978154 0.011700317052208944 0.0015058165806721008 -0.054757604708764208
leaf_weight=117.95171856880188 715.06498987972736 13.983296811580656 288.06836476922035 30.777663268148899 240.65915714949369 79.151113092899323 160.48042607307434 125.14565806090832 5.4611558169126502 8.4567300975322741 20.408908635377884
leaf_count=548 6717 105 1858 226 2104 498 1068 620 41 75 181
internal_value=-0.000751241 0.0368779 0.0693676 -0.00682207 -0.0287103 0.0411222 0.0272833 0.105677 -0.0535434 -0.0547562 -0.0387757
internal_weight=1805.61 1056.22 610.317 445.901 271.437 367.219 174.464 243.097 749.392 743.931 28.8656
internal_count=14041 7027 3524 3503 2330 2356 1173 1168 7014 6973 256
cat_boundaries=0 1 2 3 4
cat_threshold=38 1 2 2
is_linear=0
shrinkage=0.05


Tree=6
num_leaves=15
num_cat=1
split_feature=1 4 33 33 4 44 42 34 39 5 25 39 35 36
split_gain=411.545 36.5814 32.4098 29.8644 43.7816 34.8895 33.2447 24.2357 14.5821 18.7717 8.5096 6.41359 6.31198 5.33433
threshold=0 -0.90893996196865012 31.350000000000005 36.850000000000001 0.10837544681456417 48.800000000000004 3.5000000000000004 26.400000000000002 20.250000000000004 0.26659387353423863 5.6416670000000009 17.150000000000002 87.997024000000025 97.500000000000014
decision_type=1 2 2 2 2 2 2 2 2 2 2 2 2 2
left_child=3 2 12 4 5 -1 -6 13 10 -10 -3 -4 -2 -5
right_child=1 8 11 7 6 -7 -8 -9 9 -11 -12 -13 -14 -15
leaf_value=0.032148448294073005 -0.051975392538004678 -0.017273750235874345 -0.0097595097262538465 0.070209326898832081 0.02966813440039397 -0.025124288123729122 -0.0013712311612290012 -0.0064403866364496302 -0.016612943545049559 -0.039932196393195361 -0.042305600716570552 0.029670109140152074 -0.0063565307352335745 0.0086473666920929611
leaf_weight=450.62850924581289 22.889692366123199 40.815246544778347 12.284085988998411 53.220791041851044 116.73685117065907 27.540044963359833 322.42292238771915 14.166589230298994 256.31440329551697 131.38067811727524 279.7364396750927 52.024628251791 11.56002653390169 4.0865216776728621
leaf_count=3151 191 357 98 367 848 201 2331 101 2238 1169 2484 422 95 30
internal_value=-0.000797626 -0.0272745 0.00122382 0.0208171 0.0183504 0.0288043 0.00692827 0.0517857 -0.0312445 -0.0245977 -0.039182 0.0221043 -0.0372786 0.066043
internal_weight=1795.81 807.005 98.7584 988.802 917.328 478.169 439.16 71.4739 708.247 387.695 320.552 64.3087 34.4497 57.3073
internal_count=14083 7054 806 7029 6531 3352 3179 498 6248 3407 2841 520 286 397
cat_boundaries=0 1
cat_threshold=1
is_linear=0
shrinkage=0.05


Tree=7
num_leaves=14
num_cat=4
split_feature=0 1 0 0 4 5 4 44 33 30 30 12 5
split_gain=1373.67 486.793 175.853 132.035 69.4593 36.3819 28.7052 16.1839 12.1461 0.968503 3.70363 0.311424 0.0981178
threshold=0 1 2 3 -0.9354548908432756 -0.98212955754013376 -0.58482361983252518 45.20000000000001 38.800000000000004 36.250000000000007 37.550000000000004 35.500000000000007 -0.62587551141915865
decision_type=1 1 1 1 2 2 2 2 2 2 2 2 2
left_child=1 2 7 6 -5 -4 -3 -1 9 12 -11 -10 -2
right_child=8 3 5 4 -6 -7 -8 -9 11 10 -12 -13 -14
leaf_value=0.10437347054796686 -0.051447958257149595 0.062878527669846071 0.093936654734195199 0.04124369661882471 -0.036861130383861324 0.034895705709386236 0.017299389771970791 0.061261343735259891 0.020636766825507673 0.0051205460798358273 -0.051176427181020862 0.00070652083199067566 -0.0560869567593901
leaf_weight=227.58164675533772 217.29891496151686 47.410407051444054 27.723579853773117 31.595679737627506 231.4803965985775 347.92703156173229 125.0590308085084 29.732357338070869 2.8735393881797782 3.9186027869582167 8.8126759082078916 4.1172221302986145 481.94075280427933
leaf_count=1039 2132 301 168 225 2132 2152 859 139 22 35 82 30 4730
internal_value=-5.40891e-05 0.0357703 0.0640648 -0.00458235 -0.0263617 0.0384695 0.0284773 0.0959345 -0.0530318 -0.0544127 -0.0347376 0.0104562 -0.0547209
internal_weight=1787.47 1068.51 632.965 435.546 263.076 375.651 172.469 257.314 718.962 711.971 12.7313 6.99076 699.24
internal_count=14046 7015 3498 3517 2357 2320 1160 1178 7031 6979 117 52 6862
cat_boundaries=0 1 2 3 4
cat_threshold=38 1 2 2
is_linear=0
shrinkage=0.05


Tree=8
num_leaves=13
num_cat=4
split_feature=0 1 0 0 4 36 43 2 37 43 43 8
split_gain=1226.02 376.851 173.855 133.174 61.5257 36.408 27.4614 18.4398 7.86634 2.00836 7.31263 1.52672
threshold=0 1 2 3 -0.94139628442229051 96.500000000000014 33.250000000000007 7.5000000000000009 23.500000000000004 36.250000000000007 37.550000000000004 38.400000000000006
decision_type=1 1 1 1 2 2 2 2 2 2 2 2
left_child=1 2 7 5 -5 -3 -4 -1 -2 11 -11 -10
right_child=8 3 6 4 -6 -7 -8 -9 9 10 -12 -13
leaf_value=0.079438602893118826 0.007097886887169759 -0.005211558512535925 0.028903632481224784 0.037570985293411074 -0.036523462968915781 0.044834285766274462 0.078819102043910821 0.10914387102978165 -0.054624555187078788 0.0010519234142635889 -0.053843107880158551 -0.0081388009032080794
leaf_weight=167.85461407899857 5.1144069582223883 50.924104675650597 362.11767886579037 31.152764484286308 225.34956492483616 124.24925273656845 29.323152095079422 95.75757609307766 654.70707382261753 8.5669908970594424 19.476624742150307 2.1530423238873473
leaf_count=765 37 362 2189 216 2130 795 176 405 6711 78 189 18
internal_value=-0.000982761 0.0320164 0.0561838 -0.00396187 -0.0263888 0.028709 0.0320183 0.0873016 -0.0526269 -0.0538499 -0.0376145 -0.0544848
internal_weight=1776.75 1086.73 655.053 431.676 256.502 175.173 391.441 263.612 690.018 684.904 28.0436 656.86
internal_count=14071 7038 3535 3503 2346 1157 2365 1170 7033 6996 267 6729
cat_boundaries=0 1 2 3 4
cat_threshold=38 1 2 2
is_linear=0
shrinkage=0.05


Tree=9
num_leaves=13
num_cat=4
split_feature=0 1 0 0 4 36 5 34 33 43 43 19
split_gain=1164.01 329.643 149.884 133.35 57.6724 29.2589 24.3171 17.2934 8.31098 2.89057 9.01964 0.140983
threshold=0 1 2 3 -0.9354548908432756 96.500000000000014 -0.97874870457683605 25.050000000000004 38.800000000000004 36.250000000000007 37.550000000000004 31.113194500000002
decision_type=1 1 1 1 2 2 2 2 2 2 2 2
left_child=1 2 7 5 -5 -3 -4 -1 9 -2 -11 -10
right_child=8 3 6 4 -6 -7 -8 -9 11 10 -12 -13
leaf_value=0.08036060727200077 -0.054297039903042243 -0.0014962744118868052 0.073531930921775748 0.033787490855260539 -0.035528338516766865 0.043249491192192333 0.028095479117290319 0.12617842877324517 0.0040699219610031102 0.0077922837828675639 -0.053400627412832316 -0.0081568181256594808
leaf_weight=245.68477363884449 623.31035127490759 50.2010647803545 31.615495681762695 33.917393252253532 219.84451393783092 132.55296114087105 363.82494993507862 25.629009604454041 4.6356853023171416 8.3444209247827548 18.679271802306175 3.0783996433019638
leaf_count=1061 6672 357 179 231 2139 826 2164 112 34 76 189 23
internal_value=-1.2273e-05 0.0312895 0.0536604 -0.00221016 -0.0251791 0.0294161 0.0311195 0.0821205 -0.0521436 -0.0535459 -0.0349016 -0.00118543
internal_weight=1761.32 1103.27 666.754 436.516 253.762 182.754 395.44 271.314 658.048 650.334 27.0237 7.71408
internal_count=14063 7069 3516 3553 2370 1183 2343 1173 6994 6937 265 57
cat_boundaries=0 1 2 3 4
cat_threshold=38 1 2 2
is_linear=0
shrinkage=0.05


Tree=10
num_leaves=13
num_cat=4
split_feature=0 1 0 0 39 4 26 4 33 43 43 5
split_gain=1080.76 285.674 122.82 119.113 58.2699 38.6038 25.249 21.048 10.5261 2.22026 7.8767 0.0335207
threshold=0 1 2 3 20.650000000000002 -0.96235977360714686 20.650000000000002 0.022575936829235404 38.800000000000004 36.250000000000007 37.550000000000004 -0.21862536810265823
decision_type=1 1 1 1 2 2 2 2 2 2 2 2
left_child=1 2 7 4 -3 -5 -4 -1 9 -2 -11 -10
right_child=8 3 6 5 -6 -7 -8 -9 11 10 -12 -13
leaf_value=0.093930385430958593 -0.053671417230029106 -0.0065043087467395013 0.021958360061678721 0.032303833609105909 0.036546647664599793 -0.055621051310736108 0.048909483714882684 0.064885934318541158 0.0017779987116171244 0.0058475047104605956 -0.05300265448400665 0.0086318380106561714
leaf_weight=127.9889867156744 596.45270485430956 155.99934538453817 274.22723610699177 13.480932787060736 156.89309561252594 105.60677571594715 128.78120654821396 150.45190048217773 4.0188111066818237 7.8336937204003361 18.09799225628376 3.5533253997564307
leaf_count=528 6665 1187 1588 89 1165 1091 760 653 29 71 191 27
internal_value=0.000368702 0.0299011 0.0503102 -0.00164557 0.0146632 -0.0419855 0.0299295 0.075812 -0.051452 -0.0529797 -0.0356676 0.00562602
internal_weight=1743.39 1113.43 681.449 431.98 312.892 119.088 403.008 278.441 629.957 622.384 25.9317 7.57214
internal_count=14044 7061 3529 3532 2352 1180 2348 1181 6983 6927 262 56
cat_boundaries=0 1 2 3 4
cat_threshold=38 1 2 6
is_linear=0
shrinkage=0.05


Tree=11
num_leaves=13
num_cat=4
split_feature=0 1 0 0 4 39 43 5 33 43 43 21
split_gain=995.293 263.117 109.136 99.5357 43.6676 40.3137 24.4553 17.5368 11.0903 3.03083 8.00461 0.0552822
threshold=0 1 2 3 -0.96235977360714686 20.650000000000002 43.800000000000004 -0.71502926860092908 38.800000000000004 36.250000000000007 37.550000000000004 26.550000000000004
decision_type=1 1 1 1 2 2 2 2 2 2 2 2
left_child=1 2 7 5 -5 -3 -4 -1 9 -2 -11 -10
right_child=8 3 6 4 -6 -7 -8 -9 11 10 -12 -13
leaf_value=0.05151670115913709 -0.053485022480874583 -0.0057761591264386914 0.030488532895739537 0.037984604963897634 -0.055255390704744937 0.030156066835370449 -0.056735553052545455 0.081218667863973956 0.01206413319379249 0.0055514795761064627 -0.052495831891267331 0.0025568931604069171
leaf_weight=75.29518435895443 573.82252112776041 153.92114385217428 404.47496572136879 13.604904055595396 101.13413561880589 156.81747128069401 7.3117676228284827 206.6839611530304 4.0202534869313231 8.6628631651401538 16.735092088580132 3.1623940020799637
leaf_count=322 6695 1172 2316 88 1093 1135 42 856 30 78 184 23
internal_value=-4.97513e-05 0.0278388 0.0470505 -0.00287095 -0.0404703 0.0120107 0.0281247 0.070989 -0.051102 -0.0526836 -0.0332365 0.00870229
internal_weight=1725.65 1119.24 693.766 425.478 114.739 310.739 411.787 281.979 606.403 599.22 25.398 7.18265
internal_count=14034 7024 3536 3488 1181 2307 2358 1178 7010 6957 262 53
cat_boundaries=0 1 2 3 4
cat_threshold=38 1 2 6
is_linear=0
shrinkage=0.05


Tree=12
num_leaves=13
num_cat=4
split_feature=0 1 0 0 4 4 36 4 33 43 43 19
split_gain=917.806 228.648 100.509 98.1572 37.0086 29.9499 22.4592 19.5842 9.04019 1.66969 5.61033 0.306488
threshold=0 1 2 3 0.96234642434711437 -0.98523971305672664 99.500000000000014 0.022575936829235404 38.800000000000004 36.250000000000007 37.550000000000004 31.113194500000002
decision_type=1 1 1 1 2 2 2 2 2 2 2 2
left_child=1 3 4 7 -3 -4 -5 -1 9 -2 -11 -10
right_child=8 2 5 6 -6 -7 -8 -9 11 10 -12 -13
leaf_value=0.083916561586129035 -0.053127414568668256 0.0064788683342976959 0.038657527675899334 0.020447284128107701 0.063879077919083219 -0.053664519608981325 0.048526451501751083 0.056236392191780227 0.012134697474083141 -0.0017787259475359478 -0.052200680303562598 -0.0066866634449053303
leaf_weight=126.84635981917381 547.22916765511036 288.16432045400143 8.9235170483589155 324.26887206733227 30.155907928943634 99.039003945887089 91.66430900990963 154.14885172247887 3.9951126873493186 8.1329335644841212 16.639064647257328 2.9608327299356461
leaf_count=513 6670 2117 54 1847 228 1099 499 647 29 73 191 22
internal_value=-0.00032244 0.0259914 -0.00262416 0.0438454 0.0117323 -0.0419033 0.0261107 0.0666225 -0.0509001 -0.0524659 -0.0363579 0.0042898
internal_weight=1702.17 1123.21 426.283 696.928 318.32 107.963 415.933 280.995 578.957 572.001 24.772 6.95595
internal_count=13989 7004 3498 3506 2345 1153 2346 1160 6985 6934 264 51
cat_boundaries=0 1 2 3 4
cat_threshold=38 1 6 2
is_linear=0
shrinkage=0.05


Tree=13
num_leaves=13
num_cat=4
split_feature=0 1 0 0 35 34 43 44 33 43 43 32
split_gain=842.313 213.004 103.122 86.9463 28.5666 26.8696 23.8623 14.9863 9.7712 1.76469 5.29383 0.0939365
threshold=0 1 2 3 86.669643000000022 24.250000000000004 33.250000000000007 45.20000000000001 38.800000000000004 36.250000000000007 37.550000000000004 30.930059500000002
decision_type=1 1 1 1 2 2 2 2 2 2 2 2
left_child=1 2 7 5 -5 -3 -4 -1 9 -2 -11 -10
right_child=8 3 6 4 -6 -7 -8 -9 11 10 -12 -13
leaf_value=0.070523988592353121 -0.052811988717199346 0.033493585562967519 0.020215773722284554 -0.034415170432930957 0.0052821623897961077 -0.008337869129949901 0.065585538077786734 0.0339770336004145 0.0097398617801278363 -0.0024227127405319184 -0.051748240310263607 -0.00059409175823940609
leaf_weight=250.07269750535488 529.83430623263121 137.80364525318146 388.0177129805088 177.22293403744698 60.446641623973846 52.588519141077995 30.631844058632851 34.782725885510445 2.7572597935795775 8.2407010570168513 15.607688494026659 5.0462306588888168
leaf_count=1022 6746 854 2160 1834 512 329 167 144 21 74 187 36
internal_value=-0.000961409 0.0238538 0.0409668 -0.00374488 -0.0233603 0.0208658 0.0231325 0.0639584 -0.0504523 -0.0521311 -0.0354875 0.00374887
internal_weight=1693.05 1131.57 703.505 428.062 237.67 190.392 418.65 284.855 561.486 553.683 23.8484 7.80349
internal_count=14086 7022 3493 3529 2346 1183 2327 1166 7064 7007 261 57
cat_boundaries=0 1 2 3 4
cat_threshold=38 1 2 2
is_linear=0
shrinkage=0.05


Tree=14
num_leaves=14
num_cat=4
split_feature=0 1 0 0 4 39 4 2 19 38 43 43 13
split_gain=784.54 176.096 88.0015 82.7574 36.6281 36.0431 20.9611 17.5186 4.13807 6.66066 2.58499 6.28926 1.59196
threshold=0 1 2 3 -0.98803845231459231 20.250000000000004 0.98522604642031408 7.5000000000000009 30.538889000000001 12.416964000000002 36.250000000000007 37.550000000000004 12.660416500000002
decision_type=1 1 1 1 2 2 2 2 2 2 2 2 2
left_child=1 2 7 5 -5 -3 -4 -1 10 -10 -2 -12 -11
right_child=8 3 6 4 -6 -7 -8 -9 9 12 11 -13 -14
leaf_value=0.051425087217778359 -0.052818840160367281 -0.0081227461625542688 0.025014980504972376 0.055510577486453355 -0.051671116333679538 0.02544882912501294 -0.02125835505993566 0.078059427041555898 -0.050434860987456837 0.031834275174567765 0.0017355638231521609 -0.051388361214580396 -0.0087057580501815994
leaf_weight=185.59900437295437 488.75677010416985 143.94756827503443 400.84204836189747 7.8817726075649253 95.126382641494274 177.77363523840904 25.321528628468513 103.53329606354237 12.407653078436853 2.4780418649315816 8.440496005117895 15.034106753766535 7.0623780712485313
leaf_count=761 6504 1091 2199 46 1120 1264 142 415 164 28 76 188 54
internal_value=-0.000695537 0.0227158 0.0380404 -0.00258784 -0.0392422 0.0101352 0.0217139 0.0591595 -0.0500966 -0.0277009 -0.0519765 -0.0329967 0.00384537
internal_weight=1674.2 1140.03 715.296 424.729 103.008 321.721 426.164 289.132 534.179 21.9481 512.231 23.4746 9.54042
internal_count=14052 7038 3517 3521 1166 2355 2341 1176 7014 246 6768 264 82
cat_boundaries=0 1 2 3 4
cat_threshold=38 1 2 6
is_linear=0
shrinkage=0.05


Tree=15
num_leaves=14
num_cat=4
split_feature=0 1 0 0 39 4 5 5 33 43 43 21 5
split_gain=738.827 156.814 84.1347 78.6829 30.6105 28.5012 23.388 16.4927 9.55416 2.44294 5.93838 0.0559473 0.0180543
threshold=0 1 2 3 20.650000000000002 -0.96235977360714686 -0.98521978256641018 -0.8142754349318998 38.800000000000004 36.250000000000007 37.550000000000004 26.450000000000003 -0.61236746317008228
decision_type=1 1 1 1 2 2 2 2 2 2 2 2 2
left_child=1 3 4 7 -3 -4 -5 -1 9 12 -11 -10 -2
right_child=8 2 5 6 -6 -7 -8 -9 11 10 -12 -13 -14
leaf_value=0.034752274428133154 -0.04862139720859332 -0.0049817777200924993 0.023811798530816355 0.064338516024931389 0.025766503607416131 -0.054185938767760677 0.018302123016952592 0.064753384691788068 -0.00024095376596977743 0.0003263120111258659 -0.051124317662656793 0.0076920923196176667 -0.053770920866014107
leaf_weight=62.589080214500427 151.16683062165976 157.46292888373137 12.943424865603445 28.842549398541451 164.96515820920467 86.440710045397282 406.48687545955181 224.02341830730438 4.1807333528995505 8.670104920864107 14.815350398421286 3.6065765097737312 332.63792236149311
leaf_count=257 2101 1197 81 146 1146 1088 2218 905 30 78 193 27 4627
internal_value=-0.000524222 0.0218572 -0.00217384 0.0361838 0.0104578 -0.0399155 0.0210112 0.056385 -0.0496311 -0.0514351 -0.0328927 0.00389037 -0.0522655
internal_weight=1658.83 1143.75 421.812 721.942 322.428 99.3841 435.329 286.612 515.078 507.29 23.4855 7.78731 483.805
internal_count=14094 7038 3512 3526 2343 1169 2364 1162 7056 6999 271 57 6728
cat_boundaries=0 1 2 3 4
cat_threshold=38 1 6 2
is_linear=0
shrinkage=0.05


Tree=16
num_leaves=14
num_cat=4
split_feature=0 1 0 0 4 36 34 2 33 43 43 32 4
split_gain=690.36 152.49 73.9718 69.2231 39.1702 23.7869 20.6174 15.851 5.95789 2.76348 5.62229 0.578966 0.111197
threshold=0 1 2 3 -0.9354548908432756 96.500000000000014 26.400000000000002 7.5000000000000009 38.800000000000004 36.250000000000007 37.550000000000004 31.040178500000007 0.35846314187849704
decision_type=1 1 1 1 2 2 2 2 2 2 2 2 2
left_child=1 3 5 7 -4 -3 -5 -1 9 12 -11 -10 -2
right_child=8 2 4 6 -6 -7 -8 -9 11 10 -12 -13 -14
leaf_value=0.046211487492401948 -0.053841188998923407 -0.0073774480118485308 0.02572648445742361 0.022397734680033442 -0.031232675055846138 0.03119419313670534 -0.058946978753445393 0.071403152829025526 0.0060949917918102017 0.00094962854523611873 -0.050430035483762028 -0.019273094015564454 -0.048713840689107002
leaf_weight=185.64145958423615 275.49200414121151 55.423563070595264 34.892073914408684 430.37167286872864 195.09633595496416 139.35048224031925 7.0015842318534842 104.19542375206947 4.4671228751540175 8.5655392482876795 12.914894565939901 2.924158051609993 189.15303569287062
leaf_count=752 3989 367 227 2313 2138 815 38 421 33 77 176 21 2764
internal_value=-0.000484504 0.0207116 -0.00291096 0.0347789 -0.0215829 0.0192534 0.0204965 0.0536379 -0.0493238 -0.0509979 -0.030811 -0.00504197 -0.051863
internal_weight=1645.49 1151.97 424.762 727.21 229.988 194.774 437.373 289.837 493.517 486.125 21.4804 7.39128 464.645
internal_count=14131 7071 3547 3524 2365 1182 2351 1173 7060 7006 253 54 6753
cat_boundaries=0 1 2 3 4
cat_threshold=38 1 2 2
is_linear=0
shrinkage=0.05


Tree=17
num_leaves=14
num_cat=4
split_feature=0 1 0 0 4 4 34 34 33 43 43 4 32
split_gain=628.935 131.913 72.5124 66.0113 36.3667 28.7105 23.2248 17.9034 7.94744 2.52369 5.55487 0.317841 0.2087
threshold=0 1 2 3 -0.62588817255938378 -0.96235977360714686 24.550000000000004 25.150000000000002 38.800000000000004 36.250000000000007 37.550000000000004 0.35846314187849704 31.001190500000003
decision_type=1 1 1 1 2 2 2 2 2 2 2 2 2
left_child=1 3 4 7 -3 -4 -5 -1 9 11 -11 -2 -10
right_child=8 2 5 6 -6 -7 -8 -9 12 10 -12 -13 -14
leaf_value=0.047793219900063078 -0.053617916154818014 0.035945238534309552 0.02145044886074457 0.024576266924448708 -0.0013455443146705404 -0.053780858281138558 -0.0042252279013720853 0.090260328803828754 -0.0055123430670707399 0.00023625564282475951 -0.05037342376215085 -0.047937603390284994 0.0095680150790919752
leaf_weight=267.0502253472805 259.95664075762033 89.67438118159771 14.41329789161682 354.04828009009361 234.12261188030243 81.886985972523689 86.848900765180588 28.18629264831543 3.7917708382010451 8.6830352395772952 13.394754983484743 178.59628980606794 3.4580318331718445
leaf_count=1082 3942 580 88 1872 1755 1105 474 113 28 78 190 2720 25
internal_value=-0.000425935 0.0193756 -0.0028121 0.0322871 0.00879024 -0.0384632 0.0184878 0.050436 -0.0486717 -0.0505257 -0.0313213 -0.051419 0.00196861
internal_weight=1624.11 1156.23 420.097 736.134 323.797 96.3003 440.897 295.237 467.881 460.631 22.0778 438.553 7.2498
internal_count=14052 7069 3528 3541 2335 1193 2346 1195 6983 6930 268 6662 53
cat_boundaries=0 1 2 3 4
cat_threshold=38 1 6 2
is_linear=0
shrinkage=0.05


Tree=18
num_leaves=13
num_cat=4
split_feature=0 1 0 0 4 4 5 2 33 43 43 38
split_gain=591.145 112.906 61.0065 55.1184 37.1502 28.2874 23.1017 17.7502 8.39924 3.64362 6.92229 0.187798
threshold=0 1 2 3 -0.96235977360714686 -0.84315017450793706 -0.98212955754013376 7.5000000000000009 38.800000000000004 36.250000000000007 37.550000000000004 13.849107000000002
decision_type=1 1 1 1 2 2 2 2 2 2 2 2
left_child=1 3 5 7 -4 -3 -5 -1 9 -2 -11 -10
right_child=8 2 4 6 -6 -7 -8 -9 11 10 -12 -13
leaf_value=0.039405287606903101 -0.05149069036155738 0.039234555034217244 0.032893283458897853 0.058176541410870433 -0.053518850878302063 0.0012686490630675932 0.014923388489547926 0.065999816080665283 -0.0032665792314414731 0.0068078210191409548 -0.049987422575709095 0.011487392072933048
leaf_weight=189.37150673568249 422.24793904274702 59.413068443536758 14.093261972069739 32.560400679707527 77.128086149692535 261.50786165893078 413.6470101326704 100.25485844910145 3.612505502998828 8.469081178307535 12.687469810247419 3.3350486010313034
leaf_count=762 6704 360 85 158 1088 1958 2193 411 27 76 188 24
internal_value=-0.000647191 0.0184156 -0.00237581 0.0302983 -0.0360478 0.00814444 0.0178045 0.047183 -0.048506 -0.0504339 -0.0279708 0.00437006
internal_weight=1598.33 1147.98 412.142 735.834 91.2213 320.921 446.207 289.626 450.352 443.404 21.1566 6.94755
internal_count=14034 7015 3491 3524 1173 2318 2351 1173 7019 6968 264 51
cat_boundaries=0 1 2 3 4
cat_threshold=38 1 6 2
is_linear=0
shrinkage=0.05


Tree=19
num_leaves=15
num_cat=1
split_feature=1 33 4 34 4 33 44 39 5 34 34 36 5 36
split_gain=115.357 29.3844 35.7443 31.8074 25.1343 26.6414 24.139 18.6596 18.3358 17.8116 13.0902 10.0814 4.97978 2.90372
threshold=0 36.850000000000001 0.10837544681456417 20.250000000000004 -0.78326540922535159 31.350000000000005 48.800000000000004 28.000000000000004 0.42763731121559989 26.400000000000002 24.450000000000003 96.500000000000014 0.26659387353423863 97.500000000000014
decision_type=1 2 2 2 2 2 2 2 2 2 2 2 2 2
left_child=1 2 6 -4 5 12 -1 11 -7 13 -9 -6 -2 -3
right_child=4 9 3 -5 7 8 -8 10 -10 -11 -12 -13 -14 -15
leaf_value=0.020819132480246572 -0.042071226153609587 0.056207134491567994 -0.069533012568254352 0.00064244520326474082 -0.033889332526807446 0.027283425956940738 -0.027890453366376234 0.06596399562819176 -0.029559936832631584 -0.011411124261514529 -0.019932884908159157 -0.018461410049975827 -0.00029941580691097221 0.011434383736820136
leaf_weight=430.53695794939995 28.852814022451639 53.805856220424175 15.799135547131298 415.67406498640776 165.60187763720751 76.388644926249981 26.181447349488735 9.154823340475561 16.503644440323114 12.718279376626013 7.2240653857588759 308.34946743398905 9.3945310041308385 4.5012855082750312
leaf_count=3138 271 370 116 3083 1960 706 199 102 188 99 83 3559 101 33
internal_value=-0.000128727 0.0107398 0.00823863 -0.00208199 -0.0168943 0.00253492 0.017972 -0.0220852 0.0169771 0.0414693 0.0291114 -0.023912 -0.03208 0.0530018
internal_weight=1580.69 959.217 888.192 431.473 621.47 131.14 456.718 490.33 92.8923 71.0254 16.3789 473.951 38.2473 58.3071
internal_count=14008 7038 6536 3199 6970 1266 3337 5704 894 502 185 5519 372 403
cat_boundaries=0 1
cat_threshold=1
is_linear=0
shrinkage=0.05


Tree=20
num_leaves=15
num_cat=4
split_feature=0 1 0 0 4 4 34 34 43 43 33 21 9 19
split_gain=560.074 109.511 66.3965 47.1869 35.9785 22.4931 20.2522 19.0794 3.45405 6.80241 3.22042 1.65743 0.612847 0.487333
threshold=0 1 2 3 -0.94139628442229051 -0.59869031648930193 25.050000000000004 26.400000000000002 36.250000000000007 37.550000000000004 38.800000000000004 24.450000000000003 26.650000000000002 30.538889000000001
decision_type=1 1 1 1 2 2 2 2 2 2 2 2 2 2
left_child=1 3 5 6 -4 -3 -1 -5 10 11 13 -10 -12 -2
right_child=8 2 4 7 -6 -7 -8 -9 9 -11 12 -13 -14 -15
leaf_value=0.042083131945266902 -0.051498526707654736 0.045567956215236308 0.023602432939575858 0.019673610241841475 -0.031116734140034619 0.0081572245621823383 0.087114156680055344 -0.058010596513759421 0.022373737390176868 -0.049674889001747623 0.0024084027518155565 -0.018671322336924489 -0.025463412129217849 -0.034088930545328605
leaf_weight=266.19760467112064 388.10468926280737 55.592261776328087 35.226255834102631 445.3532171100378 180.65035836398602 140.61111675202847 27.84795369207859 7.1039121299982062 5.3632794767618197 12.253489375114439 3.1667977124452582 3.0797165036201477 3.6156396791338921 12.022241462022064
leaf_count=1084 6467 298 216 2312 2130 881 112 40 48 190 23 28 26 195
internal_value=-0.000111167 0.0179598 -0.0025743 0.0295234 -0.0211451 0.0180207 0.0451001 0.0179332 -0.0482937 -0.0272933 -0.0504762 0.00701013 -0.0138125 -0.0510617
internal_weight=1586.19 1158.58 412.08 746.503 215.877 196.203 294.046 452.457 427.606 20.6965 406.909 8.443 6.78244 400.127
internal_count=14050 7073 3525 3548 2346 1179 1196 2352 6977 266 6711 76 49 6662
cat_boundaries=0 1 2 3 4
cat_threshold=38 1 2 2
is_linear=0
shrinkage=0.05


Tree=21
num_leaves=14
num_cat=4
split_feature=0 1 0 0 39 4 26 2 33 43 43 4 5
split_gain=527.113 88.9728 63.1204 47.0418 37.0578 24.706 22.2656 19.7696 5.34158 3.48611 5.80176 0.641184 0.135107
threshold=0 1 2 3 20.250000000000004 -0.96235977360714686 20.550000000000004 7.5000000000000009 39.150000000000013 36.250000000000007 37.550000000000004 0.35846314187849704 -0.23537842981696172
decision_type=1 1 1 1 2 2 2 2 2 2 2 2 2
left_child=1 3 4 7 -3 -4 -5 -1 9 11 -11 -2 -10
right_child=8 2 5 6 -6 -7 -8 -9 12 10 -12 -13 -14
leaf_value=0.03511791543128201 -0.053046033777794738 -0.0096486642343706526 0.016161445139296973 0.0091704145029985976 0.024203022409027657 -0.053060839306115451 0.032757745602819653 0.062877655194158388 0.0052076683141608253 0.0030776066726848341 -0.049235785723840741 -0.046425493927683054 -0.0078301056151269376
leaf_weight=188.8138739913702 228.37318214401603 142.09568373858929 15.229884043335913 306.97200575470924 185.26197563111782 70.64518278837204 148.32112470269203 101.97797647118568 2.9702140390872955 9.0489897057414073 11.423389747738836 159.67075147479773 3.0280436426401129
leaf_count=759 3964 1087 89 1576 1287 1089 770 428 21 81 185 2781 22
internal_value=0.000143845 0.0174694 -0.000994211 0.0279172 0.00924294 -0.0365342 0.0165468 0.0435429 -0.0475146 -0.0493443 -0.0270463 -0.0504482 -0.00155245
internal_weight=1573.83 1159.32 413.233 746.085 327.358 85.8751 455.293 290.792 414.515 408.516 20.4724 388.044 5.99826
internal_count=14139 7085 3552 3533 2374 1178 2346 1187 7054 7011 266 6745 43
cat_boundaries=0 1 2 3 4
cat_threshold=38 1 6 2
is_linear=0
shrinkage=0.05


Tree=22
num_leaves=14
num_cat=4
split_feature=0 0 1 4 1 34 43 5 33 43 43 4 13
split_gain=477.421 92.5381 66.0797 33.2945 29.1602 21.1121 18.3781 18.0288 6.72859 2.16751 4.10929 0.444876 0.213333
threshold=0 1 2 -0.9354548908432756 3 24.250000000000004 43.800000000000004 -0.71502926860092908 38.800000000000004 36.250000000000007 37.550000000000004 0.35846314187849704 13.581250000000002
decision_type=1 1 1 2 1 2 2 2 2 2 2 2 2
left_child=1 4 6 -4 7 -6 -3 -1 9 11 -11 -2 -10
right_child=8 2 3 -5 5 -7 -8 -9 12 10 -12 -13 -14
leaf_value=0.02227736038132265 -0.052866199776742319 0.015343737767891647 0.02266801257064379 -0.029066777949396203 0.02794951722325266 -0.0086071069756836118 -0.058935874804363908 0.05080837127026059 -0.010757659338966719 -0.0027435376687994892 -0.048912477068151987 -0.04648103249184786 0.0041567365198406491
leaf_weight=78.734783187508583 217.07082334160805 456.69176770746708 37.154122829437256 171.53537786006927 141.98954990506172 54.021973043680191 7.5184205025434485 206.99089016020298 3.2431411147117606 8.2856892943382281 10.952474623918532 150.45492031425238 4.6473734304308891
leaf_count=319 3947 2334 226 2104 835 330 40 853 23 74 185 2741 35
internal_value=-0.000621347 0.0156458 0.00346614 -0.019792 0.0322015 0.0178817 0.0140166 0.0430515 -0.0473325 -0.0494591 -0.0301461 -0.0503855 -0.00249385
internal_weight=1549.29 1154.64 672.9 208.69 481.737 196.012 464.21 285.726 394.654 386.764 19.2382 367.526 7.89051
internal_count=14046 7041 4704 2330 2337 1165 2374 1172 7005 6947 259 6688 58
cat_boundaries=0 1 2 3 4
cat_threshold=38 2 1 1
is_linear=0
shrinkage=0.05


Tree=23
num_leaves=14
num_cat=4
split_feature=0 1 0 0 4 4 43 4 33 43 43 5 9
split_gain=442.861 76.8423 54.1998 35.3543 30.4134 20.553 18.3139 17.7928 9.1688 3.83102 6.54009 0.50347 0.0310475
threshold=0 1 2 3 0.96234642434711437 -0.96235977360714686 33.250000000000007 0.022575936829235404 38.800000000000004 36.250000000000007 37.550000000000004 -0.62587551141915865 26.850000000000005
decision_type=1 1 1 1 2 2 2 2 2 2 2 2 2
left_child=1 3 4 7 -3 -4 -5 -1 9 11 -11 -2 -10
right_child=8 2 5 6 -6 -7 -8 -9 12 10 -12 -13 -14
leaf_value=0.054362450631088549 -0.045053860599324307 0.0021180519346000958 0.011632340662141262 0.012497756050054043 0.052448402353172746 -0.052747868806444324 0.050673729649365652 0.028639330995891294 0.0086854120900454433 0.0081732070665396141 -0.048774371288180046 -0.052134093662916048 0.0017419271707637424
leaf_weight=122.53373488783836 107.01125111430883 294.0370414853096 14.842882886528967 429.37367852032185 32.44063463807106 65.499455455690622 33.076430767774582 158.60542592406273 4.2676141411066046 8.2675365731120127 10.990013666450976 245.14452782273293 3.2041406333446503
leaf_count=520 2037 2122 86 2186 233 1079 163 639 32 74 194 4661 23
internal_value=-0.000462238 0.0150227 -0.00231623 0.024701 0.0070488 -0.0363842 0.0150079 0.0386343 -0.0465646 -0.0488917 -0.0251294 -0.0501163 0.0062649
internal_weight=1529.29 1150.41 406.82 743.589 326.478 80.3423 462.45 281.139 378.885 371.413 19.2576 352.156 7.47175
internal_count=14049 7028 3520 3508 2355 1165 2349 1159 7021 6966 268 6698 55
cat_boundaries=0 1 2 3 4
cat_threshold=38 1 6 2
is_linear=0
shrinkage=0.05


Tree=24
num_leaves=13
num_cat=5
split_feature=0 0 1 1 4 2 26 2 4 37 1 38
split_gain=430.019 85.7821 56.6682 28.4012 27.1453 22.9285 20.3476 15.728 3.34333 19.123 25.2183 4.00708
threshold=0 1 2 3 -0.78326540922535159 1.5000000000000002 20.550000000000004 7.5000000000000009 0.35846314187849704 58.500000000000007 4 12.416964000000002
decision_type=1 1 1 1 2 2 2 2 2 2 1 2
left_child=1 3 6 7 -4 -5 -3 -1 -2 11 -11 -10
right_child=8 2 4 5 -6 -7 -8 -9 9 10 -12 -13
leaf_value=0.032995474109750463 -0.052550219262606217 0.005491403678315257 0.011353209995359527 -0.040885635837032835 -0.0296793633115514 0.021631376590206221 0.027781863512091866 0.058397351387458711 -0.052377086102377013 -0.050347956932606013 0.044456264629038199 -0.023560642542462779
leaf_weight=195.02118599414825 201.89248232915998 313.1511559933424 54.414150062948465 14.989883586764334 149.67636593431234 187.29479376971722 151.60151691734791 93.104824051260948 119.93602697923779 12.833169415593147 13.233175899833441 16.064412344247103
leaf_count=787 4017 1580 422 108 1920 1073 765 407 2384 208 220 217
internal_value=2.77855e-05 0.0149578 0.00312107 0.0306787 -0.0187373 0.0168203 0.0128066 0.0413774 -0.0465706 -0.041701 -0.00235414 -0.0491701
internal_weight=1523.21 1159.25 668.843 490.411 204.091 202.285 464.753 288.126 363.959 162.067 26.0663 136
internal_count=14108 7062 4687 2375 2342 1181 2345 1194 7046 3029 428 2601
cat_boundaries=0 1 2 3 4 5
cat_threshold=38 2 1 1 1
is_linear=0
shrinkage=0.05


Tree=25
num_leaves=14
num_cat=4
split_feature=0 0 1 1 39 23 26 33 33 43 43 19 30
split_gain=379.061 70.4807 49.0955 28.2807 25.5292 21.4541 17.8855 15.9941 9.43476 3.8009 5.61331 0.869288 0.139011
threshold=0 1 2 3 28.200000000000006 98.500000000000014 20.550000000000004 36.95000000000001 38.800000000000004 36.250000000000007 37.550000000000004 30.538889000000001 0.15000000000000005
decision_type=1 1 1 1 2 2 2 2 2 2 2 2 2
left_child=1 3 6 7 -4 -5 -3 -1 9 11 -11 -2 -10
right_child=8 2 4 5 -6 -7 -8 -9 12 10 -12 -13 -14
leaf_value=0.034587061519660074 -0.050276064335869286 0.0042115300887610131 -0.021207468799024069 0.0014941448167306805 0.087244896423082197 0.035884124116546068 0.025019889612575126 0.081406491420083729 0.014604761170952952 0.004821767535298626 -0.048178239768819964 -0.029014758050421186 0.0012742997762326248
leaf_weight=260.55090619623661 313.11419135332108 310.78283543884754 197.42415533214808 131.24826237559319 4.6087987832725039 68.369580656290054 154.05332957208157 19.373272195458412 3.1767281368374816 8.7592598795890826 10.135196406394241 9.6092038080096227 4.0752910226583481
leaf_count=1089 6518 1565 2305 801 52 355 767 80 24 78 194 190 30
internal_value=-0.00110726 0.0128437 0.00217411 0.0272997 -0.0183159 0.0133929 0.0111466 0.0381056 -0.0459116 -0.0484203 -0.0246007 -0.0497346 0.00817588
internal_weight=1495.28 1146.41 666.869 479.542 202.033 199.618 464.836 279.924 348.87 341.618 18.8945 322.723 7.25202
internal_count=14048 7014 4689 2325 2357 1156 2332 1169 7034 6980 272 6708 54
cat_boundaries=0 1 2 3 4
cat_threshold=38 2 1 1
is_linear=0
shrinkage=0.05


Tree=26
num_leaves=14
num_cat=3
split_feature=0 0 1 39 2 39 31 43 33 43 43 4 4
split_gain=373.141 60.1602 52.6697 29.8799 22.9989 28.4356 21.5619 21.0202 7.28536 3.10137 4.58332 1.10053 0.249904
threshold=0 1 2 28.200000000000006 1.5000000000000002 18.550000000000004 45.20000000000001 1.9500000000000002 38.800000000000004 36.250000000000007 37.550000000000004 0.35846314187849704 0.97112537654464559
decision_type=1 1 1 2 2 2 2 2 2 2 2 2 2
left_child=1 4 7 -4 5 -1 -6 -3 9 11 -11 -2 -10
right_child=8 2 3 -5 6 -7 -8 -9 12 10 -12 -13 -14
leaf_value=0.040823896231378207 -0.052245146397957742 0.031653696779880953 -0.020798956450412208 0.092010392098886229 0.034186432639494099 -0.041133418333973368 -0.0085250567618019614 0.0071352337143264282 -0.0069869688091178791 0.0021803270257135985 -0.047588769741508635 -0.04397802954942065 0.0097968536101702454
leaf_weight=17.017490766942501 180.90642054378986 115.2806236743927 193.25999172031879 5.0781332701444617 411.52869564294815 24.698910072445869 31.444745495915413 355.88566070795059 2.9472747594118109 8.3466404080390948 9.1484506316483003 127.34021804854274 4.1995175704360008
leaf_count=88 3950 585 2297 53 1991 130 148 1765 21 74 183 2749 32
internal_value=0.000445997 0.0139468 0.00403527 -0.0174636 0.0272444 -0.00752732 0.0311422 0.0131885 -0.045326 -0.0477761 -0.0250106 -0.0489832 0.00286732
internal_weight=1487.08 1154.19 669.504 198.338 484.69 41.7164 442.973 471.166 332.889 325.742 17.4951 308.247 7.14679
internal_count=14066 7057 4700 2350 2357 218 2139 2350 7009 6956 257 6699 53
cat_boundaries=0 1 2 3
cat_threshold=38 2 1
is_linear=0
shrinkage=0.05


Tree=27
num_leaves=14
num_cat=4
split_feature=0 0 1 4 1 34 5 4 33 43 43 4 21
split_gain=352.81 57.6753 43.8424 28.0224 21.9153 19.5148 18.9535 18.5967 6.38587 2.4057 3.31635 0.590997 0.133228
threshold=0 1 2 -0.79384350655589164 3 24.550000000000004 0.95691861501572217 0.10837544681456417 38.800000000000004 36.250000000000007 37.550000000000004 0.35846314187849704 26.550000000000004
decision_type=1 1 1 2 1 2 2 2 2 2 2 2 2
left_child=1 4 5 -4 7 -3 -6 -1 9 11 -11 -2 -10
right_child=8 2 3 -5 6 -7 -8 -9 12 10 -12 -13 -14
leaf_value=0.04978744317571647 -0.052100598369957812 0.016524479980177278 0.014510934485407368 -0.028052958153031427 0.018165280453355696 -0.0092828087298012125 -0.041066592841393051 0.023598300538261896 0.0030416252916017623 -0.0037891433662312064 -0.047193105146044023 -0.044754030274807038 -0.0088203071129267559
leaf_weight=127.05762454867363 171.81208964437246 380.26044023036957 52.266675863415003 142.13730607554317 192.89261930435896 89.980866596102715 13.582018099725245 151.62821543216705 4.728752188384532 8.4555147364735621 8.6281208097934705 122.65190317109227 3.1194731444120407
leaf_count=561 3935 1873 411 1919 1079 462 89 617 35 75 180 2757 23
internal_value=4.56749e-05 0.0130201 0.00327553 -0.0165937 0.0260011 0.011577 0.0140898 0.0356737 -0.0455413 -0.0480815 -0.0271079 -0.0492024 -0.00213719
internal_weight=1469.2 1149.81 664.645 194.404 485.16 470.241 206.475 278.686 319.396 311.548 17.0836 294.464 7.84823
internal_count=14016 7011 4665 2330 2346 2335 1168 1178 7005 6947 255 6692 58
cat_boundaries=0 1 2 3 4
cat_threshold=38 2 1 1
is_linear=0
shrinkage=0.05


Tree=28
num_leaves=14
num_cat=3
split_feature=0 0 1 2 33 39 33 36 33 43 43 19 19
split_gain=322.614 48.3175 33.9175 27.0243 44.5951 25.475 23.1144 17.0797 5.43377 3.05076 4.15212 1.01892 0.849834
threshold=0 1 2 7.5000000000000009 34.550000000000004 25.250000000000004 31.250000000000004 91.500000000000014 38.800000000000004 36.250000000000007 37.550000000000004 30.538889000000001 30.923611000000005
decision_type=1 1 1 2 2 2 2 2 2 2 2 2 2
left_child=1 3 7 4 -1 -4 -5 -3 9 11 -11 -2 -10
right_child=8 2 5 6 -6 -7 -8 -9 12 10 -12 -13 -14
leaf_value=9.432541166803701e-05 -0.049550976026816955 -0.017249314259845907 -0.021679903746346943 0.0030726056768892937 0.038190356522514152 0.03324874475727739 0.049777820719863045 0.013371630176576841 -0.019824166637054996 0.00010011463512536929 -0.047241069035407729 -0.02668291964433956 0.011053137825400537
leaf_weight=188.95557199418545 272.25313394889235 50.139965802431107 167.02485705912113 33.193776324391365 128.44921977818012 23.236126121133566 132.91616955399513 424.02798417210579 2.995979741215705 8.6846067905426043 8.9141043014824373 8.771173529326914 4.0770345032215118
leaf_count=916 6482 255 2083 168 625 246 640 2087 22 77 194 193 30
internal_value=-0.000408467 0.0118185 0.00290815 0.0237258 0.0155828 -0.0148328 0.0405189 0.0101042 -0.0451258 -0.0476201 -0.0251299 -0.0489344 -0.00286136
internal_weight=1453.64 1147.94 664.429 483.515 317.405 190.261 166.11 474.168 305.696 298.623 17.5987 281.024 7.07301
internal_count=14018 7020 4671 2349 1541 2329 808 2342 6998 6946 271 6675 52
cat_boundaries=0 1 2 3
cat_threshold=38 2 1
is_linear=0
shrinkage=0.05


Tree=29
num_leaves=14
num_cat=5
split_feature=0 0 1 4 33 2 23 33 1 4 43 1 4
split_gain=298.519 49.2994 31.2009 31.9334 24.0336 32.6603 17.1957 5.26983 7.24415 4.45081 4.28122 5.92869 0.752222
threshold=0 1 2 -0.78326540922535159 36.850000000000001 7.5000000000000009 99.500000000000014 38.800000000000004 3 0.90892735371523092 36.250000000000007 4 0.35846314187849704
decision_type=1 1 1 2 2 2 2 2 1 2 2 1 2
left_child=1 4 6 -4 5 -1 -3 10 -9 -6 12 -12 -2
right_child=7 2 3 -5 9 -7 -8 8 -10 -11 11 -13 -14
leaf_value=0.0099394432375733317 -0.051842576257296824 0.005540960481775035 0.018040092484836637 -0.027744102884800947 0.032763817117044153 0.037770014872559106 0.03557928980364513 0.042851452516956101 -0.04625244759288507 0.076668903174728353 -0.048782895054414528 0.0082743772431980254 -0.043826386540815887
leaf_weight=281.34618739783764 157.41082881763577 426.10533019900322 51.942898545414209 136.0854700319469 10.700025036931036 168.60225369036198 52.737309098243713 3.4524611532688132 3.6819909065961838 22.721688076853752 8.1799050197005272 8.5420936271548271 112.16492192074656
leaf_count=1357 3955 2105 419 1914 54 819 250 24 29 109 131 133 2742
internal_value=-0.000499818 0.0110611 0.00210997 -0.0150677 0.0230886 0.0204286 0.00891648 -0.0445638 -0.00316667 0.0639728 -0.0471319 -0.0208141 -0.0486815
internal_weight=1443.67 1150.24 666.871 188.028 483.37 449.948 478.843 293.432 7.13445 33.4217 286.298 16.722 269.576
internal_count=14041 7027 4688 2333 2339 2176 2355 7014 53 163 6961 264 6697
cat_boundaries=0 1 2 3 4 5
cat_threshold=38 2 1 1 1
is_linear=0
shrinkage=0.05


Tree=30
num_leaves=14
num_cat=3
split_feature=0 0 33 4 34 1 4 36 33 43 43 5 9
split_gain=279.462 44.4353 62.9567 46.5138 37.1082 33.9595 25.7237 23.2716 6.20339 3.54902 4.32263 0.369303 0.14513
threshold=0 1 36.850000000000001 0.10837544681456417 26.400000000000002 2 -0.96235977360714686 94.500000000000014 38.800000000000004 36.250000000000007 37.550000000000004 -0.61236746317008228 26.650000000000002
decision_type=1 1 2 2 2 1 2 2 2 2 2 2 2
left_child=1 2 3 -1 -4 7 -7 -3 9 11 -11 -2 -10
right_child=8 5 4 -5 -6 6 -8 -9 12 10 -12 -13 -14
leaf_value=0.023741373958627306 -0.043575178963195155 -0.029627495314335783 0.083447191219440747 -0.00081183282613873713 -0.015714253956124396 0.020674115141406949 -0.052087441856083744 0.010260076695769406 -0.0091255464597416597 0.0030610750084024002 -0.046614220875390008 -0.051244580169277756 0.0032491245243255564
leaf_weight=407.1939562112093 81.365795481950045 44.226985111832619 48.853547103703022 365.57180000841618 11.28451746702194 14.863773122429846 55.746466863900423 190.09299497306347 3.1310139000415793 8.2277448773384112 8.0897539742290956 177.71327812224627 4.709709607064724
leaf_count=2229 2109 239 264 2093 65 85 1072 920 23 74 187 4620 35
internal_value=-0.00127164 0.00988258 0.0158319 0.01214 0.0648875 -0.00635312 -0.036696 0.00263754 -0.0447319 -0.04755 -0.0228361 -0.0490128 -0.00216568
internal_weight=1421.07 1137.83 832.904 772.766 60.1381 304.93 70.6102 234.32 283.237 275.397 16.3175 259.079 7.84072
internal_count=14015 6967 4651 4322 329 2316 1157 1159 7048 6990 261 6729 58
cat_boundaries=0 1 2 3
cat_threshold=38 6 1
is_linear=0
shrinkage=0.05


Tree=31
num_leaves=14
num_cat=6
split_feature=0 1 0 39 0 4 23 2 33 1 43 1 4
split_gain=259.259 41.0317 34.4772 32.4024 29.5898 23.7577 17.0995 15.4877 6.45814 6.55754 3.26855 4.76459 1.15712
threshold=0 1 2 20.650000000000002 3 -0.97509794945709782 99.500000000000014 7.5000000000000009 38.800000000000004 4 36.250000000000007 5 0.35846314187849704
decision_type=1 1 1 2 1 2 2 2 2 1 2 1 2
left_child=1 4 3 -3 7 -4 -6 -1 10 -10 12 -12 -2
right_child=8 2 5 -5 6 -7 -8 -9 9 -11 11 -13 -14
leaf_value=0.022711510181532751 -0.051606305248110398 -0.012133412948457538 0.024034523896192917 0.019167631027226982 0.0056276198402653264 -0.050594196190659635 0.035075498973484158 0.048697581435919339 0.038926390420454468 -0.044815223485202976 -0.048391280126263647 0.0038667084152466851 -0.042332373436171591
leaf_weight=184.37604783475399 143.71505587175488 156.46166510134935 12.460200160741804 173.17564660310745 429.68027380108833 56.473652210086584 54.787881702184677 85.033866882324219 4.1154436022043219 3.3054767027497292 7.7679837048053741 8.4075628183782118 102.22043586149812
leaf_count=759 3959 1175 69 1147 2113 1105 255 410 28 27 130 134 2724
internal_value=-0.000418523 0.00999095 -0.00289394 0.0041921 0.0169303 -0.0323308 0.00884112 0.0299555 -0.0435584 0.000733275 -0.0464659 -0.0225855 -0.0479387
internal_weight=1421.98 1152.45 398.571 329.637 753.878 68.9339 484.468 269.41 269.532 7.42092 262.111 16.1755 245.935
internal_count=14035 7033 3496 2322 3537 1174 2368 1169 7002 55 6947 264 6683
cat_boundaries=0 1 2 3 4 5 6
cat_threshold=38 1 6 2 1 1
is_linear=0
shrinkage=0.05


Tree=32
num_leaves=14
num_cat=4
split_feature=0 1 0 0 25 33 43 4 32 4 5 4 32
split_gain=244.562 36.2426 31.4659 27.5736 24.6993 23.4429 15.8949 15.2458 5.09917 5.21477 3.71692 11.2121 2.55479
threshold=0 1 2 3 5.0236110000000007 31.250000000000004 1.9500000000000002 0.10837544681456417 30.497916500000006 0.93544191479114935 -0.61236746317008228 0.35846314187849704 30.844940500000003
decision_type=1 1 1 1 2 2 2 2 2 2 2 2 2
left_child=1 3 5 7 -4 -3 -5 -1 10 -10 11 -2 -11
right_child=8 2 4 6 -6 -7 -8 -9 9 12 -12 -13 -14
leaf_value=0.042960308253163611 -0.050931994993729947 -0.034069120939935353 0.095528527915187234 0.024428724202136973 -0.041865654198213295 0.0087777724961773627 0.0032368621763369633 0.018796486937522797 -0.045415845765481154 0.043852501201187596 -0.051575138835251846 -0.012806327438922925 -0.0085218168409162253
leaf_weight=118.89343610405922 53.645319432020187 34.789283096790314 2.5129885114729396 115.67979680001736 65.52750413492322 295.37601131945848 367.81239628791809 149.70838342607021 6.8156597092747679 2.5684010386466962 159.47969281673431 31.114880476146936 5.9895202964544296
leaf_count=557 1538 234 20 573 1162 2089 1781 618 179 39 4542 688 44
internal_value=-0.000545108 0.00943784 -0.00267385 0.0159709 -0.030992 0.00405144 0.00817836 0.0285529 -0.0433432 -0.0157592 -0.0467756 -0.0372488 0.0101403
internal_weight=1409.91 1150.3 398.206 752.094 68.0405 330.165 483.492 268.602 259.613 15.3736 244.24 84.7602 8.55792
internal_count=14064 7034 3505 3529 1182 2323 2354 1175 7030 262 6768 2226 83
cat_boundaries=0 1 2 3 4
cat_threshold=38 1 6 2
is_linear=0
shrinkage=0.05


Tree=33
num_leaves=13
num_cat=1
split_feature=0 33 4 44 34 36 42 34 4 37 9 19
split_gain=228.402 38.6584 42.6117 39.3213 30.7259 27.4411 36.8748 7.75067 4.57317 21.3724 11.0613 4.10744
threshold=0 36.350000000000001 0.10837544681456417 52.000000000000007 20.250000000000004 94.500000000000014 2.5000000000000004 24.950000000000003 0.35846314187849704 58.500000000000007 24.550000000000004 30.538889000000001
decision_type=1 2 2 2 2 2 2 2 2 2 2 2
left_child=1 2 3 -1 -4 6 -3 -7 -2 11 -11 -10
right_child=8 5 4 -5 -6 7 -8 -9 9 10 -12 -13
leaf_value=0.017261450943677401 -0.051384687057870075 0.063069981355516599 -0.071747269617004172 -0.058435977016178864 -0.003040745725366716 0.10101116116233078 0.0011992967828981075 0.030889349505362224 -0.051223730433962979 0.051096325509559053 -0.019323379322918055 -0.020531123035006742
leaf_weight=551.14814671874046 130.91170852445066 36.701098300516605 15.905569255352018 16.747081369161606 438.14801916852593 16.572564586997036 66.778359983116388 6.5735299028456202 81.260034780949354 8.0154642239213008 13.699173502624033 14.722117211669682
leaf_count=3279 3961 221 108 97 2776 97 426 40 2366 139 293 251
internal_value=-0.000518156 0.00898054 0.00581216 0.0149304 -0.00559992 0.0350091 0.0235366 0.0832005 -0.0429034 -0.0367309 0.00777558 -0.0467762
internal_weight=1397.18 1148.57 1021.95 567.895 454.054 126.626 103.479 23.1461 248.608 117.697 21.7146 95.9822
internal_count=14054 7044 6260 3376 2884 784 647 137 7010 3049 432 2617
cat_boundaries=0 1
cat_threshold=38
is_linear=0
shrinkage=0.05


Tree=34
num_leaves=14
num_cat=2
split_feature=0 33 34 37 0 33 34 33 33 5 4 7 9
split_gain=216.39 38.1553 44.6727 46.0556 26.3354 26.6724 21.9203 20.3946 8.29979 3.53581 11.0582 1.16724 0.0213136
threshold=0 36.350000000000001 24.550000000000004 32.500000000000007 1 37.100000000000009 26.400000000000002 33.750000000000007 38.800000000000004 -0.61236746317008228 0.35846314187849704 30.750000000000004 26.750000000000004
decision_type=1 2 2 2 1 2 2 2 2 2 2 2 2
left_child=1 2 3 -1 6 -6 -3 -4 9 10 -2 -11 -10
right_child=8 4 7 -5 5 -7 -8 -9 12 11 -12 -13 -14
leaf_value=-0.01987405251206497 -0.050648508221070469 0.057593942440614068 -0.037978560328632449 0.014517838332248723 0.035067877682400772 -0.054755186418045422 -0.0147016963842079 -0.0011554796801291941 0.003438992377390507 -0.0513676041547802 -0.011778369054702392 -0.022521989586816997 0.010051728860688093
leaf_weight=110.73984763398767 48.294969588518143 87.006672918796539 73.455964617431164 759.84716476872563 15.01072094589472 16.153787009418011 11.49484011530876 76.09937385097146 3.8957113176584235 147.41134492494166 30.301011621952057 5.8444275222718707 3.4424427896738052
leaf_count=721 1524 461 464 4571 123 135 66 488 29 4614 685 157 26
internal_value=-0.000119505 0.0089726 0.00578599 0.0101254 0.0344937 -0.00896007 0.0446109 -0.0193737 -0.0422942 -0.0457075 -0.0359992 -0.0504207 0.0073746
internal_weight=1389 1149.81 1020.14 870.587 129.666 31.1645 98.5015 149.555 239.19 231.852 78.596 153.256 7.33815
internal_count=14064 7029 6244 5292 785 258 527 952 7035 6980 2209 4771 55
cat_boundaries=0 1 2
cat_threshold=38 6
is_linear=0
shrinkage=0.05


Tree=35
num_leaves=14
num_cat=4
split_feature=0 0 33 4 1 43 42 25 33 1 5 4 19
split_gain=200.154 34.0959 46.115 49.711 29.9898 24.8909 24.4599 24.0441 7.90236 8.43864 4.00263 12.1138 0.856435
threshold=0 1 36.350000000000001 0.17646842360078757 2 33.250000000000007 3.5000000000000004 5.0236110000000007 38.800000000000004 3 -0.61236746317008228 0.35846314187849704 30.538889000000001
decision_type=1 1 2 2 1 2 2 2 2 1 2 2 2
left_child=1 2 3 -1 5 -3 -4 -6 10 -10 11 -2 -12
right_child=8 4 6 -5 7 -7 -8 -9 9 -11 12 -13 -14
leaf_value=0.020633101996440091 -0.050528015661474524 -0.0022449145664928745 0.06776538211690307 -0.0054044525137728998 0.083669842552280743 0.057593670750595842 0.016954254267784359 -0.042671006165331905 0.049919979950077714 -0.044802821435512639 -0.051257969089059732 -0.0094991979007930921 -0.026232009030082788
leaf_weight=433.15461754053831 46.546747965738177 224.9062993824482 55.115256644785404 316.68609561771154 3.0920163281261912 17.828939780592918 42.480360619723797 62.357918061316013 4.0475370883941642 3.416009746491909 137.94191109016538 29.828203350305557 6.844153467565774
leaf_count=2362 1540 1102 284 1809 24 83 235 1141 27 29 4531 678 189
internal_value=2.03536e-05 0.00856919 0.0137237 0.00964391 -0.00558886 0.0023685 0.0460451 -0.035533 -0.0416018 0.00639487 -0.0451156 -0.0348341 -0.050263
internal_weight=1384.25 1155.62 847.436 749.841 308.185 242.735 97.5956 65.4499 228.625 7.46355 221.161 76.375 144.786
internal_count=14034 7040 4690 4171 2350 1185 519 1165 6994 56 6938 2218 4720
cat_boundaries=0 1 2 3 4
cat_threshold=38 6 1 1
is_linear=0
shrinkage=0.05


Tree=36
num_leaves=14
num_cat=5
split_feature=0 1 0 0 4 39 4 4 19 1 4 5 4
split_gain=182.411 39.1808 26.484 25.4918 23.9627 23.0147 18.9297 15.9824 7.292 8.79574 10.0341 5.1993 13.11
threshold=0 1 2 3 -0.98523971305672664 20.250000000000004 0.98372640911059162 0.091259403071267911 30.538889000000001 4 0.93544191479114935 -0.61236746317008228 0.35846314187849704
decision_type=1 1 1 1 2 2 2 2 2 1 2 2 2
left_child=1 3 5 7 -4 -3 -5 -1 11 10 -10 12 -2
right_child=8 2 4 6 -6 -7 -8 -9 9 -11 -12 -13 -14
leaf_value=0.041783746903667707 -0.050394627284651952 -0.013862701188199321 0.030344363659099434 0.0098598078728155195 -0.050426878928528589 0.012511300131497431 -0.030340830667190656 0.01679245749979635 -0.039035789585124242 -0.047549478904791165 0.06390136419532505 -0.051163632053633994 -0.007233001083600768
leaf_weight=114.49604097008705 44.18696148134768 143.62880269438028 10.379504188895224 456.80013637244701 52.627222619950771 192.24136678874493 30.321731820702553 148.74664360284805 3.0170690417289716 6.5208227839320889 5.1065472587943077 133.14003148861229 29.436401199549437
leaf_count=556 1532 1064 55 2193 1109 1253 151 620 83 122 44 4589 679
internal_value=-0.0003841 0.00772061 -0.00486698 0.0145122 -0.0318748 0.00118994 0.00715386 0.0267663 -0.0408103 -0.00793918 0.0255828 -0.0450533 -0.0334657
internal_weight=1370.65 1149.24 398.877 750.365 63.0067 335.87 487.122 263.243 221.408 14.6444 8.12362 206.763 73.6234
internal_count=14050 7001 3481 3520 1164 2317 2344 1176 7049 249 127 6800 2211
cat_boundaries=0 1 2 3 4 5
cat_threshold=38 1 6 2 1
is_linear=0
shrinkage=0.05


Tree=37
num_leaves=13
num_cat=2
split_feature=0 0 44 38 43 43 43 40 20 5 4 38
split_gain=175.946 31.3944 21.8048 32.675 19.5507 39.1133 23.0074 17.1823 5.58625 4.22708 11.9724 1.09343
threshold=0 1 44.45000000000001 11.015178500000001 33.250000000000007 43.800000000000004 2.1500000000000008 69.000000000000014 38.800000000000004 -0.61236746317008228 0.35846314187849704 12.416964000000002
decision_type=1 1 2 2 2 2 2 2 2 2 2 2
left_child=1 2 3 -1 6 -6 -3 -4 9 10 -2 -11
right_child=8 4 7 -5 5 -7 -8 -9 -10 11 -12 -13
leaf_value=0.016724853004622713 -0.050270268315952743 0.013770291501518811 -0.031564258463337679 0.061473455676016989 0.049940527276722872 -0.058441088822728429 -0.0080498182449995227 0.016742506204243193 0.012898899457831814 -0.05107687307112091 -0.0085041418240314505 -0.025948201917383781
leaf_weight=362.45869089663029 42.255453635007143 163.91552713885903 36.554923921823502 45.252959929406643 42.348451439291239 9.4145026467740518 450.83175334334373 35.208660557866096 3.9400825202465048 127.02982389554381 29.23089175671339 7.7974887192249289
leaf_count=1791 1536 1197 174 217 257 74 3140 165 30 4576 684 175
internal_value=-0.000443944 0.00737514 0.0170099 0.0218299 0.000280411 0.0294944 -0.00221881 -0.00795961 -0.0412896 -0.0443733 -0.033545 -0.0498253
internal_weight=1356.24 1145.99 479.475 407.712 666.51 51.763 614.747 71.7636 210.254 206.314 71.4863 134.827
internal_count=14016 7015 2347 2008 4668 331 4337 339 7001 6971 2220 4751
cat_boundaries=0 1 2
cat_threshold=38 2
is_linear=0
shrinkage=0.05


Tree=38
num_leaves=13
num_cat=5
split_feature=0 1 0 25 0 39 34 43 4 37 1 38
split_gain=171.863 37.6218 24.6492 25.2446 23.0112 22.0146 17.4626 15.1444 5.66817 20.9412 29.8508 6.18183
threshold=0 1 2 5.0236110000000007 3 20.650000000000002 25.150000000000002 43.800000000000004 0.35846314187849704 58.500000000000007 4 12.416964000000002
decision_type=1 1 1 2 1 2 2 2 2 2 1 2
left_child=1 4 5 -4 6 -3 -1 -6 -2 11 -11 -10
right_child=8 2 3 -5 7 -7 -8 -9 9 10 -12 -13
leaf_value=0.023331699022517308 -0.05088917921201859 -0.01173344508784013 0.089696653293551087 -0.04325896155168401 0.0091484878599056626 0.013526331545873675 0.067796793933075958 -0.058852000180764169 -0.050742821448897739 -0.048677863494224149 0.066497638657787198 -0.011166198250998308
leaf_weight=235.64959521591663 104.15880087018013 162.51861056685448 2.8805472925305358 57.934343855828047 484.31032182276249 181.57306663691998 23.822506383061409 7.3426776975393286 67.042496187612414 9.9197813272476196 10.642596812918782 12.311651073396204
leaf_count=1067 4003 1208 20 1137 2322 1152 108 39 2400 218 219 215
internal_value=0.000582347 0.00814266 -0.00406611 -0.0306533 0.0148289 0.00155145 0.0266361 0.00785606 -0.0404979 -0.0332815 0.0112536 -0.044818
internal_weight=1360.11 1156.03 404.907 60.8149 751.125 344.092 259.472 491.653 204.075 99.9165 20.5624 79.3541
internal_count=14108 7053 3517 1157 3536 2360 1175 2361 7055 3052 437 2615
cat_boundaries=0 1 2 3 4 5
cat_threshold=38 1 6 2 1
is_linear=0
shrinkage=0.05


Tree=39
num_leaves=15
num_cat=1
split_feature=1 42 19 4 44 34 23 33 4 39 38 4 23 37
split_gain=30.3442 19.1594 29.0252 28.6359 26.2988 21.7397 18.855 21.1875 18.9097 14.9585 14.3775 12.0725 7.12638 6.7337
threshold=0 2.5000000000000004 27.893750000000004 0.10837544681456417 33.300000000000004 23.950000000000003 96.500000000000014 31.250000000000004 -0.85227431625818906 19.150000000000002 11.053273500000001 0.96234642434711437 80.500000000000014 56.500000000000007
decision_type=1 2 2 2 2 2 2 2 2 2 2 2 2 2
left_child=1 2 9 5 -5 -3 10 13 -9 -1 12 -12 -2 -8
right_child=6 3 -4 4 -6 -7 7 8 -10 -11 11 -13 -14 -15
leaf_value=0.03541533474202789 0.01730133046069349 0.0041182258377706997 0.053090510665544467 -0.034077307065098296 -0.00069872423629011732 0.030196831133791666 0.021073388797658556 0.025799236881769567 -0.0049203817675741897 -0.01575662756891839 -0.019276893930388533 0.023168833805793078 -0.034823086939915086 -0.04171265318041336
leaf_weight=20.684160271659493 6.3532954640686503 258.986193979159 48.884020542725921 73.141942365095019 289.39229949563742 114.83399070054293 4.1986782643944016 67.25973585806787 187.40462842211127 40.840784920379519 45.110380329191685 25.33149665594101 120.46715660579503 37.026795061305165
leaf_count=178 100 2205 375 599 2350 954 75 701 2720 339 637 314 1955 489
internal_value=-0.000319157 0.00542143 0.0247471 0.00249411 -0.00750813 0.0121885 -0.010167 -0.0021645 0.00326219 0.00173822 -0.0220992 -0.0039024 -0.0320969 -0.0349705
internal_weight=1339.92 846.763 110.409 736.354 362.534 373.82 493.152 295.89 254.664 61.5249 197.262 70.4419 126.82 41.2255
internal_count=13991 7000 892 6108 2949 3159 6991 3985 3421 517 3006 951 2055 564
cat_boundaries=0 1
cat_threshold=1
is_linear=0
shrinkage=0.05


Tree=40
num_leaves=10
num_cat=3
split_feature=0 44 1 39 4 4 0 37 30
split_gain=147.428 34.5573 29.2258 23.9421 18.8785 6.79603 23.1105 56.9456 1.13026
threshold=0 52.000000000000007 1 27.450000000000006 0.10837544681456417 0.35846314187849704 2 58.500000000000007 22.200000000000006
decision_type=1 2 1 2 2 2 1 2 2
left_child=1 2 4 -4 -1 -2 7 -7 -3
right_child=5 8 3 -5 -6 6 -8 -9 -10
leaf_value=0.022140701380840178 -0.05079924083188711 -0.070929522277419374 -0.0055214546338222918 0.064126450447130126 0.0060983794134461472 -0.025472856037099968 -0.044827135614921909 0.12976264764828277 -0.032354367850873075
leaf_weight=343.01287460327148 99.129631726071239 12.004309076815845 381.91811985895038 11.752402536571024 395.06427830457687 25.134236961603168 63.211539657786489 6.6398398950695983 5.4182266891002646
leaf_count=1621 3998 73 3385 83 1853 864 2010 139 29
internal_value=-0.000358597 0.0065555 0.00771181 -0.00328502 0.0135737 -0.0394293 -0.0312655 0.00761331 -0.0613405
internal_weight=1343.29 1149.17 1131.75 393.671 738.077 194.115 94.9856 31.7741 17.4225
internal_count=14055 7044 6942 3468 3474 7011 3013 1003 102
cat_boundaries=0 1 2 3
cat_threshold=38 1 1
is_linear=0
shrinkage=0.05


Tree=41
num_leaves=12
num_cat=4
split_feature=0 0 33 4 34 1 43 25 4 0 37
split_gain=137.596 29.9618 40.5108 37.8352 25.1087 24.3302 22.5554 17.5354 6.70754 21.5965 46.23
threshold=0 1 36.850000000000001 0.10837544681456417 26.400000000000002 2 31.750000000000004 4.9326385000000004 0.35846314187849704 3 58.500000000000007
decision_type=1 1 2 2 2 1 2 2 2 1 2
left_child=1 2 3 -1 -4 6 -3 -7 -2 10 -10
right_child=8 5 4 -5 -6 7 -8 -9 9 -11 -12
leaf_value=0.018220773782928964 -0.05071000660032015 -0.0056671720822723398 0.063903768917254397 -0.0038558487461840814 -0.016201713859688872 0.08199843937075442 0.045769885202566835 -0.042413374188590494 -0.026620574124287401 -0.044557492792628564 0.10440531624744126
leaf_weight=408.05469724535942 94.315880827605724 219.38158535957336 51.438334718346596 368.72582634538412 11.590700119733809 2.0761450976133338 22.594644576311111 55.52327498421073 24.501295136287808 61.35651676543057 8.1538029331713897
leaf_count=2233 3989 1065 261 2102 66 14 103 1153 872 2030 153
internal_value=-0.000692448 0.00596373 0.0107835 0.00774985 0.0491498 -0.00745107 -0.000695608 -0.0366062 -0.0390345 -0.0310191 0.00634168
internal_weight=1327.71 1139.39 839.81 776.781 63.029 299.576 241.976 57.5994 188.327 94.0116 32.6551
internal_count=14041 6997 4662 4335 327 2335 1168 1167 7044 3055 1025
cat_boundaries=0 1 2 3 4
cat_threshold=38 6 1 1
is_linear=0
shrinkage=0.05


Tree=42
num_leaves=12
num_cat=5
split_feature=0 44 0 26 1 33 1 43 1 4 19
split_gain=137.516 30.0542 26.8386 22.6823 14.5014 8.01707 6.19122 4.84012 6.15026 1.47128 1.26805
threshold=0 52.000000000000007 1 20.550000000000004 2 38.800000000000004 3 36.250000000000007 4 -0.95244167294248061 30.675694500000002
decision_type=1 2 1 2 1 2 1 2 1 2 2
left_child=1 2 4 -4 -1 7 -7 10 -9 -3 -2
right_child=5 9 3 -5 -6 6 -8 8 -10 -11 -12
leaf_value=0.024765028419842752 -0.0468182766648454 -0.030231631237873497 -0.0057514081177182236 0.013871046326175047 0.007083458399752377 0.042939383977276278 -0.041370814715972648 -0.046818910020559816 0.016562017235529514 -0.069755423085122337 -0.015576291915158481
leaf_weight=254.40091931819916 156.092075381428 6.0202267765998867 442.39771754294634 219.51790795102715 214.40243053436279 4.3566237390041342 2.701378159224987 6.2107713092118484 7.3579439464956522 10.789439268410204 4.5974877532571545
leaf_count=1175 6571 33 3149 1479 1143 28 26 126 127 68 158
internal_value=-0.000180033 0.00632254 0.00738651 0.000755894 0.0163625 -0.0393324 0.00954096 -0.0435993 -0.0136715 -0.0580926 -0.0460263
internal_weight=1328.84 1147.53 1130.72 661.916 468.803 181.316 7.058 174.258 13.5687 16.8097 160.69
internal_count=14083 7047 6946 4628 2318 7036 54 6982 253 101 6729
cat_boundaries=0 1 2 3 4 5
cat_threshold=38 2 1 1 1
is_linear=0
shrinkage=0.05


Tree=43
num_leaves=14
num_cat=5
split_feature=0 1 0 0 4 39 5 26 32 1 5 5 4
split_gain=123.076 25.9149 20.3115 18.0773 22.1208 17.0912 16.4513 14.9939 6.54487 7.22567 7.74318 5.20127 10.7792
threshold=0 1 2 3 -0.96235977360714686 20.250000000000004 -0.71502926860092908 12.250000000000002 30.497916500000006 4 -0.35042475891464192 -0.61236746317008228 0.35846314187849704
decision_type=1 1 1 1 2 2 2 2 2 1 2 2 2
left_child=1 2 6 5 -5 -3 -1 -4 11 10 -10 12 -2
right_child=8 3 7 4 -6 -7 -8 -9 9 -11 -12 -13 -14
leaf_value=0.0034704018588654958 -0.04964214984103843 -0.013043546087522407 -0.036300488849577275 0.019311562094950642 -0.051040647978913826 0.0095558158082719308 0.031495661873139805 0.0066631659855600203 -0.037165309241290551 -0.045643319615558078 0.056899898956706163 -0.050663919558581266 -0.0071163679710305244
leaf_weight=74.672067910432816 33.1046859677881 143.02090935409069 20.24005763232708 14.448586270213125 42.374873938038945 198.61583131551743 176.43424901366234 468.00750257074833 2.5878768153488636 5.4955081548541784 5.0159854888915998 100.05012191459537 27.149220652878284
leaf_count=324 1522 1082 95 86 1086 1268 846 2225 91 133 42 4523 682
internal_value=-0.000595924 0.0055 0.0110826 -0.00472286 -0.0282431 8.20923e-05 0.0223231 0.0047152 -0.038505 -0.00620681 0.0242873 -0.0434766 -0.0309099
internal_weight=1311.22 1137.81 739.354 398.46 56.8235 341.637 251.106 488.248 173.403 13.0994 7.60386 160.304 60.2539
internal_count=14005 7012 3490 3522 1172 2350 1170 2320 6993 266 133 6727 2204
cat_boundaries=0 1 2 3 4 5
cat_threshold=38 1 2 6 1
is_linear=0
shrinkage=0.05


Tree=44
num_leaves=9
num_cat=2
split_feature=0 0 33 4 34 17 26 40
split_gain=114.754 32.1944 20.9795 41.9459 27.8221 17.5667 17.0823 12.916
threshold=0 1 36.350000000000001 0.77788564761185042 26.400000000000002 38.70000000000001 14.950000000000001 78.750000000000014
decision_type=1 1 2 2 2 2 2 2
left_child=-1 5 3 -3 -4 6 -2 -7
right_child=1 2 4 -5 -6 7 -8 -9
leaf_value=-0.047072625800399746 -0.0017431363798767374 -0.00031025524282196149 0.030970426920282131 -0.036323440425794044 -0.057455200483352176 -0.027676867896837105 0.02359764283442899 0.016464227145969262
leaf_weight=109.38617022521794 83.657692983746529 555.86599509045482 75.176687462255359 93.621374061331153 9.1419895123690349 38.607857897877693 320.85985799878836 27.624216496944427
leaf_count=4659 428 5292 668 979 100 188 1601 131
internal_value=-0.000515236 0.00410462 -0.00246135 -0.00554929 0.0208221 0.0141622 0.0183656 -0.00929535
internal_weight=1313.94 1204.56 733.806 649.487 84.3187 470.75 404.518 66.2321
internal_count=14046 9387 7039 6271 768 2348 2029 319
cat_boundaries=0 1 2
cat_threshold=24 2
is_linear=0
shrinkage=0.05


Tree=45
num_leaves=12
num_cat=3
split_feature=0 43 43 0 19 1 38 20 37 4 25
split_gain=116.124 26.5618 42.6539 23.3093 7.09608 6.45154 5.85628 3.26773 3.21832 17.8136 2.46399
threshold=0 43.800000000000004 36.70000000000001 1 30.604166500000002 2 12.416964000000002 33.350000000000001 58.500000000000007 0.35846314187849704 8.7715280000000018
decision_type=1 2 2 1 2 1 2 2 2 2 2
left_child=1 2 3 -1 8 6 -6 -3 -2 -10 -4
right_child=4 7 10 -5 5 -7 -8 -9 9 -11 -12
leaf_value=0.0096604914788626511 -0.050495459835363667 -0.069986653702439491 0.035338185787718759 -0.0067625642203294053 -0.035030302941353716 -0.04438685481874597 0.050028017226016255 -0.020355344840949738 -0.050058889494059004 0.005084325089210316 0.088356260837966549
leaf_weight=806.64351376146078 81.10818356461823 10.983734343200924 4.7889659181237247 286.74244164861739 2.1321941986680013 4.6673275921493769 5.3542233519256115 6.0897753909230223 50.382243260741234 20.243216833099723 14.931087478995321
leaf_count=4501 3860 75 28 2275 78 113 41 40 2508 446 87
internal_value=-0.000107412 0.00570857 0.00672963 0.00537775 -0.0380451 -0.00329848 0.0245295 -0.0543899 -0.0432794 -0.034403 0.0778079
internal_weight=1294.07 1130.18 1113.11 1093.39 163.887 12.1537 7.48642 17.0735 151.734 70.6255 19.7201
internal_count=14052 7006 6891 6776 7046 232 119 115 6814 2954 115
cat_boundaries=0 1 2 3
cat_threshold=38 6 1
is_linear=0
shrinkage=0.05


Tree=46
num_leaves=7
num_cat=1
split_feature=0 44 43 43 20 4
split_gain=108.337 27.2129 26.1919 39.096 3.39089 0.933942
threshold=0 52.000000000000007 43.800000000000004 36.70000000000001 33.350000000000001 -0.95244167294248061
decision_type=1 2 2 2 2 2
left_child=-1 2 3 -2 -4 -3
right_child=1 5 4 -5 -6 -7
leaf_value=-0.046707619410047231 0.0050357780201277149 -0.032706961679313924 -0.067598045983125618 0.070203794301138475 -0.020428354291386126 -0.067005396692792429
leaf_weight=102.30808911286294 1138.303312022239 6.5109832584857967 11.672325724735858 22.499002210795879 7.1267369911074629 10.553746813908218
leaf_count=4737 8947 45 98 151 59 90
internal_value=4.01404e-05 0.00442551 0.00539078 0.00635822 -0.0516509 -0.0564539
internal_weight=1298.97 1196.67 1179.6 1160.8 18.7991 17.0647
internal_count=14127 9390 9255 9098 157 135
cat_boundaries=0 1
cat_threshold=24
is_linear=0
shrinkage=0.05


Tree=47
num_leaves=13
num_cat=1
split_feature=1 36 33 44 38 26 5 34 4 39 44 19
split_gain=26.3911 20.3255 25.9434 21.5699 17.3681 15.6109 29.7181 27.1161 10.4848 17.1699 8.73147 4.684
threshold=0 96.500000000000014 31.650000000000002 30.050000000000001 14.349107500000001 14.65 0.44312301391210612 20.250000000000004 0.96234642434711437 25.350000000000005 32.95000000000001 27.450000000000003
decision_type=1 2 2 2 2 2 2 2 2 2 2 2
left_child=4 8 10 -4 5 6 -1 -7 11 -10 -3 -2
right_child=1 2 3 -5 -6 7 -8 -9 9 -11 -12 -13
leaf_value=-0.03268958171553505 -0.05298284799844763 -0.00024690883942363087 -0.034434685660329638 0.0099791656750082523 -0.068235618809517187 -0.055643385713283561 0.017333964384777426 0.010468835311957291 -0.02453999502381822 0.051648630201137802 -0.036941805495111488 -0.027143208566978064
leaf_weight=66.121491564437747 24.933451967313886 22.037075439468026 30.010608593001962 230.58393321372569 6.9434850495308629 14.893036024644969 52.383855516090989 675.18230303376913 23.520093951374292 9.588802916929124 60.463860627263784 73.922079224139452
leaf_count=585 465 344 494 3262 61 134 466 5767 326 105 796 1237
internal_value=-8.66604e-05 -0.00944331 -0.00300236 0.00475229 0.00536867 0.00608424 -0.0106173 0.00896357 -0.0260406 -0.00160738 -0.0272605 -0.0341258
internal_weight=1290.58 475.06 343.095 260.595 815.524 808.581 118.505 690.075 131.964 33.1089 82.5009 98.8555
internal_count=14042 7029 4896 3756 7013 6952 1051 5901 2133 431 1140 1702
cat_boundaries=0 1
cat_threshold=1
is_linear=0
shrinkage=0.05


Tree=48
num_leaves=9
num_cat=2
split_feature=0 33 34 36 34 10 33 1
split_gain=96.753 23.5613 38.4642 32.7476 21.3109 16.0606 14.4303 1.19064
threshold=0 36.350000000000001 24.550000000000004 91.500000000000014 26.400000000000002 69.041666500000005 33.95000000000001 1
decision_type=1 2 2 2 2 2 2 1
left_child=-1 2 3 -2 5 -3 -4 -6
right_child=1 4 6 -5 7 -7 -8 -9
leaf_value=-0.046341078079050704 -0.034412579562224238 0.018441661689899587 -0.036688611019279636 0.0069043460868914615 -0.018806900418219877 0.059741155602968957 -0.0061691523562933679 -0.050474849740419804
leaf_weight=96.59579323977232 49.833894476294518 93.034915763884783 81.351126063615084 850.6232033520937 9.754610011354087 31.291604867205024 74.032299675047398 5.2419854141771784
leaf_count=4700 432 684 670 6609 65 233 622 65
internal_value=-0.000923443 0.00314411 0.000611579 0.00458211 0.0224195 0.02923 -0.0222801 -0.0323396
internal_weight=1291.76 1195.16 1055.84 900.457 139.323 124.327 155.383 14.9966
internal_count=14080 9380 8333 7041 1047 917 1292 130
cat_boundaries=0 1 2
cat_threshold=24 1
is_linear=0
shrinkage=0.05


Tree=49
num_leaves=14
num_cat=1
split_feature=0 42 36 33 38 44 39 4 32 4 5 34 32
split_gain=94.8329 24.43 35.9568 35.1379 30.3446 27.1811 23.7823 20.9367 8.6952 5.15247 4.88627 11.1735 1.68214
threshold=0 3.5000000000000004 96.500000000000014 34.750000000000007 11.675595000000003 44.45000000000001 19.150000000000002 0.54940630780725741 30.497916500000006 0.93544191479114935 -0.61236746317008228 23.350000000000005 30.844940500000003
decision_type=1 2 2 2 2 2 2 2 2 2 2 2 2
left_child=1 3 5 6 -4 -3 -1 -5 10 -10 11 -2 -11
right_child=8 2 4 7 -6 -7 -8 -9 9 12 -12 -13 -14
leaf_value=0.026232397671918758 0.066333899632608204 -0.0096477812556553678 0.0034190823792132731 -0.053749050214374851 0.053047292849601482 -0.058757273018986256 -0.02069970426408288 0.043804155397082191 -0.040490252314673569 0.052597052459586971 -0.05038220860902598 -0.034732983903031298 0.0064230137665988816
leaf_weight=45.629273755475879 1.9813258610665787 142.20800447836518 707.00294298306108 4.9750865995883933 31.21574080362916 34.319790465757251 63.102421462535858 105.70695754699409 3.7772730439901343 2.2563562840223295 84.438787997700274 51.157147401943803 5.8608094602823257
leaf_count=303 77 940 4245 32 180 229 422 622 169 37 4580 2180 46
internal_value=-0.000758507 0.00429817 0.00073464 0.019279 0.00558654 -0.0194726 -0.000945064 0.0389772 -0.0367448 0.00169909 -0.0427083 -0.0298089 0.0236194
internal_weight=1283.63 1134.16 914.746 219.414 738.219 176.528 108.732 110.682 149.472 11.8944 137.577 53.1385 8.11717
internal_count=14062 6973 5594 1379 4425 1169 725 654 7089 252 6837 2257 83
cat_boundaries=0 1
cat_threshold=38
is_linear=0
shrinkage=0.05


Tree=50
num_leaves=9
num_cat=2
split_feature=0 0 33 44 34 43 43 19
split_gain=89.3295 26.2711 30.4251 27.7997 23.4071 19.526 19.0263 14.8204
threshold=0 1 36.850000000000001 44.45000000000001 26.400000000000002 33.250000000000007 43.800000000000004 26.156250000000004
decision_type=1 1 2 2 2 2 2 2
left_child=-1 2 3 -2 -4 7 -7 -3
right_child=1 5 4 -5 -6 6 -8 -9
leaf_value=-0.045921552607382794 0.0093056481759463457 -0.044519047762936609 0.055323963775965504 -0.017775170779628716 -0.02295488115214725 0.046294076154208247 -0.051156976334461847 -0.0083420637866324521
leaf_weight=88.647598669864237 669.09286518022418 30.493710969574749 51.792785175144672 109.43227408826351 11.071895152330397 26.111844563856724 5.2720516677945843 289.9660217249766
leaf_count=4651 3758 401 262 591 67 257 75 3992
internal_value=-0.000432423 0.00333924 0.008114 0.00548115 0.0413937 -0.00797883 0.0288495 -0.0119123
internal_weight=1281.88 1193.23 841.39 778.525 62.8647 351.844 31.3839 320.46
internal_count=14054 9403 4678 4349 329 4725 332 4393
cat_boundaries=0 1 2
cat_threshold=24 6
is_linear=0
shrinkage=0.05


Tree=51
num_leaves=9
num_cat=2
split_feature=0 0 33 4 4 32 34 38
split_gain=86.1786 23.1695 28.5874 27.5925 20.839 21.4054 15.9441 4.49183
threshold=0 1 36.850000000000001 0.10837544681456417 -0.99054481509840819 26.779762000000002 26.400000000000002 6.6345235000000011
decision_type=1 1 2 2 2 2 2 2
left_child=-1 2 3 -2 7 -6 -4 -3
right_child=1 4 6 -5 5 -7 -8 -9
leaf_value=-0.045656544218740019 0.014239017769309413 0.00036618445288551514 0.050340513345069983 -0.004580848997609196 -0.031408452678094875 -0.0027813903736821168 -0.016444950065570032 0.053147234124928
leaf_weight=85.544608052819967 410.29247087985277 5.3689061906188753 54.350221239030361 369.22284794971347 88.307121844962239 243.76466139499098 10.15699767321348 15.345562068745492
leaf_count=4693 2247 43 271 2109 1151 3366 61 132
internal_value=-0.00020203 0.00343483 0.00791014 0.00533041 -0.00718755 -0.0104656 0.0397343 0.040114
internal_weight=1282.35 1196.81 844.023 779.515 352.786 332.072 64.5072 20.7145
internal_count=14073 9380 4688 4356 4692 4517 332 175
cat_boundaries=0 1 2
cat_threshold=24 6
is_linear=0
shrinkage=0.05


Tree=52
num_leaves=9
num_cat=3
split_feature=0 0 33 37 43 43 34 1
split_gain=79.7498 25.7743 20.4047 27.7736 20.4028 16.6082 14.8705 11.9738
threshold=0 1 36.850000000000001 25.500000000000004 33.250000000000007 43.800000000000004 26.400000000000002 2
decision_type=1 1 2 2 2 2 2 1
left_child=-1 2 3 -2 7 -6 -4 -3
right_child=1 4 6 -5 5 -7 -8 -9
leaf_value=-0.045375688783993395 -0.077705838323493134 -0.0073635990825462877 0.045163964923051372 0.0062983040624461847 0.044329482703029333 -0.04965131802019588 -0.017104228996773038 -0.030590315152167986
leaf_weight=81.962243752554059 8.9706304818391782 246.99451388325542 53.259476311504841 770.00964121893048 26.753472449257973 4.7936284709721795 11.090888760983942 70.971041798591614
leaf_count=4695 52 2177 267 4299 256 75 67 2173
internal_value=-0.000766805 0.00269132 0.00740351 0.00523254 -0.00855757 0.0289622 0.0343344 -0.0126275
internal_weight=1274.81 1192.84 843.331 778.98 349.513 31.5471 64.3504 317.966
internal_count=14061 9366 4685 4351 4681 331 334 4350
cat_boundaries=0 1 2 3
cat_threshold=24 6 1
is_linear=0
shrinkage=0.05


Tree=53
num_leaves=9
num_cat=2
split_feature=0 0 26 33 44 38 43 40
split_gain=73.5359 24.6951 17.9672 25.1388 16.6062 23.5362 16.4465 14.6861
threshold=0 1 20.550000000000004 33.250000000000007 45.20000000000001 11.015178500000001 19.050000000000004 79.550000000000011
decision_type=1 1 2 2 2 2 2 2
left_child=-1 4 3 -3 5 -2 -4 -6
right_child=1 2 6 -5 7 -7 -8 -9
leaf_value=-0.045037278830770786 0.010393455600593101 -0.0016969929140338482 -0.00079004734028924176 -0.026491124981678826 -0.033179590161359705 0.047789578871976109 0.027917931537948155 0.017085044212160071
leaf_weight=78.009474465623498 354.4704557210207 329.83473676629364 179.37860562372953 147.24998741783202 35.664407305419445 46.926703177392483 68.082839201204479 23.265289694070816
leaf_count=4679 1796 3157 1742 1587 175 231 579 109
internal_value=-0.00120922 0.00207416 -0.00367426 -0.00938899 0.0109967 0.0148733 0.00718881 -0.0133813
internal_weight=1262.88 1184.87 724.546 477.085 460.327 401.397 247.461 58.9297
internal_count=14055 9376 7065 4744 2311 2027 2321 284
cat_boundaries=0 1 2
cat_threshold=24 2
is_linear=0
shrinkage=0.05


Tree=54
num_leaves=14
num_cat=3
split_feature=0 34 34 31 39 43 37 33 32 1 5 5 1
split_gain=75.2745 22.3697 34.7731 27.3581 25.7082 26.5236 24.6175 14.0715 7.23836 6.59847 6.012 5.71053 10.7848
threshold=0 24.450000000000003 23.950000000000003 27.550000000000001 18.550000000000004 18.250000000000004 25.500000000000004 33.750000000000007 30.497916500000006 1 -0.35042475891464192 -0.61236746317008228 2
decision_type=1 2 2 2 2 2 2 2 2 1 2 2 1
left_child=1 2 6 -4 7 -6 -1 -3 11 10 -10 12 -2
right_child=8 4 3 -5 5 -7 -8 -9 9 -11 -12 -13 -14
leaf_value=-0.070296259343866838 -0.049564417510900807 -0.064971200831961437 -0.070518582000637584 0.029027527049672097 -0.010775741035857888 0.032314248614051057 0.0038280468114267178 -0.011591813626749131 -0.032777306081266701 -0.042251715108754216 0.060348029815831442 -0.050122756099979716 -0.0015772262242472906
leaf_weight=10.392500456422566 23.283114581368864 26.379920965060592 6.212800294160842 204.99617078155279 151.57470568828285 45.62638090364635 670.28613349981606 23.43893164396286 1.782868070527911 3.9069165401160717 4.4533100798726064 70.14494401216507 22.741711993701756
leaf_count=73 1126 181 40 1197 989 284 4112 160 84 127 39 4514 1101
internal_value=0.000208282 0.00438312 0.00810829 0.0257808 -0.00886867 -0.000693281 0.00259487 -0.0405794 -0.0347852 0.00274214 0.0328739 -0.041026 -0.0263908
internal_weight=1265.22 1138.91 891.888 211.209 247.02 197.201 680.679 49.8189 126.313 10.1431 6.23618 116.17 46.0248
internal_count=14027 7036 5422 1237 1614 1273 4185 341 6991 250 123 6741 2227
cat_boundaries=0 1 2 3
cat_threshold=38 1 1
is_linear=0
shrinkage=0.05


Tree=55
num_leaves=7
num_cat=1
split_feature=0 44 38 36 13 15
split_gain=70.6166 21.8527 19.6586 22.6659 21.4753 0.344547
threshold=0 52.000000000000007 11.183035500000001 97.500000000000014 6.5229165000000009 22.200000000000006
decision_type=1 2 2 2 2 2
left_child=-1 2 4 -4 -2 -3
right_child=1 5 3 -5 -6 -7
leaf_value=-0.044555313353317999 0.012413681579657545 -0.05920089173224901 0.011480119398926224 0.060891819574536481 -0.0035034341724822938 -0.0246302299643755
leaf_weight=72.036968338303268 302.07998601533473 12.302441159263251 141.60759409144521 26.945666503161192 703.52729463577271 2.9652130259200922
leaf_count=4654 2366 107 1084 198 5600 22
internal_value=3.79967e-05 0.00312198 0.00394234 0.0196918 0.00128558 -0.0544135
internal_weight=1261.47 1189.43 1174.16 168.553 1005.61 15.2677
internal_count=14031 9377 9248 1282 7966 129
cat_boundaries=0 1
cat_threshold=24
is_linear=0
shrinkage=0.05


Tree=56
num_leaves=7
num_cat=1
split_feature=0 44 43 43 20 15
split_gain=66.7033 20.0822 19.5804 32.7699 2.30812 0.463518
threshold=0 52.750000000000007 43.800000000000004 36.250000000000007 33.350000000000001 22.200000000000006
decision_type=1 2 2 2 2 2
left_child=-1 2 3 -2 -4 -3
right_child=1 5 4 -5 -6 -7
leaf_value=-0.04428120322775278 0.0029092720177130876 -0.061286898961041371 -0.064479905613717289 0.054905632337804371 -0.021787439902167041 -0.024513362910220118
leaf_weight=69.326136908493936 1131.4031691523269 10.631531212478874 9.6324627585709113 30.142196971923113 6.5975909251719704 3.0093511063605538
leaf_count=4675 8927 99 92 196 57 23
internal_value=-0.000170274 0.00277948 0.00352335 0.00430465 -0.049397 -0.0554026
internal_weight=1260.74 1191.42 1177.78 1161.55 16.2301 13.6409
internal_count=14069 9394 9272 9123 149 122
cat_boundaries=0 1
cat_threshold=24
is_linear=0
shrinkage=0.05


Tree=57
num_leaves=9
num_cat=1
split_feature=43 1 43 36 33 43 42 21
split_gain=19.7379 19.9798 20.2078 16.5412 22.8718 15.2111 11.9711 2.14181
threshold=43.800000000000004 0 37.550000000000004 96.500000000000014 31.250000000000004 1.8500000000000003 3.5000000000000004 25.350000000000005
decision_type=2 1 2 2 2 2 2 2
left_child=1 2 5 6 -5 -1 -3 -2
right_child=7 3 -4 4 -6 -7 -8 -9
leaf_value=0.0168848738733565 -0.062998575164301698 -0.0067741437532483966 0.078029475209149685 -0.034159020680301917 0.0037290442539003668 0.00076728265797858892 -0.03785682422538536 -0.021075151722128663
leaf_weight=194.99410676490515 11.768962972797455 60.415250841528177 8.5550700817257148 45.282061350531876 284.91123746242374 578.77091998700052 63.734664559364319 5.8311184123158446
leaf_count=1691 160 981 75 669 4132 5092 1143 72
internal_value=0.000135357 0.000903559 0.00574447 -0.00742618 -0.0015543 0.00484558 -0.022906 -0.0509887
internal_weight=1254.26 1236.66 782.32 454.343 330.193 773.765 124.15 17.6001
internal_count=14015 13783 6858 6925 4801 6783 2124 232
cat_boundaries=0 1
cat_threshold=1
is_linear=0
shrinkage=0.05


Tree=58
num_leaves=9
num_cat=1
split_feature=0 42 2 34 34 4 30 23
split_gain=63.2261 19.6244 49.1803 23.9443 23.6701 24.3064 17.6479 6.25636
threshold=0 4.5000000000000009 3.5000000000000004 24.450000000000003 20.350000000000005 0.21022171450811272 0.65000000000000002 95.500000000000014
decision_type=1 2 2 2 2 2 2 2
left_child=-1 4 7 -4 5 -2 -6 -3
right_child=1 2 3 -5 6 -7 -8 -9
leaf_value=-0.044069553568430835 0.012966200587258489 -0.046208555568865328 0.0078163782095473557 -0.012033066709596051 0.012532422252417406 -0.058816108191745889 0.044786848636947339 -0.018855402473368588
leaf_weight=67.007871611975133 25.89702988229692 55.62449106387794 589.9685928132385 203.54027037601918 196.67741708736867 20.221462558023632 53.588564703240991 36.578103788197041
leaf_count=4696 211 477 4434 1732 1567 189 432 299
internal_value=-0.000465606 0.00239353 -0.00131621 0.00271613 0.0135273 -0.0190883 0.0195897 -0.0356759
internal_weight=1249.1 1182.1 885.711 793.509 296.384 46.1185 250.266 92.2026
internal_count=14037 9341 6942 6166 2399 400 1999 776
cat_boundaries=0 1
cat_threshold=24
is_linear=0
shrinkage=0.05


Tree=59
num_leaves=8
num_cat=2
split_feature=0 44 0 39 43 11 15
split_gain=58.9662 19.17 19.0668 27.0389 15.9335 0.53184 0.30864
threshold=0 52.000000000000007 1 27.450000000000006 33.250000000000007 98.500000000000014 22.200000000000006
decision_type=1 2 1 2 2 2 2
left_child=-1 2 3 -2 -4 6 -3
right_child=1 5 4 -5 -6 -7 -8
leaf_value=-0.043592265762325694 0.0057086632625060925 -0.062073144979146892 -0.010337420774728441 0.059895788667240803 0.026859826356487444 -0.019941071885693117 -0.022159625122273846
leaf_weight=62.991387131623924 812.62122246623039 10.007513219490646 310.00431624334306 22.710978254675865 30.767796540632844 2.5553939994424573 2.080786461941897
leaf_count=4644 4527 98 4277 106 326 19 16
internal_value=-0.000274733 0.00239712 0.003146 0.00716607 -0.00671374 -0.0525732 -0.0574208
internal_weight=1253.74 1190.75 1176.1 835.332 340.772 14.6437 12.0883
internal_count=14013 9369 9236 4633 4603 133 114
cat_boundaries=0 1 2
cat_threshold=24 6
is_linear=0
shrinkage=0.05


Tree=60
num_leaves=9
num_cat=2
split_feature=0 0 17 33 4 5 2 40
split_gain=56.7849 20.0915 18.2408 15.7253 33.6302 18.3673 15.0977 8.55922
threshold=0 1 38.70000000000001 36.350000000000001 0.74443451080969758 -0.38243420677835344 1.5000000000000002 0.75000000000000011
decision_type=1 1 2 2 2 2 2 2
left_child=-1 2 6 4 -3 -5 -2 -4
right_child=1 3 7 5 -6 -7 -8 -9
leaf_value=-0.04336716207493313 -0.014832520582137019 -0.00074516466198793938 0.0284183050678435 -0.026853515139186414 -0.032453696144451462 0.028305696578070885 0.01763743413857519 -0.021364177276953521
leaf_weight=61.019832639954984 38.931694999337196 542.73917524516582 9.2938866987824422 18.294362407177687 97.862675245851278 70.255435643717647 364.48949037492275 55.657084248960018
leaf_count=4664 210 5189 46 198 1086 588 1829 272
internal_value=-0.000239773 0.00233449 0.010297 -0.00285728 -0.00563221 0.0167372 0.014475 -0.0139179
internal_weight=1258.54 1197.52 468.372 729.152 640.602 88.5498 403.421 64.951
internal_count=14082 9418 2357 7061 6275 786 2039 318
cat_boundaries=0 1 2
cat_threshold=24 2
is_linear=0
shrinkage=0.05


Tree=61
num_leaves=9
num_cat=2
split_feature=0 1 43 4 43 33 4 37
split_gain=55.1672 21.5564 17.144 30.7592 18.3737 16.6557 25.7565 10.0651
threshold=0 1 1.8500000000000003 0.19337368024598431 1.2500000000000002 31.250000000000004 -0.85227431625818906 56.500000000000007
decision_type=1 1 2 2 2 2 2 2
left_child=-1 2 4 -4 -2 7 -7 -3
right_child=1 5 3 -5 -6 6 -8 -9
leaf_value=-0.043053992254214551 0.01444292849014891 0.035197361637898029 0.012662872625745182 -0.011264505509913198 0.059011436957220456 0.02483332722423005 -0.0088306845176295782 -0.042909356652477797
leaf_weight=58.4233513539657 160.29161667916924 3.84585335291922 351.94954988639802 215.88788632303476 26.296852686442435 68.245079047977924 315.84582331962883 39.164479773491621
leaf_count=4640 982 52 2193 1339 157 503 3738 403
internal_value=0.000279114 0.00279685 0.00789829 0.00356204 0.0210053 -0.00614633 -0.00280033 -0.0352842
internal_weight=1239.95 1181.53 754.426 567.837 186.588 427.101 384.091 43.0103
internal_count=14007 9367 4671 3532 1139 4696 4241 455
cat_boundaries=0 1 2
cat_threshold=24 1
is_linear=0
shrinkage=0.05


Tree=62
num_leaves=8
num_cat=2
split_feature=0 0 17 2 34 33 27
split_gain=52.2716 19.0733 16.7788 14.3 12.9528 17.8533 8.66797
threshold=0 1 38.70000000000001 1.5000000000000002 26.400000000000002 36.350000000000001 38.95000000000001
decision_type=1 1 2 2 2 2 2
left_child=-1 2 3 -2 5 -3 -4
right_child=1 4 6 -5 -6 -7 -8
leaf_value=-0.042714526622141473 -0.014187758951390137 -0.0044759016123356891 -0.022920482837011417 0.017591824018151035 -0.056528777579978332 0.020409829170521213 0.019328300201484867
leaf_weight=56.070021061226726 38.497509233653545 631.71995530277491 49.32130691409111 360.34811223298311 9.9162022247910482 80.340534954331815 15.159016050398348
leaf_count=4673 210 6224 247 1814 120 685 73
internal_value=0.000242712 0.00264682 0.0104471 0.0144966 -0.00244063 -0.0016434 -0.0128445
internal_weight=1241.37 1185.3 463.326 398.846 721.977 712.06 64.4803
internal_count=14046 9373 2344 2024 7029 6909 320
cat_boundaries=0 1 2
cat_threshold=24 2
is_linear=0
shrinkage=0.05


Tree=63
num_leaves=9
num_cat=3
split_feature=0 1 19 0 33 4 34 24
split_gain=48.6124 19.5382 19.4666 22.9836 15.7968 26.922 14.3121 8.06326
threshold=0 1 30.368750000000002 2 31.350000000000005 -0.90163369914317004 26.400000000000002 56.500000000000007
decision_type=1 1 2 1 2 2 2 2
left_child=-1 2 3 -2 7 -6 -4 -3
right_child=1 4 6 -5 5 -7 -8 -9
leaf_value=-0.042367257718001906 -0.035058889402951009 0.028207527416587032 0.063364052039654076 0.0069859691690772581 0.029736001808701357 -0.0083907555858622959 -0.011187781032724399 -0.03914656940608869
leaf_weight=53.835510830860585 23.399528737179935 4.210712118074297 23.899689609184861 701.58562403917313 53.029385013505816 322.96778955403715 8.3194087296724302 44.697388558648527
leaf_count=4676 1110 56 146 3368 365 3782 59 473
internal_value=-0.000206121 0.00208861 0.00691842 0.00519583 -0.00646536 -0.00294887 0.0443565 -0.0328988
internal_weight=1235.95 1182.11 757.204 724.985 424.905 375.997 32.2191 48.9081
internal_count=14035 9359 4683 4478 4676 4147 205 529
cat_boundaries=0 1 2 3
cat_threshold=24 1 1
is_linear=0
shrinkage=0.05


Tree=64
num_leaves=9
num_cat=1
split_feature=0 44 39 5 43 39 40 39
split_gain=43.6002 18.1787 26.5152 37.5869 27.0299 19.575 24.7552 16.3451
threshold=0 44.800000000000004 20.750000000000004 0.79773375822167203 22.200000000000006 27.450000000000006 53.000000000000007 28.500000000000004
decision_type=1 2 2 2 2 2 2 2
left_child=-1 2 4 -4 -2 6 -3 -7
right_child=1 5 3 -5 -6 7 -8 -9
leaf_value=-0.042015674358365507 0.0031052544376486461 -0.049263572074186565 0.018045031231988813 -0.027163115269572709 -0.021087037587883363 0.051525359003003639 -0.0055573386021084787 -0.013440077762610473
leaf_weight=51.51470802212134 410.67353948671371 52.95688936393708 384.73615096602589 51.300155438482761 159.50896073505282 17.463189163245261 81.824175245128572 19.677849001251161
leaf_count=4674 3398 442 2908 427 1280 116 599 150
internal_value=-0.00133092 0.000831439 0.00340907 0.0126763 -0.00368763 -0.0141392 -0.0229663 0.0176558
internal_weight=1229.66 1178.14 1006.22 436.036 570.183 171.922 134.781 37.141
internal_count=13994 9320 8013 3335 4678 1307 1041 266
cat_boundaries=0 1
cat_threshold=24
is_linear=0
shrinkage=0.05


Tree=65
num_leaves=7
num_cat=2
split_feature=0 43 43 1 25 20
split_gain=43.8119 17.5716 26.1501 16.7659 2.62585 2.08904
threshold=0 43.800000000000004 36.70000000000001 1 8.8763890000000014 33.350000000000001
decision_type=1 2 2 1 2 2
left_child=-1 2 3 -2 -4 -3
right_child=1 5 4 -5 -6 -7
leaf_value=-0.04179205339520007 0.0058762666760519165 -0.063357734320724488 0.024571501093736368 -0.0067266433240321267 0.065710140043308371 -0.020758478748382939
leaf_weight=49.94644646672532 729.56809548102319 9.6639737943187338 7.3191221840679672 412.14277014229447 15.601350052282212 5.8094603139907113
leaf_count=4676 4520 95 42 4530 109 57
internal_value=-0.000450702 0.0016726 0.00241006 0.00132487 0.0541499 -0.049595
internal_weight=1230.05 1180.1 1164.63 1141.71 22.9205 15.4734
internal_count=14029 9353 9201 9050 151 152
cat_boundaries=0 1 2
cat_threshold=24 1
is_linear=0
shrinkage=0.05


Tree=66
num_leaves=9
num_cat=2
split_feature=0 44 44 40 33 0 39 5
split_gain=41.034 16.2903 24.4647 19.855 35.9668 19.0341 15.3181 12.0483
threshold=0 44.800000000000004 43.000000000000007 77.300000000000011 36.95000000000001 1 26.250000000000004 -0.97111920233974802
decision_type=1 2 2 2 2 1 2 2
left_child=-1 2 5 4 -3 -2 -4 -5
right_child=1 3 6 7 -6 -7 -8 -9
leaf_value=-0.041330535670593201 0.010580113191671214 -0.044652390686210554 0.043287332988580507 -0.042661137738939717 0.023025628840504967 -0.0037207480145563954 -0.029095193775282521 0.015973352737698787
leaf_weight=47.405249183997512 375.39883480966091 73.521575554274023 54.80608541239053 9.2419864349067193 25.942285161465406 576.38015930727124 7.7007762007415286 60.417501935735345
leaf_count=4665 1925 624 397 68 172 5733 65 425
internal_value=-0.0004155 0.0015925 0.00400399 -0.0127149 -0.026947 0.00199695 0.0340522 0.00770043
internal_weight=1230.81 1183.41 1014.29 169.123 99.4639 951.779 62.5069 69.6595
internal_count=14074 9409 8120 1289 796 7658 462 493
cat_boundaries=0 1 2
cat_threshold=24 2
is_linear=0
shrinkage=0.05


Tree=67
num_leaves=15
num_cat=0
split_feature=44 39 43 5 36 2 7 33 31 44 33 5 37 39
split_gain=16.9257 19.2865 41.7864 33.29 23.9102 17.2943 16.464 24.1181 14.1542 12.0222 10.3157 8.32623 4.49263 2.98016
threshold=44.800000000000004 20.150000000000002 21.950000000000003 0.80798785254895478 94.500000000000014 10.500000000000002 26.787500000000005 36.95000000000001 37.250000000000007 46.600000000000001 34.250000000000007 -0.97111920233974802 65.500000000000014 29.150000000000002
decision_type=2 2 2 2 2 2 2 2 2 2 2 2 2 2
left_child=1 2 5 4 -3 -1 11 9 -4 -8 -5 -2 -13 -9
right_child=6 3 8 10 -6 -7 7 13 -10 -11 -12 12 -14 -15
leaf_value=-0.0021251068908465839 -0.038297768303481056 -0.0033354235061635452 -0.020809224071646815 -0.010782475160928257 0.02094479122906992 0.022787515375249728 -0.017993061387482148 0.033326875125274227 -0.070052362260036902 -0.054187860780346236 -0.053381590204079413 -0.0020164600005886635 0.030399813346549703 0.00077579396284075221
leaf_weight=262.8403116716072 7.0513843949884167 150.0175440730527 151.79532164940611 43.016393187455833 310.26472382294014 93.715410211589187 45.241626511793584 11.927337358705701 15.466456458903847 48.831576344557106 20.751332794316113 17.954917762428522 24.989249344915152 15.524826749227939
leaf_count=3182 79 1741 1749 524 3327 1145 538 111 181 618 253 180 262 155
internal_value=-0.000819933 0.0015679 -0.00521215 0.00834195 0.0130412 0.00446823 -0.0153323 -0.0252082 -0.0257519 -0.0371534 -0.0252553 0.00869677 0.0171091 0.0155928
internal_weight=1219.39 1047.87 523.817 524.05 460.282 356.556 171.521 121.525 167.262 94.0732 63.7677 49.9956 42.9442 27.4522
internal_count=14045 12102 6257 5845 5068 4327 1943 1422 1930 1156 777 521 442 266
is_linear=0
shrinkage=0.05


Tree=68
num_leaves=9
num_cat=3
split_feature=0 1 0 43 43 11 5 32
split_gain=39.0463 15.5369 18.9275 15.2338 12.397 12.3953 11.1267 10.1881
threshold=0 1 2 33.250000000000007 36.250000000000007 97.500000000000014 -0.97874870457683605 26.207738000000003
decision_type=1 1 1 2 2 2 2 2
left_child=-1 2 4 7 -2 -5 -4 -3
right_child=1 3 6 5 -6 -7 -8 -9
leaf_value=-0.041085472762845549 0.020003584170326112 -0.035215881828329555 0.024440263682137555 -0.0011682040690731324 -0.036114595735874916 0.05560257753795797 -0.0021082463431558334 -0.0067867411511710763
leaf_weight=45.997383708134294 227.23016475141048 33.731053336523473 42.003339314833283 22.134594049304724 9.3921371474862081 15.944788309745489 478.81732711941004 352.27640988770872
leaf_count=4677 1141 386 258 214 42 119 3254 3970
internal_value=-0.000665629 0.00127797 0.00557663 -0.00636466 0.0169214 0.0234177 7.416e-05 -0.00935558
internal_weight=1227.53 1181.53 757.443 424.087 236.622 38.0794 520.821 386.007
internal_count=14061 9384 4695 4689 1183 333 3512 4356
cat_boundaries=0 1 2 3
cat_threshold=24 1 2
is_linear=0
shrinkage=0.05


Tree=69
num_leaves=9
num_cat=2
split_feature=0 0 44 38 32 4 32 38
split_gain=38.2499 20.4818 16.1061 17.553 13.6293 12.1751 20.0138 10.6077
threshold=0 1 45.20000000000001 10.923512000000001 27.035417000000006 -0.99054481509840819 26.662797500000003 7.8068455000000005
decision_type=1 1 2 2 2 2 2 2
left_child=-1 2 3 -2 -4 7 -7 -3
right_child=1 5 4 -5 -6 6 -8 -9
leaf_value=-0.040838606111834097 0.0094901393056371769 -0.0023631677299618403 0.016640886508631717 0.041293315281203537 -0.033853520146311732 -0.021182934691285592 -0.00066496794368793609 0.049411881486692302
leaf_weight=44.728246641345322 348.53699046373367 19.850943059660494 20.568609811365604 48.768386915326118 34.745131000876427 152.85440680943429 522.69950163178146 18.550029369071126
leaf_count=4715 1796 135 100 249 179 1482 5270 126
internal_value=-0.000367389 0.00155445 0.00975171 0.0134878 -0.0151149 -0.00371141 -0.00533192 0.0232667
internal_weight=1211.3 1166.57 452.619 397.305 55.3137 713.955 675.554 38.401
internal_count=14052 9337 2324 2045 279 7013 6752 261
cat_boundaries=0 1 2
cat_threshold=24 2
is_linear=0
shrinkage=0.05


Tree=70
num_leaves=15
num_cat=2
split_feature=44 38 4 34 39 40 6 5 20 1 4 40 19 1
split_gain=17.6497 22.062 22.7482 17.8426 16.8605 22.8207 15.3415 30.7909 24.447 12.7947 10.1836 9.34525 5.63983 3.69962
threshold=44.800000000000004 11.053273500000001 -0.51297808981038739 23.650000000000002 27.450000000000006 69.000000000000014 2.5000000000000004 -0.97507822412530132 36.250000000000007 0 -0.39036798905311365 0.35000000000000003 29.285416500000004 1
decision_type=2 2 2 2 2 2 2 2 2 1 2 2 2 1
left_child=1 6 13 -4 5 11 8 -8 -1 -7 -6 -2 -12 -3
right_child=4 2 3 -5 10 9 7 -9 -10 -11 12 -13 -14 -15
leaf_value=-0.017693407365831797 0.029798052720281472 0.038778881263080343 0.044381296850231809 -0.00017112989462181259 -0.051253955984901935 0.011605379020313887 0.03259156380673589 -0.00094729460067650593 0.063359489451615444 -0.030334560932038037 0.043693909253661858 -0.051595785183602111 0.0027360893317115004 0.10000406765515346
leaf_weight=177.16215920262039 3.1341238007880738 5.9947313666343689 31.469017657916993 72.969151373952627 4.2694806405343106 44.752368093002588 75.290535509586334 663.96923420997337 8.8464675415307266 29.221752010751516 16.329701034352183 55.408862139098346 16.597085908520967 8.4639599565416557
leaf_count=2180 42 75 357 775 73 393 824 7760 96 384 169 716 157 79
internal_value=-0.000546288 0.00188881 0.0220693 0.0135469 -0.0154516 -0.0237652 -0.000725408 0.00250791 -0.0135204 -0.00514564 0.0140136 -0.0468111 0.0237379 0.0787701
internal_weight=1213.88 1044.17 118.897 104.438 169.713 132.517 925.268 739.26 186.009 73.9741 37.1963 58.543 32.9268 14.4587
internal_count=14080 12146 1286 1132 1934 1535 10860 8584 2276 777 399 758 326 154
cat_boundaries=0 1 2
cat_threshold=1 2
is_linear=0
shrinkage=0.05


Tree=71
num_leaves=8
num_cat=1
split_feature=0 43 43 2 20 44 38
split_gain=34.8009 13.1998 22.6977 12.893 2.59404 2.57923 0.0182711
threshold=0 43.800000000000004 36.70000000000001 11.500000000000002 33.350000000000001 36.20000000000001 6.6723215000000007
decision_type=1 2 2 2 2 2 2
left_child=-1 2 3 -2 -3 -4 -6
right_child=1 4 5 -5 6 -7 -8
leaf_value=-0.040342183314050421 -0.00088764355730790731 -0.061417585337226757 0.069486615537286467 0.021370613625841139 -0.0068588993001103306 0.032306196494115869 -0.018692586453217318
leaf_weight=42.424824276939034 1053.2456795172766 8.5216268571093661 8.961249506101014 68.339291106909513 2.1866499222815028 15.863865263760088 3.8830456016585231
leaf_count=4713 8462 93 61 579 21 95 38
internal_value=-0.00088855 0.000925836 0.00155394 0.000486403 -0.0447639 0.0478984 -0.0160026
internal_weight=1203.43 1161 1146.41 1121.58 14.5913 24.8251 6.0697
internal_count=14062 9349 9197 9041 152 156 59
cat_boundaries=0 1
cat_threshold=24
is_linear=0
shrinkage=0.05


Tree=72
num_leaves=9
num_cat=1
split_feature=0 42 36 33 39 39 44 4
split_gain=33.7219 13.773 37.0967 26.0551 20.4095 16.4083 14.3413 13.9237
threshold=0 3.5000000000000004 96.500000000000014 34.750000000000007 18.750000000000004 18.550000000000004 44.45000000000001 0.54940630780725741
decision_type=1 2 2 2 2 2 2 2
left_child=-1 3 6 5 -4 -2 -3 -5
right_child=1 2 4 7 -6 -7 -8 -9
leaf_value=-0.040024801197586585 0.020361458467664569 -0.015263581040871383 -0.0064275378287688648 -0.04917897558477155 0.010047137102507403 -0.020051011111711481 -0.052268363088300462 0.031983688687308477
leaf_weight=40.78117537451908 38.273777944035828 141.81320773344487 319.06665556784719 4.6734772175550452 454.80198692064732 68.825859631411731 31.601811300963163 113.45785037241876
leaf_count=4679 333 1254 2604 43 3386 606 309 830
internal_value=-0.000537588 0.0011996 -0.00143588 0.0122943 0.00325509 -0.00555421 -0.0222681 0.0283869
internal_weight=1213.3 1172.51 947.284 225.231 773.869 107.1 173.415 118.131
internal_count=14044 9365 7553 1812 5990 939 1563 873
cat_boundaries=0 1
cat_threshold=24
is_linear=0
shrinkage=0.05


Tree=73
num_leaves=7
num_cat=1
split_feature=0 44 39 43 40 4
split_gain=32.3201 14.2203 13.1131 30.3782 24.7869 0.536909
threshold=0 52.000000000000007 20.150000000000002 22.200000000000006 52.150000000000006 -0.95244167294248061
decision_type=1 2 2 2 2 2
left_child=-1 2 3 -2 -4 -3
right_child=1 5 4 -5 -6 -7
leaf_value=-0.039610378854191636 0.0039041157807535782 -0.027959887210526935 -0.0018138345531741639 -0.022857257831644918 0.017907780479398033 -0.057903146601589996
leaf_weight=39.062282967846841 360.34872000105679 5.9735289644449949 366.33564121834934 149.13393406104296 280.71743704751134 7.6487842230126244
leaf_count=4661 3060 46 2952 1221 2018 90
internal_value=-0.000265251 0.00140707 0.00203687 -0.00395881 0.00675662 -0.0475828
internal_weight=1209.22 1170.16 1156.54 509.483 647.053 13.6223
internal_count=14048 9387 9251 4281 4970 136
cat_boundaries=0 1
cat_threshold=24
is_linear=0
shrinkage=0.05


Tree=74
num_leaves=13
num_cat=4
split_feature=0 1 38 0 4 37 1 38 26 5 37 44
split_gain=31.2399 15.2393 13.8108 15.6895 11.8921 19.7122 30.0617 14.0321 11.7014 28.2554 12.3274 2.37469
threshold=0 1 5.5770835000000014 2 0.35846314187849704 58.500000000000007 3 12.416964000000002 14.65 0.44312301391210612 25.500000000000004 31.150000000000002
decision_type=1 1 2 1 2 2 1 2 2 2 2 2
left_child=1 8 11 -4 -2 7 -7 -6 9 -1 -10 -3
right_child=4 2 3 -5 5 6 -8 -9 10 -11 -12 -13
leaf_value=-0.032429883030065713 -0.049483445391186182 0.0053268799755285491 -0.0029859193384244361 -0.031212512474659455 -0.048876047326367578 -0.044911407263819259 0.10209942525851375 0.025756957034645523 -0.038967244155716944 0.018946985301977793 0.010037294978978574 0.05632121266762119
leaf_weight=57.303571879863739 41.475433335639536 3.2403741106390944 338.94112233445048 48.178886788897216 26.281021508388221 5.3798636775463802 6.9761905632913113 7.4939548042602828 12.144438371062277 48.567860215902328 608.86472877860069 9.0928379949182254
leaf_count=286 4029 19 2300 1128 2388 221 213 214 63 240 2938 64
internal_value=-0.000273282 0.00207203 -0.00574596 -0.00745135 -0.027266 -0.0124498 0.0395203 -0.0320521 0.00639881 -0.00890431 0.00901786 0.0443276
internal_weight=1213.94 1126.33 399.453 387.12 87.6065 46.131 12.3561 33.775 726.881 105.871 621.009 12.3332
internal_count=14103 7038 3511 3428 7065 3036 434 2602 3527 526 3001 83
cat_boundaries=0 1 2 3 4
cat_threshold=38 1 6 1
is_linear=0
shrinkage=0.05


Tree=75
num_leaves=9
num_cat=2
split_feature=0 44 44 33 39 28 33 1
split_gain=29.5154 16.5348 22.429 16.8283 16.2158 16.158 24.2033 7.81608
threshold=0 44.45000000000001 43.000000000000007 31.650000000000002 26.250000000000004 33.150000000000013 36.95000000000001 1
decision_type=1 2 2 2 2 2 2 1
left_child=-1 2 3 -2 -4 6 -3 -7
right_child=1 5 4 -5 -6 7 -8 -9
leaf_value=-0.039049668841791951 -0.014091449730674733 -0.037992214071204795 0.044847043274242722 0.0045691563316449585 -0.028603348918974147 0.020938489743791634 0.015235493731830819 -0.014708149207099112
leaf_weight=36.573416797444224 141.29645784664899 82.650943849235773 48.335472929291427 799.77180641237646 8.1578299552202207 38.469261327758431 28.058505637571216 24.299098984338343
leaf_count=4663 1155 723 338 6470 68 230 185 227
internal_value=-0.00044222 0.00111947 0.00360949 0.00175538 0.0339275 -0.0130735 -0.0244864 0.0071246
internal_weight=1207.61 1171.04 997.562 941.068 56.4933 173.478 110.709 62.7684
internal_count=14059 9396 8031 7625 406 1365 908 457
cat_boundaries=0 1 2
cat_threshold=24 1
is_linear=0
shrinkage=0.05


Tree=76
num_leaves=9
num_cat=1
split_feature=0 42 36 19 39 36 4 5
split_gain=27.4302 14.8965 29.0327 21.5336 18.203 17.5972 13.4369 12.4729
threshold=0 3.5000000000000004 96.500000000000014 27.893750000000004 18.750000000000004 95.500000000000014 -0.63921128368950708 -0.36648370705903521
decision_type=1 2 2 2 2 2 2 2
left_child=-1 3 6 5 -4 -2 -3 -5
right_child=1 2 4 7 -6 -7 -8 -9
leaf_value=-0.038664148114422786 -0.026221410008752985 0.060236645598800133 -0.0072108706977348849 -0.038353885744929962 0.0083584134290426767 0.013719092607199605 -0.022886498459627914 0.030970062074805599
leaf_weight=35.208399245515466 47.88997468072921 4.0696739666163912 316.42734040506184 6.0620000418275586 458.58924076193944 62.307265115901828 168.95942584890872 109.95621482096612
leaf_count=4690 446 34 2588 52 3426 519 1531 815
internal_value=-0.000881043 0.000607574 -0.00214098 0.0121119 0.00200061 -0.00371813 -0.0205965 0.0270511
internal_weight=1209.47 1174.26 948.046 226.215 775.017 110.197 173.029 116.018
internal_count=14101 9411 7579 1832 6014 965 1565 867
cat_boundaries=0 1
cat_threshold=24
is_linear=0
shrinkage=0.05


Tree=77
num_leaves=13
num_cat=4
split_feature=0 1 40 34 34 0 4 33 4 37 1 38
split_gain=28.8971 15.433 14.1069 16.9639 14.669 12.9757 18.5888 14.2009 9.9715 15.2832 23.7793 11.0337
threshold=0 1 0.45000000000000007 20.550000000000004 23.950000000000003 2 -0.99054481509840819 31.250000000000004 0.35846314187849704 58.500000000000007 3 12.416964000000002
decision_type=1 1 2 2 2 1 2 2 2 2 1 2
left_child=1 2 3 -1 -4 7 -7 -3 -2 11 -11 -10
right_child=8 5 4 -5 -6 6 -8 -9 9 10 -12 -13
leaf_value=-0.012364539938227429 -0.049346354402444496 -0.033010953072246815 -0.0027085653217405821 0.046537309802289678 0.012244256083898343 0.034795640567727631 -0.04626208090662199 0.000819799938053579 -0.048664813252895532 -0.044877033986518711 0.08572836843662715 0.017957181062266344
leaf_weight=16.809993997216225 38.013092489447445 33.434597305953503 380.74373799562454 40.570135943591595 286.77064222842455 7.7022902816534033 42.021891560405493 312.31580824777484 23.894493395928297 5.2518280171789211 7.1517618121579289 7.6946395761333397
leaf_count=86 4011 233 1851 192 1391 39 1126 2106 2362 218 210 220
internal_value=-0.000769227 0.00144654 0.00579135 0.0293653 0.00372402 -0.00647543 -0.0277893 -0.00246633 -0.0275492 -0.0141596 0.0312061 -0.0323836
internal_weight=1202.37 1120.37 724.895 57.3801 667.514 395.475 49.7242 345.75 82.0058 43.9927 12.4036 31.5891
internal_count=14045 7024 3520 278 3242 3504 1165 2339 7021 3010 428 2582
cat_boundaries=0 1 2 3 4
cat_threshold=38 1 6 1
is_linear=0
shrinkage=0.05


Tree=78
num_leaves=9
num_cat=1
split_feature=0 42 37 34 34 34 26 2
split_gain=25.7103 13.3419 29.3612 20.9513 19.0942 17.5991 14.045 12.1869
threshold=0 3.5000000000000004 32.500000000000007 20.350000000000005 20.450000000000003 24.450000000000003 16.450000000000003 3.5000000000000004
decision_type=1 2 2 2 2 2 2 2
left_child=-1 3 7 6 -5 -4 -2 -3
right_child=1 2 5 4 -6 -7 -8 -9
leaf_value=-0.038000880454451554 0.0068899288664570346 -0.048183424987223028 0.0044433461661158901 0.088063396131923044 0.015076290791965966 -0.012283833247704653 -0.052295834911241713 0.014916740143334384
leaf_weight=32.820918902754784 20.830600772984326 43.74472062010318 676.64680313132703 8.5064822817221266 178.07645924575627 203.76584898214787 17.963541296310723 8.7422707024961692
leaf_count=4673 182 384 5285 67 1394 1799 182 68
internal_value=-0.000406406 0.00100982 -0.00162215 0.0119079 0.0188556 0.000562404 -0.0211414 -0.037591
internal_weight=1191.1 1158.28 932.9 225.377 186.583 880.413 38.7941 52.487
internal_count=14034 9361 7536 1825 1461 7084 364 452
cat_boundaries=0 1
cat_threshold=24
is_linear=0
shrinkage=0.05


Tree=79
num_leaves=7
num_cat=2
split_feature=0 44 0 4 39 30
split_gain=24.0558 13.2048 11.8929 21.0957 20.0257 0.610772
threshold=0 52.000000000000007 1 -0.99275805973510278 27.450000000000006 22.200000000000006
decision_type=1 2 1 2 2 2
left_child=-1 2 4 -4 -2 -3
right_child=1 5 3 -5 -6 -7
leaf_value=-0.037663156499316362 0.0030595627093560787 -0.057533114937952656 0.044916166658601236 -0.0099728655838549479 0.050018671928696204 -0.025204927462317069
leaf_weight=31.723313838243484 792.75340006500483 7.9840051787905377 17.554097478277981 313.64752405369654 22.381114102900028 4.8016063701361418
leaf_count=4685 4493 94 147 4456 107 39
internal_value=-0.000821189 0.000538718 0.00112737 -0.0067345 0.00435526 -0.0481014
internal_weight=1190.85 1159.12 1146.34 331.202 815.135 12.7856
internal_count=14021 9336 9203 4603 4600 133
cat_boundaries=0 1 2
cat_threshold=24 6
is_linear=0
shrinkage=0.05


Tree=80
num_leaves=8
num_cat=1
split_feature=0 44 38 4 2 5 34
split_gain=24.1424 11.4918 17.4009 17.8107 16.2514 13.0306 14.1494
threshold=0 44.45000000000001 11.053273500000001 0.77788564761185042 7.5000000000000009 0.36447543099728857 24.550000000000004
decision_type=1 2 2 2 2 2 2
left_child=-1 2 3 -2 -4 6 -3
right_child=1 5 4 -5 -6 -7 -8
leaf_value=-0.037477529866080175 0.0040470373601471429 0.0016133513145757815 0.014192643055318341 -0.014637609066709309 0.071058628057266496 -0.066242074096649825 -0.031787872321827879
leaf_weight=31.112477735616267 733.39529448468238 116.67442786600441 93.295417824760079 153.34922217112035 13.694194123148916 9.0518683348782343 42.493765652645379
leaf_count=4728 5864 849 714 1347 103 86 410
internal_value=-0.000286065 0.00105434 0.00311166 0.000802958 0.0220618 -0.0109832 -0.0074467
internal_weight=1193.07 1161.95 993.734 886.745 106.99 168.22 159.168
internal_count=14101 9373 8028 7211 817 1345 1259
cat_boundaries=0 1
cat_threshold=24
is_linear=0
shrinkage=0.05


Tree=81
num_leaves=9
num_cat=3
split_feature=0 34 39 1 34 31 0 36
split_gain=22.1242 12.1749 24.5898 20.3849 13.7152 22.662 19.4119 2.48692
threshold=0 24.450000000000003 17.150000000000002 1 23.950000000000003 27.550000000000001 2 97.500000000000014
decision_type=1 2 2 1 2 2 1 2
left_child=-1 4 7 -4 6 -6 -2 -3
right_child=1 2 3 -5 5 -7 -8 -9
leaf_value=-0.036759403662347929 0.010687635099127193 -0.032725116025853131 0.0077576445475610219 -0.023745955371002173 -0.06918220000221309 0.017599002225343437 -0.0062525033869303727 -0.068933255795296342
leaf_weight=29.059949757531285 263.56352231279016 11.863169871270657 145.50438979780301 78.083383763674647 6.8283554948866358 212.17307576071471 429.34727392811328 13.848870261572301
leaf_count=4627 1385 106 945 957 61 1585 4189 128
internal_value=-0.000224364 0.00102823 -0.00873317 -0.00330108 0.00371472 0.014591 0.000261074 -0.0540778
internal_weight=1190.27 1161.21 249.3 223.588 911.912 219.001 692.911 25.712
internal_count=13983 9356 2136 1902 7220 1646 5574 234
cat_boundaries=0 1 2 3
cat_threshold=24 1 2
is_linear=0
shrinkage=0.05


Tree=82
num_leaves=15
num_cat=1
split_feature=0 4 33 4 34 34 44 44 23 43 40 25 43 14
split_gain=23.5754 20.5164 17.2056 22.337 21.1302 18.1271 12.5327 14.4366 9.44677 10.8912 6.09813 4.57652 3.89632 2.38834
threshold=0 -0.99054481509840819 36.350000000000001 0.10837544681456417 22.850000000000005 20.250000000000004 46.600000000000001 40.150000000000006 92.500000000000014 2.7500000000000004 120.15000000000002 8.355555500000003 34.250000000000007 12.15
decision_type=1 2 2 2 2 2 2 2 2 2 2 2 2 2
left_child=2 12 3 4 -1 -5 7 -3 9 -4 -8 -10 13 -2
right_child=1 6 8 5 -6 -7 10 -9 11 -11 -12 -13 -14 -15
leaf_value=0.034084605173430864 0.010076346735658472 -0.01769492540919684 0.021674324854287288 -0.071290392432231744 0.0044514795828377437 -0.0055349811831873806 -0.050210924362039645 0.0058005901958447341 -0.001163083091078206 -0.039103381974590116 0.037244913634694836 0.059748634085919988 -0.016410159389680556 0.05332276070926717
leaf_weight=72.674520377069712 4.7428124877624276 220.93204723019153 64.658260896801949 9.8574516102671605 330.19477059319615 313.30369064956903 27.473428745288405 92.104171113343909 3.5571035966277149 7.3794890642166129 1.4391441023908544 20.460186436772346 2.6202058736234894 14.003497708588837
leaf_count=433 79 6032 341 69 1802 1845 745 2203 20 44 29 107 36 228
internal_value=-7.01548e-05 -0.0104921 0.00461432 0.00202437 0.00986823 -0.00775447 -0.01378 -0.0107854 0.0244433 0.0149982 -0.0447582 0.0510414 0.0357001 0.0434458
internal_weight=1185.4 363.315 822.085 726.03 402.869 323.161 341.949 313.036 96.055 72.0377 28.9126 24.0173 21.3665 18.7463
internal_count=14013 9352 4661 4149 2235 1914 9009 8235 512 385 774 127 343 307
cat_boundaries=0 1
cat_threshold=6
is_linear=0
shrinkage=0.05


Tree=83
num_leaves=7
num_cat=2
split_feature=0 43 43 1 5 20
split_gain=21.4083 11.7238 15.3086 13.6919 3.89213 2.55796
threshold=0 43.800000000000004 36.250000000000007 1 -0.54219087765047058 33.350000000000001
decision_type=1 2 2 1 2 2
left_child=-1 2 3 -2 -4 -3
right_child=1 5 4 -5 -6 -7
leaf_value=-0.0364233456471467 0.0048885824673169142 -0.059244817712641153 0.019764443756735004 -0.0066579788234743965 0.056913348676908171 -0.013774517686995467
leaf_weight=28.155422157607973 717.80557768791914 8.2636324530467373 18.742377320304517 398.41344449715689 12.314907047897576 5.7916452353820196
leaf_count=4690 4541 95 111 4514 85 59
internal_value=-5.5354e-05 0.00116031 0.00174405 0.000764983 0.0358107 -0.0426677
internal_weight=1189.49 1161.33 1147.28 1116.22 31.0573 14.0553
internal_count=14095 9405 9251 9055 196 154
cat_boundaries=0 1 2
cat_threshold=24 1
is_linear=0
shrinkage=0.05


Tree=84
num_leaves=10
num_cat=0
split_feature=44 36 23 39 33 40 5 4 4
split_gain=9.95499 9.50463 16.0605 15.7273 14.9772 17.9349 7.95803 6.59514 0.467112
threshold=52.000000000000007 94.500000000000014 82.500000000000014 20.450000000000003 36.850000000000001 0.35000000000000003 -0.36648370705903521 0.74443451080969758 -0.95244167294248061
decision_type=2 2 2 2 2 2 2 2 2
left_child=1 4 7 -4 5 -1 -6 -3 -2
right_child=8 2 3 -5 6 -7 -8 -9 -10
leaf_value=0.0099825090781721845 -0.025491309398263686 0.093118855652151611 -0.0043337068206677721 0.0087134188128195449 -0.013924154643463664 -0.028500620883273549 0.019064088992350743 0.020896595603299088 -0.054577548663105928
leaf_weight=41.160075962077826 5.7029335270635784 5.4926228555850667 488.37668972974643 436.50511884503067 26.112905276473612 109.1829601675272 55.754473169799894 7.6687170560471714 6.2267289184965176
leaf_count=536 67 65 5995 4850 345 1460 531 90 128
internal_value=-8.71992e-05 0.000394544 0.00263788 0.00182675 -0.00864014 -0.0179686 0.00850091 0.0554843 -0.0437199
internal_weight=1182.18 1170.25 938.043 924.882 232.21 150.343 81.8674 13.1613 11.9297
internal_count=14067 13872 11000 10845 2872 1996 876 155 195
is_linear=0
shrinkage=0.05


Tree=85
num_leaves=9
num_cat=2
split_feature=0 0 31 25 32 33 39 34
split_gain=20.2207 12.698 16.3932 13.8835 12.3234 23.1525 11.7864 10.7317
threshold=0 1 38.000000000000007 10.402083500000002 26.662797500000003 33.250000000000007 22.150000000000002 25.450000000000003
decision_type=1 1 2 2 2 2 2 2
left_child=-1 2 3 -2 6 -6 -3 -4
right_child=1 4 7 -5 5 -7 -8 -9
leaf_value=-0.036137050825792855 0.0098061086863321448 -0.02323114877829556 -0.011483173694326953 0.042344198920061457 0.010608554984818309 -0.010270460139089535 0.0053808652785407246 0.034941232436582287
leaf_weight=27.364894845755771 274.39655753597617 123.5499364733696 124.8361058011651 36.442792378365993 268.6735853003338 260.55388656444848 50.16396901011467 12.842427849769591
leaf_count=4691 1439 1233 639 188 2573 2755 416 69
internal_value=-0.000428225 0.000758017 0.00723525 0.0137444 -0.00342264 0.000329233 -0.0149853 -0.00693205
internal_weight=1178.82 1151.46 448.518 310.839 702.941 529.227 173.714 137.679
internal_count=14003 9312 2335 1627 6977 5328 1649 708
cat_boundaries=0 1 2
cat_threshold=24 2
is_linear=0
shrinkage=0.05


Tree=86
num_leaves=9
num_cat=2
split_feature=0 44 0 38 8 7 33 5
split_gain=19.0735 14.7899 16.2346 19.0405 15.341 12.2236 16.7696 6.95754
threshold=0 44.800000000000004 1 11.015178500000001 30.950000000000003 26.787500000000005 36.95000000000001 -0.97111920233974802
decision_type=1 2 1 2 2 2 2 2
left_child=-1 2 3 -2 -4 7 -7 -3
right_child=1 5 4 -5 -6 6 -8 -9
leaf_value=-0.035636605803887743 0.0072013541090707942 -0.036412791064902743 -0.014865288470269867 0.042550341934027014 0.0027634602662085623 -0.033552961018855992 0.011381599372712898 0.01470646483068201
leaf_weight=26.178311457158998 346.17658378183842 6.8655230849981299 169.87069189175963 41.914327852427959 443.50145775452256 83.243222152814269 26.996327547356486 43.107147573493421
leaf_count=4700 1803 51 1608 218 4489 765 180 298
internal_value=-0.000383681 0.000740843 0.00300707 0.01084 -0.0021008 -0.0133099 -0.0225456 0.00710684
internal_weight=1187.85 1161.68 1001.46 388.091 613.372 160.212 110.24 49.9727
internal_count=14112 9412 8118 2021 6097 1294 945 349
cat_boundaries=0 1 2
cat_threshold=24 2
is_linear=0
shrinkage=0.05


Tree=87
num_leaves=13
num_cat=4
split_feature=0 1 40 34 0 44 38 4 37 1 2 32
split_gain=18.6488 17.3213 14.4671 18.3764 12.3274 13.5706 11.8802 11.6531 22.7581 27.3352 10.5561 7.08573
threshold=0 1 0.45000000000000007 20.550000000000004 2 28.250000000000004 5.5770835000000014 0.35846314187849704 58.500000000000007 3 9.5000000000000018 30.497916500000006
decision_type=1 1 2 2 1 2 2 2 2 1 2 2
left_child=1 2 3 -1 5 -3 -6 -2 11 -10 -4 -9
right_child=7 4 10 -5 6 -7 -8 8 9 -11 -12 -13
leaf_value=-0.014659212666546854 -0.049100540432332869 -0.047430049396363062 1.164682413814132e-05 0.048061625476406723 0.0582371749679979 -0.001713075903181902 -0.041519144752305379 -0.048298206751245215 -0.044353474190301702 0.098260323508526509 0.015731963010000932 0.0098544196068234089
leaf_weight=15.995017290115355 32.279670971212909 16.071150053292513 521.95818001776934 38.690953731536865 2.3372359089553347 332.5143791437149 44.215753712691367 20.257507266011093 4.7078131353482586 7.7397343921475112 133.25488622486591 6.5530472157988688
leaf_count=83 4022 128 2550 185 26 2239 1140 2350 217 222 674 252
internal_value=-0.00107682 0.000638574 0.00531252 0.0297827 -0.00773464 -0.00384059 -0.0292421 -0.0239976 -0.00861096 0.0450348 0.00322789 -0.0342413
internal_weight=1176.58 1105.04 709.899 54.686 395.139 348.586 46.553 71.5378 39.2581 12.4475 655.213 26.8106
internal_count=14088 7025 3492 268 3533 2367 1166 7063 3041 439 3224 2602
cat_boundaries=0 1 2 3 4
cat_threshold=38 1 6 1
is_linear=0
shrinkage=0.05


Tree=88
num_leaves=9
num_cat=2
split_feature=0 44 44 31 39 27 42 1
split_gain=17.9051 10.9351 15.0256 15.6126 12.445 12.251 16.3773 9.22605
threshold=0 44.45000000000001 43.000000000000007 41.95000000000001 26.250000000000004 33.150000000000013 2.5000000000000004 1
decision_type=1 2 2 2 2 2 2 1
left_child=-1 2 3 -2 -4 6 -3 -7
right_child=1 5 4 -5 -6 7 -8 -9
leaf_value=-0.035041287963532376 0.0024466957621079662 0.016248988980693321 0.036990992639563014 -0.036954026467810472 -0.027829760803524201 0.021768583687856346 -0.031564180637742002 -0.01739163844711587
leaf_weight=24.716624610358849 910.56332149915397 22.163144902326167 48.934381737373769 24.856827012263238 7.940896230749785 37.851103671826422 81.947252217680216 23.617916842922568
leaf_count=4697 7441 163 347 202 67 227 731 227
internal_value=-0.000171216 0.000897365 0.0028925 0.00136136 0.0276163 -0.0109509 -0.0213279 0.00668471
internal_weight=1182.59 1157.87 992.295 935.42 56.8753 165.579 104.11 61.469
internal_count=14102 9405 8057 7643 414 1348 894 454
cat_boundaries=0 1 2
cat_threshold=24 1
is_linear=0
shrinkage=0.05


Tree=89
num_leaves=9
num_cat=2
split_feature=0 42 2 43 43 39 1 10
split_gain=16.5899 12.6608 39.5571 20.0594 22.3744 16.7326 15.3581 6.02578
threshold=0 4.5000000000000009 3.5000000000000004 0.65000000000000002 2.2500000000000004 18.750000000000004 1 70.770833500000023
decision_type=1 2 2 2 2 2 1 2
left_child=-1 3 7 6 -5 -4 -2 -3
right_child=1 2 5 4 -6 -7 -8 -9
leaf_value=-0.034533206427818139 0.0090924439945064012 -0.047375719709242071 -0.0085988330604714093 0.039029252365419383 -0.0056107696088924597 0.0066643699239106709 -0.022995559936374879 -0.020362456476696017
leaf_weight=23.643388347467408 107.17509006336331 43.402384167071432 280.21106443554163 84.974957460537553 41.338984115980566 495.7957179415971 55.915856445208192 43.527202306315303
leaf_count=4692 675 408 2333 667 383 3846 683 385
internal_value=-0.00044277 0.000580409 -0.00245103 0.00961674 0.0244905 0.00114895 -0.00198205 -0.0342351
internal_weight=1175.98 1152.34 862.936 289.405 126.314 776.007 163.091 86.9296
internal_count=14072 9380 6972 2408 1050 6179 1358 793
cat_boundaries=0 1 2
cat_threshold=24 1
is_linear=0
shrinkage=0.05


Tree=90
num_leaves=9
num_cat=1
split_feature=0 13 43 33 39 21 43 43
split_gain=15.8537 11.5445 14.3951 14.1396 11.6241 28.5681 15.6141 10.3215
threshold=0 6.5229165000000009 23.500000000000004 33.350000000000001 18.350000000000005 22.950000000000003 36.250000000000007 33.250000000000007
decision_type=1 2 2 2 2 2 2 2
left_child=-1 2 3 -2 5 -3 -6 -4
right_child=1 4 7 -5 6 -7 -8 -9
leaf_value=-0.034210545902796922 0.022743652598583047 0.020248237714381792 -0.018714903399577796 -0.0095669757191584742 -0.0014399066762847855 -0.028616906710527606 0.034820089805624586 0.016409657514216965
leaf_weight=22.983477432280779 165.05035972781479 40.465228177607059 63.47163667017594 41.927876016125083 674.38867564639077 107.58697122614831 30.054474090225995 30.053754688240588
leaf_count=4697 1306 341 509 363 5503 931 197 218
internal_value=-0.000554548 0.000438059 0.00885198 0.0161839 -0.0025296 -0.015215 0.000154262 -0.00737367
internal_weight=1175.98 1153 300.504 206.978 852.495 148.052 704.443 93.5254
internal_count=14065 9368 2396 1669 6972 1272 5700 727
cat_boundaries=0 1
cat_threshold=24
is_linear=0
shrinkage=0.05


Tree=91
num_leaves=11
num_cat=2
split_feature=0 4 36 44 4 5 19 1 5 4
split_gain=18.2404 11.1663 14.5129 10.7833 11.659 27.4347 16.1198 10.7782 7.67014 0.229377
threshold=0 0.35846314187849704 99.500000000000014 52.000000000000007 0.10837544681456417 0.95178258287705175 28.088194500000004 1 -0.11692317777808839 -0.95244167294248061
decision_type=1 2 2 2 2 2 2 1 2 2
left_child=3 -2 8 4 6 -6 -1 -4 -3 -5
right_child=1 2 7 9 5 -7 -8 -9 -10 -11
leaf_value=0.0092545619100230982 -0.048964104593478414 0.00073269027519754274 -0.027871434112564337 -0.027134386798719989 0.00013609256863361248 -0.045413175563377976 -0.035780270317516426 0.13510992304379019 -0.047010925121711282 -0.054179831246076962
leaf_weight=520.45790959987789 29.742083079647273 21.348690318642184 1.1163755136076352 5.2939756624400616 515.77052424754947 34.321630746126175 19.687719400040805 1.8796684837434441 12.850351995555682 6.0052819745615107
leaf_count=3131 4009 1243 77 33 3408 255 132 78 1647 65
internal_value=0.000163893 -0.0232228 -0.00797636 0.00179912 0.00233855 -0.00278309 0.00755001 0.082603 -0.018033 -0.0447448
internal_weight=1168.47 66.9372 37.1951 1101.54 1090.24 550.092 540.146 2.99604 34.199 11.2993
internal_count=14078 7054 3045 7024 6926 3663 3263 155 2890 98
cat_boundaries=0 1 2
cat_threshold=38 1
is_linear=0
shrinkage=0.05


Tree=92
num_leaves=7
num_cat=2
split_feature=0 43 43 1 20 5
split_gain=14.6903 11.4602 18.0907 11.1856 2.17188 2.07671
threshold=0 43.800000000000004 36.250000000000007 1 33.350000000000001 -0.54219087765047058
decision_type=1 2 2 1 2 2
left_child=-1 2 3 -2 -3 -4
right_child=1 4 5 -5 -6 -7
leaf_value=-0.033458052452535157 0.0038034892439265432 -0.05835899046697704 0.024691466035622982 -0.0066594837281664515 -0.016213895939716727 0.052004286549122605
leaf_weight=21.508325813803822 715.40467966580763 8.1053425371646863 21.269109534099698 395.99107886990532 6.1581439906731239 13.226284777745603
leaf_count=4694 4553 97 120 4530 62 89
internal_value=-0.000308066 0.000617618 0.0011952 7.28894e-05 -0.0424176 0.0363339
internal_weight=1181.66 1160.15 1145.89 1111.4 14.2635 34.4954
internal_count=14145 9451 9292 9083 159 209
cat_boundaries=0 1 2
cat_threshold=24 1
is_linear=0
shrinkage=0.05


Tree=93
num_leaves=15
num_cat=3
split_feature=0 4 32 32 33 4 21 44 34 33 1 1 16 9
split_gain=15.2704 14.8757 16.6816 19.7785 10.5666 16.7352 22.9441 19.5456 11.7206 8.82484 5.72612 2.32495 2.20736 1.08268
threshold=0 -0.99275805973510278 26.804464500000005 28.295238000000001 36.850000000000001 0.10837544681456417 23.250000000000004 46.250000000000007 26.400000000000002 31.550000000000004 1 2 24.350000000000005 24.250000000000004
decision_type=1 2 2 2 2 2 2 2 2 2 1 1 2 2
left_child=4 12 9 -4 5 6 -1 -7 10 -3 -6 -10 -2 -14
right_child=1 2 3 -5 8 7 -8 -9 11 -11 -12 -13 13 -15
leaf_value=0.031948908515423445 0.043058372453142334 -0.0107641676659576 0.0063940542727793127 -0.023815679663368863 0.05125927199270354 -0.0030081825738062225 0.0032222241420485731 -0.066865202669672927 -0.0025567149081979941 -0.042737620240339953 0.017144974481098731 -0.048780666996355165 0.019146311364219758 -0.024375535675471752
leaf_weight=88.597695037722588 14.302009336650373 38.620825113030151 158.1574803609401 81.181322718271986 23.901842527091503 343.88706625625491 311.2640518695116 11.421721521764992 6.3199599832296354 50.556148563278839 27.361783131957054 3.9382777251303196 2.3172848885878916 1.5106867807917295
leaf_count=523 236 1064 4332 2276 130 2041 1716 77 32 1380 135 35 37 30
internal_value=0.000511495 -0.00813157 -0.0108323 -0.00390924 0.00423318 0.00264579 0.00965104 -0.00524282 0.0240413 -0.0291635 0.0337273 -0.0230593 0.0345632 0.00047938
internal_weight=1163.34 346.646 328.516 239.339 816.692 755.171 399.862 355.309 61.5219 89.177 51.2636 10.2582 18.13 3.82797
internal_count=14044 9355 9052 6608 4689 4357 2239 2118 332 2444 265 67 303 67
cat_boundaries=0 1 2 3
cat_threshold=6 1 1
is_linear=0
shrinkage=0.05


Tree=94
num_leaves=9
num_cat=2
split_feature=0 1 36 20 38 2 43 32
split_gain=14.3809 10.2893 13.8654 13.4325 10.1829 22.4659 16.4324 7.54261
threshold=0 1 96.500000000000014 34.550000000000004 6.4553575000000007 10.500000000000002 1.9500000000000002 27.538690500000005
decision_type=1 1 2 2 2 2 2 2
left_child=-1 4 7 -4 5 -2 -6 -3
right_child=1 2 3 -5 6 -7 -8 -9
leaf_value=-0.033092524245679857 0.0028051519744805211 -0.047315449673618462 -0.0024754805584119178 0.042690081839071317 0.015394597423687885 0.049436722827343231 -0.0029963074473204725 -0.013941060235579353
leaf_weight=20.822416198207065 79.523557279258966 20.654386345762759 286.92520511522889 16.460311258211732 165.1733631407842 37.347145198844373 450.5565446424298 85.400116749107838
leaf_count=4671 497 384 3071 166 1049 240 2885 1048
internal_value=6.63792e-05 0.000980313 -0.00535149 0.000107196 0.0045349 0.0179997 0.00195413 -0.0208221
internal_weight=1162.86 1142.04 409.44 303.386 732.601 116.871 615.73 106.055
internal_count=14011 9340 4669 3237 4671 737 3934 1432
cat_boundaries=0 1 2
cat_threshold=24 1
is_linear=0
shrinkage=0.05


Tree=95
num_leaves=15
num_cat=1
split_feature=0 36 33 39 33 37 32 33 33 34 42 40 40 32
split_gain=13.8686 14.4819 19.1962 15.852 14.4875 13.0709 10.7208 16.931 19.1918 17.7455 11.2831 10.982 8.22906 6.46703
threshold=0 94.500000000000014 32.350000000000001 22.150000000000002 33.45000000000001 27.500000000000004 28.780059500000004 32.750000000000007 32.45000000000001 25.350000000000005 2.5000000000000004 36.750000000000007 0.35000000000000003 29.308928500000004
decision_type=1 2 2 2 2 2 2 2 2 2 2 2 2 2
left_child=6 5 3 -3 -4 12 7 8 -1 -9 13 -12 -2 -8
right_child=1 2 4 -5 -6 -7 10 9 -10 -11 11 -13 -14 -15
leaf_value=0.0016584480300158432 0.045930139862503036 -0.028239176661336091 0.02391150336579799 0.0075854677516130654 -0.0081418860559333405 -0.044332033547127447 0.075733864061321987 -0.01100507315476857 0.02924446588105702 0.088480252618562308 0.00027935575808534668 0.040148471222287201 -0.019288286085811415 0.024360293141773421
leaf_weight=336.08447615988553 6.617773100500929 96.938288057222962 74.853385641472414 44.57497298088856 65.136258414248005 45.773393281502649 9.3919285163283366 261.10014999099076 76.647526297718287 3.5694716274738303 86.128205396234989 20.609406623989344 12.285700644599272 18.824885316193104
leaf_count=1891 191 2568 1921 1085 1903 1483 50 1551 428 22 507 122 257 97
internal_value=-0.000528718 -0.00874805 -0.00405197 -0.0169808 0.00904531 -0.0301466 0.00305039 0.000515438 0.00683969 -0.00933537 0.0159015 0.00827867 0.00470405 0.0434668
internal_weight=1158.54 346.18 281.503 141.513 139.99 64.6769 812.356 677.402 412.732 264.67 134.954 106.738 18.9035 28.2168
internal_count=14076 9408 7477 3653 3824 1931 4668 3892 2319 1573 776 629 448 147
cat_boundaries=0 1
cat_threshold=6
is_linear=0
shrinkage=0.05


Tree=96
num_leaves=8
num_cat=1
split_feature=0 34 42 6 4 8 34
split_gain=12.8935 12.998 14.6412 17.8556 13.9501 13.4576 1.39129
threshold=0 20.250000000000004 2.5000000000000004 2.5000000000000004 0.21022171450811272 34.650000000000013 19.450000000000003
decision_type=1 2 2 2 2 2 2
left_child=-1 4 5 -4 6 -3 -2
right_child=1 2 3 -5 -6 -7 -8
leaf_value=-0.032573527929416986 0.0073449399540801057 0.00051626170300411321 -0.015112331695244917 0.0022165060477903325 -0.067958810105071307 0.033875300761207462 -0.020595939128745602
leaf_weight=19.955936318729073 12.605613031424587 59.565344936214387 181.01167287537828 810.19354208791628 13.31428893888369 60.459932309575379 5.6344102537259451
leaf_count=4696 112 529 1583 6526 148 425 50
internal_value=-0.00073659 0.000130999 0.00104352 -0.000960089 -0.0310095 0.0174612 -0.00190798
internal_weight=1162.74 1142.78 1111.23 991.205 31.5543 120.025 18.24
internal_count=14069 9373 9063 8109 310 954 162
cat_boundaries=0 1
cat_threshold=24
is_linear=0
shrinkage=0.05


Tree=97
num_leaves=7
num_cat=1
split_feature=0 44 34 4 42 4
split_gain=12.4004 10.3665 9.1991 14.4666 11.6131 0.219321
threshold=0 52.000000000000007 20.250000000000004 0.21022171450811272 4.5000000000000009 -0.96689237009891416
decision_type=1 2 2 2 2 2
left_child=-1 2 3 -2 -4 -3
right_child=1 5 4 -5 -6 -7
leaf_value=-0.032252205710504606 0.0021757195030840154 -0.021325475089760019 0.010639105782304014 -0.065703817564523523 -0.0014695951548875218 -0.051461104045199962
leaf_weight=19.399245708715171 19.003120951354507 2.9269257807172826 257.54604940209538 12.299603340215979 844.95933142211288 8.1711984574794752
leaf_count=4691 168 24 2120 144 6825 104
internal_value=-0.000737128 0.000105081 0.000596724 -0.0257041 0.00136608 -0.045933
internal_weight=1164.31 1144.91 1133.81 31.3027 1102.51 11.0981
internal_count=14076 9385 9257 312 8945 128
cat_boundaries=0 1
cat_threshold=24
is_linear=0
shrinkage=0.05


end of trees

feature_importances:
age_group=178
day_of_year_sin=117
rain_max_daily_7d=103
gender=90
temperature_max_7d=85
temperature_min_7d=54
day_of_year_cos=45
wind_speed_max_7d=45
wind_gust_max_7d=44
humidity_max_7d=30
month=26
wind_speed_mean_7d=24
temperature_mean_7d=20
humidity_min_7d=20
temperature_mean_3d=19
precipitation_sum_7d=15
rain_days_7d=15
wind_speed_mean_3d=12
humidity_max_3d=11
wind_speed_max_3d=11
temperature_max_3d=10
temperature_min_3d=7
temperature_min_current=6
rain_max_daily_3d=6
wind_gust_max_3d=6
wind_speed_mean_current=4
temperature_mean_current=3
temperature_max_current=3
precipitation_sum_current=3
wind_gust_max_current=3
humidity_mean_7d=3
weather_code_current=2
humidity_mean_current=2
humidity_max_current=2
precipitation_sum_3d=2
humidity_min_current=1
wind_speed_max_current=1
rain_sum_current=1
humidity_min_3d=1
rain_sum_3d=1

parameters:
[boosting: gbdt]
[objective: binary]
[metric: binary_logloss]
[tree_learner: serial]
[device_type: cpu]
[data_sample_strategy: bagging]
[data: ]
[valid: ]
[num_iterations: 98]
[learning_rate: 0.05]
[num_leaves: 15]
[num_threads: 8]
[seed: 42]
[deterministic: 0]
[force_col_wise: 0]
[force_row_wise: 0]
[histogram_pool_size: -1]
[max_depth: 4]
[min_data_in_leaf: 20]
[min_sum_hessian_in_leaf: 0.001]
[bagging_fraction: 0.9]
[pos_bagging_fraction: 1]
[neg_bagging_fraction: 1]
[bagging_freq: 1]
[bagging_seed: 400]
[bagging_by_query: 0]
[feature_fraction: 0.9]
[feature_fraction_bynode: 1]
[feature_fraction_seed: 30056]
[extra_trees: 0]
[extra_seed: 12879]
[early_stopping_round: 0]
[early_stopping_min_delta: 0]
[first_metric_only: 0]
[max_delta_step: 0]
[lambda_l1: 0]
[lambda_l2: 1]
[linear_lambda: 0]
[min_gain_to_split: 0]
[drop_rate: 0.1]
[max_drop: 50]
[skip_drop: 0.5]
[xgboost_dart_mode: 0]
[uniform_drop: 0]
[drop_seed: 17869]
[top_rate: 0.2]
[other_rate: 0.1]
[min_data_per_group: 100]
[max_cat_threshold: 32]
[cat_l2: 10]
[cat_smooth: 10]
[max_cat_to_onehot: 4]
[top_k: 20]
[monotone_constraints: ]
[monotone_constraints_method: basic]
[monotone_penalty: 0]
[feature_contri: ]
[forcedsplits_filename: ]
[refit_decay_rate: 0.9]
[cegb_tradeoff: 1]
[cegb_penalty_split: 0]
[cegb_penalty_feature_lazy: ]
[cegb_penalty_feature_coupled: ]
[path_smooth: 0]
[interaction_constraints: ]
[verbosity: -1]
[saved_feature_importance_type: 0]
[use_quantized_grad: 0]
[num_grad_quant_bins: 4]
[quant_train_renew_leaf: 0]
[stochastic_rounding: 1]
[linear_tree: 0]
[max_bin: 255]
[max_bin_by_feature: ]
[min_data_in_bin: 3]
[bin_construct_sample_cnt: 200000]
[data_random_seed: 175]
[is_enable_sparse: 1]
[enable_bundle: 1]
[use_missing: 1]
[zero_as_missing: 0]
[feature_pre_filter: 1]
[pre_partition: 0]
[two_round: 0]
[header: 0]
[label_column: ]
[weight_column: ]
[group_column: ]
[ignore_column: ]
[categorical_feature: 0,1,3]
[forcedbins_filename: ]
[precise_float_parser: 0]
[parser_config_file: ]
[objective_seed: 16083]
[num_class: 1]
[is_unbalance: 0]
[scale_pos_weight: 1]
[sigmoid: 1]
[boost_from_average: 1]
[reg_sqrt: 0]
[alpha: 0.9]
[fair_c: 1]
[poisson_max_delta_step: 0.7]
[tweedie_variance_power: 1.5]
[lambdarank_truncation_level: 30]
[lambdarank_norm: 1]
[label_gain: ]
[lambdarank_position_bias_regularization: 0]
[eval_at: ]
[multi_error_top_k: 1]
[auc_mu_weights: ]
[num_machines: 1]
[local_listen_port: 12400]
[time_out: 120]
[machine_list_filename: ]
[machines: ]
[gpu_platform_id: -1]
[gpu_device_id: -1]
[gpu_device_id_list: ]
[gpu_use_dp: 0]
[num_gpu: 1]

end of parameters

pandas_categorical:[]
