tree
version=v4
num_class=1
num_tree_per_iteration=1
label_index=0
max_feature_idx=44
objective=binary sigmoid:1
feature_names=age_group gender month season day_of_year_sin day_of_year_cos weather_code_current temperature_mean_current temperature_max_current temperature_min_current humidity_mean_current humidity_max_current humidity_min_current wind_speed_mean_current wind_speed_max_current precipitation_sum_current rain_sum_current wind_gust_max_current rain_day_current temperature_mean_3d temperature_max_3d temperature_min_3d humidity_mean_3d humidity_max_3d humidity_min_3d wind_speed_mean_3d wind_speed_max_3d precipitation_sum_3d rain_sum_3d rain_days_3d rain_max_daily_3d wind_gust_max_3d temperature_mean_7d temperature_max_7d temperature_min_7d humidity_mean_7d humidity_max_7d humidity_min_7d wind_speed_mean_7d wind_speed_max_7d precipitation_sum_7d rain_sum_7d rain_days_7d rain_max_daily_7d wind_gust_max_7d
feature_infos=-1:0:1:2:3:4:5 -1:0:1 [1:12] -1:1:0 [-0.99999942202469239:0.99998555065071859] [-0.99997919295908244:0.9999907524084426] [0:61] [23.658332999999999:32.533332999999999] [25.899999999999999:39.200000000000003] [17.899999999999999:29.300000000000001] [48.958333000000003:91.625] [63:100] [23:86] [2.8541669999999999:19.695833] [6.4000000000000004:30.100000000000001] [0:63.100000000000001] [0:63.100000000000001] [14:56.899999999999999] [0:1] [23.766667000000002:32.427778000000004] [27.699999999999999:39.200000000000003] [17.899999999999999:28.100000000000001] [52.569443999999997:90.694444000000004] [73:100] [23:79] [4.125:17.329167000000002] [9.6999999999999993:30.100000000000001] [0:93.900000000000006] [0:93.900000000000006] [0:3] [0:63.100000000000001] [17.300000000000001:56.899999999999999] [24.365476000000001:32.235118999999997] [28.699999999999999:39.200000000000003] [17.899999999999999:27.5] [55.767856999999999:89.523809999999997] [77:100] [23:72] [4.5327380000000002:15.469643] [11.6:30.100000000000001] [0:163.90000000000001] [0:163.90000000000001] [0:7] [0:63.100000000000001] [23:56.899999999999999]
tree_sizes=1670 1409 1505 1410 1499 1618 1202 1710 1603 1717 1501 1733 1621 1617 1719 1627 1695 1734 1615 1110 1726 1517 1717 1720 1606 1608 1630 1626 1625 1707 1712 1730 1715 1620 1714 1727 1409 1625 1721 1110 1635 1703 1603 1724 1735 1734 1728 1728 1712 1737 1611 1732 1705 1737 1705 1729 1713 1724 1742 1624 1727 1738 1726 1707 1714 1732 1620 1630 1733 1506 1547 1700 1626 1392 1419 1728 1734 1525 1532 1736 1733 1529 1733 1535 1739 1640 1530 1609 1744 1411 1738 1630 1733 1425 1529 1650 1430 1550 1421 1745 1738 1635 1733 1649 1758 1417 1419 1532

Tree=0
num_leaves=15
num_cat=3
split_feature=0 0 2 34 5 6 0 33 32 5 44 38 33 4
split_gain=7971.37 366.855 78.686 136.041 36.1475 95.272 27.6792 34.9556 42.4386 29.1196 19.111 2.87136 3.89749 0.421408
threshold=0 1 9.5000000000000018 20.350000000000005 -0.8142754349318998 2.5000000000000004 2 31.750000000000004 28.845238000000005 -0.22700609751797862 38.70000000000001 12.961607000000003 37.100000000000009 -0.97876850416056749
decision_type=1 1 2 2 2 2 1 2 2 2 2 2 2 2
left_child=6 4 3 -3 5 -2 7 9 -9 -1 -4 -8 -13 -6
right_child=1 2 10 -5 13 -7 11 8 -10 -11 -12 12 -14 -15
leaf_value=0.34970754446800195 0.42053873650425094 0.3638196650603332 0.51767880890921092 0.47958694042117811 0.51928288546289969 0.51861759536159169 0.3212828249994738 0.34250536759001782 0.38337935809143164 0.40478229818469702 0.48154729946893965 0.33325698321363589 0.39352411612293303 0.53073374047984812
leaf_weight=39.713548466563225 27.34765313565731 25.207402020692825 170.03106079995632 858.00289142131805 61.353865295648575 219.25683644413948 536.72741849720478 359.08657595515251 84.896627560257912 66.585590243339539 50.176998361945152 9.2744214981794375 8.3231987804174405 806.63686466217041
leaf_count=167 115 106 715 3608 258 922 2257 1510 357 280 211 39 35 3392
internal_value=0.449293 0.503901 0.482609 0.47619 0.524446 0.507669 0.340182 0.358111 0.350156 0.383472 0.50963 0.324501 0.35724 0.530006
internal_weight=3322.62 2218.01 1103.42 883.21 1114.6 246.604 1104.61 550.282 443.983 106.299 220.208 554.325 17.5976 867.991
internal_count=13972 9327 4640 3714 4687 1037 4645 2314 1867 447 926 2331 74 3650
cat_boundaries=0 1 2 3
cat_threshold=48 9 32
is_linear=0
shrinkage=1


Tree=1
num_leaves=12
num_cat=3
split_feature=0 0 33 36 5 43 0 33 4 19 25
split_gain=7113.27 336.568 71.413 130.33 31.6894 68.0941 26.3005 28.8891 29.6731 23.9388 3.34721
threshold=0 1 36.850000000000001 95.500000000000014 -0.82413948779581736 12.550000000000002 2 31.750000000000004 -0.96689237009891416 29.168750000000003 4.7361110000000002
decision_type=1 1 2 2 2 2 1 2 2 2 2
left_child=6 4 3 -3 5 -2 7 8 -1 -9 -6
right_child=1 2 -4 -5 10 -7 -8 9 -10 -11 -12
leaf_value=-0.0063661752901227791 -0.0090761981682928074 -0.0081360581781790738 0.079252226493825836 0.037777373986909037 0.033036850836012391 0.067608085860006287 -0.11587589317886514 -0.096715653203586896 -0.074049057956889111 -0.062544256176154528 0.078452752876330287
leaf_weight=19.945010408759117 33.392524316906929 189.87568029761314 76.043005049228668 822.69907024502754 6.0746010839939109 206.27895240485668 560.52273054420948 389.29722830653191 89.921092882752419 67.7501330524683 844.5631922930479
leaf_count=83 142 802 322 3490 26 880 2301 1604 373 281 3621
internal_value=0.000242689 0.0529434 0.0324386 0.0291683 0.0728878 0.0569306 -0.101138 -0.0846385 -0.0619302 -0.0917979 0.0781676
internal_weight=3306.36 2178.93 1088.62 1012.57 1090.31 239.671 1127.44 566.913 109.866 457.047 850.638
internal_count=13925 9283 4614 4292 4669 1022 4642 2341 456 1885 3647
cat_boundaries=0 1 2 3
cat_threshold=48 9 32
is_linear=0
shrinkage=0.05


Tree=2
num_leaves=13
num_cat=3
split_feature=0 0 2 34 43 5 44 0 33 32 2 39
split_gain=6465.59 334.146 70.4315 117.505 36.6844 27.2175 23.7675 18.7439 24.8996 28.164 23.1027 3.85503
threshold=0 1 9.5000000000000018 20.350000000000005 56.500000000000007 -0.8611288361322974 38.70000000000001 2 31.750000000000004 28.845238000000005 8.5000000000000018 29.150000000000002
decision_type=1 1 2 2 2 2 2 1 2 2 2 2
left_child=7 4 3 -3 5 -2 -4 8 10 -10 -1 -9
right_child=1 2 6 -5 -6 -7 -8 11 9 -11 -12 -13
leaf_value=-0.09271047622112108 0.055306632164211847 -0.081679992867368281 0.065185304550939946 0.02748516510898228 -0.045491815527466208 0.076112908216066838 0.025582587030349963 -0.11091800787508316 -0.092843514019148143 -0.06005409183816051 -0.043160391306975139 -0.055402329909740512
leaf_weight=35.525460600852966 209.53025569021702 24.436862200498581 167.72669011354446 852.07905985414982 6.0474718064069739 860.25204934179783 51.226191490888596 568.415363073349 378.73874709010124 88.572417333722115 77.706976741552353 6.165291801095008
leaf_count=145 907 101 724 3637 26 3768 219 2298 1538 363 320 25
internal_value=-0.000118634 0.0506711 0.0304608 0.0243521 0.0707337 0.0720932 0.0560783 -0.095165 -0.0801611 -0.0867702 -0.0593817 -0.108534
internal_weight=3326.42 2171.3 1095.47 876.516 1075.83 1069.78 218.953 1155.12 580.544 467.311 113.232 574.581
internal_count=14071 9382 4681 3738 4701 4675 943 4689 2366 1901 465 2323
cat_boundaries=0 1 2 3
cat_threshold=48 9 32
is_linear=0
shrinkage=0.05


Tree=3
num_leaves=12
num_cat=3
split_feature=0 0 33 34 43 0 4 32 32 34 39
split_gain=5848.91 305.238 70.9147 123.064 28.6704 20.5911 26.3515 35.2996 12.8474 10.6938 1.36323
threshold=0 1 36.850000000000001 24.550000000000004 56.500000000000007 2 -0.15951315977791497 28.923512000000006 26.489881000000004 23.850000000000005 29.150000000000002
decision_type=1 1 2 2 2 1 2 2 2 2 2
left_child=5 4 3 -3 9 6 8 -8 -1 -2 -7
right_child=1 2 -4 -5 -6 10 7 -9 -10 -11 -12
leaf_value=-0.045650447562499953 0.074831688932342336 0.034225383801963591 0.076178581913416449 -0.013026711533766947 -0.032452490071581568 -0.10440493248331817 -0.094314365759873398 -0.055506361664392594 -0.071627638313313702 0.063825456488174961 -0.059700486792888946
leaf_weight=82.722488597035408 574.93786232173443 847.25766654312611 76.945371404290199 163.96889996528625 6.3489510715007773 578.91720858216286 263.34424129128456 82.416588470339775 146.09903731942177 476.31635071337223 6.2000260800123206
leaf_count=337 2577 3650 335 704 27 2321 1060 335 589 2120 25
internal_value=0.000377912 0.0492149 0.0298595 0.0265582 0.0686175 -0.0896011 -0.0750022 -0.0852507 -0.062476 0.0699102 -0.102289
internal_weight=3305.47 2145.78 1088.17 1011.23 1057.6 1159.7 574.582 345.761 228.822 1051.25 585.117
internal_count=14080 9413 4689 4354 4724 4667 2321 1395 926 4697 2346
cat_boundaries=0 1 2 3
cat_threshold=48 9 32
is_linear=0
shrinkage=0.05


Tree=4
num_leaves=13
num_cat=4
split_feature=0 0 33 36 5 6 0 1 4 40 39 4
split_gain=5253.01 291.333 67.1577 128.131 34.7571 84.7019 19.3988 21.1538 20.5058 16.0439 3.61064 2.29072
threshold=0 1 36.850000000000001 95.500000000000014 -0.8142754349318998 2.5000000000000004 2 3 -0.39036798905311365 0.55000000000000016 29.150000000000002 -0.97876850416056749
decision_type=1 1 2 2 2 2 1 1 2 2 2 2
left_child=6 4 3 -3 5 -2 7 8 -1 -9 -8 -6
right_child=1 2 -4 -5 11 -7 10 9 -10 -11 -12 -13
leaf_value=-0.061253543723676564 -0.031027192632083495 -0.011611955057293712 0.074117401224430432 0.033844905171022913 0.05894219734659132 0.060828360176066493 -0.098787780075429404 -0.023173426270653177 -0.091218637821848358 -0.065576505886923084 -0.045791297408362096 0.073114742037120234
leaf_weight=94.344587102532387 27.973906695842743 191.08358433842659 74.744115069508553 810.77729953825474 57.700472056865692 204.14662750065327 575.22880092263222 25.915127173066139 198.58567889034748 263.54020364582539 5.7292127162218085 743.17494390904903
leaf_count=380 121 814 333 3531 264 921 2301 104 797 1059 23 3418
internal_value=0.000323126 0.0473016 0.0283724 0.025172 0.0665231 0.0496728 -0.0845153 -0.0708097 -0.081809 -0.061873 -0.0966834 0.0721684
internal_weight=3272.94 2109.6 1076.6 1001.86 1033 232.121 1163.34 582.386 292.93 289.455 580.958 800.875
internal_count=14066 9402 4678 4345 4724 1042 4664 2340 1177 1163 2324 3682
cat_boundaries=0 1 2 3 4
cat_threshold=48 9 32 1
is_linear=0
shrinkage=0.05


Tree=5
num_leaves=14
num_cat=3
split_feature=0 0 34 34 5 43 0 4 32 43 39 44 25
split_gain=4766.88 286.516 66.8818 191.379 31.2365 75.8107 18.528 20.2861 36.8573 10.2512 5.41717 4.06158 3.46745
threshold=0 1 25.250000000000004 24.550000000000004 -0.82413948779581736 12.550000000000002 2 -0.056952163117076689 28.845238000000005 19.200000000000006 29.150000000000002 34.400000000000013 4.7361110000000002
decision_type=1 1 2 2 2 2 1 2 2 2 2 2 2
left_child=6 4 3 -3 5 -2 7 9 -9 -1 -8 -4 -6
right_child=1 2 11 -5 12 -7 10 8 -10 -11 -12 -13 -14
leaf_value=-0.067214010435391602 -0.020120835800379832 0.032319360473330373 0.035550714459301205 -0.031954512717873716 0.02604846659130234 0.061009941789235314 -0.094204836113852233 -0.087144293172525436 -0.049050520881792528 -0.045814420277071347 -0.036343935241294104 0.075035456532422051 0.070878098462836867
leaf_weight=129.65519547462463 33.417716607451439 854.48536397516727 10.16494047641754 133.12950626015663 5.8486568927764884 189.64163355529308 570.0869165211916 241.20530685782433 92.665202051401138 120.88097366690636 5.7413427233695975 71.316994547843933 774.36151018738747
leaf_count=520 148 3747 44 576 27 871 2287 965 372 485 23 318 3658
internal_value=0.000355012 0.0457236 0.0270216 0.0236317 0.0651435 0.0488198 -0.080352 -0.0672933 -0.0767495 -0.0571121 -0.0920954 0.0706004 0.0705758
internal_weight=3232.6 2072.37 1069.1 987.615 1003.27 223.059 1160.23 584.407 333.871 250.536 575.828 81.4819 780.21
internal_count=14041 9389 4685 4323 4704 1019 4652 2342 1337 1005 2310 362 3685
cat_boundaries=0 1 2 3
cat_threshold=48 9 32
is_linear=0
shrinkage=0.05


Tree=6
num_leaves=10
num_cat=0
split_feature=43 33 34 33 37 34 23 23 4
split_gain=60.1224 41.2596 73.1469 84.8146 51.0015 5.02854 2.43507 1.90133 1.09965
threshold=56.500000000000007 36.850000000000001 24.550000000000004 33.95000000000001 32.500000000000007 25.550000000000004 97.500000000000014 89.500000000000014 0.58481550752069722
decision_type=2 2 2 2 2 2 2 2 2
left_child=1 2 4 -4 -1 6 -3 -7 -2
right_child=8 5 3 -5 -6 7 -8 -9 -10
leaf_value=-0.014181575897296506 -0.09536464021417719 0.031835814325136505 -0.04195079397085294 0.00103143438441277 0.0055623698507512179 0.0090155522131018361 -0.0034805420586130186 0.021602276694699177 -0.04814452150530929
leaf_weight=385.87247751653194 14.09549491107464 91.810310214757919 215.50406417250633 244.15233945846558 2116.0055493414402 70.657495021820068 4.9546936452388755 54.717479318380356 5.1567979007959357
leaf_count=1690 59 410 926 1063 9328 317 22 246 22
internal_value=0.000158268 0.000704333 -0.00085756 -0.0191676 0.00251275 0.0214378 0.0300104 0.0146363 -0.0857183
internal_weight=3202.93 3183.67 2961.53 459.656 2501.88 222.14 96.765 125.375 19.2523
internal_count=14083 14002 13007 1989 11018 995 432 563 81
is_linear=0
shrinkage=0.05


Tree=7
num_leaves=15
num_cat=4
split_feature=0 0 34 34 5 6 0 1 4 38 20 4 38 33
split_gain=4358.25 281.026 61.0029 174.318 28.0547 74.4793 22.2793 21.486 17.4566 16.0839 5.71225 1.80929 1.31421 1.64156
threshold=0 1 25.250000000000004 24.550000000000004 -0.82413948779581736 2.5000000000000004 2 3 -0.42180583328916638 7.1764880000000009 33.250000000000007 -0.96689237009891416 13.234821500000002 37.100000000000009
decision_type=1 1 2 2 2 2 1 1 2 2 2 2 2 2
left_child=6 4 3 -3 5 -2 7 8 -1 -9 -4 -6 -8 -14
right_child=1 2 10 -5 11 -7 12 9 -10 -11 -12 -13 13 -15
leaf_value=-0.055592192784277863 -0.027442631827922621 0.030873257137708273 0.013606855885928977 -0.030150790322398341 0.057651114185654911 0.059266845569999484 -0.090412888099706656 -0.03625592636395903 -0.08342808003008885 -0.062570168402421758 0.071397303147200275 0.070055641165584714 -0.080461328573837851 -0.038319069095446766
leaf_weight=92.564159199595451 27.829100579023361 842.11515928804874 5.0972688645124427 135.06858685612679 65.143390193581581 191.4229920655489 564.95152370631695 88.093932494521141 196.70383515954018 207.30230556428432 74.04143388569355 688.1089630573988 8.6360955089330691 7.4762730300426474
leaf_count=371 120 3734 23 576 314 898 2283 353 789 831 338 3351 35 30
internal_value=-4.95705e-05 0.0441558 0.0256416 0.0224162 0.063754 0.0481864 -0.0766775 -0.0637258 -0.074743 -0.0548715 0.0678913 0.0690607 -0.0882835 -0.0642889
internal_weight=3194.56 2028.83 1056.32 977.184 972.504 219.252 1165.73 584.664 289.268 295.396 79.1387 753.252 581.064 16.1124
internal_count=14046 9354 4671 4310 4683 1018 4692 2344 1160 1184 361 3665 2348 65
cat_boundaries=0 1 2 3 4
cat_threshold=48 9 32 1
is_linear=0
shrinkage=0.05


Tree=8
num_leaves=14
num_cat=4
split_feature=0 0 2 34 5 6 44 0 1 38 32 4 39
split_gain=3992.35 263.279 63.8814 109.268 29.3175 62.7148 22.4603 19.6403 19.9157 18.8928 11.4804 3.26434 2.23094
threshold=0 1 9.5000000000000018 20.350000000000005 -0.8142754349318998 2.5000000000000004 38.70000000000001 2 3 10.626488500000002 28.962202500000004 -0.97876850416056749 29.150000000000002
decision_type=1 1 2 2 2 2 2 1 1 2 2 2 2
left_child=7 4 3 -3 5 -2 -4 8 9 -1 -10 -6 -9
right_child=1 2 6 -5 11 -7 -8 12 10 -11 -12 -13 -14
leaf_value=-0.078339625826468001 -0.023413009499145571 -0.082304416629313759 0.058900535141828053 0.022021676427489173 0.052525381099686623 0.056239369410871556 0.019216941247538782 -0.08668110330101228 -0.056563317342990707 -0.045557617618467924 -0.02629862497593587 0.068530485551596534 -0.044035999580215104
leaf_weight=233.31192395091057 27.780092135071754 24.925128370523453 158.66098886728287 819.53525571525097 52.510457932949066 192.03417798876762 47.549280300736427 565.34320217370987 252.56666684150696 60.520487308502197 38.732162907719612 676.73308192193508 6.2458171695470801
leaf_count=939 119 103 730 3641 259 922 213 2310 1014 243 155 3398 25
internal_value=-7.7663e-05 0.042627 0.0247467 0.0188487 0.0619112 0.0461125 0.0498869 -0.0736105 -0.0613055 -0.071765 -0.052643 0.0674515 -0.0848116
internal_weight=3156.45 1999.73 1050.67 844.46 949.058 219.814 206.21 1156.72 585.131 293.832 291.299 729.244 571.589
internal_count=14071 9385 4687 3744 4698 1041 943 4686 2351 1182 1169 3657 2335
cat_boundaries=0 1 2 3 4
cat_threshold=48 9 32 1
is_linear=0
shrinkage=0.05


Tree=9
num_leaves=15
num_cat=3
split_feature=0 0 34 34 5 6 0 33 32 4 20 25 39 33
split_gain=3677.74 239.78 62.2791 143.285 28.3166 66.0041 21.077 20.1302 23.6547 17.9961 3.51452 3.26813 2.67764 0.327367
threshold=0 1 25.250000000000004 24.550000000000004 -0.8142754349318998 2.5000000000000004 2 31.750000000000004 28.923512000000006 -0.97509794945709782 33.350000000000001 4.7361110000000002 29.150000000000002 37.95000000000001
decision_type=1 1 2 2 2 2 1 2 2 2 2 2 2 2
left_child=6 4 3 -3 5 -2 7 9 -9 -1 -4 -6 13 -8
right_child=1 2 10 -5 11 -7 12 8 -10 -11 -12 -13 -14 -15
leaf_value=0.008057289917777908 -0.024825848586268219 0.029232406816230155 0.0225078867495518 -0.026398392470423634 0.023886469577298657 0.055883438293343017 -0.083947657590256894 -0.06938106490814698 -0.039154115547918686 -0.048002938653831151 0.070494800813090744 0.066692353777643307 -0.038322156089826052 -0.060617840161247195
leaf_weight=16.47752083837986 28.639268517494202 838.7897043377161 5.261430785059928 133.45297567546368 5.9276924431323996 189.24312587082386 544.32157212495804 383.15265692770481 83.416276037693024 96.271432518959045 73.549487397074699 690.87619259953499 5.7412787079811087 13.670746013522146
leaf_count=66 122 3792 24 568 29 931 2257 1551 334 386 348 3576 23 56
internal_value=0.000381758 0.041786 0.0248538 0.0215771 0.060716 0.0452098 -0.0705452 -0.0584205 -0.0640722 -0.0398113 0.0676133 0.066363 -0.0816485 -0.0834855
internal_weight=3108.79 1965.74 1051.05 972.243 914.686 217.882 1143.05 579.318 466.569 112.749 78.8109 696.804 563.734 557.992
internal_count=14063 9390 4732 4360 4658 1053 4673 2337 1885 452 372 3605 2336 2313
cat_boundaries=0 1 2 3
cat_threshold=48 9 32
is_linear=0
shrinkage=0.05


Tree=10
num_leaves=13
num_cat=4
split_feature=0 0 33 36 5 6 0 1 4 24 39 35
split_gain=3340.44 238.789 59.9064 105.633 29.993 66.2069 26.421 16.1782 18.6746 14.306 2.78254 2.31268
threshold=0 1 36.850000000000001 94.500000000000014 -0.83375966452616657 2.5000000000000004 2 3 -0.39036798905311365 67.500000000000014 29.150000000000002 88.511904500000014
decision_type=1 1 2 2 2 2 1 1 2 2 2 2
left_child=6 4 3 -3 5 -2 7 8 -1 -9 -8 -6
right_child=1 2 -4 -5 11 -7 10 9 -10 -11 -12 -13
leaf_value=-0.045986978836363442 -0.028756808285852573 -0.017181560155600181 0.068333519924360389 0.027624009808466712 0.065713202442467408 0.054141699815914657 -0.080995921973272988 -0.042246383395287031 -0.074092799703815493 -0.072278271766146096 -0.039666920502092612 0.043838997327673733
leaf_weight=95.651381224393845 27.387022212147713 156.23517772555351 69.110167145729065 811.91959324479103 671.9715613424778 170.09247371554375 541.53544209897518 241.71083429455757 192.19901855289936 50.024267122149467 6.9792858958244315 20.607285425066948
leaf_count=386 116 682 340 3687 3590 857 2284 978 786 202 28 108
internal_value=0.000393293 0.0403249 0.0234153 0.0203833 0.0595048 0.0425581 -0.0675627 -0.0553704 -0.0649449 -0.0476253 -0.0791037 0.0651265
internal_weight=3055.42 1927.32 1037.26 968.155 890.058 197.479 1128.1 579.586 287.85 291.735 548.515 692.579
internal_count=14044 9380 4709 4369 4671 973 4664 2352 1172 1180 2312 3698
cat_boundaries=0 1 2 3 4
cat_threshold=48 9 32 1
is_linear=0
shrinkage=0.05


Tree=11
num_leaves=15
num_cat=3
split_feature=0 0 6 5 44 5 6 0 4 32 43 4 39 33
split_gain=3096.04 238.041 71.3354 64.6141 52.4136 25.8525 62.0757 22.6987 19.1834 31.7274 12.6501 2.6399 1.8921 0.848262
threshold=0 1 2.5000000000000004 -0.8142754349318998 48.050000000000004 -0.82413948779581736 2.5000000000000004 2 -0.039770090859911449 28.923512000000006 7.8500000000000005 -0.98523971305672664 29.150000000000002 37.95000000000001
decision_type=1 1 2 2 2 2 2 1 2 2 2 2 2 2
left_child=7 5 3 -3 -4 6 -2 8 10 -10 -1 -7 13 -9
right_child=1 2 4 -5 -6 11 -8 12 9 -11 -12 -13 -14 -15
leaf_value=-0.075596697498190354 -0.025310590336995977 -0.072604507591654363 0.033005449399583942 0.0077537096088907331 -0.017781156085547267 0.048560221039253781 0.054235029757956105 -0.07875267789194533 -0.072131121945931853 -0.035976981879968818 -0.039538914328725125 0.064926446460910447 -0.039360144786257378 -0.05362305953726737
leaf_weight=28.200738951563835 28.044562101364136 27.468595549464226 732.16625401377678 205.26861456036568 53.97406117618084 41.621164575219154 169.40926083922386 526.4134868234396 242.36078737676144 85.276952311396599 220.62359665334225 623.26584120094776 6.2188899368047705 12.373447164893149
leaf_count=115 118 121 3377 928 242 223 876 2266 1003 343 895 3450 25 52
internal_value=-0.000100924 0.0390343 0.0220933 -0.00200054 0.0295004 0.0585202 0.0428665 -0.0654894 -0.0538386 -0.0628591 -0.0439118 0.0639764 -0.0765037 -0.078276
internal_weight=3002.69 1881.22 1018.88 232.737 786.14 862.341 197.454 1121.47 576.462 327.638 248.824 664.887 545.006 538.787
internal_count=14034 9335 4668 1049 3619 4667 994 4699 2356 1346 1010 3673 2343 2318
cat_boundaries=0 1 2 3
cat_threshold=48 9 32
is_linear=0
shrinkage=0.05


Tree=12
num_leaves=14
num_cat=3
split_feature=0 0 33 36 5 43 0 33 19 5 38 4 4
split_gain=2811.5 220.425 57.1928 98.5412 29.2774 62.6863 25.0801 19.3828 19.4458 18.519 3.89451 8.63073 3.86314
threshold=0 1 36.850000000000001 94.500000000000014 -0.8142754349318998 12.550000000000002 2 31.750000000000004 29.168750000000003 -0.26037106507032776 12.961607000000003 0.98049069993378934 -0.97876850416056749
decision_type=1 1 2 2 2 2 1 2 2 2 2 2 2
left_child=6 4 3 -3 5 -2 7 9 -9 -1 -8 -12 -6
right_child=1 2 -4 -5 12 -7 10 8 -10 -11 11 -13 -14
leaf_value=-0.060557580194669572 -0.022842253040041793 -0.017925699725714193 0.066553521850743577 0.025631244295136097 0.046643663491897691 0.052679603864663485 -0.07651024889908721 -0.061313150636900952 -0.031737042644634846 -0.017560275591383623 -0.068714099369863599 0.0055251227591748189 0.064149215558372011
leaf_weight=38.469041272997856 32.144003599882126 154.4015598744154 65.584103435277939 795.48707839846611 47.057146161794662 170.07151225209236 512.35041674971581 381.5778049826622 69.125711739063263 72.046845942735672 12.389581605792047 5.3337036967277518 585.05292621254921
leaf_count=157 151 674 336 3680 259 890 2253 1588 279 290 54 22 3356
internal_value=0.000215778 0.0376999 0.0214917 0.0185398 0.0568909 0.0406214 -0.0630659 -0.0513011 -0.0568573 -0.0329359 -0.0742258 -0.0472705 0.0629218
internal_weight=2941.09 1849.8 1015.47 949.889 834.326 202.216 1091.29 561.219 450.704 110.516 530.074 17.7233 632.11
internal_count=13989 9346 4690 4354 4656 1041 4643 2314 1867 447 2329 76 3615
cat_boundaries=0 1 2 3
cat_threshold=48 9 32
is_linear=0
shrinkage=0.05


Tree=13
num_leaves=14
num_cat=3
split_feature=0 0 33 36 5 6 0 32 33 40 39 25 33
split_gain=2635.06 221.454 55.2878 88.2628 28.3286 60.5191 23.2434 14.5764 22.3655 21.9588 3.70938 2.0321 0.67311
threshold=0 1 36.850000000000001 95.500000000000014 -0.82413948779581736 2.5000000000000004 2 28.923512000000006 31.750000000000004 0.55000000000000016 29.150000000000002 4.7361110000000002 37.95000000000001
decision_type=1 1 2 2 2 2 1 2 2 2 2 2 2
left_child=6 4 3 -3 5 -2 7 8 -1 -9 12 -6 -8
right_child=1 2 -4 -5 11 -7 10 9 -10 -11 -12 -13 -14
leaf_value=-0.034290064650664871 -0.026545874377997231 -0.012747129085718498 0.066202605520868277 0.025326368333705936 0.024846020469690422 0.051396184601714856 -0.074586129231150142 0.048164571070379719 -0.060324736433052174 -0.038828484088372306 -0.028510087361813981 0.062393232242398872 -0.05144170680448177
leaf_weight=113.04142431914806 28.669978469610214 189.77184063196182 61.825714871287346 757.56859196722507 5.4007664769887915 164.69623704254627 503.49301038682461 7.172068163752555 362.74907203018665 74.861960887908936 6.1583019942045203 619.31259486079216 12.74077060818672
leaf_count=459 121 825 326 3549 29 893 2271 29 1531 303 25 3670 55
internal_value=0.000201286 0.0367362 0.0205253 0.0176941 0.0561959 0.0397628 -0.0613487 -0.0499373 -0.0542241 -0.0307344 -0.0722529 0.0621089 -0.0741155
internal_weight=2907.46 1827.25 1009.17 947.34 818.08 193.366 1080.22 557.825 475.79 82.034 522.392 624.713 516.234
internal_count=14086 9413 4700 4374 4713 1014 4673 2322 1990 332 2351 3699 2326
cat_boundaries=0 1 2 3
cat_threshold=48 9 32
is_linear=0
shrinkage=0.05


Tree=14
num_leaves=15
num_cat=3
split_feature=0 0 34 34 0 5 6 4 32 22 44 4 38 4
split_gain=2375.6 220.673 55.604 135.79 29.804 29.4111 54.3201 18.7676 26.7757 11.3587 4.77916 3.56106 2.72774 7.17019
threshold=0 1 25.250000000000004 24.550000000000004 2 -0.8142754349318998 2.5000000000000004 -0.091260668982868137 28.845238000000005 88.805555500000011 34.400000000000013 -0.97876850416056749 12.961607000000003 0.97696484778429815
decision_type=1 1 2 2 1 2 2 2 2 2 2 2 2 2
left_child=4 5 3 -3 7 6 -2 9 -9 -1 -4 -7 -6 -14
right_child=1 2 10 -5 12 11 -8 8 -10 -11 -12 -13 13 -15
leaf_value=-0.033487724216510667 -0.024561832438483953 0.023753896687440379 0.024191087991791219 -0.03056567900392157 -0.072828726416038575 0.04515901869001835 0.049386600876868171 -0.065247244496332776 -0.032403779822035919 -0.073034637237404623 0.066901498083081004 0.062495793024898882 -0.068375013106390756 -0.0016972226693414997
leaf_weight=216.7384744733572 28.56591309607029 797.75167816877365 9.002863407135008 133.53027933835983 486.74398104846478 44.57957449555397 165.27093495428562 228.23622094094753 89.65867705643177 19.856620922684669 61.205376625061035 548.63614332675934 11.611064746975901 6.0030290335416785
leaf_count=898 120 3764 43 577 2251 260 922 987 365 82 322 3383 53 25
internal_value=1.86876e-05 0.0350971 0.0190274 0.0159409 -0.0589855 0.0550009 0.0384186 -0.0472326 -0.0561148 -0.0371002 0.0618413 0.0612711 -0.0706226 -0.0469627
internal_weight=2847.39 1788.54 1001.49 931.282 1058.85 787.053 193.837 554.49 317.895 236.595 70.2082 593.216 504.358 17.6141
internal_count=14052 9391 4706 4341 4661 4685 1042 2332 1352 980 365 3643 2329 78
cat_boundaries=0 1 2 3
cat_threshold=48 9 32
is_linear=0
shrinkage=0.05


Tree=15
num_leaves=14
num_cat=3
split_feature=0 0 6 5 6 0 5 43 33 5 32 4 39
split_gain=2258.59 189.904 51.3919 62.2932 37.3594 33.0168 31.3754 62.8277 17.3851 24.6651 21.8139 2.67976 0.29721
threshold=0 1 2.5000000000000004 -0.8142754349318998 27.000000000000004 2 -0.8142754349318998 12.550000000000002 31.750000000000004 -0.26037106507032776 28.845238000000005 -0.96689237009891416 29.150000000000002
decision_type=1 1 2 2 2 1 2 2 2 2 2 2 2
left_child=5 6 3 -3 -4 8 7 -2 9 -1 -10 -8 -7
right_child=1 2 4 -5 -6 12 11 -9 10 -11 -12 -13 -14
leaf_value=-0.060131532905945265 -0.027615690982492405 -0.071083908786999522 0.031638216926511357 0.0089923781481218729 0.0026307326804918228 -0.070895348962983856 0.047051081419483352 0.04929247697592664 -0.056225499561749437 -0.0099274326929023205 -0.028075015687133699 0.061699040681325736 -0.040094983866037277
leaf_weight=37.105284854769707 31.157776489853859 26.53981126844883 621.52481892704964 204.62374687194824 135.31838193535805 493.17924046516418 52.145059779286385 159.15768340229988 356.44033449888229 69.761501207947731 89.239597290754318 519.75338557362556 5.110432267189025
leaf_count=155 150 116 2980 949 640 2345 315 896 1550 283 365 3329 21
internal_value=0.000241991 0.0349659 0.0199654 -0.000467735 0.0264622 -0.0573578 0.0538493 0.0366228 -0.0454701 -0.0277547 -0.0506643 0.0604479 -0.069273
internal_weight=2801.06 1750.22 988.007 231.164 756.843 1050.84 762.214 190.315 552.547 106.867 445.68 571.898 498.29
internal_count=14094 9375 4685 1065 3620 4719 4690 1046 2353 438 1915 3644 2366
cat_boundaries=0 1 2 3
cat_threshold=48 9 32
is_linear=0
shrinkage=0.05


Tree=16
num_leaves=15
num_cat=4
split_feature=0 0 2 26 0 5 6 37 1 34 24 38 4 4
split_gain=2047.48 202.668 55.215 94.448 32.7742 28.8392 54.9764 20.6193 16.1048 20.1715 12.4691 3.90965 9.06058 2.69041
threshold=0 1 9.5000000000000018 14.65 2 -0.8142754349318998 2.5000000000000004 62.500000000000007 3 23.350000000000005 67.500000000000014 12.961607000000003 0.97696484778429815 -0.96689237009891416
decision_type=1 1 2 2 1 2 2 2 1 2 2 2 2 2
left_child=4 5 3 -3 8 6 -2 -4 9 -1 -10 -6 -13 -7
right_child=1 2 7 -5 11 13 -8 -9 10 -11 -12 12 -14 -15
leaf_value=-0.071664554274201403 -0.027717376215066775 -0.039551363665804626 0.053508124756808551 0.018211057294215901 -0.069626676785950428 0.046437962974807512 0.047968031120134529 0.017418346990831071 -0.030470606404922315 -0.042499216211095758 -0.058680474735645229 -0.065274735646572823 0.0086334133277882006 0.061070554070039723
leaf_weight=96.958472028374672 27.603031188249588 77.513060316443443 131.21496488153934 721.36117421090603 463.28515268862247 52.141421973705292 157.30311554670334 58.344923973083496 226.84823632240295 172.44903443753719 48.644088536500931 11.407975748181345 5.9093153774738303 503.32556737959385
leaf_count=426 116 363 662 3407 2268 324 922 292 968 746 207 55 25 3350
internal_value=0.000327193 0.0334668 0.0181682 0.0125641 -0.0553055 0.0533262 0.0365813 0.0425497 -0.0436183 -0.0532219 -0.0356459 -0.0672839 -0.04096 0.0597829
internal_weight=2754.31 1728.81 988.434 798.874 1025.5 740.373 184.906 189.56 544.9 269.408 275.492 480.602 17.3173 555.467
internal_count=14131 9436 4724 3770 4695 4712 1038 954 2347 1172 1175 2348 80 3674
cat_boundaries=0 1 2 3 4
cat_threshold=48 9 32 1
is_linear=0
shrinkage=0.05


Tree=17
num_leaves=15
num_cat=3
split_feature=0 0 6 6 44 0 5 4 4 32 39 4 39 33
split_gain=1837.43 197.176 55.3307 63.1104 54.2024 38.2082 30.9375 53.21 18.0854 30.0118 13.357 4.82053 3.48182 0.841521
threshold=0 1 2.5000000000000004 1.5000000000000002 52.000000000000007 2 -0.8142754349318998 1.0000000180025095e-35 -0.039770090859911449 28.845238000000005 17.550000000000004 -0.97876850416056749 29.150000000000002 37.95000000000001
decision_type=1 1 2 2 2 1 2 2 2 2 2 2 2 2
left_child=5 6 3 -3 -4 8 7 -2 10 -10 -1 -8 13 -7
right_child=1 2 4 -5 -6 12 11 -9 9 -11 -12 -13 -14 -15
leaf_value=-0.050779466574232095 0.062410282069348191 0.0066257775159855679 0.025287535269980767 -0.065786754111071558 -0.079285425065797235 -0.068355754727412163 0.040059819750253745 0.0083923119777750774 -0.060495010416456357 -0.026044223582329981 -0.023934388949741099 0.060305127879950508 -0.020677883563994616 -0.04558151900075251
leaf_weight=64.817905023694038 87.639599218964577 196.34677761793137 734.99535365402699 34.507646575570107 11.65598803758621 444.83609308302402 40.023573711514473 94.607625260949135 213.50211650133133 92.942040801048279 172.32406033575535 485.65718208253384 5.0272642374038687 12.296227738261221
leaf_count=276 517 915 3583 152 52 2250 253 526 972 384 735 3359 21 57
internal_value=-7.9596e-05 0.0317757 0.0167725 -0.00443536 0.0235512 -0.0532284 0.0519186 0.0345675 -0.0413165 -0.0501651 -0.0314544 0.0588427 -0.0659527 -0.067844
internal_weight=2691.18 1685.43 977.506 230.854 746.651 1005.75 707.928 182.247 543.586 306.444 237.142 525.681 462.16 457.132
internal_count=14052 9357 4702 1067 3635 4695 4655 1043 2367 1356 1011 3612 2328 2307
cat_boundaries=0 1 2 3
cat_threshold=48 9 32
is_linear=0
shrinkage=0.05


Tree=18
num_leaves=14
num_cat=4
split_feature=0 0 33 37 0 5 43 1 35 40 4 39 38
split_gain=1761.43 184.776 50.4734 92.5889 32.1105 27.0938 60.8037 18.0032 18.1618 13.7167 4.75708 3.70679 0.876313
threshold=0 1 36.850000000000001 32.500000000000007 2 -0.82413948779581736 12.550000000000002 3 87.187500000000014 0.35000000000000003 -0.96689237009891416 29.150000000000002 13.423214500000002
decision_type=1 1 2 2 1 2 2 1 2 2 2 2 2
left_child=4 5 3 -3 7 6 -2 8 -1 -9 -7 12 -6
right_child=1 2 -4 -5 11 10 -8 9 -10 -11 -12 -13 -14
leaf_value=-0.057203599494217251 -0.031223319776134351 -0.024849887503354633 0.06265170866120677 0.020724328045115665 -0.067171108853902942 0.041090177583961801 0.047851134349008055 0.0086286224341486414 -0.021367535180741189 -0.035703355686865348 0.059572654302082945 -0.02216468548256503 -0.042561836328608188
leaf_weight=220.44467461109161 28.54118900001049 129.27585591375828 56.251026079058647 774.65613898634911 435.25456760823727 48.322347342967987 142.58933387696743 18.370760291814804 44.000925093889236 251.23130911588669 466.63249245285988 5.9811720699071875 10.229453086853026
leaf_count=995 138 581 325 3752 2271 317 861 81 189 1092 3357 25 50
internal_value=-5.54316e-05 0.0315325 0.0169118 0.0141863 -0.0525871 0.0514045 0.0345583 -0.0412209 -0.0513438 -0.0326618 0.0579213 -0.0647322 -0.0667026
internal_weight=2631.78 1646.27 960.183 903.932 985.513 686.085 171.131 534.048 264.446 269.602 514.955 451.465 445.484
internal_count=14034 9331 4658 4333 4703 4673 999 2357 1184 1173 3674 2346 2321
cat_boundaries=0 1 2 3 4
cat_threshold=48 9 32 1
is_linear=0
shrinkage=0.05


Tree=19
num_leaves=9
num_cat=0
split_feature=43 43 44 5 39 37 44 33
split_gain=49.2092 33.4526 54.234 71.9853 53.994 29.6355 25.4184 17.9781
threshold=56.500000000000007 17.750000000000004 41.600000000000001 -0.93543596745397617 18.850000000000005 63.500000000000007 52.000000000000007 36.050000000000004
decision_type=2 2 2 2 2 2 2 2
left_child=1 2 7 -4 5 -3 -6 -1
right_child=-2 4 3 -5 6 -7 -8 -9
leaf_value=-0.0013812880446638872 -0.084357935523108177 0.0028595328799594284 -0.073861657089018373 -0.01143152296000665 0.019272550398734573 -0.026975247952337536 -0.044707644021136216 0.015220014254580735
leaf_weight=1031.7724918872118 16.152327716350555 261.69389277696609 53.177898034453392 316.57536801695824 566.71467816829681 120.94593906402588 15.039528325200079 192.66754259169102
leaf_count=5651 75 1440 262 1699 3066 663 79 1073
internal_value=4.96837e-05 0.000615297 -0.00383087 -0.0205852 0.00796139 -0.00661647 0.0175447 0.00124124
internal_weight=2574.74 2558.59 1594.19 369.753 964.394 382.64 581.754 1224.44
internal_count=14008 13933 8685 1961 5248 2103 3145 6724
is_linear=0
shrinkage=0.05


Tree=20
num_leaves=15
num_cat=3
split_feature=0 0 2 34 0 5 6 44 33 2 32 4 38 4
split_gain=1576.75 188.784 57.1346 89.1209 40.2356 27.939 48.9939 24.1858 22.6327 22.1129 17.421 3.40767 2.15599 7.22988
threshold=0 1 9.5000000000000018 20.350000000000005 2 -0.82413948779581736 2.5000000000000004 38.70000000000001 31.750000000000004 8.5000000000000018 28.845238000000005 -0.97876850416056749 12.961607000000003 0.98049069993378934
decision_type=1 1 2 2 1 2 2 2 2 2 2 2 2 2
left_child=4 5 3 -3 8 6 -2 -4 9 -1 -10 -7 -6 -14
right_child=1 2 7 -5 12 11 -8 -9 10 -11 -12 -13 13 -15
leaf_value=-0.051586821887120465 -0.027029176610050533 -0.079334029465001746 0.051033061984779526 0.013107455892793425 -0.065896284520261306 0.040939802199986663 0.045389275313708392 0.0074110523959721591 -0.049707633245707497 -0.0027488028154724529 -0.024138199694457876 0.058889110447360685 -0.062521983204797724 0.0080119840095125711
leaf_weight=33.027561947703362 27.254784628748894 26.006756752729416 139.08318296074867 762.65643687546253 416.42567338049412 38.929426074028015 141.11399804055691 41.58568848669529 328.27914071083069 73.074104368686676 87.293013542890549 453.33132140338421 11.00820033252239 4.910956695675849
leaf_count=145 115 108 738 3686 2243 260 889 209 1520 302 365 3392 57 21
internal_value=0.000286271 0.0301093 0.0156391 0.00996252 -0.0504323 0.0507372 0.0335761 0.0410884 -0.0384061 -0.0182909 -0.0444075 0.0575555 -0.0636304 -0.0415752
internal_weight=2583.98 1629.96 969.332 788.663 954.019 660.63 168.369 180.669 521.674 106.102 415.572 492.261 432.345 15.9192
internal_count=14050 9397 4741 3794 4653 4656 1004 947 2332 447 1885 3652 2321 78
cat_boundaries=0 1 2 3
cat_threshold=48 9 32
is_linear=0
shrinkage=0.05


Tree=21
num_leaves=13
num_cat=3
split_feature=0 0 32 34 0 5 43 4 32 26 4 39
split_gain=1494.98 179.408 51.8178 93.9621 37.6058 30.4866 57.2941 16.9567 25.6076 14.3476 4.29899 2.41862
threshold=0 1 29.595238000000005 24.550000000000004 2 -0.8142754349318998 12.550000000000002 -0.074117382312902935 28.845238000000005 17.650000000000002 -0.97876850416056749 29.150000000000002
decision_type=1 1 2 2 1 2 2 2 2 2 2 2
left_child=4 5 3 -3 7 6 -2 9 -9 -1 -7 -6
right_child=1 2 -4 -5 11 10 -8 8 -10 -11 -12 -13
leaf_value=-0.040355633142460288 -0.027975116597862167 0.019815031506755496 0.0637462862995304 -0.023312316260487614 -0.064736326636678318 0.038796894799627474 0.045850309894934313 -0.056286369275827308 -0.023380011025436007 -0.014953998595400256 0.058539561123892081 -0.025903332897888261
leaf_weight=116.16949310898781 31.63763028383255 759.92015136778355 51.611676290631294 150.55299299955368 412.75978562235832 38.092447891831398 139.03092654049397 205.54990383982658 85.826639488339424 109.29375590384007 439.55873680114746 5.8527751564979544
leaf_count=509 153 3769 303 672 2299 261 887 993 361 478 3429 25
internal_value=0.000281159 0.0294267 0.0153105 0.0126659 -0.0496555 0.0497698 0.0320817 -0.0379542 -0.0467067 -0.0281625 0.0570494 -0.0627607
internal_weight=2545.86 1610.4 962.085 910.473 935.452 648.32 170.669 516.84 291.377 225.463 477.651 418.613
internal_count=14139 9474 4744 4441 4665 4730 1040 2341 1354 987 3690 2324
cat_boundaries=0 1 2 3
cat_threshold=48 9 32
is_linear=0
shrinkage=0.05


Tree=22
num_leaves=15
num_cat=4
split_feature=0 0 34 34 0 5 43 1 4 40 4 20 39 4
split_gain=1338.41 176.82 54.7182 123.253 41.2519 29.7026 47.8866 17.7078 19.2252 15.3886 5.30205 4.33546 3.52508 0.66122
threshold=0 1 25.250000000000004 24.550000000000004 2 -0.8142754349318998 12.550000000000002 3 -0.39036798905311365 0.35000000000000003 -0.97876850416056749 33.250000000000007 29.150000000000002 0.99552231814189462
decision_type=1 1 2 2 1 2 2 1 2 2 2 2 2 2
left_child=4 5 3 -3 7 6 -2 8 -1 -9 -7 -4 13 -6
right_child=1 2 11 -5 12 10 -8 9 -10 -11 -12 -13 -14 -15
leaf_value=-0.026686019946801049 -0.024322786642771183 0.018581046410955097 0.0082845237966604618 -0.033746326980593828 -0.064073838670960129 0.035811256599074422 0.043855354150096726 0.017149642549720949 -0.056222701183099293 -0.030511667481362283 0.057774608761932349 0.062133668124180176 -0.021237351053966919 -0.043663764168778423
leaf_weight=87.331205487251282 31.076948702335358 752.45021332800388 4.3425235450267783 131.34954927861691 388.76660259068012 36.011676818132401 135.16489027440548 17.590640008449554 163.88799628615379 240.23141095042229 415.18923200666904 58.843684658408165 6.2680623680353156 13.123025387525557
leaf_count=385 149 3761 23 571 2245 253 883 80 793 1081 3375 347 27 73
internal_value=-0.000223938 0.0278388 0.0138793 0.0107748 -0.0478497 0.0486313 0.031041 -0.0358995 -0.0461014 -0.0272061 0.0561047 0.0586196 -0.0614205 -0.0635174
internal_weight=2481.63 1564.43 946.986 883.8 917.199 617.443 166.242 509.041 251.219 257.822 451.201 63.1862 408.158 401.89
internal_count=14046 9362 4702 4332 4684 4660 1032 2339 1178 1161 3628 370 2345 2318
cat_boundaries=0 1 2 3 4
cat_threshold=48 9 32 1
is_linear=0
shrinkage=0.05


Tree=23
num_leaves=15
num_cat=3
split_feature=0 0 2 34 0 5 43 44 4 32 38 4 38 4
split_gain=1270.66 165.97 48.3542 89.1291 39.99 30.5585 49.9859 22.6222 17.5887 21.8065 13.5781 3.6564 3.51104 10.0997
threshold=0 1 9.5000000000000018 20.350000000000005 2 -0.8142754349318998 12.550000000000002 38.70000000000001 -0.039770090859911449 28.845238000000005 6.044642500000001 -0.99275805973510278 12.614880500000002 0.97696484778429815
decision_type=1 1 2 2 1 2 2 2 2 2 2 2 2 2
left_child=4 5 3 -3 8 6 -2 -4 10 -10 -1 -7 -6 -14
right_child=1 2 7 -5 12 11 -8 -9 9 -11 -12 -13 13 -15
leaf_value=-0.056849189747152709 -0.025590235090214099 -0.081297158079826806 0.047890442759841251 0.012109883730747506 -0.063183333998061142 0.033241328537753967 0.043871460764345026 0.0056135868729982365 -0.053602737466180821 -0.02309051995506799 -0.020188915151197327 0.057131934477653336 -0.060918967341751312 0.01134521280544769
leaf_weight=28.605128541588783 31.557982623577118 25.46531155705452 133.94611011445522 735.93176041543484 372.41684776544571 21.675027221441269 130.28782910108566 41.711946219205856 191.59888677299023 87.513392314314842 195.23249286413193 414.63799101114273 14.350107759237291 6.6539360582828513
leaf_count=128 150 105 744 3625 2230 155 878 214 966 374 872 3496 82 30
internal_value=0.000183828 0.0277462 0.0142133 0.0088833 -0.0467884 0.0483069 0.0302533 0.0379399 -0.035047 -0.0441525 -0.0251059 0.0560238 -0.060437 -0.038551
internal_weight=2431.58 1535.21 937.055 761.397 896.371 598.159 161.846 175.658 502.95 279.112 223.838 436.313 393.421 21.004
internal_count=14049 9367 4688 3730 4682 4679 1028 958 2340 1340 1000 3651 2342 112
cat_boundaries=0 1 2 3
cat_threshold=48 9 32
is_linear=0
shrinkage=0.05


Tree=24
num_leaves=14
num_cat=4
split_feature=0 0 33 37 0 5 4 1 34 41 39 4 4
split_gain=1162.1 158.874 48.1394 79.0742 43.7797 29.4584 50.176 16.5223 20.5217 15.541 8.67706 5.28492 1.48813
threshold=0 1 36.850000000000001 32.500000000000007 2 -0.8142754349318998 0.022575936829235404 3 23.350000000000005 0.55000000000000016 29.850000000000005 -0.96689237009891416 0.99552231814189462
decision_type=1 1 2 2 1 2 2 1 2 2 2 2 2
left_child=4 5 3 -3 7 6 -2 8 -1 -9 12 -7 -6
right_child=1 2 -4 -5 10 11 -8 9 -10 -11 -12 -13 -14
leaf_value=-0.063046122108030039 0.058655921370279501 -0.025000210411574519 0.060474299211351869 0.01716932327300839 -0.062443689657875001 0.036996219824598747 0.0026334193006017025 0.014903580928652127 -0.032147851156764488 -0.028601954800200693 0.015128083800493512 0.057055128691108126 -0.038825623994544228
leaf_weight=85.336859837174416 75.758205026388168 129.36205379664898 51.125889226794243 757.14224611222744 364.74612106382847 44.182083502411842 83.593606233596802 21.897484377026558 155.91599842905998 232.31246355175972 3.349753499031066 376.12445726245642 13.000177070498465
leaf_count=427 528 587 326 3810 2261 335 505 100 742 1070 14 3327 76
internal_value=0.000287107 0.0267119 0.0136091 0.0109946 -0.0452206 0.0472584 0.029467 -0.03321 -0.0432924 -0.0248107 -0.0594658 0.0550394 -0.0617355
internal_weight=2393.85 1517.29 937.63 886.504 876.559 579.658 159.352 495.463 241.253 254.21 381.096 420.307 377.746
internal_count=14108 9418 4723 4397 4690 4695 1033 2339 1169 1170 2351 3662 2337
cat_boundaries=0 1 2 3 4
cat_threshold=48 9 32 1
is_linear=0
shrinkage=0.05


Tree=25
num_leaves=14
num_cat=4
split_feature=0 0 34 34 0 43 5 1 25 40 20 33 4
split_gain=1069.17 169.197 50.1437 110.591 43.2142 25.1378 22.7149 16.6068 17.8916 13.7633 5.05489 3.02469 9.44005
threshold=0 1 25.250000000000004 24.550000000000004 2 56.500000000000007 -0.8611288361322974 3 11.313888500000003 0.35000000000000003 33.250000000000007 37.100000000000009 0.97314989601849466
decision_type=1 1 2 2 1 2 2 1 2 2 2 2 2
left_child=4 5 3 -3 7 6 -2 8 -1 -9 -4 -6 -13
right_child=1 2 10 -5 11 -7 -8 9 -10 -11 -12 12 -14
leaf_value=-0.049044262192481175 0.030764904995028926 0.016824633694447914 0.00031700385996765617 -0.032259486820524423 -0.061646669537309011 -0.053131451712548954 0.054868219791466992 0.018975647606541319 -0.01237833282431392 -0.027129433021052914 0.060531998360834227 -0.060732830794819052 0.0038407345680566336
leaf_weight=193.30547672510147 133.53284680843353 729.23299568891525 3.7305792570114127 135.20191003382206 342.33580268919468 5.3035317808389655 418.91026454418898 16.673894107341766 41.126717954874039 238.22406162321568 54.399659603834152 16.53357952833176 8.1900337636470777
leaf_count=961 881 3727 20 588 2214 26 3776 76 194 1106 342 98 39
internal_value=-0.000132604 0.0255418 0.0120474 0.00911923 -0.0442716 0.047198 0.0491082 -0.0323899 -0.0426918 -0.0240511 0.0567383 -0.0587079 -0.0400242
internal_weight=2336.7 1480.31 922.565 864.435 856.39 557.747 552.443 489.33 234.432 254.898 58.1302 367.059 24.7236
internal_count=14048 9360 4677 4315 4688 4683 4657 2337 1155 1182 362 2351 137
cat_boundaries=0 1 2 3 4
cat_threshold=48 9 32 1
is_linear=0
shrinkage=0.05


Tree=26
num_leaves=14
num_cat=3
split_feature=0 0 33 37 0 5 4 33 32 2 39 4 38
split_gain=994.246 148.685 50.4427 74.0541 44.2987 30.2943 45.1621 17.1193 21.7114 18.9329 6.03799 6.00295 1.30729
threshold=0 1 36.850000000000001 32.500000000000007 2 -0.83375966452616657 -0.013976118469459398 31.750000000000004 28.845238000000005 8.5000000000000018 29.850000000000005 -0.96689237009891416 13.423214500000002
decision_type=1 1 2 2 1 2 2 2 2 2 2 2 2
left_child=4 5 3 -3 7 6 -2 9 -9 -1 12 -7 -6
right_child=1 2 -4 -5 10 11 -8 8 -10 -11 -12 -13 -14
leaf_value=-0.046075767288036744 0.057679974295221863 -0.024854225192977031 0.060418776951673595 0.015742643909243795 -0.060912796106353355 0.033843062279482576 0.0021474483828005492 -0.043077729514106149 -0.014009692520790498 0.00060422847147008547 0.007237004956471553 0.055948893491954671 -0.034537727437500131
leaf_weight=30.150986894965172 65.08270151168108 131.46521693468094 50.792062357068062 740.51361517608166 338.82548558712006 39.855248332023621 82.275018334388733 298.37582851946354 83.394744247198105 71.677879273891449 3.1349133253097525 351.99557588994503 9.2107195258140546
leaf_count=142 479 594 345 3776 2268 322 505 1529 364 307 13 3368 54
internal_value=6.11534e-05 0.0248701 0.0123267 0.00960054 -0.0431472 0.0456606 0.0268977 -0.0312782 -0.0367812 -0.0135311 -0.0580456 0.0537924 -0.0603157
internal_weight=2296.75 1461.98 922.771 871.979 834.771 539.209 147.358 483.599 381.771 101.829 351.171 391.851 348.036
internal_count=14066 9389 4715 4370 4677 4674 984 2342 1893 449 2335 3690 2322
cat_boundaries=0 1 2 3
cat_threshold=48 9 32
is_linear=0
shrinkage=0.05


Tree=27
num_leaves=14
num_cat=3
split_feature=0 0 0 33 36 5 6 33 5 19 4 39 4
split_gain=914.767 145.304 47.1168 43.501 77.0918 30.7374 45.7549 18.7348 19.5256 15.9134 5.6302 3.04844 0.780573
threshold=0 1 2 36.850000000000001 94.500000000000014 -0.80417042486635371 2.5000000000000004 31.750000000000004 -0.24372464231556021 29.168750000000003 -0.99630266176052629 29.150000000000002 0.99552231814189462
decision_type=1 1 1 2 2 2 2 2 2 2 2 2 2
left_child=2 5 7 4 -3 6 -2 8 -1 -9 -7 12 -4
right_child=1 3 11 -5 -6 10 -8 9 -10 -11 -12 -13 -14
leaf_value=-0.040828234615137252 -0.030536681921913111 -0.023426441194492026 -0.060199119908102741 0.058654496207361601 0.016187886019200317 0.020482017930365973 0.039755091062811644 -0.04015445403322742 0.0045777835834495987 -0.012237626362335108 0.055282953100323544 -0.017106755536343474 -0.039244945046500175
leaf_weight=35.358385488390923 27.466073460876942 147.36685772240162 321.00607301294804 46.332826785743237 713.94808357954025 13.608299955725668 127.36956990510225 311.03695820271969 67.384950205683708 62.356132000684738 351.68465137481689 5.2657897621393195 12.005283460021017
leaf_count=165 122 664 2237 326 3679 108 944 1613 291 273 3494 24 76
internal_value=0.000190066 0.0242601 -0.0417711 0.011837 0.00939076 0.0452447 0.0271702 -0.0297173 -0.0112913 -0.0355375 0.054046 -0.057267 -0.0595635
internal_weight=2242.19 1427.78 814.414 907.648 861.315 520.129 154.836 476.136 102.743 373.393 365.293 338.277 333.011
internal_count=14016 9337 4679 4669 4343 4668 1066 2342 456 1886 3602 2337 2313
cat_boundaries=0 1 2 3
cat_threshold=48 9 32
is_linear=0
shrinkage=0.05


Tree=28
num_leaves=14
num_cat=3
split_feature=0 0 32 34 0 5 43 33 32 5 39 25 33
split_gain=850.242 143.916 46.3856 78.3234 44.9505 31.0712 43.7447 15.1871 20.092 18.6623 6.09844 3.91147 2.09596
threshold=0 1 29.595238000000005 24.550000000000004 2 -0.80417042486635371 12.550000000000002 31.750000000000004 28.845238000000005 -0.26037106507032776 29.850000000000005 5.1055555000000004 37.95000000000001
decision_type=1 1 2 2 1 2 2 2 2 2 2 2 2
left_child=4 5 3 -3 7 6 -2 9 -9 -1 12 -7 -6
right_child=1 2 -4 -5 10 11 -8 8 -10 -11 -12 -13 -14
leaf_value=-0.042423601718277595 -0.025982489247543983 0.015397771501756669 0.060400814681639249 -0.024728260855755475 -0.059609548239130429 0.02017640212234062 0.039963799021776741 -0.040831211137217022 -0.012653016770069551 0.002618923687404883 0.0089044971947962182 0.054795836973774083 -0.030527365013053521
leaf_weight=33.632644191384315 30.898059874773026 713.89451655745506 44.515006676316261 145.60765606164932 314.40612732619047 9.9138964489102346 121.48708152770996 284.28432509303093 82.775458469986916 68.127049580216408 3.1082279235124579 337.96450188755989 9.6227550357580167
leaf_count=160 153 3716 315 654 2278 90 919 1517 365 293 13 3488 57
internal_value=-4.25948e-05 0.0233112 0.0110726 0.00857921 -0.0410005 0.0447133 0.0265101 -0.0291708 -0.0345284 -0.0125361 -0.0564532 0.0538699 -0.0588425
internal_weight=2200.24 1404.28 904.017 859.502 795.957 500.264 152.385 468.819 367.06 101.76 327.137 347.878 324.029
internal_count=14018 9335 4685 4370 4683 4650 1072 2335 1882 453 2348 3578 2335
cat_boundaries=0 1 2 3
cat_threshold=48 9 32
is_linear=0
shrinkage=0.05


Tree=29
num_leaves=15
num_cat=4
split_feature=0 0 2 26 0 5 4 37 1 43 38 4 38 4
split_gain=791.547 138.262 44.9604 82.0263 43.202 31.7684 45.064 22.7823 16.6949 17.5253 13.8542 6.40681 2.92312 7.27885
threshold=0 1 9.5000000000000018 14.65 2 -0.8142754349318998 0.022575936829235404 62.500000000000007 3 14.450000000000001 7.4110120000000004 -0.96689237009891416 12.327381000000003 0.97314989601849466
decision_type=1 1 2 2 1 2 2 2 1 2 2 2 2 2
left_child=4 5 3 -3 8 6 -2 -4 9 -1 -10 -7 -6 -14
right_child=1 2 7 -5 12 11 -8 -9 10 -11 -12 -13 13 -15
leaf_value=-0.053083880786932151 0.054689285711837399 -0.044864328103610067 0.04686133489042147 0.010616187991553944 -0.059145047813729014 0.031277461342705204 -0.00092640170977720054 0.0061570543901821257 -0.0035339279291018415 -0.024618229709065548 -0.028782734022449838 0.055315647756923408 -0.056730658255030923 0.002743319115505669
leaf_weight=114.27974374592304 66.470866560935974 73.046580836176872 110.06405287981033 664.17321033775806 294.88894461095333 35.466090612113476 79.080350823700428 50.272292509675026 82.058560907840729 107.83269673585892 161.59799513220787 301.69800305366516 14.244881078600885 7.6307290345430365
leaf_count=618 528 358 645 3384 2227 314 504 285 400 549 788 3303 101 37
internal_value=-0.000625631 0.0221093 0.0101918 0.00506564 -0.0404694 0.0435479 0.0246722 0.0342161 -0.0288867 -0.0394365 -0.0203287 0.0528871 -0.0559595 -0.0367717
internal_weight=2162.8 1380.27 897.556 737.22 782.534 482.715 145.551 160.336 465.769 222.112 243.657 337.164 316.765 21.8756
internal_count=14041 9321 4672 3742 4720 4649 1032 930 2355 1167 1188 3617 2365 138
cat_boundaries=0 1 2 3 4
cat_threshold=48 9 32 1
is_linear=0
shrinkage=0.05


Tree=30
num_leaves=15
num_cat=4
split_feature=0 0 0 34 34 5 6 1 34 40 4 20 38 4
split_gain=747.593 131.909 44.9327 44.5555 88.4766 27.6566 42.135 15.6703 17.0145 14.527 7.28554 4.77461 2.28023 5.44401
threshold=0 1 2 25.250000000000004 24.550000000000004 -0.8142754349318998 2.5000000000000004 3 23.450000000000003 0.35000000000000003 -0.96689237009891416 33.250000000000007 12.614880500000002 0.97696484778429815
decision_type=1 1 1 2 2 2 2 1 2 2 2 2 2 2
left_child=2 5 7 4 -3 6 -2 8 -1 -9 -7 -5 -4 -14
right_child=1 3 12 11 -6 10 -8 9 -10 -11 -12 -13 13 -15
leaf_value=-0.055904540540967107 -0.030542256817935709 0.01474336600473204 -0.058620143189543485 0.00035332325351471265 -0.029531957255902685 0.029514989453817628 0.038521264855902522 0.024685976681018743 -0.026730878969965028 -0.022779681106686628 0.054999488993169289 0.058773245717851454 -0.055379925001829512 0.0016649396374226078
leaf_weight=83.028515964746475 26.382542848587036 701.74792949855328 287.31129376590252 3.7743016630411139 133.46004441380501 35.265596695244312 116.90443057566881 16.588565468788147 133.23687988519669 218.73917517066002 290.20088361948729 48.874294593930244 11.164674907922747 6.2869355827569953
leaf_count=463 116 3710 2259 21 579 320 922 79 696 1078 3321 341 81 29
internal_value=-0.000144229 0.02202 -0.0396421 0.010372 0.00764164 0.0433385 0.0256815 -0.0277938 -0.038137 -0.0193435 0.052337 0.0546699 -0.0556189 -0.035853
internal_weight=2112.97 1356.61 756.356 887.857 835.208 468.753 143.287 451.593 216.265 235.328 325.466 52.6486 304.763 17.4516
internal_count=14015 9330 4685 4651 4289 4679 1038 2316 1159 1157 3641 362 2369 110
cat_boundaries=0 1 2 3 4
cat_threshold=48 9 32 1
is_linear=0
shrinkage=0.05


Tree=31
num_leaves=15
num_cat=3
split_feature=0 0 0 34 33 2 34 39 44 4 32 38 39 33
split_gain=678.974 123.978 45.0017 40.6255 113.433 38.7107 49.9359 32.2342 26.3443 17.682 24.8731 15.5592 4.07085 0.375409
threshold=0 1 2 24.550000000000004 33.95000000000001 7.5000000000000009 25.150000000000002 18.850000000000005 52.750000000000007 -0.039770090859911449 28.845238000000005 6.044642500000001 29.850000000000005 37.95000000000001
decision_type=1 1 1 2 2 2 2 2 2 2 2 2 2 2
left_child=2 5 9 8 -5 6 -2 -7 -3 11 -11 -1 13 -4
right_child=1 3 12 4 -6 7 -8 -9 -10 10 -12 -13 -14 -15
leaf_value=-0.052744282918562306 -0.018394949624444466 0.038304395910022521 -0.057956672783692799 -0.029491735546325892 0.046247710084720277 -0.0041993690191094238 0.047735147884416129 0.042681947464944962 -0.070874674276230898 -0.047781414813450218 -0.013883553375238647 -0.011421319580358988 0.0018039450099421814 -0.036664219243596093
leaf_weight=25.205049365758896 266.44720929861069 693.55033262819052 277.19354005903006 90.060296200215816 107.25866371393204 70.737396851181984 30.994573660194874 74.758183732628822 4.6890421509742728 163.88497795164585 82.149163544178009 183.18104200065136 2.8683709800243369 8.6461896300315839
leaf_count=125 1310 5560 2270 510 899 414 208 404 37 967 371 894 12 54
internal_value=-0.00044478 0.0207945 -0.0384397 0.0314622 0.0117043 -0.0010137 -0.0113671 0.020016 0.0374709 -0.0268974 -0.0365652 -0.0166475 -0.054953 -0.0574427
internal_weight=2081.62 1338.5 743.128 895.558 197.319 442.937 297.442 145.496 698.239 454.42 246.034 208.386 288.708 285.84
internal_count=14035 9342 4693 7006 1409 2336 1518 818 5597 2357 1338 1019 2336 2324
cat_boundaries=0 1 2 3
cat_threshold=48 2 32
is_linear=0
shrinkage=0.05


Tree=32
num_leaves=15
num_cat=4
split_feature=0 0 44 0 32 39 5 4 1 34 25 4 39 4
split_gain=620.405 126.507 49.3764 48.1384 42.8781 41.2182 29.1449 43.897 16.6245 19.9286 12.4448 7.50577 6.5379 1.23214
threshold=0 1 46.600000000000001 2 26.829762000000006 20.150000000000002 -0.80417042486635371 0.022575936829235404 3 23.350000000000005 6.6145835000000011 -0.96689237009891416 29.850000000000005 0.99552231814189462
decision_type=1 1 2 1 2 2 2 2 1 2 2 2 2 2
left_child=3 6 5 8 -4 -3 7 -2 9 -1 -10 -8 13 -5
right_child=1 2 4 12 -6 -7 11 -9 10 -11 -12 -13 -14 -15
leaf_value=-0.057251749691000643 0.054833210486074979 0.0013338277062165801 0.031691406224519929 -0.057544748433216865 -0.048483553564520887 0.024077176186131033 0.028265606871829781 -0.001265277536120204 0.0047376498789343195 -0.024687430728381733 -0.022626308586076317 0.054493101531866699 0.014658739666769963 -0.033607749832226211
leaf_weight=71.621598199009895 61.898768447339535 391.30057304352522 21.949465245008469 266.28079830110073 61.567787691950798 405.08280038833618 34.236939199268818 78.160815574228764 53.290182635188103 142.20467609167099 182.78340329229832 266.7096222192049 2.8693342804908744 10.449896357953547
leaf_count=423 536 2097 117 2266 304 2154 326 519 264 757 918 3293 12 78
internal_value=-0.000183001 0.0202172 0.00897337 -0.0368709 -0.0272868 0.012918 0.0418868 0.0237402 -0.0251556 -0.0358107 -0.0164554 0.0516128 -0.0540561 -0.0567651
internal_weight=2050.41 1320.91 879.901 729.5 83.5173 796.383 441.006 140.06 449.9 213.826 236.074 300.947 279.6 276.731
internal_count=14064 9346 4672 4718 421 4251 4674 1055 2362 1180 1182 3619 2356 2344
cat_boundaries=0 1 2 3 4
cat_threshold=48 9 32 1
is_linear=0
shrinkage=0.05


Tree=33
num_leaves=14
num_cat=3
split_feature=0 0 0 33 36 5 4 34 40 4 39 4 4
split_gain=567.073 121.924 49.5005 41.0265 76.3886 27.3663 39.252 16.1332 20.5389 7.73628 7.16724 1.75349 1.11317
threshold=0 1 2 36.850000000000001 94.500000000000014 -0.82413948779581736 -0.013976118469459398 21.050000000000004 0.35000000000000003 -0.96689237009891416 29.850000000000005 0.99700008544936913 -0.19337636264337832
decision_type=1 1 1 2 2 2 2 2 2 2 2 2 2
left_child=2 5 7 4 -3 6 -2 12 -9 -7 11 -4 -1
right_child=1 3 10 -5 -6 9 -8 8 -10 -11 -12 -13 -14
leaf_value=-0.032579755462607864 0.055691333316491336 -0.02598597748440214 -0.057102982417866634 0.056983873179066946 0.013442666946631 0.026793824783302653 0.0010743487015991557 0.028116883612502194 -0.023900501778568419 0.05388782719840856 0.013554586844769456 -0.028857758931977014 -0.062015781882829572
leaf_weight=7.9387811720371237 54.79514392465353 148.51785238087177 253.292769536376 41.172341853380203 688.34442864358425 32.733193308115005 80.252639472484589 19.13429357111454 388.84479960799217 259.99694734066725 3.3726746141910544 8.8127258047461492 27.288613334298134
leaf_count=37 495 680 2246 328 3681 319 527 104 2049 3342 14 67 165
internal_value=0.000201284 0.0197047 -0.0354901 0.00875602 0.00642261 0.0413945 0.0234815 -0.023771 -0.0213981 0.0509597 -0.0533307 -0.0562666 -0.0564646
internal_weight=2014.5 1305.81 708.685 878.035 836.862 427.778 135.048 443.206 407.979 292.73 265.478 262.105 35.2274
internal_count=14054 9372 4682 4689 4361 4683 1022 2355 2153 3661 2327 2313 202
cat_boundaries=0 1 2 3
cat_threshold=48 9 32
is_linear=0
shrinkage=0.05


Tree=34
num_leaves=15
num_cat=3
split_feature=0 0 0 34 34 5 43 33 5 5 4 20 38 4
split_gain=512.312 124.141 49.1072 42.6221 77.3216 31.8806 47.2865 19.7712 19.0582 15.67 6.54191 5.15226 4.19381 8.75212
threshold=0 1 2 25.250000000000004 24.550000000000004 -0.83375966452616657 13.65 31.750000000000004 -0.26037106507032776 -0.82413948779581736 -0.96689237009891416 33.250000000000007 12.961607000000003 0.9893236546938301
decision_type=1 1 1 2 2 2 2 2 2 2 2 2 2 2
left_child=2 5 7 4 -3 6 -2 8 -1 -9 -7 -5 -4 -14
right_child=1 3 12 11 -6 10 -8 9 -10 -11 -12 -13 13 -15
leaf_value=-0.035321673017678384 -0.028598201007633623 0.011389031590284622 -0.056465709958322077 -0.0043750553841986279 -0.030216500812634547 0.028542264462024708 0.039084489155634651 -0.0078633031080993909 0.011703517540981048 -0.034799403687246142 0.053575899959571342 0.057079241368229221 -0.049836452083412378 0.03471936182849527
leaf_weight=30.91074301302433 34.820681482553482 695.23599490523338 243.28663312643766 3.5373730510473242 132.02133524417877 33.262031376361847 92.478404857218266 68.497580617666245 65.387930914759636 266.74803352355957 253.60039409250021 44.773882851004601 8.4932562187314016 3.6756449192762366
leaf_count=157 181 3764 2253 21 572 331 799 398 293 1478 3388 346 66 17
internal_value=-0.000287351 0.0182593 -0.0348406 0.00733491 0.00472077 0.040567 0.0204923 -0.0230804 -0.0035989 -0.0293356 0.0507825 0.0525821 -0.0529341 -0.0235991
internal_weight=1976.73 1289.73 687 875.569 827.257 414.162 127.299 431.544 96.2987 335.246 286.862 48.3113 255.456 12.1689
internal_count=14064 9402 4662 4703 4336 4699 980 2326 450 1876 3719 367 2336 83
cat_boundaries=0 1 2 3
cat_threshold=48 9 32
is_linear=0
shrinkage=0.05


Tree=35
num_leaves=15
num_cat=3
split_feature=0 0 0 33 36 5 4 34 40 38 38 2 38 14
split_gain=483.165 117.851 46.0218 40.9413 65.1564 33.2876 41.6888 14.6791 22.1459 7.19909 5.351 8.93127 2.26584 0.110271
threshold=0 1 2 36.850000000000001 94.500000000000014 -0.8142754349318998 0.022575936829235404 21.050000000000004 0.55000000000000016 5.2648805000000012 12.961607000000003 3.5000000000000004 6.5687500000000005 27.100000000000005
decision_type=1 1 1 2 2 2 2 2 2 2 2 2 2 2
left_child=2 5 7 4 -3 6 -2 12 -9 -7 13 -12 -1 -4
right_child=1 3 10 -5 -6 9 -8 8 -10 -11 11 -13 -14 -15
leaf_value=-0.018719928018380197 0.052651710662469313 -0.0251004973259467 -0.056253381112090418 0.056373025566359619 0.011501239771173864 -0.019852307783250433 -0.0037791801017742059 0.025316296775100441 -0.02359134419113048 0.05228022060184398 0.030460145574808445 -0.051597197242110343 -0.060369499664380016 -0.022844618027332449
leaf_weight=4.9577799439430228 56.353163786232471 146.95342200994492 229.88744399696589 39.688827753067017 681.92253845930099 3.0252165198326102 75.940204091370106 23.871039494872093 373.76642157137394 262.47027190774679 4.6829679608345014 7.2736426368355751 28.412922278046608 2.090638004243373
leaf_count=24 537 670 2223 335 3685 33 505 129 2021 3595 21 61 176 19
internal_value=-0.000284983 0.0178947 -0.0341302 0.00731555 0.0049896 0.0401756 0.0204734 -0.0228475 -0.0205992 0.0513869 -0.0522196 -0.0195879 -0.0549064 -0.0560516
internal_weight=1941.3 1266.35 674.943 868.565 828.876 397.789 132.293 431.008 397.637 265.495 243.935 11.9566 33.3707 231.978
internal_count=14034 9360 4674 4690 4355 4670 1042 2350 2150 3628 2324 82 200 2242
cat_boundaries=0 1 2 3
cat_threshold=48 9 32
is_linear=0
shrinkage=0.05


Tree=36
num_leaves=12
num_cat=3
split_feature=0 0 43 22 4 0 5 37 39 5 33
split_gain=444.701 124.376 40.782 32.9581 34.894 32.6439 31.3072 20.8473 7.53585 2.70612 0.726704
threshold=0 1 56.500000000000007 89.020833500000023 -0.04836157422433459 2 -0.8611288361322974 32.500000000000007 29.850000000000005 0.73136292505298039 37.95000000000001
decision_type=1 1 2 2 2 1 2 2 2 2 2
left_child=2 3 5 4 -2 6 -1 -7 10 -5 -3
right_child=1 8 -4 9 -6 7 -8 -9 -10 -11 -12
leaf_value=0.018851264414204021 0.0023599299729251226 -0.055819206986831155 -0.076462303210779126 -0.074717494095013201 -0.018327805436253442 -0.0053005625682397521 0.050661969908325166 0.023995896039135722 0.018043758144954226 -0.021904335457748753 -0.031711111770531465
leaf_weight=110.33368114382029 354.60942342877388 224.66860114037991 8.2232355177402479 20.441014647483829 477.71527754515409 72.98967120051384 271.58011415600777 351.09653412550688 3.1313450038433066 3.9085680097341529 7.6593095660209647
leaf_count=870 1905 2274 39 107 2630 379 3812 1944 13 22 55
internal_value=0.000429318 -0.0203428 0.0281859 -0.0111149 -0.0095216 0.0296963 0.0404878 0.0185174 -0.0519221 -0.0674385 -0.0551637
internal_weight=1906.36 1092.13 814.223 856.674 832.325 806 381.914 424.086 235.459 24.3496 232.328
internal_count=14050 7006 7044 4664 4535 7005 4682 2323 2342 129 2329
cat_boundaries=0 1 2 3
cat_threshold=13 34 9
is_linear=0
shrinkage=0.05


Tree=37
num_leaves=14
num_cat=3
split_feature=0 0 0 33 36 5 4 43 43 19 39 25 33
split_gain=426.431 98.1298 45.1 37.7964 53.6433 33.5993 40.9489 14.3961 22.5005 15.3099 8.76985 5.99215 1.80817
threshold=0 1 2 36.850000000000001 94.500000000000014 -0.80417042486635371 0.022575936829235404 19.200000000000006 30.750000000000004 29.168750000000003 29.850000000000005 5.1055555000000004 37.95000000000001
decision_type=1 1 1 2 2 2 2 2 2 2 2 2 2
left_child=2 5 7 4 -3 6 -2 9 -9 -1 12 -7 -4
right_child=1 3 10 -5 -6 11 -8 8 -10 -11 -12 -13 -14
leaf_value=-0.03427307389267565 0.051122551382170422 -0.021544137460680592 -0.055460045365418667 0.057019152084874986 0.011519474262066967 0.0036760599637424016 -0.0056896102247197232 0.0052045448216169179 -0.037381689587056392 -0.0049414168153674026 0.026171574407949982 0.051803812791344162 -0.025167867199578326
leaf_weight=225.92364551872015 54.378755018115044 148.77537083625793 216.2204782217741 36.300589144229889 677.83490724861622 6.8128929883241645 73.820801958441734 94.048166573047638 45.133839070796967 55.799473449587822 2.8650057017803183 235.03902260959148 7.4746763855218878
leaf_count=1324 547 672 2286 318 3693 80 500 488 258 262 12 3522 54
internal_value=-3.47507e-05 0.0171884 -0.0325714 0.00768944 0.00554976 0.0384773 0.0186177 -0.0215045 -0.00877344 -0.0285015 -0.0511836 0.0504688 -0.0545644
internal_weight=1880.43 1232.96 647.465 862.911 826.61 370.051 128.2 420.905 139.182 281.723 226.56 241.852 223.695
internal_count=14016 9332 4684 4683 4365 4649 1047 2332 746 1586 2352 3602 2340
cat_boundaries=0 1 2 3
cat_threshold=48 9 32
is_linear=0
shrinkage=0.05


Tree=38
num_leaves=15
num_cat=3
split_feature=0 0 0 10 44 5 6 43 43 19 8 4 38 4
split_gain=379.64 93.2853 52.5476 40.2207 37.5763 31.8061 39.423 14.0363 16.2908 14.4732 11.2311 9.06692 4.9152 7.70452
threshold=0 1 2 90.645833500000023 46.600000000000001 -0.80417042486635371 2.5000000000000004 19.200000000000006 20.850000000000005 29.168750000000003 28.150000000000002 -0.98214942551678475 12.327381000000003 0.98372640911059162
decision_type=1 1 1 2 2 2 2 2 2 2 2 2 2 2
left_child=2 5 7 4 -3 6 -2 9 -9 -1 -5 -7 -4 -14
right_child=1 3 12 10 -6 11 -8 8 -10 -11 -12 -13 13 -15
leaf_value=-0.031587186230403741 -0.03371738385163902 0.012278428535209423 -0.05534058548517156 -0.018605061937526757 -0.023243926953000486 0.017828625399377209 0.032978202078678728 0.042337754497974334 -0.012300604261641814 -0.0030783788333903768 -0.11884950808167233 0.05288597559949329 -0.046613138698204604 0.021622782966648935
leaf_weight=222.84578039497137 27.459262102842331 770.04496317356825 201.80355077236891 5.0618041902780515 81.480059698224068 21.621470093727112 100.61959435045719 14.339745566248892 123.3885415494442 55.858888804912567 6.7075527757406235 211.70343359932303 11.882860116660597 5.381005346775054
leaf_count=1333 127 4235 2231 29 419 239 932 75 665 263 34 3387 112 27
internal_value=0.000404654 0.0166426 -0.0306451 0.00745886 0.00885612 0.0377118 0.0185287 -0.0190119 -0.00634769 -0.0259048 -0.0805694 0.0497273 -0.0507929 -0.0253252
internal_weight=1860.2 1224.7 635.5 863.294 851.525 361.404 128.079 416.433 137.728 278.705 11.7694 233.325 219.067 17.2639
internal_count=14108 9402 4706 4717 4654 4685 1059 2336 740 1596 63 3626 2370 139
cat_boundaries=0 1 2 3
cat_threshold=48 9 32
is_linear=0
shrinkage=0.05


Tree=39
num_leaves=9
num_cat=0
split_feature=43 43 39 44 5 37 44 42
split_gain=34.8548 36.5957 67.2409 51.7841 60.9532 38.9873 28.4647 23.3845
threshold=56.500000000000007 17.750000000000004 18.850000000000005 41.600000000000001 -0.93543596745397617 63.500000000000007 52.000000000000007 3.5000000000000004
decision_type=2 2 2 2 2 2 2 2
left_child=1 3 5 7 -5 -3 -4 -1
right_child=-2 2 6 4 -6 -7 -8 -9
leaf_value=0.014229135763837561 -0.075176197909067613 0.0035817347153976054 0.02494622674460642 -0.076563960188511887 -0.012928234995131719 -0.037237309802340898 -0.054432894331796912 -0.0039051343644209953
leaf_weight=252.62366270273924 14.149716563522814 184.82009536400437 402.05754017084837 44.24493719637394 227.48197768256068 84.48443266749382 10.706053860485552 593.51422121748328
leaf_count=2013 78 1446 3060 268 1706 655 77 4688
internal_value=0.000347206 0.000982327 0.0101014 -0.00458573 -0.0235327 -0.00931413 0.0227608 0.00151945
internal_weight=1814.08 1799.93 682.068 1117.86 271.727 269.305 412.764 846.138
internal_count=13991 13913 5238 8675 1974 2101 3137 6701
is_linear=0
shrinkage=0.05


Tree=40
num_leaves=14
num_cat=2
split_feature=0 0 34 33 2 34 40 4 44 37 34 39 33
split_gain=361.454 100.977 34.4927 103.077 72.2572 32.3692 59.7498 48.3424 30.8937 24.0607 18.7628 7.33584 3.15339
threshold=0 1 24.550000000000004 33.95000000000001 6.5000000000000009 20.850000000000005 0.35000000000000003 0.19337368024598431 52.750000000000007 32.500000000000007 24.850000000000005 29.850000000000005 37.95000000000001
decision_type=1 1 2 2 2 2 2 2 2 2 2 2 2
left_child=2 5 8 4 -4 7 -7 -2 9 -1 -5 12 -3
right_child=1 11 3 10 -6 6 -8 -9 -10 -11 -12 -13 -14
leaf_value=0.011124441771382273 0.0051620144047057779 -0.054811285051776161 -0.073654462989161174 -0.0063464806164205707 0.017575324712132651 0.048265837292006911 -0.011944167677939757 -0.084050978345054261 -0.084263653047953732 0.037480250129244004 0.053357426050257943 0.01866385623664894 -0.018084963734843428
leaf_weight=106.85419220104814 26.223851040005684 195.62323466688395 47.089924812316895 15.637768540531395 38.979833751916885 42.632424131035805 745.998066149652 34.717562176287174 4.773014321923255 481.01963079720736 75.860130332410336 3.1185244172811499 7.2992566004395476
leaf_count=976 151 2255 252 133 256 221 4144 189 38 4596 776 13 55
internal_value=-0.000324393 -0.0192462 0.0255188 0.00647423 -0.0326104 -0.0112459 -0.00863228 -0.0461979 0.0316343 0.0327167 0.0431952 -0.0499924 -0.0535854
internal_weight=1825.83 1055.61 770.214 177.568 86.0698 849.572 788.63 60.9414 592.647 587.874 91.4979 206.041 202.922
internal_count=14055 7028 7027 1417 508 4705 4365 340 5610 5572 909 2323 2310
cat_boundaries=0 1 2
cat_threshold=13 34
is_linear=0
shrinkage=0.05


Tree=41
num_leaves=15
num_cat=4
split_feature=0 0 34 33 2 2 38 0 37 0 34 5 39 33
split_gain=334.569 97.3877 37.8589 100.766 59.7835 30.5091 58.0499 29.7091 37.854 29.053 21.8841 21.2577 6.09539 1.86068
threshold=0 1 24.550000000000004 33.750000000000007 6.5000000000000009 7.5000000000000009 6.7976195000000006 2 32.500000000000007 3 24.850000000000005 -0.98521978256641018 29.850000000000005 37.95000000000001
decision_type=1 1 2 2 2 2 2 1 2 1 2 2 2 2
left_child=2 5 7 4 -4 6 -2 11 -9 -7 -5 -1 13 -3
right_child=1 12 3 10 -6 9 -8 8 -10 -11 -12 -13 -14 -15
leaf_value=0.0031570274258180563 0.02227471654500893 -0.054505677794959032 -0.071158914850657923 -0.0054209281895026551 0.0156193929086073 0.016980266134185334 -0.02490712848518601 -0.014491251349778189 0.027838120837625296 -0.013135400160737991 0.052396190243796284 0.050330090494307922 0.01128791108269727 -0.023819158249634625
leaf_weight=26.793508484959602 74.87902707606554 188.00247387588024 48.210694551467896 20.845275036990643 32.750417202711105 143.71808330714703 469.60609723627567 65.702610358595848 257.51232951879501 155.22001841664314 72.29231495782733 229.77291681244969 3.3771755993366233 7.3124252781271926
leaf_count=228 431 2266 251 164 220 837 2601 320 1535 808 766 3544 14 56
internal_value=-0.000755768 -0.0190271 0.0244217 0.00426729 -0.036293 -0.011221 -0.0183896 0.0308764 0.0186404 0.0014796 0.0395359 0.0437371 -0.0498364 -0.053484
internal_weight=1796 1042.12 753.88 174.099 80.9611 843.423 544.485 579.781 323.215 298.938 93.1376 256.566 198.692 195.315
internal_count=14041 7013 7028 1401 471 4677 3032 5627 1855 1645 930 3772 2336 2322
cat_boundaries=0 1 2 3 4
cat_threshold=13 34 9 2
is_linear=0
shrinkage=0.05


Tree=42
num_leaves=14
num_cat=4
split_feature=0 0 0 32 34 5 6 1 34 24 4 38 4
split_gain=322.465 82.0006 43.0649 36.8428 60.3973 29.9002 37.0521 18.0523 18.8998 14.2566 8.167 5.96849 7.70231
threshold=0 1 2 29.595238000000005 24.450000000000003 -0.82413948779581736 2.5000000000000004 3 23.350000000000005 67.500000000000014 -0.98214942551678475 12.327381000000003 0.97314989601849466
decision_type=1 1 1 2 2 2 2 1 2 2 2 2 2
left_child=2 5 7 4 -3 6 -2 8 -1 -9 -7 -4 -13
right_child=1 3 11 -5 -6 10 -8 9 -10 -11 -12 12 -14
leaf_value=-0.05241190866374356 -0.034736715794532538 0.011802420395133033 -0.054471857376580383 0.057537296819093121 -0.02165789360546188 0.017229103679107832 0.03179918106721303 -0.0033381416332854937 -0.019155731485656829 -0.037070853658683775 0.051681005892300597 -0.050187386277559233 0.015314493482548956
leaf_weight=64.307325184345245 26.104621350765228 643.29793905466795 175.7627671584487 33.545557983219624 169.60077981650829 20.28728248924017 92.003989264369011 177.6045952886343 129.74611062556505 37.09525079280138 192.06705451384187 8.9744497016072291 7.493158094584941
leaf_count=429 117 3603 2217 303 791 246 895 967 753 201 3421 101 39
internal_value=0.000181403 0.0153696 -0.0293063 0.00687751 0.00480333 0.0361989 0.0169251 -0.018906 -0.0303887 -0.00931123 0.0484858 -0.0492009 -0.021212
internal_weight=1777.89 1176.91 600.984 846.444 812.899 330.463 118.109 408.753 194.053 214.7 212.354 192.23 16.4676
internal_count=14083 9376 4707 4697 4394 4679 1012 2350 1182 1168 3667 2357 140
cat_boundaries=0 1 2 3 4
cat_threshold=48 9 32 1
is_linear=0
shrinkage=0.05


Tree=43
num_leaves=15
num_cat=3
split_feature=0 0 0 10 34 5 43 34 40 8 4 39 4 4
split_gain=285.143 81.1318 48.2577 37.8459 34.2651 28.6796 35.4978 15.99 24.3719 11.3279 9.0982 4.58611 2.58739 1.82839
threshold=0 1 2 90.645833500000023 25.250000000000004 -0.83375966452616657 17.750000000000004 21.050000000000004 0.35000000000000003 28.150000000000002 -0.97876850416056749 29.850000000000005 0.99700008544936913 -0.19337636264337832
decision_type=1 1 1 2 2 2 2 2 2 2 2 2 2 2
left_child=2 5 7 4 -3 6 -2 13 -9 -5 -7 12 -4 -1
right_child=1 3 11 9 -6 10 -8 8 -10 -11 -12 -13 -14 -15
leaf_value=-0.025816683818013438 -0.011537066586724688 0.0053021703703674122 -0.054042047626206416 -0.0170066236409026 0.050616921193613384 0.015877869134664331 0.044648081096992386 0.040530308389188252 -0.017391247926041326 -0.11611086225449879 0.0516361252082062 0.012343129752580466 -0.018607287536779201 -0.058402183836779524
leaf_weight=8.1900075376033801 56.088911153376102 785.00529418885708 174.01167388260365 5.1733476519584638 43.087573230266571 20.899361334741116 54.713630251586437 18.221213474869728 349.97333274036646 6.8748879432678223 184.67912850901484 2.3917400240898123 6.6865258961915961 23.523790873587132
leaf_count=40 374 4259 2277 30 367 259 584 100 2012 33 3422 10 67 171
internal_value=0.000339339 0.0146842 -0.0278679 0.00632065 0.00771821 0.0359347 0.016358 -0.0170216 -0.0144228 -0.0781215 0.0480954 -0.0492511 -0.0528404 -0.0510335
internal_weight=1739.52 1156.52 582.998 840.141 828.093 316.381 110.803 399.908 368.195 12.0482 205.578 183.09 180.698 31.7138
internal_count=14005 9328 4677 4689 4626 4639 958 2323 2112 63 3681 2354 2344 211
cat_boundaries=0 1 2 3
cat_threshold=48 9 32
is_linear=0
shrinkage=0.05


Tree=44
num_leaves=15
num_cat=3
split_feature=0 0 0 37 40 5 4 2 32 21 4 30 39 4
split_gain=260.713 76.8377 45.1875 36.7102 32.7866 30.0329 37.9391 18.0326 15.9687 11.0034 7.69777 7.38262 6.63187 2.25177
threshold=0 1 2 25.500000000000004 130.55000000000004 -0.80417042486635371 -0.065535378769913832 2.5000000000000004 26.489881000000004 23.850000000000005 -0.96689237009891416 0.15000000000000005 29.850000000000005 0.99818282439137029
decision_type=1 1 1 2 2 2 2 2 2 2 2 2 2 2
left_child=2 5 7 9 -5 6 -2 11 -9 -3 -7 -1 13 -4
right_child=1 3 12 4 -6 10 -8 8 -10 -11 -12 -13 -14 -15
leaf_value=-0.01854444197063769 0.055552281066668534 -0.095495389128267869 -0.053496703635942548 0.0088345017591004976 -0.059177844988012263 0.020897029621598173 -0.0041098433483130921 0.0078833282229752947 -0.018227513808465743 0.0041143564548759273 0.052218957596649421 -0.055660549035045317 0.016372697643697788 -0.015389158260126308
leaf_weight=22.726026378571987 39.227570772171021 10.439177960157393 165.1240277774632 806.64955246448517 17.129567086696625 24.320018082857132 78.555694282054901 74.009430326521397 270.84875579923391 3.5534617230296126 165.96850349009037 37.417479157447815 3.1439139842987052 4.9690867289900771
leaf_count=155 480 44 2258 4511 93 318 579 367 1587 37 3288 266 13 50
internal_value=0.000168825 0.0139556 -0.0269046 0.0058775 0.00735023 0.0349633 0.0160609 -0.0166877 -0.0126173 -0.0716121 0.048346 -0.0421684 -0.0483676 -0.0524799
internal_weight=1724.08 1145.84 578.239 837.772 823.779 308.072 117.783 405.002 344.858 13.9926 190.289 60.1435 173.237 170.093
internal_count=14046 9350 4696 4685 4604 4665 1059 2375 1954 81 3606 421 2321 2308
cat_boundaries=0 1 2 3
cat_threshold=48 9 32
is_linear=0
shrinkage=0.05


Tree=45
num_leaves=15
num_cat=3
split_feature=0 0 0 34 42 4 34 31 37 42 34 38 2 14
split_gain=254.407 87.5946 30.5977 27.1334 56.5437 40.2207 23.4535 40.9886 22.7052 40.7132 27.9628 5.58467 6.64301 1.15065
threshold=0 1 2 20.850000000000005 2.5000000000000004 0.19337368024598431 23.850000000000005 27.550000000000001 32.500000000000007 2.5000000000000004 24.450000000000003 12.961607000000003 3.5000000000000004 26.250000000000004
decision_type=1 1 1 2 2 2 2 2 2 2 2 2 2 2
left_child=2 3 6 5 -5 -2 -1 -8 9 -4 -10 13 -13 -3
right_child=1 11 8 4 -6 -7 7 -9 10 -11 -12 12 -14 -15
leaf_value=0.051872067081478901 0.0065483576604008914 -0.053759433070474011 0.023230964485658531 0.035092279559915618 -0.011050954728309087 -0.077849364137115018 -0.04754868226233458 0.032121458353331502 0.027801936457696737 -0.050448487543507496 -0.0048925149486018452 0.026572107807977211 -0.047409794739821098 -0.012491554801785579
leaf_weight=135.20315004885197 24.211153790354729 155.50308979675174 38.844780653715134 72.433013394474983 693.56193118542433 32.379235275089741 17.224492434412241 147.37078678607941 241.14312319457531 34.500907734036446 89.230612613260746 4.8019512295722944 5.4992487505078316 2.4141848161816588
leaf_count=2568 144 2236 202 402 3937 184 127 2001 1481 186 470 22 64 28
internal_value=0.000145995 -0.0161132 0.0229382 -0.00903579 -0.00664755 -0.0422546 0.0352784 0.0235474 0.0130818 -0.0116393 0.0189834 -0.0480426 -0.0136232 -0.0532111
internal_weight=1694.32 990.804 703.518 822.585 765.995 56.5904 299.798 164.595 403.719 73.3457 330.374 168.218 10.3012 157.917
internal_count=14052 7017 7035 4667 4339 328 4696 2128 2339 388 1951 2350 86 2264
cat_boundaries=0 1 2 3
cat_threshold=13 34 9
is_linear=0
shrinkage=0.05


Tree=46
num_leaves=15
num_cat=3
split_feature=0 0 44 40 39 40 4 37 42 39 4 38 1 5
split_gain=238.466 84.6417 27.7089 54.9552 63.5933 27.5781 25.8992 23.7656 26.4359 17.2635 16.3937 6.19115 11.3842 2.77525
threshold=0 1 41.95000000000001 72.500000000000014 25.350000000000005 130.55000000000004 -0.92923668111203817 25.500000000000004 3.5000000000000004 20.650000000000002 -0.98214942551678475 12.327381000000003 2 -1.0000000180025095e-35
decision_type=1 1 2 2 2 2 2 2 2 2 2 2 1 2
left_child=2 7 5 4 -4 9 -5 13 -9 -1 -7 -3 -13 -2
right_child=1 11 3 6 -6 10 -8 8 -10 -11 -12 12 -14 -15
leaf_value=0.023270594609886355 -0.032203103010091487 -0.053506134283560519 -0.045347753498400645 -0.01421076710929544 0.032251789444197952 0.04467775390870752 0.057779453468762544 0.011525248407922371 -0.011843334670282493 0.042604610014669038 -0.071704750457483687 0.023745643154158912 -0.057909077685087233 -0.08573517699951852
leaf_weight=317.09288146346807 5.4831533655524263 147.77887378633022 68.667458444833755 15.926238689571617 41.622664771974087 3.4262986555695525 51.691355813294649 147.17144862562418 662.67865464836359 186.44014811143279 9.7941919416189176 7.5661045238375646 7.7019708603620529 9.434942409396168
leaf_count=3381 37 2230 542 164 415 35 501 839 3753 1962 72 71 73 52
internal_value=0.000186609 -0.0155354 0.0224345 0.00569756 -0.0160356 0.0286078 0.0408633 -0.00868168 -0.00758766 0.0304995 -0.0405217 -0.0474648 -0.0184727 -0.0693185
internal_weight=1682.48 987.815 694.661 177.908 110.29 516.754 67.6176 824.768 809.85 503.533 13.2205 163.047 15.2681 14.9181
internal_count=14127 7055 7072 1622 957 5450 665 4681 4592 5343 107 2374 144 89
cat_boundaries=0 1 2 3
cat_threshold=13 34 1
is_linear=0
shrinkage=0.05


Tree=47
num_leaves=15
num_cat=0
split_feature=26 34 43 44 39 22 25 20 34 39 44 5 32 5
split_gain=29.6924 80.1802 47.334 47.2525 48.0718 36.3786 34.9331 43.1419 31.1417 21.5745 9.15788 9.12446 9.10554 7.09415
threshold=14.65 23.250000000000004 17.750000000000004 41.600000000000001 25.350000000000005 89.048611500000007 6.6784725000000007 31.950000000000003 20.250000000000004 18.850000000000005 38.70000000000001 -0.6523320455745395 26.455654500000005 0.84658398682345093
decision_type=2 2 2 2 2 2 2 2 2 2 2 2 2 2
left_child=1 10 3 8 -5 9 7 -3 -2 -4 13 -8 -7 -1
right_child=2 6 5 4 -6 12 11 -9 -10 -11 -12 -13 -14 -15
leaf_value=0.03622040952913657 -0.044427037722130969 -0.050076571870715895 0.0022164581241067758 -0.04037166741047124 0.0049561356839270369 -0.011320159678759961 -0.079254421275067211 0.020660136905342266 0.0054378071939511123 0.025021807918977779 -0.03404480169561161 -0.03632935473541974 -0.065346446810661749 0.0092163515403429347
leaf_weight=44.003637667745352 32.017239145934582 45.862734578549862 149.53031608089805 150.61525299027562 94.908984981477261 17.298369575291876 44.567598320543766 39.125607337802649 606.04967079684138 338.95685876905918 7.1412722356617442 20.775985527783632 14.018291790038345 54.974555738270283
leaf_count=398 264 378 1303 1135 764 155 267 313 5325 2871 65 183 107 514
internal_value=-0.000127355 -0.015737 0.00273426 -0.00430873 -0.0229009 0.0146916 -0.0391211 -0.0176504 0.00287006 0.0180597 0.0174456 -0.0663597 -0.0367777 0.021464
internal_weight=1659.85 256.451 1403.39 883.591 245.524 519.804 150.332 84.9883 638.067 488.487 106.119 65.3436 31.3167 98.9782
internal_count=14042 2118 11924 7488 1899 4436 1141 691 5589 4174 977 450 262 912
is_linear=0
shrinkage=0.05


Tree=48
num_leaves=15
num_cat=4
split_feature=0 0 0 5 4 32 4 4 40 38 38 4 38 1
split_gain=205.287 82.2491 28.652 30.0479 33.1659 25.4035 39.1828 34.3618 24.0949 24.019 16.8072 8.96992 7.18375 10.1941
threshold=0 1 2 -0.80417042486635371 -0.013976118469459398 29.217262000000002 0.022575936829235404 0.9893236546938301 130.55000000000004 6.5687500000000005 7.547619000000001 -0.97876850416056749 12.327381000000003 3
decision_type=1 1 1 2 2 2 2 2 2 2 2 2 2 1
left_child=2 5 3 4 -1 6 -2 -7 9 -4 -10 -5 -3 -14
right_child=1 12 8 11 -6 7 -8 -9 10 -11 -12 -13 13 -15
leaf_value=0.050556651245818554 0.00049123516993512795 -0.053302634285888509 0.041979188943736964 0.014181130494405995 -0.0054761682815510741 0.036774935541090591 -0.022444422887787738 -0.037395976877993488 -0.11772261363000112 0.0082028496163446801 0.013463060499353084 0.051563235299120963 0.02403491350942798 -0.055267932636393048
leaf_weight=39.795366335660219 375.25251099467278 140.40626322850585 62.0308478474617 18.945614751428366 74.408431559801102 61.472291231155396 368.56517442315817 19.927065789699554 5.0259079635143262 324.25289675593376 3.791339322924614 152.77674946933985 7.5178276859223825 6.8517435751855373
leaf_count=529 2103 2214 406 255 552 365 2114 107 24 1895 24 3351 71 70
internal_value=0.000101766 -0.0144921 0.0209973 0.0332123 0.0143183 -0.00788673 -0.0108884 0.018384 0.0114974 0.0137212 -0.0656884 0.047545 -0.0468497 -0.0149142
internal_weight=1661.02 979.993 681.027 285.926 114.204 825.217 743.818 81.3994 395.101 386.284 8.81725 171.722 154.776 14.3696
internal_count=14080 7044 7036 4687 1081 4689 4217 472 2349 2301 48 3606 2355 141
cat_boundaries=0 1 2 3 4
cat_threshold=13 34 9 1
is_linear=0
shrinkage=0.05


Tree=49
num_leaves=15
num_cat=3
split_feature=0 0 0 5 4 34 42 4 44 6 4 38 2 14
split_gain=206.01 77.1644 26.8718 28.3196 30.875 26.2577 47.8221 35.9251 20.5341 22.5123 9.53015 4.74913 5.63484 1.07908
threshold=0 1 2 -0.82413948779581736 -0.065535378769913832 20.950000000000003 2.5000000000000004 0.19337368024598431 52.000000000000007 2.5000000000000004 -0.99630266176052629 12.961607000000003 3.5000000000000004 26.250000000000004
decision_type=1 1 1 2 2 2 2 2 2 2 2 2 2 2
left_child=2 5 3 4 -1 7 -7 -2 9 -4 -5 13 -13 -3
right_child=1 11 8 10 -6 6 -8 -9 -10 -11 -12 12 -14 -15
leaf_value=0.053207341402844034 0.0034262453221531822 -0.053166320994874165 -0.0070338250223927175 -0.0052819916812926193 -0.0041064716362129092 0.032291163135801125 -0.010341092010000601 -0.07533530409050497 -0.065853053127826022 0.020589550666765905 0.049254979156842862 0.024573023841312033 -0.046332077672764864 -0.013391508073750816
leaf_weight=33.131280995905399 25.551966227591038 136.91667611151934 98.787520483136177 8.2297427877783758 75.016828782856464 71.764633759856224 686.61093582212925 32.156371265649796 7.3552249521017066 285.27863097935915 162.55576080456376 4.3903240412473661 4.9911701083183289 2.5260607935488215
leaf_count=458 152 2249 535 106 557 399 3896 185 32 1774 3605 20 62 32
internal_value=-0.000329673 -0.0150554 0.0207723 0.0328043 0.0137783 -0.00866643 -0.00626962 -0.0409971 0.0115358 0.0134846 0.0466115 -0.0470821 -0.0139794 -0.0525463
internal_weight=1635.26 964.908 670.355 278.934 108.148 816.084 758.376 57.7083 391.421 384.066 170.786 148.824 9.38149 139.443
internal_count=14062 6995 7067 4726 1015 4632 4295 337 2341 2309 3711 2363 82 2281
cat_boundaries=0 1 2 3
cat_threshold=13 34 9
is_linear=0
shrinkage=0.05


Tree=50
num_leaves=14
num_cat=4
split_feature=0 0 0 32 34 5 2 43 19 42 38 38 1
split_gain=172.49 63.8528 40.5779 35.1342 51.4647 27.7677 28.8241 17.4529 28.6637 21.4747 8.14368 7.3698 9.45666
threshold=0 1 2 29.595238000000005 24.450000000000003 -0.80417042486635371 6.5000000000000009 6.0500000000000007 29.168750000000003 3.5000000000000004 5.2648805000000012 12.327381000000003 3
decision_type=1 1 1 2 2 2 2 2 2 2 2 2 1
left_child=2 5 7 4 -3 6 -2 9 -9 -1 -7 -4 -13
right_child=1 3 11 -5 -6 10 -8 8 -10 -11 -12 12 -14
leaf_value=-0.011636746839155009 -0.0052332083109536834 0.0087620441184013929 -0.052894566897050493 0.056354088805510287 -0.022499156919023933 -0.033730651366926073 0.047366680363470859 -0.011205236343951997 0.055417745615056628 -0.05367199627201992 0.048037354543473361 0.023464650864094598 -0.054628120357342748
leaf_weight=72.276417776942253 71.38838754221797 628.31390051543713 126.89781586453319 30.159699447453022 165.49268458783627 2.4411994069814673 39.850829493254423 247.55117031186819 16.278209567070007 52.356802552938461 156.19289051741362 7.5129712261259538 6.2085436284542084
leaf_count=441 525 3604 2195 302 772 35 542 1475 81 348 3597 70 67
internal_value=7.48417e-06 0.0113277 -0.0231505 0.00422066 0.00222461 0.0320116 0.0138645 -0.0138787 -0.00690088 -0.0295819 0.0465756 -0.0458987 -0.0131804
internal_weight=1622.92 1093.84 529.082 823.966 793.807 269.873 111.239 388.463 263.829 124.633 158.634 140.619 13.7215
internal_count=14054 9377 4677 4678 4376 4699 1067 2345 1556 789 3632 2332 137
cat_boundaries=0 1 2 3 4
cat_threshold=48 9 32 1
is_linear=0
shrinkage=0.05


Tree=51
num_leaves=15
num_cat=3
split_feature=0 0 0 33 44 5 6 4 32 26 4 38 4 23
split_gain=170.252 59.9317 38.5775 33.571 47.2568 27.8286 29.1437 15.4889 28.3644 15.0115 7.73952 6.01955 6.47188 0.14214
threshold=0 1 2 36.850000000000001 46.600000000000001 -0.80417042486635371 2.5000000000000004 -0.056952163117076689 28.845238000000005 17.650000000000002 -0.96689237009891416 12.327381000000003 0.97314989601849466 96.500000000000014
decision_type=1 1 1 2 2 2 2 2 2 2 2 2 2 2
left_child=2 5 7 4 -3 6 -2 9 -9 -1 -7 -4 -13 -5
right_child=1 3 11 13 -6 10 -8 8 -10 -11 -12 12 -14 -15
leaf_value=-0.017843726636750903 -0.031298770993909805 0.0064565587021759149 -0.052704371036253063 0.055404773533203312 -0.036647773287295383 0.017726596709881966 0.028172805714555223 -0.037652158734951993 0.0013174227870916696 0.010535254262685898 0.051407499951540564 -0.047222852240797197 0.018215884324627583 0.020647340679769026
leaf_weight=93.294956848025322 26.344527699053288 721.98144150525331 120.70437633991241 30.244009751826525 68.722476378083229 21.157886002212763 83.395007837563753 130.79534797370434 72.212510868906975 91.194265946745872 131.40576960891485 6.7320161089301092 6.6008453667163849 1.885451778769492
leaf_count=516 124 4024 2187 315 332 321 940 987 359 494 3323 98 36 17
internal_value=0.00025281 0.0115174 -0.0229436 0.00468132 0.00266867 0.0319104 0.0137421 -0.0139956 -0.0238517 -0.00383463 0.0468824 -0.0457884 -0.0158148 0.0540499
internal_weight=1606.67 1085.14 521.534 822.833 790.704 262.303 109.74 387.497 203.008 184.489 152.564 134.037 13.3329 32.1295
internal_count=14073 9396 4677 4688 4356 4708 1064 2356 1346 1010 3644 2321 134 332
cat_boundaries=0 1 2 3
cat_threshold=48 9 32
is_linear=0
shrinkage=0.05


Tree=52
num_leaves=15
num_cat=4
split_feature=0 0 0 26 34 43 34 33 1 4 39 38 4 4
split_gain=159.504 55.2005 41.7672 32.0085 83.0416 46.3288 23.5972 27.687 17.3113 22.8987 17.447 2.98053 3.46951 1.34256
threshold=0 1 2 14.65 23.250000000000004 17.750000000000004 23.850000000000005 33.650000000000013 3 -0.39036798905311365 23.650000000000002 12.327381000000003 0.97314989601849466 -0.99630266176052629
decision_type=1 1 1 2 2 2 2 2 1 2 2 2 2 2
left_child=2 6 8 4 -3 -5 13 -8 9 -1 -10 -4 -13 -2
right_child=1 3 11 5 -6 -7 7 -9 10 -11 -12 12 -14 -15
leaf_value=-0.0024305471534813959 0.019091488236974822 0.030571365719426397 -0.052532847111680638 -0.00077868742602580547 -0.053624706408268177 0.026055296663250179 0.0051897851859757293 0.05273421161697054 0.0039396303241158448 -0.039243087362202562 -0.031397496212512838 -0.047077174360816952 0.0024746223533537301 0.051646602842865867
leaf_weight=69.289490833878517 4.8540314584970465 48.868511453270912 117.42925304919481 449.36273188143969 70.25353167951107 249.47756214439869 104.18436574563384 42.519956301897764 162.58587644994259 107.78320447355509 43.43044625222683 6.6702974736690503 6.3723769932985306 101.0611679404974
leaf_count=388 72 320 2229 2510 372 1483 1249 879 930 780 251 100 36 2462
internal_value=0.000219714 0.01119 -0.0224085 0.00467955 -0.0191172 0.00882426 0.0311955 0.0192335 -0.0131705 -0.0249327 -0.0036255 -0.0463999 -0.024415 0.0503471
internal_weight=1584.14 1070.58 513.561 817.962 119.122 698.84 252.62 146.704 383.089 177.073 206.016 130.472 13.0427 105.915
internal_count=14061 9347 4714 4685 692 3993 4662 2128 2349 1168 1181 2365 136 2534
cat_boundaries=0 1 2 3 4
cat_threshold=48 9 32 1
is_linear=0
shrinkage=0.05


Tree=53
num_leaves=15
num_cat=3
split_feature=0 0 0 33 44 5 4 5 2 4 38 38 4 23
split_gain=142.003 52.0463 40.2137 32.0041 37.737 26.5186 31.6544 13.4076 13.034 10.8317 7.84802 4.00559 4.98167 0.0344476
threshold=0 1 2 36.850000000000001 48.800000000000004 -0.80417042486635371 0.039769539193789956 0.84199059757024453 6.5000000000000009 -0.98803845231459231 6.6020835000000009 12.327381000000003 0.99552231814189462 96.500000000000014
decision_type=1 1 1 2 2 2 2 2 2 2 2 2 2 2
left_child=2 5 7 4 -3 6 -2 8 -1 -7 -9 -4 -13 -5
right_child=1 3 11 13 -6 9 -8 10 -10 -11 -12 12 -14 -15
leaf_value=-0.018939038621896373 0.047515654356547782 0.0045257247228926252 -0.052352242994441724 0.054967604420089959 -0.049064490034691849 0.0031283913404610239 -0.0083843178233732312 -0.0071072577924006222 0.00098621145994835942 0.050074428884582689 -0.048692969225154203 -0.033859471907083979 0.040581729544825793 0.022878685008009672
leaf_weight=164.34690973162651 39.228876553475857 746.48808316886425 111.97538845613599 28.429955925792459 33.361911579966545 13.749624360352753 67.713049422949553 16.822752296924591 162.78385572135448 126.53746240213513 36.477022662758827 9.9656592197716218 1.929079845547675 2.0769782140851012
leaf_count=1078 556 4172 2231 310 147 198 506 110 900 3432 265 121 10 19
internal_value=4.12703e-05 0.0104371 -0.0215184 0.00412131 0.00217324 0.0300814 0.0123714 -0.0125732 -0.00905123 0.0455279 -0.0359401 -0.045725 -0.0195758 0.0535784
internal_weight=1561.89 1057.59 504.301 810.357 779.85 247.229 106.942 380.431 327.131 140.287 53.2998 123.87 11.8947 30.5069
internal_count=14055 9340 4715 4648 4319 4692 1062 2353 1978 3630 375 2362 131 329
cat_boundaries=0 1 2 3
cat_threshold=48 9 32
is_linear=0
shrinkage=0.05


Tree=54
num_leaves=15
num_cat=4
split_feature=0 26 34 43 44 25 0 39 44 1 34 24 38 1
split_gain=145.822 42.8766 87.3893 52.475 52.8622 33.7979 31.6607 29.3681 23.647 14.8352 18.6828 12.9113 6.21935 9.36303
threshold=0 14.65 23.250000000000004 18.050000000000004 41.600000000000001 6.6784725000000007 1 18.950000000000003 38.70000000000001 2 23.350000000000005 67.500000000000014 12.961607000000003 3
decision_type=1 2 2 2 2 2 1 2 2 1 2 2 2 1
left_child=6 2 8 4 -3 -4 9 -5 -2 10 -1 -11 -8 -14
right_child=1 3 5 7 -6 -7 12 -9 -10 11 -12 -13 13 -15
leaf_value=-0.048967841760873654 0.044311724171536691 0.015631291076082524 -0.012968257992701042 0.009721612095368962 -0.017509167855618717 -0.069378505049193295 -0.051481400282596818 0.042391526318532061 -0.063736712671396592 0.00048678311198221735 -0.013723288396517467 -0.032837482562519782 0.038134827744203459 -0.055186390566042978
leaf_weight=55.345278635621071 55.603883113712072 409.45693718641996 56.611053785309196 104.42983885481954 169.29727593809366 49.980551809072495 109.86742970347404 204.76576589234173 4.6861994564533225 167.61390417814255 116.77615920454264 34.156985059380531 4.6560197882354242 4.1398840770125389
leaf_count=424 604 3781 454 983 1304 302 2261 1883 46 973 735 198 40 39
internal_value=-0.000116079 0.0103615 -0.0127368 0.0148286 0.00592356 -0.0398179 -0.0222882 0.0314243 0.0350105 -0.014154 -0.0252735 -0.00528867 -0.0445428 -0.00693763
internal_weight=1547.39 1054.83 166.882 887.95 578.754 106.592 492.556 309.196 60.2901 373.892 172.121 201.771 118.663 8.7959
internal_count=14027 9357 1406 7951 5085 756 4670 2866 650 2330 1159 1171 2340 79
cat_boundaries=0 1 2 3 4
cat_threshold=48 32 1 1
is_linear=0
shrinkage=0.05


Tree=55
num_leaves=15
num_cat=3
split_feature=0 0 22 34 6 44 37 20 4 39 39 38 1 37
split_gain=130.112 59.3714 23.6778 25.7427 23.3959 32.1095 26.7688 17.837 41.4425 18.4486 16.5422 6.52138 8.46866 2.86867
threshold=0 1 89.020833500000023 20.850000000000005 2.5000000000000004 48.050000000000004 66.500000000000014 33.350000000000001 -0.17647087149565663 22.950000000000003 18.950000000000003 12.961607000000003 2 61.500000000000007
decision_type=1 1 2 2 2 2 2 2 2 2 2 2 1 2
left_child=4 2 3 -2 7 10 -7 8 -1 -9 -6 -3 -13 -4
right_child=1 11 13 -5 5 6 -8 9 -10 -11 -12 12 -14 -15
leaf_value=0.033630704987242396 -0.037863556054240133 -0.05125506028833883 -0.094061892480756179 -0.0024309978658024409 0.016023252106581155 -0.048010624968553232 0.034686251621765987 0.039171709470046973 -0.044688749600809291 -0.0075150790333592581 0.036334833648805284 0.036744437307733871 -0.052751692057093173 -0.043386179106293526
leaf_weight=25.486613363027573 54.174767963588238 103.64618214219809 3.9981272891163853 725.57121839374304 171.85763452760875 25.904955722391605 14.496718946844338 43.73676497861743 45.963570557534695 39.633980963379145 248.71941352821887 4.6904894635081273 3.9476939402520657 18.277821682393551
leaf_count=266 333 2235 22 4239 2105 219 134 536 337 454 2968 39 41 103
internal_value=0.00049026 -0.0114313 -0.00634907 -0.00493811 0.018073 0.0240034 -0.0182167 0.00153425 -0.0166732 0.0171511 0.0280927 -0.0439273 -0.00538539 -0.0561319
internal_weight=1530.11 914.306 802.022 779.746 615.8 460.979 40.4017 154.821 71.4502 83.3707 420.577 112.284 8.63818 22.2759
internal_count=14031 7012 4697 4572 7019 5426 353 1593 603 990 5073 2315 80 125
cat_boundaries=0 1 2 3
cat_threshold=13 34 1
is_linear=0
shrinkage=0.05


Tree=56
num_leaves=15
num_cat=4
split_feature=0 0 34 33 2 0 37 34 42 4 34 5 33 1
split_gain=117.898 55.6781 23.9797 74.4214 43.0893 25.7715 26.232 21.929 47.0078 33.1906 19.8382 17.6898 6.2146 9.76738
threshold=0 1 24.550000000000004 33.95000000000001 6.5000000000000009 2 32.500000000000007 20.850000000000005 2.5000000000000004 0.19337368024598431 24.650000000000002 -0.98521978256641018 37.100000000000009 3
decision_type=1 1 2 2 2 1 2 2 2 2 2 2 2 1
left_child=2 7 5 4 -4 11 -7 9 -9 -2 -5 -1 -3 -14
right_child=1 12 3 10 -6 6 -8 8 -10 -11 -12 -13 13 -15
leaf_value=2.8283150886509443e-05 0.0077446261218872998 -0.051889536153145593 -0.064313458197824705 -0.0434907739756588 0.0093180930581980778 -0.015977113143957809 0.020239211167169865 0.034056200643620367 -0.0086061713479945578 -0.070216768825138623 0.046005598719308261 0.046626803717725138 0.027466886750445948 -0.054401625270826925
leaf_weight=23.718156464397907 23.459906585514545 96.167354714125395 45.807955335825682 6.0802153274416915 34.133205275982618 63.022986873984337 229.72426307201385 70.36423222720623 678.30402264744043 31.062099114060402 62.017909076064825 143.18490907922387 6.5185566358268243 6.1625803150236607
leaf_count=234 147 2196 247 57 255 318 1544 405 3963 189 830 3543 69 72
internal_value=-0.000278938 -0.0115952 0.0166135 -0.000615639 -0.0331476 0.0225124 0.012006 -0.00672776 -0.00455643 -0.037136 0.0375011 0.0377935 -0.0435977 -0.0133867
internal_weight=1519.73 912.039 607.69 148.039 79.9412 459.65 292.747 803.19 748.668 54.522 68.0981 166.903 108.848 12.6811
internal_count=14069 7041 7028 1389 502 5639 1862 4704 4368 336 887 3777 2337 141
cat_boundaries=0 1 2 3 4
cat_threshold=13 34 9 1
is_linear=0
shrinkage=0.05


Tree=57
num_leaves=15
num_cat=0
split_feature=26 5 43 33 44 33 5 22 31 33 38 32 44 9
split_gain=25.9886 59.7996 44.0255 39.6668 39.1547 33.9352 29.9046 28.0987 18.0078 16.059 12.5984 7.96611 7.34051 6.49832
threshold=14.65 0.13185577213185917 17.750000000000004 33.150000000000013 41.600000000000001 36.95000000000001 -0.90892157495189674 89.020833500000023 27.550000000000001 31.050000000000004 6.9395835000000003 26.477678500000003 38.70000000000001 23.550000000000004
decision_type=2 2 2 2 2 2 2 2 2 2 2 2 2 2
left_child=1 3 4 8 6 -6 -2 9 -1 -4 -5 -9 -3 -14
right_child=2 12 7 10 5 -7 -8 11 -10 -11 -12 -13 13 -15
leaf_value=-0.071332047014508099 0.038373601602548477 0.016471646587851368 -0.014238139279101404 0.040095101612396426 -0.030621521044592509 0.020609724160583088 -0.0011291585269453174 -0.010374139201917871 -0.026750624710127194 0.020880474753826879 -0.022990063079133947 -0.062778054361441391 -0.056289742866337616 0.01869350285361714
leaf_weight=58.085464728996158 51.774717956781387 96.411197220906615 34.721783012151718 16.370787810534242 189.39643938094378 38.199421666562557 519.19177901372313 19.239140912890438 39.665553651750088 402.49042266979814 13.64806382358074 11.146444730460642 6.0128511711955053 4.2510272711515427
leaf_count=430 407 1024 326 131 1495 392 5161 184 309 3849 112 94 56 45
internal_value=-0.000183442 -0.0154383 0.00265113 -0.0383847 -0.00448316 -0.0219704 0.00251374 0.0148186 -0.0536958 0.0180654 0.0115969 -0.0309854 0.012147 -0.0263312
internal_weight=1500.61 234.445 1266.16 127.77 798.562 227.596 570.966 467.598 97.751 437.212 30.0189 30.3856 106.675 10.2639
internal_count=14015 2107 11908 982 7455 1887 5568 4453 739 4175 243 278 1125 101
is_linear=0
shrinkage=0.05


Tree=58
num_leaves=15
num_cat=2
split_feature=0 0 44 40 39 4 39 35 22 4 35 39 38 26
split_gain=120.128 51.8748 25.3296 45.2796 41.1074 31.6665 27.5545 46.3989 23.8848 27.698 17.7884 5.51135 1.93372 1.82197
threshold=0 1 41.95000000000001 72.500000000000014 25.350000000000005 -0.92923668111203817 20.650000000000002 87.285714500000026 89.020833500000023 -0.04836157422433459 73.461309500000013 29.850000000000005 13.423214500000002 21.850000000000005
decision_type=1 1 2 2 2 2 2 2 2 2 2 2 2 2
left_child=2 8 6 4 -4 -5 7 -1 9 -2 -8 12 -3 -10
right_child=1 11 3 5 -6 -7 10 -9 13 -11 -12 -13 -14 -15
leaf_value=0.021933362655213846 0.004936662212134315 -0.051355876538076134 -0.043814949666976549 -0.029239460389941876 0.021371757377109876 0.056854747015364304 0.022845126817263348 -0.035267345309093125 -0.064197420560045862 -0.014154237847594226 0.056700118215266507 0.01818208342120306 -0.014764988949517716 -0.021832468804156582
leaf_weight=240.82025662064552 332.18174609541893 96.292517574504018 64.82655961625278 13.518165186047552 37.463520985096693 41.938101280480623 81.04163846373558 40.619975637644529 18.105784147977833 441.61264059320092 77.685168577358127 2.5970552116632453 4.7670927084982386 4.5097589939832678
leaf_count=2988 1900 2271 532 159 412 500 1086 425 104 2649 919 11 56 25
internal_value=-0.00057157 -0.0120553 0.0166303 -0.000286134 -0.0199647 0.035722 0.0230566 0.013582 -0.00739014 -0.00596292 0.0396659 -0.0437505 -0.0497914 -0.0570317
internal_weight=1497.98 900.067 597.913 157.746 102.29 55.4563 440.167 281.44 796.41 773.794 158.727 103.657 101.06 22.6155
internal_count=14037 7016 7021 1603 944 659 5418 3413 4678 4549 2005 2338 2327 129
cat_boundaries=0 1 2
cat_threshold=13 34
is_linear=0
shrinkage=0.05


Tree=59
num_leaves=14
num_cat=3
split_feature=0 0 0 32 37 5 38 5 32 38 13 39 14
split_gain=100.969 44.8907 32.6543 30.8995 39.3547 24.0262 26.555 13.987 22.7984 8.61316 7.83507 5.25474 0.942374
threshold=0 1 2 29.595238000000005 25.500000000000004 -0.80417042486635371 6.8250000000000011 0.59003219687534991 26.350297500000003 6.6020835000000009 4.8708330000000011 29.850000000000005 26.950000000000003
decision_type=1 1 1 2 2 2 2 2 2 2 2 2 2
left_child=2 5 7 4 -3 6 -2 8 -1 -9 -7 12 -4
right_child=1 3 11 -5 -6 10 -8 9 -10 -11 -12 -13 -14
leaf_value=0.0445441930011376 0.054937366349643774 -0.083459244431555515 -0.050476540805455709 0.055422400037991183 0.0030505977697231467 -0.008836111914844352 -0.0045011523350884782 -0.0046647521628225743 -0.0097549325642558478 -0.037916023698848028 0.047278019923249759 0.011192473758077633 -0.00030279712382495023
leaf_weight=19.921874135732651 24.382043793797493 12.37744979560375 94.175456706434488 26.579507447779179 761.13098242878914 6.2617380674928418 71.86597241461277 28.068704515695572 255.15864686667919 64.985310152173042 117.1578863710165 3.3001365214586249 0.95737998560070892
leaf_count=96 287 51 2276 300 4349 135 755 173 1583 486 3488 14 20
internal_value=0.000245139 0.0090473 -0.0187637 0.00337449 0.00156032 0.0285629 0.0109662 -0.0110894 -0.00567538 -0.0280424 0.0443829 -0.0434658 -0.04998
internal_weight=1486.32 1019.76 466.568 800.088 773.508 219.668 96.248 368.135 275.081 93.054 123.42 98.433 95.1328
internal_count=14013 9365 4648 4700 4400 4665 1042 2338 1679 659 3623 2310 2296
cat_boundaries=0 1 2 3
cat_threshold=48 9 32
is_linear=0
shrinkage=0.05


Tree=60
num_leaves=15
num_cat=3
split_feature=0 0 39 5 25 38 4 5 26 5 43 8 1 4
split_gain=100.372 50.5166 20.8982 21.6599 21.4346 20.4593 32.7399 32.7088 28.8349 59.8647 24.8743 5.34714 7.00637 0.720887
threshold=0 1 15.450000000000001 0.18281312110578127 6.8013890000000012 6.8250000000000011 -0.58482361983252518 0.14888728888808322 16.250000000000004 -0.67801649466304881 17.750000000000004 35.95000000000001 2 0.64579916509010216
decision_type=1 1 2 2 2 2 2 2 2 2 2 2 1 2
left_child=5 2 3 -2 -4 6 7 -1 9 -7 -10 -3 -13 -8
right_child=1 11 4 -5 -6 8 13 -9 10 -11 -12 12 -14 -15
leaf_value=-0.044695338749124174 -0.069864776727126141 -0.051720562675210129 0.012229802802535853 -0.0072164385737514426 -0.0081105256262695782 -0.056629451073631445 0.055486488005180114 0.037105741514729666 0.0090386158981650266 0.022794965791254666 0.037106788011050482 0.021481033753103382 -0.050855261308293098 0.027892833832316485
leaf_weight=20.660070493817329 24.03473062068224 82.993515873327851 165.60262519866228 31.316038511693478 581.54067771881819 42.093494985252619 73.172815108671784 27.042610302567482 250.226174229756 51.916663244366646 114.96597174927592 6.1098461300134641 5.4501685127615929 5.6838923525065175
leaf_count=242 138 2155 991 186 3410 272 878 409 2953 721 1484 83 82 78
internal_value=0.000353992 -0.0101194 -0.00573999 -0.035177 -0.00359182 0.0162782 0.0342935 0.00148734 0.011603 -0.0129894 0.0179519 -0.042817 -0.0139568 0.0538718
internal_weight=1482.81 897.048 802.494 55.3508 747.143 585.762 126.559 47.7027 459.202 94.0102 365.192 94.5535 11.56 78.8567
internal_count=14082 7045 4725 324 4401 7037 1607 651 5430 993 4437 2320 165 956
cat_boundaries=0 1 2 3
cat_threshold=13 34 1
is_linear=0
shrinkage=0.05


Tree=61
num_leaves=15
num_cat=3
split_feature=0 0 34 34 0 5 4 43 8 40 4 39 20 38
split_gain=91.5285 37.3584 30.9844 45.844 29.8492 26.4775 29.4201 12.7216 21.246 20.6639 11.2723 6.15173 5.71336 2.22414
threshold=0 1 25.250000000000004 24.550000000000004 2 -0.80417042486635371 1.0000000180025095e-35 6.0500000000000007 34.250000000000007 0.55000000000000016 -0.97113884758256674 29.850000000000005 33.250000000000007 13.423214500000002
decision_type=1 1 2 2 1 2 2 2 2 2 2 2 2 2
left_child=4 5 3 -3 7 6 -2 9 -9 -1 -7 13 -4 -6
right_child=1 2 12 -5 11 10 -8 8 -10 -11 -12 -13 -14 -15
leaf_value=0.0095740277637652044 0.047110335795830287 0.0070535625382023015 -0.013593692860622231 -0.025932472024098194 -0.051446313295217844 0.0062522179035447356 -0.010601727157821119 -0.0077826111773472697 0.061102583341246644 -0.037476702470527735 0.050642023587602517 0.017806270723618435 0.053858063128913919 -0.011772566968451302
leaf_weight=31.69084819033742 32.253322994336486 624.67133718729019 3.059707671403884 125.65792846679688 83.302590988576412 17.039679780602455 64.942320387810469 239.2491349466145 10.745368257164953 83.956424985080957 99.166910663247108 3.0447440594434729 33.552740801125765 4.4043366387486449
leaf_count=206 539 3744 21 558 2256 304 522 1482 58 598 3305 13 348 53
internal_value=0.000436071 0.00888652 0.00367748 0.00150222 -0.0178686 0.0269735 0.00883413 -0.0106812 -0.00459011 -0.0246118 0.0442419 -0.0425414 0.0480096 -0.0496092
internal_weight=1456.74 1000.34 786.942 750.329 456.393 213.402 97.1956 365.642 249.995 115.647 116.207 90.7517 36.6124 87.7069
internal_count=14007 9341 4671 4302 4666 4670 1061 2344 1540 804 3609 2322 369 2309
cat_boundaries=0 1 2 3
cat_threshold=48 9 32
is_linear=0
shrinkage=0.05


Tree=62
num_leaves=15
num_cat=3
split_feature=0 0 33 36 34 26 0 43 42 40 38 4 4 7
split_gain=93.619 39.4904 29.5759 36.0355 25.5669 30.5824 22.6092 12.2289 25.0509 15.5887 6.62564 7.31641 1.8148 0.293097
threshold=0 1 36.850000000000001 94.500000000000014 23.850000000000005 16.150000000000002 2 6.0500000000000007 6.5000000000000009 1.4500000000000002 12.327381000000003 0.99552231814189462 -0.99630266176052629 28.522916500000004
decision_type=1 1 2 2 2 2 1 2 2 2 2 2 2 2
left_child=6 4 3 -3 12 -6 7 9 -9 -1 -8 -12 -2 -4
right_child=1 2 13 -5 5 -7 10 8 -10 -11 11 -13 -14 -15
leaf_value=-0.0092798780538826744 0.013200181877202078 -0.021898682100791354 0.016563295410185957 0.0060455433399273194 -0.026106011373836831 0.028861517910785669 -0.051229904192547443 0.027155059623657614 -0.014189687575296171 -0.046511367233054567 -0.027796360583087994 0.064789248877838712 0.05142605151460608 0.05423799032855782
leaf_weight=60.890152525156736 4.0830635279417029 140.62421368062496 1.6391062326729322 621.3196667060256 34.100555576384068 90.470198003575206 76.945465572178364 43.4823580943048 207.64275886118412 52.25874126330018 8.6495951730757934 1.7506152689456929 77.961918447166681 25.962024725973606
leaf_count=408 74 654 18 3701 372 1719 2214 259 1295 390 119 9 2498 316
internal_value=-0.00059974 0.00796138 0.00270685 0.00086622 0.0268888 0.0137264 -0.0192108 -0.0128016 -0.00695153 -0.0267324 -0.0415184 -0.00789576 0.0497056 0.052658
internal_weight=1447.78 996.161 789.545 761.944 206.616 124.571 451.62 364.274 251.125 113.149 87.3457 10.4002 82.045 27.6011
internal_count=14046 9352 4689 4355 4663 2091 4694 2352 1554 798 2342 128 2572 334
cat_boundaries=0 1 2 3
cat_threshold=48 9 32
is_linear=0
shrinkage=0.05


Tree=63
num_leaves=15
num_cat=5
split_feature=0 0 33 36 0 34 33 1 34 24 38 1 4 23
split_gain=82.4026 35.1327 26.9469 41.7828 24.8107 21.8929 22.3778 13.1046 21.7845 19.4338 7.84857 10.1298 1.86323 0.243044
threshold=0 1 36.850000000000001 94.500000000000014 2 23.850000000000005 33.850000000000001 3 23.350000000000005 67.500000000000014 12.327381000000003 4 -0.99630266176052629 96.500000000000014
decision_type=1 1 2 2 1 2 2 1 2 2 2 1 2 2
left_child=4 5 3 -3 7 12 -7 8 -1 -9 -6 -12 -2 -4
right_child=1 2 13 -5 10 6 -8 9 -10 -11 11 -13 -14 -15
leaf_value=-0.047911755278836135 0.011429048394247259 -0.022086587362646036 0.053924980967460401 0.0077612026659880252 -0.051098390365160652 0.0030386938948024351 0.051981704631425645 0.0055725511939006883 -0.0086728294988704848 -0.036197662608586825 0.033912076259455963 -0.053027775460633642 0.05057490298816765 0.017488923706019077
leaf_weight=50.663413535803556 3.8712875321507445 143.89321314543486 24.961877234280113 613.70394679903984 72.801299443468451 95.817118048667908 29.94197709299624 158.37293659895658 114.06888093054295 32.744133718311787 6.3637323565781099 5.1631472185254097 74.02089424803853 1.7020317465066899
leaf_count=424 71 667 314 3680 2198 1293 834 950 750 199 65 72 2500 18
internal_value=0.000780587 0.00877991 0.00379485 0.00207046 -0.0169663 0.0267991 0.0150097 -0.0103765 -0.020957 -0.00173511 -0.0403682 -0.00615465 0.0487989 0.0523154
internal_weight=1428.09 987.912 784.261 757.597 440.178 203.651 125.759 355.849 164.732 191.117 84.3282 11.5269 77.8922 26.6639
internal_count=14035 9377 4679 4347 4658 4698 2127 2323 1174 1149 2335 137 2571 332
cat_boundaries=0 1 2 3 4 5
cat_threshold=48 9 32 1 1
is_linear=0
shrinkage=0.05


Tree=64
num_leaves=15
num_cat=4
split_feature=0 34 34 39 37 0 1 38 24 20 33 1 4 8
split_gain=71.4507 33.2789 57.0508 57.3638 42.5273 23.6924 16.2793 20.0651 16.6056 7.24409 6.84052 8.46848 6.72904 0.0939353
threshold=0 25.250000000000004 24.450000000000003 19.150000000000002 25.500000000000004 1 2 10.923512000000001 67.500000000000014 33.250000000000007 37.100000000000009 3 0.73865729060996177 31.750000000000004
decision_type=1 2 2 2 2 1 1 2 2 2 2 1 2 2
left_child=5 2 4 -4 -2 6 7 -1 -8 12 -7 -12 -3 -11
right_child=1 9 3 -5 -6 10 8 -9 -10 13 11 -13 -14 -15
leaf_value=-0.031196254354563104 -0.071977091473474905 -0.069596348322374588 -0.055985721717805054 0.00021227534080151911 0.013643890587666824 -0.05098484367991804 0.0055390255840012566 0.012778145041517803 -0.033393604728348174 0.022241289965278369 0.029196600239765405 -0.051938099286348439 0.039627890266585988 0.055715566478078175
leaf_weight=128.6299212127924 13.822720641270278 1.7098807245492929 65.661026714369655 142.40422049723566 714.8140776772052 69.244259202852845 162.91885711997747 31.836203776299953 31.883518382906914 2.0232497490942469 6.1803477518260461 4.8536833710968494 2.0059712417423725 39.572872426360846
leaf_count=948 99 16 412 1001 7122 2185 974 207 198 23 70 70 27 642
internal_value=-0.000164983 0.00730732 0.00533002 -0.0177056 0.0119232 -0.0167739 -0.0104146 -0.0224467 -0.000971124 0.0487629 -0.04027 -0.00784338 -0.0147328 0.0546477
internal_weight=1417.56 982.014 936.702 208.065 728.637 435.547 355.269 160.466 194.802 45.312 80.2783 11.034 3.71585 41.5961
internal_count=13994 9342 8634 1413 7221 4652 2327 1155 1172 708 2325 140 43 665
cat_boundaries=0 1 2 3 4
cat_threshold=48 32 1 1
is_linear=0
shrinkage=0.05


Tree=65
num_leaves=15
num_cat=3
split_feature=0 0 32 4 4 38 4 5 26 5 43 33 1 13
split_gain=63.2133 38.0277 19.7754 38.7419 31.0357 19.5709 38.827 31.8462 26.5527 29.2879 27.8603 7.21445 7.88345 0.257056
threshold=0 1 29.217262000000002 0.40614137006726808 0.9893236546938301 6.8250000000000011 -0.58482361983252518 -0.40613878790836588 15.250000000000002 -0.67801649466304881 17.750000000000004 37.100000000000009 2 9.472916500000002
decision_type=1 1 2 2 2 2 2 2 2 2 2 2 1 2
left_child=5 2 3 -2 -4 6 7 -1 9 -7 -10 -3 -13 -8
right_child=1 11 4 -5 -6 8 13 -9 10 -11 -12 12 -14 -15
leaf_value=-0.075183906467234954 0.0012676518157130221 -0.050862480748399878 0.037612346603655665 -0.023392477363602174 -0.035075399441883932 -0.052681769260340308 0.055463689095836849 0.019154204272179703 0.0045021284375483294 0.014241468119634091 0.034018114237070234 0.028118056578247022 -0.050776482703551722 0.01914323171693879
leaf_weight=10.799615766853092 457.19346947595477 65.772728700190783 57.094817195087671 243.33452061936259 18.779179990291595 33.335430417209864 68.53403858281672 36.015576731413603 256.5421910174191 30.560888439416885 115.39394900016487 6.3549073301255685 4.5788308065384626 1.8433538563549507
leaf_count=141 2726 2177 371 1465 110 199 923 530 3178 444 1603 71 69 22
internal_value=0.000267484 -0.00823523 -0.00462717 -0.00731939 0.0193995 0.013284 0.0315833 -0.00372554 0.00860653 -0.0209469 0.0137262 -0.0395945 -0.00640769 0.0547939
internal_weight=1406.13 853.108 776.402 700.528 75.874 553.025 117.193 46.8152 435.832 63.8963 371.936 76.7065 10.9337 70.3774
internal_count=14029 6989 4672 4191 481 7040 1616 671 5424 643 4781 2317 140 945
cat_boundaries=0 1 2 3
cat_threshold=13 34 1
is_linear=0
shrinkage=0.05


Tree=66
num_leaves=14
num_cat=3
split_feature=0 0 37 42 34 26 44 38 38 1 5 4 4
split_gain=57.8965 44.0448 27.6556 30.4006 26.1481 26.0411 14.9935 12.816 7.7524 8.37638 3.89193 1.9462 0.639435
threshold=0 1 25.500000000000004 2.5000000000000004 23.850000000000005 16.150000000000002 42.300000000000004 8.9779760000000017 12.327381000000003 2 0.3484035575467645 -0.99630266176052629 -0.99940763397299126
decision_type=1 1 2 2 2 2 2 2 2 1 2 2 2
left_child=4 8 10 -4 11 7 -7 -6 -2 -10 -3 12 -1
right_child=1 2 3 -5 5 6 -8 -9 9 -11 -12 -13 -14
leaf_value=0.030156979022272157 -0.050749433638274138 -0.01897383796751 0.021661184101379453 -0.0035097951045146869 -0.0088536070586436016 0.045875123420705606 0.0044645796982861188 -0.082567748742060576 0.029430246563493214 -0.050983433643154878 -0.071336847271598572 0.051103985625466065 -0.0046669148118945484
leaf_weight=1.3339608795940878 62.868559461086988 5.7887027636170414 135.67888726294041 979.42856924235821 28.267292387783527 44.608093041926622 42.434125855565071 6.5555337816476813 6.6054865308105928 4.6519193444401026 14.485163826495407 69.467152811586857 2.5164774507284156
leaf_count=27 2183 55 810 6105 324 1050 690 56 69 71 76 2511 47
internal_value=2.75953e-05 -0.00411269 -0.00149509 -0.000430493 0.0245334 0.0114209 0.025967 -0.0246481 -0.0388321 -0.00524768 -0.0579806 0.0491825 0.0111277
internal_weight=1404.69 1209.51 1135.38 1115.11 195.183 121.865 87.0422 34.8228 74.126 11.2574 20.2739 73.3176 3.85044
internal_count=14074 9369 7046 6915 4705 2120 1740 380 2323 140 131 2585 74
cat_boundaries=0 1 2 3
cat_threshold=9 16 1
is_linear=0
shrinkage=0.05


Tree=67
num_leaves=14
num_cat=0
split_feature=22 43 39 37 43 32 42 44 37 38 7 31 5
split_gain=23.1148 23.2102 58.1926 42.8317 41.9562 35.0156 28.7549 22.8552 7.70104 5.98441 2.02198 1.94725 0.198035
threshold=89.020833500000023 17.750000000000004 18.850000000000005 63.500000000000007 17.600000000000005 27.586607500000003 2.5000000000000004 52.000000000000007 61.500000000000007 7.6613095000000007 26.164583500000003 44.100000000000001 -0.93543596745397617
decision_type=2 2 2 2 2 2 2 2 2 2 2 2 2
left_child=1 4 3 -3 6 -6 -1 -4 12 10 -10 -11 -2
right_child=8 2 7 -5 5 -7 -8 -9 9 11 -12 -13 -14
leaf_value=0.016516366772214439 -0.043586994421368958 0.0051957095166511218 0.026974904249356269 -0.044882106097069108 0.0033940130727226543 -0.11267215533123343 -0.0061355995628205214 -0.050932686667201077 -0.015754366936847727 0.021530790441556053 -0.048784190237626118 -0.021888402188457758 -0.095334572196882073
leaf_weight=176.74127881228924 3.310013223439455 133.6063802279532 282.69965587183833 61.634275551885366 10.953368565067651 14.774345094338058 660.64462272077799 8.8419217020273191 8.4229161087423581 6.8477861732244474 14.786335825920103 2.913557592779398 4.0198438167572013
leaf_count=1812 30 1368 2962 593 116 93 6658 74 85 74 117 30 33
internal_value=0.000486857 0.00161301 0.0103319 -0.0107612 -0.00331057 -0.0649797 -0.00134061 0.0244461 -0.0363602 -0.024588 -0.0379432 0.00774137 -0.0800044
internal_weight=1390.2 1349.9 486.782 195.241 863.114 25.7277 837.386 291.542 40.3005 32.9706 23.2093 9.76134 7.32986
internal_count=14045 13676 4997 1961 8679 209 8470 3036 369 306 202 104 63
is_linear=0
shrinkage=0.05


Tree=68
num_leaves=15
num_cat=3
split_feature=0 0 44 40 39 4 39 37 5 4 38 39 4 1
split_gain=56.6769 35.0855 21.2461 40.3111 34.6545 27.7231 27.2048 33.338 28.5721 18.101 42.7946 24.8561 6.44757 7.58082
threshold=0 1 41.95000000000001 72.500000000000014 25.350000000000005 -0.92923668111203817 20.650000000000002 63.500000000000007 0.84199059757024453 -0.21022463061426777 6.6130950000000004 18.850000000000005 0.97314989601849466 2
decision_type=1 1 2 2 2 2 2 2 2 2 2 2 2 1
left_child=2 9 6 4 -4 -5 7 -1 -8 11 -11 -2 -3 -14
right_child=1 12 3 5 -6 -7 8 -9 -10 10 -12 -13 13 -15
leaf_value=0.017329576570258017 -0.011173135006060646 -0.050774380570081559 -0.043392310624491226 -0.027873605587182798 0.01748094574481689 0.054310659868043211 0.045242417053577288 -0.030197867342679891 -0.022096318131654358 0.032866173012118811 -0.016142936529427675 0.017113836087144656 0.028477359779325612 -0.049722242895475055
leaf_weight=209.57050024718046 138.76804400235415 60.97340882383287 64.110355079174042 13.287892468273638 35.784414885565639 37.440497167408466 120.48584855347872 43.788564085960388 17.487966079264879 48.893739461898804 418.68790510669351 173.90005500614643 5.8418027907609922 4.6951002646237612
leaf_count=2888 827 2156 543 169 420 508 1729 509 244 308 2577 992 99 92
internal_value=-3.37174e-05 -0.00804234 0.0124632 -0.00325009 -0.0216291 0.0326605 0.0188217 0.00902888 0.0366098 -0.00468072 -0.010959 0.00456394 -0.0392072 -0.00765688
internal_weight=1393.72 851.76 541.956 150.623 99.8948 50.7284 391.333 253.359 137.974 780.25 467.582 312.668 71.5103 10.5369
internal_count=14061 7051 7010 1640 963 677 5370 3397 1973 4704 2885 1819 2347 191
cat_boundaries=0 1 2 3
cat_threshold=13 34 1
is_linear=0
shrinkage=0.05


Tree=69
num_leaves=13
num_cat=3
split_feature=0 0 10 44 34 33 40 38 1 8 26 4
split_gain=58.1804 39.436 26.9518 26.413 23.6336 21.9439 22.5077 6.76466 6.46893 3.64725 1.41515 0.706714
threshold=0 1 90.645833500000023 52.000000000000007 23.850000000000005 33.850000000000001 50.350000000000009 12.327381000000003 2 28.150000000000002 10.65 -0.99630266176052629
decision_type=1 1 2 2 2 2 2 2 1 2 2 2
left_child=4 7 3 -3 10 6 -6 -2 -9 -4 -1 -12
right_child=1 2 9 -5 5 -7 -8 8 -10 -11 11 -13
leaf_value=-0.011639537569107111 -0.050561259749626331 -0.00014651325587766487 -0.029856910515843788 -0.054152690833301043 -0.030536990834404205 0.051375774298692611 0.019992398904090436 0.023632858965351129 -0.049219864066849417 -0.084055961665441617 0.019799789553340979 0.05097023544964048
leaf_weight=0.60760800912976165 58.790378589183092 1081.8838521018624 6.7521740347147015 22.123703807592392 35.213351592421532 26.280226217582822 55.303722154349089 6.4857630580663663 4.1604447700083256 9.3931142836809141 3.6205378994345656 64.901911018416286
leaf_count=23 2232 6798 41 104 287 835 987 69 69 50 72 2485
internal_value=-0.000554252 -0.00467778 -0.00222421 -0.00127679 0.0246444 0.012066 0.00021635 -0.0385417 -0.00661901 -0.0644526 0.0489349 0.0496318
internal_weight=1375.52 1189.59 1120.15 1104.01 185.927 116.797 90.5171 69.4366 10.6462 16.1453 69.1301 68.5224
internal_count=14052 9363 6993 6902 4689 2109 1274 2370 138 91 2580 2557
cat_boundaries=0 1 2 3
cat_threshold=9 16 1
is_linear=0
shrinkage=0.05


Tree=70
num_leaves=13
num_cat=1
split_feature=37 42 37 34 39 4 39 4 40 5 1 25
split_gain=22.5089 25.13 53.9702 47.6996 33.2081 27.236 23.7083 21.6761 3.90609 0.949838 1.63215 0.109818
threshold=25.500000000000004 2.5000000000000004 32.500000000000007 21.050000000000004 18.850000000000005 0.24372619187392147 24.950000000000003 0.534952257794027 0.75000000000000011 -0.23537842981696172 0 14.027777500000001
decision_type=2 2 2 2 2 2 2 2 2 2 1 2
left_child=8 3 6 7 -4 -5 -3 -2 9 11 -11 -1
right_child=1 2 4 5 -6 -7 -8 -9 -10 10 -12 -13
leaf_value=0.0069058200148355581 0.0047433110062173201 -0.055413068042556218 -0.010016987957824184 -0.046963830281482356 0.0078697005195751384 0.045730146665259631 -0.0021396730480090381 -0.059724869680861548 -0.067692770522457854 -0.0093470070827873421 -0.050012797810608328 -0.0077893994071489576
leaf_weight=1.5109848156571379 35.778190230950713 63.664710663259029 420.95008157193661 7.8204674236476412 672.9961516559124 97.463312411680818 30.968816939741373 19.396291820332408 11.449540203437207 5.121584702283144 5.0516341496258992 1.5821988042443991
leaf_count=21 407 644 4365 90 6825 966 334 190 106 57 54 21
internal_value=-0.0005345 0.000348575 -0.00216395 0.018858 0.000984047 0.0384678 -0.038184 -0.0185799 -0.0468734 -0.0254199 -0.032209 -0.000677558
internal_weight=1373.75 1349.04 1188.58 160.458 1093.95 105.284 94.6335 55.1745 24.7159 13.2664 10.1732 3.09318
internal_count=14080 13821 12168 1653 11190 1056 978 597 259 153 111 42
cat_boundaries=0 1
cat_threshold=2
is_linear=0
shrinkage=0.05


Tree=71
num_leaves=15
num_cat=5
split_feature=0 34 34 26 0 20 0 1 4 38 4 1 39 8
split_gain=53.3631 29.3608 58.2301 53.7424 31.6839 19.1747 17.7415 14.9592 20.167 13.9044 8.03865 9.38855 6.61097 2.47381
threshold=0 25.150000000000002 24.550000000000004 17.950000000000003 1 33.250000000000007 2 3 -0.39036798905311365 7.4110120000000004 0.97314989601849466 4 18.750000000000004 31.750000000000004
decision_type=1 2 2 2 1 2 1 1 2 2 2 1 2 2
left_child=6 2 4 -4 -2 12 7 8 -1 -9 -8 -12 -3 -7
right_child=1 5 3 -5 -6 13 10 9 -10 -11 11 -13 -14 -15
leaf_value=0.00015011517682030691 0.032029345510279243 -0.074147582861931169 -0.061842180434014009 -0.0017220276245060217 0.0049456421386219465 0.0068607931670326572 -0.050569091110906551 0.017290887825659081 -0.036223841045521239 -0.010494309627172203 0.036726312307972735 -0.04956841952473183 0.0075818992462661026 0.056862353211059861
leaf_weight=64.153594091534615 123.872588083148 2.8945283852517587 56.557254938408732 105.12321305647492 609.81936173886061 2.9303628429770461 55.544761458411813 68.292785972356796 92.827224262058735 127.57732417434454 5.887002442032097 4.8154375664889812 6.3441109098494053 43.799838148057461
leaf_count=381 3778 23 318 714 3734 32 2151 396 775 790 95 98 63 714
internal_value=-0.000324931 0.0062237 0.00406976 -0.0230035 0.010059 0.0410979 -0.0149616 -0.0097298 -0.021452 -0.000768001 -0.0374738 -0.00301884 -0.0227655 0.0539363
internal_weight=1370.44 951.341 895.372 161.68 733.692 55.9688 419.098 352.851 156.981 195.87 66.2472 10.7024 9.23864 46.7302
internal_count=14062 9376 8544 1032 7512 832 4686 2342 1156 1186 2344 193 86 746
cat_boundaries=0 1 2 3 4 5
cat_threshold=48 9 32 1 1
is_linear=0
shrinkage=0.05


Tree=72
num_leaves=14
num_cat=2
split_feature=0 0 37 29 34 33 37 4 39 37 4 14 26
split_gain=48.0111 37.0278 26.526 25.0797 20.9032 20.2204 23.6625 5.98117 6.05499 2.84308 2.20862 2.64585 1.55756
threshold=0 1 25.500000000000004 1.5000000000000002 23.850000000000005 33.850000000000001 60.500000000000007 0.97314989601849466 25.100000000000005 24.500000000000004 -0.99630266176052629 14.050000000000002 10.65
decision_type=1 1 2 2 2 2 2 2 2 2 2 2 2
left_child=4 7 9 -4 10 6 -6 -2 -9 -3 11 -1 -12
right_child=1 2 3 -5 5 -7 -8 8 -10 -11 12 -13 -14
leaf_value=-0.035790529430487314 -0.050446605952802905 -0.037197845908991105 0.015728896262635548 -0.0037314032726309706 -0.030397642104405376 0.051037317505052561 0.021522973888768657 -0.044010083843369643 0.027065154935822788 -0.081280448629943103 -0.014104119055481527 0.035419316601249168 0.05076346490918035
leaf_weight=1.2828383855521672 52.598768018186092 12.618890833109619 201.77011317387223 901.27428522892296 35.583297831937671 24.763519355095923 53.840763106942177 4.7656645327806455 5.2843439355492592 7.5118852704763404 0.54738298803567786 2.0780941657721996 59.578458962962031
leaf_count=23 2140 93 1251 5655 351 833 941 141 50 39 21 47 2459
internal_value=0.000220213 -0.00347869 -0.00121308 -0.000160681 0.0236591 0.0120082 0.000755223 -0.0378491 -0.00757109 -0.0567155 0.0477721 0.00626471 0.0499518
internal_weight=1363.5 1185.82 1123.18 1103.04 177.674 114.188 89.4241 62.6488 10.05 20.1308 63.4868 3.36093 60.1258
internal_count=14044 9369 7038 6906 4675 2125 1292 2331 191 132 2550 70 2480
cat_boundaries=0 1 2
cat_threshold=9 16
is_linear=0
shrinkage=0.05


Tree=73
num_leaves=12
num_cat=4
split_feature=0 0 44 37 5 40 4 38 1 2 1
split_gain=41.4999 31.4429 25.3864 25.3955 24.8646 29.8092 15.2426 6.40662 6.51276 10.3981 3.78577
threshold=0 1 52.000000000000007 25.500000000000004 -0.85225707553516283 72.500000000000014 -0.96689237009891416 12.327381000000003 2 3.5000000000000004 3
decision_type=1 1 2 2 2 2 2 2 1 2 1
left_child=7 4 3 -3 5 -2 -6 -1 9 -9 -4
right_child=1 2 10 -5 6 -7 -8 8 -10 -11 -12
leaf_value=-0.050236279232411002 -0.018200512747354188 -0.054164458599023114 -0.02907987683893495 0.001095693673570915 -0.0070480647624247125 0.048345730767166674 0.047541644167661351 0.073878714466418319 -0.049049327819770665 -0.04041311936873216 -0.074878492614770753
leaf_weight=50.243599337525666 56.081029891967773 20.198854830116034 10.916683197021484 1079.3251614682376 14.837391750887035 22.864789003506303 81.906796282157302 3.461402162909506 4.1080209016799927 2.7303210645914078 10.426368236541748
leaf_count=2189 487 135 52 6795 322 446 3434 23 72 44 49
internal_value=9.72911e-05 0.00212466 -0.00103073 3.22401e-05 0.02113 0.00143668 0.0391829 -0.0369843 -0.00634494 0.0248687 -0.0538031
internal_weight=1357.1 1296.56 1120.87 1099.52 175.69 78.9458 96.7442 60.5433 10.2997 6.19172 21.3431
internal_count=14048 11720 7031 6930 4689 933 3756 2328 139 67 101
cat_boundaries=0 1 2 3 4
cat_threshold=16 9 1 1
is_linear=0
shrinkage=0.05


Tree=74
num_leaves=12
num_cat=3
split_feature=0 33 44 37 4 0 5 32 38 4 1
split_gain=41.9811 27.2195 35.9133 59.8534 26.7029 17.6324 12.8511 11.7931 8.06052 7.74887 7.95795
threshold=0 36.850000000000001 46.250000000000007 65.500000000000014 0.97314989601849466 1 0.84199059757024453 26.489881000000004 6.6020835000000009 0.97314989601849466 2
decision_type=1 2 2 2 2 1 2 2 2 2 1
left_child=5 2 4 -4 -2 6 7 -1 -8 -7 -11
right_child=1 -3 3 -5 -6 9 8 -9 -10 10 -12
leaf_value=0.017104471607806836 0.011008366483220244 0.052717909360984694 -0.053710556592825122 0.025859768569416998 -0.025349723681469941 -0.050239387879126844 -0.0029934817800066236 -0.0084423489559358033 -0.046279580140086818 0.033315407614017023 -0.048342058209543584
leaf_weight=54.386268060654402 761.8760736361146 30.135302314534783 60.522747505456209 37.598438296467066 53.144872885197401 48.157207854092121 16.469219822436571 244.65813715010881 30.807694628834724 5.9189009368419629 4.2476795483380556
leaf_count=296 7489 673 440 311 525 2152 113 1651 263 96 94
internal_value=0.000902091 0.00666533 0.00516242 -0.0232672 0.00860941 -0.0123753 -0.00741887 -0.00375471 -0.0315749 -0.0359589 -0.00207562
internal_weight=1347.92 943.277 913.142 98.1212 815.021 404.645 346.321 299.044 47.2769 58.3238 10.1666
internal_count=14103 9438 8765 751 8014 4665 2323 1947 376 2342 190
cat_boundaries=0 1 2 3
cat_threshold=48 32 1
is_linear=0
shrinkage=0.05


Tree=75
num_leaves=15
num_cat=3
split_feature=0 34 34 23 36 0 34 40 33 20 1 19 4 8
split_gain=40.6626 29.4096 46.4737 47.4937 39.0995 15.4773 10.5716 12.8721 6.49504 6.4794 5.99606 5.81061 2.92367 1.42053
threshold=0 25.250000000000004 24.550000000000004 96.500000000000014 96.500000000000014 1 21.050000000000004 0.55000000000000016 37.100000000000009 33.250000000000007 2 28.849305500000003 -0.19337636264337832 31.750000000000004
decision_type=1 2 2 2 2 1 2 2 2 2 1 2 2 2
left_child=5 2 4 -4 -2 6 12 -8 -7 11 -10 -3 -1 -11
right_child=1 9 3 -5 -6 8 7 -9 10 13 -12 -13 -14 -15
leaf_value=-0.012868355727932011 -0.0091850527840191872 0.038757343853261558 0.0068633742493185339 -0.04493382359582871 0.016527173970825579 -0.050054299653685776 0.028929741253061383 -0.0093332550357758375 0.025202250585109404 0.0093806888832047505 -0.047701086515542564 -0.062511057938427705 -0.053533187266331918 0.05501646165295429
leaf_weight=7.177286550402644 206.4460159773007 1.9084451049566262 86.775297604501247 88.829535728320479 515.23037475533783 46.322391766123474 22.717918992042542 304.60757742449641 5.984035933390258 2.2699993811547747 3.7415171507745981 1.8168664202094076 15.077209208160637 34.982534663751721
leaf_count=37 1937 28 636 502 5571 2205 129 2015 70 28 67 16 166 652
internal_value=-0.00030596 0.00541414 0.00355398 -0.0194443 0.00916929 -0.0133234 -0.00868615 -0.0065976 -0.0360764 0.0463803 -0.00467688 -0.013409 -0.0415357 0.0525536
internal_weight=1343.89 938.259 897.281 175.605 721.676 405.628 349.58 327.325 56.0479 40.9778 9.72555 3.72531 22.2545 37.2525
internal_count=14059 9370 8646 1138 7508 4689 2347 2144 2342 724 137 44 203 680
cat_boundaries=0 1 2 3
cat_threshold=48 32 1
is_linear=0
shrinkage=0.05


Tree=76
num_leaves=15
num_cat=3
split_feature=0 0 34 40 4 38 4 2 14 44 40 38 1 35
split_gain=42.0719 25.0277 21.9677 41.392 27.5111 19.2211 27.3262 34.187 16.8056 23.2774 20.5902 5.43278 4.35979 3.83111
threshold=0 1 20.850000000000005 0.35000000000000003 0.19337368024598431 6.8250000000000011 -0.72696319516528884 8.5000000000000018 14.950000000000001 42.300000000000004 66.050000000000011 12.614880500000002 2 86.931547500000008
decision_type=1 1 2 2 2 2 2 2 2 2 2 2 1 2
left_child=5 2 4 -4 -2 6 7 -1 9 -7 -10 -3 -13 -8
right_child=1 11 3 -5 -6 8 13 -9 10 -11 -12 12 -14 -15
leaf_value=-0.12407077626594024 0.006959791144368681 -0.050003004992268354 0.047238539633376896 -0.0048012181278015917 -0.068420751722789427 0.0031761281851665317 0.052270870601705557 0.014600892652064277 0.0055092096399159234 -0.047800971628455022 0.036316547081939897 0.021661885018471279 -0.045120321822825771 -0.0023335785981569725
leaf_weight=4.1218504682183257 20.793286371976137 45.432035471312702 39.479123443365097 681.29031258821487 27.410218328237534 99.68288197927177 63.678757825866342 32.65162106603384 207.57087939046323 27.841934403404593 72.651440907269716 5.1922796219587308 3.0526556633412838 3.2922243494540444
leaf_count=52 139 2256 217 4173 185 1330 984 495 2763 252 1089 53 54 59
internal_value=0.000348519 -0.00662902 -0.00404607 -0.00188932 -0.0364237 0.0114674 0.0308052 -0.00381559 0.00676442 -0.0082388 0.0135972 -0.0366508 -0.00526999 0.0495917
internal_weight=1334.14 822.65 768.973 720.769 48.2035 511.492 103.744 36.7735 407.747 127.525 280.222 53.677 8.24494 66.971
internal_count=14101 7077 4714 4390 324 7024 1590 547 5434 1582 3852 2363 107 1043
cat_boundaries=0 1 2 3
cat_threshold=13 34 1
is_linear=0
shrinkage=0.05


Tree=77
num_leaves=13
num_cat=3
split_feature=0 0 22 43 35 4 25 4 5 4 1 5
split_gain=38.5537 25.5195 23.7943 28.3583 22.8452 29.7946 38.4199 14.6936 7.25411 6.82446 5.75033 0.503881
threshold=0 1 89.020833500000023 17.750000000000004 82.568452500000021 0.022575936829235404 7.6888890000000005 -0.96689237009891416 0.75438814418115718 0.97314989601849466 2 -0.98521978256641018
decision_type=1 1 2 2 2 2 2 2 2 2 1 2
left_child=4 9 3 -3 11 7 -7 -6 -4 -2 -11 -1
right_child=1 2 8 -5 5 6 -8 -9 -10 10 -12 -13
leaf_value=0.020364072313460577 -0.049937485890094446 -0.0067575918126488339 -0.05344808283310562 0.010132539555875494 -0.0079582030655420567 0.027890974507099531 -0.053764510716981774 0.049513379446730621 0.015854535071018565 0.027121190082352295 -0.045384773461034415 0.050896197062793525
leaf_weight=3.2540999799966803 41.951497700996697 685.56906881183386 26.994380593299869 388.50751838460565 14.608313273638485 26.04642466828227 29.994551595300436 42.46610086876899 3.9068676531314841 5.7434997316449863 3.6029099514707923 49.724704101681709
leaf_count=15 2151 4330 161 2504 324 373 242 1463 29 96 90 2267
internal_value=-0.000376308 -0.00366854 -0.00189189 -0.000644469 0.0213683 0.00977856 -0.0159895 0.0349197 -0.0444638 -0.0348471 -0.00251394 0.0494328
internal_weight=1322.37 1156.28 1104.98 1074.08 166.094 113.115 56.041 57.0744 30.9012 51.2979 9.34641 52.9788
internal_count=14045 9361 7024 6834 4684 2402 615 1787 190 2337 186 2282
cat_boundaries=0 1 2 3
cat_threshold=9 16 1
is_linear=0
shrinkage=0.05


Tree=78
num_leaves=13
num_cat=2
split_feature=0 0 40 43 39 35 32 5 38 4 39 5
split_gain=36.9338 25.3701 22.4687 22.3376 21.0481 20.1812 28.5767 20.215 10.2413 5.79239 4.55021 0.481051
threshold=0 1 130.55000000000004 27.750000000000004 21.250000000000004 81.88392850000001 27.689583000000002 -0.83375966452616657 9.5273810000000019 0.97314989601849466 25.100000000000005 -0.99983123799342488
decision_type=1 1 2 2 2 2 2 2 2 2 2 2
left_child=5 9 3 -3 -4 11 8 -8 -7 -2 -11 -1
right_child=1 2 4 -5 -6 6 7 -9 -10 10 -12 -13
leaf_value=0.0068989959977088511 -0.049846110312126039 -0.0033150779856113421 -0.089044264943995491 0.017337073557666064 0.003958072316824734 0.035805355954110038 -0.055464551660074558 0.044619258710690973 -0.0017610331992069838 -0.041864481831083503 0.022510878324894464 0.050682180962650328
leaf_weight=0.98131561279296775 39.984088021330535 924.82507110387087 12.978973567485811 151.49956005811691 10.626583114266394 62.391044428572059 20.97276155278087 5.7286472786217919 25.289742114022374 3.79523340705782 5.4551243409514427 46.54523712489754
leaf_count=4 2145 5866 73 975 72 1756 135 163 464 139 54 2188
internal_value=4.5527e-06 -0.00320847 -0.00146185 -0.000394761 -0.0487178 0.0215624 0.0113099 -0.0331565 0.0250724 -0.0348362 -0.00540854 0.049939
internal_weight=1311.07 1149.16 1099.93 1076.32 23.6056 161.909 114.382 26.7014 87.6808 49.2344 9.25036 47.5266
internal_count=14034 9324 6986 6841 145 4710 2518 298 2220 2338 193 2192
cat_boundaries=0 1 2
cat_threshold=9 16
is_linear=0
shrinkage=0.05


Tree=79
num_leaves=15
num_cat=3
split_feature=0 0 44 44 38 40 39 37 5 22 2 38 1 15
split_gain=34.7496 19.5797 18.5938 32.5041 34.2966 21.8371 21.6776 31.0036 26.3214 16.7603 16.5294 5.64986 5.08838 2.48666
threshold=0 1 41.95000000000001 43.000000000000007 10.923512000000001 51.650000000000013 20.650000000000002 63.500000000000007 0.84199059757024453 89.020833500000023 7.5000000000000009 12.327381000000003 2 9.2500000000000018
decision_type=1 1 2 2 2 2 2 2 2 2 2 2 1 2
left_child=2 9 6 4 -4 -5 7 -1 -8 10 -2 -3 -13 -11
right_child=1 11 3 5 -6 -7 8 -9 -10 13 -12 12 -14 -15
leaf_value=0.01585712882292226 -0.0082782073815948747 -0.049641916838008074 -0.075798754600157212 -0.014672948031067846 0.051675093354886785 0.029627326049468213 0.042182708839718822 -0.031886092334095305 -0.025009923877019315 -0.0062824629085401588 0.0073790556868451847 0.023236829804658157 -0.046083377124746701 -0.053608128572858328
leaf_weight=194.23863414674997 480.05036079883575 38.313016390427947 24.244881879538301 53.876084920018911 5.9104687720537177 55.545521495863795 108.50232103280723 40.211840816773474 16.138828206807375 3.5830915234982994 258.56930041313171 5.5835808105766755 3.4417520519345999 18.12185200303793
leaf_count=2926 2982 2201 191 575 99 736 1748 506 235 24 1553 65 72 108
internal_value=0.000123878 -0.00625901 0.0103714 -0.00488226 -0.0499571 0.00787979 0.0165855 0.00756779 0.0333526 -0.00404595 -0.00279449 -0.034339 -0.00515787 -0.0464163
internal_weight=1306.33 807.663 498.669 139.577 30.1554 109.422 359.092 234.45 124.641 760.325 738.62 47.3383 9.02533 21.7049
internal_count=14021 7005 7016 1601 290 1311 5415 3432 1983 4667 4535 2338 137 132
cat_boundaries=0 1 2 3
cat_threshold=13 34 1
is_linear=0
shrinkage=0.05


Tree=80
num_leaves=15
num_cat=2
split_feature=0 26 34 25 35 33 31 44 0 33 5 24 33 5
split_gain=33.4358 29.2838 54.0137 42.7601 31.5575 26.8795 21.5776 19.3601 10.7101 10.9392 17.3409 16.5882 5.74435 4.63871
threshold=0 14.65 23.250000000000004 6.8013890000000012 87.955357000000006 36.850000000000001 27.550000000000001 38.70000000000001 1 31.750000000000004 -0.8611288361322974 67.500000000000014 37.100000000000009 1.0000000180025095e-35
decision_type=1 2 2 2 2 2 2 2 1 2 2 2 2 2
left_child=8 2 7 4 -3 -5 -4 -2 9 11 -11 -1 -10 -14
right_child=1 3 6 5 -6 -7 -8 -9 12 10 -12 -13 13 -15
leaf_value=0.024181774021161069 0.037264836944109668 0.041656236647389405 -0.054395675621493625 0.00097132328352059259 -0.053260910865029203 0.050736444389309222 -0.0076690764882365306 -0.065556307834683858 -0.04956555982414472 0.012614043559635397 -0.020476652376235617 -0.020699662386078774 -0.04196917509576107 0.025356073197695946
leaf_weight=50.587156105786562 44.887954553589225 118.62245260644704 61.65153999812901 605.73389826156199 8.6047551445662958 27.408672667108476 41.410267896018922 4.171412242576479 37.006024739705026 47.891347616910934 212.43246370181441 33.314790662378073 3.4544393448159081 5.0252893418073654
leaf_count=262 605 1357 433 5849 91 665 348 42 2223 353 1540 196 99 38
internal_value=-0.000763151 0.0044829 -0.0154272 0.00854007 0.0348714 0.00320226 -0.035875 0.0273873 -0.0128134 -0.00905481 -0.014364 0.00632688 -0.0339548 -0.00360469
internal_weight=1302.2 912.491 152.121 760.37 127.227 633.143 103.062 49.0594 389.712 344.226 260.324 83.9019 45.4858 8.47973
internal_count=14101 9390 1428 7962 1448 6514 781 647 4711 2351 1893 458 2360 137
cat_boundaries=0 1 2
cat_threshold=48 32
is_linear=0
shrinkage=0.05


Tree=81
num_leaves=13
num_cat=2
split_feature=0 35 4 25 44 39 35 43 4 1 33 5
split_gain=25.7537 22.6697 24.8679 31.746 21.339 25.6469 60.9364 39.7308 16.0171 2.39216 6.90055 1.13338
threshold=0 82.75892850000001 0.039769539193789956 7.6888890000000005 52.750000000000007 20.250000000000004 87.401786000000016 17.750000000000004 -0.96689237009891416 1 31.350000000000005 -0.98801846520836334
decision_type=1 2 2 2 2 2 2 2 2 1 2 2
left_child=1 11 8 -4 5 6 -2 -7 -3 10 -6 -1
right_child=4 2 3 -5 9 7 -8 -9 -10 -11 -12 -13
leaf_value=0.016602078169830805 -0.0032206134742074803 -0.01375170000853927 0.024279434894179674 -0.051505081585782868 -0.076692761331545303 -0.003119502853272105 -0.056743407310322305 0.024388147095853119 0.047691343612075887 -0.071187056713588756 0.0025513953384892797 0.050463078852317614
leaf_weight=3.9320361614227286 457.16328799538314 14.01291981898248 24.819477147422731 28.953099519014359 3.7450454197824001 407.56387643888593 59.201711584813893 192.503761283122 38.271792763844132 9.3338990472257137 6.3781450726091862 44.465198026970029
leaf_count=18 3867 321 373 228 24 3257 457 1640 1416 61 38 2283
internal_value=0.000463975 0.0188983 0.00701136 -0.016721 -0.00220393 -0.00129487 -0.00945487 0.00573094 0.0312749 -0.0528289 -0.031024 0.0481038
internal_weight=1290.34 154.455 106.057 53.7726 1135.89 1116.43 516.365 600.068 52.2847 19.4571 10.1232 48.3972
internal_count=13983 4639 2338 601 9344 9221 4324 4897 1737 123 62 2301
cat_boundaries=0 1 2
cat_threshold=9 1
is_linear=0
shrinkage=0.05


Tree=82
num_leaves=15
num_cat=0
split_feature=8 4 38 30 39 42 4 39 5 44 36 32 37 33
split_gain=24.7612 53.8601 63.9258 49.1617 33.659 45.5031 33.3225 26.7656 68.3214 38.9705 18.3263 16.2566 14.3971 13.6614
threshold=33.150000000000013 0.091259403071267911 6.7976195000000006 13.65 22.950000000000003 2.5000000000000004 0.85673801594079257 18.850000000000005 0.11478523713130602 48.800000000000004 90.500000000000014 26.779762000000002 31.500000000000004 33.550000000000004
decision_type=2 2 2 2 2 2 2 2 2 2 2 2 2 2
left_child=1 7 -3 -4 10 11 -7 8 -1 -9 12 -6 -2 -12
right_child=4 2 3 -5 5 6 -8 9 -10 -11 13 -13 -14 -15
leaf_value=-0.036316207749201676 0.028789705777793835 0.025815524891459437 -0.046127749428036047 -0.0013704365887114475 -0.054975227280459116 0.017088417126109128 -0.047624015163808847 0.022022068420328916 0.015405848120233476 -0.025812026103086635 -0.018133642496200749 0.038022120869257575 -0.028847869598141996 0.034510656498694718
leaf_weight=110.04667665995657 17.306346012279391 61.629856059327722 173.02529548946768 94.859032920561731 4.3115883041173211 27.953160571865737 64.515498755499721 281.13517547491938 149.30662700813264 49.280727352015674 12.686486711725591 48.682558407075703 25.59718656167388 168.25572688970715
leaf_count=1064 169 715 1661 1006 40 309 682 3162 1860 397 123 543 313 1969
internal_value=0.000760399 -0.00363343 -0.0197932 -0.030343 0.0116778 -0.00702101 -0.028088 0.00541355 -0.00659563 0.0148314 0.0238061 0.0295778 -0.00547195 0.0307402
internal_weight=1288.59 919.283 329.514 267.884 369.309 145.463 92.4687 589.769 259.353 330.416 223.846 52.9941 42.9035 180.942
internal_count=14013 9865 3382 2667 4148 1574 991 6483 2924 3559 2574 583 482 2092
is_linear=0
shrinkage=0.05


Tree=83
num_leaves=13
num_cat=2
split_feature=0 34 0 44 39 33 4 33 5 4 26 22
split_gain=31.465 20.7242 19.8249 18.5852 19.1039 16.8375 17.4737 7.37583 4.62131 2.40667 2.08211 1.23482
threshold=0 23.850000000000005 1 52.000000000000007 20.250000000000004 33.850000000000001 0.039769539193789956 37.100000000000009 1.0000000180025095e-35 -0.99630266176052629 24.650000000000002 86.881944500000017
decision_type=1 2 1 2 2 2 2 2 2 2 2 2
left_child=1 9 7 4 -4 6 -3 -2 -9 11 -5 -1
right_child=2 5 3 10 -6 -7 -8 8 -10 -11 -12 -13
leaf_value=-0.029627905860858051 -0.049468731283577427 0.026195857730998268 -0.0077871487595629618 -0.023093711974548122 0.0055768850558061437 0.049824651382245184 -0.019807520754454598 -0.041050297627365867 0.025763595646016314 0.050285443556545198 -0.060155892369150823 0.021484689134144194
leaf_weight=0.84901574254035894 35.263975268229842 33.634140450507402 498.20612680912018 7.8753619268536594 574.94048217311502 18.98748988751322 50.096739934757352 3.1324786162003857 5.9260165467858315 47.501467326655984 12.579883567988871 2.310740552842617
leaf_count=16 2208 799 3233 37 3702 841 500 94 46 2503 61 55
internal_value=-0.000105347 0.0203572 -0.00303105 -0.00153658 -0.000628814 0.00859097 -0.0012372 -0.0322678 0.000874844 0.0475263 -0.0476282 0.00392998
internal_weight=1291.3 153.38 1137.92 1093.6 1073.15 102.718 83.7309 44.3225 9.0585 50.6612 20.4552 3.15976
internal_count=14095 4714 9381 7033 6935 2140 1299 2348 140 2574 98 71
cat_boundaries=0 1 2
cat_threshold=9 16
is_linear=0
shrinkage=0.05


Tree=84
num_leaves=15
num_cat=0
split_feature=10 43 39 43 43 32 29 44 10 2 8 4 15 7
split_gain=19.0335 23.5769 41.4253 37.5536 31.9126 26.2997 24.9175 16.4621 4.82762 1.61886 1.27598 0.342723 0.215248 0.0567857
threshold=90.645833500000023 17.750000000000004 18.850000000000005 20.450000000000003 17.600000000000005 27.586607500000003 1.5000000000000002 52.750000000000007 91.145833500000023 10.500000000000002 28.150000000000002 -0.082689790342551792 27.050000000000004 25.454166500000003
decision_type=2 2 2 2 2 2 2 2 2 2 2 2 2 2
left_child=1 4 3 -3 6 -6 -1 -4 10 12 -2 -12 -10 -11
right_child=8 2 7 -5 5 -7 -8 -9 9 13 11 -13 -14 -15
leaf_value=0.010986402109432081 -0.025826521732165632 0.033735025247441187 0.024268218393395862 -0.02008207460720518 0.0047448712879985906 -0.096954111025804923 -0.0085319123974752289 -0.043727195381897233 -0.041709187206625385 0.00024438995346240508 -0.095134137071127278 -0.040023646206166913 -0.01220038922900047 0.012026002519591374
leaf_weight=233.54286508541554 2.5380235454067606 40.510528799146414 265.82904821727425 147.44732746761292 10.156822877936067 15.600927930325268 539.15172243956476 8.3209908204153162 3.0526400431990606 1.7242467114701869 4.6944511327892542 2.7448624484241009 2.0587805220857263 1.6754051297903059
leaf_count=2712 21 476 3059 1532 119 99 5822 67 32 21 44 23 18 22
internal_value=-4.50977e-05 0.000712434 0.00968913 -0.00836574 -0.00448849 -0.0581734 -0.00262603 0.022053 -0.0490807 -0.018243 -0.0713283 -0.0819521 -0.0337648 0.00746427
internal_weight=1279.05 1260.56 462.108 187.958 798.452 25.7578 772.695 274.15 18.4884 8.51107 9.97734 7.43931 5.11142 3.39965
internal_count=14067 13886 5134 2008 8752 218 8534 3126 181 93 88 67 50 43
is_linear=0
shrinkage=0.05


Tree=85
num_leaves=14
num_cat=1
split_feature=0 34 40 36 39 35 32 37 4 4 39 35 5
split_gain=26.9855 20.0634 50.8467 46.2053 25.1776 19.343 22.2568 12.8634 9.60472 9.1609 3.83239 3.71571 1.33037
threshold=0 21.050000000000004 0.35000000000000003 96.500000000000014 23.550000000000004 82.568452500000021 27.709226500000003 60.500000000000007 0.091259403071267911 0.39036257410962039 14.65 60.729167000000011 -0.99983123799342488
decision_type=1 2 2 2 2 2 2 2 2 2 2 2 2
left_child=5 3 11 9 -4 12 8 -8 -7 -2 -5 -3 -1
right_child=1 2 4 10 -6 6 7 -9 -10 -11 -12 -13 -14
leaf_value=0.0030108722414146113 -0.026275813985898469 0.026827935207680922 0.0013953666774858308 -0.010568513345881233 -0.017222298487765266 0.034024790580317099 -0.051136756145559237 0.042432064906461828 -0.00092927331476108611 -0.072872634790488403 0.020925466733958745 0.05527832604297496 0.050200772223281315
leaf_weight=1.6844588667154301 17.866585514508188 21.710275614634156 736.28025204315782 12.819183850660918 239.99162468500435 51.376216801814735 18.574218953959647 3.7192839663475743 31.373038607649505 32.110250062309206 32.721387936733663 35.111923892050982 41.643137538805604
leaf_count=7 134 155 6261 119 1849 1745 145 86 409 250 305 263 2275
internal_value=0.000183836 -0.00251415 -0.000499159 -0.0243374 -0.00319425 0.0194521 0.00897085 -0.034375 0.0209197 -0.0570566 0.0120237 0.0450601 0.0484755
internal_weight=1276.98 1128.61 1033.09 95.5174 976.272 148.37 105.043 22.2935 82.7493 49.9768 45.5406 56.8222 43.3276
internal_count=14003 9336 8528 808 8110 4667 2385 231 2154 384 424 418 2282
cat_boundaries=0 1
cat_threshold=9
is_linear=0
shrinkage=0.05


Tree=86
num_leaves=13
num_cat=2
split_feature=0 32 34 40 33 5 32 5 39 39 1 33
split_gain=26.3712 23.2108 23.8326 40.7596 25.1218 12.685 14.8829 19.4121 11.8585 9.38006 10.722 6.39271
threshold=0 29.595238000000005 24.450000000000003 58.800000000000004 31.250000000000004 0.53312596302726967 26.401488000000004 -0.35846086284744716 18.150000000000002 18.750000000000004 1 36.20000000000001
decision_type=1 2 2 2 2 2 2 2 2 2 1 2
left_child=5 2 4 -4 -2 6 7 -1 -8 10 -7 -11
right_child=1 -3 3 -5 -6 9 8 -9 -10 11 -12 -13
leaf_value=-0.039658344624074131 -0.018394300813721922 0.052996451742666997 -0.027116184869469137 0.019234186644042348 0.011711275662053641 -0.036733704025894369 -0.032047310617440913 0.046970812539984003 -0.0044064675030596953 -0.046952363425568022 0.0084777642691555265 0.014229258297407246
leaf_weight=7.7681298730894914 77.647736635059118 23.404509253799915 136.66024148184806 71.499410167336464 586.89882259722799 21.823126764036715 46.638684511184692 24.939491073600948 211.68407627567649 44.797186530195177 30.138133213855326 4.2620602427050462
leaf_count=81 880 594 961 580 6342 329 653 211 2392 724 329 36
internal_value=0.000116633 0.00484326 0.00354813 -0.0111798 0.00817129 -0.0105272 -0.00545562 0.02583 -0.0095012 -0.0259733 -0.0108456 -0.0414591
internal_weight=1288.16 896.111 872.706 208.16 664.547 392.051 291.03 32.7076 258.323 101.021 51.9613 49.0592
internal_count=14112 9357 8763 1541 7222 4755 3337 292 3045 1418 658 760
cat_boundaries=0 1 2
cat_threshold=48 1
is_linear=0
shrinkage=0.05


Tree=87
num_leaves=14
num_cat=2
split_feature=0 40 38 4 39 34 39 33 37 1 4 26 35
split_gain=27.9266 20.4279 22.2137 48.0171 40.1764 17.7755 17.4065 14.1136 14.1149 4.81204 2.40845 1.65873 0.192687
threshold=0 125.2 6.8250000000000011 -0.55657520495441892 20.250000000000004 23.750000000000004 19.250000000000004 33.850000000000001 64.500000000000014 1 -0.90893996196865012 10.65 88.574405000000013
decision_type=1 2 2 2 2 2 2 2 2 1 2 2 2
left_child=5 2 3 -2 -4 11 10 8 -7 -8 -3 -1 -13
right_child=1 6 4 -5 -6 7 9 -9 -10 -11 -12 12 -14
leaf_value=-0.018494265581864407 -0.014137216985914389 -0.023262865848430472 -0.020567278028027221 0.031789355174313964 0.0021989948892112204 -0.01019367374271541 -0.029325443926771728 0.049556913335916455 0.036908086507321608 0.022111360100722427 -0.086861679835280703 0.049968143130568493 0.018415541392739179
leaf_weight=0.451567143201827 99.311758412979543 2.677160693332552 290.5370983146131 130.91007625125349 577.48281947523355 65.836172093637288 8.4420478194952011 17.166999314911664 19.873334538191557 7.8008701410144576 12.852234979160132 40.02621387783438 2.0411195065826169
leaf_count=21 838 21 2366 1214 4691 979 74 838 478 67 94 2332 75
internal_value=-0.000196918 -0.0029096 -0.00177289 0.0120024 -0.00543606 0.0196205 -0.041836 0.00952467 0.00102744 -0.00477257 -0.0779683 0.0477761 0.0489003
internal_weight=1275.41 1130.01 1098.24 230.222 868.02 145.395 31.7723 102.877 85.7095 16.2429 15.5294 42.5189 42.0673
internal_count=14088 9365 9109 2052 7057 4723 256 2295 1457 141 115 2428 2407
cat_boundaries=0 1 2
cat_threshold=9 2
is_linear=0
shrinkage=0.05


Tree=88
num_leaves=15
num_cat=2
split_feature=0 32 2 25 4 33 0 25 4 2 43 39 43 20
split_gain=28.5785 17.4441 25.5021 24.8952 19.7802 23.7551 16.5537 14.007 25.8997 35.4657 13.3312 37.2552 28.744 6.63532
threshold=0 29.217262000000002 7.5000000000000009 6.8583335000000014 0.99374995976406788 37.100000000000009 1 6.8013890000000012 -0.70291267844185523 8.5000000000000018 17.750000000000004 18.850000000000005 17.600000000000005 36.250000000000007
decision_type=1 2 2 2 2 2 1 2 2 2 2 2 2 2
left_child=7 2 3 -2 5 -3 -4 8 9 -1 12 -12 -9 -6
right_child=1 4 6 -5 13 -7 -8 10 -10 -11 11 -13 -14 -15
leaf_value=-0.11174154462110336 0.0088788194401360973 0.063505171555054626 0.015506820132786212 -0.02176283667434253 -0.066647585154975167 0.0024287743282571891 -0.0078562728955914162 0.0024998247305054707 0.043395699246156397 0.013343106394887994 -0.017684644509954103 0.040683006329858044 -0.07207133176668111 -0.0023473021781473548
leaf_weight=5.7233492620289317 81.032543776556849 26.595940362662077 131.503672093153 351.89402316324413 6.8494885889813295 37.824981588870287 152.74579118005931 241.44079101737589 70.029243808239698 35.16617348510772 42.901345150545239 72.206690366379917 12.650466050952671 8.3623719885945302
leaf_count=69 746 209 826 3133 50 365 1659 3358 1169 561 532 1277 81 67
internal_value=-6.95057e-05 -0.00585116 -0.00839387 -0.0160203 0.016143 0.0282292 0.00323698 0.00944334 0.0251402 -0.00641469 0.00492746 0.0189641 -0.00148083 -0.0336251
internal_weight=1276.93 796.809 717.176 432.927 79.6328 64.4209 284.249 480.118 110.919 40.8895 369.199 115.108 254.091 15.2119
internal_count=14102 7055 6364 3879 691 574 2485 7047 1799 630 5248 1809 3439 117
cat_boundaries=0 1 2
cat_threshold=13 2
is_linear=0
shrinkage=0.05


Tree=89
num_leaves=12
num_cat=3
split_feature=0 0 35 4 37 42 8 4 1 39 5
split_gain=23.2113 19.9062 18.8018 17.7351 17.5511 56.1811 29.354 4.05868 4.21108 6.44688 0.338453
threshold=0 1 81.88392850000001 0.022575936829235404 32.500000000000007 3.5000000000000004 33.150000000000013 0.97314989601849466 2 25.100000000000005 -0.99983123799342488
decision_type=1 1 2 2 2 2 2 2 1 2 2
left_child=7 2 10 -4 5 -3 -6 -1 9 -9 -2
right_child=1 4 3 -5 6 -7 -8 8 -10 -11 -12
leaf_value=-0.049432332408150696 0.0085551429139883433 0.002535314665652412 0.028996441867569285 -0.012148289203199198 -0.0035049850486778586 -0.057020466686157727 0.019061293276882305 -0.036316817963863018 -0.045063804151119928 0.064205480666910536 0.049776852005608829
leaf_weight=32.742198398336768 0.97155076265334983 127.71886851452291 49.28972180839628 53.8018504595384 720.74034946784377 56.341895375400782 179.0630193259567 2.0211203247308722 3.2395095992833376 2.5535705480724573 35.813133330084383
leaf_count=2146 4 807 1842 661 4688 338 1199 68 98 24 2197
internal_value=-0.000900622 0.000486749 0.0175096 0.00761324 -0.00186395 -0.0159046 0.00100193 -0.0337604 -0.00823753 0.0212462 0.0489433
internal_weight=1264.3 1223.74 139.876 103.092 1083.86 184.061 899.803 40.5564 7.8142 4.57469 36.7847
internal_count=14072 11736 4704 2503 7032 1145 5887 2336 190 92 2201
cat_boundaries=0 1 2 3
cat_threshold=16 9 1
is_linear=0
shrinkage=0.05


Tree=90
num_leaves=15
num_cat=1
split_feature=0 26 25 2 39 32 40 39 33 32 36 35 4 24
split_gain=22.3007 26.3798 38.3235 37.5816 29.3147 17.4892 16.3878 16.247 11.737 18.6172 16.0675 13.6452 13.5927 15.0736
threshold=0 14.65 6.8013890000000012 10.500000000000002 20.150000000000002 26.463690500000002 56.000000000000007 17.650000000000002 31.750000000000004 28.845238000000005 93.500000000000014 82.619047500000008 -0.452744437932114 67.500000000000014
decision_type=1 2 2 2 2 2 2 2 2 2 2 2 2 2
left_child=8 3 5 7 -4 -3 -5 -2 12 11 -11 -10 13 -1
right_child=1 2 4 6 -6 -7 -8 -9 9 10 -12 -13 -14 -15
leaf_value=0.03876942864280862 -0.043647225623168778 -0.01460023381639174 -0.012955207886396059 0.044666416549165151 0.010659928352751437 0.041510547956524889 -0.056727639941508735 -0.005259694216386189 -0.03828716607475513 -0.01431415519881209 0.030638967633502663 -0.012080285555348645 -0.024061295356939988 -0.010303514611991532
leaf_weight=36.389473995193839 67.548236766830087 15.479493050836025 188.18610167689621 29.124490353278816 429.57983257900923 104.66746642347425 3.72032756358385 46.612091183662415 83.62906323838979 43.809478932991624 34.777831931598485 123.74218058167025 25.921989979222417 26.320822562091053
leaf_count=331 511 194 1906 439 4635 1262 43 409 1427 374 355 1596 315 268
internal_value=0.00027614 0.00459878 0.00850535 -0.0146251 0.00345689 0.0342205 0.0318448 -0.0281552 -0.00978253 -0.0149581 0.0057143 -0.0227821 0.00580472 0.0183341
internal_weight=1259.51 884.918 737.913 147.005 617.766 120.147 32.8448 114.16 374.591 285.959 78.5873 207.371 88.6323 62.7103
internal_count=14065 9399 7997 1402 6541 1456 482 920 4666 3752 729 3023 914 599
cat_boundaries=0 1
cat_threshold=48
is_linear=0
shrinkage=0.05


Tree=91
num_leaves=14
num_cat=2
split_feature=0 34 37 42 37 34 33 37 37 26 1 4 5
split_gain=22.3693 18.5185 18.3524 21.1007 51.5333 48.17 14.9602 16.8562 2.96 1.95831 1.73017 1.1773 0.605652
threshold=0 23.850000000000005 25.500000000000004 3.5000000000000004 32.500000000000007 21.700000000000006 33.650000000000013 64.500000000000014 24.500000000000004 10.500000000000002 1 -0.99630266176052629 -0.99864786094873803
decision_type=1 2 2 2 2 2 2 2 2 2 1 2 2
left_child=1 9 8 5 -5 -4 7 -3 10 -1 -2 -11 -8
right_child=2 6 3 4 -6 -7 12 -9 -10 11 -12 -13 -14
leaf_value=-0.027064760888840262 -0.046471275860707643 -0.015832616961425013 -0.013916062260091681 -0.05019467413464665 -0.0016997567631980384 0.03532465729165251 0.0087637570548027184 0.038045647074547606 -0.073008760304288961 0.010661283556708437 -0.0099963341260983635 0.049911029516802902 0.049105219652853027
leaf_weight=0.2922460064291944 6.8819928122684368 58.750782220624387 89.877236955799162 57.619239553809166 838.17131219152361 108.86894304677844 1.496906697750094 18.180332976393402 7.2597777899354687 2.660265512764453 6.7197026470676073 39.337148493155837 16.800979731604457
leaf_count=14 65 807 753 442 7097 901 8 457 51 71 64 2479 869
internal_value=-8.11734e-05 0.0181596 -0.00248475 -0.00159952 -0.00487155 0.0130988 0.00706357 -0.00277531 -0.0478692 0.0466004 -0.0303701 0.0477306 0.0464301
internal_weight=1252.92 137.519 1115.4 1094.54 895.791 198.746 95.229 76.9311 20.8615 42.2897 13.6017 41.9974 18.2979
internal_count=14078 4705 9373 9193 7539 1654 2141 1264 180 2564 129 2550 877
cat_boundaries=0 1 2
cat_threshold=9 1
is_linear=0
shrinkage=0.05


Tree=92
num_leaves=15
num_cat=3
split_feature=0 0 34 42 4 38 4 5 26 5 40 4 1 4
split_gain=20.2904 13.6364 13.9785 32.9647 21.5233 13.375 32.3627 22.2046 14.6262 30.8422 19.1201 7.42154 5.9152 0.695946
threshold=0 1 20.850000000000005 2.5000000000000004 0.19337368024598431 6.8250000000000011 -0.55657520495441892 0.14888728888808322 16.250000000000004 -0.67801649466304881 72.500000000000014 0.97314989601849466 2 0.90162119223771342
decision_type=1 1 2 2 2 2 2 2 2 2 2 2 1 2
left_child=5 2 4 -4 -2 6 7 -1 9 -7 -10 -3 -13 -8
right_child=1 11 3 -5 -6 8 13 -9 10 -11 -12 12 -14 -15
leaf_value=-0.04156854240396729 0.0074350637843211623 -0.049284324450142733 0.031388279075191386 -0.0054069568845827275 -0.060470316116796263 -0.046641873099167078 0.053693851802060322 0.027658317935897483 0.0016940109462196371 0.013925056919968884 0.031701430199091746 0.032441393752291658 -0.044140763790631685 0.019249739883032219
leaf_weight=21.73860695399344 20.814703986048698 31.011235463432968 66.297175787389278 636.68494593724608 24.998658504337072 39.041009273380041 46.352344933897257 22.646036438643932 225.4771254081279 43.512027616612613 68.482695823535323 5.4488565251231176 3.1434552557766438 3.0164989456534377
leaf_count=256 143 2170 411 3979 181 269 862 445 3254 740 1199 95 94 47
internal_value=-0.000499845 -0.00537514 -0.00361353 -0.0018972 -0.0301186 0.00761999 0.0245758 -0.00641629 0.00354584 -0.0149337 0.0087685 -0.0306567 0.0027433 0.0520132
internal_weight=1258.67 788.399 748.795 702.982 45.8134 470.266 93.7535 44.3846 376.513 82.553 293.96 39.6035 8.59231 49.3688
internal_count=14145 7073 4714 4390 324 7072 1610 701 5462 1009 4453 2359 189 909
cat_boundaries=0 1 2 3
cat_threshold=13 34 1
is_linear=0
shrinkage=0.05


Tree=93
num_leaves=12
num_cat=2
split_feature=0 39 44 39 35 34 5 38 1 5 38
split_gain=21.7561 17.8795 45.6469 31.8438 53.8286 30.9247 30.172 4.64468 3.56167 5.44263 1.14447
threshold=0 23.550000000000004 39.800000000000004 20.250000000000004 87.232143000000022 21.700000000000006 -0.98212955754013376 12.614880500000002 1 0.011826144619637501 9.8008930000000003
decision_type=1 2 2 2 2 2 2 2 1 2 2
left_child=7 3 10 4 -2 -5 -4 -1 9 -9 -3
right_child=1 2 6 5 -6 -7 -8 8 -10 -11 -12
leaf_value=-0.049149344138611668 0.0043671106047494012 -0.039438583597023763 -0.055328056073976721 -0.022093379729168423 -0.038319561447115159 0.021927615406437388 0.0015738893033502681 -0.0357765007370658 -0.042789874554467783 0.056324524894232342 -0.093580434042666527
leaf_weight=30.180597287137061 466.05096425116062 3.3384850062429932 24.765167014673352 44.651359238661826 86.729089983738959 324.53221045527607 242.643983499147 1.8456819709390391 2.623596727848053 2.9071619603782892 13.830418825149534
leaf_count=2222 4685 29 183 461 718 3260 2260 37 58 16 115
internal_value=0.000511741 0.00181223 -0.00910787 0.00520874 -0.00238737 0.0165581 -0.00388239 -0.0323187 -0.00439241 0.0205569 -0.0858027
internal_weight=1244.1 1206.54 284.578 921.964 552.78 369.184 267.409 37.557 7.37644 4.75284 17.1689
internal_count=14044 11711 2587 9124 5403 3721 2443 2333 111 53 144
cat_boundaries=0 1 2
cat_threshold=16 1
is_linear=0
shrinkage=0.05


Tree=94
num_leaves=13
num_cat=2
split_feature=0 40 44 43 35 4 25 39 13 1 20 5
split_gain=23.3049 17.739 18.1654 19.0061 15.5417 18.742 25.8649 12.357 10.1212 5.36327 2.69833 0.176331
threshold=0 130.55000000000004 52.000000000000007 27.750000000000004 81.88392850000001 0.039769539193789956 7.8250000000000011 22.350000000000005 4.8708330000000011 1 31.750000000000004 -0.99983123799342488
decision_type=1 2 2 2 2 2 2 2 2 1 2 2
left_child=4 2 3 -2 11 8 -7 -3 -6 -9 -4 -1
right_child=1 7 10 -5 5 6 -8 9 -10 -11 -12 -13
leaf_value=0.01092705922897045 -0.0040928073468372156 -0.075582062008618361 -0.056224200152914641 0.015417207640892126 -0.032558191979738568 0.025890148825065712 -0.044444866966816904 0.034852394304724664 0.039029328897468824 -0.034555452109258901 -0.0063497962881902742 0.049558307194009943
leaf_weight=0.95439308881759544 916.080990370363 13.210130159743132 16.646144593134526 143.50576454121619 4.7931770849972954 23.630175909027457 26.975693680346012 4.4075974579900485 43.515428910031915 4.7357759885489941 3.5293395062908521 31.981414272915572
leaf_count=4 7758 104 106 1256 113 405 241 41 1750 42 22 2169
internal_value=-0.000835062 -0.00326132 -0.00235617 -0.00143841 0.0181935 0.00943902 -0.011737 -0.046407 0.0314102 -0.000959702 -0.0482114 0.0487939
internal_weight=1233.97 1102.12 1079.76 1059.59 131.85 98.9145 50.6059 22.3535 48.3086 9.14337 20.1755 32.9358
internal_count=14011 9329 9142 9014 4682 2509 646 187 1863 83 128 2173
cat_boundaries=0 1 2
cat_threshold=9 1
is_linear=0
shrinkage=0.05


Tree=95
num_leaves=14
num_cat=1
split_feature=0 34 34 40 36 34 32 37 32 44 35 31 17
split_gain=19.9368 21.5559 22.6232 33.6632 22.0757 11.6139 14.3935 20.8628 10.5977 6.46852 13.3935 3.00898 0.699727
threshold=0 25.250000000000004 24.550000000000004 62.500000000000007 96.500000000000014 21.050000000000004 26.489881000000004 67.500000000000014 28.923512000000006 34.400000000000013 81.154761500000021 20.700000000000003 39.050000000000004
decision_type=1 2 2 2 2 2 2 2 2 2 2 2 2
left_child=5 2 4 -4 -2 11 7 -7 -8 10 -3 -1 -13
right_child=1 9 3 -5 -6 6 8 -9 -10 -11 -12 12 -14
leaf_value=0.014092241325396396 -0.0075547748093461285 -0.075509117340374327 -0.027289944758841861 0.023136695309478917 0.01249804510818836 0.028334133379067664 -0.017781787417091004 -0.043795023639978205 0.0042879820369567268 0.053734159892846522 0.048175320583932355 -0.052611937159209844 -0.0046832106386028305
leaf_weight=1.5615029316395546 191.87559653352946 2.5611548833549014 122.2840728238225 44.380497461184859 476.22409767005593 49.840961467474699 214.75244299322367 11.547452134080229 72.279564081691206 26.678312447853386 4.6798054836690426 18.248636049218479 1.0073315203189839
leaf_count=13 1923 22 830 326 5584 490 2985 137 667 634 67 375 23
internal_value=5.45135e-05 0.00418875 0.00262368 -0.0138041 0.00673627 -0.00951309 -0.00753025 0.0142818 -0.0122287 0.0427271 0.000573572 -0.0451937 -0.0504596
internal_weight=1237.92 868.684 834.764 166.665 668.1 369.238 348.42 61.3884 287.032 33.9193 7.24096 20.8175 19.256
internal_count=14076 9386 8663 1156 7507 4690 4279 627 3652 723 89 411 398
cat_boundaries=0 1
cat_threshold=48
is_linear=0
shrinkage=0.05


Tree=96
num_leaves=12
num_cat=2
split_feature=0 39 39 40 39 34 35 4 38 1 2
split_gain=16.0674 16.4132 38.5576 56.9166 33.1255 42.7381 32.1881 22.1094 7.49486 4.44858 6.24954
threshold=0 23.550000000000004 25.250000000000004 75.050000000000011 20.650000000000002 21.700000000000006 87.306547500000008 -0.94139628442229051 12.327381000000003 1 3.5000000000000004
decision_type=1 2 2 2 2 2 2 2 2 1 2
left_child=8 4 3 -3 6 -6 -2 -4 -1 10 -10
right_child=1 2 7 -5 5 -7 -8 -9 9 -11 -12
leaf_value=-0.048947876021332548 0.0017767299295029832 -0.040221097181058277 -0.040967543635029809 0.038381848300428643 -0.033974839739811059 0.023820029314054119 -0.030998658183317953 0.018801478900252591 0.061185499823985467 -0.041355470976256872 -0.035024594805682423
leaf_weight=27.997549212537706 516.76180077483878 129.39031425910071 17.021893655881286 27.136778467334807 35.311957779340446 273.87567809363827 86.592385995201766 109.94175920914859 3.7066743560135356 2.447618318721652 1.8272283747792242
leaf_count=2226 5231 1099 135 268 350 2833 737 1058 27 63 42
internal_value=-0.000544522 0.000581249 -0.00990171 -0.0264367 0.00385153 0.0171311 -0.00297065 0.0105308 -0.0292255 0.00516392 0.0289196
internal_weight=1232.01 1196.03 283.491 156.527 912.542 309.188 603.354 126.964 35.9791 7.98152 5.5339
internal_count=14069 11711 2560 1367 9151 3183 5968 1193 2358 132 69
cat_boundaries=0 1 2
cat_threshold=16 1
is_linear=0
shrinkage=0.05


Tree=97
num_leaves=13
num_cat=1
split_feature=0 37 42 37 34 35 37 38 22 35 5 5
split_gain=20.6489 17.2279 20.638 50.1488 44.4787 17.0465 16.5272 22.8216 2.68502 2.02813 0.387254 0.0771472
threshold=0 25.500000000000004 3.5000000000000004 32.500000000000007 21.050000000000004 82.568452500000021 64.500000000000014 8.7226190000000017 62.930555500000004 88.574405000000013 -0.23537842981696172 -0.16799793862756093
decision_type=1 2 2 2 2 2 2 2 2 2 2 2
left_child=5 8 4 -4 -3 -1 7 -7 11 -8 -10 -2
right_child=1 2 3 -5 -6 6 9 -9 10 -11 -12 -13
leaf_value=0.049174217365733949 -0.026229724559032726 -0.021495323306733528 -0.050180698462127304 -0.0018900575679422868 0.028835447617088911 0.017912296940434707 0.048628441099588672 -0.04025408686575635 -5.1223369095046011e-05 0.0065418064296426763 -0.025142167913677883 -0.064574208200985167
leaf_weight=33.829444901552051 2.1122786849737194 63.757182428613305 56.498448830563575 828.87304408242926 135.87777366209775 42.963197289966047 20.549404359422628 26.371928851120174 2.2314222324639559 3.6934222094714633 3.9765934394672504 10.949412735179065
leaf_count=2280 23 549 446 7100 1139 1257 732 310 29 89 37 85
internal_value=-0.000324846 -0.00258 -0.00174848 -0.00502478 0.0127343 0.0178963 0.00808082 -0.00446932 -0.0482763 0.0427297 -0.0173817 -0.0606796
internal_weight=1231.68 1104.28 1085.01 885.371 199.635 127.407 93.578 69.3351 19.2697 24.2428 6.20802 13.0617
internal_count=14076 9408 9234 7546 1688 4668 2388 1567 174 821 66 108
cat_boundaries=0 1
cat_threshold=9
is_linear=0
shrinkage=0.05


Tree=98
num_leaves=12
num_cat=2
split_feature=0 26 34 31 40 31 39 33 23 1 2
split_gain=16.637 17.0713 36.4109 24.3193 23.8572 17.6841 10.8479 5.76058 4.44116 4.43354 5.0595
threshold=0 15.450000000000001 23.250000000000004 29.350000000000005 26.450000000000003 27.550000000000001 17.850000000000005 37.100000000000009 85.500000000000014 1 3.5000000000000004
decision_type=1 2 2 2 2 2 2 2 2 1 2
left_child=7 2 6 8 -5 -4 -2 -1 -3 10 -9
right_child=1 3 5 4 -6 -7 -8 9 -10 -11 -12
leaf_value=-0.048829714254465396 0.025538569312922421 -0.018241831504155419 -0.040581683048034306 -0.0072823080961100586 0.0093624850092492926 -0.0073011781657579813 -0.0078123615623981908 0.055533486045125049 0.039078749001330723 -0.043171604494612235 -0.033555880116097891
leaf_weight=26.624734700191766 64.01564456615597 3.0396753754466763 84.324035100638866 376.94097589701414 499.29155737487599 75.999707088805735 38.403913807123899 3.4663513582199803 53.58595941029489 2.7374854069203138 1.6584033416584132
leaf_count=2221 762 33 628 3860 4796 668 411 23 613 70 49
internal_value=-2.63972e-05 0.0010931 -0.0101319 0.00427383 0.00220203 -0.0249485 0.0130785 -0.0297104 0.0357386 -0.000285057 0.025932
internal_weight=1230.09 1195.6 262.743 932.858 876.233 160.324 102.42 34.487 56.6256 7.86224 5.12475
internal_count=14134 11771 2469 9302 8656 1296 1173 2363 646 142 72
cat_boundaries=0 1 2
cat_threshold=16 1
is_linear=0
shrinkage=0.05


Tree=99
num_leaves=15
num_cat=2
split_feature=38 4 5 39 5 40 8 37 39 33 0 37 0 40
split_gain=16.1424 53.8812 40.3657 29.6269 78.484 49.878 52.2415 21.5933 14.6562 14.2682 13.3185 12.1019 11.7722 6.04361
threshold=6.8250000000000011 -0.55657520495441892 0.11478523713130602 18.950000000000003 -0.36648370705903521 63.650000000000013 33.250000000000007 61.500000000000007 14.950000000000001 31.250000000000004 0 63.500000000000007 1 84.350000000000009
decision_type=2 2 2 2 2 2 2 2 2 2 1 2 1 2
left_child=1 2 7 4 12 6 -5 -1 -3 -4 -7 -6 -2 -10
right_child=3 8 9 5 11 10 -8 -9 13 -11 -12 -13 -14 -15
leaf_value=-0.11759292547299925 0.00020645553633689458 -0.002277080811313554 -0.023179162672645533 -0.02421142944915107 0.015367172939785593 0.030427619380119161 0.0079602150083024972 -0.031159176860424648 0.044289107268550149 0.025111619990827019 0.0045429087555229905 -0.035460436011558814 -0.055094454028394357 0.01055453832173657
leaf_weight=8.1708260467275959 20.519220543093979 25.1740557635203 20.875466764904559 230.45732738403603 103.69623639015481 136.39457961777225 276.64745570113882 40.883013224694878 99.410805470775813 50.411796301603317 97.788465361576527 12.232237830758093 85.218954554758966 16.152689493261278
leaf_count=79 321 343 234 2374 1285 1371 3354 405 1275 673 1389 118 648 208
internal_value=0.000326033 0.0113289 -0.0131817 -0.00266574 -0.01866 0.0021357 -0.00667929 -0.047618 0.0322324 0.0108453 0.0211711 0.00974668 -0.0496038 0.0397049
internal_weight=1224.03 261.079 120.341 962.954 221.667 741.288 507.105 49.0538 140.738 71.2873 234.183 115.928 105.738 115.563
internal_count=14077 3217 1391 10860 2372 8488 5728 484 1826 907 2760 1403 969 1483
cat_boundaries=0 1 2
cat_threshold=14 9
is_linear=0
shrinkage=0.05


Tree=100
num_leaves=15
num_cat=1
split_feature=22 26 5 43 8 31 30 38 32 1 5 4 44 13
split_gain=17.1726 16.2611 27.6743 26.7006 22.1678 17.5026 14.2405 8.21387 7.20027 5.19774 16.0654 13.2343 4.62655 2.72446
threshold=88.805555500000011 14.65 0.13185577213185917 18.450000000000003 33.350000000000001 27.550000000000001 21.950000000000003 7.547619000000001 26.889285500000003 0 0.48877522411129343 -0.84315017450793706 38.70000000000001 8.5229165000000027
decision_type=2 2 2 2 2 2 2 2 2 1 2 2 2 2
left_child=1 2 5 4 -3 -1 -5 9 13 11 -11 -2 -4 -9
right_child=7 3 12 6 -6 -7 -8 8 -10 10 -12 -13 -14 -15
leaf_value=-0.045397311948209895 0.0282136748657002 -0.0099272754211002304 0.01305636708792652 0.02464883042890163 0.0082742651601760871 -0.0036297519921871719 0.0025736019622547065 0.049296867110656187 -0.041292369909920815 -0.10153393275088481 0.013180703973460193 -0.065701527482320818 -0.023583050471788932 0.0018222345102546942
leaf_weight=64.403398070018739 6.2711902321316302 380.95617401693016 75.081924517638981 182.4675416033715 296.6679723681882 40.986824678722769 121.81939978012815 3.0569466128945377 8.3795737633481604 9.3279925258830172 4.0339989000931391 6.9789317296817899 8.7918137870728952 12.1719175837934
leaf_count=536 62 4240 1009 2239 3609 392 1472 33 67 89 49 75 99 151
internal_value=-0.000257067 0.000981458 -0.0123991 0.00357057 -0.00195808 -0.0293405 0.0158485 -0.0285955 -0.00663625 -0.0471304 -0.0683951 -0.0223915 0.00898314 0.0138024
internal_weight=1221.4 1171.18 189.264 981.911 677.624 105.39 304.287 50.2206 23.6084 26.6121 13.362 13.2501 83.8737 15.2289
internal_count=14122 13596 2036 11560 7849 928 3711 526 251 275 138 137 1108 184
cat_boundaries=0 1
cat_threshold=1
is_linear=0
shrinkage=0.05


Tree=101
num_leaves=14
num_cat=2
split_feature=0 34 34 23 33 1 38 43 19 32 35 44 31
split_gain=19.9344 20.2204 19.932 29.0628 23.4281 10.1237 23.68 18.2351 11.6085 14.4543 10.7823 6.03299 11.6128
threshold=0 25.250000000000004 24.550000000000004 96.500000000000014 31.250000000000004 1 10.626488500000002 14.450000000000001 30.801389000000004 28.962202500000004 87.187500000000014 34.400000000000013 31.500000000000004
decision_type=1 2 2 2 2 1 2 2 2 2 2 2 2
left_child=5 2 4 -4 -2 6 7 -1 9 -7 -8 12 -3
right_child=1 11 3 -5 -6 8 10 -9 -10 -11 -12 -13 -14
leaf_value=-0.052665351305801578 -0.019500033735796438 0.047710769574817485 0.0078763376699001915 -0.034755292146345783 0.009819683436523341 -0.0056566453931478 0.0013866488235220566 -0.013860825921585572 -0.061621274919651671 0.03214219376119045 0.066547615074136562 0.053308907787832906 -0.066710800071191928
leaf_weight=50.91238457756117 76.231086190789938 4.4653805866837493 79.923226226121187 78.388810439966619 580.79395706718788 161.93278149422258 37.231551320757717 75.104065160732716 6.9046446466818443 28.939189086668193 6.6648464081808916 25.288954850286245 2.7318865396082401
leaf_count=906 901 66 634 483 6619 2025 426 962 62 258 67 637 24
internal_value=-0.000142816 0.00407355 0.00255436 -0.0133185 0.00639341 -0.00969711 -0.0188737 -0.0298296 -0.00224592 0.000211903 0.012542 0.0422035 0.00143955
internal_weight=1215.51 847.823 815.337 158.312 657.025 367.689 169.913 126.016 197.777 190.872 43.8964 32.4862 7.19727
internal_count=14070 9364 8637 1117 7520 4706 2361 1868 2345 2283 493 727 90
cat_boundaries=0 1 2
cat_threshold=48 1
is_linear=0
shrinkage=0.05


Tree=102
num_leaves=15
num_cat=0
split_feature=29 37 34 39 5 40 36 4 37 19 39 38 32 14
split_gain=14.0092 36.5849 28.0512 23.1593 37.6488 32.6094 23.0403 15.3523 17.3171 14.9823 14.3132 6.69759 3.44819 2.74555
threshold=1.5000000000000002 32.500000000000007 20.850000000000005 19.050000000000004 -0.36648370705903521 50.350000000000009 96.500000000000014 0.99374995976406788 25.500000000000004 27.486805500000006 24.950000000000003 11.363690500000002 27.162797500000003 12.65
decision_type=2 2 2 2 2 2 2 2 2 2 2 2 2 2
left_child=2 9 6 4 -3 -5 12 8 -4 -2 -11 -9 -1 -8
right_child=1 3 7 5 -6 -7 13 11 -10 10 -12 -13 -14 -15
leaf_value=-0.054458282530863378 0.020938158827957867 -0.026300423056783692 -0.037402783226098489 -0.0083233353643974422 0.0053227431788458457 0.016446306563355158 0.0022864382829047214 -0.057017204353009027 0.03034966874345045 -0.064505516834370349 -0.010606781274398212 0.006995624911019193 0.0060908110775043482 0.035746060550118669
leaf_weight=26.605690844822679 8.6789476322010142 176.94468226702884 9.2549814372323436 221.43644091766328 199.21166215837002 329.43319303076714 16.878553623799238 7.2791352588683349 144.08218179177493 38.661821973044425 18.520501554012299 7.6853049024939537 2.3627601042389861 8.7644780632108432
leaf_count=302 100 1794 132 2483 2459 3850 249 74 1742 425 233 89 30 130
internal_value=-6.47344e-05 -0.0026101 0.0112337 -3.37843e-05 -0.00958315 0.00649246 -0.0196534 0.0213131 0.0260445 -0.0383301 -0.0475309 -0.0257631 -0.0494813 0.014635
internal_weight=1215.8 992.887 222.913 927.026 376.156 550.87 54.6115 168.302 153.337 65.8613 57.1823 14.9644 28.9685 25.643
internal_count=14092 11344 2748 10586 4253 6333 711 2037 1874 758 658 163 332 379
is_linear=0
shrinkage=0.05


Tree=103
num_leaves=14
num_cat=1
split_feature=0 34 31 37 38 35 30 7 37 26 4 7 4
split_gain=17.9159 16.2503 15.3638 14.3385 17.9812 11.9714 13.7414 11.5447 3.06891 1.85964 1.3528 0.925522 0.629125
threshold=0 23.850000000000005 50.20000000000001 25.500000000000004 11.053273500000001 82.568452500000021 13.550000000000002 26.818750000000005 24.500000000000004 10.500000000000002 -0.99630266176052629 27.427083500000006 -0.031173458710879145
decision_type=1 2 2 2 2 2 2 2 2 2 2 2 2
left_child=1 9 3 8 -5 12 -7 -4 -2 -1 -11 -9 -3
right_child=2 5 7 4 -6 6 -8 11 -10 10 -12 -13 -14
leaf_value=-0.025344232098584326 -0.024705020319544163 0.0023201714451377975 0.020633894149588605 -0.0031732477949603468 0.01520286798695317 -0.022440858701951678 0.02083645849627918 -0.0857754671601791 -0.06880181537268093 0.0073452712294081362 0.049659259100401143 -0.041444201320775524 0.046144525705074185
leaf_weight=0.31901735998690028 11.871675472706558 0.97639414668083446 4.1045737806707647 896.98884839238599 155.29228133289143 38.331347317434847 33.380975259467959 7.0346335051581246 6.8377476688474408 2.3970070015639058 34.393507753498852 5.4114974178373814 15.506042312830685
leaf_count=13 122 15 30 7776 1309 431 846 49 50 74 2499 36 841
internal_value=0.000139122 0.0172345 -0.00198469 -0.00124133 -0.0004495 0.00672683 -0.00228643 -0.0484064 -0.0434942 0.0458976 0.0471697 -0.0710163 0.0438296
internal_weight=1212.85 125.304 1087.54 1070.99 1052.28 88.1948 71.7123 16.5507 18.7094 37.1095 36.7905 12.4461 16.4824
internal_count=14091 4719 9372 9257 9085 2133 1277 115 172 2586 2573 85 856
cat_boundaries=0 1
cat_threshold=9
is_linear=0
shrinkage=0.05


Tree=104
num_leaves=15
num_cat=2
split_feature=0 38 35 1 26 4 32 39 22 4 8 33 38 12
split_gain=17.9456 14.7481 18.1468 18.0057 12.6661 12.6495 19.0937 18.1293 11.8512 13.0779 33.2026 16.8446 3.37098 3.09425
threshold=0 6.8250000000000011 86.866071500000018 1 10.500000000000002 0.69676570133721638 26.350297500000003 22.850000000000005 88.805555500000011 -0.091260668982868137 33.150000000000013 32.350000000000001 8.4806550000000005 77.500000000000014
decision_type=1 2 2 1 2 2 2 2 2 2 2 2 2 2
left_child=1 2 4 -4 -1 6 -3 -7 9 11 -11 -2 -10 -14
right_child=8 5 3 -5 -6 7 -8 -9 12 10 -12 -13 13 -15
leaf_value=-0.066528997945805232 -0.00059391176086968347 0.036400240826740544 0.031555495663010594 -0.046020297328313357 0.046079198861911391 0.036838652925040384 -0.0074259891224350734 -0.0039428957751317575 -0.046300970649944796 -0.023044833946907442 0.0047116314440212087 0.030364229245218984 -0.027790492735485384 0.026301404659381713
leaf_weight=1.7542491275817145 249.30081683630124 27.021349891554564 14.304154817014933 13.657622283324599 58.57729410380125 57.755034222267568 218.98227015603334 50.497849664185196 19.853168915025893 207.42619706876576 222.45622532907873 52.330873139202595 6.530239481944589 3.1403009993955493
leaf_count=27 2189 585 183 179 1230 1145 2858 829 187 1994 2032 505 57 27
internal_value=0.000309415 0.00819805 0.0265464 -0.00661624 0.0417736 0.00379389 -0.00248418 0.0179529 -0.00433334 -0.00311203 -0.00870378 0.00485968 -0.0349202 -0.00940658
internal_weight=1203.59 442.55 88.2933 27.9618 60.3315 354.257 246.004 108.253 761.038 731.514 429.882 301.632 29.5237 9.67054
internal_count=14027 7036 1619 362 1257 5417 3443 1974 6991 6720 4026 2694 271 84
cat_boundaries=0 1 2
cat_threshold=13 1
is_linear=0
shrinkage=0.05


Tree=105
num_leaves=12
num_cat=2
split_feature=0 39 44 5 39 35 5 38 1 2 4
split_gain=17.5934 15.6408 38.135 27.8692 22.995 37.7193 25.7341 4.06965 3.63572 4.5564 1.55955
threshold=0 23.550000000000004 39.800000000000004 -0.98212955754013376 20.250000000000004 87.285714500000026 0.063390085881955258 12.614880500000002 1 3.5000000000000004 0.94425825643485939
decision_type=1 2 2 2 2 2 2 2 1 2 2
left_child=7 4 10 -4 5 -2 -6 -1 9 -9 -3
right_child=1 2 3 -5 6 -7 -8 8 -10 -11 -12
leaf_value=-0.04880003952947274 0.0036264342816606128 -0.02390177154190664 -0.055116322156444124 0.001056855933431741 0.025266946568347045 -0.033481539508219076 -0.0021416535558896679 0.052073627023085024 -0.043919507150515708 -0.033907568693429153 -0.085082793031114434
leaf_weight=25.870788746979088 457.20373499952257 2.1460937894880798 23.290127974003553 242.33773571811616 215.5913655939512 79.517812310718 141.40495750494301 2.918512111529707 2.65659020235762 1.6704838573932645 14.926192560233174
leaf_count=2256 4753 19 177 2269 2274 665 1447 15 58 40 126
internal_value=0.000217395 0.00136561 -0.0088539 -0.00405663 0.00461979 -0.00192333 0.0144348 -0.0307911 -0.00571143 0.020308 -0.0791401
internal_weight=1209.53 1176.42 282.7 265.628 893.718 536.722 356.996 33.1164 7.24559 4.589 17.0723
internal_count=14099 11730 2591 2446 9139 5418 3721 2369 113 55 145
cat_boundaries=0 1 2
cat_threshold=16 1
is_linear=0
shrinkage=0.05


Tree=106
num_leaves=12
num_cat=2
split_feature=0 34 34 34 36 5 1 38 38 44 31
split_gain=19.7676 19.8901 22.158 26.939 19.6855 10.3382 8.7648 23.6094 14.4201 4.15753 9.21738
threshold=0 25.250000000000004 24.550000000000004 24.950000000000003 96.500000000000014 0.98332250088165762 1 10.626488500000002 7.4752975000000008 34.400000000000013 31.500000000000004
decision_type=1 2 2 2 2 2 1 2 2 2 2
left_child=5 2 4 -4 -2 6 7 -1 -8 10 -3
right_child=1 9 3 -5 -6 -7 8 -9 -10 -11 -12
leaf_value=-0.027590006156186044 -0.0057636990996520615 0.046548712687915154 -0.029079395241990675 0.012916412062935635 0.01334191425753975 -0.052848904384879249 0.018372831787459781 0.01545507123674356 -0.010426672555647248 0.05298756979220625 -0.063027468954045804
leaf_weight=116.76266701659188 191.10177876241505 4.1253227489069131 98.894819459877908 61.0694918660447 452.98792798537761 12.043284276034681 66.889252023771405 42.925324229989201 119.81246525095776 24.376442179083824 2.0752116721123457
leaf_count=1758 1928 64 648 491 5537 210 763 472 1466 644 19
internal_value=0.00080749 0.00500937 0.00353602 -0.013066 0.00767312 -0.00885649 -0.00743418 -0.015995 -6.58183e-05 0.0440001 0.00621542
internal_weight=1193.06 834.631 804.054 159.964 644.09 358.433 346.39 159.688 186.702 30.577 6.20053
internal_count=14000 9331 8604 1139 7465 4669 4459 2230 2229 727 83
cat_boundaries=0 1 2
cat_threshold=48 1
is_linear=0
shrinkage=0.05


Tree=107
num_leaves=13
num_cat=2
split_feature=0 33 33 39 20 5 1 34 25 30 35 43
split_gain=16.9926 20.0946 21.012 31.1741 25.2676 9.4555 8.31266 22.871 16.9984 6.56983 5.2543 4.16435
threshold=0 36.850000000000001 35.750000000000007 23.550000000000004 33.550000000000004 0.84199059757024453 1 22.450000000000003 11.313888500000003 7.0500000000000007 82.136905000000013 0.75000000000000011
decision_type=1 2 2 2 2 2 1 2 2 2 2 2
left_child=5 2 4 -4 -2 6 8 -8 -1 11 -11 -7
right_child=1 -3 3 -5 -6 9 7 -9 -10 10 -12 -13
leaf_value=-0.024583445245495914 0.00018413207832993465 0.051267864074992835 0.011186959483399268 -0.050598467804195357 0.02310854084412077 -0.017083831820814951 0.060229738437171734 -0.0045463938853842695 0.014919057079440499 -0.038178111123913998 0.046121034452407228 -0.050877718517458329
leaf_weight=111.42670034850016 575.85600373381749 20.492956014350057 37.767360741272569 42.680077120661736 150.91540300054476 16.777687271125615 13.964023301843552 151.53713033068925 35.190815002657473 2.0273700272664419 3.9664854360744357 23.627473261673003
leaf_count=1617 6275 660 433 374 1563 268 168 1784 370 40 41 414
internal_value=-0.000435581 0.003508 0.00227699 -0.0218111 0.00496964 -0.00936177 -0.00643883 0.00124795 -0.0150653 -0.0304483 0.0162257 -0.0375968
internal_weight=1186.23 827.712 807.219 80.4474 726.771 358.518 312.119 165.501 146.618 46.399 5.99386 40.4052
internal_count=14007 9305 8645 807 7838 4702 3939 1952 1987 763 81 682
cat_boundaries=0 1 2
cat_threshold=48 1
is_linear=0
shrinkage=0.05


end of trees

feature_importances:
age_group=231
day_of_year_sin=160
day_of_year_cos=108
temperature_min_7d=99
wind_speed_max_7d=88
temperature_max_7d=80
wind_speed_mean_7d=77
gender=56
rain_max_daily_7d=50
wind_gust_max_7d=50
humidity_min_7d=49
temperature_mean_7d=48
precipitation_sum_7d=38
month=31
wind_speed_max_3d=26
humidity_mean_7d=26
weather_code_current=23
wind_speed_mean_3d=20
humidity_max_7d=18
rain_days_7d=16
temperature_max_3d=15
temperature_max_current=14
humidity_mean_3d=13
wind_gust_max_3d=11
temperature_mean_3d=9
humidity_max_3d=8
humidity_min_3d=8
wind_speed_max_current=7
temperature_mean_current=5
humidity_mean_current=5
rain_max_daily_3d=5
wind_speed_mean_current=4
rain_days_3d=3
precipitation_sum_current=2
temperature_min_current=1
humidity_min_current=1
wind_gust_max_current=1
temperature_min_3d=1
rain_sum_7d=1

parameters:
[boosting: gbdt]
[objective: binary]
[metric: binary_logloss]
[tree_learner: serial]
[device_type: cpu]
[data_sample_strategy: bagging]
[data: ]
[valid: ]
[num_iterations: 108]
[learning_rate: 0.05]
[num_leaves: 15]
[num_threads: 8]
[seed: 42]
[deterministic: 0]
[force_col_wise: 0]
[force_row_wise: 0]
[histogram_pool_size: -1]
[max_depth: 4]
[min_data_in_leaf: 20]
[min_sum_hessian_in_leaf: 0.001]
[bagging_fraction: 0.9]
[pos_bagging_fraction: 1]
[neg_bagging_fraction: 1]
[bagging_freq: 1]
[bagging_seed: 400]
[bagging_by_query: 0]
[feature_fraction: 0.9]
[feature_fraction_bynode: 1]
[feature_fraction_seed: 30056]
[extra_trees: 0]
[extra_seed: 12879]
[early_stopping_round: 0]
[early_stopping_min_delta: 0]
[first_metric_only: 0]
[max_delta_step: 0]
[lambda_l1: 0]
[lambda_l2: 1]
[linear_lambda: 0]
[min_gain_to_split: 0]
[drop_rate: 0.1]
[max_drop: 50]
[skip_drop: 0.5]
[xgboost_dart_mode: 0]
[uniform_drop: 0]
[drop_seed: 17869]
[top_rate: 0.2]
[other_rate: 0.1]
[min_data_per_group: 100]
[max_cat_threshold: 32]
[cat_l2: 10]
[cat_smooth: 10]
[max_cat_to_onehot: 4]
[top_k: 20]
[monotone_constraints: ]
[monotone_constraints_method: basic]
[monotone_penalty: 0]
[feature_contri: ]
[forcedsplits_filename: ]
[refit_decay_rate: 0.9]
[cegb_tradeoff: 1]
[cegb_penalty_split: 0]
[cegb_penalty_feature_lazy: ]
[cegb_penalty_feature_coupled: ]
[path_smooth: 0]
[interaction_constraints: ]
[verbosity: -1]
[saved_feature_importance_type: 0]
[use_quantized_grad: 0]
[num_grad_quant_bins: 4]
[quant_train_renew_leaf: 0]
[stochastic_rounding: 1]
[linear_tree: 0]
[max_bin: 255]
[max_bin_by_feature: ]
[min_data_in_bin: 3]
[bin_construct_sample_cnt: 200000]
[data_random_seed: 175]
[is_enable_sparse: 1]
[enable_bundle: 1]
[use_missing: 1]
[zero_as_missing: 0]
[feature_pre_filter: 1]
[pre_partition: 0]
[two_round: 0]
[header: 0]
[label_column: ]
[weight_column: ]
[group_column: ]
[ignore_column: ]
[categorical_feature: 0,1,3]
[forcedbins_filename: ]
[precise_float_parser: 0]
[parser_config_file: ]
[objective_seed: 16083]
[num_class: 1]
[is_unbalance: 0]
[scale_pos_weight: 1]
[sigmoid: 1]
[boost_from_average: 1]
[reg_sqrt: 0]
[alpha: 0.9]
[fair_c: 1]
[poisson_max_delta_step: 0.7]
[tweedie_variance_power: 1.5]
[lambdarank_truncation_level: 30]
[lambdarank_norm: 1]
[label_gain: ]
[lambdarank_position_bias_regularization: 0]
[eval_at: ]
[multi_error_top_k: 1]
[auc_mu_weights: ]
[num_machines: 1]
[local_listen_port: 12400]
[time_out: 120]
[machine_list_filename: ]
[machines: ]
[gpu_platform_id: -1]
[gpu_device_id: -1]
[gpu_device_id_list: ]
[gpu_use_dp: 0]
[num_gpu: 1]

end of parameters

pandas_categorical:[]
