tree
version=v4
num_class=1
num_tree_per_iteration=1
label_index=0
max_feature_idx=44
objective=binary sigmoid:1
feature_names=age_group gender month season day_of_year_sin day_of_year_cos weather_code_current temperature_mean_current temperature_max_current temperature_min_current humidity_mean_current humidity_max_current humidity_min_current wind_speed_mean_current wind_speed_max_current precipitation_sum_current rain_sum_current wind_gust_max_current rain_day_current temperature_mean_3d temperature_max_3d temperature_min_3d humidity_mean_3d humidity_max_3d humidity_min_3d wind_speed_mean_3d wind_speed_max_3d precipitation_sum_3d rain_sum_3d rain_days_3d rain_max_daily_3d wind_gust_max_3d temperature_mean_7d temperature_max_7d temperature_min_7d humidity_mean_7d humidity_max_7d humidity_min_7d wind_speed_mean_7d wind_speed_max_7d precipitation_sum_7d rain_sum_7d rain_days_7d rain_max_daily_7d wind_gust_max_7d
feature_infos=-1:0:1:2:3:4:5 -1:0:1 [1:12] -1:1:0 [-0.99999942202469239:0.99998555065071859] [-0.99997919295908244:0.9999907524084426] [0:61] [23.658332999999999:32.533332999999999] [25.899999999999999:39.200000000000003] [17.899999999999999:29.300000000000001] [48.958333000000003:91.625] [63:100] [23:86] [2.8541669999999999:19.695833] [6.4000000000000004:30.100000000000001] [0:63.100000000000001] [0:63.100000000000001] [14:56.899999999999999] [0:1] [23.766667000000002:32.427778000000004] [27.699999999999999:39.200000000000003] [17.899999999999999:28.100000000000001] [52.569443999999997:90.694444000000004] [73:100] [23:79] [4.125:17.329167000000002] [9.6999999999999993:30.100000000000001] [0:93.900000000000006] [0:93.900000000000006] [0:3] [0:63.100000000000001] [17.300000000000001:56.899999999999999] [24.365476000000001:32.235118999999997] [28.699999999999999:39.200000000000003] [17.899999999999999:27.5] [55.767856999999999:89.523809999999997] [77:100] [23:72] [4.5327380000000002:15.469643] [11.6:30.100000000000001] [0:163.90000000000001] [0:163.90000000000001] [0:7] [0:63.100000000000001] [23:56.899999999999999]
tree_sizes=1166 1202 1313 1308 1310 1312 1534 1305 1392 1386 1378 1402 1300 1290 1087 990 1401 1192 1188 1538 981 978 1072 979 1081 1407 979 1087 1303 988 1105 1102 1100 1221 1093 1119 999 1010 999 1222 914 1018 1115 1015 988 995 1102 1739 803 809 1093 1116 894 1325 1016 806 1002 1328 1088 809 792 787 1122 1119 1121 909 1737 1202 1116 904 1443 1639 802 910 1115 1016 1432 1738 794 1106 1209 1118 1103 1091 998 1116 1219 1543 1554 806 1305 1116 1104 1003 1746 1101 1014 1755 1317 1109 1746 1122 899 803 1123 813 1006 1005 1131 1111 1316 1208 1321 1442 1093 1319 1005 1325 1535 1106 1010 1739 1398 1310 1533 1750 1127 1210 1749 1318 1726 1097 1547 1739 1764 810 1113 1111 1124 1227 1220 1407 1233 1645 1429 1541 1639 1339 1077 1751 1764 1746 1738 1105 1739 1316 1763 1126 1541 1438 1745 1113 1111 1231 1106 1113 1415 1111 1112 1728 1547 1750 1750 1334 1641 1724 1766 1763 1322 1325 1650 1322 1108 1749 1638 1648 1120 1422 1752 1426 1734 1766 992 1426 1008

Tree=0
num_leaves=10
num_cat=2
split_feature=0 1 32 36 20 43 4 24 25
split_gain=662.164 1061.79 851.874 223.335 86.824 5.12091 14.244 1.05889 3.13916
threshold=0 1 27.103274000000003 95.500000000000014 32.650000000000013 37.550000000000004 0.51297097409535064 71.500000000000014 13.462500000000002
decision_type=1 1 2 2 2 2 2 2 2
left_child=1 -1 3 -3 -4 7 -7 -2 -9
right_child=5 2 4 -5 -6 6 -8 8 -10
leaf_value=-3.6710470661723047 -3.6712292521541272 -3.6545316015536469 -3.4303586352005491 -3.1153607596054882 -3.5948930035255238 -3.5170962850448135 -3.6635970351668745 -3.6628532307767263 -3.5944542589874722
leaf_weight=58.854160513728857 223.02629247307777 1.9550346676260257 11.425527278333901 23.079565102234483 23.688926557078958 1.269503030925988 5.1795723661780357 4.6717711538076392 1.5995738189667461
leaf_count=2318 8784 77 450 909 933 50 204 184 63
internal_value=-3.6192 -3.52795 -3.37425 -3.15715 -3.53757 -3.66739 -3.62474 -3.6706 -3.64422
internal_weight=354.75 119.003 60.1491 25.0346 35.1145 235.747 6.44908 229.298 6.27134
internal_count=13972 4687 2369 986 1383 9285 254 9031 247
cat_boundaries=0 1 2
cat_threshold=9 1
is_linear=0
shrinkage=1


Tree=1
num_leaves=10
num_cat=2
split_feature=0 1 20 34 23 40 13 4 25
split_gain=515.068 677.344 373.741 240.783 25.1121 3.62471 4.05615 1.01872 7.25065
threshold=0 1 32.650000000000013 23.950000000000003 98.500000000000014 140.65000000000003 10.010416500000002 -0.78326540922535159 8.7194445000000034
decision_type=1 1 2 2 2 2 2 2 2
left_child=1 -1 3 -3 -4 7 -7 8 -2
right_child=5 2 4 -5 -6 6 -8 -9 -10
leaf_value=-0.050385832960624537 -0.049652460038521001 0.33322108615654966 0.006355778969698047 0.089084582020553679 0.15048653784299926 -0.031389301939945422 0.069023210065486423 -0.050994819177801992 0.0025292352858399905
leaf_weight=56.826878495514393 30.621068323031068 32.999107206240296 24.13453554362059 15.687955047935246 2.4718333519995204 1.5783335659652942 0.67196479439735401 183.18142992816865 8.3132942877709848
leaf_count=2348 1264 845 923 467 86 65 24 7565 338
internal_value=-0.000894908 0.0739547 0.176923 0.257932 0.0247122 -0.0463293 0.0106059 -0.0490275 -0.0387263
internal_weight=356.486 132.12 75.2934 48.6871 26.6064 224.366 2.2503 222.116 38.9344
internal_count=13925 4669 2321 1312 1009 9256 89 9167 1602
cat_boundaries=0 1 2
cat_threshold=9 1
is_linear=0
shrinkage=0.05


Tree=2
num_leaves=11
num_cat=2
split_feature=0 1 20 34 34 43 43 24 37 15
split_gain=457.956 508.102 208.972 98.7316 28.1143 7.20955 17.2541 0.685594 3.42546 0.198965
threshold=0 1 32.650000000000013 24.050000000000004 24.550000000000004 37.550000000000004 38.900000000000006 72.500000000000014 67.500000000000014 31.750000000000004
decision_type=1 1 2 2 2 2 2 2 2 2
left_child=1 -1 3 -3 -4 7 -7 9 -9 -2
right_child=5 2 4 -5 -6 6 -8 8 -10 -11
leaf_value=-0.050280908087761846 -0.050232955590173378 0.22730189127026132 0.061686192328201633 0.069394962317963563 -0.041345630151889516 0.11752036380781226 -0.042421851025844254 -0.039707779293576495 0.049436888698008684 -0.019319816153526209
leaf_weight=54.120437398552895 204.58166880346835 47.721115581691265 18.898114204406742 13.842443019151686 9.0835982691496593 1.3752608522772778 4.8205522540956736 3.4409642145037647 0.50180284492671479 2.1725699398666611
leaf_count=2346 8857 933 699 380 343 48 207 145 20 93
internal_value=-0.000870478 0.0655828 0.142635 0.193474 0.0279668 -0.0458906 0.00447801 -0.0495537 -0.0206557 -0.0500027
internal_weight=360.559 143.666 89.5453 61.5636 27.9817 216.893 6.19581 210.697 3.94277 206.754
internal_count=14071 4701 2355 1313 1042 9370 255 9115 165 8950
cat_boundaries=0 1 2
cat_threshold=9 1
is_linear=0
shrinkage=0.05


Tree=3
num_leaves=11
num_cat=2
split_feature=0 1 33 44 33 43 4 24 37 15
split_gain=410.565 396.632 128.237 94.8585 25.0882 5.40588 11.2752 0.675566 3.05363 0.251913
threshold=0 1 33.45000000000001 52.000000000000007 35.350000000000001 37.550000000000004 0.51297097409535064 72.500000000000014 67.500000000000014 31.750000000000004
decision_type=1 1 2 2 2 2 2 2 2 2
left_child=1 -1 3 -3 -4 7 -7 9 -9 -2
right_child=5 2 4 -5 -6 6 -8 8 -10 -11
leaf_value=-0.050179952834781452 -0.050379990593825585 0.13796393169459309 -0.024383269883298218 0.45572975383274844 0.071032530827950136 0.085149448013488116 -0.041819879979310179 -0.0395542264159401 0.042939494653332834 -0.018158698378494719
leaf_weight=51.695909168571234 194.73110338486731 75.353632314130664 13.77923220023513 1.6597672663629044 12.071942508220671 1.5697838999330986 4.4721421990543604 3.3975386358797541 0.60488348454236973 2.0626923516392699
leaf_count=2351 8845 1408 488 35 442 49 200 149 23 90
internal_value=-0.000997607 0.0584081 0.118562 0.150566 0.0211599 -0.0460507 -0.00142413 -0.0496619 -0.0209955 -0.0501358
internal_weight=361.399 154.56 102.865 77.0134 25.8512 206.838 6.04193 200.796 4.00242 196.794
internal_count=14080 4724 2373 1443 930 9356 249 9107 172 8935
cat_boundaries=0 1 2
cat_threshold=9 1
is_linear=0
shrinkage=0.05


Tree=4
num_leaves=11
num_cat=2
split_feature=0 1 20 34 34 43 4 25 35 15
split_gain=373.232 326.525 112.557 45.7094 21.0114 5.17349 11.3076 0.688023 6.11811 0.185027
threshold=0 1 32.650000000000013 24.050000000000004 24.250000000000004 37.550000000000004 -0.83377653105606597 13.462500000000002 87.997024000000025 31.750000000000004
decision_type=1 1 2 2 2 2 2 2 2 2
left_child=1 -1 3 -3 -4 7 -7 9 -9 -2
right_child=5 2 4 -5 -6 6 -8 8 -10 -11
leaf_value=-0.050073748841942933 -0.049994970577023651 0.15082887054746155 0.049717219526537779 0.054329774245817287 -0.034425294474134137 0.084924287894333525 -0.041926890317274389 -0.044343294545672492 0.0603394035835918 -0.01945685833744349
leaf_weight=49.064668225124478 181.5985910538584 67.53355972096324 19.240796683356169 16.806175529956818 10.839706802740691 1.5721100382506845 4.5442808233201495 6.5540149379521599 0.80280957557260979 2.1892550624907008
leaf_count=2341 8651 957 646 379 401 45 208 309 32 97
internal_value=-9.73704e-05 0.0538502 0.103127 0.132462 0.0192639 -0.0452858 -0.00197008 -0.0490113 -0.0270664 -0.0497385
internal_weight=360.746 163.485 114.42 84.3397 30.0805 197.261 6.11639 191.145 7.35682 183.788
internal_count=14066 4724 2383 1336 1047 9342 253 9089 341 8748
cat_boundaries=0 1 2
cat_threshold=9 1
is_linear=0
shrinkage=0.05


Tree=5
num_leaves=11
num_cat=2
split_feature=0 1 20 44 23 43 4 25 4 15
split_gain=325.807 268.067 91.9211 49.0914 19.5631 7.49955 13.2769 0.794675 5.62743 0.219811
threshold=0 1 32.650000000000013 52.000000000000007 98.500000000000014 37.550000000000004 0.51297097409535064 13.462500000000002 -0.59869031648930193 31.750000000000004
decision_type=1 1 2 2 2 2 2 2 2 2
left_child=1 -1 3 -3 -4 7 -7 9 -9 -2
right_child=5 2 4 -5 -6 6 -8 8 -10 -11
leaf_value=-0.049980291931034614 -0.050176179893199405 0.10551525328238316 -0.0018940223647696958 0.30717570005535721 0.11354854857069052 0.095566952880555944 -0.041116646542676452 0.055270662316033871 -0.043882129115495466 -0.018774507046749135
leaf_weight=47.125689353793859 173.28582782670856 89.347619693726301 27.225950594991449 2.4628645777702323 3.2360337767750016 1.7242381907999504 4.1280337870121002 0.88827108964323986 6.1073371618986121 2.1237196717411271
leaf_count=2359 8660 1274 952 32 87 47 200 35 299 96
internal_value=-0.000955524 0.0477774 0.0894303 0.114176 0.0135889 -0.0449753 0.00722382 -0.0491325 -0.0259541 -0.0499046
internal_weight=357.656 169.398 122.272 91.8105 30.462 188.257 5.85227 182.405 6.99561 175.41
internal_count=14041 4704 2345 1306 1039 9337 247 9090 334 8756
cat_boundaries=0 1 2
cat_threshold=9 1
is_linear=0
shrinkage=0.05


Tree=6
num_leaves=13
num_cat=1
split_feature=1 32 37 37 44 38 40 43 4 24 25 15
split_gain=177.769 89.3485 29.2893 33.3496 27.2095 22.7256 12.4373 7.60775 12.0739 0.696582 1.72518 0.601186
threshold=0 27.174405000000004 68.500000000000014 41.500000000000007 50.20000000000001 5.720238000000001 86.40000000000002 37.550000000000004 0.51297097409535064 71.500000000000014 13.462500000000002 31.750000000000004
decision_type=1 2 2 2 2 2 2 2 2 2 2 2
left_child=7 2 3 -2 5 -3 -4 9 -9 11 -11 -1
right_child=1 4 6 -5 -6 -7 -8 8 -10 10 -12 -13
leaf_value=-0.049403224810447996 -0.011692709698929804 0.096543120769196869 0.072401351503822695 0.070686762410067383 0.12306684944895799 -0.020300717291217674 -0.04778262722885971 0.10883533503757817 -0.038115833523500078 -0.037153483286037972 0.02191548929146778 -0.008593745836853425
leaf_weight=125.58207108080387 13.646223697811363 3.3785055615007868 1.8002874217927445 102.38514323346317 2.7079509794712058 90.22603121586144 8.9915349837392551 1.1891038790345181 2.9540217127650976 2.6794053055346008 1.0678264647722242 1.3786283116787661
leaf_count=6590 446 109 45 2453 73 3679 249 37 151 137 48 66
internal_value=-0.00108286 0.0262748 0.0536838 0.0609811 -0.00999783 -0.0151075 -0.0232939 -0.0462113 0.017021 -0.0483296 -0.0192502 -0.0490307
internal_weight=357.987 223.136 126.823 116.031 96.3125 93.6045 10.7918 134.851 4.14313 130.708 3.74723 126.961
internal_count=14083 7054 3193 2899 3861 3788 294 7029 188 6841 185 6656
cat_boundaries=0 1
cat_threshold=1
is_linear=0
shrinkage=0.05


Tree=7
num_leaves=11
num_cat=2
split_feature=0 1 34 5 44 40 13 30 4 24
split_gain=293.459 207.31 62.9236 79.1956 33.9333 3.48779 2.46884 1.66625 1.53172 1.2687
threshold=0 1 23.950000000000003 -0.59867820553660911 52.750000000000007 140.65000000000003 10.010416500000002 37.550000000000004 0.62587949062545845 71.500000000000014
decision_type=1 1 2 2 2 2 2 2 2 2
left_child=1 -1 3 -3 -4 7 -7 9 -9 -2
right_child=5 2 4 -5 -6 6 -8 8 -10 -11
leaf_value=-0.049770365582014767 -0.049499096713429294 0.19960083232103079 0.0083280187530377185 0.076050685856464656 0.18537694595191817 -0.028274150029419184 0.048630651459597704 0.032743281330397271 -0.028907501162338929 -0.019428064802901632
leaf_weight=42.380428444594145 168.23039020039141 15.305552884936331 36.839292023330927 80.5492187961936 1.9316246435046185 1.242393555119633 1.0021852292120454 0.79196619614958708 1.3084135577082632 5.3434901479631653
leaf_count=2329 8938 190 941 1200 23 63 22 20 68 252
internal_value=-0.000893685 0.0433816 0.0760553 0.0976356 0.0215882 -0.0448557 0.0104685 -0.0481567 -0.00259827 -0.0486899
internal_weight=354.925 177.006 134.626 95.8548 38.7709 177.919 2.24458 175.674 2.10038 173.574
internal_count=14046 4683 2354 1390 964 9363 85 9278 88 9190
cat_boundaries=0 1 2
cat_threshold=9 1
is_linear=0
shrinkage=0.05


Tree=8
num_leaves=12
num_cat=3
split_feature=0 1 34 5 44 43 4 1 24 25 15
split_gain=255.647 172.52 47.18 42.5881 36.1743 6.88536 9.13047 9.10502 1.34247 2.82497 0.259482
threshold=0 1 24.050000000000004 -0.17646730165275518 52.750000000000007 37.550000000000004 0.51297097409535064 2 71.500000000000014 13.462500000000002 31.750000000000004
decision_type=1 1 2 2 2 2 2 1 2 2 2
left_child=1 -1 3 -3 -4 8 7 -7 10 -10 -2
right_child=5 2 4 -5 -6 6 -8 -9 9 -11 -12
leaf_value=-0.049677445748567077 -0.049658277197175776 0.12542268352017152 -0.0042248742817234666 0.058454906088361208 0.17684757635161349 0.12749504095242187 -0.040306202571405672 -0.027707145949846634 -0.039837247761828898 0.027037456080600392 -0.017333899341988018
leaf_weight=40.67226917296648 156.95854987390339 36.472147539258003 30.22588980011642 75.898214757442474 2.0307745635509482 1.2358588725328437 3.7821031957864761 1.1260330900549889 3.5610853210091582 1.5695327986031768 1.9941990748047818
leaf_count=2345 8773 413 812 1107 21 27 204 27 182 65 95
internal_value=-0.00125053 0.0383538 0.0659149 0.0811053 0.0121497 -0.0440037 0.00467612 0.06727 -0.0485093 -0.0183061 -0.0493636
internal_weight=355.527 185.299 144.627 112.37 32.2567 170.227 6.144 2.36189 164.083 5.13062 158.953
internal_count=14071 4698 2353 1520 833 9373 258 54 9115 247 8868
cat_boundaries=0 1 2 3
cat_threshold=9 1 1
is_linear=0
shrinkage=0.05


Tree=9
num_leaves=12
num_cat=4
split_feature=0 1 34 0 44 43 4 1 24 25 15
split_gain=246.169 153.099 40.1177 40.4714 26.2106 7.05566 8.83207 8.09742 1.31644 2.78291 0.247045
threshold=0 1 24.050000000000004 2 52.750000000000007 37.550000000000004 0.51297097409535064 3 71.500000000000014 13.462500000000002 31.750000000000004
decision_type=1 1 2 1 2 2 2 1 2 2 2
left_child=1 -1 3 -3 -4 8 7 -7 10 -10 -2
right_child=5 2 4 -5 -6 6 -8 -9 9 -11 -12
leaf_value=-0.049552344913873503 -0.049886956296519257 0.10244585754716065 -0.0019905257297312818 0.026477532644932161 0.14120665203450983 0.12025835256336546 -0.039949111284627706 -0.02686461604320213 -0.040003203927050479 0.025992970966564607 -0.017859827417585537
leaf_weight=38.027818778529763 150.04411273263395 58.160778511315584 30.828327400609851 60.020380889996886 2.5617792904376975 1.3269642479717723 3.6395119596272707 1.0581796579062939 3.6439754180610171 1.6031419336795805 2.0427863318473092
leaf_count=2300 8792 740 830 765 23 26 204 26 194 64 99
internal_value=-0.000556658 0.0372452 0.0616451 0.0752273 0.0127825 -0.0439805 0.00558039 0.0663324 -0.0486793 -0.0189064 -0.0495763
internal_weight=352.958 189.599 151.571 118.181 33.3901 163.359 6.02466 2.38514 157.334 5.24712 152.087
internal_count=14063 4658 2358 1505 853 9405 256 52 9149 258 8891
cat_boundaries=0 1 2 3 4
cat_threshold=9 1 1 1
is_linear=0
shrinkage=0.05


Tree=10
num_leaves=12
num_cat=4
split_feature=0 1 19 0 42 43 2 1 24 40 15
split_gain=206.031 127.44 37.6165 70.2739 13.1926 6.72805 8.08525 7.24559 1.38357 3.29461 0.301631
threshold=0 1 27.310416500000006 2 3.5000000000000004 37.550000000000004 7.5000000000000009 3 71.500000000000014 107.80000000000001 31.750000000000004
decision_type=1 1 2 1 2 2 2 1 2 2 2
left_child=1 -1 3 -3 -4 8 -7 -8 10 -10 -2
right_child=5 2 4 -5 -6 6 7 -9 9 -11 -12
leaf_value=-0.04946866920161537 -0.04944327225488554 0.1017151678003881 -0.033455803304978264 0.012263298194140668 0.02900561020673751 -0.039834300777578296 0.10935358843550227 -0.026992902704325972 -0.039926975669753256 0.033813306010033628 -0.016098275392470059
leaf_weight=36.768857097253203 142.54796087741852 55.608057457953691 9.9049536325037462 52.491445917636156 37.853786582127213 3.6033944115042678 1.4799485243856907 1.0712528005242348 3.6070943549275389 1.3643992617726324 1.8904549404978741
leaf_count=2333 8769 585 295 576 882 210 26 27 191 57 93
internal_value=-0.00220128 0.0316629 0.0530148 0.0692365 0.0156309 -0.0433232 0.00445995 0.0606223 -0.0481884 -0.0174159 -0.0491205
internal_weight=348.192 192.627 155.858 108.1 47.7587 155.565 6.1546 2.5512 149.41 4.97149 144.438
internal_count=14044 4671 2338 1161 1177 9373 263 53 9110 248 8862
cat_boundaries=0 1 2 3 4
cat_threshold=9 1 1 1
is_linear=0
shrinkage=0.05


Tree=11
num_leaves=12
num_cat=3
split_feature=0 1 34 37 4 43 4 1 24 40 15
split_gain=206.871 122.344 30.5335 24.5128 22.6071 7.1066 8.02688 6.82731 1.42274 3.08839 0.277141
threshold=0 1 24.350000000000005 29.500000000000004 -0.04836157422433459 37.550000000000004 0.51297097409535064 2 71.500000000000014 107.80000000000001 31.750000000000004
decision_type=1 1 2 2 2 2 2 1 2 2 2
left_child=1 -1 3 -3 -4 8 7 -7 10 -10 -2
right_child=5 2 4 -5 -6 6 -8 -9 9 -11 -12
leaf_value=-0.049372850086440184 -0.049698976196931748 -0.031131521277214982 0.06274359963480873 0.065847753318218571 -0.036206697520853988 0.1085409802804756 -0.039254381294388019 -0.026072422413580293 -0.039652630069851709 0.031384947189132463 -0.016943967667333682
leaf_weight=35.216362954117358 135.76145411934704 6.2902084514498702 7.9970158413052586 132.2323582675308 15.105557443574069 1.4892801195383063 3.3840957283973694 1.00097880885005 3.5078729018568984 1.4335217829793689 1.9630282949656237
leaf_count=2344 8762 176 132 1527 488 24 205 26 193 59 98
internal_value=-0.00047402 0.0324255 0.0524364 0.0612524 -0.000772693 -0.0432716 0.00668042 0.0624649 -0.0483725 -0.0172305 -0.0493576
internal_weight=345.382 196.842 161.625 138.523 23.1026 148.54 5.87435 2.49026 142.666 4.94139 137.724
internal_count=14034 4667 2323 1703 620 9367 255 50 9112 252 8860
cat_boundaries=0 1 2 3
cat_threshold=9 1 1
is_linear=0
shrinkage=0.05


Tree=12
num_leaves=11
num_cat=3
split_feature=0 1 20 0 34 43 4 24 40 16
split_gain=194.097 109.732 33.4942 46.4112 11.7949 4.79676 6.22628 1.36687 2.95668 0.31348
threshold=0 1 32.650000000000013 2 22.550000000000004 37.550000000000004 -0.83377653105606597 71.500000000000014 107.80000000000001 31.750000000000004
decision_type=1 1 2 1 2 2 2 2 2 2
left_child=1 -1 3 -3 -4 7 -7 9 -9 -2
right_child=5 2 4 -5 -6 6 -8 8 -10 -11
leaf_value=-0.049260756497901917 -0.04921654281341744 0.084750254061920924 -0.038442040566012761 0.016229830001437628 0.023409799730698837 0.049025443808104995 -0.039870634303492629 -0.039503787664706198 0.029744507397815624 -0.015600497343273734
leaf_weight=33.361580830998719 128.82637372519821 70.382626254111528 9.9915090054273588 63.006656512618065 24.874151160940528 2.4500527381896973 3.5929587231948963 3.4591379128396502 1.48177969828248 1.8516642116010178
leaf_count=2330 8723 656 259 648 763 45 215 197 59 94
internal_value=0.000111534 0.0309892 0.0489291 0.0602601 0.00510719 -0.0429079 -0.00198549 -0.0478442 -0.0172252 -0.0488623
internal_weight=343.278 201.617 168.255 133.389 34.8657 141.662 6.04301 135.619 4.94092 130.678
internal_count=13989 4656 2326 1304 1022 9333 260 9073 256 8817
cat_boundaries=0 1 2 3
cat_threshold=9 1 1
is_linear=0
shrinkage=0.05


Tree=13
num_leaves=11
num_cat=3
split_feature=0 1 44 34 43 43 1 24 40 15
split_gain=164.846 92.8099 28.3592 39.8035 6.95662 6.90033 6.30337 1.39394 2.78317 0.295075
threshold=0 1 52.000000000000007 24.650000000000002 37.550000000000004 38.900000000000006 2 71.500000000000014 107.80000000000001 31.750000000000004
decision_type=1 1 2 2 2 2 1 2 2 2
left_child=1 -1 3 -3 7 6 -6 9 -9 -2
right_child=4 2 -4 -5 5 -7 -8 8 -10 -11
leaf_value=-0.049178405240489886 -0.049113329714803498 0.044883798039357492 0.15724801922557435 -0.047769202249200386 0.098940822468104483 -0.0384179020941064 -0.02671633194624139 -0.03909615338849623 0.028036505469124087 -0.015966001432755016
leaf_weight=32.280217449180782 123.44241894502193 157.89374900795519 4.2899936884641638 11.701120384037493 1.6390457190573207 3.1053547887131572 1.050319030880928 3.316655069589614 1.5341051146388052 1.8822582568973292
leaf_count=2365 8767 1934 28 386 23 203 27 197 59 97
internal_value=-0.00141839 0.0263404 0.042067 0.0382487 -0.0422324 0.00715456 0.0559263 -0.0476882 -0.0167016 -0.0487458
internal_weight=342.135 206.165 173.885 169.595 135.97 5.79472 2.68936 130.175 4.85076 125.325
internal_count=14086 4713 2348 2320 9373 253 50 9120 256 8864
cat_boundaries=0 1 2 3
cat_threshold=9 1 1
is_linear=0
shrinkage=0.05


Tree=14
num_leaves=9
num_cat=3
split_feature=0 1 34 38 4 4 34 1
split_gain=158.104 83.8523 28.3037 38.9145 19.6241 3.64012 20.0828 13.1896
threshold=0 1 23.950000000000003 7.6529765000000012 -0.94705910369513513 -0.78326540922535159 24.150000000000002 2
decision_type=1 1 2 2 2 2 2 1
left_child=1 -1 3 -3 -4 6 -2 -8
right_child=5 2 4 -5 -6 -7 7 -9
leaf_value=-0.049064168572653326 -0.048497608251043066 0.029465846347787174 0.12895894635279362 0.085228167287797543 -0.0036208676331280841 -0.050211081631070104 0.10826038265123571 -0.034656467565775721
leaf_weight=30.588524394668639 21.654869473539296 84.641752606257796 1.9814606346189965 50.369160506874323 43.041016075760126 103.27082200255245 3.0447970842942587 2.0512560289353132
leaf_count=2351 1530 756 19 632 927 7658 92 87
internal_value=-0.00124501 0.0251634 0.0393664 0.050743 0.00488934 -0.0425616 -0.0276229 0.0544853
internal_weight=340.644 210.622 180.033 135.011 45.0225 130.022 26.7509 5.09605
internal_count=14052 4685 2334 1388 946 9367 1709 179
cat_boundaries=0 1 2 3
cat_threshold=9 1 1
is_linear=0
shrinkage=0.05


Tree=15
num_leaves=8
num_cat=2
split_feature=0 1 34 37 22 43 17
split_gain=156.754 77.6999 24.9568 21.7813 7.02614 4.7317 4.44314
threshold=0 1 19.950000000000006 40.500000000000007 65.923611500000007 37.550000000000004 34.400000000000013
decision_type=1 1 2 2 2 2 2
left_child=1 -1 4 -4 -3 -2 -7
right_child=5 2 3 -5 -6 6 -8
leaf_value=-0.04895570447085705 -0.049001614317304466 0.031069233850396463 -0.0058826052651544452 0.04149536266391457 0.16514116816141405 -0.038982992426712132 0.034694563476494016
leaf_weight=29.129496050998569 118.76598003879189 1.9028507359325875 28.604997420683503 150.64294281601906 3.9337060451507568 3.2124976785853496 2.9870833642780781
leaf_count=2348 9140 22 688 1603 29 209 55
internal_value=-0.00101814 0.0246355 0.0377424 0.0339439 0.132369 -0.0433537 -0.00359544
internal_weight=339.18 214.214 185.084 179.248 5.83656 124.966 6.19958
internal_count=14094 4690 2342 2291 51 9404 264
cat_boundaries=0 1 2
cat_threshold=9 1
is_linear=0
shrinkage=0.05


Tree=16
num_leaves=12
num_cat=3
split_feature=0 1 37 0 36 43 2 24 40 15 4
split_gain=152.259 75.7613 21.6573 29.2461 16.3652 4.80271 3.68437 1.53347 2.53474 0.511627 0.236423
threshold=0 1 40.500000000000007 2 91.500000000000014 37.550000000000004 7.5000000000000009 71.500000000000014 107.80000000000001 31.750000000000004 -0.861146256326485
decision_type=1 1 2 1 2 2 2 2 2 2 2
left_child=1 -1 4 -4 -3 7 -7 9 -9 -2 -8
right_child=5 2 3 -5 -6 6 10 8 -10 -11 -12
leaf_value=-0.048852569619551311 -0.049240637295777115 0.054186802253473623 0.063907026946841486 0.014177861975934868 -0.022377653302642918 -0.036977946176349245 0.0083201194229470584 -0.038049117524286954 0.026450610171279195 -0.010732274239436821 0.041494571432906663
leaf_weight=27.866723144426942 107.63032420817763 8.9119131248444337 84.458808930590749 74.875604063272476 22.588357985019684 2.6954475520178667 1.4524994120001795 2.990098236128687 1.5853808168321846 1.5114174094051112 1.662366911768913
leaf_count=2357 8819 262 809 816 468 199 21 202 62 86 30
internal_value=0.00133203 0.0257597 0.0381957 0.0456422 0.000284391 -0.04187 -0.00084742 -0.0475902 -0.0149646 -0.0488096 0.0318063
internal_weight=338.229 218.701 190.835 159.334 31.5003 119.528 5.81031 113.717 4.57548 109.142 3.11487
internal_count=14131 4712 2355 1625 730 9419 250 9169 264 8905 51
cat_boundaries=0 1 2 3
cat_threshold=9 1 1
is_linear=0
shrinkage=0.05


Tree=17
num_leaves=10
num_cat=3
split_feature=0 1 20 0 39 43 2 25 20
split_gain=128.883 62.4669 22.6669 39.1016 12.9865 6.49511 4.60264 1.39424 4.90827
threshold=0 1 33.45000000000001 2 24.950000000000003 37.550000000000004 7.5000000000000009 13.462500000000002 30.850000000000005
decision_type=1 1 2 1 2 2 2 2 2
left_child=1 -1 3 -3 -4 7 -7 -2 -9
right_child=5 2 4 -5 -6 6 -8 8 -10
leaf_value=-0.048717948542791177 -0.049159562941912566 0.058954495290566095 -0.027534690539933484 0.0071005227197641647 0.051455901672320725 -0.036905531109915173 0.039256558762299429 0.054500606822172573 -0.040702745307108795
leaf_weight=26.205606200732291 103.17485059704632 89.951866647228599 21.573401613160971 76.956301607191563 5.7861735206097356 2.6808448750525704 3.3186735883355141 0.89943343307822843 4.071849787607789
leaf_count=2324 8789 769 626 769 167 205 53 34 316
internal_value=-0.0006319 0.0215072 0.0322825 0.0391649 -0.00960392 -0.041475 0.00481358 -0.0478634 -0.0172355
internal_weight=334.619 220.473 194.268 166.908 27.3596 114.146 5.99952 108.146 4.97128
internal_count=14052 4655 2331 1538 793 9397 258 9139 350
cat_boundaries=0 1 2 3
cat_threshold=9 1 1
is_linear=0
shrinkage=0.05


Tree=18
num_leaves=10
num_cat=2
split_feature=0 1 39 33 43 2 24 40 15
split_gain=112.776 55.2715 16.9662 15.6943 6.93097 4.70689 1.76465 2.64751 0.480719
threshold=0 1 12.65 36.600000000000009 37.550000000000004 7.5000000000000009 71.500000000000014 107.80000000000001 31.750000000000004
decision_type=1 1 2 2 2 2 2 2 2
left_child=1 -1 -3 -4 6 -6 8 -8 -2
right_child=4 2 3 -5 5 -7 7 -9 -10
leaf_value=-0.048611446263777273 -0.049036625791996025 0.11737193138528386 0.029081277333383438 -0.044863854931338723 -0.03585059644563697 0.043727897189358454 -0.03686426484261987 0.030899872756256469 -0.01132180353512331
leaf_weight=25.082042615860701 97.288134092465043 4.3623870834708205 186.19082766957581 6.59821668639779 2.4228039011359206 3.1154735758900642 2.6636490868404499 1.444254597648978 1.5510838106274594
leaf_count=2333 8775 29 2085 226 192 48 197 55 94
internal_value=-0.00116517 0.0191412 0.0289287 0.0263321 -0.0405981 0.00875635 -0.0472176 -0.0116546 -0.0485641
internal_weight=330.719 222.233 197.151 192.789 108.485 5.53828 102.947 4.1079 98.8392
internal_count=14034 4673 2340 2311 9361 240 9121 252 8869
cat_boundaries=0 1 2
cat_threshold=9 1
is_linear=0
shrinkage=0.05


Tree=19
num_leaves=13
num_cat=1
split_feature=1 34 5 32 27 44 38 43 2 4 34 7
split_gain=64.7393 27.0897 26.4349 23.4022 22.7145 13.3975 12.3979 8.51681 4.69669 1.7236 15.1241 0.227937
threshold=0 23.950000000000003 -0.17646730165275518 26.165476000000002 38.350000000000001 52.750000000000007 5.720238000000001 37.550000000000004 7.5000000000000009 -0.78326540922535159 24.150000000000002 27.768750000000004
decision_type=1 2 2 2 2 2 2 2 2 2 2 2
left_child=7 2 4 -4 -2 6 -3 9 -9 10 -1 -7
right_child=1 5 3 -5 -6 11 -8 8 -10 -11 -12 -13
leaf_value=-0.046607352623652738 0.074025522449972153 0.091530794780561933 0.049283510840435127 -0.0022882305570610969 0.0054874241936354214 0.078471372431985514 -0.024365541080954546 -0.031827617423330526 0.057011475913312071 -0.049669245564794795 0.088664824445528964 0.023914350030800682
leaf_weight=11.842163749039171 34.356941474601626 1.4234468974173058 26.972977708093822 102.60456750821322 18.627622694708407 2.2721328251063819 65.880230315029621 1.6959980838000763 2.6025449149310589 57.839724807068706 1.5124002806842316 1.4941377285867927
leaf_count=1127 619 36 493 2700 324 37 2734 147 40 5622 102 27
internal_value=-0.00122228 0.0108989 0.021064 0.0087422 0.0504778 -0.0151428 -0.0206102 -0.0415558 0.0225683 -0.0456865 -0.0261783 0.0663862
internal_weight=329.125 253.632 182.562 129.578 52.9846 71.0699 67.3037 75.4928 4.29854 71.1943 13.3546 3.76627
internal_count=14008 6970 4136 3193 943 2834 2770 7038 187 6851 1229 64
cat_boundaries=0 1
cat_threshold=1
is_linear=0
shrinkage=0.05


Tree=20
num_leaves=8
num_cat=3
split_feature=0 1 44 21 4 34 1
split_gain=107.742 49.6549 17.9938 23.1518 5.82881 20.0613 12.5059
threshold=0 1 52.000000000000007 24.650000000000002 -0.78326540922535159 24.150000000000002 2
decision_type=1 1 2 2 2 2 1
left_child=1 -1 3 -3 5 -2 -7
right_child=4 2 -4 -5 -6 6 -8
leaf_value=-0.04837177997440717 -0.047749168175648442 0.031618774642449145 0.10824903221367287 -0.019822623620618627 -0.049911351853639825 0.096437846965224339 -0.035338549044986498
leaf_weight=22.725724520161748 16.864627989940349 174.18337790854275 5.8737542629241934 24.306638056412339 79.817412185482681 3.9948257384821764 2.1601676680147648
leaf_count=2319 1521 1716 31 590 7684 96 93
internal_value=0.000354002 0.0194627 0.0281526 0.0252516 -0.039677 -0.0201088 0.0517142
internal_weight=329.927 227.089 204.364 198.49 102.837 23.0196 6.15499
internal_count=14050 4656 2337 2306 9394 1710 189
cat_boundaries=0 1 2 3
cat_threshold=9 1 1
is_linear=0
shrinkage=0.05


Tree=21
num_leaves=8
num_cat=3
split_feature=0 1 44 34 4 34 1
split_gain=98.7079 45.39 17.1077 21.3426 6.06904 20.6519 11.1044
threshold=0 1 52.000000000000007 23.950000000000003 -0.78326540922535159 24.150000000000002 2
decision_type=1 1 2 2 2 2 1
left_child=1 -1 3 -3 5 -2 -7
right_child=4 2 -4 -5 -6 6 -8
leaf_value=-0.048274515766549154 -0.047609053936129422 0.031682644496177068 0.0992937122627532 -0.006886801745894568 -0.049857353881793312 0.095025998937598652 -0.033724732664584617
leaf_weight=21.924425612203777 16.177794642746452 157.98458361253142 6.7460842430591574 45.908680468797684 76.235334007069468 4.0321300290524951 1.8866853741928933
leaf_count=2347 1532 1408 34 941 7699 92 86
internal_value=0.00026736 0.0179685 0.0259079 0.0230071 -0.0392176 -0.01892 0.0550427
internal_weight=330.896 232.564 210.639 203.893 98.3319 22.0966 5.91882
internal_count=14139 4730 2383 2349 9409 1710 178
cat_boundaries=0 1 2 3
cat_threshold=9 1 1
is_linear=0
shrinkage=0.05


Tree=22
num_leaves=9
num_cat=4
split_feature=0 1 0 33 4 4 34 1
split_gain=87.7919 39.9762 19.4906 99.1793 84.2211 6.0775 17.7699 10.0333
threshold=0 1 2 32.45000000000001 -0.30983472475487861 -0.78326540922535159 24.150000000000002 3
decision_type=1 1 1 2 2 2 2 1
left_child=1 -1 3 -3 -4 6 -2 -8
right_child=5 2 4 -5 -6 -7 7 -9
leaf_value=-0.048131114494091964 -0.047389790691032274 0.074319630330706488 -0.036684054078686308 -0.02267938882557222 0.055786623284800822 -0.049798953509404865 0.08268571494403279 -0.034663866682871476
leaf_weight=20.717785342596471 15.106367144733669 71.637418907135725 54.306494887918234 40.758349098265171 43.392490163445473 72.53065484855324 4.4649420864880076 2.0498604867607355
leaf_count=2324 1498 466 427 694 749 7701 92 95
internal_value=-0.000690881 0.0159366 0.0232075 0.0360736 0.00411817 -0.0387903 -0.0184396 0.0460628
internal_weight=324.964 230.813 210.095 112.396 97.699 94.1518 21.6212 6.5148
internal_count=14046 4660 2336 1160 1176 9386 1685 187
cat_boundaries=0 1 2 3 4
cat_threshold=9 1 1 1
is_linear=0
shrinkage=0.05


Tree=23
num_leaves=8
num_cat=3
split_feature=0 1 44 38 4 34 1
split_gain=83.5005 37.6096 16.7428 17.6205 5.2995 15.1053 7.54795
threshold=0 1 52.000000000000007 11.614285500000003 -0.78326540922535159 24.150000000000002 2
decision_type=1 1 2 2 2 2 1
left_child=1 -1 3 -3 5 -2 -7
right_child=4 2 -4 -5 -6 6 -8
leaf_value=-0.048028507863923209 -0.047222597223040778 0.022828953985985848 0.092357019793113074 -0.040424228739486659 -0.049741528680993567 0.070096703117422776 -0.033453923143565684
leaf_weight=19.976281740702689 14.395294245332481 193.6620670799166 7.2567688375711432 10.774521341547368 69.022363458760083 4.6065244656056157 1.852668549865484
leaf_count=2350 1494 2057 35 237 7693 93 90
internal_value=-0.00058718 0.0153421 0.0222411 0.0193147 -0.0387845 -0.01965 0.0398925
internal_weight=321.546 231.67 211.693 204.437 89.8769 20.8545 6.45919
internal_count=14049 4679 2329 2294 9370 1677 183
cat_boundaries=0 1 2 3
cat_threshold=9 1 1
is_linear=0
shrinkage=0.05


Tree=24
num_leaves=9
num_cat=3
split_feature=0 1 34 39 25 4 34 1
split_gain=83.3369 34.8701 16.8195 22.8777 5.86855 3.59936 10.1673 4.8861
threshold=0 1 19.950000000000006 18.250000000000004 7.7847220000000013 -0.78326540922535159 24.150000000000002 2
decision_type=1 1 2 2 2 2 2 1
left_child=1 -1 4 -4 -3 6 -2 -8
right_child=5 2 3 -5 -6 -7 7 -9
leaf_value=-0.047869464250383825 -0.047058391308322754 0.11418333136305343 -0.0055943759679949502 0.029726774782227679 0.015398946296305983 -0.04968878404635535 0.04913558853409198 -0.033131813395630726
leaf_weight=18.823092578910291 13.757042754441501 5.4789414405822745 66.767839880660176 143.35616074316204 2.4120640456676483 66.146507176570594 4.7408354952931395 1.8100610813125966
leaf_count=2321 1496 31 587 1731 25 7738 87 92
internal_value=-0.000266307 0.0151532 0.0214801 0.01853 0.0891158 -0.0394225 -0.0237219 0.0250271
internal_weight=323.293 236.838 218.015 210.124 7.89101 86.4544 20.3079 6.5509
internal_count=14108 4695 2374 2318 56 9413 1675 179
cat_boundaries=0 1 2 3
cat_threshold=9 1 1
is_linear=0
shrinkage=0.05


Tree=25
num_leaves=12
num_cat=3
split_feature=0 1 34 39 8 43 27 1 24 15 15
split_gain=78.4566 32.8642 17.9172 18.4579 8.32012 3.57834 1.36384 1.40454 0.693199 0.93257 0.622069
threshold=0 1 24.350000000000005 18.250000000000004 30.950000000000003 37.550000000000004 50.95000000000001 2 71.500000000000014 13.450000000000001 31.750000000000004
decision_type=1 1 2 2 2 2 2 1 2 2 2
left_child=1 -1 3 -3 -4 8 -7 -8 10 -10 -2
right_child=5 2 4 -5 -6 6 7 -9 9 -11 -12
leaf_value=-0.04775611903618282 -0.048355817887370887 0.0052090574357694635 0.028644599893390185 0.037536998753223375 -0.032611970107181004 -0.033824122142000007 0.024330673786370743 -0.026407199148340041 -0.03392558852645728 0.0097381699128815252 -0.0071607988638593932
leaf_weight=18.108038469217718 71.757430004421622 68.997280891984701 6.6335218735039261 123.44334681890905 20.274873772636056 1.7768835183233012 3.3347967993468046 1.0539173120632765 1.9895974043756717 1.4681545682251451 1.3117601945996273
leaf_count=2340 8773 528 89 1198 528 137 59 55 161 81 99
internal_value=-2.09107e-05 0.0146833 0.0206976 0.0260331 -0.0170256 -0.0390093 -0.00595838 0.00950697 -0.0465927 -0.0173604 -0.0477229
internal_weight=320.15 237.457 219.349 192.441 26.9084 82.6925 6.1656 4.38871 76.5269 3.45775 73.0692
internal_count=14048 4683 2343 1726 617 9365 251 114 9114 242 8872
cat_boundaries=0 1 2 3
cat_threshold=9 1 1
is_linear=0
shrinkage=0.05


Tree=26
num_leaves=8
num_cat=3
split_feature=0 1 33 33 4 34 1
split_gain=67.1212 29.672 15.5395 25.484 6.53912 15.522 6.42516
threshold=0 1 36.350000000000001 35.350000000000001 -0.78326540922535159 24.150000000000002 2
decision_type=1 1 2 2 2 2 1
left_child=1 -1 3 -3 5 -2 -7
right_child=4 2 -4 -5 -6 6 -8
leaf_value=-0.047602977323536612 -0.046723893053195388 0.017689394709507311 -0.046072815813680917 0.10069735427598368 -0.049572169566727622 0.066746808345215389 -0.031589690613253354
leaf_weight=17.173390889540315 12.575444450136276 205.5498368665576 7.9340796824544659 8.7530575003474933 59.931989952456206 5.1264867074787608 1.5991833778098223
leaf_count=2327 1496 1906 259 182 7717 91 88
internal_value=9.73286e-05 0.0134145 0.0189226 0.0215318 -0.0368824 -0.015146 0.0423026
internal_weight=318.643 239.41 222.237 214.303 79.2331 19.3011 6.72567
internal_count=14066 4674 2347 2088 9392 1675 179
cat_boundaries=0 1 2 3
cat_threshold=9 1 1
is_linear=0
shrinkage=0.05


Tree=27
num_leaves=9
num_cat=3
split_feature=0 1 34 5 23 4 34 1
split_gain=62.7348 26.7527 13.992 28.0588 10.6744 4.71297 10.8084 4.47081
threshold=0 1 23.950000000000003 -0.57077231802681661 99.500000000000014 -0.79384350655589164 24.150000000000002 2
decision_type=1 1 2 2 2 2 2 1
left_child=1 -1 3 -3 -4 6 -2 -8
right_child=5 2 4 -5 -6 -7 7 -9
leaf_value=-0.047467894359360455 -0.046490244472270681 0.065163703342436749 -0.012683860349509003 0.013824565396919168 0.063727024135571908 -0.049514265220055871 0.049425823286810167 -0.031470474963527006
leaf_weight=16.427573239430785 11.827801346778871 32.171471238136292 48.142148725688457 139.27363768592477 4.0458879359066477 57.107777782250196 5.1562630161643019 1.584267498925328
leaf_count=2333 1469 196 900 1193 46 7708 84 87
internal_value=-0.000880183 0.011837 0.0169122 0.0237803 -0.00567332 -0.0375026 -0.0190827 0.028803
internal_weight=315.737 240.061 223.633 171.445 52.188 75.6761 18.5683 6.74053
internal_count=14016 4668 2335 1389 946 9348 1640 171
cat_boundaries=0 1 2 3
cat_threshold=9 1 1
is_linear=0
shrinkage=0.05


Tree=28
num_leaves=11
num_cat=3
split_feature=0 1 38 8 0 43 17 24 40 43
split_gain=56.4827 24.1353 15.5588 24.4238 21.2528 3.80984 2.13335 1.41607 1.10414 1.05315
threshold=0 1 7.6806545000000011 31.050000000000004 2 37.550000000000004 34.400000000000013 72.500000000000014 107.80000000000001 27.750000000000004
decision_type=1 1 2 2 1 2 2 2 2 2
left_child=1 -1 4 -4 -3 7 -7 9 -9 -2
right_child=5 2 3 -5 -6 6 -8 8 -10 -11
leaf_value=-0.047309293166784727 -0.049487622249247062 0.020175031483109177 0.054990387493836758 0.0070650685214978361 -0.019007808378656146 -0.034470620795361187 0.019942797248554207 -0.027329291319280288 0.024357138893155529 -0.02604936483189654
leaf_weight=15.605171199887991 55.408173463307321 64.726577870547771 48.060414079576731 58.775716491043568 53.004134761169553 1.9804078144952644 3.5593538163229823 1.1808892153203481 0.97710332646965969 9.2624498889781517
leaf_count=2322 7791 478 363 1008 479 198 47 130 28 1174
internal_value=-0.0013915 0.0105338 0.0152122 0.0289344 0.00262112 -0.0369696 -0.00180591 -0.0452653 -0.00362432 -0.0465785
internal_weight=312.54 240.172 224.567 106.836 117.731 72.3684 5.53976 66.8286 2.15799 64.6706
internal_count=14018 4650 2328 1371 957 9368 245 9123 158 8965
cat_boundaries=0 1 2 3
cat_threshold=9 1 1
is_linear=0
shrinkage=0.05


Tree=29
num_leaves=8
num_cat=3
split_feature=0 20 0 5 34 0 33
split_gain=55.8308 17.2049 23.9193 58.6099 57.0581 12.5555 19.2177
threshold=0 33.45000000000001 1 0.011826144619637501 23.550000000000004 2 34.95000000000001
decision_type=1 2 1 2 2 1 2
left_child=1 2 4 -4 -1 6 -3
right_child=-2 5 3 -5 -6 -7 -8
leaf_value=0.065900390533782646 -0.042161156992743871 -0.044794860669768351 0.029706499182530034 -0.044889150579989816 -0.0048054387515658889 -0.034991192779152268 0.058236257144501515
leaf_weight=60.083555485587567 52.693909855559468 6.2769944826141026 59.538983000442386 45.606322752311826 53.305505936965346 23.010096900165081 11.248818998225032
leaf_count=672 7059 288 1857 1225 857 1586 497
internal_value=-5.54986e-05 0.0098791 0.0158096 -0.00252888 0.0302637 -0.0193255 0.013579
internal_weight=311.764 259.07 218.534 105.145 113.389 40.5359 17.5258
internal_count=14041 6982 4611 3082 1529 2371 785
cat_boundaries=0 1 2 3
cat_threshold=13 1 8
is_linear=0
shrinkage=0.05


Tree=30
num_leaves=9
num_cat=2
split_feature=0 38 4 34 42 37 0 38
split_gain=50.0946 16.8145 23.6689 20.6552 16.9894 16.2548 14.3606 2.75153
threshold=0 7.7473215000000009 -0.039770090859911449 19.950000000000006 3.5000000000000004 62.500000000000007 1 6.7669645000000012
decision_type=1 2 2 2 2 2 1 2
left_child=1 3 5 7 -4 -3 -5 -1
right_child=-2 2 4 6 -6 -7 -8 -9
leaf_value=0.11400037104720973 -0.041594360343066156 0.077371163550822852 -0.043170678442071203 0.0080910095998070787 0.01552126049840538 0.024378995137964592 -0.023248086754893756 0.038182193581675322
leaf_weight=2.3744350937195113 49.561962127685547 21.426370340865105 16.158823798410594 68.360944311600178 42.816417502239347 45.213603960350156 60.821960427332669 4.4414888815954328
leaf_count=36 6996 375 898 948 1828 938 1927 69
internal_value=-0.000490335 0.00867881 0.0221231 -0.00317636 -0.00101162 0.0423092 -0.00789361 0.075801
internal_weight=311.176 261.614 125.615 135.999 58.9752 66.64 129.183 6.81592
internal_count=14015 7019 4039 2980 2726 1313 2875 105
cat_boundaries=0 1 2
cat_threshold=13 1
is_linear=0
shrinkage=0.05


Tree=31
num_leaves=9
num_cat=2
split_feature=0 1 34 38 7 4 34 4
split_gain=52.6835 24.2553 13.8359 22.0899 10.8066 4.91238 9.89396 4.91924
threshold=0 1 24.050000000000004 8.0172620000000023 26.447916500000002 -0.78326540922535159 24.150000000000002 -0.83377653105606597
decision_type=1 1 2 2 2 2 2 2
left_child=1 -1 3 -3 -4 6 -2 -8
right_child=5 2 4 -5 -6 -7 7 -9
leaf_value=-0.047235593712011574 -0.045954199891437668 0.0098578660485669073 0.064614537241323919 0.046640941885065026 -0.017224314318691463 -0.049307457091010136 0.0032408534836170081 0.093914539091771221
leaf_weight=15.262895511463284 10.426926016807558 125.6383022069931 3.4930482432246199 60.002311374992132 39.702678259462118 48.466403632424772 5.8022107756696641 1.0520582757890213
leaf_count=2351 1511 909 37 572 797 7679 142 37
internal_value=0.000531538 0.0114255 0.0160237 0.021933 -0.0092941 -0.0358241 -0.0169766 0.0273435
internal_weight=309.847 244.099 228.836 185.641 43.1957 65.7476 17.2812 6.85427
internal_count=14035 4666 2315 1481 834 9369 1690 179
cat_boundaries=0 1 2
cat_threshold=9 1
is_linear=0
shrinkage=0.05


Tree=32
num_leaves=9
num_cat=2
split_feature=0 0 33 43 5 33 32 23
split_gain=45.894 17.5886 77.2782 39.4576 39.048 34.3755 25.0712 12.3497
threshold=0 1 32.45000000000001 14.450000000000001 -0.96234030595689413 32.350000000000001 27.174405000000004 98.500000000000014
decision_type=1 1 2 2 2 2 2 2
left_child=1 2 3 -1 6 -6 -3 -4
right_child=-2 4 7 -5 5 -7 -8 -9
leaf_value=0.10332598364600659 -0.0412729941658855 0.15235800786998835 -0.04331363087467819 0.027871405784843612 -0.038144071832954603 0.016808629027083407 0.012020050805769782 0.011961243379866336
leaf_weight=23.529408840928227 46.911051137372851 4.8933885260485095 36.130704073701054 63.196417974773794 67.015952027868479 48.157217386644334 7.3294432554394007 13.378088184632359
leaf_count=245 7065 129 1183 714 1698 2490 326 214
internal_value=-0.000875624 0.00770988 0.0196114 0.0492873 -0.00556457 -0.0152199 0.0754774 -0.0284364
internal_weight=310.542 263.631 136.235 86.7258 127.396 115.173 12.2228 49.5088
internal_count=14064 6999 2356 959 4643 4188 455 1397
cat_boundaries=0 1 2
cat_threshold=13 1
is_linear=0
shrinkage=0.05


Tree=33
num_leaves=10
num_cat=1
split_feature=0 44 34 37 4 4 5 25 5
split_gain=44.8001 11.6752 15.1078 10.378 4.16025 3.60692 8.17848 3.3439 1.00122
threshold=0 52.000000000000007 24.650000000000002 29.500000000000004 -0.63921128368950708 -0.78326540922535159 -0.43733099657705288 8.7194445000000034 -0.8611288361322974
decision_type=1 2 2 2 2 2 2 2 2
left_child=1 2 3 -1 -4 6 7 -2 -3
right_child=5 8 4 -5 -6 -7 -8 -9 -10
leaf_value=-0.038079509329850936 -0.029770892632410291 0.033059818843706443 0.043896992031008455 0.012479491422654285 -0.048134039268910481 -0.049204946443916001 -0.045846781951806768 0.043007062615356577 0.086218904862525231
leaf_weight=9.6967198615893704 1.395243921317159 3.5559413628652692 0.57520718872547227 213.97509689023718 13.450996568426486 44.873980773612857 9.9064829237759096 4.5650990474969149 3.7246046089567235
leaf_count=389 189 34 16 3466 748 7673 1425 84 30
internal_value=-0.00124622 0.00862176 0.00690838 0.0101279 -0.0416897 -0.0360914 -0.0196834 0.0241411 0.0673831
internal_weight=305.719 244.979 237.698 223.672 14.0262 60.7408 15.8668 5.96034 7.28055
internal_count=14054 4683 4619 3855 764 9371 1698 273 64
cat_boundaries=0 1
cat_threshold=9
is_linear=0
shrinkage=0.05


Tree=34
num_leaves=9
num_cat=3
split_feature=0 33 0 4 5 0 33 26
split_gain=41.591 13.3049 26.3273 51.1098 35.5364 20.0594 21.7051 14.4903
threshold=0 33.050000000000004 1 -0.30983472475487861 -0.97111920233974802 2 35.350000000000001 12.050000000000002
decision_type=1 2 1 2 2 1 2 2
left_child=1 2 4 -4 -1 6 -3 -7
right_child=-2 5 3 -5 -6 7 -8 -9
leaf_value=-0.051855799341197065 -0.040536754409888145 -0.014904730586696752 -0.036517248629643652 0.042945902605283845 0.037418292448613874 0.11000040933399916 0.075556600432422349 -0.051242719981759804
leaf_weight=11.469907289836554 42.818524204660207 14.676433476619424 57.110982275102288 30.075868500862271 114.12806761730462 0.54127568053081887 10.708910490386186 30.345369399525225
leaf_count=332 7023 550 836 517 2382 18 435 1971
internal_value=-0.00029881 0.00745612 0.0134424 -0.00802014 0.0268032 -0.0137179 0.0178927 -0.0342993
internal_weight=311.875 269.057 212.785 87.1869 125.598 56.272 25.3853 30.8866
internal_count=14064 7041 4067 1353 2714 2974 985 1989
cat_boundaries=0 1 2 3
cat_threshold=13 5 8
is_linear=0
shrinkage=0.05


Tree=35
num_leaves=9
num_cat=1
split_feature=0 37 37 32 38 42 35 39
split_gain=40.1995 17.1606 23.3873 22.0701 19.8487 10.6275 11.0897 10.6459
threshold=0 40.500000000000007 59.500000000000007 27.709226500000003 7.6613095000000007 6.5000000000000009 63.925595000000008 24.950000000000003
decision_type=1 2 2 2 2 2 2 2
left_child=1 5 3 -3 -4 7 -7 -1
right_child=-2 2 4 -5 -6 6 -8 -9
leaf_value=-0.037653580585246538 -0.040154390772752228 0.046335752687151337 -0.016602936144577789 -0.020258568931599011 0.021281166516282507 0.15892556263303753 -0.016230012894400941 0.026515639889696182
leaf_weight=34.730927302967757 41.085677706636488 68.365936361253262 73.372626318130642 14.55730911111459 63.614032371900976 0.66573053225874845 1.6184557969681916 7.1379376309923819
leaf_count=1649 7025 1219 1401 862 1382 30 81 385
internal_value=0.000131826 0.00775032 0.0137577 0.0345429 0.00101646 -0.0200958 0.0676666 -0.0263505
internal_weight=305.149 264.063 219.91 82.9232 136.987 44.1531 2.28419 41.8689
internal_count=14034 7009 4864 2081 2783 2145 111 2034
cat_boundaries=0 1
cat_threshold=13
is_linear=0
shrinkage=0.05


Tree=36
num_leaves=8
num_cat=2
split_feature=0 0 4 5 5 4 19
split_gain=35.8559 14.2492 57.8789 41.9493 40.891 34.006 19.3598
threshold=0 1 0.52033990680116082 -0.96234030595689413 -0.95242240592625282 0.52033990680116082 27.291667000000004
decision_type=1 1 2 2 2 2 2
left_child=1 2 4 6 -1 -5 -3
right_child=-2 3 -4 5 -6 -7 -8
leaf_value=-0.045092911760121639 -0.039789668390301736 0.12584803712835008 -0.053007868499666634 -0.032030918869400231 0.043259086528298935 0.0297802913524048 0.0070136637683991965
leaf_weight=14.178104081656782 39.475964927114546 7.0533616491593403 23.09611709555611 85.630975398700684 101.92037734529004 29.066575008444488 6.1835491629317403
leaf_count=255 7006 199 874 2520 1229 1708 259
internal_value=-0.00108413 0.00602216 0.016582 -0.00587036 0.0321765 -0.0162448 0.0747271
internal_weight=306.605 267.129 139.195 127.934 116.098 114.698 13.2369
internal_count=14050 7044 2358 4686 1484 4228 458
cat_boundaries=0 1 2
cat_threshold=13 1
is_linear=0
shrinkage=0.05


Tree=37
num_leaves=8
num_cat=1
split_feature=0 34 38 42 5 4 7
split_gain=34.3336 11.7321 15.7285 15.3276 12.9547 7.59093 1.71403
threshold=0 19.650000000000002 7.6806545000000011 3.5000000000000004 -0.59867820553660911 -0.005375728450543499 25.775000000000002
decision_type=1 2 2 2 2 2 2
left_child=1 5 4 -4 -3 6 -1
right_child=-2 2 3 -5 -6 -7 -8
leaf_value=0.037390705369131513 -0.03947748667583538 0.018009823727545105 -0.023919237742060076 0.023598072239472169 -0.017823495242114528 -0.03315420743576452 0.097154390867501009
leaf_weight=4.2238164129666966 38.173778145574033 33.350400543306023 19.25563556002453 108.25974475545809 94.703838424291462 1.3931258479133237 4.1486198077909648
leaf_count=56 7031 888 932 3095 1905 51 58
internal_value=-0.00104555 0.00587286 0.00392364 0.0162924 -0.00842384 0.0572372 0.0742105
internal_weight=303.509 265.335 255.57 127.515 128.054 9.76556 8.37244
internal_count=14016 6985 6820 4027 2793 165 114
cat_boundaries=0 1
cat_threshold=13
is_linear=0
shrinkage=0.05


Tree=38
num_leaves=8
num_cat=2
split_feature=0 37 38 36 0 36 13
split_gain=32.481 11.8333 15.8507 17.5565 15.7169 0.94328 0.455603
threshold=0 29.500000000000004 7.6806545000000011 91.500000000000014 1 97.500000000000014 11.506250000000003
decision_type=1 2 2 2 1 2 2
left_child=1 5 4 -4 -3 -1 -7
right_child=-2 2 3 -5 -6 6 -8
leaf_value=-0.047188749846319072 -0.039094785931744078 0.011085079954469076 0.098102457533321502 0.016122951016911989 -0.020834103055686712 -0.016714309433464962 0.023701361505867883
leaf_weight=9.9705244926735723 36.75494180014357 74.808720801956952 5.9868427114561191 116.65901350788772 59.94047445198521 0.4750171788036831 0.34513274254277349
leaf_count=601 7064 970 335 3149 1943 31 15
internal_value=-0.00105176 0.00553465 0.00795546 0.0208858 -0.00388057 -0.0432933 0.00397087
internal_weight=304.941 268.186 257.395 122.646 134.749 10.7907 0.82015
internal_count=14108 7044 6397 3484 2913 647 46
cat_boundaries=0 1 2
cat_threshold=13 1
is_linear=0
shrinkage=0.05


Tree=39
num_leaves=10
num_cat=1
split_feature=1 44 34 5 5 4 5 19 5
split_gain=23.9643 12.6134 16.3391 14.8952 11.0481 7.78919 11.2664 4.95149 1.21404
threshold=0 52.000000000000007 24.050000000000004 -0.58481178939031186 0.16587474750015926 -0.78326540922535159 -0.42179730054635828 27.552778000000004 -0.88620506325989179
decision_type=1 2 2 2 2 2 2 2 2
left_child=5 2 3 -2 -4 6 7 -1 -3
right_child=1 8 4 -5 -6 -7 -8 -9 -10
leaf_value=0.017224815449432287 0.03411098975989376 0.021572984473317899 -0.029530026345448008 0.0019871408113233363 0.056412740371109139 -0.048637558121813917 -0.043219297962654321 0.12229866917716899 0.076091030970069973
leaf_weight=4.4821688733063638 45.503873783629388 2.4366998183541 45.030380420386791 161.69789024908096 3.1525063361041239 29.664360831491649 6.0571109680458886 0.72068628203123797 5.4728385731577864
leaf_count=196 801 33 2227 3667 199 5748 1034 22 64
internal_value=-0.000459797 0.00511263 0.00306014 0.00917186 -0.0228743 -0.0355778 -1.1125e-05 0.0491495 0.063602
internal_weight=304.219 263.294 255.385 207.202 48.1829 40.9243 11.26 5.20286 7.90954
internal_count=13991 6991 6894 4468 2426 7000 1252 218 97
cat_boundaries=0 1
cat_threshold=1
is_linear=0
shrinkage=0.05


Tree=40
num_leaves=7
num_cat=1
split_feature=0 19 38 34 5 5
split_gain=32.0476 10.775 13.3516 14.7453 10.4199 1.90048
threshold=0 29.230555500000005 7.6806545000000011 19.950000000000006 -0.77243990499604276 0.69521084835931835
decision_type=1 2 2 2 2 2
left_child=1 2 3 -1 -4 -3
right_child=-2 5 4 -5 -6 -7
leaf_value=0.060764646200591035 -0.038558397054005072 -0.046481276081957554 -0.0014589583664495244 -0.0063282669393248357 0.029864909092183884 0.028810017851559601
leaf_weight=7.7488410403020671 34.606542758177966 9.5866682380437815 37.714357108809054 127.24331209622324 87.964210738893598 0.25698729511350471
leaf_count=108 7028 769 988 2753 2398 11
internal_value=0.00034661 0.00662353 0.00886797 -0.00205848 0.0205277 -0.0420401
internal_weight=305.121 270.514 260.671 134.992 125.679 9.84366
internal_count=14055 7027 6247 2861 3386 780
cat_boundaries=0 1
cat_threshold=13
is_linear=0
shrinkage=0.05


Tree=41
num_leaves=8
num_cat=1
split_feature=0 37 38 34 34 35 35
split_gain=29.077 10.8076 13.7946 12.8041 12.1882 0.849213 0.488137
threshold=0 29.500000000000004 7.6529765000000012 24.650000000000002 19.650000000000002 67.080357500000005 68.744048000000006
decision_type=1 2 2 2 2 2 2
left_child=1 5 4 -4 -3 -1 -7
right_child=-2 2 3 -5 -6 6 -8
leaf_value=-0.046817515916791175 -0.038214267195381159 0.056698725707472135 0.025209225002389951 -0.020625844856216144 -0.0077115672010601363 0.023209807321236016 -0.018037618795893433
leaf_weight=9.2434411123394931 33.385679461527616 6.8120841118507078 112.12048949999735 16.839417560957372 122.77649158425629 0.3546514995396145 0.53159733582288027
leaf_count=591 7013 93 2663 919 2712 18 32
internal_value=-0.000659176 0.00535041 0.00759839 0.0191115 -0.00391746 -0.0427467 0.00202244
internal_weight=302.064 268.678 258.548 128.96 129.589 10.1297 0.886249
internal_count=14041 7028 6387 3582 2805 641 50
cat_boundaries=0 1
cat_threshold=13
is_linear=0
shrinkage=0.05


Tree=42
num_leaves=9
num_cat=1
split_feature=0 34 38 38 35 44 10 35
split_gain=28.9041 11.992 10.5614 16.5534 14.148 5.592 1.89561 0.630097
threshold=0 24.650000000000002 7.6806545000000011 11.730059500000001 86.961309500000013 52.750000000000007 89.750000000000014 84.964286000000001
decision_type=1 2 2 2 2 2 2 2
left_child=1 2 4 -4 -1 6 -3 -7
right_child=-2 5 3 -5 -6 7 -8 -9
leaf_value=0.0092205052735528908 -0.037893801250416755 -0.048176606500431471 0.02576441565744177 -0.037106522365794224 -0.027147406634086907 0.03297618038565741 0.026474112259390982 -0.0038132826575770933
leaf_weight=98.180133105255663 32.317899736575782 14.345039647305384 108.15974621567875 10.701156955212353 35.615226774010807 2.0504103531129654 0.29377097077667791 1.578735987190157
leaf_count=2133 7059 1114 2674 410 627 28 11 27
internal_value=0.000141293 0.00597489 0.00906238 0.0198417 -0.000589913 -0.03188 -0.0450815 0.0196057
internal_weight=303.242 270.924 252.656 118.861 133.795 18.268 14.6388 3.62915
internal_count=14083 7024 5844 3084 2760 1180 1125 55
cat_boundaries=0 1
cat_threshold=13
is_linear=0
shrinkage=0.05


Tree=43
num_leaves=8
num_cat=1
split_feature=0 21 38 34 37 26 34
split_gain=24.6379 9.79602 10.5326 12.0775 11.0352 2.60675 2.57087
threshold=0 25.050000000000004 7.6613095000000007 19.950000000000006 29.500000000000004 26.050000000000004 23.950000000000003
decision_type=1 2 2 2 2 2 2
left_child=1 2 3 -1 -4 6 -3
right_child=-2 5 4 -5 -6 -7 -8
leaf_value=0.051013838641218612 -0.037495986341603935 0.0092401194717874075 -0.03581305810138885 -0.0081344938830836457 0.020728903585487731 0.030995054062145214 -0.047605150205544872
leaf_weight=8.3033703099936229 31.09782445570454 1.9985091830603749 8.4310887211468053 119.14647336909547 113.69878976373002 0.70849092770367939 12.154649770818649
leaf_count=110 7023 48 519 2586 2721 21 977
internal_value=-0.00197941 0.00359977 0.00613415 -0.00391382 0.0165664 -0.0343954 -0.0394982
internal_weight=295.539 264.441 249.58 127.45 122.13 14.8616 14.1532
internal_count=14005 6982 5936 2696 3240 1046 1025
cat_boundaries=0 1
cat_threshold=13
is_linear=0
shrinkage=0.05


Tree=44
num_leaves=8
num_cat=3
split_feature=0 1 39 39 4 34 1
split_gain=24.4968 17.5262 10.4242 10.9599 5.43577 8.42748 3.62628
threshold=0 1 11.950000000000001 18.250000000000004 -0.78326540922535159 24.150000000000002 2
decision_type=1 1 2 2 2 2 1
left_child=1 2 -1 -4 5 -2 -7
right_child=4 -3 3 -5 -6 6 -8
leaf_value=0.088117036639918461 -0.044053905487818207 -0.047046693009200363 -0.009433827164107034 0.013851558076190923 -0.048761645606923934 0.049432346855620583 -0.028674036306567799
leaf_weight=3.0094237774610511 7.0948024068493378 14.335794956889002 72.120614977553487 163.46238178294152 33.051284200977534 4.7061138013377786 1.2713065305724738
leaf_count=14 1502 2333 595 1723 7696 95 88
internal_value=-0.00193304 0.00462267 0.00810356 0.0067133 -0.0315118 -0.00992513 0.0310916
internal_weight=299.052 252.928 238.592 235.583 46.1235 13.0722 5.97742
internal_count=14046 4665 2332 2318 9381 1685 183
cat_boundaries=0 1 2 3
cat_threshold=9 2 1
is_linear=0
shrinkage=0.05


Tree=45
num_leaves=8
num_cat=2
split_feature=0 19 33 0 38 4 2
split_gain=24.7593 9.3278 11.0574 19.1284 13.1308 2.82658 1.72113
threshold=0 29.084027500000001 35.350000000000001 1 11.557440500000002 0.65883702558178847 4.5000000000000009
decision_type=1 2 2 1 2 2 2
left_child=1 2 3 -1 -4 6 -3
right_child=-2 5 4 -5 -6 -7 -8
leaf_value=0.017222331017882387 -0.036820964936263044 0.059915213043135629 0.073478584393335974 -0.0096977304992029202 -0.038223046809350278 -0.046600181557685055 -0.019771190831990498
leaf_weight=129.89344096952118 28.920275398995727 0.34869443951174517 10.747790140565483 115.3862801915966 2.7067986361216745 9.6103362066205573 0.63859296194277704
leaf_count=1854 7017 11 408 3721 145 825 71
internal_value=2.15302e-05 0.00526642 0.00740133 0.00487597 0.0499167 -0.038459 0.02436
internal_weight=298.252 269.332 258.734 245.28 13.4546 10.5976 0.987287
internal_count=14052 7035 6128 5575 553 907 82
cat_boundaries=0 1 2
cat_threshold=13 1
is_linear=0
shrinkage=0.05


Tree=46
num_leaves=9
num_cat=2
split_feature=0 20 0 4 33 39 39 36
split_gain=23.3884 10.4425 15.1845 46.1663 33.8029 11.8992 28.0268 10.4378
threshold=0 33.45000000000001 1 0.73865729060996177 32.350000000000001 24.950000000000003 25.100000000000005 88.500000000000014
decision_type=1 2 1 2 2 2 2 2
left_child=1 2 4 -4 -1 7 -7 -3
right_child=-2 5 3 -5 -6 6 -8 -9
leaf_value=0.037376753629054758 -0.036463948922779169 0.032548487619767641 -0.014746009935252217 0.1064024607575209 -0.020284973337126793 0.14195686802228563 -0.030481344673421201 -0.046122640493850231
leaf_weight=90.733733183704317 27.983722880715504 4.2872738738078651 101.11311497818679 7.5222258376888922 34.421977742109448 2.5823378264904004 6.1254317986313254 25.093767800368369
leaf_count=917 7055 198 2884 258 641 77 423 1674
internal_value=-0.000167439 0.00484702 0.00899183 -0.00500667 0.019905 -0.0189332 0.0300115 -0.0339495
internal_weight=299.864 271.88 233.791 108.635 125.156 38.0888 8.70777 29.381
internal_count=14127 7072 4700 3142 1558 2372 500 1872
cat_boundaries=0 1 2
cat_threshold=13 1
is_linear=0
shrinkage=0.05


Tree=47
num_leaves=15
num_cat=0
split_feature=20 37 35 44 40 34 39 36 27 20 26 33 35 7
split_gain=14.2498 11.1836 14.2591 13.1629 12.3234 8.48249 6.4399 5.15078 6.6081 5.80715 3.40595 4.46542 1.65791 1.12088
threshold=33.45000000000001 59.500000000000007 83.82142850000001 52.000000000000007 72.500000000000014 19.950000000000006 18.850000000000005 90.500000000000014 0.45000000000000007 36.150000000000013 24.950000000000003 36.050000000000004 64.818452500000021 26.522916500000004
decision_type=2 2 2 2 2 2 2 2 2 2 2 2 2 2
left_child=1 2 5 6 -4 -1 -3 8 12 -10 13 -12 -2 -9
right_child=7 3 4 -5 -6 -7 -8 10 9 -11 11 -13 -14 -15
leaf_value=0.041025543308990095 -0.042897207959444732 -0.02197417156656889 0.060891209995101447 0.05061242055735557 3.5478090545612534e-05 -0.0066652404203548961 -0.00044253393818093913 0.010902584424793568 0.063773599090840946 -0.031638507543926324 0.062177625957024002 -0.033107290180719381 0.027913748672024764 -0.043308333435299495
leaf_weight=10.294207951286806 4.8637594312895072 56.406841708580032 24.038769621402025 8.9177215939853323 12.459741878788916 52.484293281799182 88.005893043940887 0.61315862066112714 4.135398720158264 1.5911137869115917 1.1996992782223963 1.8393915742635725 0.2643755143508314 29.325010517379269
leaf_count=279 519 2072 838 196 397 2312 3229 45 264 197 91 241 12 3350
internal_value=-0.00131322 0.00328495 0.0162748 -0.00517653 0.0406714 0.00167557 -0.00894596 -0.0272951 0.00246979 0.0365009 -0.0368767 0.0105884 -0.0352873 -0.0418815
internal_weight=296.439 252.607 99.277 153.33 36.4985 62.7785 144.413 43.8319 10.8546 5.72651 32.9773 3.03909 5.12813 29.9382
internal_count=14042 9323 3826 5497 1235 2591 5301 4719 992 461 3727 332 531 3395
is_linear=0
shrinkage=0.05


Tree=48
num_leaves=6
num_cat=1
split_feature=0 39 39 24 12
split_gain=21.3603 8.72713 9.96775 11.2882 10.3042
threshold=0 11.950000000000001 18.250000000000004 46.500000000000007 81.500000000000014
decision_type=1 2 2 2 2
left_child=1 -1 4 -4 -3
right_child=-2 2 3 -5 -6
leaf_value=0.074587678295909107 -0.03599325557221502 -0.014673943535894194 -0.014689406176252468 0.015486303346129132 0.091970036292947227
leaf_weight=3.3354967809282234 26.777090152027085 77.821898561669514 38.168465703492984 149.66486567328684 1.3447761368006457
leaf_count=44 7044 1771 1986 3207 28
internal_value=-0.000736113 0.00405308 0.00304814 0.00930916 -0.0117378
internal_weight=297.113 270.336 267 187.833 79.1667
internal_count=14080 7036 6992 5193 1799
cat_boundaries=0 1
cat_threshold=13
is_linear=0
shrinkage=0.05


Tree=49
num_leaves=6
num_cat=1
split_feature=0 20 37 4 38
split_gain=19.5727 7.26485 8.40683 17.8494 13.054
threshold=0 36.050000000000004 59.500000000000007 -0.17647087149565663 7.3636905000000015
decision_type=1 2 2 2 2
left_child=1 2 3 -1 -4
right_child=-2 -3 4 -5 -6
leaf_value=0.037293856683102942 -0.035384501995872029 -0.04456674033522301 -0.02113523380114235 -0.0010855475529611218 0.0095317058720273649
leaf_weight=49.895652604289353 25.43011573376134 6.5926125918049356 58.680389032699168 74.709532612003386 81.974037462845445
leaf_count=774 6995 632 1189 2912 1560
internal_value=-0.000945431 0.00356036 0.00505309 0.0144573 -0.00332129
internal_weight=297.282 271.852 265.26 124.605 140.654
internal_count=14062 7067 6435 3686 2749
cat_boundaries=0 1
cat_threshold=13
is_linear=0
shrinkage=0.05


Tree=50
num_leaves=9
num_cat=3
split_feature=0 33 0 5 5 0 39 26
split_gain=18.6433 8.68278 20.7815 38.4217 27.6622 13.8262 16.1909 13.4959
threshold=0 33.050000000000004 1 -0.9575230291762723 -0.97111920233974802 2 24.950000000000003 12.050000000000002
decision_type=1 2 1 2 2 1 2 2
left_child=1 2 4 -4 -1 6 -3 -7
right_child=-2 5 3 -5 -6 7 -8 -9
leaf_value=-0.052347954129640301 -0.035199956333516573 -0.0027985775089063797 0.067773532831086059 -0.026188890038860924 0.027574370300528311 0.10160644287388683 0.094577704359334713 -0.051157458142840201
leaf_weight=10.961988644208757 24.925047464203089 19.819690885022286 11.769073321018366 73.332655310165137 120.81466273637488 0.61618505604565399 4.421943847090005 26.557769156992435
leaf_count=321 7027 816 195 1142 2383 16 166 1988
internal_value=-0.0013735 0.00308081 0.00757988 -0.0112515 0.0191402 -0.0150917 0.0128975 -0.0326288
internal_weight=293.219 268.294 216.878 85.1017 131.777 51.4156 24.2416 27.174
internal_count=14054 7027 4041 1337 2704 2986 982 2004
cat_boundaries=0 1 2 3
cat_threshold=13 5 8
is_linear=0
shrinkage=0.05


Tree=51
num_leaves=9
num_cat=1
split_feature=0 37 37 32 38 42 39 35
split_gain=19.0808 8.63396 14.1215 13.482 11.5319 7.4086 10.6588 6.48349
threshold=0 40.500000000000007 59.500000000000007 27.709226500000003 7.3636905000000015 6.5000000000000009 24.950000000000003 63.925595000000008
decision_type=1 2 2 2 2 2 2 2
left_child=1 5 3 -3 -4 6 -1 -7
right_child=-2 2 4 -5 -6 7 -8 -9
leaf_value=-0.03496334162099296 -0.034783000089822998 0.032304074346395012 -0.018376664631360552 -0.019734914448043935 0.010604519264303572 0.10857800602229935 0.02900566279513371 -0.016272997338042126
leaf_weight=31.136083895107731 24.049075730144978 74.317623256007209 58.387150831986219 14.208481136476619 80.354069883469492 1.1695106253027909 7.3543632884975514 1.5675886052194981
leaf_count=1640 7030 1251 1191 893 1563 30 394 81
internal_value=-7.77802e-06 0.00435367 0.00834246 0.0238246 -0.001636 -0.0162804 -0.0223158 0.0518527
internal_weight=292.544 268.495 227.267 88.5261 138.741 41.2275 38.4904 2.7371
internal_count=14073 7043 4898 2144 2754 2145 2034 111
cat_boundaries=0 1
cat_threshold=13
is_linear=0
shrinkage=0.05


Tree=52
num_leaves=7
num_cat=1
split_feature=0 39 39 5 42 23
split_gain=17.2215 8.41277 6.67396 10.0732 9.52131 1.3651
threshold=0 12.65 17.450000000000003 -0.15950993297387567 3.5000000000000004 97.500000000000014
decision_type=1 2 2 2 2 2
left_child=1 5 3 -3 -4 -1
right_child=-2 2 4 -5 -6 -7
leaf_value=0.00960344804707715 -0.034354078980329432 0.016349396911792907 -0.023867668714357245 -0.027280451041397813 0.010073948384345954 0.070229501816164719
leaf_weight=1.5528064859099675 23.173426910769194 19.009271434508264 22.36572575266473 38.802081748843193 180.09051073645242 4.3324705050326884
leaf_count=20 7055 525 1175 820 4406 60
internal_value=-0.000919835 0.00327236 0.00194411 -0.0129002 0.00622547 0.0579516
internal_weight=289.326 266.153 260.268 57.8114 202.456 5.88528
internal_count=14061 7006 6926 1345 5581 80
cat_boundaries=0 1
cat_threshold=13
is_linear=0
shrinkage=0.05


Tree=53
num_leaves=11
num_cat=1
split_feature=0 40 34 5 38 4 34 10 4 43
split_gain=19.1315 8.97012 10.3556 15.3762 11.19 6.09845 8.33666 3.23568 2.04397 0.0410786
threshold=0 127.05000000000001 23.950000000000003 -0.82413948779581736 5.720238000000001 -0.78326540922535159 24.150000000000002 89.645833500000023 -0.90893996196865012 34.600000000000001
decision_type=1 2 2 2 2 2 2 2 2 2
left_child=1 2 3 -1 -4 6 -2 9 -8 -3
right_child=5 7 4 -5 -6 -7 8 -9 -10 -11
leaf_value=0.05133536306254393 -0.042842707464298885 -0.058197908132507054 0.088086658309609475 0.0081815950223793777 -0.014569930589005948 -0.048375414548777612 -0.02135980129636365 0.01506697044610311 0.047130466601962497 -0.020639169264212085
leaf_weight=22.776855406351388 5.7953781636897457 5.7329080272465927 1.7905466658994544 161.5725552670192 57.780027176486328 26.376587436301634 0.72803080431185652 1.6994343032129107 4.8186433082446456 1.6081677782349286
leaf_count=234 1497 67 27 2468 1846 7683 79 25 104 25
internal_value=0.000538005 0.00581559 0.0079213 0.0137616 -0.010081 -0.0282882 -0.00435968 -0.0403365 0.0362512 -0.0534309
internal_weight=290.679 252.96 243.92 184.349 59.5706 37.7186 11.3421 9.04051 5.54667 7.34108
internal_count=14055 4692 4575 2702 1873 9363 1680 117 183 92
cat_boundaries=0 1
cat_threshold=9
is_linear=0
shrinkage=0.05


Tree=54
num_leaves=8
num_cat=1
split_feature=0 34 37 5 5 37 40
split_gain=17.0528 7.54968 9.04056 13.467 10.5481 5.19438 2.33951
threshold=0 24.650000000000002 62.500000000000007 0.38043945030393422 -0.96234030595689413 66.500000000000014 65.200000000000003
decision_type=1 2 2 2 2 2 2
left_child=1 2 3 -1 -4 -3 -7
right_child=-2 5 4 -5 -6 6 -8
leaf_value=0.028110641049098252 -0.033680233046662962 -0.046760849607589083 0.038807201820854925 -0.00023917442006314387 -0.013134821720868696 0.027994692026442055 -0.032292808201424238
leaf_weight=80.47409029235132 21.731456130743027 10.544168447144331 10.251872321125118 86.186158115509897 74.314591930015013 4.1985525316558769 1.3852915922179816
leaf_count=2015 7028 1069 175 2247 1375 64 54
internal_value=0.000493412 0.00447463 0.00680676 0.0135359 -0.00645802 -0.027517 0.0104049
internal_weight=289.086 267.355 251.227 166.66 84.5665 16.128 5.58384
internal_count=14027 6999 5812 4262 1550 1187 118
cat_boundaries=0 1
cat_threshold=13
is_linear=0
shrinkage=0.05


Tree=55
num_leaves=6
num_cat=1
split_feature=0 39 39 37 12
split_gain=14.2004 8.35861 8.34649 8.66965 8.1099
threshold=0 11.950000000000001 18.250000000000004 40.500000000000007 81.500000000000014
decision_type=1 2 2 2 2
left_child=1 -1 4 -4 -3
right_child=-2 2 3 -5 -6
leaf_value=0.072402012406196467 -0.033013364304893163 -0.014673699751426926 -0.015527521752167164 0.012113082630806432 0.084428996849434404
leaf_weight=3.2021315484307697 20.629722975660115 77.884195861173794 33.846508467337117 153.51811519521289 1.1356486128643144
leaf_count=41 7012 1780 1910 3260 28
internal_value=-0.00132741 0.00234381 0.00132169 0.00706402 -0.0122121
internal_weight=290.216 269.587 266.384 187.365 79.0198
internal_count=14031 7019 6978 5170 1808
cat_boundaries=0 1
cat_threshold=13
is_linear=0
shrinkage=0.05


Tree=56
num_leaves=8
num_cat=2
split_feature=1 0 44 38 4 5 9
split_gain=14.6324 13.6917 9.82974 10.1488 7.92869 10.6592 3.96226
threshold=0 1 52.000000000000007 11.614285500000003 -0.79384350655589164 -0.42179730054635828 24.450000000000003
decision_type=1 1 2 2 2 2 2
left_child=4 2 3 -2 5 6 -1
right_child=1 -3 -4 -5 -6 -7 -8
leaf_value=-0.02301632631658317 0.0069024107827235382 -0.03058132641280787 0.058460197104576686 -0.041382752925070612 -0.048110247235997154 -0.041525636200090497 0.076266998332190583
leaf_weight=0.79380019614472974 224.94366073142737 17.077318423427641 7.7999844849109641 10.443120641633866 22.431352731771767 4.7155935135670024 3.4977606507018209
leaf_count=128 2080 4688 34 235 5813 1016 75
internal_value=-0.00109692 0.00283933 0.00629638 0.0045942 -0.0327662 0.00643543 0.0570236
internal_weight=291.703 260.264 243.187 235.387 31.4385 9.00715 4.29156
internal_count=14069 7037 2349 2315 7032 1219 203
cat_boundaries=0 1 2
cat_threshold=1 9
is_linear=0
shrinkage=0.05


Tree=57
num_leaves=11
num_cat=1
split_feature=1 37 4 5 44 34 40 27 7 5
split_gain=12.984 9.65962 8.84606 10.7784 6.72441 9.60215 5.18489 3.91783 0.602759 0.558573
threshold=0 68.500000000000014 -0.78326540922535159 -0.42179730054635828 52.000000000000007 24.650000000000002 86.40000000000002 49.600000000000009 26.502083500000001 -0.88620506325989179
decision_type=1 2 2 2 2 2 2 2 2 2
left_child=2 4 3 7 5 -2 8 -1 -3 -6
right_child=1 6 -4 -5 9 -7 -8 -9 -10 -11
leaf_value=0.095659723145113978 0.0063224342129126424 0.026040212159776158 -0.047974708987667661 -0.041311556407569866 0.017055942086094265 -0.042014440802605725 -0.05439044438527716 0.0093686519387455782 -0.0063451279722442095 0.062423907799011552
leaf_weight=2.0325738801620901 228.14809816051275 1.7155671084765334 21.146359818521887 4.5814134483225661 1.8845346546731887 9.7646978527773154 9.6937611398752761 2.7530470269266516 2.402569575002417 4.3899974545929572
leaf_count=149 5563 23 5730 1023 24 1077 241 73 54 58
internal_value=-0.000408051 0.00328051 -0.0307103 0.00913273 0.00563718 0.00417098 -0.0359518 0.056218 0.00959806 0.0530155
internal_weight=288.513 257.999 30.5134 9.36703 244.187 237.913 13.8119 4.78562 4.11814 6.27453
internal_count=14015 7040 6975 1245 6722 6640 318 222 77 82
cat_boundaries=0 1
cat_threshold=1
is_linear=0
shrinkage=0.05


Tree=58
num_leaves=9
num_cat=3
split_feature=0 1 37 44 40 4 34 1
split_gain=13.2116 14.2856 8.49268 9.74869 6.50773 5.81786 6.84934 3.12328
threshold=0 1 68.500000000000014 45.900000000000013 86.40000000000002 -0.79384350655589164 24.150000000000002 2
decision_type=1 1 2 2 2 2 2 1
left_child=1 2 3 -1 -4 6 -2 -8
right_child=5 -3 4 -5 -6 -7 7 -9
leaf_value=0.0042555735057302714 -0.041969106641168284 -0.046653741047455601 0.017088015778500609 0.036381994272031586 -0.054097186962357373 -0.048084539345236266 0.047347931117931064 -0.027254882754670154
leaf_weight=201.05888477526605 5.0875202049501222 12.752975397510452 4.1573721058666697 25.818628516048193 8.9654927607625705 22.837194951018319 4.7021066010929644 1.1349634898360816
leaf_count=2006 1477 2360 25 222 83 7687 85 92
internal_value=-0.00155437 0.00281698 0.00574528 0.00805517 -0.0319323 -0.0265828 -0.00366411 0.0309774
internal_weight=286.515 252.753 240 226.878 13.1229 33.7618 10.9246 5.83707
internal_count=14037 4696 2336 2228 108 9341 1654 177
cat_boundaries=0 1 2 3
cat_threshold=9 2 1
is_linear=0
shrinkage=0.05


Tree=59
num_leaves=6
num_cat=1
split_feature=0 20 38 26 39
split_gain=13.9449 6.43678 8.19681 9.39631 8.02016
threshold=0 36.050000000000004 7.7473215000000009 20.650000000000002 21.950000000000003
decision_type=1 2 2 2 2
left_child=1 2 3 -1 -4
right_child=-2 -3 4 -5 -6
leaf_value=-0.0072335643878161555 -0.032030679392431143 -0.043798462448312751 0.02775574264720514 0.039919834223378615 0.0027944788763701552
leaf_weight=123.85067438124679 18.709720580140129 5.8356071196030816 58.929461540421471 10.547410465078427 70.042016815626994
leaf_count=2701 7004 638 1452 268 1950
internal_value=0.000584102 0.00399842 0.00537039 -0.00326552 0.0143255
internal_weight=287.915 269.205 263.37 134.398 128.971
internal_count=14013 7009 6371 2969 3402
cat_boundaries=0 1
cat_threshold=13
is_linear=0
shrinkage=0.05


Tree=60
num_leaves=6
num_cat=2
split_feature=0 19 33 33 0
split_gain=12.4086 7.10798 8.13158 12.8088 12.4696
threshold=0 29.230555500000005 35.350000000000001 33.45000000000001 1
decision_type=1 2 2 2 1
left_child=1 2 3 -1 -4
right_child=-2 -3 4 -5 -6
leaf_value=0.0054173152418072173 -0.031618799649365287 -0.044598831379428258 0.049589907672538867 -0.034595074394856699 -0.020033531526605544
leaf_weight=226.33658171980642 18.123999368050136 6.6992641725810236 8.5689816533122212 20.933534621959552 6.4815660566091511
leaf_count=4266 7045 788 217 1354 412
internal_value=-0.000594411 0.00267692 0.00415071 0.00190422 0.0386408
internal_weight=287.144 269.02 262.321 247.27 15.0505
internal_count=14082 7037 6249 5620 629
cat_boundaries=0 1 2
cat_threshold=13 8
is_linear=0
shrinkage=0.05


Tree=61
num_leaves=6
num_cat=2
split_feature=0 33 33 0 5
split_gain=11.7313 8.84612 13.1486 14.2617 13.0342
threshold=0 36.050000000000004 35.350000000000001 1 0.70747208174348741
decision_type=1 2 2 1 2
left_child=1 2 3 -1 -4
right_child=-2 -3 4 -5 -6
leaf_value=0.011013518628083295 -0.031293067137283963 -0.045879972985873707 0.017371432377504561 -0.012410761227829832 0.1263287382302761
leaf_weight=146.8061266746372 17.634032385074534 8.165382066043092 9.3208000601734948 99.687410153448582 3.1475243312306693
leaf_count=3806 6995 852 385 1885 84
internal_value=-0.000871461 0.00232633 0.00410647 0.0014719 0.0522143
internal_weight=284.761 267.127 258.962 246.494 12.4683
internal_count=14007 7012 6160 5691 469
cat_boundaries=0 1 2
cat_threshold=13 5
is_linear=0
shrinkage=0.05


Tree=62
num_leaves=9
num_cat=1
split_feature=0 34 38 5 8 4 34 11
split_gain=10.8315 8.29898 9.75885 9.89644 8.40305 3.67973 1.41619 0.402723
threshold=0 19.950000000000006 7.6529765000000012 -0.85225707553516283 30.850000000000005 -0.022576249993022598 18.250000000000004 90.500000000000014
decision_type=1 2 2 2 2 2 2 2
left_child=1 5 3 -3 -4 6 -1 -7
right_child=-2 2 4 -5 -6 7 -8 -9
leaf_value=0.020226686066859092 -0.030956885762287348 0.018618541495089409 0.025204955455946022 -0.017303713078380523 -0.00045761774238138245 -0.029245243166251614 0.071238904433591946 0.0082574485816381948
leaf_weight=3.0835263901390118 17.164602191653103 22.89437872893177 49.59866546606645 98.208575767697766 86.219655164401047 0.97592397010885068 5.2598402840085328 0.56834889063611627
leaf_count=36 7038 534 848 2213 3255 40 67 15
internal_value=-0.00148982 0.00161021 -0.000141029 -0.0104158 0.00902967 0.0444269 0.0565685 -0.0176223
internal_weight=283.974 266.809 256.921 121.103 135.818 9.88764 8.34337 1.54427
internal_count=14046 7008 6850 2747 4103 158 103 55
cat_boundaries=0 1
cat_threshold=13
is_linear=0
shrinkage=0.05


Tree=63
num_leaves=9
num_cat=1
split_feature=0 24 43 39 36 42 25 4
split_gain=10.1122 7.07628 13.5876 11.9613 9.14618 9.45305 5.93163 5.33009
threshold=0 44.500000000000007 5.3500000000000005 15.850000000000003 90.500000000000014 3.5000000000000004 5.6881945000000007 -0.056952163117076689
decision_type=1 2 2 2 2 2 2 2
left_child=1 4 6 -4 5 -1 -3 -6
right_child=-2 2 3 -5 7 -7 -8 -9
leaf_value=-0.039286489846325184 -0.030739461465343839 -0.015993256028933339 -0.030848854369745739 0.005142341229345886 0.020395482302634629 0.056279807583257839 0.057843625124227617 -0.038446771292397389
leaf_weight=3.1628053619060648 16.82441534998361 2.8424442117102471 25.269574038917199 189.44828484812751 3.811300675384703 6.2354009409900755 14.551503976341335 27.452330603031442
leaf_count=258 7009 62 561 3945 77 257 278 1588
internal_value=-0.00206591 0.000898461 0.0043201 0.000783263 -0.0180526 0.0234334 0.045564 -0.0308636
internal_weight=289.598 272.774 232.112 214.718 40.6618 9.39821 17.3939 31.2636
internal_count=14035 7026 4846 4506 2180 515 340 1665
cat_boundaries=0 1
cat_threshold=13
is_linear=0
shrinkage=0.05


Tree=64
num_leaves=9
num_cat=1
split_feature=0 38 35 32 8 5 20 39
split_gain=9.86585 6.59771 9.54222 11.4654 11.2906 9.20934 11.0483 8.80429
threshold=0 7.8068455000000005 86.961309500000013 27.211012000000004 28.300000000000001 -0.77243990499604276 31.250000000000004 20.450000000000003
decision_type=1 2 2 2 2 2 2 2
left_child=1 2 3 -1 -4 7 -7 -3
right_child=-2 5 4 -5 -6 6 -8 -9
leaf_value=0.012787105749154412 -0.030024196967768941 0.035316247447278674 0.064230976747005258 -0.023501771714946374 -0.035689276035970822 0.044929230829127607 0.0069982103634456394 -0.023299408203116666
leaf_weight=71.799225471215323 15.936993220704606 7.1722103750798842 2.1738953532185397 30.055527960881591 33.027531668543816 26.363840288948268 65.958148171310313 29.420772002777085
leaf_count=1243 6991 128 33 1186 600 367 2629 817
internal_value=-0.00120335 0.00169088 -0.00586373 0.00195452 -0.0279148 0.00983604 0.0181953 -0.0111769
internal_weight=281.908 265.971 137.056 101.855 35.2014 128.915 92.322 36.593
internal_count=13994 7003 3062 2429 633 3941 2996 945
cat_boundaries=0 1
cat_threshold=13
is_linear=0
shrinkage=0.05


Tree=65
num_leaves=7
num_cat=1
split_feature=0 37 37 35 38 35
split_gain=9.2672 6.617 6.97636 14.3259 7.51519 1.10933
threshold=0 29.500000000000004 59.500000000000007 83.252976500000017 7.3636905000000015 68.744048000000006
decision_type=1 2 2 2 2 2
left_child=1 5 3 -3 -4 -1
right_child=-2 2 4 -5 -6 -7
leaf_value=-0.045673153598172644 -0.029780495651084805 -0.0014288518876067083 -0.01853261938371616 0.03429570386901875 0.0047710884833615103 0.010169012085871412
leaf_weight=7.4963888487545756 15.636330695822833 78.187700819922611 58.285542623372748 42.70780361071229 82.333995400927961 0.63069411390461017
leaf_count=618 6989 2849 1200 776 1564 33
internal_value=-0.00167668 0.00111617 0.00260831 0.0113691 -0.00495075 -0.0407002
internal_weight=285.278 269.642 261.515 120.896 140.62 8.12708
internal_count=14029 7040 6389 3625 2764 651
cat_boundaries=0 1
cat_threshold=13
is_linear=0
shrinkage=0.05


Tree=66
num_leaves=15
num_cat=2
split_feature=0 33 34 4 34 0 33 44 38 26 32 33 38 5
split_gain=11.875 46.4375 28.5571 25.149 20.912 21.5 16.9785 16.4563 14.2284 12.3235 9.99675 9.4855 7.64805 7.05798
threshold=0 32.350000000000001 23.550000000000004 -0.30983472475487861 21.550000000000004 1 32.550000000000004 46.600000000000001 6.9395835000000003 12.950000000000001 27.186012000000002 31.250000000000004 6.044642500000001 -0.17646730165275518
decision_type=1 2 2 2 2 1 2 2 2 2 2 2 2 2
left_child=1 2 11 6 12 -6 13 -4 -8 -3 -11 -1 -5 -2
right_child=3 9 7 4 5 -7 8 -9 -10 10 -12 -13 -14 -15
leaf_value=0.022618884632074371 -0.020735284553255039 0.069444742734914161 -0.016472660920285969 0.051752822561521389 0.034319262406179642 -0.026582556273923891 0.11964570866842242 0.055545937179523289 -0.010206085027317962 -0.0060013404942235726 -0.052582026253100073 0.068977862759464353 -0.054795489828564387 -0.055885869373069552
leaf_weight=17.762541094794869 26.585825370741077 2.1118471056688568 34.198120538145304 1.119939578231423 46.426754467654973 12.394264425151048 2.0969320408767071 9.2395401676185411 6.1883409824222326 19.184995118994266 28.93769427773077 35.349880226422101 12.935703953378832 35.119779082015157
leaf_count=154 1578 36 384 38 1273 5117 110 95 273 265 1125 304 1100 2222
internal_value=-0.000539783 0.00913564 0.0299403 -0.0103878 0.00940843 0.02255 -0.0323058 -0.00024848 0.0320044 -0.0288715 -0.034512 0.0541784 -0.0434323 -0.0413135
internal_weight=289.652 146.785 96.5501 142.868 72.8767 58.821 69.9909 43.4377 8.28527 50.2345 48.1227 53.1124 14.0556 61.7056
internal_count=14074 2363 937 11711 7528 6390 4183 479 383 1426 1390 458 1138 3800
cat_boundaries=0 1 2
cat_threshold=1 8
is_linear=0
shrinkage=0.05


Tree=67
num_leaves=10
num_cat=0
split_feature=37 36 8 34 21 37 30 35 13
split_gain=6.62297 9.80645 10.6919 9.89313 9.55324 8.64374 4.43371 1.02388 0.572945
threshold=29.500000000000004 91.500000000000014 32.850000000000001 23.050000000000004 25.050000000000004 55.500000000000007 14.15 68.744048000000006 13.335417000000001
decision_type=2 2 2 2 2 2 2 2 2
left_child=7 3 5 -2 -5 -3 -4 -1 -9
right_child=1 2 6 4 -6 -7 -8 8 -10
leaf_value=-0.045747759455070987 -0.035066497038940575 0.019475939506114721 -0.040202505869364108 0.099987863446410238 -0.028968972884886274 -0.0028881588503262209 0.028192659996490156 -0.016449676321857041 0.030438096959449712
leaf_weight=7.9695420647039992 2.061880632187238 55.182073901640251 20.272381808259528 5.7529096730286255 1.3397513207746667 186.25222151295748 1.9565590381389473 0.46914601675234724 0.22789795976132154
leaf_count=1208 227 2311 2656 287 327 6828 132 57 12
internal_value=-0.000408994 0.0010284 -0.000825446 0.0492449 0.0750592 0.00228262 -0.0332279 -0.0410826 0.00778289
internal_weight=281.484 272.818 263.663 9.15454 7.09266 241.434 22.2289 8.66659 0.697044
internal_count=14045 12768 11927 841 614 9139 2788 1277 69
is_linear=0
shrinkage=0.05


Tree=68
num_leaves=9
num_cat=2
split_feature=0 44 0 32 5 37 27 5
split_gain=8.55286 5.72086 11.8675 23.8961 12.7274 6.11125 9.48904 5.68257
threshold=0 34.750000000000007 1 26.409821500000003 -0.88620506325989179 62.500000000000007 1.4500000000000002 -0.96234030595689413
decision_type=1 2 1 2 2 2 2 2
left_child=1 2 3 -1 -4 6 -3 -7
right_child=-2 5 4 -5 -6 7 -8 -9
leaf_value=0.050856299819249197 -0.028972320734220316 -0.012737378692902774 0.031106889644972685 -0.017441402340739157 -0.043355700739461059 0.029960327361329277 0.023936342087841161 -0.0089300258205436463
leaf_weight=19.930012745782733 14.673371287062762 22.565758659387939 6.1128674198407671 32.118116302066483 34.081627323990688 9.8799875597469491 71.861857522744685 68.201892772456631
leaf_count=176 7051 1336 167 571 1323 156 1944 1337
internal_value=-0.00144379 0.00122915 -0.00871847 0.00772103 -0.0253881 0.00663868 0.0151306 -0.00369246
internal_weight=279.425 264.752 92.2426 52.0481 40.1945 172.509 94.4276 78.0819
internal_count=14061 7010 2237 747 1490 4773 3280 1493
cat_boundaries=0 1 2
cat_threshold=13 1
is_linear=0
shrinkage=0.05


Tree=69
num_leaves=7
num_cat=1
split_feature=0 44 38 33 2 32
split_gain=8.60597 5.41382 8.01108 7.52379 4.60878 0.852433
threshold=0 52.000000000000007 11.614285500000003 35.350000000000001 8.5000000000000018 27.371131000000002
decision_type=1 2 2 2 2 2
left_child=1 2 3 -1 -4 -3
right_child=-2 5 4 -5 -6 -7
leaf_value=5.373945332546451e-05 -0.028692463496289497 0.054943213488602906 -0.049111988407361133 0.033657165565814252 0.032438272243683466 0.016837329885127029
leaf_weight=229.07052039820701 14.341556711820884 4.0049042315222314 10.45284355804324 16.964053597766906 1.3282902054488648 3.8720748806372285
leaf_count=5336 7022 52 697 871 28 46
internal_value=-0.00085419 0.00176027 0.00050243 0.00249756 -0.0380988 0.0402184
internal_weight=280.034 265.693 257.816 246.035 11.7811 7.87698
internal_count=14052 7030 6932 6207 725 98
cat_boundaries=0 1
cat_threshold=13
is_linear=0
shrinkage=0.05


Tree=70
num_leaves=12
num_cat=1
split_feature=1 4 5 34 5 5 27 38 39 12 7
split_gain=8.64253 10.4793 11.2605 6.64341 13.4711 12.8902 12.0184 11.8955 8.84024 7.57354 3.38058
threshold=0 -0.78326540922535159 -0.42179730054635828 23.950000000000003 -0.17646730165275518 0.14888728888808322 38.350000000000001 5.7779760000000016 24.950000000000003 42.500000000000007 26.756250000000005
decision_type=1 2 2 2 2 2 2 2 2 2 2
left_child=1 2 10 4 6 7 -2 -5 -6 -7 -1
right_child=3 -3 -4 5 8 9 -8 -9 -10 -11 -12
leaf_value=-0.0072984382775173277 0.041178535430067956 -0.047546940759775412 -0.040146345086467618 0.082376970158937982 -0.0050232154318250065 -0.029180051357907678 -0.0043532122615408666 -0.022235203348159056 0.045970735046602214 0.090434846278859546 0.082255247489656541
leaf_weight=1.1648804137948898 43.314688362879679 17.651027899002656 3.9383111138595286 1.8826608138624568 120.83455346152186 1.2887209090404201 21.272784191183746 56.503555369796231 8.137277302448636 3.6767706605605781 3.644176164525561
leaf_count=115 621 5781 1031 37 2969 140 329 2555 264 121 117
internal_value=0.000464546 -0.0262368 0.0172305 0.00329928 0.00789426 -0.0106443 0.0263443 -0.0175317 -0.00147689 0.0597031 0.0630408
internal_weight=283.309 26.3984 8.74737 256.911 193.559 63.3517 64.5875 58.3862 128.972 4.96549 4.80906
internal_count=14080 7044 1263 7036 4183 2853 950 2592 3233 261 232
cat_boundaries=0 1
cat_threshold=1
is_linear=0
shrinkage=0.05


Tree=71
num_leaves=14
num_cat=2
split_feature=0 33 43 4 2 1 5 43 34 26 32 44 4
split_gain=8.99144 42.4942 23.973 21.3661 18.5492 17.8944 16.8556 22.5406 13.7596 11.8413 8.94346 8.91072 1.53108
threshold=0 32.350000000000001 14.450000000000001 -0.30983472475487861 1.5000000000000002 1 -0.17646730165275518 22.050000000000004 23.550000000000004 12.950000000000001 27.186012000000002 29.700000000000003 -0.32614396506100213
decision_type=1 2 2 2 2 1 2 2 2 2 2 2 2
left_child=1 2 11 6 -5 -6 7 -2 -4 -3 -11 -1 -8
right_child=3 9 8 4 5 -7 12 -9 -10 10 -12 -13 -14
leaf_value=0.023884515543827967 -0.038411904537141883 0.066238756852957312 0.035263019086304727 -0.052124260985509333 0.029989833804490482 -0.044882327385720448 -0.05628869849540355 0.041508436646503756 -0.0092513496211151045 -0.0066632277783132748 -0.052320732548638553 0.086681476999359242 0.013484309198436373
leaf_weight=9.4332443089224416 19.924975121277384 2.1654288896825156 31.859610637649894 9.58759290515445 54.355640867026523 8.4149260692065564 31.918709689984098 14.26460395217873 36.116765363141894 17.62556828209199 27.760717774392106 18.034804911352694 0.44946513464674254
leaf_count=77 1252 36 273 1052 3254 3215 2208 688 408 260 1146 164 29
internal_value=-7.98822e-05 0.0084112 0.0281458 -0.00879088 0.00934691 0.0194062 -0.0296571 -0.00483547 0.0118207 -0.029231 -0.0351157 0.0667119 -0.0549448
internal_weight=281.912 142.996 95.4444 138.916 72.3582 62.7706 66.5578 34.1896 67.9764 47.5517 45.3863 27.468 32.3682
internal_count=14062 2364 922 11698 7521 6469 4177 1940 681 1442 1406 241 2237
cat_boundaries=0 1 2
cat_threshold=1 2
is_linear=0
shrinkage=0.05


Tree=72
num_leaves=6
num_cat=1
split_feature=0 12 34 39 25
split_gain=8.36753 5.27351 4.92883 8.35279 1.8331
threshold=0 81.500000000000014 19.950000000000006 16.000000000000004 7.7847220000000013
decision_type=1 2 2 2 2
left_child=1 2 4 -4 -1
right_child=-2 -3 3 -5 -6
leaf_value=0.046293788491455136 -0.027977205839249869 0.068184342555166061 -0.023593670613761799 0.0038569719166923208 -0.0036397025464344869
leaf_weight=7.2626415756531042 13.498795839142984 2.0317664691247037 30.635511420667171 222.45566883671563 2.1857803235761821
leaf_count=90 7021 31 705 6132 65
internal_value=2.75531e-05 0.00251513 0.00184556 0.000454421 0.0354995
internal_weight=278.07 264.571 262.54 253.091 9.44842
internal_count=14044 7023 6992 6837 155
cat_boundaries=0 1
cat_threshold=13
is_linear=0
shrinkage=0.05


Tree=73
num_leaves=7
num_cat=1
split_feature=0 32 37 2 38 5
split_gain=8.34682 5.67851 6.81178 8.26767 7.1705 3.29595
threshold=0 28.962202500000004 60.500000000000007 2.5000000000000004 6.7913690000000004 0.74298546529340237
decision_type=1 2 2 2 2 2
left_child=1 2 3 -1 -4 -3
right_child=-2 5 4 -5 -6 -7
leaf_value=-0.011504539526381046 -0.027991056858298155 -0.045403181256673919 -0.022022585157079264 0.018917764233689929 0.0034684492951135033 0.036551642464110946
leaf_weight=28.034964590216987 13.472837226116097 7.7086266666883585 38.074493739753962 98.790381705388427 93.133035081904382 0.66550717037171114
leaf_count=1171 7030 924 815 2333 1760 15
internal_value=7.4195e-07 0.00247012 0.00393676 0.0121555 -0.0040393 -0.0356857
internal_weight=279.88 266.407 258.033 126.825 131.208 8.37413
internal_count=14048 7018 6079 3504 2575 939
cat_boundaries=0 1
cat_threshold=13
is_linear=0
shrinkage=0.05


Tree=74
num_leaves=9
num_cat=1
split_feature=0 37 43 40 25 38 5 4
split_gain=7.27899 5.66586 10.6395 8.93716 5.72502 4.36882 7.41366 4.11308
threshold=0 40.500000000000007 5.3500000000000005 14.950000000000001 5.6881945000000007 9.2145835000000016 0.74298546529340237 -0.022576249993022598
decision_type=1 2 2 2 2 2 2 2
left_child=1 5 4 -4 -3 7 -7 -1
right_child=-2 2 3 -5 -6 6 -8 -9
leaf_value=0.019961936440322955 -0.02750267908162235 -0.020235292396816693 -0.051307731322519749 0.0028591996039178664 0.04877487850552948 -0.01885858528135316 0.04360276998195501 -0.04328368664362383
leaf_weight=2.4506748353596803 12.986352178850209 3.0230180593207505 6.9115931338164946 202.31235723244026 17.200937255984172 15.166308252955789 5.7277113324962547 15.139611247461287
leaf_count=49 7021 71 203 4324 328 1173 163 771
internal_value=-0.0011322 0.00122073 0.00426008 0.000834276 0.037992 -0.01624 -0.000526484 -0.0338725
internal_weight=280.919 267.932 229.448 209.224 20.224 38.4843 20.894 17.5903
internal_count=14103 7082 4926 4527 399 2156 1336 820
cat_boundaries=0 1
cat_threshold=13
is_linear=0
shrinkage=0.05


Tree=75
num_leaves=8
num_cat=1
split_feature=0 34 37 37 44 35 10
split_gain=7.00018 5.47295 5.50552 6.95714 5.15638 1.11884 0.14624
threshold=0 24.650000000000002 29.500000000000004 62.500000000000007 52.750000000000007 68.744048000000006 84.354166500000005
decision_type=1 2 2 2 2 2 2
left_child=1 2 5 -4 -3 -1 -6
right_child=-2 4 3 -5 6 -7 -8
leaf_value=-0.044486656358772803 -0.027303579675313619 -0.046640264130090085 0.010223088058169578 -0.0074509291375879933 0.023603848973719227 0.011949039155666866 0.0032233155103390237
leaf_weight=6.1759527925169087 12.778544090688227 9.8056357576278952 158.84799571498297 84.567268579732627 2.1625451883301134 0.58050265884958197 1.7224255003966389
leaf_count=541 7043 1115 3715 1558 28 34 25
internal_value=-0.00134547 0.00100298 0.00277195 0.00407742 -0.0286274 -0.0387224 0.0170776
internal_weight=276.641 263.862 250.172 243.415 13.6906 6.75646 3.88497
internal_count=14059 7016 5848 5273 1168 575 53
cat_boundaries=0 1
cat_threshold=13
is_linear=0
shrinkage=0.05


Tree=76
num_leaves=12
num_cat=2
split_feature=0 4 5 4 5 43 2 0 40 32 39
split_gain=7.30221 37.0187 32.5285 21.6719 17.263 19.8807 15.8057 16.6814 11.5684 3.55114 1.78242
threshold=0 0.52033990680116082 -0.95242240592625282 -0.30983472475487861 -0.17646730165275518 22.050000000000004 1.5000000000000002 1 116.10000000000001 26.606547500000005 11.750000000000002
decision_type=1 2 2 2 2 2 2 1 2 2 2
left_child=1 2 9 4 5 -2 -5 -8 -4 -1 -6
right_child=3 -3 8 6 10 -7 7 -9 -10 -11 -12
leaf_value=0.011140657156560662 -0.035691377980676085 -0.054310797867311793 0.033194318005819179 -0.050478907314822845 0.020806072181409913 0.039145844424727516 0.029078687803872478 -0.025164310008755277 -0.030675521305842553 -0.055894205404822685 -0.056191403110189046
leaf_weight=1.9438887792639423 19.804122639121488 19.188297176151536 98.458328095963225 8.2062282846309227 0.29400229989551263 14.483677013427949 50.887626457260922 11.063799616298637 6.8674649931490412 13.364410977810619 31.186544682248496
leaf_count=18 1261 863 1158 1059 17 681 1285 5220 66 242 2231
internal_value=0.000199314 0.00791381 0.0188271 -0.00774825 -0.0287275 -0.00386553 0.0109569 0.0197675 0.0287805 -0.0472208 -0.0548539
internal_weight=275.748 139.822 120.634 135.926 65.7683 34.2878 70.1577 61.9514 105.326 15.3083 31.4805
internal_count=14101 2347 1484 11754 4190 1942 7564 6505 1224 260 2248
cat_boundaries=0 1 2
cat_threshold=1 8
is_linear=0
shrinkage=0.05


Tree=77
num_leaves=15
num_cat=1
split_feature=0 33 4 40 34 32 5 43 4 32 26 4 5 38
split_gain=6.97247 31.1958 21.1849 17.7014 17.02 16.3756 14.3377 21.2245 11.1788 10.6984 12.2757 12.1021 9.17913 6.6687
threshold=0 32.350000000000001 -0.30983472475487861 90.050000000000026 21.550000000000004 27.174405000000004 -0.17646730165275518 22.050000000000004 -0.88622299073327826 26.854762000000004 11.65 0.42179998225932674 -0.96234030595689413 6.0776785000000002
decision_type=1 2 2 2 2 2 2 2 2 2 2 2 2 2
left_child=1 3 6 12 13 -6 7 -2 -5 11 -11 -3 -1 -4
right_child=2 9 4 8 5 -7 -8 -9 -10 10 -12 -13 -14 -15
leaf_value=-0.045789232965380317 -0.041820528625482682 0.060167848008511784 0.0448501993131801 0.019255736706244947 0.057965577416584119 0.001719833229794424 -0.055570630535661719 0.035776191238934225 -0.044544580220761527 0.080201226880609364 -0.04543155694052721 -0.047645172284186098 0.03960967146446856 -0.054152847407616327
leaf_weight=2.4954388979822388 19.267301112879068 5.697647253982721 1.2006060457788397 13.087765071075411 18.105717996368185 40.30271638429258 30.100903604412451 14.62628718849737 12.533495880663393 1.1618404099717725 35.220713582239114 3.3381435106275603 65.223493813769892 11.437901933561077
leaf_count=37 1241 65 48 125 969 5407 2247 689 146 12 1291 61 603 1104
internal_value=-0.00202913 0.00571302 -0.00967657 0.0225934 0.00837867 0.0198374 -0.0310309 -0.00826915 -0.0124552 -0.0274868 -0.0393815 0.0195591 0.0358422 -0.0421491
internal_weight=273.8 138.759 135.041 93.3402 71.0469 58.4084 63.9945 33.8936 25.6213 45.4183 36.3826 9.03579 67.7189 12.6385
internal_count=14045 2340 11705 911 7528 6376 4177 1930 271 1429 1303 126 640 1152
cat_boundaries=0 1
cat_threshold=1
is_linear=0
shrinkage=0.05


Tree=78
num_leaves=6
num_cat=2
split_feature=0 19 33 33 0
split_gain=6.06633 5.45665 6.98618 8.2363 7.87449
threshold=0 29.197916500000002 35.350000000000001 33.45000000000001 1
decision_type=1 2 2 2 1
left_child=1 2 3 -1 -4
right_child=-2 -3 4 -5 -6
leaf_value=0.0021158169656164032 -0.026483486941371887 -0.043949706527470767 0.040942876825702607 -0.032183038403300994 -0.017313296417843283
leaf_weight=226.35584563331213 11.961313060950486 5.7774752064724444 8.5465780950617045 17.963158952654339 5.3416209346614751
leaf_count=4295 7017 806 189 1347 380
internal_value=-0.00186985 0.000328197 0.00149732 -0.00052686 0.0347501
internal_weight=275.946 263.985 258.207 244.319 13.8882
internal_count=14034 7017 6211 5642 569
cat_boundaries=0 1 2
cat_threshold=13 8
is_linear=0
shrinkage=0.05


Tree=79
num_leaves=9
num_cat=2
split_feature=1 4 5 0 37 40 39 25
split_gain=7.03249 8.42932 8.38428 7.63335 5.65325 6.23597 4.46606 2.23181
threshold=0 -0.78326540922535159 -0.42179730054635828 1 68.500000000000014 86.40000000000002 15.850000000000003 8.6750000000000025
decision_type=1 2 2 1 2 2 2 2
left_child=1 2 7 4 6 -6 -2 -1
right_child=3 -3 -4 -5 5 -7 -8 -9
leaf_value=-0.018230317757502047 -0.011402002098547933 -0.04719383990836773 -0.03931907838406061 -0.026186193884031109 0.016811955981377542 -0.052862589443503576 0.0088028237683257394 0.062147025858794697
leaf_weight=0.56899185455404211 30.909260621760041 15.474643673747776 3.5654641054570693 11.932956676813772 4.4928460288792831 7.6459191646426916 194.78721991786733 4.3203658415004611
leaf_count=155 245 5741 1038 4682 27 77 1985 71
internal_value=-0.000948483 -0.0262729 0.0129597 0.00157286 0.00399843 -0.0277576 0.00599767 0.051286
internal_weight=273.698 23.9295 8.45482 249.768 237.835 12.1388 225.696 4.88936
internal_count=14021 7005 1264 7016 2334 104 2230 226
cat_boundaries=0 1 2
cat_threshold=1 9
is_linear=0
shrinkage=0.05


Tree=80
num_leaves=10
num_cat=0
split_feature=10 44 38 33 2 8 25 12 5
split_gain=6.45575 5.49048 6.13459 7.05527 3.35576 2.46459 1.02127 0.334601 0.00423119
threshold=90.812500000000014 52.000000000000007 11.614285500000003 35.350000000000001 8.5000000000000018 28.300000000000001 7.1131945000000005 73.500000000000014 -0.90892157495189674
decision_type=2 2 2 2 2 2 2 2 2
left_child=1 2 3 -1 -4 -2 -7 8 -3
right_child=5 7 4 -5 -6 6 -8 -9 -10
leaf_value=-0.0054222934802208734 0.070975364367758351 0.012307175903719013 -0.048538074645199158 0.026450485576305055 0.017338671580296759 0.025706213758364006 -0.027695371149483429 0.012140876835924228 0.045766608458242347
leaf_weight=230.04258429381298 3.0792641123407511 0.93127634632401157 10.304935685126109 17.783948764321394 1.801199581241234 0.78334510547574587 0.80042419873643667 2.2475814406061545 4.3077641201671204
leaf_count=10592 94 20 1400 1697 66 24 41 54 113
internal_value=-0.0024332 -0.00353913 -0.00481384 -0.003038 -0.0381616 0.0504159 -0.00155601 0.0360703 0.0427449
internal_weight=272.082 267.419 259.933 247.827 12.1061 4.66303 1.58377 7.48662 5.23904
internal_count=14101 13942 13755 12289 1466 159 65 187 133
is_linear=0
shrinkage=0.05


Tree=81
num_leaves=9
num_cat=1
split_feature=0 39 31 8 36 43 15 2
split_gain=6.06848 6.35255 8.81209 10.0244 6.6778 10.853 8.49897 4.47185
threshold=0 18.250000000000004 26.450000000000006 28.300000000000001 99.500000000000014 14.650000000000002 1.0000000180025095e-35 8.5000000000000018
decision_type=1 2 2 2 2 2 2 2
left_child=1 2 7 -4 6 -6 -3 -1
right_child=-2 4 3 -5 5 -7 -8 -9
leaf_value=0.040652175727472803 -0.02597802349553598 -0.031348792194080537 0.06560632810497212 -0.027770080258373461 0.052705872994010063 0.0022276045827724282 0.0055031101446861254 -0.0028029465097290751
leaf_weight=8.4764873007079586 11.442250856023746 16.938374296296388 2.1162683926522723 48.627956891315989 17.224252781714313 25.83911384944804 121.42461320233997 15.463099452434108
leaf_count=239 6977 1066 39 1273 286 430 3414 259
internal_value=-0.0010648 0.00111209 -0.0110279 -0.0226832 0.0062035 0.0231556 0.000799134 0.0135966
internal_weight=267.552 256.11 74.6838 50.7442 181.426 43.0634 138.363 23.9396
internal_count=13983 7006 1810 1312 5196 716 4480 498
cat_boundaries=0 1
cat_threshold=13
is_linear=0
shrinkage=0.05


Tree=82
num_leaves=9
num_cat=2
split_feature=1 4 34 0 37 40 40 4
split_gain=5.76936 8.39995 8.33163 6.7967 6.80125 5.37269 5.01021 1.66359
threshold=0 -0.78326540922535159 24.150000000000002 1 68.500000000000014 81.550000000000011 127.05000000000001 -0.83377653105606597
decision_type=1 2 2 1 2 2 2 2
left_child=1 2 -1 4 6 -6 -2 -4
right_child=3 -3 7 -5 5 -7 -8 -9
leaf_value=-0.038986087941307826 0.006522971981490858 -0.047005407793393059 0.024347449085547448 -0.025782413862568295 0.016893529771143678 -0.05270841461825309 -0.032382518648590673 0.091708578133394128
leaf_weight=3.4558595042326505 214.00689026596956 14.554345089243723 3.7548976435791701 11.555280827684326 3.3919631764292708 8.2395154275000078 7.6244625635445109 1.0469937874004243
leaf_count=1138 2179 5730 104 4679 19 88 49 27
internal_value=-0.00175889 -0.0252543 0.0140185 0.000524242 0.00290833 -0.0326806 0.00504512 0.0523099
internal_weight=267.63 22.8121 8.25775 244.818 233.263 11.6315 221.631 4.80189
internal_count=14013 6999 1269 7014 2335 107 2228 131
cat_boundaries=0 1 2
cat_threshold=1 9
is_linear=0
shrinkage=0.05


Tree=83
num_leaves=9
num_cat=3
split_feature=1 4 5 0 33 5 0 25
split_gain=6.69643 7.21748 7.41775 6.87019 6.23673 12.3806 7.59786 2.69514
threshold=0 -0.78326540922535159 -0.43733099657705288 1 35.350000000000001 0.70747208174348741 2 8.7194445000000034
decision_type=1 2 2 1 2 2 1 2
left_child=1 2 7 4 6 -6 -2 -1
right_child=3 -3 -4 -5 5 -7 -8 -9
leaf_value=-0.021115598348198154 0.0090234251842108582 -0.046924374119201105 -0.038991233915058779 -0.025360435429734159 0.0075381219040018353 0.10222245114714396 -0.0089365691928615966 0.061908454262834346
leaf_weight=0.69416003162041295 127.6015362800099 14.217588369559961 3.427167812536938 11.182636004872618 13.9842696050182 3.6665296815335742 91.796420833095908 3.9059312054887414
leaf_count=146 964 5822 1050 4669 409 31 943 61
internal_value=-0.000955228 -0.0266189 0.0105596 0.00144215 0.00371697 0.0316328 0.00150643 0.0478466
internal_weight=270.476 22.2448 8.02726 248.231 237.049 17.6508 219.398 4.60009
internal_count=14095 7079 1257 7016 2347 440 1907 207
cat_boundaries=0 1 2 3
cat_threshold=1 9 1
is_linear=0
shrinkage=0.05


Tree=84
num_leaves=8
num_cat=0
split_feature=33 33 8 44 4 40 17
split_gain=6.73509 5.50988 7.93984 6.42829 5.76242 5.1981 1.35854
threshold=36.050000000000004 35.350000000000001 33.050000000000004 41.600000000000001 0.98213580174693116 127.05000000000001 18.550000000000001
decision_type=2 2 2 2 2 2 2
left_child=1 2 5 4 -3 -1 -4
right_child=-2 3 6 -5 -6 -7 -8
leaf_value=0.0019411200308404057 -0.045337377431820348 0.06409099701265282 0.019489196999702529 -0.036714000605316641 -0.010073827158134274 -0.033018640557682909 -0.043544854361831885
leaf_weight=226.27887297596317 7.454208757611922 8.4124935056897794 0.3679842158453529 2.2472556458669706 3.2896397558506569 10.15473278146237 11.382873577706048
leaf_count=9224 1694 435 12 224 273 341 1864
internal_value=-0.00141232 4.31418e-06 -0.00176451 0.0294877 0.0440905 0.000306871 -0.0401973
internal_weight=269.588 262.134 248.184 13.9494 11.7021 236.434 11.7509
internal_count=14067 12373 11441 932 708 9565 1876
is_linear=0
shrinkage=0.05


Tree=85
num_leaves=9
num_cat=1
split_feature=0 34 39 2 37 4 7 11
split_gain=5.16752 4.85431 7.48093 7.27325 4.98058 2.25759 0.849326 0.38008
threshold=0 19.950000000000006 16.000000000000004 9.5000000000000018 62.500000000000007 -0.022576249993022598 26.164583500000003 85.500000000000014
decision_type=1 2 2 2 2 2 2 2
left_child=1 5 3 -3 -4 6 -1 -7
right_child=-2 2 4 -5 -6 7 -8 -9
leaf_value=0.021855074807995551 -0.025082361869408727 0.012322284091950509 0.0082187254287059194 -0.040244254368679448 -0.0071489128439251384 -0.028503971969477709 0.05955591830606291 0.0083104049300504954
leaf_weight=5.1422571223229152 10.615372154861687 8.9462687645573187 132.70514854753856 20.374412033241242 86.103772211587057 0.87335902731865533 3.5267989025451243 0.54762638045940548
leaf_count=65 7004 284 4421 422 1710 33 45 19
internal_value=-0.00163178 0.000378325 -0.00104945 -0.0243278 0.00216638 0.0327592 0.0417659 -0.0167439
internal_weight=268.835 258.22 248.13 29.3207 218.809 10.09 8.66906 1.42099
internal_count=14003 6999 6837 706 6131 162 110 52
cat_boundaries=0 1
cat_threshold=13
is_linear=0
shrinkage=0.05


Tree=86
num_leaves=10
num_cat=2
split_feature=44 38 34 0 1 15 25 7 19
split_gain=5.9892 7.01948 5.01361 9.95137 9.57538 2.76976 1.05459 0.171469 0.0337999
threshold=52.000000000000007 11.614285500000003 23.750000000000004 0 1 19.450000000000003 15.062500000000002 27.912500000000005 27.721527500000004
decision_type=2 2 2 1 1 2 2 2 2
left_child=1 2 4 -4 -1 -3 7 -2 -8
right_child=6 5 3 -5 -6 -7 8 -9 -10
leaf_value=0.0068192585512150241 0.052913754094399315 -0.048403114841985506 0.0067800176284500387 -0.024178395145266336 -0.044958475027495275 0.022835669567450104 -0.00055871499532638444 0.011474843355189784 0.0096444618442672499
leaf_weight=149.39524673385313 4.6347901164554051 10.032085371960417 44.489635418285616 45.877668574568816 8.498686458275186 0.96352912549628023 1.2090562190860512 0.94868263759417448 0.96070406347280357
leaf_count=3432 115 1421 1850 3739 3434 43 33 23 22
internal_value=-0.00205741 -0.00341817 -0.00160656 -0.0109338 0.0037669 -0.0407773 0.0386365 0.0486854 0.00557635
internal_weight=267.01 259.257 248.261 90.3673 157.894 10.9956 7.75323 5.58347 2.16976
internal_count=14112 13919 12455 5589 6866 1464 193 138 55
cat_boundaries=0 1 2
cat_threshold=12 2
is_linear=0
shrinkage=0.05


Tree=87
num_leaves=13
num_cat=1
split_feature=0 4 34 33 43 2 44 44 39 44 39 35
split_gain=5.85233 31.0134 22.3758 21.3758 14.3382 16.3408 13.6648 13.0703 17.9388 10.6537 8.31078 4.51331
threshold=0 0.52033990680116082 23.550000000000004 32.45000000000001 22.050000000000004 9.5000000000000018 49.150000000000006 41.95000000000001 16.650000000000002 40.150000000000006 11.950000000000001 87.324405000000013
decision_type=1 2 2 2 2 2 2 2 2 2 2 2
left_child=1 2 9 4 10 -6 -4 8 -5 -1 -2 -9
right_child=3 -3 6 7 5 -7 -8 11 -10 -11 -12 -13
leaf_value=0.024260726185907633 0.047910930759436386 -0.054200847431493074 -0.017821030325723977 -0.04341843019038228 0.023272194599090926 -0.052501786960556511 0.061372819596042884 -0.042317093707877951 0.037001093952678976 0.076709266800204345 -0.051564476113249963 0.058998734929015431
leaf_weight=56.732746277819388 1.4597193663939823 17.601001610222738 47.883638147963211 7.439134534157346 20.763939713535368 9.5715456094476377 5.1466796887107185 10.610856535844501 40.798343309317715 11.233319808379745 38.796580180118326 0.34569149767048735
leaf_count=616 56 866 715 847 1217 703 50 1520 4580 111 2788 19
internal_value=-0.00140174 0.00559461 0.0151245 -0.00862691 -0.0276955 -0.00154874 -0.00914149 0.0127625 0.0239689 0.0339159 -0.0468836 -0.0344534
internal_weight=268.383 138.597 120.996 129.786 70.5918 30.3355 53.0303 59.194 48.2375 67.9661 40.2563 10.9565
internal_count=14088 2358 1492 11730 4764 1920 765 6966 5427 727 2844 1539
cat_boundaries=0 1
cat_threshold=1
is_linear=0
shrinkage=0.05


Tree=88
num_leaves=13
num_cat=1
split_feature=0 4 4 34 34 43 34 4 37 33 39 33
split_gain=5.54353 31.8243 27.3982 15.8571 15.0335 18.5974 14.9482 13.9865 11.0325 7.15353 15.5804 4.37482
threshold=0 0.52033990680116082 -0.30983472475487861 22.750000000000004 23.550000000000004 35.100000000000001 23.950000000000003 -0.091260668982868137 46.500000000000007 32.550000000000004 19.350000000000005 31.050000000000004
decision_type=1 2 2 2 2 2 2 2 2 2 2 2
left_child=1 4 9 7 8 -6 -5 -4 -1 11 -11 -2
right_child=2 -3 3 6 5 -7 -8 -9 -10 10 -12 -13
leaf_value=-0.013038030232170648 -0.0073060967644553625 -0.052863534683239455 0.039885334435889902 0.057164970318880327 -0.012382735462009492 0.079595562038821843 0.00055107801097037303 -0.049391667827301894 0.03925048937351449 0.10046650714897705 -0.04030019720199788 -0.048752024713208095
leaf_weight=11.611478133243507 8.0637867331970465 18.771424410748295 5.3322158818482448 22.371305980195757 54.460507112089545 5.1017283687833688 23.30661267216783 14.042388761183245 59.159572597593069 2.1010755640454581 4.4202626008773223 38.313957367732655
leaf_count=480 439 1709 193 1251 1472 74 2979 1638 969 107 188 2603
internal_value=-0.000298954 0.00593733 -0.00799316 0.0130049 0.0151963 -0.00332026 0.0289091 -0.0240695 0.0306093 -0.0350607 0.0123803 -0.0418521
internal_weight=267.056 149.105 117.952 65.0525 130.333 59.5622 45.6779 19.3746 70.7711 52.8991 6.52134 46.3777
internal_count=14102 4704 9398 6061 2995 1546 4230 1831 1449 3337 295 3042
cat_boundaries=0 1
cat_threshold=5
is_linear=0
shrinkage=0.05


Tree=89
num_leaves=6
num_cat=1
split_feature=0 7 38 36 5
split_gain=5.47812 5.00638 4.95216 7.92661 6.02333
threshold=0 29.325000000000006 8.0172620000000023 98.500000000000014 -0.77243990499604276
decision_type=1 2 2 2 2
left_child=1 2 3 -1 -4
right_child=-2 -3 4 -5 -6
leaf_value=-0.033244002808801777 -0.024177210787204442 -0.042960136734935657 -0.0058566171688967765 0.0019198026666364778 0.019374189194377459
leaf_weight=17.40739800222218 9.9347547746729088 4.9244942796649402 33.841059615719132 123.23365993390325 74.717876937123947
leaf_count=885 7036 731 878 2406 2136
internal_value=0.000486039 0.002395 0.00355512 -0.00263646 0.0115273
internal_weight=264.059 254.124 249.2 140.641 108.559
internal_count=14072 7036 6305 3291 3014
cat_boundaries=0 1
cat_threshold=13
is_linear=0
shrinkage=0.05


Tree=90
num_leaves=11
num_cat=0
split_feature=10 31 31 35 26 31 21 37 8 25
split_gain=4.80269 4.50895 7.38797 5.77913 5.46726 4.38358 4.37137 4.31417 3.16367 1.18702
threshold=90.812500000000014 30.400000000000002 26.450000000000006 86.931547500000008 14.65 32.20000000000001 23.050000000000004 65.500000000000014 28.300000000000001 7.1131945000000005
decision_type=2 2 2 2 2 2 2 2 2 2
left_child=1 2 3 -1 5 -3 -6 -4 -2 -10
right_child=8 4 7 -5 6 -7 -8 -9 9 -11
leaf_value=0.012710849343498032 0.066500162318554559 0.06248831976805766 -0.031905003678753353 -0.044036813252916612 -0.019917161202496318 -0.0089959847490300743 0.0025054426653894745 0.013298621952214441 0.023810812121925665 -0.032372559885596397
leaf_weight=29.665460278221872 3.1543430703459299 5.2719630881911126 39.186371820222121 4.2638422567397347 24.42659193923464 2.9155758752021939 148.81881112151314 5.5147967886296092 0.79494914418319229 1.0460680378018876
leaf_count=1155 101 176 2058 173 1623 138 8394 179 23 45
internal_value=-0.0021015 -0.00310994 -0.0130293 0.00452288 0.00123682 0.0388243 -0.000752175 -0.0261593 0.0421605 -0.00827072
internal_weight=265.059 260.063 78.6305 33.9293 181.433 8.18754 173.245 44.7012 4.99536 1.84102
internal_count=14065 13896 3565 1328 10331 314 10017 2237 169 68
is_linear=0
shrinkage=0.05


Tree=91
num_leaves=9
num_cat=1
split_feature=0 39 5 31 33 33 37 7
split_gain=4.56031 4.28466 6.77685 7.63649 4.48379 6.61262 3.43465 1.8129
threshold=0 18.750000000000004 -0.88620506325989179 26.450000000000006 36.350000000000001 35.350000000000001 54.500000000000007 27.639583500000004
decision_type=1 2 2 2 2 2 2 2
left_child=1 2 6 -4 5 -3 -1 -6
right_child=-2 4 3 -5 7 -7 -8 -9
leaf_value=0.071766574407461523 -0.023784415018737449 0.0038218337038412077 0.0081881055772154068 -0.024030592666133246 0.031534773177090518 0.038317899869878463 0.010445536781728196 -0.043150534004672836
leaf_weight=2.0055685178376725 9.6373998848139291 141.4428414326394 27.079092136467807 53.739289060467854 0.2092583803459992 14.447447160724549 11.548377244849688 5.1296189182903618
leaf_count=62 7013 3419 564 1497 5 525 218 775
internal_value=-0.00120055 0.000642213 -0.00774574 -0.0132672 0.005609 0.00724268 0.0238268 -0.0357102
internal_weight=265.239 255.601 94.3723 80.8184 161.229 155.89 13.5539 5.33888
internal_count=14078 7065 2341 2061 4724 3944 280 780
cat_boundaries=0 1
cat_threshold=13
is_linear=0
shrinkage=0.05


Tree=92
num_leaves=9
num_cat=2
split_feature=19 33 0 5 5 0 44 5
split_gain=5.44166 6.33347 9.13334 33.3968 25.6791 8.85232 12.9687 1.31192
threshold=29.084027500000001 35.350000000000001 0 -0.96234030595689413 -0.95242240592625282 1 42.300000000000004 0.75438814418115718
decision_type=2 2 1 2 2 1 2 2
left_child=1 2 4 -4 -1 6 -3 -2
right_child=7 5 3 -5 -6 -7 -8 -9
leaf_value=-0.050262395924954399 -0.04473946474204793 0.10099047780390745 0.052179773384535215 -0.024493675872033382 0.016181670642229359 -0.018362264683349179 -0.033614410408839702 0.01789812911440361
leaf_weight=15.431447885232044 6.6880361808580338 8.202887744875623 16.081939331663307 84.07292713742936 126.70930044690613 5.6610237482818748 1.7014915270265198 0.40507958619855333
leaf_count=518 1819 129 914 6531 3247 909 58 20
internal_value=0.000985506 0.0022441 0.000198314 -0.0107275 0.00810147 0.032155 0.0401158 -0.0393928
internal_weight=264.954 257.861 242.296 100.155 142.141 15.5654 9.90438 7.09312
internal_count=14145 12306 11210 7445 3765 1096 187 1839
cat_boundaries=0 1 2
cat_threshold=5 8
is_linear=0
shrinkage=0.05


Tree=93
num_leaves=8
num_cat=1
split_feature=0 10 20 40 34 43 26
split_gain=4.25376 3.61967 7.02591 4.50095 4.41333 3.36073 3.19542
threshold=0 89.458333500000023 31.750000000000004 125.2 23.750000000000004 34.600000000000001 17.650000000000002
decision_type=1 2 2 2 2 2 2
left_child=1 3 6 4 -1 -5 -3
right_child=-2 2 -4 5 -6 -7 -8
leaf_value=0.0054081534698304928 -0.023436370163181494 -0.017173575284131732 0.095213513062209792 -0.054553105291296693 -0.0087615668833106071 0.012803596204983579 0.029787561496265148
leaf_weight=146.96944725816138 9.3684192511136626 6.1582584636053053 1.8240833904128511 5.5409323469502842 86.416512686468195 2.1274374197237194 6.4243463590973988
leaf_count=3435 7004 128 33 110 3181 33 120
internal_value=-0.00147726 0.000317725 0.023828 -0.00116689 0.000146493 -0.036545 0.00723133
internal_weight=264.829 255.461 14.4067 241.054 233.386 7.66837 12.5826
internal_count=14044 7040 281 6759 6616 143 248
cat_boundaries=0 1
cat_threshold=13
is_linear=0
shrinkage=0.05


Tree=94
num_leaves=15
num_cat=0
split_feature=4 23 11 7 30 38 4 6 17 37 31 26 9 4
split_gain=4.28851 6.56406 5.22527 5.56729 5.63815 4.91496 4.89757 4.02888 3.5952 2.54188 1.78951 1.48361 0.462461 0.284151
threshold=-0.98523971305672664 98.500000000000014 95.500000000000014 27.595833500000005 17.050000000000004 8.3011905000000024 0.97875492728876534 1.5000000000000002 24.650000000000002 67.500000000000014 38.350000000000009 22.350000000000005 23.850000000000005 -0.98803845231459231
decision_type=2 2 2 2 2 2 2 2 2 2 2 2 2 2
left_child=1 9 5 4 -4 6 -2 -7 -5 13 -3 -12 -11 -1
right_child=2 10 3 8 -6 7 -8 -9 -10 12 11 -13 -14 -15
leaf_value=0.033656407155773373 -0.029490556487408573 -0.058659101557089137 0.016210354653425709 0.0083594658129361246 -0.0039308033381739646 -0.025539116663247222 0.046451429395220754 0.0065949016397727741 -0.033687443637732413 0.0055053272445296743 0.022272359513709566 -0.035394872070076626 -0.037733428001516855 -0.00017124470412937688
leaf_weight=4.1756299615954049 32.88712645630585 8.2901509395451267 83.386875442229211 7.3133292342536178 58.51401156996144 11.765247530129271 1.3870895036961872 40.37092921230942 13.495852372900115 0.52658713434357185 1.3056863626115949 1.2125246482901273 1.3897066597128285 0.69393347075674938
leaf_count=120 2443 319 2839 398 2137 1485 42 2945 1091 22 40 43 54 33
internal_value=-0.00263806 -0.0258024 -0.000905453 0.00436852 0.00793559 -0.0107727 -0.0251874 -0.00100075 -0.0192044 0.0118337 -0.0484327 -0.00766269 -0.0280381 0.0296279
internal_weight=266.715 17.5942 249.12 162.71 141.901 86.4104 34.2742 52.1362 20.8092 6.78586 10.8084 2.51821 1.91629 4.86956
internal_count=14011 631 13380 6465 4976 6915 2485 4430 1489 229 402 83 76 153
is_linear=0
shrinkage=0.05


Tree=95
num_leaves=9
num_cat=2
split_feature=1 34 2 0 37 27 44 24
split_gain=4.13073 6.5363 6.88868 5.38709 4.64972 5.89776 4.6577 2.95204
threshold=0 24.150000000000002 7.5000000000000009 1 68.500000000000014 25.150000000000002 45.900000000000013 58.500000000000007
decision_type=1 2 2 1 2 2 2 2
left_child=1 -1 -3 4 6 -6 -2 -4
right_child=3 2 7 -5 5 -7 -8 -9
leaf_value=-0.046221096956614666 0.0013959298464855544 -0.039112820129100563 0.10095034404410806 -0.024070788523594507 0.021569149734103312 -0.051480096024927036 0.024271654016519081 0.017532844393626967
leaf_weight=11.446287035243587 198.06871582148597 3.5328917073202302 0.63823244906961907 10.088953361439051 3.4503275435417873 7.3333284594118595 24.089986317558214 4.766396070481278
leaf_count=4799 2034 1862 20 4687 18 85 218 353
internal_value=-0.00166356 -0.0227319 0.0089748 0.000189414 0.00227042 -0.0282604 0.00397413 0.0416076
internal_weight=263.415 20.3838 8.93752 243.031 232.942 10.7837 222.159 5.40463
internal_count=14076 7034 2235 7042 2355 103 2252 373
cat_boundaries=0 1 2
cat_threshold=1 9
is_linear=0
shrinkage=0.05


Tree=96
num_leaves=8
num_cat=1
split_feature=10 0 39 34 27 10 8
split_gain=5.28943 4.02343 4.06697 14.1111 5.14901 1.47413 0.451959
threshold=90.812500000000014 0 15.850000000000003 21.050000000000004 0.8500000000000002 91.354167000000018 27.850000000000005
decision_type=2 1 2 2 2 2 2
left_child=1 2 3 -1 -4 -2 -7
right_child=5 -3 4 -5 -6 6 -8
leaf_value=0.037264014887019484 0.065731771113505408 -0.022620578307312511 -0.017762168392980678 -0.036537429190648806 0.0060000313199797756 0.018124543667271963 -0.019301893004003059
leaf_weight=8.1066445102915186 2.8586063101538448 8.7886906585190427 24.854932164598722 21.992909254389815 193.11501754773781 0.8092041256604714 0.46220092568546534
leaf_count=112 98 6953 1471 608 4774 22 31
internal_value=5.83004e-05 -0.000942094 0.000790154 -0.0161016 0.0032217 0.0503314 0.00201098
internal_weight=260.988 256.858 248.07 30.0996 217.97 4.13001 1.27141
internal_count=14069 13918 6965 720 6245 151 53
cat_boundaries=0 1
cat_threshold=13
is_linear=0
shrinkage=0.05


Tree=97
num_leaves=15
num_cat=1
split_feature=37 35 44 30 40 4 10 30 32 5 0 9 44 20
split_gain=5.35903 10.5327 6.18095 5.78406 8.58817 5.4134 4.10537 4.64587 3.92477 3.31111 6.40746 3.07689 3.07051 1.03854
threshold=58.500000000000007 83.82142850000001 45.900000000000013 19.050000000000004 11.250000000000002 -0.031173458710879145 91.145833500000023 23.050000000000004 28.111012000000006 -0.98212955754013376 0 24.450000000000003 36.550000000000004 30.850000000000005
decision_type=2 2 2 2 2 2 2 2 2 2 1 2 2 2
left_child=1 3 6 4 -1 11 7 -2 -5 13 -11 -3 -7 -4
right_child=2 5 9 8 -6 12 -8 -9 -10 10 -12 -13 -14 -15
leaf_value=0.0033096613283511538 -0.0098194028107792403 0.02786157000193067 0.001732422410329503 0.037355346503283614 -0.032905508638670644 0.026232459958432243 0.038445177829716598 -0.034316872203089231 -0.032625070491007553 0.021432340326068181 -0.016776165558324396 0.072373558665146331 -0.040067179813393819 0.067860785835921686
leaf_weight=52.756422149774153 92.767693278787192 13.020541041216353 0.79474396776641087 11.431227738736196 22.634655276255216 2.3345888507319605 2.7594379551010197 23.988648575090338 1.5900463763391588 12.086095494218167 10.751728802861184 6.4780085665988727 2.760336747393012 2.1979655173490755
leaf_count=4798 3783 370 31 305 1995 120 100 1011 215 143 733 188 208 76
internal_value=-0.00244844 0.00569033 -0.00877192 -0.00245964 -0.00785163 0.0339404 -0.0135563 -0.0151013 0.0270926 0.013045 0.00544842 0.045459 -0.0103679 0.0551319
internal_weight=258.352 113.006 145.346 88.4124 75.3911 24.5935 119.516 116.756 13.0213 25.8305 22.8378 19.4985 5.09493 2.99271
internal_count=14076 8199 5877 7313 6793 886 4894 4794 520 983 876 558 328 107
cat_boundaries=0 1
cat_threshold=1
is_linear=0
shrinkage=0.05


Tree=98
num_leaves=11
num_cat=0
split_feature=34 34 5 36 27 7 35 32 13 7
split_gain=4.75942 5.65467 5.24625 5.24515 5.78957 5.62526 4.71992 4.57585 1.55692 1.16383
threshold=19.950000000000006 22.550000000000004 0.90803977035715633 91.500000000000014 0.45000000000000007 27.418750000000003 81.404762000000019 27.019940500000001 9.1562500000000018 25.775000000000002
decision_type=2 2 2 2 2 2 2 2 2 2
left_child=8 2 6 4 -3 -5 -2 -4 9 -1
right_child=1 3 7 5 -6 -7 -8 -9 -10 -11
leaf_value=0.015447163997078409 -0.053433941923502974 -0.024195985612682967 0.0120262147403076 0.0049559791777460584 0.054700410589217874 -0.01392689074529894 -0.0075679582903312231 -0.042995765505408054 -0.022007420878635126 0.053794004814235012
leaf_weight=4.9103814986301551 12.543146785930732 2.514483818667939 16.865655327390417 142.18224813364213 7.7186072708573192 53.435977516754065 10.222836690780239 3.7923394232639103 0.59376208006870079 4.435924022574909
leaf_count=137 1237 510 581 5382 598 4686 343 476 56 128
internal_value=-0.000414227 -0.00182372 -0.0180036 0.00165993 0.0348858 -0.000246751 -0.0340233 0.000406589 0.0318686 0.0370875
internal_weight=259.215 249.275 43.424 205.851 10.2331 195.618 22.766 20.658 9.94007 9.34631
internal_count=14134 13813 2637 11176 1108 10068 1580 1057 321 265
is_linear=0
shrinkage=0.05


Tree=99
num_leaves=9
num_cat=2
split_feature=1 4 0 5 34 32 5 39
split_gain=5.50958 6.50338 5.81722 5.66597 4.81925 10.2219 9.83034 2.01164
threshold=0 -0.78326540922535159 1 -0.42179730054635828 23.750000000000004 26.606547500000005 -0.15950993297387567 21.100000000000005
decision_type=1 2 1 2 2 2 2 2
left_child=1 3 4 7 6 -6 -2 -1
right_child=2 -3 -4 -5 5 -7 -8 -9
leaf_value=-0.010452469664532095 0.031659933103731115 -0.046378156565891226 -0.023597806460483518 -0.037456219795433413 0.037656202785617765 -0.011853592110928554 0.0021616057277110594 0.055582614423407756
leaf_weight=1.1599809855688361 36.975180227309465 12.031806458428035 9.7143510619061981 2.9045025064260726 11.096379630267618 75.023727377643809 110.86206249985844 3.6677118458319455
leaf_count=139 192 5781 4668 1039 70 1076 1031 81
internal_value=-1.56674e-05 -0.0247434 0.00208291 0.0103775 0.00407599 -0.00511536 0.0097025 0.040645
internal_weight=263.436 19.764 243.672 7.7322 233.957 86.1201 147.837 4.82769
internal_count=14077 7040 7037 1259 2369 1146 1223 220
cat_boundaries=0 1 2
cat_threshold=1 9
is_linear=0
shrinkage=0.05


Tree=100
num_leaves=15
num_cat=0
split_feature=37 34 35 40 20 44 5 43 30 40 5 32 26 5
split_gain=5.37114 7.40335 6.38796 7.62272 5.04813 5.32203 4.58042 4.49908 11.6263 9.59127 4.40317 4.31624 2.19377 0.817244
threshold=59.500000000000007 23.050000000000004 83.82142850000001 72.500000000000014 30.850000000000005 52.000000000000007 -0.40613878790836588 5.3500000000000005 16.350000000000005 6.2000000000000002 -0.97111920233974802 26.053571500000004 13.950000000000001 0.97648852793709995
decision_type=2 2 2 2 2 2 2 2 2 2 2 2 2 2
left_child=2 12 7 11 6 -6 -3 9 -9 -1 -5 -4 -2 -14
right_child=1 4 3 10 5 -7 -8 8 -10 -11 -12 -13 13 -15
leaf_value=-0.0027518199300528433 0.0084634286626747331 -0.013274108806095381 -0.02424898717754639 -0.047756861882075431 -0.014667216943026092 0.027283720420696978 0.028682607289016754 -0.034167838986811007 0.021143898130164401 0.054496450309925351 0.010403152947934983 0.042272302684598861 -0.060675421807922125 -0.0009754631613581189
leaf_weight=40.971025399921928 1.2057570038596157 9.6528036701492983 2.0585560496547286 3.9664184328867114 89.801553224038798 7.3317125454777843 16.349882376904134 26.097266361408401 13.800378511543384 7.8849226532038292 8.6757164345472102 24.095445443468634 8.1563017037697101 0.64673305535689074
leaf_count=3970 65 360 56 181 4081 182 529 2201 625 542 226 786 297 21
internal_value=-0.00260157 -0.00959227 0.00471363 0.0213627 -0.00602769 -0.011255 0.0131925 -0.00272098 -0.0149866 0.00739531 -0.0100074 0.0363363 -0.0489155 -0.0568364
internal_weight=260.694 133.145 127.55 38.7961 123.136 97.1333 26.0027 88.7536 39.8976 48.8559 12.6421 26.154 10.0088 8.80303
internal_count=14122 5535 8587 1249 5152 4263 889 7338 2826 4512 407 842 383 318
is_linear=0
shrinkage=0.05


Tree=101
num_leaves=9
num_cat=1
split_feature=0 37 35 5 44 43 30 43
split_gain=4.06114 4.4734 8.61722 7.94214 6.29898 7.39154 6.1384 4.05752
threshold=0 59.500000000000007 83.82142850000001 -0.97111920233974802 45.900000000000013 14.250000000000002 18.350000000000005 30.050000000000004
decision_type=1 2 2 2 2 2 2 2
left_child=1 2 6 -4 5 -3 -1 -6
right_child=-2 4 3 -5 7 -7 -8 -9
leaf_value=-0.0063638809492535756 -0.022200399144997898 0.025013253963369227 -0.029608659857022782 0.036478835172645802 0.0045633653238637958 -0.015143573985680951 0.030717938165679623 0.049377023359788358
leaf_weight=71.035302988253534 8.476052608486496 12.151598617550915 4.4839309989474705 32.933500772225671 17.695700560230765 92.120886456570588 12.206630519649478 6.2060135793872169
leaf_count=3378 7051 290 124 489 377 1993 280 88
internal_value=-0.000192517 0.00147266 0.00840658 0.0279947 -0.00495526 -0.0102707 -0.000626097 0.0177147
internal_weight=257.31 248.834 120.659 37.4174 128.174 104.272 83.2419 23.9017
internal_count=14070 7019 4271 613 2748 2283 3658 465
cat_boundaries=0 1
cat_threshold=13
is_linear=0
shrinkage=0.05


Tree=102
num_leaves=7
num_cat=0
split_feature=10 44 39 34 26 5
split_gain=4.22433 4.33176 4.90579 4.51807 2.13651 0.34882
threshold=90.812500000000014 52.000000000000007 26.650000000000002 24.650000000000002 17.550000000000004 -0.34234976856068172
decision_type=2 2 2 2 2 2
left_child=1 2 3 -1 -2 -3
right_child=4 5 -4 -5 -6 -7
leaf_value=-0.00040558356009356278 0.055705018343911984 0.016835965575290792 -0.046399981021327058 -0.035522099549525669 -0.012043196060885684 0.043812558352363966
leaf_weight=233.0171951649827 3.8322646829183205 4.4818303710198961 5.3274550618079948 8.5353614367195387 1.1244880021549759 3.5604387813364138
leaf_count=10903 121 110 629 2196 43 90
internal_value=-0.000734176 -0.00170023 -0.00293377 -0.00178778 0.0408941 0.0323034
internal_weight=259.879 254.922 246.88 241.553 4.95675 8.04227
internal_count=14092 13928 13728 13099 164 200
is_linear=0
shrinkage=0.05


Tree=103
num_leaves=6
num_cat=1
split_feature=0 20 33 5 24
split_gain=4.12643 3.07108 3.82112 7.79762 6.15223
threshold=0 36.050000000000004 35.900000000000006 0.3484035575467645 44.500000000000007
decision_type=1 2 2 2 2
left_child=1 2 4 -4 -1
right_child=-2 -3 3 -5 -6
leaf_value=-0.020542340754314121 -0.021683869462035075 -0.039374219076178205 -0.035099312408084733 0.064640424506152303 0.0048147324288531756
leaf_weight=25.908854650740977 8.143918214045696 3.315839822695124 2.0715653177467166 5.4163519206922501 214.92336166341556
leaf_count=1326 7029 632 200 172 4732
internal_value=0.00080045 0.00237536 0.00318381 0.0361627 0.00201314
internal_weight=259.78 251.636 248.32 7.48792 240.832
internal_count=14091 7062 6430 372 6058
cat_boundaries=0 1
cat_threshold=13
is_linear=0
shrinkage=0.05


Tree=104
num_leaves=9
num_cat=1
split_feature=0 38 35 8 32 39 5 22
split_gain=3.80183 3.05821 5.88898 7.79921 7.36614 5.32419 8.59724 6.26613
threshold=0 7.6806545000000011 86.961309500000013 28.300000000000001 27.174405000000004 21.550000000000004 0.16587474750015926 87.034722500000015
decision_type=1 2 2 2 2 2 2 2
left_child=1 2 4 -4 -1 7 -7 -3
right_child=-2 5 3 -5 -6 6 -8 -9
leaf_value=0.011117050684041813 -0.021479488960450089 0.008646883582022374 0.050318296052029865 -0.031416862020681453 -0.019468621084406695 -0.012565244452072891 0.021811020375187389 0.047983203288563453
leaf_weight=66.526442758738995 8.0165438643307407 38.159580025065225 2.363415359985086 26.509087674436159 26.795845876738895 53.463765165273799 26.30908170575276 13.092657886096275
leaf_count=1145 6991 1239 35 577 1154 1680 1010 196
internal_value=0.000122722 0.00166773 -0.00394059 -0.0232658 0.00222162 0.00701463 -0.00109828 0.0194215
internal_weight=261.236 253.22 122.195 28.8725 93.3223 131.025 79.7728 51.2522
internal_count=14027 7036 2911 612 2299 4125 2690 1435
cat_boundaries=0 1
cat_threshold=13
is_linear=0
shrinkage=0.05


Tree=105
num_leaves=6
num_cat=1
split_feature=33 0 38 36 39
split_gain=4.76626 3.4021 3.35639 7.10507 5.43771
threshold=36.050000000000004 0 7.8068455000000005 98.500000000000014 21.550000000000004
decision_type=2 1 2 2 2
left_child=1 2 3 -1 -4
right_child=-2 -3 4 -5 -6
leaf_value=-0.0383603863834341 -0.043463697280050166 -0.02098676475253685 0.020979778508985265 -0.00030591114203426116 -0.0012456077070505021
leaf_weight=12.739663171116261 5.5977059455180997 7.6522209220274808 43.876492761133704 114.502258744149 70.890156891371589
leaf_count=776 1691 6232 1111 2303 1986
internal_value=-0.00151664 -0.000406486 0.00114447 -0.0043854 0.00735922
internal_weight=255.258 249.661 242.009 127.242 114.767
internal_count=14099 12408 6176 3079 3097
cat_boundaries=0 1
cat_threshold=13
is_linear=0
shrinkage=0.05


Tree=106
num_leaves=8
num_cat=0
split_feature=44 34 37 42 39 4 39
split_gain=4.23972 5.09643 4.08988 6.50639 4.48057 3.49299 0.40113
threshold=52.000000000000007 24.650000000000002 59.500000000000007 5.5000000000000009 18.750000000000004 -0.63921128368950708 28.500000000000004
decision_type=2 2 2 2 2 2 2
left_child=1 2 3 -1 -4 -3 -2
right_child=6 5 4 -5 -6 -7 -8
leaf_value=-0.0055422803579985771 0.045221772087047661 0.038700941771637659 -0.018435974496011653 0.017717634764974143 0.0018054654798525802 -0.045463924161076877 0.014776132790559901
leaf_weight=52.055242918024305 4.3781504787621079 0.65290366980480019 40.932076291384874 68.972072170232423 78.113887119980063 7.9931352931307611 3.0883861688780598
leaf_count=3948 116 46 1846 2738 3013 2215 78
internal_value=0.00106614 -0.000117824 0.00130861 0.00774984 -0.00524983 -0.035755 0.0358612
internal_weight=256.186 248.719 240.073 121.027 119.046 8.64604 7.46654
internal_count=14000 13806 11545 6686 4859 2261 194
is_linear=0
shrinkage=0.05


Tree=107
num_leaves=8
num_cat=2
split_feature=1 4 5 0 44 34 25
split_gain=4.43189 6.5552 5.68411 5.37776 4.13922 4.65416 2.26684
threshold=0 -0.78326540922535159 -0.42179730054635828 1 52.000000000000007 24.650000000000002 8.7194445000000034
decision_type=1 2 2 1 2 2 2
left_child=1 2 6 4 5 -2 -1
right_child=3 -3 -4 -5 -6 -7 -8
leaf_value=-0.020850076944804126 0.0040600594785857964 -0.046030723054267988 -0.037024248057471773 -0.023036539463675412 0.040132985101644626 -0.037323627304285116 0.054707342768830602
leaf_weight=0.67310440039727826 213.65382100827992 10.959823439246973 2.7735924803128027 9.2669291096390207 6.6793019771575919 6.0207547286991021 4.0938706966117024
leaf_count=154 1935 5728 1034 4684 32 370 70
internal_value=1.69907e-05 -0.0228942 0.0121858 0.00190508 0.00386621 0.00276184 0.0422731
internal_weight=254.121 18.5004 7.54057 235.621 226.354 219.675 4.76698
internal_count=14007 6986 1258 7021 2337 2305 224
cat_boundaries=0 1 2
cat_threshold=1 9
is_linear=0
shrinkage=0.05


Tree=108
num_leaves=9
num_cat=1
split_feature=7 37 37 44 5 34 0 21
split_gain=3.69512 4.45981 6.51152 7.17206 6.42043 7.95132 7.19614 4.92989
threshold=29.325000000000006 62.500000000000007 65.500000000000014 45.900000000000013 0.39629089145655316 23.950000000000003 0 23.650000000000002
decision_type=2 2 2 2 2 2 1 2
left_child=1 4 3 -3 5 -1 -6 -4
right_child=-2 2 7 -5 6 -7 -8 -9
leaf_value=0.025263942346442254 -0.04185823483980651 -0.035400233683546146 0.029533128077149695 0.021882389430005974 0.0079240423624091054 -0.0059823285174195814 -0.019415003139031137 -0.0059456086932083022
leaf_weight=56.92206323184655 4.303017529542557 28.812949178303825 11.767945305036845 5.9756760326563372 44.812467301322613 30.893616355257109 33.269983030651929 41.078677397454157
leaf_count=2001 1450 1357 383 264 737 2567 3673 1608
internal_value=-0.000550625 0.000312152 -0.00875325 -0.0252242 0.00512468 0.0143279 -0.00527603 0.00235658
internal_weight=257.836 253.533 87.6352 34.7886 165.898 87.8157 78.0825 52.8466
internal_count=14040 12590 3612 1621 8978 4568 4410 1991
cat_boundaries=0 1
cat_threshold=1
is_linear=0
shrinkage=0.05


Tree=109
num_leaves=9
num_cat=2
split_feature=19 33 0 5 5 0 44 5
split_gain=4.55042 3.74103 10.2423 24.2726 20.5807 7.86283 9.1406 1.16738
threshold=29.042361000000003 35.350000000000001 0 -0.96234030595689413 -0.95242240592625282 1 42.300000000000004 0.76556758748011056
decision_type=2 2 1 2 2 1 2 2
left_child=1 2 4 -4 -1 6 -3 -2
right_child=7 5 3 -5 -6 -7 -8 -9
leaf_value=-0.046574150146922191 -0.044473971252959495 0.085712030101132666 0.041506828681838991 -0.025260104946904356 0.014911694207950743 -0.018442692844512949 -0.031774024289601785 0.015654662720698979
leaf_weight=14.316471153870223 6.0273453047266221 7.9707608569879085 15.448903444106689 79.439012827700935 122.56907354842406 5.5499893058440621 1.481420401134528 0.41570003074593831
leaf_count=521 1851 117 913 6509 3218 879 54 12
internal_value=-0.000493371 0.000665713 -0.000944624 -0.0127414 0.00763613 0.0240487 0.03374 -0.0390125
internal_weight=253.219 246.776 231.773 94.8879 136.886 15.0022 9.45218 6.44305
internal_count=14074 12211 11161 7422 3739 1050 171 1863
cat_boundaries=0 1 2
cat_threshold=5 8
is_linear=0
shrinkage=0.05


Tree=110
num_leaves=11
num_cat=0
split_feature=34 42 39 39 43 34 44 17 4 34
split_gain=4.27257 5.85071 9.93284 6.90172 6.01212 3.83074 3.55191 2.59089 2.47831 0.806941
threshold=19.950000000000006 5.5000000000000009 24.950000000000003 25.100000000000005 5.3500000000000005 23.550000000000004 26.100000000000005 31.500000000000004 -0.005375728450543499 18.250000000000004
decision_type=2 2 2 2 2 2 2 2 2 2
left_child=8 2 6 -4 7 -6 -2 -3 9 -1
right_child=1 4 3 -5 5 -7 -8 -9 -10 -11
leaf_value=0.011968563625521435 0.021135834696648974 0.0056452381161704928 0.0634115263048734 -0.016438132828199861 0.0078183853721172959 -0.0063634078183508209 -0.035985721192602453 0.064660738725431322 -0.027945061305057552 0.048640059557314014
leaf_weight=3.0067192596034129 2.3287654221057883 3.2400271836668244 4.497271588072179 4.6888315038231667 78.105059681838611 118.63969760257169 31.283915920183063 4.1402306845702697 0.91057879093568672 5.6063865348114632
leaf_count=74 83 246 146 704 2618 6333 3336 278 95 149
internal_value=-0.00119234 -0.00251231 -0.0190948 0.0250416 0.00104066 -0.000722357 -0.0315319 0.0425174 0.0300179 0.0384152
internal_weight=256.447 246.924 42.7988 9.1861 204.125 196.745 33.6127 7.38026 9.52368 8.61311
internal_count=14062 13744 4269 850 9475 8951 3419 524 318 223
is_linear=0
shrinkage=0.05


Tree=111
num_leaves=10
num_cat=0
split_feature=10 34 39 4 42 39 13 38 38
split_gain=4.20469 3.22503 4.77967 6.30556 4.0549 2.18978 2.16126 1.53917 0.849651
threshold=90.812500000000014 19.950000000000006 15.850000000000003 -0.35846811432664222 5.5000000000000009 17.550000000000004 9.0520835000000019 7.0270830000000002 6.5285715000000009
decision_type=2 2 2 2 2 2 2 2 2
left_child=1 6 3 -3 -4 -2 8 -7 -1
right_child=5 2 4 -5 -6 7 -8 -9 -10
leaf_value=0.051154293027040665 0.063365390720987555 -0.044163466116453443 -0.01642048709058291 0.0085947934168046324 0.0018513084391222692 0.029422292451913412 -0.029336331799025318 -0.031661861169330015 0.016720310197844677
leaf_weight=2.9099629648262599 2.7567734225885934 14.245961721870119 35.48124439152889 8.561042582819935 180.23601136470097 1.1374701842432844 0.90057076225639399 0.99266811332199711 6.352168690180406
leaf_count=70 82 687 3966 603 8347 33 63 38 201
internal_value=-0.00137336 -0.00235282 -0.00356814 -0.0248305 -0.00121594 0.0404027 0.0239356 -6.46324e-05 0.0314693
internal_weight=253.574 248.687 238.524 22.807 215.717 4.88691 10.1627 2.13014 9.26213
internal_count=14090 13937 13603 1290 12313 153 334 71 271
is_linear=0
shrinkage=0.05


Tree=112
num_leaves=11
num_cat=0
split_feature=10 40 44 43 19 30 26 27 10 10
split_gain=3.24761 4.20872 3.79953 3.73716 10.3112 6.43226 1.73541 0.798839 0.74474 0.321359
threshold=90.812500000000014 127.05000000000001 44.100000000000001 27.300000000000001 26.926389000000004 23.050000000000004 17.550000000000004 53.150000000000006 91.354167000000018 91.437500000000014
decision_type=2 2 2 2 2 2 2 2 2 2
left_child=1 3 -3 5 -5 -1 8 -4 -2 -8
right_child=6 2 7 4 -6 -7 9 -9 -10 -11
leaf_value=-0.0008807806694671092 0.058360375651804311 -0.054377919667750324 -0.0092468964586525405 0.033251396869129354 -0.014363817145557779 -0.041180209896951619 -0.024533521328122667 0.029575230759491117 0.0052634984699874189 0.0095328840219246827
leaf_weight=186.05585641853395 2.9741466276464044 5.8640346613537968 2.5386877498822291 25.360439987067366 19.215545767801814 9.4613061090349202 0.61686906177783363 1.1825868973974136 1.0476401855703441 0.49548948480514809
leaf_count=11162 86 251 42 848 1116 431 22 30 33 24
internal_value=-0.000521979 -0.00139951 -0.0322544 -3.90095e-05 0.0128609 -0.00303054 0.0354245 0.00674153 0.0483315 -0.0120298
internal_weight=254.813 249.678 9.58531 240.093 44.576 195.517 5.13415 3.72127 4.02179 1.11236
internal_count=14045 13880 323 13557 1964 11593 165 72 119 46
is_linear=0
shrinkage=0.05


Tree=113
num_leaves=12
num_cat=1
split_feature=0 4 4 5 2 40 5 38 39 38 4
split_gain=3.2906 30.8173 26.3413 22.713 14.4046 10.5399 8.56201 19.1286 8.98058 7.32327 2.58172
threshold=0 0.52033990680116082 -0.30983472475487861 -0.95242240592625282 1.5000000000000002 0.65000000000000002 -0.80417042486635371 7.7845240000000002 25.950000000000003 7.6529765000000012 -0.22701068973476937
decision_type=1 2 2 2 2 2 2 2 2 2 2
left_child=1 3 6 10 -4 -6 7 -2 -8 -5 -1
right_child=2 -3 4 9 5 -7 8 -9 -10 -11 -12
leaf_value=-0.0051609799727302579 0.08626624906473461 -0.054427136894707739 -0.050504663799740751 0.0099819218566027726 -0.042347140842789545 0.030665324700838738 -0.048479626397852062 -0.052276730421961695 0.045305186795852853 0.036021244967062771 -0.055537834113402157
leaf_weight=3.5421628961339584 3.5813072042656113 18.125414273439674 6.4848986494762348 63.31643216649536 4.614981375692877 48.830767138570081 39.160975050239358 4.4937831896240823 1.9616818070644502 47.559687295462936 10.558254018542355
leaf_count=72 144 1729 857 1421 605 4600 2734 391 55 1017 431
internal_value=-0.000425069 0.00444432 -0.00659726 0.0136995 0.0149724 0.0236988 -0.0339616 0.0119024 -0.0430364 0.0213735 -0.0440625
internal_weight=252.23 143.102 109.128 124.977 59.9306 53.4457 49.1977 8.07509 41.1227 110.876 14.1004
internal_count=14056 4670 9386 2941 6062 5205 3324 535 2789 2438 503
cat_boundaries=0 1
cat_threshold=5
is_linear=0
shrinkage=0.05


Tree=114
num_leaves=9
num_cat=3
split_feature=1 4 5 0 37 40 39 0
split_gain=3.91625 6.43419 5.16918 4.89064 4.17905 4.54145 4.32404 1.35781
threshold=0 -0.78326540922535159 -0.42179730054635828 1 68.500000000000014 86.40000000000002 24.950000000000003 2
decision_type=1 2 2 1 2 2 2 1
left_child=1 2 7 4 6 -6 -2 -1
right_child=3 -3 -4 -5 5 -7 -8 -9
leaf_value=0.028401812661208531 0.002344454217260808 -0.045901858875500065 -0.036805389874576211 -0.022600714220194437 0.012517912959356701 -0.050029835217017586 0.024483447383557445 -0.010589587493140991
leaf_weight=2.5110895591787994 191.18889838305768 10.566996703477342 2.7095975811826092 8.9414119719294813 4.2599022239446622 6.3184659155085683 23.977110850159079 2.7545683780335821
leaf_count=38 1946 5759 1039 4713 25 81 300 190
internal_value=-0.000465254 -0.0219727 0.0113146 0.00132004 0.00321784 -0.0259362 0.00491337 0.0379983
internal_weight=253.228 18.5423 7.97526 234.686 225.744 10.5784 215.166 5.26566
internal_count=14091 7026 1267 7065 2352 106 2246 228
cat_boundaries=0 1 2 3
cat_threshold=1 9 4
is_linear=0
shrinkage=0.05


Tree=115
num_leaves=11
num_cat=0
split_feature=34 21 5 5 34 2 22 32 4 34
split_gain=3.47805 3.66747 6.90573 9.63669 3.54788 5.76877 5.1906 2.79159 2.30956 0.789759
threshold=19.950000000000006 22.950000000000003 0.90803977035715633 0.50370931781787065 23.550000000000004 3.5000000000000004 87.375000000000014 27.065178500000005 -0.005375728450543499 18.250000000000004
decision_type=2 2 2 2 2 2 2 2 2 2
left_child=8 2 3 -2 6 -6 -3 -4 9 -1
right_child=1 4 7 -5 5 -7 -8 -9 -10 -11
leaf_value=0.011053790128098526 0.01559789493455746 0.016895382304108485 0.014712897751545965 -0.052783955606387316 0.039401833972366365 -0.0070217528998074846 -0.012074456153480961 -0.036822098276776148 -0.027567576587315075 0.047273813260752445
leaf_weight=3.0007362088363134 6.7957332476798937 57.371852371987188 16.597836408211155 16.295840041217161 6.1149839275167315 114.03942538119736 20.221760428219568 2.1155630252324036 0.90274997113738109 5.1708784212823957
leaf_count=76 382 2886 587 1160 737 6917 734 304 101 148
internal_value=-0.000645457 -0.0018483 -0.0151186 -0.0328474 0.00101907 -0.00435341 0.00928795 0.0073145 0.0281397 0.0366287
internal_weight=248.627 239.553 41.805 23.0916 197.748 120.154 77.5936 18.7134 9.07436 8.17161
internal_count=14032 13707 2433 1542 11274 7654 3620 891 325 224
is_linear=0
shrinkage=0.05


Tree=116
num_leaves=8
num_cat=2
split_feature=1 4 5 0 44 38 26
split_gain=3.79276 6.0032 4.64498 4.48469 3.79251 4.63989 2.36864
threshold=0 -0.78326540922535159 -0.42179730054635828 1 52.000000000000007 11.614285500000003 19.750000000000004
decision_type=1 2 2 1 2 2 2
left_child=1 2 6 4 5 -2 -1
right_child=3 -3 -4 -5 -6 -7 -8
leaf_value=-0.013210372358175307 0.0033726230426689308 -0.045704513961880404 -0.035894136025929897 -0.021956613650790227 0.038901097669110096 -0.035566893085326179 0.054744881243709111
leaf_weight=1.3212333578267133 210.75665393122472 10.082784644444471 2.4882838505727731 8.4996524888556433 6.1893385946750632 6.9395773352589449 3.5699281634879299
leaf_count=155 2087 5775 1031 4662 31 240 72
internal_value=-0.000513899 -0.0223281 0.0112545 0.00121394 0.00302897 0.00197438 0.0372619
internal_weight=249.847 17.4622 7.37945 232.385 223.886 217.696 4.89116
internal_count=14053 7033 1258 7020 2358 2327 227
cat_boundaries=0 1 2
cat_threshold=1 9
is_linear=0
shrinkage=0.05


Tree=117
num_leaves=11
num_cat=2
split_feature=37 34 0 37 33 0 44 34 35 11
split_gain=3.05564 2.86522 18.9444 15.9823 12.8439 10.5599 10.7238 9.83475 0.818751 0.524748
threshold=29.500000000000004 23.550000000000004 0 44.500000000000007 32.45000000000001 1 49.150000000000006 24.650000000000002 67.080357500000005 84.500000000000014
decision_type=2 2 1 2 2 1 2 2 2 2
left_child=8 2 3 -2 -4 7 -7 -3 -1 -10
right_child=1 5 4 -5 -6 6 -8 -9 9 -11
leaf_value=-0.042168069629574985 -0.02299289492224646 0.017321386907782246 -0.039567006064588101 0.034089975798178629 0.010542414203252805 -0.02791658538836217 0.04687318836212849 -0.047533504373673985 0.028383468128777879 -0.016282562828769671
leaf_weight=4.5619667824066701 14.668670000450218 53.531471276015509 31.065963456232566 58.810099262977019 20.694161157443887 55.198271788161946 4.3397494509117669 5.5797036903386461 0.24809639606974077 0.45774608181091025
leaf_count=1199 383 1726 2269 504 2185 4690 205 735 19 74
internal_value=-0.00108334 -0.000196649 0.00505875 0.0198708 -0.0165718 -0.00573985 -0.0186931 0.00901146 -0.0355544 0.0068526
internal_weight=249.156 243.888 125.239 73.4788 51.7601 118.649 59.538 59.1112 5.26781 0.705842
internal_count=13989 12697 5341 887 4454 7356 4895 2461 1292 93
cat_boundaries=0 1 2
cat_threshold=1 12
is_linear=0
shrinkage=0.05


Tree=118
num_leaves=13
num_cat=0
split_feature=37 38 39 5 10 34 5 5 5 39 39 7
split_gain=3.75411 6.79846 9.31417 6.62942 4.57913 4.54146 3.95073 6.36375 5.71064 3.79693 2.15918 2.00042
threshold=62.500000000000007 7.6806545000000011 20.450000000000003 -0.98212955754013376 89.270833500000023 24.650000000000002 0.39629089145655316 0.90438663683299525 -0.95242240592625282 18.750000000000004 17.650000000000002 25.960416500000004
decision_type=2 2 2 2 2 2 2 2 2 2 2 2
left_child=5 4 10 -4 9 6 8 -8 -1 -2 -3 -6
right_child=1 2 3 -5 11 -7 7 -9 -10 -11 -12 -13
leaf_value=-0.010770019242453261 -0.05127366304629645 0.0023741362092415375 0.054382954638521996 -0.013295948190618828 0.041656783379149943 -0.041323206617082352 -0.015842449116962237 0.012921301092193044 0.019736443314479227 -0.011523756880750127 0.059220330140496796 -0.014897874561206169
leaf_weight=19.357506027503405 15.037074371270142 2.2694658413820417 2.9606537343934169 42.691231207398232 2.2677521285077082 4.4348658457456613 42.182703078200575 33.702406845230144 64.129673350253142 10.766204748651942 6.3897873441164847 2.2535214507661294
leaf_count=997 728 90 116 1866 92 1904 2813 1720 3037 428 194 122
internal_value=-0.000739575 -0.00922925 0.0014439 -0.00783515 -0.0277807 0.00367625 0.00517831 -0.00306587 0.0126194 -0.0357371 0.04611 0.0158756
internal_weight=248.443 84.6357 54.3111 45.6519 30.3246 163.807 159.372 75.8851 83.4872 25.8033 8.65925 4.52127
internal_count=14107 3636 2266 1982 1370 10471 8567 4533 4034 1156 284 214
is_linear=0
shrinkage=0.05


Tree=119
num_leaves=9
num_cat=2
split_feature=1 4 0 5 35 38 38 43
split_gain=4.44888 5.13228 4.72485 4.02858 3.89728 9.90897 9.71624 1.84477
threshold=0 -0.79384350655589164 1 -0.42179730054635828 86.38392850000001 6.7913690000000004 6.0776785000000002 29.550000000000004
decision_type=1 2 1 2 2 2 2 2
left_child=1 3 4 7 6 -6 -2 -1
right_child=2 -3 -4 -5 5 -7 -8 -9
leaf_value=0.065532841394699184 0.044632820465249273 -0.045561072145073343 -0.021794055373986522 -0.03556963220008217 -0.035040505045021965 0.0053007446952031828 0.004316540782289993 0.0057705173970588244
leaf_weight=1.5147895736154167 16.02416848950088 9.7404460426478163 8.3784077662276086 2.4073166017187786 19.099729040637612 61.935483823530376 124.8664126972435 3.1015303936437704
leaf_count=124 120 5820 4677 1014 155 430 1640 86
internal_value=0.000354888 -0.02376 0.00220537 0.00838426 0.00400318 -0.00451879 0.00918415 0.0335574
internal_weight=247.068 16.7641 230.304 7.02364 221.926 81.0352 140.891 4.61632
internal_count=14066 7044 7022 1224 2345 585 1760 210
cat_boundaries=0 1 2
cat_threshold=1 9
is_linear=0
shrinkage=0.05


Tree=120
num_leaves=8
num_cat=1
split_feature=0 10 20 34 5 38 17
split_gain=3.11318 3.02789 3.87746 3.37509 9.31809 5.24359 3.28411
threshold=0 89.458333500000023 31.750000000000004 23.750000000000004 -0.10837475778693634 5.6142855000000003 25.750000000000004
decision_type=1 2 2 2 2 2 2
left_child=1 3 6 4 -1 -5 -3
right_child=-2 2 -4 5 -6 -7 -8
leaf_value=0.026472892505171198 -0.01935797496029602 0.049518846389794646 0.074005539416761051 0.038823826750901576 -0.0022012173836473757 -0.010253333762116519 -0.0064142419370083947
leaf_weight=38.16865703399526 6.715268990607 2.6826042603934175 2.151242052903398 4.8692532779532476 101.93540844295057 77.793078653441626 8.4979775558458623
leaf_count=588 6998 49 31 91 2889 3167 188
internal_value=0.000992616 0.00236726 0.0247453 0.0010292 0.00574274 -0.00693293 0.00996964
internal_weight=242.813 236.098 13.3318 222.766 140.104 82.6623 11.1806
internal_count=14001 7003 268 6735 3477 3258 237
cat_boundaries=0 1
cat_threshold=13
is_linear=0
shrinkage=0.05


Tree=121
num_leaves=15
num_cat=1
split_feature=8 0 5 4 33 13 26 10 25 15 13 5 12 32
split_gain=2.991 6.69347 11.7226 10.2427 9.34881 6.52495 5.0497 4.3836 5.67659 4.5162 3.4751 1.81826 1.76966 1.22334
threshold=30.850000000000005 0 -0.95242240592625282 0.80417553764032002 32.45000000000001 6.4020835000000007 21.950000000000003 87.479166500000005 5.1687500000000011 13.65 7.6625000000000005 0.046214085385334856 72.500000000000014 26.873511500000003
decision_type=2 1 2 2 2 2 2 2 2 2 2 2 2 2
left_child=1 4 6 -4 5 -1 -3 8 11 -10 -9 -2 -12 -6
right_child=7 2 3 -5 13 -7 -8 10 9 -11 12 -13 -14 -15
leaf_value=-0.0026247890825417024 0.052029868230217748 0.063517660590337366 -0.032521305461165245 0.062944260879775157 0.0079188617073668362 0.036048248656410931 -0.030931722001991888 -0.047795027368200571 -0.0083832006113563652 0.017783956407726294 -0.014063351569531733 -0.018909418843667179 0.041594514932424255 -0.043919036289435866
leaf_weight=15.158707554801365 4.9795975762244771 5.3939384946133933 29.718239359004659 2.1689802129985756 1.0520828471053381 36.739023990870919 1.1605276488407978 8.9934277848515176 111.29163686385436 18.368871191196376 3.6745584645250338 0.54129857901716594 1.063422523322515 5.3490153840975836
leaf_count=277 151 218 1951 102 25 676 81 433 8745 880 151 72 57 218
internal_value=-0.000718796 0.0060895 -0.00930852 -0.0243112 0.01523 0.0249162 0.0449137 -0.00515289 -0.00231262 -0.00456839 -0.0310594 0.0432414 0.00350073 -0.0354802
internal_weight=245.653 96.7405 38.4417 31.8872 58.2988 51.8977 6.55447 148.913 135.181 129.661 13.7314 5.5209 4.73798 6.4011
internal_count=14037 3548 2352 2053 1196 953 299 10489 9848 9625 641 223 208 243
cat_boundaries=0 1
cat_threshold=5
is_linear=0
shrinkage=0.05


Tree=122
num_leaves=12
num_cat=4
split_feature=40 7 43 19 40 1 1 0 34 1 14
split_gain=4.17652 4.60498 3.25994 12.475 5.87696 8.70362 4.82888 3.78405 2.39067 1.53444 0.239395
threshold=127.05000000000001 25.775000000000002 27.300000000000001 26.995138500000007 94.90000000000002 0 1 2 24.350000000000005 3 23.850000000000005
decision_type=2 2 2 2 2 1 1 1 2 1 2
left_child=2 -2 4 8 5 -1 -6 -5 -4 10 -3
right_child=1 9 3 7 6 -7 -8 -9 -10 -11 -12
leaf_value=0.0026551204187663172 0.033725740392699287 -0.014963192177981081 0.03628507657927825 0.016465027356719713 0.032690454166846995 -0.045238364413182824 -0.052390882158212776 -0.022163499000727182 -0.017343085151745805 -0.054747716455384038 0.011965526055278551
leaf_weight=171.53936638883897 1.4999332158768073 0.40824764996068497 26.834197816031523 2.3415951323695481 1.3261296681303048 9.0379614946432394 8.1493345820927043 15.53504083317239 1.6707016730215389 6.6249359420035026 1.0019914954900739
leaf_count=5594 44 146 855 173 250 5601 238 870 111 165 12
internal_value=-0.000543922 -0.0313478 0.000825157 0.012562 -0.00208993 2.20944e-05 -0.0384994 -0.0195183 0.0326606 -0.0458834 0.00119615
internal_weight=245.969 9.53511 236.434 46.3815 190.053 180.577 9.47546 17.8766 28.5049 8.03518 1.41024
internal_count=14059 367 13692 2009 11683 11195 488 1043 966 323 158
cat_boundaries=0 1 2 3 4
cat_threshold=2 1 4 1
is_linear=0
shrinkage=0.05


Tree=123
num_leaves=11
num_cat=0
split_feature=34 39 2 7 24 35 38 36 4 7
split_gain=3.34494 3.247 6.938 4.70875 3.85213 5.11305 3.37014 3.27579 2.10562 0.836004
threshold=19.650000000000002 15.850000000000003 9.5000000000000018 27.727083500000003 40.500000000000007 86.342262000000019 5.6827385000000001 90.500000000000014 -0.005375728450543499 26.164583500000003
decision_type=2 2 2 2 2 2 2 2 2 2
left_child=8 2 3 -2 7 -6 -4 -3 9 -1
right_child=1 4 6 -5 5 -7 -8 -9 -10 -11
leaf_value=0.017616624414553941 0.037842018409620613 0.0062427864179401236 0.0074537527241826038 -0.036535860175137179 0.01075184912338837 -0.0055635868434599639 -0.048420712859040205 -0.032845070929463337 -0.025834266398516516 0.055360561541998227
leaf_weight=4.4777563971583731 6.291956775850851 8.1619290308590298 3.0968959461897603 2.1032507966156118 108.52066288955393 84.668943025171757 12.027032127487471 13.207399222214006 0.80588128088856859 3.174874400428962
leaf_count=119 252 967 131 305 5592 3285 644 2512 96 92
internal_value=0.000544432 -0.000611526 -0.0178505 0.0173027 0.00135219 0.00360948 -0.0372267 -0.018304 0.0297054 0.037864
internal_weight=246.537 238.078 23.5191 8.39521 214.559 193.19 15.1239 21.3693 8.45851 7.65263
internal_count=13995 13688 1332 557 12356 8877 775 3479 307 211
is_linear=0
shrinkage=0.05


Tree=124
num_leaves=13
num_cat=2
split_feature=5 32 34 4 34 35 0 0 33 32 7 7
split_gain=2.97641 10.8908 8.9678 6.80801 4.19335 6.17786 5.29425 3.86427 15.7134 13.872 2.02079 0.0692306
threshold=0.90438663683299525 27.019940500000001 22.450000000000003 -0.861146256326485 23.650000000000002 86.38392850000001 0 1 32.550000000000004 26.804464500000005 24.525000000000002 26.006250000000005
decision_type=2 2 2 2 2 2 1 1 2 2 2 2
left_child=2 7 3 11 5 -4 -6 8 -2 -9 -5 -1
right_child=1 -3 4 10 6 -7 -8 9 -10 -11 -12 -13
leaf_value=0.0053565311073401657 0.070332897601042207 -0.046668648014199662 0.020776143235742662 0.015062612341127497 0.0057621858687110557 -0.0050689692713567006 -0.015092947203992391 -0.037311844081364162 -0.051482719445838224 0.08361520991810438 -0.056717232537111355 0.025294369749008106
leaf_weight=1.2639592245977866 14.324478507740425 5.2396203360694917 49.139774976370973 0.65906591856037167 52.007032635068754 42.314303209626814 52.92537643329706 9.3963642204180378 2.4427805859595528 2.0839617653691667 12.270548011845674 2.2580926362716127
leaf_count=33 115 759 2414 20 2375 1426 4776 671 48 136 1203 67
internal_value=0.000269212 0.0138989 -0.00193021 -0.0362797 0.00111653 0.00889255 -0.00568064 0.0263451 0.0324328 -0.00578468 -0.0522397 0.0209061
internal_weight=246.325 33.4872 212.838 16.4517 196.386 91.4541 104.932 28.2476 16.7673 11.4803 12.9296 3.52205
internal_count=14043 1729 12314 1323 10991 3840 7151 970 163 807 1223 100
cat_boundaries=0 1 2
cat_threshold=12 1
is_linear=0
shrinkage=0.05


Tree=125
num_leaves=15
num_cat=0
split_feature=38 35 10 39 5 44 41 27 41 35 39 5 32 39
split_gain=2.86757 5.3043 7.14713 4.85101 6.7019 7.91111 5.97248 5.6149 5.52726 4.74085 4.13071 3.53471 2.66235 2.24493
threshold=7.7473215000000009 87.532738500000008 89.270833500000023 22.350000000000005 0.16587474750015926 44.100000000000001 47.20000000000001 39.150000000000013 4.5000000000000009 72.544643000000022 18.250000000000004 -0.20180761162458913 25.921428500000005 16.950000000000003
decision_type=2 2 2 2 2 2 2 2 2 2 2 2 2 2
left_child=1 9 -3 6 5 -5 11 -8 -6 12 -11 -2 -1 -4
right_child=3 2 13 4 8 -7 7 -9 -10 10 -12 -13 -14 -15
leaf_value=0.012099975916033442 -0.038430153839498438 -0.053755459070756455 0.0469654196901855 -0.043970697559809896 -0.0014613397649133608 -0.00020521849049795444 0.037181978926886544 -0.00057883228059074838 0.049838119631569471 -0.0086496025734401228 0.012079798116593488 0.0051724804531626664 -0.047752140185752745 -0.015029322439328391
leaf_weight=1.9639589215221329 5.4932860241387997 10.543315851246005 2.0795739444729398 15.291558735538272 14.282165258802708 28.222255894885166 28.598611297406023 14.705426970642291 7.2536125440965398 48.549290807015495 45.682913883501897 15.697856611077439 7.0316212641191669 2.0785425390931778
leaf_count=52 945 518 73 1487 1391 1290 949 478 342 2364 1864 1180 1029 97
internal_value=-0.000561574 -0.00617574 -0.033255 0.00455736 -0.00504675 -0.0162275 0.0141732 0.0246353 0.017262 -0.00203712 0.00142114 -0.00735287 -0.0347817 0.01907
internal_weight=247.474 117.929 14.7014 129.545 65.0496 43.5138 64.4952 43.304 21.5358 103.228 94.2322 21.1911 8.99558 4.15812
internal_count=14059 5997 688 8062 4510 2777 3552 1427 1733 5309 4228 2125 1081 170
is_linear=0
shrinkage=0.05


Tree=126
num_leaves=9
num_cat=1
split_feature=4 33 14 0 34 5 34 37
split_gain=3.31678 5.52263 3.31462 2.79569 2.84487 9.06094 5.47018 1.30412
threshold=-0.98523971305672664 31.550000000000004 12.550000000000002 0 22.950000000000003 0.89691351184655443 23.750000000000004 67.500000000000014
decision_type=2 2 2 1 2 2 2 2
left_child=1 2 -1 4 5 -2 -6 -4
right_child=3 -3 7 -5 6 -7 -8 -9
leaf_value=-0.044555427890247197 -0.024237137210080816 -0.053166022241923454 0.028897600487849402 -0.018380037518288466 0.015851601016231339 0.013076939283748215 -0.0025924847512441328 -0.017472470677872717
leaf_weight=1.6524563672428465 32.594849249755498 6.6338117673003572 5.9466332544980105 6.1774147912074104 75.919777830771636 30.650060555373784 83.708638938187505 1.2151924518693702
leaf_count=63 1124 337 187 6666 1569 747 3244 51
internal_value=-0.000319298 -0.0220089 0.00446847 0.00123285 0.00256266 -0.00623173 0.00622365 0.0198529
internal_weight=244.499 15.4481 8.81428 229.051 222.873 63.2449 159.628 7.16183
internal_count=13988 638 301 13350 6684 1871 4813 238
cat_boundaries=0 1
cat_threshold=13
is_linear=0
shrinkage=0.05


Tree=127
num_leaves=10
num_cat=0
split_feature=44 44 4 44 38 21 25 25 26
split_gain=3.14946 4.80763 4.07312 2.96391 4.23196 1.60844 0.93645 0.301895 0.191199
threshold=25.000000000000004 28.250000000000004 -0.24372957273992743 52.000000000000007 12.119345000000001 21.150000000000002 7.1131945000000005 15.062500000000002 11.450000000000001
decision_type=2 2 2 2 2 2 2 2 2
left_child=6 2 -2 4 -3 -4 8 -5 -1
right_child=1 3 5 7 -6 -7 -8 -9 -10
leaf_value=0.0085474207310327951 -0.05700325803496864 0.000539719217137664 0.025672448953325266 0.036363354978909676 -0.04355680340335974 -0.020657940236444544 -0.0085537436056180791 0.0092113922586072924 0.048086388557127241
leaf_weight=0.8649683766416264 5.9041059016017243 218.06878759924439 2.4304088695207593 4.9608075639698646 4.579663904500193 3.1274674034793861 0.69518926242017176 2.2704334801237565 3.3884436040825676
leaf_count=33 271 12111 74 135 932 325 22 53 102
internal_value=-0.000227288 -0.00110865 -0.0313557 0.000528775 -0.000558004 0.000427276 0.0357168 0.0299931 0.0432034
internal_weight=246.29 241.342 11.462 229.88 222.648 5.55788 4.9486 7.23124 4.25341
internal_count=14058 13901 670 13231 13043 399 157 188 135
is_linear=0
shrinkage=0.05


Tree=128
num_leaves=15
num_cat=0
split_feature=13 5 5 4 35 8 32 41 27 10 27 32 41 5
split_gain=2.78956 6.34061 5.75359 6.28035 5.55068 6.88945 4.93049 4.81767 6.22784 4.68904 4.58405 4.1348 3.90981 3.55914
threshold=7.2229165000000011 -0.61236746317008228 -0.6391983530350368 -0.031173458710879145 87.00892850000001 28.300000000000001 27.011607000000001 68.050000000000011 18.650000000000002 74.02083300000001 41.650000000000013 27.157142500000003 127.05000000000001 0.23328369003117272
decision_type=2 2 2 2 2 2 2 2 2 2 2 2 2 2
left_child=1 7 3 10 6 -6 -3 8 -1 13 -2 -9 -11 -4
right_child=2 4 9 -5 5 -7 -8 11 -10 12 -12 -13 -14 -15
leaf_value=-0.01976595086948368 0.011587032565016926 0.0029911570603983421 -0.042455492846670835 -0.040752841730233469 0.026826454658569622 -0.044201897286887851 -0.035072700582903786 0.013411026620356961 0.050516182244203615 0.02182104410223118 -0.027661099281667531 -0.036824740873630836 -0.02379191704626021 0.0024054314758361257
leaf_weight=3.7024851950700421 25.427706368500367 40.762915946790599 4.3629799927293815 11.500094548508057 3.3523613383295041 20.893639058689587 9.7093224113050365 9.2906121053674706 10.647904286859555 60.031425718945684 9.3548775237577484 5.8565005731652482 4.2799262181215445 24.663341298757587
leaf_count=359 1075 1429 1323 1297 85 917 1034 265 436 2310 441 471 134 2449
internal_value=-0.000694831 -0.00684964 0.0039153 -0.0103552 -0.0145496 -0.0337076 -0.0048703 0.0124921 0.0322766 0.0110263 0.000553101 -0.00708989 0.0184677 -0.00552704
internal_weight=243.836 104.216 139.62 46.2827 74.7182 24.246 50.4722 29.4975 14.3504 93.3377 34.7826 15.1471 64.3114 29.0263
internal_count=14025 4996 9029 2813 3465 1002 2463 1531 795 6216 1516 736 2444 3772
is_linear=0
shrinkage=0.05


Tree=129
num_leaves=11
num_cat=0
split_feature=10 39 4 5 32 39 39 2 8 25
split_gain=3.2512 3.14583 6.1583 6.18004 5.82864 4.4722 5.03683 3.28837 1.81179 1.15589
threshold=90.812500000000014 17.450000000000003 -0.37447345805034538 -0.17646730165275518 26.971428500000005 17.750000000000004 18.250000000000004 8.5000000000000018 28.300000000000001 7.1131945000000005
decision_type=2 2 2 2 2 2 2 2 2 2
left_child=1 2 3 -1 -4 7 -7 -3 -2 -10
right_child=8 5 4 -5 -6 6 -8 -9 9 -11
leaf_value=0.021147494639012672 0.053168325140978627 -0.027331846938719196 0.022779733916867308 -0.042791665000499024 -0.021602151431274502 -0.037072240794656854 0.0016703163087829747 0.053746434187848836 0.026592326755278145 -0.030569318126648107
leaf_weight=4.0162978568405405 3.260016815736889 0.90205195211456057 15.728992038668368 18.927430103794904 12.279096035636028 7.8140282967069643 173.06928997555224 5.3395636874483898 0.65020335477311142 0.94281052990118042
leaf_count=153 96 112 492 945 1229 451 10350 187 23 44
internal_value=-0.000773555 -0.00167178 -0.0125582 -0.0311834 0.00324823 0.00134345 -0.000197957 0.0398726 0.036048 -0.00598055
internal_weight=242.93 238.077 50.9518 22.9437 28.0081 187.125 180.883 6.24162 4.85303 1.59301
internal_count=14082 13919 2819 1098 1721 11100 10801 299 163 67
is_linear=0
shrinkage=0.05


Tree=130
num_leaves=15
num_cat=2
split_feature=19 32 20 40 1 24 43 0 43 38 13 44 23 9
split_gain=2.82462 3.7648 3.6659 4.19427 3.71962 3.80401 3.61383 3.1732 2.96914 2.38187 2.35966 2.14596 1.88472 0.372993
threshold=25.985416500000003 25.797023500000005 30.850000000000005 127.05000000000001 0 67.500000000000014 27.750000000000004 1 28.200000000000006 6.1437500000000016 10.18125 24.300000000000004 97.500000000000014 24.950000000000003
decision_type=2 2 2 2 1 2 2 1 2 2 2 2 2 2
left_child=1 7 3 10 5 -4 -6 12 11 -9 -2 -3 -1 -5
right_child=2 8 4 13 6 -7 -8 9 -10 -11 -12 -13 -14 -15
leaf_value=0.058690522645258751 0.015109314627398195 0.017920700741408731 0.0041245752405623037 -0.038917523795864939 -0.044659162509435309 -0.015949681259819472 0.0062602002278488158 0.026688388368315882 0.013609922825665586 -0.05049494563977841 0.052786260382969567 -0.051016916142033346 0.0063453884259476101 0.00028635519885447961
leaf_weight=3.4613146528136003 14.000070982554467 0.77048352043493551 158.65085366708809 1.923025223281001 7.9946817098389129 26.697677326155826 5.3286925533611793 0.56454541900893662 2.2104986726480993 4.4854186060838401 5.8221923964447333 9.5331695978529734 3.2393324035219848 0.74730099039152253
leaf_count=29 516 21 5496 119 5298 708 912 18 65 274 178 414 28 12
internal_value=-0.00032582 -0.0161664 0.00147705 0.0201554 -0.00072796 0.001163 -0.0252787 0.00419638 -0.0341825 -0.0146562 0.0281794 -0.0447326 0.0163122 -0.0308574
internal_weight=245.429 24.2648 221.164 22.4926 198.672 185.349 13.3234 11.7506 12.5142 5.04996 19.8223 10.3037 6.70065 2.67033
internal_count=14088 849 13239 825 12414 6204 6210 349 500 292 694 435 57 131
cat_boundaries=0 1 2
cat_threshold=2 1
is_linear=0
shrinkage=0.05


Tree=131
num_leaves=9
num_cat=3
split_feature=0 43 19 1 35 38 0 32
split_gain=2.56656 2.44659 6.53459 6.72795 5.10456 4.35455 3.77017 0.20485
threshold=0 27.300000000000001 27.046527500000003 1 88.276786000000016 6.8410710000000003 2 25.921428500000005
decision_type=1 2 2 1 2 2 1 2
left_child=1 4 5 -4 6 -3 -1 -6
right_child=-2 2 3 -5 7 -7 -8 -9
leaf_value=0.0071761869003616995 -0.018115112278596943 -0.011640791533080185 0.056001706798874229 -0.032872853842882542 -0.0084933801661071211 0.029501265157590037 -0.0065564287466681782 -0.050450157786413777
leaf_weight=95.63150354733807 6.0696902306372058 7.4315255747642359 1.6358467555255611 11.257103779236784 0.79599299188703199 31.621238054707646 83.309209527404164 4.1520557110779919
leaf_count=1877 7030 173 238 234 18 542 3819 105
internal_value=0.000705565 0.00194707 0.0115005 -0.0183772 -0.000693931 0.021577 0.000816247 -0.0462633
internal_weight=241.904 235.834 51.9457 12.893 183.889 39.0528 178.941 4.94805
internal_count=14036 7006 1187 472 5819 715 5696 123
cat_boundaries=0 1 2 3
cat_threshold=13 1 1
is_linear=0
shrinkage=0.05


Tree=132
num_leaves=13
num_cat=1
split_feature=0 4 5 33 5 36 7 4 32 33 43 4
split_gain=2.80051 24.9839 21.8632 19.0732 12.4358 11.2967 9.31445 8.01321 8.00503 7.53008 6.47728 1.14839
threshold=0 0.52033990680116082 -0.95242240592625282 32.45000000000001 -0.95242240592625282 99.500000000000014 27.681250000000002 0.52033990680116082 27.157142500000003 32.550000000000004 21.550000000000004 -0.24372957273992743
decision_type=1 2 2 2 2 2 2 2 2 2 2 2
left_child=1 2 11 4 8 7 -7 -5 -2 -4 -6 -1
right_child=3 -3 9 5 10 6 -8 -9 -10 -11 -12 -13
leaf_value=-0.011349125346709682 0.054666498314327253 -0.055353535494176209 0.025748726310855608 -0.024305843829606631 -0.05151400237972225 0.076577623599014918 -0.020359523468929681 0.020245579888849792 -0.033938278990294342 -0.013691591327871122 -0.014504177789830498 -0.055828048175052741
leaf_weight=2.3723803993780157 6.2969452403485757 14.241032286357948 87.946798125049099 16.137170581176179 27.488924830293399 9.6528207358496712 2.759675568988313 23.566297610857873 3.0923078289197292 13.366348260664379 22.02255052694818 9.5912891971529444
leaf_count=28 307 854 899 2171 2440 568 262 3979 189 332 1766 232
internal_value=-0.000421994 0.00447855 0.012811 -0.00591264 -0.0257341 0.0154388 0.0551145 0.00198572 0.0250271 0.0204624 -0.0356652 -0.0485638
internal_weight=238.535 127.518 113.277 111.017 58.9007 52.116 12.4125 39.7035 9.38925 101.313 49.5115 11.9637
internal_count=14027 2345 1491 11682 4702 6980 830 6150 496 1231 4206 260
cat_boundaries=0 1
cat_threshold=1
is_linear=0
shrinkage=0.05


Tree=133
num_leaves=15
num_cat=0
split_feature=19 43 43 20 27 35 34 5 32 37 13 20 5 19
split_gain=2.29119 3.65586 4.9681 2.90144 5.31857 4.07106 2.85547 6.63979 6.5808 2.11113 2.03673 1.34566 0.274386 0.218838
threshold=25.985416500000003 7.8500000000000005 21.050000000000001 30.950000000000003 39.95000000000001 87.586309500000013 23.750000000000004 -0.091258822863740582 26.643750000000001 66.500000000000014 6.3375000000000012 31.450000000000003 0.99803555425430601 25.518055500000006
decision_type=2 2 2 2 2 2 2 2 2 2 2 2 2 2
left_child=1 11 -3 4 5 -2 7 -5 -8 -6 -4 13 -13 -1
right_child=3 2 10 6 9 -7 8 -9 -10 -11 -12 12 -14 -15
leaf_value=0.010729585278944742 0.052968374322534789 -0.061659239285483447 -0.033319425195700171 0.021933848327922383 0.012433864026147984 0.0025905577781026503 0.032334461733660086 -0.0045516277415661999 -0.013281921840943784 -0.02503980089459264 0.0083153051613433487 -0.030218093617548198 0.0049833692422585662 0.03469021883355821
leaf_weight=3.2576787708967485 9.4871661056386127 5.6491593478131135 3.4940155833610316 33.520113106525969 6.1197804108523979 6.6671079892548724 7.8858970949659115 74.447506363518187 73.672370029991725 7.1596054749097675 7.6643039975024294 0.85197015991434433 0.43651048513129354 2.2749625343712978
leaf_count=102 354 217 139 995 234 257 292 4854 6041 277 230 82 11 66
internal_value=-0.000855321 -0.015315 -0.0273859 0.000767595 0.0151004 0.0335398 -0.00152589 0.003797 -0.00853303 -0.00810879 -0.00639 0.0141269 -0.0213261 0.0243841
internal_weight=242.588 23.6286 16.8075 218.96 29.4337 16.1543 189.526 107.968 81.5583 13.2794 11.1583 6.82112 1.28848 5.53264
internal_count=14151 847 586 13304 1122 611 12182 5849 6333 511 369 261 93 168
is_linear=0
shrinkage=0.05


Tree=134
num_leaves=15
num_cat=1
split_feature=8 0 33 5 5 30 38 44 39 44 35 43 24 30
split_gain=2.86439 5.0641 11.1564 9.27191 8.51427 7.98023 7.51137 3.49797 4.46935 3.5823 3.53292 3.16734 2.4667 2.28641
threshold=30.850000000000005 0 32.95000000000001 -0.091258822863740582 -0.77243990499604276 14.850000000000003 7.9761905000000004 41.600000000000001 24.950000000000003 45.900000000000013 87.130952500000021 15.850000000000001 41.500000000000007 32.250000000000007
decision_type=2 1 2 2 2 2 2 2 2 2 2 2 2 2
left_child=1 4 3 -3 5 -1 -6 8 10 -9 -2 -11 -10 -4
right_child=7 2 13 -5 6 -7 -8 9 12 11 -12 -13 -14 -15
leaf_value=0.031552235274395782 -7.011786726546362e-05 0.0045611584170361695 0.08099762621954204 -0.048045524160134821 0.010349121036359498 -0.050754893738801481 0.05267423304616288 -0.037674287474640952 0.054685438614701182 -0.034298288945595216 -0.027551174594623497 0.013431495352192437 -0.0030612009445816404 -0.0039334704920163327
leaf_weight=3.8474519738228974 100.35529966013564 18.267793113685912 2.7321838531061071 14.227167435674344 27.756765682890546 6.9114237953908741 16.498932600428816 13.475943348646981 4.401219197025056 4.1217388260993166 12.238658756716175 9.8321443292952591 2.6580427629232872 0.89254345191875462
leaf_count=90 7139 1036 161 1055 551 237 272 1548 247 609 559 361 92 63
internal_value=-0.000172766 0.00674987 -0.0074037 -0.0192182 0.0147052 -0.0211411 0.0269436 -0.00447872 -0.000726689 -0.0202444 -0.00327348 -0.00201787 0.0352601 0.0637559
internal_weight=238.217 91.1343 36.1197 32.495 55.0146 10.7589 44.2557 147.083 119.653 27.4298 112.594 13.9539 7.05926 3.62473
internal_count=14020 3465 2315 2091 1150 327 823 10555 8037 2518 7698 970 339 224
cat_boundaries=0 1
cat_threshold=5
is_linear=0
shrinkage=0.05


Tree=135
num_leaves=6
num_cat=1
split_feature=7 0 26 5 38
split_gain=2.84654 2.45637 2.52643 5.02505 3.41443
threshold=29.325000000000006 0 24.650000000000002 -0.93543596745397617 11.614285500000003
decision_type=2 1 2 2 2
left_child=1 2 4 -4 -1
right_child=-2 -3 3 -5 -6
leaf_value=0.0018574350782695735 -0.039821333895304567 -0.017727394715470426 -0.037360596291763137 0.035192642188777504 -0.035395154999526494
leaf_weight=206.99723910432658 3.3919868583761845 5.840997827879618 2.0849095596931866 11.510806894686537 5.3388776259380384
leaf_count=5555 1484 6302 85 321 320
internal_value=5.74527e-05 0.000809644 0.00205549 0.0222692 0.000759252
internal_weight=235.165 231.773 225.932 13.5957 212.336
internal_count=14067 12583 6281 406 5875
cat_boundaries=0 1
cat_threshold=13
is_linear=0
shrinkage=0.05


Tree=136
num_leaves=9
num_cat=0
split_feature=7 13 5 40 35 5 2 25
split_gain=2.629 2.85205 7.34817 5.84265 4.55787 4.32062 4.57513 3.49059
threshold=29.325000000000006 7.2229165000000011 -0.61236746317008228 60.050000000000004 86.961309500000013 -0.77243990499604276 6.5000000000000009 7.1458335000000011
decision_type=2 2 2 2 2 2 2 2
left_child=1 2 3 -1 -4 6 -3 -7
right_child=-2 5 4 -5 -6 7 -8 -9
leaf_value=0.03918095033014185 -0.039486693456937193 -0.039711612233194721 -0.005653638176428449 -0.0049205083635813149 -0.031979756835084347 0.033178135930546575 0.00026141404774036642 0.0063762027813589793
leaf_weight=12.501216646822288 3.2802920208632704 8.3944061094371119 49.548815547532286 16.485651526163565 24.035540713492082 13.368686398360294 30.019490684266202 84.222020808854722
leaf_count=607 1493 869 2429 845 1031 587 1371 4884
internal_value=-0.000647777 4.88281e-05 -0.00621276 0.0147715 -0.0145663 0.00478204 -0.00925963 0.010347
internal_weight=241.856 238.576 102.571 28.9869 73.5844 136.005 38.4139 97.5907
internal_count=14116 12623 4912 1452 3460 7711 2240 5471
is_linear=0
shrinkage=0.05


Tree=137
num_leaves=9
num_cat=0
split_feature=44 34 39 39 4 24 39 8
split_gain=2.50568 3.75305 2.94154 3.89539 1.39674 1.36529 0.50871 0.330496
threshold=52.000000000000007 24.650000000000002 26.650000000000002 24.950000000000003 -0.63921128368950708 76.500000000000014 28.500000000000004 30.750000000000004
decision_type=2 2 2 2 2 2 2 2
left_child=1 2 3 -1 7 -4 -2 -3
right_child=6 4 5 -5 -6 -7 -8 -9
leaf_value=-0.00091932263999034032 0.037268463260218369 -0.0091449699809608466 -0.044001162754359446 0.023264517940871081 -0.043306758010820928 0.021425900294735407 0.0081245029495404988 0.033043879079257786
leaf_weight=204.45347423850035 4.0743044590635682 0.20468997510033649 4.1234215825825222 17.121725161734503 5.668955002562142 0.32858734298497427 3.1146557690226473 0.19366209156578407
leaf_count=10182 118 20 567 835 2208 11 74 22
internal_value=-8.73361e-06 -0.000963728 0.000157447 0.00104556 -0.0368435 -0.036128 0.0271757 0.0203285
internal_weight=239.283 232.095 226.027 221.575 6.06731 4.45201 7.18896 0.398352
internal_count=14037 13845 11595 11017 2250 578 192 42
is_linear=0
shrinkage=0.05


Tree=138
num_leaves=9
num_cat=1
split_feature=4 33 40 0 21 5 34 35
split_gain=2.23332 4.90828 2.18737 2.06965 2.03181 6.67277 4.25306 1.14221
threshold=-0.98803845231459231 31.550000000000004 78.200000000000017 0 23.050000000000004 0.90438663683299525 23.750000000000004 88.511904500000014
decision_type=2 2 2 1 2 2 2 2
left_child=1 2 -1 4 5 -2 -6 -4
right_child=3 -3 7 -5 6 -7 -8 -9
leaf_value=-0.0384249792678171 -0.025905356205250599 -0.052414279185500817 0.027245177084416473 -0.017371892952500131 0.011488536297489121 0.0095283268174114078 -0.0043687277016989708 -0.016925046134228103
leaf_weight=1.2360843529604588 24.737146587576717 5.6132853433373384 5.305721057462506 5.6885410013928768 83.679247635736829 26.663773538195528 83.663175282999873 1.1648670219292396
leaf_count=56 860 297 167 6737 1939 656 3353 62
internal_value=-0.00162291 -0.0207677 0.00565526 -0.000399596 0.000869796 -0.00769339 0.00358181 0.0180923
internal_weight=237.752 13.32 7.70667 224.432 218.743 51.4009 167.342 6.47059
internal_count=14127 582 285 13545 6808 1516 5292 229
cat_boundaries=0 1
cat_threshold=13
is_linear=0
shrinkage=0.05


Tree=139
num_leaves=10
num_cat=1
split_feature=10 33 39 2 35 20 0 26 5
split_gain=2.54554 2.32536 3.06919 3.62957 3.52112 2.93144 2.59958 1.23269 0.0393088
threshold=90.812500000000014 30.850000000000005 16.350000000000005 9.5000000000000018 86.342262000000019 30.650000000000002 0 17.550000000000004 0.75438814418115718
decision_type=2 2 2 2 2 2 1 2 2
left_child=1 5 3 -3 -4 6 -1 8 -2
right_child=7 2 4 -5 -6 -7 -8 -9 -10
leaf_value=0.014673307465855767 0.045408607094591012 0.0051250082750149573 0.0051817677211776735 -0.028923584908621559 -0.008621498944754032 0.056168633059143713 -0.014449326318020723 -0.010498372955239635 0.010225836080455186
leaf_weight=5.6436260691843918 3.211132624448509 11.843454960850066 114.96573544152488 20.651631044514943 75.800253572146175 2.7716083190753116 3.5214986670616772 1.0052713947952723 0.79620861267903809
leaf_count=52 96 830 8614 1002 3046 67 254 43 20
internal_value=-0.000774723 -0.00158938 -0.00277197 -0.0167314 -0.000319274 0.019034 0.00338325 0.031357 0.0418564
internal_weight=240.21 235.198 223.261 32.4951 190.766 11.9367 9.16512 5.01261 4.00734
internal_count=14024 13865 13492 1832 11660 373 306 159 116
cat_boundaries=0 1
cat_threshold=1
is_linear=0
shrinkage=0.05


Tree=140
num_leaves=10
num_cat=2
split_feature=1 4 21 0 30 27 35 27 40
split_gain=2.48922 5.78976 5.03615 3.78071 3.0788 5.58526 5.29805 1.11517 0.667607
threshold=0 -0.78326540922535159 24.350000000000005 1 17.050000000000004 22.350000000000005 86.300595500000014 51.350000000000001 160.25000000000003
decision_type=1 2 2 1 2 2 2 2 2
left_child=1 2 8 4 5 -2 -6 -4 -1
right_child=3 -3 7 -5 6 -7 -8 -9 -10
leaf_value=-0.037031880581699421 5.6214709681652631e-05 -0.045005158138286296 0.066873193174112985 -0.020959179172892237 0.0090891543027551164 0.021380339227145582 -0.018406754787799337 0.011608706214513128 0.010249372484088345
leaf_weight=2.6806794195726993 98.773208305763546 8.5609897420508769 1.8680004455673045 7.8244725233816999 30.956090089632198 43.563986720517278 38.019528810866177 2.0897193769342266 0.47527216584421683
leaf_count=1083 1424 5779 123 4692 269 329 320 40 11
internal_value=-0.000796094 -0.0194196 0.0131233 0.000618193 0.00238687 0.00668634 -0.00611312 0.0459203 -0.0291586
internal_weight=234.812 15.6747 7.11367 219.137 211.313 142.337 68.9756 3.95772 3.15595
internal_count=14070 7036 1257 7034 2342 1753 589 163 1094
cat_boundaries=0 1 2
cat_threshold=1 9
is_linear=0
shrinkage=0.05


Tree=141
num_leaves=12
num_cat=3
split_feature=1 4 32 0 44 33 11 40 34 0 4
split_gain=3.01569 4.36521 11.0851 11.4434 8.4822 4.6074 5.9613 5.41287 4.08012 3.11488 3.11549
threshold=0 -0.8041866928211282 26.606547500000005 1 52.000000000000007 31.150000000000002 95.500000000000014 8.3500000000000032 24.150000000000002 2 -0.77245553105869302
decision_type=1 2 2 1 2 2 2 2 2 1 2
left_child=8 2 3 -2 -4 7 -7 -3 -1 10 -10
right_child=1 5 4 -5 -6 6 -8 -9 9 -11 -12
leaf_value=-0.044829953639157066 0.022818066866558035 0.025794174053226822 -0.047342906074788194 -0.023173499922584252 0.039448799450628499 -0.0054806105188850013 0.014989187271990684 -0.034570336815240472 0.084398867571138431 -0.014405649467602725 -0.017979067876880885
leaf_weight=8.2069215747469553 22.306738883256912 4.1735072747687836 21.745710877003152 12.433216363366226 2.4467576552415258 59.422730339720147 86.08632288989611 13.528092283551812 2.4019724829122429 4.2587122494878722 0.55894799806992512
leaf_count=4800 104 72 523 545 45 3284 2170 284 21 1859 339
internal_value=-0.00206217 -0.00053108 -0.0120788 0.00607068 -0.0373476 0.00368676 0.00664942 -0.01972 -0.0227353 0.00477911 0.0185585
internal_weight=237.57 222.143 58.9324 34.74 24.1925 163.211 145.509 17.7016 15.4266 7.21963 2.96092
internal_count=14046 7027 1217 649 568 5810 5454 356 7019 2219 360
cat_boundaries=0 1 2 3
cat_threshold=1 1 4
is_linear=0
shrinkage=0.05


Tree=142
num_leaves=10
num_cat=1
split_feature=37 36 0 4 4 34 25 35 4
split_gain=2.65036 5.18827 5.52004 22.1118 21.2632 3.59641 2.0357 0.961662 0.234265
threshold=29.500000000000004 91.500000000000014 0 -0.30983472475487861 0.52033990680116082 23.050000000000004 10.541667000000002 68.744048000000006 0.52033990680116082
decision_type=2 2 1 2 2 2 2 2 2
left_child=7 5 4 -4 -3 -2 -7 -1 -9
right_child=1 2 3 -5 -6 6 -8 8 -10
leaf_value=-0.04121581742301017 -0.028534878236397672 0.012684792744110961 -0.035839359670075913 0.012230873500574085 -0.055052463656646435 0.06185972694914238 0.0070294386782104512 -0.0093973791579893308 0.023376002383116316
leaf_weight=4.0463137834594809 1.2087571879819723 120.59617539684405 43.770391047204612 50.580677959675086 11.815924091715713 5.590557016868841 2.6573490986338584 0.22526156167441502 0.30543557135388255
leaf_count=1244 229 2887 3320 4638 1136 236 389 50 11
internal_value=0.000184431 0.000984662 -0.000600586 -0.0092421 0.00583545 0.0354198 0.0468646 -0.0338867 0.0124137
internal_weight=240.797 236.22 226.763 94.3511 132.412 9.45666 8.24791 4.57701 0.530697
internal_count=14140 12835 11981 7958 4023 854 625 1305 61
cat_boundaries=0 1
cat_threshold=5
is_linear=0
shrinkage=0.05


Tree=143
num_leaves=14
num_cat=0
split_feature=43 40 4 35 44 37 20 30 35 33 5 5 20
split_gain=2.64179 6.02201 6.41356 5.08181 3.96123 5.88458 3.73812 3.34166 3.9157 2.98208 2.63209 3.76983 0.775743
threshold=5.3500000000000005 3.3500000000000001 0.64579916509010216 81.330357000000006 28.600000000000005 58.500000000000007 35.45000000000001 16.950000000000003 63.925595000000008 32.150000000000013 0.16587474750015926 0.39629089145655316 33.650000000000013
decision_type=2 2 2 2 2 2 2 2 2 2 2 2 2
left_child=1 2 6 7 9 -6 -1 8 -2 -5 -3 -12 -9
right_child=3 10 -4 4 5 -7 -8 12 -10 -11 11 -13 -14
leaf_value=-0.0004515108045924439 0.039512356143857091 -0.025874796356222314 -0.044804022677975237 -0.053764504387390936 0.017371821604395286 -0.0048219662151993449 0.051747097211507193 0.011218275435960726 -0.050488039097824428 0.01599776975964717 0.074165581292915395 0.018623211284935937 -0.025783248857396125
leaf_weight=18.795473897087511 0.60918407651479611 0.99766544587327999 6.2902087165857656 4.8792406379943705 37.760793686538818 129.17032114326139 3.1908545879996373 4.8187309851637101 11.174058093893107 1.5533881650480905 4.4028666417580089 9.3265461463015509 0.87930594792123873
leaf_count=1501 35 327 1872 259 1632 5776 97 169 1483 109 151 555 103
internal_value=-0.00145281 0.00960437 -0.00405458 -0.00398143 -0.00131666 0.000271949 0.00904567 -0.0289071 -0.0431081 -0.0370321 0.0344203 0.040261 0.00251141
internal_weight=233.849 43.0036 28.2765 190.845 173.364 166.931 21.9863 17.4813 11.7832 6.43263 14.7271 13.7294 5.69804
internal_count=14069 4503 3470 9566 7776 7408 1598 1790 1518 368 1033 706 272
is_linear=0
shrinkage=0.05


Tree=144
num_leaves=12
num_cat=2
split_feature=40 7 11 0 4 5 39 5 44 17 1
split_gain=2.40179 3.8644 2.3144 3.66203 22.3615 14.5902 3.43388 3.5877 2.68411 1.26486 0.33775
threshold=127.05000000000001 25.775000000000002 95.500000000000014 0 -0.59869031648930193 -0.96687281075841669 24.950000000000003 -0.93543596745397617 38.350000000000009 39.400000000000013 1
decision_type=2 2 2 1 2 2 2 2 2 2 1
left_child=2 -2 6 5 -5 -4 8 -8 -1 -3 -11
right_child=1 9 3 4 -6 -7 7 -9 -10 10 -12
leaf_value=-0.0049093215779883936 0.033653853824504504 -0.050720716697219059 -0.049692593676200401 -0.043171297583414564 0.017773316055623725 0.017436516828657794 -0.038075861185405929 0.020594192633657592 -0.027969219827974817 0.012390918890053176 -0.016704512135599026
leaf_weight=39.647221500606975 1.490044973208567 5.1965301097079646 8.0012056420091522 23.5587039750244 37.939768485477543 82.029415680328384 2.1348499316663974 15.95583764890034 17.90836596970621 0.95552900052280165 1.0808574637630957
leaf_count=3345 46 277 324 1850 2639 1897 154 1208 2261 23 23
internal_value=-0.000452879 -0.0247889 0.000586108 0.00414549 -0.00507793 0.00990245 -0.00650485 0.0120388 -0.0124395 -0.039454 -0.00346758
internal_weight=235.898 8.72296 227.175 151.529 61.4985 90.0306 75.6463 18.0907 57.5556 7.23292 2.03639
internal_count=14047 369 13678 6710 4489 2221 6968 1362 5606 323 46
cat_boundaries=0 1 2
cat_threshold=5 1
is_linear=0
shrinkage=0.05


Tree=145
num_leaves=13
num_cat=0
split_feature=40 7 21 5 5 34 20 32 44 13 10 5
split_gain=2.89417 2.97181 2.83066 6.97495 7.89982 3.26013 4.37342 2.87056 2.73151 0.588854 0.378103 0.0587303
threshold=127.05000000000001 25.775000000000002 23.050000000000004 0.90438663683299525 0.53312596302726967 23.750000000000004 30.850000000000005 27.019940500000001 29.700000000000003 15.202083500000002 85.145833500000023 0.24997576770840005
decision_type=2 2 2 2 2 2 2 2 2 2 2 2
left_child=2 11 3 4 -1 8 -7 -5 -4 10 -3 -2
right_child=1 9 5 7 -6 6 -8 -9 -10 -11 -12 -13
leaf_value=0.0031116138370030997 0.031725372639016307 -0.0018037168367033491 -0.017039234829187032 0.010713144691025333 -0.056223516175398718 0.028785763081435024 -0.0083640154751299101 -0.037919292156963824 0.011654908663749672 0.00024010145597380987 -0.050294196062139175 0.0039416837764947787
leaf_weight=9.4508598850516154 0.67134155647363403 0.51017876196419809 8.3301159186667046 25.820254635909809 12.451549504476132 7.8252786296361583 77.950491992640309 2.436316727573284 82.070628150584525 0.71901981905102719 5.396669247711543 0.57897841237718239
leaf_count=508 21 11 568 914 1202 292 6367 403 3472 12 288 21
internal_value=-0.00182229 -0.0298302 -0.000720723 -0.0110782 -0.0316025 0.00227401 -0.00468219 0.00536722 0.00885335 -0.0424904 -0.0469736 0.0263286
internal_weight=234.212 7.87619 226.335 50.159 21.9024 176.177 85.7758 28.2566 90.4007 6.62587 5.90685 1.25032
internal_count=14079 353 13726 3027 1710 10699 6659 1317 4040 311 299 42
is_linear=0
shrinkage=0.05


Tree=146
num_leaves=14
num_cat=0
split_feature=10 30 11 43 30 21 20 39 40 43 38 5 5
split_gain=2.65017 2.83065 3.68666 2.59319 6.68395 4.35446 2.28797 1.83421 1.36985 2.34668 0.848169 0.472508 0.398097
threshold=89.458333500000023 23.050000000000004 98.500000000000014 20.050000000000004 18.050000000000004 24.150000000000002 31.750000000000004 19.550000000000004 69.600000000000009 27.300000000000001 10.745238000000002 0.75438814418115718 0.16587474750015926
decision_type=2 2 2 2 2 2 2 2 2 2 2 2 2
left_child=1 3 7 4 -1 -5 8 -3 11 -10 -4 -2 -8
right_child=6 2 10 5 -6 -7 12 -9 9 -11 -12 -13 -14
leaf_value=0.00028302799749126156 0.039873636311873586 -0.026390427438745839 -0.048274621652817144 0.019439090246221369 -0.043147846027491769 -0.0079501712336252448 0.066870261363197972 0.0037792478055423797 -0.0286404574217069 0.018002000468058357 0.0085240888523057234 -0.0031484963616202639 0.010055168293786292
leaf_weight=121.00935490769916 2.5710334506875365 6.0059164447157007 6.6494690946710753 38.826801450748462 8.5575192763062642 22.126229807618074 1.6280667728860856 17.243422982894117 3.622906223885364 5.477928103558952 0.41990521631669242 0.60833495561382722 0.81023256105254393
leaf_count=9215 87 416 362 1188 445 1181 41 672 195 182 19 22 23
internal_value=0.000231876 -0.00117486 -0.0151064 0.00110947 -0.00289395 0.00952882 0.0200707 -0.00478127 0.00915195 -0.00156289 -0.0442626 0.0328581 0.0564063
internal_weight=235.557 220.839 30.3187 190.52 129.567 60.953 14.7185 23.2493 12.2802 9.10083 7.06937 3.17937 2.4383
internal_count=14048 13498 1469 12029 9660 2369 550 1088 486 377 381 109 64
is_linear=0
shrinkage=0.05


Tree=147
num_leaves=11
num_cat=1
split_feature=34 43 30 19 41 1 35 10 44 17
split_gain=2.60176 2.39812 5.18154 4.52167 5.6475 4.65028 3.59495 2.06233 0.488782 0.101144
threshold=24.950000000000003 27.300000000000001 23.050000000000004 26.926389000000004 127.05000000000001 0 86.38392850000001 84.354166500000005 56.350000000000001 52.750000000000007
decision_type=2 2 2 2 2 1 2 2 2 2
left_child=1 2 6 4 -3 -5 -1 -4 -2 -10
right_child=8 3 7 5 -6 -7 -8 -9 9 -11
leaf_value=0.0040835773413673629 -0.040678018754392253 0.029524064710660249 0.013736076127080303 0.03422868915918275 -0.018309235520407259 -0.024935077349185056 -0.011854380585460587 -0.047095501899827273 -0.012832997658127171 0.004378857971403919
leaf_weight=119.21973704827542 3.6999343767674864 27.788306236921926 1.2025225139223019 3.3993517070484813 7.1189444297633591 13.174097323615571 49.138783247806714 7.5188202622521203 0.85637114779092349 0.87921846378594637
leaf_count=7687 1765 907 34 418 322 409 2027 409 32 21
internal_value=-0.00077751 0.000104836 -0.00266387 0.00949774 0.0195308 -0.0115429 -0.000610761 -0.0381577 -0.0321307 -0.00570041
internal_weight=233.996 228.561 177.08 51.4807 34.9073 16.5734 168.359 8.72134 5.43552 1.73559
internal_count=14031 12213 10157 2056 1229 827 9714 443 1818 53
cat_boundaries=0 1
cat_threshold=1
is_linear=0
shrinkage=0.05


Tree=148
num_leaves=9
num_cat=4
split_feature=1 4 5 0 33 0 0 27
split_gain=2.77897 4.4788 3.83355 3.61543 2.9199 6.33936 3.7443 1.59339
threshold=0 -0.78326540922535159 -0.42179730054635828 1 35.350000000000001 2 3 48.550000000000004
decision_type=1 2 2 1 2 1 1 2
left_child=3 2 7 4 6 -6 -1 -2
right_child=1 -3 -4 -5 5 -7 -8 -9
leaf_value=0.0063929356190358501 0.056546885689425466 -0.04458392056590095 -0.035351242530051945 -0.020523819601734619 0.028622095921360481 -0.017612801466179395 -0.0069230898576252481 0.0019503727642909575
leaf_weight=112.25171398720704 2.1000337705772836 7.8571422795357631 2.3320334630116122 7.548380596927017 12.8243494638009 4.9152175821946011 81.531365346862003 2.4793722116446588
leaf_count=944 150 5731 1034 4669 225 216 953 78
internal_value=-0.00069132 -0.0209654 0.00812644 0.000764503 0.00246684 0.0214301 0.000756417 0.0326349
internal_weight=233.84 14.7686 6.91144 219.071 211.523 17.7396 193.783 4.57941
internal_count=14000 6993 1262 7007 2338 441 1897 228
cat_boundaries=0 1 2 3 4
cat_threshold=2 9 8 1
is_linear=0
shrinkage=0.05


Tree=149
num_leaves=15
num_cat=2
split_feature=13 5 4 0 4 0 4 5 5 34 5 30 30 43
split_gain=2.5606 6.53734 5.85394 7.5522 14.3673 6.46131 15.4823 14.2326 5.7396 4.63495 4.08974 4.40662 3.50612 2.37848
threshold=7.2229165000000011 -0.62587551141915865 -0.031173458710879145 0 0.52033990680116082 1 -0.30983472475487861 -0.77243990499604276 0.90803977035715633 19.950000000000006 -0.98521978256641018 23.050000000000004 19.350000000000005 33.250000000000007
decision_type=2 2 2 1 2 1 2 2 2 2 2 2 2 2
left_child=1 10 5 4 -4 7 -7 -2 -5 -3 13 -12 -11 -1
right_child=2 9 3 8 -6 6 -8 -9 -10 12 11 -13 -14 -15
leaf_value=-0.040139106114944187 -0.017004135404778197 0.026310869822639006 -0.044631288080135563 -0.049656408715351368 0.032335328068156276 -0.030016354315007699 0.04148843561108842 0.039905066391670921 0.015715939687136079 -0.027122279010895235 0.029768290463734439 -0.030933952074773882 -0.0010633730520495563 0.014531738696274596
leaf_weight=4.1920507339236819 14.759654860943554 5.1448901839030432 7.4899492592667256 17.183326030237371 20.45178239006782 23.751040369650582 9.9331697826273722 37.203241092327517 3.6172342579229726 44.139481145830359 20.432218136687883 2.6431028296938157 18.194746509558172 2.5563893110956997
leaf_count=285 424 151 267 4425 728 1667 444 647 446 2573 905 257 747 75
internal_value=-0.0011297 -0.00726772 0.00333531 -0.0103659 0.00808215 0.0111624 -0.00647513 0.0199566 -0.0261113 -0.0158153 0.0119577 0.0218192 -0.0196528 -0.0202265
internal_weight=231.692 97.3029 134.389 48.7423 27.9417 85.6471 33.6842 51.9629 20.8006 67.4791 29.8238 23.0753 62.3342 6.74844
internal_count=14041 4993 9048 5866 995 3182 2111 1071 4871 3471 1522 1162 3320 360
cat_boundaries=0 1 2
cat_threshold=8 5
is_linear=0
shrinkage=0.05


Tree=150
num_leaves=15
num_cat=1
split_feature=29 36 35 23 13 4 30 5 26 34 35 26 37 0
split_gain=2.53796 3.49189 2.85361 4.86131 3.93315 4.70976 4.40961 3.59838 2.65232 2.87856 1.926 1.56495 1.49304 3.34357
threshold=2.5000000000000004 99.500000000000014 85.080357500000005 99.500000000000014 7.2833335000000003 -0.031173458710879145 14.450000000000001 -0.95242240592625282 24.950000000000003 18.800000000000004 83.931547500000008 25.100000000000005 50.500000000000007 0
decision_type=2 2 2 2 2 2 2 2 2 2 2 2 2 1
left_child=1 8 3 7 6 -6 -4 -2 9 -1 -5 -10 -3 -14
right_child=2 12 4 10 5 -7 -8 -9 11 -11 -12 -13 13 -15
leaf_value=0.0083480208347819843 -0.031653058755499348 -0.01098919854638776 -0.034343572417850306 -0.0014742657522698163 0.0093347291853485472 -0.033827191383663233 -0.0030277083144997475 0.0082055646980458401 0.039531583871194514 -0.033646670261755933 0.052737161347195895 -0.022424621220770574 0.022341234672675001 -0.012172621915061944
leaf_weight=4.5258306640607833 5.3314807652350273 8.3014889818878164 16.056739267645753 1.9895498318073785 59.339495028209058 6.0754716913215807 33.619928846164839 53.544504158431664 1.8917267098440782 22.263444532633002 7.0575036010122858 0.78316428097605228 7.0527290224563313 5.4030985982826678
leaf_count=138 557 286 713 83 2186 562 1551 3467 66 3472 212 340 68 345
internal_value=-0.00110941 -0.0109494 0.00163564 0.00968733 -0.0031587 0.00487706 -0.0136277 0.00412783 -0.0217396 -0.0265069 0.0418553 0.0202258 0.00466214 0.0151348
internal_weight=233.236 50.2215 183.015 67.923 115.092 65.415 49.6767 58.876 29.4642 26.7893 9.04705 2.67489 20.7573 12.4558
internal_count=14046 4715 9331 4319 5012 2748 2264 4024 4016 3610 295 406 699 413
cat_boundaries=0 1
cat_threshold=1
is_linear=0
shrinkage=0.05


Tree=151
num_leaves=15
num_cat=2
split_feature=19 34 1 5 5 0 13 43 21 22 19 27 23 13
split_gain=2.99574 2.27895 6.55353 5.04251 4.85306 3.64388 2.52461 1.78232 2.99214 2.52265 0.853757 0.246676 0.229868 0.00276653
threshold=25.985416500000003 23.950000000000003 0 -0.32613736746952132 0.14888728888808322 1 9.3354165000000027 27.050000000000004 20.250000000000004 88.805555500000011 25.600694500000003 44.250000000000007 98.500000000000014 12.602083000000002
decision_type=2 2 1 2 2 1 2 2 2 2 2 2 2 2
left_child=7 2 3 -2 5 -3 -6 8 10 -10 -1 13 -13 -9
right_child=1 4 -4 -5 6 -7 -8 11 9 -11 -12 12 -14 -15
leaf_value=0.015595927810584762 0.020294523041612639 0.014936962066067967 -0.042972185058000933 0.00049363587927322072 -0.016178740503438618 -0.015004307092875322 0.050257772718848771 0.012069002250262372 -0.053386752229295821 0.0021032139642073121 -0.025544950321667748 -0.017854322471539157 0.0060810258194534776 0.0035591630691128489
leaf_weight=3.9592134645063224 47.078693279589061 5.0119738626526669 5.8671186953797578 97.22143308010709 1.4183918781782257 46.219141246416257 4.2180240873713046 2.8096047724247901 7.7285798652446811 2.5797424065094674 0.72230319504160423 1.0693966811231803 1.2202557276468724 1.2409198799286967
leaf_count=134 728 870 3721 3014 150 4295 395 77 369 98 53 50 33 36
internal_value=-0.000269115 0.00160012 0.0048233 0.00704899 -0.00684743 -0.0118581 0.0336205 -0.0176716 -0.0265865 -0.040542 0.00586945 0.00415626 -0.00712727 0.0106828
internal_weight=228.365 207.035 150.167 144.3 56.8675 51.2311 5.63642 21.33 14.9898 10.3083 4.68152 6.34018 2.28965 4.05052
internal_count=14023 13173 7463 3742 5710 5165 545 850 654 467 187 196 83 113
cat_boundaries=0 1 2
cat_threshold=2 4
is_linear=0
shrinkage=0.05


Tree=152
num_leaves=15
num_cat=2
split_feature=27 7 0 33 4 5 26 43 34 0 33 5 27 38
split_gain=2.14938 5.4389 3.4273 21.1576 12.9743 11.7732 8.77173 7.427 6.31425 2.75043 4.17146 3.89267 1.2291 1.22574
threshold=39.650000000000013 25.891666500000003 0 32.350000000000001 0.52033990680116082 -0.96234030595689413 12.950000000000001 14.450000000000001 22.550000000000004 1 32.550000000000004 0.18281312110578127 46.050000000000004 7.6613095000000007
decision_type=2 2 1 2 2 2 2 2 2 1 2 2 2 2
left_child=2 12 3 7 5 -4 -5 -1 -6 10 -3 -11 -2 -14
right_child=1 9 4 6 8 -7 -8 -9 -10 11 -12 -13 13 -15
leaf_value=0.045244316007749752 -0.0033950952554792102 -0.013837182308363559 0.027337524309921604 0.055399532368657814 -0.037762525057671886 -0.028383313111851122 -0.033558041152593553 0.010701387205488596 0.034582250051896198 -0.040674227117597814 0.03174597570089218 0.017169352524915197 0.064022418382358323 0.014931509928121943
leaf_weight=25.035184609121643 2.4951713486370846 12.303224208531903 10.817533401394028 2.1623760106740546 2.6632782516389879 49.712271144642727 28.000104831226054 40.840728278737515 20.570688897409127 20.658648034892398 7.0747117784339926 2.7935974450519998 1.6603372814424799 4.1193164551514201
leaf_count=231 90 486 804 35 790 5003 1232 441 3049 1328 239 130 55 118
internal_value=-0.000817772 -0.00976222 0.00176443 0.00773279 -0.005368 -0.0181428 -0.0256075 0.0243092 0.0250734 -0.0169644 0.00237872 -0.0236796 0.025326 0.0363972
internal_weight=230.907 51.105 179.802 96.0384 83.7638 60.5298 30.1625 65.8759 23.234 42.8302 19.3779 23.4522 8.27483 5.77965
internal_count=14031 2446 11585 1939 9646 5807 1267 672 3839 2183 725 1458 263 173
cat_boundaries=0 1 2
cat_threshold=1 12
is_linear=0
shrinkage=0.05


Tree=153
num_leaves=9
num_cat=0
split_feature=44 44 4 27 26 31 39 25
split_gain=2.19422 2.97436 3.44315 3.77373 2.94645 4.73582 2.40193 0.702249
threshold=25.000000000000004 28.250000000000004 0.97875492728876534 0.15000000000000005 14.550000000000002 30.400000000000002 18.350000000000005 7.1131945000000005
decision_type=2 2 2 2 2 2 2 2
left_child=7 2 3 -2 5 -3 -6 -1
right_child=1 4 -4 -5 6 -7 -8 -9
leaf_value=0.037673365994943496 0.016710468890482194 0.0031331457607705047 0.038125566833593499 -0.053722771631378001 -0.012560764001512638 0.045086964354785743 0.001871186080135158 -0.0080944998512261276
leaf_weight=4.2075424649374318 2.0324279218912089 23.527291614198475 0.99697260474204163 6.3528540416591568 34.6796271752537 8.5155753052968048 149.29010939938598 0.62624602859432332
leaf_count=133 91 1200 32 530 2046 312 9661 21
internal_value=0.00109739 0.000312404 -0.0258332 -0.0366896 0.00156181 0.0153097 -0.00090254 0.0313728
internal_weight=230.229 225.395 9.38225 8.38528 216.013 32.0429 183.97 4.83379
internal_count=14026 13872 653 621 13219 1512 11707 154
is_linear=0
shrinkage=0.05


Tree=154
num_leaves=15
num_cat=0
split_feature=35 38 38 5 39 39 33 39 8 17 43 35 7 7
split_gain=2.2979 5.81808 4.90168 5.86673 6.00871 4.28274 4.628 3.91548 3.87734 3.52904 3.24732 2.37073 0.541732 0.364123
threshold=86.342262000000019 6.8410710000000003 5.720238000000001 -0.97111920233974802 16.350000000000005 21.650000000000002 31.450000000000003 21.250000000000004 29.650000000000002 23.950000000000006 35.100000000000001 83.750000000000014 27.056250000000002 26.835416500000004
decision_type=2 2 2 2 2 2 2 2 2 2 2 2 2 2
left_child=2 7 11 8 -5 6 -3 9 -4 -2 -7 12 -1 -13
right_child=1 5 3 4 -6 10 -8 -9 -10 -11 -12 13 -14 -15
leaf_value=0.015013780100870212 -0.003525456369301086 0.044662534606108438 0.033572966303236342 -0.017542685112483369 0.0087124619755095303 -0.020762474942415711 0.0010373652855839132 0.022618306881654601 -0.043388316929291758 -0.055553257787901857 0.016845947959093804 0.014977496621553156 -0.028856011175381654 0.053215458544884013
leaf_weight=0.33533272345084497 4.6925401524713406 7.3288818072906023 1.166785742912906 26.622208359782235 102.57401291419228 26.045300611411221 22.693309005742776 2.1758749940199769 9.9314404623146384 10.847844483636434 6.4739664695225647 1.7918247090419752 0.97205769301217515 5.6422822880267631
leaf_count=12 271 237 43 1456 7874 1278 835 68 784 666 204 50 78 164
internal_value=-0.00117581 -0.00794357 0.00249737 0.000115118 0.00320913 -0.000614618 0.0127834 -0.0324008 -0.0331909 -0.041006 -0.0129961 0.0367941 -0.0159736 0.0468676
internal_weight=229.294 80.2577 149.036 140.294 129.196 62.5415 30.0222 17.7163 11.0982 15.5404 32.5193 8.7415 1.30739 7.43411
internal_count=14020 3559 10461 10157 9330 2554 1072 1005 827 937 1482 304 90 214
is_linear=0
shrinkage=0.05


Tree=155
num_leaves=11
num_cat=0
split_feature=4 19 39 44 42 2 9 22 38 8
split_gain=2.75896 2.55318 1.98175 6.38679 4.81806 5.24857 2.04333 2.00978 0.613056 0.135842
threshold=-0.99630266176052629 26.201389000000002 16.650000000000002 30.800000000000004 2.5000000000000004 9.5000000000000018 22.950000000000003 70.756944500000017 6.5285715000000009 29.550000000000004
decision_type=2 2 2 2 2 2 2 2 2 2
left_child=1 9 4 7 8 -6 -5 -4 -2 -1
right_child=2 -3 3 6 5 -7 -8 -9 -10 -11
leaf_value=0.015126529652372399 0.044417608771580935 -0.048785034364629283 -0.0088931430141592441 -0.013590441492696446 0.006921706089358319 -0.034043855352215137 0.0041419639014903618 0.063974994749808542 0.011373516968806945 -0.0035459196875955983
leaf_weight=1.5965223567909554 2.4253560562065095 4.1687247600057162 0.86786102392943476 17.051012659663684 13.121326338819928 17.353443716659967 163.29805155537906 4.6307545849995222 4.040525352320401 1.0543342115706762
leaf_count=44 70 252 124 1335 951 939 9948 180 123 34
internal_value=0.00104525 -0.0281555 0.00206091 0.00416816 -0.00837107 -0.0167461 0.00239977 0.0528753 0.0280576 0.00876284
internal_weight=229.608 6.81958 222.788 185.848 36.9407 30.4748 180.349 5.49862 6.46588 2.65086
internal_count=14000 330 13670 11587 2083 1890 11283 304 193 78
is_linear=0
shrinkage=0.05


Tree=156
num_leaves=15
num_cat=1
split_feature=38 26 37 35 26 26 35 26 20 36 30 11 1 37
split_gain=2.15029 5.90864 5.13421 5.25663 3.96602 3.15564 4.8999 3.99023 3.11122 3.34821 2.81369 1.64781 1.56597 0.615242
threshold=7.7255955000000016 20.950000000000003 59.500000000000007 84.122023500000012 17.850000000000005 20.550000000000004 87.324405000000013 24.650000000000002 30.950000000000003 91.500000000000014 16.850000000000005 95.500000000000014 0 59.500000000000007
decision_type=2 2 2 2 2 2 2 2 2 2 2 2 1 2
left_child=1 2 3 -1 -4 8 7 -7 12 -10 -8 -3 -2 -13
right_child=5 11 4 -5 -6 6 10 -9 9 -11 -12 13 -14 -15
leaf_value=-0.0096158328997169931 -0.020214676879194801 -0.012452992417389305 -0.010695594908234001 0.022077894922317497 -0.042833238606044217 -0.027116415987204847 0.040137180445133147 0.0073746093203543089 0.038001101858789431 0.0018427705341052707 -0.00048376376756175679 0.0059609632408239941 0.037640712676987424 0.047053397266200635
leaf_weight=33.251375162988552 0.66893141611944706 1.2670710880047389 35.976313488419692 20.18487517660833 12.65092878625728 22.387732505681925 6.66951442830032 12.51826621746295 6.3627098884317084 50.020529221481411 9.5450249315472302 1.4120688821712972 11.965670675155705 6.0360436318151187
leaf_count=2259 214 203 1944 634 635 2581 202 924 451 3129 397 55 207 195
internal_value=0.000309262 -0.00469337 -0.00816812 0.00254172 -0.0197512 0.00492282 -0.00444677 -0.0148861 0.0118271 0.00651428 0.0175858 0.0326516 0.0333197 0.0408906
internal_weight=230.917 110.779 102.063 53.4363 48.6272 120.138 51.1205 34.906 69.0178 56.3832 16.2145 8.71518 12.6346 7.44811
internal_count=14030 5925 5472 2893 2579 8105 4104 3505 4001 3580 599 453 421 250
cat_boundaries=0 1
cat_threshold=1
is_linear=0
shrinkage=0.05


Tree=157
num_leaves=9
num_cat=1
split_feature=1 4 5 43 37 40 19 27
split_gain=2.14465 4.62675 4.13273 2.90062 2.57946 3.12781 2.54619 1.63111
threshold=0 -0.78326540922535159 -0.43733099657705288 37.550000000000004 68.500000000000014 81.550000000000011 27.310416500000006 49.600000000000009
decision_type=1 2 2 2 2 2 2 2
left_child=3 2 7 4 6 -6 -1 -2
right_child=1 -3 -4 -5 5 -7 -8 -9
leaf_value=0.0058426182680918134 0.057205835231585872 -0.04421389260199847 -0.035184629966345589 -0.041021539750596116 0.010910173367236342 -0.046423022476607526 -0.0066688044758420068 9.7549559586904386e-05
leaf_weight=145.7701657111902 2.4143923285300843 7.3121480004338064 2.2866958336671814 3.1482496245298526 3.4215022312419006 4.9835819211148191 55.318519383057719 1.9781368723488411
leaf_count=3181 140 5750 1046 194 59 239 3349 71
internal_value=-0.000901885 -0.0191804 0.0104141 0.000384946 0.00119912 -0.0244056 0.00238482 0.0362749
internal_weight=226.633 13.9914 6.67923 212.642 209.494 8.40508 201.089 4.39253
internal_count=14029 7007 1257 7022 6828 298 6530 211
cat_boundaries=0 1
cat_threshold=2
is_linear=0
shrinkage=0.05


Tree=158
num_leaves=13
num_cat=1
split_feature=32 0 5 4 5 4 26 22 35 10 17 15
split_gain=3.23006 5.1403 22.4204 20.9555 10.6213 11.4742 5.11816 4.20668 3.84168 4.00292 1.10139 0.245467
threshold=27.268750000000001 0 -0.96687281075841669 0.80417553764032002 -0.97111920233974802 0.52033990680116082 22.250000000000004 88.270833500000023 85.038690500000016 84.062500000000014 43.000000000000007 11.750000000000002
decision_type=2 1 2 2 2 2 2 2 2 2 2 2
left_child=1 4 6 -4 -1 -6 -3 8 9 -2 -10 -9
right_child=7 2 3 -5 5 -7 -8 11 10 -11 -12 -13
leaf_value=-0.054739434960160274 -0.017598363234523746 0.07607395700649161 -0.030666319331903964 0.080133412628389855 0.017557446507321026 -0.055334897934269336 -0.027335764628635319 0.058400681785626143 -0.049061923063946085 0.011623490736851667 -0.0044855826654382012 0.0066254060424149643
leaf_weight=5.0861040754825799 33.465629990940215 7.235363702522589 49.944772424125404 3.702382346164085 92.27863027100102 4.7684651318122624 0.88183187233516935 1.1714139624382358 7.5312224522494926 16.91620350604353 1.9109261642443014 0.57356150509440329
leaf_count=151 5317 255 4053 230 1909 238 62 56 761 936 68 34
internal_value=-0.00140284 0.00227397 -0.00838893 -0.0216932 0.00870997 0.013448 0.0630737 -0.0110705 -0.0136444 -0.00775157 -0.041334 0.0499959
internal_weight=225.467 163.898 61.7644 53.6472 102.133 97.0471 8.1172 61.569 59.824 50.3818 9.44215 1.74498
internal_count=14070 6898 4600 4283 2298 2147 317 7172 7082 6253 829 90
cat_boundaries=0 1
cat_threshold=5
is_linear=0
shrinkage=0.05


Tree=159
num_leaves=12
num_cat=0
split_feature=38 31 17 21 30 5 13 4 25 8 25
split_gain=2.37144 1.81662 4.50251 4.42853 3.30627 2.63569 2.28041 1.97607 0.810352 0.197606 0.0490582
threshold=12.172619000000003 30.400000000000002 25.000000000000004 23.050000000000004 17.050000000000004 0.97648852793709995 7.2229165000000011 -0.90163369914317004 14.818055500000002 31.250000000000004 15.203472500000002
decision_type=2 2 2 2 2 2 2 2 2 2 2
left_child=1 2 7 5 -5 -3 -4 -1 -2 10 -10
right_child=8 3 6 4 -6 -7 -8 -9 9 -11 -12
leaf_value=-0.022663098357589499 -0.041598639418472597 -0.030413792133599016 -0.036026949103892099 0.013605529293303307 -0.0025340916123926575 0.0074341853409661159 -0.0050306915100141467 0.0082954063697236683 0.0061369655166308773 -0.019766901866403699 -0.0049707789213770115
leaf_weight=4.9822949401495853 3.3583215475518946 12.517054641066354 12.900348144263264 82.122684283225681 50.881169661835884 6.4680860744265365 11.005637254595056 37.207762348334654 1.7535670055949601 0.49308440984168544 0.65694165282184247
leaf_count=276 817 1318 852 5406 2386 287 709 1770 46 61 45
internal_value=0.000274718 0.00120528 -0.00566072 0.00420861 0.00745842 -0.0177925 -0.0225321 0.00419938 -0.0278372 -0.00534159 0.00253987
internal_weight=224.347 218.085 66.096 151.989 133.004 18.9851 23.906 42.1901 6.26191 2.90359 2.41051
internal_count=13973 13004 3607 9397 7792 1605 1561 2046 969 152 91
is_linear=0
shrinkage=0.05


Tree=160
num_leaves=15
num_cat=2
split_feature=20 36 40 0 4 39 33 5 33 4 17 26 0 23
split_gain=2.3515 3.19751 4.21152 2.80356 20.9559 21.0563 13.3665 9.65793 8.07612 7.98624 2.63784 3.2537 1.73396 1.33047
threshold=32.850000000000001 91.500000000000014 2.2500000000000004 0 -0.59869031648930193 22.850000000000005 32.45000000000001 -0.97507822412530132 31.050000000000004 -0.66528616069191593 24.650000000000002 24.950000000000003 1 96.500000000000014
decision_type=2 2 2 1 2 2 2 2 2 2 2 2 1 2
left_child=3 2 -2 6 8 -6 7 -1 -5 -8 13 -12 -4 -3
right_child=1 10 12 4 5 -7 9 -9 -10 -11 11 -13 -14 -15
leaf_value=-0.05133678355280559 -0.027554713615820653 -0.026183948504218027 0.026438069785504253 0.024335746918735714 0.030928893992132167 -0.050904549507230057 0.026442239294017667 0.020322552859167967 -0.050357574689995688 -0.038113505817572835 -0.036103092509462663 0.028955970959918611 -0.010970891632231632 0.022629493281612775
leaf_weight=4.0251313678454599 3.8619206349176221 1.0270718062529365 4.4192252343636937 3.6371275526253184 38.240423472656403 8.8797614778304688 5.4395651302766082 87.589803739887429 23.224527844999102 19.874980218708515 16.976636316539956 1.4066044854698692 2.7362187094549881 3.8459532144479454
leaf_count=129 1036 266 74 259 2319 832 100 1773 2093 784 3409 217 413 322
internal_value=0.00053495 -0.011333 0.0102341 0.0027135 -0.00466338 0.0147701 0.00716844 0.0166539 -0.0397335 -0.0237641 -0.0215508 -0.029888 0.0315073 0.00963468
internal_weight=225.185 34.2736 11.0174 190.911 73.9818 47.1202 116.929 91.6149 26.8617 25.3145 23.2563 18.3832 7.15544 4.87303
internal_count=14026 5737 1523 8289 5503 3151 2786 1902 2352 884 4214 3626 487 588
cat_boundaries=0 1 2
cat_threshold=5 8
is_linear=0
shrinkage=0.05


Tree=161
num_leaves=9
num_cat=2
split_feature=0 13 43 43 43 4 0 14
split_gain=1.69824 1.9152 4.5839 6.50422 4.34463 3.9868 6.66246 3.34649
threshold=0 7.2229165000000011 14.650000000000002 14.100000000000001 20.050000000000004 -0.031173458710879145 1 17.750000000000004
decision_type=1 2 2 2 2 2 1 2
left_child=1 2 3 -1 -4 7 -7 -3
right_child=-2 5 4 -5 -6 6 -8 -9
leaf_value=-0.00060528348783643843 -0.015945913800432015 0.020953469973929727 -0.033778556421629156 0.0530316554684385 -0.0040506816856089945 0.0093824922285918513 -0.022764383198339573 0.0006844009555219317
leaf_weight=30.952848294138676 5.0236866985214865 42.90161476682988 16.827839048040914 5.9087445930344975 40.645650580088841 27.367815423640423 18.741339897322177 38.112074195465539
leaf_count=970 7039 798 467 93 976 978 1968 794
internal_value=-0.000218746 0.000885114 -0.0044459 0.00916606 -0.0131836 0.00491405 -0.00673027 0.0115427
internal_weight=226.482 221.458 94.3351 36.8616 57.4735 127.123 46.1092 81.0137
internal_count=14083 7044 2506 1063 1443 4538 2946 1592
cat_boundaries=0 1 2
cat_threshold=13 8
is_linear=0
shrinkage=0.05


Tree=162
num_leaves=9
num_cat=0
split_feature=19 37 35 39 39 26 8 36
split_gain=2.14437 2.10166 3.38623 3.69112 3.29491 3.56527 3.20343 2.41934
threshold=29.230555500000005 59.500000000000007 83.82142850000001 18.750000000000004 19.350000000000005 14.350000000000003 32.550000000000004 91.500000000000014
decision_type=2 2 2 2 2 2 2 2
left_child=1 2 7 -4 5 -3 -6 -1
right_child=-2 4 3 -5 6 -7 -8 -9
leaf_value=0.020284035297154945 -0.037749668497103983 0.0069806413259031188 0.036594505927688842 0.0043271093578973983 7.3751882861192809e-05 -0.025217098979055177 0.062271948667377487 -0.0048577467365827562
leaf_weight=10.293388049300118 2.7621635854666229 11.683511400951827 14.108962784783214 22.197318166057812 73.731180061513442 28.099792396198609 1.1300136646750605 61.720981367798231
leaf_count=870 1555 551 487 748 3295 1572 87 4881
internal_value=-0.000315211 0.00031502 0.00528423 0.0175113 -0.00438518 -0.015822 0.00182111 -0.00103551
internal_weight=225.727 222.965 108.321 36.3063 114.644 39.7833 74.8612 72.0144
internal_count=14046 12491 6986 1235 5505 2123 3382 5751
is_linear=0
shrinkage=0.05


Tree=163
num_leaves=10
num_cat=1
split_feature=19 31 31 38 27 43 20 0 5
split_gain=2.46085 2.1415 2.73849 5.21538 2.45425 3.3004 2.75885 2.38374 0.702461
threshold=29.084027500000001 31.500000000000004 26.450000000000006 8.3339285000000007 37.650000000000013 30.050000000000004 30.950000000000003 0 0.75438814418115718
decision_type=2 2 2 2 2 2 2 1 2
left_child=1 2 7 -4 6 -6 -3 -1 -2
right_child=8 4 3 -5 5 -7 -8 -9 -10
leaf_value=0.01410216505080286 -0.040280294592084431 0.028911426583427321 -0.021101328994681673 0.01434872866577519 -0.016887311204342042 0.010851823763647636 0.00581503871834828 -0.0087153858434053603 0.0077746288880795981
leaf_weight=18.0353857864975 3.5794491736378395 14.410642576724056 38.174378315292415 13.315925807430174 23.720055297279032 18.034725677745882 86.048694052755309 11.366293947328815 0.56602682505035762
leaf_count=215 1804 541 2397 633 1161 725 5539 1069 20
internal_value=0.000709173 0.00149106 -0.00496612 -0.0118349 0.00517296 -0.00493264 0.00938046 0.00705655 -0.0334831
internal_weight=227.252 223.106 80.892 51.4903 142.214 41.7548 100.459 29.4017 4.14548
internal_count=14104 12280 4314 3030 7966 1886 6080 1284 1824
cat_boundaries=0 1
cat_threshold=1
is_linear=0
shrinkage=0.05


Tree=164
num_leaves=9
num_cat=2
split_feature=1 4 5 0 37 40 44 25
split_gain=1.60603 5.41694 4.47813 3.55015 2.26235 2.86038 2.38944 1.29244
threshold=0 -0.78326540922535159 -0.43733099657705288 1 68.500000000000014 86.40000000000002 45.900000000000013 8.7194445000000034
decision_type=1 2 2 1 2 2 2 2
left_child=3 2 7 4 6 -6 -1 -2
right_child=1 -3 -4 -5 5 -7 -8 -9
leaf_value=0.001998709975294046 -0.016038610335394495 -0.04403791488099728 -0.034837683603631701 -0.020183868603236413 0.011158963384207833 -0.045209821812661047 0.019315169440376017 0.04705546077861212
leaf_weight=172.29656601697206 0.45444154020515259 7.0641523650701838 2.2142332713701762 7.3242306569154598 3.3435715716332188 4.3077524723485112 21.577110484591685 4.3463703598827124
leaf_count=2033 141 5718 1043 4681 23 79 221 64
internal_value=-7.92778e-05 -0.0158401 0.0145068 0.00105363 0.00278065 -0.0221345 0.00401517 0.0393477
internal_weight=222.928 14.0792 7.01505 208.849 201.525 7.65132 193.874 4.80081
internal_count=14003 6966 1248 7037 2356 102 2254 205
cat_boundaries=0 1 2
cat_threshold=2 9
is_linear=0
shrinkage=0.05


Tree=165
num_leaves=9
num_cat=0
split_feature=44 39 43 41 41 24 38 35
split_gain=2.18939 2.44917 2.10735 6.58412 5.10215 1.25487 0.152011 0.000984777
threshold=52.000000000000007 26.650000000000002 5.3500000000000005 3.3500000000000001 18.650000000000002 76.500000000000014 13.849107000000002 84.738095500000014
decision_type=2 2 2 2 2 2 2 2
left_child=1 2 3 -1 -4 -3 -2 -8
right_child=6 5 4 -5 -6 -7 7 -9
leaf_value=-0.0053494669366449948 0.032630505011752235 -0.043203224593894161 -0.037751038328984896 0.036299005560096222 -0.00097257000951230747 0.019955823548292749 0.0030813331171417064 0.012621692685277181
leaf_weight=26.121559391474875 3.6125686563027548 3.8944525167607926 9.008470953369395 13.717749774368711 164.24355023998214 0.33550076326355327 0.84586245793616432 2.1431024962221272
leaf_count=3099 114 614 879 1004 8209 10 22 53
internal_value=-0.00061498 -0.00153074 -0.000697774 0.0095289 -0.00309059 -0.0353359 0.0257671 0.0113711
internal_weight=223.923 217.321 213.091 39.8393 173.252 4.22995 6.60153 2.98896
internal_count=14004 13815 13191 4103 9088 624 189 75
is_linear=0
shrinkage=0.05


Tree=166
num_leaves=12
num_cat=2
split_feature=37 1 37 0 44 8 19 5 30 4 37
split_gain=2.11017 4.23828 3.63234 4.28751 3.42035 3.3355 3.21267 2.60183 2.36508 2.24753 2.4515
threshold=55.500000000000007 0 51.500000000000007 1 45.900000000000013 32.750000000000007 27.731944500000001 -0.056951011027366542 14.15 -0.031173458710879145 66.500000000000014
decision_type=2 1 2 1 2 2 2 2 2 2 2
left_child=1 2 3 -1 5 7 -4 -2 -7 10 -6
right_child=4 -3 6 -5 9 8 -8 -9 -10 -11 -12
leaf_value=0.014294845337092695 -0.0023055536071389222 -0.039399905377805626 0.03601647210628775 -0.0099782667674488887 0.030425299289844016 -0.0078009944567415286 -0.029653233371010029 -0.017456991564149118 0.072852201502320468 -0.033278349682254231 -0.0011877354589982748
leaf_weight=27.018268380779773 79.905646427621832 3.6022009835724011 15.802771488350119 25.032881892475416 13.803077061733353 1.2329583271784934 1.34014674311038 43.218765813508071 1.2468343013024421 1.4791083004820382 10.345922516178687
leaf_count=489 3805 3486 256 2444 482 153 299 2038 89 100 429
internal_value=0.000358163 0.00729545 0.010253 0.00346683 -0.00300711 -0.0064152 0.0295313 -0.00772176 0.0420334 0.0133097 0.0173729
internal_weight=224.029 72.7963 69.1941 52.0512 151.232 125.604 17.1429 123.124 2.47979 25.6281 24.149
internal_count=14070 6974 3488 2933 7096 6085 555 5843 242 1011 911
cat_boundaries=0 1 2
cat_threshold=2 8
is_linear=0
shrinkage=0.05


Tree=167
num_leaves=9
num_cat=2
split_feature=21 33 0 0 4 5 5 32
split_gain=1.7636 1.80976 6.35522 5.99122 13.3989 12.3253 5.20298 0.479385
threshold=25.250000000000004 35.350000000000001 0 1 0.97875492728876534 -0.95242240592625282 0.70747208174348741 27.529464000000001
decision_type=2 2 1 1 2 2 2 2
left_child=1 3 6 5 -5 -1 -3 -2
right_child=7 2 -4 4 -6 -7 -8 -9
leaf_value=-0.041011905665522708 -0.00069096988724622402 0.018675895443464617 -0.018316809885910151 -0.017045892395568862 0.076825009379676262 0.011334103254544212 0.087088236234551752 -0.0388374678430701
leaf_weight=11.536941560538251 1.1009394693537609 9.136686245154122 5.5456663477307311 76.085816170590988 3.0181666255375594 109.41007950305357 3.5578714844305077 2.7685675527318381
leaf_count=490 28 259 1411 7030 150 3121 30 1550
internal_value=-0.000594611 6.89466e-05 0.0147184 -0.00133332 -0.0111571 0.00558736 0.0247419 -0.0303549
internal_weight=222.161 218.291 18.2402 200.051 79.104 120.947 12.6946 3.86951
internal_count=14069 12491 1700 10791 7180 3611 289 1578
cat_boundaries=0 1 2
cat_threshold=8 5
is_linear=0
shrinkage=0.05


Tree=168
num_leaves=9
num_cat=2
split_feature=1 0 4 43 40 40 5 39
split_gain=2.95655 3.20781 2.89344 2.57646 5.33039 4.00523 2.54853 0.525645
threshold=0 1 -0.79384350655589164 5.3500000000000005 17.850000000000005 3.1500000000000008 -0.43733099657705288 21.100000000000005
decision_type=1 1 2 2 2 2 2 2
left_child=1 3 6 5 -5 -1 7 -2
right_child=2 -3 -4 4 -6 -7 -8 -9
leaf_value=0.001342652187477952 -0.0070819039047598665 -0.019699396835441599 -0.043732363414339975 -0.03712679933872709 0.0018299600526743881 0.034523609475899622 -0.034563679848509943 0.029071757077584238
leaf_weight=24.030761030153371 0.85764432308496896 7.0380701724061501 6.6915983932703949 8.3012576431501639 155.94733688933775 13.716731941327451 2.1546134102973156 3.5390549104195088
leaf_count=566 132 4695 5798 152 1436 176 1018 65
internal_value=-0.00088849 0.000610494 -0.022931 0.00227029 -0.000351704 0.0139798 0.0012935 0.0220139
internal_weight=222.277 209.034 13.2429 201.996 164.249 37.7475 6.55131 4.3967
internal_count=14038 7025 7013 2330 1588 742 1215 197
cat_boundaries=0 1 2
cat_threshold=2 9
is_linear=0
shrinkage=0.05


Tree=169
num_leaves=15
num_cat=3
split_feature=19 4 30 30 17 7 0 0 0 38 38 9 20 13
split_gain=2.50578 3.17822 3.82469 2.54739 2.54267 2.54127 3.79621 2.73552 2.18504 1.78472 1.44971 1.42338 1.17878 0.854778
threshold=25.985416500000003 -0.452744437932114 28.200000000000006 30.300000000000004 34.400000000000013 27.418750000000003 0 1 2 6.0776785000000002 6.7669645000000012 24.950000000000003 29.100000000000005 10.297917000000002
decision_type=2 2 2 2 2 2 1 1 1 2 2 2 2 2
left_child=1 2 12 5 11 6 -2 -7 10 -10 -3 -5 -1 -6
right_child=3 8 -4 4 13 7 -8 -9 9 -11 -12 -13 -14 -15
leaf_value=0.0039864623257904351 0.012490981473937339 -0.0059554687537194421 0.022396201500662166 -0.049775337287718345 0.029156213892993745 0.0041269729746122854 -0.003872533407258474 -0.015419169838836067 0.023746177221576018 -0.04293737557428369 0.042441965292889461 -0.0019061739103129788 -0.055679536719073976 -0.0083558346863146123
leaf_weight=0.77881213562796059 76.813422098159208 1.8240150271449218 1.6705660021252695 5.039431359866283 1.6214637297089209 32.555779824127967 56.24730847554747 24.31570492949686 0.54970585723640386 4.6801393837522482 4.643473560543498 2.2009136517735897 7.1387298327099415 2.8416348890459631
leaf_count=23 1031 16 54 359 48 2173 5052 4334 16 351 57 170 318 109
internal_value=-0.000720607 -0.0166318 -0.0364805 0.00103283 -0.0206546 0.00247037 0.0062394 -0.00630337 0.00122948 -0.0127599 0.0127495 -0.0372213 -0.0500216 0.00811479
internal_weight=222.921 21.2854 9.58811 201.636 11.7034 189.932 133.061 56.8715 11.6973 5.22985 6.46749 7.24035 7.91754 4.4631
internal_count=14111 835 395 13276 686 12590 6083 6507 440 367 73 529 341 157
cat_boundaries=0 1 2 3
cat_threshold=1 12 1
is_linear=0
shrinkage=0.05


Tree=170
num_leaves=13
num_cat=1
split_feature=11 32 32 0 24 14 14 13 31 37 30 42
split_gain=2.89493 2.86984 2.97776 2.62712 2.07957 1.88737 3.14505 2.12471 2.02517 2.01017 1.7546 1.45643
threshold=95.500000000000014 28.075297500000001 27.891964500000004 0 62.500000000000007 18.850000000000005 20.350000000000005 13.335417000000001 26.450000000000006 56.500000000000007 16.750000000000004 5.5000000000000009
decision_type=2 2 2 1 2 2 2 2 2 2 2 2
left_child=5 2 3 -2 -4 8 11 -8 9 -1 -10 -7
right_child=1 -3 4 -5 -6 6 7 -9 10 -11 -12 -13
leaf_value=0.017137674059989835 0.009923332804975064 -0.038663126964836037 -0.017287233826171214 -0.0033393785989684747 0.068253550235760727 -0.0034700983392046852 -0.022774186374867458 0.0084219877104362833 -0.026219924507627581 -0.03182519480581282 0.001359659679348355 0.035490263592588327
leaf_weight=7.7824185788776941 88.518778752011713 2.6389286023913874 0.47802072705235277 56.408357438405801 2.0567257508955663 3.1990727676966362 11.026581412581438 9.2519804332114273 23.683679001420391 1.7762531127737018 7.400576045154593 6.9410369911784073
leaf_count=397 2081 632 57 4172 86 570 1478 629 3067 88 433 378
internal_value=0.00139953 0.00532654 0.00636889 0.00522491 0.0517948 -0.00685417 0.00253686 -0.0088142 -0.0137749 0.00588667 -0.019816 0.0239906
internal_weight=221.162 150.101 147.462 144.927 2.53475 71.0616 30.4187 20.2786 40.6429 9.55867 31.0843 10.1401
internal_count=14068 7028 6396 6253 143 7040 3055 2107 3985 485 3500 948
cat_boundaries=0 1
cat_threshold=5
is_linear=0
shrinkage=0.05


Tree=171
num_leaves=15
num_cat=1
split_feature=10 40 25 32 33 39 31 42 44 31 1 12 5 13
split_gain=2.09894 4.00334 2.57338 2.28724 1.99335 1.9322 5.27751 2.56113 1.89324 1.44718 0.630589 0.479206 0.210641 0.0948314
threshold=89.458333500000023 125.2 6.9722220000000013 26.322619500000005 31.850000000000005 18.250000000000004 26.450000000000006 3.5000000000000004 45.900000000000013 28.250000000000004 0 77.500000000000014 0.77652048701313048 15.202083500000002
decision_type=2 2 2 2 2 2 2 2 2 2 1 2 2 2
left_child=1 5 3 12 8 6 -1 -7 -4 -5 13 -6 -2 -3
right_child=2 10 4 9 11 7 -8 -9 -10 -11 -12 -13 -14 -15
leaf_value=0.011344629999352474 -0.023480019375086324 -0.0094467803283281755 -0.044387234036346167 -0.0044581546487682472 -0.00073053649688444369 -0.017750590472782515 -0.01997327879174722 0.0045323895328087081 0.012173219445477052 0.066963627035716441 -0.048458074632475964 0.03170759868896688 0.0064325626418499622 0.0095032317453544093
leaf_weight=20.559412971058919 0.62379432194575091 0.22675801763398251 2.411093252594581 0.70172884280327696 1.5756895442318635 13.280228191397326 35.281012044550152 133.18825114935316 2.0065221572731389 3.4467108012759127 4.1864706212072633 2.7271797679713927 0.38283032804611139 0.4427584195509553
leaf_count=1006 40 138 129 33 46 2232 2407 7535 88 104 135 98 12 6
internal_value=-0.000504965 -0.00179935 0.0176422 0.0423959 0.000153114 -0.00061658 -0.00844588 0.00240533 -0.021192 0.056363 -0.0425555 0.0219312 -0.0145675 0.001271
internal_weight=221.04 207.165 13.8755 5.15506 8.72048 202.309 55.8404 146.468 4.41762 4.14844 4.85599 4.30287 1.00662 0.669516
internal_count=14009 13459 550 189 361 13180 3413 9767 217 137 279 144 52 144
cat_boundaries=0 1
cat_threshold=1
is_linear=0
shrinkage=0.05


Tree=172
num_leaves=15
num_cat=0
split_feature=38 39 38 43 43 10 14 5 40 5 4 10 4 36
split_gain=1.96576 3.58954 4.5714 4.41478 6.23471 5.62042 2.39675 3.49438 4.27077 3.47308 2.20354 3.1313 2.68623 1.09719
threshold=7.6806545000000011 21.100000000000005 6.5514880000000009 23.950000000000006 20.050000000000004 89.687500000000014 16.650000000000002 0.14888728888808322 3.3500000000000001 -0.98521978256641018 -0.065535378769913832 84.729166500000005 -0.99467753128998015 99.500000000000014
decision_type=2 2 2 2 2 2 2 2 2 2 2 2 2 2
left_child=1 3 -3 4 -1 -5 10 9 -9 -8 12 -12 -2 -4
right_child=6 2 13 5 -6 -7 7 8 -10 -11 11 -13 -14 -15
leaf_value=-0.011006123339631099 -0.017500896697806245 0.048229157587441035 -0.01966672061485138 -0.040887819309210406 0.023552640786690976 0.024404824929696887 0.030132925399370087 -0.012447913038921312 0.031442941942921833 -0.01462498900401322 -0.018072483064950465 0.02270842219137666 0.02411438874498124 0.012388180161119498
leaf_weight=53.747013195323234 3.6860585760150562 5.7411379630211732 5.0032252269447763 16.370493932678077 16.146995502247592 3.3608877162769195 3.9066615551128043 8.5385245296783996 12.807762711301619 40.141547746250581 10.965251371082561 6.7667209880746659 31.000778312343755 3.9040039653482381
leaf_count=3229 142 192 402 1181 584 144 182 1474 581 3024 1416 395 982 107
internal_value=-0.000104562 -0.00507917 0.0171141 -0.00885525 -0.00280271 -0.0291256 0.00430403 -0.00208482 0.0141152 -0.0100746 0.0121642 -0.00212854 0.0193256 -0.00578487
internal_weight=222.087 104.274 14.6484 89.6254 69.894 19.7314 117.813 65.3945 21.3463 44.0482 52.4188 17.732 34.6868 8.90723
internal_count=14035 5839 701 5138 3813 1325 8196 5261 2055 3206 2935 1811 1124 509
is_linear=0
shrinkage=0.05


Tree=173
num_leaves=11
num_cat=1
split_feature=33 43 40 10 25 0 39 4 20 10
split_gain=1.7988 2.28327 6.15397 3.58306 3.24186 3.16746 3.13157 1.07439 0.717924 0.348952
threshold=36.350000000000001 5.3500000000000005 17.850000000000005 74.02083300000001 5.6881945000000007 0 24.950000000000003 -0.62588817255938378 35.250000000000007 66.750000000000014
decision_type=2 2 2 2 2 1 2 2 2 2
left_child=1 3 7 6 -5 -4 -1 -3 9 -2
right_child=8 2 5 4 -6 -7 -8 -9 -10 -11
leaf_value=-0.010813144643196868 0.02459920308917268 0.014004743394124256 0.0056711415063302757 -0.021874675369071193 0.043778738653802995 -0.0073012225728886276 0.024882010020005344 -0.047116217345870549 -0.039250046819149134 -0.013039905733950025
leaf_weight=17.729391736465917 0.25813158479286302 0.35238700013724145 101.18722433285438 1.6322986929444585 9.9352698075090284 70.074249518751458 8.145900667717795 7.2835098283394464 2.9681983526970726 0.33315748500172049
leaf_count=2385 10 12 2852 84 381 5701 324 806 1446 93
internal_value=-0.000104346 0.000548159 -0.00181803 0.0116067 0.033511 0.0002571 0.000931888 -0.0430005 -0.0311849 0.0085244
internal_weight=219.9 216.34 178.897 37.4429 11.5676 171.261 25.8753 7.6359 3.55949 0.591289
internal_count=14094 12545 9371 3174 465 8553 2709 818 1549 103
cat_boundaries=0 1
cat_threshold=5
is_linear=0
shrinkage=0.05


Tree=174
num_leaves=14
num_cat=0
split_feature=25 10 13 4 8 10 5 30 33 22 7 4 4
split_gain=2.72488 3.6741 2.06353 3.85379 3.48598 2.46322 2.91052 2.87869 2.37516 0.895751 0.506376 0.176374 0.116579
threshold=5.1687500000000011 87.520833500000023 6.5687500000000005 -0.79384350655589164 28.300000000000001 88.187500000000014 -0.67801649466304881 16.850000000000005 33.050000000000004 83.208333500000009 26.077083500000004 -0.89406062840022227 0.34235194516023087
decision_type=2 2 2 2 2 2 2 2 2 2 2 2 2
left_child=1 9 3 4 -2 6 -4 -7 -5 12 -3 -11 -1
right_child=2 10 5 8 -6 7 -8 -9 -10 11 -12 -13 -14
leaf_value=-0.011811940142047462 0.035767570904211579 0.010105717873741517 -0.011546168268514193 0.0050056786623821391 -0.033007377470185138 0.036659555456433394 0.0051425560264388888 0.0017860639073125938 -0.02680377551917236 0.0076301682842803489 -0.033370710543425261 0.057756555424645528 0.0087996158494186572
leaf_weight=0.29956261320330568 1.236924812837972 0.40176967467414204 35.660622143113869 39.107327867714048 16.574866623683192 10.003671100828798 89.917306384119001 13.037121554130861 5.8744174330859087 0.52783337252912943 1.4132635087444212 4.1749854676309051 0.46612194989575073
leaf_count=75 40 12 2482 1576 836 370 6896 607 868 30 116 139 11
internal_value=0.00105083 0.0291822 -5.11662e-05 -0.0075805 -0.0265839 0.00315949 0.000349647 0.0178222 0.000358926 0.0476305 -0.0235757 0.054455 -0.00138702
internal_weight=218.696 7.28354 211.412 62.7935 17.8118 148.619 125.578 23.0408 44.9817 5.4685 1.81503 4.70282 0.765685
internal_count=14058 383 13675 3320 876 10355 9378 977 2444 255 128 169 86
is_linear=0
shrinkage=0.05


Tree=175
num_leaves=15
num_cat=4
split_feature=39 5 21 39 1 44 1 21 1 42 34 27 1 4
split_gain=1.90195 4.38561 3.06595 2.77677 3.20037 2.50771 2.46979 2.5717 2.34829 2.66467 2.19398 1.50304 1.18894 1.08776
threshold=24.950000000000003 -0.34234976856068172 24.550000000000004 23.150000000000002 0 47.000000000000007 1 24.750000000000004 2 2.5000000000000004 24.150000000000002 33.750000000000007 3 -0.78326540922535159
decision_type=2 2 2 2 1 2 1 2 1 2 2 2 1 2
left_child=3 2 12 6 13 -6 7 -1 9 -3 -8 -4 -2 -5
right_child=1 8 11 4 5 -7 10 -9 -10 -11 -12 -13 -14 -15
leaf_value=0.0021217705143182801 0.013913076893461227 -0.0043721480950397219 0.024267332866102415 0.038777321107208634 -0.046633142407398763 -0.0012721015343485373 -0.042524421624821555 -0.022337988056588889 -0.026710125900652693 0.043549818298661516 0.0048092530850202325 -0.015714189716914084 -0.045718521228216236 -0.017703170131330281
leaf_weight=154.91611244893284 0.51951174270652878 3.5540947548288395 4.806278486867086 1.77771465175465 8.4999444398563337 4.5698282736411775 5.4725855519718589 10.542109886504475 1.1091604538232793 11.505029376538003 3.6390041677295812 3.0704304674000014 4.3951697438315023 0.54610809033328944
leaf_count=4095 165 203 297 63 729 92 3986 1131 553 369 1292 211 164 748
internal_value=-0.00104551 0.0106732 -0.0107733 -0.00287855 -0.0225549 -0.0319904 -0.0010249 0.000438493 0.0272796 0.0326718 -0.0250141 0.00866756 -0.0381285 0.0241714
internal_weight=218.923 28.9597 12.7914 189.963 15.3936 13.0698 174.57 165.458 16.1683 15.0591 9.11159 7.87671 4.91468 2.32382
internal_count=14098 1962 837 12136 1632 821 10504 5226 1125 572 5278 508 329 811
cat_boundaries=0 1 2 3 4
cat_threshold=1 2 2 1
is_linear=0
shrinkage=0.05


Tree=176
num_leaves=15
num_cat=1
split_feature=11 44 34 0 34 4 32 37 34 27 38 10 12 26
split_gain=2.09708 2.64248 3.17395 2.46799 10.9925 10.7071 8.42728 7.80449 7.59337 7.05771 2.0572 1.30544 0.171227 0.0190508
threshold=95.500000000000014 52.750000000000007 23.750000000000004 0 23.550000000000004 -0.57078386445773377 26.606547500000005 67.500000000000014 22.950000000000003 18.650000000000002 7.830655000000001 87.895833500000023 75.500000000000014 28.500000000000004
decision_type=2 2 2 1 2 2 2 2 2 2 2 2 2 2
left_child=1 2 10 4 8 7 -6 -5 -2 -7 -1 -4 13 -3
right_child=3 12 11 5 6 9 -8 -9 -10 -11 -12 -13 -14 -15
leaf_value=-0.016994793808811633 -0.0023602288383581297 0.032220037052305354 -0.032230354157905164 -0.040054044428237873 0.025266238303332734 -0.018071153648914855 -0.02670175903131888 0.027032477300182652 0.038696509141065809 0.026264955692010046 0.0048198674655535942 0.0048547731732023584 0.0019634252351099827 0.0075023642100750035
leaf_weight=16.632174037047662 17.648190159117803 2.6758377390506207 17.144284650235935 23.579633035318697 9.9312388866674137 12.744607791682936 26.932468805127428 4.5266100793378419 29.59516338071262 25.412957652559271 27.106617544515757 2.4522925822238895 0.83021476492285717 0.84110429117572483
leaf_count=1470 199 87 3058 2295 95 1364 588 339 289 1873 2189 129 22 22
internal_value=-0.00144204 -0.00868314 -0.0113813 0.00185304 0.0070474 -0.00504455 -0.0124038 -0.028692 0.0236284 0.0113734 -0.00366986 -0.0275792 0.0254045 0.0292783
internal_weight=218.053 67.6825 63.3354 150.371 84.1071 66.2638 36.8637 28.1062 47.2434 38.1576 43.7388 19.5966 4.34716 3.51694
internal_count=14019 6977 6846 7042 1171 5871 683 2634 488 3237 3659 3187 131 109
cat_boundaries=0 1
cat_threshold=1
is_linear=0
shrinkage=0.05


Tree=177
num_leaves=15
num_cat=1
split_feature=11 44 0 4 5 22 38 34 34 5 27 13 38 44
split_gain=1.93399 2.85279 2.52257 16.0069 8.90036 2.27374 1.98394 2.93125 2.57491 3.69052 3.38246 2.35501 1.20454 0.898697
threshold=96.500000000000014 28.250000000000004 0 -0.57078386445773377 -0.97111920233974802 77.500000000000014 7.7473215000000009 20.450000000000003 23.650000000000002 0.14888728888808322 1.7500000000000002 7.2687500000000007 7.3476190000000008 24.300000000000004
decision_type=2 2 1 2 2 2 2 2 2 2 2 2 2 2
left_child=6 5 4 -4 -3 -2 7 12 10 -10 -8 -9 -1 -7
right_child=1 2 3 -5 -6 13 8 11 9 -11 -12 -13 -14 -15
leaf_value=0.02393631690028766 0.015783793559783099 -0.048403616449969322 -0.036311408466365713 0.02149516703561789 0.02002813794758343 0.010025773450075532 -0.0057628414791306912 -0.036942746678964834 -0.014874341831940585 0.026483291624368202 0.025367344202442205 -0.0068432413500053666 -0.015908655594811406 -0.049920606044791718
leaf_weight=5.293696059845387 1.7340848083986191 4.2320269725751123 19.688381550105987 27.44921777122363 56.556022994365776 0.37617555269389402 16.338849072963058 12.276800058883966 32.528199987842527 5.4851920114524537 17.010618749685818 13.833838612481484 1.905533432785887 3.7610342890984612
leaf_count=164 68 103 2015 2077 704 12 1803 1130 3205 501 650 1169 165 268
internal_value=0.000553592 0.00504426 0.00697528 -0.00240298 0.0125298 -0.026301 -0.00433005 -0.0142107 0.000414575 -0.00838073 0.010392 -0.0218362 0.0127359 -0.0435794
internal_weight=218.47 113.797 107.926 47.1376 60.788 5.87129 104.673 33.3099 71.3629 38.0134 33.3495 26.1106 7.19923 4.13721
internal_count=14034 5247 4899 4092 807 348 8787 2628 6159 3706 2453 2299 329 280
cat_boundaries=0 1
cat_threshold=1
is_linear=0
shrinkage=0.05


Tree=178
num_leaves=11
num_cat=0
split_feature=37 43 40 40 36 32 5 35 35 4
split_gain=1.89402 2.21004 4.4896 3.84505 3.0024 2.44043 1.98151 1.33783 0.794917 0.130796
threshold=29.500000000000004 5.3500000000000005 17.850000000000005 6.2000000000000002 99.500000000000014 28.075297500000001 0.16587474750015926 63.925595000000008 68.744048000000006 0.52033990680116082
decision_type=2 2 2 2 2 2 2 2 2 2
left_child=8 3 7 4 -2 -4 -5 -3 -1 -10
right_child=1 2 5 6 -6 -7 -8 -9 9 -11
leaf_value=-0.039229983591108845 -0.010304520096780033 0.019852386202548977 0.00090656262450822798 -0.020945733007748792 0.021648850608415003 -0.033871516367942195 0.046906053574874616 -0.042756477964276889 -0.0070115367866165779 0.018285510181440097
leaf_weight=3.2370719722057397 17.706111655119457 0.37687591800931741 164.32781468898611 0.65623010357375999 11.125222416376348 4.2029900255729435 7.4428100444201846 7.0326789685605036 0.15977316928911012 0.35161473473999649
leaf_count=1240 2333 20 7410 210 368 1235 331 830 55 11
internal_value=-0.000280478 0.000414267 -0.0019355 0.0113647 0.0023378 -0.000155448 0.0397106 -0.03759 -0.0315128 0.0109721
internal_weight=216.619 212.871 175.94 36.9304 28.8313 168.531 8.09904 7.40955 3.74846 0.511388
internal_count=14043 12737 9495 3242 2701 8645 541 850 1306 66
is_linear=0
shrinkage=0.05


Tree=179
num_leaves=11
num_cat=0
split_feature=44 42 39 32 35 23 11 44 4 7
split_gain=1.71114 2.45752 3.32518 4.35555 2.02655 4.65504 2.58264 1.4982 0.711064 0.133891
threshold=25.000000000000004 5.5000000000000009 24.950000000000003 26.389583500000004 85.205357000000006 99.500000000000014 98.500000000000014 41.600000000000001 -0.26037633224328088 26.077083500000004
decision_type=2 2 2 2 2 2 2 2 2 2
left_child=8 2 3 -2 5 -3 -6 -4 9 -1
right_child=1 4 7 -5 6 -7 -8 -9 -10 -11
leaf_value=-0.013025237423004455 0.00024987572578731077 7.627894709075061e-05 0.018908197278301009 -0.038451707615474943 5.8436103345107348e-05 0.0335899292644136 -0.017519941472889652 -0.027943975273458977 0.034463487102559746 0.0081704120197412158
leaf_weight=0.77410940312984144 12.419156650357765 53.471058899609488 8.1717111933830875 16.489942470725509 80.134373500346555 11.853176557131517 27.262352525613096 1.1712611004477356 3.4234987016825462 0.41603412466793088
leaf_count=34 593 3972 361 3008 3705 413 1384 518 97 22
internal_value=-0.00217017 -0.00288216 -0.0141755 -0.0223733 -0.000313844 0.00657214 -0.00452425 0.0109008 0.0251015 -0.00526843
internal_weight=215.587 210.973 38.2521 28.9091 172.721 65.3242 107.397 9.34297 4.61364 1.19014
internal_count=14107 13954 4480 3601 9474 4385 5089 879 153 56
is_linear=0
shrinkage=0.05


Tree=180
num_leaves=14
num_cat=1
split_feature=32 0 5 4 5 4 38 38 14 25 4 32 43
split_gain=3.23601 3.21483 21.193 15.558 7.21802 7.51718 3.18012 5.28858 2.83401 2.82959 1.51434 1.47933 0.137973
threshold=27.223809500000005 0 -0.96687281075841669 0.81428061195174062 -0.96687281075841669 0.52033990680116082 5.720238000000001 8.1785715000000021 21.450000000000003 10.218055500000002 -0.26037633224328088 27.709226500000003 22.850000000000005
decision_type=2 1 2 2 2 2 2 2 2 2 2 2 2
left_child=1 4 8 -4 -1 -6 11 10 -3 -9 -8 12 -2
right_child=6 2 3 -5 5 -7 7 9 -10 -11 -12 -13 -14
leaf_value=-0.047145756153703602 0.044615091046122393 0.073063494878382693 -0.026349739377921122 0.069782202130576482 0.015622244664724193 -0.051838015520422054 -0.0099038515405517787 0.008711620015444661 -0.019524552398385128 -0.017559994975612277 -0.043006851429107304 -0.02197151947310971 0.012554482388318137
leaf_weight=4.4210185445845118 2.3271295002923575 7.254932117619318 48.667917692269839 3.6417632038355796 83.457678878738079 3.3789689444965907 5.4554816310628693 22.027745567291277 0.50820232878322702 17.513030864789471 13.797697615147625 0.64359240066551127 1.5452444053371435
leaf_count=66 87 319 4875 234 932 104 331 2090 37 2623 2281 62 44
internal_value=-0.00118172 0.00279462 -0.00578473 -0.0184736 0.00818367 0.012437 -0.0105821 -0.0137943 0.065466 -0.00307048 -0.0345791 0.0261572 0.0370239
internal_weight=214.64 151.33 60.0728 52.3097 91.2577 86.8366 63.3099 58.794 7.76313 39.5408 19.2532 4.51597 3.87237
internal_count=14085 6567 5465 5109 1102 1036 7518 7325 356 4713 2612 193 131
cat_boundaries=0 1
cat_threshold=1
is_linear=0
shrinkage=0.05


Tree=181
num_leaves=11
num_cat=0
split_feature=37 43 40 43 4 32 20 35 35 4
split_gain=1.65569 2.14173 5.14701 2.46334 2.69746 2.41497 1.84412 1.35891 0.768557 0.115751
threshold=29.500000000000004 5.3500000000000005 17.850000000000005 2.2500000000000004 0.68432406471780916 28.075297500000001 35.45000000000001 63.925595000000008 68.744048000000006 0.52033990680116082
decision_type=2 2 2 2 2 2 2 2 2 2
left_child=8 3 7 4 -2 -4 -5 -3 -1 -10
right_child=1 2 5 6 -6 -7 -8 -9 9 -11
leaf_value=-0.038141407487157664 0.0082720225740811597 0.019167741265629826 0.0016626153672534916 0.033044277458297862 -0.038086095271963466 -0.033361422983044085 -0.024239355726942212 -0.044206328607898825 -0.0063824374143789334 0.017921159686707232
leaf_weight=2.904888941749959 21.107431253658437 0.38804979802807693 162.74498083837534 12.620038740737069 2.6588771823808193 4.0745958449115269 0.84970404781051989 7.1872555964728235 0.14377274303114962 0.3559996489493642
leaf_count=1228 1493 22 7392 609 897 1226 258 842 57 12
internal_value=0.000390857 0.00101761 -0.00132486 0.0117363 0.00175726 0.000613452 0.0280052 -0.0391033 -0.0299539 0.0113357
internal_weight=215.036 211.631 174.395 37.2361 23.7663 166.82 13.4697 7.57531 3.40466 0.499772
internal_count=14036 12739 9482 3257 2390 8618 867 864 1297 69
is_linear=0
shrinkage=0.05


Tree=182
num_leaves=9
num_cat=0
split_feature=19 30 7 30 28 34 37 28
split_gain=1.8503 2.00381 4.35553 3.42008 6.83032 2.59195 2.51535 1.59043
threshold=29.197916500000002 23.050000000000004 26.208333500000006 20.250000000000004 38.150000000000013 24.250000000000004 62.500000000000007 42.650000000000013
decision_type=2 2 2 2 2 2 2 2
left_child=1 3 7 4 -1 -5 -4 -3
right_child=-2 2 6 5 -6 -7 -8 -9
leaf_value=0.0014616159899751579 -0.037464906744273628 -0.027564475785978405 -0.0097997540562227148 0.024344508224062783 -0.036417436684119064 -0.032566954246520591 -0.046867080480884428 0.016224668099673729
leaf_weight=149.41264348460754 2.550451709648768 1.5509155872350699 10.638433026921122 19.793896606628554 11.925468529334465 1.350572099603595 8.0613555983873066 11.429869837389559
leaf_count=9295 1635 78 694 556 742 131 553 395
internal_value=-0.00166088 -0.00106235 -0.0124654 0.000974476 -0.00154534 0.0194029 -0.0273471 0.00939546
internal_weight=216.714 214.163 31.6806 182.483 161.338 21.1445 18.6998 12.9808
internal_count=14079 12444 1720 10724 10037 687 1247 473
is_linear=0
shrinkage=0.05


Tree=183
num_leaves=15
num_cat=1
split_feature=19 4 43 38 0 32 7 30 44 35 37 38 44 44
split_gain=1.83289 2.64735 2.42621 3.24807 2.11573 2.18667 1.95989 2.9746 3.15902 2.36431 2.33281 1.6552 0.681227 0.651694
threshold=25.985416500000003 -0.452744437932114 28.200000000000006 6.3949405000000015 0 25.797023500000005 25.922916500000003 23.050000000000004 45.900000000000013 88.092262000000019 64.500000000000014 6.0776785000000002 44.45000000000001 29.350000000000005
decision_type=2 2 2 2 1 2 2 2 2 2 2 2 2 2
left_child=1 2 3 -1 5 -3 10 9 -9 -8 13 -6 -12 -2
right_child=6 4 -4 -5 11 -7 7 8 -10 -11 12 -13 -14 -15
leaf_value=0.027763899734306749 -0.026555875046679146 0.046350708713627641 0.0027620840103656707 -0.060237992525785093 0.022571924306324889 -0.0083697420786684601 0.0040694982602087586 -0.024434078344567633 0.017442683520256741 -0.0237272069430398 0.056848012200513401 -0.042434897981740494 0.0091618366244257659 0.0078426958644185335
leaf_weight=0.64671845461271171 0.69409658697986554 4.5202346484875289 3.2807900402112864 5.4952094312902773 0.53458731499267731 2.3267911433358677 153.91778636540039 19.655130716775606 4.9798949198302571 7.0577953436659291 2.912223157036351 4.4807819784036838 1.4760366944829 6.4105220637502498
leaf_count=41 31 44 107 245 18 34 10942 1283 182 372 85 350 44 284
internal_value=-2.98473e-05 -0.0136248 -0.0320181 -0.0483818 0.00233896 0.0127765 0.00149963 0.000208268 -0.0156186 0.00271182 0.0206692 -0.0123592 0.0454854 0.0016201
internal_weight=218.389 21.2851 9.42272 6.14193 11.8624 6.84703 197.103 185.611 24.635 160.976 11.4929 5.01537 4.38826 7.10462
internal_count=14062 839 393 286 446 78 13223 12779 1465 11314 444 368 129 315
cat_boundaries=0 1
cat_threshold=1
is_linear=0
shrinkage=0.05


Tree=184
num_leaves=14
num_cat=0
split_feature=10 33 30 39 30 27 34 26 20 8 26 15 15
split_gain=1.93829 2.38558 2.18861 2.76701 2.55403 5.74325 2.48145 2.03577 1.25212 1.18299 1.09551 0.686733 0.444081
threshold=89.458333500000023 31.050000000000004 23.050000000000004 19.550000000000004 20.250000000000004 39.650000000000013 24.250000000000004 21.650000000000002 30.750000000000004 29.050000000000004 23.150000000000002 12.350000000000003 30.050000000000004
decision_type=2 2 2 2 2 2 2 2 2 2 2 2 2
left_child=2 12 4 9 5 -1 -6 -5 11 -4 -10 -3 -2
right_child=1 8 3 7 6 -7 -8 -9 10 -11 -12 -13 -14
leaf_value=0.0017036218168178846 -0.035931277123098099 0.018254955433627804 0.018410379029269217 0.0052680357159573922 0.024421334109193268 -0.038255108488846223 -0.032190379614691192 -0.031495322296082845 0.041378545581040496 -0.043380005128771465 -0.0078796709722326729 -0.017267261486345883 0.0070788373972444814
leaf_weight=147.07277272375723 1.3000060741687764 1.6787594298366451 0.3144470068509716 15.290949560920128 16.506488736296891 8.5741558280860755 1.3091730695450667 3.911605020533897 7.5310200254534703 6.6699189469036355 0.96844769005838305 1.7651557134377069 0.42602989589795459
leaf_count=10809 79 63 12 593 503 550 126 267 274 601 43 89 11
internal_value=0.000596785 0.0181396 -0.000688737 -0.0138814 0.00137106 -0.000727754 0.0187715 -0.00340904 0.0261635 -0.0386407 0.0355273 0.000259674 -0.0266128
internal_weight=213.319 13.6694 199.65 26.1869 173.463 155.647 17.8157 19.2026 11.9434 6.98437 8.49947 3.44392 1.72604
internal_count=14020 559 13461 1473 11988 11359 629 860 469 613 317 152 90
is_linear=0
shrinkage=0.05


Tree=185
num_leaves=14
num_cat=2
split_feature=7 0 33 33 5 36 43 44 5 4 0 28 13
split_gain=1.47228 3.88418 17.3453 11.8651 11.7727 8.02718 6.64521 5.56933 2.37351 2.52458 2.55996 1.51912 1.53211
threshold=27.418750000000003 0 32.550000000000004 32.45000000000001 -0.074115882986646578 99.500000000000014 14.450000000000001 32.600000000000001 -0.95242240592625282 0.98213580174693116 1 51.350000000000001 4.8208335000000009
decision_type=2 1 2 2 2 2 2 2 2 2 1 2 2
left_child=1 3 4 6 -3 -4 -1 -5 11 10 -10 12 -2
right_child=8 2 5 7 -6 -7 -8 -9 9 -11 -12 -13 -14
leaf_value=0.041092979893196019 0.012781721289000698 -0.00041763914627691769 0.0077591902429816938 0.015596516564648503 -0.049695317854635261 0.074883942915268717 0.0085096744862299036 -0.042577971555394348 0.010098114079369076 -0.040112000422310778 -0.0096660153022273786 0.017233455399123396 -0.045040895470542686
leaf_weight=21.827480419073254 0.90484903607284461 26.554822286067065 12.415847667871278 5.2478502049052649 21.324187306428939 6.1886491593759265 52.135732969793025 12.791506048743029 24.18949721215904 3.0180890773153797 19.86427765573535 0.91200704712537106 6.4084910380333895
leaf_count=213 23 2149 1372 89 2342 331 601 350 1714 806 3368 34 632
internal_value=0.000192726 0.00264564 -0.00617557 0.00874199 -0.0229325 0.0327685 0.0185453 -0.0257241 -0.00675962 -0.00216677 0.00126544 -0.0299596 -0.0372098
internal_weight=213.783 158.486 66.4835 92.0026 47.879 18.6045 73.9632 18.0394 55.2972 47.0719 44.0538 8.22535 7.31334
internal_count=14024 7447 6194 1253 4491 1703 814 439 6577 5888 5082 689 655
cat_boundaries=0 1 2
cat_threshold=1 12
is_linear=0
shrinkage=0.05


Tree=186
num_leaves=9
num_cat=1
split_feature=35 8 0 19 32 21 30 4
split_gain=1.7017 2.18976 1.79202 1.94259 3.34714 2.87536 0.550874 0.389039
threshold=88.574405000000013 29.350000000000005 0 25.985416500000003 26.606547500000005 20.250000000000004 13.550000000000002 -0.62588817255938378
decision_type=2 2 1 2 2 2 2 2
left_child=2 7 3 5 -5 -1 -3 -2
right_child=1 6 -4 4 -6 -7 -8 -9
leaf_value=0.019246640882656194 0.020499965635739924 -0.0025397736109489138 -0.014745369040720734 0.015667401501221274 0.00060683659777235942 -0.022779582552741814 -0.047922514271468174 -0.0089074300062885418
leaf_weight=4.7223483114212312 1.8981187698082069 0.92566513092606317 4.468936857119842 49.931730842887191 134.14567630568854 14.030484096292637 3.4033084532493376 1.106821068926364
leaf_count=91 55 32 6780 1027 5399 299 239 46
internal_value=0.00113326 -0.0210301 0.00201456 0.00302916 0.00475465 -0.0117579 -0.0405159 0.0101487
internal_weight=214.633 7.33391 207.299 202.83 184.077 18.7528 4.32897 3.00494
internal_count=13968 372 13596 6816 6426 390 271 101
cat_boundaries=0 1
cat_threshold=13
is_linear=0
shrinkage=0.05


Tree=187
num_leaves=12
num_cat=0
split_feature=34 19 43 2 20 35 34 13 9 35 31
split_gain=1.78289 2.44596 2.83293 2.38063 2.27871 2.75442 2.05187 1.03382 0.555732 0.266635 0.0962242
threshold=19.950000000000006 25.985416500000003 27.050000000000004 1.5000000000000002 30.850000000000005 87.44642850000001 23.650000000000002 9.1562500000000018 21.750000000000004 87.931547500000008 28.250000000000004
decision_type=2 2 2 2 2 2 2 2 2 2 2
left_child=7 2 3 -2 5 -3 -6 8 10 -4 -1
right_child=1 4 9 -5 6 -7 -8 -9 -10 -11 -12
leaf_value=0.01323630341264612 0.010620250425621891 0.036059406533701231 0.010434310158943751 -0.049183285424453341 0.002057373109370709 -0.00023818072651810601 -0.0088857358015826081 -0.021739808660047821 0.039698264147805022 -0.0091704712840046214 -0.0028156625379785853
leaf_weight=3.6825103957380625 1.6913774061176789 7.6173250216816113 4.4679688874748527 7.2625783070725447 90.615645514350035 13.24965245615749 79.731590024097386 0.57080063200555731 2.9597349880932597 1.6453351712771107 0.78098272786155565
leaf_count=118 58 285 134 389 5550 520 6754 53 87 66 66
internal_value=-0.00179548 -0.00273316 -0.0214724 -0.0379545 -0.00115252 0.0140551 -0.00308655 0.0200144 0.0254248 0.00461045 0.0104264
internal_weight=214.276 206.281 15.0673 8.95396 191.214 20.867 170.347 7.99403 7.42323 6.1133 4.46349
internal_count=14080 13756 647 447 13109 805 12304 324 271 200 184
is_linear=0
shrinkage=0.05


Tree=188
num_leaves=15
num_cat=2
split_feature=19 0 44 39 4 26 8 5 39 0 4 4 27 19
split_gain=1.76734 3.63064 8.56705 8.57201 4.99876 5.77702 3.29447 2.53017 6.35515 4.34367 16.9908 10.2247 3.83416 3.06284
threshold=27.291667000000004 0 42.650000000000006 18.550000000000004 -0.37447345805034538 11.850000000000003 31.750000000000004 -0.59867820553660911 22.550000000000004 1 0.84313847884979054 0.42179998225932674 41.150000000000006 27.018055500000006
decision_type=2 1 2 2 2 2 2 2 2 1 2 2 2 2
left_child=7 2 3 -2 6 -6 -3 8 12 11 -11 -9 -1 -10
right_child=1 4 -4 -5 5 -7 -8 9 13 10 -12 -13 -14 -15
leaf_value=0.038169477207222302 -0.028378344056709366 0.03658727089922291 -0.048161163341704304 0.031451543989888385 0.04007035872374351 -0.050821062684648081 -0.020049126758149773 0.011853863426088476 -0.030664027575551853 -0.029411289219688858 0.064999454584461144 -0.054298223104932125 -0.002554817594711066 0.015892457254012501
leaf_weight=19.470878269828976 7.2129600148764466 3.5690859874011966 5.2264945611677822 22.092771505143901 1.2309638408769377 14.200753879944385 4.9009223210377968 70.051756112690782 8.6891454186552419 32.705609210341208 4.5901738169268347 5.3757311978406497 7.8864853449631473 4.7780650190688894
leaf_count=643 543 249 478 1323 50 4193 268 1427 530 3157 246 263 385 287
internal_value=-9.12962e-05 -0.00741837 0.00424662 0.0162752 -0.0181728 -0.0415734 0.00515966 0.00272704 0.0132309 -0.00116001 -0.0130025 0.00573946 0.0267535 -0.0141894
internal_weight=211.982 58.434 34.5322 29.3057 23.9017 15.4317 8.47001 153.548 40.8246 112.723 37.2958 75.4275 27.3574 13.4672
internal_count=14042 7104 2344 1866 4760 4243 517 6938 1845 5093 3403 1690 1028 817
cat_boundaries=0 1 2
cat_threshold=12 5
is_linear=0
shrinkage=0.05


Tree=189
num_leaves=12
num_cat=2
split_feature=40 13 14 0 35 20 38 7 1 15 14
split_gain=2.32509 1.86221 3.84055 3.13114 2.50425 2.54796 2.3419 1.62623 1.14037 0.482128 0.13319
threshold=127.05000000000001 7.9645835000000007 20.950000000000003 0 87.401786000000016 31.750000000000004 9.6880950000000023 25.775000000000002 1 10.350000000000003 23.850000000000005
decision_type=2 2 2 1 2 2 2 2 1 2 2
left_child=1 2 3 -1 5 -3 -6 -2 10 -4 -9
right_child=7 4 9 -5 6 -7 -8 8 -10 -11 -12
leaf_value=0.0022285372693773508 0.014638186401566481 -0.010082932924323955 0.0033285336859338907 -0.013819138851957728 0.034440764981458961 0.0085551159915403709 -0.001524687202075989 -0.010224747983935127 -0.04818942875254538 0.056615077602463704 0.01114189066025629
leaf_weight=65.454626338061644 1.2925833711342409 28.615854991148808 0.6522603249031812 45.306536086449341 11.588938930326551 47.192757941338641 6.9393649152916614 0.24855480497353732 4.2647634637105503 1.8636186355870448 0.88940153364092112
leaf_count=1044 42 1311 61 5283 368 5239 335 150 158 64 12
internal_value=-0.00054255 0.000455604 -0.00385119 -0.00543772 0.00561323 0.00148004 0.0215824 -0.0275313 -0.0383307 0.0476762 0.00387536
internal_weight=214.309 207.614 113.277 110.761 94.3369 75.8086 18.5283 6.6953 5.40272 2.51588 1.13796
internal_count=14067 13705 6452 6327 7253 6550 703 362 320 125 162
cat_boundaries=0 1 2
cat_threshold=1 1
is_linear=0
shrinkage=0.05


Tree=190
num_leaves=15
num_cat=0
split_feature=39 26 44 44 10 24 5 44 30 4 30 33 32 9
split_gain=1.57783 3.18018 2.94562 2.86712 2.79183 3.46452 2.78104 2.41254 2.1413 3.49275 2.87615 2.01584 1.09561 1.09188
threshold=18.350000000000005 13.15 28.250000000000004 25.000000000000004 88.354166500000005 59.500000000000007 -0.14250536273956088 32.600000000000001 17.900000000000002 0.98213580174693116 20.250000000000004 33.050000000000004 27.371131000000002 24.250000000000004
decision_type=2 2 2 2 2 2 2 2 2 2 2 2 2 2
left_child=1 2 3 -1 5 -3 -6 11 9 -9 -10 12 -2 -4
right_child=7 4 13 -5 6 -7 -8 8 10 -11 -12 -13 -14 -15
leaf_value=0.015942011817876963 0.040936061180385244 -0.002685726671445661 0.029617082863679697 -0.042231458858339233 0.034640907595047288 -0.034070387205597234 -0.020098999348528442 0.0071161865457404815 -0.036371040107490531 -0.040295753486064782 -0.0022666476617293949 -0.025026338776156926 -0.0084426785969825991 -0.0063614543133361599
leaf_weight=3.2748160491755725 7.0153470059158263 16.082128695234132 10.451207113463168 3.4529887623357354 4.4197270728036528 18.905816169517493 3.1912024725534129 92.611536881726352 6.4769848305295445 3.0655776517887707 36.616175410927099 0.93246875587647071 0.95103664367343288 2.2003386352880616
leaf_count=108 240 1240 358 241 230 1272 206 6878 448 829 1561 250 46 156
internal_value=-6.30464e-05 -0.00669574 0.00975917 -0.0155163 -0.0142337 -0.02012 0.0120202 0.00274708 0.0010383 0.00519597 -0.00810122 0.0265972 0.034757 0.0233521
internal_weight=209.647 61.9782 19.3794 6.7278 42.5989 34.9879 7.61093 147.669 138.77 95.6771 43.0932 8.89885 7.96638 12.6515
internal_count=14063 3811 863 349 2948 2512 436 10252 9716 7707 2009 536 286 514
is_linear=0
shrinkage=0.05


Tree=191
num_leaves=15
num_cat=1
split_feature=13 38 4 30 38 44 4 30 4 0 30 34 15 33
split_gain=1.99016 3.11827 3.0887 4.23468 3.27976 3.16384 2.77111 2.38676 2.33205 6.94554 2.5377 2.14468 2.38501 0.779462
threshold=7.2229165000000011 6.9395835000000003 -0.79384350655589164 19.350000000000005 5.720238000000001 39.050000000000004 -0.66528616069191593 21.350000000000005 -0.031173458710879145 0 18.050000000000004 23.950000000000003 7.3500000000000005 33.350000000000001
decision_type=2 2 2 2 2 2 2 2 2 1 2 2 2 2
left_child=2 11 3 5 13 -1 -6 -5 10 -10 -3 12 -2 -4
right_child=1 8 4 7 6 -7 -8 -9 9 -11 -12 -13 -14 -15
leaf_value=-0.04875045001343889 0.010241630187303202 0.014266633559376907 0.033441391319631412 0.033455353996611724 0.020943034929684783 0.007944249597098085 -0.0088384341705450703 -0.011752465426322656 0.009808036598725962 -0.024785553737397659 -0.0058772228803179241 -0.026933980636438266 0.051986097428848771 -0.0035349754283588181
leaf_weight=10.81653813581943 7.8041365592871426 44.036166858939396 7.3656197977688844 3.3138357309944686 8.4225365322781709 2.7867825515277209 45.239339227136952 8.0734972718055342 24.205922527733492 15.779708179223233 23.255897067807382 1.0329515560661082 6.1073640121976496 1.5017582205036886
leaf_count=673 444 1787 227 122 354 110 3049 421 908 4553 891 217 247 73
internal_value=0.000653309 0.00475893 -0.00506921 -0.0195568 0.000937638 -0.0373873 -0.00386644 0.00304222 0.00167632 -0.00776977 0.00732087 0.0253942 0.0308254 0.0274556
internal_weight=209.742 122.222 87.5199 24.9907 62.5293 13.6033 53.6619 11.3873 107.278 39.9856 67.2921 14.9445 13.9115 8.86738
internal_count=14076 9047 5029 1326 3703 783 3403 543 8139 5461 2678 908 691 300
cat_boundaries=0 1
cat_threshold=8
is_linear=0
shrinkage=0.05


Tree=192
num_leaves=8
num_cat=0
split_feature=44 38 14 33 4 36 12
split_gain=1.51005 2.27263 1.76595 3.01328 2.79067 0.435045 0.0662313
threshold=52.000000000000007 12.172619000000003 14.15 31.350000000000005 -0.814291907305839 95.500000000000014 71.500000000000014
decision_type=2 2 2 2 2 2 2
left_child=1 2 4 -4 -1 6 -2
right_child=5 -3 3 -5 -6 -7 -8
leaf_value=-0.019991274988009601 0.0080404444193458748 -0.038340607063590014 0.025633737324053066 0.0019317004348735089 0.0010034791463430575 0.030281962816156194 -0.0051599231535427318
leaf_weight=20.683670960854215 0.82256688154302438 2.7110981824735054 14.293382370546167 110.62007320806879 58.289603468696441 4.6113862068159506 1.0260690492577849
leaf_count=1072 22 876 560 8053 3260 132 34
internal_value=0.00124028 0.000440125 0.00114041 0.00482588 -0.00467642 0.0233409 0.00147435
internal_weight=213.058 206.598 203.887 124.913 78.9733 6.46002 1.84864
internal_count=14009 13821 12945 8613 4332 188 56
is_linear=0
shrinkage=0.05


Tree=193
num_leaves=12
num_cat=2
split_feature=19 5 0 39 17 0 44 43 44 43 10
split_gain=1.64278 1.93015 2.86007 1.88415 1.86174 1.7262 1.69883 3.40327 2.40896 1.48619 0.0850188
threshold=25.985416500000003 0.67007489853957602 0 12.150000000000002 20.000000000000004 1 34.750000000000007 30.300000000000004 38.000000000000007 22.200000000000006 88.645833500000023
decision_type=2 2 1 2 2 1 2 2 2 2 2
left_child=1 9 4 -4 -3 6 7 -2 -8 -1 -11
right_child=5 2 3 -5 -6 -7 8 -9 -10 10 -12
leaf_value=-0.051875650736531699 0.0006517422872045508 -0.0078535109602288263 0.0205624462021874 -0.0494737336839998 0.035761788344675333 -0.014084614317861921 0.016312038155439437 -0.040124265890641081 0.0020918668050811033 -0.0059567837974227331 0.009188947899365623
leaf_weight=3.2676405841812111 49.500037639663788 3.1656218236312235 0.56854408743674945 5.2361336103349458 6.5294279073714279 4.2003559500008114 44.06735699895944 4.7033344922747338 88.871822648216039 0.94871521566528805 0.80482797924196348
leaf_count=161 1752 30 20 498 76 6613 1363 235 3300 34 21
internal_value=0.00120729 -0.0119015 -0.00240735 -0.0164402 0.0114303 0.00266774 0.00367014 -0.00354922 0.00689224 -0.0359415 0.00180727
internal_weight=211.864 20.5209 15.4997 5.80468 9.69505 191.343 187.143 54.2034 132.939 5.02118 1.75354
internal_count=14103 840 624 518 106 13263 6650 1987 4663 216 55
cat_boundaries=0 1 2
cat_threshold=1 13
is_linear=0
shrinkage=0.05


Tree=194
num_leaves=8
num_cat=2
split_feature=37 36 20 0 0 26 37
split_gain=2.28129 1.78145 3.21656 3.03785 2.56708 1.78323 1.26917
threshold=29.500000000000004 91.500000000000014 33.45000000000001 0 1 24.950000000000003 33.500000000000007
decision_type=2 2 2 1 1 2 2
left_child=-1 3 4 6 -3 -4 -2
right_child=1 2 5 -5 -6 -7 -8
leaf_value=-0.038216909994508795 0.066876769443397585 0.0051666291613547966 -0.033606387060289337 -0.013126819823088678 -0.0060926745449444188 0.023116736170191759 0.0065063012619760441
leaf_weight=2.9463898565627451 4.7700134224578505 113.41072172693384 9.2478636352461727 3.3871238254250766 74.531953859954228 0.88710746695142084 1.2982568293082293
leaf_count=1293 84 3031 2681 703 6134 102 56
internal_value=-0.000557724 0.000157633 -0.00089967 0.0202743 0.000643929 -0.0270113 0.0234841
internal_weight=210.479 207.533 198.078 9.45539 187.943 10.135 6.06827
internal_count=14084 12791 11948 843 9165 2783 140
cat_boundaries=0 1 2
cat_threshold=8 5
is_linear=0
shrinkage=0.05


end of trees

feature_importances:
age_group=189
day_of_year_sin=149
day_of_year_cos=147
temperature_min_7d=114
gender=85
wind_speed_max_7d=82
wind_gust_max_7d=82
wind_speed_mean_7d=78
rain_max_daily_7d=75
humidity_min_7d=71
temperature_max_7d=67
humidity_mean_7d=58
precipitation_sum_7d=52
temperature_mean_7d=48
temperature_max_3d=38
humidity_mean_current=36
wind_speed_max_3d=36
rain_max_daily_3d=36
temperature_mean_current=35
wind_speed_mean_3d=33
temperature_mean_3d=32
wind_speed_mean_current=28
precipitation_sum_3d=28
humidity_min_3d=26
temperature_max_current=25
humidity_max_7d=24
month=23
precipitation_sum_current=22
temperature_min_3d=17
rain_days_7d=15
wind_gust_max_current=14
wind_gust_max_3d=14
humidity_max_current=12
humidity_max_3d=11
wind_speed_max_current=10
humidity_min_current=9
temperature_min_current=8
humidity_mean_3d=8
rain_sum_7d=7
rain_sum_3d=3
weather_code_current=1
rain_sum_current=1
rain_days_3d=1

parameters:
[boosting: gbdt]
[objective: binary]
[metric: binary_logloss]
[tree_learner: serial]
[device_type: cpu]
[data_sample_strategy: bagging]
[data: ]
[valid: ]
[num_iterations: 195]
[learning_rate: 0.05]
[num_leaves: 15]
[num_threads: 8]
[seed: 42]
[deterministic: 0]
[force_col_wise: 0]
[force_row_wise: 0]
[histogram_pool_size: -1]
[max_depth: 4]
[min_data_in_leaf: 20]
[min_sum_hessian_in_leaf: 0.001]
[bagging_fraction: 0.9]
[pos_bagging_fraction: 1]
[neg_bagging_fraction: 1]
[bagging_freq: 1]
[bagging_seed: 400]
[bagging_by_query: 0]
[feature_fraction: 0.9]
[feature_fraction_bynode: 1]
[feature_fraction_seed: 30056]
[extra_trees: 0]
[extra_seed: 12879]
[early_stopping_round: 0]
[early_stopping_min_delta: 0]
[first_metric_only: 0]
[max_delta_step: 0]
[lambda_l1: 0]
[lambda_l2: 1]
[linear_lambda: 0]
[min_gain_to_split: 0]
[drop_rate: 0.1]
[max_drop: 50]
[skip_drop: 0.5]
[xgboost_dart_mode: 0]
[uniform_drop: 0]
[drop_seed: 17869]
[top_rate: 0.2]
[other_rate: 0.1]
[min_data_per_group: 100]
[max_cat_threshold: 32]
[cat_l2: 10]
[cat_smooth: 10]
[max_cat_to_onehot: 4]
[top_k: 20]
[monotone_constraints: ]
[monotone_constraints_method: basic]
[monotone_penalty: 0]
[feature_contri: ]
[forcedsplits_filename: ]
[refit_decay_rate: 0.9]
[cegb_tradeoff: 1]
[cegb_penalty_split: 0]
[cegb_penalty_feature_lazy: ]
[cegb_penalty_feature_coupled: ]
[path_smooth: 0]
[interaction_constraints: ]
[verbosity: -1]
[saved_feature_importance_type: 0]
[use_quantized_grad: 0]
[num_grad_quant_bins: 4]
[quant_train_renew_leaf: 0]
[stochastic_rounding: 1]
[linear_tree: 0]
[max_bin: 255]
[max_bin_by_feature: ]
[min_data_in_bin: 3]
[bin_construct_sample_cnt: 200000]
[data_random_seed: 175]
[is_enable_sparse: 1]
[enable_bundle: 1]
[use_missing: 1]
[zero_as_missing: 0]
[feature_pre_filter: 1]
[pre_partition: 0]
[two_round: 0]
[header: 0]
[label_column: ]
[weight_column: ]
[group_column: ]
[ignore_column: ]
[categorical_feature: 0,1,3]
[forcedbins_filename: ]
[precise_float_parser: 0]
[parser_config_file: ]
[objective_seed: 16083]
[num_class: 1]
[is_unbalance: 0]
[scale_pos_weight: 1]
[sigmoid: 1]
[boost_from_average: 1]
[reg_sqrt: 0]
[alpha: 0.9]
[fair_c: 1]
[poisson_max_delta_step: 0.7]
[tweedie_variance_power: 1.5]
[lambdarank_truncation_level: 30]
[lambdarank_norm: 1]
[label_gain: ]
[lambdarank_position_bias_regularization: 0]
[eval_at: ]
[multi_error_top_k: 1]
[auc_mu_weights: ]
[num_machines: 1]
[local_listen_port: 12400]
[time_out: 120]
[machine_list_filename: ]
[machines: ]
[gpu_platform_id: -1]
[gpu_device_id: -1]
[gpu_device_id_list: ]
[gpu_use_dp: 0]
[num_gpu: 1]

end of parameters

pandas_categorical:[]
