tree
version=v4
num_class=1
num_tree_per_iteration=1
label_index=0
max_feature_idx=44
objective=binary sigmoid:1
feature_names=age_group gender month season day_of_year_sin day_of_year_cos weather_code_current temperature_mean_current temperature_max_current temperature_min_current humidity_mean_current humidity_max_current humidity_min_current wind_speed_mean_current wind_speed_max_current precipitation_sum_current rain_sum_current wind_gust_max_current rain_day_current temperature_mean_3d temperature_max_3d temperature_min_3d humidity_mean_3d humidity_max_3d humidity_min_3d wind_speed_mean_3d wind_speed_max_3d precipitation_sum_3d rain_sum_3d rain_days_3d rain_max_daily_3d wind_gust_max_3d temperature_mean_7d temperature_max_7d temperature_min_7d humidity_mean_7d humidity_max_7d humidity_min_7d wind_speed_mean_7d wind_speed_max_7d precipitation_sum_7d rain_sum_7d rain_days_7d rain_max_daily_7d wind_gust_max_7d
feature_infos=-1:0:1:2:3:4:5 -1:0:1 [1:12] -1:1:0 [-0.99999942202469239:0.99998555065071859] [-0.99997919295908244:0.9999907524084426] [0:61] [23.658332999999999:32.533332999999999] [25.899999999999999:39.200000000000003] [17.899999999999999:29.300000000000001] [48.958333000000003:91.625] [63:100] [23:86] [2.8541669999999999:19.695833] [6.4000000000000004:30.100000000000001] [0:63.100000000000001] [0:63.100000000000001] [14:56.899999999999999] [0:1] [23.766667000000002:32.427778000000004] [27.699999999999999:39.200000000000003] [17.899999999999999:28.100000000000001] [52.569443999999997:90.694444000000004] [73:100] [23:79] [4.125:17.329167000000002] [9.6999999999999993:30.100000000000001] [0:93.900000000000006] [0:93.900000000000006] [0:3] [0:63.100000000000001] [17.300000000000001:56.899999999999999] [24.365476000000001:32.235118999999997] [28.699999999999999:39.200000000000003] [17.899999999999999:27.5] [55.767856999999999:89.523809999999997] [77:100] [23:72] [4.5327380000000002:15.469643] [11.6:30.100000000000001] [0:163.90000000000001] [0:163.90000000000001] [0:7] [0:63.100000000000001] [23:56.899999999999999]
tree_sizes=1594 1506 1708 1721 1510 1514 1636 1511 1512 1721 1706 1704 1723 1724 1744 1706 1722 1406 1721 1747 1708 1722 1748 1719 1740 1735 1408 1741 1712 1738 1594 1736 1609 1629 1742 1519 1611 1725 1523 1747 1721 1508 1525 1508 1425 1512 1501 1754 1707 1533 1420 1528 1489 1528 1502 1105 1097 1744 1482 1126 1516 1511 1002 1486 1114 1503 1517 1745 1094 1125 1757 1101 1110 1745 1096 1089 1114 1638 1009 1099 1099 1709 1122 1128 1727 1125 1113 1122 1740 1118 1124 1749 1109 1750 1722 1107 1102 1130 1119 1762 1128 1124 1645 1746 1745 1735 1110 923 1731 1732 1776

Tree=0
num_leaves=14
num_cat=3
split_feature=0 0 1 34 34 34 34 36 34 44 44 5 12
split_gain=3171.53 511.047 213.486 119.456 81.7479 62.4888 58.4852 54.8244 3.0595 3.31509 3.92881 2.56147 0.594446
threshold=0 1 2 20.950000000000003 25.950000000000003 20.350000000000005 24.450000000000003 97.500000000000014 19.200000000000003 46.250000000000007 46.600000000000001 0.99138911339924218 81.500000000000014
decision_type=1 1 1 2 2 2 2 2 2 2 2 2 2
left_child=8 2 5 7 -5 -2 -4 -3 11 12 -11 -1 -10
right_child=1 3 6 4 -6 -7 -8 -9 9 10 -12 -13 -14
leaf_value=-0.73123339437499146 -0.72881057263423543 -0.72747763892153172 -0.54201652218967233 -0.64447498387538371 -0.58496827527251682 -0.61410921863815693 -0.60039829356801877 -0.65884437978932553 -0.74006057034920236 -0.69638187152832109 -0.7314881523220409 -0.68448672386417364 -0.70731670254218726
leaf_weight=5.6032799184322339 11.654822230339049 59.843029528856277 199.70089629292488 1395.6649620831013 59.394767135381699 249.23389077186584 59.618898332118988 55.360405594110489 920.95508739352226 11.430691033601759 90.549003481864929 7.1721982955932617 5.3791487216949454
leaf_count=25 52 267 891 6227 265 1112 266 247 4109 51 404 32 24
internal_value=-0.666899 -0.631421 -0.588736 -0.646008 -0.641991 -0.61945 -0.555131 -0.69471 -0.737766 -0.738781 -0.727876 -0.708162 -0.739914
internal_weight=3131.56 2090.47 520.209 1570.26 1455.06 260.889 259.32 115.203 1041.09 1028.31 101.98 12.7755 926.334
internal_count=13972 9327 2321 7006 6492 1164 1157 514 4645 4588 455 57 4133
cat_boundaries=0 1 2 3
cat_threshold=48 4 1
is_linear=0
shrinkage=1


Tree=1
num_leaves=13
num_cat=3
split_feature=0 0 1 34 21 34 36 44 39 39 33 34
split_gain=2880.85 433.812 174.35 98.0485 67.8184 51.9717 48.5594 41.3111 6.00989 3.13043 3.56954 1.5566
threshold=0 1 2 20.950000000000003 26.050000000000004 20.350000000000005 96.500000000000014 50.20000000000001 29.850000000000005 25.350000000000005 31.350000000000005 19.200000000000003
decision_type=1 1 1 2 2 2 2 2 2 2 2 2
left_child=8 2 5 6 -5 -2 -3 -4 9 11 -11 -1
right_child=1 3 7 4 -6 -7 -8 -9 -10 10 -12 -13
leaf_value=-0.043598872086851842 -0.056072576403535968 -0.063186684511569113 0.10542837432858694 0.021032545498724298 0.070342694705546785 0.049517048427296401 0.0032310398389225566 -0.028117459268662156 -0.0121759819649858 -0.025847174409085617 -0.061737525403065943 -0.070904392815836811
leaf_weight=11.058747321367262 11.415784776210783 46.782555431127548 258.49091726541519 1393.0021189153194 72.652878165245056 250.84684310853481 64.679440513253212 5.5388559699058524 5.0445639044046393 9.8697989434003812 74.294662892818451 915.41858007013798
leaf_count=50 52 213 1116 6170 318 1101 289 24 23 45 339 4185
internal_value=4.32084e-05 0.0334097 0.0724901 0.0199566 0.0235232 0.0447254 -0.0249596 0.102531 -0.0686742 -0.0696228 -0.0578817 -0.0706258
internal_weight=3119.1 2103.41 526.292 1577.12 1465.65 262.263 111.462 264.03 1015.69 1010.64 84.1645 926.477
internal_count=13925 9283 2293 6990 6488 1153 502 1140 4642 4619 384 4235
cat_boundaries=0 1 2 3
cat_threshold=48 4 1
is_linear=0
shrinkage=0.05


Tree=2
num_leaves=15
num_cat=4
split_feature=0 0 1 34 34 34 33 0 39 2 34 5 33 5
split_gain=2660.97 390.201 150.227 91.962 68.4032 54.016 47.8082 36.8748 5.43382 5.10697 3.76735 2.97094 2.35077 1.02978
threshold=0 1 2 20.950000000000003 25.950000000000003 24.550000000000004 36.95000000000001 3 25.350000000000005 8.5000000000000018 19.200000000000003 0.99349222267034765 37.100000000000009 -0.8611288361322974
decision_type=1 1 1 2 2 2 2 1 2 2 2 2 2 2
left_child=8 2 6 7 -5 -4 -2 -3 10 12 11 -1 -10 -12
right_child=1 3 5 4 -6 -7 -8 -9 9 -11 13 -13 -14 -15
leaf_value=-0.060797570178668117 0.036169400637793871 -0.00021127288197015422 0.10587060022744273 0.019626362718685602 0.07288437217024403 0.048799448240532471 0.11802925372308218 -0.057623640110495616 -0.063530616542187765 -0.021462974884299393 -0.063196129171450607 -0.0097910783686305722 -0.036184089021935172 -0.070649645971690947
leaf_weight=4.9665202349424344 253.32104824483395 76.153443828225136 220.37107202410698 1423.2799376100302 62.139373898506165 54.242700204253197 18.487182855606079 37.649923279881477 61.977615535259247 12.071405053138731 160.99458405375481 6.3681059181690216 14.495261162519453 739.30711376667023
leaf_count=23 1100 346 925 6263 266 231 80 171 289 56 755 29 67 3470
internal_value=-0.000143729 0.0312359 0.0675094 0.0184655 0.0219018 0.0948157 0.0421494 -0.0245794 -0.0670671 -0.0540765 -0.0690031 -0.0352578 -0.0588811 -0.0693884
internal_weight=3145.83 2145.64 546.422 1599.22 1485.42 274.614 271.808 113.803 1000.18 88.5443 911.636 11.3346 76.4729 900.302
internal_count=14071 9382 2336 7046 6529 1156 1180 517 4689 412 4277 52 356 4225
cat_boundaries=0 1 2 3 4
cat_threshold=48 4 1 9
is_linear=0
shrinkage=0.05


Tree=3
num_leaves=15
num_cat=3
split_feature=0 0 1 34 34 34 34 36 39 25 33 34 8 44
split_gain=2440.53 339.581 132.402 87.2557 59.5302 47.6276 45.6624 44.8617 5.75975 4.28693 4.96288 2.11484 2.11436 0.554194
threshold=0 1 2 20.950000000000003 25.950000000000003 20.350000000000005 24.450000000000003 96.500000000000014 25.350000000000005 8.1131945000000005 37.100000000000009 19.200000000000003 30.550000000000004 44.800000000000004
decision_type=1 1 1 2 2 2 2 2 2 2 2 2 2 2
left_child=8 2 5 7 -5 -2 -4 -3 11 13 -11 12 -1 -10
right_child=1 3 6 4 -6 -7 -8 -9 9 10 -12 -13 -14 -15
leaf_value=-0.056529462193619706 -0.056137522005485552 -0.060630171523376054 0.09867537070950895 0.018668688099049244 0.067767946180093991 0.043362616377095903 0.049513076420368937 0.0026688098592997124 -0.0090483376014856218 -0.062775439283882878 -0.026475100766665146 -0.067867384339119735 -0.011932042472981411 -0.032534780590420163
leaf_weight=6.8062658160924894 11.771750271320341 48.165183410048485 220.82898181676865 1434.8076387494802 63.703838780522346 261.42736378312111 64.235682219266891 64.808607995510101 6.5336740314960462 59.573341220617294 13.658066198229788 872.83164416253567 5.0332436412572861 4.6489180326461792
leaf_count=32 54 226 908 6277 268 1119 270 291 31 284 64 4211 23 22
internal_value=-3.0135e-05 0.0294238 0.062856 0.0174943 0.0207998 0.0388862 0.0878091 -0.0246132 -0.0655662 -0.0520119 -0.0564531 -0.0675397 -0.0399761 -0.0206814
internal_weight=3138.83 2169.75 558.264 1611.49 1498.51 273.199 285.065 112.974 969.085 84.414 73.2314 884.671 11.8395 11.1826
internal_count=14080 9413 2351 7062 6545 1173 1178 517 4667 401 348 4266 55 53
cat_boundaries=0 1 2 3
cat_threshold=48 4 1
is_linear=0
shrinkage=0.05


Tree=4
num_leaves=13
num_cat=3
split_feature=0 0 1 2 39 32 34 33 39 39 2 5
split_gain=2244.18 284.031 124.284 79.8003 89.0026 78.0097 43.2862 36.6334 7.56856 3.01246 4.62877 2.20129
threshold=0 1 2 3.5000000000000004 19.450000000000003 27.211012000000004 24.450000000000003 36.95000000000001 29.850000000000005 25.350000000000005 8.5000000000000018 -0.8611288361322974
decision_type=1 1 1 2 2 2 2 2 2 2 2 2
left_child=8 2 7 5 -5 -3 -4 -2 9 11 -11 -1
right_child=1 3 6 4 -6 -7 -8 -9 -10 10 -12 -13
leaf_value=-0.058602661396379832 0.030627416520409907 -0.036923149848975795 0.093419173147857332 0.0085661593152663914 0.036192198060196745 0.011311057096919151 0.045325494593332058 0.10433413947983959 -0.0033340714615478079 -0.058294137138829617 -0.021249119634538485 -0.067463047807372251
leaf_weight=151.54366675019264 259.94979898631573 111.60943897068501 219.71542800962925 524.6525693833828 657.41679699718952 326.95805180072784 63.217657923698425 17.287808060646057 5.1214696168899527 67.826560527086258 11.359296217560766 705.77897833287716
leaf_count=750 1107 510 891 2286 2849 1424 263 72 24 331 54 3505
internal_value=0.00012739 0.0279742 0.0585289 0.0170896 0.0239482 -0.00101996 0.0828708 0.035582 -0.0639452 -0.0649549 -0.0533113 -0.065967
internal_weight=3122.44 2180.81 560.171 1620.64 1182.07 438.567 282.933 277.238 941.63 936.509 79.1859 857.323
internal_count=14066 9402 2333 7069 5135 1934 1154 1179 4664 4640 385 4255
cat_boundaries=0 1 2 3
cat_threshold=48 4 1
is_linear=0
shrinkage=0.05


Tree=5
num_leaves=13
num_cat=3
split_feature=0 0 1 6 4 2 34 34 39 39 2 34
split_gain=2046.14 251.559 108.18 66.1967 52.0896 50.7768 44.3263 35.0236 7.24875 3.988 4.91565 2.56698
threshold=0 1 2 2.5000000000000004 -0.52766804058324157 1.5000000000000002 20.350000000000005 24.450000000000003 29.850000000000005 25.350000000000005 8.5000000000000018 19.200000000000003
decision_type=1 1 1 2 2 2 2 2 2 2 2 2
left_child=8 2 6 4 -3 -5 -2 -4 9 11 -11 -1
right_child=1 3 7 5 -6 -7 -8 -9 -10 10 -12 -13
leaf_value=-0.034748710946202771 -0.056296150490297292 0.050041935997546229 0.086693768479370381 -0.012369606790728323 -0.0094670162959849397 0.024404405366078463 0.037647320826806975 0.043967564507421612 -0.0031981104957469171 -0.056072054169449936 -0.019029559839483619 -0.065021856675005832
leaf_weight=10.726111769676207 12.311095744371412 40.458603233098984 222.38920104503632 101.5602602660656 324.52004057168961 1155.8819608986378 267.28432285785675 65.447849482297897 5.1149275302886954 65.913203597068787 11.889731705188749 818.59169517457485
leaf_count=52 57 175 894 454 1416 5000 1123 270 24 330 57 4189
internal_value=-3.84997e-05 0.0261699 0.0546975 0.0158914 -0.00275162 0.0214268 0.0333249 0.0771646 -0.0625145 -0.0635335 -0.0507246 -0.0646726
internal_weight=3102.09 2189.85 567.432 1622.42 364.979 1257.44 279.595 287.837 912.236 907.121 77.8029 829.318
internal_count=14041 9389 2344 7045 1591 5454 1180 1164 4652 4628 387 4241
cat_boundaries=0 1 2 3
cat_threshold=48 4 1
is_linear=0
shrinkage=0.05


Tree=6
num_leaves=14
num_cat=0
split_feature=6 5 25 44 39 38 5 34 6 23 36 35 4
split_gain=57.1804 48.6146 40.5878 39.9099 46.4709 73.4971 68.9624 35.1019 24.8146 10.8009 6.26095 0.670427 0.668392
threshold=2.5000000000000004 -0.83375966452616657 11.347222500000003 52.000000000000007 19.450000000000003 7.4619050000000007 0.77652048701313048 22.550000000000004 1.5000000000000002 98.500000000000014 97.500000000000014 85.729166500000005 0.074116354202380164
decision_type=2 2 2 2 2 2 2 2 2 2 2 2 2
left_child=1 9 8 4 5 -2 -6 -4 -3 10 -1 -5 -11
right_child=3 2 7 11 6 -7 -8 -9 -10 12 -12 -13 -14
leaf_value=-0.03627577263639193 0.0037570676760064516 -0.01068340748247293 -0.038543500149220616 -0.037003675379806332 0.014447551708268414 -0.028366492284604861 -0.021124427809844082 0.024048860595594877 -0.043764482286511676 -0.015683410515977804 -0.07117529034498353 -0.057167108103802183 0.0064846202400920998
leaf_weight=24.712199166417122 760.35804754495621 400.68852446973324 25.924037516117096 19.596705421805382 1212.0264030992985 231.43626780807972 152.59987717866898 133.98391519486904 65.29556305706501 6.770321846008299 38.688504382967949 16.799611732363701 5.2809374928474426
leaf_count=113 3467 1840 119 88 5481 1055 708 604 303 31 176 74 24
internal_value=-1.7808e-05 -0.0125623 -0.00795086 0.00366274 0.00447422 -0.00376002 0.0104571 0.013725 -0.0154027 -0.0502107 -0.0583467 -0.0475904 -0.00621669
internal_weight=3094.16 701.344 625.892 2392.82 2356.42 991.794 1364.63 159.908 465.984 75.452 63.4007 36.3963 12.0513
internal_count=14083 3210 2866 10873 10711 4522 6189 723 2143 344 289 162 55
is_linear=0
shrinkage=0.05


Tree=7
num_leaves=13
num_cat=3
split_feature=0 0 1 4 32 34 33 34 39 39 4 34
split_gain=1903.03 254.89 92.7416 60.218 99.077 56.5612 34.5813 32.8116 6.79034 3.46705 4.60045 2.63795
threshold=0 1 2 0.091259403071267911 29.595238000000005 23.950000000000003 36.95000000000001 24.550000000000004 29.850000000000005 25.350000000000005 -0.49813634056773481 19.200000000000003
decision_type=1 1 1 2 2 2 2 2 2 2 2 2
left_child=8 2 6 5 -5 -3 -2 -4 9 11 -11 -1
right_child=1 3 7 4 -6 -7 -8 -9 -10 10 -12 -13
leaf_value=-0.033245909306452014 0.028490026598494186 0.016058260783295305 0.082383841535652591 -0.0010330935424358795 0.050062098376726018 0.046115292875361244 0.098043557973699569 0.03903516565255391 -0.0040467302510282374 -0.0048115118911818064 -0.053395275977217209 -0.063828710220853041
leaf_weight=10.515948951244352 258.33279943466187 546.32597053050995 234.4104688167572 749.83464723825455 107.61236399412155 219.53250652551651 18.459705606102943 57.042532801628113 5.1555744409561148 5.4704342633485785 67.512359738349915 803.84487120807171
leaf_count=52 1085 2357 939 3275 449 940 75 234 24 27 345 4244
internal_value=-0.000289339 0.0247789 0.053442 0.0144531 0.00543036 0.024723 0.0334649 0.0740622 -0.0613939 -0.0624133 -0.0498679 -0.063475
internal_weight=3084.05 2191.55 568.246 1623.31 857.447 765.858 276.793 291.453 892.499 887.344 72.9828 814.361
internal_count=14046 9354 2333 7021 3724 3297 1160 1173 4692 4668 372 4296
cat_boundaries=0 1 2 3
cat_threshold=48 4 1
is_linear=0
shrinkage=0.05


Tree=8
num_leaves=13
num_cat=3
split_feature=0 0 1 34 4 36 34 34 39 34 5 5
split_gain=1765.66 220.285 93.5707 61.1286 54.3498 39.42 33.3992 32.2266 4.76881 3.51607 3.00364 2.39192
threshold=0 1 2 20.950000000000003 0.85226249403558707 96.500000000000014 20.350000000000005 24.550000000000004 29.850000000000005 19.200000000000003 0.99138911339924218 -0.8611288361322974
decision_type=1 1 1 2 2 2 2 2 2 2 2 2
left_child=8 2 6 5 -5 -3 -2 -4 9 10 -1 -11
right_child=1 3 7 4 -6 -7 -8 -9 -10 11 -12 -13
leaf_value=-0.056902329889295215 -0.050352564507841917 -0.058197175119730687 0.078643674048668524 0.021440649903751018 -0.0016560676721939515 0.0028052332631365437 0.033719485647441837 0.035415827504142232 -0.00982426125660215 -0.054799434372557243 -0.0083901887728196501 -0.063368243178653513
leaf_weight=5.2259670644998533 11.486900150775908 43.845909863710403 237.3587099313736 1198.6233554780483 323.18778078258038 64.46320728957653 272.42303346097469 55.650291979312897 4.9332466125488272 164.68917433917522 7.3984711766242981 682.02726317942142
leaf_count=27 54 216 950 5135 1385 289 1129 227 23 887 36 3713
internal_value=-0.000242396 0.0234893 0.0499094 0.0138671 0.0165377 -0.0221964 0.0301532 0.0705819 -0.0603753 -0.0613555 -0.0311746 -0.0617682
internal_weight=3071.31 2207.04 576.919 1630.12 1521.81 108.309 283.91 293.009 864.274 859.341 12.6244 846.716
internal_count=14071 9385 2360 7025 6520 505 1183 1177 4686 4663 63 4600
cat_boundaries=0 1 2 3
cat_threshold=48 4 1
is_linear=0
shrinkage=0.05


Tree=9
num_leaves=15
num_cat=3
split_feature=0 0 1 34 2 44 34 39 39 4 33 34 12 5
split_gain=1639.8 196.753 72.3872 57.0499 92.0873 32.9487 32.3582 15.1101 6.22163 4.99274 3.7271 2.40128 2.99613 1.97215
threshold=0 1 2 25.250000000000004 5.5000000000000009 50.20000000000001 20.350000000000005 20.650000000000002 25.350000000000005 -0.49813634056773481 37.100000000000009 19.200000000000003 52.500000000000007 -0.8611288361322974
decision_type=1 1 1 2 2 2 2 2 2 2 2 2 2 2
left_child=8 2 6 4 -3 -4 -2 -5 11 -10 -11 12 -1 -13
right_child=1 3 5 7 -6 -7 -8 -9 9 10 -12 13 -14 -15
leaf_value=-0.0040459678176806889 -0.052057374640789404 -0.003844359303273016 0.067963198147765816 0.019157608873578636 0.021294020394212593 -0.047500764231208963 0.033553076251225077 0.056312296369182849 -0.00041966370199073081 -0.053934264193296444 -0.021985266459163016 -0.054286048110363028 -0.056116712860605961 -0.063113411477440332
leaf_weight=5.3417633026838285 10.633835703134535 620.8926407545805 292.00300620496273 40.897251933813095 879.63576413691044 5.6479238867759696 273.82297475636005 91.370299726724625 5.8933755755424491 57.399166211485863 13.14815594255924 135.85571414232254 5.1194335073232651 612.05932469666004
leaf_count=26 51 2721 1174 173 3743 23 1128 377 30 311 66 756 27 3457
internal_value=0.000204725 0.0227229 0.0475684 0.0136061 0.0108966 0.0656206 0.0301816 0.045054 -0.0590605 -0.0447266 -0.0483703 -0.0612222 -0.0322009 -0.0615846
internal_weight=3049.72 2214.9 582.108 1632.8 1500.53 297.651 284.457 132.268 834.817 76.4407 70.5473 758.376 10.4612 747.915
internal_count=14063 9390 2376 7014 6464 1197 1179 550 4673 407 377 4266 53 4213
cat_boundaries=0 1 2 3
cat_threshold=48 4 1
is_linear=0
shrinkage=0.05


Tree=10
num_leaves=15
num_cat=4
split_feature=0 0 1 34 4 0 34 34 39 25 34 39 5 5
split_gain=1502.55 162.586 74.6409 60.0099 48.9812 35.58 31.4573 28.8323 5.69817 4.16377 3.54451 3.4652 2.96475 2.53517
threshold=0 1 2 20.950000000000003 0.84313847884979054 3 20.350000000000005 24.450000000000003 25.350000000000005 8.1131945000000005 19.200000000000003 29.850000000000005 0.99349222267034765 -0.8611288361322974
decision_type=1 1 1 2 2 1 2 2 2 2 2 2 2 2
left_child=8 2 6 5 -5 -3 -2 -4 10 -10 12 -11 -1 -12
right_child=1 3 7 4 -6 -7 -8 -9 9 11 13 -13 -14 -15
leaf_value=-0.053695745417979418 -0.055080807929038571 0.0016887981627227207 0.071574852487492832 0.02064062228407847 -0.00098786831975296741 -0.055244592619279165 0.030046298329441914 0.033343143624579456 -0.010515064473182295 -0.051728293825826138 -0.05238348685134317 -0.0091424442263068704 -0.002078754708636269 -0.061970789192313351
leaf_weight=4.3951229453086835 10.404084905982016 72.99798820912838 223.23698373138905 1198.3443534523249 334.73928298056126 36.040637493133545 274.54560145735741 66.722273379564285 9.0478467941284162 57.968278482556343 131.74990087747574 5.720951870083808 5.9173438549041748 591.65806357562542
leaf_count=24 51 341 900 5089 1433 172 1125 269 48 321 755 27 29 3460
internal_value=0.0002389 0.0215102 0.0443051 0.013288 0.0159206 -0.0223275 0.0267564 0.0629222 -0.0577435 -0.0436338 -0.0598669 -0.0481034 -0.0268796 -0.0602994
internal_weight=3023.49 2217.03 574.909 1642.12 1533.08 109.039 284.95 289.959 806.458 72.7371 733.72 63.6892 10.3125 723.408
internal_count=14044 9380 2345 7035 6522 513 1176 1169 4664 396 4268 348 53 4215
cat_boundaries=0 1 2 3 4
cat_threshold=48 4 1 9
is_linear=0
shrinkage=0.05


Tree=11
num_leaves=15
num_cat=4
split_feature=0 0 1 34 32 0 33 34 39 2 34 33 5 5
split_gain=1403.27 158.453 74.0147 53.3199 45.2881 34.5836 33.0293 27.353 4.98881 5.15323 3.32067 3.00701 2.43637 2.19417
threshold=0 1 2 20.950000000000003 29.989881000000004 3 36.95000000000001 24.450000000000003 25.350000000000005 8.5000000000000018 19.200000000000003 37.100000000000009 0.99349222267034765 -0.8611288361322974
decision_type=1 1 1 2 2 1 2 2 2 2 2 2 2 2
left_child=8 2 6 5 -5 -3 -2 -4 10 11 12 -10 -1 -12
right_child=1 3 7 4 -6 -7 -8 -9 9 -11 13 -13 -14 -15
leaf_value=-0.052701258199376912 0.020699201268272769 0.0019643734629251793 0.070048311624674162 0.012330162848625511 0.048835063668850348 -0.054267179604456761 0.087575684011990201 0.032474975848213482 -0.054955302705126274 -0.0084281507404163104 -0.05207192389019269 -0.025118087356066184 -0.0056111000414767222 -0.061335496245434544
leaf_weight=4.2677608728408796 268.55347187817097 72.637839302420616 218.36724938452244 1441.3315891176462 89.457317411899567 35.680458590388298 18.985910534858704 65.632570028305054 47.952868655323982 9.5014727115631086 127.98021996021271 13.346455469727514 6.3083613067865372 576.62464405596256
leaf_count=24 1107 339 887 6123 365 174 76 264 276 50 755 69 31 3494
internal_value=-0.000303601 0.020117 0.0426753 0.0120191 0.014494 -0.0216699 0.0254032 0.0615095 -0.0572194 -0.0437193 -0.059292 -0.0489664 -0.0275244 -0.0597291
internal_weight=2996.63 2210.65 571.539 1639.11 1530.79 108.318 287.539 284 785.982 70.8008 715.181 61.2993 10.5761 704.605
internal_count=14034 9335 2334 7001 6488 513 1183 1151 4699 395 4304 345 55 4249
cat_boundaries=0 1 2 3 4
cat_threshold=48 4 1 9
is_linear=0
shrinkage=0.05


Tree=12
num_leaves=15
num_cat=3
split_feature=0 0 1 34 4 33 44 26 39 25 33 5 34 34
split_gain=1266.37 146.409 59.9283 46.0607 59.3386 28.5211 23.8511 7.90282 6.95617 4.27593 4.38387 2.44498 8.24159 2.68663
threshold=0 1 2 25.950000000000003 0.10837544681456417 36.95000000000001 48.050000000000004 20.650000000000002 25.350000000000005 8.5020835000000012 37.100000000000009 -0.8611288361322974 23.350000000000005 19.200000000000003
decision_type=1 1 1 2 2 2 2 2 2 2 2 2 2 2
left_child=8 2 5 4 -3 -2 -4 -5 11 -10 -11 12 -1 -13
right_child=1 3 6 7 -6 -7 -8 -9 9 10 -12 13 -14 -15
leaf_value=0.014957450430445975 0.020714447459104179 0.019089622288759052 0.061388579049623429 0.027669098225302877 -0.00032432936399373098 0.083232803877864081 0.004142301664641539 0.064210332805543141 -0.010431342128911607 -0.052890571737449626 -0.018720681635909172 -0.0292154379628463 -0.052565896026984041 -0.060271883826039312
leaf_weight=4.2888625860214225 269.96864484250546 791.37495477497578 266.03998099267483 26.043383479118347 782.00589856505394 18.743619322776794 19.686803638935089 42.764903843402863 10.972253203392027 45.775954455137253 13.606786310672758 9.8730430752038938 118.89457435905933 547.55880932509899
leaf_count=26 1110 3332 1086 105 3386 75 80 172 60 270 71 52 723 3441
internal_value=-0.000104475 0.0189286 0.0405425 0.0111485 0.00944637 0.0250465 0.0574725 0.0509742 -0.0557449 -0.0402543 -0.0455007 -0.0581026 -0.0501134 -0.0597751
internal_weight=2967.6 2216.63 574.439 1642.19 1573.38 288.712 285.727 68.8083 750.97 70.355 59.3827 680.615 123.183 557.432
internal_count=13989 9346 2351 6995 6718 1185 1166 277 4643 401 341 4242 749 3493
cat_boundaries=0 1 2 3
cat_threshold=48 4 1
is_linear=0
shrinkage=0.05


Tree=13
num_leaves=15
num_cat=3
split_feature=0 0 1 6 34 38 34 33 39 33 25 5 5 34
split_gain=1211.93 144.47 58.5028 45.8528 35.4758 33.1082 26.8978 26.7788 4.92307 2.24746 3.19198 2.55223 1.87516 5.67913
threshold=0 1 2 2.5000000000000004 25.350000000000005 11.730059500000001 24.450000000000003 36.95000000000001 25.350000000000005 37.100000000000009 8.5020835000000012 0.26659387353423863 -0.8611288361322974 23.350000000000005
decision_type=1 1 1 2 2 2 2 2 2 2 2 2 2 2
left_child=8 2 7 4 -3 -5 -4 -2 12 10 -10 -11 13 -1
right_child=1 3 6 5 -6 -7 -8 -9 9 11 -12 -13 -14 -15
leaf_value=0.0048424828526056939 0.019930645795568795 -0.0096786482597044834 0.06476468699553399 0.012457320033836228 0.044923637928780007 0.040563944018195443 0.027977105625628825 0.079908159694157599 -0.018392289524568256 -0.0061066861598253145 -0.052291268353765366 -0.05155435829530134 -0.059356460561893282 -0.052433903651408598
leaf_weight=4.3273098468780509 267.53458258509636 340.41604408621788 219.37397782504559 1174.4394012540579 31.596576809883118 114.37071326375008 67.094475090503693 19.183630257844925 9.8473269790410978 9.7256502509117109 45.979115337133408 3.7620026171207419 541.81133826076984 115.25718249380589
leaf_count=26 1096 1483 909 4976 129 474 269 77 54 50 279 21 3520 723
internal_value=-0.000212905 0.0180957 0.0396148 0.0104572 -0.00493305 0.0149811 0.0562759 0.0242074 -0.0556235 -0.0421979 -0.0467406 -0.0214666 -0.0578044 -0.0503383
internal_weight=2964.72 2234.01 573.187 1660.82 372.013 1288.81 286.468 286.718 730.71 69.3141 55.8264 13.4877 661.396 119.584
internal_count=14086 9413 2351 7062 1612 5450 1178 1173 4673 404 333 71 4269 749
cat_boundaries=0 1 2 3
cat_threshold=48 4 1
is_linear=0
shrinkage=0.05


Tree=14
num_leaves=15
num_cat=2
split_feature=0 0 44 37 34 34 4 20 39 4 39 34 37 22
split_gain=1110.74 122.95 56.5385 63.2382 46.3047 67.9428 21.6404 11.8153 6.01116 4.97704 3.39614 2.6399 2.69151 2.66652
threshold=0 1 48.800000000000004 55.500000000000007 25.250000000000004 24.550000000000004 -0.30163705152652737 33.250000000000007 25.350000000000005 -0.49813634056773481 29.850000000000005 19.200000000000003 67.500000000000014 65.923611500000007
decision_type=1 1 2 2 2 2 2 2 2 2 2 2 2 2
left_child=8 4 3 -3 5 -2 -4 -6 11 -10 -11 13 -13 -1
right_child=1 2 6 -5 7 -7 -8 -9 9 10 -12 12 -14 -15
leaf_value=0.0042161639264180605 0.031092089948272669 -0.0044607773715946465 -0.074104247923580863 0.020002511876398572 -0.0088956690729898764 -0.0066568830787388737 -0.010271684780771296 0.067909987808533717 0.0049094337636588622 -0.047202440479468977 -0.0047216262430947358 -0.058135037355184715 -0.042262507520343356 -0.04645250325598492
leaf_weight=4.0910591036081296 894.98032513260841 524.20108625292778 27.90344712138176 530.94874922931194 5.0880261957645407 137.12524504959583 25.246599122881889 84.480760112404823 5.5490429252386084 56.694833636283875 5.3794705271720877 584.85036869347095 41.530990406870842 5.4440154880285263
leaf_count=21 3755 2261 116 2222 21 566 108 342 30 348 26 3928 276 32
internal_value=-9.53422e-05 0.0172136 0.00525868 0.00785637 0.0288602 0.0260752 -0.044533 0.0634969 -0.0543778 -0.0396557 -0.0436542 -0.0567324 -0.0571517 -0.0263763
internal_weight=2933.51 2229.97 1108.3 1055.15 1121.67 1032.11 53.15 89.5688 703.54 67.6233 62.0743 635.916 626.381 9.53507
internal_count=14052 9391 4707 4483 4684 4321 224 363 4661 404 374 4257 4204 53
cat_boundaries=0 1 2
cat_threshold=48 12
is_linear=0
shrinkage=0.05


Tree=15
num_leaves=15
num_cat=3
split_feature=0 0 1 26 5 40 35 34 39 34 5 39 12 33
split_gain=1058.65 109.285 60.6583 51.4815 68.929 57.383 28.8134 21.7186 4.78796 3.41392 2.6272 2.4452 2.29161 1.32181
threshold=0 1 2 14.65 0.13185577213185917 26.450000000000003 87.824405000000013 24.550000000000004 25.100000000000005 19.200000000000003 0.99349222267034765 29.850000000000005 81.500000000000014 32.150000000000013
decision_type=1 1 1 2 2 2 2 2 2 2 2 2 2 2
left_child=8 2 6 4 -3 -5 -2 -4 9 10 -1 13 -11 -10
right_child=1 3 7 5 -6 -7 -8 -9 11 12 -12 -13 -14 -15
leaf_value=-0.050357595886560615 0.024757429310710385 -0.038270091080750503 0.059966447334665246 0.0024873537899846284 0.014296676518525901 0.022790727145685516 -0.031518573081125892 0.025453235239553819 -0.033491903923656509 -0.057011066799496538 -0.0014932112859623549 -0.0061117367810808688 -0.010758908463749814 -0.049744390062889839
leaf_weight=4.1551568508148176 265.69974081218243 118.27905775606632 220.67306271195412 622.24337477982044 129.87473638355732 789.40876445174217 24.016251057386398 60.112527564167976 30.10609969496727 584.95901250839233 6.0334116816520691 4.7494203448295584 3.2124433517456046 54.130899637937546
leaf_count=26 1083 499 931 2678 553 3293 97 241 188 4075 31 23 22 354
internal_value=-2.64374e-06 0.0167461 0.0355335 0.0100972 -0.0108116 0.0138493 0.02 0.0526942 -0.0537569 -0.0562626 -0.024141 -0.0424441 -0.0567771 -0.0443969
internal_weight=2917.65 2230.31 570.502 1659.81 248.154 1411.65 289.716 280.786 687.346 598.36 10.1886 88.9864 588.171 84.237
internal_count=14094 9375 2352 7023 1052 5971 1180 1172 4719 4154 57 565 4097 542
cat_boundaries=0 1 2 3
cat_threshold=48 4 1
is_linear=0
shrinkage=0.05


Tree=16
num_leaves=15
num_cat=3
split_feature=0 0 1 34 2 33 34 31 39 25 39 34 5 5
split_gain=966.275 116.784 54.4068 42.9369 41.3689 24.0639 20.9974 17.2681 7.43993 5.19038 3.55179 3.46888 3.01105 2.72372
threshold=0 1 2 20.250000000000004 10.500000000000002 36.95000000000001 24.450000000000003 27.900000000000002 25.350000000000005 8.5020835000000012 29.850000000000005 19.200000000000003 -0.8611288361322974 0.99349222267034765
decision_type=1 1 1 2 2 2 2 2 2 2 2 2 2 2
left_child=8 2 5 7 -5 -2 -4 -3 11 -10 -11 13 -13 -1
right_child=1 3 6 4 -6 -7 -8 -9 9 10 -12 12 -14 -15
leaf_value=-0.049564513852557286 0.016407771083851837 -0.007428512291121056 0.059153658140957979 0.007365708840839859 0.031895676700754459 0.073573566359089029 0.02694268346639821 -0.066798497676335791 -0.0021859570431905688 -0.046036629581196732 -0.0020662568642022643 -0.046768528894586943 -0.057702535921190713 0.00056127641845525676
leaf_weight=4.0297501236200315 271.1529206931591 25.045867562294006 212.1420543640852 1430.0876211225986 194.56693558394909 18.890350982546806 69.756905674934387 23.509247794747353 9.6647296696901304 50.401832029223442 5.149228870868682 108.25444905459881 477.06716622412205 5.8282867074012756
leaf_count=26 1102 110 910 6027 812 77 280 118 56 328 25 751 3479 30
internal_value=1.65776e-05 0.0156866 0.0350692 0.00887541 0.0103212 0.0203709 0.0513064 -0.036942 -0.0526414 -0.0362812 -0.0420695 -0.0552532 -0.0557635 -0.0226067
internal_weight=2905.55 2245.15 571.942 1673.21 1624.65 290.043 281.899 48.5551 660.395 65.2158 55.5511 595.18 585.322 9.85804
internal_count=14131 9436 2369 7067 6839 1179 1190 228 4695 409 353 4286 4230 56
cat_boundaries=0 1 2 3
cat_threshold=48 4 1
is_linear=0
shrinkage=0.05


Tree=17
num_leaves=12
num_cat=3
split_feature=0 0 44 1 34 34 20 39 5 34 44
split_gain=903.612 100.68 54.2781 47.4255 43.6418 59.7803 14.3595 5.67204 3.14651 7.51458 4.1802
threshold=0 1 52.000000000000007 2 25.350000000000005 24.550000000000004 33.350000000000001 29.850000000000005 -0.86974577485258975 23.350000000000005 52.000000000000007
decision_type=1 1 2 1 2 2 2 2 2 2 2
left_child=7 2 3 -2 5 -3 -6 8 9 -1 -10
right_child=1 4 -4 -5 6 -7 -8 -9 10 -11 -12
leaf_value=0.01711074079417306 0.021444228111628865 0.010310877628952032 -0.084572613687318055 0.050888522596182234 -0.026546661250810722 -0.018133295875208063 0.040770743876152968 0.00038943231629851141 -0.055752645245911253 -0.047243102862040226 -0.010876735912969109
leaf_weight=4.2387970685958853 284.30926705896854 1322.8347703665495 8.6120065450668317 267.14549478888512 7.8058593571186057 213.7401128411293 121.20100772380829 4.9389706850051871 503.3938957452774 118.76926790177822 5.7932078540325156
leaf_count=28 1155 5598 35 1143 33 901 492 24 3767 842 34
internal_value=-0.000106934 0.0149578 0.033185 0.0357744 0.00865118 0.00634503 0.0365247 -0.0520903 -0.0533229 -0.0449054 -0.0552644
internal_weight=2862.78 2225.65 560.067 551.455 1665.58 1536.57 129.007 637.134 632.195 123.008 509.187
internal_count=14052 9357 2333 2298 7024 6499 525 4695 4671 870 3801
cat_boundaries=0 1 2 3
cat_threshold=48 4 1
is_linear=0
shrinkage=0.05


Tree=18
num_leaves=15
num_cat=3
split_feature=0 0 1 26 5 40 35 44 39 2 33 5 5 2
split_gain=832.987 95.9863 44.623 40.2037 65.3972 59.0238 23.7077 21.5786 6.83554 5.16627 4.92619 3.26249 5.62122 2.34862
threshold=0 1 2 14.65 0.13185577213185917 26.450000000000003 87.889881000000017 48.050000000000004 25.350000000000005 8.5000000000000018 37.100000000000009 -0.8611288361322974 -0.95242240592625282 10.500000000000002
decision_type=1 1 1 2 2 2 2 2 2 2 2 2 2 2
left_child=8 2 6 4 -3 -5 -2 -4 11 10 -10 12 -1 -13
right_child=1 3 7 5 -6 -7 -8 -9 9 -11 -12 13 -14 -15
leaf_value=-0.054425763278038476 0.022931292833548431 -0.037468142904212014 0.050863414012791833 -0.00012477599234454498 0.013660984138620606 0.020479949449207203 -0.030344555588741363 -0.0054910437814534342 -0.049256907606288536 -0.00075262278562486387 -0.012015831997128879 -0.057552824651267903 -0.029485590495544028 -0.045738392808261315
leaf_weight=59.467392191290855 265.97132261097431 116.71976082026958 254.14054380357265 620.2134348154068 132.61019617319107 789.58559013903141 21.799895837903023 18.000335425138474 40.325437754392624 9.4458689689636213 12.307362437248228 374.16278115659952 43.727091133594513 76.464640475809574
leaf_count=442 1079 495 1103 2662 560 3269 88 75 284 55 70 2948 318 586
internal_value=-4.11222e-05 0.0142739 0.0320595 0.00810006 -0.0103283 0.0114216 0.0188043 0.0471295 -0.0509617 -0.0349298 -0.0409351 -0.053611 -0.0442422 -0.0556538
internal_weight=2834.94 2219.04 559.912 1659.13 249.33 1409.8 287.771 272.141 615.901 62.0787 52.6328 553.822 103.194 450.627
internal_count=14034 9331 2345 6986 1055 5931 1167 1178 4703 409 354 4294 760 3534
cat_boundaries=0 1 2 3
cat_threshold=48 4 1
is_linear=0
shrinkage=0.05


Tree=19
num_leaves=15
num_cat=1
split_feature=34 34 36 39 34 41 32 38 26 36 1 4 37 25
split_gain=47.4669 48.0584 71.7211 67.9709 64.5505 58.7708 46.6342 36.5381 5.89091 2.75695 3.72643 2.5769 1.36031 0.0899213
threshold=25.950000000000003 24.550000000000004 95.500000000000014 19.050000000000004 25.150000000000002 68.050000000000011 29.050297500000003 11.772321500000002 20.750000000000004 89.500000000000014 0 0.70290292807158605 23.500000000000004 8.7194445000000034
decision_type=2 2 2 2 2 2 2 2 2 2 1 2 2 2
left_child=1 2 6 4 -3 -5 -1 -4 9 10 -2 -10 -13 -11
right_child=8 3 7 5 -6 -7 -8 -9 11 13 -12 12 -14 -15
leaf_value=-0.024395565442501828 0.022170632247110463 -0.069509336172892289 0.0041871514742468805 -0.014928641490675049 0.0056598634943154022 0.03764480527865352 0.018181872842942506 0.040153826383991349 0.0048922805672544818 0.015953418150134176 -0.021212531094130484 0.025231461784223766 0.046984335823864652 0.028762279534500713
leaf_weight=361.41952749341726 9.1270578503608704 92.05296391248703 1730.5522164180875 257.01930240541697 41.002294600009918 65.961193114519119 77.416224882006645 72.642113089561462 5.0585076212882987 6.3757767528295544 8.6842464953660965 13.027821257710455 50.710466645658016 19.946106746792793
leaf_count=1874 44 464 8612 1264 202 317 377 355 24 30 42 63 242 98
internal_value=-0.000432954 -0.00176722 0.00124457 -0.0165446 -0.0464758 -0.00410869 -0.0168601 0.00565753 0.0311804 0.0163787 0.00101513 0.0403051 0.0429966 0.0263571
internal_weight=2811 2698.07 2242.03 456.036 133.055 322.98 438.836 1803.19 112.93 44.1332 17.8113 68.7968 63.7383 26.3219
internal_count=14008 13465 11218 2247 666 1581 2251 8967 543 214 86 329 305 128
cat_boundaries=0 1
cat_threshold=1
is_linear=0
shrinkage=0.05


Tree=20
num_leaves=15
num_cat=4
split_feature=0 0 44 1 34 2 1 39 34 25 33 5 37 44
split_gain=777.4 87.8561 43.9536 41.9297 39.5247 33.7218 17.0501 7.75095 4.46246 4.09969 4.54169 3.44672 3.27622 2.08406
threshold=0 1 52.000000000000007 2 20.250000000000004 10.500000000000002 3 25.350000000000005 19.200000000000003 8.5020835000000012 37.100000000000009 0.99349222267034765 67.500000000000014 44.800000000000004
decision_type=1 1 2 1 2 2 1 2 2 2 2 2 2 2
left_child=7 2 3 -2 6 -6 -3 8 11 13 -11 -1 -10 -9
right_child=1 4 -4 -5 5 -7 -8 9 12 10 -12 -13 -14 -15
leaf_value=-0.046949953230297208 0.019862886737563649 -0.0048778289678091825 -0.079934193135493492 0.047497842761463877 0.0067434953600672993 0.029081625321399136 -0.063194135912205712 0.016135822156212173 -0.054898980956806877 -0.047101698763605822 -0.010857777695375857 0.011528466567187616 -0.036866229148205219 -0.02567883575055804
leaf_weight=3.5296695530414564 289.15385165810585 24.134317934513092 7.8102371394634238 264.70127321779728 1429.5422446578741 190.80216524004936 25.489627376198769 5.4549423158168775 482.58795821666718 38.364316672086716 11.996017038822172 4.993475615978241 35.628447942435741 4.557197242975235
leaf_count=25 1172 115 32 1162 6007 788 121 33 3917 278 68 27 278 27
internal_value=0.000365736 0.013871 0.0308719 0.0331321 0.00798836 0.00939022 -0.0354889 -0.0502852 -0.0531368 -0.0331383 -0.0388478 -0.0150761 -0.0537326 -0.00350037
internal_weight=2818.75 2231.63 561.665 553.855 1669.97 1620.34 49.6239 587.112 526.74 60.3725 50.3603 8.52315 518.216 10.0121
internal_count=14050 9397 2366 2334 7031 6795 236 4653 4247 406 346 52 4195 60
cat_boundaries=0 1 2 3 4
cat_threshold=48 4 1 1
is_linear=0
shrinkage=0.05


Tree=21
num_leaves=15
num_cat=3
split_feature=0 0 1 2 5 39 34 33 39 34 25 5 39 12
split_gain=707.939 85.3463 43.9301 42.2106 42.624 25.7775 24.9606 23.2871 6.48415 3.97052 3.39347 3.84226 3.04999 2.87311
threshold=0 1 2 1.5000000000000002 0.42763731121559989 18.550000000000004 24.450000000000003 36.95000000000001 25.100000000000005 19.200000000000003 8.5020835000000012 -0.8611288361322974 29.850000000000005 81.500000000000014
decision_type=1 1 1 2 2 2 2 2 2 2 2 2 2 2
left_child=8 2 7 5 -5 -3 -4 -2 9 -1 11 -10 -12 -11
right_child=1 3 6 4 -6 -7 -8 -9 10 13 12 -13 -14 -15
leaf_value=-0.017005382845315775 0.012402180115572495 0.0059046247671738251 0.053170755987353983 0.0041898702923554897 0.022972498981189471 -0.036641402244910574 0.017772431961907635 0.06856778941746848 0.021801437232637371 -0.053507558531198755 -0.044266915802551592 -0.029537703691574053 -0.0040233003672055468 -0.00059188638929650325
leaf_weight=8.8710946291685087 273.1497133821249 60.663239613175392 200.90722393989563 1131.4555616974831 411.366833999753 84.340167090296745 67.886290147900581 18.88300433754921 4.5613267272710791 477.64485694468021 58.61835715174675 10.114606864750384 5.3408596217632285 2.6016574800014487
leaf_count=54 1104 263 918 4706 1745 383 276 79 31 4022 443 68 26 21
internal_value=-0.000168425 0.0124702 0.0292453 0.00674292 0.00920957 -0.0189234 0.0443296 0.0162555 -0.0495078 -0.0526019 -0.0360605 -0.0132085 -0.0410201 -0.0532227
internal_weight=2816.4 2248.65 560.826 1687.83 1542.82 145.003 268.794 292.033 567.753 489.118 78.6352 14.6759 63.9592 480.247
internal_count=14139 9474 2377 7097 6451 646 1194 1183 4665 4097 568 99 469 4043
cat_boundaries=0 1 2 3
cat_threshold=48 4 1
is_linear=0
shrinkage=0.05


Tree=22
num_leaves=15
num_cat=2
split_feature=0 0 44 37 34 34 4 20 39 34 5 33 39 33
split_gain=667.916 79.8011 48.731 58.4928 39.0073 54.0626 20.0179 12.8945 6.69021 3.6279 3.14019 3.11249 3.78294 3.26182
threshold=0 1 48.800000000000004 55.500000000000007 25.250000000000004 24.550000000000004 -0.30163705152652737 33.250000000000007 25.100000000000005 19.200000000000003 -0.87810534180523914 32.150000000000013 27.250000000000004 37.100000000000009
decision_type=1 1 2 2 2 2 2 2 2 2 2 2 2 2
left_child=8 4 3 -3 5 -2 -4 -6 9 -1 -11 12 -10 -13
right_child=1 2 6 -5 7 -7 -8 -9 11 10 -12 13 -14 -15
leaf_value=-0.018713495339725075 0.02316994811590015 -0.0072133219494601416 -0.071468370834040743 0.016398023855133757 -0.018367430870697466 -0.010350242876941647 -0.010766402758658112 0.057402432805854012 -0.0086697573223828948 -0.042566323756963502 -0.055071489175506118 -0.051507594138075791 -0.05101604464038087 -0.022310732159748346
leaf_weight=9.2867646813392621 888.69256846606731 518.87657071650028 28.628363624215126 528.57774555683136 5.5526259541511527 138.50788734853268 25.842604339122772 85.797953799366951 20.169535331428055 81.850717708468437 381.42695473134518 34.623975709080696 6.4259156361222258 16.354093246161938
leaf_count=57 3776 2230 120 2179 23 574 110 350 140 669 3385 276 50 107
internal_value=-0.000362491 0.0119023 0.00227104 0.00470597 0.0212759 0.0186444 -0.0433829 0.0526478 -0.0491224 -0.0523265 -0.0529586 -0.0354377 -0.0203793 -0.0427505
internal_weight=2770.61 2220.48 1101.93 1047.45 1118.55 1027.2 54.471 91.3506 550.138 472.564 463.278 77.5735 26.5955 50.9781
internal_count=14046 9362 4639 4409 4723 4350 230 373 4684 4111 4054 573 190 383
cat_boundaries=0 1 2
cat_threshold=48 12
is_linear=0
shrinkage=0.05


Tree=23
num_leaves=15
num_cat=3
split_feature=0 0 1 21 4 34 34 39 39 34 5 33 4 26
split_gain=633.743 61.2011 38.5496 35.7937 47.7916 24.5626 24.4479 7.668 5.18287 4.16847 4.29234 3.61389 4.37519 2.50745
threshold=0 1 2 26.050000000000004 0.85226249403558707 20.350000000000005 24.550000000000004 20.650000000000002 25.350000000000005 19.200000000000003 -0.8611288361322974 37.100000000000009 -0.49813634056773481 12.850000000000003
decision_type=1 1 1 2 2 2 2 2 2 2 2 2 2 2
left_child=8 2 5 4 -3 -2 -4 -5 9 13 -11 12 -10 -1
right_child=1 3 6 7 -6 -7 -8 -9 11 10 -12 -13 -14 -15
leaf_value=-0.044817841807293091 -0.05563018977803233 0.0088172621358306672 0.048368006630192896 0.010717554072961502 -0.013847594589324878 0.016532526690083094 0.011414442929803138 0.047576804744150478 0.0016476837803966464 -0.041309065657699803 -0.054913310773037294 -0.0087085214755387493 -0.046408639320452541 0.00607352777682677
leaf_weight=3.0686676204204542 11.34963223338127 1311.3033705949783 200.74943383038044 19.210575774312019 281.75648576021194 278.50355876982212 58.470653340220451 60.512115374207497 5.2952739745378485 89.20235226303339 375.92358776181936 11.701848864555357 39.049639858305454 5.476447582244873
leaf_count=23 52 5493 939 78 1201 1122 238 244 31 751 3473 69 305 30
internal_value=-0.00049288 0.0112723 0.025659 0.00641329 0.00480247 0.0135253 0.0401085 0.0389377 -0.0490574 -0.0517565 -0.0523985 -0.0343383 -0.0407604 -0.014983
internal_weight=2751.57 2221.86 549.073 1672.78 1593.06 289.853 259.22 79.7227 529.718 473.671 465.126 56.0468 44.3449 8.54512
internal_count=14049 9367 2351 7016 6694 1174 1177 322 4682 4277 4224 405 336 53
cat_boundaries=0 1 2 3
cat_threshold=48 4 1
is_linear=0
shrinkage=0.05


Tree=24
num_leaves=15
num_cat=2
split_feature=0 0 19 44 34 4 36 20 39 25 33 12 5 34
split_gain=579.496 60.6628 50.7613 64.0251 32.5349 48.277 17.0319 12.557 6.95231 4.95598 3.46571 2.85041 2.7503 2.6756
threshold=0 1 26.563889000000003 46.600000000000001 25.250000000000004 0.10837544681456417 97.500000000000014 33.250000000000007 25.100000000000005 8.5020835000000012 31.250000000000004 81.500000000000014 -0.8611288361322974 19.200000000000003
decision_type=1 1 2 2 2 2 2 2 2 2 2 2 2 2
left_child=8 4 6 -4 5 -2 -3 -6 11 12 -11 13 -10 -1
right_child=1 2 3 -5 7 -7 -8 -9 9 10 -12 -13 -14 -15
leaf_value=-0.020909910781062885 0.026826395403626441 -0.046781631539087237 0.011825573348178041 -0.035973747379559072 -0.025203365309895493 0.0050545984478233925 -0.011920934494776837 0.053569094637836039 0.022556953671008777 -0.00740782119970623 -0.044400957802285874 0.0010693921566580851 -0.021257871116133701 -0.052263450946883533
leaf_weight=8.7323412299156171 535.19718144834042 42.217570438981056 815.63997052609921 75.661343082785606 4.8349646031856528 485.94263783097267 192.10127301514149 78.968237727880478 4.5449389815330496 7.6753004491329184 53.172334358096123 2.5355361327528945 9.2711153551936132 425.71419569849968
leaf_count=55 2256 198 3421 320 20 2084 795 324 32 55 428 22 66 4032
internal_value=-0.00054903 0.0105096 0.00226611 0.00773219 0.0188023 0.0164807 -0.0183739 0.0487808 -0.0479562 -0.0338714 -0.0399299 -0.0513749 -0.00629487 -0.0516827
internal_weight=2742.21 2230.56 1125.62 891.301 1104.94 1021.14 234.319 83.8032 511.646 74.6637 60.8476 436.982 13.8161 434.447
internal_count=14108 9418 4734 3741 4684 4340 993 344 4690 581 483 4109 98 4087
cat_boundaries=0 1 2
cat_threshold=48 12
is_linear=0
shrinkage=0.05


Tree=25
num_leaves=15
num_cat=2
split_feature=0 0 5 39 44 34 34 20 39 5 34 34 33 25
split_gain=535.862 53.2434 44.4718 62.6817 56.7105 33.4365 47.8378 11.599 5.53686 2.73324 9.26442 2.8835 2.65565 2.28624
threshold=0 1 -0.9575230291762723 17.250000000000004 46.600000000000001 25.250000000000004 24.550000000000004 33.250000000000007 25.100000000000005 -0.88620506325989179 23.350000000000005 19.200000000000003 31.150000000000002 8.5020835000000012
decision_type=1 1 2 2 2 2 2 2 2 2 2 2 2 2
left_child=8 5 3 -3 -4 6 -2 -7 9 10 -1 -11 -10 -14
right_child=1 2 4 -5 -6 7 -8 -9 12 11 -12 -13 13 -15
leaf_value=0.032904198859628947 0.019633075386515628 -0.05537634938046801 0.0024020037382177909 0.045850227995465134 -0.040404178435179336 -0.021455566118266076 -0.011834472636887704 0.05153836884777642 -0.0070742288211194868 -0.020727045758993933 -0.043977899097908474 -0.053102615852336027 -0.017158902433236634 -0.042528955879597943
leaf_weight=3.455165669322013 874.75220529735088 17.088387608528137 910.9239559173584 101.97960093617439 83.547575235366821 5.2839991152286521 139.41646407544613 84.400235220789909 8.4980297386646253 8.7558054327964765 67.495455235242844 340.34351323544979 13.018853999674318 51.401136584579945
leaf_count=27 3732 72 3836 418 355 22 577 348 60 56 613 3411 94 427
internal_value=-0.000530208 0.010004 0.0022181 0.0309822 -0.00123121 0.0177589 0.0152999 0.0470486 -0.0470872 -0.0503364 -0.0398286 -0.0523521 -0.0343124 -0.0377425
internal_weight=2710.36 2217.39 1113.54 119.068 994.472 1103.85 1014.17 89.6842 492.968 420.05 70.9506 349.099 72.918 64.42
internal_count=14048 9360 4681 490 4191 4679 4309 370 4688 4107 640 3467 581 521
cat_boundaries=0 1 2
cat_threshold=48 12
is_linear=0
shrinkage=0.05


Tree=26
num_leaves=12
num_cat=3
split_feature=0 0 38 34 44 25 1 34 39 5 26
split_gain=505.066 59.7444 39.5347 47.9587 38.8319 38.1165 35.7449 4.58056 4.65224 4.82374 2.15543
threshold=0 1 11.730059500000001 23.350000000000005 52.000000000000007 7.1131945000000005 2 19.200000000000003 29.850000000000005 -0.8611288361322974 13.050000000000002
decision_type=1 1 2 2 2 2 1 2 2 2 2
left_child=7 4 5 -4 6 -3 -2 10 9 -9 -1
right_child=1 2 3 -5 -6 -7 -8 8 -10 -11 -12
leaf_value=-0.035701528936947322 0.014215956763031078 0.013077306465123768 -0.054526647300114008 0.035191441007989377 -0.080194897783182423 -0.0035206445012649587 0.040178177296612994 -0.037787174285953712 -0.0011225618991484564 -0.051460541695455365 0.010187458787700622
leaf_weight=3.5009804815053922 288.6854981482029 539.31589548289776 15.480976223945616 164.29447938501835 7.7639596015214911 960.44299767911434 246.94453756511211 96.913397803902626 5.2520391047000876 362.63353404402733 5.1724417358636856
leaf_count=26 1171 2233 68 678 32 4052 1155 884 27 3711 29
internal_value=-0.00020053 0.00983763 0.00508672 0.0272067 0.0241296 0.00245274 0.026238 -0.0464784 -0.0481316 -0.0486653 -0.0101112
internal_weight=2696.4 2222.93 1679.53 179.775 543.394 1499.76 535.63 473.472 464.799 459.547 8.67342
internal_count=14066 9389 7031 746 2358 6285 2326 4677 4622 4595 55
cat_boundaries=0 1 2 3
cat_threshold=48 4 1
is_linear=0
shrinkage=0.05


Tree=27
num_leaves=15
num_cat=2
split_feature=0 34 34 39 36 39 36 1 4 34 5 33 8 26
split_gain=462.572 51.3033 53.2287 83.3183 70.0662 8.06434 5.92671 13.7908 4.06355 3.98994 4.24009 3.57609 3.37428 1.82534
threshold=0 25.950000000000003 24.550000000000004 18.750000000000004 95.500000000000014 25.350000000000005 89.500000000000014 1 -0.49813634056773481 19.200000000000003 -0.8611288361322974 37.100000000000009 33.350000000000001 13.050000000000002
decision_type=1 2 2 2 2 2 2 1 2 2 2 2 2 2
left_child=5 2 4 -4 -2 9 7 -3 -7 13 -11 -10 -8 -1
right_child=1 6 3 -5 -6 8 12 -9 11 10 -12 -13 -14 -15
leaf_value=-0.035577269421483267 -0.0092443295592847721 0.059715546585715019 -0.04853606000903242 0.0048895722697232039 0.015957227214650802 0.013032645273986045 0.014376567404835875 -0.0096210471357525591 -0.039101207295577048 -0.038154160315687427 -0.052578429939520034 -0.0054903727056726179 0.05910681493491643 0.0076335754896189011
leaf_weight=3.5373044908046705 341.65186989307404 13.513667851686478 100.07202497124672 261.97461539506912 1417.6929583400488 5.0808191150426856 5.3851609081029883 13.703959539532661 36.602060914039612 77.234866462647915 319.17081320285797 10.481368258595465 54.252252444624901 4.6839321404695511
leaf_count=27 1509 56 425 1087 5959 31 22 56 319 739 3470 67 223 26
internal_value=-0.000546637 0.00898225 0.00746847 -0.00997063 0.0110608 -0.045728 0.0464721 0.0257011 -0.0273506 -0.0491513 -0.0498711 -0.0318888 0.0553714 -0.0128005
internal_weight=2665.04 2208.25 2121.39 362.047 1759.34 456.791 86.855 27.2176 52.1642 404.627 396.406 47.0834 59.6374 8.22124
internal_count=14016 9337 8980 1512 7468 4679 357 112 417 4262 4209 386 245 53
cat_boundaries=0 1 2
cat_threshold=48 1
is_linear=0
shrinkage=0.05


Tree=28
num_leaves=15
num_cat=4
split_feature=0 0 5 36 34 2 1 32 39 0 14 5 19 5
split_gain=440.123 55.1851 48.4026 55.4447 32.7341 37.7901 11.164 7.42941 5.59203 7.86394 6.6141 3.41021 5.11624 3.98236
threshold=0 1 0.90803977035715633 99.500000000000014 25.250000000000004 7.5000000000000009 2 30.780952000000003 25.100000000000005 3 16.250000000000004 0.99681593486783593 26.668750000000006 -0.86974577485258975
decision_type=1 1 2 2 2 2 1 2 2 1 2 2 2 2
left_child=8 4 3 -3 5 -2 -4 -6 11 10 -10 13 -13 -1
right_child=1 2 6 -5 7 -7 -8 -9 9 -11 -12 12 -14 -15
leaf_value=-0.037327973179311212 0.0069228912213689132 -0.00095853698352218542 -0.012445896151632304 0.02882646176784915 0.057169923820899853 0.026839278969657529 -0.042502262854045035 0.026042964066368253 0.028019173688026845 -0.044462556167976529 -0.019260866244371504 0.019612614436553818 -0.046735305233863406 -0.052064281104420643
leaf_weight=69.748811937868595 622.34259717166424 791.89495426416397 61.304873362183571 193.63177013397217 56.166828528046608 385.85696099698544 63.762710645794868 33.039295196533203 9.410316124558447 34.510316662490368 24.730438716709614 4.5490332245826703 5.381435364484787 293.01262521743774
leaf_count=688 2663 3324 269 791 233 1633 281 141 76 298 218 29 61 3313
internal_value=-7.15958e-05 0.00909217 0.00117915 0.00491677 0.0170091 0.0145643 -0.027985 0.0460579 -0.0450218 -0.0319795 -0.00451703 -0.048537 -0.0173284 -0.0493413
internal_weight=2649.34 2208 1110.59 985.527 1097.41 1008.2 125.068 89.2061 441.343 68.6511 34.1408 372.692 9.93047 362.761
internal_count=14018 9335 4665 4115 4670 4296 550 374 4683 592 294 4091 90 4001
cat_boundaries=0 1 2 3 4
cat_threshold=48 12 1 32
is_linear=0
shrinkage=0.05


Tree=29
num_leaves=15
num_cat=2
split_feature=0 44 38 6 40 33 43 4 44 0 33 5 19 10
split_gain=413.44 43.204 94.0692 53.4055 48.4434 78.3503 38.9926 14.3766 5.44468 9.52224 13.3217 4.25661 4.59657 3.47001
threshold=0 45.20000000000001 11.675595000000003 2.5000000000000004 66.450000000000017 36.95000000000001 30.050000000000004 0.99865421017599987 39.400000000000013 1 32.250000000000007 0.99803555425430601 26.668750000000006 91.145833500000023
decision_type=1 2 2 2 2 2 2 2 2 1 2 2 2 2
left_child=8 2 3 -2 5 -3 -6 -4 11 10 -10 13 -13 -1
right_child=1 4 7 -5 6 -7 -8 -9 9 -11 -12 12 -14 -15
leaf_value=-0.051792468290650311 -0.007791556474321306 -0.049549922955145001 0.061194152793306589 0.013076961213783706 0.032088084140551379 0.030024990207108949 -0.028598054737026875 0.0083677010913569723 0.0040500634929573785 -0.050060532799441226 -0.035871560334426289 0.02587776679277197 -0.043955055299097733 0.0074400277182755633
leaf_weight=251.01383312046528 390.39473135769367 113.541976749897 102.54063265025616 1417.3612566441298 86.036910280585289 41.611929252743721 37.141641050577164 15.103846296668051 35.150548063218594 83.215034984052181 49.872814416885376 3.6147228181362143 3.9146266356110573 2.2595146223902693
leaf_count=2899 1692 481 427 5968 355 180 155 63 348 857 521 24 46 25
internal_value=-9.28856e-05 0.00870311 0.0114042 0.00856848 -0.00964461 -0.0281525 0.0137066 0.0545397 -0.0443588 -0.0377865 -0.0174799 -0.0501323 -0.0113261 -0.0512369
internal_weight=2632.77 2203.73 1925.4 1807.76 278.332 155.154 123.179 117.644 429.041 168.238 85.0234 260.803 7.52935 253.273
internal_count=14041 9321 8150 7660 1171 661 510 490 4720 1726 869 2994 70 2924
cat_boundaries=0 1 2
cat_threshold=48 32
is_linear=0
shrinkage=0.05


Tree=30
num_leaves=14
num_cat=4
split_feature=0 0 26 5 25 1 34 35 44 0 11 12 5
split_gain=377.45 48.501 40.07 52.3739 34.3714 34.2876 24.9735 22.7818 4.58135 7.81835 11.1374 3.22858 2.95724
threshold=0 1 14.65 0.13185577213185917 6.8013890000000012 2 24.450000000000003 87.824405000000013 39.400000000000013 3 98.500000000000014 81.500000000000014 0.99855310097228323
decision_type=1 1 2 2 2 1 2 2 2 1 2 2 2
left_child=8 5 3 -3 -4 7 -7 -2 11 10 -10 12 -1
right_child=1 2 4 -5 -6 6 -8 -9 9 -11 -12 -13 -14
leaf_value=-0.050975048094550335 0.013580386927698791 -0.039280805901492813 0.023055742933389772 0.0063393644063278317 0.0030055413932654151 0.044254074429926293 0.0078839499750871893 -0.036451190235563674 -0.025580133087167979 -0.049405302866396127 0.036738738758566022 0.0071915117585166517 -0.015742261205996734
leaf_weight=241.41899336874485 261.81342273950577 116.73215283453465 261.08730348944664 134.60778737068176 1161.1503795683384 180.89823199808598 64.408894062042236 23.950678601861 73.243674769997597 79.183669149875641 7.0571412295103064 2.2530430108308783 7.2334394901990882
leaf_count=2909 1065 495 1064 558 4873 909 270 96 761 853 71 23 68
internal_value=-0.000583568 0.00767071 0.00342552 -0.0149201 0.00669987 0.0207077 0.0347754 0.00927461 -0.0439551 -0.0377526 -0.017559 -0.049477 -0.0500173
internal_weight=2615.04 2204.65 1673.58 251.34 1422.24 531.071 245.307 285.764 410.39 159.484 80.3008 250.905 248.652
internal_count=14015 9330 6990 1053 5937 2340 1179 1161 4685 1685 832 3000 2977
cat_boundaries=0 1 2 3 4
cat_threshold=48 4 1 32
is_linear=0
shrinkage=0.05


Tree=31
num_leaves=15
num_cat=3
split_feature=0 0 44 32 39 38 37 4 39 0 14 37 44 34
split_gain=354.003 46.3782 34.6521 41.2009 34.5719 57.0745 37.7151 16.2654 9.46216 11.8292 7.05947 4.28245 5.32672 3.02486
threshold=0 1 48.800000000000004 26.463690500000002 20.650000000000002 6.9169645000000015 66.500000000000014 -0.30163705152652737 25.350000000000005 2 16.250000000000004 67.500000000000014 45.900000000000013 19.200000000000003
decision_type=1 1 2 2 2 2 2 2 2 1 2 2 2 2
left_child=8 4 3 -3 5 -2 -6 -4 11 10 -10 13 -13 -1
right_child=1 2 7 -5 6 -7 -8 -9 9 -11 -12 12 -14 -15
leaf_value=-0.015344119165457387 0.02373865589790141 -0.018508394099365898 -0.06783270634419751 0.006887538836611598 0.017899024975048961 -0.0082594710318202886 0.053161844122128668 -0.01081693800106783 0.051248689565763506 -0.039445724674850427 -0.0067475811396519522 -0.035560803006959026 0.022676135993261307 -0.049390087326674929
leaf_weight=7.7932942137122145 253.4518066495657 194.82612738013268 24.897589504718781 865.03646586835384 443.14162197709084 307.28145116567612 91.110330909490585 25.068929731845856 6.2210864424705532 23.111542910337448 18.525548480451107 19.48101577907801 4.1288597509264937 318.3441841378808
leaf_count=54 1081 830 108 3610 1900 1319 385 109 44 207 164 226 41 3957
internal_value=-0.000378084 0.00751069 0.000269214 0.00220616 0.0147747 0.00622022 0.0240008 -0.0400006 -0.0431385 -0.0226622 0.00666695 -0.0470977 -0.0248688 -0.0486259
internal_weight=2602.42 2204.81 1109.83 1059.86 1094.99 560.733 534.252 49.9665 397.606 47.8582 24.7466 349.747 23.6099 326.137
internal_count=14035 9342 4657 4440 4685 2400 2285 217 4693 415 208 4278 267 4011
cat_boundaries=0 1 2 3
cat_threshold=48 12 32
is_linear=0
shrinkage=0.05


Tree=32
num_leaves=14
num_cat=4
split_feature=0 0 44 1 34 39 5 39 0 34 37 44 5
split_gain=330.047 41.7325 35.8887 37.1574 31.8222 28.035 14.8852 9.73037 11.8863 6.86526 4.76224 8.07533 4.14277
threshold=0 1 52.000000000000007 2 20.250000000000004 19.450000000000003 0.99138911339924218 25.350000000000005 3 24.450000000000003 67.500000000000014 45.900000000000013 0.99681593486783593
decision_type=1 1 2 1 2 2 2 2 1 2 2 2 2
left_child=7 2 3 -2 6 -6 -3 10 9 -9 12 -12 -1
right_child=1 4 -4 -5 5 -7 -8 8 -10 -11 11 -13 -14
leaf_value=-0.048963584684878089 0.0094558990700880328 -0.051093426404132919 -0.079642096076356181 0.036466474935079367 -0.0036848066818830818 0.0097952745598444274 0.011975379253470824 0.026376788850277499 -0.038854663161348592 -0.027674910825629964 -0.036078581420495831 0.035886665354061036 -0.012833541651187977
leaf_weight=304.80944536626339 284.68683876097202 37.155256479978561 7.9449361860752097 230.78485979139805 623.45086461305618 1008.6419414281845 11.955381214618681 17.630025826394562 22.40058808773756 7.6451261863112441 20.257308311760429 3.927261345088481 9.0084528699517232
leaf_count=3929 1158 183 33 1134 2590 4196 52 142 206 69 243 38 91
internal_value=-0.000193683 0.00732789 0.019538 0.0215962 0.00342418 0.00464685 -0.0358075 -0.0421947 -0.0214814 0.00695096 -0.046289 -0.0234314 -0.0479705
internal_weight=2590.3 2204.62 523.417 515.472 1681.2 1632.09 49.1106 385.678 47.6757 25.2752 338.002 24.1846 313.818
internal_count=14064 9346 2325 2292 7021 6786 235 4718 417 211 4301 281 4020
cat_boundaries=0 1 2 3 4
cat_threshold=48 4 1 32
is_linear=0
shrinkage=0.05


Tree=33
num_leaves=14
num_cat=3
split_feature=0 0 34 44 39 39 5 39 0 39 2 4 4
split_gain=317.918 44.1682 32.4736 31.8849 30.9305 22.1963 12.0006 6.4763 7.98041 4.87384 3.61136 7.37174 1.3546
threshold=0 1 20.250000000000004 52.000000000000007 19.450000000000003 25.650000000000002 0.99138911339924218 25.100000000000005 2 29.850000000000005 5.5000000000000009 0.27694220057652758 0.056951373111866661
decision_type=1 1 2 2 2 2 2 2 1 2 2 2 2
left_child=7 3 6 5 -4 -2 -3 10 9 -9 12 -12 -1
right_child=1 2 4 -5 -6 -7 -8 8 -10 -11 11 -13 -14
leaf_value=-0.010965562468775402 0.018863648092648705 -0.050656327545308494 -0.0042973046949639762 -0.076792092240256182 0.009834286627243137 0.059870279690262429 0.0071734321041809004 -0.0086102281611230933 -0.041151308218061892 0.054108439592441798 -0.044415289468959777 -0.009760887317746797 -0.05376428054710556
leaf_weight=2.4628644585609427 477.66172033548355 36.404009282588959 625.61496740579605 7.3843535035848609 1013.1428703665733 34.767707571387291 11.502147495746611 29.667774043977261 28.453219167888165 2.4472289532423011 156.93180147558451 17.719797372817993 131.82086274772882
leaf_count=29 2145 184 2601 31 4207 154 50 276 288 13 2017 202 1857
internal_value=-2.90868e-05 0.0072165 0.00322534 0.0198316 0.00444006 0.0217571 -0.0369088 -0.0422529 -0.0276293 -0.00179827 -0.0463848 -0.0409749 -0.0530662
internal_weight=2575.98 2206.48 1686.66 519.814 1638.76 512.429 47.9062 369.504 60.5682 32.115 308.935 174.652 134.284
internal_count=14054 9372 7042 2330 6808 2299 234 4682 577 289 4105 2219 1886
cat_boundaries=0 1 2 3
cat_threshold=48 4 32
is_linear=0
shrinkage=0.05


Tree=34
num_leaves=15
num_cat=2
split_feature=0 44 38 41 33 6 44 4 39 0 33 5 34 2
split_gain=287.807 40.1897 80.0696 52.2463 67.7697 50.6871 30.5373 14.6305 10.2629 11.9425 6.75452 4.72298 8.07097 4.12845
threshold=0 45.20000000000001 11.675595000000003 66.450000000000017 36.95000000000001 2.5000000000000004 52.000000000000007 0.99907018497641642 25.350000000000005 1 37.100000000000009 -0.8611288361322974 23.350000000000005 10.500000000000002
decision_type=1 2 2 2 2 2 2 2 2 1 2 2 2 2
left_child=8 2 5 4 -3 -2 -5 -4 11 10 -10 12 -1 -13
right_child=1 3 7 6 -6 -7 -8 -9 9 -11 -12 13 -14 -15
leaf_value=0.043716300321913829 -0.0091320197326803087 -0.051334926979852015 0.055150370873508207 0.020130682552323503 0.023572135850673647 0.011179207005992181 -0.073043481827221299 0.0013724442617870042 -0.0016473941618048941 -0.037027569890995586 0.060080658456364538 -0.051658629551202088 -0.035801823753569717 -0.033268714360250327
leaf_weight=2.5474650636315337 390.43978518247604 108.59961631894112 105.91631887853146 114.05449540913105 40.996858537197113 1428.0557999759912 8.5446096658706647 14.402560174465178 18.556299120187763 20.085746049880981 4.8015121668577185 204.94058572873473 58.863890737295151 44.771941125392914
leaf_count=24 1702 466 445 473 178 6041 37 60 164 197 32 2949 709 587
internal_value=0.000123544 0.00688625 0.00944353 -0.0110448 -0.0307865 0.00681567 0.0130984 0.0487774 -0.0409889 -0.0187809 0.00920727 -0.0453331 -0.0318557 -0.0485073
internal_weight=2565.58 2211.01 1938.81 272.196 149.596 1818.5 122.599 120.319 354.567 43.4436 23.3578 311.124 61.4114 249.713
internal_count=14064 9402 8248 1154 644 7743 510 505 4662 393 196 4269 733 3536
cat_boundaries=0 1 2
cat_threshold=48 32
is_linear=0
shrinkage=0.05


Tree=35
num_leaves=13
num_cat=3
split_feature=0 34 39 38 31 0 36 4 0 2 4 38
split_gain=254.734 42.3313 51.7345 115.716 35.7548 31.0479 34.5368 9.467 8.98247 13.5865 18.1068 12.3576
threshold=0 20.950000000000003 19.450000000000003 7.9011905000000011 45.20000000000001 1 94.500000000000014 0.091259403071267911 2 5.5000000000000009 0.15951094710994368 12.614880500000002
decision_type=1 2 2 2 2 1 2 2 1 2 2 2
left_child=8 5 3 -3 -4 6 -2 -7 9 11 -11 -1
right_child=1 2 4 -5 -6 7 -8 -9 -10 10 -12 -13
leaf_value=-0.049933673701232167 -0.058436041413838596 0.0062009142460387181 0.016766554251722389 -0.045091596171719157 -0.010493627718995037 -0.023328035520162577 0.023847972137451351 -0.061288824817947299 -0.051223316344600749 -0.024521764613076959 0.03407845358345795 0.019194931443634933
leaf_weight=70.102649293839931 15.411964133381842 652.83332547545433 1138.7504392266273 131.19196961820126 133.80377072095871 29.671053946018219 56.281656816601753 41.860270828008652 167.67045991122723 85.533962480723858 14.650045014917849 6.5944210439920417
leaf_count=1021 76 2747 4797 563 571 129 263 214 2324 1105 167 57
internal_value=-0.00050759 0.00581389 0.00767345 -0.00242843 0.0138943 -0.0203526 0.0049218 -0.040498 -0.0397843 -0.0265768 -0.0157005 -0.0438194
internal_weight=2544.36 2199.8 2056.58 784.025 1272.55 143.225 71.6936 71.5313 344.552 176.881 100.184 76.6971
internal_count=14034 9360 8678 3310 5368 682 339 343 4674 2350 1272 1078
cat_boundaries=0 1 2 3
cat_threshold=48 5 32
is_linear=0
shrinkage=0.05


Tree=36
num_leaves=14
num_cat=3
split_feature=0 26 5 44 44 41 34 0 39 0 25 12 34
split_gain=245.659 39.7238 76.5677 40.6231 64.7614 46.0288 26.8536 21.8703 7.49806 9.87094 7.63425 4.76225 3.79044
threshold=0 14.65 0.13185577213185917 45.20000000000001 43.000000000000007 69.000000000000014 23.250000000000004 1 25.100000000000005 2 8.5020835000000012 82.500000000000014 19.200000000000003
decision_type=1 2 2 2 2 2 2 1 2 1 2 2 2
left_child=8 2 6 4 -3 -5 -2 -4 11 10 -10 12 -1
right_child=1 3 7 5 -6 -7 -8 -9 9 -11 -12 -13 -14
leaf_value=-0.0065528839786107426 0.039081669450856955 0.008252011338803468 0.028368091268635584 -0.028462003138837295 0.043428300254036115 0.013691848758353496 -0.041952595175361616 -0.0058550948632067976 0.048647231362856702 -0.039491572622600155 -0.010206118169194969 0.032220236418991043 -0.045903866910043105
leaf_weight=6.6323342323303214 10.24360455572605 1475.7762083411217 84.804122075438499 145.56565853953362 142.69076456129551 115.19569669663906 141.75529630482197 89.488849580287933 5.9764441475272205 26.085022673010826 25.247959144413471 1.3484410941600788 267.38547509536147
leaf_count=52 44 6276 370 630 596 478 611 376 47 294 240 16 4020
internal_value=-0.000496793 0.00560603 -0.0104498 0.0084277 0.0113782 -0.00985867 -0.0362717 0.0121477 -0.0398263 -0.0238907 0.00169321 -0.0444855 -0.0449787
internal_weight=2538.2 2205.52 326.292 1879.23 1618.47 260.761 151.999 174.293 332.676 57.3094 31.2244 275.366 274.018
internal_count=14050 9381 1401 7980 6872 1108 655 746 4669 581 287 4088 4072
cat_boundaries=0 1 2 3
cat_threshold=48 12 32
is_linear=0
shrinkage=0.05


Tree=37
num_leaves=15
num_cat=3
split_feature=0 34 34 39 36 0 36 4 39 0 34 5 34 5
split_gain=233.194 33.6185 45.8007 59.0544 57.0577 14.422 17.4829 15.846 9.27802 10.5101 5.98192 5.97492 9.80936 5.7413
threshold=0 25.950000000000003 24.550000000000004 18.750000000000004 94.500000000000014 1 90.500000000000014 0.71503381463111937 25.350000000000005 2 24.450000000000003 -0.8611288361322974 23.350000000000005 0.99349222267034765
decision_type=1 2 2 2 2 1 2 2 2 1 2 2 2 2
left_child=8 2 4 -4 -2 7 -7 -3 11 10 -10 12 -1 -13
right_child=1 5 3 -5 -6 6 -8 -9 9 -11 -12 13 -14 -15
leaf_value=0.051481087355095358 -0.012517527388615555 -0.016101139681801321 -0.043676293447115315 0.0011269707018928547 0.01188072175670804 -0.032040180683074231 0.032267722219466277 0.078090878574250011 0.027218287348900035 -0.035694777074446064 -0.025087851118497751 -0.049314180418398766 -0.03332650715936341 -0.011005486916389451
leaf_weight=2.7542511373758307 285.65404188632965 4.7389358282089225 102.02593345940113 256.88861019909382 1463.5644125044346 16.144182071089745 26.655175536870956 35.363710507750511 16.735818147659305 18.953400410711765 6.9970130026340476 210.4134637080133 55.657587289810181 10.948639612644909
leaf_count=26 1262 20 441 1069 6206 67 112 155 133 206 65 3396 733 125
internal_value=-0.000137648 0.00576424 0.00455293 -0.0116949 0.00789152 0.0368327 0.00637678 0.0537599 -0.0391027 -0.0180164 0.00812231 -0.0436369 -0.0285284 -0.0474774
internal_weight=2513.5 2191.04 2108.13 358.915 1749.22 82.902 42.7994 40.1026 322.46 42.6862 23.7328 279.774 58.4118 221.362
internal_count=14016 9332 8978 1510 7468 354 179 175 4684 404 198 4280 759 3521
cat_boundaries=0 1 2 3
cat_threshold=48 5 32
is_linear=0
shrinkage=0.05


Tree=38
num_leaves=13
num_cat=3
split_feature=0 0 32 23 39 44 4 0 39 5 2 4
split_gain=206.307 37.7042 35.9548 47.8579 28.1024 44.5986 23.0451 11.1179 14.9098 11.9124 7.54297 2.72593
threshold=0 1 26.463690500000002 98.500000000000014 27.450000000000006 45.20000000000001 -0.67803021058859214 2 25.350000000000005 -0.8611288361322974 8.5000000000000018 -0.40614700388750385
decision_type=1 1 2 2 2 2 2 1 2 2 2 2
left_child=7 4 6 -4 5 -2 -3 8 9 -1 -10 -6
right_child=1 2 3 -5 11 -7 -8 -9 10 -11 -12 -13
leaf_value=-0.0033791814443609788 0.013323726226074022 -0.040429514860809534 -0.0050688494693128692 0.019973606475543013 0.020424935864441877 -0.020622042244693838 -0.0059340627572094335 -0.050382110849449872 -0.0034427671294859465 -0.039450275357945007 0.064010599571436316 0.065022962657896852
leaf_weight=29.229993999004364 953.84153577685356 86.387138858437538 650.51823827624321 268.79949086904526 5.3055108338594463 106.77443240582943 109.49099808931351 152.08037352561951 19.884290099143985 107.91568690538406 4.2063978761434546 24.879273012280464
leaf_count=375 4139 351 2745 1096 23 453 487 2370 175 1760 26 108
internal_value=-0.000851116 0.00460479 -0.00186669 0.00226707 0.0111736 0.00989013 -0.0212755 -0.038092 -0.0240225 -0.0318425 0.0104168 0.0580904
internal_weight=2519.31 2206 1115.2 919.318 1090.8 1060.62 195.878 313.317 161.236 137.146 24.0907 30.1848
internal_count=14108 9402 4679 3841 4723 4592 838 4706 2336 2135 201 131
cat_boundaries=0 1 2 3
cat_threshold=48 12 32
is_linear=0
shrinkage=0.05


Tree=39
num_leaves=15
num_cat=0
split_feature=6 5 6 39 40 34 36 5 25 39 33 8 34 23
split_gain=31.5583 45.5932 38.0303 34.32 51.3588 32.4428 29.5571 27.4822 26.2644 31.096 25.5394 14.8961 6.40842 6.11298
threshold=2.5000000000000004 -0.83375966452616657 27.000000000000004 19.250000000000004 41.550000000000004 21.700000000000006 99.500000000000014 0.48877522411129343 6.8013890000000012 20.750000000000004 31.950000000000003 33.550000000000004 24.950000000000003 98.500000000000014
decision_type=2 2 2 2 2 2 2 2 2 2 2 2 2 2
left_child=1 12 8 6 -5 11 -4 -7 10 -10 -2 -3 13 -1
right_child=2 5 3 4 -6 7 -8 -9 9 -11 -12 -13 -14 -15
leaf_value=-0.066573163009604405 -0.0005655349246253739 -0.045830444442330837 -0.045683160137779288 -0.061615537046646032 0.011332751719779656 -0.0097287437657786364 0.00176092596161853 0.017635123766417456 -0.0081952073462977938 0.0086838886951593388 0.023789372306627334 -0.00063526742930923553 0.0012253286870286652 -0.020430742828274923
leaf_weight=41.918536998331547 163.32001882791519 64.350991573184729 101.60872975736856 27.056199364364147 171.34905007109046 259.51720150187612 48.164403568953276 140.64474840462208 475.37126810476184 637.76344680786133 314.48010402545333 25.325396403670311 4.9077808111906043 9.9783745110034925
leaf_count=242 916 406 579 152 938 1473 270 803 2705 3535 1737 151 28 56
internal_value=-0.000580653 -0.01118 0.00241157 -0.0125335 0.0011258 -0.00621054 -0.0305155 -9.11912e-05 0.00568813 0.00147468 0.0154807 -0.0332147 -0.0531839 -0.0582552
internal_weight=2485.76 546.643 1939.11 348.178 198.405 489.838 149.773 400.162 1590.93 1113.13 477.8 89.6764 56.8047 51.8969
internal_count=13991 3159 10832 1939 1090 2833 849 2276 8893 6240 2653 557 326 298
is_linear=0
shrinkage=0.05


Tree=40
num_leaves=15
num_cat=4
split_feature=0 0 1 39 39 34 34 21 39 0 25 34 12 10
split_gain=201.561 38.2334 35.9136 30.9201 38.8086 38.3918 23.2627 20.7622 7.54514 8.60409 6.93898 4.99478 5.08607 2.05412
threshold=0 1 2 15.050000000000002 16.000000000000004 23.850000000000005 20.950000000000003 24.550000000000004 25.100000000000005 3 8.5020835000000012 19.200000000000003 82.500000000000014 70.437500000000014
decision_type=1 1 1 2 2 2 2 2 2 1 2 2 2 2
left_child=8 2 6 5 -5 -3 -2 -4 11 10 -10 13 -13 -1
right_child=1 3 7 4 -6 -7 -8 -9 9 -11 -12 12 -14 -15
leaf_value=0.019876081584457774 -0.045765709201077955 -0.0039330562906014881 0.042256209868081013 0.034931918527744098 0.00059298568945651865 -0.068216203637856854 0.0087224416779621405 0.010265151451824196 0.043216990793196984 -0.037772689499569384 -0.010834818570449507 -0.045308191270758975 0.035657177418847073 -0.028766466469839758
leaf_weight=4.0320849865674964 20.140220880508423 69.015324980020523 148.85426336526871 86.069490298628807 1496.5173417627811 34.110698014497757 267.23555392026901 77.871350273489952 6.7446821108460453 23.497821152210236 24.468439877033234 238.38115207478404 1.2648869901895512 2.8182287663221359
leaf_count=26 86 289 805 352 6257 150 1092 356 51 292 235 4018 16 30
internal_value=-0.000897761 0.00442058 0.0162141 0.000742034 0.0024814 -0.0256467 0.00475828 0.0313619 -0.0384978 -0.0223353 0.00139189 -0.0435359 -0.0447344 -0.00125075
internal_weight=2501.02 2199.81 514.101 1685.71 1582.59 103.126 287.376 226.726 301.207 54.7109 31.2131 246.496 239.646 6.85031
internal_count=14055 9387 2339 7048 6609 439 1178 1161 4668 578 286 4090 4034 56
cat_boundaries=0 1 2 3 4
cat_threshold=48 4 1 32
is_linear=0
shrinkage=0.05


Tree=41
num_leaves=13
num_cat=3
split_feature=0 34 34 39 36 0 4 36 0 33 39 26
split_gain=186.824 34.4263 67.2393 69.17 47.7164 13.2223 25.7757 20.1271 9.67505 11.3602 12.1353 11.5416
threshold=0 25.250000000000004 24.550000000000004 19.150000000000002 94.500000000000014 1 0.71503381463111937 93.500000000000014 2 32.250000000000007 20.650000000000002 11.65
decision_type=1 2 2 2 2 1 2 2 1 2 2 2
left_child=8 2 4 -4 -2 6 -3 -7 9 10 -1 -11
right_child=1 5 3 -5 -6 7 -8 -9 -10 11 -12 -13
leaf_value=-0.030855554220042061 -0.012258899220716726 0.059964901817866789 -0.059813383351575058 -0.0041798040962520563 0.0099881856853863069 0.054286820453121422 -0.024529284503058458 0.013941471053024835 -0.049743011931446757 0.078050762126349538 0.014258152437116126 -0.038042925356081669
leaf_weight=27.651235960423946 287.50070741772652 11.417317986488341 77.998735904693604 191.41751876473427 1466.6524648964405 66.925694584846497 32.05304379761219 58.408873677253723 138.28376076743007 1.2882673367857922 30.189656246453524 93.743599772453308
leaf_count=465 1276 47 348 799 6231 294 131 244 2336 16 369 1485
internal_value=-0.00050243 0.00455782 0.00276258 -0.0204479 0.00633704 0.0262039 -0.00121468 0.0331223 -0.0373677 -0.0235858 -0.00746663 -0.0356728
internal_weight=2483.53 2192.37 2023.57 269.416 1754.15 168.805 43.4704 125.335 291.157 152.873 57.8409 95.0319
internal_count=14041 9370 8654 1147 7507 716 178 538 4671 2335 834 1501
cat_boundaries=0 1 2 3
cat_threshold=48 2 32
is_linear=0
shrinkage=0.05


Tree=42
num_leaves=13
num_cat=3
split_feature=0 39 38 35 44 34 5 37 0 39 1 33
split_gain=175.486 34.5956 83.5926 83.5646 57.0125 63.024 46.4763 43.0527 10.4881 12.8912 14.1338 11.1721
threshold=0 19.450000000000003 7.9761905000000004 87.306547500000008 45.20000000000001 21.700000000000006 -0.36648370705903521 66.500000000000014 1 25.350000000000005 2 33.45000000000001
decision_type=1 2 2 2 2 2 2 2 1 2 1 2
left_child=8 2 3 -2 5 -3 -4 -6 9 11 -11 -1
right_child=1 4 6 -5 7 -7 -8 -9 -10 10 -12 -13
leaf_value=-0.019385369012280395 0.010466483319620669 -0.016039960312909485 -0.067357972457237472 -0.036879536098665518 -0.023716196488060243 0.019271645182926053 -0.0086611519664511229 0.021880661380946628 -0.049474251795675682 0.044044059402246212 -0.028770131500681768 -0.050827727520738587
leaf_weight=81.764073457568884 612.00492997467518 145.4929151237011 70.197843730449677 108.91102653741837 192.00855015218258 927.41166073083878 64.714607372879982 69.862882748246193 133.91033338755369 12.542076617479324 12.172999568283558 44.114901598542929
leaf_count=1329 2606 678 310 463 828 3911 285 295 2357 104 103 814
internal_value=-0.000539702 0.00432094 -0.00350405 0.00327259 0.00936937 0.0144727 -0.0394733 -0.0115148 -0.0367148 -0.0227734 0.00845648 -0.0307182
internal_weight=2475.11 2190.6 855.828 720.916 1334.78 1072.9 134.912 261.871 284.504 150.594 24.7151 125.879
internal_count=14083 9376 3664 3069 5712 4589 595 1123 4707 2350 207 2143
cat_boundaries=0 1 2 3
cat_threshold=48 32 1
is_linear=0
shrinkage=0.05


Tree=43
num_leaves=13
num_cat=3
split_feature=0 34 34 33 36 0 4 0 33 33 38 4
split_gain=167.868 33.229 31.3742 50.5015 36.15 12.439 12.8513 9.41086 13.5594 16.7753 10.1666 8.29099
threshold=0 25.950000000000003 24.550000000000004 33.95000000000001 95.500000000000014 1 0.79383249484937135 2 33.45000000000001 33.350000000000001 12.614880500000002 0.72695311118111527
decision_type=1 2 2 2 2 1 2 1 2 2 2 2
left_child=7 2 4 -4 -2 11 -7 8 9 -1 -10 -3
right_child=1 5 3 -5 -6 6 -8 -9 10 -11 -12 -13
leaf_value=-0.015558246219840317 -0.0089120043100127389 0.0035816931914731879 -0.032111191551453387 0.0060866074060699623 0.0094562396925795458 0.053514451694771009 -0.0076453163554251486 -0.049078480389564 -0.051362147505218086 0.12194877624455802 0.017384536947860789 0.072435386485724715
leaf_weight=90.955621868371964 329.61163248121738 5.1065188646316519 151.0303458571434 200.23943297564983 1413.2772317528725 10.573122695088385 32.580434873700142 127.39252815768123 47.904895327985287 1.2812063395977009 5.5556014291942111 34.597162753343582
leaf_count=1394 1481 22 650 845 5988 45 138 2354 862 14 53 159
internal_value=-0.000248534 0.00444845 0.00323141 -0.0103813 0.00597936 0.0353334 0.00669571 -0.0364056 -0.0226575 -0.0123608 -0.04403 0.0512855
internal_weight=2450.11 2177.02 2094.16 351.27 1742.89 82.8572 43.1536 273.09 145.697 92.2368 53.4605 39.7037
internal_count=14005 9328 8964 1495 7469 364 183 4677 2323 1408 915 181
cat_boundaries=0 1 2 3
cat_threshold=48 5 32
is_linear=0
shrinkage=0.05


Tree=44
num_leaves=12
num_cat=2
split_feature=0 44 38 25 44 0 2 4 38 5 14
split_gain=156.477 31.9938 36.9549 36.6017 34.9861 10.9227 12.1242 22.1532 13.912 4.55688 0.434676
threshold=0 52.000000000000007 11.730059500000001 6.8013890000000012 45.20000000000001 1 5.5000000000000009 0.21022171450811272 12.614880500000002 -0.34234976856068172 22.350000000000005
decision_type=1 2 2 2 2 1 2 2 2 2 2
left_child=5 2 3 -2 -4 6 8 -8 -1 10 -3
right_child=1 9 4 -5 -6 -7 7 -9 -10 -11 -12
leaf_value=-0.048494488410665428 0.013802761977943874 -0.017169121787616586 0.044939436568779356 -0.0012695855893564815 0.0039927891534131052 -0.048760521828449428 -0.020587288825235524 0.052413816793376228 0.025303397068195704 -0.067911981905550603 -0.037175340438826941
leaf_weight=53.242760218679905 568.28629742562771 10.33697427809239 107.60352152585983 1376.7424827218056 100.79969954490662 120.8508992344141 75.220097839832306 11.061776313930748 6.6130824685096732 13.04299174249172 6.0447502285242072
leaf_count=1033 2396 46 466 5922 436 2321 1149 134 59 57 27
internal_value=7.40417e-05 0.00455152 0.00528938 0.00313899 0.0252482 -0.0352673 -0.0214767 -0.0107349 -0.0400592 -0.0463513 -0.0262653
internal_weight=2449.85 2182.86 2153.43 1945.03 208.403 266.989 146.138 86.2819 59.8558 29.4247 16.3817
internal_count=14046 9350 9220 8318 902 4696 2375 1283 1092 130 73
cat_boundaries=0 1 2
cat_threshold=48 32
is_linear=0
shrinkage=0.05


Tree=45
num_leaves=13
num_cat=4
split_feature=0 0 34 1 4 34 2 21 0 2 4 38
split_gain=142.597 34.8983 31.0913 29.1671 27.7388 23.1905 22.1575 13.6784 9.54574 11.2254 12.7191 11.4686
threshold=0 1 20.250000000000004 2 0.84313847884979054 24.450000000000003 4.5000000000000009 18.800000000000004 3 5.5000000000000009 0.15951094710994368 13.234821500000002
decision_type=1 1 2 1 2 2 2 2 1 2 2 2
left_child=8 3 7 6 -4 -5 -2 -3 9 11 -11 -1
right_child=1 2 4 5 -6 -7 -8 -9 -10 10 -12 -13
leaf_value=-0.045366503161282164 0.023069211748803171 0.017319756525196461 0.0042385431882543253 0.038261421802668033 -0.011845828141627154 0.0022269559154566151 -0.0061494074315149392 -0.052302237037413657 -0.048486862216091858 -0.019826701208619988 0.031883947641692223 0.046683329166785845
leaf_weight=54.434760067611933 99.344451248645782 8.0765235573053342 1290.1932700574398 161.63114500045776 337.28459131717682 61.724040389060974 182.77448639273643 38.480317324399948 117.03952456265688 70.770865611732006 13.321577854454516 2.816311437636613
leaf_count=1067 414 35 5340 905 1439 271 749 198 2350 1096 161 27
internal_value=-0.00098674 0.00324343 -0.000262421 0.0146124 0.000899931 0.0283576 0.00418468 -0.0401142 -0.0353077 -0.0216818 -0.0113565 -0.0401147
internal_weight=2437.89 2179.51 1674.03 505.474 1627.48 223.355 282.119 46.5568 258.383 141.344 84.0924 57.2511
internal_count=14052 9351 7012 2339 6779 1176 1163 233 4701 2351 1257 1094
cat_boundaries=0 1 2 3 4
cat_threshold=48 4 1 32
is_linear=0
shrinkage=0.05


Tree=46
num_leaves=13
num_cat=4
split_feature=0 0 38 1 8 39 44 8 0 44 44 33
split_gain=146.888 30.9594 29.0762 27.9025 24.5977 23.5582 18.9379 18.3633 8.54066 10.2013 14.9944 11.0435
threshold=0 1 11.730059500000001 2 30.150000000000002 24.650000000000002 52.000000000000007 33.350000000000001 3 46.250000000000007 46.600000000000001 33.45000000000001
decision_type=1 1 2 1 2 2 2 2 1 2 2 2
left_child=8 3 4 7 -3 -4 -5 -2 9 11 -11 -1
right_child=1 2 5 6 -6 -7 -8 -9 -10 10 -12 -13
leaf_value=-0.017181366452043559 -0.0027871831437440726 -0.01664984413947216 0.042688144347331848 0.030684861178003286 0.0014317776585909723 0.0050258544705129348 -0.0690469920389047 0.026051457084780003 -0.048253690811905156 0.10381086986923536 -0.0089754616676447092 -0.049422719094799394
leaf_weight=73.785469274967909 207.20866930484772 219.00522461533546 69.569953337311745 217.34817664325237 1295.6551447957754 101.62389172613621 3.95165030658245 74.167321249842644 113.61574705690145 2.4532539099454906 19.306512985378504 42.180343698710203
leaf_count=1251 846 909 291 1167 5431 433 17 317 2374 23 204 864
internal_value=8.26674e-05 0.00429989 0.00101467 0.0150601 -0.00119191 0.0204901 0.0286014 0.00487967 -0.0352821 -0.0218038 0.00774283 -0.0292308
internal_weight=2439.87 2188.53 1685.85 502.676 1514.66 171.194 221.3 281.376 251.341 137.726 21.7598 115.966
internal_count=14127 9411 7064 2347 6340 724 1184 1163 4716 2342 227 2115
cat_boundaries=0 1 2 3 4
cat_threshold=48 4 1 32
is_linear=0
shrinkage=0.05


Tree=47
num_leaves=15
num_cat=1
split_feature=6 5 22 44 39 6 39 34 26 32 5 1 23 38
split_gain=31.1231 43.6489 27.8615 26.3073 28.9933 25.362 23.6414 23.5729 23.1197 10.6374 10.6092 8.9192 6.97681 7.76307
threshold=2.5000000000000004 -0.83375966452616657 89.020833500000023 47.350000000000009 19.550000000000004 1.5000000000000002 26.250000000000004 22.750000000000004 21.750000000000004 26.401488000000004 0.65720762023595369 0 98.500000000000014 11.053273500000001
decision_type=2 2 2 2 2 2 2 2 2 2 2 1 2 2
left_child=1 12 3 4 -2 7 -5 -3 9 -4 -7 -10 13 -1
right_child=2 5 8 6 -6 10 -8 -9 11 -11 -12 -13 -14 -15
leaf_value=-0.068853104503606877 -0.0014988613946456258 -0.017105151296873133 -0.012364183324247269 -0.04277157984778162 0.011658576877085871 -0.051448714552615071 -8.2984361535511913e-05 0.0074616956039501876 0.061081274515540157 -0.061340122573297212 -0.0059720546208222938 -0.012036690110629369 -0.012507338628701632 -0.0124134134884928
leaf_weight=39.066139210015535 775.95190154016018 153.68694012239575 17.31348005309701 53.520556524395943 907.8636288382113 38.650171801447868 80.067501544952393 263.83347014710307 7.1151036024093628 33.13221450522542 19.382599778473377 8.02139814943075 9.9823703169822675 7.7735481746494761
leaf_count=240 4509 951 97 307 5220 240 435 1544 42 191 120 44 57 45
internal_value=-0.000280015 -0.0109425 0.00273879 0.00390059 0.00559795 -0.00594165 -0.0173764 -0.00160049 -0.029032 -0.0450981 -0.0366182 0.0239887 -0.0519689 -0.0599416
internal_weight=2415.36 532.375 1882.99 1817.4 1683.82 475.553 133.588 417.52 65.5822 50.4457 58.0328 15.1365 56.8221 46.8397
internal_count=14042 3197 10845 10471 9729 2855 742 2495 374 288 360 86 342 285
cat_boundaries=0 1
cat_threshold=2
is_linear=0
shrinkage=0.05


Tree=48
num_leaves=15
num_cat=3
split_feature=0 34 5 26 34 7 39 1 32 5 34 1 12 5
split_gain=136.463 31.2921 29.4822 75.4816 62.5136 11.1043 9.26231 11.0581 10.8095 10.6521 6.54238 5.90483 5.79687 2.72797
threshold=0 20.250000000000004 0.3484035575467645 14.65 23.750000000000004 25.350000000000005 25.350000000000005 1 26.570536000000001 0.26659387353423863 19.200000000000003 2 82.500000000000014 0.99895983886342388
decision_type=1 2 2 2 2 2 2 1 2 2 2 1 2 2
left_child=6 5 3 -3 -4 11 10 9 -9 -8 -1 -2 -12 -7
right_child=1 2 4 -5 -6 13 7 8 -10 -11 12 -13 -14 -15
leaf_value=0.011529801824134244 0.03758077943978412 -0.031199408699576339 0.0088718953286863293 0.0050967369504035503 0.062042115518089892 -0.047590041653533435 0.035879658563563198 0.045888995858019949 -0.053875741303212758 -0.046317515321298457 -0.042321608076045729 -0.023522816836216289 0.048267676590380844 -0.011398534469587452
leaf_weight=5.5608603134751311 6.9937292188405973 161.06689883768559 661.79199333488941 1231.9880568087101 59.386303633451462 39.621011823415756 13.90317674726248 2.441741447895768 15.915835231542586 4.4150717817246905 199.79626509919763 6.8822235763072968 0.99579392001032729 6.8304805755615225
leaf_count=52 31 711 2860 5246 250 210 146 24 185 53 4233 33 15 31
internal_value=6.26714e-05 0.00409374 0.0051316 0.000880758 0.0133301 -0.0311021 -0.0346242 -0.0124618 -0.0389209 0.0146964 -0.040154 0.00773049 -0.0416354 -0.0426206
internal_weight=2417.59 2174.56 2114.23 1393.05 721.178 60.3274 243.029 36.6758 18.3576 18.3182 206.353 13.876 200.792 46.4515
internal_count=14080 9372 9067 5957 3110 305 4708 408 209 199 4300 64 4248 241
cat_boundaries=0 1 2 3
cat_threshold=48 1 1
is_linear=0
shrinkage=0.05


Tree=49
num_leaves=13
num_cat=2
split_feature=0 6 5 8 44 25 34 0 5 4 39 23
split_gain=121.2 30.2097 38.0471 28.3866 29.8555 27.5971 19.8797 11.5284 11.7285 16.7583 10.9428 6.68808
threshold=0 2.5000000000000004 -0.83375966452616657 30.850000000000005 45.20000000000001 11.137500000000001 24.550000000000004 1 -0.8611288361322974 0.15951094710994368 25.350000000000005 98.500000000000014
decision_type=1 2 2 2 2 2 2 1 2 2 2 2
left_child=7 2 11 6 -5 -4 -3 8 9 -1 -10 -2
right_child=1 3 5 4 -6 -7 -8 -9 10 -11 -12 -13
leaf_value=-0.023422061250036243 -0.057011121562639135 0.00010751921047182999 -0.010495622253927618 0.013932359150162289 -0.01131297657553167 0.01741138652765839 -0.034646916517824505 -0.047685615509564357 -0.036358078163067936 0.04697655611349999 0.0098183222224189331 -0.0076472444147579191
leaf_weight=19.990791965276003 40.307821407914162 469.5171200633049 309.07892015576363 1052.6581106334925 131.002695530653 123.03659334778786 44.097608759999275 104.51057752966881 81.143220908939838 13.167925998568533 14.764806121587752 8.635393559932707
leaf_count=283 187 1996 1378 4499 562 541 188 2363 1736 164 128 37
internal_value=-6.1673e-06 0.00372313 -0.0073093 0.00687444 0.0111311 -0.00252778 -0.00293793 -0.0333885 -0.0189758 0.00509131 -0.0292214 -0.048629
internal_weight=2411.91 2178.33 481.059 1697.28 1183.66 432.116 513.615 233.577 129.067 33.1587 95.908 48.9432
internal_count=14062 9388 2143 7245 5061 1919 2184 4674 2311 447 1864 224
cat_boundaries=0 1 2
cat_threshold=48 32
is_linear=0
shrinkage=0.05


Tree=50
num_leaves=12
num_cat=3
split_feature=0 34 39 38 44 0 36 0 2 38 34
split_gain=106.868 27.1232 35.508 93.2067 53.5879 31.5351 40.7202 13.2357 14.5587 14.9678 8.68853
threshold=0 20.950000000000003 19.450000000000003 7.9011905000000011 45.20000000000001 1 96.500000000000014 2 5.5000000000000009 12.614880500000002 23.450000000000003
decision_type=1 2 2 2 2 1 2 1 2 2 2
left_child=7 5 3 -3 -4 -2 -7 8 9 -1 -10
right_child=1 2 4 -5 -6 6 -8 -9 10 -11 -12
leaf_value=-0.049302566920802794 -0.052567232163489547 0.0041130917480075154 0.015100413560654806 -0.042225276651935179 -0.010382306113136914 -0.039927871893844641 0.022725482642100826 -0.047296543609842041 0.018550422410955357 0.034429165071276711 -0.016546787205216611
leaf_weight=44.293201539665461 33.860876776278019 639.43452461063862 1004.6348668783903 129.66789364814758 258.79341046512127 41.454969167709351 65.645621091127396 98.712078884243965 24.965745124965906 5.3364366851747027 54.178422946482897
leaf_count=1028 178 2717 4272 580 1120 217 293 2332 424 48 845
internal_value=-0.000236944 0.00323468 0.00472328 -0.00374408 0.0098766 -0.0178837 -0.00152906 -0.0320156 -0.0175016 -0.0397971 -0.00538218
internal_weight=2400.98 2173.49 2032.53 769.102 1263.43 140.961 107.101 227.486 128.774 49.6296 79.1442
internal_count=14054 9377 8689 3297 5392 688 510 4677 2345 1076 1269
cat_boundaries=0 1 2 3
cat_threshold=48 2 32
is_linear=0
shrinkage=0.05


Tree=51
num_leaves=13
num_cat=3
split_feature=0 0 5 36 39 44 33 0 33 44 38 4
split_gain=100.777 26.5084 35.2877 42.0976 31.6932 28.7952 12.9779 11.0702 10.0946 9.56163 9.31897 2.63412
threshold=0 1 0.90070004940655357 99.500000000000014 27.450000000000006 48.800000000000004 32.550000000000004 2 32.250000000000007 39.400000000000013 12.614880500000002 -0.40614700388750385
decision_type=1 1 2 2 2 2 2 1 2 2 2 2
left_child=7 4 3 -3 5 -2 -4 8 9 -1 -10 -6
right_child=1 2 6 -5 11 -7 -8 -9 10 -11 -12 -13
leaf_value=-0.024294797886611947 0.0078983051738413888 -0.0048700358723196106 -0.0083883394170148774 0.02110699826335885 0.019104878333843129 -0.046145370416452378 -0.040337139179805054 -0.047008948358462692 -0.036789126092029105 0.01784811360789431 0.021652657016224441 0.063918691101955166
leaf_weight=25.150157101452351 1010.0858744680882 785.67024478316307 54.811901092529297 193.52851358056068 4.9666767269372967 24.278812393546104 76.840106509625912 94.481009731069207 68.869714619591832 26.75006502866745 6.9073572866618624 25.592515602707863
leaf_count=505 4469 3321 243 785 22 103 340 2321 1438 348 65 113
internal_value=-0.000916202 0.00242362 -0.00297118 0.000280352 0.00802391 0.00658644 -0.0271991 -0.0321576 -0.0183105 -0.00264699 -0.0312493 0.0574714
internal_weight=2397.93 2175.77 1110.85 979.199 1064.92 1034.36 131.652 222.158 127.677 51.9002 75.7771 30.5592
internal_count=14073 9396 4689 4106 4707 4572 583 4677 2356 853 1503 135
cat_boundaries=0 1 2 3
cat_threshold=48 12 32
is_linear=0
shrinkage=0.05


Tree=52
num_leaves=13
num_cat=5
split_feature=0 22 34 40 0 26 0 39 1 5 1 32
split_gain=100.401 24.2196 25.937 28.2243 27.4491 18.8183 10.8561 12.2203 13.6461 10.8287 10.0676 7.74179
threshold=0 89.020833500000023 20.950000000000003 0.75000000000000011 1 21.750000000000004 2 25.350000000000005 3 -0.8611288361322974 4 26.401488000000004
decision_type=1 2 2 2 1 2 1 2 1 2 1 2
left_child=6 2 4 -4 -2 11 7 9 -9 -1 -7 -3
right_child=1 5 3 -5 -6 10 -8 8 -10 -11 -12 -13
leaf_value=0.0017357396842945503 -0.050649757948664477 -0.013632121625327721 0.025952924627997639 0.0036222341272629031 -0.0019420256347440811 -0.01925059230014467 -0.046769775184415746 0.048232334913334764 -0.025805472969772071 -0.036006703486297517 0.061630857976682933 -0.05815747025653635
leaf_weight=24.996193528175354 31.176109664142132 15.377774417400358 152.55624184012413 1810.8018620461226 107.79775492846966 6.9709620177745801 92.04837754368782 11.945351593196392 11.096093527972698 77.121423937380314 6.6975497156381607 29.894336685538292
leaf_count=377 169 65 669 7740 515 28 2365 102 102 1768 29 132
internal_value=-0.000333281 0.00298399 0.00388958 0.0053697 -0.0169097 -0.0283454 -0.0318793 -0.0180343 0.0129875 -0.0268409 0.0218809 -0.0436548
internal_weight=2378.48 2161.27 2102.33 1963.36 138.974 58.9406 217.207 125.159 23.0414 102.118 13.6685 45.2721
internal_count=14061 9347 9093 8409 684 254 4714 2349 204 2145 57 197
cat_boundaries=0 1 2 3 4 5
cat_threshold=48 2 32 1 1
is_linear=0
shrinkage=0.05


Tree=53
num_leaves=13
num_cat=3
split_feature=0 39 5 34 2 39 0 0 2 4 38 43
split_gain=90.4614 27.0819 73.0627 72.928 45.5295 37.9321 22.3186 11.4621 10.1884 13.0015 11.9154 10.0632
threshold=0 19.450000000000003 0.097680735332368721 23.150000000000002 1.5000000000000002 19.750000000000004 1 2 5.5000000000000009 0.15951094710994368 12.222916500000002 3.3500000000000005
decision_type=1 2 2 2 2 2 1 1 2 2 2 2
left_child=7 2 3 -2 11 -6 -4 8 10 -10 -1 -3
right_child=1 4 6 -5 5 -7 -8 -9 9 -11 -12 -13
leaf_value=-0.048450486857327182 0.058328130056559395 -0.014712151581366129 -0.0094569079326421099 -0.025315416610556397 0.04423806032922941 0.0071082728331559736 0.016258414024480729 -0.046400182719274881 -0.016559012842918799 0.036401187835757361 0.016174161585338596 -0.052105315824019782
leaf_weight=37.845763737335801 27.036872953176498 43.978791959583759 107.69667309522629 379.89365716278553 72.121300965547562 1177.3170706704259 319.96406352519989 87.599255373701453 63.809944421052933 13.138839364051817 8.2187058068811876 30.872928753495216
leaf_count=984 115 213 455 1653 304 5064 1388 2362 1116 161 92 148
internal_value=-0.00055987 0.00255284 -0.00448628 -0.0196287 0.00700832 0.00928518 0.00993431 -0.0309844 -0.0170991 -0.00716519 -0.0368216 -0.0306187
internal_weight=2369.49 2158.88 834.591 406.931 1324.29 1249.44 427.661 210.613 123.013 76.9488 46.0645 74.8517
internal_count=14055 9340 3611 1768 5729 5368 1843 4715 2353 1277 1076 361
cat_boundaries=0 1 2 3
cat_threshold=48 2 32
is_linear=0
shrinkage=0.05


Tree=54
num_leaves=13
num_cat=4
split_feature=0 0 5 34 39 4 33 0 5 1 35 31
split_gain=84.5788 27.7995 37.1868 60.105 32.1584 29.8482 26.9068 11.4607 10.3249 21.8 11.0367 2.76927
threshold=0 1 -0.6523320455745395 24.550000000000004 27.450000000000006 -0.37447345805034538 31.250000000000004 2 0.98332250088165762 3 83.351190500000016 37.600000000000001
decision_type=1 1 2 2 2 2 2 1 2 1 2 2
left_child=7 4 3 -3 5 -2 -4 8 10 -10 -1 -6
right_child=1 2 6 -5 11 -7 -8 -9 9 -11 -12 -13
leaf_value=-0.039533933227860446 0.018780782324739696 0.026836627885089837 -0.034530131572510718 -0.017127814608859607 0.019195279668935736 0.00074587319222515147 -0.005638590599879755 -0.046077566590851521 -0.044843719974930231 0.11300095919521601 -0.0079048189306923557 0.064328745779129393
leaf_weight=47.908916043117642 345.06212428212166 212.84325382113457 90.548218265175819 121.29576079547405 5.1173967123031643 680.91448284685612 678.94223739951849 83.555532364174724 3.509808585047721 3.4431881718337536 64.72846876271069 25.916956558823586
leaf_count=1096 1523 865 383 529 23 3029 2891 2340 54 52 1128 114
internal_value=-0.000424644 0.0025354 -0.0030063 0.0108736 0.00829289 0.00682385 -0.00907875 -0.0304006 -0.0164889 0.0377025 -0.0215874 0.057718
internal_weight=2363.79 2160.64 1103.63 334.139 1057.01 1025.98 769.49 203.146 119.59 6.953 112.637 31.0344
internal_count=14027 9357 4668 1394 4689 4552 3274 4670 2330 106 2224 137
cat_boundaries=0 1 2 3 4
cat_threshold=48 12 32 1
is_linear=0
shrinkage=0.05


Tree=55
num_leaves=9
num_cat=2
split_feature=0 0 4 37 39 44 33 4
split_gain=78.3721 28.2959 31.8884 50.7529 28.0589 24.6449 17.0356 1.83605
threshold=0 1 -0.94139628442229051 55.500000000000007 27.450000000000006 48.800000000000004 32.45000000000001 0.97314989601849466
decision_type=1 1 2 2 2 2 2 2
left_child=-1 4 6 -4 5 -2 -3 -6
right_child=1 2 3 -5 7 -7 -8 -9
leaf_value=-0.045698152871418311 0.0076717378573572569 -0.032982251084861074 -0.010770043653153524 0.010635044276005869 0.06546845166282432 -0.04247642583105693 0.043307109544881928 0.033993271358179172
leaf_weight=79.153680155053735 1000.1629568636417 109.79896363988519 589.11017389409244 520.80233324319124 18.382074192166332 24.1314667314291 6.9893802106380454 11.444343313574789
leaf_count=2315 4442 609 3511 2880 80 103 38 53
internal_value=2.99549e-05 0.00182849 -0.00332433 -0.000725639 0.00779733 0.00645002 -0.0280877 0.054886
internal_weight=2359.98 2280.82 1226.7 1109.91 1054.12 1024.29 116.788 29.8264
internal_count=14031 11716 7038 6391 4678 4545 647 133
cat_boundaries=0 1 2
cat_threshold=16 12
is_linear=0
shrinkage=0.05


Tree=56
num_leaves=9
num_cat=3
split_feature=0 0 1 4 33 32 35 34
split_gain=72.9122 29.9295 28.2479 21.8445 44.8466 34.5335 20.557 17.4526
threshold=0 1 2 0.85226249403558707 37.100000000000009 27.103274000000003 87.824405000000013 24.450000000000003
decision_type=1 1 1 2 2 2 2 2
left_child=-1 2 6 5 -5 -3 -2 -4
right_child=1 3 7 4 -6 -7 -8 -9
leaf_value=-0.045432214469911102 0.0058354847354919678 -0.0069379719465629056 0.034900908356269342 -0.023383194899277517 0.018699646477845108 0.008491808597929881 -0.042208488051338436 0.0027528597461243328
leaf_weight=76.629893101751804 255.52586916089058 729.72621968574822 150.73118028044701 261.9054382070899 82.560221562162042 718.87421112135053 23.382498294115067 58.743663862347603
leaf_count=2337 1068 3825 901 1402 425 3752 95 264
internal_value=-0.000676171 0.00104084 0.0118703 -0.0019632 -0.013272 0.000719699 0.00167128 0.0259414
internal_weight=2358.08 2281.45 488.383 1793.07 344.466 1448.6 278.908 209.475
internal_count=14069 11732 2328 9404 1827 7577 1163 1165
cat_boundaries=0 1 2 3
cat_threshold=16 4 1
is_linear=0
shrinkage=0.05


Tree=57
num_leaves=15
num_cat=2
split_feature=10 6 5 24 38 38 32 38 19 1 35 1 5 13
split_gain=21.4141 22.5292 32.4583 23.1208 20.7952 27.2871 11.9954 8.3838 4.96469 1.85812 1.63465 0.694583 0.607274 0.540051
threshold=90.125000000000014 2.5000000000000004 -0.83375966452616657 61.500000000000007 14.349107500000001 11.730059500000001 26.570536000000001 6.8250000000000011 26.179167000000003 0 88.145833500000023 1 -0.88620506325989179 8.8000000000000025
decision_type=2 2 2 2 2 2 2 2 2 1 2 1 2 2
left_child=1 2 7 -4 5 -3 8 -1 11 -10 13 -2 -6 -8
right_child=6 4 3 -5 12 -7 10 -9 9 -11 -12 -13 -14 -15
leaf_value=0.0034380399852802033 0.027308927084040254 0.0017311328098827768 -0.008738871821416706 0.025432332421790112 -0.022205402179883659 0.024323819152499558 -0.068944163348990381 -0.05347924966515688 -0.046531752754019502 -0.0046927151685392313 -0.019031162330559369 0.0023763645643973068 -0.053088813515342184 -0.036087472418830917
leaf_weight=7.3814719542860976 5.9247344769537467 1626.9069751054049 401.85402056388557 55.459756379947066 4.1315006427466896 144.63152511045337 15.38124905340374 45.449243163689971 5.5658158846199495 4.8702353797852993 3.6677224934101096 5.0300985295325518 14.782597213983534 5.5613790452480307
leaf_count=44 32 9616 2507 328 24 841 91 292 32 32 21 32 91 32
internal_value=-0.000304936 0.000377464 -0.00888172 -0.00454838 0.00301912 0.00358832 -0.0337148 -0.0456107 -0.00578939 -0.0291242 -0.0568133 0.0170171 -0.0477966 -0.0622612
internal_weight=2346.6 2300.6 510.144 457.314 1790.45 1771.54 46.0012 52.8307 21.3909 10.4361 24.6104 10.9548 18.9141 20.9426
internal_count=14015 13743 3171 2835 10572 10457 272 336 128 64 144 64 115 123
cat_boundaries=0 1 2
cat_threshold=1 1
is_linear=0
shrinkage=0.05


Tree=58
num_leaves=13
num_cat=4
split_feature=0 34 22 26 44 0 33 20 26 31 1 1
split_gain=72.246 25.3137 24.101 23.1013 22.761 10.5396 14.2288 11.3769 8.57983 6.62899 8.55738 1.03578
threshold=0 20.250000000000004 89.020833500000023 21.750000000000004 52.000000000000007 1 32.250000000000007 31.750000000000004 11.65 27.900000000000002 2 3
decision_type=1 2 2 2 2 1 2 2 2 2 1 1
left_child=5 9 4 -4 -3 6 7 -1 -8 10 -2 -11
right_child=1 2 3 -5 -6 -7 8 -9 -10 11 -12 -13
leaf_value=-0.011045742804985291 0.010592941163609627 0.0048219652029463742 -0.045613380778166422 0.027003462153803767 -0.039040341029741368 -0.045124765267465478 0.074572447025623836 0.042098081809401944 -0.034166820680648712 -0.05890521677424812 -0.040493207155678529 -0.03285368260661789
leaf_weight=35.923949982970953 16.654871389269829 2004.848277375102 44.223633378744125 13.712706446647642 29.02852226793766 73.503494214266539 0.95119097456335922 12.855660606175659 67.781290931627154 13.770092859864235 14.548959061503412 12.674473665654659
leaf_count=627 74 8667 195 58 132 2338 10 206 1501 80 71 78
internal_value=-0.000328807 0.00234783 0.0032656 -0.0282595 0.00417706 -0.02892 -0.0157891 0.00352442 -0.0316141 -0.0300418 -0.013744 -0.0480712
internal_weight=2340.48 2149.46 2091.81 57.9363 2033.88 191.016 117.512 48.7796 68.7325 57.6484 31.2038 26.4446
internal_count=14037 9355 9052 253 8799 4682 2344 833 1511 303 145 158
cat_boundaries=0 1 2 3 4
cat_threshold=48 32 1 1
is_linear=0
shrinkage=0.05


Tree=59
num_leaves=9
num_cat=1
split_feature=0 6 5 6 43 6 44 23
split_gain=68.2895 22.8278 39.9566 27.6782 33.4265 27.0553 22.9019 5.77592
threshold=0 2.5000000000000004 -0.83375966452616657 27.000000000000004 9.6000000000000032 1.5000000000000002 48.800000000000004 98.500000000000014
decision_type=1 2 2 2 2 2 2 2
left_child=-1 2 7 6 -5 -4 -3 -2
right_child=1 3 5 4 -6 -7 -8 -9
leaf_value=-0.044747402813898773 -0.057351724088583279 0.0089973926427861766 0.0019226900169523296 -0.072590975211173969 -0.0045203836977597053 -0.035703246029524224 -0.021394899148854254 -0.012406826243074808
leaf_weight=69.75378030538559 40.623939573764801 1386.0943595021963 395.94414725899696 18.20691329613328 298.9159166123718 53.320499166846275 63.953571191057563 9.411966457962988
leaf_count=2310 230 7105 2097 94 1507 298 325 47
internal_value=0.000442598 0.00204085 -0.00738077 0.00471706 -0.00864441 -0.00261228 0.00764314 -0.0493062
internal_weight=2336.23 2266.47 499.301 1767.17 317.123 449.265 1450.05 50.0359
internal_count=14013 11703 2672 9031 1601 2395 7430 277
cat_boundaries=0 1
cat_threshold=16
is_linear=0
shrinkage=0.05


Tree=60
num_leaves=13
num_cat=3
split_feature=0 38 44 32 38 39 27 4 0 39 37 1
split_gain=68.5089 23.0888 32.6538 29.7594 29.5888 30.7699 25.5261 8.7016 8.44622 9.80794 9.45092 5.38464
threshold=0 11.730059500000001 45.20000000000001 27.246131000000002 6.4553575000000007 19.450000000000003 28.950000000000003 0.95752911693909504 1 25.100000000000005 67.500000000000014 2
decision_type=1 2 2 2 2 2 2 2 1 2 2 1
left_child=8 4 7 -4 6 -6 -2 -3 9 10 -1 -11
right_child=1 2 3 -5 5 -7 -8 -9 -10 11 -12 -13
leaf_value=-0.030530535085287542 0.02486443158813121 0.047308262525890536 0.039372059130704379 -0.016586148568137216 -0.011897644734915482 0.0027945132461542912 -0.0029189410103370086 0.016087865528504091 -0.044413247134772002 0.028203951404004824 0.026663078118290603 -0.014654383525488732
leaf_weight=82.243499338626862 209.1954178661108 72.268733292818069 32.116937026381493 83.089128568768501 538.19886587560177 1050.1542399600148 135.94861908257008 34.14175409078598 66.993274373933673 14.506971165537834 7.1496266275644293 13.021485168486834
leaf_count=1948 897 320 135 376 2369 4563 577 157 2320 146 128 146
internal_value=-0.00011392 0.002442 0.0177019 -0.000781653 0.000697294 -0.00218814 0.013944 0.0375343 -0.0285059 -0.0163561 -0.0257118 0.00812808
internal_weight=2339.03 2155.11 221.617 115.206 1933.5 1588.35 345.144 106.41 183.915 116.922 89.3931 27.5285
internal_count=14082 9394 988 511 8406 6932 1474 477 4688 2368 2076 292
cat_boundaries=0 1 2 3
cat_threshold=48 32 1
is_linear=0
shrinkage=0.05


Tree=61
num_leaves=13
num_cat=3
split_feature=0 34 38 26 35 0 2 24 38 0 35 32
split_gain=60.1667 20.942 22.6805 27.7841 26.9357 10.17 11.6832 12.4575 10.9298 6.8337 10.7694 0.606597
threshold=0 26.050000000000004 6.4553575000000007 14.950000000000001 87.699404500000014 1 5.5000000000000009 37.500000000000007 12.961607000000003 2 72.869047500000008 30.295833500000004
decision_type=1 2 2 2 2 1 2 2 2 1 2 2
left_child=5 2 4 -4 -2 6 8 -8 -1 11 -11 -3
right_child=1 9 3 -5 -6 -7 7 -9 -10 10 -12 -13
leaf_value=-0.045800313926118476 0.018511873458345981 0.031649750070104295 -0.016888480236301059 0.0016177230985088605 -0.023612975327855494 -0.044102272753496569 0.090428855465614383 -0.0080856862373181251 0.032240381108532168 -0.01593571482006936 0.0542410336152944 0.068284982340940922
leaf_weight=36.583547089248896 299.14438758790493 3.9824947565794018 233.08228641748428 1517.5323528423905 42.569061100482941 64.363857502117753 2.361227571964263 70.551965434104204 4.3779905848205081 18.961179450154308 6.533288210630416 20.718696773052216
leaf_count=1040 1277 18 1042 6603 182 2322 16 1248 40 85 29 105
internal_value=-0.000165511 0.00221125 0.0014478 -0.000854485 0.0132106 -0.0271946 -0.014595 -0.0037151 -0.0368897 0.0338168 0.00248031 0.045958
internal_weight=2320.76 2142.52 2092.33 1750.61 341.713 178.239 113.875 72.9132 40.9615 50.1957 25.4945 24.7012
internal_count=14007 9341 9104 7645 1459 4666 2344 1264 1080 237 114 123
cat_boundaries=0 1 2 3
cat_threshold=48 32 5
is_linear=0
shrinkage=0.05


Tree=62
num_leaves=8
num_cat=2
split_feature=0 0 38 34 4 44 39
split_gain=57.5717 27.6401 22.7252 32.9712 25.1882 20.34 21.3078
threshold=0 1 11.730059500000001 23.350000000000005 0.84313847884979054 52.000000000000007 25.650000000000002
decision_type=1 1 2 2 2 2 2
left_child=-1 5 4 -4 -3 6 -2
right_child=1 2 3 -5 -6 -7 -8
leaf_value=-0.043808383213157193 0.0102606772027381 -0.00083377247384916475 -0.052169146414869583 0.021428146244421516 -0.017917928172741768 -0.067929924520580831 0.051307290786293036
leaf_weight=62.174575870856643 445.72151523828506 1328.5433748923242 15.766191352158783 168.67709602601826 256.60600665956736 6.8736363500356665 33.145021066069603
leaf_count=2342 2153 6990 91 873 1405 31 161
internal_value=-0.000158756 0.00125206 -0.00166412 0.0148897 -0.00360893 0.0116775 0.0132027
internal_weight=2317.51 2255.33 1769.59 184.443 1585.15 485.74 478.867
internal_count=14046 11704 9359 964 8395 2345 2314
cat_boundaries=0 1 2
cat_threshold=16 4
is_linear=0
shrinkage=0.05


Tree=63
num_leaves=13
num_cat=5
split_feature=0 22 26 34 0 40 0 39 1 20 1 2
split_gain=55.5303 20.392 20.298 19.7826 25.234 22.4931 8.61077 9.32067 11.487 10.7396 8.46612 8.37181
threshold=0 89.020833500000023 21.750000000000004 20.950000000000003 1 0.75000000000000011 2 25.350000000000005 3 32.550000000000004 4 10.500000000000002
decision_type=1 2 2 2 1 2 1 2 1 2 1 2
left_child=6 3 11 4 -2 -5 7 9 -9 -1 -4 -3
right_child=1 2 10 5 -6 -7 -8 8 -10 -11 -12 -13
leaf_value=-0.010138608591304674 -0.048919971229106594 -0.056575084167799487 -0.012560392650667232 0.022515437879257579 -0.0014005793820500868 0.0024488406803510774 -0.043469267476457546 0.044097238749894421 -0.025903542362287035 -0.04611673834976987 0.061823544437569045 -0.0075301199907197363
leaf_weight=58.203569004312158 29.315955445170403 31.880231067538261 7.1958896219730359 150.40116611123085 105.25159259140491 1804.9250006452203 59.514383831992745 11.927074696868658 9.8274983204901218 31.917020201683044 6.5439561903476715 12.294732794165609
leaf_count=1199 166 145 29 666 508 7781 2335 101 100 923 30 52
internal_value=-0.000342449 0.00189889 -0.0271046 0.00272429 -0.0157492 0.00400306 -0.0268321 -0.0148825 0.0127261 -0.0232469 0.0246577 -0.0433938
internal_weight=2319.2 2147.81 57.9148 2089.89 134.568 1955.33 171.39 111.875 21.7546 90.1206 13.7398 44.175
internal_count=14035 9377 256 9121 674 8447 4658 2323 201 2122 59 197
cat_boundaries=0 1 2 3 4 5
cat_threshold=48 2 32 1 1
is_linear=0
shrinkage=0.05


Tree=64
num_leaves=9
num_cat=2
split_feature=0 0 4 37 34 4 33 32
split_gain=51.3616 21.5092 27.5558 33.7586 24.5818 31.6593 14.4021 11.6277
threshold=0 1 -0.94705910369513513 55.500000000000007 25.250000000000004 -0.37447345805034538 32.45000000000001 30.676786000000003
decision_type=1 1 2 2 2 2 2 2
left_child=-1 4 6 -4 5 -2 -3 -6
right_child=1 2 3 -5 7 -7 -8 -9
leaf_value=-0.043143833128579744 0.015899180869596619 -0.032466683861818162 -0.0096245060831681856 0.0079347918808799975 0.04872327731672068 -0.0028320256192368356 0.041317721971551473 0.0083117640010467713
leaf_weight=57.130345568060875 354.93495271354914 100.35102242603898 575.3667816054076 520.30477904342115 46.499352544546127 615.33041405677795 6.2365473583340636 29.237075388431549
leaf_count=2325 1587 562 3470 2907 208 2750 35 150
internal_value=-0.000373952 0.000919293 -0.00362852 -0.00128644 0.00612985 0.00402939 -0.0278056 0.0334345
internal_weight=2305.39 2248.26 1202.26 1095.67 1046 970.265 106.588 75.7364
internal_count=13994 11669 6974 6377 4695 4337 597 358
cat_boundaries=0 1 2
cat_threshold=16 12
is_linear=0
shrinkage=0.05


Tree=65
num_leaves=13
num_cat=4
split_feature=0 34 5 39 34 21 0 5 1 35 1 5
split_gain=50.0985 20.2309 24.9074 57.7236 53.3646 11.4127 8.33697 8.64777 17.6698 8.7379 4.98464 2.98123
threshold=0 20.250000000000004 0.38043945030393422 19.450000000000003 23.650000000000002 18.800000000000004 1 0.98332250088165762 2 83.351190500000016 3 0.99895983886342388
decision_type=1 2 2 2 2 2 1 2 1 2 1 2
left_child=6 5 3 -3 -4 10 7 9 -9 -1 -2 -7
right_child=1 2 4 -5 -6 11 -8 8 -10 -11 -12 -13
leaf_value=-0.036375421469162512 0.05262832617007536 -0.015615717920072703 0.006254775289830196 0.006083290901627493 0.054562237413734054 -0.04154567732537439 -0.042750998985737698 -0.043910980999392835 0.10324209680294963 -0.0067907452170193191 -0.014677022004695823 -0.0052402692697036809
leaf_weight=41.791318994015455 4.8488054275512678 452.17827454209328 629.31321747601032 945.86913564056158 61.930846080183983 41.410302937030792 54.495266582816839 3.0218402687460175 3.378844179213047 61.300383638590574 4.5451471358537674 6.8859464526176444
leaf_count=1096 21 1985 2751 4089 265 231 2317 50 51 1119 22 32
internal_value=-9.29914e-06 0.00207723 0.00289887 -0.000941086 0.0106554 -0.0268676 -0.0257397 -0.0141431 0.0372233 -0.019018 0.0217845 -0.0365807
internal_weight=2310.97 2146.98 2089.29 1398.05 691.244 57.6902 163.988 109.492 6.40068 103.092 9.39395 48.2962
internal_count=14029 9396 9090 6074 3016 306 4633 2316 101 2215 43 263
cat_boundaries=0 1 2 3 4
cat_threshold=48 32 1 1
is_linear=0
shrinkage=0.05


Tree=66
num_leaves=13
num_cat=3
split_feature=0 34 34 39 36 1 4 2 0 39 5 39
split_gain=46.305 18.8778 42.2649 44.5657 31.671 9.13966 21.4497 16.0791 7.74723 8.0654 11.2644 9.52545
threshold=0 25.250000000000004 24.550000000000004 19.150000000000002 94.500000000000014 1 0.63920241694561786 5.5000000000000009 2 22.850000000000005 0.99349222267034765 23.150000000000002
decision_type=1 2 2 2 2 1 2 2 1 2 2 2
left_child=8 2 4 -4 -2 7 -7 -3 9 10 -1 -11
right_child=1 5 3 -5 -6 6 -8 -9 -10 11 -12 -13
leaf_value=-0.031719260500425922 -0.012561432780791968 0.037618545945618614 -0.052549929386520838 -0.0061164969162111954 0.0058227807692923855 0.060003863147674308 -0.0058835507595610455 -0.028091537338894714 -0.042464746573616069 0.066537624987052041 0.04857936416484214 -0.0068319769677577498
leaf_weight=62.118195801973343 278.6777598708868 71.568751782178879 69.969250321388245 191.27691674232483 1442.7236731946468 14.00234606862068 69.181785017251968 9.9402635395526868 52.650046315044165 3.9737576320767394 3.8154506478458634 39.031847395002842
leaf_count=1640 1266 324 344 809 6248 59 313 41 2323 56 60 591
internal_value=-0.000656229 0.00134257 -6.12871e-06 -0.0187057 0.00284099 0.0175619 0.00578827 0.0293617 -0.0255727 -0.0142629 -0.0264162 0.00130541
internal_weight=2308.93 2147.34 1982.65 261.246 1721.4 164.693 83.1841 81.509 161.589 108.939 65.9336 43.0056
internal_count=14074 9404 8667 1153 7514 737 372 365 4670 2347 1700 647
cat_boundaries=0 1 2 3
cat_threshold=48 1 32
is_linear=0
shrinkage=0.05


Tree=67
num_leaves=15
num_cat=0
split_feature=25 35 36 26 39 40 32 5 39 39 39 39 5 30
split_gain=20.0849 47.1271 47.9614 41.7304 36.3007 34.4328 36.339 31.5733 48.6214 23.5586 20.1068 18.5348 14.2227 8.05735
threshold=7.7847220000000013 87.931547500000008 95.500000000000014 19.550000000000004 19.450000000000003 74.65000000000002 29.217262000000002 -0.38243420677835344 18.850000000000005 18.850000000000005 18.050000000000004 22.150000000000002 -0.12545862287572043 25.250000000000004
decision_type=2 2 2 2 2 2 2 2 2 2 2 2 2 2
left_child=1 2 10 7 -4 6 -5 8 -2 -9 -1 -7 -3 -14
right_child=3 12 4 5 -6 11 -8 9 -10 -11 -12 -13 13 -15
leaf_value=0.015326953635697822 -0.061799394366681061 -0.061102526890231171 0.0043577377913169377 -0.010894403581635846 0.025963682908921683 -0.0017072032449701804 0.016729944723428033 0.015303095453590362 -0.010362803732504944 -0.01678778378218029 -0.050397572076562092 0.028509347215023625 -0.031616172812607951 0.01016977107619698
leaf_weight=14.970336386933921 78.307231981307268 26.946391258388758 597.65416221320629 457.66289922036231 287.50559875741601 74.535247793421149 159.81573528237641 91.206995194777846 110.39932646043599 149.74220549501479 45.740160243585706 157.31582079082727 28.806925036013126 18.185566339641809
leaf_count=95 511 175 3619 2847 1710 444 980 561 660 931 315 923 168 106
internal_value=0.000189909 0.00542096 0.00843688 -0.00398209 0.0113969 0.00244388 -0.00372918 -0.0166609 -0.0319206 -0.00462731 -0.0342051 0.0188297 -0.0327582 -0.0155705
internal_weight=2298.79 1019.81 945.87 1278.99 885.16 849.33 617.479 429.656 188.707 240.949 60.7105 231.851 73.9389 46.9925
internal_count=14045 6188 5739 7857 5329 5194 3827 2663 1171 1492 410 1367 449 274
is_linear=0
shrinkage=0.05


Tree=68
num_leaves=9
num_cat=3
split_feature=0 0 1 2 5 44 39 2
split_gain=45.0791 25.3752 27.8213 18.896 26.5277 17.722 15.6004 14.4569
threshold=0 1 2 1.5000000000000002 0.42763731121559989 48.050000000000004 18.650000000000002 4.5000000000000009
decision_type=1 1 1 2 2 2 2 2
left_child=-1 2 7 6 -5 -4 -3 -2
right_child=1 3 5 4 -6 -7 -8 -9
leaf_value=-0.042147543518592991 0.016341406785269814 -0.0022379904550628746 0.029721069470043566 -0.0039762945906432643 0.01050624644274234 -0.023939001644496395 -0.034758404621607938 -0.0074305436222746948
leaf_weight=50.822647789493203 98.542257815599442 72.703523993492126 187.47204516083002 1181.9949862882495 430.53103123791516 16.019496656954288 74.145994776859879 177.9177388548851
leaf_count=2347 424 390 1095 6216 2300 79 464 746
internal_value=-2.67879e-05 0.00113063 0.0111851 -0.00166466 -0.000105462 0.0254004 -0.018782 0.00107116
internal_weight=2290.15 2239.33 479.952 1759.38 1612.53 203.492 146.85 276.46
internal_count=14061 11714 2344 9370 8516 1174 854 1170
cat_boundaries=0 1 2 3
cat_threshold=16 4 1
is_linear=0
shrinkage=0.05


Tree=69
num_leaves=9
num_cat=1
split_feature=0 38 34 38 25 35 10 33
split_gain=42.7056 18.2015 26.2878 28.4831 26.2517 44.2008 25.3758 10.2971
threshold=0 11.730059500000001 23.350000000000005 14.349107500000001 7.7847220000000013 87.931547500000008 63.312500000000007 36.95000000000001
decision_type=1 2 2 2 2 2 2 2
left_child=-1 4 7 -4 5 -2 -6 -3
right_child=1 2 3 -5 6 -7 -8 -9
leaf_value=-0.041896230233979689 0.007893328248431598 -0.061320142242652614 0.025377253419660274 -0.036067419585798129 0.011811478492752549 -0.032624825233860413 -0.0099155848825960447 0.012801746063613187
leaf_weight=49.427828005515039 921.81741224601865 14.133288480341436 189.0628554020077 20.060173455625772 158.6397577598691 71.621503172442317 852.12926052324474 6.3508223518729201
leaf_count=2370 4775 79 988 106 866 381 4451 36
internal_value=-0.000420595 0.000699816 0.0140057 0.0193396 -0.000827274 0.00494232 -0.00649723 -0.0388134
internal_weight=2283.24 2233.82 229.607 209.123 2004.21 993.439 1010.77 20.4841
internal_count=14052 11682 1209 1094 10473 5156 5317 115
cat_boundaries=0 1
cat_threshold=16
is_linear=0
shrinkage=0.05


Tree=70
num_leaves=15
num_cat=1
split_feature=25 35 26 40 5 10 44 44 5 17 1 5 44 31
split_gain=18.2668 41.5234 40.6401 31.518 40.7257 25.6837 25.3261 28.9391 18.242 16.8485 12.1041 16.7339 6.66204 5.38818
threshold=7.7847220000000013 87.931547500000008 19.550000000000004 74.65000000000002 -0.8142754349318998 63.437500000000007 48.800000000000004 35.100000000000001 0.11478523713130602 23.200000000000003 0 -0.03976928634766979 34.400000000000013 36.20000000000001
decision_type=2 2 2 2 2 2 2 2 2 2 1 2 2 2
left_child=1 6 5 4 -4 13 7 -1 -5 -7 12 -12 -3 -2
right_child=2 10 3 8 -6 9 -8 -9 -10 -11 11 -13 -14 -15
leaf_value=0.00042672360839115966 0.017610826308665169 -0.0086994482664204432 -0.035372650874565724 0.021900920730903592 0.0010702024137598336 0.010935464571223638 -0.057249729767397242 0.018202068199741801 -0.024054545493483473 -0.025790195838923776 -0.048586333515871327 0.017857534706028456 -0.061958108740887821 -0.029822471436896526
leaf_weight=519.43710458092391 54.879083130508661 7.736026579514145 88.765769487246871 211.16559453494847 524.8297143895179 33.96401597186923 14.002540953457354 408.54922698624432 23.215533670037985 327.17313846293837 15.557133727706967 21.296732917428017 29.217964437790215 5.7937560882419339
leaf_count=3224 349 46 523 1241 3312 214 90 2429 139 2057 105 133 180 38
internal_value=-0.000605668 0.00438957 -0.00460204 0.00170985 -0.00425078 -0.017265 0.00723003 0.00826355 0.0172662 -0.0223156 -0.0314744 -0.010733 -0.0513318 0.0126712
internal_weight=2285.58 1015.8 1269.79 847.977 613.595 421.81 941.989 927.986 234.381 361.137 73.8079 36.8539 36.954 60.6728
internal_count=14080 6207 7873 5215 3835 2658 5743 5653 1380 2271 464 238 226 387
cat_boundaries=0 1
cat_threshold=1
is_linear=0
shrinkage=0.05


Tree=71
num_leaves=9
num_cat=2
split_feature=0 26 5 20 41 43 8 0
split_gain=39.8741 18.3836 45.248 22.5398 21.9964 34.6081 31.067 11.3631
threshold=0 14.65 0.13185577213185917 32.850000000000001 26.450000000000003 9.9500000000000011 30.950000000000003 1
decision_type=1 2 2 2 2 2 2 1
left_child=-1 2 3 -2 5 -3 -6 -4
right_child=1 4 7 -5 6 -7 -8 -9
leaf_value=-0.041477716441583712 -0.043387847436969919 -0.001498851626307595 0.018778475572824013 -0.0012003311773356557 -0.0027773546088666122 -0.049983006689815646 0.014334112659811835 -0.0053045919043847069
leaf_weight=47.03012509457767 103.87765258364379 782.88039587810636 82.343748226761818 45.434806684032083 460.73700059764087 37.625927491113544 623.29920278862119 98.242683485150337
leaf_count=2344 570 4204 375 253 2347 223 3175 571
internal_value=-0.00056033 0.00050236 -0.0103741 -0.0306439 0.00239344 -0.00378032 0.00706554 0.00646175
internal_weight=2281.47 2234.44 329.899 149.312 1904.54 820.506 1084.04 180.586
internal_count=14062 11718 1769 823 9949 4427 5522 946
cat_boundaries=0 1 2
cat_threshold=16 12
is_linear=0
shrinkage=0.05


Tree=72
num_leaves=9
num_cat=2
split_feature=0 0 39 4 37 2 33 4
split_gain=37.9948 18.3607 26.4043 25.1527 41.1803 22.5775 13.623 1.63043
threshold=0 1 27.750000000000004 -0.94139628442229051 55.500000000000007 8.5000000000000018 32.45000000000001 0.97314989601849466
decision_type=1 1 2 2 2 2 2 2
left_child=-1 2 5 6 -5 -2 -3 -4
right_child=1 3 7 4 -6 -7 -8 -9
leaf_value=-0.041020396008602855 -0.00038053814022860291 -0.030784828525477023 0.062568540145195348 -0.010371716435229179 0.0091028176112617713 0.016225857791106069 0.037617301197907391 0.031840911978675515
leaf_weight=44.68617529887706 722.04181686788797 102.87188704684377 17.657555699348453 570.80119070038199 515.80358542501926 284.62300887703896 6.9950717613100997 10.576799824833868
leaf_count=2331 3281 595 79 3499 2885 1286 38 50
internal_value=-0.000224878 0.000790328 0.00563661 -0.00341467 -0.00112742 0.00432617 -0.0261297 0.0525406
internal_weight=2276.06 2231.37 1034.9 1196.47 1086.6 1006.66 109.867 28.2344
internal_count=14044 11713 4696 7017 6384 4567 633 129
cat_boundaries=0 1 2
cat_threshold=16 12
is_linear=0
shrinkage=0.05


Tree=73
num_leaves=15
num_cat=2
split_feature=0 44 6 5 5 39 1 5 32 5 5 2 5 8
split_gain=35.7431 19.1201 18.7692 29.557 20.0524 10.6389 11.0616 12.3758 11.4145 7.559 9.04501 8.0553 6.79793 0.0583616
threshold=0 52.000000000000007 2.5000000000000004 -0.83375966452616657 -0.98212955754013376 25.350000000000005 1 0.26659387353423863 26.570536000000001 -0.8611288361322974 -0.94137724084408114 10.500000000000002 -0.32613736746952132 31.250000000000004
decision_type=1 2 2 2 2 2 1 2 2 2 2 2 2 2
left_child=5 2 3 -2 -4 9 7 -7 -8 10 -1 -11 13 -3
right_child=1 12 4 -5 -6 6 8 -9 -10 11 -12 -13 -14 -15
leaf_value=-0.03308978727061828 -0.047392640197665703 -0.021340632122038232 0.022865981956709688 -0.0034730204469499873 0.0023037630194762816 0.054255020990893604 0.059942349520831231 -0.044373888412510075 -0.051360160367039248 -0.046132591515939687 0.019644501724576172 -0.0096200306955185715 -0.067862598434399443 -0.011749006715487988
leaf_weight=17.077043151482943 41.258867040276527 8.888475522398954 127.69895204901695 412.08915833383799 1511.0882310420275 11.739914953708647 1.9881174247711904 3.4025783352553853 10.546063436195253 72.265429359860718 13.885113532654939 19.804941534996033 11.264111965894697 8.2687740474939329
leaf_count=466 204 42 547 1877 6606 146 22 56 185 2950 275 579 54 39
internal_value=-0.000865733 0.000861668 0.00142795 -0.00756562 0.003919 -0.0235229 0.00285779 0.0307167 -0.0305813 -0.0313291 -0.00956615 -0.0384663 -0.039162 -0.0176197
internal_weight=2271.27 2120.56 2092.14 453.348 1638.79 150.709 27.6767 15.1425 12.5342 123.033 30.9622 92.0704 28.4214 17.1572
internal_count=14048 9369 9234 2081 7153 4679 409 202 207 4270 741 3529 135 81
cat_boundaries=0 1 2
cat_threshold=48 1
is_linear=0
shrinkage=0.05


Tree=74
num_leaves=9
num_cat=3
split_feature=0 0 1 4 33 32 38 35
split_gain=36.5015 17.2905 25.3093 20.0406 36.8044 32.272 15.5532 15.438
threshold=0 1 2 0.84313847884979054 37.100000000000009 27.146428500000003 6.8250000000000011 68.744048000000006
decision_type=1 1 1 2 2 2 2 2
left_child=-1 2 7 5 -5 -3 -4 -2
right_child=1 3 6 4 -6 -7 -8 -9
leaf_value=-0.040561062206716098 0.021757698429379822 -0.0055150881271087944 0.050454864324081375 -0.02134474171127905 0.016091817906467489 0.0095831359226953884 0.016028667735179313 -0.0063294050501927282
leaf_weight=42.402328869327903 62.181023493409157 751.77751341275871 40.98203944414854 257.17216212674975 87.219636388123035 667.02918810397387 159.17590393126011 215.80150035023689
leaf_count=2342 281 3974 268 1447 451 3530 910 900
internal_value=0.000298141 0.00126412 0.00958427 -0.00103755 -0.0118445 0.00158485 0.0232932 8.77885e-06
internal_weight=2283.74 2241.34 478.14 1763.2 344.392 1418.81 200.158 277.983
internal_count=14103 11761 2359 9402 1898 7504 1178 1181
cat_boundaries=0 1 2 3
cat_threshold=16 4 1
is_linear=0
shrinkage=0.05


Tree=75
num_leaves=9
num_cat=3
split_feature=0 34 0 1 5 5 26 4
split_gain=34.1653 14.8921 27.2589 30.7735 27.0777 38.4205 36.7538 9.58745
threshold=0 20.950000000000003 1 2 0.38043945030393422 0.73136292505298039 14.65 0.091259403071267911
decision_type=1 2 1 1 2 2 2 2
left_child=-1 2 3 -2 6 -6 -3 -4
right_child=1 4 7 -5 5 -7 -8 -9
leaf_value=-0.040165052494681941 -0.022524322566924326 -0.023818062510070556 -0.018812363335135831 0.039942915708365383 0.024459982106450857 -0.00034001326827829954 0.0011358765216610488 -0.058553263448099517
leaf_weight=40.662379322573543 40.324856469407678 165.70901235751808 28.60587215423584 36.754497908055782 279.75914710946381 351.86934902332723 1283.8811887372285 34.955588109791279
leaf_count=2342 250 911 129 264 1457 1840 6661 205
internal_value=3.36108e-05 0.000963384 -0.0147208 0.0065533 0.00203445 0.0106656 -0.00173117 -0.0357058
internal_weight=2262.52 2221.86 140.641 77.0794 2081.22 631.628 1449.59 63.5615
internal_count=14059 11717 848 514 10869 3297 7572 334
cat_boundaries=0 1 2 3
cat_threshold=16 37 1
is_linear=0
shrinkage=0.05


Tree=76
num_leaves=9
num_cat=2
split_feature=0 0 39 5 34 4 5 4
split_gain=32.6778 17.743 24.719 22.7767 61.7767 21.7616 19.4129 2.63075
threshold=0 1 27.750000000000004 -0.6391983530350368 24.550000000000004 -0.69057362043749781 0.33222858587828868 0.97314989601849466
decision_type=1 1 2 2 2 2 2 2
left_child=-1 2 5 4 -3 -2 -5 -4
right_child=1 3 7 6 -6 -7 -8 -9
leaf_value=-0.039842308661577952 0.017899693661118262 0.021517567704826667 0.06314243814597649 -0.016188356351811272 -0.020407638086694633 0.0003601660523428116 -0.00072084472608288771 0.02811185083198019
leaf_weight=39.333136807195842 228.88120952248573 248.79699503816664 17.355501830577854 381.45688981190324 134.60229005478323 766.73016028106213 432.18801196664572 11.358621552586554
leaf_count=2363 1040 1365 78 2257 822 3505 2617 54
internal_value=-1.56889e-06 0.000896733 0.00569652 -0.00322497 0.00678383 0.00440624 -0.00798337 0.0506976
internal_weight=2260.7 2221.37 1024.33 1197.04 383.399 995.611 813.645 28.7141
internal_count=14101 11738 4677 7061 2187 4545 4874 132
cat_boundaries=0 1 2
cat_threshold=16 12
is_linear=0
shrinkage=0.05


Tree=77
num_leaves=14
num_cat=2
split_feature=0 34 36 8 34 8 30 23 34 1 44 12 36
split_gain=32.9417 18.636 30.9381 38.6157 30.3419 10.821 9.90112 9.46528 6.57755 7.90269 6.37845 8.27894 5.85201
threshold=0 25.350000000000005 94.500000000000014 33.350000000000001 24.450000000000003 33.350000000000001 5.5500000000000007 89.500000000000014 19.200000000000003 1 39.400000000000013 82.500000000000014 99.500000000000014
decision_type=1 2 2 2 2 2 2 2 2 1 2 2 2
left_child=8 2 3 -2 -4 6 -3 -7 9 -1 11 -10 -12
right_child=1 5 4 -5 -6 7 -8 -9 10 -11 12 -13 -14
leaf_value=-0.036278229757418672 -0.043089911556535861 -0.058102451498801416 0.005460284890510818 -0.004102203336770761 -0.012892221615675973 0.0081970551042380557 0.0066386597071946916 0.037353672876756318 -0.039065229506669359 0.081378267488028733 -0.020340395595940221 0.084225086396857274 0.025341599847341585
leaf_weight=1.7601271606981745 85.30207871645689 6.3203809112310401 1369.9635013639927 241.45070541650057 268.50611537694931 48.511659473180771 29.778936475515366 66.595288053154945 70.232882456853986 2.2467350699007511 59.770636599510908 0.4809155073016872 7.0646905638277522
leaf_count=26 416 28 5993 1082 1206 231 127 298 2907 27 1539 13 152
internal_value=-0.000671928 0.000943754 -0.000357036 -0.0143808 0.00244672 0.0178033 -0.00595702 0.0252421 -0.0231105 0.0327713 -0.0266312 -0.037064 -0.0152093
internal_weight=2257.98 2116.43 1965.22 326.753 1638.47 151.206 36.0993 115.107 141.556 4.00686 137.549 70.7138 66.8353
internal_count=14045 9381 8697 1498 7199 684 155 529 4664 53 4611 2920 1691
cat_boundaries=0 1 2
cat_threshold=48 1
is_linear=0
shrinkage=0.05


Tree=78
num_leaves=8
num_cat=2
split_feature=0 6 43 39 6 5 0
split_gain=29.7262 16.7288 27.987 34.7528 18.523 25.7261 15.6857
threshold=0 27.000000000000004 9.6000000000000032 19.050000000000004 2.5000000000000004 -0.83375966452616657 1
decision_type=1 2 2 2 2 2 1
left_child=-1 4 -3 -4 5 -2 -6
right_child=1 2 3 -5 6 -7 -8
leaf_value=-0.039191166567424135 -0.041567387128074874 -0.068561238246212755 -0.025550527485410188 0.008971488758838771 0.015426166742284747 -0.0022668306223159991 0.0025371547617879142
leaf_weight=36.699791446328163 45.17510998994112 18.162418555468321 128.71769262291491 165.60878214240074 291.95381275564432 425.54503673873842 1133.9289731867611
leaf_count=2338 272 97 691 838 1479 2349 5970
internal_value=-0.000138349 0.000702029 -0.00999533 -0.00616141 0.00247259 -0.00611864 0.00531107
internal_weight=2245.79 2209.09 312.489 294.326 1896.6 470.72 1425.88
internal_count=14034 11696 1626 1529 10070 2621 7449
cat_boundaries=0 1 2
cat_threshold=16 4
is_linear=0
shrinkage=0.05


Tree=79
num_leaves=9
num_cat=3
split_feature=0 8 40 0 39 32 39 1
split_gain=28.6527 20.7826 19.542 35.3982 20.6774 12.4785 11.6919 1.28752
threshold=0 30.850000000000005 27.050000000000004 1 24.650000000000002 27.956845000000005 21.550000000000004 2
decision_type=1 2 2 1 2 2 2 1
left_child=-1 5 3 -3 -4 6 -2 -7
right_child=1 2 4 -5 -6 7 -8 -9
leaf_value=-0.038769822037630609 -0.01139961771707014 0.0050213253672994973 0.012339328270499529 -0.017265964550114705 -0.012635932991664732 -0.028208314661725367 0.0039817644452431328 -0.064977259175093449
leaf_weight=35.161633813753724 351.97204507142305 606.32221990823746 710.16813232190907 239.60497710295022 92.987545225769281 6.7860200311988592 189.44226895458996 8.0870815087109786
leaf_count=2338 1873 2783 3669 1852 468 36 960 42
internal_value=0.000220984 0.00103097 0.00385469 -0.00144896 0.00943563 -0.00731316 -0.00602021 -0.051035
internal_weight=2240.53 2205.37 1649.08 845.927 803.156 556.287 541.414 14.8731
internal_count=14021 11683 8772 4635 4137 2911 2833 78
cat_boundaries=0 1 2 3
cat_threshold=16 13 2
is_linear=0
shrinkage=0.05


Tree=80
num_leaves=9
num_cat=2
split_feature=0 26 5 25 36 20 26 0
split_gain=26.6717 15.9257 33.7451 25.7276 30.0264 24.5082 20.4034 9.2382
threshold=0 14.65 0.13185577213185917 7.1131945000000005 91.500000000000014 32.850000000000001 19.450000000000003 1
decision_type=1 2 2 2 2 2 2 1
left_child=-1 2 5 4 -3 -2 -5 -4
right_child=1 3 7 6 -6 -7 -8 -9
leaf_value=-0.03846430091403899 -0.040260702623151554 -0.071650892070434721 0.01611677787290712 -0.0087973046671058399 0.014402846986870971 0.0032358537511692266 0.0035025920484064964 -0.0056785000113561222
leaf_weight=34.142112992703915 105.20466187782586 9.3942380622029287 82.106656081974506 542.32026576250792 445.64668008312583 46.389581717550755 887.64226100407541 95.237541668117046
leaf_count=2360 588 52 379 2898 2297 261 4702 564
internal_value=-0.000418194 0.000357675 -0.00977521 0.00213203 0.0124731 -0.0270163 -0.00116509 0.00503134
internal_weight=2248.08 2213.94 328.938 1885 455.041 151.594 1429.96 177.344
internal_count=14101 11741 1792 9949 2349 849 7600 943
cat_boundaries=0 1 2
cat_threshold=16 12
is_linear=0
shrinkage=0.05


Tree=81
num_leaves=15
num_cat=4
split_feature=0 34 36 39 35 0 1 33 20 34 44 5 1 5
split_gain=26.0153 20.4594 19.4098 38.9605 33.438 13.4644 15.3724 8.36446 8.71465 11.9396 7.35125 6.58765 5.2454 4.92078
threshold=0 25.950000000000003 94.500000000000014 25.100000000000005 68.744048000000006 1 2 32.250000000000007 31.750000000000004 23.550000000000004 42.300000000000004 0.99855310097228323 3 -0.91595872546125101
decision_type=1 2 2 2 2 1 1 2 2 2 2 2 1 2
left_child=7 2 3 -2 -4 6 -3 8 10 -10 -1 13 -13 -9
right_child=1 5 4 -5 -6 -7 -8 11 9 -11 -12 12 -14 -15
leaf_value=-0.035345918592902169 -0.02035268614073937 0.029758001918743948 0.025152276411789971 0.017141128046315002 0.00045311521423048229 0.036245038198339456 -0.052930851453050869 -0.011192253771494333 0.067257283473385929 -0.016128764512059971 0.0073431298883266348 -0.031231026327526723 0.073678919230365264 -0.04296383041329125
leaf_weight=25.714858990162611 255.87043414264917 9.678203821182251 149.58853156119585 94.017391368746758 1522.3994700834155 53.927659556269646 11.001601085066795 16.578522834926844 7.0652498491108409 8.5251476243138296 15.725116067565976 1.3492970233783117 1.7323069702833891 56.319666947238147
leaf_count=936 1177 41 688 428 6687 274 46 439 158 255 313 35 35 2471
internal_value=-2.22675e-05 0.0013829 0.000434343 -0.0102577 0.0026766 0.0269261 -0.0100219 -0.0205826 -0.00745521 0.0234363 -0.0193555 -0.0328849 0.0313461 -0.0359876
internal_weight=2229.49 2096.48 2021.88 349.888 1671.99 74.6075 20.6798 133.01 57.0304 15.5904 41.44 75.9798 3.0816 72.8982
internal_count=13983 9341 8980 1605 7375 361 87 4642 1662 413 1249 2980 70 2910
cat_boundaries=0 1 2 3 4
cat_threshold=48 2 1 1
is_linear=0
shrinkage=0.05


Tree=82
num_leaves=9
num_cat=1
split_feature=0 39 37 38 2 39 5 36
split_gain=24.5093 17.6889 51.0619 37.7845 31.618 32.8551 19.8713 11.3497
threshold=0 19.450000000000003 63.500000000000007 8.0172620000000023 1.5000000000000002 19.750000000000004 -0.5129677127369543 97.500000000000014
decision_type=1 2 2 2 2 2 2 2
left_child=-1 2 3 -2 7 -6 -4 -3
right_child=1 4 6 -5 5 -7 -8 -9
leaf_value=-0.03770027257151784 0.0053244729530404359 -0.0407849711096561 -0.062663382625959815 -0.027063787978243214 0.037627082723780139 0.00391552598794246 -0.020584766817875771 0.0017869705836625232
leaf_weight=31.639819260220975 596.75455044023693 50.116974903270602 38.436884369701147 105.02072619087994 75.915348831564188 1205.4238008223474 103.65294388867915 22.450625505298376
leaf_count=2331 3130 329 226 621 392 6318 543 123
internal_value=-0.000154522 0.000571759 -0.00510389 0.000445954 0.00411466 0.00594062 -0.0323259 -0.027769
internal_weight=2229.41 2197.77 843.865 701.775 1353.91 1281.34 142.09 72.5676
internal_count=14013 11682 4520 3751 7162 6710 769 452
cat_boundaries=0 1
cat_threshold=16
is_linear=0
shrinkage=0.05


Tree=83
num_leaves=9
num_cat=1
split_feature=0 38 34 5 34 43 38 33
split_gain=24.0321 13.3428 26.2591 21.3082 47.5386 43.9013 21.1649 7.94303
threshold=0 11.772321500000002 23.350000000000005 0.33222858587828868 23.750000000000004 9.6000000000000032 13.849107000000002 36.95000000000001
decision_type=1 2 2 2 2 2 2 2
left_child=-1 3 7 5 -5 -2 -4 -3
right_child=1 2 6 4 -6 -7 -8 -9
leaf_value=-0.037440886166832207 -0.025359131238050749 -0.061067254480773214 0.025155784316813069 0.0025302348778960572 0.050256308574204038 -0.00026599317347648758 -0.019514128755799193 0.0032723018637856186
leaf_weight=30.855817154049873 209.74859685171396 13.55850761011243 166.95586993917823 718.84505338221788 55.27232838049531 1008.0822464106604 30.720500068739057 7.0086262412369242
leaf_count=2348 1163 80 884 3895 289 5227 170 39
internal_value=9.48729e-05 0.000801294 0.0125122 -0.000483401 0.00599834 -0.00460508 0.0181504 -0.0400072
internal_weight=2241.05 2210.19 218.244 1991.95 774.117 1217.83 197.676 20.5671
internal_count=14095 11747 1173 10574 4184 6390 1054 119
cat_boundaries=0 1
cat_threshold=16
is_linear=0
shrinkage=0.05


Tree=84
num_leaves=15
num_cat=0
split_feature=44 44 37 39 38 38 36 32 40 38 4 44 26 13
split_gain=16.8741 41.9321 33.5527 33.5202 25.4115 25.5289 20.4992 17.5292 14.2392 11.729 5.93137 5.38328 4.74578 3.1918
threshold=45.20000000000001 43.400000000000013 66.500000000000014 27.450000000000006 11.772321500000002 8.0172620000000023 98.500000000000014 26.868452500000004 75.050000000000011 8.5220240000000018 0.79904096188274243 47.000000000000007 22.050000000000004 9.2895835000000009
decision_type=2 2 2 2 2 2 2 2 2 2 2 2 2 2
left_child=1 4 3 6 5 -1 -2 13 -4 -9 -6 -10 -5 -3
right_child=2 7 8 12 10 -7 -8 9 11 -11 -12 -13 -14 -15
leaf_value=0.002908037288315729 -0.045404277090975331 -0.024303131740106385 -0.018345101510188155 -0.017924469630334523 0.05733747538849257 -0.0094148675855244383 -0.0098085368865964244 -0.0056248897312246686 0.056572856476490976 0.043842201592604532 0.020474716985905902 0.020223626072335743 0.025185902360858915 0.0098792991529375665
leaf_weight=1028.6664267308079 104.45095072314143 13.52181053441018 19.522835673764348 7.0010200338438144 13.139410058036445 709.24077021982521 66.709269237704575 13.538378599099813 14.070669539272783 90.770137590356171 59.849207884632051 38.303949765861034 35.114979097619653 12.100632904097436
leaf_count=6445 660 82 125 45 85 4599 399 79 83 553 413 223 202 74
internal_value=-0.000598433 0.00107229 -0.011933 -0.0218684 -0.000902881 -0.00212347 -0.0316685 0.0283976 0.017435 0.0374293 0.027796 0.030866 0.0177701 -0.00839519
internal_weight=2226 1940.83 285.174 213.276 1810.9 1737.91 171.16 129.931 71.8975 104.309 72.9886 52.3746 42.116 25.6224
internal_count=14067 12330 1737 1306 11542 11044 1059 788 431 632 498 306 247 156
is_linear=0
shrinkage=0.05


Tree=85
num_leaves=9
num_cat=1
split_feature=0 34 8 44 39 21 5 25
split_gain=22.2343 14.7747 13.9834 17.1117 11.2741 10.5756 3.32004 0.476604
threshold=0 20.250000000000004 30.150000000000002 45.20000000000001 21.450000000000003 19.200000000000003 0.99895983886342388 7.7847220000000013
decision_type=1 2 2 2 2 2 2 2
left_child=-1 5 4 -4 -3 7 -7 -2
right_child=1 2 3 -5 -6 6 -8 -9
leaf_value=-0.037052213995954424 0.0040924334508273975 -0.016958555105339702 0.0043319072921331097 -0.010768405832938298 0.0028134913178160057 -0.040435022765248962 -0.0019361213911593439 0.022964565636549139
leaf_weight=29.711839590221643 6.9816860966384393 179.44090691581368 1615.1959948381409 211.28814611583948 119.65625930391252 39.976282628253102 6.6064276918768874 6.5209293551743031
leaf_count=2338 35 964 8603 1106 607 285 32 33
internal_value=-0.000442178 0.00024056 0.000937963 0.00258016 -0.00906557 -0.0240029 -0.0351305 0.0141615
internal_weight=2215.38 2185.67 2125.58 1826.48 299.097 60.0853 46.5827 13.5026
internal_count=14003 11665 11280 9709 1571 385 317 68
cat_boundaries=0 1
cat_threshold=16
is_linear=0
shrinkage=0.05


Tree=86
num_leaves=9
num_cat=1
split_feature=0 26 5 39 5 20 43 4
split_gain=21.5124 13.5473 27.9862 19.0212 19.6748 18.2485 11.0872 11.0014
threshold=0 14.65 0.13185577213185917 16.750000000000004 -0.96687281075841669 32.850000000000001 9.3500000000000032 -0.39036798905311365
decision_type=1 2 2 2 2 2 2 2
left_child=-1 2 5 6 -5 -2 -3 -4
right_child=1 3 7 4 -6 -7 -8 -9
leaf_value=-0.036769931265520049 -0.037138452365956851 0.0011385917908120437 0.013452471991137192 0.016231855384455846 -0.0014843180687798738 0.0010738778316891858 0.028090787786669482 -0.012516022654976429
leaf_weight=28.954131933860481 100.35138145834208 60.591518918052316 113.33891082927585 173.48204557411373 1538.0717501277104 45.087604911066592 102.45682248473167 62.462048877030611
leaf_count=2366 567 313 588 882 8262 255 537 342
internal_value=-0.000411447 0.000250727 -0.00921888 0.00187887 0.000319812 -0.0253658 0.0181429 0.00420727
internal_weight=2224.8 2195.84 321.24 1874.6 1711.55 145.439 163.048 175.801
internal_count=14112 11746 1752 9994 9144 822 850 930
cat_boundaries=0 1
cat_threshold=16
is_linear=0
shrinkage=0.05


Tree=87
num_leaves=9
num_cat=1
split_feature=0 8 27 6 32 38 4 25
split_gain=21.1452 14.6177 20.7355 24.2113 16.9195 12.7824 10.8093 0.615636
threshold=0 30.850000000000005 16.050000000000004 27.000000000000004 27.956845000000005 11.183035500000001 0.96687895796550427 8.355555500000003
decision_type=1 2 2 2 2 2 2 2
left_child=-1 4 3 -3 6 -4 -2 -6
right_child=1 2 5 -5 7 -7 -8 -9
leaf_value=-0.036252755025607653 -0.0051648203660367804 0.00032657228819600749 0.0086197139401890579 -0.047927026095712248 -0.025213792570234622 0.036281349793647277 0.053193771734396683 -0.061468157537248408
leaf_weight=27.585282574407756 542.51924935076386 986.34091472253203 581.88928182888776 25.69888816960156 3.5227626133710137 44.157668080180883 7.0578023772686711 12.228852584958075
leaf_count=2340 2840 5411 3011 141 19 227 34 65
internal_value=0.000448474 0.00108372 0.00348094 -0.00094484 -0.00583715 0.0106256 -0.00432011 -0.0553492
internal_weight=2231 2203.42 1638.09 1012.04 565.329 626.047 549.577 15.7516
internal_count=14088 11748 8790 5552 2958 3238 2874 84
cat_boundaries=0 1
cat_threshold=16
is_linear=0
shrinkage=0.05


Tree=88
num_leaves=15
num_cat=2
split_feature=0 44 44 37 39 22 32 32 39 1 32 4 33 37
split_gain=21.4243 17.1112 45.5684 26.9924 27.8223 19.5696 16.3322 14.0744 9.2909 8.03784 13.1491 8.88941 7.00731 8.73922
threshold=0 45.20000000000001 43.000000000000007 66.500000000000014 27.450000000000006 88.861111000000008 26.922619500000003 27.246131000000002 25.350000000000005 1 26.570536000000001 -0.49813634056773481 33.45000000000001 34.500000000000007
decision_type=1 2 2 2 2 2 2 2 2 1 2 2 2 2
left_child=8 2 5 4 -3 -2 -4 -5 12 11 -11 -10 13 -1
right_child=1 3 6 7 -6 -7 -8 -9 9 10 -12 -13 -14 -15
leaf_value=0.046719681053878415 0.0012821385959903724 -0.029315852850578777 0.00090937871956105719 0.030311958663890137 0.020576242717732656 -0.029320503606190991 0.040216072956601935 -0.022660464634426329 0.11463219000233488 0.067426658304216347 -0.050597473488049029 0.011789830537376094 -0.047982652526418923 -0.02306390828293552
leaf_weight=3.8701182045042506 1650.7729073092341 158.07683004438877 35.609853446483612 47.55373153090477 33.146945744752884 52.946258641779423 102.01210290938616 16.085116818547249 1.6064511649310595 2.1509542781859645 9.0525358160957676 12.439921759068964 29.152019469533116 70.231640094425529
leaf_count=88 7383 711 156 208 151 247 456 77 15 24 185 195 1637 2569
internal_value=-0.000388735 0.000871226 0.00255767 -0.0112414 -0.0206054 0.000314463 0.0301253 0.0167794 -0.0193619 0.00613577 -0.0242697 0.0303886 -0.0274534 -0.0188458
internal_weight=2224.71 2096.2 1841.34 254.863 191.224 1703.72 137.622 63.6388 128.504 25.2499 11.2035 14.0464 103.254 74.1018
internal_count=14102 9389 8242 1147 862 7630 612 285 4713 419 209 210 4294 2657
cat_boundaries=0 1 2
cat_threshold=48 1
is_linear=0
shrinkage=0.05


Tree=89
num_leaves=9
num_cat=2
split_feature=0 0 33 37 39 5 5 31
split_gain=18.7286 13.157 25.1234 37.0482 22.1717 16.6355 11.2946 2.5198
threshold=0 1 31.550000000000004 55.500000000000007 27.750000000000004 -0.40613878790836588 0.39629089145655316 37.600000000000001
decision_type=1 1 2 2 2 2 2 2
left_child=-1 4 6 -4 5 -2 -3 -6
right_child=1 2 3 -5 7 -7 -8 -9
leaf_value=-0.03556939868098468 -0.0047870327060855348 -0.031382326797453092 -0.0089577356378063352 0.010313437895255103 0.011600851101720471 0.0084784390187832692 -0.0057306169301292783 0.054402347901395337
leaf_weight=25.899747063871473 388.27462434768677 101.60743096657097 547.29736550804228 456.48793425504118 4.7497321218252209 600.94248463958502 74.675942059606314 23.089002698659897
leaf_count=2336 1782 592 3420 2594 23 2775 442 108
internal_value=-0.000243792 0.00034885 -0.00322984 -0.000192309 0.00449126 0.00327207 -0.0206095 0.0477552
internal_weight=2223.02 2197.12 1180.07 1003.79 1017.06 989.217 176.283 27.8387
internal_count=14072 11736 7048 6014 4688 4557 1034 131
cat_boundaries=0 1 2
cat_threshold=16 12
is_linear=0
shrinkage=0.05


Tree=90
num_leaves=9
num_cat=1
split_feature=0 39 37 38 2 39 25 36
split_gain=18.4394 15.6714 44.1651 32.3261 27.5133 23.2797 18.5066 12.0258
threshold=0 19.450000000000003 63.500000000000007 7.9761905000000004 1.5000000000000002 19.750000000000004 6.6145835000000011 97.500000000000014
decision_type=1 2 2 2 2 2 2 2
left_child=-1 2 3 -2 7 -6 -4 -3
right_child=1 4 6 -5 5 -7 -8 -9
leaf_value=-0.035288862027076977 0.0049780095301153356 -0.040067636380461721 -0.011363984600318542 -0.024835549027217435 0.033125589575282464 0.0040480394911795534 -0.047807162309523546 0.002891573569032965
leaf_weight=25.245408565737307 597.17435679025948 47.971877127885818 68.505311364308 106.21864552702755 72.040250018239021 1205.9470563102514 71.637337921187282 24.220029044896364
leaf_count=2342 3158 327 352 637 377 6344 402 126
internal_value=8.53128e-05 0.00066605 -0.00467424 0.000447028 0.00400836 0.00571176 -0.0301995 -0.0258124
internal_weight=2218.96 2193.71 843.536 703.393 1350.18 1277.99 140.143 72.1919
internal_count=14065 11723 4549 3795 7174 6721 754 453
cat_boundaries=0 1
cat_threshold=16
is_linear=0
shrinkage=0.05


Tree=91
num_leaves=15
num_cat=2
split_feature=0 39 36 35 4 4 41 2 0 4 33 39 31 4
split_gain=18.1288 20.4863 20.2046 42.0176 30.1227 26.1701 25.8693 19.5115 18.6066 17.433 45.3347 29.0988 3.37115 0.972278
threshold=0 27.750000000000004 99.500000000000014 78.889881000000017 -0.29343379936893915 -0.83377653105606597 1.0500000000000003 1.5000000000000002 1 -0.39036798905311365 33.550000000000004 19.750000000000004 37.600000000000001 -0.39036798905311365
decision_type=1 2 2 2 2 2 2 2 1 2 2 2 2 2
left_child=1 9 5 6 -5 8 -4 -7 -2 11 -11 -1 -3 -14
right_child=2 12 3 4 -6 7 -8 -9 -10 10 -12 -13 13 -15
leaf_value=-0.0018173038629971411 -0.0059650781277673873 0.0047419446918384942 0.016963258374251746 0.0044421135873324372 0.045109341314700124 -0.027018428671526012 -0.068646937396150923 -0.0020644171956249444 -0.047062874182742576 -0.016110423205540042 0.010182987210175326 0.027834481202817764 0.028031586008223443 0.061083003804313446
leaf_weight=169.5207874327898 67.69471313804388 4.2470702081918743 12.726428710855542 166.81020966777578 61.767473642714322 87.045558359939605 25.492529391311109 712.24983975058421 57.756804547272623 292.16412072628736 370.92079445719719 160.41246218979359 5.609343081712729 16.792625956237313
leaf_count=776 489 21 95 1234 445 781 206 5629 478 1348 1725 745 24 82
internal_value=-0.000461699 0.00440898 -0.00462816 0.00743492 0.01558 -0.00816272 -0.0404342 -0.00481235 -0.0293022 0.00326675 -0.00140906 0.0126398 0.0469086 0.0543586
internal_weight=2211.21 1019.67 1191.54 266.797 228.578 924.747 38.219 799.295 125.452 993.018 663.085 329.933 26.649 22.402
internal_count=14078 4721 9357 1980 1679 7377 301 6410 967 4594 3073 1521 127 106
cat_boundaries=0 1 2
cat_threshold=12 34
is_linear=0
shrinkage=0.05


Tree=92
num_leaves=9
num_cat=2
split_feature=0 34 36 20 39 0 36 10
split_gain=17.1712 13.5946 14.5452 31.5651 22.5557 9.02748 5.53809 1.18156
threshold=0 26.050000000000004 94.500000000000014 33.45000000000001 19.450000000000003 1 90.500000000000014 77.000000000000014
decision_type=1 2 2 2 2 1 2 2
left_child=-1 2 3 -2 -4 7 -7 -3
right_child=1 5 4 -5 -6 6 -8 -9
leaf_value=-0.034915646952182952 -0.052682390243649957 0.0643529036759352 -0.0046983174763702814 -0.004505393131187291 0.0066411182959883602 -0.02737339817382722 0.016082070411661448 0.022003930580784134
leaf_weight=24.424795520957559 36.778431383892894 18.679326176643375 804.50761779118329 342.61204956285655 961.71777123399079 11.313068475574257 17.130837611854076 3.2904529571533194
leaf_count=2359 235 107 4342 1888 5011 72 115 16
internal_value=-0.000383034 0.000174889 -0.000432948 -0.00930193 0.00147632 0.0255838 -0.00115275 0.041275
internal_weight=2220.45 2196.03 2145.62 379.39 1766.23 50.4137 28.4439 21.9698
internal_count=14145 11786 11476 2123 9353 310 187 123
cat_boundaries=0 1 2
cat_threshold=16 5
is_linear=0
shrinkage=0.05


Tree=93
num_leaves=15
num_cat=1
split_feature=0 44 44 40 33 38 4 14 31 33 33 33 38 39
split_gain=17.5059 14.9426 33.6242 26.1684 41.1803 18.7316 18.3285 17.7997 6.3284 8.94411 8.21603 15.954 6.94503 1.22956
threshold=0 45.20000000000001 43.400000000000013 51.650000000000013 36.95000000000001 11.730059500000001 -0.71504373327588355 20.650000000000002 41.95000000000001 31.050000000000004 33.45000000000001 33.350000000000001 11.772321500000002 29.850000000000005
decision_type=1 2 2 2 2 2 2 2 2 2 2 2 2 2
left_child=8 2 5 4 -3 -2 -5 -4 10 -10 11 -1 -11 -12
right_child=1 3 7 6 -6 -7 -8 -9 9 12 13 -13 -14 -15
leaf_value=-0.020075310652245316 -0.00058272858753936083 -0.048120784047025293 0.012045247997927042 -0.026560997558551215 0.014240361459160168 0.025508793176975866 0.014834553822665381 0.05128243036426107 0.072451558195631316 -0.034451612492659066 -0.049596447142843857 0.11084292259878954 0.017500781984167848 0.012076709883618777
leaf_weight=64.868275583721697 1635.4257471188903 79.475259706377983 73.987963795661926 34.98012875020504 38.885955728590488 70.807585224509239 103.27898721396923 47.350690938532352 2.8764483295381096 12.11769265541807 27.09276208141819 1.4274365678429592 11.74006595648825 0.47040748037397762
leaf_count=2383 7325 379 329 159 180 351 448 210 44 368 1611 24 229 4
internal_value=-0.000375953 0.000738665 0.00233019 -0.0105321 -0.0276852 0.00051436 0.00424578 0.027651 -0.0180626 0.00187098 -0.0256044 -0.0156512 -0.00921099 -0.0481579
internal_weight=2204.79 2084.19 1827.57 256.62 118.361 1706.23 138.259 121.339 120.593 26.7342 93.8589 66.2957 23.8578 27.5632
internal_count=14044 9381 8215 1166 559 7676 607 539 4663 641 4022 2407 597 1615
cat_boundaries=0 1
cat_threshold=48
is_linear=0
shrinkage=0.05


Tree=94
num_leaves=15
num_cat=3
split_feature=0 1 4 42 39 37 32 1 21 40 44 36 32 37
split_gain=16.585 36.5877 58.2299 44.5062 42.1039 28.7444 25.6616 25.7081 27.7219 23.2673 16.3215 10.7776 3.9735 3.46394
threshold=0 1 0.94978112945126536 6.5000000000000009 27.450000000000006 33.500000000000007 29.595238000000005 2 23.150000000000002 111.95 35.100000000000001 93.500000000000014 30.780952000000003 36.500000000000007
decision_type=1 1 2 2 2 2 2 1 2 2 2 2 2 2
left_child=6 3 5 4 -2 -3 7 8 -1 -5 -9 13 -13 -8
right_child=1 2 -4 9 -6 -7 11 10 -10 -11 -12 12 -14 -15
leaf_value=0.011254345916562235 -0.024088134780363309 0.027132959376650861 -0.077811383503709475 0.026611081219439225 0.092172717087257522 -0.017524500633841235 0.033050692506985543 -0.0022484652653843255 -0.010730588542823417 -0.028286237939669914 0.013766828575712341 0.011597092902433609 -0.033568909743404617 0.065056687741019678
leaf_weight=190.06630305945873 126.12871025456116 41.170577107928693 35.976886529941112 169.58648183243349 7.3199125723913303 249.55043299263343 50.900024011731148 247.31425350159407 574.52914326637983 20.939555985853076 443.67408901453018 22.452166378498081 5.1495847553014746 11.352569811046122
leaf_count=824 1428 501 391 1782 61 2615 265 1184 2452 218 2107 101 23 59
internal_value=-0.000171965 -0.0068014 -0.0186873 0.00499571 -0.0170729 -0.011129 0.00264866 0.00105589 -0.00525792 0.0204615 0.00803977 0.0284465 0.00229154 0.0398236
internal_weight=2196.11 650.673 326.698 323.975 133.449 290.721 1545.44 1455.58 764.595 190.526 690.988 89.8543 27.6018 62.2526
internal_count=14011 6996 3507 3489 1489 3116 7015 6567 3276 2000 3291 448 124 324
cat_boundaries=0 1 2 3
cat_threshold=13 1 1
is_linear=0
shrinkage=0.05


Tree=95
num_leaves=9
num_cat=2
split_feature=0 44 38 32 40 6 5 1
split_gain=15.7459 13.0083 22.7751 18.4274 31.0958 15.692 14.653 6.40922
threshold=0 46.600000000000001 11.730059500000001 29.330059500000001 51.650000000000013 2.5000000000000004 -0.54219087765047058 1
decision_type=1 2 2 2 2 2 2 1
left_child=-1 2 5 4 -3 -2 -4 -5
right_child=1 3 6 7 -6 -7 -8 -9
leaf_value=-0.034155033210935964 -0.008943627162400266 -0.043803150594065247 0.04849571450772016 0.049851911120078883 -0.0005697245712422039 0.0023945394760957178 0.010910750373304811 0.00064216444612408372
leaf_weight=22.826496002264321 383.9527743877843 68.327604207210243 35.944601908326149 13.186077654361725 104.02531458064914 1471.2998968781903 89.922609553672373 12.450259052217007
leaf_count=2345 2184 391 191 63 531 7783 525 63
internal_value=-0.000304055 0.000221693 0.00144608 -0.0119643 -0.017863 4.45016e-05 0.0219418 0.0268746
internal_weight=2201.94 2179.11 1981.12 197.989 172.353 1855.25 125.867 25.6363
internal_count=14076 11731 10683 1048 922 9967 716 126
cat_boundaries=0 1 2
cat_threshold=16 1
is_linear=0
shrinkage=0.05


Tree=96
num_leaves=9
num_cat=3
split_feature=0 0 1 34 34 39 40 2
split_gain=15.0995 12.8282 25.2255 17.6696 17.1294 15.0092 15.4954 12.1389
threshold=0 1 2 24.450000000000003 20.850000000000005 14.750000000000002 79.550000000000011 9.5000000000000018
decision_type=1 1 1 2 2 2 2 2
left_child=-1 2 4 -4 -2 6 -3 -7
right_child=1 5 3 -5 -6 7 -8 -9
leaf_value=-0.03381779121306961 -0.047430343398536426 -0.011309849377162737 0.031059619078640355 -0.0023363539712787785 0.0012782427748721588 -0.0029724964586566741 -0.065641256688735286 0.0078574184408033449
leaf_weight=22.175444351974875 18.415585875511169 60.566958734765649 136.35275977104902 55.470356911420822 255.97295302152634 1308.4927329914644 15.973906273022292 321.46578403748572
leaf_count=2358 81 351 908 269 1108 7241 97 1656
internal_value=-0.000341256 0.000170609 0.00742181 0.0214403 -0.00215119 -0.00184525 -0.023349 -0.000833077
internal_weight=2194.89 2172.71 466.212 191.823 274.389 1706.5 76.5409 1629.96
internal_count=14069 11711 2366 1177 1189 9345 448 8897
cat_boundaries=0 1 2 3
cat_threshold=16 4 1
is_linear=0
shrinkage=0.05


Tree=97
num_leaves=9
num_cat=1
split_feature=0 10 13 26 35 32 25 13
split_gain=14.4935 12.9887 12.7754 20.6785 17.2964 10.3048 2.87173 0.317242
threshold=0 90.125000000000014 7.7500000000000009 19.550000000000004 87.910714500000026 26.623214000000004 7.3118055000000011 8.8000000000000025
decision_type=1 2 2 2 2 2 2 2
left_child=-1 2 4 -4 -2 6 -3 -7
right_child=1 5 3 -5 -6 7 -8 -9
leaf_value=-0.033379179747182845 0.0069984006021150194 -0.018751500910547295 -0.011053764902843016 0.0025438935348749197 -0.021143716998469418 -0.060794913599289395 0.015252673192502229 -0.029991815625823322
leaf_weight=21.355551789980382 877.31503583211452 14.364310037344696 446.10479768272489 745.53192787058651 57.257337464950979 13.109724286943676 9.4822708778083307 4.3481462039053431
leaf_count=2352 4683 81 2451 4048 313 74 48 26
internal_value=-0.000161879 0.000333029 0.000879994 -0.00255157 0.00525349 -0.0270993 -0.00516052 -0.0551635
internal_weight=2188.87 2167.51 2126.21 1191.64 934.572 41.3045 23.8466 17.4579
internal_count=14076 11724 11495 6499 4996 229 129 100
cat_boundaries=0 1
cat_threshold=16
is_linear=0
shrinkage=0.05


Tree=98
num_leaves=9
num_cat=1
split_feature=0 5 34 39 44 34 33 14
split_gain=13.7036 11.5915 39.5961 27.5593 22.5001 22.0228 12.3752 6.24501
threshold=0 0.33222858587828868 23.750000000000004 15.050000000000002 45.20000000000001 23.050000000000004 33.350000000000001 16.850000000000005
decision_type=1 2 2 2 2 2 2 2
left_child=-1 3 4 6 -3 -5 -2 -4
right_child=1 2 7 5 -6 -7 -8 -9
leaf_value=-0.033050262219150327 -0.047330638049823757 0.0029283555041082383 0.061719155886046095 0.027856225332317811 -0.054211932587121162 -0.0027065452645450797 0.01519684851810328 0.028280375494435378
leaf_weight=20.77462787181139 46.187460400164127 715.32469160854816 25.616421740502119 60.818316290155053 16.653553365729749 1266.7239061696455 9.009530130773781 36.555570155382156
leaf_count=2363 279 3906 141 329 111 6766 49 190
internal_value=-0.00045261 2.51486e-05 0.00483613 -0.00273926 0.00155614 -0.00128647 -0.0370358 0.0428169
internal_weight=2197.66 2176.89 794.15 1382.74 731.978 1327.54 55.197 62.172
internal_count=14134 11771 4348 7423 4017 7095 328 331
cat_boundaries=0 1
cat_threshold=16
is_linear=0
shrinkage=0.05


Tree=99
num_leaves=15
num_cat=1
split_feature=0 4 37 34 4 39 2 42 43 19 43 43 4 35
split_gain=15.3084 19.9457 24.5797 34.5095 21.508 18.6754 21.6738 25.1375 17.3921 15.0825 11.6373 17.1007 10.6734 9.59379
threshold=0 -0.92923668111203817 55.500000000000007 24.550000000000004 0.61237135649459018 25.350000000000005 8.5000000000000018 4.5000000000000009 27.050000000000004 29.143055500000003 31.200000000000006 34.250000000000007 -0.94705910369513513 87.00892850000001
decision_type=1 2 2 2 2 2 2 2 2 2 2 2 2 2
left_child=5 10 4 -4 -3 6 7 -1 -8 12 13 -12 -7 -2
right_child=1 2 3 -5 -6 9 8 -9 -10 -11 11 -13 -14 -15
leaf_value=0.012861739308789769 -0.0076283307184113434 -0.021118796174235632 0.011313085358446107 -0.025788005309432538 -0.0013289793059993373 -0.048355382083596139 0.020812595769745791 -0.0090520922758365093 -0.0095257571438775689 0.064053395367164201 0.041149336765004353 -0.033395924672772741 0.020304523395142604 -0.04218584145070934
leaf_weight=178.54400959610939 29.361523658968508 231.98989884043112 420.12391648301855 72.669609752018005 334.63193500461057 5.2666347324848166 203.01565435528755 481.95408630371094 60.824065655469894 19.053826697170734 14.516864114440979 14.27127281250432 62.43712592124939 66.27365614566952
leaf_count=866 226 1940 3095 606 2766 24 949 2214 279 96 104 103 291 518
internal_value=-0.000719038 -0.00455558 -0.00235954 0.00580084 -0.00945438 0.00378069 0.00172335 -0.00311792 0.013809 0.0258616 -0.0234493 0.00431415 0.0143374 -0.0317649
internal_weight=2194.93 1183.84 1059.42 492.794 566.622 1011.1 924.338 660.498 263.84 86.7576 124.423 28.7881 67.7038 95.6352
internal_count=14077 9358 8407 3701 4706 4719 4308 3080 1228 411 951 207 315 744
cat_boundaries=0 1
cat_threshold=12
is_linear=0
shrinkage=0.05


Tree=100
num_leaves=9
num_cat=1
split_feature=0 8 6 6 44 39 40 5
split_gain=13.2945 11.9718 15.276 26.0116 13.5887 9.39487 23.8099 13.38
threshold=0 30.150000000000002 2.5000000000000004 1.5000000000000002 45.20000000000001 22.150000000000002 55.750000000000007 -0.28519997588938983
decision_type=1 2 2 2 2 2 2 2
left_child=-1 5 3 -3 -4 7 -7 -2
right_child=1 2 4 -5 -6 6 -8 -9
leaf_value=-0.032581428604699682 -0.031849678641349521 -0.0012789690027312454 0.0062538352536204451 -0.035972203022250814 -0.0093365822502006392 -0.052168754096104657 0.015223596955253632 -0.0053832006753241242
leaf_weight=19.973073421046138 72.555058769881725 399.6454086182639 1245.9569338550791 61.488651190884411 156.51506085880101 14.654573157429693 79.662924993783236 137.63426972460002
leaf_count=2365 402 2254 6654 377 826 77 411 756
internal_value=-5.4591e-05 0.000408259 0.00191319 -0.00597287 0.00450854 -0.00876478 0.00431506 -0.0146267
internal_weight=2188.09 2168.11 1863.61 461.134 1402.47 304.507 94.3175 210.189
internal_count=14122 11757 10111 2631 7480 1646 488 1158
cat_boundaries=0 1
cat_threshold=16
is_linear=0
shrinkage=0.05


Tree=101
num_leaves=9
num_cat=1
split_feature=0 20 44 31 19 26 5 19
split_gain=12.592 10.9949 16.0527 22.7058 19.8927 12.3322 21.1571 7.3282
threshold=0 30.950000000000003 46.600000000000001 43.400000000000013 29.275694500000004 21.850000000000005 -0.10837475778693634 26.806944500000004
decision_type=1 2 2 2 2 2 2 2
left_child=-1 5 3 -3 -4 6 -2 -7
right_child=1 2 4 -5 -6 7 -8 -9
leaf_value=-0.03219512452235733 -0.037219529058586991 0.0016323956224391725 -0.023187690880198415 0.028263191232892511 0.023183419461955849 0.022836154595213966 -0.0034633854150671012 -0.014480415147605594
leaf_weight=19.328270295169204 69.720378507860005 1668.1605279911309 118.50868716463447 83.085075728595257 27.82284414768219 39.659873574972153 135.76785984635353 18.632364209741354
leaf_count=2350 393 9069 656 434 139 201 732 96
internal_value=-0.000201554 0.000247057 0.00157925 0.00291126 -0.0142734 -0.00929687 -0.0150413 0.0108653
internal_weight=2180.69 2161.36 1897.58 1751.25 146.332 263.78 205.488 58.2922
internal_count=14070 11720 10298 9503 795 1422 1125 297
cat_boundaries=0 1
cat_threshold=16
is_linear=0
shrinkage=0.05


Tree=102
num_leaves=14
num_cat=1
split_feature=34 36 8 35 43 42 4 39 36 1 26 24 42
split_gain=12.3258 16.2533 35.0938 24.1304 21.1531 18.1741 15.7674 11.3102 2.031 4.66662 1.56768 1.01363 0.325096
threshold=26.050000000000004 94.500000000000014 33.350000000000001 68.25892850000001 9.3500000000000032 3.5000000000000004 0.534952257794027 19.350000000000005 88.500000000000014 0 20.650000000000002 23.500000000000004 5.5000000000000009
decision_type=2 2 2 2 2 2 2 2 2 1 2 2 2
left_child=1 2 7 6 -5 -4 -3 -1 9 -2 12 -12 -10
right_child=8 3 5 4 -6 -7 -8 -9 10 -11 11 -13 -14
leaf_value=0.0020271368858488831 0.035417478008935167 0.0039522723138998616 0.010064361750438568 -0.011722729866475969 0.0025007633515196194 -0.014730908238157925 0.036939341695678994 -0.046987337765339247 -0.0017012624498332178 -0.042393644035073064 0.0082345520484248605 0.037562006203687832 0.016110279280457395
leaf_weight=14.078884605318306 2.9508170187473288 71.017569727264345 151.78706383798271 327.02954465104267 1285.873045803979 142.1571814310737 73.516246375162154 68.333576367702335 3.2615304579958293 2.7661578981205821 4.0257153189741102 26.915673608426005 8.5215786551125348
leaf_count=100 23 489 983 2126 8114 934 470 517 20 20 33 207 56
internal_value=-7.87921e-05 -0.000650361 -0.0100657 0.00137052 -0.000388646 -0.0019364 0.0208695 -0.0386901 0.0246021 -0.00293781 0.0282702 0.0341235 0.0114327
internal_weight=2182.23 2133.79 376.357 1757.44 1612.9 293.944 144.534 82.4125 48.4415 5.71697 42.7245 30.9414 11.7831
internal_count=14092 13733 2534 11199 10240 1917 959 617 359 43 316 240 76
cat_boundaries=0 1
cat_threshold=1
is_linear=0
shrinkage=0.05


Tree=103
num_leaves=15
num_cat=0
split_feature=5 34 39 34 38 36 4 32 41 33 43 20 2 26
split_gain=12.808 31.5926 24.5303 35.7335 41.332 23.8371 45.4715 33.6298 20.8093 25.4895 14.4934 7.60744 7.27226 2.89722
threshold=0.39629089145655316 23.650000000000002 19.450000000000003 23.250000000000004 6.9169645000000015 94.500000000000014 0.68432406471780916 27.916964500000002 50.350000000000009 36.750000000000007 32.550000000000004 36.250000000000007 9.5000000000000018 18.650000000000002
decision_type=2 2 2 2 2 2 2 2 2 2 2 2 2 2
left_child=2 5 3 12 -5 7 -7 -2 9 -4 -10 13 -1 -3
right_child=1 11 8 4 -6 6 -8 -9 10 -11 -12 -13 -14 -15
leaf_value=0.040161740109208866 -0.038759400551212908 0.064244025585265957 -0.016421070600814103 -0.0020094592797057888 -0.033957760769784642 0.0010986187044033835 0.043573457003318057 0.010020745449536119 0.011788482168598092 0.0090556223332330012 -0.0081056484913581504 -0.0035946873493331644 -0.00087446033653819561 0.036304432247023753
leaf_weight=33.439211574848741 75.585272088181227 16.9666294651106 263.30355603713542 209.22961454186589 195.37722045741975 477.16202167095616 71.607641920913011 64.978500341065228 448.1506494609639 155.38897815300152 114.22725695837289 8.7003595447167736 15.665231353603302 35.061718076001853
leaf_count=206 582 110 1718 1310 1378 3063 463 431 2723 1044 696 52 97 218
internal_value=-0.000217367 0.00507337 -0.00298482 -0.0125847 -0.0174824 0.0020017 0.00671024 -0.0162983 0.0014631 -0.00696688 0.00774048 0.0393428 0.0273143 0.0464553
internal_weight=2184.84 750.062 1434.78 453.711 404.607 689.333 548.77 140.564 981.07 418.693 562.378 60.7287 49.1044 52.0283
internal_count=14091 4919 9172 2991 2688 4539 3526 1013 6181 2762 3419 380 303 328
is_linear=0
shrinkage=0.05


Tree=104
num_leaves=15
num_cat=2
split_feature=0 1 35 34 4 38 32 39 38 39 5 39 36 5
split_gain=15.5294 27.464 19.1702 18.5986 15.2394 28.4436 23.7322 18.8903 35.0463 15.558 14.623 14.5163 14.2093 12.9089
threshold=0 1 87.824405000000013 20.350000000000005 0.84313847884979054 11.015178500000001 27.223809500000005 15.050000000000002 8.5220240000000018 24.650000000000002 0.33222858587828868 19.050000000000004 94.500000000000014 0.097680735332368721
decision_type=1 1 2 2 2 2 2 2 2 2 2 2 2 2
left_child=1 2 3 -1 5 6 -2 -6 -9 -7 11 -3 -12 -4
right_child=4 10 13 -5 7 9 -8 8 -10 -11 12 -13 -14 -15
leaf_value=-0.057937804322673217 -0.0081054947662980263 -0.012237825477374301 -0.012690176803962276 0.0053038278196245901 -0.06786983433568626 0.038388331400501428 0.0058494694131102582 0.030337712477460883 -0.015991451824463356 0.0043927076506455392 0.0076950869804518762 0.024550852939718121 0.058747768291452535 -0.088532855558898282
leaf_weight=11.226558670401571 725.932579358574 38.773921303451061 13.889077678322794 236.01418808847666 13.377011166419832 68.453230519313365 523.5538290576078 46.889986135531217 277.32514924416319 65.859729424118996 20.374105237424374 82.432653121650219 42.325363360345364 8.896721884608267
leaf_count=52 4894 213 61 1028 102 458 3516 309 1979 439 115 511 314 36
internal_value=-3.80002e-05 0.00807625 -0.00190545 0.00221036 -0.00221521 9.8283e-05 -0.00225815 -0.011736 -0.00921836 0.0218744 0.0231001 0.0127783 0.0425395 -0.0447801
internal_weight=2175.32 453.933 270.027 247.241 1721.39 1383.8 1249.49 337.592 324.215 134.313 183.906 121.207 62.6995 22.7858
internal_count=14027 2330 1177 1080 11697 9307 8410 2390 2288 897 1153 724 429 97
cat_boundaries=0 1 2
cat_threshold=4 1
is_linear=0
shrinkage=0.05


Tree=105
num_leaves=15
num_cat=3
split_feature=0 38 34 5 39 5 43 39 33 33 1 39 32 1
split_gain=13.0888 13.4903 20.5586 17.4605 16.9809 18.121 12.0576 6.59717 7.76499 13.6145 3.67569 10.0824 8.3727 2.97938
threshold=0 6.4553575000000007 23.950000000000003 0.42763731121559989 15.050000000000002 0.18281312110578127 14.650000000000002 25.100000000000005 33.45000000000001 33.350000000000001 1 25.950000000000003 27.197321500000005 2
decision_type=1 2 2 2 2 2 2 2 2 2 1 2 2 1
left_child=7 2 3 -2 5 -3 -6 8 9 -1 11 -9 -12 -4
right_child=1 4 13 -5 6 -7 -8 10 -10 -11 12 -13 -14 -15
leaf_value=-0.019269776257707934 -0.010796926371658721 -0.051985141430238073 0.024975634541130207 0.014475402683042607 -0.0040480472140529272 -0.00010459587366647976 0.0045408897079903827 -0.03834530617493645 -0.048973386344626023 0.097304574250704767 0.027242427971207336 0.041039403690783696 -0.048914741692392572 0.049567564547182828
leaf_weight=63.117339429445565 114.76149375736713 32.347542032599449 30.429819166660309 166.01460640132427 906.89505043625832 33.99102345854044 742.05271002650261 4.8254618518985835 22.341905724722892 1.6238451795652498 5.521726190112533 12.256479535717515 7.3041942464187741 26.055082954466343
leaf_count=2549 505 174 127 738 4229 156 3317 110 1571 24 100 182 197 120
internal_value=-0.000357407 0.000608395 0.00973736 0.0041442 -0.00118763 -0.0257985 -0.000182479 -0.01587 -0.0241062 -0.0149102 0.00298076 0.0177337 -0.0165291 0.0369842
internal_weight=2169.54 2052.55 337.261 280.776 1715.29 66.3386 1648.95 116.991 87.0831 64.7412 29.9079 17.0819 12.8259 56.4849
internal_count=14099 9366 1490 1243 7876 330 7546 4733 4144 2573 589 292 297 247
cat_boundaries=0 1 2 3
cat_threshold=48 1 1
is_linear=0
shrinkage=0.05


Tree=106
num_leaves=9
num_cat=2
split_feature=0 44 44 37 32 0 7 10
split_gain=12.3149 11.766 25.5833 16.8292 25.5471 23.5271 16.7047 15.7491
threshold=0 45.20000000000001 43.400000000000013 66.500000000000014 29.350893000000003 1 27.297917000000002 62.604166500000012
decision_type=1 2 2 2 2 1 2 2
left_child=-1 2 7 4 -3 -5 -4 -2
right_child=1 3 6 5 -6 -7 -8 -9
leaf_value=-0.031561652827534384 0.014627673457804427 -0.023082110909825815 0.0054486554896993784 0.043177111370413641 0.025393891805884247 -0.010231504189006929 0.041537234455342575 -0.00075575968031345254
leaf_weight=18.333590349182487 185.40290859900415 175.82039219141006 62.955040894448757 23.295910105109215 31.260396268218756 46.717394977807999 65.094420865178108 1547.8521020496264
leaf_count=2356 1051 960 325 144 156 219 344 8445
internal_value=0.000626679 0.00105984 0.00249687 -0.00852916 -0.0156774 0.0125366 0.0239741 0.000897262
internal_weight=2156.73 2138.4 1861.3 277.094 207.081 70.0133 128.049 1733.26
internal_count=14000 11644 10165 1479 1116 363 669 9496
cat_boundaries=0 1 2
cat_threshold=16 40
is_linear=0
shrinkage=0.05


Tree=107
num_leaves=7
num_cat=1
split_feature=22 0 39 37 25 13
split_gain=11.4722 11.1848 10.7553 25.2006 22.4631 0.230126
threshold=55.000000000000007 0 20.250000000000004 63.500000000000007 7.8250000000000011 9.4625000000000004
decision_type=2 1 2 2 2 2
left_child=5 -2 3 -3 -4 -1
right_child=1 2 4 -5 -6 -7
leaf_value=-0.029753496210107578 -0.031146014163278203 -0.00019597657975800429 0.017129782925790062 -0.022649525093366412 -4.435791571725419e-05 -0.067360334425442772
leaf_weight=3.333653080277144 17.714488635538146 818.3644528593868 239.29110145941377 146.48726482782513 916.91817296016961 4.6623847433365881
leaf_count=36 2345 4519 1253 823 4999 32
internal_value=-0.000386623 -0.000149556 0.000269375 -0.00362488 0.00352176 -0.0567318
internal_weight=2146.77 2138.78 2121.06 964.852 1156.21 7.99604
internal_count=14007 13939 11594 5342 6252 68
cat_boundaries=0 1
cat_threshold=16
is_linear=0
shrinkage=0.05


Tree=108
num_leaves=15
num_cat=2
split_feature=34 0 40 44 42 44 36 34 26 22 1 8 4 7
split_gain=12.4829 13.9693 12.7157 17.1 13.675 8.53084 9.23763 7.91972 7.55623 2.8332 2.31941 1.14148 0.0441647 0.00513717
threshold=20.250000000000004 0 0.75000000000000011 48.800000000000004 3.5000000000000004 39.400000000000013 99.500000000000014 19.200000000000003 12.15 78.173611000000008 1 30.550000000000004 0.534952257794027 25.610416500000003
decision_type=2 1 2 2 2 2 2 2 2 2 1 2 2 2
left_child=7 5 4 -4 -3 8 -7 9 -2 10 -1 -9 -13 -11
right_child=1 2 3 -5 -6 6 -8 11 -10 13 -12 12 -14 -15
leaf_value=0.020550339958187346 0.030596394410249667 0.017466642783511243 0.0013930556528779312 -0.023120952619903865 -0.052348348902565428 -0.011595829325415244 0.047000963323794505 -0.003799229352095443 -0.037309816957223282 -0.017056447249011421 -0.011279976089214216 -0.038074783969160836 -0.060552090455094701 -0.038531257590530624
leaf_weight=11.232332497835159 3.7297756676562122 165.39923102408648 1746.5860468894243 73.158024586737156 6.3700699582695952 49.730545875616372 6.7597242412157348 2.2262551896274116 48.021979636047035 2.9522589286789289 9.8690146962180769 24.425073807127777 3.3618195019662371 2.6527968412265182
leaf_count=64 126 775 7874 361 30 1517 162 17 2741 22 62 229 39 21
internal_value=4.10637e-06 0.000634377 0.00161822 0.000395377 0.0145895 -0.0159997 -0.00388845 -0.0229352 -0.0319285 -0.00286511 0.00582663 -0.0401258 -0.0428032 -0.031515
internal_weight=2156.47 2099.76 1991.51 1819.74 171.769 108.242 56.4903 56.7196 51.7518 26.7064 21.1013 30.0131 27.7869 5.60506
internal_count=14040 13586 9040 8235 805 4546 1679 454 2867 169 126 285 268 43
cat_boundaries=0 1 2
cat_threshold=48 1
is_linear=0
shrinkage=0.05


Tree=109
num_leaves=15
num_cat=2
split_feature=0 1 32 33 2 44 44 39 2 32 33 40 5 40
split_gain=10.4284 26.6577 14.594 21.7427 13.713 21.6719 12.4799 10.6699 12.9899 20.1973 16.3872 9.1026 8.27535 4.2929
threshold=0 1 27.441964000000002 34.45000000000001 11.500000000000002 30.050000000000001 50.20000000000001 14.65 9.5000000000000018 26.570536000000001 32.550000000000004 79.550000000000011 0.93769647993491489 56.250000000000007
decision_type=1 1 2 2 2 2 2 2 2 2 2 2 2 2
left_child=1 4 6 -4 5 -1 -3 11 9 -9 -10 13 -6 -2
right_child=7 2 3 -5 12 -7 -8 8 10 -11 -12 -13 -14 -15
leaf_value=0.046679801019737531 -0.015653686805682559 0.038588024694138967 -0.022437588241933887 0.027235495031895131 0.0010461796483017315 -0.0047437504517341437 -0.04479475226589294 -0.020209406349264956 0.01160661979578061 -0.0010453007087947758 -0.02604710639599786 -0.058700626894095193 -0.069613305720386584 0.039832840475969064
leaf_weight=21.441304877400398 50.111738605890423 91.712493784725666 36.847263999283314 51.811514392495155 6.3017252683639553 234.47248496860266 3.9059220775961867 154.91877345507964 290.10330908419564 1164.0361768626608 31.133720199111849 12.291274777613578 10.938069447875021 2.7943307082168749
leaf_count=91 385 637 205 311 27 1032 19 1162 1849 7984 200 108 46 18
internal_value=-9.34256e-05 0.00651986 0.0213031 0.00657098 -0.00325685 -0.000270391 0.0347535 -0.00189716 -0.00111328 -0.00330984 0.00788778 -0.0215893 -0.0451436 -0.0120385
internal_weight=2162.82 457.431 184.277 88.6588 273.154 255.914 95.6184 1705.39 1640.19 1318.95 321.237 65.1973 17.2398 52.9061
internal_count=14074 2368 1172 516 1196 1123 656 11706 11195 9146 2049 511 73 403
cat_boundaries=0 1 2
cat_threshold=4 1
is_linear=0
shrinkage=0.05


Tree=110
num_leaves=15
num_cat=1
split_feature=25 33 36 5 26 40 5 5 39 26 39 43 33 0
split_gain=11.0265 30.8772 31.0697 23.9204 19.9169 23.9195 20.471 17.0017 39.8985 16.0777 16.0128 13.845 12.4875 8.00089
threshold=7.7979165000000004 31.850000000000005 89.500000000000014 -0.074115882986646578 19.550000000000004 75.050000000000011 -0.8142754349318998 -0.38243420677835344 18.750000000000004 10.500000000000002 22.650000000000002 21.950000000000003 33.250000000000007 0
decision_type=2 2 2 2 2 2 2 2 2 2 2 2 2 1
left_child=1 3 -3 11 7 6 -6 8 -2 -4 -9 -1 -7 -5
right_child=4 2 9 13 5 12 -8 10 -10 -11 -12 -13 -14 -15
leaf_value=-0.0022679793060436989 -0.057806798684421637 -0.057171448615800285 -0.046626235599435045 0.0045420564016658664 -0.027059613194875626 0.011629986133668139 -0.00033381821955459986 0.0036372168613538758 -0.0069854493511769325 0.012054611828435509 -0.029467370486878499 -0.05166095540504434 0.058109046435567163 -0.015901337865267633
leaf_weight=20.605224224738777 57.686727517284453 16.127933682408184 10.915693970862774 144.24993179738522 83.133038097061217 213.23354006325826 483.0912094428204 173.69069446669891 113.90853211143985 671.02582943439484 45.201886830851436 45.234055754728615 14.613348286598919 58.558424348011613
leaf_count=132 442 129 77 653 527 1309 3285 1151 713 4280 300 331 89 644
internal_value=-0.000108189 0.00385214 0.00939277 -0.0105264 -0.00334073 0.0012082 -0.00429849 -0.0125706 -0.0243065 0.0110484 -0.00330189 -0.036468 0.0148519 -0.00196713
internal_weight=2151.28 966.717 698.069 268.648 1184.56 794.071 566.224 390.488 171.595 681.942 218.893 65.8393 227.847 202.808
internal_count=14062 6246 4486 1760 7816 5210 3812 2606 1155 4357 1451 463 1398 1297
cat_boundaries=0 1
cat_threshold=13
is_linear=0
shrinkage=0.05


end of trees

feature_importances:
age_group=199
temperature_min_7d=150
wind_speed_max_7d=132
day_of_year_cos=112
wind_gust_max_7d=72
gender=68
day_of_year_sin=67
temperature_max_7d=62
wind_speed_mean_7d=46
humidity_max_7d=39
month=38
temperature_mean_7d=34
wind_speed_max_3d=32
wind_speed_mean_3d=28
humidity_min_7d=24
weather_code_current=22
humidity_mean_7d=21
precipitation_sum_7d=19
temperature_max_current=16
temperature_max_3d=14
rain_max_daily_7d=14
humidity_min_current=10
wind_gust_max_3d=9
humidity_mean_current=8
humidity_mean_3d=8
temperature_mean_3d=7
temperature_min_3d=7
humidity_max_3d=7
rain_sum_7d=6
wind_speed_mean_current=5
wind_speed_max_current=5
rain_days_7d=5
temperature_mean_current=3
humidity_min_3d=3
precipitation_sum_3d=2
rain_max_daily_3d=2
humidity_max_current=1
wind_gust_max_current=1

parameters:
[boosting: gbdt]
[objective: binary]
[metric: binary_logloss]
[tree_learner: serial]
[device_type: cpu]
[data_sample_strategy: bagging]
[data: ]
[valid: ]
[num_iterations: 111]
[learning_rate: 0.05]
[num_leaves: 15]
[num_threads: 8]
[seed: 42]
[deterministic: 0]
[force_col_wise: 0]
[force_row_wise: 0]
[histogram_pool_size: -1]
[max_depth: 4]
[min_data_in_leaf: 20]
[min_sum_hessian_in_leaf: 0.001]
[bagging_fraction: 0.9]
[pos_bagging_fraction: 1]
[neg_bagging_fraction: 1]
[bagging_freq: 1]
[bagging_seed: 400]
[bagging_by_query: 0]
[feature_fraction: 0.9]
[feature_fraction_bynode: 1]
[feature_fraction_seed: 30056]
[extra_trees: 0]
[extra_seed: 12879]
[early_stopping_round: 0]
[early_stopping_min_delta: 0]
[first_metric_only: 0]
[max_delta_step: 0]
[lambda_l1: 0]
[lambda_l2: 1]
[linear_lambda: 0]
[min_gain_to_split: 0]
[drop_rate: 0.1]
[max_drop: 50]
[skip_drop: 0.5]
[xgboost_dart_mode: 0]
[uniform_drop: 0]
[drop_seed: 17869]
[top_rate: 0.2]
[other_rate: 0.1]
[min_data_per_group: 100]
[max_cat_threshold: 32]
[cat_l2: 10]
[cat_smooth: 10]
[max_cat_to_onehot: 4]
[top_k: 20]
[monotone_constraints: ]
[monotone_constraints_method: basic]
[monotone_penalty: 0]
[feature_contri: ]
[forcedsplits_filename: ]
[refit_decay_rate: 0.9]
[cegb_tradeoff: 1]
[cegb_penalty_split: 0]
[cegb_penalty_feature_lazy: ]
[cegb_penalty_feature_coupled: ]
[path_smooth: 0]
[interaction_constraints: ]
[verbosity: -1]
[saved_feature_importance_type: 0]
[use_quantized_grad: 0]
[num_grad_quant_bins: 4]
[quant_train_renew_leaf: 0]
[stochastic_rounding: 1]
[linear_tree: 0]
[max_bin: 255]
[max_bin_by_feature: ]
[min_data_in_bin: 3]
[bin_construct_sample_cnt: 200000]
[data_random_seed: 175]
[is_enable_sparse: 1]
[enable_bundle: 1]
[use_missing: 1]
[zero_as_missing: 0]
[feature_pre_filter: 1]
[pre_partition: 0]
[two_round: 0]
[header: 0]
[label_column: ]
[weight_column: ]
[group_column: ]
[ignore_column: ]
[categorical_feature: 0,1,3]
[forcedbins_filename: ]
[precise_float_parser: 0]
[parser_config_file: ]
[objective_seed: 16083]
[num_class: 1]
[is_unbalance: 0]
[scale_pos_weight: 1]
[sigmoid: 1]
[boost_from_average: 1]
[reg_sqrt: 0]
[alpha: 0.9]
[fair_c: 1]
[poisson_max_delta_step: 0.7]
[tweedie_variance_power: 1.5]
[lambdarank_truncation_level: 30]
[lambdarank_norm: 1]
[label_gain: ]
[lambdarank_position_bias_regularization: 0]
[eval_at: ]
[multi_error_top_k: 1]
[auc_mu_weights: ]
[num_machines: 1]
[local_listen_port: 12400]
[time_out: 120]
[machine_list_filename: ]
[machines: ]
[gpu_platform_id: -1]
[gpu_device_id: -1]
[gpu_device_id_list: ]
[gpu_use_dp: 0]
[num_gpu: 1]

end of parameters

pandas_categorical:[]
