tree
version=v4
num_class=1
num_tree_per_iteration=1
label_index=0
max_feature_idx=44
objective=binary sigmoid:1
feature_names=age_group gender month season day_of_year_sin day_of_year_cos weather_code_current temperature_mean_current temperature_max_current temperature_min_current humidity_mean_current humidity_max_current humidity_min_current wind_speed_mean_current wind_speed_max_current precipitation_sum_current rain_sum_current wind_gust_max_current rain_day_current temperature_mean_3d temperature_max_3d temperature_min_3d humidity_mean_3d humidity_max_3d humidity_min_3d wind_speed_mean_3d wind_speed_max_3d precipitation_sum_3d rain_sum_3d rain_days_3d rain_max_daily_3d wind_gust_max_3d temperature_mean_7d temperature_max_7d temperature_min_7d humidity_mean_7d humidity_max_7d humidity_min_7d wind_speed_mean_7d wind_speed_max_7d precipitation_sum_7d rain_sum_7d rain_days_7d rain_max_daily_7d wind_gust_max_7d
feature_infos=-1:0:1:2:3:4:5 -1:0:1 [1:12] -1:1:0 [-0.99999942202469239:0.99998555065071859] [-0.99997919295908244:0.9999907524084426] [0:61] [23.658332999999999:32.533332999999999] [25.899999999999999:39.200000000000003] [17.899999999999999:29.300000000000001] [48.958333000000003:91.625] [63:100] [23:86] [2.8541669999999999:19.695833] [6.4000000000000004:30.100000000000001] [0:63.100000000000001] [0:63.100000000000001] [14:56.899999999999999] [0:1] [23.766667000000002:32.427778000000004] [27.699999999999999:39.200000000000003] [17.899999999999999:28.100000000000001] [52.569443999999997:90.694444000000004] [73:100] [23:79] [4.125:17.329167000000002] [9.6999999999999993:30.100000000000001] [0:93.900000000000006] [0:93.900000000000006] [0:3] [0:63.100000000000001] [17.300000000000001:56.899999999999999] [24.365476000000001:32.235118999999997] [28.699999999999999:39.200000000000003] [17.899999999999999:27.5] [55.767856999999999:89.523809999999997] [77:100] [23:72] [4.5327380000000002:15.469643] [11.6:30.100000000000001] [0:163.90000000000001] [0:163.90000000000001] [0:7] [0:63.100000000000001] [23:56.899999999999999]
tree_sizes=1357 1715 1712 1393 1627 1726 1109 1717 1724 1709 1733 1731 1724 1716 1723 1506 1627 1736 1714 1108 1726 1720 1735 1724 1723 1721 1746 1726 1601 1746 1707 1743 1729 1736 1713 1734 1727 1736 1505 1106 1702 1738 1728 1519 1523 1507 1409 1745 1730 1415 1525 1418 1523 1520 1397 1506 1414 1770 1718 1525 1312 1416 1525 1518 1434 1098 1525 1736 1111 1513 1730 1746 1106 1542 1498 1095 1004 1098 1113 1107 1117 1112 1128 1127 1529 1110 1318 1515 1113 1496 1433 1104 1530 1736 1528 1205 1432 1406 1530 1737 1537 1109 1759 1222 1533 1428 1655 1429 1120 1553 1768 1534 1640 1760 1743 1632 1130 1743 1761 1754 1759 1748 1415 1548 1645 1751 1767

Tree=0
num_leaves=12
num_cat=4
split_feature=0 0 0 3 43 20 34 2 33 5 34
split_gain=7411.93 1074.22 131.132 90.0154 87.2253 66.5718 61.8385 55.3874 7.34626 5.81462 4.35194
threshold=0 1 2 3 56.500000000000007 33.350000000000001 24.550000000000004 1.5000000000000002 38.800000000000004 -0.98521978256641018 25.050000000000004
decision_type=1 1 1 1 2 2 2 2 2 2 2
left_child=8 3 4 6 -3 -5 -2 -4 9 -1 -11
right_child=1 2 7 5 -6 -7 -8 -9 -10 10 -12
leaf_value=0.0684957366618449 0.17554296454733917 0.23782920891978809 0.1549925007355582 0.089071278829772033 0.06648521692211351 0.14313517206824189 0.12501952805928579 0.20855547600087954 0.10663009191275538 0.047691393783336269 0.063393966694087811
leaf_weight=70.330608069896698 251.00323021411896 1158.0941116809845 53.182862639427185 88.472425699234009 6.7099873423576346 158.05747961997986 78.78022176027298 523.62753075361252 8.2010956406593305 978.91259783506393 96.922039389610291
leaf_count=283 1010 4660 214 356 27 636 317 2107 33 3939 390
internal_value=0.154335 0.205846 0.225418 0.146477 0.236066 0.123548 0.163422 0.202787 0.0513899 0.0501395 0.0490203
internal_weight=3472.29 2317.93 1741.61 576.313 1164.8 246.53 329.783 576.81 1154.37 1146.17 1075.83
internal_count=13972 9327 7008 2319 4687 992 1327 2321 4645 4612 4329
cat_boundaries=0 1 2 3 4
cat_threshold=48 2 9 2
is_linear=0
shrinkage=1


Tree=1
num_leaves=15
num_cat=4
split_feature=0 0 0 3 43 20 44 44 34 5 40 25 38 43
split_gain=6666.84 997.213 108.131 68.8829 63.532 54.3865 43.6514 43.3746 6.55038 6.01288 4.38893 4.01885 3.95605 1.96967
threshold=0 1 2 3 56.500000000000007 33.350000000000001 48.800000000000004 52.000000000000007 25.150000000000002 -0.98521978256641018 32.850000000000009 12.902083500000002 14.349107500000001 18.850000000000005
decision_type=1 1 1 1 2 2 2 2 2 2 2 2 2 2
left_child=8 3 4 7 -3 -5 -4 -2 9 13 11 -10 -11 -1
right_child=1 2 6 5 -6 -7 -8 -9 10 12 -12 -13 -14 -15
leaf_value=-0.093973476613548906 0.010463623399602459 0.080093149548766437 0.051608543289305503 -0.058705819915097879 -0.079809452015567037 -0.0098100124841515937 -0.012603403132586097 -0.096865139817875034 -0.096719946751594538 -0.10069872133756536 -0.062844684015712651 -0.056177737407873643 -0.058799502083038746 -0.068634229236273755
leaf_weight=30.713960811495781 322.05581566691399 1145.4756687730551 539.84694463014603 88.324700832366943 5.4939267039299002 157.93966345489025 27.458849728107452 8.700830012559889 60.18767349421978 974.19487282633781 32.467200726270676 12.472784847021101 10.493596255779265 39.203998759388924
leaf_count=123 1297 4647 2182 354 22 635 111 35 241 3899 130 50 42 157
internal_value=0.000319235 0.0496457 0.0687341 -0.00741881 0.0785791 -0.0275134 0.0476455 0.00735678 -0.0968576 -0.0991054 -0.0827134 -0.0906177 -0.100312 -0.0809335
internal_weight=3455.03 2295.3 1718.28 577.021 1150.97 246.264 567.306 330.757 1159.73 1054.61 105.128 72.6605 984.688 69.918
internal_count=13925 9283 6962 2321 4669 989 2293 1332 4642 4221 421 291 3941 280
cat_boundaries=0 1 2 3 4
cat_threshold=48 2 9 2
is_linear=0
shrinkage=0.05


Tree=2
num_leaves=15
num_cat=4
split_feature=0 0 0 43 3 8 34 34 34 5 38 20 5 38
split_gain=6101.93 937.557 111.028 70.7412 67.037 50.4595 46.8523 44.2759 4.2055 5.20161 2.40662 2.73303 1.26427 0.24513
threshold=0 1 2 56.500000000000007 3 33.250000000000007 24.550000000000004 20.250000000000004 25.050000000000004 -0.98521978256641018 8.0172620000000023 38.800000000000004 -0.88620506325989179 14.349107500000001
decision_type=1 1 1 2 1 2 2 2 2 2 2 2 2 2
left_child=8 4 3 -3 6 -6 -2 -4 9 -1 12 -12 -10 -11
right_child=1 2 7 -5 5 -7 -8 -9 10 13 11 -13 -14 -15
leaf_value=-0.077393456815980588 0.017371856189868164 0.077146254247061563 -0.02742954954745716 -0.079425682376757539 -0.052344730395688981 -0.0071354050605089356 -0.025683793973472244 0.048154237468481929 -0.086741440279315074 -0.095898521871496917 -0.08942878938505798 -0.040617472696096807 -0.052603655802920916 -0.064501931267998053
leaf_weight=69.245132684707642 250.8524169921875 1139.7077340632677 19.464028745889664 6.4997113645076743 112.12122051417828 136.64712704718113 83.386548012495041 555.29271633923054 6.9989588856697109 984.05856496095657 73.48243373632431 5.4965014457702628 23.249998614192009 8.9997221231460554
leaf_count=277 1012 4675 79 26 449 549 335 2257 28 3939 294 22 93 36
internal_value=-0.000145232 0.0470574 0.0656089 0.0755315 -0.00790511 -0.0276395 0.00658568 0.0447738 -0.0925484 -0.0945611 -0.0806894 -0.0865821 -0.0630255 -0.0956792
internal_weight=3475.5 2303.97 1720.96 1146.21 583.007 248.768 334.239 574.757 1171.53 1062.3 109.228 78.9789 30.249 993.058
internal_count=14071 9382 7037 4701 2345 998 1347 2336 4689 4252 437 316 121 3975
cat_boundaries=0 1 2 3 4
cat_threshold=48 2 9 2
is_linear=0
shrinkage=0.05


Tree=3
num_leaves=12
num_cat=4
split_feature=0 0 0 43 3 20 2 39 38 34 41
split_gain=5538.8 831.718 103.385 67.7963 64.4865 47.6308 44.4083 41.9037 5.343 2.19563 6.02653
threshold=0 1 2 56.500000000000007 3 33.350000000000001 1.5000000000000002 19.250000000000004 13.849107000000002 25.150000000000002 41.45000000000001
decision_type=1 1 1 2 1 2 2 2 2 2 2
left_child=8 4 3 -3 7 -6 -4 -2 9 -1 -11
right_child=1 2 6 -5 5 -7 -8 -9 -10 10 -12
leaf_value=-0.090408698948392277 -0.013351740112351365 0.074099424477918993 -0.00027375186711848002 -0.076752508855904525 -0.054940236190941918 -0.0094639040283418692 0.047970087732055099 0.022729861838254786 -0.056317829208318099 -0.085658194450527747 -0.051702771928193204
leaf_weight=1044.9575480520725 136.0528768748045 1129.5970887094736 52.471343159675598 6.7355040013790122 88.739264979958534 162.16213037073612 522.35137864947319 194.17505244910717 18.721668779850006 74.014538377523422 23.225914061069489
leaf_count=4202 549 4697 213 27 355 651 2138 783 75 297 93
internal_value=0.00030482 0.0453289 0.0628709 0.0725011 -0.00653242 -0.0257023 0.0428296 0.00786892 -0.0881908 -0.0894349 -0.0781568
internal_weight=3453.2 2292.28 1711.16 1136.33 581.129 250.901 574.823 330.228 1160.92 1142.2 97.2405
internal_count=14080 9413 7075 4724 2338 1006 2351 1332 4667 4592 390
cat_boundaries=0 1 2 3 4
cat_threshold=48 2 9 2
is_linear=0
shrinkage=0.05


Tree=4
num_leaves=14
num_cat=3
split_feature=0 0 0 2 35 43 43 2 38 5 43 34 2
split_gain=5007.34 789.492 98.4733 67.6816 65.3634 59.9549 45.2719 44.3421 5.52847 4.90932 4.12931 1.88318 0.699915
threshold=0 1 2 5.5000000000000009 78.282738000000009 56.500000000000007 1.2500000000000002 1.5000000000000002 13.700595000000002 -0.99052477729077237 18.850000000000005 25.150000000000002 7.5000000000000009
decision_type=1 1 1 2 2 2 2 2 2 2 2 2 2
left_child=8 3 5 6 -5 -3 -2 -4 9 10 -1 -11 -10
right_child=1 2 7 4 -6 -7 -8 -9 12 11 -12 -13 -14
leaf_value=-0.082746717221205301 -0.00034237145580796012 0.071501064760847374 -0.0024640479974731735 -0.080154657905456506 0.014469830529609401 -0.07312546904402592 -0.042047427026641319 0.046046643439289422 -0.062785448117696346 -0.087468999557612587 -0.050922837580944541 -0.075506985189732548 -0.033423842908918262
leaf_weight=27.492439582943916 107.93801480531693 1112.1668945252895 51.733842968940735 18.466419547796249 293.24254482984543 6.4535347223281851 162.91399312019348 514.65737988054752 14.684936761856081 979.99370932579041 29.044722631573677 92.252406775951385 7.2144401371479026
leaf_count=111 433 4698 210 74 1184 26 654 2123 59 3976 117 372 29
internal_value=0.000127243 0.043198 0.0605314 -0.00713009 0.00862564 0.0699771 -0.0254898 0.0408984 -0.0843558 -0.0856229 -0.0675671 -0.0865111 -0.0549947
internal_weight=3418.26 2267.57 1685.01 582.561 311.709 1118.62 270.852 566.391 1150.68 1128.78 56.5372 1072.25 21.8994
internal_count=14066 9402 7057 2345 1258 4724 1087 2333 4664 4576 228 4348 88
cat_boundaries=0 1 2 3
cat_threshold=48 2 9
is_linear=0
shrinkage=0.05


Tree=5
num_leaves=15
num_cat=3
split_feature=0 0 0 2 35 43 43 2 5 34 43 43 38 43
split_gain=4610.29 705.111 90.8798 52.2847 51.9177 50.7231 50.5144 43.5667 4.38353 5.1781 3.60236 1.85508 1.32762 1.27837
threshold=0 1 2 5.5000000000000009 77.306547500000008 56.500000000000007 1.2500000000000002 1.5000000000000002 -0.99052477729077237 25.150000000000002 11.000000000000002 18.850000000000005 14.349107500000001 19.200000000000006
decision_type=1 1 1 2 2 2 2 2 2 2 2 2 2 2
left_child=8 3 5 6 -5 -3 -2 -4 11 12 -11 -1 -10 -13
right_child=1 2 7 4 -6 -7 -8 -9 9 10 -12 13 -14 -15
leaf_value=-0.076977055129108227 0.0049028382680170596 0.069270135208139239 -0.002905910639579519 -0.07704860971430097 0.013010981732432689 -0.069086828470700606 -0.039362238617605724 0.044864400070673993 -0.084308440003208487 -0.077118114825178885 -0.052884462197098851 -0.024294269791116076 -0.051401988392651733 -0.057483874164788278
leaf_weight=25.265684604644775 106.44430388510227 1088.49514067173 52.492741167545319 15.919140875339506 297.31423963606358 5.9125567674636832 161.59374129772186 512.21378764510155 967.58928844332695 68.042504861950874 34.60387097299099 5.6816880553960827 8.6811892092227918 24.702991545200348
leaf_count=103 427 4680 213 64 1202 24 648 2131 3974 277 140 23 35 100
internal_value=0.000455899 0.0420035 0.0585957 -0.00556418 0.00820335 0.067841 -0.0218306 0.0397244 -0.081206 -0.0827519 -0.0695376 -0.0646366 -0.0840687 -0.0522495
internal_weight=3374.95 2240.39 1659.11 581.271 313.233 1094.41 268.038 564.707 1134.57 1078.92 102.646 55.6504 976.27 30.3847
internal_count=14041 9389 7048 2341 1266 4704 1075 2344 4652 4426 417 226 4009 123
cat_boundaries=0 1 2 3
cat_threshold=48 2 9
is_linear=0
shrinkage=0.05


Tree=6
num_leaves=9
num_cat=0
split_feature=43 34 34 33 4 26 4 39
split_gain=64.137 47.3368 34.3807 93.3011 33.9236 14.0625 2.81768 2.07992
threshold=56.500000000000007 20.350000000000005 24.450000000000003 33.95000000000001 0.21022171450811272 15.050000000000002 0.75580964594513067 20.450000000000003
decision_type=2 2 2 2 2 2 2 2
left_child=1 4 5 -4 7 -3 -6 -1
right_child=-2 2 3 -5 6 -7 -8 -9
leaf_value=-3.9035867036449576e-05 -0.087574682308009105 -0.0027628120056272772 -0.028910670476787494 0.0071837673261953838 -0.05776652936689089 0.0068447088576503159 -0.029679281966516192 -0.018659020060596981
leaf_weight=62.240711450576782 19.658188864588737 472.22584404051304 298.01453100144863 445.46827468276024 53.731291115283966 1957.6627060323954 14.917669266462324 18.76086837053299
leaf_count=262 81 1992 1254 1871 225 8256 63 79
internal_value=0.000253395 0.000799154 0.00209857 -0.00730358 -0.0265864 0.00497721 -0.0521768 -0.00452658
internal_weight=3342.68 3323.02 3173.37 743.483 149.651 2429.89 68.649 81.0016
internal_count=14083 14002 13373 3125 629 10248 288 341
is_linear=0
shrinkage=0.05


Tree=7
num_leaves=15
num_cat=4
split_feature=0 0 0 3 44 34 8 5 34 22 5 20 38 5
split_gain=4184.42 665.214 91.0254 55.3234 41.5466 40.3647 38.5765 37.1065 4.98642 5.66301 4.46623 3.92335 3.90661 1.32001
threshold=0 1 2 3 48.050000000000004 24.550000000000004 33.150000000000013 -0.80417042486635371 25.150000000000002 80.097222000000002 -0.98521978256641018 38.800000000000004 14.349107500000001 -0.88620506325989179
decision_type=1 1 1 1 2 2 2 2 2 2 2 2 2 2
left_child=8 3 7 5 -4 -2 -5 -3 10 11 -1 -10 -12 -11
right_child=1 2 4 6 -6 -7 -8 -9 9 13 12 -13 -14 -15
leaf_value=-0.064780839002578527 0.017130217703312307 0.048571955350396545 0.041705551544349476 -0.046590955423019498 -0.01289783377810799 -0.023018294779695317 -0.0069713896301758426 0.071241917617123438 -0.078280961662088755 -0.073012369779627245 -0.081438852407694245 -0.025239306607988888 -0.041486591716827427 -0.040378812368444747
leaf_weight=69.934975624084473 247.06626771390438 244.1567607074976 520.37416714429855 107.49323330819607 36.888930767774582 82.791127815842628 142.6368001550436 824.11222596466541 64.14622600376606 5.1361051350831977 944.569076821208 4.9499633908271781 9.3460379093885404 29.956938341259956
leaf_count=287 1002 1068 2180 432 153 332 572 3615 264 21 3940 20 38 122
internal_value=-0.000230323 0.0397968 0.0561833 -0.00632069 0.0374044 0.0070142 -0.0241156 0.0654983 -0.0781171 -0.0660514 -0.0800415 -0.0748954 -0.0810913 -0.0470455
internal_weight=3333.56 2205.52 1625.53 579.987 557.263 329.857 250.13 1068.27 1128.04 104.189 1023.85 69.0962 953.915 35.093
internal_count=14046 9354 7016 2338 2333 1334 1004 4683 4692 427 4265 284 3978 143
cat_boundaries=0 1 2 3 4
cat_threshold=48 2 9 2
is_linear=0
shrinkage=0.05


Tree=8
num_leaves=15
num_cat=3
split_feature=0 0 0 43 2 5 34 43 38 5 34 43 30 2
split_gain=3872.93 605.445 89.7229 54.2127 50.6319 46.8964 40.3873 39.1596 5.157 4.21522 2.95111 1.92755 0.537208 1.44354
threshold=0 1 2 56.500000000000007 5.5000000000000009 0.95936279103287792 20.250000000000004 1.3500000000000003 13.700595000000002 -0.98521978256641018 25.150000000000002 18.850000000000005 0.55000000000000016 7.5000000000000009
decision_type=1 1 1 2 2 2 2 2 2 2 2 2 2 2
left_child=8 4 3 -3 7 -6 -4 -2 9 11 -11 -1 -10 -14
right_child=1 2 6 -5 5 -7 -8 -9 12 10 -12 -13 13 -15
leaf_value=-0.073570801963457569 0.0015799857122443303 0.065100004494359681 -0.033432575746657055 -0.073628387574101492 0.012833173881405561 -0.072623222469388307 0.039001962574345128 -0.037179075854377741 -0.027411482474786891 -0.079022459767906367 -0.066513013068783142 -0.051303096113132676 -0.069780893294039525 -0.031952515981966807
leaf_weight=30.110305115580559 109.3845544308424 1043.7198913395405 19.226032629609108 6.3069247752428046 291.2223494797945 15.997726961970328 539.73984555900097 159.92623727023602 6.147029951214793 923.63401901721954 93.726495340466499 38.30775611102581 7.9755842536687833 7.8248305916786194
leaf_count=126 439 4672 79 26 1181 65 2281 642 25 3923 389 158 33 32
internal_value=-5.55581e-05 0.0385127 0.0542515 0.0635924 -0.00560476 0.00816206 0.0358157 -0.0214889 -0.07578 -0.0769916 -0.0779364 -0.0620216 -0.0481191 -0.0540641
internal_weight=3293.25 2185.52 1608.99 1050.03 576.531 307.22 558.966 269.311 1107.73 1085.78 1017.36 68.4181 21.9474 15.8004
internal_count=14071 9385 7058 4698 2327 1246 2360 1081 4686 4596 4312 284 90 65
cat_boundaries=0 1 2 3
cat_threshold=48 2 9
is_linear=0
shrinkage=0.05


Tree=9
num_leaves=15
num_cat=4
split_feature=0 0 0 3 43 44 44 33 34 5 40 25 37 5
split_gain=3560.14 532.058 92.0541 49.9949 43.2711 43.156 39.7991 35.3706 4.78208 5.47687 4.46477 3.6027 2.23747 0.536034
threshold=0 1 2 3 56.500000000000007 48.050000000000004 52.000000000000007 36.850000000000001 25.150000000000002 -0.98521978256641018 41.550000000000004 12.902083500000002 61.500000000000007 -0.86974577485258975
decision_type=1 1 1 1 2 2 2 2 2 2 2 2 2 2
left_child=8 3 4 6 -3 -4 -2 -5 9 12 11 -10 -1 -12
right_child=1 2 5 7 -6 -7 -8 -9 10 -11 13 -13 -14 -15
leaf_value=-0.066611217733986303 0.011722756556448 0.063381609994412905 0.038189813812196008 -0.027877098344006708 -0.063774949909896794 -0.018180898151165546 -0.093667768488352413 0.028048499441989679 -0.072509557308978997 -0.076376777913376714 -0.056262784531755899 -0.037469615396025162 -0.042791080666675904 -0.03211342191135632
leaf_weight=43.041272178292274 325.45536151528358 1012.3661745786667 522.12338723242283 217.6033052355051 5.980193465948104 35.738531231880188 8.2181707918643934 31.651965990662575 67.522919058799744 913.1831012070179 5.5518192797899273 12.136340498924254 23.833008021116257 18.439521819353104
leaf_count=181 1320 4633 2227 876 25 149 33 127 286 3957 23 50 100 76
internal_value=0.000187025 0.0372691 0.0523521 -0.00372886 0.0619652 0.033945 0.00885493 -0.0206916 -0.0733276 -0.075244 -0.0616688 -0.0677018 -0.0588776 -0.0397295
internal_weight=3242.85 2159.14 1576.21 582.929 1018.35 557.862 333.674 249.255 1083.71 980.057 103.651 79.6593 66.8743 23.9913
internal_count=14063 9390 7034 2356 4658 2376 1353 1003 4673 4238 435 336 281 99
cat_boundaries=0 1 2 3 4
cat_threshold=48 2 9 2
is_linear=0
shrinkage=0.05


Tree=10
num_leaves=15
num_cat=3
split_feature=0 0 0 2 5 34 5 43 5 43 34 24 24 30
split_gain=3290.08 518.856 76.6224 45.7788 42.1606 39.7757 39.1065 37.4804 4.4095 5.4187 3.90247 3.61913 0.643576 0.0197097
threshold=0 1 2 5.5000000000000009 0.93158198870884079 24.450000000000003 -0.77243990499604276 1.2500000000000002 -0.99628250747696534 18.850000000000005 25.050000000000004 54.500000000000007 64.500000000000014 13.800000000000002
decision_type=1 1 1 2 2 2 2 2 2 2 2 2 2 2
left_child=8 3 6 7 -5 -4 -3 -2 9 -1 13 -12 -11 -10
right_child=1 2 5 4 -6 -7 -8 -9 10 12 11 -13 -14 -15
leaf_value=-0.071050693228400685 0.0038975721810833629 0.043304545670135065 0.042126016668548316 0.014288561114909554 -0.056430342721772359 0.010038356246991087 0.066659317505851093 -0.03364340526057303 -0.075496115422560683 -0.03453258347199134 -0.068372194583915219 -0.045087239886140225 -0.010559674742380865 -0.070432898271304792
leaf_weight=16.188546180725098 109.37390437722206 246.15309663116932 419.38000692427158 285.42880775034428 21.768539160490036 126.36270602047443 751.45148658752441 167.80982485413551 587.74746948480606 12.357207998633386 68.261417403817177 34.561867445707321 5.012559473514556 334.67084142565727
leaf_count=70 439 1142 1802 1161 89 543 3529 675 2603 52 293 145 21 1480
internal_value=0.000386352 0.0361929 0.0513709 -0.00410045 0.00911046 0.0341045 0.0603415 -0.0188694 -0.0712052 -0.0505235 -0.0725262 -0.0610551 -0.0285659 -0.0737373
internal_weight=3186.53 2127.73 1543.35 584.381 307.197 545.743 997.605 277.184 1058.8 33.5583 1025.24 102.823 17.3698 922.418
internal_count=14044 9380 7016 2364 1250 2345 4671 1114 4664 143 4521 438 73 4083
cat_boundaries=0 1 2 3
cat_threshold=48 2 9
is_linear=0
shrinkage=0.05


Tree=11
num_leaves=15
num_cat=3
split_feature=0 0 0 2 34 5 4 4 34 35 5 43 5 33
split_gain=3031.21 484.439 87.3532 42.2629 40.0767 39.8032 35.084 15.2693 4.46974 6.01917 3.70914 3.54411 2.71905 2.60731
threshold=0 1 2 1.5000000000000002 20.350000000000005 -0.82413948779581736 0.63920241694561786 -0.27694604220087021 25.150000000000002 80.711309500000013 -0.98521978256641018 0.55000000000000016 -0.87810534180523914 32.350000000000001
decision_type=1 1 1 2 2 2 2 2 2 2 2 2 2 2
left_child=8 4 5 -4 7 -3 -6 -2 10 11 13 -10 -11 -1
right_child=1 2 3 -5 6 -7 -8 -9 9 12 -12 -13 -14 -15
leaf_value=-0.033812059293992947 0.0066534978859246465 0.040167583396026385 -0.01160039979028539 0.036514389496129875 0.0071771453672562352 0.065097998906002916 -0.019775134013855618 -0.082610301430157712 -0.035310329743360021 -0.066720041619255696 -0.07207977450922845 -0.070824757808703023 -0.025503769062484249 -0.062487134934715985
leaf_weight=14.121896401047705 5.9612480252981213 210.87914614379406 49.874888837337494 488.16948901116848 371.53520283102989 762.21296891570091 177.64844653010368 20.764279201626778 11.576528266072271 4.9300951063632992 878.41643880307674 58.542005479335785 21.815646007657051 53.364580869674683
leaf_count=61 24 994 207 2127 1511 3673 714 85 49 21 3988 257 92 231
internal_value=-2.5561e-05 0.0347253 0.0495789 0.0314575 -0.00444821 0.059135 -0.0015614 -0.0631778 -0.0692138 -0.0576173 -0.0710701 -0.0655403 -0.0352321 -0.057068
internal_weight=3129.81 2087.05 1511.14 538.044 575.909 973.092 549.184 26.7255 1042.77 96.8643 945.903 70.1185 26.7457 67.4865
internal_count=14034 9335 7001 2334 2334 4667 2225 109 4699 419 4280 306 113 292
cat_boundaries=0 1 2 3
cat_threshold=48 2 9
is_linear=0
shrinkage=0.05


Tree=12
num_leaves=15
num_cat=3
split_feature=0 0 0 43 44 2 22 20 5 34 38 43 38 43
split_gain=2737.6 474.386 82.9932 42.8759 41.9742 36.5838 43.3545 34.0983 4.37691 4.97738 3.49079 3.43059 2.49175 1.56805
threshold=0 1 2 56.500000000000007 48.050000000000004 5.5000000000000009 76.51388900000002 33.350000000000001 -0.99052477729077237 25.050000000000004 14.349107500000001 18.850000000000005 8.0687500000000032 22.200000000000006
decision_type=1 1 1 2 2 2 2 2 2 2 2 2 2 2
left_child=8 5 3 -3 -4 7 -7 -2 11 10 -10 -1 -11 -13
right_child=1 2 4 -5 -6 6 -8 -9 9 12 -12 13 -14 -15
leaf_value=-0.066163138607697874 -0.045424922015702335 0.058549885859976093 0.034369305820600715 -0.065339101855632464 -0.020483710015798209 -0.06956994606192414 0.010367790964621527 -0.0072755942396219402 -0.07080815461879908 -0.041465603540820586 -0.032241109014158234 -0.024371127844632592 -0.062406836108636801 -0.050788382906236267
leaf_weight=24.040181055665016 85.245625197887421 940.77473770081997 500.16459295153618 6.2556263655424109 36.842570126056671 17.01623772084713 290.29818275570869 184.09795744717121 844.37168331444263 29.66405476629734 8.3033246099948865 15.86264316737652 70.469538196921349 12.70424811542034
leaf_count=108 346 4630 2196 26 155 71 1184 738 3935 127 36 68 314 55
internal_value=-0.000337772 0.0326392 0.0475682 0.0570616 0.030017 -0.00595188 0.00573029 -0.019473 -0.0675458 -0.0690818 -0.0704708 -0.051555 -0.0566745 -0.0374398
internal_weight=3066.11 2060.7 1484.04 947.03 537.007 576.658 307.314 269.344 1005.42 952.809 852.675 52.6071 100.134 28.5669
internal_count=13989 9346 7007 4656 2351 2339 1255 1084 4643 4412 3971 231 441 123
cat_boundaries=0 1 2 3
cat_threshold=48 2 9
is_linear=0
shrinkage=0.05


Tree=13
num_leaves=15
num_cat=4
split_feature=0 0 0 5 1 34 5 5 34 5 22 43 33 38
split_gain=2563.75 430.579 75.29 41.8295 40.954 39.9731 35.5923 30.0022 4.18778 5.2056 4.34231 4.12555 3.33396 2.18454
threshold=0 1 2 -0.77243990499604276 3 24.450000000000003 0.95691861501572217 -0.90892157495189674 25.050000000000004 -0.98521978256641018 80.097222000000002 0.55000000000000016 32.350000000000001 14.954762000000002
decision_type=1 1 1 2 1 2 2 2 2 2 2 2 2 2
left_child=8 4 3 -3 6 -4 -2 -6 9 12 11 -10 -1 -11
right_child=1 2 5 -5 7 -7 -8 -9 10 13 -12 -13 -14 -15
leaf_value=-0.026837664361634834 0.013636361760507932 0.037488712239209576 0.037471334486380424 0.06218478489176902 0.019370149645115273 0.0049305226531058928 -0.051498738954686651 -0.024860439281260395 -0.031483283203138326 -0.069117645082902607 -0.038611359138204314 -0.069289395634538217 -0.057892594197985849 -0.030689099839594843
leaf_weight=13.732603698968886 265.14874030649662 235.2083273679018 408.9262830466032 698.81403961777687 44.595659032464027 123.03085392713547 21.787541136145592 246.62013757228851 11.288158759474753 819.69016002118587 35.1292325258255 51.521942794322968 48.595905944705009 5.9654742777347556
leaf_count=61 1076 1155 1811 3558 182 540 90 1001 49 3929 153 237 218 26
internal_value=-3.22232e-05 0.0318851 0.0462735 0.0554198 -0.00478141 0.0294167 0.00852887 -0.018044 -0.0658282 -0.0677229 -0.054792 -0.0630948 -0.0515822 -0.0688775
internal_weight=3030.06 2044.13 1465.98 934.022 578.152 531.957 286.936 291.216 985.923 887.984 97.9393 62.8101 62.3285 825.656
internal_count=14086 9413 7064 4713 2349 2351 1166 1183 4673 4234 439 286 279 3955
cat_boundaries=0 1 2 3 4
cat_threshold=48 2 9 1
is_linear=0
shrinkage=0.05


Tree=14
num_leaves=15
num_cat=3
split_feature=0 0 0 43 4 38 34 43 38 5 34 43 2 21
split_gain=2360.54 404.509 76.0398 40.2118 36.7718 36.0091 34.9153 30.6934 5.91897 3.74268 2.45094 2.41084 1.01334 1.40528
threshold=0 1 2 56.500000000000007 -0.69057362043749781 6.3586310000000017 20.350000000000005 18.950000000000003 13.700595000000002 -0.99273797715557011 25.150000000000002 18.850000000000005 7.5000000000000009 26.250000000000004
decision_type=1 1 1 2 2 2 2 2 2 2 2 2 2 2
left_child=8 4 3 -3 7 -6 -4 -2 9 11 -11 -1 13 -10
right_child=1 2 6 -5 5 -7 -8 -9 12 10 -12 -13 -14 -15
leaf_value=-0.0618501556963892 0.048570515051724224 0.05577327887820524 -0.029653854519461193 -0.064451073106564255 0.028766350135052951 -0.016405016291655274 0.031434290175634531 -0.0013549899043113821 -0.058134498804663183 -0.067333603891214705 -0.055617053060316959 -0.03482741296258967 -0.01607412504477429 -0.020995611225362767
leaf_weight=20.253338634967804 50.805008292198181 898.39738564193249 23.767308562994003 6.2208112329244605 48.611871719360352 402.81633447110653 504.23905231058598 75.742616459727287 6.957072317600252 809.65286871790886 83.617306560277939 23.562654286623001 6.8298479616641989 6.3112809658050537
leaf_count=95 208 4659 102 26 198 1634 2254 310 32 3990 383 104 30 27
internal_value=-4.82275e-05 0.030698 0.0449177 0.0542769 -0.00472897 -0.0114879 0.0281024 0.0189122 -0.0642463 -0.0655167 -0.0663003 -0.0484197 -0.0351662 -0.0431784
internal_weight=2967.78 2010.6 1432.62 904.618 577.976 451.428 528.006 126.548 957.184 937.086 893.27 43.816 20.0982 13.2684
internal_count=14052 9391 7041 4685 2350 1832 2356 518 4661 4572 4373 199 89 59
cat_boundaries=0 1 2 3
cat_threshold=48 2 9
is_linear=0
shrinkage=0.05


Tree=15
num_leaves=13
num_cat=4
split_feature=0 0 0 5 1 5 2 5 33 5 43 34
split_gain=2210.68 355.898 70.5954 45.8505 35.178 33.7616 33.4492 28.7158 5.31763 5.35971 3.89717 3.84161
threshold=0 1 2 -0.77243990499604276 3 0.95691861501572217 1.5000000000000002 -0.90161545992537195 38.800000000000004 -0.99052477729077237 18.850000000000005 24.850000000000005
decision_type=1 1 1 2 1 2 2 2 2 2 2 2
left_child=8 4 3 -3 5 -2 -4 -6 9 10 -1 -11
right_child=1 2 6 -5 7 -7 -8 -9 -10 11 -12 -13
leaf_value=-0.061450578137740033 0.014084167547314369 0.033742257854125983 -0.011103818106760541 0.060107419477761909 0.021280894333406762 -0.049339073071039262 0.031921625083620148 -0.022328006989153801 -0.019647112752256658 -0.066160129924579689 -0.031115031027962994 -0.055190728885144903
leaf_weight=22.074034675955772 263.57634982466698 226.68015773594379 49.44672429561615 654.63707195222378 43.796857699751854 21.814505711197853 472.57795903086662 244.23286128044128 8.037746995687483 750.20229375362396 27.718627095222473 133.97601683437824
leaf_count=106 1071 1160 209 3530 179 91 2143 992 35 3812 124 642
internal_value=3.03598e-05 0.0300472 0.043588 0.0527739 -0.00328796 0.00908092 0.0273106 -0.0156463 -0.0625788 -0.0635962 -0.0455084 -0.0645622
internal_weight=2918.77 1976.76 1403.34 881.317 573.421 285.391 522.025 288.03 942.009 933.971 49.7927 884.178
internal_count=14094 9375 7042 4690 2333 1162 2352 1171 4719 4684 230 4454
cat_boundaries=0 1 2 3 4
cat_threshold=48 2 9 1
is_linear=0
shrinkage=0.05


Tree=16
num_leaves=14
num_cat=3
split_feature=0 0 0 38 5 34 4 4 38 5 43 34 4
split_gain=2064.57 341.388 72.5542 37.3944 35.6767 32.2624 30.4022 11.3017 4.68048 3.48482 4.09797 3.25313 0.739897
threshold=0 1 2 14.349107500000001 -0.85225707553516283 20.350000000000005 0.70290292807158605 -0.27694604220087021 14.070238000000002 -0.99628250747696534 18.850000000000005 25.150000000000002 -0.48314718476766416
decision_type=1 1 1 2 2 2 2 2 2 2 2 2 2
left_child=8 5 4 -4 -3 7 -7 -2 9 10 -1 -11 -10
right_child=1 2 3 -5 -6 6 -8 -9 12 11 -12 -13 -14
leaf_value=-0.061885224513185413 0.0028352837751836318 0.032146230227466654 0.028012221754918028 -0.093483657913325302 0.05761998298360832 0.0064554697928993938 -0.019343103361871505 -0.076564812060516185 -0.014366007699061406 -0.064678658804283695 -0.023174719692495696 -0.052216153524165122 -0.041245318062939011
leaf_weight=14.377473533153536 5.7107902467250851 177.62393859028816 515.49401627480984 5.4607187807559958 683.93698528409004 394.22413031756878 159.60430417954922 18.706110760569572 6.8606162816286087 781.4063559025526 15.816330209374426 86.006783023476601 5.7247525900602323
leaf_count=71 23 925 2346 23 3787 1610 643 79 31 4087 71 409 26
internal_value=5.13676e-05 0.028922 0.0423909 0.0260627 0.0518109 -0.00347053 -0.00100072 -0.0586133 -0.0617458 -0.0628634 -0.0430006 -0.0635045 -0.0287287
internal_weight=2870.95 1960.76 1382.52 520.955 861.561 578.245 553.828 24.4169 910.192 897.607 30.1938 867.413 12.5854
internal_count=14131 9436 7081 2369 4712 2355 2253 102 4695 4638 142 4496 57
cat_boundaries=0 1 2 3
cat_threshold=48 2 9
is_linear=0
shrinkage=0.05


Tree=17
num_leaves=15
num_cat=3
split_feature=0 0 0 5 6 2 4 34 34 5 35 32 43 4
split_gain=1861.97 304.022 76.5788 44.3428 80.4952 37.0173 34.2242 6.38447 5.71526 6.06169 5.19843 4.91975 4.44062 2.6009
threshold=0 1 2 -0.77243990499604276 2.5000000000000004 1.5000000000000002 -0.67803021058859214 20.250000000000004 25.150000000000002 -0.97874870457683605 80.937500000000014 27.296726500000002 0.55000000000000016 -0.85227431625818906
decision_type=1 1 1 2 2 2 2 2 2 2 2 2 2 2
left_child=8 3 5 4 -2 -3 -4 -5 9 11 12 -1 -10 -11
right_child=1 2 6 7 -6 -7 -8 -9 10 13 -12 -13 -14 -15
leaf_value=-0.028540585574581546 -0.050962979194394645 -0.016375111844036911 0.020150476540160854 0.031731833968138529 0.042210583922238309 0.028670076643488876 -0.0091514938387032754 0.058802298159284762 -0.022868190254196383 -0.05512941037465291 -0.02600805071506403 -0.057683084594402551 -0.060591734481812591 -0.065127039287804264
leaf_weight=28.33823125064373 25.46386344730854 49.995115146040916 126.57391704618931 26.554489344358444 193.34057931602001 458.10194517672062 454.45917977392673 582.94745926558971 11.011154055595396 126.68755394220352 24.620931655168533 39.091364920139313 54.403226867318153 599.23946821689606
leaf_count=135 131 212 520 150 1026 2121 1849 3348 50 685 113 196 273 3243
internal_value=-0.000279369 0.0273778 0.00975337 0.0501204 0.0311848 0.0237478 -0.00269826 0.0576768 -0.0599056 -0.062039 -0.0472125 -0.0460316 -0.0546817 -0.0634605
internal_weight=2800.83 1917.44 1089.13 828.306 218.804 508.097 581.033 609.502 883.392 793.357 90.0353 67.4296 65.4144 725.927
internal_count=14052 9357 4702 4655 1157 2333 2369 3498 4695 4259 436 331 323 3928
cat_boundaries=0 1 2 3
cat_threshold=48 9 4
is_linear=0
shrinkage=0.05


Tree=18
num_leaves=15
num_cat=4
split_feature=0 0 0 5 9 1 5 5 5 38 43 43 4 12
split_gain=1749.87 301.382 70.6105 40.1029 34.3927 31.6924 26.6932 23.6435 5.42384 4.00497 3.76054 2.34636 1.83917 0.984273
threshold=0 1 2 -0.8611288361322974 21.950000000000003 3 0.95691861501572217 -0.90892157495189674 -0.99465740988130902 13.700595000000002 18.850000000000005 49.000000000000007 -0.49813634056773481 69.500000000000014
decision_type=1 1 1 2 2 1 2 2 2 2 2 2 2 2
left_child=8 5 3 -3 -4 6 -2 -7 10 11 -1 -10 -11 -12
right_child=1 2 4 -5 -6 7 -8 -9 9 12 13 -13 -14 -15
leaf_value=-0.056894126117726644 0.012073998803949017 0.027773453972285984 -0.023965437976919104 0.055747922209850115 0.027730946074335763 0.018217734305070569 -0.045559962937913707 -0.021980932020815091 -0.0613731877080754 -0.0074814770920233094 -0.032169685902452859 -0.031627191902262944 -0.04377595597303905 -0.0090285712868716003
leaf_weight=14.776125058531759 266.37022976577282 163.86765149235725 33.772573247551918 644.32537296414375 472.14006589353085 42.426912784576416 20.743518576025963 237.32270535826683 795.66460599005222 5.4259052872657803 10.570107161998751 9.9850996732711774 11.97488412261009 9.3958220779895765
leaf_count=77 1085 882 150 3791 2195 174 88 966 4401 25 49 51 57 43
internal_value=-0.000214989 0.0267615 0.0398774 0.0495054 0.0237705 -0.00382412 0.00776636 -0.0158412 -0.0589565 -0.0605028 -0.0381521 -0.0610442 -0.0334803 -0.0222297
internal_weight=2738.76 1880.97 1314.11 808.193 505.913 566.863 287.114 279.75 857.793 823.05 34.7421 805.65 17.4008 19.9659
internal_count=14034 9331 7018 4673 2345 2313 1173 1140 4703 4534 169 4452 82 92
cat_boundaries=0 1 2 3 4
cat_threshold=48 2 9 1
is_linear=0
shrinkage=0.05


Tree=19
num_leaves=9
num_cat=0
split_feature=43 34 4 39 5 41 4 39
split_gain=49.3144 40.8122 37.1879 29.3205 65.2665 43.6249 3.79897 2.90451
threshold=56.500000000000007 20.350000000000005 0.21022171450811272 18.750000000000004 0.11478523713130602 50.350000000000009 0.76696112484652035 20.450000000000003
decision_type=2 2 2 2 2 2 2 2
left_child=1 2 7 4 -3 -5 -4 -1
right_child=-2 3 6 5 -6 -7 -8 -9
leaf_value=0.0044178375798663598 -0.085008084204809417 -0.021490572662122797 -0.062766183883807281 -0.001914773800468957 0.0069322133387939196 0.014009473858082801 -0.025705836173323032 -0.020313868524666125
leaf_weight=49.250316277146339 16.043831199407578 373.635791644454 47.229740232229233 943.44844314455986 437.4617774784565 789.08721514046192 10.385931983590124 14.549369990825651
leaf_count=260 75 1950 245 4936 2319 4091 55 77
internal_value=-0.000228904 0.000313168 -0.0278866 0.00166966 -0.00617121 0.00534186 -0.0566381 -0.00144862
internal_weight=2681.09 2665.05 121.415 2543.63 811.098 1732.54 57.6157 63.7997
internal_count=14008 13933 637 13296 4269 9027 300 337
is_linear=0
shrinkage=0.05


Tree=20
num_leaves=15
num_cat=3
split_feature=0 0 0 5 43 34 43 44 38 5 34 37 4 19
split_gain=1620.13 281.854 74.9296 39.5049 93.4191 35.2844 31.0373 30.7441 6.39462 4.72201 4.50864 2.69219 1.15101 2.34596
threshold=0 1 2 -0.8611288361322974 12.550000000000002 20.250000000000004 56.500000000000007 52.000000000000007 13.700595000000002 -0.98521978256641018 25.150000000000002 61.500000000000007 -0.48314718476766416 30.604166500000002
decision_type=1 1 1 2 2 2 2 2 2 2 2 2 2 2
left_child=8 3 5 4 -2 -3 -5 -4 9 11 -11 -1 -10 -14
right_child=1 2 7 6 -6 -7 -8 -9 12 10 -12 -13 13 -15
leaf_value=-0.05202393911878811 -0.058442367450681335 -0.042443001116658871 -0.0017651801752590207 0.056000359274315098 0.043527841820123092 0.026030123740941755 -0.060420653327487243 -0.09145054822253576 -0.010034299412749664 -0.061869657737638251 -0.047017526741199328 -0.02674133826529736 -0.05747314744258443 -0.010935294983815938
leaf_weight=35.110598564147949 25.934215515851974 18.69489112496376 572.30188013613224 614.92697997391224 136.81271257996559 486.96937696635723 5.0053340643644324 8.7189562469720823 7.3166194707155254 674.15020029246807 74.182054236531258 20.362821444869041 5.5786495208740217 5.5891538858413696
leaf_count=178 139 79 2340 3745 751 2287 21 35 34 3906 380 101 29 25
internal_value=8.51988e-05 0.025803 0.00907839 0.0485761 0.0270209 0.0229665 0.0549646 -0.00321067 -0.0579506 -0.0593386 -0.0604621 -0.0433812 -0.0273861 -0.0369952
internal_weight=2691.65 1869.36 1086.69 782.679 162.747 505.664 619.932 581.021 822.29 803.806 748.332 55.4734 18.4844 11.1678
internal_count=14050 9397 4741 4656 890 2366 3766 2375 4653 4565 4286 279 88 54
cat_boundaries=0 1 2 3
cat_threshold=48 9 4
is_linear=0
shrinkage=0.05


Tree=21
num_leaves=15
num_cat=4
split_feature=0 0 0 5 43 34 1 34 34 22 5 25 43 4
split_gain=1495.49 274.155 71.5565 39.0503 72.6734 32.6905 29.6881 10.1482 7.98835 7.28253 5.17798 4.4596 3.57922 3.00232
threshold=0 1 2 -0.75013812021657655 12.550000000000002 24.450000000000003 3 20.250000000000004 25.150000000000002 80.097222000000002 -0.98521978256641018 12.723611000000002 18.850000000000005 -0.85227431625818906
decision_type=1 1 1 2 2 2 1 2 2 2 2 2 2 2
left_child=8 3 5 4 -2 -3 -4 -5 10 11 12 -10 -1 -12
right_child=1 2 6 7 -6 -7 -8 -9 9 -11 13 -13 -14 -15
leaf_value=-0.058462065802067115 -0.036917531040252319 0.029223815808334427 0.0073541169085697584 0.023829657632139616 0.042068079153217267 -0.00079595523522046094 -0.01525173619962808 0.056424201751184379 -0.060635953029391287 -0.020835896182965497 -0.051607664583864565 -0.022837381087974232 -0.030109212348263151 -0.062355652135178297
leaf_weight=21.496874392032623 33.821920812129974 384.79959426820278 289.86728197336197 27.12709441781044 182.25342048704624 118.48731888830662 289.2080187946558 529.21397475898266 40.625287428498268 29.778377041220665 116.39131505787373 11.6771073192358 31.714036658406258 546.43695323169231
leaf_count=118 180 1826 1187 163 1030 551 1180 3357 223 146 691 56 155 3276
internal_value=-1.734e-05 0.0246026 0.00813301 0.0472427 0.0295915 0.0217377 -0.00387595 0.0548805 -0.056789 -0.0415836 -0.0592636 -0.0527838 -0.0424307 -0.0605489
internal_weight=2652.9 1854.78 1082.36 772.416 216.075 503.287 579.075 556.341 798.12 82.0808 716.039 52.3024 53.2109 662.828
internal_count=14139 9474 4744 4730 1210 2377 2367 3520 4665 425 4240 279 273 3967
cat_boundaries=0 1 2 3 4
cat_threshold=48 9 4 1
is_linear=0
shrinkage=0.05


Tree=22
num_leaves=15
num_cat=3
split_feature=0 0 0 5 43 34 26 34 34 35 5 43 33 5
split_gain=1410.14 256.234 64.1392 38.9067 56.2251 31.9991 31.2226 6.41701 6.29678 6.8907 6.33766 4.33115 2.67453 2.36548
threshold=0 1 2 -0.75013812021657655 12.550000000000002 20.350000000000005 15.450000000000001 20.250000000000004 25.150000000000002 80.711309500000013 -0.97874870457683605 18.850000000000005 38.800000000000004 -0.87810534180523914
decision_type=1 1 1 2 2 2 2 2 2 2 2 2 2 2
left_child=8 3 6 4 -2 -4 -3 -5 10 12 11 -1 -10 -11
right_child=1 2 5 7 -6 -7 -8 -9 9 13 -12 -13 -14 -15
leaf_value=-0.056892026019879152 -0.029769068368678472 -0.0032912361619544836 -0.058268330026238338 0.028073171935515756 0.040067938723299834 -0.0007720088091942096 0.027891180614729928 0.055755624195461664 -0.056042336509256135 -0.04724221269497788 -0.059938418870382842 -0.028707448585332713 -0.021163033722221513 -0.0093019280676594433
leaf_weight=26.96227453649044 33.607024550437927 100.38148890435696 24.320199564099312 25.086012229323387 177.62571872770786 547.20592065155506 395.92567032575607 503.1981802880764 48.87058499455452 4.5415959656238583 633.30297835171223 35.215380072593689 8.0292286574840528 18.843990728259087
leaf_count=155 176 478 105 153 1026 2232 1887 3305 273 23 3927 178 37 91
internal_value=-0.000105381 0.0240931 0.00819262 0.0465961 0.028869 -0.00325923 0.0211648 0.0544966 -0.0560293 -0.0422257 -0.0583643 -0.0416363 -0.051571 -0.0183053
internal_weight=2583.12 1807.35 1067.83 739.517 211.233 571.526 496.307 528.284 775.766 80.2854 695.481 62.1777 56.8998 23.3856
internal_count=14046 9362 4702 4660 1202 2337 2365 3458 4684 424 4260 333 310 114
cat_boundaries=0 1 2 3
cat_threshold=48 9 4
is_linear=0
shrinkage=0.05


Tree=23
num_leaves=15
num_cat=3
split_feature=0 0 0 5 43 34 4 34 34 5 19 32 25 5
split_gain=1313.96 237.597 54.742 37.3146 74.5439 36.369 27.2569 7.60979 7.10919 6.8172 5.65975 4.84194 3.98834 3.3301
threshold=0 1 2 -0.80417042486635371 12.550000000000002 24.450000000000003 -0.70291267844185523 25.050000000000004 20.250000000000004 -0.98521978256641018 29.197916500000002 27.296726500000002 12.902083500000002 -0.88620506325989179
decision_type=1 1 1 2 2 2 2 2 2 2 2 2 2 2
left_child=7 3 5 4 -2 -3 -4 9 -5 11 13 -1 -12 -9
right_child=1 2 6 8 -6 -7 -8 10 -10 -11 12 -13 -14 -15
leaf_value=-0.019970110118406936 -0.044289828484805123 0.02832394445060521 0.018397586244722101 0.025115383060641545 0.040595856131816266 -0.0036977855010426317 -0.0080938776240545591 -0.054698756791850316 0.054138368777173401 -0.059021849377052266 -0.055874693084477692 -0.051936139883474799 -0.020063445417072574 -0.011287531731408071
leaf_weight=22.714895650744438 30.169725567102432 373.4562461078167 122.86398157477379 24.629956662654877 154.33837360143661 115.90334935486317 448.47985799610615 4.7733015120029476 511.87009119987488 614.06671549379826 45.920923396945 29.159973159432411 11.13565184175968 22.48763507604599
leaf_count=114 153 1808 506 153 904 543 1831 26 3469 3949 264 163 54 112
internal_value=0.000142664 0.0235118 0.00822481 0.0455395 0.0265519 0.020333 -0.00233408 -0.0548938 0.0528552 -0.0574898 -0.0403913 -0.0385813 -0.0493514 -0.0205552
internal_weight=2531.97 1781.71 1060.7 721.008 184.508 489.36 571.344 750.259 536.5 665.942 84.3175 51.8749 57.0566 27.2609
internal_count=14049 9367 4688 4679 1057 2351 2337 4682 3622 4226 456 277 318 138
cat_boundaries=0 1 2 3
cat_threshold=48 9 4
is_linear=0
shrinkage=0.05


Tree=24
num_leaves=15
num_cat=4
split_feature=0 0 0 5 4 39 1 34 34 5 4 38 4 33
split_gain=1210.17 221.675 57.0521 37.685 55.9363 35.6995 28.8818 10.2847 5.95166 6.66675 6.65162 7.40736 4.38226 2.66459
threshold=0 1 2 -0.7614016681079937 0.074116354202380164 15.450000000000001 3 20.250000000000004 24.850000000000005 -0.98521978256641018 -0.48314718476766416 7.8770835000000012 -0.85227431625818906 32.850000000000001
decision_type=1 1 1 2 2 2 1 2 2 2 2 2 2 2
left_child=8 3 5 4 -2 -3 -4 -5 9 13 -10 -12 -11 -1
right_child=1 2 6 7 -6 -7 -8 -9 10 12 11 -13 -14 -15
leaf_value=-0.030398586898941704 0.050591339278489904 -0.027473007319216286 0.0081804549129886397 0.019692168632207272 -0.0022118803373757687 0.024450477685437993 -0.014094334202909351 0.053625870131430414 -0.0044472059825417876 -0.047773765066255969 -0.021405864104464541 -0.054138341814637739 -0.060677955968511915 -0.058867961560522111
leaf_weight=39.777548044919968 107.19117276370525 34.914536237716675 291.26300585269928 25.012414515018463 93.348603203892708 449.26353923976421 288.91469040513039 477.25018674135208 10.342796757817267 105.3963406085968 24.232925280928612 81.41158527135849 452.81912091374397 12.20296788215637
leaf_count=210 642 166 1194 157 534 2182 1181 3362 55 693 129 490 3040 73
internal_value=2.48783e-05 0.0223551 0.00774364 0.0440229 0.0261231 0.0202401 -0.00286768 0.0519785 -0.0538384 -0.0566702 -0.0431859 -0.0469012 -0.0583313 -0.038067
internal_weight=2493.34 1767.16 1064.36 702.802 200.54 484.178 580.178 502.263 726.183 610.196 115.987 105.645 558.215 51.9805
internal_count=14108 9418 4723 4695 1176 2348 2375 3519 4690 4016 674 619 3733 283
cat_boundaries=0 1 2 3 4
cat_threshold=48 9 4 1
is_linear=0
shrinkage=0.05


Tree=25
num_leaves=15
num_cat=3
split_feature=0 0 34 44 4 43 5 34 5 32 40 1 30 4
split_gain=1127.3 228.839 52.1992 51.1339 46.0726 35.0719 30.6585 7.81016 5.30741 5.23107 5.18639 17.83 4.74409 2.8897
threshold=0 1 20.350000000000005 52.000000000000007 0.21022171450811272 56.500000000000007 -0.8611288361322974 25.150000000000002 -0.97874870457683605 27.197321500000005 32.850000000000009 2 0.55000000000000016 -0.861146256326485
decision_type=1 1 2 2 2 2 2 2 2 2 2 1 2 2
left_child=7 5 4 -4 -3 6 -2 8 9 -1 12 -12 -9 -10
right_child=1 2 3 -5 -6 -7 -8 10 13 -11 11 -13 -14 -15
leaf_value=-0.016279617653899705 0.025349221976260494 0.0048930805863330526 0.010564716992500408 -0.076075813241517548 -0.092779329634019983 -0.066010421452767046 0.051322769471279096 -0.023147992652388372 -0.048112853054818105 -0.049819778664718567 0.021819584623639005 -0.059490671260971288 -0.058158650064980437 -0.059318957719895905
leaf_weight=17.946119233965874 148.94265241920948 23.852149933576584 985.77943007647991 16.340111538767815 23.254009112715721 6.2709159702062598 525.27997553348541 16.450912162661552 100.93293069303036 40.663344621658325 13.062242612242699 12.129588901996613 32.25811393558979 468.0966675132513
leaf_count=96 881 106 4402 69 100 26 3776 90 684 239 67 62 198 3252
internal_value=-0.000254424 0.0214327 0.00658088 0.00907756 -0.0442494 0.0438632 0.045631 -0.0532281 -0.0558583 -0.0399952 -0.0375491 -0.018107 -0.0470377 -0.0574191
internal_weight=2431.26 1729.72 1049.23 1002.12 47.1062 680.494 674.223 701.54 627.639 58.6095 73.9009 25.1918 48.709 569.03
internal_count=14048 9360 4677 4471 206 4683 4657 4688 4271 335 417 129 288 3936
cat_boundaries=0 1 2 3
cat_threshold=48 9 1
is_linear=0
shrinkage=0.05


Tree=26
num_leaves=15
num_cat=2
split_feature=0 0 34 39 5 31 4 35 34 5 4 38 39 4
split_gain=1055.96 196.071 49.1754 52.5742 40.6703 59.7339 40.4605 7.31871 6.40526 8.41256 7.3065 5.0248 4.82828 4.32128
threshold=0 1 20.350000000000005 19.050000000000004 -0.75013812021657655 27.550000000000001 0.21022171450811272 58.401786000000008 24.850000000000005 -0.98521978256641018 -0.48314718476766416 8.0687500000000032 20.850000000000005 -0.85227431625818906
decision_type=1 1 2 2 2 2 2 2 2 2 2 2 2 2
left_child=8 4 6 -4 5 -2 -3 -6 9 12 -10 -12 -1 -11
right_child=1 2 3 -5 7 -7 -8 -9 10 13 11 -13 -14 -15
leaf_value=-0.050775063357807453 -0.058587971701534992 0.002813434517909193 -0.0054105095929750614 0.0185015742447938 -0.0015189203628499174 0.032974035449193799 -0.087676144219710581 0.052031533918981868 0.00075334199489991639 -0.046118247537789293 -0.025771510121827757 -0.052042330609642806 -0.018981696310761399 -0.059390120635707824
leaf_weight=23.363541975617409 18.848212227225304 25.408857151865959 353.5133066624403 654.22956667840481 6.4142314195632926 179.4299473464489 22.930914491415024 455.05884729325771 9.6395233571529371 97.384399577975273 28.878158092498779 70.513536706566811 27.273499101400375 419.53508359193802
leaf_count=141 105 113 1577 2926 45 1102 99 3422 53 681 161 451 145 3045
internal_value=0.00038239 0.0212444 0.00766652 0.0101162 0.0424969 0.0240199 -0.0410191 0.0512855 -0.052023 -0.0550283 -0.0407495 -0.0447421 -0.0343501 -0.0569837
internal_weight=2392.42 1715.83 1056.08 1007.74 659.751 198.278 48.3398 461.473 676.588 567.557 109.031 99.3917 50.637 516.919
internal_count=14066 9389 4715 4503 4674 1207 212 3467 4677 4012 665 612 286 3726
cat_boundaries=0 1 2
cat_threshold=48 9
is_linear=0
shrinkage=0.05


Tree=27
num_leaves=15
num_cat=3
split_feature=0 0 0 5 6 44 37 35 5 34 33 40 4 43
split_gain=988.52 196.638 46.769 37.4216 61.0898 36.92 27.1392 7.97149 5.87944 5.87503 5.141 5.03475 3.47948 2.26215
threshold=0 1 2 -0.77243990499604276 2.5000000000000004 48.800000000000004 32.500000000000007 58.401786000000008 -0.98801846520836334 24.850000000000005 32.350000000000001 41.45000000000001 -0.85227431625818906 18.850000000000005
decision_type=1 1 1 2 2 2 2 2 2 2 2 2 2 2
left_child=8 3 5 4 -2 -3 -4 -5 10 12 -1 -11 -10 -12
right_child=1 2 6 7 -6 -7 -8 -9 9 11 13 -13 -14 -15
leaf_value=0.0025541393694727722 -0.049774500042482919 0.021635081427222144 -0.027895485698747027 -0.0070772670885035031 0.034278469035073297 -0.038982251531796769 0.0015133702602581293 0.050859559184584839 -0.046377326409318805 -0.050033200556751437 -0.0573212372002809 -0.025436949562506202 -0.058723568928569815 -0.028956589273912727
leaf_weight=7.9354791343212119 23.964746057987213 446.05464018881321 92.79293517768383 5.784751445055007 164.6067900210619 25.716421499848366 478.96502964198589 445.7744243144989 95.287534847855568 71.186118379235268 14.282305628061293 34.37534861266613 408.49085296690464 21.577508926391602
leaf_count=43 130 2208 381 40 1027 115 1965 3471 687 458 95 201 3081 114
internal_value=-0.000291462 0.0199742 0.00639201 0.0416335 0.0233903 0.0178772 -0.00324326 0.0501034 -0.0519937 -0.0541073 -0.0336407 -0.0423375 -0.0564848 -0.0415023
internal_weight=2336.79 1683.66 1043.53 640.131 188.572 471.771 571.758 451.559 653.135 609.34 43.7953 105.561 503.778 35.8598
internal_count=14016 9337 4669 4668 1157 2323 2346 3511 4679 4427 252 659 3768 209
cat_boundaries=0 1 2 3
cat_threshold=48 9 4
is_linear=0
shrinkage=0.05


Tree=28
num_leaves=14
num_cat=4
split_feature=0 0 0 44 43 5 2 38 1 5 34 39 39
split_gain=905.498 181.174 44.9346 35.6488 33.9588 35.9427 22.7255 6.7876 14.0332 6.73305 5.34809 5.2887 5.28264
threshold=0 1 2 46.250000000000007 56.500000000000007 -0.86974577485258975 5.5000000000000009 13.700595000000002 3 -0.99052477729077237 25.150000000000002 20.850000000000005 25.100000000000005
decision_type=1 1 1 2 2 2 2 2 1 2 2 2 2
left_child=7 4 3 -3 5 -2 -4 9 -9 11 -11 -1 -10
right_child=1 2 6 -5 -6 -7 -8 8 12 10 -12 -13 -14
leaf_value=-0.050985193798058971 0.020241972437452269 0.022842572395625357 -0.013500676543208693 -0.022146564660574884 -0.064726745736177926 0.049211945020414927 0.006424202319720098 -0.0598178354284752 0.056575527317511844 -0.055211322947734148 -0.038268538640114758 -0.014202305335578922 -0.017085555392489824
leaf_weight=17.573017552495003 140.9995913207531 422.01112642884254 269.60811203718185 48.351100921630859 6.6122494339942923 472.23244351148605 302.83222290873528 8.7366010546684265 4.7383178174495697 512.37913285195827 62.496918901801109 22.973952010273933 3.5893728733062744
leaf_count=113 869 2109 1097 227 28 3753 1252 48 24 3969 384 123 22
internal_value=6.12425e-05 0.0194417 0.00651753 0.017803 0.040692 0.0425947 -0.00291634 -0.0503474 -0.0186105 -0.0520125 -0.0534391 -0.0309874 0.0263984
internal_weight=2295.13 1662.65 1042.8 470.362 619.844 613.232 572.44 632.487 17.0643 615.423 574.876 40.547 8.32769
internal_count=14018 9335 4685 2336 4650 4622 2349 4683 94 4589 4353 236 46
cat_boundaries=0 1 2 3 4
cat_threshold=48 9 4 1
is_linear=0
shrinkage=0.05


Tree=29
num_leaves=15
num_cat=2
split_feature=0 0 34 36 34 5 43 34 34 5 4 38 4 37
split_gain=852.667 176.922 45.9799 67.5357 44.8794 35.0055 61.9739 8.75962 7.75174 7.75639 5.98648 5.00688 3.82909 3.74579
threshold=0 1 21.050000000000004 95.500000000000014 24.450000000000003 -0.8142754349318998 12.550000000000002 20.250000000000004 24.850000000000005 -0.98801846520836334 -0.48314718476766416 8.0035710000000027 -0.85227431625818906 61.500000000000007
decision_type=1 1 2 2 2 2 2 2 2 2 2 2 2 2
left_child=8 5 3 -3 -4 6 -2 -7 9 13 -10 -12 -11 -1
right_child=1 2 4 -5 -6 7 -8 -9 10 12 11 -13 -14 -15
leaf_value=-0.042820832780314531 -0.043695581228457875 -0.078950181993960575 0.015747562848325229 0.0071950861698589028 -0.0090243218427856209 0.015134556652687613 0.03516631633794582 0.049632841531573768 -0.00018358164109657756 -0.044544890122260768 -0.021229989554082174 -0.048676328112433213 -0.057682939323844377 -0.011751672766352838
leaf_weight=28.12319004535675 29.592006787657738 36.947422370314598 695.07801662385464 56.442118108272552 247.2303020209074 20.379416942596436 135.21939033269882 416.05538623780012 9.8516789078712446 89.440864250063896 25.454433858394623 64.56292524933815 381.04604658484459 16.02107971906662
leaf_count=173 153 164 3169 251 1088 147 879 3470 55 691 148 452 3111 90
internal_value=-0.000289786 0.018578 0.00586489 -0.0273617 0.00924557 0.0399787 0.0208285 0.0480602 -0.0499893 -0.0533585 -0.0372263 -0.0412338 -0.0552851 -0.0320551
internal_weight=2251.44 1636.94 1035.7 93.3895 942.308 601.246 164.811 436.435 614.5 514.631 99.869 90.0174 470.487 44.1443
internal_count=14041 9321 4672 415 4257 4649 1032 3617 4720 4065 655 600 3802 263
cat_boundaries=0 1 2
cat_threshold=48 9
is_linear=0
shrinkage=0.05


Tree=30
num_leaves=15
num_cat=4
split_feature=0 0 44 4 5 31 34 34 22 1 1 5 43 13
split_gain=788.043 170.226 38.3663 39.3082 33.0962 52.8996 10.5191 9.06734 7.27172 14.7818 7.08048 6.44818 4.98422 4.6078
threshold=0 1 52.000000000000007 -0.28519255817492867 -0.75013812021657655 27.550000000000001 20.250000000000004 25.150000000000002 80.097222000000002 2 3 -0.97874870457683605 18.850000000000005 12.93125
decision_type=1 1 2 2 2 2 2 2 2 1 1 2 2 2
left_child=7 4 3 -3 5 -2 -6 11 13 -10 -4 12 -1 -9
right_child=1 2 10 -5 6 -7 -8 8 9 -11 -12 -13 -14 -15
leaf_value=-0.052878705824461136 -0.054066545571573657 0.019829398367197534 -0.10241240655825123 -0.0007636995768369164 0.013124302818665536 0.031217836770088922 0.049696565476512411 -0.054021676490683603 0.024989093137835459 -0.046897309891134414 -0.030634841289994687 -0.054387309202762163 -0.020506887688964068 -0.013375770798333401
leaf_weight=21.054374434053898 19.463220208883286 357.67789545655251 7.6992173045873624 654.51758724451065 21.634883686900139 167.68124746531248 379.05064077675343 32.103144034743309 13.390486106276512 13.308686941862106 7.6911932826042175 468.62605558335781 30.671760119497776 9.8492282480001432
leaf_count=153 109 1644 32 2943 157 1106 3307 228 73 75 32 3922 177 57
internal_value=-0.000364501 0.0177066 0.00525194 0.00652564 0.0389823 0.0221079 0.0477594 -0.0493367 -0.0322295 -0.0112434 -0.0705999 -0.0524739 -0.0344364 -0.0450127
internal_weight=2204.42 1615.42 1027.59 1012.2 587.83 187.144 400.686 589.004 68.6515 26.6992 15.3904 520.352 51.7261 41.9524
internal_count=14015 9330 4651 4587 4679 1215 3464 4685 433 148 64 4252 330 285
cat_boundaries=0 1 2 3 4
cat_threshold=48 9 1 1
is_linear=0
shrinkage=0.05


Tree=31
num_leaves=15
num_cat=2
split_feature=0 0 34 33 39 30 4 36 34 22 38 13 40 7
split_gain=731.092 170.669 60.7191 218.407 29.6031 37.8592 36.1295 29.5819 8.39856 6.02538 4.29093 3.84229 3.42419 3.19928
threshold=0 1 24.550000000000004 33.95000000000001 20.150000000000002 6.0500000000000007 0.89404822654372251 98.500000000000014 25.050000000000004 81.645833500000023 14.349107500000001 14.418750000000001 54.45000000000001 27.518750000000004
decision_type=1 1 2 2 2 2 2 2 2 2 2 2 2 2
left_child=8 4 7 -4 6 -6 -2 -3 10 11 12 -10 -1 -11
right_child=1 2 3 -5 5 -7 -8 -9 9 13 -12 -13 -14 -15
leaf_value=-0.056579975312459299 -0.012237598299894015 0.025052367706408171 -0.052690409108748885 0.047064830110943534 -0.012787584223735181 0.022059729615361484 -0.080550678674672915 0.044351701603738046 -0.045004986780115191 -0.0408687744446153 -0.0099071133650423734 0.0040401993165552763 -0.046996569124736737 0.005404714130453148
leaf_weight=271.13145914673805 237.17297621071339 375.31138657778502 92.240365952253342 132.35651212185621 151.63274547457695 158.36439578235149 20.147923469543457 434.74114488065243 45.827656507492065 4.0342349112033871 6.5547180473804465 4.193767935037612 223.42517983913422 13.779822021722792
leaf_count=2391 979 2583 510 899 618 655 84 3014 318 25 38 23 1824 74
internal_value=-0.000538299 0.0167781 0.0288021 0.00604409 -0.00528155 0.00502812 -0.0178775 0.0354519 -0.0486796 -0.0321398 -0.0518197 -0.0408945 -0.0523541 -0.0066898
internal_weight=2170.91 1601.97 1034.65 224.597 567.318 309.997 257.321 810.053 568.947 67.8355 501.111 50.0214 494.557 17.8141
internal_count=14035 9342 7006 1409 2336 1273 1063 5597 4693 440 4253 341 4215 99
cat_boundaries=0 1 2
cat_threshold=48 2
is_linear=0
shrinkage=0.05


Tree=32
num_leaves=15
num_cat=3
split_feature=0 0 39 25 34 5 6 43 5 0 39 34 4 4
split_gain=673.8 169.405 42.4044 63.9515 59.102 33.9126 56.4473 31.7241 8.07398 9.46777 13.9284 8.61719 5.16017 4.99067
threshold=0 1 20.150000000000002 6.8347225000000007 20.550000000000004 -0.8611288361322974 2.5000000000000004 56.500000000000007 -0.99052477729077237 2 20.850000000000005 24.850000000000005 -0.48314718476766416 -0.85227431625818906
decision_type=1 1 2 2 2 2 2 2 2 1 2 2 2 2
left_child=8 5 3 -3 -4 6 -2 -7 9 10 -1 13 -13 -10
right_child=1 2 4 -5 -6 7 -8 -9 11 -11 -12 12 -14 -15
leaf_value=-0.036954735819212159 -0.06416757560643209 0.011847181785513297 -0.065804390448060412 -0.025256462738506642 0.016412363134264914 0.047374284238172082 0.029371017772547293 -0.061336936060126704 -0.040987506300330018 -0.039523419937348113 0.045675074550624153 -0.00024314177931820491 -0.039508026692346473 -0.05608612385963338
leaf_weight=7.9912685900926617 17.699150040745735 224.20103055238724 21.806806370615959 238.95613805949688 539.81425742805004 416.23248232156038 118.04972630739212 6.0026898980140677 82.78670297563076 18.256420388817787 10.867471247911451 9.2568347156047803 87.327756345272064 336.41525191068649
leaf_count=58 96 1028 98 1081 2465 3767 785 26 710 115 62 54 629 3090
internal_value=-0.000552778 0.0160727 0.00384523 -0.00730883 0.0131087 0.0380209 0.0167953 0.0456875 -0.0475211 -0.0248336 0.00702567 -0.050022 -0.0357859 -0.053209
internal_weight=2135.66 1582.76 1024.78 463.157 561.621 557.984 135.749 422.235 552.902 37.1152 18.8587 515.787 96.5846 419.202
internal_count=14064 9346 4672 2109 2563 4674 881 3793 4718 235 120 4483 683 3800
cat_boundaries=0 1 2 3
cat_threshold=48 9 32
is_linear=0
shrinkage=0.05


Tree=33
num_leaves=15
num_cat=3
split_feature=0 0 39 34 25 5 39 34 34 0 22 5 4 32
split_gain=644.411 146.431 43.6302 60.5532 53.1271 32.4135 54.6688 9.02265 7.7265 13.1828 11.1726 7.92909 5.14719 4.75098
threshold=0 1 20.000000000000004 20.550000000000004 6.8583335000000014 -0.75013812021657655 17.750000000000004 20.700000000000006 25.050000000000004 2 80.097222000000002 -0.98212955754013376 -0.85227431625818906 27.296726500000002
decision_type=1 1 2 2 2 2 2 2 2 1 2 2 2 2
left_child=8 5 4 -4 -3 6 -2 -7 11 10 -10 13 -13 -1
right_child=1 2 3 -5 -6 7 -8 -9 9 -11 -12 12 -14 -15
leaf_value=-0.010788687775174086 -0.032494658597849467 0.011020078730291087 -0.065324627491943538 0.017579521723627443 -0.022996128411073971 0.021068657143702763 0.034398814064754639 0.048906308399223386 -0.023765314673596584 -0.046976757878620261 0.033502646979650851 -0.039594272228721639 -0.055217602427628069 -0.043882698458763136
leaf_weight=20.695796228945255 37.926743224263191 222.62646941840649 21.980820819735527 546.44693011045456 234.98883222043514 34.282771892845631 142.80375052243471 328.64178290963173 19.876349665224552 33.970437407493591 13.385512590408323 77.714208677411079 339.81621857732534 23.937573790550232
leaf_count=122 232 1023 99 2506 1061 290 992 3169 148 229 78 687 3241 177
internal_value=0.000150496 0.016263 0.00497587 0.0142646 -0.00645955 0.0370441 0.0202595 0.0463418 -0.0469856 -0.0311692 -0.000320372 -0.0502286 -0.0524112 -0.0291102
internal_weight=2099.09 1569.7 1026.04 568.428 457.615 543.655 180.73 362.925 529.396 67.2323 33.2619 462.164 417.53 44.6334
internal_count=14054 9372 4689 2605 2084 4683 1224 3459 4682 455 226 4227 3928 299
cat_boundaries=0 1 2 3
cat_threshold=48 9 32
is_linear=0
shrinkage=0.05


Tree=34
num_leaves=15
num_cat=4
split_feature=0 0 44 39 5 43 43 34 0 31 5 39 1 38
split_gain=593.134 134.722 41.8248 42.3757 32.9286 62.1064 26.598 9.39387 15.4032 11.2766 8.85093 5.63517 4.55028 4.27645
threshold=0 1 52.000000000000007 20.000000000000004 -0.8611288361322974 12.550000000000002 56.500000000000007 25.150000000000002 2 32.95000000000001 -0.97874870457683605 20.850000000000005 3 15.361904500000001
decision_type=1 1 2 2 2 2 2 2 1 2 2 2 1 2
left_child=7 4 3 -3 5 -2 -6 10 9 -9 11 -1 -4 -12
right_child=1 2 12 -5 6 -7 -8 8 -10 -11 13 -13 -14 -15
leaf_value=-0.047437993097791564 -0.049391558969274531 -0.0052938905147648018 -0.10013685146782672 0.015239063995149571 0.04507591111601348 0.032470300971608509 -0.057618417040128794 0.050308800216306349 -0.045530840108461923 -0.014289588469659909 -0.052667428413381824 -0.01230042861676163 -0.038474013814203283 0.0090802248025470596
leaf_weight=20.445448115468025 28.714007332921028 460.52129618823528 7.9814220517873746 550.99591779708862 390.29851195961237 104.84984001517296 5.5932522714138022 8.639134846627714 31.110479801893234 21.653491951525211 397.88161060959101 26.478627473115921 7.4931507259607315 2.5496629625558844
leaf_count=158 147 2096 33 2543 3784 743 25 50 216 154 3905 165 31 14
internal_value=-5.66962e-05 0.0152925 0.00456894 0.00589487 0.0355766 0.0146351 0.0434835 -0.0463432 -0.0281412 0.00390443 -0.0498068 -0.0282807 -0.074426 -0.0522526
internal_weight=2065.21 1556.45 1026.99 1011.52 529.456 133.564 395.892 508.758 61.4031 30.2926 447.355 46.9241 15.4746 400.431
internal_count=14064 9402 4703 4639 4699 890 3809 4662 420 204 4242 323 64 3919
cat_boundaries=0 1 2 3 4
cat_threshold=48 9 32 1
is_linear=0
shrinkage=0.05


Tree=35
num_leaves=15
num_cat=3
split_feature=0 0 6 8 10 5 43 43 34 0 22 5 39 4
split_gain=539.047 134.733 37.8299 47.3196 38.8278 33.0117 51.9854 25.7511 8.60229 12.4531 9.90609 9.44034 6.48712 5.43169
threshold=0 1 2.5000000000000004 33.350000000000001 90.645833500000023 -0.8611288361322974 12.550000000000002 56.500000000000007 25.150000000000002 2 79.625000000000014 -0.98212955754013376 20.850000000000005 -0.85227431625818906
decision_type=1 1 2 2 2 2 2 2 2 1 2 2 2 2
left_child=8 5 3 -3 -4 6 -2 -7 11 10 -10 12 -1 -13
right_child=1 2 4 -5 -6 7 -8 -9 9 -11 -12 13 -14 -15
leaf_value=-0.046523252211599177 -0.044012719528670294 -0.038499103075542412 0.010570448889305688 0.0066532316085037152 -0.070539365786771308 0.044937401653520954 0.030759890202686165 -0.056633316189640751 -0.023124124801193979 -0.044624926935327353 0.030312938682191412 -0.037595443539061885 -0.007903742451890244 -0.054101734188240616
leaf_weight=19.409329533576965 28.975068226456642 105.27125665545464 775.86067391932011 127.27097681164742 14.053430199623106 373.9211645424366 103.24921754002571 5.5334558337926856 18.273923620581627 29.646737113595009 14.768905729055403 72.194961212575436 24.350419402122498 314.39853891730309
leaf_count=153 145 479 3572 575 64 3753 747 25 138 211 83 684 151 3254
internal_value=-0.000231473 0.0144177 0.00378533 -0.0138644 0.00904005 0.035137 0.0141672 0.0433113 -0.0451288 -0.0279724 0.000733587 -0.0486035 -0.0256899 -0.0511242
internal_weight=2027.18 1534.14 1022.46 232.542 789.914 511.679 132.224 379.455 493.043 62.6896 33.0428 430.353 43.7597 386.594
internal_count=14034 9360 4690 1054 3636 4670 892 3778 4674 432 221 4242 304 3938
cat_boundaries=0 1 2 3
cat_threshold=48 9 32
is_linear=0
shrinkage=0.05


Tree=36
num_leaves=15
num_cat=3
split_feature=0 0 6 5 44 5 43 43 34 0 22 5 44 4
split_gain=525.801 121.477 43.638 47.9147 44.9296 33.8731 51.7521 24.2175 9.4524 12.5164 11.1443 7.76951 6.77649 3.51201
threshold=0 1 2.5000000000000004 -0.92272482904738273 48.800000000000004 -0.8611288361322974 12.550000000000002 56.500000000000007 25.150000000000002 2 79.625000000000014 -0.97874870457683605 45.900000000000013 -0.861146256326485
decision_type=1 1 2 2 2 2 2 2 2 1 2 2 2 2
left_child=8 5 3 -3 -4 6 -2 -7 11 10 -10 12 -1 -13
right_child=1 2 4 -5 -6 7 -8 -9 9 -11 -12 13 -14 -15
leaf_value=-0.036399445085160839 -0.04456532121158796 -0.097355065370952606 0.012639463695644108 -0.0084106394914819967 -0.043014778956458624 0.044161483694010316 0.030005362713669461 -0.055155326084786266 -0.02367456472695318 -0.043796908991439294 0.034356011567493426 -0.039739457051948666 0.016163988964264499 -0.054022078610461745
leaf_weight=38.527010776102543 29.433329194784164 15.288602158427237 745.21729575097561 219.55756491422653 37.151574864983559 366.74498055130243 98.313261725008488 5.4317202866077414 17.404777139425281 28.495518632233143 14.0351365506649 67.724584862589836 6.6631449609994879 301.95912691950798
leaf_count=286 144 69 3451 997 157 3812 726 25 135 209 77 660 41 3261
internal_value=-0.000101577 0.0143043 0.00423053 -0.0145892 0.00994513 0.0342695 0.0126113 0.0425681 -0.0454117 -0.0270608 0.00190439 -0.0490833 -0.028467 -0.0515198
internal_weight=1991.95 1517.14 1017.22 234.846 782.369 499.923 127.747 372.177 474.809 59.9354 31.4399 414.874 45.1902 369.684
internal_count=14050 9381 4674 1066 3608 4707 870 3837 4669 421 212 4248 327 3921
cat_boundaries=0 1 2 3
cat_threshold=48 9 32
is_linear=0
shrinkage=0.05


Tree=37
num_leaves=15
num_cat=3
split_feature=0 0 39 34 34 5 4 34 5 0 39 34 4 22
split_gain=481.767 120.496 38.5781 54.2426 46.1364 25.8502 45.0544 13.1739 8.14152 10.3479 10.9258 9.42798 5.88619 3.80126
threshold=0 1 20.150000000000002 24.450000000000003 20.950000000000003 -0.77243990499604276 0.056951373111866661 20.250000000000004 -0.99052477729077237 2 20.850000000000005 25.050000000000004 -0.85227431625818906 80.20138900000002
decision_type=1 1 2 2 2 2 2 2 2 1 2 2 2 2
left_child=8 5 3 -3 -4 6 -2 -7 9 10 -1 12 -10 -13
right_child=1 2 4 -5 -6 7 -8 -9 11 -11 -12 13 -14 -15
leaf_value=-0.031832507558277025 0.043645388865440192 0.0012823281603914682 -0.046036083101491869 -0.042487119680347907 0.016236349149290816 0.0022759698332389497 -0.0092934586255132845 0.045354370102439957 -0.03587113210947953 -0.03735663914797973 0.044525437187529715 -0.038550710639849335 -0.05342909969037446 -0.012632688542928969
leaf_weight=6.7758814096450832 81.966659031808376 382.63821674883366 30.592963010072708 85.836215749382973 519.47549366950989 18.96457751840353 77.388487793505192 302.62113352864981 67.81693172454834 16.832941129803658 11.029593497514723 35.838568180799484 297.08926494419575 25.209500461816788
leaf_count=56 618 1755 139 379 2410 164 513 3354 682 116 64 289 3327 150
internal_value=-0.000199252 0.0135767 0.00368973 -0.00681074 0.0126957 0.0339646 0.0180388 0.0428289 -0.0443138 -0.0210909 0.0100015 -0.0471864 -0.0502729 -0.0282241
internal_weight=1960.08 1499.48 1018.54 468.474 550.068 480.941 159.355 321.586 460.593 34.6384 17.8055 425.954 364.906 61.0481
internal_count=14016 9332 4683 2134 2549 4649 1131 3518 4684 236 120 4448 4009 439
cat_boundaries=0 1 2 3
cat_threshold=48 9 32
is_linear=0
shrinkage=0.05


Tree=38
num_leaves=13
num_cat=4
split_feature=0 0 34 33 37 1 5 5 0 34 5 22
split_gain=448.44 110.364 51.6829 178.864 35.095 26.8244 25.1746 25.0564 7.95088 17.6483 22.8761 11.6092
threshold=0 1 24.550000000000004 33.95000000000001 24.500000000000004 2 0.95178258287705175 -0.98212955754013376 3 24.850000000000005 -0.98521978256641018 80.097222000000002
decision_type=1 1 2 2 2 1 2 2 1 2 2 2
left_child=8 5 4 -4 -3 6 -2 -7 9 10 -1 -11
right_child=1 2 3 -5 -6 7 -8 -9 -10 11 -12 -13
leaf_value=0.0093373328142835939 0.010931805442782038 -0.075954689996221833 -0.050754272233831457 0.042753943759546262 0.031168001225770736 0.03785649897343013 -0.042405078413007877 -0.01934582304946348 -0.053829622512243963 -0.029578488566019901 -0.045953179687207323 0.020667868981745607
leaf_weight=20.823735967278481 258.91759631037712 6.8087405860424033 90.307151913642883 115.25429444015026 714.11477716267109 19.703990042209625 23.198547050356865 266.19577094912529 222.99314410984516 21.671993315219879 159.88423874229193 22.347441777586937
leaf_count=144 1075 41 506 889 5608 82 100 1101 2370 185 1852 155
internal_value=-0.000263282 0.012927 0.0235008 0.00162713 0.0300525 -0.00443876 0.0064116 -0.0152853 -0.0435411 -0.0312964 -0.0395655 -0.00417734
internal_weight=1942.22 1494.5 926.485 205.561 720.924 568.016 282.116 285.9 447.721 224.727 180.708 44.0194
internal_count=14108 9402 7044 1395 5649 2358 1175 1183 4706 2336 1996 340
cat_boundaries=0 1 2 3 4
cat_threshold=48 2 1 32
is_linear=0
shrinkage=0.05


Tree=39
num_leaves=9
num_cat=0
split_feature=43 38 39 5 43 5 5 43
split_gain=32.7123 27.5977 52.9848 94.1601 56.8233 34.1786 43.529 3.6401
threshold=56.500000000000007 6.8250000000000011 18.750000000000004 -0.55656394595157355 17.750000000000004 -0.71502926860092908 0.14888728888808322 20.350000000000005
decision_type=2 2 2 2 2 2 2 2
left_child=1 5 3 -3 -4 7 -7 -1
right_child=-2 2 4 -5 -6 6 -8 -9
leaf_value=0.041839541782258821 -0.075182594958453197 -0.062201379468897727 -0.005836311559902406 -0.0016953452483807275 0.017579525126874693 -0.032557649878145911 0.012643517602723609 0.024686430190504587
leaf_weight=55.519633121788502 13.371134579181669 95.588759802281857 772.97704631090164 192.51993991434574 388.47483555227518 69.207661755383015 219.69860512018204 86.308849081397057
leaf_count=365 78 631 5738 1495 2844 545 1715 580
internal_value=-3.2816e-05 0.000541267 -0.00276198 -0.0219158 0.00200405 0.0116384 0.0017406 0.031647
internal_weight=1893.67 1880.3 1449.56 288.109 1161.45 430.735 288.906 141.828
internal_count=13991 13913 10708 2126 8582 3205 2260 945
is_linear=0
shrinkage=0.05


Tree=40
num_leaves=15
num_cat=5
split_feature=0 0 34 33 36 1 5 6 38 1 40 1 39 4
split_gain=413.651 111.241 42.8883 170.014 31.5095 25.3761 22.1683 22.0258 8.46892 14.3722 7.19152 10.2318 5.0182 0.839972
threshold=0 1 24.550000000000004 33.95000000000001 98.500000000000014 2 -0.98212955754013376 2.5000000000000004 13.519047500000001 3 36.750000000000007 4 25.100000000000005 0.99053107487289871
decision_type=1 1 2 2 2 1 2 2 2 1 2 1 2 2
left_child=8 5 4 -4 -3 7 -7 -2 10 -10 13 -12 -11 -1
right_child=1 2 3 -5 -6 6 -8 -9 9 12 11 -13 -14 -15
leaf_value=-0.054398467354900171 -0.020225915376951471 0.017581288702031659 -0.047159894128653297 0.043330838018534809 0.03890943237844411 0.035001696152273297 -0.019651110374486878 0.012843904703610777 -0.053731262256714499 0.069164373987884428 -0.028208865944302698 -0.049968308579307355 -0.0081953253553759525 -0.035796180126830328
leaf_weight=171.6316472440958 64.559173032641411 329.09235681593418 92.538444846868515 115.62615991383791 371.49974799156189 19.029720187187195 267.41661438345909 216.51089119911194 7.0602082982659322 4.3394209444522858 114.31339342147112 112.71396718919277 3.1353352665901184 14.45973779261112
leaf_count=2042 266 2596 508 909 3014 80 1107 907 51 25 1182 1175 27 166
internal_value=-0.000600231 0.0119908 0.0227663 0.00307053 0.0289302 -0.00536876 -0.0159112 0.0052033 -0.0432618 -0.00628762 -0.045589 -0.0391837 0.0395772 -0.0531521
internal_weight=1903.93 1476.27 908.757 208.165 700.592 567.516 286.446 281.07 427.654 14.535 413.119 227.027 7.47476 186.091
internal_count=14055 9387 7027 1417 5610 2360 1187 1173 4668 103 4565 2357 52 2208
cat_boundaries=0 1 2 3 4 5
cat_threshold=48 2 1 1 1
is_linear=0
shrinkage=0.05


Tree=41
num_leaves=15
num_cat=3
split_feature=0 0 39 35 40 5 6 43 34 0 35 5 4 32
split_gain=376.593 106.932 32.5174 54.0685 46.1955 31.8789 42.5272 19.8023 11.6742 15.3216 9.71348 8.04483 5.96516 4.7487
threshold=0 1 20.150000000000002 87.401786000000016 66.050000000000011 -0.8611288361322974 2.5000000000000004 56.500000000000007 25.150000000000002 2 80.711309500000013 -0.97874870457683605 -0.85227431625818906 27.282440500000003
decision_type=1 1 2 2 2 2 2 2 2 1 2 2 2 2
left_child=8 5 3 -3 -4 6 -2 -7 11 10 -10 13 -13 -1
right_child=1 2 4 -5 -6 7 -8 -9 9 -11 -12 12 -14 -15
leaf_value=-0.0072279510918429549 -0.056338353469395488 -0.0014860712587833843 0.0005778028713399276 -0.056905536266647253 0.031896132856924969 0.041844967231125768 0.022920140553826712 -0.050125020793021939 -0.011318989464093316 -0.041170835680267824 0.045729031437035501 -0.033887542779600523 -0.05245608406518748 -0.040627367589544723
leaf_weight=20.810567170381546 19.057475075125694 412.39845807850361 365.22980457544327 48.276811510324478 172.79098458588123 324.46599311381578 108.09524472802877 5.1581977456808081 19.957253821194175 25.141972728073597 10.650023430585859 61.459500946104527 254.30454338341951 21.964651174843311
leaf_count=137 102 1902 1693 225 842 3778 802 26 161 207 57 680 3235 194
internal_value=-0.000414092 0.0116042 0.00231397 -0.00740447 0.0106765 0.0313844 0.0106941 0.0402585 -0.0418351 -0.0210129 0.00710283 -0.0461689 -0.0489603 -0.0249145
internal_weight=1869.76 1455.47 998.696 460.675 538.021 456.777 127.153 329.624 414.289 55.7492 30.6073 358.539 315.764 42.7752
internal_count=14041 9370 4662 2127 2535 4708 904 3804 4671 425 218 4246 3915 331
cat_boundaries=0 1 2 3
cat_threshold=48 9 32
is_linear=0
shrinkage=0.05


Tree=42
num_leaves=15
num_cat=3
split_feature=0 0 38 6 5 31 43 34 0 35 5 4 43 34
split_gain=365.884 106.625 33.1185 35.4314 29.2006 44.3905 18.4667 11.6916 14.7382 7.42759 7.22988 5.35333 4.713 0.401733
threshold=0 1 14.349107500000001 2.5000000000000004 -0.8611288361322974 27.550000000000001 56.500000000000007 25.050000000000004 2 80.711309500000013 -0.97874870457683605 -0.85227431625818906 18.850000000000005 24.950000000000003
decision_type=1 1 2 2 2 2 2 2 1 2 2 2 2 2
left_child=7 4 3 -3 5 -2 -6 10 9 -9 12 -12 -1 -4
right_child=1 2 13 -5 6 -7 -8 8 -10 -11 11 -13 -14 -15
leaf_value=-0.047156455606115991 -0.069945187518624719 -0.013577340744048606 -0.090896698805421089 0.0086700084591899134 0.042050769020063092 0.022468635833969901 -0.048281667328534304 -0.01098067160529053 -0.041128748666079469 0.037192500576772446 -0.034725717487531456 -0.052467088435052947 -0.012042541780487193 -0.046707784388458962
leaf_weight=14.996386811137198 13.72956734895706 233.00563298165798 6.8687053322792035 760.32721924781799 312.02400807291269 110.4801764562726 4.9696864187717429 19.833105199038986 25.700142450630665 12.058741606771944 62.119867704808712 242.21166425198317 26.228246130049229 4.9045571237802505
leaf_count=148 72 1066 28 3583 3757 824 26 161 220 65 706 3227 180 20
internal_value=-0.000273173 0.0115156 0.00239395 0.00344305 0.0317318 0.0117766 0.0404872 -0.0417416 -0.0213767 0.00599008 -0.0462688 -0.0489713 -0.0256303 -0.0775861
internal_weight=1849.46 1446.31 1005.11 993.333 441.203 124.21 316.994 403.148 57.592 31.8918 345.556 304.332 41.2246 11.7733
internal_count=14083 9376 4697 4649 4679 896 3783 4707 446 226 4261 3933 328 48
cat_boundaries=0 1 2 3
cat_threshold=48 9 32
is_linear=0
shrinkage=0.05


Tree=43
num_leaves=13
num_cat=3
split_feature=0 0 34 34 5 6 43 33 0 5 38 43
split_gain=343.483 88.2448 32.4868 83.3649 29.8787 38.3897 17.6382 13.2271 10.2826 19.9585 13.7431 5.22755
threshold=0 1 25.250000000000004 24.550000000000004 -0.8611288361322974 2.5000000000000004 56.500000000000007 39.150000000000013 2 -0.074115882986646578 13.519047500000001 20.050000000000004
decision_type=1 1 2 2 2 2 2 2 1 2 2 2
left_child=8 4 3 -3 5 -2 -6 -4 9 10 -1 -11
right_child=1 2 7 -5 6 -7 -8 -9 -10 11 -12 -13
leaf_value=-0.019582495362790737 -0.055119969811673955 0.0065315910556942181 0.039851677654750277 -0.036650643809025191 0.040657473428075575 0.021726976437112976 -0.054368642321470387 -0.030053903925058845 -0.052464142814636308 -0.053536628051168149 0.05310156837894682 -0.020563678215790658
leaf_weight=105.25833514332771 18.315779447555542 793.87949195504189 72.569518461823463 129.05366933345795 300.10140734165907 102.08156701922417 4.1390247642993918 6.7302230894565573 190.55665481463075 69.053315855562687 5.9769329503178588 16.60350725799799
leaf_count=1123 97 3756 336 566 3740 780 22 31 2354 956 39 205
internal_value=-7.42662e-05 0.0113101 0.00308401 0.00046029 0.0301571 0.00967868 0.0391908 0.0336184 -0.0411527 -0.0280084 -0.0152387 -0.0474563
internal_weight=1814.32 1426.87 1002.23 922.933 424.638 120.397 304.24 79.2997 387.449 196.892 111.235 85.6568
internal_count=14005 9328 4689 4322 4639 877 3762 367 4677 2323 1162 1161
cat_boundaries=0 1 2 3
cat_threshold=48 9 32
is_linear=0
shrinkage=0.05


Tree=44
num_leaves=13
num_cat=3
split_feature=0 0 5 6 34 39 4 43 0 5 38 4
split_gain=312.503 93.3082 31.2197 40.6678 30.8134 37.2746 26.8526 16.7332 12.5713 20.0787 15.2134 6.65033
threshold=0 1 -0.8611288361322974 2.5000000000000004 20.350000000000005 19.050000000000004 0.21022171450811272 56.500000000000007 2 -0.056951011027366542 13.519047500000001 -0.85227431625818906
decision_type=1 1 2 2 2 2 2 2 1 2 2 2
left_child=8 2 3 -2 6 -6 -3 -4 9 10 -1 -11
right_child=1 4 7 -5 5 -7 -8 -9 -10 11 -12 -13
leaf_value=-0.018768968752410076 -0.056348720308606916 -0.0012192490102531542 0.041410224894619548 0.022131876450280263 -0.0088728825781750446 0.011725930291992252 -0.077437242397135828 -0.04627956165160315 -0.052019424348348442 -0.015826917399743706 0.053941893529426389 -0.053227700259586258
leaf_weight=107.09333729371428 18.70160898566246 24.421962603926659 291.43658486753702 101.35789249837399 341.03332591056824 612.97231310606003 20.991387084126472 4.7572776824235907 179.64901793003082 15.681934759020804 6.7492460384964934 67.34484313800931
leaf_count=1159 97 113 3754 788 1576 2900 96 26 2321 187 43 986
internal_value=-4.72282e-07 0.0108149 0.0304237 0.00954251 0.00240556 0.00436079 -0.0373588 0.0398508 -0.0398177 -0.0265198 -0.0140261 -0.0464359
internal_weight=1792.19 1415.67 416.253 120.06 999.419 954.006 45.4133 296.194 376.518 196.869 113.843 83.0268
internal_count=14046 9350 4665 885 4685 4476 209 3780 4696 2375 1202 1173
cat_boundaries=0 1 2 3
cat_threshold=48 9 32
is_linear=0
shrinkage=0.05


Tree=45
num_leaves=13
num_cat=3
split_feature=0 0 34 33 34 37 33 0 34 43 40 39
split_gain=296.433 87.301 37.0662 108.644 31.4176 19.8417 25.4758 11.6603 16.6491 16.8248 8.50624 1.46448
threshold=0 1 24.450000000000003 33.95000000000001 20.250000000000004 25.500000000000004 37.95000000000001 2 24.850000000000005 15.15 41.45000000000001 24.450000000000003
decision_type=1 1 2 2 2 2 2 1 2 2 2 2
left_child=7 5 4 -4 -3 11 -7 8 9 -1 -10 -2
right_child=1 2 3 -5 -6 6 -8 -9 10 -11 -12 -13
leaf_value=-0.052482594927348095 -0.036106257146955582 -0.019891069494078893 -0.031799308250391942 0.037935038459082582 0.029591337690427745 -0.0051694365174863189 0.076652336943537305 -0.051690305164899066 -0.016863956644090027 -0.018634724700922495 0.029170343987417743 -0.086949137887167752
leaf_weight=72.743189353495836 4.7074126899242383 33.254013448953629 110.6960893496871 110.72741544991732 588.78472693264484 535.01641643047333 8.6873249560594541 174.51794968917966 25.282925881445408 76.544975094497204 15.233247771859167 5.9856428354978561
leaf_count=1098 22 233 663 956 5183 2235 35 2350 228 917 108 24
internal_value=-0.000146648 0.0103743 0.0204312 0.00308657 0.0269183 -0.00502623 -0.00372376 -0.0396311 -0.026319 -0.0353671 0.000729723 -0.0695686
internal_weight=1762.18 1397.86 843.462 221.424 622.039 554.397 543.704 364.322 189.804 149.288 40.5162 10.6931
internal_count=14052 9351 7035 1619 5416 2316 2270 4701 2351 2015 336 46
cat_boundaries=0 1 2 3
cat_threshold=48 2 32
is_linear=0
shrinkage=0.05


Tree=46
num_leaves=12
num_cat=4
split_feature=0 0 8 4 44 1 5 0 5 43 27
split_gain=280.009 80.5114 33.9716 80.2946 22.5963 19.5744 15.3609 12.2332 18.9246 12.3553 6.54918
threshold=0 1 33.250000000000007 0.091259403071267911 52.000000000000007 2 0.81800285027139286 3 -0.056951011027366542 0.65000000000000002 38.800000000000004
decision_type=1 1 2 2 2 1 2 1 2 2 2
left_child=7 4 3 -3 5 -2 -4 8 9 -1 -10
right_child=1 2 6 -5 -6 -7 -8 -9 10 -11 -12
leaf_value=0.052957126903708143 0.006148526685075692 0.028207838032225159 0.042561820699800371 -0.0088247670039884995 -0.080989146750970992 -0.012655155274824817 0.0059815576145183895 -0.05137764066413656 -0.050853699136089107 -0.017529018325966334 -0.0016071161243165261
leaf_weight=5.6498177573084822 273.28981314599514 380.39806789159775 185.5523557215929 236.9072073251009 8.5364337265491468 278.49525783956051 34.340454868972301 169.03195315971971 68.117769759148359 103.82333163544536 7.5555561929941168
leaf_count=41 1147 3269 1685 1821 35 1157 297 2374 1056 1149 96
internal_value=-4.34433e-05 0.0100726 0.0198189 0.0140043 -0.00459098 -0.00334773 0.0369021 -0.0390591 -0.0255622 -0.0134448 -0.0460218
internal_weight=1751.7 1397.52 837.198 617.305 560.322 551.785 219.893 354.178 185.146 109.473 75.6733
internal_count=14127 9411 7072 5090 2339 2304 1982 4716 2342 1190 1152
cat_boundaries=0 1 2 3 4
cat_threshold=48 2 1 32
is_linear=0
shrinkage=0.05


Tree=47
num_leaves=15
num_cat=0
split_feature=6 39 40 6 5 38 37 44 40 34 40 39 38 35
split_gain=31.6587 40.8693 56.5317 39.8397 65.3712 46.4286 28.997 26.239 32.1622 23.8617 23.2302 18.0172 15.9249 14.8258
threshold=27.000000000000004 18.850000000000005 48.800000000000004 2.5000000000000004 -0.97111920233974802 8.9562500000000025 63.500000000000007 48.050000000000004 77.300000000000011 21.050000000000004 32.850000000000009 25.100000000000005 6.9169645000000015 84.860119000000012
decision_type=2 2 2 2 2 2 2 2 2 2 2 2 2 2
left_child=3 6 13 4 5 -1 -2 10 -9 -6 -5 -4 -8 -3
right_child=1 2 11 7 9 -7 12 8 -10 -11 -12 -13 -14 -15
leaf_value=-0.013028285464829432 -0.019549782894001735 -0.032717046523875803 0.024661941680638857 0.00058352440936955212 -0.039369714762530782 -0.13381693832018146 -0.034883607704949519 -0.042937391470917657 0.028459777472670512 -0.00047409331998289655 0.015816131022087898 -0.025960128749670471 -0.10202986317831775 -0.11038243386241182
leaf_weight=14.829752303659918 60.858682177960873 17.396932829171423 94.271871831268072 443.86031698435545 44.057064350694418 16.777575246989727 16.680503737181425 51.459229912608862 21.740901991724968 316.00953320041299 573.16034219413996 20.691823434084654 22.24683528393507 9.7663603238761407
leaf_count=81 505 126 774 3763 362 100 143 351 172 2654 4618 174 156 63
internal_value=-0.000565761 -0.0172975 -2.68541e-05 0.00217545 -0.0114837 -0.079282 -0.0416522 0.00708869 -0.0216342 -0.00532914 0.00917524 0.0154054 -0.0748517 -0.0635689
internal_weight=1723.81 241.913 142.127 1481.89 391.674 31.6073 99.786 1090.22 73.2001 360.067 1017.02 114.964 38.9273 27.1633
internal_count=14042 1941 1137 12101 3197 181 804 8904 523 3016 8381 948 299 189
is_linear=0
shrinkage=0.05


Tree=48
num_leaves=15
num_cat=3
split_feature=0 0 34 34 5 4 24 43 34 0 5 5 4 39
split_gain=264.797 82.6474 29.165 79.053 26.154 40.7403 23.7921 13.4717 10.9842 13.0753 11.2366 8.99542 6.04342 4.39206
threshold=0 1 25.150000000000002 24.550000000000004 -0.8611288361322974 0.056951373111866661 63.500000000000007 56.500000000000007 24.850000000000005 2 -0.88620506325989179 -0.98801846520836334 -0.85227431625818906 20.850000000000005
decision_type=1 1 2 2 2 2 2 2 2 1 2 2 2 2
left_child=8 4 3 -3 5 -2 -4 -6 11 10 -10 13 -13 -1
right_child=1 2 6 -5 7 -7 -8 -9 9 -11 -12 12 -14 -15
leaf_value=-0.040888281128647522 0.038004697117984765 0.0044707184572394202 0.035820804943645666 -0.039327250745278014 0.038920396980053042 -0.019852008300400212 -0.056529530247698814 -0.043111411526779234 -0.05074460661932792 -0.040889252271237742 0.014429361341582661 -0.032060712808251374 -0.052482880479408828 -0.0030077955025615798
leaf_weight=12.13413440436125 60.442251123487949 778.3402646034956 83.291291147470474 117.72273574769497 270.520668014884 59.379272386431694 6.7145089060068122 4.3149663209915152 7.196715496480464 29.304748758673668 33.259291961789131 52.542509377002716 189.00316177308559 18.751260459423065
leaf_count=126 504 3747 393 516 3753 405 29 25 71 334 266 690 3092 129
internal_value=-0.000569132 0.00924999 0.00140257 -0.00132079 0.0282874 0.00940598 0.0283859 0.0374809 -0.0392268 -0.0221822 0.00152364 -0.0449289 -0.048191 -0.0187057
internal_weight=1722.92 1380.73 986.069 896.063 394.657 119.822 90.0058 274.836 342.192 69.7608 40.456 272.431 241.546 30.8854
internal_count=14080 9372 4685 4263 4687 909 422 3778 4708 671 337 4037 3782 255
cat_boundaries=0 1 2 3
cat_threshold=48 9 32
is_linear=0
shrinkage=0.05


Tree=49
num_leaves=12
num_cat=3
split_feature=0 0 8 34 44 4 34 0 5 34 39
split_gain=242.436 75.0884 34.3401 98.1611 18.3763 21.2317 14.3536 12.3527 19.7215 18.1563 9.73324
threshold=0 1 33.250000000000007 24.550000000000004 52.000000000000007 -0.34235669412071196 20.250000000000004 2 -0.98801846520836334 24.850000000000005 20.850000000000005
decision_type=1 1 2 2 2 2 2 1 2 2 2
left_child=7 4 3 -3 5 -2 -4 8 10 -10 -1
right_child=1 2 6 -5 -6 -7 -8 -9 9 -11 -12
leaf_value=-0.020753049892146054 0.01007914450459169 0.022297303466984345 -0.063048046349054684 -0.030082419059259041 -0.076480702893791871 -0.010847286970763629 0.037612154209036956 -0.050767532780262484 -0.040692155297598349 -0.0011534734006916536 0.055884108436906083
leaf_weight=6.127547673881053 179.80228732526302 489.20552624389529 2.7332918643951407 108.49570044502616 7.8822169303894034 367.06616088747978 212.54700180515647 155.58484501764178 117.92782013118267 38.491882804781199 9.5632805377244932
leaf_count=62 759 4379 18 669 33 1529 2001 2363 1864 326 59
internal_value=-0.000186413 0.00912682 0.0187297 0.0127549 -0.00503668 -0.00396115 0.0360485 -0.0380864 -0.0242617 -0.0310316 0.0265056
internal_weight=1695.43 1367.73 812.982 597.701 554.751 546.868 215.28 327.695 172.111 156.42 15.6908
internal_count=14062 9388 7067 5048 2321 2288 2019 4674 2311 2190 121
cat_boundaries=0 1 2 3
cat_threshold=48 2 32
is_linear=0
shrinkage=0.05


Tree=50
num_leaves=13
num_cat=3
split_feature=0 0 44 32 39 35 32 35 0 5 38 28
split_gain=221.255 73.3087 31.3243 43.1212 42.4692 21.9433 82.0133 14.1255 14.1049 18.6601 13.0697 6.31028
threshold=0 1 46.250000000000007 26.419940500000006 20.150000000000002 83.410714500000026 27.689583000000002 58.401786000000008 2 -0.056951011027366542 13.700595000000002 38.800000000000004
decision_type=1 1 2 2 2 2 2 2 1 2 2 2
left_child=8 5 4 -4 -3 7 -7 -2 9 10 -1 -11
right_child=1 2 3 -5 -6 6 -8 -9 -10 11 -12 -13
leaf_value=-0.015319415456260733 -0.043821343126916601 -0.0062817233196805254 0.065454685744563576 -0.036334860770303797 0.015680443901494492 0.028214945691883514 -0.068346328348671812 0.042821946816562408 -0.05038383323371573 -0.049967400041012244 0.057002061765479006 -0.0013501452854862456
leaf_weight=98.772431809455156 4.0652876794338217 449.47466611862183 10.825506076216696 89.857044219970703 429.62482751905918 177.86390259861946 24.109365344047546 173.58161261677742 147.06920587271452 59.86232678219676 5.6897815540432921 7.5597774237394324
leaf_count=1157 45 2109 55 406 2108 2071 170 2413 2332 1051 35 102
internal_value=-0.000109624 0.00874185 0.00140837 -0.0248542 0.00445703 0.0270966 0.0164086 0.040605 -0.0368656 -0.0229643 -0.0108771 -0.0446155
internal_weight=1678.36 1359.4 979.782 100.683 879.099 379.62 201.973 177.647 318.954 171.884 104.462 67.4221
internal_count=14054 9377 4678 461 4217 4699 2241 2458 4677 2345 1192 1153
cat_boundaries=0 1 2 3
cat_threshold=48 9 32
is_linear=0
shrinkage=0.05


Tree=51
num_leaves=12
num_cat=3
split_feature=0 0 34 39 39 5 39 34 0 5 32
split_gain=206.656 69.7231 26.8435 34.7893 31.2325 23.3439 53.0058 15.9502 13.1088 14.8281 14.2197
threshold=0 1 20.350000000000005 19.050000000000004 18.050000000000004 -0.52765736634565841 17.750000000000004 20.250000000000004 2 0.51849435583340198 26.542559500000003
decision_type=1 1 2 2 2 2 2 2 1 2 2
left_child=8 5 4 -4 -3 6 -2 -7 9 10 -1
right_child=1 2 3 -5 -6 7 -8 -9 -10 -11 -12
leaf_value=0.024041023158771407 -0.036635851816304549 0.012716537018947101 -0.0098420836905035499 0.010191305081532501 -0.070330290818265515 -0.010228661794243728 0.028480518991919584 0.042907291162997463 -0.050027548659154243 -0.051573223715929553 -0.02264412128225032
leaf_weight=18.192419376224279 39.595961935818195 18.88251568377018 338.93887034058571 596.97292889654636 26.313205882906914 14.934685774147509 135.61285358294845 181.41358552873135 140.17232919856906 37.502964098006487 113.04703843593597
leaf_count=250 315 88 1583 2895 122 159 1341 2893 2321 716 1390
internal_value=-0.000313888 0.00817483 0.0010889 0.00293349 -0.0361096 0.0263161 0.0136403 0.0388343 -0.0364772 -0.0228483 -0.0160398
internal_weight=1661.58 1352.66 981.108 935.912 45.1957 371.557 175.209 196.348 308.915 168.742 131.239
internal_count=14073 9396 4688 4478 210 4708 1656 3052 4677 2356 1640
cat_boundaries=0 1 2 3
cat_threshold=48 9 32
is_linear=0
shrinkage=0.05


Tree=52
num_leaves=13
num_cat=3
split_feature=0 0 26 5 25 5 38 0 5 43 38 43
split_gain=198.219 61.8427 29.393 50.0723 43.4485 22.4278 35.966 12.2306 15.0311 12.1166 11.2979 7.23828
threshold=0 1 15.450000000000001 0.11478523713130602 6.8013890000000012 -0.8611288361322974 6.8250000000000011 2 -0.056951011027366542 56.500000000000007 13.519047500000001 20.050000000000004
decision_type=1 1 2 2 2 2 2 1 2 2 2 2
left_child=7 5 3 -3 -4 6 -2 8 10 -7 -1 -10
right_child=1 2 4 -5 -6 9 -8 -9 11 -11 -12 -13
leaf_value=-0.016669854174505689 0.056382941730620251 -0.042318802938923296 0.034192497960929179 0.0068402720206749562 0.00072066866361679101 0.035923696709698909 -0.0083207172848409321 -0.04979595514553356 -0.051937423178181265 -0.042064262016769723 0.046254215827697114 -0.010390158932569825
leaf_weight=94.415153402835131 27.425288535654545 93.898910120129585 112.70446227490902 113.53905527293682 658.35010430216789 240.82124409452081 87.088066957890987 137.17297456786036 49.601717624813318 4.2872687876224509 6.752472758293151 13.955435466021298
leaf_count=1148 241 434 557 538 3156 3736 659 2365 957 26 41 203
internal_value=-0.000566092 0.00775689 0.00114249 -0.0155084 0.00565117 0.0251859 0.00752939 -0.0364141 -0.022851 0.0343942 -0.0120583 -0.043117
internal_weight=1640.01 1338.11 978.493 207.438 771.055 359.622 114.513 301.898 164.725 245.109 101.168 63.5572
internal_count=14061 9347 4685 972 3713 4662 900 4714 2349 3762 1189 1160
cat_boundaries=0 1 2 3
cat_threshold=48 9 32
is_linear=0
shrinkage=0.05


Tree=53
num_leaves=13
num_cat=3
split_feature=0 0 39 40 25 5 40 0 34 5 43 5
split_gain=186.766 58.665 31.7363 44.7073 43.0422 23.2189 33.7253 13.0964 15.5373 16.9154 12.7861 11.275
threshold=0 1 20.000000000000004 66.050000000000011 6.5777775000000007 -0.8611288361322974 50.350000000000009 2 24.850000000000005 -0.97874870457683605 56.500000000000007 -0.88620506325989179
decision_type=1 1 2 2 2 2 2 1 2 2 2 2
left_child=7 5 4 -4 -3 6 -2 8 9 -1 -7 -10
right_child=1 2 3 -5 -6 10 -8 -9 11 -11 -12 -13
leaf_value=0.010030596919670924 -0.02605343586162534 0.010318407534789678 -5.8337023469162785e-05 0.031409584276839833 -0.021326465563359376 0.036094512913899389 0.029134178471957584 -0.04943187164578916 -0.049794843305184827 -0.039901072109588431 -0.042425260017319194 0.016833291868672121
leaf_weight=19.820754129439592 45.414735101163387 180.79926323890686 362.80693909525871 162.84085683524609 262.19201163947582 236.38364591822028 67.690926261246204 130.87076901644468 6.8573841005563727 103.65281669422984 4.5010219216346732 32.191246643662453
leaf_count=170 262 866 1738 832 1212 3775 627 2362 73 1847 28 263
internal_value=-0.000184081 0.0078843 0.00141672 0.00973127 -0.008417 0.0250057 0.00694085 -0.0355212 -0.0218961 -0.0318695 0.034458 0.00418143
internal_weight=1616.02 1322.63 968.639 525.648 442.991 353.99 113.106 293.393 162.522 123.474 240.885 39.0486
internal_count=14055 9340 4648 2570 2078 4692 889 4715 2353 2017 3803 336
cat_boundaries=0 1 2 3
cat_threshold=48 9 32
is_linear=0
shrinkage=0.05


Tree=54
num_leaves=12
num_cat=4
split_feature=0 0 8 34 1 5 5 0 5 32 5
split_gain=163.3 52.4918 34.954 78.5612 20.4215 25.3633 20.508 14.6195 14.6538 15.09 12.9436
threshold=0 1 33.350000000000001 24.550000000000004 2 0.95178258287705175 -0.97507822412530132 3 0.51849435583340198 26.542559500000003 0.95691861501572217
decision_type=1 1 2 2 1 2 2 1 2 2 2
left_child=7 4 3 -3 5 -2 -6 8 9 -1 -4
right_child=1 2 10 -5 6 -7 -8 -9 -10 -11 -12
leaf_value=0.028680031552223584 0.0093583397686586283 0.018401485938419501 0.037111098465781728 -0.028072963985732786 0.032225454842522372 -0.044717020270926021 -0.018122319653542527 -0.049068486894315727 -0.051020434067202261 -0.020683997335942748 -0.020968473937425364
leaf_weight=17.141407076269388 253.6266693174839 461.7095025703311 178.85477259382606 112.23540657758713 20.999252080917358 22.712235033512115 262.81966127455235 124.13956398889422 32.900536496192217 108.2754513323307 9.516316242516039
leaf_count=241 1071 4391 1826 696 90 99 1098 2340 711 1378 86
internal_value=-0.000660322 0.00677947 0.0152458 0.00928035 -0.00481399 0.00476869 -0.0142971 -0.0344196 -0.0204916 -0.0137636 0.0340817
internal_weight=1604.93 1322.47 762.316 573.945 560.158 276.339 283.819 282.457 158.317 125.417 188.371
internal_count=14027 9357 6999 5087 2358 1170 1188 4670 2330 1619 1912
cat_boundaries=0 1 2 3 4
cat_threshold=48 2 1 32
is_linear=0
shrinkage=0.05


Tree=55
num_leaves=13
num_cat=4
split_feature=0 0 23 34 39 35 34 34 0 40 1 38
split_gain=162.237 54.9178 27.5094 30.0486 29.9557 21.87 55.3257 16.8146 12.669 17.7518 17.8984 10.8626
threshold=0 1 98.500000000000014 25.150000000000002 18.850000000000005 83.410714500000026 24.550000000000004 20.700000000000006 2 41.45000000000001 3 13.519047500000001
decision_type=1 1 2 2 2 2 2 2 1 2 1 2
left_child=8 5 3 -3 -4 7 -7 -2 9 11 -11 -1
right_child=1 2 4 -5 -6 6 -8 -9 -10 10 -12 -13
leaf_value=-0.046793881907743272 -0.0027632150031145423 -0.008221555480924566 0.00013086884158487985 0.023766953110325912 0.032505839206538496 0.028592518599739259 -0.034829671812960795 0.045412743170634595 -0.048738201192890962 0.015094932270944196 -0.029884719391685823 0.023921079175638165
leaf_weight=63.254650972783566 20.816856846213341 600.11335031688213 166.56111826002598 82.650344967842102 124.13538630306721 141.67619874700904 44.381750084459782 132.90346312522888 118.08903365582228 44.19842553883791 42.401296623051167 5.3303113728761664
leaf_count=1171 280 2859 801 397 639 1963 280 2157 2315 570 562 37
internal_value=-6.71281e-05 0.00729103 0.00115351 -0.00432017 0.0140199 0.0242874 0.0133586 0.038913 -0.0343388 -0.0208808 -0.00701793 -0.0410332
internal_weight=1586.51 1313.24 973.46 682.764 290.697 339.778 186.058 153.72 273.274 155.185 86.5997 68.585
internal_count=14031 9376 4696 3256 1440 4680 2243 2437 4655 2340 1132 1208
cat_boundaries=0 1 2 3 4
cat_threshold=48 9 32 1
is_linear=0
shrinkage=0.05


Tree=56
num_leaves=12
num_cat=3
split_feature=0 0 38 38 35 32 34 0 5 34 39
split_gain=146.541 45.8983 24.753 29.544 20.2045 76.6718 17.8422 15.2118 15.9454 22.4039 9.67682
threshold=0 1 14.349107500000001 11.149702000000001 83.410714500000026 27.689583000000002 20.700000000000006 2 -0.99052477729077237 24.850000000000005 20.850000000000005
decision_type=1 1 2 2 2 2 2 1 2 2 2
left_child=7 4 3 -3 6 -6 -2 8 10 -10 -1
right_child=1 2 -4 -5 5 -7 -8 -9 9 -11 -12
leaf_value=-0.023784019600718735 -0.0046656524588916662 -0.0013522276622544497 -0.071847944235928163 0.023628386818393257 0.025143154379918761 -0.066667641935901065 0.044074741199423006 -0.048415384768388442 -0.037882738378512505 0.0072125173809882192 0.055427381514495326
leaf_weight=5.3416499570012084 21.781617417931557 822.78269156813622 10.408169373869894 137.22947534918785 159.38886845484376 25.520309753715992 127.37000283971429 113.74746652320027 100.3480960726738 37.429778695106506 9.6028934717178327
leaf_count=58 290 3983 43 659 2090 174 2146 2337 1899 331 59
internal_value=-1.03314e-05 0.00695469 0.00135777 0.00223951 0.0226517 0.0121814 0.0369732 -0.0330306 -0.0190891 -0.0256681 0.0273988
internal_weight=1570.95 1304.48 970.42 960.012 334.061 184.909 149.152 266.47 152.722 137.778 14.9445
internal_count=14069 9385 4685 4642 4700 2264 2436 4684 2347 2230 117
cat_boundaries=0 1 2 3
cat_threshold=48 9 32
is_linear=0
shrinkage=0.05


Tree=57
num_leaves=15
num_cat=1
split_feature=6 5 38 6 26 40 6 34 1 40 40 33 38 31
split_gain=32.0771 50.8808 44.7046 34.6593 31.7656 39.3856 26.259 24.8422 21.9563 18.6546 16.4103 13.0468 11.0322 4.98812
threshold=2.5000000000000004 -0.97111920233974802 8.8104165000000005 27.000000000000004 15.050000000000002 41.050000000000004 1.5000000000000002 21.050000000000004 0 0.25000000000000006 50.350000000000009 32.850000000000001 10.845535500000002 31.850000000000005
decision_type=2 2 2 2 2 2 2 2 1 2 2 2 2 2
left_child=1 2 13 8 11 -6 7 -3 10 -10 -2 -5 -8 -1
right_child=3 6 -4 4 5 -7 12 -9 9 -11 -12 -13 -14 -15
leaf_value=-0.021255079888479161 0.0062759109302442306 -0.041844927043364379 -0.12365352290787042 -0.060540950090456784 -0.064472549163461693 0.0049699803135725747 -0.055580241874774464 0.0039436494409071819 -0.044630386589808009 0.0019864501711479815 0.024639971057629492 0.0076638163328715276 -0.0023680288211008521 0.041903503259701262
leaf_weight=9.2216418161988276 262.91904978454113 32.820898074656725 17.751167118549347 41.289700984954834 22.558625277131796 152.4096209295094 35.344774324446917 237.69406116008759 21.487846460193396 468.75003269314766 226.92224111035466 8.1540967300534231 13.431987538933752 3.5055927112698546
leaf_count=52 2412 306 108 352 171 1337 314 2261 205 4269 2020 78 109 21
internal_value=-0.000591518 -0.0138987 -0.0745625 0.00328105 -0.0144027 -0.00429874 -0.00789322 -0.00174542 0.00734072 -0.000143528 0.0148161 -0.0493639 -0.0412688 -0.00207337
internal_weight=1554.26 349.77 30.4784 1204.49 224.412 174.968 319.292 270.515 980.079 490.238 489.841 49.4438 48.7768 12.7272
internal_count=14015 3171 181 10844 1938 1508 2990 2567 8906 4474 4432 430 423 73
cat_boundaries=0 1
cat_threshold=1
is_linear=0
shrinkage=0.05


Tree=58
num_leaves=15
num_cat=3
split_feature=0 0 34 34 37 33 34 0 35 43 43 8 39 22
split_gain=139.785 47.1205 29.2002 81.0892 18.1083 20.3353 11.9479 11.8044 9.60614 6.89343 6.897 2.01475 1.19255 0.965286
threshold=0 1 25.250000000000004 24.550000000000004 25.500000000000004 37.95000000000001 24.850000000000005 2 80.711309500000013 15.15 20.600000000000005 33.150000000000013 24.450000000000003 87.868055500000011
decision_type=1 1 2 2 2 2 2 1 2 2 2 2 2 2
left_child=6 4 3 -3 12 -6 9 8 -8 13 -11 -4 -2 -1
right_child=1 2 11 -5 5 -7 7 -9 -10 10 -12 -13 -14 -15
leaf_value=-0.051766775537636971 -0.035661922565242886 0.019821989028620063 0.026362094791555792 -0.024007600588748283 -0.0051460470778647007 0.069404273874942343 -0.015750265390009347 -0.035929269571982662 0.033165493285364459 -0.014665303289578716 -0.041252532861899907 0.056453988513601651 -0.084439900992311565 -0.00093266102131060432
leaf_weight=89.148090850561857 4.534819155931471 560.47226506844163 9.6044355444610101 129.05861787870526 533.83483254909515 8.3092544078826887 21.447427999228239 21.63230774924159 17.206710420548916 39.815686669200659 69.178736744448543 39.435903154313564 5.7241581082344055 0.98106911405920882
leaf_count=2139 22 5634 95 852 2255 34 211 345 131 631 1205 440 23 20
internal_value=-0.000893557 0.00591261 0.0141006 0.0115956 -0.00509644 -0.00387776 -0.0335946 -0.0150469 0.0050405 -0.0407855 -0.0317618 0.0512052 -0.0679608 -0.0512297
internal_weight=1550.38 1290.97 738.571 689.531 552.403 542.144 259.41 60.2864 38.6541 199.124 108.994 49.0403 10.259 90.1292
internal_count=14037 9355 7021 6486 2334 2289 4682 687 342 3995 1836 535 45 2159
cat_boundaries=0 1 2 3
cat_threshold=48 2 32
is_linear=0
shrinkage=0.05


Tree=59
num_leaves=13
num_cat=3
split_feature=0 0 23 8 34 35 32 34 0 5 32 44
split_gain=133.158 41.6557 25.5845 35.5233 19.9703 18.2378 51.7116 17.4121 12.7883 13.8079 7.70531 6.3148
threshold=0 1 98.500000000000014 33.250000000000007 24.750000000000004 83.410714500000026 27.689583000000002 20.700000000000006 2 -0.056951011027366542 26.489881000000004 32.600000000000001
decision_type=1 1 2 2 2 2 2 2 1 2 2 2
left_child=8 5 3 -3 -4 7 -7 -2 9 10 -1 -11
right_child=1 2 4 -5 -6 6 -8 -9 -10 11 -12 -13
leaf_value=0.037321515575180278 -0.0055247494996758188 -0.012990849969748015 0.016945494616035534 0.010448685961767021 -0.040237795922104698 0.022543382940416867 -0.054986605169693975 0.043089352044722411 -0.047833950818065962 -0.010502655687923976 -0.013283099800875081 -0.051329080505675508
leaf_weight=7.2589381746947756 21.442050665616989 421.78642971813679 270.36347605288029 260.77349562942982 15.243254214525221 151.35301170870662 24.07315107434988 121.08384471014142 104.20310263521969 13.295298058539627 87.500318478792906 38.119919382035732
leaf_count=108 285 2011 1362 1257 70 2052 164 2164 2310 298 1078 854
internal_value=-0.000101495 0.00646049 0.0012129 -0.00403354 0.0137638 0.0218646 0.0116528 0.0357882 -0.032658 -0.019249 -0.00905732 -0.0411737
internal_weight=1536.5 1286.12 968.167 682.56 285.607 317.952 175.426 142.526 250.378 146.174 94.7593 51.4152
internal_count=14013 9365 4700 3268 1432 4665 2216 2449 4648 2338 1186 1152
cat_boundaries=0 1 2 3
cat_threshold=48 9 32
is_linear=0
shrinkage=0.05


Tree=60
num_leaves=11
num_cat=3
split_feature=0 0 8 4 44 4 5 0 5 32
split_gain=123.768 43.512 31.9249 56.0975 17.2158 16.6097 14.1817 13.5175 13.2334 10.5534
threshold=0 1 33.250000000000007 0.10837544681456417 52.000000000000007 -0.32614396506100213 0.95178258287705175 2 0.51849435583340198 26.542559500000003
decision_type=1 1 2 2 2 2 2 1 2 2
left_child=7 4 3 -3 5 -2 -4 8 9 -1
right_child=1 2 6 -5 -6 -7 -8 -9 -10 -11
leaf_value=0.023168746032393276 0.0088822913674424658 0.021295383597064999 0.036358690353866935 -0.011415377950324353 -0.07327122253948995 -0.0093991441847433733 -0.019615769523790332 -0.047477694066632173 -0.050248723467617211 -0.018302175602202275
leaf_weight=17.185658577829599 187.98820501565933 332.21758027374744 168.44955734908581 215.23366282880306 7.897081494331359 361.9341587126255 11.515922572463749 99.723748113960028 27.530306095257401 100.62241035699844
leaf_count=252 801 3256 1886 1784 34 1522 111 2320 727 1389
internal_value=1.92304e-05 0.00629402 0.0142779 0.00843759 -0.00419205 -0.00314495 0.0326883 -0.0317466 -0.0183716 -0.0121084
internal_weight=1530.3 1285.24 727.417 547.451 557.819 549.922 179.965 245.062 145.338 117.808
internal_count=14082 9394 7037 5040 2357 2323 1997 4688 2368 1641
cat_boundaries=0 1 2 3
cat_threshold=48 2 32
is_linear=0
shrinkage=0.05


Tree=61
num_leaves=12
num_cat=3
split_feature=0 0 8 34 37 33 0 5 34 39 33
split_gain=112.253 37.7763 28.449 58.4916 16.6305 19.1263 13.5287 15.5834 15.1206 11.5923 10.0725
threshold=0 1 33.350000000000001 24.550000000000004 25.500000000000004 36.750000000000007 2 -0.98521978256641018 25.050000000000004 29.150000000000002 32.850000000000001
decision_type=1 1 2 2 2 2 1 2 2 2 2
left_child=6 4 3 -3 -2 -6 7 10 -9 -4 -1
right_child=1 2 9 -5 5 -7 -8 8 -10 -11 -12
leaf_value=0.042818396127376174 -0.068023549466225144 0.015997989064185113 0.033971475587797478 -0.023891314334840586 -0.0058858351877033857 0.030364109830837774 -0.047223430940338908 -0.03456779566881072 0.0072441312270346385 -0.027297005073672498 -0.044039986595091028
leaf_weight=13.951284367591144 9.1066888719797117 434.49162523075938 159.74622171744704 115.5400677062571 503.10947996377945 38.228140905499458 96.220043109729886 96.146846484392881 27.417410887777805 7.3931949511170378 3.4203113615512839
leaf_count=105 40 4384 1837 718 2134 155 2322 1982 218 73 39
internal_value=-0.00054402 0.00543627 0.0129288 0.00759066 -0.00438774 -0.00327467 -0.0313113 -0.0178152 -0.0253066 0.0311151 0.0242505
internal_weight=1504.77 1267.62 717.171 550.032 550.444 541.338 237.156 140.936 123.564 167.139 17.3716
internal_count=14007 9341 7012 5102 2329 2289 4666 2344 2200 1910 144
cat_boundaries=0 1 2 3
cat_threshold=48 2 32
is_linear=0
shrinkage=0.05


Tree=62
num_leaves=13
num_cat=3
split_feature=0 0 6 6 44 38 39 0 40 43 25 15
split_gain=103.939 40.8664 23.6594 31.1299 26.8314 19.1496 32.4198 14.9671 14.9394 20.2768 12.1847 3.11321
threshold=0 1 2.5000000000000004 1.5000000000000002 48.800000000000004 6.9169645000000015 18.350000000000005 2 36.750000000000007 20.600000000000005 12.723611000000002 21.350000000000005
decision_type=1 1 2 2 2 2 2 1 2 2 2 2
left_child=7 5 3 -3 -4 11 -7 8 10 -10 -1 -2
right_child=1 2 4 -5 -6 6 -8 -9 9 -11 -12 -13
leaf_value=-0.047921107226119933 0.047009325165189138 -0.0059158150413786172 0.0067881948423972691 -0.057087035300158601 -0.036297527989801313 -0.024321146114079411 0.023372314299742958 -0.046936896185196392 0.020595688604308732 -0.027629748064717765 0.016206753346521018 0.006109978502919446
leaf_weight=46.003216302022338 66.401766948401928 189.39667032659054 695.28580616414547 34.323345735669136 37.124239385128021 42.846504312008619 191.86406905204058 92.826787281781435 40.832299321889877 44.547454826533794 8.2838507480919343 5.3449859023094168
leaf_count=1044 1067 912 3457 157 163 531 2981 2342 552 656 100 84
internal_value=-0.000350101 0.00537726 0.000206644 -0.0139857 0.00455776 0.0209432 0.0145996 -0.0302767 -0.0165855 -0.00459482 -0.0380195 0.0440883
internal_weight=1495.08 1262.59 956.13 223.72 732.41 306.457 234.711 232.494 139.667 85.3798 54.2871 71.7468
internal_count=14046 9352 4689 1069 3620 4663 3512 4694 2352 1208 1144 1151
cat_boundaries=0 1 2 3
cat_threshold=48 9 32
is_linear=0
shrinkage=0.05


Tree=63
num_leaves=13
num_cat=3
split_feature=0 0 26 25 4 4 35 0 34 4 39 34
split_gain=97.9215 38.6678 23.8322 38.3348 31.5497 18.6497 44.4641 13.6087 12.008 16.2299 6.85496 5.76724
threshold=0 1 15.450000000000001 6.3805555000000007 -0.99275805973510278 -0.28519255817492867 83.410714500000026 2 25.150000000000002 0.14250626876356548 19.450000000000003 26.400000000000002
decision_type=1 1 2 2 2 2 2 1 2 2 2 2
left_child=7 5 4 -4 -3 10 -7 8 9 -1 -2 -10
right_child=1 2 3 -5 -6 6 -8 -9 11 -11 -12 -13
leaf_value=-0.010243919732537913 0.022930896300532345 -0.10857878565843521 0.037437174958407836 0.0002942954672634015 -0.010879025795437283 0.032098674901348899 -0.014913391924257616 -0.046583642788203553 0.021454766172344302 -0.050016078776567753 0.050178885728358297 -0.04235740479378728
leaf_weight=69.821276301518083 43.877840496599674 7.6442494839429846 76.498394653201103 670.53032891452312 199.30453686416149 117.1637615300715 86.769399542361498 88.529774483293295 22.769630454480652 40.19481935352087 55.757179625332355 3.210055783390998
leaf_count=1143 851 36 392 3300 951 2190 786 2335 166 978 871 36
internal_value=-0.000504625 0.00499967 -1.94316e-05 0.00414282 -0.0149926 0.0202216 0.0121208 -0.0301059 -0.016696 -0.0250945 0.0385264 0.0122924
internal_weight=1482.07 1257.55 953.978 747.029 206.949 303.568 203.933 224.526 135.996 110.016 99.635 25.9797
internal_count=14035 9377 4679 3692 987 4698 2976 4658 2323 2121 1722 202
cat_boundaries=0 1 2 3
cat_threshold=48 9 32
is_linear=0
shrinkage=0.05


Tree=64
num_leaves=12
num_cat=2
split_feature=0 38 26 5 34 33 5 31 0 5 32
split_gain=87.1401 36.0967 57.7759 58.1091 43.8183 41.0375 58.724 20.8606 16.4962 13.6975 10.9162
threshold=0 6.8250000000000011 15.050000000000002 -0.77788789561442695 20.250000000000004 31.950000000000003 0.18281312110578127 31.500000000000004 1 0.51849435583340198 26.542559500000003
decision_type=1 2 2 2 2 2 2 2 1 2 2
left_child=8 5 3 -3 -4 6 -2 -7 9 10 -1
right_child=1 2 4 -5 -6 7 -8 -9 -10 -11 -12
leaf_value=0.029001196996794945 -0.07505086155317825 -0.078745913977005755 -0.060695095703597872 -0.0063683558012632207 0.0070672376070505987 0.019287012454277299 0.016365797464178995 0.053111173174416097 -0.046274964293846359 -0.049663922947838335 -0.014565693511516514
leaf_weight=15.930325780063866 22.397673796862364 41.645002469420433 23.572950124740601 79.866842836141586 824.80313962325454 105.89421723037958 69.578550830483437 81.621663764119148 84.662113577127457 23.336026759818196 95.921586172655225
leaf_count=240 172 207 158 607 6234 800 546 618 2325 709 1378
internal_value=-0.000160295 0.00501471 0.000485721 -0.0316142 0.00511515 0.0208521 -0.00646339 0.0342136 -0.0283999 -0.0145659 -0.00815875
internal_weight=1469.23 1249.38 969.888 121.512 848.376 279.492 91.9762 187.516 219.85 135.188 111.852
internal_count=13994 9342 7206 814 6392 2136 718 1418 4652 2327 1618
cat_boundaries=0 1 2
cat_threshold=48 32
is_linear=0
shrinkage=0.05


Tree=65
num_leaves=9
num_cat=3
split_feature=0 0 1 6 39 35 32 35
split_gain=82.529 48.0606 28.1645 25.7553 24.703 17.1688 58.9867 15.7694
threshold=0 1 2 2.5000000000000004 20.250000000000004 83.410714500000026 27.699107500000004 58.401786000000008
decision_type=1 1 1 2 2 2 2 2
left_child=-1 5 3 -3 -4 7 -7 -2
right_child=1 2 4 -5 -6 6 -8 -9
leaf_value=-0.045938109170097614 -0.060600477679807009 -0.013636635697035299 -0.021384257987051077 0.012099668920447657 -5.6462430469830425e-05 0.022854180283256965 -0.059052840061626401 0.037672756283456676
leaf_weight=80.986124064773321 3.3496041670441619 125.99389366805553 253.59739733301103 414.51757164299488 290.90058832615614 143.24850080534816 24.955408807843924 126.14370333403349
leaf_count=2317 44 807 1613 2696 1888 2085 158 2421
internal_value=-6.85909e-05 0.00295988 -0.00197535 0.0060864 -0.0100108 0.0203766 0.0104249 0.0346858
internal_weight=1463.69 1382.71 1085.01 540.511 544.498 297.697 168.204 129.493
internal_count=14029 11712 7004 3503 3501 4708 2243 2465
cat_boundaries=0 1 2 3
cat_threshold=16 9 1
is_linear=0
shrinkage=0.05


Tree=66
num_leaves=13
num_cat=3
split_feature=0 0 26 36 34 35 44 13 1 4 5 26
split_gain=79.2435 45.106 29.983 48.1253 39.9645 32.6889 30.0306 23.5765 20.9791 26.3676 22.5264 19.1028
threshold=0 1 15.050000000000002 98.500000000000014 20.250000000000004 83.410714500000026 46.250000000000007 8.3354165000000027 2 0.86113431103781346 -0.98212955754013376 17.550000000000004
decision_type=1 1 2 2 2 2 2 2 1 2 2 2
left_child=2 8 3 5 11 -1 -6 -5 9 -2 -10 -4
right_child=1 -3 4 7 6 -7 -8 -9 10 -11 -12 -13
leaf_value=-0.0024938111102450014 0.0080041258835038664 -0.045631271369050881 0.041778987415674852 0.017483868678257873 0.024383317771781605 -0.088709774462017263 -0.0088813787206884782 -0.072657647061100353 0.025590769130333875 -0.027142170072683599 -0.019987245607315976 -0.078742372762084595
leaf_weight=19.350913446396589 279.39623948000371 77.745974561199546 3.4871560931205776 92.415265440940857 450.55145769566298 24.640511848032475 79.315434116870165 6.8806017860770217 28.795482814311981 64.909800602123141 315.80942414142191 14.540215536952017
leaf_count=154 1904 2323 29 965 4922 153 665 59 168 447 2189 96
internal_value=-0.000800427 -0.0117839 0.0113876 -0.00876474 0.0168717 -0.0516835 0.0193966 0.0105755 -0.00730702 0.00131881 -0.0161157 -0.0544586
internal_weight=1457.84 766.657 691.182 143.287 547.894 43.9914 529.867 99.2959 688.911 344.306 344.605 18.0274
internal_count=14074 7031 7043 1331 5712 307 5587 1024 4708 2351 2357 125
cat_boundaries=0 1 2 3
cat_threshold=13 34 1
is_linear=0
shrinkage=0.05


Tree=67
num_leaves=15
num_cat=0
split_feature=38 39 5 30 5 5 5 33 44 35 39 34 43 43
split_gain=26.6124 44.7873 79.6555 55.8643 52.1252 38.0506 31.4251 49.3115 23.7117 18.0187 17.6394 10.3659 3.32436 1.79994
threshold=6.8250000000000011 18.750000000000004 -0.54219087765047058 13.65 -0.90161545992537195 -0.84313311835787952 0.14888728888808322 31.950000000000003 38.000000000000007 85.657738000000009 24.650000000000002 23.150000000000002 20.350000000000005 22.850000000000005
decision_type=2 2 2 2 2 2 2 2 2 2 2 2 2 2
left_child=5 2 9 4 -3 12 7 -7 -4 -2 -5 -8 -1 -14
right_child=1 3 8 10 -6 6 11 -9 -10 -11 -12 -13 13 -15
leaf_value=0.051046747160028362 -0.038484910962007263 -0.044061658880513443 0.0076019625814365416 0.02683903932220021 -0.0012941203616704785 -0.075327195131210931 0.0060317045659537862 0.0061650026506170231 -0.064019399386496395 -0.082911350708048184 -0.0024908613430744764 0.03315906580690605 0.011773718249433497 0.036065440860673072
leaf_weight=43.078039202839136 60.107357738539577 81.72368104942143 130.19349823333323 212.76713447831571 513.97076633572578 28.158270372077823 109.87226917780936 50.715403286740184 11.672921057790516 39.737556960433722 67.223070818930864 51.245227454230189 11.842014856636522 29.982748355716467
leaf_count=372 459 581 1330 2091 5335 263 1157 493 114 308 604 572 113 253
internal_value=-0.000169818 -0.00383344 -0.0228391 0.00143266 -0.00722543 0.0124035 0.00217256 -0.0235069 0.00130202 -0.0568131 0.0198134 0.0148112 0.0409608 0.0296232
internal_weight=1442.29 1117.4 241.711 875.685 595.694 324.894 239.991 78.8737 141.866 99.8449 279.99 161.117 84.9028 41.8248
internal_count=14045 10822 2211 8611 5916 3223 2485 756 1444 767 2695 1729 738 366
is_linear=0
shrinkage=0.05


Tree=68
num_leaves=9
num_cat=2
split_feature=0 0 8 4 4 38 5 5
split_gain=74.7416 45.4136 25.442 58.9592 19.8299 28.5735 24.2118 15.1179
threshold=0 1 33.250000000000007 0.091259403071267911 0.69676570133721638 11.149702000000001 0.70747208174348741 0.92191100909954782
decision_type=1 1 2 2 2 2 2 2
left_child=-1 2 3 -2 6 -6 -3 -4
right_child=1 4 7 -5 5 -7 -8 -9
leaf_value=-0.045384140580146948 0.02023473087033625 0.0059915984605389862 0.033704433253623475 -0.013938852521301878 -0.033430031867890272 0.0065869650025244132 -0.018408658481575746 -0.020113661796421975
leaf_weight=75.414179792627692 309.8454218134284 345.8784742616117 147.67730467393994 211.59444904327393 130.67582643218338 67.027038922533393 142.82248726673424 13.653233189135788
leaf_count=2347 3247 2278 1825 1794 915 436 1075 144
internal_value=-0.000278078 0.00255029 0.011593 0.00636734 -0.00648557 -0.0198982 -0.00116239 0.029054
internal_weight=1444.59 1369.17 682.77 521.44 686.404 197.703 488.701 161.331
internal_count=14061 11714 7010 5041 4704 1351 3353 1969
cat_boundaries=0 1 2
cat_threshold=16 13
is_linear=0
shrinkage=0.05


Tree=69
num_leaves=13
num_cat=4
split_feature=0 0 10 34 4 35 0 43 1 34 8 44
split_gain=75.8695 37.0715 23.8142 22.3038 18.8009 40.1086 11.2178 11.9924 20.9096 9.76699 6.12584 2.09986
threshold=0 1 90.645833500000023 20.350000000000005 -0.28519255817492867 83.068452500000021 2 15.550000000000002 3 24.850000000000005 28.750000000000004 32.600000000000001
decision_type=1 1 2 2 2 2 1 2 1 2 2 2
left_child=6 4 3 -3 10 -6 7 9 -9 -1 -2 -4
right_child=1 2 11 -5 5 -7 -8 8 -10 -11 -12 -13
leaf_value=-0.048293993343607615 -0.017806425014865145 -0.034760573615511693 -0.091201405595049689 0.0017983166373048897 0.031784371691504353 -0.013674580656815316 -0.045146115690204741 0.022917627361588467 -0.031229523148110973 -0.0065630141905798495 0.041844396611470915 -0.040805275600810612
leaf_weight=38.319417906925082 4.000868570059537 42.788705483078957 5.0663417577743521 881.61517024040222 106.45404848456383 87.677042409777641 73.260647933930159 36.40188254788518 33.081297876313329 22.342258866876364 85.267325278371572 8.0733776837587339
leaf_count=1095 84 210 23 4394 2174 815 2370 492 502 239 1616 38
internal_value=-0.000840646 0.00394912 -0.000904966 7.03488e-05 0.0194413 0.0112885 -0.0282796 -0.0160067 -0.00293943 -0.0332798 0.0390033 -0.0653125
internal_weight=1424.35 1220.94 937.544 924.404 283.399 194.131 203.406 130.145 69.4832 60.6617 89.2682 13.1397
internal_count=14052 9354 4665 4604 4689 2989 4698 2328 994 1334 1700 61
cat_boundaries=0 1 2 3 4
cat_threshold=48 9 32 1
is_linear=0
shrinkage=0.05


Tree=70
num_leaves=15
num_cat=0
split_feature=38 39 5 30 8 5 5 33 26 44 35 4 43 2
split_gain=25.0867 38.0125 71.74 54.2981 54.8267 33.9405 37.853 34.9023 22.7079 18.107 16.3534 12.4568 3.02773 3.64796
threshold=6.8250000000000011 18.750000000000004 -0.54219087765047058 13.65 33.150000000000013 -0.80417042486635371 0.14888728888808322 31.950000000000003 24.650000000000002 38.000000000000007 85.657738000000009 -0.76141707087277943 20.350000000000005 6.5000000000000009
decision_type=2 2 2 2 2 2 2 2 2 2 2 2 2 2
left_child=5 2 10 4 -3 12 7 -7 -5 -4 -2 -8 -1 -14
right_child=1 3 9 8 -6 6 11 -9 -10 -11 -12 -13 13 -15
leaf_value=0.04689401071699846 -0.037310986428029692 -0.024679838074560239 0.006594839248442958 0.023905394971013801 0.005987083036927787 -0.073671447038915899 0.033761431369941051 0.0013927428173482225 -0.020518855639508088 -0.05810819775146428 -0.080626319741626387 0.0039074973996263314 0.034899514512047279 0.0049693167044895905
leaf_weight=41.085094776004553 58.298243388533592 265.95664312876761 127.36504716798663 247.65139716863632 320.31068898923695 26.91217870824039 51.645527124404907 34.701672874391079 31.757367653772235 10.807744685560463 37.608025584369898 104.8368391059339 42.339641427621245 13.788529457524417
leaf_count=370 460 2466 1336 2459 3450 261 570 374 272 116 295 1151 356 144
internal_value=-0.000574654 -0.00414047 -0.0219708 0.000700646 -0.00794312 0.0118362 0.000841357 -0.0320473 0.018801 0.00115267 -0.0549531 0.0139123 0.0362432 0.0277625
internal_weight=1415.06 1099.76 234.079 865.676 586.267 315.309 218.096 61.6139 279.409 138.173 95.9063 156.482 97.2133 56.1282
internal_count=14080 10854 2207 8647 5916 3226 2356 635 2731 1452 755 1721 870 500
is_linear=0
shrinkage=0.05


Tree=71
num_leaves=15
num_cat=2
split_feature=0 0 44 32 38 38 39 34 5 4 5 35 43 4
split_gain=72.6253 30.7521 19.5645 35.4541 31.5549 15.8426 24.3913 11.6975 15.3517 8.96217 8.25285 11.8554 6.44172 5.24801
threshold=0 1 46.600000000000001 26.419940500000006 11.149702000000001 6.7913690000000004 18.350000000000005 24.850000000000005 -0.97874870457683605 -0.85227431625818906 -0.88620506325989179 80.711309500000013 18.850000000000005 -0.72696319516528884
decision_type=1 1 2 2 2 2 2 2 2 2 2 2 2 2
left_child=7 5 4 -4 -3 13 -7 8 12 -10 -9 -12 -1 -2
right_child=1 2 3 -5 -6 6 -8 10 9 -11 11 -13 -14 -15
leaf_value=-0.03397380952843846 0.016529792040813139 -0.0012127269076775927 0.062359319417419658 -0.034230517636800344 0.029881333332253908 -0.018917278528872008 0.021438831426809718 -0.049598472745125938 -0.019621770595545145 -0.051238679795644483 -0.021452891485714502 0.030893111089383109 0.01621168875279946 0.051779865542246555
leaf_weight=8.7637207452207821 15.754671484231947 754.40049237757921 9.8897267878055555 76.941665768623352 90.47918626666069 46.563109915703535 177.25208513438702 8.644314428791402 31.959444299340248 91.0565803386271 23.531826924532652 18.350199788808823 17.532326214015484 41.107556156814098
leaf_count=153 363 3772 55 351 465 602 3062 147 673 2995 366 177 175 706
internal_value=-0.000420414 0.00425666 -0.000181903 -0.0226446 0.00214856 0.0184417 0.0129962 -0.0275172 -0.035891 -0.0432491 -0.00789565 0.00166758 -0.0011456 0.0424677
internal_weight=1412.23 1212.39 931.711 86.8314 844.88 280.677 223.815 199.838 149.312 123.016 50.5263 41.882 26.296 56.8622
internal_count=14062 9376 4643 406 4237 4733 3664 4686 3996 3668 690 543 328 1069
cat_boundaries=0 1 2
cat_threshold=48 9
is_linear=0
shrinkage=0.05


Tree=72
num_leaves=9
num_cat=2
split_feature=0 0 34 34 38 26 4 4
split_gain=64.6417 32.8775 19.6058 44.2132 16.6445 22.7959 15.6315 5.18793
threshold=0 1 25.150000000000002 24.550000000000004 6.8250000000000011 15.050000000000002 0.98522604642031408 -0.72696319516528884
decision_type=1 1 2 2 2 2 2 2
left_child=-1 4 3 -3 7 -6 -4 -2
right_child=1 2 6 -5 5 -7 -8 -9
leaf_value=-0.044533362523162784 0.01640009039190455 0.00019597271280031453 0.010762413601670502 -0.031129892180427617 -0.024803567886018375 0.018751656631961877 0.0667079053658962 0.051587711401736784
leaf_weight=67.089509075507522 15.717781268060206 828.36198885366321 95.503883376717567 129.36261328309774 35.034273378551006 182.22715406864882 13.480038627982138 40.108954399824142
leaf_count=2331 369 5653 544 758 412 3182 83 712
internal_value=-0.000306671 0.00225484 -0.00175474 -0.00406336 0.0173781 0.0116467 0.0182258 0.0421437
internal_weight=1406.89 1339.8 1066.71 957.725 273.088 217.261 108.984 55.8267
internal_count=14044 11713 7038 6411 4675 3594 627 1081
cat_boundaries=0 1 2
cat_threshold=16 9
is_linear=0
shrinkage=0.05


Tree=73
num_leaves=13
num_cat=2
split_feature=0 38 5 38 4 5 39 0 5 38 43 43
split_gain=59.6212 24.7495 38.3346 37.5124 40.5499 29.8593 19.9122 11.8122 12.3875 9.7003 6.81555 3.08442
threshold=0 6.8250000000000011 -0.84313311835787952 11.053273500000001 -0.34235669412071196 0.14888728888808322 22.050000000000004 1 -0.056951011027366542 13.519047500000001 20.050000000000004 18.850000000000005
decision_type=1 2 2 2 2 2 2 1 2 2 2 2
left_child=7 2 11 4 -3 -4 -5 8 9 -1 -10 -2
right_child=1 3 5 6 -6 -7 -8 -9 10 -11 -12 -13
leaf_value=-0.0095064614139299484 0.064063090335398878 0.014220369308270775 -0.02166079993228252 0.054703295262216428 -0.012448436659066614 0.019151117452040921 0.011712261167443271 -0.044185176496723245 -0.050145535689213962 0.049954769607792521 -0.004208806855798739 0.038806409686667993
leaf_weight=80.665096746757627 26.544189468026161 190.19884668663144 65.480661697685719 31.574638690799475 559.7179954610765 136.73145172744989 161.2598793245852 64.268842036835849 29.304203562438488 6.4947693869471541 11.273464588448403 37.035478461533785
leaf_count=1146 200 1637 509 273 4063 1149 1245 2328 956 40 209 293
internal_value=-0.00102707 0.00316471 0.0166357 -0.00061327 -0.00567459 0.00589378 0.0189975 -0.0261026 -0.0142227 -0.00455929 -0.0377914 0.0501797
internal_weight=1400.55 1208.54 265.792 942.751 749.917 202.212 192.835 192.006 127.738 87.1599 40.5777 63.5797
internal_count=14048 9369 2151 7218 5700 1658 1518 4679 2351 1186 1165 493
cat_boundaries=0 1 2
cat_threshold=48 32
is_linear=0
shrinkage=0.05


Tree=74
num_leaves=13
num_cat=5
split_feature=0 0 8 4 37 1 5 0 40 1 38 23
split_gain=59.5764 25.2988 24.9928 45.0941 18.7191 15.5535 14.6726 12.0427 13.6353 17.6011 9.27179 0.275038
threshold=0 1 33.250000000000007 0.091259403071267911 25.500000000000004 2 0.95691861501572217 3 36.750000000000007 4 12.562500000000002 88.500000000000014
decision_type=1 1 2 2 2 1 2 1 2 1 2 2
left_child=7 4 3 -3 11 -6 -4 8 10 -10 -1 -2
right_child=1 2 6 -5 5 -7 -8 -9 9 -11 -12 -13
leaf_value=-0.046126632190160256 -0.081658919847983749 0.017896780648876995 0.032160641074835468 -0.012330632870552794 0.0060941117828022303 -0.010856700695723517 -0.030218548514957796 -0.043859069053654776 0.019774929219865064 -0.026957770222070243 0.01503618807023813 -0.040650856927507188
leaf_weight=37.198051223531365 5.4435646086931211 298.85404840111732 147.15669021755457 208.74453326314688 267.7220915555954 271.70014771819115 9.3007497712969762 61.783531217835844 42.383883364498615 36.625417495146394 6.8961468134075394 4.4979855045676231
leaf_count=1062 22 3287 1895 1804 1155 1156 96 2342 595 590 76 23
internal_value=0.000120906 0.00421506 0.0107157 0.00546627 -0.0036988 -0.00244809 0.0282841 -0.0254832 -0.0134195 -0.00195457 -0.0364397 -0.0685161
internal_weight=1398.31 1213.42 664.056 507.599 549.364 539.422 156.457 184.887 123.103 79.0093 44.0942 9.94155
internal_count=14103 9438 7082 5091 2356 2311 1991 4665 2323 1185 1138 45
cat_boundaries=0 1 2 3 4 5
cat_threshold=48 2 1 32 1
is_linear=0
shrinkage=0.05


Tree=75
num_leaves=9
num_cat=3
split_feature=0 34 34 4 0 4 25 1
split_gain=55.0167 32.5799 54.2038 50.7374 37.6874 11.394 14.4127 2.54918
threshold=0 25.150000000000002 24.550000000000004 0.17646842360078757 1 0.98522604642031408 7.3743055000000011 2
decision_type=1 2 2 2 1 2 2 1
left_child=-1 2 4 -4 -2 6 -3 -7
right_child=1 5 3 -5 -6 7 -8 -9
leaf_value=-0.043561912666799055 0.013560998294802402 0.047557333295788908 0.010932114539300049 -0.043581504548818518 -0.0055823827095730352 0.036246381629095013 0.0081816920176818134 0.084513797020097842
leaf_weight=59.552697307430208 490.54935830831528 31.964433081448078 63.828337531536818 125.80306355655193 519.91220138780773 7.6856856066733581 80.694100644439459 7.9870268628001213
leaf_count=2342 5624 231 391 893 3752 74 677 75
internal_value=-0.000534756 0.00174004 -0.000815759 -0.0252716 0.00379427 0.0255967 0.0196738 0.0644378
internal_weight=1387.98 1328.42 1200.09 189.631 1010.46 128.331 112.659 15.6727
internal_count=14059 11717 10660 1284 9376 1057 908 149
cat_boundaries=0 1 2 3
cat_threshold=16 13 1
is_linear=0
shrinkage=0.05


Tree=76
num_leaves=8
num_cat=2
split_feature=0 0 34 34 23 31 44
split_gain=51.9809 27.9095 26.7199 49.5847 13.3122 12.3766 3.73476
threshold=0 1 25.250000000000004 24.550000000000004 78.500000000000014 50.20000000000001 34.400000000000013
decision_type=1 1 2 2 2 2 2
left_child=-1 2 3 -2 -3 -6 -4
right_child=1 4 6 -5 5 -7 -8
leaf_value=-0.04323977842753942 0.013485189534989311 -0.067357630678343119 0.00958516710428234 -0.021813785227112081 -0.0040835339611658321 -0.060998384667519806 0.054364220984759119
leaf_weight=57.383602357469499 485.72792544215918 7.6567313168197861 5.9313342571258536 124.09541927650571 654.77181849069893 8.7007533088326436 33.878133602440357
leaf_count=2363 5629 58 63 854 4595 61 478
internal_value=-0.000733941 0.00146023 0.00877549 0.00627811 -0.00564804 -0.00492059 0.0480908
internal_weight=1378.15 1320.76 649.633 609.823 671.129 663.473 39.8095
internal_count=14101 11738 7024 6483 4714 4656 541
cat_boundaries=0 1 2
cat_threshold=16 13
is_linear=0
shrinkage=0.05


Tree=77
num_leaves=9
num_cat=3
split_feature=0 0 1 44 5 5 38 34
split_gain=48.5262 29.0492 24.5028 28.5784 23.0971 18.0346 35.0107 13.0033
threshold=0 1 2 52.000000000000007 -0.85225707553516283 -0.92921788351138401 8.4187500000000011 20.700000000000006
decision_type=1 1 1 2 2 2 2 2
left_child=-1 5 3 -3 -4 6 -2 -7
right_child=1 2 4 -5 -6 7 -8 -9
leaf_value=-0.042848721557253611 0.032798250894724899 0.0065740850982910258 0.010248413626440869 -0.08154820850355797 -0.015573737380732314 -0.015207821629064457 -0.038139474293187182 0.028270759694625835
leaf_weight=54.691848702728748 31.093095753341913 518.5741410702467 108.51767425239086 8.3695895001292211 416.41384304314852 18.430977027863264 37.005213037133217 175.26595324836671
leaf_count=2337 336 3472 686 48 2818 284 292 3772
internal_value=-0.000913347 0.00118075 -0.00256536 0.0050226 -0.0102263 0.0157289 -0.00574401 0.0240768
internal_weight=1368.36 1313.67 1051.88 526.944 524.932 261.795 68.0983 193.697
internal_count=14045 11708 7024 3520 3504 4684 628 4056
cat_boundaries=0 1 2 3
cat_threshold=16 9 1
is_linear=0
shrinkage=0.05


Tree=78
num_leaves=9
num_cat=2
split_feature=0 0 34 26 39 35 32 34
split_gain=48.1185 29.3774 18.4533 21.8226 19.456 16.6958 44.1636 17.8054
threshold=0 1 20.350000000000005 15.450000000000001 18.050000000000004 83.410714500000026 27.689583000000002 20.700000000000006
decision_type=1 1 2 2 2 2 2 2
left_child=-1 5 4 -4 -3 7 -7 -2
right_child=1 2 3 -5 -6 6 -8 -9
leaf_value=-0.042566321803515703 -0.010593601659184099 0.0060555240968621377 -0.014931936590102113 0.0032530536674436668 -0.060994214383032423 0.018948344602749252 -0.050973349423870787 0.041290168818803964
leaf_weight=52.845537199638784 19.771925617009401 18.121401825919747 207.21163515560329 793.49215618334711 25.251412604004145 123.2854966558516 26.609444595873356 89.991878565400839
leaf_count=2338 298 123 1354 5327 182 2088 169 2155
internal_value=-0.000178893 0.00188236 -0.00190495 -0.000523585 -0.0334753 0.0165695 0.00628025 0.031933
internal_weight=1356.58 1303.74 1044.08 1000.7 43.3728 259.659 149.895 109.764
internal_count=14034 11696 6986 6681 305 4710 2257 2453
cat_boundaries=0 1 2
cat_threshold=16 9
is_linear=0
shrinkage=0.05


Tree=79
num_leaves=9
num_cat=2
split_feature=0 6 5 38 6 39 0 6
split_gain=44.7957 22.9569 37.7597 31.8118 26.8757 32.7562 21.4908 19.8515
threshold=0 2.5000000000000004 -0.97111920233974802 8.9562500000000025 27.000000000000004 18.850000000000005 1 1.5000000000000002
decision_type=1 2 2 2 2 2 1 2
left_child=-1 2 3 -2 6 -6 -3 -4
right_child=1 4 7 -5 5 -7 -8 -9
leaf_value=-0.042077174764663224 -0.004848576972108048 0.017618920531627398 0.0012653265320954081 -0.1113068912806144 -0.035621247831362939 0.0061194655569488587 0.0012975485350991073 -0.035916640038889579
leaf_weight=50.017456361092627 12.565767481923105 388.46101457439363 227.44022685103118 15.168756121769546 80.0862738750875 111.24042132683098 424.6723152436316 41.612118516117334
leaf_count=2338 67 4459 2168 78 653 945 2961 352
internal_value=-0.00020152 0.00174886 -0.0104333 -0.0649208 0.0053725 -0.0114469 0.00933923 -0.00459701
internal_weight=1351.26 1301.25 296.787 27.7345 1004.46 191.327 813.133 269.052
internal_count=14021 11683 2665 145 9018 1598 7420 2520
cat_boundaries=0 1 2
cat_threshold=16 13
is_linear=0
shrinkage=0.05


Tree=80
num_leaves=9
num_cat=2
split_feature=0 0 34 4 26 35 4 40
split_gain=42.9684 24.1998 19.7942 20.5823 19.3314 17.1756 38.749 11.9203
threshold=0 1 20.350000000000005 0.21022171450811272 15.050000000000002 83.410714500000026 0.056951373111866661 0.15000000000000005
decision_type=1 1 2 2 2 2 2 2
left_child=-1 5 3 -3 -4 7 -7 -2
right_child=1 2 4 -5 -6 6 -8 -9
leaf_value=-0.041910013883230512 -0.01505239896221092 -0.0026303227556955374 -0.015224799126824793 -0.070970176845554553 0.0026661295442373511 0.025099332558719569 -0.026268944971652188 0.036718379524373311
leaf_weight=49.052195257507265 12.051795635372399 23.551948195323348 184.26050139404833 19.835117401555181 815.16403497196734 90.237538114190102 60.451625097543001 93.480399016290903
leaf_count=2360 223 166 1218 149 5480 1733 534 2238
internal_value=-0.000560496 0.00134396 -0.00207609 -0.034768 -0.000644281 0.0147759 0.00445471 0.0307204
internal_weight=1348.09 1299.03 1042.81 43.3871 999.425 256.221 150.689 105.532
internal_count=14101 11741 7013 315 6698 4728 2267 2461
cat_boundaries=0 1 2
cat_threshold=16 9
is_linear=0
shrinkage=0.05


Tree=81
num_leaves=9
num_cat=2
split_feature=0 26 5 33 34 36 0 44
split_gain=41.2848 20.7237 40.0939 34.909 32.8916 36.6411 26.9898 14.3785
threshold=0 15.050000000000002 0.11478523713130602 31.950000000000003 21.050000000000004 95.500000000000014 1 29.700000000000003
decision_type=1 2 2 2 2 2 1 2
left_child=-1 2 3 -2 5 -3 -6 -4
right_child=1 4 7 -5 6 -7 -8 -9
leaf_value=-0.041446896348299365 -0.072923315971608657 -0.057491032145289681 0.027024159669731762 -0.014430805274839165 0.016217484778687796 0.010592903951128812 -0.00051165323044983189 -0.0068938252504891096
leaf_weight=46.48440907150507 34.071464734151959 41.650691104121506 59.236539712175727 96.195457028225064 452.62189311720431 36.327401971444488 509.72951463237405 64.256570793688297
leaf_count=2328 258 372 549 731 5276 351 3490 628
internal_value=2.31141e-05 0.00184934 -0.0109207 -0.0301686 0.00498951 -0.0260405 0.00752825 0.00946217
internal_weight=1340.57 1294.09 253.76 130.267 1040.33 77.9781 962.351 123.493
internal_count=13983 11655 2166 989 9489 723 8766 1177
cat_boundaries=0 1 2
cat_threshold=16 13
is_linear=0
shrinkage=0.05


Tree=82
num_leaves=9
num_cat=1
split_feature=0 38 39 5 40 5 5 30
split_gain=37.3285 22.0208 37.1101 53.2297 52.5799 30.4813 25.8355 1.81767
threshold=0 6.6130950000000004 18.950000000000003 0.097680735332368721 51.650000000000013 -0.86974577485258975 0.14888728888808322 21.450000000000003
decision_type=1 2 2 2 2 2 2 2
left_child=-1 5 3 -3 -4 7 -7 -2
right_child=1 2 4 -5 -6 6 -8 -9
leaf_value=-0.041076669326542373 0.052492072758014041 -0.035759369624311303 -0.0077257930118494649 0.0088382614861808387 0.018444082783275233 -0.024785889971383802 0.017195318086112476 0.023977342390698247
leaf_weight=44.645755847916007 43.026423770934343 166.36553876847029 455.04977753479034 110.91637185402215 330.46667057462037 51.247012853622437 121.885253386572 9.3275150507688505
leaf_count=2331 369 1283 4235 1066 2939 454 1250 86
internal_value=-0.000985436 0.000747519 -0.00226123 -0.0179521 0.00329332 0.0149092 0.00469794 0.0479564
internal_weight=1332.93 1288.28 1062.8 277.282 785.516 225.486 173.132 52.3539
internal_count=14013 11682 9523 2349 7174 2159 1704 455
cat_boundaries=0 1
cat_threshold=16
is_linear=0
shrinkage=0.05


Tree=83
num_leaves=9
num_cat=1
split_feature=0 38 39 5 5 5 5 34
split_gain=37.9718 21.6948 39.1068 63.5472 52.3821 31.7298 35.8202 4.87945
threshold=0 6.8250000000000011 18.750000000000004 -0.55656394595157355 0.85561368268953431 -0.6905596507703472 -0.49812626372919405 23.850000000000005
decision_type=1 2 2 2 2 2 2 2
left_child=-1 5 3 -3 -4 7 -7 -2
right_child=1 2 4 -5 -6 6 -8 -9
leaf_value=-0.040817500554714614 0.017421593894543414 -0.052683727237232629 0.0079301503959511282 0.0016810788729867906 -0.035131762796280087 -0.088153255321785737 0.0073086972127799901 0.044225592471607345
leaf_weight=43.403206107206643 24.787283342331648 88.520691584795713 707.20565230958164 134.38465414568782 77.452490344643593 9.3896299600601179 180.5374558120966 69.943446207791567
leaf_count=2348 226 600 6474 1257 725 85 1788 592
internal_value=0.000111028 0.00181781 -0.00161486 -0.0200473 0.00364026 0.0139947 0.00215225 0.0374673
internal_weight=1335.62 1292.22 1007.56 222.905 784.658 284.658 189.927 94.7307
internal_count=14095 11747 9056 1857 7199 2691 1873 818
cat_boundaries=0 1
cat_threshold=16
is_linear=0
shrinkage=0.05


Tree=84
num_leaves=13
num_cat=0
split_feature=38 44 40 35 40 4 37 37 38 4 7 35
split_gain=19.9977 35.5585 40.8876 27.8691 31.275 16.0765 16.4231 14.7929 12.8163 11.7749 8.26289 1.71759
threshold=11.149702000000001 48.050000000000004 77.300000000000011 88.178571500000018 32.850000000000009 -0.92923668111203817 32.500000000000007 69.500000000000014 13.519047500000001 0.98522604642031408 26.927083500000006 85.767857000000006
decision_type=2 2 2 2 2 2 2 2 2 2 2 2
left_child=1 3 11 4 -1 -2 9 -5 -8 -7 -4 -3
right_child=5 2 10 7 -6 6 8 -9 -10 -11 -12 -13
leaf_value=-0.0098332394667383881 -0.065956986105457957 -0.058286372696015804 0.03825820732552393 -0.052716175278919843 0.0075771615137379461 -0.013578761088938636 0.035249666402658371 0.024458386032309459 -0.0063562838726309162 0.034302905726311998 -0.031590215871143225 -0.10433557238228958
leaf_weight=456.81108719669282 5.1518736891448489 8.1268289377912897 9.9199888436123711 36.795991290360689 589.82332104723901 55.403957069851458 98.04543056152761 6.816587306559085 22.423063337802887 15.629378255456684 5.9858843898400655 14.789593014866112
leaf_count=5087 56 82 112 399 6048 631 1091 84 154 176 56 91
internal_value=-0.000804507 -0.00337021 -0.0497785 -0.00167357 -2.38655e-05 0.0138688 0.0163478 -0.040376 0.0275169 -0.00271346 0.0116583 -0.0911251
internal_weight=1325.72 1129.07 38.8223 1090.25 1046.63 196.654 191.502 43.6126 120.468 71.0333 15.9059 22.9164
internal_count=14067 11959 341 11618 11135 2108 2052 483 1245 807 168 173
is_linear=0
shrinkage=0.05


Tree=85
num_leaves=9
num_cat=2
split_feature=0 0 34 34 5 4 32 44
split_gain=35.0211 22.3063 22.9349 35.3057 15.4225 20.8491 18.411 3.32085
threshold=0 1 25.250000000000004 24.550000000000004 0.93158198870884079 0.69056404122701587 27.727976000000002 34.400000000000013
decision_type=1 1 2 2 2 2 2 2
left_child=-1 2 3 -2 5 -3 -6 -4
right_child=1 4 7 -5 6 -7 -8 -9
leaf_value=-0.040399862858851734 0.011920614561060913 0.0035606584306736872 0.0091138438336713212 -0.018424970543722063 -0.042769037332717037 -0.016362148928583384 0.029223567259164668 0.052083517006052571
leaf_weight=41.496351878158748 463.48207145556808 410.95264116115868 5.7823828384280196 119.82844080030918 47.13850019313395 191.80945576634258 10.142795212566851 31.204952269792557
leaf_count=2338 5597 2849 62 851 390 1348 79 489
internal_value=-0.000372074 0.00126121 0.0079991 0.00566591 -0.00509827 -0.00279573 -0.0297386 0.0457826
internal_weight=1321.84 1280.34 620.298 583.311 660.043 602.762 57.2813 36.9873
internal_count=14003 11665 6999 6448 4666 4197 469 551
cat_boundaries=0 1 2
cat_threshold=16 13
is_linear=0
shrinkage=0.05


Tree=86
num_leaves=11
num_cat=2
split_feature=0 39 39 5 39 4 5 5 0 44
split_gain=35.4006 21.045 70.2197 79.0772 28.8961 18.5974 13.9202 10.0468 10.1776 10.6561
threshold=0 26.050000000000004 24.650000000000002 -0.90161545992537195 20.150000000000002 -0.452744437932114 0.29958852271690523 0.51849435583340198 1 33.300000000000004
decision_type=1 2 2 2 2 2 2 2 1 2
left_child=7 2 4 -4 -2 -3 -7 8 9 -1
right_child=1 5 3 -5 -6 6 -8 -9 -10 -11
leaf_value=0.027157170505422257 -0.0029305565697634668 -0.034155946019226467 -0.11961513118726888 -0.013266503812763465 0.014350507166795611 0.044045830287437415 -0.0085497694202133403 -0.049379110676815823 -0.037695881832778784 -0.013969610297570018
leaf_weight=18.124029012396932 538.13356920145452 10.562777079641817 22.709901660680771 67.698018256574869 438.02796889841557 64.98473160341382 15.182501219213007 27.86432486679405 30.745925749652088 89.166989807039499
leaf_count=260 4261 75 99 575 3727 487 133 1442 1651 1402
internal_value=-0.000296981 0.00286393 0.000911292 -0.0409969 0.00483064 0.02587 0.0341024 -0.0211371 -0.0166423 -0.00625781
internal_weight=1323.2 1157.3 1066.57 90.4079 976.162 90.73 80.1672 165.901 138.037 107.291
internal_count=14112 9357 8662 674 7988 695 620 4755 3313 1662
cat_boundaries=0 1 2
cat_threshold=48 32
is_linear=0
shrinkage=0.05


Tree=87
num_leaves=13
num_cat=3
split_feature=0 39 39 35 37 4 38 1 40 1 33 25
split_gain=33.1735 20.1931 57.9645 70.1178 38.0685 13.1067 9.82393 22.9736 11.6018 18.3583 8.73829 3.94852
threshold=0 26.050000000000004 24.650000000000002 83.252976500000017 32.500000000000007 -0.46801505794253101 13.519047500000001 1 41.45000000000001 2 36.20000000000001 12.723611000000002
decision_type=1 2 2 2 2 2 2 1 2 1 2 2
left_child=6 2 4 -4 -2 -3 8 -8 11 -10 -7 -1
right_child=1 5 3 -5 -6 10 7 -9 9 -11 -12 -13
leaf_value=-0.046661337583073337 -0.020849218242438093 -0.029808096253850488 0.010614738237048824 -0.076250404220615214 0.0084800893347660982 0.043308928496250454 -0.050991467285453153 0.092909363713685203 0.0063311297305408479 -0.037769337998222713 0.0084657966883195067 0.0022616589315543017
leaf_weight=51.764640115201473 126.1917102728039 8.844347130507229 42.426574224606156 49.775043353438377 850.57064701616764 54.232318967580795 4.3984040049836022 4.8321920866146684 50.709574019536376 42.749232268892229 27.542884103953838 4.3762382231652728
leaf_count=2195 1039 64 379 310 6995 402 50 53 1117 1117 233 134
internal_value=-6.95395e-06 0.00298923 0.00108311 -0.0365944 0.00467347 0.0255431 -0.0206578 0.0260584 -0.0250658 -0.0140273 0.0318174 -0.0428749
internal_weight=1318.41 1159.58 1068.96 92.2016 976.762 90.6196 158.83 9.2306 149.6 93.4588 81.7752 56.1409
internal_count=14088 9422 8723 689 8034 699 4666 103 4563 2234 635 2329
cat_boundaries=0 1 2 3
cat_threshold=48 1 1
is_linear=0
shrinkage=0.05


Tree=88
num_leaves=9
num_cat=2
split_feature=0 25 34 39 12 1 4 27
split_gain=30.6686 19.3483 25.9018 33.802 22.5345 20.3033 14.1438 4.10384
threshold=0 6.8013890000000012 20.350000000000005 18.750000000000004 75.500000000000014 1 0.21022171450811272 29.550000000000004
decision_type=1 2 2 2 2 1 2 2
left_child=-1 4 6 -4 5 -2 -3 -6
right_child=1 2 3 -5 7 -7 -8 -9
leaf_value=-0.039454961884223476 0.027534640888110629 -0.000632417834880936 -0.018717708708804376 0.0044026956994364626 -0.0024096276587829454 0.0017402540146125045 -0.06042845289677154 -0.062273013192475107
leaf_weight=37.571896307170391 151.48572352714837 15.049454024061559 202.11365888267756 712.11208760179579 3.9148961249738923 152.95406330004334 27.960492145270109 10.564498737454413
leaf_count=2354 1442 141 1708 6635 37 1442 251 92
internal_value=-0.000459591 0.00101943 -0.00252797 -0.000723545 0.0116734 0.0146234 -0.0399952 -0.0472886
internal_weight=1313.73 1276.15 957.236 914.226 318.919 304.44 43.0099 14.4794
internal_count=14102 11748 8735 8343 3013 2884 392 129
cat_boundaries=0 1 2
cat_threshold=16 1
is_linear=0
shrinkage=0.05


Tree=89
num_leaves=13
num_cat=4
split_feature=0 0 1 10 5 5 38 43 33 37 38 1
split_gain=31.1364 24.2518 15.618 18.5707 18.0279 14.2263 23.8998 34.8358 25.624 9.67674 5.24591 3.11273
threshold=0 1 2 89.687500000000014 -0.84313311835787952 -0.93543596745397617 8.4187500000000011 17.750000000000004 32.050000000000004 24.500000000000004 12.055357000000003 3
decision_type=1 1 1 2 2 2 2 2 2 2 2 1
left_child=5 -2 3 -3 -4 6 8 -8 -1 11 -11 -7
right_child=1 2 4 -5 -6 9 7 -9 -10 10 -12 -13
leaf_value=-0.1129727855370537 -0.039045264217396548 0.0056624004021608053 0.0093634009626386919 -0.0456550123587924 -0.013347325890457113 -0.078563909818810534 -0.074212118769167279 0.024038737554759451 0.04420540585075905 0.022217591948377646 0.052699784831289537 0.0023114482733074017
leaf_weight=1.9130529910326028 36.005395068787038 500.558365220204 110.79109149053693 17.277766881510615 402.11230792570859 2.006149409338831 19.50609527528286 15.427892386913298 25.832803744822741 161.18906852044165 15.275106042623518 1.8770371824502947
leaf_count=12 2336 3415 708 112 2797 31 111 169 314 3742 296 29
internal_value=-0.0001539 -0.00386317 -0.00223489 0.00386548 -0.00843296 0.0155959 -0.00423738 -0.0313601 0.0298151 0.0233343 0.0251383 -0.0470031
internal_weight=1309.77 1066.74 1030.74 517.836 512.903 243.027 62.6798 34.934 27.7459 180.347 176.464 3.88319
internal_count=14072 9368 7032 3527 3505 4704 606 280 326 4098 4038 60
cat_boundaries=0 1 2 3 4
cat_threshold=9 16 1 1
is_linear=0
shrinkage=0.05


Tree=90
num_leaves=12
num_cat=2
split_feature=0 8 4 43 43 27 30 2 0 43 36
split_gain=28.9048 18.9137 44.593 77.7883 37.941 13.1686 13.9577 8.58493 8.75326 8.79163 6.11389
threshold=0 33.150000000000013 0.14250626876356548 12.550000000000002 21.950000000000003 8.1500000000000004 3.3000000000000003 3.5000000000000004 1 20.600000000000005 99.500000000000014
decision_type=1 2 2 2 2 2 2 2 1 2 2
left_child=7 2 4 -4 -2 6 -3 -1 9 -9 -7
right_child=1 5 3 -5 -6 10 -8 8 -10 -11 -12
leaf_value=-0.049015854749430085 0.017365043399167914 0.011947694029177889 -0.04435207310067954 0.0070492764986911155 -0.010116869357891035 0.040961121899515979 -0.028246869962886213 0.0049558595315289007 -0.036419262602058508 -0.024569431369625822 -0.018764042329735345
leaf_weight=22.473266246728599 339.90756757929921 246.32649076730013 136.86509834975004 157.41067533567548 198.01796876080334 47.354431850835681 22.717883054167032 63.391026925295591 27.409803982824087 40.575843362137675 4.1319032907485953
leaf_count=1283 2828 2177 956 1159 1656 405 188 1042 1698 643 30
internal_value=-0.000132998 0.00264485 -0.00130999 -0.0169263 0.00724856 0.0129673 0.00846167 -0.0197258 -0.0158732 -0.00610943 0.0359018
internal_weight=1306.58 1152.73 832.201 294.276 537.926 320.531 269.044 153.85 131.377 103.967 51.4863
internal_count=14065 9399 6599 2115 4484 2800 2365 4666 3383 1685 435
cat_boundaries=0 1 2
cat_threshold=48 32
is_linear=0
shrinkage=0.05


Tree=91
num_leaves=9
num_cat=2
split_feature=0 34 34 4 36 4 25 1
split_gain=27.1408 17.8666 32.5144 47.0527 22.7583 11.97 12.6615 2.99503
threshold=0 25.150000000000002 24.450000000000003 0.15951094710994368 96.500000000000014 0.98522604642031408 7.3743055000000011 1
decision_type=1 2 2 2 2 2 2 1
left_child=-1 2 4 -4 -2 6 -3 -7
right_child=1 5 3 -5 -6 7 -8 -9
leaf_value=-0.038334235534594807 -0.010062048661540274 0.040616152959617506 0.013743288955226154 -0.034353998434901993 0.0081096955364823604 0.031466213539951098 0.0025306699753311545 0.083723927649288057
leaf_weight=33.559778723400086 228.37357630673796 29.756716579198837 77.274868413805962 145.22604010999203 692.09702347032726 7.0773075167089683 75.636728499084711 7.066514091566205
leaf_count=2349 2324 239 525 1102 6717 74 675 73
internal_value=2.28685e-05 0.0013646 -0.000554959 -0.017663 0.00359516 0.0196842 0.0135644 0.0613797
internal_weight=1296.07 1262.51 1142.97 222.501 920.471 119.537 105.393 14.1438
internal_count=14078 11729 10668 1627 9041 1061 914 147
cat_boundaries=0 1 2
cat_threshold=16 1
is_linear=0
shrinkage=0.05


Tree=92
num_leaves=13
num_cat=2
split_feature=0 34 34 23 36 0 31 5 36 5 26 38
split_gain=29.9288 21.4444 32.1777 35.5568 24.4754 16.4416 10.8547 12.9022 3.1786 8.0854 0.342668 0.230421
threshold=0 25.250000000000004 24.550000000000004 96.500000000000014 98.500000000000014 1 50.20000000000001 -0.6652727025667432 97.500000000000014 -0.70289845916694649 28.000000000000004 7.6994045000000009
decision_type=1 2 2 2 2 1 2 2 2 2 2 2
left_child=1 2 4 -4 -1 6 7 -2 11 -10 -8 -3
right_child=5 8 3 -5 -6 -7 10 -9 9 -11 -12 -13
leaf_value=-0.00062924092923044832 0.0052065010122167724 0.027508682976817064 0.011156835664374323 -0.042688423541436843 0.022439416183311571 -0.037979463277020044 -0.069727997456112509 -0.0098703046723140619 0.045873129412843848 -0.058497247110652531 -0.027915377380335695 0.054350574028002932
leaf_weight=227.04727234505117 207.63339144736528 4.2453824523836401 56.542934378609061 65.123602271080017 231.84165453352034 32.428003987763077 5.3313288576900941 443.74160007108003 4.24910594150424 1.8897946067154396 2.7474531233310699 24.742711087688804
leaf_count=2626 1352 57 486 380 3020 2359 37 3306 64 16 19 423
internal_value=-0.000751318 0.00720587 0.00498769 -0.0177776 0.011049 -0.00782342 -0.00574173 -0.00506378 0.0447082 0.0100503 -0.0601493 0.0514679
internal_weight=1307.56 615.682 580.555 121.667 458.889 691.882 659.454 651.375 35.127 6.1389 8.07878 28.9881
internal_count=14145 7072 6512 866 5646 7073 4714 4658 560 80 56 480
cat_boundaries=0 1 2
cat_threshold=13 34
is_linear=0
shrinkage=0.05


Tree=93
num_leaves=15
num_cat=2
split_feature=0 6 27 39 34 34 22 34 5 32 33 25 1 19
split_gain=27.122 17.6884 25.2195 34.5811 17.8011 34.3168 9.86668 11.6277 12.094 10.3062 9.66698 7.88826 10.0784 5.72849
threshold=0 27.000000000000004 16.250000000000004 18.850000000000005 25.150000000000002 24.450000000000003 79.347222000000002 24.850000000000005 -0.87810534180523914 26.542559500000003 39.150000000000013 12.723611000000002 1 28.018055500000003
decision_type=1 2 2 2 2 2 2 2 2 2 2 2 1 2
left_child=6 4 13 -4 5 -2 11 9 -9 -8 -6 -1 -13 -3
right_child=1 2 3 -5 10 -7 7 8 -10 -11 -12 12 -14 -15
leaf_value=-0.050505475591173403 0.0079742652394140731 -0.088314130901381904 -0.030627419557608893 0.016977628084542902 0.031833830819203011 -0.017328913747209854 0.0072935165742807591 -0.041012228541931206 0.038529115653702768 -0.031693606369556031 -0.029410513951906234 -0.046381511047885161 0.055040977358152457 -0.02950794912129745
leaf_weight=34.836789496243 722.37369844317436 10.520497597754003 69.672127325087786 81.943821676075459 79.162796422839165 163.48780634626746 23.080789466388524 5.524549561552706 17.62007213011384 59.611712459940463 6.2353167515248051 3.9366075890138736 3.8683892171829939 8.7582172807306033
leaf_count=1748 6235 62 496 678 736 1052 684 116 209 1725 59 93 88 63
internal_value=9.97868e-05 0.002771 -0.0119939 -0.00495568 0.00540707 0.00329023 -0.0192283 -0.0121263 0.0186306 -0.0208546 0.0270734 -0.0405795 0.00442857 -0.0643713
internal_weight=1290.63 1142.15 170.895 151.616 971.26 885.862 148.479 105.837 23.1446 82.6925 85.3981 42.6418 7.805 19.2787
internal_count=14044 9381 1299 1174 8082 7287 4663 2734 325 2409 795 1929 181 125
cat_boundaries=0 1 2
cat_threshold=48 1
is_linear=0
shrinkage=0.05


Tree=94
num_leaves=13
num_cat=2
split_feature=0 0 44 39 38 35 37 38 39 44 31 37
split_gain=25.0877 18.1758 14.7445 24.978 19.5475 13.3705 21.6516 19.4116 13.8984 22.0393 6.35244 5.10313
threshold=0 1 46.250000000000007 22.250000000000004 11.149702000000001 83.410714500000026 66.500000000000014 6.7913690000000004 23.550000000000004 41.20000000000001 32.600000000000001 25.500000000000004
decision_type=1 1 2 2 2 2 2 2 2 2 2 2
left_child=5 -2 4 -4 -3 8 7 -7 11 -10 -8 -1
right_child=1 2 3 -5 -6 6 10 -9 9 -11 -12 -13
leaf_value=-0.022503634614007145 -0.037213669515555145 -0.0035596404585793908 -0.091776668604043335 -0.012362217596086598 0.02063689257611703 0.029607941895357481 -0.010199997966291806 -0.01867758252765268 -0.061264856458697961 0.036385448500281928 0.05109363260996283 0.04031072828844133
leaf_weight=2.7723876759409896 30.093084324616939 816.20083951763809 10.087406840175388 97.722131228074431 91.966695781797171 26.807671520859003 4.7098173927515772 82.063483264297247 9.4366183821111935 11.973417017608879 24.473462294787169 73.304005885496736
leaf_count=21 2339 5657 61 620 652 615 95 1102 219 382 447 1801
internal_value=-0.00116903 -0.00450075 -0.00314358 -0.020568 -0.00108935 0.0132156 0.00370498 -0.00662683 0.0278516 -0.00746783 0.0411914 0.0377594
internal_weight=1281.61 1046.07 1015.98 107.81 908.168 235.541 138.054 108.871 97.4864 21.41 29.1833 76.0764
internal_count=14011 9329 6990 681 6309 4682 2259 1717 2423 601 542 1822
cat_boundaries=0 1 2
cat_threshold=9 16
is_linear=0
shrinkage=0.05


Tree=95
num_leaves=10
num_cat=3
split_feature=0 0 1 44 39 38 39 43 39
split_gain=22.635 18.6628 15.7129 28.0337 19.8488 12.1488 25.9319 31.0717 13.6629
threshold=0 1 2 52.000000000000007 20.250000000000004 12.055357000000003 24.350000000000005 17.750000000000004 18.350000000000005
decision_type=1 1 1 2 2 2 2 2 2
left_child=5 -2 3 -3 -4 6 8 -8 -1
right_child=1 2 4 -5 -6 -7 7 -9 -10
leaf_value=0.00049164446173204839 -0.036973437311308345 0.0056385329677518525 -0.018927450242193243 -0.078237190361246628 0.00083827249140378283 0.052403939529069576 -0.056899347804057268 0.041229106797342825 0.028748477365982072
leaf_weight=68.535997275263071 29.410203290171921 497.90157781355083 238.68748062103987 9.1673354096710664 270.01893592718989 17.822971045970917 25.635591499507427 10.731136143207548 112.98880256898701
leaf_count=1263 2345 3446 1621 52 1894 376 356 184 2539
internal_value=-0.000405862 -0.00358458 -0.00223211 0.00397113 -0.00845484 0.0132368 0.010413 -0.027615 0.018141
internal_weight=1280.9 1045.19 1015.78 507.069 508.706 235.714 217.892 36.3667 181.525
internal_count=14076 9358 7013 3498 3515 4718 4342 540 3802
cat_boundaries=0 1 2 3
cat_threshold=9 16 1
is_linear=0
shrinkage=0.05


Tree=96
num_leaves=12
num_cat=2
split_feature=0 39 39 35 37 4 5 32 1 21 35
split_gain=20.7731 18.1322 52.7529 60.7183 28.7126 17.1898 9.39954 9.06036 27.5264 10.1196 7.24294
threshold=0 26.050000000000004 24.650000000000002 83.252976500000017 32.500000000000007 -0.46801505794253101 0.51849435583340198 26.542559500000003 1 24.550000000000004 61.089286000000008
decision_type=1 2 2 2 2 2 2 2 1 2 2
left_child=6 2 4 -4 -2 -3 7 8 -1 -9 -7
right_child=1 5 3 -5 -6 10 -8 9 -10 -11 -12
leaf_value=0.068895428346415419 -0.019085952135186938 -0.038696742333233732 0.0077278265233783963 -0.072761509496227436 0.0065600598688881602 -0.018309730750964322 -0.048772638068479757 -0.037845296253040492 -0.047132642142665625 -0.0060078754687396384 0.035087202786479636
leaf_weight=10.431304484605789 124.70802287943661 9.1934230215847474 42.819457227364182 50.282753041014075 827.82363739982247 6.3377236630767575 21.959804832935333 42.459889078978449 8.318483985029161 59.717877812683582 73.044476313516498
leaf_count=242 1028 64 375 307 6981 51 1434 1403 245 1362 577
internal_value=-0.000834588 0.00149693 -0.000339093 -0.0360542 0.00318592 0.0231001 -0.0180716 -0.0136243 0.0176387 -0.0194765 0.0306493
internal_weight=1277.1 1134.21 1045.63 93.1022 952.532 88.5756 142.887 120.928 18.7498 102.178 79.3822
internal_count=14069 9383 8691 682 8009 692 4686 3252 487 2765 628
cat_boundaries=0 1 2
cat_threshold=48 1
is_linear=0
shrinkage=0.05


Tree=97
num_leaves=12
num_cat=3
split_feature=0 34 34 23 2 0 1 5 5 20 8
split_gain=20.775 20.2093 25.085 28.5105 23.4162 14.355 13.8534 20.3659 20.2517 1.61152 0.22132
threshold=0 25.250000000000004 24.550000000000004 96.500000000000014 2.5000000000000004 1 2 0.95936279103287792 -0.98212955754013376 33.250000000000007 31.750000000000004
decision_type=1 2 2 2 2 1 1 2 2 2 2
left_child=1 2 4 -4 -1 6 7 -2 -8 -3 -11
right_child=5 9 3 -5 -6 -7 8 -9 -10 10 -12
leaf_value=-0.010555276772432329 0.0057765880879706803 0.005991838020495118 0.010285624688305881 -0.038627286473114135 0.015969509671973525 -0.036394644676576146 0.029642554843550519 -0.044240314525787139 -0.015838446999476116 0.014282289291524017 0.050148772985198022
leaf_weight=109.57452546432614 305.47773689031601 2.7009852491319206 54.220134347677231 64.219960577785969 337.24526486732066 27.860982282552868 25.75026348978281 20.802536857314408 297.03387179691344 1.4217924121767307 26.129674127325416
leaf_count=1245 2175 33 470 372 4389 2352 158 177 2200 18 487
internal_value=-0.000656083 0.0061012 0.00403202 -0.016337 0.00945574 -0.00659364 -0.00472924 0.00246225 -0.0121298 0.0453495 0.0488629
internal_weight=1272.44 595.512 565.26 118.44 446.82 676.925 649.064 326.28 322.784 30.2525 27.5515
internal_count=14076 7014 6476 842 5634 7062 4710 2352 2358 538 505
cat_boundaries=0 1 2 3
cat_threshold=13 34 1
is_linear=0
shrinkage=0.05


Tree=98
num_leaves=13
num_cat=2
split_feature=0 0 26 13 5 35 32 2 26 34 44 39
split_gain=22.8645 17.0636 15.8984 20.9645 18.04 13.7839 21.3022 13.5827 13.3435 8.556 11.8726 2.37381
threshold=0 1 15.450000000000001 7.7500000000000009 0.11478523713130602 83.410714500000026 27.689583000000002 6.5000000000000009 22.150000000000002 20.700000000000006 33.650000000000006 23.550000000000004
decision_type=1 1 2 2 2 2 2 2 2 2 2 2
left_child=5 -2 4 -4 -3 9 8 -8 -7 10 -1 -11
right_child=1 2 3 -5 -6 6 7 -9 -10 11 -12 -13
leaf_value=0.041864450709489909 -0.035987672749032508 -0.028433507863344466 0.013270274888062986 -0.0040711379616854343 0.00031638148601648283 0.005007083471403162 -0.050785147610720928 0.034352789242847667 0.04725022443474261 0.041595503661286684 -0.034530767634300789 0.018718664236635277
leaf_weight=8.0748133044689911 26.854280813597143 105.42544561810791 256.54045692365617 538.18373799882829 111.92599650472403 83.920340221375227 22.23029159009457 5.1148163601756087 23.16269364207983 58.386784641072154 10.570445988327263 17.118350507691503
leaf_count=160 2363 680 1840 3736 794 1697 130 50 377 1626 129 552
internal_value=0.00020251 -0.00298122 -0.00172791 0.00153639 -0.013695 0.0141371 0.00440974 -0.0342102 0.0144971 0.0293194 -0.000998933 0.0367214
internal_weight=1267.51 1038.93 1012.08 794.724 217.351 228.579 134.428 27.3451 107.083 94.1504 18.6453 75.5051
internal_count=14134 9413 7050 5576 1474 4721 2254 180 2074 2467 289 2178
cat_boundaries=0 1 2
cat_threshold=9 16
is_linear=0
shrinkage=0.05


Tree=99
num_leaves=15
num_cat=2
split_feature=0 38 33 5 39 44 44 4 5 38 1 32 39 38
split_gain=19.4543 18.6998 30.8368 43.1456 23.8648 39.3095 16.0083 14.2839 9.83453 9.50188 19.021 11.5737 6.1373 4.1093
threshold=0 6.8250000000000011 31.950000000000003 0.18281312110578127 26.050000000000004 46.250000000000007 35.45000000000001 -0.46801505794253101 -0.99052477729077237 13.519047500000001 1 26.542559500000003 20.850000000000005 9.7642855000000015
decision_type=1 2 2 2 2 2 2 2 2 2 1 2 2 2
left_child=8 2 3 -2 5 -3 -4 -6 12 11 -11 -10 -1 -14
right_child=1 4 6 -5 7 -7 -8 -9 9 10 -12 -13 13 -15
leaf_value=-0.024342284405239268 -0.066075621560978071 -0.00099093880209846904 0.015405643302846489 0.012697949914315651 -0.034226341497478156 -0.042647467359432006 0.049067854123990541 0.030363035287428099 0.001665276484876914 -0.0497304288933757 0.084797568710816743 -0.035910946636857552 0.048162357056291134 -0.021782538679844227
leaf_weight=5.5696085160598185 23.644227188080549 733.50422978401184 104.03874182514846 58.198826886713505 8.7812160588800889 60.376588631421328 53.684955380856991 76.880597651004791 26.527100337669253 3.9482022095471603 4.7453220020979643 87.807354033458978 9.800561470910905 1.9872101070359338
leaf_count=115 174 6121 916 539 65 430 529 634 973 50 51 3359 91 30
internal_value=-0.000394857 0.00186645 0.0142363 -0.0105824 -0.00149395 -0.00420869 0.0271003 0.0234234 -0.017221 -0.0233996 0.0248736 -0.0272539 0.0160803 0.0355896
internal_weight=1259.49 1119.11 239.567 81.8431 879.543 793.881 157.724 85.6618 140.385 123.028 8.69352 114.334 17.3574 11.7878
internal_count=14077 9408 2158 713 7250 6551 1445 699 4669 4433 101 4332 236 121
cat_boundaries=0 1 2
cat_threshold=48 1
is_linear=0
shrinkage=0.05


Tree=100
num_leaves=13
num_cat=2
split_feature=0 0 35 39 40 35 43 4 39 34 44 39
split_gain=18.7555 15.2578 15.6408 19.4481 14.8433 12.1213 21.2815 32.7792 29.1019 11.4457 15.1584 3.04631
threshold=0 1 88.511904500000014 21.850000000000005 32.850000000000009 83.410714500000026 13.550000000000002 0.21022171450811272 18.350000000000005 20.700000000000006 34.750000000000007 23.550000000000004
decision_type=1 1 2 2 2 2 2 2 2 2 2 2
left_child=5 -2 4 -4 -3 9 7 -7 -8 10 -1 -11
right_child=1 2 3 -5 -6 6 8 -9 -10 11 -12 -13
leaf_value=0.034940553477531174 -0.03543375040453816 -0.0079059480303723291 -0.076447248257506914 0.0043027043831336967 0.0044452209397190037 0.029396079930655655 -0.022320846755204037 -0.078225010024971037 0.031950344793284284 0.041008851925151107 -0.048662783079343137 0.015518923341452476
leaf_weight=9.857799135148527 25.520337152760476 457.53746764920652 14.683973657898607 14.021579729393123 517.15549733489752 11.143422732129695 37.147361882030964 16.566531755030155 69.541744530200958 55.823171922937036 9.8577743209898454 16.915882609784603
leaf_count=185 2365 3268 101 107 3558 200 622 78 1368 1606 106 558
internal_value=-0.000720734 -0.00360631 -0.00242136 -0.0381869 -0.00135479 0.0119589 0.00284477 -0.0354293 0.0130222 0.0263154 -0.00719227 0.0353719
internal_weight=1255.77 1028.92 1003.4 28.7056 974.693 226.854 134.399 27.71 106.689 92.4546 19.7156 72.7391
internal_count=14122 9399 7034 208 6826 4723 2268 278 1990 2455 291 2164
cat_boundaries=0 1 2
cat_threshold=9 16
is_linear=0
shrinkage=0.05


Tree=101
num_leaves=9
num_cat=2
split_feature=0 34 36 26 34 13 19 0
split_gain=17.7324 16.4419 37.5301 21.8456 31.641 21.536 17.2961 7.10975
threshold=0 21.050000000000004 95.500000000000014 15.050000000000002 22.750000000000004 7.7812500000000009 27.893750000000004 1
decision_type=1 2 2 2 2 2 2 1
left_child=-1 2 6 4 -3 -5 -2 -4
right_child=1 3 7 5 -6 -7 -8 -9
leaf_value=-0.035017088098761813 -0.061545965967713889 0.029107485118207495 -0.01029971727864458 0.016950938280354971 -0.021031766520039227 0.00055773185906584917 0.045076299909347639 0.019575361710159694
leaf_weight=24.585138985421509 40.974822581745684 37.557212691754103 28.436649542301893 297.41801118664443 171.75778450630605 609.82517808862031 3.4702668841928235 33.318627294152975
leaf_count=2350 368 404 240 2996 1494 5812 37 369
internal_value=-0.00022314 0.000784216 -0.0179152 0.00258424 -0.0119397 0.0059446 -0.0524122 0.00735184
internal_weight=1247.34 1222.76 106.2 1116.56 209.315 907.243 44.4451 61.7553
internal_count=14070 11720 1014 10706 1898 8808 405 609
cat_boundaries=0 1 2
cat_threshold=16 34
is_linear=0
shrinkage=0.05


Tree=102
num_leaves=15
num_cat=1
split_feature=34 34 26 43 36 43 8 2 25 1 4 36 4 4
split_gain=15.2529 24.2559 28.8933 31.958 18.3489 29.3693 26.4726 17.2535 7.98628 16.6359 11.7928 8.21913 7.09483 3.60244
threshold=25.150000000000002 24.550000000000004 19.050000000000004 18.750000000000004 96.500000000000014 21.950000000000003 33.250000000000007 6.5000000000000009 7.3743055000000011 0 0.98522604642031408 97.500000000000014 0.54219432480460406 0.46800856592688467
decision_type=2 2 2 2 2 2 2 2 2 1 2 2 2 2
left_child=1 4 7 -4 6 -6 -1 -3 9 13 11 -10 -11 -2
right_child=8 2 3 -5 5 -7 -8 -9 10 12 -12 -13 -14 -15
leaf_value=-0.031916489091582595 0.018184570799119434 -0.053752570188509208 -0.016569249961288852 0.047749244183072942 0.013304772386428174 -0.0076742225582391958 0.0022654187658797949 -0.0012929407645720201 0.0069757711337195272 0.035324425408304057 0.050843124118534345 -0.046806019557163729 -0.032170710016089281 0.08582876600010092
leaf_weight=89.167147939093411 3.0643612006679186 60.436088474001735 76.070563940797001 24.770799546502531 446.03850926086307 265.32073834072798 152.02079134387895 21.10889511089772 67.903973340988159 6.2621468221768737 13.426058716140686 6.9213541550561777 7.3943219278007746 12.008871631696818
leaf_count=1007 38 545 644 196 5361 3042 1883 148 755 64 173 62 71 103
internal_value=1.24997e-05 -0.00176473 -0.0184168 -0.000456251 0.00143965 0.0054803 -0.0104512 -0.0403529 0.0171238 0.0395875 0.00944923 0.00144927 -0.000922469 0.0740638
internal_weight=1251.91 1134.93 182.386 100.841 952.547 711.359 241.188 81.545 116.981 28.7297 88.2514 74.8253 13.6565 15.0732
internal_count=14092 12826 1533 840 11293 8403 2890 693 1266 276 990 817 135 141
cat_boundaries=0 1
cat_threshold=1
is_linear=0
shrinkage=0.05


Tree=103
num_leaves=10
num_cat=2
split_feature=10 0 43 43 39 0 4 10 31
split_gain=17.6922 17.5213 19.8036 28.4388 23.9266 12.1192 12.4616 7.52733 0.695374
threshold=90.645833500000023 0 27.750000000000004 27.300000000000001 25.250000000000004 1 -0.63921128368950708 91.500000000000014 31.500000000000004
decision_type=2 1 2 2 2 1 2 2 2
left_child=1 2 3 -1 -4 6 -3 8 -2
right_child=7 5 4 -5 -6 -7 -8 -9 -10
leaf_value=0.0041136626259649775 -0.07321421957389071 0.0089324088483580238 0.036927036911797502 -0.097464717674422635 -0.046754477805910799 -0.034444222940785217 -0.0075959747277333503 0.023916833668294821 -0.040125084759091129
leaf_weight=478.43258750345558 7.8617862355895403 148.00125021487474 79.763019628822803 5.9916553311049929 8.693734906613825 23.358040834777057 485.93956936709583 2.6646170592866829 8.6265343953855318
leaf_count=5815 76 1077 991 58 102 2314 3552 31 75
internal_value=-0.000542901 0.000218182 0.00654225 0.00265908 0.0282719 -0.0053139 -0.00367141 -0.0470119 -0.0591866
internal_weight=1249.33 1230.18 572.881 484.424 88.4568 657.299 633.941 19.1529 16.4883
internal_count=14091 13909 6966 5873 1093 6943 4629 182 151
cat_boundaries=0 1 2
cat_threshold=13 34
is_linear=0
shrinkage=0.05


Tree=104
num_leaves=13
num_cat=2
split_feature=0 43 43 35 39 32 0 4 21 31 39 19
split_gain=16.8076 20.3942 29.4105 22.4595 23.3671 19.1911 11.2526 11.3857 38.2987 13.4375 7.25322 3.5118
threshold=0 27.750000000000004 27.300000000000001 87.824405000000013 25.250000000000004 29.851785500000002 1 0.73283908552571664 22.450000000000003 48.800000000000004 18.750000000000004 26.995138500000007
decision_type=1 2 2 2 2 2 1 2 2 2 2 2
left_child=1 2 5 10 -5 -1 7 9 -9 -2 -3 -4
right_child=6 3 11 4 -6 -7 -8 8 -10 -11 -12 -13
leaf_value=0.0014573847693749599 0.00095724463451041491 0.015079658149694371 -0.10215413297194771 0.0069385516737274014 -0.12645968255177636 0.052720843416753184 -0.034258700887425581 0.058902039977593391 -0.022981080078377101 -0.052344080996986612 0.050877597090979998 -0.029185245688381246
leaf_weight=461.68324234802276 458.56397125776857 21.222745910286903 6.0882153324782831 16.313773639500145 3.0816794894635668 18.011725844815373 22.988850598689169 14.770793521776794 154.18853292055428 11.136832040734587 49.264497803524137 3.5329792946577072
leaf_count=5463 3333 211 51 211 37 385 2337 122 1121 78 649 29
internal_value=-0.000548062 0.00561954 0.00167287 0.0274685 -0.0194178 0.00348791 -0.00594256 -0.0043605 -0.0155182 -0.000415075 0.040461 -0.08063
internal_weight=1240.85 579.199 489.316 89.8827 19.3955 479.695 661.649 638.66 168.959 469.701 70.4872 9.62119
internal_count=14027 7036 5928 1108 248 5848 6991 4654 1243 3411 860 80
cat_boundaries=0 1 2
cat_threshold=13 34
is_linear=0
shrinkage=0.05


Tree=105
num_leaves=12
num_cat=2
split_feature=0 0 34 39 4 38 39 39 44 4 5
split_gain=16.7096 13.3124 12.6393 15.4538 12.7196 11.4759 27.6033 33.518 10.4406 1.45573 1.23585
threshold=0 1 20.350000000000005 18.950000000000003 0.21022171450811272 11.557440500000002 24.800000000000001 25.650000000000002 46.250000000000007 -0.92274349529687905 0.59003219687534991
decision_type=1 1 2 2 2 2 2 2 2 2 2
left_child=5 -2 4 -4 -3 6 8 -8 -1 -7 -11
right_child=1 2 3 -5 -6 9 7 -9 -10 10 -12
leaf_value=0.018996513410166321 -0.033881872478193326 -0.0033921197056511563 -0.0090134261821763241 0.0041732935308649534 -0.060693574379812813 -0.013811326096535221 -0.076588144007727399 0.04202939801000375 -0.036264480291652489 0.051816239977441003 -0.0059172881526832598
leaf_weight=162.87135960068554 22.272343630902469 21.47281445376575 345.11302281823009 619.48928858805448 16.83202114328742 0.54716269671917217 17.323899259790782 8.051180971786378 8.112545754760502 19.5070562530309 0.76807814091443916
leaf_count=3645 2369 160 2369 4385 147 13 203 177 113 490 28
internal_value=-2.06828e-05 -0.0027177 -0.00166554 -0.000549067 -0.0294752 0.0122285 0.00891545 -0.0387858 0.016179 0.0472346 0.0494538
internal_weight=1242.36 1025.18 1002.91 964.602 38.3048 217.181 196.359 25.3751 170.984 20.8223 20.2751
internal_count=14099 9430 7061 6754 307 4669 4138 380 3758 531 518
cat_boundaries=0 1 2
cat_threshold=9 16
is_linear=0
shrinkage=0.05


Tree=106
num_leaves=14
num_cat=1
split_feature=0 12 22 40 39 38 39 39 39 38 19 10 5
split_gain=16.6989 15.2673 15.3307 17.5388 11.1281 11.0025 23.775 21.2996 11.1822 10.288 13.0373 3.54331 1.21817
threshold=0 75.500000000000014 88.805555500000011 28.450000000000006 19.350000000000005 11.675595000000003 24.350000000000005 26.050000000000004 18.350000000000005 7.547619000000001 26.649305500000001 91.354167000000018 0.59003219687534991
decision_type=1 2 2 2 2 2 2 2 2 2 2 2 2
left_child=5 2 3 -2 -4 6 8 -8 -1 11 -11 -3 -7
right_child=1 9 4 -5 -6 12 7 -9 -10 10 -12 -13 -14
leaf_value=0.001245928110923623 -0.0070117236981946957 -0.060445397903181208 -0.066757699113846825 0.0066814849875899782 0.0094801913826693656 0.051370777759894154 -0.050274441493561244 0.041305197306078671 0.028169993833890274 0.021714760858587284 -0.036010909827318575 -0.0016628998552941972 -0.0059803335773523578
leaf_weight=63.457519153133035 440.48379367170855 19.110858375206593 13.784530697390439 496.20765165565535 6.7450902215205124 18.169829860329632 25.164368320256472 7.5487830676138392 97.689705537632108 16.927155748941004 20.671759727410972 3.0040984889492384 0.76623514667153259
leaf_count=1252 4121 164 128 4494 66 477 317 164 2423 164 172 30 28
internal_value=0.000464665 -0.00223792 -0.000716988 0.000241575 -0.0424325 0.0128345 0.00974086 -0.0285435 0.0176407 -0.0265739 -0.0101333 -0.0528778 0.0488665
internal_weight=1229.73 1016.93 957.221 936.691 20.5296 212.796 193.86 32.7132 161.147 59.7139 37.5989 22.115 18.9361
internal_count=14000 9339 8809 8615 194 4661 4156 481 3675 530 336 194 505
cat_boundaries=0 1
cat_threshold=9
is_linear=0
shrinkage=0.05


Tree=107
num_leaves=12
num_cat=2
split_feature=0 34 34 36 26 0 34 4 4 44 31
split_gain=16.1358 17.1172 25.0582 25.5228 20.4438 10.0119 10.9162 14.6952 14.4713 4.05444 6.46836
threshold=0 25.250000000000004 24.550000000000004 98.500000000000014 19.050000000000004 1 25.150000000000002 0.98522604642031408 0.64579916509010216 34.400000000000013 31.500000000000004
decision_type=1 2 2 2 2 1 2 2 2 2 2
left_child=1 2 3 -1 -4 6 8 -8 -2 10 -3
right_child=5 9 4 -5 -6 -7 7 -9 -10 -11 -12
leaf_value=-0.0031992213903787197 -0.0023140685044707883 0.042696905037379509 -0.039402548398623484 0.02118251466225549 0.003075172951008941 -0.033476551197445546 0.0042802414006456648 0.068194383522925492 -0.020642075148863022 0.051276417869123472 -0.055537370423993065
leaf_weight=215.53041618876159 414.15832856483757 2.9326950963586595 53.9604820497334 212.36444802954793 58.172895021736622 21.503966541495174 66.208566460758448 9.4375237524509412 144.69964819215238 23.101056042127311 1.920212462544441
leaf_count=2585 3102 48 376 3005 472 2357 371 57 1137 480 17
internal_value=-0.000793573 0.00532797 0.00340694 0.00892262 -0.0175334 -0.00608226 -0.00459919 0.0130398 -0.00708795 0.0428801 0.000979511
internal_weight=1223.99 567.982 540.028 427.895 112.133 656.008 634.504 75.6461 558.858 27.954 4.85291
internal_count=14007 6983 6438 5590 848 7024 4667 428 4239 545 65
cat_boundaries=0 1 2
cat_threshold=13 34
is_linear=0
shrinkage=0.05


Tree=108
num_leaves=9
num_cat=1
split_feature=0 35 39 38 30 5 43 30
split_gain=14.4593 12.7222 16.3363 15.2503 19.9053 17.0127 13.211 0.30479
threshold=0 88.437500000000014 21.850000000000005 6.5514880000000009 13.550000000000002 -0.8142754349318998 35.100000000000001 16.050000000000004
decision_type=1 2 2 2 2 2 2 2
left_child=-1 3 7 5 -5 -2 -4 -3
right_child=1 2 6 4 -6 -7 -8 -9
leaf_value=-0.0331504537401743 0.040474608939738282 -0.039980443700679685 0.029366335821600278 -0.0055111381076469144 0.0096404241301315148 0.0059317320113854459 -0.06913271280434953 -0.066428702912510615
leaf_weight=20.911968404427171 47.654527623206377 9.1662961095571536 14.317914826795461 664.71516840532422 320.4325607875362 135.0085864039138 3.3868106156587592 10.997137800790368
leaf_count=2357 471 92 163 6410 2995 1419 29 104
internal_value=7.4286e-05 0.000944447 -0.0271906 0.00188733 -0.00057811 0.0151148 0.0078354 -0.0568626
internal_weight=1226.59 1205.68 37.8682 1167.81 985.148 182.663 17.7047 20.1634
internal_count=14040 11683 388 11295 9405 1890 192 196
cat_boundaries=0 1
cat_threshold=16
is_linear=0
shrinkage=0.05


Tree=109
num_leaves=13
num_cat=1
split_feature=8 22 39 39 34 39 34 0 39 39 38 37
split_gain=14.3958 26.6001 23.9485 44.7699 43.3077 22.2197 11.6361 12.9621 12.9896 10.8923 9.67681 4.83656
threshold=33.150000000000013 74.729166500000005 18.950000000000003 24.650000000000002 22.750000000000004 19.450000000000003 20.250000000000004 0 21.950000000000003 29.150000000000002 10.962202500000002 34.500000000000007
decision_type=2 2 2 2 2 2 2 1 2 2 2 2
left_child=1 5 4 -4 -3 11 -2 9 -9 -8 -7 -1
right_child=6 2 3 -5 -6 10 7 8 -10 -11 -12 -13
leaf_value=0.024773040628116499 -0.057993141958886933 0.028583331679213887 0.017628557280415773 -0.018430438932430737 -0.018075330853383517 -0.048054576000924165 0.02555813367888516 0.014918026994489037 -0.010633666478465139 -0.03916862638147392 0.022917218296385079 -0.0094567472518019054
leaf_weight=14.147031689994035 5.4736163206398478 59.238021464087069 310.44210830889642 118.0445692637004 285.67641274118796 65.921273821033537 129.78507153503597 90.490242970176041 108.00190068781376 5.9718910679221144 4.6002035285346201 31.399089075159281
leaf_count=170 51 738 3642 1070 3068 756 1992 931 1136 79 54 387
internal_value=-0.000229671 -0.00357387 -0.000211436 0.00767482 -0.0100024 -0.0257858 0.00851097 0.00976977 0.000982204 0.0209158 -0.0431693 0.00147914
internal_weight=1229.19 889.469 773.401 428.487 344.914 116.068 339.723 334.249 198.492 135.757 70.5215 45.5461
internal_count=14074 9885 8518 4712 3806 1367 4189 4138 2067 2071 810 557
cat_boundaries=0 1
cat_threshold=13
is_linear=0
shrinkage=0.05


Tree=110
num_leaves=15
num_cat=1
split_feature=0 34 39 5 23 35 4 25 39 4 39 33 4 31
split_gain=15.3839 12.9075 15.9775 34.0589 23.6834 12.0816 20.4126 26.4993 24.477 9.01401 7.04338 12.5153 5.59467 2.7462
threshold=0 20.350000000000005 18.950000000000003 0.11478523713130602 98.500000000000014 83.574404500000014 0.091259403071267911 7.9569445000000014 18.750000000000004 0.21022171450811272 23.550000000000004 35.900000000000006 -0.39036798905311365 34.000000000000007
decision_type=1 2 2 2 2 2 2 2 2 2 2 2 2 2
left_child=5 9 3 -3 -4 10 8 -8 -7 12 13 -12 -2 -1
right_child=1 2 4 -5 -6 6 7 -9 -10 -11 11 -13 -14 -15
leaf_value=0.025833176108674478 -0.059832400629363749 -0.025225052555954655 -0.0014182718592539324 0.0059950218711473553 0.023489457383754228 -0.016170608009747716 0.018264143717812289 -0.055872119430499037 0.04143301564645005 -0.056523645398066036 -0.029758291563144187 0.04582977312299432 0.0022791294866822266 0.048368890770400193
leaf_weight=45.070224268361926 3.4218750363215831 178.87809890788049 504.33139385282993 169.23473319178447 116.68413239484653 30.189176673069596 20.921487495303154 26.258835423737764 44.722364017739892 17.122558775357902 12.572545526549222 8.1803579181432706 19.766194568015635 22.969306763261557
leaf_count=1084 28 1557 4626 1584 1181 646 286 184 1115 200 271 329 197 774
internal_value=-6.30851e-05 -0.00265653 -0.00151447 -0.0100737 0.00329194 0.0118701 0.00217265 -0.0233006 0.0183117 -0.0300551 0.0263535 0.000774055 -0.00898139 0.0340314
internal_weight=1220.32 1009.44 969.128 348.113 621.016 210.884 122.092 47.1803 74.9115 40.3106 88.7924 20.7529 23.1881 68.0395
internal_count=14062 9373 8948 3141 5807 4689 2231 470 1761 425 2458 600 225 1858
cat_boundaries=0 1
cat_threshold=9
is_linear=0
shrinkage=0.05


Tree=111
num_leaves=13
num_cat=0
split_feature=39 39 5 39 27 44 4 33 5 39 38 2
split_gain=16.5063 28.5807 54.2116 18.0217 63.0429 42.9706 15.3558 12.0354 7.30429 4.42362 4.06219 0.341982
threshold=26.050000000000004 24.650000000000002 -0.90161545992537195 18.950000000000003 16.050000000000004 38.000000000000007 -0.452744437932114 32.250000000000007 0.29958852271690523 28.500000000000004 11.879464000000002 8.5000000000000018
decision_type=2 2 2 2 2 2 2 2 2 2 2 2
left_child=1 3 -3 5 -5 -1 11 -4 9 -8 -10 -2
right_child=6 2 7 4 -6 -7 8 -9 10 -11 -12 -13
leaf_value=-0.0011652400953683774 -0.014734576804073057 -0.087957703114836291 -0.030642131431049324 -0.0096812860847642068 0.023256210095755805 -0.048092604713007754 0.04146750724950013 0.009102389668747676 0.02854482120057893 0.0099804379432371533 -0.022040572459811014 -0.039103376272580842
leaf_weight=390.3391984726768 3.8855870813131315 25.969429520890117 29.458706259261817 298.13201555749401 281.59140849066898 54.758011036552489 51.021199343726039 49.995934028644115 5.2709778188727787 15.173864491749553 9.8481433219276351 7.4735582638531923
leaf_count=4437 33 157 313 3633 3377 550 590 568 63 154 140 75
internal_value=-0.000365751 -0.00203566 -0.0266979 0.000524917 0.00633007 -0.00703334 0.0198048 -0.00583105 0.0274378 0.0345057 -0.0037282 -0.0326343
internal_weight=1222.92 1130.24 105.424 1024.82 579.723 445.097 92.6733 79.4546 81.3142 66.1951 15.1191 11.3591
internal_count=14090 13035 1038 11997 7010 4987 1055 881 947 744 203 108
is_linear=0
shrinkage=0.05


Tree=112
num_leaves=14
num_cat=1
split_feature=0 39 44 21 6 4 34 43 43 22 35 43 35
split_gain=15.4077 13.2362 37.6511 27.3242 18.1852 12.4771 8.51415 10.7037 11.1808 7.31882 5.95014 9.1499 4.2565
threshold=0 26.050000000000004 46.600000000000001 23.950000000000003 2.5000000000000004 -0.46801505794253101 24.550000000000004 15.15 20.600000000000005 59.513889000000013 80.711309500000013 0.65000000000000002 85.943452500000021
decision_type=1 2 2 2 2 2 2 2 2 2 2 2 2
left_child=6 2 4 -4 -2 -3 7 -1 -9 -7 11 -8 -12
right_child=1 5 3 -5 -6 9 10 8 -10 -11 12 -13 -14
leaf_value=-0.049667019369304788 -0.0098284701001404382 -0.033341757302368207 0.016516717501445174 -0.064882744868943285 0.0063216377357588685 -0.020849826354493159 0.025823522269911442 0.01382038467272809 -0.030035900903321273 0.032909797484852336 0.027136574423193657 -0.043129451669676383 -0.024718151008561888
leaf_weight=29.66870796866715 228.51364509854466 8.5106176584959012 13.916399834677575 35.281331948935986 724.00151365250349 6.3219884932041159 6.6848884928040233 23.150607665535063 36.036865181522444 65.730273513123393 19.855074649211023 12.389821061864494 4.0560949735809109
leaf_count=2017 1871 64 137 214 6460 55 117 568 1159 569 303 375 136
internal_value=-0.000241863 0.00178005 0.000219172 -0.0419872 0.00244089 0.0211655 -0.0156815 -0.0256175 -0.0129373 0.027972 0.00140757 -0.0188817 0.0177012
internal_weight=1214.12 1082.28 1001.71 49.1977 952.515 80.5629 131.842 88.8562 59.1875 72.0523 42.9859 19.0747 23.9112
internal_count=14045 9370 8682 351 8331 688 4675 3744 1727 624 931 492 439
cat_boundaries=0 1
cat_threshold=48
is_linear=0
shrinkage=0.05


Tree=113
num_leaves=15
num_cat=1
split_feature=8 4 43 43 43 6 43 43 39 44 39 32 4 1
split_gain=17.0806 25.9464 42.6604 39.8836 33.0459 31.571 24.9983 14.7137 14.3374 17.802 19.1054 9.88447 8.89518 6.80048
threshold=33.250000000000007 0.10837544681456417 21.950000000000003 12.550000000000002 27.750000000000004 2.5000000000000004 6.3000000000000016 18.450000000000003 21.950000000000003 39.050000000000004 23.550000000000004 27.891964500000004 0.46800856592688467 0
decision_type=2 2 2 2 2 2 2 2 2 2 2 2 2 1
left_child=1 2 7 6 -4 -5 -3 -1 12 10 -10 -11 -2 -14
right_child=8 3 4 5 -6 -7 -8 -9 9 11 -12 -13 13 -15
leaf_value=0.0083190027681282787 -0.00030186109759778554 -0.016366653623586639 -0.033954535803929271 -0.044383134638265799 0.0057025598796373624 0.010703351958004355 -0.05810165960279761 0.032417251384050619 -0.0080579646366080605 0.043864785528245694 -0.082794242231660931 0.0050130570044842043 0.041657677203160985 0.016065074292340803
leaf_weight=270.3468342400156 33.509470538236201 90.972379927523434 105.71702364180237 30.253290689084679 102.97127841552719 154.05722900480032 59.534260127693415 82.205261522904038 41.859368598554283 18.400283557828516 9.8355956608429533 107.19397900672629 53.6973060593009 53.282828730996698
leaf_count=3177 387 1037 1181 286 1223 1657 556 959 539 238 123 1335 673 685
internal_value=0.000382915 -0.0031502 0.00342202 -0.0141443 -0.014453 0.00147058 -0.0331498 0.0140138 0.0103241 0.000846308 -0.0235788 0.0110066 0.0221939 0.0291778
internal_weight=1213.84 896.058 561.24 334.817 208.688 184.311 150.507 352.552 317.779 177.289 51.695 125.594 140.49 106.98
internal_count=14056 10076 6540 3536 2404 1943 1593 4136 3980 2235 662 1573 1745 1358
cat_boundaries=0 1
cat_threshold=1
is_linear=0
shrinkage=0.05


Tree=114
num_leaves=15
num_cat=2
split_feature=0 34 34 40 36 1 5 4 38 5 38 31 44 35
split_gain=14.6111 15.9706 19.5114 17.5473 17.2332 11.519 20.0277 18.8409 16.2151 14.358 10.5023 3.41444 1.37246 3.98268
threshold=0 25.250000000000004 24.450000000000003 55.750000000000007 98.500000000000014 1 0.95936279103287792 0.86113431103781346 12.614880500000002 -0.98521978256641018 6.3017855000000003 44.800000000000004 34.400000000000013 81.154761500000021
decision_type=1 2 2 2 2 1 2 2 2 2 2 2 2 2
left_child=1 2 4 -4 -1 6 7 -2 9 -7 -8 -10 13 -3
right_child=5 12 3 -5 -6 8 10 -9 11 -11 -12 -13 -14 -15
leaf_value=-0.0010866737315065628 0.010519652082428005 -0.039107033972509558 -0.026062147550195952 0.011787471121278738 0.019565296377690541 0.020909357889023136 0.011601172974879873 -0.019628574014639268 0.04541541025605092 -0.018294689290586266 -0.067208105328678228 0.0023437824859110258 0.048356110189695961 0.042857848392989534
leaf_weight=203.78178141079843 246.68231313093565 1.4389725551009203 86.620836222544312 46.344346785917878 199.11112313903868 24.646750876680017 5.4429900743998614 64.565282642841339 12.599441790487619 280.00919018918648 14.553562218323348 7.1257636095397165 21.463149516843259 2.932287847623229
leaf_count=2513 2578 13 672 399 2941 212 69 672 106 3131 192 66 481 46
internal_value=-0.000405055 0.00545941 0.00366426 -0.0128803 0.00914278 -0.00543041 0.00104742 0.00422286 -0.0121951 -0.015065 -0.0462256 0.0307196 0.0432049 0.0136185
internal_weight=1217.32 561.692 535.858 132.965 402.893 655.625 331.244 311.248 324.381 304.656 19.9966 19.7252 25.8344 4.37126
internal_count=14091 7065 6525 1071 5454 7026 3511 3250 3515 3343 261 172 540 59
cat_boundaries=0 1 2
cat_threshold=13 1
is_linear=0
shrinkage=0.05


Tree=115
num_leaves=14
num_cat=0
split_feature=35 38 26 5 19 39 13 4 43 5 19 5 4
split_gain=13.7867 13.8495 15.7674 18.4014 17.2047 13.0433 12.659 13.1 11.1282 7.51286 1.58373 0.660053 0.214658
threshold=88.437500000000014 6.3949405000000015 15.050000000000002 0.85561368268953431 26.572916500000002 21.850000000000005 8.2229170000000007 -0.99467753128998015 35.100000000000001 0.41202506375868281 26.156250000000004 0.73136292505298039 -0.99275805973510278
decision_type=2 2 2 2 2 2 2 2 2 2 2 2 2
left_child=1 6 4 -4 -3 11 7 -1 10 -8 -7 12 -2
right_child=5 2 3 -5 -6 8 9 -9 -10 -11 -12 -13 -14
leaf_value=-0.049940084344813215 -0.035033912188840374 0.0078003653052454219 0.0036593916993474863 -0.019047231543086542 -0.027689531832338306 -0.0029074511565001914 -0.09254267109277059 0.020302671270607357 -0.067851825403257557 0.0063693503908236158 0.033226421563457453 -0.029420048224362918 -0.069368693552762303
leaf_weight=6.0169099811464539 4.1382963890209803 49.815000010188669 756.54610482836142 100.13946147961542 105.09439278556965 4.037187137175354 3.3165136859752229 146.01303260074928 3.3740292140282682 3.2403170368634164 9.5893954634666425 4.7428030157461754 11.031440727878362
leaf_count=61 42 576 8815 1172 1051 56 34 1822 34 42 139 58 130
internal_value=-0.000477509 0.000483513 -0.00167451 0.000986062 -0.0163 -0.030152 0.0141733 0.0172145 0.00224528 -0.049287 0.0230541 -0.0565964 -0.0627481
internal_weight=1207.09 1170.18 1011.59 856.686 154.909 36.9132 158.587 152.03 17.0006 6.55683 13.6266 19.9125 15.1697
internal_count=14032 13573 11614 9987 1627 459 1959 1883 229 76 195 230 172
is_linear=0
shrinkage=0.05


Tree=116
num_leaves=9
num_cat=1
split_feature=0 38 33 5 26 5 40 44
split_gain=13.2701 12.2848 18.9083 23.6246 16.1632 22.211 15.5217 9.53586
threshold=0 6.6130950000000004 31.950000000000003 0.23328369003117272 15.050000000000002 -0.77788789561442695 51.650000000000013 35.45000000000001
decision_type=1 2 2 2 2 2 2 2
left_child=-1 2 3 -2 5 -3 -6 -4
right_child=1 4 7 -5 6 -7 -8 -9
leaf_value=-0.03257646773780052 -0.053721651206259505 -0.047841038795075973 0.013482206282032675 0.0089547118426851393 -0.0046757545813398442 -0.0042495933952754828 0.0092124804620263186 0.042213239752944207
leaf_weight=19.895913304528221 20.080456783995032 41.161342427134514 94.829933251254261 51.676815368235111 502.51610754616559 95.950285888276994 334.05872160475701 41.595185460522771
leaf_count=2354 170 273 987 563 5038 939 3262 467
internal_value=-0.000227649 0.000614209 0.0116134 -0.00908186 -0.0017407 -0.0175875 0.000874434 0.0224856
internal_weight=1201.76 1181.87 208.182 71.7573 973.686 137.112 836.575 136.425
internal_count=14053 11699 2187 733 9512 1212 8300 1454
cat_boundaries=0 1
cat_threshold=16
is_linear=0
shrinkage=0.05


Tree=117
num_leaves=15
num_cat=0
split_feature=8 36 34 19 27 26 27 43 31 34 21 24 33 37
split_gain=12.9686 18.7148 12.9717 12.3794 14.2424 13.2579 9.47383 13.8676 20.5129 11.2338 7.96474 4.67635 3.21098 3.10766
threshold=33.150000000000013 94.500000000000014 23.150000000000002 28.607638500000004 13.400000000000002 17.650000000000002 8.1500000000000004 1.3500000000000003 38.000000000000007 20.950000000000003 25.550000000000004 28.500000000000004 35.750000000000007 53.500000000000007
decision_type=2 2 2 2 2 2 2 2 2 2 2 2 2 2
left_child=1 2 11 5 -5 -3 7 9 -9 -2 -8 -1 -4 -12
right_child=6 3 12 4 -6 -7 10 8 -10 -11 13 -13 -14 -15
leaf_value=0.011598859862798003 -0.042535943883534148 -0.0063824297756648191 0.010751719365411135 -0.058543093888566836 0.026612794757726634 0.0065618497427010888 0.045425894562016386 0.0044470234011747137 -0.043826787693187957 0.016413551527778382 -0.0066472798268099155 -0.058716498841505017 -0.029291203683492424 0.027623807987450202
leaf_weight=2.2541376408189562 7.5561333200894287 405.32426483230665 14.795889059081675 17.283170443028215 6.0434218179434529 384.4830210362561 28.261946589220315 76.992983569391072 29.727017584722489 164.09742642054334 15.972357448656114 27.177585349185392 6.3347123018465927 9.9491696022450906
leaf_count=30 84 4638 144 154 53 4444 319 975 366 2093 215 302 78 94
internal_value=0.000214184 -0.00301669 -0.0322281 -0.00116291 -0.036294 -8.07459e-05 0.00858909 0.00481814 -0.00928175 0.0135873 0.0275243 -0.053127 -0.00203382 0.00704409
internal_weight=1196.25 863.696 50.5623 813.134 23.3266 789.807 332.557 278.374 106.72 171.654 54.1835 29.4317 21.1306 25.9215
internal_count=13989 9843 554 9289 207 9082 4146 3518 1341 2177 628 332 222 309
is_linear=0
shrinkage=0.05


Tree=118
num_leaves=15
num_cat=1
split_feature=6 39 40 6 5 32 0 40 23 4 6 5 37 4
split_gain=13.8635 18.8426 23.6154 15.7215 24.4246 17.4144 15.0363 18.4222 14.897 14.3143 14.1197 13.0956 9.47296 8.21499
threshold=27.000000000000004 18.850000000000005 47.20000000000001 2.5000000000000004 -0.92272482904738273 28.075297500000001 0 51.000000000000007 99.500000000000014 -0.8041866928211282 1.5000000000000002 -0.52765736634565841 63.500000000000007 0.039769539193789956
decision_type=2 2 2 2 2 2 1 2 2 2 2 2 2 2
left_child=3 8 13 4 5 -1 7 -5 12 -8 -6 -4 -2 -3
right_child=1 2 11 6 10 -7 9 -9 -10 -11 -12 -13 -14 -15
leaf_value=-0.069482225936606357 -0.021104694780833943 0.0077353031081991049 0.030926472725993533 0.0041771513933946082 0.0028324376385323951 0.011852135113668489 0.019556844074751393 0.028156475406779499 0.02641698737777803 -0.0044055036843766533 -0.030621776269993906 -0.0088834144768038942 -0.058807681014561054 -0.06171712539069605
leaf_weight=23.518625752069056 38.28031314117834 5.4385076682083335 46.76625884603709 186.35091120563447 209.03135960828513 8.6377377724274975 74.849767985288054 140.02765894494951 9.3462931420654041 348.49030612455681 36.119374659843743 35.768557176459581 31.200997118838131 15.701773018110542
leaf_count=157 410 42 516 2462 2580 55 780 2015 110 3718 393 458 270 141
internal_value=0.00023649 -0.0124233 0.00162054 0.00249604 -0.00765752 -0.0479359 0.00625685 0.0140893 -0.030683 -0.000129619 -0.00220093 0.013774 -0.0386296 -0.0443076
internal_weight=1209.53 182.503 103.675 1027.03 277.307 32.1564 749.719 326.379 78.8276 423.34 245.151 82.5348 69.4813 21.1403
internal_count=14107 1947 1157 12160 3185 212 8975 4477 790 4498 2973 974 680 183
cat_boundaries=0 1
cat_threshold=13
is_linear=0
shrinkage=0.05


Tree=119
num_leaves=15
num_cat=1
split_feature=0 44 39 22 39 5 38 40 4 37 39 38 39 37
split_gain=14.968 12.0015 13.8223 15.2128 10.6287 9.38486 13.9249 18.3461 14.0961 9.16902 6.74769 5.59352 7.81857 4.35625
threshold=0 48.800000000000004 26.050000000000004 88.805555500000011 28.000000000000004 -0.92921788351138401 8.4187500000000011 87.90000000000002 -0.21022463061426777 25.500000000000004 28.500000000000004 12.055357000000003 23.550000000000004 60.500000000000007
decision_type=1 2 2 2 2 2 2 2 2 2 2 2 2 2
left_child=5 2 3 -2 13 6 8 -8 -1 -4 -6 12 -7 -3
right_child=1 4 9 -5 10 11 7 -9 -10 -11 -12 -13 -14 -15
leaf_value=-0.052327108736028999 -0.00103009478566924 -0.080315760423086149 -0.028484994197929527 -0.035238059397434296 0.027704080323047109 0.021588407470537134 -0.043396606407013455 0.046417101398956981 0.043573625049303601 0.037433250674863278 -0.021155764439813124 0.05058361429606191 -0.0095302084767779766 -0.032312051310013835
leaf_weight=3.8898128010332611 870.16541110049002 6.7548670051619437 5.4673772528767577 32.765314738033339 10.189719463698568 112.73551607970148 26.421827226877213 6.2958408817648879 18.210640069097281 33.558522572275251 18.207777918782085 12.237202617339788 23.934450209140778 19.822708234656602
leaf_count=41 8234 62 53 306 94 3163 176 121 289 323 155 338 572 139
internal_value=0.000205849 -0.00235116 -0.00103694 -0.00230903 -0.0248685 0.0121885 -0.00483992 -0.0252497 0.02516 0.0277174 -0.00327764 0.0192607 0.0161091 -0.0469825
internal_weight=1200.66 996.932 941.957 902.931 54.9751 203.725 54.8181 32.7177 22.1005 39.0259 28.3975 148.907 136.67 26.5776
internal_count=14066 9366 8916 8540 450 4700 627 297 330 376 249 4073 3735 201
cat_boundaries=0 1
cat_threshold=9
is_linear=0
shrinkage=0.05


Tree=120
num_leaves=15
num_cat=1
split_feature=0 22 25 20 40 39 37 5 34 32 43 5 33 34
split_gain=13.0763 10.6957 15.1193 15.0054 13.4149 12.9533 10.2468 9.42656 12.915 15.3882 8.17882 7.28872 6.92735 4.38833
threshold=0 88.520833500000023 6.8583335000000014 31.950000000000003 76.450000000000017 21.850000000000005 66.500000000000014 -0.98521978256641018 24.850000000000005 26.542559500000003 31.200000000000006 -0.88620506325989179 32.850000000000001 24.250000000000004
decision_type=1 2 2 2 2 2 2 2 2 2 2 2 2 2
left_child=7 2 3 -2 -4 10 -7 12 9 -9 -3 -10 13 -1
right_child=1 5 4 -5 -6 6 -8 8 11 -11 -12 -13 -14 -15
leaf_value=0.009905594074839548 0.0004348220241757344 -0.047178098005580482 -0.003751757494190502 0.024744051015159113 0.012996224928232852 -0.039294848744294272 0.039640037234853043 -0.0013550925574536527 -0.046664127144869498 -0.049630000476364622 0.0083352093975855215 0.012630079301164561 -0.042878188615199139 0.063222821724832276
leaf_weight=12.153391348663723 117.36699722521007 29.816763697192073 609.46621481515467 137.35891350544989 147.68678199127316 5.028990630060437 12.312536248937247 25.046333535341546 5.1872000619769087 47.748954645358026 8.1099357195198518 31.029580783098936 3.3097330317832521 5.0036591808311632
leaf_count=157 1061 215 5171 1289 1349 42 146 963 132 2746 70 527 79 54
internal_value=1.3451e-05 0.0018828 0.00307744 0.0135889 -0.00047214 -0.0193207 0.0158548 -0.0143354 -0.0212603 -0.0332637 -0.0353984 0.00311193 0.0151428 0.0280806
internal_weight=1196.63 1067.15 1011.88 254.726 757.153 55.2682 17.3415 129.479 109.012 72.7953 37.9267 36.2168 20.4668 17.1571
internal_count=14001 9343 8870 2350 6520 473 188 4658 4368 3709 285 659 290 211
cat_boundaries=0 1
cat_threshold=48
is_linear=0
shrinkage=0.05


Tree=121
num_leaves=15
num_cat=2
split_feature=8 36 39 39 39 5 39 44 39 33 1 0 32 39
split_gain=14.1399 17.9381 20.8398 36.9556 24.6596 16.0444 12.7548 14.0547 12.108 8.70529 20.1673 8.43829 8.29916 5.41268
threshold=33.250000000000007 95.500000000000014 24.650000000000002 25.350000000000005 18.850000000000005 0.64414586362404946 21.950000000000003 39.050000000000004 23.550000000000004 34.45000000000001 0 1 27.891964500000004 19.450000000000003
decision_type=2 2 2 2 2 2 2 2 2 2 1 1 2 2
left_child=1 5 4 -4 -3 -1 9 8 -8 10 -2 -11 -9 -7
right_child=6 2 3 -5 -6 13 7 12 -10 11 -12 -13 -14 -15
leaf_value=-0.0037123206606579483 0.033000853685156629 -0.0074168464881012352 -0.050236524305008329 0.0084572186925753329 0.01143190795497904 -0.0086204169187746715 -0.010176429104994677 0.038463725452111602 -0.07121948436537219 -0.014093951882752141 -0.027053722469943614 0.032795548908539938 0.0028984098991610158 -0.05767348683527599
leaf_weight=38.773084309883416 27.849992483155802 367.68879913329147 55.12118543125689 50.888553309254348 326.8310179640539 7.2639093743637195 40.787230784539133 18.450725183356553 9.293062658980487 9.2302082050591707 26.137872146908194 74.571422521257773 105.99678919324651 31.677898410474882
leaf_count=404 311 4172 463 552 4042 85 540 243 110 190 295 923 1349 358
internal_value=-0.000698011 -0.00394749 -0.00170583 -0.0222456 0.00145679 -0.0267235 0.00842305 -0.000569958 -0.0226763 0.0197359 0.00396258 0.029731 0.00843594 -0.0489684
internal_weight=1190.56 878.244 800.53 106.01 694.52 77.7149 312.317 174.528 50.0803 137.789 53.9879 83.8016 124.448 38.9418
internal_count=14037 10076 9229 1015 8214 847 3961 2242 650 1719 606 1113 1592 443
cat_boundaries=0 1 2
cat_threshold=1 32
is_linear=0
shrinkage=0.05


Tree=122
num_leaves=12
num_cat=3
split_feature=44 39 0 39 5 44 32 0 40 1 25
split_gain=15.6546 21.6575 15.1297 17.1831 30.4172 28.5118 11.5926 11.7911 9.1317 16.5782 12.0448
threshold=46.250000000000007 22.250000000000004 0 20.000000000000004 0.8511460603353429 38.350000000000009 26.419940500000006 1 36.750000000000007 2 13.206944000000002
decision_type=2 2 1 2 2 2 2 1 2 1 2
left_child=2 -2 8 5 -5 -4 -3 -8 10 -10 -1
right_child=1 6 3 4 -6 -7 7 -9 9 -11 -12
leaf_value=-0.047339628322891375 -0.070450246897103719 0.03658815796242168 0.0014381845033100483 0.015685141873096903 -0.023567958095257212 -0.038344661844462502 0.011078315575018892 -0.023278347859924161 0.014360482667144453 -0.032243197400502792 0.032807088227663608
leaf_weight=31.726191722787917 15.33816951792687 11.618343963287769 442.03714337199926 399.44444741494954 55.389625761657953 49.139023151248693 30.929328191094108 72.96027323929593 42.822657371172681 32.853118886705488 4.7459038393571964
leaf_count=2067 132 163 3772 3855 449 384 544 525 1040 1061 67
internal_value=-0.000282023 -0.0165291 0.00174071 0.00383135 0.0108637 -0.00261166 -0.00882573 -0.0142049 -0.014803 -0.00602822 -0.0363134
internal_weight=1189 130.846 1058.16 946.01 454.834 491.176 115.508 103.89 112.148 75.6758 36.4721
internal_count=14059 1364 12695 8460 4304 4156 1232 1069 4235 2101 2134
cat_boundaries=0 1 2 3
cat_threshold=48 41 1
is_linear=0
shrinkage=0.05


Tree=123
num_leaves=13
num_cat=1
split_feature=0 34 26 34 25 39 5 44 21 5 21 44
split_gain=13.1619 10.4593 12.3974 25.7325 15.9512 11.9968 7.70408 7.69494 9.13255 6.55981 2.52497 1.38273
threshold=0 20.250000000000004 15.050000000000002 23.450000000000003 6.1090275000000007 18.050000000000004 0.51849435583340198 33.300000000000004 23.550000000000004 -0.056951011027366542 19.200000000000003 26.100000000000005
decision_type=1 2 2 2 2 2 2 2 2 2 2 2
left_child=6 5 3 -3 -4 11 7 8 -1 -9 -7 -2
right_child=1 2 4 -5 -6 10 -8 9 -10 -11 -12 -13
leaf_value=0.084688119852785723 -0.010225731568529742 0.010985151966013696 0.030324536083532524 -0.025076979829868375 0.0031935636449606469 -0.0011419913549424109 -0.047819906186648511 -0.010994392298019667 0.00019767454727148104 -0.046168980284325527 -0.050409699636444795 0.019978470467191076
leaf_weight=2.9882531962357488 4.8475990220904341 89.535477731376886 57.374068804085255 108.33963696472347 759.16120138112456 2.9961269721388843 15.80581446085125 77.168808087008074 16.170620973454788 15.307553684106095 21.354478534311056 10.745389226824043
leaf_count=78 39 803 599 800 6811 23 1421 1993 432 754 153 89
internal_value=-0.000491194 0.0014022 0.00241324 -0.00878623 0.00513469 -0.0233635 -0.014987 -0.0112857 0.0169232 -0.0172484 -0.0446319 0.0105381
internal_weight=1181.8 1054.35 1014.41 197.875 816.535 39.9436 127.441 111.635 19.1589 92.4764 24.3506 15.593
internal_count=13995 9317 9013 1603 7410 304 4678 3257 510 2747 176 128
cat_boundaries=0 1
cat_threshold=48
is_linear=0
shrinkage=0.05


Tree=124
num_leaves=14
num_cat=2
split_feature=0 26 43 8 4 5 31 1 4 25 37 7 5
split_gain=13.8418 16.5147 20.845 19.8879 18.6668 14.4175 10.2944 9.73734 15.8895 15.1045 8.48753 7.60063 0.307377
threshold=0 15.450000000000001 18.050000000000004 33.350000000000001 -0.78326540922535159 -0.9575230291762723 50.20000000000001 1 0.8697513045430848 11.941667000000001 55.500000000000007 28.022916500000004 -0.94703994556331683
decision_type=1 2 2 2 2 2 2 1 2 2 2 2 2
left_child=1 5 3 -3 -4 11 7 8 -2 -9 -7 -1 -8
right_child=6 2 4 -5 -6 10 12 9 -10 -11 -12 -13 -14
leaf_value=-0.065423612720718657 0.0074343565271544777 -0.0072748159585384747 -0.00058762870881405528 0.019928287127679002 0.040009825368317174 0.018702399081264722 -0.019690437518346163 -0.014440090538276008 -0.020580836172609175 0.01946143508130593 -0.010931253430922059 -0.0099491973509676992 -0.063479745818974462
leaf_weight=14.213494647294285 260.00070452340879 172.15574619919062 41.050655690021813 108.82734656333923 90.059076363220811 35.225120816379786 1.6642105677165089 273.1153329059016 61.797077096998692 36.450890068663284 71.578404320403934 11.09325300529599 6.4450734229758364
leaf_count=81 2813 1852 674 1798 1244 455 18 3089 664 362 859 62 72
internal_value=0.000176849 0.00597264 0.0110085 0.00329451 0.0273905 -0.00925185 -0.00477578 -0.00408222 0.00200731 -0.0103984 -0.00107488 -0.0424089 -0.0576413
internal_weight=1183.68 544.203 412.093 280.983 131.11 132.11 639.473 631.364 321.798 309.566 106.804 25.3067 8.10928
internal_count=14043 7025 5568 3650 1918 1457 7018 6928 3477 3451 1314 143 90
cat_boundaries=0 1 2
cat_threshold=13 1
is_linear=0
shrinkage=0.05


Tree=125
num_leaves=15
num_cat=1
split_feature=6 6 5 38 27 8 1 5 38 44 34 26 2 21
split_gain=12.2433 13.0768 16.4005 18.4612 12.6633 18.3313 11.3323 18.2524 11.0846 9.40964 7.05234 6.18409 3.60854 3.29774
threshold=27.000000000000004 2.5000000000000004 -0.92272482904738273 8.9562500000000025 15.15 30.950000000000003 0 -0.91595872546125101 5.6827385000000001 48.050000000000004 22.750000000000004 17.750000000000004 6.5000000000000009 25.350000000000005
decision_type=2 2 2 2 2 2 1 2 2 2 2 2 2 2
left_child=1 2 3 -1 12 10 9 -8 -4 -3 -6 -7 13 -2
right_child=4 6 8 -5 5 11 7 -9 -10 -11 -12 -13 -14 -15
leaf_value=0.0011359251436818289 -0.072060651890496458 0.013994626548585763 -0.08553431954422025 -0.076007565192611759 0.054229233728091158 0.0032948484102041454 0.023269694749191518 -0.0057556459676079497 -0.001406208235797235 -0.017482412563814016 -0.021959876392614489 0.03780614742912012 -0.011088433149315296 -0.0063368104866666809
leaf_weight=14.045188284944745 11.653279545018451 339.87404894526117 2.9825714915059498 16.238107311772183 2.2027350193820885 37.112005002330989 64.866343132918701 303.8499784800224 235.14171904488467 24.682524826843292 99.931393674574792 19.14433967648074 5.2545711160637429 2.4886478823609641
leaf_count=100 103 4207 33 111 32 397 702 3787 2915 254 1091 255 39 33
internal_value=-2.13673e-05 0.00212794 -0.00729693 -0.0413363 -0.0120751 -0.00725016 0.00558307 -0.000600241 -0.00281323 0.0118215 -0.0198068 0.0154944 -0.049188 -0.0616771
internal_weight=1179.47 1001.68 268.408 30.2833 177.787 158.39 733.273 368.716 238.124 364.557 102.134 56.2563 19.3965 14.1419
internal_count=14059 12109 3159 211 1950 1775 8950 4489 2948 4461 1123 652 175 136
cat_boundaries=0 1
cat_threshold=1
is_linear=0
shrinkage=0.05


Tree=126
num_leaves=15
num_cat=1
split_feature=0 35 37 13 4 8 36 5 39 44 34 39 39 4
split_gain=15.2674 12.2134 14.5082 17.0744 13.254 10.3695 23.3022 17.5825 11.3622 13.8808 9.84691 9.59648 9.19019 8.26447
threshold=0 82.75892850000001 61.500000000000007 7.9895830000000005 -0.24372957273992743 33.250000000000007 95.500000000000014 0.64414586362404946 21.950000000000003 39.050000000000004 20.700000000000006 24.650000000000002 19.750000000000004 0.35846314187849704
decision_type=1 2 2 2 2 2 2 2 2 2 2 2 2 2
left_child=1 10 3 -3 -4 6 7 -2 13 -10 12 -8 -1 -7
right_child=5 2 4 -5 -6 8 11 -9 9 -11 -12 -13 -14 -15
leaf_value=0.040577108408483831 -0.0098269908079629785 0.011671237570666661 0.036898184201794658 -0.044932154801325772 -0.0063360414745534943 -0.014150752447809467 -0.00043394779670159549 -0.064915364141626686 -0.026431930747764783 0.0066746676822144295 0.038956275836888231 -0.019650580300827225 -0.026056974095543542 0.022689213284105076
leaf_weight=7.2183019593358067 31.718004093039781 26.127570396289229 39.366427797824144 25.509700916707516 31.153084829449654 17.112498541828245 563.15254332520999 26.3348395943176 43.935711780330166 106.27547075599432 57.755389722064137 72.447365044383332 12.974797189235685 103.87101897690445
leaf_count=169 276 616 1090 301 386 160 5453 291 438 1049 2010 644 123 982
internal_value=0.000460382 0.012645 0.00333882 -0.0166142 0.0179773 -0.00218542 -0.00544742 -0.0354931 0.00606708 -0.00311954 0.0286038 -0.00265174 -0.00144698 0.0174051
internal_weight=1164.95 200.105 122.157 51.6373 70.5195 964.847 693.653 58.0528 271.195 150.211 77.9485 635.6 20.1931 120.984
internal_count=13988 4695 2393 917 1476 9293 6664 567 2629 1487 2302 6097 292 1142
cat_boundaries=0 1
cat_threshold=9
is_linear=0
shrinkage=0.05


end of trees

feature_importances:
age_group=259
day_of_year_cos=188
temperature_min_7d=162
wind_speed_max_7d=114
day_of_year_sin=103
rain_max_daily_7d=103
wind_speed_mean_7d=80
wind_gust_max_7d=54
humidity_mean_7d=44
gender=43
temperature_max_7d=33
precipitation_sum_7d=33
weather_code_current=29
temperature_mean_7d=28
wind_speed_max_3d=25
humidity_min_7d=25
temperature_max_current=24
month=23
wind_speed_mean_3d=21
humidity_mean_3d=18
humidity_max_7d=17
wind_gust_max_3d=16
rain_max_daily_3d=10
temperature_mean_3d=9
temperature_max_3d=8
temperature_min_3d=8
humidity_max_3d=8
precipitation_sum_3d=8
wind_speed_mean_current=7
season=6
humidity_mean_current=6
humidity_min_3d=4
temperature_mean_current=3
humidity_min_current=3
rain_sum_7d=2
temperature_min_current=1
precipitation_sum_current=1
rain_sum_3d=1

parameters:
[boosting: gbdt]
[objective: binary]
[metric: binary_logloss]
[tree_learner: serial]
[device_type: cpu]
[data_sample_strategy: bagging]
[data: ]
[valid: ]
[num_iterations: 127]
[learning_rate: 0.05]
[num_leaves: 15]
[num_threads: 8]
[seed: 42]
[deterministic: 0]
[force_col_wise: 0]
[force_row_wise: 0]
[histogram_pool_size: -1]
[max_depth: 4]
[min_data_in_leaf: 20]
[min_sum_hessian_in_leaf: 0.001]
[bagging_fraction: 0.9]
[pos_bagging_fraction: 1]
[neg_bagging_fraction: 1]
[bagging_freq: 1]
[bagging_seed: 400]
[bagging_by_query: 0]
[feature_fraction: 0.9]
[feature_fraction_bynode: 1]
[feature_fraction_seed: 30056]
[extra_trees: 0]
[extra_seed: 12879]
[early_stopping_round: 0]
[early_stopping_min_delta: 0]
[first_metric_only: 0]
[max_delta_step: 0]
[lambda_l1: 0]
[lambda_l2: 1]
[linear_lambda: 0]
[min_gain_to_split: 0]
[drop_rate: 0.1]
[max_drop: 50]
[skip_drop: 0.5]
[xgboost_dart_mode: 0]
[uniform_drop: 0]
[drop_seed: 17869]
[top_rate: 0.2]
[other_rate: 0.1]
[min_data_per_group: 100]
[max_cat_threshold: 32]
[cat_l2: 10]
[cat_smooth: 10]
[max_cat_to_onehot: 4]
[top_k: 20]
[monotone_constraints: ]
[monotone_constraints_method: basic]
[monotone_penalty: 0]
[feature_contri: ]
[forcedsplits_filename: ]
[refit_decay_rate: 0.9]
[cegb_tradeoff: 1]
[cegb_penalty_split: 0]
[cegb_penalty_feature_lazy: ]
[cegb_penalty_feature_coupled: ]
[path_smooth: 0]
[interaction_constraints: ]
[verbosity: -1]
[saved_feature_importance_type: 0]
[use_quantized_grad: 0]
[num_grad_quant_bins: 4]
[quant_train_renew_leaf: 0]
[stochastic_rounding: 1]
[linear_tree: 0]
[max_bin: 255]
[max_bin_by_feature: ]
[min_data_in_bin: 3]
[bin_construct_sample_cnt: 200000]
[data_random_seed: 175]
[is_enable_sparse: 1]
[enable_bundle: 1]
[use_missing: 1]
[zero_as_missing: 0]
[feature_pre_filter: 1]
[pre_partition: 0]
[two_round: 0]
[header: 0]
[label_column: ]
[weight_column: ]
[group_column: ]
[ignore_column: ]
[categorical_feature: 0,1,3]
[forcedbins_filename: ]
[precise_float_parser: 0]
[parser_config_file: ]
[objective_seed: 16083]
[num_class: 1]
[is_unbalance: 0]
[scale_pos_weight: 1]
[sigmoid: 1]
[boost_from_average: 1]
[reg_sqrt: 0]
[alpha: 0.9]
[fair_c: 1]
[poisson_max_delta_step: 0.7]
[tweedie_variance_power: 1.5]
[lambdarank_truncation_level: 30]
[lambdarank_norm: 1]
[label_gain: ]
[lambdarank_position_bias_regularization: 0]
[eval_at: ]
[multi_error_top_k: 1]
[auc_mu_weights: ]
[num_machines: 1]
[local_listen_port: 12400]
[time_out: 120]
[machine_list_filename: ]
[machines: ]
[gpu_platform_id: -1]
[gpu_device_id: -1]
[gpu_device_id_list: ]
[gpu_use_dp: 0]
[num_gpu: 1]

end of parameters

pandas_categorical:[]
