tree
version=v4
num_class=1
num_tree_per_iteration=1
label_index=0
max_feature_idx=44
objective=binary sigmoid:1
feature_names=age_group gender month season day_of_year_sin day_of_year_cos weather_code_current temperature_mean_current temperature_max_current temperature_min_current humidity_mean_current humidity_max_current humidity_min_current wind_speed_mean_current wind_speed_max_current precipitation_sum_current rain_sum_current wind_gust_max_current rain_day_current temperature_mean_3d temperature_max_3d temperature_min_3d humidity_mean_3d humidity_max_3d humidity_min_3d wind_speed_mean_3d wind_speed_max_3d precipitation_sum_3d rain_sum_3d rain_days_3d rain_max_daily_3d wind_gust_max_3d temperature_mean_7d temperature_max_7d temperature_min_7d humidity_mean_7d humidity_max_7d humidity_min_7d wind_speed_mean_7d wind_speed_max_7d precipitation_sum_7d rain_sum_7d rain_days_7d rain_max_daily_7d wind_gust_max_7d
feature_infos=-1:0:1:2:3:4:5 -1:0:1 [1:12] -1:1:0 [-0.99999942202469239:0.99998555065071859] [-0.99997919295908244:0.9999907524084426] [0:61] [23.658332999999999:32.533332999999999] [25.899999999999999:39.200000000000003] [17.899999999999999:29.300000000000001] [48.958333000000003:91.625] [63:100] [23:86] [2.8541669999999999:19.695833] [6.4000000000000004:30.100000000000001] [0:63.100000000000001] [0:63.100000000000001] [14:56.899999999999999] [0:1] [23.766667000000002:32.427778000000004] [27.699999999999999:39.200000000000003] [17.899999999999999:28.100000000000001] [52.569443999999997:90.694444000000004] [73:100] [23:79] [4.125:17.329167000000002] [9.6999999999999993:30.100000000000001] [0:93.900000000000006] [0:93.900000000000006] [0:3] [0:63.100000000000001] [17.300000000000001:56.899999999999999] [24.365476000000001:32.235118999999997] [28.699999999999999:39.200000000000003] [17.899999999999999:27.5] [55.767856999999999:89.523809999999997] [77:100] [23:72] [4.5327380000000002:15.469643] [11.6:30.100000000000001] [0:163.90000000000001] [0:163.90000000000001] [0:7] [0:63.100000000000001] [23:56.899999999999999]
tree_sizes=1466 1485 1422 1294 1097 1326 1114 1181 1098 1100 1397 1218 1425 1409 1402 1405 1752 1316 1197 1125 1507 1206 1310 1508 802 1401 803 804 1212 807 697 1430 806 1016 795 905 1613 805 1539 1126 802 1012 1310 773 915 912 1015 1129 909 1013 1228 1116 910 1118 1016 1103 1224 1122 1421 1017 1432 1014 1122 1101 792 776 1117 1001 908 1223 1439 910 1001 1020 1120 1106 1114 1009 1539 1326 998 1329 1642 808 1094 1343 1090 803 1714 1549 1128 801 1305 1014 1753 1312 1339 1317 1006 1233 1019 1428 1123 1738 1522 1606 1124 1114 1422 1549 1005 1435 1748 1220 1743 1104 1127 1111 1002 1212 1652 1742 1319 1708 1549 1733 1003 1126 1216 1422 1529 1106 1003 1558 1432 1548 1531 792 1552 1725 1611 1219 1744 1332 1631 1432 1384 1447 1324 1116 1335 1744 1229 1425 1122 1645 1518 1010 1324 1420 1327 1310 1524 1634 1024 911 1753 1747 1224 1308 1432 1329 1741 1420 1764 1644 1521 1022 1125 1639 1434 1239 1024 1644 1108 1626 1537 1636 1123 1651 1008 1315 1628 1646 1209 1306 1531 1554 1660 804

Tree=0
num_leaves=13
num_cat=3
split_feature=0 1 34 19 2 42 4 32 0 4 13 13
split_gain=706.321 193.82 207.743 265.13 80.2271 135.652 110.093 5.75151 16.3897 34.5036 0.404382 0.165199
threshold=0 1 24.750000000000004 28.231250000000003 10.500000000000002 6.5000000000000009 0.65233619298682533 27.039880500000002 2 -0.40614700388750385 4.4000000000000012 4.3062500000000012
decision_type=1 1 2 2 2 2 2 2 1 2 2 2
left_child=1 4 3 -3 6 -6 -1 10 9 -9 11 -2
right_child=7 2 -4 -5 5 -7 -8 8 -10 -11 -12 -13
leaf_value=-3.9530701946043143 -3.9289278528977665 -3.6614788415720909 -3.9459538300778503 -3.1774627135111597 -3.9377616239970301 -3.3632890445148615 -3.7191737362214146 -3.821095399615468 -3.9506846180447659 -3.928569847438323 -3.9561966869235339 -3.9043945119644254
leaf_weight=12.763874530792242 0.83158576488494762 15.935503959655767 3.7131271362304679 3.1716294288635245 1.6825107336044303 1.2763874530792236 7.0007917881011954 7.8517167568206778 81.108620882034302 46.897569298744202 87.045756459236145 0.92828178405761719
leaf_count=660 43 824 192 164 87 66 362 406 4194 2425 4501 48
internal_value=-3.9057 -3.74701 -3.61249 -3.54891 -3.82185 -3.61552 -3.86523 -3.94379 -3.9385 -3.91098 -3.95565 -3.92018
internal_weight=270.207 45.5438 22.8203 19.1071 22.7236 2.9589 19.7647 224.664 135.858 54.7493 88.8056 1.75987
internal_count=13972 2355 1180 988 1175 153 1022 11617 7025 2831 4592 91
cat_boundaries=0 1 2 3
cat_threshold=8 1 5
is_linear=0
shrinkage=1


Tree=1
num_leaves=13
num_cat=4
split_feature=0 39 44 1 4 1 39 0 33 5 38 9
split_gain=568.839 128.949 165.916 92.4873 83.7368 33.2788 38.9277 6.75581 13.2623 42.2053 18.4539 1.52599
threshold=0 22.550000000000004 35.45000000000001 1 0.81925054981890411 2 24.800000000000001 3 34.750000000000007 0.76556758748011056 11.183035500000001 21.650000000000002
decision_type=1 2 2 1 2 1 2 1 2 2 2 2
left_child=1 2 4 -4 -1 11 -7 8 10 -10 -2 -3
right_child=7 5 3 -5 -6 6 -8 -9 9 -11 -12 -13
leaf_value=0.034917442462680762 -0.039695454626668299 0.02118388552602149 0.15845739151874719 0.40878122235858588 0.28840549895737905 -0.0075714269379549559 0.18678563346310176 -0.046948817426742784 -0.013139988463104102 0.19152819767238088 0.050246479816333983 -0.044777210526596896
leaf_weight=15.271240547299387 61.113348072394729 0.39860090985894192 8.5465676225721836 10.08538094907999 3.2718638032674781 4.7356941886246222 4.4608696401119232 128.73901833593845 18.844400413334373 1.8905195258557785 5.4285317864269009 7.1020241677761078
leaf_count=693 3243 19 402 396 134 190 165 6963 996 100 277 347
internal_value=0.000286088 0.130839 0.205485 0.307877 0.0921133 0.0363575 0.0957759 -0.0370473 -0.0188218 0.0134742 -0.0317226 -0.0391922
internal_weight=269.888 53.8722 37.1751 18.6319 18.5431 16.6972 9.19656 216.016 87.2768 20.7349 66.5419 7.50063
internal_count=13925 2346 1625 798 827 721 355 11579 4616 1096 3520 366
cat_boundaries=0 1 2 3 4
cat_threshold=8 1 1 5
is_linear=0
shrinkage=0.05


Tree=2
num_leaves=12
num_cat=2
split_feature=0 5 5 38 38 19 0 2 38 5 5
split_gain=470.475 98.8138 115.48 68.3937 54.0057 5.74916 14.9209 18.3061 1.4526 2.54113 0.284014
threshold=0 0.90070004940655357 -0.38243420677835344 11.879464000000002 8.0940475000000021 27.374305500000002 1 6.5000000000000009 12.827976500000002 -0.86974577485258975 -0.82413948779581736
decision_type=1 2 2 2 2 2 1 2 2 2 2
left_child=1 2 4 -4 -1 8 7 -7 10 -10 -2
right_child=5 -3 3 -5 -6 6 -8 -9 9 -11 -12
leaf_value=0.13603728952309802 -0.037255116968014992 -0.044965012574160579 0.23092127194155843 -0.0054392740922776404 -0.013709595757955481 -0.016537776387379771 -0.042950510614707262 0.066678726210578784 -0.032714741899121179 0.04757889335387247 -0.050338797840839639
leaf_weight=10.478473003953697 21.003520367667079 7.0703462604433289 29.253771560266614 3.3545373156666747 12.316423462703822 35.328461742028594 59.299014333635569 7.0787231530994168 1.7914736699312928 0.53178178146481414 85.975765643641353
leaf_count=425 1171 299 996 116 513 1892 3350 356 96 28 4829
internal_value=-0.00116337 0.108592 0.14789 0.207168 0.057951 -0.0373766 -0.030003 -0.00116301 -0.0472921 -0.00554934 -0.0481389
internal_weight=273.482 62.4736 55.4032 32.6083 22.7949 211.009 101.706 42.4072 109.303 2.32326 106.979
internal_count=14071 2349 2050 1112 938 11722 5598 2248 6124 124 6000
cat_boundaries=0 1 2
cat_threshold=8 5
is_linear=0
shrinkage=0.05


Tree=3
num_leaves=11
num_cat=3
split_feature=0 1 34 2 39 4 32 0 4 11
split_gain=413.32 64.3538 78.0168 63.2434 61.3443 73.2914 5.13361 12.8149 21.8529 1.31155
threshold=0 1 24.750000000000004 1.5000000000000002 21.350000000000005 0.63920241694561786 27.039880500000002 2 -0.37447345805034538 74.500000000000014
decision_type=1 1 2 2 2 2 2 1 2 2
left_child=1 4 3 -3 5 -1 -2 8 -8 -6
right_child=6 2 -4 -5 9 -7 7 -9 -10 -11
leaf_value=0.034700795875335484 -0.049594904140084398 -0.038677640349437985 -0.041939073128213336 0.18940897161776193 0.016701542827197172 0.24984072690437348 0.059236959650963095 -0.044157229931406743 -0.022480983391064312 -0.042880911567156316
leaf_weight=12.947689291089779 77.678804380819201 2.9903861302882424 4.4772572368383399 34.179259922355413 0.48874915204942126 4.9741132482886306 8.9793556090444309 72.259304989129305 44.692204719409347 11.045612733811138
leaf_count=522 4588 105 188 899 19 156 429 4255 2442 477
internal_value=-0.000908551 0.0945656 0.147237 0.170526 0.0487557 0.10446 -0.0373451 -0.0324 -0.00674267 -0.0392252
internal_weight=274.713 71.1031 41.6469 37.1696 29.4562 17.9218 203.61 125.931 53.6716 11.5344
internal_count=14080 2366 1192 1004 1174 678 11714 7126 2871 496
cat_boundaries=0 1 2 3
cat_threshold=8 1 5
is_linear=0
shrinkage=0.05


Tree=4
num_leaves=9
num_cat=2
split_feature=0 5 5 4 34 0 32 4
split_gain=352.913 64.4499 100.477 59.1115 58.1906 9.03002 17.5671 27.4648
threshold=0 0.90070004940655357 0.60383265664488517 0.46800856592688467 21.050000000000004 1 27.011607000000001 -0.37447345805034538
decision_type=1 2 2 2 2 1 2 2
left_child=1 2 3 -1 -4 6 -2 -8
right_child=5 -3 4 -5 -6 -7 7 -9
leaf_value=0.026958387877525844 -0.049128795568274819 -0.044936910848559018 -0.0054663394214872225 0.12892335444234787 0.26708621393902676 -0.046340749640678185 0.068468006898904477 -0.01872647270222717
leaf_weight=30.099790412932634 28.673156540840864 7.0166690479964009 2.2693674787878981 27.128252210095525 11.675567189231513 113.39049397781491 10.295535726472734 44.0533082857728
leaf_count=987 1762 297 68 729 278 7009 474 2462
internal_value=0.000651956 0.0837781 0.108522 0.0766776 0.225334 -0.0351592 -0.0162527 -0.00127025
internal_weight=274.602 78.1896 71.173 57.228 13.9449 196.412 83.022 54.3488
internal_count=14066 2359 2062 1716 346 11707 4698 2936
cat_boundaries=0 1 2
cat_threshold=8 5
is_linear=0
shrinkage=0.05


Tree=5
num_leaves=11
num_cat=1
split_feature=0 5 5 34 44 43 25 32 4 4
split_gain=304.385 52.6198 63.274 54.3747 45.0193 6.04238 15.0717 3.47705 11.4132 1.27217
threshold=0 0.8852232634113919 0.67007489853957602 22.750000000000004 38.350000000000009 38.900000000000006 9.0250000000000021 26.971428500000005 -0.39036798905311365 -0.40614700388750385
decision_type=1 2 2 2 2 2 2 2 2 2
left_child=1 2 4 -4 -1 7 -7 -2 -9 -3
right_child=5 9 3 -5 -6 6 -8 8 -10 -11
leaf_value=0.11143674063384623 -0.049248023330848913 0.014804156943843733 0.068843802236553259 0.28718712091730997 0.027035181630795574 -0.038505662665859891 0.13168271875064388 -0.0011407924678164903 -0.040891723328086535 -0.04502504709994376
leaf_weight=32.860592013224959 64.148361227475107 0.52353150397539128 6.0095205903053266 6.3441292140632868 31.196159910410643 3.1232493584975591 0.92209461331367482 22.083734469488263 99.494930532760918 7.1311409305781117
leaf_count=840 4165 14 141 107 936 194 56 1202 6080 306
internal_value=-0.00130237 0.0724966 0.0934686 0.194082 0.0713799 -0.0361097 0.0186981 -0.0393311 -0.0337395 -0.0396954
internal_weight=273.837 84.0651 76.4104 12.3536 64.0568 189.772 4.04534 185.727 121.579 7.65467
internal_count=14041 2344 2024 248 1776 11697 250 11447 7282 320
cat_boundaries=0 1
cat_threshold=8
is_linear=0
shrinkage=0.05


Tree=6
num_leaves=9
num_cat=1
split_feature=5 34 1 43 32 39 37 5
split_gain=31.5696 37.5956 51.4274 47.1927 37.5812 7.50514 22.8311 6.34766
threshold=0.89691351184655443 24.250000000000004 0 38.900000000000006 26.442262000000003 21.750000000000004 33.500000000000007 0.67007489853957602
decision_type=2 2 1 2 2 2 2 2
left_child=1 2 3 -1 -4 6 -3 -7
right_child=-2 5 4 -5 -6 7 -8 -9
leaf_value=-0.019445810585279871 -0.049225131769218854 0.10984214351502773 -0.023847221627760366 0.19610914712630184 0.057113125843669336 -0.043381854223791275 -0.02083552817902215 0.055355453516896129
leaf_weight=76.10381927434355 29.559968938119709 2.7253708904609075 16.99765148293227 1.6292262636125077 76.448077443055809 38.035669893026352 31.842298574745655 0.87225333508103986
leaf_count=4102 1816 133 828 69 3386 2093 1623 33
internal_value=-0.00130381 0.00466303 0.017484 -0.0124945 0.04229 -0.0250402 -0.0077341 -0.0398367
internal_weight=274.214 244.654 171.179 77.733 93.4457 73.4756 34.5677 38.9079
internal_count=14083 12267 8385 4171 4214 3882 1756 2126
cat_boundaries=0 1
cat_threshold=1
is_linear=0
shrinkage=0.05


Tree=7
num_leaves=10
num_cat=3
split_feature=0 5 34 1 4 0 6 35 24
split_gain=294.363 43.5457 48.2972 46.081 16.3036 6.49466 13.5186 17.8144 6.51894
threshold=0 0.90070004940655357 24.250000000000004 1 0.57077594689671507 2 1.5000000000000002 68.744048000000006 33.500000000000007
decision_type=1 2 2 1 2 1 2 2 2
left_child=1 2 3 -1 -4 6 7 -2 -8
right_child=5 -3 4 -5 -6 -7 8 -9 -10
leaf_value=0.04993839180225048 -0.032793606312358808 -0.044159577001404514 -0.034531574495575444 0.14015280280975886 0.052091689176500824 -0.045920136629199304 0.020508365220661882 0.068558586744450131 -0.034382150067219862
leaf_weight=23.97810828126967 7.3442708365619174 6.2973722759634247 7.8730008415877846 40.270014131441712 13.345491552725433 104.22886272333562 5.3154711881652466 8.2124978909268957 56.64608299639076
leaf_count=705 438 303 303 701 348 7030 316 468 3434
internal_value=0.00132695 0.069578 0.086419 0.107765 0.019843 -0.0352059 -0.0168837 0.02162 -0.0294223
internal_weight=273.511 91.764 85.4666 64.2481 21.2185 181.747 77.5183 15.5568 61.9616
internal_count=14046 2360 2057 1406 651 11686 4656 906 3750
cat_boundaries=0 1 2 3
cat_threshold=8 1 5
is_linear=0
shrinkage=0.05


Tree=8
num_leaves=9
num_cat=2
split_feature=0 5 39 44 44 0 32 4
split_gain=225.706 31.9213 36.9911 43.115 25.6101 11.3771 16.9504 25.4125
threshold=0 0.90070004940655357 22.550000000000004 35.45000000000001 49.150000000000006 1 26.971428500000005 -0.37447345805034538
decision_type=1 2 2 2 2 1 2 2
left_child=1 2 3 -1 -4 6 -2 -8
right_child=5 -3 4 -5 -6 -7 7 -9
leaf_value=0.039501382756161163 -0.048725039915077845 -0.043669877472051324 -0.0032007193165498717 0.12230660898329913 0.15490229709871728 -0.045678188610822699 0.065289564452603241 -0.016963037580910337
leaf_weight=27.726191671565175 24.179631577804685 5.8590581109747282 21.31785139255226 39.869482712820172 1.9054197631776322 99.425134588964283 11.030496768653391 41.795698671601713
leaf_count=625 1687 294 620 750 59 7013 500 2523
internal_value=3.8054e-06 0.0576944 0.0709217 0.0894128 0.0156305 -0.0331396 -0.0132646 0.0011058
internal_weight=273.109 96.678 90.8189 67.5957 23.2233 176.431 77.0058 52.8262
internal_count=14071 2348 2054 1375 679 11723 4710 3023
cat_boundaries=0 1 2
cat_threshold=8 5
is_linear=0
shrinkage=0.05


Tree=9
num_leaves=9
num_cat=2
split_feature=0 5 5 36 20 0 39 32
split_gain=204.032 26.5836 32.6953 24.1027 17.7744 5.76205 11.4324 11.4001
threshold=0 0.90070004940655357 -0.3744658827978154 94.500000000000014 31.650000000000002 1 18.550000000000004 26.971428500000005
decision_type=1 2 2 2 2 1 2 2
left_child=1 2 4 -4 -1 6 -2 -8
right_child=5 -3 3 -5 -6 -7 7 -9
leaf_value=-0.030387032347878307 -0.0486054300140525 -0.043424063422613214 0.035062942929649163 0.10412177865932709 0.045320281784514978 -0.045452242064911649 -0.043876765291697283 0.0074002589250016368
leaf_weight=10.499426333233712 21.817627094686031 5.675859371200203 19.69147983007133 42.940909702330828 23.571016661822796 95.294203476980329 13.742173818871377 40.151210942305624
leaf_count=303 1407 297 358 735 641 7029 1001 2292
internal_value=-0.00185044 0.050935 0.0620744 0.0833021 0.0217885 -0.0345192 -0.016738 -0.00623589
internal_weight=273.384 102.379 96.7028 62.6324 34.0704 171.005 75.711 53.8934
internal_count=14063 2334 2037 1093 944 11729 4700 3293
cat_boundaries=0 1 2
cat_threshold=8 5
is_linear=0
shrinkage=0.05


Tree=10
num_leaves=12
num_cat=3
split_feature=0 5 5 4 34 0 33 4 36 42 1
split_gain=169.029 24.5882 42.0665 28.8236 18.4013 9.2332 13.7498 67.9447 9.04078 8.22517 5.22794
threshold=0 0.8511460603353429 0.57605713708605399 0.46800856592688467 21.050000000000004 1 32.550000000000004 -0.35846811432664222 96.500000000000014 6.5000000000000009 2
decision_type=1 2 2 2 2 1 2 2 2 2 1
left_child=1 2 3 -1 -4 6 8 -8 -2 -3 -11
right_child=5 9 4 -5 -6 -7 7 -9 -10 10 -12
leaf_value=0.0064596826713170649 0.033698191899033496 -0.046097214100670775 -0.0091115473961017861 0.068439550449984746 0.13124692682798902 -0.045214684987764091 0.20054524587000008 -0.016384510270698548 -0.047553295713106014 -0.025103957885487267 0.10013478396392508
leaf_weight=37.87653324380517 3.1341087725013486 8.0195274427533114 2.4928945489227798 36.615834396332502 19.594085264950991 91.200206360779703 2.9759821491315952 38.20304283965379 30.091594602912664 0.88506062980741329 0.97154181823134422
leaf_count=953 138 333 55 694 243 7028 127 2377 2052 22 22
internal_value=-0.00210267 0.0445356 0.0563298 0.0374282 0.115697 -0.0328706 -0.0138652 0.0036758 -0.0391284 -0.0244276 0.052544
internal_weight=272.06 106.455 96.5793 74.4924 22.087 165.605 74.4047 41.179 33.2257 9.87613 1.8566
internal_count=14044 2322 1945 1647 298 11722 4694 2504 2190 377 44
cat_boundaries=0 1 2 3
cat_threshold=8 5 1
is_linear=0
shrinkage=0.05


Tree=11
num_leaves=10
num_cat=2
split_feature=0 40 5 39 0 19 4 5 15
split_gain=151.002 21.8127 21.8274 22.4957 12.2379 15.1307 17.7229 7.15775 0.865606
threshold=0 111.55000000000001 0.90070004940655357 22.550000000000004 1 27.374305500000002 -0.35846811432664222 -0.82413948779581736 27.050000000000004
decision_type=1 2 2 2 1 2 2 2 2
left_child=1 2 3 -1 5 7 -7 -2 -3
right_child=4 8 -4 -5 -6 6 -8 -9 -10
leaf_value=0.069013863301431486 0.0042268016280080419 -0.045030425456104244 -0.042806209998738742 0.012947668718211271 -0.044971808039928556 0.07910555354236315 -0.0070906060338631659 -0.048863838259452175 0.0050516371602248138
leaf_weight=75.876335199922323 8.092854396440087 5.7449422534555188 5.2355321813374749 24.011810386553407 87.29931565746665 6.2857268406078211 32.160051679238677 26.113055563531816 0.77272753044962872
leaf_count=1270 522 137 298 620 7033 232 1993 1912 17
internal_value=-0.00109398 0.0413212 0.0505303 0.0557982 -0.0313885 -0.0112992 0.00865027 -0.0365397 -0.0392106
internal_weight=271.592 111.641 105.124 99.8881 159.951 72.6517 38.4458 34.2059 6.51767
internal_count=14034 2342 2188 1890 11692 4659 2225 2434 154
cat_boundaries=0 1 2
cat_threshold=8 5
is_linear=0
shrinkage=0.05


Tree=12
num_leaves=12
num_cat=2
split_feature=0 44 26 30 39 4 44 0 39 4 21
split_gain=151.92 21.1931 28.0587 26.1812 14.2887 17.0379 9.8134 5.39037 10.3122 11.8183 0.941451
threshold=0 33.650000000000006 21.950000000000003 18.750000000000004 17.550000000000004 -0.58482361983252518 37.250000000000007 1 18.550000000000004 -0.35846811432664222 24.950000000000003
decision_type=1 2 2 2 2 2 2 1 2 2 2
left_child=1 4 3 -3 5 -1 -4 8 -2 -10 -6
right_child=7 2 6 -5 10 -7 -8 -9 9 -11 -12
leaf_value=0.10298003706716174 -0.048272725923262094 0.083771862836284461 0.076515150660367987 0.0066777988694271817 -0.047577664852531454 -0.0065997381525841683 -0.011539901366123019 -0.044686840603629832 0.027229544566226744 -0.022325931915431335 0.0038437832219034894
leaf_weight=4.4513652529567471 19.391436846926808 56.294459542259574 2.7861588289961245 13.859089791774748 8.8901006495580042 9.8419914273545164 18.300609624944627 82.980493377894163 16.889477022923529 35.887031435966492 0.82114011794328767
leaf_count=81 1384 959 40 255 223 271 470 6982 983 2320 21
internal_value=-0.00194668 0.0395433 0.0538361 0.0688495 0.00105099 0.0320288 0.00303219 -0.0332261 -0.0158807 -0.0062558 -0.0432768
internal_weight=270.393 115.245 91.2403 70.1535 24.0046 14.2934 21.0868 155.148 72.1679 52.7765 9.71124
internal_count=13989 2320 1724 1214 596 352 510 11669 4687 3303 244
cat_boundaries=0 1 2
cat_threshold=8 5
is_linear=0
shrinkage=0.05


Tree=13
num_leaves=12
num_cat=2
split_feature=0 26 44 43 5 26 22 0 39 43 7
split_gain=143.327 19.5018 22.6591 18.9255 15.3816 12.0866 13.7526 7.1836 11.0848 15.5472 3.9073
threshold=0 22.550000000000004 35.45000000000001 17.350000000000005 -0.39827153806311177 25.950000000000003 66.861111000000008 1 18.550000000000004 38.900000000000006 26.589583500000003
decision_type=1 2 2 2 2 2 2 1 2 2 2
left_child=1 2 4 -4 -1 10 -7 8 -2 -10 -3
right_child=7 5 3 -5 -6 6 -8 -9 9 -11 -12
leaf_value=-0.028863473892952286 -0.048141799509810533 0.023621076878046196 0.085542534960467487 0.029594384412194502 0.037696167614959662 -0.035371820063469707 0.12033940105185743 -0.044461290575149026 -0.0089672661032182809 0.13843433403616731 -0.048015463340716137
leaf_weight=11.747804805636404 18.65710907895118 1.6729874508455385 43.11347193364054 25.282665403559804 26.853415806777775 1.9156551081687201 2.1842001248151064 79.880800522863865 51.485978309065104 0.8528117360547175 9.8510110452771169
leaf_count=275 1400 56 644 460 574 36 55 7022 3248 45 271
internal_value=-0.000530333 0.0378353 0.0484588 0.0655857 0.0172222 -0.010697 0.0549139 -0.0321304 -0.014153 -0.00401514 -0.03656
internal_weight=273.498 122.621 106.997 68.3961 38.6012 15.6239 4.09986 150.877 70.9959 52.3388 11.524
internal_count=14086 2371 1953 1104 849 418 91 11715 4693 3293 327
cat_boundaries=0 1 2
cat_threshold=8 5
is_linear=0
shrinkage=0.05


Tree=14
num_leaves=12
num_cat=3
split_feature=0 1 39 32 9 34 0 7 39 5 21
split_gain=115.856 19.8565 29.5986 27.1868 32.7242 24.951 8.07705 12.667 12.047 1.77502 1.18452
threshold=0 1 21.350000000000005 29.217262000000002 24.150000000000002 24.950000000000003 2 27.147916500000004 18.550000000000004 -0.83375966452616657 21.350000000000005
decision_type=1 1 2 2 2 2 1 2 2 2 2
left_child=1 2 5 4 -3 -1 7 9 -9 -2 -4
right_child=6 3 10 -5 -6 -7 -8 8 -10 -11 -12
leaf_value=0.018003766665808517 -0.013991296332042264 0.022638050075163719 0.010034326388188439 -0.046315866186079677 0.091791385594781227 0.14155126969284892 -0.044190713497444099 -0.045836320656035892 0.015620587425572111 -0.048329431987578705 -0.046329695077305555
leaf_weight=27.604694557376209 5.8090362604707506 33.480999963358045 0.64680447056889789 5.9511328656226388 35.92512041144073 3.88748575747013 76.340135138481855 9.3016638206318003 34.306892651133239 20.596783326007426 15.785228710621594
leaf_count=605 390 509 24 115 532 70 7011 663 2010 1650 473
internal_value=-0.00231156 0.0319756 0.00910985 0.0503952 0.0592277 0.0371419 -0.0312627 -0.0130804 0.00177822 -0.0415615 -0.0436627
internal_weight=269.636 123.281 47.9242 75.3573 69.4061 31.4922 146.355 70.0144 43.6086 26.4058 16.432
internal_count=14052 2328 1172 1156 1041 675 11724 4713 2673 2040 497
cat_boundaries=0 1 2 3
cat_threshold=8 1 5
is_linear=0
shrinkage=0.05


Tree=15
num_leaves=12
num_cat=3
split_feature=0 1 39 33 34 21 7 0 4 5 9
split_gain=103.104 15.6942 28.4135 26.6785 26.6672 29.5643 6.84658 14.0018 16.3169 6.73604 1.29441
threshold=0 1 21.350000000000005 33.650000000000013 24.350000000000005 23.550000000000004 27.147916500000004 2 -0.35846811432664222 -0.39827153806311177 21.650000000000002
decision_type=1 1 2 2 2 2 2 1 2 2 2
left_child=1 2 3 -1 5 -3 -2 8 -8 -6 -4
right_child=6 4 10 -5 9 -7 7 -9 -10 -11 -12
leaf_value=0.00014166963193694407 -0.047113304571787626 0.016306319355883336 0.010450775750923642 0.092633208676098255 -0.038556027758745122 0.08530352162771182 0.054231981517528505 -0.040085351114737197 -0.01595049677729328 0.02775246367546649 -0.048935689447141398
leaf_weight=21.376531874760985 56.60949467215687 26.710115541703999 0.6362405139952888 11.275231298059223 9.8197506796568614 38.060558777302504 9.9026391543447954 42.176350192166865 33.454084116965532 5.0559742897748938 14.994604569859801
leaf_count=486 5081 411 24 195 240 449 447 4003 2199 81 478
internal_value=-0.00330039 0.0281396 0.00760222 0.0338842 0.0438303 0.057531 -0.0313698 -0.0241512 0.000767375 -0.0156905 -0.0460354
internal_weight=270.072 127.929 48.2826 32.6518 79.6464 64.7707 142.143 85.5331 43.3567 14.8757 15.6308
internal_count=14094 2364 1183 681 1181 860 11730 6649 2646 321 502
cat_boundaries=0 1 2 3
cat_threshold=8 1 5
is_linear=0
shrinkage=0.05


Tree=16
num_leaves=15
num_cat=1
split_feature=0 5 5 4 34 6 5 14 42 40 10 29 5 5
split_gain=108.108 17.5649 27.6686 18.8666 11.7476 6.78559 10.4683 12.8054 5.5866 3.43559 3.05981 10.4214 2.87198 2.4448
threshold=0 0.8511460603353429 0.60383265664488517 0.46800856592688467 21.050000000000004 1.5000000000000002 -0.08269194106225343 16.750000000000004 6.5000000000000009 20.100000000000005 58.645833500000002 2.5000000000000004 -0.75581183015052977 0.78724360164103002
decision_type=1 2 2 2 2 2 2 2 2 2 2 2 2 2
left_child=1 2 3 -1 -4 6 7 -2 -3 -10 11 -7 -12 -8
right_child=5 8 4 -5 -6 10 13 -9 9 -11 12 -13 -14 -15
leaf_value=0.00028871939698551006 -0.027163429732318601 -0.046529025853331261 -0.012851703078414906 0.04461017589140702 0.091440720559829589 -0.038039027195139831 -0.046787723076503487 0.073796442014014113 0.075885100273917469 -0.024404638271922081 -0.027839230052116082 0.11645299224507698 -0.047196632765669926 -0.0065582021303572813
leaf_weight=46.314789038151503 5.3812570394948143 8.3478331789374316 2.7715417277067926 48.888331510126591 23.91211505420506 3.0239551858976479 12.080866569653155 5.4160338575020432 0.93935328908264704 0.86367491632699966 33.962534706108272 0.49937746860086907 72.361217546276748 5.8246293729171148
leaf_count=977 413 333 52 743 218 264 989 355 12 29 2734 34 6456 522
internal_value=-0.00233955 0.0289115 0.0363644 0.0232756 0.0805353 -0.0319013 -0.0120069 0.0254417 -0.0298865 0.0362771 -0.0398224 0.0047619 -0.0413304 -0.0347402
internal_weight=270.588 132.038 121.887 95.2031 26.6837 138.55 28.7028 10.7973 10.1509 1.80303 109.847 3.52333 106.324 17.9055
internal_count=14131 2364 1990 1720 270 11767 2279 768 374 41 9488 298 9190 1511
cat_boundaries=0 1
cat_threshold=8
is_linear=0
shrinkage=0.05


Tree=17
num_leaves=11
num_cat=2
split_feature=0 5 44 36 43 0 33 4 36 5
split_gain=88.1731 15.9839 21.4382 16.8641 14.986 12.0266 13.2578 54.7246 10.2088 10.1454
threshold=0 -0.77788789561442695 49.150000000000006 94.500000000000014 36.250000000000007 1 32.550000000000004 -0.35846811432664222 96.500000000000014 -0.98212955754013376
decision_type=1 2 2 2 2 1 2 2 2 2
left_child=1 4 3 -3 9 6 8 -8 -2 -1
right_child=5 2 -4 -5 -6 -7 7 -9 -10 -11
leaf_value=0.023027730199648429 0.03628858591442384 0.00037353084252190121 0.17347097265562061 0.045019101090005426 0.097113590539043823 -0.043484793956987899 0.1676466299972553 -0.012785067218569326 -0.046726422881860005 -0.04593068780284712
leaf_weight=7.5202700486406728 3.5726850209757712 28.937158132903278 1.8600443154573429 77.78734883852303 2.0062785409390917 68.237878263927996 3.7936041429638854 33.256088068708777 24.530630735680461 13.970363450236619
leaf_count=158 141 471 27 1257 37 7064 127 2334 2058 378
internal_value=-0.000946401 0.0269413 0.0369966 0.0330298 -0.00814168 -0.0284436 -0.00868454 0.0096102 -0.0352887 -0.0218489
internal_weight=265.472 132.081 108.585 106.725 23.4969 133.391 65.153 37.0497 28.1033 21.4906
internal_count=14052 2328 1755 1728 573 11724 4660 2461 2199 536
cat_boundaries=0 1 2
cat_threshold=8 5
is_linear=0
shrinkage=0.05


Tree=18
num_leaves=10
num_cat=2
split_feature=0 5 5 4 40 0 39 19 24
split_gain=73.2573 16.8016 22.1862 17.372 10.9529 10.8755 12.7009 12.6378 1.05957
threshold=0 0.86869874770991873 0.59003219687534991 0.46800856592688467 24.050000000000004 1 18.550000000000004 26.967361 60.500000000000007
decision_type=1 2 2 2 2 1 2 2 2
left_child=1 2 3 -1 -4 6 -2 -8 -3
right_child=5 8 4 -5 -6 -7 7 -9 -10
leaf_value=-0.0059530489211556637 -0.047660539265260926 -0.046005003032091228 0.034092171374974854 0.03642749412572991 0.095115223141887653 -0.043162341331859283 -0.039352163084901144 0.017313261326085634 0.009095174958508468
leaf_weight=46.095005757175386 16.063157162629068 7.7400427442044002 17.343170696869496 49.301867794245481 14.566421717405317 64.939993169158697 12.364335428923367 36.332485352642834 0.63845795206725586
leaf_count=959 1434 326 199 709 116 7016 1091 2168 16
internal_value=-0.00262689 0.0222981 0.0285097 0.0161002 0.0639924 -0.02822 -0.00914477 0.00242333 -0.0412842
internal_weight=265.385 135.685 127.306 95.3969 31.9096 129.7 64.76 48.6968 8.3785
internal_count=14034 2325 1983 1668 315 11709 4693 3259 342
cat_boundaries=0 1 2
cat_threshold=8 5
is_linear=0
shrinkage=0.05


Tree=19
num_leaves=9
num_cat=1
split_feature=5 5 44 1 44 41 4 5
split_gain=19.3599 22.1185 24.0642 17.5973 17.1373 30.4135 13.3792 9.82997
threshold=0.90070004940655357 0.65720762023595369 35.800000000000004 0 38.70000000000001 65.200000000000003 -0.58482361983252518 -0.88620506325989179
decision_type=2 2 2 1 2 2 2 2
left_child=1 4 6 -4 5 -1 -3 -6
right_child=-2 2 3 -5 7 -7 -8 -9
leaf_value=0.028302270345926656 -0.048093945090296422 0.055704704832995569 0.013158391893895657 0.092060216131711448 -0.049008003930912009 -0.025606364381502753 -0.040946727633506548 -0.010520022186186508
leaf_weight=71.868746237829328 18.871125400066376 4.0063834954053155 12.244033803232016 17.042104922235012 21.461643586866558 39.88622947409749 11.844350174069403 66.699986482970417
leaf_count=3248 1763 171 492 462 1481 2178 636 3577
internal_value=-0.000623226 0.00321301 0.0344231 0.0605964 -0.00396982 0.0090054 -0.0146614 -0.0203339
internal_weight=263.925 245.053 45.1369 29.2861 199.917 111.755 15.8507 88.1616
internal_count=14008 12245 1761 954 10484 5426 807 5058
cat_boundaries=0 1
cat_threshold=1
is_linear=0
shrinkage=0.05


Tree=20
num_leaves=13
num_cat=3
split_feature=0 34 1 21 2 0 6 35 12 4 4 9
split_gain=73.1053 15.3898 19.2867 25.9016 22.7831 9.93294 11.9246 18.1245 8.53543 5.26044 10.3774 1.50904
threshold=0 24.250000000000004 1 24.050000000000004 10.500000000000002 2 1.5000000000000002 69.428571500000018 33.500000000000007 0.57077594689671507 0.75580964594513067 24.550000000000004
decision_type=1 2 1 2 2 1 2 2 2 2 2 2
left_child=1 2 4 -4 -1 6 7 -2 -8 11 -11 -3
right_child=5 9 3 -5 -6 -7 8 -9 -10 10 -12 -13
leaf_value=-0.019693748612324823 -0.031401553111730998 0.0036286865084238368 0.027239739944070737 0.093042661343228583 0.066299465948035693 -0.042831761589343743 0.056914170859917339 0.072824103339293816 -0.027741963530761318 0.055902551140475078 -0.017209684714722433 -0.04582005889758576
leaf_weight=27.431958100758493 6.787886854261159 1.7198349013924614 49.002204354852438 21.43326698616147 9.5677065486088377 61.838810993358493 2.2563604703173032 8.2760828798636776 46.757749625947326 6.2103066891431835 13.928203063085673 7.3812167188152671
leaf_count=682 476 52 628 216 146 7028 152 453 3623 101 242 251
internal_value=-0.0017694 0.0227663 0.0331073 0.0482855 0.0037027 -0.0279615 -0.00943804 0.0268284 -0.0227848 -0.00753958 0.00691463 -0.0370415
internal_weight=262.592 136.675 107.435 70.4355 36.9997 125.917 64.0781 15.064 49.0141 29.2396 20.1385 9.10105
internal_count=14050 2318 1672 844 828 11732 4704 929 3775 646 343 303
cat_boundaries=0 1 2 3
cat_threshold=8 1 5
is_linear=0
shrinkage=0.05


Tree=21
num_leaves=10
num_cat=2
split_feature=0 9 32 31 36 0 33 5 5
split_gain=71.684 13.2229 13.0871 18.9438 16.959 8.01188 10.9828 33.6761 13.38
threshold=0 26.450000000000003 28.450298000000004 38.70000000000001 94.500000000000014 1 34.750000000000007 0.76556758748011056 -0.71502926860092908
decision_type=1 2 2 2 2 1 2 2 2
left_child=1 2 4 -4 -1 6 8 -8 -2
right_child=5 -3 3 -5 -6 -7 7 -9 -10
leaf_value=-0.041481987660103602 0.0049307970573518878 -0.045378396301506925 0.074694375089098222 -0.011821460487784576 0.024205701242761488 -0.042547015635949786 -0.0093515434415975384 0.16788474191153924 -0.048724296638121369
leaf_weight=10.04970741458237 20.427098265849054 5.8217329401522866 24.70478206500411 8.0642895726487023 93.806567723862827 59.35405811201781 15.900381228886546 2.2021478433161965 25.440944143105298
leaf_count=181 1280 131 276 137 1637 7032 1032 114 2319
internal_value=-0.0017119 0.0217651 0.0265165 0.0536837 0.0175144 -0.0282634 -0.0107124 0.0198689 -0.0252339
internal_weight=265.772 142.447 136.625 32.7691 103.856 123.325 63.9706 18.1025 45.868
internal_count=14139 2362 2231 413 1818 11777 4745 1146 3599
cat_boundaries=0 1 2
cat_threshold=8 5
is_linear=0
shrinkage=0.05


Tree=22
num_leaves=11
num_cat=2
split_feature=0 5 44 36 43 5 0 6 35 5
split_gain=67.9517 14.0466 19.2451 15.075 9.14709 17.0809 7.69317 11.1326 15.9301 5.04228
threshold=0 -0.87810534180523914 49.150000000000006 94.500000000000014 17.350000000000005 -0.98212955754013376 1 1.5000000000000002 68.744048000000006 -0.71502926860092908
decision_type=1 2 2 2 2 2 1 2 2 2
left_child=1 4 3 -3 5 -1 7 8 -2 -9
right_child=6 2 -4 -5 -6 -7 -8 9 -10 -11
leaf_value=0.098558551487474652 -0.036056804966711979 -0.006484802106640414 0.14455513149029281 0.034193207583448584 -0.04815798495674245 -0.041996919343440263 -0.042237952560771438 -0.0023269876636182974 0.063511064956258384 -0.036056082159757058
leaf_weight=2.932391693815589 5.8643588908016673 29.385555016808212 2.4974170085042706 96.068716707639396 9.9973367191851121 3.9190015858039287 56.825719250366092 17.524549485184252 9.0226318463683111 29.829639631789178
leaf_count=45 431 465 34 1441 259 114 7021 1176 469 2591
internal_value=-0.00132703 0.0210461 0.0281316 0.0246891 -0.019532 0.0230517 -0.0279124 -0.010454 0.024488 -0.0238801
internal_weight=263.867 144.8 127.952 125.454 16.8487 6.85139 119.067 62.2412 14.887 47.3542
internal_count=14046 2358 1940 1906 418 159 11688 4667 900 3767
cat_boundaries=0 1 2
cat_threshold=8 5
is_linear=0
shrinkage=0.05


Tree=23
num_leaves=13
num_cat=3
split_feature=0 34 1 32 39 0 33 4 33 19 36 15
split_gain=61.553 11.9435 15.4283 23.8896 18.4365 11 12.718 40.8523 8.01213 15.9357 7.04729 3.34843
threshold=0 24.250000000000004 1 26.401488000000004 21.250000000000004 2 32.550000000000004 -0.35846811432664222 34.050000000000004 29.026389000000005 96.500000000000014 30.050000000000004
decision_type=1 2 1 2 2 1 2 2 2 2 2 2
left_child=1 2 4 -4 -1 6 10 -8 11 -10 -2 -3
right_child=5 8 3 -5 -6 -7 7 -9 9 -11 -12 -13
leaf_value=0.026219462383592351 0.023813737172297279 -0.044154934403571003 -0.019862325319002526 0.054717440382269888 -0.045246540913590122 -0.041939889099850095 0.13455855846309286 -0.011229420525392282 0.069227942961718941 -0.021481072656929036 -0.046061913648397068 0.036022678607787101
leaf_weight=28.446612499654293 3.6619068784639266 10.792109793052077 12.317709077149628 64.238712671212852 12.019961208105086 54.547693850472569 4.6336240377277127 31.906590288504958 6.9819227959960726 11.469089655205606 21.221331272739917 0.71361676882952529
leaf_count=537 142 296 173 672 319 7019 131 2333 102 231 2079 15
internal_value=0.000154728 0.0209768 0.0295548 0.0426164 0.00441238 -0.0257781 -0.00723535 0.0103497 -0.00562812 0.0146379 -0.035256 -0.0366992
internal_weight=262.951 146.98 117.023 76.5564 40.4666 115.971 61.4235 36.5402 29.9567 18.451 24.8832 11.5057
internal_count=14049 2345 1701 845 856 11704 4685 2464 644 333 2221 311
cat_boundaries=0 1 2 3
cat_threshold=8 1 5
is_linear=0
shrinkage=0.05


Tree=24
num_leaves=6
num_cat=1
split_feature=0 5 5 44 44
split_gain=49.5626 16.0808 17.6286 15.0705 14.1781
threshold=0 0.89691351184655443 0.70747208174348741 38.70000000000001 35.800000000000004
decision_type=1 2 2 2 2
left_child=1 2 3 -1 -4
right_child=-2 -3 4 -5 -6
leaf_value=0.018201165606059843 -0.041676900531484734 -0.046758843652720747 0.002610618150392081 -0.012188916257944219 0.070963766036753292
leaf_weight=97.150825834367424 52.670327615458518 11.285828502383081 12.115989575162532 68.908408786635846 19.652232541702688
leaf_count=2814 7065 888 375 2619 347
internal_value=-0.00302112 0.00844875 0.0122425 0.00559294 0.04577
internal_weight=261.784 209.113 197.827 166.059 31.7682
internal_count=14108 7043 6155 5433 722
cat_boundaries=0 1
cat_threshold=13
is_linear=0
shrinkage=0.05


Tree=25
num_leaves=12
num_cat=3
split_feature=0 44 44 1 5 4 8 0 24 36 43
split_gain=53.0639 11.5714 16.4479 17.7065 15.1434 13.5604 9.51197 8.58986 12.9421 31.7216 11.5381
threshold=0 35.45000000000001 38.350000000000009 1 0.64414586362404946 -0.98214942551678475 33.150000000000013 2 33.500000000000007 97.500000000000014 38.900000000000006
decision_type=1 2 2 1 2 2 2 1 2 2 2
left_child=1 5 3 -3 -4 -1 -7 8 9 -2 -10
right_child=7 2 4 -5 -6 6 -8 -9 10 -11 -12
leaf_value=0.11474459529429573 -0.0076206438228910217 0.006528790660323529 -0.0023938535639540827 0.077065721492489581 0.052939188713523301 -0.019868432654269002 0.032854219968870529 -0.041303136455772715 -0.024143585660750377 0.20257881164255101 0.084728344697279828
leaf_weight=1.3903987482190121 7.1253452217206341 13.602866994217038 46.42545988317579 25.84896270558238 15.81468692794442 34.798996584489942 10.274552489630876 50.136639544274658 51.330975573975593 1.3695794520899651 1.5864597233012308
leaf_count=21 506 211 919 213 156 644 163 7013 4015 84 103
internal_value=-0.00106177 0.0180611 0.02864 0.0535074 0.0122806 -0.0014025 -0.00739803 -0.0257149 -0.00864776 0.0440347 -0.0193687
internal_weight=259.705 148.156 101.692 39.4518 62.2401 46.4639 45.0735 111.549 61.4124 8.49492 52.9174
internal_count=14048 2327 1499 424 1075 828 807 11721 4708 590 4118
cat_boundaries=0 1 2 3
cat_threshold=8 1 5
is_linear=0
shrinkage=0.05


Tree=26
num_leaves=6
num_cat=1
split_feature=0 5 34 7 26
split_gain=48.1323 15.4576 17.3359 17.8877 7.15629
threshold=0 0.90070004940655357 24.250000000000004 28.456250000000004 17.150000000000002
decision_type=1 2 2 2 2
left_child=1 2 3 -1 -4
right_child=-2 -3 4 -5 -6
leaf_value=0.012787342668057278 -0.041011513326991177 -0.04636485639200888 -0.044667198580229793 0.055183146827179522 -0.0011879219259345996
leaf_weight=119.25141931325197 48.305659937672317 10.477635281160472 11.67312517762184 30.789050334133208 37.598109413869679
leaf_count=3584 7034 876 437 622 1513
internal_value=-0.0010976 0.00972797 0.0133791 0.0217949 -0.0121725
internal_weight=258.095 209.789 199.312 150.04 49.2712
internal_count=14066 7032 6156 4206 1950
cat_boundaries=0 1
cat_threshold=13
is_linear=0
shrinkage=0.05


Tree=27
num_leaves=6
num_cat=1
split_feature=0 5 5 44 44
split_gain=44.3999 14.3067 14.5257 16.5045 13.3899
threshold=0 0.90070004940655357 0.67007489853957602 35.800000000000004 38.350000000000009
decision_type=1 2 2 2 2
left_child=1 2 4 -4 -1
right_child=-2 -3 3 -5 -6
leaf_value=0.018527086765176504 -0.040676174214672102 -0.04619012510987975 -0.0073122439512343738 0.061083203242019893 -0.010233747605994709
leaf_weight=87.556433687917888 46.317930085584521 10.120755937881766 12.747675296850501 26.265431009232998 73.6429692376405
leaf_count=2471 7025 878 399 442 2801
internal_value=-0.00156566 0.00871121 0.0121352 0.0391105 0.00540579
internal_weight=256.651 210.333 200.213 39.0131 161.199
internal_count=14016 6991 6113 841 5272
cat_boundaries=0 1
cat_threshold=13
is_linear=0
shrinkage=0.05


Tree=28
num_leaves=10
num_cat=2
split_feature=0 44 26 19 0 33 2 36 20
split_gain=43.3509 11.6937 11.6434 12.6867 7.92312 10.9465 17.1595 7.97015 5.24025
threshold=0 52.000000000000007 22.550000000000004 28.572917000000004 1 32.550000000000004 6.5000000000000009 96.500000000000014 34.650000000000013
decision_type=1 2 2 2 1 2 2 2 2
left_child=1 2 3 -1 5 7 -7 -2 -4
right_child=4 -3 8 -5 -6 6 -8 -9 -10
leaf_value=0.010966470093084203 0.028352634022908326 0.12312819639519929 0.0061175392307293045 0.047345506804159609 -0.040359182535215268 -0.0097640849164186555 0.071893554024561004 -0.048101781323059506 -0.049121026747019264
leaf_weight=103.38979094754905 3.3980322983115938 1.5539758596569289 7.4509489936754099 30.592125870287418 44.556149105075747 30.694001303054392 7.0834060548804691 19.539567544590682 8.5326957497745735
leaf_count=1557 133 35 235 341 7032 2214 289 2016 166
internal_value=-0.00114578 0.0156193 0.0147317 0.0195621 -0.0243724 -0.00824949 0.00700619 -0.0360644 -0.0245269
internal_weight=256.791 151.52 149.966 133.982 105.271 60.715 37.7774 22.9376 15.9836
internal_count=14018 2334 2299 1898 11684 4652 2503 2149 401
cat_boundaries=0 1 2
cat_threshold=8 5
is_linear=0
shrinkage=0.05


Tree=29
num_leaves=6
num_cat=1
split_feature=0 5 40 31 44
split_gain=41.3519 13.4635 13.9621 26.6259 13.7948
threshold=0 0.90070004940655357 65.200000000000003 38.350000000000009 44.800000000000004
decision_type=1 2 2 2 2
left_child=1 2 3 -1 -4
right_child=-2 -3 4 -5 -6
leaf_value=0.032571432018023927 -0.040053320796239245 -0.045942107726726723 -0.017912229829294073 -0.0187747912514695 0.042297116991456794
leaf_weight=107.68269071448594 42.955733641516417 9.5989025165326876 53.062178059015423 32.162898240145296 10.56668387306854
leaf_count=2718 7059 876 1831 1104 453
internal_value=-0.000816463 0.00870809 0.0119242 0.0207129 -0.00741367
internal_weight=256.029 213.073 203.474 139.846 63.6289
internal_count=14041 6982 6106 3822 2284
cat_boundaries=0 1
cat_threshold=13
is_linear=0
shrinkage=0.05


Tree=30
num_leaves=5
num_cat=1
split_feature=0 5 34 19
split_gain=38.045 13.3138 13.4938 18.0223
threshold=0 0.89691351184655443 25.750000000000004 28.607638500000004
decision_type=1 2 2 2
left_child=1 2 3 -1
right_child=-2 -3 -4 -5
leaf_value=0.005606896189508475 -0.039647446451219391 -0.046105407682752203 -0.046902466854990339 0.041934106120253861
leaf_weight=153.0092657529749 40.947939070872962 9.7679737759754044 8.6490432573482376 43.102440643124282
leaf_count=4720 6996 902 366 1031
internal_value=-0.001153 0.00782111 0.0109853 0.0137633
internal_weight=255.477 214.529 204.761 196.112
internal_count=14015 7019 6117 5751
cat_boundaries=0 1
cat_threshold=13
is_linear=0
shrinkage=0.05


Tree=31
num_leaves=12
num_cat=1
split_feature=0 44 9 4 6 35 14 30 4 13 4
split_gain=35.8089 11.6753 8.81062 10.8659 8.37105 9.0886 13.9272 2.11906 2.38447 2.27826 1.3427
threshold=0 52.000000000000007 26.450000000000003 0.55656748448714433 1.5000000000000002 68.744048000000006 16.750000000000004 38.900000000000006 -0.35846811432664222 9.7145835000000016 0.61915405168109316
decision_type=1 2 2 2 2 2 2 2 2 2 2
left_child=1 2 3 -1 5 10 -7 8 -6 -9 -2
right_child=4 -3 -4 -5 7 6 -8 9 -10 -11 -12
leaf_value=0.0018995720383228937 0.0010855846772922012 0.1186375853562502 -0.045109785445571746 0.029024561892366657 -0.023158263789224708 -0.025337124018051622 0.06808043609962848 -0.022859706888785008 -0.042897343521199546 0.066196428292822282 -0.044657452208578224
leaf_weight=82.355161750223488 1.9164865147322432 1.6098274393007148 5.6017177272588006 66.145816117525101 29.86311789508909 6.8646171707659942 7.3639533896930516 0.8223417131230224 45.064549001399428 0.28813871974125504 7.5649581071920693
leaf_count=1480 258 32 130 703 3631 698 478 87 5677 18 843
internal_value=-0.00209506 0.0127107 0.0116659 0.014095 -0.0239854 -0.000371036 0.0243066 -0.0343618 -0.0354388 0.0206645 -0.03619
internal_weight=255.461 155.713 154.103 148.501 99.7482 23.71 14.2286 76.0381 74.9277 1.11048 9.48144
internal_count=14035 2345 2313 2183 11690 2277 1176 9413 9308 105 1101
cat_boundaries=0 1
cat_threshold=8
is_linear=0
shrinkage=0.05


Tree=32
num_leaves=6
num_cat=1
split_feature=0 21 5 40 17
split_gain=34.5926 11.6031 12.4842 11.4136 1.43471
threshold=0 25.950000000000003 0.90070004940655357 83.65000000000002 22.500000000000004
decision_type=1 2 2 2 2
left_child=1 2 3 -1 -3
right_child=-2 4 -4 -5 -6
leaf_value=0.018340238472401401 -0.039130336397985716 0.016728776803446817 -0.045461690656027245 -0.012458463250384022 -0.047391623388675162
leaf_weight=160.09779908647761 38.609424109105021 0.46743785962462325 8.7385591464117152 36.241168396547437 9.4097490441054088
leaf_count=4291 7065 16 886 1410 396
internal_value=-0.00142262 0.00698851 0.00993739 0.0126209 -0.0430981
internal_weight=253.564 214.955 205.078 196.339 9.87719
internal_count=14064 6999 6587 5701 412
cat_boundaries=0 1
cat_threshold=13
is_linear=0
shrinkage=0.05


Tree=33
num_leaves=8
num_cat=1
split_feature=0 34 5 4 43 4 5
split_gain=31.748 10.6304 10.5015 12.4307 8.26439 0.510263 0.292318
threshold=0 21.050000000000004 -0.93543596745397617 -0.77245553105869302 17.600000000000005 0.78857998149907527 0.57605713708605399
decision_type=1 2 2 2 2 2 2
left_child=1 5 4 -4 -3 -1 -7
right_child=-2 2 3 -5 -6 6 -8
leaf_value=-0.046656205982370094 -0.038756109459107291 0.012568880838636561 -0.012977679411655528 0.018974600111172059 -0.048559359951797471 -0.019380258070603729 0.011494086490521645
leaf_weight=8.415822886861859 37.032228120137006 8.8048130497336405 37.4225237313658 149.10904702357948 12.471939152572302 0.57914090156555065 0.58219632133841515
leaf_count=573 7041 330 1282 4209 578 22 19
internal_value=-0.00193642 0.00598526 0.00870976 0.0125292 -0.0238344 -0.0427076 -0.00574564
internal_weight=254.418 217.385 207.808 186.532 21.2768 9.57716 1.16134
internal_count=14054 7013 6399 5491 908 614 41
cat_boundaries=0 1
cat_threshold=13
is_linear=0
shrinkage=0.05


Tree=34
num_leaves=6
num_cat=2
split_feature=0 5 34 4 1
split_gain=29.0317 9.89653 11.797 11.2941 6.37727
threshold=0 0.90070004940655357 24.250000000000004 -0.79384350655589164 1
decision_type=1 2 2 2 1
left_child=1 2 3 -1 -4
right_child=-2 -3 4 -5 -6
leaf_value=-0.011387178102956022 -0.038373160005981087 -0.045215392429600459 0.0051321345426846767 0.020855382120626584 -0.029990295378299059
leaf_weight=33.822110507171601 35.517126795835793 8.3412763238884491 23.964524286799133 126.42037746496499 26.429251208435744
leaf_count=1191 7023 881 971 3027 971
internal_value=-0.00250883 0.00497447 0.00740131 0.0140216 -0.0135131
internal_weight=254.495 218.978 210.636 160.242 50.3938
internal_count=14064 7041 6160 4218 1942
cat_boundaries=0 1 2
cat_threshold=13 1
is_linear=0
shrinkage=0.05


Tree=35
num_leaves=7
num_cat=1
split_feature=0 21 19 31 36 10
split_gain=29.6363 10.486 18.6464 25.6334 10.6114 1.38525
threshold=0 25.950000000000003 28.637500000000003 38.70000000000001 94.500000000000014 82.395833500000023
decision_type=1 2 2 2 2 2
left_child=1 2 4 -4 -1 -3
right_child=-2 5 3 -5 -6 -7
leaf_value=-0.033265920769631079 -0.038025215232941292 -0.047025213413786987 0.05581082372359164 -0.041853224361788975 0.0058581688774980286 0.015969901628587281
leaf_weight=18.603464432992041 34.220754818990827 8.9072543419897521 35.071187522262335 7.481897333636879 148.59113986510783 0.48199819028377611
leaf_count=610 7025 397 678 259 5048 17
internal_value=-0.00109838 0.00625778 0.00893187 0.0380723 0.001333 -0.0425655
internal_weight=253.358 219.137 209.748 42.5531 167.195 9.38925
internal_count=14034 7009 6595 937 5658 414
cat_boundaries=0 1
cat_threshold=13
is_linear=0
shrinkage=0.05


Tree=36
num_leaves=14
num_cat=3
split_feature=0 5 36 44 29 19 4 0 0 43 5 5 5
split_gain=27.3515 8.89531 11.989 18.6758 8.3346 7.20819 7.54363 15.4182 8.7596 5.60602 9.99396 2.19658 8.60987
threshold=0 -0.88620506325989179 94.500000000000014 45.20000000000001 2.5000000000000004 27.374305500000002 -0.35846811432664222 1 2 17.600000000000005 -0.98212955754013376 -0.82413948779581736 -0.8611288361322974
decision_type=1 2 2 2 2 2 2 1 1 2 2 2 2
left_child=1 9 4 -4 -3 11 8 -8 -7 10 -1 12 -2
right_child=5 2 3 -5 -6 6 7 -9 -10 -11 -12 -13 -14
leaf_value=0.064742338032025212 -0.03994237567335987 -0.030985505739720004 0.016132723248658925 0.10332588933105923 0.019628471582437558 0.038189285562742259 0.017513559992499532 -0.036643730121559276 -0.018530900395418347 -0.04792253599552429 -0.041764596302425495 -0.04876267466354136 0.063010614591372624
leaf_weight=3.1602126602083445 8.4352882662788016 21.073671995196491 105.16389924008399 5.5856554899364701 12.029909462668 4.1860597683116794 14.725966726429762 28.935037590563294 6.1063372027128917 9.323544134385882 3.7106897560879615 29.757010023575276 1.6387439118698228
leaf_count=40 1131 346 1391 89 131 117 1015 4001 470 248 104 4809 158
internal_value=-0.00360007 0.00901998 0.0135653 0.0214156 -0.0125561 -0.0234792 -0.0136455 -0.0226778 0.0232855 -0.0245503 0.00922408 -0.0418895 -0.0190174
internal_weight=253.832 160.048 143.853 110.75 33.1036 93.7844 53.9534 43.661 10.2924 16.1944 6.8709 39.831 10.074
internal_count=14050 2349 1957 1480 477 11701 5603 5016 587 392 144 6098 1289
cat_boundaries=0 1 2 3
cat_threshold=8 1 4
is_linear=0
shrinkage=0.05


Tree=37
num_leaves=6
num_cat=1
split_feature=0 9 19 31 36
split_gain=25.0179 10.0075 15.4662 20.8038 10.5061
threshold=0 26.450000000000003 28.648611500000005 38.70000000000001 94.500000000000014
decision_type=1 2 2 2 2
left_child=1 2 4 -4 -1
right_child=-2 -3 3 -5 -6
leaf_value=-0.035127581720322217 -0.037299996890234784 -0.04649725259878236 0.049114023705786186 -0.04107802171703491 0.0043537442288579557
leaf_weight=17.955398932099342 31.732522808248177 8.1997948233038169 35.065776755101979 6.9719805428758255 150.69614337570965
leaf_count=615 7031 374 704 254 5038
internal_value=-0.00231791 0.00439641 0.00679511 0.0335487 -3.18955e-05
internal_weight=250.622 218.889 210.689 42.0378 168.652
internal_count=14016 6985 6611 958 5653
cat_boundaries=0 1
cat_threshold=13
is_linear=0
shrinkage=0.05


Tree=38
num_leaves=13
num_cat=1
split_feature=0 33 5 43 43 43 38 5 39 22 31 38
split_gain=25.4531 20.2719 32.8086 12.5006 12.1537 12.1176 15.2796 14.9031 9.3775 7.38982 4.63861 3.89191
threshold=0 34.750000000000007 0.76556758748011056 38.900000000000006 1.3500000000000003 2.0500000000000003 11.120238000000002 -0.8611288361322974 21.950000000000003 58.826389000000006 36.900000000000013 10.626488500000002
decision_type=1 2 2 2 2 2 2 2 2 2 2 2
left_child=5 -2 3 -3 -4 9 8 -8 -7 11 -11 -1
right_child=1 2 4 -5 -6 6 7 -9 -10 10 -12 -13
leaf_value=0.037130977403866283 -0.049456471061431834 -0.030173279113387814 0.21316081039507684 0.10611913334013384 -0.017956160947874899 0.014681228521142906 -0.037107242881545634 0.082948680416516277 -0.020736590780515797 -0.010197977053450616 -0.048047455123826043 -0.034786562639195821
leaf_weight=7.5811941022984666 43.60168306180276 13.744302949868143 1.4618434915319078 0.91445924434810955 0.55048147961497296 113.0196609464474 2.5942272832617155 12.252210618928073 21.442871470469981 20.216589103918523 13.351528245490043 1.5593947898596523
leaf_count=130 7159 1933 126 85 82 2408 127 244 763 628 388 35
internal_value=-0.00178657 -0.0273686 0.0144419 -0.0154369 0.164965 0.00737924 0.0144665 0.0609526 0.00892173 -0.0154735 -0.0262068 0.0226412
internal_weight=252.29 60.2728 16.6711 14.6588 2.01232 192.018 149.309 14.8464 134.463 42.7087 33.5681 9.14059
internal_count=14108 9385 2226 2018 208 4723 3542 371 3171 1181 1016 165
cat_boundaries=0 1
cat_threshold=12
is_linear=0
shrinkage=0.05


Tree=39
num_leaves=9
num_cat=1
split_feature=5 34 1 32 32 5 30 11
split_gain=10.428 10.8063 14.3781 28.7353 13.4292 5.20724 9.20703 2.05001
threshold=0.90070004940655357 24.250000000000004 0 28.981547500000005 26.419940500000006 -0.8611288361322974 2.1500000000000008 99.500000000000014
decision_type=2 2 1 2 2 2 2 2
left_child=1 2 3 -1 -4 7 -7 -3
right_child=-2 5 4 -5 -6 6 -8 -9
leaf_value=-0.019429088330239319 -0.046274923858590541 -0.047405972401464859 -0.022602087491904971 0.095121347621769894 0.025906668373486874 -0.041890875866709781 0.0064653714215364005 0.031212947429197641
leaf_weight=65.133881622925401 10.980370644712819 12.728046172298487 15.98520629480481 4.9779065162874749 94.277363765286282 13.265847994014619 31.07955236104317 0.22005804721266109
leaf_count=4024 1730 1210 764 199 3429 924 1700 11
internal_value=-0.000757785 0.00153021 0.00754309 -0.0100728 0.0187342 -0.0172045 -0.00860512 -0.0439278
internal_weight=248.648 237.668 180.374 70.1118 110.263 57.2935 44.3454 12.9481
internal_count=13991 12261 8416 4223 4193 3845 2624 1221
cat_boundaries=0 1
cat_threshold=1
is_linear=0
shrinkage=0.05


Tree=40
num_leaves=6
num_cat=1
split_feature=0 5 40 43 12
split_gain=24.2333 8.92066 9.66424 10.7408 7.95839
threshold=0 0.90070004940655357 103.95000000000002 36.250000000000007 79.500000000000014
decision_type=1 2 2 2 2
left_child=1 2 3 -1 -4
right_child=-2 -3 4 -5 -6
leaf_value=0.008489913110425313 -0.03646803221413996 -0.04460589896617824 -0.038249931629168801 0.068255089651988496 0.067081322437403071
leaf_weight=190.85821775207296 29.183649570215493 7.4563731234520665 15.460485385265203 6.860035532154142 1.0962428608909238
leaf_count=5341 7028 878 640 125 43
internal_value=-0.000660022 0.00558218 0.00778703 0.0108966 -0.0278522
internal_weight=250.915 221.731 214.275 197.718 16.5567
internal_count=14055 7027 6149 5466 683
cat_boundaries=0 1
cat_threshold=13
is_linear=0
shrinkage=0.05


Tree=41
num_leaves=8
num_cat=1
split_feature=0 40 38 5 44 5 10
split_gain=21.578 8.79822 10.9977 10.3964 9.56827 10.3118 9.54762
threshold=0 84.350000000000009 12.262500000000001 0.90070004940655357 44.800000000000004 -0.8611288361322974 89.458333500000023
decision_type=1 2 2 2 2 2 2
left_child=1 2 3 -1 6 -6 -3
right_child=-2 4 -4 -5 5 -7 -8
leaf_value=0.013758982076517174 -0.036078343215515875 -0.042194393256296842 -0.046245464281199029 -0.044322514396153659 -0.038047006550156685 0.069956858290038962 0.040955222765982027
leaf_weight=172.04330034460872 28.091156375361606 24.656276067253206 7.7530479170382014 7.104287509340792 2.8252337826415896 4.6190628232434383 3.1768292160704723
leaf_count=4398 7013 977 344 878 174 151 106
internal_value=-0.00182024 0.00408689 0.00860513 0.0112224 -0.0183016 0.029316 -0.0316126
internal_weight=250.269 222.178 186.901 179.148 35.2774 7.4443 27.8331
internal_count=14041 7028 5620 5276 1408 325 1083
cat_boundaries=0 1
cat_threshold=13
is_linear=0
shrinkage=0.05


Tree=42
num_leaves=11
num_cat=3
split_feature=0 5 44 43 4 37 32 4 0 0
split_gain=19.5813 8.44915 10.3164 9.68752 8.67647 19.8366 6.93173 11.5931 17.5655 10.1664
threshold=0 -0.76696334127844745 49.150000000000006 2.0500000000000003 -0.031173458710879145 60.500000000000007 26.971428500000005 -0.37447345805034538 1 2
decision_type=1 2 2 2 2 2 2 2 1 1
left_child=1 4 3 -3 -1 -6 -2 8 -8 -9
right_child=6 2 -4 -5 5 -7 7 9 -10 -11
leaf_value=-0.049176684757892997 -0.048047596661751145 -0.013749921617007164 0.092316251347190001 0.017380788021537363 -0.047065565046763347 0.063483114770923874 0.046972276235352037 0.0090626960245702107 -0.023808954201175833 -0.037532655189610839
leaf_weight=11.412279394455256 21.174838914303109 32.271767277270555 2.9205363169312468 101.01042850222439 7.292986639775334 6.9627526858821511 6.885554950684309 16.676528831012547 9.4789229647722113 31.711784386541694
leaf_count=287 4210 557 24 1172 182 117 251 1239 1001 5043
internal_value=-0.00354869 0.00683897 0.0122262 0.00979681 -0.0185694 0.00755035 -0.0213063 -0.0152042 0.0203026 -0.0273802
internal_weight=247.798 161.871 136.203 133.282 25.668 14.2557 85.9276 64.7528 16.3645 48.3883
internal_count=14083 2339 1753 1729 586 299 11744 7534 1252 6282
cat_boundaries=0 1 2 3
cat_threshold=8 4 1
is_linear=0
shrinkage=0.05


Tree=43
num_leaves=6
num_cat=3
split_feature=0 9 32 1 1
split_gain=19.3179 9.26909 8.4701 18.1801 11.3308
threshold=0 26.450000000000003 29.670238000000005 1 2
decision_type=1 2 2 1 1
left_child=1 2 4 -4 -1
right_child=-2 -3 3 -5 -6
leaf_value=-0.01022113477994703 -0.035310377570676725 -0.046229976889663169 0.14127676781594195 -0.037516709842136509 0.013628282444794538
leaf_weight=81.289664639625698 26.101723244646564 7.9078190671280018 2.3096291599795213 1.9016977716237304 125.34833142627031
leaf_count=3250 7023 393 59 56 3224
internal_value=-0.00196192 0.00360259 0.00585099 0.0688331 0.00424208
internal_weight=244.859 218.757 210.849 4.21133 206.638
internal_count=14005 6982 6589 115 6474
cat_boundaries=0 1 2 3
cat_threshold=13 1 1
is_linear=0
shrinkage=0.05


Tree=44
num_leaves=7
num_cat=1
split_feature=0 38 5 44 43 25
split_gain=18.6182 8.54547 8.81997 10.1685 5.66803 1.22075
threshold=0 12.262500000000001 -0.92921788351138401 35.800000000000004 17.600000000000005 10.850000000000003
decision_type=1 2 2 2 2 2
left_child=1 2 4 -4 -1 -3
right_child=-2 5 3 -5 -6 -7
leaf_value=0.0040180435443775541 -0.034950111979028767 0.011736685598517684 -0.0061596435146561192 0.017750326311751132 -0.047823431678818876 -0.046453942308984822
leaf_weight=9.2513469741679746 25.236344718839973 0.60431963903829355 68.646621791878715 123.13139375415631 10.831707614473997 8.2776922616176289
leaf_count=340 7044 30 2446 3216 564 406
internal_value=-0.00173653 0.00361424 0.00587112 0.00920424 -0.0248846 -0.0417077
internal_weight=245.979 220.743 211.861 191.778 20.0831 8.88201
internal_count=14046 7002 6566 5662 904 436
cat_boundaries=0 1
cat_threshold=13
is_linear=0
shrinkage=0.05


Tree=45
num_leaves=7
num_cat=1
split_feature=0 38 34 15 43 14
split_gain=19.3502 8.61925 8.33154 8.12719 1.0596 0.381407
threshold=0 12.262500000000001 20.950000000000003 14.050000000000002 24.700000000000006 24.150000000000002
decision_type=1 2 2 2 2 2
left_child=1 2 -1 -4 -3 -6
right_child=-2 4 3 -5 5 -7
leaf_value=-0.04501351598378623 -0.034559100053452668 -0.04608958827952897 0.013488378011343935 -0.013223832545780329 -0.013864066298286357 0.024412987649285303
leaf_weight=6.3550108559429637 24.338515200186521 7.8212557123042625 175.28498667199165 33.128349896054715 0.37466382980346669 0.33779215859249234
leaf_count=520 7017 394 4972 1102 29 18
internal_value=-7.56843e-05 0.00513205 0.00739412 0.00919947 -0.0412187 0.00794244
internal_weight=247.641 223.302 214.768 208.413 8.53371 0.712456
internal_count=14052 7035 6594 6074 441 47
cat_boundaries=0 1
cat_threshold=13
is_linear=0
shrinkage=0.05


Tree=46
num_leaves=8
num_cat=1
split_feature=0 40 36 29 33 44 31
split_gain=17.4897 8.10746 9.80527 13.2609 10.7029 6.21326 7.90122
threshold=0 84.350000000000009 94.500000000000014 2.5000000000000004 35.900000000000006 52.000000000000007 38.000000000000007
decision_type=1 2 2 2 2 2 2
left_child=1 2 3 -1 -4 6 -3
right_child=-2 5 4 -5 -6 -7 -8
leaf_value=-0.033541939739923053 -0.034229306627279209 -0.040515376776144016 0.010462390373474571 0.020620020153713156 0.061482354871337852 0.068922339482659273 0.007612995353869164
leaf_weight=27.209864243399352 23.617285817861557 21.022577399387956 134.09724340145476 17.988835443276912 10.219520420767365 1.0229674107395101 13.467907360289244
leaf_count=1030 7055 770 4067 400 171 24 610
internal_value=-0.00111769 0.00383808 0.00812837 -0.012006 0.0144735 -0.0176012 -0.0220371
internal_weight=248.646 225.029 189.515 45.1987 144.317 35.5135 34.4905
internal_count=14127 7072 5668 1430 4238 1404 1380
cat_boundaries=0 1
cat_threshold=13
is_linear=0
shrinkage=0.05


Tree=47
num_leaves=9
num_cat=1
split_feature=5 34 1 32 44 33 36 38
split_gain=8.37682 8.83508 11.2075 24.7069 11.0949 5.49414 12.9757 4.12657
threshold=0.90070004940655357 24.250000000000004 0 28.981547500000005 38.350000000000009 34.550000000000004 96.500000000000014 11.183035500000001
decision_type=2 2 1 2 2 2 2 2
left_child=1 2 3 -1 -4 7 -7 -3
right_child=-2 5 4 -5 -6 6 -8 -9
leaf_value=-0.019065551480939778 -0.045447564382526673 -0.038673621908833646 0.029588924620327542 0.080584856212310499 -0.0022773454818427034 -0.022023443321730663 0.053385470451597139 0.0067284473450558505
leaf_weight=62.418503524037078 9.1112879298161698 24.794211499858651 63.896137865958735 5.9073662387672803 46.936682434985414 17.427551317960027 7.2630892205052069 5.876254236791282
leaf_count=4005 1760 1937 2353 207 1856 1203 285 436
internal_value=-0.000886939 0.00102989 0.00643077 -0.00941178 0.0161942 -0.0162523 0.00137368 -0.0300371
internal_weight=243.631 234.52 179.159 68.3259 110.833 55.3611 24.6906 30.6705
internal_count=14042 12282 8421 4212 4209 3861 1488 2373
cat_boundaries=0 1
cat_threshold=1
is_linear=0
shrinkage=0.05


Tree=48
num_leaves=7
num_cat=1
split_feature=0 44 4 8 9 40
split_gain=15.7911 7.81533 14.3498 8.67174 8.23288 7.72191
threshold=0 34.400000000000013 -0.99275805973510278 33.750000000000007 26.450000000000003 103.95000000000002
decision_type=1 2 2 2 2 2
left_child=1 2 -1 -4 5 -3
right_child=-2 4 3 -5 -6 -7
leaf_value=0.10174984931245268 -0.033736190737843633 0.013455289834817349 -0.025746207039464133 0.043694594620636927 -0.044675355013357392 -0.026677306637829797
leaf_weight=1.5824102880433191 22.587293449556455 153.93834081990644 46.044967814348638 4.0644132378511122 6.097996719647198 12.069236530922351
leaf_count=48 7044 4091 1886 120 332 559
internal_value=-0.00178389 0.00294637 -0.0138007 -0.0193691 0.00819721 0.0103953
internal_weight=246.385 223.797 51.6918 50.1094 172.106 166.008
internal_count=14080 7036 2054 2006 4982 4650
cat_boundaries=0 1
cat_threshold=13
is_linear=0
shrinkage=0.05


Tree=49
num_leaves=8
num_cat=1
split_feature=0 40 5 5 20 22 12
split_gain=16.9998 8.32358 8.19829 8.67332 1.34155 1.70259 1.54701
threshold=0 110.25000000000001 0.90070004940655357 -0.92272482904738273 32.250000000000007 86.368055500000011 80.500000000000014
decision_type=1 2 2 2 2 2 2
left_child=1 2 3 -1 6 -6 -3
right_child=-2 4 -4 -5 5 -7 -8
leaf_value=-0.020894011880060723 -0.033287372842286278 -0.047492839076807042 -0.043809006215929945 0.012730180900858805 -0.027700824822338627 0.041319053210217442 0.019656024013118278
leaf_weight=20.423720803111792 21.701116328593343 8.5793544906191492 6.5264527376275501 189.32150555588305 1.0253686113283027 0.60630278382450331 0.40701022138819176
leaf_count=891 6995 444 892 4768 38 18 16
internal_value=0.000560562 0.00516393 0.00757334 0.00937245 -0.0358949 0.00390114 -0.0427878
internal_weight=248.591 226.89 216.272 209.745 10.618 1.63167 8.98636
internal_count=14062 7067 6551 5659 516 56 460
cat_boundaries=0 1
cat_threshold=13
is_linear=0
shrinkage=0.05


Tree=50
num_leaves=10
num_cat=1
split_feature=0 22 19 32 5 37 5 40 5
split_gain=15.1561 9.06586 7.28691 6.80093 7.34026 16.5715 8.11738 6.79483 4.92633
threshold=0 89.048611500000007 29.785416500000004 26.971428500000005 0.76556758748011056 30.500000000000004 -0.08269194106225343 84.350000000000009 -1.0000000180025095e-35
decision_type=1 2 2 2 2 2 2 2 2
left_child=1 2 7 -2 6 -6 -5 -1 -3
right_child=3 8 -4 4 5 -7 -8 -9 -10
leaf_value=0.010487520001042219 -0.047713607670524683 -0.0004894389964203293 -0.046903740513469003 -0.0064329005700867574 0.1012392756818811 -0.03194245462013779 -0.047828563346274944 -0.019244717217522439 0.097227605140495055
leaf_weight=130.14921472640708 18.41141616855748 1.8635956379584966 5.7615010403096667 36.962249203352258 3.2560082534328094 4.4027254558168352 16.698211600305513 21.573496268130839 3.1175071485340586
leaf_count=1690 4202 36 148 4342 249 857 2085 424 21
internal_value=-0.00302544 0.0058963 0.00393648 -0.0193824 -0.0133569 0.029831 -0.0199539 0.00616156 0.066699
internal_weight=242.196 162.465 157.484 79.7306 61.3192 7.65873 53.6605 151.723 4.9811
internal_count=14054 2319 2262 11735 7533 1106 6427 2114 57
cat_boundaries=0 1
cat_threshold=8
is_linear=0
shrinkage=0.05


Tree=51
num_leaves=9
num_cat=1
split_feature=0 34 34 4 5 37 19 4
split_gain=13.4818 6.53873 8.59704 8.6312 6.23666 4.44184 2.65045 1.50854
threshold=0 21.700000000000006 24.250000000000004 -0.79384350655589164 -0.8611288361322974 57.500000000000007 26.156250000000004 0.77788564761185042
decision_type=1 2 2 2 2 2 2 2
left_child=1 5 3 -3 -4 7 -7 -1
right_child=-2 2 4 -5 -6 6 -8 -9
leaf_value=-0.047821625984836885 -0.03264824897874706 -0.012054935315936021 -0.046618263935804927 0.016175123409708718 -0.0039916255592702347 -0.023803198710876074 0.062784406093646924 -0.0067945534933082146
leaf_weight=9.8689344248268736 20.518098200438544 33.542994516436011 10.054811076261101 127.11064786580391 39.362075627781451 0.80680045695044 1.1386877777986226 3.287771205417811
leaf_count=710 7030 1122 631 3054 1328 48 26 124
internal_value=-0.0020565 0.00220894 0.0046398 0.0102428 -0.0134175 -0.0284207 0.0309859 -0.0387734
internal_weight=245.691 225.173 210.071 160.654 49.4169 15.1022 1.94549 13.1567
internal_count=14073 7043 6135 4176 1959 908 74 834
cat_boundaries=0 1
cat_threshold=13
is_linear=0
shrinkage=0.05


Tree=52
num_leaves=7
num_cat=1
split_feature=0 34 20 33 27 4
split_gain=13.8891 7.44797 7.67081 14.7654 0.73762 0.524351
threshold=0 21.050000000000004 36.95000000000001 36.850000000000001 5.5000000000000009 0.77788564761185042
decision_type=1 2 2 2 2 2
left_child=1 4 3 -3 -1 -6
right_child=-2 2 -4 -5 5 -7
leaf_value=-0.046011195945103806 -0.03233205360755731 0.0043210654582247123 -0.045221057207974119 0.072502384798591057 -0.018858520448541624 0.023907167750685021
leaf_weight=7.0658195544965556 19.963843956822529 200.85369430412538 6.2762526120059183 7.2773070791736236 0.5762070461641996 0.3155086450278759
leaf_count=534 7055 5883 349 155 79 6
internal_value=-0.000933757 0.00331633 0.00530766 0.00704031 -0.0412382 0.000911952
internal_weight=242.329 222.365 214.407 208.131 7.95754 0.891716
internal_count=14061 7006 6387 6038 619 85
cat_boundaries=0 1
cat_threshold=13
is_linear=0
shrinkage=0.05


Tree=53
num_leaves=9
num_cat=1
split_feature=0 34 5 34 44 37 27 32
split_gain=11.3482 6.40664 8.17061 8.57219 8.08323 4.79128 1.90815 1.02376
threshold=0 21.700000000000006 0.67007489853957602 22.050000000000004 33.300000000000004 57.500000000000007 0.95000000000000007 27.727976000000002
decision_type=1 2 2 2 2 2 2 2
left_child=1 5 3 -3 -4 7 -7 -1
right_child=-2 2 4 -5 -6 6 -8 -9
leaf_value=-0.044825767029403107 -0.031904733461906663 0.06351637502103033 -0.030214424905898971 -0.0038016522568003288 0.031350528211338755 0.055181618847261853 -0.020787549561163271 0.0090167592402190678
leaf_weight=11.782000558217984 19.243638465646654 3.8698708433657876 5.4180453377775839 163.40175424749032 35.79317409102805 1.2866896977648128 0.63871166901662935 0.62252527661621648
leaf_count=817 7026 59 368 5054 637 33 44 17
internal_value=-0.00323893 0.000759888 0.00307369 -0.00187602 0.0227325 -0.0304121 0.0314892 -0.0416526
internal_weight=242.056 222.813 208.483 167.272 41.2112 14.3299 1.9254 12.4045
internal_count=14055 7029 6118 5113 1005 911 77 834
cat_boundaries=0 1
cat_threshold=13
is_linear=0
shrinkage=0.05


Tree=54
num_leaves=8
num_cat=1
split_feature=0 40 44 38 39 44 31
split_gain=11.9087 7.56509 8.21743 9.47088 5.45148 5.58621 4.91817
threshold=0 84.350000000000009 33.300000000000004 12.262500000000001 14.050000000000002 38.70000000000001 21.800000000000004
decision_type=1 2 2 2 2 2 2
left_child=1 2 6 -4 -3 -6 -1
right_child=-2 4 3 -5 5 -7 -8
leaf_value=0.045062109626950599 -0.031532932240598721 0.072375282051101067 0.013425847840245862 -0.044818705921348345 -0.04268825234734832 -0.0017411026612966834 -0.022706435881021253
leaf_weight=2.0141363854054388 18.643937041284516 0.60470062820240755 150.75523814396001 6.3534563188441089 16.566789266187698 16.008264877833426 28.93819519970566
leaf_count=98 7028 17 3824 338 666 739 1317
internal_value=-0.00180262 0.00215525 0.00615623 0.0108019 -0.0194082 -0.0232169 -0.0170243
internal_weight=239.885 221.241 188.061 157.109 33.1798 32.5751 30.9523
internal_count=14027 6999 5577 4162 1422 1405 1415
cat_boundaries=0 1
cat_threshold=13
is_linear=0
shrinkage=0.05


Tree=55
num_leaves=9
num_cat=1
split_feature=0 36 40 39 19 38 44 21
split_gain=12.3396 7.23535 11.1262 12.7664 9.41785 10.6661 9.21707 0.300824
threshold=0 94.500000000000014 55.550000000000004 15.65 28.313194500000005 9.6880950000000023 44.800000000000004 24.250000000000004
decision_type=1 2 2 2 2 2 2 2
left_child=1 4 3 -3 7 -6 -4 -1
right_child=-2 2 6 -5 5 -7 -8 -9
leaf_value=-0.050950429078881969 -0.031132921344797629 -0.034287984084200508 -0.012558629437182776 0.025493551705989353 0.053353003993034866 -0.013993137563925624 0.033065762251805707 -0.013072663553232222
leaf_weight=11.709350924240423 18.023994697025046 9.0685178008861822 69.311270535457879 87.16236547078006 6.537965223658829 25.720930958166718 12.157989957369862 1.414521938189863
leaf_count=459 7012 447 2345 2313 90 837 487 41
internal_value=-0.00041321 0.0034328 0.00813882 0.0195652 -0.0140321 0.0008498 -0.00543153 -0.0480825
internal_weight=241.107 223.083 177.7 96.2309 45.3828 32.2589 81.4693 13.1239
internal_count=14031 7019 5592 2760 1427 927 2832 500
cat_boundaries=0 1
cat_threshold=13
is_linear=0
shrinkage=0.05


Tree=56
num_leaves=10
num_cat=1
split_feature=0 39 44 5 5 44 35 4 39
split_gain=11.8416 8.1073 10.767 18.2973 16.3706 7.6533 6.29259 8.33867 6.59626
threshold=0 18.550000000000004 36.20000000000001 0.76556758748011056 -0.14250536273956088 52.000000000000007 87.910714500000026 -0.85227431625818906 22.150000000000002
decision_type=1 2 2 2 2 2 2 2 2
left_child=5 -2 4 -4 -3 6 7 -1 -8
right_child=1 2 3 -5 -6 -7 8 -9 -10
leaf_value=-0.029782782413679244 -0.047604797983149955 0.061407840609546231 -0.0333130701444488 0.058477350898344584 -0.042049245816122675 0.084034140656627385 0.057013418097928127 0.0069091775085889477 -0.018708772357401076
leaf_weight=16.470133855007589 16.553706661215983 10.071311455918474 38.683680028188974 5.3590841226978219 4.988121847040019 2.1909365849569431 9.774589558131991 135.67039437545463 3.3661745456047347
leaf_count=238 3510 1006 5575 610 1030 32 89 1898 81
internal_value=-0.000544654 -0.0156676 -0.0086861 -0.0210938 0.0266553 0.00686229 0.00575279 0.00276851 0.0376649
internal_weight=243.128 75.6559 59.1022 44.0428 15.0594 167.472 165.281 152.141 13.1408
internal_count=14069 11731 8221 6185 2036 2338 2306 2136 170
cat_boundaries=0 1
cat_threshold=8
is_linear=0
shrinkage=0.05


Tree=57
num_leaves=9
num_cat=1
split_feature=9 19 31 1 36 43 44 19
split_gain=6.5024 7.35791 15.0278 9.29232 13.788 10.7677 5.04728 1.42133
threshold=26.450000000000003 28.648611500000005 38.70000000000001 0 96.500000000000014 18.350000000000005 34.400000000000013 28.731250000000003
decision_type=2 2 2 1 2 2 2 2
left_child=1 3 6 5 -5 -1 -3 -4
right_child=-2 2 7 4 -6 -7 -8 -9
leaf_value=-0.0031035658214342825 -0.045313863668718223 -0.021703935348621972 0.016779204022790505 -0.029290323608368602 0.012975875300569463 -0.042840827881474142 0.034700175065590623 -0.047714621155783704
leaf_weight=43.243443724233657 7.2579827548470339 3.7527701291255644 0.45956464647315343 23.471540246508084 90.433559301891364 27.32801598450169 37.198699324624613 7.481811482924968
leaf_count=3238 765 216 33 1193 4502 2409 1141 518
internal_value=-0.00171059 -0.000166939 0.0168788 -0.00475131 0.0040873 -0.018875 0.0291372 -0.0425232
internal_weight=240.627 233.369 48.8928 184.477 113.905 70.5715 40.9515 7.94138
internal_count=14015 13250 1908 11342 5695 5647 1357 551
cat_boundaries=0 1
cat_threshold=1
is_linear=0
shrinkage=0.05


Tree=58
num_leaves=12
num_cat=2
split_feature=0 33 4 39 4 4 0 39 33 4 37
split_gain=12.8205 22.9553 19.8673 11.7008 8.8281 21.4918 12.4069 10.6571 9.43594 7.915 6.25507
threshold=0 34.750000000000007 0.61915405168109316 22.050000000000004 -0.35846811432664222 -0.71504373327588355 1 25.950000000000003 32.550000000000004 -0.04836157422433459 31.500000000000004
decision_type=1 2 2 2 2 2 1 2 2 2 2
left_child=4 -2 10 -4 5 7 9 -1 -7 -6 -3
right_child=1 2 3 -5 6 8 -8 -9 -10 -11 -12
leaf_value=-0.0097810188772107284 -0.04909802813522398 0.16427978906198284 0.045806023100493004 -0.044144059394194836 -0.045399929247887369 0.034801814232370373 -0.031158632792699203 0.085978856811041934 0.10335507181370956 0.0098829835497624939 -0.014616338519561881
leaf_weight=40.922994626453146 30.730849213665351 1.7735046986490481 5.7070567044429463 6.8476528355386108 5.938660684041678 25.991248171543706 17.309397564968094 2.123056207317858 5.9762235237285486 98.800838945899159 0.40697270608507086
leaf_count=955 7118 100 768 1286 207 516 1524 32 97 1352 82
internal_value=0.000599573 -0.0205798 0.0251578 -0.00289225 0.00628693 0.0199812 -0.00171287 -0.00321329 0.050364 0.00580023 0.136793
internal_weight=242.528 45.466 14.7352 12.5547 197.062 75.0135 122.049 43.0461 31.9675 104.739 2.18048
internal_count=14037 9354 2236 2054 4683 1600 3083 987 613 1559 182
cat_boundaries=0 1 2
cat_threshold=12 8
is_linear=0
shrinkage=0.05


Tree=59
num_leaves=8
num_cat=1
split_feature=0 5 26 41 30 12 24
split_gain=10.2078 6.89576 6.61184 8.91223 4.21528 1.28015 0.743004
threshold=0 0.87709077819680659 21.950000000000003 65.200000000000003 15.950000000000001 27.500000000000004 61.500000000000007
decision_type=1 2 2 2 2 2 2
left_child=1 2 3 -1 -4 -3 -7
right_child=-2 5 4 -5 -6 6 -8
leaf_value=0.015460436781115999 -0.030014005548947228 0.017902795352397898 -0.023198098511977218 -0.0086654978427378113 0.018715792629014568 -0.046158222330551245 0.0029741475802620015
leaf_weight=124.99719997355714 16.416539861238562 0.43000040017068286 29.195824778173119 54.217652313644066 6.6833672197535625 8.0131302983500028 0.71370228775777
leaf_count=2749 7004 11 1093 1812 381 926 37
internal_value=-0.0012224 0.00224214 0.00422408 0.00815406 -0.0150948 -0.0379382 -0.0422474
internal_weight=240.667 224.251 215.094 179.215 35.8792 9.15683 8.72683
internal_count=14013 7009 6035 4561 1474 974 963
cat_boundaries=0 1
cat_threshold=13
is_linear=0
shrinkage=0.05


Tree=60
num_leaves=12
num_cat=1
split_feature=0 5 4 44 5 43 43 43 5 44 12
split_gain=10.1049 20.5781 31.514 18.4876 10.7693 11.4012 13.7286 12.23 10.5508 12.3961 9.3679
threshold=0 -0.71502926860092908 -0.37447345805034538 46.250000000000007 -0.3744658827978154 36.250000000000007 37.550000000000004 18.750000000000004 -0.14250536273956088 38.70000000000001 73.500000000000014
decision_type=1 2 2 2 2 2 2 2 2 2 2
left_child=4 2 3 -2 5 7 -7 -1 9 -6 -10
right_child=1 -3 -4 -5 8 6 -8 -9 10 -11 -12
leaf_value=-0.0031464030134012292 0.13525865500475542 -0.048988879117350809 -0.044667531681075193 -0.032750615846427876 0.072416544104367694 0.10902773881560937 -0.035862748273576876 -0.050994570611990434 0.00086612049545585566 -0.0043024445871564362 0.055430549401657717
leaf_weight=37.36552636930719 5.1152712011244148 29.767351145390421 7.8193117094924656 1.7791869905777273 12.607672234531494 2.9214282762259236 2.1441572434268892 19.907895250245929 104.42703981115483 8.4141484592109901 7.5100595739204428
leaf_count=998 422 6818 1920 237 153 53 75 772 2295 209 130
internal_value=-0.00219804 -0.0209994 0.0217762 0.0932456 0.0030821 -0.013769 0.0518971 -0.0203678 0.0112568 0.0429082 0.00498534
internal_weight=239.779 44.4811 14.7138 6.89446 195.298 62.339 5.06559 57.2734 132.959 21.0218 111.937
internal_count=14082 9397 2579 659 4685 1898 128 1770 2787 362 2425
cat_boundaries=0 1
cat_threshold=9
is_linear=0
shrinkage=0.05


Tree=61
num_leaves=8
num_cat=1
split_feature=0 26 5 4 30 19 5
split_gain=8.86673 7.18699 6.98584 8.1753 4.02103 4.89391 4.69699
threshold=0 22.550000000000004 0.89309379682046119 -0.78326540922535159 17.150000000000002 27.034027500000004 0.67007489853957602
decision_type=1 2 2 2 2 2 2
left_child=1 2 3 -1 6 -6 -3
right_child=-2 4 -4 -5 5 -7 -8
leaf_value=-0.015726964651897345 -0.029172697868059663 -0.044100148631427465 -0.044033466673145429 0.011365512529662478 -0.025165817514240671 0.059823670669583641 0.013086822025629111
leaf_weight=32.893904149997979 15.321479784324763 16.228475045412786 6.0705503243952981 156.90082635986619 2.8451768807135513 2.1139279110357165 4.0432508275844148
leaf_count=1144 6995 828 859 3751 210 93 127
internal_value=-0.00177701 0.00149066 0.00482683 0.00661221 -0.0230362 0.0150223 -0.032615
internal_weight=236.418 221.096 195.865 189.795 25.2308 4.9591 20.2717
internal_count=14007 7012 5754 4895 1258 303 955
cat_boundaries=0 1
cat_threshold=13
is_linear=0
shrinkage=0.05


Tree=62
num_leaves=9
num_cat=1
split_feature=0 34 34 43 26 31 4 25
split_gain=9.41093 5.92143 6.42854 7.05872 5.26169 3.58064 1.6972 0.00912165
threshold=0 21.700000000000006 24.250000000000004 36.250000000000007 17.150000000000002 22.150000000000002 0.77788564761185042 5.6416670000000009
decision_type=1 2 2 2 2 2 2 2
left_child=1 5 3 -3 -4 7 -7 -1
right_child=-2 2 4 -5 -6 6 -8 -9
leaf_value=0.039340464932096232 -0.028908276655628663 0.007085434661550212 -0.038007157444451795 0.050400960538228248 -0.00094673013487200268 -0.047296002413438121 -0.003069379914604983 0.0078793412940353271
leaf_weight=0.6111290887929488 14.995422602165489 151.33571443753317 12.08147076750174 9.0825669760815781 35.953504805918783 8.8327286718413216 2.9700130913406602 0.66076132631860673
leaf_count=12 7038 4015 443 154 1483 719 124 58
internal_value=-0.000407907 0.00281513 0.00503865 0.00983492 -0.010853 -0.0284743 -0.0372759 0.0336584
internal_weight=236.523 221.528 208.453 160.418 48.035 13.0746 11.8027 1.27189
internal_count=14046 7008 6095 4169 1926 913 843 70
cat_boundaries=0 1
cat_threshold=13
is_linear=0
shrinkage=0.05


Tree=63
num_leaves=9
num_cat=2
split_feature=0 36 29 33 1 25 39 44
split_gain=8.85582 6.88914 12.3722 9.77745 6.97079 6.86058 6.33058 3.1787
threshold=0 94.500000000000014 2.5000000000000004 36.850000000000001 1 10.761111000000001 20.150000000000002 49.150000000000006
decision_type=1 2 2 2 1 2 2 2
left_child=1 2 7 5 -5 -3 -4 -1
right_child=-2 3 6 4 -6 -7 -8 -9
leaf_value=-0.041269126839367697 -0.028492551653524725 0.00099203629508098955 -0.04278876564031181 0.11631689566202655 -0.0051527270695191155 0.029313725125698627 0.028454283229810879 0.023358107874162367
leaf_weight=24.053967004176233 14.497921735397538 151.90820613270625 2.905225430615249 2.4188492484390727 1.6797781558707354 23.900634506018832 15.680272745899854 1.4318396458402265
leaf_count=1008 7009 4813 72 32 27 713 334 27
internal_value=-0.000545544 0.00253579 -0.0148571 0.00699519 0.0752873 0.00498629 0.0157017 -0.0368934
internal_weight=238.477 223.979 44.0713 179.907 4.09863 175.809 18.5855 25.4858
internal_count=14035 7026 1441 5585 59 5526 406 1035
cat_boundaries=0 1 2
cat_threshold=13 1
is_linear=0
shrinkage=0.05


Tree=64
num_leaves=6
num_cat=2
split_feature=0 9 33 39 1
split_gain=8.5408 6.60657 6.53491 14.3793 7.03793
threshold=0 26.450000000000003 36.850000000000001 20.850000000000005 1
decision_type=1 2 2 2 1
left_child=1 2 4 -4 -1
right_child=-2 -3 3 -5 -6
leaf_value=-0.0090722997327010585 -0.028109308288198978 -0.044640591631957972 0.10101779874597089 -0.015967767703646812 0.0096938434130900159
leaf_weight=81.196572741959244 14.055767120560629 6.1350059490650883 4.2544732633978111 4.7847734512761235 126.49842187738977
leaf_count=3203 6991 373 53 182 3192
internal_value=-0.000395704 0.00260895 0.00426512 0.0436711 0.00234906
internal_weight=236.925 222.869 216.734 9.03925 207.695
internal_count=13994 7003 6630 235 6395
cat_boundaries=0 1 2
cat_threshold=13 1
is_linear=0
shrinkage=0.05


Tree=65
num_leaves=6
num_cat=3
split_feature=0 9 33 1 1
split_gain=7.7163 5.82795 5.4811 15.4086 5.9554
threshold=0 26.450000000000003 36.850000000000001 1 2
decision_type=1 2 2 1 1
left_child=1 2 4 -4 -1
right_child=-2 -3 3 -5 -6
leaf_value=-0.0093942869519005948 -0.027746025026048816 -0.044082486074815588 0.093868426624480653 -0.01862042588329885 0.0078940984629178139
leaf_weight=79.785666482988745 13.650681438157333 5.7346527143381527 4.8690623547881824 5.7597679574973881 128.96274034655653
leaf_count=3201 6989 372 130 133 3204
internal_value=-0.00120442 0.00167372 0.00314036 0.0365514 0.00127302
internal_weight=238.763 225.112 219.377 10.6288 208.748
internal_count=14029 7040 6668 263 6405
cat_boundaries=0 1 2 3
cat_threshold=13 1 1
is_linear=0
shrinkage=0.05


Tree=66
num_leaves=9
num_cat=1
split_feature=0 4 4 31 7 34 13 14
split_gain=7.9398 5.75392 9.18694 13.2831 6.32277 2.22246 0.642259 0.43131
threshold=0 0.9962888416657264 0.94704596667653973 38.000000000000007 29.489583000000003 23.450000000000003 7.5270835000000007 18.450000000000003
decision_type=1 2 2 2 2 2 2 2
left_child=1 2 4 -4 -1 7 -7 -3
right_child=-2 5 3 -5 -6 6 -8 -9
leaf_value=0.0023369919522441265 -0.027479353608797021 -0.015050364937768686 0.049899208487326568 -0.024756130321115958 -0.040409027572139655 -0.0011273579662355465 -0.052403249306377367 0.014215914279454501
leaf_weight=177.41435738338623 13.361716896877622 1.2394251287914797 21.143598808441315 7.4521619994193307 8.0916692242026311 0.7189886700361966 5.8909890414215624 1.8910179100930689
leaf_count=5873 7031 25 292 311 354 10 156 22
internal_value=-0.000335114 0.0025107 0.00439454 0.0302646 0.000265768 -0.0331136 -0.0477069 0.00179019
internal_weight=237.204 223.842 214.102 28.5958 185.506 9.74042 6.60998 3.13044
internal_count=14074 7043 6830 603 6227 213 166 47
cat_boundaries=0 1
cat_threshold=13
is_linear=0
shrinkage=0.05


Tree=67
num_leaves=8
num_cat=0
split_feature=5 34 6 40 44 4 33
split_gain=5.95331 6.44893 5.41712 5.94072 5.24605 7.19001 2.44527
threshold=0.90070004940655357 24.250000000000004 1.5000000000000002 8.5500000000000025 52.000000000000007 -0.79384350655589164 34.550000000000004
decision_type=2 2 2 2 2 2 2
left_child=1 4 3 -3 5 -1 -4
right_child=-2 2 6 -5 -6 -7 -8
leaf_value=-0.016018364768104629 -0.043664219777954157 -0.039978597755947823 -0.03325121198215715 0.030861429807599414 0.070811841485260818 0.0097441736158984556 -0.0070605682465532602
leaf_weight=32.341620527789928 6.4910971790086469 3.0693991234293199 22.917084515793249 10.281599625712259 2.0860673728166139 144.32519024575595 15.259071141947059
leaf_count=2258 1773 291 2096 469 74 6057 1027
internal_value=0.000205407 0.00162544 -0.0137946 0.0129244 0.00612244 0.00496432 -0.0232302
internal_weight=236.771 230.28 51.5272 13.351 178.753 176.667 38.1762
internal_count=14045 12272 3883 760 8389 8315 3123
is_linear=0
shrinkage=0.05


Tree=68
num_leaves=7
num_cat=1
split_feature=0 21 40 5 39 27
split_gain=7.92936 5.58221 5.70693 5.75267 2.5245 1.48139
threshold=0 25.950000000000003 110.25000000000001 0.90070004940655357 16.750000000000004 27.050000000000004
decision_type=1 2 2 2 2 2
left_child=1 2 3 -1 -4 -3
right_child=-2 5 4 -5 -6 -7
leaf_value=0.0080449622719815442 -0.027079112315472421 -0.044667816634161125 0.015739549937235562 -0.041963009381165962 -0.041481100981729219 0.021934199033786392
leaf_weight=198.91747465101071 12.939934059744699 6.2797396597452453 1.8711715582758177 4.9397367967758319 8.1468498606700432 0.34420053847134102
leaf_count=5190 7051 409 56 882 469 4
internal_value=0.000345039 0.00314974 0.00476951 0.00663428 -0.0303349 -0.0387839
internal_weight=233.439 220.499 213.875 203.857 10.018 6.62394
internal_count=14061 7010 6597 6072 525 413
cat_boundaries=0 1
cat_threshold=13
is_linear=0
shrinkage=0.05


Tree=69
num_leaves=10
num_cat=1
split_feature=0 39 44 34 24 44 35 43 39
split_gain=8.23675 7.87581 8.94971 9.27359 6.36055 5.62176 5.34912 7.35208 5.63894
threshold=0 18.550000000000004 36.20000000000001 23.350000000000005 33.500000000000007 52.000000000000007 87.910714500000026 19.200000000000006 22.150000000000002
decision_type=1 2 2 2 2 2 2 2 2
left_child=5 -2 3 -3 -4 6 7 -1 -8
right_child=1 2 4 -5 -6 -7 8 -9 -10
leaf_value=0.0089468462438649504 -0.047106355610784988 -0.039008313592214086 0.01937822364133136 0.046270286913861092 -0.028242480845735291 0.069786440887459208 0.050883862184672737 -0.016320730565533036 -0.018452750982595325
leaf_weight=114.13546607154422 13.813172574969938 3.4110132040223098 8.1631605159491283 11.702677453984505 31.6538511805702 2.48031729646027 10.551278634928165 37.406549280043691 3.3472516066394737
leaf_count=1552 3511 919 1108 1097 5072 33 92 584 84
internal_value=0.000534139 -0.0128758 -0.00588174 0.0257973 -0.0182439 0.00644816 0.00547241 0.00264371 0.0340674
internal_weight=236.665 68.7439 54.9307 15.1137 39.817 167.921 165.441 151.542 13.8985
internal_count=14052 11707 8196 2016 6180 2345 2312 2136 176
cat_boundaries=0 1
cat_threshold=8
is_linear=0
shrinkage=0.05


Tree=70
num_leaves=12
num_cat=1
split_feature=5 39 43 1 22 4 44 42 15 37 5
split_gain=5.35994 8.60656 9.60552 14.8706 6.0999 7.6385 10.1986 7.01356 2.86704 1.65042 0.590733
threshold=-0.88620506325989179 20.000000000000004 17.600000000000005 0 89.048611500000007 -0.79384350655589164 46.600000000000001 6.5000000000000009 15.050000000000002 68.500000000000014 0.75438814418115718
decision_type=2 2 2 1 2 2 2 2 2 2 2
left_child=1 2 3 -1 5 6 -2 -7 9 -6 -10
right_child=4 -3 -4 -5 8 7 -8 -9 10 -11 -12
leaf_value=-0.040549583320934238 -0.032251784449186735 -0.048825365044381307 -0.043886955890707242 0.080916087836841871 0.077084931976770285 -0.0067434557110030886 0.047219447140176979 0.013596462721453942 -0.027313413579723285 0.0059686288314465159 0.016974639742441643
leaf_weight=3.3249262676108646 30.165178526192904 13.98820986796636 5.1761540120933196 5.5081893778406084 3.3636678841430685 84.93871048220899 3.7398515096865586 82.723160555586219 0.89068636798765488 1.2229491915786637 0.40258108358830214
leaf_count=205 2121 1559 464 192 144 5451 222 3602 67 43 10
internal_value=-0.0023359 -0.0224714 0.00534274 0.0357204 0.000476398 -0.00109842 -0.0223842 0.00331323 0.0467752 0.0625855 -0.0121367
internal_weight=235.444 27.9975 14.0093 8.83312 207.447 201.567 33.905 167.662 5.87988 4.58662 1.29327
internal_count=14080 2420 861 397 11660 11396 2343 9053 264 187 77
cat_boundaries=0 1
cat_threshold=1
is_linear=0
shrinkage=0.05


Tree=71
num_leaves=7
num_cat=1
split_feature=0 21 44 4 42 20
split_gain=6.5401 5.15482 5.55733 10.0622 7.13943 1.51158
threshold=0 25.950000000000003 34.400000000000013 -0.99630266176052629 3.5000000000000004 33.150000000000013
decision_type=1 2 2 2 2 2
left_child=1 2 3 -1 -4 -3
right_child=-2 5 4 -5 -6 -7
leaf_value=0.099262339807584976 -0.026412602690475597 0.022309961235696774 -0.01735758336148872 -0.016255486413609476 0.011345690104172945 -0.044848856020391029
leaf_weight=0.97311628237366576 12.267906927736474 0.34354987926781078 24.518821982201189 47.250210694270208 145.14423328870907 6.3001706660725176
leaf_count=29 7027 6 869 1981 3744 406
internal_value=-0.00119979 0.00139794 0.00286307 -0.0119552 0.00712024 -0.0389116
internal_weight=236.798 224.53 217.886 48.2233 169.663 6.64372
internal_count=14062 7035 6623 2010 4613 412
cat_boundaries=0 1
cat_threshold=13
is_linear=0
shrinkage=0.05


Tree=72
num_leaves=8
num_cat=2
split_feature=0 34 34 1 37 27 4
split_gain=6.09256 4.7627 5.18089 8.91498 6.26804 0.76879 0.427477
threshold=0 21.050000000000004 24.250000000000004 1 34.500000000000007 5.5000000000000009 0.77788564761185042
decision_type=1 2 2 1 2 2 2
left_child=1 5 3 -3 -4 -1 -7
right_child=-2 2 4 -5 -6 6 -8
leaf_value=-0.044256977555444339 -0.026048062321745519 -0.0087462642239358006 0.022683233718998438 0.014911725944459941 -0.021403794018011416 -0.01634447731475365 0.023043053206397476
leaf_weight=5.5454159554792559 11.916552511858752 61.455954793025739 9.3432119968347234 109.42778020573314 37.16614329116419 0.45921839075162996 0.32593145687133074
leaf_count=527 7021 2262 386 2240 1526 76 6
internal_value=-0.00152881 0.00100183 0.00237246 0.00640207 -0.0122562 -0.0386023 0.00375506
internal_weight=235.64 223.724 217.393 170.884 46.5094 6.33057 0.78515
internal_count=14044 7023 6414 4502 1912 609 82
cat_boundaries=0 1 2
cat_threshold=13 1
is_linear=0
shrinkage=0.05


Tree=73
num_leaves=8
num_cat=1
split_feature=0 5 39 43 36 29 31
split_gain=5.60651 5.14008 6.1245 8.42085 6.01628 10.4923 7.93611
threshold=0 -0.91595872546125101 20.000000000000004 17.600000000000005 94.500000000000014 2.5000000000000004 34.750000000000007
decision_type=1 2 2 2 2 2 2
left_child=1 2 3 -1 5 -3 -6
right_child=-2 4 -4 -5 6 -7 -8
leaf_value=0.038988043420640384 -0.025744349724862364 -0.03433962631691611 -0.048100650183847571 -0.043054341899402014 -0.0028436774453578268 0.014516118300645812 0.019459394261775124
leaf_weight=6.3043365147896129 11.631801335723138 24.546575189102441 10.360926479566841 4.4770179763436317 86.569492796552368 18.516329320613295 72.617532604839653
leaf_count=155 7030 1025 668 226 2822 395 1727
internal_value=-0.00207844 0.000392842 -0.0224681 0.00415677 0.00290074 -0.0134798 0.00738845
internal_weight=235.024 223.392 21.1423 10.7814 202.25 43.0629 159.187
internal_count=14048 7018 1049 381 5969 1420 4549
cat_boundaries=0 1
cat_threshold=13
is_linear=0
shrinkage=0.05


Tree=74
num_leaves=9
num_cat=1
split_feature=0 36 29 43 5 5 32 36
split_gain=5.5679 5.54016 8.0226 7.40911 9.33195 5.54614 4.06346 2.13755
threshold=0 94.500000000000014 2.5000000000000004 17.600000000000005 -0.88620506325989179 0.90070004940655357 28.479464000000004 83.500000000000014
decision_type=1 2 2 2 2 2 2 2
left_child=1 2 7 5 -5 -3 -4 -1
right_child=-2 3 6 4 -6 -7 -8 -9
leaf_value=0.0079410935884094962 -0.025409737168040659 0.015695889658296672 -0.039577538267709607 -0.047544164918322425 0.0002812633598552693 -0.039859094193814601 0.0190247950118804 -0.038634147065787897
leaf_weight=2.4204669834580299 11.32599721313454 99.991818251786754 2.6162675973027971 11.008159207412971 67.657069485750981 3.7640074337832621 15.982888414058833 21.541393288061954
leaf_count=45 7021 2141 86 750 2035 721 313 991
internal_value=-0.00163235 0.000762465 -0.0152368 0.00459958 -0.00692406 0.0133192 0.00918269 -0.0337998
internal_weight=236.308 224.982 42.561 182.421 78.6652 103.756 18.5992 23.9619
internal_count=14103 7082 1435 5647 2785 2862 399 1036
cat_boundaries=0 1
cat_threshold=13
is_linear=0
shrinkage=0.05


Tree=75
num_leaves=9
num_cat=2
split_feature=0 44 39 1 5 26 8 5
split_gain=5.49515 5.18062 5.40857 13.5412 7.36604 4.73694 5.63568 1.356
threshold=0 34.400000000000013 21.950000000000003 1 -0.59867820553660911 17.550000000000004 33.750000000000007 -0.90892157495189674
decision_type=1 2 2 1 2 2 2 2
left_child=1 5 4 -4 -3 6 -1 -7
right_child=-2 2 3 -5 -6 7 -8 -9
leaf_value=-0.011358144327199865 -0.025106834537420075 0.032844086447928293 -0.036107429933933503 0.010246567614222999 0.003798915585166077 -0.0019787906892685301 0.04620240134465306 -0.048495144141416244
leaf_weight=33.87767608044669 11.056391010642981 29.558342998381704 23.15053244959563 44.455638477695175 77.54037128307391 1.9680441040545691 3.8504248482640824 8.8228846151614544
leaf_count=1422 7043 769 1288 1290 1632 60 103 452
internal_value=-0.00132721 0.00103106 0.00509821 -0.00592147 0.0120448 -0.0132127 -0.00444237 -0.0408988
internal_weight=234.28 223.224 174.705 67.6062 107.099 48.519 37.7281 10.7909
internal_count=14059 7016 4979 2578 2401 2037 1525 512
cat_boundaries=0 1 2
cat_threshold=13 1
is_linear=0
shrinkage=0.05


Tree=76
num_leaves=9
num_cat=1
split_feature=0 40 36 19 38 39 35 19
split_gain=5.99824 4.40548 5.01177 8.14123 6.66219 2.29252 3.08487 1.25543
threshold=0 110.25000000000001 94.500000000000014 28.313194500000005 10.700298000000002 16.750000000000004 86.669643000000022 27.438889000000003
decision_type=1 2 2 2 2 2 2 2
left_child=1 2 3 -1 -4 6 -3 -7
right_child=-2 5 4 -5 -6 7 -8 -9
leaf_value=-0.046446690263572822 -0.024881704078568295 -0.030428529448593283 0.0037322452970831744 0.0022213121743333642 0.031092553272628855 -0.046059458774778822 0.059267173630866782 0.014701910911633238
leaf_weight=10.855028240941463 10.860164945130235 1.1478776708245257 146.82618501735851 30.924803778994828 25.306507830973715 6.9411190061364323 0.79030554508790363 0.48794000223278988
leaf_count=501 7077 25 4506 940 575 431 27 19
internal_value=0.000182409 0.00250474 0.00414098 -0.0112135 0.00791104 -0.02924 0.013869 -0.0407979
internal_weight=234.14 223.28 213.913 41.7798 172.133 9.36724 1.93818 7.42906
internal_count=14101 7024 6522 1441 5081 502 52 450
cat_boundaries=0 1
cat_threshold=13
is_linear=0
shrinkage=0.05


Tree=77
num_leaves=8
num_cat=2
split_feature=5 0 19 4 38 43 1
split_gain=5.3742 5.11612 4.69361 5.21992 3.68894 6.11349 6.23417
threshold=-0.93543596745397617 0 30.295139000000002 -0.79384350655589164 7.6613095000000007 17.900000000000002 1
decision_type=2 1 2 2 2 2 1
left_child=4 2 3 -2 5 6 -1
right_child=1 -3 -4 -5 -6 -7 -8
leaf_value=-0.033877415991226408 -0.012579852599466663 -0.022877869715880045 -0.042404001576841883 0.0084980525834881995 -0.047360201619621886 -0.042487428519303157 0.063438006829517765
leaf_weight=1.8093789478298294 34.701005207840353 9.2503274577902612 4.4092534303199491 166.38378033635672 8.9773853579536063 4.3780672019347548 3.491840171511285
leaf_count=134 1234 6112 335 4560 1088 448 134
internal_value=-0.000983732 0.00130091 0.00343635 0.00481641 -0.0260091 -0.00362584 0.0301178
internal_weight=233.401 214.744 205.494 201.085 18.6567 9.67929 5.30122
internal_count=14045 12241 6129 5794 1804 716 268
cat_boundaries=0 1 2
cat_threshold=13 1
is_linear=0
shrinkage=0.05


Tree=78
num_leaves=13
num_cat=1
split_feature=0 33 4 43 43 38 5 39 35 44 43 44
split_gain=6.74927 18.6648 17.9655 9.73123 8.34434 8.52361 6.78199 6.32709 6.02218 5.51435 4.14855 2.55272
threshold=0 34.750000000000007 0.63920241694561786 6.0500000000000007 2.0500000000000003 11.183035500000001 -0.8611288361322974 25.950000000000003 62.044643000000001 38.000000000000007 1.3500000000000003 49.150000000000006
decision_type=1 2 2 2 2 2 2 2 2 2 2 2
left_child=4 -2 10 -4 8 7 -7 -6 9 -1 -3 -10
right_child=1 2 3 -5 5 6 -8 -9 11 -11 -12 -13
leaf_value=0.032337410378348183 -0.048783501391035808 0.13236499885947475 -0.04417781318703707 0.044372199550504275 0.0017051077242926571 -0.033567905483319636 0.054006834041244012 0.058876317260543293 -0.038317251934292453 -0.024388965492902433 -0.013542594361710287 0.01964834171248795
leaf_weight=8.1414180014980939 24.0492818338098 2.5035694064572449 6.7797158146277052 4.1901211231015623 137.98449861095287 1.9112306642346073 13.532917066011576 4.0184824878815553 21.273373737232763 7.1006504904944441 0.36414006154518563 1.4748385753482569
leaf_count=114 7142 132 1514 519 3045 127 220 100 816 199 85 21
internal_value=-0.00161011 -0.0182076 0.0223677 -0.00947329 0.00248415 0.00769724 0.0417871 0.00372337 -0.0181272 0.00603638 0.115127 -0.03389
internal_weight=233.324 37.8868 13.8375 10.9698 195.437 157.447 15.4441 142.003 37.9903 15.2421 2.86771 22.7482
internal_count=14034 9392 2250 2033 4642 3492 347 3145 1150 313 217 837
cat_boundaries=0 1
cat_threshold=12
is_linear=0
shrinkage=0.05


Tree=79
num_leaves=11
num_cat=1
split_feature=0 39 22 43 43 40 4 44 5 44
split_gain=4.83447 7.45104 7.25317 10.4885 9.96856 8.42579 6.59605 6.07 7.78206 4.05975
threshold=0 18.550000000000004 86.51388900000002 13.100000000000001 25.000000000000004 73.40000000000002 0.61915405168109316 45.20000000000001 -0.71502926860092908 45.20000000000001
decision_type=1 2 2 2 2 2 2 2 2 2
left_child=2 -2 5 -4 -5 6 -1 8 -3 -7
right_child=1 7 3 4 -6 9 -8 -9 -10 -11
leaf_value=-0.011715826681613849 -0.046693913824211626 0.030585966937649735 0.095190464396426241 -0.012480755103815466 0.037278395950881921 -0.050662323925905389 0.012479096944284234 -0.044434408797419125 -0.012020753158353568 0.024266902886085653
leaf_weight=47.711835167137906 12.155917585070709 15.206359606701875 3.3914872985333195 19.018019585404545 19.516681712120771 10.554253094829617 65.847117779310793 7.1072136280126861 30.669510627049025 1.5267040990293015
leaf_count=832 3506 1686 30 283 288 196 690 1445 5037 28
internal_value=-0.000800521 -0.0112892 0.00376588 0.0217354 0.0130263 -0.00205747 0.00230006 -0.00454297 0.0024532 -0.0400621
internal_weight=232.705 65.139 167.566 41.9262 38.5347 125.64 113.559 52.9831 45.8759 12.081
internal_count=14021 11674 2347 601 571 1746 1522 8168 6723 224
cat_boundaries=0 1
cat_threshold=8
is_linear=0
shrinkage=0.05


Tree=80
num_leaves=8
num_cat=0
split_feature=34 34 34 37 43 19 22
split_gain=4.64543 5.42961 5.57526 9.20748 5.40604 1.91643 0.654032
threshold=25.750000000000004 25.450000000000003 24.250000000000004 36.500000000000007 36.250000000000007 29.327778000000006 82.236111000000008
decision_type=2 2 2 2 2 2 2
left_child=1 2 4 -4 -1 6 -3
right_child=-2 5 3 -5 -6 -7 -8
leaf_value=0.00012116470143816918 -0.04344067929848041 0.06844590007781691 0.02743877699380436 -0.030309606134459051 0.034885781204447505 -0.017692579364751129 0.012555657127598733
leaf_weight=174.16428646573331 5.346057105343788 3.0123146027326575 7.9441796332830554 31.188034946972039 10.950427897041662 0.52523067535366852 1.2086648218100888
leaf_count=9875 725 98 407 2554 331 66 45
internal_value=-0.00124234 -7.25809e-05 -0.00129665 -0.0181946 0.00235405 0.0479224 0.0579121
internal_weight=234.339 228.993 224.247 39.1322 185.115 4.74621 4.22098
internal_count=14101 13376 13167 2961 10206 209 143
is_linear=0
shrinkage=0.05


Tree=81
num_leaves=11
num_cat=1
split_feature=26 15 5 4 39 40 25 39 4 1
split_gain=6.11515 7.33933 5.90527 4.47286 4.30657 3.72305 3.18238 3.11423 3.46183 2.55951
threshold=22.550000000000004 14.050000000000002 0.89691351184655443 -0.78326540922535159 15.15 75.050000000000011 7.1131945000000005 24.150000000000002 0.98049069993378934 0
decision_type=2 2 2 2 2 2 2 2 2 1
left_child=1 2 3 -1 9 -6 -2 -8 -9 -3
right_child=6 4 -4 -5 5 -7 7 8 -10 -11
leaf_value=-0.012345581842813933 0.051407459818311713 -0.020428726827586167 -0.042401746849804571 0.011030109662618795 -0.0033676717680956717 -0.040420493657143994 -0.047913067548143964 -0.020288752352069655 0.042939603767728707 0.073165078000013622
leaf_weight=22.926497019361705 0.46590708545409398 0.60505565756466484 5.0825821749167508 145.88675976736704 11.558332371059807 16.098758702748455 9.5294627696275729 13.661034664546603 1.5827378354733799 0.96764870872721076
leaf_count=1491 50 45 1654 6380 595 1295 1020 1276 129 48
internal_value=-0.000745855 0.00217817 0.00610008 0.00780146 -0.0205843 -0.0255934 -0.0234647 -0.0268127 -0.0114845 0.0432129
internal_weight=228.365 203.126 173.896 168.813 29.2298 27.6571 25.2391 24.7732 15.2438 1.5727
internal_count=13983 11508 9525 7871 1983 1890 2475 2425 1405 93
cat_boundaries=0 1
cat_threshold=1
is_linear=0
shrinkage=0.05


Tree=82
num_leaves=14
num_cat=1
split_feature=0 24 4 5 6 20 44 38 15 22 44 2 4
split_gain=6.43951 6.53936 9.44648 6.32991 6.41394 6.00595 5.28981 5.37297 4.12259 3.15691 1.7258 1.16192 2.49257
threshold=0 33.500000000000007 0.64579916509010216 -0.091258822863740582 1.5000000000000002 34.750000000000007 49.150000000000006 11.772321500000002 13.950000000000001 67.298611500000007 38.350000000000009 8.5000000000000018 0.98049069993378934
decision_type=1 2 2 2 2 2 2 2 2 2 2 2 2
left_child=6 2 5 4 -3 -2 7 8 -1 -4 -9 12 -8
right_child=1 3 9 -5 -6 -7 11 10 -10 -11 -12 -13 -14
leaf_value=0.0065465962153664573 -0.025079590656551423 0.02214225555980015 -0.041323155858906585 -0.047825243420635745 -0.023879247004692416 0.091167683469813077 -0.028096096033209575 0.012632332361907601 -0.016187941474100256 0.040876355248807741 -0.047303213580041817 0.069217912144731733 0.046304261867969765
leaf_weight=133.28127634036355 0.9920250636059772 9.5622392583172751 4.3717485369415954 17.538238645356614 26.492247033398598 3.4947416712529957 1.1082962756045156 1.0046275286003936 22.445096891839057 0.63381261122412969 6.1706817757803947 2.3988641798496246 1.6012388356029985
leaf_count=1710 340 717 908 4574 4941 139 41 14 363 51 190 16 9
internal_value=-0.00268181 -0.0149098 0.0195021 -0.0239815 -0.0114054 0.0655789 0.00269348 0.0011329 0.00318745 -0.0258416 -0.0383928 0.0485358 0.0165017
internal_weight=231.095 63.0851 9.49233 53.5927 36.0545 4.48677 168.01 162.902 155.726 5.00556 7.17531 5.1084 2.70954
internal_count=14013 11670 1438 10232 5658 479 2343 2277 2073 959 204 66 50
cat_boundaries=0 1
cat_threshold=8
is_linear=0
shrinkage=0.05


Tree=83
num_leaves=6
num_cat=1
split_feature=0 34 5 39 4
split_gain=4.62178 3.97556 4.34014 5.3544 4.68271
threshold=0 20.950000000000003 -0.93543596745397617 20.000000000000004 0.9962888416657264
decision_type=1 2 2 2 2
left_child=1 -1 3 -3 -4
right_child=-2 2 4 -5 -6
leaf_value=-0.041820696437337351 -0.023058089273910131 0.0057178887638592276 0.0068353872023538004 -0.04724978136520299 -0.026944098963508162
leaf_weight=4.0935852689435697 9.3873271489283052 9.4566315049305576 188.31942455947865 8.2524684509262425 9.8720867447555047
leaf_count=518 7040 350 5395 573 219
internal_value=-0.000257678 0.00177809 0.00287572 -0.0201713 0.00502598
internal_weight=229.382 219.994 215.901 17.7091 198.192
internal_count=14095 7055 6537 923 5614
cat_boundaries=0 1
cat_threshold=13
is_linear=0
shrinkage=0.05


Tree=84
num_leaves=9
num_cat=0
split_feature=40 9 5 26 7 27 30 19
split_gain=4.57952 4.79171 4.74001 4.29353 2.49451 1.24208 0.800824 0.575395
threshold=110.25000000000001 26.450000000000003 0.90070004940655357 12.65 25.960416500000004 53.150000000000006 36.250000000000007 27.040972500000006
decision_type=2 2 2 2 2 2 2 2
left_child=1 2 3 -1 5 -2 -6 -8
right_child=4 -3 -4 -5 6 -7 7 -9
leaf_value=0.038089595634786803 0.052117028715233098 -0.042992469543773587 -0.041954267346423699 0.0016774742654916885 -0.046733859824260447 -0.017424491540596686 -0.01933935159752205 0.025662783688994842
leaf_weight=7.4378530642134129 0.43530852213734661 5.1108927802415556 4.9952293039532369 203.33152690378483 7.4695163572323491 0.48633569077355787 0.56292382773244742 0.30534455762244761
leaf_count=461 20 746 1799 10050 863 63 44 21
internal_value=-0.000838158 0.000675638 0.00190358 0.00313622 -0.0334946 0.0254498 -0.0420378 0.0017518
internal_weight=230.135 220.876 215.765 210.769 9.25943 0.921644 8.33778 0.868268
internal_count=14067 13056 12310 10511 1011 83 928 65
is_linear=0
shrinkage=0.05


Tree=85
num_leaves=11
num_cat=1
split_feature=34 40 22 1 4 20 14 39 4 27
split_gain=4.35145 4.46467 4.92812 7.07658 5.4587 2.67244 5.99518 3.09302 0.624711 0.516469
threshold=21.050000000000004 103.95000000000002 86.631944500000017 0 -0.76141707087277943 32.150000000000013 15.550000000000002 16.250000000000004 0.78857998149907527 3.7500000000000004
decision_type=2 2 2 1 2 2 2 2 2 2
left_child=8 2 4 -4 -2 7 -7 -3 -1 -10
right_child=1 5 3 -5 -6 6 -8 -9 9 -11
leaf_value=-0.044613894315046858 -0.029122214145343835 0.031964171146773149 -0.011479903851532983 0.0313194500194586 0.00040292836543547077 -0.035004799790019789 0.080761896308964437 -0.044671490375492347 -0.019412024935395737 0.022731767384413171
leaf_weight=5.6397232924937262 16.415652847324964 0.77181330340681498 14.180977626296226 26.680049224407412 154.57225381472381 1.8609945832286023 0.86533797695301462 10.475846119690685 0.60265460272785265 0.33073275140486658
leaf_count=1133 893 64 1132 1160 8190 162 46 1133 79 11
internal_value=-0.00194709 -0.000693753 0.00116585 0.0165464 -0.00258447 -0.0270809 0.0135521 -0.0372323 -0.0392289 -0.000445262
internal_weight=232.396 225.823 211.849 40.861 170.988 13.974 2.72633 11.2477 6.57311 0.933387
internal_count=14003 12780 11375 2292 9083 1405 208 1197 1223 90
cat_boundaries=0 1
cat_threshold=1
is_linear=0
shrinkage=0.05


Tree=86
num_leaves=9
num_cat=3
split_feature=0 19 5 22 1 43 32 1
split_gain=3.94853 3.86762 7.27494 5.79425 17.2085 6.90689 5.60443 5.12863
threshold=0 26.553472500000002 0.71952396275653763 86.125000000000014 1 19.200000000000006 26.743750000000002 2
decision_type=1 2 2 2 1 2 2 1
left_child=1 2 6 5 -5 -3 -1 -4
right_child=-2 3 7 4 -6 -7 -8 -9
leaf_value=-0.045743600971000248 -0.022748598489626598 0.0037295041905013671 0.043746519942077094 0.046143203788971826 -0.030368315991124734 -0.025149996998807447 0.019009436255790976 -0.014032665874068304
leaf_weight=16.204031125875193 9.1570443007512932 130.09348914457951 6.000312500051221 22.139809351414442 9.9460710384882969 23.587564999703318 3.5536676843184969 7.7262256147805601
leaf_count=766 7092 3637 285 587 582 754 127 282
internal_value=-0.0016098 0.00038759 -0.0149815 0.00324398 0.0222249 -0.00083697 -0.0337423 0.01248
internal_weight=228.408 219.251 33.4842 185.767 32.0859 153.681 19.7577 13.7265
internal_count=14112 7020 1460 5560 1169 4391 893 567
cat_boundaries=0 1 2 3
cat_threshold=13 2 1
is_linear=0
shrinkage=0.05


Tree=87
num_leaves=6
num_cat=1
split_feature=0 43 43 43 32
split_gain=4.19497 3.91075 10.3482 7.12933 2.77623
threshold=0 43.800000000000004 36.250000000000007 31.750000000000004 27.402678500000004
decision_type=1 2 2 2 2
left_child=1 2 3 -1 -4
right_child=-2 -3 4 -5 -6
leaf_value=0.0019939702625380797 -0.022310571031141993 -0.044041585576980485 0.081526740216040103 -0.047236378656517294 0.023566509674750342
leaf_weight=202.60323250148213 8.8396415289607813 3.5777620435692361 3.5835339820478094 6.6295851320028296 6.0029694736003876
leaf_count=6442 7008 118 83 363 74
internal_value=-0.000258119 0.00163965 0.0026581 0.00021683 0.0508871
internal_weight=231.237 222.397 218.819 209.233 9.5865
internal_count=14088 7080 6962 6805 157
cat_boundaries=0 1
cat_threshold=13
is_linear=0
shrinkage=0.05


Tree=88
num_leaves=15
num_cat=4
split_feature=36 24 0 43 43 21 21 1 4 1 0 36 44 14
split_gain=5.06256 6.16519 12.9754 8.3796 7.17419 5.23862 5.57 8.02385 3.45494 15.0018 2.42489 1.97721 1.82658 0.752393
threshold=94.500000000000014 33.500000000000007 0 38.900000000000006 37.550000000000004 23.650000000000002 24.950000000000003 1 0.88220160189607266 2 3 82.500000000000014 38.000000000000007 12.950000000000001
decision_type=2 2 1 2 2 2 2 1 2 1 1 2 2 2
left_child=5 8 4 -4 -3 11 7 -7 10 -10 -2 -1 -8 -13
right_child=1 2 3 -5 -6 6 12 -9 9 -11 -12 13 -14 -15
leaf_value=0.015309669822715352 0.022137995661355769 0.0077247810004400577 -0.046812351442980342 0.056498518707097524 -0.046998201986424092 -0.028091740287037387 0.00083013208535668366 0.034560853893001765 0.13733501982707874 -0.036708289652804489 -0.0092052348051060023 0.0011803029845498803 -0.047030968494704978 -0.050910220721228187
leaf_weight=0.8994508464820673 2.0200570035958654 143.91487211675849 23.223446123942271 1.3020193961565372 5.2583712972700587 7.5336129150819069 2.6321169707225618 11.893215493415484 1.9991952560376367 1.5298923483351246 6.3008063645684151 0.68714068725239386 6.7980554232490249 11.321098072861785
leaf_count=21 76 3463 6946 182 109 374 187 357 53 45 364 31 824 1070
internal_value=-0.00212271 0.0014442 -0.00102229 -0.0282585 0.00515257 -0.0176327 -0.00528715 0.0100787 0.0348645 0.0704395 0.0138378 -0.0428683 -0.0348733 -0.0480679
internal_weight=227.313 185.549 173.699 24.5255 149.173 41.7647 28.857 19.4268 11.85 3.52909 8.32086 12.9077 9.43017 12.0082
internal_count=14102 11238 10700 7128 3572 2864 1742 731 538 98 440 1122 1011 1101
cat_boundaries=0 1 2 3 4
cat_threshold=12 1 1 1
is_linear=0
shrinkage=0.05


Tree=89
num_leaves=13
num_cat=1
split_feature=5 38 43 1 22 4 43 36 15 38 15 5
split_gain=3.72058 4.66761 5.11911 5.16145 4.44398 4.45731 6.97144 5.5606 2.67137 2.07253 1.12876 0.602175
threshold=-0.93543596745397617 6.998809500000001 18.850000000000005 0 89.048611500000007 -0.85227431625818906 25.000000000000004 94.500000000000014 15.050000000000002 7.4752975000000008 0.15000000000000005 0.75438814418115718
decision_type=2 2 2 1 2 2 2 2 2 2 2 2
left_child=1 2 3 -1 5 6 -2 -7 9 -6 -3 -10
right_child=4 10 -4 -5 8 7 -8 -9 11 -11 -12 -13
leaf_value=-0.030917074476155434 -0.042625929941721069 0.010476791929299293 -0.038936576272851457 0.063684899506470355 0.069622798909383665 -0.013944821779530934 0.008357212689669824 0.0064730331753863023 -0.028234816622977638 -0.00671638715070584 -0.047569373477833257 0.016407716507237834
leaf_weight=1.420364229881673 14.202724121743815 0.55770765873603423 2.895607401849702 3.3901596196228638 3.5556048279395318 43.028622300364077 11.497043243143706 136.52763542090543 0.98460810550022848 0.89968440489610646 9.6567242140881699 0.40531233802903444
leaf_count=106 1026 22 301 98 134 2894 966 7114 77 52 1271 11
internal_value=-0.00188435 -0.0231251 0.00609624 0.0352389 1.93196e-05 -0.00129616 -0.0203593 0.00152999 0.0396537 0.0558018 -0.0437484 -0.0137984
internal_weight=229.022 17.9206 7.70613 4.81052 211.101 205.256 25.6998 179.556 5.84521 4.45529 10.2144 1.38992
internal_count=14072 1798 505 204 12274 12000 1992 10008 274 186 1293 88
cat_boundaries=0 1
cat_threshold=1
is_linear=0
shrinkage=0.05


Tree=90
num_leaves=9
num_cat=1
split_feature=9 31 4 4 38 39 1 27
split_gain=4.44314 4.11683 8.10871 7.22856 7.14732 4.77732 8.23579 5.34141
threshold=26.450000000000003 33.300000000000004 -0.99275805973510278 -0.71504373327588355 7.0178570000000002 21.950000000000003 0 49.300000000000004
decision_type=2 2 2 2 2 2 1 2
left_child=1 2 4 -4 -1 7 -7 -3
right_child=-2 5 3 -5 -6 6 -8 -9
leaf_value=0.097351373005332462 -0.042854387945707083 0.016969710790929567 -0.038652437840087032 -0.0031867651511791485 -0.029165717789360314 -0.029772426999830695 0.0087495365534917234 -0.030934808275437667
leaf_weight=2.2587351977126668 5.009443136455956 77.340994098747615 18.033969627460465 59.470701217476744 1.1303522706730289 20.548091201111674 38.095614599355031 5.3778087506070724
leaf_count=102 769 3009 1179 4267 96 2118 2080 445
internal_value=-0.000430112 0.000713759 -0.0082217 -0.0118262 0.0581235 0.00584885 -0.00502099 0.013523
internal_weight=227.266 222.256 80.8938 77.5047 3.38909 141.363 58.6437 82.7188
internal_count=14065 13296 5644 5446 198 7652 4198 3454
cat_boundaries=0 1
cat_threshold=1
is_linear=0
shrinkage=0.05


Tree=91
num_leaves=6
num_cat=1
split_feature=0 43 43 43 5
split_gain=4.07208 3.69386 7.14334 4.76043 3.04153
threshold=0 43.800000000000004 36.250000000000007 31.750000000000004 -0.7444366621422277
decision_type=1 2 2 2 2
left_child=1 2 3 -1 -4
right_child=-2 -3 4 -5 -6
leaf_value=0.0028674646598801255 -0.021423082199647697 -0.043026252086689067 0.073292921321379323 -0.039019994353168302 0.016233006106673602
leaf_weight=201.96129005140392 8.2261819612467644 3.3458282996434709 3.8227755073457956 6.0187835867982349 6.0167347050737572
leaf_count=6433 7013 120 69 353 90
internal_value=0.000766611 0.00253485 0.00354397 0.00147436 0.043118
internal_weight=229.392 221.165 217.82 207.98 9.83951
internal_count=14078 7065 6945 6786 159
cat_boundaries=0 1
cat_threshold=13
is_linear=0
shrinkage=0.05


Tree=92
num_leaves=11
num_cat=3
split_feature=5 39 1 43 36 32 7 38 0 1
split_gain=3.67101 6.81816 7.33248 9.23856 4.9957 7.93495 6.54216 5.46597 7.29505 6.75352
threshold=-0.88620506325989179 20.000000000000004 0 17.600000000000005 94.500000000000014 28.362798000000002 29.572917000000004 10.700298000000002 1 2
decision_type=2 2 1 2 2 2 2 2 1 1
left_child=1 2 -1 -4 5 -2 -7 8 -6 -9
right_child=4 -3 3 -5 7 6 -8 9 -10 -11
leaf_value=-0.042373939190644944 -0.04992010484471128 -0.047541676436957697 0.062183874838940084 -0.038018676413110547 0.0073419375664211736 0.0097906385376913471 -0.044849877472240007 0.055870489078882674 -0.01716037598133582 0.0047319661517676945
leaf_weight=4.3190753910457733 10.330057101149576 10.446425176865885 5.9821988194016722 2.6249844324192964 104.36899178102612 26.28317941701971 5.855149387032724 9.9949145438731648 30.293393056723289 16.14107203023741
leaf_count=432 1036 1548 201 235 1286 1047 831 483 6561 485
internal_value=-0.00107765 -0.0194156 0.00509634 0.0308481 0.00111567 -0.0139396 -0.00121711 0.00515348 0.00102034 0.0256266
internal_weight=226.639 23.3727 12.9263 8.60718 203.267 42.4684 32.1383 160.798 134.662 26.136
internal_count=14145 2416 868 436 11729 2914 1878 8815 7847 968
cat_boundaries=0 1 2 3
cat_threshold=1 8 1
is_linear=0
shrinkage=0.05


Tree=93
num_leaves=8
num_cat=1
split_feature=4 5 34 34 17 1 24
split_gain=4.42343 4.04111 3.72157 4.59093 2.8613 2.35561 0.648886
threshold=0.9962888416657264 0.90070004940655357 25.750000000000004 25.450000000000003 35.100000000000001 0 35.500000000000007
decision_type=2 2 2 2 2 1 2
left_child=1 2 3 -1 6 -6 -2
right_child=4 -3 -4 -5 5 -7 -8
leaf_value=0.0024293945491415006 0.00058263995627225087 -0.041044487500567391 -0.040752571028299212 0.048008833365669856 -0.033755030838954016 0.03259614756535003 -0.053391964198660685
leaf_weight=202.37206691520987 0.58373271703021412 4.4178087553009382 3.8241925158072254 4.6857672775513484 1.3606670657172799 2.1101254927925766 5.7242136625573039
leaf_count=10972 35 1767 670 201 57 54 288
internal_value=5.1602e-05 0.00160919 0.00269225 0.00368666 -0.0312098 0.00485232 -0.0490009
internal_weight=225.079 215.3 210.882 207.058 9.77874 3.47079 6.30795
internal_count=14044 13610 11843 11173 434 111 323
cat_boundaries=0 1
cat_threshold=1
is_linear=0
shrinkage=0.05


Tree=94
num_leaves=15
num_cat=1
split_feature=37 22 40 1 5 5 31 31 20 8 37 10 25 2
split_gain=4.08621 6.74482 8.05338 7.7569 13.1594 13.1052 5.6096 4.5312 4.03376 5.01453 3.51028 2.36376 2.29852 1.48111
threshold=64.500000000000014 86.368055500000011 65.200000000000003 0 0.74298546529340237 0.16587474750015926 39.400000000000013 38.70000000000001 31.650000000000002 30.650000000000002 67.500000000000014 87.062500000000014 7.6472220000000002 6.5000000000000009
decision_type=2 2 2 1 2 2 2 2 2 2 2 2 2 2
left_child=1 2 7 5 -5 -3 -4 -1 10 -10 13 -12 -11 -2
right_child=8 3 6 4 -6 -7 -8 -9 9 12 11 -13 -14 -15
leaf_value=0.0059954015798364037 0.018747743923254307 0.063221495525933258 -0.047123150571384886 -0.04242224059651916 0.069228513662904501 -0.022619593768297031 0.019317588145256918 -0.017835961072551927 0.060504210128482422 -0.04039273602188688 0.026454254698769126 -0.02084830033538496 0.010329512089443646 -0.047456514060951326
leaf_weight=121.92968842823757 0.39181077026297018 15.251921493909324 13.560604799073191 8.0575424314592983 2.7408238243660881 5.5292590786120845 3.4609578305389723 22.820555016456638 2.3581767996074614 2.9060577499330975 3.1385900669847597 6.3532569755916484 4.4982256992370822 12.340600940631701
leaf_count=6472 20 722 1120 851 80 199 233 1831 105 243 233 577 290 1035
internal_value=-0.00036197 0.0024013 -0.00176822 0.0231591 -0.0106175 0.0403918 -0.0332916 0.00214168 -0.0166316 0.00949611 -0.0280235 -0.00417654 -0.0120156 -0.0442024
internal_weight=225.338 193.351 161.772 31.5795 10.7984 20.7812 17.0216 144.75 31.9867 9.76246 22.2243 9.49185 7.40428 12.7324
internal_count=14011 11508 9656 1852 931 921 1353 8303 2503 638 1865 810 533 1055
cat_boundaries=0 1
cat_threshold=2
is_linear=0
shrinkage=0.05


Tree=95
num_leaves=11
num_cat=2
split_feature=0 5 2 44 33 0 22 31 8 26
split_gain=5.72955 17.4913 10.513 8.57944 8.28909 7.23162 6.37914 5.37426 7.35473 5.37972
threshold=0 -0.71502926860092908 6.5000000000000009 45.900000000000013 34.550000000000004 1 86.125000000000014 38.70000000000001 31.850000000000005 24.950000000000003
decision_type=1 2 2 2 2 1 2 2 2 2
left_child=4 2 -2 -4 5 6 -1 8 -6 -9
right_child=1 -3 3 -5 7 -7 -8 9 -10 -11
leaf_value=-0.0097943509833415578 -0.03989926239462796 -0.048648843106967848 0.073738358377185134 -0.032869607608674301 -0.044210848094379619 -0.028932557667602582 0.014581359443451134 -0.035998886900256731 0.027822657445182732 0.023276817616736376
leaf_weight=59.559564182069153 3.7777693773386991 21.443932513881009 7.1945023162988928 1.8166867261170407 2.9128240775316945 14.245736725162713 47.21059359703213 7.8828820488415641 52.593078872421756 5.8253046716563404
leaf_count=1068 1278 6756 847 477 58 1752 676 263 727 174
internal_value=-0.00103882 -0.0170415 0.0232821 0.0511094 0.0026667 -0.00508614 0.000932616 0.0164812 0.023327 -0.0109397
internal_weight=224.463 34.2329 12.789 9.01119 190.23 121.016 106.77 69.2141 55.5059 13.7082
internal_count=14076 9358 2602 1324 4718 3496 1744 1222 785 437
cat_boundaries=0 1 2
cat_threshold=9 8
is_linear=0
shrinkage=0.05


Tree=96
num_leaves=11
num_cat=1
split_feature=38 25 39 1 31 40 5 13 25 10
split_gain=4.07352 4.52359 4.69502 6.27095 4.91287 3.98725 5.85075 3.09395 1.22663 0.515599
threshold=12.262500000000001 11.052778000000002 21.950000000000003 0 34.400000000000013 7.2000000000000002 -0.34234976856068172 12.827083500000002 10.850000000000003 86.895833500000023
decision_type=2 2 2 1 2 2 2 2 2 2
left_child=1 2 4 -4 -1 7 -7 -3 9 -2
right_child=8 5 3 -5 -6 6 -8 -9 -10 -11
leaf_value=-0.0058675072818434818 0.03435422252488976 0.011804556751445991 -0.0028522564438312656 -0.045347606735954248 0.012478646563378396 0.00084696834684365994 0.057893338250245098 -0.036169863980460112 -0.043896649576870589 -0.013214028695665314
leaf_weight=87.4001949482481 0.18178614135831495 11.282668894622473 24.761640972341411 12.491970339149701 61.168446166964713 7.9432875230559139 9.4437297321273963 3.6281957252649581 5.6647620613221079 0.34583185985684395
leaf_count=5836 19 527 1507 1514 2623 564 368 264 804 43
internal_value=-0.000480115 0.000737355 -0.00229212 -0.0179148 0.00171887 0.0177125 0.0332951 -0.00140846 -0.0375043 0.0149353
internal_weight=224.313 218.12 185.822 37.2536 148.569 32.2979 17.387 14.9109 6.19238 0.527618
internal_count=14069 13203 11480 3021 8459 1723 932 791 866 62
cat_boundaries=0 1
cat_threshold=2
is_linear=0
shrinkage=0.05


Tree=97
num_leaves=11
num_cat=2
split_feature=40 21 34 1 1 20 14 39 20 9
split_gain=4.04107 3.84358 4.44968 10.9338 4.32208 3.00691 4.30618 3.15708 1.23948 0.967141
threshold=103.95000000000002 25.950000000000003 25.450000000000003 0 1 32.150000000000013 15.550000000000002 16.250000000000004 33.150000000000013 23.850000000000005
decision_type=2 2 2 1 1 2 2 2 2 2
left_child=1 2 4 -4 -1 7 -7 9 -3 -2
right_child=5 8 3 -5 -6 6 -8 -9 -10 -11
leaf_value=-0.0083075733085608821 0.051617519316759855 0.017831273962540445 0.095731535742727414 -0.036524222431930764 0.0068161295207405355 -0.031815671415971004 0.067165666716007016 -0.04770947819265145 -0.04309551121845262 -0.014065213380362146
leaf_weight=74.230415630678181 0.43111322744516556 0.41094214911572535 2.8756314089987418 1.9170715938089413 126.01818683143938 1.480729324568528 1.0438859853893516 8.9217191850184445 5.1148776379995979 0.3644625588785857
leaf_count=5814 21 11 107 107 5839 163 43 1120 805 46
internal_value=-0.000417438 0.00126155 0.00245226 0.0456568 0.00119648 -0.0272112 0.0165558 -0.0390659 -0.0365264 0.0304521
internal_weight=222.809 210.567 205.041 4.7927 200.249 12.2419 2.52462 9.71729 5.52582 0.795576
internal_count=14076 12683 11867 214 11653 1393 206 1187 816 67
cat_boundaries=0 1 2
cat_threshold=1 1
is_linear=0
shrinkage=0.05


Tree=98
num_leaves=8
num_cat=0
split_feature=5 5 5 43 25 34 39
split_gain=3.33455 3.34028 4.24871 5.97974 3.68749 6.61406 3.35725
threshold=0.90070004940655357 -0.93543596745397617 -0.98521978256641018 17.600000000000005 5.3048615000000003 23.750000000000004 14.950000000000001
decision_type=2 2 2 2 2 2 2
left_child=1 2 3 -1 5 -3 -6
right_child=-2 4 -4 -5 6 -7 -8
leaf_value=0.030593475673264495 -0.040693168296191934 -0.0061659238496324861 -0.046733802581812173 -0.041163799824497166 -0.030796369966685073 0.086904223472837383 0.0016083774294752369
leaf_weight=6.0829249348607863 4.2229490340105249 4.0020295388530931 7.4575248144683419 3.9208415431203321 7.3408801524201399 2.4492272102506831 190.6365819076309
leaf_count=265 1772 258 960 588 481 103 9707
internal_value=-0.00120378 -0.000273032 -0.0206444 0.00128417 0.00155901 0.0360893 0.000258095
internal_weight=226.113 221.89 17.4613 10.0038 204.429 6.45126 197.977
internal_count=14134 12362 1813 853 10549 361 10188
is_linear=0
shrinkage=0.05


Tree=99
num_leaves=10
num_cat=1
split_feature=40 7 34 19 39 35 1 44 14
split_gain=3.68337 4.17163 3.67108 3.28161 3.12771 2.0203 1.66958 1.25986 0.995889
threshold=103.95000000000002 25.981250000000003 20.950000000000003 30.295139000000002 18.550000000000004 88.062500000000014 0 52.000000000000007 23.050000000000004
decision_type=2 2 2 2 2 2 1 2 2
left_child=2 5 -1 4 -4 -2 -7 8 -3
right_child=1 7 3 -5 -6 6 -8 -9 -10
leaf_value=-0.041523427730110141 -0.02216501921281305 -0.047523490690121586 -0.0074734734472005479 -0.040309730691303121 0.0063648150982388773 -0.013958709626441633 0.074387431870651347 0.018609581789980966 0.0053177412112549267
leaf_weight=4.0126571980654253 0.68626844137906928 8.8343531468999519 54.761747477867175 3.5373828344745553 152.03023220098112 0.36133900634013105 0.93216970376670349 0.3524118627537981 0.7723837185767487
leaf_count=1035 64 1124 3425 674 7549 47 44 12 103
internal_value=-0.000788397 -0.0266961 0.000771943 0.00177152 0.00268189 0.0293144 0.0543824 -0.0394894 -0.0431742
internal_weight=226.281 11.9389 214.342 210.329 206.792 1.97978 1.29351 9.95915 9.60674
internal_count=14077 1394 12683 11648 10974 155 91 1239 1227
cat_boundaries=0 1
cat_threshold=1
is_linear=0
shrinkage=0.05


Tree=100
num_leaves=8
num_cat=1
split_feature=9 0 5 4 5 4 38
split_gain=3.80314 3.70245 24.0318 21.2356 8.1678 15.6126 5.37648
threshold=26.450000000000003 0 -0.71502926860092908 -0.35846811432664222 -0.71502926860092908 -0.04836157422433459 7.0752975000000005
decision_type=2 1 2 2 2 2 2
left_child=1 4 3 -3 5 -1 -6
right_child=-2 2 -4 -5 6 -7 -8
leaf_value=-0.051087462741420286 -0.04152609760476305 0.081863843815913828 -0.048537801664922595 -0.041753978615233264 -0.0065813485333457451 0.012231909843392773 0.015180232303345656
leaf_weight=16.415809595840983 4.2184940159786484 8.1494377923663688 19.993213456647936 4.8124593470711252 37.026791985554155 21.39148347475566 114.14435099554248
leaf_count=603 763 686 6360 1840 934 670 2266
internal_value=0.000671173 0.00165593 -0.011663 0.036264 0.00440953 -0.0158692 0.00984188
internal_weight=226.152 221.934 32.9551 12.9619 188.978 37.8073 151.171
internal_count=14122 13359 8886 2526 4473 1273 3200
cat_boundaries=0 1
cat_threshold=9
is_linear=0
shrinkage=0.05


Tree=101
num_leaves=12
num_cat=2
split_feature=5 38 43 1 4 4 11 31 26 1 17
split_gain=3.99166 5.00648 5.61583 7.36132 4.29184 4.28766 7.17374 4.24689 2.01989 1.71868 0.824308
threshold=-0.89404254237865755 7.6613095000000007 17.900000000000002 0 0.9962888416657264 0.95752911693909504 86.500000000000014 44.800000000000004 21.750000000000004 1 35.800000000000004
decision_type=2 2 2 1 2 2 2 2 2 1 2
left_child=1 2 3 -1 5 7 -7 -2 10 -10 -6
right_child=4 -3 -4 -5 8 6 -8 -9 9 -11 -12
leaf_value=-0.038112871354113051 -0.00095757240672532959 -0.046984965181023755 -0.041807115758171545 0.050771240739081624 -0.047559973561556085 -0.041133878716322618 0.031527276785679889 0.036900197697374786 -0.030130290050155148 0.0303389747437246 0.0066601930213407955
leaf_weight=2.6082288649049605 159.16183581779478 8.7503123841015604 4.1310215730336486 6.0749144763103686 5.9731237023370323 3.0585699774674167 23.693331723916344 6.7677397826919323 1.0857175159035251 1.7221176751190796 0.52664496819488693
leaf_count=199 9838 1390 530 206 305 331 708 441 56 55 11
internal_value=-3.49429e-05 -0.0199849 0.000518961 0.0228936 0.00218289 0.00384566 0.022037 0.000798328 -0.0292726 0.00518483 -0.0428645
internal_weight=223.554 21.5645 12.8142 8.68314 201.989 192.681 26.7519 165.93 9.3076 2.80784 6.49977
internal_count=14070 2325 935 405 11745 11318 1039 10279 427 111 316
cat_boundaries=0 1 2
cat_threshold=1 1
is_linear=0
shrinkage=0.05


Tree=102
num_leaves=9
num_cat=1
split_feature=38 44 4 8 1 34 25 39
split_gain=3.86159 3.77565 6.26844 7.77256 4.30445 3.98251 1.09888 0.411654
threshold=12.262500000000001 52.000000000000007 -0.79384350655589164 30.550000000000004 0 20.950000000000003 10.850000000000003 24.950000000000003
decision_type=2 2 2 2 1 2 2 2
left_child=1 2 3 -1 -3 -4 7 -2
right_child=6 4 5 -5 -6 -7 -8 -9
leaf_value=0.0087959748641086039 0.029070181057601781 0.079523191875130114 -0.041012632620507194 -0.04143990976155907 -0.025321329438802886 0.0051520248489251809 -0.043277571575811746 -0.012659426560546106
leaf_weight=12.878091901598966 0.25571683840826054 2.0664461241685785 3.8016490856534793 17.113071295199916 0.86634646466700305 182.45375794914435 5.2579054896486923 0.32798127332353033
leaf_count=1034 12 51 1025 1335 51 9727 805 52
internal_value=0.000288283 0.00143652 0.000550975 -0.020281 0.0499887 0.00399577 -0.036707 0.0124345
internal_weight=225.021 219.179 216.247 29.9912 2.93279 186.255 5.8416 0.583698
internal_count=14092 13223 13121 2369 102 10752 869 64
cat_boundaries=0 1
cat_threshold=2
is_linear=0
shrinkage=0.05


Tree=103
num_leaves=15
num_cat=0
split_feature=34 22 19 22 5 6 41 34 41 26 26 15 38 5
split_gain=4.03508 3.77237 4.90221 7.86608 6.25519 3.30505 4.02715 3.05143 5.85864 2.96732 2.32307 2.28943 1.55807 0.551
threshold=24.250000000000004 89.048611500000007 26.553472500000002 86.451388500000022 0.74298546529340237 1.0000000180025095e-35 9.9500000000000011 25.450000000000003 36.750000000000007 19.650000000000002 17.150000000000002 15.050000000000002 7.9011905000000011 0.75438814418115718
decision_type=2 2 2 2 2 2 2 2 2 2 2 2 2 2
left_child=1 2 4 -4 -1 6 -2 9 -9 -7 -8 12 -3 -13
right_child=5 11 3 -5 -6 7 10 8 -10 -11 -12 13 -14 -15
leaf_value=-0.037789118194196114 -0.03622111281101871 0.063952752878082608 -0.0011584794258693266 0.029577179151064999 0.0088997387164627233 -0.043508609902912533 -0.023796433071019883 -0.03918041990266713 0.039194461550582906 -0.010813934410111227 0.045883486187387516 -0.027508389482574044 0.00083062459291820181 0.01535208175375352
leaf_weight=16.123477408895273 2.0271894621546371 3.702241661027073 121.71631271537626 24.094863214995712 11.79957018146524 14.62335473316489 0.83469659375259642 3.1905949821812092 4.562026685976889 14.06300521068624 4.9161361248698086 0.93600395374232881 1.2677435743389649 0.41736016981303692
leaf_count=1467 271 126 5993 1433 1047 1247 77 605 152 1398 133 89 43 10
internal_value=-0.00147675 0.00186687 0.000382882 0.00408737 -0.018434 -0.0148326 0.0134592 -0.0210697 0.00614803 -0.0283848 0.0337431 0.0370197 0.0506877 -0.0133838
internal_weight=224.275 180.058 173.734 145.811 27.923 44.217 7.77802 36.439 7.75262 28.6864 5.75083 6.32335 4.96999 1.35336
internal_count=14091 10208 9940 7426 2514 3883 481 3402 757 2645 210 268 169 99
is_linear=0
shrinkage=0.05


Tree=104
num_leaves=13
num_cat=3
split_feature=4 4 22 7 0 37 43 1 22 1 32 5
split_gain=3.30623 3.65621 5.93426 5.23185 4.12867 20.4633 5.85809 2.23069 1.83404 2.59263 1.56883 0.932135
threshold=0.9962888416657264 0.95752911693909504 69.472222000000002 27.252083500000001 0 30.500000000000004 2.8500000000000001 1 72.159722500000015 2 29.217262000000002 0.046214085385334856
decision_type=2 2 2 2 1 2 2 1 2 1 2 2
left_child=1 4 7 -4 6 -6 -1 -3 9 -2 -11 -10
right_child=8 2 3 -5 5 -7 -8 -9 11 10 -12 -13
leaf_value=-0.016784912972388429 -0.038066271102783787 0.01418584390358265 -0.028875031374583793 0.039668625904406896 0.06561152650094651 -0.042429027929487648 0.006595644675258543 -0.039812978456824202 -0.052608134104595194 0.042232485974783268 -0.021411773095745348 0.0064825696908767036
leaf_weight=32.724728748900816 1.9559305182774533 2.3484825797495459 2.5167049204465028 18.180565077869687 4.4674271054100272 22.208741029462544 129.44360583584057 4.2924593890202232 4.4178498808760196 2.0377944472711538 0.69232997886138026 0.52851598884444673
leaf_count=1043 126 247 100 457 793 7549 3153 245 176 39 88 11
internal_value=-0.000578306 0.000757008 0.0175069 0.0303873 -0.00174725 -0.0166152 0.00169946 -0.0213596 -0.0277997 -0.00359888 0.0246796 -0.0462659
internal_weight=225.815 216.183 27.3382 20.6973 188.845 26.6762 162.168 6.64094 9.63242 4.68605 2.73012 4.94637
internal_count=14027 13587 1049 557 12538 8342 4196 492 440 253 127 187
cat_boundaries=0 1 2 3
cat_threshold=12 1 1
is_linear=0
shrinkage=0.05


Tree=105
num_leaves=14
num_cat=4
split_feature=43 25 5 22 33 1 0 4 43 1 35 1 44
split_gain=3.37216 7.30682 7.45124 6.08622 5.13917 16.3322 6.46947 4.166 4.10411 3.23767 1.95938 2.04216 1.84633
threshold=2.0500000000000003 11.022917000000001 -0.85225707553516283 62.305555500000004 36.850000000000001 0 1 0.9053161325100999 0.75000000000000011 2 70.770833500000023 3 49.150000000000006
decision_type=2 2 2 2 2 1 1 2 2 1 2 1 2
left_child=3 4 -3 7 6 -6 -2 8 -1 -4 12 -12 -5
right_child=1 2 9 10 5 -7 -8 -9 -10 -11 11 -13 -14
leaf_value=0.033487546215772816 0.0008773215986729951 -0.038283402529241325 0.059156753027330415 -0.042662531144779803 0.093278865533278688 -0.047066323753555801 -0.025676318917899774 -0.040423236644719474 -0.015385253692613926 0.018911904787783086 -0.03333732288338883 0.02459352762813052 0.005596411056818705
leaf_weight=11.081207424984319 127.7485176268965 3.0224799656425629 8.7746014985605107 16.29435915444629 4.008126006810925 2.7272530848858878 17.11675042079878 2.9248209352954282 5.9306740625179364 13.259558250312697 1.6341482369462019 2.6008843000163324 1.9943525334238064
leaf_count=554 2952 557 440 1806 121 126 5953 335 234 446 250 248 77
internal_value=-0.00088863 0.00216952 0.026631 -0.0133693 -0.00202151 0.037713 -0.00411481 0.00665271 0.0165413 0.0368109 -0.030621 0.000141928 -0.0373827
internal_weight=219.118 176.657 25.0566 42.4604 151.601 6.73538 144.865 19.9367 17.0119 22.0342 22.5237 4.23503 18.2887
internal_count=14099 10595 1443 3504 9152 247 8905 1123 788 886 2381 498 1883
cat_boundaries=0 1 2 3 4
cat_threshold=1 12 1 1
is_linear=0
shrinkage=0.05


Tree=106
num_leaves=9
num_cat=1
split_feature=5 26 1 20 4 5 44 24
split_gain=2.98443 3.17369 5.37478 7.49802 4.21761 8.91119 5.96956 1.27321
threshold=0.90070004940655357 12.250000000000002 0 31.950000000000003 -0.76141707087277943 0.19969739736768835 45.550000000000004 55.500000000000007
decision_type=2 2 1 2 2 2 2 2
left_child=1 2 7 -4 5 -3 -6 -1
right_child=-2 4 3 -5 6 -7 -8 -9
leaf_value=0.026072666353335352 -0.039876285973791677 0.0017451525475306385 0.091458378828764925 -0.030539240251995566 0.0042327537480365647 -0.051690819315234483 -0.032924197036407497 -0.037357866478999621
leaf_weight=0.2829331398243079 3.8163835234881835 21.614151941146702 3.2799550350755453 1.209841529431287 166.2215549008688 11.154380956315434 10.559225661738308 2.0397633627289906
leaf_count=12 1732 1587 121 77 8073 904 1311 183
internal_value=-0.000948527 -8.15877e-05 0.0312117 0.0590096 -0.00124235 -0.0174365 0.00184063 -0.0241098
internal_weight=220.178 216.362 6.81249 4.4898 209.549 32.7685 176.781 2.3227
internal_count=14000 12268 393 198 11875 2491 9384 195
cat_boundaries=0 1
cat_threshold=1
is_linear=0
shrinkage=0.05


Tree=107
num_leaves=9
num_cat=2
split_feature=5 5 32 0 1 36 30 19
split_gain=3.74134 3.47776 6.19637 5.19633 5.05124 21.6002 13.4887 1.69229
threshold=0.89309379682046119 0.73136292505298039 26.401488000000004 0 1 99.500000000000014 6.7500000000000009 26.553472500000002
decision_type=2 2 2 1 1 2 2 2
left_child=1 2 7 -4 6 -6 -3 -1
right_child=-2 4 3 -5 5 -7 -8 -9
leaf_value=-0.045244315576157018 -0.041601300322813575 0.053576978082612851 0.0037649803315735193 -0.017627516654183533 -0.052353428792122098 0.072249560281774858 -0.033000097285073804 0.0075810122317681305
leaf_weight=9.0777728284883761 4.44875002343906 14.970861866488123 149.59162821155041 23.481746143690543 8.8418053473578748 4.3903088244842357 5.4863059560302636 1.4769346299581219
leaf_count=922 1832 448 3290 6583 486 136 177 133
internal_value=-0.000678944 0.000345504 -0.00238527 -1.84016e-05 0.0148696 -0.0088395 0.0299024 -0.037836
internal_weight=221.766 217.317 183.628 173.073 33.6893 13.2321 20.4572 10.5547
internal_count=14007 12175 10928 9873 1247 622 625 1055
cat_boundaries=0 1 2
cat_threshold=12 2
is_linear=0
shrinkage=0.05


Tree=108
num_leaves=12
num_cat=2
split_feature=0 5 4 44 8 31 22 1 30 21 7
split_gain=3.48601 19.6129 16.0697 7.98288 6.26835 8.16471 5.26297 8.78246 5.96011 4.20193 3.83858
threshold=0 -0.71502926860092908 -0.35846811432664222 45.900000000000013 33.150000000000013 38.350000000000009 86.51388900000002 1 8.3500000000000032 25.950000000000003 28.775000000000002
decision_type=1 2 2 2 2 2 2 1 2 2 2
left_child=4 2 3 -2 6 9 8 -8 -1 -6 -7
right_child=1 -3 -4 -5 5 10 7 -9 -10 -11 -12
leaf_value=0.0025286484762383765 0.086329618682066858 -0.04845717629631701 -0.04133589287780437 -0.029098128990747846 0.025998828354942213 0.0059689207968034912 0.0229045688418444 -0.023925344826473658 -0.025666195136791831 -0.027956603879600545 -0.044443128934532804
leaf_weight=34.098260131722782 7.0754857055144367 19.411309884453658 4.5467671230435363 1.3204403124982489 52.283779572462663 7.1518597059184668 31.505870342021808 13.537069926154798 40.183323725883383 3.0689502165187141 6.5364235622109845
leaf_count=1054 426 6823 1881 258 730 198 595 592 1035 173 275
internal_value=-0.000789213 -0.0135794 0.0287141 0.0670113 0.00207527 0.0140671 -0.00474998 0.00861649 -0.012862 0.0225643 -0.0194907
internal_weight=220.72 32.354 12.9427 8.39593 188.366 69.041 119.325 45.0429 74.2816 55.3527 13.6883
internal_count=14040 9388 2565 684 4652 1376 3276 1187 2089 903 473
cat_boundaries=0 1 2
cat_threshold=9 2
is_linear=0
shrinkage=0.05


Tree=109
num_leaves=13
num_cat=1
split_feature=26 33 1 13 17 43 43 43 22 5 13 37
split_gain=3.28953 4.45018 5.37887 3.28264 2.86722 3.0285 4.77863 3.77391 2.73531 2.47592 2.37009 1.37243
threshold=12.250000000000002 32.250000000000007 0 6.4020835000000007 24.650000000000002 36.250000000000007 31.750000000000004 43.800000000000004 87.409722500000015 0.011826144619637501 7.2229165000000011 52.500000000000007
decision_type=2 2 1 2 2 2 2 2 2 2 2 2
left_child=1 2 11 -4 8 6 -6 -7 10 -10 -2 -1
right_child=4 -3 3 -5 5 7 -8 -9 9 -11 -12 -13
leaf_value=0.03426984609316501 -0.03625117992977709 -0.031748299847748976 0.094029510328990817 -0.017033003646594991 0.00018807141894129382 0.036888930735784073 -0.044966126190736408 -0.033317784828695039 0.05036629380135528 -0.015004839523875969 -0.0021766049711969466 -0.032947643133067556
leaf_weight=0.16734951670514364 13.567340410605544 1.4541052497806957 3.1537137902050745 0.46486117321182963 172.52714127089712 9.2033484940766339 5.0650182941753874 1.5339142863522273 1.7364044080604788 2.3510919304972049 8.0617640522250422 1.5672029615379868
leaf_count=15 1354 174 128 62 10307 272 640 136 122 149 530 185
internal_value=-0.000744894 0.0311415 0.050533 0.0791631 -0.00189906 0.000274027 -0.00134432 0.0248752 -0.0172278 0.0172069 -0.0242081 -0.0163019
internal_weight=220.853 6.80723 5.35313 3.61857 214.046 188.329 177.592 10.7373 25.7166 4.0875 21.6291 1.73455
internal_count=14074 564 390 190 13510 11355 10947 408 2155 271 1884 200
cat_boundaries=0 1
cat_threshold=1
is_linear=0
shrinkage=0.05


Tree=110
num_leaves=8
num_cat=0
split_feature=34 8 36 43 5 35 35
split_gain=3.03643 3.0346 3.88054 3.27961 6.85545 4.34755 0.960788
threshold=20.950000000000003 35.850000000000001 97.500000000000014 17.600000000000005 -0.88620506325989179 84.452381000000017 60.729167000000011
decision_type=2 2 2 2 2 2 2
left_child=-1 3 6 5 -5 -2 -3
right_child=1 2 -4 4 -6 -7 -8
leaf_value=-0.040191499898900564 0.0015734688029278737 -0.0090901205807450963 0.030079734109459008 -0.045842029835090892 0.00026276261799714108 0.021199894469771646 -0.043759202048962463
leaf_weight=3.4637709040252949 90.716759903531056 3.5238396161585097 2.1661225848365566 8.1996251453238056 65.154378927487414 40.074081351223867 6.8870265664008912
leaf_count=1030 4888 110 41 1494 3955 1669 875
internal_value=0.00063436 0.00146847 -0.0214345 0.00297708 -0.00543813 0.0077022 -0.0338495
internal_weight=220.186 216.722 12.577 204.145 73.354 130.791 10.4109
internal_count=14062 13032 1026 12006 5449 6557 985
is_linear=0
shrinkage=0.05


Tree=111
num_leaves=12
num_cat=2
split_feature=5 5 38 43 36 32 2 12 0 1 4
split_gain=2.92911 3.54632 4.2371 4.25904 2.75709 6.04297 6.37779 4.00143 5.1666 2.68767 1.34797
threshold=-0.93543596745397617 -0.98801846520836334 7.6613095000000007 17.900000000000002 94.500000000000014 28.497917000000005 2.5000000000000004 39.500000000000007 0 1 0.98049069993378934
decision_type=2 2 2 2 2 2 2 2 1 1 2
left_child=1 2 3 -1 5 10 -7 9 -9 -6 -2
right_child=4 -3 -4 -5 7 6 -8 8 -10 -11 -12
leaf_value=0.051255290438814542 -0.045846524461763079 -0.046203953036660028 -0.040053546841506388 -0.03117680493707255 0.042935458153539052 0.032082650145168451 -0.015761524249701869 0.0037204829710941623 -0.019636057702781907 0.0070826623856836569 0.016603421611576501
leaf_weight=3.736740719585212 10.318535869504554 6.9217254432151085 2.9464871669188142 1.5395866655162533 8.3203525925637223 9.5044925211113895 19.675587191886734 124.95474193658447 17.677881841314957 13.024978497327538 0.44612409058027047
leaf_count=125 1109 1028 398 256 479 199 1555 2804 5645 470 22
internal_value=-0.00182692 -0.0223282 0.000600252 0.0260673 -0.000202843 -0.0118152 0.000368892 0.00268039 -0.000398957 0.022354 -0.0420671
internal_weight=219.067 15.1445 8.22281 5.27633 203.923 39.9447 29.1801 163.978 142.633 21.3453 10.7647
internal_count=14090 1807 779 381 12283 2885 1754 9398 8449 949 1131
cat_boundaries=0 1 2
cat_threshold=12 1
is_linear=0
shrinkage=0.05


Tree=112
num_leaves=15
num_cat=1
split_feature=13 25 4 43 1 39 4 13 38 6 12 9 13 13
split_gain=2.95819 4.63446 3.78672 5.18287 3.47287 3.13974 2.87357 6.526 4.13471 1.85937 1.37927 0.777123 0.425784 0.660114
threshold=5.9937500000000012 7.3743055000000011 -0.99467753128998015 15.050000000000002 0 15.65 -0.78326540922535159 11.672916500000001 8.4806550000000005 27.000000000000004 52.500000000000007 24.450000000000003 5.3812500000000005 5.1604165000000011
decision_type=2 2 2 2 1 2 2 2 2 2 2 2 2 2
left_child=1 2 4 -4 -1 9 7 -7 -8 10 -2 -11 13 -3
right_child=5 12 3 -5 -6 6 8 -9 -10 11 -12 -13 -14 -15
leaf_value=-0.022239338185494072 0.01593437326184359 0.029999833420431998 0.018512852283655633 -0.022364401793498134 0.077578744625356494 -0.031697806857684287 0.010029377009235556 0.039224114057706247 -0.0068008917803131751 0.035370252846525355 -0.047719589189879869 -0.01691030514881112 0.060399923953638461 -0.016966286250408556
leaf_weight=0.7206573317525935 0.47980345159885285 0.75213271030224749 14.173153507203098 14.874265237711368 1.9090370076592083 17.583318230928857 57.696608270664001 3.0405603186518411 95.472250546503346 0.66018995479680576 6.5032113621709868 0.45503281010314822 3.521205408469541 0.46264084870927036
leaf_count=58 117 30 924 1165 58 1399 3711 195 5552 23 597 34 138 44
internal_value=-0.00175192 0.0110689 0.00346705 -0.00246677 0.0516333 -0.00436503 -0.00284892 -0.0199115 -0.000437228 -0.0330123 -0.0418978 0.0161289 0.0524459 0.0125286
internal_weight=218.304 36.4131 31.6771 29.0474 2.62969 181.891 173.793 20.6239 153.169 8.09824 6.98301 1.11522 4.73598 1.21477
internal_count=14045 2417 2205 2089 116 11628 10857 1594 9263 771 714 57 212 74
cat_boundaries=0 1
cat_threshold=1
is_linear=0
shrinkage=0.05


Tree=113
num_leaves=10
num_cat=2
split_feature=34 38 44 4 1 15 27 1 4
split_gain=3.11633 3.11635 3.72524 4.88787 3.54668 1.4845 0.746277 0.600004 0.17786
threshold=21.050000000000004 12.262500000000001 52.000000000000007 -0.85227431625818906 0 17.300000000000001 5.5000000000000009 1 0.77788564761185042
decision_type=2 2 2 2 1 2 2 1 2
left_child=6 2 3 -2 -4 -3 -1 8 -8
right_child=1 5 4 -5 -6 -7 7 -9 -10
leaf_value=-0.042834055219210188 -0.021178149634950977 -0.042735932048452011 0.074827779918441778 0.0027024242118494804 -0.023412358669689454 0.023080311111572178 -0.0045231153282517525 -0.018607668340722899 0.035615649502409086
leaf_weight=4.4262784128077319 23.32174857109203 4.8395058215537565 2.0971135008730926 179.06342422374291 0.7550412470591249 0.35978945510578331 0.099138488963944726 0.46062860419624485 0.15330640139291063
leaf_count=1098 1983 826 48 9853 46 44 73 81 4
internal_value=-0.00129053 -0.000264825 0.000786369 -0.000140039 0.0494945 -0.0351931 -0.0364052 0.00521013 0.028827
internal_weight=215.576 210.437 205.237 202.385 2.85215 5.1993 5.13935 0.713073 0.252445
internal_count=14056 12800 11930 11836 94 870 1256 158 77
cat_boundaries=0 1 2
cat_threshold=2 1
is_linear=0
shrinkage=0.05


Tree=114
num_leaves=15
num_cat=2
split_feature=34 1 34 15 1 32 43 21 22 38 5 15 25 9
split_gain=3.42123 5.53953 11.06 9.83221 5.20369 15.0658 14.5363 13.4578 9.77909 5.28571 5.147 2.84369 0.902554 0.857479
threshold=24.250000000000004 0 24.750000000000004 2.7500000000000004 1 26.401488000000004 38.900000000000006 23.450000000000003 86.368055500000011 8.8104165000000005 0.41202506375868281 30.050000000000004 9.4861110000000028 24.450000000000003
decision_type=2 1 2 2 1 2 2 2 2 2 2 2 2 2
left_child=4 2 13 -4 6 9 7 -1 -7 -6 11 -3 -8 -2
right_child=1 10 3 -5 5 8 12 -9 -10 -11 -12 -13 -14 -15
leaf_value=0.017216617810976366 0.0028603429616507097 -0.040432943936427997 -0.019281202318457518 0.062420611446619936 -0.054981374670837461 0.0067199252598227864 0.019677185410687432 -0.031625443471861171 0.042219551690590523 0.013616125410656682 0.036808117985931518 0.031389386100853657 0.10574242455894059 -0.047180268216453512
leaf_weight=21.147587771964027 0.84661970095476391 20.055903193453567 5.4213041574403169 8.4286442527372838 10.235735950322121 75.399097881687339 0.96092851384309996 38.47676893643802 25.363919988216367 3.2872297399735535 1.8829216118901957 0.76086941483663295 1.6926888418383894 6.194070624827873
leaf_count=2086 102 1814 557 578 778 3001 39 2932 1083 272 63 54 24 708
internal_value=-0.000163361 -0.0125446 0.00596579 0.0312951 0.00294678 0.00925601 -0.00859457 -0.0143039 0.0159829 -0.038517 -0.0291128 -0.0364893 0.0884923 -0.0415557
internal_weight=220.154 43.5903 20.8906 13.8499 176.564 114.286 62.278 59.6244 100.763 13.523 22.6997 20.8168 2.65362 7.04069
internal_count=14091 3876 1945 1135 10215 5134 5081 5018 4084 1050 1931 1868 63 810
cat_boundaries=0 1 2
cat_threshold=1 1
is_linear=0
shrinkage=0.05


Tree=115
num_leaves=9
num_cat=0
split_feature=25 22 43 44 4 5 32 26
split_gain=3.88078 2.9464 4.0459 8.51106 6.05147 2.97008 1.38771 1.07514
threshold=12.961111000000001 89.048611500000007 19.200000000000006 44.800000000000004 -0.85227431625818906 -0.19337245081799001 26.401488000000004 19.450000000000003
decision_type=2 2 2 2 2 2 2 2
left_child=1 2 4 -4 -1 -3 -7 -2
right_child=7 5 3 -5 -6 6 -8 -9
leaf_value=-0.035283515642791689 0.014810297441948115 -0.027449124096519291 -0.020818406153567337 0.035197894511909043 0.0061723127518293177 0.017532498244263745 0.070970189706733897 -0.044631894086170992
leaf_weight=8.3836351164209173 0.38760617782827367 1.0835459309746509 43.746889124013251 7.0601668592134947 143.31662035838235 3.5563395351346108 2.049621814279817 5.0348395420005545
leaf_count=649 10 162 3437 491 8356 108 74 745
internal_value=-0.000453805 0.000718119 -0.000433293 -0.0125052 0.00366522 0.0310975 0.0448559 -0.0387384
internal_weight=214.619 209.197 202.507 50.8071 151.7 6.68951 5.60596 5.42245
internal_count=14032 13277 12933 3928 9005 344 182 755
is_linear=0
shrinkage=0.05


Tree=116
num_leaves=9
num_cat=1
split_feature=5 5 39 23 1 36 23 5
split_gain=2.66498 2.96119 4.52569 5.11381 4.23139 21.7454 14.4505 2.17049
threshold=0.90070004940655357 0.70747208174348741 13.900000000000002 97.500000000000014 0 99.500000000000014 99.500000000000014 -1.0000000180025095e-35
decision_type=2 2 2 2 1 2 2 2
left_child=1 2 7 -4 5 -3 -6 -1
right_child=-2 4 3 -5 6 -7 -8 -9
leaf_value=-0.019207697108407362 -0.039023692925653997 -0.049691932803316914 0.0033171757065508637 -0.01418310941417158 0.039193314527361953 0.063659285241710675 -0.062582867686678909 0.063377483475083457
leaf_weight=0.51970976882148567 3.4580443488375741 10.350248060480228 97.921204352402128 71.384230400290107 21.93839148525149 5.7572614430682725 3.1900057703023768 2.666911660169716
leaf_count=32 1768 556 5922 4765 652 169 81 108
internal_value=-0.000762187 3.57231e-05 -0.0028548 -0.00410142 0.0119082 -0.00782424 0.0243723 0.0485378
internal_weight=217.186 213.728 172.492 169.305 41.2359 16.1075 25.1284 3.18662
internal_count=14053 12285 10827 10687 1458 725 733 140
cat_boundaries=0 1
cat_threshold=1
is_linear=0
shrinkage=0.05


Tree=117
num_leaves=9
num_cat=0
split_feature=5 40 23 7 36 19 44 8
split_gain=2.54639 2.80209 6.50269 6.32567 5.86757 5.75178 3.83991 3.44919
threshold=0.90070004940655357 55.150000000000013 97.500000000000014 26.864583500000006 95.500000000000014 28.295139000000002 44.800000000000004 29.550000000000004
decision_type=2 2 2 2 2 2 2 2
left_child=1 4 6 -4 5 -1 -3 -6
right_child=-2 2 3 -5 7 -7 -8 -9
leaf_value=-0.04167775580164889 -0.038413546445697347 -0.00084326895758488367 -0.0024517846960115087 -0.037478232076472412 -0.029778199510058195 0.00042204583372045006 0.0370042615525525 0.014130656915196436
leaf_weight=9.8887911779456754 3.2366177814546964 19.007990778598472 31.517595370009076 20.989392104005674 3.7875581713742568 31.748544980335282 9.3152068136550934 89.523140969016822
leaf_count=909 1737 1187 2091 1803 201 1911 632 3518
internal_value=-2.35035e-05 0.000726883 -0.006587 -0.0168922 0.00512393 -0.0103196 0.0124418 0.0120515
internal_weight=219.015 215.778 80.8302 52.507 134.948 41.6373 28.3232 93.3107
internal_count=13989 12252 5713 3894 6539 2820 1819 3719
is_linear=0
shrinkage=0.05


Tree=118
num_leaves=8
num_cat=2
split_feature=34 4 25 0 17 1 24
split_gain=2.77346 2.9254 2.88567 2.83978 1.7618 1.76988 0.591885
threshold=20.950000000000003 0.99761913169647187 13.462500000000002 0 35.100000000000001 1 35.500000000000007
decision_type=2 2 2 1 2 1 2
left_child=-1 2 3 -2 6 -6 -3
right_child=1 4 -4 -5 5 -7 -8
leaf_value=-0.03951642183579801 0.0047221274582190916 0.0030928155220368192 -0.039263458997527007 -0.017052559941884149 -0.031151276799077466 0.030820491043162708 -0.04919872291058415
leaf_weight=3.2106655555544412 197.44532431854168 0.47893669834593211 3.0403201043664003 5.681511846749344 1.0877184772398323 1.5872128348564729 4.0271835401072167
leaf_count=1024 6113 20 494 6140 38 37 241
internal_value=0.000674588 0.00146096 0.00261241 0.00342847 -0.0278757 0.00400118 -0.0440886
internal_weight=216.559 213.348 206.167 203.127 7.18105 2.67493 4.50612
internal_count=14107 13083 12747 12253 336 75 261
cat_boundaries=0 1 2
cat_threshold=13 1
is_linear=0
shrinkage=0.05


Tree=119
num_leaves=10
num_cat=2
split_feature=4 38 34 40 26 1 25 17 1
split_gain=3.32678 2.92221 2.77223 2.62162 2.48056 1.68376 1.13613 0.866968 0.423347
threshold=0.9962888416657264 12.262500000000001 20.950000000000003 65.200000000000003 21.650000000000002 0 10.850000000000003 35.800000000000004 1
decision_type=2 2 2 2 2 1 2 2 1
left_child=1 2 -1 -4 7 -6 8 -2 -3
right_child=4 6 3 -5 5 -7 -8 -9 -10
leaf_value=-0.038672031054728113 -0.051812461491144005 0.031938624541952655 0.0068036049015556058 -0.0059140254439752175 -0.029766764351813458 0.029359839361300946 -0.04157039830656864 0.0057196574205809021 -0.011885280865633892
leaf_weight=3.0073023130244101 4.9421258014917822 0.21453045803354953 147.44445617037127 54.868285857606679 1.0463510370464064 1.9856341044069268 4.1916113825282082 0.52642125822603691 0.29396993323462084
leaf_count=1032 288 28 7442 4344 62 64 769 10 27
internal_value=0.00027229 0.00157414 0.00254256 0.00334239 -0.0286722 0.00663308 -0.0337548 -0.0462462 0.0155195
internal_weight=218.521 210.02 205.32 202.313 8.50053 3.03199 4.70011 5.46855 0.5085
internal_count=14066 13642 12818 11786 424 126 824 298 55
cat_boundaries=0 1 2
cat_threshold=1 1
is_linear=0
shrinkage=0.05


Tree=120
num_leaves=14
num_cat=1
split_feature=5 44 4 1 36 36 32 4 2 30 7 4 35
split_gain=2.5415 4.655 8.85865 6.67359 19.478 11.7069 3.87091 3.65336 5.51578 4.0543 3.32971 2.59901 2.11264
threshold=0.67007489853957602 35.800000000000004 -0.58482361983252518 0 99.500000000000014 99.500000000000014 26.401488000000004 -0.97876850416056749 9.5000000000000018 25.000000000000004 27.339583500000003 -0.70291267844185523 84.452381000000017
decision_type=2 2 2 1 2 2 2 2 2 2 2 2 2
left_child=6 2 11 4 -3 -5 10 9 -9 -8 -1 -2 -4
right_child=1 3 12 5 -6 -7 7 8 -10 -11 -12 -13 -14
leaf_value=-0.046528615992441028 -0.025957237313732253 -0.053560537370541339 -0.047720167343914641 0.056726594222941289 0.059093339163889251 -0.024639994848939084 -0.0039091603893025408 -0.0013205238204630661 -0.0371837931826716 0.061988966189522765 0.036163084347782905 0.050039548978379859 0.013975250901979406
leaf_weight=7.2182319720741352 0.76244509819662187 8.4059570398530905 8.8335875842312799 15.609506279055497 5.4943432860309267 5.3715908252634099 4.5750292411248648 137.36942612120765 10.637264792661879 3.5405296306416858 0.67251569364452723 4.2155496038030824 1.1609468639362592
leaf_count=960 34 464 1891 459 199 200 281 8397 669 210 31 129 77
internal_value=-0.00109977 0.00867905 -0.0140131 0.0185385 -0.00805458 0.0357218 -0.00410676 -0.00226428 -0.00413027 0.0284864 -0.0362061 0.0360046 -0.0399344
internal_weight=213.867 49.8539 14.9725 34.8814 13.9003 20.9811 164.013 156.122 148.007 8.11556 7.89075 4.97799 9.99453
internal_count=14001 3453 2131 1322 663 659 10548 9557 9066 491 991 163 1968
cat_boundaries=0 1
cat_threshold=1
is_linear=0
shrinkage=0.05


Tree=121
num_leaves=15
num_cat=2
split_feature=39 1 5 39 5 4 44 28 34 4 15 34 9 1
split_gain=3.12473 8.91823 13.6315 9.19908 6.71187 9.95877 4.54589 5.31195 5.1548 5.12507 3.84629 3.72304 3.07578 2.68305
threshold=21.650000000000002 0 0.59003219687534991 26.050000000000004 -0.78324956448884031 -0.51297808981038739 34.400000000000013 52.70000000000001 23.850000000000005 -0.99275805973510278 0.8500000000000002 22.850000000000005 26.350000000000005 1
decision_type=2 1 2 2 2 2 2 2 2 2 2 2 2 1
left_child=6 4 3 -3 5 -2 9 8 -8 13 -11 -4 -6 -1
right_child=1 2 11 -5 12 -7 7 -9 -10 10 -12 -13 -14 -15
leaf_value=-0.019192811411916769 0.085922955522352129 -0.026833317588198947 0.011573672318758209 0.033057223460290074 -0.049913385122788333 -0.037758472394820761 0.0012625829192381066 -0.042737820298172038 0.024785961111028161 0.0050757684706945715 -0.025479973070070851 0.06378254506067331 0.02287165028057914 0.076443643100594136
leaf_weight=0.55772426741896108 1.8731740295770576 27.294543139229063 6.374756846460512 7.373345979518489 18.753595766989751 2.8487603592511759 49.85335383185884 3.6353538301191284 42.894518238288583 16.349068835814251 25.57236947803176 7.9683581821154803 1.0056756240082894 1.543802766769659
leaf_count=51 103 1821 325 478 1741 731 2276 355 1684 1809 2207 175 235 46
internal_value=-0.000623458 -0.0089084 0.00349805 -0.0135258 -0.0329085 0.0177472 0.00374543 0.00979706 0.0122901 -0.00942725 -0.0137228 0.0428451 -0.0452856 0.0530579
internal_weight=213.898 73.4922 49.011 34.6679 24.4812 4.72193 140.406 96.3832 92.7479 44.023 41.9214 14.3431 19.7593 2.10153
internal_count=14037 5609 2799 2299 2810 834 8428 4315 3960 4113 4016 500 1976 97
cat_boundaries=0 1 2
cat_threshold=1 1
is_linear=0
shrinkage=0.05


Tree=122
num_leaves=11
num_cat=0
split_feature=36 32 7 5 38 6 43 43 43 15
split_gain=2.71336 6.63688 4.19176 3.25576 3.25431 3.0255 2.6666 2.54555 2.72489 0.926053
threshold=94.500000000000014 28.362798000000002 29.572917000000004 -0.93543596745397617 6.8693455000000005 2.5000000000000004 18.850000000000005 43.800000000000004 36.250000000000007 0.15000000000000005
decision_type=2 2 2 2 2 2 2 2 2 2
left_child=1 -1 5 4 6 -3 -2 8 -5 -6
right_child=3 2 -4 7 9 -7 -8 -9 -10 -11
leaf_value=-0.049185607610111426 0.025193561588100585 -0.01332224878584707 -0.042232967382721837 0.00305384613865227 0.0081020830756859258 0.020679806383203027 -0.034053242620386552 -0.038589931899685813 0.03053211095243228 -0.045247269210276692
leaf_weight=8.4921054878504929 4.5670677220914495 10.121557137405038 4.1596503625914911 148.96190092698089 0.5979550557094625 15.136497154016979 1.9004734699556136 2.4713885605451642 8.6332003002171387 7.0248982890625484
leaf_count=1047 164 510 824 8860 24 522 279 221 283 1325
internal_value=-0.000890797 -0.0128309 -0.00106424 0.00176669 -0.020455 0.00706585 0.00555521 0.00383768 0.00474215 -0.0406081
internal_weight=212.067 37.9098 29.4177 174.157 14.0904 25.2581 6.46754 160.066 157.595 7.62285
internal_count=14059 2903 1856 11156 1792 1032 443 9364 9143 1349
is_linear=0
shrinkage=0.05


Tree=123
num_leaves=15
num_cat=4
split_feature=36 37 1 4 4 0 43 19 1 1 44 5 35 35
split_gain=2.96498 4.34123 15.1692 22.4448 9.2356 9.07473 4.67719 4.29306 4.1746 3.74303 13.4139 11.856 0.66106 0.655719
threshold=94.500000000000014 34.500000000000007 0 0.77788564761185042 0.7210268013660811 1 38.900000000000006 28.231250000000003 2 3 36.20000000000001 0.14888728888808322 71.127976500000017 71.273809500000013
decision_type=2 2 1 2 2 1 2 2 1 1 2 2 2 2
left_child=7 2 3 -2 -4 8 -7 12 -3 11 -11 -9 -1 -14
right_child=1 5 4 -5 -6 6 -8 9 -10 10 -12 -13 13 -15
leaf_value=-0.048051199178208139 -0.039101619604903902 -0.0062645599883602507 0.031503713682629525 0.11931416909421605 -0.04766409559922305 -0.04553273382578818 0.035068458503134163 -0.054313644635384198 0.011706958497599144 0.069933295140514926 -0.050861443983109877 0.032289242167183589 0.026238570376603983 -0.021595358464792755
leaf_weight=6.8601954344485412 2.7102379582938738 50.205261098628398 5.9463094572420232 5.9301499998546205 6.9331538564874791 17.342320411000404 1.2666916784073681 4.3613601699180462 87.184858651016839 2.0340237434138571 9.1915769521146995 14.227644416270776 0.2567965363850816 0.67042169021442533
leaf_count=853 308 1704 284 175 201 6583 176 488 1695 94 861 480 9 84
internal_value=-3.7319e-05 0.00267987 0.0232016 0.0707221 -0.0114768 -0.00028082 -0.0255222 -0.0126023 0.00479545 -0.0034297 -0.0250441 0.010235 -0.0433334 -0.00160688
internal_weight=215.121 177.519 21.5199 8.64039 12.8795 155.999 18.609 37.602 137.39 29.8146 11.2256 18.589 7.78741 0.927218
internal_count=13995 11126 968 483 485 10158 6759 2869 3399 1923 955 968 946 93
cat_boundaries=0 1 2 3 4
cat_threshold=1 12 1 2
is_linear=0
shrinkage=0.05


Tree=124
num_leaves=13
num_cat=1
split_feature=36 19 8 34 5 4 34 32 8 40 1 2
split_gain=2.55129 6.34661 4.64836 4.40188 6.56209 6.76991 4.64839 3.92849 3.68786 3.40035 2.05519 1.02048
threshold=94.500000000000014 28.313194500000005 35.750000000000007 23.450000000000003 -0.16799793862756093 -0.79384350655589164 23.850000000000005 27.092262000000002 31.850000000000005 53.000000000000007 0 2.5000000000000004
decision_type=2 2 2 2 2 2 2 2 2 2 1 2
left_child=1 -1 10 4 8 -6 9 -8 -2 -5 -3 -4
right_child=3 2 11 6 5 -7 7 -9 -10 -11 -12 -13
leaf_value=-0.04848260093432253 0.067438626178971381 0.022101588029174255 0.0040918879437604151 -0.0017096895109999059 -0.039850760423326012 0.011899939173388156 0.024162448578779409 -0.0029867359070015627 0.0027455381503113489 -0.03606099672316336 -0.0078442373656355049 -0.041096170238495558
leaf_weight=7.8894778486865098 6.5913637994963192 14.031857876485446 1.3260423020692531 13.268257790536156 6.1826050271629347 52.487067677866435 15.876732362608889 62.534711621789029 3.2270484236360062 15.037876056710955 8.5935838407895098 5.7150203018391039
leaf_count=998 345 483 30 456 631 3158 1307 3704 203 1343 487 898
internal_value=0.00022758 -0.0114238 -0.00030881 0.00277575 0.0125751 0.00586999 -0.00357151 0.00274547 0.048395 -0.0205669 0.010877 -0.0331354
internal_weight=212.762 37.556 29.6665 175.206 68.4881 58.6697 106.718 78.4114 9.81841 28.3061 22.6254 7.04106
internal_count=14043 2896 1898 11147 4337 3789 6810 5011 548 1799 970 928
cat_boundaries=0 1
cat_threshold=2
is_linear=0
shrinkage=0.05


Tree=125
num_leaves=15
num_cat=3
split_feature=44 0 38 1 44 41 5 33 2 32 5 5 1 19
split_gain=3.09784 4.58917 13.0658 19.9196 7.37304 7.34123 4.95609 3.36613 6.01435 4.84388 5.95942 4.24718 2.85209 0.169987
threshold=35.45000000000001 0 11.183035500000001 1 38.70000000000001 83.65000000000002 0.60383265664488517 32.550000000000004 9.5000000000000018 28.780059500000004 0.71952396275653763 0.18281312110578127 2 26.668750000000006
decision_type=2 1 2 1 2 2 2 2 2 2 2 2 1 2
left_child=7 4 13 -4 5 -2 -6 8 -1 10 -9 -10 -11 -3
right_child=1 2 3 -5 6 -7 -8 9 11 12 -12 -13 -14 -15
leaf_value=-0.049883461962237502 0.025094668487767147 -0.017095729330411081 0.10851804507127777 -0.043551084617608211 -0.013188645500152474 -0.028919299761780745 0.016585556976600215 0.021985148200384014 0.049813860099884463 -0.00025617664137143209 -0.040628098621682235 -0.013359435579088251 -0.055998673398323699 -0.04768164268255437
leaf_weight=10.590576007962229 58.648362812702544 2.0171882857685004 3.2877181834774083 3.5138417549605947 45.000654742296319 6.1943585148546836 19.116737833595835 22.064822505839405 2.1759578438941416 4.3129523309762572 3.6007992377271867 15.495426044421036 3.926362299505854 13.016982070781522
leaf_count=1175 851 1160 647 659 1658 207 310 971 88 222 921 1390 230 3570
internal_value=-0.000153627 0.00371907 -0.0137418 0.0344434 0.0072575 0.0195739 -0.00419303 -0.00945764 -0.021883 0.00122994 0.0120065 -0.00332931 -0.0300056 -0.0449
internal_weight=212.963 150.796 21.8357 6.80156 128.96 64.8427 64.1174 62.1669 28.262 33.9049 25.6656 17.6714 8.23931 15.0342
internal_count=14059 9062 6036 1306 3026 1058 1968 4997 2653 2344 1892 1478 452 4730
cat_boundaries=0 1 2 3
cat_threshold=9 1 1
is_linear=0
shrinkage=0.05


Tree=126
num_leaves=8
num_cat=0
split_feature=4 43 43 43 2 26 8
split_gain=3.60016 2.48589 5.21111 3.64137 1.91642 1.41188 0.0974437
threshold=0.99761913169647187 43.800000000000004 36.250000000000007 31.750000000000004 7.5000000000000009 21.650000000000002 34.95000000000001
decision_type=2 2 2 2 2 2 2
left_child=1 2 3 -1 -4 -2 -7
right_child=5 -3 4 -5 -6 6 -8
leaf_value=0.0014420098516168681 -0.048947776846561153 -0.039608244891898355 0.041878169030083692 -0.037633158640653398 -0.021722661248863476 0.0058954335927507359 -0.0094506209641277653
leaf_weight=188.4995895891916 4.0646225372329345 2.6352571799361604 9.2118119358201476 5.1558598920819341 0.72130061098141673 1.4275025555398317 0.80988846690161143
leaf_count=12420 258 228 226 705 74 35 42
internal_value=0.000174101 0.00138918 0.00211085 0.000213689 0.0356953 -0.0343324 -0.000862852
internal_weight=212.526 206.224 203.589 193.655 9.93311 6.30201 2.23739
internal_count=13988 13653 13425 13125 300 335 77
is_linear=0
shrinkage=0.05


Tree=127
num_leaves=9
num_cat=1
split_feature=34 38 44 27 25 4 1 39
split_gain=2.59433 2.59138 3.58283 2.16936 1.07222 0.880978 0.517691 0.285662
threshold=21.050000000000004 12.262500000000001 52.000000000000007 65.000000000000014 10.850000000000003 0.78857998149907527 0 24.950000000000003
decision_type=2 2 2 2 2 2 1 2
left_child=5 2 3 -2 7 -1 -7 -3
right_child=1 4 -4 -5 -6 6 -8 -9
leaf_value=-0.042042181849944162 0.0010681846177294228 0.026450990993055357 0.049914872896916672 -0.038367564589380912 -0.041195790021486718 0.029914160671387104 -0.015699020679462494 -0.0099152379839175173
leaf_weight=3.8472594469785681 199.79244662914425 0.29415002628229459 2.7186393034062339 2.549051402922486 4.0303668562555686 0.23321836377726857 0.37097779443138279 0.24078399816062301
leaf_count=1150 11516 12 92 351 803 42 41 51
internal_value=-0.00051048 0.000373313 0.00128084 0.00038514 -0.0332958 -0.0345636 0.00957968 0.0142865
internal_weight=214.077 209.625 205.06 202.341 4.5653 4.45146 0.604196 0.534934
internal_count=14058 12825 11959 11867 866 1233 83 63
cat_boundaries=0 1
cat_threshold=1
is_linear=0
shrinkage=0.05


Tree=128
num_leaves=10
num_cat=2
split_feature=5 5 36 1 36 1 19 43 43
split_gain=2.99649 3.26458 4.1568 3.43712 2.99255 9.04537 7.38639 2.84095 3.43055
threshold=-0.93543596745397617 -0.98801846520836334 98.500000000000014 0 93.500000000000014 1 28.443055500000003 43.800000000000004 36.250000000000007
decision_type=2 2 2 1 2 1 2 2 2
left_child=1 2 -1 -4 5 -2 -7 8 -6
right_child=4 -3 3 -5 7 6 -8 -9 -10
leaf_value=-0.039761918233796281 -0.050709816758636561 -0.045473680231761709 -0.029532108077917108 0.047675668050283809 0.0034798722333944637 -0.044159771360524881 0.027092470960362665 -0.039352147294828027 0.031910425114303191
leaf_weight=2.8529246310936287 9.163397955649998 6.1676733327039965 1.2745823934383225 3.8033429223578423 158.5997873978049 3.9678406716848285 12.77770372352097 2.6310052926419294 10.407363085018003
leaf_count=415 1093 1042 182 185 9483 403 688 236 298
internal_value=0.000459503 -0.021016 0.000966279 0.0266258 0.0020903 -0.0134339 0.00867222 0.00449792 0.00540801
internal_weight=211.646 14.0985 7.93085 5.07793 197.547 25.9089 16.7455 171.638 169.007
internal_count=14025 1824 782 367 12201 2184 1091 10017 9781
cat_boundaries=0 1 2
cat_threshold=1 1
is_linear=0
shrinkage=0.05


Tree=129
num_leaves=12
num_cat=2
split_feature=8 33 1 44 32 1 36 34 38 40 13
split_gain=2.80899 3.11529 8.68435 5.48329 4.81997 3.62322 12.4608 9.72622 1.76936 2.26528 1.30543
threshold=35.850000000000001 36.850000000000001 0 38.000000000000007 29.350893000000003 1 97.500000000000014 24.750000000000004 10.372024000000001 11.250000000000002 10.083333500000002
decision_type=2 2 1 2 2 1 2 2 2 2 2
left_child=1 5 3 -3 -4 6 -1 -7 10 -10 -2
right_child=8 2 4 -5 -6 7 -8 -9 9 -11 -12
leaf_value=0.017687361996898278 -0.027235544447772569 0.087763265300371249 0.041101102089337788 -0.025597597541839153 -0.05218943908422799 0.0090785769294158842 -0.025264800377140045 -0.047016870257643832 -0.048615880204213979 0.021236955401992896 0.017856215010890655
leaf_weight=26.660171525989426 1.6021017075399848 4.2038881613989343 1.239843714982271 0.86078966391505662 2.9669334455975331 117.42327496808139 42.617155153362546 7.2774836221942669 5.6274243704974651 0.81259685987606634 3.1904785154038109
leaf_count=2132 67 74 29 78 118 5690 4204 738 871 12 69
internal_value=0.000406294 0.00179827 0.0286334 0.0674526 -0.0220812 0.000375376 -0.00871893 0.00545688 -0.022869 -0.0381322 0.000683017
internal_weight=214.482 203.25 9.27145 5.06468 4.20678 193.978 69.2773 124.701 11.2326 6.44002 4.79258
internal_count=14082 13063 299 152 147 12764 6336 6428 1019 883 136
cat_boundaries=0 1 2
cat_threshold=1 1
is_linear=0
shrinkage=0.05


Tree=130
num_leaves=13
num_cat=1
split_feature=22 1 20 2 43 2 36 36 40 39 39 24
split_gain=2.579 5.95195 9.85833 9.09304 7.25314 7.17445 5.65636 5.52301 3.43266 2.78025 3.96683 1.24224
threshold=86.125000000000014 0 31.650000000000002 10.500000000000002 22.050000000000004 8.5000000000000018 99.500000000000014 95.500000000000014 85.000000000000014 15.65 15.850000000000003 52.500000000000007
decision_type=2 1 2 2 2 2 2 2 2 2 2 2
left_child=8 3 4 7 -3 -4 -5 -2 9 11 -11 -1
right_child=1 2 5 6 -6 -7 -8 -9 -10 10 -12 -13
leaf_value=0.010317643203572965 0.067536616923823234 -0.030988459984573641 0.075158150220035441 -0.027901827726440804 0.021646813673388929 0.0038786330995431448 0.058059966909695893 -0.047875040126568569 -0.042895889410703519 0.042156350555771868 -0.0014235517707110467 -0.035858520884271758
leaf_weight=1.317138959740985 0.26749437930993991 9.9597548333404138 9.414376166998407 2.2046780342061529 15.248878407714072 5.5123995564063071 4.4582109660259448 11.096196080092339 4.182909147872123 4.4220239549176759 140.33932031155564 6.8965367509808857
leaf_count=247 11 578 364 83 872 246 130 1830 540 148 8347 692
internal_value=0.000461683 0.00936545 0.0199365 -0.0139813 0.000462081 0.0507312 0.0296869 -0.0399156 -0.00287186 -0.00150597 0.000187765 -0.0281376
internal_weight=215.32 58.162 40.1354 18.0266 25.2086 14.9268 6.66289 11.3637 157.158 152.975 144.761 8.21368
internal_count=14088 4114 2060 2054 1450 610 213 1841 9974 9434 8495 939
cat_boundaries=0 1
cat_threshold=1
is_linear=0
shrinkage=0.05


Tree=131
num_leaves=9
num_cat=0
split_feature=5 15 30 44 25 40 5 40
split_gain=2.11693 2.28661 4.38829 3.99401 3.27878 3.25233 2.56067 1.3046
threshold=0.90070004940655357 9.9500000000000011 26.650000000000002 44.800000000000004 5.3048615000000003 85.000000000000014 -0.8611288361322974 60.050000000000004
decision_type=2 2 2 2 2 2 2 2
left_child=1 2 5 4 -3 -1 -5 -4
right_child=-2 3 7 6 -6 -7 -8 -9
leaf_value=0.002230591193668125 -0.037521756597202582 0.025038443895826525 -0.016605896146719635 -0.026866626192551209 -0.020003545951505372 -0.031004691619566212 0.040020714854035661 0.047113434090996754
leaf_weight=147.27800067639328 2.9399772037286303 3.6519596033904227 0.41492270986782287 1.1211156145873244 38.075554826529697 6.7458399218448895 4.8586416081234338 5.6133373266784474
leaf_count=7555 1782 226 31 339 2799 725 275 304
internal_value=-0.0012133 -0.000522232 0.00235123 -0.0100127 -0.0155678 0.000584363 0.0254278 0.0409889
internal_weight=210.699 207.759 160.052 47.7073 41.7275 154.024 5.97976 6.02826
internal_count=14036 12254 8615 3639 3025 8280 614 335
is_linear=0
shrinkage=0.05


Tree=132
num_leaves=8
num_cat=2
split_feature=5 4 0 4 17 1 22
split_gain=2.15771 2.03974 2.10125 1.96762 1.93525 1.94768 0.587192
threshold=0.90070004940655357 0.9962888416657264 0 0.96687895796550427 32.600000000000001 1 67.611111000000008
decision_type=2 2 1 2 2 1 2
left_child=1 2 3 -1 6 -6 -3
right_child=-2 4 -4 -5 5 -7 -8
leaf_value=0.0012638016657690642 -0.03716150841493978 0.0024867727923405334 -0.015911351261226798 0.016979067998996511 -0.032989670377724975 0.025993092283512122 -0.049254650487859264
leaf_weight=172.64384161727503 2.8340148620191021 0.51890083515900132 5.1235705139988559 21.547277889796533 1.3276463865477126 2.5244609813671559 3.4738435684412252
leaf_count=5470 1775 33 5923 431 85 90 220
internal_value=7.11151e-06 0.000691673 0.00172596 0.00293523 -0.0228107 0.00305503 -0.043379
internal_weight=209.994 207.16 199.315 194.191 7.84485 3.85211 3.99274
internal_count=14027 12252 11824 5901 428 175 253
cat_boundaries=0 1 2
cat_threshold=13 1
is_linear=0
shrinkage=0.05


Tree=133
num_leaves=13
num_cat=1
split_feature=26 25 26 22 17 37 1 36 26 5 35 23
split_gain=2.5117 4.88411 3.30161 3.30518 2.32193 5.04009 11.8049 4.26754 4.15213 3.55789 3.05085 0.817478
threshold=22.450000000000003 7.1131945000000005 24.150000000000002 66.652778000000026 32.600000000000001 34.500000000000007 0 95.500000000000014 16.150000000000002 -0.85225707553516283 62.919643000000008 76.000000000000014
decision_type=2 2 2 2 2 2 1 2 2 2 2 2
left_child=4 -2 11 -4 5 6 -1 10 -7 -9 -6 -3
right_child=1 2 3 -5 7 8 -8 9 -10 -11 -12 -13
leaf_value=0.057668422661446277 0.067292676403851795 0.0025208554087142558 -0.034662818548104782 0.015955643931988735 0.0059162387688144451 0.0022649856563571199 -0.015562324327181985 -0.01812757655570834 -0.018118627838773601 0.019241071538444773 -0.036217772883675718 -0.044403285678078858
leaf_weight=9.0603598050947767 0.67232488357695075 0.89975326036801817 4.139811807399381 7.6809623935550917 8.3775264755240624 46.099153220784501 11.433542190206936 6.5681461060885331 53.032494350947673 45.733223256858764 7.3312918306328347 10.038672917551592
leaf_count=557 53 21 514 771 367 3526 557 792 3287 1767 629 1310
internal_value=-0.00180311 -0.0168831 -0.0220973 -0.00309264 0.000159559 -0.00402606 0.0179898 0.00747345 -0.00871169 0.0142962 -0.0147384 -0.0406556
internal_weight=211.067 23.4315 22.7592 11.8208 187.636 119.626 20.4939 68.0102 99.1316 52.3014 15.7088 10.9384
internal_count=14151 2669 2616 1285 11482 7927 1114 3555 6813 2559 996 1331
cat_boundaries=0 1
cat_threshold=1
is_linear=0
shrinkage=0.05


Tree=134
num_leaves=12
num_cat=0
split_feature=4 10 4 4 44 10 30 17 37 25 17
split_gain=3.46113 2.5039 2.64685 5.06375 3.75009 2.37858 2.25301 1.0664 0.762086 0.304582 0.119573
threshold=0.9962888416657264 89.458333500000023 0.95752911693909504 0.81428061195174062 38.70000000000001 90.041666500000005 27.050000000000004 32.600000000000001 68.500000000000014 8.2937500000000011 38.350000000000009
decision_type=2 2 2 2 2 2 2 2 2 2 2
left_child=1 2 3 -1 -4 8 -7 -2 -3 -9 -11
right_child=7 5 4 -5 -6 6 -8 9 -10 10 -12
leaf_value=-0.00034806090943226894 -0.049238013810322522 0.053446647797421469 0.028482042884051637 -0.023532945457808385 -0.0088893800602581098 -0.029463253162350458 0.028397666255581364 0.0089793016893097242 -0.0011255716712424483 -0.021899865684142913 0.00091929195204771749
leaf_weight=140.18095105867542 3.838624085445189 3.7096488551469502 14.689480148255827 27.313685712200822 11.076133575115817 2.4981572132091969 2.2447148984065279 1.0036692689755002 0.69322812024620351 1.4881883016205395 0.64503045519813884
leaf_count=10345 261 206 313 1659 730 194 98 24 43 113 34
internal_value=-0.00195013 -0.000673729 -0.00193516 -0.00424609 0.0126849 0.0235453 -0.00190232 -0.0342588 0.0462363 -0.00845737 -0.0169087
internal_weight=209.382 202.406 193.26 167.495 25.7656 9.14575 4.74287 6.97551 4.40288 3.13689 2.13322
internal_count=14020 13588 13047 12004 1043 541 292 432 249 171 147
is_linear=0
shrinkage=0.05


Tree=135
num_leaves=13
num_cat=1
split_feature=10 0 5 8 30 25 26 43 23 7 22 14
split_gain=2.65341 5.20505 4.44992 6.55126 5.28151 3.73183 4.60555 4.78362 2.6536 2.60608 2.41623 0.714019
threshold=85.395833500000023 0 -0.52765736634565841 30.550000000000004 25.000000000000004 11.347222500000003 21.350000000000005 6.1500000000000012 96.500000000000014 28.812500000000004 57.187500000000007 20.950000000000003
decision_type=2 1 2 2 2 2 2 2 2 2 2 2
left_child=5 2 3 -2 -4 6 7 -1 9 -7 -8 -10
right_child=1 -3 4 -5 -6 8 10 -9 11 -11 -12 -13
leaf_value=0.0082104612695120434 -0.011235872647671492 -0.019564017698282369 -0.010127055225669646 0.042709361569409417 0.030605400253299678 0.01455033103007179 0.0071828098615583291 -0.013989543526706713 0.055885072915768712 -0.021540946068551954 -0.043121008935263161 0.0087309464249610905
leaf_weight=40.641394070495153 7.2635511731496107 6.9014056088781208 26.622023791947868 19.53000962221995 10.182238629728088 15.759514234174281 2.610531182261183 57.419232653017389 2.7304703045519991 6.1525029611948403 11.905167454679029 1.5685692300903609
leaf_count=2748 323 3290 596 519 205 815 127 3443 63 814 1081 43
internal_value=-0.000898611 0.00694076 0.0113473 0.0282071 0.00165344 -0.00490191 -0.00885672 -0.00479871 0.0117852 0.00391868 -0.0341944 0.0435746
internal_weight=209.287 70.4992 63.5978 26.7936 36.8043 138.787 112.576 98.0606 26.2111 21.912 14.5157 4.29904
internal_count=14067 4933 1643 842 801 9134 7399 6191 1735 1629 1208 106
cat_boundaries=0 1
cat_threshold=12
is_linear=0
shrinkage=0.05


Tree=136
num_leaves=13
num_cat=2
split_feature=25 44 5 43 1 37 32 1 38 39 5 25
split_gain=2.17681 3.71124 5.55675 5.2791 4.7482 21.3915 9.92403 3.60999 3.33051 2.45886 1.73347 1.41643
threshold=11.022917000000001 38.350000000000009 0.60383265664488517 24.700000000000006 0 34.500000000000007 29.116071500000004 1 12.262500000000001 20.750000000000004 -0.84313311835787952 11.390278000000002
decision_type=2 2 2 2 1 2 2 1 2 2 2 2
left_child=1 4 3 -3 5 -1 -6 -4 9 -2 -11 -10
right_child=8 2 7 -5 6 -7 -8 -9 11 10 -12 -13
leaf_value=0.053817092992176657 -0.03373411652995207 -0.033968709348892588 0.033600904622826833 0.00488331861084545 0.016838530246063341 -0.026940175762399227 -0.051960312603379161 -0.0078242327202402064 0.025743567255451572 -0.026871230810167759 0.021628978006391363 -0.039299108484841021
leaf_weight=9.5754194628680107 1.4448366887518194 28.019884546287358 7.9233326367393602 12.186412854134685 65.057081027684035 35.75543629580352 4.7259763767942777 12.102202519774439 0.31002185126999338 1.1239812044659583 31.898604205489395 3.3055664238345344
leaf_count=521 138 2444 411 1061 3388 3057 204 413 30 302 1369 778
internal_value=0.000495262 -0.00187323 -0.0118248 -0.02236 0.00339082 -0.0090881 0.011511 0.00938465 0.0111694 0.0161279 0.0192369 -0.0293528
internal_weight=213.429 175.346 60.2318 40.2063 115.114 45.3309 69.7831 20.0255 38.083 34.4674 33.0226 3.61559
internal_count=14116 11499 4329 3505 7170 3578 3592 824 2617 1809 1671 808
cat_boundaries=0 1 2
cat_threshold=1 1
is_linear=0
shrinkage=0.05


Tree=137
num_leaves=6
num_cat=0
split_feature=5 43 43 43 27
split_gain=2.30424 1.96654 3.88261 2.98811 2.0948
threshold=0.89691351184655443 43.800000000000004 36.250000000000007 31.750000000000004 57.050000000000004
decision_type=2 2 2 2 2
left_child=1 2 3 -1 -4
right_child=-2 -3 4 -5 -6
leaf_value=0.0001216701022238344 -0.038168986619381888 -0.037947857246353259 0.03597739545755603 -0.036480376789921561 -0.025293116251724174
leaf_weight=188.48739570117323 3.012196263705845 2.343477037473348 9.5533842196746228 4.7458307457563924 0.88761709668324407
leaf_count=10983 1811 226 239 712 66
internal_value=-0.000641027 8.93965e-05 0.000710321 -0.00096047 0.0290132
internal_weight=209.03 206.018 203.674 193.233 10.441
internal_count=14037 12226 12000 11695 305
is_linear=0
shrinkage=0.05


Tree=138
num_leaves=13
num_cat=1
split_feature=40 7 0 5 4 5 4 39 35 30 16 20
split_gain=3.09374 4.16796 2.41864 19.1352 12.4024 4.94339 13.3118 4.28335 1.01504 0.530079 0.742504 0.0467857
threshold=103.95000000000002 25.981250000000003 0 -0.71502926860092908 -0.35846811432664222 -0.71502926860092908 -0.04836157422433459 23.950000000000003 88.062500000000014 36.250000000000007 7.0500000000000007 31.750000000000004
decision_type=2 2 1 2 2 2 2 2 2 2 2 2
left_child=2 8 5 4 -4 6 -1 -7 -2 -3 -11 -10
right_child=1 9 3 -5 -6 7 -8 -9 11 10 -12 -13
leaf_value=-0.050873676420077923 -0.015711207568168333 -0.046148869110704184 0.062014177849809796 -0.048321704705132029 -0.039479078934782919 0.0034067000814311482 0.01339678831081452 0.028613674019330949 0.0083606005409728231 0.026986425265794541 -0.02340240496092362 0.050048847406492049
leaf_weight=13.285881924966818 0.42078113074239709 7.0457555510074581 8.6258006633725 16.534599541031639 3.5723268788715385 122.8376089882513 17.750979831209406 18.607828853884712 0.56224240154551786 0.25130301387980558 0.78197692093090154 0.87757974280975759
leaf_count=511 65 1164 608 6284 1568 2688 580 469 54 10 91 35
internal_value=-0.00102777 -0.0269229 0.000378213 -0.0108444 0.0315518 0.00276516 -0.0148445 0.00690039 0.0296126 -0.0417706 -0.00390224 0.0438688
internal_weight=211.155 9.93964 201.215 28.7327 12.1981 172.482 31.0369 141.445 1.8606 8.07904 1.03328 1.43982
internal_count=14127 1419 12708 8460 2176 4248 1091 3157 154 1265 101 89
cat_boundaries=0 1
cat_threshold=9
is_linear=0
shrinkage=0.05


Tree=139
num_leaves=15
num_cat=3
split_feature=22 1 5 5 36 39 4 30 36 1 8 1 34 31
split_gain=3.32702 6.08372 10.8598 8.90294 8.12624 5.90356 5.19531 4.7848 3.78115 7.65542 3.77557 3.3569 3.06882 2.90659
threshold=86.125000000000014 0 0.65720762023595369 0.19969739736768835 98.500000000000014 21.850000000000005 -0.62588817255938378 9.1500000000000004 95.500000000000014 1 33.45000000000001 2 22.950000000000003 44.800000000000004
decision_type=2 1 2 2 2 2 2 2 2 1 2 1 2 2
left_child=7 2 -2 4 -3 -4 -5 8 9 -1 13 -12 -10 -9
right_child=1 3 5 6 -6 -7 -8 10 12 -11 11 -13 -14 -15
leaf_value=0.0039129080891115373 -0.043786337414390197 -0.01893274747005072 0.058372640553120039 -0.041960287991069767 0.04504369005544509 -0.039602037998420228 0.032201985434105469 -0.028021016533275624 0.020136917899025931 -0.042298447264712283 0.057975795966469491 -0.023848344527824403 -0.00095667651814260223 0.026833332273553664
leaf_weight=24.808724994203658 10.975196926796345 5.5862974882184089 4.76631114076008 6.9476836769608781 24.11335118918214 1.306114208535291 2.5109756255988014 34.73026285119704 26.017439581133658 12.900159225886453 1.924743184412363 1.4464977820171043 47.425652408011956 1.8175756053242356
leaf_count=1499 1877 502 135 351 1134 33 67 2425 1957 1520 80 81 2229 134
internal_value=-0.0014242 0.00886259 -0.0154636 0.0195744 0.0327854 0.0346795 -0.021076 -0.00528451 9.58725e-05 -0.0125803 -0.0199021 0.0254434 0.00668592 -0.024651
internal_weight=207.277 56.2059 17.0476 39.1583 29.6996 6.07243 9.45866 151.071 111.152 37.7089 39.9191 3.37124 73.4431 36.5478
internal_count=14024 4099 2045 2054 1636 168 418 9925 7205 3019 2720 161 4186 2559
cat_boundaries=0 1 2 3
cat_threshold=1 2 1
is_linear=0
shrinkage=0.05


Tree=140
num_leaves=14
num_cat=3
split_feature=43 43 1 4 21 31 39 43 44 1 1 7 36
split_gain=2.10005 4.87973 8.88903 4.28373 5.07668 3.99694 4.94298 5.64238 3.86859 3.79629 3.29684 3.79271 1.58357
threshold=19.200000000000006 19.050000000000004 0 -0.85227431625818906 24.250000000000004 40.850000000000009 16.150000000000002 36.250000000000007 45.20000000000001 1 2 26.941666500000004 95.500000000000014
decision_type=2 2 1 2 2 2 2 2 2 1 1 2 2
left_child=1 3 -3 4 -1 6 9 -8 -5 -2 12 -12 -7
right_child=5 2 -4 8 -6 10 7 -9 -10 -11 11 -13 -14
leaf_value=-0.04872306291675485 -0.021842469707515445 -0.034654278889350194 0.093809223001984007 0.0058614418067905443 0.035963329092865252 0.035969130832492362 -0.032604000858357268 0.0090505288717163661 -0.025635111087536105 0.039987576054627626 0.062768256626797733 -0.02577913136484071 -0.03577277419255042
leaf_weight=6.8710703886172251 3.100416080967987 1.4576508860336608 2.7065656037011649 130.52647309094027 1.4936311972269321 0.15320561733096782 28.211354984145146 10.754469511972273 9.54433179963962 5.8429128661809955 4.0434319234773284 0.98008381522959087 2.0115942236880073
leaf_count=605 252 68 67 7685 51 5 2760 391 1156 259 263 127 381
internal_value=3.19262e-05 0.00305566 0.0508387 0.00138392 -0.0313756 -0.00824788 -0.0135344 -0.0211687 0.00354878 0.0185117 0.0243358 0.044081 -0.0209344
internal_weight=207.697 152.6 4.16422 148.436 8.3647 55.0975 47.9092 38.9658 140.071 8.94333 7.18832 5.02352 2.1648
internal_count=14070 9632 135 9497 656 4438 3662 3151 8841 511 776 390 386
cat_boundaries=0 1 2 3
cat_threshold=1 1 1
is_linear=0
shrinkage=0.05


Tree=141
num_leaves=10
num_cat=0
split_feature=25 25 26 31 21 34 35 26 38
split_gain=2.2634 3.44441 2.77726 3.53745 2.57076 2.45475 2.33558 1.50909 0.820123
threshold=12.820833500000001 11.022917000000001 21.950000000000003 34.400000000000013 25.450000000000003 22.650000000000002 70.589285500000017 26.950000000000003 11.730059500000001
decision_type=2 2 2 2 2 2 2 2 2
left_child=1 2 3 -1 6 -4 -3 -2 -9
right_child=7 4 5 -5 -6 -7 -8 8 -10
leaf_value=-0.0080031315432282178 -0.043368031741480587 0.0027817070539814131 0.0093207912959659845 0.0069636525982788846 -0.033581082840012065 -0.036643184070991083 0.030513830218020552 0.024664142708350673 -0.021783264334275562
leaf_weight=86.96178036397032 4.1451314529986112 14.000173330219701 3.5282625875843214 70.653028344037011 1.6914139450818755 9.5623707040649588 16.175731207738863 1.206433660307084 0.70708513689169183
leaf_count=6497 675 659 353 3541 337 1049 709 76 150
internal_value=-0.00133707 -0.000365432 -0.0032022 -0.00129246 0.0144655 -0.0244724 0.0181494 -0.0291699 0.00591515
internal_weight=208.631 202.573 170.705 157.615 31.8673 13.0906 30.1759 6.05865 1.91352
internal_count=14046 13145 11440 10038 1705 1402 1368 901 226
is_linear=0
shrinkage=0.05


Tree=142
num_leaves=15
num_cat=0
split_feature=10 43 25 32 25 4 25 40 39 10 12 24 9 38
split_gain=2.41819 2.75193 4.88498 4.33839 3.91917 6.71051 4.77412 2.25315 1.87354 2.11803 0.79991 0.434567 0.346824 0.211883
threshold=89.458333500000023 19.200000000000006 9.4861110000000028 27.288988000000003 9.0250000000000021 -0.85227431625818906 11.022917000000001 106.45000000000002 17.550000000000004 89.979166500000005 74.500000000000014 64.500000000000014 24.050000000000004 5.5770835000000014
decision_type=2 2 2 2 2 2 2 2 2 2 2 2 2 2
left_child=1 4 3 -3 5 -1 -6 -4 12 10 -10 -11 -2 -14
right_child=8 2 7 -5 6 -7 -8 -9 9 11 -12 -13 13 -15
leaf_value=-0.035890278369960033 0.052301618692382638 -0.008595262183328848 0.021190543286712327 -0.04674268097455949 -0.019159134062212285 0.013830597498677506 0.0074325905457709998 -0.03141018012748617 -0.014562386614248787 0.0057613734253470633 0.036854550573814142 -0.035407306865477078 0.016884383744342101 -0.011723339124249638
leaf_weight=6.4629295516933771 3.1941394168534303 24.336397973296698 12.145626780780729 10.150643569271777 34.200613357417751 78.644891225194442 31.643372394042672 1.4978803301200958 0.3891890755912758 0.51031037524808232 2.4106516983301844 1.7520312643900977 0.37011106312274922 0.29172325431136414
leaf_count=562 96 2137 595 971 2064 4857 2069 335 72 12 105 196 10 59
internal_value=0.000512437 -0.000684611 -0.0109683 -0.0208241 0.00264493 0.00968193 -0.00645965 0.013665 0.0246092 0.00275933 0.0277559 -0.0272015 0.0468187 0.00480804
internal_weight=208.001 199.082 48.1305 34.487 150.952 85.1078 65.844 13.6435 8.91816 5.06218 2.79984 2.26234 3.85597 0.661834
internal_count=14140 13590 4038 3108 9552 5419 4133 930 550 385 177 208 165 69
is_linear=0
shrinkage=0.05


Tree=143
num_leaves=11
num_cat=1
split_feature=4 4 19 23 19 7 29 1 34 21
split_gain=2.18913 3.84289 4.92895 4.72597 4.6377 3.23725 1.67243 2.0367 0.883219 0.73712
threshold=0.9962888416657264 0.94704596667653973 29.143055500000003 89.500000000000014 28.841666500000002 27.252083500000001 2.5000000000000004 0 24.350000000000005 24.750000000000004
decision_type=2 2 2 2 2 2 2 1 2 2
left_child=1 2 4 -3 -1 -5 7 8 -2 -4
right_child=6 3 9 5 -6 -7 -8 -9 -10 -11
leaf_value=-0.0030041146316528862 0.036664724512144753 -0.03909363133489175 -0.013322008668849715 -0.025812894188387815 0.028886153183323798 0.028580002229517398 -0.047917454656806843 -0.035073163390244043 -0.016143318591239793 -0.043905960576869685
leaf_weight=149.18138832994737 1.8256659854669126 2.5265042676765033 4.2739547229139117 2.2908296360401463 11.337483842740765 24.091640211205231 3.296594449901022 1.554420235945144 0.44693135502166104 6.5795371934073046
leaf_count=11049 41 436 160 104 377 667 176 129 87 843
internal_value=-0.00104962 -1.74718e-05 -0.00288809 0.0165271 -0.000586802 0.0230868 -0.0264943 -0.00193652 0.02452 -0.0340023
internal_weight=207.405 200.281 171.372 28.909 160.519 26.3825 7.12361 3.82702 2.2726 10.8535
internal_count=14069 13636 12429 1207 11426 771 433 257 128 1003
cat_boundaries=0 1
cat_threshold=2
is_linear=0
shrinkage=0.05


Tree=144
num_leaves=14
num_cat=2
split_feature=34 1 34 5 5 1 21 43 9 9 4 34 8
split_gain=1.83422 5.41449 9.90781 5.5875 4.5435 4.25534 10.8854 10.1048 8.3032 8.1276 3.77901 2.13431 1.52633
threshold=24.350000000000005 0 24.950000000000003 -0.76696334127844745 0.67007489853957602 1 25.150000000000002 37.550000000000004 23.550000000000004 23.450000000000003 -0.52766804058324157 24.750000000000004 33.150000000000013
decision_type=2 1 2 2 2 1 2 2 2 2 2 2 2
left_child=5 2 10 -4 11 6 9 8 -7 -1 -2 -3 -8
right_child=1 4 3 -5 -6 7 12 -9 -10 -11 -12 -13 -14
leaf_value=0.019036154453066369 0.026313593071086713 -0.014310442977713398 -0.032027533247908961 0.053760470830488266 0.043891717883214248 -0.01626526017118865 0.0046144528944917608 -0.066293521261422392 0.016653454151195849 -0.026385523591961925 -0.047379184005617581 -0.049945095093099252 0.090569669058337729
leaf_weight=12.031777927593792 1.5611050742154473 8.4479644873354172 1.6499743184831448 8.7460651088331343 1.1434406124753866 23.92086288020073 0.76711972369230297 3.6258129452471612 83.27914265965228 41.444917585948133 6.4554540052922693 10.281823966113732 1.8581410235201472
leaf_count=1498 166 716 318 584 24 1701 53 87 3335 3575 802 1142 46
internal_value=-0.00176839 -0.0114891 0.00789381 0.0385293 -0.0289652 0.000516245 -0.0105923 0.00618402 0.00922546 -0.0160042 -0.0317018 -0.0354123 0.0736541
internal_weight=205.214 38.2858 18.4126 10.396 19.8732 166.928 56.102 110.826 107.2 53.4767 8.01656 18.7298 2.62526
internal_count=14047 3752 1870 902 1882 10295 5172 5123 5036 5073 968 1858 99
cat_boundaries=0 1 2
cat_threshold=1 1
is_linear=0
shrinkage=0.05


Tree=145
num_leaves=12
num_cat=0
split_feature=35 32 44 5 40 5 10 4 7 43 8
split_gain=2.04116 2.86627 2.33283 4.39535 3.34829 1.64299 1.26255 0.874156 0.817923 0.230851 0.0500249
threshold=88.437500000000014 26.280654500000001 38.350000000000009 -0.88620506325989179 84.350000000000009 0.097680735332368721 89.854166500000005 -0.66528616069191593 26.031250000000004 13.550000000000002 28.950000000000003
decision_type=2 2 2 2 2 2 2 2 2 2 2
left_child=1 6 4 -4 -3 8 9 -7 -2 -1 -9
right_child=5 2 3 -5 -6 7 -8 10 -10 -11 -12
leaf_value=-0.013735280594932342 0.021191260026546838 0.0070948005977547815 -0.044019759863359431 -0.0026860550648434706 -0.023925124072001435 0.050259996708090462 0.012028519302431333 0.0015096795164688357 -0.030212811703225317 -0.045120399433011188 0.015350602168687008
leaf_weight=2.0005333167791823 0.32618481060489823 108.08480770215101 6.1104694742534766 69.21616505876591 8.4794783095858275 2.8252922940882854 1.033486208762042 1.0500227776938116 1.3095388114743398 4.0219080569659127 3.2467961748479865
leaf_count=608 11 5708 1499 4252 1011 108 34 20 235 523 70
internal_value=0.000100901 -0.000989324 0.000236049 -0.00657183 0.00465394 0.0224303 -0.0302068 0.0320785 -0.0158113 -0.0381354 0.0128918
internal_weight=207.705 198.947 191.891 75.3266 116.564 8.75783 7.05593 7.12211 1.63572 6.02244 4.29682
internal_count=14079 13635 12470 5751 6719 444 1165 198 246 1131 90
is_linear=0
shrinkage=0.05


Tree=146
num_leaves=12
num_cat=4
split_feature=35 0 20 1 38 38 0 1 40 35 14
split_gain=3.10158 6.74258 5.69723 6.18867 5.06203 3.33308 4.74447 4.60879 3.08 1.65526 1.79151
threshold=84.452381000000017 0 31.650000000000002 1 7.1479165000000009 8.0940475000000021 2 3 103.95000000000002 84.122023500000012 12.65
decision_type=2 1 2 1 2 2 1 1 2 2 2
left_child=4 2 8 -4 9 7 -7 -6 -2 -1 -11
right_child=1 -3 3 -5 5 6 -8 -9 -10 10 -12
leaf_value=-0.048263572585621861 0.0042202817110735804 -0.022180343557432342 -0.0050991086752939603 0.038220442676989555 0.039945398165163182 0.014382156231378593 -0.011405229169971918 -0.0068392224058840823 -0.03583820045166719 -0.036564888223898188 0.021791163204788681
leaf_weight=7.8215621678536973 34.008785260550212 8.4750985596474475 11.343594281759579 27.216439156909473 8.9240975092980079 13.57259441848146 74.320735266592237 10.686879464308731 4.5620054237078866 1.3871905568230434 1.9613296198658643
leaf_count=1476 814 3946 432 428 774 832 4119 767 303 73 84
internal_value=-0.00107056 0.00614223 0.0109374 0.0256699 -0.00628137 -0.00279438 -0.00697123 0.0153555 -0.00130362 -0.036854 -0.00523317
internal_weight=204.28 85.6059 77.1308 38.56 118.674 107.504 87.8933 19.611 38.5708 11.1701 3.34852
internal_count=14048 5923 1977 860 8125 6492 4951 1541 1117 1633 157
cat_boundaries=0 1 2 3 4
cat_threshold=12 1 1 1
is_linear=0
shrinkage=0.05


Tree=147
num_leaves=12
num_cat=1
split_feature=41 39 36 32 19 23 35 41 1 4 26
split_gain=2.80801 3.8494 2.23914 4.76559 3.49449 2.95524 3.42905 3.31677 1.1938 1.14781 1.08458
threshold=103.95000000000002 16.250000000000004 94.500000000000014 28.497917000000005 29.026389000000005 97.500000000000014 86.050595000000015 55.150000000000013 0 0.98049069993378934 11.950000000000001
decision_type=2 2 2 2 2 2 2 2 1 2 2
left_child=2 8 3 9 -5 6 -4 -7 -2 -1 -3
right_child=1 10 5 4 -6 7 -8 -9 -10 -11 -12
leaf_value=-0.043907941676973428 -0.017288710932261149 0.014931992687464774 0.0066416669142645062 0.019171666646341824 -0.015739013084087254 0.0069543093782466689 0.038683450029669962 -0.012716855640923192 0.045869447681693327 0.014119407390537611 -0.045892874459211572
leaf_weight=8.4059377740195451 0.47992589199566082 0.34479891564114939 68.934515818822547 12.690208471816733 14.049373301459125 42.308598692587111 8.6229469223762845 41.495043910777895 1.3006863355403764 0.47730617161141786 6.8299267209367827
leaf_count=1126 60 11 3757 414 1358 2381 566 3016 61 20 1261
internal_value=-0.00013694 -0.0260475 0.00116663 -0.0100084 0.000922935 0.00368012 0.0106512 -0.00282089 0.0287509 -0.0396769 -0.0415008
internal_weight=205.939 8.95534 196.984 35.6228 26.7396 161.361 77.5575 83.8036 1.78061 8.88324 7.17473
internal_count=14031 1393 12638 2918 1772 9720 4323 5397 121 1146 1272
cat_boundaries=0 1
cat_threshold=1
is_linear=0
shrinkage=0.05


Tree=148
num_leaves=11
num_cat=2
split_feature=0 5 4 5 4 37 44 39 1 39
split_gain=2.55434 17.726 11.1633 4.84481 11.8573 5.62462 4.73881 2.82727 14.7262 5.53381
threshold=0 -0.71502926860092908 -0.35846811432664222 -0.71502926860092908 -0.04836157422433459 60.500000000000007 45.900000000000013 24.800000000000001 1 22.550000000000004
decision_type=1 2 2 2 2 2 2 2 1 2
left_child=3 2 6 4 -1 -6 -2 9 -9 -5
right_child=1 -3 -4 7 5 -7 -8 8 -10 -11
leaf_value=-0.050577946109909427 0.067617332377319705 -0.048416134070393302 -0.039591255031479561 0.0063231273757096062 -0.019407619551384443 0.032627526539878236 -0.026040161232373724 -0.045411137546853948 0.049173115701589581 -0.033332456013200243
leaf_weight=12.723269284993878 8.1012457783508562 16.546487577390508 3.6122452332056154 118.95368324147421 8.4328311342978868 10.726787993742617 1.0441324335697562 4.8001995316590182 13.908406813046897 8.5023910197778587
leaf_count=593 416 6762 1893 2497 415 272 250 215 211 476
internal_value=-0.00025471 -0.0116605 0.0275896 0.00220524 -0.0150397 0.00989837 0.0554117 0.00619336 0.0238322 0.00343888
internal_weight=207.352 29.3041 12.7576 178.048 31.8829 19.1596 9.14538 146.165 18.7086 127.456
internal_count=14000 9321 2559 4679 1280 687 666 3399 426 2973
cat_boundaries=0 1 2
cat_threshold=9 1
is_linear=0
shrinkage=0.05


Tree=149
num_leaves=9
num_cat=0
split_feature=5 8 5 39 26 31 5 23
split_gain=2.09297 2.20061 2.07155 2.83583 1.94592 1.88818 1.10014 0.386702
threshold=0.89691351184655443 35.850000000000001 -0.93543596745397617 20.000000000000004 25.950000000000003 35.800000000000004 -0.31800055644052067 74.000000000000014
decision_type=2 2 2 2 2 2 2 2
left_child=1 2 3 -1 -4 6 -3 -7
right_child=-2 5 4 -5 -6 7 -8 -9
leaf_value=0.0014810624152671317 -0.037599777285013292 -0.030249339110554708 0.0014223041428652822 -0.044074097763166516 0.031834555287198356 0.00091253241865647263 0.011236848891855835 -0.04513772759234716
leaf_weight=8.007071109255774 2.8439670140069202 1.2537241809332043 174.95827737767831 4.8784930070250985 4.4281475540192323 0.45501320855692018 4.4978373696358158 4.4208401863725157
leaf_count=668 1798 184 9172 1138 225 10 161 685
internal_value=-0.00104944 -0.000355236 0.000917462 -0.0176982 0.00234535 -0.0214796 -0.000947233 -0.0414164
internal_weight=205.743 202.899 192.272 12.8856 179.386 10.6274 5.75156 4.87585
internal_count=14041 12243 11203 1806 9397 1040 345 695
is_linear=0
shrinkage=0.05


Tree=150
num_leaves=11
num_cat=1
split_feature=0 5 4 7 5 4 37 34 34 39
split_gain=2.15479 15.4204 9.59567 5.21677 3.91128 8.37701 6.73341 3.54359 5.71601 4.11617
threshold=0 -0.71502926860092908 -0.35846811432664222 27.981250000000003 -0.76696334127844745 -0.04836157422433459 60.500000000000007 25.150000000000002 25.750000000000004 24.800000000000001
decision_type=1 2 2 2 2 2 2 2 2 2
left_child=4 2 3 -2 5 -1 -7 9 -9 -6
right_child=1 -3 -4 -5 7 6 -8 8 -10 -11
leaf_value=-0.049263658986053067 0.068282329253991109 -0.048129811887531231 -0.039272607616166633 -0.013576655072766414 -0.00094643966280270365 -0.032406921078043174 0.030602965952557282 0.056091479682579375 -0.024287788203692089 0.024170456771440432
leaf_weight=10.251438771869291 7.02717809108435 15.354764735922798 3.4834906364121734 2.1820747159363236 123.35561870434321 5.9115333717199965 10.04094429372344 6.3841011866461468 2.4867476340732537 17.786105904320721
leaf_count=553 535 6765 1919 122 2857 366 238 84 245 362
internal_value=-0.00113428 -0.0117374 0.0240152 0.0494564 0.00120444 -0.0161882 0.00671903 0.00440939 0.0333811 0.00236647
internal_weight=204.264 28.0475 12.6927 9.20925 176.216 26.2039 15.9525 150.013 8.87085 141.142
internal_count=14046 9341 2576 657 4705 1157 604 3548 329 3219
cat_boundaries=0 1
cat_threshold=9
is_linear=0
shrinkage=0.05


Tree=151
num_leaves=15
num_cat=2
split_feature=44 17 38 1 39 39 38 1 17 4 8 22 4 33
split_gain=3.70043 5.00703 3.81139 4.57853 3.10269 5.39601 3.5235 3.17553 3.09425 2.69953 2.56695 2.46893 2.46003 2.01143
threshold=34.400000000000013 22.500000000000004 7.0422620000000009 0 22.550000000000004 23.950000000000003 7.9761905000000004 1 24.650000000000002 -0.99275805973510278 33.750000000000007 88.930555500000011 -0.97113884758256674 31.950000000000003
decision_type=2 2 2 1 2 2 2 1 2 2 2 2 2 2
left_child=1 2 12 -4 8 6 -6 -7 13 -10 11 -3 -1 -2
right_child=4 10 3 -5 5 7 -8 -9 9 -11 -12 -13 -14 -15
leaf_value=0.033798981340847259 0.0052906259034728315 -0.033553921461681048 -0.018328426237458638 0.069573800555152748 0.018537266219632188 -0.020053029954214985 -0.049212750738099935 0.013805428666311717 -0.036825930111423148 0.010931415425395712 0.0085934832301253778 0.02440367422295129 -0.032386540786239815 -0.034959237459977664
leaf_weight=1.0658160434395538 5.2591083936567866 24.159324266423944 1.6998122922668699 3.4519649725261843 1.8145562304125622 9.3820725019177207 9.040122377991791 19.849946034300956 2.0857067966426248 106.77016349669429 4.7425053511688011 1.282421598851214 3.8177542545017769 5.8445583843422355
leaf_count=34 320 2751 181 181 281 1322 1330 1310 223 4705 235 42 664 444
internal_value=-0.0003433 -0.0137094 0.0157719 0.042306 0.00307988 -0.00881739 -0.0372788 0.00263464 0.0070956 0.00968948 -0.0237026 -0.0298201 -0.0146523 -0.0170333
internal_weight=200.266 40.2196 10.0353 5.15178 160.046 40.0867 10.8547 29.232 119.96 108.856 30.1843 25.4417 4.88357 11.1037
internal_count=14023 4088 1060 362 9935 4243 1611 2632 5692 4928 3028 2793 698 764
cat_boundaries=0 1 2
cat_threshold=1 1
is_linear=0
shrinkage=0.05


Tree=152
num_leaves=10
num_cat=1
split_feature=40 39 4 4 43 25 1 17 22
split_gain=2.65009 3.55197 2.02518 1.83786 7.8011 2.32893 1.09813 0.72524 0.121597
threshold=103.95000000000002 16.250000000000004 -0.99940763397299126 -0.79384350655589164 25.000000000000004 9.0388890000000028 0 45.20000000000001 87.854166500000005
decision_type=2 2 2 2 2 2 1 2 2
left_child=2 6 -1 4 -4 -5 -2 -3 -8
right_child=1 7 3 5 -6 -7 8 -9 -10
leaf_value=0.047126016844105036 -0.017358239455679905 -0.04545187462153389 -0.034549682677212361 0.006843241153468585 0.02479601483484908 -0.0048441910680271615 0.0067842981857220213 0.004923973081500034 0.050075408226297947
leaf_weight=1.3111109302262764 0.48270085192052448 6.4380665239877999 14.158468570894913 97.815056085019023 7.8437162879854432 74.031515125621809 0.57415902052889556 0.58693987579317752 0.78173888806486502
leaf_count=44 63 1237 1252 6337 483 4513 38 44 20
internal_value=-0.000677317 -0.0259638 0.000597627 4.26839e-05 -0.0132349 0.0018094 0.0261269 -0.0411539 0.0424046
internal_weight=204.023 8.86361 195.16 193.849 22.0022 171.847 1.8386 7.02501 1.3559
internal_count=14031 1402 12629 12585 1735 10850 121 1281 58
cat_boundaries=0 1
cat_threshold=1
is_linear=0
shrinkage=0.05


Tree=153
num_leaves=12
num_cat=0
split_feature=4 4 10 32 4 37 26 6 13 25 6
split_gain=3.01181 4.35401 4.01361 2.37022 4.87617 4.43715 2.35982 1.31853 1.30414 0.837559 0.506534
threshold=0.98802474685579855 0.95998215779580554 68.520833500000023 27.092262000000002 -0.76141707087277943 51.500000000000007 19.650000000000002 27.000000000000004 9.8041665000000027 11.052778000000002 2.5000000000000004
decision_type=2 2 2 2 2 2 2 2 2 2 2
left_child=1 3 -3 5 -5 -1 -2 -4 10 -10 -8
right_child=6 2 7 4 -6 -7 8 -9 9 -11 -12
leaf_value=-0.040972142239345061 -0.047788664610863119 -0.034162320453862895 0.041246375081827338 -0.049469628889500794 -0.003676738262248209 0.009017687562607039 0.026594995268396145 -3.7653309930325429e-05 -0.040591294652738114 -0.0051038958949111103 -0.0066762462414005665
leaf_weight=3.785285938269225 4.757536614793934 1.6611080555885553 11.127809063007588 5.1821781452599671 102.0278458869434 62.791433120248257 2.1485878482344543 2.2988063477096139 1.8296149403322486 4.8836081539629959 1.2753770840354266
leaf_count=1292 309 282 294 307 6611 4399 54 75 86 287 30
internal_value=-0.00120985 0.000546391 0.0254352 -0.00174755 -0.00632692 0.00561122 -0.0221134 0.0346654 -0.00685463 -0.0187842 0.0154942
internal_weight=203.769 188.874 15.0877 173.787 107.21 66.5767 14.8947 13.4266 10.1372 6.71322 3.42396
internal_count=14026 13260 651 12609 6918 5691 766 369 457 373 84
is_linear=0
shrinkage=0.05


Tree=154
num_leaves=9
num_cat=1
split_feature=28 43 43 10 43 1 43 5
split_gain=1.7823 2.39544 2.37566 3.77773 3.07893 2.17485 16.409 8.30743
threshold=65.000000000000014 36.250000000000007 27.550000000000001 88.520833500000023 24.700000000000006 0 37.550000000000004 -0.31800055644052067
decision_type=2 2 2 2 2 1 2 2
left_child=1 2 4 -4 -1 7 -7 -3
right_child=-2 5 3 -5 -6 6 -8 -9
leaf_value=-0.0017711924868537188 -0.036981990460422769 -0.034591693881863263 -0.039932611242258671 0.011715705807239215 0.022536152771719331 0.070378441707896325 -0.065438251050238094 0.082575872449912005
leaf_weight=163.83682336730999 2.319188107183435 1.6663070269569287 8.368930711061692 5.0983493530220576 13.145631385152226 3.3839475448476151 3.5141125071677379 3.1920883640414086
leaf_count=10926 374 147 1219 306 787 72 135 54
internal_value=-0.000639951 -4.31876e-05 -0.00144084 -0.0209217 0.000150747 0.0209363 0.00166367 0.0433452
internal_weight=204.525 202.206 190.45 13.4673 176.982 11.7565 6.89806 4.8584
internal_count=14020 13646 13238 1525 11713 408 207 201
cat_boundaries=0 1
cat_threshold=1
is_linear=0
shrinkage=0.05


Tree=155
num_leaves=14
num_cat=0
split_feature=5 42 34 26 30 26 25 30 33 7 24 9 14
split_gain=2.89146 2.52256 1.95384 4.57518 2.84856 2.11998 2.90277 2.55096 1.99203 1.66079 0.989876 0.375987 0.277288
threshold=0.8511460603353429 6.5000000000000009 24.150000000000002 17.150000000000002 2.1500000000000008 21.350000000000005 11.347222500000003 0.75000000000000011 36.600000000000009 26.752083500000001 27.500000000000004 23.150000000000002 18.950000000000003
decision_type=2 2 2 2 2 2 2 2 2 2 2 2 2
left_child=2 10 5 8 -5 7 -7 -1 -4 -3 12 -11 -2
right_child=1 9 3 4 -6 6 -8 -9 -10 11 -12 -13 -14
leaf_value=0.021568892951884758 -0.019358105640166004 -0.027443302752646611 -0.047049264779223332 -0.027479061714067183 0.0050304486574923148 -0.024334585736123262 0.0092708625339232454 0.0026118585524223239 0.014524187951819756 0.00032759771728142501 -0.046977939102887653 0.042642988135354505 0.0085938146338504426
leaf_weight=20.928840163891437 0.47387413936666956 0.92190618302265681 7.6935148890916008 7.2345661385479607 36.102946604631143 13.647520661572345 10.709233739849877 95.017714754358167 1.0727904404629951 0.70049700247182034 6.1188796497299336 1.2988231221097519 1.290921196399722
leaf_count=664 34 161 870 928 2601 1135 630 4917 55 46 1884 39 36
internal_value=-0.00117576 -0.0251956 0.000296407 -0.00788176 -0.000893909 0.00336778 -0.00977596 0.00618886 -0.0387985 0.0116908 -0.038641 0.0328694 -0.00319867
internal_weight=203.212 10.8049 192.407 52.1038 43.3375 140.303 24.3568 115.947 8.76631 2.92123 7.88367 1.99932 1.7648
internal_count=14000 2200 11800 4454 3529 7346 1765 5581 925 246 1954 85 70
is_linear=0
shrinkage=0.05


Tree=156
num_leaves=13
num_cat=3
split_feature=36 32 1 5 31 24 1 5 5 35 1 43
split_gain=2.8348 3.79361 3.08191 10.0004 7.52947 2.17708 2.53348 11.2284 7.54398 2.4565 7.32348 3.17025
threshold=94.500000000000014 28.362798000000002 0 0.16587474750015926 31.850000000000005 33.500000000000007 1 0.69521084835931835 0.69521084835931835 85.014881000000017 2 19.750000000000004
decision_type=2 2 1 2 2 2 1 2 2 2 1 2
left_child=1 -1 3 -3 -4 6 7 -2 -8 11 -11 -7
right_child=5 2 4 -5 -6 9 8 -9 -10 10 -12 -13
leaf_value=-0.046404575448588642 0.089872055331301381 -0.05407279407210927 0.054484061133343545 0.028394485244437485 -0.045160069741839406 -0.0006782935075307138 -0.051480910768524048 -0.037157259680868797 0.036442319412737782 -0.015999300865936286 0.017698172165443542 -0.025699128715754933
leaf_weight=5.9933762362779808 3.5002344328095187 3.9480327157216406 1.4907606352062455 13.428785280790178 8.1674178952234779 67.668126232922077 3.0408282528805994 2.1182770063751377 5.1594289110507816 22.626886203303002 50.215192873060005 14.590010252999489
leaf_count=1021 86 512 37 434 881 4165 87 171 187 2644 2647 1158
internal_value=-0.000367008 -0.013538 -0.00485645 0.00773496 -0.0261109 0.0022728 0.0205832 0.0436018 0.00178673 0.000520017 0.00715583 -0.00537157
internal_weight=201.947 33.0284 27.035 17.3768 9.65818 168.919 13.8188 5.61851 8.20026 155.1 72.8421 82.2581
internal_count=14030 2885 1864 946 918 11145 531 257 274 10614 5291 5323
cat_boundaries=0 1 2 3
cat_threshold=2 1 1
is_linear=0
shrinkage=0.05


Tree=157
num_leaves=8
num_cat=1
split_feature=21 32 1 5 5 24 35
split_gain=1.73215 2.61691 6.01076 1.67901 2.11159 0.890211 0.363105
threshold=25.950000000000003 29.670238000000005 0 0.90070004940655357 0.74298546529340237 62.500000000000007 70.589285500000017
decision_type=2 2 1 2 2 2 2
left_child=1 3 6 4 -1 -2 -3
right_child=5 2 -4 -5 -6 -7 -8
leaf_value=-0.0012540148847954703 -0.03874510430363412 0.070639215626671845 -0.036085659815451671 -0.034930626485902332 0.012643581157835605 0.014029066464937862 0.01398574027202381
leaf_weight=157.2405311876646 2.9524463641573671 2.8647023421071931 1.5012195622111901 2.2796238552837158 32.048476806725375 0.45639136037789274 0.9365751739242113
leaf_count=10040 794 72 92 1769 1234 11 17
internal_value=0.000904091 0.00159034 0.0332925 0.000544511 0.00115306 -0.0301 0.0625009
internal_weight=200.28 196.871 5.3025 191.569 189.289 3.40884 3.80128
internal_count=14029 13224 181 13043 11274 805 89
cat_boundaries=0 1
cat_threshold=1
is_linear=0
shrinkage=0.05


Tree=158
num_leaves=11
num_cat=2
split_feature=34 34 39 35 25 5 1 27 1 4
split_gain=2.20728 2.64621 2.61288 4.61979 2.5797 0.970226 0.807905 0.591353 0.469365 0.177696
threshold=21.050000000000004 21.150000000000002 18.650000000000002 86.669643000000022 6.3131945000000007 0.42763731121559989 0 5.5000000000000009 1 0.77788564761185042
decision_type=2 2 2 2 2 2 1 2 1 2
left_child=7 5 3 -3 -4 -2 -7 -1 9 -9
right_child=1 2 4 -5 -6 6 -8 8 -10 -11
leaf_value=-0.040602920076805729 -0.012882808353825735 -0.018051933234060336 -0.020584165568958722 0.016441896358954166 0.004689009644274782 0.062054709791502238 0.0024104373856704453 -0.005316533534121785 -0.017765158250823015 0.031160967624453598
leaf_weight=3.3123763399489681 0.33214353767107185 40.956943035518634 9.9507472865079745 11.773848753771743 130.48445498639921 1.7795611014589667 0.8184677902609111 0.11560120625654224 0.41255268236272968 0.19811375858262181
leaf_count=1062 68 3095 788 816 7972 51 48 81 84 5
internal_value=-0.000822023 1.74973e-05 -0.000804764 -0.0101874 0.00276536 0.040636 0.049157 -0.0334983 0.00365472 0.0239042
internal_weight=200.135 196.096 193.166 52.7308 140.435 2.93017 2.59803 4.03864 0.726268 0.313715
internal_count=14070 12838 12671 3911 8760 167 99 1232 170 86
cat_boundaries=0 1 2
cat_threshold=2 1
is_linear=0
shrinkage=0.05


Tree=159
num_leaves=12
num_cat=3
split_feature=10 0 33 0 31 5 1 43 4 4 44
split_gain=2.30674 5.02083 4.00799 7.01573 6.52438 3.44801 7.23139 4.86545 1.60861 2.7432 2.67958
threshold=85.104166500000005 0 33.650000000000013 1 36.900000000000013 -0.52765736634565841 2 25.000000000000004 -0.42180583328916638 -0.76141707087277943 26.800000000000004
decision_type=2 1 2 1 2 2 1 2 2 2 2
left_child=2 5 8 4 -4 6 -2 -7 9 -1 -10
right_child=1 -3 3 -5 -6 7 -8 -9 10 -11 -12
leaf_value=-0.035703414564479688 0.040218965021862327 -0.019328475317707219 0.017879573585283554 -0.024371250825025594 -0.015433357599407458 -0.012797349383275711 -0.016194160611268861 0.022308025453017351 0.025076823517655996 0.00046358095527381719 -0.034864823980309573
leaf_weight=5.9523440889170187 20.703859581612051 6.7563262181647579 54.997281384421512 9.7506561961781681 19.0675819486205 21.364758367126342 7.0701297714258571 16.686062556167599 1.3950411168916641 21.221577631979017 14.706477950938277
leaf_count=493 445 3423 984 3262 639 443 440 405 285 806 2348
internal_value=-0.000161158 0.00689506 -0.00421331 0.00219038 0.00812906 0.0110713 0.0257947 0.00277412 -0.0163853 -0.00844472 -0.0285088
internal_weight=199.672 72.5811 127.091 83.8155 74.0649 65.8248 27.774 38.0508 43.2754 27.1739 16.1015
internal_count=13973 5156 8817 4885 1623 1733 885 848 3932 1299 2633
cat_boundaries=0 1 2 3
cat_threshold=12 9 2
is_linear=0
shrinkage=0.05


Tree=160
num_leaves=11
num_cat=2
split_feature=38 0 5 43 1 5 5 5 12 34
split_gain=2.63466 5.42132 6.00584 9.36495 5.33974 4.37811 4.97497 5.3749 1.67761 1.47214
threshold=8.0940475000000021 0 -0.52765736634565841 22.500000000000004 1 -0.8611288361322974 -0.79382744783423187 -0.39827153806311177 27.500000000000004 24.850000000000005
decision_type=2 1 2 2 1 2 2 2 2 2
left_child=1 2 3 -1 -4 -2 9 -8 -3 -7
right_child=5 8 4 -5 -6 6 7 -9 -10 -11
leaf_value=0.043485828883657311 -0.044259368523634608 0.025396518579828539 0.020558080940960854 -0.021416505060142241 -0.011781440771727828 0.045443575929405428 -0.031336565029630468 -0.00024945149776004508 -0.045237929770013369 -0.017751248890382727
leaf_weight=23.157508160802539 5.7845605612383215 0.29648654989432444 20.071952882630285 6.5474432291230178 31.381073456082959 5.4469518932746714 15.827689579469732 80.13117174472427 8.1222782165132212 0.53374190413160238
leaf_count=464 1440 21 757 288 749 177 1354 4186 4514 76
internal_value=-0.000107251 0.00619172 0.0102061 0.0289487 0.000985705 -0.00535386 -0.00273766 -0.00564735 -0.0195557 0.0380688
internal_weight=197.301 89.5767 81.158 29.705 51.453 107.724 101.94 95.9589 8.41876 5.98069
internal_count=14026 6793 2258 752 1506 7233 5793 5540 4535 253
cat_boundaries=0 1 2
cat_threshold=12 1
is_linear=0
shrinkage=0.05


Tree=161
num_leaves=11
num_cat=3
split_feature=34 5 1 30 38 0 32 19 4 1
split_gain=2.21191 3.11308 3.78029 19.0311 12.5202 2.67757 15.4963 4.4696 0.834123 0.455003
threshold=21.050000000000004 0.73136292505298039 0 12.050000000000002 6.6020835000000009 1 28.981547500000005 29.168750000000003 0.78857998149907527 2
decision_type=2 2 1 2 2 1 2 2 2 1
left_child=8 5 3 -3 -4 7 -7 -2 -1 -10
right_child=1 2 4 -5 -6 6 -8 -9 9 -11
leaf_value=-0.040836188879997126 0.0045724988331573473 -0.044761127608336782 -0.053108260629567527 0.073794660167838852 0.043182799255448122 -0.047774254553903807 0.044592219802989198 -0.023171278264469741 0.028346816524621194 -0.014753312576750785
leaf_weight=3.3000239544344363 125.07749836271978 9.2736154964950384 3.2022582524368799 4.05380015357514 18.33160869256244 14.758737153344557 5.4847027155628885 15.409257195948156 0.24691075859300315 0.33470169952488504
leaf_count=1155 3023 942 324 105 720 5959 1214 553 45 43
internal_value=0.000485514 0.00130867 0.0146315 -0.00606635 0.0271422 -0.00165355 -0.0148413 0.0012956 -0.032764 0.00989792
internal_weight=199.473 195.591 34.8613 13.3274 21.5339 160.73 20.2434 140.487 3.88164 0.581612
internal_count=14083 12840 2091 1047 1044 10749 7173 3576 1243 88
cat_boundaries=0 1 2 3
cat_threshold=1 12 1
is_linear=0
shrinkage=0.05


Tree=162
num_leaves=13
num_cat=0
split_feature=26 25 26 14 40 33 40 35 26 22 43 22
split_gain=2.59851 4.47837 4.864 2.6503 2.4103 3.25527 4.85769 3.63974 2.51915 6.4021 3.68794 2.09126
threshold=22.550000000000004 7.1131945000000005 26.050000000000004 24.150000000000002 55.550000000000004 31.850000000000005 32.350000000000001 80.711309500000013 15.750000000000002 86.51388900000002 36.250000000000007 66.861111000000008
decision_type=2 2 2 2 2 2 2 2 2 2 2 2
left_child=4 -2 3 -3 5 7 -7 -1 9 -6 -10 -4
right_child=1 2 11 -5 8 6 -8 -9 10 -11 -12 -13
leaf_value=0.034130099524337064 0.060780821676796243 -0.049966349053394317 -0.028588749474906944 0.0064362982685014086 -0.025123028161751146 0.0013204022316237499 0.023977457517802465 -0.035320747874300736 -0.020238191664796977 0.029288225653144928 0.014849554625007963 0.03110770732941668
leaf_weight=1.5611022926750573 0.75309154117713006 10.177898400957931 1.1910115016798943 2.2999164028879013 7.9993062535431845 75.531473446288146 33.530792148958426 7.5669589710450964 33.91318022255291 12.671683188193127 8.747907437355023 3.9730164325956139
leaf_count=251 50 1660 206 269 720 4572 1329 602 3095 708 267 317
internal_value=-6.13692e-05 -0.0174615 -0.0238828 -0.039864 0.00178791 0.00598901 0.00844079 -0.021246 -0.0060234 0.00804437 -0.0128679 0.0149352
internal_weight=199.917 18.3949 17.6418 12.4778 181.522 118.19 109.062 9.12806 63.3321 20.671 42.6611 5.16403
internal_count=14046 2502 2452 1929 11544 6754 5901 853 4790 1428 3362 523
is_linear=0
shrinkage=0.05


Tree=163
num_leaves=14
num_cat=3
split_feature=26 1 37 26 39 22 36 4 8 0 0 17 5
split_gain=1.80447 3.38512 4.87837 4.14824 5.19229 3.18231 2.73486 2.53816 2.13245 5.00418 3.91204 0.985576 0.203418
threshold=21.750000000000004 0 68.500000000000014 25.950000000000003 23.150000000000002 66.861111000000008 95.500000000000014 0.99552231814189462 33.150000000000013 1 2 32.600000000000001 0.029024409397335454
decision_type=2 1 2 2 2 2 2 2 2 1 1 2 2
left_child=7 3 -3 4 -2 -5 -4 8 10 -10 -1 -9 -13
right_child=1 2 6 5 -6 -7 -8 11 9 -11 -12 12 -14
leaf_value=0.0023935466457871545 0.014250235025881958 -0.04844632767472113 0.07732673570807698 -0.025656449354227052 -0.036495941151220603 0.056522767209720021 -0.021743957590313882 -0.0450742574951827 0.015054884140800057 -0.017993768063343244 -0.020865983412131153 -0.015525076200152439 0.0083777737309836918
leaf_weight=99.845283899339847 9.2189450081496087 8.3650773985282267 0.5454829373047676 0.93653292581438918 9.1428545163071231 3.5265604593878379 0.65042291090503568 3.0289117947249897 45.944576169422362 5.8055068197718347 10.733173590910154 0.40727837414306112 1.4247066506359258
leaf_count=2692 476 1475 22 107 920 160 174 223 779 1578 5402 54 42
internal_value=-0.00102141 -0.0116356 -0.0350425 -0.000771525 -0.0115976 0.0377385 0.0380802 0.00109159 0.00224535 0.0105194 -0.00168644 -0.0312469 -0.000541832
internal_weight=199.575 32.3859 9.56098 22.8249 18.3618 4.46309 1.19591 167.189 162.329 51.7501 110.578 4.8609 1.83199
internal_count=14104 3334 1671 1663 1396 267 196 10770 10451 2357 8094 319 96
cat_boundaries=0 1 2 3
cat_threshold=2 9 12
is_linear=0
shrinkage=0.05


Tree=164
num_leaves=8
num_cat=1
split_feature=32 34 1 25 34 5 32
split_gain=2.23431 1.86054 7.70684 1.95389 2.95106 1.98611 1.61848
threshold=29.851785500000002 25.450000000000003 0 11.052778000000002 24.150000000000002 -0.85225707553516283 29.065178500000005
decision_type=2 2 1 2 2 2 2
left_child=1 3 6 4 -1 -5 -3
right_child=-2 2 -4 5 -6 -7 -8
leaf_value=-0.00036818511459421567 -0.038811024568568706 0.082614040753064208 -0.038837108843736853 -0.032318106129343986 -0.018000715535395739 0.012071599039067434 0.00061130423825525549
leaf_weight=128.37850917947071 2.8485818912740788 2.3940498796582683 2.012070880853571 1.7600591424052243 28.122534498579626 34.481530664808815 0.74960330859175872
leaf_count=8478 765 62 110 548 2421 1563 56
internal_value=-0.0010787 -0.000343176 0.0267208 -0.0012013 -0.00363084 0.00910592 0.0679269
internal_weight=200.747 197.898 5.15572 192.743 156.501 36.2416 3.14365
internal_count=14003 13238 228 13010 10899 2111 118
cat_boundaries=0 1
cat_threshold=1
is_linear=0
shrinkage=0.05


Tree=165
num_leaves=7
num_cat=1
split_feature=34 34 1 13 25 33
split_gain=1.5687 2.07712 7.85201 1.55799 3.15676 2.034
threshold=25.750000000000004 25.450000000000003 0 10.695833500000001 12.820833500000001 36.850000000000001
decision_type=2 2 1 2 2 2
left_child=1 3 -3 5 -5 -1
right_child=-2 2 -4 4 -6 -7
leaf_value=-0.0035137798320032465 -0.034787131943201988 0.06913801472794355 -0.038304614173876997 0.013605336939320171 -0.02580978585065262 0.023099736882301755
leaf_weight=142.86277925744071 2.0859083445247952 3.3306525855441569 1.9790725458879022 37.514549104344042 4.9128837706666664 6.5639815693575647
leaf_count=10316 723 102 105 1914 730 114
internal_value=0.000592098 0.00114005 0.0293674 0.00021061 0.00855204 -0.00219892
internal_weight=199.25 197.164 5.30973 191.854 42.4274 149.427
internal_count=14004 13281 207 13074 2644 10430
cat_boundaries=0 1
cat_threshold=1
is_linear=0
shrinkage=0.05


Tree=166
num_leaves=15
num_cat=2
split_feature=36 32 4 1 22 32 1 38 38 34 5 38 21 35
split_gain=2.28849 3.09512 2.15223 7.64113 4.38547 1.9254 4.42158 10.8242 5.22554 2.41895 5.34683 3.27287 0.646402 0.300291
threshold=94.500000000000014 28.362798000000002 0.80417553764032002 0 70.083333000000025 26.419940500000006 1 7.0270830000000002 7.1479165000000009 23.450000000000003 -0.15101602693478736 10.923512000000001 24.250000000000004 71.127976500000017
decision_type=2 2 2 1 2 2 1 2 2 2 2 2 2 2
left_child=1 12 3 -3 -4 6 7 -2 -8 10 -7 -11 -1 -14
right_child=5 2 4 -5 -6 9 8 -9 -10 11 -12 -13 13 -15
leaf_value=-0.045719421812043096 0.066265002481287513 -0.036168987214741176 -0.033823471076192713 0.047158367918301324 0.01448515528101256 0.044900901377333713 -0.060069447909783281 -0.038915422939651931 0.0024423285875611288 -0.0039624398937955644 0.0055799648179324533 0.018401796540084999 -0.016168900132185596 0.016505868152239919
leaf_weight=5.2647626645775736 4.1045280817925232 3.6389845936500951 9.8350477522326418 5.9445841862325324 7.5189663760247631 10.086459909129188 5.6318761854781787 3.7850409390885034 6.5903826025751187 77.629614172554284 40.992927019353374 19.65843602642417 0.38117529617738899 0.43377263640286401
leaf_count=940 341 172 1285 168 226 450 383 697 653 5439 2322 921 20 53
internal_value=0.00100961 -0.0108316 -0.00298424 0.0150902 -0.013244 0.00338037 -0.0107899 0.0171032 -0.0287269 0.00536059 0.0140576 0.000697818 -0.0402683 0.000734774
internal_weight=201.497 33.0173 26.9376 9.58357 17.354 168.479 20.1118 7.88957 12.2223 148.367 51.0794 97.2881 6.07971 0.814948
internal_count=14070 2864 1851 340 1511 11206 2074 1038 1036 9132 2772 6360 1013 73
cat_boundaries=0 1 2
cat_threshold=1 1
is_linear=0
shrinkage=0.05


Tree=167
num_leaves=15
num_cat=0
split_feature=33 41 33 4 31 10 34 5 38 25 35 32 15 5
split_gain=2.01363 3.41832 2.95618 2.89292 3.85744 3.67349 2.38378 3.79358 3.14264 1.69258 1.28111 1.19802 0.628588 0.600195
threshold=31.850000000000005 78.200000000000017 31.950000000000003 -0.8041866928211282 46.250000000000007 85.104166500000005 23.450000000000003 -0.14250536273956088 7.0178570000000002 5.2486110000000012 84.889881000000017 26.909226500000006 2.9500000000000006 0.74298546529340237
decision_type=2 2 2 2 2 2 2 2 2 2 2 2 2 2
left_child=1 9 11 4 -4 -5 7 -3 -8 -1 -11 13 -13 -2
right_child=2 6 3 5 -6 -7 8 -9 -10 10 -12 12 -14 -15
leaf_value=0.026349411492378488 -0.021639820638500874 0.062501010171732749 -0.046164162976261969 -0.0022605982599397897 0.036457412063360145 0.016394358390632524 0.031471890044500031 -0.002133896003402721 -0.028521287683455316 -0.049246829111043514 -0.018022518456719643 0.0036888804316148232 0.049258235334754076 0.014292764673900777
leaf_weight=0.75115577175165782 0.65755017363699009 2.6883271389669972 5.4018291865359052 114.70891767773719 1.0085491514182647 33.20559440064244 2.1223919425974582 5.7404110643692565 6.6976621508874814 4.758968714100777 12.994566639434195 1.0863479967520104 4.1870215683738934 3.049003659907612
leaf_count=32 88 204 597 7542 32 2083 148 253 1132 753 831 54 155 165
internal_value=-0.000163573 -0.0107425 0.00220384 0.000495084 -0.0299996 0.00200926 0.00519822 0.0229236 -0.0123502 -0.0251061 -0.0285721 0.0285776 0.0419551 0.00467484
internal_weight=199.058 35.7535 163.305 154.325 6.41038 147.915 17.2488 8.42874 8.82005 18.5047 17.7535 8.97992 5.27337 3.70655
internal_count=14069 3353 10716 10254 629 9625 1737 457 1280 1616 1584 462 209 253
is_linear=0
shrinkage=0.05


Tree=168
num_leaves=10
num_cat=2
split_feature=35 0 43 43 4 40 5 0 40
split_gain=2.06489 5.23247 3.7119 5.40324 3.31199 2.90698 2.32282 2.34821 0.348827
threshold=84.452381000000017 0 17.600000000000005 22.050000000000004 -0.61237985104942771 65.200000000000003 -0.80417042486635371 1 54.45000000000001
decision_type=2 1 2 2 2 2 2 1 2
left_child=5 2 4 -4 -2 6 8 -8 -1
right_child=1 -3 3 -5 -6 -7 7 -9 -10
leaf_value=-0.041199744697630589 0.0085861096379055042 -0.020209044499032974 -0.02601267869594294 0.012330755114739963 0.039988128535097596 -0.042442455211174568 0.0024086233214482815 -0.014702537716333256 -0.0021772140730997574
leaf_weight=3.343934263160917 19.139696304919198 7.2484746951740808 11.986837777600156 30.418463675770909 15.027392102987504 3.8312101347692069 91.212549064643099 14.065963055429163 0.79325537043041539
leaf_count=531 295 3975 506 922 260 517 2288 4622 122
internal_value=-7.89108e-05 0.00583151 0.00985948 0.00114251 0.0231417 -0.00446632 -0.00276424 -0.00115114 -0.0355979
internal_weight=197.068 83.8209 76.5724 42.4053 34.1671 113.247 109.416 105.279 4.13719
internal_count=14038 5958 1983 1428 555 8080 7563 6910 653
cat_boundaries=0 1 2
cat_threshold=12 9
is_linear=0
shrinkage=0.05


Tree=169
num_leaves=11
num_cat=3
split_feature=5 38 1 43 36 1 21 5 1 15
split_gain=2.08543 3.10957 2.56165 3.1732 2.16991 6.75806 6.43205 1.70734 1.7898 1.03299
threshold=-0.91595872546125101 7.3476190000000008 0 18.650000000000002 93.500000000000014 1 23.650000000000002 0.87291090774974645 2 3.3500000000000001
decision_type=2 2 1 2 2 1 2 2 1 2
left_child=1 2 -1 -4 5 -2 -7 8 -6 -9
right_child=4 -3 3 -5 7 6 -8 9 -10 -11
leaf_value=-0.036639649267340493 -0.049050761200928439 -0.044164243042033605 0.033701604851466088 -0.032425186583991635 0.011721044712669118 -0.0335633554348721 0.028594631880195273 -0.029341387017576871 0.00067664759375273909 0.015798305680690815
leaf_weight=2.2174874201737094 7.213149354342022 5.3473903796257209 5.3899036256771069 1.6383645312307633 59.21742043485574 5.5484212499286576 10.495724508167767 4.8143471000730633 94.196272064888035 0.93435852372203942
leaf_count=355 1099 1400 146 206 4012 484 627 1559 4046 177
internal_value=0.000342589 -0.0172136 0.00116272 0.0161679 0.00183324 -0.0121173 0.00639099 0.00393466 0.00498806 -0.0207509
internal_weight=197.013 14.5931 9.24576 7.02827 182.42 23.2573 16.0441 159.162 153.414 5.74871
internal_count=14111 2107 707 352 12004 2210 1111 9794 8058 1736
cat_boundaries=0 1 2 3
cat_threshold=1 1 1
is_linear=0
shrinkage=0.05


Tree=170
num_leaves=12
num_cat=2
split_feature=34 34 32 32 9 1 4 17 28 1 4
split_gain=1.95302 2.12915 1.53779 3.02164 2.66007 0.877863 2.18125 0.768175 0.572694 0.456519 0.164555
threshold=21.050000000000004 21.150000000000002 26.662797500000003 27.065178500000005 24.850000000000005 0 -0.58482361983252518 24.300000000000004 5.5000000000000009 1 0.77788564761185042
decision_type=2 2 2 2 2 1 2 2 2 1 2
left_child=8 5 4 -4 -3 6 -2 -7 -1 10 -10
right_child=1 2 3 -5 -6 7 -8 -9 9 -11 -12
leaf_value=-0.03935369651160802 0.070668491914800749 -0.015091852760225713 0.015349411119714244 -0.0012303678059153813 0.035983598276106074 -0.023407316546206897 -0.017783834135919569 0.027994056008594028 -0.0050026887810423817 -0.017268640100441251 0.030803831021196951
leaf_weight=2.9098979870395847 1.5467332038097088 25.273964854590307 33.696314712047752 131.5503056967209 1.8724800442141702 0.69917795364744906 0.49430213097366471 0.27357590451720171 0.10778967587975774 0.39863149121811148 0.20028983021620661
leaf_count=1087 35 2212 2108 8212 119 30 51 46 77 86 5
internal_value=0.000395007 0.00114864 0.000394646 0.0022225 -0.0104155 0.0371915 0.0504431 -0.00208878 -0.0317527 0.00426501 0.0240288
internal_weight=199.023 195.407 192.393 165.247 27.1464 3.01379 2.04104 0.972754 3.61661 0.706711 0.30808
internal_count=14068 12813 12651 10320 2331 162 86 76 1255 168 82
cat_boundaries=0 1 2
cat_threshold=2 1
is_linear=0
shrinkage=0.05


Tree=171
num_leaves=11
num_cat=2
split_feature=34 34 44 12 4 14 27 1 4 1
split_gain=1.69797 1.80843 1.52503 3.41608 1.56087 1.08981 0.736348 0.339013 0.156097 0.0889734
threshold=21.050000000000004 21.150000000000002 34.400000000000013 62.500000000000007 0.80417553764032002 10.350000000000003 5.5000000000000009 0 0.77788564761185042 1
decision_type=2 2 2 2 2 2 2 1 2 1
left_child=6 5 3 -3 -4 -2 -1 8 -8 -7
right_child=1 2 4 -5 -6 9 7 -9 -10 -11
leaf_value=-0.03919456126505369 -0.015412274886976994 0.0062565702994246885 0.0051213831854878197 -0.023696837349666978 -0.0057140955813514199 0.052131807888812921 -0.0048151130450807666 -0.01332444980961392 0.030459333521552275 0.0090135099838899238
leaf_weight=2.8831830083654491 0.3908634914841963 17.687672546875547 108.20872948026954 18.802841949014692 46.835093664158194 1.575996681349352 0.10322978682233941 0.27401636430295184 0.20365234406199306 0.63889600621769216
leaf_count=1066 32 1636 6719 1687 2576 67 75 80 5 66
internal_value=-0.000385572 0.00031387 -0.000344762 -0.00939822 0.0018326 0.0353954 -0.0308742 0.00909274 0.0239886 0.0463666
internal_weight=197.604 194.14 191.534 36.4905 155.044 2.60576 3.46408 0.580898 0.306882 2.21489
internal_count=14009 12783 12618 3323 9295 165 1226 160 80 133
cat_boundaries=0 1 2
cat_threshold=1 2
is_linear=0
shrinkage=0.05


Tree=172
num_leaves=15
num_cat=2
split_feature=34 1 43 21 43 32 1 5 11 5 17 38 4 20
split_gain=1.96665 4.95715 10.6689 11.4158 9.21762 8.42705 4.53998 10.6192 4.96642 5.62316 2.41699 2.19576 2.12299 1.04571
threshold=24.150000000000002 0 38.900000000000006 23.450000000000003 38.900000000000006 26.401488000000004 1 0.097680735332368721 95.500000000000014 -0.59867820553660911 42.300000000000004 11.839285500000001 -0.94705910369513513 33.750000000000007
decision_type=2 1 2 2 2 2 1 2 2 2 2 2 2 2
left_child=1 2 3 -1 5 -3 8 12 9 -2 -10 -9 -8 -4
right_child=6 4 13 -5 -6 -7 7 11 10 -11 -12 -13 -14 -15
leaf_value=0.013347053642845642 0.052978460700514068 -0.026349705165302675 0.010707422291548783 -0.036065369593074451 -0.066714165015883814 0.017941975709169885 0.027619917705369718 0.048364604554092458 -0.037564425381186602 -0.0065311325246121855 0.031807050889085829 -0.023163943420631519 -0.039640548591764239 0.08060022254166925
leaf_weight=18.971300676639657 7.2282984514022255 11.371716172223385 1.0522409120167133 27.80284393542388 2.8311694959411389 85.147309210689855 0.56194557144772872 4.65995776397176 5.4258233723594449 7.2923343844013297 0.75340492170653295 0.69280536117730651 21.2797966347498 2.2652554796077311
leaf_count=2086 593 1014 47 2629 66 3708 9 130 828 711 78 76 2033 27
internal_value=0.000341014 0.00317063 -0.00953331 -0.0161641 0.00960704 0.0125069 -0.00837234 -0.0214763 0.00903934 0.0245972 -0.025854 0.0369177 -0.0367766 0.0660463
internal_weight=197.336 149.442 50.0916 46.7741 99.3502 96.519 47.8944 27.1945 20.6999 14.5206 6.17923 5.35276 21.8417 3.3175
internal_count=14035 9577 4789 4715 4788 4722 4458 2248 2210 1304 906 206 2042 74
cat_boundaries=0 1 2
cat_threshold=1 1
is_linear=0
shrinkage=0.05


Tree=173
num_leaves=12
num_cat=0
split_feature=13 34 13 25 4 36 40 7 5 35 32
split_gain=1.43692 2.66803 2.39065 2.49108 3.04897 2.19589 2.95683 1.78734 1.49617 1.82051 0.898892
threshold=10.65 24.850000000000005 5.9937500000000012 7.3743055000000011 -0.99467753128998015 93.500000000000014 55.350000000000001 29.014583500000004 -0.8611288361322974 85.729166500000005 26.743750000000002
decision_type=2 2 2 2 2 2 2 2 2 2 2
left_child=2 8 3 4 -1 7 -7 -4 -2 -10 -5
right_child=1 -3 5 10 -6 6 -8 -9 9 -11 -12
leaf_value=0.04292906883367141 -0.029366196744695278 -0.035997462964523989 -0.041704089677233491 0.0062185539101384142 -0.0037188821497575568 0.0023460886015941808 -0.014714403727549261 -0.0013798467253150785 0.0067322227182021691 0.032591542292605365 0.051442061049809876
leaf_weight=3.0332383722852709 1.3607108942087496 2.393528444445109 6.423779180418931 1.925132335818488 25.796369634226721 68.367978249349108 39.198408305652265 4.4748754640168045 34.976986444220529 7.7191413228574666 3.0770314908877481
leaf_count=121 477 762 775 110 2092 3986 3395 334 1528 406 108
internal_value=-0.000548719 0.00705773 -0.00289958 0.00865335 0.00246368 -0.00624374 -0.00394922 -0.0266548 0.0101439 0.0120463 0.0379731
internal_weight=198.747 46.4504 152.297 33.8318 28.8296 118.465 107.566 10.8987 44.0568 42.6961 5.00216
internal_count=14094 3173 10921 2431 2213 8490 7381 1109 2411 1934 218
is_linear=0
shrinkage=0.05


Tree=174
num_leaves=15
num_cat=1
split_feature=13 23 5 39 41 37 26 34 11 41 38 1 5 37
split_gain=2.20804 2.47268 2.63191 3.03531 2.48045 2.43423 4.22148 2.93642 1.94635 1.93871 1.77145 1.58736 2.68352 2.60679
threshold=5.9770835000000009 97.500000000000014 0.86004965528756494 22.550000000000004 54.45000000000001 55.500000000000007 15.450000000000001 23.850000000000005 98.500000000000014 34.250000000000007 7.6994045000000009 0 0.75438814418115718 53.500000000000007
decision_type=2 2 2 2 2 2 2 2 2 2 2 1 2 2
left_child=5 2 3 -2 9 11 7 -7 -6 -3 -8 12 -1 -13
right_child=1 4 -4 -5 8 6 10 -9 -10 -11 -12 13 -14 -15
leaf_value=0.076190885295152888 0.0087246657318458942 -0.011190356830325219 -0.040002475511295654 -0.010347268065559819 -0.028572295104762103 0.0035642452691909189 -0.027473123753442259 0.048166991435083135 0.00029611751271390615 0.013679574739731146 0.022167918960861399 -0.022261378184911987 -0.018622451281722994 0.043413783386246733
leaf_weight=2.3288186309946464 69.276282233979146 18.112038476378078 2.6767747302292255 28.721829585272644 21.866459249416952 10.650580904446544 9.3889161168044648 4.7954117857734664 7.8133973501244318 12.286598230246453 1.3897379594418442 2.2393602629308589 0.52815880879643362 1.9081098867900435
leaf_count=128 3215 1135 1018 3024 2144 656 753 204 623 507 107 227 208 109
internal_value=-0.000804155 -0.00324157 0.00155906 0.0030869 -0.0111799 0.0107376 0.00324091 0.0194986 -0.0212106 -0.00102283 -0.019734 0.034894 0.0583793 0.0105177
internal_weight=193.982 160.753 100.675 97.9981 60.0785 33.2291 26.2246 15.446 29.6799 30.3986 10.7787 7.00445 2.85698 4.14747
internal_count=14058 11666 7257 6239 4409 2392 1720 860 2767 1642 860 672 336 336
cat_boundaries=0 1
cat_threshold=1
is_linear=0
shrinkage=0.05


Tree=175
num_leaves=14
num_cat=2
split_feature=36 32 4 1 22 5 39 39 5 0 32 35 35
split_gain=1.88742 3.96984 2.57116 7.90905 4.34403 1.49895 3.91537 4.21976 1.63832 4.18812 2.91966 0.878604 0.422069
threshold=94.500000000000014 28.479464000000004 0.80417553764032002 0 70.083333000000025 -0.90892157495189674 20.000000000000004 19.350000000000005 -0.8142754349318998 1 27.455059500000001 71.127976500000017 71.273809500000013
decision_type=2 2 2 1 2 2 2 2 2 1 2 2 2
left_child=1 11 3 -3 -4 6 7 -2 10 -10 -7 -1 -13
right_child=5 2 4 -5 -6 8 -8 -9 9 -11 -12 12 -14
leaf_value=-0.047162797745086311 -0.02896979552592709 -0.035254908748201585 -0.034952751598810672 0.052066806023019219 0.016613963858314453 0.028862294795668039 -0.044036482692032447 0.031716276333921704 0.005846068204258318 -0.015866172405235867 -0.031045923337436838 0.023973200907537615 -0.015686093691844774
leaf_weight=6.0422912914655198 3.9624912649014714 3.3615319716627727 8.425913095888971 5.6726182884594891 6.3964154443237922 11.87851619554567 4.9680913583288193 5.8397329338331474 120.9386330540874 16.04996391673194 1.5668197253544338 0.28506351792020712 0.44352542288834229
leaf_count=998 583 166 1263 155 210 624 1401 196 2680 5390 327 11 94
internal_value=0.000546763 -0.0106519 -0.000519837 0.0192997 -0.0130561 0.00267449 -0.0120255 0.00677347 0.00418768 0.0024795 0.0202151 -0.0416903 0.00472282
internal_weight=195.832 30.6274 23.8565 9.03415 14.8223 165.204 14.7703 9.80222 150.434 136.989 13.4453 6.77088 0.728589
internal_count=14098 2897 1794 321 1473 11201 2180 779 9021 8070 951 1103 105
cat_boundaries=0 1 2
cat_threshold=1 9
is_linear=0
shrinkage=0.05


Tree=176
num_leaves=13
num_cat=2
split_feature=10 0 0 37 42 43 8 4 32 43 35 44
split_gain=2.13066 3.79803 3.61078 15.203 8.281 8.12799 3.5684 7.57063 4.81157 2.96536 3.81093 1.50645
threshold=85.104166500000005 0 1 33.500000000000007 2.5000000000000004 38.900000000000006 31.050000000000004 -0.85227431625818906 27.118154500000006 26.900000000000002 72.544643000000022 45.20000000000001
decision_type=2 1 1 2 2 2 2 2 2 2 2 2
left_child=2 6 3 4 -1 -5 8 -8 -2 10 -4 -11
right_child=1 -3 9 5 -6 -7 7 -9 -10 11 -12 -13
leaf_value=-0.029748393906847137 0.01039609545485168 -0.017174991599545202 -0.01483401041760625 -0.045466403680332217 0.08583052804677796 0.056218893493408667 -0.026103343619911845 0.037467199428739204 -0.032472900728925412 -0.042316327738884676 0.0046642307452847863 0.015023031848481522
leaf_weight=1.3945767403347433 31.543622907454846 5.6363788621674749 50.22837283982517 7.5331747132440778 6.9086426468275022 1.6364392035175113 5.0948815045994733 22.389113940764219 7.1961203088576431 7.1769203529111101 48.341774249303853 0.82032615619391425
leaf_count=228 792 3460 3767 983 240 37 172 487 286 597 2914 56
internal_value=0.000116987 0.00691288 -0.00384387 0.012918 0.0653073 -0.0235756 0.0102223 0.02518 0.00181619 -0.00721672 -0.00532068 -0.0354187
internal_weight=195.9 71.8601 124.04 17.4728 8.30322 9.16961 66.2237 27.484 38.7397 106.567 98.5701 7.99725
internal_count=14019 5197 8822 1488 468 1020 1737 659 1078 7334 6681 653
cat_boundaries=0 1 2
cat_threshold=12 1
is_linear=0
shrinkage=0.05


Tree=177
num_leaves=8
num_cat=1
split_feature=5 4 5 1 39 20 38
split_gain=1.63366 1.40897 6.06795 8.42311 3.66274 2.87006 2.57515
threshold=0.89691351184655443 -0.76141707087277943 0.19969739736768835 0 14.950000000000001 32.150000000000013 8.4806550000000005
decision_type=2 2 2 1 2 2 2
left_child=1 2 3 -1 -3 -4 -6
right_child=-2 4 5 -5 6 -7 -8
leaf_value=-0.044461879800192269 -0.034959398030702964 -0.041647319317393822 -0.049899516628876428 0.022669788323855272 0.010942195779930703 0.025173526572020107 -0.0016255604755876368
leaf_weight=5.2849277757923137 2.1746547086077035 3.4697440099407677 8.0933671347374876 17.321569330044444 75.496901230100775 0.85799664849764745 86.769490261714964
leaf_count=852 1798 365 894 849 3818 32 5426
internal_value=0.000629309 0.0011959 -0.00832597 0.00575716 0.00304803 -0.0408971 0.00425298
internal_weight=199.469 197.294 31.5579 22.6065 165.736 8.95136 162.266
internal_count=14034 12236 2627 1701 9609 926 9244
cat_boundaries=0 1
cat_threshold=1
is_linear=0
shrinkage=0.05


Tree=178
num_leaves=9
num_cat=1
split_feature=5 5 12 32 1 36 36 23
split_gain=5.07677 2.15254 2.52751 2.62941 2.29268 13.1204 10.7164 0.685259
threshold=0.87709077819680659 0.74298546529340237 32.500000000000007 26.401488000000004 0 99.500000000000014 99.500000000000014 77.500000000000014
decision_type=2 2 2 2 1 2 2 2
left_child=1 2 7 -4 6 -6 -3 -1
right_child=-2 4 3 -5 5 -7 -8 -9
leaf_value=0.0010117733171242321 -0.046623499710350576 0.04446340888352842 -0.028453557805298041 0.00049295154556803903 -0.049859701327647055 0.054299144384455544 -0.04129348058901916 -0.04331369362133633
leaf_weight=1.0197566148126487 5.0188624237489412 13.259779321262615 7.2762424530155831 150.09819011243235 6.0561565427924524 4.2983503220893908 4.0204895644565104 3.6138560401523137
leaf_count=36 1982 389 1007 9435 378 127 122 567
internal_value=-0.0014148 1.99267e-05 -0.00220114 -0.00101661 0.012663 -0.00564727 0.0233435 -0.0351106
internal_weight=194.662 189.643 162.008 157.374 27.6348 10.3545 17.2803 4.63361
internal_count=14043 12061 11045 10442 1016 505 511 603
cat_boundaries=0 1
cat_threshold=2
is_linear=0
shrinkage=0.05


Tree=179
num_leaves=14
num_cat=3
split_feature=4 4 43 1 5 34 1 5 21 1 6 26 10
split_gain=1.37018 1.36627 4.82947 5.78104 3.80827 2.00637 2.63034 2.32925 0.926689 0.762767 0.439657 0.334407 0.00701342
threshold=0.9962888416657264 -0.78326540922535159 25.000000000000004 0 -0.52765736634565841 23.650000000000002 1 0.85561368268953431 23.750000000000004 2 1.5000000000000002 21.750000000000004 65.395833500000023
decision_type=2 2 2 1 2 2 1 2 2 1 2 2 2
left_child=1 2 4 -4 -1 7 -7 -3 9 -2 -11 -10 -13
right_child=8 5 3 -5 -6 6 -8 -9 11 10 -12 12 -14
leaf_value=0.028654981609669335 -0.023946031897850693 0.011021059217166441 -0.039689189261865807 0.03106545831395038 -0.037055367490532405 0.0077118609533049212 -0.010498341486655235 -0.014236539738334695 -0.042582085884677601 0.032177823385112846 -0.006192056051155386 6.1616268563989231e-05 -0.0068064572169065432
leaf_weight=1.8469693544757309 0.74009503221895923 71.859661616705125 3.0016645680952916 9.7647624864039226 13.24002958305937 32.395725412090542 47.997189077912481 9.5623415397494664 2.5415451738517736 0.89247607381548755 0.78348633066343609 0.45710648229578488 0.64654826569312718
leaf_count=141 55 3086 579 565 1261 2923 2918 2202 239 17 35 19 67
internal_value=-0.000144699 0.000657022 -0.00937498 0.0127549 -0.0277298 0.00243082 -0.00315563 0.00791802 -0.0217723 0.00239573 0.0186297 -0.0348583 -0.00528479
internal_weight=195.73 189.668 27.8534 12.7664 15.087 161.815 80.3929 81.422 6.06126 2.41606 1.67596 3.6452 1.10365
internal_count=14107 13675 2546 1144 1402 11129 5841 5288 432 107 52 325 86
cat_boundaries=0 1 2 3
cat_threshold=1 1 1
is_linear=0
shrinkage=0.05


Tree=180
num_leaves=12
num_cat=2
split_feature=5 38 9 1 34 34 5 25 4 1 13
split_gain=1.76347 2.70019 2.28874 2.08503 1.70008 1.63367 4.41694 1.5925 0.898535 0.406177 0.401023
threshold=-0.93543596745397617 6.998809500000001 24.850000000000005 0 21.050000000000004 23.450000000000003 -0.15101602693478736 11.022917000000001 0.78857998149907527 1 4.4000000000000012
decision_type=2 2 2 1 2 2 2 2 2 1 2
left_child=1 2 10 -4 8 6 -6 -7 -2 -10 -1
right_child=4 -3 3 -5 5 7 -8 -9 9 -11 -12
leaf_value=0.0053353407472094792 -0.03942360775513476 -0.043574646362927648 0.041315242944829501 -0.025157056568433752 0.034860757392181203 -0.005640274230150415 0.001734354515361716 0.0088943785426745178 0.029480003173545856 -0.012847921526558663 -0.035868860457384626
leaf_weight=0.44554628847981659 2.8208333738439246 4.8104267220915062 3.0831130576261785 0.88918304402614046 11.099448281340299 83.681359423688264 60.497848607250489 23.285771793591266 0.22902484120277211 0.27332648557785433 1.9548504649428649
leaf_count=23 1130 1330 102 103 539 5041 3757 1693 41 42 284
internal_value=-0.000485476 -0.0189027 0.00310523 0.0243687 0.000744046 0.00148602 0.00727927 -0.00242314 -0.030246 0.0132273 -0.0289009
internal_weight=193.071 11.1831 6.37269 3.9723 181.888 178.564 71.5973 106.967 3.32318 0.502351 2.4004
internal_count=14085 1842 512 205 12243 11030 4296 6734 1213 83 307
cat_boundaries=0 1 2
cat_threshold=2 1
is_linear=0
shrinkage=0.05


Tree=181
num_leaves=10
num_cat=1
split_feature=2 0 39 44 34 34 36 19 19
split_gain=2.53619 2.06264 4.21974 5.94623 3.55977 3.14139 2.88787 1.17897 0.064808
threshold=1.5000000000000002 0 18.550000000000004 36.20000000000001 23.350000000000005 25.450000000000003 95.500000000000014 27.983333000000005 28.018055500000003
decision_type=2 1 2 2 2 2 2 2 2
left_child=7 4 -3 -4 6 -6 -2 -1 -9
right_child=1 2 3 -5 5 -7 -8 8 -10
leaf_value=-0.044597611174165538 -0.0081944211720168664 -0.04351171380186538 0.024223837726020582 -0.015115874299242757 -0.0033919491896076738 0.031441355350888926 0.021180579194822455 0.0085137811273172589 -0.0067379269807084198
leaf_weight=3.3892312241950995 9.8607936606276763 6.0618155193660632 13.665461144133586 26.853150861024915 87.306494133459637 5.9851297017885363 41.222083061351441 1.2690273000625891 0.15508503396995355
leaf_count=1102 171 3066 1595 5970 1349 158 459 24 142
internal_value=0.000854428 0.00183553 -0.00647864 -0.00158413 0.0046686 -0.000847469 0.0154617 -0.0316882 0.00475849
internal_weight=195.768 190.955 46.5804 40.5186 144.375 93.2916 51.0829 4.81334 1.42411
internal_count=14036 12768 10631 7565 2137 1507 630 1268 166
cat_boundaries=0 1
cat_threshold=8
is_linear=0
shrinkage=0.05


Tree=182
num_leaves=8
num_cat=1
split_feature=28 34 5 5 8 4 1
split_gain=1.58345 1.49944 1.61172 2.82511 1.64382 0.804766 0.419697
threshold=65.000000000000014 21.050000000000004 -0.93543596745397617 -0.98801846520836334 35.850000000000001 0.78857998149907527 0
decision_type=2 2 2 2 2 2 1
left_child=1 5 3 -3 -4 -1 -7
right_child=-2 2 4 -5 -6 6 -8
leaf_value=-0.038379635878172211 -0.03545985541546455 0.0043607086168124419 0.0037805817049777653 -0.043472044043265934 -0.016856463403839447 0.028652327015794149 -0.013591315442007902
leaf_weight=2.5830897172927503 2.0556116413063128 6.9331159445573576 170.62739759969554 4.339972887093607 9.2423740292215353 0.23951172066153947 0.29746835803962313
leaf_count=1140 373 744 9689 1021 1023 44 45
internal_value=0.000256778 0.000814382 0.00145025 -0.0160958 0.00263284 -0.0290376 0.0116336
internal_weight=196.319 194.263 191.143 11.2731 179.87 3.12007 0.53698
internal_count=14079 13706 12477 1765 10712 1229 89
cat_boundaries=0 1
cat_threshold=1
is_linear=0
shrinkage=0.05


Tree=183
num_leaves=14
num_cat=1
split_feature=23 26 10 32 7 33 32 4 0 19 40 35 2
split_gain=1.50918 2.6366 2.6575 2.68431 2.37763 1.33525 1.40977 1.28643 6.19342 2.16064 0.836072 0.745808 0.544001
threshold=97.500000000000014 12.65 71.208333500000023 27.092262000000002 29.572917000000004 32.250000000000007 26.115476500000003 -0.49813634056773481 0 27.767361500000003 52.70000000000001 70.589285500000017 2.5000000000000004
decision_type=2 2 2 2 2 2 2 2 1 2 2 2 2
left_child=4 5 11 -4 7 6 -2 9 -9 -1 12 -3 -6
right_child=1 2 3 -5 10 -7 -8 8 -10 -11 -12 -13 -14
leaf_value=0.027550883556993408 -0.013388597793580323 -0.0018265617045971684 -0.0037468865500902421 -0.023352601889267768 0.0022859270208249395 -0.022515787344210714 0.038283711844065316 0.0076704272146998296 -0.023315432894272726 -0.0077496225347660208 0.010190176553158969 0.032130267752177318 -0.038045497607940619
leaf_weight=12.529992602561835 1.1251939227222454 2.2774683054230982 46.819980238447897 27.302552222368831 0.86286987422499706 0.76078284227696702 5.3524085024691885 73.405572587129427 9.0595183148616325 5.8388512597884974 0.94542835086758703 3.8254545102681732 4.3125529970711796
leaf_count=673 206 183 3244 2125 22 139 254 1942 3877 232 44 171 950
internal_value=-0.000995317 -0.00583247 -0.00850789 -0.0111833 0.00297772 0.0212536 0.0287178 0.004905 0.00215336 0.0165092 -0.0250021 0.0209853 -0.03204
internal_weight=194.419 87.4638 80.2255 74.1225 106.955 7.23839 6.4776 100.834 82.4651 18.3688 6.12085 6.10292 5.17542
internal_count=14062 6322 5723 5369 7740 599 460 6724 5819 905 1016 354 972
cat_boundaries=0 1
cat_threshold=9
is_linear=0
shrinkage=0.05


Tree=184
num_leaves=9
num_cat=2
split_feature=21 34 1 34 23 1 24 38
split_gain=1.44172 1.88063 4.40823 1.42065 3.75831 1.60342 0.761194 0.743759
threshold=25.950000000000003 25.450000000000003 0 24.350000000000005 95.500000000000014 1 62.500000000000007 8.0431550000000005
decision_type=2 2 1 2 2 1 2 2
left_child=1 3 7 5 -5 -1 -2 -3
right_child=6 2 -4 4 -6 -7 -8 -9
leaf_value=-0.0051081946941486179 -0.037635351390677176 0.06876481943595307 -0.03208601080267056 0.0078886618260381822 -0.02898996725654442 0.0053460776207219594 0.01193962168093427 0.0098560080271718111
leaf_weight=54.006385048254742 2.6253093716150029 2.205106493318453 1.3382053203968096 13.301745982273134 12.659765958742353 109.36139541695593 0.47587981808464963 1.1007946327736133
leaf_count=5158 819 51 103 924 1767 5132 12 54
internal_value=0.000369077 0.000984355 0.0294254 0.000135779 -0.0105029 0.00188004 -0.0289717 0.0559939
internal_weight=197.075 193.973 4.64411 189.329 25.9615 163.368 3.10119 3.3059
internal_count=14020 13189 208 12981 2691 10290 831 105
cat_boundaries=0 1 2
cat_threshold=1 1
is_linear=0
shrinkage=0.05


Tree=185
num_leaves=14
num_cat=3
split_feature=4 43 32 1 21 35 40 43 4 20 1 1 28
split_gain=1.39352 4.71098 3.94433 3.86864 3.7892 2.3249 2.72729 3.56799 2.24763 2.10661 6.1927 2.5188 0.795044
threshold=-0.85227431625818906 26.650000000000002 26.463690500000002 0 24.250000000000004 86.428571500000018 65.200000000000003 17.600000000000005 -0.75015329512557205 31.650000000000002 1 2 37.250000000000007
decision_type=2 2 2 1 2 2 2 2 2 2 1 1 2
left_child=1 4 -3 -4 -1 6 8 -8 -2 11 -11 -7 -6
right_child=5 2 3 -5 12 9 7 -9 -10 10 -12 -13 -14
leaf_value=-0.048976170720122544 -0.029480078262927124 -0.036778002506114064 -0.031144990721875113 0.0455154542259373 0.027603928682161084 0.022508437622043204 0.020879677091591539 -0.037243936249488234 0.00012663793651553274 -0.02806781205857993 0.047822561065561181 -0.017210132114353273 -0.018690353423682009
leaf_weight=8.9258311279118079 5.7523666510096509 2.2517175142784236 1.3936735025781672 5.7991913410223788 1.9503455153899261 5.8698904170523765 2.7262182147824197 10.371175455642513 126.40863257925957 2.9882593252768839 8.4991771732602484 8.5283496572737914 0.53648608870571468
leaf_count=1057 311 382 250 247 67 567 114 1455 8339 292 297 568 78
internal_value=-0.0026618 -0.0145526 0.0110417 0.0286734 -0.0349164 -0.00113655 -0.00361436 -0.0245226 -0.00137372 0.012385 0.0274142 -0.00060745 0.0151208
internal_weight=192.001 20.8572 9.44458 7.19286 11.4127 171.144 145.258 13.0974 132.161 25.8857 11.4874 14.3982 2.48683
internal_count=14024 2081 879 497 1202 11943 10219 1569 8650 1724 589 1135 145
cat_boundaries=0 1 2 3
cat_threshold=1 1 1
is_linear=0
shrinkage=0.05


Tree=186
num_leaves=13
num_cat=1
split_feature=26 33 44 33 40 4 31 19 9 1 24 33
split_gain=1.30434 2.12888 1.78113 6.66706 5.37047 2.04459 2.03642 1.98337 1.41927 1.27993 3.01832 1.63633
threshold=12.65 32.250000000000007 35.800000000000004 32.550000000000004 26.450000000000003 0.82414472752956958 36.900000000000013 25.380555500000003 23.850000000000005 0 52.500000000000007 31.950000000000003
decision_type=2 2 2 2 2 2 2 2 2 1 2 2
left_child=1 9 3 7 -5 8 -7 -2 -4 10 -1 -11
right_child=2 -3 5 4 -6 6 -8 -9 -10 11 -12 -13
leaf_value=0.057709548709071593 0.014573935415602153 -0.02888409986313575 0.014805746577481228 -0.02042955637991525 0.017768378959542672 -0.001038013453175584 -0.027711972929250029 -0.037105008305432279 0.0015034443844137403 0.048935526492538947 -0.034180059202103069 -0.019351186344787843
leaf_weight=0.35137196628784151 1.5402181917379518 1.1772467091359429 28.123541735825711 13.748717754897369 23.525062534958124 26.21548968294519 8.884882876336631 17.211329760422814 65.23213110249344 4.4707737675780663 1.6523241618051541 0.49153679750452273
leaf_count=28 159 187 1532 1574 938 1039 1221 2077 4708 244 232 29
internal_value=-0.000580311 0.0178596 -0.00148617 -0.00884256 0.00351313 0.00176579 -0.00837054 -0.0323372 0.00562523 0.0283935 -0.00421798 0.0400603
internal_weight=192.625 8.14325 184.481 56.0253 37.2738 128.456 35.1004 18.7515 93.3557 6.96601 2.0037 4.96231
internal_count=13968 720 13248 4748 2512 8500 2260 2236 6240 533 260 273
cat_boundaries=0 1
cat_threshold=1
is_linear=0
shrinkage=0.05


Tree=187
num_leaves=14
num_cat=2
split_feature=25 38 10 42 1 2 31 38 38 1 43 21 5
split_gain=1.19723 2.0341 2.01587 2.86119 2.01193 4.81576 4.39578 1.81575 1.62439 1.63875 1.41499 1.5528 0.743066
threshold=11.022917000000001 11.557440500000002 60.562500000000007 2.5000000000000004 0 7.5000000000000009 36.20000000000001 8.3011905000000024 10.745238000000002 1 1.3500000000000003 25.450000000000003 0.64414586362404946
decision_type=2 2 2 2 1 2 2 2 2 1 2 2 2
left_child=2 10 8 -4 5 -3 -6 -5 9 -1 12 -12 -2
right_child=1 4 3 7 6 -7 -8 -9 -10 -11 11 -13 -14
leaf_value=-0.0025003055609132993 -0.024899182093709601 -0.03486737362685919 -0.044497256156790732 0.00033945848040932024 0.033525065584411019 0.051993536593546753 -0.040060888289581063 -0.011556308312468566 -0.029190294365420241 0.033062812078430766 0.026059034507735834 -0.025292585457987883 0.0067404925417726943
leaf_weight=4.9890320940030497 1.8270283739111643 1.9174804149006375 3.4920457470943793 90.283794762697653 1.9019943682651481 2.6637472452421207 6.7455323218018748 48.71037230840011 1.0372675850667281 7.5874301877192911 16.24563582024712 0.82582607377844297 4.5522593257337576
leaf_count=352 189 569 897 6468 120 128 570 3348 83 344 767 95 150
internal_value=-0.00148551 0.00652933 -0.00339837 -0.00518074 -0.00873141 0.0159044 -0.0220785 -0.00388217 0.0143346 0.01981 0.0151431 0.0223128 -0.00446733
internal_weight=192.779 36.6795 156.1 142.486 13.2288 4.58123 8.64753 138.994 13.6137 12.5765 23.4507 17.0715 6.37929
internal_count=14080 2588 11492 10713 1387 697 690 9816 779 696 1201 862 339
cat_boundaries=0 1 2
cat_threshold=1 1
is_linear=0
shrinkage=0.05


Tree=188
num_leaves=9
num_cat=1
split_feature=25 33 25 39 1 10 21 6
split_gain=1.65757 1.90886 1.77308 1.75568 8.10998 1.46206 1.30316 1.49327
threshold=12.820833500000001 31.050000000000004 11.052778000000002 21.650000000000002 0 61.312500000000007 25.450000000000003 1.5000000000000002
decision_type=2 2 2 2 1 2 2 2
left_child=2 -2 3 5 -5 -1 7 -4
right_child=1 -3 6 4 -6 -7 -8 -9
leaf_value=0.018617461326256097 0.01877972703719355 -0.042134620181412966 0.0029564679994596105 0.0041828696711224056 -0.046228569625270242 -0.00056179404868698208 -0.02770759133121712 0.02601991197085134
leaf_weight=9.8964376406656793 1.1207291911778146 3.6127093344111927 15.10341018327745 25.691964332407224 10.478719208971595 112.25744871939969 1.0897783080581565 12.602136712361244
leaf_count=482 49 853 501 1726 1759 7544 323 805
internal_value=-0.000470068 -0.0269521 0.000339538 -0.00175591 -0.0112722 0.00113059 0.0115331 0.0139881
internal_weight=191.853 4.73344 187.12 158.325 36.1707 122.154 28.7953 27.7055
internal_count=14042 902 13140 11511 3485 8026 1629 1306
cat_boundaries=0 1
cat_threshold=2
is_linear=0
shrinkage=0.05


Tree=189
num_leaves=14
num_cat=1
split_feature=37 23 0 2 33 25 33 20 25 35 43 21 19
split_gain=1.45926 2.7389 2.50498 10.9567 6.16189 2.09666 1.88851 5.62678 4.21347 1.79507 1.96608 1.93624 1.46123
threshold=64.500000000000014 97.500000000000014 0 6.5000000000000009 32.550000000000004 12.571528000000002 32.250000000000007 32.850000000000001 5.6145830000000005 87.955357000000006 36.70000000000001 23.550000000000004 26.553472500000002
decision_type=2 2 1 2 2 2 2 2 2 2 2 2 2
left_child=2 5 6 -4 -5 12 8 -8 -1 10 -3 -11 -2
right_child=1 9 3 4 -6 -7 7 -9 -10 11 -12 -13 -14
leaf_value=0.053080244135454049 -0.017538252589097008 -0.043669722689689536 -0.047415034970438905 -0.028737210871933733 0.043952278081584265 -0.031411779299270484 -0.015702608458620766 0.0092749403168937133 0.0075698223157169217 0.025368102178965138 0.019994390626071942 -0.022041740791847751 0.028642996957860579
leaf_weight=5.1810751185548716 1.4434343968387127 7.8663856270650268 11.172702916119308 3.5967751284479146 7.5163603444452747 1.5675680887215993 30.466770137587446 78.645540061101201 31.556627182726515 2.7142526762036132 0.81484685657778744 4.1385324354559998 7.1674016994074918
leaf_count=94 262 1005 5060 2072 598 345 1003 1876 851 141 32 335 393
internal_value=0.00115307 -0.009715 0.00286269 -0.010063 0.0199961 0.00987917 0.00522243 0.00222134 0.0152246 -0.0223747 -0.036246 -0.00242445 0.0198823
internal_weight=193.848 25.7124 168.136 22.2858 11.1131 10.1784 145.85 109.112 36.7377 15.534 8.68123 6.85279 8.61084
internal_count=14067 2513 11554 7730 2670 1000 3824 2879 945 1513 1037 476 655
cat_boundaries=0 1
cat_threshold=9
is_linear=0
shrinkage=0.05


Tree=190
num_leaves=8
num_cat=2
split_feature=34 34 34 1 9 4 1
split_gain=1.35703 1.32632 1.5767 6.7771 2.05974 0.782823 0.406778
threshold=21.050000000000004 25.750000000000004 25.450000000000003 0 25.450000000000003 0.78857998149907527 1
decision_type=2 2 2 1 2 2 1
left_child=5 2 4 -4 -2 -1 -7
right_child=1 -3 3 -5 -6 6 -8
leaf_value=-0.038510326623834627 0.0012981154360697383 -0.033847354499352271 0.05732360568253865 -0.038942314084909897 -0.014807407770682644 0.027724479610505566 -0.013648361044747327
leaf_weight=2.5839958793440014 159.64259873883566 1.9050804568323645 3.9274073713459066 2.0412309544190066 21.653483551664976 0.25138565065572027 0.29690437539829873
leaf_count=1141 10506 716 100 105 1408 43 44
internal_value=-0.000942769 -0.00032188 0.000197156 0.0235375 -0.000696157 -0.0292883 0.0109756
internal_weight=192.302 189.17 187.265 5.96864 181.296 3.13229 0.54829
internal_count=14063 12835 12119 205 11914 1228 87
cat_boundaries=0 1 2
cat_threshold=1 1
is_linear=0
shrinkage=0.05


Tree=191
num_leaves=11
num_cat=2
split_feature=4 4 7 0 11 19 22 1 40 7
split_gain=1.54634 1.9523 2.7877 2.9965 2.20876 2.32084 1.87004 2.03497 0.79576 0.242877
threshold=0.9962888416657264 0.95752911693909504 29.325000000000006 0 86.500000000000014 27.527778000000005 72.756944500000017 1 36.750000000000007 29.170833500000004
decision_type=2 2 2 1 2 2 2 1 2 2
left_child=1 2 3 -1 -3 -6 7 9 -4 -2
right_child=6 4 8 -5 5 -7 -8 -9 -10 -11
leaf_value=0.0040350605077632343 0.034653743887371712 -0.031880894267609323 -0.036687945112120798 -0.013710331614487058 -0.023907034300505493 0.023946713108700526 -0.045480417103517662 -0.032700077630807671 -0.0033239852848228634 -0.00063358835551107807
leaf_weight=134.9099218663323 1.7099768604384737 1.4591839733548138 5.449017881866892 17.561899611784611 2.058793852862439 20.769089373621682 2.899790565497824 1.3369699325994582 2.7697116800118238 0.55145252308284387
leaf_count=3894 36 334 787 7784 99 612 175 133 126 96
internal_value=0.000815405 0.00170881 -0.000321413 0.00128468 0.0146229 0.0188087 -0.0214526 0.00359011 -0.0270245 0.028493
internal_weight=191.476 184.978 160.691 152.472 24.2871 22.8279 6.49819 3.5984 8.21873 2.26143
internal_count=14076 13636 12591 11678 1045 711 440 265 913 132
cat_boundaries=0 1 2
cat_threshold=12 2
is_linear=0
shrinkage=0.05


Tree=192
num_leaves=14
num_cat=3
split_feature=38 4 1 34 32 11 37 1 5 38 31 1 4
split_gain=1.60998 2.52134 4.60873 5.93313 4.03316 1.72475 1.97071 2.17446 1.49532 3.17451 1.98383 1.44511 1.16908
threshold=6.3017855000000003 -0.99275805973510278 0 23.350000000000005 27.329762000000002 98.500000000000014 63.500000000000007 1 -0.88620506325989179 6.998809500000001 42.300000000000004 2 -0.61237985104942771
decision_type=2 2 1 2 2 2 2 1 2 2 2 1 2
left_child=1 11 4 -4 -3 8 7 -7 9 -2 -10 -1 -8
right_child=5 2 3 -5 -6 6 12 -9 10 -11 -12 -13 -14
leaf_value=-0.020056909638180895 0.012223379555984589 -0.056780042815505062 0.048415239933168527 -0.038927098458882675 0.0057180768493951505 0.030607509952434567 -0.035669553876669945 -0.0033613373716009295 -0.0011173829105978598 -0.042903131388370541 0.017636974225399459 0.044038842462830519 0.013679430632538698
leaf_weight=0.58755758813640835 4.071289639832683 7.5223652122876956 3.6890725607518116 2.3830850877566263 3.4587893556890776 13.581631173146889 2.0538377175325881 6.689552691248541 126.54397297569813 4.8690844448792632 14.85668025191262 1.8470222928153819 1.2851079347747134
leaf_count=45 292 569 464 379 268 515 312 513 7872 1584 1101 44 51
internal_value=0.00010588 -0.0131559 -0.0201113 0.0134795 -0.0382605 0.00165832 0.0139288 0.0197667 -0.000347992 -0.0190952 0.000963116 0.0272342 -0.0179007
internal_weight=193.439 19.4879 17.0533 6.07216 10.9812 173.951 23.6101 20.2712 150.341 8.94037 141.401 2.43458 3.33895
internal_count=14009 1769 1680 843 837 12240 1391 1028 10849 1876 8973 89 363
cat_boundaries=0 1 2 3
cat_threshold=2 2 1
is_linear=0
shrinkage=0.05


Tree=193
num_leaves=14
num_cat=2
split_feature=4 43 1 32 38 11 19 39 19 1 13 31 6
split_gain=1.89342 5.80547 4.4643 3.07016 2.00997 2.39794 2.14279 1.82801 1.39883 1.31009 1.02166 0.940018 0.876187
threshold=-0.84315017450793706 25.000000000000004 0 26.350297500000003 5.7779760000000016 98.500000000000014 26.352778000000004 14.950000000000001 27.589583500000007 1 15.768750000000002 38.70000000000001 1.0000000180025095e-35
decision_type=2 2 1 2 2 2 2 2 2 1 2 2 2
left_child=1 8 -3 -4 9 7 -7 -6 10 11 -1 -2 -11
right_child=4 2 3 -5 5 6 -8 -9 -10 12 -12 -13 -14
leaf_value=-0.048691233572931709 -0.019333928371135647 -0.038508675817997939 -0.029972345366769865 0.03806646783115774 -0.036669001734474661 -0.025444350954118469 0.021417098499202612 0.001253966498397745 0.020100146386215222 0.0069163603833822963 0.013685640486781607 0.036989031405175378 -0.048873693338199645
leaf_weight=8.555388503118591 0.57329352908709463 2.6428850691445387 1.2621427510894117 7.6964430531661492 2.2516696313978164 1.8760513750676207 22.817715618468355 138.9283322029878 0.33507473560166623 0.58261159854009781 0.29237224307144138 0.52069188395398669 2.8979735640750732
leaf_count=1063 161 539 139 396 449 178 1090 9852 12 16 11 27 170
internal_value=0.000216626 -0.0136696 0.00975747 0.0264336 0.00197975 0.00295527 0.0170052 0.000395484 -0.0413187 -0.0275773 -0.0454496 0.0123358 -0.0400757
internal_weight=191.233 20.7843 11.6015 8.95859 170.448 165.874 24.6938 141.18 9.18284 4.57457 8.84776 1.09399 3.48059
internal_count=14103 2160 1074 535 11943 11569 1268 10301 1086 374 1074 188 186
cat_boundaries=0 1 2
cat_threshold=1 1
is_linear=0
shrinkage=0.05


Tree=194
num_leaves=10
num_cat=2
split_feature=33 33 1 15 1 36 43 15 22
split_gain=1.67814 2.27703 5.07116 4.37231 1.64702 7.59785 7.41515 1.36233 0.632906
threshold=37.100000000000009 36.850000000000001 0 0.45000000000000007 1 97.500000000000014 37.550000000000004 0.65000000000000002 84.062500000000014
decision_type=2 2 1 2 1 2 2 2 2
left_child=1 4 7 -4 5 -1 -6 -3 -2
right_child=8 2 3 -5 6 -7 -8 -9 -10
leaf_value=0.013883816483756648 -0.037963335249538807 0.0047717921608462291 0.038422196537121957 -0.050554891200865204 0.0065301114730258666 -0.020275233072795266 -0.060149237482765766 0.073483339600779393 0.01019866956203448
leaf_weight=27.588973758414795 2.6368385982132163 1.0609348471334659 1.4882884624239525 2.2096303552971222 115.45112966065062 36.952419435001502 3.3284430066123596 2.9587066627573222 0.39468467363622028
leaf_count=2303 836 43 35 43 6369 4231 180 33 11
internal_value=0.00121879 0.00188292 0.0268511 -0.0141886 0.000691816 -0.0056845 0.00417506 0.0599113 -0.0307186
internal_weight=194.07 191.039 7.71756 3.69792 183.321 64.5414 118.78 4.01964 3.03152
internal_count=14084 13237 154 78 13083 6534 6549 76 847
cat_boundaries=0 1 2
cat_threshold=1 1
is_linear=0
shrinkage=0.05


Tree=195
num_leaves=11
num_cat=3
split_feature=43 43 43 44 1 1 13 1 5 5
split_gain=1.42425 2.14168 1.83328 1.46124 6.07612 2.87587 1.19235 1.01831 12.3814 6.79396
threshold=36.250000000000007 43.800000000000004 31.750000000000004 38.70000000000001 0 1 14.722917000000002 2 -0.7444366621422277 -0.31800055644052067
decision_type=2 2 2 2 1 1 2 1 2 2
left_child=2 7 3 4 -1 -5 -4 8 -2 -9
right_child=1 -3 6 5 -6 -7 -8 9 -10 -11
leaf_value=-0.012518297993165476 0.064106707735411383 -0.030526117282773033 -0.041770688219553244 0.0077033901521077145 0.010969395339924323 -0.015247586631335859 0.020114224903289502 -0.034095480759772541 -0.059422669674920596 0.071854524496145308
leaf_weight=43.878509854745062 3.3189608103130013 1.3789698149485037 3.3455263905780153 19.701717132746126 70.294594171726203 40.028463614966313 0.32420017215190444 1.5982857697090351 2.8345211113919504 3.2980359722860153
leaf_count=3745 64 228 700 2668 3770 2650 11 125 91 35
internal_value=-0.00106856 0.0146432 -0.0022441 -0.00140567 0.00191239 -0.00767512 -0.0331669 0.0223456 0.00685217 0.0373527
internal_weight=190.002 12.4288 177.573 173.903 114.173 59.7302 3.66973 11.0498 6.15348 4.89632
internal_count=14087 543 13544 12833 7515 5318 711 315 155 160
cat_boundaries=0 1 2 3
cat_threshold=1 1 2
is_linear=0
shrinkage=0.05


Tree=196
num_leaves=13
num_cat=2
split_feature=5 9 1 31 35 13 31 37 29 1 34 9
split_gain=1.70385 1.4747 5.717 6.04109 5.60368 1.4691 2.51358 1.8897 1.10193 1.75517 1.41556 0.478152
threshold=0.86004965528756494 22.550000000000004 0 29.700000000000003 69.699404500000014 5.9937500000000012 28.250000000000004 55.500000000000007 2.5000000000000004 1 22.450000000000003 24.350000000000005
decision_type=2 2 1 2 2 2 2 2 2 1 2 2
left_child=1 2 4 -4 -1 7 -7 -3 11 10 -10 -2
right_child=8 5 3 -5 -6 6 -8 -9 9 -11 -12 -13
leaf_value=0.083773195896912567 -0.043180090260888232 0.030756647415928335 0.046523096041508893 -0.05226001791081563 -0.02910093263796721 -0.026487646305697755 -0.0015613475680782503 0.0017627842776232383 -0.021152233920656797 -0.033855386957679985 0.041163831684992519 -0.00014059366596339232
leaf_weight=3.0327976747794296 3.568421135787502 6.2714457641559447 1.5305280815227886 3.1683673649458797 0.93814713965548424 9.9665604296969814 132.34890738740796 25.351964595589379 0.63751359605521463 1.3560650868239466 1.6552814584138102 0.75908807784435328
leaf_count=170 1602 300 43 210 77 766 8673 1604 146 251 92 34
internal_value=-0.00130422 -0.000257377 0.0187519 -0.0175667 0.0566167 -0.00130665 -0.00347961 0.00827927 -0.0225718 -0.00109726 0.0226751 -0.037074
internal_weight=190.585 182.609 8.66984 4.6989 3.97094 173.939 142.315 31.6234 7.97637 3.64886 2.2928 4.32751
internal_count=13968 11843 500 253 247 11343 9439 1904 2125 489 238 1636
cat_boundaries=0 1 2
cat_threshold=1 2
is_linear=0
shrinkage=0.05


Tree=197
num_leaves=13
num_cat=1
split_feature=36 32 4 1 10 34 34 5 4 8 38 32
split_gain=1.14825 4.02191 2.37782 6.29667 2.94978 1.78818 3.81481 2.19288 5.55652 2.66885 1.67284 1.36888
threshold=94.500000000000014 28.362798000000002 0.80417553764032002 0 69.791666500000005 23.450000000000003 23.550000000000004 -0.15101602693478736 -0.79384350655589164 31.850000000000005 10.923512000000001 28.739583500000006
decision_type=2 2 2 1 2 2 2 2 2 2 2 2
left_child=1 -1 3 -3 -4 7 11 9 -9 -2 -8 -7
right_child=5 2 4 -5 -6 6 10 8 -10 -11 -12 -13
leaf_value=-0.045516966550257464 0.038604827473907775 -0.032661161321796292 -0.034849256562874721 0.04745481436059145 0.0070669162379138305 -0.044183433447540249 -0.0039399484593740574 -0.044259436887971987 0.0082476891963113846 -0.01103276403492397 0.012366751585609261 0.010874479459558418
leaf_weight=5.1828019828244605 8.9769616251578537 2.9996657851588697 6.581186969888221 5.7052618102898123 8.7938790544867498 6.0417447133513624 68.607491234386544 4.6330498838215126 46.991160977704567 3.2030163697345406 19.318960059245001 0.93324621277861286
leaf_count=1035 362 164 1157 165 347 595 5245 646 3133 208 977 21
internal_value=-0.000617207 -0.00954457 -0.000295972 0.0193266 -0.0119075 0.00107831 -0.00326456 0.00748854 0.0027839 0.0257047 -0.000258308 -0.0363769
internal_weight=187.968 29.2628 24.08 8.70493 15.3751 158.706 94.9014 63.8042 51.6242 12.18 87.9265 6.97499
internal_count=14055 2868 1833 329 1504 11187 6838 4349 3779 570 6222 616
cat_boundaries=0 1
cat_threshold=1
is_linear=0
shrinkage=0.05


Tree=198
num_leaves=14
num_cat=1
split_feature=44 5 5 1 38 36 33 5 38 44 5 25 10
split_gain=1.3279 3.38914 3.34427 2.92268 8.42749 5.54655 2.91125 7.52445 3.85434 2.35134 3.53285 1.78897 1.08408
threshold=35.800000000000004 0.75438814418115718 0.80798785254895478 0 7.0422620000000009 99.500000000000014 32.550000000000004 0.60383265664488517 8.4437500000000014 37.250000000000007 0.28313308994381586 7.7291665000000007 89.854166500000005
decision_type=2 2 2 1 2 2 2 2 2 2 2 2 2
left_child=2 9 6 4 -3 -5 7 -1 -8 11 -11 -2 -4
right_child=1 3 12 5 -6 -7 8 -9 -10 10 -12 -13 -14
leaf_value=-0.037882684611909828 0.026426225776658843 0.055878983000094945 -0.044907433041451894 0.046255926274182187 -0.047097411247684448 -0.034231290431497891 0.017819984667851767 0.021165812079570329 -0.018108957364547363 0.00090462800327620752 -0.023153088582377579 0.0020019320634332427 0.01391278954854968
leaf_weight=13.355179516038335 10.391575698304221 2.3377444587677019 5.3954265018764991 11.615789141724235 3.9289875768663478 1.8199651550603455 23.75020091389888 7.8274392119783434 9.7665485440520552 57.10628331089174 19.79027247025806 22.470107961155009 0.43161025759764005
leaf_count=1629 371 72 1850 337 374 122 1207 252 491 5319 1286 772 12
internal_value=-9.19509e-05 0.00276419 -0.00614663 0.0213207 -0.00627969 0.0337373 -0.00199097 -0.0160925 0.00712921 -0.000729269 -0.00550467 0.0102777 -0.0391509
internal_weight=189.987 129.461 60.5264 19.7025 6.26673 13.4358 54.6994 21.1826 33.5167 109.758 76.8966 32.8617 5.82704
internal_count=14094 8653 5441 905 446 459 3579 1881 1698 7748 6605 1143 1862
cat_boundaries=0 1
cat_threshold=1
is_linear=0
shrinkage=0.05


Tree=199
num_leaves=6
num_cat=1
split_feature=0 34 34 34 38
split_gain=1.09715 1.04211 1.10767 1.72512 1.38079
threshold=0 20.950000000000003 21.150000000000002 21.700000000000006 7.612797500000001
decision_type=1 2 2 2 2
left_child=1 -1 4 -4 -3
right_child=-2 2 3 -5 -6
leaf_value=-0.030702698691840776 -0.012627589665677862 0.034757136364179909 -0.036064905427513762 0.0019947274663532576 -0.021448704993952766
leaf_weight=1.4626636538378068 3.708130659768357 3.879022898268885 2.0292812513944218 177.13764239010925 0.67671684332890425
leaf_count=522 7023 91 217 6087 87
internal_value=0.000623319 0.00155003 0.00205553 0.00136587 0.0240503
internal_weight=188.893 185.185 183.723 179.167 4.55574
internal_count=14027 7004 6482 6304 178
cat_boundaries=0 1
cat_threshold=13
is_linear=0
shrinkage=0.05


end of trees

feature_importances:
day_of_year_cos=214
gender=161
day_of_year_sin=154
age_group=142
rain_max_daily_7d=104
temperature_min_7d=100
wind_gust_max_7d=81
wind_speed_max_7d=73
wind_speed_mean_7d=63
temperature_mean_7d=59
humidity_max_7d=57
precipitation_sum_7d=45
wind_speed_mean_3d=44
temperature_mean_3d=42
temperature_max_7d=41
wind_speed_max_3d=40
humidity_mean_7d=37
humidity_mean_3d=36
wind_gust_max_3d=31
temperature_min_current=29
temperature_min_3d=28
humidity_min_7d=27
temperature_mean_current=24
temperature_max_current=23
humidity_mean_current=22
wind_speed_mean_current=21
month=19
precipitation_sum_current=19
temperature_max_3d=18
humidity_min_3d=17
rain_max_daily_3d=17
wind_gust_max_current=16
weather_code_current=15
wind_speed_max_current=13
humidity_max_3d=13
precipitation_sum_3d=12
humidity_min_current=11
rain_sum_7d=10
humidity_max_current=8
rain_days_3d=8
rain_days_7d=8
rain_sum_3d=5
rain_sum_current=1

parameters:
[boosting: gbdt]
[objective: binary]
[metric: binary_logloss]
[tree_learner: serial]
[device_type: cpu]
[data_sample_strategy: bagging]
[data: ]
[valid: ]
[num_iterations: 200]
[learning_rate: 0.05]
[num_leaves: 15]
[num_threads: 8]
[seed: 42]
[deterministic: 0]
[force_col_wise: 0]
[force_row_wise: 0]
[histogram_pool_size: -1]
[max_depth: 4]
[min_data_in_leaf: 20]
[min_sum_hessian_in_leaf: 0.001]
[bagging_fraction: 0.9]
[pos_bagging_fraction: 1]
[neg_bagging_fraction: 1]
[bagging_freq: 1]
[bagging_seed: 400]
[bagging_by_query: 0]
[feature_fraction: 0.9]
[feature_fraction_bynode: 1]
[feature_fraction_seed: 30056]
[extra_trees: 0]
[extra_seed: 12879]
[early_stopping_round: 0]
[early_stopping_min_delta: 0]
[first_metric_only: 0]
[max_delta_step: 0]
[lambda_l1: 0]
[lambda_l2: 1]
[linear_lambda: 0]
[min_gain_to_split: 0]
[drop_rate: 0.1]
[max_drop: 50]
[skip_drop: 0.5]
[xgboost_dart_mode: 0]
[uniform_drop: 0]
[drop_seed: 17869]
[top_rate: 0.2]
[other_rate: 0.1]
[min_data_per_group: 100]
[max_cat_threshold: 32]
[cat_l2: 10]
[cat_smooth: 10]
[max_cat_to_onehot: 4]
[top_k: 20]
[monotone_constraints: ]
[monotone_constraints_method: basic]
[monotone_penalty: 0]
[feature_contri: ]
[forcedsplits_filename: ]
[refit_decay_rate: 0.9]
[cegb_tradeoff: 1]
[cegb_penalty_split: 0]
[cegb_penalty_feature_lazy: ]
[cegb_penalty_feature_coupled: ]
[path_smooth: 0]
[interaction_constraints: ]
[verbosity: -1]
[saved_feature_importance_type: 0]
[use_quantized_grad: 0]
[num_grad_quant_bins: 4]
[quant_train_renew_leaf: 0]
[stochastic_rounding: 1]
[linear_tree: 0]
[max_bin: 255]
[max_bin_by_feature: ]
[min_data_in_bin: 3]
[bin_construct_sample_cnt: 200000]
[data_random_seed: 175]
[is_enable_sparse: 1]
[enable_bundle: 1]
[use_missing: 1]
[zero_as_missing: 0]
[feature_pre_filter: 1]
[pre_partition: 0]
[two_round: 0]
[header: 0]
[label_column: ]
[weight_column: ]
[group_column: ]
[ignore_column: ]
[categorical_feature: 0,1,3]
[forcedbins_filename: ]
[precise_float_parser: 0]
[parser_config_file: ]
[objective_seed: 16083]
[num_class: 1]
[is_unbalance: 0]
[scale_pos_weight: 1]
[sigmoid: 1]
[boost_from_average: 1]
[reg_sqrt: 0]
[alpha: 0.9]
[fair_c: 1]
[poisson_max_delta_step: 0.7]
[tweedie_variance_power: 1.5]
[lambdarank_truncation_level: 30]
[lambdarank_norm: 1]
[label_gain: ]
[lambdarank_position_bias_regularization: 0]
[eval_at: ]
[multi_error_top_k: 1]
[auc_mu_weights: ]
[num_machines: 1]
[local_listen_port: 12400]
[time_out: 120]
[machine_list_filename: ]
[machines: ]
[gpu_platform_id: -1]
[gpu_device_id: -1]
[gpu_device_id_list: ]
[gpu_use_dp: 0]
[num_gpu: 1]

end of parameters

pandas_categorical:[]
