tree
version=v4
num_class=1
num_tree_per_iteration=1
label_index=0
max_feature_idx=44
objective=binary sigmoid:1
feature_names=age_group gender month season day_of_year_sin day_of_year_cos weather_code_current temperature_mean_current temperature_max_current temperature_min_current humidity_mean_current humidity_max_current humidity_min_current wind_speed_mean_current wind_speed_max_current precipitation_sum_current rain_sum_current wind_gust_max_current rain_day_current temperature_mean_3d temperature_max_3d temperature_min_3d humidity_mean_3d humidity_max_3d humidity_min_3d wind_speed_mean_3d wind_speed_max_3d precipitation_sum_3d rain_sum_3d rain_days_3d rain_max_daily_3d wind_gust_max_3d temperature_mean_7d temperature_max_7d temperature_min_7d humidity_mean_7d humidity_max_7d humidity_min_7d wind_speed_mean_7d wind_speed_max_7d precipitation_sum_7d rain_sum_7d rain_days_7d rain_max_daily_7d wind_gust_max_7d
feature_infos=-1:0:1:2:3:4:5 -1:0:1 [1:12] -1:1:0 [-0.99999942202469239:0.99998555065071859] [-0.99997919295908244:0.9999907524084426] [0:61] [23.658332999999999:32.533332999999999] [25.899999999999999:39.200000000000003] [17.899999999999999:29.300000000000001] [48.958333000000003:91.625] [63:100] [23:86] [2.8541669999999999:19.695833] [6.4000000000000004:30.100000000000001] [0:63.100000000000001] [0:63.100000000000001] [14:56.899999999999999] [0:1] [23.766667000000002:32.427778000000004] [27.699999999999999:39.200000000000003] [17.899999999999999:28.100000000000001] [52.569443999999997:90.694444000000004] [73:100] [23:79] [4.125:17.329167000000002] [9.6999999999999993:30.100000000000001] [0:93.900000000000006] [0:93.900000000000006] [0:3] [0:63.100000000000001] [17.300000000000001:56.899999999999999] [24.365476000000001:32.235118999999997] [28.699999999999999:39.200000000000003] [17.899999999999999:27.5] [55.767856999999999:89.523809999999997] [77:100] [23:72] [4.5327380000000002:15.469643] [11.6:30.100000000000001] [0:163.90000000000001] [0:163.90000000000001] [0:7] [0:63.100000000000001] [23:56.899999999999999]
tree_sizes=1654 1684 1694 1710 1676 1686 1742 1703 1710 1508 1697 1491 1510 1506 1505 1508 1487 1495 1371 1626 1372 1415 1484 1412 1517 1512 1390 1382 1411 1598 1397 1411 1513 1425 1398 1416 1408 1424 1415 1752 1404 1508 1604 1414 1542 1430 1390 1756 1523 1423 1415 1428 1537 1431 1332 1426 1391 1759 1410 1507 1200 1414 1542 1518 1645 1404 1396

Tree=0
num_leaves=15
num_cat=6
split_feature=0 0 0 1 5 1 5 1 4 37 4 33 33 43
split_gain=2615.87 953.273 288.695 106.383 103.553 102.455 95.1212 57.2521 57.3458 42.8158 42.7109 26.5737 0.484221 2.54848
threshold=0 1 2 3 -0.46800559042974538 4 0.59003219687534991 5 -0.39036798905311365 52.500000000000007 -0.30163705152652737 31.550000000000004 34.550000000000004 38.900000000000006
decision_type=1 1 1 1 2 1 2 1 2 2 2 2 2 2
left_child=1 3 5 10 -5 6 -2 8 -3 -9 -1 -7 -4 -14
right_child=2 7 12 4 -6 11 -8 9 -10 -11 -12 -13 13 -15
leaf_value=-0.86419815181678783 -1.0425382746655145 -0.97342697505768194 -1.0980860714292719 -0.98936028339658433 -0.91935641371377042 -1.0285202551332382 -0.97063068306739253 -1.0068486701889459 -1.0114698916874296 -1.0377690127186423 -0.91362777135295359 -1.0770672052192751 -1.0935054042362156 -1.0604278231321267
leaf_weight=78.114432156085968 162.6253314614296 146.5372474193573 668.14006859064102 85.480060994625092 144.98658871650696 32.951497435569763 62.995509803295135 198.29048162698746 306.83659082651138 254.69569194316864 143.43593001365662 190.92485278844833 223.48868554830551 8.7224552035331708
leaf_count=403 839 756 3447 441 748 170 325 1023 1583 1314 740 985 1153 45
internal_value=-1.03039 -0.981606 -1.07949 -0.922899 -0.945031 -1.04572 -1.02229 -1.01182 -0.999075 -1.02421 -0.895531 -1.06995 -1.09596 -1.0924
internal_weight=2708.23 1358.38 1349.85 452.017 230.467 449.497 225.621 906.36 453.374 452.986 221.55 223.876 900.351 232.211
internal_count=13972 7008 6964 2332 1189 2319 1164 4676 2339 2337 1143 1155 4645 1198
cat_boundaries=0 1 2 3 4 5 6
cat_threshold=13 1 2 1 1 1
is_linear=0
shrinkage=1


Tree=1
num_leaves=15
num_cat=6
split_feature=0 0 0 1 1 5 5 4 20 1 33 34 4 43
split_gain=2402.91 792.806 268.423 94.6367 85.4452 78.3292 72.55 40.7799 71.2449 50.518 28.6263 26.7241 0.537119 2.27073
threshold=0 1 2 3 4 0.6174544326165855 -0.46800559042974538 -0.29343379936893915 33.250000000000007 5 31.550000000000004 20.350000000000005 0.7090011537757156 38.900000000000006
decision_type=1 1 1 1 1 2 2 2 2 1 2 2 2 2
left_child=1 3 4 11 5 -2 -5 9 -9 -3 -6 -1 -4 -14
right_child=2 7 12 6 10 -7 -8 8 -10 -11 -12 -13 13 -15
leaf_value=0.041023381937918352 -0.012617771834287791 0.05109657553016303 -0.066576136613325884 0.039900389808087078 0.0051651099221571807 0.052533803712322392 0.098121545148970438 -0.0087385471476201775 0.026467823105374096 0.011981317115595781 -0.045289802330060705 0.12614868056790163 -0.061982712209553106 -0.030908773854089074
leaf_weight=10.866986930370329 161.96053111553192 170.09706193208694 628.03970821201801 86.736132770776749 32.787141755223274 63.366143077611923 148.17225793004036 267.3749432861805 308.70360264182091 161.02943874895573 188.37713444232941 227.26214012503624 234.08812993764877 9.1288100481033307
leaf_count=53 840 856 3348 439 169 318 727 1372 1578 833 994 1104 1246 48
internal_value=4.24757e-05 0.0459699 -0.0480457 0.0979666 -0.0154695 0.00585525 0.0768846 0.0180088 0.0101407 0.0321679 -0.0378204 0.122452 -0.064339 -0.0609477
internal_weight=2697.99 1380.24 1317.75 473.038 446.491 225.327 234.908 907.205 576.079 331.127 221.164 238.129 871.257 243.217
internal_count=13925 6962 6963 2323 2321 1158 1166 4639 2950 1689 1163 1157 4642 1294
cat_boundaries=0 1 2 3 4 5 6
cat_threshold=13 1 2 1 1 1
is_linear=0
shrinkage=0.05


Tree=2
num_leaves=15
num_cat=5
split_feature=0 0 0 1 1 5 2 39 37 5 33 34 43 43
split_gain=2214.4 672.389 267.119 86.8741 78.4025 69.9129 60.9768 49.227 61.2458 60.6987 28.1399 27.0291 0.492633 4.66487
threshold=0 1 2 3 4 0.5475998096715059 9.5000000000000018 20.250000000000004 32.500000000000007 0.33222858587828868 31.350000000000005 20.350000000000005 38.900000000000006 43.800000000000004
decision_type=1 1 1 1 1 2 2 2 2 2 2 2 2 2
left_child=1 3 4 11 5 -2 -5 9 -9 -3 -6 -1 -4 -14
right_child=2 7 12 6 10 -7 -8 8 -10 -11 -12 -13 13 -15
leaf_value=0.032536529832377238 -0.012904845402565333 -0.012775587471584941 -0.064480183446717784 0.056268165020537331 0.012146595473389537 0.046640459399840843 0.1192134291586843 -0.0019167350320016539 0.038317745145373693 0.024981305966155772 -0.042786420632552863 0.1153031466265817 -0.0045440280364195595 -0.06162451297520697
leaf_weight=11.265814751386641 158.02898481488228 225.96313697099686 832.1357434540987 194.35967798531055 26.060396134853363 70.457638293504715 48.799186795949936 126.64224763214588 371.57685899734497 199.52240458130836 192.85232469439507 244.24686555564404 4.8927183449268368 14.290035143494604
leaf_count=54 825 1151 4585 939 134 347 230 640 1884 1010 1039 1129 26 78
internal_value=0.000136921 0.0430783 -0.046861 0.0894813 -0.0145833 0.00558016 0.0693371 0.017269 0.0281072 0.00494677 -0.0362214 0.111795 -0.0634218 -0.0480122
internal_weight=2721.09 1422.38 1298.72 498.672 447.399 228.487 243.159 923.705 498.219 425.486 218.913 255.513 851.318 19.1828
internal_count=14071 7037 7034 2352 2345 1172 1169 4685 2524 2161 1173 1183 4689 104
cat_boundaries=0 1 2 3 4 5
cat_threshold=13 1 2 1 1
is_linear=0
shrinkage=0.05


Tree=3
num_leaves=15
num_cat=4
split_feature=0 0 0 1 4 34 39 4 42 35 34 41 43 43
split_gain=1998.05 580.928 246.127 78.2714 66.0939 87.8773 43.9586 63.1714 48.8111 30.4202 23.4514 23.4481 0.648388 4.35503
threshold=0 1 2 3 0.022575936829235404 20.350000000000005 20.250000000000004 -0.40614700388750385 6.5000000000000009 82.75892850000001 23.850000000000005 65.65000000000002 38.900000000000006 43.800000000000004
decision_type=1 1 1 1 2 2 2 2 2 2 2 2 2 2
left_child=1 4 3 9 10 -6 8 -8 -3 -2 -1 -5 -4 -14
right_child=2 6 12 11 5 -7 7 -9 -10 -11 -12 -13 13 -15
leaf_value=0.11654051239887504 0.023269919056933291 0.02437807790157822 -0.06339767949566559 -0.048370735396018008 -0.066423646265190414 0.072617031315848166 0.053379336446823605 0.014526674055469122 -0.0098366101784937952 -0.013185580609899744 0.080832372887586615 -0.013167133871365838 -0.0043637883992849675 -0.06027709281831603
leaf_weight=144.75615268945694 114.79613913595676 175.09583996236324 801.11217845976353 143.42606760561466 11.1043314486742 274.82202748954296 147.0783803164959 360.67769084870815 254.54521180689335 112.21124242246151 85.723955318331718 71.763288259506226 4.8816560506820705 12.773597061634062
leaf_count=653 580 881 4569 787 52 1259 727 1813 1296 583 394 388 26 72
internal_value=-0.000107069 0.0397046 -0.0459527 -0.0148771 0.0819519 0.0670045 0.0157502 0.0258637 0.00413147 0.00527093 0.103666 -0.0367459 -0.0623162 -0.0458798
internal_weight=2714.77 1453.8 1260.96 442.197 516.406 285.926 937.397 507.756 429.641 227.007 230.48 215.189 818.767 17.6553
internal_count=14080 7075 7005 2338 2358 1311 4717 2540 2177 1163 1047 1175 4667 98
cat_boundaries=0 1 2 3 4
cat_threshold=13 1 2 1
is_linear=0
shrinkage=0.05


Tree=4
num_leaves=15
num_cat=6
split_feature=0 0 0 1 1 5 5 1 4 22 4 33 43 43
split_gain=1804.04 493.41 249.826 73.6873 60.9246 63.802 59.6503 46.9342 45.5361 35.2036 30.1648 24.7978 1.33682 7.2438
threshold=0 1 2 3 4 -0.43733099657705288 0.60383265664488517 5 -0.40614700388750385 83.506944500000017 -0.28519255817492867 31.550000000000004 38.900000000000006 43.800000000000004
decision_type=1 1 1 1 1 2 2 1 2 2 2 2 2 2
left_child=1 4 3 6 10 -6 -2 8 -3 -9 -1 -5 -4 -14
right_child=2 7 12 11 5 -7 -8 9 -10 -11 -12 -13 13 -15
leaf_value=0.11633568623826834 -0.010675484530630623 0.048098647635942043 -0.062386837807120413 0.0051584069721074969 0.026089627809518158 0.077785330833921015 0.044409803794243426 0.017033090613949409 0.01525680121121609 -0.010460733303031378 0.079920983400449508 -0.04235163253158028 0.011838769093511427 -0.059665701005258309
leaf_weight=100.19064816832542 162.80973598361015 158.9068982899189 772.29411916434765 32.263885289430618 94.253862679004669 168.63959331810474 69.231999382376671 244.2744909375906 315.09327726066113 220.70935122668743 169.38267579674721 176.16088019311428 4.3089798539876965 13.389302104711531
leaf_count=429 854 766 4563 168 442 751 331 1223 1582 1121 743 992 23 78
internal_value=0.000163516 0.0373991 -0.044303 -0.0132041 0.0755701 0.0594202 0.00587981 0.0151291 0.026345 0.00398842 0.093835 -0.0350076 -0.0612229 -0.0425545
internal_weight=2701.91 1471.45 1230.46 440.467 532.467 262.893 232.042 938.984 474 464.984 269.573 208.425 789.992 17.6983
internal_count=14066 7057 7009 2345 2365 1193 1185 4692 2348 2344 1172 1160 4664 101
cat_boundaries=0 1 2 3 4 5 6
cat_threshold=13 1 2 1 1 1
is_linear=0
shrinkage=0.05


Tree=5
num_leaves=15
num_cat=6
split_feature=0 0 0 1 5 1 5 1 39 32 4 33 43 43
split_gain=1646.32 448.067 229.801 62.8275 57.9073 54.8059 51.5303 45.0802 45.5862 28.9139 24.5349 23.3534 1.2968 5.41204
threshold=0 1 2 3 0.57605713708605399 4 -0.46800559042974538 5 20.250000000000004 30.676786000000003 -0.30163705152652737 31.350000000000005 38.900000000000006 43.800000000000004
decision_type=1 1 1 1 2 1 2 1 2 2 2 2 2 2
left_child=1 5 3 4 -2 10 -7 8 -3 -9 -1 -5 -4 -14
right_child=2 7 12 11 -6 6 -8 9 -10 -11 -12 -13 13 -15
leaf_value=0.10813370145910846 -0.012915684976599593 0.0076318303032678518 -0.061634997537715099 0.0096079408201299593 0.041199308900250892 0.025550717578874501 0.071762484382853375 3.770913412025129e-05 0.038470212688349263 0.067285879704920712 0.075432679853177462 -0.040442050617914664 0.0016276905061389279 -0.058600941656897824
leaf_weight=100.76365727186203 158.22779926657677 222.48061139881611 742.76921452581882 26.34856054186821 70.705302029848099 95.302176922559738 171.1565073132515 445.60070313513279 260.29553873836994 15.578737720847128 175.35121549665928 180.5050848275423 5.0883019119501141 12.446643531322477
leaf_count=420 835 1101 4550 136 333 443 745 2244 1266 77 752 1037 27 75
internal_value=-0.00029385 0.0347317 -0.0437418 -0.0138321 0.00390406 0.0706712 0.0553916 0.013498 0.0243039 0.00245004 0.0877135 -0.0340512 -0.0604435 -0.0419789
internal_weight=2682.62 1486.53 1196.09 435.787 228.933 542.574 266.459 943.956 482.776 461.179 276.115 206.854 760.304 17.5349
internal_count=14041 7048 6993 2341 1168 2360 1188 4688 2367 2321 1172 1173 4652 102
cat_boundaries=0 1 2 3 4 5 6
cat_threshold=13 1 2 1 1 1
is_linear=0
shrinkage=0.05


Tree=6
num_leaves=15
num_cat=1
split_feature=1 34 5 39 34 2 26 4 34 34 38 34 37 34
split_gain=103.285 35.6632 50.4666 52.6868 36.6361 31.5242 30.8016 30.0236 25.9063 25.2931 13.6093 12.7374 3.90522 2.93666
threshold=0 20.350000000000005 0.56191161272202661 18.750000000000004 24.050000000000004 9.5000000000000018 14.65 0.21022171450811272 20.850000000000005 23.650000000000002 6.9395835000000003 23.250000000000004 56.500000000000007 24.050000000000004
decision_type=1 2 2 2 2 2 2 2 2 2 2 2 2 2
left_child=1 7 3 -3 -4 6 11 10 -8 12 -1 -2 -7 -11
right_child=5 2 4 -5 -6 9 8 -9 -10 13 -12 -13 -14 -15
leaf_value=-0.02799987705389502 -0.0066335883133801336 -0.013965968763007493 0.024381721016588323 0.012275319210570783 0.11629370918004685 0.018946229858677343 -0.046642157623983632 -0.066439213350757878 -0.0095247560574145615 -0.037559939989844401 0.034452038238505449 -0.049903479356116387 0.0056565852295136273 0.0066755767099082805
leaf_weight=16.100942239165306 22.085613995790482 262.09927180409431 330.63132482767105 700.24830916523933 10.30367264151573 93.910378322005272 48.720222592353821 26.84147422015667 894.81068952381611 33.163037151098251 16.823236674070358 78.231787726283073 135.47900931537151 3.9049835652112952
leaf_count=83 119 1370 1681 3617 52 501 262 140 4826 178 86 427 720 21
internal_value=-0.000381169 0.0092514 0.0109899 0.00512132 0.0274914 -0.0104009 -0.0143165 -0.0282157 -0.0114887 0.00493455 0.00398602 -0.0405368 0.0111559 -0.0328469
internal_weight=2673.35 1363.05 1303.28 962.348 340.935 1310.31 1043.85 59.7657 943.531 266.457 32.9242 100.317 229.389 37.068
internal_count=14083 7029 6720 4987 1733 7054 5634 309 5088 1420 169 546 1221 199
cat_boundaries=0 1
cat_threshold=1
is_linear=0
shrinkage=0.05


Tree=7
num_leaves=15
num_cat=5
split_feature=0 0 0 1 5 1 5 4 38 33 37 4 4 30
split_gain=1514.44 378.271 218.969 61.2334 54.8149 45.2247 49.9437 39.5454 48.0968 20.8157 19.9283 18.3351 0.697321 1.05132
threshold=0 1 2 3 0.59003219687534991 4 -0.46800559042974538 0.98372640911059162 9.5663690000000017 31.550000000000004 40.500000000000007 -0.28519255817492867 0.7090011537757156 38.900000000000006
decision_type=1 1 1 1 2 1 2 2 2 2 2 2 2 2
left_child=1 5 3 4 -2 11 -7 8 -3 -5 -9 -1 -4 -14
right_child=2 7 12 9 -6 6 -8 10 -10 -11 -12 -13 13 -15
leaf_value=0.098632288030671963 -0.012833840714915485 0.0086933016803764848 -0.062018680893012129 0.0025749371586576818 0.039449062648026216 0.02265269772794562 0.068083605479361514 -0.041728820912733368 0.034432688054469633 -0.041307432095272156 0.021562611236274967 0.070318479038188927 -0.056569900217826763 -0.022389797167112903
leaf_weight=103.49539864063263 160.15366052091122 634.3044158667326 532.62990127503872 32.057042166590691 71.779314205050468 95.886746063828468 169.58238931000233 45.560454219579697 253.84225679934025 167.34135952591896 16.257506310939789 173.62374825775623 202.28321093320847 4.0443308800458899
leaf_count=423 848 3152 3390 167 330 444 726 223 1237 993 81 730 1279 23
internal_value=-0.000620135 0.0326703 -0.0429814 -0.0137132 0.00344672 0.0657429 0.0518207 0.013244 0.0160804 -0.0342749 -0.0250055 0.0812094 -0.0596136 -0.0560111
internal_weight=2662.84 1492.55 1170.29 431.331 231.933 542.588 265.469 949.965 888.147 199.398 61.818 277.119 738.957 206.328
internal_count=14046 7016 7030 2338 1178 2323 1170 4693 4389 1160 304 1153 4692 1302
cat_boundaries=0 1 2 3 4 5
cat_threshold=13 1 2 1 1
is_linear=0
shrinkage=0.05


Tree=8
num_leaves=15
num_cat=4
split_feature=0 0 0 1 5 4 34 4 38 40 37 34 43 43
split_gain=1352.66 342.379 225.023 58.3433 43.5962 41.1863 53.0704 34.6731 44.7855 22.6177 19.4449 15.874 1.4809 5.97131
threshold=0 1 2 3 0.53312596302726967 1.0000000180025095e-35 20.350000000000005 0.98667101781630184 9.5663690000000017 76.450000000000017 40.500000000000007 23.850000000000005 38.900000000000006 43.800000000000004
decision_type=1 1 1 1 2 2 2 2 2 2 2 2 2 2
left_child=1 5 3 4 -2 11 -7 8 -3 -5 -9 -1 -4 -14
right_child=2 7 12 9 -6 6 -8 10 -10 -11 -12 -13 13 -15
leaf_value=0.087479105211323877 -0.010285225150472532 0.0072357236143932822 -0.059991390163319072 -0.042613774238586644 0.0357905705105225 -0.059203662767160492 0.053689267973810212 -0.044283926666799013 0.031718770334874836 -0.0044922591833212438 0.020920951877824407 0.059561859238209683 0.0077819912497845145 -0.056894746656881615
leaf_weight=159.82482448220253 154.47647987306118 640.37594915926456 694.46561487019062 141.08095908164978 75.673198461532593 9.9977706819772703 295.35314324498177 39.755016282200813 263.22370301187038 53.933411434292793 15.200210407376288 91.234603971242905 4.6238833069801357 11.941935628652571
leaf_count=661 824 3170 4583 848 346 45 1255 198 1265 309 75 389 25 78
internal_value=-0.000449699 0.0303927 -0.0414671 -0.011822 0.00495379 0.0613707 0.0498117 0.0119187 0.014395 -0.0321475 -0.0261972 0.0776106 -0.0587433 -0.0394267
internal_weight=2651.16 1514.97 1136.2 425.164 230.15 556.41 305.351 958.555 903.6 195.014 54.9552 251.059 711.031 16.5658
internal_count=14071 7058 7013 2327 1170 2350 1300 4708 4435 1157 273 1050 4686 103
cat_boundaries=0 1 2 3 4
cat_threshold=13 1 2 1
is_linear=0
shrinkage=0.05


Tree=9
num_leaves=13
num_cat=4
split_feature=0 0 0 1 4 34 5 34 4 2 37 43
split_gain=1253.29 454.267 66.8215 50.7273 40.9838 61.0729 29.8069 14.2214 1.10365 3.10862 11.2194 1.55672
threshold=0 1 2 3 0.022575936829235404 20.350000000000005 0.33222858587828868 23.850000000000005 0.7090011537757156 2.5000000000000004 34.500000000000007 38.900000000000006
decision_type=1 1 1 1 2 2 2 2 2 2 2 2
left_child=8 4 6 -4 7 -6 -3 -2 -1 10 -10 -11
right_child=1 2 3 -5 5 -7 -8 -9 9 11 -12 -13
leaf_value=-0.060618288668511947 0.083475892499886212 0.0054168648082437787 0.0041126582727870229 -0.030401304193739015 -0.066998759447227565 0.050708927713148881 0.023624609472134191 0.057183735613485609 -0.054067794078285575 -0.058180721972868422 0.013366403612788243 -0.029329302045035061
leaf_weight=491.88032235205173 159.59716711938381 606.28028130531311 231.22756800055504 195.97617115080357 10.616393432021139 292.90098765492439 356.98552234470844 93.098724216222763 22.698229983448986 152.05266472697258 7.8754191845655432 8.0488835871219617
leaf_count=3380 652 2977 1173 1183 49 1230 1733 393 155 1037 53 48
internal_value=-0.000222322 0.0202411 0.00479037 -0.0114861 0.0580241 0.0463853 0.0120571 0.0740529 -0.0579771 -0.0539078 -0.0368243 -0.0569213
internal_weight=2629.24 1946.68 1390.47 427.204 556.213 303.517 963.266 252.696 682.556 190.675 30.5736 160.102
internal_count=14063 9390 7066 2356 2324 1279 4710 1045 4673 1293 208 1085
cat_boundaries=0 1 2 3 4
cat_threshold=48 1 12 1
is_linear=0
shrinkage=0.05


Tree=10
num_leaves=15
num_cat=5
split_feature=0 0 0 1 43 1 5 4 38 33 13 43 43 19
split_gain=1163.15 256.93 204.705 45.3297 43.0981 37.6399 36.8743 30.3651 41.5159 21.1637 11.7489 1.43575 5.20118 0.343639
threshold=0 1 2 3 43.800000000000004 4 0.70747208174348741 0.99274428880883148 9.5663690000000017 31.550000000000004 8.7166665000000023 38.900000000000006 43.800000000000004 30.538889000000001
decision_type=1 1 1 1 2 1 2 2 2 2 2 2 2 2
left_child=1 4 3 6 5 -1 -2 8 -3 -5 -9 13 -13 -4
right_child=2 7 11 9 -6 -7 -8 10 -10 -11 -12 12 -14 -15
leaf_value=0.069817768526355989 -0.0092305039319333336 0.00650918251887086 -0.05908666693024487 0.0070022092595292511 -0.049344083803983294 0.043451600707071207 0.035645152887404739 0.021768589835780911 0.029526532720314635 -0.037423747540399711 -0.04390425384064809 0.0042677972984464128 -0.05560567965918134 -0.045585496420923174
leaf_weight=283.80308379232883 171.70940268039703 638.28218588232994 615.94967691600323 31.807106181979179 8.9790957719087583 274.4317876547575 61.291710779070854 7.9356267750263205 282.18747955560684 160.3410147279501 31.783951178193092 4.9315726608037975 11.427171334624289 23.498180106282234
leaf_count=1151 907 3131 4391 170 38 1160 274 39 1337 1013 160 27 80 166
internal_value=-0.000299024 0.0277156 -0.0397617 -0.0118814 0.0542357 0.0569569 0.00267607 0.0116125 0.01359 -0.0300715 -0.030571 -0.0573419 -0.0383499 -0.0586625
internal_weight=2608.36 1527.4 1080.96 425.149 567.214 558.235 233.001 960.189 920.47 192.148 39.7196 655.807 16.3587 639.448
internal_count=14044 7016 7028 2364 2349 2311 1181 4667 4468 1183 199 4664 107 4557
cat_boundaries=0 1 2 3 4 5
cat_threshold=13 1 2 1 1
is_linear=0
shrinkage=0.05


Tree=11
num_leaves=13
num_cat=5
split_feature=0 0 1 0 1 5 39 4 43 43 19 33
split_gain=1092.79 359.05 58.0327 47.0295 43.2622 34.3634 30.7479 16.8795 1.59509 5.20083 0.429688 1.9328
threshold=0 1 2 3 4 -0.43733099657705288 20.150000000000002 0.55656748448714433 38.900000000000006 43.800000000000004 30.538889000000001 37.750000000000007
decision_type=1 1 1 1 1 2 2 2 2 2 2 2
left_child=8 4 6 -4 7 -6 -3 -2 10 -10 -1 -12
right_child=1 2 3 -5 5 -7 -8 -9 9 -11 11 -13
leaf_value=-0.058306456193380429 0.075225894711659747 0.0028020867890830173 0.0024183000542021124 -0.026757066824377736 0.014925580685213012 0.051648768149263273 0.023452882557620156 0.048847146364591337 0.0062653149295573115 -0.054693690007998154 -0.021476926662855778 -0.055735602863019477
leaf_weight=598.22101201117039 187.51684810221195 324.84075786173344 469.34094232320786 184.70609593391418 102.17165836691856 173.05637882649899 404.82121406495571 102.70153987407684 4.7617358565330496 10.470783665776251 8.3800635039806384 13.59654316306114
leaf_count=4437 755 1590 2320 1156 445 709 1944 416 26 76 61 99
internal_value=-0.000159488 0.0184334 0.00455708 -0.00622079 0.0516554 0.0381196 0.0142757 0.0660909 -0.0565332 -0.0364257 -0.0578776 -0.0441755
internal_weight=2584.59 1949.16 1383.71 654.047 565.446 275.228 729.662 290.218 635.43 15.2325 620.198 21.9766
internal_count=14034 9335 7010 3476 2325 1154 3534 1171 4699 102 4597 160
cat_boundaries=0 1 2 3 4 5
cat_threshold=48 1 1 12 1
is_linear=0
shrinkage=0.05


Tree=12
num_leaves=13
num_cat=4
split_feature=0 0 1 0 4 33 4 34 4 2 43 43
split_gain=1011.79 322.858 59.275 45.2886 35.1087 42.6386 27.1095 12.6276 0.990952 2.19225 8.30706 2.54391
threshold=0 1 2 3 -0.031173458710879145 36.850000000000001 0.57077594689671507 23.850000000000005 0.7090011537757156 2.5000000000000004 5.7500000000000009 38.900000000000006
decision_type=1 1 1 1 2 2 2 2 2 2 2 2
left_child=8 4 6 -4 7 -6 -3 -2 -1 10 -10 -11
right_child=1 2 3 -5 5 -7 -8 -9 9 11 -12 -13
leaf_value=-0.058854829111219281 0.072318453790733692 0.021022264435548502 0.0018351927936247363 -0.02677241148751603 0.031224255230272363 0.086408180877792368 0.00069112439348637423 0.047688294106654858 -0.051754636654251285 -0.056503086159357091 0.0095757609919786754 -0.023337298497195378
leaf_weight=433.78041395545006 160.61991305649281 478.04974222183228 470.83718894422054 185.23683682084084 278.88176921010017 39.637551531195641 249.38499885797501 91.143823593854904 20.511918634176258 134.21949562430382 7.0525671392679206 8.0621121078729612
leaf_count=3359 649 2288 2325 1179 1149 162 1218 376 157 1026 51 50
internal_value=-0.000105485 0.01741 0.00421244 -0.00664989 0.0487418 0.0383405 0.0140627 0.0636258 -0.0560942 -0.0520236 -0.0362769 -0.0547998
internal_weight=2557.42 1953.79 1383.51 656.074 570.283 318.519 727.435 251.764 603.627 169.846 27.5645 142.282
internal_count=13989 9346 7010 3504 2336 1311 3506 1025 4643 1284 208 1076
cat_boundaries=0 1 2 3 4
cat_threshold=48 1 1 12
is_linear=0
shrinkage=0.05


Tree=13
num_leaves=13
num_cat=4
split_feature=0 0 0 34 39 36 5 1 43 43 19 19
split_gain=949.746 300.455 50.2653 37.4814 103.695 65.4494 29.0319 27.8862 1.76228 4.98851 0.587333 0.547368
threshold=0 1 2 24.450000000000003 19.050000000000004 95.500000000000014 0.3484035575467645 3 38.900000000000006 43.800000000000004 30.538889000000001 31.113194500000002
decision_type=1 1 1 2 2 2 2 1 2 2 2 2
left_child=8 3 6 5 -5 -2 -3 -4 10 -10 -1 -12
right_child=1 2 7 4 -6 -7 -8 -9 9 -11 11 -13
leaf_value=-0.057422141363359547 0.015934544833233324 0.0035021310440306141 0.00072929552787849604 -0.050912785622237999 0.049596227364568063 0.064178688723579999 0.021281872156928394 -0.025312646816003634 0.0069609642015501351 -0.053449689125751591 -0.029854232111698322 -0.053223729169264739
leaf_weight=548.68550211936235 88.772472649812698 616.2537447810173 232.84414698183537 33.612579762935638 99.08186274766922 352.08362981677055 365.40167012810707 182.97845143079758 4.7228934913873664 9.6487502381205541 11.334369778633119 9.4549300223588926
leaf_count=4410 363 2985 1166 140 407 1432 1737 1183 26 75 88 74
internal_value=-9.88988e-05 0.0165312 0.00388574 0.0466895 0.0239461 0.0545221 0.0100331 -0.0105113 -0.055507 -0.0344358 -0.0569505 -0.0424375
internal_weight=2554.88 1971.03 1397.48 573.551 132.694 440.856 981.655 415.823 583.846 14.3716 569.475 20.7893
internal_count=14086 9413 7071 2342 547 1795 4722 2349 4673 101 4572 162
cat_boundaries=0 1 2 3 4
cat_threshold=48 1 12 1
is_linear=0
shrinkage=0.05


Tree=14
num_leaves=13
num_cat=4
split_feature=0 0 1 0 2 34 39 44 43 43 4 4
split_gain=876.784 272.092 48.6615 42.4683 39.2377 50.0474 26.0452 13.3494 1.84052 5.09617 0.632893 0.413823
threshold=0 1 2 3 9.5000000000000018 20.350000000000005 20.150000000000002 40.500000000000007 38.900000000000006 43.800000000000004 0.7090011537757156 0.85226249403558707
decision_type=1 1 1 1 2 2 2 2 2 2 2 2
left_child=8 4 6 -4 5 -2 -3 -6 10 -10 -1 -12
right_child=1 2 3 -5 7 -7 -8 -9 9 -11 11 -13
leaf_value=-0.057858165241424911 -0.062055168384727737 0.0019505757067101413 0.0017286291377579415 -0.026270787671281739 0.077300981639728192 0.040887602349061407 0.020844584380122648 0.024909199386792542 0.0091655425481121273 -0.052747055887655936 -0.043800687460704119 -0.054293538201498882
leaf_weight=394.93517425656319 11.269559949636458 330.09619595110416 475.58180072903633 178.65372984111309 102.41612142324448 449.78581830859184 407.27021376788616 15.151933208107947 4.5505611002445212 9.1576008498668653 47.574118070304394 103.27759995311499
leaf_count=3321 50 1598 2337 1174 413 1833 1925 61 25 74 388 853
internal_value=-3.97883e-05 0.015688 0.00357537 -0.00632022 0.044209 0.0382425 0.0124004 0.0708159 -0.0546581 -0.0329687 -0.0561412 -0.0512946
internal_weight=2529.72 1970.23 1391.6 654.236 578.623 461.055 737.366 117.568 559.495 13.7082 545.787 150.852
internal_count=14052 9391 7034 3511 2357 1883 3523 474 4661 99 4562 1241
cat_boundaries=0 1 2 3 4
cat_threshold=48 1 1 12
is_linear=0
shrinkage=0.05


Tree=15
num_leaves=13
num_cat=4
split_feature=0 0 0 34 36 39 1 4 43 43 4 4
split_gain=834.851 242.282 38.072 34.8966 61.3578 55.8877 28.7962 28.5906 1.72863 4.66428 0.114688 0.436553
threshold=0 1 2 23.850000000000005 95.500000000000014 18.650000000000002 3 -0.28519255817492867 38.900000000000006 43.800000000000004 0.7090011537757156 0.85226249403558707
decision_type=1 1 1 2 2 2 1 2 2 2 2 2
left_child=8 3 7 4 -2 -5 -4 -3 10 -10 -1 -12
right_child=1 2 6 5 -6 -7 -8 -9 9 -11 11 -13
leaf_value=-0.057402986392298107 0.013745338878061659 0.020264049065320117 0.0022417154543197503 -0.017855406457421157 0.06638013028413757 0.040483411321607682 -0.024522248017364336 0.0025781206283588994 0.0062127189605435326 -0.052433646167199401 -0.044021129773908485 -0.054794792879724344
leaf_weight=381.38594959676266 72.778746977448463 358.40601955354214 233.38003750145435 50.388712644577026 238.88058030605316 209.40158724784851 175.31519956886768 628.40056627988815 4.7647210061550131 9.2973604425787908 46.040979824960232 102.49780112504959
leaf_count=3346 297 1688 1162 208 968 853 1171 3028 26 78 388 881
internal_value=-0.000219377 0.0149878 0.00363132 0.0421283 0.0541721 0.029143 -0.00904998 0.00892527 -0.0544088 -0.0334691 -0.0559251 -0.0517721
internal_weight=2510.94 1966.95 1395.5 571.45 311.659 259.79 408.695 986.807 543.987 14.0621 529.925 148.539
internal_count=14094 9375 7049 2326 1265 1061 2333 4716 4719 104 4615 1269
cat_boundaries=0 1 2 3 4
cat_threshold=48 1 12 1
is_linear=0
shrinkage=0.05


Tree=16
num_leaves=13
num_cat=5
split_feature=0 0 1 1 5 34 0 43 43 25 4 2
split_gain=779.387 216.403 38.6844 37.6148 35.3345 29.2918 28.2968 13.9239 1.87744 4.71095 0.574305 4.24403
threshold=0 1 2 3 -0.43733099657705288 20.350000000000005 4 24.200000000000006 38.900000000000006 8.8763890000000014 0.7090011537757156 2.5000000000000004
decision_type=1 1 1 1 2 2 1 2 2 2 2 2
left_child=8 2 7 5 -4 -3 -5 -2 10 -10 -1 -12
right_child=1 3 4 6 -6 -7 -8 -9 9 -11 11 -13
leaf_value=-0.056976446224455669 0.047301087563526321 -0.033459225204275266 0.0048752227636280482 0.0015557140437023624 0.041167420369924754 0.01372811610673399 -0.021410647870483329 0.074400825472633686 -0.051650986278578073 0.0083162343071321986 -0.028940681776042171 -0.05436459807015509
leaf_weight=365.23748434334993 225.30280777812004 33.548854812979698 107.75881977379322 486.25196705758572 177.91804765164852 709.93132776021957 174.34722164273262 65.340789809823036 8.602467052638529 4.5955231338739386 23.511745743453503 117.51074589043856
leaf_count=3344 914 156 450 2377 718 3373 1182 266 75 25 202 1049
internal_value=0.000190501 0.014535 0.0400735 0.00382236 0.0275426 0.0115567 -0.00482894 0.0536277 -0.0536678 -0.0316554 -0.0552361 -0.0503595
internal_weight=2499.86 1980.4 576.32 1404.08 285.677 743.48 660.599 290.644 519.458 13.198 506.26 141.022
internal_count=14131 9436 2348 7088 1168 3529 3559 1180 4695 100 4595 1251
cat_boundaries=0 1 2 3 4 5
cat_threshold=48 1 1 1 12
is_linear=0
shrinkage=0.05


Tree=17
num_leaves=13
num_cat=5
split_feature=0 0 1 1 5 0 34 4 43 43 19 32
split_gain=709.823 207.902 41.2642 36.2952 33.8314 25.7974 23.3065 15.9939 1.77583 3.93572 0.77573 2.86906
threshold=0 1 2 3 -0.46800559042974538 4 20.350000000000005 -0.30163705152652737 38.900000000000006 43.800000000000004 30.538889000000001 30.676786000000003
decision_type=1 1 1 1 2 1 2 2 2 2 2 2
left_child=8 3 6 7 -5 -4 -3 -2 10 -10 -1 -12
right_child=1 2 5 4 -6 -7 -8 -9 9 -11 11 -13
leaf_value=-0.055413260654055323 0.067726804932470283 -0.029809971331695075 -0.00055646644341602334 0.0033414372504121112 0.039044135417752382 -0.022804535258717736 0.01234950035343132 0.042212390940924362 0.0034059104272650405 -0.051063819590476858 0.0026202896727008278 -0.047767270579423093
leaf_weight=466.57663222402334 100.35735757648945 33.424107447266579 475.46562433242798 104.65621018409729 181.25026993453503 170.54311075806618 713.79194769263268 183.90849803388119 4.9824603646993628 8.2578885331749898 3.2838502228260067 15.585343658924101
leaf_count=4423 418 157 2324 437 731 1174 3375 741 27 75 29 141
internal_value=-0.000655278 0.0129302 0.00241445 0.0380935 0.0260323 -0.00681708 0.0104263 0.0514259 -0.053255 -0.0317666 -0.0548693 -0.0393077
internal_weight=2462.08 1963.4 1393.22 570.172 285.906 646.009 747.216 284.266 498.686 13.2403 485.446 18.8692
internal_count=14052 9357 7030 2327 1168 3498 3532 1159 4695 102 4593 170
cat_boundaries=0 1 2 3 4 5
cat_threshold=48 1 1 1 12
is_linear=0
shrinkage=0.05


Tree=18
num_leaves=12
num_cat=6
split_feature=0 0 0 1 4 5 1 43 33 1 43
split_gain=669.28 169.416 36.1071 34.1471 29.6345 20.5334 15.894 12.3117 2.54641 4.42482 9.23033
threshold=0 1 2 3 0.9916835347852474 -0.42179730054635828 4 43.800000000000004 34.550000000000004 5 5.7500000000000009
decision_type=1 1 1 1 2 2 1 2 2 1 2
left_child=8 3 4 7 -3 -5 -4 -2 -1 10 -10
right_child=1 2 6 5 -6 -7 -8 -9 9 -11 -12
leaf_value=-0.056098696292494747 0.049777261852478466 0.010351890409073425 -0.0011775751244253376 0.0064141932419059522 -0.031590824027238416 0.034058260414761968 -0.021401149604064681 -0.023921931711952601 -0.048040459156304643 -0.056034152864062763 -0.0067418666498873098
leaf_weight=350.0683491230011 280.07501232624054 941.98155805468559 237.83334919810295 107.48988781869411 43.127373546361923 180.57041233778 163.39304727315903 5.230716958642005 45.823460705578327 63.806249611079693 19.540827937424183
leaf_count=3481 1150 4455 1173 448 215 729 1140 21 439 611 172
internal_value=-0.000173621 0.0128331 0.00326921 0.0354606 0.00840031 0.0238007 -0.00921689 0.0483472 -0.0524515 -0.0462414 -0.0359818
internal_weight=2438.94 1959.7 1386.34 573.366 985.109 288.06 401.226 285.306 479.239 129.171 65.3643
internal_count=14034 9331 6983 2348 4670 1177 2313 1171 4703 1222 611
cat_boundaries=0 1 2 3 4 5 6
cat_threshold=48 1 12 1 1 1
is_linear=0
shrinkage=0.05


Tree=19
num_leaves=14
num_cat=1
split_feature=1 34 5 39 4 38 2 34 5 39 39 44 14
split_gain=52.7385 30.4613 45.1572 47.0613 32.077 31.9345 23.5364 20.6558 17.7226 13.4813 4.9863 4.01045 0.060643
threshold=0 20.350000000000005 0.57605713708605399 18.750000000000004 0.21022171450811272 9.1110120000000023 11.500000000000002 20.250000000000004 -0.41399101439218416 14.65 25.250000000000004 30.800000000000004 14.65
decision_type=1 2 2 2 2 2 2 2 2 2 2 2 2
left_child=1 4 3 -3 9 -4 7 -2 -9 -1 11 -8 -12
right_child=6 2 5 -5 -6 -7 10 8 -10 -11 12 -13 -14
leaf_value=-0.038254770383143191 -0.061917083116149019 -0.016477342906035919 0.015353620186344445 0.0095139267501117807 -0.067095767434945761 0.052176664679723643 0.012826128783022629 -0.016657804925414785 -0.0035482758300256754 0.02934441621408217 -0.0098380729428558973 0.038128104291598491 -0.023991611752443409
leaf_weight=10.193784877657892 17.838345482945442 235.52853069454432 234.38410729914904 659.64455683529377 27.092924386262894 78.320735476911068 40.223917797207832 443.37151729315519 615.76656859368086 20.699907742440701 3.8259326964616767 26.500843815505505 3.3714467436075211
leaf_count=56 112 1361 1275 3660 157 415 240 2723 3694 114 23 157 21
internal_value=-0.000358966 0.00668129 0.00838848 0.00266462 -0.0284193 0.0247133 -0.00810157 -0.009979 -0.00904666 0.00653908 0.019019 0.0232898 -0.0185859
internal_weight=2416.76 1265.86 1207.88 895.173 57.9866 312.705 1150.9 1076.98 1059.14 30.8937 73.9221 66.7248 7.19738
internal_count=14008 7038 6711 5021 327 1690 6970 6529 6417 170 441 397 44
cat_boundaries=0 1
cat_threshold=1
is_linear=0
shrinkage=0.05


Tree=20
num_leaves=12
num_cat=6
split_feature=0 0 0 37 1 5 1 6 33 1 43
split_gain=617.459 166.938 38.0286 30.6486 28.4612 22.3302 18.911 15.2923 2.19513 3.81229 8.67519
threshold=0 1 2 32.500000000000007 3 -0.43733099657705288 4 2.5000000000000004 34.650000000000013 5 5.7500000000000009
decision_type=1 1 1 2 1 2 1 2 2 1 2
left_child=8 4 3 -3 7 -6 -4 -2 -1 10 -10
right_child=1 2 6 -5 5 -7 -8 -9 9 -11 -12
leaf_value=-0.055727734864091161 0.024711565702063478 -0.011901882244673131 -0.0015330468544894546 0.011745555363439688 0.0053811025020267453 0.034404443804719152 -0.023406932611887671 0.052787140424227989 -0.047574591030695557 -0.055633963336917419 -0.0054438210525856144
leaf_weight=334.04778606444597 65.982662364840508 163.35060049593449 243.1791552901268 826.93239815533161 104.88407595455647 181.03145292401314 165.61546383798122 216.5929502248764 44.475679874420166 59.113402538001537 17.092908769845963
leaf_count=3476 270 771 1196 3913 438 732 1179 898 437 591 149
internal_value=-0.000334178 0.0118611 0.00247798 0.00775849 0.0344679 0.0238135 -0.0101819 0.0463416 -0.0521285 -0.0460736 -0.036152
internal_weight=2422.3 1967.57 1399.08 990.283 568.491 285.916 408.795 282.576 454.73 120.682 61.5686
internal_count=14050 9397 7059 4684 2338 1170 2375 1168 4653 1177 586
cat_boundaries=0 1 2 3 4 5 6
cat_threshold=48 1 12 1 1 1
is_linear=0
shrinkage=0.05


Tree=21
num_leaves=12
num_cat=3
split_feature=0 0 5 39 37 34 39 36 4 1 2
split_gain=576.175 143.434 31.7796 84.6873 46.0292 31.6365 84.8198 45.623 2.48221 4.11052 7.39867
threshold=0 1 0.33222858587828868 18.750000000000004 26.500000000000004 24.450000000000003 19.050000000000004 95.500000000000014 0.7090011537757156 2 2.5000000000000004
decision_type=1 1 2 2 2 2 2 2 2 1 2
left_child=8 5 3 -3 -4 7 -7 -2 -1 10 -10
right_child=1 2 4 -5 -6 6 -8 -9 9 -11 -12
leaf_value=-0.055529326294368124 0.0074907931676434407 -0.030160875587088222 -0.040422826636932502 0.0056576997679849521 0.016222196961331991 -0.057320691434971753 0.034189622267926788 0.047197028429412709 0.0012990695325234313 -0.055306208447075948 -0.043220351321020416
leaf_weight=309.11675827950239 91.641730159521103 219.34304113686085 37.713817909359932 656.41815945506096 494.65988586843014 32.996319800615311 98.459870174527168 350.24995762109756 11.126794271171091 62.060641847550869 55.078412555158138
leaf_count=3365 372 1165 190 3327 2424 137 404 1455 105 647 548
internal_value=-0.000348355 0.0111786 0.00250118 -0.00333758 0.0121412 0.0320421 0.0109606 0.0389981 -0.0515546 -0.0456085 -0.0358302
internal_weight=2418.87 1981.48 1408.13 875.761 532.374 573.348 131.456 441.892 437.383 128.266 66.2052
internal_count=14139 9474 7106 4492 2614 2368 541 1827 4665 1300 653
cat_boundaries=0 1 2 3
cat_threshold=48 1 1
is_linear=0
shrinkage=0.05


Tree=22
num_leaves=13
num_cat=5
split_feature=0 0 1 1 20 0 34 4 43 25 4 2
split_gain=545.825 124.078 31.9921 30.6946 27.5682 22.4965 21.4592 12.937 2.3376 4.322 0.715661 3.76241
threshold=0 1 2 3 29.100000000000005 4 23.850000000000005 -0.30163705152652737 38.900000000000006 8.8763890000000014 0.7090011537757156 2.5000000000000004
decision_type=1 1 1 1 2 1 2 2 2 2 2 2
left_child=8 3 4 7 -3 -4 -5 -2 10 -10 -1 -12
right_child=1 2 5 6 -6 -7 -8 -9 9 -11 11 -13
leaf_value=-0.055209537656529396 0.058363917943928825 0.10516852869070925 0.00016509553565620096 0.031785863962862079 0.0087077420629928567 -0.020936840811686178 0.0041086207388360005 0.034832817262433535 -0.048908465525446441 0.010354029381394127 -0.02657897549534512 -0.05209910985478014
leaf_weight=291.99999592453241 92.873898506164551 6.4908285140991202 481.57454204559326 156.03914619982243 752.76324060559273 161.34263764321804 127.01522564888 179.39688441157341 6.9539026170968992 4.5317586064338684 20.947856672108173 96.774162352085114
leaf_count=3324 408 28 2345 636 3522 1165 524 734 74 26 209 1051
internal_value=-0.000454204 0.0107212 0.00270624 0.0305128 0.00966963 -0.00547739 0.0194244 0.0430437 -0.0513305 -0.0265695 -0.053208 -0.0478201
internal_weight=2378.7 1957.5 1402.17 555.325 759.254 642.917 283.054 272.271 421.208 11.4857 409.722 117.722
internal_count=14046 9362 7060 2302 3550 3510 1160 1142 4684 100 4584 1260
cat_boundaries=0 1 2 3 4 5
cat_threshold=48 1 1 1 12
is_linear=0
shrinkage=0.05


Tree=23
num_leaves=12
num_cat=3
split_feature=0 0 43 44 38 2 1 43 25 33 33
split_gain=522.833 131.649 28.9863 28.1898 50.5942 45.5162 22.6331 2.1903 4.23581 0.752612 2.84007
threshold=0 1 43.800000000000004 45.20000000000001 9.8517855000000019 6.5000000000000009 2 38.900000000000006 8.8763890000000014 34.650000000000013 34.750000000000007
decision_type=1 1 2 2 2 2 1 2 2 2 2
left_child=7 2 6 4 -3 -5 -2 9 -9 -1 -11
right_child=1 3 -4 5 -6 -7 -8 8 -10 10 -12
leaf_value=-0.054765489173975682 0.043490644615533681 -0.00023590290301926263 -0.051881253788762106 -0.044462892461871392 0.024024921259035523 0.0061838967771369636 0.023055434372753165 -0.048801236980125423 0.0095675431681310069 -0.010650437149190081 -0.048981674149658094
leaf_weight=287.9806501865387 272.00774079561234 938.61791304498911 9.3367564827203733 77.543738059699535 277.6994961053133 101.44911652803421 278.60037529468536 7.1297897771000844 4.5747607499361038 5.7501243352890006 98.389217890799046
leaf_count=3418 1154 4760 39 396 1381 496 1141 79 26 63 1096
internal_value=0.000122419 0.0108829 0.0311472 0.00257079 0.00531831 -0.0158826 0.0332112 -0.0508883 -0.0270302 -0.0528244 -0.0469866
internal_weight=2359.08 1955.26 559.945 1395.31 1216.32 178.993 550.608 403.825 11.7046 392.12 104.139
internal_count=14049 9367 2334 7033 6141 892 2295 4682 105 4577 1159
cat_boundaries=0 1 2 3
cat_threshold=48 1 1
is_linear=0
shrinkage=0.05


Tree=24
num_leaves=13
num_cat=3
split_feature=0 0 4 34 1 34 2 38 4 2 37 30
split_gain=482.502 103.095 29.9591 44.0613 26.0245 30.2865 22.3827 14.1081 2.26887 5.29059 14.5006 1.4818
threshold=0 1 0.022575936829235404 20.350000000000005 2 20.350000000000005 11.500000000000002 8.2910715000000028 0.7090011537757156 2.5000000000000004 34.500000000000007 38.900000000000006
decision_type=1 1 2 2 1 2 2 2 2 2 2 2
left_child=8 2 7 -4 5 -3 -6 -2 -1 10 -10 -11
right_child=1 4 3 -5 6 -7 -8 -9 9 11 -12 -13
leaf_value=-0.054642146209351906 0.049965594622636125 -0.037861268301913005 -0.07355319688143154 0.021665366979347466 -0.0072992993501636008 0.010944332030767938 0.030356166873498482 0.024389706241522015 -0.045487993457770715 -0.050585528251024164 0.044190402523752392 -0.011395759532992038
leaf_weight=272.32377520948648 161.5436609685421 32.283066421747208 11.690671250224112 304.61545638740063 604.70516180992126 722.61904591321945 41.232914865016937 85.625155225396156 14.23340015858412 92.489496037364006 5.4942042008042327 3.1635521203279486
leaf_count=3387 697 155 50 1248 3322 3366 216 364 156 1073 52 22
internal_value=-0.000286966 0.00984267 0.0277161 0.0179254 0.00249334 0.00880985 -0.00485239 0.0412395 -0.0504575 -0.0445316 -0.0195852 -0.0494207
internal_weight=2352.02 1964.32 563.475 316.306 1400.84 754.902 645.938 247.169 387.704 115.381 19.7276 95.653
internal_count=14108 9418 2359 1298 7059 3521 3538 1061 4690 1303 208 1095
cat_boundaries=0 1 2 3
cat_threshold=48 1 1
is_linear=0
shrinkage=0.05


Tree=25
num_leaves=13
num_cat=3
split_feature=0 0 44 44 32 33 34 21 33 43 1 35
split_gain=453.759 110.489 25.0661 58.3454 32.0966 24.5844 49.7604 18.3089 3.13253 5.33852 10.2185 0.850062
threshold=0 1 45.20000000000001 43.000000000000007 26.971428500000005 36.850000000000001 24.450000000000003 26.800000000000001 34.550000000000004 5.7500000000000009 2 69.220238000000009
decision_type=1 1 2 2 2 2 2 2 2 2 1 2
left_child=8 5 3 -3 -4 6 -2 -7 -1 11 -11 -10
right_child=1 2 4 -5 -6 7 -8 -9 9 10 -12 -13
leaf_value=-0.054214302317803144 0.033278533321936886 0.0015737040603633649 0.01445985691399791 0.042601052971030479 -0.030668539598346839 0.079758846903416225 -0.0061929198500261596 -0.011005089317977688 -0.052507344796870463 0.0034613036544479977 -0.052737408681497414 -0.02938202642266597
leaf_weight=269.02485539019108 421.05519010126591 1124.9321384355426 58.743939131498337 92.897304683923721 115.72219708561897 34.693115219473839 98.127878829836845 6.3142884671688071 61.987443968653679 16.405650436878204 14.737142555415632 8.9488759189844114
leaf_count=3492 1780 5677 285 453 589 142 408 26 757 164 166 109
internal_value=0.000105615 0.00980604 0.00217787 0.0047357 -0.0154777 0.028358 0.0258207 0.0658538 -0.049747 -0.0423879 -0.023946 -0.050039
internal_weight=2323.59 1952.49 1392.3 1217.83 174.466 560.19 519.183 41.0074 371.104 102.079 31.1428 70.9363
internal_count=14048 9360 7004 6130 874 2356 2188 168 4688 1196 330 866
cat_boundaries=0 1 2 3
cat_threshold=48 1 1
is_linear=0
shrinkage=0.05


Tree=26
num_leaves=12
num_cat=5
split_feature=0 0 0 43 37 1 1 4 2 40 43
split_gain=417.891 95.4505 27.9848 27.023 26.1871 25.0991 15.4841 2.80493 5.35697 15.3055 1.62433
threshold=0 1 2 43.800000000000004 32.500000000000007 3 4 0.7090011537757156 2.5000000000000004 7.2000000000000002 38.900000000000006
decision_type=1 1 1 2 2 1 1 2 2 2 2
left_child=7 3 4 5 -3 -2 -4 -1 9 -9 -10
right_child=1 2 6 -5 -6 -7 -8 8 10 -11 -12
leaf_value=-0.05412899427138676 0.038853971506542392 -0.012123704667710282 -0.0015151331774730893 -0.058212861574323677 0.0098030468819698263 0.017373879509492342 -0.021507935292997118 -0.04739236093917247 -0.049913703313041569 0.043925375804595719 -0.019514322854319349
leaf_weight=246.95056617259979 267.56263536214828 161.82182995975018 242.39773139357567 8.3631955832242948 833.89107909798622 281.50640684366226 160.46698859333992 12.625303603708746 83.180698484182358 5.9959897994995108 6.4641578644514075
leaf_count=3360 1163 768 1181 35 3909 1157 1176 151 1060 56 50
internal_value=-0.000406711 0.00872734 0.00168055 0.0260328 0.00616906 0.0278928 -0.00928226 -0.0494439 -0.0428848 -0.0172483 -0.0479611
internal_weight=2311.23 1956.01 1398.58 557.432 995.713 549.069 402.865 355.217 108.266 18.6213 89.6449
internal_count=14066 9389 7034 2355 4677 2320 2357 4677 1317 207 1110
cat_boundaries=0 1 2 3 4 5
cat_threshold=48 1 12 1 1
is_linear=0
shrinkage=0.05


Tree=27
num_leaves=12
num_cat=5
split_feature=0 0 0 1 22 5 5 43 4 1 43
split_gain=396.951 82.7472 28.6102 25.7198 23.2121 21.3428 21.1646 15.0288 3.04916 4.69982 6.93013
threshold=0 1 2 3 89.020833500000023 -0.46800559042974538 0.73136292505298039 24.200000000000006 0.7210268013660811 4 38.900000000000006
decision_type=1 1 1 1 2 2 2 2 2 1 2
left_child=8 3 4 7 -3 -5 -4 -2 -1 10 -10
right_child=1 2 6 5 -6 -7 -8 -9 9 -11 -12
leaf_value=-0.053901742911817312 0.029971374366907139 0.0080019304638291565 -0.015749769661592972 -0.0028814533976063753 -0.038962718040025539 0.025411962621815262 0.010996679158653164 0.058891299069038817 -0.035639234977330687 -0.053669165374245424 0.031252561366844511
leaf_weight=237.7107572928071 205.6837954223156 968.88744583725929 302.14769965410233 105.90680938959122 26.06474170088768 177.97694098949432 97.04177437722683 59.032558888196945 50.999298825860023 48.415996633470058 3.4298571348190299
leaf_count=3381 895 4539 1825 435 123 734 521 265 635 637 26
internal_value=-0.000111031 0.00869111 0.00214219 0.0249644 0.00666677 0.0148836 -0.00901138 0.036618 -0.0490215 -0.0420519 -0.0309363
internal_weight=2283.3 1942.74 1394.14 548.6 994.952 283.884 399.189 264.716 340.556 102.845 54.4292
internal_count=14016 9337 7008 2329 4662 1169 2346 1160 4679 1298 661
cat_boundaries=0 1 2 3 4 5
cat_threshold=48 1 12 1 1
is_linear=0
shrinkage=0.05


Tree=28
num_leaves=12
num_cat=3
split_feature=0 0 2 33 5 39 34 39 33 40 1
split_gain=373.051 71.7941 27.754 41.0871 23.6525 77.6773 36.427 15.9525 2.76878 4.92923 9.25081
threshold=0 1 6.5000000000000009 36.850000000000001 0.33222858587828868 18.750000000000004 23.550000000000004 17.450000000000003 34.550000000000004 3.1500000000000008 2
decision_type=1 1 2 2 2 2 2 2 2 2 1
left_child=8 2 3 -2 5 -3 -6 -4 -1 -10 -11
right_child=1 4 7 -5 6 -7 -8 -9 9 10 -12
leaf_value=-0.053481675028971221 0.0069493426194022021 -0.029460137430267708 0.015474852630578512 0.060394551365489879 0.0055288136827266699 0.005484769706658385 0.045364147820170432 0.045115142607031609 -0.053159428593858818 -0.0076829379217285736 -0.052457595288529196
leaf_weight=232.9634635746479 270.73610369861126 208.45529921352863 64.131444573402405 40.537419214844704 462.65765561908484 659.61678998917341 64.585502922534943 167.13910536468029 47.424590989947319 24.931178472936153 21.14385162293911
leaf_count=3460 1123 1120 287 169 2259 3326 314 737 656 286 281
internal_value=-0.000205633 0.00820069 0.0234679 0.0140807 0.00212716 -0.002931 0.0104851 0.0369979 -0.0487396 -0.0416411 -0.0289079
internal_weight=2264.32 1937.86 542.544 311.274 1395.32 868.072 527.243 231.271 326.463 93.4996 46.075
internal_count=14018 9335 2316 1292 7019 4446 2573 1024 4683 1223 567
cat_boundaries=0 1 2 3
cat_threshold=48 1 1
is_linear=0
shrinkage=0.05


Tree=29
num_leaves=14
num_cat=4
split_feature=0 0 2 26 1 19 2 44 7 35 1 4 2
split_gain=356.454 64.5002 25.2478 35.8391 23.3059 23.0302 19.2539 14.7693 2.19172 6.33709 6.3487 0.653564 4.52267
threshold=0 1 9.5000000000000018 14.950000000000001 2 25.111111500000003 11.500000000000002 40.500000000000007 30.522916500000004 66.50892850000001 3 0.7090011537757156 2.5000000000000004
decision_type=1 1 2 2 1 2 2 2 2 2 1 2 2
left_child=8 2 3 -2 5 -3 -6 -4 11 -10 -11 -1 -13
right_child=1 4 7 -5 6 -7 -8 -9 9 10 -12 12 -14
leaf_value=-0.053460092664943171 -0.021464774928386408 0.08854765402443103 0.05207975957710647 0.022463659633898885 -0.0075091829107407602 0.0068469688205389321 0.027525112847603714 -0.0033141066261826988 -0.048907579007160001 0.064624852496354926 -0.037166164732730184 -0.019471412306106377 -0.050813206579462505
leaf_weight=218.79272150620818 51.93171638250351 7.7346133440732947 89.311155840754509 387.4716724306345 590.31840536743402 753.30732280015945 41.027679830789566 13.749594524502752 9.2871846482157689 2.3271197676658621 1.9517410323023794 15.941187269985674 66.808580536395311
leaf_count=3413 219 33 412 1633 3255 3496 211 62 131 24 23 196 933
internal_value=-0.000454879 0.00765704 0.022124 0.0172349 0.0018916 0.00779242 -0.00519257 0.0447287 -0.0488285 -0.0273109 0.0199493 -0.051317 -0.04508
internal_weight=2249.96 1934.85 542.464 439.403 1392.39 761.042 631.346 103.061 315.109 13.566 4.27886 301.542 82.7498
internal_count=14041 9321 2326 1852 6995 3529 3466 474 4720 178 47 4542 1129
cat_boundaries=0 1 2 3 4
cat_threshold=48 1 1 1
is_linear=0
shrinkage=0.05


Tree=30
num_leaves=12
num_cat=4
split_feature=0 0 4 32 33 36 34 1 33 40 1
split_gain=329.478 60.6054 26.1282 30.4838 22.704 41.0043 17.9763 5.3626 3.18885 5.05098 9.30913
threshold=0 1 0.9916835347852474 29.217262000000002 36.850000000000001 94.500000000000014 26.400000000000002 2 34.550000000000004 3.1500000000000008 3
decision_type=1 1 2 2 2 2 2 1 2 2 1
left_child=8 4 3 -3 5 -2 -6 -4 -1 -10 -11
right_child=1 2 7 -5 6 -7 -8 -9 9 10 -12
leaf_value=-0.053283157114611117 -0.013769046643345002 0.00091398983231041116 -0.015518063498222039 0.027930128368199116 0.074323525651958752 0.025052139242691319 -0.0088383287070954494 -0.046217640185358448 -0.052664127322659994 -0.0059690196818431678 -0.051844867267185672
leaf_weight=212.80327355861664 80.378621578216553 1219.7205881997943 31.195927947759628 113.19865036010742 31.579904571175575 422.20615524053574 7.8696485310792914 27.780749537050724 43.146174944937229 24.127556599676609 19.889974653720856
leaf_count=3462 331 6112 152 568 134 1839 33 161 649 286 288
internal_value=-0.000290739 0.0073526 0.00176457 0.00322756 0.0213816 0.0188284 0.0579255 -0.0305085 -0.048076 -0.0403561 -0.0273899
internal_weight=2233.9 1933.93 1391.9 1332.92 542.034 502.585 39.4496 58.9767 299.967 87.1637 44.0175
internal_count=14015 9330 6993 6680 2337 2170 167 313 4685 1223 574
cat_boundaries=0 1 2 3 4
cat_threshold=48 1 1 1
is_linear=0
shrinkage=0.05


Tree=31
num_leaves=12
num_cat=3
split_feature=0 0 4 34 0 39 37 2 4 42 2
split_gain=305.976 62.3718 24.7401 40.8339 23.5983 21.2866 20.8204 10.0562 3.65559 7.93288 21.74
threshold=0 1 0.039769539193789956 20.350000000000005 2 17.650000000000002 32.500000000000007 10.500000000000002 0.7090011537757156 5.5000000000000009 2.5000000000000004
decision_type=1 1 2 2 1 2 2 2 2 2 2
left_child=8 2 5 -4 6 -2 -3 -6 -1 -10 -11
right_child=1 4 3 -5 7 -7 -8 -9 9 10 -12
leaf_value=-0.053063974602486644 0.010961692455868598 -0.010774121155021146 -0.075100179170422984 0.016086574302998643 -0.012281849336845407 0.044003529284012723 0.0086975004485678655 0.010350279307363876 -0.052767942930226665 0.065231038653563403 -0.036572031472519216
leaf_weight=197.98253591731191 70.817607045173645 163.18357503414154 11.834437891840933 291.67665556073189 338.52472754567862 161.42894911766052 839.98066771030426 56.592939391732216 49.680832799524069 5.2062454894185057 34.83422664180398
leaf_count=3387 325 772 50 1219 2035 727 3913 301 759 52 495
internal_value=-0.00021965 0.00701816 0.0213604 0.0122961 0.00139902 0.0340185 0.00546805 -0.00880013 -0.0473339 -0.0394617 -0.0220682
internal_weight=2221.74 1934.04 535.758 303.511 1398.28 232.247 1003.16 395.118 287.704 89.7213 40.0405
internal_count=14035 9342 2321 1269 7021 1052 4685 2336 4693 1306 547
cat_boundaries=0 1 2 3
cat_threshold=48 1 12
is_linear=0
shrinkage=0.05


Tree=32
num_leaves=13
num_cat=3
split_feature=0 0 44 44 32 2 34 31 33 42 1 11
split_gain=286.251 54.6044 26.1301 49.6397 35.1304 24.5559 32.7077 14.3451 4.14036 11.9365 15.3656 0.26558
threshold=0 1 45.20000000000001 43.000000000000007 26.922619500000003 9.5000000000000018 20.350000000000005 40.850000000000009 34.550000000000004 5.5000000000000009 2 74.500000000000014
decision_type=1 1 2 2 2 2 2 2 2 2 1 2
left_child=8 5 3 -3 -4 6 -2 -7 11 -10 -11 -1
right_child=1 2 4 -5 -6 7 -8 -9 9 10 -12 -13
leaf_value=-0.018629667377858958 -0.065882725744283874 0.00095156800096721185 0.015701852434610763 0.038334196766531506 -0.032184395623060018 0.046679958584571968 0.017335292665255436 -0.030322179215278119 -0.052515555545339813 0.018521108319203353 -0.050815140377856283 -0.052904079658916685
leaf_weight=1.9578821770846833 11.177864015102385 1122.6338184028864 55.815606042742729 95.436869531869888 117.68417370319366 97.690167546272278 425.89241372048855 5.7808084636926642 50.850039836019278 17.109873712062836 13.402142070233824 193.91179198026657
leaf_count=32 48 5654 270 456 610 468 1814 26 829 198 197 3462
internal_value=-0.000293387 0.00660673 0.00131072 0.00390957 -0.0167775 0.0199427 0.0150615 0.0421289 -0.0467891 -0.0378738 -0.0125803 -0.0526578
internal_weight=2209.34 1932.11 1391.57 1218.07 173.5 540.541 437.07 103.471 277.232 81.3621 30.512 195.87
internal_count=14064 9346 6990 6110 880 2356 1862 494 4718 1224 395 3494
cat_boundaries=0 1 2 3
cat_threshold=48 1 1
is_linear=0
shrinkage=0.05


Tree=33
num_leaves=12
num_cat=2
split_feature=0 0 33 34 5 39 37 21 4 42 2
split_gain=269.886 45.8101 23.1227 37.7325 20.9849 65.0072 34.3167 16.938 3.35235 6.94356 14.5097
threshold=0 1 36.850000000000001 24.450000000000003 0.3484035575467645 18.750000000000004 26.500000000000004 26.550000000000004 0.7090011537757156 5.5000000000000009 2.5000000000000004
decision_type=1 1 2 2 2 2 2 2 2 2 2
left_child=8 2 3 -2 5 -3 -6 -4 -1 -10 -11
right_child=1 4 7 -5 6 -7 -8 -9 9 10 -12
leaf_value=-0.052708785031148619 0.022745181821640127 -0.027513207145906105 0.074938648604051569 -0.011902837478334165 -0.037908770948661449 0.0043281684965351093 0.012657280768587409 -0.0024815374419037165 -0.052307121541490698 0.048736740481125924 -0.034804002213734468
leaf_weight=178.53885427862406 397.89006382226944 210.3327097594738 28.239961013197899 97.181461200118065 35.030211798846722 662.91580226272345 494.11211596429348 9.2326708585023862 46.179575961083174 5.1968982964754096 34.265916038304567
leaf_count=3349 1760 1146 123 408 186 3328 2382 39 774 49 510
internal_value=-0.000375649 0.00618212 0.0185266 0.0159336 0.00138674 -0.00336392 0.00924452 0.0562948 -0.04672 -0.0391633 -0.0228698
internal_weight=2199.12 1934.93 532.544 495.072 1402.39 873.249 529.142 37.4726 264.181 85.6424 39.4628
internal_count=14054 9372 2330 2168 7042 4474 2568 162 4682 1333 559
cat_boundaries=0 1 2
cat_threshold=48 1
is_linear=0
shrinkage=0.05


Tree=34
num_leaves=12
num_cat=4
split_feature=0 0 4 8 1 1 34 41 4 42 30
split_gain=253.684 45.65 33.7825 64.999 36.5812 11.9516 34.2939 24.701 4.21754 8.27295 18.6841
threshold=0 1 -0.29343379936893915 33.150000000000013 2 3 25.150000000000002 56.70000000000001 0.7210268013660811 5.5000000000000009 1.4500000000000002
decision_type=1 1 2 2 1 1 2 2 2 2 2
left_child=8 5 4 -4 -3 6 -2 -7 -1 -10 -11
right_child=1 2 3 -5 -6 7 -8 -9 9 10 -12
leaf_value=-0.052552684341393797 -0.0077878579431647334 0.032997453656344586 -0.0073367174416717751 0.018389467195333131 0.007328196280505306 -0.03562911041805307 0.057848998614169034 0.004604152346601084 -0.052051697159620908 0.045453824889341105 -0.037567959390410716
leaf_weight=172.00872728973627 218.76053130626678 275.33224929869175 525.51016446948051 459.18011070787907 280.33356347680092 94.34403569996357 20.882830753922462 63.249744601547718 42.968030847609043 7.8497894369065753 28.895347312092781
leaf_count=3375 1069 1266 2414 2068 1293 724 106 462 754 88 445
internal_value=5.99153e-05 0.00627774 0.0101714 0.00466639 0.0200837 -0.00868802 -0.00185155 -0.0195544 -0.0460621 -0.0372859 -0.0190978
internal_weight=2189.32 1937.59 1540.36 984.69 555.666 397.237 239.643 157.594 251.722 79.7132 36.7451
internal_count=14064 9402 7041 4482 2559 2361 1175 1186 4662 1287 533
cat_boundaries=0 1 2 3 4
cat_threshold=48 2 1 1
is_linear=0
shrinkage=0.05


Tree=35
num_leaves=12
num_cat=3
split_feature=0 0 1 37 2 34 34 6 4 42 30
split_gain=232.501 43.9682 25.0431 22.4748 39.7361 28.5388 18.5972 15.6863 4.19569 8.3595 13.665
threshold=0 1 2 32.500000000000007 3.5000000000000004 21.450000000000003 23.850000000000005 2.5000000000000004 0.74443451080969758 5.5000000000000009 1.4500000000000002
decision_type=1 1 1 2 2 2 2 2 2 2 2
left_child=8 2 7 5 -5 -3 -4 -2 -1 -10 -11
right_child=1 3 6 4 -6 -7 -8 -9 9 10 -12
leaf_value=-0.052145980474434674 0.0067556447369488976 -0.042698684860259233 0.019377174604362175 0.024280714238281792 -0.00066877906124230039 -0.0028466907478377984 -0.0064517651133985778 0.036194286451090324 -0.051773072911623266 0.039398425331573179 -0.034051040336129899
leaf_weight=168.62856282293797 59.954529047012329 61.180570892989635 149.04628416895866 189.39707846939564 985.95059207826853 162.45309603959322 129.41639526188374 190.38707959651947 39.792666058987379 7.3406576290726653 26.259993378072977
leaf_count=3446 266 321 637 914 4965 824 531 902 735 79 414
internal_value=-0.000603219 0.00528556 0.0174229 0.000597594 0.00336884 -0.0138907 0.00739296 0.0291989 -0.045676 -0.0364493 -0.0173298
internal_weight=2169.81 1927.79 528.804 1398.98 1175.35 223.634 278.463 250.342 242.022 73.3933 33.6007
internal_count=14034 9360 2336 7024 5879 1145 1168 1168 4674 1228 493
cat_boundaries=0 1 2 3
cat_threshold=48 1 1
is_linear=0
shrinkage=0.05


Tree=36
num_leaves=12
num_cat=3
split_feature=0 0 22 44 36 34 33 5 33 42 1
split_gain=217.766 46.7993 23.7218 24.6641 21.4243 32.2414 28.4071 7.74745 4.47518 10.9714 13.4371
threshold=0 1 88.805555500000011 45.20000000000001 99.500000000000014 24.450000000000003 36.850000000000001 0.75438814418115718 34.550000000000004 5.5000000000000009 2
decision_type=1 1 2 2 2 2 2 2 2 2 1
left_child=8 4 3 -3 6 -6 -2 -4 -1 -10 -11
right_child=1 2 7 -5 5 -7 -8 -9 9 10 -12
leaf_value=-0.052266578259851995 0.008342604557259858 0.0037200502815391899 -0.039183768406922337 -0.017183475563976435 0.04395715400329793 -0.072227463214737053 0.053221410220299609 0.020926662871555007 -0.05166284283342485 0.017447981943063639 -0.049997876145527836
leaf_weight=160.70823513716459 385.24771617352962 1189.0437358543277 47.06052465736866 159.10088753700256 102.02821119129658 5.4546044021844855 37.895745471119881 5.404261276125907 42.526368878781796 16.654712416231632 11.774376526474954
leaf_count=3446 1685 5945 240 813 482 23 168 25 834 198 191
internal_value=-0.000808494 0.00477892 -5.18839e-05 0.00124222 0.0172721 0.0374495 0.0124778 -0.0327164 -0.0454591 -0.0358465 -0.0112356
internal_weight=2162.9 1931.24 1400.61 1348.14 530.626 107.483 423.143 52.4648 231.664 70.9555 28.4291
internal_count=14050 9381 7023 6758 2358 505 1853 265 4669 1223 389
cat_boundaries=0 1 2 3
cat_threshold=48 1 1
is_linear=0
shrinkage=0.05


Tree=37
num_leaves=12
num_cat=2
split_feature=0 0 4 8 33 5 33 34 4 42 2
split_gain=206.811 41.5539 30.9829 57.0768 28.3155 13.2007 39.1504 29.5829 4.36544 7.39865 14.5723
threshold=0 1 -0.27694604220087021 33.150000000000013 32.350000000000001 0.73136292505298039 32.550000000000004 22.850000000000005 0.7090011537757156 5.5000000000000009 2.5000000000000004
decision_type=1 1 2 2 2 2 2 2 2 2 2
left_child=8 5 4 -4 -3 7 -7 -2 -1 -10 -11
right_child=1 2 3 -5 -6 6 -8 -9 9 10 -12
leaf_value=-0.052089209077332325 -0.058432925602140542 0.013234907097047919 -0.0081259163927673989 0.016166565703934196 0.044535162468502226 0.041002132904577979 -0.022580613226826342 -0.0091372896933404699 -0.051430114593855714 0.04909561252902072 -0.032687816901266001
leaf_weight=148.73572752997279 33.499792456626892 469.15813800692558 514.18530111014843 454.72724360227585 84.842251926660538 43.451149918138981 52.216530703008175 263.94378588348627 37.465322200208902 5.6296689584851256 31.303650390356779
leaf_count=3365 207 2173 2376 2046 390 226 288 1626 753 52 514
internal_value=-0.000512818 0.00488361 0.00862284 0.00327987 0.0181 -0.0094426 0.00642335 -0.0148664 -0.0448817 -0.0359254 -0.0192561
internal_weight=2139.16 1916.02 1522.91 968.913 554 393.111 95.6677 297.444 223.134 74.3986 36.9333
internal_count=14016 9332 6985 4422 2563 2347 514 1833 4684 1319 566
cat_boundaries=0 1 2
cat_threshold=48 2
is_linear=0
shrinkage=0.05


Tree=38
num_leaves=12
num_cat=3
split_feature=0 0 6 5 1 39 6 4 4 42 30
split_gain=190.9 35.5486 21.9062 25.928 20.9538 22.9545 20.3132 19.2061 4.79264 7.97712 13.8576
threshold=0 1 2.5000000000000004 -0.42179730054635828 2 20.150000000000002 27.000000000000004 0.99053107487289871 0.7210268013660811 5.5000000000000009 1.4500000000000002
decision_type=1 1 2 2 1 2 2 2 2 2 2
left_child=8 2 3 -2 5 -3 -4 -6 -1 -10 -11
right_child=1 4 6 -5 7 -7 -8 -9 9 10 -12
leaf_value=-0.051970703633527217 -0.041665731650216475 -0.0040769479833481052 0.026432458413829841 0.010514084808825427 -0.0047741589040730947 0.013307248609831705 -0.0031092048924790793 -0.046357952245059994 -0.05120572266878775 0.037375408449025795 -0.034164635288511644
leaf_weight=144.24532432109118 31.120733872056007 341.79679509997368 325.74976323544979 91.029075026512146 616.24025548249483 425.21693506836891 70.558533445000648 28.10320008546114 35.580213271081448 8.051587760448454 26.731664963066578
leaf_count=3410 134 1612 1474 396 3377 1926 317 166 752 88 456
internal_value=-0.000936381 0.00413322 0.0151921 -0.00301042 -1.5297e-05 0.00556528 0.0211783 -0.00665687 -0.0444608 -0.0347832 -0.0170229
internal_weight=2144.42 1929.82 518.458 122.15 1411.36 767.014 396.308 644.343 214.609 70.3635 34.7833
internal_count=14108 9402 2321 530 7081 3538 1791 3543 4706 1296 544
cat_boundaries=0 1 2 3
cat_threshold=48 1 1
is_linear=0
shrinkage=0.05


Tree=39
num_leaves=15
num_cat=1
split_feature=1 34 5 39 34 5 2 5 39 19 44 26 35 4
split_gain=29.3683 24.6513 34.0415 38.4183 29.9087 26.7297 23.6669 16.972 14.461 13.5929 12.9468 6.25096 7.14027 4.22939
threshold=0 20.350000000000005 0.57605713708605399 18.750000000000004 23.550000000000004 0.99349222267034765 11.500000000000002 0.95178258287705175 17.650000000000002 25.250694500000005 31.150000000000002 18.750000000000004 81.330357000000006 -0.039770090859911449
decision_type=1 2 2 2 2 2 2 2 2 2 2 2 2 2
left_child=1 5 3 -3 -4 9 7 8 -2 -1 -9 12 -8 -7
right_child=6 2 4 -5 -6 13 11 10 -10 -11 -12 -13 -14 -15
leaf_value=0.026384751273277475 -0.020661592452548921 -0.017398450522814666 0.016095521764023159 0.0080233156902766757 0.068799359159065251 0.011199543335439183 0.016037719776915683 -0.003954940327325053 -0.0038911515297737169 -0.056037633023111738 -0.055562102807598317 -0.018277507124655774 0.054681392341727246 0.08649208878676462
leaf_weight=5.1928275823593131 155.06649813055992 198.3544995971024 251.76453481242061 582.98683195561171 29.341251205652952 3.7485760226845741 40.227217763662338 19.659111518412828 733.25779380649328 35.534083146601915 31.535263378173113 7.5631267838180056 16.892756175249815 3.5381105169653884
leaf_count=30 1129 1353 1518 3655 165 24 270 136 5082 234 215 49 110 21
internal_value=-0.000261551 0.00533954 0.00693301 0.00155565 0.021821 -0.0293428 -0.00645447 -0.00847524 -0.00683855 -0.045148 -0.0361999 0.0225793 0.0282105 0.0537842
internal_weight=2114.66 1110.46 1062.45 781.341 281.106 48.0136 1004.2 939.519 888.324 40.7269 51.1944 64.6831 57.12 7.28669
internal_count=13991 7000 6691 5008 1683 309 6991 6562 6211 264 351 429 380 45
cat_boundaries=0 1
cat_threshold=1
is_linear=0
shrinkage=0.05


Tree=40
num_leaves=12
num_cat=4
split_feature=0 0 1 5 39 34 23 43 4 1 40
split_gain=180.551 36.3311 24.6954 22.5038 56.4671 33.9329 15.3002 14.9321 4.35366 6.2304 7.93808
threshold=0 1 2 0.33222858587828868 18.750000000000004 24.050000000000004 97.500000000000014 24.200000000000006 0.7090011537757156 3 3.1500000000000008
decision_type=1 1 1 2 2 2 2 2 2 1 2
left_child=8 2 7 4 -3 -5 -4 -2 -1 10 -10
right_child=1 3 6 5 -6 -7 -8 -9 9 -11 -12
leaf_value=-0.051818630622398526 0.020376663944674279 -0.028040408084378594 -0.0050862553889502475 0.0052147183753772034 0.0020214465773341901 0.066352428211763986 0.018483304935107702 0.050327925984588011 -0.049084100056074498 -0.051337216608814601 -0.0023082843973853285
leaf_weight=135.07725710049272 190.1890384554863 203.70734664052725 155.32676991820335 514.597919896245 658.84519395232201 22.759044028818607 122.2170926630497 53.532994598150253 13.828814230859278 31.259023401886225 23.626623958349228
leaf_count=3361 902 1138 645 2495 3303 105 531 268 294 657 356
internal_value=-0.000710514 0.00413089 0.0152605 -9.99834e-05 -0.00510245 0.00792257 0.00532175 0.0271342 -0.0441923 -0.0350113 -0.0204055
internal_weight=2124.97 1921.18 521.266 1399.91 862.553 537.357 277.544 243.722 203.792 68.7145 37.4554
internal_count=14055 9387 2346 7041 4441 2600 1176 1170 4668 1307 650
cat_boundaries=0 1 2 3 4
cat_threshold=48 1 1 1
is_linear=0
shrinkage=0.05


Tree=41
num_leaves=13
num_cat=3
split_feature=0 6 6 5 26 40 0 34 33 42 1 11
split_gain=172.248 29.8025 35.678 44.1317 32.845 31.1049 30.4204 13.6396 4.80492 10.3337 11.9719 0.40078
threshold=0 27.000000000000004 2.5000000000000004 -0.97874870457683605 14.65 41.050000000000004 1 23.250000000000004 34.550000000000004 5.5000000000000009 2 74.500000000000014
decision_type=1 2 2 2 2 2 1 2 2 2 1 2
left_child=8 2 3 -2 7 -6 -4 -3 11 -10 -11 -1
right_child=1 4 6 -5 5 -7 -8 -9 9 10 -12 -13
leaf_value=-0.014535883601748463 -0.07495486190408189 0.021866612275173978 0.024130858615860586 -0.001759475356976956 -0.056076810797338499 0.004136896518227658 0.0062043689012061601 -0.058088260135165486 -0.050928380582190583 0.016171456313108689 -0.049167744122220441 -0.051719923209275036
leaf_weight=1.6714749895036209 20.660311825573444 5.5628695338964453 324.4645162820816 419.20095040649176 23.244097448885441 185.10154248774052 894.3910670503974 42.025208599865437 35.088528908789158 16.917787496000528 10.575493209064009 132.10324639827013
leaf_count=36 103 28 1486 2037 114 921 4463 218 820 203 194 3418
internal_value=-0.000301177 0.00436432 0.00683824 -0.00535969 -0.0114637 -0.00281663 0.011241 -0.0484842 -0.0435975 -0.0333006 -0.00980527 -0.0513666
internal_weight=2111.01 1914.65 1658.72 439.861 255.934 208.346 1218.86 47.5881 196.357 62.5818 27.4933 133.775
internal_count=14041 9370 8089 2140 1281 1035 5949 246 4671 1217 397 3454
cat_boundaries=0 1 2 3
cat_threshold=48 1 1
is_linear=0
shrinkage=0.05


Tree=42
num_leaves=14
num_cat=5
split_feature=0 0 4 20 1 1 5 40 33 42 1 39 11
split_gain=164.963 28.2999 29.0161 59.337 24.8016 13.0075 30.0862 23.8225 5.19886 11.6684 12.4014 2.03013 0.326316
threshold=0 1 -0.29343379936893915 33.350000000000001 2 3 0.57605713708605399 65.65000000000002 34.550000000000004 6.5000000000000009 4 18.750000000000004 74.500000000000014
decision_type=1 1 2 2 1 1 2 2 2 2 1 2 2
left_child=8 5 4 -4 -3 6 -2 -7 12 11 -11 -10 -1
right_child=1 2 3 -5 -6 7 -8 -9 9 10 -12 -13 -14
leaf_value=-0.016176080746476029 -0.012451682782144305 0.027556765430398242 -0.010685101026157856 0.014032378022824372 0.0062917496772293621 -0.033261578192251354 0.024924446280050805 0.0084717498846460289 0.0081227211409975204 -0.046285367502803043 0.039768757773877915 -0.046864128688519698 -0.051599770677663796
leaf_weight=1.7855318672955025 163.7948599755764 273.91653592884541 452.06832011044025 522.23692141473293 275.08158707618713 98.332233443856239 78.969396367669106 51.623137108981609 1.461941510438918 6.0504454933106899 9.3277197033166868 43.02136879041791 127.07136535085738
leaf_count=38 855 1279 2114 2355 1276 780 338 379 26 111 103 981 3448
internal_value=0.000135324 0.00461702 0.00769993 0.00256451 0.0169325 -0.00722511 -0.000241136 -0.0189337 -0.0431215 -0.0321819 0.00515248 -0.0449181 -0.0512373
internal_weight=2104.74 1916.02 1523.3 974.305 548.998 392.72 242.764 149.955 188.718 59.8615 15.3782 44.4833 128.857
internal_count=14083 9376 7024 4469 2555 2352 1193 1159 4707 1221 214 1007 3486
cat_boundaries=0 1 2 3 4 5
cat_threshold=48 2 1 1 2
is_linear=0
shrinkage=0.05


Tree=43
num_leaves=12
num_cat=3
split_feature=0 1 34 5 4 0 40 44 4 42 5
split_gain=154.522 31.0304 29.7748 29.7169 20.676 16.8613 26.047 23.3876 4.60692 7.03867 10.8156
threshold=0 1 20.350000000000005 0.69521084835931835 0.21022171450811272 2 57.70000000000001 29.350000000000005 0.7090011537757156 5.5000000000000009 0.51849435583340198
decision_type=1 1 2 2 2 1 2 2 2 2 2
left_child=8 2 4 -4 -2 6 -3 -7 -1 -10 -11
right_child=1 5 3 -5 -6 7 -8 -9 9 10 -12
leaf_value=-0.051461000708962062 0.0015656674284526457 -0.035681580764448211 0.0073429765747128383 0.028713559419044094 -0.066665651755053887 0.028749800518515591 0.0064841262488023951 -0.0022117253256887771 -0.050540305420654352 -0.029604602022444283 0.042008294211640755
leaf_weight=117.57112357020378 24.062214016914368 88.463995464146137 749.79841209948063 207.17803619801998 19.54459348320961 65.933153003454208 61.559100173413754 686.30754205584526 30.311554070562124 27.432404030114412 5.5521342530846587
leaf_count=3365 112 720 3546 916 99 307 456 3172 759 503 50
internal_value=-0.000226851 0.00406399 0.0101442 0.0119947 -0.0298246 -0.00263754 -0.0173054 0.000529557 -0.0430025 -0.0334232 -0.0166689
internal_weight=2083.71 1902.85 1000.58 956.976 43.6068 902.264 150.023 752.241 180.867 63.2961 32.9845
internal_count=14005 9328 4673 4462 211 4655 1176 3479 4677 1312 553
cat_boundaries=0 1 2 3
cat_threshold=48 1 2
is_linear=0
shrinkage=0.05


Tree=44
num_leaves=13
num_cat=1
split_feature=0 33 8 34 39 35 39 44 4 5 42 43
split_gain=149.446 28.1918 30.0672 42.4047 37.3821 17.0413 17.2167 12.536 4.21482 6.986 11.7178 2.78831
threshold=0 31.450000000000003 33.250000000000007 24.450000000000003 22.750000000000004 88.062500000000014 21.650000000000002 38.350000000000009 0.7210268013660811 0.51849435583340198 5.5000000000000009 38.900000000000006
decision_type=1 2 2 2 2 2 2 2 2 2 2 2
left_child=8 5 3 -3 -4 7 -7 -2 -1 11 -11 -10
right_child=1 2 4 -5 -6 6 -8 -9 9 10 -12 -13
leaf_value=-0.051367780612475447 0.018129281352645327 0.0018930196171699023 0.022940009453625468 -0.022847876180267113 -0.0035826970082087615 -0.030708263098701789 0.018995075562401667 0.046805844278662918 -0.045580485502585859 -0.04453986128636378 0.049292645306905206 -0.0037974543260257602
leaf_weight=114.02770889922976 103.11454270780087 916.06002561748028 308.1340773999691 212.53221739083529 232.55588476359844 27.288999229669571 44.35860800743103 61.699289262294769 43.159139771014452 5.7650900296866876 5.5485123619437218 4.5998149365186682
leaf_count=3413 497 4543 1476 1062 1131 138 209 294 1045 141 48 49
internal_value=2.80403e-06 0.00413573 0.00186318 -0.00278219 0.0115468 0.0202774 -9.79502e-05 0.0290821 -0.0430271 -0.0335025 0.0017442 -0.0417166
internal_weight=2078.84 1905.74 1669.28 1128.59 540.69 236.461 71.6476 164.814 173.1 59.0726 11.3136 47.759
internal_count=14046 9350 8212 5605 2607 1138 347 791 4696 1283 189 1094
cat_boundaries=0 1
cat_threshold=48
is_linear=0
shrinkage=0.05


Tree=45
num_leaves=12
num_cat=2
split_feature=0 0 22 4 34 39 36 38 4 42 12
split_gain=137.047 30.2787 24.6423 21.178 20.9811 47.2011 47.0314 6.11539 4.50595 6.50502 12.0635
threshold=0 1 88.805555500000011 0.98667101781630184 23.850000000000005 18.650000000000002 94.500000000000014 7.6613095000000007 0.7090011537757156 5.5000000000000009 42.500000000000007
decision_type=1 1 2 2 2 2 2 2 2 2 2
left_child=8 4 3 -3 6 -6 -2 -4 -1 -10 -11
right_child=1 2 7 -5 5 -7 -8 -9 9 10 -12
leaf_value=-0.051239469084735305 -0.015767199106068854 0.0025478849492713111 -0.048375635510533116 -0.023958880931748389 -0.039441449356042269 0.014720044167532068 0.034376751351974176 -0.013597319710067755 -0.050181450714315713 0.034428833458380589 -0.033948232849345603
leaf_weight=107.85818406380713 59.151813074946404 1265.6348592564464 29.462137654423714 79.123211793601513 50.170450910925865 187.15818120539188 213.55005548894405 23.411809638142586 27.482753291726112 7.8359134308993843 23.67855205014348
leaf_count=3396 253 6325 155 421 214 830 1038 115 751 96 458
internal_value=-0.000414421 0.0034819 -0.000353522 0.000971629 0.0137776 0.00315304 0.0234821 -0.0335145 -0.0423981 -0.0327163 -0.0164106
internal_weight=2074.52 1907.66 1397.63 1344.76 510.031 237.329 272.702 52.8739 166.855 58.9972 31.5145
internal_count=14052 9351 7016 6746 2335 1044 1291 270 4701 1305 554
cat_boundaries=0 1 2
cat_threshold=48 1
is_linear=0
shrinkage=0.05


Tree=46
num_leaves=12
num_cat=5
split_feature=0 1 4 33 0 2 5 0 4 42 1
split_gain=127.997 25.2819 27.9255 46.452 40.9778 15.7639 19.4865 15.1059 5.46689 7.68847 11.9152
threshold=0 1 0.66527693225344786 34.550000000000004 2 11.500000000000002 0.97648852793709995 3 0.7090011537757156 5.5000000000000009 4
decision_type=1 1 2 2 1 2 2 1 2 2 1
left_child=8 2 4 -4 -2 6 -3 -7 -1 -10 -11
right_child=1 5 3 -5 -6 7 -8 -9 9 10 -12
leaf_value=-0.051130683782166099 0.026352961287790629 -0.0026761681980310651 -0.036512233266610329 0.0079923263440312194 0.0020501288347666009 0.03917853615836972 -0.043266315206279382 -0.0084357942938895134 -0.05004470529788916 0.011650070300330301 -0.049246269063587186
leaf_weight=102.53380131162703 348.58190450072289 825.60478673875332 78.268098250031471 224.31786815822124 352.50782090425491 31.420220002532005 29.676899038255215 27.239319816231728 26.84281998872757 18.964651007205248 12.572130843997003
leaf_count=3385 1656 4279 380 1026 1627 147 151 145 768 284 279
internal_value=-9.38237e-05 0.00359212 0.00908536 -0.00360175 0.0145584 -0.00240456 -0.00413346 0.0224504 -0.0414332 -0.0308047 -0.0133937
internal_weight=2078.53 1917.62 1003.68 302.586 701.09 913.941 855.282 58.6595 160.913 58.3796 31.5368
internal_count=14127 9411 4689 1406 3283 4722 4430 292 4716 1331 563
cat_boundaries=0 1 2 3 4 5
cat_threshold=48 1 9 5 1
is_linear=0
shrinkage=0.05


Tree=47
num_leaves=15
num_cat=2
split_feature=6 39 6 5 34 27 1 36 44 34 43 1 4 26
split_gain=23.7522 30.0934 29.2959 37.4305 31.5202 27.2028 16.4081 15.4951 14.5184 11.5174 10.5889 10.0072 8.26277 5.88976
threshold=27.000000000000004 19.450000000000003 2.5000000000000004 -0.97874870457683605 22.550000000000004 21.550000000000001 0 99.500000000000014 48.050000000000004 23.850000000000005 14.650000000000002 1 -0.88622299073327826 14.850000000000003
decision_type=2 2 2 2 2 2 1 2 2 2 2 1 2 2
left_child=2 7 3 -1 -5 10 8 12 -4 -8 -3 -7 -2 -9
right_child=1 5 6 4 -6 11 9 13 -10 -11 -12 -13 -14 -15
leaf_value=-0.072036644005049208 -0.017558372139270341 -0.061065286166646027 0.012905892222055773 -0.026187794897715218 0.0028032308898188049 0.025148175954325214 0.0058271865340706053 -0.037678160125774962 -0.017851371121679938 -0.0078404293776068376 0.0017259367632999876 -0.0034969125034562442 -0.052754517139194768 0.0068932758158825177
leaf_weight=21.27637336589396 24.329131212085485 19.86065713502467 643.94564345292747 131.16825273819268 322.04600386507809 64.115678628906608 353.44700372032821 8.9738354049622995 39.941160827875137 271.74606721661985 9.8215095512568933 56.931336672976613 63.303273405879736 28.013751693069935
leaf_count=152 177 136 4167 890 2155 421 2535 63 261 1941 67 404 468 205
internal_value=-0.000229941 -0.0138703 0.00188246 -0.00874957 -0.00562647 0.00118484 0.0057399 -0.0319441 0.0110861 -0.000116605 -0.0409093 0.0117574 -0.0432915 -0.00462772
internal_weight=2058.92 275.349 1783.57 474.491 453.214 150.729 1309.08 124.62 683.887 625.193 29.6822 121.047 87.6324 36.9876
internal_count=14042 1941 12101 3197 3045 1028 8904 913 4428 4476 203 825 645 268
cat_boundaries=0 1 2
cat_threshold=1 1
is_linear=0
shrinkage=0.05


Tree=48
num_leaves=13
num_cat=3
split_feature=0 0 35 39 2 32 38 33 42 1 24 11
split_gain=122.464 23.4694 23.8005 19.9469 10.5544 12.9766 11.5128 5.77757 10.8097 11.9257 2.87801 0.486749
threshold=0 1 58.401786000000008 20.250000000000004 10.500000000000002 28.529166500000006 5.9392855000000013 34.550000000000004 5.5000000000000009 2 26.500000000000004 74.500000000000014
decision_type=1 1 2 2 2 2 2 2 2 1 2 2
left_child=7 4 10 -4 5 -2 -6 11 -9 -10 -3 -1
right_child=1 2 3 -5 6 -7 -8 8 9 -11 -12 -13
leaf_value=-0.011617695851819928 -0.016162898265918709 -0.021578516706513996 0.0011577584321538815 0.012701546470221259 0.070316166658231857 0.0070067693858241551 0.0039224439396610394 -0.049953026731288923 0.021635675256871156 -0.047842597412834281 -0.075129159849171095 -0.051061515811035421
leaf_weight=1.4714242555201043 248.24976471066475 4.9366255849599829 688.72247056663036 819.03632135689259 6.5106692388653746 79.133255518972874 51.087761558592319 27.446050655096769 15.589416947215796 8.8493551537394524 8.1480730473995191 100.49304286576807
leaf_count=35 1535 23 3271 3704 35 497 269 842 193 197 38 3441
internal_value=0.000446367 0.00399837 0.00678847 0.00743277 -0.00690611 -0.0105582 0.0124992 -0.0409123 -0.0289925 -0.00441434 -0.0578919 -0.0506107
internal_weight=2059.67 1905.82 1520.84 1507.76 384.981 327.383 57.5984 153.849 51.8848 24.4388 13.0847 101.964
internal_count=14080 9372 7036 6975 2336 2032 304 4708 1232 390 61 3476
cat_boundaries=0 1 2 3
cat_threshold=48 2 1
is_linear=0
shrinkage=0.05


Tree=49
num_leaves=12
num_cat=2
split_feature=0 0 33 37 19 5 5 33 42 5 10
split_gain=107.9 24.4005 25.9496 39.4108 10.669 11.3198 10.5056 6.45464 11.1201 8.46496 0.479213
threshold=0 1 38.800000000000004 25.500000000000004 29.168750000000003 0.38043945030393422 0.77652048701313048 34.550000000000004 5.5000000000000009 -0.4295879841196229 56.645833500000002
decision_type=1 1 2 2 2 2 2 2 2 2 2
left_child=7 4 3 -3 6 -6 -2 10 -9 -10 -1
right_child=1 2 -4 -5 5 -7 -8 8 9 -11 -12
leaf_value=-0.011770688815366919 -0.016749242597186933 -0.070103719265704009 0.0741959646401988 0.0059673888715793899 0.0036959141239704904 0.073726256710557131 0.0035351885408036934 -0.049748138980009536 -0.046230090365023208 0.015481542779204003 -0.050956401725630707
leaf_weight=1.4855743255466212 250.12851493060589 16.225999340415001 12.721275389194487 1500.6304975003004 39.520744457840919 5.7821120694279662 85.17290460318327 25.651983117684722 6.9147217422723797 17.678724674507976 95.279014740139246
leaf_count=38 1583 79 57 6931 246 34 458 824 150 239 3423
internal_value=-0.000397642 0.00287296 0.00569349 0.005108 -0.00830378 0.0140333 -0.0116014 -0.0401107 -0.0273704 -0.00299775 -0.0504814
internal_weight=2057.19 1910.18 1529.58 1516.86 380.604 45.3029 335.301 147.01 50.2454 24.5934 96.7646
internal_count=14062 9388 7067 7010 2321 280 2041 4674 1213 389 3461
cat_boundaries=0 1 2
cat_threshold=48 2
is_linear=0
shrinkage=0.05


Tree=50
num_leaves=12
num_cat=3
split_feature=0 0 43 22 33 33 38 33 42 1 11
split_gain=101.834 25.0876 18.6022 17.797 19.5363 16.7161 6.07133 5.97299 9.70283 10.3268 0.44882
threshold=0 1 43.800000000000004 88.805555500000011 31.450000000000003 36.850000000000001 7.6613095000000007 34.550000000000004 5.5000000000000009 2 74.500000000000014
decision_type=1 1 2 2 2 2 2 2 2 1 2
left_child=7 2 5 4 -3 -2 -5 10 -9 -10 -1
right_child=1 3 -4 6 -6 -7 -8 8 9 -11 -12
leaf_value=-0.012430612887531993 0.010818065795594042 0.016574507476632531 -0.05577593966480137 -0.045007369719271981 -0.0020654181597209347 0.045727762237656316 -0.010334089714192377 -0.049551926863354308 0.01764763570814341 -0.047491366832648735 -0.050855856501252052
leaf_weight=1.5271205902099598 468.15524983406067 158.49108248949051 8.9385861307382566 27.784291587769985 1183.9391741603613 36.166706532239914 23.845530733466148 24.194996519014239 16.464675173163414 8.3523562308400887 90.786243796348572
leaf_count=38 2173 737 38 149 5992 169 119 817 203 194 3425
internal_value=-0.000594878 0.00253576 0.0118654 -0.000965204 0.000145963 0.0134071 -0.0294939 -0.0399388 -0.0276815 -0.00526575 -0.0503602
internal_weight=2048.65 1907.32 513.261 1394.06 1342.43 504.322 51.6298 141.325 49.012 24.817 92.3134
internal_count=14054 9377 2380 6997 6729 2342 268 4677 1214 397 3463
cat_boundaries=0 1 2 3
cat_threshold=48 1 1
is_linear=0
shrinkage=0.05


Tree=51
num_leaves=12
num_cat=2
split_feature=0 6 27 6 5 39 0 4 42 2 24
split_gain=99.7095 21.0901 25.7509 24.6304 36.4462 24.1122 22.9366 5.73307 7.02522 10.6174 4.83897
threshold=0 27.000000000000004 16.350000000000005 2.5000000000000004 -0.97874870457683605 19.450000000000003 1 0.7090011537757156 5.5000000000000009 2.5000000000000004 62.500000000000007
decision_type=1 2 2 2 2 2 1 2 2 2 2
left_child=7 3 10 4 -2 -4 -5 -1 -9 -10 -3
right_child=1 2 5 6 -6 -7 -8 8 9 -11 -12
leaf_value=-0.050751632346414825 -0.070926484537907591 -0.068871099280244583 -0.022816148946194326 0.020268143257294282 -0.0019407928262303933 0.0097187548943398153 0.0045183252245835151 -0.049284938245651444 0.0440239747481386 -0.026849104366681253 -0.017311951859381083
leaf_weight=85.167581349611282 19.077249422669411 19.248549699783329 102.00805758684874 309.27460040152073 414.28972639888525 126.46811508387327 908.16063357144594 21.607489010319114 5.8255151808261898 22.911250652745366 6.9386299252510062
leaf_count=3390 101 98 547 1470 2027 612 4505 745 49 493 36
internal_value=-2.83129e-05 0.0030113 -0.0103393 0.0050941 -0.00513391 -0.00484327 0.00873615 -0.0397842 -0.0283521 -0.0114844 -0.0563491
internal_weight=2040.98 1905.47 254.663 1650.8 433.367 228.476 1217.44 135.512 50.3443 28.7368 26.1872
internal_count=14073 9396 1293 8103 2128 1159 5975 4677 1287 542 134
cat_boundaries=0 1 2
cat_threshold=48 1
is_linear=0
shrinkage=0.05


Tree=52
num_leaves=13
num_cat=2
split_feature=0 34 34 5 39 5 4 33 42 1 4 10
split_gain=94.9395 21.5266 42.6482 26.1088 60.9676 34.5157 8.57921 5.42114 8.77252 9.47519 3.85006 0.486379
threshold=0 20.250000000000004 19.200000000000003 0.39629089145655316 14.850000000000003 0.97263757644091864 -0.039770090859911449 34.650000000000013 5.5000000000000009 1 -0.29343379936893915 56.645833500000002
decision_type=1 2 2 2 2 2 2 2 2 1 2 2
left_child=7 2 6 4 -3 -5 -2 11 -9 -10 -4 -1
right_child=1 3 10 5 -6 -7 -8 8 9 -11 -12 -13
leaf_value=-0.011361958979817149 0.0059830758033253585 -0.058517862831716241 -0.012173366245448871 0.017370593344827778 0.0015581414892461363 -0.014118610283723671 0.071102161642399686 -0.049238216372636534 -0.047042706219357869 0.017695659795910638 -0.065042185105875519 -0.050721527185537379
leaf_weight=1.4613553509116162 17.126493722200397 42.8045838996768 4.4180236309766761 511.1229108646512 1175.1172692701221 104.0489054992795 6.3067033886909476 22.244643874466419 7.7358368132263422 15.063319299370052 32.630093201994896 84.670478349551558
leaf_count=40 82 235 21 2446 5866 495 30 823 183 182 172 3486
internal_value=-0.000290238 0.00265497 -0.0264366 0.00364318 -0.000599541 0.0120303 0.0257017 -0.0397011 -0.0276092 -0.00532399 -0.0592232 -0.0501918
internal_weight=2024.75 1893.57 60.4813 1833.09 1217.92 615.172 23.4332 131.176 45.0438 22.7992 37.0481 86.1318
internal_count=14061 9347 305 9042 6101 2941 112 4714 1188 365 193 3526
cat_boundaries=0 1 2
cat_threshold=48 2
is_linear=0
shrinkage=0.05


Tree=53
num_leaves=12
num_cat=2
split_feature=0 0 4 20 33 5 44 32 4 42 2
split_gain=87.9449 20.1643 21.3195 44.3959 23.1116 10.737 13.3216 11.5142 6.02253 6.74602 10.3967
threshold=0 1 -0.30163705152652737 33.150000000000013 32.350000000000001 -0.98212955754013376 43.400000000000013 29.050297500000003 0.7090011537757156 5.5000000000000009 2.5000000000000004
decision_type=1 1 2 2 2 2 2 2 2 2 2
left_child=8 5 4 -4 -3 6 -2 -7 -1 -10 -11
right_child=1 2 3 -5 -6 7 -8 -9 9 10 -12
leaf_value=-0.050566939932724222 0.0014250598432838776 0.0086863811722823255 -0.011575963062834326 0.009925435939914122 0.036878171668045433 -0.013392782135296422 0.083637928001487949 0.013504644043868043 -0.048974743811010871 0.040197871388334125 -0.027134853823006122
leaf_weight=77.261476783081889 17.891028493642811 446.95957969129086 413.12640562653542 570.23455283045769 86.099006250500679 308.87654836475849 5.8190586045384398 44.829136781394482 20.037364536896348 6.5645337924361256 23.162713779136539
leaf_count=3385 122 2102 1953 2577 397 1878 35 276 758 55 517
internal_value=-0.000145523 0.00264857 0.00522387 0.000889755 0.0133004 -0.00755363 0.0241704 -0.0099553 -0.0386834 -0.0272212 -0.0114418
internal_weight=2020.86 1893.84 1516.42 983.361 533.059 377.416 23.7101 353.706 127.026 49.7646 29.7272
internal_count=14055 9340 7029 4530 2499 2311 157 2154 4715 1330 572
cat_boundaries=0 1 2
cat_threshold=48 2
is_linear=0
shrinkage=0.05


Tree=54
num_leaves=11
num_cat=1
split_feature=0 22 5 39 21 43 25 2 40 19
split_gain=86.3917 20.5556 20.0108 63.5443 41.0643 5.30512 4.34553 2.82591 6.18133 0.202647
threshold=0 55.000000000000007 0.29958852271690523 18.750000000000004 24.250000000000004 38.900000000000006 8.8763890000000014 2.5000000000000004 7.2000000000000002 30.604166500000002
decision_type=1 2 2 2 2 2 2 2 2 2
left_child=5 -2 3 -3 -4 7 -7 8 -1 -9
right_child=1 2 4 -5 -6 6 -8 9 -10 -11
leaf_value=-0.04542976724395003 -0.069663645811678998 -0.022017115478699608 0.0059627758942926998 0.005465659457642864 0.049410885658204028 -0.037417447606932962 0.038430274240097012 -0.050189314935572972 0.0062277100291461204 -0.027694304542122496
leaf_weight=15.794523626565935 8.7822696641087514 274.92034851014614 666.58516016602516 883.77809140831232 58.262751199305058 2.4979868009686461 3.11615851521492 84.803922506049275 8.5055166985839588 5.1477775182574979
leaf_count=658 46 1488 3227 4328 268 80 24 3592 166 150
internal_value=-8.18749e-05 0.00262085 0.00300858 -0.00106845 0.00951837 -0.0393775 0.00412742 -0.0449492 -0.0278171 -0.0492206
internal_weight=2012.19 1892.33 1883.55 1158.7 724.848 119.866 5.61415 114.252 24.3 89.9517
internal_count=14027 9357 9311 5816 3495 4670 104 4566 824 3742
cat_boundaries=0 1
cat_threshold=48
is_linear=0
shrinkage=0.05


Tree=55
num_leaves=12
num_cat=2
split_feature=0 37 33 44 37 34 30 4 1 42 4
split_gain=75.1956 21.496 42.2654 75.8818 34.7273 33.7199 16.4803 6.78023 7.95938 10.904 6.75528
threshold=0 32.500000000000007 37.100000000000009 41.600000000000001 33.500000000000007 24.450000000000003 1.0500000000000003 0.7090011537757156 1 5.5000000000000009 0.90162119223771342
decision_type=1 2 2 2 2 2 2 2 1 2 2
left_child=7 2 3 -2 6 -6 -3 -1 9 -9 -4
right_child=1 4 10 -5 5 -7 -8 8 -10 -11 -12
leaf_value=-0.050382808670164196 -0.0016731933527811553 0.021795924634529989 -0.021628413291653967 -0.064038517905178477 0.0074648048486717442 -0.010194365390087272 0.075584569584418573 -0.046595664685892442 -0.049251201746810511 0.017009209577057566 0.030898824692155047
leaf_weight=69.683396028354764 173.53473760187626 42.36492020636797 6.1032236218452445 66.872930712997913 1178.1957816034555 349.78960276395082 21.483210362493992 9.7200448140501994 18.148695869371295 17.220711417496204 59.601554334163666
leaf_count=3356 848 193 29 341 5812 1754 100 375 658 266 299
internal_value=0.000127829 0.00259375 -0.0095067 -0.0192144 0.00494148 0.00341821 0.0407809 -0.0373206 -0.0245758 -0.00678535 0.0257685
internal_weight=2012.72 1897.95 306.112 240.408 1591.83 1527.99 63.8481 114.773 45.0895 26.9408 65.7048
internal_count=14031 9376 1517 1189 7859 7566 293 4655 1299 641 328
cat_boundaries=0 1 2
cat_threshold=48 1
is_linear=0
shrinkage=0.05


Tree=56
num_leaves=12
num_cat=4
split_feature=0 1 34 5 5 2 0 4 4 1 5
split_gain=76.7822 22.6604 25.0807 27.3478 24.0034 15.3129 16.1772 15.7856 4.64209 5.41705 7.9662
threshold=0 1 20.350000000000005 0.69521084835931835 0.99349222267034765 11.500000000000002 2 0.69676570133721638 0.7090011537757156 3 0.51849435583340198
decision_type=1 1 2 2 2 2 1 2 2 1 2
left_child=8 2 4 -4 -2 7 -7 -3 -1 10 -10
right_child=1 5 3 -5 -6 6 -8 -9 9 -11 -12
leaf_value=-0.05030351969810825 -0.045282127988262678 -0.0094397659679640832 0.0049176240543910149 0.025446676525122933 0.05439529637220978 0.03985629686175244 -0.0088133795324209212 0.0053887807836813656 -0.027846184659205769 -0.04912172734205076 0.0335418196492452
leaf_weight=67.079469921067357 36.081724554300308 589.48714770376682 745.42582036554813 206.61849692463875 6.3372331708669654 29.535239219665527 28.713772252202034 257.07515116035938 20.507795963436369 17.37473476678133 6.0836770907044402
leaf_count=3387 182 3068 3555 916 29 139 151 1345 550 648 99
internal_value=3.35548e-05 0.00248971 0.00770879 0.00939499 -0.0294809 -0.00322118 0.0213602 -0.00493574 -0.0384163 -0.028108 -0.013095
internal_weight=2010.32 1899.27 994.463 952.044 42.419 904.811 58.249 846.562 111.046 43.9662 26.5915
internal_count=14069 9385 4682 4471 211 4703 290 4413 4684 1297 649
cat_boundaries=0 1 2 3 4
cat_threshold=48 1 5 1
is_linear=0
shrinkage=0.05


Tree=57
num_leaves=15
num_cat=1
split_feature=1 4 20 4 34 34 33 2 5 34 4 44 35 38
split_gain=22.6837 18.9484 68.6371 25.2396 18.3228 23.2996 22.5175 13.8296 16.0785 16.2233 11.6749 8.36168 5.11383 4.64239
threshold=0 0.55656748448714433 33.250000000000007 0.78325454425165997 20.250000000000004 19.200000000000003 33.850000000000001 11.500000000000002 0.97263757644091864 20.250000000000004 0.73865729060996177 31.150000000000002 81.330357000000006 7.2559525000000011
decision_type=1 2 2 2 2 2 2 2 2 2 2 2 2 2
left_child=1 4 10 -4 5 -1 -6 8 9 -2 -3 -10 -9 -14
right_child=7 2 3 -5 6 -7 -8 12 11 -11 -12 -13 13 -15
leaf_value=0.024884328716659104 -0.061718040785897321 -0.065293246417200676 0.032020932950219259 -0.0008596453685347339 0.009221391777995188 -0.060424650412919778 0.041368314713545268 0.0075233932389785754 -0.01033504519733487 -0.0046839355791298155 -0.026926939994827859 -0.061610757427685292 0.052354788660141566 -0.003052655345498079
leaf_weight=12.708181101828815 11.66478145867586 33.755991930142045 78.568786967545748 218.81596513837576 581.96119421720505 18.774810524657369 59.264132548123598 43.149066822603345 14.055029125884174 844.14193128980696 52.343550616875291 18.849890198558569 13.905210670083763 4.923215724527835
leaf_count=84 100 236 472 1387 3917 141 376 314 101 6251 362 144 95 35
internal_value=0.000320635 0.00536153 -0.00350289 0.00790557 0.0104125 -0.0262835 0.0122523 -0.00527942 -0.00687728 -0.00553244 -0.0425457 -0.0406596 0.0173781 0.0384437
internal_weight=2006.88 1056.19 383.484 297.385 672.708 31.483 641.225 950.689 888.712 855.807 86.0995 32.9049 61.9775 18.8284
internal_count=14015 6975 2457 1859 4518 225 4293 7040 6596 6351 598 245 444 130
cat_boundaries=0 1
cat_threshold=1
is_linear=0
shrinkage=0.05


Tree=58
num_leaves=12
num_cat=3
split_feature=0 0 20 34 4 32 21 37 4 1 42
split_gain=62.7156 21.0938 20.3419 34.963 16.538 23.5761 11.0605 8.72118 6.83003 7.25599 9.56416
threshold=0 1 36.150000000000013 24.450000000000003 0.98802474685579855 29.116071500000004 26.950000000000003 40.500000000000007 0.7090011537757156 2 5.5000000000000009
decision_type=1 1 2 2 2 2 2 2 2 1 2
left_child=8 2 3 -2 5 -3 -4 -6 -1 10 -10
right_child=1 4 6 -5 7 -7 -8 -9 9 -11 -12
leaf_value=-0.050220953126717129 0.013986890991668308 -0.0028650284716430444 0.051876392786029617 -0.020227350623674853 -0.03611407804985646 0.020407644737560637 -0.02294411382074954 0.0015687986756109655 -0.046238500641586758 -0.04881666162995376 0.014000666057720821
leaf_weight=63.775836359709501 359.07288977503777 1204.8437220081687 37.637803718447685 93.267370998859406 51.288994945585728 118.6189000159502 5.0849584192037574 21.622746787965298 9.1188745088875311 16.475747087970376 18.002574745565653
leaf_count=3371 1732 6058 178 405 275 570 23 114 373 655 283
internal_value=-0.00109023 0.00111845 0.00986892 0.00690325 -0.00203678 -0.000765319 0.04265 -0.0250688 -0.0363938 -0.0236549 -0.00717719
internal_weight=1998.81 1891.44 495.063 452.34 1396.37 1323.46 42.7228 72.9117 107.373 43.5972 27.1214
internal_count=14037 9355 2338 2137 7017 6628 201 389 4682 1311 656
cat_boundaries=0 1 2 3
cat_threshold=48 1 1
is_linear=0
shrinkage=0.05


Tree=59
num_leaves=13
num_cat=3
split_feature=0 26 5 34 33 44 34 0 33 42 1 11
split_gain=62.1919 19.5231 55.7584 29.6624 29.5913 22.5224 21.4518 13.4109 7.15406 9.25273 9.31777 0.71219
threshold=0 14.65 0.13185577213185917 20.350000000000005 32.750000000000007 45.20000000000001 23.250000000000004 1 34.550000000000004 5.5000000000000009 2 74.500000000000014
decision_type=1 2 2 2 2 2 2 1 2 2 1 2
left_child=8 2 6 4 -3 -5 -2 -4 11 -10 -11 -1
right_child=1 3 7 5 -6 -7 -8 -9 9 10 -12 -13
leaf_value=-0.0050796692539821203 0.041053375971396515 0.018900121696379169 0.023165454144077783 0.0081425616717554147 -0.060577675379772412 -0.0089672586533094765 -0.040757156726906114 -0.0054213593599455184 -0.04822713861003218 -0.045655007772956731 0.021467333086567335 -0.050171469044569705
leaf_weight=1.1296254862099875 7.8309629783034316 17.394432902336121 76.449439212679863 1343.8305144757032 32.555539831519127 223.58756838738918 112.99619723856449 75.103974483907223 16.751116439700127 6.5523803774267435 15.39287178963423 62.665519234724343
leaf_count=33 42 84 375 6583 188 1117 611 365 808 194 192 3421
internal_value=0.000237185 0.00238156 -0.00996638 0.00448067 -0.0330728 0.00569773 -0.0351615 0.0102194 -0.0357206 -0.0213868 0.000309748 -0.0494637
internal_weight=1992.24 1889.75 272.381 1617.37 49.95 1567.42 120.827 151.553 102.492 38.6964 21.9453 63.7951
internal_count=14013 9365 1393 7972 272 7700 653 740 4648 1194 386 3454
cat_boundaries=0 1 2 3
cat_threshold=48 5 2
is_linear=0
shrinkage=0.05


Tree=60
num_leaves=10
num_cat=3
split_feature=0 35 0 36 44 4 1 42 44
split_gain=57.3414 18.8583 16.8641 18.0516 14.5599 7.34206 7.49449 9.54956 6.97889
threshold=0 58.401786000000008 1 99.500000000000014 45.20000000000001 0.7090011537757156 2 5.5000000000000009 38.70000000000001
decision_type=1 2 1 2 2 2 1 2 2
left_child=5 8 3 -3 -4 -1 7 -7 -2
right_child=1 2 4 -5 -6 6 -8 -9 -10
leaf_value=-0.050053189413856725 0.0021024472147875106 0.0057477511191384931 0.0014824120415062609 0.030013245734412438 -0.014056713468929295 -0.045878766221904566 -0.048519568290331105 0.015137580492847162 -0.069015268967544716
leaf_weight=57.881426273845136 4.6497817412018803 393.19541555643082 1219.6966840475798 94.430728264153004 170.9853855073452 8.6328026354312914 15.404423633590339 18.249787649139762 11.750087738037108
leaf_count=3362 22 1827 6109 491 879 386 664 276 66
internal_value=-0.000120152 0.00191733 0.00240618 0.0102881 -0.000433746 -0.0350251 -0.0218653 -0.00539928 -0.0498896
internal_weight=1994.88 1894.71 1878.31 487.626 1390.68 100.168 42.287 26.8826 16.3999
internal_count=14082 9394 9306 2318 6988 4688 1326 662 88
cat_boundaries=0 1 2 3
cat_threshold=48 1 1
is_linear=0
shrinkage=0.05


Tree=61
num_leaves=12
num_cat=3
split_feature=0 37 33 44 34 39 38 4 1 5 0
split_gain=54.4891 20.551 37.7305 74.1116 30.1141 53.2947 31.2909 7.14149 7.40822 9.11102 6.00959
threshold=0 32.500000000000007 37.100000000000009 41.600000000000001 24.450000000000003 18.750000000000004 10.791369000000001 0.7090011537757156 1 0.51849435583340198 2
decision_type=1 2 2 2 2 2 2 2 1 2 1
left_child=7 2 3 -2 6 -6 -3 -1 9 -9 -4
right_child=1 4 10 -5 5 -7 -8 8 -10 -11 -12
leaf_value=-0.049964210355110346 -0.0014974905973878091 0.0053509665888893457 0.0334948118891365 -0.063030811377181015 -0.041424602186457028 0.0026883461665424117 0.030592370081147853 -0.021693452648535099 -0.048329919938227106 0.043575110480240875 0.00081818877333447628
leaf_weight=55.013182529248297 172.64802560210228 1066.2094263210893 35.1315688341856 67.316268488764763 89.355088397860527 282.22304903715849 137.87974511086941 19.270804239436988 14.876901738345621 6.2714566942304364 31.795320272445679
leaf_count=3356 853 5294 169 352 492 1363 653 534 673 103 165
internal_value=0.0001531 0.00210812 -0.00969785 -0.0189491 0.00442563 -0.00800241 0.00826434 -0.0346593 -0.0214929 -0.00462994 0.023263
internal_weight=1977.99 1882.56 306.891 239.964 1575.67 371.578 1204.09 95.4323 40.4192 25.5423 66.9269
internal_count=14007 9341 1539 1205 7802 1855 5947 4666 1310 637 334
cat_boundaries=0 1 2 3
cat_threshold=48 1 5
is_linear=0
shrinkage=0.05


Tree=62
num_leaves=13
num_cat=2
split_feature=0 37 21 34 39 44 0 42 33 42 5 11
split_gain=53.5281 17.311 36.9429 32.4327 51.8705 32.0345 27.4941 7.02955 6.12414 7.39765 5.78617 0.722523
threshold=0 32.500000000000007 24.750000000000004 24.450000000000003 18.750000000000004 37.250000000000007 1 4.5000000000000009 34.650000000000013 5.5000000000000009 -0.4295879841196229 74.500000000000014
decision_type=1 2 2 2 2 2 1 2 2 2 2 2
left_child=8 2 5 6 -5 -2 -3 -4 11 -10 -11 -1
right_child=1 3 7 4 -6 -7 -8 -9 9 10 -12 -13
leaf_value=-0.0046387124935452712 0.0051181786118186783 0.014744480086015754 0.03195394092643003 -0.042746369190875481 0.0011404041401977517 -0.033142550069534732 -0.00033371963041288916 -0.0046359515623733338 -0.047772977958995572 -0.04413645603204578 0.012566087150640252 -0.050010296736344877
leaf_weight=1.1098480187356461 86.825670547783375 626.81956402957439 50.809290282428265 87.298835635185242 283.27337621152401 145.80419776588678 583.04688753187656 17.270285420119762 14.873024484142659 5.1135304961353567 16.063945535570383 56.018304167315364
leaf_count=35 428 2972 251 495 1368 757 2998 83 807 131 242 3479
internal_value=-0.000386942 0.00153828 -0.00943009 0.0036396 -0.00928559 -0.0189015 0.00760288 0.0227392 -0.0352759 -0.021962 -0.00249814 -0.0492238
internal_weight=1974.33 1881.15 300.709 1580.44 370.572 232.63 1209.87 68.0796 93.1787 36.0505 21.1775 57.1282
internal_count=14046 9352 1519 7833 1863 1185 5970 334 4694 1180 373 3514
cat_boundaries=0 1 2
cat_threshold=48 9
is_linear=0
shrinkage=0.05


Tree=63
num_leaves=13
num_cat=3
split_feature=0 6 27 39 0 4 1 4 2 42 26 43
split_gain=49.9473 17.6253 23.4874 21.3532 16.7355 19.0279 16.8436 5.26874 5.47792 5.97514 4.38712 2.45556
threshold=0 27.000000000000004 16.250000000000004 19.050000000000004 1 0.9916835347852474 2 0.7090011537757156 2.5000000000000004 5.5000000000000009 19.850000000000005 38.900000000000006
decision_type=1 2 2 2 1 2 1 2 2 2 2 2
left_child=7 4 10 -4 6 -6 -2 -1 9 -9 -3 -10
right_child=1 2 3 -5 5 -7 -8 8 11 -11 -12 -13
leaf_value=-0.049796494835405457 0.022824727712200895 -0.073241150792921386 -0.023852117255655756 0.0070597353329477286 0.0015061863341786299 -0.027494402209358244 0.002754125336525652 -0.039331879708641125 -0.040292438776852763 0.03495835987454457 -0.024218319335961087 0.0011599273975974257
leaf_weight=49.943760354071856 189.92889195680618 15.193911157548429 95.952165834605694 131.04482342302799 1154.3687345460057 58.472617447376251 231.71168984472752 3.3323378786444646 25.139449587091807 6.2873776853084564 8.2646031901240331 4.0745282154530278
leaf_count=3349 1008 80 530 635 5744 315 1023 160 1046 52 42 51
internal_value=-0.000600945 0.00122003 -0.0110984 -0.00605408 0.0031207 8.58253e-05 0.0115542 -0.0350761 -0.024175 0.00794332 -0.0576664 -0.034664
internal_weight=1973.71 1884.94 250.456 226.997 1634.48 1212.84 421.641 88.7775 38.8337 9.61972 23.4585 29.214
internal_count=14035 9377 1287 1165 8090 6059 2031 4658 1309 212 122 1097
cat_boundaries=0 1 2 3
cat_threshold=48 1 1
is_linear=0
shrinkage=0.05


Tree=64
num_leaves=14
num_cat=1
split_feature=0 44 4 32 44 39 4 39 7 36 39 5 43
split_gain=46.3522 16.9536 33.4436 51.7257 22.5724 18.4719 17.4631 12.8023 6.32373 8.61904 3.57643 4.1783 2.36905
threshold=0 45.20000000000001 -0.013976118469459398 29.065178500000005 43.000000000000007 23.550000000000004 -0.61237985104942771 23.650000000000002 30.522916500000004 93.500000000000014 26.950000000000003 0.6174544326165855 38.900000000000006
decision_type=1 2 2 2 2 2 2 2 2 2 2 2 2
left_child=8 4 7 -4 5 -2 -6 -3 10 -10 12 -12 -1
right_child=1 2 3 -5 6 -7 -8 -9 9 -11 11 -13 -14
leaf_value=-0.047109819191034741 0.0033455605004383557 0.031296744012077736 -0.05743145972663203 0.018867379050318579 -0.01103661365280185 -0.014988865547904164 0.03297172651160734 -0.0039103102136754308 -0.039626825075432554 0.06448251988144392 -0.039537172282325637 0.028971117469359521 -0.0059179550105263809
leaf_weight=68.699648780748248 1363.9013425931334 34.019591607153416 67.669871896505356 32.237401865422726 28.455562435090542 151.7608255892992 100.27093660831451 97.631489768624306 3.3004296701401463 2.7247855216264725 3.5168862938880912 3.417539156973362 4.0003273366019121
leaf_count=4107 6828 166 361 169 133 746 464 475 150 40 235 27 93
internal_value=-0.000310666 0.00142253 -0.0112075 -0.0328689 0.00321543 0.00150109 0.0232334 0.0053548 -0.034078 0.00993154 -0.0417159 -0.00637776 -0.0449543
internal_weight=1961.61 1875.95 231.558 99.9073 1644.39 1515.66 128.726 131.651 85.6596 6.02522 79.6344 6.93443 72.7
internal_count=13994 9342 1171 530 8171 7574 597 641 4652 190 4462 262 4200
cat_boundaries=0 1
cat_threshold=48
is_linear=0
shrinkage=0.05


Tree=65
num_leaves=12
num_cat=4
split_feature=0 1 0 43 4 22 4 4 1 42 7
split_gain=42.8396 19.3235 20.9782 15.7128 13.5041 12.3923 11.2672 6.5265 6.1107 7.51744 4.28046
threshold=0 1 2 24.200000000000006 0.57077594689671507 88.805555500000011 -0.04836157422433459 0.7210268013660811 3 5.5000000000000009 26.393750000000004
decision_type=1 1 1 2 2 2 2 2 1 2 2
left_child=7 2 3 -2 -4 6 -3 -1 9 -9 -7
right_child=1 5 4 -5 -6 10 -8 8 -10 -11 -12
leaf_value=-0.049704360216508703 0.013257378211446198 0.0040582990958809807 0.0069121563735472097 0.045709285856194382 -0.0071332319146798278 -0.018377939728857925 -0.0075133982701426592 -0.044659261645980559 -0.047644758887356753 0.013786211094980426 -0.056699265502285094
leaf_weight=46.15050564520061 172.55324739217758 360.4571141526103 514.03688764572144 47.151488788425922 255.35270369052887 20.361520387232304 502.53003546595573 7.056651838123801 12.210357233881949 16.417256753891706 11.897178739309309
leaf_count=3364 906 1850 2316 264 1209 109 2674 379 627 263 68
internal_value=-0.000152307 0.00147365 0.00629559 0.0195134 0.00221863 -0.00383841 -0.00268097 -0.0333138 -0.0204199 -0.00489036 -0.0337909
internal_weight=1966.17 1884.34 989.094 219.705 769.39 895.246 862.987 81.8348 35.6843 23.4739 32.2587
internal_count=14029 9396 4695 1170 3525 4701 4524 4633 1269 642 177
cat_boundaries=0 1 2 3 4
cat_threshold=48 1 1 1
is_linear=0
shrinkage=0.05


Tree=66
num_leaves=12
num_cat=3
split_feature=0 22 33 26 0 32 33 42 1 33 11
split_gain=37.099 18.2832 19.126 22.4177 14.9467 10.6314 8.21913 9.05037 8.68353 6.57159 0.779177
threshold=0 88.805555500000011 31.450000000000003 14.65 1 26.889285500000003 34.550000000000004 5.5000000000000009 2 31.850000000000005 74.500000000000014
decision_type=1 2 2 2 1 2 2 2 1 2 2
left_child=6 2 4 -4 -2 9 10 -8 -9 -3 -1
right_child=1 5 3 -5 -6 -7 7 8 -10 -11 -12
leaf_value=-0.0028350933780778541 0.028875176802670988 -0.023067162736903252 -0.015791175250610343 0.0026184616354756364 0.0016911001056696632 -0.065498106549791213 -0.047123560095734512 -0.044228795990626291 0.024245678064267997 0.019378904219489707 -0.049615799026491429
leaf_weight=1.0350163225084532 102.19444365054369 42.394999131560326 186.04779037088156 1425.50240239501 106.41386014968157 11.818823926150797 12.747183728963135 5.4796482101082802 15.281444178894164 10.72384639829397 45.374010665342212
leaf_count=36 500 219 980 7073 505 73 826 198 193 54 3417
internal_value=-0.000107379 0.0013898 0.00233291 0.000484659 0.0165407 -0.0244688 -0.0313065 -0.0156382 0.00497069 -0.0142982 -0.0486543
internal_weight=1965.01 1885.1 1820.16 1611.55 208.608 64.9377 79.9173 33.5083 20.7611 53.1188 46.409
internal_count=14074 9404 9058 8053 1005 346 4670 1217 391 273 3453
cat_boundaries=0 1 2 3
cat_threshold=48 5 2
is_linear=0
shrinkage=0.05


end of trees

feature_importances:
age_group=143
gender=87
day_of_year_sin=84
day_of_year_cos=59
temperature_min_7d=58
rain_max_daily_7d=49
temperature_max_7d=47
wind_speed_max_7d=36
month=32
rain_days_7d=30
wind_gust_max_7d=23
humidity_min_7d=19
wind_speed_mean_7d=12
weather_code_current=11
temperature_mean_7d=10
temperature_mean_3d=9
humidity_max_7d=9
precipitation_sum_7d=9
humidity_max_current=8
humidity_mean_3d=8
wind_speed_max_3d=8
humidity_mean_7d=8
temperature_max_3d=6
rain_max_daily_3d=6
temperature_min_3d=5
wind_speed_mean_3d=4
temperature_mean_current=3
temperature_max_current=3
precipitation_sum_3d=3
humidity_mean_current=2
humidity_min_3d=2
rain_sum_7d=2
humidity_min_current=1
wind_speed_mean_current=1
wind_speed_max_current=1
humidity_max_3d=1
wind_gust_max_3d=1

parameters:
[boosting: gbdt]
[objective: binary]
[metric: binary_logloss]
[tree_learner: serial]
[device_type: cpu]
[data_sample_strategy: bagging]
[data: ]
[valid: ]
[num_iterations: 67]
[learning_rate: 0.05]
[num_leaves: 15]
[num_threads: 8]
[seed: 42]
[deterministic: 0]
[force_col_wise: 0]
[force_row_wise: 0]
[histogram_pool_size: -1]
[max_depth: 4]
[min_data_in_leaf: 20]
[min_sum_hessian_in_leaf: 0.001]
[bagging_fraction: 0.9]
[pos_bagging_fraction: 1]
[neg_bagging_fraction: 1]
[bagging_freq: 1]
[bagging_seed: 400]
[bagging_by_query: 0]
[feature_fraction: 0.9]
[feature_fraction_bynode: 1]
[feature_fraction_seed: 30056]
[extra_trees: 0]
[extra_seed: 12879]
[early_stopping_round: 0]
[early_stopping_min_delta: 0]
[first_metric_only: 0]
[max_delta_step: 0]
[lambda_l1: 0]
[lambda_l2: 1]
[linear_lambda: 0]
[min_gain_to_split: 0]
[drop_rate: 0.1]
[max_drop: 50]
[skip_drop: 0.5]
[xgboost_dart_mode: 0]
[uniform_drop: 0]
[drop_seed: 17869]
[top_rate: 0.2]
[other_rate: 0.1]
[min_data_per_group: 100]
[max_cat_threshold: 32]
[cat_l2: 10]
[cat_smooth: 10]
[max_cat_to_onehot: 4]
[top_k: 20]
[monotone_constraints: ]
[monotone_constraints_method: basic]
[monotone_penalty: 0]
[feature_contri: ]
[forcedsplits_filename: ]
[refit_decay_rate: 0.9]
[cegb_tradeoff: 1]
[cegb_penalty_split: 0]
[cegb_penalty_feature_lazy: ]
[cegb_penalty_feature_coupled: ]
[path_smooth: 0]
[interaction_constraints: ]
[verbosity: -1]
[saved_feature_importance_type: 0]
[use_quantized_grad: 0]
[num_grad_quant_bins: 4]
[quant_train_renew_leaf: 0]
[stochastic_rounding: 1]
[linear_tree: 0]
[max_bin: 255]
[max_bin_by_feature: ]
[min_data_in_bin: 3]
[bin_construct_sample_cnt: 200000]
[data_random_seed: 175]
[is_enable_sparse: 1]
[enable_bundle: 1]
[use_missing: 1]
[zero_as_missing: 0]
[feature_pre_filter: 1]
[pre_partition: 0]
[two_round: 0]
[header: 0]
[label_column: ]
[weight_column: ]
[group_column: ]
[ignore_column: ]
[categorical_feature: 0,1,3]
[forcedbins_filename: ]
[precise_float_parser: 0]
[parser_config_file: ]
[objective_seed: 16083]
[num_class: 1]
[is_unbalance: 0]
[scale_pos_weight: 1]
[sigmoid: 1]
[boost_from_average: 1]
[reg_sqrt: 0]
[alpha: 0.9]
[fair_c: 1]
[poisson_max_delta_step: 0.7]
[tweedie_variance_power: 1.5]
[lambdarank_truncation_level: 30]
[lambdarank_norm: 1]
[label_gain: ]
[lambdarank_position_bias_regularization: 0]
[eval_at: ]
[multi_error_top_k: 1]
[auc_mu_weights: ]
[num_machines: 1]
[local_listen_port: 12400]
[time_out: 120]
[machine_list_filename: ]
[machines: ]
[gpu_platform_id: -1]
[gpu_device_id: -1]
[gpu_device_id_list: ]
[gpu_use_dp: 0]
[num_gpu: 1]

end of parameters

pandas_categorical:[]
