tree
version=v4
num_class=1
num_tree_per_iteration=1
label_index=0
max_feature_idx=44
objective=binary sigmoid:1
feature_names=age_group gender month season day_of_year_sin day_of_year_cos weather_code_current temperature_mean_current temperature_max_current temperature_min_current humidity_mean_current humidity_max_current humidity_min_current wind_speed_mean_current wind_speed_max_current precipitation_sum_current rain_sum_current wind_gust_max_current rain_day_current temperature_mean_3d temperature_max_3d temperature_min_3d humidity_mean_3d humidity_max_3d humidity_min_3d wind_speed_mean_3d wind_speed_max_3d precipitation_sum_3d rain_sum_3d rain_days_3d rain_max_daily_3d wind_gust_max_3d temperature_mean_7d temperature_max_7d temperature_min_7d humidity_mean_7d humidity_max_7d humidity_min_7d wind_speed_mean_7d wind_speed_max_7d precipitation_sum_7d rain_sum_7d rain_days_7d rain_max_daily_7d wind_gust_max_7d
feature_infos=-1:0:1:2:3:4:5 -1:0:1 [1:12] -1:1:0 [-0.99999942202469239:0.99998555065071859] [-0.99997919295908244:0.9999907524084426] [0:61] [23.658332999999999:32.533332999999999] [25.899999999999999:39.200000000000003] [17.899999999999999:29.300000000000001] [48.958333000000003:91.625] [63:100] [23:86] [2.8541669999999999:19.695833] [6.4000000000000004:30.100000000000001] [0:63.100000000000001] [0:63.100000000000001] [14:56.899999999999999] [0:1] [23.766667000000002:32.427778000000004] [27.699999999999999:39.200000000000003] [17.899999999999999:28.100000000000001] [52.569443999999997:90.694444000000004] [73:100] [23:79] [4.125:17.329167000000002] [9.6999999999999993:30.100000000000001] [0:93.900000000000006] [0:93.900000000000006] [0:3] [0:63.100000000000001] [17.300000000000001:56.899999999999999] [24.365476000000001:32.235118999999997] [28.699999999999999:39.200000000000003] [17.899999999999999:27.5] [55.767856999999999:89.523809999999997] [77:100] [23:72] [4.5327380000000002:15.469643] [11.6:30.100000000000001] [0:163.90000000000001] [0:163.90000000000001] [0:7] [0:63.100000000000001] [23:56.899999999999999]
tree_sizes=1250 984 1188 1187 693 769 1513 696 695 697 699 802 1003 801 992 993 699 700 986 979 1114 696 903 908 699 699 1191 1009 1086 1081 1014 801 1194 1013 1012 1016 801 1101 982 1425 910 908 905 1203 1102 697 1013 1207 806 909 983 1011 798 791 1014 805 1006 1001 811 1306 684 789 1224 1660 905 986 688 1324 1421 988 1551 793 1118 1002 1323 1338 1544 1210 1215 1019 1019 788 1344 809 1453 1455 986 1337 1234 987 1091 1006 1019 1221 1109 984 1547 1093 1544 1771 1672 1243 1006 921 810 1026 1224 1325 1122 976 1135 809 1209 1114 1012 1023 1404 1029 1021 1455 988 1321 987 1442 924 1350 1526 990 1658 1572 1338 894 1335 1209 1531 1655 796 1223 1127 692 1028 989 713 1342 1247 1109 997 1350 1351 887 1230 1017 990 908 1119 904 1334 1458 1032 1194 1239 1570 1036 1776 1784 993 1341 1200 1466 1355 1133 1435 1113 994 1456 1790 1347 1765 1469 1781 1557 995 1797 1458 1528 1254 1460 1109 1101 1034 1230 1785 1351 1200 1107 1036

Tree=0
num_leaves=11
num_cat=4
split_feature=0 3 2 1 43 4 5 1 43 43
split_gain=81.9896 170.946 380.836 332.869 17.2108 17.6478 6.1301 4.38357 2.85169 22.6279
threshold=0 1 3.5000000000000004 2 37.550000000000004 0.51297097409535064 0.82777578779003613 3 27.750000000000004 27.950000000000006
decision_type=1 1 2 1 2 2 2 1 2 2
left_child=1 6 -3 -4 8 7 -1 -6 -2 -10
right_child=4 2 3 -5 5 -7 -8 -9 9 -11
leaf_value=-5.445734342785209 -5.4519048257698755 -5.4398560141568311 -4.2360363199962414 -5.4253870669860014 -5.4087374112500886 -5.4296397290916758 -5.3151179480356587 -5.1465785748652504 -5.2195151277836827 -5.4464742269100546
leaf_weight=5.8830597763881087 43.587313138414174 2.8120847186073661 0.80791640328243353 0.81684365635737777 0.13390879612415929 1.1471520201303063 0.089272530749440082 0.14283604919910431 0.28567209839820762 6.6597307939082384
leaf_count=1318 9765 630 181 183 30 257 20 32 64 1492
internal_value=-5.40805 -5.32213 -5.04834 -4.61477 -5.43552 -5.30854 -5.43149 -5.17872 -5.44721 -5.41525
internal_weight=62.3658 10.4092 4.43684 1.62476 51.9566 1.4239 5.97233 0.276745 50.5327 6.9454
internal_count=13972 2332 994 364 11640 319 1338 62 11321 1556
cat_boundaries=0 1 2 3 4
cat_threshold=1 2 1 1
is_linear=0
shrinkage=1


Tree=1
num_leaves=8
num_cat=2
split_feature=0 2 38 44 1 7 13
split_gain=88.7977 70.5422 75.7924 120.881 41.701 36.5909 1.87044
threshold=0 11.500000000000002 8.2910715000000028 38.70000000000001 1 25.922916500000003 11.116666500000003
decision_type=1 2 2 2 1 2 2
left_child=1 2 6 -4 5 -3 -1
right_child=-2 4 3 -5 -6 -7 -8
leaf_value=-0.045353059761698088 -0.03932659637840976 -0.013059483544152978 0.33839465990276696 0.0042905826217253208 -0.018557339969652035 0.50763134524731734 0.028637856131172063
leaf_weight=9.2931815716438031 39.728223638609052 0.34783006133511551 3.7601051749661547 6.3381817266345024 0.58614337351173151 0.97156329732388258 0.2708179699257024
leaf_count=2121 9309 38 752 1404 136 104 61
internal_value=0.00273963 0.0664962 0.0586501 0.147976 0.328267 0.423915 -0.0407453
internal_weight=61.296 21.5678 19.6623 10.0983 1.90554 1.31939 9.564
internal_count=13925 4616 4338 2156 278 142 2182
cat_boundaries=0 1 2
cat_threshold=5 1
is_linear=0
shrinkage=0.05


Tree=2
num_leaves=10
num_cat=3
split_feature=0 1 44 40 43 43 1 43 43
split_gain=88.3305 118.587 130.062 98.625 12.2494 11.8893 3.14308 3.05114 21.5563
threshold=0 1 38.70000000000001 47.20000000000001 37.550000000000004 38.900000000000006 2 27.750000000000004 27.950000000000006
decision_type=1 1 2 2 2 2 1 2 2
left_child=1 2 3 -1 7 6 -6 -2 -9
right_child=4 -3 -4 -5 5 -7 -8 8 -10
leaf_value=0.49341381743905066 -0.049019093662255493 -0.042214645793357618 -0.036195690497480358 0.025459427463908082 -0.0061924083067584467 -0.026252223392849012 0.20478836929481303 0.17632600626208161 -0.043257226623204269
leaf_weight=3.5954602980054915 41.081290404777974 5.2649176656268537 2.5558812590315938 1.6416531247086821 0.14060501055791874 1.0954618505202232 0.17724425066262484 0.32512997416779299 6.2212438569404185
leaf_count=390 9842 1169 498 295 31 257 31 61 1497
internal_value=-0.000332031 0.0807028 0.250883 0.374327 -0.0326859 0.0741771 0.177579 -0.0440388 -0.010431
internal_weight=62.0989 13.0579 7.79299 5.23711 49.041 1.41331 0.317849 47.6277 6.54637
internal_count=14071 2352 1183 685 11719 319 62 11400 1558
cat_boundaries=0 1 2 3
cat_threshold=1 1 1
is_linear=0
shrinkage=0.05


Tree=3
num_leaves=10
num_cat=3
split_feature=0 1 44 44 43 17 1 43 43
split_gain=72.0564 78.0656 72.9376 79.0955 17.1039 15.2136 3.91807 3.1589 12.6108
threshold=0 1 38.70000000000001 34.400000000000013 37.550000000000004 34.400000000000013 2 27.750000000000004 27.950000000000006
decision_type=1 1 2 2 2 2 1 2 2
left_child=1 -1 3 -3 7 -6 -7 -2 -9
right_child=4 2 -4 -5 5 6 -8 8 -10
leaf_value=-0.041967511554355755 -0.048953491585928724 0.066229302611124502 -0.0359223403928935 0.39785584789475614 -0.025734517018604342 -0.0060481143445783965 0.23617668973446385 0.12924794103299594 -0.03575540280760333
leaf_weight=5.0840666103176773 39.200374701991677 3.6979921823367459 2.4899741928093135 3.6803213427774608 1.051220810972153 0.13690258422866453 0.22274392703548074 0.39401570148765941 5.9361678399145603
leaf_count=1181 9855 348 499 330 250 31 33 63 1490
internal_value=-0.00022456 0.0690703 0.188426 0.259388 -0.0311808 0.0950365 0.207339 -0.0437515 -0.00925377
internal_weight=61.8938 14.9524 9.86829 7.37831 46.9414 1.41087 0.359647 45.5306 6.33018
internal_count=14080 2358 1177 678 11722 314 64 11408 1553
cat_boundaries=0 1 2 3
cat_threshold=1 2 1
is_linear=0
shrinkage=0.05


Tree=4
num_leaves=5
num_cat=1
split_feature=0 35 5 38
split_gain=55.2164 40.4563 64.932 83.983
threshold=0 68.827381000000017 -0.6652727025667432 8.2080355000000012
decision_type=1 2 2 2
left_child=1 -1 -3 -4
right_child=-2 2 3 -5
leaf_value=-0.043815478909080122 -0.038244652949223419 -0.042749808565723399 0.029769693064676108 0.27080000942418214
leaf_weight=6.4820577164646265 35.215064676478505 5.7182053206488535 7.7053308819886261 6.3072524792514741
leaf_count=1153 9368 1366 1344 835
internal_value=-0.0023155 0.043612 0.0940995 0.149072
internal_weight=61.4279 26.2128 19.7308 14.0126
internal_count=14066 4698 3545 2179
cat_boundaries=0 1
cat_threshold=5
is_linear=0
shrinkage=0.05


Tree=5
num_leaves=6
num_cat=3
split_feature=0 2 3 1 43
split_gain=57.0983 40.7256 63.1062 48.1951 28.9218
threshold=0 3.5000000000000004 1 2 37.550000000000004
decision_type=1 2 1 1 2
left_child=1 -1 3 -3 -4
right_child=-2 2 4 -5 -6
leaf_value=-0.043629617592824778 -0.037853995410638698 0.24050824505280055 -0.007814419248578619 -0.032056515762964859 0.22954176872620793
leaf_weight=6.5141185303218689 33.771880875341594 7.0405722644645685 11.960238727275284 1.7602300052531061 0.43032034183852452
leaf_count=1294 9337 362 2614 359 75
internal_value=0.000796279 0.0450723 0.0933869 0.188285 0.0169553
internal_weight=61.4774 27.7055 21.1914 8.8008 12.3906
internal_count=14041 4704 3410 721 2689
cat_boundaries=0 1 2 3
cat_threshold=5 1 1
is_linear=0
shrinkage=0.05


Tree=6
num_leaves=13
num_cat=2
split_feature=2 4 43 1 43 32 21 1 4 39 33 38
split_gain=35.2898 24.4852 41.4384 30.399 23.7068 18.9833 34.6474 23.2694 11.2933 4.42809 3.59408 1.42816
threshold=11.500000000000002 0.878110924644389 5.9500000000000011 0 37.550000000000004 27.019940500000001 21.550000000000004 1 0.51297097409535064 20.650000000000002 30.750000000000004 6.0776785000000002
decision_type=2 2 2 1 2 2 2 1 2 2 2 2
left_child=1 4 9 -4 10 6 11 -8 -6 -3 -1 -2
right_child=5 2 3 -5 8 -7 7 -9 -10 -11 -12 -13
leaf_value=0.038934889649238802 0.035075905538227675 0.05527527641426111 0.19034311832905426 -0.032212423190033493 0.20253646274520612 -0.031754009884522864 0.28738012715007999 -0.01916585846149696 -0.019658644625295593 -0.044549212124198767 -0.04162989210955409 -0.032631163606012356
leaf_weight=0.68420872068963845 0.17201395775191386 0.41849579685367455 4.3713964067865163 1.7872009063139556 0.58275689021684118 1.5994535577483473 2.2422843002714217 0.61784645100124214 0.64329330646432936 7.2998465863056481 39.771378288976848 1.7875397047027943
leaf_count=145 20 65 415 421 75 209 170 169 155 1608 10326 305
internal_value=0.00105078 -0.0124153 0.0431058 0.130281 -0.0314766 0.103565 0.146212 0.23335 0.129494 -0.0334173 -0.039361 -0.0168442
internal_weight=61.9777 55.5586 13.8769 6.1586 41.6816 6.41914 4.81968 2.86013 1.22605 7.71834 40.4556 1.95955
internal_count=14083 13210 2509 836 10701 873 664 339 230 1673 10471 325
cat_boundaries=0 1 2
cat_threshold=1 1
is_linear=0
shrinkage=0.05


Tree=7
num_leaves=5
num_cat=1
split_feature=0 35 5 4
split_gain=52.5076 33.3481 47.2218 34.8976
threshold=0 68.827381000000017 -0.6652727025667432 -0.88622299073327826
decision_type=1 2 2 2
left_child=1 -1 -3 -4
right_child=-2 2 3 -5
leaf_value=-0.043456771207993461 -0.037317758735965774 -0.042271111149655934 -0.036480738661802695 0.14740686045130322
leaf_weight=6.0194672329816994 31.92953530838713 5.3268560669384959 2.650611876975753 15.315628115087737
leaf_count=1139 9390 1386 594 1537
internal_value=0.00156386 0.0421549 0.0825097 0.119784
internal_weight=61.2421 29.3126 23.2931 17.9662
internal_count=14046 4656 3517 2131
cat_boundaries=0 1
cat_threshold=5
is_linear=0
shrinkage=0.05


Tree=8
num_leaves=5
num_cat=1
split_feature=0 2 5 44
split_gain=46.6889 29.1934 37.6263 29.7708
threshold=0 3.5000000000000004 -0.6652727025667432 35.800000000000004
decision_type=1 2 2 2
left_child=1 -1 -3 -4
right_child=-2 2 3 -5
leaf_value=-0.043272282931063465 -0.036925867022671449 -0.04199710609761019 0.035391039589267904 0.15927250132445051
leaf_weight=6.1306283373851356 30.674419856863096 5.1207048983778867 9.8976723335217667 10.124195940559728
leaf_count=1286 9361 1387 967 1070
internal_value=0.000841714 0.0376562 0.0726939 0.102629
internal_weight=61.9476 31.2732 25.1426 20.0219
internal_count=14071 4710 3424 2037
cat_boundaries=0 1
cat_threshold=5
is_linear=0
shrinkage=0.05


Tree=9
num_leaves=5
num_cat=1
split_feature=0 35 5 44
split_gain=43.9534 25.7185 32.7106 27.6467
threshold=0 68.827381000000017 -0.6652727025667432 34.400000000000013
decision_type=1 2 2 2
left_child=1 -1 -3 -4
right_child=-2 2 3 -5
leaf_value=-0.043310186887558423 -0.036560495170610011 -0.041874603684337215 0.012628158506573929 0.13125064838333403
leaf_weight=5.8384546965826294 29.568811677396297 5.0352129284292486 7.5859384809155044 14.249643319984896
leaf_count=1131 9363 1420 847 1302
internal_value=0.00123009 0.0357145 0.0666371 0.0923975
internal_weight=62.2781 32.7092 26.8708 21.8356
internal_count=14063 4700 3569 2149
cat_boundaries=0 1
cat_threshold=5
is_linear=0
shrinkage=0.05


Tree=10
num_leaves=5
num_cat=1
split_feature=0 2 5 4
split_gain=37.5247 21.732 25.1942 23.1877
threshold=0 3.5000000000000004 -0.6652727025667432 -0.88622299073327826
decision_type=1 2 2 2
left_child=1 -1 -3 -4
right_child=-2 2 3 -5
leaf_value=-0.043002497846001408 -0.036187110462084643 -0.04143029660389675 -0.038251214906677766 0.096889682569746893
leaf_weight=5.8676818490494034 28.496016202960163 4.7333395613823113 3.1750803808681693 20.384350492153317
leaf_count=1290 9350 1392 592 1420
internal_value=-0.000783693 0.0305435 0.0571707 0.077861
internal_weight=62.6565 34.1605 28.2928 23.5594
internal_count=14044 4694 3404 2012
cat_boundaries=0 1
cat_threshold=5
is_linear=0
shrinkage=0.05


Tree=11
num_leaves=6
num_cat=1
split_feature=0 2 37 34 39
split_gain=33.4015 18.4365 23.1074 21.5902 5.88018
threshold=0 3.5000000000000004 59.500000000000007 25.250000000000004 21.850000000000005
decision_type=1 2 2 2 2
left_child=1 -1 3 -3 -4
right_child=-2 2 4 -5 -6
leaf_value=-0.042755079743227314 -0.035839039606138656 0.09823399500347306 -0.04297517600062073 -0.038033458678174592 0.03271730423232292
leaf_weight=5.6426176638342431 27.546888053882867 17.790551763493575 5.8051855717785639 2.8895965039264402 3.2167849531397223
leaf_count=1263 9375 1217 1139 347 693
internal_value=-0.00191019 0.0271754 0.0502716 0.0783176 -0.0154154
internal_weight=62.8916 35.3447 29.7021 20.6801 9.02197
internal_count=14034 4659 3396 1564 1832
cat_boundaries=0 1
cat_threshold=5
is_linear=0
shrinkage=0.05


Tree=12
num_leaves=8
num_cat=1
split_feature=0 2 34 5 43 4 37
split_gain=27.4919 19.3497 22.8282 30.8903 21.983 14.1892 17.7659
threshold=0 7.5000000000000009 24.150000000000002 0.83730377313544024 27.750000000000004 0.878110924644389 45.500000000000007
decision_type=1 2 2 2 2 2 2
left_child=1 5 3 -3 -4 -1 -7
right_child=-2 2 4 -5 -6 6 -8
leaf_value=-0.045635531693401836 -0.035394550626427497 -0.04309328829665611 -0.020210105366123318 0.09916230891363792 0.28085664851011993 -0.010520763009103307 0.11835095758657382
leaf_weight=9.6780275034252572 26.394828985445201 5.9588804873637837 0.67352460767142375 7.7993672573938966 1.1117152343504129 7.3516809674911183 3.0786957526579499
leaf_count=2201 9302 1089 176 321 68 706 126
internal_value=-0.00450567 0.0222822 0.0684228 0.0388044 0.200797 -0.00437958 0.034544
internal_weight=62.0467 35.6519 15.5435 13.7582 1.78524 20.1084 10.4304
internal_count=13989 4687 1654 1410 244 3033 832
cat_boundaries=0 1
cat_threshold=5
is_linear=0
shrinkage=0.05


Tree=13
num_leaves=6
num_cat=1
split_feature=0 35 5 38 36
split_gain=29.7424 17.2499 19.2917 19.1382 1.8311
threshold=0 69.220238000000009 -0.6652727025667432 7.9297620000000011 99.500000000000014
decision_type=1 2 2 2 2
left_child=1 4 -3 -4 -1
right_child=-2 2 3 -5 -6
leaf_value=-0.044147773277828685 -0.035123213238041157 -0.041102900966582284 0.013019746164813929 0.10026161699849534 0.031027568874830738
leaf_weight=6.3444133971352121 25.728156487690285 4.5310178864747312 11.240501103224235 14.308794592740012 0.20554293878376473
leaf_count=1207 9393 1410 1200 873 3
internal_value=-0.0017351 0.0247758 0.0471975 0.0638154 -0.0379915
internal_weight=62.3584 36.6303 30.0803 25.5493 6.54996
internal_count=14086 4693 3483 2073 1210
cat_boundaries=0 1
cat_threshold=5
is_linear=0
shrinkage=0.05


Tree=14
num_leaves=8
num_cat=2
split_feature=0 1 40 35 43 34 4
split_gain=27.5304 23.8149 20.2739 21.7495 13.297 19.1159 22.1914
threshold=0 1 64.250000000000014 68.94642850000001 27.750000000000004 24.150000000000002 -0.75015329512557205
decision_type=1 1 2 2 2 2 2
left_child=1 2 3 -1 -2 -6 -7
right_child=4 -3 -4 -5 5 6 -8
leaf_value=-0.036689856958833554 -0.04860450169973695 -0.042901580550124677 -0.039343199559875065 0.11036297345865465 -0.040559947287781388 0.20336148662770404 -0.029418574541898945
leaf_weight=2.5014130047056886 30.129879022715613 5.7472149899695095 3.2016934293787918 14.358317190082742 4.168807544745504 1.361981107387692 1.4181130640208719
leaf_count=289 9835 1178 395 495 1211 155 494
internal_value=-0.00315792 0.0302035 0.0665299 0.0877126 -0.0273197 0.0251043 0.108251
internal_weight=62.8874 25.8086 20.0614 16.8597 37.0788 6.9489 2.78009
internal_count=14052 2357 1179 784 11695 1860 649
cat_boundaries=0 1 2
cat_threshold=1 1
is_linear=0
shrinkage=0.05


Tree=15
num_leaves=8
num_cat=2
split_feature=0 12 43 1 13 43 21
split_gain=26.5447 14.1826 18.1012 17.0879 14.4868 4.13506 2.64872
threshold=0 43.500000000000007 8.5500000000000025 1 7.5791665000000012 7.5500000000000016 25.150000000000002
decision_type=1 2 2 1 2 2 2
left_child=1 5 3 -3 -4 -1 -7
right_child=-2 2 4 -5 -6 6 -8
leaf_value=-0.044918198820587341 -0.034346722724991757 -0.033447776725833767 -0.035359271843144711 0.11216780159306516 0.048302483988982604 -0.021726158526966119 0.073942912550920545
leaf_weight=6.5338576340582213 23.934476943686604 1.975683372002095 8.4747431578580308 10.255199156934395 10.48067868221551 0.69829387287609257 0.57062679436057806
leaf_count=1107 9416 352 1377 368 1412 52 10
internal_value=-0.0011981 0.0224709 0.042952 0.0878959 0.0110008 -0.0294416 0.0349238
internal_weight=62.9236 38.9891 31.1863 12.2309 18.9554 7.80278 1.26892
internal_count=14094 4678 3509 720 2789 1169 62
cat_boundaries=0 1 2
cat_threshold=5 2
is_linear=0
shrinkage=0.05


Tree=16
num_leaves=5
num_cat=1
split_feature=0 2 5 4
split_gain=24.2999 13.0479 14.1135 12.9728
threshold=0 3.5000000000000004 -0.6652727025667432 -0.88622299073327826
decision_type=1 2 2 2
left_child=1 -1 -3 -4
right_child=-2 2 3 -5
leaf_value=-0.042243211463596789 -0.033958228063519856 -0.040702994087826516 -0.038079149306950472 0.060443415642548862
leaf_weight=5.2137439085636279 23.101961602922529 4.299303443869575 3.1142857782542732 26.777852262137458
leaf_count=1297 9414 1402 600 1418
internal_value=-0.00179363 0.0207148 0.037129 0.0492785
internal_weight=62.5071 39.4052 34.1914 29.8921
internal_count=14131 4717 3420 2018
cat_boundaries=0 1
cat_threshold=5
is_linear=0
shrinkage=0.05


Tree=17
num_leaves=5
num_cat=1
split_feature=0 35 5 19
split_gain=19.7813 10.1575 11.0362 12.8416
threshold=0 68.827381000000017 -0.6652727025667432 26.389583500000004
decision_type=1 2 2 2
left_child=1 -1 -3 -4
right_child=-2 2 3 -5
leaf_value=-0.042023991130273886 -0.033562940320657896 -0.040333570455327719 -0.027429761730109681 0.054423748128050786
leaf_weight=4.8154671306256196 22.293709082761779 4.1025118604302397 5.2005575292278108 25.494762701913714
leaf_count=1139 9392 1390 556 1575
internal_value=-0.00470157 0.0162343 0.0297801 0.0401278
internal_weight=61.907 39.6133 34.7978 30.6953
internal_count=14052 4660 3521 2131
cat_boundaries=0 1
cat_threshold=5
is_linear=0
shrinkage=0.05


Tree=18
num_leaves=8
num_cat=3
split_feature=0 1 40 43 43 4 1
split_gain=21.2901 17.9808 15.1877 14.8161 13.4237 14.3824 17.8502
threshold=0 1 64.250000000000014 0.95000000000000007 27.750000000000004 -0.75015329512557205 2
decision_type=1 1 2 2 2 2 1
left_child=1 2 3 -1 -2 6 -6
right_child=4 -3 -4 -5 5 -7 -8
leaf_value=-0.027264614233516893 -0.048461142828174257 -0.042655104824420476 -0.039474311525650896 0.085713799372758928 -0.030442866191933839 -0.039065289216973775 0.16757430697130493
leaf_weight=2.9767334179487142 27.270892946049571 5.516246147220957 3.2113607183564445 16.766512848204002 1.4956007646396756 3.4773327375296494 1.7459475384093821
leaf_count=212 9855 1177 394 565 337 1155 339
internal_value=-0.00300267 0.0245807 0.0521057 0.0681866 -0.0258008 0.0271113 0.0905747
internal_weight=62.4606 28.4709 22.9546 19.7432 33.9898 6.71888 3.24155
internal_count=14034 2348 1171 777 11686 1831 676
cat_boundaries=0 1 2 3
cat_threshold=1 1 1
is_linear=0
shrinkage=0.05


Tree=19
num_leaves=8
num_cat=3
split_feature=2 3 1 12 43 5 1
split_gain=9.88394 16.5477 14.2688 10.172 9.914 10.6295 6.06343
threshold=3.5000000000000004 0 1 44.500000000000007 37.550000000000004 0.82777578779003613 2
decision_type=2 1 1 2 2 2 1
left_child=-1 4 3 -3 5 -2 -6
right_child=1 2 -4 -5 6 -7 -8
leaf_value=-0.045736773991184441 -0.038174796091624955 -0.011369321869437683 -0.041054334866252429 0.068841858425310515 -0.023487823527981649 0.090879338869008341 0.11354676011864506
leaf_weight=10.19113708718214 23.735743158962585 4.7900876717176315 4.412858443567532 16.302544579608366 0.83819701219908782 0.76803041831590135 1.1215020634699611
leaf_count=3822 7655 363 1091 720 114 129 114
internal_value=-0.00308182 0.00598839 0.0340718 0.050936 -0.0213334 -0.030725 0.0668022
internal_weight=62.1601 51.969 25.5055 21.0926 26.4635 24.5038 1.9597
internal_count=14008 10186 2174 1083 8012 7784 228
cat_boundaries=0 1 2 3
cat_threshold=2 1 1
is_linear=0
shrinkage=0.05


Tree=20
num_leaves=9
num_cat=1
split_feature=0 38 38 19 43 36 37 25
split_gain=15.2823 8.9452 15.0638 13.7613 9.95934 9.68046 7.37493 1.47299
threshold=0 7.9297620000000011 9.8517855000000019 26.619444500000004 5.5000000000000009 97.500000000000014 52.500000000000007 5.6416670000000009
decision_type=1 2 2 2 2 2 2 2
left_child=1 4 3 -3 6 -4 -1 -6
right_child=-2 2 5 -5 7 -7 -8 -9
leaf_value=-0.012681797327674618 -0.032392325424658024 -0.02659754863605665 -0.041025398083670693 0.087907320874498013 0.0017381876898172706 0.052045126153846245 0.096914320303190971 -0.046850110199762263
leaf_weight=2.8024920262396327 20.104060261743143 2.8213942561997127 7.5250654008705151 11.513570182374677 1.762923682341351 3.1858392909634858 1.9300805549137292 9.0723805391462502
leaf_count=424 9346 307 1026 915 285 306 54 1387
internal_value=-0.00603351 0.012306 0.0332683 0.0651058 -0.0139635 -0.0112623 0.0411237 -0.0394658
internal_weight=60.7178 40.6137 25.0459 14.335 15.5679 10.7109 4.73257 10.8353
internal_count=14050 4704 2554 1222 2150 1332 478 1672
cat_boundaries=0 1
cat_threshold=5
is_linear=0
shrinkage=0.05


Tree=21
num_leaves=5
num_cat=1
split_feature=0 2 5 44
split_gain=19.7924 10.622 10.4423 10.9629
threshold=0 3.5000000000000004 -0.6652727025667432 35.800000000000004
decision_type=1 2 2 2
left_child=1 -1 -3 -4
right_child=-2 2 3 -5
leaf_value=-0.041623526907335694 -0.032053225083890746 -0.039629079414089642 0.0088774194365393473 0.066203421773511212
leaf_weight=4.7642367241205639 19.52538093039766 3.7648047131951889 15.444975728401912 18.080980811268091
leaf_count=1307 9394 1401 956 1081
internal_value=3.23676e-05 0.0184801 0.0318717 0.0408161
internal_weight=61.5804 42.055 37.2908 33.526
internal_count=14139 4745 3438 2037
cat_boundaries=0 1
cat_threshold=5
is_linear=0
shrinkage=0.05


Tree=22
num_leaves=7
num_cat=1
split_feature=0 35 25 43 4 36
split_gain=14.8542 8.57622 9.39657 12.7842 8.37638 1.47688
threshold=0 69.220238000000009 7.7979165000000004 5.5000000000000009 -0.51297808981038739 99.500000000000014
decision_type=1 2 2 2 2 2
left_child=1 5 3 -3 -4 -1
right_child=-2 2 4 -5 -6 -7
leaf_value=-0.043443848890521053 -0.031687337597480728 0.064824590433425117 0.096049725046630605 -0.034575909734723534 0.024635473316928964 0.024247072260430279
leaf_weight=5.37881064438261 18.921590868500061 3.5306037818081668 5.0932889804244068 10.360433489317073 16.094281612546183 0.27861088421195734
leaf_count=1196 9379 184 531 1610 1142 4
internal_value=-0.004731 0.0127796 0.0251474 -0.0066552 0.045358 -0.0369689
internal_weight=59.6576 40.736 35.0786 13.891 21.1876 5.65742
internal_count=14046 4667 3467 1794 1673 1200
cat_boundaries=0 1
cat_threshold=5
is_linear=0
shrinkage=0.05


Tree=23
num_leaves=7
num_cat=1
split_feature=0 4 4 19 4 40
split_gain=14.1422 10.5522 11.0855 11.4007 8.85154 6.08755
threshold=0 -0.082689790342551792 -0.88622299073327826 26.322916500000002 0.878110924644389 6.4500000000000011
decision_type=1 2 2 2 2 2
left_child=1 2 -1 -4 -3 -6
right_child=-2 4 3 -5 5 -7
leaf_value=-0.038094080093415195 -0.031295512085220571 -0.045765956530773366 -0.019713803101832572 0.074854122586849633 -0.039298364001288215 0.033590676658045784
leaf_weight=3.1128078254405436 18.30213168321643 8.655995557317512 3.6070542493835118 13.739360213163307 2.8959890538826576 10.51118744292762
leaf_count=595 9364 1882 308 1063 473 364
internal_value=-0.00436029 0.0120969 0.0398806 0.0551868 -0.00903403 0.0162115
internal_weight=60.8245 42.5224 20.4592 17.3464 22.0632 13.4072
internal_count=14049 4685 1966 1371 2719 837
cat_boundaries=0 1
cat_threshold=5
is_linear=0
shrinkage=0.05


Tree=24
num_leaves=5
num_cat=1
split_feature=0 2 5 44
split_gain=15.9161 8.03423 8.4067 9.05374
threshold=0 3.5000000000000004 -0.6652727025667432 35.800000000000004
decision_type=1 2 2 2
left_child=1 -1 -3 -4
right_child=-2 2 3 -5
leaf_value=-0.040740202367923889 -0.030954762945907682 -0.039350475669336575 0.0042902254453804425 0.054753630974058956
leaf_weight=4.2406410279218099 17.784102255245671 3.6437513659475362 15.796232842374591 19.877611415460706
leaf_count=1278 9401 1399 953 1077
internal_value=-0.00115586 0.0150105 0.0256079 0.0331349
internal_weight=61.3423 43.5582 39.3176 35.6738
internal_count=14108 4707 3429 2030
cat_boundaries=0 1
cat_threshold=5
is_linear=0
shrinkage=0.05


Tree=25
num_leaves=5
num_cat=1
split_feature=0 35 5 4
split_gain=15.8045 8.26353 8.03938 8.93294
threshold=0 68.827381000000017 -0.6652727025667432 -0.88622299073327826
decision_type=1 2 2 2
left_child=1 -1 -3 -4
right_child=-2 2 3 -5
leaf_value=-0.041173110291528869 -0.030517884933178641 -0.038942355181573615 -0.038322687501648529 0.040790190586322342
leaf_weight=4.237179741379804 17.144444773788564 3.4766316718887529 3.192057355772703 33.553113724570721
leaf_count=1155 9340 1391 617 1545
internal_value=-1.49028e-06 0.0154856 0.026065 0.0330844
internal_weight=61.6034 44.459 40.2218 36.7452
internal_count=14048 4708 3553 2162
cat_boundaries=0 1
cat_threshold=5
is_linear=0
shrinkage=0.05


Tree=26
num_leaves=10
num_cat=3
split_feature=0 40 43 34 1 43 1 23 39
split_gain=15.5818 15.4994 12.4338 13.6287 15.9702 11.9714 12.5483 6.04522 1.79364
threshold=0 47.20000000000001 27.750000000000004 24.150000000000002 1 0.95000000000000007 2 94.500000000000014 12.150000000000002
decision_type=1 2 2 2 1 2 1 2 2
left_child=1 5 -2 -4 -5 8 -7 -3 -1
right_child=2 7 3 4 -6 6 -8 -9 -10
leaf_value=0.034397716808638699 -0.048197529779154674 0.058457142627060969 -0.039132153154798691 -0.030534678735723932 0.15580760013633402 0.074999299272916084 -0.035533910709410858 -0.046122232767482486 -0.041283398829909584
leaf_weight=0.16305008251220643 22.996896327473227 0.7691141525283437 3.4688546207034952 1.4504659017547965 1.8819543037097901 17.550846188096322 2.375702388002547 7.3810544087318704 3.4541697613894939
leaf_count=2 9857 28 1199 328 327 428 435 1032 430
internal_value=-0.00180703 0.0197765 -0.0234633 0.025551 0.0863735 0.0459372 0.0607529 -0.0309432 -0.031161
internal_weight=61.4921 31.6939 29.7982 6.80127 3.33242 23.5438 19.9265 8.15017 3.61722
internal_count=14066 2355 11711 1854 655 1295 863 1060 432
cat_boundaries=0 1 2 3
cat_threshold=1 1 1
is_linear=0
shrinkage=0.05


Tree=27
num_leaves=8
num_cat=1
split_feature=0 44 44 12 43 39 13
split_gain=11.2668 6.222 11.1121 7.92678 6.19873 4.14685 1.69881
threshold=0 34.400000000000013 38.70000000000001 44.500000000000007 27.750000000000004 11.950000000000001 5.5041665000000011
decision_type=1 2 2 2 2 2 2
left_child=1 5 3 -3 -4 -1 -7
right_child=-2 2 4 -5 -6 6 -8
leaf_value=0.05587695216386375 -0.029718983126324483 -0.016298901210233672 -0.044461720884470882 0.056667458456977841 0.038368469205557497 0.010900908454067118 -0.034154331433418859
leaf_weight=0.8221366994548579 16.044284707400948 4.166364975855692 6.625590553507207 17.744126339326613 2.3310770191019401 2.1009897211333728 9.5419341784436238
leaf_count=30 9364 392 1654 955 305 251 1065
internal_value=-0.00432991 0.00998125 0.0240604 0.0426868 -0.0212158 -0.0166679 -0.0258049
internal_weight=59.3765 43.3322 30.8672 21.9105 8.95667 12.4651 11.6429
internal_count=14016 4652 3306 1347 1959 1346 1316
cat_boundaries=0 1
cat_threshold=5
is_linear=0
shrinkage=0.05


Tree=28
num_leaves=9
num_cat=3
split_feature=0 40 43 34 1 1 35 23
split_gain=12.9869 12.5372 11.8619 12.1673 12.6085 9.4122 9.18212 5.88056
threshold=0 47.20000000000001 27.750000000000004 24.150000000000002 1 2 68.827381000000017 94.500000000000014
decision_type=1 2 2 2 1 1 2 2
left_child=1 5 -2 -4 -5 6 -1 -3
right_child=2 7 3 4 -6 -7 -8 -9
leaf_value=-0.034682132557368982 -0.04807792559843211 0.058053669218315077 -0.038859984885746657 0.13446986978349185 -0.029732567234437759 -0.036791498773361457 0.063653412179080424 -0.045610688181904592
leaf_weight=2.0672062492230934 21.577285114093687 0.76398484176024695 3.3569890600629142 2.2005832452559844 1.3610716232797133 2.6990481548709857 18.281275658169761 6.8988702700007707
leaf_count=283 9848 24 1200 328 326 635 346 1028
internal_value=-0.00278408 0.0174293 -0.0226504 0.0241037 0.0789585 0.0409542 0.0525069 -0.029767
internal_weight=59.2063 30.7104 28.4959 6.91864 3.56165 23.0475 20.3485 7.66286
internal_count=14018 2316 11702 1854 654 1264 629 1052
cat_boundaries=0 1 2 3
cat_threshold=1 2 1
is_linear=0
shrinkage=0.05


Tree=29
num_leaves=9
num_cat=3
split_feature=0 43 34 1 3 44 5 2
split_gain=10.0209 11.1481 11.2098 11.2776 10.7661 8.38267 7.98435 7.05357
threshold=0 27.750000000000004 24.150000000000002 1 2 38.70000000000001 0.82777578779003613 3.5000000000000004
decision_type=1 2 2 1 1 2 2 2
left_child=4 -2 -3 -4 5 7 -6 -1
right_child=1 2 3 -5 6 -7 -8 -9
leaf_value=-0.033006742052291968 -0.04793514261974504 -0.038872917484033077 0.1229396725132427 -0.029808418759516828 -0.04498926522229351 -0.038527758186475303 0.082463197061017957 0.055782493178205418
leaf_weight=1.8714332830859408 20.43048192886636 3.3649747751187524 2.4010982357431203 1.3691383330151441 7.6381752031156811 2.609088967787101 0.49657172244042147 18.101684114895761
leaf_count=342 9841 1225 316 333 1316 375 20 273
internal_value=-0.00477278 -0.0220259 0.0218593 0.0728496 0.0135796 0.0352687 -0.0290334 0.0462861
internal_weight=58.2826 27.5657 7.13521 3.77024 30.717 22.5822 8.13475 19.9731
internal_count=14041 11715 1874 649 2326 990 1336 615
cat_boundaries=0 1 2 3
cat_threshold=1 2 1
is_linear=0
shrinkage=0.05


Tree=30
num_leaves=8
num_cat=1
split_feature=0 38 38 43 32 36 4
split_gain=10.7729 7.05191 10.3144 8.27034 7.52371 7.47019 5.92733
threshold=0 7.9297620000000011 9.8517855000000019 9.3500000000000032 26.989285500000005 97.500000000000014 -0.34235669412071196
decision_type=1 2 2 2 2 2 2
left_child=1 3 6 4 -1 -4 -3
right_child=-2 2 5 -5 -6 -7 -8
leaf_value=0.050651101004633409 -0.028488522095297127 0.092464386722862335 -0.036677469655656263 -0.046201119030720356 -0.039529389118067235 0.041260987955253355 0.027886657598211913
leaf_weight=5.7542230236576888 14.503847345360553 5.1407126773847294 7.4282530987402406 7.9867279098834834 2.633441616082564 3.8692588697886094 11.851707339752467
leaf_count=245 9338 287 1030 1534 359 306 916
internal_value=-0.00208268 0.0108015 0.0279267 -0.0124733 0.0211428 -0.00879987 0.0514766
internal_weight=59.1682 44.6643 28.2899 16.3744 8.38766 11.2975 16.9924
internal_count=14015 4677 2539 2138 604 1336 1203
cat_boundaries=0 1
cat_threshold=5
is_linear=0
shrinkage=0.05


Tree=31
num_leaves=6
num_cat=1
split_feature=0 2 7 4 25
split_gain=9.9372 5.54532 5.48208 5.26916 2.89075
threshold=0 3.5000000000000004 26.477083500000003 -0.082689790342551792 5.6416670000000009
decision_type=1 2 2 2 2
left_child=1 -1 4 -4 -3
right_child=-2 2 3 -5 -6
leaf_value=-0.03978673550411925 -0.028198348204261137 0.030134304193703432 0.045518341807994793 0.0063499708335735122 -0.037183018545258406
leaf_weight=3.7486652017105362 14.166967875906264 1.3009754220256571 16.046405176864937 18.066551979631186 5.321966586750932
leaf_count=1268 9374 101 1293 1365 634
internal_value=-0.00280523 0.00977444 0.0175212 0.025546 -0.0217411
internal_weight=58.6515 44.4846 40.7359 34.113 6.62294
internal_count=14035 4661 3393 2658 735
cat_boundaries=0 1
cat_threshold=5
is_linear=0
shrinkage=0.05


Tree=32
num_leaves=10
num_cat=3
split_feature=0 4 34 40 1 24 1 23 40
split_gain=8.86793 10.6725 15.5451 9.85273 9.47613 9.31917 7.32829 5.14925 1.27048
threshold=0 -0.75015329512557205 24.150000000000002 47.20000000000001 1 40.500000000000007 2 94.500000000000014 6.4500000000000011
decision_type=1 2 2 2 1 2 1 2 2
left_child=3 2 -2 5 -4 8 -7 -5 -1
right_child=1 -3 4 7 -6 6 -8 -9 -10
leaf_value=-0.041078791358533817 -0.040219149768610067 -0.047805003521836475 0.13392161097442296 0.048770958416037229 -0.025277855930463736 0.055225136231672335 -0.033536504368782798 -0.045822268831840138 0.0094901378739031522
leaf_weight=3.4068058329867226 4.0470087791327414 18.909543553832918 2.1667161653749645 0.90309916157275338 0.93324430298525873 18.343920579762194 1.97138244414237 6.8566117499722168 1.2812956405105067
leaf_count=543 2027 9425 132 30 124 337 340 1025 81
internal_value=-0.00397004 -0.0210365 0.0211412 0.0123861 0.0915188 0.0311207 0.0454425 -0.0305024 -0.0280193
internal_weight=58.8196 26.0565 7.14697 32.7631 3.09996 25.0034 20.3153 7.75971 4.6881
internal_count=14064 11708 2283 2356 256 1301 677 1055 624
cat_boundaries=0 1 2 3
cat_threshold=1 2 1
is_linear=0
shrinkage=0.05


Tree=33
num_leaves=8
num_cat=1
split_feature=0 6 9 30 35 44 5
split_gain=8.77298 5.53791 5.89788 7.76976 4.25719 3.32468 3.14873
threshold=0 1.5000000000000002 24.750000000000004 19.050000000000004 69.220238000000009 35.800000000000004 0.82777578779003613
decision_type=1 2 2 2 2 2 2
left_child=1 4 6 -4 -1 -6 -3
right_child=-2 2 3 -5 5 -7 -8
leaf_value=-0.029115248605368224 -0.02739756979426344 -0.034719594386229319 -0.0031258100094935003 0.076127135537747456 0.011151366212342695 0.071427136656610241 0.0043323056342983914
leaf_weight=1.3212817526655261 13.279231816763057 10.232679832261061 8.2715053401188907 3.8693068898282936 4.0485349418595415 5.9548490869347006 9.1831148648634535
leaf_count=471 9394 1802 1111 239 197 241 599
internal_value=-0.00321701 0.00893271 -0.000128155 0.0260034 0.0393908 0.050263 -0.0169417
internal_weight=56.1605 42.8813 31.5566 12.1408 11.3247 10.0034 19.4158
internal_count=14054 4660 3751 1350 909 438 2401
cat_boundaries=0 1
cat_threshold=5
is_linear=0
shrinkage=0.05


Tree=34
num_leaves=8
num_cat=1
split_feature=0 24 38 43 25 36 21
split_gain=8.47263 5.48898 7.47532 9.36275 8.26347 3.57058 3.98915
threshold=0 45.500000000000007 8.2080355000000012 9.3500000000000032 10.024305500000002 97.500000000000014 25.150000000000002
decision_type=1 2 2 2 2 2 2
left_child=1 5 3 -3 -4 -1 -7
right_child=-2 2 4 -5 -6 6 -8
leaf_value=-0.044594490357089241 -0.027029001676611077 0.034778081233826398 0.057975829121291914 -0.040585760127185649 -0.017247152029657573 -0.017497123102936732 0.06048265430851061
leaf_weight=5.3736444985261169 12.892277377657591 6.6783670447766763 14.40144843014423 7.9243098467122763 4.2767281898995853 4.0967097932007164 1.4431532761082051
leaf_count=1161 9361 228 760 1666 527 341 20
internal_value=-0.00283509 0.00871653 0.0206162 -0.00609902 0.0407509 -0.0189397 0.008959
internal_weight=57.0866 44.1944 33.2809 14.6027 18.6782 10.9135 5.53986
internal_count=14064 4703 3181 1894 1287 1522 361
cat_boundaries=0 1
cat_threshold=5
is_linear=0
shrinkage=0.05


Tree=35
num_leaves=8
num_cat=1
split_feature=0 30 43 38 39 2 25
split_gain=7.26104 5.36215 5.40019 11.2691 4.37523 3.34051 1.25792
threshold=0 0.95000000000000007 8.5500000000000025 8.0035710000000027 12.150000000000002 3.5000000000000004 5.5513890000000012
decision_type=1 2 2 2 2 2 2
left_child=1 4 5 -4 -1 -3 -6
right_child=-2 2 3 -5 6 -7 -8
leaf_value=0.050377947975728414 -0.026639679950761441 -0.025742631072331809 -0.045674500888982172 0.026828047540520428 0.020044224795811857 0.049579498273278413 -0.039352142145100237
leaf_weight=0.87249406706541677 12.497871964937074 1.0449094543000672 7.1865742109948796 14.525089067872612 0.38392720208503206 11.725547487963921 8.3303586209658516
leaf_count=17 9359 316 1537 1230 29 364 1182
internal_value=-0.00434623 0.00682377 0.0174983 0.00187525 -0.0231513 0.0419946 -0.0349413
internal_weight=56.5668 44.0689 34.4821 21.7117 9.58678 12.7705 8.71429
internal_count=14034 4675 3447 2767 1228 680 1211
cat_boundaries=0 1
cat_threshold=5
is_linear=0
shrinkage=0.05


Tree=36
num_leaves=6
num_cat=1
split_feature=0 35 44 42 5
split_gain=7.52843 4.36675 5.35817 6.46949 5.19125
threshold=0 68.94642850000001 34.400000000000013 2.5000000000000004 -0.6652727025667432
decision_type=1 2 2 2 2
left_child=1 -1 3 -3 -4
right_child=-2 2 4 -5 -6
leaf_value=-0.039057734413184997 -0.02635603159591221 0.052068607956453211 -0.035269704463429898 -0.028903321938143708 0.032019071998881023
leaf_weight=3.3118888477911232 12.217183314147404 2.1676393249072126 2.3717808123910791 10.61017961159814 26.68524979532231
leaf_count=1154 9355 44 1076 1131 1290
internal_value=-0.00314285 0.00763149 0.0139348 -0.012385 0.0255359
internal_weight=57.3639 45.1467 41.8348 12.7778 29.057
internal_count=14050 4695 3541 1175 2366
cat_boundaries=0 1
cat_threshold=5
is_linear=0
shrinkage=0.05


Tree=37
num_leaves=9
num_cat=2
split_feature=0 3 4 34 5 44 19 4
split_gain=8.49241 10.0528 9.93318 11.3973 7.2123 6.36451 5.94426 2.14344
threshold=0 1 -0.75015329512557205 24.150000000000002 0.82777578779003613 38.70000000000001 26.389583500000004 -0.88622299073327826
decision_type=1 1 2 2 2 2 2 2
left_child=1 5 3 -2 -3 6 -1 -5
right_child=2 4 -4 7 -6 -7 -8 -9
leaf_value=-0.025314403762403577 -0.03909027914826807 -0.045144535824810497 -0.047672176698831087 -0.013426050941422629 0.073240998885146402 -0.036958432957805175 0.049001809005089839 0.083912194880695928
leaf_weight=2.4584819328738439 3.5336623612092835 7.5136752276448515 17.471433417173102 0.36337949591688845 0.59320101607590903 2.2318131447536862 20.071472154697403 3.2350910729728639
leaf_count=102 2004 1302 9442 124 19 373 520 130
internal_value=-0.00278482 0.0127173 -0.020243 0.0196564 -0.0293908 0.0320455 0.0401612 0.0733007
internal_weight=57.4722 32.8686 24.6036 7.13213 8.10688 24.7618 22.53 3.59847
internal_count=14016 2316 11700 2258 1321 995 622 254
cat_boundaries=0 1 2
cat_threshold=1 1
is_linear=0
shrinkage=0.05


Tree=38
num_leaves=8
num_cat=3
split_feature=0 4 34 1 1 44 5
split_gain=5.6267 9.20265 10.0106 8.86999 7.84291 6.94035 6.21817
threshold=0 -0.75015329512557205 24.150000000000002 1 2 38.70000000000001 -0.4831374111459158
decision_type=1 2 2 1 1 2 2
left_child=4 2 -2 -4 5 6 -1
right_child=1 -3 3 -5 -6 -7 -8
leaf_value=-0.036060532741472223 -0.038919224928267007 -0.047488087902485571 0.10627785447880761 -0.029643259523262629 -0.042092215815982492 -0.039912685496821809 0.040144421883448377
leaf_weight=2.2692096539540278 3.4664741165470359 16.493870886159129 2.6261287124361843 1.2575620538555088 4.8994216286228065 3.1027985673863432 20.623931039823219
leaf_count=220 2036 9496 125 130 1169 485 447
internal_value=-0.0062435 -0.0196914 0.0173199 0.065208 0.00807052 0.0217232 0.0313977
internal_weight=54.7394 23.844 7.35016 3.88369 30.8954 25.9959 22.8931
internal_count=14108 11787 2291 255 2321 1152 667
cat_boundaries=0 1 2 3
cat_threshold=1 2 1
is_linear=0
shrinkage=0.05


Tree=39
num_leaves=12
num_cat=2
split_feature=44 44 24 37 5 34 30 1 1 5 13
split_gain=5.6286 9.04942 4.66417 8.50579 4.46171 7.2901 3.85735 3.46342 2.63654 2.08314 0.868814
threshold=38.70000000000001 35.800000000000004 55.500000000000007 48.500000000000007 0.82777578779003613 23.650000000000002 20.450000000000003 0 1 -0.46800559042974538 11.116666500000003
decision_type=2 2 2 2 2 2 2 1 1 2 2
left_child=1 2 3 -1 5 -3 -2 -6 9 -8 -4
right_child=6 4 10 -5 7 -7 8 -9 -10 -11 -12
leaf_value=-0.033642562239356459 -0.045756762521971445 -0.041020104621590371 -0.042972350341351426 0.04219013862421532 0.077041184533165899 0.033411083826233201 0.0609929983801418 -0.020124879955063749 -0.030092117095404186 -0.019213142922437004 0.0063852686148638642
leaf_weight=6.2483374415314774 8.9551269800285791 3.5566881888080415 8.8650088088470476 6.5690987495472655 5.0807670148788011 11.280995510169303 1.5950188561109828 0.65644934808369715 1.4182795342057937 0.61561031651217479 0.71732015314046371
leaf_count=1630 5016 1021 2983 644 162 1412 246 153 429 176 119
internal_value=-0.00141407 0.00730127 -0.0144219 0.00546329 0.0305234 0.0141059 -0.0295235 0.0645866 0.0117665 0.0396299 -0.0390233
internal_weight=55.5587 42.9747 22.3998 12.8174 20.5749 14.8377 12.584 5.73722 3.62891 2.21063 9.58233
internal_count=13991 8124 5376 2274 2748 2433 5867 315 851 422 3102
cat_boundaries=0 1 2
cat_threshold=1 2
is_linear=0
shrinkage=0.05


Tree=40
num_leaves=7
num_cat=1
split_feature=0 19 4 4 4 39
split_gain=6.09919 4.89412 4.83885 8.34123 4.4278 1.10645
threshold=0 26.322916500000002 -0.082689790342551792 0.878110924644389 -0.88622299073327826 11.950000000000001
decision_type=1 2 2 2 2 2
left_child=1 5 4 -4 -3 -1
right_child=-2 2 3 -5 -6 -7
leaf_value=0.015395722031999052 -0.024815003840867784 -0.031439533330750079 -0.044797519398665289 0.018170704937556077 0.041032549155343524 -0.042800834705059215
leaf_weight=0.44563900516368349 10.798395674559286 1.6666037344839448 6.6677374324062866 15.750806043797636 15.835327919921836 4.2842561650904827
leaf_count=12 9370 422 1754 836 1056 605
internal_value=-0.00313564 0.00653947 0.0138766 -0.00167054 0.0328052 -0.0355877
internal_weight=55.4488 44.6504 39.9205 22.4185 17.5019 4.7299
internal_count=14055 4685 4068 2590 1478 617
cat_boundaries=0 1
cat_threshold=5
is_linear=0
shrinkage=0.05


Tree=41
num_leaves=7
num_cat=1
split_feature=0 19 4 4 4 39
split_gain=5.55785 3.93059 4.11917 7.58668 3.91731 1.56203
threshold=0 26.322916500000002 -0.082689790342551792 0.878110924644389 -0.88622299073327826 11.950000000000001
decision_type=1 2 2 2 2 2
left_child=1 5 4 -4 -3 -1
right_child=-2 2 3 -5 -6 -7
leaf_value=0.027379367070486695 -0.02448649463459867 -0.03115159432867224 -0.044526916627321965 0.016540140407772325 0.037188788863132941 -0.042179675460052579
leaf_weight=0.25383001961745222 10.520268150663467 1.6265346159925709 6.3584151131799471 15.485012242803348 15.941164430929346 4.0499692551093176
leaf_count=10 9363 422 1779 815 1046 606
internal_value=-0.00384565 0.00574872 0.012205 -0.00240696 0.0295244 -0.0336885
internal_weight=54.2352 43.7149 39.4111 21.8434 17.5677 4.3038
internal_count=14041 4678 4062 2594 1468 616
cat_boundaries=0 1
cat_threshold=5
is_linear=0
shrinkage=0.05


Tree=42
num_leaves=7
num_cat=1
split_feature=0 19 4 4 4 39
split_gain=5.76854 4.49175 6.12744 6.65452 4.12971 1.05976
threshold=0 26.322916500000002 -0.082689790342551792 0.878110924644389 -0.88622299073327826 11.950000000000001
decision_type=1 2 2 2 2 2
left_child=1 5 4 -4 -3 -1
right_child=-2 2 3 -5 -6 -7
leaf_value=0.014990636172865147 -0.024144526260273767 -0.03044014111194332 -0.044369445549099239 0.013559913087827584 0.04129737673578586 -0.042106659153759364
leaf_weight=0.44901757780462404 10.23905906989239 1.5358975746203238 6.210839286621197 14.928482915274797 16.838054501218721 4.0244855146156624
leaf_count=11 9398 428 1747 816 1076 607
internal_value=-0.00266415 0.00665027 0.013712 -0.00469536 0.0340391 -0.0346839
internal_weight=54.2258 43.9868 39.5133 21.1393 18.374 4.4735
internal_count=14083 4685 4067 2563 1504 618
cat_boundaries=0 1
cat_threshold=5
is_linear=0
shrinkage=0.05


Tree=43
num_leaves=10
num_cat=2
split_feature=0 4 34 1 40 30 44 23 5
split_gain=5.36945 8.81802 8.0467 7.53525 7.51887 5.51723 7.108 4.35394 3.53448
threshold=0 -0.75015329512557205 24.150000000000002 1 47.20000000000001 0.95000000000000007 30.800000000000004 94.500000000000014 0.94909129669788206
decision_type=1 2 2 1 2 2 2 2 2
left_child=4 2 -2 -4 5 8 -7 -6 -1
right_child=1 -3 3 -5 7 6 -8 -9 -10
leaf_value=-0.036843135521961314 -0.037625881102866209 -0.047274995856631669 -0.029802941232683872 0.093633538566771049 0.040893606795525318 -0.021615957781071764 0.054697211060337897 -0.04579152271191126 0.024317698952624839
leaf_weight=4.2491610953002299 3.0083280801773098 14.988296061521394 1.2444606822682545 2.8584540960146114 0.98253413871861894 3.2686593467369702 13.661884657340122 6.3134665489196777 3.3762686206027865
leaf_count=483 2014 9417 129 123 25 96 564 1029 125
internal_value=-0.00442896 -0.018498 0.0177004 0.0576904 0.00860862 0.0243668 0.0395801 -0.0305957 -0.0100835
internal_weight=53.9515 22.0995 7.11124 4.10291 31.852 24.556 16.9305 7.296 7.62543
internal_count=14005 11683 2266 252 2322 1268 660 1054 608
cat_boundaries=0 1 2
cat_threshold=1 1
is_linear=0
shrinkage=0.05


Tree=44
num_leaves=9
num_cat=1
split_feature=0 38 38 2 32 4 13 30
split_gain=5.0829 3.46082 5.4484 4.69649 4.23651 3.87589 3.7845 3.03513
threshold=0 8.3339285000000007 9.8517855000000019 11.500000000000002 27.011607000000001 0.97875492728876534 10.9 1.9500000000000002
decision_type=1 2 2 2 2 2 2 2
left_child=1 3 7 6 -5 -4 -1 -3
right_child=-2 2 5 4 -6 -7 -8 -9
leaf_value=-0.045358229343514044 -0.023475367569190358 -0.014002912679806615 -0.036991900524805825 0.030676300603655213 -0.038638581307260819 0.017810205481967382 0.044539983218639091 0.045142920378912071
leaf_weight=7.7162515066447668 9.7016077844309603 2.0820531636709374 5.0388178642024268 7.5356766227632761 2.0368925574002787 6.0225645510945469 0.54140116996131826 13.188894665567203
leaf_count=2172 9382 229 1063 177 60 283 74 606
internal_value=-0.00308251 0.00574409 0.0182588 -0.00967583 0.0136676 -0.00815114 -0.0352897 0.0367139
internal_weight=53.8642 44.1626 26.3323 17.8302 9.57257 11.0614 8.25765 15.2709
internal_count=14046 4664 2181 2483 237 1346 2246 835
cat_boundaries=0 1
cat_threshold=5
is_linear=0
shrinkage=0.05


Tree=45
num_leaves=5
num_cat=1
split_feature=0 7 2 30
split_gain=5.23431 4.01961 3.87257 3.68132
threshold=0 25.981250000000003 3.5000000000000004 8.8500000000000032
decision_type=1 2 2 2
left_child=1 -1 -3 -4
right_child=-2 2 3 -5
leaf_value=-0.039913780415061835 -0.023184238891988701 -0.037019036156577756 0.02736176809572817 -0.0046136759388913521
leaf_weight=3.0677247360581523 9.4784411842701939 2.740318040829151 25.520918277965393 13.237849135708528
leaf_count=396 9378 1193 1093 1992
internal_value=-0.0021006 0.00646338 0.012271 0.0165994
internal_weight=54.0453 44.5668 41.4991 38.7588
internal_count=14052 4674 4278 3085
cat_boundaries=0 1
cat_threshold=5
is_linear=0
shrinkage=0.05


Tree=46
num_leaves=8
num_cat=1
split_feature=0 38 38 43 32 36 31
split_gain=4.57522 4.07304 5.49189 5.03333 5.49815 4.43183 2.71119
threshold=0 7.9297620000000011 9.8517855000000019 9.3500000000000032 26.964285500000003 97.500000000000014 36.900000000000013
decision_type=1 2 2 2 2 2 2
left_child=1 3 6 4 -1 -4 -3
right_child=-2 2 5 -5 -6 -7 -8
leaf_value=0.032979203386833321 -0.022990828105135776 0.0401959269858293 -0.035475235408096606 -0.045279271671819381 -0.040996319293262855 0.026603322373869781 -0.0082950035644608362
leaf_weight=6.6301430693711136 9.3317658438463678 15.835486789350403 6.3808514810516481 6.2857130598276845 2.7765455367043614 3.8020494040101767 3.1091946003725743
leaf_count=244 9418 753 1034 1521 383 311 463
internal_value=-0.00348092 0.00493488 0.0168797 -0.0139633 0.00930282 -0.0119904 0.0322207
internal_weight=54.1517 44.82 29.1276 15.6924 9.40669 10.1829 18.9447
internal_count=14127 4709 2561 2148 627 1345 1216
cat_boundaries=0 1
cat_threshold=5
is_linear=0
shrinkage=0.05


Tree=47
num_leaves=10
num_cat=0
split_feature=31 44 2 39 4 39 43 4 25
split_gain=3.89243 6.23434 3.52416 3.38971 3.06588 2.89685 2.40641 2.63162 0.0777903
threshold=36.900000000000013 35.800000000000004 3.5000000000000004 11.950000000000001 0.90162119223771342 23.350000000000005 37.550000000000004 0.99865421017599987 6.1833335000000007
decision_type=2 2 2 2 2 2 2 2 2
left_child=1 3 -3 8 -5 -4 7 -2 -1
right_child=6 2 5 4 -6 -7 -8 -9 -10
leaf_value=0.0073635987711739908 -0.045842974354862537 -0.03287680919563804 0.0331405113935982 -0.035873399129723003 0.0044970521481419948 -0.029479201795935141 0.019635834596271842 0.029556353703790034 0.048200426054496898
leaf_weight=0.57409815350547677 8.7057271560770406 1.8528252874384659 18.422228251642085 12.573506773449482 6.8854057407006612 1.2740946091362264 1.5130722541362054 0.62750618369318623 0.83627237717155367
leaf_count=58 4911 1047 2228 4770 558 374 42 21 33
internal_value=-0.00398093 0.00302788 0.0214124 -0.0160667 -0.022067 0.0278612 -0.0293332 -0.0384039 0.0415289
internal_weight=53.2647 42.4184 21.5491 20.8693 19.4589 19.6963 10.8463 9.33323 1.41037
internal_count=14042 9068 3649 5419 5328 2602 4974 4932 91
is_linear=0
shrinkage=0.05


Tree=48
num_leaves=6
num_cat=1
split_feature=0 7 4 4 4
split_gain=4.25189 3.23979 4.06623 5.58239 3.70857
threshold=0 25.922916500000003 -0.082689790342551792 0.878110924644389 -0.88622299073327826
decision_type=1 2 2 2 2
left_child=1 -1 4 -4 -3
right_child=-2 2 3 -5 -6
leaf_value=-0.038866071255464214 -0.022361059570237849 -0.032195039679869725 -0.043804014586492454 0.010751949946014984 0.031325672939240538
leaf_weight=2.744875374948605 8.8710232201265153 1.7793958782567667 5.7620024425559704 14.424719827831721 19.147837196360342
leaf_count=350 9389 529 1801 822 1189
internal_value=-0.00332368 0.00484436 0.00976647 -0.00615277 0.0247027
internal_weight=52.7299 43.8588 41.114 20.1867 20.9272
internal_count=14080 4691 4341 2623 1718
cat_boundaries=0 1
cat_threshold=5
is_linear=0
shrinkage=0.05


Tree=49
num_leaves=7
num_cat=1
split_feature=0 19 4 4 37 38
split_gain=4.21812 3.17104 4.30177 5.27671 2.93266 1.06633
threshold=0 26.322916500000002 -0.082689790342551792 0.878110924644389 59.500000000000007 6.001488000000001
decision_type=1 2 2 2 2 2
left_child=1 5 4 -4 -3 -1
right_child=-2 2 3 -5 -6 -7
leaf_value=0.016158372050830545 -0.022041069320276906 0.037754961355182075 -0.043390404620293144 0.0096927911097215522 -0.0049409316118413189 -0.040910360147457282
leaf_weight=0.44035059597808812 8.644921832252292 14.397859396645801 5.4362895835656699 16.282714388973545 5.1558804535889058 3.4093096575816162
leaf_count=43 9368 432 1761 841 1044 573
internal_value=-0.0027559 0.00502583 0.0103891 -0.00491903 0.0268044 -0.0323966
internal_weight=53.7673 45.1224 41.2727 21.719 19.5537 3.84966
internal_count=14062 4694 4078 2602 1476 616
cat_boundaries=0 1
cat_threshold=5
is_linear=0
shrinkage=0.05


Tree=50
num_leaves=8
num_cat=3
split_feature=0 1 43 44 1 5 34
split_gain=5.36642 7.96186 6.85153 6.16972 5.72536 5.55585 4.19516
threshold=0 1 27.750000000000004 38.70000000000001 2 -0.4831374111459158 24.150000000000002
decision_type=1 1 2 2 1 2 2
left_child=1 3 -2 5 -4 -1 -6
right_child=2 -3 4 -5 6 -7 -8
leaf_value=-0.035616243830457028 -0.046966912126395317 -0.042256777051680211 -0.037800708747360016 -0.039107996027993627 -0.025738127139913986 0.037307422042588446 0.06834475350683826
leaf_weight=2.1380235561518992 13.374101046356374 4.8557863748283117 2.5957685976172789 2.8169618233223437 1.0459822935517875 22.95040505065117 3.1763386996462941
leaf_count=217 9817 1188 936 501 594 474 327
internal_value=-0.00358116 0.00879873 -0.0185386 0.0218814 0.0123877 0.0299659 0.0445723
internal_weight=52.9534 32.7612 20.1922 27.9054 6.81809 25.0884 4.22232
internal_count=14054 2380 11674 1192 1857 691 921
cat_boundaries=0 1 2 3
cat_threshold=1 1 1
is_linear=0
shrinkage=0.05


Tree=51
num_leaves=8
num_cat=1
split_feature=0 4 40 32 44 44 38
split_gain=3.90335 8.54682 6.70484 6.59902 5.1232 6.17515 1.01445
threshold=0 -0.75015329512557205 64.250000000000014 27.026488000000004 38.70000000000001 35.800000000000004 8.629166500000002
decision_type=1 2 2 2 2 2 2
left_child=2 3 4 -2 5 -1 -5
right_child=1 -3 -4 6 -6 -7 -8
leaf_value=0.0026513353139861837 -0.036490333396718054 -0.046887896008494773 -0.042582868970697491 -0.011244654897755356 -0.038272384581666312 0.051518446579521038 0.056192438465583673
leaf_weight=13.716512060491374 2.6558565686573301 12.926060577621682 4.2989321899367487 0.28920459619257588 2.6270170318894079 11.424953751615247 4.2954987131524831
leaf_count=651 1925 9458 784 230 593 308 124
internal_value=-0.00354327 -0.0161486 0.00730655 0.0181622 0.0187816 0.0259791 0.0506867
internal_weight=52.234 20.1666 32.0674 7.24056 27.7685 25.1415 4.5847
internal_count=14073 11737 2336 2279 1552 959 354
cat_boundaries=0 1
cat_threshold=1
is_linear=0
shrinkage=0.05


Tree=52
num_leaves=6
num_cat=1
split_feature=0 43 4 38 39
split_gain=3.79393 2.9394 3.05157 4.07758 1.19117
threshold=0 0.95000000000000007 0.99818282439137029 7.9297620000000011 12.150000000000002
decision_type=1 2 2 2 2
left_child=1 4 3 -3 -1
right_child=-2 2 -4 -5 -6
leaf_value=0.02117125513015701 -0.02093388737451083 -0.0081190023379494377 -0.03881408209585549 0.02555095413874351 -0.040901828986546054
leaf_weight=0.29700353927910272 7.8971340224379665 13.208908672037067 1.9935923138982605 24.770529707602691 3.2296773187117651
leaf_count=4 9385 1864 69 1892 847
internal_value=-0.00218003 0.00516266 0.0104192 0.013933 -0.0321521
internal_weight=51.3968 43.4997 39.973 37.9794 3.52668
internal_count=14061 4676 3825 3756 851
cat_boundaries=0 1
cat_threshold=5
is_linear=0
shrinkage=0.05


Tree=53
num_leaves=6
num_cat=0
split_feature=2 5 38 43 32
split_gain=3.39036 4.15946 3.27887 5.85453 4.12817
threshold=3.5000000000000004 -0.6652727025667432 7.9297620000000011 9.3500000000000032 29.851785500000002
decision_type=2 2 2 2 2
left_child=-1 -2 3 -3 -4
right_child=1 2 4 -5 -6
leaf_value=-0.040929807895897258 -0.040675504019355296 0.014584172568420399 0.022152667125655973 -0.045223717396919383 -0.037383879421077779
leaf_weight=4.3428304787375955 4.3233089080313212 8.4241063912049849 25.601706021523572 6.3584534452529615 2.3578779501840463
leaf_count=3821 4171 664 2085 2662 652
internal_value=-0.00318222 0.00107991 0.00613675 -0.0123766 0.0160143
internal_weight=51.4083 47.0655 42.7421 14.7826 27.9596
internal_count=14055 10234 6063 3326 2737
is_linear=0
shrinkage=0.05


Tree=54
num_leaves=8
num_cat=1
split_feature=0 44 31 4 39 43 14
split_gain=3.15552 3.30283 3.65237 3.76393 2.84191 2.46062 1.66665
threshold=0 35.800000000000004 36.900000000000013 0.99700008544936913 11.950000000000001 37.550000000000004 15.050000000000002
decision_type=1 2 2 2 2 2 2
left_child=1 4 3 -3 -1 -4 -6
right_child=-2 2 5 -5 6 -7 -8
leaf_value=0.039946561916436613 -0.02047691899659378 0.032855647798299518 -0.027610487502778665 -0.034449585089581035 -0.032135919811562871 0.029748136224717111 -0.0002652266504223834
leaf_weight=1.3889274752582448 7.6037757368758312 17.94896592290025 5.9376636226370456 1.5165710268192913 8.8819774029834644 1.6484256051480768 7.0419553716783403
leaf_count=26 9369 1134 1637 81 1080 16 684
internal_value=-0.00343788 0.00359164 0.0150836 0.0261848 -0.0122466 -0.0131336 -0.0188904
internal_weight=51.9683 44.3645 27.0516 19.4655 17.3129 7.58609 15.9239
internal_count=14027 4658 2868 1215 1790 1653 1764
cat_boundaries=0 1
cat_threshold=5
is_linear=0
shrinkage=0.05


Tree=55
num_leaves=6
num_cat=1
split_feature=0 7 24 38 36
split_gain=3.25972 2.88026 3.00191 3.57955 2.61458
threshold=0 25.981250000000003 45.500000000000007 8.0035710000000027 97.500000000000014
decision_type=1 2 2 2 2
left_child=1 -1 4 -4 -3
right_child=-2 2 3 -5 -6
leaf_value=-0.038055685406783751 -0.020164511721003888 -0.037795205461711258 -0.0066473739848066987 0.02829928849814042 0.0093425431794214916
leaf_weight=2.568139446200802 7.4104874742915845 4.6785458350495883 10.669897663290614 20.321941648086067 5.4554414689773694
leaf_count=385 9351 1091 1574 1277 353
internal_value=-0.00260086 0.00430984 0.00881906 0.0164361 -0.0138595
internal_weight=51.1045 43.694 41.1258 30.9918 10.134
internal_count=14031 4680 4295 2851 1444
cat_boundaries=0 1
cat_threshold=5
is_linear=0
shrinkage=0.05


Tree=56
num_leaves=8
num_cat=0
split_feature=5 24 19 43 15 42 36
split_gain=3.05682 3.98533 3.25909 3.05781 1.34491 1.00182 0.446911
threshold=-0.6523320455745395 40.500000000000007 26.322916500000002 8.9500000000000011 2.7500000000000004 1.5000000000000002 97.500000000000014
decision_type=2 2 2 2 2 2 2
left_child=-1 4 5 -4 -2 -3 -6
right_child=1 2 3 -5 6 -7 -8
leaf_value=-0.041023661716250284 -0.043969038372252918 0.014270374525156997 0.025738978071100739 -0.0032348266004874125 -0.015345741775519527 -0.041285553843026082 0.023982218289645179
leaf_weight=4.4672883606399401 5.3678383009682866 0.46914138837018926 15.586150637333047 19.759613484260626 0.38159269455354639 3.5303461492294446 0.69122301053721458
leaf_count=4275 3534 41 1454 3256 112 1362 35
internal_value=-0.00568226 -0.0014309 0.00480067 0.00989818 -0.0350278 -0.0332179 0.00933885
internal_weight=50.2532 45.7859 39.3453 35.3458 6.44065 3.99949 1.07282
internal_count=14069 9794 6113 4710 3681 1403 147
is_linear=0
shrinkage=0.05


Tree=57
num_leaves=8
num_cat=0
split_feature=12 5 19 4 23 7 13
split_gain=3.20771 4.01838 3.85367 2.50826 1.76108 1.29734 1.23149
threshold=43.500000000000007 -0.6652727025667432 26.389583500000004 -0.88622299073327826 97.500000000000014 26.481250000000003 9.6312500000000032
decision_type=2 2 2 2 2 2 2
left_child=4 -2 5 -4 -1 -3 -6
right_child=1 2 3 -5 6 -7 -8
leaf_value=-0.044624710072934171 -0.039854739157491416 -0.041900704098342144 -0.032437715053649056 0.0172624649156508 -0.024409959489467625 0.0080737850177671055 0.032126574580284846
leaf_weight=5.0505479497951447 3.8979932590154922 3.7007945699151596 1.8253742489032436 34.139673985046102 0.85346316482173268 1.4024265381158327 1.0578431963222099
leaf_count=3206 4142 1315 1145 3496 251 386 74
internal_value=-0.00202095 0.00309293 0.00801979 0.0139307 -0.0312911 -0.0290945 0.00716809
internal_weight=51.9281 44.9663 41.0683 35.965 6.96185 5.10322 1.91131
internal_count=14015 10484 6342 4641 3531 1701 325
is_linear=0
shrinkage=0.05


Tree=58
num_leaves=6
num_cat=1
split_feature=43 0 4 4 19
split_gain=2.97195 2.5779 2.27077 3.72128 2.90197
threshold=0.95000000000000007 0 -0.082689790342551792 0.878110924644389 26.322916500000002
decision_type=2 1 2 2 2
left_child=-1 2 4 -4 -2
right_child=1 -3 3 -5 -6
leaf_value=-0.042045878233495794 -0.02584259590235867 -0.017733132938368323 -0.041926966489013388 0.0063162421817278191 0.024010540519430426
leaf_weight=3.9515654330607495 2.5918900580727522 6.0241259693866587 4.4079758116859038 14.574319690524133 18.352383278019261
leaf_count=2555 441 7671 1413 507 1450
internal_value=-0.00523779 -0.00124434 0.00478078 -0.00642413 0.0169446
internal_weight=49.9023 45.9507 39.9266 18.9823 20.9443
internal_count=14037 11482 3811 1920 1891
cat_boundaries=0 1
cat_threshold=5
is_linear=0
shrinkage=0.05


Tree=59
num_leaves=11
num_cat=3
split_feature=30 0 1 30 41 30 9 21 1 19
split_gain=3.36132 3.88227 4.74885 3.91404 3.64458 2.46877 2.06144 1.2329 1.17457 0.903875
threshold=8.8500000000000032 0 1 0.95000000000000007 65.200000000000003 19.050000000000004 24.350000000000005 24.450000000000003 2 28.390278000000006
decision_type=2 1 1 2 2 2 2 2 1 2
left_child=1 2 3 -1 -3 -2 9 -8 -6 -7
right_child=5 4 -4 -5 8 6 7 -9 -10 -11
leaf_value=-0.0049939859408310349 -0.04548577839995032 -0.044897619487725526 -0.037065478297180876 0.040331172923775492 -0.016709419186091479 -0.04028063281170343 0.026349156488486139 -0.011979091071491662 0.049592609517545162 0.015272916870250886
leaf_weight=6.8511495432176188 6.9438345259695806 7.6516177714220266 2.6535992046119672 13.252333452343008 0.43281928839860462 3.3669005217670915 3.5349674999888521 3.0869176829583012 0.85094333026790991 0.3377040933119132
leaf_count=313 4177 5833 622 286 105 1371 533 659 103 11
internal_value=-0.00733887 0.00243472 0.0118548 0.0253799 -0.0160812 -0.0244258 -0.00749887 0.00925427 0.0297104 -0.0330465
internal_weight=48.9628 31.6925 22.7571 20.1035 8.93538 17.2703 10.3265 6.62189 1.28376 3.7046
internal_count=14013 7262 1221 599 6041 6751 2574 1192 208 1382
cat_boundaries=0 1 2 3
cat_threshold=1 1 1
is_linear=0
shrinkage=0.05


Tree=60
num_leaves=5
num_cat=0
split_feature=2 5 7 4
split_gain=3.02252 3.49152 2.87234 3.30952
threshold=3.5000000000000004 -0.6652727025667432 30.372916500000006 -0.88622299073327826
decision_type=2 2 2 2
left_child=-1 -2 3 -3
right_child=1 2 -4 -5
leaf_value=-0.039656705323286606 -0.039174965355183305 -0.036264267760227016 -0.038372872315860306 0.014123064819436301
leaf_weight=3.7068135452864217 3.5943928291671901 2.6031956400256595 2.3214225873234673 37.939023671788163
leaf_count=3837 4168 1833 596 3648
internal_value=-0.0014624 0.00235647 0.00665286 0.0100927
internal_weight=50.1648 46.458 42.8636 40.5422
internal_count=14082 10245 6077 5481
is_linear=0
shrinkage=0.05


Tree=61
num_leaves=6
num_cat=0
split_feature=2 5 38 43 7
split_gain=2.45582 2.95496 2.8892 4.85142 3.06889
threshold=3.5000000000000004 -0.6652727025667432 7.9297620000000011 9.3500000000000032 30.522916500000004
decision_type=2 2 2 2 2
left_child=-1 -2 3 -3 -4
right_child=1 2 4 -5 -6
leaf_value=-0.039050922159157224 -0.03889407493595267 0.0099479272461159996 0.017809272083926117 -0.04496876369503211 -0.036489417366062732
leaf_weight=3.4591776874149209 3.4792100237391415 8.8562672342522983 26.333204179594762 5.9595091331284484 1.9434395053540345
leaf_count=3807 4162 671 2165 2662 540
internal_value=-0.00360333 -0.000204865 0.0037301 -0.0135884 0.0129585
internal_weight=50.0308 46.5716 43.0924 14.8158 28.2766
internal_count=14007 10200 6038 3333 2705
is_linear=0
shrinkage=0.05


Tree=62
num_leaves=10
num_cat=1
split_feature=0 4 40 34 32 4 34 23 4
split_gain=2.37107 7.87837 5.59038 4.52743 3.74392 7.37316 4.62873 3.2091 0.821341
threshold=0 -0.75015329512557205 47.20000000000001 24.150000000000002 27.019940500000001 0.88621069759564464 21.550000000000004 94.500000000000014 -0.82415615971448097
decision_type=1 2 2 2 2 2 2 2 2
left_child=2 3 4 -2 6 -6 -1 -4 -5
right_child=1 -3 7 8 5 -7 -8 -9 -10
leaf_value=-0.005052583569621117 -0.033748498708208528 -0.046361811759640242 0.029218944742759507 0.014442825888036265 -0.045026110808709142 0.026678194822269671 0.063696435642624422 -0.045535113742603425 0.059608583564110133
leaf_weight=3.5118719760794246 2.0619225131813463 10.837710106658049 1.0996121375355858 2.6647732589626685 4.6019642943283534 8.9591425137186871 6.1548595081549138 5.4849240751937032 2.335915919393301
leaf_count=215 2029 9435 27 187 610 336 123 1021 63
internal_value=-0.00385767 -0.0138536 0.00520569 0.0184114 0.0184251 0.000924193 0.0405881 -0.0308448 0.0419583
internal_weight=47.7127 17.9003 29.8124 7.06261 23.2278 13.5611 9.66673 6.58454 5.00069
internal_count=14046 11714 2332 2279 1284 946 338 1048 250
cat_boundaries=0 1
cat_threshold=1
is_linear=0
shrinkage=0.05


Tree=63
num_leaves=14
num_cat=1
split_feature=6 44 44 42 4 36 27 1 19 2 4 31 4
split_gain=2.26195 2.80555 3.43342 2.729 2.20226 2.00026 1.6056 1.4025 0.965439 0.922482 0.797402 0.515264 0.0484442
threshold=1.5000000000000002 36.900000000000013 34.400000000000013 2.5000000000000004 0.99053107487289871 95.500000000000014 50.95000000000001 0 30.538889000000001 3.5000000000000004 0.99761913169647187 29.350000000000005 0.97875492728876534
decision_type=2 2 2 2 2 2 2 1 2 2 2 2 2
left_child=5 2 3 -2 -4 11 10 -8 9 -7 -3 12 -1
right_child=1 6 4 -5 -6 8 7 -9 -10 -11 -12 -13 -14
leaf_value=-0.0037390338048658347 0.022676204912832249 -0.045352208089565305 0.021887191749494501 -0.034021186009733279 -0.03121041848675922 -0.017380748197383149 -0.029779632481456916 0.022453825577003664 -0.020813830516228805 0.029329993444992344 0.0078965420015317412 -0.033418934899083146 0.013597105702332399
leaf_weight=0.080173669470240738 1.9886879902042007 7.516679752385242 12.249643095012287 8.2810808883805276 1.3898917566402804 0.52488813555100655 1.2805027710855938 1.9445987055078149 0.5089148227125414 9.3998771012411435 0.47116492391796772 1.6763439525093415 0.33067024918273091
leaf_count=98 437 5131 1617 3109 203 396 360 363 35 1002 72 1200 12
internal_value=-0.00487776 -0.0113227 -0.00130768 -0.0220041 0.0147141 0.0127013 -0.0308221 -0.000424849 0.0216132 0.0254948 -0.0416822 -0.024419 0.00996174
internal_weight=47.6431 35.1222 23.9093 10.2698 13.6395 12.5209 11.2129 3.2251 10.4337 9.92477 7.98784 2.08719 0.410844
internal_count=14035 11292 5366 3546 1820 2743 5926 723 1433 1398 5203 1310 110
cat_boundaries=0 1
cat_threshold=1
is_linear=0
shrinkage=0.05


Tree=64
num_leaves=7
num_cat=1
split_feature=0 43 30 30 7 39
split_gain=2.37446 2.19635 2.49843 4.09894 1.97531 1.07759
threshold=0 0.95000000000000007 8.8500000000000032 19.050000000000004 30.522916500000004 12.150000000000002
decision_type=1 2 2 2 2 2
left_child=1 5 4 -4 -3 -1
right_child=-2 2 3 -5 -6 -7
leaf_value=0.019894661059962387 -0.017731035379459897 0.020469025092403417 -0.042921088450535667 0.011152859071967218 -0.030902015533463473 -0.039542057271522851
leaf_weight=0.304839289747178 6.0235288788098833 24.500054634292614 4.5219189954223102 8.7865227311558538 1.144460857962257 2.7994316293334123
leaf_count=4 9340 1498 1380 842 79 851
internal_value=-0.00200259 0.00383654 0.0082055 -0.00893592 0.0171027 -0.0302802
internal_weight=48.0808 42.0572 38.953 13.3084 25.6445 3.10427
internal_count=13994 4654 3799 2222 1577 855
cat_boundaries=0 1
cat_threshold=5
is_linear=0
shrinkage=0.05


Tree=65
num_leaves=8
num_cat=3
split_feature=0 4 1 1 40 5 30
split_gain=2.56593 6.7122 6.32505 5.83163 4.5677 4.33867 3.93636
threshold=0 -0.75015329512557205 1 2 64.250000000000014 -0.46800559042974538 0.95000000000000007
decision_type=1 2 1 1 2 2 2
left_child=2 3 -1 -2 6 -5 -4
right_child=1 -3 4 5 -6 -7 -8
leaf_value=-0.041861534278984411 -0.037858594940386493 -0.046030579934043747 -0.0089369016346821824 0.070184924940354679 -0.038111177185946962 -0.0255890033866598 0.035347578809956141
leaf_weight=4.4536407666455489 2.3837958219228339 9.9603588950994872 6.337980196054569 3.2895837064133957 2.4506225302466182 1.0402373854594769 18.076525352429599
leaf_count=1179 1134 9398 315 193 383 955 472
internal_value=-0.00275216 -0.0138672 0.00588214 0.0156542 0.0171262 0.0466913 0.0239521
internal_weight=47.9927 16.674 31.3188 6.71362 26.8651 4.32982 24.4145
internal_count=14029 11680 2349 2282 1170 1148 787
cat_boundaries=0 1 2 3
cat_threshold=1 2 1
is_linear=0
shrinkage=0.05


Tree=66
num_leaves=5
num_cat=0
split_feature=2 5 4 37
split_gain=2.13032 2.43248 2.03739 2.50714
threshold=3.5000000000000004 -0.6652727025667432 -0.88622299073327826 51.500000000000007
decision_type=2 2 2 2
left_child=-1 -2 -3 -4
right_child=1 2 3 -5
leaf_value=-0.03788080502053208 -0.037428790439119529 -0.034706556715400197 -0.006231813758889696 0.018552810326114992
leaf_weight=3.0417611075099549 2.9616132374503641 2.2426785236166316 19.173317339562345 19.927255921676988
leaf_count=3789 4171 1820 2050 2244
internal_value=-0.00313119 3.80192e-05 0.0035425 0.00654711
internal_weight=47.3466 44.3049 41.3433 39.1006
internal_count=14074 10285 6114 4294
is_linear=0
shrinkage=0.05


Tree=67
num_leaves=11
num_cat=0
split_feature=12 38 43 32 25 27 11 40 43 21
split_gain=2.23653 2.85351 4.24997 2.62525 2.57578 2.66581 1.16947 0.925558 0.906188 0.609829
threshold=43.500000000000007 7.9297620000000011 9.3500000000000032 27.019940500000001 10.964583000000003 10.100000000000001 99.500000000000014 140.65000000000003 7.5500000000000016 25.150000000000002
decision_type=2 2 2 2 2 2 2 2 2 2
left_child=6 2 3 -2 5 -3 8 -6 -1 -10
right_child=1 4 -4 -5 7 -7 -8 -9 9 -11
leaf_value=-0.043386045079832264 0.024487025210238489 0.032077504250136397 -0.044000474232254672 -0.034531931688866167 -0.037967863722732205 -0.00033886658102021643 0.024262750685874926 0.01690291240303533 -0.020726593458703601 0.022131568425035573
leaf_weight=4.2803619431797406 5.9327550830203091 12.669277502485789 5.9327044321398716 1.6288560475513802 2.3488081798132039 11.793328537343767 0.26773177413269866 0.37142890971153963 0.6276227440102955 0.69805677502881736
leaf_count=3349 540 937 4553 497 1344 2622 12 10 151 30
internal_value=-0.00190057 0.00249815 -0.0155964 0.00922526 0.0117155 0.0170501 -0.0282945 -0.0279461 -0.0340973 0.00165353
internal_weight=46.5509 40.6772 13.4943 7.56161 27.1828 24.4626 5.87377 2.72024 5.60604 1.32568
internal_count=14045 10503 5590 1037 4913 3559 3542 1354 3530 181
is_linear=0
shrinkage=0.05


Tree=68
num_leaves=12
num_cat=0
split_feature=38 2 36 19 32 39 12 13 26 26 4
split_gain=2.23387 2.79409 2.75455 2.05741 3.61304 2.03509 1.7014 1.45908 1.07636 0.533259 0.25436
threshold=8.2910715000000028 11.500000000000002 95.500000000000014 26.389583500000004 27.019940500000001 24.150000000000002 44.500000000000007 11.116666500000003 17.550000000000004 17.150000000000002 0.96234642434711437
decision_type=2 2 2 2 2 2 2 2 2 2 2
left_child=1 7 8 -3 -5 6 -4 -1 9 -2 -9
right_child=2 3 5 4 -6 -7 -8 10 -10 -11 -12
leaf_value=-0.044970039444160025 -0.019525010928043377 -0.036219875084587037 -0.018648993667890797 0.032989201973972086 -0.036256757691492891 -0.032169653493697672 0.019688068542595326 -0.0076069552752057196 -0.041140471202197812 0.018672429946806107 0.030717416734636779
leaf_weight=7.3797280824219351 0.59303402944351802 1.8771859036933163 2.5638694375229596 5.2125318368780427 1.7694614390493368 1.6467146546638094 19.3498473619984 0.17730813531670708 3.2825608442362864 1.1757270651578435 0.20810220204293728
leaf_count=6459 100 263 422 265 182 1258 2259 172 2594 75 12
internal_value=-0.00575267 -0.0197658 0.00278194 3.28081e-05 0.0130963 0.01014 0.0145846 -0.0397806 -0.0275418 0.00343912 0.0203218
internal_weight=45.2361 16.6243 28.6118 8.85918 6.98199 23.5604 21.9137 7.76514 5.05132 1.76876 0.38541
internal_count=14061 7353 6708 710 447 3939 2681 6643 2769 175 184
is_linear=0
shrinkage=0.05


Tree=69
num_leaves=8
num_cat=3
split_feature=0 1 4 1 40 21 34
split_gain=2.02051 5.41954 4.84627 4.40718 4.30804 3.35015 2.76071
threshold=0 1 -0.75015329512557205 2 64.250000000000014 21.550000000000004 24.150000000000002
decision_type=1 1 2 1 2 2 2
left_child=1 -1 3 -2 5 -3 -5
right_child=2 4 -4 6 -6 -7 -8
leaf_value=-0.041747654045548616 -0.037831187038480263 -0.034577826598461051 -0.04581999060767189 -0.02382054069083071 -0.038558806648071597 0.026611167461519904 0.053857333726517291
leaf_weight=4.3529285023396369 2.3506963298714245 1.6318656670046134 9.4061447800922888 0.90613798864069384 2.5698492074443484 20.825054939574329 3.3176426042336971
leaf_count=1175 1151 85 9410 1017 395 689 130
internal_value=-0.00620734 0.00318637 -0.0154347 0.00797027 0.0135298 0.0208802 0.035823
internal_weight=45.3603 29.3797 15.9806 6.57448 25.0268 22.4569 4.22378
internal_count=14052 2344 11708 2298 1169 774 1147
cat_boundaries=0 1 2 3
cat_threshold=1 2 1
is_linear=0
shrinkage=0.05


Tree=70
num_leaves=13
num_cat=1
split_feature=24 44 44 32 2 22 7 40 35 25 27 1
split_gain=2.34931 2.8079 2.37905 2.59847 1.78976 1.50301 1.43754 1.11513 0.889183 0.854662 0.813895 0.164031
threshold=60.500000000000007 38.70000000000001 35.800000000000004 28.811607000000006 3.5000000000000004 87.687500000000014 26.481250000000003 14.950000000000001 86.050595000000015 8.1826385000000013 81.90000000000002 0
decision_type=2 2 2 2 2 2 2 2 2 2 2 1
left_child=1 2 3 -1 -4 7 -7 -2 -3 -8 -9 -10
right_child=5 8 4 -5 -6 6 9 10 11 -11 -12 -13
leaf_value=0.0055050643453441643 0.016478868699207384 -0.040242241577276718 -0.025379832035077255 -0.042162523009293344 0.027765572010284501 -0.028481852680164888 -0.016508236424542234 -0.044389093484889647 -0.0076937322967342682 0.033390232128785245 -0.0003846532313947928 0.020741791216123379
leaf_weight=12.394872543474778 0.49941170646343191 3.3268994554382512 0.99841599800856684 2.6515345698862793 13.420060177944832 1.2810381153831261 0.49065591685939614 6.2145429422380403 0.16737587653915387 2.1624655686609913 1.2505052224732933 0.3292956265504472
leaf_count=2776 21 2869 666 418 859 1014 457 4536 37 343 46 38
internal_value=-0.00360436 0.0033221 0.0088444 -0.00499914 0.0226781 -0.0217376 0.00324658 -0.0330644 -0.0322445 0.0221694 -0.0379339 0.0124212
internal_weight=45.1871 33.2885 29.4649 15.0464 14.4185 11.8986 3.93416 7.96446 3.82357 2.65312 7.46505 0.496672
internal_count=14080 7663 4719 3194 1525 6417 1814 4603 2944 800 4582 75
cat_boundaries=0 1
cat_threshold=1
is_linear=0
shrinkage=0.05


Tree=71
num_leaves=6
num_cat=0
split_feature=2 5 44 10 30
split_gain=1.86332 2.01827 1.82794 3.80928 2.04542
threshold=3.5000000000000004 -0.6652727025667432 34.400000000000013 77.000000000000014 0.95000000000000007
decision_type=2 2 2 2 2
left_child=-1 -2 3 -3 -4
right_child=1 2 4 -5 -6
leaf_value=-0.036759067790537753 -0.035995401142554784 0.021358602274516199 -0.022685497526503853 -0.033605279027522292 0.014462944928285634
leaf_weight=2.7036645690241121 2.5592395592830135 4.2667569593177159 3.3709420029190396 7.1840370764257386 26.476926369126886
leaf_count=3824 4187 407 640 1671 3333
internal_value=-0.00270293 0.000169151 0.00320823 -0.0130543 0.0096681
internal_weight=46.5616 43.8579 41.2987 11.4508 29.8479
internal_count=14062 10238 6051 2078 3973
is_linear=0
shrinkage=0.05


Tree=72
num_leaves=9
num_cat=0
split_feature=39 30 30 44 22 35 11 14
split_gain=1.71708 3.02301 2.38475 2.8016 0.577402 0.623064 0.218609 0.0542023
threshold=11.950000000000001 0.95000000000000007 1.0500000000000003 30.800000000000004 65.062500000000014 69.428571500000018 99.500000000000014 9.6500000000000004
decision_type=2 2 2 2 2 2 2 2
left_child=7 4 -3 -4 5 -2 -6 -1
right_child=1 2 3 -5 6 -7 -8 -9
leaf_value=0.0057683449689118257 -0.024048236285274541 0.042517140116624053 -0.042652011653784627 0.00037405131526355693 -0.045576834316355827 0.017429210264558216 -0.0033094786710972292 0.041177069819253093
leaf_weight=0.51086291600949951 0.91795598001044598 1.8702370384999074 3.3096151607169295 30.848923096476938 4.7106234187813243 0.76547117836889811 0.49686487147118885 0.88989615871105343
leaf_count=30 1701 142 997 9209 1801 65 45 54
internal_value=-0.00538189 -0.00752385 -0.00134669 -0.0048893 -0.0355572 -0.0057213 -0.0427268 0.0360451
internal_weight=44.3204 42.9197 36.0288 34.1585 6.89092 1.68343 5.20749 1.40076
internal_count=14044 13960 10348 10206 3612 1766 1846 84
is_linear=0
shrinkage=0.05


Tree=73
num_leaves=8
num_cat=0
split_feature=12 5 44 42 4 43 21
split_gain=2.24461 2.19971 2.06271 3.16425 2.15144 1.28799 1.00691
threshold=45.500000000000007 -0.6652727025667432 34.400000000000013 1.5000000000000002 -0.88622299073327826 7.5500000000000016 25.150000000000002
decision_type=2 2 2 2 2 2 2
left_child=5 -2 3 -3 -4 -1 -7
right_child=1 2 4 -5 -6 6 -8
leaf_value=-0.042281657233047443 -0.035768481514523186 0.041225434479729164 -0.031232093037435179 -0.025180699508552912 0.016776935866447303 -0.023416459065212461 0.028753931052468519
leaf_weight=3.9381897541752542 2.5023136644158503 1.2783795450231981 1.6471852825197846 8.3081341304059588 24.924587348781646 0.78828004642855354 0.94650518492562696
leaf_count=3631 4203 62 1276 2303 2328 212 33
internal_value=-0.00238616 0.0021817 0.00569994 -0.0132676 0.012776 -0.0291774 0.00515378
internal_weight=44.3336 38.6606 36.1583 9.58651 26.5718 5.67297 1.73479
internal_count=14048 10172 5969 2365 3604 3876 245
is_linear=0
shrinkage=0.05


Tree=74
num_leaves=11
num_cat=0
split_feature=6 35 25 43 32 25 43 21 26 40
split_gain=1.91952 1.47122 1.15926 3.47523 2.79071 1.8289 0.990076 1.0192 0.937509 0.76486
threshold=1.5000000000000002 69.220238000000009 8.1826385000000013 8.9500000000000011 27.011607000000001 10.717361000000002 31.200000000000006 25.950000000000003 16.150000000000002 140.65000000000003
decision_type=2 2 2 2 2 2 2 2 2 2
left_child=1 -1 3 4 -2 8 7 -3 -4 -7
right_child=2 6 5 -5 -6 9 -8 -9 -10 -11
leaf_value=-0.027311199570779723 0.018955646525689568 0.027007208709049081 -0.026199208723744646 -0.044618872882781033 -0.037220249398743625 -0.038390819034341966 -0.021531239739606363 -0.020479357430659675 0.01134376477629258 0.011957824300375789
leaf_weight=1.0766730862815155 6.3965413844853156 10.237413988506882 0.91951130691450345 6.1360799083777229 2.1566741594142513 2.6547492664394663 0.60515508288517672 0.53228517473326142 13.901069936895508 0.45123823918402184
leaf_count=1399 742 1176 245 4624 923 2017 110 65 2791 11
internal_value=-0.00258462 0.0134433 -0.0089214 -0.0188466 0.00237763 -0.000222471 0.0191962 0.0231196 0.0075057 -0.0299453
internal_weight=45.0674 12.4515 32.6159 14.6893 8.55322 17.9266 11.3749 10.7697 14.8206 3.10599
internal_count=14103 2750 11353 6289 1665 5064 1351 1241 3036 2028
is_linear=0
shrinkage=0.05


Tree=75
num_leaves=11
num_cat=1
split_feature=36 6 25 43 12 26 7 1 26 17
split_gain=1.85292 1.99298 2.14463 3.47856 1.43929 0.89705 0.762466 0.818595 0.589469 0.00960429
threshold=95.500000000000014 1.5000000000000002 8.0770835000000023 5.2500000000000009 45.500000000000007 17.550000000000004 30.522916500000004 0 17.150000000000002 31.150000000000002
decision_type=2 2 2 2 2 2 2 1 2 2
left_child=5 6 3 -3 -4 8 7 -2 -1 -10
right_child=1 2 4 -5 -6 -7 -8 -9 9 -11
leaf_value=-0.021347134297343487 -0.0012463651736223892 0.013809169278080359 -0.031174257616333297 -0.037942691625306231 0.011779386466988515 -0.040727651264489767 -0.018956795287170179 0.03054360790326734 0.020940019282500284 0.0028884017989392005
leaf_weight=0.68120045155228481 2.5733308148483047 4.41958197487111 1.2531654846679909 8.0130860378267226 14.944362262409411 3.1814231533644488 0.45888774836203161 7.3439392663276486 0.64707534230547004 0.46274086023913696
leaf_count=243 703 882 369 4888 3150 3023 41 683 56 21
internal_value=-0.00209645 0.00182915 -0.00504778 -0.0198874 0.00683668 -0.0280411 0.0195799 0.0229362 0.00101252 0.0183498
internal_weight=43.9788 39.0064 28.6302 12.4327 16.1975 4.97244 10.3762 9.91727 1.79102 1.10982
internal_count=14059 10716 9289 5770 3519 3343 1427 1386 320 77
cat_boundaries=0 1
cat_threshold=2
is_linear=0
shrinkage=0.05


Tree=76
num_leaves=13
num_cat=0
split_feature=13 38 2 32 39 39 13 40 25 23 21 25
split_gain=1.64212 1.52802 4.48998 3.15056 1.80907 1.36264 0.607486 0.392562 0.356837 0.316165 0.122293 0.0415298
threshold=10.956250000000002 8.2080355000000012 11.500000000000002 27.019940500000001 23.350000000000005 19.850000000000005 13.395833500000002 143.05000000000004 8.6527780000000014 97.500000000000014 24.850000000000005 8.6284725000000027
decision_type=2 2 2 2 2 2 2 2 2 2 2 2
left_child=1 2 -1 -4 5 -3 8 -6 11 -8 -11 -2
right_child=6 4 3 -5 7 -7 9 -9 -10 10 -12 -13
leaf_value=-0.043087101256180843 -0.0061074317973633047 -0.0083291542863746966 0.023949340178001852 -0.036849220113345148 -0.033807700789628858 0.02003416082252682 -0.018990658096664129 0.005253475578574059 -0.041026463474083369 -0.0043238567246516868 0.016784288886417819 0.0069948906653231231
leaf_weight=5.6959535676578499 0.13727083164849263 5.0156458148558221 7.6267586114408914 1.8700727284594902 1.8782828970142866 15.969616583271998 0.57549394058878522 0.51750318869017053 3.211010803715908 0.57012664485955589 0.81629792298190296 0.33401133975712582
leaf_count=6204 93 814 523 178 1536 2020 729 10 1883 78 23 10
internal_value=-0.00362099 0.000325135 -0.0115894 0.00960721 0.00822486 0.0131846 -0.0265797 -0.0263079 -0.0363876 -0.00210114 0.00992961 0.00162135
internal_weight=44.218 38.5738 15.1928 9.49683 23.381 20.9853 5.64421 2.39579 3.68229 1.96192 1.38642 0.471282
internal_count=14101 11285 6905 701 4380 2834 2816 1546 1986 830 101 103
is_linear=0
shrinkage=0.05


Tree=77
num_leaves=10
num_cat=0
split_feature=31 38 4 43 32 43 4 43 10
split_gain=1.74868 2.22384 2.98433 2.91945 3.05525 1.5196 1.11566 1.29052 0.0669382
threshold=36.900000000000013 7.9297620000000011 0.99700008544936913 9.3500000000000032 26.989285500000005 33.750000000000007 0.99761913169647187 37.550000000000004 88.937500000000014
decision_type=2 2 2 2 2 2 2 2 2
left_child=1 3 5 4 -1 -3 7 -2 -9
right_child=6 2 -4 -5 -6 -7 -8 8 -10
leaf_value=0.021393201693057109 -0.04199344946527947 0.022474047042255169 -0.037442284370715471 -0.042626239611925604 -0.037520608339635164 -0.0096796587029589209 0.018488264112701418 -0.0041644518498221436 0.0096472084533292275
leaf_weight=6.2851192767557205 4.5855583327211198 18.211452406918404 1.9233288692485064 4.4351053821737869 2.1614671440329403 3.9400204995472441 0.71617959602735926 0.78105292376130808 1.0366504075936971
leaf_count=736 4883 3097 315 3653 1001 264 50 22 24
internal_value=-0.0024527 0.0021087 0.0109467 -0.0140074 0.0039413 0.0165839 -0.0234741 -0.0300308 0.00434073
internal_weight=44.0759 36.9565 24.0748 12.8817 8.44659 22.1515 7.11944 6.40326 1.8177
internal_count=14045 9066 3676 5390 1737 3361 4979 4929 46
is_linear=0
shrinkage=0.05


Tree=78
num_leaves=10
num_cat=0
split_feature=19 33 4 5 34 4 4 39 43
split_gain=1.88772 2.62701 2.01177 1.69092 3.00689 1.79597 1.69068 0.817345 0.477329
threshold=26.389583500000004 31.950000000000003 -0.78326540922535159 0.96849880583763492 23.650000000000002 -0.074117382312902935 -0.24372957273992743 11.950000000000001 37.550000000000004
decision_type=2 2 2 2 2 2 2 2 2
left_child=7 2 8 4 -3 -5 -4 -1 -2
right_child=1 3 6 5 -6 -7 -8 -9 -10
leaf_value=0.009976625269319965 -0.029560365581598372 -0.045312732351311544 0.038559793981368377 0.035110824232762301 -0.005393333995480888 -0.025690453902022105 -0.022336404249790321 -0.041631914313618304 0.010456451225700394
leaf_weight=0.51021957030752574 1.4272893881716298 5.256414650633821 6.4222924895293545 2.833299395104405 20.603591833263636 0.9340331812563808 0.67468864654074234 3.8530268384056399 0.47980764135718335
leaf_count=33 1131 3406 722 107 5613 476 324 2210 12
internal_value=-0.00703637 -0.00309323 0.0192439 -0.0102884 -0.0148924 0.0178096 0.030727 -0.0348621 -0.0193588
internal_weight=42.9947 38.6314 9.00408 29.6273 25.86 3.76733 7.09698 4.36325 1.9071
internal_count=14034 11791 2189 9602 9019 583 1046 2243 1143
is_linear=0
shrinkage=0.05


Tree=79
num_leaves=8
num_cat=1
split_feature=36 0 44 42 12 31 37
split_gain=2.12865 1.65334 1.53317 2.99433 1.5693 0.721419 0.209832
threshold=95.500000000000014 0 31.150000000000002 3.5000000000000004 44.500000000000007 31.500000000000004 33.500000000000007
decision_type=2 1 2 2 2 2 2
left_child=5 2 3 -2 -4 6 -1
right_child=1 -3 4 -5 -6 -7 -8
leaf_value=0.013986903811202937 0.022482646023519716 -0.013254284802523265 -0.016724404576792223 -0.035957970442095505 0.017349819395024332 -0.040711658576815329 -0.012765994050143517
leaf_weight=0.68177944878698216 2.9434672822826533 3.9448799354431676 3.0909103944286498 4.1238672353792936 24.252998952957569 3.3173298515757779 0.33040110605361406
leaf_count=141 139 7117 325 474 2637 2981 207
internal_value=-0.00213291 0.00193233 0.00603667 -0.0118483 0.013044 -0.0317528 0.00324971
internal_weight=42.6856 38.3561 34.4112 7.06733 27.3439 4.32951 1.01218
internal_count=14021 10692 3575 613 2962 3329 348
cat_boundaries=0 1
cat_threshold=5
is_linear=0
shrinkage=0.05


Tree=80
num_leaves=8
num_cat=1
split_feature=21 0 4 40 5 23 5
split_gain=2.11473 2.10773 6.97072 5.96258 3.05961 2.7281 2.56879
threshold=21.550000000000004 0 -0.75015329512557205 47.20000000000001 -0.46800559042974538 94.500000000000014 -0.46800559042974538
decision_type=2 1 2 2 2 2 2
left_child=-1 3 6 4 -2 -5 -3
right_child=1 2 -4 5 -6 -7 -8
leaf_value=-0.038205396741224189 -0.030977110397778743 0.032663793443015045 -0.045165999370039962 0.026443816640046441 0.030897279703115527 -0.044104584550788806 -0.029037476912081323
leaf_weight=2.4113447079580501 1.4176680374075719 5.9581848975503817 7.8165525701479064 1.0742686541052524 19.182748372884816 4.6325316824368201 1.3764428945723892
leaf_count=1091 253 383 8591 23 861 1038 1861
internal_value=-0.000337301 0.00271318 -0.00917487 0.00951909 0.0254023 -0.0288616 0.01899
internal_weight=43.8697 41.4584 15.1512 26.3072 20.6004 5.7068 7.33463
internal_count=14101 13010 10835 2175 1114 1061 2244
cat_boundaries=0 1
cat_threshold=1
is_linear=0
shrinkage=0.05


Tree=81
num_leaves=6
num_cat=0
split_feature=2 5 19 32 7
split_gain=1.43773 1.4755 1.52096 1.53246 1.02224
threshold=3.5000000000000004 -0.6652727025667432 26.400000000000002 29.851785500000002 26.481250000000003
decision_type=2 2 2 2 2
left_child=-1 -2 4 -4 -3
right_child=1 2 3 -5 -6
leaf_value=-0.034676652374858973 -0.033559146047611003 -0.03793597991783304 0.0086865331048740745 -0.031777492664009886 0.0084972258689324301
leaf_weight=2.2124132312310385 2.0341777083376646 2.5617341097095045 33.56686385726789 1.535085820025414 1.3107526316598521
leaf_count=3825 4120 1219 3815 664 340
internal_value=-0.00246479 5.71368e-05 0.00260728 0.00608575 -0.023701
internal_weight=43.221 41.0086 38.9744 35.1019 3.87249
internal_count=13983 10158 6038 4479 1559
is_linear=0
shrinkage=0.05


Tree=82
num_leaves=11
num_cat=1
split_feature=35 30 30 1 5 40 5 15 4 4
split_gain=1.84309 1.82453 3.14237 2.83473 3.02553 2.68808 2.38235 0.519069 0.158301 0.066595
threshold=69.428571500000018 8.8500000000000032 19.050000000000004 0 -0.4295879841196229 65.200000000000003 -0.24372464231556021 6.0500000000000007 -0.12546116083924147 0.98522604642031408
decision_type=2 2 2 1 2 2 2 2 2 2
left_child=7 3 -3 4 -2 -5 -4 8 -1 -9
right_child=1 2 6 5 -6 -7 -8 9 -10 -11
leaf_value=-0.00050694830236924814 -0.033059751826668801 -0.042285826907571523 0.016239219042369569 -0.039907698872681731 0.025746645925494496 0.03019743201362737 -0.034829566557919606 -0.0052722277516761458 -0.039234395796991749 0.013112822641580524
leaf_weight=0.31131962838117111 1.6144027438567743 4.2960900168400249 8.6574496524990519 3.5756379495287574 17.502757916663541 1.1080000487272625 2.0031068566022432 0.1164319579838774 2.9037192425312233 0.29502208391204476
leaf_count=21 611 4108 1625 1727 1216 124 980 77 3513 11
internal_value=-0.00100132 0.00249735 -0.0107615 0.0109273 0.0193841 -0.020928 0.00447942 -0.0308505 -0.0364943 0.00786091
internal_weight=42.3839 38.7574 14.9566 23.8008 19.1172 4.68364 10.6606 3.62649 3.21504 0.411454
internal_count=14013 10391 6713 3678 1827 1851 2605 3622 3534 88
cat_boundaries=0 1
cat_threshold=1
is_linear=0
shrinkage=0.05


Tree=83
num_leaves=6
num_cat=1
split_feature=19 43 43 1 38
split_gain=2.17678 1.41864 1.64634 3.8217 2.90572
threshold=26.322916500000002 0.95000000000000007 8.5500000000000025 0 8.0035710000000027
decision_type=2 2 2 1 2
left_child=-1 -2 3 -3 -4
right_child=1 2 4 -5 -6
leaf_value=-0.040024803723960237 -0.034898590780698978 0.023365406273789854 -0.04156959403091829 -0.035954673116256101 0.0018960540894162846
leaf_weight=3.0570318828540612 1.9396418881806301 13.539605461017343 3.966824106420975 2.4055593113735076 16.676530031196307
leaf_count=1851 2354 1381 3885 1398 3226
internal_value=-0.0051813 -0.001474 0.00117921 0.0128224 -0.00799105
internal_weight=41.5852 38.5282 36.5885 15.9452 20.6434
internal_count=14095 12244 9890 2779 7111
cat_boundaries=0 1
cat_threshold=1
is_linear=0
shrinkage=0.05


Tree=84
num_leaves=12
num_cat=1
split_feature=44 37 40 44 3 43 36 44 17 15 15
split_gain=1.40142 2.31139 1.93629 1.54584 1.68289 0.947287 0.907821 0.372902 0.278319 0.137765 0.0118563
threshold=38.70000000000001 64.500000000000014 72.500000000000014 38.350000000000009 0 27.750000000000004 97.500000000000014 44.45000000000001 35.800000000000004 37.550000000000004 9.4500000000000011
decision_type=2 2 2 2 1 2 2 2 2 2 2
left_child=2 -2 3 4 -1 -3 -5 -7 9 -4 -10
right_child=1 5 8 6 -6 7 -8 -9 10 -11 -12
leaf_value=-0.022120405260737885 -0.042054383576795085 -0.022328947377216957 -0.036941460952939952 -0.014194618412935709 0.0080317051247308802 0.028605246056119249 0.041555011539672747 -0.0099975980641485006 0.0011955234633018925 -0.004131828525258595 -0.0055192407982048754
leaf_weight=4.8736726827191887 4.1946687788440604 0.80435580933408379 2.4043605355254836 0.37467024885700029 20.883775434427669 2.2287533830967736 3.0824850254575722 0.24886478346888896 0.5831856617296578 0.65715190611081187 0.73303152192966081
leaf_count=2465 4304 1173 1759 171 3435 159 165 221 54 21 140
internal_value=-0.00292817 -0.021102 0.00160988 0.00648596 0.00171302 0.0092444 0.033684 0.0229679 -0.0260856 -0.0326502 -0.00331242
internal_weight=41.069 7.47664 33.5923 29.2146 25.7574 3.28197 3.45716 2.47762 4.37773 3.06151 1.31622
internal_count=14067 5857 8210 6236 5900 1553 336 380 1974 1780 194
cat_boundaries=0 1
cat_threshold=2
is_linear=0
shrinkage=0.05


Tree=85
num_leaves=12
num_cat=1
split_feature=12 25 21 25 1 39 11 43 40 21 43
split_gain=1.56031 1.77531 3.53101 1.90236 1.27057 0.937329 0.891839 0.619676 0.58262 0.372346 0.0659654
threshold=43.500000000000007 7.7979165000000004 23.250000000000004 10.964583000000003 0 19.850000000000005 99.500000000000014 7.5500000000000016 140.65000000000003 25.150000000000002 5.5000000000000009
decision_type=2 2 2 2 1 2 2 2 2 2 2
left_child=6 2 4 5 -2 -3 7 -1 -5 -9 -4
right_child=1 3 10 8 -6 -7 -8 9 -10 -11 -12
leaf_value=-0.040480268857011066 0.018714427401010179 -0.0023126867195414377 -0.0072351060562449252 -0.034696715660530654 -0.02620103709115347 0.021561775841016834 0.020377357188019755 -0.018275616769199577 0.010253245312122621 0.015578570032141557 -0.042649844488544988
leaf_weight=3.0728894631902213 6.5781700308289128 5.1226179234363434 0.60944162268424396 1.8090514225623331 1.061154547758633 16.659517506355769 0.29371432424522925 0.51798811549087964 0.46248701121658076 0.74699905148008838 4.3327866324107163
leaf_count=3380 704 1121 165 1364 701 2409 12 153 11 33 3950
internal_value=-0.000145851 0.00353049 -0.0111379 0.0113413 0.0101648 0.016092 -0.0246885 -0.0309857 -0.0252082 -0.000232417 -0.0402352
internal_weight=41.2668 36.6352 12.5816 24.0537 7.63932 21.7821 4.63159 4.33788 2.27154 1.26499 4.94223
internal_count=14003 10425 5520 4905 1405 3530 3578 3566 1375 186 4115
cat_boundaries=0 1
cat_threshold=1
is_linear=0
shrinkage=0.05


Tree=86
num_leaves=8
num_cat=3
split_feature=0 4 1 1 5 44 5
split_gain=1.44969 5.77236 5.05199 4.35893 3.85216 3.18999 1.99754
threshold=0 -0.76141707087277943 1 2 -0.4831374111459158 38.70000000000001 -0.46800559042974538
decision_type=1 2 1 1 2 2 2
left_child=2 3 -1 -2 -4 -6 -5
right_child=1 -3 4 6 5 -7 -8
leaf_value=-0.040953272008083477 -0.036140145797679032 -0.045252784891862102 -0.036513530176969296 0.052248950829666678 0.028180557767266828 -0.032676927768615589 -0.01970375100672803
leaf_weight=3.8391432101925602 1.9352440528164134 7.8462096423681942 2.2838962950481863 3.8154948741721455 19.103989242779793 1.573100308611173 0.64717905009456433
leaf_count=1163 1119 9544 439 181 458 275 933
internal_value=-0.00292243 -0.0113788 0.00434854 0.0152839 0.015131 0.0222567 0.0401175
internal_weight=41.0443 14.2441 26.8001 6.39792 22.961 20.6771 4.46267
internal_count=14112 11777 2335 2233 1172 733 1114
cat_boundaries=0 1 2 3
cat_threshold=1 2 1
is_linear=0
shrinkage=0.05


Tree=87
num_leaves=11
num_cat=1
split_feature=38 43 32 39 19 12 40 31 22 1
split_gain=1.31896 2.58404 2.48041 1.99155 1.93218 1.39105 1.49481 1.28162 1.01748 0.240424
threshold=7.9297620000000011 9.3500000000000032 26.989285500000005 23.350000000000005 26.389583500000004 44.500000000000007 47.20000000000001 33.650000000000006 88.743055500000011 0
decision_type=2 2 2 2 2 2 2 2 2 1
left_child=1 2 4 5 -1 7 -7 -2 -5 -10
right_child=3 -3 -4 8 -6 6 -8 -9 9 -11
leaf_value=-0.019438158425524061 0.016044997357621722 -0.041932236613143603 -0.036411256685815227 -0.038035023413106356 0.032875293629704067 0.025172582615928502 -0.00042936492817428028 -0.036804870223949668 -0.010807565858492877 0.019420621570611186
leaf_weight=1.7823097661603222 1.1552027771831554 4.1916214860248138 1.9532206211297305 2.7280566943882145 4.6723760718014091 12.354904271822308 9.890873624419326 1.9130591831635682 0.25516065521514952 0.77841973202885129
leaf_count=351 290 4586 1077 3024 392 1325 1720 1196 60 67
internal_value=-0.00128379 -0.0141791 0.00264326 0.00458985 0.0177604 0.00983759 0.0142607 -0.0178539 -0.0253745 0.0103132
internal_weight=41.6752 12.5995 8.40791 29.0757 6.45469 25.314 22.2458 3.06826 3.76164 1.03358
internal_count=14088 6406 1820 7682 743 4531 3045 1486 3151 127
cat_boundaries=0 1
cat_threshold=1
is_linear=0
shrinkage=0.05


Tree=88
num_leaves=10
num_cat=1
split_feature=39 44 39 39 3 14 25 10 10
split_gain=1.13215 2.01652 1.53123 2.33899 2.00904 0.690344 0.137816 0.100113 0.17721
threshold=11.950000000000001 29.700000000000003 18.350000000000005 19.750000000000004 0 15.850000000000003 5.8131945000000007 79.145833500000023 79.437500000000014
decision_type=2 2 2 2 1 2 2 2 2
left_child=7 5 4 -4 -3 -2 -7 -1 -9
right_child=1 2 3 -5 -6 6 -8 8 -10
leaf_value=0.034037255751358977 -0.042905046870965073 -0.028064998830942219 -0.041413920636952088 -0.0020166452710410885 0.026944357094611428 0.015973561075695 -0.0085144501084929384 0.014650710017737725 -0.011852309293541865
leaf_weight=0.87197485542856046 3.5872661174071245 1.2611700472334633 3.492631447894385 24.076944039945374 6.4195809127559178 0.31092192046344269 0.1965419855696382 0.32834368385374546 0.23186397802783176
leaf_count=30 1261 1813 2174 8080 571 11 107 12 43
internal_value=-0.00521001 -0.00709473 -0.00276336 -0.00828254 0.0157194 -0.036521 0.00713264 0.0281959 0.00311545
internal_weight=40.7772 39.3451 35.2503 27.5696 7.68075 4.09473 0.507464 1.43218 0.560208
internal_count=14102 14017 12638 10254 2384 1379 118 85 55
cat_boundaries=0 1
cat_threshold=2
is_linear=0
shrinkage=0.05


Tree=89
num_leaves=8
num_cat=3
split_feature=0 4 1 1 40 39 5
split_gain=1.35014 5.46235 4.8483 4.75325 3.05091 2.29411 1.95153
threshold=0 -0.75015329512557205 1 2 64.250000000000014 22.750000000000004 -0.46800559042974538
decision_type=1 2 1 1 2 2 2
left_child=3 2 -2 -1 5 -5 -4
right_child=1 -3 6 4 -6 -7 -8
leaf_value=-0.04036201921880668 -0.037437220635493242 -0.044888127626517504 0.052630131590918297 0.025822348077515985 -0.034574156446925422 -0.029590103847368949 -0.01926361839079363
leaf_weight=3.6102134080720134 2.1341531885700515 7.3397208123715245 3.893677906395169 19.156275537228804 1.8560107273660822 1.2305919373320637 0.62400367397640355
leaf_count=1175 1157 9435 183 556 394 223 949
internal_value=-0.00234451 -0.0106203 0.0142367 0.00460361 0.0153051 0.0212504 0.0410083
internal_weight=39.8446 13.9916 6.65183 25.8531 22.2429 20.3869 4.51768
internal_count=14072 11724 2289 2348 1173 779 1132
cat_boundaries=0 1 2 3
cat_threshold=1 1 2
is_linear=0
shrinkage=0.05


Tree=90
num_leaves=9
num_cat=3
split_feature=0 1 4 1 40 30 36 32
split_gain=1.1099 4.39027 4.18036 3.8345 3.34247 2.07272 1.81683 1.43563
threshold=0 1 -0.75015329512557205 2 47.20000000000001 0.95000000000000007 94.500000000000014 26.868452500000004
decision_type=1 1 2 1 2 2 2 2
left_child=1 -1 3 -2 5 -3 -6 -5
right_child=2 4 -4 7 6 -7 -8 -9
leaf_value=-0.040490153725022821 -0.036872605747895512 -0.005363891556405178 -0.044346177041987768 -0.018241862410648214 0.026450071475305065 0.030806359421889907 -0.040980991007784712 0.043798412424850976
leaf_weight=3.6655132419837173 2.0503313085355312 5.0722206498758267 6.7942689352712478 0.57168791293224774 0.57204755395650808 13.590400639717698 2.9914576645678608 3.7502195744018536
leaf_count=1170 1147 304 9437 831 3 339 524 310
internal_value=-0.00431204 0.00287344 -0.0115341 0.00907566 0.0126975 0.021203 -0.0267323 0.0337063
internal_weight=39.0581 25.8916 13.1665 6.37224 22.2261 18.6626 3.56351 4.32191
internal_count=14065 2340 11725 2288 1170 643 527 1141
cat_boundaries=0 1 2 3
cat_threshold=1 2 1
is_linear=0
shrinkage=0.05


Tree=91
num_leaves=8
num_cat=0
split_feature=7 20 25 25 42 4 37
split_gain=1.13591 1.36382 1.80143 2.12382 1.94518 1.18094 1.35079
threshold=25.922916500000003 31.750000000000004 8.6284725000000027 9.0388890000000028 3.5000000000000004 -0.88622299073327826 52.500000000000007
decision_type=2 2 2 2 2 2 2
left_child=-1 5 4 -4 -3 -2 -7
right_child=1 2 3 -5 -6 6 -8
leaf_value=-0.034215186250339195 -0.024284265789104888 0.010561944183359255 0.025930788066094525 -0.0091296519368174785 -0.036889126841554758 -0.024072854538786354 0.025941217471956286
leaf_weight=1.8796491771354329 0.93896920543920614 2.4899683603944158 5.3220592082652756 12.668413946674262 6.6473546600827831 0.77940458148077496 8.1331230692885566
leaf_count=1044 1243 902 453 3835 4097 229 2275
internal_value=-0.00395446 -0.00155592 -0.0073271 0.00206146 -0.0241921 0.0135468 0.0195802
internal_weight=38.8589 36.9793 27.1278 17.9905 9.13732 9.8515 8.91253
internal_count=14078 13034 9287 4288 4999 3747 2504
is_linear=0
shrinkage=0.05


Tree=92
num_leaves=8
num_cat=1
split_feature=2 22 1 39 39 31 17
split_gain=1.08548 1.16602 2.6761 2.27144 2.23333 1.30888 0.777209
threshold=3.5000000000000004 76.51388900000002 0 21.750000000000004 22.250000000000004 36.550000000000004 21.400000000000002
decision_type=2 2 1 2 2 2 2
left_child=-1 2 4 6 -2 -5 -3
right_child=1 3 -4 5 -6 -7 -8
leaf_value=-0.032584446336113175 0.032408448055652982 -0.038683561466709204 -0.033423621828396165 0.032147918258366819 -0.013786807099397613 -0.0088679730965716685 -0.010510195916008651
leaf_weight=1.8299973514513102 8.5140892438648716 2.3232097244763343 1.8997491592454014 3.8886092236061804 2.9594570197950807 2.6477563818334602 15.237182859666062
leaf_count=3859 433 749 754 683 340 2013 5314
internal_value=-0.00272418 -0.000456737 0.0109111 -0.00694907 0.0203429 0.0165611 -0.0161209
internal_weight=39.3001 37.4701 13.3733 24.0968 11.4735 6.53637 17.5604
internal_count=14145 10286 1527 8759 773 2696 6063
cat_boundaries=0 1
cat_threshold=1
is_linear=0
shrinkage=0.05


Tree=93
num_leaves=10
num_cat=0
split_feature=7 33 6 27 7 11 22 19 12
split_gain=1.657 1.7424 1.38728 1.13157 0.832009 0.43277 0.477396 0.0575251 0.021436
threshold=26.477083500000003 30.750000000000004 1.5000000000000002 34.150000000000013 30.522916500000004 99.500000000000014 62.305555500000004 26.400000000000002 48.500000000000007
decision_type=2 2 2 2 2 2 2 2 2
left_child=5 -2 4 -4 -3 6 8 -7 -1
right_child=1 2 3 -5 -6 7 -8 -9 -10
leaf_value=-0.0026492406202402608 0.042033352786871848 0.015399480877961367 -0.017912085761581972 0.0047100105920089702 -0.023545185687264616 -0.0054057645066081551 -0.040465479524712279 0.011189545177571925 0.0089178552233672957
leaf_weight=0.055662844213656526 1.2774336457077868 9.9353368196898337 14.569110215357798 8.0315870320628147 0.66717939492082301 0.11264421942178149 3.2866285593190696 0.30221666302531958 0.27869086340069771
leaf_count=139 81 2305 6820 1967 197 65 2415 44 11
internal_value=-0.00424535 -0.000323098 -0.00313397 -0.010014 0.0111307 -0.031037 -0.0356751 0.0060476 0.00644992
internal_weight=38.5165 34.4806 33.2032 22.6007 10.6025 4.03584 3.62098 0.414861 0.334354
internal_count=14044 11370 11289 8787 2502 2674 2565 109 150
is_linear=0
shrinkage=0.05


Tree=94
num_leaves=9
num_cat=0
split_feature=2 38 13 39 38 36 40 43
split_gain=0.974168 0.954422 2.12645 1.7708 1.60225 2.79263 1.35575 1.33456
threshold=3.5000000000000004 7.9297620000000011 5.6812500000000012 12.150000000000002 9.4294645000000017 97.500000000000014 71.65000000000002 9.3500000000000032
decision_type=2 2 2 2 2 2 2 2
left_child=-1 2 7 -4 6 -6 -3 -2
right_child=1 4 3 -5 5 -7 -8 -9
leaf_value=-0.032188720435120236 0.027977631499755518 0.023464346514945705 0.026286636287032636 -0.03604509964420554 -0.031221508637853074 0.016416205124895885 -0.0062173511962365091 -0.024272796989802801
leaf_weight=1.7667528510937689 3.1107405097573051 10.35258618660737 0.60402675933437411 6.4781626568583306 5.9255256396863825 4.6843752974382369 5.2886218702333272 0.86323343317781098
leaf_count=3781 207 1191 22 3731 1755 1021 1019 1284
internal_value=-0.00355065 -0.00138957 -0.0130725 -0.0281343 0.00383004 -0.0105866 0.0136578 0.0140296
internal_weight=39.074 37.3073 11.0562 7.08219 26.2511 10.6099 15.6412 3.97397
internal_count=14011 10230 5244 3753 4986 2776 2210 1491
is_linear=0
shrinkage=0.05


Tree=95
num_leaves=8
num_cat=3
split_feature=0 1 43 1 5 21 34
split_gain=1.69381 4.20959 3.49413 3.34506 2.92577 3.01035 1.11985
threshold=0 1 27.750000000000004 2 -0.4831374111459158 21.550000000000004 24.150000000000002
decision_type=1 1 2 1 2 2 2
left_child=1 4 -2 -4 -1 -6 -5
right_child=2 -3 3 6 5 -7 -8
leaf_value=-0.033563557467678175 -0.043905693956397381 -0.039042717485364711 -0.036319469219040917 -0.01687438058851836 -0.032882471137156304 0.027320296723438515 0.039299815613114561
leaf_weight=1.8091746471036518 6.287460358507813 3.1436831040991846 1.9955418167955941 0.50371664324484289 1.474035997656755 18.823419404143351 3.5851774013426621
leaf_count=438 9851 1185 930 603 97 652 320
internal_value=-0.00180654 0.00563203 -0.0117207 0.00649676 0.0158372 0.0216096 0.0304236
internal_weight=37.6222 25.2503 12.3719 6.08444 22.1066 20.2975 4.08889
internal_count=14076 2372 11704 1853 1187 749 923
cat_boundaries=0 1 2 3
cat_threshold=1 1 1
is_linear=0
shrinkage=0.05


Tree=96
num_leaves=13
num_cat=0
split_feature=13 38 43 37 35 4 37 31 25 11 25 31
split_gain=1.18291 1.39611 3.18995 1.35286 1.58553 1.51971 1.03757 0.430229 0.410477 0.344689 0.372462 0.234513
threshold=11.335417000000001 7.9297620000000011 5.5000000000000009 45.500000000000007 72.267857500000005 0.88621069759564464 41.500000000000007 33.650000000000006 5.7222220000000013 66.500000000000014 8.6750000000000025 33.300000000000004
decision_type=2 2 2 2 2 2 2 2 2 2 2 2
left_child=1 2 6 4 -3 -5 -1 11 -4 -9 -11 -2
right_child=7 3 8 5 -6 -7 -8 9 -10 10 -12 -13
leaf_value=-0.022190179407139656 -0.013232137983209796 0.0064762356521224709 -0.0085142175563203727 0.0058827404234751803 -0.037451361676577775 0.039236150485401293 0.023717976985372771 0.0071435325365573447 -0.042442298812183511 0.0048916754411023021 -0.039584287729008925 0.015629210089209034
leaf_weight=0.73468837900872852 0.31726284907199342 5.7335971761567661 1.8034068948763886 11.437087738624539 2.0168640888441587 4.1646191480685948 4.5253942794370232 0.21131126931868527 4.1410862599004759 0.30670237391314037 2.6533178779282025 0.56224905468116049
leaf_count=974 151 1992 1043 2728 327 171 464 11 3885 32 2260 31
internal_value=-0.00165792 0.00160072 -0.0122503 0.00847672 -0.00792842 0.016613 0.0147854 -0.0242697 -0.0348576 -0.0310618 -0.0349044 0.0037172
internal_weight=38.6076 34.5567 11.2046 23.3522 7.75046 15.6017 5.26008 4.05084 5.94449 3.17133 2.96002 0.879512
internal_count=14069 11584 6366 5218 2319 2899 1438 2485 4928 2303 2292 182
is_linear=0
shrinkage=0.05


Tree=97
num_leaves=9
num_cat=3
split_feature=0 4 1 40 1 44 5 23
split_gain=0.935674 4.63443 4.13557 4.02512 2.36296 2.36409 1.52477 1.4727
threshold=0 -0.75015329512557205 1 47.20000000000001 2 38.70000000000001 -0.46800559042974538 94.500000000000014
decision_type=1 2 1 2 1 2 2 2
left_child=3 2 -2 4 -1 -6 -4 -5
right_child=1 -3 6 7 5 -7 -8 -9
leaf_value=-0.031502749050943142 -0.036479670687922676 -0.044017465253409299 0.046863591135657572 0.016055747106527591 0.025176329322690063 -0.030275920971191712 -0.017944132497398648 -0.043029061984093266
leaf_weight=1.612661780010967 2.0017267318762588 6.3540724159829551 3.9275478035851847 0.77274805412161995 17.376856489339854 1.3016621164279047 0.55738027751795005 4.0380369862250518
leaf_count=635 1138 9486 183 29 388 249 940 1028
internal_value=-0.00277026 -0.00965712 0.0124855 0.00338906 0.0145915 0.0199698 0.0370063 -0.0324086
internal_weight=37.9427 12.8407 6.48665 25.102 20.2912 18.6785 4.48493 4.81079
internal_count=14076 11747 2261 2329 1272 637 1123 1057
cat_boundaries=0 1 2 3
cat_threshold=1 1 2
is_linear=0
shrinkage=0.05


Tree=98
num_leaves=13
num_cat=1
split_feature=37 26 13 1 23 10 44 5 22 13 13 9
split_gain=1.0575 1.82528 1.86749 1.97213 1.8369 1.27225 1.48167 1.95965 1.30123 0.91959 0.0938405 0.058029
threshold=52.500000000000007 17.150000000000002 10.041667000000002 0 97.500000000000014 75.645833500000023 30.800000000000004 0.82777578779003613 76.51388900000002 5.2229165000000011 5.1604165000000011 23.150000000000002
decision_type=2 2 2 1 2 2 2 2 2 2 2 2
left_child=1 9 3 -3 -4 11 8 -8 -7 10 -1 -2
right_child=5 2 4 -5 -6 6 7 -9 -10 -11 -12 -13
leaf_value=-0.0049171112274392619 0.0050256335678447112 0.025985337587305549 -0.038615085190628375 -0.028442113823942457 0.016163838422785504 0.018750254157612237 -0.0042633033501191121 0.032110470137761887 -0.039957694044857855 -0.041101764737325949 0.019203740741197156 0.042574500538120494
leaf_weight=0.10579558831523428 0.4205657232087131 6.2918418953922775 3.527887315787666 1.266128612653121 1.6281169622234299 0.62720923393499406 11.137717691606666 4.4089998784038462 2.4434202043048572 4.2319573369750287 0.28940475475974381 1.1426817693281917
leaf_count=100 43 1202 2193 1211 118 23 6709 306 832 1342 12 43
internal_value=-0.00233204 -0.011071 -0.000534988 0.0146095 -0.0215017 0.00534551 0.000757402 0.00736936 -0.0263056 -0.0347811 0.0138504 0.0383743
internal_weight=37.5217 17.3411 12.714 7.55797 5.156 20.1806 18.6173 15.5467 3.07063 4.62716 0.3952 1.56325
internal_count=14134 6178 4724 2413 2311 7956 7870 7015 855 1454 112 86
cat_boundaries=0 1
cat_threshold=1
is_linear=0
shrinkage=0.05


Tree=99
num_leaves=15
num_cat=0
split_feature=12 37 39 43 43 17 34 14 5 5 10 40 37 24
split_gain=1.26512 2.07453 1.91169 1.53947 1.58371 1.13566 0.929372 0.510841 0.454742 0.449232 0.364041 0.330574 0.0990165 0.0805935
threshold=62.500000000000007 51.500000000000007 21.750000000000004 7.7500000000000009 0.95000000000000007 18.550000000000001 24.450000000000003 15.250000000000002 -0.6652727025667432 0.88917497572200743 76.395833500000023 123.55000000000003 48.500000000000007 58.500000000000007
decision_type=2 2 2 2 2 2 2 2 2 2 2 2 2 2
left_child=1 3 9 4 -1 10 -7 -4 -9 11 -3 -2 -5 -11
right_child=2 5 7 12 -6 6 -8 8 -10 13 -12 -13 -14 -15
leaf_value=-0.033853445128795477 -0.040260097749186388 0.011077829304564532 -0.020070182533339316 -0.039352864376189844 0.0079474004500989757 0.029752129476134748 -0.018171139637377005 -0.015784266126191521 0.01748771696517595 -0.0083813908457217833 -0.026989726108744491 -0.00029632335964602317 -0.0066259538152628507 0.0092191092747051645
leaf_weight=1.8132829013557081 5.3757483069712162 0.28175701876170822 0.65475546479865432 2.4796555160282874 10.646887681956285 8.0109289657411829 0.47380199749750396 0.46086510182067275 4.0871247911272803 0.18231922175618809 0.89004630371346138 0.57938029212527897 0.7472502028394955 0.50149223742482718
leaf_count=2506 4087 10 654 597 2266 975 488 1308 450 45 191 257 154 89
internal_value=-0.00437914 0.00202373 -0.0171731 -0.00906021 -0.000198871 0.0191902 0.0254423 0.00527061 0.0118788 -0.033149 -0.0169503 -0.0369736 -0.0351348 0.00233574
internal_weight=37.1853 25.3436 11.8417 15.6871 12.4602 9.65653 8.48473 5.20275 4.54799 6.63894 1.1718 5.95513 3.22691 0.683811
internal_count=14077 7187 6890 5523 4772 1664 1463 2412 1758 4478 201 4344 751 134
is_linear=0
shrinkage=0.05


Tree=100
num_leaves=14
num_cat=1
split_feature=30 39 12 1 5 4 25 25 22 35 43 9 11
split_gain=1.51458 1.45248 1.37666 1.70241 2.25071 1.85314 1.30001 0.963575 0.811672 0.351804 0.313385 0.216928 0.0524371
threshold=0.95000000000000007 12.150000000000002 62.500000000000007 0 -0.44505783185115427 -0.78326540922535159 8.0770835000000023 9.6020835000000009 65.062500000000014 69.428571500000018 9.3500000000000032 23.150000000000002 99.500000000000014
decision_type=2 2 2 1 2 2 2 2 2 2 2 2 2
left_child=1 11 3 4 -2 -5 10 -8 9 -3 -4 -1 -10
right_child=2 8 6 5 -6 -7 7 -9 12 -11 -12 -13 -14
leaf_value=-0.0029277095344188778 -0.029591897714462519 -0.017121991094537835 -0.0012530966290827353 0.024467487174000199 0.025690393699320309 -0.03624528297429349 0.011413741304819298 -0.02007742452020253 -0.042848165386586645 0.015155122878484218 -0.037228152197950747 0.02825735961979163 -0.0060876544912504922
leaf_weight=0.59825422178255283 1.2640843098779448 0.51678885881119618 0.81119528823182863 1.1244796029641304 13.378111412406726 2.4395804608648177 6.7511407491110713 2.5433518794015981 3.6263950285501778 0.90901513965218328 2.6550498395008617 0.58369432645849884 0.47432585549540807
leaf_count=32 584 1726 118 112 1164 1656 1173 1753 1823 67 3848 20 46
internal_value=-0.00143487 -0.021298 0.00339978 0.0119593 0.0193311 -0.0159261 -0.00879402 0.00168324 -0.0312949 0.00122059 -0.0309746 0.0183651 -0.0406232
internal_weight=37.6755 6.70847 30.967 18.2063 14.6422 3.56406 12.7607 9.29449 5.52652 1.4258 3.46625 1.18195 4.10072
internal_count=14122 3714 10408 3516 1748 1768 6892 2926 3662 1793 3966 52 1869
cat_boundaries=0 1
cat_threshold=1
is_linear=0
shrinkage=0.05


Tree=101
num_leaves=10
num_cat=1
split_feature=25 21 30 4 19 0 44 22 13
split_gain=0.977187 2.18761 1.36067 1.06396 1.13787 0.921619 0.797207 0.422839 0.222372
threshold=7.9111110000000009 23.250000000000004 0.95000000000000007 -0.074117382312902935 26.389583500000004 0 31.150000000000002 65.062500000000014 9.4625000000000004
decision_type=2 2 2 2 2 1 2 2 2
left_child=1 3 7 4 -1 6 -4 8 -2
right_child=2 -3 5 -5 -6 -7 -8 -9 -10
leaf_value=-0.018036556546454415 0.012725471883980275 -0.039217176738679214 -0.022125733083866689 -0.028555280683645146 0.022249770326411521 -0.0085888289495576545 0.015257540746611077 -0.035299059208315185 -0.014278020460405142
leaf_weight=1.6334000069036845 0.69159504114213921 4.213845039048465 0.66664705870789731 1.1866566853568636 4.890489271710976 2.2470192634064032 19.75142831895937 1.7881643278815316 0.38993358755396912
leaf_count=518 413 4375 77 1086 519 3432 1629 1129 892
internal_value=-0.00296739 -0.0141862 0.00260883 0.0024251 0.0111066 0.00701301 0.00890379 -0.0249991 0.000807505
internal_weight=37.4592 11.9244 25.5348 7.71055 6.52389 22.6651 20.4181 2.86969 1.08153
internal_count=14070 6498 7572 2123 1037 5138 1706 2434 1305
cat_boundaries=0 1
cat_threshold=5
is_linear=0
shrinkage=0.05


Tree=102
num_leaves=8
num_cat=2
split_feature=2 43 1 1 34 23 35
split_gain=0.772442 0.83372 2.68049 1.97174 2.3192 2.16707 1.67346
threshold=3.5000000000000004 11.750000000000002 0 1 24.150000000000002 94.500000000000014 84.023809500000013
decision_type=2 2 1 1 2 2 2
left_child=-1 2 -2 5 -5 -3 -4
right_child=1 3 6 4 -6 -7 -8
leaf_value=-0.030888337270554112 -0.036092925613932139 0.016222265368546578 0.005374293942047568 -0.031761034614018961 0.023634906814181567 -0.036877752322253675 0.048668267357436915
leaf_weight=1.5830419140329457 2.398281825138838 1.8930185725184854 14.283217971642449 1.6955710429465405 5.5525388164824108 6.9861131164070684 1.7245943743328087
leaf_count=3868 1388 163 1210 2492 1239 3540 192
internal_value=-0.00447312 -0.00242702 0.0047451 -0.0104117 0.00839641 -0.0250608 0.0126258
internal_weight=36.1164 34.5333 18.4061 16.1272 7.24811 8.87913 16.0078
internal_count=14092 10224 2790 7434 3731 3703 1402
cat_boundaries=0 1 2
cat_threshold=2 1
is_linear=0
shrinkage=0.05


Tree=103
num_leaves=7
num_cat=1
split_feature=35 0 44 38 41 4
split_gain=1.39798 0.960605 0.995863 0.972711 0.537918 0.0946683
threshold=69.428571500000018 0 28.250000000000004 9.8517855000000019 0.35000000000000003 -0.12546116083924147
decision_type=2 1 2 2 2 2
left_child=5 2 4 -4 -2 -1
right_child=1 -3 3 -5 -6 -7
leaf_value=-0.00083931529701002951 0.012271970852898629 -0.011027384615410561 0.012184898788040402 -0.01001648020922425 -0.032871935375971287 -0.035455331023371339
leaf_weight=0.26324581698281724 0.31163402181118982 3.0733839418462585 23.630743412795713 5.3612651405856004 1.4892188196608911 2.1665096504002568
leaf_count=24 4 6911 2568 687 219 3678
internal_value=-0.0026235 0.000444094 0.00408387 0.00788229 -0.0234675 -0.0330431
internal_weight=36.296 33.8662 30.7929 28.992 1.80085 2.42976
internal_count=14091 10389 3478 3255 223 3702
cat_boundaries=0 1
cat_threshold=5
is_linear=0
shrinkage=0.05


Tree=104
num_leaves=6
num_cat=1
split_feature=12 0 17 37 22
split_gain=1.1719 1.08746 0.997659 0.959987 0.820506
threshold=40.500000000000007 0 21.050000000000001 48.500000000000007 76.76388900000002
decision_type=2 1 2 2 2
left_child=-1 2 4 -4 -2
right_child=1 -3 3 -5 -6
leaf_value=-0.032798302037845777 0.012785634917612554 -0.011222432559809236 -0.001786914440438487 0.016497928396263101 -0.031072561576739884
leaf_weight=1.7038584617039294 0.95600432929495882 3.1451017372964989 11.578008767508438 17.150503361524898 2.0586157887300942
leaf_count=2789 44 7490 873 2556 275
internal_value=-0.00107695 0.00134298 0.00484147 0.00931664 -0.0174438
internal_weight=36.5921 34.8882 31.7431 28.7285 3.01462
internal_count=14027 11238 3748 3429 319
cat_boundaries=0 1
cat_threshold=5
is_linear=0
shrinkage=0.05


Tree=105
num_leaves=8
num_cat=1
split_feature=19 0 37 24 44 42 38
split_gain=0.930141 0.990819 1.15315 1.31574 1.21313 0.620555 0.194957
threshold=26.322916500000002 0 48.500000000000007 49.500000000000007 30.800000000000004 1.5000000000000002 6.890476500000001
decision_type=2 1 2 2 2 2 2
left_child=5 2 3 -2 -4 6 -1
right_child=1 -3 4 -5 -6 -7 -8
leaf_value=0.020190792497992098 0.0020912890780051779 -0.011065726211034094 -0.013614140896009503 -0.03595371785473582 0.019392245139932401 -0.035712745050177762 -0.0092713436533421144
leaf_weight=0.29602690739557092 11.58416324415157 3.0908127773727747 2.6399357022673966 1.7991278501431214 14.598172195423102 2.0175121065767598 0.21936382108106045
leaf_count=12 1562 8185 266 115 2111 1653 195
internal_value=-0.00188532 0.000653429 0.00429123 -0.00516724 0.0138682 -0.0262959 0.00980781
internal_weight=36.2451 33.7122 30.6214 13.3833 17.2381 2.5329 0.515391
internal_count=14099 12239 4054 1677 2377 1860 207
cat_boundaries=0 1
cat_threshold=5
is_linear=0
shrinkage=0.05


Tree=106
num_leaves=10
num_cat=2
split_feature=22 1 22 35 36 44 20 1 4
split_gain=0.837371 2.36767 1.75703 1.62018 1.41003 0.942137 0.913668 1.40147 0.799668
threshold=78.409722000000016 0 72.159722500000015 81.586309500000013 97.500000000000014 28.250000000000004 31.950000000000003 1 -0.88622299073327826
decision_type=2 1 2 2 2 2 2 1 2
left_child=1 -1 4 -2 -3 -4 8 -8 -5
right_child=3 2 5 6 -6 -7 7 -9 -10
leaf_value=-0.035230663390445303 -0.040472496076663519 -0.036195719678117015 -0.012352250435711244 -0.025151206943914418 0.0098431177709698246 0.028859227952235163 -0.039162930025769364 0.0082869107425032063 0.0093603354903469323
leaf_weight=2.26260956547776 2.8463261091965277 1.9244820738385922 1.0515533497236891 1.0064003852894519 3.1197781291048159 8.4207866192373313 2.6563824004697372 2.2006893741272506 9.8314813669931009
leaf_count=2814 824 1676 121 1598 438 541 1430 1423 3135
internal_value=-0.00427112 0.00372846 0.0116799 -0.0113308 -0.010804 0.0235416 -0.00393819 -0.0199197 0.00430169
internal_weight=35.3205 16.7792 14.5166 18.5413 5.04426 9.47234 15.695 4.85707 10.8379
internal_count=14000 5590 2776 8410 2114 662 7586 2853 4733
cat_boundaries=0 1 2
cat_threshold=2 1
is_linear=0
shrinkage=0.05


Tree=107
num_leaves=11
num_cat=0
split_feature=12 25 43 25 13 4 26 13 40 31
split_gain=1.44086 1.17125 1.72619 1.19918 1.06679 0.846528 0.75162 0.646296 0.352253 0.124459
threshold=43.500000000000007 7.7979165000000004 5.5000000000000009 10.964583000000003 5.5041665000000011 0.88621069759564464 11.850000000000003 13.200000000000001 140.65000000000003 34.000000000000007
decision_type=2 2 2 2 2 2 2 2 2 2
left_child=7 2 6 5 -4 -3 -2 -1 -5 -9
right_child=1 3 4 8 -6 -7 -8 9 -10 -11
leaf_value=-0.038198787890195478 -0.020654445226562079 0.0030891607109467204 0.0016505360151171109 -0.031085317519619977 -0.041006360838093746 0.023425667727047152 0.020644357485995819 0.013385338793368607 0.0059306193169648353 -0.0087662859973829648
leaf_weight=2.4687612465568232 0.5849753863731183 11.951239591471682 2.0445128669816768 1.3731518945423875 3.5839004390873015 8.4441837041958916 3.4598018477699952 0.57238219643477339 0.49942355044186104 0.19879257656430127
leaf_count=3168 93 3041 1285 1348 3555 551 541 22 12 391
internal_value=-0.00136006 0.00220867 -0.0115815 0.00843936 -0.0276 0.0122103 0.0117613 -0.0287657 -0.0225852 0.00594967
internal_weight=35.1811 31.9412 9.67319 22.268 5.62841 20.3954 4.04478 3.23994 1.87258 0.771175
internal_count=14007 10426 5474 4952 4840 3592 634 3581 1360 413
is_linear=0
shrinkage=0.05


Tree=108
num_leaves=9
num_cat=1
split_feature=0 30 14 39 39 22 38 24
split_gain=0.893624 0.880604 1.41724 1.26073 1.0744 0.711023 0.705191 0.70172
threshold=0 0.95000000000000007 11.950000000000001 15.850000000000003 16.250000000000004 65.062500000000014 5.6446430000000012 54.500000000000007
decision_type=1 2 2 2 2 2 2 2
left_child=1 2 7 6 -5 -4 -3 -1
right_child=-2 3 5 4 -6 -7 -8 -9
leaf_value=0.024788580505056966 -0.011744795620466507 0.015434754326239801 0.0058901601002335552 0.04191585479216503 0.0070214275826135488 -0.039848487525275963 -0.034353342639869694 -0.018662628141372827
leaf_weight=1.9994309923713438 3.3381579283013698 0.32002590662159747 0.80644314866367528 1.5355303473916162 23.371255822479725 2.6169003928080201 1.6705497746806939 0.50284942936559662
leaf_count=101 9365 59 564 82 3008 513 299 49
internal_value=-0.00133338 0.00271202 -0.0125885 0.00738535 0.0107076 -0.030178 -0.0238643 0.0132212
internal_weight=36.1611 32.823 5.92562 26.8974 24.9068 3.42334 1.99058 2.50228
internal_count=14040 4675 1227 3448 3090 1077 358 150
cat_boundaries=0 1
cat_threshold=5
is_linear=0
shrinkage=0.05


Tree=109
num_leaves=8
num_cat=4
split_feature=2 0 1 3 43 1 5
split_gain=0.77774 0.785578 5.1387 3.54737 3.39592 1.97347 1.56188
threshold=3.5000000000000004 0 1 2 27.750000000000004 3 0.83730377313544024
decision_type=2 1 1 1 2 1 2
left_child=-1 3 4 6 -3 -5 -2
right_child=1 2 -4 5 -6 -7 -8
leaf_value=-0.029680550860572322 -0.040674896886878899 -0.032221312536042102 -0.044683234533957311 0.022010833800313736 0.03557290632572737 -0.028787523727363443 0.019204606785667117
leaf_weight=1.4309873812562717 3.7403730197256664 1.778235179648618 5.5467297701543412 16.275219948380258 4.9665271745325299 1.284274591627766 0.76429103527334508
leaf_count=3859 1318 3328 4261 180 940 173 15
internal_value=-0.00234873 -0.000403019 -0.00729025 0.00470454 0.0158466 0.0169446 -0.0288722
internal_weight=35.7866 34.3557 12.2915 22.0642 6.74476 17.5595 4.50466
internal_count=14074 10215 8529 1686 4268 353 1333
cat_boundaries=0 1 2 3 4
cat_threshold=1 2 2 1
is_linear=0
shrinkage=0.05


Tree=110
num_leaves=9
num_cat=1
split_feature=17 0 37 24 34 10 33 22
split_gain=0.802655 0.995031 1.5218 1.54874 1.05872 0.512486 0.00745878 0.0100716
threshold=21.050000000000001 0 51.500000000000007 49.500000000000007 24.450000000000003 72.64583300000001 31.050000000000004 74.493055500000011
decision_type=2 1 2 2 2 2 2 2
left_child=5 2 3 -2 -4 6 -1 -8
right_child=1 -3 4 -5 -6 -7 7 -9
leaf_value=0.0085016045974634635 0.0032427601769360898 -0.011086275044435098 0.020501050686392346 -0.032731633702676753 -0.018075594161345073 -0.03457320113500173 -0.0035373018573751636 0.0030525636821454871
leaf_weight=0.30118186224717591 11.848229474642723 3.0955166491912669 13.878366497752721 2.9377102032376561 1.2426311354429334 1.7698511864946338 0.074853485071798787 0.25896530263707973
leaf_count=11 1671 8706 1893 245 591 836 89 20
internal_value=-0.00174869 0.000617441 0.00433328 -0.00552542 0.0164063 -0.0248644 0.0067909 3.07317e-05
internal_weight=35.4073 33.0025 29.9069 14.7859 15.121 2.40485 0.635001 0.333819
internal_count=14062 13106 4400 1916 2484 956 120 109
cat_boundaries=0 1
cat_threshold=5
is_linear=0
shrinkage=0.05


Tree=111
num_leaves=6
num_cat=1
split_feature=35 17 0 7 36
split_gain=1.1077 0.925846 1.02706 0.760167 0.210327
threshold=69.220238000000009 18.550000000000001 0 30.522916500000004 99.500000000000014
decision_type=2 2 1 2 2
left_child=4 -2 3 -3 -1
right_child=1 2 -4 -5 -6
leaf_value=-0.033983699685488346 -0.03004046650759052 0.0097917399616809578 -0.01007613227928323 -0.024743635464286325 0.0031635438434732435
leaf_weight=1.8307001819230202 1.208090392879966 29.22558269612637 2.7421934375888659 0.74250988615676661 0.25560262249200594
leaf_count=3603 363 3323 6761 30 10
internal_value=-0.00119392 0.00137592 0.00339294 0.00617175 -0.0298822
internal_weight=36.0047 33.9184 32.7103 29.9681 2.0863
internal_count=14090 10477 10114 3353 3613
cat_boundaries=0 1
cat_threshold=5
is_linear=0
shrinkage=0.05


Tree=112
num_leaves=10
num_cat=3
split_feature=12 0 1 40 1 4 11 13 13
split_gain=1.02256 1.07921 3.71271 3.60488 2.67198 2.58993 0.815464 0.144128 0.0825048
threshold=43.500000000000007 0 1 64.250000000000014 2 -0.75015329512557205 99.500000000000014 13.200000000000001 13.256250000000003
decision_type=2 1 1 2 1 2 2 2 2
left_child=6 3 -3 4 -2 -4 7 -1 -9
right_child=1 2 5 -5 -6 -7 -8 8 -10
leaf_value=-0.0380215347965671 -0.031788712507351331 -0.043932674886662894 0.028670547961161925 -0.037932875791405155 0.023300616043408363 -0.031640095214356741 0.017663448330066219 0.0070039412937748114 -0.01125094827794266
leaf_weight=2.4244422775627754 1.6400613340520067 4.9970806868295767 4.4785111530218282 2.6040272490063208 16.260761853307493 1.6905158757654142 0.29024312202818681 0.28714588035654731 0.2735598315448442
leaf_count=3125 487 4370 1135 797 476 3237 12 29 377
internal_value=-0.00341339 -0.000305254 -0.0086404 0.00576264 0.0168385 0.0100354 -0.0263663 -0.0340053 -0.00340465
internal_weight=34.9463 31.671 11.1661 20.5049 17.9008 6.16903 3.27539 2.98515 0.560706
internal_count=14045 10502 8742 1760 963 4372 3543 3531 406
cat_boundaries=0 1 2 3
cat_threshold=1 1 2
is_linear=0
shrinkage=0.05


Tree=113
num_leaves=9
num_cat=0
split_feature=44 38 32 43 36 43 40 25
split_gain=0.855313 0.792148 1.70691 1.81827 0.902866 0.530591 0.521589 0.3501
threshold=40.150000000000006 7.9297620000000011 26.981845500000002 9.3500000000000032 95.500000000000014 5.9500000000000011 143.05000000000004 9.5222220000000011
decision_type=2 2 2 2 2 2 2 2
left_child=1 2 3 -1 7 -6 -2 -3
right_child=6 4 -4 -5 5 -7 -8 -9
leaf_value=0.015716617623193329 -0.034657640079783135 0.0010021501480436375 -0.038878948126515572 -0.032821618205323713 -0.0087633134072914592 0.012562062824760842 0.003868739300235886 -0.030353689614521163
leaf_weight=5.8430025869820401 2.1266938703229239 1.372132846750904 2.7176042737701209 1.6908235816226804 2.7774428143966388 16.013893132985686 0.96534231025725592 1.2464718327792068
leaf_count=751 4535 331 3007 2047 575 1811 22 977
internal_value=-0.00311159 -0.000321164 -0.0111368 0.00225358 0.00512341 0.00912655 -0.0246235 -0.018187
internal_weight=34.7534 31.6614 10.2514 7.53383 21.4099 18.7913 3.09204 2.6186
internal_count=14056 9499 5805 2798 3694 2386 4557 1308
is_linear=0
shrinkage=0.05


Tree=114
num_leaves=8
num_cat=0
split_feature=7 32 39 7 37 19 43
split_gain=0.768235 1.40906 1.07787 0.670788 0.456853 0.444838 0.356609
threshold=26.477083500000003 26.308333500000003 15.550000000000002 30.372916500000006 52.500000000000007 26.400000000000002 9.9500000000000011
decision_type=2 2 2 2 2 2 2
left_child=5 4 -3 -4 -2 -1 -7
right_child=1 2 3 -5 -6 6 -8
leaf_value=-0.035757148511147745 -0.0097997452866062044 -0.035516291608092859 -0.00029533064791759198 -0.029415598778805885 0.035625874005712925 0.011823072573132585 -0.019442858272055635
leaf_weight=2.0413643618303463 0.2315452156617569 1.7804433930941765 24.894992336539875 1.1502605713103538 1.9453506183926945 1.1052808748354435 0.62293973752093723
leaf_count=1782 142 767 9545 672 250 141 792
internal_value=-0.00552747 -0.00247682 -0.00588537 -0.00262149 0.0292304 -0.024198 -0.00244251
internal_weight=33.7722 30.0026 27.8257 26.0453 2.1769 3.76958 1.72822
internal_count=14091 11376 10984 10217 392 2715 933
is_linear=0
shrinkage=0.05


Tree=115
num_leaves=8
num_cat=1
split_feature=31 4 4 4 1 40 4
split_gain=1.16291 1.36743 1.27112 2.03949 1.92987 0.454465 0.295193
threshold=36.900000000000013 0.99700008544936913 0.89404822654372251 -0.082689790342551792 0 143.05000000000004 0.99761913169647187
decision_type=2 2 2 2 1 2 2
left_child=1 2 3 -1 -4 6 -2
right_child=5 -3 4 -5 -6 -7 -8
leaf_value=0.0049495371439848852 -0.033751120062660962 -0.034266916408353214 0.028925471158629576 -0.033037535315756324 -0.026711441611390864 0.0041561464225097688 0.0034592221579682562
leaf_weight=16.376359785426764 3.3877126254483296 1.5275932310250926 7.1410623074916639 3.4441546265734386 1.0986889647247151 0.95354789658449579 0.4080427412627613
leaf_count=3697 4881 326 472 4089 481 32 54
internal_value=-0.00291781 0.00104595 0.00408138 -0.00292111 0.0194188 -0.0234985 -0.0298638
internal_weight=34.3372 29.5879 28.0603 19.8205 8.23975 4.7493 3.79576
internal_count=14032 9065 8739 7786 953 4967 4935
cat_boundaries=0 1
cat_threshold=1
is_linear=0
shrinkage=0.05


Tree=116
num_leaves=12
num_cat=4
split_feature=17 0 1 5 44 1 39 40 27 26 1
split_gain=1.07743 1.1549 2.76638 2.25133 1.7831 0.683267 0.468843 0.582868 0.324751 0.187304 0.171653
threshold=32.20000000000001 0 1 -0.54219087765047058 31.150000000000002 2 18.350000000000005 140.65000000000003 57.750000000000007 17.550000000000004 3
decision_type=2 1 1 2 2 1 2 2 2 2 1
left_child=1 2 -1 5 -4 -3 9 8 -8 -2 -11
right_child=6 3 4 -5 -6 -7 7 -9 -10 10 -12
leaf_value=-0.033449468683134496 -0.0099165784230713042 -0.017368342483394091 -0.00292224238620247 -0.040380223976188602 0.031895380860476059 0.026607271440234611 -0.028740301731838721 0.0068987972264974639 -0.0028795261221725246 0.022306951285708077 -0.0069986549963401232
leaf_weight=1.8421631409801194 0.23520902116433606 0.4813917049759775 5.240528499969515 3.7718918519349263 10.202436910563845 1.8286685944694911 5.667672648731239 1.4438742923666721 1.7779309092584297 0.81037545649451204 0.15968826151220128
leaf_count=690 309 1009 166 4836 530 1008 5038 45 255 83 84
internal_value=-0.00179639 0.00413856 0.00862647 -0.00838055 0.020621 0.0149646 -0.0146692 -0.0184813 -0.0236372 0.00907763 0.016379
internal_weight=33.4618 23.3671 17.2851 6.08195 15.443 2.31006 10.0948 8.88948 7.4456 1.20527 0.970064
internal_count=14053 8239 1386 6853 696 2017 5814 5338 5293 476 167
cat_boundaries=0 1 2 3 4
cat_threshold=1 2 1 1
is_linear=0
shrinkage=0.05


Tree=117
num_leaves=8
num_cat=1
split_feature=19 0 37 35 44 42 9
split_gain=0.820837 0.890117 0.823882 1.3265 0.711857 0.561398 0.147985
threshold=26.322916500000002 0 45.500000000000007 72.267857500000005 30.800000000000004 1.5000000000000002 23.150000000000002
decision_type=2 1 2 2 2 2 2
left_child=5 2 3 -2 -4 6 -1
right_child=1 -3 4 -5 -6 -7 -8
leaf_value=-0.0079189844818929583 0.0066236592256904512 -0.010247520036661035 -0.0091080912607110851 -0.02964775441250514 0.015780858891621043 -0.034307150463663047 0.018379735179727495
leaf_weight=0.18091206741519217 6.9560912476154062 2.7970703358005293 2.7619816137957995 2.7336388969706604 16.325440764900122 1.8188332453137261 0.29383404954569414
leaf_count=193 1390 8143 272 196 2153 1632 10
internal_value=-0.00121926 0.00122074 0.00455413 -0.00542535 0.0119053 -0.0249812 0.00978386
internal_weight=33.8678 31.5742 28.7772 9.68973 19.0874 2.29358 0.474746
internal_count=13989 12154 4011 1586 2425 1835 203
cat_boundaries=0 1
cat_threshold=5
is_linear=0
shrinkage=0.05


Tree=118
num_leaves=8
num_cat=1
split_feature=21 30 1 5 40 27 25
split_gain=0.903467 1.18842 1.48306 2.09384 1.55007 1.41672 0.915513
threshold=21.550000000000004 8.8500000000000032 0 -0.44505783185115427 65.200000000000003 34.400000000000006 8.355555500000003
decision_type=2 2 1 2 2 2 2
left_child=-1 2 3 -2 -4 -3 -7
right_child=1 5 4 -5 -6 6 -8
leaf_value=-0.032585566360520589 -0.032295366140801238 -0.039118846023467081 -0.037039730703291855 0.017389299940550679 0.0188964428679987 -0.02930688605804864 0.006511923426439351
leaf_weight=1.559035607970144 1.4947195502172714 2.887120452236557 2.6427620888753185 15.779029753568468 1.1267078890377886 1.3299474673258371 6.6661436195354327
leaf_count=1080 705 3510 3032 2423 128 1980 1249
internal_value=-0.00398259 -0.00163862 0.00528362 0.011558 -0.0198638 -0.0143414 -0.00204113
internal_weight=33.4855 31.9264 21.0432 17.2737 3.76947 10.8832 7.99609
internal_count=14107 13027 6288 3128 3160 6739 3229
cat_boundaries=0 1
cat_threshold=1
is_linear=0
shrinkage=0.05


Tree=119
num_leaves=12
num_cat=1
split_feature=30 39 13 0 37 38 25 7 35 40 5
split_gain=1.12712 1.18805 1.13253 1.0781 1.48147 0.674446 0.449784 0.297159 0.226114 0.124233 0.00354932
threshold=0.95000000000000007 15.850000000000003 5.5479165000000004 0 45.500000000000007 5.6446430000000012 11.941667000000001 26.835416500000004 71.741071500000018 11.250000000000002 0.98332250088165762
decision_type=2 2 2 1 2 2 2 2 2 2 2
left_child=2 5 7 4 -3 -2 10 -1 -9 -8 -4
right_child=1 3 6 -5 -6 -7 9 8 -10 -11 -12
leaf_value=-0.012146147015004629 0.013957146174749713 -0.006230379627515676 -0.040068120577745253 -0.0094169618443214406 0.020165488523424008 -0.035509229306224847 -0.0090333795970860744 -0.0047374129593567701 0.028044763006034985 0.013610469985965379 -0.00748942532090556
leaf_weight=0.26978636645071574 0.31840477655350996 7.1184998002827369 2.8070673058573457 2.5157697724716881 16.255240261198196 1.8446471209172157 0.21856572059186863 0.3852629244138368 0.81781709780625533 0.29721310676541179 0.54360419378645009
leaf_count=65 173 646 2467 6204 2441 900 771 76 51 12 260
internal_value=-0.00119123 0.00301149 -0.020264 0.00632594 0.00865134 -0.0261172 -0.0323552 0.0117251 0.0201616 0.00438581 -0.0377189
internal_weight=33.3919 28.0526 5.33932 25.8895 23.3737 2.16305 3.86645 1.47287 1.20308 0.515779 3.35067
internal_count=14066 10364 3702 9291 3087 1073 3510 192 127 783 2727
cat_boundaries=0 1
cat_threshold=5
is_linear=0
shrinkage=0.05


Tree=120
num_leaves=8
num_cat=3
split_feature=0 1 1 4 5 44 21
split_gain=0.914168 3.26142 3.05683 2.52517 2.42881 1.99861 0.989491
threshold=0 1 2 -0.75015329512557205 -0.4831374111459158 38.70000000000001 24.350000000000005
decision_type=1 1 1 2 2 2 2
left_child=2 3 -1 6 -4 -6 -2
right_child=1 -3 4 -5 5 -7 -8
leaf_value=-0.037501730351647465 -0.010357063877245146 -0.044039441296732089 -0.03309123001278233 -0.032484762073287085 0.022691928951563186 -0.029072419468835653 0.037163143107331008
leaf_weight=2.677161631781928 0.97986129023774982 5.1710800830696808 1.7357032507206955 1.8194421070475071 16.869621915699103 1.2238149210388645 3.27944064384792
leaf_count=1141 977 5841 435 4702 463 287 155
internal_value=-0.00323428 -0.0101047 0.00335509 0.00663154 0.0120176 0.0178514 0.0263404
internal_weight=33.7561 11.2498 22.5063 6.07874 19.8291 18.0934 4.2593
internal_count=14001 11675 2326 5834 1185 750 1132
cat_boundaries=0 1 2 3
cat_threshold=1 2 2
is_linear=0
shrinkage=0.05


Tree=121
num_leaves=11
num_cat=2
split_feature=36 24 1 39 1 34 20 31 15 15
split_gain=0.853577 1.16875 2.15025 1.4137 0.986996 2.10699 2.10661 0.653989 0.0878318 0.0537523
threshold=95.500000000000014 55.500000000000007 0 21.950000000000003 1 24.150000000000002 31.750000000000004 31.850000000000005 12.15 2.9500000000000006
decision_type=2 2 1 2 1 2 2 2 2 2
left_child=7 2 -2 -4 5 -3 -6 8 9 -1
right_child=1 4 3 -5 6 -7 -8 -9 -10 -11
leaf_value=-0.0040704651958982574 -0.031500265407204207 -0.031700061289711395 0.02560979602467052 -0.013100360022787881 0.0037515267098415677 0.022234294716658012 -0.042375995773441227 -0.035798568039196364 -0.007692761039939342 0.013217967033936677
leaf_weight=0.088075730862328117 1.6376607813144801 1.6537052530111394 10.58590378383087 2.2963026997495044 4.8941037481999938 4.8121266481612111 3.7195104236961924 1.933619207171432 0.17568307800684124 0.85266251544817351
leaf_count=312 1498 2661 1073 426 2059 1181 1803 2940 41 43
internal_value=-0.00167425 0.00123097 0.0109822 0.0182629 -0.00825751 0.00604165 -0.0185031 -0.0232107 0.00520464 0.010336
internal_weight=32.6494 29.5993 14.5199 12.8822 15.0794 6.46583 8.61361 3.05004 1.11642 0.940738
internal_count=14037 10701 2997 1499 7704 3842 3862 3336 396 355
cat_boundaries=0 1 2
cat_threshold=2 2
is_linear=0
shrinkage=0.05


Tree=122
num_leaves=8
num_cat=3
split_feature=0 1 1 5 4 44 5
split_gain=0.850435 3.56188 2.95029 2.40126 2.32923 2.15454 0.843991
threshold=0 1 2 -0.4831374111459158 -0.75015329512557205 38.70000000000001 -0.46800559042974538
decision_type=1 1 1 2 2 2 2
left_child=2 4 -1 -4 6 -5 -2
right_child=1 -3 3 5 -6 -7 -8
leaf_value=-0.0368816283275097 0.03249746888682193 -0.043727191193739509 -0.03266386832808274 0.023755931340372113 -0.031274701216547095 -0.029644595693451271 -0.015869046078174281
leaf_weight=2.5301946818290162 4.2556280274293385 5.0192271632367902 1.6832293226470962 16.437179544795079 1.644075039464951 1.2636768454685796 0.46279811334534304
leaf_count=1176 192 5857 430 461 4706 283 954
internal_value=-0.00201273 -0.00886058 0.00392798 0.0127298 0.00881341 0.0185623 0.025808
internal_weight=33.296 11.3817 21.9143 19.3841 6.3625 17.7009 4.71843
internal_count=14059 11709 2350 1174 5852 744 1146
cat_boundaries=0 1 2 3
cat_threshold=1 2 2
is_linear=0
shrinkage=0.05


Tree=123
num_leaves=12
num_cat=2
split_feature=33 9 5 1 38 42 1 17 24 17 23
split_gain=0.738351 1.01443 1.32231 1.28083 0.972029 1.31042 0.868984 0.706692 0.678792 0.368905 0.32107
threshold=31.950000000000003 22.450000000000003 0.82777578779003613 0 7.9297620000000011 3.5000000000000004 1 32.20000000000001 62.500000000000007 35.800000000000004 99.500000000000014
decision_type=2 2 2 1 2 2 1 2 2 2 2
left_child=1 -1 6 -4 5 10 -3 8 -6 -9 -2
right_child=4 2 3 -5 7 -7 -8 9 -10 -11 -12
leaf_value=-0.026074171080714994 -0.010827259548892102 0.010746237204641523 0.037095842552537055 -0.019127140060550409 0.0088692087615976547 -0.040294124001463344 -0.029908000905216794 -0.023446980427942434 -0.023980221978933441 -0.0019033984563937866 0.025795014452292448
leaf_weight=0.93951825445401382 0.25973010353846193 2.1182472992804833 4.4434857959713554 0.59242522295971856 10.93121490984413 3.1157086296443595 1.377772422973065 3.5894362973849629 0.83806717782863493 3.8443222742644139 0.60807795068831183
leaf_count=373 596 1539 184 183 2115 3598 1518 1499 445 1912 33
internal_value=-0.00326187 0.00795457 0.0140441 0.0284087 -0.0079831 -0.0276909 -0.00836406 -0.00272662 0.00483529 -0.0138526 0.0149057
internal_weight=32.658 9.47145 8.53193 5.03591 23.1866 3.98352 3.49602 19.203 11.7693 7.43376 0.867808
internal_count=13995 3797 3424 367 10198 4227 3057 5971 2560 3411 629
cat_boundaries=0 1 2
cat_threshold=1 2
is_linear=0
shrinkage=0.05


Tree=124
num_leaves=7
num_cat=1
split_feature=39 39 0 43 35 5
split_gain=0.699882 0.994851 0.747774 0.86471 0.465366 0.121412
threshold=11.950000000000001 15.550000000000002 0 0.95000000000000007 84.172619000000012 0.93158198870884079
decision_type=2 2 1 2 2 2
left_child=-1 4 3 -3 -2 -6
right_child=1 2 -4 -5 5 -7
leaf_value=0.025934345981150648 -0.036773411606169454 -0.02728052506386058 -0.010337698359353503 0.0066594215422148776 -0.0081997654430595885 0.014776847294334428
leaf_weight=1.1429061536982761 1.9633772040833712 1.0361508529822483 2.8201646301713508 25.946804986117058 0.19515030741968065 0.27989332907600328
leaf_count=89 648 813 8525 3473 484 11
internal_value=-0.00183954 -0.00357464 -0.000615711 0.00326206 -0.0290426 0.00617801
internal_weight=33.3844 32.2415 29.8031 26.983 2.43842 0.475044
internal_count=14043 13954 12811 4286 1143 495
cat_boundaries=0 1
cat_threshold=5
is_linear=0
shrinkage=0.05


Tree=125
num_leaves=11
num_cat=1
split_feature=39 39 10 39 35 35 41 8 1 2
split_gain=0.876324 1.09001 1.52038 1.42236 0.805116 0.598869 0.375072 0.351775 0.100491 0.0814722
threshold=23.350000000000005 21.750000000000004 77.000000000000014 20.850000000000005 82.136905000000013 69.601190500000016 92.100000000000009 30.150000000000002 0 11.500000000000002
decision_type=2 2 2 2 2 2 2 2 1 2
left_child=1 2 3 -1 -4 9 -7 8 -2 -3
right_child=7 5 4 -5 -6 6 -8 -9 -10 -11
leaf_value=0.020125239888466859 -0.010978486753110269 -0.0179780154896272 -0.028050033600899471 -0.0280153652641149 -0.0039785678301638592 0.023953557478268699 -0.011020055959518211 -0.033349654992653098 0.0072815886562472235 0.0022486250713183989
leaf_weight=7.1466026885173104 0.26460783063521309 0.49147645479024404 5.1226858335685383 0.97481668450927816 8.9588189894384396 6.5197934259122121 0.28129486968828121 1.7911353391027658 0.86438374708814081 0.4501447610091418
leaf_count=2104 174 750 1190 356 4910 1105 381 2878 187 24
internal_value=-0.00158492 0.00128343 -0.00442773 0.011909 -0.0140147 0.0162939 0.0212798 -0.0238235 -0.000144578 -0.0121306
internal_weight=32.8658 29.9456 22.2029 8.12142 14.0815 7.74271 6.80109 2.92013 1.12899 0.941621
internal_count=14059 10820 8560 2460 6100 2260 1486 3239 361 774
cat_boundaries=0 1
cat_threshold=1
is_linear=0
shrinkage=0.05


Tree=126
num_leaves=13
num_cat=0
split_feature=37 10 24 24 19 20 23 20 14 44 8 9
split_gain=0.61557 1.18819 1.12281 1.01638 0.788462 0.840597 0.589203 0.488307 0.299558 0.13418 0.0295928 0.0258921
threshold=51.500000000000007 76.729166500000005 49.500000000000007 45.500000000000007 26.322916500000002 31.950000000000003 99.500000000000014 34.050000000000004 10.65 32.600000000000001 33.750000000000007 24.950000000000003
decision_type=2 2 2 2 2 2 2 2 2 2 2 2
left_child=2 9 3 6 -3 -6 -1 -5 10 -2 -4 -11
right_child=1 4 8 7 5 -7 -8 -9 -10 11 -12 -13
leaf_value=-0.021350160802324162 0.037336811046548964 -0.029800163836000544 -0.004418985615565702 -0.0077129099751649171 0.010308292142227206 -0.012764980850072298 0.012430950204042232 0.022087880015885956 -0.038833077261633014 -0.0050664923306256065 0.0073059621036970822 0.0055119304523177839
leaf_weight=5.0538819599642029 1.4146607817529027 1.2580657122780419 0.093923494510817718 1.4115452839832867 9.6008797072136058 5.3040207944541171 0.93222356300975651 3.3107247511215974 2.454965091572376 0.10888493845413894 0.22940616292180493 0.2255862246529432
leaf_count=4456 66 1267 66 268 3519 3201 69 246 753 45 10 22
internal_value=-0.00326641 0.00279231 -0.0109505 -0.00244417 -0.0022423 0.00181116 -0.015063 0.0133889 -0.0344121 0.0332079 0.00313449 0.000852165
internal_weight=31.3988 17.9121 13.4867 10.7084 16.163 14.9049 5.98611 4.72227 2.77829 1.74913 0.32333 0.334471
internal_count=13988 8120 5868 5039 7987 6720 4525 514 829 133 76 67
is_linear=0
shrinkage=0.05


Tree=127
num_leaves=8
num_cat=3
split_feature=0 1 1 4 5 44 5
split_gain=0.648892 3.58702 2.79749 2.4139 2.19979 1.62945 0.758592
threshold=0 1 2 -0.75015329512557205 -0.4831374111459158 38.70000000000001 -0.46800559042974538
decision_type=1 1 1 2 2 2 2
left_child=2 3 -1 6 -4 -6 -2
right_child=1 -3 4 -5 5 -7 -8
leaf_value=-0.03669548838560973 0.033324228059004583 -0.043283153408601525 -0.032069959278713762 -0.031093876383894575 0.021869419783973092 -0.026953319410915774 -0.014459149610728956
leaf_weight=2.4819147666930803 4.2778225798974745 4.7186695665332063 1.6109467582864514 1.6171450821893829 16.245507233892571 1.0498884836488276 0.40510594063380079
leaf_count=1164 188 5862 426 4748 466 276 928
internal_value=-0.0018841 -0.00787223 0.00340847 0.0101623 0.0119643 0.0175945 0.0273737
internal_weight=32.407 11.0187 21.3883 6.30007 18.9063 17.2954 4.68293
internal_count=14058 11726 2332 5864 1168 742 1116
cat_boundaries=0 1 2 3
cat_threshold=1 2 2
is_linear=0
shrinkage=0.05


Tree=128
num_leaves=14
num_cat=2
split_feature=38 38 43 36 41 1 1 9 32 25 39 21 41
split_gain=0.630385 1.3764 1.35023 0.809708 0.673235 1.52405 1.26004 0.618632 0.588454 0.499778 0.31809 0.298815 0.0672337
threshold=9.4294645000000017 7.9297620000000011 5.5000000000000009 97.500000000000014 71.65000000000002 0 1 24.950000000000003 26.989285500000005 5.7222220000000013 18.450000000000003 24.150000000000002 10.850000000000003
decision_type=2 2 2 2 2 1 1 2 2 2 2 2 2
left_child=1 2 8 10 6 -6 -3 -5 -1 -4 -2 -12 -9
right_child=3 4 9 7 5 -7 -8 12 -10 -11 11 -13 -14
leaf_value=0.014075545381449204 0.0072813641883008595 0.026655469099544655 -0.0030256812847931432 -0.022414764661534584 -0.033544884998549351 0.014830863843721518 -0.012473174017232573 0.019207136225371828 -0.021121382382789721 -0.039662214741295811 -0.0011118139182603448 -0.034369767646587883 0.0029458336933764514
leaf_weight=3.5647489682669455 0.26861794832802655 6.9071677768479267 1.4301451645078485 0.73253983007816748 1.6802606723649651 3.2001665050702286 2.11075560100653 1.3360450126201615 0.64503509090354771 3.1183021601864311 0.86607209496651183 3.7837613488372881 1.4636537303158546
leaf_count=580 34 1003 1027 835 507 515 979 110 841 3967 1012 2353 262
internal_value=-0.00438527 0.000133723 -0.0144686 -0.015233 0.00968908 -0.00469642 0.0171661 0.00293272 0.00566356 -0.0307643 -0.0265702 -0.0294684 0.0137185
internal_weight=31.1073 22.6566 8.75823 8.45069 13.8984 4.88043 9.01792 3.53224 4.20978 4.54845 4.91845 4.64983 2.7997
internal_count=14025 9419 6415 4606 3004 1022 1982 1207 1421 4994 3399 3365 372
cat_boundaries=0 1 2
cat_threshold=1 1
is_linear=0
shrinkage=0.05


Tree=129
num_leaves=13
num_cat=1
split_feature=42 38 13 38 36 40 38 5 34 17 1 17
split_gain=0.620682 1.36354 1.05596 0.964282 1.56761 0.707373 0.660075 0.645159 0.256198 0.225392 0.109656 0.0271165
threshold=2.5000000000000004 8.0035710000000027 5.6812500000000012 9.4294645000000017 97.500000000000014 77.750000000000014 6.7669645000000012 0.89691351184655443 21.550000000000004 34.750000000000007 0 18.550000000000001
decision_type=2 2 2 2 2 2 2 2 2 2 1 2
left_child=6 2 7 5 -5 -3 11 -2 -8 -4 -10 -1
right_child=1 3 9 4 -6 -7 8 -9 10 -11 -12 -13
leaf_value=0.0035279990134791253 -0.021271445407453574 0.017287320797256492 -0.038947583227677732 -0.026894005859946668 0.011061694810882226 -0.0067975694415157648 -0.019733658673656326 0.018363447320934589 0.012446154719125914 -0.0024886758345861945 -0.0079211380687775456 0.033069108517502652
leaf_weight=0.35012341092806254 0.70044461855286799 8.8193744923592039 3.7578599521184515 5.0215246976295003 4.187244692184322 3.7743099753715788 0.60336675124199235 1.6334758712546316 0.99835295340017172 0.62210087422863569 0.18525969691108901 1.4038581401509871
leaf_count=31 1368 1555 3660 2789 1150 796 749 215 442 749 452 126
internal_value=-0.00230878 -0.00489293 -0.0229658 0.00143554 -0.0102425 0.0101001 0.0149967 0.00365599 -0.00579735 -0.0351943 0.00709064 0.0305945
internal_weight=32.0573 28.5163 6.71388 21.8025 9.20877 12.5937 3.54096 2.33392 1.78698 4.37996 1.18361 1.75398
internal_count=14082 12282 5992 6290 3939 2351 1800 1583 1643 4409 894 157
cat_boundaries=0 1
cat_threshold=1
is_linear=0
shrinkage=0.05


Tree=130
num_leaves=11
num_cat=1
split_feature=17 33 1 26 31 26 17 22 10 14
split_gain=0.684009 0.796047 1.27939 0.853783 1.33294 0.813151 0.62989 0.395571 0.00417699 0.0146096
threshold=21.050000000000001 31.450000000000003 0 15.850000000000003 31.850000000000005 12.950000000000001 27.550000000000001 74.729166500000005 76.729166500000005 12.65
decision_type=2 2 1 2 2 2 2 2 2 2
left_child=7 2 6 5 -5 -3 -2 8 9 -1
right_child=1 3 -4 4 -6 -7 -8 -9 -10 -11
leaf_value=-0.0041926696460044622 0.044204988708447801 0.0098052400462086912 -0.020614723802413134 0.022514176174346645 -0.0054095868688493684 -0.031941766375342087 -0.010274471681831487 -0.033300185310401735 0.0066361277216640232 0.0037988599279693913
leaf_weight=0.089742332787867141 1.874650007848689 1.081100211169544 0.66534644740022519 4.4942901075191939 18.253863896901748 3.1787519410972891 0.25068930373527099 1.6223672556770905 0.25927609391510487 0.20349265687400475
leaf_count=99 252 339 661 1437 7952 2075 399 855 9 10
internal_value=-0.0028083 -0.000442682 0.0210761 -0.0033393 0.000822968 -0.021497 0.0365476 -0.024872 0.00538462 2.2969e-06
internal_weight=31.9736 29.7987 2.79069 27.008 22.7482 4.25985 2.12534 2.17488 0.552511 0.293235
internal_count=14088 13115 1312 11803 9389 2414 651 973 118 109
cat_boundaries=0 1
cat_threshold=1
is_linear=0
shrinkage=0.05


Tree=131
num_leaves=7
num_cat=3
split_feature=21 0 1 5 1 4
split_gain=0.794189 0.845289 3.00678 2.84029 2.27305 1.89296
threshold=21.550000000000004 0 1 -0.4831374111459158 2 -0.75015329512557205
decision_type=2 1 1 2 1 2
left_child=-1 3 -3 -2 -5 -4
right_child=1 2 5 4 -6 -7
leaf_value=-0.030829700370687097 -0.035968378032024399 -0.042517304417508422 0.023590097135827777 -0.030858594259535046 0.021072280112816828 -0.029704729422143247
leaf_weight=1.3602224130736456 2.2614709443878409 4.3407488270277099 4.4579853069444653 1.5213744746688462 15.413185012184837 1.4408324809155653
leaf_count=1092 831 5412 1116 659 647 4279
internal_value=-0.00291993 -0.000659648 -0.00804273 0.00499229 0.0149464 0.00815359
internal_weight=30.7958 29.4356 10.2396 19.196 16.9346 5.89882
internal_count=14036 12944 10807 2137 1306 5395
cat_boundaries=0 1 2 3
cat_threshold=1 1 2
is_linear=0
shrinkage=0.05


Tree=132
num_leaves=11
num_cat=2
split_feature=13 43 43 21 0 35 11 7 1 4
split_gain=0.712305 0.807116 0.777201 0.770866 0.766276 0.699766 0.698869 0.581326 0.337199 0.0978235
threshold=7.5270835000000007 2.7500000000000004 11.750000000000002 22.250000000000004 0 84.023809500000013 94.500000000000014 26.477083500000003 1 -0.14250824554987662
decision_type=2 2 2 2 1 2 2 2 1 2
left_child=2 3 5 9 7 6 -1 -3 -7 -2
right_child=1 4 -4 -5 -6 8 -8 -9 -10 -11
leaf_value=0.010359599311608594 0.015645177607190534 -0.01536742992086668 -0.033986904189079008 -0.033510569174305997 -0.0078190326172757011 0.026135488395623508 -0.02175182539541546 0.016172737579128873 -0.010437777183738381 -0.0047772324830240125
leaf_weight=1.843264508672293 0.72706308368651662 0.82094513640913902 2.0104083956757677 1.6322095934119714 1.995275866993327 1.4134052222070748 3.9552206428852514 15.807334151690155 0.24767681267985597 0.32590105433701244
leaf_count=956 46 382 3721 2289 3626 109 865 1467 105 461
internal_value=-0.00175859 0.00334874 -0.012473 -0.0183223 0.00724776 -0.00334266 -0.0115217 0.00882564 0.0188091 0.0100762
internal_weight=30.7787 21.3087 9.46998 2.68517 18.6236 7.45957 5.79849 16.6283 1.66108 1.05296
internal_count=14027 8271 5756 2796 5475 2035 1821 1849 214 507
cat_boundaries=0 1 2
cat_threshold=5 1
is_linear=0
shrinkage=0.05


Tree=133
num_leaves=10
num_cat=3
split_feature=0 1 40 5 44 1 32 40 40
split_gain=0.811348 2.48382 2.05794 1.8305 2.09988 1.02401 0.584508 0.00836567 0.0979768
threshold=0 1 86.40000000000002 -0.4831374111459158 31.150000000000002 2 27.026488000000004 71.65000000000002 72.500000000000014
decision_type=1 1 2 2 2 1 2 2 2
left_child=1 -1 7 -3 -5 -4 -7 -2 -9
right_child=2 3 5 4 -6 6 -8 8 -10
leaf_value=-0.036097832621788443 -0.042068336706792511 -0.030749448082165218 -0.026465573145644128 -0.013377920688360516 0.025467046732206511 -0.015523232179698114 0.024530103277188312 0.0036120631180681937 -0.017558016635068056
leaf_weight=2.3675751795199176 4.5635683265863936 1.4660179691927648 0.97902800770680187 3.9856021468149327 12.427804304592426 0.44272536967764642 2.9542558567263768 0.40712833768338885 0.52540648173817317
leaf_count=1190 8338 433 1097 133 610 747 355 45 1203
internal_value=-0.0050016 0.00249236 -0.0111883 0.0105639 0.0158079 0.00413437 0.0169668 -0.0393698 -0.011229
internal_weight=30.1191 20.247 9.87211 17.8794 16.4134 4.37601 3.39698 5.4961 0.932535
internal_count=14151 2366 11785 1176 743 2199 1102 9586 1248
cat_boundaries=0 1 2 3
cat_threshold=1 2 1
is_linear=0
shrinkage=0.05


Tree=134
num_leaves=13
num_cat=3
split_feature=31 38 40 25 1 5 4 12 8 1 36 1
split_gain=0.757324 0.807997 1.46143 0.88624 0.731491 1.16647 0.730351 0.705894 1.0931 1.25287 0.550548 0.542399
threshold=33.650000000000006 8.0035710000000027 3.9500000000000006 5.8680555000000014 0 -0.36648370705903521 -0.70291267844185523 45.500000000000007 33.350000000000001 1 99.500000000000014 2
decision_type=2 2 2 2 1 2 2 2 2 1 2 1
left_child=1 2 10 -4 5 -3 -6 -2 9 -9 -1 -10
right_child=7 4 3 -5 6 -7 -8 8 11 -11 -12 -13
leaf_value=-0.014585724790574121 -0.034797804743381247 -0.021056577974041094 0.0026781891743982164 -0.038097422846712477 0.017317005631730512 0.029601418832022761 -0.027093200751741476 0.0030591941985743578 -0.015364555898077581 -0.030578473064196421 0.026100991428486944 0.02319892020485146
leaf_weight=0.39799676446273435 1.7265381045508537 0.63543233161180968 1.9364431094872996 2.547745998519531 0.75222955379285839 5.3739928851755394 1.1194763802013765 5.1323927403645939 0.4346539490725263 4.6182200777366216 2.2935568625180167 2.8775270628830181
leaf_count=707 2819 293 958 2512 107 534 729 2306 271 2331 186 267
internal_value=-0.00371394 0.00407559 -0.00754932 -0.0232114 0.0143183 0.022005 -0.00942995 -0.0114003 -0.00605319 -0.0142351 0.0177633 0.0157488
internal_weight=29.8462 15.0569 7.17574 4.48419 7.88113 6.00943 1.87171 14.7893 13.0628 9.75061 2.69155 3.31218
internal_count=14020 6026 4363 3470 1663 827 836 7994 5175 4637 893 538
cat_boundaries=0 1 2 3
cat_threshold=1 2 2
is_linear=0
shrinkage=0.05


Tree=135
num_leaves=14
num_cat=0
split_feature=37 10 20 43 44 10 14 31 5 44 5 44 12
split_gain=0.743379 1.10426 1.09739 0.769213 0.723834 0.715255 0.571135 0.430263 0.411907 0.299525 0.144564 0.126829 0.0278176
threshold=51.500000000000007 77.000000000000014 34.95000000000001 2.7500000000000004 30.800000000000004 85.937500000000014 10.550000000000002 36.550000000000004 0.96407344085605595 38.70000000000001 0.99681593486783593 32.600000000000001 55.500000000000007
decision_type=2 2 2 2 2 2 2 2 2 2 2 2 2
left_child=2 11 6 -4 8 -6 10 -8 -3 -5 -1 -2 -13
right_child=1 4 3 9 5 -7 7 -9 -10 -11 -12 12 -14
leaf_value=0.012974533848195954 0.035577199061077223 -0.03271946734239467 -0.025011027687325244 0.015071769437327279 0.012087258824568186 -0.0097924025861807346 -0.034982457905924545 0.00049157376396188196 0.0092538936019566833 -0.013057306628855139 -0.0099474179844404945 0.0055467949789728688 -0.0054391260116023882
leaf_weight=0.81116715688404084 1.5767047522531381 1.4810658063361177 0.8917802507203304 4.9175929619887029 7.759034532835356 5.5627225449643447 4.7620760782338039 0.97142699806499866 0.28432023024652142 0.33580716398500943 0.21739603600872215 0.19191063888138149 0.11835789546967135
leaf_count=136 81 853 1829 435 3132 3986 2522 606 12 355 33 10 77
internal_value=-0.00324688 0.00358927 -0.0118487 0.00341925 -0.00172102 0.00290522 -0.0243767 -0.0297917 -0.0250577 0.0114732 0.00561437 0.0319367 0.000403272
internal_weight=29.8814 16.9741 12.9072 6.14518 15.0871 13.3218 6.76207 5.7335 1.76539 5.2534 1.02856 1.88697 0.310269
internal_count=14067 8151 5916 2619 7983 7118 3297 3128 865 790 169 168 87
is_linear=0
shrinkage=0.05


Tree=136
num_leaves=6
num_cat=0
split_feature=39 39 39 7 13
split_gain=0.661968 1.01043 0.771247 1.00705 0.694369
threshold=11.950000000000001 15.550000000000002 16.250000000000004 27.518750000000004 10.575000000000001
decision_type=2 2 2 2 2
left_child=-1 -2 3 -3 -4
right_child=1 2 4 -5 -6
leaf_value=0.023316637860029729 -0.03462518086149189 -0.013969880557820186 -0.001381499666471186 0.037710630947693308 -0.022161054390113608
leaf_weight=1.089805189185429 1.7878089541009128 0.86320324870030463 19.584987815005665 1.4470802277573964 4.1096680289629139
leaf_count=85 1153 447 8957 184 3290
internal_value=-0.00412357 -0.00597199 -0.00279288 0.0200141 -0.00573702
internal_weight=28.8826 27.7927 26.0049 2.31028 23.6947
internal_count=14116 14031 12878 631 12247
is_linear=0
shrinkage=0.05


Tree=137
num_leaves=10
num_cat=2
split_feature=43 1 32 5 34 5 24 38 1
split_gain=0.957491 1.75607 1.17974 2.02707 1.08308 0.984662 0.867855 0.687628 0.454278
threshold=11.750000000000002 0 27.019940500000001 -0.013976481981245098 21.550000000000004 -0.22700609751797862 58.500000000000007 9.3544645000000006 1
decision_type=2 1 2 2 2 2 2 2 1
left_child=1 -1 4 -4 -3 6 7 -2 -8
right_child=5 2 3 -5 -6 -7 8 -9 -10
leaf_value=-0.032899049520861 0.015009721794660202 -0.0028459003087380891 0.013481626227562889 -0.036490885972025398 0.034410228698359017 -0.037578261277757666 -0.033813289405812734 -0.022286391052340752 -0.0049350433722816995
leaf_weight=1.831447302858578 4.6796116310542875 2.6995895062755189 4.7399507514601282 2.1586877150148212 4.903125374316005 2.4256897819031975 1.8249523735539688 0.64025087399932079 3.4341389382025236
leaf_count=3224 645 583 818 1608 196 2588 2112 140 2123
internal_value=-0.00447873 0.0035521 0.00998105 -0.00479569 0.0223882 -0.0140982 -0.005934 0.00770493 -0.0187573
internal_weight=29.3374 16.3328 14.5014 6.89864 7.60271 13.0046 10.579 5.31986 5.25909
internal_count=14037 6429 3205 2426 779 7608 5020 785 4235
cat_boundaries=0 1 2
cat_threshold=2 1
is_linear=0
shrinkage=0.05


Tree=138
num_leaves=9
num_cat=1
split_feature=0 44 43 37 39 43 39 36
split_gain=0.58871 0.820996 1.20765 0.809062 0.610268 0.594152 0.758952 0.332608
threshold=0 35.800000000000004 6.0500000000000007 41.500000000000007 18.350000000000005 2.7500000000000004 20.150000000000002 99.500000000000014
decision_type=1 2 2 2 2 2 2 2
left_child=1 2 3 -1 -4 7 -7 -3
right_child=-2 5 4 -5 -6 6 -8 -9
leaf_value=-0.022121063025237073 -0.0099246224918353304 -0.024972744748656607 -0.0058565671956929645 0.01803180691465572 -0.037989485347319829 -0.0076383740627803233 0.018632116120007352 0.0047700100708418808
leaf_weight=0.7239303782007499 2.6750368580724198 0.86540549938763711 3.6938460345954809 4.3470742552963202 2.0871663455036469 2.898552841419586 11.840901154399033 1.3657249365642201
leaf_count=377 9399 803 717 192 536 489 1572 42
internal_value=-0.00152495 0.00225867 -0.00729728 0.0096001 -0.0213493 0.00969222 0.0133089 -0.0109249
internal_weight=30.4976 27.8226 10.852 5.071 5.78101 16.9706 14.7395 2.23113
internal_count=14127 4728 1822 569 1253 2906 2061 845
cat_boundaries=0 1
cat_threshold=5
is_linear=0
shrinkage=0.05


Tree=139
num_leaves=5
num_cat=0
split_feature=5 2 7 10
split_gain=0.520344 0.501278 0.506111 0.741712
threshold=-0.6523320455745395 3.5000000000000004 30.522916500000004 77.000000000000014
decision_type=2 2 2 2
left_child=-1 -2 3 -3
right_child=1 2 -4 -5
leaf_value=-0.02629072360596478 -0.024814906926037619 0.012868606369576409 -0.024603200148568819 -0.0035643269059167713
leaf_weight=1.084228472278485 0.96743300146045186 10.22089305763439 0.78529087904826056 16.892056554395822
leaf_count=4238 3801 1050 507 4428
internal_value=-0.00216212 -0.000405865 0.00126998 0.00286786
internal_weight=29.9499 28.8657 27.8982 27.1129
internal_count=14024 9786 5985 5478
is_linear=0
shrinkage=0.05


Tree=140
num_leaves=8
num_cat=1
split_feature=36 0 34 4 26 31 33
split_gain=0.570162 0.655278 0.693122 1.61776 0.746653 0.469989 0.144115
threshold=95.500000000000014 0 23.650000000000002 -0.074117382312902935 15.850000000000003 31.850000000000005 36.850000000000001
decision_type=2 1 2 2 2 2 2
left_child=5 2 3 -2 -4 6 -1
right_child=1 -3 4 -5 -6 -7 -8
leaf_value=-0.010361568290960008 0.0060885152473515152 -0.0091498842739263855 -0.020966903775909766 -0.035389920476737599 0.016134156719494083 -0.032510255203689442 0.012183004487951843
leaf_weight=0.25291395807289807 9.5441793214959016 2.4181831594251042 0.65166644040800648 2.0357759644903117 12.254380833390313 1.5352777895532197 0.76155844453023747
leaf_count=353 1066 7126 436 657 1442 2956 34
internal_value=-0.00199442 0.000473249 0.00383195 -0.00343701 0.0128878 -0.0208307 0.004209
internal_weight=29.4539 26.9042 24.486 11.58 12.906 2.54975 1.01447
internal_count=14070 10727 3601 1723 1878 3343 387
cat_boundaries=0 1
cat_threshold=5
is_linear=0
shrinkage=0.05


Tree=141
num_leaves=8
num_cat=3
split_feature=0 1 4 4 44 1 34
split_gain=0.650574 2.72866 2.72634 1.99005 1.69572 1.27598 0.535696
threshold=0 1 -0.75015329512557205 -0.55657520495441892 38.70000000000001 2 24.150000000000002
decision_type=1 1 2 2 2 1 2
left_child=1 -1 5 -3 -5 -2 -7
right_child=2 3 -4 4 -6 6 -8
leaf_value=-0.036093168030341738 -0.02653598548393811 -0.030496340406391681 -0.041204497751871266 0.023304890473377957 -0.026991108207280835 -0.01352835371326395 0.02655545773325579
leaf_weight=2.353795706632809 1.0029377878017858 1.4388514665406571 4.146770718802145 14.81872046156059 1.0375264881949977 0.37004650436574582 3.7585655977018178
leaf_count=1167 1137 319 9437 483 355 1021 127
internal_value=-0.00130835 0.00385767 -0.00776142 0.013079 0.0186078 0.00891805 0.0210255
internal_weight=28.9272 19.6489 9.27832 17.2951 15.8562 5.13155 4.12861
internal_count=14046 2324 11722 1157 838 2285 1148
cat_boundaries=0 1 2 3
cat_threshold=1 2 1
is_linear=0
shrinkage=0.05


Tree=142
num_leaves=5
num_cat=1
split_feature=43 0 17 4
split_gain=0.699631 0.672212 0.693847 0.801673
threshold=0.95000000000000007 0 18.550000000000001 -0.082689790342551792
decision_type=2 1 2 2
left_child=-1 2 -2 -4
right_child=1 -3 3 -5
leaf_value=-0.028533034848800966 -0.024741809422590907 -0.0091291501190593257 0.01533834869822762 -0.0022939108884404568
leaf_weight=1.1890756520078891 0.82392329041976964 2.4119180335510526 13.275205257890779 11.337790034416681
leaf_count=2587 103 7660 1845 1945
internal_value=-0.00131072 0.000800369 0.003994 0.00744373
internal_weight=29.0379 27.8488 25.4369 24.613
internal_count=14140 11553 3893 3790
cat_boundaries=0 1
cat_threshold=5
is_linear=0
shrinkage=0.05


Tree=143
num_leaves=11
num_cat=1
split_feature=24 38 9 9 0 44 42 25 43 4
split_gain=0.560941 0.757904 0.854121 0.665913 0.577531 0.75461 1.16471 0.815466 0.244121 0.109511
threshold=45.500000000000007 10.745238000000002 21.950000000000003 25.150000000000002 0 31.150000000000002 1.5000000000000002 10.024305500000002 2.7500000000000004 -0.14250824554987662
decision_type=2 2 2 2 1 2 2 2 2 2
left_child=1 2 9 -3 5 6 -2 -7 -5 -1
right_child=4 3 -4 8 -6 7 -8 -9 -10 -11
leaf_value=0.017215534083181834 0.02114450515919301 -0.021813400366955827 -0.038552398363933024 -0.0085727105640626949 -0.0082362741228552364 0.014854558195949344 -0.02583141687175472 -0.012844492500891584 0.023588967547403604 -0.0062094581595883271
leaf_weight=0.48785075839259662 1.095974283642138 0.64046478469936152 2.5425240601543919 0.20532311165152339 2.1289954957865147 15.143238487893543 2.9458642005374713 2.3818446078948901 1.6732419656873387 0.13971279928410085
leaf_count=19 19 785 2324 703 6343 2141 436 563 148 588
internal_value=-0.00231936 -0.0151131 -0.0283053 0.0048144 0.00123987 0.00426057 -0.0114262 0.0105998 0.0183168 0.0113895
internal_weight=29.385 5.68912 3.17009 2.51903 23.6959 21.5669 4.04184 17.5251 1.87857 0.627564
internal_count=14069 4567 2931 1636 9502 3159 455 2704 851 607
cat_boundaries=0 1
cat_threshold=5
is_linear=0
shrinkage=0.05


Tree=144
num_leaves=10
num_cat=1
split_feature=36 25 43 20 32 0 12 31 33
split_gain=0.485964 0.633357 1.51292 0.706547 0.583002 0.567684 0.643039 0.482042 0.14431
threshold=95.500000000000014 8.1826385000000013 5.5000000000000009 31.350000000000005 27.011607000000001 0 44.500000000000007 31.850000000000005 36.850000000000001
decision_type=2 2 2 2 2 1 2 2 2
left_child=7 2 4 -4 -2 6 -3 8 -1
right_child=1 5 3 -5 -6 -7 -8 -9 -10
leaf_value=-0.010130765256633818 0.015717974124011054 -0.011917078848550103 -0.0026711468035827898 -0.039292936072493706 -0.019724784282523507 -0.0070876822623751543 0.015136678204525234 -0.032782529497784568 0.012654557978654175
leaf_weight=0.24617150323320247 4.2633223301018024 1.848293183593342 2.1717705792216293 3.0897043556069548 0.57689189678421815 1.7748227180891269 12.61407404066267 1.5479755305514116 0.71904045596602373
leaf_count=356 589 198 1688 3779 578 2751 1168 2909 31
internal_value=-0.00369687 -0.00131531 -0.0105879 -0.0270174 0.00883956 0.00473306 0.00676011 -0.0211774 0.00464531
internal_weight=28.8521 26.3389 10.1017 5.26147 4.84021 16.2372 14.4624 2.51319 0.965212
internal_count=14047 10751 6634 5467 1167 4117 1366 3296 387
cat_boundaries=0 1
cat_threshold=5
is_linear=0
shrinkage=0.05


Tree=145
num_leaves=9
num_cat=3
split_feature=12 12 3 39 0 44 0 40
split_gain=0.704825 0.603079 0.581137 1.35714 1.12156 1.07851 0.787149 0.133941
threshold=44.500000000000007 33.500000000000007 0 20.850000000000005 1 30.800000000000004 2 10.350000000000003
decision_type=2 2 1 2 1 2 1 2
left_child=1 7 3 -2 5 -4 -5 -1
right_child=2 -3 4 6 -6 -7 -8 -9
leaf_value=-0.0084566248767178383 -0.036816846986037412 -0.036059576545420517 -0.0094175903163776133 0.0082656643013319341 -0.010112250689150094 0.021999359709983714 -0.0080153153759957678 0.015128300534426748
leaf_weight=0.19607532546251905 2.58222893628772 2.0557296013776067 3.0452664156837281 3.8297033232229296 2.6846331423403162 9.5468319609717565 3.8796861445771356 0.48816790786804631
leaf_count=957 4368 2770 121 582 2000 272 2987 22
internal_value=-0.00582836 -0.0261471 -0.00274876 -0.0113867 0.00341251 0.00821999 0.000380276 0.00736158
internal_weight=28.3083 2.73997 25.5683 10.2916 15.2767 12.5921 7.70939 0.684243
internal_count=14079 3749 10330 7937 2393 393 3569 979
cat_boundaries=0 1 2 3
cat_threshold=2 1 4
is_linear=0
shrinkage=0.05


Tree=146
num_leaves=8
num_cat=3
split_feature=27 0 4 1 5 1 27
split_gain=0.737286 0.65217 2.41813 2.06794 1.49223 1.13267 0.0677965
threshold=52.70000000000001 0 -0.77245553105869302 1 -0.4831374111459158 2 91.500000000000014
decision_type=2 1 2 1 2 1 2
left_child=1 3 5 -1 -5 -3 -2
right_child=6 2 -4 4 -6 -7 -8
leaf_value=-0.033130790917127312 -0.028259595593455145 -0.024438257225161172 -0.040399743635893243 -0.027436485349963197 0.018045441061462345 0.023655702080053076 -0.0024562624590803964
leaf_weight=1.8319582163221639 1.9383567858203599 0.83150127645058625 3.7735186748159331 1.1438242244985311 14.536579758234437 3.0806999092892515 0.50214317493373517
leaf_count=1094 957 910 9058 379 722 894 34
internal_value=-0.00349465 -0.000509785 -0.00754993 0.00447948 0.0132818 0.0105397 -0.0252075
internal_weight=27.6386 25.1981 7.68572 17.5124 15.6804 3.9122 2.4405
internal_count=14048 13057 10862 2195 1101 1804 991
cat_boundaries=0 1 2 3
cat_threshold=1 2 1
is_linear=0
shrinkage=0.05


Tree=147
num_leaves=11
num_cat=1
split_feature=30 13 27 44 5 38 1 35 17 11
split_gain=0.726364 0.805782 0.791059 0.885848 0.852855 0.425083 0.250088 0.085369 0.0608729 0.0529209
threshold=0.95000000000000007 5.2770835000000007 1.6500000000000001 30.800000000000004 0.82777578779003613 6.001488000000001 0 71.273809500000013 21.400000000000002 99.500000000000014
decision_type=2 2 2 2 2 2 1 2 2 2
left_child=1 -1 6 -4 -5 8 7 -2 -3 -7
right_child=2 5 3 4 -6 9 -8 -9 -10 -11
leaf_value=0.015789393062893679 0.0014654624386855428 0.0092112682245824185 -0.031524409966703491 -0.0046923650051651578 0.018969497495236142 -0.03617263994369798 -0.0069722363201721611 0.033499562448186991 -0.0065486231198156747 -0.0021693746628579911
leaf_weight=0.6237133498252686 0.33313543561598891 0.50385826453566585 1.4212031798397244 16.639282429361632 3.8572324501474204 2.796236373676948 0.15987687949746021 1.2828653609976752 0.14471160276298178 0.25513052770111233
leaf_count=120 154 24 946 8424 542 3426 194 48 119 34
internal_value=-0.003607 -0.0202961 0.00013704 -0.00292166 0.000435852 -0.0284443 0.0253404 0.0299804 0.00385556 -0.0345668
internal_weight=28.0172 4.32365 23.6936 21.9177 20.4965 3.69994 1.77588 1.616 0.64857 3.05137
internal_count=14031 3723 10308 9912 8966 3603 396 202 143 3460
cat_boundaries=0 1
cat_threshold=1
is_linear=0
shrinkage=0.05


Tree=148
num_leaves=11
num_cat=1
split_feature=37 36 9 0 25 26 17 34 31 37
split_gain=0.68906 0.973553 0.671568 0.696445 0.708817 0.506582 0.608739 0.366017 0.283211 0.0633918
threshold=45.500000000000007 97.500000000000014 22.450000000000003 0 10.420833500000002 18.750000000000004 32.600000000000001 21.700000000000006 31.500000000000004 33.500000000000007
decision_type=2 2 2 1 2 2 2 2 2 2
left_child=1 8 -2 4 -4 7 -7 -3 9 -1
right_child=2 5 3 -5 -6 6 -8 -9 -10 -11
leaf_value=0.0065844256942182641 -0.025827004275771046 0.0053042327479296113 0.014313820849250605 -0.0077995015024091806 -0.016645490064186863 0.022299317464808795 -0.017601738829421294 -0.027068994599405982 -0.038115438914758097 -0.0089493753796900371
leaf_weight=0.43890829773590878 0.94126487655376223 1.0367999025038446 15.684934627945042 1.9936558805675328 1.2385984883585468 2.3592437315382999 0.49601431854898681 1.0664075684471752 2.4075727126819402 0.21452240296821401
leaf_count=185 367 258 2393 5669 434 291 226 525 3225 427
internal_value=-0.00269237 -0.0141728 0.00240102 0.00503176 0.00721838 0.000578081 0.0126 -0.0145436 -0.032326 -0.000843599
internal_weight=27.8779 8.01947 19.8585 18.9172 16.9235 4.95847 2.85526 2.10321 3.061 0.653431
internal_count=14000 5137 8863 8496 2827 1300 517 783 3837 612
cat_boundaries=0 1
cat_threshold=5
is_linear=0
shrinkage=0.05


Tree=149
num_leaves=7
num_cat=3
split_feature=0 30 30 21 0 1
split_gain=0.390874 0.678393 1.26304 1.01614 0.56254 0.508616
threshold=0 19.050000000000004 8.8500000000000032 23.950000000000003 1 2
decision_type=1 2 2 2 1 1
left_child=1 2 4 -3 -1 -5
right_child=-2 3 -4 5 -6 -7
leaf_value=0.0054925152804752037 -0.0091518418926953803 -0.02256492403660585 -0.034239968793237527 0.0038389524399176709 -0.007064118606425359 0.032394441949918105
leaf_weight=13.416915248260922 2.4197613818250856 0.77533682345892785 1.8309959198741115 2.9638698234193726 3.5280970441381276 3.1997683211957337
leaf_count=1193 9376 405 1392 232 1214 229
internal_value=-0.00264498 0.00124622 -0.00330962 0.0140076 0.00175436 0.0211158
internal_weight=28.1347 25.715 18.776 6.93897 16.945 6.16364
internal_count=14041 4665 3799 866 2407 461
cat_boundaries=0 1 2 3
cat_threshold=5 1 1
is_linear=0
shrinkage=0.05


Tree=150
num_leaves=10
num_cat=1
split_feature=30 5 0 39 14 22 22 35 22
split_gain=0.774145 0.655026 0.53396 0.67697 0.517113 0.442425 0.212677 0.18485 0.102631
threshold=0.95000000000000007 -0.6523320455745395 0 15.850000000000003 10.65 65.062500000000014 76.76388900000002 69.970238000000009 64.354166500000019
decision_type=2 2 1 2 2 2 2 2 2
left_child=4 -2 3 -3 6 8 7 -1 -6
right_child=1 2 -4 -5 5 -7 -8 -9 -10
leaf_value=-0.0088224674308177067 -0.025634633470274854 -0.017839783235365027 -0.0070728321227259312 0.011067266724293678 -0.0089827786635097197 -0.0369329270096675 -0.013465572050371266 0.018613120874546543 0.010811521874129629
leaf_weight=0.19678269905853329 1.0269032893902501 1.3487038746352471 1.7763710616745871 19.513795244925859 0.21777588107761436 2.1826295793416648 0.32314447936732893 0.99535349808138562 0.48674655480863294
leaf_count=34 4220 275 4079 1756 1650 1711 98 88 135
internal_value=-0.00209292 0.00173549 0.00400891 0.00581032 -0.0191848 -0.028918 0.00348442 0.0121257 0.00301256
internal_weight=28.0682 23.6658 22.6389 20.8625 4.40243 2.88715 1.51528 1.19214 0.704522
internal_count=14046 10330 6110 2031 3716 3496 220 122 1785
cat_boundaries=0 1
cat_threshold=5
is_linear=0
shrinkage=0.05


Tree=151
num_leaves=8
num_cat=0
split_feature=7 21 44 43 34 4 39
split_gain=0.424368 0.52006 0.542378 0.697836 0.442295 0.440302 0.248372
threshold=25.922916500000003 22.550000000000004 30.800000000000004 2.7500000000000004 20.350000000000005 -0.074117382312902935 25.350000000000005
decision_type=2 2 2 2 2 2 2
left_child=-1 5 4 -4 -3 6 -2
right_child=1 2 3 -5 -6 -7 -8
leaf_value=-0.026713461805916577 0.019783017487834394 0.010025889072504301 -0.029503263671787155 -0.00011090839563191995 -0.033622631196430469 -0.016095582122188326 -0.0097178458743339882
leaf_weight=1.0648488899023529 3.8455612444413418 0.25397539819823833 1.2510675009780268 19.697959397333761 1.662005626116297 0.45027375041172746 0.22345785134530149
leaf_count=1044 363 10 2229 8064 1099 1173 41
internal_value=-0.00475982 -0.00299508 -0.00610269 -0.00313041 -0.0263827 0.0109846 0.0165654
internal_weight=28.4491 27.3843 22.865 20.949 1.91598 4.51929 4.06902
internal_count=14023 12979 11402 10293 1109 1577 404
is_linear=0
shrinkage=0.05


Tree=152
num_leaves=8
num_cat=3
split_feature=0 1 40 1 43 7 21
split_gain=0.479446 2.69577 2.45445 1.78477 1.46722 0.955877 0.526484
threshold=0 1 62.050000000000004 2 27.750000000000004 30.522916500000004 24.350000000000005
decision_type=1 1 2 1 2 2 2
left_child=2 -2 3 -1 -3 -5 -6
right_child=1 4 -4 5 6 -7 -8
leaf_value=-0.029855392925794966 -0.041769224496129118 -0.02754388549307504 -0.03604496405056417 0.020263937563724244 -0.0081658781592264702 -0.022079255746712059 0.028329185506858021
leaf_weight=1.3995967662995099 3.9640481550741242 1.2122257213050049 2.2397713457939963 14.002647364050064 0.78358188542188134 0.6494434701016879 3.4796321181056555
leaf_count=739 5856 4896 867 701 525 46 401
internal_value=-0.00267175 -0.00762925 0.00270304 0.0114917 0.00793869 0.0170964 0.0213443
internal_weight=27.7309 9.43949 18.2915 16.0517 5.47544 14.6521 4.26321
internal_count=14031 11678 2353 1486 5822 747 926
cat_boundaries=0 1 2 3
cat_threshold=1 1 2
is_linear=0
shrinkage=0.05


Tree=153
num_leaves=7
num_cat=0
split_feature=43 5 34 32 17 30
split_gain=0.513314 0.540501 1.08901 1.04812 0.625293 0.563391
threshold=0.95000000000000007 0.82777578779003613 23.650000000000002 27.019940500000001 18.550000000000001 19.050000000000004
decision_type=2 2 2 2 2 2
left_child=-1 2 -2 4 -3 -4
right_child=1 3 5 -5 -6 -7
leaf_value=-0.027607152878590779 -0.03406311061383293 -0.017570572445922233 -0.0092272605461200703 -0.025805475561074299 0.020406265064288151 0.0082291304287325125
leaf_weight=1.1030830391810038 2.0127820503094034 0.48694568513019376 9.1071642981150962 0.92738569760876988 6.400758102794498 7.5350537730409988
leaf_count=2524 3507 161 4765 421 864 1784
internal_value=-0.00379909 -0.00183807 -0.00639278 0.00852609 0.0158342 -0.00130513
internal_weight=27.5732 26.4701 18.655 7.81509 6.8877 16.6422
internal_count=14026 11502 10056 1446 1025 6549
is_linear=0
shrinkage=0.05


Tree=154
num_leaves=9
num_cat=0
split_feature=7 33 9 32 34 38 22 25
split_gain=0.515787 0.799691 0.500567 0.840849 0.702927 0.485024 0.202832 0.164278
threshold=26.477083500000003 30.750000000000004 24.750000000000004 27.065178500000005 23.850000000000005 5.6446430000000012 62.305555500000004 5.4319445000000011
decision_type=2 2 2 2 2 2 2 2
left_child=5 -2 3 -3 -4 -1 -7 -8
right_child=1 2 4 -5 -6 6 7 -9
leaf_value=0.012982996440142431 0.026755951264772749 1.7209537308038158e-05 0.023450535045121283 -0.027201320954856514 -0.0037520134510579833 0.0037417260015983342 0.0022427131782738626 -0.035174989829172075
leaf_weight=0.25691787465257521 1.1917425805440895 6.1958366785765993 1.9746314276708279 4.2328113293351635 10.880540126730919 0.2267084428440288 0.19751217009616118 2.04217098292429
leaf_count=124 85 2621 769 3572 4269 156 98 2326
internal_value=-0.00502881 -0.0022921 -0.00481946 -0.0124438 0.00181743 -0.0224032 -0.0287713 -0.0322015
internal_weight=27.1989 24.4756 23.2838 10.4286 12.8552 2.72331 2.46639 2.23968
internal_count=14020 11316 11231 6193 5038 2704 2580 2424
is_linear=0
shrinkage=0.05


Tree=155
num_leaves=7
num_cat=0
split_feature=21 21 44 39 4 19
split_gain=0.611884 0.398743 0.997389 0.575298 0.260618 0.209628
threshold=21.550000000000004 22.550000000000004 30.800000000000004 16.250000000000004 -0.074117382312902935 26.967361
decision_type=2 2 2 2 2 2
left_child=-1 4 -3 -4 5 -2
right_child=1 2 3 -5 -6 -7
leaf_value=-0.028883964227705346 -8.2784891202032878e-05 -0.033047112024508829 0.024653728899244543 -0.0027564118311515172 -0.011411880146290481 0.024140015219948935
leaf_weight=1.1927073485949247 1.2777511902750127 1.6032954421352794 1.1145985715957092 19.214051890568953 0.28096023869875608 1.9160068079654591
leaf_count=1091 195 1179 485 10278 687 85
internal_value=-0.00352781 -0.00128873 -0.00390795 -0.000168108 0.0124222 0.0167401
internal_weight=26.5994 25.4067 21.9319 20.3287 3.47472 3.19376
internal_count=14000 12909 11942 10763 967 280
is_linear=0
shrinkage=0.05


Tree=156
num_leaves=11
num_cat=2
split_feature=43 1 1 11 34 44 17 6 39 4
split_gain=0.917229 1.51981 0.888171 1.26836 0.704554 0.697383 0.706553 0.519313 0.341963 0.209237
threshold=11.750000000000002 0 1 93.500000000000014 24.150000000000002 38.70000000000001 18.550000000000001 57.000000000000007 20.450000000000003 -0.75015329512557205
decision_type=2 1 1 2 2 2 2 2 2 2
left_child=1 -1 3 8 -4 6 -3 -5 -2 -6
right_child=2 5 4 7 9 -7 -8 -9 -10 -11
leaf_value=-0.031805392604153805 0.018795997403157318 -0.02059315123396609 -0.025632016162161209 -0.042970051594312532 0.012202964307872662 -0.021812760679409935 0.016280258912521151 0.0085133034885362373 -0.014162890763999972 -0.01158113645895264
leaf_weight=1.6635023984290456 1.1268038593698273 0.59789816703778242 1.0336639922043103 4.0875080502410128 4.2106099127413472 0.7120455052318001 11.28290680466125 0.21352273870434135 0.36647637293935975 0.30044680372157007
leaf_count=3251 163 95 2569 3434 153 1319 1784 20 191 1051
internal_value=-0.00549926 0.00294992 -0.0155004 -0.0276198 -0.00055047 0.00954316 0.0129699 -0.0392904 0.00827109 0.00880489
internal_weight=25.5954 14.2564 11.339 5.79431 5.54472 12.5929 11.8808 4.30103 1.49328 4.51106
internal_count=14030 6449 7581 3808 3773 3198 1879 3454 354 1204
cat_boundaries=0 1 2
cat_threshold=2 1
is_linear=0
shrinkage=0.05


Tree=157
num_leaves=12
num_cat=2
split_feature=13 25 32 1 44 38 23 25 5 5 1
split_gain=0.495682 0.490226 1.25195 0.795286 0.400842 0.423652 0.317389 0.137991 0.0473959 0.0309181 0.00971509
threshold=11.172917000000002 8.0770835000000023 27.000297500000006 0 31.150000000000002 9.8752975000000021 97.500000000000014 8.6527780000000014 -0.091258822863740582 0.97648852793709995 1
decision_type=2 2 2 1 2 2 2 2 2 2 1
left_child=1 2 3 -1 -3 -6 7 -2 10 -10 -8
right_child=6 4 -4 -5 5 -7 8 -9 9 -11 -12
leaf_value=0.011661879038971321 0.0021670503345175424 -0.018520046928071899 -0.034461500929516185 -0.02474388058339904 0.013261594092131089 -0.0056315891485408803 -0.00080828995695814913 -0.03148451566152552 -0.01052993736673926 0.0026579691382192377 0.0062767982687875982
leaf_weight=5.781903305636666 0.20897790054732412 0.52652545219461799 1.9749503272287254 0.94392076717303997 11.289809088544642 3.283573898506801 0.37883231302475895 1.3690015708234566 0.25224598681597843 0.18671879766043276 0.82694490108769958
leaf_count=1665 32 263 3564 1669 2490 1771 106 2196 158 11 104
internal_value=-0.00116295 0.0015748 -0.00737381 0.00401117 0.00686885 0.00891644 -0.0169668 -0.027916 0.000121395 -0.00697155 0.00469352
internal_weight=27.0234 23.8007 8.70077 6.72582 15.0999 14.5734 3.22272 1.57798 1.64474 0.438965 1.20578
internal_count=14029 11422 6898 3334 4524 4261 2607 2228 379 169 210
cat_boundaries=0 1 2
cat_threshold=1 1
is_linear=0
shrinkage=0.05


Tree=158
num_leaves=8
num_cat=1
split_feature=12 0 25 13 25 25 40
split_gain=0.544558 0.495953 0.668211 1.16062 0.766548 0.372904 0.0971776
threshold=43.500000000000007 0 7.7979165000000004 5.6812500000000012 9.0388890000000028 11.625000000000002 10.350000000000003
decision_type=2 1 2 2 2 2 2
left_child=5 2 3 -2 -4 -1 -7
right_child=1 -3 4 -5 -6 6 -8
leaf_value=-0.03162556016683063 0.013135089133529818 -0.0082500523795131162 0.020765208275078228 -0.024408084282905685 -0.00038019173596243617 -0.0083755377526119161 0.010976727531480091
leaf_weight=1.4442066706960788 2.8768680800385509 2.1314363416640871 7.3039164137153447 3.583538936180048 8.7849140187354333 0.19544170258268412 0.5585301824430644
leaf_count=2584 574 6988 618 1262 1052 951 41
internal_value=-0.00253882 -2.23913e-05 0.003212 -0.00817012 0.00987267 -0.0219513 0.00404516
internal_weight=26.8789 24.6807 22.5492 6.46041 16.0888 2.19818 0.753972
internal_count=14070 10494 3506 1836 1670 3576 992
cat_boundaries=0 1
cat_threshold=5
is_linear=0
shrinkage=0.05


Tree=159
num_leaves=10
num_cat=4
split_feature=44 0 1 5 4 1 22 1 5
split_gain=0.886844 0.867196 2.08367 1.63799 1.534 0.623478 0.571404 0.278077 0.196548
threshold=38.70000000000001 0 1 -0.4831374111459158 -0.79384350655589164 2 87.784722500000015 3 -0.4831374111459158
decision_type=2 1 1 2 2 1 2 1 2
left_child=1 2 -1 -4 5 -3 -2 -8 -9
right_child=6 4 3 -5 -6 -7 7 8 -10
leaf_value=-0.032055792021131589 -0.035131235891046955 -0.020312847495975513 -0.027170608794323904 0.0215152498849084 -0.039172891552954295 0.018520703639438731 -0.018140752190267933 0.014964063685094432 -0.010609251585791339
leaf_weight=1.6503038198898139 2.1355943785365517 0.59870524509279299 1.0996198881912285 13.450915812194578 3.2222342167460747 2.1280821303771522 0.52837903337422176 1.4459511895984176 0.26362343270011512
leaf_count=672 4986 645 225 450 5495 645 432 217 206
internal_value=-0.00311428 0.00125152 0.00620972 0.0163253 -0.00825635 0.00683163 -0.0213431 -0.00139924 0.00856048
internal_weight=26.5234 22.1499 16.2008 14.5505 5.94902 2.72679 4.37355 2.23795 1.70957
internal_count=13973 8132 1347 675 6785 1290 5841 855 423
cat_boundaries=0 1 2 3 4
cat_threshold=1 2 1 1
is_linear=0
shrinkage=0.05


Tree=160
num_leaves=10
num_cat=1
split_feature=38 36 4 4 36 1 5 9 4
split_gain=0.606123 1.46103 0.510144 1.13616 0.925121 1.20103 0.436142 0.328174 0.0851466
threshold=9.8517855000000019 97.500000000000014 0.878110924644389 -0.082689790342551792 97.500000000000014 0 0.94909129669788206 24.950000000000003 0.98522604642031408
decision_type=2 2 2 2 2 1 2 2 2
left_child=2 -2 3 6 5 -4 -1 -3 -9
right_child=1 7 4 -5 -6 -7 -8 8 -10
leaf_value=-0.0028736064452157296 -0.03851388026103128 -0.014230485202924867 0.033315465299496132 -0.032675404976321404 -0.021561113150364707 -0.020052166583893541 0.015148686582153096 -0.00046660167862923113 0.020073773776571782
leaf_weight=11.656200450457623 2.4245646459457921 0.37066966677230118 3.4970224117387252 1.7671892219295866 0.67597305419985776 0.64743450685637061 3.5912539062737769 0.57247658770938903 1.5664376947570415
leaf_count=4406 3107 630 217 4530 296 223 327 156 134
internal_value=-0.00278008 -0.0169551 0.00102533 -0.00317722 0.0138564 0.0227013 0.00204232 0.00891247 0.016179
internal_weight=26.7692 4.93415 21.8351 17.0146 4.82043 4.14446 15.2475 2.50958 2.13891
internal_count=14026 4027 9999 9263 736 440 4733 920 290
cat_boundaries=0 1
cat_threshold=1
is_linear=0
shrinkage=0.05


Tree=161
num_leaves=13
num_cat=1
split_feature=38 36 4 4 34 1 17 12 19 31 21 40
split_gain=0.467912 0.793827 0.604979 0.873682 0.871471 1.04579 0.466299 0.370706 0.355855 0.279825 0.274385 0.0932421
threshold=9.8517855000000019 97.500000000000014 0.88621069759564464 -0.082689790342551792 23.750000000000004 0 18.550000000000001 73.500000000000014 29.490277500000001 29.350000000000005 23.750000000000004 140.65000000000003
decision_type=2 2 2 2 2 1 2 2 2 2 2 2
left_child=2 9 3 6 -4 -6 -1 -5 11 -2 -11 -3
right_child=1 8 4 7 5 -7 -8 -9 -10 10 -12 -13
leaf_value=-0.023282188109584972 0.0062530411620311298 -0.015461354372648523 -0.020167819457286934 -0.033818818603120991 0.033672037830148625 -0.018289062457347807 0.004013586688340582 0.0065735097224201055 0.019093064673397525 0.0019807578982349383 -0.037767040966822846 0.0039055960610368569
leaf_weight=0.75008447694199887 0.19497671711724196 0.78498049564768757 0.63387064786183955 1.8838292170203232 3.2847289074597938 0.55991769036700167 13.935735046574335 0.35046713828705822 1.1395092130405826 0.39063918154533928 2.2265607561967045 0.44767908938229084
leaf_count=286 19 860 322 4364 185 187 4492 229 57 671 2400 11
internal_value=-0.0028779 -0.0149935 0.000595759 -0.00387555 0.0151126 0.0238916 0.00122404 -0.0274095 0.00560637 -0.0292827 -0.0329269 -0.00982871
internal_weight=26.583 5.18435 21.3986 16.9201 4.47852 3.84465 14.6858 2.2343 2.37217 2.81218 2.6172 1.23266
internal_count=14083 4018 10065 9371 694 372 4778 4593 928 3090 3071 871
cat_boundaries=0 1
cat_threshold=1
is_linear=0
shrinkage=0.05


Tree=162
num_leaves=8
num_cat=1
split_feature=43 40 1 37 7 38 43
split_gain=0.441051 0.558351 0.796783 0.625615 0.594056 0.421752 0.0971197
threshold=0.95000000000000007 14.050000000000002 0 45.500000000000007 26.481250000000003 8.0035710000000027 6.7500000000000009
decision_type=2 2 1 2 2 2 2
left_child=-1 2 4 6 -2 -5 -3
right_child=1 3 -4 5 -6 -7 -8
leaf_value=-0.026291854850706842 -0.015439963940525043 0.00028098366198436766 -0.02332943777080719 -0.017790153917294809 0.017720494277883324 0.0017780480896279498 -0.032044686149659898
leaf_weight=0.99795882974558736 0.81527053726677134 0.23699639413825835 0.85470978215926052 2.5751728907289353 7.3451917530383071 11.351246789934519 1.5129765768961076
leaf_count=2573 143 67 1265 4613 1138 3664 583
internal_value=-0.00366316 -0.00176081 0.00764679 -0.00730504 0.0130838 -0.0027898 -0.0291566
internal_weight=25.6895 24.6916 9.01517 15.6764 8.16046 13.9264 1.74997
internal_count=14046 11473 2546 8927 1281 8277 650
cat_boundaries=0 1
cat_threshold=1
is_linear=0
shrinkage=0.05


Tree=163
num_leaves=15
num_cat=1
split_feature=39 43 43 43 0 25 23 9 36 24 32 7 33 7
split_gain=0.439047 1.20431 0.603064 0.755984 0.914911 0.48467 0.473569 0.341293 0.329885 0.30667 0.405356 0.290741 0.0555994 0.0261513
threshold=19.850000000000005 5.3500000000000005 5.9500000000000011 11.900000000000002 0 5.7222220000000013 93.500000000000014 26.450000000000003 99.500000000000014 55.500000000000007 26.989285500000005 26.714583500000003 32.95000000000001 26.989583500000006
decision_type=2 2 2 2 1 2 2 2 2 2 2 2 2 2
left_child=1 9 8 7 -5 11 -7 -4 -2 10 -1 -3 -10 -11
right_child=2 5 3 4 -6 6 -8 -9 12 13 -12 -13 -14 -15
leaf_value=0.021541573191337052 -0.028956854827556 0.014639719618171315 0.023355880360457656 0.007815686942450337 -0.0096265730272786475 0.0021876697374697616 -0.03702100277000913 -0.0087278615038152516 -0.0071198264019004783 -0.015023428001277681 -0.0104222706190518 -0.015627996130633988 0.0059519685922313692 0.00095931620875174244
leaf_weight=2.6896014733883957 1.2299968801262393 0.82587242469526223 4.5488909878877157 4.2913383381273889 4.6611644510667229 0.79240903189747758 3.7094265714513313 0.44448708116760816 0.35370476725438482 0.38744572261202836 0.67613074787368521 0.41324168640494463 1.0705792643420864 0.17478736070916057
leaf_count=506 3054 336 793 644 3271 148 3612 132 66 89 839 534 68 12
internal_value=-0.0036538 -0.0115746 0.00135528 0.00573676 -0.00314002 -0.0245933 -0.0309763 0.0195202 -0.0169357 0.00858235 0.014204 0.00207409 0.00110791 -0.0126212
internal_weight=26.2691 9.66892 16.6002 13.9459 8.9525 5.74095 4.50184 4.99338 2.65428 3.92797 3.36573 1.23911 1.42428 0.562233
internal_count=14104 6076 8028 4840 3915 4630 3760 925 3188 1446 1345 870 134 101
cat_boundaries=0 1
cat_threshold=4
is_linear=0
shrinkage=0.05


Tree=164
num_leaves=15
num_cat=1
split_feature=37 44 44 15 0 34 5 13 12 14 5 8 23 23
split_gain=0.591163 0.923741 0.671534 0.591916 0.783251 0.73822 0.490201 0.475879 0.455785 0.414384 0.360039 0.304446 0.210801 0.0271053
threshold=51.500000000000007 35.800000000000004 38.70000000000001 3.4500000000000006 0 24.150000000000002 -0.013976481981245098 5.2229165000000011 62.500000000000007 12.450000000000001 -0.31800055644052067 30.550000000000004 91.500000000000014 99.500000000000014
decision_type=2 2 2 2 1 2 2 2 2 2 2 2 2 2
left_child=1 7 6 9 5 -5 -3 13 -6 11 -11 -2 -9 -1
right_child=3 2 -4 4 8 -7 -8 12 -10 10 -12 -13 -14 -15
leaf_value=-0.00239217732271302 -0.01983129171116791 0.016052671521175503 -0.025664438486110233 -0.015793844680123795 0.0056524992260196492 0.029805692279202701 -0.01027569774416948 0.0020085175685084452 -0.039122095022094405 -0.001477300876779082 0.027246658309938384 0.0066056966682946907 -0.035134122335065597 0.012297331918752983
leaf_weight=0.049224175823839533 0.59891536717623095 4.051267975662995 0.9705148596813159 0.45563199925891273 0.39011636688155737 3.1121222425954329 1.8873073104150533 0.30329904640530037 3.1841361646474979 1.3367852142073386 3.2320149664046767 2.4681070286715112 3.5121268661696377 0.2594555554096587
leaf_count=121 261 506 2415 646 409 348 774 577 4553 824 482 563 1514 10
internal_value=-0.00355421 -0.0118081 0.000106851 0.00296599 -0.00690983 0.00683528 0.00741035 -0.0278944 -0.0106925 0.0119336 0.0200862 -0.00216357 -0.0323776 0.00991687
internal_weight=25.811 11.0332 6.90909 14.7778 7.14201 3.56775 5.93858 4.12411 3.57425 7.63582 4.5688 3.06702 3.81543 0.30868
internal_count=14003 5917 3695 8086 5956 994 1280 2222 4962 2130 1306 824 2091 131
cat_boundaries=0 1
cat_threshold=4
is_linear=0
shrinkage=0.05


Tree=165
num_leaves=8
num_cat=3
split_feature=0 1 1 44 44 5 4
split_gain=0.390606 2.3585 1.98979 1.29846 1.38865 1.14331 0.400698
threshold=0 1 2 38.70000000000001 35.800000000000004 -0.46800559042974538 -0.75015329512557205
decision_type=1 1 1 2 2 2 2
left_child=2 -2 -1 4 -4 6 -3
right_child=1 5 3 -5 -6 -7 -8
leaf_value=-0.034079203951858011 -0.040883646757179655 0.023554406953613806 0.00051323558830897165 -0.027287142983406256 0.03147148738183185 -0.025650102515652057 -0.011999139309847758
leaf_weight=1.9642638342811551 3.6066485458295574 3.7780470754078124 7.5850031059308076 1.1058632982203569 5.9929150346142706 1.039628327467655 0.31499053844345315
leaf_count=1171 5871 188 460 486 221 3662 1945
internal_value=-0.00295168 -0.00728941 0.00238718 0.0106493 0.0153989 0.00724785 0.0189995
internal_weight=25.3874 8.73931 16.648 14.6838 13.5779 5.13267 4.09304
internal_count=14004 11666 2338 1167 681 5795 2133
cat_boundaries=0 1 2 3
cat_threshold=1 1 2
is_linear=0
shrinkage=0.05


Tree=166
num_leaves=11
num_cat=0
split_feature=42 5 20 5 19 25 31 31 25 40
split_gain=0.435226 0.932896 1.0232 0.48057 0.472615 0.456658 0.536238 0.447363 0.239785 0.0417136
threshold=2.5000000000000004 -0.091258822863740582 31.450000000000003 0.94909129669788206 26.322916500000002 8.0965275000000023 36.550000000000004 38.350000000000009 7.1833330000000002 1.1500000000000001
decision_type=2 2 2 2 2 2 2 2 2 2
left_child=3 5 4 -1 -3 -2 -7 -4 -5 -10
right_child=1 2 7 8 -6 6 -8 -9 9 -11
leaf_value=-0.016807203786745828 -0.023172199275928146 -0.020621393162896871 -0.038312812367103516 0.026208128778595005 0.011866527714105684 0.0079207942871908962 -0.014670409876885266 0.0035156997337503259 -0.0083306163892961724 0.0038928764868359778
leaf_weight=0.45079088782313492 0.84937296164935538 0.65468517071167065 3.9642663077493125 1.659072369702699 2.483000528995035 11.149431549583822 2.3820899064648975 0.55140089685119154 0.18809085896009481 0.75739960453938693
leaf_count=1361 3244 985 2976 160 670 1424 2244 727 190 89
internal_value=-0.00504108 -0.00754394 -0.0205159 0.0104182 0.00174233 0.000244619 0.00320796 -0.0334938 0.0184858 -0.00157091
internal_weight=25.0896 22.0342 7.65335 3.05535 3.13769 14.3809 13.5315 4.51567 2.60456 0.94549
internal_count=14070 12270 5358 1800 1655 6912 3668 3703 439 279
is_linear=0
shrinkage=0.05


Tree=167
num_leaves=10
num_cat=4
split_feature=4 0 4 1 44 1 1 32 13
split_gain=0.437232 0.499264 2.36029 1.6853 1.06432 0.968454 0.19775 0.203897 0.0526952
threshold=-0.82415615971448097 0 -0.75015329512557205 1 38.70000000000001 2 3 27.026488000000004 10.010416500000002
decision_type=2 1 2 1 2 1 1 2 2
left_child=6 3 5 -2 -5 -3 -1 -8 -9
right_child=1 2 -4 4 -6 -7 7 8 -10
leaf_value=-0.028346600591960865 -0.031278949668658469 -0.020554631595780661 -0.039532719363959086 0.016698726908078079 -0.024414332972964112 0.028962542085761947 -0.018133902491077426 -0.0044323489544930567 0.008613589703681224
leaf_weight=1.1757588932723619 1.5693513233654812 0.60753651199411607 3.3765488073204333 13.362103975356142 0.88203059514489801 2.1543210457493847 0.55998605275817714 0.42733776266686607 1.2796467244625089
leaf_count=1140 999 192 9427 571 418 194 1046 60 22
internal_value=-0.00294919 -5.17744e-05 -0.00669269 0.00423346 0.0127184 0.0155016 -0.0172539 -0.00458503 0.00491672
internal_weight=25.3946 21.9519 6.13841 15.8135 14.2441 2.76186 3.44273 2.26697 1.70698
internal_count=14069 11801 9813 1988 989 386 2268 1128 82
cat_boundaries=0 1 2 3 4
cat_threshold=1 2 1 1
is_linear=0
shrinkage=0.05


Tree=168
num_leaves=12
num_cat=1
split_feature=26 32 19 26 32 37 1 36 19 9 30
split_gain=0.559839 0.70741 0.936228 0.694542 0.618589 0.457882 0.438016 0.434701 0.120282 0.0822058 0.0049721
threshold=16.150000000000002 26.738393000000006 26.389583500000004 16.450000000000003 26.868452500000004 52.500000000000007 0 95.500000000000014 26.649305500000001 22.550000000000004 6.0500000000000007
decision_type=2 2 2 2 2 2 1 2 2 2 2
left_child=1 2 -1 5 -5 -2 -4 -6 10 -10 -3
right_child=3 8 6 4 7 -7 -8 -9 9 -11 -12
leaf_value=-0.026692854244793281 -0.010725816730012844 0.0016545328979124146 0.023456517134122952 -0.027407187623991858 -0.018721073894591846 0.033392192717078897 -0.013426914514838817 0.0044560147915488589 0.00016289585236278469 -0.034504165562047939 -0.003007885817835558
leaf_weight=0.999961720805007 0.25421171765265427 0.30987668424495529 2.2167777290087542 1.1608056527520592 1.3649833415593082 1.3988803755237311 0.35366242067902964 13.115781501978743 0.17048521167816977 2.2948867549839633 0.063020104124007048
leaf_count=853 103 20 295 2505 2869 188 302 4508 43 2212 140
internal_value=-0.00342374 -0.0149329 0.000852049 0.00142418 -0.00243946 0.0251222 0.0160425 0.00120311 -0.0298382 -0.0327517 -0.000750391
internal_weight=23.7033 6.40867 3.5704 17.2947 15.6416 1.65309 2.57044 14.4808 2.83827 2.46537 0.372897
internal_count=14038 3865 1450 10173 9882 291 597 7377 2415 2255 160
cat_boundaries=0 1
cat_threshold=1
is_linear=0
shrinkage=0.05


Tree=169
num_leaves=11
num_cat=1
split_feature=44 30 31 36 31 9 13 3 21 14
split_gain=0.786973 0.47368 0.415806 0.592193 0.461897 0.423227 0.342205 0.252871 0.22282 0.0551096
threshold=30.800000000000004 0.25000000000000006 31.850000000000005 95.500000000000014 30.800000000000004 24.950000000000003 5.8666665000000009 0 21.700000000000006 10.950000000000001
decision_type=2 2 2 2 2 2 2 1 2 2
left_child=1 8 4 -4 6 -5 -2 -6 -1 -10
right_child=2 -3 3 5 7 -7 -8 -9 9 -11
leaf_value=-0.014424128508539732 0.012648681874479631 -0.035320978035960751 -0.029491276070295436 -0.0088447219193487862 0.026761436072380615 0.0074965637554667286 -0.011940502695206853 -0.0077453572590012012 0.015384615801305949 -0.0036239074848141714
leaf_weight=0.34530543462460916 1.4090001782187784 2.0092088316832815 1.2184824550322435 7.785095783682662 2.171390164652621 6.2456744239989348 2.4699498276204395 0.18154829115883364 0.7114756861992646 0.076184215684406809
leaf_count=102 627 1350 2941 4347 457 2064 1504 485 31 203
internal_value=-0.00496873 -0.0249296 -0.00106991 -0.00546548 0.00895439 -0.00155575 -0.00224685 0.022583 0.00141847 0.0125474
internal_weight=24.6233 3.14217 21.4811 15.2493 6.23189 14.0308 3.87895 2.35294 1.13297 0.78766
internal_count=14111 1686 12425 9352 3073 6411 2131 942 336 234
cat_boundaries=0 1
cat_threshold=1
is_linear=0
shrinkage=0.05


Tree=170
num_leaves=9
num_cat=1
split_feature=4 4 38 36 19 0 19 4
split_gain=0.411682 1.00388 0.638039 0.720591 0.575404 0.445704 0.53569 0.410492
threshold=-0.082689790342551792 0.88621069759564464 9.5931545000000025 97.500000000000014 27.748611000000004 0 25.828472500000004 -0.88622299073327826
decision_type=2 2 2 2 2 1 2 2
left_child=5 -2 4 -4 -3 6 -1 -8
right_child=1 2 3 -5 -6 -7 7 -9
leaf_value=-0.020125345349754759 -0.034648913838661782 -0.017044294856009383 -0.026919894978249089 0.0088805305104123263 0.020965195265808815 -0.0067886533282903883 -0.016073528665135294 0.0132615898941127
leaf_weight=0.60664712795551423 2.06067602556959 0.49693598853446053 2.3254865043818427 1.7706472019344799 3.0397027255457942 1.6879959103516728 0.47156363405338098 12.448790592286967
leaf_count=139 5782 406 1547 231 243 3927 583 1210
internal_value=-0.0029163 -0.0104538 -0.000664676 -0.0127385 0.0130447 0.00223438 0.00498898 0.0111132
internal_weight=24.9084 9.69345 7.63277 4.09613 3.53664 15.215 13.527 12.9204
internal_count=14068 8209 2427 1778 649 5859 1932 1793
cat_boundaries=0 1
cat_threshold=5
is_linear=0
shrinkage=0.05


Tree=171
num_leaves=12
num_cat=0
split_feature=42 9 13 21 4 12 9 5 13 38 34
split_gain=0.39399 0.681964 0.803983 0.691133 0.72057 0.568574 0.387965 0.3592 0.252278 0.24636 0.0908203
threshold=2.5000000000000004 24.750000000000004 5.6812500000000012 24.750000000000004 0.97875492728876534 73.500000000000014 23.250000000000004 0.94909129669788206 9.0000000000000018 7.1764880000000009 21.550000000000004
decision_type=2 2 2 2 2 2 2 2 2 2 2
left_child=7 2 6 8 -5 -4 -2 -1 -3 -9 -11
right_child=1 3 5 4 -6 -7 -8 9 -10 10 -12
leaf_value=-0.014764182214709801 0.01718578154820331 -0.0052256139412332038 -0.028103451163536228 -0.018616928114436066 0.012932284180165466 0.0083358320182743747 -0.012978757472752548 0.025453856096722828 0.018456684426741195 -0.011279328577822691 0.0060638965557653279
leaf_weight=0.37562473904290827 1.6961222957797892 0.96930221018919649 6.6809232071336737 4.6156434781169082 1.833859284468417 0.78720368842186861 0.85680209142265074 1.4714953350121507 3.995522544522828 0.27667388011013805 0.8741081467596814
leaf_count=1346 270 828 5301 2875 385 631 1262 107 676 275 53
internal_value=-0.00492075 -0.00734173 -0.0162168 0.00112871 -0.0091144 -0.0237316 0.0062585 0.00989606 0.0137322 0.0165292 -0.00141141
internal_weight=24.4333 21.4354 10.0211 11.4143 6.4495 7.46813 2.55292 2.9979 4.96482 2.62228 1.15078
internal_count=14009 12228 7464 4764 3260 5932 1532 1781 1504 435 328
is_linear=0
shrinkage=0.05


Tree=172
num_leaves=9
num_cat=2
split_feature=0 37 39 42 39 1 4 43
split_gain=0.366882 0.652134 0.575879 0.738489 0.656429 0.417867 2.7879 2.16187
threshold=0 51.500000000000007 19.850000000000005 3.5000000000000004 20.850000000000005 1 -0.55657520495441892 27.750000000000004
decision_type=1 2 2 2 2 1 2 2
left_child=1 2 3 -1 -4 6 -3 -7
right_child=-2 5 4 -5 -6 7 -8 -9
leaf_value=0.010500797311414543 -0.0079122716761468488 -0.036339276058913905 0.017848015800285458 -0.034743664493461029 -0.0095100474202214642 -0.026241658981454669 0.01965312386506687 0.037581420458452267
leaf_weight=0.75906437065532584 2.0276244896722373 2.2196858856768813 2.6630677821503923 1.9135597145686913 4.4814760482240672 1.0655887464999967 6.202726318380881 3.4971780845316971
leaf_count=231 9337 620 208 422 1086 1054 744 333
internal_value=-0.00128626 0.00206655 -0.0064256 -0.0225333 0.00162678 0.0099649 0.00260602 0.0206383
internal_weight=24.83 22.8023 9.81717 2.67262 7.14454 12.9852 8.42241 4.56277
internal_count=14035 4698 1947 653 1294 2751 1364 1387
cat_boundaries=0 1 2
cat_threshold=5 1
is_linear=0
shrinkage=0.05


Tree=173
num_leaves=8
num_cat=3
split_feature=39 0 1 1 5 5 40
split_gain=0.429849 0.440657 2.31375 1.82968 1.36595 1.12468 0.145992
threshold=23.350000000000005 0 1 2 -0.4831374111459158 -0.5129677127369543 143.05000000000004
decision_type=2 1 1 1 2 2 2
left_child=1 3 -3 -1 -5 -4 -2
right_child=6 2 5 4 -6 -7 -8
leaf_value=-0.031957387365271386 -0.02726172196257037 -0.039741187954023038 0.023469840206171114 -0.026344111841451107 0.01864288306192443 -0.023636383510842504 -0.0013319001791762435
leaf_weight=1.6473081952781286 1.1310514249898909 3.1709069534717855 3.3142757248660963 1.0450879353011249 12.250021855135854 0.88541903435452773 0.87287084572017182
leaf_count=894 3220 4515 1547 331 585 2978 24
internal_value=-0.002414 -2.24936e-05 -0.00593698 0.00418394 0.0135111 0.0109027 -0.0201705
internal_weight=24.3169 22.313 7.3706 14.9424 13.2951 4.19969 2.00392
internal_count=14094 10850 9040 1810 916 4525 3244
cat_boundaries=0 1 2 3
cat_threshold=1 1 2
is_linear=0
shrinkage=0.05


Tree=174
num_leaves=12
num_cat=2
split_feature=13 4 4 1 37 4 8 23 1 21 21
split_gain=0.411316 0.577266 0.845374 0.793014 0.722657 0.527643 0.333393 0.0317532 0.0230033 0.00689785 0.0384929
threshold=11.172917000000002 0.878110924644389 -0.082689790342551792 0 45.500000000000007 -0.82415615971448097 30.450000000000003 98.500000000000014 1 25.350000000000005 25.550000000000004
decision_type=2 2 2 1 2 2 2 2 1 2 2
left_child=1 2 5 4 -3 -1 7 -2 -9 -8 -11
right_child=6 3 -4 -5 -6 -7 9 8 -10 10 -12
leaf_value=-0.016328077803046372 -0.0048218862018908166 0.00045467059697079903 -0.030951901980863838 -0.020846583124844022 0.03312360353504492 0.0056442601519673605 -0.029334339300040941 -0.0019844459198145878 0.0087246983082499476 0.004168477100249166 -0.0091229562302126942
leaf_weight=2.5796208276460666 0.1065188626853335 3.0967214545817106 1.5493123280630268 0.69720613552090061 2.8104978024748561 10.550749402113071 1.1890014563959992 0.27007092937492416 0.70673429150338052 0.20690517242110207 0.21118656804901548
leaf_count=2048 407 551 4997 730 180 2940 1605 50 52 46 452
internal_value=-0.001708 0.000921741 -0.00460207 0.0121902 0.0185429 0.00047749 -0.0171245 0.00337674 0.00625775 -0.0269386 -0.00424419
internal_weight=23.9745 21.2841 14.6797 6.60443 5.90722 13.1304 2.69042 1.08332 0.976805 1.60709 0.418092
internal_count=14058 11446 9985 1461 731 4988 2612 509 102 2103 498
cat_boundaries=0 1 2
cat_threshold=1 1
is_linear=0
shrinkage=0.05


Tree=175
num_leaves=15
num_cat=1
split_feature=44 43 31 11 43 43 22 44 38 0 40 5 43 11
split_gain=0.351771 0.670385 0.464706 0.445519 0.429822 0.711684 0.389881 0.372299 0.280621 0.275974 1.92911 1.20989 0.218057 0.122615
threshold=35.800000000000004 6.0500000000000007 33.650000000000006 95.500000000000014 19.050000000000004 19.600000000000005 78.173611000000008 38.70000000000001 8.8104165000000005 0 13.750000000000002 -0.46800559042974538 3.5500000000000003 99.500000000000014
decision_type=2 2 2 2 2 2 2 2 2 1 2 2 2 2
left_child=1 3 7 12 13 -6 -5 8 -2 11 -11 -4 -1 -3
right_child=2 4 9 6 5 -7 -8 -9 -10 10 -12 -13 -14 -15
leaf_value=-0.023165437225115399 -0.0010780133924789294 -0.037126419424995581 0.025141407072956808 0.02377299136771311 0.016886244459879983 -0.025210742316237312 -0.009373533179032013 -0.015279467693057972 0.021381493584684358 0.012246990310643611 -0.039417346896220597 -0.024153157180073718 0.0061900716819001181 -0.00073974711388458266
leaf_weight=0.79530640973098543 1.9054930127349496 2.1881421505604526 3.0302691934793988 1.6913170510015336 1.1760130487473364 0.88204075664907566 0.67314360789168848 0.42459219619195199 3.3668763149435108 2.4849327545643956 3.2751730981144647 0.89373414473357105 0.44969874784510466 0.29412716671686201
leaf_count=1181 579 1608 514 247 117 1836 176 854 284 2259 3516 646 85 196
internal_value=-0.00473365 -0.0124967 -0.000108534 0.00340215 -0.0234688 -0.00349992 0.0143552 0.0102242 0.0143866 -0.0065751 -0.00750807 0.00372467 -0.0145279 -0.0342655
internal_weight=23.5309 8.14979 15.3811 3.60947 4.54032 2.05805 2.36446 5.69696 5.27237 9.68411 5.76011 3.924 1.24501 2.48227
internal_count=14098 5446 8652 1689 3757 1953 423 1717 863 6935 5775 1160 1266 1804
cat_boundaries=0 1
cat_threshold=4
is_linear=0
shrinkage=0.05


Tree=176
num_leaves=11
num_cat=1
split_feature=12 25 21 13 31 43 26 10 1 13
split_gain=0.297941 0.319292 0.35755 0.345468 0.454055 0.326106 0.256495 0.199658 0.0388046 0.0322913
threshold=73.500000000000014 5.8680555000000014 23.250000000000004 7.5270835000000007 31.850000000000005 6.0500000000000007 12.15 88.145833500000023 0 15.202083500000002
decision_type=2 2 2 2 2 2 2 2 1 2
left_child=1 2 6 5 -5 -3 -1 8 -2 -10
right_child=7 3 -4 4 -6 -7 -8 -9 9 -11
leaf_value=-0.0052161567198243429 0.02428420233824299 -0.0023936374138196922 -0.014153784894415445 0.010108372045612268 -0.0073204175963551615 -0.027967735015659585 0.024968365915799776 -0.0083704189663831325 -0.0051153081977377678 0.0065769513674124123
leaf_weight=0.55959822455407238 0.73939473947393597 2.485107076689931 0.37046829184873775 4.4249458048880106 11.146381189794736 2.0003391453446966 1.5672881691225482 0.20054955421619514 0.11204520474711899 0.36022199059516424
leaf_count=129 154 1101 964 1341 6117 2871 246 945 120 31
internal_value=-0.00217561 -0.00381103 0.0104561 -0.00599968 -0.00205652 -0.0168181 0.0178983 0.0146954 0.0205716 0.00221268
internal_weight=23.9663 22.5541 2.49735 20.0568 15.5713 4.48545 2.12689 1.41221 1.21166 0.472267
internal_count=14019 12769 1339 11430 7458 3972 375 1250 305 151
cat_boundaries=0 1
cat_threshold=1
is_linear=0
shrinkage=0.05


Tree=177
num_leaves=15
num_cat=0
split_feature=25 23 13 25 22 21 25 23 14 4 39 13 33 14
split_gain=0.633815 0.762333 0.580909 0.618955 0.458539 0.272907 0.269978 0.269609 0.250035 0.200409 0.120277 0.104542 0.100459 0.0169058
threshold=9.0388890000000028 97.500000000000014 8.097916500000002 5.8680555000000014 66.652778000000026 23.250000000000004 10.454166500000001 98.500000000000014 14.15 -0.82415615971448097 16.850000000000005 9.7145835000000016 31.850000000000005 20.150000000000002
decision_type=2 2 2 2 2 2 2 2 2 2 2 2 2 2
left_child=2 4 3 5 11 -1 13 -5 -4 -10 -6 -2 -8 -3
right_child=1 6 8 7 10 -7 12 -9 9 -11 -12 -13 -14 -15
leaf_value=0.016367410074826519 0.010971160359314138 -0.0137958614785515 -0.011927677221455497 -0.0053960388665389974 -0.0010282999979609705 -0.01232292316375083 -0.0056032940743092384 -0.028037513397120791 -0.0068966767869139915 0.016676452887863496 -0.03293524058224382 -0.0087686113064378655 0.016577171191717525 -0.0018457897667551763
leaf_weight=2.1615435234180063 0.65681484974811422 0.36804597128866612 0.30299155837928982 3.5472395271108326 0.3827217608122736 0.31299101412878361 0.11924874934629759 1.8971829360161789 0.49140574568809814 5.3891677546444043 4.2354046881391696 0.20738644171797205 1.6362904916859404 0.84332682638705592
leaf_count=417 268 306 315 2915 43 1101 131 2119 284 1562 2907 1295 191 180
internal_value=-0.00596921 -0.0159913 0.000696622 -0.00787093 -0.0256484 0.0102363 0.00382035 -0.0164122 0.0112369 0.0139905 -0.0309447 0.00407149 0.0135838 -0.0100733
internal_weight=22.5518 8.44924 14.1025 7.91896 5.48233 2.47453 2.96691 5.44442 6.18357 5.88057 4.61813 0.864201 1.75554 1.21137
internal_count=14034 5321 8713 6552 4513 1518 808 5034 2161 1846 2950 1563 322 486
is_linear=0
shrinkage=0.05


Tree=178
num_leaves=12
num_cat=1
split_feature=30 14 0 14 23 44 17 17 38 22 22
split_gain=0.38704 0.680492 0.473482 0.576869 0.495499 0.443567 0.364164 0.122172 0.0545378 0.0129755 0.0103067
threshold=0.95000000000000007 11.950000000000001 0 15.250000000000002 96.500000000000014 31.150000000000002 22.150000000000002 23.950000000000006 5.9639880000000014 64.520833500000023 64.354166500000019
decision_type=2 2 1 2 2 2 2 2 2 2 2
left_child=1 6 3 5 -5 -2 8 -8 -1 10 -3
right_child=2 9 -4 4 -6 -7 7 -9 -10 -11 -12
leaf_value=0.0022196739491273099 -0.025508018227687349 -0.005717629362419133 -0.0072597341703707274 0.00068540806602216157 0.020960089216907566 0.0020750081756991429 0.022951778657290985 -0.0035477473834182511 -0.016975412865685553 -0.032019956370944007 0.0017649829308807943
leaf_weight=0.21844907217019072 0.9401717331657008 0.12873237513394986 1.831602848702462 5.0866910479744529 6.6510179939468799 5.3514093811481871 0.93236140989029059 0.25388886386917875 0.46489742307858251 1.4951482439064419 0.17198024860044825
leaf_count=24 299 1569 6889 797 1097 1256 87 78 276 1636 35
internal_value=-0.00128297 -0.0142622 0.00168129 0.00441717 0.0129174 -0.00497981 0.00618204 0.0182516 -0.0131658 -0.0301444 -0.00337134
internal_weight=23.5264 3.66546 19.8609 18.0293 11.7377 6.29158 1.8696 1.18625 0.683346 1.79586 0.300713
internal_count=14043 3705 10338 3449 1894 1555 465 165 300 3240 1604
cat_boundaries=0 1
cat_threshold=5
is_linear=0
shrinkage=0.05


Tree=179
num_leaves=15
num_cat=1
split_feature=15 5 36 44 5 35 39 5 1 43 10 13 39 4
split_gain=0.292122 0.858344 0.456329 0.742628 0.511342 0.417529 0.344239 0.476097 0.380998 0.227674 0.249796 0.190813 0.120737 0.0184213
threshold=0.45000000000000007 0.94909129669788206 98.500000000000014 38.70000000000001 -0.4831374111459158 84.452381000000017 23.250000000000004 0.87291090774974645 0 0.95000000000000007 75.187500000000014 13.395833500000002 14.65 -0.52766804058324157
decision_type=2 2 2 2 2 2 2 2 1 2 2 2 2 2
left_child=1 5 3 4 -2 11 7 -4 -8 12 -11 -1 -3 -7
right_child=2 9 6 -5 -6 13 8 -9 -10 10 -12 -13 -14 -15
leaf_value=-0.032992702774300511 -0.0048650193385907196 0.0065150401636824258 -0.031741725055916235 -0.023450713668257427 0.018580817877819643 -0.0024563982328197191 -0.01802762836176941 0.0010426087668861936 0.012530569549344278 0.019804980116521237 -0.0089310582241070701 0.0033560194405408647 -0.016583018151462067 0.0081312486033535501
leaf_weight=3.0684559568708245 2.9131177322196891 0.24206900916760821 1.6561830744903994 0.84828319388725582 6.2357495340856985 0.051497122658474836 0.52399495349163772 1.7936662570864426 2.170889353656094 1.9217489448310519 0.37328273785169575 0.20570133433739091 0.46556088396027917 0.52902213969355205
leaf_count=3241 1037 11 4412 2244 947 138 277 199 275 323 122 317 479 85
internal_value=-0.00366757 -0.0115744 0.00017064 0.00655308 0.0113716 -0.024787 -0.00967707 -0.0182926 0.00331784 0.00734237 0.0138391 -0.0304582 -0.00949345 0.00623211
internal_weight=22.9992 6.85734 16.1419 9.99715 9.14887 3.85468 6.14473 3.44985 2.69488 3.00266 2.29503 3.27416 0.70763 0.580519
internal_count=14107 4716 9391 4228 1984 3781 5163 4611 552 935 445 3558 490 223
cat_boundaries=0 1
cat_threshold=1
is_linear=0
shrinkage=0.05


Tree=180
num_leaves=13
num_cat=0
split_feature=44 42 25 31 12 40 38 39 2 12 11 36
split_gain=0.3164 0.743529 0.846814 0.347689 0.416114 0.404721 0.394411 0.296801 0.252199 0.21677 0.0731295 0.0630692
threshold=34.400000000000013 1.5000000000000002 5.8680555000000014 33.650000000000006 45.500000000000007 17.850000000000005 8.7226190000000017 21.950000000000003 11.500000000000002 58.500000000000007 90.500000000000014 99.500000000000014
decision_type=2 2 2 2 2 2 2 2 2 2 2 2
left_child=1 11 9 6 -5 -6 8 -8 -2 -3 -4 -1
right_child=3 2 10 4 5 -7 7 -9 -10 -11 -12 -13
leaf_value=-0.0034194625290520373 -0.020989422480559961 0.014396339448566293 -0.0046709958755695715 -0.026513981257430666 0.011664205759044106 -0.0073029211585478914 0.020389343647877218 -0.0079020272283798609 0.0063155264654691928 -0.012080873853994924 -0.037371519475770908 0.018229115747918103
leaf_weight=0.07244217883817583 0.70068730851199024 1.2026090140225276 0.51226164100990024 0.96788227788692793 3.1245809803931461 7.8910883905682567 3.6615511206346127 0.59048055500534236 0.99308541291975416 0.29427327596931707 2.364395377713663 0.89601351096644066
leaf_count=309 1351 224 425 2673 501 4576 367 437 81 640 2460 41
internal_value=-0.00393286 -0.0135332 -0.0217218 -0.000508652 -0.00531421 -0.00139992 0.00854745 0.015704 -0.0085787 0.00643745 -0.0342554 0.0156953
internal_weight=23.2714 5.34199 4.37354 17.9294 11.9836 11.0157 5.9458 4.25203 1.69377 1.49688 2.87666 0.968456
internal_count=14085 4099 3749 9986 7750 5077 2236 804 1432 864 2885 350
is_linear=0
shrinkage=0.05


Tree=181
num_leaves=8
num_cat=3
split_feature=0 1 1 4 40 7 32
split_gain=0.502776 2.10126 2.07771 1.22616 0.972672 0.737221 0.298227
threshold=0 1 2 -0.55657520495441892 69.600000000000009 30.522916500000004 26.868452500000004
decision_type=1 1 1 2 2 2 2
left_child=2 -2 3 -1 -3 -5 -6
right_child=1 4 -4 5 6 -7 -8
leaf_value=-0.025111993757421843 -0.039829341864465892 -0.024203889459586972 -0.033220613196310755 0.021293496796025487 -0.010188742376572971 -0.018598742155631946 0.021963009977853023
leaf_weight=0.96055607082962424 3.2461158628848352 0.92241370584451932 1.8302880570472542 12.02774131056867 0.25505491686453785 0.5140119359566605 3.6138089927771944
leaf_count=314 5863 4062 1155 805 892 50 895
internal_value=-0.000866398 -0.00667655 0.00402505 0.0137919 0.00725502 0.0184058 0.0181861
internal_weight=23.37 8.03739 15.3326 13.5023 4.79128 12.5418 3.86886
internal_count=14036 11712 2324 1169 5849 855 1787
cat_boundaries=0 1 2 3
cat_threshold=1 1 1
is_linear=0
shrinkage=0.05


Tree=182
num_leaves=15
num_cat=1
split_feature=38 42 9 25 32 5 26 20 22 39 0 11 36 5
split_gain=0.282523 0.401793 0.36966 0.354867 0.669835 0.486843 0.465448 0.439357 0.325656 0.259663 0.133659 0.0937979 0.0900668 0.0762093
threshold=9.4294645000000017 5.5000000000000009 25.550000000000004 8.7402780000000018 27.065178500000005 0.82777578779003613 21.100000000000005 32.750000000000007 88.743055500000011 18.450000000000003 0 97.500000000000014 93.500000000000014 -0.58481178939031186
decision_type=2 2 2 2 2 2 2 2 2 2 1 2 2 2
left_child=3 2 11 4 5 -1 -6 10 9 -3 -5 -2 -4 -9
right_child=1 8 12 7 6 -7 -8 13 -10 -11 -12 -13 -14 -15
leaf_value=-0.017561958336336631 -0.019794874446616276 0.0062264216179527239 -0.004790850361600942 0.003388048451019299 -0.031225523527262933 0.008720920505802459 0.0050585591724344563 -0.00043121123768318637 0.0036826612362926836 -0.030603868402457757 -0.0051659301030328982 0.0038469118962552009 0.017692649631083142 0.019886043868085262
leaf_weight=1.3535728481301754 0.58406546583319086 0.20433444580703586 0.10489288602457225 1.2714589866009192 2.2592298881536412 6.1343800001095588 0.87212905532214779 0.47341581974978941 0.81731559037871182 2.7448298220206198 1.4290593960085962 0.19110554200597107 1.408545743772265 3.0689145706701311
leaf_count=2809 1420 11 499 142 3483 1199 368 173 142 2369 701 53 128 582
internal_value=-0.00433315 -0.0127382 0.00320679 -0.000770789 -0.00614631 0.00246055 -0.0223415 0.00795929 -0.0210669 -0.0271216 -0.00611573 -0.0150827 0.0148483 0.0176736
internal_weight=22.9173 6.05509 2.28861 16.8622 10.6193 7.48795 3.13136 6.24285 3.76648 2.94916 2.70052 0.775171 1.51344 3.54233
internal_count=14079 4622 2100 9457 7859 4008 3851 1598 2522 2380 843 1473 627 755
cat_boundaries=0 1
cat_threshold=4
is_linear=0
shrinkage=0.05


Tree=183
num_leaves=12
num_cat=2
split_feature=12 23 40 1 1 25 39 25 25 6 43
split_gain=0.579953 0.443507 0.418075 1.39739 0.811447 0.352573 0.346128 0.26568 0.136035 0.0405671 0.00821917
threshold=44.500000000000007 98.500000000000014 47.20000000000001 0 1 5.8680555000000014 22.650000000000002 5.6145830000000005 11.625000000000002 1.0000000180025095e-35 7.5500000000000016
decision_type=2 2 2 1 1 2 2 2 2 2 2
left_child=8 2 3 -2 -4 7 -7 -3 -1 10 -10
right_child=1 5 4 -5 -6 6 -8 -9 9 -11 -12
leaf_value=-0.030099177555534585 0.018695812998862336 -0.014025095922966578 -0.022065096337297196 -0.027139662174395313 0.0092299015998340665 -0.028908218259910131 -0.0018263453726302767 0.01393881539697692 -0.0015127971100588613 -0.007680113165002939 0.0061417498861191548
leaf_weight=1.3150227746118641 7.5588040281772937 0.36495447905508527 2.7758153657923668 1.1378834898705461 3.71511791122066 2.0378147703595459 2.1647347404759785 1.4458959997955387 0.031094181832486245 0.17629626616781024 0.39800109731368138
leaf_count=2709 1361 765 1753 1352 1794 2387 477 447 403 567 47
internal_value=-0.00365392 -0.000740945 0.00384236 0.0105183 -0.00531224 -0.011214 -0.0179907 0.00531842 -0.0245472 -0.00125063 0.00491663
internal_weight=23.1214 21.201 15.1876 8.69669 6.49093 6.0134 4.20255 1.81085 1.92041 0.605392 0.429095
internal_count=14062 10336 6260 2713 3547 4076 2864 1212 3726 1017 450
cat_boundaries=0 1 2
cat_threshold=1 1
is_linear=0
shrinkage=0.05


Tree=184
num_leaves=13
num_cat=4
split_feature=17 0 5 1 4 1 22 29 15 1 27 19
split_gain=0.303277 0.445109 1.36315 1.19369 0.753138 0.566224 0.253403 0.150842 0.193595 0.140948 0.0898318 0.0356766
threshold=34.000000000000007 0 -0.54219087765047058 1 -0.55657520495441892 2 87.854166500000005 2.5000000000000004 2.1500000000000008 3 81.90000000000002 26.659027500000004
decision_type=2 1 2 1 2 1 2 2 2 1 2 2
left_child=1 3 5 4 -1 -3 7 8 -2 -8 -9 -11
right_child=6 2 -4 -5 -6 -7 9 10 -10 11 -12 -13
leaf_value=-0.020634000164399053 -0.01337181028283454 -0.018524785343816158 -0.03741230884903108 -0.027689497395055596 0.016769529685534214 0.019914348751700249 -0.010879972550249549 -0.026149397703228924 0.01132154825424006 -0.0029385860768663397 -0.00034893344702701507 0.012448252834048885
leaf_weight=0.67308039319686841 0.61183593353325594 0.53079680520841421 2.6890979839445217 1.1754895406293133 10.208656615199288 1.8388996932371813 0.26508221444601054 2.5269826860494509 0.5763935301656602 0.062286921434861031 0.40325481863692392 1.0035798189419436
leaf_count=220 1520 1191 5407 755 560 1188 331 2440 67 241 11 89
internal_value=-0.00445593 -0.000918368 -0.0068399 0.00404226 0.0129141 0.00836193 -0.0137018 -0.0188385 -0.00169358 0.00345584 -0.023591 0.0105619
internal_weight=22.5654 17.116 5.05879 12.0572 10.8817 2.3697 5.44942 4.11847 1.18823 1.33095 2.93024 1.06587
internal_count=14020 9321 7786 1535 780 2379 4699 4038 1587 661 2451 330
cat_boundaries=0 1 2 3 4
cat_threshold=1 1 1 1
is_linear=0
shrinkage=0.05


Tree=185
num_leaves=10
num_cat=1
split_feature=7 0 30 30 9 22 11 25 25
split_gain=0.549489 0.393955 0.552746 0.651296 0.376929 0.0989486 0.0901252 0.060927 0.00769464
threshold=26.477083500000003 0 19.050000000000004 8.8500000000000032 24.150000000000002 62.305555500000004 99.500000000000014 5.4319445000000011 5.6145830000000005
decision_type=2 1 2 2 2 2 2 2 2
left_child=5 2 3 -2 -4 -1 7 -7 -8
right_child=1 -3 4 -5 -6 6 8 -9 -10
leaf_value=0.0026413333675016303 0.0038135084489633523 -0.006903376949292119 -0.012162038584800385 -0.026575296552344242 0.021428750864400336 0.00034720738257600461 -0.0023901009212660548 -0.027993455116106188 0.0036959062303388995
leaf_weight=0.19500864212932656 12.532841970992196 1.725838478651897 0.31540532628969131 1.0273189429262846 4.9457872761613544 0.17821757947604089 0.047795523209060664 1.6275087346366488 0.16767817232721427
leaf_count=150 2150 7553 167 1070 405 179 22 2246 82
internal_value=-0.00197294 0.000988181 0.00365992 -0.000155836 0.0177942 -0.0211977 -0.0236107 -0.0260695 0.00149019
internal_weight=22.7634 20.5472 18.8214 13.5602 5.26119 2.21621 2.0212 1.80573 0.215474
internal_count=14024 11345 3792 3220 572 2679 2529 2425 104
cat_boundaries=0 1
cat_threshold=5
is_linear=0
shrinkage=0.05


Tree=186
num_leaves=12
num_cat=1
split_feature=12 22 39 37 20 7 20 9 39 44 1
split_gain=0.312927 0.294639 0.51706 0.47922 0.333086 0.330406 0.251028 0.183495 0.100992 0.0593503 0.0139834
threshold=73.500000000000014 76.51388900000002 21.950000000000003 52.500000000000007 34.95000000000001 30.522916500000004 31.950000000000003 23.050000000000004 21.750000000000004 44.45000000000001 0
decision_type=2 2 2 2 2 2 2 2 2 2 1
left_child=1 2 5 4 -3 -1 -5 -4 -2 10 -10
right_child=8 3 7 6 -6 -7 -8 -9 9 -11 -12
leaf_value=0.012947933830883072 -0.0053731834557797092 -0.033885900369543469 0.0017746519828718149 0.0015713772404092646 0.0034632303885099402 -0.01514999499898952 -0.01317405480075323 -0.023600818926306021 0.022161851171556057 -0.0029747276277740471 0.0027073567949060314
leaf_weight=5.662716155740787 0.12012942350884159 1.7236076544322707 0.87751824095903419 7.0550899947274939 0.54425453995645501 0.3781194637158477 3.6801706028954868 1.1139090216192924 0.72433450758398954 0.063058846782951039 0.42909574767327285
leaf_count=2259 705 937 512 3711 64 243 2886 2121 107 312 111
internal_value=-0.00360297 -0.00531469 0.00208496 -0.00970805 -0.0266057 0.00928724 -0.00417539 -0.0155638 0.0140813 0.0175598 0.0195425
internal_weight=22.372 21.0354 8.03226 13.0031 2.26786 6.04084 10.7353 1.99143 1.33662 1.21649 1.15343
internal_count=13968 12733 5135 7598 1001 2502 6597 2633 1235 530 218
cat_boundaries=0 1
cat_threshold=1
is_linear=0
shrinkage=0.05


Tree=187
num_leaves=9
num_cat=3
split_feature=21 38 38 9 0 1 1 40
split_gain=0.389607 0.442757 0.556794 0.375466 0.35526 1.54346 1.48851 0.280294
threshold=21.550000000000004 9.4294645000000017 10.626488500000002 24.950000000000003 0 1 2 117.15000000000002
decision_type=2 2 2 2 1 1 1 2
left_child=-1 4 7 -4 5 -2 -6 -3
right_child=1 2 3 -5 6 -7 -8 -9
leaf_value=-0.02617883529394632 -0.028373354972861989 -0.031733226036451033 -0.018291542457367173 0.011813353344294609 -0.036173790990703628 0.018528225933094816 0.0090573865666828991 0.00064657995345757547
leaf_weight=0.98387182872011436 1.2306396709500405 2.2583759026701951 0.52875136511011112 2.2796306942500451 2.2711424705667014 8.2839632887662429 3.4070535990558719 0.7913522118142281
leaf_count=1099 719 1612 1255 1564 3519 705 3497 110
internal_value=-0.00490929 -0.00277308 -0.0133361 0.00283066 0.00187191 0.00529987 -0.00470154 -0.0252463
internal_weight=22.0348 21.0509 5.85811 2.80838 15.1928 9.5146 5.6782 3.04973
internal_count=14080 12981 4541 2819 8440 1424 7016 1722
cat_boundaries=0 1 2 3
cat_threshold=1 2 1
is_linear=0
shrinkage=0.05


Tree=188
num_leaves=9
num_cat=3
split_feature=0 1 40 1 44 4 23 5
split_gain=0.444472 1.96785 1.87238 1.17731 0.819321 0.817605 0.641508 0.263547
threshold=0 1 47.20000000000001 2 30.800000000000004 -0.75015329512557205 94.500000000000014 -0.46800559042974538
decision_type=1 1 2 1 2 2 2 2
left_child=2 -2 3 4 -1 7 -4 -3
right_child=1 5 6 -5 -6 -7 -8 -9
leaf_value=-0.0033718392124418984 -0.039803486639335001 0.01977605658034276 0.0098959179440203521 -0.024434682193982985 0.026382329711448466 -0.023212673048351215 -0.035801675476300726 -0.010062056275542944
leaf_weight=2.8225345154205579 3.2535366935017009 3.568430550709309 0.53491696405399247 0.91856975149493969 8.1042098497618991 0.85751003510267843 2.1526857068629397 0.2511427988501963
leaf_count=108 5872 189 30 638 538 4692 1030 945
internal_value=-0.0022131 -0.00711371 0.00324051 0.0140457 0.0190581 0.0061015 -0.0264893 0.0161335
internal_weight=22.4635 7.93062 14.5329 11.8453 10.9267 4.67708 2.6876 3.81957
internal_count=14042 11698 2344 1284 646 5826 1060 1134
cat_boundaries=0 1 2 3
cat_threshold=1 1 1
is_linear=0
shrinkage=0.05


Tree=189
num_leaves=8
num_cat=1
split_feature=12 0 25 9 25 13 43
split_gain=0.41607 0.381995 0.490973 0.453658 0.335206 0.23574 0.0106849
threshold=43.500000000000007 0 7.7979165000000004 23.850000000000005 10.964583000000003 13.200000000000001 7.5500000000000016
decision_type=2 1 2 2 2 2 2
left_child=5 2 3 -2 -4 -1 -7
right_child=1 -3 4 -5 -6 6 -8
leaf_value=-0.028281442697604159 0.0017482930432605041 -0.0071978432036108311 0.012104848920555892 -0.026435549592464337 -0.011532595435941524 -0.0019584656111306126 0.0061142868276243623
leaf_weight=1.1643406995212924 4.2967072899164149 1.811764486601535 12.190988320953689 1.0592103635563033 0.89854113098772437 0.040360332562158763 0.36886334004520904
leaf_count=3144 634 7016 1199 1206 465 370 33
internal_value=-0.00238678 1.81859e-05 0.00314492 -0.00710773 0.00977888 -0.021324 0.00449333
internal_weight=21.8308 20.2572 18.4454 5.35592 13.0895 1.57356 0.409224
internal_count=14067 10520 3504 1840 1664 3547 403
cat_boundaries=0 1
cat_threshold=5
is_linear=0
shrinkage=0.05


Tree=190
num_leaves=10
num_cat=0
split_feature=44 39 44 31 8 38 43 5 35
split_gain=0.588182 0.55035 0.38235 0.375191 0.322214 0.29572 0.243312 0.160907 0.112967
threshold=30.800000000000004 16.450000000000003 35.800000000000004 33.650000000000006 30.850000000000005 6.044642500000001 6.0500000000000007 0.95436825032516992 84.776786000000016
decision_type=2 2 2 2 2 2 2 2 2
left_child=5 4 6 -4 -2 7 -3 -1 -6
right_child=1 2 3 -5 8 -7 -8 -9 -10
leaf_value=-0.013262857843589035 -0.010142485284917473 0.00055907401139683346 0.0081422781035019442 -0.0076537611928130791 0.028600694811676982 -0.033345547196063113 -0.026476789747443448 0.01011849697822228 -0.0035897185984141706
leaf_weight=0.33699036020607609 0.23356875923491571 1.0966043434600607 5.2080423116221928 8.5876380501076692 1.3088020767245323 1.6816588785668498 1.9916443030761 0.63852694884553785 0.076819866120786062
leaf_count=244 239 926 1631 6822 183 1327 2339 133 219
internal_value=-0.00639832 -0.00262596 -0.00564031 -0.00154328 0.0189587 -0.0247662 -0.0190881 -0.000583585 0.0260594
internal_weight=21.1603 18.5031 16.8839 13.7957 1.61919 2.65718 3.08825 0.975517 1.38562
internal_count=14063 12359 11718 8453 641 1704 3265 377 402
is_linear=0
shrinkage=0.05


Tree=191
num_leaves=15
num_cat=1
split_feature=25 32 38 37 23 30 1 9 4 44 19 43 7 27
split_gain=0.268468 0.617709 0.591548 0.529061 0.489105 0.429128 0.328657 0.485745 0.234645 0.377923 0.292995 0.126644 0.125907 0.0137014
threshold=8.0770835000000023 26.821131000000005 9.4294645000000017 33.500000000000007 97.500000000000014 0.25000000000000006 0 22.450000000000003 0.88621069759564464 35.800000000000004 27.383333000000004 2.7500000000000004 26.164583500000003 0.35000000000000003
decision_type=2 2 2 2 2 2 1 2 2 2 2 2 2 2
left_child=1 6 8 11 -5 13 7 -1 9 -2 -10 -4 -7 -3
right_child=2 5 3 4 -6 12 -8 -9 10 -11 -12 -13 -14 -15
leaf_value=-0.017974481979878412 -0.019911976536045664 -0.0013652567159855289 -0.0072054283541615766 -0.02859895287153294 0.0020795310464363777 0.0013379796917540694 -0.01843839791422892 0.015609900406606432 -0.010065121138773215 0.0071871683973921165 0.022700859309045418 0.01583379862452243 -0.034719877918642693 0.011111908670577245
leaf_weight=0.5342356527926343 0.61309036517195448 0.028044318850334427 0.16464080040895979 2.6632001998068517 1.8157145130608112 0.18448189138143822 0.56615498237260897 3.200551772529252 0.23837432555956217 5.478583249071562 2.6720745227939915 1.212947145631915 2.0413873725483427 0.24128485191613436
leaf_count=234 841 433 1420 2282 451 56 1334 1095 144 1624 165 209 3777 11
internal_value=-0.00306468 -0.010583 0.000824599 -0.010539 -0.0180525 -0.0262138 0.00171964 0.00802425 0.00853196 0.00203659 0.0181296 0.0112078 -0.032243 0.00976067
internal_weight=21.6548 6.79614 14.8586 5.8565 4.47891 2.4952 4.30094 3.73479 9.00212 6.09167 2.91045 1.37759 2.22587 0.269329
internal_count=14076 6940 7136 4362 2733 4277 2663 1329 2774 2465 309 1629 3833 444
cat_boundaries=0 1
cat_threshold=1
is_linear=0
shrinkage=0.05


Tree=192
num_leaves=11
num_cat=1
split_feature=38 25 0 37 44 39 17 4 31 8
split_gain=0.329818 0.607462 0.431331 0.631245 0.553234 0.321658 0.318725 0.296421 0.245869 0.213764
threshold=8.0035710000000027 5.8680555000000014 0 48.500000000000007 35.800000000000004 12.150000000000002 26.450000000000006 -0.88622299073327826 34.750000000000007 30.850000000000005
decision_type=2 2 1 2 2 2 2 2 2 2
left_child=1 6 3 4 -2 -3 9 -5 -7 -1
right_child=2 5 -4 7 -6 8 -8 -9 -10 -11
leaf_value=-0.0086706367506587563 -0.026623524701419755 0.0048665291214046811 -0.0066555916635877722 -0.011084428209481072 0.0040227527879913372 -0.034307855604719627 -0.014410200008455127 0.018520893690226133 -0.0014489049549963576 0.02081040212359677
leaf_weight=0.1985575134804124 0.9473210639353028 0.62395196678699028 1.6502450796160744 0.2836279811017447 5.2621543427044344 1.9483095293471708 0.37911054985670478 7.9748022099047358 0.81871338728979015 1.6436532417619671
leaf_count=239 181 44 4931 218 1117 3598 623 960 1493 605
internal_value=-0.00131927 -0.0107576 0.00240357 0.00492147 -0.003697 -0.0218362 0.00768317 0.0164167 -0.027551 0.0157002
internal_weight=21.7304 5.6123 16.1182 14.4679 6.20948 3.39097 2.22132 8.25843 2.76702 1.84221
internal_count=14009 6602 7407 2476 1298 5135 1467 1178 5091 844
cat_boundaries=0 1
cat_threshold=5
is_linear=0
shrinkage=0.05


Tree=193
num_leaves=10
num_cat=4
split_feature=44 0 1 4 5 1 1 5 30
split_gain=0.393326 0.52733 1.37663 1.13554 0.985996 0.493799 0.473382 0.199818 0.110389
threshold=38.70000000000001 0 1 -0.79384350655589164 -0.4831374111459158 2 3 -0.4831374111459158 20.450000000000003
decision_type=2 1 1 2 2 1 1 2 2
left_child=1 2 4 6 -1 -2 -3 8 -7
right_child=5 3 -4 -5 -6 7 -8 -9 -10
leaf_value=-0.022544239353245787 -0.030860134355902031 -0.018247951203353079 -0.028386176070322483 -0.036532030018320838 0.018879324873827721 -0.0076982941414141361 0.016603614715518727 -0.014661551782095151 0.012299817790434948
leaf_weight=0.78272973545972391 1.4681706946357727 0.51886970505802665 1.2401039741916964 2.476652774361356 10.934443562608067 0.17955654022989653 1.9031089974214412 0.4078399421468929 1.6858967390726318
leaf_count=230 2936 656 691 5522 466 1016 650 1690 246
internal_value=-0.00255964 0.000796176 0.00507303 -0.00670016 0.014557 -0.0153652 0.00598655 0.00101254 0.0083601
internal_weight=21.5974 17.8559 12.9573 4.89863 11.7172 3.74146 2.42198 2.27329 1.86545
internal_count=14103 8215 1387 6828 696 5888 1306 2952 1262
cat_boundaries=0 1 2 3 4
cat_threshold=1 1 1 1
is_linear=0
shrinkage=0.05


Tree=194
num_leaves=9
num_cat=3
split_feature=0 37 7 24 1 1 19 12
split_gain=0.319516 0.479901 0.462392 0.433899 0.490566 0.341087 0.300799 0.298346
threshold=0 51.500000000000007 26.477083500000003 49.500000000000007 1 2 26.400000000000002 73.500000000000014
decision_type=1 2 2 2 1 1 2 2
left_child=1 3 6 4 -1 -4 -3 -5
right_child=-2 2 5 7 -6 -7 -8 -9
leaf_value=0.0074090332628268035 -0.0072896674402387609 -0.023231610822638429 0.004635745591772991 -0.027999643812391235 -0.022164081102479707 0.023471832046333629 0.0073383844746501064 0.0080859909810830632
leaf_weight=5.7170913914487773 1.8388752309983853 0.77868996474899066 6.0018062257922784 1.5749092642445246 0.77542304891903757 3.8754370437327443 0.80474166785461421 0.25636805155954778
leaf_count=843 9405 425 1020 262 858 1015 247 9
internal_value=-0.00116234 0.00218601 0.00953529 -0.00552576 0.00139026 0.0135047 -0.0108685 -0.0218762
internal_weight=21.6233 19.7845 11.4607 8.32379 6.49251 9.87724 1.58343 1.83128
internal_count=14084 4679 2707 1972 1701 2035 672 271
cat_boundaries=0 1 2 3
cat_threshold=5 1 1
is_linear=0
shrinkage=0.05


Tree=195
num_leaves=8
num_cat=1
split_feature=21 34 36 43 38 1 36
split_gain=0.400618 0.441598 0.443428 0.407011 0.29305 0.227012 0.177797
threshold=21.550000000000004 21.850000000000005 99.500000000000014 2.7500000000000004 5.6446430000000012 0 99.500000000000014
decision_type=2 2 2 2 2 1 2
left_child=-1 5 3 -3 -4 6 -2
right_child=1 2 4 -5 -6 -7 -8
leaf_value=-0.02501512697786365 -0.0064479274950363045 -0.023242411117344729 0.0079156994473896149 0.0017658352905468547 -0.028016986181048982 -0.0089905678743776134 0.023984826579879631
leaf_weight=0.90634882564518449 0.14121146486468483 0.80098790324246394 0.25423480860808823 15.913030282060388 1.6006399766038155 0.21684376143275619 1.9649534997843148
leaf_count=1089 385 2384 324 7101 2203 500 101
internal_value=-0.00306163 -0.00101007 -0.00382891 -0.000677073 -0.0220444 0.0158938 0.0205255
internal_weight=21.7983 20.8919 18.5689 16.714 1.85487 2.32301 2.10616
internal_count=14087 12998 12012 9485 2527 986 486
cat_boundaries=0 1
cat_threshold=1
is_linear=0
shrinkage=0.05


end of trees

feature_importances:
gender=144
day_of_year_sin=120
age_group=118
rain_max_daily_7d=100
day_of_year_cos=95
wind_gust_max_7d=81
wind_speed_max_7d=65
wind_speed_mean_7d=61
wind_speed_mean_3d=57
precipitation_sum_7d=52
wind_speed_mean_current=38
humidity_max_7d=38
month=35
rain_max_daily_3d=35
temperature_mean_3d=34
temperature_min_7d=34
humidity_min_7d=34
temperature_mean_current=33
humidity_min_current=33
temperature_min_3d=33
temperature_mean_7d=32
humidity_mean_7d=31
wind_gust_max_3d=29
humidity_mean_3d=27
wind_gust_max_current=25
temperature_min_current=24
humidity_max_3d=24
humidity_min_3d=18
wind_speed_max_3d=16
rain_days_7d=16
humidity_mean_current=15
humidity_max_current=15
wind_speed_max_current=15
temperature_max_3d=11
precipitation_sum_3d=11
temperature_max_7d=11
season=10
precipitation_sum_current=9
weather_code_current=7
temperature_max_current=7
rain_sum_7d=5
rain_days_3d=1

parameters:
[boosting: gbdt]
[objective: binary]
[metric: binary_logloss]
[tree_learner: serial]
[device_type: cpu]
[data_sample_strategy: bagging]
[data: ]
[valid: ]
[num_iterations: 196]
[learning_rate: 0.05]
[num_leaves: 15]
[num_threads: 8]
[seed: 42]
[deterministic: 0]
[force_col_wise: 0]
[force_row_wise: 0]
[histogram_pool_size: -1]
[max_depth: 4]
[min_data_in_leaf: 20]
[min_sum_hessian_in_leaf: 0.001]
[bagging_fraction: 0.9]
[pos_bagging_fraction: 1]
[neg_bagging_fraction: 1]
[bagging_freq: 1]
[bagging_seed: 400]
[bagging_by_query: 0]
[feature_fraction: 0.9]
[feature_fraction_bynode: 1]
[feature_fraction_seed: 30056]
[extra_trees: 0]
[extra_seed: 12879]
[early_stopping_round: 0]
[early_stopping_min_delta: 0]
[first_metric_only: 0]
[max_delta_step: 0]
[lambda_l1: 0]
[lambda_l2: 1]
[linear_lambda: 0]
[min_gain_to_split: 0]
[drop_rate: 0.1]
[max_drop: 50]
[skip_drop: 0.5]
[xgboost_dart_mode: 0]
[uniform_drop: 0]
[drop_seed: 17869]
[top_rate: 0.2]
[other_rate: 0.1]
[min_data_per_group: 100]
[max_cat_threshold: 32]
[cat_l2: 10]
[cat_smooth: 10]
[max_cat_to_onehot: 4]
[top_k: 20]
[monotone_constraints: ]
[monotone_constraints_method: basic]
[monotone_penalty: 0]
[feature_contri: ]
[forcedsplits_filename: ]
[refit_decay_rate: 0.9]
[cegb_tradeoff: 1]
[cegb_penalty_split: 0]
[cegb_penalty_feature_lazy: ]
[cegb_penalty_feature_coupled: ]
[path_smooth: 0]
[interaction_constraints: ]
[verbosity: -1]
[saved_feature_importance_type: 0]
[use_quantized_grad: 0]
[num_grad_quant_bins: 4]
[quant_train_renew_leaf: 0]
[stochastic_rounding: 1]
[linear_tree: 0]
[max_bin: 255]
[max_bin_by_feature: ]
[min_data_in_bin: 3]
[bin_construct_sample_cnt: 200000]
[data_random_seed: 175]
[is_enable_sparse: 1]
[enable_bundle: 1]
[use_missing: 1]
[zero_as_missing: 0]
[feature_pre_filter: 1]
[pre_partition: 0]
[two_round: 0]
[header: 0]
[label_column: ]
[weight_column: ]
[group_column: ]
[ignore_column: ]
[categorical_feature: 0,1,3]
[forcedbins_filename: ]
[precise_float_parser: 0]
[parser_config_file: ]
[objective_seed: 16083]
[num_class: 1]
[is_unbalance: 0]
[scale_pos_weight: 1]
[sigmoid: 1]
[boost_from_average: 1]
[reg_sqrt: 0]
[alpha: 0.9]
[fair_c: 1]
[poisson_max_delta_step: 0.7]
[tweedie_variance_power: 1.5]
[lambdarank_truncation_level: 30]
[lambdarank_norm: 1]
[label_gain: ]
[lambdarank_position_bias_regularization: 0]
[eval_at: ]
[multi_error_top_k: 1]
[auc_mu_weights: ]
[num_machines: 1]
[local_listen_port: 12400]
[time_out: 120]
[machine_list_filename: ]
[machines: ]
[gpu_platform_id: -1]
[gpu_device_id: -1]
[gpu_device_id_list: ]
[gpu_use_dp: 0]
[num_gpu: 1]

end of parameters

pandas_categorical:[]
