tree
version=v4
num_class=1
num_tree_per_iteration=1
label_index=0
max_feature_idx=44
objective=binary sigmoid:1
feature_names=age_group gender month season day_of_year_sin day_of_year_cos weather_code_current temperature_mean_current temperature_max_current temperature_min_current humidity_mean_current humidity_max_current humidity_min_current wind_speed_mean_current wind_speed_max_current precipitation_sum_current rain_sum_current wind_gust_max_current rain_day_current temperature_mean_3d temperature_max_3d temperature_min_3d humidity_mean_3d humidity_max_3d humidity_min_3d wind_speed_mean_3d wind_speed_max_3d precipitation_sum_3d rain_sum_3d rain_days_3d rain_max_daily_3d wind_gust_max_3d temperature_mean_7d temperature_max_7d temperature_min_7d humidity_mean_7d humidity_max_7d humidity_min_7d wind_speed_mean_7d wind_speed_max_7d precipitation_sum_7d rain_sum_7d rain_days_7d rain_max_daily_7d wind_gust_max_7d
feature_infos=-1:0:1:2:3:4:5 -1:0:1 [1:12] -1:1:0 [-0.99999942202469239:0.99998555065071859] [-0.99997919295908244:0.9999907524084426] [0:61] [23.658332999999999:32.533332999999999] [25.899999999999999:39.200000000000003] [17.899999999999999:29.300000000000001] [48.958333000000003:91.625] [63:100] [23:86] [2.8541669999999999:19.695833] [6.4000000000000004:30.100000000000001] [0:63.100000000000001] [0:63.100000000000001] [14:56.899999999999999] [0:1] [23.766667000000002:32.427778000000004] [27.699999999999999:39.200000000000003] [17.899999999999999:28.100000000000001] [52.569443999999997:90.694444000000004] [73:100] [23:79] [4.125:17.329167000000002] [9.6999999999999993:30.100000000000001] [0:93.900000000000006] [0:93.900000000000006] [0:3] [0:63.100000000000001] [17.300000000000001:56.899999999999999] [24.365476000000001:32.235118999999997] [28.699999999999999:39.200000000000003] [17.899999999999999:27.5] [55.767856999999999:89.523809999999997] [77:100] [23:72] [4.5327380000000002:15.469643] [11.6:30.100000000000001] [0:163.90000000000001] [0:163.90000000000001] [0:7] [0:63.100000000000001] [23:56.899999999999999]
tree_sizes=1352 1382 1383 1388 1380 1494 1761 1484 1382 1485 1464 1065 1110 1107 1109 1066 1071 1112 1068 1763 1079 1071 1080 1110 1105 1083 1095 1117 1100 1105 1076 1110 1074 1110 1067 1109 1112 1085 1109 991 1088 1106 1117 1098 1107 1106 1082 1757 1096 999 1096 1098 883 1007 1125 1094 1117 1313 1092 1109 1113 991 1125 1111 1123 1106 1110 1742 903 1112 1763 913 1097 1134 1100 1127 1130 1099 1530 1017 1111 1632 1121 1124 1744 1090 1113 1116 1737 1006 1122 1641 1107 1111 1096 1722 1096 1110 1722 1717 1531 1113

Tree=0
num_leaves=12
num_cat=5
split_feature=0 0 1 0 0 2 32 43 34 40 25
split_gain=3229.91 627.836 645.288 465.496 105.734 69.1091 65.8838 65.7351 48.6974 25.3108 14.2742
threshold=0 1 2 3 4 9.5000000000000018 26.489881000000004 56.500000000000007 20.350000000000005 123.55000000000003 14.169444500000003
decision_type=1 1 1 1 1 2 2 2 2 2 2
left_child=1 2 10 7 5 -5 -6 8 -2 -4 -1
right_child=3 -3 9 4 6 -7 -8 -9 -10 -11 -12
leaf_value=0.041529760400004279 0.13626697228286999 0.021239429817653976 0.15153342905542758 0.14413278096754248 0.088142482244456477 0.18750522967397376 0.13046907590017956 0.033531991374787767 0.1859832150973473 0.070107036097431158 0.12055716862558094
leaf_weight=282.12933918833733 52.043276160955429 580.44438627362251 279.14120849967003 463.90728941559792 113.05094438791275 114.04698795080185 473.36970326304436 6.4742831587791434 1099.6320934295654 8.9643920660018903 5.9762613773345938
leaf_count=1133 209 2331 1121 1863 454 458 1901 26 4416 36 24
internal_value=0.125961 0.0580708 0.0964396 0.159932 0.137322 0.152328 0.122321 0.182342 0.183747 0.148815 0.0431447
internal_weight=3479.18 1156.66 576.211 2322.52 1164.37 577.954 586.421 1158.15 1151.68 288.106 288.106
internal_count=13972 4645 2314 9327 4676 2321 2355 4651 4625 1157 1157
cat_boundaries=0 1 2 3 4 5
cat_threshold=48 32 1 3 4
is_linear=0
shrinkage=1


Tree=1
num_leaves=12
num_cat=5
split_feature=0 0 1 0 0 2 19 43 34 38 38
split_gain=2915.22 557.338 586.898 445.656 104.879 68.1617 59.6705 55.8003 42.5829 25.9989 21.5488
threshold=0 1 2 3 4 9.5000000000000018 26.563889000000003 56.500000000000007 20.350000000000005 13.849107000000002 13.849107000000002
decision_type=1 1 1 1 1 2 2 2 2 2 2
left_child=1 2 10 7 5 -5 -6 8 -2 -4 -1
right_child=3 -3 9 4 6 -7 -8 -9 -10 -11 -12
leaf_value=-0.079912473297112263 0.011081021768020985 -0.099176644834879257 0.024123109258828712 0.017270356693852559 -0.034803190382960494 0.060353922540096722 0.0039021586126953265 -0.087172233227985424 0.058059754832388732 -0.08169114666060634 0.021177546192243924
leaf_weight=291.11327567696571 51.012824028730392 575.18512791395187 282.41406017541885 455.38084615767002 126.17917183041573 114.49072873592377 458.08946013450623 5.9983137845993033 1094.260122179985 4.9714064598083487 4.9874652475118628
leaf_count=1165 205 2301 1136 1831 506 462 1840 24 4415 20 20
internal_value=0.000222406 -0.0641236 -0.0283735 0.0327119 0.0104858 0.0255688 -0.00442624 0.0546833 0.0559787 0.0220157 -0.0781442
internal_weight=3464.08 1158.67 583.486 2305.41 1154.14 569.872 584.269 1151.27 1145.27 287.385 296.101
internal_count=13925 4642 2341 9283 4639 2293 2346 4644 4620 1156 1185
cat_boundaries=0 1 2 3 4 5
cat_threshold=48 32 1 3 4
is_linear=0
shrinkage=0.05


Tree=2
num_leaves=12
num_cat=5
split_feature=0 0 1 0 0 2 43 19 34 37 39
split_gain=2633.25 529.428 536.792 392.833 88.5971 62.2324 55.2065 53.4475 43.4308 24.92 19.3452
threshold=0 1 2 3 4 9.5000000000000018 56.500000000000007 26.563889000000003 20.350000000000005 25.500000000000004 15.850000000000003
decision_type=1 1 1 1 1 2 2 2 2 2 2
left_child=1 2 10 6 5 -5 8 -6 -2 -4 -1
right_child=3 -3 9 4 7 -7 -8 -9 -10 -11 -12
leaf_value=-0.035556966115935326 0.0085683084626366549 -0.094459250146501542 -0.076252051274854446 0.016266820125900451 -0.032489262096726167 0.057122218355806255 -0.084395399908534924 0.0044334701831843818 0.055206860710167706 0.023362868251351823 -0.078553783325135726
leaf_weight=31.73830845952034 52.713360786437988 579.86900351941586 5.4642469882965079 462.97819125652313 123.36656823754311 116.20608830451965 6.4953268170356742 461.70531053841114 1098.3156058937311 289.82783062756062 262.13730369508266
leaf_count=127 212 2323 22 1864 494 472 26 1855 4459 1168 1049
internal_value=0.00040806 -0.0604607 -0.0258808 0.0311949 0.0104261 0.0241323 0.0517896 -0.00333716 0.0530803 0.0212684 -0.0740465
internal_weight=3490.82 1169.04 589.168 2321.78 1164.26 579.184 1157.52 585.072 1151.03 295.292 293.876
internal_count=14071 4689 2366 9382 4685 2336 4697 2349 4671 1190 1176
cat_boundaries=0 1 2 3 4 5
cat_threshold=48 32 1 3 4
is_linear=0
shrinkage=0.05


Tree=3
num_leaves=12
num_cat=5
split_feature=0 0 1 0 0 34 43 32 34 34 39
split_gain=2405.42 464.737 480.306 356.118 92.9933 54.8697 52.1038 51.2435 42.2034 22.4706 17.6568
threshold=0 1 2 3 4 24.050000000000004 56.500000000000007 26.489881000000004 20.350000000000005 24.450000000000003 15.850000000000003
decision_type=1 1 1 1 1 2 2 2 2 2 2
left_child=1 2 10 6 5 -5 8 -6 -2 -4 -1
right_child=3 -3 9 4 7 -7 -8 -9 -10 -11 -12
leaf_value=-0.033965108188775836 0.0062902703461024546 -0.090374640737196255 0.027493070345453161 0.035222397063760479 -0.034410435353799583 0.0030748757785303144 -0.081431844222603383 0.0026656635402989137 0.05223966500475094 -0.0058330794037277818 -0.075533843873297327
leaf_weight=30.95766818523407 52.679195702075958 582.16372436285019 220.37806314229965 376.24096491932869 114.94653168320656 205.10436947643757 6.7179486751556388 474.33202201128006 1089.6722607314587 65.157686680555344 260.1328095048666
leaf_count=124 212 2346 890 1524 460 827 27 1906 4457 263 1044
internal_value=-0.000239232 -0.0587424 -0.0257125 0.0291261 0.00947711 0.0235016 0.0488639 -0.00453572 0.0501281 0.0198944 -0.0712444
internal_weight=3478.48 1158.79 576.626 2319.69 1170.62 581.345 1149.07 589.279 1142.35 285.536 291.09
internal_count=14080 4667 2321 9413 4717 2351 4696 2366 4669 1153 1168
cat_boundaries=0 1 2 3 4 5
cat_threshold=48 32 1 3 4
is_linear=0
shrinkage=0.05


Tree=4
num_leaves=12
num_cat=5
split_feature=0 0 1 0 0 2 43 19 34 37 38
split_gain=2191.3 432.871 452.734 321.762 70.2998 53.7684 44.3109 44.2429 41.8046 24.3038 18.8776
threshold=0 1 2 3 4 9.5000000000000018 56.500000000000007 26.563889000000003 20.350000000000005 25.500000000000004 13.519047500000001
decision_type=1 1 1 1 1 2 2 2 2 2 2
left_child=1 2 10 6 5 -5 8 -6 -2 -4 -1
right_child=3 -3 9 4 7 -7 -8 -9 -10 -11 -12
leaf_value=-0.070226147079828785 0.0049316351883241707 -0.086774478883922257 -0.074347965917539741 0.014542371464704202 -0.028698144912569876 0.052646009671694527 -0.077583822143666534 0.0045535564632617279 0.050446692384461644 0.022075624289448773 0.01694635607720351
leaf_weight=285.7930882871151 53.149628460407257 571.08499920368195 5.734172359108924 459.92121911048889 126.71124848723412 115.38928171992302 6.1753407120704642 460.76454509794712 1083.925522968173 281.67595890164375 5.9901629984378806
leaf_count=1153 214 2324 23 1858 507 475 25 1852 4471 1140 24
internal_value=0.000265151 -0.0557941 -0.0241994 0.0283591 0.00959963 0.0218831 0.0471659 -0.00261064 0.0483254 0.0199007 -0.0683848
internal_weight=3456.32 1150.28 579.193 2306.04 1162.79 575.311 1143.25 587.476 1137.08 287.41 291.783
internal_count=14066 4664 2340 9402 4692 2333 4710 2359 4685 1163 1177
cat_boundaries=0 1 2 3 4 5
cat_threshold=48 32 1 3 4
is_linear=0
shrinkage=0.05


Tree=5
num_leaves=13
num_cat=5
split_feature=0 0 1 0 0 34 34 34 36 19 37 39
split_gain=1974.62 400.967 411.862 293.111 66.4402 55.371 45.4286 136.502 54.2876 44.7814 21.0178 17.2345
threshold=0 1 2 3 4 24.050000000000004 24.450000000000003 25.150000000000002 95.500000000000014 26.563889000000003 25.500000000000004 15.850000000000003
decision_type=1 1 1 1 1 2 2 2 2 2 2 2
left_child=1 2 11 6 5 -5 8 -8 -2 -6 -4 -1
right_child=3 -3 10 4 9 -7 7 -9 -10 -11 -12 -13
leaf_value=-0.02862333432683219 0.025891655562535743 -0.083608729530124812 -0.070373423203560687 0.032894906609535812 -0.029331755162971668 0.00065365679433989298 -0.0025848591454009982 0.071484245419091555 0.057128509862672955 0.0042734281702077213 0.020898118725576911 -0.069675349114589766
leaf_weight=30.507355436682701 176.97988560795784 560.21305248141289 5.4960652291774741 367.87818935513496 125.44715897738934 208.46659727394581 156.70432171225548 102.07171253859997 695.05076184868813 458.12639772891998 281.95439292490482 258.87030997872353
leaf_count=123 734 2310 22 1502 502 842 652 425 2890 1842 1144 1053
internal_value=0.000159364 -0.0534046 -0.0230549 0.0268743 0.00898804 0.0208926 0.0449576 0.0267937 0.0508259 -0.00293803 0.0189151 -0.065461
internal_weight=3427.77 1137.04 576.828 2290.73 1159.92 576.345 1130.81 258.776 872.031 583.574 287.45 289.378
internal_count=14041 4652 2342 9389 4688 2344 4701 1077 3624 2344 1166 1176
cat_boundaries=0 1 2 3 4 5
cat_threshold=48 32 1 3 4
is_linear=0
shrinkage=0.05


Tree=6
num_leaves=15
num_cat=1
split_feature=34 34 39 36 32 40 33 43 1 4 5 24 38 11
split_gain=89.7825 209.684 175.9 107.926 158.931 80.5596 53.508 42.1705 31.2659 28.6654 27.7702 22.2366 8.5873 7.66499
threshold=24.450000000000003 25.150000000000002 19.150000000000002 96.500000000000014 26.738393000000006 65.65000000000002 31.850000000000005 11.900000000000002 0 0.22700754078277599 -0.98801846520836334 63.500000000000007 6.890476500000001 99.500000000000014
decision_type=2 2 2 2 2 2 2 2 1 2 2 2 2 2
left_child=3 2 13 4 9 -4 8 -6 -5 -1 -8 12 -3 -2
right_child=1 11 5 6 7 -7 10 -9 -10 -11 -12 -13 -14 -15
leaf_value=0.0048245677431387607 -0.083279438780907322 0.040437401331269274 -0.030425540470631608 -0.010665372339684703 0.00099547652090103966 0.025121415210513132 -0.0044234115031975491 -0.046193723327421859 0.009962443805505955 -0.083654639663664626 0.019407586600262802 -0.032136885169653871 0.016944257582121421 -0.017058756459025992
leaf_weight=10.185389012098311 141.33298452198505 46.529824152588844 237.11675475537777 366.03524582087994 533.91927325725555 89.066026151180267 137.3306247740984 50.946466848254204 366.75830140709877 81.006689161062241 1087.9299885332584 20.351612657308578 239.44483578205109 5.1111673563718787
leaf_count=42 580 192 974 1514 2201 366 567 210 1515 331 4497 84 989 21
internal_value=-9.51953e-06 -0.0149111 -0.0357663 0.00440112 -0.0128104 -0.0152277 0.0103472 -0.00318691 -0.00034178 -0.0738271 0.0167351 0.0172779 0.0208943 -0.0810996
internal_weight=3413.07 778.953 472.627 2634.11 676.058 326.183 1958.05 584.866 732.794 91.1921 1225.26 306.326 285.975 146.444
internal_count=14083 3206 1941 10877 2784 1340 8093 2411 3029 373 5064 1265 1181 601
cat_boundaries=0 1
cat_threshold=1
is_linear=0
shrinkage=0.05


Tree=7
num_leaves=13
num_cat=5
split_feature=0 0 1 0 0 34 33 34 20 40 37 34
split_gain=1829.85 380.409 352.991 268.769 63.6137 47.8225 37.2766 81.6243 30.785 18.7677 14.839 0.203495
threshold=0 1 2 3 4 24.050000000000004 36.750000000000007 24.550000000000004 31.550000000000004 123.55000000000003 55.500000000000007 23.150000000000002
decision_type=1 1 1 1 1 2 2 2 2 2 2 2
left_child=1 2 10 6 5 -5 7 -2 -6 -4 -1 -8
right_child=3 -3 9 4 8 -7 11 -9 -10 -11 -12 -13
leaf_value=-0.073724844296093175 0.047348756029373308 -0.080854958323675966 0.018721452083648844 0.031896153937864047 -0.021431770488177911 0.0018114005690385974 0.048942639747952398 0.0087911129524708021 0.0042627694746691204 -0.052311515157790145 -0.049748018724269247 0.077374184665137347
leaf_weight=140.73900675773621 859.55370953679085 560.22075904905796 282.31312429904938 364.455282792449 159.07683221995831 207.06066283583641 7.4043559283018103 163.921734765172 428.09430792927742 8.6714574098587018 141.9538689404726 79.147025242447853
leaf_count=578 3613 2348 1149 1497 638 836 31 683 1722 35 582 334
internal_value=8.5571e-05 -0.0514887 -0.0218296 0.025986 0.00891854 0.0206578 0.0435392 0.0411879 -0.00267749 0.0164327 -0.0619027 0.0755287
internal_weight=3402.61 1133.9 573.677 2268.71 1158.69 571.516 1110.03 1023.48 587.171 290.985 282.693 86.5514
internal_count=14046 4692 2344 9354 4693 2333 4661 4296 2360 1184 1160 365
cat_boundaries=0 1 2 3 4 5
cat_threshold=48 32 1 3 4
is_linear=0
shrinkage=0.05


Tree=8
num_leaves=12
num_cat=5
split_feature=0 0 1 0 0 2 43 44 19 38 38
split_gain=1654.35 345.988 325.154 251.115 59.233 50.3992 37.6402 37.8948 33.7553 21.2237 19.0015
threshold=0 1 2 3 4 9.5000000000000018 56.500000000000007 54.550000000000004 26.563889000000003 13.849107000000002 13.849107000000002
decision_type=1 1 1 1 1 2 2 2 2 2 2
left_child=1 2 10 6 5 -5 7 -2 -6 -4 -1
right_child=3 -3 9 4 8 -7 -8 -9 -10 -11 -12
leaf_value=-0.061458616974034735 0.043108016036615432 -0.078347749654979371 0.017513025368161884 0.011886554482621506 -0.026322124369684494 0.048811447370921288 -0.072798319865103836 -0.06554209439796721 0.0027827912162497457 -0.07788588923529205 0.032037300525949573
leaf_weight=279.98746454715729 1089.1249492019415 546.75615271925926 281.66011391580105 461.21141724288464 126.27339431643486 114.93194298446178 6.2777529954910269 7.2387282550334922 457.82203215360641 4.9805994033813468 4.9648834764957419
leaf_count=1162 4621 2335 1149 1875 506 485 26 30 1842 20 20
internal_value=-0.000381279 -0.0498451 -0.0216164 0.024189 0.00775214 0.0189952 0.0412371 0.0423316 -0.00348398 0.0155904 -0.0597232
internal_weight=3381.23 1118.35 571.593 2262.88 1160.24 576.143 1102.64 1096.36 584.095 286.641 284.952
internal_count=14071 4686 2351 9385 4708 2360 4677 4651 2348 1169 1182
cat_boundaries=0 1 2 3 4 5
cat_threshold=48 32 1 3 4
is_linear=0
shrinkage=0.05


Tree=9
num_leaves=13
num_cat=5
split_feature=0 0 1 0 0 36 32 6 5 44 37 44
split_gain=1519.91 332.962 297.963 239.529 56.1834 45.71 36.5844 36.5093 87.1521 30.623 19.1198 15.0571
threshold=0 1 2 3 4 96.500000000000014 26.606547500000005 2.5000000000000004 -0.83375966452616657 47.70000000000001 25.500000000000004 51.45000000000001
decision_type=1 1 1 1 1 2 2 2 2 2 2 2
left_child=1 2 11 7 5 -5 -6 8 -2 -9 -4 -1
right_child=3 -3 10 4 6 -7 -8 9 -10 -11 -12 -13
leaf_value=-0.058922483708305384 -0.061054148409582246 -0.076108104044731381 -0.068220086288719867 -0.0022933264472332201 -0.0265594100454721 0.028137213711127276 0.0033098320237367851 0.048195817863768912 0.033938704580584102 0.0099490713865357152 0.017225641162072758 0.022472177820844194
leaf_weight=271.94700691103935 26.201815292239189 535.56940139830112 5.7359221279621115 178.0385780185461 131.81936638057232 400.09954285621643 448.57032182812691 789.97594319283962 218.85865195095539 56.678786560893059 281.21885393559933 5.3183754235506049
leaf_count=1142 111 2336 23 724 529 1652 1805 3393 935 241 1150 22
internal_value=5.81706e-05 -0.0478373 -0.0200599 0.0235853 0.00755487 0.0184596 -0.00344883 0.0403518 0.0235752 0.0456502 0.0152867 -0.0572861
internal_weight=3350.03 1099.79 564.22 2250.24 1158.53 578.138 580.39 1091.72 245.06 846.655 286.955 277.265
internal_count=14063 4673 2337 9390 4710 2376 2334 4680 1046 3634 1173 1164
cat_boundaries=0 1 2 3 4 5
cat_threshold=48 32 1 3 4
is_linear=0
shrinkage=0.05


Tree=10
num_leaves=13
num_cat=7
split_feature=0 0 1 0 0 1 1 43 21 33 40 39
split_gain=1392.24 310.211 290.078 211.181 49.271 133.999 98.5844 39.2914 37.3348 34.0754 18.7069 14.8638
threshold=0 1 2 3 4 5 6 43.800000000000004 25.350000000000005 36.750000000000007 121.60000000000001 15.850000000000003
decision_type=1 1 1 1 1 1 1 2 2 2 2 2
left_child=1 2 11 7 6 -6 -5 9 -9 -2 -4 -1
right_child=3 -3 10 4 5 -7 -8 8 -10 -11 -12 -13
leaf_value=-0.022557088727089905 0.037320641057701179 -0.074064139050998276 0.017715829989021343 -0.0025699542829873499 0.021156138876564198 -0.026946083122289657 0.03901498860927563 -0.079570793605065221 0.065700425347719568 0.069962867606945298 -0.049169010530088451 -0.060530941373024685
leaf_weight=30.55716073513031 981.73768030107021 517.86364424228668 277.97015358507633 285.41959016025066 289.55310328304768 287.58936728537083 283.4310078471899 12.418487370014192 5.7055725008249274 87.817256167531013 9.9170240014791471 244.93511612713337
leaf_count=127 4249 2312 1140 1176 1165 1157 1169 53 25 386 40 1045
internal_value=0.000190542 -0.0461096 -0.0194873 0.0227181 0.00754682 -0.00277037 0.0178684 0.0384672 -0.0327943 0.0400636 0.0152496 -0.0564158
internal_weight=3314.92 1081.24 563.379 2233.67 1145.99 577.142 568.851 1087.68 18.1241 1069.55 287.887 275.492
internal_count=14044 4664 2352 9380 4667 2322 2345 4713 78 4635 1180 1172
cat_boundaries=0 1 2 3 4 5 6 7
cat_threshold=48 32 1 3 4 1 1
is_linear=0
shrinkage=0.05


Tree=11
num_leaves=9
num_cat=5
split_feature=0 0 6 5 6 0 1 1
split_gain=1274.29 427.754 82.3163 108.001 48.3162 33.4615 250.634 125.76
threshold=0 1 2.5000000000000004 -0.8142754349318998 27.000000000000004 2 3 4
decision_type=1 1 2 2 2 1 1 1
left_child=-1 2 3 -2 -4 7 -7 -3
right_child=1 5 4 -5 -6 6 -8 -9
leaf_value=-0.072259224095816074 -0.064618328489385299 0.021088250413968598 0.040062100705134926 0.01852941392907689 0.014370336466238304 -0.053908188516240234 0.012940394059638198 -0.025312848799340405
leaf_weight=511.84348179399967 43.349641382694244 291.20932386815548 1033.0088351219893 326.83576965332031 224.17020688951015 272.16836903989315 287.45229810476303 290.8983807861805
leaf_count=2343 181 1173 4453 1396 963 1175 1181 1169
internal_value=-0.000649325 0.012823 0.0292176 0.00864475 0.035496 -0.0106009 -0.0192656 -0.00206808
internal_weight=3280.94 2769.09 1627.36 370.185 1257.18 1141.73 559.621 582.108
internal_count=14034 11691 6993 1577 5416 4698 2356 2342
cat_boundaries=0 1 2 3 4 5
cat_threshold=16 7 8 1 1
is_linear=0
shrinkage=0.05


Tree=12
num_leaves=9
num_cat=2
split_feature=0 0 34 34 36 38 39 33
split_gain=1200.78 394.582 66.6616 217.994 111.76 45.7568 51.0854 39.0836
threshold=0 1 24.450000000000003 25.150000000000002 96.500000000000014 6.8250000000000011 20.250000000000004 31.850000000000005
decision_type=1 1 2 2 2 2 2 2
left_child=-1 2 4 -4 -2 7 -7 -3
right_child=1 5 3 -5 -6 6 -8 -9
leaf_value=-0.070587100907250372 0.0095686995908111621 -0.021009996142916057 -0.019591267720795204 0.058250536933913022 0.04359478111841171 -0.032111157640421835 -0.0064575074548692234 0.021679647796660581
leaf_weight=495.35743850469589 328.27846848964691 75.527213528752327 231.08639681339264 145.90044085681438 917.14852294325829 292.54726074635983 574.64164014160633 178.56989780068398
leaf_count=2329 1406 311 971 638 4011 1210 2376 737
internal_value=0.000181149 0.0131881 0.0288888 0.0106093 0.0346408 -0.00958961 -0.0151388 0.00895806
internal_weight=3239.06 2743.7 1622.41 376.987 1245.43 1121.29 867.189 254.097
internal_count=13989 11660 7026 1609 5417 4634 3586 1048
cat_boundaries=0 1 2
cat_threshold=16 7
is_linear=0
shrinkage=0.05


Tree=13
num_leaves=9
num_cat=2
split_feature=0 0 6 5 34 38 39 33
split_gain=1119.48 385.046 65.505 93.0197 48.6077 37.446 43.2937 30.94
threshold=0 1 2.5000000000000004 -0.83375966452616657 24.450000000000003 6.8250000000000011 20.250000000000004 31.850000000000005
decision_type=1 1 2 2 2 2 2 2
left_child=-1 2 3 -2 -4 7 -7 -3
right_child=1 5 4 -5 -6 6 -8 -9
leaf_value=-0.069080192561758624 -0.06016255422777303 -0.019755509159999001 0.039046719378306949 0.018684298496058314 0.015131290520674152 -0.030543233226805151 -0.0069681455508446601 0.017759002001195057
leaf_weight=486.07238227128983 41.185482621192932 77.174603208899498 965.98001693189144 330.39879910647869 274.57513481378555 292.360695540905 581.82532128691673 184.45488068461418
leaf_count=2351 171 318 4264 1426 1181 1209 2404 762
internal_value=-8.95346e-06 0.0124355 0.0280821 0.00980709 0.0337699 -0.0098292 -0.0148784 0.00666001
internal_weight=3234.03 2747.95 1612.14 371.584 1240.56 1135.82 874.186 261.629
internal_count=14086 11735 7042 1597 5445 4693 3613 1080
cat_boundaries=0 1 2
cat_threshold=16 7
is_linear=0
shrinkage=0.05


Tree=14
num_leaves=9
num_cat=2
split_feature=0 0 38 5 4 38 39 20
split_gain=1035.58 314.032 61.5654 86.273 50.678 35.8132 41.125 27.333
threshold=0 1 6.9169645000000015 -0.7614016681079937 0.63257020223555627 6.8250000000000011 20.250000000000004 31.850000000000005
decision_type=1 1 2 2 2 2 2 2
left_child=-1 2 4 -4 -2 7 -7 -3
right_child=1 5 3 -5 -6 6 -8 -9
leaf_value=-0.067677468741537627 0.048235227055447888 -0.0087751461497926082 -0.002343123393370792 0.028461498084226624 -0.026765660696737532 -0.02853742391984232 -0.0054222113285595664 0.023611214403727064
leaf_weight=467.48189242184162 365.72238340973854 124.74613533914089 302.50481693446636 911.40331047773361 23.381083458662033 287.39140909910202 580.12394890189171 134.45445793867111
leaf_count=2329 1643 515 1308 4010 102 1190 2399 556
internal_value=0.000195426 0.0120433 0.026204 0.0207894 0.0436714 -0.00816207 -0.0131039 0.00805073
internal_weight=3197.21 2729.73 1603.01 1213.91 389.103 1126.72 867.515 259.201
internal_count=14052 11723 7063 5318 1745 4660 3589 1071
cat_boundaries=0 1 2
cat_threshold=16 7
is_linear=0
shrinkage=0.05


Tree=15
num_leaves=9
num_cat=5
split_feature=0 0 34 34 0 1 1 32
split_gain=971.494 328.035 58.7117 155.275 28.0512 226.308 136.988 4.18664
threshold=0 1 25.250000000000004 24.450000000000003 2 3 4 29.330059500000001
decision_type=1 1 2 2 1 1 1 2
left_child=-1 2 3 -2 6 -6 -3 -4
right_child=1 4 7 -5 5 -7 -8 -9
leaf_value=-0.066417014542525743 0.030835652520256301 0.022730260464211921 0.040882466803062074 -0.012279411686228023 -0.050348034883622855 0.013580811711885793 -0.025482985602944 0.065458578625344252
leaf_weight=460.37243850529194 1206.0481035262346 293.44912102818489 30.096792384982109 251.94163899123669 267.63655489683151 284.93942786753178 293.87471184134483 90.050075247883797
leaf_count=2366 5404 1183 134 1065 1184 1169 1181 408
internal_value=-0.000133705 0.0113161 0.0260176 0.023382 -0.00909151 -0.0171087 -0.00137281 0.0596905
internal_weight=3178.41 2718.04 1578.14 1457.99 1139.9 552.576 587.324 120.147
internal_count=14094 11728 7011 6469 4717 2353 2364 542
cat_boundaries=0 1 2 3 4 5
cat_threshold=16 7 8 1 1
is_linear=0
shrinkage=0.05


Tree=16
num_leaves=9
num_cat=4
split_feature=0 0 0 1 34 4 43 2
split_gain=906.584 277.699 70.1735 212.76 41.7585 55.4658 45.998 39.8245
threshold=0 1 2 3 20.350000000000005 0.21022171450811272 1.4500000000000002 11.500000000000002
decision_type=1 1 1 1 2 2 2 2
left_child=-1 4 7 -4 5 -2 -6 -3
right_child=1 2 3 -5 6 -7 -8 -9
leaf_value=-0.065225985576200241 0.037868829392658128 0.003346104640700745 -0.048778291700307522 0.013578691281913658 0.055125456435837064 -0.06763225472020104 0.028424745660262957 0.042221697739001023
leaf_weight=442.43985295295715 24.779508858919144 1072.8238031715155 260.81084537506104 285.75953786075115 205.62134756147861 23.168526202440262 769.50307238101959 69.20762825012207
leaf_count=2348 108 4436 1172 1175 954 97 3544 297
internal_value=0.00023378 0.0111338 -0.0013647 -0.0159206 0.0315579 -0.0134496 0.0341057 0.00568711
internal_weight=3154.11 2711.67 1688.6 546.57 1023.07 47.948 975.124 1142.03
internal_count=14131 11783 7080 2347 4703 205 4498 4733
cat_boundaries=0 1 2 3 4
cat_threshold=16 3 12 1
is_linear=0
shrinkage=0.05


Tree=17
num_leaves=9
num_cat=2
split_feature=0 0 34 4 34 34 34 32
split_gain=826.355 255.692 72.3459 109.867 63.523 26.7815 56.2951 30.2647
threshold=0 1 20.350000000000005 0.21022171450811272 24.450000000000003 24.550000000000004 24.950000000000003 26.765178500000001
decision_type=1 1 2 2 2 2 2 2
left_child=-1 2 3 -2 -4 7 -7 -3
right_child=1 5 4 -5 -6 6 -8 -9
leaf_value=-0.064123386778247526 0.034939247555449408 -0.016984729572377118 0.031684921149097649 -0.087175516946863929 0.0077441729665182514 -0.056323768929662926 -0.0049013319437702938 0.0024455897767090401
leaf_weight=424.38858053088188 36.590799555182457 302.14669248461723 1113.6943940669298 35.279733076691628 369.77275948226452 81.677305206656456 150.0080546438694 590.73587483167648
leaf_count=2328 164 1263 5102 146 1617 340 625 2467
internal_value=-0.000217734 0.0101239 0.0232013 -0.025378 0.0257266 -0.00801234 -0.0231937 -0.00414117
internal_weight=3104.29 2679.91 1555.34 71.8705 1483.47 1124.57 231.685 892.883
internal_count=14052 11724 7029 310 6719 4695 965 3730
cat_boundaries=0 1 2
cat_threshold=16 7
is_linear=0
shrinkage=0.05


Tree=18
num_leaves=9
num_cat=5
split_feature=0 0 1 0 0 33 36 9
split_gain=779.152 246.256 56.9221 190.829 149.455 36.5977 40.8151 0.930996
threshold=0 1 2 3 4 36.750000000000007 96.500000000000014 24.450000000000003
decision_type=1 1 1 1 1 2 2 2
left_child=-1 5 3 -3 -4 6 -2 -7
right_child=1 2 4 -5 -6 7 -8 -9
leaf_value=-0.063128164256845518 0.0089880141391060157 0.021082677257784635 0.02203225075003698 -0.028826151491445712 -0.021642193854970151 0.038334137921264402 0.033104959208282096 0.065506114239269705
leaf_weight=413.37869000434875 237.70708103477955 287.69858649373055 556.96725122630596 531.15871384739876 289.26651307940483 8.6449394673109037 678.86489513516426 67.250678196549416
leaf_count=2346 1080 1162 2351 2351 1163 41 3210 330
internal_value=-0.000199578 0.00980947 -0.0019783 -0.0113812 0.00709978 0.0293911 0.026867 0.0629498
internal_weight=3070.94 2657.56 1665.09 818.857 846.234 992.468 916.572 75.8956
internal_count=14034 11688 7027 3513 3514 4661 4290 371
cat_boundaries=0 1 2 3 4 5
cat_threshold=16 3 1 8 36
is_linear=0
shrinkage=0.05


Tree=19
num_leaves=15
num_cat=1
split_feature=38 39 34 34 39 39 44 4 37 4 20 1 27 43
split_gain=61.8943 81.6374 102.677 102.357 88.0338 73.045 52.3791 48.8282 42.9148 42.4496 24.6618 11.5336 9.44377 1.33089
threshold=6.8250000000000011 20.000000000000004 20.850000000000005 24.450000000000003 19.750000000000004 19.050000000000004 45.20000000000001 0.21022171450811272 65.500000000000014 0.90162119223771342 31.850000000000005 0 44.650000000000013 21.050000000000001
decision_type=2 2 2 2 2 2 2 2 2 2 2 1 2 2
left_child=8 3 7 4 -2 -5 -4 -3 9 10 -1 -11 13 -10
right_child=1 2 6 5 -6 -7 -8 -9 12 11 -12 -13 -14 -15
leaf_value=0.0084059773880108477 -0.0018251377073913609 0.0030149437720834397 0.01056851128428184 -0.067377271225989757 -0.085035255371773366 0.0049846508966621961 -0.011283803350023996 -0.073365321696289662 -0.012697648956914834 -0.011753572851921173 0.028923389586197602 -0.089583560223534767 -0.041473873204895678 0.0066984297016477361
leaf_weight=267.54355888068676 519.86627624928951 31.076122134923935 1162.1244422197342 141.04204441606998 32.859749540686607 46.049437120556831 357.92396020889282 62.571206226944923 20.870145037770271 9.1178041845560074 325.65143589675426 9.8188317269086838 35.486930832266808 14.027138888835905
leaf_count=1258 2413 145 5360 631 149 208 1628 277 98 41 1524 44 166 66
internal_value=-0.000185616 -0.00403079 0.00227613 -0.017772 -0.00691664 -0.0496348 0.00541894 -0.0482551 0.0130602 0.0173162 0.0196993 -0.0545784 -0.0236788 -0.00493188
internal_weight=3036.03 2353.51 1613.7 739.818 552.726 187.091 1520.05 93.6473 682.516 612.132 593.195 18.9366 70.3842 34.8973
internal_count=14008 10811 7410 3401 2562 839 6988 422 3197 2867 2782 85 330 164
cat_boundaries=0 1
cat_threshold=1
is_linear=0
shrinkage=0.05


Tree=20
num_leaves=9
num_cat=4
split_feature=0 0 0 1 21 33 34 34
split_gain=717.197 235.935 50.5814 183.515 40.3204 33.0153 58.1986 1.68884
threshold=0 1 2 3 26.050000000000004 36.750000000000007 24.450000000000003 23.150000000000002
decision_type=1 1 1 1 2 2 2 2
left_child=-1 5 4 -4 -3 6 -2 -7
right_child=1 2 3 -5 -6 7 -8 -9
leaf_value=-0.062188064642208267 0.032270348109107415 0.0015859182097950437 -0.046201377479460105 0.012421194636720333 0.046912333578920148 0.029694232017782214 0.0008117048700385564 0.063397663846742267
leaf_weight=394.88673290610313 734.1663990020752 1073.6844824999571 251.26986917853355 282.86070914566517 50.41821850836277 6.7115989327430716 183.83443838357925 66.777899205684662
leaf_count=2321 3530 4476 1163 1169 208 32 813 338
internal_value=-0.000280426 0.00916564 -0.00240399 -0.0149126 0.00362655 0.0283295 0.0259783 0.0607596
internal_weight=3044.61 2649.72 1658.23 534.131 1124.1 991.49 918.001 73.4895
internal_count=14050 11729 7016 2332 4684 4713 4343 370
cat_boundaries=0 1 2 3 4
cat_threshold=16 3 12 1
is_linear=0
shrinkage=0.05


Tree=21
num_leaves=9
num_cat=5
split_feature=0 0 1 0 0 33 34 34
split_gain=672.057 215.833 47.5547 149.221 135.017 33.6765 59.8006 2.41148
threshold=0 1 2 3 4 36.750000000000007 24.450000000000003 23.150000000000002
decision_type=1 1 1 1 1 2 2 2
left_child=-1 5 3 -3 -4 6 -2 -7
right_child=1 2 4 -5 -6 7 -8 -9
leaf_value=-0.061321627073345597 0.031217586491714869 0.0035259537691967103 0.020267187341268936 -0.042347593786964927 -0.020966501206586843 0.023615771920940772 -0.00076475599280604982 0.063049266426311243
leaf_weight=381.65211395919323 729.11160176992416 568.03401072323322 558.15628437697887 246.89581091701984 294.89734543859959 5.8039787560701361 182.68218077719212 66.30338554084301
leaf_count=2324 3554 2358 2372 1163 1187 28 808 345
internal_value=-0.000257082 0.00874914 -0.00223827 -0.0108828 0.00599681 0.0271946 0.024816 0.0602417
internal_weight=3033.54 2651.88 1667.98 814.93 853.054 983.901 911.794 72.1074
internal_count=14139 11815 7080 3521 3559 4735 4362 373
cat_boundaries=0 1 2 3 4 5
cat_threshold=16 3 1 12 36
is_linear=0
shrinkage=0.05


Tree=22
num_leaves=9
num_cat=4
split_feature=0 0 0 1 21 33 34 34
split_gain=628.842 196.604 49.2525 147.155 36.5826 34.1138 51.2604 1.6949
threshold=0 1 2 3 26.050000000000004 36.750000000000007 24.550000000000004 23.150000000000002
decision_type=1 1 1 1 2 2 2 2
left_child=-1 5 4 -4 -3 6 -2 -7
right_child=1 2 3 -5 -6 7 -8 -9
leaf_value=-0.060522180943595016 0.029137666672103265 0.0015911301545720579 -0.04321830151540336 0.0097377484921176757 0.043929140300397185 0.029051126468777513 -0.0027065856919963379 0.062486003973622008
leaf_weight=371.37776386737823 729.88152526319027 1078.695393845439 245.93021547794342 279.23984467983246 52.560115486383438 6.7713515162467948 152.59892050921917 63.586845964193344
leaf_count=2345 3589 4504 1178 1161 219 33 675 342
internal_value=-0.000628028 0.00811742 -0.00232227 -0.0148143 0.00356381 0.0260853 0.0236343 0.0597204
internal_weight=2980.64 2609.26 1656.43 525.17 1131.26 952.839 882.48 70.3582
internal_count=14046 11701 7062 2339 4723 4639 4264 375
cat_boundaries=0 1 2 3 4
cat_threshold=16 3 12 1
is_linear=0
shrinkage=0.05


Tree=23
num_leaves=9
num_cat=2
split_feature=0 0 38 34 34 4 43 35
split_gain=588.711 177.845 47.5681 45.3935 37.0715 44.5108 42.0848 27.0955
threshold=0 1 6.8250000000000011 20.350000000000005 20.350000000000005 0.21022171450811272 3.5500000000000003 84.306547500000008
decision_type=1 1 2 2 2 2 2 2
left_child=-1 4 7 -4 5 -2 -6 -3
right_child=1 2 3 -5 6 -7 -8 -9
leaf_value=-0.059744700278580143 0.030144554402742399 0.030352967576564957 -0.05065805913408742 -0.0047692985063737033 0.045969656112646702 -0.063974603207661282 0.021106215392909355 0.0027883231042561134
leaf_weight=357.20040440559387 24.238109916448593 144.20611725747585 55.418592110276222 1213.260781571269 229.17380256950855 24.139335781335831 670.46085897088051 231.54022704064846
leaf_count=2342 113 626 238 5170 1170 99 3289 1002
internal_value=-0.000571367 0.00780204 -0.00217068 -0.00681214 0.0249272 -0.0171635 0.027484 0.0134197
internal_weight=2949.64 2592.44 1644.43 1268.68 948.012 48.3774 899.635 375.746
internal_count=14049 11707 7036 5408 4671 212 4459 1628
cat_boundaries=0 1 2
cat_threshold=16 3
is_linear=0
shrinkage=0.05


Tree=24
num_leaves=9
num_cat=2
split_feature=0 0 38 34 32 34 35 4
split_gain=563.706 166.48 43.0483 47.7583 32.558 59.1632 22.5746 6.40268
threshold=0 1 6.8250000000000011 20.350000000000005 29.248512000000002 24.450000000000003 84.217262000000019 0.9916835347852474
decision_type=1 1 2 2 2 2 2 2
left_child=-1 4 6 -4 5 -2 -3 -6
right_child=1 2 3 -5 7 -7 -8 -9
leaf_value=-0.05903931987279129 0.028051017590148788 0.02881635198460715 -0.051632897538522141 -0.0039880326491434437 0.060893152978758018 -0.0057003993002713027 0.0035075910063974954 0.023677783990567764
leaf_weight=345.40646556019783 706.32318796217442 142.62930847704411 53.989949196577072 1215.9487996995449 68.952780172228813 158.66162794828415 228.77957220375538 15.971567109227179
leaf_count=2351 3576 622 232 5179 373 701 990 84
internal_value=-6.71204e-05 0.00801028 -0.00166289 -0.00605263 0.0245523 0.0218607 0.013278 0.0542511
internal_weight=2936.66 2591.26 1641.35 1269.94 949.909 864.985 371.409 84.9243
internal_count=14108 11757 7023 5411 4734 4277 1612 457
cat_boundaries=0 1 2
cat_threshold=16 3
is_linear=0
shrinkage=0.05


Tree=25
num_leaves=9
num_cat=4
split_feature=0 0 1 0 34 39 44 44
split_gain=525.062 155.279 52.5026 84.3569 42.1234 30.553 33.8659 17.5994
threshold=0 1 2 3 20.350000000000005 25.250000000000004 48.050000000000004 52.000000000000007
decision_type=1 1 1 1 2 2 2 2
left_child=-1 2 3 -2 -4 6 -3 -7
right_child=1 5 4 -5 -6 7 -8 -9
leaf_value=-0.058358459856639969 0.032784732588714727 -0.0081175802822913787 -0.025475548006843204 -0.0029336021329153705 0.030352021125319609 0.024798008809987525 -0.064928594966450523 -0.03320408091479226
leaf_weight=332.32219724357128 234.17312975227833 954.60276299715042 34.782959640026093 508.18055373430252 695.06759448349476 100.89996764063835 26.003485351800919 14.122218593955038
leaf_count=2351 1180 4067 154 2346 3353 428 110 59
internal_value=-0.000272686 0.00746254 0.018022 0.00876415 0.0276602 -0.00676441 -0.00968869 0.0174518
internal_weight=2900.15 2567.83 1472.2 742.354 729.851 1095.63 980.606 115.022
internal_count=14048 11697 7033 3526 3507 4664 4177 487
cat_boundaries=0 1 2 3 4
cat_threshold=16 7 1 1
is_linear=0
shrinkage=0.05


Tree=26
num_leaves=9
num_cat=2
split_feature=0 0 38 26 33 34 33 17
split_gain=489.043 140.822 38.0428 39.3964 32.7901 43.002 22.7802 0.480473
threshold=0 1 6.8250000000000011 14.65 36.750000000000007 24.550000000000004 32.45000000000001 29.000000000000004
decision_type=1 1 2 2 2 2 2 2
left_child=-1 4 6 -4 5 -2 -3 -6
right_child=1 2 3 -5 7 -7 -8 -9
leaf_value=-0.057708202026907275 0.025294088564835261 0.0012593963039430752 -0.033170627657663793 -0.0030333127568889389 0.035805250888794667 -0.0040881567178540582 0.026253265715209525 0.058959585352134226
leaf_weight=317.47274495661259 708.67728833854198 205.60407397150993 118.75487050414085 1150.9323827773333 8.4325394481420499 150.71698288619518 162.94314588606358 57.541440531611443
leaf_count=2335 3650 896 508 4908 50 676 707 336
internal_value=-0.000256113 0.00707582 -0.00175977 -0.00587597 0.0225549 0.0201424 0.0123509 0.0565789
internal_weight=2881.08 2563.6 1638.23 1269.69 925.368 859.394 368.547 65.974
internal_count=14066 11731 7019 5416 4712 4326 1603 386
cat_boundaries=0 1 2
cat_threshold=16 3
is_linear=0
shrinkage=0.05


Tree=27
num_leaves=9
num_cat=2
split_feature=0 0 6 5 6 34 34 34
split_gain=461.208 127.31 51.385 82.9464 55.0048 30.4059 51.0216 26.2413
threshold=0 1 2.5000000000000004 -0.97111920233974802 27.000000000000004 24.550000000000004 24.950000000000003 23.750000000000004
decision_type=1 1 2 2 2 2 2 2
left_child=-1 2 3 -2 -4 7 -7 -3
right_child=1 5 4 -5 -6 6 -8 -9
leaf_value=-0.057103422808584325 -0.092788305624822015 -0.0081926917676457579 0.027135704376782057 0.0062067146401670733 -0.0016766800231334698 -0.054844555188977989 -0.0046214524002555976 0.0098448373171820865
leaf_weight=305.39448854327202 21.698812305927277 567.30983681976795 908.20610153675079 311.08547440171242 202.41096346080303 77.720473363995552 141.99066117405891 311.54343734681606
leaf_count=2337 92 2422 4464 1476 966 332 602 1325
internal_value=-0.000162457 0.00689569 0.0166128 -0.000506791 0.0218878 -0.00590976 -0.0225553 -0.00179467
internal_weight=2847.36 2541.97 1443.4 332.784 1110.62 1098.56 219.711 878.853
internal_count=14016 11679 6998 1568 5430 4681 934 3747
cat_boundaries=0 1 2
cat_threshold=16 7
is_linear=0
shrinkage=0.05


Tree=28
num_leaves=9
num_cat=2
split_feature=0 0 34 34 39 44 2 43
split_gain=442.901 115.782 52.0957 104.565 21.9785 29.2082 18.9081 4.14214
threshold=0 1 25.350000000000005 24.550000000000004 25.250000000000004 48.050000000000004 2.5000000000000004 12.550000000000002
decision_type=1 1 2 2 2 2 2 2
left_child=-1 2 3 -2 5 -3 -6 -4
right_child=1 4 7 -5 6 -7 -8 -9
leaf_value=-0.05654458314733727 0.019833773078409039 -0.0061701428628610396 0.043561936867454472 -0.018983605267399253 0.086150531724736204 -0.060092217163698662 0.0094720585130231086 0.068806083202813298
leaf_weight=294.88738363981247 1127.4663067758083 952.70681788027287 77.303729236125946 204.18545773625374 7.711004987359046 24.813843429088593 110.26150871813297 26.264566972851753
leaf_count=2348 5575 4063 407 889 33 106 467 130
internal_value=0.000299284 0.0071378 0.0164384 0.013872 -0.0050894 -0.00759894 0.015166 0.0505605
internal_weight=2825.6 2530.71 1435.22 1331.65 1095.49 977.521 117.973 103.568
internal_count=14018 11670 7001 6464 4669 4169 500 537
cat_boundaries=0 1 2
cat_threshold=16 7
is_linear=0
shrinkage=0.05


Tree=29
num_leaves=9
num_cat=2
split_feature=0 0 34 34 36 35 32 17
split_gain=408.391 102.54 38.8832 92.0976 59.7971 33.3151 28.8951 11.5981
threshold=0 1 24.550000000000004 25.150000000000002 96.500000000000014 58.401786000000008 29.248512000000002 37.600000000000001
decision_type=1 1 2 2 2 2 2 2
left_child=-1 5 4 -4 -3 7 -7 -2
right_child=1 2 3 -5 -6 6 -8 -9
leaf_value=-0.056014762152193566 -0.015392310611762376 -0.015678570210097338 -0.040151238084288061 0.012656844843599755 0.0088030506510145285 0.017958633852071887 0.050000529677842812 -0.12672680498804312
leaf_weight=285.21506617963314 5.1134441494941694 335.76562891900539 184.60408937931061 148.04198423027992 960.87715402245522 805.63239414989948 76.589431256055832 3.8729924708604813
leaf_count=2365 23 1433 775 634 4169 4173 450 19
internal_value=-0.0004692 0.00603418 -0.00144998 -0.0166818 0.00245634 0.0195674 0.0207938 -0.0712605
internal_weight=2805.71 2520.5 1629.29 332.646 1296.64 891.208 882.222 8.98644
internal_count=14041 11676 7011 1409 5602 4665 4623 42
cat_boundaries=0 1 2
cat_threshold=16 3
is_linear=0
shrinkage=0.05


Tree=30
num_leaves=9
num_cat=4
split_feature=0 0 0 1 32 34 21 4
split_gain=388.983 102.465 36.65 155.206 31.3888 55.2301 30.4891 4.40614
threshold=0 1 2 3 29.308928500000004 24.450000000000003 26.050000000000004 0.9916835347852474
decision_type=1 1 1 1 2 2 2 2
left_child=-1 4 6 -4 5 -2 -3 -6
right_child=1 2 3 -5 7 -7 -8 -9
leaf_value=-0.055508724363898913 0.023549586937098386 0.0019286907941944633 -0.042366578725408527 0.012721322693147831 0.057411028905943517 -0.0092652984422486231 0.041298215304284028 0.0227945757753398
leaf_weight=274.4263321980834 649.44822371006012 1061.2765161395073 234.99240006506443 278.2941659539938 58.528868064284325 159.13008689880371 50.574378594756126 13.062644451856611
leaf_count=2369 3499 4467 1159 1157 360 714 215 75
internal_value=-0.000193409 0.00608266 -0.00138525 -0.0122933 0.0197182 0.0170881 0.00372154 0.0514959
internal_weight=2779.73 2505.31 1625.14 513.287 880.17 808.578 1111.85 71.5915
internal_count=14015 11646 6998 2316 4648 4213 4682 435
cat_boundaries=0 1 2 3 4
cat_threshold=16 3 12 1
is_linear=0
shrinkage=0.05


Tree=31
num_leaves=9
num_cat=2
split_feature=0 0 6 8 6 39 44 44
split_gain=354.856 94.4074 54.5511 61.2862 48.8726 21.6534 30.5844 20.5856
threshold=0 1 2.5000000000000004 33.350000000000001 27.000000000000004 25.250000000000004 48.050000000000004 52.000000000000007
decision_type=1 1 2 2 2 2 2 2
left_child=-1 2 3 -2 -4 6 -3 -7
right_child=1 5 4 -5 -6 7 -8 -9
leaf_value=-0.054984469530857255 -0.026591398074972024 -0.0066469952099468379 0.024509403489961917 0.016254146533832312 -0.0028994397273536636 0.02266581404792312 -0.060381122653225018 -0.041488868101042617
leaf_weight=259.66155298054218 155.44714470207691 956.65928010642529 871.71738503873348 177.94184648990631 199.64688332378864 100.20859642326832 26.258684024214745 13.335540458559988
leaf_count=2336 719 4105 4431 878 969 428 113 56
internal_value=-0.000593083 0.00527191 0.0138134 -0.00374295 0.0194039 -0.00569975 -0.00814241 0.0148345
internal_weight=2760.88 2501.22 1404.75 333.389 1071.36 1096.46 982.918 113.544
internal_count=14035 11699 6997 1597 5400 4702 4218 484
cat_boundaries=0 1 2
cat_threshold=16 7
is_linear=0
shrinkage=0.05


Tree=32
num_leaves=9
num_cat=5
split_feature=0 0 1 0 0 6 5 44
split_gain=337.628 94.0709 33.0399 156.685 105.502 30.2134 52.2895 24.9827
threshold=0 1 2 3 4 2.5000000000000004 -0.97111920233974802 48.050000000000004
decision_type=1 1 1 1 1 2 2 2
left_child=-1 5 3 -3 -4 6 -2 -7
right_child=1 2 4 -5 -6 7 -8 -9
leaf_value=-0.054538701119232869 -0.086496150897728677 0.019995493878057453 0.017769415251394211 -0.025791858787090644 -0.019132778045879251 0.026388694277243829 0.0088612772666086317 -0.010688408696840868
leaf_weight=251.37499407678843 14.497184947133062 283.7521376311779 539.40674640238285 505.84898090362549 288.70051188766956 613.32909958064556 197.83508248627186 48.535359770059586
leaf_count=2356 62 1151 2333 2354 1167 3373 1027 241
internal_value=-0.000581827 0.00507926 -0.0020817 -0.00940649 0.00488031 0.0181919 0.00197573 0.0236578
internal_weight=2743.28 2491.91 1617.71 789.601 828.107 874.197 212.332 661.864
internal_count=14064 11708 7005 3505 3500 4703 1089 3614
cat_boundaries=0 1 2 3 4 5
cat_threshold=16 3 1 8 36
is_linear=0
shrinkage=0.05


Tree=33
num_leaves=9
num_cat=2
split_feature=0 0 34 4 5 34 39 32
split_gain=320.581 86.4469 49.5947 77.5236 52.9019 21.2346 39.5498 23.044
threshold=0 1 20.350000000000005 0.21022171450811272 0.50370931781787065 24.550000000000004 19.350000000000005 26.765178500000001
decision_type=1 1 2 2 2 2 2 2
left_child=-1 2 3 -2 -4 7 -7 -3
right_child=1 5 4 -5 -6 6 -8 -9
leaf_value=-0.054057142489401959 0.028578846493690233 -0.013040485193826249 0.0098122967795255239 -0.076422985480023617 0.032326659788056274 -0.053954428054071829 -0.0061481391840099838 0.0041499534227205153
leaf_weight=238.07450570911169 32.354790687561035 292.06201614439487 965.31218637526035 36.465130984783173 357.35265021026134 58.143282502889633 162.31095381081104 581.40189768373966
leaf_count=2327 161 1261 4837 150 1871 254 697 2496
internal_value=3.3784e-05 0.00543033 0.0136587 -0.0273555 0.015915 -0.0050681 -0.0189434 -0.00160639
internal_weight=2723.48 2485.4 1391.48 68.8199 1322.66 1093.92 220.454 873.464
internal_count=14054 11727 7019 311 6708 4708 951 3757
cat_boundaries=0 1 2
cat_threshold=16 7
is_linear=0
shrinkage=0.05


Tree=34
num_leaves=9
num_cat=5
split_feature=0 0 1 0 0 33 36 35
split_gain=300.191 73.8981 35.9421 134.582 91.4994 32.3939 48.251 1.05857
threshold=0 1 2 3 4 36.750000000000007 96.500000000000014 61.089286000000008
decision_type=1 1 1 1 1 2 2 2
left_child=-1 5 3 -3 -4 6 -2 -7
right_child=1 2 4 -5 -6 7 -8 -9
leaf_value=-0.053633959481596383 -0.005859407510189131 0.017937046818316354 0.017851319528942346 -0.024542424604512277 -0.016477830736788695 0.020313415052578172 0.021661852757765721 0.055318058619136468
leaf_weight=229.1514972448349 217.74977760016918 285.846570327878 537.67439563572407 497.23838783800602 290.76976901292801 3.8441766798496237 588.25550028681755 52.113023281097412
leaf_count=2336 1109 1161 2344 2324 1177 22 3236 355
internal_value=-0.000254451 0.00490738 -0.00143406 -0.00911745 0.00581359 0.016632 0.0142287 0.0533122
internal_weight=2702.64 2473.49 1611.53 783.085 828.444 861.962 806.005 55.9572
internal_count=14064 11728 7006 3485 3521 4722 4345 377
cat_boundaries=0 1 2 3 4 5
cat_threshold=16 3 1 8 36
is_linear=0
shrinkage=0.05


Tree=35
num_leaves=9
num_cat=2
split_feature=0 0 38 34 40 38 39 33
split_gain=277.134 68.8787 48.6644 56.6067 49.8328 22.8413 28.7379 27.5371
threshold=0 1 6.4910715000000012 20.350000000000005 130.55000000000004 6.8250000000000011 20.250000000000004 31.850000000000005
decision_type=1 1 2 2 2 2 2 2
left_child=-1 2 4 -4 -2 7 -7 -3
right_child=1 5 3 -5 -6 6 -8 -9
leaf_value=-0.053206362653546502 0.038690096857243422 -0.018088376943328214 -0.039635032590465781 0.010284121341824168 -0.09365149033080053 -0.022341757753478977 -0.0026465978887503438 0.018542749830163265
leaf_weight=218.57675481587648 198.75562766194344 71.079590350389481 58.86850306391716 1112.6355377584696 6.4468731284141532 276.66454148292542 557.24969683587551 177.58488933742046
leaf_count=2324 1087 306 260 5646 33 1206 2407 765
internal_value=-0.000663432 0.0042253 0.0116098 0.007744 0.0340983 -0.00518785 -0.00919972 0.0080414
internal_weight=2677.86 2459.29 1376.71 1171.5 205.203 1082.58 833.914 248.664
internal_count=14034 11710 7026 5906 1120 4684 3613 1071
cat_boundaries=0 1 2
cat_threshold=16 7
is_linear=0
shrinkage=0.05


Tree=36
num_leaves=9
num_cat=2
split_feature=0 0 34 39 36 34 34 20
split_gain=266.694 66.4432 31.5873 99.1484 51.4145 27.9347 57.8278 1.80633
threshold=0 1 24.450000000000003 19.050000000000004 96.500000000000014 25.250000000000004 24.550000000000004 33.250000000000007
decision_type=1 1 2 2 2 2 2 2
left_child=-1 5 4 -4 -3 6 -2 -7
right_child=1 2 3 -5 -6 7 -8 -9
leaf_value=-0.052831542145149658 0.019287105019771163 -0.015032076778309967 -0.058791285262162707 0.00062181256091826021 0.0082245319938487327 0.013202285758156096 -0.017390342766951811 0.051978199627691749
leaf_weight=211.26614854484797 659.9314708262682 319.76880432665348 93.045413926243782 277.09762209653854 916.22399428486824 4.0378868132829657 127.52348825335503 52.495951607823372
leaf_count=2342 3743 1382 403 1190 4038 23 580 349
internal_value=-0.000382119 0.00435789 -0.00162894 -0.0144314 0.00220043 0.0156254 0.0133329 0.0494863
internal_weight=2661.39 2450.12 1606.14 370.143 1235.99 843.989 787.455 56.5338
internal_count=14050 11708 7013 1593 5420 4695 4323 372
cat_boundaries=0 1 2
cat_threshold=16 3
is_linear=0
shrinkage=0.05


Tree=37
num_leaves=9
num_cat=3
split_feature=0 0 2 34 38 39 33 0
split_gain=252 66.4905 44.503 85.14 16.2511 27.46 26.8208 13.0025
threshold=0 1 10.500000000000002 20.350000000000005 6.8250000000000011 20.250000000000004 31.850000000000005 2
decision_type=1 1 2 2 2 2 2 1
left_child=-1 2 3 -2 6 -6 -3 -4
right_child=1 4 7 -5 5 -7 -8 -9
leaf_value=-0.052455629803372719 -0.065629332414269256 -0.019182249182187833 0.043993495089501414 0.01052701682500011 -0.02131700120952966 -0.0020779816614719254 0.016693363508834682 0.0073293047563984422
leaf_weight=203.29464435577393 36.917584717273712 73.237571686506271 113.92478933930397 1152.6172590255737 278.60508659482002 551.63919073343277 174.0001220703125 51.961949914693832
leaf_count=2352 151 315 617 5920 1219 2381 750 311
internal_value=-0.000469965 0.00409246 0.0114262 0.00811034 -0.00515527 -0.0085519 0.00603171 0.0356969
internal_weight=2636.2 2432.9 1355.42 1189.53 1077.48 830.244 247.238 165.887
internal_count=14016 11664 6999 6071 4665 3600 1065 928
cat_boundaries=0 1 2 3
cat_threshold=16 7 6
is_linear=0
shrinkage=0.05


Tree=38
num_leaves=9
num_cat=2
split_feature=0 0 38 39 33 36 4 27
split_gain=240.325 59.1271 31.3819 36.7235 28.4517 43.6607 28.0681 1.19697
threshold=0 1 6.9169645000000015 19.550000000000004 36.750000000000007 96.500000000000014 -0.90163369914317004 5.1500000000000012
decision_type=1 1 2 2 2 2 2 2
left_child=-1 4 6 -4 5 -2 -3 -6
right_child=1 2 3 -5 7 -7 -8 -9
leaf_value=-0.05210611246789329 -0.0070052839463133898 -0.021341289180184908 -0.020415730218085903 -0.00052984715194285203 0.054535021099233444 0.019664775599659845 0.016132922529426073 0.028449399849228597
leaf_weight=196.35951188206673 209.57492092251778 57.773397564888 311.12736208736897 906.43786200881004 42.387624189257622 567.70729281008244 336.08642250299454 8.9479964673519117
leaf_count=2370 1079 257 1365 3933 303 3230 1504 67
internal_value=-0.000423294 0.00395273 -0.00164521 -0.00562392 0.014718 0.0124741 0.0105959 0.0506187
internal_weight=2636.4 2440.04 1611.43 1217.57 828.618 777.282 393.86 51.3356
internal_count=14108 11738 7059 5298 4679 4309 1761 370
cat_boundaries=0 1 2
cat_threshold=16 3
is_linear=0
shrinkage=0.05


Tree=39
num_leaves=8
num_cat=0
split_feature=35 43 43 43 44 44 2
split_gain=48.2456 40.3003 33.7052 83.412 62.4258 25.9267 3.3013
threshold=58.401786000000008 56.500000000000007 3.5500000000000003 18.050000000000004 41.600000000000001 38.70000000000001 2.5000000000000004
decision_type=2 2 2 2 2 2 2
left_child=5 2 4 -4 -2 -1 -7
right_child=1 -3 3 -5 -6 6 -8
leaf_value=0.026536161180045117 0.018353766895527594 -0.076808825264853317 -0.013343758052045226 0.0078465164900066615 -0.017292038576261774 -0.064345211715751763 -0.1188727510593347
leaf_weight=5.4077068269252804 541.12654944509268 15.777471505105494 913.75794996321201 942.35525830835104 157.94308360666037 11.771462142467499 8.6242689192295074
leaf_count=30 2954 78 4872 5100 858 55 44
internal_value=-0.0002645 0.000431072 0.000937866 -0.00258695 0.010287 -0.0669992 -0.0918803
internal_weight=2596.76 2570.96 2555.18 1856.11 699.07 25.8034 20.3957
internal_count=13991 13862 13784 9972 3812 129 99
is_linear=0
shrinkage=0.05


Tree=40
num_leaves=9
num_cat=3
split_feature=0 0 1 34 34 38 37 20
split_gain=221.874 50.9496 113.161 46.1801 136.283 24.1063 22.201 16.0571
threshold=0 1 2 25.150000000000002 24.550000000000004 13.849107000000002 25.500000000000004 33.250000000000007
decision_type=1 1 1 2 2 2 2 2
left_child=-1 2 5 4 -3 -2 -4 -5
right_child=1 3 6 7 -6 -7 -8 -9
leaf_value=-0.051691266157342798 -0.039022203683827791 0.010635873311747278 -0.08107408652270004 -0.011255104849584337 -0.029560112854735733 0.07353786594366217 0.012886274596307977 0.038321466934589161
leaf_weight=184.4302281588316 222.13659103214741 1518.4224026054144 5.4476414620876303 17.946384966373444 243.87322299182415 3.9710128903388968 273.73190915584564 144.85043299943209
leaf_count=2323 1156 7499 22 83 1041 19 1148 764
internal_value=-0.000431363 0.00367566 -0.0103125 0.00738491 0.00505979 -0.0367303 0.01077 0.0328209
internal_weight=2614.81 2430.38 505.287 1925.09 1762.3 226.108 279.18 162.797
internal_count=14055 11732 2345 9387 8540 1175 1170 847
cat_boundaries=0 1 2 3
cat_threshold=16 32 1
is_linear=0
shrinkage=0.05


Tree=41
num_leaves=9
num_cat=2
split_feature=0 0 43 43 21 35 34 24
split_gain=210.859 51.7426 31.0127 35.9695 27.9846 26.8555 28.0166 6.30346
threshold=0 1 43.800000000000004 18.850000000000005 25.350000000000005 58.401786000000008 24.450000000000003 26.500000000000004
decision_type=1 1 2 2 2 2 2 2
left_child=-1 2 3 -2 -4 7 -7 -3
right_child=1 5 4 -5 -6 6 -8 -9
leaf_value=-0.051355150024024021 0.0079338776449904939 -0.018738976437616323 -0.096589542696706124 0.030659360756591841 0.050144012506782645 0.0026008551906600646 -0.013061614625166093 -0.089434137479914591
leaf_weight=177.69487458467484 552.63235965371132 5.4356657415628424 10.498695224523543 253.94704502820969 3.8074576407670966 1203.7260817289352 373.21366548538208 9.4576663523912412
leaf_count=2336 3144 24 50 1483 23 5321 1619 41
internal_value=-0.000448197 0.00351897 0.0136309 0.015118 -0.056813 -0.00175339 -0.0011119 -0.0664348
internal_weight=2590.41 2412.72 820.886 806.579 14.3062 1591.83 1576.94 14.8933
internal_count=14041 11705 4700 4627 73 7005 6940 65
cat_boundaries=0 1 2
cat_threshold=16 3
is_linear=0
shrinkage=0.05


Tree=42
num_leaves=9
num_cat=2
split_feature=0 38 39 34 34 33 5 0
split_gain=201.842 47.6125 85.1261 90.7409 82.0126 41.1486 45.9824 27.9564
threshold=0 6.890476500000001 20.000000000000004 24.050000000000004 20.850000000000005 32.350000000000001 -0.17646730165275518 1
decision_type=1 2 2 2 2 2 2 1
left_child=-1 5 3 -3 -4 6 -2 -7
right_child=1 2 4 -5 -6 7 -8 -9
leaf_value=-0.051036867641117971 -0.025847411816959483 -0.0028884984188422913 -0.044682228143942335 -0.045792480693367235 0.0098727455203138428 -0.0028550700701263001 0.016199387156305096 0.038798610971187808
leaf_weight=171.70756074413657 90.816132053732872 388.68491496145725 72.091930732131004 179.55640019476414 1201.7736876681447 56.475408151745796 221.92559066414833 198.3769643008709
leaf_count=2357 441 1905 327 811 5811 260 1135 1036
internal_value=-0.000364329 0.00346345 -0.00042589 -0.0165022 0.00675269 0.0161256 0.00394608 0.0309979
internal_weight=2581.41 2409.7 1842.11 568.241 1273.87 567.594 312.742 254.852
internal_count=14083 11726 8854 2716 6138 2872 1576 1296
cat_boundaries=0 1 2
cat_threshold=16 32
is_linear=0
shrinkage=0.05


Tree=43
num_leaves=9
num_cat=3
split_feature=0 0 43 43 21 6 5 1
split_gain=189.317 49.2089 28.1359 34.2788 27.6275 27.0973 47.1698 21.4929
threshold=0 1 43.800000000000004 18.850000000000005 25.350000000000005 2.5000000000000004 -0.83375966452616657 2
decision_type=1 1 2 2 2 2 2 1
left_child=-1 2 3 -2 -4 6 -3 -7
right_child=1 5 4 -5 -6 7 -8 -9
leaf_value=-0.050696857064151626 0.0074389386312005328 -0.065582953838390329 -0.091777071608892064 0.02977692812560245 0.049982302683279765 -0.0052118205758812999 -0.0076729843331460367 0.0080549839573791759
leaf_weight=164.24757887795568 537.96399845927954 38.485161066055298 10.918420284986494 251.98251110315323 4.0881288051605216 596.46269296109676 325.21788629889488 623.31414124369621
leaf_count=2354 3090 167 52 1500 26 2701 1419 2696
internal_value=-0.000532293 0.00313624 0.013117 0.0145931 -0.0524486 -0.0019929 -0.0139637 0.00156865
internal_weight=2552.68 2388.43 804.953 789.947 15.0065 1583.48 363.703 1219.78
internal_count=14005 11651 4668 4590 78 6983 1586 5397
cat_boundaries=0 1 2 3
cat_threshold=16 3 1
is_linear=0
shrinkage=0.05


Tree=44
num_leaves=9
num_cat=2
split_feature=0 0 21 43 31 34 39 37
split_gain=180.612 45.1355 27.09 39.8904 33.8445 23.3985 81.6623 41.2444
threshold=0 1 21.050000000000004 1.4500000000000002 31.850000000000005 24.450000000000003 19.050000000000004 25.500000000000004
decision_type=1 1 2 2 2 2 2 2
left_child=-1 2 4 -4 -2 7 -7 -3
right_child=1 5 3 -5 -6 6 -8 -9
leaf_value=-0.050317726789198339 0.014266965286287845 -0.072300498280081435 0.038860729204720432 0.0099983637586160759 -0.066498793994160338 -0.053127453349654907 0.0011350279068554122 0.0031845046621515744
leaf_weight=155.02757912874222 28.700217932462692 17.371796771883965 148.93423134088516 600.36244183033705 22.250332325696945 91.018022008240223 281.13360132277012 1208.0090312361717
leaf_count=2321 161 76 940 3476 98 405 1215 5354
internal_value=0.000123748 0.0035994 0.0132103 0.0157794 -0.0216049 -0.00127237 -0.0122429 0.0020563
internal_weight=2552.81 2397.78 800.247 749.297 50.9506 1597.53 372.152 1225.38
internal_count=14046 11725 4675 4416 259 7050 1620 5430
cat_boundaries=0 1 2
cat_threshold=16 3
is_linear=0
shrinkage=0.05


Tree=45
num_leaves=9
num_cat=2
split_feature=0 34 4 42 6 0 38 4
split_gain=173.017 43.375 101.65 55.203 54.6401 27.6324 4.7199 1.05177
threshold=0 20.350000000000005 0.21022171450811272 3.5000000000000004 2.5000000000000004 1 6.5285715000000009 0.48314048284850658
decision_type=1 2 2 2 2 1 2 2
left_child=-1 2 6 5 -5 -3 -2 -4
right_child=1 3 7 4 -6 -7 -8 -9
leaf_value=-0.050041500955203801 -0.00034196566888605853 -0.0046656947971945913 -0.059485275151037492 -0.016181762386528752 0.0055902754754808227 0.029397510615028634 0.030263112037088986 -0.082412929867465914
leaf_weight=150.44089085236192 18.354213774204254 77.91247196495533 27.47042328119278 352.63372872769833 1555.9314611777663 285.94480686634779 39.011278346180916 30.195044443011284
leaf_count=2350 92 364 118 1662 7689 1462 187 128
internal_value=6.18046e-05 0.00343374 -0.026374 0.00496866 0.00156122 0.0227886 0.0206329 -0.0726909
internal_weight=2537.89 2387.45 115.031 2272.42 1908.57 363.857 57.3655 57.6655
internal_count=14052 11702 525 11177 9351 1826 279 246
cat_boundaries=0 1 2
cat_threshold=16 32
is_linear=0
shrinkage=0.05


Tree=46
num_leaves=9
num_cat=4
split_feature=0 0 1 0 43 39 44 2
split_gain=164.287 49.3502 51.739 55.464 33.9769 18.6475 26.9502 20.5673
threshold=0 1 2 3 43.800000000000004 25.250000000000004 48.050000000000004 2.5000000000000004
decision_type=1 1 1 1 2 2 2 2
left_child=-1 2 3 -2 -4 6 -3 -7
right_child=1 5 4 -5 -6 7 -8 -9
leaf_value=-0.049756316321225069 0.02124447888366153 -0.0057018893097654632 0.021238162534738279 -0.0095727374689751257 -0.062720893043761938 0.085645547895524005 -0.056907671933213111 0.0078636730533452846
leaf_weight=145.48408549278975 199.37246874719858 936.33321797847748 638.39828268438578 466.18296127766371 11.338469907641409 8.2768943160772306 25.440598681569099 105.26296964287758
leaf_count=2374 1181 4103 3484 2327 56 36 112 454
internal_value=-0.000117498 0.0031179 0.0095809 -0.000148065 0.0196789 -0.00480441 -0.00711407 0.0142321
internal_weight=2536.09 2390.61 1315.29 665.555 649.737 1075.31 961.774 113.54
internal_count=14127 11753 7048 3508 3540 4705 4215 490
cat_boundaries=0 1 2 3 4
cat_threshold=16 7 1 1
is_linear=0
shrinkage=0.05


Tree=47
num_leaves=15
num_cat=1
split_feature=38 39 34 34 39 39 4 4 39 4 5 1 36 9
split_gain=35.3179 54.4662 71.6522 71.1412 67.4483 51.9581 43.746 40.4776 38.9938 33.8377 28.031 10.7388 8.73592 1.05254
threshold=6.8250000000000011 20.000000000000004 20.850000000000005 24.550000000000004 19.750000000000004 23.550000000000004 0.90162119223771342 -0.24372957273992743 18.750000000000004 0.15951094710994368 0.36447543099728857 0 95.500000000000014 24.850000000000005
decision_type=2 2 2 2 2 2 2 2 2 2 2 1 2 2
left_child=6 3 9 4 -2 -4 7 10 -5 -3 -1 13 -9 -8
right_child=1 2 5 8 -6 -7 11 12 -10 -11 -12 -13 -14 -15
leaf_value=-0.014507895891306383 -0.0010436660202921865 0.00632073588345372 0.014276361176150158 -0.061869428098663228 -0.076964381227111842 -0.0062947906690290992 0.0014733210426488108 -0.038875068159210123 -0.0037870006489400415 -0.064272810142375167 0.015065098644643166 -0.099860274604304133 0.031867005013787864 -0.03368431116887171
leaf_weight=138.36030555143952 446.29157837107778 24.009826090186834 715.99860467761755 104.71992025524378 30.308775622397661 535.95731141790748 3.7313643880188465 3.6491926684975615 39.953288055956364 55.588800575584173 187.5661054328084 9.2249937504529971 209.84986751154065 3.7201994806528091
leaf_count=787 2504 133 4035 543 158 2935 20 20 211 282 1110 46 1238 20
internal_value=-4.41706e-06 -0.00317088 0.00253427 -0.015383 -0.00602278 0.00547194 0.0111008 0.013614 -0.0459654 -0.043165 0.00250497 -0.0663645 0.0304823 -0.0179879
internal_weight=2508.93 1952.83 1331.55 621.274 476.6 1251.96 556.102 539.425 144.673 79.5986 325.926 16.6766 213.499 7.45156
internal_count=14042 10801 7385 3416 2662 6970 3241 3155 754 415 1897 86 1258 40
cat_boundaries=0 1
cat_threshold=1
is_linear=0
shrinkage=0.05


Tree=48
num_leaves=9
num_cat=3
split_feature=0 0 1 21 34 39 30 7
split_gain=150.326 48.4378 102.494 38.8518 65.9145 18.2375 16.734 4.54619
threshold=0 1 2 26.050000000000004 24.550000000000004 15.850000000000003 13.550000000000002 29.116666500000004
decision_type=1 1 1 2 2 2 2 2
left_child=-1 2 5 4 -3 -2 -4 -5
right_child=1 3 6 7 -6 -7 -8 -9
leaf_value=-0.049432005726632172 0.0024050901125645327 0.0089466338059713719 -0.00055482638167894487 -0.0061694973218803682 -0.016067174887385516 -0.042245902700669115 0.025005170158315645 0.043858029829466239
leaf_weight=138.4142432436347 25.77650760859251 1479.3883567154408 180.69786536693573 4.599673554301261 319.40822103619576 194.70209793001413 98.147402629256248 71.340420603752136
leaf_count=2355 128 7498 761 22 1443 1049 415 409
internal_value=-0.000786191 0.00226819 -0.011414 0.00595767 0.00449853 -0.0370384 0.00849894 0.0407871
internal_weight=2512.47 2374.06 499.324 1874.74 1798.8 220.479 278.845 75.9401
internal_count=14080 11725 2353 9372 8941 1177 1176 431
cat_boundaries=0 1 2 3
cat_threshold=16 32 1
is_linear=0
shrinkage=0.05


Tree=49
num_leaves=8
num_cat=2
split_feature=0 35 0 44 43 34 7
split_gain=143.751 41.9564 40.8985 27.0968 26.921 22.8173 4.35819
threshold=0 58.401786000000008 1 38.70000000000001 1.4500000000000002 26.050000000000004 26.422916500000003
decision_type=1 2 1 2 2 2 2
left_child=-1 3 4 -2 -3 -4 -5
right_child=1 2 5 6 -6 -7 -8
leaf_value=-0.049136788817088418 0.031049447585824147 0.030343036741448327 -0.0026423869761278357 -0.053235175279028574 0.0076024462242068385 0.035670412842272327 -0.11194881801229672
leaf_weight=133.04497284069657 5.6700501292943981 165.0269657894969 1525.5837435275316 9.1296775117516535 607.69408688694239 38.878317251801491 10.153840050101278
leaf_count=2363 28 1055 6782 40 3574 174 46
internal_value=-0.000642879 0.0023063 0.00301686 -0.0609093 0.0123326 -0.00165751 -0.0881462
internal_weight=2495.18 2362.14 2337.18 24.9536 772.721 1564.46 19.2835
internal_count=14062 11699 11585 114 4629 6956 86
cat_boundaries=0 1 2
cat_threshold=16 3
is_linear=0
shrinkage=0.05


Tree=50
num_leaves=9
num_cat=3
split_feature=0 34 34 39 36 0 1 24
split_gain=137.322 36.9642 116.174 82.6874 75.0422 18.056 39.1572 17.8617
threshold=0 25.150000000000002 24.550000000000004 19.850000000000005 96.500000000000014 1 2 63.500000000000007
decision_type=1 2 2 2 2 1 1 2
left_child=-1 2 4 -4 -2 6 -3 -7
right_child=1 5 3 -5 -6 7 -8 -9
leaf_value=-0.048775946841580327 -0.011191218842662972 -0.059138031818009452 -0.06606833865757096 -0.0095521671644044175 0.011481162064729107 0.03704207906882049 0.033052104802322027 -0.023861928697874592
leaf_weight=125.6811845973134 496.58327630907297 19.554620429873466 96.518056511878967 193.68471789360046 1369.1605099737644 143.76763820648193 25.234073832631111 12.458698347210882
leaf_count=2332 2411 105 436 852 6961 794 106 57
internal_value=-4.58698e-05 0.00276729 0.000862309 -0.0285111 0.00544396 0.0232303 -0.00624622 0.0301468
internal_weight=2482.64 2356.96 2155.95 290.203 1865.74 201.015 44.7887 156.226
internal_count=14054 11722 10660 1288 9372 1062 211 851
cat_boundaries=0 1 2 3
cat_threshold=16 32 1
is_linear=0
shrinkage=0.05


Tree=51
num_leaves=9
num_cat=2
split_feature=0 38 26 5 34 33 4 0
split_gain=126.746 41.3888 64.8398 106.332 67.9428 36.9094 42.5858 24.9558
threshold=0 6.890476500000001 14.65 -0.23537842981696172 20.350000000000005 32.350000000000001 0.90162119223771342 1
decision_type=1 2 2 2 2 2 2 1
left_child=-1 5 3 -3 -4 6 -2 -7
right_child=1 2 4 -5 -6 7 -8 -9
leaf_value=-0.048457344994626263 0.0068438498068879999 -0.070386670870294016 -0.04677301756311833 0.0093144389348768283 0.0035920207970804256 -0.0032855728545781483 -0.075839027521703684 0.036054344122743803
leaf_weight=119.90452701970935 288.87304195761681 84.117041811347008 68.934801712632179 81.914518088102341 1574.4308961033821 56.27222466468811 15.45812478661537 190.19398643821478
leaf_count=2321 1494 392 308 411 7773 261 68 1045
internal_value=-0.000566524 0.00208236 -0.00156368 -0.0312444 0.00145218 0.0140787 0.00240945 0.0284196
internal_weight=2480.1 2360.19 1809.4 166.032 1643.37 550.797 304.331 246.466
internal_count=14073 11752 8884 803 8081 2868 1562 1306
cat_boundaries=0 1 2
cat_threshold=16 32
is_linear=0
shrinkage=0.05


Tree=52
num_leaves=7
num_cat=3
split_feature=0 22 0 1 42 12
split_gain=123.842 40.5302 38.7696 40.9692 21.9446 1.61694
threshold=0 55.000000000000007 1 2 2.5000000000000004 35.500000000000007
decision_type=1 2 1 1 2 2
left_child=-1 5 3 -3 -4 -2
right_child=1 2 4 -5 -6 -7
leaf_value=-0.048228566108232 -0.10607629198534801 -0.00010553658035695733 0.014632141329658635 0.01781702180432003 -0.0070737132660782702 -0.050632188337863974
leaf_weight=116.95799852907658 6.3050247728824598 650.8581185489893 132.2941624969244 624.07386045902967 922.58953737467527 5.7939729541540146
leaf_count=2365 29 3489 589 3496 4067 26
internal_value=-0.000327165 0.00228077 0.00278243 0.00860711 -0.00429956 -0.0854175
internal_weight=2458.87 2341.91 2329.82 1274.93 1054.88 12.099
internal_count=14061 11696 11641 6985 4656 55
cat_boundaries=0 1 2 3
cat_threshold=16 7 1
is_linear=0
shrinkage=0.05


Tree=53
num_leaves=8
num_cat=2
split_feature=0 0 21 34 37 38 40
split_gain=115.824 33.7034 37.1586 55.2728 10.9789 9.34442 4.07357
threshold=0 1 26.050000000000004 24.550000000000004 25.500000000000004 11.879464000000002 24.050000000000004
decision_type=1 1 2 2 2 2 2
left_child=-1 4 3 -3 -2 -6 -4
right_child=1 2 6 -5 5 -7 -8
leaf_value=-0.047914095540628379 -0.061830475550870734 0.0077504790348421051 0.031559121023506158 -0.015165954969423388 -0.010683906416916709 0.015103271404499028 0.059677007376989291
leaf_weight=111.72305500134826 8.9464036375284177 1448.6658439412713 54.195986717939377 320.50731494277716 446.6597141996026 37.255130425095558 19.302115246653557
leaf_count=2362 44 7448 329 1455 2135 174 108
internal_value=-0.00056652 0.00191482 0.00502416 0.00359267 -0.00956606 -0.00867158 0.0396454
internal_weight=2447.26 2335.53 1842.67 1769.17 492.861 483.915 73.4981
internal_count=14055 11693 9340 8903 2353 2309 437
cat_boundaries=0 1 2
cat_threshold=16 32
is_linear=0
shrinkage=0.05


Tree=54
num_leaves=9
num_cat=1
split_feature=0 39 44 2 39 44 37 34
split_gain=110.262 38.4762 89.1548 65.4505 52.2836 38.2519 27.4513 1.27306
threshold=0 25.250000000000004 48.050000000000004 7.5000000000000009 23.550000000000004 52.000000000000007 25.500000000000004 24.250000000000004
decision_type=1 2 2 2 2 2 2 2
left_child=-1 2 4 -4 -2 6 -3 -7
right_child=1 5 3 -5 -6 7 -8 -9
leaf_value=-0.047570496338756006 0.0047834348568125346 -0.041489298287113577 -0.11018364479530735 -0.0068834739431626176 -0.019595325846717318 -0.015972519666192467 0.032659410074289283 -0.037944554201277118
leaf_weight=105.98213985562325 1770.4932670295238 12.452265813946722 30.200160652399063 30.432699412107468 250.10991507023573 13.463215634226797 204.75148164480925 18.719838738441467
leaf_count=2340 8963 61 140 141 1219 66 1018 79
internal_value=-0.000198329 0.00217006 -4.84439e-05 -0.0592884 0.00175764 0.0206973 0.0282378 -0.0295113
internal_weight=2436.6 2330.62 2081.24 60.6329 2020.6 249.387 217.204 32.1831
internal_count=14027 11687 10463 281 10182 1224 1079 145
cat_boundaries=0 1
cat_threshold=16
is_linear=0
shrinkage=0.05


Tree=55
num_leaves=9
num_cat=3
split_feature=0 0 1 34 34 38 40 20
split_gain=103.894 33.1742 96.3992 36.8846 75.1749 19.6209 17.1151 13.1192
threshold=0 1 2 25.150000000000002 24.550000000000004 13.849107000000002 121.60000000000001 33.350000000000001
decision_type=1 1 1 2 2 2 2 2
left_child=-1 2 5 4 -3 -2 -4 -5
right_child=1 3 6 7 -6 -7 -8 -9
leaf_value=-0.047218197379621192 -0.036734346747535798 0.0074073741336746369 0.012327578273988567 -0.0082441301836039677 -0.023070527886109655 0.065534459401289061 -0.057858881465763234 0.034688576218655072
leaf_weight=100.40838661417365 209.71912799030542 1458.7722989097238 267.8677850663662 20.183019235730171 233.88961960375309 3.9157516807317725 7.9978253394365302 130.5318440720439
leaf_count=2315 1154 7526 1134 93 1011 19 33 746
internal_value=-4.23238e-05 0.0022004 -0.00923994 0.00527512 0.00318485 -0.0345632 0.0100911 0.0289228
internal_weight=2433.29 2332.88 489.5 1843.38 1692.66 213.635 275.866 150.715
internal_count=14031 11716 2340 9376 8537 1173 1167 839
cat_boundaries=0 1 2 3
cat_threshold=16 32 1
is_linear=0
shrinkage=0.05


Tree=56
num_leaves=9
num_cat=2
split_feature=0 38 39 44 34 33 4 0
split_gain=98.5294 35.7897 56.8277 63.8007 63.6709 34.6078 33.9271 18.7552
threshold=0 6.8250000000000011 20.000000000000004 38.350000000000009 20.850000000000005 32.350000000000001 0.90162119223771342 1
decision_type=1 2 2 2 2 2 2 1
left_child=-1 5 3 -3 -4 6 -2 -7
right_child=1 2 4 -5 -6 7 -8 -9
leaf_value=-0.046959982987117656 0.0063362001795589226 -0.0083560035305294111 -0.040152575626758745 -0.060716268847662583 0.0075206888435204681 -0.0014397112110889438 -0.070006670437359184 0.035755378993435998
leaf_weight=97.088110912591219 275.21544519066811 517.52139599621296 73.520723789930344 64.625024393200874 1165.8500110208988 49.976803183555603 14.363318532705305 165.6751916334033
leaf_count=2337 1445 2555 343 313 5833 234 63 946
internal_value=-0.000291092 0.00186931 -0.00139036 -0.0142628 0.00466257 0.0136379 0.00232165 0.0287526
internal_weight=2423.84 2326.75 1821.52 582.146 1239.37 505.231 289.579 215.652
internal_count=14069 11732 9044 2868 6176 2688 1508 1180
cat_boundaries=0 1 2
cat_threshold=16 32
is_linear=0
shrinkage=0.05


Tree=57
num_leaves=11
num_cat=0
split_feature=35 8 36 34 7 4 42 44 44 4
split_gain=27.8814 30.0454 83.4909 75.4886 55.8479 35.4169 39.7743 36.8734 21.5454 5.43948
threshold=58.401786000000008 33.350000000000001 94.500000000000014 24.450000000000003 27.102083500000003 0.80926549319045582 2.5000000000000004 48.800000000000004 38.70000000000001 0.93845596220871974
decision_type=2 2 2 2 2 2 2 2 2 2
left_child=8 2 4 -4 -2 7 -7 -3 -1 -10
right_child=1 5 3 -5 -6 6 -8 -9 9 -11
leaf_value=0.026987023802108115 -0.09286170807303662 0.027556434402416577 0.0050182679275978673 -0.022385520847075235 -0.018829857568740085 0.025884641473125188 -0.0096833946820983237 -0.096939765345876214 -0.046067070309609603 -0.10825009085955546
leaf_weight=5.918295148760083 38.118833392858505 239.23824015259743 1333.5607484392822 308.60430894978344 75.042956311255693 108.18382774665952 279.60300391539931 5.1393045112490645 9.9872177317738551 8.2690932378172857
leaf_count=34 200 1403 7912 1632 415 645 1649 28 54 43
internal_value=-0.000201791 0.00035 -0.00301652 -0.000142086 -0.0443627 0.00968779 0.000280345 0.0245539 -0.052546 -0.0783914
internal_weight=2411.67 2387.49 1755.33 1642.17 113.162 632.164 387.787 244.378 24.1746 18.2563
internal_count=14015 13884 10159 9544 615 3725 2294 1431 131 97
is_linear=0
shrinkage=0.05


Tree=58
num_leaves=9
num_cat=3
split_feature=0 0 1 8 34 34 44 40
split_gain=93.896 35.7796 85.5079 35.6633 57.762 36.3622 18.088 14.7796
threshold=0 1 2 33.150000000000013 24.450000000000003 20.350000000000005 51.45000000000001 121.60000000000001
decision_type=1 1 1 2 2 2 2 2
left_child=-1 2 6 4 -3 -5 -2 -4
right_child=1 3 7 5 -6 -7 -8 -9
leaf_value=-0.046674432145277472 -0.036447386364668224 0.0056845740495205903 0.010275172205513061 -0.06719440628763089 -0.021253400136333828 0.017936628306723101 0.058649355199056313 -0.05054254435892213
leaf_weight=93.208374716341496 205.73200213164091 1049.4109347611666 266.10411943495274 11.887745186686514 244.51218105107546 522.87005107849836 4.2599589228630057 9.3963369429111463
leaf_count=2338 1152 5502 1131 49 1085 2719 22 39
internal_value=-0.000243933 0.00183917 -0.0100853 0.00504634 0.000581633 0.0159223 -0.0342494 0.00802561
internal_weight=2407.38 2314.17 485.492 1828.68 1293.92 534.758 209.992 275.5
internal_count=14037 11699 2344 9355 6587 2768 1174 1170
cat_boundaries=0 1 2 3
cat_threshold=16 32 1
is_linear=0
shrinkage=0.05


Tree=59
num_leaves=9
num_cat=2
split_feature=0 34 33 26 34 0 38 5
split_gain=90.2573 28.9155 74.9709 34.2782 83.7459 36.4404 3.70575 1.58202
threshold=0 20.350000000000005 32.750000000000007 14.950000000000001 23.950000000000003 1 6.7669645000000012 0.91511078773075505
decision_type=1 2 2 2 2 1 2 2
left_child=-1 2 6 4 -3 -5 -2 -4
right_child=1 3 7 5 -6 -7 -8 -9
leaf_value=-0.046315604740185479 0.0020089931480362587 0.0040215688931650381 -0.072696765517942796 0.016559656379050412 -0.049574710457199446 0.0014827983283353184 0.028796027965038509 -0.049099084500537973
leaf_weight=88.306399056687951 20.752570122480392 275.20697346329689 30.39866753667593 588.50847448408604 98.0770343542099 1233.3508650436997 33.878036677837372 24.737520471215248
leaf_count=2310 107 1456 133 3704 467 5557 167 112
internal_value=0.000365125 0.00236349 -0.0225539 0.00362993 -0.0101552 0.00645841 0.0188394 -0.0631726
internal_weight=2393.22 2304.91 109.767 2195.14 373.284 1821.86 54.6306 55.1362
internal_count=14013 11703 519 11184 1923 9261 274 245
cat_boundaries=0 1 2
cat_threshold=16 3
is_linear=0
shrinkage=0.05


Tree=60
num_leaves=9
num_cat=2
split_feature=0 2 26 21 25 0 33 37
split_gain=83.9671 30.0822 53.8157 58.1641 55.8248 38.3032 66.6576 7.04744
threshold=0 10.500000000000002 15.050000000000002 20.850000000000005 7.0638890000000005 1 31.950000000000003 40.500000000000007
decision_type=1 2 2 2 2 1 2 2
left_child=-1 2 4 -4 -2 7 -7 -3
right_child=1 5 3 -5 -6 6 -8 -9
leaf_value=-0.046028181082669109 -0.0052596257070783112 -0.00082988255671242312 -0.048897261516402855 0.0045097398249551507 -0.052306770363059807 -0.02209335878774479 0.039449671811444056 0.047463962958064473
leaf_weight=84.934469059109688 196.73514526337385 8.1778915226459485 51.570235997438431 1687.3359946385026 91.973829694092274 111.34694470465183 71.323345176875591 92.922722332179546
leaf_count=2320 1015 46 242 8541 440 550 361 567
internal_value=-0.000189423 0.00170582 -0.000423815 0.00289867 -0.0203762 0.0169306 0.00191568 0.0396994
internal_weight=2396.32 2311.39 2027.62 1738.91 288.709 283.771 182.67 101.101
internal_count=14082 11762 10238 8783 1455 1524 911 613
cat_boundaries=0 1 2
cat_threshold=16 6
is_linear=0
shrinkage=0.05


Tree=61
num_leaves=8
num_cat=3
split_feature=0 35 0 1 44 42 13
split_gain=77.314 31.0113 33.2036 36.5335 21.9827 18.8073 4.44442
threshold=0 58.401786000000008 1 2 38.70000000000001 2.5000000000000004 9.1562500000000018
decision_type=1 2 1 1 2 2 2
left_child=-1 4 3 -3 -2 -4 -6
right_child=1 2 5 -5 6 -7 -8
leaf_value=-0.045724184202998931 0.027866516656378328 -0.0012883421980011635 0.012822512569835005 0.015910645290757156 -0.035980003158066251 -0.0076480197892917949 -0.098072658412552638
leaf_weight=81.444877333939075 5.5943910330534008 634.54455109685659 127.12114553153515 600.14207450300455 5.8307509049773243 906.21818915754557 12.13235419243574
leaf_count=2322 29 3485 571 3469 28 4048 55
internal_value=-0.000895831 0.000912123 0.00152055 0.00702083 -0.0549703 -0.00507075 -0.0808779
internal_weight=2373.03 2291.58 2268.03 1234.69 23.5575 1033.34 17.9631
internal_count=14007 11685 11573 6954 112 4619 83
cat_boundaries=0 1 2 3
cat_threshold=16 7 1
is_linear=0
shrinkage=0.05


Tree=62
num_leaves=9
num_cat=1
split_feature=0 39 39 4 39 44 37 33
split_gain=74.5835 29.3698 67.1964 59.7235 44.3631 37.8798 29.1794 2.19284
threshold=0 25.250000000000004 23.550000000000004 -0.35846811432664222 20.000000000000004 52.000000000000007 25.500000000000004 31.350000000000005
decision_type=1 2 2 2 2 2 2 2
left_child=-1 2 4 -4 -2 6 -3 -7
right_child=1 5 3 -5 -6 7 -8 -9
leaf_value=-0.045462323987174903 -0.0041841300486285052 -0.044898692954804302 0.012163039500337041 -0.03856289582975958 0.011809338030491922 -0.011972968551373151 0.030148893061263862 -0.040315929489312272
leaf_weight=78.724906995892525 1013.3853809908032 12.990929007530211 81.518588349223137 196.99699031561613 756.35963708907366 11.265738174319265 196.48911741375923 22.132310807704926
leaf_count=2342 5231 65 384 975 3899 55 1000 95
internal_value=-0.000744337 0.00100532 -0.000942811 -0.0237255 0.00265402 0.0174122 0.0253036 -0.0313814
internal_weight=2369.86 2291.14 2048.26 278.516 1769.75 242.878 209.48 33.398
internal_count=14046 11704 10489 1359 9130 1215 1065 150
cat_boundaries=0 1
cat_threshold=16
is_linear=0
shrinkage=0.05


Tree=63
num_leaves=9
num_cat=2
split_feature=0 0 36 34 40 2 34 34
split_gain=71.3222 32.5803 22.2793 48.2983 32.2787 14.2331 57.4022 16.3001
threshold=0 1 89.500000000000014 23.450000000000003 7.2000000000000002 10.500000000000002 20.350000000000005 22.350000000000005
decision_type=1 1 2 2 2 2 2 2
left_child=-1 2 3 -2 -4 6 -3 -7
right_child=1 5 4 -5 -6 7 -8 -9
leaf_value=-0.045131788506333037 -0.069835383998169423 -0.071188454653730485 0.03099032031243551 0.033291092894371446 0.0059405342079041166 0.027556326806749232 -0.0032070983366649648 -0.0020299406310185977
leaf_weight=75.199262741953135 24.52872508764267 30.809407249093056 168.63925683498383 19.623650692403316 534.541852876544 75.893389135599136 1311.9661394283175 117.66548918187618
leaf_count=2335 138 151 1137 154 3279 359 5921 561
internal_value=-0.000485294 0.00119629 0.00968222 -0.0242783 0.0119835 -0.00297108 -0.00481872 0.00965268
internal_weight=2358.87 2283.67 747.333 44.1524 703.181 1536.33 1342.78 193.559
internal_count=14035 11700 4708 292 4416 6992 6072 920
cat_boundaries=0 1 2
cat_threshold=16 3
is_linear=0
shrinkage=0.05


Tree=64
num_leaves=9
num_cat=1
split_feature=0 44 39 37 4 5 34 35
split_gain=68.2917 33.2053 55.3892 50.1262 33.5672 32.0323 56.9262 45.2411
threshold=0 48.050000000000004 24.950000000000003 66.500000000000014 -0.35846811432664222 0.91852788691372023 21.050000000000004 61.678571500000004
decision_type=1 2 2 2 2 2 2 2
left_child=-1 5 3 -3 -4 6 -2 -7
right_child=1 2 4 -5 -6 7 -8 -9
leaf_value=-0.044794646412164456 -0.037756288543369973 -0.099151358954785107 -0.031323274886117351 0.0052274485833490956 0.024535086274775422 -0.050127614385991441 0.002853588016550104 0.027179359672789789
leaf_weight=71.80149345472455 89.63948155939579 32.65577470511198 47.333115011453629 17.327829629182816 59.638070985674858 19.828251838684082 1799.8660996556282 214.77686838060617
leaf_count=2325 432 148 211 85 304 93 9239 1157
internal_value=-0.00018656 0.00142663 -0.0206857 -0.0635735 -0.000242575 0.00307623 0.000908074 0.0204605
internal_weight=2352.87 2281.07 156.955 49.9836 106.971 2124.11 1889.51 234.605
internal_count=13994 11669 748 233 515 10921 9671 1250
cat_boundaries=0 1
cat_threshold=16
is_linear=0
shrinkage=0.05


Tree=65
num_leaves=9
num_cat=2
split_feature=0 34 34 39 43 0 8 25
split_gain=65.2244 29.1745 67.4781 72.8783 34.7886 13.723 9.89857 6.13294
threshold=0 25.150000000000002 24.550000000000004 19.150000000000002 43.800000000000004 1 31.950000000000003 7.3118055000000011
decision_type=1 2 2 2 2 1 2 2
left_child=-1 2 4 -4 -2 7 -7 -3
right_child=1 5 3 -5 -6 6 -8 -9
leaf_value=-0.044462029086604481 0.0040550578961034275 0.058566538300170237 -0.060971357813518548 -0.0060200289694963575 -0.072398000583390743 -0.039682178366468202 0.010125001050885513 0.027825598130549602
leaf_weight=68.657645186409354 1790.5567630380392 21.606621868908405 85.765364967286587 198.93549838662148 14.006121248006819 10.319374822080134 83.536258362233639 76.770613916218281
leaf_count=2317 9298 133 403 882 62 46 378 510
internal_value=1.60137e-05 0.00156135 -0.000150874 -0.0227294 0.0034219 0.0201558 0.00387916 0.0318897
internal_weight=2350.15 2281.5 2089.26 284.701 1804.56 192.233 93.8556 98.3772
internal_count=14029 11712 10645 1285 9360 1067 424 643
cat_boundaries=0 1 2
cat_threshold=16 7
is_linear=0
shrinkage=0.05


Tree=66
num_leaves=9
num_cat=2
split_feature=0 38 26 5 34 20 0 37
split_gain=60.6792 26.6718 48.8231 93.0256 49.8646 37.4244 17.1974 14.5761
threshold=0 6.4910715000000012 14.950000000000001 -0.24372464231556021 20.350000000000005 31.850000000000005 1 65.500000000000014
decision_type=1 2 2 2 2 2 1 2
left_child=-1 5 3 -3 -4 7 -7 -2
right_child=1 2 4 -5 -6 6 -8 -9
leaf_value=-0.044153440304106131 0.0036152545520505876 -0.054601192725853689 -0.0421409111962011 0.0055951190385962399 0.0034927460802714563 -0.001575072955854047 0.037777671572207482 -0.035940660334550366
leaf_weight=65.971171978861094 149.73887817561626 115.72352403402328 61.164355978369713 142.20552521198988 1617.5023411363363 42.547478690743446 129.74833457171917 26.550795741379261
leaf_count=2323 812 550 286 745 8247 200 773 138
internal_value=-0.000488748 0.000979423 -0.0013102 -0.0215194 0.00180593 0.013695 0.0301958 -0.00251134
internal_weight=2351.15 2285.18 1936.6 257.929 1678.67 348.585 172.296 176.29
internal_count=14074 11751 9828 1295 8533 1923 973 950
cat_boundaries=0 1 2
cat_threshold=16 32
is_linear=0
shrinkage=0.05


Tree=67
num_leaves=15
num_cat=0
split_feature=39 44 2 39 44 39 44 37 2 23 4 2 4 12
split_gain=28.9894 62.5213 39.5508 33.2653 55.9535 41.763 28.9178 20.848 11.2933 4.70252 1.39857 1.10667 0.190874 0.00425287
threshold=25.250000000000004 48.050000000000004 7.5000000000000009 23.550000000000004 39.800000000000004 20.000000000000004 52.000000000000007 25.500000000000004 2.5000000000000004 95.500000000000014 0.91248814248966259 8.5000000000000018 -0.95244167294248061 69.500000000000014
decision_type=2 2 2 2 2 2 2 2 2 2 2 2 2 2
left_child=1 3 -3 5 -5 -1 7 10 -9 -4 -2 13 -13 -8
right_child=6 2 9 4 -6 -7 11 8 -10 -11 -12 12 -14 -15
leaf_value=-0.0043267777464817275 -0.014169670091446577 -0.091081398878104125 -0.027429232234094388 -0.077344759899527965 -0.0079049952409343625 0.011156780717607968 -0.021012474059813907 0.066084909702317299 0.023377468025708229 0.010824319396461494 -0.050713272623842856 -0.01804685402211929 -0.0038338871957231411 -0.037970502852814524
leaf_weight=1027.7537860628217 5.3928200639784318 30.022374209016562 17.214024726301432 32.529582254588604 217.63964197784662 754.26461449079216 4.6625801473855999 16.382271263748407 183.13054566271603 13.619795251637699 7.1570283640176058 10.798869282007216 3.7556967828422776 13.485198147594927
leaf_count=6234 33 162 86 173 1260 4588 23 93 1118 83 42 63 21 66
internal_value=0.000228894 -0.00167783 -0.0511979 -0.000170447 -0.0172063 0.00222944 0.0164743 0.0232277 0.0271963 -0.0107228 -0.0372147 -0.0267091 -0.0148616 -0.0349385
internal_weight=2337.81 2093.04 60.8562 2032.19 250.169 1782.02 244.765 212.063 199.513 30.8338 12.5498 32.7023 14.5546 18.1478
internal_count=14045 12586 331 12255 1433 10822 1459 1286 1211 169 75 173 84 89
is_linear=0
shrinkage=0.05


Tree=68
num_leaves=7
num_cat=2
split_feature=0 22 0 38 5 12
split_gain=58.9811 26.1498 24.683 20.9407 15.9062 2.67691
threshold=0 55.000000000000007 1 11.053273500000001 -0.97111920233974802 35.500000000000007
decision_type=1 2 1 2 2 2
left_child=-1 5 3 -3 -4 -2
right_child=1 2 4 -5 -6 -7
leaf_value=-0.043909530706383385 -0.090855381648033112 0.0055045568730366611 -0.01855024076662334 0.028777226381624194 -0.00050344081031968903 -0.034806483800215032
leaf_weight=64.025505304336548 6.4368501380085927 618.40582232922316 132.81703355908394 113.74761920422316 1394.8180688172579 5.7576568424701691
leaf_count=2347 29 3907 605 764 6380 29
internal_value=-0.000290371 0.00114575 0.00155991 0.00903134 -0.00207005 -0.0690354
internal_weight=2336.01 2271.98 2259.79 732.153 1527.64 12.1945
internal_count=14061 11714 11656 4671 6985 58
cat_boundaries=0 1 2
cat_threshold=16 3
is_linear=0
shrinkage=0.05


Tree=69
num_leaves=9
num_cat=2
split_feature=0 36 32 37 34 4 0 4
split_gain=58.5521 26.8252 89.8616 68.0902 48.8922 45.6098 28.5213 22.0346
threshold=0 96.500000000000014 26.738393000000006 46.500000000000007 24.550000000000004 0.9550229469509578 1 0.40614137006726808
decision_type=1 2 2 2 2 2 1 2
left_child=-1 2 7 6 -5 -4 -3 -2
right_child=1 3 5 4 -6 -7 -8 -9
leaf_value=-0.043646228998371367 -0.024733637008256863 0.044816289011430185 0.0074737827194485996 0.0052189294395974016 -0.020859592737182603 -0.022858594586037662 0.0086291840164726876 -0.085588258959143806
leaf_weight=61.995873609557748 25.52486689388752 127.33762895315886 468.4296410754323 1099.9046709313989 213.79485706239939 167.38887605071068 120.1459883004427 38.710149675607681
leaf_count=2370 126 801 2381 5769 1028 858 536 183
internal_value=0.000436695 0.00184883 -0.00626984 0.00550286 0.000962205 -0.000535031 0.0295048 -0.0621565
internal_weight=2323.23 2261.24 700.054 1561.18 1313.7 635.819 247.484 64.235
internal_count=14052 11682 3548 8134 6797 3239 1337 309
cat_boundaries=0 1 2
cat_threshold=16 7
is_linear=0
shrinkage=0.05


Tree=70
num_leaves=15
num_cat=1
split_feature=43 5 34 44 39 39 37 32 31 5 1 5 4 5
split_gain=26.1616 57.5404 68.0366 88.022 62.7545 43.0351 54.0191 40.0531 30.5281 28.6786 24.5607 18.482 13.4942 8.60186
threshold=18.650000000000002 0.31595530242620651 23.650000000000002 41.600000000000001 17.250000000000004 18.850000000000005 63.500000000000007 29.595238000000005 37.600000000000001 -0.39036009226888668 0 -0.58481178939031186 0.3261394409934788 0.63089349388778826
decision_type=2 2 2 2 2 2 2 2 2 2 1 2 2 2
left_child=1 4 3 -3 -1 6 8 -6 -2 -8 12 -12 -7 -4
right_child=5 2 13 -5 7 10 9 -9 -10 -11 11 -13 -14 -15
leaf_value=-0.059876017505008261 0.012952461539655442 0.0070326862431581739 0.037848478181102242 -0.053891856604199352 -0.014614482423043843 -0.0016769932480132949 -0.060637380298104449 0.015920312054320256 -0.065668164938503415 -0.010528943904592421 0.040557351212435665 0.01279819786063319 0.026170851582924592 0.075801814596445999
leaf_weight=65.654131339862943 196.42842737771571 593.0898154322058 46.054888075217605 64.857551718130708 600.27034294605255 180.73703565821052 54.085247796028852 129.88281068950891 12.182800689712165 60.353911256417632 128.90844015590847 113.82159469649196 56.247090546414256 25.099266400560737
leaf_count=373 1223 3677 288 375 3461 1098 317 888 74 376 761 684 338 147
internal_value=-0.000287457 -0.00413285 0.00601038 0.000954343 -0.0134217 0.0070132 -0.00708138 -0.00916848 0.00806967 -0.0345309 0.0164998 0.0276464 0.00501476 0.0521013
internal_weight=2327.67 1524.91 729.102 657.947 795.807 802.765 323.05 730.153 208.611 114.439 479.714 242.73 236.984 71.1542
internal_count=14080 9209 4487 4052 4722 4871 1990 4349 1297 693 2881 1445 1436 435
cat_boundaries=0 1
cat_threshold=1
is_linear=0
shrinkage=0.05


Tree=71
num_leaves=7
num_cat=1
split_feature=0 22 5 34 44 12
split_gain=54.2918 23.8827 23.8815 53.3016 52.5459 1.14655
threshold=0 55.000000000000007 0.90438663683299525 21.050000000000004 38.70000000000001 35.500000000000007
decision_type=1 2 2 2 2 2
left_child=-1 5 3 -3 -4 -2
right_child=1 2 4 -5 -6 -7
leaf_value=-0.043258978067060541 -0.086165051507136936 -0.038952859185255741 0.025195623521458661 0.0017254276314052032 -0.040733929073087149 -0.039226119249132232
leaf_weight=58.915266968309879 5.7308693379163724 83.066264405846596 220.52442942559719 1913.1431145742536 34.077179692685604 5.3693718239665031
leaf_count=2344 26 405 1219 9870 171 27
internal_value=0.000140594 0.00147428 0.0018566 1.40667e-05 0.0162464 -0.0685781
internal_weight=2320.83 2261.91 2250.81 1996.21 254.602 11.1002
internal_count=14062 11718 11665 10275 1390 53
cat_boundaries=0 1
cat_threshold=16
is_linear=0
shrinkage=0.05


Tree=72
num_leaves=9
num_cat=3
split_feature=0 0 33 36 39 44 1 34
split_gain=49.6312 25.1186 21.7947 30.9231 15.2659 36.3201 23.7187 2.34648
threshold=0 1 36.750000000000007 89.500000000000014 25.250000000000004 48.050000000000004 2 23.150000000000002
decision_type=1 1 2 2 2 2 1 2
left_child=-1 2 3 -2 5 -3 -6 -4
right_child=1 4 7 -5 6 -7 -8 -9
leaf_value=-0.042888874247688877 -0.039107661784025229 -0.0033101116332569709 0.010447712489264479 0.0087921821184665568 -0.0076656049005047501 -0.053341489355621864 0.030012451185362877 0.049213196692137272
leaf_weight=56.22817587479949 34.547820255160332 1332.3938717469573 5.1052754372358313 651.64967782050371 82.181420102715492 36.298181146383286 83.263357996940613 33.529357545077801
leaf_count=2331 198 6135 34 4102 372 165 367 340
internal_value=-0.000554418 0.000704503 0.00830503 0.00632718 -0.00292007 -0.00467494 0.011363 0.0444835
internal_weight=2315.2 2258.97 724.832 686.197 1534.14 1368.69 165.445 38.6346
internal_count=14044 11713 4674 4300 7039 6300 739 374
cat_boundaries=0 1 2 3
cat_threshold=16 3 1
is_linear=0
shrinkage=0.05


Tree=73
num_leaves=9
num_cat=1
split_feature=0 43 39 5 38 37 36 5
split_gain=46.3387 25.3112 52.4182 51.6132 68.0889 47.7967 28.2367 26.1642
threshold=0 18.650000000000002 18.850000000000005 -0.8611288361322974 7.7538690000000008 63.500000000000007 96.500000000000014 0.29958852271690523
decision_type=1 2 2 2 2 2 2 2
left_child=-1 3 5 4 -2 -3 -5 -4
right_child=1 2 7 6 -6 -7 -8 -9
leaf_value=-0.042547950517826498 0.011134624855623798 0.0061416033478664742 0.022100153494529418 -0.0073719962007077937 -0.048345946437609782 -0.034678872012776356 0.0075170371755533486 -0.018046047203248719
leaf_weight=53.933286836370826 75.235738210380077 203.64982143044472 419.82433348894119 623.16674829274416 130.91154424846172 109.48779886215925 649.10068968683481 44.168798983097076
leaf_count=2328 398 1082 2168 3211 604 563 3459 235
internal_value=-0.000906905 0.000294454 0.0075957 -0.00354401 -0.0266889 -0.00819613 0.000224208 0.0182479
internal_weight=2309.48 2255.55 777.131 1478.41 206.147 313.138 1272.27 463.993
internal_count=14048 11720 4048 7672 1002 1645 6670 2403
cat_boundaries=0 1
cat_threshold=16
is_linear=0
shrinkage=0.05


Tree=74
num_leaves=9
num_cat=3
split_feature=0 0 1 5 44 44 38 40
split_gain=45.0058 23.223 78.1238 27.0451 49.0192 47.2022 21.1508 15.5329
threshold=0 1 2 0.80798785254895478 41.600000000000001 34.750000000000007 13.849107000000002 123.55000000000003
decision_type=1 1 1 2 2 2 2 2
left_child=-1 2 6 5 -5 -3 -2 -4
right_child=1 3 7 4 -6 -7 -8 -9
leaf_value=-0.042253380751004682 -0.03484233269236419 -0.014895717368769205 0.010537905312685232 0.020458692575115844 -0.084590105860506137 0.0055994196269661982 0.074278505289493341 -0.05811487115025709
leaf_weight=52.098863063380122 200.96591525524855 376.15048547834158 260.32234038412571 298.69678318500519 10.559359356760977 1100.1785380393267 3.6331612467765799 7.5231412053108206
leaf_count=2342 1150 1940 1123 1669 47 5782 18 32
internal_value=-0.000605271 0.000558512 -0.00917241 0.00317359 0.0166108 0.000370963 -0.0325528 0.00840062
internal_weight=2310.13 2258.03 472.445 1785.59 309.256 1476.33 204.599 267.845
internal_count=14103 11761 2323 9438 1716 7722 1168 1155
cat_boundaries=0 1 2 3
cat_threshold=16 32 1
is_linear=0
shrinkage=0.05


Tree=75
num_leaves=9
num_cat=1
split_feature=0 6 5 44 40 39 6 32
split_gain=43.5523 27.7106 60.0594 33.5095 31.8734 30.9996 29.6472 19.4966
threshold=0 2.5000000000000004 -0.83375966452616657 47.70000000000001 77.300000000000011 20.000000000000004 1.5000000000000002 27.574405000000002
decision_type=1 2 2 2 2 2 2 2
left_child=-1 2 7 5 -5 -3 -4 -2
right_child=1 3 6 4 -6 -7 -8 -9
leaf_value=-0.041906307277447895 -0.021826823904489347 -0.00084668164626136805 0.0019756237525869812 -0.040747615086034777 0.010620378438151973 0.013120262752240281 -0.034792676013085465 -0.079907117914741699
leaf_weight=50.001959534361959 26.151156567037106 813.8685628734529 406.56330176442862 76.475980378687382 48.924920380115509 774.92095378041267 62.354675874114037 34.312064193189144
leaf_count=2342 128 4319 2097 360 248 4106 301 158
internal_value=-0.000220586 0.00090936 -0.00907535 0.00400166 -0.020781 0.00596957 -0.0029773 -0.0555504
internal_weight=2293.57 2243.57 529.381 1714.19 125.401 1588.79 468.918 60.4632
internal_count=14059 11717 2684 9033 608 8425 2398 286
cat_boundaries=0 1
cat_threshold=16
is_linear=0
shrinkage=0.05


Tree=76
num_leaves=9
num_cat=1
split_feature=0 43 40 2 39 22 44 32
split_gain=41.7314 22.5076 62.2142 62.6509 46.8567 45.2327 36.6964 23.5057
threshold=0 18.650000000000002 14.050000000000002 4.5000000000000009 18.750000000000004 83.444444500000017 38.70000000000001 26.396428500000003
decision_type=1 2 2 2 2 2 2 2
left_child=-1 2 6 -4 5 -3 -2 -6
right_child=1 4 3 -5 7 -7 -8 -9
leaf_value=-0.041640429489663559 0.016201030839929773 0.030826250552307782 -0.054504787935758629 -0.0082337596604818274 -0.0051473899585704848 -0.018099483579667976 -0.0054178363300819189 0.022730071323069798
leaf_weight=48.521503169089556 444.38144641369581 58.363144874572754 82.398561887443066 600.66522041708231 93.582346029579639 231.00652378425002 350.2745577916503 385.79857160896063
leaf_count=2363 2427 313 394 3057 499 1210 1826 2012
internal_value=-0.000317835 0.000774652 -0.00283157 -0.013887 0.0077114 -0.00815944 0.00667687 0.0172886
internal_weight=2294.99 2246.47 1477.72 683.064 768.751 289.37 794.656 479.381
internal_count=14101 11738 7704 3451 4034 1523 4253 2511
cat_boundaries=0 1
cat_threshold=16
is_linear=0
shrinkage=0.05


Tree=77
num_leaves=9
num_cat=3
split_feature=0 38 44 2 44 20 0 0
split_gain=38.7724 29.5272 36.2414 56.35 45.0709 30.9958 18.6812 14.3086
threshold=0 6.4910715000000012 34.400000000000013 10.500000000000002 38.350000000000009 31.950000000000003 1 2
decision_type=1 2 2 2 2 2 1 1
left_child=-1 5 3 -3 -4 7 -7 -2
right_child=1 2 4 -5 -6 6 -8 -9
leaf_value=-0.041209116082975755 0.011443844881856119 -0.023016316716380644 0.014468671839169387 0.024307473484501126 -0.004242418557061531 -0.0040159616229753928 0.038188101107290373 -0.015322559680757054
leaf_weight=46.125839634798467 105.43332398682833 354.70247983187437 474.95154551789165 75.558933019638062 993.0359693467617 38.122607573866844 119.80155365169048 76.415816374123096
leaf_count=2337 589 1767 2530 416 5079 181 749 397
internal_value=-0.000533901 0.000504247 -0.00192536 -0.0146686 0.00181708 0.0140586 0.0301892 -3.82237e-05
internal_weight=2284.15 2238.02 1898.25 430.261 1467.99 339.773 157.924 181.849
internal_count=14045 11708 9792 2183 7609 1916 930 986
cat_boundaries=0 1 2 3
cat_threshold=16 32 38
is_linear=0
shrinkage=0.05


Tree=78
num_leaves=13
num_cat=2
split_feature=0 5 34 43 0 42 37 44 38 20 19 32
split_gain=37.2706 24.5091 25.9934 34.471 19.6457 16.4248 24.7357 12.4365 9.94463 8.89074 2.54339 1.8119
threshold=0 0.99349222267034765 25.150000000000002 43.800000000000004 1 6.5000000000000009 44.500000000000007 38.70000000000001 7.4860120000000014 33.350000000000001 28.070138500000002 26.804464500000005
decision_type=1 2 2 2 1 2 2 2 2 2 2 2
left_child=4 2 3 -2 5 7 -7 -1 -4 11 -11 -3
right_child=1 9 8 -5 -6 6 -8 -9 -10 10 -12 -13
leaf_value=-0.009522416528352293 0.0012354170218156777 0.036998371746946999 0.052772119649346652 -0.062239749778285149 -0.040854426264017377 0.055468001322513664 -0.0046299430517173562 -0.035183806620143636 0.016716139860878207 -0.032398507465297759 0.015502775025550955 0.065639353137313991
leaf_weight=123.69413650035858 1558.2574290707707 17.314401067793369 22.458294741809368 20.686289846897125 44.320139667019248 17.351055309176445 254.58073721081018 76.479189656674862 115.45377065241337 3.1479834765195829 7.3492008075118065 15.733744718134401
leaf_count=605 8166 94 132 102 2338 86 1264 387 692 20 50 98
internal_value=-0.000354142 0.00312308 0.00218947 0.00036494 -0.0120186 -0.00844295 -0.000606114 -0.0194529 0.0229253 0.0397582 -0.000430774 0.0521613
internal_weight=2276.83 1760.4 1716.86 1578.94 516.425 472.105 271.932 200.173 137.912 43.5453 10.4972 33.0481
internal_count=14034 9354 9092 8268 4680 2342 1350 992 824 262 70 192
cat_boundaries=0 1 2
cat_threshold=48 32
is_linear=0
shrinkage=0.05


Tree=79
num_leaves=8
num_cat=1
split_feature=0 21 36 32 37 8 24
split_gain=36.4861 22.7876 26.4678 67.181 53.3936 6.1007 7.23344
threshold=0 26.050000000000004 96.500000000000014 26.738393000000006 45.500000000000007 33.250000000000007 46.500000000000007
decision_type=1 2 2 2 2 2 2
left_child=-1 2 3 -2 -4 -3 -7
right_child=1 5 4 -5 -6 6 -8
leaf_value=-0.040500568134557276 -0.055771514091658841 -0.030346938006654563 0.026317091874938327 -0.0027628759774154469 -0.00011738234560295172 0.018786059984791114 0.051038746272779906
leaf_weight=42.616134130395949 65.887175720185041 3.7746381834149352 223.27765759825706 563.05598878860474 1288.2958563193679 58.282458253204823 25.229857191443443
leaf_count=2338 321 20 1259 2812 6754 364 153
internal_value=0.000263369 0.00123714 0.000215819 -0.0083957 0.00380213 0.0261367 0.0290185
internal_weight=2270.42 2227.8 2140.52 628.943 1511.57 87.287 83.5123
internal_count=14021 11683 11146 3133 8013 537 517
cat_boundaries=0 1
cat_threshold=16
is_linear=0
shrinkage=0.05


Tree=80
num_leaves=9
num_cat=2
split_feature=0 34 34 26 36 0 4 25
split_gain=34.4037 21.0837 46.5073 48.0545 42.193 12.0906 7.71457 5.75819
threshold=0 25.250000000000004 24.550000000000004 17.750000000000004 96.500000000000014 1 0.98522604642031408 7.6166665000000009
decision_type=1 2 2 2 2 1 2 2
left_child=-1 2 4 -4 -2 7 -7 -3
right_child=1 5 3 -5 -6 6 -8 -9
leaf_value=-0.040218234452947428 -0.01030985494650118 0.060759316242053468 -0.048435188083934835 -0.0054329730532159037 0.0071839095706509384 -0.0039743593175587183 0.038677169315882207 0.026928526270330974
leaf_weight=41.353113939985633 467.15106071904302 16.690326571464539 92.310867197811604 214.8836857676506 1306.1691750660539 68.249460019171238 11.523482009768484 58.608192831277847
leaf_count=2360 2376 114 454 979 7015 314 52 437
internal_value=-0.000151361 0.000783749 -0.000542107 -0.0184702 0.00257226 0.0185118 0.00230411 0.0310551
internal_weight=2276.94 2235.59 2080.51 307.195 1773.32 155.071 79.7729 75.2985
internal_count=14101 11741 10824 1433 9391 917 366 551
cat_boundaries=0 1 2
cat_threshold=16 7
is_linear=0
shrinkage=0.05


Tree=81
num_leaves=14
num_cat=3
split_feature=0 1 40 43 39 2 44 39 34 44 0 39 5
split_gain=34.0937 72.5597 26.2279 60.1599 45.2406 37.0066 31.9956 60.0433 25.6167 23.4359 19.2095 19.1216 17.9595
threshold=0 1 14.050000000000002 18.650000000000002 18.850000000000005 2.5000000000000004 45.20000000000001 26.250000000000004 20.350000000000005 52.750000000000007 2 15.850000000000003 -0.52765736634565841
decision_type=1 1 2 2 2 2 2 2 2 2 1 2 2
left_child=1 9 6 5 -5 -4 8 -8 -2 11 12 -1 -3
right_child=2 10 3 4 -6 -7 7 -9 -10 -11 -12 -13 -14
leaf_value=0.0060893296111720202 -0.011261599754613973 0.027224665278439419 -0.0658061444255819 -0.0064975402729561538 0.021621651640020223 -0.0096953636511931101 -0.08996158365455123 0.010650623229852316 0.020191497789624216 0.088151167188149693 -0.032731218711201278 -0.040417274946418343 4.0326303719849922e-05
leaf_weight=24.730840447358787 74.234623923897743 91.839725658297539 30.250103801488876 241.30875018984079 348.93549275398254 506.79423809051514 20.329664923250675 48.079724743962288 476.32112720608711 3.0048846807330838 19.834841769188643 189.38647997006774 175.82500506937504
leaf_count=237 379 402 143 1300 1885 2596 97 268 2673 31 1173 2040 759
internal_value=0.000331606 -0.0109766 0.00364576 -0.000875597 0.0101342 -0.0129723 0.0119272 -0.0201143 0.0159378 -0.0329411 0.00528735 -0.0350424 0.00909574
internal_weight=2250.88 504.622 1746.25 1127.29 590.244 537.044 618.965 68.4094 550.556 217.122 287.5 214.117 267.665
internal_count=13983 4642 9341 5924 3185 2739 3417 365 3052 2308 2334 2277 1161
cat_boundaries=0 1 2 3
cat_threshold=48 1 32
is_linear=0
shrinkage=0.05


Tree=82
num_leaves=9
num_cat=1
split_feature=0 34 34 39 36 25 36 33
split_gain=30.6142 21.3639 40.7978 55.9146 37.607 17.1982 22.949 1.44398
threshold=0 25.150000000000002 24.550000000000004 19.150000000000002 96.500000000000014 7.3743055000000011 97.500000000000014 35.600000000000009
decision_type=1 2 2 2 2 2 2 2
left_child=-1 2 4 -4 -2 7 -7 -3
right_child=1 5 3 -5 -6 6 -8 -9
leaf_value=-0.03945413474411074 -0.010362364082457047 0.048605906919117842 -0.053034294363867057 -0.0041665217265304238 0.0062291579294376084 0.014493016591285377 -0.056604062196635621 0.018237296822728021
leaf_weight=38.077100604772568 463.63567803055048 35.566136233508587 82.361762885004282 197.2071130797267 1288.2941132560372 128.24254319816828 11.459091581404207 6.2120799943804732
leaf_count=2331 2359 204 411 883 6961 769 59 36
internal_value=-0.000395164 0.000470492 -0.000998955 -0.0187008 0.00183492 0.0168607 0.00830039 0.0446222
internal_weight=2251.06 2212.98 2031.5 279.569 1751.93 181.48 139.702 41.7782
internal_count=14013 11682 10614 1294 9320 1068 828 240
cat_boundaries=0 1
cat_threshold=16
is_linear=0
shrinkage=0.05


Tree=83
num_leaves=9
num_cat=1
split_feature=0 39 44 4 44 5 21 33
split_gain=29.707 22.3328 47.3275 32.9497 28.0517 27.6943 21.0048 0.910131
threshold=0 25.250000000000004 48.050000000000004 -0.51297808981038739 52.000000000000007 0.91511078773075505 24.350000000000005 31.350000000000005
decision_type=1 2 2 2 2 2 2 2
left_child=-1 2 5 -4 6 -2 -3 -6
right_child=1 4 3 -5 7 -7 -8 -9
leaf_value=-0.039143866056760054 -0.0018517016688788469 0.0016282984564552315 -0.0041683156894695376 -0.080083646040024895 -0.01418097726436404 0.017124328543741043 0.034856246972387719 -0.033550067686127144
leaf_weight=36.882895179092884 1713.2689822129905 76.86178133636713 26.347484707832336 30.543719954788685 11.581194296479223 215.56385603547096 124.19747251272202 20.895415067672729
leaf_count=2348 9034 415 125 141 57 1229 656 90
internal_value=-0.000178352 0.000659904 -0.00106 -0.045605 0.0152543 0.000276809 0.0222247 -0.027273
internal_weight=2256.14 2219.26 1985.72 56.8912 233.536 1928.83 201.059 32.4766
internal_count=14095 11747 10529 266 1218 10263 1071 147
cat_boundaries=0 1
cat_threshold=16
is_linear=0
shrinkage=0.05


Tree=84
num_leaves=15
num_cat=0
split_feature=39 39 5 4 39 44 39 5 37 2 5 22 22 6
split_gain=18.4893 35.3228 51.0663 69.7597 40.5581 31.2674 29.2661 23.5445 17.9306 11.8243 4.02929 1.90454 0.749781 0.326872
threshold=25.250000000000004 23.550000000000004 -0.90161545992537195 0.9550229469509578 24.800000000000001 52.000000000000007 23.250000000000004 0.91852788691372023 25.500000000000004 2.5000000000000004 0.41202506375868281 83.729166500000005 83.576388500000022 2.5000000000000004
decision_type=2 2 2 2 2 2 2 2 2 2 2 2 2 2
left_child=1 6 4 -4 -3 8 7 -1 10 -10 -2 -8 -7 -14
right_child=5 2 3 -5 -6 12 11 -9 9 -11 -12 -13 13 -15
leaf_value=-0.0024675213802671228 -0.059346528766312981 -0.012527610947020871 0.012366402435584492 -0.046234938473625323 -0.0996807544409547 -0.0088945485722485736 0.025205866883313634 0.015371512634337385 0.063951578779016929 0.019923648678071375 -0.0011004795054354161 0.050834834625333808 -0.016276654912723239 -0.037105528623172429
leaf_weight=1483.3655264917761 6.9681170731782895 24.135715441778302 147.16294868011028 76.309418082237244 29.797299744561315 4.0886480184271923 14.777759465388952 210.29279514867812 16.042535165324807 175.67958827875555 4.7939616469666362 25.63556019961834 4.5270362524315741 24.329590161330998
leaf_count=9300 42 138 873 460 156 24 90 1427 100 1119 29 156 22 131
internal_value=-0.000326558 -0.00188328 -0.0184154 -0.0077611 -0.0616167 0.0128697 0.000770511 -0.000244777 0.0202008 0.0239204 -0.0375531 0.0422981 -0.0316713 -0.0344925
internal_weight=2247.91 2011.48 277.405 223.472 53.933 236.429 1734.07 1693.66 203.484 191.722 11.7621 40.4133 32.9453 28.8566
internal_count=14067 12600 1627 1333 294 1467 10973 10727 1290 1219 71 246 177 153
is_linear=0
shrinkage=0.05


Tree=85
num_leaves=9
num_cat=4
split_feature=0 0 1 0 4 23 43 44
split_gain=28.6335 19.2396 37.3471 55.1336 31.0331 15.8359 14.9731 11.2728
threshold=0 1 2 3 0.074116354202380164 88.500000000000014 26.650000000000002 38.350000000000009
decision_type=1 1 1 1 2 2 2 2
left_child=-1 2 3 -2 -4 7 -7 -3
right_child=1 5 4 -5 -6 6 -8 -9
leaf_value=-0.038753154455236666 0.019593961621246121 0.030914644895415275 0.027371584714003784 -0.012841269496677502 0.0040040572568005367 -0.0096954831413572241 0.0057353270852936863 -0.0011233692841422442
leaf_weight=35.41816293541342 175.40583653002977 50.326666839420795 255.36538431048393 432.37359032779932 319.6429815068841 709.37216838076711 201.15848574414849 58.891995918005705
leaf_count=2338 1154 227 1621 2325 1881 3264 916 277
internal_value=0.000112824 0.000926778 0.00524377 -0.00335269 0.0144112 -0.00408294 -0.00628389 0.0137859
internal_weight=2237.96 2202.54 1182.79 607.779 575.008 1019.75 910.531 109.219
internal_count=14003 11665 6981 3479 3502 4684 4180 504
cat_boundaries=0 1 2 3 4
cat_threshold=16 7 1 1
is_linear=0
shrinkage=0.05


Tree=86
num_leaves=9
num_cat=2
split_feature=0 0 32 36 5 38 36 4
split_gain=27.3849 20.0982 19.1595 23.9374 12.9454 36.3945 16.721 7.10553
threshold=0 1 29.217262000000002 89.500000000000014 -0.97874870457683605 7.7538690000000008 96.500000000000014 0.98213580174693116
decision_type=1 1 2 2 2 2 2 2
left_child=-1 2 3 -2 5 -3 -6 -4
right_child=1 4 7 -5 6 -7 -8 -9
leaf_value=-0.038490707547843797 -0.034585677847093134 0.0090759414130700822 0.050180205122833069 0.0076680761672034553 -0.0089696721875113811 -0.047405827796817838 0.0026125083053204108 0.010140815759316357
leaf_weight=34.51200622972101 34.456992149353027 57.326126903295517 33.454187072813511 617.58758123964071 467.02014936134219 55.234568133950233 931.5846154242754 17.224683776497841
leaf_count=2366 193 269 331 4013 2164 258 4383 135
internal_value=-9.73901e-05 0.000688897 0.00760912 0.00538565 -0.00256088 -0.0188136 -0.00125864 0.0370312
internal_weight=2248.4 2213.89 702.723 652.045 1511.17 112.561 1398.6 50.6789
internal_count=14112 11746 4672 4206 7074 527 6547 466
cat_boundaries=0 1 2
cat_threshold=16 3
is_linear=0
shrinkage=0.05


Tree=87
num_leaves=9
num_cat=2
split_feature=0 6 40 39 6 20 0 15
split_gain=25.643 18.8194 51.0868 35.3306 24.595 32.6963 29.9872 17.4264
threshold=0 27.000000000000004 41.050000000000004 18.850000000000005 2.5000000000000004 33.550000000000004 1 7.3500000000000005
decision_type=1 2 2 2 2 2 1 2
left_child=-1 4 7 -4 5 -2 -6 -3
right_child=1 2 3 -5 6 -7 -8 -9
leaf_value=-0.038015885927528026 -0.021867574039962635 -0.087149088964480259 -0.023713262286037349 0.011819161376572167 0.012915927377712619 0.0036050052130408082 -0.0018122299452523396 -0.0003387365522926873
leaf_weight=32.889738713391125 211.79697529226542 25.81712257117033 123.16079699248075 159.31070148944855 718.76172614842653 308.20108350366354 657.86656254529953 7.3796789869666091
leaf_count=2340 1068 118 627 821 4468 1610 2998 38
internal_value=-0.000170612 0.000578098 -0.0107035 -0.00370238 0.00246346 -0.00679212 0.00596199 -0.0684253
internal_weight=2245.18 2212.29 315.668 282.471 1896.63 519.998 1376.63 33.1968
internal_count=14088 11748 1604 1448 10144 2678 7466 156
cat_boundaries=0 1 2
cat_threshold=16 7
is_linear=0
shrinkage=0.05


Tree=88
num_leaves=15
num_cat=3
split_feature=0 1 40 10 43 36 34 19 37 39 31 44 0 42
split_gain=27.069 72.8464 25.1728 58.8933 36.6381 28.678 44.2657 20.934 20.8391 32.1643 19.2541 17.7255 15.4926 7.20798
threshold=0 1 14.050000000000002 73.479166500000005 18.950000000000003 96.500000000000014 21.050000000000004 29.490277500000001 55.500000000000007 15.850000000000003 35.800000000000004 52.000000000000007 2 6.5000000000000009
decision_type=1 1 2 2 2 2 2 2 2 2 2 2 1 2
left_child=1 8 5 7 -5 6 -2 -4 13 -10 -7 12 -3 -1
right_child=2 11 3 4 -6 10 -8 -9 9 -11 -12 -13 -14 -15
leaf_value=-0.055853965190460819 -0.033257148925463213 0.010574812839065993 -0.085051939127391646 -0.0091170772445962282 0.0091150782557732814 0.03465595060866599 0.010608185092389047 0.017297840295530411 0.045603302413011866 -0.028589124520966343 -0.0027491833003582791 -0.084577986339888625 -0.029848619699173191 -0.022744670876645112
leaf_weight=80.278500935062766 68.193219676613808 265.2800131291151 26.81402114033699 538.99583546072245 561.66213150322437 154.08348613232374 339.8868834041059 5.7210159227251998 16.313589687459171 94.759859090670943 44.031095795333385 4.3260776093229643 15.740586273372172 23.094683830626309
leaf_count=891 323 1158 125 2778 3073 949 1848 34 163 1020 259 32 1155 294
internal_value=-0.000375406 -0.0104992 0.00258339 -0.00180203 0.00018656 0.0108133 0.00321458 -0.0670754 -0.0326572 -0.0173827 0.0263706 0.00584247 0.00752938 -0.0487458
internal_weight=2239.18 499.793 1739.39 1133.19 1100.66 606.195 408.08 32.535 214.447 111.073 198.115 285.347 281.021 103.373
internal_count=14102 4713 9389 6010 5851 3379 2171 159 2368 1183 1208 2345 2313 1185
cat_boundaries=0 1 2 3
cat_threshold=48 1 32
is_linear=0
shrinkage=0.05


Tree=89
num_leaves=8
num_cat=2
split_feature=0 35 0 43 13 36 13
split_gain=23.0253 19.7876 19.6229 21.0808 18.3434 13.1319 1.36967
threshold=0 58.401786000000008 1 1.4500000000000002 11.172917000000002 90.500000000000014 9.1562500000000018
decision_type=1 2 1 2 2 2 2
left_child=-1 4 3 -3 6 -4 -2
right_child=1 2 5 -5 -6 -7 -8
leaf_value=-0.037301537240341763 -0.034844526518333176 0.025076323110243666 0.014609474084301195 0.0032985858971977221 0.031124991160978555 -0.0038678930036665374 -0.08471615328487847
leaf_weight=30.667304685339332 3.9101803973317173 138.09161818400025 102.37176604568958 554.68815161287785 4.8867367357015601 1380.9889224655926 11.007898613810537
leaf_count=2336 22 1061 475 3608 25 6492 53
internal_value=-0.000481983 0.000217759 0.000682415 0.00756045 -0.0483124 -0.00256643 -0.0746545
internal_weight=2226.61 2195.95 2176.14 692.78 19.8048 1483.36 14.9181
internal_count=14072 11736 11636 4669 100 6967 75
cat_boundaries=0 1 2
cat_threshold=16 3
is_linear=0
shrinkage=0.05


Tree=90
num_leaves=9
num_cat=1
split_feature=0 38 39 21 2 37 36 30
split_gain=23.0272 22.5152 34.9176 31.6081 29.0504 27.0687 22.0684 5.70803
threshold=0 6.9169645000000015 20.000000000000004 20.850000000000005 10.500000000000002 65.500000000000014 94.500000000000014 16.150000000000002
decision_type=1 2 2 2 2 2 2 2
left_child=-1 5 4 -4 -3 6 -2 -7
right_child=1 2 3 -5 -6 7 -8 -9
leaf_value=-0.036962140943859828 -0.064972823207494881 -0.016753280074407972 -0.036955649242096898 0.0047182135389625471 0.021195235550905772 0.0013530436716790622 0.015596156472624282 -0.03359457627414076
leaf_weight=29.688493127003312 7.6936879456043235 459.86377081274986 46.446891684085131 1110.9302058778703 55.767545409500599 16.676322892308235 451.28688617795706 37.449578776955605
leaf_count=2342 40 2337 247 5903 313 89 2603 191
internal_value=0.00031238 0.000999683 -0.00180697 0.00301533 -0.0126159 0.0101561 0.0141073 -0.0229979
internal_weight=2215.8 2186.11 1673.01 1157.38 515.631 513.106 458.981 54.1259
internal_count=14065 11723 8800 6150 2650 2923 2643 280
cat_boundaries=0 1
cat_threshold=16
is_linear=0
shrinkage=0.05


Tree=91
num_leaves=14
num_cat=2
split_feature=0 1 44 34 34 39 36 44 39 32 25 34 24
split_gain=21.0131 63.309 26.5994 25.7815 32.8411 36.1575 27.4934 15.6034 15.0436 13.2289 13.1767 13.8233 1.88243
threshold=0 1 52.750000000000007 25.150000000000002 24.550000000000004 18.950000000000003 96.500000000000014 52.000000000000007 15.850000000000003 26.263392500000005 7.3458330000000016 26.050000000000004 54.500000000000007
decision_type=1 1 2 2 2 2 2 2 2 2 2 2 2
left_child=1 2 8 4 6 -6 -2 9 -1 -3 12 -12 -5
right_child=3 7 -4 10 5 -7 -8 -9 -10 -11 11 -13 -14
leaf_value=0.002257279333540578 -0.0086566191119360203 0.0391047832479283 0.095855176183734958 0.019910274994907096 -0.048312824363811534 -0.0046550205825492174 0.0072285502576804926 -0.079605769578063326 -0.038488510079493971 0.0032111109071536782 0.0016041477855149933 0.039967812526108745 0.05736370063728255
leaf_weight=25.793230455368757 374.62777831405401 27.62885420769453 3.1203324096277347 5.4992417693138149 66.605050012469292 159.72990763187408 990.46164058893919 4.3158375238999716 178.92156780511141 250.86883903015405 72.761427983641624 33.731291268020868 24.403060540556908
leaf_count=250 1911 223 31 35 320 707 5596 34 2066 2092 426 238 149
internal_value=-0.000887826 -0.00989606 -0.0309789 0.00172177 -6.23127e-05 -0.0176585 0.00286596 0.00530324 -0.0333687 0.00689918 0.0225123 0.0140145 0.0513429
internal_weight=2218.47 490.649 207.835 1727.82 1591.42 226.335 1365.09 282.814 204.715 278.498 136.395 106.493 29.9023
internal_count=14078 4696 2347 9382 8534 1027 7507 2349 2316 2315 848 664 184
cat_boundaries=0 1 2
cat_threshold=48 1
is_linear=0
shrinkage=0.05


Tree=92
num_leaves=9
num_cat=2
split_feature=0 34 43 43 31 39 1 20
split_gain=21.0832 20.4387 38.5825 23.4535 9.04937 14.6619 6.4335 1.25043
threshold=0 25.250000000000004 43.800000000000004 22.500000000000004 30.800000000000004 19.050000000000004 1 33.350000000000001
decision_type=1 2 2 2 2 2 1 2
left_child=-1 2 3 -2 7 -6 -4 -3
right_child=1 4 6 -5 5 -7 -8 -9
leaf_value=-0.036515139677861158 -0.003280254883173927 0.018576365479837122 -0.031022153272527133 0.0092156356663043847 -0.060014478436995089 0.016206330711490469 -0.085658145331801439 0.050387396675161705
leaf_weight=28.465817138552666 1514.6708054505289 5.5024257227778461 11.643528498709202 498.17194675281644 5.686948984861373 119.41913462430239 12.926328152418137 20.248742997646332
leaf_count=2359 8024 28 67 2696 27 756 66 122
internal_value=-0.000295857 0.000356921 -0.00095993 -0.000184523 0.0180544 0.0122931 -0.0619922 0.0445386
internal_weight=2216.74 2188.27 2037.41 2012.84 150.857 125.106 24.5699 25.7512
internal_count=14145 11786 10853 10720 933 783 133 150
cat_boundaries=0 1 2
cat_threshold=16 1
is_linear=0
shrinkage=0.05


Tree=93
num_leaves=9
num_cat=2
split_feature=0 0 26 5 43 10 34 36
split_gain=20.1696 16.2282 18.4134 46.3811 24.2308 11.3681 10.7263 1.75048
threshold=0 1 14.950000000000001 -0.23537842981696172 18.650000000000002 54.645833500000002 26.050000000000004 94.500000000000014
decision_type=1 1 2 2 2 2 2 2
left_child=-1 2 3 -2 -4 7 -7 -3
right_child=1 5 4 -5 -6 6 -8 -9
leaf_value=-0.036010375869213844 -0.042520770367560627 -0.06948824239839356 0.0040477257825472417 0.017064521376040656 0.026577946639102165 -0.0025933484528954413 0.024637778915557965 -0.023322607184712164
leaf_weight=27.145359695889056 58.515759348869324 5.61482936888933 390.23397541418672 71.507655248045921 171.20449417829514 1436.5579299293458 36.100727826356888 5.1574601903557777
leaf_count=2333 328 29 2595 534 1234 6781 182 28
internal_value=3.45902e-05 0.000663268 0.00692864 -0.00987112 0.0109531 -0.00228667 -0.00190954 -0.0512441
internal_weight=2202.04 2174.89 691.462 130.023 561.438 1483.43 1472.66 10.7723
internal_count=14044 11711 4691 862 3829 7020 6963 57
cat_boundaries=0 1 2
cat_threshold=16 3
is_linear=0
shrinkage=0.05


Tree=94
num_leaves=9
num_cat=3
split_feature=0 39 44 2 39 1 37 0
split_gain=18.8559 17.3184 45.505 25.6635 23.0368 19.9319 25.6667 21.9622
threshold=0 25.250000000000004 48.050000000000004 7.5000000000000009 23.550000000000004 1 25.500000000000004 2
decision_type=1 2 2 2 2 1 2 1
left_child=-1 2 4 -4 -2 7 -7 -3
right_child=1 5 3 -5 -6 6 -8 -9
leaf_value=-0.035652736618033948 0.0021429508897197937 0.022221527137977325 -0.078378062660995715 -0.01171050749591223 -0.014488255372611765 -0.061035306492574985 0.033699070401296966 -0.018791148998972267
leaf_weight=26.270369402132928 1640.8579313345253 45.424429662525654 27.824835442006588 29.748014084994793 237.45631282776594 6.7444132119417182 108.89530424028635 66.640288114547729
leaf_count=2339 8970 243 131 142 1207 32 586 361
internal_value=-0.000392047 0.000216072 -0.00131949 -0.0447188 3.38448e-05 0.0132292 0.027698 -0.00181412
internal_weight=2189.86 2163.59 1935.89 57.5728 1878.31 227.704 115.64 112.065
internal_count=14011 11672 10450 273 10177 1222 618 604
cat_boundaries=0 1 2 3
cat_threshold=16 1 9
is_linear=0
shrinkage=0.05


Tree=95
num_leaves=15
num_cat=0
split_feature=8 36 19 40 20 43 43 42 5 34 22 32 10 43
split_gain=19.4701 41.7757 46.777 56.7666 32.5165 30.8219 28.5021 24.7645 33.6946 22.5337 21.8242 18.7985 15.5299 11.955
threshold=33.150000000000013 94.500000000000014 27.983333000000005 41.550000000000004 33.250000000000007 43.800000000000004 8.0500000000000025 2.5000000000000004 0.50370931781787065 20.950000000000003 63.388889000000006 27.727976000000002 67.020833500000023 10.65
decision_type=2 2 2 2 2 2 2 2 2 2 2 2 2 2
left_child=1 4 5 -4 11 -3 7 9 -9 -2 -6 -1 -8 -14
right_child=6 2 3 -5 10 -7 12 8 -10 -11 -12 -13 13 -15
leaf_value=-0.085590139518209638 -0.038459018657510009 0.0027528003952521545 -0.060916213152731706 0.0040516240831474735 -0.057258069597734718 -0.060970009881981306 -0.054652812243531607 -0.015674800980971997 0.016380060071560957 0.024122522860637548 0.012622375873439893 -0.0082395598950728132 0.063453142798220563 0.024168401039002443
leaf_weight=32.010047610383481 14.969187442678956 1313.9037575810216 67.649497213307768 65.669083179906011 14.877674266695974 18.254938398487866 4.210665635764598 240.4277732456103 123.18305739434436 153.07921228278428 36.85995672782883 10.60718627553433 26.3976807333529 75.138265931978822
leaf_count=187 86 8452 392 408 88 117 23 1573 814 1000 225 55 175 481
internal_value=-7.8256e-05 -0.00308699 -0.000999712 -0.0291229 -0.0351552 0.00183451 0.00727789 0.00253898 -0.0048002 0.0183534 -0.00817713 -0.0669683 0.0308565 0.034901
internal_weight=2197.24 1559.83 1465.48 133.319 94.3549 1332.16 637.406 531.659 363.611 168.048 51.7376 42.6172 105.747 101.536
internal_count=14076 9924 9369 800 555 8569 4152 3473 2387 1086 313 242 679 656
is_linear=0
shrinkage=0.05


Tree=96
num_leaves=9
num_cat=3
split_feature=0 39 39 5 39 1 37 0
split_gain=18.4397 15.7668 37.9113 44.3016 25.984 18.7362 20.543 19.6646
threshold=0 25.250000000000004 23.550000000000004 -0.90161545992537195 23.250000000000004 1 25.500000000000004 2
decision_type=1 2 2 2 2 1 2 1
left_child=-1 2 4 -4 -2 7 -7 -3
right_child=1 5 3 -5 -6 6 -8 -9
leaf_value=-0.035387513103955985 0.00077813397740225481 0.021981483213112871 -0.058974390298069071 -0.0083182895297126361 0.041234349093181633 -0.054196557576943999 0.033081119922604527 -0.017206066287990165
leaf_weight=25.649592011701316 1636.2300566732883 43.02820785343647 52.829905591905117 220.1330052241683 39.677475638687611 6.3221410661935797 103.15745560824871 67.719614624977112
leaf_count=2358 8940 233 248 1119 211 30 564 366
internal_value=-0.000217558 0.000375779 -0.00105789 -0.0183019 0.00175996 0.0130272 0.0275961 -0.00149296
internal_weight=2194.75 2169.1 1948.87 272.963 1675.91 220.227 109.48 110.748
internal_count=14069 11711 10518 1367 9151 1193 594 599
cat_boundaries=0 1 2 3
cat_threshold=16 1 9
is_linear=0
shrinkage=0.05


Tree=97
num_leaves=9
num_cat=2
split_feature=0 34 42 4 35 0 38 4
split_gain=17.911 16.8351 30.978 25.8506 23.1566 13.2101 2.82954 1.88323
threshold=0 20.350000000000005 2.5000000000000004 0.21022171450811272 58.705357000000014 1 6.7669645000000012 0.48314048284850658
decision_type=1 2 2 2 2 1 2 2
left_child=-1 3 5 6 -4 -3 -2 -5
right_child=1 2 4 7 -6 -7 -8 -9
leaf_value=-0.034975049559355979 -0.0087492615802650039 0.030742443255513698 -0.083151397010786818 -0.031742662960926815 4.8756792478043683e-05 0.0035439949752137526 0.015617664362622886 -0.05486149153782463
leaf_weight=24.711120064370334 18.579423919320107 110.55649796873331 7.4008714184164992 22.386423379182816 1859.1098873391747 90.238685563206673 29.859526559710503 25.969580236822367
leaf_count=2352 108 671 34 119 10047 446 167 132
internal_value=0.000149599 0.000724836 0.00168635 -0.0195439 -0.000325487 0.0202965 0.00628347 -0.0450186
internal_weight=2188.81 2164.1 2067.31 96.795 1866.51 200.795 48.439 48.356
internal_count=14076 11724 11198 526 10081 1117 275 251
cat_boundaries=0 1 2
cat_threshold=16 11
is_linear=0
shrinkage=0.05


Tree=98
num_leaves=15
num_cat=3
split_feature=34 5 34 43 39 0 33 26 0 33 0 37 33 13
split_gain=18.63 30.0578 48.7065 41.1383 40.5385 37.2984 29.3651 28.9213 13.1174 10.7232 9.55892 7.28786 0.665339 0.026503
threshold=20.350000000000005 0.36447543099728857 23.650000000000002 18.650000000000002 17.250000000000004 0 32.750000000000007 14.65 1 31.850000000000005 2 55.500000000000007 34.45000000000001 9.7291665000000016
decision_type=2 2 2 2 2 1 2 2 1 2 1 2 2 2
left_child=6 3 5 4 -2 -3 8 -5 9 -1 -4 -10 13 -8
right_child=1 2 10 7 -6 -7 12 -9 11 -11 -12 -13 -14 -15
leaf_value=-0.057511156044168558 -0.048879891190483762 0.021269105061317857 0.060990886464528216 -0.017874697761708271 -0.0073868301117027638 -0.0041143294203559748 -0.058352182418866833 0.010895349117554264 0.014478794755729036 0.016798869242589051 0.0047782959081148638 0.071108605392119092 -0.036988863943635937 -0.029387662236776003
leaf_weight=12.712483510375025 63.144553785677999 217.91275109350681 40.366336204111576 103.23179589351639 724.23978765867651 389.09425147948787 25.432604009285573 540.22503030858934 23.694282643496994 6.9405701905488959 23.352016236633062 6.8129889871925107 17.030013549141586 3.3156067258678368
leaf_count=73 370 1343 212 654 4518 2695 155 3513 173 42 208 46 110 22
internal_value=-7.9396e-06 0.000980133 0.00970586 -0.00311409 -0.0107722 0.00530035 -0.0214388 0.00625911 0.00504074 -0.0213756 0.0509442 0.0219989 -0.0499407 -0.0561118
internal_weight=2197.51 2101.57 670.725 1430.84 787.384 607.007 95.9385 643.457 50.1603 19.6531 63.7184 30.5073 45.7782 28.7482
internal_count=14134 13513 4458 9055 4888 4038 621 4167 334 115 420 219 287 177
cat_boundaries=0 1 2 3
cat_threshold=6 33 42
is_linear=0
shrinkage=0.05


Tree=99
num_leaves=15
num_cat=4
split_feature=44 0 1 19 5 39 2 0 5 4 1 39 22 14
split_gain=16.9622 22.1494 73.2428 29.8028 35.6553 21.9224 27.6219 20.568 17.666 15.5396 18.326 14.9178 2.25797 1.33232
threshold=48.050000000000004 0 1 26.636805500000005 0.88917497572200743 24.950000000000003 7.5000000000000009 2 -0.52765736634565841 -0.35846811432664222 3 16.750000000000004 83.694444500000017 22.750000000000004
decision_type=2 1 1 2 2 2 2 1 2 2 1 2 2 2
left_child=1 2 11 7 -5 6 -2 -3 -4 12 -11 -1 -7 -8
right_child=5 3 8 4 -6 9 13 -9 -10 10 -12 -13 -14 -15
leaf_value=-0.0029959524809854352 -0.074588536060714597 0.0045823195812780505 0.026908243777600944 0.0054674432691803236 0.036052775339279662 -0.0081985562315015689 0.010199273316130948 -0.018257548937955611 -0.00054898410991288205 -0.012799299021543626 0.043477157068979227 -0.038739759909835331 -0.03158749939818771 -0.015693761397444172
leaf_weight=36.225682703312486 27.974563289899379 180.28443733602762 88.194114939775318 1104.0257303453982 103.3642416447401 16.706062894780189 13.689342051744463 202.71582970768213 170.57733196439222 28.76605548709631 27.407555692829192 153.17635880876333 30.378695202525705 6.5142758265137664
leaf_count=373 162 1074 745 5978 680 88 86 1069 1429 186 188 1820 166 33
internal_value=0.000268803 0.00147113 -0.00822874 0.00423313 0.00811351 -0.0158198 -0.0432972 -0.00787864 0.00887651 -0.00270715 0.0149386 -0.0319549 -0.023632 0.00150415
internal_weight=2190 2038.56 448.173 1590.39 1207.39 151.437 48.1782 383 258.771 103.258 56.1736 189.402 47.0848 20.2036
internal_count=14077 13168 4367 8801 6658 909 281 2143 2174 628 374 2193 254 119
cat_boundaries=0 1 2 3 4
cat_threshold=48 1 6 1
is_linear=0
shrinkage=0.05


Tree=100
num_leaves=13
num_cat=2
split_feature=0 44 37 4 32 21 44 0 5 38 10 2
split_gain=19.08 18.7864 43.1042 25.4705 20.1185 20.0625 20.1251 13.747 13.9169 32.5767 9.48654 8.68176
threshold=0 34.750000000000007 65.500000000000014 0.42179998225932674 26.463690500000002 20.950000000000003 47.70000000000001 1 -0.97111920233974802 7.7538690000000008 54.645833500000002 1.5000000000000002
decision_type=1 2 2 2 2 2 2 1 2 2 2 2
left_child=1 2 3 -1 -4 11 -7 -2 9 -9 -10 -3
right_child=7 5 4 -5 -6 6 -8 8 10 -11 -12 -13
leaf_value=0.015285109242899973 -0.03451690322152054 0.0071405412627616408 -0.1331649894205589 -0.01997699305468971 -0.0097318280400673987 0.018620680015754665 -0.014083951391516259 0.006629424351161298 -0.046222501181508467 -0.044353982369057958 -0.00073603847599858685 -0.064250106218288694
leaf_weight=122.74097810685635 23.724656874779612 6.3570709377527264 8.2018122971057874 86.370028663426638 5.4104785919189444 387.54035713151097 52.778776384890079 63.029493533074856 10.561961773782967 60.862589985132217 1341.3677566424012 10.861673936247824
leaf_count=952 2365 29 49 464 35 2796 310 301 58 293 6412 58
internal_value=-0.000189962 0.00669233 -0.00510336 0.000694889 -0.0881275 0.0125789 0.0146775 -0.00333682 -0.00258392 -0.018571 -0.0011253 -0.0389478
internal_weight=2179.81 680.261 222.723 209.111 13.6123 457.538 440.319 1499.55 1475.82 123.892 1351.93 17.2187
internal_count=14122 4693 1500 1416 84 3193 3106 9429 7064 594 6470 87
cat_boundaries=0 1 2
cat_threshold=3 16
is_linear=0
shrinkage=0.05


Tree=101
num_leaves=9
num_cat=2
split_feature=0 32 36 0 5 43 44 4
split_gain=15.5404 15.3675 43.9254 43.0925 30.782 51.8683 34.2159 15.3079
threshold=0 26.643750000000001 96.500000000000014 1 0.31595530242620651 19.050000000000004 45.20000000000001 0.42179998225932674
decision_type=1 2 2 1 2 2 2 2
left_child=-1 2 7 -4 5 -3 -6 -2
right_child=1 4 3 -5 6 -7 -8 -9
leaf_value=-0.03404733255122637 -0.018299490486973265 -0.010348484034097107 0.011307143265390623 -0.019706885464547116 0.015891604491612234 0.011605771444105637 -0.03998996189036591 -0.070445984523881663
leaf_weight=22.760152477771044 25.931965544819832 713.53940474241972 250.46799175441265 185.20745062083006 477.93368189409375 430.51810272783041 28.112365532666445 32.378198511898518
leaf_count=2350 136 3771 1440 973 2723 2367 144 166
internal_value=-0.000389004 0.000142054 -0.00758483 -0.00208434 0.00245928 -0.002084 0.0127145 -0.0479547
internal_weight=2166.85 2144.09 493.986 435.675 1650.1 1144.06 506.046 58.3102
internal_count=14070 11720 2715 2413 9005 6138 2867 302
cat_boundaries=0 1 2
cat_threshold=16 38
is_linear=0
shrinkage=0.05


end of trees

feature_importances:
age_group=213
temperature_min_7d=105
wind_speed_max_7d=68
wind_gust_max_7d=50
gender=49
day_of_year_cos=40
rain_max_daily_7d=39
day_of_year_sin=37
wind_speed_mean_7d=37
humidity_max_7d=29
temperature_max_7d=27
humidity_min_7d=27
month=24
temperature_mean_7d=21
weather_code_current=16
precipitation_sum_7d=16
temperature_min_3d=14
temperature_max_3d=12
humidity_mean_7d=12
temperature_mean_3d=9
humidity_mean_3d=8
wind_speed_max_3d=8
rain_days_7d=8
temperature_max_current=6
wind_speed_mean_3d=6
humidity_min_3d=5
humidity_mean_current=4
humidity_min_current=4
wind_speed_mean_current=4
wind_gust_max_3d=4
temperature_mean_current=3
temperature_min_current=2
wind_gust_max_current=2
humidity_max_3d=2
precipitation_sum_3d=2
rain_max_daily_3d=2
humidity_max_current=1
wind_speed_max_current=1
precipitation_sum_current=1

parameters:
[boosting: gbdt]
[objective: binary]
[metric: binary_logloss]
[tree_learner: serial]
[device_type: cpu]
[data_sample_strategy: bagging]
[data: ]
[valid: ]
[num_iterations: 102]
[learning_rate: 0.05]
[num_leaves: 15]
[num_threads: 8]
[seed: 42]
[deterministic: 0]
[force_col_wise: 0]
[force_row_wise: 0]
[histogram_pool_size: -1]
[max_depth: 4]
[min_data_in_leaf: 20]
[min_sum_hessian_in_leaf: 0.001]
[bagging_fraction: 0.9]
[pos_bagging_fraction: 1]
[neg_bagging_fraction: 1]
[bagging_freq: 1]
[bagging_seed: 400]
[bagging_by_query: 0]
[feature_fraction: 0.9]
[feature_fraction_bynode: 1]
[feature_fraction_seed: 30056]
[extra_trees: 0]
[extra_seed: 12879]
[early_stopping_round: 0]
[early_stopping_min_delta: 0]
[first_metric_only: 0]
[max_delta_step: 0]
[lambda_l1: 0]
[lambda_l2: 1]
[linear_lambda: 0]
[min_gain_to_split: 0]
[drop_rate: 0.1]
[max_drop: 50]
[skip_drop: 0.5]
[xgboost_dart_mode: 0]
[uniform_drop: 0]
[drop_seed: 17869]
[top_rate: 0.2]
[other_rate: 0.1]
[min_data_per_group: 100]
[max_cat_threshold: 32]
[cat_l2: 10]
[cat_smooth: 10]
[max_cat_to_onehot: 4]
[top_k: 20]
[monotone_constraints: ]
[monotone_constraints_method: basic]
[monotone_penalty: 0]
[feature_contri: ]
[forcedsplits_filename: ]
[refit_decay_rate: 0.9]
[cegb_tradeoff: 1]
[cegb_penalty_split: 0]
[cegb_penalty_feature_lazy: ]
[cegb_penalty_feature_coupled: ]
[path_smooth: 0]
[interaction_constraints: ]
[verbosity: -1]
[saved_feature_importance_type: 0]
[use_quantized_grad: 0]
[num_grad_quant_bins: 4]
[quant_train_renew_leaf: 0]
[stochastic_rounding: 1]
[linear_tree: 0]
[max_bin: 255]
[max_bin_by_feature: ]
[min_data_in_bin: 3]
[bin_construct_sample_cnt: 200000]
[data_random_seed: 175]
[is_enable_sparse: 1]
[enable_bundle: 1]
[use_missing: 1]
[zero_as_missing: 0]
[feature_pre_filter: 1]
[pre_partition: 0]
[two_round: 0]
[header: 0]
[label_column: ]
[weight_column: ]
[group_column: ]
[ignore_column: ]
[categorical_feature: 0,1,3]
[forcedbins_filename: ]
[precise_float_parser: 0]
[parser_config_file: ]
[objective_seed: 16083]
[num_class: 1]
[is_unbalance: 0]
[scale_pos_weight: 1]
[sigmoid: 1]
[boost_from_average: 1]
[reg_sqrt: 0]
[alpha: 0.9]
[fair_c: 1]
[poisson_max_delta_step: 0.7]
[tweedie_variance_power: 1.5]
[lambdarank_truncation_level: 30]
[lambdarank_norm: 1]
[label_gain: ]
[lambdarank_position_bias_regularization: 0]
[eval_at: ]
[multi_error_top_k: 1]
[auc_mu_weights: ]
[num_machines: 1]
[local_listen_port: 12400]
[time_out: 120]
[machine_list_filename: ]
[machines: ]
[gpu_platform_id: -1]
[gpu_device_id: -1]
[gpu_device_id_list: ]
[gpu_use_dp: 0]
[num_gpu: 1]

end of parameters

pandas_categorical:[]
