tree
version=v4
num_class=1
num_tree_per_iteration=1
label_index=0
max_feature_idx=44
objective=binary sigmoid:1
feature_names=age_group gender month season day_of_year_sin day_of_year_cos weather_code_current temperature_mean_current temperature_max_current temperature_min_current humidity_mean_current humidity_max_current humidity_min_current wind_speed_mean_current wind_speed_max_current precipitation_sum_current rain_sum_current wind_gust_max_current rain_day_current temperature_mean_3d temperature_max_3d temperature_min_3d humidity_mean_3d humidity_max_3d humidity_min_3d wind_speed_mean_3d wind_speed_max_3d precipitation_sum_3d rain_sum_3d rain_days_3d rain_max_daily_3d wind_gust_max_3d temperature_mean_7d temperature_max_7d temperature_min_7d humidity_mean_7d humidity_max_7d humidity_min_7d wind_speed_mean_7d wind_speed_max_7d precipitation_sum_7d rain_sum_7d rain_days_7d rain_max_daily_7d wind_gust_max_7d
feature_infos=-1:0:1:2:3:4:5 -1:0:1 [1:12] -1:1:0 [-0.99999942202469239:0.99998555065071859] [-0.99997919295908244:0.9999907524084426] [0:61] [23.658332999999999:32.533332999999999] [25.899999999999999:39.200000000000003] [17.899999999999999:29.300000000000001] [48.958333000000003:91.625] [63:100] [23:86] [2.8541669999999999:19.695833] [6.4000000000000004:30.100000000000001] [0:63.100000000000001] [0:63.100000000000001] [14:56.899999999999999] [0:1] [23.766667000000002:32.427778000000004] [27.699999999999999:39.200000000000003] [17.899999999999999:28.100000000000001] [52.569443999999997:90.694444000000004] [73:100] [23:79] [4.125:17.329167000000002] [9.6999999999999993:30.100000000000001] [0:93.900000000000006] [0:93.900000000000006] [0:3] [0:63.100000000000001] [17.300000000000001:56.899999999999999] [24.365476000000001:32.235118999999997] [28.699999999999999:39.200000000000003] [17.899999999999999:27.5] [55.767856999999999:89.523809999999997] [77:100] [23:72] [4.5327380000000002:15.469643] [11.6:30.100000000000001] [0:163.90000000000001] [0:163.90000000000001] [0:7] [0:63.100000000000001] [23:56.899999999999999]
tree_sizes=1656 1680 1693 1726 1693 1716 1741 1701 1698 1703 1696 1718 1710 1732 1696 1595 1733 1732 1725 1528 1722 1709 1541 1415 1717 1509 1419 1525 1418 1417 1509 1524 1521 1522 1410 1508 1406 1524 1528 1746 1372 1528 1505 1519 1529 1521 1112 1543 1513 1115 1105 1009 1115 1115 1115 1111 1114 1655 1107 1112 1100 1259 1022 1018 1096 1129 1743 1749 1652 1098 1748 1738 1093 1126 916 1127 1734 1616 1027 993 1123 1768 1754 1025 1421 1716 1754 1114 1119 1106 905 800 1019 1701 1116 1744 1734 1628 1019 1524 1742

Tree=0
num_leaves=15
num_cat=5
split_feature=0 0 0 2 32 1 34 36 2 34 36 42 0 4
split_gain=3275.26 248.076 141.7 143.262 112.931 100.922 87.9262 58.6545 47.4799 40.6036 37.5083 18.4538 7.83844 14.0253
threshold=0 1 2 9.5000000000000018 26.409821500000003 3 20.350000000000005 96.500000000000014 4.5000000000000009 23.150000000000002 95.500000000000014 4.5000000000000009 4 -0.70291267844185523
decision_type=1 1 1 2 2 1 2 2 2 2 2 2 1 2
left_child=2 4 3 6 10 7 -1 -4 -7 -6 -2 -5 13 -3
right_child=1 12 5 11 9 8 -8 -9 -10 -11 -12 -13 -14 -15
leaf_value=-1.0730650244193971 -1.0822822807963328 -1.0504035809867958 -1.0268266773316856 -0.91612391637285318 -1.0273646418483611 -0.97239948676512988 -0.9291328177675795 -0.97203393631883761 -0.92392754147226686 -1.0538468943384656 -0.98988562276885894 -0.84964586401399467 -1.0862940117918793 -1.0724237773901097
leaf_weight=10.324382856488226 11.103581562638281 96.815439239144325 70.517482906579971 19.479967653751373 194.21527750790119 83.569061234593391 350.24981841444969 156.22934058308601 141.81416451931 575.04864513874054 124.67179298400879 71.686280965805054 454.07804600894451 361.93779900670052
leaf_count=53 57 497 362 100 997 429 1798 802 728 2952 640 368 2331 1858
internal_value=-1.02004 -1.05868 -0.942802 -0.920966 -1.03954 -0.96645 -0.93339 -0.98903 -0.941611 -1.04718 -0.997843 -0.862571 -1.07719 -1.06683
internal_weight=2721.74 1817.87 903.87 451.74 905.039 452.13 360.574 226.747 225.383 769.264 135.775 91.1662 912.831 458.753
internal_count=13972 9332 4640 2319 4646 2321 1851 1164 1157 3949 697 468 4686 2355
cat_boundaries=0 1 2 3 4 5
cat_threshold=6 33 2 1 8
is_linear=0
shrinkage=1


Tree=1
num_leaves=15
num_cat=6
split_feature=0 0 36 8 34 39 21 0 36 1 1 19 0 5
split_gain=2918.62 228.183 117.765 168.158 94.5876 100.565 88.1093 76.0624 71.9276 43.6392 21.958 19.711 10.7689 14.9849
threshold=0 1 96.500000000000014 33.150000000000013 24.150000000000002 18.650000000000002 23.850000000000005 2 95.500000000000014 3 4 26.156250000000004 5 -0.71502926860092908
decision_type=1 1 2 2 2 2 2 1 2 1 1 2 1 2
left_child=2 6 3 10 7 -6 8 -4 -2 -5 -1 -8 13 -3
right_child=1 12 4 9 5 -7 11 -9 -10 -11 -12 -13 -14 -15
leaf_value=-0.03919908972114397 -0.040231049618824684 -0.061001597952835801 0.11856565631386824 0.045489722647763395 -0.010085541882708177 0.074664405222624408 0.041694528295781241 0.063435453949782311 0.0098624257151042755 0.093332013496507438 0.011181119874149117 -0.034586696737126381 -0.065220529219511492 -0.040082416028434563
leaf_weight=42.07971253991127 92.474348336458206 124.60509133338928 239.59635055065155 97.592771008610725 47.264370203018188 131.56467780470848 7.813299521803855 230.56488564610481 306.07655166089535 99.605660259723663 42.740873128175735 493.6970472484827 434.09060373902321 322.0337792634964
leaf_count=213 479 656 1168 492 234 651 40 1148 1572 495 213 2573 2301 1690
internal_value=3.10024e-06 -0.0374562 0.0712541 0.0447852 0.0837659 0.0523335 -0.0191804 0.0955849 -0.00183219 0.070004 -0.0139782 -0.0333177 -0.0556661 -0.0450357
internal_weight=2711.8 1780.79 931.009 282.019 648.99 178.829 900.061 470.161 398.551 197.198 84.8206 501.51 880.729 446.639
internal_count=13925 9311 4614 1413 3201 885 4664 2316 2051 987 426 2613 4647 2346
cat_boundaries=0 1 2 3 4 5 6
cat_threshold=6 33 2 1 1 8
is_linear=0
shrinkage=0.05


Tree=2
num_leaves=15
num_cat=5
split_feature=0 0 0 34 32 1 34 37 2 34 23 33 0 5
split_gain=2594.8 223.6 132.934 105.802 90.2356 84.144 68.5178 51.1722 43.7005 38.5614 34.4711 27.6551 11.5529 14.2632
threshold=0 1 2 24.050000000000004 26.409821500000003 3 25.150000000000002 25.500000000000004 4.5000000000000009 24.450000000000003 96.500000000000014 32.750000000000007 4 -0.71502926860092908
decision_type=1 1 1 2 2 1 2 2 2 2 2 2 1 2
left_child=2 4 3 7 11 10 -5 -1 -7 -6 -4 -2 13 -3
right_child=1 12 5 6 9 8 -8 -9 -10 -11 -12 -13 -14 -15
leaf_value=-0.056195251121652218 0.025157804159833732 -0.059751678020698862 0.0013493363811127304 0.035956192736442745 -0.018361653970194798 0.036197503735173685 0.10812004393423667 0.10585582906417774 0.081285404767790448 -0.043804763391194601 0.039687180601189281 -0.053189018808388715 -0.064143666043879471 -0.039010270645341648
leaf_weight=4.3676324039697638 128.12642572820187 119.74487975239754 103.24316193163395 131.11283840239048 558.59941674768925 86.550125122070312 43.810515359044075 315.16228206455708 153.05420115590096 203.7459220290184 134.91621804237366 11.405758917331694 423.97184570133686 317.37862302362919
leaf_count=22 647 650 520 631 2929 422 211 1481 734 1081 660 61 2323 1699
internal_value=-7.4317e-05 -0.0361847 0.0650797 0.0845997 -0.0182449 0.0434284 0.0545419 0.103472 0.0652168 -0.0252101 0.0231427 0.0184206 -0.0545072 -0.0438155
internal_weight=2735.19 1762.97 972.217 494.453 901.878 477.764 174.923 319.53 239.604 762.345 238.159 139.532 861.095 437.124
internal_count=14071 9390 4681 2345 4718 2336 842 1503 1156 4010 1180 708 4672 2349
cat_boundaries=0 1 2 3 4 5
cat_threshold=6 33 2 1 8
is_linear=0
shrinkage=0.05


Tree=3
num_leaves=15
num_cat=3
split_feature=0 0 32 36 8 34 39 33 36 34 43 34 0 4
split_gain=2428.12 208.97 93.9547 88.0903 145.278 79.8447 84.7413 44.3222 34.7315 33.0288 32.4823 30.5281 10.191 14.0991
threshold=0 1 26.401488000000004 96.500000000000014 33.350000000000001 24.350000000000005 18.750000000000004 31.250000000000004 95.500000000000014 23.150000000000002 2.8500000000000001 20.850000000000005 2 -0.70291267844185523
decision_type=1 1 2 2 2 2 2 2 2 2 2 2 1 2
left_child=3 2 8 4 11 7 -7 -5 -2 -4 -6 -1 13 -3
right_child=1 12 9 5 10 6 -8 -9 -10 -11 -12 -13 -14 -15
leaf_value=-0.061310741543293135 -0.06028882952313163 -0.026485296611691869 -0.0076050103819949302 0.048616254601079781 0.075547245568383339 -0.015653657360791873 0.064985731892997597 0.087203402720540266 0.027634645101992417 -0.031565034400523065 0.0277089221066678 0.0048354044623474231 -0.063147215161488066 -0.049001962617201744
leaf_weight=21.383724272251129 11.405196160078047 92.666198164224625 194.93502934277058 94.055914729833603 149.4827575981617 47.741871014237404 99.380844384431839 459.38862957060337 123.64952807128429 556.07442969083786 48.532623454928398 78.479844018816948 413.82756185531616 337.6184491366148
leaf_count=108 63 502 1018 433 710 232 467 2124 617 2981 231 384 2346 1864
internal_value=1.54812e-06 -0.0357677 -0.0182567 0.0616992 0.0393236 0.0720231 0.0388889 0.0807452 0.0198211 -0.0253643 0.0640204 -0.00979586 -0.0536777 -0.0432232
internal_weight=2728.62 1730.18 886.064 998.446 297.879 700.567 147.123 553.445 135.055 751.009 198.015 99.8636 844.112 430.285
internal_count=14080 9391 4679 4689 1433 3256 699 2557 680 3999 941 492 4712 2366
cat_boundaries=0 1 2 3
cat_threshold=6 33 8
is_linear=0
shrinkage=0.05


Tree=4
num_leaves=15
num_cat=5
split_feature=0 0 0 2 32 1 34 5 32 36 39 26 0 5
split_gain=2123.74 208.227 84.6438 81.35 80.7982 67.846 60.3784 34.3712 33.0819 32.4041 30.3937 13.3454 11.505 15.6783
threshold=0 1 2 9.5000000000000018 26.401488000000004 3 20.350000000000005 -0.94703994556331683 29.308928500000004 95.500000000000014 22.450000000000003 22.650000000000002 4 -0.6652727025667432
decision_type=1 1 1 2 2 1 2 2 2 2 2 2 1 2
left_child=2 4 3 6 9 7 -1 -4 -7 -2 -6 -5 13 -3
right_child=1 12 5 11 10 8 -8 -9 -10 -11 -12 -13 -14 -15
leaf_value=-0.052948997461222828 -0.059462080282622502 -0.057968331558359815 0.072514171196754559 0.11601256890698493 -0.016277172288907956 0.052373199762301294 0.066210039969694254 0.014567024131206328 0.11612297591619264 0.025361431677032448 -0.037722465657092905 0.026408250867660323 -0.062190373132627701 -0.036347654991606589
leaf_weight=10.214903250336645 11.399023070931433 123.70918819308281 28.146283969283104 104.01908238232136 494.74154068529606 228.78078663349152 401.46405646204948 218.26247349381447 22.341022446751595 126.98371425271034 249.51617676019669 5.0359675586223593 395.8631683588028 295.30232086777687
leaf_count=53 65 710 132 450 2660 1051 1820 1047 103 626 1354 22 2324 1649
internal_value=4.99674e-05 -0.0341307 0.0567867 0.0722096 -0.0167973 0.0394319 0.0631322 0.0214524 0.0584828 0.0179978 -0.0235078 0.112152 -0.0524317 -0.0418572
internal_weight=2715.78 1697.52 1018.26 520.734 882.64 497.531 411.679 246.409 251.122 138.383 744.258 109.055 814.875 419.012
internal_count=14066 9388 4678 2345 4705 2333 1873 1179 1154 691 4014 472 4683 2359
cat_boundaries=0 1 2 3 4 5
cat_threshold=6 33 2 1 8
is_linear=0
shrinkage=0.05


Tree=5
num_leaves=15
num_cat=4
split_feature=0 0 36 8 34 34 39 36 0 43 34 40 0 5
split_gain=1882.89 200.574 81.8344 119.838 74.5771 67.9486 69.5079 59.0585 58.5417 34.8741 27.1469 17.7816 14.9274 16.1375
threshold=0 1 96.500000000000014 33.350000000000001 23.550000000000004 24.050000000000004 18.650000000000002 95.500000000000014 2 2.8500000000000001 21.050000000000004 2.2500000000000004 3 -0.6523320455745395
decision_type=1 1 2 2 2 2 2 2 1 2 2 2 1 2
left_child=2 4 3 10 7 8 -7 -2 -4 -5 -1 -6 13 -3
right_child=1 12 5 9 11 6 -8 -9 -10 -11 -12 -13 -14 -15
leaf_value=-0.051121941197069726 -0.032860080323590238 -0.056535913019398615 0.091018478972689387 0.065231221738273046 -0.060235842712730796 -0.0054951642712766551 0.056447525596429307 0.010850494894335958 0.047164366681917896 0.017354920543151804 0.0044123710275909955 -0.026247209894449321 -0.061303091358026966 -0.03430014837126364
leaf_weight=30.785748392343521 102.37084572017193 119.50890524685383 261.02654513716698 154.78895170986652 42.212668225169182 62.307013317942619 163.20867386460304 305.1305278390646 243.66997869312763 51.514934003353119 71.071708276867867 424.6071409881115 379.65735331177711 287.251544713974
leaf_count=156 560 708 1115 702 236 294 733 1571 1107 238 340 2335 2310 1636
internal_value=0.000355956 -0.0325994 0.0528495 0.0315911 -0.015643 0.0624881 0.0393849 -0.000183859 0.0727132 0.0534177 -0.0127063 -0.0294429 -0.0509754 -0.0399754
internal_weight=2699.11 1660.74 1038.37 308.161 874.321 730.212 225.516 407.501 504.697 206.304 101.857 466.82 786.418 406.76
internal_count=14041 9356 4685 1436 4702 3249 1027 2131 2222 940 496 2571 4654 2344
cat_boundaries=0 1 2 3 4
cat_threshold=6 33 2 8
is_linear=0
shrinkage=0.05


Tree=6
num_leaves=15
num_cat=0
split_feature=34 36 8 39 40 40 38 5 4 37 25 11 39 34
split_gain=124.383 81.9296 77.1045 51.1707 51.102 43.6112 34.6418 29.8229 29.096 26.1177 23.3523 14.9428 14.7391 12.6025
threshold=24.050000000000004 95.500000000000014 33.350000000000001 18.650000000000002 1.6500000000000001 127.05000000000001 8.0940475000000021 -0.75581183015052977 -0.40614700388750385 38.500000000000007 6.6145835000000011 91.500000000000014 18.050000000000004 23.550000000000004
decision_type=2 2 2 2 2 2 2 2 2 2 2 2 2 2
left_child=1 2 12 10 -4 9 7 -5 -8 -3 -2 -12 -1 -7
right_child=3 5 4 6 -6 13 8 -9 -10 -11 11 -13 -14 -15
leaf_value=0.0060106430883988954 -0.0081929753635988419 0.030270555002546013 -0.017782433997434847 0.0025342287875725063 0.029503068772221738 -0.066713708658641041 -0.032319301397996263 0.065178702327723798 -0.0079012592759704677 0.011319614552545489 0.0086297518302729127 -0.055067463103017238 -0.056781720441833751 -0.013840014311692603
leaf_weight=10.179440677165983 44.747418567538261 215.84984363615513 142.01604463160038 87.425019457936287 94.154377683997154 17.08938305079937 161.38306003808975 23.305206745862961 494.83895835280418 1146.3696570843458 9.6961357593536359 119.66735629737377 92.702492594718933 31.794003814458847
leaf_count=55 242 1111 750 465 497 87 866 123 2637 5866 52 654 515 163
internal_value=-0.000513661 0.00736773 -0.0146719 -0.0151635 0.00111385 0.0126699 -0.00958079 0.0161843 -0.0139464 0.0143425 -0.0395598 -0.0502636 -0.0505708 -0.0332912
internal_weight=2691.22 1750.16 339.052 941.063 236.17 1411.1 766.952 110.73 656.222 1362.22 174.111 129.363 102.882 48.8834
internal_count=14083 9044 1817 5039 1247 7227 4091 588 3503 6977 948 706 570 250
is_linear=0
shrinkage=0.05


Tree=7
num_leaves=15
num_cat=5
split_feature=0 0 32 0 34 1 4 36 35 5 9 36 0 5
split_gain=1733.3 192.365 74.3579 71.6895 67.0203 59.1908 48.9463 45.4332 33.0722 32.2883 31.8092 21.5318 13.6925 14.6608
threshold=0 1 26.401488000000004 2 24.050000000000004 3 -0.40614700388750385 95.500000000000014 86.023809500000013 -0.95242240592625282 23.550000000000004 95.500000000000014 4 -0.61236746317008228
decision_type=1 1 2 1 2 1 2 2 2 2 2 2 1 2
left_child=3 2 11 4 7 9 -6 -1 -7 -5 -4 -2 13 -3
right_child=1 12 10 5 6 8 -8 -9 -10 -11 -12 -13 -14 -15
leaf_value=0.040411049338938805 -0.055872352294123163 -0.055113496216277848 -0.00019320955222259725 0.065659355466917702 -0.013444800045411962 0.039874411138913116 0.052300266501746941 0.086440324923314993 0.079567482413456445 0.010534695153310548 -0.026995906689987099 0.023467574880160672 -0.060508764165060458 -0.033926911191719512
leaf_weight=69.327104926109314 8.2222447097301465 121.81130056083202 136.32981625199318 29.342760235071182 34.419983342289925 188.84260299801826 149.65712159872055 284.87317894399166 74.754091024398804 218.79126977920532 588.07773374021053 127.36518116295338 371.8861458003521 278.25741535425186
leaf_count=315 51 746 723 132 156 845 672 1195 328 1028 3276 617 2348 1614
internal_value=6.84352e-06 -0.0321635 -0.0154215 0.0498218 0.0636403 0.0342531 0.0400006 0.0775702 0.0513892 0.0172908 -0.021959 0.0182824 -0.0503361 -0.0395138
internal_weight=2681.96 1631.95 859.995 1050.01 538.277 511.731 184.077 354.2 263.597 248.134 724.408 135.587 771.955 400.069
internal_count=14046 9375 4667 4671 2338 2333 828 1510 1173 1160 3999 668 4708 2360
cat_boundaries=0 1 2 3 4 5
cat_threshold=6 33 2 1 8
is_linear=0
shrinkage=0.05


Tree=8
num_leaves=15
num_cat=5
split_feature=0 0 0 1 21 2 34 36 36 2 40 0 34 21
split_gain=1525.68 180.227 66.1633 64.726 61.6961 59.323 48.3729 38.9197 30.0709 26.7547 20.5346 13.8692 12.9725 11.914
threshold=0 1 2 3 23.850000000000005 9.5000000000000018 20.350000000000005 95.500000000000014 96.500000000000014 4.5000000000000009 2.4500000000000006 4 23.850000000000005 22.750000000000004
decision_type=1 1 1 1 2 2 2 2 2 2 2 1 2 2
left_child=2 4 5 8 7 6 -1 -2 -4 -5 -6 12 -3 -7
right_child=1 11 3 9 10 13 -8 -9 -10 -11 -12 -13 -14 -15
leaf_value=-0.055693348561426798 -0.030985716667051161 -0.031161831711396332 -0.013510180386702056 0.027177377037387342 -0.056666536417418395 0.063805594723431183 0.053590934001494853 0.0072562346925866637 0.024259777112654746 0.060474874381778669 -0.023858833764548504 -0.05972798446037772 -0.049948559396734954 0.10346132387831289
leaf_weight=9.6029702723026258 83.560418054461479 217.65199309587479 73.432625442743301 96.935497432947159 53.871673867106438 33.987681403756142 421.33662097156048 311.07137325406075 180.93565526604652 171.34868112206459 410.1421022862196 356.23923353850842 171.11593826115131 78.465299531817436
leaf_count=52 475 1291 361 435 313 139 1817 1585 822 742 2328 2335 1057 319
internal_value=-0.000610346 -0.0313501 0.045485 0.030905 -0.0152642 0.0586171 0.0510324 -0.000899073 0.0133459 0.0485895 -0.0277815 -0.0493977 -0.0385487 0.0921439
internal_weight=2669.7 1603.65 1066.05 522.652 858.646 543.393 430.94 394.632 254.368 268.284 464.014 745.007 388.768 112.453
internal_count=14071 9384 4687 2360 4701 2327 1869 2060 1183 1177 2641 4683 2348 458
cat_boundaries=0 1 2 3 4 5
cat_threshold=6 33 2 1 8
is_linear=0
shrinkage=0.05


Tree=9
num_leaves=15
num_cat=5
split_feature=0 0 0 21 34 4 36 1 36 33 36 40 0 5
split_gain=1413.08 177.331 65.6524 59.659 54.4489 55.815 42.4736 40.9307 39.6456 32.2992 31.7108 19.2522 12.4093 14.6649
threshold=0 1 2 23.850000000000005 24.050000000000004 -0.49813634056773481 95.500000000000014 3 95.500000000000014 36.850000000000001 96.500000000000014 2.4500000000000006 4 -0.54219087765047058
decision_type=1 1 1 2 2 2 2 1 2 2 2 2 1 2
left_child=2 3 4 6 8 -6 -2 10 -1 -9 -4 -5 13 -3
right_child=1 12 7 11 5 -7 -8 9 -10 -11 -12 -13 -14 -15
leaf_value=0.033605129102132605 -0.032686362764592906 -0.053309503092749261 -0.012744571789120335 -0.055588155334278355 -0.026107654256973718 0.046936811117967492 0.0079546875740131306 0.03772526245269394 0.076407426345440177 0.10212175575341352 0.026143611070820857 -0.023229214495559897 -0.059008636103087667 -0.031970568650477364
leaf_weight=68.959592998027802 79.929829627275467 124.1199000030756 72.784768223762512 51.80181810259819 30.51277157664299 161.11610549688339 311.63607710599899 255.95534518361092 296.79910044372082 20.586341217160225 181.84226581454277 400.34587197005749 343.14142315089703 253.34633012115955
leaf_count=306 463 805 360 311 136 701 1583 1109 1213 88 819 2304 2336 1529
internal_value=-0.000183153 -0.0305433 0.043317 -0.0145271 0.0561088 0.0352309 -0.000403447 0.0290278 0.0684512 0.0428698 0.0150211 -0.027051 -0.0487954 -0.0381029
internal_weight=2652.88 1564.32 1088.56 843.714 557.388 191.629 391.566 531.169 365.759 276.542 254.627 452.148 720.608 377.466
internal_count=14063 9331 4732 4661 2356 837 2046 2376 1519 1197 1179 2615 4670 2334
cat_boundaries=0 1 2 3 4 5
cat_threshold=6 33 2 1 8
is_linear=0
shrinkage=0.05


Tree=10
num_leaves=15
num_cat=5
split_feature=0 0 0 32 34 34 36 1 33 34 36 36 0 4
split_gain=1266.4 162.679 58.1368 51.8652 48.3066 46.8712 41.98 34.6692 29.0897 28.4068 25.9715 20.7946 15.5963 14.1466
threshold=0 1 2 26.401488000000004 23.950000000000003 25.150000000000002 95.500000000000014 3 36.850000000000001 23.150000000000002 96.500000000000014 95.500000000000014 4 -0.70291267844185523
decision_type=1 1 1 2 2 2 2 1 2 2 2 2 1 2
left_child=2 3 4 11 6 -6 -1 10 -9 -5 -4 -2 13 -3
right_child=1 12 7 9 5 -7 -8 8 -10 -11 -12 -13 -14 -15
leaf_value=0.030163507580919235 -0.055285764293683065 -0.018781268622169819 -0.01078064474331215 -0.0031743720693459378 0.022770155085440183 0.077290219260913035 0.074407770492232059 0.035073174733899391 0.096515413034861691 -0.025959409552199622 0.024359991141127184 0.01867052394704832 -0.058315986646356059 -0.042622241821081985
leaf_weight=69.32748219370842 9.2867608517408353 82.585913956165314 73.106730341911316 186.15744042396545 174.78063762187958 50.51326896250248 269.01440252363682 252.56312519311905 20.342968627810478 518.05807073414326 181.97186404466629 129.8936328291893 326.88060684502125 284.69850680232048
leaf_count=306 62 500 363 1002 754 214 1090 1084 85 3016 813 621 2312 1822
internal_value=-0.000317935 -0.0294752 0.0406377 -0.0142714 0.052549 0.0352817 0.0654576 0.0271092 0.0399888 -0.0199493 0.0142857 0.0133766 -0.0474368 -0.0363403
internal_weight=2629.18 1537.56 1091.62 843.396 563.636 225.294 338.342 527.985 272.906 704.216 255.079 139.18 694.165 367.284
internal_count=14044 9335 4709 4701 2364 968 1396 2345 1169 4018 1176 683 4634 2322
cat_boundaries=0 1 2 3 4 5
cat_threshold=6 33 2 1 8
is_linear=0
shrinkage=0.05


Tree=11
num_leaves=15
num_cat=4
split_feature=0 0 21 1 34 34 36 34 34 4 39 0 5 19
split_gain=1141.1 161.079 51.4597 46.2527 58.6774 70.8556 43.7927 36.2336 40.9938 32.6914 18.4409 18.016 14.6878 0.924461
threshold=0 1 23.850000000000005 2 23.850000000000005 22.550000000000004 95.500000000000014 25.250000000000004 24.550000000000004 -0.48314718476766416 22.450000000000003 3 -0.6523320455745395 31.047222000000001
decision_type=1 1 2 1 2 2 2 2 2 2 2 1 2 2
left_child=3 2 6 4 5 -1 -2 8 -5 -6 -4 12 -3 -9
right_child=1 11 10 7 9 -7 -8 13 -10 -11 -12 -13 -14 -15
leaf_value=0.011466409672877514 -0.032847329110815324 -0.052472764081701519 -0.016852382353949615 0.050487200010254897 -0.025172202784790834 0.061971033657619579 0.0083251722631617897 0.10014561789226367 0.0072039708515749456 0.019504440091079697 -0.037974540216953769 -0.057706767231681999 -0.029584122245149974 0.064932662966525306
leaf_weight=111.22722639143467 80.343962118029594 99.049473524093628 271.16343913972378 443.67663511633873 51.08952409029007 186.28506842255592 312.46325141191483 32.325984880328178 62.793394669890404 191.50163885951042 169.25664627552032 318.67812678217888 263.00134205818176 10.752802908420561
leaf_count=496 478 688 1597 1855 226 792 1582 135 273 847 1024 2343 1654 44
internal_value=-0.000327089 -0.0283281 -0.0131651 0.0384746 0.028343 0.0431912 -0.00015819 0.0490613 0.0451456 0.0100309 -0.0250374 -0.0463835 -0.035009 0.0930287
internal_weight=2603.61 1513.96 833.227 1089.65 540.103 297.512 392.807 549.549 506.47 242.591 440.42 680.729 362.051 43.0788
internal_count=14034 9366 4681 4668 2361 1288 2060 2307 2128 1073 2621 4685 2342 179
cat_boundaries=0 1 2 3 4
cat_threshold=6 33 1 8
is_linear=0
shrinkage=0.05


Tree=12
num_leaves=15
num_cat=4
split_feature=0 0 0 34 2 34 22 33 6 44 0 34 33 34
split_gain=1041.63 159.431 49.781 47.185 40.5396 37.4696 30.1144 38.1141 28.4017 21.3216 16.1828 14.4328 13.9631 10.5328
threshold=0 1 2 24.350000000000005 9.5000000000000018 20.350000000000005 86.125000000000014 36.20000000000001 2.5000000000000004 35.100000000000001 3 23.850000000000005 34.550000000000004 22.350000000000005
decision_type=1 1 1 2 2 2 2 2 2 2 1 2 2 2
left_child=2 3 4 8 5 -1 7 -4 -2 -8 11 -3 -5 -6
right_child=1 10 6 12 13 -7 9 -9 -10 -11 -12 -13 -14 -15
leaf_value=-0.052122688402670564 -0.026492365622055109 -0.026431739749781087 0.0097704029987524567 -0.043879971330323404 0.048710300284079355 0.043557026956053124 0.0092032060526754424 0.052306102164632988 -0.00015251830286941965 0.052797812290556724 -0.05709230820173139 -0.047176598615769165 -0.01667933023340001 0.084934538696268144
leaf_weight=9.6716024279594404 128.39374841749668 196.11923828721046 316.0685438811779 123.72792029380798 33.447478994727135 439.39715836942196 36.896146222949028 62.38102550804615 489.59849345684052 122.66377860307693 304.52441968023777 154.06611984968185 78.850160136818886 81.574068933725357
leaf_count=51 732 1259 1397 762 134 1827 157 274 2663 523 2329 1061 493 327
internal_value=-9.26356e-05 -0.027483 0.0364824 -0.0123954 0.0475012 0.0413851 0.0242091 0.0169011 -0.00565883 0.0428372 -0.0458754 -0.0346794 -0.0334265 0.0749114
internal_weight=2577.38 1475.28 1102.1 820.57 564.09 449.069 538.009 378.45 617.992 159.56 654.71 350.185 202.578 115.022
internal_count=13989 9299 4690 4650 2339 1878 2351 1671 3395 680 4649 2320 1255 461
cat_boundaries=0 1 2 3 4
cat_threshold=6 33 2 8
is_linear=0
shrinkage=0.05


Tree=13
num_leaves=15
num_cat=3
split_feature=0 0 38 35 33 40 34 39 32 43 0 5 34 5
split_gain=956.394 152.604 48.3188 48.6909 86.3693 46.1294 45.3223 43.3733 28.1372 23.2397 18.8725 16.5275 12.5271 9.9936
threshold=0 1 7.4619050000000007 86.931547500000008 34.550000000000004 127.05000000000001 24.350000000000005 14.850000000000003 26.350297500000003 21.550000000000004 2 -0.77788789561442695 23.850000000000005 -0.43733099657705288
decision_type=1 1 2 2 2 2 2 2 2 2 1 2 2 2
left_child=2 6 5 4 -4 7 8 -1 -2 -5 12 -8 -3 -7
right_child=1 10 3 9 -6 13 11 -9 -10 -11 -12 -13 -14 -15
leaf_value=0.012649182606617508 0.016955961291761149 -0.025894921614423944 0.0019732079011955928 0.080701685486197827 0.040568944660469619 -0.074373094309519369 -0.049668106156568505 0.059241862413612546 -0.010388946412761189 0.037081635386293901 -0.056540375174267091 -0.020157501522485702 -0.045306476039122821 0.012814974579616865
leaf_weight=59.709330722689629 114.58353818953037 200.46568907797337 297.26737460494041 51.207170456647873 282.09214827418327 7.7915589511394501 83.221419051289558 325.6638946980238 505.6001945734024 82.16711837053299 295.37872742861509 114.31356006860733 149.74430364370346 4.8367414176464063
leaf_count=251 561 1308 1285 211 1205 33 526 1353 2855 342 2351 722 1063 20
internal_value=-0.000104327 -0.0265753 0.0346887 0.0271396 0.0208031 0.0489749 -0.0118385 0.0520743 -0.00531761 0.0543049 -0.0447303 -0.0327779 -0.0333508 -0.0424894
internal_weight=2574.04 1463.31 1110.74 712.734 579.36 398.002 817.719 385.373 620.184 133.374 645.589 197.535 350.21 12.6283
internal_count=14086 9386 4700 3043 2490 1657 4664 1604 3416 553 4722 1248 2371 53
cat_boundaries=0 1 2 3
cat_threshold=6 33 8
is_linear=0
shrinkage=0.05


Tree=14
num_leaves=15
num_cat=5
split_feature=0 0 0 34 34 32 36 1 2 39 5 36 0 5
split_gain=865.13 143.805 50.3574 46.0551 47.0846 41.3466 35.3492 31.49 29.4836 27.3475 26.6423 20.1589 18.9366 14.2838
threshold=0 1 2 24.050000000000004 25.150000000000002 26.409821500000003 95.500000000000014 3 4.5000000000000009 22.450000000000003 0.99249573635719013 96.500000000000014 4 -0.71502926860092908
decision_type=1 1 1 2 2 2 2 1 2 2 2 2 1 2
left_child=2 5 3 6 -5 10 -1 11 -9 -7 -2 -4 13 -3
right_child=1 12 7 4 -6 9 -8 8 -10 -11 -12 -13 -14 -15
leaf_value=0.022883891096449414 0.0062685270372301819 -0.051369052521765241 -0.01348940049998407 0.01032264892211078 0.065249647993806656 -0.010015255236218027 0.062353526793450055 0.010808211802368444 0.044538451550426933 -0.031626654796229392 0.088308905828841322 0.017172128085171746 -0.055981975484909019 -0.0272804479130637
leaf_weight=71.979652673006058 136.44631205499172 83.648197442293167 73.752018392086029 148.85225032269955 52.122996121644974 454.65200185775757 297.60634928941727 101.29741072654724 182.77285355329514 216.01584793627262 9.6894951909780485 189.48236320912838 281.11352822929621 252.50270076096058
leaf_count=308 668 640 356 632 213 2632 1197 429 752 1344 45 819 2329 1688
internal_value=-0.000149971 -0.0257693 0.0326483 0.0435076 0.0248205 -0.0116228 0.054749 0.0206934 0.0325906 -0.0170128 0.0122714 0.00856296 -0.0439577 -0.0324469
internal_weight=2551.93 1434.07 1117.87 570.561 200.975 816.804 369.586 547.305 284.07 670.668 146.136 263.234 617.264 336.151
internal_count=14052 9346 4706 2350 845 4689 1505 2356 1181 3976 713 1175 4657 2328
cat_boundaries=0 1 2 3 4 5
cat_threshold=6 33 2 1 8
is_linear=0
shrinkage=0.05


Tree=15
num_leaves=14
num_cat=5
split_feature=0 0 34 0 43 2 36 32 1 40 0 5 32
split_gain=836.688 131.936 47.3681 37.113 43.4024 31.0861 30.2229 29.3104 28.9805 23.4859 19.9756 14.678 12.831
threshold=0 1 23.150000000000002 2 37.550000000000004 9.5000000000000018 94.500000000000014 25.475297500000003 3 2.4500000000000006 4 -0.71502926860092908 28.780059500000004
decision_type=1 1 2 1 2 2 2 2 1 2 1 2 2
left_child=3 2 6 4 5 -1 -2 -5 -9 -4 11 -3 -6
right_child=1 10 9 7 12 -7 -8 8 -10 -11 -12 -13 -14
leaf_value=0.038367049251227733 -0.027601383632690737 -0.050838137672864707 -0.050631079550204107 -0.070082558714129675 -0.071307317567814651 0.067622255477677598 0.012830085303201186 0.011305419378808195 0.034520048996682651 -0.017123733348981256 -0.055498529573454351 -0.026337773014494449 0.015108308277773864
leaf_weight=433.62999102473259 57.261823371052742 82.831774562597275 58.322841703891754 7.5820654332637778 9.4741039574146289 117.53564415872097 222.93197120726109 260.90365895628929 279.52863182127476 469.82471860945225 274.14819115400314 250.77691718935966 6.7794605642557135
leaf_count=1788 351 657 381 33 41 476 1130 1163 1156 2817 2366 1707 28
internal_value=-0.000163546 -0.0255899 -0.0119619 0.0320526 0.0415992 0.0447169 0.00449853 0.0215439 0.0233543 -0.0209126 -0.0431808 -0.03161 -0.0364763
internal_weight=2531.53 1416.1 808.341 1115.43 567.419 551.166 280.194 548.014 540.432 528.148 607.757 333.609 16.2536
internal_count=14094 9409 4679 4685 2333 2264 1481 2352 2319 3198 4730 2364 69
cat_boundaries=0 1 2 3 4 5
cat_threshold=6 33 2 1 8
is_linear=0
shrinkage=0.05


Tree=16
num_leaves=15
num_cat=3
split_feature=0 0 38 33 35 34 40 39 36 37 33 0 5 32
split_gain=727.101 138.291 42.074 46.8075 67.0294 37.8366 37.4254 36.6078 26.1724 25.708 19.5338 19.4312 13.3203 7.10519
threshold=0 1 7.4619050000000007 36.350000000000001 86.931547500000008 24.450000000000003 127.05000000000001 14.850000000000003 95.500000000000014 25.500000000000004 34.550000000000004 2 -0.71502926860092908 26.570536000000001
decision_type=1 1 2 2 2 2 2 2 2 2 2 1 2 2
left_child=2 5 6 4 -4 8 7 -1 -2 -5 -7 12 -3 -8
right_child=1 11 3 9 -6 10 13 -9 -10 -11 -12 -13 -14 -15
leaf_value=0.0093591939504828209 -0.026368001113069663 -0.049988722812225668 0.0076351842988236513 -0.013818745166327804 0.047468849370185688 -0.046535542316059171 -0.07542907799517673 0.05204403872788943 -0.00022905080902705201 0.057813295141896294 -0.011224324369666153 -0.054992190030706156 -0.026125405967409077 0.0011858119350259383
leaf_weight=59.790028676390648 116.01421299576759 78.479596674442291 462.20785455405712 13.672658562660216 136.09655158221722 94.446938544511795 6.2557495534419996 330.33388118445873 527.45163242518902 113.85368821024895 67.792452663183212 261.14028997719288 248.3611403927207 5.1389074921607971
leaf_count=250 734 645 1975 57 559 628 26 1361 2886 474 447 2348 1719 22
internal_value=-4.71614e-05 -0.0241147 0.0296523 0.0226763 0.0167603 -0.0103101 0.042912 0.0455429 -0.0049754 0.0500855 -0.0319397 -0.0424944 -0.0310435 -0.0435684
internal_weight=2521.04 1393.69 1127.35 725.831 598.304 805.705 401.519 390.124 643.466 127.526 162.239 587.981 326.841 11.3947
internal_count=14131 9407 4724 3065 2534 4695 1659 1611 3620 531 1075 4712 2364 48
cat_boundaries=0 1 2 3
cat_threshold=6 33 8
is_linear=0
shrinkage=0.05


Tree=17
num_leaves=15
num_cat=3
split_feature=0 0 36 20 40 34 21 6 37 0 4 39 5 40
split_gain=660.126 118.192 44.07 83.1924 38.8626 38.3295 34.8688 27.2245 24.5264 21.6835 15.2442 14.1826 14.1824 13.6593
threshold=0 1 96.500000000000014 33.45000000000001 127.05000000000001 24.050000000000004 24.350000000000005 2.5000000000000004 25.500000000000004 2 0.35846314187849704 19.250000000000004 -0.67801649466304881 3.0500000000000003
decision_type=1 1 2 2 2 2 2 2 2 1 2 2 2 2
left_child=2 5 3 10 6 7 -4 -2 -5 12 -1 -6 -3 -7
right_child=1 9 4 8 11 13 -8 -9 -10 -11 -12 -13 -14 -15
leaf_value=-0.014171231918367317 -0.025416691678480187 -0.048612499448214552 0.044090824433832922 -0.030794480868799545 -0.062986780043082377 -0.058399775337750863 0.021325414014907191 0.002037722253246891 0.029361728452846778 -0.054505091902606495 -0.061547925584090994 0.007498325558323961 -0.024073130626540221 -0.022747006067342597
leaf_weight=38.071486711502075 113.29055017232895 80.253369554877281 505.34174650907516 17.380806058645248 11.589780762791635 30.204573661088943 256.65442478656769 429.54934832453728 248.69581218063831 248.45691990852356 30.851363107562065 16.047473236918449 234.57881852984428 226.60859107971191
leaf_count=175 671 680 2070 75 50 213 1070 2327 1051 2328 145 66 1648 1483
internal_value=-0.000556233 -0.0238657 0.0276549 0.012653 0.0343452 -0.0111358 0.036461 -0.00372821 0.0253316 -0.0413777 -0.035955 -0.0232272 -0.0295276 -0.0271505
internal_weight=2487.58 1362.94 1124.63 334.999 789.633 799.653 761.996 542.84 266.077 563.289 68.9228 27.6373 314.832 256.813
internal_count=14052 9350 4702 1446 3256 4694 3140 2998 1126 4656 320 116 2328 1696
cat_boundaries=0 1 2 3
cat_threshold=6 33 8
is_linear=0
shrinkage=0.05


Tree=18
num_leaves=15
num_cat=3
split_feature=0 0 38 40 36 33 35 21 37 36 40 0 33 33
split_gain=609.379 121.819 36.6114 41.4496 43.7685 41.0979 65.6025 35.3483 27.4515 27.1387 19.8942 18.1102 14.058 8.46947
threshold=0 1 7.6994045000000009 127.05000000000001 95.500000000000014 36.20000000000001 86.931547500000008 23.550000000000004 25.500000000000004 95.500000000000014 2.7500000000000004 2 30.850000000000005 31.650000000000002
decision_type=1 1 2 2 2 2 2 2 2 2 2 1 2 2
left_child=2 7 3 4 -1 6 -4 9 -7 -2 -9 12 -3 -5
right_child=1 11 5 13 -6 8 -8 10 -10 -11 -12 -13 -14 -15
leaf_value=-0.017123441301184011 -0.026400441618375223 0.032555028339465553 0.0024092087478094324 -0.072527464474436587 0.043885812842045013 -0.020430090087370848 0.04449142559900704 -0.044859754514819619 0.052060707185179869 0.0099013420890907873 -0.015054760406199111 -0.054074004802864034 -0.032734987436604593 0.0046031566270552963
leaf_weight=31.032154157757759 63.804990977048874 7.7143255472183219 390.84844881296158 8.7765031009912473 431.06782434880733 14.19264282286167 120.42171229422092 64.137416243553162 114.37933401763439 249.57457964122295 419.28091339766979 240.16720938682556 300.25550382584333 5.418116718530654
leaf_count=137 410 54 1663 38 1774 60 492 438 471 1249 2608 2346 2271 23
internal_value=-0.000756441 -0.0233335 0.0264176 0.0371545 0.0397606 0.0187919 0.0123885 -0.0104966 0.0439628 0.00244973 -0.0190936 -0.0414201 -0.0300276 -0.0447212
internal_weight=2461.07 1344.93 1116.14 476.295 462.1 639.842 511.27 796.798 128.572 313.38 483.418 548.137 307.97 14.1946
internal_count=14034 9376 4658 1972 1911 2686 2155 4705 531 1659 3046 4671 2325 61
cat_boundaries=0 1 2 3
cat_threshold=6 33 8
is_linear=0
shrinkage=0.05


Tree=19
num_leaves=13
num_cat=0
split_feature=34 37 26 41 36 38 33 44 34 34 39 12
split_gain=57.1286 50.4953 42.2195 33.1568 37.8804 22.2682 33.0409 30.0674 14.2496 9.55609 3.84862 1.12079
threshold=24.050000000000004 25.500000000000004 14.950000000000001 127.05000000000001 94.500000000000014 8.0940475000000021 34.550000000000004 34.400000000000013 25.150000000000002 23.550000000000004 20.000000000000004 58.500000000000007
decision_type=2 2 2 2 2 2 2 2 2 2 2 2
left_child=1 -1 8 4 -3 6 -4 -7 10 -5 -2 -10
right_child=2 3 5 9 -6 7 -8 -9 11 -11 -12 -13
leaf_value=-0.063910688857107364 -0.061389048939889293 -0.01054945379466187 0.00033411843042800699 -0.066127554044524098 0.010903514962796661 -0.055087408126882668 0.067588892471621198 -0.0088118635517113984 -0.013407889822428144 -0.017612764615846929 -0.025874144501437931 0.01489053886144466
leaf_weight=25.058761663734913 52.584686063230038 243.72855190932751 131.41946633160114 15.717258006334303 1296.3876598626375 36.502035297453403 20.21098268032074 563.57018765807152 5.1714098528027517 28.616341784596443 11.35495366156101 7.1316938996315002
leaf_count=158 334 1466 791 90 7107 225 116 3419 32 158 69 43
internal_value=-0.000353494 0.00513614 -0.0110186 0.00626777 0.00750387 -0.00739061 0.00968267 -0.0117137 -0.0462289 -0.0358916 -0.0555776 0.00288201
internal_weight=2437.45 1609.51 827.945 1584.45 1540.12 751.703 151.63 600.072 76.2427 44.3336 63.9396 12.3031
internal_count=14008 8979 5029 8821 8573 4551 907 3644 478 248 403 75
is_linear=0
shrinkage=0.05


Tree=20
num_leaves=15
num_cat=4
split_feature=0 0 0 34 43 5 39 39 39 38 6 0 34 32
split_gain=540.88 115.481 40.0013 34.7596 33.4883 29.8272 59.3879 34.0052 26.5574 26.0419 25.4042 21.8369 14.2011 8.80644
threshold=0 1 2 23.150000000000002 37.550000000000004 0.80798785254895478 18.650000000000002 18.850000000000005 17.250000000000004 7.6529765000000012 2.5000000000000004 3 23.850000000000005 28.780059500000004
decision_type=1 1 1 2 2 2 2 2 2 2 2 1 2 2
left_child=2 3 4 10 9 7 -7 -4 -5 -1 -2 12 -3 -6
right_child=1 11 5 8 13 6 -8 -9 -10 -11 -12 -13 -14 -15
leaf_value=0.050008406759692647 -0.02134208355124392 -0.019547005900269612 -0.00050129916837821987 -0.044456378175107475 -0.068479115420794975 0.026283519251705141 -0.050111548380864845 0.029191912590293263 -0.012505832715021295 0.027900097701664673 0.013328597126957246 -0.053617652308884517 -0.041737423805717946 0.0098046660978525751
leaf_weight=228.73250637948513 69.685218036174774 173.65227735042572 137.33235338330269 76.005076229572296 8.5164482146501523 53.211844131350517 46.988446816802025 322.40392163395882 430.05720123648643 332.28711423277855 208.49369865655899 227.74676210433245 126.81531433016062 5.4109033346176139
leaf_count=944 415 1259 576 466 38 221 208 1361 2724 1371 1065 2321 1059 22
internal_value=-0.000200155 -0.0219728 0.0249502 -0.00946934 0.0344715 0.0146978 -0.00968275 0.0203401 -0.0173827 0.0369868 0.00459808 -0.0399649 -0.0280884 -0.0394458
internal_weight=2447.34 1312.46 1134.88 784.241 574.947 559.937 100.2 459.736 506.062 561.02 278.179 528.214 300.468 13.9274
internal_count=14050 9309 4741 4670 2375 2366 429 1937 3190 2315 1480 4639 2318 60
cat_boundaries=0 1 2 3 4
cat_threshold=6 33 2 8
is_linear=0
shrinkage=0.05


Tree=21
num_leaves=15
num_cat=5
split_feature=0 0 0 5 4 34 1 34 33 26 34 34 0 33
split_gain=498.091 121.587 37.1992 36.9818 37.6953 32.7237 31.8932 26.8923 26.047 24.1927 24.0468 20.5249 19.554 14.0665
threshold=0 1 2 -0.15950993297387567 -0.71504373327588355 23.150000000000002 3 21.700000000000006 30.950000000000003 17.250000000000004 22.950000000000003 25.850000000000005 4 38.800000000000004
decision_type=1 1 1 2 2 2 1 2 2 2 2 2 1 2
left_child=2 5 3 4 -1 10 11 -5 -8 -7 -2 -4 13 -3
right_child=1 12 6 7 -6 9 8 -9 -10 -11 -12 -13 -14 -15
leaf_value=-0.019290346963452928 -0.0012618564251572811 -0.030342599447592392 0.0050862021760465885 0.018492806468458953 0.029043712957396935 -0.031798478207610836 -0.051416664771111002 0.054298161619274567 0.02873262220697009 -0.0084200889478135404 0.037978040189197454 -0.061365851240108266 -0.053209982073975204 0.071288321315971181
leaf_weight=48.348434194922447 234.12029466032982 297.65564753860235 261.11693598330021 69.73540985584259 225.41030292212963 163.17603403329849 9.6249378174543363 228.81863920390606 282.41443322598934 342.93576472997665 45.843045204877853 11.160108253359793 218.72609875351191 2.5284403562545767
leaf_count=199 1254 2342 1133 297 927 1012 39 944 1155 2209 234 50 2324 20
internal_value=-3.0211e-05 -0.0210248 0.0240449 0.0332766 0.0204683 -0.00832318 0.0142251 0.0460245 0.0259246 -0.0160054 0.00527584 0.00214787 -0.0396938 -0.0283127
internal_weight=2441.61 1304.99 1136.63 572.313 273.759 786.075 564.316 298.554 292.039 506.112 279.963 272.277 518.91 300.184
internal_count=14139 9395 4744 2367 1126 4709 2377 1241 1194 3221 1488 1183 4686 2362
cat_boundaries=0 1 2 3 4 5
cat_threshold=6 33 2 1 8
is_linear=0
shrinkage=0.05


Tree=22
num_leaves=13
num_cat=2
split_feature=0 0 34 23 20 36 43 37 26 34 5 15
split_gain=445.167 111.283 45.7349 33.3245 50.2894 44.9956 30.3078 27.0508 26.9006 24.4479 16.2774 1.43443
threshold=0 1 24.050000000000004 97.500000000000014 33.350000000000001 95.500000000000014 37.550000000000004 29.500000000000004 12.850000000000003 20.700000000000006 -0.78324956448884031 8.7500000000000018
decision_type=1 1 2 2 2 2 2 2 2 2 2 2
left_child=3 -2 7 4 5 -1 8 -3 -5 -6 -4 -8
right_child=1 2 10 6 9 -7 11 -9 -10 -11 -12 -13
leaf_value=-0.051622459346455631 -0.052834898304815504 -0.034598275185967212 -0.042025993144052136 0.0026899566692748446 -0.041187929737095674 0.0070974554395977843 -0.06423339254265012 -0.0031621642912428409 0.038460411118390436 0.030326978855258341 -0.019455279351409876 -0.022332830715053782
leaf_weight=36.705830961465836 211.59250725060701 75.486897297203541 136.92293440550566 59.924628749489784 11.559670016169546 241.07842041552067 5.5261262208223325 652.68368249386549 435.96303756535053 330.5145920664072 198.21961744874716 5.339987188577652
leaf_count=176 2345 516 1059 249 53 1006 25 3963 1795 1375 1461 23
internal_value=-0.000178631 -0.0203329 -0.0133905 0.0226062 0.0149925 -0.000819009 0.0323166 -0.00646402 0.0341519 0.0277973 -0.0287742 -0.0472594
internal_weight=2401.52 1274.91 1063.31 1126.61 619.859 277.784 506.754 728.171 495.888 342.074 335.143 10.8661
internal_count=14046 9344 6999 4702 2610 1182 2092 4479 2044 1428 2520 48
cat_boundaries=0 1 2
cat_threshold=6 16
is_linear=0
shrinkage=0.05


Tree=23
num_leaves=12
num_cat=3
split_feature=0 0 0 34 32 2 33 4 2 43 42
split_gain=397.549 80.2634 67.4254 37.0368 36.9863 35.1833 31.8415 29.8056 21.9981 21.3997 14.4134
threshold=0 1 2 23.850000000000005 25.475297500000003 9.5000000000000018 31.950000000000003 -0.72696319516528884 2.5000000000000004 0.25000000000000006 4.5000000000000009
decision_type=1 1 1 2 2 2 2 2 2 2 2
left_child=1 5 3 9 -3 7 -6 -1 -5 -2 -7
right_child=2 4 -4 8 6 10 -8 -9 -10 -11 -12
leaf_value=-0.0090792000305528996 -0.043995901288002355 -0.068580293797095807 -0.052440363325146511 0.065115923174929022 0.021999411125220459 0.019041728969145057 0.001463985174104572 0.029027364344385416 -0.035239841514796297 -0.0055374173220284068 0.064698058093989666
leaf_weight=58.517834216356277 39.244164116680622 15.359096705913542 202.39796015620232 4.6879800707101813 262.27276439964771 22.761463701725006 667.58945335447788 393.34391771256924 267.98706129193306 362.29978715628386 88.008223161101341
leaf_count=241 273 69 2342 35 1231 94 3385 1621 2086 2291 381
internal_value=-0.000551431 0.0149891 -0.0271307 -0.018813 0.00590736 0.0298406 0.00727353 0.0240833 -0.0332828 -0.00939604 0.0555707
internal_weight=2384.47 1507.85 876.617 674.219 945.221 562.631 929.862 451.862 272.675 401.544 110.77
internal_count=14049 7022 7027 4685 4685 2337 4616 1862 2121 2564 475
cat_boundaries=0 1 2 3
cat_threshold=7 2 40
is_linear=0
shrinkage=0.05


Tree=24
num_leaves=15
num_cat=4
split_feature=0 0 32 0 34 34 36 33 26 36 39 0 34 39
split_gain=374.564 106.424 35.2839 29.2874 31.3358 29.1202 27.0452 25.4427 25.1162 28.8889 23.4234 21.6463 15.0478 10.1371
threshold=0 1 26.401488000000004 2 23.950000000000003 25.150000000000002 94.500000000000014 34.750000000000007 12.850000000000003 98.500000000000014 14.300000000000002 3 22.250000000000004 14.300000000000002
decision_type=1 1 2 1 2 2 2 2 2 2 2 1 2 2
left_child=3 2 10 4 6 -6 -1 -4 13 -10 -2 12 -3 -5
right_child=1 11 7 8 5 -7 -8 -9 9 -11 -12 -13 -14 -15
leaf_value=0.009255781230200091 -0.042740678719228743 -0.051297717167926561 -0.018469613596098028 -0.064223490542415704 0.0055121703826646719 0.047240088512561645 0.045775251932790549 0.0042448925211741794 0.0040264288005842927 0.027584775638811156 0.022225908493439164 -0.05208005463135848 -0.021213634143061703 -0.0084094202186746798
leaf_weight=62.992031276226044 14.646950125694273 50.691415622830391 462.78842321038246 11.811578050255774 183.00704368948936 53.321559652686119 271.74285492300987 167.47070360928774 287.51185651123524 237.34699589014053 125.8331077247858 194.75232131034136 233.45208594948053 23.292961776256561
leaf_count=261 68 387 2896 49 755 215 1144 1120 1233 969 614 2351 1949 97
internal_value=-0.000283217 -0.0190709 -0.00729224 0.0204609 0.0286182 0.0150864 0.0389509 -0.0124368 0.0117509 0.014712 0.015198 -0.0374382 -0.0258357 -0.0284478
internal_weight=2380.66 1249.64 770.739 1131.03 571.063 236.329 334.735 630.259 559.963 524.859 140.48 478.896 284.144 35.1045
internal_count=14108 9385 4698 4723 2375 970 1405 4016 2348 2202 682 4687 2336 146
cat_boundaries=0 1 2 3 4
cat_threshold=6 33 2 8
is_linear=0
shrinkage=0.05


Tree=25
num_leaves=13
num_cat=4
split_feature=0 0 34 0 5 4 36 1 37 33 5 33
split_gain=341.065 101.696 37.5616 34.2645 29.1877 39.6334 33.2661 23.4261 22.6996 20.8477 18.3064 13.4933
threshold=0 1 23.850000000000005 2 -0.17646730165275518 -0.71504373327588355 96.500000000000014 3 29.500000000000004 36.95000000000001 -0.94703994556331683 34.550000000000004
decision_type=1 1 2 1 2 2 2 1 2 2 2 2
left_child=3 -2 8 4 5 -1 -6 10 -3 -9 -5 -4
right_child=1 2 11 7 6 -7 -8 9 -10 -11 -12 -13
leaf_value=-0.02571931601674228 -0.05171676314120343 -0.030914497166104851 -0.029803900012533042 0.034114898785205842 0.019893617936588628 0.025490293667033422 0.054282529340023658 0.016562556290180021 -0.0010529168353680845 0.06890864378139136 -0.0049419075987820471 -0.010180391510664216
leaf_weight=44.692169040441513 186.56215780973434 70.856329821050167 288.67350095510483 33.278182551264763 123.54447171092033 220.91359382867813 167.76250161230564 268.63530534505844 557.29632427543402 19.638985335826874 239.49145823717117 127.61928575485945
leaf_count=185 2351 503 2219 137 511 908 721 1096 3337 79 1040 961
internal_value=-0.00041719 -0.0184937 -0.0120821 0.0194772 0.0283846 0.0168094 0.039816 0.0102596 -0.00446512 0.0203546 -6.97296e-05 -0.0238269
internal_weight=2348.96 1231.01 1044.45 1117.96 556.913 265.606 291.307 561.044 628.153 288.274 272.77 416.293
internal_count=14048 9371 7020 4677 2325 1093 1232 2352 3840 1175 1177 3180
cat_boundaries=0 1 2 3 4
cat_threshold=6 16 2 1
is_linear=0
shrinkage=0.05


Tree=26
num_leaves=12
num_cat=3
split_feature=0 0 0 34 32 43 34 33 2 43 32
split_gain=310.927 67.9954 61.2066 36.4394 35.3762 28.5806 26.841 23.5394 23.1899 21.3686 7.59965
threshold=0 1 2 23.850000000000005 25.475297500000003 37.550000000000004 24.450000000000003 34.550000000000004 9.5000000000000018 0.25000000000000006 28.780059500000004
decision_type=1 1 1 2 2 2 2 2 2 2 2
left_child=2 3 5 9 -4 8 -6 -5 -1 -2 -7
right_child=1 -3 4 7 6 10 -8 -9 -10 -11 -12
leaf_value=0.023921842574634321 -0.042554029666654426 -0.051347951654065672 -0.066907207043693032 -0.041166777180485878 0.011528915899875203 -0.067101167350111957 -0.0090561019580443769 -0.0085525543670772405 0.050166114970296619 -0.0029826350643353777 0.0020419466767747385
leaf_weight=442.29583610594273 36.739650256931782 177.59246958047152 15.449337810277937 176.30888089537621 730.28616014122963 8.5841831713914853 201.31806962937117 81.325959116220474 104.76822604238987 357.45746656507254 6.6909966170787802
leaf_count=1822 266 2335 71 1471 3550 39 1092 638 469 2286 27
internal_value=0.000179023 -0.0242286 0.0136683 -0.0161103 0.00573887 0.0266562 0.00707559 -0.0309445 0.0290302 -0.00676908 -0.0385498
internal_weight=2338.82 829.424 1509.39 651.832 947.054 562.339 931.604 257.635 547.064 394.197 15.2752
internal_count=14066 6996 7070 4661 4713 2357 4642 2109 2291 2552 66
cat_boundaries=0 1 2 3
cat_threshold=7 40 2
is_linear=0
shrinkage=0.05


Tree=27
num_leaves=13
num_cat=3
split_feature=0 0 34 1 34 34 4 34 34 4 5 7
split_gain=295.725 93.6629 33.1326 31.0501 33.3222 40.5317 34.8548 31.657 28.8365 23.8317 18.2469 1.48615
threshold=0 1 24.050000000000004 2 24.150000000000002 22.550000000000004 -0.46801505794253101 25.250000000000004 24.550000000000004 0.93237596376505805 -0.70289845916694649 31.797917000000005
decision_type=1 1 2 1 2 2 2 2 2 2 2 2
left_child=3 -2 9 4 5 -1 -6 8 -5 -3 -4 -9
right_child=1 2 10 7 6 -7 -8 11 -10 -11 -12 -13
leaf_value=-0.0070233528409152889 -0.051006397377594874 -0.0085545971523646007 -0.037705455807789445 0.027571084782395023 -0.057206054968318737 0.028794526533541573 0.0018835378788986702 0.070852646821782966 -0.0071534970131829261 0.023458237354125243 -0.013304022578582833 0.031085670136880669
leaf_weight=112.06567095220089 170.25736124813557 655.40749614685774 150.78093546628952 450.61505469679832 29.154707685112953 263.8522414714098 144.43046072125435 38.503894880414009 68.491465821862221 62.824091099202633 158.12770918756723 4.9070428907871237
leaf_count=493 2337 4094 1272 1869 128 1109 611 156 283 420 1224 20
internal_value=-0.000383185 -0.0175467 -0.0115188 0.0180923 0.00977485 0.0181265 -0.00831175 0.0265067 0.0229845 -0.0057257 -0.0252978 0.0671587
internal_weight=2309.42 1197.4 1027.14 1112.02 549.503 375.918 173.585 562.517 519.107 718.232 308.909 43.4109
internal_count=14016 9347 7010 4669 2341 1602 739 2328 2152 4514 2496 176
cat_boundaries=0 1 2 3
cat_threshold=6 16 1
is_linear=0
shrinkage=0.05


Tree=28
num_leaves=12
num_cat=3
split_feature=0 0 0 5 32 36 34 34 36 5 39
split_gain=281.699 59.6856 53.0569 29.4996 26.8165 26.6982 26.1793 27.9569 27.1834 22.2197 13.1092
threshold=0 1 2 -0.62587551141915865 25.475297500000003 96.500000000000014 23.950000000000003 25.150000000000002 95.500000000000014 0.99445195900249039 21.850000000000005
decision_type=1 1 1 2 2 2 2 2 2 2 2
left_child=2 3 6 10 -4 -6 8 -8 -1 -5 -2
right_child=1 -3 4 9 5 -7 7 -9 -10 -11 -12
leaf_value=0.0075411337648375919 -0.021944943656713546 -0.050683667807199739 -0.063876286110833638 -0.012483731012280081 -0.0070274011235975445 0.011638827449911005 0.002779851013841087 0.043420462126575021 0.042240288954284819 0.040262731815741144 -0.050133299406299008
leaf_weight=73.632868424057961 97.548549883067608 163.81180580705404 12.882446303963659 446.32945399731398 270.61940550804138 650.17925184220076 180.59887333214283 54.328600525856018 247.94607418775558 19.939253643155098 74.419028036296368
leaf_count=307 812 2348 61 3071 1445 3146 744 221 1077 122 664
internal_value=-0.000338392 -0.0240392 0.0125028 -0.0164577 0.00506353 0.00615122 0.0246439 0.0123225 0.0343431 -0.0101468 -0.0343628
internal_weight=2292.24 802.048 1490.19 638.236 933.681 920.799 556.506 234.927 321.579 466.269 171.968
internal_count=14018 7017 7001 4669 4652 4591 2349 965 1384 3193 1476
cat_boundaries=0 1 2 3
cat_threshold=7 40 2
is_linear=0
shrinkage=0.05


Tree=29
num_leaves=12
num_cat=3
split_feature=0 0 0 34 32 33 5 4 36 40 33
split_gain=244.588 60.9473 45.6918 35.0893 27.3535 25.0896 23.5954 36.2053 28.9677 21.5375 17.9543
threshold=0 1 2 23.850000000000005 25.475297500000003 31.950000000000003 -0.15950993297387567 -0.70291267844185523 96.500000000000014 0.45000000000000007 34.550000000000004
decision_type=1 1 1 2 2 2 2 2 2 2 2
left_child=2 3 6 9 -4 -6 7 -1 -8 -2 -5
right_child=1 -3 4 10 5 -7 8 -9 -10 -11 -12
leaf_value=-0.026309502255324309 -0.038317892355830684 -0.050376055193055859 -0.06337391658068689 -0.039706401896570487 0.018720801273414047 0.00033313164981637358 0.014632989902094932 0.02091818444428041 0.04702506111015442 -0.0019938534482799412 -0.010503894660514164
leaf_weight=48.825627833604813 45.328103512525558 157.97152273356915 13.666826069355009 166.64579200744629 256.21739377826452 665.6344798579812 123.24926063418388 219.67292898893356 159.6145800948143 343.63679027557373 78.048237182199955
leaf_count=204 333 2365 66 1489 1198 3395 509 908 718 2225 631
internal_value=-0.000735797 -0.0230011 0.0112053 -0.0154334 0.00434001 0.00545851 0.022541 0.0122642 0.0330125 -0.00631429 -0.0304726
internal_weight=2278.51 791.63 1486.88 633.659 935.519 921.852 551.362 268.499 282.864 388.965 244.694
internal_count=14041 7043 6998 4678 4659 4593 2339 1112 1227 2558 2120
cat_boundaries=0 1 2 3
cat_threshold=7 40 2
is_linear=0
shrinkage=0.05


Tree=30
num_leaves=13
num_cat=4
split_feature=0 0 1 34 34 38 33 0 5 34 34 43
split_gain=228.018 73.7815 28.418 35.0084 29.4627 28.4117 31.2692 21.6109 10.5266 19.3152 9.9585 8.2198
threshold=0 1 2 23.850000000000005 25.250000000000004 12.222916500000002 34.750000000000007 3 -0.71502926860092908 22.950000000000003 23.450000000000003 24.700000000000006
decision_type=1 1 1 2 2 2 2 1 2 2 2 2
left_child=7 2 3 -2 -4 6 -3 8 10 -10 -1 -7
right_child=1 5 4 -5 -6 11 -8 -9 9 -11 -12 -13
leaf_value=0.031300899993159596 0.018717085245699271 -0.0082364589236768541 0.019682519859166865 -0.0067812701568369218 0.061840826954609684 -0.053355211360685356 0.018108846250480426 -0.050062190943593134 -0.0375641804882152 -0.0061293341800800726 -0.047895655544867979 0.022287244367625574
leaf_weight=3.6141870841383925 292.96581099927425 560.95657558739185 516.11914990842342 247.58756303787231 44.408367931842804 35.554118737578392 139.8804662451148 151.60015576705337 77.672954387962818 130.28308824449778 52.988693676888943 3.4372308552265158
leaf_count=34 1268 3416 2154 1047 182 279 930 2369 622 1076 610 28
internal_value=-0.000649912 0.00695171 0.0151093 0.00704722 0.0231267 -0.00523263 -0.00295987 -0.0335741 -0.0225047 -0.017994 -0.0423832 -0.0462965
internal_weight=2257.07 1840.91 1101.08 540.553 560.528 739.828 700.837 416.159 264.559 207.956 56.6029 38.9913
internal_count=14015 9304 4651 2315 2336 4653 4346 4711 2342 1698 644 307
cat_boundaries=0 1 2 3 4
cat_threshold=24 6 1 8
is_linear=0
shrinkage=0.05


Tree=31
num_leaves=13
num_cat=3
split_feature=0 0 38 33 34 34 31 0 34 34 2 4
split_gain=215.039 70.0464 30.1457 31.0134 30.1415 34.0591 30.7415 22.6402 12.4342 30.39 16.3229 10.2157
threshold=0 1 11.772321500000002 34.750000000000007 20.350000000000005 24.050000000000004 27.900000000000002 2 23.750000000000004 22.950000000000003 4.5000000000000009 -0.46801505794253101
decision_type=1 1 2 2 2 2 2 1 2 2 2 2
left_child=7 4 3 -3 6 -6 -2 8 9 -1 -10 -4
right_child=1 2 11 -5 5 -7 -8 -9 10 -11 -12 -13
leaf_value=-0.034713191066563502 0.018271515799275273 -0.0067160840964195015 0.0020918827047345266 0.020449801948586713 0.024029842097371468 0.0055041637359674262 -0.063101059391468831 -0.049695936752517461 -0.0037447276284612026 0.010171033001298234 -0.046629645641195573 -0.048669520123334115
leaf_weight=75.596204929053783 21.595748737454414 553.65650130063295 12.360065683722494 128.61688964813948 664.33560314774513 396.79673288762569 23.239669650793076 143.15670837834477 30.812915451824665 73.595361962914467 80.015170678496361 47.444526463747025
leaf_count=622 93 3368 102 838 2812 1657 114 2336 275 574 874 370
internal_value=8.81197e-05 0.00734595 -0.00452052 -0.00157255 0.0152742 0.0171141 -0.024363 -0.0324934 -0.0213897 -0.0126518 -0.0348467 -0.0383166
internal_weight=2251.22 1848.05 742.078 682.273 1105.97 1061.13 44.8354 403.176 260.02 149.192 110.828 59.8046
internal_count=14035 9354 4678 4206 4676 4469 207 4681 2345 1196 1149 472
cat_boundaries=0 1 2 3
cat_threshold=24 6 8
is_linear=0
shrinkage=0.05


Tree=32
num_leaves=13
num_cat=3
split_feature=0 0 34 37 33 43 25 0 32 5 39 34
split_gain=195.205 68.5234 33.672 34.6166 28.3966 26.2242 25.4124 20.0996 17.2072 12.7925 16.8657 7.75104
threshold=0 1 24.450000000000003 32.500000000000007 34.550000000000004 29.550000000000004 7.4062500000000009 2 27.377381000000003 -0.71502926860092908 20.250000000000004 23.450000000000003
decision_type=1 1 2 2 2 2 2 1 2 2 2 2
left_child=7 5 3 -3 -4 6 -2 9 -7 11 -11 -1
right_child=1 2 4 -5 -6 8 -8 -9 -10 10 -12 -13
leaf_value=0.022072271758896908 0.041071940400332824 -0.017212657224189336 -0.030911031325604684 0.0074880457058180061 0.0024136833412002107 0.01083977295125748 0.016635434638447789 -0.049412261846924745 -0.039028633236944062 -0.03134842075786503 -0.0024193187152600345 -0.049781622295439733
leaf_weight=3.5075445473194113 163.03790684044361 168.3005094230175 147.8003725707531 874.33043961971998 111.83455336838961 48.133256301283836 310.44391943514347 138.24774798378348 25.741419345140457 99.282877288758755 101.6141757145524 48.531327433884144
leaf_count=32 726 954 942 4480 667 209 1304 2356 108 821 862 603
internal_value=-0.00107612 0.00576175 -0.000522989 0.00348821 -0.0166026 0.0204301 0.0251187 -0.032654 -0.00682591 -0.0218168 -0.0168005 -0.0446137
internal_weight=2240.81 1849.62 1302.27 1042.63 259.635 547.357 473.482 391.184 73.8747 252.936 200.897 52.0389
internal_count=14064 9390 7043 5434 1609 2347 2030 4674 317 2318 1683 635
cat_boundaries=0 1 2 3
cat_threshold=24 2 8
is_linear=0
shrinkage=0.05


Tree=33
num_leaves=13
num_cat=3
split_feature=0 0 32 6 8 6 0 40 39 5 34 34
split_gain=182.339 60.5038 26.2038 24.6813 37.9097 29.0964 20.6449 20.2121 16.8028 12.4473 15.7226 6.80565
threshold=0 1 26.409821500000003 2.5000000000000004 33.150000000000013 27.000000000000004 2 1.3500000000000003 14.300000000000002 -0.71502926860092908 22.250000000000004 23.450000000000003
decision_type=1 1 2 2 2 2 1 2 2 2 2 2
left_child=6 3 8 4 -2 -5 9 -4 -3 11 -11 -1
right_child=1 2 7 5 -6 -7 -8 -9 -10 10 -12 -13
leaf_value=0.017254738447950797 -0.023685553416846736 -0.036499557721654467 -0.031105683659534353 0.021620736820576816 0.015749217785004304 -0.002402047482403124 -0.049054172453858298 -0.0059070723958948336 0.019590565665680477 -0.041991268017218961 -0.0084039116219581621 -0.048488623270769533
leaf_weight=3.7909052744507781 102.90565814077854 13.960969373583792 93.711994089186192 702.00535939633846 146.39911495149136 153.3551943898201 130.72382193058729 503.15730749070644 128.62874262034893 44.164442077279091 155.87462674826384 48.126806817948818
leaf_count=34 451 67 643 2980 611 647 2327 3340 635 386 1310 623
internal_value=-0.00076672 0.00579926 -0.00523779 0.0131662 -0.000557889 0.017316 -0.0316664 -0.00990881 0.0138828 -0.0209704 -0.0159913 -0.0434529
internal_weight=2226.8 1844.12 739.459 1104.67 249.305 855.361 382.681 596.869 142.59 251.957 200.039 51.9177
internal_count=14054 9374 4685 4689 1062 3627 4680 3983 702 2353 1696 657
cat_boundaries=0 1 2 3
cat_threshold=24 6 8
is_linear=0
shrinkage=0.05


Tree=34
num_leaves=12
num_cat=3
split_feature=0 0 0 2 32 4 34 34 36 38 42
split_gain=172.018 53.0752 32.6875 26.9141 26.3838 25.5528 25.2095 24.7648 18.9571 18.2423 14.9925
threshold=0 1 2 9.5000000000000018 25.475297500000003 -0.67803021058859214 23.850000000000005 19.200000000000003 90.500000000000014 6.044642500000001 4.5000000000000009
decision_type=1 1 1 2 2 2 2 2 2 2 2
left_child=2 6 3 5 -4 -1 9 -6 -8 -2 -5
right_child=1 -3 4 10 7 -7 8 -9 -10 -11 -12
leaf_value=-0.015660328265940198 -0.035292575054676908 -0.048760266688924803 -0.062502156570621192 0.0055890193752402839 0.086970573655497929 0.018992128389930401 0.02780643334063003 0.0039706522033359747 -0.030474998070091408 -0.0015422057635735556 0.0539186627086417
leaf_weight=60.771286845207214 44.48316640406847 125.64517629519105 13.803333446383474 20.713378250598907 8.079007759690283 391.41155636310577 14.176763810217379 920.55417353659868 210.65833952277899 335.28528055548668 74.231670796871185
leaf_count=258 295 2336 68 93 34 1637 118 4601 1970 2281 373
internal_value=-0.00028292 -0.0199865 0.00945421 0.0191052 0.00369562 0.0143107 -0.0132425 0.00478552 -0.0266933 -0.00557777 0.0435431
internal_weight=2219.81 730.249 1489.56 547.128 942.437 452.183 604.604 928.633 224.835 379.768 94.945
internal_count=14064 7000 7064 2361 4703 1895 4664 4635 2088 2576 466
cat_boundaries=0 1 2 3
cat_threshold=7 40 2
is_linear=0
shrinkage=0.05


Tree=35
num_leaves=13
num_cat=4
split_feature=0 0 1 34 33 38 43 0 4 33 43 43
split_gain=157.681 52.7739 27.2325 29.5595 26.8063 25.7497 23.034 21.8833 15.0023 22.264 20.9116 10.8045
threshold=0 1 2 23.850000000000005 36.95000000000001 12.222916500000002 9.1500000000000004 3 -0.70291267844185523 34.650000000000013 26.400000000000002 24.700000000000006
decision_type=1 1 1 2 2 2 2 1 2 2 2 2
left_child=7 2 3 -2 -4 6 -3 8 10 -10 -1 -7
right_child=1 5 4 -5 -6 11 -8 -9 9 -11 -12 -13
leaf_value=0.022583734161531401 0.015391505474042735 0.0088079203326206276 0.017270717124557043 -0.0079446486224123408 0.06034734150660203 -0.053468740970154222 -0.0098353649772790833 -0.04843420844321094 -0.039980879318698689 -0.0037092678565914597 -0.038797382668636075 0.031279162172267165
leaf_weight=39.747601717710495 291.9383370578289 268.77876230329275 520.90123844146729 251.94399566948414 38.056674137711525 33.726832337677479 428.49268128722906 119.70275662839413 118.10236240178347 65.95618648827076 20.042599141597748 3.562632903456687
leaf_count=321 1274 1662 2192 1066 158 290 2704 2324 1260 584 169 30
internal_value=-0.000421967 0.00557654 0.0124522 0.0045867 0.0203061 -0.00477776 -0.00264657 -0.0300007 -0.019252 -0.0270735 0.00170809 -0.0447665
internal_weight=2200.95 1837.4 1102.84 543.882 558.958 734.561 697.271 363.552 243.849 184.059 59.7902 37.2895
internal_count=14034 9376 4690 2340 2350 4686 4366 4658 2334 1844 490 320
cat_boundaries=0 1 2 3 4
cat_threshold=24 6 1 8
is_linear=0
shrinkage=0.05


Tree=36
num_leaves=12
num_cat=4
split_feature=0 0 1 34 36 37 41 34 0 33 34
split_gain=147.501 46.4006 26.5343 27.1954 24.0752 50.565 39.5655 23.0482 22.7989 12.3401 11.3882
threshold=0 1 2 23.850000000000005 95.500000000000014 52.500000000000007 1.6500000000000001 25.250000000000004 3 38.800000000000004 23.850000000000005
decision_type=1 1 1 2 2 2 2 2 1 2 2
left_child=8 2 3 -2 6 -6 -3 -4 9 10 -1
right_child=1 4 7 -5 5 -7 -8 -9 -10 -11 -12
leaf_value=-0.012022003598870323 0.014540846781586304 -0.04911667726481269 0.016729051001480987 -0.0077789499219388242 0.022513716098283995 -0.0094080514197273906 0.0021945511714754171 0.054276849042014755 -0.048164024409240266 0.075802822942203488 -0.034687356344605416
leaf_weight=152.33989394456148 295.08439166843891 70.366645812988281 505.78394739329815 252.29528008401394 177.32334686815739 406.64641088247299 79.158561676740646 43.784602046012878 115.54745216295123 2.4194087982177725 87.785355344414711
leaf_count=1296 1288 554 2133 1069 983 2597 551 184 2342 20 1033
internal_value=-0.000303766 0.00548152 0.0119534 0.0042579 -0.00423081 0.000306961 -0.0221184 0.0198137 -0.0291499 -0.0183951 -0.0204175
internal_weight=2188.54 1830.44 1096.95 547.38 733.495 583.97 149.525 549.569 358.092 242.545 240.125
internal_count=14050 9359 4674 2357 4685 3580 1105 2317 4691 2349 2329
cat_boundaries=0 1 2 3 4
cat_threshold=24 6 1 8
is_linear=0
shrinkage=0.05


Tree=37
num_leaves=13
num_cat=3
split_feature=0 0 34 5 0 33 2 4 4 43 33 42
split_gain=126.64 46.0228 30.5602 27.5385 26.7824 26.0342 24.4137 23.8179 15.9058 21.2983 18.7933 11.5592
threshold=0 1 24.450000000000003 -0.94703994556331683 2 34.550000000000004 9.5000000000000018 -0.69057362043749781 -0.70291267844185523 26.400000000000002 34.650000000000013 4.5000000000000009
decision_type=1 1 2 2 1 2 2 2 2 2 2 2
left_child=4 6 3 -3 8 -4 7 -2 9 -1 -10 -8
right_child=1 2 5 -5 -6 -7 11 -9 10 -11 -12 -13
leaf_value=0.025878434014680686 -0.016171373401700155 0.028162492080838625 -0.02950086201351719 0.0010005075146200697 -0.047878704349352354 0.0028081624614027822 0.0065856506428613572 0.017238154027198447 -0.036541507584828513 -0.037132869026627928 -0.0027484530104853388 0.049972769864371151
leaf_weight=40.484177820384502 61.090043842792511 102.75506476312876 144.06956167519093 928.38055402040482 111.09778258949518 109.06509343534708 19.825917780399323 385.12501929700375 112.04606013000011 18.833711124956608 64.955234415829182 72.489939197897911
leaf_count=325 260 574 937 4810 2352 663 90 1618 1256 167 585 379
internal_value=-0.000220182 0.00509483 -9.16743e-05 0.00373193 -0.027401 -0.015624 0.0172177 0.0126382 -0.0160727 0.00558811 -0.0242254 0.0408253
internal_weight=2170.22 1822.8 1284.27 1031.14 347.417 253.135 538.531 446.215 236.319 59.3179 177.001 92.3159
internal_count=14016 9331 6984 5384 4685 1600 2347 1878 2333 492 1841 469
cat_boundaries=0 1 2 3
cat_threshold=24 2 8
is_linear=0
shrinkage=0.05


Tree=38
num_leaves=13
num_cat=3
split_feature=0 0 38 39 40 39 43 0 4 33 43 32
split_gain=128.397 41.3945 23.8128 34.8415 32.4162 23.3167 24.196 22.5887 13.4737 22.1785 21.4503 11.2649
threshold=0 1 7.6994045000000009 19.550000000000004 127.05000000000001 22.650000000000002 36.250000000000007 2 -0.70291267844185523 34.650000000000013 26.400000000000002 28.923512000000006
decision_type=1 1 2 2 2 2 2 1 2 2 2 2
left_child=7 2 4 -4 -2 6 -3 8 10 -10 -1 -7
right_child=1 5 3 -5 -6 11 -8 -9 9 -11 -12 -13
leaf_value=0.022777160126936234 0.022254573309352661 0.0029329150284253605 -0.022637164517536831 0.0096979981116546484 -0.048185205697197461 -0.013519707407447096 -0.051762267606325574 -0.047613573847233082 -0.038709625507023726 -0.0020947524948229318 -0.039847499124368232 -0.044641658939309263
leaf_weight=40.706547871232033 442.75157392024994 519.02452743053436 97.288752049207687 546.52760694921017 16.041196495294571 150.989407800138 20.038488373160362 107.24053371325135 110.26444121450186 66.016015559434891 19.346043482422829 35.562858290970325
leaf_count=320 1927 3118 414 2307 69 1090 155 2370 1272 596 176 294
internal_value=-0.000483065 0.0048327 0.0109009 0.00478422 0.0196923 -0.00441328 0.000807661 -0.0280281 -0.0174185 -0.0250867 0.00228029 -0.0196589
internal_weight=2171.8 1828.22 1102.61 643.816 458.793 725.615 539.063 343.574 236.333 176.28 60.0526 186.552
internal_count=14108 9374 4717 2721 1996 4657 3273 4734 2364 1868 496 1384
cat_boundaries=0 1 2 3
cat_threshold=24 6 8
is_linear=0
shrinkage=0.05


Tree=39
num_leaves=15
num_cat=0
split_feature=36 8 37 44 38 20 5 40 4 42 34 38 37 32
split_gain=30.0218 64.2632 53.7229 36.9971 41.7764 33.9667 33.465 28.0909 47.0435 26.8544 19.2139 16.7478 8.73402 0.551988
threshold=96.500000000000014 33.350000000000001 40.500000000000007 34.750000000000007 8.0431550000000005 32.750000000000007 -0.30982845708428081 1.6500000000000001 0.97875492728876534 2.5000000000000004 20.850000000000005 9.1699405000000009 27.500000000000004 26.361012000000006
decision_type=2 2 2 2 2 2 2 2 2 2 2 2 2 2
left_child=1 10 5 6 -5 13 -4 9 -9 -3 -1 -7 -12 -2
right_child=2 7 3 4 -6 11 -8 8 -10 -11 12 -13 -14 -15
leaf_value=-0.061489937527324616 0.058369701349531539 0.0031953051075982266 -0.025512227297552238 0.018887487038474881 -0.0034910554894045176 -0.0010315717657053377 0.00026584960117031478 0.026923943510634232 -0.03011239086899923 -0.033124706462585425 0.027634864345010862 0.038315520180092648 -0.026470134576921905 0.082221576704446062
leaf_weight=43.267287608236074 26.954779658466578 130.16828752681613 205.92545695602894 393.91573872417212 441.36616362258792 60.243284340947866 321.48224580287933 166.87783055379987 45.181668005883694 82.402584299445152 7.045902293175458 47.999058127403259 156.24644137918949 16.059333454817533
leaf_count=319 153 879 1424 2532 2925 356 1956 1068 297 568 43 289 1085 97
internal_value=-0.000142769 -0.00929507 0.0036766 0.000528891 0.00707254 0.031845 -0.00982839 0.00184604 0.0146874 -0.0109732 -0.0320967 0.0166075 -0.0239816 0.0689406
internal_weight=2145.14 631.19 1513.95 1362.69 835.282 151.256 527.408 424.63 212.059 212.571 206.56 108.242 163.292 43.0141
internal_count=13991 4259 9732 8837 5457 895 3380 2812 1365 1447 1447 645 1128 250
is_linear=0
shrinkage=0.05


Tree=40
num_leaves=12
num_cat=5
split_feature=0 0 1 5 0 34 34 39 40 33 1
split_gain=109.885 35.0573 27.111 33.0923 25.6432 23.8651 25.5797 25.1511 20.4763 12.4069 15.3185
threshold=0 1 2 0.99349222267034765 3 24.050000000000004 25.150000000000002 18.550000000000004 111.2 38.800000000000004 4
decision_type=1 1 1 2 1 2 2 2 2 2 1
left_child=4 5 8 -4 9 7 -7 -2 -3 10 -1
right_child=1 2 3 -5 -6 6 -8 -9 -10 -11 -12
leaf_value=-0.0039470183242187569 0.042671783353405476 -0.0046279925420319922 0.0053173116107791234 0.067907407285516572 -0.047220513945709308 -0.0082092825088581241 0.032372834950101598 0.01376740136315765 -0.03998501017833779 0.081214432631978584 -0.029839035109858726
leaf_weight=112.54420018941164 115.26516585052013 596.02548433840275 627.98969212174416 20.866911306977272 100.61446976289153 151.82000513374805 51.06179253757 217.95502918958664 43.010099165141582 2.2778787836432448 115.74631184712052
leaf_count=1147 559 3288 3411 96 2323 623 215 963 235 18 1177
internal_value=-0.000103343 0.00474836 0.000236113 0.00743158 -0.0261148 0.0153656 0.00211321 0.0238636 -0.00706644 -0.015174 -0.0171475
internal_weight=2155.18 1823.99 1287.89 648.857 331.183 536.102 202.882 333.22 639.036 230.568 228.291
internal_count=14055 9390 7030 3507 4665 2360 838 1522 3523 2342 2324
cat_boundaries=0 1 2 3 4 5
cat_threshold=24 2 1 8 1
is_linear=0
shrinkage=0.05


Tree=41
num_leaves=13
num_cat=2
split_feature=0 36 8 37 34 44 40 0 38 33 34 2
split_gain=107.125 37.5901 54.7432 49.3131 46.1634 35.3567 24.709 21.6615 15.2072 12.9611 19.465 18.1535
threshold=0 96.500000000000014 33.150000000000013 41.500000000000007 21.850000000000005 34.750000000000007 1.6500000000000001 1 10.626488500000002 30.750000000000004 22.250000000000004 11.500000000000002
decision_type=1 2 2 2 2 2 2 1 2 2 2 2
left_child=7 2 8 4 -3 -5 -4 9 -2 11 -11 -1
right_child=1 3 6 5 -6 -7 -8 -9 -10 10 -12 -13
leaf_value=-0.03022482356240367 -0.044109526497744363 0.075842783173830863 -0.0099353811614749845 -0.0059942959111579236 0.015580502403116862 0.012045866160174872 0.015710209451545741 -0.046947497929414141 -0.01074972188200439 -0.052261159517931283 -0.012484049349826784 0.13125886298796238
leaf_weight=2.8729411140084258 98.421152509748936 47.683404147624969 185.59678968042135 441.32024803757668 93.580899372696877 703.2285291403532 188.16413735598326 96.952745035290718 53.271476224064827 36.084157131612301 187.42079878225923 2.4892016649246216
leaf_count=24 539 213 1033 2234 448 3606 971 2336 311 359 1944 23
internal_value=-0.000875023 0.00392183 -0.00731484 0.00854634 0.036312 0.0050907 0.00298296 -0.0267725 -0.0325413 -0.0164649 -0.0191101 0.0535872
internal_weight=2137.09 1811.27 525.454 1285.81 141.264 1144.55 373.761 325.82 151.693 228.867 223.505 5.36214
internal_count=14041 9355 2854 6501 661 5840 2004 4686 850 2350 2303 47
cat_boundaries=0 1 2
cat_threshold=24 8
is_linear=0
shrinkage=0.05


Tree=42
num_leaves=13
num_cat=4
split_feature=0 0 6 40 43 0 34 8 5 34 34 1
split_gain=104.14 34.4954 25.0083 24.4296 23.7813 21.7075 21.0671 16.2248 12.9837 18.3488 10.0648 5.85185
threshold=0 1 2.5000000000000004 127.05000000000001 2.8500000000000001 2 23.950000000000003 33.350000000000001 -0.6652727025667432 22.950000000000003 23.450000000000003 3
decision_type=1 1 2 2 2 1 2 2 2 2 2 1
left_child=5 3 7 6 -4 8 -2 -3 10 -10 -1 -5
right_child=1 2 4 11 -6 -7 -8 -9 9 -11 -12 -13
leaf_value=0.034390972227819311 0.025772372469190275 -0.026790793245493771 0.018301195747293574 -0.078131016731818811 -0.00045769911931663919 -0.046687355594985318 0.0054072019082257068 -0.0024874935551536127 -0.03151398982660078 0.0016404618929121918 -0.04684693073648339 -0.010938952197170842
leaf_weight=3.4686082154512397 292.15699543058872 123.99485007673502 213.1493378803134 7.0100174993276578 800.27023736387491 93.685653071850538 225.19596745073795 152.91354580968618 64.566381253302097 114.54407358169556 42.365733206272125 6.0724730491638184
leaf_count=34 1358 716 1126 31 4305 2357 936 888 625 1019 661 27
internal_value=-0.000348515 0.00431067 -0.000137645 0.0149145 0.00350195 -0.0262175 0.0169353 -0.0134273 -0.015913 -0.0104198 -0.040096 -0.0499341
internal_weight=2139.39 1820.76 1290.33 530.435 1013.42 318.63 517.353 276.908 224.945 179.11 45.8343 13.0825
internal_count=14083 9387 7035 2352 5431 4696 2294 1604 2339 1644 695 58
cat_boundaries=0 1 2 3 4
cat_threshold=24 2 8 1
is_linear=0
shrinkage=0.05


Tree=43
num_leaves=13
num_cat=3
split_feature=0 0 6 43 0 43 38 6 33 34 12 32
split_gain=98.5347 33.8437 23.9285 23.2315 19.9641 19.7441 18.5458 18.0194 12.6601 18.7567 15.6728 6.54295
threshold=0 1 2.5000000000000004 5.3500000000000005 2 37.550000000000004 7.626488000000001 1.5000000000000002 30.750000000000004 22.250000000000004 68.500000000000014 28.780059500000004
decision_type=1 1 2 2 1 2 2 2 2 2 2 2
left_child=4 5 7 -4 8 6 -2 -3 10 -10 -1 -7
right_child=1 2 3 -5 -6 11 -8 -9 9 -11 -12 -13
leaf_value=0.11282154911749849 0.028638720639308526 -0.0084017337908177305 0.015804288646499919 -0.001466729694078277 -0.046376009467583017 -0.065999868547933854 0.0089723862338839892 -0.045301120201184715 -0.052859671008731041 -0.012416771027547291 -0.030363204285414169 -0.0018730918620629283
leaf_weight=3.1483917832374564 192.68970023095608 232.7741047218442 262.03441479802132 749.00524178147316 89.602273788303137 8.5894181579351407 318.41243472695351 37.726906388998032 33.34286891669035 180.83237137272954 2.9194590672850609 6.8997436016798011
leaf_count=27 919 1348 1364 4045 2354 40 1359 231 355 1910 25 28
internal_value=-0.000606839 0.00390503 -0.000511754 0.00302065 -0.0261485 0.0144445 0.0164282 -0.013696 -0.0161047 -0.0189293 0.0493814 -0.0392802
internal_weight=2117.98 1808.13 1281.54 1011.04 309.845 526.591 511.102 270.501 220.243 214.175 6.06785 15.4892
internal_count=14005 9334 6988 5409 4671 2346 2278 1579 2317 2265 52 68
cat_boundaries=0 1 2 3
cat_threshold=24 2 8
is_linear=0
shrinkage=0.05


Tree=44
num_leaves=13
num_cat=2
split_feature=0 0 44 2 38 34 44 37 5 2 33 44
split_gain=92.2511 39.2227 26.7269 60.333 40.1213 24.5026 22.6746 40.2001 28.9709 22.5414 16.9703 1.86984
threshold=0 1 35.100000000000001 1.5000000000000002 8.0687500000000032 24.050000000000004 28.250000000000004 51.500000000000007 -0.75581183015052977 2.5000000000000004 34.750000000000007 38.70000000000001
decision_type=1 1 2 2 2 2 2 2 2 2 2 2
left_child=2 5 6 11 -5 10 7 -1 -8 -7 -2 -4
right_child=1 -3 3 4 -6 9 8 -9 -10 -11 -12 -13
leaf_value=0.046957948521283897 -0.0090511933726284879 -0.045995282120298291 -0.039910240617147354 0.029597790458942438 0.0070040251177844182 0.075705527138924353 0.02169126078406149 -0.022098574784232349 -0.01374695941954493 -0.030389863137935076 0.01700840381122477 -0.069486108545737876
leaf_weight=53.226435407996178 338.8978471942246 84.614925485104322 19.505584746599197 281.7205103635788 647.28121417760849 4.2389503791928282 68.514872156083584 33.699275903403759 339.13836158812046 157.75097797438502 75.582019969820976 13.683753311634062
leaf_count=242 2464 2321 93 1345 3128 32 335 163 1632 1653 564 74
internal_value=-0.000433369 -0.0157712 0.00659595 0.0114928 0.0138801 -0.0105567 -0.00280166 0.0202393 -0.0077523 -0.0271661 -0.00426962 -0.0537799
internal_weight=2117.85 661.085 1456.77 962.191 929.002 576.47 494.579 86.9257 407.653 161.99 414.48 33.1893
internal_count=14046 7034 7012 4640 4473 4713 2372 405 1967 1685 3028 167
cat_boundaries=0 1 2
cat_threshold=7 40
is_linear=0
shrinkage=0.05


Tree=45
num_leaves=13
num_cat=3
split_feature=0 0 0 34 33 37 43 37 32 34 34 34
split_gain=81.6001 32.9465 22.7925 21.8466 32.7142 26.7835 21.051 20.4601 13.7409 12.085 22.0496 14.9315
threshold=0 1 2 24.450000000000003 34.550000000000004 32.500000000000007 29.550000000000004 25.500000000000004 27.430952500000004 22.250000000000004 23.750000000000004 18.250000000000004
decision_type=1 1 1 2 2 2 2 2 2 2 2 2
left_child=2 6 9 5 -5 -3 7 -2 -8 11 -11 -1
right_child=1 3 -4 4 -6 -7 8 -9 -10 10 -12 -13
leaf_value=0.07791009792239291 -0.047518155629461378 -0.015381758021984954 -0.045761182173276828 -0.029555934437175732 0.0068419994178184245 0.0064255134296370021 0.004924285523605949 0.020451688813863736 -0.042054083564900931 0.0078126735992539963 -0.026699920217840303 -0.04834253152053003
leaf_weight=1.6269342824816693 10.438261687755583 167.02007873356342 82.165776502341032 139.38504704833031 109.63077609241009 868.80252423137426 45.788404121994972 437.95358930528164 22.444701507687569 94.896259315311909 88.69313470646739 33.743393644690514
leaf_count=13 46 961 2350 943 665 4456 206 1968 96 817 1158 373
internal_value=-4.44047e-05 0.00402241 -0.0236568 -0.000299259 -0.0135682 0.00289778 0.0145525 0.0187672 -0.0109131 -0.0135698 -0.00891489 -0.0405528
internal_weight=2102.59 1801.46 301.125 1284.84 249.016 1035.82 516.625 448.392 68.2331 218.96 183.589 35.3703
internal_count=14052 9341 4711 7025 1608 5417 2316 2014 302 2361 1975 386
cat_boundaries=0 1 2 3
cat_threshold=24 2 8
is_linear=0
shrinkage=0.05


Tree=46
num_leaves=9
num_cat=2
split_feature=0 0 32 33 33 36 19 4
split_gain=77.8306 46.5519 23.4678 25.1742 22.6876 40.3608 21.0605 17.3936
threshold=0 1 26.401488000000004 34.750000000000007 36.850000000000001 96.500000000000014 30.604166500000002 -0.96235977360714686
decision_type=1 1 2 2 2 2 2 2
left_child=-1 4 7 -4 5 -2 -6 -3
right_child=1 2 3 -5 6 -7 -8 -9
leaf_value=-0.045508407859914828 -0.0097376060314414061 0.042527950514259422 -0.015789239300262842 0.0041212275228379993 0.056856366494295145 0.012988667239162383 0.0047117188127872248 0.002565928921813173
leaf_weight=79.53058272600174 265.13604857027531 32.626675151288509 546.65254366025329 223.06720128655434 44.72651144862175 734.97756367921829 33.925028026103973 143.91102679073811
leaf_count=2374 1148 178 4347 1689 189 3203 146 853
internal_value=-0.000146918 0.00187157 -0.00618609 -0.0100213 0.00893058 0.00696009 0.0347062 0.0101494
internal_weight=2104.55 2025.02 946.257 769.72 1078.77 1000.11 78.6515 176.538
internal_count=14127 11753 7067 6036 4686 4351 335 1031
cat_boundaries=0 1 2
cat_threshold=16 6
is_linear=0
shrinkage=0.05


Tree=47
num_leaves=13
num_cat=1
split_feature=40 36 20 37 20 39 5 4 44 1 39 43
split_gain=28.3169 27.3375 51.8214 32.0233 30.2727 26.3603 25.8108 22.6551 12.2128 6.24074 10.1205 0.615442
threshold=127.05000000000001 96.500000000000014 33.45000000000001 40.500000000000007 32.750000000000007 17.350000000000005 0.94636490295939868 0.35846314187849704 45.900000000000013 0 19.250000000000004 32.550000000000004
decision_type=2 2 2 2 2 2 2 2 2 1 2 2
left_child=1 2 7 4 -3 -5 -4 -1 9 11 -11 -2
right_child=8 3 6 5 -6 -7 -8 -9 -10 10 -12 -13
leaf_value=-0.017622792568150532 -0.027498717560906206 0.061566881270410538 0.0015048637858566982 -0.0099188713511242522 0.01148251526020869 0.0060301556449965403 -0.047446371717682102 -0.061342113039296091 0.039084657944109216 -0.053739498377800371 0.009133463081487098 -0.065386206866915056
leaf_weight=65.887950913980603 3.3172536958009031 41.894934840500355 465.21138553507626 359.72644310817122 103.86674684658647 918.45754653215408 27.580164717510343 54.635953575372696 4.1293086372315875 12.514812998473646 11.684508278965948 20.83342932164669
leaf_count=512 22 246 3175 2393 635 6126 193 401 29 84 80 146
internal_value=-0.000665208 0.00027744 -0.00853962 0.00407841 0.0261992 0.00153729 -0.00132534 -0.0377833 -0.03658 -0.0437031 -0.0242239 -0.0614824
internal_weight=2089.74 2037.26 613.315 1423.95 145.762 1278.18 492.792 120.524 52.4793 48.35 24.1993 24.1507
internal_count=14042 13681 4281 9400 881 8519 3368 913 361 332 164 168
cat_boundaries=0 1
cat_threshold=1
is_linear=0
shrinkage=0.05


Tree=48
num_leaves=13
num_cat=3
split_feature=0 34 34 39 39 0 33 32 36 33 34 1
split_gain=73.8041 26.279 41.1012 46.3939 27.8946 20.9677 20.2778 35.2629 23.3867 12.5986 17.692 16.9126
threshold=0 24.450000000000003 25.150000000000002 19.750000000000004 20.650000000000002 1 31.050000000000004 26.350297500000003 95.500000000000014 30.750000000000004 21.850000000000005 2
decision_type=1 2 2 2 2 1 2 2 2 2 2 1
left_child=5 6 3 -3 -4 9 7 -2 -8 11 -11 -1
right_child=1 2 4 -5 -6 -7 8 -9 -10 10 -12 -13
leaf_value=0.12159016503466516 0.0061954097546263846 -0.053490958485091361 0.03999778026783244 -0.0053849638962303811 -0.004288614643282211 -0.045149414813671039 -0.0045709340446500055 -0.055620031603313969 0.011955951913827555 -0.05328754197705865 -0.010245290387157067 -0.030068722855522007
leaf_weight=2.9345176815986624 68.924667537212372 74.124745287001133 55.795882247388363 151.3591555133462 94.630636610090733 75.551814487203956 267.89328304678202 33.550646267831326 1055.1607910990715 26.66990402340889 180.62701820209622 2.8521522209048271
leaf_count=24 322 445 311 855 539 2355 1467 170 5271 314 1983 24
internal_value=2.486e-05 0.00382493 -0.00789938 -0.0213655 0.0122937 -0.0229628 0.0069468 -0.014385 0.00860865 -0.0132661 -0.0160122 0.0534238
internal_weight=2090.08 1801.44 375.91 225.484 150.427 288.635 1425.53 102.475 1323.05 213.084 207.297 5.78667
internal_count=14080 9380 2150 1300 850 4700 7230 492 6738 2345 2297 48
cat_boundaries=0 1 2 3
cat_threshold=24 8 1
is_linear=0
shrinkage=0.05


Tree=49
num_leaves=9
num_cat=2
split_feature=0 0 43 39 33 4 19 4
split_gain=69.2846 36.8082 23.3372 24.8321 21.6262 30.02 23.4769 3.08881
threshold=0 1 35.600000000000001 22.650000000000002 36.850000000000001 0.79383249484937135 30.675694500000002 -0.85227431625818906
decision_type=1 1 2 2 2 2 2 2
left_child=-1 4 3 -3 5 -2 -6 -4
right_child=1 2 7 -5 6 -7 -8 -9
leaf_value=-0.044864477212288215 0.01010091566458971 0.00067016294738453082 0.0059751673796507431 -0.018171011926185459 0.055413376017921782 -0.012122861302313079 -0.00025274219875009681 -0.052393700858551689
leaf_weight=72.745156483724713 804.93777301907539 671.46206123754382 2.2477419227361706 235.43406527116895 46.311802953481674 186.36989660561085 31.570781379938126 28.234830837696791
leaf_count=2363 3536 4710 20 2031 197 793 136 276
internal_value=-0.000303973 0.00154881 -0.00564954 -0.00423571 0.00785299 0.00591475 0.0331312 -0.0480366
internal_weight=2079.31 2006.57 937.379 906.896 1069.19 991.308 77.8826 30.4826
internal_count=14062 11699 7037 6741 4662 4329 333 296
cat_boundaries=0 1 2
cat_threshold=16 6
is_linear=0
shrinkage=0.05


Tree=50
num_leaves=9
num_cat=2
split_feature=0 0 34 5 40 7 33 36
split_gain=65.0076 29.618 23.6628 41.9967 23.6002 19.9364 27.6297 16.5081
threshold=0 1 20.350000000000005 0.98899263613956456 0.25000000000000006 26.266666500000003 34.750000000000007 97.500000000000014
decision_type=1 1 2 2 2 2 2 2
left_child=-1 2 3 -2 -4 7 -7 -3
right_child=1 5 4 -5 -6 6 -8 -9
leaf_value=-0.044465630421850984 -0.052127273235772299 -0.024603034750913921 0.046071712489015371 0.0690234665243631 0.0072468702483823415 -0.013995560341060321 0.0069105217838309491 0.018988830382615167
leaf_weight=68.796138260513544 35.148033514618874 25.297658085823059 39.810554951429367 8.002882167696951 987.60629326105118 566.36147540062666 218.35631349682808 126.07463720440865
leaf_count=2332 173 202 167 38 4300 4417 1665 760
internal_value=-0.000204791 0.00154781 0.00719476 -0.0286039 0.0087946 -0.00491894 -0.00817682 0.01159
internal_weight=2075.45 2006.66 1070.57 43.1509 1027.42 936.09 784.718 151.372
internal_count=14054 11722 4678 211 4467 7044 6082 962
cat_boundaries=0 1 2
cat_threshold=16 6
is_linear=0
shrinkage=0.05


Tree=51
num_leaves=8
num_cat=2
split_feature=0 34 33 37 40 4 0
split_gain=61.4343 32.6409 41.4679 36.4193 30.5064 25.9738 24.9382
threshold=0 24.450000000000003 33.750000000000007 25.500000000000004 32.850000000000009 0.15951094710994368 1
decision_type=1 2 2 2 2 2 1
left_child=-1 3 5 -2 -4 -3 -5
right_child=1 2 4 6 -6 -7 -8
leaf_value=-0.044121582706165431 -0.064201466309402752 -0.0086289307978898219 -0.0096829204852716781 0.016444913456549009 0.0280327604443079 -0.050493800243434139 0.0018788144707503028
leaf_weight=65.708744572475553 17.942159846425056 67.28213120251894 188.98926206305623 383.3468114733696 73.694843903183937 82.806727420538664 1189.7906805612147
leaf_count=2321 129 475 1170 1784 480 574 7140
internal_value=-0.000205854 0.00146824 -0.0110367 0.00472649 0.000964229 -0.0319079 0.00555292
internal_weight=2069.56 2003.85 412.773 1591.08 262.684 150.089 1573.14
internal_count=14073 11752 2699 9053 1650 1049 8924
cat_boundaries=0 1 2
cat_threshold=16 2
is_linear=0
shrinkage=0.05


Tree=52
num_leaves=9
num_cat=2
split_feature=0 0 33 4 19 43 39 4
split_gain=58.4304 34.813 20.7433 35.4159 20.4539 19.2868 20.8352 4.25997
threshold=0 1 36.850000000000001 0.79383249484937135 30.604166500000002 36.250000000000007 22.650000000000002 -0.84315017450793706
decision_type=1 1 2 2 2 2 2 2
left_child=-1 2 3 -2 -4 6 -3 -7
right_child=1 5 4 -5 -6 7 -8 -9
leaf_value=-0.043920318934352442 0.0096411888871898391 -0.00036176630573262131 0.054295135319240462 -0.014799735224247155 0.0028033029308818114 0.0060688442674020028 -0.017635665630682886 -0.054899212395992741
leaf_weight=64.224142016842961 810.50105160474777 664.35944977402687 43.353192403912544 180.40750090777874 34.325873166322708 3.0413316413760212 235.80183118954301 22.957214340567589
leaf_count=2365 3582 4677 186 769 148 28 2071 235
internal_value=-0.000662724 0.00096656 0.00708256 0.00518097 0.0318661 -0.00609028 -0.0049013 -0.0478065
internal_weight=2058.97 1994.75 1068.59 990.909 77.6791 926.16 900.161 25.9985
internal_count=14061 11696 4685 4351 334 7011 6748 263
cat_boundaries=0 1 2
cat_threshold=16 6
is_linear=0
shrinkage=0.05


Tree=53
num_leaves=9
num_cat=2
split_feature=0 0 5 43 5 43 39 4
split_gain=55.9701 31.2206 21.6733 46.3897 36.7103 19.4546 20.659 4.5349
threshold=0 1 -0.7444366621422277 12.550000000000002 -0.30164489695395941 36.250000000000007 22.650000000000002 -0.84315017450793706
decision_type=1 1 2 2 2 2 2 2
left_child=-1 2 3 -2 -4 6 -3 -7
right_child=1 5 4 -5 -6 7 -8 -9
leaf_value=-0.043581453266786842 -0.029079300852429282 0.00014904446180764345 -0.016924953732882164 0.02718567461025297 0.0087154275352772908 0.0092336429131169486 -0.017103541125276032 -0.054600111714126126
leaf_weight=61.477158384397626 42.248098060488701 670.40889424085617 181.49864614009857 243.37791366875172 593.04522044956684 2.8468965962529209 233.10067342966795 23.031493321061134
leaf_count=2362 181 4711 778 1032 2657 26 2064 244
internal_value=-0.000421343 0.0011467 0.00697791 0.0187909 0.00269305 -0.00550888 -0.00431602 -0.0474955
internal_weight=2051.03 1989.56 1060.17 285.626 774.544 929.388 903.51 25.8784
internal_count=14055 11693 4648 1213 3435 7045 6775 270
cat_boundaries=0 1 2
cat_threshold=16 6
is_linear=0
shrinkage=0.05


Tree=54
num_leaves=9
num_cat=2
split_feature=0 0 37 19 6 34 6 17
split_gain=53.1504 26.2479 24.5121 22.6816 20.7761 25.8928 24.1773 0.775244
threshold=0 1 67.500000000000014 26.699305500000005 2.5000000000000004 21.050000000000004 27.000000000000004 23.950000000000006
decision_type=1 1 2 2 2 2 2 2
left_child=-1 4 3 -3 5 -2 -6 -4
right_child=1 2 7 -5 6 -7 -8 -9
leaf_value=-0.043193652267248417 -0.048089782929683911 0.010897534449729521 -0.014068031372405858 -0.012087114330254419 0.011482952206635449 -0.0015139230662985922 -0.0077600226953020365 -0.052022879630123545
leaf_weight=58.459789330139756 32.341699831187725 150.86682786419988 2.3413536027073851 365.66672302037477 921.60051757842302 284.83377275615931 197.57925929874182 29.770354885607958
leaf_count=2340 178 1077 17 3296 4456 1415 967 281
internal_value=-0.000199508 0.00129876 -0.00790633 -0.00536578 0.0048482 -0.00639938 0.00808192 -0.0497639
internal_weight=2043.46 1985 548.645 516.534 1436.36 317.175 1119.18 32.1117
internal_count=14027 11687 4671 4373 7016 1593 5423 298
cat_boundaries=0 1 2
cat_threshold=16 7
is_linear=0
shrinkage=0.05


Tree=55
num_leaves=9
num_cat=2
split_feature=0 0 34 34 40 43 37 4
split_gain=50.3359 27.9655 18.6948 25.4108 20.453 17.0278 18.2715 5.99085
threshold=0 1 20.350000000000005 19.200000000000003 0.25000000000000006 35.600000000000001 31.500000000000004 -0.84315017450793706
decision_type=1 1 2 2 2 2 2 2
left_child=-1 2 3 -2 -4 6 -3 -7
right_child=1 5 4 -5 -6 7 -8 -9
leaf_value=-0.042787680104865528 0.035227105642618363 -0.023238992805328915 0.043932326262081073 -0.049277661683065736 0.0068935581401094494 0.018557321766608945 -0.0011341059735592532 -0.050747771782264799
leaf_weight=55.517238007858396 11.631395906209944 105.15597003698349 37.784463360905647 30.121809549629688 989.0037447810173 3.0318287238478687 784.19399321824312 24.808761082589626
leaf_count=2315 56 900 159 153 4328 28 5820 272
internal_value=6.90949e-07 0.00142609 0.00689172 -0.0254634 0.00829795 -0.00494766 -0.00377093 -0.0428187
internal_weight=2041.25 1985.73 1068.54 41.7532 1026.79 917.191 889.35 27.8406
internal_count=14031 11716 4696 209 4487 7020 6720 300
cat_boundaries=0 1 2
cat_threshold=16 6
is_linear=0
shrinkage=0.05


Tree=56
num_leaves=9
num_cat=2
split_feature=0 0 34 33 38 5 4 36
split_gain=48.3263 28.6103 19.4259 26.3158 22.5582 17.5238 32.0111 20.6524
threshold=0 1 24.450000000000003 34.550000000000004 6.3726190000000011 -0.15950993297387567 -0.70291267844185523 94.500000000000014
decision_type=1 1 2 2 2 2 2 2
left_child=-1 5 4 -4 -3 6 -2 -7
right_child=1 2 3 -5 -6 7 -8 -9
leaf_value=-0.042519097412662236 -0.035384420053553828 -0.013849596065346199 -0.028374596352416875 0.0025465446021717903 0.0038170482793500461 0.0012228695768167169 0.010558336227741483 0.031158305785242181
leaf_weight=53.802002238109708 45.110378071665764 220.75644996762276 148.5441468283534 127.17234622687101 974.77350087091327 87.799663498997688 212.39771497249603 167.0608419328928
leaf_count=2337 196 1284 1256 875 5960 370 919 872
internal_value=-2.5621e-05 0.0013552 -0.00220174 -0.0141548 0.000546027 0.0114004 0.00240432 0.0208906
internal_weight=2037.42 1983.62 1471.25 275.716 1195.53 512.369 257.508 254.861
internal_count=14069 11732 9375 2131 7244 2357 1115 1242
cat_boundaries=0 1 2
cat_threshold=16 2
is_linear=0
shrinkage=0.05


Tree=57
num_leaves=14
num_cat=1
split_feature=40 6 6 43 6 34 33 38 1 38 5 7 31
split_gain=20.0875 21.7118 23.0237 23.9864 22.4498 22.8169 18.9693 12.2297 6.27708 8.55141 1.90319 0.840432 0.510002
threshold=132.00000000000003 2.5000000000000004 27.000000000000004 9.6000000000000032 1.5000000000000002 21.050000000000004 34.750000000000007 10.845535500000002 0 7.9485120000000009 -0.45273527932988084 25.981250000000003 44.100000000000001
decision_type=2 2 2 2 2 2 2 2 1 2 2 2 2
left_child=1 4 6 -4 5 -1 -3 -6 11 10 -10 -2 -11
right_child=8 2 3 -5 7 -7 -8 -9 9 12 -12 -13 -14
leaf_value=-0.040649752481218909 -0.023975890687743587 0.0025187159557054162 -0.071738116846369882 -0.0069555840908896542 -0.050294013093430567 -0.0009096194153922426 0.017426211211547842 0.0025424401875780225 -0.059655431780984862 0.00804112692434889 -0.0070959103471658572 -0.065316836086268037 0.034161178629549635
leaf_weight=39.413657961413264 3.0826322752982405 1036.0896484460682 14.227247035130857 238.40131459198892 45.517485855147243 340.38257713243365 267.90073920413852 14.202511154115198 6.4726837035268545 5.0753700658678991 2.6242778245359677 13.461592495441435 3.0305675938725471
leaf_count=306 21 7044 106 1669 347 2386 1799 109 54 32 16 104 22
internal_value=-0.000512664 0.000143341 0.00291503 -0.0108724 -0.00965738 -0.0051296 0.00559242 -0.0378936 -0.0382026 -0.0156548 -0.0466976 -0.0594196 0.0204857
internal_weight=2029.88 1996.14 1556.62 252.629 439.516 379.796 1303.99 59.72 33.7471 17.2029 9.09696 16.5442 8.10594
internal_count=14015 13766 10618 1775 3148 2692 8843 456 249 124 70 125 54
cat_boundaries=0 1
cat_threshold=1
is_linear=0
shrinkage=0.05


Tree=58
num_leaves=9
num_cat=2
split_feature=0 40 6 34 8 1 39 7
split_gain=44.6554 26.6429 26.2703 21.4614 21.3247 12.0799 17.3944 1.67154
threshold=0 127.05000000000001 2.5000000000000004 24.450000000000003 33.550000000000004 1 19.250000000000004 25.775000000000002
decision_type=1 2 2 2 2 1 2 2
left_child=-1 2 4 -4 -2 7 -7 -3
right_child=1 5 3 -5 -6 6 -8 -9
leaf_value=-0.042181904845788876 -0.0212539346455526 -0.018246592630763728 0.0076818983212776698 -0.0075367327063997755 0.0010817027005189514 -0.053904303033055802 0.027746655747566129 -0.065546143446300692
leaf_weight=51.668781561776996 198.2030040062964 3.0826697871089008 1204.5273458622396 285.9121472351253 230.33404349908233 11.113922461867334 13.203013576567171 20.616732016205788
leaf_count=2338 1270 18 6831 1912 1384 71 79 134
internal_value=-0.000633293 0.000689816 0.00162228 0.0047594 -0.0092742 -0.0357084 -0.0102266 -0.0603816
internal_weight=2018.66 1966.99 1918.98 1490.44 428.537 48.0163 24.3169 23.6994
internal_count=14037 11699 11397 8743 2654 302 150 152
cat_boundaries=0 1 2
cat_threshold=16 1
is_linear=0
shrinkage=0.05


Tree=59
num_leaves=9
num_cat=2
split_feature=0 0 39 5 5 5 39 34
split_gain=43.0744 23.2327 20.1951 50.0375 36.9658 18.1239 19.4204 19.3085
threshold=0 1 17.150000000000002 0.90438663683299525 0.91511078773075505 -0.17646730165275518 18.550000000000004 23.250000000000004
decision_type=1 1 2 2 2 2 2 2
left_child=-1 5 3 -3 -4 7 -7 -2
right_child=1 2 4 -5 -6 6 -8 -9
leaf_value=-0.041751597149238609 0.066029032762627601 -0.029022039092820126 0.0034607038028899016 0.014904493850009044 -0.029560745234384636 0.040515518131809446 0.010577175862022434 -0.001719876123890538
leaf_weight=49.051053108647466 9.9826772361993772 187.08628982305527 1089.9841441530734 98.163877822458744 90.890897762030363 78.416907697916031 173.8567114174366 247.10154522955418
leaf_count=2310 47 1189 7068 518 572 440 801 1068
internal_value=-3.11518e-05 0.00123038 -0.00197779 -0.0139062 0.000896211 0.0103113 0.0200065 0.00115649
internal_weight=2024.53 1975.48 1466.13 285.25 1180.88 509.358 252.274 257.084
internal_count=14013 11703 9347 1707 7640 2356 1241 1115
cat_boundaries=0 1 2
cat_threshold=16 2
is_linear=0
shrinkage=0.05


Tree=60
num_leaves=9
num_cat=2
split_feature=0 0 5 30 5 19 33 36
split_gain=41.1089 25.2935 20.2106 52.0936 26.9969 17.0372 35.5426 10.3449
threshold=0 1 -0.76696334127844745 10.15 -0.27694043983797378 29.084027500000001 34.750000000000007 89.500000000000014
decision_type=1 1 2 2 2 2 2 2
left_child=-1 2 3 -2 -4 6 -3 -7
right_child=1 5 4 -5 -6 7 -8 -9
leaf_value=-0.041440677042777346 -0.01755605186207183 -0.0069213894977503583 -0.013150189850551251 0.031303872033007531 0.0078504342350915659 0.0067580026518011434 0.022175025126228147 -0.031394434491209565
leaf_weight=47.343427907675505 74.114697471261024 685.31993818469346 206.48729060590267 200.1234625428915 582.30321449041367 21.973098739981651 122.91516491025686 85.36649078130722
leaf_count=2320 320 5233 889 854 2646 185 885 750
internal_value=-7.32727e-05 0.00114056 0.00635729 0.0180833 0.00234326 -0.00491988 -0.00247452 -0.0235941
internal_weight=2025.95 1978.6 1063.03 274.238 788.791 915.575 808.235 107.34
internal_count=14082 11762 4709 1174 3535 7053 6118 935
cat_boundaries=0 1 2
cat_threshold=16 6
is_linear=0
shrinkage=0.05


Tree=61
num_leaves=11
num_cat=5
split_feature=0 37 1 4 40 0 33 1 7 1
split_gain=42.2591 22.3262 18.7564 32.7168 27.9519 12.2404 10.9751 11.1948 7.27114 12.5688
threshold=0 25.500000000000004 1 -0.97113884758256674 111.2 2 38.800000000000004 3 30.647917000000003 4
decision_type=1 2 1 2 2 1 2 1 2 1
left_child=5 8 4 -4 -3 6 7 -1 -2 -10
right_child=1 2 3 -5 -6 -7 -8 -9 9 -11
leaf_value=-0.0021834896168349219 -0.063191212602234578 0.00078793882856505355 0.043736450832717572 0.0060570505855630265 -0.034813662098193802 -0.041090316092773561 0.077018614304610308 -0.025859035484375504 -0.060841975734881953 0.037077213564655577
leaf_weight=100.76264557242393 15.310555674135687 804.77864734455943 61.072725251317024 810.95915426313877 58.184981841593981 45.49666759558022 2.3909385353326789 98.364393625408411 5.2171474918723089 5.9719150364398956
leaf_count=1149 101 4270 312 4298 318 2322 20 1149 32 36
internal_value=0.000101996 0.002853 0.00357569 0.008743 -0.00165 -0.018805 -0.0119072 -0.0139495 -0.0418351 -0.00982556
internal_weight=2008.51 1761.5 1735 872.032 862.964 247.015 201.518 199.127 26.4996 11.1891
internal_count=14007 9367 9198 4610 4588 4640 2318 2298 169 68
cat_boundaries=0 1 2 3 4 5
cat_threshold=24 1 8 1 1
is_linear=0
shrinkage=0.05


Tree=62
num_leaves=8
num_cat=1
split_feature=0 40 36 20 37 44 4
split_gain=36.9709 23.4127 26.0952 46.5628 32.019 8.79764 3.71604
threshold=0 127.05000000000001 96.500000000000014 33.45000000000001 40.500000000000007 45.900000000000013 -0.90893996196865012
decision_type=1 2 2 2 2 2 2
left_child=-1 2 3 -2 -4 6 -3
right_child=1 5 4 -5 -6 -7 -8
leaf_value=-0.040810942024409588 -0.036056148055341471 -0.024404677133123824 0.027758732471250925 -0.00031351312677075645 0.0027049296059742768 0.023257803574940769 -0.056928892753267381
leaf_weight=44.12834067735821 112.46285387128592 18.971907429397106 141.7032129317522 462.78038979694247 1202.1655444204807 5.1806147247552863 20.888208545744419
leaf_count=2342 785 113 750 2798 7083 30 145
internal_value=-0.000428147 0.000703526 0.00155163 -0.00735182 0.00536538 -0.0345288 -0.0424247
internal_weight=2008.28 1964.15 1919.11 575.243 1343.87 45.0407 39.8601
internal_count=14046 11704 11416 3583 7833 288 258
cat_boundaries=0 1
cat_threshold=16
is_linear=0
shrinkage=0.05


Tree=63
num_leaves=8
num_cat=1
split_feature=0 40 36 8 32 25 8
split_gain=35.5684 23.1329 24.1791 35.9643 25.2783 6.64002 4.34386
threshold=0 128.60000000000002 96.500000000000014 33.350000000000001 26.759821500000005 11.584027500000003 28.550000000000004
decision_type=1 2 2 2 2 2 2
left_child=-1 2 3 -2 -4 6 -3
right_child=1 5 4 -5 -6 -7 -8
leaf_value=-0.040428062364990795 -0.025293888971681878 0.0093481991652976954 0.014484077410370961 0.0016721695917825922 0.0002502946076922441 0.028448870970598575 -0.047822628647380488
leaf_weight=42.286888058297336 179.86340711265802 3.3539494648575774 488.31184436008334 390.48120970278978 860.50804653391242 2.9400145262479773 32.943745912984014
leaf_count=2335 1229 20 2639 2329 5242 19 222
internal_value=-0.000120912 0.000970983 0.0017617 -0.00686121 0.00541025 -0.036545 -0.042431
internal_weight=2000.69 1958.4 1919.16 570.345 1348.82 39.2377 36.2977
internal_count=14035 11700 11439 3558 7881 261 242
cat_boundaries=0 1
cat_threshold=16
is_linear=0
shrinkage=0.05


Tree=64
num_leaves=9
num_cat=3
split_feature=0 0 39 5 5 37 5 1
split_gain=33.4211 24.1102 16.3996 39.9781 32.9853 15.4809 17.5297 2.42695
threshold=0 1 17.150000000000002 0.90438663683299525 0.91511078773075505 25.500000000000004 -0.22700609751797862 2
decision_type=1 1 2 2 2 2 2 1
left_child=-1 5 3 -3 -4 7 -7 -2
right_child=1 2 4 -5 -6 6 -8 -9
leaf_value=-0.040037731809046073 -0.073010024424248823 -0.027155613658486601 0.0024665140070735674 0.012092611738226521 -0.029389263584484793 0.0019472002324394525 0.020859401175432626 -0.018161644218199095
leaf_weight=40.517836314626038 4.7287560254335386 182.70028403773904 1087.1242084335536 99.585128776729107 86.819748476147652 241.08487102389336 248.6312862187624 4.4654331207275391
leaf_count=2325 22 1176 7067 529 558 1054 1242 21
internal_value=-0.000285913 0.000758739 -0.0025008 -0.0133157 8.75921e-05 0.0101214 0.011572 -0.050766
internal_weight=1995.66 1955.14 1456.23 282.285 1173.94 498.91 489.716 9.19419
internal_count=13994 11669 9330 1705 7625 2339 2296 43
cat_boundaries=0 1 2 3
cat_threshold=16 2 1
is_linear=0
shrinkage=0.05


Tree=65
num_leaves=9
num_cat=1
split_feature=0 6 6 34 4 39 6 4
split_gain=31.3231 19.0444 27.8592 19.2089 18.9772 17.3598 16.4669 13.4898
threshold=0 2.5000000000000004 27.000000000000004 21.050000000000004 -0.97509794945709782 16.000000000000004 1.5000000000000002 -0.26037633224328088
decision_type=1 2 2 2 2 2 2 2
left_child=-1 3 5 7 -4 -3 -5 -2
right_child=1 2 4 6 -6 -7 -8 -9
leaf_value=-0.039655749514795696 0.021111159261512854 -0.0080738109605725059 0.016092782721404048 -0.0011578038976334298 -0.018164590104799146 0.0085547301080049886 -0.031669297128747644 -0.05161039548691583
leaf_weight=38.888573004864156 7.0873413309454909 182.70541942119598 49.006062977015972 333.9406202416867 213.24318028055131 1083.3909234236926 49.985320452600718 37.022151634097099
leaf_count=2317 38 1048 279 2035 1333 6381 325 273
internal_value=-0.000533932 0.000463813 0.0030775 -0.00884326 -0.0117262 0.00615065 -0.00520221 -0.0397168
internal_weight=1995.27 1956.38 1528.35 428.035 262.249 1266.1 383.926 44.1095
internal_count=14029 11712 9041 2671 1612 7429 2360 311
cat_boundaries=0 1
cat_threshold=16
is_linear=0
shrinkage=0.05


Tree=66
num_leaves=15
num_cat=2
split_feature=0 6 44 39 33 34 33 5 34 33 0 4 32 40
split_gain=31.8064 21.126 18.8043 21.4597 17.9168 18.1568 11.6059 10.656 13.6862 18.74 10.8826 9.04277 6.38422 15.4693
threshold=0 2.5000000000000004 48.800000000000004 26.050000000000004 36.850000000000001 25.450000000000003 38.100000000000009 -0.6905596507703472 22.950000000000003 30.850000000000005 1 0.96465729447553372 27.052083000000003 69.000000000000014
decision_type=1 2 2 2 2 2 2 2 2 2 1 2 2 2
left_child=7 4 3 -3 5 -2 -6 12 9 -9 -10 -4 13 -1
right_child=1 2 11 -5 6 -7 -8 8 10 -11 -12 -13 -14 -15
leaf_value=0.092470555835442697 -0.014714698350663713 0.0045677476310704681 -0.030871177519433413 0.039921683000491218 0.037169297441125293 0.050930770234797078 -0.021221827789240311 0.0573773113550506 0.0040607806626164356 -0.03831716220719527 -0.03074951406209846 0.029010681300138785 -0.049717034436901578 -0.034471770806510184
leaf_weight=2.0842609778046599 325.75835558772087 1285.0510853715241 49.456158198416233 43.433074124157429 30.797883160412312 9.9237141311168653 10.87478870898485 4.6892662718892089 108.57991930469871 62.058858119882643 16.835893762297928 6.4050370454788199 35.090282126329839 9.8726606220006925
leaf_count=40 1824 6721 291 239 176 56 66 63 1040 1182 1040 36 1038 262
internal_value=-0.000679633 0.00168302 0.00455149 0.00575276 -0.00877985 -0.0126285 0.0217915 -0.0173615 -0.0127361 -0.0308466 -0.00292964 -0.0236157 -0.0392093 -0.00691496
internal_weight=2000.91 1761.7 1384.35 1328.48 377.355 335.682 41.6727 239.211 192.164 66.7481 125.416 55.8612 47.0472 11.9569
internal_count=14074 9409 7287 6960 2122 1880 242 4665 3325 1245 2080 327 1340 302
cat_boundaries=0 1 2
cat_threshold=24 8
is_linear=0
shrinkage=0.05


Tree=67
num_leaves=15
num_cat=0
split_feature=34 34 40 44 31 43 33 43 39 25 38 36 26 4
split_gain=17.6438 31.4542 32.6309 34.292 27.1425 23.1055 42.9328 32.3967 20.6358 36.5771 35.1785 22.2155 20.8278 19.2735
threshold=23.850000000000005 22.950000000000003 103.95000000000002 38.70000000000001 41.95000000000001 9.9500000000000011 32.550000000000004 19.050000000000004 18.650000000000002 6.6145835000000011 8.5497025000000004 97.500000000000014 19.450000000000003 0.66527693225344786
decision_type=2 2 2 2 2 2 2 2 2 2 2 2 2 2
left_child=1 5 4 -4 -3 6 -1 -7 9 -2 13 -11 -12 -10
right_child=8 2 3 -5 -6 7 -8 -9 10 11 12 -13 -14 -15
leaf_value=0.025337626329796581 0.0078040918966791857 0.018663309430640738 -0.039026557115150989 0.034477127614339208 -0.026638010302969417 -0.044431064058326454 -0.0098827895227942136 0.0027268306656624448 0.0099003241061429541 -0.0084285149487381607 -0.028613015889630868 -0.059050968890874647 -0.0040804220199903074 0.060739016480465868
leaf_weight=122.53033366985619 60.18084514234215 486.30358644016087 56.673520189709961 21.015657162293792 34.608224488794804 77.181500980630517 287.83787942864001 67.974462073296309 171.9091345500201 33.439218997024 111.4259326858446 62.621453487314284 377.37207824829966 20.011860402300954
leaf_count=762 461 3178 388 129 239 532 2027 425 1277 279 836 535 2839 138
internal_value=-0.000852447 0.00315484 0.0110981 -0.0189577 0.0156083 -0.00540886 0.000669574 -0.0224801 -0.00637546 -0.0227021 -0.00260029 -0.0416974 -0.00971985 0.0154887
internal_weight=1991.09 1154.13 598.601 77.6892 520.912 555.524 410.368 145.156 836.961 156.242 680.719 96.0607 488.798 191.921
internal_count=14045 7680 3934 517 3417 3746 2789 957 6365 1275 5090 814 3675 1415
is_linear=0
shrinkage=0.05


Tree=68
num_leaves=14
num_cat=1
split_feature=0 37 21 37 36 39 44 37 32 24 13 37 25
split_gain=32.3716 21.4791 20.1984 22.1332 19.9035 19.6878 19.4453 15.6818 8.25483 7.21674 2.3852 0.785453 0.146712
threshold=0 67.500000000000014 24.050000000000004 62.500000000000007 90.500000000000014 14.300000000000002 24.650000000000002 25.500000000000004 26.361012000000006 51.500000000000007 5.5041665000000011 55.500000000000007 6.6145835000000011
decision_type=1 2 2 2 2 2 2 2 2 2 2 2 2
left_child=5 2 3 -2 -4 8 -7 -8 11 -10 -3 -1 -12
right_child=1 10 4 -5 -6 6 7 -9 9 -11 12 -13 -14
leaf_value=-0.062270204150254242 -0.0066742539572713817 -0.0017468609224707871 0.024543459122137595 0.02551143759823047 -0.025696719044686789 0.08496724981397405 -0.036514086501197744 0.0051462147621935145 0.047346078567410667 -0.021128634595067208 -0.028343194214092784 -0.03107905994915218 -0.055133485118083275
leaf_weight=11.975270494818689 272.49751545581967 2.5619092704728237 21.306614340282977 65.378375814296305 181.44558824878186 6.5434413701295844 21.986627787351608 1342.7997561208904 3.7059945166111019 20.640856556594372 4.0254813795909312 6.6158600300550452 26.512194258160889
leaf_count=56 2941 30 247 630 2748 29 131 6668 18 104 47 32 380
internal_value=-0.000251516 -0.0101556 -0.00788873 -0.000389476 -0.0203226 0.00381542 0.00489466 0.00444883 -0.0291114 -0.00924893 -0.0488423 -0.0533234 -0.0526127
internal_weight=1988 573.728 540.628 337.876 202.752 1414.27 1371.33 1364.79 42.938 24.3469 33.0996 18.5911 30.5377
internal_count=14061 7023 6566 3571 2995 7038 6828 6799 210 122 457 88 427
cat_boundaries=0 1
cat_threshold=7
is_linear=0
shrinkage=0.05


Tree=69
num_leaves=9
num_cat=3
split_feature=0 0 43 38 1 44 31 4
split_gain=28.4942 17.3906 16.1641 14.9788 13.7284 13.0964 14.6934 4.07097
threshold=0 1 29.550000000000004 7.6613095000000007 2 52.750000000000007 33.300000000000004 -0.96235977360714686
decision_type=1 1 2 2 1 2 2 2
left_child=-1 2 3 -2 -4 6 -3 -7
right_child=1 5 4 -5 -6 7 -8 -9
leaf_value=-0.039030156252222087 0.024209246328088938 -0.0079000688129321119 -0.03696131251637385 0.0047592711131271455 0.0080873992845319643 0.002857831958294782 0.002296990936619447 -0.060941332987760589
leaf_weight=36.474647331982851 156.26231276988983 620.23010804690421 32.778766483068466 268.88902194797993 33.28050833940506 3.0185525938868514 818.25950697623193 11.473261233419178
leaf_count=2370 830 3822 150 1189 155 20 5413 103
internal_value=-0.000760529 0.000176877 0.00820455 0.011948 -0.0144837 -0.0025783 -0.00210208 -0.0483257
internal_weight=1980.67 1944.19 491.211 425.151 66.0593 1452.98 1438.49 14.4918
internal_count=14052 11682 2324 2019 305 9358 9235 123
cat_boundaries=0 1 2 3
cat_threshold=16 2 1
is_linear=0
shrinkage=0.05


Tree=70
num_leaves=15
num_cat=1
split_feature=5 5 34 37 39 43 1 42 6 35 22 9 21 21
split_gain=19.6363 21.3782 21.4282 29.8733 18.3903 14.0962 9.67234 9.66856 8.95715 8.68674 5.144 3.61834 0.576955 0.529313
threshold=0.99445195900249039 0.95936279103287792 23.850000000000005 25.500000000000004 18.650000000000002 0.95000000000000007 0 3.5000000000000004 2.5000000000000004 70.949404500000014 72.451388500000022 23.250000000000004 22.750000000000004 22.950000000000003
decision_type=2 2 2 2 2 2 1 2 2 2 2 2 2 2
left_child=1 2 3 -1 -4 8 9 -7 -3 13 -8 -11 -12 -2
right_child=6 5 4 -5 -6 7 10 -9 -10 11 12 -13 -14 -15
leaf_value=-0.061175466354248975 0.029621837793460854 -0.053491549949725936 -0.022273087836088244 0.0054344569775149499 -0.0030556193204906361 -0.063315628446133546 0.059627743386209686 -0.021808975892684306 0.0087496886863882121 -0.05233180801308715 0.021468981632405376 0.010761279831973192 -0.0042001006457448049 0.0096750902065384763
leaf_weight=16.131673248484731 14.371638190932577 5.9030036330223075 151.62917892914265 976.32652391213924 677.72297824919224 24.37513714749366 21.255461657419804 35.231357302516699 34.560816593468189 5.892307370901106 3.6134971249848595 2.9494920326396823 3.6451670313253999 5.917462025769054
leaf_count=152 88 55 1280 6499 5103 166 135 233 222 39 23 20 26 39
internal_value=-0.00103735 -0.00190608 -0.000663943 0.00429127 -0.00659171 -0.0242892 0.0274645 -0.0395471 -0.00140137 0.00677304 0.0476579 -0.03233 0.00963072 0.024532
internal_weight=1979.53 1921.88 1821.81 992.458 829.352 100.07 57.645 59.6065 40.4638 29.1309 28.5141 8.8418 7.25866 20.2891
internal_count=14080 13710 13034 6651 6383 676 370 399 277 186 184 59 49 127
cat_boundaries=0 1
cat_threshold=1
is_linear=0
shrinkage=0.05


Tree=71
num_leaves=15
num_cat=3
split_feature=0 1 41 33 4 5 32 5 1 4 4 4 4 43
split_gain=28.9177 23.1052 27.9125 24.685 23.7667 25.0001 15.898 15.4923 10.0717 41.6236 33.1668 27.2993 21.009 19.2752
threshold=0 1 115.00000000000001 31.950000000000003 -0.96235977360714686 0.99138911339924218 26.401488000000004 -0.84313311835787952 2 -0.84315017450793706 0.97508442350096225 -0.85227431625818906 -0.70291267844185523 29.550000000000004
decision_type=1 1 2 2 2 2 2 2 1 2 2 2 2 2
left_child=8 2 3 -2 6 -6 -3 -4 11 13 -11 -1 -13 -10
right_child=1 4 7 -5 5 -7 -8 -9 9 10 -12 12 -14 -15
leaf_value=-0.054866319308497419 0.012509950652914038 0.067541889408776687 0.0080127022412405571 -0.0071412433287861028 0.003381257901866495 0.049915344391620986 0.017117882172497958 -0.059883423964060892 0.058511304659721035 -0.052911538008576786 0.037495394697414808 0.069600430700992089 -0.0034403546580811942 -0.045970947737912909
leaf_weight=22.847144800238311 216.75000807642937 24.092178121209145 10.97264329344034 599.68344513699412 780.60823002830148 28.982472486793995 44.116726957261562 32.06594368070364 16.763529744930569 82.637763963080943 10.824509409256278 10.09857691079378 86.503055707551539 5.0482122963294378
leaf_count=349 1106 112 58 3302 4204 141 239 187 257 1812 188 156 1857 94
internal_value=-0.000456649 0.00180563 -0.00400914 -0.00191524 0.00751762 0.00510665 0.0356468 -0.0427845 -0.0165133 -0.0276993 -0.0421548 -0.00694885 0.00483009 0.0333743
internal_weight=1971.99 1737.27 859.472 816.433 877.8 809.591 68.2089 43.0386 234.723 115.274 93.4623 119.449 96.6016 21.8117
internal_count=14062 9349 4653 4408 4696 4345 351 245 4713 2351 2000 2362 2013 351
cat_boundaries=0 1 2 3
cat_threshold=24 1 1
is_linear=0
shrinkage=0.05


Tree=72
num_leaves=9
num_cat=3
split_feature=0 40 0 39 39 1 13 38
split_gain=27.1057 19.4714 19.8204 15.2352 13.3712 10.5291 10.4715 0.637336
threshold=0 127.05000000000001 1 17.150000000000002 23.150000000000002 2 10.010416500000002 9.8517855000000019
decision_type=1 2 1 2 2 1 2 2
left_child=-1 2 4 -4 -2 7 -7 -3
right_child=1 5 3 -5 -6 6 -8 -9
leaf_value=-0.038319411775373166 0.015757137687951457 -0.06072251457443846 -0.011808743872172178 0.0012902671245646814 -0.00281778953168741 -0.02721746542585304 0.044445624518124227 -0.025962815420138199
leaf_weight=33.888507229276001 348.0232926979661 17.438193157315258 274.58295715786517 1140.451310755685 133.73676463961601 17.32969451695681 6.0816784389317027 3.7860738262534133
leaf_count=2331 1711 127 1694 7432 576 114 36 23
internal_value=9.63023e-05 0.000978486 0.00175911 -0.00124928 0.0103903 -0.0312916 -0.00754313 -0.0559692
internal_weight=1975.32 1941.43 1896.79 1415.03 481.76 44.6356 23.4114 21.2243
internal_count=14044 11713 11413 9126 2287 300 150 150
cat_boundaries=0 1 2 3
cat_threshold=16 2 1
is_linear=0
shrinkage=0.05


Tree=73
num_leaves=9
num_cat=1
split_feature=0 6 6 23 44 6 38 39
split_gain=25.3198 19.3479 20.4213 23.6309 15.0738 14.9709 12.7534 10.4125
threshold=0 2.5000000000000004 27.000000000000004 97.500000000000014 48.800000000000004 1.5000000000000002 10.845535500000002 22.550000000000004
decision_type=1 2 2 2 2 2 2 2
left_child=-1 5 4 -4 -3 7 -7 -2
right_child=1 2 3 -5 -6 6 -8 -9
leaf_value=-0.037942642011844302 0.0017672320864033073 0.0068729487864685572 -0.028541659623493299 0.0023907581915276581 -0.021498148175600119 -0.046742120421510873 0.0075194754150765888 -0.015591519827864784
leaf_weight=32.639763414859772 214.27555563114583 1218.5507673732936 99.804184421896935 158.98423291370273 47.731887374073267 41.256582146510482 14.222429253160952 143.54381937347353
leaf_count=2328 1329 7135 656 964 326 294 93 923
internal_value=-0.00027895 0.000567217 0.0031713 -0.00960256 0.00578739 -0.00901262 -0.0329449 -0.0052205
internal_weight=1971.01 1938.37 1525.07 258.788 1266.28 413.298 55.479 357.819
internal_count=14048 11720 9081 1620 7461 2639 387 2252
cat_boundaries=0 1
cat_threshold=16
is_linear=0
shrinkage=0.05


Tree=74
num_leaves=7
num_cat=1
split_feature=0 31 44 2 40 26
split_gain=24.4997 18.1527 15.6623 39.5065 22.6575 0.574565
threshold=0 52.000000000000007 35.100000000000001 1.5000000000000002 110.95000000000002 28.500000000000004
decision_type=1 2 2 2 2 2
left_child=-1 2 4 -4 -2 -3
right_child=1 5 3 -5 -6 -7
leaf_value=-0.037628365288525673 -0.0028505066453506527 -0.066156873457567975 -0.041772608627195652 0.0060273257535140567 -0.042533497519228969 -0.02547727455105088
leaf_weight=31.657819540239871 631.02292316779494 8.8130901269614679 43.820623707026243 1221.1931883748621 37.159552346915007 2.9289611820131531
leaf_count=2342 3755 63 292 7385 240 26
internal_value=-0.000144018 0.000675039 0.00107002 0.00433983 -0.00511765 -0.0588055
internal_weight=1976.6 1944.94 1933.2 1265.01 668.182 11.7421
internal_count=14103 11761 11672 7677 3995 89
cat_boundaries=0 1
cat_threshold=16
is_linear=0
shrinkage=0.05


Tree=75
num_leaves=9
num_cat=1
split_feature=0 36 8 37 40 39 20 34
split_gain=22.9024 16.7422 39.8587 34.1448 25.4602 21.5864 21.3583 10.8183
threshold=0 96.500000000000014 33.150000000000013 40.500000000000007 1.6500000000000001 17.250000000000004 32.750000000000007 20.850000000000005
decision_type=1 2 2 2 2 2 2 2
left_child=-1 2 7 6 -4 -5 -3 -2
right_child=1 3 4 5 -6 -7 -8 -9
leaf_value=-0.037246857566576017 -0.056899191057790371 0.057023998521890322 -0.01148855439823011 -0.010566654152951559 0.013148331797264896 0.0045273206377743824 0.013964961099764162 -0.022201831902435496
leaf_weight=30.508036764338613 27.43602279573679 40.009630337357521 204.90795972198248 318.9190286565572 212.70388290286064 911.51449999958277 100.12550779804587 123.56985429674387
leaf_count=2342 238 209 1297 1944 1231 5417 539 842
internal_value=-0.000499279 0.000288238 -0.00691587 0.00328202 0.00106128 0.000609673 0.0265756 -0.0288388
internal_weight=1969.69 1939.19 568.618 1370.57 417.612 1230.43 140.135 151.006
internal_count=14059 11717 3608 8109 2528 7361 748 1080
cat_boundaries=0 1
cat_threshold=16
is_linear=0
shrinkage=0.05


Tree=76
num_leaves=15
num_cat=2
split_feature=0 5 34 5 5 34 37 39 43 7 14 1 4 14
split_gain=23.2213 20.5964 18.4049 35.4919 17.9226 18.7448 15.6895 14.1796 14.1005 11.9794 3.84898 3.19153 1.65526 0.562394
threshold=0 0.99249573635719013 20.250000000000004 0.99138911339924218 0.95936279103287792 23.850000000000005 67.500000000000014 25.250000000000004 0.25000000000000006 28.114583500000006 10.950000000000001 1 -0.35846811432664222 13.750000000000002
decision_type=1 2 2 2 2 2 2 2 2 2 2 1 2 2
left_child=2 6 3 12 5 -4 8 -6 -2 11 -8 -3 -1 -5
right_child=1 9 4 13 7 -7 10 -9 -10 -11 -12 -13 -14 -15
leaf_value=-0.027219674475054328 -0.043280165070371628 0.073107621298662898 0.011650330568076205 0.062459058493294334 -0.023332619120818091 -0.00046113342384976374 0.023031429314415878 0.042619019163754691 -0.00674065509522144 -0.037501052320816151 -0.048916285364623446 0.027390048202504041 -0.0628534450418822 0.026219521530060477
leaf_weight=6.3920135498046902 26.988850256428123 9.4819147763773799 646.2003500238061 5.315303906798361 83.550993785262108 630.73708317428827 1.4158213753253246 8.1008723974227888 483.42015579715371 3.698470599949359 29.40765284653753 8.9913278222084081 23.608911760151386 4.1786582246422768
leaf_count=32 402 88 3179 26 404 3195 11 37 5994 40 441 83 148 21
internal_value=-0.000303456 -0.00878247 0.00313309 -0.0300713 0.00413544 0.00567225 -0.0108965 -0.0171062 -0.0087536 0.0372771 -0.0449916 0.0534051 -0.0563842 0.0505271
internal_weight=1971.49 563.404 1408.08 39.4949 1368.59 1276.94 541.232 91.6519 510.409 22.1717 30.8235 18.4732 30.0009 9.49396
internal_count=14101 7059 7042 227 6815 6374 6848 441 6396 211 452 171 180 47
cat_boundaries=0 1 2
cat_threshold=7 2
is_linear=0
shrinkage=0.05


Tree=77
num_leaves=14
num_cat=3
split_feature=0 1 4 5 43 5 22 32 34 2 1 32 38
split_gain=21.6202 19.7623 26.6284 24.6877 22.869 29.694 11.783 9.11984 13.8834 15.3953 13.3609 8.71429 0.760815
threshold=0 1 -0.97509794945709782 0.99349222267034765 32.550000000000004 0.79773375822167203 77.284722500000015 25.629762000000003 21.850000000000005 2.5000000000000004 2 26.401488000000004 6.001488000000001
decision_type=1 1 2 2 2 2 2 2 2 2 1 2 2
left_child=7 4 11 -4 5 -2 -6 10 12 -10 -1 -3 -9
right_child=1 2 3 -5 6 -7 -8 8 9 -11 -12 -13 -14
leaf_value=0.10621655813385603 0.0035033632474507173 0.066305206416540752 0.0029215119807590364 0.050730589034098453 0.046466637876188578 -0.019893413833744732 -0.037640604056861676 -0.0042810530662248988 0.024785141928064469 -0.017470401579772733 -0.038203270090186751 0.023886395282069619 -0.051980243447732694
leaf_weight=2.68662155419588 630.38353256508708 19.994931861758232 790.76289423927665 26.965367361903191 3.6319637894630423 171.71289513632655 60.82089414075017 1.0577172329649354 23.825684716925025 167.47644366882741 2.1246795197948813 33.232796810567379 25.356925284489989
leaf_count=39 3427 95 4258 131 20 893 360 21 422 3555 41 180 603
internal_value=-0.000422581 0.00149041 0.00681412 0.0045581 -0.00384489 -0.00152396 -0.0322636 -0.0147078 -0.0169484 -0.0121062 0.046841 0.0407498 -0.0502961
internal_weight=1960.03 1737.51 870.956 817.728 866.549 802.096 64.4529 222.528 217.717 191.302 4.8113 53.2277 26.4146
internal_count=14045 9364 4664 4389 4700 4320 380 4681 4601 3977 80 275 624
cat_boundaries=0 1 2 3
cat_threshold=24 1 1
is_linear=0
shrinkage=0.05


Tree=78
num_leaves=8
num_cat=1
split_feature=0 31 36 33 43 23 26
split_gain=20.7817 16.7194 15.0266 35.9475 25.2829 3.18576 1.0958
threshold=0 50.20000000000001 94.500000000000014 34.650000000000013 5.3500000000000005 94.500000000000014 27.250000000000004
decision_type=1 2 2 2 2 2 2
left_child=-1 2 3 -2 -4 -3 -7
right_child=1 5 4 -5 -6 6 -8
leaf_value=-0.036590813045959812 -0.038187186346894136 -0.0070978434294685705 0.015349600151567345 -0.00042816494523375452 -0.00059265856784824784 -0.065273211510990803 -0.02766484683021278
leaf_weight=28.655478676781058 79.160818902775645 4.8274785540998009 311.74122563004494 295.11122506484389 1214.0736626684666 10.050295341759918 5.1539223510771981
leaf_count=2338 567 35 1748 1815 7422 66 43
internal_value=-0.000764958 -2.09566e-05 0.000469431 -0.00849491 0.00267245 -0.0443568 -0.0550187
internal_weight=1948.77 1920.12 1900.09 374.272 1525.81 20.0317 15.2042
internal_count=14034 11696 11552 2382 9170 144 109
cat_boundaries=0 1
cat_threshold=16
is_linear=0
shrinkage=0.05


Tree=79
num_leaves=8
num_cat=3
split_feature=0 31 0 39 19 39 1
split_gain=20.5441 17.3594 14.3159 21.2494 16.5354 2.51829 0.795111
threshold=0 50.20000000000001 1 25.350000000000005 29.084027500000001 27.250000000000004 2
decision_type=1 2 1 2 2 2 1
left_child=-1 2 3 -2 -4 -3 -7
right_child=1 5 4 -5 -6 6 -8
leaf_value=-0.036201311337002703 0.0029909243211036344 -0.065518070476216175 -0.0010562620021099037 0.028958029412567473 -0.022276055898154977 -0.038704436345184508 -0.010904968187740307
leaf_weight=27.629691138397902 931.46160555630922 8.1799057088792342 781.56370777077973 85.10262656211853 103.04376294836402 5.5357471760362369 6.0629104189574718
leaf_count=2338 4246 54 6016 363 913 46 45
internal_value=-9.84165e-05 0.000624537 0.00112398 0.00514059 -0.00351078 -0.0448266 -0.0261919
internal_weight=1948.58 1920.95 1901.17 1016.56 884.607 19.7786 11.5987
internal_count=14021 11683 11538 4609 6929 145 91
cat_boundaries=0 1 2 3
cat_threshold=16 6 1
is_linear=0
shrinkage=0.05


Tree=80
num_leaves=9
num_cat=1
split_feature=0 33 36 4 34 34 44 34
split_gain=20.3859 14.4462 43.3563 35.8012 35.6999 28.6235 15.4406 0.833965
threshold=0 34.550000000000004 94.500000000000014 0.45273815774107123 24.450000000000003 22.450000000000003 30.800000000000004 22.850000000000005
decision_type=1 2 2 2 2 2 2 2
left_child=-1 2 6 7 -4 -5 -2 -3
right_child=1 3 4 5 -6 -7 -8 -9
leaf_value=-0.0359017501537316 0.007454234832540269 -0.063479330944565288 0.0041468981433753519 0.046562960128010131 -0.018362024123299195 0.0068950080433279812 -0.048669015468701171 -0.024918855051601709
leaf_weight=26.885052970610559 14.930328410118817 15.116872377693655 1134.6167277432978 49.851367592811584 207.49902110174298 436.24343590810895 61.690737921744585 3.5375919416546813
leaf_count=2360 95 129 6613 283 1547 2597 459 18
internal_value=0.000427782 0.00113462 -0.001445 0.00839631 0.000655806 0.0110504 -0.0377777 -0.0578067
internal_weight=1950.37 1923.49 1418.74 504.749 1342.12 486.095 76.6211 18.6545
internal_count=14101 11741 8714 3027 8160 2880 554 147
cat_boundaries=0 1
cat_threshold=16
is_linear=0
shrinkage=0.05


Tree=81
num_leaves=15
num_cat=1
split_feature=0 5 30 5 44 33 34 43 40 43 36 13 4 7
split_gain=21.1912 18.4612 29.2911 27.4294 44.5526 19.3359 15.3426 15.1906 16.99 42.4292 24.651 13.1904 2.75946 0.510454
threshold=0 -0.70289845916694649 9.3500000000000032 -0.30164489695395941 34.750000000000007 36.850000000000001 24.550000000000004 35.600000000000001 1.7500000000000002 8.7500000000000018 95.500000000000014 5.2770835000000007 -0.85227431625818906 26.435416500000006
decision_type=1 2 2 2 2 2 2 2 2 2 2 2 2 2
left_child=1 2 11 4 -3 -5 -4 8 10 -10 -2 -1 -9 -14
right_child=7 3 6 5 -6 -7 -8 12 9 -11 -12 -13 13 -15
leaf_value=0.064710801117559641 -0.037170098836321788 -0.054456447866693763 0.032055720263106838 0.0023305339236546116 0.0007233093095437809 0.036883997078142917 0.0039777000054290476 0.0057375751468262595 0.01701754846341345 -0.0097247489239770338 0.00098867821644814976 -0.019184352957158854 -0.0092413427251144403 -0.051217597054376833
leaf_weight=4.0662951022386542 90.384807981550694 54.884615167975426 155.76836860179901 534.47308925539255 105.82745178043842 42.823164090514183 70.999643303453922 2.2984532080590752 208.48565736506134 507.07055272022262 78.741748348809779 66.099410489201546 1.2589257033541823 21.253024070523679
leaf_count=18 1177 246 677 2511 459 187 312 30 1921 5157 630 292 19 347
internal_value=-0.000814708 0.0040639 0.0146083 -0.000137612 -0.0183413 0.00495302 0.0233207 -0.00633961 -0.00529972 -0.00192019 -0.0195028 -0.0134814 -0.044234 -0.0493631
internal_weight=1944.44 1034.94 296.934 738.008 160.712 577.296 226.768 909.493 884.683 715.556 169.127 70.1657 24.8104 22.5119
internal_count=13983 4702 1299 3403 705 2698 989 9281 8885 7078 1807 310 396 366
cat_boundaries=0 1
cat_threshold=6
is_linear=0
shrinkage=0.05


Tree=82
num_leaves=15
num_cat=1
split_feature=0 34 5 5 34 37 5 34 34 2 35 33 22 5
split_gain=23.697 19.6047 34.6938 20.4303 19.3624 16.8767 15.6782 13.6078 14.7371 14.5617 5.72828 3.01762 1.09263 1.03035
threshold=0 20.350000000000005 0.98899263613956456 0.95936279103287792 22.350000000000005 67.500000000000014 0.99748108949426029 23.850000000000005 22.950000000000003 2.5000000000000004 79.860119000000012 30.350000000000005 89.611111000000008 0.99803555425430601
decision_type=1 2 2 2 2 2 2 2 2 2 2 2 2 2
left_child=1 2 10 4 -3 7 -5 8 -2 -9 -1 -7 -13 -4
right_child=5 3 13 6 -6 11 -8 9 -10 -11 -12 12 -14 -15
leaf_value=-0.053596020443373887 -0.012676244810693186 0.023376904991331496 0.067257380857647805 -0.033580346106594411 0.0030021970099485228 0.012902903537857025 0.01635461725935498 0.057833031540218252 0.0081651143478248308 -0.021568572640546155 -0.00079065957558220037 -0.052290609462042573 -0.0079704337580236151 0.027183685088591859
leaf_weight=37.500804342329502 163.95687100104988 129.15711130946875 5.2527286335825902 59.698364533483982 1124.7189009785652 1.6676159631460929 20.524576023221016 5.0331884920597068 173.63569249585271 173.22879943810403 5.9612005054950705 26.419631911907349 1.8814589479006816 5.2165010049939156
leaf_count=232 1857 631 27 292 5661 15 101 54 1773 2865 28 429 22 26
internal_value=-0.00115761 0.00232775 -0.026933 0.00354734 0.00511788 -0.00987099 -0.0207607 -0.00788242 -0.00196435 -0.0190166 -0.046534 -0.0459282 -0.0497168 0.051401
internal_weight=1933.85 1388.03 53.9312 1334.1 1253.88 545.823 80.2229 515.855 337.593 178.262 43.462 29.9687 28.3011 10.4692
internal_count=14013 6998 313 6685 6292 7015 393 6549 3630 2919 260 466 451 53
cat_boundaries=0 1
cat_threshold=7
is_linear=0
shrinkage=0.05


Tree=83
num_leaves=8
num_cat=1
split_feature=0 34 34 39 37 43 40
split_gain=18.3048 13.9626 33.2227 32.0759 23.2068 20.7309 20.5512
threshold=0 24.450000000000003 25.150000000000002 19.750000000000004 25.500000000000004 21.350000000000005 32.850000000000009
decision_type=1 2 2 2 2 2 2
left_child=-1 4 3 -3 -2 -6 -4
right_child=1 2 6 -5 5 -7 -8
leaf_value=-0.035252645186204475 -0.06028236703636633 -0.048204544397688745 -0.0026177340613771885 -0.0074591020456754231 0.0071053469566242054 -0.0056553006424588199 0.035822181070001742
leaf_weight=25.331313683185726 13.48636534437537 69.958785554394126 111.67388537712395 152.75069735571742 1067.8282198309898 452.39053900539875 49.41204022243619
leaf_count=2348 125 556 730 1059 6216 2729 332
internal_value=-9.26885e-05 0.000570705 -0.00794308 -0.0204166 0.0027087 0.00330678 0.00932172
internal_weight=1942.83 1917.5 383.795 222.709 1533.71 1520.22 161.086
internal_count=14095 11747 2677 1615 9070 8945 1062
cat_boundaries=0 1
cat_threshold=16
is_linear=0
shrinkage=0.05


Tree=84
num_leaves=12
num_cat=0
split_feature=31 39 5 39 39 4 19 4 24 40 9
split_gain=13.4248 15.8004 24.819 24.1391 29.6155 28.8169 14.9547 11.3215 4.69522 1.12281 0.38527
threshold=50.20000000000001 26.050000000000004 0.29958852271690523 22.950000000000003 20.150000000000002 0.97314989601849466 27.275694500000004 0.88220160189607266 70.500000000000014 33.900000000000006 25.150000000000002
decision_type=2 2 2 2 2 2 2 2 2 2 2
left_child=1 3 6 4 -1 -5 -3 -4 9 -2 -10
right_child=8 2 7 5 -6 -7 -8 -9 10 -11 -12
leaf_value=-0.0040120034123213811 -0.01384094406412157 0.0036106117069415414 0.011887456592325091 -0.0074845756543396791 0.010627585530012862 -0.050777991067781997 0.045350974334429389 -0.052968929154254954 0.010081545812964984 -0.060923199542998754 -0.012762668807435266
leaf_weight=891.04781358642504 2.1757035804912475 34.325221413746476 11.415382894687356 298.74846035521477 562.84140247339383 43.210076440125704 57.083365203812718 14.385491115041075 2.9618395129218689 11.888817163184283 2.4578699944540858
leaf_count=6418 22 274 77 2325 3915 329 429 123 23 110 22
internal_value=-0.000421026 1.00844e-05 0.017717 -0.00115481 0.0016588 -0.0130873 0.0298856 -0.0249009 -0.0406836 -0.0550421 -0.000652706
internal_weight=1932.54 1913.06 117.209 1795.85 1453.89 341.959 91.4086 25.8009 19.4842 14.0645 5.41971
internal_count=14067 13890 903 12987 10333 2654 703 200 177 132 45
is_linear=0
shrinkage=0.05


Tree=85
num_leaves=15
num_cat=3
split_feature=0 34 5 44 39 37 19 1 33 14 35 33 4 1
split_gain=17.1018 18.091 29.6047 17.4562 20.1938 16.2709 15.1388 29.588 21.8136 4.05759 3.44526 1.98247 1.74384 0.987081
threshold=0 20.250000000000004 0.99138911339924218 25.000000000000004 14.850000000000003 67.500000000000014 26.699305500000005 1 34.550000000000004 10.950000000000001 79.386904500000014 30.350000000000005 -0.37447345805034538 2
decision_type=1 2 2 2 2 2 2 1 2 2 2 2 2 1
left_child=1 2 12 10 -5 6 7 -2 -8 -7 -3 -11 -1 -4
right_child=5 3 13 4 -6 9 8 -9 -10 11 -12 -13 -14 -15
leaf_value=-0.022899209072074891 -0.01496586154088092 0.085784694399920702 0.021594370625275805 -0.026920107335226786 0.004127455930678395 0.027227225178022792 -0.021678278004873874 0.02895097646169353 0.0033337725404520356 0.0087674022430381093 0.025021142538861174 -0.050733704372244837 -0.060418239450160643 0.06144267418649213
leaf_weight=5.4535161107778576 75.159412953536958 6.2230666130781156 4.5418676882982236 53.614120990037918 1280.0596964396536 1.2912801988422895 214.74455429799855 76.367373828310519 145.8721443596296 1.1888114223256732 5.1248293966054916 26.6538818590343 24.275733053684235 4.3940099999308586
leaf_count=27 790 28 22 289 6406 11 3169 806 1804 9 24 433 161 24
internal_value=-0.00054118 0.00241372 -0.0308533 0.00341018 0.0028601 -0.00798271 -0.00601637 0.00721231 -0.0115795 -0.0438511 0.0625919 -0.0479773 -0.0545049 0.0454007
internal_weight=1924.96 1383.69 38.6651 1345.02 1333.67 541.277 512.143 151.527 360.617 29.134 11.3479 27.8427 29.7292 8.93588
internal_count=14003 6981 234 6747 6695 7022 6569 1596 4973 453 52 442 188 46
cat_boundaries=0 1 2 3
cat_threshold=7 1 1
is_linear=0
shrinkage=0.05


Tree=86
num_leaves=15
num_cat=1
split_feature=0 5 30 33 5 25 19 33 36 5 34 11 44 33
split_gain=18.374 19.3868 32.0399 28.4385 34.6778 16.0344 15.1754 29.87 26.9984 15.731 12.7211 12.7165 8.72422 9.05858
threshold=0 -0.71502926860092908 9.2500000000000018 36.20000000000001 -0.30982845708428081 6.6923610000000009 29.168750000000003 34.750000000000007 94.500000000000014 -0.30164489695395941 24.550000000000004 75.500000000000014 39.050000000000004 38.800000000000004
decision_type=1 2 2 2 2 2 2 2 2 2 2 2 2 2
left_child=1 2 5 4 -3 -1 7 8 -2 -9 -4 -5 -8 -14
right_child=6 3 10 11 -6 -7 12 9 -10 -11 -12 -13 13 -15
leaf_value=0.026948738164483378 -0.04919606344926214 -0.028071280631057099 0.032224514597865905 -0.026094610230539984 0.001696282179486685 -0.027773439992908811 -0.01148102112967157 0.069295835620458796 -0.0049021866871069757 0.012659028304150175 0.0063409973016750089 0.027112926976100502 -0.05227764428577289 0.015101915099079889
leaf_weight=16.969395905733109 35.363309469539672 121.52973798662424 157.3482453674078 11.677346274256704 485.00747590884566 52.525921702384949 57.718525111675262 12.781737278215585 646.39320033090189 119.50975443376228 68.616381384432316 111.93052041530609 32.270690952427685 5.4111310550943008
leaf_count=75 523 537 688 50 2310 234 642 115 6543 1114 302 492 413 74
internal_value=-7.28132e-05 0.00449322 0.0153201 0.000158526 -0.00430453 -0.0142186 -0.0052134 -0.00304524 -0.00726844 0.01861 0.0244273 0.0219173 -0.0240315 -0.0424616
internal_weight=1935.05 1025.61 295.46 730.145 606.537 69.4953 909.448 814.048 681.757 132.291 225.965 123.608 95.4003 37.6818
internal_count=14112 4688 1299 3389 2847 309 9424 8295 7066 1229 990 542 1129 487
cat_boundaries=0 1
cat_threshold=6
is_linear=0
shrinkage=0.05


Tree=87
num_leaves=9
num_cat=2
split_feature=0 0 2 4 42 31 40 34
split_gain=16.7984 13.6188 16.1394 17.5091 15.1431 14.259 26.5303 18.0896
threshold=0 1 9.5000000000000018 -0.70291267844185523 4.5000000000000009 31.850000000000005 1.6500000000000001 20.700000000000006
decision_type=1 1 2 2 2 2 2 2
left_child=-1 2 3 -2 -4 7 -7 -3
right_child=1 5 4 -5 -6 6 -8 -9
leaf_value=-0.034674237778111787 -0.022939053285481237 0.015793955762618418 -0.010329643340189569 0.0076671918239674466 0.041492503518382545 -0.016553870029504449 0.0054996943401454008 -0.01252094784416808
leaf_weight=24.046611106954515 52.846741572022438 63.739439398050308 18.245279170572758 353.30421053618193 56.233814880251884 165.57727282121778 751.20021375827491 443.37634587194771
leaf_count=2340 245 356 99 1617 381 1243 4979 2828
internal_value=-0.000373172 0.000258495 0.00743914 0.00363827 0.0288289 -0.00220375 0.00150295 -0.00893797
internal_weight=1928.57 1904.52 480.63 406.151 74.4791 1423.89 916.777 507.116
internal_count=14088 11748 2342 1862 480 9406 6222 3184
cat_boundaries=0 1 2
cat_threshold=16 2
is_linear=0
shrinkage=0.05


Tree=88
num_leaves=9
num_cat=1
split_feature=0 6 43 39 37 39 39 4
split_gain=16.4123 15.6861 20.0907 15.2638 14.8576 23.3224 22.2942 8.02002
threshold=0 27.000000000000004 13.65 19.050000000000004 32.500000000000007 24.950000000000003 15.850000000000003 -0.62588817255938378
decision_type=1 2 2 2 2 2 2 2
left_child=-1 4 7 -4 5 -2 -6 -3
right_child=1 2 3 -5 6 -7 -8 -9
leaf_value=-0.034360440390106294 -0.017790549123572134 0.00095912791563451726 -0.020381212154280182 0.0057824248002093029 -0.012055132334270009 0.012215520156477871 0.006933895642875082 -0.065040937348200989
leaf_weight=23.392495464067906 196.30572867766023 5.7841574400663402 101.28649589978158 121.77915992029011 176.85397813841701 95.552130796015263 1182.9164761351421 21.001197457313538
leaf_count=2354 1306 37 663 766 1089 614 7125 148
internal_value=-0.000128055 0.000488959 -0.0111589 -0.00613553 0.00225965 -0.00795861 0.00445711 -0.051267
internal_weight=1924.87 1901.48 249.851 223.066 1651.63 291.858 1359.77 26.7854
internal_count=14102 11748 1614 1429 10134 1920 8214 185
cat_boundaries=0 1
cat_threshold=16
is_linear=0
shrinkage=0.05


Tree=89
num_leaves=9
num_cat=2
split_feature=0 40 7 36 33 1 26 7
split_gain=15.7959 12.0241 14.0166 30.3865 17.2474 8.0083 8.37543 1.72728
threshold=0 128.60000000000002 26.368750000000002 95.500000000000014 34.550000000000004 1 16.250000000000004 25.775000000000002
decision_type=1 2 2 2 2 1 2 2
left_child=-1 2 3 -2 -4 7 -7 -3
right_child=1 5 4 -5 -6 6 -8 -9
leaf_value=-0.033879410572981834 -0.058430699308770442 -0.01171832472494698 -0.0041678862637642266 0.01471810573575319 0.0070739019918701507 -0.049247328881586373 0.017526171077953491 -0.059783090132722184
leaf_weight=22.422624240163714 13.953254025429485 2.7973795905709293 1062.0394130200148 289.22148234583437 501.457883592695 6.0851773181930211 12.977738546207545 13.310267308726905
leaf_count=2336 137 17 6738 1603 3003 47 82 109
internal_value=0.000200072 0.000793338 0.00135007 0.0111705 -0.000560109 -0.0277563 -0.00518119 -0.0526087
internal_weight=1924.27 1901.84 1866.67 303.175 1563.5 35.1706 19.0629 16.1076
internal_count=14072 11736 11481 1740 9741 255 129 126
cat_boundaries=0 1 2
cat_threshold=16 1
is_linear=0
shrinkage=0.05


Tree=90
num_leaves=7
num_cat=2
split_feature=0 31 40 33 1 4
split_gain=14.8886 14.1175 12.9135 12.0427 3.04492 0.825752
threshold=0 52.000000000000007 132.00000000000003 31.950000000000003 1 -0.42180583328916638
decision_type=1 2 2 2 1 2
left_child=-1 2 3 -2 -4 -3
right_child=1 5 4 -5 -6 -7
leaf_value=-0.03354045821821084 0.0078361140483945973 -0.062546638420099346 -0.050098994151609358 -0.001173281237620909 -0.015655433572296821 -0.019141586071268563
leaf_weight=21.775208219420165 509.78665817528963 8.0155463572591525 12.580139187164605 1353.7618844974786 14.732517266646028 2.5601838119328013
leaf_count=2342 2919 60 104 8511 103 26
internal_value=-0.000127283 0.000446747 0.000785689 0.00129418 -0.0327292 -0.0546004
internal_weight=1923.21 1901.44 1890.86 1863.55 27.3127 10.5757
internal_count=14065 11723 11637 11430 207 86
cat_boundaries=0 1 2
cat_threshold=16 1
is_linear=0
shrinkage=0.05


Tree=91
num_leaves=6
num_cat=2
split_feature=0 31 41 33 1
split_gain=14.3463 14.4148 13.5462 16.165 8.23007
threshold=0 52.000000000000007 127.05000000000001 31.950000000000003 1
decision_type=1 2 2 2 1
left_child=-1 2 3 -2 -4
right_child=1 -3 4 -5 -6
leaf_value=-0.033159374935053658 0.0091694866189456856 -0.056874614641785164 -0.050922431231305514 -0.0013335472358703404 -0.0060199737006066956
leaf_weight=21.075055728200823 502.42132911458611 9.8612228259444219 18.592905661091208 1344.6571856550872 21.938269015401602
leaf_count=2349 2866 87 151 8475 150
internal_value=2.34164e-06 0.000559654 0.00089262 0.00152678 -0.0273483
internal_weight=1918.55 1897.47 1887.61 1847.08 40.5312
internal_count=14078 11729 11642 11341 301
cat_boundaries=0 1 2
cat_threshold=16 1
is_linear=0
shrinkage=0.05


Tree=92
num_leaves=8
num_cat=1
split_feature=0 34 37 4 13 44 5
split_gain=13.7436 13.6642 24.4431 20.9171 20.6534 29.7312 14.2753
threshold=0 23.850000000000005 25.500000000000004 0.89017062131308955 6.4020835000000007 34.400000000000013 -0.57077231802681661
decision_type=1 2 2 2 2 2 2
left_child=-1 2 -2 -4 6 -6 -3
right_child=1 4 3 -5 5 -7 -8
leaf_value=-0.032868739052365252 -0.0600637695207204 0.024921240147596935 0.0022474116517887913 0.02317984854355443 -0.035825640062574125 -0.0041601692936430942 -0.00847920277557823
leaf_weight=20.561458051670343 13.695513173937796 88.48174530826509 956.82524135895073 135.40163920074701 83.984634978696704 583.37165250908583 49.157773923128843
leaf_count=2359 132 592 5518 771 640 3822 311
internal_value=-0.000143169 0.000395809 0.00400365 0.0048612 -0.00455463 -0.00819281 0.0130172
internal_weight=1931.48 1910.92 1105.92 1092.23 804.996 667.356 137.64
internal_count=14145 11786 6421 6289 5365 4462 903
cat_boundaries=0 1
cat_threshold=16
is_linear=0
shrinkage=0.05


Tree=93
num_leaves=15
num_cat=5
split_feature=0 43 43 1 43 4 21 39 5 5 1 3 1 9
split_gain=16.1018 12.8468 13.781 25.2674 13.13 12.1045 11.0752 10.9823 25.7868 21.1557 5.83907 0.767795 2.16267 0.728256
threshold=0 29.550000000000004 31.200000000000006 1 27.950000000000006 -0.97113884758256674 27.050000000000004 17.150000000000002 0.91511078773075505 0.91511078773075505 2 3 4 24.150000000000002
decision_type=1 2 2 1 2 2 2 2 2 2 1 1 1 2
left_child=1 4 10 -4 5 -1 7 8 -2 -9 -3 12 -8 -6
right_child=6 2 3 -5 13 -7 11 9 -10 -11 -12 -13 -14 -15
leaf_value=0.051546450792362336 -0.022564046300984006 -0.018752218710510631 -0.035034903156290841 0.034249524669532808 0.030901173599917599 0.0075304687588075266 -0.053108870239468697 0.0014995460871869452 0.0096306066738623027 -0.024564573132320938 -0.088029017733437728 -0.065041973378792139 -0.0028291971049786272 0.072562719247153365
leaf_weight=15.321557156741617 180.00041527952999 6.3183213770389539 25.81446036696434 24.841214537620544 3.8886191919445974 387.92120037227869 3.9702985696494579 1068.0758523643017 94.055497203487903 82.969360921066254 6.4207488745450974 4.7844725642353279 3.9626155258156359 7.3966372460126877
leaf_count=93 1516 28 125 121 24 1888 33 8731 622 722 29 45 34 33
internal_value=-0.000311408 0.00753811 -0.0131201 -0.00105299 0.0109028 0.00932627 -0.00295582 -0.00254414 -0.0115201 -0.000398893 -0.0575349 -0.0476943 -0.0311217 0.061891
internal_weight=1915.74 477.923 63.3947 50.6557 414.528 403.243 1437.82 1425.1 274.056 1151.05 12.7391 12.7174 7.93291 11.2853
internal_count=14044 2341 303 246 2038 1981 11703 11591 2138 9453 57 112 67 57
cat_boundaries=0 1 2 3 4 5
cat_threshold=2 1 1 2 1
is_linear=0
shrinkage=0.05


Tree=94
num_leaves=9
num_cat=2
split_feature=0 39 44 39 5 38 4 0
split_gain=12.2274 11.5415 35.5007 26.3027 42.404 30.1269 20.7208 13.906
threshold=0 22.950000000000003 40.500000000000007 19.550000000000004 0.80798785254895478 8.1711310000000008 0.85673801594079257 1
decision_type=1 2 2 2 2 2 2 1
left_child=-1 3 6 5 -5 -2 -3 -4
right_child=1 2 7 4 -6 -7 -8 -9
leaf_value=-0.032312872313105701 -0.00061750478961638405 -0.01632583208368019 -0.022274833403140189 0.014476150818157205 -0.021596267786319057 -0.0299939584900034 -0.073658061389957355 0.0023075934219052409
leaf_weight=19.612797446548939 663.93234439287335 37.206730868667364 57.60579764097929 554.87747997604311 94.549674114212394 99.49314826913178 27.344747941941023 349.07919288985431
leaf_count=2339 4053 265 533 3247 582 661 172 2159
internal_value=-0.000965698 -0.000448622 -0.00721851 0.00180971 0.00919926 -0.00448021 -0.0413656 -0.00171031
internal_weight=1903.7 1884.09 471.236 1412.85 649.427 763.425 64.5515 406.685
internal_count=14011 11672 3129 8543 3829 4714 437 2692
cat_boundaries=0 1 2
cat_threshold=16 32
is_linear=0
shrinkage=0.05


Tree=95
num_leaves=15
num_cat=0
split_feature=34 34 43 40 44 31 37 20 39 25 39 43 19 2
split_gain=12.9429 20.9597 26.1429 22.6243 27.4268 27.2616 20.8057 18.2931 16.5533 24.3372 18.1616 15.794 7.79965 1.0904
threshold=23.850000000000005 22.950000000000003 3.8500000000000001 103.95000000000002 38.70000000000001 41.95000000000001 25.500000000000004 33.050000000000004 15.450000000000001 7.1833330000000002 18.750000000000004 15.050000000000002 26.788194500000007 6.5000000000000009
decision_type=2 2 2 2 2 2 2 2 2 2 2 2 2 2
left_child=1 2 6 5 -5 -3 -1 -4 12 11 -11 -10 -2 -14
right_child=8 3 7 4 -6 -7 -8 -9 9 10 -12 -13 13 -15
leaf_value=-0.05886046681109669 0.0063611387979199754 0.016676473312533757 -0.013288612071220807 -0.035917205943169467 0.030564694475594019 -0.029745746942635043 0.0073679026291708421 -0.066875173530583476 0.03592745727530771 -0.035667219361983978 -0.0054098238850859943 0.0028719032318897104 -0.060080029264781676 -0.030565091948771453
leaf_weight=11.328920887317507 7.0594509509392074 475.37259750440717 184.15506130782887 50.827192873228341 21.259796042460948 32.972993111237884 313.63256850233302 16.559900502674282 52.146082382649183 53.601474482100457 548.57056074868888 113.5228801863268 17.076899494510144 8.2496795565821248
leaf_count=131 56 3179 1267 386 131 234 2233 112 404 490 4293 902 180 78
internal_value=-0.000151788 0.0033513 -0.00387767 0.00989373 -0.0161605 0.0136129 0.00488553 -0.0180194 -0.00499206 -0.00348871 -0.00815781 0.0134296 -0.0394629 -0.0519922
internal_weight=1906.34 1106.11 525.676 580.433 72.087 508.346 324.961 200.715 800.227 767.841 602.172 165.669 32.386 25.3266
internal_count=14076 7673 3743 3930 517 3413 2364 1379 6403 6089 4783 1306 314 258
is_linear=0
shrinkage=0.05


Tree=96
num_leaves=15
num_cat=2
split_feature=0 34 5 37 33 39 4 39 31 4 14 4 33 1
split_gain=13.8531 17.0844 28.4106 15.9252 15.8141 14.9074 30.0137 16.5555 14.663 4.33437 3.4237 1.91193 1.28286 0.56962
threshold=0 20.250000000000004 0.99138911339924218 67.500000000000014 30.850000000000005 26.050000000000004 0.9550229469509578 23.550000000000004 29.350000000000005 -0.30983472475487861 10.950000000000001 -0.37447345805034538 30.350000000000005 1
decision_type=1 2 2 2 2 2 2 2 2 2 2 2 2 1
left_child=1 2 11 4 9 7 -7 -3 -6 -2 -5 -1 -12 -4
right_child=3 5 13 10 8 6 -8 -9 -10 -11 12 -13 -14 -15
leaf_value=-0.022172497868228048 0.060926852008040794 0.0043821085837119867 0.023596258164512857 0.020335568510406046 -0.022404917215606154 0.0017329197759904148 0.058461932072305538 -0.011404856536204135 -0.0018052244436206261 -0.0071888186729831263 -0.0011856121552967893 -0.061807154666874781 -0.050024689839884284 0.05751014569652875
leaf_weight=5.2363697290420559 10.336636983789502 1046.7238532714546 4.8467630818486196 1.4609990362077976 111.05521388119087 66.216948360204697 35.040746338665485 196.36758589744568 378.01225639367476 2.6941785151138893 1.4702381268143678 22.474708173424006 24.853773806709796 4.0960326865315437
leaf_count=26 83 5292 24 12 1343 346 178 995 5110 25 12 160 439 24
internal_value=-0.00019416 0.00244657 -0.0307577 -0.00698275 -0.00503011 0.00339227 0.021744 0.00188112 -0.00651908 0.047335 -0.0432937 -0.0553508 -0.0474402 0.0433515
internal_weight=1910.89 1381 36.6539 529.883 502.098 1344.35 101.258 1243.09 489.067 13.0308 27.785 27.7111 26.324 8.9428
internal_count=14069 7045 234 7024 6561 6811 524 6287 6453 108 463 186 451 48
cat_boundaries=0 1 2
cat_threshold=7 1
is_linear=0
shrinkage=0.05


Tree=97
num_leaves=14
num_cat=3
split_feature=0 34 5 4 34 39 39 21 21 0 14 25 1
split_gain=13.9129 12.2433 11.8055 23.8809 19.3039 17.0256 14.6776 13.9169 13.4861 10.7963 10.8113 3.5152 0.870517
threshold=0 26.400000000000002 -0.17646730165275518 -0.71504373327588355 23.650000000000002 18.550000000000004 20.250000000000004 23.950000000000003 22.650000000000002 1 14.750000000000002 8.7194445000000034 2
decision_type=1 2 2 2 2 2 2 2 2 1 2 2 1
left_child=2 9 3 7 -5 8 -7 -1 -4 -2 -11 -3 -13
right_child=1 11 5 4 -6 6 -8 -9 -10 10 -12 12 -14
leaf_value=-0.0065601301503391378 -0.03177034969451753 0.0068849332864799554 0.0035712236928835796 0.060491390878492861 0.0022227498483404027 -0.022396938917314244 0.014076073323233226 -0.065442582863724313 0.0503211056150372 -0.006969474896232503 0.0021288381253423499 -0.059501270997241396 -0.030285811551273065
leaf_weight=20.902202039957047 18.736602472141385 3.2610993953421739 22.681955188512802 14.389378920197485 187.35598946362734 33.994974546134472 129.93724633008242 18.753633320331573 48.322282701730728 522.01818523462862 868.16705292835832 9.1710003092884982 9.016028776299212
leaf_count=97 2314 26 136 76 838 167 643 83 313 3335 5883 82 83
internal_value=-4.18154e-05 -0.00251065 0.00726193 -0.000358154 0.00665659 0.0153678 0.00642265 -0.035331 0.0356441 -0.00194308 -0.00128095 -0.0391656 -0.0473513
internal_weight=1906.71 1430.37 476.338 241.401 201.745 234.936 163.932 39.6558 71.0042 1408.92 1390.19 21.4481 18.187
internal_count=14076 11723 2353 1094 914 1259 810 180 449 11532 9218 191 165
cat_boundaries=0 1 2 3
cat_threshold=2 16 1
is_linear=0
shrinkage=0.05


Tree=98
num_leaves=8
num_cat=1
split_feature=0 7 36 37 5 22 17
split_gain=12.1007 12.1072 24.5158 16.6616 25.6523 20.846 13.5656
threshold=0 26.285416500000004 95.500000000000014 59.500000000000007 -0.94703994556331683 85.152778000000026 34.750000000000007
decision_type=1 2 2 2 2 2 2
left_child=-1 2 -2 5 -5 -3 -4
right_child=1 3 6 4 -6 -7 -8
leaf_value=-0.031616689840869037 -0.056740989874191496 0.00073707520575570849 0.0075436570685038541 0.013709592659036327 -0.013101390512612899 0.027827462964786255 0.034988747319061368
leaf_weight=18.507622118107975 12.106620220467446 957.53620844520628 215.75274019874632 109.84730073809624 458.45195833034813 75.705802012234926 56.204121530056
leaf_count=2363 129 5981 1209 703 2981 455 313
internal_value=0.000158125 0.000650731 0.0101484 -0.00103507 -0.00790408 0.00274698 0.013323
internal_weight=1904.11 1885.6 284.063 1601.54 568.299 1033.24 271.957
internal_count=14134 11771 1651 10120 3684 6436 1522
cat_boundaries=0 1
cat_threshold=16
is_linear=0
shrinkage=0.05


Tree=99
num_leaves=13
num_cat=3
split_feature=0 1 4 33 5 33 38 32 33 1 4 40
split_gain=12.7618 17.9748 20.1943 21.2606 17.6694 70.8817 25.948 11.0096 10.7968 9.72583 55.7704 27.4964
threshold=0 1 -0.97509794945709782 31.550000000000004 0.79773375822167203 32.550000000000004 8.2255955000000025 26.401488000000004 38.800000000000004 2 -0.85227431625818906 62.050000000000004
decision_type=1 1 2 2 2 2 2 2 2 1 2 2
left_child=8 4 7 -4 6 -6 -2 -3 9 11 -11 -1
right_child=1 2 3 -5 5 -7 -8 -9 -10 10 -12 -13
leaf_value=0.014843367589321976 0.010144807699979622 0.064381723464557075 -0.016194059230096165 0.0074962646232134989 0.01425209134925041 -0.051115145358627538 -0.0094291778687909476 0.017447842954481815 0.076004512348502862 0.048775883433415497 -0.04329487053017364 -0.039427444387316761
leaf_weight=70.343838184606284 312.00119211710989 19.872630797326565 108.7653275988996 690.97059547156096 81.773776650428772 82.441036131232977 367.81300816684961 33.904109381139278 2.4299158365465692 19.749588997103274 80.024221966508776 33.692411850206554
leaf_count=1489 1714 96 570 3835 399 479 2107 188 36 336 1996 832
internal_value=-0.000298836 0.00115584 0.00627547 0.00425814 -0.00400894 -0.0186751 -0.000443978 0.0356505 -0.0117106 -0.0136942 -0.0247669 -0.00294042
internal_weight=1903.78 1697.54 853.513 799.736 844.029 164.215 679.814 53.7767 206.24 203.81 99.7738 104.036
internal_count=14077 9388 4689 4405 4699 878 3821 284 4689 4653 2332 2321
cat_boundaries=0 1 2 3
cat_threshold=24 1 1
is_linear=0
shrinkage=0.05


Tree=100
num_leaves=15
num_cat=2
split_feature=0 1 40 5 4 4 38 32 31 34 34 34 37 14
split_gain=12.6681 17.1119 21.7879 20.119 16.2397 22.4263 12.161 10.5964 10.378 11.2212 8.36266 13.9215 5.23736 1.05975
threshold=0 1 111.2 0.79773375822167203 -0.97113884758256674 -0.42180583328916638 11.772321500000002 26.401488000000004 31.500000000000004 18.250000000000004 21.850000000000005 23.650000000000002 64.500000000000014 11.750000000000002
decision_type=1 1 2 2 2 2 2 2 2 2 2 2 2 2
left_child=8 2 3 -2 7 -6 -4 -3 9 -1 13 -12 -11 -10
right_child=1 4 6 -5 5 -7 -8 -9 10 12 11 -13 -14 -15
leaf_value=0.062516832504265318 0.002017509567286236 0.059303508729410294 -0.043332139857415637 -0.017666097105993997 -0.0095255400423524539 0.0091866485035739468 0.024519729069989074 0.014297565230195909 0.0067519717754081863 -0.039210319019439638 0.016495870326816243 -0.016580412348139638 0.0010811458735481879 -0.048815766874311502
leaf_weight=2.3119637146592131 626.30684350430965 20.632882133126259 47.785172076895833 162.7118953242898 220.80262037739158 575.37164813652635 6.9773244708776465 35.364889986813068 0.68484916770830651 53.414107928983867 59.189554193522781 66.479106724727899 9.406921661924569 10.119490093551574
leaf_count=27 3508 100 292 875 1194 3200 39 195 17 1303 989 1893 180 310
internal_value=-0.000596568 0.000843639 -0.00419625 -0.00205888 0.00584287 0.00399177 -0.0344024 0.0316299 -0.0121007 -0.0289612 -0.0047819 -0.000994345 -0.0332546 -0.0450199
internal_weight=1897.56 1695.95 843.781 789.019 852.172 796.174 54.7625 55.9978 201.606 65.133 136.473 125.669 62.821 10.8043
internal_count=14122 9403 4714 4383 4689 4394 331 295 4719 1510 3209 2882 1483 327
cat_boundaries=0 1 2
cat_threshold=24 1
is_linear=0
shrinkage=0.05


end of trees

feature_importances:
age_group=210
temperature_min_7d=140
day_of_year_cos=78
temperature_max_7d=70
day_of_year_sin=64
wind_speed_max_7d=63
humidity_max_7d=57
gender=51
rain_max_daily_7d=45
precipitation_sum_7d=42
humidity_min_7d=39
temperature_mean_7d=36
wind_speed_mean_7d=27
month=23
weather_code_current=23
wind_gust_max_7d=22
wind_gust_max_3d=14
temperature_min_3d=13
temperature_max_current=12
temperature_mean_3d=12
temperature_mean_current=10
wind_speed_max_3d=9
temperature_max_3d=8
wind_speed_mean_3d=8
humidity_mean_7d=7
rain_days_7d=7
wind_speed_max_current=6
humidity_mean_3d=5
temperature_min_current=4
wind_speed_mean_current=4
humidity_max_3d=4
rain_sum_7d=4
rain_max_daily_3d=3
humidity_max_current=2
humidity_min_current=2
wind_gust_max_current=2
humidity_min_3d=2
season=1
precipitation_sum_current=1

parameters:
[boosting: gbdt]
[objective: binary]
[metric: binary_logloss]
[tree_learner: serial]
[device_type: cpu]
[data_sample_strategy: bagging]
[data: ]
[valid: ]
[num_iterations: 101]
[learning_rate: 0.05]
[num_leaves: 15]
[num_threads: 8]
[seed: 42]
[deterministic: 0]
[force_col_wise: 0]
[force_row_wise: 0]
[histogram_pool_size: -1]
[max_depth: 4]
[min_data_in_leaf: 20]
[min_sum_hessian_in_leaf: 0.001]
[bagging_fraction: 0.9]
[pos_bagging_fraction: 1]
[neg_bagging_fraction: 1]
[bagging_freq: 1]
[bagging_seed: 400]
[bagging_by_query: 0]
[feature_fraction: 0.9]
[feature_fraction_bynode: 1]
[feature_fraction_seed: 30056]
[extra_trees: 0]
[extra_seed: 12879]
[early_stopping_round: 0]
[early_stopping_min_delta: 0]
[first_metric_only: 0]
[max_delta_step: 0]
[lambda_l1: 0]
[lambda_l2: 1]
[linear_lambda: 0]
[min_gain_to_split: 0]
[drop_rate: 0.1]
[max_drop: 50]
[skip_drop: 0.5]
[xgboost_dart_mode: 0]
[uniform_drop: 0]
[drop_seed: 17869]
[top_rate: 0.2]
[other_rate: 0.1]
[min_data_per_group: 100]
[max_cat_threshold: 32]
[cat_l2: 10]
[cat_smooth: 10]
[max_cat_to_onehot: 4]
[top_k: 20]
[monotone_constraints: ]
[monotone_constraints_method: basic]
[monotone_penalty: 0]
[feature_contri: ]
[forcedsplits_filename: ]
[refit_decay_rate: 0.9]
[cegb_tradeoff: 1]
[cegb_penalty_split: 0]
[cegb_penalty_feature_lazy: ]
[cegb_penalty_feature_coupled: ]
[path_smooth: 0]
[interaction_constraints: ]
[verbosity: -1]
[saved_feature_importance_type: 0]
[use_quantized_grad: 0]
[num_grad_quant_bins: 4]
[quant_train_renew_leaf: 0]
[stochastic_rounding: 1]
[linear_tree: 0]
[max_bin: 255]
[max_bin_by_feature: ]
[min_data_in_bin: 3]
[bin_construct_sample_cnt: 200000]
[data_random_seed: 175]
[is_enable_sparse: 1]
[enable_bundle: 1]
[use_missing: 1]
[zero_as_missing: 0]
[feature_pre_filter: 1]
[pre_partition: 0]
[two_round: 0]
[header: 0]
[label_column: ]
[weight_column: ]
[group_column: ]
[ignore_column: ]
[categorical_feature: 0,1,3]
[forcedbins_filename: ]
[precise_float_parser: 0]
[parser_config_file: ]
[objective_seed: 16083]
[num_class: 1]
[is_unbalance: 0]
[scale_pos_weight: 1]
[sigmoid: 1]
[boost_from_average: 1]
[reg_sqrt: 0]
[alpha: 0.9]
[fair_c: 1]
[poisson_max_delta_step: 0.7]
[tweedie_variance_power: 1.5]
[lambdarank_truncation_level: 30]
[lambdarank_norm: 1]
[label_gain: ]
[lambdarank_position_bias_regularization: 0]
[eval_at: ]
[multi_error_top_k: 1]
[auc_mu_weights: ]
[num_machines: 1]
[local_listen_port: 12400]
[time_out: 120]
[machine_list_filename: ]
[machines: ]
[gpu_platform_id: -1]
[gpu_device_id: -1]
[gpu_device_id_list: ]
[gpu_use_dp: 0]
[num_gpu: 1]

end of parameters

pandas_categorical:[]
